predicate,workload,metric,source,variant,itopk,search_width,max_iterations,recall,qps,latency_seconds,filter_violations,invalid_sentinel_errors,underfilled_queries
em,correctness,arxiv-em-correctness_10000,correctness,default_cagra,64,1,0,0.9436,25829.328736166935,0.038718937,0.0,0.0,0.044
em,correctness,arxiv-em-correctness_10000,correctness,default_accumulator,64,1,0,0.9641,25641.02695848589,0.039003729,0.0,0.0,0.004
em,correctness,arxiv-em-correctness_10000,correctness,automatic_legacy,64,1,0,0.956,26257.783960383287,0.038087767,0.0,0.0,0.019
em,correctness,arxiv-em-correctness_10000,correctness,automatic_accumulator,64,1,0,0.9623,26132.304247322063,0.038270504,0.0,0.0,0.004
em,correctness,arxiv-em-correctness_10000,correctness,default_cagra,512,2,0,0.9967,3315.8309957733,0.301589124,0.0,0.0,0.004
em,correctness,arxiv-em-correctness_10000,correctness,default_accumulator,512,2,0,0.998,3305.8716558124484,0.302498349,0.0,0.0,0.001
em,correctness,arxiv-em-correctness_10000,correctness,automatic_legacy,512,2,0,0.9976,3361.704630120215,0.297473878,0.0,0.0,0.003
em,correctness,arxiv-em-correctness_10000,correctness,automatic_accumulator,512,2,0,0.998,3370.131541157021,0.296730087,0.0,0.0,0.001
em,correctness,arxiv-em-correctness_10000,correctness,default_cagra,512,2,7569,0.9983,668.8259775774179,1.495163485,0.0,0.0,0.0
em,correctness,arxiv-em-correctness_10000,correctness,default_accumulator,512,2,7569,0.9999,665.662350808533,1.502268666,0.0,0.0,0.0
em,correctness,arxiv-em-correctness_10000,correctness,automatic_legacy,512,2,7569,0.9987,1253.8136214613312,0.797573069,0.0,0.0,0.0
em,correctness,arxiv-em-correctness_10000,correctness,automatic_accumulator,512,2,7569,0.9991,1221.2975489335747,0.818808611,0.0,0.0,0.0
em,throughput,arxiv-em-throughput_10000,throughput,default_cagra,64,1,0,0.94269,28807.387164118292,0.347138917,0.0,0.0,0.0497
em,throughput,arxiv-em-throughput_10000,throughput,default_accumulator,64,1,0,0.96508,28603.251895603924,0.349616394,0.0,0.0,0.0067
em,throughput,arxiv-em-throughput_10000,throughput,automatic_legacy,64,1,0,0.95537,28718.150917010225,0.348217671,0.0,0.0,0.0342
em,throughput,arxiv-em-throughput_10000,throughput,automatic_accumulator,64,1,0,0.96474,28562.20689559722,0.350119589,0.0,0.0,0.006
em,throughput,arxiv-em-throughput_10000,throughput,default_cagra,64,1,522,0.9693,5930.195874308839,1.686295364,0.0,0.0,0.0116
em,throughput,arxiv-em-throughput_10000,throughput,default_accumulator,64,1,522,0.99566,5905.053027948991,1.693471626,0.0,0.0,0.0006
em,throughput,arxiv-em-throughput_10000,throughput,automatic_legacy,64,1,522,0.97167,11088.667598626489,0.901845535,0.0,0.0,0.0032
em,throughput,arxiv-em-throughput_10000,throughput,automatic_accumulator,64,1,522,0.98209,10993.293855588508,0.909651651,0.0,0.0,0.0006
em,throughput,arxiv-em-throughput_10000,throughput,default_cagra,64,1,1044,0.96988,4890.240278323563,2.044896064,0.0,0.0,0.0034
em,throughput,arxiv-em-throughput_10000,throughput,default_accumulator,64,1,1044,0.99642,4865.91552283207,2.055118734,0.0,0.0,0.0006
em,throughput,arxiv-em-throughput_10000,throughput,automatic_legacy,64,1,1044,0.97242,8087.153473801748,1.23653636,0.0,0.0,0.0016
em,throughput,arxiv-em-throughput_10000,throughput,automatic_accumulator,64,1,1044,0.98293,8013.550535669438,1.247893954,0.0,0.0,0.0004
em,throughput,arxiv-em-throughput_10000,throughput,default_cagra,64,1,2088,0.97001,3831.1283831381434,2.610204123,0.0,0.0,0.0025
em,throughput,arxiv-em-throughput_10000,throughput,default_accumulator,64,1,2088,0.99672,3797.0873388205064,2.63360463,0.0,0.0,0.0002
em,throughput,arxiv-em-throughput_10000,throughput,automatic_legacy,64,1,2088,0.97271,5588.527173536871,1.789387142,0.0,0.0,0.001
em,throughput,arxiv-em-throughput_10000,throughput,automatic_accumulator,64,1,2088,0.98329,5468.072477599358,1.82880492,0.0,0.0,0.0001
em,throughput,arxiv-em-throughput_10000,throughput,default_cagra,64,1,4176,0.97004,2793.840647161521,3.579307944,0.0,0.0,0.001
em,throughput,arxiv-em-throughput_10000,throughput,default_accumulator,64,1,4176,0.99681,2769.2546404569716,3.611086447,0.0,0.0,0.0001
em,throughput,arxiv-em-throughput_10000,throughput,automatic_legacy,64,1,4176,0.9728,3774.2386721709363,2.649547982,0.0,0.0,0.0009
em,throughput,arxiv-em-throughput_10000,throughput,automatic_accumulator,64,1,4176,0.98338,3698.5240139628104,2.70379241,0.0,0.0,0.0001
em,throughput,arxiv-em-throughput_10000,throughput,default_cagra,64,1,7569,0.97007,2115.529573505532,4.726955142,0.0,0.0,0.0006
em,throughput,arxiv-em-throughput_10000,throughput,default_accumulator,64,1,7569,0.99684,2075.7493607608185,4.817543697,0.0,0.0,0.0001
em,throughput,arxiv-em-throughput_10000,throughput,automatic_legacy,64,1,7569,0.97283,2618.0645148817084,3.819622056,0.0,0.0,0.0006
em,throughput,arxiv-em-throughput_10000,throughput,automatic_accumulator,64,1,7569,0.98341,2556.91161143555,3.910975147,0.0,0.0,0.0001
em,throughput,arxiv-em-throughput_10000,throughput,default_cagra,64,2,0,0.94479,27701.883006291184,0.360992796,0.0,0.0,0.0463
em,throughput,arxiv-em-throughput_10000,throughput,default_accumulator,64,2,0,0.9674,27597.712592293814,0.362355128,0.0,0.0,0.0055
em,throughput,arxiv-em-throughput_10000,throughput,automatic_legacy,64,2,0,0.95643,28463.8499374723,0.351329688,0.0,0.0,0.0332
em,throughput,arxiv-em-throughput_10000,throughput,automatic_accumulator,64,2,0,0.96655,28274.457740379577,0.353682426,0.0,0.0,0.0051
em,throughput,arxiv-em-throughput_10000,throughput,default_cagra,64,2,522,0.96984,4956.456751730649,2.017576118,0.0,0.0,0.0035
em,throughput,arxiv-em-throughput_10000,throughput,default_accumulator,64,2,522,0.99646,4930.736137440333,2.02810047,0.0,0.0,0.0006
em,throughput,arxiv-em-throughput_10000,throughput,automatic_legacy,64,2,522,0.97175,8321.057914523915,1.201778205,0.0,0.0,0.0019
em,throughput,arxiv-em-throughput_10000,throughput,automatic_accumulator,64,2,522,0.98341,8243.955385010293,1.213016541,0.0,0.0,0.0006
em,throughput,arxiv-em-throughput_10000,throughput,default_cagra,64,2,1044,0.97004,3985.706688252962,2.508971732,0.0,0.0,0.0023
em,throughput,arxiv-em-throughput_10000,throughput,default_accumulator,64,2,1044,0.99679,3970.360731457723,2.51866891,0.0,0.0,0.0002
em,throughput,arxiv-em-throughput_10000,throughput,automatic_legacy,64,2,1044,0.97195,5970.281344854511,1.674969665,0.0,0.0,0.0008
em,throughput,arxiv-em-throughput_10000,throughput,automatic_accumulator,64,2,1044,0.9837,5873.390147848487,1.702600699,0.0,0.0,0.0003
em,throughput,arxiv-em-throughput_10000,throughput,default_cagra,64,2,2088,0.97008,3051.764088695346,3.27679943,0.0,0.0,0.001
em,throughput,arxiv-em-throughput_10000,throughput,default_accumulator,64,2,2088,0.99687,3030.25390804008,3.300059293,0.0,0.0,0.0001
em,throughput,arxiv-em-throughput_10000,throughput,automatic_legacy,64,2,2088,0.97202,4239.262273815753,2.358907539,0.0,0.0,0.0008
em,throughput,arxiv-em-throughput_10000,throughput,automatic_accumulator,64,2,2088,0.98379,4157.971487241054,2.405026655,0.0,0.0,0.0001
em,throughput,arxiv-em-throughput_10000,throughput,default_cagra,64,2,4176,0.97013,2229.042590277323,4.486236704,0.0,0.0,0.0007
em,throughput,arxiv-em-throughput_10000,throughput,default_accumulator,64,2,4176,0.99692,2207.600775030455,4.529810475,0.0,0.0,0.0001
em,throughput,arxiv-em-throughput_10000,throughput,automatic_legacy,64,2,4176,0.97205,2783.446557411238,3.592689551,0.0,0.0,0.0005
em,throughput,arxiv-em-throughput_10000,throughput,automatic_accumulator,64,2,4176,0.98382,2720.153014345452,3.676270534,0.0,0.0,0.0001
em,throughput,arxiv-em-throughput_10000,throughput,default_cagra,64,2,7569,0.97013,1890.76155983275,5.28888064,0.0,0.0,0.0006
em,throughput,arxiv-em-throughput_10000,throughput,default_accumulator,64,2,7569,0.99692,1860.8790651047636,5.373811231,0.0,0.0,0.0001
em,throughput,arxiv-em-throughput_10000,throughput,automatic_legacy,64,2,7569,0.97205,2303.374899698834,4.341462533,0.0,0.0,0.0005
em,throughput,arxiv-em-throughput_10000,throughput,automatic_accumulator,64,2,7569,0.98382,2251.6749111425465,4.441144777,0.0,0.0,0.0001
em,throughput,arxiv-em-throughput_10000,throughput,default_cagra,64,4,0,0.94876,25966.950890192602,0.385111452,0.0,0.0,0.0372
em,throughput,arxiv-em-throughput_10000,throughput,default_accumulator,64,4,0,0.97079,25789.944052083425,0.387753623,0.0,0.0,0.0051
em,throughput,arxiv-em-throughput_10000,throughput,automatic_legacy,64,4,0,0.95828,28216.65651798833,0.354407116,0.0,0.0,0.0262
em,throughput,arxiv-em-throughput_10000,throughput,automatic_accumulator,64,4,0,0.96865,28158.600162086488,0.355137651,0.0,0.0,0.0047
em,throughput,arxiv-em-throughput_10000,throughput,default_cagra,64,4,522,0.97081,4083.9377292038735,2.448623009,0.0,0.0,0.0025
em,throughput,arxiv-em-throughput_10000,throughput,default_accumulator,64,4,522,0.99708,4074.5465675501964,2.454274576,0.0,0.0,0.0001
em,throughput,arxiv-em-throughput_10000,throughput,automatic_legacy,64,4,522,0.97174,6210.142555930467,1.610275796,0.0,0.0,0.0009
em,throughput,arxiv-em-throughput_10000,throughput,automatic_accumulator,64,4,522,0.98465,6136.327091027507,1.629646275,0.0,0.0,0.0002
em,throughput,arxiv-em-throughput_10000,throughput,default_cagra,64,4,1044,0.97088,3184.484504667098,3.140232266,0.0,0.0,0.0009
em,throughput,arxiv-em-throughput_10000,throughput,default_accumulator,64,4,1044,0.99718,3178.5085657015793,3.146136402,0.0,0.0,0.0001
em,throughput,arxiv-em-throughput_10000,throughput,automatic_legacy,64,4,1044,0.97183,4476.587280197175,2.233851807,0.0,0.0,0.0006
em,throughput,arxiv-em-throughput_10000,throughput,automatic_accumulator,64,4,1044,0.98475,4383.02047025266,2.28153856,0.0,0.0,0.0001
em,throughput,arxiv-em-throughput_10000,throughput,default_cagra,64,4,2088,0.97093,2380.8756475895925,4.200142377,0.0,0.0,0.0006
em,throughput,arxiv-em-throughput_10000,throughput,default_accumulator,64,4,2088,0.99723,2366.2162806163838,4.226162047,0.0,0.0,0.0001
em,throughput,arxiv-em-throughput_10000,throughput,automatic_legacy,64,4,2088,0.97183,3031.1252836547337,3.299110483,0.0,0.0,0.0005
em,throughput,arxiv-em-throughput_10000,throughput,automatic_accumulator,64,4,2088,0.98475,2965.531016175177,3.372089646,0.0,0.0,0.0001
em,throughput,arxiv-em-throughput_10000,throughput,default_cagra,128,1,0,0.97358,14605.691199110632,0.684671922,0.0,0.0,0.0303
em,throughput,arxiv-em-throughput_10000,throughput,default_accumulator,128,1,0,0.98552,14573.06404721841,0.686203763,0.0,0.0,0.0032
em,throughput,arxiv-em-throughput_10000,throughput,automatic_legacy,128,1,0,0.98032,14702.035889694807,0.680185037,0.0,0.0,0.0224
em,throughput,arxiv-em-throughput_10000,throughput,automatic_accumulator,128,1,0,0.98553,14676.284258698222,0.681378103,0.0,0.0,0.003
em,throughput,arxiv-em-throughput_10000,throughput,default_cagra,128,1,522,0.98436,3922.2715231003244,2.549549183,0.0,0.0,0.011
em,throughput,arxiv-em-throughput_10000,throughput,default_accumulator,128,1,522,0.99789,3911.922922395366,2.556293781,0.0,0.0,0.0007
em,throughput,arxiv-em-throughput_10000,throughput,automatic_legacy,128,1,522,0.98649,10282.944493037776,0.972490836,0.0,0.0,0.0056
em,throughput,arxiv-em-throughput_10000,throughput,automatic_accumulator,128,1,522,0.992,10161.348950624379,0.984129713,0.0,0.0,0.0006
em,throughput,arxiv-em-throughput_10000,throughput,default_cagra,128,1,1044,0.98506,3081.817087812363,3.244845041,0.0,0.0,0.0036
em,throughput,arxiv-em-throughput_10000,throughput,default_accumulator,128,1,1044,0.99883,3074.619917937992,3.252440771,0.0,0.0,0.0006
em,throughput,arxiv-em-throughput_10000,throughput,automatic_legacy,128,1,1044,0.98732,7598.546029813407,1.31604819,0.0,0.0,0.0038
em,throughput,arxiv-em-throughput_10000,throughput,automatic_accumulator,128,1,1044,0.99292,7532.303534022502,1.327621862,0.0,0.0,0.0005
em,throughput,arxiv-em-throughput_10000,throughput,default_cagra,128,1,2088,0.98522,2568.643188914122,3.89311181,0.0,0.0,0.0027
em,throughput,arxiv-em-throughput_10000,throughput,default_accumulator,128,1,2088,0.9992,2561.7345794258117,3.90361249,0.0,0.0,0.0001
em,throughput,arxiv-em-throughput_10000,throughput,automatic_legacy,128,1,2088,0.98759,5202.622328085552,1.922114987,0.0,0.0,0.0032
em,throughput,arxiv-em-throughput_10000,throughput,automatic_accumulator,128,1,2088,0.99323,5132.5947047875015,1.948338517,0.0,0.0,0.0003
em,throughput,arxiv-em-throughput_10000,throughput,default_cagra,128,1,4176,0.98528,2056.735413293799,4.862080223,0.0,0.0,0.0007
em,throughput,arxiv-em-throughput_10000,throughput,default_accumulator,128,1,4176,0.99928,2039.5296705080889,4.903097305,0.0,0.0,0.0001
em,throughput,arxiv-em-throughput_10000,throughput,automatic_legacy,128,1,4176,0.98772,3368.3804539207067,2.968792804,0.0,0.0,0.0029
em,throughput,arxiv-em-throughput_10000,throughput,automatic_accumulator,128,1,4176,0.99336,3299.592779838608,3.030683542,0.0,0.0,0.0001
em,throughput,arxiv-em-throughput_10000,throughput,default_cagra,128,1,7569,0.98529,1595.9919420263295,6.265701903,0.0,0.0,0.0006
em,throughput,arxiv-em-throughput_10000,throughput,default_accumulator,128,1,7569,0.99929,1576.7816791174155,6.342043288,0.0,0.0,0.0001
em,throughput,arxiv-em-throughput_10000,throughput,automatic_legacy,128,1,7569,0.98775,2362.3453994733113,4.233087859,0.0,0.0,0.0028
em,throughput,arxiv-em-throughput_10000,throughput,automatic_accumulator,128,1,7569,0.99339,2315.087031542029,4.319498507,0.0,0.0,0.0001
em,throughput,arxiv-em-throughput_10000,throughput,default_cagra,128,2,0,0.97408,14432.603718244442,0.692882115,0.0,0.0,0.0287
em,throughput,arxiv-em-throughput_10000,throughput,default_accumulator,128,2,0,0.98598,14433.295703570033,0.692848691,0.0,0.0,0.0032
em,throughput,arxiv-em-throughput_10000,throughput,automatic_legacy,128,2,0,0.98012,14851.857812220955,0.673323352,0.0,0.0,0.021
em,throughput,arxiv-em-throughput_10000,throughput,automatic_accumulator,128,2,0,0.98579,14825.085502277381,0.67453895,0.0,0.0,0.0029
em,throughput,arxiv-em-throughput_10000,throughput,default_cagra,128,2,522,0.98517,3114.2111822639936,3.211092053,0.0,0.0,0.0039
em,throughput,arxiv-em-throughput_10000,throughput,default_accumulator,128,2,522,0.99885,3106.822448845421,3.218728959,0.0,0.0,0.0006
em,throughput,arxiv-em-throughput_10000,throughput,automatic_legacy,128,2,522,0.98668,8183.189220875518,1.222024175,0.0,0.0,0.0036
em,throughput,arxiv-em-throughput_10000,throughput,automatic_accumulator,128,2,522,0.99304,8076.438332822842,1.238175717,0.0,0.0,0.0006
em,throughput,arxiv-em-throughput_10000,throughput,default_cagra,128,2,1044,0.98533,2636.8201450563683,3.792453721,0.0,0.0,0.0026
em,throughput,arxiv-em-throughput_10000,throughput,default_accumulator,128,2,1044,0.99922,2631.7111825381357,3.799823093,0.0,0.0,0.0001
em,throughput,arxiv-em-throughput_10000,throughput,automatic_legacy,128,2,1044,0.98689,5707.716045076874,1.752022283,0.0,0.0,0.0025
em,throughput,arxiv-em-throughput_10000,throughput,automatic_accumulator,128,2,1044,0.99336,5666.128552723455,1.764881194,0.0,0.0,0.0003
em,throughput,arxiv-em-throughput_10000,throughput,default_cagra,128,2,2088,0.98539,2162.363113723175,4.624576367,0.0,0.0,0.0009
em,throughput,arxiv-em-throughput_10000,throughput,default_accumulator,128,2,2088,0.99931,2157.738997363441,4.634486645,0.0,0.0,0.0001
em,throughput,arxiv-em-throughput_10000,throughput,automatic_legacy,128,2,2088,0.987,3840.589182507263,2.603774152,0.0,0.0,0.0024
em,throughput,arxiv-em-throughput_10000,throughput,automatic_accumulator,128,2,2088,0.99347,3777.6551494706273,2.647150991,0.0,0.0,0.0001
em,throughput,arxiv-em-throughput_10000,throughput,default_cagra,128,2,4176,0.98539,1665.387802605918,6.004614467,0.0,0.0,0.0006
em,throughput,arxiv-em-throughput_10000,throughput,default_accumulator,128,2,4176,0.99932,1652.5385221305307,6.051315078,0.0,0.0,0.0001
em,throughput,arxiv-em-throughput_10000,throughput,automatic_legacy,128,2,4176,0.98701,2581.2323680146856,3.874124999,0.0,0.0,0.0021
em,throughput,arxiv-em-throughput_10000,throughput,automatic_accumulator,128,2,4176,0.99348,2520.1160431898866,3.96807871,0.0,0.0,0.0001
em,throughput,arxiv-em-throughput_10000,throughput,default_cagra,128,2,7569,0.98539,1435.7854936088268,6.964835363,0.0,0.0,0.0006
em,throughput,arxiv-em-throughput_10000,throughput,default_accumulator,128,2,7569,0.99932,1420.5618430733998,7.039474932,0.0,0.0,0.0001
em,throughput,arxiv-em-throughput_10000,throughput,automatic_legacy,128,2,7569,0.98701,2033.2314185518649,4.918285732,0.0,0.0,0.0021
em,throughput,arxiv-em-throughput_10000,throughput,automatic_accumulator,128,2,7569,0.99348,1986.4282474574616,5.034167799,0.0,0.0,0.0001
em,throughput,arxiv-em-throughput_10000,throughput,default_cagra,128,4,0,0.97515,13971.342161764858,0.715757413,0.0,0.0,0.0252
em,throughput,arxiv-em-throughput_10000,throughput,default_accumulator,128,4,0,0.9872,13925.528152358936,0.7181115,0.0,0.0,0.0026
em,throughput,arxiv-em-throughput_10000,throughput,automatic_legacy,128,4,0,0.97993,14859.710491160511,0.672967886,0.0,0.0,0.0185
em,throughput,arxiv-em-throughput_10000,throughput,automatic_accumulator,128,4,0,0.98633,14814.400077375183,0.675025648,0.0,0.0,0.0025
em,throughput,arxiv-em-throughput_10000,throughput,default_cagra,128,4,522,0.98534,2666.6717717418287,3.749999676,0.0,0.0,0.0026
em,throughput,arxiv-em-throughput_10000,throughput,default_accumulator,128,4,522,0.99923,2659.7154832285864,3.759807189,0.0,0.0,0.0001
em,throughput,arxiv-em-throughput_10000,throughput,automatic_legacy,128,4,522,0.98619,6031.68897751295,1.657917641,0.0,0.0,0.0018
em,throughput,arxiv-em-throughput_10000,throughput,automatic_accumulator,128,4,522,0.99352,5941.1167824001795,1.683191486,0.0,0.0,0.0003
em,throughput,arxiv-em-throughput_10000,throughput,default_cagra,128,4,1044,0.98539,2217.6312937456887,4.509321808,0.0,0.0,0.0007
em,throughput,arxiv-em-throughput_10000,throughput,default_accumulator,128,4,1044,0.99933,2216.7564967606972,4.5111017,0.0,0.0,0.0001
em,throughput,arxiv-em-throughput_10000,throughput,automatic_legacy,128,4,1044,0.98623,4149.657860559452,2.409843922,0.0,0.0,0.0015
em,throughput,arxiv-em-throughput_10000,throughput,automatic_accumulator,128,4,1044,0.9936,4083.9803700198554,2.448598761,0.0,0.0,0.0001
em,throughput,arxiv-em-throughput_10000,throughput,default_cagra,128,4,2088,0.98542,1762.3055319247235,5.674391558,0.0,0.0,0.0006
em,throughput,arxiv-em-throughput_10000,throughput,default_accumulator,128,4,2088,0.99936,1754.5480580673561,5.699479594,0.0,0.0,0.0001
em,throughput,arxiv-em-throughput_10000,throughput,automatic_legacy,128,4,2088,0.98627,2852.1902715719343,3.506083637,0.0,0.0,0.0014
em,throughput,arxiv-em-throughput_10000,throughput,automatic_accumulator,128,4,2088,0.99364,2788.4589519765223,3.586216732,0.0,0.0,0.0001
em,throughput,arxiv-em-throughput_10000,throughput,default_cagra,256,1,0,0.98873,7390.393020164121,1.353114273,0.0,0.0,0.0138
em,throughput,arxiv-em-throughput_10000,throughput,default_accumulator,256,1,0,0.99431,7372.567520367904,1.356386054,0.0,0.0,0.002
em,throughput,arxiv-em-throughput_10000,throughput,automatic_legacy,256,1,0,0.98903,7406.735435423669,1.350129588,0.0,0.0,0.0202
em,throughput,arxiv-em-throughput_10000,throughput,automatic_accumulator,256,1,0,0.99439,7395.578557505623,1.35216598,0.0,0.0,0.0019
em,throughput,arxiv-em-throughput_10000,throughput,default_cagra,256,1,522,0.99217,3362.7928661324704,2.973725312,0.0,0.0,0.0094
em,throughput,arxiv-em-throughput_10000,throughput,default_accumulator,256,1,522,0.99811,3364.04644154219,2.972617163,0.0,0.0,0.001
em,throughput,arxiv-em-throughput_10000,throughput,automatic_legacy,256,1,522,0.99068,6749.575655202728,1.481582639,0.0,0.0,0.0156
em,throughput,arxiv-em-throughput_10000,throughput,automatic_accumulator,256,1,522,0.99613,6716.573322960508,1.48886109,0.0,0.0,0.0009
em,throughput,arxiv-em-throughput_10000,throughput,default_cagra,256,1,1044,0.99306,2062.371091080783,4.848793845,0.0,0.0,0.0036
em,throughput,arxiv-em-throughput_10000,throughput,default_accumulator,256,1,1044,0.99931,2060.2966983960755,4.853677614,0.0,0.0,0.0006
em,throughput,arxiv-em-throughput_10000,throughput,automatic_legacy,256,1,1044,0.99144,5523.520624216049,1.810445755,0.0,0.0,0.0132
em,throughput,arxiv-em-throughput_10000,throughput,automatic_accumulator,256,1,1044,0.99696,5459.386973943195,1.831714774,0.0,0.0,0.0006
em,throughput,arxiv-em-throughput_10000,throughput,default_cagra,256,1,2088,0.99329,1639.744100722335,6.09851925,0.0,0.0,0.0023
em,throughput,arxiv-em-throughput_10000,throughput,default_accumulator,256,1,2088,0.99969,1636.637514436388,6.110105111,0.0,0.0,0.0003
em,throughput,arxiv-em-throughput_10000,throughput,automatic_legacy,256,1,2088,0.99181,4097.868696517151,2.440299833,0.0,0.0,0.0123
em,throughput,arxiv-em-throughput_10000,throughput,automatic_accumulator,256,1,2088,0.99735,4052.000515526649,2.467923213,0.0,0.0,0.0002
em,throughput,arxiv-em-throughput_10000,throughput,default_cagra,256,1,4176,0.99332,1372.5696791766259,7.285611194,0.0,0.0,0.0007
em,throughput,arxiv-em-throughput_10000,throughput,default_accumulator,256,1,4176,0.99982,1369.0359983678318,7.304417284,0.0,0.0,0.0001
em,throughput,arxiv-em-throughput_10000,throughput,automatic_legacy,256,1,4176,0.9919,2796.022231374493,3.576516703,0.0,0.0,0.012
em,throughput,arxiv-em-throughput_10000,throughput,automatic_accumulator,256,1,4176,0.99744,2739.2261163795933,3.650671867,0.0,0.0,0.0001
em,throughput,arxiv-em-throughput_10000,throughput,default_cagra,256,1,7569,0.99334,1141.6017793501708,8.759629078,0.0,0.0,0.0006
em,throughput,arxiv-em-throughput_10000,throughput,default_accumulator,256,1,7569,0.99984,1134.256970580386,8.816351358,0.0,0.0,0.0001
em,throughput,arxiv-em-throughput_10000,throughput,automatic_legacy,256,1,7569,0.99193,1906.4844781266386,5.245264037,0.0,0.0,0.0119
em,throughput,arxiv-em-throughput_10000,throughput,automatic_accumulator,256,1,7569,0.99747,1877.9254148433931,5.325031406,0.0,0.0,0.0001
em,throughput,arxiv-em-throughput_10000,throughput,default_cagra,256,2,0,0.9888,7424.749664682041,1.346852586,0.0,0.0,0.0134
em,throughput,arxiv-em-throughput_10000,throughput,default_accumulator,256,2,0,0.99441,7404.67066305688,1.350504705,0.0,0.0,0.002
em,throughput,arxiv-em-throughput_10000,throughput,automatic_legacy,256,2,0,0.98888,7512.28772505445,1.331160031,0.0,0.0,0.0194
em,throughput,arxiv-em-throughput_10000,throughput,automatic_accumulator,256,2,0,0.99447,7505.986367541953,1.332276563,0.0,0.0,0.0019
em,throughput,arxiv-em-throughput_10000,throughput,default_cagra,256,2,522,0.99306,2078.734852234493,4.810624532,0.0,0.0,0.0036
em,throughput,arxiv-em-throughput_10000,throughput,default_accumulator,256,2,522,0.99932,2078.1754892397316,4.811919352,0.0,0.0,0.0006
em,throughput,arxiv-em-throughput_10000,throughput,automatic_legacy,256,2,522,0.99119,5864.111941435314,1.705294504,0.0,0.0,0.0127
em,throughput,arxiv-em-throughput_10000,throughput,automatic_accumulator,256,2,522,0.99704,5817.265954597425,1.719026704,0.0,0.0,0.0006
em,throughput,arxiv-em-throughput_10000,throughput,default_cagra,256,2,1044,0.99326,1666.5615310752537,6.00038465,0.0,0.0,0.0023
em,throughput,arxiv-em-throughput_10000,throughput,default_accumulator,256,2,1044,0.99968,1667.6331509641427,5.996529379,0.0,0.0,0.0003
em,throughput,arxiv-em-throughput_10000,throughput,automatic_legacy,256,2,1044,0.99143,4538.928614196453,2.203177184,0.0,0.0,0.0116
em,throughput,arxiv-em-throughput_10000,throughput,automatic_accumulator,256,2,1044,0.99732,4485.708048121525,2.229309141,0.0,0.0,0.0001
em,throughput,arxiv-em-throughput_10000,throughput,default_cagra,256,2,2088,0.99334,1427.3351294023425,7.0060698,0.0,0.0,0.0007
em,throughput,arxiv-em-throughput_10000,throughput,default_accumulator,256,2,2088,0.99983,1422.3575622862038,7.030587102,0.0,0.0,0.0001
em,throughput,arxiv-em-throughput_10000,throughput,automatic_legacy,256,2,2088,0.99158,3201.761995717235,3.123286582,0.0,0.0,0.0113
em,throughput,arxiv-em-throughput_10000,throughput,automatic_accumulator,256,2,2088,0.99748,3165.2133651724353,3.159351054,0.0,0.0,0.0001
em,throughput,arxiv-em-throughput_10000,throughput,default_cagra,256,2,4176,0.99337,1181.2505573887054,8.465622075,0.0,0.0,0.0006
em,throughput,arxiv-em-throughput_10000,throughput,default_accumulator,256,2,4176,0.99986,1175.822364835706,8.504692223,0.0,0.0,0.0001
em,throughput,arxiv-em-throughput_10000,throughput,automatic_legacy,256,2,4176,0.99161,2104.4528987797685,4.751835975,0.0,0.0,0.0111
em,throughput,arxiv-em-throughput_10000,throughput,automatic_accumulator,256,2,4176,0.99751,2071.26458636365,4.827975959,0.0,0.0,0.0001
em,throughput,arxiv-em-throughput_10000,throughput,default_cagra,256,2,7569,0.99338,1018.2053899837538,9.821207651,0.0,0.0,0.0006
em,throughput,arxiv-em-throughput_10000,throughput,default_accumulator,256,2,7569,0.99987,1012.0942328797619,9.880509182,0.0,0.0,0.0001
em,throughput,arxiv-em-throughput_10000,throughput,automatic_legacy,256,2,7569,0.99161,1634.7711008190226,6.117071457,0.0,0.0,0.011
em,throughput,arxiv-em-throughput_10000,throughput,automatic_accumulator,256,2,7569,0.99751,1601.4591039973875,6.244312703,0.0,0.0,0.0001
em,throughput,arxiv-em-throughput_10000,throughput,default_cagra,256,4,0,0.9892,7359.48483532595,1.35879666,0.0,0.0,0.0129
em,throughput,arxiv-em-throughput_10000,throughput,default_accumulator,256,4,0,0.99476,7365.969214547663,1.357601454,0.0,0.0,0.0019
em,throughput,arxiv-em-throughput_10000,throughput,automatic_legacy,256,4,0,0.98893,7622.85611409702,1.311850904,0.0,0.0,0.018
em,throughput,arxiv-em-throughput_10000,throughput,automatic_accumulator,256,4,0,0.99472,7604.754932706044,1.314973153,0.0,0.0,0.0017
em,throughput,arxiv-em-throughput_10000,throughput,default_cagra,256,4,522,0.99336,1679.3968635176889,5.95452591,0.0,0.0,0.0022
em,throughput,arxiv-em-throughput_10000,throughput,default_accumulator,256,4,522,0.99971,1679.1490583313644,5.95540487,0.0,0.0,0.0003
em,throughput,arxiv-em-throughput_10000,throughput,automatic_legacy,256,4,522,0.99125,4831.7844140869665,2.069635137,0.0,0.0,0.0103
em,throughput,arxiv-em-throughput_10000,throughput,automatic_accumulator,256,4,522,0.99749,4774.901737469934,2.094290767,0.0,0.0,0.0002
em,throughput,arxiv-em-throughput_10000,throughput,default_cagra,256,4,1044,0.9934,1452.2648256789093,6.885803286,0.0,0.0,0.0008
em,throughput,arxiv-em-throughput_10000,throughput,default_accumulator,256,4,1044,0.99983,1450.3484593810708,6.89490109,0.0,0.0,0.0001
em,throughput,arxiv-em-throughput_10000,throughput,automatic_legacy,256,4,1044,0.99128,3508.6548589478703,2.850109959,0.0,0.0,0.0101
em,throughput,arxiv-em-throughput_10000,throughput,automatic_accumulator,256,4,1044,0.99756,3466.576245600556,2.884697576,0.0,0.0,0.0001
em,throughput,arxiv-em-throughput_10000,throughput,default_cagra,256,4,2088,0.99344,1224.8749934549505,8.164105073,0.0,0.0,0.0006
em,throughput,arxiv-em-throughput_10000,throughput,default_accumulator,256,4,2088,0.99987,1223.10338012958,8.175929578,0.0,0.0,0.0001
em,throughput,arxiv-em-throughput_10000,throughput,automatic_legacy,256,4,2088,0.99132,2356.2153017366645,4.244101642,0.0,0.0,0.01
em,throughput,arxiv-em-throughput_10000,throughput,automatic_accumulator,256,4,2088,0.9976,2328.9124350154493,4.293855805,0.0,0.0,0.0001
em,throughput,arxiv-em-throughput_10000,throughput,default_cagra,512,1,0,0.99518,3782.570118351029,2.643712448,0.0,0.0,0.0065
em,throughput,arxiv-em-throughput_10000,throughput,default_accumulator,512,1,0,0.99774,3775.0411327587217,2.648984603,0.0,0.0,0.0011
em,throughput,arxiv-em-throughput_10000,throughput,automatic_legacy,512,1,0,0.99637,3801.9980953998465,2.63020294,0.0,0.0,0.0048
em,throughput,arxiv-em-throughput_10000,throughput,automatic_accumulator,512,1,0,0.99782,3793.647667192633,2.635992601,0.0,0.0,0.0012
em,throughput,arxiv-em-throughput_10000,throughput,default_cagra,512,1,522,0.99519,3741.3954037042786,2.672805726,0.0,0.0,0.0064
em,throughput,arxiv-em-throughput_10000,throughput,default_accumulator,512,1,522,0.99775,3736.040287786088,2.676636765,0.0,0.0,0.0011
em,throughput,arxiv-em-throughput_10000,throughput,automatic_legacy,512,1,522,0.99636,3800.8887232033335,2.630969915,0.0,0.0,0.0048
em,throughput,arxiv-em-throughput_10000,throughput,automatic_accumulator,512,1,522,0.99782,3786.6687449664646,2.640850374,0.0,0.0,0.0011
em,throughput,arxiv-em-throughput_10000,throughput,default_cagra,512,1,1044,0.9964,1745.8417074775848,5.727903157,0.0,0.0,0.0032
em,throughput,arxiv-em-throughput_10000,throughput,default_accumulator,512,1,1044,0.99918,1744.5662684421502,5.732090766,0.0,0.0,0.0006
em,throughput,arxiv-em-throughput_10000,throughput,automatic_legacy,512,1,1044,0.99729,3485.725446950127,2.868850265,0.0,0.0,0.0028
em,throughput,arxiv-em-throughput_10000,throughput,automatic_accumulator,512,1,1044,0.9988,3475.1441970685632,2.877588202,0.0,0.0,0.0006
em,throughput,arxiv-em-throughput_10000,throughput,default_cagra,512,1,2088,0.99678,1106.6208962454787,9.036524253,0.0,0.0,0.0023
em,throughput,arxiv-em-throughput_10000,throughput,default_accumulator,512,1,2088,0.99975,1105.0591631300883,9.049303348,0.0,0.0,0.0004
em,throughput,arxiv-em-throughput_10000,throughput,automatic_legacy,512,1,2088,0.99761,2859.91339415535,3.49661578,0.0,0.0,0.0011
em,throughput,arxiv-em-throughput_10000,throughput,automatic_accumulator,512,1,2088,0.99918,2835.842170859424,3.526296185,0.0,0.0,0.0003
em,throughput,arxiv-em-throughput_10000,throughput,default_cagra,512,1,4176,0.99688,889.2213267718221,11.24580042,0.0,0.0,0.0006
em,throughput,arxiv-em-throughput_10000,throughput,default_accumulator,512,1,4176,0.99994,887.5599527087488,11.266859702,0.0,0.0,0.0001
em,throughput,arxiv-em-throughput_10000,throughput,automatic_legacy,512,1,4176,0.99774,2150.5467883368233,4.649986727,0.0,0.0,0.0008
em,throughput,arxiv-em-throughput_10000,throughput,automatic_accumulator,512,1,4176,0.99933,2129.6022307016365,4.695719085,0.0,0.0,0.0001
em,throughput,arxiv-em-throughput_10000,throughput,default_cagra,512,1,7569,0.99691,769.3617921360102,12.997793018,0.0,0.0,0.0006
em,throughput,arxiv-em-throughput_10000,throughput,default_accumulator,512,1,7569,0.99997,766.6733992423506,13.043369928,0.0,0.0,0.0001
em,throughput,arxiv-em-throughput_10000,throughput,automatic_legacy,512,1,7569,0.99776,1569.4622635901435,6.37161547,0.0,0.0,0.0007
em,throughput,arxiv-em-throughput_10000,throughput,automatic_accumulator,512,1,7569,0.99935,1553.217087167589,6.438256566,0.0,0.0,0.0001
em,throughput,arxiv-em-throughput_10000,throughput,default_cagra,512,2,0,0.99516,3783.014576277307,2.643400932,0.0,0.0,0.0063
em,throughput,arxiv-em-throughput_10000,throughput,default_accumulator,512,2,0,0.99774,3783.8362189556647,2.642826908,0.0,0.0,0.0011
em,throughput,arxiv-em-throughput_10000,throughput,automatic_legacy,512,2,0,0.99634,3834.251741811845,2.608078143,0.0,0.0,0.0049
em,throughput,arxiv-em-throughput_10000,throughput,automatic_accumulator,512,2,0,0.99785,3829.3045145405767,2.61144742,0.0,0.0,0.0012
em,throughput,arxiv-em-throughput_10000,throughput,default_cagra,512,2,522,0.99639,1754.6436577291834,5.699169768,0.0,0.0,0.0032
em,throughput,arxiv-em-throughput_10000,throughput,default_accumulator,512,2,522,0.99918,1754.1111301651279,5.700899307,0.0,0.0,0.0006
em,throughput,arxiv-em-throughput_10000,throughput,automatic_legacy,512,2,522,0.99719,3586.0252914215857,2.788609803,0.0,0.0,0.0026
em,throughput,arxiv-em-throughput_10000,throughput,automatic_accumulator,512,2,522,0.99874,3565.552581509099,2.80462068,0.0,0.0,0.0006
em,throughput,arxiv-em-throughput_10000,throughput,default_cagra,512,2,1044,0.99676,1110.1392503111701,9.007889507,0.0,0.0,0.0022
em,throughput,arxiv-em-throughput_10000,throughput,default_accumulator,512,2,1044,0.99974,1110.2586410792421,9.006917281,0.0,0.0,0.0004
em,throughput,arxiv-em-throughput_10000,throughput,automatic_legacy,512,2,1044,0.99757,3046.7119784389165,3.282234341,0.0,0.0,0.0012
em,throughput,arxiv-em-throughput_10000,throughput,automatic_accumulator,512,2,1044,0.99916,3020.8308946460515,3.310353974,0.0,0.0,0.0003
em,throughput,arxiv-em-throughput_10000,throughput,default_cagra,512,2,2088,0.99687,902.0791710336061,11.085507557,0.0,0.0,0.0006
em,throughput,arxiv-em-throughput_10000,throughput,default_accumulator,512,2,2088,0.99994,900.3299557672616,11.107060539,0.0,0.0,0.0001
em,throughput,arxiv-em-throughput_10000,throughput,automatic_legacy,512,2,2088,0.99771,2387.2340810772507,4.188955807,0.0,0.0,0.001
em,throughput,arxiv-em-throughput_10000,throughput,automatic_accumulator,512,2,2088,0.99931,2362.3469291368383,4.233091343,0.0,0.0,0.0001
em,throughput,arxiv-em-throughput_10000,throughput,default_cagra,512,2,4176,0.9969,774.5262850984186,12.911123953,0.0,0.0,0.0006
em,throughput,arxiv-em-throughput_10000,throughput,default_accumulator,512,2,4176,0.99997,772.8195197352048,12.939638392,0.0,0.0,0.0001
em,throughput,arxiv-em-throughput_10000,throughput,automatic_legacy,512,2,4176,0.99775,1705.1240169811992,5.864682851,0.0,0.0,0.0007
em,throughput,arxiv-em-throughput_10000,throughput,automatic_accumulator,512,2,4176,0.99935,1685.230207103892,5.933913989,0.0,0.0,0.0001
em,throughput,arxiv-em-throughput_10000,throughput,default_cagra,512,2,7569,0.9969,691.7412171402082,14.456297956,0.0,0.0,0.0006
em,throughput,arxiv-em-throughput_10000,throughput,default_accumulator,512,2,7569,0.99997,690.3086735431407,14.486279293,0.0,0.0,0.0001
em,throughput,arxiv-em-throughput_10000,throughput,automatic_legacy,512,2,7569,0.99775,1296.4006947497555,7.713671077,0.0,0.0,0.0007
em,throughput,arxiv-em-throughput_10000,throughput,automatic_accumulator,512,2,7569,0.99935,1275.141571549877,7.8422734,0.0,0.0,0.0001
em,throughput,arxiv-em-throughput_10000,throughput,default_cagra,512,4,0,0.99522,3831.2889093668423,2.610093923,0.0,0.0,0.006
em,throughput,arxiv-em-throughput_10000,throughput,default_accumulator,512,4,0,0.99777,3825.085056981205,2.614349366,0.0,0.0,0.0011
em,throughput,arxiv-em-throughput_10000,throughput,automatic_legacy,512,4,0,0.99631,3923.3353792078274,2.548858029,0.0,0.0,0.0046
em,throughput,arxiv-em-throughput_10000,throughput,automatic_accumulator,512,4,0,0.99786,3921.276160217409,2.550196873,0.0,0.0,0.0011
em,throughput,arxiv-em-throughput_10000,throughput,default_cagra,512,4,522,0.99677,1128.229872461954,8.863455123,0.0,0.0,0.0023
em,throughput,arxiv-em-throughput_10000,throughput,default_accumulator,512,4,522,0.99973,1127.5639113125255,8.868699342,0.0,0.0,0.0004
em,throughput,arxiv-em-throughput_10000,throughput,automatic_legacy,512,4,522,0.99742,3202.0337555931014,3.123022277,0.0,0.0,0.0012
em,throughput,arxiv-em-throughput_10000,throughput,automatic_accumulator,512,4,522,0.99919,3181.3292520084883,3.143346484,0.0,0.0,0.0003
em,throughput,arxiv-em-throughput_10000,throughput,default_cagra,512,4,1044,0.99688,918.8398612465969,10.883295747,0.0,0.0,0.0006
em,throughput,arxiv-em-throughput_10000,throughput,default_accumulator,512,4,1044,0.99993,917.1423489428695,10.903444226,0.0,0.0,0.0001
em,throughput,arxiv-em-throughput_10000,throughput,automatic_legacy,512,4,1044,0.99754,2578.5873361415192,3.878099335,0.0,0.0,0.001
em,throughput,arxiv-em-throughput_10000,throughput,automatic_accumulator,512,4,1044,0.99934,2549.5730760174633,3.922232537,0.0,0.0,0.0001
em,throughput,arxiv-em-throughput_10000,throughput,default_cagra,512,4,2088,0.99691,798.1549583720644,12.52890148,0.0,0.0,0.0006
em,throughput,arxiv-em-throughput_10000,throughput,default_accumulator,512,4,2088,0.99996,798.1758986079285,12.528588744,0.0,0.0,0.0001
em,throughput,arxiv-em-throughput_10000,throughput,automatic_legacy,512,4,2088,0.99756,1893.9284339082888,5.280037033,0.0,0.0,0.0008
em,throughput,arxiv-em-throughput_10000,throughput,automatic_accumulator,512,4,2088,0.99936,1870.3798663299783,5.346515387,0.0,0.0,0.0001
emis,correctness,arxiv-emis-correctness_10000,correctness,default_cagra,64,1,0,0.3736,25898.760135318298,0.038615459,0.0,0.0,0.705
emis,correctness,arxiv-emis-correctness_10000,correctness,default_accumulator,64,1,0,0.5393,25441.249206123874,0.039309557,0.0,0.0,0.191
emis,correctness,arxiv-emis-correctness_10000,correctness,automatic_legacy,64,1,0,0.3664,25676.28510968594,0.038950899,0.0,0.0,0.728
emis,correctness,arxiv-emis-correctness_10000,correctness,automatic_accumulator,64,1,0,0.5453,25194.291448787684,0.039696372,0.0,0.0,0.184
emis,correctness,arxiv-emis-correctness_10000,correctness,default_cagra,512,2,0,0.6942,3313.2421531985506,0.301823902,0.0,0.0,0.362
emis,correctness,arxiv-emis-correctness_10000,correctness,default_accumulator,512,2,0,0.7809,3290.386593343151,0.303921883,0.0,0.0,0.028
emis,correctness,arxiv-emis-correctness_10000,correctness,automatic_legacy,512,2,0,0.6306,3343.898659772861,0.299058077,0.0,0.0,0.453
emis,correctness,arxiv-emis-correctness_10000,correctness,automatic_accumulator,512,2,0,0.7816,3328.924184373634,0.300403773,0.0,0.0,0.028
emis,correctness,arxiv-emis-correctness_10000,correctness,default_cagra,512,2,7569,0.8803,267.689045226692,3.735683667,0.0,0.0,0.001
emis,correctness,arxiv-emis-correctness_10000,correctness,default_accumulator,512,2,7569,0.9999,267.1345407047927,3.743438247,0.0,0.0,0.0
emis,correctness,arxiv-emis-correctness_10000,correctness,automatic_legacy,512,2,7569,0.6507,1195.876681302239,0.836212703,0.0,0.0,0.414
emis,correctness,arxiv-emis-correctness_10000,correctness,automatic_accumulator,512,2,7569,0.8087,1171.0802943855158,0.853918532,0.0,0.0,0.012
emis,throughput,arxiv-emis-throughput_10000,throughput,default_cagra,64,1,0,0.38886,28627.996920218466,0.349313794,0.0,0.0,0.6772
emis,throughput,arxiv-emis-throughput_10000,throughput,default_accumulator,64,1,0,0.54956,28335.567195627176,0.352918786,0.0,0.0,0.1865
emis,throughput,arxiv-emis-throughput_10000,throughput,automatic_legacy,64,1,0,0.38558,27904.41989478086,0.35837316,0.0,0.0,0.704
emis,throughput,arxiv-emis-throughput_10000,throughput,automatic_accumulator,64,1,0,0.55716,27557.938532956116,0.362878649,0.0,0.0,0.1785
emis,throughput,arxiv-emis-throughput_10000,throughput,default_cagra,64,1,522,0.53825,3308.067959872495,3.022918331,0.0,0.0,0.3996
emis,throughput,arxiv-emis-throughput_10000,throughput,default_accumulator,64,1,522,0.83499,3285.7868152359215,3.043417735,0.0,0.0,0.0511
emis,throughput,arxiv-emis-throughput_10000,throughput,automatic_legacy,64,1,522,0.53271,4004.87027627992,2.496966197,0.0,0.0,0.4965
emis,throughput,arxiv-emis-throughput_10000,throughput,automatic_accumulator,64,1,522,0.81225,3978.5132546053187,2.513508767,0.0,0.0,0.0448
emis,throughput,arxiv-emis-throughput_10000,throughput,default_cagra,64,1,1044,0.58866,1756.0387538264683,5.69464192,0.0,0.0,0.2761
emis,throughput,arxiv-emis-throughput_10000,throughput,default_accumulator,64,1,1044,0.91143,1747.5548502624324,5.722286863,0.0,0.0,0.0151
emis,throughput,arxiv-emis-throughput_10000,throughput,automatic_legacy,64,1,1044,0.59023,2075.196773418419,4.818827048,0.0,0.0,0.363
emis,throughput,arxiv-emis-throughput_10000,throughput,automatic_accumulator,64,1,1044,0.88612,2065.871277891183,4.840578639,0.0,0.0,0.0128
emis,throughput,arxiv-emis-throughput_10000,throughput,default_cagra,64,1,2088,0.63377,1052.3500012137804,9.502547887,0.0,0.0,0.1316
emis,throughput,arxiv-emis-throughput_10000,throughput,default_accumulator,64,1,2088,0.96461,1048.5111119452558,9.53733968,0.0,0.0,0.0022
emis,throughput,arxiv-emis-throughput_10000,throughput,automatic_legacy,64,1,2088,0.63967,1201.0107630189393,8.326325935,0.0,0.0,0.2096
emis,throughput,arxiv-emis-throughput_10000,throughput,automatic_accumulator,64,1,2088,0.93843,1195.3357758481495,8.365856258,0.0,0.0,0.0023
emis,throughput,arxiv-emis-throughput_10000,throughput,default_cagra,64,1,4176,0.65862,722.4162680960885,13.842441572,0.0,0.0,0.0119
emis,throughput,arxiv-emis-throughput_10000,throughput,default_accumulator,64,1,4176,0.99062,720.1364804560079,13.886263006,0.0,0.0,0.0007
emis,throughput,arxiv-emis-throughput_10000,throughput,automatic_legacy,64,1,4176,0.65911,835.2006073390272,11.973253968,0.0,0.0,0.1468
emis,throughput,arxiv-emis-throughput_10000,throughput,automatic_accumulator,64,1,4176,0.95826,833.7758777379141,11.993637833,0.0,0.0,0.0005
emis,throughput,arxiv-emis-throughput_10000,throughput,default_cagra,64,1,7569,0.66206,612.4343675294692,16.328287565,0.0,0.0,0.0019
emis,throughput,arxiv-emis-throughput_10000,throughput,default_accumulator,64,1,7569,0.99432,610.4268759275955,16.38198517,0.0,0.0,0.0001
emis,throughput,arxiv-emis-throughput_10000,throughput,automatic_legacy,64,1,7569,0.66107,740.1274619699972,13.511198794,0.0,0.0,0.1441
emis,throughput,arxiv-emis-throughput_10000,throughput,automatic_accumulator,64,1,7569,0.96036,737.0048553224342,13.568439002,0.0,0.0,0.0001
emis,throughput,arxiv-emis-throughput_10000,throughput,default_cagra,64,2,0,0.39359,27797.85756121268,0.359746499,0.0,0.0,0.6623
emis,throughput,arxiv-emis-throughput_10000,throughput,default_accumulator,64,2,0,0.5561,27543.411501521823,0.363069815,0.0,0.0,0.1636
emis,throughput,arxiv-emis-throughput_10000,throughput,automatic_legacy,64,2,0,0.38804,27382.50080680003,0.365203753,0.0,0.0,0.6877
emis,throughput,arxiv-emis-throughput_10000,throughput,automatic_accumulator,64,2,0,0.56296,26967.041685672368,0.370828956,0.0,0.0,0.1547
emis,throughput,arxiv-emis-throughput_10000,throughput,default_cagra,64,2,522,0.58809,1754.199503659171,5.700612121,0.0,0.0,0.271
emis,throughput,arxiv-emis-throughput_10000,throughput,default_accumulator,64,2,522,0.91007,1748.194177037864,5.720195101,0.0,0.0,0.0134
emis,throughput,arxiv-emis-throughput_10000,throughput,automatic_legacy,64,2,522,0.58078,2075.266169742986,4.818670487,0.0,0.0,0.3621
emis,throughput,arxiv-emis-throughput_10000,throughput,automatic_accumulator,64,2,522,0.88417,2064.1484223221546,4.844618443,0.0,0.0,0.0122
emis,throughput,arxiv-emis-throughput_10000,throughput,default_cagra,64,2,1044,0.63472,1049.9418199790337,9.524343765,0.0,0.0,0.1303
emis,throughput,arxiv-emis-throughput_10000,throughput,default_accumulator,64,2,1044,0.96498,1048.4257189684386,9.538116865,0.0,0.0,0.0022
emis,throughput,arxiv-emis-throughput_10000,throughput,automatic_legacy,64,2,1044,0.63076,1198.9009472158896,8.340980966,0.0,0.0,0.2077
emis,throughput,arxiv-emis-throughput_10000,throughput,automatic_accumulator,64,2,1044,0.9375,1196.1714896059132,8.360012729,0.0,0.0,0.0024
emis,throughput,arxiv-emis-throughput_10000,throughput,default_cagra,64,2,2088,0.65901,722.0979199256642,13.848543164,0.0,0.0,0.0143
emis,throughput,arxiv-emis-throughput_10000,throughput,default_accumulator,64,2,2088,0.99045,720.4783690888804,13.879672599,0.0,0.0,0.0006
emis,throughput,arxiv-emis-throughput_10000,throughput,automatic_legacy,64,2,2088,0.65189,830.2266710690204,12.044909627,0.0,0.0,0.1382
emis,throughput,arxiv-emis-throughput_10000,throughput,automatic_accumulator,64,2,2088,0.95911,828.1325812910512,12.075367319,0.0,0.0,0.0007
emis,throughput,arxiv-emis-throughput_10000,throughput,default_cagra,64,2,4176,0.66288,604.9956148629954,16.529051615,0.0,0.0,0.0018
emis,throughput,arxiv-emis-throughput_10000,throughput,default_accumulator,64,2,4176,0.99469,604.1730109151868,16.551555905,0.0,0.0,0.0001
emis,throughput,arxiv-emis-throughput_10000,throughput,automatic_legacy,64,2,4176,0.65397,725.2576022953233,13.788210128,0.0,0.0,0.1354
emis,throughput,arxiv-emis-throughput_10000,throughput,automatic_accumulator,64,2,4176,0.9614,721.8455656163943,13.853390525,0.0,0.0,0.0001
emis,throughput,arxiv-emis-throughput_10000,throughput,default_cagra,64,2,7569,0.66301,582.8156914483044,17.158090192,0.0,0.0,0.0017
emis,throughput,arxiv-emis-throughput_10000,throughput,default_accumulator,64,2,7569,0.9949,580.422990666373,17.228820907,0.0,0.0,0.0
emis,throughput,arxiv-emis-throughput_10000,throughput,automatic_legacy,64,2,7569,0.65408,690.4856828790558,14.482565907,0.0,0.0,0.1349
emis,throughput,arxiv-emis-throughput_10000,throughput,automatic_accumulator,64,2,7569,0.96151,685.3622484789735,14.590830547,0.0,0.0,0.0
emis,throughput,arxiv-emis-throughput_10000,throughput,default_cagra,64,4,0,0.40541,26305.5351604953,0.380154629,0.0,0.0,0.617
emis,throughput,arxiv-emis-throughput_10000,throughput,default_accumulator,64,4,0,0.56574,26018.035650794078,0.3843551,0.0,0.0,0.1077
emis,throughput,arxiv-emis-throughput_10000,throughput,automatic_legacy,64,4,0,0.39418,26304.22350677943,0.380173364,0.0,0.0,0.6511
emis,throughput,arxiv-emis-throughput_10000,throughput,automatic_accumulator,64,4,0,0.56957,25959.852096483257,0.385215761,0.0,0.0,0.1007
emis,throughput,arxiv-emis-throughput_10000,throughput,default_cagra,64,4,522,0.63682,1048.5802451291863,9.536710661,0.0,0.0,0.1266
emis,throughput,arxiv-emis-throughput_10000,throughput,default_accumulator,64,4,522,0.96521,1046.841009419348,9.552559021,0.0,0.0,0.0023
emis,throughput,arxiv-emis-throughput_10000,throughput,automatic_legacy,64,4,522,0.62071,1198.9049728525033,8.340951541,0.0,0.0,0.1994
emis,throughput,arxiv-emis-throughput_10000,throughput,automatic_accumulator,64,4,522,0.93609,1195.2609826897458,8.366379857,0.0,0.0,0.002
emis,throughput,arxiv-emis-throughput_10000,throughput,default_cagra,64,4,1044,0.66097,718.4237169708719,13.919368781,0.0,0.0,0.0126
emis,throughput,arxiv-emis-throughput_10000,throughput,default_accumulator,64,4,1044,0.9907,718.3396395673191,13.920997806,0.0,0.0,0.0006
emis,throughput,arxiv-emis-throughput_10000,throughput,automatic_legacy,64,4,1044,0.64291,818.0625824217622,12.224010528,0.0,0.0,0.1213
emis,throughput,arxiv-emis-throughput_10000,throughput,automatic_accumulator,64,4,1044,0.9589,815.1352117637092,12.267909655,0.0,0.0,0.0006
emis,throughput,arxiv-emis-throughput_10000,throughput,default_cagra,64,4,2088,0.66458,601.2900760959913,16.630914691,0.0,0.0,0.0017
emis,throughput,arxiv-emis-throughput_10000,throughput,default_accumulator,64,4,2088,0.99467,600.4560109736169,16.654016401,0.0,0.0,0.0001
emis,throughput,arxiv-emis-throughput_10000,throughput,automatic_legacy,64,4,2088,0.6453,709.0206508092405,14.10396752,0.0,0.0,0.1186
emis,throughput,arxiv-emis-throughput_10000,throughput,automatic_accumulator,64,4,2088,0.96158,708.513959969663,14.114054518,0.0,0.0,0.0001
emis,throughput,arxiv-emis-throughput_10000,throughput,default_cagra,128,1,0,0.48972,14578.857135129769,0.685931179,0.0,0.0,0.5834
emis,throughput,arxiv-emis-throughput_10000,throughput,default_accumulator,128,1,0,0.62936,14428.0455742758,0.693100263,0.0,0.0,0.1022
emis,throughput,arxiv-emis-throughput_10000,throughput,automatic_legacy,128,1,0,0.44757,14495.32057647973,0.689884504,0.0,0.0,0.6457
emis,throughput,arxiv-emis-throughput_10000,throughput,automatic_accumulator,128,1,0,0.63358,14360.237311619476,0.69637388,0.0,0.0,0.0983
emis,throughput,arxiv-emis-throughput_10000,throughput,default_cagra,128,1,522,0.59905,3530.0087323810067,2.832859916,0.0,0.0,0.3993
emis,throughput,arxiv-emis-throughput_10000,throughput,default_accumulator,128,1,522,0.8252,3504.877285575855,2.853172775,0.0,0.0,0.0394
emis,throughput,arxiv-emis-throughput_10000,throughput,automatic_legacy,128,1,522,0.49493,6589.023532980138,1.517682644,0.0,0.0,0.5859
emis,throughput,arxiv-emis-throughput_10000,throughput,automatic_accumulator,128,1,522,0.7125,6512.148571729458,1.535598031,0.0,0.0,0.0626
emis,throughput,arxiv-emis-throughput_10000,throughput,default_cagra,128,1,1044,0.65105,1740.332554816407,5.74603401,0.0,0.0,0.28
emis,throughput,arxiv-emis-throughput_10000,throughput,default_accumulator,128,1,1044,0.90704,1733.6326415646877,5.768246003,0.0,0.0,0.014
emis,throughput,arxiv-emis-throughput_10000,throughput,automatic_legacy,128,1,1044,0.52243,3840.055078078138,2.604135214,0.0,0.0,0.5418
emis,throughput,arxiv-emis-throughput_10000,throughput,automatic_accumulator,128,1,1044,0.75315,3808.5534118823266,2.625675067,0.0,0.0,0.0464
emis,throughput,arxiv-emis-throughput_10000,throughput,default_cagra,128,1,2088,0.69931,967.2603737051301,10.338483911,0.0,0.0,0.1344
emis,throughput,arxiv-emis-throughput_10000,throughput,default_accumulator,128,1,2088,0.96464,964.4864613330316,10.368217285,0.0,0.0,0.0023
emis,throughput,arxiv-emis-throughput_10000,throughput,automatic_legacy,128,1,2088,0.55196,2242.415781788043,4.459484024,0.0,0.0,0.473
emis,throughput,arxiv-emis-throughput_10000,throughput,automatic_accumulator,128,1,2088,0.7866,2234.5749900081296,4.475130623,0.0,0.0,0.0365
emis,throughput,arxiv-emis-throughput_10000,throughput,default_cagra,128,1,4176,0.72605,614.8476182205685,16.26419917,0.0,0.0,0.0138
emis,throughput,arxiv-emis-throughput_10000,throughput,default_accumulator,128,1,4176,0.99267,612.9618873719344,16.31423436,0.0,0.0,0.0007
emis,throughput,arxiv-emis-throughput_10000,throughput,automatic_legacy,128,1,4176,0.56872,1412.516051953305,7.079572132,0.0,0.0,0.4127
emis,throughput,arxiv-emis-throughput_10000,throughput,automatic_accumulator,128,1,4176,0.80378,1406.2588681548195,7.111072585,0.0,0.0,0.0349
emis,throughput,arxiv-emis-throughput_10000,throughput,default_cagra,128,1,7569,0.73093,484.06329796538614,20.658461222,0.0,0.0,0.0018
emis,throughput,arxiv-emis-throughput_10000,throughput,default_accumulator,128,1,7569,0.99796,482.89690070147526,20.708365377,0.0,0.0,0.0001
emis,throughput,arxiv-emis-throughput_10000,throughput,automatic_legacy,128,1,7569,0.57162,1067.277934480233,9.369637417,0.0,0.0,0.4094
emis,throughput,arxiv-emis-throughput_10000,throughput,automatic_accumulator,128,1,7569,0.80682,1060.236934024561,9.431861116,0.0,0.0,0.0342
emis,throughput,arxiv-emis-throughput_10000,throughput,default_cagra,128,2,0,0.4919,14454.180213503087,0.691847747,0.0,0.0,0.5707
emis,throughput,arxiv-emis-throughput_10000,throughput,default_accumulator,128,2,0,0.63219,14363.885092641081,0.696196588,0.0,0.0,0.0887
emis,throughput,arxiv-emis-throughput_10000,throughput,automatic_legacy,128,2,0,0.44728,14565.402091502901,0.686565181,0.0,0.0,0.6371
emis,throughput,arxiv-emis-throughput_10000,throughput,automatic_accumulator,128,2,0,0.63467,14403.51240369636,0.694281536,0.0,0.0,0.0859
emis,throughput,arxiv-emis-throughput_10000,throughput,default_cagra,128,2,522,0.651,1742.1973726738636,5.739891628,0.0,0.0,0.2764
emis,throughput,arxiv-emis-throughput_10000,throughput,default_accumulator,128,2,522,0.90684,1735.7435984454141,5.761225634,0.0,0.0,0.0138
emis,throughput,arxiv-emis-throughput_10000,throughput,automatic_legacy,128,2,522,0.5181,3852.5846916569285,2.595666165,0.0,0.0,0.5387
emis,throughput,arxiv-emis-throughput_10000,throughput,automatic_accumulator,128,2,522,0.75244,3822.6982183014607,2.61595986,0.0,0.0,0.0428
emis,throughput,arxiv-emis-throughput_10000,throughput,default_cagra,128,2,1044,0.69888,965.076659831172,10.361877345,0.0,0.0,0.1337
emis,throughput,arxiv-emis-throughput_10000,throughput,default_accumulator,128,2,1044,0.96399,963.257691925287,10.381450024,0.0,0.0,0.0025
emis,throughput,arxiv-emis-throughput_10000,throughput,automatic_legacy,128,2,1044,0.54737,2226.2323707058504,4.491900518,0.0,0.0,0.4703
emis,throughput,arxiv-emis-throughput_10000,throughput,automatic_accumulator,128,2,1044,0.78603,2220.1935613035726,4.504118984,0.0,0.0,0.0329
emis,throughput,arxiv-emis-throughput_10000,throughput,default_cagra,128,2,2088,0.72623,616.3762624156293,16.223862799,0.0,0.0,0.0139
emis,throughput,arxiv-emis-throughput_10000,throughput,default_accumulator,128,2,2088,0.99258,615.0513946571642,16.258809838,0.0,0.0,0.0008
emis,throughput,arxiv-emis-throughput_10000,throughput,automatic_legacy,128,2,2088,0.56445,1401.6961018763873,7.134220156,0.0,0.0,0.4059
emis,throughput,arxiv-emis-throughput_10000,throughput,automatic_accumulator,128,2,2088,0.80366,1396.6960307600166,7.159760528,0.0,0.0,0.0308
emis,throughput,arxiv-emis-throughput_10000,throughput,default_cagra,128,2,4176,0.73132,476.79365308318114,20.97343963,0.0,0.0,0.0017
emis,throughput,arxiv-emis-throughput_10000,throughput,default_accumulator,128,2,4176,0.99812,476.0363934107894,21.006802902,0.0,0.0,0.0001
emis,throughput,arxiv-emis-throughput_10000,throughput,automatic_legacy,128,2,4176,0.56784,1026.9435533408052,9.737640408,0.0,0.0,0.4015
emis,throughput,arxiv-emis-throughput_10000,throughput,automatic_accumulator,128,2,4176,0.8072,1021.8192224152677,9.786483813,0.0,0.0,0.0303
emis,throughput,arxiv-emis-throughput_10000,throughput,default_cagra,128,2,7569,0.73147,454.98905389970474,21.978556979,0.0,0.0,0.0017
emis,throughput,arxiv-emis-throughput_10000,throughput,default_accumulator,128,2,7569,0.99834,453.20851127346435,22.064905914,0.0,0.0,0.0
emis,throughput,arxiv-emis-throughput_10000,throughput,automatic_legacy,128,2,7569,0.56798,917.2181058968004,10.902540339,0.0,0.0,0.4012
emis,throughput,arxiv-emis-throughput_10000,throughput,automatic_accumulator,128,2,7569,0.80737,909.2617253130612,10.997948359,0.0,0.0,0.0302
emis,throughput,arxiv-emis-throughput_10000,throughput,default_cagra,128,4,0,0.4972,13989.950621107968,0.714805614,0.0,0.0,0.5509
emis,throughput,arxiv-emis-throughput_10000,throughput,default_accumulator,128,4,0,0.63784,13941.206538759981,0.717304216,0.0,0.0,0.0499
emis,throughput,arxiv-emis-throughput_10000,throughput,automatic_legacy,128,4,0,0.44747,14428.750862762778,0.693066678,0.0,0.0,0.6214
emis,throughput,arxiv-emis-throughput_10000,throughput,automatic_accumulator,128,4,0,0.63701,14273.299084668306,0.70061543,0.0,0.0,0.0469
emis,throughput,arxiv-emis-throughput_10000,throughput,default_cagra,128,4,522,0.70069,965.898521147793,10.353060693,0.0,0.0,0.1324
emis,throughput,arxiv-emis-throughput_10000,throughput,default_accumulator,128,4,522,0.96481,963.8197958404918,10.375389592,0.0,0.0,0.0022
emis,throughput,arxiv-emis-throughput_10000,throughput,automatic_legacy,128,4,522,0.542,2213.005516514028,4.518747495,0.0,0.0,0.4643
emis,throughput,arxiv-emis-throughput_10000,throughput,automatic_accumulator,128,4,522,0.78605,2202.6920143163015,4.539905435,0.0,0.0,0.0024
emis,throughput,arxiv-emis-throughput_10000,throughput,default_cagra,128,4,1044,0.72728,616.8296688928018,16.211937688,0.0,0.0,0.0147
emis,throughput,arxiv-emis-throughput_10000,throughput,default_accumulator,128,4,1044,0.99272,616.6247087291889,16.217325221,0.0,0.0,0.0006
emis,throughput,arxiv-emis-throughput_10000,throughput,automatic_legacy,128,4,1044,0.55939,1379.6324678880792,7.24831409,0.0,0.0,0.3942
emis,throughput,arxiv-emis-throughput_10000,throughput,automatic_accumulator,128,4,1044,0.8041,1375.60077928217,7.269557492,0.0,0.0,0.0007
emis,throughput,arxiv-emis-throughput_10000,throughput,default_cagra,128,4,2088,0.73222,477.0974831259289,20.960083176,0.0,0.0,0.0017
emis,throughput,arxiv-emis-throughput_10000,throughput,default_accumulator,128,4,2088,0.99809,476.5550287147148,20.983946939,0.0,0.0,0.0001
emis,throughput,arxiv-emis-throughput_10000,throughput,automatic_legacy,128,4,2088,0.56284,1012.3851141270876,9.877670665,0.0,0.0,0.3894
emis,throughput,arxiv-emis-throughput_10000,throughput,automatic_accumulator,128,4,2088,0.80782,1009.6295571549446,9.904630149,0.0,0.0,0.0001
emis,throughput,arxiv-emis-throughput_10000,throughput,default_cagra,256,1,0,0.59108,7363.613353313048,1.358035415,0.0,0.0,0.4759
emis,throughput,arxiv-emis-throughput_10000,throughput,default_accumulator,256,1,0,0.70696,7301.60195415962,1.369568486,0.0,0.0,0.0403
emis,throughput,arxiv-emis-throughput_10000,throughput,automatic_legacy,256,1,0,0.53628,7358.365844973107,1.359010839,0.0,0.0,0.5564
emis,throughput,arxiv-emis-throughput_10000,throughput,automatic_accumulator,256,1,0,0.70862,7265.812707913826,1.376314827,0.0,0.0,0.039
emis,throughput,arxiv-emis-throughput_10000,throughput,default_cagra,256,1,522,0.6495,3835.702459836637,2.607089659,0.0,0.0,0.3904
emis,throughput,arxiv-emis-throughput_10000,throughput,default_accumulator,256,1,522,0.80199,3811.202007367396,2.62385049,0.0,0.0,0.0294
emis,throughput,arxiv-emis-throughput_10000,throughput,automatic_legacy,256,1,522,0.55002,5888.412713617302,1.698257449,0.0,0.0,0.5382
emis,throughput,arxiv-emis-throughput_10000,throughput,automatic_accumulator,256,1,522,0.7299,5826.48488201007,1.716306875,0.0,0.0,0.0285
emis,throughput,arxiv-emis-throughput_10000,throughput,default_cagra,256,1,1044,0.70864,1858.424030775729,5.380909758,0.0,0.0,0.2797
emis,throughput,arxiv-emis-throughput_10000,throughput,default_accumulator,256,1,1044,0.89462,1850.1125709595058,5.405083592,0.0,0.0,0.0153
emis,throughput,arxiv-emis-throughput_10000,throughput,automatic_legacy,256,1,1044,0.56373,4314.927490765934,2.317542474,0.0,0.0,0.515
emis,throughput,arxiv-emis-throughput_10000,throughput,automatic_accumulator,256,1,1044,0.75081,4268.789976914938,2.342590514,0.0,0.0,0.0154
emis,throughput,arxiv-emis-throughput_10000,throughput,default_cagra,256,1,2088,0.76111,949.6877241900677,10.529783109,0.0,0.0,0.1421
emis,throughput,arxiv-emis-throughput_10000,throughput,default_accumulator,256,1,2088,0.95995,946.1467174100662,10.569191002,0.0,0.0,0.0025
emis,throughput,arxiv-emis-throughput_10000,throughput,automatic_legacy,256,1,2088,0.57704,2855.666971746721,3.501815008,0.0,0.0,0.4829
emis,throughput,arxiv-emis-throughput_10000,throughput,automatic_accumulator,256,1,2088,0.76783,2836.572151799646,3.525388285,0.0,0.0,0.0026
emis,throughput,arxiv-emis-throughput_10000,throughput,default_cagra,256,1,4176,0.79156,551.612749832837,18.128666291,0.0,0.0,0.019
emis,throughput,arxiv-emis-throughput_10000,throughput,default_accumulator,256,1,4176,0.99203,551.009867867546,18.148501694,0.0,0.0,0.0008
emis,throughput,arxiv-emis-throughput_10000,throughput,automatic_legacy,256,1,4176,0.58635,1840.8734556192726,5.43221068,0.0,0.0,0.4523
emis,throughput,arxiv-emis-throughput_10000,throughput,automatic_accumulator,256,1,4176,0.77762,1832.1362512965666,5.458116132,0.0,0.0,0.0007
emis,throughput,arxiv-emis-throughput_10000,throughput,default_cagra,256,1,7569,0.79814,393.99998523553506,25.380717586,0.0,0.0,0.0019
emis,throughput,arxiv-emis-throughput_10000,throughput,default_accumulator,256,1,7569,0.99908,393.1033892333341,25.438626636,0.0,0.0,0.0001
emis,throughput,arxiv-emis-throughput_10000,throughput,automatic_legacy,256,1,7569,0.58897,1292.0196125639127,7.739827522,0.0,0.0,0.446
emis,throughput,arxiv-emis-throughput_10000,throughput,automatic_accumulator,256,1,7569,0.78032,1281.6335999613743,7.802548661,0.0,0.0,0.0001
emis,throughput,arxiv-emis-throughput_10000,throughput,default_cagra,256,2,0,0.59226,7416.8373667032965,1.348289688,0.0,0.0,0.4714
emis,throughput,arxiv-emis-throughput_10000,throughput,default_accumulator,256,2,0,0.70829,7358.211749916274,1.359032106,0.0,0.0,0.0383
emis,throughput,arxiv-emis-throughput_10000,throughput,automatic_legacy,256,2,0,0.53605,7453.573777797292,1.341644604,0.0,0.0,0.5536
emis,throughput,arxiv-emis-throughput_10000,throughput,automatic_accumulator,256,2,0,0.70896,7370.50374282722,1.356766777,0.0,0.0,0.0369
emis,throughput,arxiv-emis-throughput_10000,throughput,default_cagra,256,2,522,0.7092,1863.4885333342916,5.366285271,0.0,0.0,0.2776
emis,throughput,arxiv-emis-throughput_10000,throughput,default_accumulator,256,2,522,0.89456,1856.4028216503289,5.386767657,0.0,0.0,0.0154
emis,throughput,arxiv-emis-throughput_10000,throughput,automatic_legacy,256,2,522,0.56247,4421.126159654751,2.261873498,0.0,0.0,0.5144
emis,throughput,arxiv-emis-throughput_10000,throughput,automatic_accumulator,256,2,522,0.75084,4383.0883509867335,2.2815028,0.0,0.0,0.0152
emis,throughput,arxiv-emis-throughput_10000,throughput,default_cagra,256,2,1044,0.76127,947.4956950766219,10.554144399,0.0,0.0,0.1406
emis,throughput,arxiv-emis-throughput_10000,throughput,default_accumulator,256,2,1044,0.95973,946.1445358278083,10.569215577,0.0,0.0,0.0022
emis,throughput,arxiv-emis-throughput_10000,throughput,automatic_legacy,256,2,1044,0.57551,2912.1106759492063,3.433941454,0.0,0.0,0.4808
emis,throughput,arxiv-emis-throughput_10000,throughput,automatic_accumulator,256,2,1044,0.76786,2898.3853478093656,3.450202808,0.0,0.0,0.0023
emis,throughput,arxiv-emis-throughput_10000,throughput,default_cagra,256,2,2088,0.79182,550.5371128488136,18.164085479,0.0,0.0,0.0193
emis,throughput,arxiv-emis-throughput_10000,throughput,default_accumulator,256,2,2088,0.99197,549.4749761494004,18.199197665,0.0,0.0,0.0008
emis,throughput,arxiv-emis-throughput_10000,throughput,automatic_legacy,256,2,2088,0.58436,1874.8270529433091,5.333831996,0.0,0.0,0.4498
emis,throughput,arxiv-emis-throughput_10000,throughput,automatic_accumulator,256,2,2088,0.7774,1865.7124928860012,5.359889248,0.0,0.0,0.0005
emis,throughput,arxiv-emis-throughput_10000,throughput,default_cagra,256,2,4176,0.7987,382.59508453196173,26.137299632,0.0,0.0,0.0017
emis,throughput,arxiv-emis-throughput_10000,throughput,default_accumulator,256,2,4176,0.99935,382.16190112393093,26.166926067,0.0,0.0,0.0001
emis,throughput,arxiv-emis-throughput_10000,throughput,automatic_legacy,256,2,4176,0.58703,1259.9656515440613,7.936730009,0.0,0.0,0.4429
emis,throughput,arxiv-emis-throughput_10000,throughput,automatic_accumulator,256,2,4176,0.78026,1255.3455343241196,7.965941569,0.0,0.0,0.0001
emis,throughput,arxiv-emis-throughput_10000,throughput,default_cagra,256,2,7569,0.79891,351.68134365581136,28.434838267,0.0,0.0,0.0016
emis,throughput,arxiv-emis-throughput_10000,throughput,default_accumulator,256,2,7569,0.99964,351.3740421906331,28.459706395,0.0,0.0,0.0
emis,throughput,arxiv-emis-throughput_10000,throughput,automatic_legacy,256,2,7569,0.58724,1032.1136315734734,9.688862489,0.0,0.0,0.4424
emis,throughput,arxiv-emis-throughput_10000,throughput,automatic_accumulator,256,2,7569,0.78048,1020.0698300439537,9.803256449,0.0,0.0,0.0
emis,throughput,arxiv-emis-throughput_10000,throughput,default_cagra,256,4,0,0.5957,7353.536899463078,1.359895998,0.0,0.0,0.4596
emis,throughput,arxiv-emis-throughput_10000,throughput,default_accumulator,256,4,0,0.7122,7323.171885058489,1.365534434,0.0,0.0,0.0326
emis,throughput,arxiv-emis-throughput_10000,throughput,automatic_legacy,256,4,0,0.53659,7541.452968779194,1.326010563,0.0,0.0,0.5437
emis,throughput,arxiv-emis-throughput_10000,throughput,automatic_accumulator,256,4,0,0.71063,7451.155648034715,1.34207981,0.0,0.0,0.0312
emis,throughput,arxiv-emis-throughput_10000,throughput,default_cagra,256,4,522,0.76128,951.8910678977854,10.505410431,0.0,0.0,0.1416
emis,throughput,arxiv-emis-throughput_10000,throughput,default_accumulator,256,4,522,0.95958,950.7924059166199,10.517549436,0.0,0.0,0.0025
emis,throughput,arxiv-emis-throughput_10000,throughput,automatic_legacy,256,4,522,0.57362,2945.4363807232576,3.395088949,0.0,0.0,0.4758
emis,throughput,arxiv-emis-throughput_10000,throughput,automatic_accumulator,256,4,522,0.76821,2924.999270045168,3.418811086,0.0,0.0,0.0025
emis,throughput,arxiv-emis-throughput_10000,throughput,default_cagra,256,4,1044,0.7919,551.4786254585267,18.133088222,0.0,0.0,0.0192
emis,throughput,arxiv-emis-throughput_10000,throughput,default_accumulator,256,4,1044,0.99195,550.9082140516349,18.151850213,0.0,0.0,0.0008
emis,throughput,arxiv-emis-throughput_10000,throughput,automatic_legacy,256,4,1044,0.58266,1880.9071284947875,5.316590342,0.0,0.0,0.4421
emis,throughput,arxiv-emis-throughput_10000,throughput,automatic_accumulator,256,4,1044,0.77822,1868.4327772400654,5.352085353,0.0,0.0,0.0008
emis,throughput,arxiv-emis-throughput_10000,throughput,default_cagra,256,4,2088,0.79874,384.24271133371747,26.025236653,0.0,0.0,0.0017
emis,throughput,arxiv-emis-throughput_10000,throughput,default_accumulator,256,4,2088,0.9994,383.6643406846415,26.064456249,0.0,0.0,0.0001
emis,throughput,arxiv-emis-throughput_10000,throughput,automatic_legacy,256,4,2088,0.58512,1260.3083294844198,7.934573112,0.0,0.0,0.4351
emis,throughput,arxiv-emis-throughput_10000,throughput,automatic_accumulator,256,4,2088,0.78089,1256.059030146963,7.961415883,0.0,0.0,0.0001
emis,throughput,arxiv-emis-throughput_10000,throughput,default_cagra,512,1,0,0.69017,3774.212917590223,2.64956583,0.0,0.0,0.3717
emis,throughput,arxiv-emis-throughput_10000,throughput,default_accumulator,512,1,0,0.78667,3739.5088639715336,2.674154431,0.0,0.0,0.0266
emis,throughput,arxiv-emis-throughput_10000,throughput,automatic_legacy,512,1,0,0.6195,3788.527362245223,2.639554945,0.0,0.0,0.4723
emis,throughput,arxiv-emis-throughput_10000,throughput,automatic_accumulator,512,1,0,0.78747,3748.72057713416,2.667583618,0.0,0.0,0.0263
emis,throughput,arxiv-emis-throughput_10000,throughput,default_cagra,512,1,522,0.69095,3743.383503697058,2.671386145,0.0,0.0,0.3705
emis,throughput,arxiv-emis-throughput_10000,throughput,default_accumulator,512,1,522,0.78777,3708.695757923747,2.696371573,0.0,0.0,0.0266
emis,throughput,arxiv-emis-throughput_10000,throughput,automatic_legacy,512,1,522,0.61957,3786.1057789129686,2.641253716,0.0,0.0,0.4724
emis,throughput,arxiv-emis-throughput_10000,throughput,automatic_accumulator,512,1,522,0.78757,3747.989289961737,2.668102702,0.0,0.0,0.0263
emis,throughput,arxiv-emis-throughput_10000,throughput,default_cagra,512,1,1044,0.75003,2011.5315669597499,4.971342242,0.0,0.0,0.2803
emis,throughput,arxiv-emis-throughput_10000,throughput,default_accumulator,512,1,1044,0.87113,1999.4662312967268,5.001341023,0.0,0.0,0.0176
emis,throughput,arxiv-emis-throughput_10000,throughput,automatic_legacy,512,1,1044,0.62431,3351.2928132283155,2.983929259,0.0,0.0,0.4674
emis,throughput,arxiv-emis-throughput_10000,throughput,automatic_accumulator,512,1,1044,0.79468,3307.332968925166,3.023591059,0.0,0.0,0.0218
emis,throughput,arxiv-emis-throughput_10000,throughput,default_cagra,512,1,2088,0.81098,1003.8518771265926,9.961639809,0.0,0.0,0.1555
emis,throughput,arxiv-emis-throughput_10000,throughput,default_accumulator,512,1,2088,0.9479,1001.0502140926197,9.9895152,0.0,0.0,0.0041
emis,throughput,arxiv-emis-throughput_10000,throughput,automatic_legacy,512,1,2088,0.63078,2745.8022040704345,3.641929354,0.0,0.0,0.4555
emis,throughput,arxiv-emis-throughput_10000,throughput,automatic_accumulator,512,1,2088,0.80305,2707.819126936842,3.69301465,0.0,0.0,0.0165
emis,throughput,arxiv-emis-throughput_10000,throughput,default_cagra,512,1,4176,0.84964,532.2829751370257,18.78701832,0.0,0.0,0.0277
emis,throughput,arxiv-emis-throughput_10000,throughput,default_accumulator,512,1,4176,0.9892,532.1557819142021,18.791495974,0.0,0.0,0.0009
emis,throughput,arxiv-emis-throughput_10000,throughput,automatic_legacy,512,1,4176,0.63537,2068.706085380473,4.833951937,0.0,0.0,0.4417
emis,throughput,arxiv-emis-throughput_10000,throughput,automatic_accumulator,512,1,4176,0.80846,2030.2499738204142,4.925508403,0.0,0.0,0.014
emis,throughput,arxiv-emis-throughput_10000,throughput,default_cagra,512,1,7569,0.85881,340.366985641694,29.380087036,0.0,0.0,0.0028
emis,throughput,arxiv-emis-throughput_10000,throughput,default_accumulator,512,1,7569,0.99899,339.9873390447921,29.412865637,0.0,0.0,0.0002
emis,throughput,arxiv-emis-throughput_10000,throughput,automatic_legacy,512,1,7569,0.63738,1511.4140520118506,6.61632718,0.0,0.0,0.4356
emis,throughput,arxiv-emis-throughput_10000,throughput,automatic_accumulator,512,1,7569,0.81066,1496.677433270562,6.681473473,0.0,0.0,0.0132
emis,throughput,arxiv-emis-throughput_10000,throughput,default_cagra,512,2,0,0.69117,3782.7782430145853,2.643568605,0.0,0.0,0.3691
emis,throughput,arxiv-emis-throughput_10000,throughput,default_accumulator,512,2,0,0.78755,3761.790749084706,2.658314711,0.0,0.0,0.0266
emis,throughput,arxiv-emis-throughput_10000,throughput,automatic_legacy,512,2,0,0.61948,3825.401196206067,2.614112359,0.0,0.0,0.4693
emis,throughput,arxiv-emis-throughput_10000,throughput,automatic_accumulator,512,2,0,0.78755,3787.3647578307446,2.640364906,0.0,0.0,0.0263
emis,throughput,arxiv-emis-throughput_10000,throughput,default_cagra,512,2,522,0.75018,2017.4466001922947,4.95683967,0.0,0.0,0.2783
emis,throughput,arxiv-emis-throughput_10000,throughput,default_accumulator,512,2,522,0.87103,2008.038754234555,4.979989903,0.0,0.0,0.0176
emis,throughput,arxiv-emis-throughput_10000,throughput,automatic_legacy,512,2,522,0.62415,3449.9278040862605,2.898618183,0.0,0.0,0.4644
emis,throughput,arxiv-emis-throughput_10000,throughput,automatic_accumulator,512,2,522,0.79453,3406.6419597328036,2.935448178,0.0,0.0,0.0218
emis,throughput,arxiv-emis-throughput_10000,throughput,default_cagra,512,2,1044,0.81114,996.9214627573667,10.030886313,0.0,0.0,0.1549
emis,throughput,arxiv-emis-throughput_10000,throughput,default_accumulator,512,2,1044,0.94789,995.5190352244163,10.045017713,0.0,0.0,0.0041
emis,throughput,arxiv-emis-throughput_10000,throughput,automatic_legacy,512,2,1044,0.63053,2904.310940498837,3.443164881,0.0,0.0,0.4529
emis,throughput,arxiv-emis-throughput_10000,throughput,automatic_accumulator,512,2,1044,0.80294,2869.696134629561,3.484696459,0.0,0.0,0.0167
emis,throughput,arxiv-emis-throughput_10000,throughput,default_cagra,512,2,2088,0.8498,526.5872393476453,18.990212504,0.0,0.0,0.0277
emis,throughput,arxiv-emis-throughput_10000,throughput,default_accumulator,512,2,2088,0.98921,526.3347221218442,18.999322785,0.0,0.0,0.0009
emis,throughput,arxiv-emis-throughput_10000,throughput,automatic_legacy,512,2,2088,0.63517,2279.8405124354535,4.386278595,0.0,0.0,0.4389
emis,throughput,arxiv-emis-throughput_10000,throughput,automatic_accumulator,512,2,2088,0.80846,2250.5855740063157,4.443294138,0.0,0.0,0.0138
emis,throughput,arxiv-emis-throughput_10000,throughput,default_cagra,512,2,4176,0.85927,318.27827500566895,31.419052904,0.0,0.0,0.002
emis,throughput,arxiv-emis-throughput_10000,throughput,default_accumulator,512,2,4176,0.99933,318.3048649361482,31.416428333,0.0,0.0,0.0001
emis,throughput,arxiv-emis-throughput_10000,throughput,automatic_legacy,512,2,4176,0.63733,1636.123001637414,6.112016276,0.0,0.0,0.4323
emis,throughput,arxiv-emis-throughput_10000,throughput,automatic_accumulator,512,2,4176,0.81088,1610.0380003639466,6.211039817,0.0,0.0,0.0132
emis,throughput,arxiv-emis-throughput_10000,throughput,default_cagra,512,2,7569,0.85968,270.15259873460633,37.016134462,0.0,0.0,0.0016
emis,throughput,arxiv-emis-throughput_10000,throughput,default_accumulator,512,2,7569,0.99987,269.89821319810784,37.051010049,0.0,0.0,0.0
emis,throughput,arxiv-emis-throughput_10000,throughput,automatic_legacy,512,2,7569,0.63758,1246.9160723060365,8.019809106,0.0,0.0,0.4317
emis,throughput,arxiv-emis-throughput_10000,throughput,automatic_accumulator,512,2,7569,0.81113,1222.0054395580946,8.183277159,0.0,0.0,0.0131
emis,throughput,arxiv-emis-throughput_10000,throughput,default_cagra,512,4,0,0.69259,3831.55816638648,2.609912117,0.0,0.0,0.363
emis,throughput,arxiv-emis-throughput_10000,throughput,default_accumulator,512,4,0,0.7891,3807.901763777696,2.626125004,0.0,0.0,0.0232
emis,throughput,arxiv-emis-throughput_10000,throughput,automatic_legacy,512,4,0,0.6193,3915.5289915424664,2.553939503,0.0,0.0,0.4642
emis,throughput,arxiv-emis-throughput_10000,throughput,automatic_accumulator,512,4,0,0.78771,3877.1279830098547,2.579234842,0.0,0.0,0.0229
emis,throughput,arxiv-emis-throughput_10000,throughput,default_cagra,512,4,522,0.8113,1010.6454676819844,9.894672046,0.0,0.0,0.1537
emis,throughput,arxiv-emis-throughput_10000,throughput,default_accumulator,512,4,522,0.94787,1009.9543972659554,9.901443954,0.0,0.0,0.0029
emis,throughput,arxiv-emis-throughput_10000,throughput,automatic_legacy,512,4,522,0.63,3038.8630461436233,3.290711236,0.0,0.0,0.4482
emis,throughput,arxiv-emis-throughput_10000,throughput,automatic_accumulator,512,4,522,0.80299,3004.280645061504,3.328590321,0.0,0.0,0.014
emis,throughput,arxiv-emis-throughput_10000,throughput,default_cagra,512,4,1044,0.84969,532.5621073659611,18.77717137,0.0,0.0,0.0276
emis,throughput,arxiv-emis-throughput_10000,throughput,default_accumulator,512,4,1044,0.98909,531.8371138820271,18.802756551,0.0,0.0,0.0009
emis,throughput,arxiv-emis-throughput_10000,throughput,automatic_legacy,512,4,1044,0.63457,2432.1149148978548,4.111654203,0.0,0.0,0.4342
emis,throughput,arxiv-emis-throughput_10000,throughput,automatic_accumulator,512,4,1044,0.80858,2405.5680878138814,4.157029497,0.0,0.0,0.012
emis,throughput,arxiv-emis-throughput_10000,throughput,default_cagra,512,4,2088,0.85925,321.07569532998696,31.145321325,0.0,0.0,0.0021
emis,throughput,arxiv-emis-throughput_10000,throughput,default_accumulator,512,4,2088,0.9993,321.26541578435376,31.126917204,0.0,0.0,0.0001
emis,throughput,arxiv-emis-throughput_10000,throughput,automatic_legacy,512,4,2088,0.63652,1788.427936403037,5.591509833,0.0,0.0,0.4276
emis,throughput,arxiv-emis-throughput_10000,throughput,automatic_accumulator,512,4,2088,0.81089,1770.9082935386753,5.646826114,0.0,0.0,0.0112
r,correctness,arxiv-r-correctness_10000,correctness,default_cagra,64,1,0,0.8962,25826.068756076555,0.038723755,0.0,0.0,0.116
r,correctness,arxiv-r-correctness_10000,correctness,default_accumulator,64,1,0,0.9369,25839.093553364484,0.03870481,0.0,0.0,0.002
r,correctness,arxiv-r-correctness_10000,correctness,automatic_legacy,64,1,0,0.8719,26442.755756791932,0.037821932,0.0,0.0,0.16
r,correctness,arxiv-r-correctness_10000,correctness,automatic_accumulator,64,1,0,0.9363,26460.423535864367,0.037796117,0.0,0.0,0.001
r,correctness,arxiv-r-correctness_10000,correctness,default_cagra,512,2,0,0.9957,3314.72049271955,0.301689872,0.0,0.0,0.004
r,correctness,arxiv-r-correctness_10000,correctness,default_accumulator,512,2,0,0.9984,3299.5742998083147,0.303074721,0.0,0.0,0.0
r,correctness,arxiv-r-correctness_10000,correctness,automatic_legacy,512,2,0,0.9897,3372.446063458853,0.296525981,0.0,0.0,0.02
r,correctness,arxiv-r-correctness_10000,correctness,automatic_accumulator,512,2,0,0.9982,3371.857342933034,0.296579024,0.0,0.0,0.0
r,correctness,arxiv-r-correctness_10000,correctness,default_cagra,512,2,7569,0.9973,651.5796202996239,1.534738253,0.0,0.0,0.0
r,correctness,arxiv-r-correctness_10000,correctness,default_accumulator,512,2,7569,1.0,652.954138730259,1.531506893,0.0,0.0,0.0
r,correctness,arxiv-r-correctness_10000,correctness,automatic_legacy,512,2,7569,0.9901,1293.5863641504573,0.773050606,0.0,0.0,0.019
r,correctness,arxiv-r-correctness_10000,correctness,automatic_accumulator,512,2,7569,0.9986,1264.449901137928,0.790863995,0.0,0.0,0.0
r,throughput,arxiv-r-throughput_10000,throughput,default_cagra,64,1,0,0.9129,28771.307364077675,0.347574637,0.0,0.0,0.0935
r,throughput,arxiv-r-throughput_10000,throughput,default_accumulator,64,1,0,0.94937,28587.139000511914,0.349813983,0.0,0.0,0.0031
r,throughput,arxiv-r-throughput_10000,throughput,automatic_legacy,64,1,0,0.90127,29240.440321864568,0.34199807,0.0,0.0,0.1193
r,throughput,arxiv-r-throughput_10000,throughput,automatic_accumulator,64,1,0,0.94899,29051.181863844744,0.344225912,0.0,0.0,0.0029
r,throughput,arxiv-r-throughput_10000,throughput,default_cagra,64,1,522,0.95136,6255.867158814302,1.598505645,0.0,0.0,0.0138
r,throughput,arxiv-r-throughput_10000,throughput,default_accumulator,64,1,522,0.9946,6240.775840779251,1.60237187,0.0,0.0,0.0003
r,throughput,arxiv-r-throughput_10000,throughput,automatic_legacy,64,1,522,0.91607,13639.589175862078,0.733167479,0.0,0.0,0.0836
r,throughput,arxiv-r-throughput_10000,throughput,automatic_accumulator,64,1,522,0.96685,13593.011081526474,0.735678634,0.0,0.0,0.0001
r,throughput,arxiv-r-throughput_10000,throughput,default_cagra,64,1,1044,0.9523,4825.7106807986565,2.072239518,0.0,0.0,0.0042
r,throughput,arxiv-r-throughput_10000,throughput,default_accumulator,64,1,1044,0.99569,4821.497346361116,2.074050388,0.0,0.0,0.0001
r,throughput,arxiv-r-throughput_10000,throughput,automatic_legacy,64,1,1044,0.91693,9423.902843508611,1.061137808,0.0,0.0,0.0786
r,throughput,arxiv-r-throughput_10000,throughput,automatic_accumulator,64,1,1044,0.96773,9371.178840353099,1.067107278,0.0,0.0,0.0001
r,throughput,arxiv-r-throughput_10000,throughput,default_cagra,64,1,2088,0.95249,3777.140059625297,2.647511439,0.0,0.0,0.001
r,throughput,arxiv-r-throughput_10000,throughput,default_accumulator,64,1,2088,0.99596,3756.049646144966,2.662378059,0.0,0.0,0.0
r,throughput,arxiv-r-throughput_10000,throughput,automatic_legacy,64,1,2088,0.91718,6242.327718836442,1.60197407,0.0,0.0,0.0777
r,throughput,arxiv-r-throughput_10000,throughput,automatic_accumulator,64,1,2088,0.968,6163.362552523868,1.622497092,0.0,0.0,0.0
r,throughput,arxiv-r-throughput_10000,throughput,default_cagra,64,1,4176,0.95253,2850.472034264275,3.508197051,0.0,0.0,0.0002
r,throughput,arxiv-r-throughput_10000,throughput,default_accumulator,64,1,4176,0.996,2825.4125842203975,3.53931285,0.0,0.0,0.0
r,throughput,arxiv-r-throughput_10000,throughput,automatic_legacy,64,1,4176,0.91723,4387.87982346083,2.279011547,0.0,0.0,0.0775
r,throughput,arxiv-r-throughput_10000,throughput,automatic_accumulator,64,1,4176,0.96805,4309.9120139589,2.320239562,0.0,0.0,0.0
r,throughput,arxiv-r-throughput_10000,throughput,default_cagra,64,1,7569,0.95253,2231.719939742674,4.480868113,0.0,0.0,0.0
r,throughput,arxiv-r-throughput_10000,throughput,default_accumulator,64,1,7569,0.996,2204.1695048061624,4.536862348,0.0,0.0,0.0
r,throughput,arxiv-r-throughput_10000,throughput,automatic_legacy,64,1,7569,0.91723,3777.0046313236776,2.64760668,0.0,0.0,0.0775
r,throughput,arxiv-r-throughput_10000,throughput,automatic_accumulator,64,1,7569,0.96805,3690.092932593776,2.709964786,0.0,0.0,0.0
r,throughput,arxiv-r-throughput_10000,throughput,default_cagra,64,2,0,0.91499,27827.372570923304,0.359363817,0.0,0.0,0.0849
r,throughput,arxiv-r-throughput_10000,throughput,default_accumulator,64,2,0,0.95218,27659.277748445384,0.361547532,0.0,0.0,0.0026
r,throughput,arxiv-r-throughput_10000,throughput,automatic_legacy,64,2,0,0.90222,29056.183422211056,0.344166141,0.0,0.0,0.1115
r,throughput,arxiv-r-throughput_10000,throughput,automatic_accumulator,64,2,0,0.95077,28819.64202070777,0.346991798,0.0,0.0,0.0024
r,throughput,arxiv-r-throughput_10000,throughput,default_cagra,64,2,522,0.95186,4854.9775411700475,2.059755886,0.0,0.0,0.0038
r,throughput,arxiv-r-throughput_10000,throughput,default_accumulator,64,2,522,0.99579,4838.357222596908,2.06682291,0.0,0.0,0.0001
r,throughput,arxiv-r-throughput_10000,throughput,automatic_legacy,64,2,522,0.91674,9910.562259645936,1.009030934,0.0,0.0,0.0716
r,throughput,arxiv-r-throughput_10000,throughput,automatic_accumulator,64,2,522,0.96875,9812.577676290406,1.019106437,0.0,0.0,0.0001
r,throughput,arxiv-r-throughput_10000,throughput,default_cagra,64,2,1044,0.95204,3895.1965338516134,2.567270085,0.0,0.0,0.0009
r,throughput,arxiv-r-throughput_10000,throughput,default_accumulator,64,2,1044,0.99603,3884.241416243127,2.574511908,0.0,0.0,0.0
r,throughput,arxiv-r-throughput_10000,throughput,automatic_legacy,64,2,1044,0.91699,6834.023538278427,1.463273415,0.0,0.0,0.0705
r,throughput,arxiv-r-throughput_10000,throughput,automatic_accumulator,64,2,1044,0.969,6775.067489061845,1.476006209,0.0,0.0,0.0
r,throughput,arxiv-r-throughput_10000,throughput,default_cagra,64,2,2088,0.9521,3034.2396021826644,3.295724499,0.0,0.0,0.0002
r,throughput,arxiv-r-throughput_10000,throughput,default_accumulator,64,2,2088,0.99609,3022.3664544499698,3.308671703,0.0,0.0,0.0
r,throughput,arxiv-r-throughput_10000,throughput,automatic_legacy,64,2,2088,0.91707,4870.133717987629,2.053337095,0.0,0.0,0.0703
r,throughput,arxiv-r-throughput_10000,throughput,automatic_accumulator,64,2,2088,0.96908,4794.886337340644,2.085560959,0.0,0.0,0.0
r,throughput,arxiv-r-throughput_10000,throughput,default_cagra,64,2,4176,0.9521,2269.6698958442785,4.405932477,0.0,0.0,0.0
r,throughput,arxiv-r-throughput_10000,throughput,default_accumulator,64,2,4176,0.99609,2253.074982369712,4.438384886,0.0,0.0,0.0
r,throughput,arxiv-r-throughput_10000,throughput,automatic_legacy,64,2,4176,0.91707,3763.47071444635,2.657128454,0.0,0.0,0.0703
r,throughput,arxiv-r-throughput_10000,throughput,automatic_accumulator,64,2,4176,0.96908,3694.665460001718,2.706611487,0.0,0.0,0.0
r,throughput,arxiv-r-throughput_10000,throughput,default_cagra,64,2,7569,0.9521,2112.5298304440093,4.733666654,0.0,0.0,0.0
r,throughput,arxiv-r-throughput_10000,throughput,default_accumulator,64,2,7569,0.99609,2091.0484500125776,4.78229606,0.0,0.0,0.0
r,throughput,arxiv-r-throughput_10000,throughput,automatic_legacy,64,2,7569,0.91707,3653.4459125834055,2.737148842,0.0,0.0,0.0703
r,throughput,arxiv-r-throughput_10000,throughput,automatic_accumulator,64,2,7569,0.96908,3587.4144811287865,2.787529185,0.0,0.0,0.0
r,throughput,arxiv-r-throughput_10000,throughput,default_cagra,64,4,0,0.91986,26028.451331378255,0.38420115,0.0,0.0,0.0649
r,throughput,arxiv-r-throughput_10000,throughput,default_accumulator,64,4,0,0.95647,25892.719874884526,0.386214849,0.0,0.0,0.0019
r,throughput,arxiv-r-throughput_10000,throughput,automatic_legacy,64,4,0,0.90391,28879.32900305975,0.346274467,0.0,0.0,0.0911
r,throughput,arxiv-r-throughput_10000,throughput,automatic_accumulator,64,4,0,0.95282,28858.628488164606,0.346523895,0.0,0.0,0.0019
r,throughput,arxiv-r-throughput_10000,throughput,default_cagra,64,4,522,0.95241,3948.592367782177,2.532553628,0.0,0.0,0.0011
r,throughput,arxiv-r-throughput_10000,throughput,default_accumulator,64,4,522,0.99616,3942.7892044583796,2.536281137,0.0,0.0,0.0
r,throughput,arxiv-r-throughput_10000,throughput,automatic_legacy,64,4,522,0.91718,7154.539929086797,1.397720246,0.0,0.0,0.0578
r,throughput,arxiv-r-throughput_10000,throughput,automatic_accumulator,64,4,522,0.97,7112.46955864974,1.405987588,0.0,0.0,0.0
r,throughput,arxiv-r-throughput_10000,throughput,default_cagra,64,4,1044,0.95246,3148.6590248863386,3.175961511,0.0,0.0,0.0002
r,throughput,arxiv-r-throughput_10000,throughput,default_accumulator,64,4,1044,0.99621,3144.6946031954726,3.179965339,0.0,0.0,0.0
r,throughput,arxiv-r-throughput_10000,throughput,automatic_legacy,64,4,1044,0.91726,5032.664650838173,1.987025798,0.0,0.0,0.0574
r,throughput,arxiv-r-throughput_10000,throughput,automatic_accumulator,64,4,1044,0.97008,4985.12622037401,2.005973417,0.0,0.0,0.0
r,throughput,arxiv-r-throughput_10000,throughput,default_cagra,64,4,2088,0.95247,2412.0958719440923,4.145778076,0.0,0.0,0.0
r,throughput,arxiv-r-throughput_10000,throughput,default_accumulator,64,4,2088,0.99622,2398.0390026431855,4.170079774,0.0,0.0,0.0
r,throughput,arxiv-r-throughput_10000,throughput,automatic_legacy,64,4,2088,0.91726,3929.2020624261977,2.545052203,0.0,0.0,0.0574
r,throughput,arxiv-r-throughput_10000,throughput,automatic_accumulator,64,4,2088,0.97008,3870.362225026602,2.583744169,0.0,0.0,0.0
r,throughput,arxiv-r-throughput_10000,throughput,default_cagra,128,1,0,0.95549,14607.503800797273,0.684585354,0.0,0.0,0.0472
r,throughput,arxiv-r-throughput_10000,throughput,default_accumulator,128,1,0,0.97499,14653.398834504407,0.682441401,0.0,0.0,0.0016
r,throughput,arxiv-r-throughput_10000,throughput,automatic_legacy,128,1,0,0.9415,14872.994421625186,0.672365527,0.0,0.0,0.0804
r,throughput,arxiv-r-throughput_10000,throughput,automatic_accumulator,128,1,0,0.97484,14819.55074805684,0.674790398,0.0,0.0,0.0015
r,throughput,arxiv-r-throughput_10000,throughput,default_cagra,128,1,522,0.97508,4554.466379065077,2.195652068,0.0,0.0,0.0133
r,throughput,arxiv-r-throughput_10000,throughput,default_accumulator,128,1,522,0.99747,4540.4014892897085,2.202454068,0.0,0.0,0.0003
r,throughput,arxiv-r-throughput_10000,throughput,automatic_legacy,128,1,522,0.94519,10932.248448486294,0.91473094,0.0,0.0,0.0718
r,throughput,arxiv-r-throughput_10000,throughput,automatic_accumulator,128,1,522,0.97921,10873.349001031462,0.91968597,0.0,0.0,0.0002
r,throughput,arxiv-r-throughput_10000,throughput,default_cagra,128,1,1044,0.97594,3237.351907450212,3.088950697,0.0,0.0,0.0049
r,throughput,arxiv-r-throughput_10000,throughput,default_accumulator,128,1,1044,0.99851,3234.8171181816233,3.09138806,0.0,0.0,0.0001
r,throughput,arxiv-r-throughput_10000,throughput,automatic_legacy,128,1,1044,0.94565,8170.925986168714,1.223856959,0.0,0.0,0.0696
r,throughput,arxiv-r-throughput_10000,throughput,automatic_accumulator,128,1,1044,0.97975,8063.922747811388,1.240097631,0.0,0.0,0.0
r,throughput,arxiv-r-throughput_10000,throughput,default_cagra,128,1,2088,0.9762,2567.54298413833,3.894780309,0.0,0.0,0.0011
r,throughput,arxiv-r-throughput_10000,throughput,default_accumulator,128,1,2088,0.99884,2556.7060541326637,3.911289279,0.0,0.0,0.0
r,throughput,arxiv-r-throughput_10000,throughput,automatic_legacy,128,1,2088,0.94585,5585.264405387653,1.790431948,0.0,0.0,0.069
r,throughput,arxiv-r-throughput_10000,throughput,automatic_accumulator,128,1,2088,0.97995,5520.834390112962,1.811327182,0.0,0.0,0.0
r,throughput,arxiv-r-throughput_10000,throughput,default_cagra,128,1,4176,0.97627,2057.816060919357,4.859526869,0.0,0.0,0.0002
r,throughput,arxiv-r-throughput_10000,throughput,default_accumulator,128,1,4176,0.99891,2049.463447387188,4.879332017,0.0,0.0,0.0
r,throughput,arxiv-r-throughput_10000,throughput,automatic_legacy,128,1,4176,0.94588,3574.2630309406754,2.797786242,0.0,0.0,0.0688
r,throughput,arxiv-r-throughput_10000,throughput,automatic_accumulator,128,1,4176,0.97998,3517.0078218148906,2.843333666,0.0,0.0,0.0
r,throughput,arxiv-r-throughput_10000,throughput,default_cagra,128,1,7569,0.97627,1644.0533950482973,6.082533476,0.0,0.0,0.0
r,throughput,arxiv-r-throughput_10000,throughput,default_accumulator,128,1,7569,0.99891,1629.1641717082305,6.138122852,0.0,0.0,0.0
r,throughput,arxiv-r-throughput_10000,throughput,automatic_legacy,128,1,7569,0.94588,2741.303759620059,3.647905655,0.0,0.0,0.0688
r,throughput,arxiv-r-throughput_10000,throughput,automatic_accumulator,128,1,7569,0.97998,2682.871506757184,3.727356519,0.0,0.0,0.0
r,throughput,arxiv-r-throughput_10000,throughput,default_cagra,128,2,0,0.95609,14486.960224787465,0.690282122,0.0,0.0,0.0444
r,throughput,arxiv-r-throughput_10000,throughput,default_accumulator,128,2,0,0.97578,14500.012812922476,0.689660647,0.0,0.0,0.0016
r,throughput,arxiv-r-throughput_10000,throughput,automatic_legacy,128,2,0,0.94173,15038.342419400724,0.664972625,0.0,0.0,0.0768
r,throughput,arxiv-r-throughput_10000,throughput,automatic_accumulator,128,2,0,0.97529,14968.545614571292,0.668073482,0.0,0.0,0.0015
r,throughput,arxiv-r-throughput_10000,throughput,default_cagra,128,2,522,0.97568,3267.8651687252063,3.060107481,0.0,0.0,0.0048
r,throughput,arxiv-r-throughput_10000,throughput,default_accumulator,128,2,522,0.99852,3265.7361428469994,3.06211485,0.0,0.0,0.0
r,throughput,arxiv-r-throughput_10000,throughput,automatic_legacy,128,2,522,0.94552,8833.214660127402,1.132096645,0.0,0.0,0.0665
r,throughput,arxiv-r-throughput_10000,throughput,automatic_accumulator,128,2,522,0.98006,8708.624374269415,1.148293511,0.0,0.0,0.0
r,throughput,arxiv-r-throughput_10000,throughput,default_cagra,128,2,1044,0.97594,2609.602226859814,3.832007746,0.0,0.0,0.0011
r,throughput,arxiv-r-throughput_10000,throughput,default_accumulator,128,2,1044,0.99884,2606.560393931263,3.836479351,0.0,0.0,0.0
r,throughput,arxiv-r-throughput_10000,throughput,automatic_legacy,128,2,1044,0.94565,6219.418025389375,1.607874179,0.0,0.0,0.0659
r,throughput,arxiv-r-throughput_10000,throughput,automatic_accumulator,128,2,1044,0.9802,6173.271985818581,1.619893056,0.0,0.0,0.0
r,throughput,arxiv-r-throughput_10000,throughput,default_cagra,128,2,2088,0.976,2150.661310849683,4.649738433,0.0,0.0,0.0002
r,throughput,arxiv-r-throughput_10000,throughput,default_accumulator,128,2,2088,0.9989,2140.1999229178887,4.672466724,0.0,0.0,0.0
r,throughput,arxiv-r-throughput_10000,throughput,automatic_legacy,128,2,2088,0.94566,4153.241338264072,2.407763943,0.0,0.0,0.0656
r,throughput,arxiv-r-throughput_10000,throughput,automatic_accumulator,128,2,2088,0.98021,4087.891617255485,2.44625561,0.0,0.0,0.0
r,throughput,arxiv-r-throughput_10000,throughput,default_cagra,128,2,4176,0.97601,1694.242175468713,5.902349587,0.0,0.0,0.0
r,throughput,arxiv-r-throughput_10000,throughput,default_accumulator,128,2,4176,0.99891,1690.3111649156256,5.91607647,0.0,0.0,0.0
r,throughput,arxiv-r-throughput_10000,throughput,automatic_legacy,128,2,4176,0.94566,2951.940769488289,3.387608452,0.0,0.0,0.0656
r,throughput,arxiv-r-throughput_10000,throughput,automatic_accumulator,128,2,4176,0.98021,2896.796123466016,3.452096148,0.0,0.0,0.0
r,throughput,arxiv-r-throughput_10000,throughput,default_cagra,128,2,7569,0.97601,1508.7411187358089,6.628048412,0.0,0.0,0.0
r,throughput,arxiv-r-throughput_10000,throughput,default_accumulator,128,2,7569,0.99891,1499.1402113825027,6.670509798,0.0,0.0,0.0
r,throughput,arxiv-r-throughput_10000,throughput,automatic_legacy,128,2,7569,0.94566,2728.3931582977875,3.665167356,0.0,0.0,0.0656
r,throughput,arxiv-r-throughput_10000,throughput,automatic_accumulator,128,2,7569,0.98021,2671.0206889473675,3.743894351,0.0,0.0,0.0
r,throughput,arxiv-r-throughput_10000,throughput,default_cagra,128,4,0,0.95784,13974.924990592459,0.715573463,0.0,0.0,0.0394
r,throughput,arxiv-r-throughput_10000,throughput,default_accumulator,128,4,0,0.97739,13980.801454162141,0.715272656,0.0,0.0,0.0011
r,throughput,arxiv-r-throughput_10000,throughput,automatic_legacy,128,4,0,0.9419,15027.057893235176,0.665473116,0.0,0.0,0.0692
r,throughput,arxiv-r-throughput_10000,throughput,automatic_accumulator,128,4,0,0.97599,15014.745719119413,0.666018124,0.0,0.0,0.001
r,throughput,arxiv-r-throughput_10000,throughput,default_cagra,128,4,522,0.97616,2610.512189568498,3.830671892,0.0,0.0,0.001
r,throughput,arxiv-r-throughput_10000,throughput,default_accumulator,128,4,522,0.99888,2610.3750351273943,3.830873093,0.0,0.0,0.0
r,throughput,arxiv-r-throughput_10000,throughput,automatic_legacy,128,4,522,0.94542,6614.611302867793,1.511811535,0.0,0.0,0.0588
r,throughput,arxiv-r-throughput_10000,throughput,automatic_accumulator,128,4,522,0.98061,6544.403064013007,1.528030259,0.0,0.0,0.0
r,throughput,arxiv-r-throughput_10000,throughput,default_cagra,128,4,1044,0.97622,2187.457188728386,4.571524092,0.0,0.0,0.0002
r,throughput,arxiv-r-throughput_10000,throughput,default_accumulator,128,4,1044,0.99894,2185.747652498099,4.575099897,0.0,0.0,0.0
r,throughput,arxiv-r-throughput_10000,throughput,automatic_legacy,128,4,1044,0.94544,4496.082926030261,2.224164769,0.0,0.0,0.0584
r,throughput,arxiv-r-throughput_10000,throughput,automatic_accumulator,128,4,1044,0.98063,4445.389486819514,2.249528176,0.0,0.0,0.0
r,throughput,arxiv-r-throughput_10000,throughput,default_cagra,128,4,2088,0.97623,1773.3183527998267,5.639152028,0.0,0.0,0.0
r,throughput,arxiv-r-throughput_10000,throughput,default_accumulator,128,4,2088,0.99895,1770.617536759701,5.647753341,0.0,0.0,0.0
r,throughput,arxiv-r-throughput_10000,throughput,automatic_legacy,128,4,2088,0.94544,3110.845690987294,3.214566787,0.0,0.0,0.0584
r,throughput,arxiv-r-throughput_10000,throughput,automatic_accumulator,128,4,2088,0.98063,3061.196251824589,3.266703444,0.0,0.0,0.0
r,throughput,arxiv-r-throughput_10000,throughput,default_cagra,256,1,0,0.98302,7417.1957762923785,1.34822436,0.0,0.0,0.0199
r,throughput,arxiv-r-throughput_10000,throughput,default_accumulator,256,1,0,0.99029,7401.1402479761855,1.351149445,0.0,0.0,0.0005
r,throughput,arxiv-r-throughput_10000,throughput,automatic_legacy,256,1,0,0.97035,7464.938767046614,1.339602311,0.0,0.0,0.0459
r,throughput,arxiv-r-throughput_10000,throughput,automatic_accumulator,256,1,0,0.99024,7449.65937005989,1.342360146,0.0,0.0,0.0004
r,throughput,arxiv-r-throughput_10000,throughput,default_cagra,256,1,522,0.98966,3742.526697658715,2.671998365,0.0,0.0,0.0102
r,throughput,arxiv-r-throughput_10000,throughput,default_accumulator,256,1,522,0.99777,3739.22637783013,2.674356631,0.0,0.0,0.0003
r,throughput,arxiv-r-throughput_10000,throughput,automatic_legacy,256,1,522,0.9711,7049.004819638885,1.418646589,0.0,0.0,0.0448
r,throughput,arxiv-r-throughput_10000,throughput,automatic_accumulator,256,1,522,0.99121,6992.268619204832,1.430157631,0.0,0.0,0.0002
r,throughput,arxiv-r-throughput_10000,throughput,default_cagra,256,1,1044,0.99103,2353.9981426856048,4.248097725,0.0,0.0,0.0039
r,throughput,arxiv-r-throughput_10000,throughput,default_accumulator,256,1,1044,0.99941,2348.4264393640356,4.258176565,0.0,0.0,0.0001
r,throughput,arxiv-r-throughput_10000,throughput,automatic_legacy,256,1,1044,0.97141,5761.812402545966,1.735571923,0.0,0.0,0.0432
r,throughput,arxiv-r-throughput_10000,throughput,automatic_accumulator,256,1,1044,0.99163,5713.694405697134,1.750188228,0.0,0.0,0.0
r,throughput,arxiv-r-throughput_10000,throughput,default_cagra,256,1,2088,0.99125,1712.6170562925713,5.839023023,0.0,0.0,0.0009
r,throughput,arxiv-r-throughput_10000,throughput,default_accumulator,256,1,2088,0.99968,1712.1558431946219,5.840596811,0.0,0.0,0.0
r,throughput,arxiv-r-throughput_10000,throughput,automatic_legacy,256,1,2088,0.97157,4281.456183636366,2.335660028,0.0,0.0,0.0427
r,throughput,arxiv-r-throughput_10000,throughput,automatic_accumulator,256,1,2088,0.99181,4235.7964585870905,2.360837926,0.0,0.0,0.0
r,throughput,arxiv-r-throughput_10000,throughput,default_cagra,256,1,4176,0.99135,1387.1749606285152,7.208902432,0.0,0.0,0.0002
r,throughput,arxiv-r-throughput_10000,throughput,default_accumulator,256,1,4176,0.99978,1384.6798527309684,7.221891517,0.0,0.0,0.0
r,throughput,arxiv-r-throughput_10000,throughput,automatic_legacy,256,1,4176,0.97164,2880.347555094469,3.471810014,0.0,0.0,0.0423
r,throughput,arxiv-r-throughput_10000,throughput,automatic_accumulator,256,1,4176,0.99188,2835.227055856463,3.527061603,0.0,0.0,0.0
r,throughput,arxiv-r-throughput_10000,throughput,default_cagra,256,1,7569,0.99136,1166.1027138572645,8.575580273,0.0,0.0,0.0
r,throughput,arxiv-r-throughput_10000,throughput,default_accumulator,256,1,7569,0.99979,1157.8033229443602,8.637051818,0.0,0.0,0.0
r,throughput,arxiv-r-throughput_10000,throughput,automatic_legacy,256,1,7569,0.97166,2004.7385351178914,4.988187616,0.0,0.0,0.0423
r,throughput,arxiv-r-throughput_10000,throughput,automatic_accumulator,256,1,7569,0.9919,1972.0936416229586,5.070758805,0.0,0.0,0.0
r,throughput,arxiv-r-throughput_10000,throughput,default_cagra,256,2,0,0.98319,7440.1707005931,1.344060406,0.0,0.0,0.0192
r,throughput,arxiv-r-throughput_10000,throughput,default_accumulator,256,2,0,0.99044,7437.20874908894,1.344595676,0.0,0.0,0.0005
r,throughput,arxiv-r-throughput_10000,throughput,automatic_legacy,256,2,0,0.97028,7583.069142335855,1.31873386,0.0,0.0,0.0443
r,throughput,arxiv-r-throughput_10000,throughput,automatic_accumulator,256,2,0,0.99021,7569.146906446291,1.32116025,0.0,0.0,0.0006
r,throughput,arxiv-r-throughput_10000,throughput,default_cagra,256,2,522,0.99109,2368.404515744393,4.222258571,0.0,0.0,0.004
r,throughput,arxiv-r-throughput_10000,throughput,default_accumulator,256,2,522,0.99944,2368.4577922097296,4.222162201,0.0,0.0,0.0001
r,throughput,arxiv-r-throughput_10000,throughput,automatic_legacy,256,2,522,0.97137,6104.463057494682,1.638152469,0.0,0.0,0.0415
r,throughput,arxiv-r-throughput_10000,throughput,automatic_accumulator,256,2,522,0.99166,6057.960086861049,1.650726403,0.0,0.0,0.0001
r,throughput,arxiv-r-throughput_10000,throughput,default_cagra,256,2,1044,0.9913,1738.347725124629,5.752595237,0.0,0.0,0.0011
r,throughput,arxiv-r-throughput_10000,throughput,default_accumulator,256,2,1044,0.9997,1740.060916473312,5.746931651,0.0,0.0,0.0
r,throughput,arxiv-r-throughput_10000,throughput,automatic_legacy,256,2,1044,0.97154,4708.955324110299,2.123619917,0.0,0.0,0.041
r,throughput,arxiv-r-throughput_10000,throughput,automatic_accumulator,256,2,1044,0.99184,4677.1276998116355,2.138088212,0.0,0.0,0.0
r,throughput,arxiv-r-throughput_10000,throughput,default_cagra,256,2,2088,0.9914,1427.1874463709698,7.006794016,0.0,0.0,0.0002
r,throughput,arxiv-r-throughput_10000,throughput,default_accumulator,256,2,2088,0.9998,1426.2896300460807,7.011204573,0.0,0.0,0.0
r,throughput,arxiv-r-throughput_10000,throughput,automatic_legacy,256,2,2088,0.9716,3310.8454245010616,3.020383135,0.0,0.0,0.0404
r,throughput,arxiv-r-throughput_10000,throughput,automatic_accumulator,256,2,2088,0.9919,3263.256447892399,3.064429484,0.0,0.0,0.0
r,throughput,arxiv-r-throughput_10000,throughput,default_cagra,256,2,4176,0.99141,1195.147518169757,8.367174023,0.0,0.0,0.0
r,throughput,arxiv-r-throughput_10000,throughput,default_accumulator,256,2,4176,0.99981,1191.533364694691,8.392554189,0.0,0.0,0.0
r,throughput,arxiv-r-throughput_10000,throughput,automatic_legacy,256,2,4176,0.9716,2193.8442741844647,4.558215074,0.0,0.0,0.0404
r,throughput,arxiv-r-throughput_10000,throughput,automatic_accumulator,256,2,4176,0.9919,2172.38348290598,4.603244531,0.0,0.0,0.0
r,throughput,arxiv-r-throughput_10000,throughput,default_cagra,256,2,7569,0.99141,1054.4262741770997,9.483836485,0.0,0.0,0.0
r,throughput,arxiv-r-throughput_10000,throughput,default_accumulator,256,2,7569,0.99981,1047.5918885097817,9.545707872,0.0,0.0,0.0
r,throughput,arxiv-r-throughput_10000,throughput,automatic_legacy,256,2,7569,0.9716,1815.8157798480893,5.507172552,0.0,0.0,0.0404
r,throughput,arxiv-r-throughput_10000,throughput,automatic_accumulator,256,2,7569,0.9919,1784.0408999524143,5.605259753,0.0,0.0,0.0
r,throughput,arxiv-r-throughput_10000,throughput,default_cagra,256,4,0,0.98342,7377.547766488763,1.355470465,0.0,0.0,0.0182
r,throughput,arxiv-r-throughput_10000,throughput,default_accumulator,256,4,0,0.99095,7361.505833841834,1.358423759,0.0,0.0,0.0004
r,throughput,arxiv-r-throughput_10000,throughput,automatic_legacy,256,4,0,0.97032,7679.627894130422,1.302153016,0.0,0.0,0.0426
r,throughput,arxiv-r-throughput_10000,throughput,automatic_accumulator,256,4,0,0.99044,7675.473860743115,1.302857661,0.0,0.0,0.0003
r,throughput,arxiv-r-throughput_10000,throughput,default_cagra,256,4,522,0.99113,1751.026363402472,5.71094179,0.0,0.0,0.0009
r,throughput,arxiv-r-throughput_10000,throughput,default_accumulator,256,4,522,0.9997,1751.1132583466156,5.71065909,0.0,0.0,0.0
r,throughput,arxiv-r-throughput_10000,throughput,automatic_legacy,256,4,522,0.97144,5000.725722784348,1.999716168,0.0,0.0,0.0394
r,throughput,arxiv-r-throughput_10000,throughput,automatic_accumulator,256,4,522,0.99196,4973.401369180623,2.010702132,0.0,0.0,0.0
r,throughput,arxiv-r-throughput_10000,throughput,default_cagra,256,4,1044,0.99121,1442.2968630838204,6.933391434,0.0,0.0,0.0001
r,throughput,arxiv-r-throughput_10000,throughput,default_accumulator,256,4,1044,0.99979,1440.9007427880115,6.940109537,0.0,0.0,0.0
r,throughput,arxiv-r-throughput_10000,throughput,automatic_legacy,256,4,1044,0.97151,3584.2195578307433,2.790014184,0.0,0.0,0.0388
r,throughput,arxiv-r-throughput_10000,throughput,automatic_accumulator,256,4,1044,0.99203,3566.3102055835852,2.804026288,0.0,0.0,0.0
r,throughput,arxiv-r-throughput_10000,throughput,default_cagra,256,4,2088,0.99122,1233.382631641096,8.107790247,0.0,0.0,0.0
r,throughput,arxiv-r-throughput_10000,throughput,default_accumulator,256,4,2088,0.9998,1230.3382964898494,8.127852466,0.0,0.0,0.0
r,throughput,arxiv-r-throughput_10000,throughput,automatic_legacy,256,4,2088,0.97151,2461.4607993394566,4.062635227,0.0,0.0,0.0388
r,throughput,arxiv-r-throughput_10000,throughput,automatic_accumulator,256,4,2088,0.99203,2425.202600464735,4.123373722,0.0,0.0,0.0
r,throughput,arxiv-r-throughput_10000,throughput,default_cagra,512,1,0,0.9942,3793.928122915959,2.635800277,0.0,0.0,0.0075
r,throughput,arxiv-r-throughput_10000,throughput,default_accumulator,512,1,0,0.99738,3784.149541484171,2.642606916,0.0,0.0,0.0002
r,throughput,arxiv-r-throughput_10000,throughput,automatic_legacy,512,1,0,0.9892,3830.1835790102955,2.610848167,0.0,0.0,0.0195
r,throughput,arxiv-r-throughput_10000,throughput,automatic_accumulator,512,1,0,0.99736,3814.051655494375,2.621889979,0.0,0.0,0.0002
r,throughput,arxiv-r-throughput_10000,throughput,default_cagra,512,1,522,0.99425,3746.575061369585,2.669110345,0.0,0.0,0.0078
r,throughput,arxiv-r-throughput_10000,throughput,default_accumulator,512,1,522,0.99742,3742.224594701962,2.672213304,0.0,0.0,0.0002
r,throughput,arxiv-r-throughput_10000,throughput,automatic_legacy,512,1,522,0.98921,3819.1940671009656,2.618359722,0.0,0.0,0.0195
r,throughput,arxiv-r-throughput_10000,throughput,automatic_accumulator,512,1,522,0.99737,3810.7656865289355,2.62415056,0.0,0.0,0.0002
r,throughput,arxiv-r-throughput_10000,throughput,default_cagra,512,1,1044,0.99597,1941.765782055554,5.149957652,0.0,0.0,0.0034
r,throughput,arxiv-r-throughput_10000,throughput,default_accumulator,512,1,1044,0.99937,1941.7306315021067,5.150069708,0.0,0.0,0.0
r,throughput,arxiv-r-throughput_10000,throughput,automatic_legacy,512,1,1044,0.9894,3712.6441275297548,2.693505006,0.0,0.0,0.019
r,throughput,arxiv-r-throughput_10000,throughput,automatic_accumulator,512,1,1044,0.99763,3703.122775631011,2.700429526,0.0,0.0,0.0
r,throughput,arxiv-r-throughput_10000,throughput,default_cagra,512,1,2088,0.99637,1245.172321071741,8.031023047,0.0,0.0,0.0008
r,throughput,arxiv-r-throughput_10000,throughput,default_accumulator,512,1,2088,0.99983,1243.9710936286167,8.038777937,0.0,0.0,0.0
r,throughput,arxiv-r-throughput_10000,throughput,automatic_legacy,512,1,2088,0.98948,3132.9293600140695,3.191907126,0.0,0.0,0.0185
r,throughput,arxiv-r-throughput_10000,throughput,automatic_accumulator,512,1,2088,0.99776,3110.5955058542468,3.214825596,0.0,0.0,0.0
r,throughput,arxiv-r-throughput_10000,throughput,default_cagra,512,1,4176,0.99648,929.5131428952983,10.758326438,0.0,0.0,0.0001
r,throughput,arxiv-r-throughput_10000,throughput,default_accumulator,512,1,4176,0.99995,929.0108816942529,10.764142754,0.0,0.0,0.0
r,throughput,arxiv-r-throughput_10000,throughput,automatic_legacy,512,1,4176,0.98957,2369.515517136845,4.22027875,0.0,0.0,0.0181
r,throughput,arxiv-r-throughput_10000,throughput,automatic_accumulator,512,1,4176,0.99785,2347.3756785338355,4.260100889,0.0,0.0,0.0
r,throughput,arxiv-r-throughput_10000,throughput,default_cagra,512,1,7569,0.99648,791.7292292989578,12.63058752,0.0,0.0,0.0
r,throughput,arxiv-r-throughput_10000,throughput,default_accumulator,512,1,7569,0.99995,789.8530603420768,12.660588589,0.0,0.0,0.0
r,throughput,arxiv-r-throughput_10000,throughput,automatic_legacy,512,1,7569,0.98957,1757.4958705054034,5.689919709,0.0,0.0,0.0181
r,throughput,arxiv-r-throughput_10000,throughput,automatic_accumulator,512,1,7569,0.99785,1735.9193583228607,5.760642982,0.0,0.0,0.0
r,throughput,arxiv-r-throughput_10000,throughput,default_cagra,512,2,0,0.99427,3791.8547572847515,2.637237567,0.0,0.0,0.0075
r,throughput,arxiv-r-throughput_10000,throughput,default_accumulator,512,2,0,0.99741,3791.5198619669795,2.637470189,0.0,0.0,0.0002
r,throughput,arxiv-r-throughput_10000,throughput,automatic_legacy,512,2,0,0.98917,3845.8902606791435,2.600184769,0.0,0.0,0.0186
r,throughput,arxiv-r-throughput_10000,throughput,automatic_accumulator,512,2,0,0.99736,3840.1452668472857,2.604074004,0.0,0.0,0.0002
r,throughput,arxiv-r-throughput_10000,throughput,default_cagra,512,2,522,0.996,1952.0109774256086,5.122927667,0.0,0.0,0.0034
r,throughput,arxiv-r-throughput_10000,throughput,default_accumulator,512,2,522,0.99936,1951.3453676880868,5.124674911,0.0,0.0,0.0
r,throughput,arxiv-r-throughput_10000,throughput,automatic_legacy,512,2,522,0.98935,3764.468074265559,2.65644415,0.0,0.0,0.0181
r,throughput,arxiv-r-throughput_10000,throughput,automatic_accumulator,512,2,522,0.99762,3756.307550795695,2.662194734,0.0,0.0,0.0
r,throughput,arxiv-r-throughput_10000,throughput,default_cagra,512,2,1044,0.99641,1249.4423965032524,8.003576248,0.0,0.0,0.0007
r,throughput,arxiv-r-throughput_10000,throughput,default_accumulator,512,2,1044,0.99983,1248.6187744783142,8.008855078,0.0,0.0,0.0
r,throughput,arxiv-r-throughput_10000,throughput,automatic_legacy,512,2,1044,0.98942,3289.9660189568663,3.039550907,0.0,0.0,0.0177
r,throughput,arxiv-r-throughput_10000,throughput,automatic_accumulator,512,2,1044,0.99773,3273.8690137022795,3.054496838,0.0,0.0,0.0
r,throughput,arxiv-r-throughput_10000,throughput,default_cagra,512,2,2088,0.99652,941.6244067695136,10.61995154,0.0,0.0,0.0001
r,throughput,arxiv-r-throughput_10000,throughput,default_accumulator,512,2,2088,0.99995,939.9756522685775,10.638579463,0.0,0.0,0.0
r,throughput,arxiv-r-throughput_10000,throughput,automatic_legacy,512,2,2088,0.98954,2596.098546765022,3.85194022,0.0,0.0,0.0173
r,throughput,arxiv-r-throughput_10000,throughput,automatic_accumulator,512,2,2088,0.99785,2579.1080408551184,3.877315669,0.0,0.0,0.0
r,throughput,arxiv-r-throughput_10000,throughput,default_cagra,512,2,4176,0.99653,792.0535985849613,12.62541436,0.0,0.0,0.0
r,throughput,arxiv-r-throughput_10000,throughput,default_accumulator,512,2,4176,0.99996,791.5628660398978,12.633241264,0.0,0.0,0.0
r,throughput,arxiv-r-throughput_10000,throughput,automatic_legacy,512,2,4176,0.98954,1884.6944625191807,5.305906785,0.0,0.0,0.0173
r,throughput,arxiv-r-throughput_10000,throughput,automatic_accumulator,512,2,4176,0.99785,1867.1011602742158,5.355902436,0.0,0.0,0.0
r,throughput,arxiv-r-throughput_10000,throughput,default_cagra,512,2,7569,0.99653,713.9917551088021,14.005769605,0.0,0.0,0.0
r,throughput,arxiv-r-throughput_10000,throughput,default_accumulator,512,2,7569,0.99996,711.7100255870218,14.050672118,0.0,0.0,0.0
r,throughput,arxiv-r-throughput_10000,throughput,automatic_legacy,512,2,7569,0.98954,1453.3504645520575,6.880659487,0.0,0.0,0.0173
r,throughput,arxiv-r-throughput_10000,throughput,automatic_accumulator,512,2,7569,0.99785,1430.4198626861564,6.990960841,0.0,0.0,0.0
r,throughput,arxiv-r-throughput_10000,throughput,default_cagra,512,4,0,0.99432,3832.725254919973,2.609115283,0.0,0.0,0.0073
r,throughput,arxiv-r-throughput_10000,throughput,default_accumulator,512,4,0,0.99744,3827.179425094481,2.612896238,0.0,0.0,0.0002
r,throughput,arxiv-r-throughput_10000,throughput,automatic_legacy,512,4,0,0.98913,3940.483756120213,2.537765628,0.0,0.0,0.0182
r,throughput,arxiv-r-throughput_10000,throughput,automatic_accumulator,512,4,0,0.99737,3935.306992496919,2.541104406,0.0,0.0,0.0002
r,throughput,arxiv-r-throughput_10000,throughput,default_cagra,512,4,522,0.99643,1268.7626855808892,7.881700943,0.0,0.0,0.0008
r,throughput,arxiv-r-throughput_10000,throughput,default_accumulator,512,4,522,0.99983,1267.4008353781226,7.890169855,0.0,0.0,0.0
r,throughput,arxiv-r-throughput_10000,throughput,automatic_legacy,512,4,522,0.98941,3444.8557748093376,2.902885824,0.0,0.0,0.0171
r,throughput,arxiv-r-throughput_10000,throughput,automatic_accumulator,512,4,522,0.99778,3432.8440243184887,2.913042864,0.0,0.0,0.0
r,throughput,arxiv-r-throughput_10000,throughput,default_cagra,512,4,1044,0.99654,957.3022234797407,10.446028179,0.0,0.0,0.0001
r,throughput,arxiv-r-throughput_10000,throughput,default_accumulator,512,4,1044,0.99995,956.7903605783031,10.45162895,0.0,0.0,0.0
r,throughput,arxiv-r-throughput_10000,throughput,automatic_legacy,512,4,1044,0.98948,2786.352460916865,3.588927244,0.0,0.0,0.0167
r,throughput,arxiv-r-throughput_10000,throughput,automatic_accumulator,512,4,1044,0.99785,2762.6760465925267,3.61968837,0.0,0.0,0.0
r,throughput,arxiv-r-throughput_10000,throughput,default_cagra,512,4,2088,0.99655,811.7011985649089,12.319810404,0.0,0.0,0.0
r,throughput,arxiv-r-throughput_10000,throughput,default_accumulator,512,4,2088,0.99996,812.1285415872738,12.31332782,0.0,0.0,0.0
r,throughput,arxiv-r-throughput_10000,throughput,automatic_legacy,512,4,2088,0.98949,2079.1500362510824,4.809663739,0.0,0.0,0.0167
r,throughput,arxiv-r-throughput_10000,throughput,automatic_accumulator,512,4,2088,0.99786,2056.5132003232025,4.862605921,0.0,0.0,0.0
