query_id,recall,iterations,resolved_max_iterations,stop_reason,terminal_valid,terminal_pass,terminal_reject,terminal_unexpanded_pass,terminal_unexpanded_reject,expanded_pass_parents,expanded_reject_parents,candidate_attempts,candidate_evaluations,candidate_duplicate_or_full,candidate_duplicates,candidate_hash_full,passing_candidates,rejected_candidates,penalized_candidates,accumulator_observations,accumulator_insertions,gt_seen_mask,output_count,hash_bitlen,small_hash_bitlen,small_hash_reset_interval,resolved_filtering_rate,reference_penalty,query_penalty,terminal_cutoff,best_unexpanded_distance,worst_retained_distance,kth_passing_raw_distance,gt_first_iteration_0,gt_first_iteration_1,gt_first_iteration_2,gt_first_iteration_3,gt_first_iteration_4,gt_first_iteration_5,gt_first_iteration_6,gt_first_iteration_7,gt_first_iteration_8,gt_first_iteration_9
0,0.5,262,262,1,512,5,507,0,507,5,517,16704,6345,10359,10359,0,5,6340,0,5,5,31,5,16,0,1048576,0.999899983,0,0,1.23799133,0.973129272,1.23799133,inf,6,6,7,5,5,4294967295,4294967295,4294967295,4294967295,4294967295
1,0.400000006,262,262,1,512,1,511,0,511,1,521,16704,5826,10878,10878,0,4,5822,0,4,4,23,4,16,0,1048576,0.999899983,0,0,1.03900146,0.831619263,1.03900146,inf,7,61,103,4294967295,97,4294967295,4294967295,4294967295,4294967295,4294967295
2,0,262,262,1,512,0,512,0,512,0,522,16704,7740,8964,8964,0,0,7740,0,0,0,0,0,16,0,1048576,0.999899983,0,0,0.819519043,0.674606323,0.819519043,inf,4294967295,4294967295,4294967295,4294967295,4294967295,4294967295,4294967295,4294967295,4294967295,4294967295
3,0.100000001,262,262,1,512,0,512,0,512,0,522,16704,6111,10593,10593,0,1,6110,0,1,1,1,1,16,0,1048576,0.999899983,0,0,0.884170532,0.671569824,0.884170532,inf,253,4294967295,4294967295,4294967295,4294967295,4294967295,4294967295,4294967295,4294967295,4294967295
4,0.800000012,262,262,1,512,7,505,1,505,6,516,16704,10715,5989,5989,0,13,10702,0,13,12,255,10,16,0,1048576,0.999899983,0,0,1.23405457,1.08776855,1.23405457,1.33914185,4,13,13,13,4,14,91,13,4294967295,4294967295
5,0.600000024,262,262,1,512,2,510,0,510,2,520,16704,9119,7585,7585,0,8,9111,0,8,8,63,8,16,0,1048576,0.999899983,0,0,1.13621521,0.977752686,1.13621521,inf,15,15,7,212,15,15,4294967295,4294967295,4294967295,4294967295
6,1,262,262,1,512,15,497,4,497,11,511,16704,5554,11150,11150,0,30,5524,0,30,14,1023,10,16,0,1048576,0.999899983,0,0,0.94430542,0.673416138,0.94430542,0.648681641,7,4,5,3,9,36,4,13,7,23
7,0,262,262,1,512,0,512,0,512,0,522,16704,7155,9549,9549,0,1,7154,0,1,1,0,1,16,0,1048576,0.999899983,0,0,1.42961121,1.20755005,1.42961121,inf,4294967295,4294967295,4294967295,4294967295,4294967295,4294967295,4294967295,4294967295,4294967295,4294967295
8,0,262,262,1,512,0,512,0,512,0,522,16704,10341,6363,6363,0,0,10341,0,0,0,0,0,16,0,1048576,0.999899983,0,0,1.1149292,1.02159119,1.1149292,inf,4294967295,4294967295,4294967295,4294967295,4294967295,4294967295,4294967295,4294967295,4294967295,4294967295
9,0.100000001,262,262,1,512,0,512,0,512,0,522,16704,11747,4957,4957,0,2,11745,0,2,2,2,2,16,0,1048576,0.999899983,0,0,1.19319153,1.09086609,1.19319153,inf,4294967295,191,4294967295,4294967295,4294967295,4294967295,4294967295,4294967295,4294967295,4294967295
10,0,262,262,1,512,0,512,0,512,0,522,16704,10494,6210,6210,0,0,10494,0,0,0,0,0,16,0,1048576,0.999899983,0,0,1.11233521,0.973678589,1.11233521,inf,4294967295,4294967295,4294967295,4294967295,4294967295,4294967295,4294967295,4294967295,4294967295,4294967295
11,0.300000012,262,262,1,512,0,512,0,512,0,522,16704,7988,8716,8716,0,3,7985,0,3,3,21,3,16,0,1048576,0.999899983,0,0,1.09022522,0.898605347,1.09022522,inf,10,4294967295,88,4294967295,246,4294967295,4294967295,4294967295,4294967295,4294967295
12,0,262,262,1,512,0,512,0,512,0,522,16704,13149,3555,3555,0,0,13149,0,0,0,0,0,16,0,1048576,0.999899983,0,0,1.52630615,1.32814026,1.52630615,inf,4294967295,4294967295,4294967295,4294967295,4294967295,4294967295,4294967295,4294967295,4294967295,4294967295
13,0,262,262,1,512,0,512,0,512,0,522,16704,6234,10470,10470,0,0,6234,0,0,0,0,0,16,0,1048576,0.999899983,0,0,1.10636902,0.898391724,1.10636902,inf,4294967295,4294967295,4294967295,4294967295,4294967295,4294967295,4294967295,4294967295,4294967295,4294967295
14,0,262,262,1,512,0,512,0,512,0,522,16704,7037,9667,9667,0,0,7037,0,0,0,0,0,16,0,1048576,0.999899983,0,0,1.02362061,0.864379883,1.02362061,inf,4294967295,4294967295,4294967295,4294967295,4294967295,4294967295,4294967295,4294967295,4294967295,4294967295
15,0,262,262,1,512,0,512,0,512,0,522,16704,2830,13874,13874,0,0,2830,0,0,0,0,0,16,0,1048576,0.999899983,0,0,1.36103821,0.925338745,1.36103821,inf,4294967295,4294967295,4294967295,4294967295,4294967295,4294967295,4294967295,4294967295,4294967295,4294967295
16,0.100000001,262,262,1,512,0,512,0,512,0,522,16704,11916,4788,4788,0,1,11915,0,1,1,32,1,16,0,1048576,0.999899983,0,0,0.989440918,0.86756897,0.989440918,inf,4294967295,4294967295,4294967295,4294967295,4294967295,187,4294967295,4294967295,4294967295,4294967295
17,0,262,262,1,512,0,512,0,512,0,522,16704,11339,5365,5365,0,0,11339,0,0,0,0,0,16,0,1048576,0.999899983,0,0,1.28839111,1.09318542,1.28839111,inf,4294967295,4294967295,4294967295,4294967295,4294967295,4294967295,4294967295,4294967295,4294967295,4294967295
18,0.400000006,262,262,1,512,2,510,0,510,2,520,16704,7111,9593,9593,0,4,7107,0,4,4,23,4,16,0,1048576,0.999899983,0,0,1.03085327,0.809616089,1.03085327,inf,40,12,22,4294967295,167,4294967295,4294967295,4294967295,4294967295,4294967295
19,0.5,262,262,1,512,1,511,1,511,0,522,16704,6203,10501,10501,0,5,6198,0,5,5,527,5,16,0,1048576,0.999899983,0,0,1.01071167,0.806594849,1.01071167,inf,13,184,151,62,4294967295,4294967295,4294967295,4294967295,4294967295,123
20,0.5,262,262,1,512,1,511,0,511,1,521,16704,10334,6370,6370,0,5,10329,0,5,5,107,5,16,0,1048576,0.999899983,0,0,1.06622314,0.941970825,1.06622314,inf,17,101,4294967295,75,4294967295,16,16,4294967295,4294967295,4294967295
21,0.600000024,262,262,1,512,4,508,2,508,2,520,16704,10316,6388,6388,0,6,10310,0,6,6,63,6,16,0,1048576,0.999899983,0,0,1.12556458,1.01109314,1.12556458,inf,8,11,9,80,9,160,4294967295,4294967295,4294967295,4294967295
22,0.100000001,262,262,1,512,0,512,0,512,0,522,16704,9933,6771,6771,0,1,9932,0,1,1,1,1,16,0,1048576,0.999899983,0,0,1.00115967,0.873809814,1.00115967,inf,199,4294967295,4294967295,4294967295,4294967295,4294967295,4294967295,4294967295,4294967295,4294967295
23,0.100000001,262,262,1,512,1,511,1,511,0,522,16704,9995,6709,6709,0,1,9994,0,1,1,1,1,16,0,1048576,0.999899983,0,0,1.00656128,0.82434082,1.00656128,inf,12,4294967295,4294967295,4294967295,4294967295,4294967295,4294967295,4294967295,4294967295,4294967295
24,0,262,262,1,512,0,512,0,512,0,522,16704,6942,9762,9762,0,0,6942,0,0,0,0,0,16,0,1048576,0.999899983,0,0,1.12210083,0.955581665,1.12210083,inf,4294967295,4294967295,4294967295,4294967295,4294967295,4294967295,4294967295,4294967295,4294967295,4294967295
25,0,262,262,1,512,0,512,0,512,0,522,16704,12356,4348,4348,0,1,12355,0,1,1,0,1,16,0,1048576,0.999899983,0,0,1.07038879,0.916946411,1.07038879,inf,4294967295,4294967295,4294967295,4294967295,4294967295,4294967295,4294967295,4294967295,4294967295,4294967295
26,1,262,262,1,512,16,496,5,496,11,511,16704,7348,9356,9356,0,27,7321,0,27,14,1023,10,16,0,1048576,0.999899983,0,0,0.859786987,0.619186401,0.859786987,0.570297241,8,4,21,40,11,15,4,14,15,24
27,0,262,262,1,512,0,512,0,512,0,522,16704,8441,8263,8263,0,0,8441,0,0,0,0,0,16,0,1048576,0.999899983,0,0,1.18974304,1.02476501,1.18974304,inf,4294967295,4294967295,4294967295,4294967295,4294967295,4294967295,4294967295,4294967295,4294967295,4294967295
28,0,262,262,1,512,0,512,0,512,0,522,16704,10929,5775,5775,0,0,10929,0,0,0,0,0,16,0,1048576,0.999899983,0,0,0.978713989,0.874664307,0.978713989,inf,4294967295,4294967295,4294967295,4294967295,4294967295,4294967295,4294967295,4294967295,4294967295,4294967295
29,0.5,262,262,1,512,5,507,0,507,5,517,16704,8044,8660,8660,0,5,8039,0,5,5,31,5,16,0,1048576,0.999899983,0,0,0.817840576,0.678115845,0.817840576,inf,5,6,6,6,13,4294967295,4294967295,4294967295,4294967295,4294967295
30,0.400000006,262,262,1,512,4,508,0,508,4,518,16704,11427,5277,5277,0,4,11423,0,4,4,15,4,16,0,1048576,0.999899983,0,0,1.20748901,1.09986877,1.20748901,inf,5,5,6,29,4294967295,4294967295,4294967295,4294967295,4294967295,4294967295
31,0.800000012,262,262,1,512,4,508,2,508,2,520,16704,11612,5092,5092,0,12,11600,0,12,10,255,10,16,0,1048576,0.999899983,0,0,1.18489075,0.987426758,1.18489075,1.15504456,11,76,16,34,94,20,50,50,4294967295,4294967295
32,1,262,262,1,512,7,505,2,505,5,517,16704,9048,7656,7656,0,22,9026,0,22,15,1023,10,16,0,1048576,0.999899983,0,0,1.47398376,1.28544617,1.47398376,1.40156555,13,17,9,19,256,18,11,69,38,89
33,0.200000003,262,262,1,512,1,511,1,511,0,522,16704,10866,5838,5838,0,2,10864,0,2,2,9,2,16,0,1048576,0.999899983,0,0,0.778030396,0.650039673,0.778030396,inf,14,4294967295,4294967295,234,4294967295,4294967295,4294967295,4294967295,4294967295,4294967295
34,0,262,262,1,512,0,512,0,512,0,522,16704,10691,6013,6013,0,0,10691,0,0,0,0,0,16,0,1048576,0.999899983,0,0,0.95199585,0.83605957,0.95199585,inf,4294967295,4294967295,4294967295,4294967295,4294967295,4294967295,4294967295,4294967295,4294967295,4294967295
35,0,262,262,1,512,0,512,0,512,0,522,16704,7455,9249,9249,0,0,7455,0,0,0,0,0,16,0,1048576,0.999899983,0,0,0.607635498,0.505569458,0.607635498,inf,4294967295,4294967295,4294967295,4294967295,4294967295,4294967295,4294967295,4294967295,4294967295,4294967295
36,0.100000001,262,262,1,512,1,511,1,511,0,522,16704,6801,9903,9903,0,1,6800,0,1,1,1,1,16,0,1048576,0.999899983,0,0,0.685668945,0.583435059,0.685668945,inf,5,4294967295,4294967295,4294967295,4294967295,4294967295,4294967295,4294967295,4294967295,4294967295
37,0.100000001,262,262,1,512,0,512,0,512,0,522,16704,12643,4061,4061,0,1,12642,0,1,1,1,1,16,0,1048576,0.999899983,0,0,1.26365662,1.17008972,1.26365662,inf,93,4294967295,4294967295,4294967295,4294967295,4294967295,4294967295,4294967295,4294967295,4294967295
38,0,262,262,1,512,0,512,0,512,0,522,16704,8221,8483,8483,0,0,8221,0,0,0,0,0,16,0,1048576,0.999800026,0,0,1.34892273,1.09274292,1.34892273,inf,4294967295,4294967295,4294967295,4294967295,4294967295,4294967295,4294967295,4294967295,4294967295,4294967295
39,0,262,262,1,512,0,512,0,512,0,522,16704,11451,5253,5253,0,0,11451,0,0,0,0,0,16,0,1048576,0.999899983,0,0,1.25509644,1.13352966,1.25509644,inf,4294967295,4294967295,4294967295,4294967295,4294967295,4294967295,4294967295,4294967295,4294967295,4294967295
40,0.300000012,262,262,1,512,2,510,1,510,1,521,16704,8390,8314,8314,0,3,8387,0,3,3,7,3,16,0,1048576,0.999899983,0,0,1.12611389,0.905044556,1.12611389,inf,3,112,90,4294967295,4294967295,4294967295,4294967295,4294967295,4294967295,4294967295
41,0.800000012,262,262,1,512,3,509,1,509,2,520,16704,4694,12010,12010,0,12,4682,0,12,12,255,10,16,0,1048576,0.999899983,0,0,0.803085327,0.586471558,0.803085327,0.956008911,17,20,8,21,146,174,48,45,4294967295,4294967295
42,0.100000001,262,262,1,512,0,512,0,512,0,522,16704,6431,10273,10273,0,1,6430,0,1,1,2,1,16,0,1048576,0.999899983,0,0,1.32717896,1.05754089,1.32717896,inf,4294967295,253,4294967295,4294967295,4294967295,4294967295,4294967295,4294967295,4294967295,4294967295
43,0.400000006,262,262,1,512,2,510,1,510,1,521,16704,7163,9541,9541,0,4,7159,0,4,4,15,4,16,0,1048576,0.999899983,0,0,0.939483643,0.750808716,0.939483643,inf,69,178,53,206,4294967295,4294967295,4294967295,4294967295,4294967295,4294967295
44,0.100000001,262,262,1,512,0,512,0,512,0,522,16704,7969,8735,8735,0,1,7968,0,1,1,1,1,16,0,1048576,0.999899983,0,0,1.21072388,0.986450195,1.21072388,inf,182,4294967295,4294967295,4294967295,4294967295,4294967295,4294967295,4294967295,4294967295,4294967295
45,0.899999976,262,262,1,512,4,508,2,508,2,520,16704,11520,5184,5184,0,19,11501,0,19,16,1021,10,16,0,1048576,0.999899983,0,0,1.40786743,1.30656433,1.40786743,1.43925476,7,4294967295,62,95,49,88,14,174,126,109
46,0.300000012,262,262,1,512,1,511,0,511,1,521,16704,7705,8999,8999,0,3,7702,0,3,3,7,3,16,0,1048576,0.999899983,0,0,0.802001953,0.661621094,0.802001953,inf,12,32,50,4294967295,4294967295,4294967295,4294967295,4294967295,4294967295,4294967295
47,0,262,262,1,512,0,512,0,512,0,522,16704,11002,5702,5702,0,0,11002,0,0,0,0,0,16,0,1048576,0.999899983,0,0,1.14039612,1.00949097,1.14039612,inf,4294967295,4294967295,4294967295,4294967295,4294967295,4294967295,4294967295,4294967295,4294967295,4294967295
48,0,262,262,1,512,0,512,0,512,0,522,16704,11004,5700,5700,0,0,11004,0,0,0,0,0,16,0,1048576,0.999899983,0,0,1.46334839,1.31973267,1.46334839,inf,4294967295,4294967295,4294967295,4294967295,4294967295,4294967295,4294967295,4294967295,4294967295,4294967295
49,0.100000001,262,262,1,512,1,511,0,511,1,521,16704,6810,9894,9894,0,1,6809,0,1,1,1,1,16,0,1048576,0.999899983,0,0,0.931503296,0.676620483,0.931503296,inf,7,4294967295,4294967295,4294967295,4294967295,4294967295,4294967295,4294967295,4294967295,4294967295
50,0,262,262,1,512,0,512,0,512,0,522,16704,10730,5974,5974,0,0,10730,0,0,0,0,0,16,0,1048576,0.999899983,0,0,0.90461731,0.763519287,0.90461731,inf,4294967295,4294967295,4294967295,4294967295,4294967295,4294967295,4294967295,4294967295,4294967295,4294967295
51,0.100000001,262,262,1,512,0,512,0,512,0,522,16704,7784,8920,8920,0,1,7783,0,1,1,4,1,16,0,1048576,0.999899983,0,0,0.806228638,0.6587677,0.806228638,inf,4294967295,4294967295,127,4294967295,4294967295,4294967295,4294967295,4294967295,4294967295,4294967295
52,0,262,262,1,512,0,512,0,512,0,522,16704,3841,12863,12863,0,0,3841,0,1,1,0,1,16,0,1048576,0.998899996,0,0,1.21202087,0.913085938,1.21202087,inf,4294967295,4294967295,4294967295,4294967295,4294967295,4294967295,4294967295,4294967295,4294967295,4294967295
53,0.800000012,262,262,1,512,3,509,1,509,2,520,16704,5738,10966,10966,0,11,5727,0,11,11,479,10,16,0,1048576,0.999800026,0,0,1.23695374,0.934570312,1.23695374,1.32263184,5,3,58,39,238,4294967295,220,68,152,4294967295
54,0.400000006,262,262,1,512,2,510,1,510,1,521,16704,11561,5143,5143,0,22,11539,0,22,18,27,10,16,0,1048576,0.999899983,0,0,1.16503906,1.04125977,1.16503906,1.33787537,159,20,4294967295,72,2,4294967295,4294967295,4294967295,4294967295,4294967295
55,0.800000012,262,262,1,512,2,510,0,510,2,520,16704,8140,8564,8564,0,19,8121,0,20,15,383,10,16,0,1048576,0.999199986,0,0,1.729599,1.50300598,1.729599,1.83630371,13,169,24,166,81,81,5,4294967295,231,4294967295
56,0.200000003,262,262,1,512,1,511,0,511,1,521,16704,5251,11453,11453,0,2,5249,0,2,2,3,2,16,0,1048576,0.999899983,0,0,0.768661499,0.577590942,0.768661499,inf,3,119,4294967295,4294967295,4294967295,4294967295,4294967295,4294967295,4294967295,4294967295
57,0.899999976,262,262,1,512,26,486,10,486,17,505,16704,11356,5348,5348,0,226,11130,0,228,36,895,10,16,0,1048576,0.999300003,0,0,0.941619873,0.814559937,0.941619873,0.838821411,34,48,13,2,20,160,33,4294967295,167,15
58,1,262,262,1,512,9,503,6,503,3,519,16704,4702,12002,12002,0,35,4667,0,35,16,1023,10,16,0,1048576,0.999300003,0,0,0.96913147,0.713806152,0.96913147,0.822509766,4,36,8,44,22,141,188,140,3,26
59,0.300000012,262,262,1,512,0,512,0,512,1,521,16704,9053,7651,7651,0,11,9042,0,14,14,400,10,16,0,1048576,0.99879998,0,0,1.57624817,1.42816162,1.57624817,1.959198,4294967295,4294967295,4294967295,4294967295,161,4294967295,4294967295,126,222,4294967295
60,0.400000006,262,262,1,512,2,510,1,510,1,521,16704,7281,9423,9423,0,6,7275,0,6,6,15,6,16,0,1048576,0.999800026,0,0,1.52609253,1.28451538,1.52609253,inf,9,103,143,70,4294967295,4294967295,4294967295,4294967295,4294967295,4294967295
61,0,262,262,1,512,0,512,0,512,0,522,16704,9218,7486,7486,0,0,9218,0,0,0,0,0,16,0,1048576,0.999899983,0,0,0.758239746,0.650909424,0.758239746,inf,4294967295,4294967295,4294967295,4294967295,4294967295,4294967295,4294967295,4294967295,4294967295,4294967295
62,0.899999976,262,262,1,512,7,505,4,505,3,519,16704,8938,7766,7766,0,39,8899,0,39,16,511,10,16,0,1048576,0.999300003,0,0,1.41421509,1.23118591,1.41421509,1.35273743,35,25,19,7,36,123,77,3,15,4294967295
63,0.200000003,262,262,1,512,0,512,0,512,0,522,16704,10037,6667,6667,0,2,10035,0,2,2,17,2,16,0,1048576,0.999899983,0,0,0.799346924,0.667556763,0.799346924,inf,8,4294967295,4294967295,4294967295,100,4294967295,4294967295,4294967295,4294967295,4294967295
64,0.600000024,262,262,1,512,2,510,1,510,1,521,16704,9064,7640,7640,0,14,9050,0,16,14,627,10,16,0,1048576,0.998600006,0,0,1.08753967,0.972732544,1.08753967,1.18855286,26,32,4294967295,4294967295,75,37,52,4294967295,4294967295,171
65,0.899999976,262,262,1,512,5,507,3,507,3,519,16704,8873,7831,7831,0,35,8838,0,36,21,767,10,16,0,1048576,0.999300003,0,0,1.05107117,0.870452881,1.05107117,0.996826172,29,3,23,23,29,250,164,164,4294967295,37
66,1,262,262,1,512,35,477,10,477,25,497,16704,6807,9897,9897,0,134,6673,0,134,19,1023,10,16,0,1048576,0.99970001,0,0,0.931564331,0.756011963,0.931564331,0.661071777,14,2,4,6,16,12,6,25,35,9
67,0.899999976,262,262,1,512,7,505,6,505,1,521,16704,10150,6554,6554,0,41,10109,0,41,20,511,10,16,0,1048576,0.99879998,0,0,1.13739014,0.985061646,1.13739014,1.16455078,58,111,210,34,9,162,255,23,122,4294967295
68,0,262,262,1,512,0,512,0,512,0,522,16704,5801,10903,10903,0,0,5801,0,0,0,0,0,16,0,1048576,0.999899983,0,0,0.518722534,0.341583252,0.518722534,inf,4294967295,4294967295,4294967295,4294967295,4294967295,4294967295,4294967295,4294967295,4294967295,4294967295
69,1,262,262,1,512,30,482,11,482,19,503,16704,7040,9664,9664,0,119,6921,0,119,28,1023,10,16,0,1048576,0.99940002,0,0,1.46817017,1.26597595,1.46817017,1.21736145,2,13,16,102,13,44,2,17,1,54
70,1,262,262,1,512,93,419,46,419,47,475,16704,6660,10044,10044,0,335,6325,0,335,23,1023,10,16,0,1048576,0.999100029,0,0,0.82673645,0.646011353,0.82673645,0.529083252,8,4,9,6,9,8,6,44,31,14
71,0.400000006,262,262,1,512,3,509,1,509,2,520,16704,12492,4212,4212,0,15,12477,0,17,15,39,10,16,0,1048576,0.999100029,0,0,1.3235321,1.22134399,1.3235321,1.50764465,7,5,126,4294967295,4294967295,182,4294967295,4294967295,4294967295,4294967295
72,1,262,262,1,512,96,416,8,416,88,434,16704,9699,7005,7005,0,142,9557,0,142,22,1023,10,16,0,1048576,0.999899983,0,0,1.78753662,1.58387756,1.78753662,0.755813599,3,3,4,4,4,4,4,4,3,4
73,1,262,262,1,512,134,378,45,378,89,433,16704,8733,7971,7971,0,662,8071,0,662,33,1023,10,16,0,1048576,0.99940002,0,0,1.09150696,0.947738647,1.09150696,0.760070801,3,9,9,3,10,11,11,4,10,23
74,0.100000001,262,262,1,512,0,512,0,512,0,522,16704,8710,7994,7994,0,1,8709,0,1,1,1,1,16,0,1048576,0.999899983,0,0,1.19465637,0.980072021,1.19465637,inf,117,4294967295,4294967295,4294967295,4294967295,4294967295,4294967295,4294967295,4294967295,4294967295
75,0.600000024,262,262,1,512,1,511,1,511,0,522,16704,7497,9207,9207,0,9,7488,0,9,9,95,9,16,0,1048576,0.999899983,0,0,0.903488159,0.766067505,0.903488159,inf,15,192,216,213,174,4294967295,217,4294967295,4294967295,4294967295
76,0.699999988,262,262,1,512,5,507,3,507,2,520,16704,8693,8011,8011,0,16,8677,0,16,14,743,10,16,0,1048576,0.999199986,0,0,1.13189697,0.958679199,1.13189697,1.463974,9,10,64,4294967295,4294967295,239,200,88,4294967295,139
77,0,262,262,1,512,0,512,0,512,0,522,16704,6203,10501,10501,0,0,6203,0,0,0,0,0,16,0,1048576,0.999800026,0,0,0.801727295,0.607894897,0.801727295,inf,4294967295,4294967295,4294967295,4294967295,4294967295,4294967295,4294967295,4294967295,4294967295,4294967295
78,0.300000012,262,262,1,512,0,512,0,512,0,522,16704,8271,8433,8433,0,5,8266,0,5,5,517,5,16,0,1048576,0.99970001,0,0,1.2598877,1.09179688,1.2598877,inf,32,4294967295,53,4294967295,4294967295,4294967295,4294967295,4294967295,4294967295,117
79,0.400000006,262,262,1,512,0,512,0,512,0,522,16704,10324,6380,6380,0,5,10319,0,5,5,142,5,16,0,1048576,0.999800026,0,0,1.52784729,1.29127502,1.52784729,inf,4294967295,43,185,50,4294967295,4294967295,4294967295,259,4294967295,4294967295
80,0,262,262,1,512,0,512,0,512,0,522,16704,9108,7596,7596,0,0,9108,0,0,0,0,0,16,0,1048576,0.999800026,0,0,1.18041992,1.01835632,1.18041992,inf,4294967295,4294967295,4294967295,4294967295,4294967295,4294967295,4294967295,4294967295,4294967295,4294967295
81,0.5,262,262,1,512,1,511,0,511,1,521,16704,8032,8672,8672,0,10,8022,0,10,10,157,10,16,0,1048576,0.999899983,0,0,1.69226074,1.5010376,1.69226074,2.29135132,13,4294967295,117,56,15,4294967295,4294967295,72,4294967295,4294967295
82,1,262,262,1,512,11,501,2,501,9,513,16704,10567,6137,6137,0,55,10512,0,55,20,1023,10,16,0,1048576,0.999199986,0,0,1.59005737,1.42071533,1.59005737,1.45664978,13,14,23,175,12,38,15,21,23,21
83,0.300000012,262,262,1,512,2,510,0,510,2,520,16704,12630,4074,4074,0,4,12626,0,5,5,11,5,16,0,1048576,0.99940002,0,0,1.17208862,1.08332825,1.17208862,inf,20,20,4294967295,39,4294967295,4294967295,4294967295,4294967295,4294967295,4294967295
84,0.5,262,262,1,512,1,511,1,511,0,522,16704,12338,4366,4366,0,9,12329,0,9,9,79,9,16,0,1048576,0.99970001,0,0,1.4211731,1.30358887,1.4211731,inf,158,95,85,43,4294967295,4294967295,70,4294967295,4294967295,4294967295
85,1,262,262,1,512,18,494,5,494,13,509,16704,5865,10839,10839,0,86,5779,0,86,21,1023,10,16,0,1048576,0.999300003,0,0,0.895339966,0.69430542,0.895339966,0.665969849,17,5,4,12,12,27,27,29,15,7
86,0.300000012,262,262,1,512,1,511,0,511,1,521,16704,9883,6821,6821,0,3,9880,0,3,3,49,3,16,0,1048576,0.999899983,0,0,0.994491577,0.826339722,0.994491577,inf,5,4294967295,4294967295,4294967295,246,95,4294967295,4294967295,4294967295,4294967295
87,1,262,262,1,512,45,467,8,467,37,485,16704,6812,9892,9892,0,209,6603,0,209,16,1023,10,16,0,1048576,0.999499977,0,0,1.33126831,1.18032837,1.33126831,0.899047852,6,6,5,5,5,4,5,4,4,3
88,0.800000012,262,262,1,512,3,509,0,509,3,519,16704,4682,12022,12022,0,9,4673,0,9,9,639,9,16,0,1048576,0.999899983,0,0,0.618209839,0.415054321,0.618209839,inf,10,7,11,4,31,204,204,4294967295,4294967295,119
89,1,262,262,1,512,133,379,3,379,130,392,16704,6935,9769,9769,0,148,6787,0,148,26,1023,10,16,0,1048576,0.998899996,0,0,1.20339966,1.04623413,1.20339966,0.232910156,5,5,5,5,5,6,5,7,4,5
90,0.300000012,262,262,1,512,1,511,0,511,1,521,16704,9893,6811,6811,0,3,9890,0,3,3,81,3,16,0,1048576,0.999899983,0,0,0.860610962,0.746139526,0.860610962,inf,4,4294967295,4294967295,4294967295,164,4294967295,137,4294967295,4294967295,4294967295
91,0.400000006,262,262,1,512,1,511,0,511,1,521,16704,8976,7728,7728,0,4,8972,0,4,4,15,4,16,0,1048576,0.999599993,0,0,0.632232666,0.535522461,0.632232666,inf,6,28,220,7,4294967295,4294967295,4294967295,4294967295,4294967295,4294967295
92,0.200000003,262,262,1,512,0,512,0,512,0,522,16704,7477,9227,9227,0,3,7474,0,6,6,33,6,16,0,1048576,0.998899996,0,0,1.3560791,1.18624878,1.3560791,inf,83,4294967295,4294967295,4294967295,4294967295,117,4294967295,4294967295,4294967295,4294967295
93,1,262,262,1,512,44,468,1,468,43,479,16704,6813,9891,9891,0,53,6760,0,53,14,1023,10,16,0,1048576,0.999899983,0,0,1.53765869,1.28485107,1.53765869,0.626358032,3,4,3,4,3,3,3,3,3,3
94,1,262,262,1,512,13,499,1,499,12,510,16704,8112,8592,8592,0,14,8098,0,15,12,1023,10,16,0,1048576,0.999800026,0,0,1.12863159,0.9765625,1.12863159,0.917572021,3,2,3,5,57,5,5,6,7,7
95,0.400000006,262,262,1,512,0,512,0,512,0,522,16704,5978,10726,10726,0,4,5974,0,4,4,15,4,16,0,1048576,0.999899983,0,0,0.766693115,0.603622437,0.766693115,inf,73,95,77,87,4294967295,4294967295,4294967295,4294967295,4294967295,4294967295
96,0.100000001,262,262,1,512,0,512,0,512,0,522,16704,6173,10531,10531,0,1,6172,0,3,3,4,3,16,0,1048576,0.99970001,0,0,1.50715637,1.26861572,1.50715637,inf,4294967295,4294967295,171,4294967295,4294967295,4294967295,4294967295,4294967295,4294967295,4294967295
97,0.100000001,262,262,1,512,0,512,0,512,0,522,16704,12532,4172,4172,0,3,12529,0,3,3,1,3,16,0,1048576,0.999899983,0,0,1.2616272,1.14179993,1.2616272,inf,127,4294967295,4294967295,4294967295,4294967295,4294967295,4294967295,4294967295,4294967295,4294967295
98,0.400000006,262,262,1,512,1,511,0,511,1,521,16704,9633,7071,7071,0,10,9623,0,10,10,293,10,16,0,1048576,0.999599993,0,0,1.23738098,1.07725525,1.23738098,1.65176392,122,4294967295,28,4294967295,4294967295,197,4294967295,4294967295,201,4294967295
99,0.600000024,262,262,1,512,5,507,1,507,4,518,16704,10679,6025,6025,0,8,10671,0,8,8,63,8,16,0,1048576,0.999899983,0,0,1.2303772,1.12535095,1.2303772,inf,4,5,5,34,159,48,4294967295,4294967295,4294967295,4294967295
100,0.300000012,262,262,1,512,0,512,0,512,0,522,16704,11701,5003,5003,0,4,11697,0,5,5,515,5,16,0,1048576,0.998000026,0,0,1.15602112,1.0615387,1.15602112,inf,60,118,4294967295,4294967295,4294967295,4294967295,4294967295,4294967295,4294967295,168
101,1,262,262,1,512,6,506,4,506,2,520,16704,10390,6314,6314,0,56,10334,0,56,23,1023,10,16,0,1048576,0.998600006,0,0,1.1214447,0.974227905,1.1214447,1.0440979,38,9,3,154,10,163,201,99,26,122
102,0.800000012,262,262,1,510,7,503,2,503,5,517,16704,1772,14932,14932,0,8,1764,0,8,8,255,8,16,0,1048576,0.997600019,0,0,0.87852478,0.3152771,0.87852478,inf,8,18,13,5,53,47,36,153,4294967295,4294967295
103,1,262,262,1,512,4,508,2,508,2,520,16704,7776,8928,8928,0,14,7762,0,14,13,1023,10,16,0,1048576,0.99849999,0,0,0.863494873,0.747344971,0.863494873,0.852050781,7,3,7,15,166,52,137,26,210,208
104,0.800000012,262,262,1,512,7,505,2,505,5,517,16704,11723,4981,4981,0,54,11669,0,55,20,927,10,16,0,1048576,0.997699976,0,0,1.02850342,0.915664673,1.02850342,1.00532532,13,7,159,111,22,4294967295,4294967295,4,47,18
105,1,259,262,3,512,512,0,0,0,515,1,16512,3523,12989,12989,0,2722,801,0,2723,66,1023,10,16,0,1048576,0.997099996,0,0,0.723098755,inf,0.723098755,0.28742981,6,6,5,6,6,5,6,6,6,6
106,0.899999976,262,262,1,512,16,496,7,496,9,513,16704,11167,5537,5537,0,52,11115,0,53,18,991,10,16,0,1048576,0.998399973,0,0,0.974990845,0.860946655,0.974990845,0.865859985,16,24,18,14,131,4294967295,13,13,161,117
107,1,262,262,1,512,13,499,8,499,5,517,16704,6707,9997,9997,0,72,6635,0,73,31,1023,10,16,0,1048576,0.997600019,0,0,0.735153198,0.589019775,0.735153198,0.635177612,44,25,50,154,154,23,35,71,5,204
108,1,262,262,1,512,14,498,9,498,5,517,16704,3772,12932,12932,0,49,3723,0,49,17,1023,10,16,0,1048576,0.997500002,0,0,0.893371582,0.654006958,0.893371582,0.695953369,8,12,99,63,60,31,6,60,43,7
109,0.899999976,262,262,1,512,20,492,8,492,12,510,16704,11474,5230,5230,0,171,11303,0,171,32,767,10,16,0,1048576,0.997600019,0,0,1.02258301,0.929321289,1.02258301,0.919647217,102,113,37,10,100,56,66,108,4294967295,77
110,1,262,262,1,512,12,500,2,500,10,512,16704,7893,8811,8811,0,53,7840,0,54,20,1023,10,16,0,1048576,0.998199999,0,0,0.964370728,0.758972168,0.964370728,0.745269775,2,3,106,21,57,11,29,3,3,3
111,0.899999976,262,262,1,512,8,504,5,504,3,519,16704,8336,8368,8368,0,37,8299,0,38,18,1015,10,16,0,1048576,0.998399973,0,0,1.14498901,0.980300903,1.14498901,1.11700439,35,6,6,4294967295,25,77,49,152,220,17
112,0.699999988,262,262,1,512,1,511,0,511,1,521,16704,12794,3910,3910,0,45,12749,0,47,18,749,10,16,0,1048576,0.997300029,0,0,1.11474609,1.02363586,1.11474609,1.13546753,37,4294967295,62,39,4294967295,212,79,55,4294967295,30
113,1,262,262,1,512,44,468,17,468,27,495,16704,6477,10227,10227,0,218,6259,0,218,24,1023,10,16,0,1048576,0.998700023,0,0,0.878860474,0.677139282,0.878860474,0.626708984,3,4,6,5,13,15,20,4,4,45
114,0.200000003,262,262,1,512,0,512,0,512,0,522,16704,8600,8104,8104,0,3,8597,0,3,3,513,3,16,0,1048576,0.998300016,0,0,0.816940308,0.693984985,0.816940308,inf,87,4294967295,4294967295,4294967295,4294967295,4294967295,4294967295,4294967295,4294967295,128
115,0.899999976,262,262,1,512,5,507,0,507,5,517,16704,10838,5866,5866,0,48,10790,0,48,21,767,10,16,0,1048576,0.998199999,0,0,0.956863403,0.843215942,0.956863403,0.916976929,81,81,4,5,72,43,37,8,4294967295,108
116,0.600000024,262,262,1,512,4,508,3,508,1,521,16704,6526,10178,10178,0,14,6512,0,15,13,63,10,16,0,1048576,0.998099983,0,0,1.39916992,1.19561768,1.39916992,1.53227234,37,3,3,95,95,29,4294967295,4294967295,4294967295,4294967295
117,1,262,262,1,512,11,501,3,501,8,514,16704,9469,7235,7235,0,49,9420,0,49,14,1023,10,16,0,1048576,0.999000013,0,0,1.16249084,0.924301147,1.16249084,1.03146362,1,1,2,4,44,2,7,7,115,115
118,1,259,262,3,512,512,0,0,0,515,1,16512,3003,13509,13509,0,2240,763,0,2241,44,1023,10,16,0,1048576,0.997099996,0,0,0.895492554,inf,0.895492554,0.571212769,2,3,3,3,3,3,2,2,3,6
119,0.600000024,262,262,1,512,1,511,1,511,0,522,16704,7456,9248,9248,0,13,7443,0,14,13,303,10,16,0,1048576,0.998899996,0,0,1.21635437,0.956115723,1.21635437,1.52670288,16,16,215,62,4294967295,65,4294967295,4294967295,252,4294967295
120,1,262,262,1,512,75,437,33,437,42,480,16704,6372,10332,10332,0,337,6035,0,337,23,1023,10,16,0,1048576,0.997900009,0,0,0.99710083,0.811294556,0.99710083,0.718338013,4,5,8,7,5,38,6,83,11,11
121,1,262,262,1,512,13,499,5,499,8,514,16704,8887,7817,7817,0,38,8849,0,39,16,1023,10,16,0,1048576,0.998899996,0,0,1.11320496,0.951431274,1.11320496,0.975723267,243,35,7,8,3,13,86,10,17,90
122,1,262,262,1,512,97,415,22,415,75,447,16704,9572,7132,7132,0,540,9032,0,541,25,1023,10,16,0,1048576,0.99879998,0,0,1.23786926,1.11767578,1.23786926,0.847869873,5,4,5,5,5,6,6,6,5,6
123,0.699999988,262,262,1,512,4,508,0,508,4,518,16704,3764,12940,12940,0,13,3751,0,14,14,319,10,16,0,1048576,0.997099996,0,0,0.889450073,0.666168213,0.889450073,0.94354248,4,17,8,17,25,50,4294967295,4294967295,117,4294967295
124,0.400000006,262,262,1,512,2,510,0,510,2,520,16704,5774,10930,10930,0,4,5770,0,4,4,15,4,16,0,1048576,0.998199999,0,0,1.17588806,0.927658081,1.17588806,inf,3,3,5,87,4294967295,4294967295,4294967295,4294967295,4294967295,4294967295
125,1,262,262,1,512,13,499,6,499,7,515,16704,9124,7580,7580,0,113,9011,0,113,19,1023,10,16,0,1048576,0.999100029,0,0,1.09700012,0.913803101,1.09700012,0.925613403,5,5,51,50,10,89,10,13,56,9
126,1,262,262,1,512,17,495,1,495,16,506,16704,10607,6097,6097,0,41,10566,0,42,13,1023,10,16,0,1048576,0.998399973,0,0,1.10713196,0.989608765,1.10713196,0.790100098,7,8,8,8,9,7,12,8,9,7
127,0.800000012,262,262,1,512,2,510,0,510,2,520,16704,8751,7953,7953,0,25,8726,0,27,18,975,10,16,0,1048576,0.997500002,0,0,1.12332153,0.898986816,1.12332153,1.12927246,14,14,14,26,4294967295,4294967295,12,225,103,209
128,0.699999988,262,262,1,512,2,510,0,510,2,520,16704,11661,5043,5043,0,42,11619,0,42,21,971,10,16,0,1048576,0.997799993,0,0,1.09375,1.00657654,1.09375,1.17015076,7,7,4294967295,43,4294967295,4294967295,90,176,178,37
129,1,262,262,1,512,9,503,1,503,8,514,16704,7289,9415,9415,0,49,7240,0,49,17,1023,10,16,0,1048576,0.998399973,0,0,1.17066956,0.966003418,1.17066956,1.01303101,5,48,6,39,58,58,33,23,13,23
130,1,259,262,3,512,512,0,0,0,512,3,16480,4201,12279,12279,0,3178,1023,0,3179,22,1023,10,16,0,1048576,0.998300016,0,0,0.721450806,inf,0.721450806,0.49546814,0,0,1,1,1,2,1,1,2,1
131,1,262,262,1,512,9,503,2,503,7,515,16704,6371,10333,10333,0,67,6304,0,68,19,1023,10,16,0,1048576,0.997600019,0,0,1.76475525,1.48413086,1.76475525,1.54473877,7,5,36,115,6,217,161,4,41,23
132,0.800000012,262,262,1,512,5,507,4,507,1,521,16704,9154,7550,7550,0,31,9123,0,31,16,255,10,16,0,1048576,0.998700023,0,0,1.06523132,0.892929077,1.06523132,1.08102417,79,16,16,214,195,42,21,18,4294967295,4294967295
133,0.899999976,262,262,1,512,0,512,0,512,0,522,16704,9276,7428,7428,0,14,9262,0,15,13,959,10,16,0,1048576,0.998099983,0,0,0.940887451,0.818740845,0.940887451,1.02276611,22,86,147,141,190,31,4294967295,176,54,138
134,0.899999976,262,262,1,512,5,507,1,507,4,518,16704,10754,5950,5950,0,45,10709,0,45,22,511,10,16,0,1048576,0.998600006,0,0,1.10830688,0.977508545,1.10830688,1.11584473,18,37,29,139,128,185,73,100,118,4294967295
135,0.600000024,262,262,1,512,7,505,5,505,2,520,16704,2678,14026,14026,0,12,2666,0,14,13,95,10,16,0,1048576,0.997799993,0,0,1.31436157,0.818893433,1.31436157,1.40689087,4,4,207,73,181,4294967295,243,4294967295,4294967295,4294967295
136,0.899999976,262,262,1,512,0,512,0,512,0,522,16704,7609,9095,9095,0,27,7582,0,27,19,959,10,16,0,1048576,0.998300016,0,0,0.85647583,0.634307861,0.85647583,0.809707642,65,45,146,95,94,199,4294967295,110,3,112
137,0.200000003,262,262,1,512,0,512,0,512,0,522,16704,8291,8413,8413,0,2,8289,0,3,3,3,3,16,0,1048576,0.998199999,0,0,0.709381104,0.563369751,0.709381104,inf,194,243,4294967295,4294967295,4294967295,4294967295,4294967295,4294967295,4294967295,4294967295
138,1,262,262,1,512,24,488,6,488,18,504,16704,6092,10612,10612,0,131,5961,0,132,20,1023,10,16,0,1048576,0.998700023,0,0,0.498260498,0.360244751,0.498260498,0.338119507,3,4,16,5,11,13,21,4,9,28
139,0.5,262,262,1,512,3,509,3,509,0,522,16704,3240,13464,13464,0,5,3235,0,5,5,31,5,16,0,1048576,0.998399973,0,0,1.36643982,1.02053833,1.36643982,inf,143,17,240,142,59,4294967295,4294967295,4294967295,4294967295,4294967295
140,1,262,262,1,512,57,455,28,455,30,492,16704,6098,10606,10606,0,310,5788,0,311,41,1023,10,16,0,1048576,0.997200012,0,0,0.644515991,0.48487854,0.644515991,0.430343628,5,5,6,9,6,5,40,4,27,9
141,0.600000024,262,262,1,512,3,509,1,509,2,520,16704,12165,4539,4539,0,22,12143,0,23,17,359,10,16,0,1048576,0.997200012,0,0,1.17333984,1.08436584,1.17333984,1.258255,3,40,22,4294967295,4294967295,233,48,4294967295,139,4294967295
142,0.200000003,262,262,1,512,1,511,0,511,1,521,16704,4480,12224,12224,0,2,4478,0,4,4,17,4,16,0,1048576,0.998399973,0,0,1.45736694,1.21138,1.45736694,inf,3,4294967295,4294967295,4294967295,72,4294967295,4294967295,4294967295,4294967295,4294967295
143,0.699999988,262,262,1,512,2,510,1,510,1,521,16704,11540,5164,5164,0,27,11513,0,30,24,815,10,16,0,1048576,0.998399973,0,0,0.932907104,0.843170166,0.932907104,1.00296021,8,72,35,87,4294967295,127,4294967295,4294967295,255,255
144,0.5,262,262,1,512,1,511,0,511,1,521,16704,10720,5984,5984,0,23,10697,0,23,16,565,10,16,0,1048576,0.998300016,0,0,1.36593628,1.2093811,1.36593628,1.4630127,44,4294967295,9,4294967295,16,8,4294967295,4294967295,4294967295,210
145,1,262,262,1,512,25,487,9,487,16,506,16704,5718,10986,10986,0,151,5567,0,152,24,1023,10,16,0,1048576,0.998099983,0,0,1.0300293,0.829162598,1.0300293,0.79006958,7,14,6,8,10,11,9,58,8,2
146,1,262,262,1,512,29,483,20,483,9,513,16704,7244,9460,9460,0,198,7046,0,198,18,1023,10,16,0,1048576,0.998199999,0,0,1.07510376,0.857498169,1.07510376,0.859664917,43,3,17,55,9,17,18,4,32,59
147,0.800000012,262,262,1,512,6,506,2,506,4,518,16704,7818,8886,8886,0,31,7787,0,31,16,255,10,16,0,1048576,0.998099983,0,0,1.6887207,1.44483948,1.6887207,1.6360321,9,94,112,5,137,5,54,23,4294967295,4294967295
148,0.800000012,262,262,1,512,6,506,4,506,3,519,16704,8543,8161,8161,0,55,8488,0,57,17,831,10,16,0,1048576,0.998000026,0,0,0.641723633,0.522293091,0.641723633,0.573516846,25,2,25,61,175,41,4294967295,4294967295,30,19
149,0.899999976,262,262,1,512,7,505,2,505,5,517,16704,11250,5454,5454,0,55,11195,0,56,20,895,10,16,0,1048576,0.997900009,0,0,1.30525208,1.15812683,1.30525208,1.24964905,25,71,38,13,16,16,42,4294967295,124,58
150,0.699999988,262,262,1,512,5,507,5,507,0,522,16704,9754,6950,6950,0,61,9693,0,61,21,487,10,16,0,1048576,0.997300029,0,0,0.986663818,0.884216309,0.986663818,0.952178955,84,84,9,4294967295,4294967295,43,159,19,24,4294967295
151,0.600000024,262,262,1,512,2,510,1,510,1,521,16704,10134,6570,6570,0,23,10111,0,26,21,189,10,16,0,1048576,0.995999992,0,0,1.33602905,1.22865295,1.33602905,1.45149231,102,4294967295,171,69,34,199,4294967295,204,4294967295,4294967295
152,1,262,262,1,512,367,145,134,145,236,286,16704,8375,8329,8329,0,3574,4801,0,3574,66,1023,10,16,0,1048576,0.995599985,0,0,1.23231506,1.08566284,1.23231506,0.918792725,9,9,15,11,33,10,8,7,24,14
153,0.5,262,262,1,512,0,512,0,512,0,522,16704,7594,9110,9110,0,7,7587,0,10,10,301,10,16,0,1048576,0.996500015,0,0,1.00978088,0.863357544,1.00978088,2.60366821,123,4294967295,21,40,4294967295,63,4294967295,4294967295,84,4294967295
154,1,262,262,1,512,33,479,14,479,19,503,16704,10381,6323,6323,0,246,10135,0,247,28,1023,10,16,0,1048576,0.996800005,0,0,1.05580139,0.877838135,1.05580139,0.806549072,4,4,27,31,14,24,5,66,5,6
155,0.200000003,262,262,1,512,1,511,0,511,1,521,16704,8497,8207,8207,0,4,8493,0,4,4,17,4,16,0,1048576,0.997300029,0,0,1.07418823,0.806365967,1.07418823,inf,12,4294967295,4294967295,4294967295,221,4294967295,4294967295,4294967295,4294967295,4294967295
156,0.5,262,262,1,512,5,507,3,507,2,520,16704,13221,3483,3483,0,142,13079,0,144,28,617,10,16,0,1048576,0.996599972,0,0,1.2612915,1.13093567,1.2612915,1.21070862,35,4294967295,4294967295,15,4294967295,83,12,4294967295,4294967295,16
157,1,262,262,1,512,27,485,4,485,23,499,16704,8741,7963,7963,0,81,8660,0,83,15,1023,10,16,0,1048576,0.997099996,0,0,1.17733765,1.02740479,1.17733765,0.664855957,5,5,5,6,5,4,6,6,7,6
158,1,262,262,1,512,154,358,73,358,81,441,16704,4900,11804,11804,0,590,4310,0,592,34,1023,10,16,0,1048576,0.995800018,0,0,0.874160767,0.548873901,0.874160767,0.43145752,6,5,5,6,4,13,12,12,7,4
159,1,262,262,1,512,32,480,6,480,26,496,16704,8668,8036,8036,0,64,8604,0,64,15,1023,10,16,0,1048576,0.996200025,0,0,1.10401917,0.967803955,1.10401917,0.693344116,5,5,5,5,4,5,5,5,6,6
160,0.800000012,262,262,1,512,4,508,1,508,3,519,16704,9551,7153,7153,0,30,9521,0,33,16,383,10,16,0,1048576,0.994499981,0,0,1.34867859,1.19081116,1.34867859,1.37298584,48,4,96,6,3,21,25,4294967295,11,4294967295
161,1,262,262,1,512,19,493,8,493,11,511,16704,7954,8750,8750,0,140,7814,0,140,25,1023,10,16,0,1048576,0.994799972,0,0,1.04249573,0.90234375,1.04249573,0.890823364,16,14,14,24,19,36,20,43,43,18
162,0.899999976,262,262,1,512,8,504,4,504,4,518,16704,9763,6941,6941,0,70,9693,0,71,20,895,10,16,0,1048576,0.995299995,0,0,1.12463379,0.986221313,1.12463379,1.0723114,9,6,11,4,64,77,69,4294967295,250,2
163,1,262,262,1,512,18,494,8,494,10,512,16704,2855,13849,13849,0,31,2824,0,31,13,1023,10,16,0,1048576,0.997399986,0,0,1.18032837,0.672698975,1.18032837,0.655822754,4,8,5,15,5,5,5,13,13,27
164,1,262,262,1,512,1,511,0,511,1,521,16704,5718,10986,10986,0,35,5683,0,35,17,1023,10,16,0,1048576,0.994599998,0,0,0.410705566,0.304779053,0.410705566,0.389328003,3,11,39,11,96,139,21,54,74,74
165,1,262,262,1,512,13,499,3,499,10,512,16704,3650,13054,13054,0,43,3607,0,47,22,1023,10,16,0,1048576,0.995199978,0,0,1.10643005,0.84664917,1.10643005,0.828094482,17,71,32,16,10,22,22,41,3,44
166,1,262,262,1,512,10,502,6,502,4,518,16704,6189,10515,10515,0,35,6154,0,39,21,1023,10,16,0,1048576,0.995199978,0,0,1.52140808,1.28271484,1.52140808,1.32775879,11,28,90,103,8,8,238,88,48,48
167,0.600000024,262,262,1,512,1,511,0,511,1,521,16704,11310,5394,5394,0,24,11286,0,27,21,485,10,16,0,1048576,0.996599972,0,0,1.29742432,1.09277344,1.29742432,1.40945435,8,4294967295,45,4294967295,4294967295,56,20,122,100,4294967295
168,1,262,262,1,512,23,489,11,489,12,510,16704,10355,6349,6349,0,192,10163,0,196,31,1023,10,16,0,1048576,0.994700015,0,0,0.780059814,0.707214355,0.780059814,0.69380188,1,3,27,17,41,17,5,24,49,108
169,0.899999976,262,262,1,512,11,501,6,501,5,517,16704,12213,4491,4491,0,65,12148,0,68,25,959,10,16,0,1048576,0.994799972,0,0,1.0499115,0.94493103,1.0499115,1.00614929,7,7,8,121,12,162,4294967295,156,63,53
170,0.800000012,262,262,1,512,8,504,1,504,7,515,16704,8448,8256,8256,0,42,8406,0,46,22,255,10,16,0,1048576,0.995800018,0,0,1.2389679,1.04550171,1.2389679,1.16339111,8,22,12,93,20,33,33,39,4294967295,4294967295
171,0.899999976,262,262,1,512,4,508,1,508,3,519,16704,7009,9695,9695,0,17,6992,0,17,16,511,10,16,0,1048576,0.996200025,0,0,0.7993927,0.63420105,0.7993927,0.893493652,80,24,34,129,41,252,134,68,106,4294967295
172,1,262,262,1,512,40,472,10,472,30,492,16704,9887,6817,6817,0,185,9702,0,186,24,1023,10,16,0,1048576,0.997300029,0,0,1.26992798,1.09945679,1.26992798,0.993759155,13,17,13,9,4,11,17,9,26,17
173,0.899999976,262,262,1,512,8,504,3,504,5,517,16704,8300,8404,8404,0,40,8260,0,41,18,959,10,16,0,1048576,0.996800005,0,0,0.676864624,0.547607422,0.676864624,0.618392944,4,34,63,115,24,21,4294967295,83,106,3
174,1,262,262,1,512,111,401,57,401,54,468,16704,11448,5256,5256,0,1103,10345,0,1104,43,1023,10,16,0,1048576,0.996100008,0,0,1.06221008,0.965103149,1.06221008,0.859451294,19,13,2,20,9,4,8,5,5,21
175,0.400000006,262,262,1,512,0,512,0,512,0,522,16704,10602,6102,6102,0,20,10582,0,20,17,27,10,16,0,1048576,0.996900022,0,0,1.26850891,1.1333313,1.26850891,1.4855957,21,55,4294967295,102,55,4294967295,4294967295,4294967295,4294967295,4294967295
176,0.899999976,262,262,1,512,7,505,3,505,4,518,16704,11075,5629,5629,0,103,10972,0,105,25,959,10,16,0,1048576,0.995999992,0,0,1.05833435,0.97303772,1.05833435,1.04411316,18,17,11,14,31,28,4294967295,238,33,14
177,1,262,262,1,512,18,494,9,494,9,513,16704,9693,7011,7011,0,185,9508,0,187,37,1023,10,16,0,1048576,0.995800018,0,0,1.16041565,1.05224609,1.16041565,1.05450439,6,25,9,14,20,41,41,171,20,107
178,0.600000024,262,262,1,512,0,512,0,512,0,522,16704,11465,5239,5239,0,16,11449,0,18,17,663,10,16,0,1048576,0.997099996,0,0,1.24243164,1.11630249,1.24243164,1.39233398,21,153,220,4294967295,98,4294967295,4294967295,79,4294967295,111
179,0.800000012,262,262,1,512,3,509,1,509,2,520,16704,3610,13094,13094,0,15,3595,0,20,20,927,10,16,0,1048576,0.995100021,0,0,1.38943481,1.11331177,1.38943481,1.61358643,17,18,174,62,52,4294967295,4294967295,217,77,82
180,0.899999976,262,262,1,512,5,507,2,507,3,519,16704,8640,8064,8064,0,46,8594,0,49,20,1007,10,16,0,1048576,0.998000026,0,0,1.24119568,1.02622986,1.24119568,1.15104675,24,5,11,26,4294967295,43,170,8,23,51
181,0.899999976,262,262,1,512,9,503,3,503,6,516,16704,11641,5063,5063,0,50,11591,0,52,20,959,10,16,0,1048576,0.997099996,0,0,0.941513062,0.82421875,0.941513062,0.892959595,18,9,126,37,15,72,4294967295,77,122,8
182,0.899999976,262,262,1,512,8,504,1,504,7,515,16704,9274,7430,7430,0,45,9229,0,48,21,1007,10,16,0,1048576,0.996100008,0,0,1.64897156,1.37982178,1.64897156,1.47319031,5,15,5,19,4294967295,6,6,33,6,92
183,1,262,262,1,512,12,500,4,500,8,514,16704,8025,8679,8679,0,68,7957,0,69,16,1023,10,16,0,1048576,0.997200012,0,0,1.24121094,1.0687561,1.24121094,1.10044861,2,3,3,4,4,4,54,24,46,29
184,1,262,262,1,512,4,508,1,508,3,519,16704,6951,9753,9753,0,19,6932,0,19,13,1023,10,16,0,1048576,0.997500002,0,0,0.901901245,0.72164917,0.901901245,0.850952148,18,18,72,117,98,24,95,33,100,75
185,1,262,262,1,512,10,502,4,502,6,516,16704,9169,7535,7535,0,69,9100,0,71,19,1023,10,16,0,1048576,0.997699976,0,0,1.03512573,0.900604248,1.03512573,0.953887939,6,23,6,18,140,21,24,10,89,154
186,0.800000012,262,262,1,512,3,509,0,509,3,519,16704,12280,4424,4424,0,66,12214,0,67,19,879,10,16,0,1048576,0.997300029,0,0,1.10171509,0.997451782,1.10171509,1.10852051,28,42,51,36,4294967295,49,102,4294967295,25,49
187,0.800000012,262,262,1,512,3,509,2,509,1,521,16704,11617,5087,5087,0,34,11583,0,36,23,255,10,16,0,1048576,0.995500028,0,0,1.335495,1.18315125,1.335495,1.35704041,204,123,154,117,59,205,55,20,4294967295,4294967295
188,1,262,262,1,512,17,495,5,495,12,510,16704,8286,8418,8418,0,147,8139,0,147,19,1023,10,16,0,1048576,0.994799972,0,0,0.80770874,0.669082642,0.80770874,0.649932861,3,5,11,23,40,6,3,28,76,22
189,0.5,262,262,1,512,5,507,4,507,1,521,16704,12321,4383,4383,0,56,12265,0,59,26,737,10,16,0,1048576,0.996399999,0,0,1.21273804,1.0760498,1.21273804,1.20658875,52,4294967295,4294967295,4294967295,4294967295,16,219,84,4294967295,228
190,0.800000012,262,262,1,512,3,509,1,509,2,520,16704,5957,10747,10747,0,30,5927,0,34,20,863,10,16,0,1048576,0.995199978,0,0,1.36595154,1.12013245,1.36595154,1.36109924,11,57,74,40,35,4294967295,151,4294967295,172,10
191,1,262,262,1,512,13,499,6,499,7,515,16704,9178,7526,7526,0,77,9101,0,78,20,1023,10,16,0,1048576,0.997300029,0,0,0.79977417,0.690292358,0.79977417,0.7109375,15,11,6,19,56,45,136,11,32,32
192,1,262,262,1,512,148,364,1,364,147,375,16704,3572,13132,13132,0,157,3415,0,159,38,1023,10,16,0,1048576,0.997099996,0,0,1.57897949,1.3515625,1.57897949,0.182022095,12,11,12,11,12,12,12,12,11,13
193,0.5,262,262,1,512,4,508,2,508,2,520,16704,13265,3439,3439,0,42,13223,0,45,28,91,10,16,0,1048576,0.995199978,0,0,1.42367554,1.29948425,1.42367554,1.48500061,11,124,4294967295,108,237,4294967295,32,4294967295,4294967295,4294967295
194,0.800000012,262,262,1,512,2,510,1,510,1,521,16704,10458,6246,6246,0,55,10403,0,58,32,1017,10,16,0,1048576,0.995100021,0,0,1.29464722,1.17945862,1.29464722,1.30973816,163,4294967295,4294967295,253,78,48,161,172,164,189
195,0.5,262,262,1,512,3,509,1,509,2,520,16704,12152,4552,4552,0,29,12123,0,31,24,398,10,16,0,1048576,0.996900022,0,0,1.22102356,1.12637329,1.22102356,1.31773376,4294967295,48,257,61,4294967295,4294967295,4294967295,186,133,4294967295
196,0.600000024,262,262,1,512,6,506,0,506,6,516,16704,2987,13717,13717,0,7,2980,0,8,8,63,8,16,0,1048576,0.997300029,0,0,2.16940308,1.41442871,2.16940308,inf,3,4,4,4,4,18,4294967295,4294967295,4294967295,4294967295
197,0.699999988,262,262,1,512,4,508,2,508,2,520,16704,10619,6085,6085,0,49,10570,0,50,21,638,10,16,0,1048576,0.996800005,0,0,1.33900452,1.1902771,1.33900452,1.38296509,4294967295,44,66,25,49,57,29,4294967295,4294967295,158
198,0.899999976,262,262,1,512,3,509,2,509,1,521,16704,6718,9986,9986,0,21,6697,0,22,16,767,10,16,0,1048576,0.996800005,0,0,1.02259827,0.789031982,1.02259827,1.00057983,20,13,95,25,14,182,7,19,4294967295,101
199,0.899999976,262,262,1,512,1,511,1,511,0,522,16704,8158,8546,8546,0,28,8130,0,29,18,959,10,16,0,1048576,0.996399999,0,0,1.17581177,1.03923035,1.17581177,1.22077942,234,65,33,70,1,19,4294967295,110,56,26
200,0.800000012,262,262,1,512,7,505,4,505,3,519,16704,11709,4995,4995,0,100,11609,0,105,27,999,10,16,0,1048576,0.992699981,0,0,1.28749084,1.13771057,1.28749084,1.22921753,3,17,37,4294967295,4294967295,214,80,73,7,8
201,0.5,262,262,1,512,3,509,3,509,0,522,16704,12518,4186,4186,0,38,12480,0,39,21,775,10,16,0,1048576,0.994000018,0,0,1.30322266,1.16925049,1.30322266,1.31674194,59,170,86,4294967295,4294967295,4294967295,4294967295,4294967295,242,31
202,1,262,262,1,512,9,503,4,503,5,517,16704,10683,6021,6021,0,102,10581,0,105,32,1023,10,16,0,1048576,0.99059999,0,0,1.41751099,1.26333618,1.41751099,1.33486938,9,14,5,101,10,27,91,70,142,161
203,1,262,262,1,512,185,327,78,327,112,410,16704,6912,9792,9792,0,1322,5590,0,1325,61,1023,10,16,0,1048576,0.994899988,0,0,1.62753296,1.4138031,1.62753296,1.15364075,11,12,26,12,18,65,12,14,24,19
204,1,262,262,1,512,72,440,28,440,45,477,16704,11447,5257,5257,0,332,11115,0,335,27,1023,10,16,0,1048576,0.992900014,0,0,0.912506104,0.775161743,0.912506104,0.629074097,5,7,5,4,4,10,6,11,5,24
205,0.400000006,262,262,1,512,0,512,0,512,0,522,16704,7983,8721,8721,0,15,7968,0,16,16,674,10,16,0,1048576,0.994000018,0,0,1.26641846,1.06608582,1.26641846,1.41221619,4294967295,191,4294967295,4294967295,4294967295,146,4294967295,150,4294967295,217
206,1,262,262,1,512,21,491,12,491,9,513,16704,7263,9441,9441,0,152,7111,0,154,28,1023,10,16,0,1048576,0.995100021,0,0,0.860748291,0.722808838,0.860748291,0.729660034,5,73,42,11,7,29,81,10,11,115
207,0.899999976,262,262,1,512,4,508,2,508,2,520,16704,7978,8726,8726,0,29,7949,0,30,18,1019,10,16,0,1048576,0.994000018,0,0,1.18630981,0.993942261,1.18630981,1.20393372,10,17,4294967295,151,146,22,46,187,10,119
208,1,262,262,1,512,133,379,59,379,74,448,16704,4626,12078,12078,0,578,4048,0,581,32,1023,10,16,0,1048576,0.994899988,0,0,1.26097107,0.992965698,1.26097107,0.691741943,4,2,11,5,9,9,3,3,8,12
209,1,262,262,1,512,12,500,8,500,4,518,16704,10724,5980,5980,0,110,10614,0,115,27,1023,10,16,0,1048576,0.992699981,0,0,0.936523438,0.824798584,0.936523438,0.844482422,4,7,23,11,170,11,182,18,23,96
210,1,262,262,1,512,13,499,6,499,7,515,16704,8873,7831,7831,0,98,8775,0,102,32,1023,10,16,0,1048576,0.988699973,0,0,0.885665894,0.707015991,0.885665894,0.723999023,8,70,9,19,19,37,69,59,148,9
211,1,262,262,1,512,15,497,5,497,10,512,16704,7839,8865,8865,0,98,7741,0,101,24,1023,10,16,0,1048576,0.992900014,0,0,1.52816772,1.28646851,1.52816772,1.28375244,21,65,4,11,10,21,126,78,11,43
212,1,262,262,1,512,15,497,5,497,10,512,16704,8156,8548,8548,0,75,8081,0,78,22,1023,10,16,0,1048576,0.99059999,0,0,1.06977844,0.895004272,1.06977844,0.875427246,4,15,36,21,18,66,9,8,5,61
213,0.800000012,262,262,1,512,9,503,3,503,6,516,16704,9578,7126,7126,0,111,9467,0,114,25,383,10,16,0,1048576,0.995199978,0,0,1.21664429,1.07380676,1.21664429,1.14837646,41,16,15,12,28,58,39,4294967295,99,4294967295
214,1,262,262,1,512,45,467,11,467,34,488,16704,7709,8995,8995,0,177,7532,0,180,29,1023,10,16,0,1048576,0.99059999,0,0,1.60189819,1.34785461,1.60189819,1.15820312,10,11,11,12,12,11,14,12,13,13
215,0.800000012,262,262,1,512,8,504,4,504,4,518,16704,9843,6861,6861,0,95,9748,0,99,28,255,10,16,0,1048576,0.988699973,0,0,1.23925781,1.12088013,1.23925781,1.2272644,10,36,68,8,239,92,24,23,4294967295,4294967295
216,0.800000012,262,262,1,512,16,496,10,496,6,516,16704,11818,4886,4886,0,122,11696,0,123,26,894,10,16,0,1048576,0.994000018,0,0,1.08042908,0.969909668,1.08042908,0.983078003,4294967295,63,32,32,58,6,59,4294967295,47,10
217,1,262,262,1,512,19,493,11,493,8,514,16704,6515,10189,10189,0,121,6394,0,124,28,1023,10,16,0,1048576,0.99059999,0,0,0.524688721,0.38822937,0.524688721,0.39239502,7,9,53,19,7,7,4,4,54,85
218,1,262,262,1,512,334,178,55,178,279,243,16704,7320,9384,9384,0,1255,6065,0,1258,37,1023,10,16,0,1048576,0.99059999,0,0,1.10153198,0.909637451,1.10153198,0.646331787,3,4,4,9,2,7,10,6,5,2
219,1,262,262,1,512,31,481,14,481,17,505,16704,11128,5576,5576,0,223,10905,0,226,33,1023,10,16,0,1048576,0.992900014,0,0,1.37937927,1.13859558,1.37937927,1.05706787,144,66,107,18,7,14,20,18,10,9
220,1,262,262,1,512,194,318,56,318,138,384,16704,6788,9916,9916,0,933,5855,0,934,39,1023,10,16,0,1048576,0.993700027,0,0,1.01348877,0.833587646,1.01348877,0.653701782,5,4,12,3,5,7,7,12,8,17
221,1,262,262,1,512,9,503,5,503,4,518,16704,8986,7718,7718,0,93,8893,0,94,30,1023,10,16,0,1048576,0.991100013,0,0,1.24282837,1.06871033,1.24282837,1.17173767,97,25,102,27,2,89,67,52,54,109
222,0.800000012,262,262,1,512,16,496,7,496,9,513,16704,13693,3011,3011,0,167,13526,0,170,37,1013,10,16,0,1048576,0.993900001,0,0,1.16096497,1.05703735,1.16096497,1.05732727,26,4294967295,153,4294967295,133,16,177,70,160,99
223,0.800000012,262,262,1,512,6,506,2,506,4,518,16704,10647,6057,6057,0,125,10522,0,129,28,863,10,16,0,1048576,0.988699973,0,0,1.06855774,0.931793213,1.06855774,1.01193237,102,26,41,12,142,4294967295,29,4294967295,71,20
224,0.899999976,262,262,1,512,15,497,7,497,8,514,16704,11567,5137,5137,0,94,11473,0,97,29,767,10,16,0,1048576,0.992900014,0,0,0.976242065,0.830551147,0.976242065,0.859115601,11,10,19,19,93,3,161,159,4294967295,88
225,0.200000003,262,262,1,509,1,508,0,508,1,521,16704,2507,14197,14197,0,3,2504,0,6,6,33,6,16,0,1048576,0.994300008,0,0,1.92611694,1.02253723,1.92611694,inf,19,4294967295,4294967295,4294967295,4294967295,62,4294967295,4294967295,4294967295,4294967295
226,1,262,262,1,512,81,431,35,431,46,476,16704,6939,9765,9765,0,400,6539,0,405,31,1023,10,16,0,1048576,0.992699981,0,0,0.80027771,0.656707764,0.80027771,0.555679321,4,3,2,5,1,12,3,3,13,4
227,1,262,262,1,512,156,356,43,356,113,409,16704,9488,7216,7216,0,612,8876,0,615,36,1023,10,16,0,1048576,0.992900014,0,0,0.67741394,0.582672119,0.67741394,0.43649292,6,9,31,6,9,6,7,11,7,13
228,0.600000024,262,262,1,512,4,508,4,508,0,522,16704,11119,5585,5585,0,50,11069,0,53,28,903,10,16,0,1048576,0.992900014,0,0,0.955657959,0.874649048,0.955657959,0.942306519,168,46,172,4294967295,4294967295,4294967295,4294967295,233,82,30
229,0.699999988,262,262,1,512,9,503,5,503,4,518,16704,11941,4763,4763,0,138,11803,0,141,28,727,10,16,0,1048576,0.99059999,0,0,1.01800537,0.90196228,1.01800537,0.952606201,8,72,18,4294967295,54,4294967295,14,176,4294967295,7
230,1,262,262,1,512,38,474,21,474,17,505,16704,7337,9367,9367,0,381,6956,0,384,34,1023,10,16,0,1048576,0.994899988,0,0,1.62765503,1.4024353,1.62765503,1.34094238,3,4,15,5,6,23,38,15,19,26
231,1,262,262,1,512,6,506,3,506,3,519,16704,9535,7169,7169,0,90,9445,0,95,28,1023,10,16,0,1048576,0.992699981,0,0,0.917327881,0.759063721,0.917327881,0.830978394,4,13,7,18,35,31,60,154,29,32
232,1,262,262,1,512,109,403,34,403,75,447,16704,8364,8340,8340,0,458,7906,0,461,34,1023,10,16,0,1048576,0.99059999,0,0,1.05126953,0.856781006,1.05126953,0.673126221,2,4,3,7,63,63,5,5,5,7
233,1,262,262,1,512,27,485,12,485,15,507,16704,9586,7118,7118,0,222,9364,0,225,31,1023,10,16,0,1048576,0.99059999,0,0,0.982559204,0.857421875,0.982559204,0.820404053,8,10,36,41,15,35,85,9,36,195
234,1,262,262,1,512,10,502,5,502,5,517,16704,8700,8004,8004,0,53,8647,0,54,21,1023,10,16,0,1048576,0.993700027,0,0,0.99331665,0.810180664,0.99331665,0.854431152,11,21,11,12,37,55,5,80,105,31
235,1,262,262,1,512,13,499,9,499,4,518,16704,8230,8474,8474,0,78,8152,0,81,25,1023,10,16,0,1048576,0.993399978,0,0,1.15293884,1.01161194,1.15293884,1.06973267,4,4,5,31,136,7,81,6,189,125
236,1,262,262,1,512,13,499,4,499,9,513,16704,9311,7393,7393,0,88,9223,0,89,20,1023,10,16,0,1048576,0.995000005,0,0,1.17619324,1.0173645,1.17619324,1.04034424,5,6,57,12,12,139,24,6,65,18
237,1,262,262,1,512,229,283,85,283,144,378,16704,5271,11433,11433,0,1249,4022,0,1252,47,1023,10,16,0,1048576,0.994899988,0,0,1.35057068,1.15649414,1.35057068,0.796279907,4,5,3,5,5,6,5,4,4,5
238,0.800000012,262,262,1,512,16,496,10,496,6,516,16704,12216,4488,4488,0,143,12073,0,144,34,893,10,16,0,1048576,0.993700027,0,0,1.1557312,1.05496216,1.1557312,1.07385254,9,4294967295,210,165,49,246,29,4294967295,234,247
239,1,262,262,1,512,23,489,8,489,15,507,16704,8862,7842,7842,0,165,8697,0,168,25,1023,10,16,0,1048576,0.99059999,0,0,0.789886475,0.650146484,0.789886475,0.562530518,6,12,2,7,3,16,13,7,3,13
240,1,262,262,1,512,142,370,74,370,73,449,16704,4063,12641,12641,0,594,3469,0,597,52,1023,10,16,0,1048576,0.994899988,0,0,1.41908264,1.06668091,1.41908264,0.750564575,6,4,4,6,8,12,6,4,7,4
241,1,262,262,1,512,18,494,7,494,11,511,16704,11327,5377,5377,0,127,11200,0,130,27,1023,10,16,0,1048576,0.993399978,0,0,0.806488037,0.717498779,0.806488037,0.716217041,162,11,2,39,33,8,14,77,128,14
242,0.899999976,262,262,1,512,10,502,5,502,5,517,16704,7818,8886,8886,0,60,7758,0,65,24,511,10,16,0,1048576,0.992699981,0,0,1.12828064,0.963088989,1.12828064,1.03471375,26,24,12,45,11,15,43,206,258,4294967295
243,1,262,262,1,512,11,501,8,501,3,519,16704,8993,7711,7711,0,124,8869,0,128,28,1023,10,16,0,1048576,0.988699973,0,0,0.985229492,0.836334229,0.985229492,0.882781982,10,96,11,136,101,151,20,10,21,21
244,1,262,262,1,512,16,496,4,496,12,510,16704,2876,13828,13828,0,27,2849,0,32,17,1023,10,16,0,1048576,0.992699981,0,0,1.63929749,1.02835083,1.63929749,0.816177368,5,5,11,11,7,4,7,4,5,5
245,1,262,262,1,512,18,494,10,494,8,514,16704,8467,8237,8237,0,155,8312,0,158,29,1023,10,16,0,1048576,0.992900014,0,0,0.622451782,0.517959595,0.622451782,0.524703979,15,14,17,28,31,64,3,31,136,15
246,1,262,262,1,512,12,500,4,500,8,514,16704,6795,9909,9909,0,95,6700,0,98,25,1023,10,16,0,1048576,0.99059999,0,0,1.35160828,1.1968689,1.35160828,1.22436523,3,3,4,4,171,98,239,42,53,35
247,1,262,262,1,512,9,503,3,503,6,516,16704,5730,10974,10974,0,39,5691,0,42,19,1023,10,16,0,1048576,0.992900014,0,0,0.822799683,0.633605957,0.822799683,0.727111816,31,5,63,9,71,9,34,6,27,133
248,0.800000012,262,262,1,512,9,503,3,503,6,516,16704,9770,6934,6934,0,98,9672,0,101,29,447,10,16,0,1048576,0.99059999,0,0,1.1504364,0.978607178,1.1504364,1.04788208,16,5,92,70,71,13,4294967295,18,54,4294967295
249,1,262,262,1,512,42,470,17,470,25,497,16704,9907,6797,6797,0,369,9538,0,372,34,1023,10,16,0,1048576,0.99059999,0,0,0.988250732,0.784851074,0.988250732,0.726791382,7,16,41,8,34,18,53,8,5,27
250,1,262,262,1,512,38,474,19,474,19,503,16704,4378,12326,12326,0,144,4234,0,150,30,1023,10,16,0,1048576,0.987100005,0,0,1.0393219,0.751541138,1.0393219,0.672744751,5,6,53,6,6,6,7,27,4,14
251,0.899999976,262,262,1,512,16,496,7,496,9,513,16704,10824,5880,5880,0,166,10658,0,174,38,895,10,16,0,1048576,0.984099984,0,0,1.26512146,1.17134094,1.26512146,1.18026733,10,6,58,57,19,151,40,4294967295,19,57
252,1,262,262,1,512,28,484,12,484,16,506,16704,10467,6237,6237,0,301,10166,0,308,36,1023,10,16,0,1048576,0.989899993,0,0,1.02427673,0.889801025,1.02427673,0.815933228,10,12,30,96,53,4,44,6,72,12
253,1,262,262,1,512,115,397,42,397,73,449,16704,9392,7312,7312,0,814,8578,0,822,47,1023,10,16,0,1048576,0.984099984,0,0,0.955444336,0.854553223,0.955444336,0.756988525,38,13,8,8,31,4,2,35,9,72
254,1,262,262,1,512,73,439,32,439,41,481,16704,9946,6758,6758,0,483,9463,0,495,39,1023,10,16,0,1048576,0.983399987,0,0,0.972885132,0.823104858,0.972885132,0.709655762,6,7,7,11,7,7,7,8,38,14
255,1,262,262,1,512,351,161,89,161,263,259,16704,5878,10826,10826,0,691,5187,0,694,42,1023,10,16,0,1048576,0.99059999,0,0,1.44807434,1.17146301,1.44807434,0.476150513,68,68,68,67,68,67,68,68,68,68
256,1,262,262,1,512,232,280,72,280,161,361,16704,6137,10567,10567,0,1075,5062,0,1087,57,1023,10,16,0,1048576,0.983399987,0,0,0.925033569,0.772323608,0.925033569,0.42199707,5,4,4,5,4,4,4,5,6,6
257,1,262,262,1,512,37,475,16,475,21,501,16704,9113,7591,7591,0,269,8844,0,275,36,1023,10,16,0,1048576,0.987100005,0,0,0.669891357,0.564178467,0.669891357,0.530105591,5,4,20,15,25,4,19,96,35,34
258,1,262,262,1,512,11,501,2,501,9,513,16704,9166,7538,7538,0,102,9064,0,105,24,1023,10,16,0,1048576,0.99059999,0,0,1.2265625,1.05664062,1.2265625,1.08500671,24,13,7,48,10,87,12,14,28,31
259,0.800000012,262,262,1,512,5,507,2,507,3,519,16704,11349,5355,5355,0,76,11273,0,84,33,943,10,16,0,1048576,0.988399982,0,0,0.827285767,0.743469238,0.827285767,0.816452026,9,101,57,36,4294967295,238,4294967295,27,99,84
260,1,262,262,1,512,79,433,32,433,47,475,16704,9396,7308,7308,0,754,8642,0,762,55,1023,10,16,0,1048576,0.989499986,0,0,1.1272583,0.976806641,1.1272583,0.851791382,34,15,6,16,20,20,84,81,7,27
261,1,262,262,1,512,20,492,8,492,12,510,16704,5020,11684,11684,0,106,4914,0,114,29,1023,10,16,0,1048576,0.988399982,0,0,0.868637085,0.738189697,0.868637085,0.721252441,3,5,2,22,105,7,36,8,132,13
262,1,262,262,1,512,44,468,18,468,26,496,16704,9078,7626,7626,0,360,8718,0,368,42,1023,10,16,0,1048576,0.989499986,0,0,1.03001404,0.886856079,1.03001404,0.8412323,4,10,51,71,66,20,51,17,51,11
263,1,262,262,1,512,13,499,6,499,7,515,16704,8239,8465,8465,0,123,8116,0,130,29,1023,10,16,0,1048576,0.989899993,0,0,0.907440186,0.789810181,0.907440186,0.813598633,28,16,3,15,22,6,13,26,30,25
264,1,262,262,1,512,32,480,17,480,15,507,16704,9432,7272,7272,0,269,9163,0,275,29,1023,10,16,0,1048576,0.987100005,0,0,1.35513306,1.13783264,1.35513306,1.09124756,4,4,4,5,5,3,57,6,28,4
265,1,262,262,1,512,9,503,3,503,6,516,16704,4041,12663,12663,0,46,3995,0,54,24,1023,10,16,0,1048576,0.988399982,0,0,1.05438232,0.777023315,1.05438232,0.833084106,16,10,5,16,10,21,2,5,52,93
266,0.899999976,262,262,1,512,13,499,7,499,6,516,16704,9280,7424,7424,0,70,9210,0,78,24,511,10,16,0,1048576,0.988399982,0,0,0.95135498,0.820968628,0.95135498,0.852600098,8,2,2,19,5,105,16,51,67,4294967295
267,1,262,262,1,512,40,472,17,472,23,499,16704,10013,6691,6691,0,244,9769,0,252,36,1023,10,16,0,1048576,0.988399982,0,0,0.739395142,0.626083374,0.739395142,0.593429565,21,7,26,17,28,29,9,5,9,7
268,1,262,262,1,512,17,495,6,495,11,511,16704,6231,10473,10473,0,124,6107,0,132,31,1023,10,16,0,1048576,0.988399982,0,0,1.39486694,1.09468079,1.39486694,1.07913208,10,22,17,13,7,13,72,10,81,17
269,1,262,262,1,512,251,261,86,261,165,357,16704,4653,12051,12051,0,861,3792,0,869,56,1023,10,16,0,1048576,0.984099984,0,0,1.27287292,0.972381592,1.27287292,0.705551147,5,9,4,4,6,5,4,5,10,15
270,1,262,262,1,512,63,449,29,449,34,488,16704,10860,5844,5844,0,591,10269,0,603,44,1023,10,16,0,1048576,0.983399987,0,0,1.12973022,0.989959717,1.12973022,0.885513306,6,6,7,8,7,14,38,8,14,84
271,0.899999976,262,262,1,512,15,497,7,497,8,514,16704,12055,4649,4649,0,141,11914,0,153,39,1021,10,16,0,1048576,0.983399987,0,0,1.39295959,1.28868103,1.39295959,1.30107117,3,4294967295,2,12,57,225,181,2,39,25
272,1,262,262,1,512,83,429,41,429,43,479,16704,6502,10202,10202,0,356,6146,0,364,39,1023,10,16,0,1048576,0.988399982,0,0,0.577880859,0.456680298,0.577880859,0.373703003,6,5,27,11,15,3,28,3,8,14
273,1,262,262,1,512,69,443,31,443,38,484,16704,6415,10289,10289,0,291,6124,0,299,30,1023,10,16,0,1048576,0.989499986,0,0,0.985153198,0.777206421,0.985153198,0.598556519,3,5,4,7,5,4,8,4,3,5
274,1,262,262,1,512,39,473,23,473,16,506,16704,7580,9124,9124,0,251,7329,0,263,32,1023,10,16,0,1048576,0.983399987,0,0,0.800018311,0.641647339,0.800018311,0.624328613,3,13,4,4,2,4,5,6,17,15
275,0.899999976,262,262,1,512,6,506,3,506,3,519,16704,12244,4460,4460,0,118,12126,0,126,34,1015,10,16,0,1048576,0.988399982,0,0,0.996017456,0.893325806,0.996017456,0.985092163,136,97,130,4294967295,88,19,54,21,21,56
276,1,262,262,1,512,45,467,22,467,23,499,16704,6132,10572,10572,0,226,5906,0,232,31,1023,10,16,0,1048576,0.987100005,0,0,1.56980896,1.32095337,1.56980896,1.23178101,15,117,7,3,4,11,20,5,124,61
277,0.800000012,262,262,1,512,11,501,5,501,6,516,16704,11714,4990,4990,0,122,11592,0,129,29,887,10,16,0,1048576,0.989899993,0,0,1.39102173,1.30288696,1.39102173,1.35705566,34,97,9,4294967295,37,7,45,4294967295,18,14
278,1,262,262,1,512,30,482,16,482,14,508,16704,9306,7398,7398,0,183,9123,0,195,39,1023,10,16,0,1048576,0.983399987,0,0,0.94152832,0.721893311,0.94152832,0.687652588,10,13,101,39,39,24,4,101,4,1
279,1,262,262,1,512,41,471,22,471,19,503,16704,6077,10627,10627,0,168,5909,0,176,29,1023,10,16,0,1048576,0.988399982,0,0,1.00180054,0.78704834,1.00180054,0.730728149,4,3,4,5,5,8,24,8,4,11
280,1,262,262,1,512,33,479,17,479,16,506,16704,9955,6749,6749,0,246,9709,0,254,32,1023,10,16,0,1048576,0.984099984,0,0,1.16589355,0.967147827,1.16589355,0.941543579,15,5,16,67,38,16,118,7,20,119
281,0.899999976,262,262,1,512,18,494,10,494,8,514,16704,9773,6931,6931,0,124,9649,0,132,30,1019,10,16,0,1048576,0.988399982,0,0,1.06259155,0.947479248,1.06259155,0.963424683,9,9,4294967295,18,53,14,151,74,74,28
282,0.800000012,262,262,1,512,5,507,4,507,1,521,16704,10955,5749,5749,0,80,10875,0,88,27,831,10,16,0,1048576,0.988399982,0,0,1.0987854,0.941696167,1.0987854,1.01777649,0,37,12,143,12,34,4294967295,4294967295,1,1
283,1,262,262,1,512,25,487,9,487,16,506,16704,8936,7768,7768,0,180,8756,0,183,32,1023,10,16,0,1048576,0.99059999,0,0,1.03955078,0.858627319,1.03955078,0.820205688,14,15,4,35,26,34,36,14,75,82
284,1,262,262,1,512,8,504,4,504,4,518,16704,10166,6538,6538,0,103,10063,0,115,31,1023,10,16,0,1048576,0.983399987,0,0,1.13772583,1.00152588,1.13772583,1.06143188,12,58,11,11,18,6,59,15,95,16
285,0.899999976,262,262,1,510,11,499,6,499,5,517,16704,3176,13528,13528,0,31,3145,0,39,22,991,10,16,0,1048576,0.989499986,0,0,1.71705627,1.36317444,1.71705627,1.5511322,19,17,18,5,21,4294967295,6,58,19,92
286,1,262,262,1,512,13,499,5,499,8,514,16704,8690,8014,8014,0,133,8557,0,140,26,1023,10,16,0,1048576,0.989899993,0,0,1.01907349,0.844329834,1.01907349,0.87046814,12,4,4,3,39,3,59,5,18,170
287,1,262,262,1,512,66,446,25,446,41,481,16704,9366,7338,7338,0,410,8956,0,418,36,1023,10,16,0,1048576,0.988399982,0,0,0.896392822,0.774993896,0.896392822,0.705673218,2,3,13,16,1,7,13,39,18,56
288,0.899999976,262,262,1,512,7,505,4,505,3,519,16704,9855,6849,6849,0,77,9778,0,83,29,895,10,16,0,1048576,0.987100005,0,0,1.39634705,1.2323761,1.39634705,1.33399963,6,15,15,27,130,229,35,4294967295,43,37
289,1,262,262,1,512,52,460,17,460,35,487,16704,4499,12205,12205,0,250,4249,0,258,35,1023,10,16,0,1048576,0.988399982,0,0,1.6537323,1.30093384,1.6537323,0.974578857,3,4,4,7,5,5,4,4,5,5
290,0.899999976,262,262,1,512,16,496,9,496,7,515,16704,12270,4434,4434,0,162,12108,0,170,36,991,10,16,0,1048576,0.988399982,0,0,1.03762817,0.941513062,1.03762817,0.953643799,87,41,196,43,42,4294967295,17,29,18,26
291,1,262,262,1,512,105,407,36,407,69,453,16704,8399,8305,8305,0,599,7800,0,611,50,1023,10,16,0,1048576,0.983399987,0,0,0.879058838,0.729400635,0.879058838,0.579284668,7,3,3,8,9,7,9,7,4,75
292,1,262,262,1,512,266,246,75,246,191,331,16704,7264,9440,9440,0,1314,5950,0,1326,49,1023,10,16,0,1048576,0.983399987,0,0,0.971038818,0.834991455,0.971038818,0.516799927,3,3,4,4,4,5,4,3,4,6
293,1,262,262,1,512,207,305,26,305,181,341,16704,6375,10329,10329,0,650,5725,0,658,33,1023,10,16,0,1048576,0.988399982,0,0,1.18170166,1.08824158,1.18170166,0.529998779,4,4,5,5,5,5,5,4,5,4
294,1,262,262,1,512,95,417,46,417,49,473,16704,9227,7477,7477,0,815,8412,0,827,57,1023,10,16,0,1048576,0.983399987,0,0,0.978713989,0.81578064,0.978713989,0.749389648,17,23,34,16,21,5,12,34,86,11
295,1,262,262,1,512,26,486,11,486,15,507,16704,10989,5715,5715,0,192,10797,0,195,27,1023,10,16,0,1048576,0.99059999,0,0,1.05072021,0.944519043,1.05072021,0.921081543,6,59,9,9,9,65,7,72,55,98
296,0.899999976,262,262,1,512,9,503,4,503,5,517,16704,10165,6539,6539,0,71,10094,0,79,28,511,10,16,0,1048576,0.988399982,0,0,1.3910675,1.23182678,1.3910675,1.30839539,7,23,16,24,17,12,136,89,53,4294967295
297,1,262,262,1,512,23,489,7,489,16,506,16704,12980,3724,3724,0,270,12710,0,278,35,1023,10,16,0,1048576,0.989499986,0,0,1.27674866,1.17605591,1.27674866,1.13079834,15,10,11,5,57,11,11,16,3,6
298,0.899999976,262,262,1,512,19,493,7,493,12,510,16704,9056,7648,7648,0,194,8862,0,202,37,991,10,16,0,1048576,0.988399982,0,0,1.03128052,0.920715332,1.03128052,0.902511597,61,61,4,11,113,4294967295,52,32,55,58
299,1,262,262,1,512,15,497,8,497,7,515,16704,7149,9555,9555,0,109,7040,0,117,25,1023,10,16,0,1048576,0.988399982,0,0,0.681259155,0.544494629,0.681259155,0.582229614,54,22,22,4,3,3,3,67,7,138
300,1,258,262,3,512,7,505,0,0,7,507,16448,9957,6491,6491,0,264,9693,0,278,35,1023,10,16,0,1048576,0.974399984,0,0,0.609085083,inf,0.609085083,0.622009277,5,10,93,175,1,13,27,7,51,3
301,1,262,262,1,512,10,502,5,502,5,517,16704,10374,6330,6330,0,133,10241,0,145,34,1023,10,16,0,1048576,0.983399987,0,0,1.00717163,0.892379761,1.00717163,0.94581604,6,13,27,134,23,107,6,22,50,178
302,1,259,262,3,512,9,503,0,0,9,506,16480,6995,9485,9485,0,121,6874,0,133,31,1023,10,16,0,1048576,0.980400026,0,0,1.13746643,inf,1.13746643,1.1399231,14,3,8,10,6,74,3,67,4,59
303,0.699999988,259,262,3,512,4,508,0,0,4,511,16480,10510,5970,5970,0,144,10366,0,156,40,701,10,16,0,1048576,0.980400026,0,0,0.991394043,inf,0.991394043,1.04283142,9,4294967295,34,122,192,77,4294967295,13,4294967295,11
304,1,260,262,3,512,15,497,0,0,15,502,16544,5123,11421,11421,0,200,4923,0,212,32,1023,10,16,0,1048576,0.980400026,0,0,0.514724731,inf,0.514724731,0.481430054,2,13,3,5,7,18,9,49,8,30
305,1,259,262,3,512,60,452,0,0,60,456,16512,8337,8175,8175,0,586,7751,0,597,42,1023,10,16,0,1048576,0.979799986,0,0,0.91947937,inf,0.91947937,0.767074585,6,3,3,1,31,2,6,7,59,55
306,1,259,262,3,512,20,492,0,0,20,495,16480,5158,11322,11322,0,297,4861,0,309,38,1023,10,16,0,1048576,0.971300006,0,0,0.348800659,inf,0.348800659,0.320861816,5,9,7,7,1,7,6,14,7,8
307,1,261,262,3,512,14,498,0,0,14,504,16576,4793,11783,11783,0,169,4624,0,180,33,1023,10,16,0,1048576,0.979799986,0,0,1.14929199,inf,1.14929199,1.11630249,5,4,5,4,7,34,7,50,17,25
308,1,259,262,3,512,46,466,0,0,46,470,16512,8868,7644,7644,0,697,8171,0,709,48,1023,10,16,0,1048576,0.977400005,0,0,0.677322388,inf,0.677322388,0.599822998,4,19,30,20,72,21,7,27,21,12
309,1,259,262,3,512,23,489,0,0,23,493,16512,7739,8773,8773,0,150,7589,0,162,30,1023,10,16,0,1048576,0.980400026,0,0,0.708724976,inf,0.708724976,0.6121521,3,5,4,5,17,29,4,8,9,3
310,0.899999976,259,262,3,512,8,504,0,0,8,507,16480,9666,6814,6814,0,198,9468,0,209,37,895,10,16,0,1048576,0.979799986,0,0,0.45904541,inf,0.45904541,0.46685791,13,8,28,122,17,39,6,4294967295,0,237
311,0.899999976,259,262,3,512,23,489,0,0,23,493,16512,11944,4568,4568,0,352,11592,0,373,47,991,10,16,0,1048576,0.971000016,0,0,1.06005859,inf,1.06005859,1.01649475,34,19,174,9,2,4294967295,18,5,16,5
312,1,259,262,3,512,22,490,0,0,22,494,16512,8592,7920,7920,0,248,8344,0,259,38,1023,10,16,0,1048576,0.979799986,0,0,0.699859619,inf,0.699859619,0.645736694,19,10,15,2,3,87,24,41,42,25
313,1,260,262,3,512,21,491,0,0,21,497,16576,7519,9057,9057,0,213,7306,0,227,45,1023,10,16,0,1048576,0.974399984,0,0,0.944122314,inf,0.944122314,0.830871582,13,42,55,35,4,10,9,36,43,10
314,1,259,262,3,512,15,497,0,0,15,501,16512,10695,5817,5817,0,368,10327,0,389,43,1023,10,16,0,1048576,0.971000016,0,0,1.00442505,inf,1.00442505,0.971664429,17,9,104,18,9,178,6,19,7,50
315,1,260,262,3,512,4,508,0,0,4,513,16544,6407,10137,10137,0,44,6363,0,55,32,1023,10,16,0,1048576,0.979799986,0,0,0.679794312,inf,0.679794312,0.799835205,7,8,51,80,25,31,90,31,153,104
316,1,260,262,3,512,23,489,0,0,23,494,16544,7413,9131,9131,0,332,7081,0,343,46,1023,10,16,0,1048576,0.979799986,0,0,0.478988647,inf,0.478988647,0.451049805,3,10,31,15,37,25,11,19,75,21
317,1,260,262,3,512,16,496,0,0,16,502,16576,4623,11953,11953,0,128,4495,0,140,38,1023,10,16,0,1048576,0.977400005,0,0,0.551391602,inf,0.551391602,0.49559021,6,7,20,8,11,25,47,18,14,59
318,1,259,262,3,512,32,480,0,0,32,483,16480,3736,12744,12744,0,118,3618,0,130,31,1023,10,16,0,1048576,0.977400005,0,0,0.610641479,inf,0.610641479,0.511077881,8,7,2,4,5,2,7,7,9,14
319,1,262,262,1,512,119,393,50,393,70,452,16704,9675,7029,7029,0,950,8725,0,962,61,1023,10,16,0,1048576,0.983399987,0,0,0.948944092,0.833190918,0.948944092,0.729385376,7,8,3,22,8,5,7,6,160,7
320,1,259,262,3,512,45,467,0,0,45,471,16512,10770,5742,5742,0,506,10264,0,518,45,1023,10,16,0,1048576,0.980400026,0,0,0.932785034,inf,0.932785034,0.822250366,36,5,6,17,76,8,7,7,18,2
321,1,259,262,3,512,105,407,0,0,105,411,16512,8414,8098,8098,0,1042,7372,0,1053,46,1023,10,16,0,1048576,0.979799986,0,0,0.754806519,inf,0.754806519,0.622055054,8,10,2,9,7,28,10,23,23,14
322,1,258,262,3,512,22,490,0,0,22,492,16448,7374,9074,9074,0,273,7101,0,285,41,1023,10,16,0,1048576,0.977400005,0,0,0.689819336,inf,0.689819336,0.644500732,28,37,7,8,36,7,11,5,42,62
323,1,258,262,3,512,8,504,0,0,8,506,16448,7309,9139,9139,0,223,7086,0,235,36,1023,10,16,0,1048576,0.980400026,0,0,0.591171265,inf,0.591171265,0.592147827,12,14,2,35,11,11,30,16,35,43
324,1,258,262,3,512,19,493,0,0,19,495,16448,2364,14084,14084,0,60,2304,0,81,29,1023,10,16,0,1048576,0.971000016,0,0,0.370529175,inf,0.370529175,0.305709839,3,2,2,2,0,1,2,3,19,1
325,1,260,262,3,512,5,507,0,0,5,512,16544,3340,13204,13204,0,66,3274,0,76,26,1023,10,16,0,1048576,0.979900002,0,0,1.13668823,inf,1.13668823,1.25408936,17,6,17,45,48,33,130,120,52,92
326,1,260,262,3,512,23,489,0,0,23,494,16544,8291,8253,8253,0,319,7972,0,340,51,1023,10,16,0,1048576,0.971000016,0,0,0.741470337,inf,0.741470337,0.664794922,11,14,5,22,6,22,9,26,19,10
327,1,261,262,3,512,25,487,0,0,25,494,16608,4735,11873,11873,0,152,4583,0,173,41,1023,10,16,0,1048576,0.971000016,0,0,0.963806152,inf,0.963806152,0.879241943,7,5,7,9,22,4,44,9,10,5
328,0.899999976,262,262,1,512,16,496,0,1,16,504,16640,11791,4849,4849,0,309,11482,0,321,44,959,10,16,0,1048576,0.977400005,0,0,1.3719635,1.26402283,1.3719635,1.33779907,9,10,16,12,23,52,4294967295,63,37,73
329,1,259,262,3,512,11,501,0,0,11,505,16512,7372,9140,9140,0,113,7259,0,124,35,1023,10,16,0,1048576,0.979799986,0,0,1.45805359,inf,1.45805359,1.4513092,10,18,107,13,69,69,22,6,60,119
330,0.800000012,260,262,3,512,5,507,0,0,5,512,16544,11759,4785,4785,0,160,11599,0,172,45,863,10,16,0,1048576,0.980400026,0,0,1.18806458,inf,1.18806458,1.22547913,22,7,46,23,22,4294967295,240,4294967295,241,220
331,1,259,262,3,512,5,507,0,0,5,511,16512,4893,11619,11619,0,81,4812,0,91,24,1023,10,16,0,1048576,0.979900002,0,0,0.698440552,inf,0.698440552,0.756011963,13,8,4,37,27,9,5,6,29,24
332,1,260,262,3,512,12,500,0,0,12,505,16544,9204,7340,7340,0,150,9054,0,162,35,1023,10,16,0,1048576,0.980400026,0,0,0.522720337,inf,0.522720337,0.504348755,4,11,4,30,16,77,11,27,4,4
333,1,260,262,3,512,22,490,0,0,22,496,16576,11997,4579,4579,0,421,11576,0,433,44,1023,10,16,0,1048576,0.977400005,0,0,1.00354004,inf,1.00354004,0.952972412,7,8,15,6,137,77,88,143,2,10
334,1,259,262,3,512,107,405,0,0,107,409,16512,7641,8871,8871,0,852,6789,0,863,46,1023,10,16,0,1048576,0.979799986,0,0,0.787887573,inf,0.787887573,0.615509033,6,4,6,7,4,21,12,16,22,7
335,1,261,262,3,512,50,462,0,0,50,470,16640,4431,12209,12209,0,278,4153,0,289,42,1023,10,16,0,1048576,0.979799986,0,0,0.980178833,inf,0.980178833,0.780532837,8,8,6,23,6,10,18,22,8,22
336,1,258,262,3,512,16,496,0,0,16,498,16448,4739,11709,11709,0,129,4610,0,141,35,1023,10,16,0,1048576,0.977400005,0,0,1.00608826,inf,1.00608826,0.948120117,6,18,11,12,20,1,1,32,32,30
337,1,259,262,3,512,17,495,0,0,17,499,16512,9478,7034,7034,0,308,9170,0,320,54,1023,10,16,0,1048576,0.971300006,0,0,1.11938477,inf,1.11938477,1.05577087,70,123,6,114,67,37,18,18,25,124
338,1,260,262,3,512,32,480,0,0,33,484,16544,3651,12893,12893,0,130,3521,0,142,25,1023,10,16,0,1048576,0.980400026,0,0,1.13340759,inf,1.13340759,0.922317505,4,3,3,3,5,4,5,7,8,18
339,0.800000012,259,262,3,512,9,503,0,0,9,506,16480,9150,7330,7330,0,245,8905,0,259,42,639,10,16,0,1048576,0.974399984,0,0,0.817459106,inf,0.817459106,0.821960449,3,19,21,9,49,11,110,4294967295,4294967295,121
340,1,260,262,3,512,24,488,0,0,24,494,16576,6239,10337,10337,0,162,6077,0,173,33,1023,10,16,0,1048576,0.979799986,0,0,1.1603241,inf,1.1603241,1.02598572,17,24,13,17,11,11,26,15,14,17
341,1,260,262,3,512,25,487,0,0,25,492,16544,9657,6887,6887,0,368,9289,0,379,37,1023,10,16,0,1048576,0.979799986,0,0,0.650360107,inf,0.650360107,0.611343384,51,12,6,15,55,7,7,4,99,10
342,1,262,262,2,512,29,483,0,0,29,492,16672,10709,5963,5963,0,450,10259,0,462,52,1023,10,16,0,1048576,0.971300006,0,0,0.843399048,inf,0.843399048,0.784255981,94,19,18,9,40,23,20,24,26,7
343,1,259,262,3,512,2,510,0,0,2,513,16480,6073,10407,10407,0,45,6028,0,56,32,1023,10,16,0,1048576,0.979799986,0,0,0.814025879,inf,0.814025879,0.991821289,8,27,43,47,38,199,116,101,198,191
344,1,259,262,3,512,52,460,0,0,53,462,16480,8053,8427,8427,0,350,7703,0,362,45,1023,10,16,0,1048576,0.980400026,0,0,0.935180664,inf,0.935180664,0.764663696,4,4,5,3,6,7,6,5,5,5
345,1,258,262,3,512,39,473,0,0,39,475,16448,9151,7297,7297,0,516,8635,0,527,37,1023,10,16,0,1048576,0.979799986,0,0,0.94203186,inf,0.94203186,0.846343994,5,4,5,15,212,7,6,9,4,20
346,1,260,262,3,512,20,492,0,0,20,497,16544,9263,7281,7281,0,381,8882,0,392,49,1023,10,16,0,1048576,0.979799986,0,0,0.927322388,inf,0.927322388,0.865493774,2,23,21,4,6,9,55,25,25,19
347,1,259,262,3,512,75,437,0,0,75,441,16512,7955,8557,8557,0,627,7328,0,638,37,1023,10,16,0,1048576,0.979799986,0,0,0.637878418,inf,0.637878418,0.500778198,4,4,5,5,3,6,7,5,3,5
348,0.899999976,259,262,3,512,12,500,0,0,12,503,16480,11917,4563,4563,0,215,11702,0,227,49,511,10,16,0,1048576,0.980400026,0,0,0.914367676,inf,0.914367676,0.908630371,41,142,173,57,84,136,13,223,9,4294967295
349,1,260,262,3,512,28,484,0,0,28,488,16512,7885,8627,8627,0,359,7526,0,380,41,1023,10,16,0,1048576,0.971000016,0,0,0.955612183,inf,0.955612183,0.877655029,3,3,14,2,2,26,2,8,7,4
350,1,258,262,3,512,26,486,0,0,26,488,16448,7801,8647,8647,0,293,7508,0,314,39,1023,10,16,0,1048576,0.971000016,0,0,0.503097534,inf,0.503097534,0.47215271,5,3,12,4,9,1,32,1,61,16
351,1,259,262,3,512,45,467,0,0,45,470,16480,10833,5647,5647,0,701,10132,0,716,53,1023,10,16,0,1048576,0.965900004,0,0,0.890335083,inf,0.890335083,0.772140503,12,1,46,19,94,11,3,25,43,12
352,1,259,262,3,512,23,489,0,0,23,493,16512,6212,10300,10300,0,255,5957,0,276,45,1023,10,16,0,1048576,0.971000016,0,0,0.544540405,inf,0.544540405,0.490188599,6,4,34,4,58,23,27,5,4,46
353,1,260,262,3,512,18,494,0,0,18,499,16544,6261,10283,10283,0,340,5921,0,355,37,1023,10,16,0,1048576,0.965900004,0,0,1.20405579,inf,1.20405579,1.09912109,9,5,12,23,15,27,8,3,9,60
354,1,260,262,3,512,27,485,0,0,27,491,16576,7280,9296,9296,0,340,6940,0,356,40,1023,10,16,0,1048576,0.964600027,0,0,0.801803589,inf,0.801803589,0.674057007,8,6,9,12,2,8,6,4,7,14
355,0.899999976,259,262,3,512,31,481,0,0,31,485,16512,11597,4915,4915,0,531,11066,0,546,45,1019,10,16,0,1048576,0.965900004,0,0,0.666305542,inf,0.666305542,0.615707397,2,3,4294967295,10,4,10,22,45,10,46
356,1,258,262,3,512,67,445,0,0,67,447,16448,5926,10522,10522,0,300,5626,0,330,45,1023,10,16,0,1048576,0.950299978,0,0,1.01325989,inf,1.01325989,0.693710327,5,4,5,4,5,5,4,5,5,5
357,1,259,262,3,512,233,279,0,0,235,281,16512,7055,9457,9457,0,1224,5831,0,1240,51,1023,10,16,0,1048576,0.964600027,0,0,0.665817261,inf,0.665817261,0.488632202,4,3,3,4,4,10,4,4,3,5
358,1,261,262,3,512,48,464,0,0,48,472,16640,6480,10160,10160,0,364,6116,0,379,51,1023,10,16,0,1048576,0.965900004,0,0,1.09428406,inf,1.09428406,0.906799316,12,9,7,17,9,27,10,13,13,13
359,1,258,262,3,512,46,466,0,0,46,468,16448,7732,8716,8716,0,425,7307,0,440,41,1023,10,16,0,1048576,0.965900004,0,0,0.55519104,inf,0.55519104,0.469833374,8,10,2,2,10,17,4,12,14,9
360,1,262,262,2,512,11,501,0,0,12,509,16672,8190,8482,8482,0,228,7962,0,244,53,1023,10,16,0,1048576,0.964600027,0,0,1.33866882,inf,1.33866882,1.32737732,65,10,23,7,62,23,4,64,64,42
361,1,259,262,3,512,129,383,0,0,130,386,16512,7081,9431,9431,0,1329,5752,0,1359,65,1023,10,16,0,1048576,0.950299978,0,0,0.791427612,inf,0.791427612,0.606887817,4,27,3,4,4,4,23,16,24,4
362,1,259,262,3,512,13,499,0,0,13,503,16512,5039,11473,11473,0,182,4857,0,203,40,1023,10,16,0,1048576,0.971000016,0,0,1.34869385,inf,1.34869385,1.26184082,3,2,12,4,8,53,53,2,22,53
363,1,260,262,3,512,47,465,0,0,47,471,16576,9624,6952,6952,0,837,8787,0,867,56,1023,10,16,0,1048576,0.950299978,0,0,0.760696411,inf,0.760696411,0.688980103,7,13,13,12,8,4,10,18,132,6
364,1,260,262,3,512,26,486,0,0,26,492,16576,8863,7713,7713,0,415,8448,0,445,53,1023,10,16,0,1048576,0.950299978,0,0,1.12435913,inf,1.12435913,1.03076172,10,8,10,10,8,10,17,7,22,62
365,1,259,262,3,512,7,505,0,0,7,509,16512,3906,12606,12606,0,64,3842,0,79,32,1023,10,16,0,1048576,0.965900004,0,0,0.952392578,inf,0.952392578,0.989135742,4,5,40,62,197,30,38,18,78,59
366,1,260,262,3,512,65,447,0,0,65,453,16576,7376,9200,9200,0,640,6736,0,655,48,1023,10,16,0,1048576,0.965900004,0,0,0.73878479,inf,0.73878479,0.598754883,5,6,4,6,25,14,7,29,30,5
367,1,260,262,3,512,43,469,0,0,43,475,16576,12593,3983,3983,0,645,11948,0,661,42,1023,10,16,0,1048576,0.964600027,0,0,1.07873535,inf,1.07873535,0.888778687,6,4,4,3,3,5,1,18,2,13
368,1,261,262,3,512,33,479,0,0,33,486,16608,5272,11336,11336,0,211,5061,0,232,40,1023,10,16,0,1048576,0.971000016,0,0,1.33789062,inf,1.33789062,1.14070129,6,5,13,5,37,37,6,6,5,8
369,0.699999988,260,262,3,512,13,499,0,0,13,505,16576,13465,3111,3111,0,322,13143,0,343,51,862,10,16,0,1048576,0.971000016,0,0,0.9115448,inf,0.9115448,0.903442383,4294967295,54,8,64,72,4294967295,9,4294967295,61,59
370,1,259,262,3,512,72,440,0,0,72,444,16512,9101,7411,7411,0,875,8226,0,890,49,1023,10,16,0,1048576,0.965900004,0,0,0.728179932,inf,0.728179932,0.62210083,4,13,2,15,21,46,16,9,39,9
371,1,259,262,3,512,37,475,0,0,37,479,16512,8188,8324,8324,0,582,7606,0,597,52,1023,10,16,0,1048576,0.965900004,0,0,0.984390259,inf,0.984390259,0.887649536,4,18,13,5,25,25,26,19,12,12
372,1,259,262,3,512,39,473,0,0,39,476,16480,11509,4971,4971,0,613,10896,0,628,56,1023,10,16,0,1048576,0.965900004,0,0,1.13217163,inf,1.13217163,1.03199768,21,7,6,20,8,16,16,105,73,73
373,1,260,262,3,512,247,265,0,0,251,267,16576,6235,10341,10341,0,1945,4290,0,1975,79,1023,10,16,0,1048576,0.950299978,0,0,0.633117676,inf,0.633117676,0.439605713,4,3,4,5,4,5,8,3,3,4
374,1,262,262,2,512,43,469,0,0,44,477,16672,10327,6345,6345,0,673,9654,0,688,56,1023,10,16,0,1048576,0.965900004,0,0,0.905944824,inf,0.905944824,0.79397583,9,6,109,9,12,9,8,17,17,7
375,1,258,262,3,512,21,491,0,0,21,493,16448,8999,7449,7449,0,326,8673,0,342,38,1023,10,16,0,1048576,0.964600027,0,0,0.922607422,inf,0.922607422,0.817886353,11,8,5,6,14,20,19,25,7,31
376,1,259,262,3,512,19,493,0,0,19,496,16480,11194,5286,5286,0,495,10699,0,510,49,1023,10,16,0,1048576,0.965900004,0,0,0.808227539,inf,0.808227539,0.774291992,25,65,7,22,9,9,91,8,59,5
377,1,261,262,3,512,24,488,0,0,25,495,16640,3457,13183,13183,0,131,3326,0,161,42,1023,10,16,0,1048576,0.950299978,0,0,0.873413086,inf,0.873413086,0.602752686,8,8,7,18,5,7,8,12,26,14
378,1,259,262,3,512,23,489,0,0,23,492,16480,9974,6506,6506,0,480,9494,0,495,49,1023,10,16,0,1048576,0.965900004,0,0,0.570495605,inf,0.570495605,0.543838501,13,3,6,18,15,21,85,16,25,9
379,1,259,262,3,512,69,443,0,0,69,447,16512,7074,9438,9438,0,971,6103,0,986,51,1023,10,16,0,1048576,0.965900004,0,0,0.774276733,inf,0.774276733,0.63571167,4,3,8,5,19,4,8,3,22,26
380,1,258,262,3,512,19,493,0,0,19,495,16448,9915,6533,6533,0,263,9652,0,293,42,1023,10,16,0,1048576,0.965799987,0,0,0.894317627,inf,0.894317627,0.84413147,6,6,8,35,20,89,98,122,43,6
381,1,259,262,3,512,21,491,0,0,23,493,16512,9378,7134,7134,0,448,8930,0,463,52,1023,10,16,0,1048576,0.965900004,0,0,1.00723267,inf,1.00723267,0.962615967,18,9,20,2,19,246,19,15,140,90
382,0.699999988,262,262,2,512,28,484,0,0,28,493,16672,12535,4137,4137,0,634,11901,0,649,66,988,10,16,0,1048576,0.965900004,0,0,1.26031494,inf,1.26031494,1.17655945,4294967295,4294967295,56,11,72,4294967295,26,143,34,242
383,1,258,262,3,512,41,471,0,0,42,472,16448,6390,10058,10058,0,308,6082,0,323,35,1023,10,16,0,1048576,0.965900004,0,0,0.816925049,inf,0.816925049,0.718383789,4,5,3,4,6,5,12,7,53,4
384,1,261,262,3,512,25,487,0,0,25,494,16608,6775,9833,9833,0,260,6515,0,275,48,1023,10,16,0,1048576,0.965900004,0,0,0.808456421,inf,0.808456421,0.771728516,8,9,62,24,18,10,5,38,14,9
385,1,259,262,3,512,51,461,0,0,52,463,16480,12390,4090,4090,0,742,11648,0,757,53,1023,10,16,0,1048576,0.965900004,0,0,1.06196594,inf,1.06196594,0.97227478,27,8,28,20,18,19,27,75,26,7
386,1,259,262,3,512,48,464,0,0,48,468,16512,3874,12638,12638,0,259,3615,0,274,42,1023,10,16,0,1048576,0.965900004,0,0,1.10159302,inf,1.10159302,0.659347534,3,4,3,4,4,5,5,4,4,4
387,1,260,262,3,512,25,487,0,0,25,492,16544,8927,7617,7617,0,362,8565,0,377,47,1023,10,16,0,1048576,0.965900004,0,0,1.10047913,inf,1.10047913,1.0349884,6,85,11,217,3,78,56,4,50,24
388,1,260,262,3,512,70,442,0,0,70,446,16512,10345,6167,6167,0,1310,9035,0,1325,58,1023,10,16,0,1048576,0.965900004,0,0,1.04432678,inf,1.04432678,0.919555664,10,8,2,56,4,11,9,2,9,14
389,1,259,262,3,512,29,483,0,0,29,487,16512,7763,8749,8749,0,297,7466,0,318,45,1023,10,16,0,1048576,0.971000016,0,0,0.942108154,inf,0.942108154,0.838165283,10,10,10,9,9,8,19,11,30,32
390,1,259,262,3,512,19,493,0,0,20,495,16480,7490,8990,8990,0,290,7200,0,305,40,1023,10,16,0,1048576,0.965900004,0,0,0.778823853,inf,0.778823853,0.726577759,21,6,18,2,5,41,4,11,1,47
391,1,261,262,3,512,19,493,0,0,20,499,16608,8721,7887,7887,0,356,8365,0,371,47,1023,10,16,0,1048576,0.965900004,0,0,1.12963867,inf,1.12963867,1.04914856,5,5,9,14,7,8,14,29,10,68
392,1,258,262,3,512,16,496,0,0,16,498,16448,10819,5629,5629,0,352,10467,0,368,45,1023,10,16,0,1048576,0.964600027,0,0,0.849700928,inf,0.849700928,0.820449829,8,16,42,32,21,158,25,1,9,148
393,1,259,262,3,512,61,451,0,0,61,455,16512,8739,7773,7773,0,767,7972,0,782,47,1023,10,16,0,1048576,0.965900004,0,0,1.02835083,inf,1.02835083,0.87727356,3,1,3,5,9,6,10,6,26,4
394,1,258,262,3,512,47,465,0,0,47,467,16448,7889,8559,8559,0,539,7350,0,554,49,1023,10,16,0,1048576,0.965900004,0,0,0.916915894,inf,0.916915894,0.778244019,1,9,8,15,15,5,16,30,18,11
395,1,259,262,3,512,96,416,0,0,96,419,16480,10467,6013,6013,0,894,9573,0,909,59,1023,10,16,0,1048576,0.965900004,0,0,1.09680176,inf,1.09680176,0.92364502,23,22,21,24,22,22,23,27,21,24
396,1,259,262,3,512,64,448,0,0,64,451,16480,5761,10719,10719,0,642,5119,0,657,50,1023,10,16,0,1048576,0.965900004,0,0,1.10282898,inf,1.10282898,0.961303711,4,5,10,6,13,26,6,12,36,4
397,1,258,262,3,512,45,467,0,0,45,469,16448,6250,10198,10198,0,434,5816,0,449,45,1023,10,16,0,1048576,0.965900004,0,0,0.921051025,inf,0.921051025,0.78944397,2,20,7,6,4,5,9,2,6,21
398,1,259,262,3,512,48,464,0,0,48,468,16512,6283,10229,10229,0,527,5756,0,542,44,1023,10,16,0,1048576,0.965900004,0,0,0.612701416,inf,0.612701416,0.511047363,11,10,10,10,10,6,38,5,8,39
399,1,259,262,3,512,13,499,0,0,13,503,16512,8764,7748,7748,0,229,8535,0,244,39,1023,10,16,0,1048576,0.965900004,0,0,0.636306763,inf,0.636306763,0.623077393,9,10,4,4,6,30,8,31,31,7
400,1,259,262,3,512,45,467,0,0,45,471,16512,8560,7952,7952,0,766,7794,0,825,70,1023,10,16,0,1048576,0.904799998,0,0,0.875701904,inf,0.875701904,0.768463135,7,4,5,17,11,22,14,28,6,17
401,1,262,262,1,512,334,178,5,8,329,193,16704,1453,15251,15251,0,602,851,0,661,49,1023,10,16,0,1048576,0.904799998,0,0,0.00303649902,0.00297546387,0.00303649902,0.000442504883,14,14,14,14,13,13,13,13,14,14
402,0.899999976,260,262,3,512,24,488,0,0,24,493,16544,12627,3917,3917,0,588,12039,0,619,61,1015,10,16,0,1048576,0.93690002,0,0,0.967132568,inf,0.967132568,0.914962769,55,19,11,4294967295,8,7,21,56,168,136
403,0,260,262,3,512,3,509,0,0,3,514,16544,6176,10368,10368,0,111,6065,0,152,47,0,10,16,0,1048576,0.930299997,0,0,1.68977356,inf,1.68977356,1.72241211,4294967295,4294967295,4294967295,4294967295,4294967295,4294967295,4294967295,4294967295,4294967295,4294967295
404,0.800000012,260,262,3,512,18,494,0,0,18,500,16576,10197,6379,6379,0,301,9896,0,331,55,639,10,16,0,1048576,0.950299978,0,0,0.869659424,inf,0.869659424,0.824859619,28,33,38,25,13,31,11,4294967295,4294967295,25
405,1,261,262,3,512,56,456,0,0,58,462,16640,2797,13843,13843,0,235,2562,0,276,68,1023,10,16,0,1048576,0.930299997,0,0,0.926544189,inf,0.926544189,0.55607605,9,6,6,7,8,8,8,20,13,19
406,1,261,262,3,512,248,264,0,0,248,272,16640,3952,12688,12688,0,655,3297,0,695,58,1023,10,16,0,1048576,0.918300033,0,0,0.832626343,inf,0.832626343,0.315475464,5,6,6,6,6,5,6,7,6,6
407,1,259,262,3,512,38,474,0,0,38,478,16512,8126,8386,8386,0,524,7602,0,565,65,1023,10,16,0,1048576,0.930299997,0,0,0.537582397,inf,0.537582397,0.472976685,2,17,13,14,10,8,47,43,8,15
408,1,260,262,3,512,70,442,0,0,71,447,16576,9830,6746,6746,0,1210,8620,0,1249,66,1023,10,16,0,1048576,0.904999971,0,0,0.882064819,inf,0.882064819,0.775848389,5,10,3,11,14,4,89,129,177,3
409,1,259,262,3,512,44,468,0,0,44,472,16512,7048,9464,9464,0,579,6469,0,632,62,1023,10,16,0,1048576,0.911300004,0,0,0.674804688,inf,0.674804688,0.588058472,4,30,9,23,203,20,20,5,10,5
410,1,260,262,3,512,27,485,0,0,27,491,16576,7543,9033,9033,0,490,7053,0,521,63,1023,10,16,0,1048576,0.93690002,0,0,0.76499939,inf,0.76499939,0.7084198,10,21,7,8,53,46,9,32,13,14
411,1,259,262,3,512,27,485,0,0,29,487,16512,9294,7218,7218,0,504,8790,0,535,51,1023,10,16,0,1048576,0.93690002,0,0,0.716018677,inf,0.716018677,0.63923645,9,3,12,12,38,30,31,3,126,21
412,1,260,262,3,512,22,490,0,0,22,496,16576,4718,11858,11858,0,250,4468,0,281,39,1023,10,16,0,1048576,0.93690002,0,0,1.15196228,inf,1.15196228,0.9349823,4,5,4,5,4,12,49,4,18,3
413,1,260,262,3,512,49,463,0,0,49,469,16576,11453,5123,5123,0,941,10512,0,982,68,1023,10,16,0,1048576,0.930299997,0,0,0.955230713,inf,0.955230713,0.874328613,11,17,13,77,6,152,202,190,8,68
414,1,260,262,3,512,36,476,0,0,36,482,16576,5875,10701,10701,0,460,5415,0,513,61,1023,10,16,0,1048576,0.911300004,0,0,0.773239136,inf,0.773239136,0.641433716,5,5,6,6,21,6,6,6,32,3
415,1,260,262,3,512,34,478,0,0,34,483,16544,9796,6748,6748,0,606,9190,0,637,64,1023,10,16,0,1048576,0.93690002,0,0,1.13792419,inf,1.13792419,1.06286621,16,23,21,33,27,23,10,34,80,69
416,0.800000012,259,262,3,512,26,486,0,0,28,488,16512,12410,4102,4102,0,592,11818,0,633,74,989,10,16,0,1048576,0.930299997,0,0,0.919555664,inf,0.919555664,0.881256104,30,4294967295,62,119,191,4294967295,29,50,29,6
417,1,260,262,3,512,120,392,0,0,120,398,16576,6577,9999,9999,0,1298,5279,0,1355,68,1023,10,16,0,1048576,0.901899993,0,0,0.457550049,inf,0.457550049,0.335861206,8,12,4,10,6,5,9,15,11,13
418,0.899999976,262,262,1,512,43,469,1,12,42,480,16704,10712,5992,5992,0,663,10049,0,694,65,767,10,16,0,1048576,0.93690002,0,0,1.20172119,1.19915771,1.20172119,1.09518433,26,24,58,57,25,21,78,18,4294967295,120
419,1,259,262,3,512,29,483,0,0,30,486,16512,6796,9716,9716,0,431,6365,0,472,52,1023,10,16,0,1048576,0.930299997,0,0,0.916000366,inf,0.916000366,0.794845581,16,3,2,7,86,17,2,12,29,9
420,1,259,262,3,512,33,479,0,0,33,483,16512,10891,5621,5621,0,716,10175,0,747,64,1023,10,16,0,1048576,0.93690002,0,0,0.896148682,inf,0.896148682,0.825820923,19,13,12,97,109,11,8,14,114,10
421,1,258,262,3,512,44,468,0,0,44,470,16448,7159,9289,9289,0,578,6581,0,619,61,1023,10,16,0,1048576,0.930299997,0,0,0.814483643,inf,0.814483643,0.692108154,15,7,23,23,23,12,6,35,13,7
422,1,259,262,3,512,70,442,0,0,72,444,16512,4195,12317,12317,0,485,3710,0,524,60,1023,10,16,0,1048576,0.904999971,0,0,0.893783569,inf,0.893783569,0.669128418,3,9,5,3,6,18,18,18,10,14
423,1,260,262,3,512,63,449,0,0,64,452,16512,8951,7561,7561,0,999,7952,0,1052,65,1023,10,16,0,1048576,0.911300004,0,0,0.899230957,inf,0.899230957,0.774215698,7,9,17,12,2,26,39,15,47,47
424,1,259,262,3,512,489,23,0,0,489,27,16512,5388,11124,11124,0,2712,2676,0,2753,71,1023,10,16,0,1048576,0.930299997,0,0,0.967086792,inf,0.967086792,0.708099365,4,10,3,14,6,3,5,21,4,7
425,1,260,262,3,512,26,486,0,0,26,491,16544,5922,10622,10622,0,386,5536,0,417,51,1023,10,16,0,1048576,0.93690002,0,0,0.912277222,inf,0.912277222,0.801895142,5,6,9,6,16,3,61,68,18,44
426,1,259,262,3,512,34,478,0,0,34,482,16512,4256,12256,12256,0,229,4027,0,260,41,1023,10,16,0,1048576,0.93690002,0,0,1.19995117,inf,1.19995117,0.87689209,3,1,2,5,4,2,3,1,3,1
427,1,258,262,3,512,41,471,0,0,41,473,16448,9097,7351,7351,0,861,8236,0,902,55,1023,10,16,0,1048576,0.930299997,0,0,1.44863892,inf,1.44863892,1.29341125,4,3,4,7,2,6,6,10,161,27
428,1,258,262,3,512,44,468,0,0,44,469,16416,4831,11585,11585,0,565,4266,0,604,52,1023,10,16,0,1048576,0.904999971,0,0,1.01437378,inf,1.01437378,0.891830444,4,5,115,2,4,12,4,5,1,14
429,1,260,262,3,512,32,480,0,0,32,486,16576,9063,7513,7513,0,593,8470,0,624,56,1023,10,16,0,1048576,0.93690002,0,0,1.17378235,inf,1.17378235,1.0105896,7,12,6,7,14,14,6,21,16,38
430,1,260,262,3,512,37,475,0,0,38,479,16544,12244,4300,4300,0,890,11354,0,929,63,1023,10,16,0,1048576,0.904999971,0,0,1.00521851,inf,1.00521851,0.916992188,10,8,6,21,6,82,5,7,13,101
431,1,259,262,3,512,31,481,0,0,31,485,16512,8892,7620,7620,0,581,8311,0,611,44,1023,10,16,0,1048576,0.926299989,0,0,0.641616821,inf,0.641616821,0.574615479,7,6,26,1,14,9,14,8,3,4
432,1,259,262,3,512,91,421,0,0,91,425,16512,6749,9763,9763,0,1173,5576,0,1230,58,1023,10,16,0,1048576,0.901899993,0,0,0.504974365,inf,0.504974365,0.411727905,3,2,3,4,12,4,12,4,10,5
433,1,258,262,3,512,46,466,0,0,47,467,16448,7326,9122,9122,0,786,6540,0,827,59,1023,10,16,0,1048576,0.930299997,0,0,0.754333496,inf,0.754333496,0.665359497,9,29,3,5,35,3,5,6,44,44
434,1,261,262,3,512,53,459,0,0,55,464,16608,4315,12293,12293,0,478,3837,0,535,67,1023,10,16,0,1048576,0.912599981,0,0,0.678604126,inf,0.678604126,0.539733887,6,6,7,7,6,7,7,8,5,45
435,1,259,262,3,512,37,475,0,0,37,479,16512,6943,9569,9569,0,466,6477,0,507,59,1023,10,16,0,1048576,0.930299997,0,0,1.04763794,inf,1.04763794,0.921920776,10,5,10,8,8,10,6,23,8,6
436,1,259,262,3,512,47,465,0,0,47,469,16512,8619,7893,7893,0,707,7912,0,738,58,1023,10,16,0,1048576,0.93690002,0,0,0.79335022,inf,0.79335022,0.684951782,4,9,5,5,3,25,20,85,36,12
437,0.899999976,260,262,3,512,51,461,0,0,51,466,16544,11035,5509,5509,0,1143,9892,0,1182,79,511,10,16,0,1048576,0.904999971,0,0,0.892990112,inf,0.892990112,0.82409668,23,8,105,43,16,46,26,141,64,4294967295
438,1,259,262,3,512,44,468,0,0,44,472,16512,8592,7920,7920,0,675,7917,0,715,62,1023,10,16,0,1048576,0.918300033,0,0,0.854888916,inf,0.854888916,0.734832764,4,10,5,11,38,6,62,3,30,11
439,1,260,262,3,512,55,457,0,0,55,462,16544,5952,10592,10592,0,524,5428,0,563,66,1023,10,16,0,1048576,0.904999971,0,0,0.884521484,inf,0.884521484,0.811630249,5,9,5,7,25,70,6,13,4,5
440,1,259,262,3,512,36,476,0,0,37,478,16480,12453,4027,4027,0,906,11547,0,947,77,1023,10,16,0,1048576,0.930299997,0,0,1.09893799,inf,1.09893799,1.01828003,13,120,121,27,57,17,17,250,86,166
441,1,261,262,3,512,39,473,0,0,39,481,16640,5196,11444,11444,0,349,4847,0,380,51,1023,10,16,0,1048576,0.93690002,0,0,1.27740479,inf,1.27740479,1.03588867,7,8,10,5,8,4,6,9,48,10
442,1,259,262,3,512,42,470,0,0,42,473,16480,7932,8548,8548,0,754,7178,0,813,72,1023,10,16,0,1048576,0.904799998,0,0,1.10032654,inf,1.10032654,1.00154114,5,9,4,5,53,9,1,47,47,241
443,1,260,262,3,512,324,188,0,0,325,193,16576,4847,11729,11729,0,867,3980,0,908,68,1023,10,16,0,1048576,0.930299997,0,0,0.872528076,inf,0.872528076,0.504943848,4,7,4,4,3,4,4,3,4,4
444,1,259,262,3,512,57,455,0,0,57,459,16512,7612,8900,8900,0,810,6802,0,867,63,1023,10,16,0,1048576,0.901899993,0,0,0.651977539,inf,0.651977539,0.514190674,7,5,5,4,5,7,2,14,40,14
445,1,262,262,1,512,164,348,6,20,158,364,16704,1643,15061,15061,0,276,1367,0,315,62,1023,10,16,0,1048576,0.904999971,0,0,0.00462341309,0.00445556641,0.00462341309,0.000762939453,20,20,20,19,19,19,19,19,19,20
446,1,260,262,3,512,55,457,0,0,55,463,16576,11049,5527,5527,0,1179,9870,0,1236,85,1023,10,16,0,1048576,0.912599981,0,0,0.746292114,inf,0.746292114,0.635253906,75,43,67,41,23,30,9,6,6,5
447,1,260,262,3,512,39,473,0,0,40,477,16544,6633,9911,9911,0,488,6145,0,528,67,1023,10,16,0,1048576,0.918300033,0,0,0.720443726,inf,0.720443726,0.628204346,10,16,26,25,45,23,6,6,9,9
448,1,260,262,3,512,39,473,0,0,40,477,16544,6263,10281,10281,0,419,5844,0,450,54,1023,10,16,0,1048576,0.93690002,0,0,0.970611572,inf,0.970611572,0.862075806,9,10,9,5,25,15,44,61,19,9
449,1,259,262,3,512,19,493,0,0,19,497,16512,7495,9017,9017,0,249,7246,0,280,40,1023,10,16,0,1048576,0.93690002,0,0,1.10614014,inf,1.10614014,1.04359436,2,3,4,4,26,244,25,5,5,4
450,1,258,262,3,512,94,418,0,0,95,419,16448,6973,9475,9475,0,1124,5849,0,1204,68,1023,10,16,0,1048576,0.860000014,0,0,0.861541748,inf,0.861541748,0.715042114,3,12,29,6,7,16,5,3,4,67
451,1,262,262,1,512,372,140,3,3,380,142,16704,1457,15247,15247,0,947,510,0,1027,123,1023,10,16,0,1048576,0.860000014,0,0,0.00260925293,0.00259399414,0.00260925293,0.000396728516,9,9,9,10,9,9,10,9,9,10
452,1,260,262,3,512,68,444,0,0,68,449,16544,9539,7005,7005,0,1304,8235,0,1374,69,1023,10,16,0,1048576,0.875800014,0,0,0.64151001,inf,0.64151001,0.55859375,23,5,5,12,15,15,101,24,15,33
453,1,259,262,3,512,61,451,0,0,61,454,16480,10126,6354,6354,0,1132,8994,0,1224,75,1023,10,16,0,1048576,0.827800035,0,0,0.944366455,inf,0.944366455,0.82208252,7,6,40,6,14,5,6,2,63,57
454,1,260,262,3,512,59,453,0,0,60,457,16544,9886,6658,6658,0,1066,8820,0,1128,67,1023,10,16,0,1048576,0.887099981,0,0,0.590911865,inf,0.590911865,0.512542725,2,84,34,47,11,16,33,26,10,62
455,1,260,262,3,512,36,476,0,0,36,482,16576,2869,13707,13707,0,265,2604,0,327,60,1023,10,16,0,1048576,0.887099981,0,0,1.29942322,inf,1.29942322,1.07159424,7,7,6,5,7,13,10,8,4,6
456,1,258,262,3,512,205,307,0,0,205,309,16448,5413,11035,11035,0,1956,3457,0,2068,73,1023,10,16,0,1048576,0.81220001,0,0,0.46496582,inf,0.46496582,0.349411011,2,2,2,3,7,3,9,6,10,10
457,1,260,262,3,512,405,107,0,0,406,111,16544,5100,11444,11444,0,2382,2718,0,2474,73,1023,10,16,0,1048576,0.827800035,0,0,0.740737915,inf,0.740737915,0.317230225,3,3,4,3,3,2,4,4,3,4
458,1,259,262,3,512,85,427,0,0,85,431,16512,10699,5813,5813,0,1447,9252,0,1527,72,1023,10,16,0,1048576,0.87529999,0,0,0.912338257,inf,0.912338257,0.787597656,10,8,2,70,11,31,22,13,3,3
459,1,260,262,3,512,134,378,0,0,137,381,16576,9884,6692,6692,0,2475,7409,0,2567,84,1023,10,16,0,1048576,0.827800035,0,0,1.19975281,inf,1.19975281,0.771621704,7,6,7,7,7,7,7,8,6,8
460,1,260,262,3,512,52,460,0,0,52,465,16544,5769,10775,10775,0,671,5098,0,733,59,1023,10,16,0,1048576,0.887099981,0,0,1.07896423,inf,1.07896423,0.925354004,4,4,4,5,4,12,6,9,9,16
461,1,260,262,3,512,225,287,0,0,225,292,16544,5502,11042,11042,0,1779,3723,0,1818,68,1023,10,16,0,1048576,0.904999971,0,0,0.677947998,inf,0.677947998,0.417449951,8,8,5,5,4,3,4,12,3,7
462,1,262,262,2,512,125,387,0,0,128,394,16704,6884,9820,9820,0,1851,5033,0,1963,90,1023,10,16,0,1048576,0.81220001,0,0,1.09959412,inf,1.09959412,0.92137146,5,7,10,10,18,9,20,14,19,6
463,1,259,262,3,512,90,422,0,0,91,425,16512,5965,10547,10547,0,972,4993,0,1052,68,1023,10,16,0,1048576,0.860000014,0,0,1.23648071,inf,1.23648071,1.05233765,4,4,6,2,61,6,12,8,81,4
464,1,259,262,3,512,58,454,0,0,59,456,16480,10645,5835,5835,0,1046,9599,0,1085,64,1023,10,16,0,1048576,0.904999971,0,0,0.970352173,inf,0.970352173,0.856643677,14,5,24,28,16,10,65,71,12,2
465,1,260,262,3,512,128,384,0,0,129,388,16544,11380,5164,5164,0,2301,9079,0,2393,82,1023,10,16,0,1048576,0.827800035,0,0,0.85736084,inf,0.85736084,0.71635437,14,24,2,14,31,3,4,27,12,21
466,1,260,262,3,512,78,434,0,0,79,438,16544,8515,8029,8029,0,1419,7096,0,1499,76,1023,10,16,0,1048576,0.87529999,0,0,1.06835938,inf,1.06835938,0.913650513,11,3,2,6,5,25,5,27,9,45
467,0.899999976,259,262,3,512,70,442,0,0,70,446,16512,11598,4914,4914,0,1539,10059,0,1609,76,991,10,16,0,1048576,0.875800014,0,0,1.03634644,inf,1.03634644,0.883834839,2,8,7,23,11,4294967295,4,4,12,3
468,1,259,262,3,512,128,384,0,0,129,387,16512,11552,4960,4960,0,2336,9216,0,2428,76,1023,10,16,0,1048576,0.827800035,0,0,0.940124512,inf,0.940124512,0.766174316,8,7,8,3,4,7,11,85,46,86
469,1,259,262,3,512,207,305,0,0,207,309,16512,3514,12998,12998,0,1143,2371,0,1235,74,1023,10,16,0,1048576,0.827800035,0,0,0.720794678,inf,0.720794678,0.393539429,6,4,5,6,5,5,5,7,4,3
470,1,259,262,3,512,59,453,0,0,59,457,16512,9385,7127,7127,0,821,8564,0,860,82,1023,10,16,0,1048576,0.904999971,0,0,0.766693115,inf,0.766693115,0.658477783,30,4,10,5,5,33,30,161,74,29
471,1,258,262,3,512,157,355,0,0,157,356,16416,5309,11107,11107,0,1509,3800,0,1621,57,1023,10,16,0,1048576,0.81220001,0,0,0.570251465,inf,0.570251465,0.410598755,2,2,0,2,8,8,8,2,6,0
472,1,259,262,3,512,96,416,0,0,96,420,16512,9956,6556,6556,0,1660,8296,0,1772,79,1023,10,16,0,1048576,0.81220001,0,0,0.707351685,inf,0.707351685,0.609985352,5,5,20,32,3,19,4,18,4,28
473,1,258,262,3,512,502,10,0,0,504,10,16448,1288,15160,15160,0,1172,116,0,1252,72,1023,10,16,0,1048576,0.860000014,0,0,0.0108795166,inf,0.0108795166,0.00129699707,3,3,3,3,3,3,3,3,2,3
474,1,259,262,3,512,99,413,0,0,99,416,16480,11003,5477,5477,0,1746,9257,0,1826,80,1023,10,16,0,1048576,0.860000014,0,0,0.946228027,inf,0.946228027,0.840789795,28,18,56,13,29,41,4,60,60,12
475,0.899999976,259,262,3,512,86,426,0,0,87,429,16512,11344,5168,5168,0,1635,9709,0,1715,78,1015,10,16,0,1048576,0.860000014,0,0,1.22564697,inf,1.22564697,1.07992554,18,25,12,4294967295,19,85,3,51,66,59
476,1,262,262,1,512,70,442,0,6,74,448,16704,3465,13239,13239,0,351,3114,0,413,79,1023,10,16,0,1048576,0.887099981,0,0,1.44552612,1.41146851,1.44552612,0.366867065,11,11,11,13,10,11,15,13,13,11
477,1,259,262,3,512,117,395,0,0,117,399,16512,11287,5225,5225,0,2165,9122,0,2257,79,1023,10,16,0,1048576,0.827800035,0,0,0.7318573,inf,0.7318573,0.595901489,13,5,13,12,1,25,24,9,1,40
478,1,259,262,3,512,41,471,0,0,41,475,16512,9766,6746,6746,0,902,8864,0,964,65,1023,10,16,0,1048576,0.887099981,0,0,0.867355347,inf,0.867355347,0.798446655,6,15,10,25,2,10,7,10,155,6
479,1,261,262,3,512,79,433,0,0,79,440,16608,9382,7226,7226,0,1398,7984,0,1478,91,1023,10,16,0,1048576,0.860000014,0,0,1.18063354,inf,1.18063354,1.04553223,52,28,24,4,6,7,125,12,121,5
480,1,259,262,3,512,89,423,0,0,90,425,16480,8925,7555,7555,0,1196,7729,0,1276,64,1023,10,16,0,1048576,0.860000014,0,0,0.718719482,inf,0.718719482,0.608886719,12,8,7,3,18,7,38,12,4,48
481,1,260,262,3,512,55,457,0,0,55,462,16544,10622,5922,5922,0,1237,9385,0,1299,74,1023,10,16,0,1048576,0.887099981,0,0,0.756637573,inf,0.756637573,0.68157959,7,39,6,13,25,60,77,19,113,19
482,1,260,262,3,512,60,452,0,0,61,456,16544,6449,10095,10095,0,766,5683,0,846,76,1023,10,16,0,1048576,0.860000014,0,0,1.19476318,inf,1.19476318,1.06463623,5,4,7,32,27,27,27,11,67,7
483,1,259,262,3,512,60,452,0,0,60,455,16480,9571,6909,6909,0,1332,8239,0,1408,58,1023,10,16,0,1048576,0.869400024,0,0,0.953277588,inf,0.953277588,0.863250732,13,13,12,2,4,39,5,58,1,20
484,1,259,262,3,512,110,402,0,0,111,405,16512,10797,5715,5715,0,2171,8626,0,2263,83,1023,10,16,0,1048576,0.827800035,0,0,1.20065308,inf,1.20065308,1.09526062,16,6,22,8,6,4,36,17,19,2
485,1,258,262,3,512,63,449,0,0,63,451,16448,8170,8278,8278,0,1032,7138,0,1112,63,1023,10,16,0,1048576,0.860000014,0,0,0.700469971,inf,0.700469971,0.597442627,5,4,3,10,11,8,7,38,3,3
486,1,260,262,3,512,75,437,0,0,77,440,16544,6086,10458,10458,0,892,5194,0,972,68,1023,10,16,0,1048576,0.860000014,0,0,1.00065613,inf,1.00065613,0.878967285,6,11,6,14,16,41,8,4,6,18
487,1,259,262,3,512,61,451,0,0,63,452,16480,9141,7339,7339,0,1166,7975,0,1246,71,1023,10,16,0,1048576,0.860000014,0,0,0.94190979,inf,0.94190979,0.839309692,6,4,2,6,13,4,36,11,125,3
488,1,262,262,2,512,64,448,0,0,64,458,16704,2965,13739,13739,0,421,2544,0,501,86,1023,10,16,0,1048576,0.860000014,0,0,0.504928589,inf,0.504928589,0.382171631,9,8,9,18,15,6,8,8,7,6
489,1,260,262,3,512,54,458,0,0,54,463,16544,10458,6086,6086,0,1157,9301,0,1234,69,1023,10,16,0,1048576,0.869199991,0,0,0.986968994,inf,0.986968994,0.881439209,6,24,24,2,18,33,15,10,29,33
490,1,259,262,3,512,70,442,0,0,70,445,16480,8458,8022,8022,0,1057,7401,0,1119,70,1023,10,16,0,1048576,0.887099981,0,0,0.512619019,inf,0.512619019,0.448944092,6,3,11,9,11,32,4,14,19,28
491,1,260,262,3,512,65,447,0,0,65,452,16544,6105,10439,10439,0,731,5374,0,793,67,1023,10,16,0,1048576,0.887099981,0,0,0.858627319,inf,0.858627319,0.683990479,3,4,7,3,10,6,6,18,18,10
492,1,260,262,3,512,76,436,0,0,76,441,16544,10811,5733,5733,0,1316,9495,0,1378,74,1023,10,16,0,1048576,0.887099981,0,0,0.978942871,inf,0.978942871,0.874588013,65,57,19,99,16,6,78,20,5,22
493,1,259,262,3,512,94,418,0,0,95,420,16480,5959,10521,10521,0,1017,4942,0,1129,67,1023,10,16,0,1048576,0.81220001,0,0,0.734603882,inf,0.734603882,0.526031494,2,3,2,16,3,4,7,3,3,4
494,1,259,262,3,512,53,459,0,0,53,463,16512,5861,10651,10651,0,689,5172,0,765,66,1023,10,16,0,1048576,0.869400024,0,0,0.657943726,inf,0.657943726,0.525848389,14,3,3,9,8,11,3,14,4,7
495,1,261,262,3,512,90,422,0,0,91,428,16608,8939,7669,7669,0,1460,7479,0,1540,75,1023,10,16,0,1048576,0.860000014,0,0,0.734741211,inf,0.734741211,0.623703003,6,3,7,4,3,14,5,18,58,39
496,1,259,262,3,512,59,453,0,0,59,456,16480,11196,5284,5284,0,1272,9924,0,1342,76,1023,10,16,0,1048576,0.875800014,0,0,1.09414673,inf,1.09414673,0.99937439,7,7,104,73,4,14,37,2,0,37
497,1,259,262,3,512,67,445,0,0,67,448,16480,6292,10188,10188,0,820,5472,0,900,68,1023,10,16,0,1048576,0.860000014,0,0,1.30812073,inf,1.30812073,1.11820984,40,13,5,12,17,9,6,9,5,7
498,1,259,262,3,512,46,466,0,0,46,470,16512,8415,8097,8097,0,1044,7371,0,1124,72,1023,10,16,0,1048576,0.87529999,0,0,0.584594727,inf,0.584594727,0.489089966,6,3,9,4,10,7,3,6,6,11
499,1,260,262,3,512,53,459,0,0,53,464,16544,7735,8809,8809,0,988,6747,0,1068,78,1023,10,16,0,1048576,0.860000014,0,0,0.851989746,inf,0.851989746,0.735671997,12,2,7,7,6,4,52,52,8,39
500,0.400000006,262,262,1,512,3,509,1,509,2,520,16704,11012,5692,5692,0,4,11008,0,4,4,15,4,16,0,1048576,0.999899983,0,0,1.11503601,1.00788879,1.11503601,inf,5,6,6,47,4294967295,4294967295,4294967295,4294967295,4294967295,4294967295
501,0,262,262,1,512,0,512,0,512,0,522,16704,5937,10767,10767,0,0,5937,0,0,0,0,0,16,0,1048576,0.999899983,0,0,1.45523071,1.17666626,1.45523071,inf,4294967295,4294967295,4294967295,4294967295,4294967295,4294967295,4294967295,4294967295,4294967295,4294967295
502,1,262,262,1,512,30,482,4,482,26,496,16704,8751,7953,7953,0,49,8702,0,49,18,1023,10,16,0,1048576,0.999899983,0,0,0.76461792,0.64755249,0.76461792,0.554870605,6,4,4,4,4,33,17,4,2,10
503,0.200000003,262,262,1,512,0,512,0,512,0,522,16704,7971,8733,8733,0,2,7969,0,2,2,3,2,16,0,1048576,0.999899983,0,0,1.04995728,0.911972046,1.04995728,inf,116,42,4294967295,4294967295,4294967295,4294967295,4294967295,4294967295,4294967295,4294967295
504,1,262,262,1,512,16,496,2,496,15,507,16704,5740,10964,10964,0,21,5719,0,21,15,1023,10,16,0,1048576,0.999899983,0,0,0.712768555,0.571807861,0.712768555,0.485336304,8,7,8,8,7,9,8,8,8,8
505,0.400000006,262,262,1,512,2,510,0,510,2,520,16704,10898,5806,5806,0,4,10894,0,4,4,71,4,16,0,1048576,0.999899983,0,0,1.09121704,0.958877563,1.09121704,inf,64,9,41,4294967295,4294967295,4294967295,34,4294967295,4294967295,4294967295
506,0.899999976,262,262,1,512,5,507,3,507,2,520,16704,6709,9995,9995,0,32,6677,0,32,18,1007,10,16,0,1048576,0.999899983,0,0,0.953521729,0.746002197,0.953521729,0.839553833,12,38,38,112,4294967295,153,41,57,36,85
507,0,262,262,1,512,0,512,0,512,0,522,16704,8652,8052,8052,0,0,8652,0,0,0,0,0,16,0,1048576,0.999899983,0,0,0.99911499,0.841201782,0.99911499,inf,4294967295,4294967295,4294967295,4294967295,4294967295,4294967295,4294967295,4294967295,4294967295,4294967295
508,0.300000012,262,262,1,512,2,510,0,510,2,520,16704,11238,5466,5466,0,8,11230,0,8,8,19,8,16,0,1048576,0.999899983,0,0,1.13630676,1.01325989,1.13630676,inf,7,9,4294967295,4294967295,234,4294967295,4294967295,4294967295,4294967295,4294967295
509,0,262,262,1,512,0,512,0,512,0,522,16704,4760,11944,11944,0,0,4760,0,0,0,0,0,16,0,1048576,0.999899983,0,0,1.05081177,0.757446289,1.05081177,inf,4294967295,4294967295,4294967295,4294967295,4294967295,4294967295,4294967295,4294967295,4294967295,4294967295
510,0.600000024,262,262,1,512,2,510,0,510,2,520,16704,8103,8601,8601,0,6,8097,0,6,6,343,6,16,0,1048576,0.999899983,0,0,1.43202209,1.11863708,1.43202209,inf,102,123,26,4294967295,216,4294967295,160,4294967295,216,4294967295
511,0,262,262,1,512,0,512,0,512,0,522,16704,8306,8398,8398,0,0,8306,0,0,0,0,0,16,0,1048576,0.999899983,0,0,1.40522766,1.1486969,1.40522766,inf,4294967295,4294967295,4294967295,4294967295,4294967295,4294967295,4294967295,4294967295,4294967295,4294967295
512,1,262,262,1,512,6,506,2,506,4,518,16704,5380,11324,11324,0,35,5345,0,35,13,1023,10,16,0,1048576,0.999899983,0,0,1.00166321,0.68586731,1.00166321,0.788604736,6,9,20,23,45,26,11,15,36,241
513,0.400000006,262,262,1,512,2,510,0,510,2,520,16704,11349,5355,5355,0,5,11344,0,5,5,267,5,16,0,1048576,0.999899983,0,0,1.38859558,1.23742676,1.38859558,inf,106,110,4294967295,111,4294967295,4294967295,4294967295,4294967295,88,4294967295
514,0,262,262,1,512,0,512,0,512,0,522,16704,9425,7279,7279,0,0,9425,0,0,0,0,0,16,0,1048576,0.999899983,0,0,1.77854919,1.64749146,1.77854919,inf,4294967295,4294967295,4294967295,4294967295,4294967295,4294967295,4294967295,4294967295,4294967295,4294967295
515,1,262,262,1,512,44,468,3,468,41,481,16704,5700,11004,11004,0,71,5629,0,71,16,1023,10,16,0,1048576,0.999899983,0,0,0.638015747,0.461517334,0.638015747,0.318481445,5,6,5,6,6,6,4,5,7,5
516,0,262,262,1,512,0,512,0,512,0,522,16704,12072,4632,4632,0,0,12072,0,0,0,0,0,16,0,1048576,0.999899983,0,0,1.27444458,1.15008545,1.27444458,inf,4294967295,4294967295,4294967295,4294967295,4294967295,4294967295,4294967295,4294967295,4294967295,4294967295
517,0.899999976,262,262,1,512,2,510,0,510,2,520,16704,9507,7197,7197,0,17,9490,0,17,14,511,10,16,0,1048576,0.999899983,0,0,1.21101379,1.06109619,1.21101379,1.32424927,14,30,16,176,176,16,75,41,58,4294967295
518,0,262,262,1,512,0,512,0,512,0,522,16704,5700,11004,11004,0,0,5700,0,0,0,0,0,16,0,1048576,0.999899983,0,0,0.845230103,0.624923706,0.845230103,inf,4294967295,4294967295,4294967295,4294967295,4294967295,4294967295,4294967295,4294967295,4294967295,4294967295
519,0.100000001,262,262,1,512,1,511,0,511,1,521,16704,7952,8752,8752,0,1,7951,0,1,1,1,1,16,0,1048576,0.999899983,0,0,0.924667358,0.767929077,0.924667358,inf,17,4294967295,4294967295,4294967295,4294967295,4294967295,4294967295,4294967295,4294967295,4294967295
520,0.5,262,262,1,512,0,512,0,512,0,522,16704,9593,7111,7111,0,7,9586,0,7,7,566,7,16,0,1048576,0.999899983,0,0,0.653198242,0.560333252,0.653198242,inf,4294967295,100,30,4294967295,178,182,4294967295,4294967295,4294967295,204
521,0,262,262,1,512,0,512,0,512,0,522,16704,9167,7537,7537,0,0,9167,0,0,0,0,0,16,0,1048576,0.999899983,0,0,1.23858643,1.03411865,1.23858643,inf,4294967295,4294967295,4294967295,4294967295,4294967295,4294967295,4294967295,4294967295,4294967295,4294967295
522,0.400000006,262,262,1,512,0,512,0,512,0,522,16704,12312,4392,4392,0,11,12301,0,11,11,58,10,16,0,1048576,0.999899983,0,0,1.19908142,1.09089661,1.19908142,1.64451599,4294967295,221,4294967295,181,144,181,4294967295,4294967295,4294967295,4294967295
523,0.300000012,262,262,1,512,0,512,0,512,0,522,16704,9587,7117,7117,0,3,9584,0,3,3,7,3,16,0,1048576,0.999899983,0,0,1.32128906,1.08758545,1.32128906,inf,10,42,42,4294967295,4294967295,4294967295,4294967295,4294967295,4294967295,4294967295
524,0.100000001,262,262,1,512,0,512,0,512,0,522,16704,7992,8712,8712,0,1,7991,0,1,1,1,1,16,0,1048576,0.999899983,0,0,0.883712769,0.761779785,0.883712769,inf,166,4294967295,4294967295,4294967295,4294967295,4294967295,4294967295,4294967295,4294967295,4294967295
525,0,262,262,1,512,0,512,0,512,0,522,16704,10114,6590,6590,0,0,10114,0,0,0,0,0,16,0,1048576,0.999899983,0,0,1.10864258,0.951828003,1.10864258,inf,4294967295,4294967295,4294967295,4294967295,4294967295,4294967295,4294967295,4294967295,4294967295,4294967295
526,0.100000001,262,262,1,512,0,512,0,512,0,522,16704,10653,6051,6051,0,1,10652,0,1,1,4,1,16,0,1048576,0.999899983,0,0,0.994979858,0.848892212,0.994979858,inf,4294967295,4294967295,92,4294967295,4294967295,4294967295,4294967295,4294967295,4294967295,4294967295
527,0,262,262,1,512,0,512,0,512,0,522,16704,9823,6881,6881,0,0,9823,0,0,0,0,0,16,0,1048576,0.999899983,0,0,1.2064209,1.06443787,1.2064209,inf,4294967295,4294967295,4294967295,4294967295,4294967295,4294967295,4294967295,4294967295,4294967295,4294967295
528,0.300000012,262,262,1,512,0,512,0,512,0,522,16704,4425,12279,12279,0,3,4422,0,3,3,7,3,16,0,1048576,0.999899983,0,0,1.57955933,0.946212769,1.57955933,inf,40,11,11,4294967295,4294967295,4294967295,4294967295,4294967295,4294967295,4294967295
529,0,262,262,1,512,0,512,0,512,0,522,16704,12061,4643,4643,0,0,12061,0,0,0,0,0,16,0,1048576,0.999899983,0,0,1.20167542,1.07154846,1.20167542,inf,4294967295,4294967295,4294967295,4294967295,4294967295,4294967295,4294967295,4294967295,4294967295,4294967295
530,0.100000001,262,262,1,512,1,511,0,511,1,521,16704,9047,7657,7657,0,1,9046,0,1,1,1,1,16,0,1048576,0.999899983,0,0,1.3405304,1.15646362,1.3405304,inf,9,4294967295,4294967295,4294967295,4294967295,4294967295,4294967295,4294967295,4294967295,4294967295
531,0.699999988,262,262,1,512,5,507,2,507,3,519,16704,10808,5896,5896,0,23,10785,0,23,15,575,10,16,0,1048576,0.999899983,0,0,1.38632202,1.17047119,1.38632202,1.39715576,30,6,15,28,131,255,4294967295,4294967295,4294967295,144
532,1,262,262,1,512,24,488,7,488,17,505,16704,6478,10226,10226,0,68,6410,0,68,14,1023,10,16,0,1048576,0.999899983,0,0,0.820480347,0.645233154,0.820480347,0.581390381,8,7,7,8,5,12,8,5,9,74
533,0,262,262,1,512,0,512,0,512,0,522,16704,10916,5788,5788,0,0,10916,0,0,0,0,0,16,0,1048576,0.999899983,0,0,1.16343689,1.05505371,1.16343689,inf,4294967295,4294967295,4294967295,4294967295,4294967295,4294967295,4294967295,4294967295,4294967295,4294967295
534,0,262,262,1,512,0,512,0,512,0,522,16704,4376,12328,12328,0,0,4376,0,0,0,0,0,16,0,1048576,0.999899983,0,0,1.74795532,1.45539856,1.74795532,inf,4294967295,4294967295,4294967295,4294967295,4294967295,4294967295,4294967295,4294967295,4294967295,4294967295
535,1,262,262,1,512,7,505,3,505,4,518,16704,4587,12117,12117,0,32,4555,0,32,16,1023,10,16,0,1048576,0.999899983,0,0,1.24263,1.02287292,1.24263,1.19033813,95,121,66,17,214,232,96,175,96,96
536,0.100000001,262,262,1,512,0,512,0,512,0,522,16704,9497,7207,7207,0,1,9496,0,1,1,1,1,16,0,1048576,0.999899983,0,0,1.21591187,1.09085083,1.21591187,inf,193,4294967295,4294967295,4294967295,4294967295,4294967295,4294967295,4294967295,4294967295,4294967295
537,0,262,262,1,512,0,512,0,512,0,522,16704,9986,6718,6718,0,0,9986,0,0,0,0,0,16,0,1048576,0.999899983,0,0,1.6627655,1.51477051,1.6627655,inf,4294967295,4294967295,4294967295,4294967295,4294967295,4294967295,4294967295,4294967295,4294967295,4294967295
538,1,262,262,1,512,22,490,9,490,13,509,16704,6497,10207,10207,0,62,6435,0,62,18,1023,10,16,0,1048576,0.999899983,0,0,0.771072388,0.587051392,0.771072388,0.560852051,3,6,53,4,5,54,35,7,52,4
539,0.100000001,262,262,1,512,1,511,0,511,1,521,16704,8143,8561,8561,0,1,8142,0,1,1,1,1,16,0,1048576,0.999899983,0,0,0.98727417,0.805404663,0.98727417,inf,15,4294967295,4294967295,4294967295,4294967295,4294967295,4294967295,4294967295,4294967295,4294967295
540,1,262,262,1,512,21,491,10,491,11,511,16704,7358,9346,9346,0,63,7295,0,63,17,1023,10,16,0,1048576,0.999899983,0,0,0.971817017,0.820739746,0.971817017,0.798019409,6,28,21,7,11,7,22,142,15,159
541,1,262,262,1,512,22,490,7,490,15,507,16704,11915,4789,4789,0,37,11878,0,37,15,1023,10,16,0,1048576,0.999899983,0,0,1.30412292,1.15034485,1.30412292,1.03775024,5,6,6,6,9,7,6,10,141,7
542,1,262,262,1,512,20,492,5,492,15,507,16704,10656,6048,6048,0,44,10612,0,44,17,1023,10,16,0,1048576,0.999899983,0,0,1.16853333,1.00700378,1.16853333,0.95866394,48,49,14,14,33,91,16,89,21,18
543,1,262,262,1,512,37,475,10,475,27,495,16704,5923,10781,10781,0,69,5854,0,69,16,1023,10,16,0,1048576,0.999899983,0,0,0.714233398,0.560531616,0.714233398,0.503921509,4,4,4,5,5,13,26,10,5,5
544,0,262,262,1,512,0,512,0,512,0,522,16704,5496,11208,11208,0,0,5496,0,0,0,0,0,16,0,1048576,0.999899983,0,0,0.682098389,0.494232178,0.682098389,inf,4294967295,4294967295,4294967295,4294967295,4294967295,4294967295,4294967295,4294967295,4294967295,4294967295
545,0,262,262,1,512,0,512,0,512,0,522,16704,11456,5248,5248,0,0,11456,0,0,0,0,0,16,0,1048576,0.999899983,0,0,1.77770996,1.60139465,1.77770996,inf,4294967295,4294967295,4294967295,4294967295,4294967295,4294967295,4294967295,4294967295,4294967295,4294967295
546,0.5,262,262,1,512,3,509,0,509,3,519,16704,12409,4295,4295,0,5,12404,0,5,5,55,5,16,0,1048576,0.999899983,0,0,1.2464447,1.1438446,1.2464447,inf,8,20,20,4294967295,70,83,4294967295,4294967295,4294967295,4294967295
547,1,262,262,1,509,58,451,0,451,58,464,16704,3288,13416,13416,0,111,3177,0,111,18,1023,10,16,0,1048576,0.999899983,0,0,0.915267944,0.803863525,0.915267944,0.539810181,16,18,16,17,17,17,16,17,19,16
548,0.600000024,262,262,1,512,1,511,1,511,0,522,16704,7198,9506,9506,0,10,7188,0,10,10,870,10,16,0,1048576,0.999899983,0,0,0.990112305,0.741317749,0.990112305,1.05062866,4294967295,107,249,4294967295,4294967295,245,14,4294967295,76,114
549,0.200000003,262,262,1,512,0,512,0,512,0,522,16704,11725,4979,4979,0,3,11722,0,3,3,18,3,16,0,1048576,0.999899983,0,0,0.960510254,0.862350464,0.960510254,inf,4294967295,106,4294967295,4294967295,231,4294967295,4294967295,4294967295,4294967295,4294967295
550,0,262,262,1,512,0,512,0,512,0,522,16704,9744,6960,6960,0,0,9744,0,0,0,0,0,16,0,1048576,0.999899983,0,0,0.998901367,0.790618896,0.998901367,inf,4294967295,4294967295,4294967295,4294967295,4294967295,4294967295,4294967295,4294967295,4294967295,4294967295
551,0,262,262,1,512,0,512,0,512,0,522,16704,10439,6265,6265,0,0,10439,0,0,0,0,0,16,0,1048576,0.999899983,0,0,0.875228882,0.768188477,0.875228882,inf,4294967295,4294967295,4294967295,4294967295,4294967295,4294967295,4294967295,4294967295,4294967295,4294967295
552,1,262,262,1,512,25,487,1,487,24,498,16704,4972,11732,11732,0,26,4946,0,26,15,1023,10,16,0,1048576,0.999899983,0,0,1.2537384,1.04592896,1.2537384,0.563415527,8,8,7,9,9,8,7,8,9,12
553,0.5,262,262,1,512,3,509,1,509,2,520,16704,8014,8690,8690,0,5,8009,0,5,5,31,5,16,0,1048576,0.999899983,0,0,0.801498413,0.673568726,0.801498413,inf,199,0,200,162,161,4294967295,4294967295,4294967295,4294967295,4294967295
554,0.200000003,262,262,1,512,2,510,1,510,1,521,16704,10979,5725,5725,0,3,10976,0,3,3,3,3,16,0,1048576,0.999899983,0,0,1.01602173,0.910476685,1.01602173,inf,7,43,4294967295,4294967295,4294967295,4294967295,4294967295,4294967295,4294967295,4294967295
555,0,262,262,1,512,0,512,0,512,0,522,16704,6138,10566,10566,0,0,6138,0,0,0,0,0,16,0,1048576,0.999800026,0,0,0.799530029,0.640350342,0.799530029,inf,4294967295,4294967295,4294967295,4294967295,4294967295,4294967295,4294967295,4294967295,4294967295,4294967295
556,0.800000012,262,262,1,512,4,508,0,508,4,518,16704,9886,6818,6818,0,8,9878,0,8,8,447,8,16,0,1048576,0.999899983,0,0,1.37364197,1.23208618,1.37364197,inf,3,2,3,46,140,135,4294967295,135,49,4294967295
557,0,262,262,1,512,0,512,0,512,0,522,16704,1784,14920,14920,0,0,1784,0,0,0,0,0,16,0,1048576,0.999899983,0,0,1.62046814,0.928466797,1.62046814,inf,4294967295,4294967295,4294967295,4294967295,4294967295,4294967295,4294967295,4294967295,4294967295,4294967295
558,0.200000003,262,262,1,512,0,512,0,512,0,522,16704,9755,6949,6949,0,2,9753,0,2,2,3,2,16,0,1048576,0.999899983,0,0,0.643737793,0.573196411,0.643737793,inf,29,251,4294967295,4294967295,4294967295,4294967295,4294967295,4294967295,4294967295,4294967295
559,0.200000003,262,262,1,512,1,511,0,511,1,521,16704,5671,11033,11033,0,2,5669,0,2,2,3,2,16,0,1048576,0.999899983,0,0,0.632919312,0.477844238,0.632919312,inf,5,7,4294967295,4294967295,4294967295,4294967295,4294967295,4294967295,4294967295,4294967295
560,0.400000006,262,262,1,512,3,509,2,509,1,521,16704,12320,4384,4384,0,9,12311,0,9,9,113,9,16,0,1048576,0.999800026,0,0,1.37812805,1.23982239,1.37812805,inf,68,4294967295,4294967295,4294967295,139,12,29,4294967295,4294967295,4294967295
561,0.100000001,262,262,1,512,0,512,0,512,0,522,16704,12555,4149,4149,0,1,12554,0,1,1,1,1,16,0,1048576,0.999899983,0,0,0.99079895,0.890258789,0.99079895,inf,83,4294967295,4294967295,4294967295,4294967295,4294967295,4294967295,4294967295,4294967295,4294967295
562,0.100000001,262,262,1,512,1,511,0,511,1,521,16704,5633,11071,11071,0,1,5632,0,1,1,1,1,16,0,1048576,0.999899983,0,0,0.827392578,0.637451172,0.827392578,inf,14,4294967295,4294967295,4294967295,4294967295,4294967295,4294967295,4294967295,4294967295,4294967295
563,0.699999988,262,262,1,512,5,507,0,507,5,517,16704,6598,10106,10106,0,7,6591,0,7,7,127,7,16,0,1048576,0.999899983,0,0,1.03630066,0.787353516,1.03630066,inf,4,4,4,5,4,24,69,4294967295,4294967295,4294967295
564,0.699999988,262,262,1,512,5,507,3,507,2,520,16704,13252,3452,3452,0,19,13233,0,19,14,761,10,16,0,1048576,0.999899983,0,0,1.35371399,1.27235413,1.35371399,1.46142578,134,4294967295,4294967295,12,88,135,135,136,4294967295,115
565,0.899999976,262,262,1,512,5,507,0,507,5,517,16704,8785,7919,7919,0,17,8768,0,17,12,991,10,16,0,1048576,0.999899983,0,0,1.1386261,1.00682068,1.1386261,1.21063232,7,29,21,103,106,4294967295,103,37,37,23
566,0.100000001,262,262,1,512,0,512,0,512,0,522,16704,8347,8357,8357,0,1,8346,0,1,1,2,1,16,0,1048576,0.999899983,0,0,1.27279663,1.10267639,1.27279663,inf,4294967295,96,4294967295,4294967295,4294967295,4294967295,4294967295,4294967295,4294967295,4294967295
567,1,262,262,1,512,34,478,9,478,25,497,16704,6864,9840,9840,0,81,6783,0,81,17,1023,10,16,0,1048576,0.999899983,0,0,1.31880188,1.11618042,1.31880188,0.958648682,4,5,5,5,4,4,7,3,8,5
568,0.100000001,262,262,1,512,0,512,0,512,0,522,16704,5658,11046,11046,0,1,5657,0,1,1,1,1,16,0,1048576,0.999899983,0,0,1.11442566,0.874801636,1.11442566,inf,7,4294967295,4294967295,4294967295,4294967295,4294967295,4294967295,4294967295,4294967295,4294967295
569,0,262,262,1,512,0,512,0,512,0,522,16704,11485,5219,5219,0,0,11485,0,0,0,0,0,16,0,1048576,0.999899983,0,0,0.967880249,0.849990845,0.967880249,inf,4294967295,4294967295,4294967295,4294967295,4294967295,4294967295,4294967295,4294967295,4294967295,4294967295
570,0.300000012,262,262,1,512,3,509,0,509,3,519,16704,10020,6684,6684,0,3,10017,0,3,3,7,3,16,0,1048576,0.999899983,0,0,1.17930603,1.014328,1.17930603,inf,9,8,8,4294967295,4294967295,4294967295,4294967295,4294967295,4294967295,4294967295
571,0.200000003,262,262,1,512,0,512,0,512,0,522,16704,11441,5263,5263,0,4,11437,0,4,4,528,4,16,0,1048576,0.999899983,0,0,1.13722229,0.994888306,1.13722229,inf,4294967295,4294967295,4294967295,4294967295,213,4294967295,4294967295,4294967295,4294967295,84
572,0.100000001,262,262,1,512,1,511,0,511,1,521,16704,7538,9166,9166,0,1,7537,0,1,1,1,1,16,0,1048576,0.999899983,0,0,1.07859802,0.912139893,1.07859802,inf,7,4294967295,4294967295,4294967295,4294967295,4294967295,4294967295,4294967295,4294967295,4294967295
573,0.600000024,262,262,1,512,6,506,0,506,6,516,16704,9333,7371,7371,0,14,9319,0,14,11,63,10,16,0,1048576,0.999899983,0,0,1.08517456,0.895172119,1.08517456,1.15898132,34,9,9,31,57,218,4294967295,4294967295,4294967295,4294967295
574,1,262,262,1,512,6,506,0,506,6,516,16704,6680,10024,10024,0,14,6666,0,14,12,1023,10,16,0,1048576,0.999899983,0,0,1.0017395,0.818710327,1.0017395,1.01211548,3,3,23,6,26,4,8,113,74,54
575,0,262,262,1,512,0,512,0,512,0,522,16704,6323,10381,10381,0,0,6323,0,0,0,0,0,16,0,1048576,0.999899983,0,0,1.24279785,1.06193542,1.24279785,inf,4294967295,4294967295,4294967295,4294967295,4294967295,4294967295,4294967295,4294967295,4294967295,4294967295
576,0.400000006,262,262,1,512,2,510,1,510,1,521,16704,9351,7353,7353,0,4,9347,0,4,4,83,4,16,0,1048576,0.999899983,0,0,1.19958496,1.07235718,1.19958496,inf,165,2,4294967295,4294967295,76,4294967295,40,4294967295,4294967295,4294967295
577,0.200000003,262,262,1,512,1,511,0,511,1,521,16704,10960,5744,5744,0,2,10958,0,2,2,3,2,16,0,1048576,0.999899983,0,0,1.05619812,0.918807983,1.05619812,inf,26,161,4294967295,4294967295,4294967295,4294967295,4294967295,4294967295,4294967295,4294967295
578,0,262,262,1,512,0,512,0,512,0,522,16704,7493,9211,9211,0,0,7493,0,0,0,0,0,16,0,1048576,0.999899983,0,0,0.978134155,0.805130005,0.978134155,inf,4294967295,4294967295,4294967295,4294967295,4294967295,4294967295,4294967295,4294967295,4294967295,4294967295
579,0.200000003,262,262,1,512,0,512,0,512,0,522,16704,7601,9103,9103,0,2,7599,0,2,2,9,2,16,0,1048576,0.999800026,0,0,0.930007935,0.771484375,0.930007935,inf,178,4294967295,4294967295,150,4294967295,4294967295,4294967295,4294967295,4294967295,4294967295
580,0.200000003,262,262,1,512,1,511,1,511,0,522,16704,9788,6916,6916,0,2,9786,0,2,2,5,2,16,0,1048576,0.999899983,0,0,0.845046997,0.760116577,0.845046997,inf,206,4294967295,116,4294967295,4294967295,4294967295,4294967295,4294967295,4294967295,4294967295
581,1,262,262,1,512,16,496,4,496,12,510,16704,6855,9849,9849,0,73,6782,0,73,22,1023,10,16,0,1048576,0.999899983,0,0,0.846389771,0.721557617,0.846389771,0.705566406,19,4,26,86,26,59,100,33,48,82
582,1,262,262,1,512,14,498,7,498,7,515,16704,6869,9835,9835,0,41,6828,0,41,21,1023,10,16,0,1048576,0.999899983,0,0,0.934051514,0.667816162,0.934051514,0.680969238,14,7,48,37,24,30,69,21,3,24
583,0,262,262,1,512,0,512,0,512,0,522,16704,12489,4215,4215,0,0,12489,0,0,0,0,0,16,0,1048576,0.999800026,0,0,1.60655212,1.4745636,1.60655212,inf,4294967295,4294967295,4294967295,4294967295,4294967295,4294967295,4294967295,4294967295,4294967295,4294967295
584,0.100000001,262,262,1,512,0,512,0,512,0,522,16704,7237,9467,9467,0,1,7236,0,1,1,1,1,16,0,1048576,0.999899983,0,0,1.22209167,1.00952148,1.22209167,inf,64,4294967295,4294967295,4294967295,4294967295,4294967295,4294967295,4294967295,4294967295,4294967295
585,0.200000003,262,262,1,512,0,512,0,512,0,522,16704,12804,3900,3900,0,2,12802,0,3,3,40,3,16,0,1048576,0.999899983,0,0,1.25109863,1.12168884,1.25109863,inf,4294967295,4294967295,4294967295,62,4294967295,173,4294967295,4294967295,4294967295,4294967295
586,0.100000001,262,262,1,512,0,512,0,512,0,522,16704,8700,8004,8004,0,1,8699,0,1,1,1,1,16,0,1048576,0.999899983,0,0,1.31271362,1.16035461,1.31271362,inf,10,4294967295,4294967295,4294967295,4294967295,4294967295,4294967295,4294967295,4294967295,4294967295
587,0.100000001,262,262,1,512,1,511,0,511,1,521,16704,11599,5105,5105,0,1,11598,0,1,1,1,1,16,0,1048576,0.999899983,0,0,1.40812683,1.21191406,1.40812683,inf,8,4294967295,4294967295,4294967295,4294967295,4294967295,4294967295,4294967295,4294967295,4294967295
588,0,262,262,1,512,0,512,0,512,0,522,16704,12830,3874,3874,0,0,12830,0,0,0,0,0,16,0,1048576,0.999800026,0,0,1.18878174,1.11647034,1.18878174,inf,4294967295,4294967295,4294967295,4294967295,4294967295,4294967295,4294967295,4294967295,4294967295,4294967295
589,0.600000024,262,262,1,512,1,511,1,511,0,522,16704,7196,9508,9508,0,6,7190,0,6,6,315,6,16,0,1048576,0.999899983,0,0,0.652877808,0.511398315,0.652877808,inf,177,75,4294967295,118,67,215,4294967295,4294967295,219,4294967295
590,0.699999988,262,262,1,512,6,506,2,506,4,518,16704,12834,3870,3870,0,15,12819,0,15,11,719,10,16,0,1048576,0.999899983,0,0,1.25352478,1.15208435,1.25352478,1.3699646,64,13,45,45,4294967295,4294967295,65,15,4294967295,65
591,0.200000003,262,262,1,512,1,511,0,511,1,521,16704,10225,6479,6479,0,2,10223,0,2,2,65,2,16,0,1048576,0.999899983,0,0,1.32168579,1.19300842,1.32168579,inf,33,4294967295,4294967295,4294967295,4294967295,4294967295,48,4294967295,4294967295,4294967295
592,0,262,262,1,512,0,512,0,512,0,522,16704,6035,10669,10669,0,0,6035,0,0,0,0,0,16,0,1048576,0.999899983,0,0,0.969665527,0.77003479,0.969665527,inf,4294967295,4294967295,4294967295,4294967295,4294967295,4294967295,4294967295,4294967295,4294967295,4294967295
593,0,262,262,1,512,0,512,0,512,0,522,16704,8803,7901,7901,0,0,8803,0,0,0,0,0,16,0,1048576,0.999899983,0,0,1.07145691,0.923660278,1.07145691,inf,4294967295,4294967295,4294967295,4294967295,4294967295,4294967295,4294967295,4294967295,4294967295,4294967295
594,0.300000012,262,262,1,512,2,510,1,510,1,521,16704,11919,4785,4785,0,3,11916,0,3,3,7,3,16,0,1048576,0.999899983,0,0,1.25515747,1.1734314,1.25515747,inf,7,58,245,4294967295,4294967295,4294967295,4294967295,4294967295,4294967295,4294967295
595,0.100000001,262,262,1,512,0,512,0,512,0,522,16704,7471,9233,9233,0,1,7470,0,1,1,2,1,16,0,1048576,0.999899983,0,0,1.92106628,1.67593384,1.92106628,inf,4294967295,211,4294967295,4294967295,4294967295,4294967295,4294967295,4294967295,4294967295,4294967295
596,1,262,262,1,512,6,506,3,506,3,519,16704,6843,9861,9861,0,34,6809,0,34,18,1023,10,16,0,1048576,0.999899983,0,0,1.02865601,0.872329712,1.02865601,0.961685181,11,44,78,114,124,8,61,175,62,34
597,0.300000012,262,262,1,512,2,510,1,510,1,521,16704,7869,8835,8835,0,3,7866,0,3,3,19,3,16,0,1048576,0.999899983,0,0,1.0123291,0.853897095,1.0123291,inf,29,259,4294967295,4294967295,98,4294967295,4294967295,4294967295,4294967295,4294967295
598,0.200000003,262,262,1,512,1,511,0,511,1,521,16704,10690,6014,6014,0,2,10688,0,2,2,3,2,16,0,1048576,0.999899983,0,0,1.14050293,1.01821899,1.14050293,inf,86,69,4294967295,4294967295,4294967295,4294967295,4294967295,4294967295,4294967295,4294967295
599,0,262,262,1,512,0,512,0,512,0,522,16704,10880,5824,5824,0,0,10880,0,0,0,0,0,16,0,1048576,0.999899983,0,0,1.09837341,0.927474976,1.09837341,inf,4294967295,4294967295,4294967295,4294967295,4294967295,4294967295,4294967295,4294967295,4294967295,4294967295
600,0,262,262,1,512,0,512,0,512,0,522,16704,7651,9053,9053,0,0,7651,0,0,0,0,0,16,0,1048576,0.999899983,0,0,1.13853455,0.991638184,1.13853455,inf,4294967295,4294967295,4294967295,4294967295,4294967295,4294967295,4294967295,4294967295,4294967295,4294967295
601,0.100000001,262,262,1,512,0,512,0,512,0,522,16704,4123,12581,12581,0,1,4122,0,1,1,1,1,16,0,1048576,0.999899983,0,0,1.12763977,0.84777832,1.12763977,inf,122,4294967295,4294967295,4294967295,4294967295,4294967295,4294967295,4294967295,4294967295,4294967295
602,0.300000012,262,262,1,512,0,512,0,512,0,522,16704,11382,5322,5322,0,5,11377,0,5,5,133,5,16,0,1048576,0.999899983,0,0,1.19490051,1.07978821,1.19490051,inf,182,4294967295,170,4294967295,4294967295,4294967295,4294967295,129,4294967295,4294967295
603,0.200000003,262,262,1,512,0,512,0,512,0,522,16704,4829,11875,11875,0,2,4827,0,2,2,5,2,16,0,1048576,0.999899983,0,0,0.812194824,0.605606079,0.812194824,inf,101,4294967295,222,4294967295,4294967295,4294967295,4294967295,4294967295,4294967295,4294967295
604,0,262,262,1,512,0,512,0,512,0,522,16704,9167,7537,7537,0,0,9167,0,0,0,0,0,16,0,1048576,0.999899983,0,0,1.30413818,1.15571594,1.30413818,inf,4294967295,4294967295,4294967295,4294967295,4294967295,4294967295,4294967295,4294967295,4294967295,4294967295
605,0,262,262,1,512,0,512,0,512,0,522,16704,6953,9751,9751,0,0,6953,0,0,0,0,0,16,0,1048576,0.999899983,0,0,0.796417236,0.648635864,0.796417236,inf,4294967295,4294967295,4294967295,4294967295,4294967295,4294967295,4294967295,4294967295,4294967295,4294967295
606,0.699999988,262,262,1,512,2,510,2,510,0,522,16704,7787,8917,8917,0,21,7766,0,21,16,439,10,16,0,1048576,0.999800026,0,0,1.01571655,0.823791504,1.01571655,1.07603455,23,32,35,4294967295,93,245,4294967295,191,30,4294967295
607,0.400000006,262,262,1,512,1,511,1,511,0,522,16704,7514,9190,9190,0,4,7510,0,4,4,27,4,16,0,1048576,0.999899983,0,0,1.0852356,0.877868652,1.0852356,inf,248,53,4294967295,53,53,4294967295,4294967295,4294967295,4294967295,4294967295
608,0.100000001,262,262,1,512,0,512,0,512,0,522,16704,13683,3021,3021,0,1,13682,0,1,1,32,1,16,0,1048576,0.999899983,0,0,1.34953308,1.26678467,1.34953308,inf,4294967295,4294967295,4294967295,4294967295,4294967295,237,4294967295,4294967295,4294967295,4294967295
609,0.200000003,262,262,1,512,1,511,0,511,1,521,16704,9363,7341,7341,0,2,9361,0,2,2,3,2,16,0,1048576,0.999899983,0,0,1.04904175,0.843444824,1.04904175,inf,19,19,4294967295,4294967295,4294967295,4294967295,4294967295,4294967295,4294967295,4294967295
610,1,262,262,1,512,15,497,2,497,13,509,16704,7905,8799,8799,0,33,7872,0,33,12,1023,10,16,0,1048576,0.999899983,0,0,1.31814575,1.13092041,1.31814575,0.994125366,6,6,7,5,6,7,7,7,7,7
611,1,262,262,1,512,10,502,5,502,5,517,16704,5188,11516,11516,0,26,5162,0,26,14,1023,10,16,0,1048576,0.999899983,0,0,0.972640991,0.76083374,0.972640991,0.840057373,4,7,51,7,33,35,29,90,128,115
612,0.100000001,262,262,1,512,0,512,0,512,0,522,16704,8567,8137,8137,0,1,8566,0,1,1,4,1,16,0,1048576,0.999899983,0,0,1.10426331,0.925292969,1.10426331,inf,4294967295,4294967295,119,4294967295,4294967295,4294967295,4294967295,4294967295,4294967295,4294967295
613,0,262,262,1,512,0,512,0,512,0,522,16704,6644,10060,10060,0,0,6644,0,1,1,0,1,16,0,1048576,0.999899983,0,0,1.30596924,1.05938721,1.30596924,inf,4294967295,4294967295,4294967295,4294967295,4294967295,4294967295,4294967295,4294967295,4294967295,4294967295
614,0.100000001,262,262,1,512,1,511,1,511,0,522,16704,11105,5599,5599,0,1,11104,0,1,1,1,1,16,0,1048576,0.999899983,0,0,0.833435059,0.735519409,0.833435059,inf,249,4294967295,4294967295,4294967295,4294967295,4294967295,4294967295,4294967295,4294967295,4294967295
615,1,262,262,1,512,64,448,21,448,43,479,16704,5097,11607,11607,0,165,4932,0,165,19,1023,10,16,0,1048576,0.999800026,0,0,0.791168213,0.625396729,0.791168213,0.492507935,4,4,4,5,4,4,5,7,7,11
616,0.200000003,262,262,1,512,0,512,0,512,0,522,16704,10392,6312,6312,0,2,10390,0,2,2,3,2,16,0,1048576,0.999899983,0,0,1.24287415,1.09281921,1.24287415,inf,127,167,4294967295,4294967295,4294967295,4294967295,4294967295,4294967295,4294967295,4294967295
617,0,262,262,1,512,0,512,0,512,0,522,16704,6403,10301,10301,0,0,6403,0,0,0,0,0,16,0,1048576,0.999899983,0,0,1.16514587,0.842636108,1.16514587,inf,4294967295,4294967295,4294967295,4294967295,4294967295,4294967295,4294967295,4294967295,4294967295,4294967295
618,0.400000006,262,262,1,512,0,512,0,512,0,522,16704,8349,8355,8355,0,4,8345,0,4,4,57,4,16,0,1048576,0.999899983,0,0,0.813461304,0.657806396,0.813461304,inf,82,4294967295,4294967295,66,66,181,4294967295,4294967295,4294967295,4294967295
619,0.899999976,262,262,1,512,15,497,6,497,9,513,16704,9072,7632,7632,0,51,9021,0,51,24,895,10,16,0,1048576,0.999899983,0,0,1.17645264,1.01364136,1.17645264,1.01635742,6,33,168,10,16,10,21,4294967295,41,169
620,0.200000003,262,262,1,512,1,511,0,511,1,521,16704,9096,7608,7608,0,2,9094,0,2,2,3,2,16,0,1048576,0.999899983,0,0,1.56886292,1.4066925,1.56886292,inf,11,26,4294967295,4294967295,4294967295,4294967295,4294967295,4294967295,4294967295,4294967295
621,0.5,262,262,1,512,0,512,0,512,0,522,16704,6567,10137,10137,0,5,6562,0,5,5,115,5,16,0,1048576,0.999899983,0,0,0.767105103,0.625534058,0.767105103,inf,25,9,4294967295,4294967295,221,117,123,4294967295,4294967295,4294967295
622,0.699999988,262,262,1,512,4,508,0,508,4,518,16704,12838,3866,3866,0,8,12830,0,8,8,847,8,16,0,1048576,0.999899983,0,0,1.27514648,1.16262817,1.27514648,inf,58,31,146,73,4294967295,4294967295,115,4294967295,257,81
623,0,262,262,1,512,0,512,0,512,0,522,16704,10876,5828,5828,0,0,10876,0,0,0,0,0,16,0,1048576,0.999899983,0,0,1.21972656,1.11653137,1.21972656,inf,4294967295,4294967295,4294967295,4294967295,4294967295,4294967295,4294967295,4294967295,4294967295,4294967295
624,0.699999988,262,262,1,512,2,510,0,510,2,520,16704,10756,5948,5948,0,11,10745,0,11,11,491,10,16,0,1048576,0.999899983,0,0,1.15719604,1.05004883,1.15719604,1.45422363,9,69,4294967295,124,4294967295,65,69,77,260,4294967295
625,1,262,262,1,512,18,494,7,494,11,511,16704,10199,6505,6505,0,71,10128,0,71,20,1023,10,16,0,1048576,0.999899983,0,0,1.30491638,1.15008545,1.30491638,1.1289978,1,2,2,2,38,66,13,39,78,34
626,0,262,262,1,512,0,512,0,512,0,522,16704,11751,4953,4953,0,0,11751,0,0,0,0,0,16,0,1048576,0.999899983,0,0,1.04614258,0.953323364,1.04614258,inf,4294967295,4294967295,4294967295,4294967295,4294967295,4294967295,4294967295,4294967295,4294967295,4294967295
627,1,262,262,1,512,4,508,2,508,2,520,16704,11006,5698,5698,0,30,10976,0,30,20,1023,10,16,0,1048576,0.999800026,0,0,0.959487915,0.852706909,0.959487915,0.934951782,29,22,140,20,16,16,193,31,91,192
628,0.300000012,262,262,1,512,2,510,0,510,2,520,16704,8784,7920,7920,0,3,8781,0,3,3,35,3,16,0,1048576,0.999899983,0,0,1.12684631,0.996566772,1.12684631,inf,3,2,4294967295,4294967295,4294967295,125,4294967295,4294967295,4294967295,4294967295
629,0.899999976,262,262,1,512,8,504,5,504,3,519,16704,10632,6072,6072,0,44,10588,0,44,17,991,10,16,0,1048576,0.999899983,0,0,1.35127258,1.19551086,1.35127258,1.29386902,9,7,10,90,51,4294967295,23,59,59,39
630,0.300000012,262,262,1,512,0,512,0,512,0,522,16704,11881,4823,4823,0,3,11878,0,3,3,161,3,16,0,1048576,0.99970001,0,0,1.14974976,0.969146729,1.14974976,inf,138,4294967295,4294967295,4294967295,4294967295,216,4294967295,214,4294967295,4294967295
631,0,262,262,1,512,0,512,0,512,0,522,16704,12190,4514,4514,0,0,12190,0,0,0,0,0,16,0,1048576,0.999899983,0,0,1.24476624,1.16357422,1.24476624,inf,4294967295,4294967295,4294967295,4294967295,4294967295,4294967295,4294967295,4294967295,4294967295,4294967295
632,0.600000024,262,262,1,512,1,511,0,511,1,521,16704,10511,6193,6193,0,10,10501,0,10,10,411,10,16,0,1048576,0.999899983,0,0,1.47207642,1.26708984,1.47207642,1.94522095,5,152,4294967295,225,156,4294967295,4294967295,246,102,4294967295
633,0.300000012,262,262,1,512,0,512,0,512,0,522,16704,10384,6320,6320,0,4,10380,0,4,4,25,4,16,0,1048576,0.999899983,0,0,1.22096252,1.10247803,1.22096252,inf,80,4294967295,4294967295,130,79,4294967295,4294967295,4294967295,4294967295,4294967295
634,0.100000001,262,262,1,512,0,512,0,512,0,522,16704,9615,7089,7089,0,1,9614,0,1,1,1,1,16,0,1048576,0.999899983,0,0,1.42414856,1.23959351,1.42414856,inf,50,4294967295,4294967295,4294967295,4294967295,4294967295,4294967295,4294967295,4294967295,4294967295
635,0.200000003,262,262,1,512,0,512,0,512,0,522,16704,11460,5244,5244,0,7,11453,0,7,7,3,7,16,0,1048576,0.999899983,0,0,1.02938843,0.95098877,1.02938843,inf,71,71,4294967295,4294967295,4294967295,4294967295,4294967295,4294967295,4294967295,4294967295
636,0,262,262,1,512,0,512,0,512,0,522,16704,11133,5571,5571,0,0,11133,0,0,0,0,0,16,0,1048576,0.999899983,0,0,1.21340942,1.11831665,1.21340942,inf,4294967295,4294967295,4294967295,4294967295,4294967295,4294967295,4294967295,4294967295,4294967295,4294967295
637,0.200000003,262,262,1,512,1,511,0,511,1,521,16704,11039,5665,5665,0,2,11037,0,2,2,5,2,16,0,1048576,0.999899983,0,0,0.924041748,0.796203613,0.924041748,inf,10,4294967295,230,4294967295,4294967295,4294967295,4294967295,4294967295,4294967295,4294967295
638,0.400000006,262,262,1,512,1,511,0,511,1,521,16704,8776,7928,7928,0,4,8772,0,4,4,29,4,16,0,1048576,0.999899983,0,0,1.23461914,1.07078552,1.23461914,inf,38,4294967295,242,242,156,4294967295,4294967295,4294967295,4294967295,4294967295
639,0.200000003,262,262,1,512,0,512,0,512,0,522,16704,10122,6582,6582,0,2,10120,0,2,2,9,2,16,0,1048576,0.999899983,0,0,0.949310303,0.840377808,0.949310303,inf,183,4294967295,4294967295,132,4294967295,4294967295,4294967295,4294967295,4294967295,4294967295
640,0,262,262,1,512,0,512,0,512,0,522,16704,7338,9366,9366,0,0,7338,0,0,0,0,0,16,0,1048576,0.999899983,0,0,1.46617126,1.23730469,1.46617126,inf,4294967295,4294967295,4294967295,4294967295,4294967295,4294967295,4294967295,4294967295,4294967295,4294967295
641,0,262,262,1,512,0,512,0,512,0,522,16704,8007,8697,8697,0,0,8007,0,0,0,0,0,16,0,1048576,0.999899983,0,0,1.41175842,1.23823547,1.41175842,inf,4294967295,4294967295,4294967295,4294967295,4294967295,4294967295,4294967295,4294967295,4294967295,4294967295
642,0.200000003,262,262,1,512,1,511,0,511,1,521,16704,10945,5759,5759,0,2,10943,0,3,3,5,3,16,0,1048576,0.999899983,0,0,1.14744568,0.963394165,1.14744568,inf,10,4294967295,40,4294967295,4294967295,4294967295,4294967295,4294967295,4294967295,4294967295
643,1,262,262,1,512,19,493,6,493,13,509,16704,2716,13988,13988,0,40,2676,0,40,14,1023,10,16,0,1048576,0.999899983,0,0,1.59706116,1.02409363,1.59706116,1.00732422,3,2,2,4,38,17,3,3,3,50
644,0.100000001,262,262,1,512,0,512,0,512,0,522,16704,9483,7221,7221,0,1,9482,0,1,1,1,1,16,0,1048576,0.999899983,0,0,1.15057373,0.980224609,1.15057373,inf,197,4294967295,4294967295,4294967295,4294967295,4294967295,4294967295,4294967295,4294967295,4294967295
645,0.100000001,262,262,1,512,1,511,1,511,0,522,16704,7217,9487,9487,0,1,7216,0,1,1,1,1,16,0,1048576,0.999899983,0,0,0.86038208,0.682144165,0.86038208,inf,217,4294967295,4294967295,4294967295,4294967295,4294967295,4294967295,4294967295,4294967295,4294967295
646,0.300000012,262,262,1,512,0,512,0,512,0,522,16704,11255,5449,5449,0,3,11252,0,3,3,259,3,16,0,1048576,0.999899983,0,0,1.05265808,0.941467285,1.05265808,inf,47,83,4294967295,4294967295,4294967295,4294967295,4294967295,4294967295,189,4294967295
647,0.300000012,262,262,1,512,0,512,0,512,0,522,16704,12684,4020,4020,0,3,12681,0,3,3,35,3,16,0,1048576,0.999899983,0,0,1.00999451,0.821716309,1.00999451,inf,8,185,4294967295,4294967295,4294967295,14,4294967295,4294967295,4294967295,4294967295
648,0,262,262,1,512,0,512,0,512,0,522,16704,6252,10452,10452,0,0,6252,0,0,0,0,0,16,0,1048576,0.999899983,0,0,0.544509888,0.422348022,0.544509888,inf,4294967295,4294967295,4294967295,4294967295,4294967295,4294967295,4294967295,4294967295,4294967295,4294967295
649,0,262,262,1,512,0,512,0,512,0,522,16704,12043,4661,4661,0,0,12043,0,0,0,0,0,16,0,1048576,0.999899983,0,0,1.13169861,1.02363586,1.13169861,inf,4294967295,4294967295,4294967295,4294967295,4294967295,4294967295,4294967295,4294967295,4294967295,4294967295
650,0.200000003,262,262,1,512,2,510,1,510,1,521,16704,11632,5072,5072,0,8,11624,0,8,8,3,8,16,0,1048576,0.999899983,0,0,1.13020325,0.957641602,1.13020325,inf,12,91,4294967295,4294967295,4294967295,4294967295,4294967295,4294967295,4294967295,4294967295
651,0.100000001,262,262,1,512,1,511,0,511,1,521,16704,10302,6402,6402,0,1,10301,0,1,1,1,1,16,0,1048576,0.999899983,0,0,1.4234314,1.20724487,1.4234314,inf,26,4294967295,4294967295,4294967295,4294967295,4294967295,4294967295,4294967295,4294967295,4294967295
652,0.200000003,262,262,1,512,0,512,0,512,0,522,16704,8176,8528,8528,0,2,8174,0,2,2,3,2,16,0,1048576,0.999899983,0,0,1.53378296,1.29425049,1.53378296,inf,77,106,4294967295,4294967295,4294967295,4294967295,4294967295,4294967295,4294967295,4294967295
653,0,262,262,1,512,0,512,0,512,0,522,16704,4380,12324,12324,0,0,4380,0,0,0,0,0,16,0,1048576,0.999899983,0,0,1.33744812,1.10734558,1.33744812,inf,4294967295,4294967295,4294967295,4294967295,4294967295,4294967295,4294967295,4294967295,4294967295,4294967295
654,1,262,262,1,512,10,502,3,502,7,515,16704,5126,11578,11578,0,23,5103,0,23,14,1023,10,16,0,1048576,0.999899983,0,0,0.9662323,0.753295898,0.9662323,0.771514893,3,3,2,5,2,6,5,6,43,8
655,0,262,262,1,512,0,512,0,512,0,522,16704,11776,4928,4928,0,0,11776,0,0,0,0,0,16,0,1048576,0.999899983,0,0,1.23280334,1.10487366,1.23280334,inf,4294967295,4294967295,4294967295,4294967295,4294967295,4294967295,4294967295,4294967295,4294967295,4294967295
656,0.300000012,262,262,1,512,2,510,0,510,2,520,16704,3383,13321,13321,0,3,3380,0,3,3,7,3,16,0,1048576,0.999899983,0,0,1.28901672,0.816589355,1.28901672,inf,2,134,163,4294967295,4294967295,4294967295,4294967295,4294967295,4294967295,4294967295
657,0.899999976,262,262,1,512,10,502,1,502,9,513,16704,11090,5614,5614,0,28,11062,0,28,15,991,10,16,0,1048576,0.999899983,0,0,1.27275085,1.1486969,1.27275085,1.17478943,9,12,8,10,21,4294967295,10,16,13,114
658,0.200000003,262,262,1,512,0,512,0,512,0,522,16704,9482,7222,7222,0,3,9479,0,3,3,9,3,16,0,1048576,0.999899983,0,0,1.03344727,0.870269775,1.03344727,inf,61,4294967295,4294967295,60,4294967295,4294967295,4294967295,4294967295,4294967295,4294967295
659,0.100000001,262,262,1,512,0,512,0,512,0,522,16704,11715,4989,4989,0,1,11714,0,1,1,1,1,16,0,1048576,0.999899983,0,0,1.00170898,0.906051636,1.00170898,inf,128,4294967295,4294967295,4294967295,4294967295,4294967295,4294967295,4294967295,4294967295,4294967295
660,1,262,262,1,512,186,326,30,326,156,366,16704,4260,12444,12444,0,359,3901,0,359,28,1023,10,16,0,1048576,0.999899983,0,0,0.997879028,0.731307983,0.997879028,0.478561401,3,9,6,3,5,3,6,3,3,5
661,0.300000012,262,262,1,512,0,512,0,512,0,522,16704,6881,9823,9823,0,3,6878,0,3,3,49,3,16,0,1048576,0.999899983,0,0,1.16046143,1.00314331,1.16046143,inf,182,4294967295,4294967295,4294967295,138,80,4294967295,4294967295,4294967295,4294967295
662,1,262,262,1,512,34,478,9,478,25,497,16704,5577,11127,11127,0,72,5505,0,72,15,1023,10,16,0,1048576,0.999899983,0,0,0.707839966,0.531539917,0.707839966,0.412948608,8,9,12,10,9,35,6,12,10,20
663,1,262,262,1,512,20,492,4,492,16,506,16704,7544,9160,9160,0,90,7454,0,90,15,1023,10,16,0,1048576,0.999899983,0,0,1.22419739,1.07299805,1.22419739,1.00538635,6,5,20,11,6,6,17,28,9,6
664,0.100000001,262,262,1,512,0,512,0,512,0,522,16704,9774,6930,6930,0,1,9773,0,1,1,2,1,16,0,1048576,0.999800026,0,0,1.04612732,0.896957397,1.04612732,inf,4294967295,165,4294967295,4294967295,4294967295,4294967295,4294967295,4294967295,4294967295,4294967295
665,0.100000001,262,262,1,512,0,512,0,512,0,522,16704,6626,10078,10078,0,1,6625,0,1,1,1,1,16,0,1048576,0.999800026,0,0,0.654296875,0.522384644,0.654296875,inf,97,4294967295,4294967295,4294967295,4294967295,4294967295,4294967295,4294967295,4294967295,4294967295
666,0.400000006,262,262,1,512,1,511,0,511,1,521,16704,8140,8564,8564,0,4,8136,0,4,4,135,4,16,0,1048576,0.999899983,0,0,0.763671875,0.643890381,0.763671875,inf,12,103,79,4294967295,4294967295,4294967295,4294967295,34,4294967295,4294967295
667,0,262,262,1,512,0,512,0,512,0,522,16704,11980,4724,4724,0,0,11980,0,0,0,0,0,16,0,1048576,0.999899983,0,0,1.126297,1.03831482,1.126297,inf,4294967295,4294967295,4294967295,4294967295,4294967295,4294967295,4294967295,4294967295,4294967295,4294967295
668,0.300000012,262,262,1,512,2,510,0,510,2,520,16704,7474,9230,9230,0,3,7471,0,3,3,19,3,16,0,1048576,0.999899983,0,0,1.00202942,0.810440063,1.00202942,inf,10,10,4294967295,4294967295,157,4294967295,4294967295,4294967295,4294967295,4294967295
669,0.100000001,262,262,1,512,0,512,0,512,0,522,16704,7134,9570,9570,0,1,7133,0,1,1,1,1,16,0,1048576,0.999899983,0,0,1.01475525,0.814498901,1.01475525,inf,72,4294967295,4294967295,4294967295,4294967295,4294967295,4294967295,4294967295,4294967295,4294967295
670,0,262,262,1,512,0,512,0,512,0,522,16704,12168,4536,4536,0,0,12168,0,0,0,0,0,16,0,1048576,0.999899983,0,0,1.02174377,0.897155762,1.02174377,inf,4294967295,4294967295,4294967295,4294967295,4294967295,4294967295,4294967295,4294967295,4294967295,4294967295
671,0.300000012,262,262,1,512,2,510,0,510,2,520,16704,3130,13574,13574,0,3,3127,0,3,3,11,3,16,0,1048576,0.999899983,0,0,0.49609375,0.309005737,0.49609375,inf,9,37,4294967295,248,4294967295,4294967295,4294967295,4294967295,4294967295,4294967295
672,1,262,262,1,512,11,501,2,501,9,513,16704,7156,9548,9548,0,34,7122,0,34,16,1023,10,16,0,1048576,0.999899983,0,0,0.986434937,0.816223145,0.986434937,0.84336853,5,4,5,6,10,6,10,4,25,40
673,0.400000006,262,262,1,512,1,511,1,511,0,522,16704,5611,11093,11093,0,4,5607,0,4,4,23,4,16,0,1048576,0.999899983,0,0,1.29890442,1.10713196,1.29890442,inf,215,112,112,4294967295,7,4294967295,4294967295,4294967295,4294967295,4294967295
674,0.200000003,262,262,1,512,0,512,0,512,0,522,16704,8061,8643,8643,0,2,8059,0,2,2,5,2,16,0,1048576,0.999899983,0,0,1.27914429,1.10865784,1.27914429,inf,27,4294967295,87,4294967295,4294967295,4294967295,4294967295,4294967295,4294967295,4294967295
675,0.100000001,262,262,1,512,0,512,0,512,0,522,16704,9843,6861,6861,0,1,9842,0,1,1,16,1,16,0,1048576,0.999899983,0,0,0.868331909,0.762680054,0.868331909,inf,4294967295,4294967295,4294967295,4294967295,138,4294967295,4294967295,4294967295,4294967295,4294967295
676,0.200000003,262,262,1,512,2,510,1,510,1,521,16704,7617,9087,9087,0,2,7615,0,2,2,3,2,16,0,1048576,0.999899983,0,0,1.3455658,1.14196777,1.3455658,inf,8,41,4294967295,4294967295,4294967295,4294967295,4294967295,4294967295,4294967295,4294967295
677,1,262,262,1,512,13,499,5,499,8,514,16704,9812,6892,6892,0,46,9766,0,46,21,1023,10,16,0,1048576,0.999899983,0,0,1.1711731,1.03521729,1.1711731,1.08126831,137,67,137,138,115,40,182,44,200,62
678,0.899999976,262,262,1,512,5,507,2,507,3,519,16704,10647,6057,6057,0,49,10598,0,49,23,959,10,16,0,1048576,0.999899983,0,0,1.16625977,1.06228638,1.16625977,1.18637085,12,6,57,25,172,61,4294967295,6,67,201
679,1,262,262,1,512,27,485,7,485,20,502,16704,8368,8336,8336,0,91,8277,0,91,22,1023,10,16,0,1048576,0.999899983,0,0,0.935134888,0.749435425,0.935134888,0.69770813,4,3,3,4,2,6,8,3,7,3
680,0.699999988,262,262,1,512,3,509,0,509,3,519,16704,11285,5419,5419,0,10,11275,0,10,10,367,10,16,0,1048576,0.999899983,0,0,1.12582397,1.03468323,1.12582397,1.82060242,58,58,84,40,4294967295,40,128,4294967295,214,4294967295
681,0,262,262,1,512,0,512,0,512,0,522,16704,11457,5247,5247,0,1,11456,0,1,1,0,1,16,0,1048576,0.999899983,0,0,1.18945312,1.07852173,1.18945312,inf,4294967295,4294967295,4294967295,4294967295,4294967295,4294967295,4294967295,4294967295,4294967295,4294967295
682,0.600000024,262,262,1,512,2,510,0,510,2,520,16704,7750,8954,8954,0,8,7742,0,8,8,467,8,16,0,1048576,0.999800026,0,0,1.24824524,1.04258728,1.24824524,inf,21,198,4294967295,4294967295,197,4294967295,199,93,197,4294967295
683,0.100000001,262,262,1,512,1,511,1,511,0,522,16704,4000,12704,12704,0,1,3999,0,1,1,1,1,16,0,1048576,0.999899983,0,0,0.746307373,0.4765625,0.746307373,inf,181,4294967295,4294967295,4294967295,4294967295,4294967295,4294967295,4294967295,4294967295,4294967295
684,0,262,262,1,512,0,512,0,512,0,522,16704,3834,12870,12870,0,0,3834,0,0,0,0,0,16,0,1048576,0.999899983,0,0,1.15994263,0.782852173,1.15994263,inf,4294967295,4294967295,4294967295,4294967295,4294967295,4294967295,4294967295,4294967295,4294967295,4294967295
685,1,262,262,1,512,34,478,9,478,25,497,16704,9728,6976,6976,0,89,9639,0,89,14,1023,10,16,0,1048576,0.999899983,0,0,1.08164978,0.946914673,1.08164978,0.759109497,2,3,3,4,4,4,11,4,4,3
686,1,262,262,1,512,247,265,40,265,207,315,16704,4017,12687,12687,0,553,3464,0,553,35,1023,10,16,0,1048576,0.999899983,0,0,0.905426025,0.684829712,0.905426025,0.452819824,3,3,3,4,3,3,5,4,5,4
687,0.100000001,262,262,1,512,0,512,0,512,0,522,16704,8209,8495,8495,0,1,8208,0,1,1,1,1,16,0,1048576,0.999899983,0,0,0.942138672,0.750061035,0.942138672,inf,32,4294967295,4294967295,4294967295,4294967295,4294967295,4294967295,4294967295,4294967295,4294967295
688,0.200000003,262,262,1,512,0,512,0,512,0,522,16704,4652,12052,12052,0,2,4650,0,2,2,5,2,16,0,1048576,0.999899983,0,0,0.830673218,0.546951294,0.830673218,inf,37,4294967295,175,4294967295,4294967295,4294967295,4294967295,4294967295,4294967295,4294967295
689,1,262,262,1,512,16,496,7,496,9,513,16704,4751,11953,11953,0,52,4699,0,52,14,1023,10,16,0,1048576,0.999800026,0,0,0.916717529,0.685577393,0.916717529,0.714584351,7,9,42,21,23,43,11,24,44,19
690,0.800000012,262,262,1,512,2,510,0,510,2,520,16704,10342,6362,6362,0,17,10325,0,17,14,879,10,16,0,1048576,0.99970001,0,0,0.981552124,0.874038696,0.981552124,1.08033752,41,29,42,9,4294967295,210,6,4294967295,258,122
691,0.5,262,262,1,512,1,511,0,511,1,521,16704,9637,7067,7067,0,10,9627,0,10,10,31,10,16,0,1048576,0.999899983,0,0,1.13920593,0.994857788,1.13920593,1.55432129,50,12,31,241,16,4294967295,4294967295,4294967295,4294967295,4294967295
692,0.200000003,262,262,1,512,1,511,0,511,1,521,16704,7995,8709,8709,0,2,7993,0,2,2,3,2,16,0,1048576,0.999899983,0,0,1.01290894,0.832962036,1.01290894,inf,5,40,4294967295,4294967295,4294967295,4294967295,4294967295,4294967295,4294967295,4294967295
693,0.100000001,262,262,1,512,1,511,0,511,1,521,16704,11032,5672,5672,0,1,11031,0,1,1,1,1,16,0,1048576,0.999899983,0,0,1.21432495,1.11099243,1.21432495,inf,1,4294967295,4294967295,4294967295,4294967295,4294967295,4294967295,4294967295,4294967295,4294967295
694,0,262,262,1,512,0,512,0,512,0,522,16704,10889,5815,5815,0,0,10889,0,0,0,0,0,16,0,1048576,0.999899983,0,0,1.02531433,0.893920898,1.02531433,inf,4294967295,4294967295,4294967295,4294967295,4294967295,4294967295,4294967295,4294967295,4294967295,4294967295
695,0,262,262,1,512,0,512,0,512,0,522,16704,6289,10415,10415,0,0,6289,0,0,0,0,0,16,0,1048576,0.999899983,0,0,1.07748413,0.857391357,1.07748413,inf,4294967295,4294967295,4294967295,4294967295,4294967295,4294967295,4294967295,4294967295,4294967295,4294967295
696,0.300000012,262,262,1,512,0,512,0,512,0,522,16704,8199,8505,8505,0,3,8196,0,3,3,7,3,16,0,1048576,0.999899983,0,0,1.11193848,0.939361572,1.11193848,inf,138,250,215,4294967295,4294967295,4294967295,4294967295,4294967295,4294967295,4294967295
697,0.200000003,262,262,1,512,0,512,0,512,0,522,16704,10361,6343,6343,0,2,10359,0,2,2,3,2,16,0,1048576,0.999899983,0,0,1.05741882,0.927581787,1.05741882,inf,120,153,4294967295,4294967295,4294967295,4294967295,4294967295,4294967295,4294967295,4294967295
698,0.699999988,262,262,1,512,9,503,4,503,5,517,16704,7001,9703,9703,0,37,6964,0,37,15,755,10,16,0,1048576,0.999899983,0,0,1.33735657,1.11671448,1.33735657,1.17849731,3,13,4294967295,4294967295,25,10,46,39,4294967295,39
699,0.400000006,262,262,1,512,1,511,0,511,1,521,16704,11208,5496,5496,0,8,11200,0,8,8,23,8,16,0,1048576,0.999800026,0,0,1.40931702,1.16168213,1.40931702,inf,14,20,79,4294967295,208,4294967295,4294967295,4294967295,4294967295,4294967295
700,0.5,262,262,1,512,0,512,0,512,0,522,16704,6549,10155,10155,0,5,6544,0,5,5,55,5,16,0,1048576,0.999899983,0,0,0.505783081,0.370849609,0.505783081,inf,52,86,132,4294967295,85,118,4294967295,4294967295,4294967295,4294967295
701,0.200000003,262,262,1,512,0,512,0,512,0,522,16704,10658,6046,6046,0,2,10656,0,3,3,9,3,16,0,1048576,0.999899983,0,0,1.08901978,0.934143066,1.08901978,inf,8,4294967295,4294967295,112,4294967295,4294967295,4294967295,4294967295,4294967295,4294967295
702,0,262,262,1,512,0,512,0,512,0,522,16704,5094,11610,11610,0,0,5094,0,0,0,0,0,16,0,1048576,0.999599993,0,0,1.88522339,1.53817749,1.88522339,inf,4294967295,4294967295,4294967295,4294967295,4294967295,4294967295,4294967295,4294967295,4294967295,4294967295
703,0.400000006,262,262,1,512,1,511,0,511,1,521,16704,6789,9915,9915,0,10,6779,0,10,10,263,10,16,0,1048576,0.999899983,0,0,1.2828064,1.12045288,1.2828064,1.65911865,6,40,88,4294967295,4294967295,4294967295,4294967295,4294967295,114,4294967295
704,0.100000001,262,262,1,512,1,511,0,511,1,521,16704,7260,9444,9444,0,1,7259,0,1,1,1,1,16,0,1048576,0.999899983,0,0,1.08958435,0.895996094,1.08958435,inf,12,4294967295,4294967295,4294967295,4294967295,4294967295,4294967295,4294967295,4294967295,4294967295
705,0.699999988,262,262,1,512,4,508,1,508,3,519,16704,7422,9282,9282,0,17,7405,0,17,15,319,10,16,0,1048576,0.999899983,0,0,1.10197449,0.904006958,1.10197449,1.19233704,5,3,35,52,68,235,4294967295,4294967295,179,4294967295
706,0.600000024,262,262,1,512,3,509,1,509,2,520,16704,8639,8065,8065,0,7,8632,0,7,7,95,7,16,0,1048576,0.999899983,0,0,1.48223877,1.26298523,1.48223877,inf,3,36,237,168,132,4294967295,132,4294967295,4294967295,4294967295
707,0.100000001,262,262,1,512,0,512,0,512,0,522,16704,10393,6311,6311,0,9,10384,0,9,9,4,9,16,0,1048576,0.99970001,0,0,1.24137878,1.1151123,1.24137878,inf,4294967295,4294967295,232,4294967295,4294967295,4294967295,4294967295,4294967295,4294967295,4294967295
708,1,262,262,1,512,8,504,1,504,7,515,16704,5866,10838,10838,0,10,5856,0,10,10,1023,10,16,0,1048576,0.999899983,0,0,1.11947632,0.911758423,1.11947632,1.09184265,1,2,2,2,2,2,10,36,21,73
709,0.200000003,262,262,1,512,0,512,0,512,0,522,16704,11472,5232,5232,0,2,11470,0,2,2,3,2,16,0,1048576,0.999899983,0,0,1.07223511,0.992126465,1.07223511,inf,20,128,4294967295,4294967295,4294967295,4294967295,4294967295,4294967295,4294967295,4294967295
710,0.200000003,262,262,1,512,0,512,0,512,0,522,16704,10922,5782,5782,0,4,10918,0,4,4,34,4,16,0,1048576,0.999899983,0,0,1.44819641,1.29519653,1.44819641,inf,4294967295,112,4294967295,4294967295,4294967295,60,4294967295,4294967295,4294967295,4294967295
711,1,262,262,1,512,18,494,2,494,16,506,16704,10466,6238,6238,0,31,10435,0,31,15,1023,10,16,0,1048576,0.999899983,0,0,1.13438416,1.01402283,1.13438416,0.916381836,7,8,9,8,8,10,10,9,8,35
712,0.899999976,262,262,1,512,6,506,3,506,3,519,16704,5505,11199,11199,0,18,5487,0,18,15,767,10,16,0,1048576,0.999899983,0,0,1.70794678,1.26213074,1.70794678,1.48452759,5,6,3,117,239,238,234,249,4294967295,23
713,0,262,262,1,512,0,512,0,512,0,522,16704,3910,12794,12794,0,0,3910,0,0,0,0,0,16,0,1048576,0.99970001,0,0,1.16949463,0.868972778,1.16949463,inf,4294967295,4294967295,4294967295,4294967295,4294967295,4294967295,4294967295,4294967295,4294967295,4294967295
714,0.400000006,262,262,1,512,0,512,0,512,0,522,16704,10097,6607,6607,0,5,10092,0,5,5,531,5,16,0,1048576,0.999899983,0,0,1.121521,1.01489258,1.121521,inf,110,153,4294967295,4294967295,117,4294967295,4294967295,4294967295,4294967295,229
715,0.5,262,262,1,512,1,511,1,511,0,522,16704,5022,11682,11682,0,5,5017,0,5,5,31,5,16,0,1048576,0.999899983,0,0,1.15229797,0.871734619,1.15229797,inf,22,35,117,29,108,4294967295,4294967295,4294967295,4294967295,4294967295
716,0.400000006,262,262,1,512,4,508,0,508,4,518,16704,4494,12210,12210,0,4,4490,0,4,4,15,4,16,0,1048576,0.999899983,0,0,0.94078064,0.704101562,0.94078064,inf,4,3,3,4,4294967295,4294967295,4294967295,4294967295,4294967295,4294967295
717,1,262,262,1,512,14,498,2,498,12,510,16704,7452,9252,9252,0,21,7431,0,21,11,1023,10,16,0,1048576,0.999899983,0,0,0.942581177,0.722442627,0.942581177,0.635116577,4,5,5,5,7,6,6,7,6,6
718,0.100000001,262,262,1,512,0,512,0,512,0,522,16704,13043,3661,3661,0,1,13042,0,1,1,2,1,16,0,1048576,0.999899983,0,0,1.01919556,0.954620361,1.01919556,inf,4294967295,198,4294967295,4294967295,4294967295,4294967295,4294967295,4294967295,4294967295,4294967295
719,0,262,262,1,512,0,512,0,512,0,522,16704,7645,9059,9059,0,0,7645,0,0,0,0,0,16,0,1048576,0.999899983,0,0,0.785568237,0.622116089,0.785568237,inf,4294967295,4294967295,4294967295,4294967295,4294967295,4294967295,4294967295,4294967295,4294967295,4294967295
720,1,262,262,1,512,27,485,2,485,25,497,16704,11582,5122,5122,0,76,11506,0,76,16,1023,10,16,0,1048576,0.999899983,0,0,1.37368774,1.23214722,1.37368774,0.914764404,3,2,4,3,2,5,3,5,3,4
721,0.600000024,262,262,1,512,3,509,1,509,2,520,16704,7316,9388,9388,0,6,7310,0,6,6,63,6,16,0,1048576,0.99970001,0,0,0.832809448,0.699264526,0.832809448,inf,7,3,29,52,12,18,4294967295,4294967295,4294967295,4294967295
722,1,262,262,1,512,26,486,3,486,23,499,16704,12044,4660,4660,0,66,11978,0,66,18,1023,10,16,0,1048576,0.99970001,0,0,1.18087769,1.02235413,1.18087769,0.799438477,4,3,6,5,3,5,6,4,2,4
723,0.600000024,262,262,1,512,3,509,2,509,1,521,16704,10452,6252,6252,0,10,10442,0,10,10,63,10,16,0,1048576,0.999899983,0,0,1.01344299,0.860610962,1.01344299,1.15620422,25,11,155,215,76,28,4294967295,4294967295,4294967295,4294967295
724,0.200000003,262,262,1,512,0,512,0,512,0,522,16704,10732,5972,5972,0,3,10729,0,3,3,544,3,16,0,1048576,0.999899983,0,0,0.95501709,0.823516846,0.95501709,inf,4294967295,4294967295,4294967295,4294967295,4294967295,167,4294967295,4294967295,4294967295,190
725,0.699999988,262,262,1,512,4,508,1,508,3,519,16704,6705,9999,9999,0,16,6689,0,16,14,351,10,16,0,1048576,0.999899983,0,0,0.770782471,0.641098022,0.770782471,0.800582886,34,78,78,242,20,4294967295,180,4294967295,60,4294967295
726,0.300000012,262,262,1,512,0,512,0,512,0,522,16704,6870,9834,9834,0,3,6867,0,3,3,7,3,16,0,1048576,0.99970001,0,0,1.26675415,1.08062744,1.26675415,inf,120,218,157,4294967295,4294967295,4294967295,4294967295,4294967295,4294967295,4294967295
727,1,262,262,1,512,28,484,4,484,24,498,16704,12425,4279,4279,0,36,12389,0,36,18,1023,10,16,0,1048576,0.999599993,0,0,1.22119141,1.12802124,1.22119141,0.927871704,6,5,10,7,4,5,7,7,17,18
728,1,262,262,1,512,23,489,6,489,17,505,16704,11701,5003,5003,0,75,11626,0,75,18,1023,10,16,0,1048576,0.999899983,0,0,1.28660583,1.18641663,1.28660583,1.07788086,5,5,4,19,11,6,12,8,20,5
729,1,262,262,1,512,34,478,11,478,23,499,16704,8836,7868,7868,0,76,8760,0,76,16,1023,10,16,0,1048576,0.99970001,0,0,0.75541687,0.645385742,0.75541687,0.559326172,10,2,3,3,9,2,6,6,4,3
730,0.200000003,262,262,1,512,1,511,1,511,0,522,16704,8128,8576,8576,0,2,8126,0,2,2,5,2,16,0,1048576,0.999800026,0,0,0.991851807,0.852355957,0.991851807,inf,29,4294967295,139,4294967295,4294967295,4294967295,4294967295,4294967295,4294967295,4294967295
731,0.100000001,262,262,1,512,1,511,1,511,0,522,16704,6387,10317,10317,0,1,6386,0,1,1,1,1,16,0,1048576,0.999899983,0,0,1.27998352,1.03427124,1.27998352,inf,173,4294967295,4294967295,4294967295,4294967295,4294967295,4294967295,4294967295,4294967295,4294967295
732,0.400000006,262,262,1,512,1,511,0,511,1,521,16704,10256,6448,6448,0,4,10252,0,4,4,531,4,16,0,1048576,0.999899983,0,0,1.48764038,1.31433105,1.48764038,inf,3,155,4294967295,4294967295,110,4294967295,4294967295,4294967295,4294967295,135
733,0,262,262,1,512,0,512,0,512,0,522,16704,5205,11499,11499,0,0,5205,0,0,0,0,0,16,0,1048576,0.999899983,0,0,1.1796875,0.942687988,1.1796875,inf,4294967295,4294967295,4294967295,4294967295,4294967295,4294967295,4294967295,4294967295,4294967295,4294967295
734,0,262,262,1,512,0,512,0,512,0,522,16704,7069,9635,9635,0,0,7069,0,0,0,0,0,16,0,1048576,0.999899983,0,0,0.719192505,0.575408936,0.719192505,inf,4294967295,4294967295,4294967295,4294967295,4294967295,4294967295,4294967295,4294967295,4294967295,4294967295
735,0,262,262,1,512,0,512,0,512,0,522,16704,8216,8488,8488,0,0,8216,0,0,0,0,0,16,0,1048576,0.999899983,0,0,1.24838257,1.09875488,1.24838257,inf,4294967295,4294967295,4294967295,4294967295,4294967295,4294967295,4294967295,4294967295,4294967295,4294967295
736,1,262,262,1,512,44,468,13,468,31,491,16704,10947,5757,5757,0,168,10779,0,168,18,1023,10,16,0,1048576,0.999899983,0,0,0.997589111,0.899429321,0.997589111,0.76852417,7,4,4,3,4,4,36,5,5,15
737,1,262,262,1,511,398,113,35,113,364,158,16704,2724,13980,13980,0,975,1749,0,976,42,1023,10,16,0,1048576,0.999899983,0,0,0.696640015,0.467681885,0.696640015,0.231399536,3,2,3,3,3,1,3,2,4,2
738,1,262,262,1,512,41,471,26,471,15,507,16704,3826,12878,12878,0,120,3706,0,120,21,1023,10,16,0,1048576,0.999899983,0,0,0.874221802,0.578979492,0.874221802,0.547424316,4,17,4,7,6,6,23,12,44,26
739,0.200000003,262,262,1,512,1,511,1,511,0,522,16704,4444,12260,12260,0,2,4442,0,2,2,3,2,16,0,1048576,0.999899983,0,0,0.884750366,0.649002075,0.884750366,inf,198,40,4294967295,4294967295,4294967295,4294967295,4294967295,4294967295,4294967295,4294967295
740,0.100000001,262,262,1,512,0,512,0,512,0,522,16704,8937,7767,7767,0,1,8936,0,1,1,1,1,16,0,1048576,0.99970001,0,0,1.1199646,0.953353882,1.1199646,inf,145,4294967295,4294967295,4294967295,4294967295,4294967295,4294967295,4294967295,4294967295,4294967295
741,0.400000006,262,262,1,512,2,510,0,510,2,520,16704,9575,7129,7129,0,4,9571,0,4,4,519,4,16,0,1048576,0.999899983,0,0,1.00500488,0.869949341,1.00500488,inf,1,3,83,4294967295,4294967295,4294967295,4294967295,4294967295,4294967295,65
742,0.200000003,262,262,1,512,1,511,0,511,1,521,16704,10305,6399,6399,0,2,10303,0,2,2,9,2,16,0,1048576,0.999899983,0,0,1.22402954,1.09638977,1.22402954,inf,2,4294967295,4294967295,46,4294967295,4294967295,4294967295,4294967295,4294967295,4294967295
743,0.100000001,262,262,1,512,0,512,0,512,0,522,16704,4883,11821,11821,0,1,4882,0,1,1,1,1,16,0,1048576,0.999899983,0,0,0.980239868,0.798690796,0.980239868,inf,150,4294967295,4294967295,4294967295,4294967295,4294967295,4294967295,4294967295,4294967295,4294967295
744,0,262,262,1,512,0,512,0,512,0,522,16704,6692,10012,10012,0,0,6692,0,0,0,0,0,16,0,1048576,0.99970001,0,0,0.603805542,0.500732422,0.603805542,inf,4294967295,4294967295,4294967295,4294967295,4294967295,4294967295,4294967295,4294967295,4294967295,4294967295
745,0,262,262,1,512,0,512,0,512,0,522,16704,7090,9614,9614,0,0,7090,0,0,0,0,0,16,0,1048576,0.99970001,0,0,1.69665527,1.52549744,1.69665527,inf,4294967295,4294967295,4294967295,4294967295,4294967295,4294967295,4294967295,4294967295,4294967295,4294967295
746,0.200000003,262,262,1,512,0,512,0,512,0,522,16704,7812,8892,8892,0,2,7810,0,2,2,3,2,16,0,1048576,0.999800026,0,0,1.15553284,0.951751709,1.15553284,inf,14,14,4294967295,4294967295,4294967295,4294967295,4294967295,4294967295,4294967295,4294967295
747,0.100000001,262,262,1,512,0,512,0,512,0,522,16704,10584,6120,6120,0,1,10583,0,1,1,1,1,16,0,1048576,0.999899983,0,0,1.01885986,0.911529541,1.01885986,inf,126,4294967295,4294967295,4294967295,4294967295,4294967295,4294967295,4294967295,4294967295,4294967295
748,1,262,262,1,512,82,430,4,430,78,444,16704,8406,8298,8298,0,154,8252,0,154,25,1023,10,16,0,1048576,0.999899983,0,0,1.23344421,1.0749054,1.23344421,0.686004639,3,3,3,8,9,3,2,3,3,10
749,0,262,262,1,512,0,512,0,512,0,522,16704,8770,7934,7934,0,0,8770,0,0,0,0,0,16,0,1048576,0.999899983,0,0,1.13967896,0.951797485,1.13967896,inf,4294967295,4294967295,4294967295,4294967295,4294967295,4294967295,4294967295,4294967295,4294967295,4294967295
750,1,262,262,1,512,151,361,35,361,117,405,16704,5420,11284,11284,0,387,5033,0,387,27,1023,10,16,0,1048576,0.999800026,0,0,0.857025146,0.623291016,0.857025146,0.400314331,5,5,5,4,7,7,5,5,6,5
751,0.400000006,262,262,1,512,1,511,0,511,1,521,16704,6314,10390,10390,0,5,6309,0,5,5,71,5,16,0,1048576,0.999899983,0,0,0.801422119,0.614746094,0.801422119,inf,4,47,75,4294967295,4294967295,4294967295,223,4294967295,4294967295,4294967295
752,0.5,262,262,1,512,0,512,0,512,0,522,16704,11711,4993,4993,0,5,11706,0,5,5,188,5,16,0,1048576,0.999800026,0,0,1.03140259,0.929382324,1.03140259,inf,4294967295,4294967295,116,43,172,61,4294967295,168,4294967295,4294967295
753,0.300000012,262,262,1,512,2,510,1,510,1,521,16704,7861,8843,8843,0,3,7858,0,3,3,35,3,16,0,1048576,0.999899983,0,0,1.28781128,1.06225586,1.28781128,inf,9,43,4294967295,4294967295,4294967295,23,4294967295,4294967295,4294967295,4294967295
754,1,262,262,1,512,120,392,9,392,111,411,16704,9972,6732,6732,0,203,9769,0,203,19,1023,10,16,0,1048576,0.999899983,0,0,1.46377563,1.31105042,1.46377563,0.865310669,3,2,4,3,4,4,4,3,4,5
755,0.300000012,262,262,1,512,0,512,0,512,0,522,16704,7210,9494,9494,0,3,7207,0,3,3,25,3,16,0,1048576,0.999899983,0,0,0.795150757,0.623062134,0.795150757,inf,70,4294967295,4294967295,208,208,4294967295,4294967295,4294967295,4294967295,4294967295
756,0,262,262,1,512,0,512,0,512,0,522,16704,7317,9387,9387,0,0,7317,0,0,0,0,0,16,0,1048576,0.999899983,0,0,0.977340698,0.814819336,0.977340698,inf,4294967295,4294967295,4294967295,4294967295,4294967295,4294967295,4294967295,4294967295,4294967295,4294967295
757,0.899999976,262,262,1,512,8,504,1,504,7,515,16704,11903,4801,4801,0,12,11891,0,12,12,895,10,16,0,1048576,0.999599993,0,0,1.19334412,1.00994873,1.19334412,1.12251282,8,7,7,8,10,77,16,4294967295,110,16
758,0.300000012,262,262,1,512,2,510,0,510,2,520,16704,9813,6891,6891,0,3,9810,0,3,3,131,3,16,0,1048576,0.999899983,0,0,1.17144775,1.02487183,1.17144775,inf,16,16,4294967295,4294967295,4294967295,4294967295,4294967295,206,4294967295,4294967295
759,0.300000012,262,262,1,512,0,512,0,512,0,522,16704,10386,6318,6318,0,4,10382,0,4,4,22,4,16,0,1048576,0.999899983,0,0,0.873016357,0.734512329,0.873016357,inf,4294967295,25,145,4294967295,9,4294967295,4294967295,4294967295,4294967295,4294967295
760,0,262,262,1,512,0,512,0,512,0,522,16704,12914,3790,3790,0,0,12914,0,0,0,0,0,16,0,1048576,0.99970001,0,0,1.06082153,0.943115234,1.06082153,inf,4294967295,4294967295,4294967295,4294967295,4294967295,4294967295,4294967295,4294967295,4294967295,4294967295
761,0,262,262,1,512,0,512,0,512,0,522,16704,10839,5865,5865,0,0,10839,0,0,0,0,0,16,0,1048576,0.99970001,0,0,1.17549133,1.04182434,1.17549133,inf,4294967295,4294967295,4294967295,4294967295,4294967295,4294967295,4294967295,4294967295,4294967295,4294967295
762,0.899999976,262,262,1,512,5,507,0,507,5,517,16704,8233,8471,8471,0,11,8222,0,11,11,767,10,16,0,1048576,0.999800026,0,0,1.00559998,0.846389771,1.00559998,1.37461853,4,15,77,5,5,1,146,27,4294967295,51
763,0.300000012,262,262,1,512,3,509,1,509,2,520,16704,11431,5273,5273,0,3,11428,0,3,3,7,3,16,0,1048576,0.999899983,0,0,0.744796753,0.646469116,0.744796753,inf,15,34,188,4294967295,4294967295,4294967295,4294967295,4294967295,4294967295,4294967295
764,0.5,262,262,1,512,2,510,1,510,1,521,16704,9481,7223,7223,0,14,9467,0,14,14,229,10,16,0,1048576,0.999899983,0,0,1.53010559,1.25527954,1.53010559,1.68379211,31,4294967295,233,4294967295,4294967295,256,51,9,4294967295,4294967295
765,0.699999988,262,262,1,512,0,512,0,512,0,522,16704,10578,6126,6126,0,14,10564,0,14,13,223,10,16,0,1048576,0.999800026,0,0,0.796646118,0.660003662,0.796646118,0.902648926,125,125,125,154,195,4294967295,204,233,4294967295,4294967295
766,1,262,262,1,512,11,501,7,501,4,518,16704,2259,14445,14445,0,20,2239,0,20,13,1023,10,16,0,1048576,0.999899983,0,0,1.15324402,0.764007568,1.15324402,0.851654053,52,15,28,13,76,64,108,37,42,77
767,0.5,262,262,1,512,3,509,0,509,3,519,16704,7995,8709,8709,0,7,7988,0,7,7,271,7,16,0,1048576,0.999800026,0,0,1.13595581,0.927474976,1.13595581,inf,3,12,40,50,4294967295,4294967295,4294967295,4294967295,224,4294967295
768,0.800000012,262,262,1,512,10,502,5,502,5,517,16704,12626,4078,4078,0,45,12581,0,45,21,751,10,16,0,1048576,0.999800026,0,0,1.00135803,0.851898193,1.00135803,0.958908081,4,5,71,72,4294967295,72,194,36,4294967295,74
769,0.699999988,262,262,1,512,0,512,0,512,0,522,16704,11433,5271,5271,0,29,11404,0,29,19,827,10,16,0,1048576,0.999899983,0,0,0.867263794,0.741363525,0.867263794,0.892486572,55,26,4294967295,208,22,19,4294967295,4294967295,27,142
770,0.200000003,262,262,1,512,0,512,0,512,0,522,16704,6280,10424,10424,0,2,6278,0,3,3,5,3,16,0,1048576,0.999899983,0,0,1.01864624,0.897262573,1.01864624,inf,6,4294967295,174,4294967295,4294967295,4294967295,4294967295,4294967295,4294967295,4294967295
771,1,262,262,1,512,33,479,14,479,19,503,16704,11049,5655,5655,0,111,10938,0,111,21,1023,10,16,0,1048576,0.999800026,0,0,1.36369324,1.22375488,1.36369324,1.11743164,15,27,14,15,35,81,15,21,24,15
772,0.100000001,262,262,1,512,1,511,0,511,1,521,16704,10345,6359,6359,0,2,10343,0,2,2,1,2,16,0,1048576,0.99970001,0,0,1.5526123,1.3730011,1.5526123,inf,8,4294967295,4294967295,4294967295,4294967295,4294967295,4294967295,4294967295,4294967295,4294967295
773,0.300000012,262,262,1,512,1,511,0,511,1,521,16704,8658,8046,8046,0,4,8654,0,4,4,7,4,16,0,1048576,0.999899983,0,0,1.10424805,0.922546387,1.10424805,inf,1,27,230,4294967295,4294967295,4294967295,4294967295,4294967295,4294967295,4294967295
774,0.400000006,262,262,1,512,0,512,0,512,0,522,16704,12492,4212,4212,0,5,12487,0,5,5,156,5,16,0,1048576,0.999499977,0,0,1.30107117,1.17941284,1.30107117,inf,4294967295,4294967295,105,55,29,4294967295,4294967295,144,4294967295,4294967295
775,0.200000003,262,262,1,512,0,512,0,512,0,522,16704,12114,4590,4590,0,2,12112,0,2,2,18,2,16,0,1048576,0.999899983,0,0,1.06358337,0.991241455,1.06358337,inf,4294967295,64,4294967295,4294967295,191,4294967295,4294967295,4294967295,4294967295,4294967295
776,0.400000006,262,262,1,512,0,512,0,512,0,522,16704,11396,5308,5308,0,5,11391,0,5,5,77,5,16,0,1048576,0.999899983,0,0,1.08656311,0.973739624,1.08656311,inf,47,4294967295,73,238,4294967295,4294967295,83,4294967295,4294967295,4294967295
777,0.300000012,262,262,1,512,0,512,0,512,0,522,16704,12559,4145,4145,0,4,12555,0,4,4,76,4,16,0,1048576,0.999899983,0,0,0.992401123,0.856170654,0.992401123,inf,4294967295,4294967295,42,48,4294967295,4294967295,213,4294967295,4294967295,4294967295
778,0.699999988,262,262,1,512,1,511,1,511,0,522,16704,9180,7524,7524,0,7,9173,0,7,7,127,7,16,0,1048576,0.999899983,0,0,0.828857422,0.745239258,0.828857422,inf,58,253,49,65,255,51,2,4294967295,4294967295,4294967295
779,0.5,262,262,1,512,2,510,0,510,2,520,16704,10911,5793,5793,0,6,10905,0,6,6,31,6,16,0,1048576,0.999899983,0,0,0.967559814,0.890716553,0.967559814,inf,24,18,149,173,26,4294967295,4294967295,4294967295,4294967295,4294967295
780,1,262,262,1,512,234,278,42,278,193,329,16704,3935,12769,12769,0,477,3458,0,477,35,1023,10,16,0,1048576,0.999899983,0,0,1.10951233,0.877197266,1.10951233,0.427398682,18,17,17,17,17,18,18,17,18,17
781,0.899999976,262,262,1,512,18,494,5,494,13,509,16704,12111,4593,4593,0,72,12039,0,72,22,895,10,16,0,1048576,0.999899983,0,0,1.5067749,1.38708496,1.5067749,1.38754272,7,72,34,146,11,104,95,4294967295,32,20
782,0.200000003,262,262,1,512,1,511,0,511,1,521,16704,7996,8708,8708,0,2,7994,0,2,2,3,2,16,0,1048576,0.99970001,0,0,1.10682678,0.88671875,1.10682678,inf,6,25,4294967295,4294967295,4294967295,4294967295,4294967295,4294967295,4294967295,4294967295
783,0,262,262,1,512,0,512,0,512,0,522,16704,5181,11523,11523,0,0,5181,0,0,0,0,0,16,0,1048576,0.999899983,0,0,0.829971313,0.614196777,0.829971313,inf,4294967295,4294967295,4294967295,4294967295,4294967295,4294967295,4294967295,4294967295,4294967295,4294967295
784,0.699999988,262,262,1,512,1,511,0,511,1,521,16704,9248,7456,7456,0,14,9234,0,14,13,127,10,16,0,1048576,0.999800026,0,0,0.972198486,0.833358765,0.972198486,1.14054871,57,24,128,128,77,39,83,4294967295,4294967295,4294967295
785,0.899999976,262,262,1,512,15,497,9,497,6,516,16704,13010,3694,3694,0,74,12936,0,74,22,959,10,16,0,1048576,0.999800026,0,0,1.21725464,1.07876587,1.21725464,1.16323853,8,34,17,25,233,9,4294967295,142,161,16
786,1,262,262,1,512,173,339,51,339,122,400,16704,5752,10952,10952,0,703,5049,0,703,26,1023,10,16,0,1048576,0.999800026,0,0,0.868255615,0.727249146,0.868255615,0.546417236,3,2,4,5,3,11,12,14,5,6
787,0.699999988,262,262,1,512,3,509,1,509,2,520,16704,5132,11572,11572,0,16,5116,0,16,12,631,10,16,0,1048576,0.999899983,0,0,0.731445312,0.553482056,0.731445312,0.755844116,9,8,233,4294967295,32,41,5,4294967295,4294967295,41
788,1,262,262,1,512,225,287,34,287,191,331,16704,3714,12990,12990,0,540,3174,0,540,26,1023,10,16,0,1048576,0.999899983,0,0,0.908126831,0.589920044,0.908126831,0.340499878,3,2,1,2,2,3,2,2,2,2
789,0.899999976,262,262,1,512,9,503,0,503,9,513,16704,7335,9369,9369,0,11,7324,0,11,10,511,10,16,0,1048576,0.999899983,0,0,1.31266785,1.18386841,1.31266785,1.52186584,10,15,15,15,79,15,56,81,15,4294967295
790,0,262,262,1,512,0,512,0,512,0,522,16704,11867,4837,4837,0,2,11865,0,3,3,0,3,16,0,1048576,0.99970001,0,0,1.28163147,1.14997864,1.28163147,inf,4294967295,4294967295,4294967295,4294967295,4294967295,4294967295,4294967295,4294967295,4294967295,4294967295
791,0.100000001,262,262,1,512,0,512,0,512,0,522,16704,7291,9413,9413,0,1,7290,0,1,1,1,1,16,0,1048576,0.999800026,0,0,0.692367554,0.526519775,0.692367554,inf,144,4294967295,4294967295,4294967295,4294967295,4294967295,4294967295,4294967295,4294967295,4294967295
792,1,262,262,1,512,13,499,6,499,7,515,16704,5433,11271,11271,0,81,5352,0,81,17,1023,10,16,0,1048576,0.99970001,0,0,1.43336487,1.14085388,1.43336487,1.20675659,25,45,2,21,56,8,77,142,33,100
793,1,262,262,1,512,15,497,7,497,8,514,16704,10354,6350,6350,0,83,10271,0,83,19,1023,10,16,0,1048576,0.999899983,0,0,1.27005005,1.11755371,1.27005005,1.13383484,32,7,7,7,7,21,52,132,21,40
794,0.100000001,262,262,1,512,0,512,0,512,0,522,16704,10408,6296,6296,0,1,10407,0,1,1,2,1,16,0,1048576,0.999800026,0,0,1.29968262,1.16864014,1.29968262,inf,4294967295,20,4294967295,4294967295,4294967295,4294967295,4294967295,4294967295,4294967295,4294967295
795,0.800000012,262,262,1,512,3,509,1,509,2,520,16704,9683,7021,7021,0,10,9673,0,10,10,479,10,16,0,1048576,0.999899983,0,0,1.24656677,1.07249451,1.24656677,1.45117188,8,124,131,23,203,4294967295,170,36,19,4294967295
796,1,262,262,1,512,94,418,26,418,68,454,16704,11499,5205,5205,0,326,11173,0,326,29,1023,10,16,0,1048576,0.999599993,0,0,1.01856995,0.935134888,1.01856995,0.784942627,15,13,28,27,14,16,13,14,14,18
797,0.400000006,262,262,1,512,2,510,1,510,1,521,16704,5350,11354,11354,0,4,5346,0,4,4,43,4,16,0,1048576,0.999899983,0,0,1.56736755,1.15556335,1.56736755,inf,10,62,4294967295,31,4294967295,76,4294967295,4294967295,4294967295,4294967295
798,0.5,262,262,1,512,2,510,2,510,0,522,16704,4271,12433,12433,0,6,4265,0,6,6,31,6,16,0,1048576,0.999899983,0,0,1.41357422,1.16113281,1.41357422,inf,28,242,0,138,183,4294967295,4294967295,4294967295,4294967295,4294967295
799,0.300000012,262,262,1,512,2,510,0,510,2,520,16704,6789,9915,9915,0,3,6786,0,3,3,7,3,16,0,1048576,0.99970001,0,0,0.862136841,0.686431885,0.862136841,inf,4,4,5,4294967295,4294967295,4294967295,4294967295,4294967295,4294967295,4294967295
800,0.300000012,262,262,1,512,0,512,0,512,0,522,16704,8797,7907,7907,0,4,8793,0,4,4,19,4,16,0,1048576,0.999899983,0,0,1.23568726,1.01853943,1.23568726,inf,188,114,4294967295,4294967295,154,4294967295,4294967295,4294967295,4294967295,4294967295
801,0.200000003,262,262,1,512,1,511,1,511,0,522,16704,8649,8055,8055,0,3,8646,0,4,4,3,4,16,0,1048576,0.999499977,0,0,0.673309326,0.537796021,0.673309326,inf,4,60,4294967295,4294967295,4294967295,4294967295,4294967295,4294967295,4294967295,4294967295
802,0.100000001,262,262,1,512,0,512,0,512,0,522,16704,7116,9588,9588,0,4,7112,0,4,4,1,4,16,0,1048576,0.999599993,0,0,1.74732971,1.49325562,1.74732971,inf,14,4294967295,4294967295,4294967295,4294967295,4294967295,4294967295,4294967295,4294967295,4294967295
803,0.100000001,262,262,1,512,0,512,0,512,0,522,16704,8796,7908,7908,0,2,8794,0,2,2,1,2,16,0,1048576,0.999800026,0,0,0.664520264,0.521270752,0.664520264,inf,37,4294967295,4294967295,4294967295,4294967295,4294967295,4294967295,4294967295,4294967295,4294967295
804,0.699999988,262,262,1,512,5,507,1,507,4,518,16704,11541,5163,5163,0,23,11518,0,23,19,415,10,16,0,1048576,0.999300003,0,0,1.03849792,0.936981201,1.03849792,1.05734253,17,162,230,72,19,4294967295,4294967295,109,21,4294967295
805,1,262,262,1,512,5,507,1,507,4,518,16704,6840,9864,9864,0,43,6797,0,43,19,1023,10,16,0,1048576,0.99970001,0,0,1.09461975,0.858947754,1.09461975,0.985168457,10,43,3,2,13,192,76,19,130,130
806,1,262,262,1,512,11,501,0,501,11,511,16704,3410,13294,13294,0,14,3396,0,14,10,1023,10,16,0,1048576,0.999599993,0,0,1.3430481,0.926239014,1.3430481,0.782699585,3,3,4,4,4,5,13,5,25,4
807,1,262,262,1,512,18,494,1,494,17,505,16704,6716,9988,9988,0,22,6694,0,22,15,1023,10,16,0,1048576,0.999800026,0,0,1.06378174,0.850616455,1.06378174,0.609054565,5,4,4,5,5,6,4,3,5,7
808,0.300000012,262,262,1,512,1,511,0,511,1,521,16704,12753,3951,3951,0,5,12748,0,5,5,133,5,16,0,1048576,0.999800026,0,0,1.04541016,0.944793701,1.04541016,inf,8,4294967295,157,4294967295,4294967295,4294967295,4294967295,163,4294967295,4294967295
809,0,262,262,1,512,0,512,0,512,0,522,16704,11916,4788,4788,0,2,11914,0,2,2,0,2,16,0,1048576,0.999899983,0,0,0.999435425,0.91506958,0.999435425,inf,4294967295,4294967295,4294967295,4294967295,4294967295,4294967295,4294967295,4294967295,4294967295,4294967295
810,0.200000003,262,262,1,512,0,512,0,512,0,522,16704,8852,7852,7852,0,3,8849,0,3,3,513,3,16,0,1048576,0.999199986,0,0,0.782791138,0.630004883,0.782791138,inf,104,4294967295,4294967295,4294967295,4294967295,4294967295,4294967295,4294967295,4294967295,197
811,1,262,262,1,512,6,506,0,506,6,516,16704,9284,7420,7420,0,22,9262,0,22,13,1023,10,16,0,1048576,0.999899983,0,0,1.05795288,0.928741455,1.05795288,1.04884338,9,15,17,10,10,67,10,114,10,110
812,0.800000012,262,262,1,512,5,507,2,507,3,519,16704,4107,12597,12597,0,8,4099,0,8,8,255,8,16,0,1048576,0.999899983,0,0,1.09014893,0.834136963,1.09014893,inf,22,48,11,156,188,2,82,180,4294967295,4294967295
813,0.800000012,262,262,1,512,2,510,0,510,2,520,16704,9352,7352,7352,0,14,9338,0,14,14,507,10,16,0,1048576,0.999899983,0,0,1.51124573,1.32997131,1.51124573,1.64793396,3,4,4294967295,209,7,183,226,180,31,4294967295
814,0.200000003,262,262,1,512,0,512,0,512,0,522,16704,8198,8506,8506,0,2,8196,0,2,2,3,2,16,0,1048576,0.999800026,0,0,0.996688843,0.839401245,0.996688843,inf,57,99,4294967295,4294967295,4294967295,4294967295,4294967295,4294967295,4294967295,4294967295
815,0.100000001,262,262,1,512,1,511,0,511,1,521,16704,4377,12327,12327,0,1,4376,0,1,1,1,1,16,0,1048576,0.99970001,0,0,1.42674255,1.10476685,1.42674255,inf,5,4294967295,4294967295,4294967295,4294967295,4294967295,4294967295,4294967295,4294967295,4294967295
816,0.800000012,262,262,1,512,2,510,0,510,2,520,16704,7603,9101,9101,0,33,7570,0,33,21,703,10,16,0,1048576,0.99970001,0,0,1.11497498,0.936523438,1.11497498,1.10128784,10,5,72,11,32,11,4294967295,20,4294967295,13
817,0.300000012,262,262,1,512,1,511,0,511,1,521,16704,12662,4042,4042,0,6,12656,0,6,6,11,6,16,0,1048576,0.999499977,0,0,1.18354797,1.08074951,1.18354797,inf,39,139,4294967295,68,4294967295,4294967295,4294967295,4294967295,4294967295,4294967295
818,0.5,262,262,1,512,2,510,1,510,1,521,16704,8820,7884,7884,0,7,8813,0,7,7,301,7,16,0,1048576,0.999599993,0,0,1.14935303,0.949874878,1.14935303,inf,2,4294967295,246,13,4294967295,55,4294967295,4294967295,122,4294967295
819,0,262,262,1,512,0,512,0,512,0,522,16704,9164,7540,7540,0,1,9163,0,1,1,0,1,16,0,1048576,0.999499977,0,0,1.13444519,0.957763672,1.13444519,inf,4294967295,4294967295,4294967295,4294967295,4294967295,4294967295,4294967295,4294967295,4294967295,4294967295
820,0.600000024,262,262,1,512,1,511,1,511,0,522,16704,4655,12049,12049,0,7,4648,0,7,7,235,7,16,0,1048576,0.999499977,0,0,1.8105011,1.495224,1.8105011,inf,17,193,4294967295,145,4294967295,72,126,91,4294967295,4294967295
821,0.300000012,262,262,1,512,2,510,2,510,0,522,16704,8484,8220,8220,0,3,8481,0,3,3,35,3,16,0,1048576,0.999899983,0,0,1.28474426,1.13409424,1.28474426,inf,26,53,4294967295,4294967295,4294967295,43,4294967295,4294967295,4294967295,4294967295
822,0.600000024,262,262,1,512,0,512,0,512,0,522,16704,12360,4344,4344,0,8,12352,0,8,8,685,8,16,0,1048576,0.99970001,0,0,0.997268677,0.876937866,0.997268677,inf,217,4294967295,145,11,4294967295,252,4294967295,74,4294967295,174
823,0.100000001,262,262,1,512,1,511,0,511,1,521,16704,9569,7135,7135,0,4,9565,0,4,4,1,4,16,0,1048576,0.999899983,0,0,1.09156799,0.916610718,1.09156799,inf,22,4294967295,4294967295,4294967295,4294967295,4294967295,4294967295,4294967295,4294967295,4294967295
824,0.100000001,262,262,1,512,0,512,0,512,0,522,16704,11883,4821,4821,0,1,11882,0,1,1,8,1,16,0,1048576,0.99970001,0,0,1.00587463,0.860351562,1.00587463,inf,4294967295,4294967295,4294967295,215,4294967295,4294967295,4294967295,4294967295,4294967295,4294967295
825,0.899999976,262,262,1,512,18,494,8,494,10,512,16704,10834,5870,5870,0,75,10759,0,75,19,1019,10,16,0,1048576,0.999800026,0,0,1.37948608,1.26647949,1.37948608,1.25839233,72,71,4294967295,152,73,72,151,22,73,75
826,0.200000003,262,262,1,512,1,511,0,511,1,521,16704,12456,4248,4248,0,4,12452,0,4,4,9,4,16,0,1048576,0.99970001,0,0,1.19210815,1.0774231,1.19210815,inf,89,4294967295,4294967295,136,4294967295,4294967295,4294967295,4294967295,4294967295,4294967295
827,0.400000006,262,262,1,512,1,511,1,511,0,522,16704,11183,5521,5521,0,9,11174,0,9,9,135,9,16,0,1048576,0.999800026,0,0,0.929443359,0.815582275,0.929443359,inf,168,67,93,4294967295,4294967295,4294967295,4294967295,103,4294967295,4294967295
828,0.200000003,262,262,1,512,0,512,0,512,0,522,16704,8613,8091,8091,0,2,8611,0,2,2,18,2,16,0,1048576,0.999800026,0,0,0.996200562,0.858154297,0.996200562,inf,4294967295,75,4294967295,4294967295,260,4294967295,4294967295,4294967295,4294967295,4294967295
829,0.300000012,262,262,1,512,0,512,0,512,0,522,16704,5633,11071,11071,0,3,5630,0,3,3,22,3,16,0,1048576,0.999599993,0,0,1.21246338,0.918807983,1.21246338,inf,4294967295,128,42,4294967295,233,4294967295,4294967295,4294967295,4294967295,4294967295
830,0.899999976,262,262,1,512,10,502,4,502,6,516,16704,12129,4575,4575,0,61,12068,0,61,24,767,10,16,0,1048576,0.999800026,0,0,0.937011719,0.809524536,0.937011719,0.837203979,7,34,28,95,35,86,255,212,4294967295,125
831,1,262,262,1,512,22,490,9,490,13,509,16704,6497,10207,10207,0,118,6379,0,118,18,1023,10,16,0,1048576,0.99970001,0,0,1.34326172,1.12928772,1.34326172,1.07725525,16,3,9,5,5,13,31,33,21,9
832,1,262,262,1,512,22,490,12,490,10,512,16704,6334,10370,10370,0,82,6252,0,82,18,1023,10,16,0,1048576,0.99970001,0,0,1.23387146,1.02355957,1.23387146,1.00971985,5,6,5,6,154,154,6,36,59,26
833,1,262,262,1,512,26,486,4,486,22,500,16704,8817,7887,7887,0,93,8724,0,93,21,1023,10,16,0,1048576,0.999899983,0,0,1.02798462,0.899368286,1.02798462,0.758422852,11,4,8,17,2,5,12,5,9,23
834,1,262,262,1,512,283,229,46,229,237,285,16704,4506,12198,12198,0,1034,3472,0,1034,45,1023,10,16,0,1048576,0.99970001,0,0,1.19392395,0.958633423,1.19392395,0.591369629,4,3,3,3,4,9,4,4,4,6
835,0.5,262,262,1,512,1,511,0,511,1,521,16704,10935,5769,5769,0,7,10928,0,7,7,535,7,16,0,1048576,0.999499977,0,0,1.13591003,1.02503967,1.13591003,inf,175,7,130,4294967295,72,4294967295,4294967295,4294967295,4294967295,194
836,1,262,262,1,512,29,483,9,483,20,502,16704,8295,8409,8409,0,112,8183,0,113,20,1023,10,16,0,1048576,0.99940002,0,0,0.828659058,0.710128784,0.828659058,0.640609741,11,18,12,4,9,8,19,19,22,35
837,0.400000006,262,262,1,512,3,509,0,509,3,519,16704,11487,5217,5217,0,4,11483,0,4,4,15,4,16,0,1048576,0.999499977,0,0,1.4894104,1.36734009,1.4894104,inf,153,6,7,36,4294967295,4294967295,4294967295,4294967295,4294967295,4294967295
838,1,262,262,1,512,45,467,25,467,20,502,16704,4900,11804,11804,0,163,4737,0,163,21,1023,10,16,0,1048576,0.99970001,0,0,0.787887573,0.58895874,0.787887573,0.560638428,9,2,14,10,4,69,66,8,3,3
839,0.100000001,262,262,1,512,0,512,0,512,0,522,16704,12985,3719,3719,0,5,12980,0,5,5,1,5,16,0,1048576,0.999800026,0,0,1.23432922,1.08946228,1.23432922,inf,49,4294967295,4294967295,4294967295,4294967295,4294967295,4294967295,4294967295,4294967295,4294967295
840,1,262,262,1,512,12,500,2,500,10,512,16704,7284,9420,9420,0,16,7268,0,16,13,1023,10,16,0,1048576,0.999899983,0,0,0.855178833,0.664291382,0.855178833,0.65222168,7,2,3,3,3,8,3,4,100,245
841,0.200000003,262,262,1,512,0,512,0,512,0,522,16704,11734,4970,4970,0,2,11732,0,2,2,5,2,16,0,1048576,0.999800026,0,0,1.3265686,1.1320343,1.3265686,inf,18,4294967295,37,4294967295,4294967295,4294967295,4294967295,4294967295,4294967295,4294967295
842,0,262,262,1,512,0,512,0,512,0,522,16704,5830,10874,10874,0,0,5830,0,0,0,0,0,16,0,1048576,0.999899983,0,0,1.41519165,1.15657043,1.41519165,inf,4294967295,4294967295,4294967295,4294967295,4294967295,4294967295,4294967295,4294967295,4294967295,4294967295
843,0.600000024,262,262,1,512,0,512,0,512,0,522,16704,10058,6646,6646,0,8,10050,0,8,8,670,8,16,0,1048576,0.999499977,0,0,1.25872803,1.12466431,1.25872803,inf,4294967295,131,22,20,146,4294967295,4294967295,68,4294967295,180
844,0.200000003,262,262,1,512,1,511,1,511,0,522,16704,6558,10146,10146,0,2,6556,0,2,2,3,2,16,0,1048576,0.99970001,0,0,0.778640747,0.59928894,0.778640747,inf,74,233,4294967295,4294967295,4294967295,4294967295,4294967295,4294967295,4294967295,4294967295
845,0,262,262,1,512,0,512,0,512,0,522,16704,8003,8701,8701,0,0,8003,0,0,0,0,0,16,0,1048576,0.99970001,0,0,1.39750671,1.25663757,1.39750671,inf,4294967295,4294967295,4294967295,4294967295,4294967295,4294967295,4294967295,4294967295,4294967295,4294967295
846,1,262,262,1,512,120,392,61,392,59,463,16704,4800,11904,11904,0,470,4330,0,470,23,1023,10,16,0,1048576,0.99970001,0,0,0.61618042,0.4609375,0.61618042,0.350387573,4,5,4,15,8,5,6,5,36,4
847,0.400000006,262,262,1,512,0,512,0,512,0,522,16704,5688,11016,11016,0,4,5684,0,4,4,51,4,16,0,1048576,0.999300003,0,0,1.11633301,0.918807983,1.11633301,inf,12,130,4294967295,4294967295,153,166,4294967295,4294967295,4294967295,4294967295
848,1,262,262,1,512,15,497,4,497,11,511,16704,5810,10894,10894,0,28,5782,0,28,14,1023,10,16,0,1048576,0.999899983,0,0,0.723327637,0.517379761,0.723327637,0.495849609,4,6,4,26,5,13,24,6,21,38
849,1,262,262,1,512,109,403,0,403,109,413,16704,8327,8377,8377,0,127,8200,0,128,19,1023,10,16,0,1048576,0.99970001,0,0,0.893600464,0.776229858,0.893600464,0.0546417236,8,7,8,7,7,8,8,8,7,7
850,1,262,262,1,512,5,507,3,507,2,520,16704,5565,11139,11139,0,12,5553,0,12,11,1023,10,16,0,1048576,0.999599993,0,0,0.9271698,0.727523804,0.9271698,0.859664917,4,29,77,194,194,24,95,77,12,12
851,0.699999988,262,262,1,512,3,509,0,509,3,519,16704,8405,8299,8299,0,33,8372,0,33,16,575,10,16,0,1048576,0.99940002,0,0,1.13442993,0.944961548,1.13442993,1.12982178,3,15,15,6,77,16,4294967295,4294967295,4294967295,44
852,0.899999976,262,262,1,512,3,509,1,509,2,520,16704,7015,9689,9689,0,24,6991,0,25,16,895,10,16,0,1048576,0.999599993,0,0,1.38970947,1.12371826,1.38970947,1.37695312,5,4,144,18,47,54,46,4294967295,3,3
853,0.699999988,262,262,1,512,5,507,1,507,4,518,16704,10933,5771,5771,0,13,10920,0,13,12,575,10,16,0,1048576,0.99940002,0,0,1.01780701,0.901306152,1.01780701,1.20269775,7,7,8,8,71,3,4294967295,4294967295,4294967295,138
854,0.300000012,262,262,1,512,0,512,0,512,0,522,16704,11712,4992,4992,0,7,11705,0,7,7,11,7,16,0,1048576,0.99970001,0,0,1.24681091,1.14682007,1.24681091,inf,31,135,4294967295,219,4294967295,4294967295,4294967295,4294967295,4294967295,4294967295
855,0.300000012,262,262,1,512,2,510,1,510,1,521,16704,5623,11081,11081,0,3,5620,0,4,4,35,4,16,0,1048576,0.999899983,0,0,0.717330933,0.528411865,0.717330933,inf,31,48,4294967295,4294967295,4294967295,41,4294967295,4294967295,4294967295,4294967295
856,1,262,262,1,512,77,435,24,435,53,469,16704,9088,7616,7616,0,217,8871,0,217,26,1023,10,16,0,1048576,0.99970001,0,0,0.955322266,0.832809448,0.955322266,0.649353027,11,12,10,16,13,12,14,12,13,15
857,0.600000024,262,262,1,512,2,510,1,510,1,521,16704,9909,6795,6795,0,24,9885,0,24,18,175,10,16,0,1048576,0.99940002,0,0,1.21139526,1.0567627,1.21139526,1.32623291,5,6,166,78,4294967295,15,4294967295,101,4294967295,4294967295
858,0.800000012,262,262,1,512,1,511,0,511,1,521,16704,10221,6483,6483,0,11,10210,0,11,11,927,10,16,0,1048576,0.99940002,0,0,1.03782654,0.883636475,1.03782654,1.1985321,122,70,96,79,45,4294967295,4294967295,209,226,4
859,0.800000012,262,262,1,512,3,509,2,509,1,521,16704,9923,6781,6781,0,22,9901,0,24,19,255,10,16,0,1048576,0.999499977,0,0,0.816864014,0.653717041,0.816864014,0.848693848,6,117,195,15,99,72,7,182,4294967295,4294967295
860,1,262,262,1,512,50,462,24,462,26,496,16704,2955,13749,13749,0,96,2859,0,96,17,1023,10,16,0,1048576,0.999499977,0,0,1.15707397,0.88482666,1.15707397,0.711364746,3,5,5,3,5,6,20,9,11,28
861,0.200000003,262,262,1,512,1,511,0,511,1,521,16704,9001,7703,7703,0,2,8999,0,2,2,3,2,16,0,1048576,0.999300003,0,0,0.917449951,0.732727051,0.917449951,inf,92,80,4294967295,4294967295,4294967295,4294967295,4294967295,4294967295,4294967295,4294967295
862,0.600000024,262,262,1,512,3,509,3,509,0,522,16704,8517,8187,8187,0,24,8493,0,25,20,459,10,16,0,1048576,0.999899983,0,0,0.654418945,0.547683716,0.654418945,0.652511597,17,138,4294967295,32,4294967295,4294967295,51,185,35,4294967295
863,0.300000012,262,262,1,512,2,510,0,510,2,520,16704,10984,5720,5720,0,5,10979,0,5,5,11,5,16,0,1048576,0.999800026,0,0,1.29156494,1.154953,1.29156494,inf,2,3,4294967295,135,4294967295,4294967295,4294967295,4294967295,4294967295,4294967295
864,0.300000012,262,262,1,512,0,512,0,512,0,522,16704,11576,5128,5128,0,8,11568,0,8,8,584,8,16,0,1048576,0.999800026,0,0,1.35221863,1.24601746,1.35221863,inf,4294967295,4294967295,4294967295,234,4294967295,4294967295,15,4294967295,4294967295,232
865,1,262,262,1,512,36,476,5,476,31,491,16704,3786,12918,12918,0,54,3732,0,54,15,1023,10,16,0,1048576,0.999800026,0,0,0.948104858,0.677062988,0.948104858,0.345916748,6,6,4,3,5,5,6,5,5,6
866,1,262,262,1,512,7,505,3,505,4,518,16704,4158,12546,12546,0,50,4108,0,50,15,1023,10,16,0,1048576,0.999499977,0,0,1.36869812,1.05397034,1.36869812,1.17744446,4,20,25,14,23,59,32,50,4,32
867,0.699999988,262,262,1,512,1,511,0,511,1,521,16704,11133,5571,5571,0,11,11122,0,11,11,631,10,16,0,1048576,0.999800026,0,0,1.29278564,1.16845703,1.29278564,1.55651855,35,37,15,4294967295,20,194,250,4294967295,4294967295,124
868,1,262,262,1,512,213,299,55,299,158,364,16704,7879,8825,8825,0,1218,6661,0,1218,22,1023,10,16,0,1048576,0.99970001,0,0,1.23007202,0.981048584,1.23007202,0.674133301,1,1,2,6,2,7,4,1,2,2
869,0.300000012,262,262,1,512,1,511,0,511,1,521,16704,10915,5789,5789,0,4,10911,0,5,5,259,5,16,0,1048576,0.999599993,0,0,1.07969666,0.949584961,1.07969666,inf,64,146,4294967295,4294967295,4294967295,4294967295,4294967295,4294967295,116,4294967295
870,0.300000012,262,262,1,512,0,512,0,512,0,522,16704,9955,6749,6749,0,10,9945,0,10,10,11,10,16,0,1048576,0.999599993,0,0,1.23468018,1.08418274,1.23468018,1.52011108,162,146,4294967295,147,4294967295,4294967295,4294967295,4294967295,4294967295,4294967295
871,0.800000012,262,262,1,512,13,499,6,499,7,515,16704,9421,7283,7283,0,159,9262,0,159,21,639,10,16,0,1048576,0.999599993,0,0,1.38658142,1.1466217,1.38658142,1.25990295,10,14,0,4,1,25,61,4294967295,4294967295,247
872,0.100000001,262,262,1,512,0,512,0,512,0,522,16704,5423,11281,11281,0,1,5422,0,2,2,1,2,16,0,1048576,0.999599993,0,0,1.53695679,1.31411743,1.53695679,inf,10,4294967295,4294967295,4294967295,4294967295,4294967295,4294967295,4294967295,4294967295,4294967295
873,0.899999976,262,262,1,512,11,501,5,501,6,516,16704,4700,12004,12004,0,37,4663,0,37,19,511,10,16,0,1048576,0.999599993,0,0,0.835494995,0.625640869,0.835494995,0.661376953,9,23,16,14,62,14,45,21,52,4294967295
874,0.899999976,262,262,1,512,4,508,2,508,2,520,16704,3034,13670,13670,0,11,3023,0,11,11,1007,10,16,0,1048576,0.999899983,0,0,1.48414612,0.938796997,1.48414612,1.56684875,22,11,243,149,4294967295,202,59,127,151,200
875,1,262,262,1,512,210,302,53,302,157,365,16704,7822,8882,8882,0,1188,6634,0,1188,31,1023,10,16,0,1048576,0.999599993,0,0,1.50486755,1.13551331,1.50486755,0.903549194,2,3,3,1,4,2,2,6,6,12
876,1,262,262,1,512,16,496,6,496,10,512,16704,6555,10149,10149,0,37,6518,0,37,15,1023,10,16,0,1048576,0.99940002,0,0,1.24900818,0.999084473,1.24900818,0.995559692,2,5,42,5,38,13,7,7,66,73
877,0.699999988,262,262,1,512,1,511,0,511,1,521,16704,7931,8773,8773,0,13,7918,0,13,13,223,10,16,0,1048576,0.99940002,0,0,0.719955444,0.602416992,0.719955444,0.851608276,71,9,11,31,19,4294967295,95,156,4294967295,4294967295
878,0.5,262,262,1,512,2,510,0,510,2,520,16704,13077,3627,3627,0,15,13062,0,15,13,79,10,16,0,1048576,0.999800026,0,0,1.08007812,0.944564819,1.08007812,1.33851624,3,9,96,84,4294967295,4294967295,211,4294967295,4294967295,4294967295
879,0.100000001,262,262,1,512,0,512,0,512,0,522,16704,11965,4739,4739,0,3,11962,0,3,3,1,3,16,0,1048576,0.999499977,0,0,0.939819336,0.802780151,0.939819336,inf,123,4294967295,4294967295,4294967295,4294967295,4294967295,4294967295,4294967295,4294967295,4294967295
880,0.400000006,262,262,1,512,0,512,0,512,0,522,16704,10306,6398,6398,0,7,10299,0,7,7,39,7,16,0,1048576,0.999599993,0,0,1.17051697,1.03642273,1.17051697,inf,27,207,92,4294967295,4294967295,14,4294967295,4294967295,4294967295,4294967295
881,0.899999976,262,262,1,512,6,506,1,506,5,517,16704,11873,4831,4831,0,17,11856,0,17,13,767,10,16,0,1048576,0.999899983,0,0,1.28630066,1.18034363,1.28630066,1.46609497,5,8,4,6,5,227,5,7,4294967295,125
882,1,262,262,1,512,17,495,7,495,10,512,16704,9121,7583,7583,0,111,9010,0,111,21,1023,10,16,0,1048576,0.99970001,0,0,0.958343506,0.838027954,0.958343506,0.832290649,12,3,34,14,2,52,36,103,9,26
883,0.699999988,262,262,1,512,0,512,0,512,0,522,16704,11957,4747,4747,0,8,11949,0,8,8,254,8,16,0,1048576,0.999899983,0,0,1.38606262,1.29118347,1.38606262,inf,4294967295,81,49,219,234,70,95,166,4294967295,4294967295
884,1,262,262,1,512,89,423,29,423,60,462,16704,9768,6936,6936,0,413,9355,0,413,26,1023,10,16,0,1048576,0.999800026,0,0,0.727264404,0.637893677,0.727264404,0.537139893,11,9,5,12,12,11,25,11,9,26
885,0,262,262,1,512,0,512,0,512,0,522,16704,2029,14675,14675,0,0,2029,0,0,0,0,0,16,0,1048576,0.999499977,0,0,1.15997314,0.760192871,1.15997314,inf,4294967295,4294967295,4294967295,4294967295,4294967295,4294967295,4294967295,4294967295,4294967295,4294967295
886,0.5,262,262,1,512,2,510,1,510,1,521,16704,8425,8279,8279,0,5,8420,0,5,5,143,5,16,0,1048576,0.999599993,0,0,0.977233887,0.809432983,0.977233887,inf,31,65,48,89,4294967295,4294967295,4294967295,199,4294967295,4294967295
887,1,262,262,1,512,242,270,45,270,198,324,16704,8332,8372,8372,0,949,7383,0,949,38,1023,10,16,0,1048576,0.999599993,0,0,0.825912476,0.724395752,0.825912476,0.461791992,3,4,3,4,4,4,4,3,5,4
888,0.200000003,262,262,1,512,0,512,0,512,0,522,16704,4841,11863,11863,0,2,4839,0,2,2,3,2,16,0,1048576,0.999499977,0,0,1.36354065,1.1126709,1.36354065,inf,28,126,4294967295,4294967295,4294967295,4294967295,4294967295,4294967295,4294967295,4294967295
889,0.400000006,262,262,1,512,0,512,0,512,0,522,16704,12231,4473,4473,0,5,12226,0,7,7,153,7,16,0,1048576,0.99970001,0,0,1.3298645,1.16368103,1.3298645,inf,15,4294967295,4294967295,154,120,4294967295,4294967295,22,4294967295,4294967295
890,1,262,262,1,512,9,503,1,503,8,514,16704,8949,7755,7755,0,32,8917,0,32,13,1023,10,16,0,1048576,0.999300003,0,0,1.01829529,0.846374512,1.01829529,0.897918701,7,5,7,6,4,8,8,8,91,82
891,0.400000006,262,262,1,512,0,512,0,512,0,522,16704,10764,5940,5940,0,5,10759,0,6,6,27,6,16,0,1048576,0.999199986,0,0,0.938995361,0.77772522,0.938995361,inf,130,55,4294967295,112,138,4294967295,4294967295,4294967295,4294967295,4294967295
892,0.200000003,262,262,1,512,1,511,1,511,0,522,16704,12301,4403,4403,0,2,12299,0,2,2,5,2,16,0,1048576,0.99970001,0,0,0.927444458,0.856765747,0.927444458,inf,169,4294967295,105,4294967295,4294967295,4294967295,4294967295,4294967295,4294967295,4294967295
893,0.400000006,262,262,1,512,3,509,0,509,3,519,16704,9607,7097,7097,0,4,9603,0,4,4,15,4,16,0,1048576,0.999499977,0,0,1.23121643,1.10719299,1.23121643,inf,1,0,14,76,4294967295,4294967295,4294967295,4294967295,4294967295,4294967295
894,0.400000006,262,262,1,512,2,510,0,510,2,520,16704,7480,9224,9224,0,5,7475,0,5,5,71,5,16,0,1048576,0.99970001,0,0,1.00109863,0.85244751,1.00109863,inf,12,106,145,4294967295,4294967295,4294967295,243,4294967295,4294967295,4294967295
895,0.400000006,262,262,1,512,0,512,0,512,0,522,16704,9034,7670,7670,0,5,9029,0,5,5,275,5,16,0,1048576,0.999100029,0,0,1.1312561,0.985153198,1.1312561,inf,134,108,4294967295,4294967295,154,4294967295,4294967295,4294967295,225,4294967295
896,0.100000001,262,262,1,512,0,512,0,512,0,522,16704,11666,5038,5038,0,5,11661,0,5,5,1,5,16,0,1048576,0.99970001,0,0,1.12098694,0.990844727,1.12098694,inf,16,4294967295,4294967295,4294967295,4294967295,4294967295,4294967295,4294967295,4294967295,4294967295
897,1,262,262,1,512,53,459,4,459,49,473,16704,5489,11215,11215,0,100,5389,0,100,22,1023,10,16,0,1048576,0.999499977,0,0,1.0995636,0.873443604,1.0995636,0.497116089,5,6,6,6,4,5,6,6,4,5
898,0.100000001,262,262,1,512,0,512,0,512,0,522,16704,3252,13452,13452,0,1,3251,0,1,1,1,1,16,0,1048576,0.999800026,0,0,1.31932068,0.977737427,1.31932068,inf,164,4294967295,4294967295,4294967295,4294967295,4294967295,4294967295,4294967295,4294967295,4294967295
899,0,262,262,1,512,0,512,0,512,0,522,16704,2730,13974,13974,0,0,2730,0,0,0,0,0,16,0,1048576,0.99970001,0,0,1.10575867,0.738128662,1.10575867,inf,4294967295,4294967295,4294967295,4294967295,4294967295,4294967295,4294967295,4294967295,4294967295,4294967295
900,0.899999976,262,262,1,512,21,491,9,491,12,510,16704,13175,3529,3529,0,132,13043,0,132,33,767,10,16,0,1048576,0.99940002,0,0,1.21438599,1.14421082,1.21438599,1.12585449,77,7,35,225,101,31,37,56,4294967295,24
901,1,262,262,1,512,58,454,13,454,45,477,16704,10558,6146,6146,0,243,10315,0,244,26,1023,10,16,0,1048576,0.99940002,0,0,1.24745178,1.08831787,1.24745178,0.930343628,3,4,3,6,15,5,6,8,4,4
902,0.800000012,262,262,1,512,9,503,2,503,7,515,16704,12897,3807,3807,0,48,12849,0,48,18,879,10,16,0,1048576,0.999499977,0,0,1.03894043,0.950256348,1.03894043,0.99621582,34,38,118,35,4294967295,35,35,4294967295,119,119
903,0.100000001,262,262,1,512,0,512,0,512,0,522,16704,8653,8051,8051,0,1,8652,0,1,1,16,1,16,0,1048576,0.99940002,0,0,1.04423523,0.885482788,1.04423523,inf,4294967295,4294967295,4294967295,4294967295,150,4294967295,4294967295,4294967295,4294967295,4294967295
904,0.200000003,262,262,1,512,1,511,1,511,0,522,16704,4825,11879,11879,0,2,4823,0,2,2,3,2,16,0,1048576,0.999599993,0,0,1.2224884,0.935501099,1.2224884,inf,6,121,4294967295,4294967295,4294967295,4294967295,4294967295,4294967295,4294967295,4294967295
905,1,262,262,1,512,24,488,7,488,17,505,16704,10952,5752,5752,0,89,10863,0,89,15,1023,10,16,0,1048576,0.999300003,0,0,1.14826965,1.01623535,1.14826965,0.875793457,2,1,2,2,2,3,2,2,6,6
906,1,262,262,1,512,167,345,55,345,112,410,16704,11281,5423,5423,0,913,10368,0,913,36,1023,10,16,0,1048576,0.99940002,0,0,1.29125977,1.14012146,1.29125977,0.959274292,2,1,13,11,3,25,14,34,33,34
907,0.600000024,262,262,1,512,3,509,2,509,1,521,16704,10093,6611,6611,0,15,10078,0,16,14,207,10,16,0,1048576,0.999100029,0,0,0.636154175,0.556304932,0.636154175,0.827941895,7,184,216,18,4294967295,4294967295,69,53,4294967295,4294967295
908,1,262,262,1,512,12,500,1,500,11,511,16704,5539,11165,11165,0,18,5521,0,18,13,1023,10,16,0,1048576,0.99940002,0,0,1.01116943,0.811965942,1.01116943,0.646087646,2,3,2,1,2,2,3,2,1,2
909,0.5,262,262,1,512,8,504,4,504,4,518,16704,11325,5379,5379,0,38,11287,0,38,21,79,10,16,0,1048576,0.999499977,0,0,1.18548584,1.0927124,1.18548584,1.18339539,16,18,94,7,4294967295,4294967295,115,4294967295,4294967295,4294967295
910,1,262,262,1,512,52,460,17,460,35,487,16704,11441,5263,5263,0,208,11233,0,208,28,1023,10,16,0,1048576,0.999499977,0,0,1.27893066,1.14860535,1.27893066,0.962387085,7,6,7,5,8,14,7,76,16,9
911,0.699999988,262,262,1,512,1,511,0,511,1,521,16704,8625,8079,8079,0,22,8603,0,22,15,731,10,16,0,1048576,0.999199986,0,0,1.40562439,1.20960999,1.40562439,1.49935913,6,84,4294967295,81,103,4294967295,196,196,4294967295,53
912,0.899999976,262,262,1,512,3,509,0,509,3,519,16704,5990,10714,10714,0,11,5979,0,12,12,895,10,16,0,1048576,0.999100029,0,0,1.39968872,1.16140747,1.39968872,1.44796753,8,16,139,64,15,62,62,4294967295,171,192
913,0.5,262,262,1,512,4,508,1,508,3,519,16704,8799,7905,7905,0,23,8776,0,23,19,47,10,16,0,1048576,0.99940002,0,0,1.4593811,1.09532166,1.4593811,1.34892273,74,66,66,135,4294967295,186,4294967295,4294967295,4294967295,4294967295
914,1,262,262,1,512,7,505,4,505,3,519,16704,7858,8846,8846,0,26,7832,0,26,16,1023,10,16,0,1048576,0.999100029,0,0,1.11854553,0.973083496,1.11854553,1.04203796,29,12,32,26,95,59,32,32,29,209
915,1,262,262,1,512,9,503,2,503,7,515,16704,2200,14504,14504,0,13,2187,0,13,11,1023,10,16,0,1048576,0.99940002,0,0,1.36320496,0.995849609,1.36320496,1.2456665,9,8,8,27,8,8,8,67,12,67
916,0.100000001,262,262,1,512,0,512,0,512,0,522,16704,3239,13465,13465,0,1,3238,0,1,1,1,1,16,0,1048576,0.999800026,0,0,1.13734436,0.654830933,1.13734436,inf,241,4294967295,4294967295,4294967295,4294967295,4294967295,4294967295,4294967295,4294967295,4294967295
917,1,262,262,1,512,112,400,32,400,80,442,16704,9516,7188,7188,0,529,8987,0,529,30,1023,10,16,0,1048576,0.99940002,0,0,1.19876099,1.05406189,1.19876099,0.858840942,6,7,18,11,17,8,7,8,8,47
918,1,262,262,1,512,47,465,16,465,31,491,16704,12720,3984,3984,0,137,12583,0,138,22,1023,10,16,0,1048576,0.999499977,0,0,1.48733521,1.36294556,1.48733521,1.26747131,5,4,4,3,9,6,71,5,9,11
919,1,262,262,1,512,487,25,75,25,412,110,16704,2201,14503,14503,0,1118,1083,0,1118,44,1023,10,16,0,1048576,0.999300003,0,0,0.695220947,0.552459717,0.695220947,0.105117798,3,3,3,3,3,3,3,3,3,3
920,0.400000006,262,262,1,512,2,510,1,510,1,521,16704,8137,8567,8567,0,4,8133,0,4,4,15,4,16,0,1048576,0.99940002,0,0,0.982177734,0.793777466,0.982177734,inf,27,150,102,102,4294967295,4294967295,4294967295,4294967295,4294967295,4294967295
921,1,262,262,1,512,56,456,19,456,37,485,16704,10072,6632,6632,0,272,9800,0,272,29,1023,10,16,0,1048576,0.99940002,0,0,1.20158386,1.07167053,1.20158386,0.965942383,115,18,99,28,8,115,19,42,114,19
922,1,262,262,1,512,55,457,13,457,42,480,16704,4981,11723,11723,0,137,4844,0,137,27,1023,10,16,0,1048576,0.999199986,0,0,1.1736908,0.938217163,1.1736908,0.703689575,3,2,6,6,2,11,3,3,9,9
923,0.5,262,262,1,512,2,510,1,510,1,521,16704,8663,8041,8041,0,7,8656,0,7,7,271,7,16,0,1048576,0.999599993,0,0,0.704650879,0.561737061,0.704650879,inf,7,9,189,107,4294967295,4294967295,4294967295,4294967295,113,4294967295
924,0.699999988,262,262,1,512,3,509,1,509,2,520,16704,4551,12153,12153,0,7,4544,0,7,7,575,7,16,0,1048576,0.99940002,0,0,0.658447266,0.464279175,0.658447266,inf,31,30,19,33,29,69,4294967295,4294967295,4294967295,111
925,0.200000003,262,262,1,512,1,511,1,511,0,522,16704,6272,10432,10432,0,2,6270,0,2,2,3,2,16,0,1048576,0.999199986,0,0,0.930252075,0.698455811,0.930252075,inf,24,197,4294967295,4294967295,4294967295,4294967295,4294967295,4294967295,4294967295,4294967295
926,1,262,262,1,512,13,499,3,499,10,512,16704,5920,10784,10784,0,25,5895,0,25,13,1023,10,16,0,1048576,0.99940002,0,0,0.884689331,0.738937378,0.884689331,0.731719971,47,87,87,87,87,86,46,29,75,57
927,1,262,262,1,512,56,456,16,456,40,482,16704,9993,6711,6711,0,222,9771,0,222,22,1023,10,16,0,1048576,0.99940002,0,0,1.24858093,1.02801514,1.24858093,0.789581299,1,0,2,2,2,2,3,3,3,4
928,0.800000012,262,262,1,512,3,509,1,509,2,520,16704,10231,6473,6473,0,21,10210,0,21,15,503,10,16,0,1048576,0.99940002,0,0,1.0297699,0.850769043,1.0297699,1.04760742,3,4,20,4294967295,93,69,111,125,15,4294967295
929,0.100000001,262,262,1,512,0,512,0,512,0,522,16704,10407,6297,6297,0,11,10396,0,12,12,1,10,16,0,1048576,0.999499977,0,0,1.00660706,0.8855896,1.00660706,1.58676147,57,4294967295,4294967295,4294967295,4294967295,4294967295,4294967295,4294967295,4294967295,4294967295
930,1,262,262,1,512,25,487,2,487,23,499,16704,9414,7290,7290,0,97,9317,0,97,17,1023,10,16,0,1048576,0.99940002,0,0,1.2033844,0.978713989,1.2033844,0.920654297,3,7,7,2,3,4,7,4,4,4
931,0.899999976,262,262,1,512,2,510,0,510,2,520,16704,7422,9282,9282,0,13,7409,0,13,11,767,10,16,0,1048576,0.999000013,0,0,0.934555054,0.6875,0.934555054,0.935165405,20,14,59,44,44,127,34,87,4294967295,43
932,0.5,262,262,1,512,1,511,0,511,1,521,16704,10342,6362,6362,0,9,10333,0,9,9,535,9,16,0,1048576,0.99940002,0,0,1.7802124,1.57200623,1.7802124,inf,119,61,20,4294967295,225,4294967295,4294967295,4294967295,4294967295,35
933,0.300000012,262,262,1,512,3,509,2,509,1,521,16704,10745,5959,5959,0,4,10741,0,4,4,7,4,16,0,1048576,0.999300003,0,0,1.17230225,1.07144165,1.17230225,inf,11,119,119,4294967295,4294967295,4294967295,4294967295,4294967295,4294967295,4294967295
934,1,262,262,1,512,72,440,21,440,51,471,16704,8955,7749,7749,0,264,8691,0,264,22,1023,10,16,0,1048576,0.99940002,0,0,1.20016479,1.02220154,1.20016479,0.808258057,6,6,6,8,8,12,10,19,6,21
935,1,262,262,1,512,117,395,36,395,82,440,16704,4200,12504,12504,0,364,3836,0,365,30,1023,10,16,0,1048576,0.99940002,0,0,1.34317017,1.01989746,1.34317017,0.707077026,3,4,5,6,3,3,3,3,5,5
936,0.5,262,262,1,512,2,510,2,510,0,522,16704,11952,4752,4752,0,10,11942,0,10,10,47,10,16,0,1048576,0.999499977,0,0,0.980377197,0.884811401,0.980377197,1.451828,101,212,23,133,4294967295,47,4294967295,4294967295,4294967295,4294967295
937,1,261,262,3,512,512,0,0,0,512,8,16640,2118,14522,14522,0,1486,632,0,1487,28,1023,10,16,0,1048576,0.999100029,0,0,0.580627441,inf,0.580627441,0.287658691,3,4,4,5,5,5,4,4,5,4
938,0.300000012,262,262,1,512,1,511,1,511,0,522,16704,10199,6505,6505,0,7,10192,0,7,7,131,7,16,0,1048576,0.999100029,0,0,0.739425659,0.660293579,0.739425659,inf,29,70,4294967295,4294967295,4294967295,4294967295,4294967295,129,4294967295,4294967295
939,1,262,262,1,512,17,495,4,495,13,509,16704,9413,7291,7291,0,55,9358,0,56,18,1023,10,16,0,1048576,0.999199986,0,0,1.18765259,1.07572937,1.18765259,1.05177307,2,3,38,4,3,3,2,32,46,28
940,1,262,262,1,512,14,498,7,498,7,515,16704,4224,12480,12480,0,30,4194,0,31,16,1023,10,16,0,1048576,0.998899996,0,0,1.23408508,0.860397339,1.23408508,0.947357178,7,6,6,6,7,25,10,26,168,61
941,0.5,262,262,1,512,0,512,0,512,0,522,16704,10649,6055,6055,0,7,10642,0,7,7,241,7,16,0,1048576,0.999800026,0,0,0.969604492,0.819381714,0.969604492,inf,84,4294967295,4294967295,4294967295,185,173,219,62,4294967295,4294967295
942,0.800000012,262,262,1,512,2,510,0,510,2,520,16704,10445,6259,6259,0,30,10415,0,30,17,763,10,16,0,1048576,0.999499977,0,0,0.94039917,0.842941284,0.94039917,0.937667847,12,32,4294967295,73,14,11,26,47,4294967295,20
943,1,262,262,1,512,10,502,2,502,9,513,16704,4666,12038,12038,0,57,4609,0,57,23,1023,10,16,0,1048576,0.999300003,0,0,1.14916992,0.828460693,1.14916992,0.873855591,17,6,14,33,17,55,45,45,25,78
944,0.899999976,262,262,1,512,8,504,4,504,4,518,16704,9828,6876,6876,0,48,9780,0,48,20,767,10,16,0,1048576,0.999499977,0,0,1.5839386,1.39439392,1.5839386,1.5585022,71,71,14,14,3,2,145,7,4294967295,256
945,0.600000024,262,262,1,512,0,512,0,512,0,522,16704,8697,8007,8007,0,13,8684,0,13,12,189,10,16,0,1048576,0.999199986,0,0,1.20930481,0.935043335,1.20930481,1.36419678,54,4294967295,179,79,123,42,4294967295,66,4294967295,4294967295
946,0.600000024,262,262,1,512,2,510,1,510,1,521,16704,11200,5504,5504,0,19,11181,0,19,16,371,10,16,0,1048576,0.99879998,0,0,1.29103088,1.17332458,1.29103088,1.42471313,6,172,4294967295,4294967295,27,38,224,4294967295,67,4294967295
947,1,262,262,1,512,24,488,8,488,16,506,16704,7679,9025,9025,0,152,7527,0,153,21,1023,10,16,0,1048576,0.999000013,0,0,1.04943848,0.857040405,1.04943848,0.776184082,11,11,2,7,2,2,7,3,31,23
948,0.300000012,262,262,1,512,1,511,1,511,0,522,16704,8109,8595,8595,0,4,8105,0,4,4,49,4,16,0,1048576,0.99940002,0,0,1.51629639,1.11434937,1.51629639,inf,184,4294967295,4294967295,4294967295,116,73,4294967295,4294967295,4294967295,4294967295
949,0.300000012,262,262,1,512,1,511,0,511,1,521,16704,4837,11867,11867,0,3,4834,0,4,4,35,4,16,0,1048576,0.999100029,0,0,1.2321167,0.949935913,1.2321167,inf,7,56,4294967295,4294967295,4294967295,254,4294967295,4294967295,4294967295,4294967295
950,0.899999976,262,262,1,512,19,493,7,493,12,510,16704,11956,4748,4748,0,91,11865,0,92,29,511,10,16,0,1048576,0.998600006,0,0,1.31790161,1.22026062,1.31790161,1.20681763,32,11,131,188,89,30,5,5,5,4294967295
951,0.200000003,262,262,1,512,0,512,0,512,0,522,16704,10629,6075,6075,0,3,10626,0,4,4,3,4,16,0,1048576,0.998300016,0,0,1.18461609,1.05917358,1.18461609,inf,101,56,4294967295,4294967295,4294967295,4294967295,4294967295,4294967295,4294967295,4294967295
952,0.800000012,262,262,1,512,5,507,2,507,3,519,16704,2929,13775,13775,0,8,2921,0,10,10,255,10,16,0,1048576,0.998300016,0,0,1.33540344,0.914886475,1.33540344,2.91542053,14,8,8,20,57,79,187,187,4294967295,4294967295
953,0.400000006,262,262,1,512,1,511,1,511,0,522,16704,7510,9194,9194,0,9,7501,0,9,9,263,9,16,0,1048576,0.997799993,0,0,0.692581177,0.564407349,0.692581177,inf,5,78,147,4294967295,4294967295,4294967295,4294967295,4294967295,147,4294967295
954,1,262,262,1,512,44,468,25,468,19,503,16704,6382,10322,10322,0,181,6201,0,181,20,1023,10,16,0,1048576,0.998399973,0,0,0.887207031,0.696411133,0.887207031,0.634963989,6,5,5,6,7,8,11,8,35,7
955,0.899999976,262,262,1,512,14,498,8,498,6,516,16704,11655,5049,5049,0,108,11547,0,109,29,895,10,16,0,1048576,0.998000026,0,0,1.15510559,1.05389404,1.15510559,1.09536743,28,28,50,47,163,43,21,4294967295,83,224
956,0.300000012,262,262,1,512,1,511,1,511,0,522,16704,9246,7458,7458,0,5,9241,0,7,7,7,7,16,0,1048576,0.999100029,0,0,1.29855347,1.15675354,1.29855347,inf,169,189,193,4294967295,4294967295,4294967295,4294967295,4294967295,4294967295,4294967295
957,0.5,262,262,1,512,1,511,1,511,0,522,16704,4589,12115,12115,0,5,4584,0,5,5,271,5,16,0,1048576,0.99849999,0,0,1.61167908,1.27655029,1.61167908,inf,242,35,131,222,4294967295,4294967295,4294967295,4294967295,106,4294967295
958,1,262,262,1,512,5,507,1,507,4,518,16704,5098,11606,11606,0,20,5078,0,22,19,1023,10,16,0,1048576,0.997900009,0,0,0.905944824,0.703369141,0.905944824,0.85975647,2,28,2,12,216,92,24,48,16,56
959,1,262,262,1,512,8,504,3,504,5,517,16704,8471,8233,8233,0,57,8414,0,57,27,1023,10,16,0,1048576,0.998099983,0,0,0.702850342,0.552825928,0.702850342,0.615661621,7,122,8,3,68,17,117,62,48,70
960,0.800000012,262,262,1,512,1,511,0,511,1,521,16704,10929,5775,5775,0,27,10902,0,28,22,759,10,16,0,1048576,0.998099983,0,0,1.04216003,0.932952881,1.04216003,1.08940125,180,102,128,4294967295,31,205,205,27,4294967295,128
961,0.400000006,262,262,1,512,2,510,0,510,2,520,16704,10020,6684,6684,0,5,10015,0,7,7,23,7,16,0,1048576,0.997799993,0,0,1.10964966,0.977661133,1.10964966,inf,15,189,204,4294967295,40,4294967295,4294967295,4294967295,4294967295,4294967295
962,1,262,262,1,512,112,400,26,400,86,436,16704,7893,8811,8811,0,403,7490,0,403,28,1023,10,16,0,1048576,0.997699976,0,0,1.0977478,0.998962402,1.0977478,0.645812988,4,6,4,5,5,4,4,5,5,6
963,1,262,262,1,512,12,500,3,500,9,513,16704,10361,6343,6343,0,62,10299,0,63,25,1023,10,16,0,1048576,0.99879998,0,0,0.926116943,0.829330444,0.926116943,0.829986572,15,19,49,16,38,40,62,47,33,77
964,0.699999988,262,262,1,512,3,509,2,509,1,521,16704,5348,11356,11356,0,8,5340,0,8,8,575,8,16,0,1048576,0.999300003,0,0,1.67344666,1.45217896,1.67344666,inf,22,45,103,101,196,215,4294967295,4294967295,4294967295,25
965,1,262,262,1,512,53,459,2,459,51,471,16704,6572,10132,10132,0,56,6516,0,56,19,1023,10,16,0,1048576,0.999000013,0,0,1.19847107,1.06681824,1.19847107,0.256317139,4,4,4,5,4,5,4,4,3,4
966,0.800000012,262,262,1,512,6,506,6,506,0,522,16704,7210,9494,9494,0,17,7193,0,18,13,383,10,16,0,1048576,0.99879998,0,0,0.637786865,0.490859985,0.637786865,0.683364868,24,17,17,160,160,160,85,4294967295,3,4294967295
967,0.699999988,262,262,1,512,3,509,1,509,2,520,16704,10757,5947,5947,0,27,10730,0,28,17,947,10,16,0,1048576,0.998300016,0,0,0.758178711,0.677825928,0.758178711,0.785339355,18,15,4294967295,4294967295,52,8,4294967295,29,2,248
968,0.800000012,262,262,1,512,3,509,1,509,2,520,16704,7261,9443,9443,0,9,7252,0,10,10,639,10,16,0,1048576,0.998600006,0,0,1.53173828,1.34121704,1.53173828,2.93057251,1,0,122,17,17,80,237,4294967295,4294967295,173
969,0.699999988,262,262,1,512,4,508,1,508,3,519,16704,11604,5100,5100,0,40,11564,0,40,22,855,10,16,0,1048576,0.997200012,0,0,1.40202332,1.25282288,1.40202332,1.36419678,14,65,100,4294967295,91,4294967295,171,4294967295,12,190
970,1,262,262,1,512,5,507,2,507,3,519,16704,6666,10038,10038,0,31,6635,0,33,14,1023,10,16,0,1048576,0.99849999,0,0,0.982254028,0.776123047,0.982254028,0.866195679,15,9,16,6,40,101,56,34,50,19
971,0.200000003,262,262,1,512,0,512,0,512,0,522,16704,9324,7380,7380,0,2,9322,0,2,2,6,2,16,0,1048576,0.998199999,0,0,0.84336853,0.733795166,0.84336853,inf,4294967295,100,100,4294967295,4294967295,4294967295,4294967295,4294967295,4294967295,4294967295
972,1,262,262,1,512,18,494,5,494,13,509,16704,4893,11811,11811,0,53,4840,0,54,18,1023,10,16,0,1048576,0.998000026,0,0,0.841369629,0.653533936,0.841369629,0.623245239,3,8,20,8,23,8,21,14,7,6
973,0.899999976,262,262,1,512,7,505,3,505,4,518,16704,7148,9556,9556,0,46,7102,0,46,17,511,10,16,0,1048576,0.999199986,0,0,1.35914612,1.17245483,1.35914612,1.32077026,6,6,11,24,92,224,17,174,49,4294967295
974,1,262,262,1,512,5,507,1,507,4,518,16704,3266,13438,13438,0,14,3252,0,14,13,1023,10,16,0,1048576,0.998399973,0,0,1.52560425,1.13156128,1.52560425,1.41377258,4,9,27,8,14,8,14,229,24,175
975,0.899999976,262,262,1,512,1,511,0,511,1,521,16704,11554,5150,5150,0,17,11537,0,18,13,767,10,16,0,1048576,0.997799993,0,0,1.32878113,1.20043945,1.32878113,1.40603638,38,151,55,130,130,193,102,20,4294967295,99
976,1,262,262,1,512,6,506,1,506,5,517,16704,9535,7169,7169,0,27,9508,0,27,14,1023,10,16,0,1048576,0.998399973,0,0,0.99710083,0.873260498,0.99710083,0.960006714,17,3,34,44,212,40,42,18,11,143
977,0.899999976,262,262,1,512,4,508,0,508,4,518,16704,6853,9851,9851,0,34,6819,0,39,21,767,10,16,0,1048576,0.996100008,0,0,1.11734009,0.867630005,1.11734009,0.996948242,3,71,31,24,81,51,15,55,4294967295,26
978,0.5,262,262,1,512,0,512,0,512,0,522,16704,6894,9810,9810,0,5,6889,0,5,5,527,5,16,0,1048576,0.999100029,0,0,0.972320557,0.809066772,0.972320557,inf,26,36,23,146,4294967295,4294967295,4294967295,4294967295,4294967295,88
979,1,262,262,1,512,17,495,3,495,14,508,16704,3484,13220,13220,0,54,3430,0,55,19,1023,10,16,0,1048576,0.999000013,0,0,1.10147095,0.838287354,1.10147095,0.775619507,6,3,9,22,11,91,12,7,5,4
980,1,262,262,1,512,10,502,2,502,8,514,16704,11384,5320,5320,0,155,11229,0,155,34,1023,10,16,0,1048576,0.998899996,0,0,1.37631226,1.25265503,1.37631226,1.2809906,13,15,77,90,20,50,99,99,138,8
981,1,262,262,1,512,45,467,21,467,24,498,16704,4781,11923,11923,0,193,4588,0,194,26,1023,10,16,0,1048576,0.99879998,0,0,1.01557922,0.760818481,1.01557922,0.614776611,3,7,4,7,4,10,9,11,5,8
982,0.899999976,262,262,1,512,5,507,4,507,1,521,16704,10859,5845,5845,0,40,10819,0,43,23,511,10,16,0,1048576,0.995100021,0,0,1.03791809,0.92868042,1.03791809,1.04437256,25,72,72,164,164,42,127,106,217,4294967295
983,1,261,262,3,512,512,0,0,0,519,1,16640,2093,14547,14547,0,1334,759,0,1337,65,1023,10,16,0,1048576,0.998000026,0,0,0.190246582,inf,0.190246582,0.0942687988,5,5,5,4,5,5,6,6,6,5
984,0.699999988,262,262,1,512,3,509,2,509,1,521,16704,6789,9915,9915,0,16,6773,0,16,14,319,10,16,0,1048576,0.998899996,0,0,0.99230957,0.788284302,0.99230957,1.15783691,20,57,9,16,169,16,4294967295,4294967295,247,4294967295
985,0.200000003,262,262,1,512,2,510,1,510,1,521,16704,5267,11437,11437,0,4,5263,0,5,5,3,5,16,0,1048576,0.998700023,0,0,1.30911255,1.05032349,1.30911255,inf,85,241,4294967295,4294967295,4294967295,4294967295,4294967295,4294967295,4294967295,4294967295
986,0.899999976,262,262,1,512,7,505,0,505,7,515,16704,5223,11481,11481,0,14,5209,0,16,14,511,10,16,0,1048576,0.997799993,0,0,0.999908447,0.752502441,0.999908447,0.977325439,7,8,8,8,35,15,91,12,109,4294967295
987,1,262,262,1,512,331,181,130,181,203,319,16704,6260,10444,10444,0,2255,4005,0,2257,54,1023,10,16,0,1048576,0.998600006,0,0,0.540542603,0.427017212,0.540542603,0.330505371,6,27,27,7,2,18,7,10,7,7
988,0.300000012,262,262,1,512,1,511,0,511,1,521,16704,7640,9064,9064,0,6,7634,0,6,6,13,6,16,0,1048576,0.998600006,0,0,1.15168762,0.958023071,1.15168762,inf,105,4294967295,22,145,4294967295,4294967295,4294967295,4294967295,4294967295,4294967295
989,1,262,262,1,512,6,506,2,506,4,518,16704,8096,8608,8608,0,43,8053,0,45,20,1023,10,16,0,1048576,0.996500015,0,0,1.35801697,1.04824829,1.35801697,1.19648743,30,51,75,202,108,28,15,84,60,78
990,1,262,262,1,512,11,501,4,501,7,515,16704,10046,6658,6658,0,39,10007,0,39,19,1023,10,16,0,1048576,0.997300029,0,0,1.05526733,0.894821167,1.05526733,0.936828613,9,52,39,53,96,104,55,68,248,118
991,1,262,262,1,512,129,383,15,383,114,408,16704,10185,6519,6519,0,272,9913,0,272,24,1023,10,16,0,1048576,0.999300003,0,0,1.03083801,0.923492432,1.03083801,0.452880859,10,11,11,11,11,11,11,11,11,11
992,1,262,262,1,512,13,499,1,499,12,510,16704,6773,9931,9931,0,28,6745,0,30,13,1023,10,16,0,1048576,0.997799993,0,0,1.07853699,0.826797485,1.07853699,0.688903809,4,4,3,3,4,4,4,3,2,9
993,0.5,262,262,1,512,2,510,1,510,1,521,16704,4732,11972,11972,0,5,4727,0,5,5,611,5,16,0,1048576,0.998600006,0,0,1.71240234,1.36322021,1.71240234,inf,183,238,4294967295,4294967295,4294967295,18,178,4294967295,4294967295,108
994,0.300000012,262,262,1,512,1,511,1,511,0,522,16704,7448,9256,9256,0,3,7445,0,3,3,19,3,16,0,1048576,0.997600019,0,0,0.990982056,0.872009277,0.990982056,inf,57,23,4294967295,4294967295,34,4294967295,4294967295,4294967295,4294967295,4294967295
995,0.800000012,262,262,1,512,5,507,3,507,2,520,16704,10010,6694,6694,0,67,9943,0,68,28,383,10,16,0,1048576,0.998899996,0,0,0.915908813,0.806335449,0.915908813,0.877578735,48,75,179,84,80,12,108,4294967295,18,4294967295
996,0.400000006,262,262,1,512,0,512,0,512,0,522,16704,9408,7296,7296,0,17,9391,0,18,17,54,10,16,0,1048576,0.998000026,0,0,0.812103271,0.700164795,0.812103271,0.973617554,4294967295,11,11,4294967295,75,75,4294967295,4294967295,4294967295,4294967295
997,0.600000024,262,262,1,512,3,509,1,509,2,520,16704,7968,8736,8736,0,8,7960,0,12,12,111,10,16,0,1048576,0.998099983,0,0,0.658432007,0.500015259,0.658432007,2.34889221,3,30,83,29,4294967295,104,225,4294967295,4294967295,4294967295
998,0.200000003,262,262,1,512,1,511,1,511,0,522,16704,13290,3414,3414,0,19,13271,0,20,19,513,10,16,0,1048576,0.998899996,0,0,1.24060059,1.17736816,1.24060059,1.426651,252,4294967295,4294967295,4294967295,4294967295,4294967295,4294967295,4294967295,4294967295,203
999,0.800000012,262,262,1,512,1,511,1,511,0,522,16704,9184,7520,7520,0,11,9173,0,11,11,639,10,16,0,1048576,0.998700023,0,0,1.55020142,1.38937378,1.55020142,1.92100525,251,103,72,140,85,56,162,4294967295,4294967295,205
