dataset,dataset_title,selectivity_percent,batch_size,workload,formula,formula_label,B,p,k,P_short,multiplier,delta_d,favor_delta_d,D_current,D_test,search_width,recall,value
sift,SIFT-1M,1,10000,throughput,default,Default CAGRA,512,0.01,10,0.9643819583183106,,1087.3199462890625,,53821.286123782396,,1,0.78369,66105.28275709989
sift,SIFT-1M,1,10000,throughput,default,Default CAGRA,512,0.01,10,0.9643819583183106,,1087.3199462890625,,53821.286123782396,,2,0.77242,75892.41098551314
sift,SIFT-1M,1,10000,throughput,default,Default CAGRA,512,0.01,10,0.9643819583183106,,1087.3199462890625,,53821.286123782396,,4,0.75028,84498.37438559042
sift,SIFT-1M,1,10000,throughput,current,FAVOR: current penalty,512,0.01,10,0.9643819583183106,1.0,1087.3199462890625,1087.3199462890625,53821.286123782396,53821.286123782396,1,0.9545,71116.24791609102
sift,SIFT-1M,1,10000,throughput,current,FAVOR: current penalty,512,0.01,10,0.9643819583183106,1.0,1087.3199462890625,1087.3199462890625,53821.286123782396,53821.286123782396,2,0.95463,81717.6884873042
sift,SIFT-1M,1,10000,throughput,current,FAVOR: current penalty,512,0.01,10,0.9643819583183106,1.0,1087.3199462890625,1087.3199462890625,53821.286123782396,53821.286123782396,4,0.95473,87036.38670838493
sift,SIFT-1M,1,10000,throughput,zero,FAVOR: zero penalty,512,0.01,10,0.9643819583183106,0.0,1087.3199462890625,0.0,53821.286123782396,0.0,1,0.50874,72163.3385366185
sift,SIFT-1M,1,10000,throughput,zero,FAVOR: zero penalty,512,0.01,10,0.9643819583183106,0.0,1087.3199462890625,0.0,53821.286123782396,0.0,2,0.50882,84034.59220521672
sift,SIFT-1M,1,10000,throughput,zero,FAVOR: zero penalty,512,0.01,10,0.9643819583183106,0.0,1087.3199462890625,0.0,53821.286123782396,0.0,4,0.50906,89296.84570094476
sift,SIFT-1M,1,10000,throughput,hard05,"FAVOR: hard gate, epsilon=0.05",512,0.01,10,0.9643819583183106,1.0,1087.3199462890625,1087.3199462890625,53821.286123782396,53821.286123782396,1,0.9545,71189.97061095685
sift,SIFT-1M,1,10000,throughput,hard05,"FAVOR: hard gate, epsilon=0.05",512,0.01,10,0.9643819583183106,1.0,1087.3199462890625,1087.3199462890625,53821.286123782396,53821.286123782396,2,0.95463,81813.16663417811
sift,SIFT-1M,1,10000,throughput,hard05,"FAVOR: hard gate, epsilon=0.05",512,0.01,10,0.9643819583183106,1.0,1087.3199462890625,1087.3199462890625,53821.286123782396,53821.286123782396,4,0.95473,86912.31965230679
sift,SIFT-1M,1,10000,throughput,hard10,"FAVOR: hard gate, epsilon=0.10",512,0.01,10,0.9643819583183106,1.0,1087.3199462890625,1087.3199462890625,53821.286123782396,53821.286123782396,1,0.9545,71204.77456450493
sift,SIFT-1M,1,10000,throughput,hard10,"FAVOR: hard gate, epsilon=0.10",512,0.01,10,0.9643819583183106,1.0,1087.3199462890625,1087.3199462890625,53821.286123782396,53821.286123782396,2,0.95463,81682.77995091108
sift,SIFT-1M,1,10000,throughput,hard10,"FAVOR: hard gate, epsilon=0.10",512,0.01,10,0.9643819583183106,1.0,1087.3199462890625,1087.3199462890625,53821.286123782396,53821.286123782396,4,0.95473,87099.12914024216
sift,SIFT-1M,1,10000,throughput,smooth2,"FAVOR: smooth gate, r=2",512,0.01,10,0.9643819583183106,0.9300325615298598,1087.3199462890625,1011.2429548497264,53821.286123782396,50055.54859853284,1,0.95496,71234.88428948824
sift,SIFT-1M,1,10000,throughput,smooth2,"FAVOR: smooth gate, r=2",512,0.01,10,0.9643819583183106,0.9300325615298598,1087.3199462890625,1011.2429548497264,53821.286123782396,50055.54859853284,2,0.95504,81893.68700922787
sift,SIFT-1M,1,10000,throughput,smooth2,"FAVOR: smooth gate, r=2",512,0.01,10,0.9643819583183106,0.9300325615298598,1087.3199462890625,1011.2429548497264,53821.286123782396,50055.54859853284,4,0.95517,87102.24531559407
sift,SIFT-1M,1,10000,throughput,smooth4,"FAVOR: smooth gate, r=4",512,0.01,10,0.9643819583183106,0.8649605655057925,1087.3199462890625,940.4888756279154,53821.286123782396,46553.290081875886,1,0.95541,71606.84151940721
sift,SIFT-1M,1,10000,throughput,smooth4,"FAVOR: smooth gate, r=4",512,0.01,10,0.9643819583183106,0.8649605655057925,1087.3199462890625,940.4888756279154,53821.286123782396,46553.290081875886,2,0.9555,81971.61909733036
sift,SIFT-1M,1,10000,throughput,smooth4,"FAVOR: smooth gate, r=4",512,0.01,10,0.9643819583183106,0.8649605655057925,1087.3199462890625,940.4888756279154,53821.286123782396,46553.290081875886,4,0.95562,87323.88002268304
sift,SIFT-1M,2,10000,throughput,default,Default CAGRA,512,0.02,10,0.42675727707131905,,1087.3199462890625,,26638.298084914684,,1,0.9438,66080.13148789303
sift,SIFT-1M,2,10000,throughput,default,Default CAGRA,512,0.02,10,0.42675727707131905,,1087.3199462890625,,26638.298084914684,,2,0.85395,75936.3004721901
sift,SIFT-1M,2,10000,throughput,default,Default CAGRA,512,0.02,10,0.42675727707131905,,1087.3199462890625,,26638.298084914684,,4,0.84408,84518.23675171065
sift,SIFT-1M,2,10000,throughput,current,FAVOR: current penalty,512,0.02,10,0.42675727707131905,1.0,1087.3199462890625,1087.3199462890625,26638.298084914684,26638.298084914684,1,0.9832,71432.43234975454
sift,SIFT-1M,2,10000,throughput,current,FAVOR: current penalty,512,0.02,10,0.42675727707131905,1.0,1087.3199462890625,1087.3199462890625,26638.298084914684,26638.298084914684,2,0.98324,82220.2378122072
sift,SIFT-1M,2,10000,throughput,current,FAVOR: current penalty,512,0.02,10,0.42675727707131905,1.0,1087.3199462890625,1087.3199462890625,26638.298084914684,26638.298084914684,4,0.98331,87337.51913561567
sift,SIFT-1M,2,10000,throughput,zero,FAVOR: zero penalty,512,0.02,10,0.42675727707131905,0.0,1087.3199462890625,0.0,26638.298084914684,0.0,1,0.87583,72282.79321557234
sift,SIFT-1M,2,10000,throughput,zero,FAVOR: zero penalty,512,0.02,10,0.42675727707131905,0.0,1087.3199462890625,0.0,26638.298084914684,0.0,2,0.87593,84075.11298768513
sift,SIFT-1M,2,10000,throughput,zero,FAVOR: zero penalty,512,0.02,10,0.42675727707131905,0.0,1087.3199462890625,0.0,26638.298084914684,0.0,4,0.87594,89503.77625689398
sift,SIFT-1M,2,10000,throughput,hard05,"FAVOR: hard gate, epsilon=0.05",512,0.02,10,0.42675727707131905,1.0,1087.3199462890625,1087.3199462890625,26638.298084914684,26638.298084914684,1,0.9832,71446.49352702139
sift,SIFT-1M,2,10000,throughput,hard05,"FAVOR: hard gate, epsilon=0.05",512,0.02,10,0.42675727707131905,1.0,1087.3199462890625,1087.3199462890625,26638.298084914684,26638.298084914684,2,0.98324,82211.45120442846
sift,SIFT-1M,2,10000,throughput,hard05,"FAVOR: hard gate, epsilon=0.05",512,0.02,10,0.42675727707131905,1.0,1087.3199462890625,1087.3199462890625,26638.298084914684,26638.298084914684,4,0.98331,87345.76179760855
sift,SIFT-1M,2,10000,throughput,hard10,"FAVOR: hard gate, epsilon=0.10",512,0.02,10,0.42675727707131905,1.0,1087.3199462890625,1087.3199462890625,26638.298084914684,26638.298084914684,1,0.9832,71619.3631115931
sift,SIFT-1M,2,10000,throughput,hard10,"FAVOR: hard gate, epsilon=0.10",512,0.02,10,0.42675727707131905,1.0,1087.3199462890625,1087.3199462890625,26638.298084914684,26638.298084914684,2,0.98324,82037.41966361833
sift,SIFT-1M,2,10000,throughput,hard10,"FAVOR: hard gate, epsilon=0.10",512,0.02,10,0.42675727707131905,1.0,1087.3199462890625,1087.3199462890625,26638.298084914684,26638.298084914684,4,0.98331,87556.09138705944
sift,SIFT-1M,2,10000,throughput,smooth2,"FAVOR: smooth gate, r=2",512,0.02,10,0.42675727707131905,0.1821217735333266,1087.3199462890625,198.02463701632547,26638.298084914684,4851.414091134079,1,0.97427,72151.01724813387
sift,SIFT-1M,2,10000,throughput,smooth2,"FAVOR: smooth gate, r=2",512,0.02,10,0.42675727707131905,0.1821217735333266,1087.3199462890625,198.02463701632547,26638.298084914684,4851.414091134079,2,0.97429,83932.62310872304
sift,SIFT-1M,2,10000,throughput,smooth2,"FAVOR: smooth gate, r=2",512,0.02,10,0.42675727707131905,0.1821217735333266,1087.3199462890625,198.02463701632547,26638.298084914684,4851.414091134079,4,0.97434,89187.04593173096
sift,SIFT-1M,2,10000,throughput,smooth4,"FAVOR: smooth gate, r=4",512,0.02,10,0.42675727707131905,0.03316834039492429,1087.3199462890625,36.064598096706426,26638.298084914684,883.5481384219102,1,0.9167,72162.40197878667
sift,SIFT-1M,2,10000,throughput,smooth4,"FAVOR: smooth gate, r=4",512,0.02,10,0.42675727707131905,0.03316834039492429,1087.3199462890625,36.064598096706426,26638.298084914684,883.5481384219102,2,0.91668,83972.57561734643
sift,SIFT-1M,2,10000,throughput,smooth4,"FAVOR: smooth gate, r=4",512,0.02,10,0.42675727707131905,0.03316834039492429,1087.3199462890625,36.064598096706426,26638.298084914684,883.5481384219102,4,0.91676,89426.78983700128
sift,SIFT-1M,3,10000,throughput,default,Default CAGRA,512,0.03,10,0.056323923702620945,,1087.3199462890625,,17577.30915086468,,1,0.9562,65884.88865206717
sift,SIFT-1M,3,10000,throughput,default,Default CAGRA,512,0.03,10,0.056323923702620945,,1087.3199462890625,,17577.30915086468,,2,0.83597,75874.80923080238
sift,SIFT-1M,3,10000,throughput,default,Default CAGRA,512,0.03,10,0.056323923702620945,,1087.3199462890625,,17577.30915086468,,4,0.88174,84559.71235535773
sift,SIFT-1M,3,10000,throughput,current,FAVOR: current penalty,512,0.03,10,0.056323923702620945,1.0,1087.3199462890625,1087.3199462890625,17577.30915086468,17577.30915086468,1,0.98954,71540.8568514315
sift,SIFT-1M,3,10000,throughput,current,FAVOR: current penalty,512,0.03,10,0.056323923702620945,1.0,1087.3199462890625,1087.3199462890625,17577.30915086468,17577.30915086468,2,0.98958,82857.10316452636
sift,SIFT-1M,3,10000,throughput,current,FAVOR: current penalty,512,0.03,10,0.056323923702620945,1.0,1087.3199462890625,1087.3199462890625,17577.30915086468,17577.30915086468,4,0.98957,87943.32344528759
sift,SIFT-1M,3,10000,throughput,zero,FAVOR: zero penalty,512,0.03,10,0.056323923702620945,0.0,1087.3199462890625,0.0,17577.30915086468,0.0,1,0.97257,72498.17454309574
sift,SIFT-1M,3,10000,throughput,zero,FAVOR: zero penalty,512,0.03,10,0.056323923702620945,0.0,1087.3199462890625,0.0,17577.30915086468,0.0,2,0.97262,84031.35554517823
sift,SIFT-1M,3,10000,throughput,zero,FAVOR: zero penalty,512,0.03,10,0.056323923702620945,0.0,1087.3199462890625,0.0,17577.30915086468,0.0,4,0.9726,89640.04337341138
sift,SIFT-1M,3,10000,throughput,hard05,"FAVOR: hard gate, epsilon=0.05",512,0.03,10,0.056323923702620945,1.0,1087.3199462890625,1087.3199462890625,17577.30915086468,17577.30915086468,1,0.98954,71681.99750271474
sift,SIFT-1M,3,10000,throughput,hard05,"FAVOR: hard gate, epsilon=0.05",512,0.03,10,0.056323923702620945,1.0,1087.3199462890625,1087.3199462890625,17577.30915086468,17577.30915086468,2,0.98958,82865.71554055235
sift,SIFT-1M,3,10000,throughput,hard05,"FAVOR: hard gate, epsilon=0.05",512,0.03,10,0.056323923702620945,1.0,1087.3199462890625,1087.3199462890625,17577.30915086468,17577.30915086468,4,0.98957,88154.76887722088
sift,SIFT-1M,3,10000,throughput,hard10,"FAVOR: hard gate, epsilon=0.10",512,0.03,10,0.056323923702620945,0.0,1087.3199462890625,0.0,17577.30915086468,0.0,1,0.97257,72387.71302548514
sift,SIFT-1M,3,10000,throughput,hard10,"FAVOR: hard gate, epsilon=0.10",512,0.03,10,0.056323923702620945,0.0,1087.3199462890625,0.0,17577.30915086468,0.0,2,0.97262,84034.89267473314
sift,SIFT-1M,3,10000,throughput,hard10,"FAVOR: hard gate, epsilon=0.10",512,0.03,10,0.056323923702620945,0.0,1087.3199462890625,0.0,17577.30915086468,0.0,4,0.9726,89433.35091407312
sift,SIFT-1M,3,10000,throughput,smooth2,"FAVOR: smooth gate, r=2",512,0.03,10,0.056323923702620945,0.0031723843812586656,1087.3199462890625,3.449396815038433,17577.30915086468,55.76198101475813,1,0.97314,72183.74122925244
sift,SIFT-1M,3,10000,throughput,smooth2,"FAVOR: smooth gate, r=2",512,0.03,10,0.056323923702620945,0.0031723843812586656,1087.3199462890625,3.449396815038433,17577.30915086468,55.76198101475813,2,0.97313,84149.56660215565
sift,SIFT-1M,3,10000,throughput,smooth2,"FAVOR: smooth gate, r=2",512,0.03,10,0.056323923702620945,0.0031723843812586656,1087.3199462890625,3.449396815038433,17577.30915086468,55.76198101475813,4,0.97314,89211.17158487187
sift,SIFT-1M,3,10000,throughput,smooth4,"FAVOR: smooth gate, r=4",512,0.03,10,0.056323923702620945,1.0064022662453927e-05,1087.3199462890625,0.01094281258079131,17577.30915086468,0.1768984376392609,1,0.97257,72257.60799131605
sift,SIFT-1M,3,10000,throughput,smooth4,"FAVOR: smooth gate, r=4",512,0.03,10,0.056323923702620945,1.0064022662453927e-05,1087.3199462890625,0.01094281258079131,17577.30915086468,0.1768984376392609,2,0.97262,83983.0538852298
sift,SIFT-1M,3,10000,throughput,smooth4,"FAVOR: smooth gate, r=4",512,0.03,10,0.056323923702620945,1.0064022662453927e-05,1087.3199462890625,0.01094281258079131,17577.30915086468,0.1768984376392609,4,0.97258,89346.22840325182
sift,SIFT-1M,4,10000,throughput,default,Default CAGRA,512,0.04,10,0.0032767871219688523,,1087.3199462890625,,13046.819993019102,,1,0.95466,65959.25715055088
sift,SIFT-1M,4,10000,throughput,default,Default CAGRA,512,0.04,10,0.0032767871219688523,,1087.3199462890625,,13046.819993019102,,2,0.86102,75839.22156176208
sift,SIFT-1M,4,10000,throughput,default,Default CAGRA,512,0.04,10,0.0032767871219688523,,1087.3199462890625,,13046.819993019102,,4,0.93313,84567.06676243343
sift,SIFT-1M,4,10000,throughput,current,FAVOR: current penalty,512,0.04,10,0.0032767871219688523,1.0,1087.3199462890625,1087.3199462890625,13046.819993019102,13046.819993019102,1,0.99026,71752.82835099469
sift,SIFT-1M,4,10000,throughput,current,FAVOR: current penalty,512,0.04,10,0.0032767871219688523,1.0,1087.3199462890625,1087.3199462890625,13046.819993019102,13046.819993019102,2,0.99027,83334.85524205652
sift,SIFT-1M,4,10000,throughput,current,FAVOR: current penalty,512,0.04,10,0.0032767871219688523,1.0,1087.3199462890625,1087.3199462890625,13046.819993019102,13046.819993019102,4,0.99026,88578.60865078901
sift,SIFT-1M,4,10000,throughput,zero,FAVOR: zero penalty,512,0.04,10,0.0032767871219688523,0.0,1087.3199462890625,0.0,13046.819993019102,0.0,1,0.98268,72287.48513472603
sift,SIFT-1M,4,10000,throughput,zero,FAVOR: zero penalty,512,0.04,10,0.0032767871219688523,0.0,1087.3199462890625,0.0,13046.819993019102,0.0,2,0.98264,84113.15515727916
sift,SIFT-1M,4,10000,throughput,zero,FAVOR: zero penalty,512,0.04,10,0.0032767871219688523,0.0,1087.3199462890625,0.0,13046.819993019102,0.0,4,0.98269,89346.79877350724
sift,SIFT-1M,4,10000,throughput,hard05,"FAVOR: hard gate, epsilon=0.05",512,0.04,10,0.0032767871219688523,0.0,1087.3199462890625,0.0,13046.819993019102,0.0,1,0.98268,72127.17385900165
sift,SIFT-1M,4,10000,throughput,hard05,"FAVOR: hard gate, epsilon=0.05",512,0.04,10,0.0032767871219688523,0.0,1087.3199462890625,0.0,13046.819993019102,0.0,2,0.98264,84205.28679294666
sift,SIFT-1M,4,10000,throughput,hard05,"FAVOR: hard gate, epsilon=0.05",512,0.04,10,0.0032767871219688523,0.0,1087.3199462890625,0.0,13046.819993019102,0.0,4,0.9827,89261.6633137616
sift,SIFT-1M,4,10000,throughput,hard10,"FAVOR: hard gate, epsilon=0.10",512,0.04,10,0.0032767871219688523,0.0,1087.3199462890625,0.0,13046.819993019102,0.0,1,0.98268,72210.77583029837
sift,SIFT-1M,4,10000,throughput,hard10,"FAVOR: hard gate, epsilon=0.10",512,0.04,10,0.0032767871219688523,0.0,1087.3199462890625,0.0,13046.819993019102,0.0,2,0.98264,84056.37718383483
sift,SIFT-1M,4,10000,throughput,hard10,"FAVOR: hard gate, epsilon=0.10",512,0.04,10,0.0032767871219688523,0.0,1087.3199462890625,0.0,13046.819993019102,0.0,4,0.9827,89473.38751717846
sift,SIFT-1M,4,10000,throughput,smooth2,"FAVOR: smooth gate, r=2",512,0.04,10,0.0032767871219688523,1.0737333842700914e-05,1087.3199462890625,0.01167491725713329,13046.819993019102,0.1400880618506709,1,0.9827,72128.40370421458
sift,SIFT-1M,4,10000,throughput,smooth2,"FAVOR: smooth gate, r=2",512,0.04,10,0.0032767871219688523,1.0737333842700914e-05,1087.3199462890625,0.01167491725713329,13046.819993019102,0.1400880618506709,2,0.9827,84078.23850482499
sift,SIFT-1M,4,10000,throughput,smooth2,"FAVOR: smooth gate, r=2",512,0.04,10,0.0032767871219688523,1.0737333842700914e-05,1087.3199462890625,0.01167491725713329,13046.819993019102,0.1400880618506709,4,0.98268,89285.3499723002
sift,SIFT-1M,4,10000,throughput,smooth4,"FAVOR: smooth gate, r=4",512,0.04,10,0.0032767871219688523,1.1529033804961038e-10,1087.3199462890625,1.2535748417575022e-07,13046.819993019102,1.5041722874675875e-06,1,0.98268,72377.23771762871
sift,SIFT-1M,4,10000,throughput,smooth4,"FAVOR: smooth gate, r=4",512,0.04,10,0.0032767871219688523,1.1529033804961038e-10,1087.3199462890625,1.2535748417575022e-07,13046.819993019102,1.5041722874675875e-06,2,0.98264,84123.21810440414
sift,SIFT-1M,4,10000,throughput,smooth4,"FAVOR: smooth gate, r=4",512,0.04,10,0.0032767871219688523,1.1529033804961038e-10,1087.3199462890625,1.2535748417575022e-07,13046.819993019102,1.5041722874675875e-06,4,0.9827,89431.76834347635
sift,SIFT-1M,5,10000,throughput,default,Default CAGRA,512,0.05,10,0.00011159193672776274,,1087.3199462890625,,10328.530745655298,,1,0.95125,65894.17214976173
sift,SIFT-1M,5,10000,throughput,default,Default CAGRA,512,0.05,10,0.00011159193672776274,,1087.3199462890625,,10328.530745655298,,2,0.89155,75740.28316391908
sift,SIFT-1M,5,10000,throughput,default,Default CAGRA,512,0.05,10,0.00011159193672776274,,1087.3199462890625,,10328.530745655298,,4,0.96609,84470.58831081093
sift,SIFT-1M,5,10000,throughput,current,FAVOR: current penalty,512,0.05,10,0.00011159193672776274,1.0,1087.3199462890625,1087.3199462890625,10328.530745655298,10328.530745655298,1,0.98996,72015.87218769816
sift,SIFT-1M,5,10000,throughput,current,FAVOR: current penalty,512,0.05,10,0.00011159193672776274,1.0,1087.3199462890625,1087.3199462890625,10328.530745655298,10328.530745655298,2,0.98994,83500.40023375886
sift,SIFT-1M,5,10000,throughput,current,FAVOR: current penalty,512,0.05,10,0.00011159193672776274,1.0,1087.3199462890625,1087.3199462890625,10328.530745655298,10328.530745655298,4,0.98999,88742.16102574512
sift,SIFT-1M,5,10000,throughput,zero,FAVOR: zero penalty,512,0.05,10,0.00011159193672776274,0.0,1087.3199462890625,0.0,10328.530745655298,0.0,1,0.98379,72471.03044782713
sift,SIFT-1M,5,10000,throughput,zero,FAVOR: zero penalty,512,0.05,10,0.00011159193672776274,0.0,1087.3199462890625,0.0,10328.530745655298,0.0,2,0.98386,84063.95559477489
sift,SIFT-1M,5,10000,throughput,zero,FAVOR: zero penalty,512,0.05,10,0.00011159193672776274,0.0,1087.3199462890625,0.0,10328.530745655298,0.0,4,0.98399,89570.83932991228
sift,SIFT-1M,5,10000,throughput,hard05,"FAVOR: hard gate, epsilon=0.05",512,0.05,10,0.00011159193672776274,0.0,1087.3199462890625,0.0,10328.530745655298,0.0,1,0.98379,72385.98780192353
sift,SIFT-1M,5,10000,throughput,hard05,"FAVOR: hard gate, epsilon=0.05",512,0.05,10,0.00011159193672776274,0.0,1087.3199462890625,0.0,10328.530745655298,0.0,2,0.98386,84147.00789450195
sift,SIFT-1M,5,10000,throughput,hard05,"FAVOR: hard gate, epsilon=0.05",512,0.05,10,0.00011159193672776274,0.0,1087.3199462890625,0.0,10328.530745655298,0.0,4,0.98401,89439.47484677637
sift,SIFT-1M,5,10000,throughput,hard10,"FAVOR: hard gate, epsilon=0.10",512,0.05,10,0.00011159193672776274,0.0,1087.3199462890625,0.0,10328.530745655298,0.0,1,0.98379,72487.07480901285
sift,SIFT-1M,5,10000,throughput,hard10,"FAVOR: hard gate, epsilon=0.10",512,0.05,10,0.00011159193672776274,0.0,1087.3199462890625,0.0,10328.530745655298,0.0,2,0.98386,84046.10735872906
sift,SIFT-1M,5,10000,throughput,hard10,"FAVOR: hard gate, epsilon=0.10",512,0.05,10,0.00011159193672776274,0.0,1087.3199462890625,0.0,10328.530745655298,0.0,4,0.98399,89477.12930433189
sift,SIFT-1M,5,10000,throughput,smooth2,"FAVOR: smooth gate, r=2",512,0.05,10,0.00011159193672776274,1.2452760342653001e-08,1087.3199462890625,1.3540134706924029e-05,10328.530745655298,0.00012861871806736853,1,0.98379,72282.03562902867
sift,SIFT-1M,5,10000,throughput,smooth2,"FAVOR: smooth gate, r=2",512,0.05,10,0.00011159193672776274,1.2452760342653001e-08,1087.3199462890625,1.3540134706924029e-05,10328.530745655298,0.00012861871806736853,2,0.98386,84166.98274312046
sift,SIFT-1M,5,10000,throughput,smooth2,"FAVOR: smooth gate, r=2",512,0.05,10,0.00011159193672776274,1.2452760342653001e-08,1087.3199462890625,1.3540134706924029e-05,10328.530745655298,0.00012861871806736853,4,0.984,89419.07365911591
sift,SIFT-1M,5,10000,throughput,smooth4,"FAVOR: smooth gate, r=4",512,0.05,10,0.00011159193672776274,1.550712401515513e-16,1087.3199462890625,1.6861205251256308e-13,10328.530745655298,1.601658071672194e-12,1,0.98379,72358.92056328409
sift,SIFT-1M,5,10000,throughput,smooth4,"FAVOR: smooth gate, r=4",512,0.05,10,0.00011159193672776274,1.550712401515513e-16,1087.3199462890625,1.6861205251256308e-13,10328.530745655298,1.601658071672194e-12,2,0.98386,84060.06905369519
sift,SIFT-1M,5,10000,throughput,smooth4,"FAVOR: smooth gate, r=4",512,0.05,10,0.00011159193672776274,1.550712401515513e-16,1087.3199462890625,1.6861205251256308e-13,10328.530745655298,1.601658071672194e-12,4,0.984,89460.30645546596
sift,SIFT-1M,6,10000,throughput,default,Default CAGRA,512,0.06,10,2.6035480466465967e-06,,1087.3199462890625,,8516.341453532377,,1,0.95075,65804.29609830008
sift,SIFT-1M,6,10000,throughput,default,Default CAGRA,512,0.06,10,2.6035480466465967e-06,,1087.3199462890625,,8516.341453532377,,2,0.91837,75749.85959504497
sift,SIFT-1M,6,10000,throughput,default,Default CAGRA,512,0.06,10,2.6035480466465967e-06,,1087.3199462890625,,8516.341453532377,,4,0.98447,84452.37373229234
sift,SIFT-1M,6,10000,throughput,current,FAVOR: current penalty,512,0.06,10,2.6035480466465967e-06,1.0,1087.3199462890625,1087.3199462890625,8516.341453532377,8516.341453532377,1,0.99,71906.36947599256
sift,SIFT-1M,6,10000,throughput,current,FAVOR: current penalty,512,0.06,10,2.6035480466465967e-06,1.0,1087.3199462890625,1087.3199462890625,8516.341453532377,8516.341453532377,2,0.99,83676.74444206369
sift,SIFT-1M,6,10000,throughput,current,FAVOR: current penalty,512,0.06,10,2.6035480466465967e-06,1.0,1087.3199462890625,1087.3199462890625,8516.341453532377,8516.341453532377,4,0.99001,88899.08066711533
sift,SIFT-1M,6,10000,throughput,zero,FAVOR: zero penalty,512,0.06,10,2.6035480466465967e-06,0.0,1087.3199462890625,0.0,8516.341453532377,0.0,1,0.98487,72376.34299792645
sift,SIFT-1M,6,10000,throughput,zero,FAVOR: zero penalty,512,0.06,10,2.6035480466465967e-06,0.0,1087.3199462890625,0.0,8516.341453532377,0.0,2,0.98488,84009.40108346575
sift,SIFT-1M,6,10000,throughput,zero,FAVOR: zero penalty,512,0.06,10,2.6035480466465967e-06,0.0,1087.3199462890625,0.0,8516.341453532377,0.0,4,0.98492,89409.59660512903
sift,SIFT-1M,6,10000,throughput,hard05,"FAVOR: hard gate, epsilon=0.05",512,0.06,10,2.6035480466465967e-06,0.0,1087.3199462890625,0.0,8516.341453532377,0.0,1,0.98487,72068.38502998445
sift,SIFT-1M,6,10000,throughput,hard05,"FAVOR: hard gate, epsilon=0.05",512,0.06,10,2.6035480466465967e-06,0.0,1087.3199462890625,0.0,8516.341453532377,0.0,2,0.98488,84137.61672822181
sift,SIFT-1M,6,10000,throughput,hard05,"FAVOR: hard gate, epsilon=0.05",512,0.06,10,2.6035480466465967e-06,0.0,1087.3199462890625,0.0,8516.341453532377,0.0,4,0.98491,89423.27549619123
sift,SIFT-1M,6,10000,throughput,hard10,"FAVOR: hard gate, epsilon=0.10",512,0.06,10,2.6035480466465967e-06,0.0,1087.3199462890625,0.0,8516.341453532377,0.0,1,0.98487,72359.51064540536
sift,SIFT-1M,6,10000,throughput,hard10,"FAVOR: hard gate, epsilon=0.10",512,0.06,10,2.6035480466465967e-06,0.0,1087.3199462890625,0.0,8516.341453532377,0.0,2,0.98488,84079.89590167945
sift,SIFT-1M,6,10000,throughput,hard10,"FAVOR: hard gate, epsilon=0.10",512,0.06,10,2.6035480466465967e-06,0.0,1087.3199462890625,0.0,8516.341453532377,0.0,4,0.98492,89556.37604686018
sift,SIFT-1M,6,10000,throughput,smooth2,"FAVOR: smooth gate, r=2",512,0.06,10,2.6035480466465967e-06,6.77846243119731e-12,1087.3199462890625,7.370357406611887e-09,8516.341453532377,5.772770059401751e-08,1,0.98487,72206.81623276879
sift,SIFT-1M,6,10000,throughput,smooth2,"FAVOR: smooth gate, r=2",512,0.06,10,2.6035480466465967e-06,6.77846243119731e-12,1087.3199462890625,7.370357406611887e-09,8516.341453532377,5.772770059401751e-08,2,0.98488,84129.15305150156
sift,SIFT-1M,6,10000,throughput,smooth2,"FAVOR: smooth gate, r=2",512,0.06,10,2.6035480466465967e-06,6.77846243119731e-12,1087.3199462890625,7.370357406611887e-09,8516.341453532377,5.772770059401751e-08,4,0.98492,89196.17167628376
sift,SIFT-1M,6,10000,throughput,smooth4,"FAVOR: smooth gate, r=4",512,0.06,10,2.6035480466465967e-06,4.594755293115334e-23,1087.3199462890625,4.9959690785215505e-20,8516.341453532377,3.913050497159543e-19,1,0.98487,72271.61543240218
sift,SIFT-1M,6,10000,throughput,smooth4,"FAVOR: smooth gate, r=4",512,0.06,10,2.6035480466465967e-06,4.594755293115334e-23,1087.3199462890625,4.9959690785215505e-20,8516.341453532377,3.913050497159543e-19,2,0.98488,83984.1125775633
sift,SIFT-1M,6,10000,throughput,smooth4,"FAVOR: smooth gate, r=4",512,0.06,10,2.6035480466465967e-06,4.594755293115334e-23,1087.3199462890625,4.9959690785215505e-20,8516.341453532377,3.913050497159543e-19,4,0.98491,89440.72384404199
sift,SIFT-1M,7,10000,throughput,default,Default CAGRA,512,0.07,10,4.560815321520411e-08,,1087.3199462890625,,7221.923564404248,,1,0.95101,65939.35578764872
sift,SIFT-1M,7,10000,throughput,default,Default CAGRA,512,0.07,10,4.560815321520411e-08,,1087.3199462890625,,7221.923564404248,,2,0.94009,75598.13442365733
sift,SIFT-1M,7,10000,throughput,default,Default CAGRA,512,0.07,10,4.560815321520411e-08,,1087.3199462890625,,7221.923564404248,,4,0.99279,84431.26375994658
sift,SIFT-1M,7,10000,throughput,current,FAVOR: current penalty,512,0.07,10,4.560815321520411e-08,1.0,1087.3199462890625,1087.3199462890625,7221.923564404248,7221.923564404248,1,0.98983,71759.05133256255
sift,SIFT-1M,7,10000,throughput,current,FAVOR: current penalty,512,0.07,10,4.560815321520411e-08,1.0,1087.3199462890625,1087.3199462890625,7221.923564404248,7221.923564404248,2,0.98983,83784.40412775574
sift,SIFT-1M,7,10000,throughput,current,FAVOR: current penalty,512,0.07,10,4.560815321520411e-08,1.0,1087.3199462890625,1087.3199462890625,7221.923564404248,7221.923564404248,4,0.98977,89011.75992393098
sift,SIFT-1M,7,10000,throughput,zero,FAVOR: zero penalty,512,0.07,10,4.560815321520411e-08,0.0,1087.3199462890625,0.0,7221.923564404248,0.0,1,0.9853,72179.43136349872
sift,SIFT-1M,7,10000,throughput,zero,FAVOR: zero penalty,512,0.07,10,4.560815321520411e-08,0.0,1087.3199462890625,0.0,7221.923564404248,0.0,2,0.98529,84137.475144611
sift,SIFT-1M,7,10000,throughput,zero,FAVOR: zero penalty,512,0.07,10,4.560815321520411e-08,0.0,1087.3199462890625,0.0,7221.923564404248,0.0,4,0.98536,89420.37537432027
sift,SIFT-1M,7,10000,throughput,hard05,"FAVOR: hard gate, epsilon=0.05",512,0.07,10,4.560815321520411e-08,0.0,1087.3199462890625,0.0,7221.923564404248,0.0,1,0.9853,72142.23721850061
sift,SIFT-1M,7,10000,throughput,hard05,"FAVOR: hard gate, epsilon=0.05",512,0.07,10,4.560815321520411e-08,0.0,1087.3199462890625,0.0,7221.923564404248,0.0,2,0.98529,84167.0500486413
sift,SIFT-1M,7,10000,throughput,hard05,"FAVOR: hard gate, epsilon=0.05",512,0.07,10,4.560815321520411e-08,0.0,1087.3199462890625,0.0,7221.923564404248,0.0,4,0.98536,89255.36559942907
sift,SIFT-1M,7,10000,throughput,hard10,"FAVOR: hard gate, epsilon=0.10",512,0.07,10,4.560815321520411e-08,0.0,1087.3199462890625,0.0,7221.923564404248,0.0,1,0.9853,72284.94354683426
sift,SIFT-1M,7,10000,throughput,hard10,"FAVOR: hard gate, epsilon=0.10",512,0.07,10,4.560815321520411e-08,0.0,1087.3199462890625,0.0,7221.923564404248,0.0,2,0.98529,84082.76829607037
sift,SIFT-1M,7,10000,throughput,hard10,"FAVOR: hard gate, epsilon=0.10",512,0.07,10,4.560815321520411e-08,0.0,1087.3199462890625,0.0,7221.923564404248,0.0,4,0.98536,89445.28600727522
sift,SIFT-1M,7,10000,throughput,smooth2,"FAVOR: smooth gate, r=2",512,0.07,10,4.560815321520411e-08,2.080103639701533e-15,1087.3199462890625,2.2617381777959542e-12,7221.923564404248,1.5022349491963546e-11,1,0.9853,72233.83238485122
sift,SIFT-1M,7,10000,throughput,smooth2,"FAVOR: smooth gate, r=2",512,0.07,10,4.560815321520411e-08,2.080103639701533e-15,1087.3199462890625,2.2617381777959542e-12,7221.923564404248,1.5022349491963546e-11,2,0.98528,84179.28073006349
sift,SIFT-1M,7,10000,throughput,smooth2,"FAVOR: smooth gate, r=2",512,0.07,10,4.560815321520411e-08,2.080103639701533e-15,1087.3199462890625,2.2617381777959542e-12,7221.923564404248,1.5022349491963546e-11,4,0.98536,89237.38957938623
sift,SIFT-1M,7,10000,throughput,smooth4,"FAVOR: smooth gate, r=4",512,0.07,10,4.560815321520411e-08,4.326831151899566e-30,1087.3199462890625,4.7046498156852785e-27,7221.923564404248,3.1248043855101854e-26,1,0.9853,72404.85941934978
sift,SIFT-1M,7,10000,throughput,smooth4,"FAVOR: smooth gate, r=4",512,0.07,10,4.560815321520411e-08,4.326831151899566e-30,1087.3199462890625,4.7046498156852785e-27,7221.923564404248,3.1248043855101854e-26,2,0.98529,83969.30037252442
sift,SIFT-1M,7,10000,throughput,smooth4,"FAVOR: smooth gate, r=4",512,0.07,10,4.560815321520411e-08,4.326831151899566e-30,1087.3199462890625,4.7046498156852785e-27,7221.923564404248,3.1248043855101854e-26,4,0.98536,89539.28794282935
sift,SIFT-1M,8,10000,throughput,default,Default CAGRA,512,0.08,10,6.350804920082874e-10,,1087.3199462890625,,6251.112802147865,,1,0.95219,65923.92987636449
sift,SIFT-1M,8,10000,throughput,default,Default CAGRA,512,0.08,10,6.350804920082874e-10,,1087.3199462890625,,6251.112802147865,,2,0.9572,75563.98111845247
sift,SIFT-1M,8,10000,throughput,default,Default CAGRA,512,0.08,10,6.350804920082874e-10,,1087.3199462890625,,6251.112802147865,,4,0.99662,84377.83637882235
sift,SIFT-1M,8,10000,throughput,current,FAVOR: current penalty,512,0.08,10,6.350804920082874e-10,1.0,1087.3199462890625,1087.3199462890625,6251.112802147865,6251.112802147865,1,0.9896,71977.08669505214
sift,SIFT-1M,8,10000,throughput,current,FAVOR: current penalty,512,0.08,10,6.350804920082874e-10,1.0,1087.3199462890625,1087.3199462890625,6251.112802147865,6251.112802147865,2,0.98959,83821.94893399156
sift,SIFT-1M,8,10000,throughput,current,FAVOR: current penalty,512,0.08,10,6.350804920082874e-10,1.0,1087.3199462890625,1087.3199462890625,6251.112802147865,6251.112802147865,4,0.98963,89018.92456729538
sift,SIFT-1M,8,10000,throughput,zero,FAVOR: zero penalty,512,0.08,10,6.350804920082874e-10,0.0,1087.3199462890625,0.0,6251.112802147865,0.0,1,0.98584,72408.39720646331
sift,SIFT-1M,8,10000,throughput,zero,FAVOR: zero penalty,512,0.08,10,6.350804920082874e-10,0.0,1087.3199462890625,0.0,6251.112802147865,0.0,2,0.98586,84097.91088310683
sift,SIFT-1M,8,10000,throughput,zero,FAVOR: zero penalty,512,0.08,10,6.350804920082874e-10,0.0,1087.3199462890625,0.0,6251.112802147865,0.0,4,0.98585,89430.8709752027
sift,SIFT-1M,8,10000,throughput,hard05,"FAVOR: hard gate, epsilon=0.05",512,0.08,10,6.350804920082874e-10,0.0,1087.3199462890625,0.0,6251.112802147865,0.0,1,0.98584,72072.531516284
sift,SIFT-1M,8,10000,throughput,hard05,"FAVOR: hard gate, epsilon=0.05",512,0.08,10,6.350804920082874e-10,0.0,1087.3199462890625,0.0,6251.112802147865,0.0,2,0.98586,84130.88784086453
sift,SIFT-1M,8,10000,throughput,hard05,"FAVOR: hard gate, epsilon=0.05",512,0.08,10,6.350804920082874e-10,0.0,1087.3199462890625,0.0,6251.112802147865,0.0,4,0.98585,89448.10492119343
sift,SIFT-1M,8,10000,throughput,hard10,"FAVOR: hard gate, epsilon=0.10",512,0.08,10,6.350804920082874e-10,0.0,1087.3199462890625,0.0,6251.112802147865,0.0,1,0.98584,72261.07606289099
sift,SIFT-1M,8,10000,throughput,hard10,"FAVOR: hard gate, epsilon=0.10",512,0.08,10,6.350804920082874e-10,0.0,1087.3199462890625,0.0,6251.112802147865,0.0,2,0.98586,84059.9288003312
sift,SIFT-1M,8,10000,throughput,hard10,"FAVOR: hard gate, epsilon=0.10",512,0.08,10,6.350804920082874e-10,0.0,1087.3199462890625,0.0,6251.112802147865,0.0,4,0.98584,89450.04359714036
sift,SIFT-1M,8,10000,throughput,smooth2,"FAVOR: smooth gate, r=2",512,0.08,10,6.350804920082874e-10,4.0332723132948834e-19,1087.3199462890625,4.385457435060955e-16,6251.112802147865,2.5212440192186183e-15,1,0.98584,72273.57601197666
sift,SIFT-1M,8,10000,throughput,smooth2,"FAVOR: smooth gate, r=2",512,0.08,10,6.350804920082874e-10,4.0332723132948834e-19,1087.3199462890625,4.385457435060955e-16,6251.112802147865,2.5212440192186183e-15,2,0.98586,84164.18392252373
sift,SIFT-1M,8,10000,throughput,smooth2,"FAVOR: smooth gate, r=2",512,0.08,10,6.350804920082874e-10,4.0332723132948834e-19,1087.3199462890625,4.385457435060955e-16,6251.112802147865,2.5212440192186183e-15,4,0.98585,89187.99741668858
sift,SIFT-1M,8,10000,throughput,smooth4,"FAVOR: smooth gate, r=4",512,0.08,10,6.350804920082874e-10,1.6267285553191061e-37,1087.3199462890625,1.7687744053964547e-34,6251.112802147865,1.0168863697774766e-33,1,0.98584,72344.64557695638
sift,SIFT-1M,8,10000,throughput,smooth4,"FAVOR: smooth gate, r=4",512,0.08,10,6.350804920082874e-10,1.6267285553191061e-37,1087.3199462890625,1.7687744053964547e-34,6251.112802147865,1.0168863697774766e-33,2,0.98586,84112.2492133435
sift,SIFT-1M,8,10000,throughput,smooth4,"FAVOR: smooth gate, r=4",512,0.08,10,6.350804920082874e-10,1.6267285553191061e-37,1087.3199462890625,1.7687744053964547e-34,6251.112802147865,1.0168863697774766e-33,4,0.98584,89477.87548568823
sift,SIFT-1M,10,10000,throughput,default,Default CAGRA,512,0.1,10,7.10108452886116e-14,,1087.3199462890625,,4891.984106004238,,1,0.95717,65782.11366519176
sift,SIFT-1M,10,10000,throughput,default,Default CAGRA,512,0.1,10,7.10108452886116e-14,,1087.3199462890625,,4891.984106004238,,2,0.97948,75469.45254147916
sift,SIFT-1M,10,10000,throughput,default,Default CAGRA,512,0.1,10,7.10108452886116e-14,,1087.3199462890625,,4891.984106004238,,4,0.99873,84140.33449656235
sift,SIFT-1M,10,10000,throughput,current,FAVOR: current penalty,512,0.1,10,7.10108452886116e-14,1.0,1087.3199462890625,1087.3199462890625,4891.984106004238,4891.984106004238,1,0.9898,71930.04380022867
sift,SIFT-1M,10,10000,throughput,current,FAVOR: current penalty,512,0.1,10,7.10108452886116e-14,1.0,1087.3199462890625,1087.3199462890625,4891.984106004238,4891.984106004238,2,0.98976,83969.60884014511
sift,SIFT-1M,10,10000,throughput,current,FAVOR: current penalty,512,0.1,10,7.10108452886116e-14,1.0,1087.3199462890625,1087.3199462890625,4891.984106004238,4891.984106004238,4,0.98979,89165.76961298699
sift,SIFT-1M,10,10000,throughput,zero,FAVOR: zero penalty,512,0.1,10,7.10108452886116e-14,0.0,1087.3199462890625,0.0,4891.984106004238,0.0,1,0.98695,72254.81164914831
sift,SIFT-1M,10,10000,throughput,zero,FAVOR: zero penalty,512,0.1,10,7.10108452886116e-14,0.0,1087.3199462890625,0.0,4891.984106004238,0.0,2,0.98695,84054.65500686759
sift,SIFT-1M,10,10000,throughput,zero,FAVOR: zero penalty,512,0.1,10,7.10108452886116e-14,0.0,1087.3199462890625,0.0,4891.984106004238,0.0,4,0.98697,89532.61124756855
sift,SIFT-1M,10,10000,throughput,hard05,"FAVOR: hard gate, epsilon=0.05",512,0.1,10,7.10108452886116e-14,0.0,1087.3199462890625,0.0,4891.984106004238,0.0,1,0.98695,72318.96380673742
sift,SIFT-1M,10,10000,throughput,hard05,"FAVOR: hard gate, epsilon=0.05",512,0.1,10,7.10108452886116e-14,0.0,1087.3199462890625,0.0,4891.984106004238,0.0,2,0.98695,84214.27500597152
sift,SIFT-1M,10,10000,throughput,hard05,"FAVOR: hard gate, epsilon=0.05",512,0.1,10,7.10108452886116e-14,0.0,1087.3199462890625,0.0,4891.984106004238,0.0,4,0.98697,89430.62810084638
sift,SIFT-1M,10,10000,throughput,hard10,"FAVOR: hard gate, epsilon=0.10",512,0.1,10,7.10108452886116e-14,0.0,1087.3199462890625,0.0,4891.984106004238,0.0,1,0.98695,72400.25945285668
sift,SIFT-1M,10,10000,throughput,hard10,"FAVOR: hard gate, epsilon=0.10",512,0.1,10,7.10108452886116e-14,0.0,1087.3199462890625,0.0,4891.984106004238,0.0,2,0.98695,84073.6544088843
sift,SIFT-1M,10,10000,throughput,hard10,"FAVOR: hard gate, epsilon=0.10",512,0.1,10,7.10108452886116e-14,0.0,1087.3199462890625,0.0,4891.984106004238,0.0,4,0.98698,89461.57216881777
sift,SIFT-1M,10,10000,throughput,smooth2,"FAVOR: smooth gate, r=2",512,0.1,10,7.10108452886116e-14,5.0425401486031324e-27,1087.3199462890625,5.482854483539599e-24,4891.984106004238,2.466802626085477e-23,1,0.98695,72259.41221530808
sift,SIFT-1M,10,10000,throughput,smooth2,"FAVOR: smooth gate, r=2",512,0.1,10,7.10108452886116e-14,5.0425401486031324e-27,1087.3199462890625,5.482854483539599e-24,4891.984106004238,2.466802626085477e-23,2,0.98695,84164.89370708611
sift,SIFT-1M,10,10000,throughput,smooth2,"FAVOR: smooth gate, r=2",512,0.1,10,7.10108452886116e-14,5.0425401486031324e-27,1087.3199462890625,5.482854483539599e-24,4891.984106004238,2.466802626085477e-23,4,0.98697,89257.24414607881
sift,SIFT-1M,10,10000,throughput,smooth4,"FAVOR: smooth gate, r=4",512,0.1,10,7.10108452886116e-14,2.54272111502745e-53,1087.3199462890625,2.7647513862197124e-50,4891.984106004238,1.243895128071566e-49,1,0.98695,72180.87531529705
sift,SIFT-1M,10,10000,throughput,smooth4,"FAVOR: smooth gate, r=4",512,0.1,10,7.10108452886116e-14,2.54272111502745e-53,1087.3199462890625,2.7647513862197124e-50,4891.984106004238,1.243895128071566e-49,2,0.98695,84035.34570038145
sift,SIFT-1M,10,10000,throughput,smooth4,"FAVOR: smooth gate, r=4",512,0.1,10,7.10108452886116e-14,2.54272111502745e-53,1087.3199462890625,2.7647513862197124e-50,4891.984106004238,1.243895128071566e-49,4,0.98696,89457.93998952344
sift,SIFT-1M,50,10000,throughput,default,Default CAGRA,512,0.5,10,4.714235903299686e-136,,1087.3199462890625,,543.1290552020073,,1,0.99949,66221.21399823234
sift,SIFT-1M,50,10000,throughput,default,Default CAGRA,512,0.5,10,4.714235903299686e-136,,1087.3199462890625,,543.1290552020073,,2,0.99947,75763.32086034924
sift,SIFT-1M,50,10000,throughput,default,Default CAGRA,512,0.5,10,4.714235903299686e-136,,1087.3199462890625,,543.1290552020073,,4,0.99949,84013.26635276421
sift,SIFT-1M,50,10000,throughput,current,FAVOR: current penalty,512,0.5,10,4.714235903299686e-136,1.0,1087.3199462890625,1087.3199462890625,543.1290552020073,543.1290552020073,1,0.9993,72021.11616179174
sift,SIFT-1M,50,10000,throughput,current,FAVOR: current penalty,512,0.5,10,4.714235903299686e-136,1.0,1087.3199462890625,1087.3199462890625,543.1290552020073,543.1290552020073,2,0.99939,84038.68224436077
sift,SIFT-1M,50,10000,throughput,current,FAVOR: current penalty,512,0.5,10,4.714235903299686e-136,1.0,1087.3199462890625,1087.3199462890625,543.1290552020073,543.1290552020073,4,0.99939,89371.70463739043
sift,SIFT-1M,50,10000,throughput,zero,FAVOR: zero penalty,512,0.5,10,4.714235903299686e-136,0.0,1087.3199462890625,0.0,543.1290552020073,0.0,1,0.9992,72498.41394849772
sift,SIFT-1M,50,10000,throughput,zero,FAVOR: zero penalty,512,0.5,10,4.714235903299686e-136,0.0,1087.3199462890625,0.0,543.1290552020073,0.0,2,0.99933,84071.96545551572
sift,SIFT-1M,50,10000,throughput,zero,FAVOR: zero penalty,512,0.5,10,4.714235903299686e-136,0.0,1087.3199462890625,0.0,543.1290552020073,0.0,4,0.99932,89486.51643358222
sift,SIFT-1M,50,10000,throughput,hard05,"FAVOR: hard gate, epsilon=0.05",512,0.5,10,4.714235903299686e-136,0.0,1087.3199462890625,0.0,543.1290552020073,0.0,1,0.9992,72344.00052904923
sift,SIFT-1M,50,10000,throughput,hard05,"FAVOR: hard gate, epsilon=0.05",512,0.5,10,4.714235903299686e-136,0.0,1087.3199462890625,0.0,543.1290552020073,0.0,2,0.99933,84187.41855711033
sift,SIFT-1M,50,10000,throughput,hard05,"FAVOR: hard gate, epsilon=0.05",512,0.5,10,4.714235903299686e-136,0.0,1087.3199462890625,0.0,543.1290552020073,0.0,4,0.99932,89373.99717691491
sift,SIFT-1M,50,10000,throughput,hard10,"FAVOR: hard gate, epsilon=0.10",512,0.5,10,4.714235903299686e-136,0.0,1087.3199462890625,0.0,543.1290552020073,0.0,1,0.9992,72395.56755723355
sift,SIFT-1M,50,10000,throughput,hard10,"FAVOR: hard gate, epsilon=0.10",512,0.5,10,4.714235903299686e-136,0.0,1087.3199462890625,0.0,543.1290552020073,0.0,2,0.99933,84036.14194970332
sift,SIFT-1M,50,10000,throughput,hard10,"FAVOR: hard gate, epsilon=0.10",512,0.5,10,4.714235903299686e-136,0.0,1087.3199462890625,0.0,543.1290552020073,0.0,4,0.99933,89433.94545844819
sift,SIFT-1M,50,10000,throughput,smooth2,"FAVOR: smooth gate, r=2",512,0.5,10,4.714235903299686e-136,2.222402015195981e-271,1087.3199462890625,2.4164620397955982e-268,543.1290552020073,1.2070511067924302e-268,1,0.9992,72292.22677655486
sift,SIFT-1M,50,10000,throughput,smooth2,"FAVOR: smooth gate, r=2",512,0.5,10,4.714235903299686e-136,2.222402015195981e-271,1087.3199462890625,2.4164620397955982e-268,543.1290552020073,1.2070511067924302e-268,2,0.99933,84137.64292495057
sift,SIFT-1M,50,10000,throughput,smooth2,"FAVOR: smooth gate, r=2",512,0.5,10,4.714235903299686e-136,2.222402015195981e-271,1087.3199462890625,2.4164620397955982e-268,543.1290552020073,1.2070511067924302e-268,4,0.99932,89210.92446302011
sift,SIFT-1M,50,10000,throughput,smooth4,"FAVOR: smooth gate, r=4",512,0.5,10,4.714235903299686e-136,0.0,1087.3199462890625,0.0,543.1290552020073,0.0,1,0.9992,72385.69699274433
sift,SIFT-1M,50,10000,throughput,smooth4,"FAVOR: smooth gate, r=4",512,0.5,10,4.714235903299686e-136,0.0,1087.3199462890625,0.0,543.1290552020073,0.0,2,0.99933,84035.04874215461
sift,SIFT-1M,50,10000,throughput,smooth4,"FAVOR: smooth gate, r=4",512,0.5,10,4.714235903299686e-136,0.0,1087.3199462890625,0.0,543.1290552020073,0.0,4,0.99933,89457.24656391608
sift,SIFT-1M,90,10000,throughput,default,Default CAGRA,512,0.9,10,0.0,,1087.3199462890625,,60.300480094220895,,1,0.99937,66921.81814567489
sift,SIFT-1M,90,10000,throughput,default,Default CAGRA,512,0.9,10,0.0,,1087.3199462890625,,60.300480094220895,,2,0.99938,76628.30668247829
sift,SIFT-1M,90,10000,throughput,default,Default CAGRA,512,0.9,10,0.0,,1087.3199462890625,,60.300480094220895,,4,0.99939,84957.82284181201
sift,SIFT-1M,90,10000,throughput,current,FAVOR: current penalty,512,0.9,10,0.0,1.0,1087.3199462890625,1087.3199462890625,60.300480094220895,60.300480094220895,1,0.99931,72581.802694392
sift,SIFT-1M,90,10000,throughput,current,FAVOR: current penalty,512,0.9,10,0.0,1.0,1087.3199462890625,1087.3199462890625,60.300480094220895,60.300480094220895,2,0.99922,84187.69567685797
sift,SIFT-1M,90,10000,throughput,current,FAVOR: current penalty,512,0.9,10,0.0,1.0,1087.3199462890625,1087.3199462890625,60.300480094220895,60.300480094220895,4,0.9994,89524.34302013506
sift,SIFT-1M,90,10000,throughput,zero,FAVOR: zero penalty,512,0.9,10,0.0,0.0,1087.3199462890625,0.0,60.300480094220895,0.0,1,0.9993,72559.80522776066
sift,SIFT-1M,90,10000,throughput,zero,FAVOR: zero penalty,512,0.9,10,0.0,0.0,1087.3199462890625,0.0,60.300480094220895,0.0,2,0.99922,84107.64902422174
sift,SIFT-1M,90,10000,throughput,zero,FAVOR: zero penalty,512,0.9,10,0.0,0.0,1087.3199462890625,0.0,60.300480094220895,0.0,4,0.99938,89668.68845367138
sift,SIFT-1M,90,10000,throughput,hard05,"FAVOR: hard gate, epsilon=0.05",512,0.9,10,0.0,0.0,1087.3199462890625,0.0,60.300480094220895,0.0,1,0.9993,72343.12991996917
sift,SIFT-1M,90,10000,throughput,hard05,"FAVOR: hard gate, epsilon=0.05",512,0.9,10,0.0,0.0,1087.3199462890625,0.0,60.300480094220895,0.0,2,0.99921,84181.17738449795
sift,SIFT-1M,90,10000,throughput,hard05,"FAVOR: hard gate, epsilon=0.05",512,0.9,10,0.0,0.0,1087.3199462890625,0.0,60.300480094220895,0.0,4,0.99938,89463.03561069556
sift,SIFT-1M,90,10000,throughput,hard10,"FAVOR: hard gate, epsilon=0.10",512,0.9,10,0.0,0.0,1087.3199462890625,0.0,60.300480094220895,0.0,1,0.9993,72410.61452381546
sift,SIFT-1M,90,10000,throughput,hard10,"FAVOR: hard gate, epsilon=0.10",512,0.9,10,0.0,0.0,1087.3199462890625,0.0,60.300480094220895,0.0,2,0.99921,84122.60632664296
sift,SIFT-1M,90,10000,throughput,hard10,"FAVOR: hard gate, epsilon=0.10",512,0.9,10,0.0,0.0,1087.3199462890625,0.0,60.300480094220895,0.0,4,0.99937,89665.45817515967
sift,SIFT-1M,90,10000,throughput,smooth2,"FAVOR: smooth gate, r=2",512,0.9,10,0.0,0.0,1087.3199462890625,0.0,60.300480094220895,0.0,1,0.9993,72314.00188774276
sift,SIFT-1M,90,10000,throughput,smooth2,"FAVOR: smooth gate, r=2",512,0.9,10,0.0,0.0,1087.3199462890625,0.0,60.300480094220895,0.0,2,0.99921,84194.86784334517
sift,SIFT-1M,90,10000,throughput,smooth2,"FAVOR: smooth gate, r=2",512,0.9,10,0.0,0.0,1087.3199462890625,0.0,60.300480094220895,0.0,4,0.99937,89529.22231300987
sift,SIFT-1M,90,10000,throughput,smooth4,"FAVOR: smooth gate, r=4",512,0.9,10,0.0,0.0,1087.3199462890625,0.0,60.300480094220895,0.0,1,0.9993,72364.73383311467
sift,SIFT-1M,90,10000,throughput,smooth4,"FAVOR: smooth gate, r=4",512,0.9,10,0.0,0.0,1087.3199462890625,0.0,60.300480094220895,0.0,2,0.99921,84101.12933907533
sift,SIFT-1M,90,10000,throughput,smooth4,"FAVOR: smooth gate, r=4",512,0.9,10,0.0,0.0,1087.3199462890625,0.0,60.300480094220895,0.0,4,0.99938,89533.28607744178
bigann1m,BIGANN-1M,1,10000,throughput,default,Default CAGRA,512,0.01,10,0.9643819583183106,,1376.7340087890625,,68147.00241292118,,1,0.77246,80022.8237917173
bigann1m,BIGANN-1M,1,10000,throughput,default,Default CAGRA,512,0.01,10,0.9643819583183106,,1376.7340087890625,,68147.00241292118,,2,0.76112,105872.89513026486
bigann1m,BIGANN-1M,1,10000,throughput,default,Default CAGRA,512,0.01,10,0.9643819583183106,,1376.7340087890625,,68147.00241292118,,4,0.73793,110659.7749779036
bigann1m,BIGANN-1M,1,10000,throughput,current,FAVOR: current penalty,512,0.01,10,0.9643819583183106,1.0,1376.7340087890625,1376.7340087890625,68147.00241292118,68147.00241292118,1,0.9526,79376.3419854144
bigann1m,BIGANN-1M,1,10000,throughput,current,FAVOR: current penalty,512,0.01,10,0.9643819583183106,1.0,1376.7340087890625,1376.7340087890625,68147.00241292118,68147.00241292118,2,0.95284,102056.30528680317
bigann1m,BIGANN-1M,1,10000,throughput,current,FAVOR: current penalty,512,0.01,10,0.9643819583183106,1.0,1376.7340087890625,1376.7340087890625,68147.00241292118,68147.00241292118,4,0.95245,109711.83298495071
bigann1m,BIGANN-1M,1,10000,throughput,zero,FAVOR: zero penalty,512,0.01,10,0.9643819583183106,0.0,1376.7340087890625,0.0,68147.00241292118,0.0,1,0.50392,79684.7381703876
bigann1m,BIGANN-1M,1,10000,throughput,zero,FAVOR: zero penalty,512,0.01,10,0.9643819583183106,0.0,1376.7340087890625,0.0,68147.00241292118,0.0,2,0.50397,103340.74981161879
bigann1m,BIGANN-1M,1,10000,throughput,zero,FAVOR: zero penalty,512,0.01,10,0.9643819583183106,0.0,1376.7340087890625,0.0,68147.00241292118,0.0,4,0.50414,110901.21372861807
bigann1m,BIGANN-1M,1,10000,throughput,hard05,"FAVOR: hard gate, epsilon=0.05",512,0.01,10,0.9643819583183106,1.0,1376.7340087890625,1376.7340087890625,68147.00241292118,68147.00241292118,1,0.9526,79371.54153127149
bigann1m,BIGANN-1M,1,10000,throughput,hard05,"FAVOR: hard gate, epsilon=0.05",512,0.01,10,0.9643819583183106,1.0,1376.7340087890625,1376.7340087890625,68147.00241292118,68147.00241292118,2,0.95284,102264.41677749685
bigann1m,BIGANN-1M,1,10000,throughput,hard05,"FAVOR: hard gate, epsilon=0.05",512,0.01,10,0.9643819583183106,1.0,1376.7340087890625,1376.7340087890625,68147.00241292118,68147.00241292118,4,0.95253,109591.82622417682
bigann1m,BIGANN-1M,1,10000,throughput,hard10,"FAVOR: hard gate, epsilon=0.10",512,0.01,10,0.9643819583183106,1.0,1376.7340087890625,1376.7340087890625,68147.00241292118,68147.00241292118,1,0.9526,79545.54926995917
bigann1m,BIGANN-1M,1,10000,throughput,hard10,"FAVOR: hard gate, epsilon=0.10",512,0.01,10,0.9643819583183106,1.0,1376.7340087890625,1376.7340087890625,68147.00241292118,68147.00241292118,2,0.95281,102728.70731259424
bigann1m,BIGANN-1M,1,10000,throughput,hard10,"FAVOR: hard gate, epsilon=0.10",512,0.01,10,0.9643819583183106,1.0,1376.7340087890625,1376.7340087890625,68147.00241292118,68147.00241292118,4,0.95244,110093.22987633255
bigann1m,BIGANN-1M,1,10000,throughput,smooth2,"FAVOR: smooth gate, r=2",512,0.01,10,0.9643819583183106,0.9300325615298598,1376.7340087890625,1280.4074567393643,68147.00241292118,63378.93121467062,1,0.95261,79398.20448175595
bigann1m,BIGANN-1M,1,10000,throughput,smooth2,"FAVOR: smooth gate, r=2",512,0.01,10,0.9643819583183106,0.9300325615298598,1376.7340087890625,1280.4074567393643,68147.00241292118,63378.93121467062,2,0.95276,102430.2841408662
bigann1m,BIGANN-1M,1,10000,throughput,smooth2,"FAVOR: smooth gate, r=2",512,0.01,10,0.9643819583183106,0.9300325615298598,1376.7340087890625,1280.4074567393643,68147.00241292118,63378.93121467062,4,0.95229,109846.45899588107
bigann1m,BIGANN-1M,1,10000,throughput,smooth4,"FAVOR: smooth gate, r=4",512,0.01,10,0.9643819583183106,0.8649605655057925,1376.7340087890625,1190.8206267932442,68147.00241292118,58944.46974460491,1,0.95257,79607.66002029814
bigann1m,BIGANN-1M,1,10000,throughput,smooth4,"FAVOR: smooth gate, r=4",512,0.01,10,0.9643819583183106,0.8649605655057925,1376.7340087890625,1190.8206267932442,68147.00241292118,58944.46974460491,2,0.9528,102769.7147149839
bigann1m,BIGANN-1M,1,10000,throughput,smooth4,"FAVOR: smooth gate, r=4",512,0.01,10,0.9643819583183106,0.8649605655057925,1376.7340087890625,1190.8206267932442,68147.00241292118,58944.46974460491,4,0.95244,110013.78553455761
bigann1m,BIGANN-1M,2,10000,throughput,default,Default CAGRA,512,0.02,10,0.42675727707131905,,1376.7340087890625,,33728.66563786269,,1,0.94056,80700.81621291969
bigann1m,BIGANN-1M,2,10000,throughput,default,Default CAGRA,512,0.02,10,0.42675727707131905,,1376.7340087890625,,33728.66563786269,,2,0.85299,105762.09931561336
bigann1m,BIGANN-1M,2,10000,throughput,default,Default CAGRA,512,0.02,10,0.42675727707131905,,1376.7340087890625,,33728.66563786269,,4,0.84177,110880.22890154507
bigann1m,BIGANN-1M,2,10000,throughput,current,FAVOR: current penalty,512,0.02,10,0.42675727707131905,1.0,1376.7340087890625,1376.7340087890625,33728.66563786269,33728.66563786269,1,0.96606,79018.01375417522
bigann1m,BIGANN-1M,2,10000,throughput,current,FAVOR: current penalty,512,0.02,10,0.42675727707131905,1.0,1376.7340087890625,1376.7340087890625,33728.66563786269,33728.66563786269,2,0.96627,101263.94482922863
bigann1m,BIGANN-1M,2,10000,throughput,current,FAVOR: current penalty,512,0.02,10,0.42675727707131905,1.0,1376.7340087890625,1376.7340087890625,33728.66563786269,33728.66563786269,4,0.96599,107789.36698832555
bigann1m,BIGANN-1M,2,10000,throughput,zero,FAVOR: zero penalty,512,0.02,10,0.42675727707131905,0.0,1376.7340087890625,0.0,33728.66563786269,0.0,1,0.8739,79687.5660889577
bigann1m,BIGANN-1M,2,10000,throughput,zero,FAVOR: zero penalty,512,0.02,10,0.42675727707131905,0.0,1376.7340087890625,0.0,33728.66563786269,0.0,2,0.8739,103465.60884806851
bigann1m,BIGANN-1M,2,10000,throughput,zero,FAVOR: zero penalty,512,0.02,10,0.42675727707131905,0.0,1376.7340087890625,0.0,33728.66563786269,0.0,4,0.87394,111035.40388322595
bigann1m,BIGANN-1M,2,10000,throughput,hard05,"FAVOR: hard gate, epsilon=0.05",512,0.02,10,0.42675727707131905,1.0,1376.7340087890625,1376.7340087890625,33728.66563786269,33728.66563786269,1,0.96606,79056.12520502316
bigann1m,BIGANN-1M,2,10000,throughput,hard05,"FAVOR: hard gate, epsilon=0.05",512,0.02,10,0.42675727707131905,1.0,1376.7340087890625,1376.7340087890625,33728.66563786269,33728.66563786269,2,0.96624,101355.72677040705
bigann1m,BIGANN-1M,2,10000,throughput,hard05,"FAVOR: hard gate, epsilon=0.05",512,0.02,10,0.42675727707131905,1.0,1376.7340087890625,1376.7340087890625,33728.66563786269,33728.66563786269,4,0.96603,107781.40190180248
bigann1m,BIGANN-1M,2,10000,throughput,hard10,"FAVOR: hard gate, epsilon=0.10",512,0.02,10,0.42675727707131905,1.0,1376.7340087890625,1376.7340087890625,33728.66563786269,33728.66563786269,1,0.96606,79173.39084979876
bigann1m,BIGANN-1M,2,10000,throughput,hard10,"FAVOR: hard gate, epsilon=0.10",512,0.02,10,0.42675727707131905,1.0,1376.7340087890625,1376.7340087890625,33728.66563786269,33728.66563786269,2,0.96628,101614.89128454812
bigann1m,BIGANN-1M,2,10000,throughput,hard10,"FAVOR: hard gate, epsilon=0.10",512,0.02,10,0.42675727707131905,1.0,1376.7340087890625,1376.7340087890625,33728.66563786269,33728.66563786269,4,0.96603,108094.30748718695
bigann1m,BIGANN-1M,2,10000,throughput,smooth2,"FAVOR: smooth gate, r=2",512,0.02,10,0.42675727707131905,0.1821217735333266,1376.7340087890625,250.7332393643105,33728.66563786269,6142.724404880123,1,0.9661,79138.06774080948
bigann1m,BIGANN-1M,2,10000,throughput,smooth2,"FAVOR: smooth gate, r=2",512,0.02,10,0.42675727707131905,0.1821217735333266,1376.7340087890625,250.7332393643105,33728.66563786269,6142.724404880123,2,0.9662,101413.82227258132
bigann1m,BIGANN-1M,2,10000,throughput,smooth2,"FAVOR: smooth gate, r=2",512,0.02,10,0.42675727707131905,0.1821217735333266,1376.7340087890625,250.7332393643105,33728.66563786269,6142.724404880123,4,0.96595,107854.91878167918
bigann1m,BIGANN-1M,2,10000,throughput,smooth4,"FAVOR: smooth gate, r=4",512,0.02,10,0.42675727707131905,0.03316834039492429,1376.7340087890625,45.663982236784314,33728.66563786269,1118.7238629432159,1,0.96608,79254.5353262164
bigann1m,BIGANN-1M,2,10000,throughput,smooth4,"FAVOR: smooth gate, r=4",512,0.02,10,0.42675727707131905,0.03316834039492429,1376.7340087890625,45.663982236784314,33728.66563786269,1118.7238629432159,2,0.9662,101627.47560895763
bigann1m,BIGANN-1M,2,10000,throughput,smooth4,"FAVOR: smooth gate, r=4",512,0.02,10,0.42675727707131905,0.03316834039492429,1376.7340087890625,45.663982236784314,33728.66563786269,1118.7238629432159,4,0.96598,108169.81909302341
bigann1m,BIGANN-1M,3,10000,throughput,default,Default CAGRA,512,0.03,10,0.056323923702620945,,1376.7340087890625,,22255.895675955217,,1,0.95506,80390.97184374662
bigann1m,BIGANN-1M,3,10000,throughput,default,Default CAGRA,512,0.03,10,0.056323923702620945,,1376.7340087890625,,22255.895675955217,,2,0.83368,105742.8874047218
bigann1m,BIGANN-1M,3,10000,throughput,default,Default CAGRA,512,0.03,10,0.056323923702620945,,1376.7340087890625,,22255.895675955217,,4,0.87701,110926.62493034398
bigann1m,BIGANN-1M,3,10000,throughput,current,FAVOR: current penalty,512,0.03,10,0.056323923702620945,1.0,1376.7340087890625,1376.7340087890625,22255.895675955217,22255.895675955217,1,0.88642,78683.72761855584
bigann1m,BIGANN-1M,3,10000,throughput,current,FAVOR: current penalty,512,0.03,10,0.056323923702620945,1.0,1376.7340087890625,1376.7340087890625,22255.895675955217,22255.895675955217,2,0.88687,99457.94228521059
bigann1m,BIGANN-1M,3,10000,throughput,current,FAVOR: current penalty,512,0.03,10,0.056323923702620945,1.0,1376.7340087890625,1376.7340087890625,22255.895675955217,22255.895675955217,4,0.88744,104652.52582563944
bigann1m,BIGANN-1M,3,10000,throughput,zero,FAVOR: zero penalty,512,0.03,10,0.056323923702620945,0.0,1376.7340087890625,0.0,22255.895675955217,0.0,1,0.97149,79387.70644140651
bigann1m,BIGANN-1M,3,10000,throughput,zero,FAVOR: zero penalty,512,0.03,10,0.056323923702620945,0.0,1376.7340087890625,0.0,22255.895675955217,0.0,2,0.97154,102998.90442744378
bigann1m,BIGANN-1M,3,10000,throughput,zero,FAVOR: zero penalty,512,0.03,10,0.056323923702620945,0.0,1376.7340087890625,0.0,22255.895675955217,0.0,4,0.97156,110670.09897239183
bigann1m,BIGANN-1M,3,10000,throughput,hard05,"FAVOR: hard gate, epsilon=0.05",512,0.03,10,0.056323923702620945,1.0,1376.7340087890625,1376.7340087890625,22255.895675955217,22255.895675955217,1,0.88642,78474.58619572836
bigann1m,BIGANN-1M,3,10000,throughput,hard05,"FAVOR: hard gate, epsilon=0.05",512,0.03,10,0.056323923702620945,1.0,1376.7340087890625,1376.7340087890625,22255.895675955217,22255.895675955217,2,0.88687,99165.51557639829
bigann1m,BIGANN-1M,3,10000,throughput,hard05,"FAVOR: hard gate, epsilon=0.05",512,0.03,10,0.056323923702620945,1.0,1376.7340087890625,1376.7340087890625,22255.895675955217,22255.895675955217,4,0.88744,104589.57679328514
bigann1m,BIGANN-1M,3,10000,throughput,hard10,"FAVOR: hard gate, epsilon=0.10",512,0.03,10,0.056323923702620945,0.0,1376.7340087890625,0.0,22255.895675955217,0.0,1,0.97149,79709.62071646035
bigann1m,BIGANN-1M,3,10000,throughput,hard10,"FAVOR: hard gate, epsilon=0.10",512,0.03,10,0.056323923702620945,0.0,1376.7340087890625,0.0,22255.895675955217,0.0,2,0.97154,103434.82683138663
bigann1m,BIGANN-1M,3,10000,throughput,hard10,"FAVOR: hard gate, epsilon=0.10",512,0.03,10,0.056323923702620945,0.0,1376.7340087890625,0.0,22255.895675955217,0.0,4,0.97156,110986.10129398778
bigann1m,BIGANN-1M,3,10000,throughput,smooth2,"FAVOR: smooth gate, r=2",512,0.03,10,0.056323923702620945,0.0031723843812586656,1376.7340087890625,4.367529466630052,22255.895675955217,70.6042558333226,1,0.88624,78008.35343602265
bigann1m,BIGANN-1M,3,10000,throughput,smooth2,"FAVOR: smooth gate, r=2",512,0.03,10,0.056323923702620945,0.0031723843812586656,1376.7340087890625,4.367529466630052,22255.895675955217,70.6042558333226,2,0.88675,99423.27805028236
bigann1m,BIGANN-1M,3,10000,throughput,smooth2,"FAVOR: smooth gate, r=2",512,0.03,10,0.056323923702620945,0.0031723843812586656,1376.7340087890625,4.367529466630052,22255.895675955217,70.6042558333226,4,0.88734,104631.17021389307
bigann1m,BIGANN-1M,3,10000,throughput,smooth4,"FAVOR: smooth gate, r=4",512,0.03,10,0.056323923702620945,1.0064022662453927e-05,1376.7340087890625,0.013855482264624169,22255.895675955217,0.22398383845602365,1,0.98381,79365.96624562482
bigann1m,BIGANN-1M,3,10000,throughput,smooth4,"FAVOR: smooth gate, r=4",512,0.03,10,0.056323923702620945,1.0064022662453927e-05,1376.7340087890625,0.013855482264624169,22255.895675955217,0.22398383845602365,2,0.98384,103032.55159956103
bigann1m,BIGANN-1M,3,10000,throughput,smooth4,"FAVOR: smooth gate, r=4",512,0.03,10,0.056323923702620945,1.0064022662453927e-05,1376.7340087890625,0.013855482264624169,22255.895675955217,0.22398383845602365,4,0.98392,110487.39828586031
bigann1m,BIGANN-1M,4,10000,throughput,default,Default CAGRA,512,0.04,10,0.0032767871219688523,,1376.7340087890625,,16519.517417335508,,1,0.95252,80095.34196919556
bigann1m,BIGANN-1M,4,10000,throughput,default,Default CAGRA,512,0.04,10,0.0032767871219688523,,1376.7340087890625,,16519.517417335508,,2,0.85824,105599.90264770422
bigann1m,BIGANN-1M,4,10000,throughput,default,Default CAGRA,512,0.04,10,0.0032767871219688523,,1376.7340087890625,,16519.517417335508,,4,0.92812,110694.45350434651
bigann1m,BIGANN-1M,4,10000,throughput,current,FAVOR: current penalty,512,0.04,10,0.0032767871219688523,1.0,1376.7340087890625,1376.7340087890625,16519.517417335508,16519.517417335508,1,0.06774,77879.73905707874
bigann1m,BIGANN-1M,4,10000,throughput,current,FAVOR: current penalty,512,0.04,10,0.0032767871219688523,1.0,1376.7340087890625,1376.7340087890625,16519.517417335508,16519.517417335508,2,0.06763,98981.47011690913
bigann1m,BIGANN-1M,4,10000,throughput,current,FAVOR: current penalty,512,0.04,10,0.0032767871219688523,1.0,1376.7340087890625,1376.7340087890625,16519.517417335508,16519.517417335508,4,0.06729,102904.15559383573
bigann1m,BIGANN-1M,4,10000,throughput,zero,FAVOR: zero penalty,512,0.04,10,0.0032767871219688523,0.0,1376.7340087890625,0.0,16519.517417335508,0.0,1,0.98216,79520.04563013457
bigann1m,BIGANN-1M,4,10000,throughput,zero,FAVOR: zero penalty,512,0.04,10,0.0032767871219688523,0.0,1376.7340087890625,0.0,16519.517417335508,0.0,2,0.98222,103036.33091940785
bigann1m,BIGANN-1M,4,10000,throughput,zero,FAVOR: zero penalty,512,0.04,10,0.0032767871219688523,0.0,1376.7340087890625,0.0,16519.517417335508,0.0,4,0.98218,110436.1885282949
bigann1m,BIGANN-1M,4,10000,throughput,hard05,"FAVOR: hard gate, epsilon=0.05",512,0.04,10,0.0032767871219688523,0.0,1376.7340087890625,0.0,16519.517417335508,0.0,1,0.98216,79661.39287831064
bigann1m,BIGANN-1M,4,10000,throughput,hard05,"FAVOR: hard gate, epsilon=0.05",512,0.04,10,0.0032767871219688523,0.0,1376.7340087890625,0.0,16519.517417335508,0.0,2,0.98222,103312.59471183203
bigann1m,BIGANN-1M,4,10000,throughput,hard05,"FAVOR: hard gate, epsilon=0.05",512,0.04,10,0.0032767871219688523,0.0,1376.7340087890625,0.0,16519.517417335508,0.0,4,0.98218,111070.74677058932
bigann1m,BIGANN-1M,4,10000,throughput,hard10,"FAVOR: hard gate, epsilon=0.10",512,0.04,10,0.0032767871219688523,0.0,1376.7340087890625,0.0,16519.517417335508,0.0,1,0.98216,79500.20226349753
bigann1m,BIGANN-1M,4,10000,throughput,hard10,"FAVOR: hard gate, epsilon=0.10",512,0.04,10,0.0032767871219688523,0.0,1376.7340087890625,0.0,16519.517417335508,0.0,2,0.98222,103007.8264672381
bigann1m,BIGANN-1M,4,10000,throughput,hard10,"FAVOR: hard gate, epsilon=0.10",512,0.04,10,0.0032767871219688523,0.0,1376.7340087890625,0.0,16519.517417335508,0.0,4,0.98218,110577.1924209451
bigann1m,BIGANN-1M,4,10000,throughput,smooth2,"FAVOR: smooth gate, r=2",512,0.04,10,0.0032767871219688523,1.0737333842700914e-05,1376.7340087890625,0.014782452664968098,16519.517417335508,0.17737557343024374,1,0.9857,79708.91706644045
bigann1m,BIGANN-1M,4,10000,throughput,smooth2,"FAVOR: smooth gate, r=2",512,0.04,10,0.0032767871219688523,1.0737333842700914e-05,1376.7340087890625,0.014782452664968098,16519.517417335508,0.17737557343024374,2,0.98571,103479.82935749859
bigann1m,BIGANN-1M,4,10000,throughput,smooth2,"FAVOR: smooth gate, r=2",512,0.04,10,0.0032767871219688523,1.0737333842700914e-05,1376.7340087890625,0.014782452664968098,16519.517417335508,0.17737557343024374,4,0.98574,110896.00695336082
bigann1m,BIGANN-1M,4,10000,throughput,smooth4,"FAVOR: smooth gate, r=4",512,0.04,10,0.0032767871219688523,1.1529033804961038e-10,1376.7340087890625,1.5872412927768628e-07,16519.517417335508,1.9045407474610373e-06,1,0.98214,79488.5525266003
bigann1m,BIGANN-1M,4,10000,throughput,smooth4,"FAVOR: smooth gate, r=4",512,0.04,10,0.0032767871219688523,1.1529033804961038e-10,1376.7340087890625,1.5872412927768628e-07,16519.517417335508,1.9045407474610373e-06,2,0.98217,102938.6645146615
bigann1m,BIGANN-1M,4,10000,throughput,smooth4,"FAVOR: smooth gate, r=4",512,0.04,10,0.0032767871219688523,1.1529033804961038e-10,1376.7340087890625,1.5872412927768628e-07,16519.517417335508,1.9045407474610373e-06,4,0.98221,110513.24305735243
bigann1m,BIGANN-1M,5,10000,throughput,default,Default CAGRA,512,0.05,10,0.00011159193672776274,,1376.7340087890625,,13077.695840030907,,1,0.94889,79959.7185375997
bigann1m,BIGANN-1M,5,10000,throughput,default,Default CAGRA,512,0.05,10,0.00011159193672776274,,1376.7340087890625,,13077.695840030907,,2,0.88709,105430.5686910686
bigann1m,BIGANN-1M,5,10000,throughput,default,Default CAGRA,512,0.05,10,0.00011159193672776274,,1376.7340087890625,,13077.695840030907,,4,0.96279,110634.45117893803
bigann1m,BIGANN-1M,5,10000,throughput,current,FAVOR: current penalty,512,0.05,10,0.00011159193672776274,1.0,1376.7340087890625,1376.7340087890625,13077.695840030907,13077.695840030907,1,0.27936,76183.37706197688
bigann1m,BIGANN-1M,5,10000,throughput,current,FAVOR: current penalty,512,0.05,10,0.00011159193672776274,1.0,1376.7340087890625,1376.7340087890625,13077.695840030907,13077.695840030907,2,0.27975,96164.5740496772
bigann1m,BIGANN-1M,5,10000,throughput,current,FAVOR: current penalty,512,0.05,10,0.00011159193672776274,1.0,1376.7340087890625,1376.7340087890625,13077.695840030907,13077.695840030907,4,0.2799,99010.52642259418
bigann1m,BIGANN-1M,5,10000,throughput,zero,FAVOR: zero penalty,512,0.05,10,0.00011159193672776274,0.0,1376.7340087890625,0.0,13077.695840030907,0.0,1,0.98326,79711.23774584719
bigann1m,BIGANN-1M,5,10000,throughput,zero,FAVOR: zero penalty,512,0.05,10,0.00011159193672776274,0.0,1376.7340087890625,0.0,13077.695840030907,0.0,2,0.98323,103348.41954759965
bigann1m,BIGANN-1M,5,10000,throughput,zero,FAVOR: zero penalty,512,0.05,10,0.00011159193672776274,0.0,1376.7340087890625,0.0,13077.695840030907,0.0,4,0.98326,111051.73256882826
bigann1m,BIGANN-1M,5,10000,throughput,hard05,"FAVOR: hard gate, epsilon=0.05",512,0.05,10,0.00011159193672776274,0.0,1376.7340087890625,0.0,13077.695840030907,0.0,1,0.98326,79452.25551299518
bigann1m,BIGANN-1M,5,10000,throughput,hard05,"FAVOR: hard gate, epsilon=0.05",512,0.05,10,0.00011159193672776274,0.0,1376.7340087890625,0.0,13077.695840030907,0.0,2,0.98323,103014.34675351917
bigann1m,BIGANN-1M,5,10000,throughput,hard05,"FAVOR: hard gate, epsilon=0.05",512,0.05,10,0.00011159193672776274,0.0,1376.7340087890625,0.0,13077.695840030907,0.0,4,0.98326,110597.22153763354
bigann1m,BIGANN-1M,5,10000,throughput,hard10,"FAVOR: hard gate, epsilon=0.10",512,0.05,10,0.00011159193672776274,0.0,1376.7340087890625,0.0,13077.695840030907,0.0,1,0.98326,79677.37006985547
bigann1m,BIGANN-1M,5,10000,throughput,hard10,"FAVOR: hard gate, epsilon=0.10",512,0.05,10,0.00011159193672776274,0.0,1376.7340087890625,0.0,13077.695840030907,0.0,2,0.98323,103371.30309443832
bigann1m,BIGANN-1M,5,10000,throughput,hard10,"FAVOR: hard gate, epsilon=0.10",512,0.05,10,0.00011159193672776274,0.0,1376.7340087890625,0.0,13077.695840030907,0.0,4,0.98326,111029.92109412771
bigann1m,BIGANN-1M,5,10000,throughput,smooth2,"FAVOR: smooth gate, r=2",512,0.05,10,0.00011159193672776274,1.2452760342653001e-08,1376.7340087890625,1.7144138667030126e-05,13077.695840030907,0.000162853412130015,1,0.98339,79402.76227928959
bigann1m,BIGANN-1M,5,10000,throughput,smooth2,"FAVOR: smooth gate, r=2",512,0.05,10,0.00011159193672776274,1.2452760342653001e-08,1376.7340087890625,1.7144138667030126e-05,13077.695840030907,0.000162853412130015,2,0.98341,102975.20104793382
bigann1m,BIGANN-1M,5,10000,throughput,smooth2,"FAVOR: smooth gate, r=2",512,0.05,10,0.00011159193672776274,1.2452760342653001e-08,1376.7340087890625,1.7144138667030126e-05,13077.695840030907,0.000162853412130015,4,0.98343,110689.0280111638
bigann1m,BIGANN-1M,5,10000,throughput,smooth4,"FAVOR: smooth gate, r=4",512,0.05,10,0.00011159193672776274,1.550712401515513e-16,1376.7340087890625,2.1349185010173664e-13,13077.695840030907,2.027974512238376e-12,1,0.98326,79629.82895729896
bigann1m,BIGANN-1M,5,10000,throughput,smooth4,"FAVOR: smooth gate, r=4",512,0.05,10,0.00011159193672776274,1.550712401515513e-16,1376.7340087890625,2.1349185010173664e-13,13077.695840030907,2.027974512238376e-12,2,0.98323,103363.58152664552
bigann1m,BIGANN-1M,5,10000,throughput,smooth4,"FAVOR: smooth gate, r=4",512,0.05,10,0.00011159193672776274,1.550712401515513e-16,1376.7340087890625,2.1349185010173664e-13,13077.695840030907,2.027974512238376e-12,4,0.98326,111137.60425210382
bigann1m,BIGANN-1M,6,10000,throughput,default,Default CAGRA,512,0.06,10,2.6035480466465967e-06,,1376.7340087890625,,10783.152603383858,,1,0.9497,79977.24806867752
bigann1m,BIGANN-1M,6,10000,throughput,default,Default CAGRA,512,0.06,10,2.6035480466465967e-06,,1376.7340087890625,,10783.152603383858,,2,0.91401,105000.96753963831
bigann1m,BIGANN-1M,6,10000,throughput,default,Default CAGRA,512,0.06,10,2.6035480466465967e-06,,1376.7340087890625,,10783.152603383858,,4,0.98213,110481.17730545302
bigann1m,BIGANN-1M,6,10000,throughput,current,FAVOR: current penalty,512,0.06,10,2.6035480466465967e-06,1.0,1376.7340087890625,1376.7340087890625,10783.152603383858,10783.152603383858,1,0.46426,75671.36657578626
bigann1m,BIGANN-1M,6,10000,throughput,current,FAVOR: current penalty,512,0.06,10,2.6035480466465967e-06,1.0,1376.7340087890625,1376.7340087890625,10783.152603383858,10783.152603383858,2,0.4648,95564.318451856
bigann1m,BIGANN-1M,6,10000,throughput,current,FAVOR: current penalty,512,0.06,10,2.6035480466465967e-06,1.0,1376.7340087890625,1376.7340087890625,10783.152603383858,10783.152603383858,4,0.46551,98909.78242238419
bigann1m,BIGANN-1M,6,10000,throughput,zero,FAVOR: zero penalty,512,0.06,10,2.6035480466465967e-06,0.0,1376.7340087890625,0.0,10783.152603383858,0.0,1,0.9835,79673.30566491629
bigann1m,BIGANN-1M,6,10000,throughput,zero,FAVOR: zero penalty,512,0.06,10,2.6035480466465967e-06,0.0,1376.7340087890625,0.0,10783.152603383858,0.0,2,0.98351,103435.03047103503
bigann1m,BIGANN-1M,6,10000,throughput,zero,FAVOR: zero penalty,512,0.06,10,2.6035480466465967e-06,0.0,1376.7340087890625,0.0,10783.152603383858,0.0,4,0.98354,111111.69382986287
bigann1m,BIGANN-1M,6,10000,throughput,hard05,"FAVOR: hard gate, epsilon=0.05",512,0.06,10,2.6035480466465967e-06,0.0,1376.7340087890625,0.0,10783.152603383858,0.0,1,0.9835,79458.15040558905
bigann1m,BIGANN-1M,6,10000,throughput,hard05,"FAVOR: hard gate, epsilon=0.05",512,0.06,10,2.6035480466465967e-06,0.0,1376.7340087890625,0.0,10783.152603383858,0.0,2,0.98351,103026.18115124085
bigann1m,BIGANN-1M,6,10000,throughput,hard05,"FAVOR: hard gate, epsilon=0.05",512,0.06,10,2.6035480466465967e-06,0.0,1376.7340087890625,0.0,10783.152603383858,0.0,4,0.98354,110702.00406188722
bigann1m,BIGANN-1M,6,10000,throughput,hard10,"FAVOR: hard gate, epsilon=0.10",512,0.06,10,2.6035480466465967e-06,0.0,1376.7340087890625,0.0,10783.152603383858,0.0,1,0.9835,79637.95851325033
bigann1m,BIGANN-1M,6,10000,throughput,hard10,"FAVOR: hard gate, epsilon=0.10",512,0.06,10,2.6035480466465967e-06,0.0,1376.7340087890625,0.0,10783.152603383858,0.0,2,0.98351,103565.99111820883
bigann1m,BIGANN-1M,6,10000,throughput,hard10,"FAVOR: hard gate, epsilon=0.10",512,0.06,10,2.6035480466465967e-06,0.0,1376.7340087890625,0.0,10783.152603383858,0.0,4,0.98353,111017.68273906698
bigann1m,BIGANN-1M,6,10000,throughput,smooth2,"FAVOR: smooth gate, r=2",512,0.06,10,2.6035480466465967e-06,6.77846243119731e-12,1376.7340087890625,9.332139756328327e-09,10783.152603383858,7.309319481190495e-08,1,0.98355,79416.4498346767
bigann1m,BIGANN-1M,6,10000,throughput,smooth2,"FAVOR: smooth gate, r=2",512,0.06,10,2.6035480466465967e-06,6.77846243119731e-12,1376.7340087890625,9.332139756328327e-09,10783.152603383858,7.309319481190495e-08,2,0.98358,103021.71162975219
bigann1m,BIGANN-1M,6,10000,throughput,smooth2,"FAVOR: smooth gate, r=2",512,0.06,10,2.6035480466465967e-06,6.77846243119731e-12,1376.7340087890625,9.332139756328327e-09,10783.152603383858,7.309319481190495e-08,4,0.98359,110505.35920054831
bigann1m,BIGANN-1M,6,10000,throughput,smooth4,"FAVOR: smooth gate, r=4",512,0.06,10,2.6035480466465967e-06,4.594755293115334e-23,1376.7340087890625,6.325755874095438e-20,10783.152603383858,4.954594750086837e-19,1,0.9835,79606.05764795285
bigann1m,BIGANN-1M,6,10000,throughput,smooth4,"FAVOR: smooth gate, r=4",512,0.06,10,2.6035480466465967e-06,4.594755293115334e-23,1376.7340087890625,6.325755874095438e-20,10783.152603383858,4.954594750086837e-19,2,0.98351,103377.77329731807
bigann1m,BIGANN-1M,6,10000,throughput,smooth4,"FAVOR: smooth gate, r=4",512,0.06,10,2.6035480466465967e-06,4.594755293115334e-23,1376.7340087890625,6.325755874095438e-20,10783.152603383858,4.954594750086837e-19,4,0.98354,111208.61058958425
bigann1m,BIGANN-1M,7,10000,throughput,default,Default CAGRA,512,0.07,10,4.560815321520411e-08,,1376.7340087890625,,9144.196989969696,,1,0.94999,79899.71212208678
bigann1m,BIGANN-1M,7,10000,throughput,default,Default CAGRA,512,0.07,10,4.560815321520411e-08,,1376.7340087890625,,9144.196989969696,,2,0.9359,104546.47711161214
bigann1m,BIGANN-1M,7,10000,throughput,default,Default CAGRA,512,0.07,10,4.560815321520411e-08,,1376.7340087890625,,9144.196989969696,,4,0.99094,110395.43386357836
bigann1m,BIGANN-1M,7,10000,throughput,current,FAVOR: current penalty,512,0.07,10,4.560815321520411e-08,1.0,1376.7340087890625,1376.7340087890625,9144.196989969696,9144.196989969696,1,0.61293,75571.18172846852
bigann1m,BIGANN-1M,7,10000,throughput,current,FAVOR: current penalty,512,0.07,10,4.560815321520411e-08,1.0,1376.7340087890625,1376.7340087890625,9144.196989969696,9144.196989969696,2,0.61305,95560.25981411253
bigann1m,BIGANN-1M,7,10000,throughput,current,FAVOR: current penalty,512,0.07,10,4.560815321520411e-08,1.0,1376.7340087890625,1376.7340087890625,9144.196989969696,9144.196989969696,4,0.61377,99125.65358584578
bigann1m,BIGANN-1M,7,10000,throughput,zero,FAVOR: zero penalty,512,0.07,10,4.560815321520411e-08,0.0,1376.7340087890625,0.0,9144.196989969696,0.0,1,0.98443,79663.04634113937
bigann1m,BIGANN-1M,7,10000,throughput,zero,FAVOR: zero penalty,512,0.07,10,4.560815321520411e-08,0.0,1376.7340087890625,0.0,9144.196989969696,0.0,2,0.98442,103535.68604244101
bigann1m,BIGANN-1M,7,10000,throughput,zero,FAVOR: zero penalty,512,0.07,10,4.560815321520411e-08,0.0,1376.7340087890625,0.0,9144.196989969696,0.0,4,0.98445,111061.42921947516
bigann1m,BIGANN-1M,7,10000,throughput,hard05,"FAVOR: hard gate, epsilon=0.05",512,0.07,10,4.560815321520411e-08,0.0,1376.7340087890625,0.0,9144.196989969696,0.0,1,0.98443,79420.04275952418
bigann1m,BIGANN-1M,7,10000,throughput,hard05,"FAVOR: hard gate, epsilon=0.05",512,0.07,10,4.560815321520411e-08,0.0,1376.7340087890625,0.0,9144.196989969696,0.0,2,0.98442,103175.51573591343
bigann1m,BIGANN-1M,7,10000,throughput,hard05,"FAVOR: hard gate, epsilon=0.05",512,0.07,10,4.560815321520411e-08,0.0,1376.7340087890625,0.0,9144.196989969696,0.0,4,0.98444,110721.28484559244
bigann1m,BIGANN-1M,7,10000,throughput,hard10,"FAVOR: hard gate, epsilon=0.10",512,0.07,10,4.560815321520411e-08,0.0,1376.7340087890625,0.0,9144.196989969696,0.0,1,0.98443,79664.48950178239
bigann1m,BIGANN-1M,7,10000,throughput,hard10,"FAVOR: hard gate, epsilon=0.10",512,0.07,10,4.560815321520411e-08,0.0,1376.7340087890625,0.0,9144.196989969696,0.0,2,0.98442,103361.70900110896
bigann1m,BIGANN-1M,7,10000,throughput,hard10,"FAVOR: hard gate, epsilon=0.10",512,0.07,10,4.560815321520411e-08,0.0,1376.7340087890625,0.0,9144.196989969696,0.0,4,0.98444,111132.45348386958
bigann1m,BIGANN-1M,7,10000,throughput,smooth2,"FAVOR: smooth gate, r=2",512,0.07,10,4.560815321520411e-08,2.080103639701533e-15,1376.7340087890625,2.8637494225830112e-12,9144.196989969696,1.9020877440983767e-11,1,0.98443,79553.1268556806
bigann1m,BIGANN-1M,7,10000,throughput,smooth2,"FAVOR: smooth gate, r=2",512,0.07,10,4.560815321520411e-08,2.080103639701533e-15,1376.7340087890625,2.8637494225830112e-12,9144.196989969696,1.9020877440983767e-11,2,0.98442,103127.27834552752
bigann1m,BIGANN-1M,7,10000,throughput,smooth2,"FAVOR: smooth gate, r=2",512,0.07,10,4.560815321520411e-08,2.080103639701533e-15,1376.7340087890625,2.8637494225830112e-12,9144.196989969696,1.9020877440983767e-11,4,0.98445,110576.2134184438
bigann1m,BIGANN-1M,7,10000,throughput,smooth4,"FAVOR: smooth gate, r=4",512,0.07,10,4.560815321520411e-08,4.326831151899566e-30,1376.7340087890625,5.9568955971080864e-27,9144.196989969696,3.956539639530712e-26,1,0.98443,79614.35411314426
bigann1m,BIGANN-1M,7,10000,throughput,smooth4,"FAVOR: smooth gate, r=4",512,0.07,10,4.560815321520411e-08,4.326831151899566e-30,1376.7340087890625,5.9568955971080864e-27,9144.196989969696,3.956539639530712e-26,2,0.98442,103443.51745642308
bigann1m,BIGANN-1M,7,10000,throughput,smooth4,"FAVOR: smooth gate, r=4",512,0.07,10,4.560815321520411e-08,4.326831151899566e-30,1376.7340087890625,5.9568955971080864e-27,9144.196989969696,3.956539639530712e-26,4,0.98445,111150.47236709594
bigann1m,BIGANN-1M,8,10000,throughput,default,Default CAGRA,512,0.08,10,6.350804920082874e-10,,1376.7340087890625,,7914.983641076088,,1,0.95078,79972.81404499362
bigann1m,BIGANN-1M,8,10000,throughput,default,Default CAGRA,512,0.08,10,6.350804920082874e-10,,1376.7340087890625,,7914.983641076088,,2,0.95348,104654.71374704532
bigann1m,BIGANN-1M,8,10000,throughput,default,Default CAGRA,512,0.08,10,6.350804920082874e-10,,1376.7340087890625,,7914.983641076088,,4,0.99556,110253.22019089964
bigann1m,BIGANN-1M,8,10000,throughput,current,FAVOR: current penalty,512,0.08,10,6.350804920082874e-10,1.0,1376.7340087890625,1376.7340087890625,7914.983641076088,7914.983641076088,1,0.70611,75490.50038133314
bigann1m,BIGANN-1M,8,10000,throughput,current,FAVOR: current penalty,512,0.08,10,6.350804920082874e-10,1.0,1376.7340087890625,1376.7340087890625,7914.983641076088,7914.983641076088,2,0.70713,95478.80670731353
bigann1m,BIGANN-1M,8,10000,throughput,current,FAVOR: current penalty,512,0.08,10,6.350804920082874e-10,1.0,1376.7340087890625,1376.7340087890625,7914.983641076088,7914.983641076088,4,0.70809,99675.57196761177
bigann1m,BIGANN-1M,8,10000,throughput,zero,FAVOR: zero penalty,512,0.08,10,6.350804920082874e-10,0.0,1376.7340087890625,0.0,7914.983641076088,0.0,1,0.98502,79456.73711855547
bigann1m,BIGANN-1M,8,10000,throughput,zero,FAVOR: zero penalty,512,0.08,10,6.350804920082874e-10,0.0,1376.7340087890625,0.0,7914.983641076088,0.0,2,0.98503,102586.22822340851
bigann1m,BIGANN-1M,8,10000,throughput,zero,FAVOR: zero penalty,512,0.08,10,6.350804920082874e-10,0.0,1376.7340087890625,0.0,7914.983641076088,0.0,4,0.98497,110764.993485473
bigann1m,BIGANN-1M,8,10000,throughput,hard05,"FAVOR: hard gate, epsilon=0.05",512,0.08,10,6.350804920082874e-10,0.0,1376.7340087890625,0.0,7914.983641076088,0.0,1,0.98502,79405.23288904056
bigann1m,BIGANN-1M,8,10000,throughput,hard05,"FAVOR: hard gate, epsilon=0.05",512,0.08,10,6.350804920082874e-10,0.0,1376.7340087890625,0.0,7914.983641076088,0.0,2,0.98503,102289.56402487318
bigann1m,BIGANN-1M,8,10000,throughput,hard05,"FAVOR: hard gate, epsilon=0.05",512,0.08,10,6.350804920082874e-10,0.0,1376.7340087890625,0.0,7914.983641076088,0.0,4,0.98499,110516.77562280076
bigann1m,BIGANN-1M,8,10000,throughput,hard10,"FAVOR: hard gate, epsilon=0.10",512,0.08,10,6.350804920082874e-10,0.0,1376.7340087890625,0.0,7914.983641076088,0.0,1,0.98502,79197.08789020937
bigann1m,BIGANN-1M,8,10000,throughput,hard10,"FAVOR: hard gate, epsilon=0.10",512,0.08,10,6.350804920082874e-10,0.0,1376.7340087890625,0.0,7914.983641076088,0.0,2,0.98502,102687.47673596155
bigann1m,BIGANN-1M,8,10000,throughput,hard10,"FAVOR: hard gate, epsilon=0.10",512,0.08,10,6.350804920082874e-10,0.0,1376.7340087890625,0.0,7914.983641076088,0.0,4,0.98499,110105.93931308566
bigann1m,BIGANN-1M,8,10000,throughput,smooth2,"FAVOR: smooth gate, r=2",512,0.08,10,6.350804920082874e-10,4.0332723132948834e-19,1376.7340087890625,5.552743160420401e-16,7914.983641076088,3.1923284379734114e-15,1,0.98502,79041.71844003825
bigann1m,BIGANN-1M,8,10000,throughput,smooth2,"FAVOR: smooth gate, r=2",512,0.08,10,6.350804920082874e-10,4.0332723132948834e-19,1376.7340087890625,5.552743160420401e-16,7914.983641076088,3.1923284379734114e-15,2,0.98503,102193.94247947466
bigann1m,BIGANN-1M,8,10000,throughput,smooth2,"FAVOR: smooth gate, r=2",512,0.08,10,6.350804920082874e-10,4.0332723132948834e-19,1376.7340087890625,5.552743160420401e-16,7914.983641076088,3.1923284379734114e-15,4,0.98498,109901.0206918797
bigann1m,BIGANN-1M,8,10000,throughput,smooth4,"FAVOR: smooth gate, r=4",512,0.08,10,6.350804920082874e-10,1.6267285553191061e-37,1376.7340087890625,2.2395725251761133e-34,7914.983641076088,1.2875529903822063e-33,1,0.98502,79233.68382086413
bigann1m,BIGANN-1M,8,10000,throughput,smooth4,"FAVOR: smooth gate, r=4",512,0.08,10,6.350804920082874e-10,1.6267285553191061e-37,1376.7340087890625,2.2395725251761133e-34,7914.983641076088,1.2875529903822063e-33,2,0.98503,102642.09091172299
bigann1m,BIGANN-1M,8,10000,throughput,smooth4,"FAVOR: smooth gate, r=4",512,0.08,10,6.350804920082874e-10,1.6267285553191061e-37,1376.7340087890625,2.2395725251761133e-34,7914.983641076088,1.2875529903822063e-33,4,0.98498,110340.12583292756
bigann1m,BIGANN-1M,10,10000,throughput,default,Default CAGRA,512,0.1,10,7.10108452886116e-14,,1376.7340087890625,,6194.093019425869,,1,0.95373,80126.05462535117
bigann1m,BIGANN-1M,10,10000,throughput,default,Default CAGRA,512,0.1,10,7.10108452886116e-14,,1376.7340087890625,,6194.093019425869,,2,0.97712,104478.52272627046
bigann1m,BIGANN-1M,10,10000,throughput,default,Default CAGRA,512,0.1,10,7.10108452886116e-14,,1376.7340087890625,,6194.093019425869,,4,0.99827,110193.80886298393
bigann1m,BIGANN-1M,10,10000,throughput,current,FAVOR: current penalty,512,0.1,10,7.10108452886116e-14,1.0,1376.7340087890625,1376.7340087890625,6194.093019425869,6194.093019425869,1,0.8251,75360.27212348783
bigann1m,BIGANN-1M,10,10000,throughput,current,FAVOR: current penalty,512,0.1,10,7.10108452886116e-14,1.0,1376.7340087890625,1376.7340087890625,6194.093019425869,6194.093019425869,2,0.82558,95438.77115923817
bigann1m,BIGANN-1M,10,10000,throughput,current,FAVOR: current penalty,512,0.1,10,7.10108452886116e-14,1.0,1376.7340087890625,1376.7340087890625,6194.093019425869,6194.093019425869,4,0.82615,100415.8283104542
bigann1m,BIGANN-1M,10,10000,throughput,zero,FAVOR: zero penalty,512,0.1,10,7.10108452886116e-14,0.0,1376.7340087890625,0.0,6194.093019425869,0.0,1,0.98615,79108.6461841932
bigann1m,BIGANN-1M,10,10000,throughput,zero,FAVOR: zero penalty,512,0.1,10,7.10108452886116e-14,0.0,1376.7340087890625,0.0,6194.093019425869,0.0,2,0.98615,102224.2737881791
bigann1m,BIGANN-1M,10,10000,throughput,zero,FAVOR: zero penalty,512,0.1,10,7.10108452886116e-14,0.0,1376.7340087890625,0.0,6194.093019425869,0.0,4,0.98617,110097.16635853208
bigann1m,BIGANN-1M,10,10000,throughput,hard05,"FAVOR: hard gate, epsilon=0.05",512,0.1,10,7.10108452886116e-14,0.0,1376.7340087890625,0.0,6194.093019425869,0.0,1,0.98615,79051.85333644149
bigann1m,BIGANN-1M,10,10000,throughput,hard05,"FAVOR: hard gate, epsilon=0.05",512,0.1,10,7.10108452886116e-14,0.0,1376.7340087890625,0.0,6194.093019425869,0.0,2,0.98615,102589.72544360178
bigann1m,BIGANN-1M,10,10000,throughput,hard05,"FAVOR: hard gate, epsilon=0.05",512,0.1,10,7.10108452886116e-14,0.0,1376.7340087890625,0.0,6194.093019425869,0.0,4,0.98617,110395.15721571053
bigann1m,BIGANN-1M,10,10000,throughput,hard10,"FAVOR: hard gate, epsilon=0.10",512,0.1,10,7.10108452886116e-14,0.0,1376.7340087890625,0.0,6194.093019425869,0.0,1,0.98615,78899.82774543866
bigann1m,BIGANN-1M,10,10000,throughput,hard10,"FAVOR: hard gate, epsilon=0.10",512,0.1,10,7.10108452886116e-14,0.0,1376.7340087890625,0.0,6194.093019425869,0.0,2,0.98615,102305.1927782124
bigann1m,BIGANN-1M,10,10000,throughput,hard10,"FAVOR: hard gate, epsilon=0.10",512,0.1,10,7.10108452886116e-14,0.0,1376.7340087890625,0.0,6194.093019425869,0.0,4,0.98617,110373.85058174675
bigann1m,BIGANN-1M,10,10000,throughput,smooth2,"FAVOR: smooth gate, r=2",512,0.1,10,7.10108452886116e-14,5.0425401486031324e-27,1376.7340087890625,6.942236513266185e-24,6194.093019425869,3.1233962734637346e-23,1,0.98615,79099.10798453283
bigann1m,BIGANN-1M,10,10000,throughput,smooth2,"FAVOR: smooth gate, r=2",512,0.1,10,7.10108452886116e-14,5.0425401486031324e-27,1376.7340087890625,6.942236513266185e-24,6194.093019425869,3.1233962734637346e-23,2,0.98615,102517.78590164948
bigann1m,BIGANN-1M,10,10000,throughput,smooth2,"FAVOR: smooth gate, r=2",512,0.1,10,7.10108452886116e-14,5.0425401486031324e-27,1376.7340087890625,6.942236513266185e-24,6194.093019425869,3.1233962734637346e-23,4,0.98617,110267.10545153174
bigann1m,BIGANN-1M,10,10000,throughput,smooth4,"FAVOR: smooth gate, r=4",512,0.1,10,7.10108452886116e-14,2.54272111502745e-53,1376.7340087890625,3.500650633924336e-50,6194.093019425869,1.5749851108938291e-49,1,0.98615,78914.65891885465
bigann1m,BIGANN-1M,10,10000,throughput,smooth4,"FAVOR: smooth gate, r=4",512,0.1,10,7.10108452886116e-14,2.54272111502745e-53,1376.7340087890625,3.500650633924336e-50,6194.093019425869,1.5749851108938291e-49,2,0.98615,102173.99630761895
bigann1m,BIGANN-1M,10,10000,throughput,smooth4,"FAVOR: smooth gate, r=4",512,0.1,10,7.10108452886116e-14,2.54272111502745e-53,1376.7340087890625,3.500650633924336e-50,6194.093019425869,1.5749851108938291e-49,4,0.98617,110000.91103281743
bigann1m,BIGANN-1M,50,10000,throughput,default,Default CAGRA,512,0.5,10,4.714235903299686e-136,,1376.7340087890625,,687.6947709918022,,1,0.99971,80464.59160779313
bigann1m,BIGANN-1M,50,10000,throughput,default,Default CAGRA,512,0.5,10,4.714235903299686e-136,,1376.7340087890625,,687.6947709918022,,2,0.99973,105014.43470613394
bigann1m,BIGANN-1M,50,10000,throughput,default,Default CAGRA,512,0.5,10,4.714235903299686e-136,,1376.7340087890625,,687.6947709918022,,4,0.99977,108646.65725576518
bigann1m,BIGANN-1M,50,10000,throughput,current,FAVOR: current penalty,512,0.5,10,4.714235903299686e-136,1.0,1376.7340087890625,1376.7340087890625,687.6947709918022,687.6947709918022,1,0.99883,77548.9205808114
bigann1m,BIGANN-1M,50,10000,throughput,current,FAVOR: current penalty,512,0.5,10,4.714235903299686e-136,1.0,1376.7340087890625,1376.7340087890625,687.6947709918022,687.6947709918022,2,0.99884,99725.01426141206
bigann1m,BIGANN-1M,50,10000,throughput,current,FAVOR: current penalty,512,0.5,10,4.714235903299686e-136,1.0,1376.7340087890625,1376.7340087890625,687.6947709918022,687.6947709918022,4,0.99883,106616.76433427584
bigann1m,BIGANN-1M,50,10000,throughput,zero,FAVOR: zero penalty,512,0.5,10,4.714235903299686e-136,0.0,1376.7340087890625,0.0,687.6947709918022,0.0,1,0.99933,79104.64927241864
bigann1m,BIGANN-1M,50,10000,throughput,zero,FAVOR: zero penalty,512,0.5,10,4.714235903299686e-136,0.0,1376.7340087890625,0.0,687.6947709918022,0.0,2,0.99933,102772.2386510882
bigann1m,BIGANN-1M,50,10000,throughput,zero,FAVOR: zero penalty,512,0.5,10,4.714235903299686e-136,0.0,1376.7340087890625,0.0,687.6947709918022,0.0,4,0.99935,110411.10958565836
bigann1m,BIGANN-1M,50,10000,throughput,hard05,"FAVOR: hard gate, epsilon=0.05",512,0.5,10,4.714235903299686e-136,0.0,1376.7340087890625,0.0,687.6947709918022,0.0,1,0.99933,79016.47966864258
bigann1m,BIGANN-1M,50,10000,throughput,hard05,"FAVOR: hard gate, epsilon=0.05",512,0.5,10,4.714235903299686e-136,0.0,1376.7340087890625,0.0,687.6947709918022,0.0,2,0.99933,102249.05730831755
bigann1m,BIGANN-1M,50,10000,throughput,hard05,"FAVOR: hard gate, epsilon=0.05",512,0.5,10,4.714235903299686e-136,0.0,1376.7340087890625,0.0,687.6947709918022,0.0,4,0.99935,110073.99595236062
bigann1m,BIGANN-1M,50,10000,throughput,hard10,"FAVOR: hard gate, epsilon=0.10",512,0.5,10,4.714235903299686e-136,0.0,1376.7340087890625,0.0,687.6947709918022,0.0,1,0.99933,79080.99314004181
bigann1m,BIGANN-1M,50,10000,throughput,hard10,"FAVOR: hard gate, epsilon=0.10",512,0.5,10,4.714235903299686e-136,0.0,1376.7340087890625,0.0,687.6947709918022,0.0,2,0.99933,102546.10388483088
bigann1m,BIGANN-1M,50,10000,throughput,hard10,"FAVOR: hard gate, epsilon=0.10",512,0.5,10,4.714235903299686e-136,0.0,1376.7340087890625,0.0,687.6947709918022,0.0,4,0.99935,110480.99015139489
bigann1m,BIGANN-1M,50,10000,throughput,smooth2,"FAVOR: smooth gate, r=2",512,0.5,10,4.714235903299686e-136,2.222402015195981e-271,1376.7340087890625,3.059656435521654e-268,687.6947709918022,1.5283342448919198e-268,1,0.99933,78941.73364249739
bigann1m,BIGANN-1M,50,10000,throughput,smooth2,"FAVOR: smooth gate, r=2",512,0.5,10,4.714235903299686e-136,2.222402015195981e-271,1376.7340087890625,3.059656435521654e-268,687.6947709918022,1.5283342448919198e-268,2,0.99933,102103.51900201342
bigann1m,BIGANN-1M,50,10000,throughput,smooth2,"FAVOR: smooth gate, r=2",512,0.5,10,4.714235903299686e-136,2.222402015195981e-271,1376.7340087890625,3.059656435521654e-268,687.6947709918022,1.5283342448919198e-268,4,0.99935,110024.65270867803
bigann1m,BIGANN-1M,50,10000,throughput,smooth4,"FAVOR: smooth gate, r=4",512,0.5,10,4.714235903299686e-136,0.0,1376.7340087890625,0.0,687.6947709918022,0.0,1,0.99933,79096.49685667494
bigann1m,BIGANN-1M,50,10000,throughput,smooth4,"FAVOR: smooth gate, r=4",512,0.5,10,4.714235903299686e-136,0.0,1376.7340087890625,0.0,687.6947709918022,0.0,2,0.99933,102623.21072462524
bigann1m,BIGANN-1M,50,10000,throughput,smooth4,"FAVOR: smooth gate, r=4",512,0.5,10,4.714235903299686e-136,0.0,1376.7340087890625,0.0,687.6947709918022,0.0,4,0.99935,110444.2585050265
bigann1m,BIGANN-1M,90,10000,throughput,default,Default CAGRA,512,0.9,10,0.0,,1376.7340087890625,,76.35077602995766,,1,0.99988,81353.89741874622
bigann1m,BIGANN-1M,90,10000,throughput,default,Default CAGRA,512,0.9,10,0.0,,1376.7340087890625,,76.35077602995766,,2,0.99986,108695.26504767426
bigann1m,BIGANN-1M,90,10000,throughput,default,Default CAGRA,512,0.9,10,0.0,,1376.7340087890625,,76.35077602995766,,4,0.99985,112876.21670959306
bigann1m,BIGANN-1M,90,10000,throughput,current,FAVOR: current penalty,512,0.9,10,0.0,1.0,1376.7340087890625,1376.7340087890625,76.35077602995766,76.35077602995766,1,0.99977,78662.90462490014
bigann1m,BIGANN-1M,90,10000,throughput,current,FAVOR: current penalty,512,0.9,10,0.0,1.0,1376.7340087890625,1376.7340087890625,76.35077602995766,76.35077602995766,2,0.99975,101857.4867020422
bigann1m,BIGANN-1M,90,10000,throughput,current,FAVOR: current penalty,512,0.9,10,0.0,1.0,1376.7340087890625,1376.7340087890625,76.35077602995766,76.35077602995766,4,0.99975,109329.20301740445
bigann1m,BIGANN-1M,90,10000,throughput,zero,FAVOR: zero penalty,512,0.9,10,0.0,0.0,1376.7340087890625,0.0,76.35077602995766,0.0,1,0.99986,79176.72045962494
bigann1m,BIGANN-1M,90,10000,throughput,zero,FAVOR: zero penalty,512,0.9,10,0.0,0.0,1376.7340087890625,0.0,76.35077602995766,0.0,2,0.99986,102641.72812989616
bigann1m,BIGANN-1M,90,10000,throughput,zero,FAVOR: zero penalty,512,0.9,10,0.0,0.0,1376.7340087890625,0.0,76.35077602995766,0.0,4,0.99987,110318.53981290259
bigann1m,BIGANN-1M,90,10000,throughput,hard05,"FAVOR: hard gate, epsilon=0.05",512,0.9,10,0.0,0.0,1376.7340087890625,0.0,76.35077602995766,0.0,1,0.99986,78846.53231680373
bigann1m,BIGANN-1M,90,10000,throughput,hard05,"FAVOR: hard gate, epsilon=0.05",512,0.9,10,0.0,0.0,1376.7340087890625,0.0,76.35077602995766,0.0,2,0.99986,102159.547256091
bigann1m,BIGANN-1M,90,10000,throughput,hard05,"FAVOR: hard gate, epsilon=0.05",512,0.9,10,0.0,0.0,1376.7340087890625,0.0,76.35077602995766,0.0,4,0.99987,109909.14067362783
bigann1m,BIGANN-1M,90,10000,throughput,hard10,"FAVOR: hard gate, epsilon=0.10",512,0.9,10,0.0,0.0,1376.7340087890625,0.0,76.35077602995766,0.0,1,0.99986,79019.31623449601
bigann1m,BIGANN-1M,90,10000,throughput,hard10,"FAVOR: hard gate, epsilon=0.10",512,0.9,10,0.0,0.0,1376.7340087890625,0.0,76.35077602995766,0.0,2,0.99986,102656.04272040841
bigann1m,BIGANN-1M,90,10000,throughput,hard10,"FAVOR: hard gate, epsilon=0.10",512,0.9,10,0.0,0.0,1376.7340087890625,0.0,76.35077602995766,0.0,4,0.99987,110278.902406242
bigann1m,BIGANN-1M,90,10000,throughput,smooth2,"FAVOR: smooth gate, r=2",512,0.9,10,0.0,0.0,1376.7340087890625,0.0,76.35077602995766,0.0,1,0.99986,78992.76016081251
bigann1m,BIGANN-1M,90,10000,throughput,smooth2,"FAVOR: smooth gate, r=2",512,0.9,10,0.0,0.0,1376.7340087890625,0.0,76.35077602995766,0.0,2,0.99986,102272.16535073685
bigann1m,BIGANN-1M,90,10000,throughput,smooth2,"FAVOR: smooth gate, r=2",512,0.9,10,0.0,0.0,1376.7340087890625,0.0,76.35077602995766,0.0,4,0.99987,109941.07664836722
bigann1m,BIGANN-1M,90,10000,throughput,smooth4,"FAVOR: smooth gate, r=4",512,0.9,10,0.0,0.0,1376.7340087890625,0.0,76.35077602995766,0.0,1,0.99986,79059.10713434071
bigann1m,BIGANN-1M,90,10000,throughput,smooth4,"FAVOR: smooth gate, r=4",512,0.9,10,0.0,0.0,1376.7340087890625,0.0,76.35077602995766,0.0,2,0.99986,102701.66626816413
bigann1m,BIGANN-1M,90,10000,throughput,smooth4,"FAVOR: smooth gate, r=4",512,0.9,10,0.0,0.0,1376.7340087890625,0.0,76.35077602995766,0.0,4,0.99987,110371.83281566708
msturing1m,MSTuring-1M,1,10000,throughput,default,Default CAGRA,512,0.01,10,0.9643819583183106,,0.01424454990774393,,0.7050914488469879,,1,0.70319,55921.2869862695
msturing1m,MSTuring-1M,1,10000,throughput,default,Default CAGRA,512,0.01,10,0.9643819583183106,,0.01424454990774393,,0.7050914488469879,,2,0.70034,65820.16341644086
msturing1m,MSTuring-1M,1,10000,throughput,default,Default CAGRA,512,0.01,10,0.9643819583183106,,0.01424454990774393,,0.7050914488469879,,4,0.69528,73068.48447934262
msturing1m,MSTuring-1M,1,10000,throughput,current,FAVOR: current penalty,512,0.01,10,0.9643819583183106,1.0,0.01424454990774393,0.01424454990774393,0.7050914488469879,0.7050914488469879,1,0.68501,62827.37874442445
msturing1m,MSTuring-1M,1,10000,throughput,current,FAVOR: current penalty,512,0.01,10,0.9643819583183106,1.0,0.01424454990774393,0.01424454990774393,0.7050914488469879,0.7050914488469879,2,0.68578,70410.11327944687
msturing1m,MSTuring-1M,1,10000,throughput,current,FAVOR: current penalty,512,0.01,10,0.9643819583183106,1.0,0.01424454990774393,0.01424454990774393,0.7050914488469879,0.7050914488469879,4,0.68618,75796.68713351412
msturing1m,MSTuring-1M,1,10000,throughput,zero,FAVOR: zero penalty,512,0.01,10,0.9643819583183106,0.0,0.01424454990774393,0.0,0.7050914488469879,0.0,1,0.49504,63644.03068683209
msturing1m,MSTuring-1M,1,10000,throughput,zero,FAVOR: zero penalty,512,0.01,10,0.9643819583183106,0.0,0.01424454990774393,0.0,0.7050914488469879,0.0,2,0.49489,71542.01534682424
msturing1m,MSTuring-1M,1,10000,throughput,zero,FAVOR: zero penalty,512,0.01,10,0.9643819583183106,0.0,0.01424454990774393,0.0,0.7050914488469879,0.0,4,0.49525,76987.53948059365
msturing1m,MSTuring-1M,1,10000,throughput,hard05,"FAVOR: hard gate, epsilon=0.05",512,0.01,10,0.9643819583183106,1.0,0.01424454990774393,0.01424454990774393,0.7050914488469879,0.7050914488469879,1,0.68501,62913.98087573085
msturing1m,MSTuring-1M,1,10000,throughput,hard05,"FAVOR: hard gate, epsilon=0.05",512,0.01,10,0.9643819583183106,1.0,0.01424454990774393,0.01424454990774393,0.7050914488469879,0.7050914488469879,2,0.68578,70390.41288846442
msturing1m,MSTuring-1M,1,10000,throughput,hard05,"FAVOR: hard gate, epsilon=0.05",512,0.01,10,0.9643819583183106,1.0,0.01424454990774393,0.01424454990774393,0.7050914488469879,0.7050914488469879,4,0.68618,75716.33931967217
msturing1m,MSTuring-1M,1,10000,throughput,hard10,"FAVOR: hard gate, epsilon=0.10",512,0.01,10,0.9643819583183106,1.0,0.01424454990774393,0.01424454990774393,0.7050914488469879,0.7050914488469879,1,0.68501,63031.911924156404
msturing1m,MSTuring-1M,1,10000,throughput,hard10,"FAVOR: hard gate, epsilon=0.10",512,0.01,10,0.9643819583183106,1.0,0.01424454990774393,0.01424454990774393,0.7050914488469879,0.7050914488469879,2,0.68578,70417.15970876325
msturing1m,MSTuring-1M,1,10000,throughput,hard10,"FAVOR: hard gate, epsilon=0.10",512,0.01,10,0.9643819583183106,1.0,0.01424454990774393,0.01424454990774393,0.7050914488469879,0.7050914488469879,4,0.68618,75797.66870948608
msturing1m,MSTuring-1M,1,10000,throughput,smooth2,"FAVOR: smooth gate, r=2",512,0.01,10,0.9643819583183106,0.9300325615298598,0.01424454990774393,0.013247895238539016,0.7050914488469879,0.6557580062839643,1,0.68658,62939.49587417459
msturing1m,MSTuring-1M,1,10000,throughput,smooth2,"FAVOR: smooth gate, r=2",512,0.01,10,0.9643819583183106,0.9300325615298598,0.01424454990774393,0.013247895238539016,0.7050914488469879,0.6557580062839643,2,0.68725,70339.44599636618
msturing1m,MSTuring-1M,1,10000,throughput,smooth2,"FAVOR: smooth gate, r=2",512,0.01,10,0.9643819583183106,0.9300325615298598,0.01424454990774393,0.013247895238539016,0.7050914488469879,0.6557580062839643,4,0.68782,75756.41128946023
msturing1m,MSTuring-1M,1,10000,throughput,smooth4,"FAVOR: smooth gate, r=4",512,0.01,10,0.9643819583183106,0.8649605655057925,0.01424454990774393,0.012320973943577675,0.7050914488469879,0.6098762983279893,1,0.68819,63021.02732891875
msturing1m,MSTuring-1M,1,10000,throughput,smooth4,"FAVOR: smooth gate, r=4",512,0.01,10,0.9643819583183106,0.8649605655057925,0.01424454990774393,0.012320973943577675,0.7050914488469879,0.6098762983279893,2,0.68892,70384.2503960553
msturing1m,MSTuring-1M,1,10000,throughput,smooth4,"FAVOR: smooth gate, r=4",512,0.01,10,0.9643819583183106,0.8649605655057925,0.01424454990774393,0.012320973943577675,0.7050914488469879,0.6098762983279893,4,0.68974,75761.97482841057
msturing1m,MSTuring-1M,2,10000,throughput,default,Default CAGRA,512,0.02,10,0.42675727707131905,,0.01424454990774393,,0.3489778402603224,,1,0.79401,55900.430310984826
msturing1m,MSTuring-1M,2,10000,throughput,default,Default CAGRA,512,0.02,10,0.42675727707131905,,0.01424454990774393,,0.3489778402603224,,2,0.76531,65816.28342608926
msturing1m,MSTuring-1M,2,10000,throughput,default,Default CAGRA,512,0.02,10,0.42675727707131905,,0.01424454990774393,,0.3489778402603224,,4,0.77169,73242.92744440376
msturing1m,MSTuring-1M,2,10000,throughput,current,FAVOR: current penalty,512,0.02,10,0.42675727707131905,1.0,0.01424454990774393,0.01424454990774393,0.3489778402603224,0.3489778402603224,1,0.76866,62894.943886969915
msturing1m,MSTuring-1M,2,10000,throughput,current,FAVOR: current penalty,512,0.02,10,0.42675727707131905,1.0,0.01424454990774393,0.01424454990774393,0.3489778402603224,0.3489778402603224,2,0.7693,70446.4624499379
msturing1m,MSTuring-1M,2,10000,throughput,current,FAVOR: current penalty,512,0.02,10,0.42675727707131905,1.0,0.01424454990774393,0.01424454990774393,0.3489778402603224,0.3489778402603224,4,0.76991,75635.48546911187
msturing1m,MSTuring-1M,2,10000,throughput,zero,FAVOR: zero penalty,512,0.02,10,0.42675727707131905,0.0,0.01424454990774393,0.0,0.3489778402603224,0.0,1,0.77562,63584.12785777359
msturing1m,MSTuring-1M,2,10000,throughput,zero,FAVOR: zero penalty,512,0.02,10,0.42675727707131905,0.0,0.01424454990774393,0.0,0.3489778402603224,0.0,2,0.77567,71452.43629206365
msturing1m,MSTuring-1M,2,10000,throughput,zero,FAVOR: zero penalty,512,0.02,10,0.42675727707131905,0.0,0.01424454990774393,0.0,0.3489778402603224,0.0,4,0.77624,76976.02429296872
msturing1m,MSTuring-1M,2,10000,throughput,hard05,"FAVOR: hard gate, epsilon=0.05",512,0.02,10,0.42675727707131905,1.0,0.01424454990774393,0.01424454990774393,0.3489778402603224,0.3489778402603224,1,0.76866,62961.23253837064
msturing1m,MSTuring-1M,2,10000,throughput,hard05,"FAVOR: hard gate, epsilon=0.05",512,0.02,10,0.42675727707131905,1.0,0.01424454990774393,0.01424454990774393,0.3489778402603224,0.3489778402603224,2,0.7693,70475.16750624492
msturing1m,MSTuring-1M,2,10000,throughput,hard05,"FAVOR: hard gate, epsilon=0.05",512,0.02,10,0.42675727707131905,1.0,0.01424454990774393,0.01424454990774393,0.3489778402603224,0.3489778402603224,4,0.76991,75660.69795930416
msturing1m,MSTuring-1M,2,10000,throughput,hard10,"FAVOR: hard gate, epsilon=0.10",512,0.02,10,0.42675727707131905,1.0,0.01424454990774393,0.01424454990774393,0.3489778402603224,0.3489778402603224,1,0.76866,62871.213253224734
msturing1m,MSTuring-1M,2,10000,throughput,hard10,"FAVOR: hard gate, epsilon=0.10",512,0.02,10,0.42675727707131905,1.0,0.01424454990774393,0.01424454990774393,0.3489778402603224,0.3489778402603224,2,0.7693,70373.89619723304
msturing1m,MSTuring-1M,2,10000,throughput,hard10,"FAVOR: hard gate, epsilon=0.10",512,0.02,10,0.42675727707131905,1.0,0.01424454990774393,0.01424454990774393,0.3489778402603224,0.3489778402603224,4,0.76991,75787.03853863922
msturing1m,MSTuring-1M,2,10000,throughput,smooth2,"FAVOR: smooth gate, r=2",512,0.02,10,0.42675727707131905,0.1821217735333266,0.01424454990774393,0.0025942426923823082,0.3489778402603224,0.06355646319203986,1,0.80583,63512.708348018255
msturing1m,MSTuring-1M,2,10000,throughput,smooth2,"FAVOR: smooth gate, r=2",512,0.02,10,0.42675727707131905,0.1821217735333266,0.01424454990774393,0.0025942426923823082,0.3489778402603224,0.06355646319203986,2,0.8061,71578.14649097124
msturing1m,MSTuring-1M,2,10000,throughput,smooth2,"FAVOR: smooth gate, r=2",512,0.02,10,0.42675727707131905,0.1821217735333266,0.01424454990774393,0.0025942426923823082,0.3489778402603224,0.06355646319203986,4,0.80692,76896.30666036232
msturing1m,MSTuring-1M,2,10000,throughput,smooth4,"FAVOR: smooth gate, r=4",512,0.02,10,0.42675727707131905,0.03316834039492429,0.01424454990774393,0.0004724680801125381,0.3489778402603224,0.01157501579603989,1,0.79573,63657.70974901185
msturing1m,MSTuring-1M,2,10000,throughput,smooth4,"FAVOR: smooth gate, r=4",512,0.02,10,0.42675727707131905,0.03316834039492429,0.01424454990774393,0.0004724680801125381,0.3489778402603224,0.01157501579603989,2,0.79592,71489.59597085348
msturing1m,MSTuring-1M,2,10000,throughput,smooth4,"FAVOR: smooth gate, r=4",512,0.02,10,0.42675727707131905,0.03316834039492429,0.01424454990774393,0.0004724680801125381,0.3489778402603224,0.01157501579603989,4,0.79666,76986.69043255532
msturing1m,MSTuring-1M,3,10000,throughput,default,Default CAGRA,512,0.03,10,0.056323923702620945,,0.01424454990774393,,0.23027339680272238,,1,0.83008,55932.60908345316
msturing1m,MSTuring-1M,3,10000,throughput,default,Default CAGRA,512,0.03,10,0.056323923702620945,,0.01424454990774393,,0.23027339680272238,,2,0.80009,65837.95120745624
msturing1m,MSTuring-1M,3,10000,throughput,default,Default CAGRA,512,0.03,10,0.056323923702620945,,0.01424454990774393,,0.23027339680272238,,4,0.82481,73101.98446343056
msturing1m,MSTuring-1M,3,10000,throughput,current,FAVOR: current penalty,512,0.03,10,0.056323923702620945,1.0,0.01424454990774393,0.01424454990774393,0.23027339680272238,0.23027339680272238,1,0.82224,63043.961224304294
msturing1m,MSTuring-1M,3,10000,throughput,current,FAVOR: current penalty,512,0.03,10,0.056323923702620945,1.0,0.01424454990774393,0.01424454990774393,0.23027339680272238,0.23027339680272238,2,0.82251,70813.96363783335
msturing1m,MSTuring-1M,3,10000,throughput,current,FAVOR: current penalty,512,0.03,10,0.056323923702620945,1.0,0.01424454990774393,0.01424454990774393,0.23027339680272238,0.23027339680272238,4,0.82302,76176.88855741816
msturing1m,MSTuring-1M,3,10000,throughput,zero,FAVOR: zero penalty,512,0.03,10,0.056323923702620945,0.0,0.01424454990774393,0.0,0.23027339680272238,0.0,1,0.84217,63636.8559271587
msturing1m,MSTuring-1M,3,10000,throughput,zero,FAVOR: zero penalty,512,0.03,10,0.056323923702620945,0.0,0.01424454990774393,0.0,0.23027339680272238,0.0,2,0.84233,71506.30389500597
msturing1m,MSTuring-1M,3,10000,throughput,zero,FAVOR: zero penalty,512,0.03,10,0.056323923702620945,0.0,0.01424454990774393,0.0,0.23027339680272238,0.0,4,0.84287,77063.42334807411
msturing1m,MSTuring-1M,3,10000,throughput,hard05,"FAVOR: hard gate, epsilon=0.05",512,0.03,10,0.056323923702620945,1.0,0.01424454990774393,0.01424454990774393,0.23027339680272238,0.23027339680272238,1,0.82224,63086.89541442547
msturing1m,MSTuring-1M,3,10000,throughput,hard05,"FAVOR: hard gate, epsilon=0.05",512,0.03,10,0.056323923702620945,1.0,0.01424454990774393,0.01424454990774393,0.23027339680272238,0.23027339680272238,2,0.82251,70859.06724214581
msturing1m,MSTuring-1M,3,10000,throughput,hard05,"FAVOR: hard gate, epsilon=0.05",512,0.03,10,0.056323923702620945,1.0,0.01424454990774393,0.01424454990774393,0.23027339680272238,0.23027339680272238,4,0.82302,76117.97563258406
msturing1m,MSTuring-1M,3,10000,throughput,hard10,"FAVOR: hard gate, epsilon=0.10",512,0.03,10,0.056323923702620945,0.0,0.01424454990774393,0.0,0.23027339680272238,0.0,1,0.84217,63653.66134538082
msturing1m,MSTuring-1M,3,10000,throughput,hard10,"FAVOR: hard gate, epsilon=0.10",512,0.03,10,0.056323923702620945,0.0,0.01424454990774393,0.0,0.23027339680272238,0.0,2,0.84233,71570.74722651913
msturing1m,MSTuring-1M,3,10000,throughput,hard10,"FAVOR: hard gate, epsilon=0.10",512,0.03,10,0.056323923702620945,0.0,0.01424454990774393,0.0,0.23027339680272238,0.0,4,0.84287,76923.02662583557
msturing1m,MSTuring-1M,3,10000,throughput,smooth2,"FAVOR: smooth gate, r=2",512,0.03,10,0.056323923702620945,0.0031723843812586656,0.01424454990774393,4.518918764538641e-05,0.23027339680272238,0.0007305157274363356,1,0.84232,63594.43114588011
msturing1m,MSTuring-1M,3,10000,throughput,smooth2,"FAVOR: smooth gate, r=2",512,0.03,10,0.056323923702620945,0.0031723843812586656,0.01424454990774393,4.518918764538641e-05,0.23027339680272238,0.0007305157274363356,2,0.84246,71438.71700240235
msturing1m,MSTuring-1M,3,10000,throughput,smooth2,"FAVOR: smooth gate, r=2",512,0.03,10,0.056323923702620945,0.0031723843812586656,0.01424454990774393,4.518918764538641e-05,0.23027339680272238,0.0007305157274363356,4,0.84307,76887.67813558811
msturing1m,MSTuring-1M,3,10000,throughput,smooth4,"FAVOR: smooth gate, r=4",512,0.03,10,0.056323923702620945,1.0064022662453927e-05,0.01424454990774393,1.4335747308799092e-07,0.23027339680272238,2.3174766839828437e-06,1,0.84217,63657.122165879824
msturing1m,MSTuring-1M,3,10000,throughput,smooth4,"FAVOR: smooth gate, r=4",512,0.03,10,0.056323923702620945,1.0064022662453927e-05,0.01424454990774393,1.4335747308799092e-07,0.23027339680272238,2.3174766839828437e-06,2,0.84234,71492.06046305035
msturing1m,MSTuring-1M,3,10000,throughput,smooth4,"FAVOR: smooth gate, r=4",512,0.03,10,0.056323923702620945,1.0064022662453927e-05,0.01424454990774393,1.4335747308799092e-07,0.23027339680272238,2.3174766839828437e-06,4,0.84288,76977.07397088202
msturing1m,MSTuring-1M,4,10000,throughput,default,Default CAGRA,512,0.04,10,0.0032767871219688523,,0.01424454990774393,,0.17092124462738864,,1,0.85115,55861.60764785191
msturing1m,MSTuring-1M,4,10000,throughput,default,Default CAGRA,512,0.04,10,0.0032767871219688523,,0.01424454990774393,,0.17092124462738864,,2,0.83379,65746.55351067214
msturing1m,MSTuring-1M,4,10000,throughput,default,Default CAGRA,512,0.04,10,0.0032767871219688523,,0.01424454990774393,,0.17092124462738864,,4,0.86179,73199.46651439118
msturing1m,MSTuring-1M,4,10000,throughput,current,FAVOR: current penalty,512,0.04,10,0.0032767871219688523,1.0,0.01424454990774393,0.01424454990774393,0.17092124462738864,0.17092124462738864,1,0.85187,63289.191896302786
msturing1m,MSTuring-1M,4,10000,throughput,current,FAVOR: current penalty,512,0.04,10,0.0032767871219688523,1.0,0.01424454990774393,0.01424454990774393,0.17092124462738864,0.17092124462738864,2,0.85231,71142.06479817035
msturing1m,MSTuring-1M,4,10000,throughput,current,FAVOR: current penalty,512,0.04,10,0.0032767871219688523,1.0,0.01424454990774393,0.01424454990774393,0.17092124462738864,0.17092124462738864,4,0.85268,76545.73676699186
msturing1m,MSTuring-1M,4,10000,throughput,zero,FAVOR: zero penalty,512,0.04,10,0.0032767871219688523,0.0,0.01424454990774393,0.0,0.17092124462738864,0.0,1,0.86508,63581.23708765529
msturing1m,MSTuring-1M,4,10000,throughput,zero,FAVOR: zero penalty,512,0.04,10,0.0032767871219688523,0.0,0.01424454990774393,0.0,0.17092124462738864,0.0,2,0.86539,71498.86656141379
msturing1m,MSTuring-1M,4,10000,throughput,zero,FAVOR: zero penalty,512,0.04,10,0.0032767871219688523,0.0,0.01424454990774393,0.0,0.17092124462738864,0.0,4,0.86594,77009.61736954011
msturing1m,MSTuring-1M,4,10000,throughput,hard05,"FAVOR: hard gate, epsilon=0.05",512,0.04,10,0.0032767871219688523,0.0,0.01424454990774393,0.0,0.17092124462738864,0.0,1,0.86508,63531.135948389
msturing1m,MSTuring-1M,4,10000,throughput,hard05,"FAVOR: hard gate, epsilon=0.05",512,0.04,10,0.0032767871219688523,0.0,0.01424454990774393,0.0,0.17092124462738864,0.0,2,0.86539,71530.84008936775
msturing1m,MSTuring-1M,4,10000,throughput,hard05,"FAVOR: hard gate, epsilon=0.05",512,0.04,10,0.0032767871219688523,0.0,0.01424454990774393,0.0,0.17092124462738864,0.0,4,0.86594,76913.619803221
msturing1m,MSTuring-1M,4,10000,throughput,hard10,"FAVOR: hard gate, epsilon=0.10",512,0.04,10,0.0032767871219688523,0.0,0.01424454990774393,0.0,0.17092124462738864,0.0,1,0.86508,63599.755843638835
msturing1m,MSTuring-1M,4,10000,throughput,hard10,"FAVOR: hard gate, epsilon=0.10",512,0.04,10,0.0032767871219688523,0.0,0.01424454990774393,0.0,0.17092124462738864,0.0,2,0.86539,71518.76962571238
msturing1m,MSTuring-1M,4,10000,throughput,hard10,"FAVOR: hard gate, epsilon=0.10",512,0.04,10,0.0032767871219688523,0.0,0.01424454990774393,0.0,0.17092124462738864,0.0,4,0.86594,76982.44104919807
msturing1m,MSTuring-1M,4,10000,throughput,smooth2,"FAVOR: smooth gate, r=2",512,0.04,10,0.0032767871219688523,1.0737333842700914e-05,0.01424454990774393,1.5294848779846108e-07,0.17092124462738864,1.835238464374222e-06,1,0.86509,63511.12731426953
msturing1m,MSTuring-1M,4,10000,throughput,smooth2,"FAVOR: smooth gate, r=2",512,0.04,10,0.0032767871219688523,1.0737333842700914e-05,0.01424454990774393,1.5294848779846108e-07,0.17092124462738864,1.835238464374222e-06,2,0.86541,71577.68896772047
msturing1m,MSTuring-1M,4,10000,throughput,smooth2,"FAVOR: smooth gate, r=2",512,0.04,10,0.0032767871219688523,1.0737333842700914e-05,0.01424454990774393,1.5294848779846108e-07,0.17092124462738864,1.835238464374222e-06,4,0.86595,76880.2188581607
msturing1m,MSTuring-1M,4,10000,throughput,smooth4,"FAVOR: smooth gate, r=4",512,0.04,10,0.0032767871219688523,1.1529033804961038e-10,0.01424454990774393,1.642258974228344e-12,0.17092124462738864,1.9705568072951788e-11,1,0.86508,63613.10549957147
msturing1m,MSTuring-1M,4,10000,throughput,smooth4,"FAVOR: smooth gate, r=4",512,0.04,10,0.0032767871219688523,1.1529033804961038e-10,0.01424454990774393,1.642258974228344e-12,0.17092124462738864,1.9705568072951788e-11,2,0.86539,71377.97948204435
msturing1m,MSTuring-1M,4,10000,throughput,smooth4,"FAVOR: smooth gate, r=4",512,0.04,10,0.0032767871219688523,1.1529033804961038e-10,0.01424454990774393,1.642258974228344e-12,0.17092124462738864,1.9705568072951788e-11,4,0.86594,76951.11021236586
msturing1m,MSTuring-1M,5,10000,throughput,default,Default CAGRA,512,0.05,10,0.00011159193672776274,,0.01424454990774393,,0.1353100089649615,,1,0.86515,55793.005475266444
msturing1m,MSTuring-1M,5,10000,throughput,default,Default CAGRA,512,0.05,10,0.00011159193672776274,,0.01424454990774393,,0.1353100089649615,,2,0.85898,65787.69092684753
msturing1m,MSTuring-1M,5,10000,throughput,default,Default CAGRA,512,0.05,10,0.00011159193672776274,,0.01424454990774393,,0.1353100089649615,,4,0.88248,73098.46620918896
msturing1m,MSTuring-1M,5,10000,throughput,current,FAVOR: current penalty,512,0.05,10,0.00011159193672776274,1.0,0.01424454990774393,0.01424454990774393,0.1353100089649615,0.1353100089649615,1,0.87051,63467.93802076509
msturing1m,MSTuring-1M,5,10000,throughput,current,FAVOR: current penalty,512,0.05,10,0.00011159193672776274,1.0,0.01424454990774393,0.01424454990774393,0.1353100089649615,0.1353100089649615,2,0.8709,71215.21116196521
msturing1m,MSTuring-1M,5,10000,throughput,current,FAVOR: current penalty,512,0.05,10,0.00011159193672776274,1.0,0.01424454990774393,0.01424454990774393,0.1353100089649615,0.1353100089649615,4,0.8713,76662.12053669475
msturing1m,MSTuring-1M,5,10000,throughput,zero,FAVOR: zero penalty,512,0.05,10,0.00011159193672776274,0.0,0.01424454990774393,0.0,0.1353100089649615,0.0,1,0.87933,63604.084215687086
msturing1m,MSTuring-1M,5,10000,throughput,zero,FAVOR: zero penalty,512,0.05,10,0.00011159193672776274,0.0,0.01424454990774393,0.0,0.1353100089649615,0.0,2,0.87957,71518.09062540038
msturing1m,MSTuring-1M,5,10000,throughput,zero,FAVOR: zero penalty,512,0.05,10,0.00011159193672776274,0.0,0.01424454990774393,0.0,0.1353100089649615,0.0,4,0.88016,76939.65889694353
msturing1m,MSTuring-1M,5,10000,throughput,hard05,"FAVOR: hard gate, epsilon=0.05",512,0.05,10,0.00011159193672776274,0.0,0.01424454990774393,0.0,0.1353100089649615,0.0,1,0.87933,63542.648484076504
msturing1m,MSTuring-1M,5,10000,throughput,hard05,"FAVOR: hard gate, epsilon=0.05",512,0.05,10,0.00011159193672776274,0.0,0.01424454990774393,0.0,0.1353100089649615,0.0,2,0.87957,71467.19536376045
msturing1m,MSTuring-1M,5,10000,throughput,hard05,"FAVOR: hard gate, epsilon=0.05",512,0.05,10,0.00011159193672776274,0.0,0.01424454990774393,0.0,0.1353100089649615,0.0,4,0.88016,76928.73295955069
msturing1m,MSTuring-1M,5,10000,throughput,hard10,"FAVOR: hard gate, epsilon=0.10",512,0.05,10,0.00011159193672776274,0.0,0.01424454990774393,0.0,0.1353100089649615,0.0,1,0.87933,63562.79415569004
msturing1m,MSTuring-1M,5,10000,throughput,hard10,"FAVOR: hard gate, epsilon=0.10",512,0.05,10,0.00011159193672776274,0.0,0.01424454990774393,0.0,0.1353100089649615,0.0,2,0.87957,71351.60496386646
msturing1m,MSTuring-1M,5,10000,throughput,hard10,"FAVOR: hard gate, epsilon=0.10",512,0.05,10,0.00011159193672776274,0.0,0.01424454990774393,0.0,0.1353100089649615,0.0,4,0.88016,76948.36333593617
msturing1m,MSTuring-1M,5,10000,throughput,smooth2,"FAVOR: smooth gate, r=2",512,0.05,10,0.00011159193672776274,1.2452760342653001e-08,0.01424454990774393,1.773839661900951e-10,0.1353100089649615,1.6849831136028947e-09,1,0.87933,63411.72365218891
msturing1m,MSTuring-1M,5,10000,throughput,smooth2,"FAVOR: smooth gate, r=2",512,0.05,10,0.00011159193672776274,1.2452760342653001e-08,0.01424454990774393,1.773839661900951e-10,0.1353100089649615,1.6849831136028947e-09,2,0.87957,71574.57588929735
msturing1m,MSTuring-1M,5,10000,throughput,smooth2,"FAVOR: smooth gate, r=2",512,0.05,10,0.00011159193672776274,1.2452760342653001e-08,0.01424454990774393,1.773839661900951e-10,0.1353100089649615,1.6849831136028947e-09,4,0.88016,76897.62084747813
msturing1m,MSTuring-1M,5,10000,throughput,smooth4,"FAVOR: smooth gate, r=4",512,0.05,10,0.00011159193672776274,1.550712401515513e-16,0.01424454990774393,2.208920019594517e-18,0.1353100089649615,2.0982690895114106e-17,1,0.87933,63571.71056943217
msturing1m,MSTuring-1M,5,10000,throughput,smooth4,"FAVOR: smooth gate, r=4",512,0.05,10,0.00011159193672776274,1.550712401515513e-16,0.01424454990774393,2.208920019594517e-18,0.1353100089649615,2.0982690895114106e-17,2,0.87957,71286.5576520806
msturing1m,MSTuring-1M,5,10000,throughput,smooth4,"FAVOR: smooth gate, r=4",512,0.05,10,0.00011159193672776274,1.550712401515513e-16,0.01424454990774393,2.208920019594517e-18,0.1353100089649615,2.0982690895114106e-17,4,0.88016,76909.0031697912
msturing1m,MSTuring-1M,6,10000,throughput,default,Default CAGRA,512,0.06,10,2.6035480466465967e-06,,0.01424454990774393,,0.11156923155898767,,1,0.87515,55771.40763512979
msturing1m,MSTuring-1M,6,10000,throughput,default,Default CAGRA,512,0.06,10,2.6035480466465967e-06,,0.01424454990774393,,0.11156923155898767,,2,0.87714,65825.93172296965
msturing1m,MSTuring-1M,6,10000,throughput,default,Default CAGRA,512,0.06,10,2.6035480466465967e-06,,0.01424454990774393,,0.11156923155898767,,4,0.89582,73139.3892492262
msturing1m,MSTuring-1M,6,10000,throughput,current,FAVOR: current penalty,512,0.06,10,2.6035480466465967e-06,1.0,0.01424454990774393,0.01424454990774393,0.11156923155898767,0.11156923155898767,1,0.88279,63487.486948280566
msturing1m,MSTuring-1M,6,10000,throughput,current,FAVOR: current penalty,512,0.06,10,2.6035480466465967e-06,1.0,0.01424454990774393,0.01424454990774393,0.11156923155898767,0.11156923155898767,2,0.88299,71475.67287260953
msturing1m,MSTuring-1M,6,10000,throughput,current,FAVOR: current penalty,512,0.06,10,2.6035480466465967e-06,1.0,0.01424454990774393,0.01424454990774393,0.11156923155898767,0.11156923155898767,4,0.88335,76733.04606244492
msturing1m,MSTuring-1M,6,10000,throughput,zero,FAVOR: zero penalty,512,0.06,10,2.6035480466465967e-06,0.0,0.01424454990774393,0.0,0.11156923155898767,0.0,1,0.88932,63653.292025831215
msturing1m,MSTuring-1M,6,10000,throughput,zero,FAVOR: zero penalty,512,0.06,10,2.6035480466465967e-06,0.0,0.01424454990774393,0.0,0.11156923155898767,0.0,2,0.8895,71467.12616002448
msturing1m,MSTuring-1M,6,10000,throughput,zero,FAVOR: zero penalty,512,0.06,10,2.6035480466465967e-06,0.0,0.01424454990774393,0.0,0.11156923155898767,0.0,4,0.88999,76999.32165411697
msturing1m,MSTuring-1M,6,10000,throughput,hard05,"FAVOR: hard gate, epsilon=0.05",512,0.06,10,2.6035480466465967e-06,0.0,0.01424454990774393,0.0,0.11156923155898767,0.0,1,0.88932,63531.64330706704
msturing1m,MSTuring-1M,6,10000,throughput,hard05,"FAVOR: hard gate, epsilon=0.05",512,0.06,10,2.6035480466465967e-06,0.0,0.01424454990774393,0.0,0.11156923155898767,0.0,2,0.8895,71470.06617709366
msturing1m,MSTuring-1M,6,10000,throughput,hard05,"FAVOR: hard gate, epsilon=0.05",512,0.06,10,2.6035480466465967e-06,0.0,0.01424454990774393,0.0,0.11156923155898767,0.0,4,0.88999,76882.18506458955
msturing1m,MSTuring-1M,6,10000,throughput,hard10,"FAVOR: hard gate, epsilon=0.10",512,0.06,10,2.6035480466465967e-06,0.0,0.01424454990774393,0.0,0.11156923155898767,0.0,1,0.88932,63592.3933153736
msturing1m,MSTuring-1M,6,10000,throughput,hard10,"FAVOR: hard gate, epsilon=0.10",512,0.06,10,2.6035480466465967e-06,0.0,0.01424454990774393,0.0,0.11156923155898767,0.0,2,0.8895,71387.30395796824
msturing1m,MSTuring-1M,6,10000,throughput,hard10,"FAVOR: hard gate, epsilon=0.10",512,0.06,10,2.6035480466465967e-06,0.0,0.01424454990774393,0.0,0.11156923155898767,0.0,4,0.88999,76843.04902690683
msturing1m,MSTuring-1M,6,10000,throughput,smooth2,"FAVOR: smooth gate, r=2",512,0.06,10,2.6035480466465967e-06,6.77846243119731e-12,0.01424454990774393,9.655614639895733e-14,0.11156923155898767,7.562678446001512e-13,1,0.88932,63510.27259587338
msturing1m,MSTuring-1M,6,10000,throughput,smooth2,"FAVOR: smooth gate, r=2",512,0.06,10,2.6035480466465967e-06,6.77846243119731e-12,0.01424454990774393,9.655614639895733e-14,0.11156923155898767,7.562678446001512e-13,2,0.8895,71565.0690164925
msturing1m,MSTuring-1M,6,10000,throughput,smooth2,"FAVOR: smooth gate, r=2",512,0.06,10,2.6035480466465967e-06,6.77846243119731e-12,0.01424454990774393,9.655614639895733e-14,0.11156923155898767,7.562678446001512e-13,4,0.88999,76871.90596206753
msturing1m,MSTuring-1M,6,10000,throughput,smooth4,"FAVOR: smooth gate, r=4",512,0.06,10,2.6035480466465967e-06,4.594755293115334e-23,0.01424454990774393,6.545022108665196e-25,0.11156923155898767,5.126333172544689e-24,1,0.88932,63538.97360914812
msturing1m,MSTuring-1M,6,10000,throughput,smooth4,"FAVOR: smooth gate, r=4",512,0.06,10,2.6035480466465967e-06,4.594755293115334e-23,0.01424454990774393,6.545022108665196e-25,0.11156923155898767,5.126333172544689e-24,2,0.8895,71442.84366539266
msturing1m,MSTuring-1M,6,10000,throughput,smooth4,"FAVOR: smooth gate, r=4",512,0.06,10,2.6035480466465967e-06,4.594755293115334e-23,0.01424454990774393,6.545022108665196e-25,0.11156923155898767,5.126333172544689e-24,4,0.88999,76932.63758015973
msturing1m,MSTuring-1M,7,10000,throughput,default,Default CAGRA,512,0.07,10,4.560815321520411e-08,,0.01424454990774393,,0.09461157315670138,,1,0.88412,55751.27908952439
msturing1m,MSTuring-1M,7,10000,throughput,default,Default CAGRA,512,0.07,10,4.560815321520411e-08,,0.01424454990774393,,0.09461157315670138,,2,0.89121,65769.78082529793
msturing1m,MSTuring-1M,7,10000,throughput,default,Default CAGRA,512,0.07,10,4.560815321520411e-08,,0.01424454990774393,,0.09461157315670138,,4,0.90563,73091.7539284069
msturing1m,MSTuring-1M,7,10000,throughput,current,FAVOR: current penalty,512,0.07,10,4.560815321520411e-08,1.0,0.01424454990774393,0.01424454990774393,0.09461157315670138,0.09461157315670138,1,0.89377,63529.8074542692
msturing1m,MSTuring-1M,7,10000,throughput,current,FAVOR: current penalty,512,0.07,10,4.560815321520411e-08,1.0,0.01424454990774393,0.01424454990774393,0.09461157315670138,0.09461157315670138,2,0.894,71424.18878713936
msturing1m,MSTuring-1M,7,10000,throughput,current,FAVOR: current penalty,512,0.07,10,4.560815321520411e-08,1.0,0.01424454990774393,0.01424454990774393,0.09461157315670138,0.09461157315670138,4,0.89417,76832.49377700278
msturing1m,MSTuring-1M,7,10000,throughput,zero,FAVOR: zero penalty,512,0.07,10,4.560815321520411e-08,0.0,0.01424454990774393,0.0,0.09461157315670138,0.0,1,0.89806,63579.619286974186
msturing1m,MSTuring-1M,7,10000,throughput,zero,FAVOR: zero penalty,512,0.07,10,4.560815321520411e-08,0.0,0.01424454990774393,0.0,0.09461157315670138,0.0,2,0.89819,71450.86026696446
msturing1m,MSTuring-1M,7,10000,throughput,zero,FAVOR: zero penalty,512,0.07,10,4.560815321520411e-08,0.0,0.01424454990774393,0.0,0.09461157315670138,0.0,4,0.89852,76953.3172131808
msturing1m,MSTuring-1M,7,10000,throughput,hard05,"FAVOR: hard gate, epsilon=0.05",512,0.07,10,4.560815321520411e-08,0.0,0.01424454990774393,0.0,0.09461157315670138,0.0,1,0.89806,63617.17018912872
msturing1m,MSTuring-1M,7,10000,throughput,hard05,"FAVOR: hard gate, epsilon=0.05",512,0.07,10,4.560815321520411e-08,0.0,0.01424454990774393,0.0,0.09461157315670138,0.0,2,0.89819,71520.43048243433
msturing1m,MSTuring-1M,7,10000,throughput,hard05,"FAVOR: hard gate, epsilon=0.05",512,0.07,10,4.560815321520411e-08,0.0,0.01424454990774393,0.0,0.09461157315670138,0.0,4,0.89852,76975.2042369287
msturing1m,MSTuring-1M,7,10000,throughput,hard10,"FAVOR: hard gate, epsilon=0.10",512,0.07,10,4.560815321520411e-08,0.0,0.01424454990774393,0.0,0.09461157315670138,0.0,1,0.89806,63562.57557557715
msturing1m,MSTuring-1M,7,10000,throughput,hard10,"FAVOR: hard gate, epsilon=0.10",512,0.07,10,4.560815321520411e-08,0.0,0.01424454990774393,0.0,0.09461157315670138,0.0,2,0.89819,71450.8319398907
msturing1m,MSTuring-1M,7,10000,throughput,hard10,"FAVOR: hard gate, epsilon=0.10",512,0.07,10,4.560815321520411e-08,0.0,0.01424454990774393,0.0,0.09461157315670138,0.0,4,0.89852,76901.59948704738
msturing1m,MSTuring-1M,7,10000,throughput,smooth2,"FAVOR: smooth gate, r=2",512,0.07,10,4.560815321520411e-08,2.080103639701533e-15,0.01424454990774393,2.963014010900829e-17,0.09461157315670138,1.968018776811424e-16,1,0.89806,63445.834038444234
msturing1m,MSTuring-1M,7,10000,throughput,smooth2,"FAVOR: smooth gate, r=2",512,0.07,10,4.560815321520411e-08,2.080103639701533e-15,0.01424454990774393,2.963014010900829e-17,0.09461157315670138,1.968018776811424e-16,2,0.89819,71469.08367929173
msturing1m,MSTuring-1M,7,10000,throughput,smooth2,"FAVOR: smooth gate, r=2",512,0.07,10,4.560815321520411e-08,2.080103639701533e-15,0.01424454990774393,2.963014010900829e-17,0.09461157315670138,1.968018776811424e-16,4,0.89852,76884.23708090423
msturing1m,MSTuring-1M,7,10000,throughput,smooth4,"FAVOR: smooth gate, r=4",512,0.07,10,4.560815321520411e-08,4.326831151899566e-30,0.01424454990774393,6.163376228561452e-32,0.09461157315670138,4.093683020646403e-31,1,0.89806,63533.46916289059
msturing1m,MSTuring-1M,7,10000,throughput,smooth4,"FAVOR: smooth gate, r=4",512,0.07,10,4.560815321520411e-08,4.326831151899566e-30,0.01424454990774393,6.163376228561452e-32,0.09461157315670138,4.093683020646403e-31,2,0.89819,71456.3819939098
msturing1m,MSTuring-1M,7,10000,throughput,smooth4,"FAVOR: smooth gate, r=4",512,0.07,10,4.560815321520411e-08,4.326831151899566e-30,0.01424454990774393,6.163376228561452e-32,0.09461157315670138,4.093683020646403e-31,4,0.89852,76878.60265082322
msturing1m,MSTuring-1M,8,10000,throughput,default,Default CAGRA,512,0.08,10,6.350804920082874e-10,,0.01424454990774393,,0.08189336413171987,,1,0.89229,55767.64191247532
msturing1m,MSTuring-1M,8,10000,throughput,default,Default CAGRA,512,0.08,10,6.350804920082874e-10,,0.01424454990774393,,0.08189336413171987,,2,0.90232,65713.88823294299
msturing1m,MSTuring-1M,8,10000,throughput,default,Default CAGRA,512,0.08,10,6.350804920082874e-10,,0.01424454990774393,,0.08189336413171987,,4,0.9125,73093.08688190168
msturing1m,MSTuring-1M,8,10000,throughput,current,FAVOR: current penalty,512,0.08,10,6.350804920082874e-10,1.0,0.01424454990774393,0.01424454990774393,0.08189336413171987,0.08189336413171987,1,0.90122,63505.361310637134
msturing1m,MSTuring-1M,8,10000,throughput,current,FAVOR: current penalty,512,0.08,10,6.350804920082874e-10,1.0,0.01424454990774393,0.01424454990774393,0.08189336413171987,0.08189336413171987,2,0.90147,71374.71818262883
msturing1m,MSTuring-1M,8,10000,throughput,current,FAVOR: current penalty,512,0.08,10,6.350804920082874e-10,1.0,0.01424454990774393,0.01424454990774393,0.08189336413171987,0.08189336413171987,4,0.90164,76847.64888527826
msturing1m,MSTuring-1M,8,10000,throughput,zero,FAVOR: zero penalty,512,0.08,10,6.350804920082874e-10,0.0,0.01424454990774393,0.0,0.08189336413171987,0.0,1,0.90466,63755.24900604703
msturing1m,MSTuring-1M,8,10000,throughput,zero,FAVOR: zero penalty,512,0.08,10,6.350804920082874e-10,0.0,0.01424454990774393,0.0,0.08189336413171987,0.0,2,0.90478,71535.17979377967
msturing1m,MSTuring-1M,8,10000,throughput,zero,FAVOR: zero penalty,512,0.08,10,6.350804920082874e-10,0.0,0.01424454990774393,0.0,0.08189336413171987,0.0,4,0.90527,77014.68885582901
msturing1m,MSTuring-1M,8,10000,throughput,hard05,"FAVOR: hard gate, epsilon=0.05",512,0.08,10,6.350804920082874e-10,0.0,0.01424454990774393,0.0,0.08189336413171987,0.0,1,0.90466,63542.35736802309
msturing1m,MSTuring-1M,8,10000,throughput,hard05,"FAVOR: hard gate, epsilon=0.05",512,0.08,10,6.350804920082874e-10,0.0,0.01424454990774393,0.0,0.08189336413171987,0.0,2,0.90478,71356.65233087799
msturing1m,MSTuring-1M,8,10000,throughput,hard05,"FAVOR: hard gate, epsilon=0.05",512,0.08,10,6.350804920082874e-10,0.0,0.01424454990774393,0.0,0.08189336413171987,0.0,4,0.90527,76907.54840049878
msturing1m,MSTuring-1M,8,10000,throughput,hard10,"FAVOR: hard gate, epsilon=0.10",512,0.08,10,6.350804920082874e-10,0.0,0.01424454990774393,0.0,0.08189336413171987,0.0,1,0.90466,63342.933914798465
msturing1m,MSTuring-1M,8,10000,throughput,hard10,"FAVOR: hard gate, epsilon=0.10",512,0.08,10,6.350804920082874e-10,0.0,0.01424454990774393,0.0,0.08189336413171987,0.0,2,0.90478,71563.04733915122
msturing1m,MSTuring-1M,8,10000,throughput,hard10,"FAVOR: hard gate, epsilon=0.10",512,0.08,10,6.350804920082874e-10,0.0,0.01424454990774393,0.0,0.08189336413171987,0.0,4,0.90527,76903.39438757686
msturing1m,MSTuring-1M,8,10000,throughput,smooth2,"FAVOR: smooth gate, r=2",512,0.08,10,6.350804920082874e-10,4.0332723132948834e-19,0.01424454990774393,5.745214875825078e-21,0.08189336413171987,3.3029823819504204e-20,1,0.90466,63479.851782207865
msturing1m,MSTuring-1M,8,10000,throughput,smooth2,"FAVOR: smooth gate, r=2",512,0.08,10,6.350804920082874e-10,4.0332723132948834e-19,0.01424454990774393,5.745214875825078e-21,0.08189336413171987,3.3029823819504204e-20,2,0.90478,71448.52776775917
msturing1m,MSTuring-1M,8,10000,throughput,smooth2,"FAVOR: smooth gate, r=2",512,0.08,10,6.350804920082874e-10,4.0332723132948834e-19,0.01424454990774393,5.745214875825078e-21,0.08189336413171987,3.3029823819504204e-20,4,0.90527,76836.59231478957
msturing1m,MSTuring-1M,8,10000,throughput,smooth4,"FAVOR: smooth gate, r=4",512,0.08,10,6.350804920082874e-10,1.6267285553191061e-37,0.01424454990774393,2.317201609259519e-39,0.08189336413171987,1.3321827392421416e-38,1,0.90466,63560.375765498524
msturing1m,MSTuring-1M,8,10000,throughput,smooth4,"FAVOR: smooth gate, r=4",512,0.08,10,6.350804920082874e-10,1.6267285553191061e-37,0.01424454990774393,2.317201609259519e-39,0.08189336413171987,1.3321827392421416e-38,2,0.90478,71413.94279392851
msturing1m,MSTuring-1M,8,10000,throughput,smooth4,"FAVOR: smooth gate, r=4",512,0.08,10,6.350804920082874e-10,1.6267285553191061e-37,0.01424454990774393,2.317201609259519e-39,0.08189336413171987,1.3321827392421416e-38,4,0.90527,76913.9963401387
msturing1m,MSTuring-1M,10,10000,throughput,default,Default CAGRA,512,0.1,10,7.10108452886116e-14,,0.01424454990774393,,0.06408795496090533,,1,0.90509,55808.49889788067
msturing1m,MSTuring-1M,10,10000,throughput,default,Default CAGRA,512,0.1,10,7.10108452886116e-14,,0.01424454990774393,,0.06408795496090533,,2,0.91739,65627.60535352145
msturing1m,MSTuring-1M,10,10000,throughput,default,Default CAGRA,512,0.1,10,7.10108452886116e-14,,0.01424454990774393,,0.06408795496090533,,4,0.923,73051.99122505046
msturing1m,MSTuring-1M,10,10000,throughput,current,FAVOR: current penalty,512,0.1,10,7.10108452886116e-14,1.0,0.01424454990774393,0.01424454990774393,0.06408795496090533,0.06408795496090533,1,0.91324,63508.092738462154
msturing1m,MSTuring-1M,10,10000,throughput,current,FAVOR: current penalty,512,0.1,10,7.10108452886116e-14,1.0,0.01424454990774393,0.01424454990774393,0.06408795496090533,0.06408795496090533,2,0.91336,71428.90638434501
msturing1m,MSTuring-1M,10,10000,throughput,current,FAVOR: current penalty,512,0.1,10,7.10108452886116e-14,1.0,0.01424454990774393,0.01424454990774393,0.06408795496090533,0.06408795496090533,4,0.91353,76937.72586773423
msturing1m,MSTuring-1M,10,10000,throughput,zero,FAVOR: zero penalty,512,0.1,10,7.10108452886116e-14,0.0,0.01424454990774393,0.0,0.06408795496090533,0.0,1,0.91529,63595.764362835005
msturing1m,MSTuring-1M,10,10000,throughput,zero,FAVOR: zero penalty,512,0.1,10,7.10108452886116e-14,0.0,0.01424454990774393,0.0,0.06408795496090533,0.0,2,0.91538,71485.69360520218
msturing1m,MSTuring-1M,10,10000,throughput,zero,FAVOR: zero penalty,512,0.1,10,7.10108452886116e-14,0.0,0.01424454990774393,0.0,0.06408795496090533,0.0,4,0.91578,76955.69962839814
msturing1m,MSTuring-1M,10,10000,throughput,hard05,"FAVOR: hard gate, epsilon=0.05",512,0.1,10,7.10108452886116e-14,0.0,0.01424454990774393,0.0,0.06408795496090533,0.0,1,0.91529,63584.89481977346
msturing1m,MSTuring-1M,10,10000,throughput,hard05,"FAVOR: hard gate, epsilon=0.05",512,0.1,10,7.10108452886116e-14,0.0,0.01424454990774393,0.0,0.06408795496090533,0.0,2,0.91538,71607.50861825097
msturing1m,MSTuring-1M,10,10000,throughput,hard05,"FAVOR: hard gate, epsilon=0.05",512,0.1,10,7.10108452886116e-14,0.0,0.01424454990774393,0.0,0.06408795496090533,0.0,4,0.91578,76898.21336843206
msturing1m,MSTuring-1M,10,10000,throughput,hard10,"FAVOR: hard gate, epsilon=0.10",512,0.1,10,7.10108452886116e-14,0.0,0.01424454990774393,0.0,0.06408795496090533,0.0,1,0.91529,63597.12392103408
msturing1m,MSTuring-1M,10,10000,throughput,hard10,"FAVOR: hard gate, epsilon=0.10",512,0.1,10,7.10108452886116e-14,0.0,0.01424454990774393,0.0,0.06408795496090533,0.0,2,0.91538,71438.67106918425
msturing1m,MSTuring-1M,10,10000,throughput,hard10,"FAVOR: hard gate, epsilon=0.10",512,0.1,10,7.10108452886116e-14,0.0,0.01424454990774393,0.0,0.06408795496090533,0.0,4,0.91578,76994.8375930729
msturing1m,MSTuring-1M,10,10000,throughput,smooth2,"FAVOR: smooth gate, r=2",512,0.1,10,7.10108452886116e-14,5.0425401486031324e-27,0.01424454990774393,7.182871480857981e-29,0.06408795496090533,3.231660859322344e-28,1,0.91529,63562.89960123065
msturing1m,MSTuring-1M,10,10000,throughput,smooth2,"FAVOR: smooth gate, r=2",512,0.1,10,7.10108452886116e-14,5.0425401486031324e-27,0.01424454990774393,7.182871480857981e-29,0.06408795496090533,3.231660859322344e-28,2,0.91538,71442.245221392
msturing1m,MSTuring-1M,10,10000,throughput,smooth2,"FAVOR: smooth gate, r=2",512,0.1,10,7.10108452886116e-14,5.0425401486031324e-27,0.01424454990774393,7.182871480857981e-29,0.06408795496090533,3.231660859322344e-28,4,0.91578,76897.37515247706
msturing1m,MSTuring-1M,10,10000,throughput,smooth4,"FAVOR: smooth gate, r=4",512,0.1,10,7.10108452886116e-14,2.54272111502745e-53,0.01424454990774393,3.621991782448281e-55,0.06408795496090533,1.629577962980222e-54,1,0.91529,63618.60979578456
msturing1m,MSTuring-1M,10,10000,throughput,smooth4,"FAVOR: smooth gate, r=4",512,0.1,10,7.10108452886116e-14,2.54272111502745e-53,0.01424454990774393,3.621991782448281e-55,0.06408795496090533,1.629577962980222e-54,2,0.91538,71433.44089846553
msturing1m,MSTuring-1M,10,10000,throughput,smooth4,"FAVOR: smooth gate, r=4",512,0.1,10,7.10108452886116e-14,2.54272111502745e-53,0.01424454990774393,3.621991782448281e-55,0.06408795496090533,1.629577962980222e-54,4,0.91578,76945.05360992717
msturing1m,MSTuring-1M,50,10000,throughput,default,Default CAGRA,512,0.5,10,4.714235903299686e-136,,0.01424454990774393,,0.007115319607237325,,1,0.96716,56183.4223101183
msturing1m,MSTuring-1M,50,10000,throughput,default,Default CAGRA,512,0.5,10,4.714235903299686e-136,,0.01424454990774393,,0.007115319607237325,,2,0.96744,65719.14727931983
msturing1m,MSTuring-1M,50,10000,throughput,default,Default CAGRA,512,0.5,10,4.714235903299686e-136,,0.01424454990774393,,0.007115319607237325,,4,0.96788,72938.27759376587
msturing1m,MSTuring-1M,50,10000,throughput,current,FAVOR: current penalty,512,0.5,10,4.714235903299686e-136,1.0,0.01424454990774393,0.01424454990774393,0.007115319607237325,0.007115319607237325,1,0.96654,63528.828934488396
msturing1m,MSTuring-1M,50,10000,throughput,current,FAVOR: current penalty,512,0.5,10,4.714235903299686e-136,1.0,0.01424454990774393,0.01424454990774393,0.007115319607237325,0.007115319607237325,2,0.96654,71601.61899274212
msturing1m,MSTuring-1M,50,10000,throughput,current,FAVOR: current penalty,512,0.5,10,4.714235903299686e-136,1.0,0.01424454990774393,0.01424454990774393,0.007115319607237325,0.007115319607237325,4,0.96687,76974.47988644616
msturing1m,MSTuring-1M,50,10000,throughput,zero,FAVOR: zero penalty,512,0.5,10,4.714235903299686e-136,0.0,0.01424454990774393,0.0,0.007115319607237325,0.0,1,0.96666,63662.31106201754
msturing1m,MSTuring-1M,50,10000,throughput,zero,FAVOR: zero penalty,512,0.5,10,4.714235903299686e-136,0.0,0.01424454990774393,0.0,0.007115319607237325,0.0,2,0.96676,71394.57001803469
msturing1m,MSTuring-1M,50,10000,throughput,zero,FAVOR: zero penalty,512,0.5,10,4.714235903299686e-136,0.0,0.01424454990774393,0.0,0.007115319607237325,0.0,4,0.96698,76904.68635403996
msturing1m,MSTuring-1M,50,10000,throughput,hard05,"FAVOR: hard gate, epsilon=0.05",512,0.5,10,4.714235903299686e-136,0.0,0.01424454990774393,0.0,0.007115319607237325,0.0,1,0.96666,63552.081471790494
msturing1m,MSTuring-1M,50,10000,throughput,hard05,"FAVOR: hard gate, epsilon=0.05",512,0.5,10,4.714235903299686e-136,0.0,0.01424454990774393,0.0,0.007115319607237325,0.0,2,0.96676,71391.17443628208
msturing1m,MSTuring-1M,50,10000,throughput,hard05,"FAVOR: hard gate, epsilon=0.05",512,0.5,10,4.714235903299686e-136,0.0,0.01424454990774393,0.0,0.007115319607237325,0.0,4,0.96698,76996.76490060329
msturing1m,MSTuring-1M,50,10000,throughput,hard10,"FAVOR: hard gate, epsilon=0.10",512,0.5,10,4.714235903299686e-136,0.0,0.01424454990774393,0.0,0.007115319607237325,0.0,1,0.96666,63598.98186013528
msturing1m,MSTuring-1M,50,10000,throughput,hard10,"FAVOR: hard gate, epsilon=0.10",512,0.5,10,4.714235903299686e-136,0.0,0.01424454990774393,0.0,0.007115319607237325,0.0,2,0.96676,71538.37670586984
msturing1m,MSTuring-1M,50,10000,throughput,hard10,"FAVOR: hard gate, epsilon=0.10",512,0.5,10,4.714235903299686e-136,0.0,0.01424454990774393,0.0,0.007115319607237325,0.0,4,0.96698,76873.72370168104
msturing1m,MSTuring-1M,50,10000,throughput,smooth2,"FAVOR: smooth gate, r=2",512,0.5,10,4.714235903299686e-136,2.222402015195981e-271,0.01424454990774393,3.1657116420529836e-273,0.007115319607237325,1.5813100633887707e-273,1,0.96666,63624.055937840436
msturing1m,MSTuring-1M,50,10000,throughput,smooth2,"FAVOR: smooth gate, r=2",512,0.5,10,4.714235903299686e-136,2.222402015195981e-271,0.01424454990774393,3.1657116420529836e-273,0.007115319607237325,1.5813100633887707e-273,2,0.96676,71446.53078675528
msturing1m,MSTuring-1M,50,10000,throughput,smooth2,"FAVOR: smooth gate, r=2",512,0.5,10,4.714235903299686e-136,2.222402015195981e-271,0.01424454990774393,3.1657116420529836e-273,0.007115319607237325,1.5813100633887707e-273,4,0.96698,76991.95718547734
msturing1m,MSTuring-1M,50,10000,throughput,smooth4,"FAVOR: smooth gate, r=4",512,0.5,10,4.714235903299686e-136,0.0,0.01424454990774393,0.0,0.007115319607237325,0.0,1,0.96666,63580.174109870364
msturing1m,MSTuring-1M,50,10000,throughput,smooth4,"FAVOR: smooth gate, r=4",512,0.5,10,4.714235903299686e-136,0.0,0.01424454990774393,0.0,0.007115319607237325,0.0,2,0.96676,71440.82378532189
msturing1m,MSTuring-1M,50,10000,throughput,smooth4,"FAVOR: smooth gate, r=4",512,0.5,10,4.714235903299686e-136,0.0,0.01424454990774393,0.0,0.007115319607237325,0.0,4,0.96698,76889.61486217145
msturing1m,MSTuring-1M,90,10000,throughput,default,Default CAGRA,512,0.9,10,0.0,,0.01424454990774393,,0.0007899728144366235,,1,0.97567,56354.82206731558
msturing1m,MSTuring-1M,90,10000,throughput,default,Default CAGRA,512,0.9,10,0.0,,0.01424454990774393,,0.0007899728144366235,,2,0.97587,66267.48327653797
msturing1m,MSTuring-1M,90,10000,throughput,default,Default CAGRA,512,0.9,10,0.0,,0.01424454990774393,,0.0007899728144366235,,4,0.97642,73705.9787760849
msturing1m,MSTuring-1M,90,10000,throughput,current,FAVOR: current penalty,512,0.9,10,0.0,1.0,0.01424454990774393,0.01424454990774393,0.0007899728144366235,0.0007899728144366235,1,0.97567,63577.550877875874
msturing1m,MSTuring-1M,90,10000,throughput,current,FAVOR: current penalty,512,0.9,10,0.0,1.0,0.01424454990774393,0.01424454990774393,0.0007899728144366235,0.0007899728144366235,2,0.97569,71601.06530376499
msturing1m,MSTuring-1M,90,10000,throughput,current,FAVOR: current penalty,512,0.9,10,0.0,1.0,0.01424454990774393,0.01424454990774393,0.0007899728144366235,0.0007899728144366235,4,0.97597,77019.00736082075
msturing1m,MSTuring-1M,90,10000,throughput,zero,FAVOR: zero penalty,512,0.9,10,0.0,0.0,0.01424454990774393,0.0,0.0007899728144366235,0.0,1,0.97563,63669.37623661669
msturing1m,MSTuring-1M,90,10000,throughput,zero,FAVOR: zero penalty,512,0.9,10,0.0,0.0,0.01424454990774393,0.0,0.0007899728144366235,0.0,2,0.97571,71487.91916611181
msturing1m,MSTuring-1M,90,10000,throughput,zero,FAVOR: zero penalty,512,0.9,10,0.0,0.0,0.01424454990774393,0.0,0.0007899728144366235,0.0,4,0.97596,76970.64359974218
msturing1m,MSTuring-1M,90,10000,throughput,hard05,"FAVOR: hard gate, epsilon=0.05",512,0.9,10,0.0,0.0,0.01424454990774393,0.0,0.0007899728144366235,0.0,1,0.97563,63599.185516492806
msturing1m,MSTuring-1M,90,10000,throughput,hard05,"FAVOR: hard gate, epsilon=0.05",512,0.9,10,0.0,0.0,0.01424454990774393,0.0,0.0007899728144366235,0.0,2,0.97571,71580.84971558594
msturing1m,MSTuring-1M,90,10000,throughput,hard05,"FAVOR: hard gate, epsilon=0.05",512,0.9,10,0.0,0.0,0.01424454990774393,0.0,0.0007899728144366235,0.0,4,0.97596,77053.66212794697
msturing1m,MSTuring-1M,90,10000,throughput,hard10,"FAVOR: hard gate, epsilon=0.10",512,0.9,10,0.0,0.0,0.01424454990774393,0.0,0.0007899728144366235,0.0,1,0.97563,63598.85930201604
msturing1m,MSTuring-1M,90,10000,throughput,hard10,"FAVOR: hard gate, epsilon=0.10",512,0.9,10,0.0,0.0,0.01424454990774393,0.0,0.0007899728144366235,0.0,2,0.97571,71414.76899148636
msturing1m,MSTuring-1M,90,10000,throughput,hard10,"FAVOR: hard gate, epsilon=0.10",512,0.9,10,0.0,0.0,0.01424454990774393,0.0,0.0007899728144366235,0.0,4,0.97596,76932.16468328235
msturing1m,MSTuring-1M,90,10000,throughput,smooth2,"FAVOR: smooth gate, r=2",512,0.9,10,0.0,0.0,0.01424454990774393,0.0,0.0007899728144366235,0.0,1,0.97563,63668.79331061183
msturing1m,MSTuring-1M,90,10000,throughput,smooth2,"FAVOR: smooth gate, r=2",512,0.9,10,0.0,0.0,0.01424454990774393,0.0,0.0007899728144366235,0.0,2,0.97571,71542.53101617938
msturing1m,MSTuring-1M,90,10000,throughput,smooth2,"FAVOR: smooth gate, r=2",512,0.9,10,0.0,0.0,0.01424454990774393,0.0,0.0007899728144366235,0.0,4,0.97596,76855.75099004449
msturing1m,MSTuring-1M,90,10000,throughput,smooth4,"FAVOR: smooth gate, r=4",512,0.9,10,0.0,0.0,0.01424454990774393,0.0,0.0007899728144366235,0.0,1,0.97563,63658.27828983099
msturing1m,MSTuring-1M,90,10000,throughput,smooth4,"FAVOR: smooth gate, r=4",512,0.9,10,0.0,0.0,0.01424454990774393,0.0,0.0007899728144366235,0.0,2,0.97571,71390.01623012642
msturing1m,MSTuring-1M,90,10000,throughput,smooth4,"FAVOR: smooth gate, r=4",512,0.9,10,0.0,0.0,0.01424454990774393,0.0,0.0007899728144366235,0.0,4,0.97596,76930.59007599828
