query_id,recall,iterations,resolved_max_iterations,stop_reason,terminal_valid,terminal_pass,terminal_reject,terminal_unexpanded_pass,terminal_unexpanded_reject,expanded_pass_parents,expanded_reject_parents,candidate_attempts,candidate_evaluations,candidate_duplicate_or_full,candidate_duplicates,candidate_hash_full,passing_candidates,rejected_candidates,penalized_candidates,accumulator_observations,accumulator_insertions,gt_seen_mask,output_count,hash_bitlen,small_hash_bitlen,small_hash_reset_interval,resolved_filtering_rate,reference_penalty,query_penalty,terminal_cutoff,best_unexpanded_distance,worst_retained_distance,kth_passing_raw_distance,gt_first_iteration_0,gt_first_iteration_1,gt_first_iteration_2,gt_first_iteration_3,gt_first_iteration_4,gt_first_iteration_5,gt_first_iteration_6,gt_first_iteration_7,gt_first_iteration_8,gt_first_iteration_9
0,0.5,7569,7569,1,512,5,507,0,507,5,15131,484352,164802,319550,319550,0,7,164795,0,0,0,127,5,20,0,1048576,0,0,0,inf,1.78997803,1.83560181,inf,6,6,7,5,5,1598,5309,4294967295,4294967295,4294967295
1,0.100000001,7569,7569,1,512,1,511,0,511,1,15135,484352,182134,302218,302218,0,8,182126,0,0,0,479,1,20,0,1048576,0,0,0,inf,1.60739136,1.74977112,inf,7,61,103,589,97,4294967295,2055,2603,2603,4294967295
2,0,7569,7569,1,512,0,512,0,512,0,15136,484352,200080,284272,284272,0,1,200079,0,0,0,4,0,20,0,1048576,0,0,0,inf,1.30514526,1.48303223,inf,4294967295,4294967295,6203,4294967295,4294967295,4294967295,4294967295,4294967295,4294967295,4294967295
3,0.100000001,7569,7569,1,512,1,511,0,511,1,15135,484352,180941,303411,303411,0,16,180925,0,0,0,511,1,20,0,1048576,0,0,0,inf,1.23017883,1.3820343,inf,253,1500,1085,1085,1545,6112,1949,3886,4518,4294967295
4,0.899999976,7569,7569,1,512,13,499,0,499,13,15123,484352,255151,229201,229201,0,48,255103,0,0,0,1023,10,20,0,1048576,0,0,0,inf,1.57035828,1.65219116,1.37028503,4,13,13,13,4,14,91,13,747,895
5,0.300000012,7569,7569,1,512,5,507,0,507,5,15131,484352,238577,245775,245775,0,24,238553,0,0,0,1023,5,20,0,1048576,0,0,0,inf,1.56106567,1.64102173,inf,15,15,7,212,15,15,409,591,1157,3228
6,1,7569,7569,1,512,21,491,0,491,21,15115,484352,172777,311575,311575,0,62,172715,0,0,0,1023,10,20,0,1048576,0,0,0,inf,1.65757751,1.71789551,0.648681641,7,4,5,3,9,36,4,13,7,23
7,0,7569,7569,1,512,0,512,0,512,0,15136,484352,245618,238734,238734,0,4,245614,0,0,0,513,0,20,0,1048576,0,0,0,inf,1.77137756,1.82492065,inf,4626,4294967295,4294967295,4294967295,4294967295,4294967295,4294967295,4294967295,4294967295,5390
8,0,7569,7569,1,512,0,512,0,512,0,15136,484352,217530,266822,266822,0,11,217519,0,0,0,703,0,20,0,1048576,0,0,0,inf,1.46998596,1.53248596,inf,907,3396,3794,1788,1593,1900,4294967295,3917,4294967295,4849
9,0.300000012,7569,7569,1,512,3,509,0,509,3,15133,484352,220280,264072,264072,0,18,220262,0,0,0,991,3,20,0,1048576,0,0,0,inf,1.42164612,1.48086548,inf,354,191,587,3664,562,4294967295,1980,3367,1994,1544
10,0,7569,7569,1,512,0,512,0,512,0,15136,484352,217750,266602,266602,0,8,217742,0,0,0,239,0,20,0,1048576,0,0,0,inf,1.47401428,1.59169006,inf,1072,4422,6421,1836,4294967295,598,2794,1011,4294967295,4294967295
11,0.200000003,7569,7569,1,512,2,510,0,510,2,15134,484352,257052,227300,227300,0,14,257038,0,0,0,767,2,20,0,1048576,0,0,0,inf,1.38032532,1.45674133,inf,10,405,88,7096,246,687,958,1275,4294967295,4974
12,0,7569,7569,1,510,0,510,0,510,0,15136,484352,234050,250302,250302,0,2,234048,0,0,0,9,0,20,0,1048576,0,0,0,inf,1.66131592,1.67456055,inf,745,4294967295,4294967295,5155,4294967295,4294967295,4294967295,4294967295,4294967295,4294967295
13,0,7569,7569,1,512,0,512,0,512,0,15136,484352,197285,287067,287067,0,4,197281,0,0,0,15,0,20,0,1048576,0,0,0,inf,1.39689636,1.50012207,inf,3294,4811,2553,3268,4294967295,4294967295,4294967295,4294967295,4294967295,4294967295
14,0.100000001,7569,7569,1,512,1,511,0,511,1,15135,484352,201673,282679,282679,0,9,201664,0,0,0,411,1,20,0,1048576,0,0,0,inf,1.3547821,1.58352661,inf,2520,3162,4294967295,4098,5482,4294967295,4294967295,6848,5838,4294967295
15,0,7569,7569,1,512,0,512,0,512,0,15136,484352,212340,272012,272012,0,6,212334,0,0,0,63,0,20,0,1048576,0,0,0,inf,1.50671387,1.77786255,inf,3132,2431,3753,533,6797,4859,4294967295,4294967295,4294967295,4294967295
16,0.300000012,7569,7569,1,512,3,509,0,509,3,15133,484352,263177,221175,221175,0,22,263155,0,0,0,1023,3,20,0,1048576,0,0,0,inf,1.28755188,1.35533142,inf,1862,5532,1205,2740,466,187,4548,843,498,2924
17,0,7569,7569,1,512,0,512,0,512,0,15136,484352,254405,229947,229947,0,4,254401,0,0,0,43,0,20,0,1048576,0,0,0,inf,1.35211182,1.5869751,inf,361,7039,4294967295,5868,4294967295,3636,4294967295,4294967295,4294967295,4294967295
18,0.300000012,7569,7569,1,512,3,509,0,509,3,15133,484352,217351,267001,267001,0,16,217335,0,0,0,1023,3,20,0,1048576,0,0,0,inf,1.49729919,1.58868408,inf,40,12,22,299,167,1507,347,1742,3238,4296
19,0.400000006,7569,7569,1,512,6,506,0,506,6,15130,484352,214369,269983,269983,0,38,214331,0,0,0,1023,6,20,0,1048576,0,0,0,inf,1.38117981,1.50128174,inf,13,184,151,62,368,438,357,575,1670,123
20,0.300000012,7569,7569,1,512,4,508,0,508,4,15132,484352,225670,258682,258682,0,25,225645,0,0,0,767,4,20,0,1048576,0,0,0,inf,1.37858582,1.49577332,inf,17,101,1095,75,2795,16,16,1289,4294967295,2711
21,0.5,7569,7569,1,512,5,507,0,507,5,15131,484352,225798,258554,258554,0,12,225786,0,0,0,1023,5,20,0,1048576,0,0,0,inf,1.35771179,1.46328735,inf,8,11,9,80,9,160,1406,3313,1461,262
22,0,7569,7569,1,512,0,512,0,512,0,15136,484352,216538,267814,267814,0,1,216537,0,0,0,1,0,20,0,1048576,0,0,0,inf,1.39068604,1.47422791,inf,199,4294967295,4294967295,4294967295,4294967295,4294967295,4294967295,4294967295,4294967295,4294967295
23,0.300000012,7569,7569,1,512,3,509,0,509,3,15133,484352,203936,280416,280416,0,15,203921,0,0,0,1023,3,20,0,1048576,0,0,0,inf,1.29319763,1.37414551,inf,12,350,618,3753,1581,618,1297,3629,2697,2697
24,0,7569,7569,1,512,0,512,0,512,0,15136,484352,193326,291026,291026,0,0,193326,0,0,0,0,0,20,0,1048576,0,0,0,inf,1.47618103,1.63369751,inf,4294967295,4294967295,4294967295,4294967295,4294967295,4294967295,4294967295,4294967295,4294967295,4294967295
25,0.100000001,7569,7569,1,512,1,511,0,511,1,15135,484352,268727,215625,215625,0,13,268714,0,0,0,223,1,20,0,1048576,0,0,0,inf,1.29846191,1.41592407,inf,1740,1740,1873,334,1321,4294967295,836,402,4294967295,4294967295
26,1,7569,7569,1,512,25,487,0,487,25,15111,484352,185466,298886,298886,0,77,185389,0,0,0,1023,10,20,0,1048576,0,0,0,inf,1.26457214,1.38208008,0.570297241,8,4,21,40,11,15,4,14,15,24
27,0.100000001,7569,7569,1,512,1,511,0,511,1,15135,484352,230441,253911,253911,0,5,230436,0,0,0,61,1,20,0,1048576,0,0,0,inf,1.59249878,1.72354126,inf,3588,4294967295,338,497,497,5439,4294967295,4294967295,4294967295,4294967295
28,0,7569,7569,1,512,0,512,0,512,0,15136,484352,252715,231637,231637,0,3,252712,0,0,0,517,0,20,0,1048576,0,0,0,inf,1.33349609,1.40739441,inf,6468,4294967295,3896,4294967295,4294967295,4294967295,4294967295,4294967295,4294967295,4430
29,0.5,7569,7569,1,512,5,507,0,507,5,15131,484352,182689,301663,301663,0,18,182671,0,0,0,1023,5,20,0,1048576,0,0,0,inf,1.11140442,1.30874634,inf,5,6,6,6,13,324,945,1471,1732,1079
30,0.400000006,7569,7569,1,512,4,508,0,508,4,15132,484352,254068,230284,230284,0,8,254060,0,0,0,159,4,20,0,1048576,0,0,0,inf,1.40060425,1.58117676,inf,5,5,6,29,7267,4294967295,4294967295,3420,4294967295,4294967295
31,0.600000024,7569,7569,1,512,16,496,0,496,16,15120,484352,245959,238393,238393,0,53,245906,0,0,0,1023,10,20,0,1048576,0,0,0,inf,1.39590454,1.50164795,1.29341125,11,76,16,34,94,20,50,50,511,538
32,0.699999988,7569,7569,1,512,9,503,0,503,9,15127,484352,257446,226906,226906,0,40,257406,0,0,0,1023,9,20,0,1048576,0,0,0,inf,1.79096985,1.87042236,inf,13,17,9,19,256,18,11,69,38,89
33,0.100000001,7569,7569,1,512,1,511,0,511,1,15135,484352,197353,286999,286999,0,22,197331,0,0,0,1023,1,20,0,1048576,0,0,0,inf,1.02705383,1.23895264,inf,14,318,363,234,1366,1366,1276,2567,503,2208
34,0.100000001,7569,7569,1,512,1,511,0,511,1,15135,484352,222883,261469,261469,0,8,222875,0,0,0,63,1,20,0,1048576,0,0,0,inf,1.32191467,1.45483398,inf,5347,2135,2515,2666,1384,6414,4294967295,4294967295,4294967295,4294967295
35,0,7569,7569,1,512,0,512,0,512,0,15136,484352,166755,317597,317597,0,2,166753,0,0,0,5,0,20,0,1048576,0,0,0,inf,1.03816223,1.15644836,inf,1431,4294967295,6207,4294967295,4294967295,4294967295,4294967295,4294967295,4294967295,4294967295
36,0.100000001,7569,7569,1,512,1,511,0,511,1,15135,484352,171307,313045,313045,0,8,171299,0,0,0,575,1,20,0,1048576,0,0,0,inf,1.12306213,1.2049408,inf,5,1919,2238,4170,6236,4741,4294967295,4294967295,4294967295,7244
37,0.100000001,7569,7569,1,512,1,511,0,511,1,15135,484352,269963,214389,214389,0,8,269955,0,0,0,519,1,20,0,1048576,0,0,0,inf,1.4440155,1.58966064,inf,93,3795,1475,4294967295,4294967295,4294967295,4294967295,4294967295,4294967295,4217
38,0,7569,7569,1,512,0,512,0,512,0,15136,484352,137078,347274,347274,0,1,137077,0,0,0,1,0,20,0,1048576,0,0,0,inf,1.9057312,2.0307312,inf,3007,4294967295,4294967295,4294967295,4294967295,4294967295,4294967295,4294967295,4294967295,4294967295
39,0,7569,7569,1,512,0,512,0,512,0,15136,484352,267655,216697,216697,0,3,267652,0,0,0,35,0,20,0,1048576,0,0,0,inf,1.57977295,1.64422607,inf,6160,3702,4294967295,4294967295,4294967295,4283,4294967295,4294967295,4294967295,4294967295
40,0.200000003,7569,7569,1,512,2,510,0,510,2,15134,484352,216963,267389,267389,0,6,216957,0,0,0,63,2,20,0,1048576,0,0,0,inf,1.46261597,1.60830688,inf,3,112,90,1247,5322,3500,4294967295,4294967295,4294967295,4294967295
41,0.300000012,7569,7569,1,512,8,504,0,504,8,15128,484352,173763,310589,310589,0,33,173730,0,0,0,1023,8,20,0,1048576,0,0,0,inf,1.40431213,1.47496033,inf,17,20,8,21,146,174,48,45,367,452
42,0.300000012,7569,7569,1,512,8,504,0,504,8,15128,484352,142935,341417,341417,0,64,142871,0,0,0,1023,8,20,0,1048576,0,0,0,inf,1.91992188,1.97598267,inf,485,253,524,465,1583,281,851,749,749,974
43,0.300000012,7569,7569,1,512,3,509,0,509,3,15133,484352,167910,316442,316442,0,19,167891,0,0,0,1023,3,20,0,1048576,0,0,0,inf,1.43183899,1.54655457,inf,69,178,53,206,395,932,845,1198,1198,3299
44,0,7569,7569,1,512,0,512,0,512,0,15136,484352,229255,255097,255097,0,15,229240,0,0,0,1015,0,20,0,1048576,0,0,0,inf,1.63493347,1.69934082,inf,182,461,835,4294967295,380,4455,3439,5108,7508,3607
45,0.5,7569,7569,1,512,9,503,0,503,9,15127,484352,263658,220694,220694,0,67,263591,0,0,0,1023,9,20,0,1048576,0,0,0,inf,1.67546082,1.77801514,inf,7,392,62,95,49,88,14,174,126,109
46,0.100000001,7569,7569,1,512,1,511,0,511,1,15135,484352,191165,293187,293187,0,3,191162,0,0,0,7,1,20,0,1048576,0,0,0,inf,1.22805786,1.36862183,inf,12,32,50,4294967295,4294967295,4294967295,4294967295,4294967295,4294967295,4294967295
47,0,7569,7569,1,512,0,512,0,512,0,15136,484352,237308,247044,247044,0,4,237304,0,0,0,15,0,20,0,1048576,0,0,0,inf,1.40231323,1.53451538,inf,3839,3152,7427,1310,4294967295,4294967295,4294967295,4294967295,4294967295,4294967295
48,0,7569,7569,1,512,0,512,0,512,0,15136,484352,290517,193835,193835,0,6,290511,0,0,0,75,0,20,0,1048576,0,0,0,inf,1.68688965,1.76016235,inf,1361,1361,4294967295,467,4294967295,4294967295,5071,4294967295,4294967295,4294967295
49,0.5,7569,7569,1,512,5,507,0,507,5,15131,484352,187343,297009,297009,0,10,187333,0,0,0,191,5,20,0,1048576,0,0,0,inf,1.17971802,1.37567139,inf,7,992,658,2129,3364,1628,4294967295,5499,4294967295,4294967295
50,0.300000012,7569,7569,1,512,3,509,0,509,3,15133,484352,225885,258467,258467,0,16,225869,0,0,0,991,3,20,0,1048576,0,0,0,inf,1.12521362,1.29615784,inf,6546,6546,990,4353,2490,4294967295,2871,6030,7078,2704
51,0.300000012,7569,7569,1,512,3,509,0,509,3,15133,484352,172664,311688,311688,0,38,172626,0,0,0,1023,3,20,0,1048576,0,0,0,inf,1.21769714,1.50512695,inf,665,665,127,554,637,2185,4732,753,3295,4082
52,0.400000006,7569,7569,1,512,31,481,3,481,28,15108,484352,212028,272324,272324,0,581,211447,0,0,0,1023,10,20,0,1048576,0,0,0,inf,1.87435913,1.9602356,1.76843262,444,558,901,901,1888,1189,835,1287,751,2314
53,0.5,7569,7569,1,512,11,501,0,501,11,15125,484352,240363,243989,243989,0,89,240274,0,0,0,1023,10,20,0,1048576,0,0,0,inf,1.32730103,1.70109558,1.42607117,5,3,58,39,238,286,220,68,152,651
54,0.5,7569,7569,1,512,23,489,1,489,22,15114,484352,248440,235912,235912,0,290,248150,0,0,0,1023,10,20,0,1048576,0,0,0,inf,1.50376892,1.57763672,1.28182983,159,20,280,72,2,294,285,365,863,576
55,0.300000012,7569,7569,1,512,17,495,0,495,17,15119,484352,187827,296525,296525,0,264,187563,0,0,0,1023,10,20,0,1048576,0,0,0,inf,2.0242157,2.24328613,2.01782227,13,169,24,166,81,81,5,312,231,1361
56,0.100000001,7569,7569,1,512,1,511,0,511,1,15135,484352,154125,330227,330227,0,4,154121,0,0,0,15,1,20,0,1048576,0,0,0,inf,1.71138,1.78730774,inf,3,119,1145,5439,4294967295,4294967295,4294967295,4294967295,4294967295,4294967295
57,1,7569,7569,1,512,181,331,3,331,179,14957,484352,206966,277386,277386,0,1801,205165,0,0,0,1023,10,20,0,1048576,0,0,0,inf,1.14512634,1.34010315,0.838241577,34,48,13,2,20,160,33,274,167,15
58,0.800000012,7569,7569,1,512,31,481,1,481,30,15106,484352,206037,278315,278315,0,225,205812,0,0,0,1023,10,20,0,1048576,0,0,0,inf,1.41540527,1.47950745,0.858352661,4,36,8,44,22,141,188,140,3,26
59,0.600000024,7569,7569,1,512,20,492,1,492,20,15116,484352,247760,236592,236592,0,375,247385,0,0,0,1023,10,20,0,1048576,0,0,0,inf,1.86488342,1.98796082,1.81497192,288,924,943,362,161,2717,1656,126,222,724
60,0.300000012,7569,7569,1,510,8,502,0,502,8,15128,484352,191533,292819,292819,0,98,191435,0,0,0,1023,8,20,0,1048576,0,0,0,inf,1.96812439,2.0446167,inf,9,103,143,70,688,380,282,556,556,831
61,0.200000003,7569,7569,1,512,2,510,0,510,2,15134,484352,200704,283648,283648,0,54,200650,0,0,0,443,2,20,0,1048576,0,0,0,inf,1.16841125,1.22862244,inf,3034,3207,4294967295,3447,2227,1679,4294967295,1571,2035,4294967295
62,0.800000012,7569,7569,1,512,48,464,0,464,48,15088,484352,197506,286846,286846,0,810,196696,0,0,0,1023,10,20,0,1048576,0,0,0,inf,1.90071106,2.01976013,1.43840027,35,25,19,7,36,123,77,3,15,461
63,0.100000001,7569,7569,1,512,1,511,0,511,1,15135,484352,213019,271333,271333,0,15,213004,0,0,0,1023,1,20,0,1048576,0,0,0,inf,1.11439514,1.26014709,inf,8,390,767,590,100,5766,893,1153,1153,2998
64,0.600000024,7569,7569,1,512,22,490,0,490,22,15114,484352,215941,268411,268411,0,349,215592,0,0,0,1023,10,20,0,1048576,0,0,0,inf,1.44140625,1.50238037,1.26527405,26,32,537,506,75,37,52,577,770,171
65,0.600000024,7569,7569,1,512,56,456,2,456,55,15081,484352,217116,267236,267236,0,540,216576,0,0,0,1023,10,20,0,1048576,0,0,0,inf,1.36305237,1.45280457,1.0582428,29,3,23,23,29,250,164,164,346,37
66,1,7569,7569,1,512,110,402,0,402,110,15026,484352,190154,294198,294198,0,622,189532,0,0,0,1023,10,20,0,1048576,0,0,0,inf,1.52197266,1.59745789,0.661071777,14,2,4,6,16,12,6,25,35,9
67,0.800000012,7569,7569,1,512,58,454,3,454,55,15081,484352,227156,257196,257196,0,967,226189,0,0,0,1023,10,20,0,1048576,0,0,0,inf,1.39347839,1.52928162,1.18617249,58,111,210,34,9,162,255,23,122,553
68,0,7569,7569,1,512,0,512,0,512,0,15136,484352,153497,330855,330855,0,2,153495,0,0,0,3,0,20,0,1048576,0,0,0,inf,0.902435303,1.17950439,inf,2162,2784,4294967295,4294967295,4294967295,4294967295,4294967295,4294967295,4294967295,4294967295
69,1,7569,7569,1,512,80,432,3,432,77,15059,484352,254383,229969,229969,0,527,253856,0,0,0,1023,10,20,0,1048576,0,0,0,inf,1.8180542,1.98165894,1.21736145,2,13,16,102,13,44,2,17,1,54
70,1,7569,7569,1,512,344,168,3,168,341,14795,484352,176898,307454,307454,0,1695,175203,0,0,0,1023,10,20,0,1048576,0,0,0,inf,1.53092957,1.57617188,0.529083252,8,4,9,6,9,8,6,44,31,14
71,0.899999976,7569,7569,1,512,26,486,1,486,25,15111,484352,288715,195637,195637,0,278,288437,0,0,0,1023,10,20,0,1048576,0,0,0,inf,1.55999756,1.65390015,1.40193176,7,5,126,1520,451,182,4355,1938,1375,2404
72,1,7569,7569,1,512,98,414,0,414,98,15038,484352,70060,414292,414292,0,166,69894,0,0,0,1023,10,20,0,1048576,0,0,0,inf,1.80278015,1.80964661,0.755813599,3,3,4,4,4,4,4,4,3,4
73,1,7569,7569,1,512,433,79,0,79,433,14703,484352,229222,255130,255130,0,2739,226483,0,0,0,1023,10,20,0,1048576,0,0,0,inf,1.46791077,1.62731934,0.760070801,3,9,9,3,10,11,11,4,10,23
74,0.100000001,7569,7569,1,512,1,511,0,511,1,15135,484352,227653,256699,256699,0,12,227641,0,0,0,143,1,20,0,1048576,0,0,0,inf,1.53933716,1.57710266,inf,117,1599,1486,1925,4294967295,4294967295,4294967295,1414,4294967295,4294967295
75,0.400000006,7569,7569,1,512,12,500,0,500,12,15124,484352,139287,345065,345065,0,109,139178,0,0,0,1023,10,20,0,1048576,0,0,0,inf,1.27253723,1.65751648,1.40327454,15,192,216,213,174,863,217,968,263,1116
76,0.800000012,7569,7569,1,512,20,492,0,492,20,15116,484352,215331,269021,269021,0,280,215051,0,0,0,1023,10,20,0,1048576,0,0,0,inf,1.57643127,1.67114258,1.28057861,9,10,64,457,278,239,200,88,275,139
77,0.400000006,7569,7569,1,512,5,507,1,507,4,15132,484352,201664,282688,282688,0,42,201622,0,0,0,255,5,20,0,1048576,0,0,0,inf,1.28323364,1.39144897,inf,2105,1467,2106,4381,1467,2282,6810,1989,4294967295,4294967295
78,0.200000003,7569,7569,1,512,7,505,0,505,7,15129,484352,223585,260767,260767,0,117,223468,0,0,0,1023,7,20,0,1048576,0,0,0,inf,1.54049683,1.75938416,inf,32,520,53,685,2378,406,948,656,889,117
79,0.400000006,7569,7569,1,512,11,501,0,501,11,15125,484352,268104,216248,216248,0,129,267975,0,0,0,1023,10,20,0,1048576,0,0,0,inf,1.63972473,1.88404846,1.83236694,586,43,185,50,802,4766,5035,259,1021,802
80,0,7569,7569,1,512,0,512,0,512,0,15136,484352,224614,259738,259738,0,9,224605,0,0,0,31,0,20,0,1048576,0,0,0,inf,1.33552551,1.60864258,inf,2436,1021,4880,3660,3654,4294967295,4294967295,4294967295,4294967295,4294967295
81,0.400000006,7569,7569,1,512,6,506,0,506,6,15130,484352,203277,281075,281075,0,99,203178,0,0,0,1023,6,20,0,1048576,0,0,0,inf,2.03985596,2.14282227,inf,13,1774,117,56,15,1035,804,72,4400,566
82,1,7569,7569,1,512,46,466,0,466,46,15090,484352,114614,369738,369738,0,429,114185,0,0,0,1023,10,20,0,1048576,0,0,0,inf,1.79460144,1.80482483,1.45664978,13,14,23,175,12,38,15,21,23,21
83,0.400000006,7569,7569,1,512,4,508,0,508,4,15132,484352,267026,217326,217326,0,45,266981,0,0,0,1023,4,20,0,1048576,0,0,0,inf,1.44989014,1.50746155,inf,20,20,2134,39,1968,261,2852,1961,1886,4209
84,0.200000003,7569,7569,1,512,3,509,0,509,3,15133,484352,278439,205913,205913,0,124,278315,0,0,0,1007,3,20,0,1048576,0,0,0,inf,1.69474792,1.78610229,inf,158,95,85,43,4294967295,2005,70,287,685,1174
85,1,7569,7569,1,512,117,395,1,395,116,15020,484352,181996,302356,302356,0,868,181128,0,0,0,1023,10,20,0,1048576,0,0,0,inf,1.32752991,1.54682922,0.665969849,17,5,4,12,12,27,27,29,15,7
86,0.400000006,7569,7569,1,512,4,508,0,508,4,15132,484352,246804,237548,237548,0,19,246785,0,0,0,895,4,20,0,1048576,0,0,0,inf,1.35020447,1.4163208,inf,5,1057,3666,797,246,95,4900,4294967295,5878,5225
87,1,7569,7569,1,512,152,360,1,360,151,14985,484352,215098,269254,269254,0,1092,214006,0,0,0,1023,10,20,0,1048576,0,0,0,inf,1.82252502,1.87113953,0.899047852,6,6,5,5,5,4,5,4,4,3
88,0.400000006,7569,7569,1,512,10,502,0,502,10,15126,484352,130661,353691,353691,0,95,130566,0,0,0,1023,10,20,0,1048576,0,0,0,inf,1.88931274,1.90174866,1.68676758,10,7,11,4,31,204,204,511,443,119
89,1,7569,7569,1,512,154,358,0,358,154,14982,484352,173407,310945,310945,0,483,172924,0,0,0,1023,10,20,0,1048576,0,0,0,inf,1.48460388,1.65664673,0.232910156,5,5,5,5,5,6,5,7,4,5
90,0.400000006,7569,7569,1,512,5,507,0,507,5,15131,484352,198403,285949,285949,0,33,198370,0,0,0,1023,5,20,0,1048576,0,0,0,inf,1.17570496,1.25190735,inf,4,288,577,577,164,875,137,3426,1772,890
91,0.300000012,7569,7569,1,512,4,508,0,508,4,15132,484352,163346,321006,321006,0,44,163302,0,0,0,1023,4,20,0,1048576,0,0,0,inf,1.05502319,1.13136292,inf,6,28,220,7,1104,1466,752,1938,915,1578
92,0.400000006,7569,7569,1,512,12,500,0,500,12,15124,484352,129059,355293,355293,0,175,128884,0,0,0,1023,10,20,0,1048576,0,0,0,inf,1.90107727,1.91816711,1.71020508,83,496,496,319,293,117,815,459,1336,800
93,0.899999976,7569,7569,1,512,44,468,0,468,44,15092,484352,110912,373440,373440,0,70,110842,0,0,0,1023,10,20,0,1048576,0,0,0,inf,1.88574219,1.89756775,0.626358032,3,4,3,4,3,3,3,3,3,3
94,1,7569,7569,1,512,15,497,0,497,15,15121,484352,197493,286859,286859,0,27,197466,0,0,0,1023,10,20,0,1048576,0,0,0,inf,1.60848999,1.64387512,0.917572021,3,2,3,5,57,5,5,6,7,7
95,0,7569,7569,1,512,0,512,0,512,0,15136,484352,152133,332219,332219,0,17,152116,0,0,0,1023,0,20,0,1048576,0,0,0,inf,1.67881775,1.74455261,inf,73,95,77,87,395,953,502,1180,1291,1456
96,0.200000003,7569,7569,1,512,2,510,0,510,2,15134,484352,60072,424280,424280,0,4,60068,0,0,0,15,2,20,0,1048576,0,0,0,inf,1.6711731,1.68522644,inf,337,452,171,7459,4294967295,4294967295,4294967295,4294967295,4294967295,4294967295
97,0.200000003,7569,7569,1,512,2,510,1,510,1,15135,484352,275107,209245,209245,0,29,275078,0,0,0,735,2,20,0,1048576,0,0,0,inf,1.49252319,1.54370117,inf,127,281,1357,2124,2124,4294967295,669,3432,4294967295,7534
98,0.300000012,7569,7569,1,512,10,502,0,502,10,15126,484352,237534,246818,246818,0,185,237349,0,0,0,959,10,20,0,1048576,0,0,0,inf,1.51174927,1.56559753,1.47561646,122,1125,28,589,838,197,4294967295,562,201,1353
99,0.699999988,7569,7569,1,512,10,502,0,502,10,15126,484352,236617,247735,247735,0,33,236584,0,0,0,1023,10,20,0,1048576,0,0,0,inf,1.50074768,1.65322876,1.55184937,4,5,5,34,159,48,2463,1281,2533,341
100,0.300000012,7569,7569,1,512,9,503,0,503,9,15127,484352,266769,217583,217583,0,257,266512,0,0,0,1023,9,20,0,1048576,0,0,0,inf,1.35795593,1.50875854,inf,60,118,605,525,515,2462,2458,3832,325,168
101,0.600000024,7569,7569,1,512,45,467,1,467,44,15092,484352,233572,250780,250780,0,580,232992,0,0,0,1023,10,20,0,1048576,0,0,0,inf,1.44172668,1.59646606,1.16220093,38,9,3,154,10,163,201,99,26,122
102,0.800000012,7569,7569,1,512,31,481,1,481,30,15106,484352,264154,220198,220198,0,572,263582,0,0,0,1023,10,20,0,1048576,0,0,0,inf,1.77415466,1.82067871,1.5410614,8,18,13,5,53,47,36,153,635,612
103,0.400000006,7569,7569,1,512,37,475,0,475,37,15099,484352,153439,330913,330913,0,389,153050,0,0,0,1023,10,20,0,1048576,0,0,0,inf,1.31071472,1.44345093,1.03125,7,3,7,15,166,52,137,26,210,208
104,0.899999976,7569,7569,1,512,84,428,0,428,84,15052,484352,249772,234580,234580,0,786,248986,0,0,0,1023,10,20,0,1048576,0,0,0,inf,1.27076721,1.42163086,1.00796509,13,7,159,111,22,282,306,4,47,18
105,1,259,7569,3,512,512,0,0,0,515,1,16512,3523,12989,12989,0,2722,801,0,0,0,1023,10,20,0,1048576,0,0,0,inf,inf,0.723098755,0.28742981,6,6,5,6,6,5,6,6,6,6
106,1,7569,7569,1,512,110,402,1,402,109,15027,484352,245602,238750,238750,0,719,244883,0,0,0,1023,10,20,0,1048576,0,0,0,inf,1.28129578,1.34284973,0.859130859,16,24,18,14,131,895,13,13,161,117
107,0.800000012,7569,7569,1,512,387,125,2,125,385,14751,484352,128286,356066,356066,0,2915,125371,0,0,0,1023,10,20,0,1048576,0,0,0,inf,1.54751587,1.63153076,0.687072754,44,25,50,154,154,23,35,71,5,204
108,0.800000012,7569,7569,1,512,86,426,0,426,86,15050,484352,155266,329086,329086,0,775,154491,0,0,0,1023,10,20,0,1048576,0,0,0,inf,1.96676636,2.05026245,0.723190308,8,12,99,63,60,31,6,60,43,7
109,1,7569,7569,1,512,302,210,1,210,301,14835,484352,222605,261747,261747,0,3256,219349,0,0,0,1023,10,20,0,1048576,0,0,0,inf,1.3384552,1.39781189,0.919311523,102,113,37,10,100,56,66,108,353,77
110,1,7569,7569,1,512,74,438,1,438,73,15063,484352,208067,276285,276285,0,775,207292,0,0,0,1023,10,20,0,1048576,0,0,0,inf,1.41836548,1.45915222,0.745269775,2,3,106,21,57,11,29,3,3,3
111,0.899999976,7569,7569,1,512,76,436,1,436,75,15061,484352,225892,258460,258460,0,847,225045,0,0,0,1023,10,20,0,1048576,0,0,0,inf,1.38748169,1.63414001,1.09272766,35,6,6,448,25,77,49,152,220,17
112,0.300000012,7569,7569,1,512,56,456,0,456,56,15080,484352,270513,213839,213839,0,717,269796,0,0,0,1023,10,20,0,1048576,0,0,0,inf,1.36428833,1.43156433,1.2013092,37,650,62,39,493,212,79,55,285,30
113,1,7569,7569,1,512,277,235,1,235,276,14860,484352,165799,318553,318553,0,2323,163476,0,0,0,1023,10,20,0,1048576,0,0,0,inf,1.271698,1.36625671,0.626708984,3,4,6,5,13,15,20,4,4,45
114,0.300000012,7569,7569,1,512,17,495,0,495,17,15119,484352,199675,284677,284677,0,348,199327,0,0,0,1023,10,20,0,1048576,0,0,0,inf,1.28919983,1.39659119,1.19226074,87,291,295,1865,4339,634,1029,1056,1333,128
115,0.600000024,7569,7569,1,512,65,447,2,447,63,15073,484352,229301,255051,255051,0,782,228519,0,0,0,1023,10,20,0,1048576,0,0,0,inf,1.24900818,1.31324768,0.925476074,81,81,4,5,72,43,37,8,295,108
116,0.600000024,7569,7569,1,512,32,480,1,480,31,15105,484352,215708,268644,268644,0,394,215314,0,0,0,1023,10,20,0,1048576,0,0,0,inf,1.79997253,1.89300537,1.53048706,37,3,3,95,95,29,389,776,776,306
117,1,7569,7569,1,512,56,456,0,456,56,15080,484352,250480,233872,233872,0,696,249784,0,0,0,1023,10,20,0,1048576,0,0,0,inf,1.51022339,1.56771851,1.03146362,1,1,2,4,44,2,7,7,115,115
118,1,259,7569,3,512,512,0,0,0,515,1,16512,3003,13509,13509,0,2240,763,0,0,0,1023,10,20,0,1048576,0,0,0,inf,inf,0.895492554,0.571212769,2,3,3,3,3,3,2,2,3,6
119,0.400000006,7569,7569,1,512,43,469,1,469,42,15094,484352,196804,287548,287548,0,737,196067,0,0,0,1023,10,20,0,1048576,0,0,0,inf,1.56602478,1.72583008,1.31492615,16,16,215,62,275,65,410,1032,252,475
120,0.899999976,7569,7569,1,512,435,77,1,77,434,14702,484352,200298,284054,284054,0,3982,196316,0,0,0,1023,10,20,0,1048576,0,0,0,inf,1.45619202,1.53501892,0.718338013,4,5,8,7,5,38,6,83,11,11
121,1,7569,7569,1,512,44,468,1,468,43,15093,484352,199073,285279,285279,0,511,198562,0,0,0,1023,10,20,0,1048576,0,0,0,inf,1.52368164,1.68019104,0.975723267,243,35,7,8,3,13,86,10,17,90
122,1,7569,7569,1,512,339,173,1,173,338,14798,484352,265975,218377,218377,0,3319,262656,0,0,0,1023,10,20,0,1048576,0,0,0,inf,1.54598999,1.62489319,0.847869873,5,4,5,5,5,6,6,6,5,6
123,0.699999988,7569,7569,1,512,42,470,3,470,39,15097,484352,181703,302649,302649,0,587,181116,0,0,0,1023,10,20,0,1048576,0,0,0,inf,1.68180847,1.76547241,1.04418945,4,17,8,17,25,50,553,377,117,426
124,0.600000024,7569,7569,1,512,11,501,0,501,11,15125,484352,178125,306227,306227,0,132,177993,0,0,0,1023,10,20,0,1048576,0,0,0,inf,1.57804871,1.78125,1.67678833,3,3,5,87,3372,5333,5333,2046,933,750
125,1,7569,7569,1,510,79,431,0,431,79,15057,484352,115455,368897,368897,0,934,114521,0,0,0,1023,10,20,0,1048576,0,0,0,inf,1.46963501,1.48310852,0.925613403,5,5,51,50,10,89,10,13,56,9
126,1,7569,7569,1,512,39,473,1,473,38,15098,484352,240081,244271,244271,0,407,239674,0,0,0,1023,10,20,0,1048576,0,0,0,inf,1.41452026,1.52310181,0.790100098,7,8,8,8,9,7,12,8,9,7
127,0.400000006,7569,7569,1,511,43,468,0,468,43,15093,484352,143248,341104,341104,0,304,142944,0,0,0,1023,10,20,0,1048576,0,0,0,inf,1.53414917,1.54949951,1.19052124,14,14,14,26,1581,1529,12,225,103,209
128,0.5,7569,7569,1,512,38,474,3,474,35,15101,484352,231836,252516,252516,0,720,231116,0,0,0,1023,10,20,0,1048576,0,0,0,inf,1.42050171,1.55383301,1.26301575,7,7,547,43,288,888,90,176,178,37
129,0.800000012,7569,7569,1,512,48,464,0,464,48,15088,484352,158872,325480,325480,0,641,158231,0,0,0,1023,10,20,0,1048576,0,0,0,inf,1.66026306,1.67306519,1.0620575,5,48,6,39,58,58,33,23,13,23
130,1,259,7569,3,512,512,0,0,0,512,3,16480,4201,12279,12279,0,3178,1023,0,0,0,1023,10,20,0,1048576,0,0,0,inf,inf,0.721450806,0.49546814,0,0,1,1,1,2,1,1,2,1
131,0.899999976,7569,7569,1,512,43,469,0,469,43,15093,484352,82859,401493,401493,0,436,82423,0,0,0,1023,10,20,0,1048576,0,0,0,inf,1.85726929,2.15760803,1.55143738,7,5,36,115,6,217,161,4,41,23
132,0.600000024,7569,7569,1,512,64,448,1,448,63,15073,484352,206138,278214,278214,0,884,205254,0,0,0,1023,10,20,0,1048576,0,0,0,inf,1.36073303,1.47952271,1.12539673,79,16,16,214,195,42,21,18,634,337
133,0.100000001,7569,7569,1,512,21,491,0,491,21,15115,484352,214113,270239,270239,0,337,213776,0,0,0,1023,10,20,0,1048576,0,0,0,inf,1.23789978,1.32032776,1.14253235,22,86,147,141,190,31,716,176,54,138
134,0.600000024,7569,7569,1,512,51,461,0,461,51,15085,484352,239791,244561,244561,0,737,239054,0,0,0,1023,10,20,0,1048576,0,0,0,inf,1.42010498,1.55107117,1.24935913,18,37,29,139,128,185,73,100,118,461
135,1,7569,7569,1,512,42,470,0,470,42,15094,484352,176931,307421,307421,0,340,176591,0,0,0,1023,10,20,0,1048576,0,0,0,inf,1.88652039,2.01118469,1.1730957,4,4,207,73,181,371,243,371,270,440
136,0.100000001,7569,7569,1,512,53,459,2,459,51,15085,484352,157187,327165,327165,0,734,156453,0,0,0,1023,10,20,0,1048576,0,0,0,inf,1.15666199,1.27056885,0.930786133,65,45,146,95,94,199,384,110,3,112
137,0,7569,7569,1,512,2,510,0,510,2,15134,484352,178119,306233,306233,0,93,178026,0,0,0,511,2,20,0,1048576,0,0,0,inf,1.1184845,1.15591431,inf,194,243,745,1710,913,780,609,1643,1495,4294967295
138,1,7569,7569,1,512,252,260,1,260,251,14885,484352,156621,327731,327731,0,2260,154361,0,0,0,1023,10,20,0,1048576,0,0,0,inf,1.06654358,1.13752747,0.338119507,3,4,16,5,11,13,21,4,9,28
139,0.300000012,7569,7569,1,512,13,499,0,499,13,15123,484352,153292,331060,331060,0,172,153120,0,0,0,1023,10,20,0,1048576,0,0,0,inf,2.10368347,2.15693665,1.87692261,143,17,240,142,59,513,407,407,607,283
140,1,7444,7569,3,512,512,0,0,0,522,14348,475840,167546,308294,308294,0,4350,163196,0,0,0,1023,10,20,0,1048576,0,0,0,inf,inf,1.22676086,0.430343628,5,5,6,9,6,5,40,4,27,9
141,0.600000024,7569,7569,1,512,31,481,0,481,31,15105,484352,257024,227328,227328,0,427,256597,0,0,0,1023,10,20,0,1048576,0,0,0,inf,1.44737244,1.53927612,1.26811218,3,40,22,2879,2056,233,48,955,139,595
142,0.600000024,7569,7569,1,512,15,497,0,497,15,15121,484352,227832,256520,256520,0,240,227592,0,0,0,1023,10,20,0,1048576,0,0,0,inf,1.91552734,2.03512573,1.89988708,3,506,670,441,72,373,1159,1397,3886,3886
143,0.5,7569,7569,1,512,30,482,1,482,29,15107,484352,216271,268081,268081,0,418,215853,0,0,0,1023,10,20,0,1048576,0,0,0,inf,1.00897217,1.23039246,1.08015442,8,72,35,87,546,127,567,679,255,255
144,0.600000024,7569,7569,1,512,65,447,1,447,64,15072,484352,279444,204908,204908,0,1130,278314,0,0,0,1023,10,20,0,1048576,0,0,0,inf,1.62960815,1.7252655,1.3936615,44,292,9,974,16,8,702,1595,364,210
145,1,7569,7569,1,512,263,249,2,249,261,14875,484352,211822,272530,272530,0,2736,209086,0,0,0,1023,10,20,0,1048576,0,0,0,inf,1.56845093,1.6383667,0.79006958,7,14,6,8,10,11,9,58,8,2
146,1,7569,7569,1,512,235,277,4,277,231,14905,484352,201694,282658,282658,0,2360,199334,0,0,0,1023,10,20,0,1048576,0,0,0,inf,1.4420929,1.55392456,0.859664917,43,3,17,55,9,17,18,4,32,59
147,0.800000012,7569,7569,1,512,37,475,3,475,34,15102,484352,170321,314031,314031,0,333,169988,0,0,0,1023,10,20,0,1048576,0,0,0,inf,2.0904541,2.15287781,1.63917542,9,94,112,5,137,5,54,23,550,702
148,0.800000012,7569,7569,1,512,67,445,1,445,67,15069,484352,186395,297957,297957,0,934,185461,0,0,0,1023,10,20,0,1048576,0,0,0,inf,1.01646423,1.07624817,0.597488403,25,2,25,61,175,41,555,612,30,19
149,0.800000012,7569,7569,1,512,51,461,2,461,49,15087,484352,232642,251710,251710,0,980,231662,0,0,0,1023,10,20,0,1048576,0,0,0,inf,1.47499084,1.64558411,1.26161194,25,71,38,13,16,16,42,354,124,58
150,0.800000012,7569,7569,1,512,103,409,6,409,97,15039,484352,218308,266044,266044,0,1030,217278,0,0,0,1023,10,20,0,1048576,0,0,0,inf,1.29556274,1.36131287,0.945892334,84,84,9,520,520,43,159,19,24,387
151,0.600000024,7569,7569,1,512,62,450,4,450,58,15078,484352,199221,285131,285131,0,670,198551,0,0,0,1023,10,20,0,1048576,0,0,0,inf,1.65441895,1.77003479,1.41395569,102,339,171,69,34,199,2914,204,549,408
152,1,579,7569,3,512,512,0,0,0,524,622,36672,16483,20189,20189,0,6778,9705,0,0,0,1023,10,20,0,1048576,0,0,0,inf,inf,1.24076843,0.918792725,9,9,15,11,33,10,8,7,24,14
153,0.300000012,7569,7569,1,512,31,481,0,481,31,15105,484352,202746,281606,281606,0,369,202377,0,0,0,1023,10,20,0,1048576,0,0,0,inf,1.38188171,1.49693298,1.16392517,123,268,21,40,970,63,971,594,84,749
154,1,7569,7569,1,512,282,230,6,230,276,14860,484352,236828,247524,247524,0,2778,234050,0,0,0,1023,10,20,0,1048576,0,0,0,inf,1.39183044,1.44958496,0.806549072,4,4,27,31,14,24,5,66,5,6
155,0.5,7569,7569,1,512,39,473,1,473,38,15098,484352,215670,268682,268682,0,552,215118,0,0,0,1023,10,20,0,1048576,0,0,0,inf,1.40730286,1.49876404,1.2023468,12,468,588,1386,221,603,878,564,435,350
156,1,7569,7569,1,512,145,367,4,367,141,14995,484352,275163,209189,209189,0,2507,272656,0,0,0,1023,10,20,0,1048576,0,0,0,inf,1.47035217,1.57884216,1.17372131,35,633,362,15,351,83,12,647,647,16
157,1,7569,7569,1,512,101,411,1,411,100,15036,484352,204393,279959,279959,0,902,203491,0,0,0,1023,10,20,0,1048576,0,0,0,inf,1.26373291,1.55265808,0.664855957,5,5,5,6,5,4,6,6,7,6
158,1,1913,7569,3,512,512,0,0,0,528,3293,122272,48016,74256,74256,0,4892,43124,0,0,0,1023,10,20,0,1048576,0,0,0,inf,inf,0.976257324,0.43145752,6,5,5,6,4,13,12,12,7,4
159,1,7569,7569,1,512,67,445,0,445,67,15069,484352,211264,273088,273088,0,634,210630,0,0,0,1023,10,20,0,1048576,0,0,0,inf,1.45521545,1.57611084,0.693344116,5,5,5,5,4,5,5,5,6,6
160,0.600000024,7569,7569,1,512,87,425,3,425,84,15052,484352,233187,251165,251165,0,1139,232048,0,0,0,1023,10,20,0,1048576,0,0,0,inf,1.7363739,1.87414551,1.4375,48,4,96,6,3,21,25,661,11,392
161,1,7569,7569,1,512,202,310,4,310,198,14938,484352,200100,284252,284252,0,2466,197634,0,0,0,1023,10,20,0,1048576,0,0,0,inf,1.4349823,1.71466064,0.890823364,16,14,14,24,19,36,20,43,43,18
162,0.600000024,7569,7569,1,512,95,417,5,417,90,15046,484352,259360,224992,224992,0,1406,257954,0,0,0,1023,10,20,0,1048576,0,0,0,inf,1.50273132,1.5499115,1.10972595,9,6,11,4,64,77,69,510,250,2
163,1,7569,7569,1,512,50,462,1,462,49,15087,484352,173630,310722,310722,0,422,173208,0,0,0,1023,10,20,0,1048576,0,0,0,inf,1.69346619,1.8493042,0.655822754,4,8,5,15,5,5,5,13,13,27
164,0.100000001,7569,7569,1,512,106,406,2,406,104,15032,484352,157044,327308,327308,0,1050,155994,0,0,0,1023,10,20,0,1048576,0,0,0,inf,0.852020264,1.10289001,0.487945557,3,11,39,11,96,139,21,54,74,74
165,1,7569,7569,1,512,116,396,0,396,116,15020,484352,166954,317398,317398,0,1030,165924,0,0,0,1023,10,20,0,1048576,0,0,0,inf,1.49749756,1.70018005,0.828094482,17,71,32,16,10,22,22,41,3,44
166,1,7569,7569,1,512,43,469,0,469,53,15083,484352,184176,300176,300176,0,813,183363,0,0,0,1023,10,20,0,1048576,0,0,0,inf,1.85342407,1.87547302,1.32775879,11,28,90,103,8,8,238,88,48,48
167,0.5,7569,7569,1,512,34,478,2,478,32,15104,484352,277950,206402,206402,0,700,277250,0,0,0,1023,10,20,0,1048576,0,0,0,inf,1.42874146,1.60523987,1.37210083,8,344,45,869,2005,56,20,122,100,638
168,1,7569,7569,1,512,274,238,1,238,273,14863,484352,199285,285067,285067,0,2934,196351,0,0,0,1023,10,20,0,1048576,0,0,0,inf,1.13809204,1.24295044,0.69380188,1,3,27,17,41,17,5,24,49,108
169,1,7569,7569,1,512,60,452,2,452,58,15078,484352,249038,235314,235314,0,1118,247920,0,0,0,1023,10,20,0,1048576,0,0,0,inf,1.32446289,1.42420959,1.00170898,7,7,8,121,12,162,302,156,63,53
170,1,7569,7569,1,512,79,433,2,433,77,15059,484352,229104,255248,255248,0,1114,227990,0,0,0,1023,10,20,0,1048576,0,0,0,inf,1.6749115,1.76068115,1.13011169,8,22,12,93,20,33,33,39,421,298
171,0.400000006,7569,7569,1,512,34,478,1,478,33,15103,484352,194585,289767,289767,0,444,194141,0,0,0,1023,10,20,0,1048576,0,0,0,inf,1.36091614,1.42141724,1.05342102,80,24,34,129,41,252,134,68,106,385
172,1,7569,7569,1,512,196,316,0,316,196,14940,484352,250693,233659,233659,0,2336,248357,0,0,0,1023,10,20,0,1048576,0,0,0,inf,1.56625366,1.61845398,0.993759155,13,17,13,9,4,11,17,9,26,17
173,0.899999976,7569,7569,1,512,91,421,4,421,87,15049,484352,178736,305616,305616,0,929,177807,0,0,0,1023,10,20,0,1048576,0,0,0,inf,1.01475525,1.0645752,0.656814575,4,34,63,115,24,21,288,83,106,3
174,1,3402,7569,3,512,512,0,0,0,554,6237,217312,117770,99542,99542,0,7392,110378,0,0,0,1023,10,20,0,1048576,0,0,0,inf,inf,1.35186768,0.859451294,19,13,2,20,9,4,8,5,5,21
175,0.5,7569,7569,1,512,43,469,2,469,41,15095,484352,255567,228785,228785,0,999,254568,0,0,0,1023,10,20,0,1048576,0,0,0,inf,1.6187439,1.72012329,1.36810303,21,55,1298,102,55,724,2135,824,296,791
176,0.800000012,7569,7569,1,512,120,392,3,392,117,15019,484352,201826,282526,282526,0,1749,200077,0,0,0,1023,10,20,0,1048576,0,0,0,inf,1.38352966,1.49246216,1.05825806,18,17,11,14,31,28,2317,238,33,14
177,1,6626,7569,3,512,512,0,0,0,602,12611,422816,203957,218859,218859,0,7465,196492,0,0,0,1023,10,20,0,1048576,0,0,0,inf,inf,1.44056702,1.05450439,6,25,9,14,20,41,41,171,20,107
178,0.200000003,7569,7569,1,512,19,493,0,493,19,15117,484352,246863,237489,237489,0,519,246344,0,0,0,1023,10,20,0,1048576,0,0,0,inf,1.60173035,1.70379639,1.47807312,21,153,220,261,98,706,2382,79,1867,111
179,0.5,7569,7569,1,512,57,455,3,455,54,15082,484352,197475,286877,286877,0,780,196695,0,0,0,1023,10,20,0,1048576,0,0,0,inf,2.0533905,2.15344238,1.65141296,17,18,174,62,52,480,480,217,77,82
180,0.600000024,7569,7569,1,512,57,455,1,455,56,15080,484352,202971,281381,281381,0,1164,201807,0,0,0,1023,10,20,0,1048576,0,0,0,inf,1.61326599,1.7520752,1.30474854,24,5,11,26,318,43,170,8,23,51
181,1,7569,7569,1,512,58,454,2,454,56,15080,484352,251904,232448,232448,0,1092,250812,0,0,0,1023,10,20,0,1048576,0,0,0,inf,1.14404297,1.36160278,0.86277771,18,9,126,37,15,72,351,77,122,8
182,0.899999976,7569,7569,1,512,67,445,0,445,67,15069,484352,256328,228024,228024,0,1024,255304,0,0,0,1023,10,20,0,1048576,0,0,0,inf,1.90548706,2.022995,1.56518555,5,15,5,19,366,6,6,33,6,92
183,1,7569,7569,1,512,79,433,1,433,78,15058,484352,213376,270976,270976,0,915,212461,0,0,0,1023,10,20,0,1048576,0,0,0,inf,1.64109802,1.74952698,1.10044861,2,3,3,4,4,4,54,24,46,29
184,0.400000006,7569,7569,1,512,46,466,2,466,44,15092,484352,198132,286220,286220,0,659,197473,0,0,0,1023,10,20,0,1048576,0,0,0,inf,1.27401733,1.42123413,1.10321045,18,18,72,117,98,24,95,33,100,75
185,1,7569,7569,1,512,65,447,1,447,64,15072,484352,236832,247520,247520,0,945,235887,0,0,0,1023,10,20,0,1048576,0,0,0,inf,1.40180969,1.43399048,0.953887939,6,23,6,18,140,21,24,10,89,154
186,0.5,7569,7569,1,512,92,420,2,420,90,15046,484352,261270,223082,223082,0,1417,259853,0,0,0,1023,10,20,0,1048576,0,0,0,inf,1.34246826,1.49662781,1.14526367,28,42,51,36,1099,49,102,303,25,49
187,0.5,7569,7569,1,512,21,491,0,491,21,15115,484352,138526,345826,345826,0,318,138208,0,0,0,1023,10,20,0,1048576,0,0,0,inf,1.53314209,1.59016418,1.39997864,204,123,154,117,59,205,55,20,545,659
188,1,7569,7569,1,512,241,271,2,271,239,14897,484352,189516,294836,294836,0,2871,186645,0,0,0,1023,10,20,0,1048576,0,0,0,inf,1.22276306,1.30999756,0.649932861,3,5,11,23,40,6,3,28,76,22
189,1,7569,7569,1,512,57,455,0,455,57,15079,484352,260588,223764,223764,0,1094,259494,0,0,0,1023,10,20,0,1048576,0,0,0,inf,1.51257324,1.60289001,1.12449646,52,285,285,568,568,16,219,84,336,228
190,0.5,7569,7569,1,512,63,449,4,449,59,15077,484352,213899,270453,270453,0,922,212977,0,0,0,1023,10,20,0,1048576,0,0,0,inf,1.78436279,1.89248657,1.46446228,11,57,74,40,35,263,151,648,172,10
191,1,7569,7569,1,512,138,374,2,374,136,15000,484352,168399,315953,315953,0,1408,166991,0,0,0,1023,10,20,0,1048576,0,0,0,inf,1.19384766,1.26390076,0.7109375,15,11,6,19,56,45,136,11,32,32
192,1,7569,7569,1,512,148,364,0,364,157,14979,484352,110628,373724,373724,0,302,110326,0,0,0,1023,10,20,0,1048576,0,0,0,inf,1.64102173,1.76792908,0.182022095,12,11,12,11,12,12,12,12,11,13
193,0.800000012,7569,7569,1,512,51,461,0,461,51,15085,484352,291908,192444,192444,0,1156,290752,0,0,0,991,10,20,0,1048576,0,0,0,inf,1.59875488,1.66897583,1.44140625,11,124,283,108,237,4294967295,32,709,1076,604
194,0.400000006,7569,7569,1,512,73,439,2,439,71,15065,484352,251657,232695,232695,0,1253,250404,0,0,0,1023,10,20,0,1048576,0,0,0,inf,1.63555908,1.68360901,1.37232971,163,401,596,253,78,48,161,172,164,189
195,0.699999988,7569,7569,1,512,44,468,2,468,42,15094,484352,249708,234644,234644,0,655,249053,0,0,0,1023,10,20,0,1048576,0,0,0,inf,1.54156494,1.59101868,1.31062317,466,48,257,61,580,430,663,186,133,438
196,0.899999976,7569,7569,1,512,35,477,2,477,33,15103,484352,247405,236947,236947,0,442,246963,0,0,0,1023,10,20,0,1048576,0,0,0,inf,2.05151367,2.18353271,1.84622192,3,4,4,4,4,18,636,333,2891,2565
197,0.699999988,7569,7569,1,512,21,491,0,491,21,15115,484352,106415,377937,377937,0,418,105997,0,0,0,1023,10,20,0,1048576,0,0,0,inf,1.55203247,1.56349182,1.38478088,409,44,66,25,49,57,29,547,303,158
198,0.400000006,7569,7569,1,512,57,455,3,455,54,15082,484352,188763,295589,295589,0,524,188239,0,0,0,1023,10,20,0,1048576,0,0,0,inf,1.45831299,1.68948364,1.15562439,20,13,95,25,14,182,7,19,404,101
199,0.100000001,7569,7569,1,512,52,460,4,460,48,15088,484352,192647,291705,291705,0,607,192040,0,0,0,1023,10,20,0,1048576,0,0,0,inf,1.64326477,1.71031189,1.38497925,234,65,33,70,1,19,261,110,56,26
200,0.899999976,7569,7569,1,512,128,384,3,384,125,15011,484352,261036,223316,223316,0,2042,258994,0,0,0,1023,10,20,0,1048576,0,0,0,inf,1.56765747,1.63525391,1.21781921,3,17,37,924,924,214,80,73,7,8
201,0.800000012,7569,7569,1,512,56,456,2,456,54,15082,484352,265837,218515,218515,0,1015,264822,0,0,0,1023,10,20,0,1048576,0,0,0,inf,1.45855713,1.57302856,1.29981995,59,170,86,598,438,2314,301,1669,242,31
202,0.899999976,7569,7569,1,512,146,366,2,366,144,14992,484352,264470,219882,219882,0,2638,261832,0,0,0,1023,10,20,0,1048576,0,0,0,inf,1.63632202,1.81716919,1.33624268,9,14,5,101,10,27,91,70,142,161
203,1,1323,7569,3,512,512,0,0,0,541,2097,84416,36882,47534,47534,0,6673,30209,0,0,0,1023,10,20,0,1048576,0,0,0,inf,inf,1.7746582,1.15364075,11,12,26,12,18,65,12,14,24,19
204,1,7569,7569,1,512,329,183,0,183,335,14801,484352,210022,274330,274330,0,3294,206728,0,0,0,1023,10,20,0,1048576,0,0,0,inf,1.22712708,1.23791504,0.629074097,5,7,5,4,4,10,6,11,5,24
205,0.5,7569,7569,1,512,30,482,0,482,30,15106,484352,214372,269980,269980,0,447,213925,0,0,0,1023,10,20,0,1048576,0,0,0,inf,1.70803833,1.82434082,1.53344727,2232,191,691,741,625,146,739,150,514,217
206,1,7569,7569,1,512,237,275,2,275,235,14901,484352,187732,296620,296620,0,2066,185666,0,0,0,1023,10,20,0,1048576,0,0,0,inf,1.31581116,1.40487671,0.729660034,5,73,42,11,7,29,81,10,11,115
207,0.5,7569,7569,1,512,55,457,2,457,53,15083,484352,199723,284629,284629,0,663,199060,0,0,0,1023,10,20,0,1048576,0,0,0,inf,1.65405273,1.73246765,1.25283813,10,17,745,151,146,22,46,187,10,119
208,1,4510,7569,3,512,512,0,0,0,524,8493,288544,130981,157563,157563,0,5536,125445,0,0,0,1023,10,20,0,1048576,0,0,0,inf,inf,1.6658783,0.691741943,4,2,11,5,9,9,3,3,8,12
209,1,7569,7569,1,512,188,324,4,324,184,14952,484352,230304,254048,254048,0,2286,228018,0,0,0,1023,10,20,0,1048576,0,0,0,inf,1.26571655,1.31555176,0.844482422,4,7,23,11,170,11,182,18,23,96
210,1,7569,7569,1,512,158,354,1,354,157,14979,484352,182335,302017,302017,0,2057,180278,0,0,0,1023,10,20,0,1048576,0,0,0,inf,1.2454071,1.30389404,0.723999023,8,70,9,19,19,37,69,59,148,9
211,1,7569,7569,1,512,336,176,2,176,334,14802,484352,251976,232376,232376,0,4144,247832,0,0,0,1023,10,20,0,1048576,0,0,0,inf,1.89607239,1.98928833,1.28375244,21,65,4,11,10,21,126,78,11,43
212,1,7569,7569,1,512,121,391,4,391,117,15019,484352,214175,270177,270177,0,1694,212481,0,0,0,1023,10,20,0,1048576,0,0,0,inf,1.38348389,1.62571716,0.875427246,4,15,36,21,18,66,9,8,5,61
213,1,7569,7569,1,512,109,403,0,403,109,15027,484352,262850,221502,221502,0,1987,260863,0,0,0,1023,10,20,0,1048576,0,0,0,inf,1.51429749,1.61846924,1.14825439,41,16,15,12,28,58,39,318,99,504
214,1,7569,7569,1,512,205,307,4,307,201,14935,484352,251862,232490,232490,0,2647,249215,0,0,0,1023,10,20,0,1048576,0,0,0,inf,2.01210022,2.10983276,1.15820312,10,11,11,12,12,11,14,12,13,13
215,0.899999976,7569,7569,1,512,119,393,1,393,118,15018,484352,233311,251041,251041,0,1706,231605,0,0,0,1023,10,20,0,1048576,0,0,0,inf,1.6234436,1.68240356,1.20675659,10,36,68,8,239,92,24,23,475,327
216,1,7569,7569,1,512,153,359,2,359,151,14985,484352,239174,245178,245178,0,2401,236773,0,0,0,1023,10,20,0,1048576,0,0,0,inf,1.3028717,1.40216064,0.970504761,319,63,32,32,58,6,59,323,47,10
217,1,7569,7569,1,512,271,241,2,241,269,14867,484352,157920,326432,326432,0,2400,155520,0,0,0,1023,10,20,0,1048576,0,0,0,inf,1.08908081,1.13827515,0.39239502,7,9,53,19,7,7,4,4,54,85
218,1,3019,7569,3,512,512,0,0,0,527,5499,192832,66142,126690,126690,0,2679,63463,0,0,0,1023,10,20,0,1048576,0,0,0,inf,inf,1.40869141,0.646331787,3,4,4,9,2,7,10,6,5,2
219,1,7569,7569,1,509,210,299,0,299,216,14920,484352,197842,286510,286510,0,2893,194949,0,0,0,1023,10,20,0,1048576,0,0,0,inf,1.58239746,1.59211731,1.05706787,144,66,107,18,7,14,20,18,10,9
220,1,7569,7569,1,512,506,6,0,6,522,14614,484352,196669,287683,287683,0,3548,193121,0,0,0,1023,10,20,0,1048576,0,0,0,inf,1.42637634,1.50001526,0.653701782,5,4,12,3,5,7,7,12,8,17
221,0.600000024,7569,7569,1,512,168,344,6,344,162,14974,484352,264400,219952,219952,0,2720,261680,0,0,0,1023,10,20,0,1048576,0,0,0,inf,1.53834534,1.61782837,1.20883179,97,25,102,27,2,89,67,52,54,109
222,1,7569,7569,1,512,176,336,3,336,173,14963,484352,286826,197526,197526,0,3018,283808,0,0,0,1023,10,20,0,1048576,0,0,0,inf,1.28089905,1.38047791,1.02746582,26,280,153,584,133,16,177,70,160,99
223,0.800000012,7569,7569,1,512,140,372,3,372,137,14999,484352,259528,224824,224824,0,2151,257377,0,0,0,1023,10,20,0,1048576,0,0,0,inf,1.37539673,1.44494629,1.02603149,102,26,41,12,142,301,29,309,71,20
224,1,7569,7569,1,512,149,363,2,363,147,14989,484352,259174,225178,225178,0,2180,256994,0,0,0,1023,10,20,0,1048576,0,0,0,inf,1.13032532,1.29788208,0.857391357,11,10,19,19,93,3,161,159,555,88
225,0.5,7569,7569,1,512,74,438,1,438,73,15063,484352,210108,274244,274244,0,1112,208996,0,0,0,1023,10,20,0,1048576,0,0,0,inf,1.97270203,2.09606934,1.69450378,19,382,461,379,414,62,433,520,385,385
226,1,7569,7569,1,512,508,4,0,4,519,14617,484352,180066,304286,304286,0,4010,176056,0,0,0,1023,10,20,0,1048576,0,0,0,inf,1.1650238,1.39292908,0.555679321,4,3,2,5,1,12,3,3,13,4
227,1,7545,7569,3,512,512,0,0,0,560,14480,481280,211975,269305,269305,0,4379,207596,0,0,0,1023,10,20,0,1048576,0,0,0,inf,inf,1.0309906,0.43649292,6,9,31,6,9,6,7,11,7,13
228,0.800000012,7569,7569,1,512,62,450,2,450,60,15076,484352,180830,303522,303522,0,754,180076,0,0,0,1023,10,20,0,1048576,0,0,0,inf,1.17935181,1.33473206,0.963226318,168,46,172,616,616,282,814,233,82,30
229,1,7569,7569,1,512,170,342,1,342,169,14967,484352,247948,236404,236404,0,2535,245413,0,0,0,1023,10,20,0,1048576,0,0,0,inf,1.26173401,1.32321167,0.923217773,8,72,18,372,54,784,14,176,309,7
230,1,4663,7569,3,512,512,0,0,0,557,8709,296512,137772,158740,158740,0,8756,129016,0,0,0,1023,10,20,0,1048576,0,0,0,inf,inf,1.99938965,1.34094238,3,4,15,5,6,23,38,15,19,26
231,0.5,7569,7569,1,512,148,364,2,364,146,14990,484352,230799,253553,253553,0,2028,228771,0,0,0,1023,10,20,0,1048576,0,0,0,inf,1.17973328,1.30387878,0.893768311,4,13,7,18,35,31,60,154,29,32
232,1,7569,7569,1,512,451,61,0,61,451,14685,484352,206131,278221,278221,0,3314,202817,0,0,0,1023,10,20,0,1048576,0,0,0,inf,1.32659912,1.47607422,0.673126221,2,4,3,7,63,63,5,5,5,7
233,1,7569,7569,1,512,288,224,4,224,284,14852,484352,220559,263793,263793,0,3153,217406,0,0,0,1023,10,20,0,1048576,0,0,0,inf,1.4080658,1.49061584,0.820404053,8,10,36,41,15,35,85,9,36,195
234,0.800000012,7569,7569,1,512,126,386,9,386,117,15019,484352,207494,276858,276858,0,1379,206115,0,0,0,1023,10,20,0,1048576,0,0,0,inf,1.42192078,1.50888062,0.94342041,11,21,11,12,37,55,5,80,105,31
235,1,7569,7569,1,512,118,394,2,394,116,15020,484352,233202,251150,251150,0,1884,231318,0,0,0,1023,10,20,0,1048576,0,0,0,inf,1.55413818,1.59979248,1.06973267,4,4,5,31,136,7,81,6,189,125
236,1,7569,7569,1,512,118,394,5,394,113,15023,484352,219156,265196,265196,0,1814,217342,0,0,0,1023,10,20,0,1048576,0,0,0,inf,1.57142639,1.62387085,1.04034424,5,6,57,12,12,139,24,6,65,18
237,1,971,7569,3,512,512,0,0,0,516,1411,61664,22914,38750,38750,0,5472,17442,0,0,0,1023,10,20,0,1048576,0,0,0,inf,inf,1.57232666,0.796279907,4,5,3,5,5,6,5,4,4,5
238,0.899999976,7569,7569,1,512,166,346,2,346,164,14972,484352,249397,234955,234955,0,2148,247249,0,0,0,1023,10,20,0,1048576,0,0,0,inf,1.31788635,1.4833374,1.06410217,9,311,210,165,49,246,29,759,234,247
239,0.899999976,7569,7569,1,512,209,303,4,303,205,14931,484352,209191,275161,275161,0,2421,206770,0,0,0,1023,10,20,0,1048576,0,0,0,inf,1.15788269,1.29612732,0.562530518,6,12,2,7,3,16,13,7,3,13
240,1,1480,7569,3,512,512,0,0,0,542,2407,94368,32615,61753,61753,0,5962,26653,0,0,0,1023,10,20,0,1048576,0,0,0,inf,inf,1.60406494,0.750564575,6,4,4,6,8,12,6,4,7,4
241,1,7569,7569,1,512,135,377,0,377,135,15001,484352,212967,271385,271385,0,1745,211222,0,0,0,1023,10,20,0,1048576,0,0,0,inf,1.11346436,1.14553833,0.716217041,162,11,2,39,33,8,14,77,128,14
242,1,7569,7569,1,512,110,402,2,402,108,15028,484352,204511,279841,279841,0,1433,203078,0,0,0,1023,10,20,0,1048576,0,0,0,inf,1.58114624,1.72076416,1.02087402,26,24,12,45,11,15,43,206,258,265
243,1,7569,7569,1,512,196,316,2,316,194,14942,484352,217424,266928,266928,0,2732,214692,0,0,0,1023,10,20,0,1048576,0,0,0,inf,1.3321991,1.38670349,0.882781982,10,96,11,136,101,151,20,10,21,21
244,1,7569,7569,1,512,86,426,0,426,86,15050,484352,183320,301032,301032,0,759,182561,0,0,0,1023,10,20,0,1048576,0,0,0,inf,2.00430298,2.03979492,0.816177368,5,5,11,11,7,4,7,4,5,5
245,1,7569,7569,1,512,221,291,2,291,219,14917,484352,200227,284125,284125,0,2701,197526,0,0,0,1023,10,20,0,1048576,0,0,0,inf,1.06256104,1.14164734,0.524703979,15,14,17,28,31,64,3,31,136,15
246,1,7569,7569,1,512,223,289,2,289,221,14915,484352,244963,239389,239389,0,3040,241923,0,0,0,1023,10,20,0,1048576,0,0,0,inf,1.71757507,1.87936401,1.22436523,3,3,4,4,171,98,239,42,53,35
247,0.699999988,7569,7569,1,512,172,340,3,340,169,14967,484352,204451,279901,279901,0,2120,202331,0,0,0,1023,10,20,0,1048576,0,0,0,inf,1.33001709,1.4229126,0.74899292,31,5,63,9,71,9,34,6,27,133
248,0.899999976,7569,7569,1,512,146,366,4,366,142,14994,484352,235584,248768,248768,0,2194,233390,0,0,0,1023,10,20,0,1048576,0,0,0,inf,1.43617249,1.51750183,1.03817749,16,5,92,70,71,13,278,18,54,360
249,1,7569,7569,1,512,389,123,1,123,388,14748,484352,221307,263045,263045,0,4030,217277,0,0,0,1023,10,20,0,1048576,0,0,0,inf,1.2613678,1.32533264,0.726791382,7,16,41,8,34,18,53,8,5,27
250,1,7569,7569,1,512,493,19,0,19,494,14642,484352,167798,316554,316554,0,4655,163143,0,0,0,1023,10,20,0,1048576,0,0,0,inf,1.82038879,2.04428101,0.672744751,5,6,53,6,6,6,7,27,4,14
251,1,7569,7569,1,512,297,215,6,215,291,14845,484352,238007,246345,246345,0,4677,233330,0,0,0,1023,10,20,0,1048576,0,0,0,inf,1.59017944,1.65383911,1.16777039,10,6,58,57,19,151,40,1449,19,57
252,1,7569,7569,1,512,389,123,3,123,386,14750,484352,205878,278474,278474,0,4336,201542,0,0,0,1023,10,20,0,1048576,0,0,0,inf,1.18785095,1.45228577,0.815933228,10,12,30,96,53,4,44,6,72,12
253,1,4306,7569,3,512,512,0,0,0,558,8020,274496,136696,137800,137800,0,6248,130448,0,0,0,1023,10,20,0,1048576,0,0,0,inf,inf,1.24473572,0.756988525,38,13,8,8,31,4,2,35,9,72
254,1,6739,7569,3,512,512,0,0,0,563,12896,430688,201633,229055,229055,0,6739,194894,0,0,0,1023,10,20,0,1048576,0,0,0,inf,inf,1.29258728,0.709655762,6,7,7,11,7,7,7,8,38,14
255,1,7569,7569,1,512,497,15,0,15,557,14579,484352,195668,288684,288684,0,2946,192722,0,0,0,1023,10,20,0,1048576,0,0,0,inf,1.97143555,2.06001282,0.476150513,68,68,68,67,68,67,68,68,68,68
256,1,1719,7569,3,512,512,0,0,0,528,2890,109376,44079,65297,65297,0,4262,39817,0,0,0,1023,10,20,0,1048576,0,0,0,inf,inf,1.20993042,0.42199707,5,4,4,5,4,4,4,5,6,6
257,1,7569,7569,1,512,445,67,2,67,443,14693,484352,219167,265185,265185,0,5475,213692,0,0,0,1023,10,20,0,1048576,0,0,0,inf,1.0329895,1.1056366,0.530105591,5,4,20,15,25,4,19,96,35,34
258,1,7569,7569,1,512,195,317,5,317,190,14946,484352,229120,255232,255232,0,2602,226518,0,0,0,1023,10,20,0,1048576,0,0,0,inf,1.51081848,1.65565491,1.08500671,24,13,7,48,10,87,12,14,28,31
259,0.699999988,7569,7569,1,512,111,401,4,401,107,15029,484352,228297,256055,256055,0,1612,226685,0,0,0,1023,10,20,0,1048576,0,0,0,inf,1.06048584,1.25515747,0.858413696,9,101,57,36,532,238,469,27,99,84
260,1,4388,7569,3,512,512,0,0,0,568,8148,278912,145299,133613,133613,0,6522,138777,0,0,0,1023,10,20,0,1048576,0,0,0,inf,inf,1.45024109,0.851791382,34,15,6,16,20,20,84,81,7,27
261,1,7569,7569,1,512,218,294,2,294,216,14920,484352,168221,316131,316131,0,2016,166205,0,0,0,1023,10,20,0,1048576,0,0,0,inf,1.71005249,1.84712219,0.721252441,3,5,2,22,105,7,36,8,132,13
262,0.899999976,7569,7569,1,512,505,7,0,7,508,14628,484352,130800,353552,353552,0,4109,126691,0,0,0,1023,10,20,0,1048576,0,0,0,inf,1.89118958,1.98304749,0.8412323,4,10,51,71,66,20,51,17,51,11
263,1,7569,7569,1,512,254,258,4,258,250,14886,484352,198592,285760,285760,0,2681,195911,0,0,0,1023,10,20,0,1048576,0,0,0,inf,1.20259094,1.39187622,0.813598633,28,16,3,15,22,6,13,26,30,25
264,1,7569,7569,1,512,418,94,1,94,417,14719,484352,241412,242940,242940,0,6252,235160,0,0,0,1023,10,20,0,1048576,0,0,0,inf,1.54446411,1.68173218,1.09124756,4,4,4,5,5,3,57,6,28,4
265,0.800000012,7569,7569,1,512,202,310,1,310,201,14935,484352,161726,322626,322626,0,2541,159185,0,0,0,1023,10,20,0,1048576,0,0,0,inf,1.83389282,1.9644928,0.957489014,16,10,5,16,10,21,2,5,52,93
266,1,7569,7569,1,512,111,401,3,401,108,15028,484352,181127,303225,303225,0,1133,179994,0,0,0,1023,10,20,0,1048576,0,0,0,inf,1.34521484,1.47543335,0.84197998,8,2,2,19,5,105,16,51,67,274
267,1,7569,7569,1,512,396,116,1,116,395,14741,484352,198871,285481,285481,0,4336,194535,0,0,0,1023,10,20,0,1048576,0,0,0,inf,0.979141235,1.07505798,0.593429565,21,7,26,17,28,29,9,5,9,7
268,1,7569,7569,1,512,216,296,1,296,215,14921,484352,252358,231994,231994,0,3242,249116,0,0,0,1023,10,20,0,1048576,0,0,0,inf,1.47171021,1.70414734,1.07913208,10,22,17,13,7,13,72,10,81,17
269,1,1863,7569,3,512,512,0,0,0,544,3169,118816,48710,70106,70106,0,4019,44691,0,0,0,1023,10,20,0,1048576,0,0,0,inf,inf,1.43093872,0.705551147,5,9,4,4,6,5,4,5,10,15
270,1,6038,7569,3,512,512,0,0,0,525,11544,386208,193739,192469,192469,0,7492,186247,0,0,0,1023,10,20,0,1048576,0,0,0,inf,inf,1.43418884,0.885513306,6,6,7,8,7,14,38,8,14,84
271,1,7569,7569,1,512,178,334,2,334,176,14960,484352,259822,224530,224530,0,3391,256431,0,0,0,1023,10,20,0,1048576,0,0,0,inf,1.71099854,1.78770447,1.29281616,3,515,2,12,57,225,181,2,39,25
272,1,6219,7569,3,512,512,0,0,0,522,11907,397728,131112,266616,266616,0,4075,127037,0,0,0,1023,10,20,0,1048576,0,0,0,inf,inf,1.12608337,0.373703003,6,5,27,11,15,3,28,3,8,14
273,1,6430,7569,3,512,512,0,0,0,566,12188,408128,170631,237497,237497,0,5096,165535,0,0,0,1023,10,20,0,1048576,0,0,0,inf,inf,1.42796326,0.598556519,3,5,4,7,5,4,8,4,3,5
274,1,7569,7569,1,512,485,27,0,27,495,14641,484352,194892,289460,289460,0,6167,188725,0,0,0,1023,10,20,0,1048576,0,0,0,inf,1.24751282,1.34231567,0.624328613,3,13,4,4,2,4,5,6,17,15
275,0.699999988,7569,7569,1,512,152,360,4,360,148,14988,484352,244014,240338,240338,0,2659,241355,0,0,0,1023,10,20,0,1048576,0,0,0,inf,1.19213867,1.37527466,1.00418091,136,97,130,373,88,19,54,21,21,56
276,1,7569,7569,1,512,455,57,0,57,455,14681,484352,235390,248962,248962,0,5220,230170,0,0,0,1023,10,20,0,1048576,0,0,0,inf,2.06944275,2.1580658,1.23178101,15,117,7,3,4,11,20,5,124,61
277,1,7569,7569,1,512,124,388,3,388,121,15015,484352,281507,202845,202845,0,2542,278965,0,0,0,1023,10,20,0,1048576,0,0,0,inf,1.6776886,1.74917603,1.32298279,34,97,9,266,37,7,45,410,18,14
278,0.899999976,7569,7569,1,512,295,217,2,217,293,14843,484352,176064,308288,308288,0,2895,173169,0,0,0,1023,10,20,0,1048576,0,0,0,inf,1.01402283,1.30563354,0.687652588,10,13,101,39,39,24,4,101,4,1
279,1,7569,7569,1,512,278,234,5,234,273,14863,484352,190511,293841,293841,0,3015,187496,0,0,0,1023,10,20,0,1048576,0,0,0,inf,1.49987793,1.58204651,0.730728149,4,3,4,5,5,8,24,8,4,11
280,1,7569,7569,1,512,420,92,3,92,417,14719,484352,252284,232068,232068,0,5969,246315,0,0,0,1023,10,20,0,1048576,0,0,0,inf,1.44467163,1.49234009,0.941543579,15,5,16,67,38,16,118,7,20,119
281,1,7569,7569,1,512,222,290,8,290,214,14922,484352,221593,262759,262759,0,2373,219220,0,0,0,1023,10,20,0,1048576,0,0,0,inf,1.35758972,1.48287964,0.950973511,9,9,331,18,53,14,151,74,74,28
282,0.600000024,7569,7569,1,512,127,385,5,385,122,15014,484352,236082,248270,248270,0,1967,234115,0,0,0,1023,10,20,0,1048576,0,0,0,inf,1.29072571,1.46794128,1.07373047,0,37,12,143,12,34,436,355,1,1
283,1,7569,7569,1,512,221,291,4,291,217,14919,484352,214319,270033,270033,0,2439,211880,0,0,0,1023,10,20,0,1048576,0,0,0,inf,1.31140137,1.50027466,0.820205688,14,15,4,35,26,34,36,14,75,82
284,0.800000012,7569,7569,1,512,216,296,3,296,213,14923,484352,241172,243180,243180,0,2804,238368,0,0,0,1023,10,20,0,1048576,0,0,0,inf,1.50933838,1.6113739,1.08691406,12,58,11,11,18,6,59,15,95,16
285,0.699999988,7569,7569,1,512,123,389,0,389,123,15013,484352,183136,301216,301216,0,1874,181262,0,0,0,1023,10,20,0,1048576,0,0,0,inf,2.29908752,2.35951233,1.57192993,19,17,18,5,21,381,6,58,19,92
286,1,7569,7569,1,512,196,316,5,316,191,14945,484352,187480,296872,296872,0,2722,184758,0,0,0,1023,10,20,0,1048576,0,0,0,inf,1.4161377,1.45581055,0.87046814,12,4,4,3,39,3,59,5,18,170
287,1,7569,7569,1,512,510,2,0,2,552,14527,482528,203742,278786,278786,0,4944,198798,0,0,0,1023,10,20,0,1048576,0,0,0,inf,1.31318665,1.34533691,0.705673218,2,3,13,16,1,7,13,39,18,56
288,0.699999988,7569,7569,1,512,159,353,4,353,155,14981,484352,230798,253554,253554,0,2568,228230,0,0,0,1023,10,20,0,1048576,0,0,0,inf,1.77220154,1.8249054,1.39175415,6,15,15,27,130,229,35,318,43,37
289,1,7569,7569,1,512,161,351,0,351,161,14975,484352,75332,409020,409020,0,1472,73860,0,0,0,1023,10,20,0,1048576,0,0,0,inf,2.08148193,2.08808899,0.974578857,3,4,4,7,5,5,4,4,5,5
290,1,7569,7569,1,512,188,324,5,324,183,14953,484352,254024,230328,230328,0,2806,251218,0,0,0,1023,10,20,0,1048576,0,0,0,inf,1.35476685,1.41110229,0.950500488,87,41,196,43,42,278,17,29,18,26
291,1,4049,7569,3,512,512,0,0,0,541,7530,258272,109502,148770,148770,0,5704,103798,0,0,0,1023,10,20,0,1048576,0,0,0,inf,inf,1.29359436,0.579284668,7,3,3,8,9,7,9,7,4,75
292,1,1662,7569,3,512,512,0,0,0,534,2783,106144,52075,54069,54069,0,4587,47488,0,0,0,1023,10,20,0,1048576,0,0,0,inf,inf,1.20596313,0.516799927,3,3,4,4,4,5,4,3,4,6
293,1,5987,7569,3,512,512,0,0,0,564,11387,382432,160881,221551,221551,0,4118,156763,0,0,0,1023,10,20,0,1048576,0,0,0,inf,inf,1.57260132,0.529998779,4,4,5,5,5,5,5,4,5,4
294,1,3028,7569,3,512,512,0,0,0,518,5535,193696,93467,100229,100229,0,6464,87003,0,0,0,1023,10,20,0,1048576,0,0,0,inf,inf,1.23728943,0.749389648,17,23,34,16,21,5,12,34,86,11
295,1,7569,7569,1,512,224,288,0,288,224,14912,484352,235222,249130,249130,0,3221,232001,0,0,0,1023,10,20,0,1048576,0,0,0,inf,1.17698669,1.31289673,0.921081543,6,59,9,9,9,65,7,72,55,98
296,0.899999976,7569,7569,1,512,99,413,3,413,96,15040,484352,272153,212199,212199,0,1740,270413,0,0,0,1023,10,20,0,1048576,0,0,0,inf,1.61398315,1.71827698,1.32833862,7,23,16,24,17,12,136,89,53,1137
297,1,7569,7569,1,512,291,221,4,221,287,14849,484352,279238,205114,205114,0,4120,275118,0,0,0,1023,10,20,0,1048576,0,0,0,inf,1.49295044,1.58332825,1.13079834,15,10,11,5,57,11,11,16,3,6
298,1,7569,7569,1,512,411,101,2,101,409,14727,484352,183473,300879,300879,0,4909,178564,0,0,0,1023,10,20,0,1048576,0,0,0,inf,1.43325806,1.55867004,0.900741577,61,61,4,11,113,472,52,32,55,58
299,1,7569,7569,1,512,239,273,8,273,231,14905,484352,173776,310576,310576,0,2427,171349,0,0,0,1023,10,20,0,1048576,0,0,0,inf,1.07954407,1.29249573,0.582229614,54,22,22,4,3,3,3,67,7,138
300,1,7569,7569,1,512,414,98,2,98,412,14724,484352,207909,276443,276443,0,5919,201990,0,0,0,1023,10,20,0,1048576,0,0,0,inf,0.840957642,1.11036682,0.622009277,5,10,93,175,1,13,27,7,51,3
301,1,7569,7569,1,512,241,271,5,271,236,14900,484352,212044,272308,272308,0,3221,208823,0,0,0,1023,10,20,0,1048576,0,0,0,inf,1.29011536,1.44367981,0.94581604,6,13,27,134,23,107,6,22,50,178
302,1,7569,7569,1,512,283,229,4,229,279,14857,484352,221711,262641,262641,0,3729,217982,0,0,0,1023,10,20,0,1048576,0,0,0,inf,1.65739441,1.79136658,1.1399231,14,3,8,10,6,74,3,67,4,59
303,1,7569,7569,1,512,266,246,6,246,260,14876,484352,246258,238094,238094,0,3926,242332,0,0,0,1023,10,20,0,1048576,0,0,0,inf,1.39744568,1.42755127,1.01895142,9,760,34,122,192,77,264,13,353,11
304,1,7569,7569,1,512,435,77,5,77,430,14706,484352,175248,309104,309104,0,4504,170744,0,0,0,1023,10,20,0,1048576,0,0,0,inf,1.4619751,1.4908905,0.481430054,2,13,3,5,7,18,9,49,8,30
305,1,4734,7569,3,512,512,0,0,0,591,8830,301472,143431,158041,158041,0,6916,136515,0,0,0,1023,10,20,0,1048576,0,0,0,inf,inf,1.43626404,0.767074585,6,3,3,1,31,2,6,7,59,55
306,1,5320,7569,3,512,512,0,0,0,572,10048,339840,104866,234974,234974,0,5913,98953,0,0,0,1023,10,20,0,1048576,0,0,0,inf,inf,1.79579163,0.320861816,5,9,7,7,1,7,6,14,7,8
307,1,7569,7569,1,512,505,7,0,7,536,14600,484352,243408,240944,240944,0,7610,235798,0,0,0,1023,10,20,0,1048576,0,0,0,inf,1.68928528,1.83374023,1.11630249,5,4,5,4,7,34,7,50,17,25
308,1,3703,7569,3,512,512,0,0,0,538,6823,235552,101039,134513,134513,0,5997,95042,0,0,0,1023,10,20,0,1048576,0,0,0,inf,inf,1.08395386,0.599822998,4,19,30,20,72,21,7,27,21,12
309,1,7569,7569,1,512,314,198,2,198,312,14824,484352,186369,297983,297983,0,3362,183007,0,0,0,1023,10,20,0,1048576,0,0,0,inf,1.29011536,1.36212158,0.6121521,3,5,4,5,17,29,4,8,10,3
310,1,7569,7569,1,512,354,158,3,158,351,14785,484352,153315,331037,331037,0,3401,149914,0,0,0,1023,10,20,0,1048576,0,0,0,inf,0.663253784,1.06544495,0.460891724,13,8,28,122,17,39,6,442,0,237
311,1,7569,7569,1,512,491,21,0,21,491,14645,484352,269900,214452,214452,0,8120,261780,0,0,0,1023,10,20,0,1048576,0,0,0,inf,1.45533752,1.49095154,1.00300598,34,19,174,9,2,1289,18,5,16,5
312,1,7569,7569,1,512,494,18,1,18,493,14643,484352,201020,283332,283332,0,5415,195605,0,0,0,1023,10,20,0,1048576,0,0,0,inf,1.25160217,1.41964722,0.645736694,19,10,15,2,3,87,24,41,42,25
313,1,7569,7569,1,512,238,274,0,274,238,14898,484352,146565,337787,337787,0,3434,143131,0,0,0,1023,10,20,0,1048576,0,0,0,inf,1.44856262,1.45397949,0.830871582,13,42,55,35,4,10,9,36,43,10
314,1,7569,7569,1,512,475,37,0,37,475,14661,484352,242821,241531,241531,0,8198,234623,0,0,0,1023,10,20,0,1048576,0,0,0,inf,1.41880798,1.45645142,0.971664429,17,9,104,18,9,178,6,19,7,50
315,0.600000024,7569,7569,1,512,142,370,1,370,141,14995,484352,168654,315698,315698,0,1854,166800,0,0,0,1023,10,20,0,1048576,0,0,0,inf,1.84243774,1.88638306,0.879943848,7,8,51,80,25,31,90,31,153,104
316,1,7290,7569,3,512,512,0,0,0,567,14008,466400,186849,279551,279551,0,6356,180493,0,0,0,1023,10,20,0,1048576,0,0,0,inf,inf,1.0191803,0.451049805,3,10,31,15,37,25,11,19,75,21
317,1,7569,7569,1,512,375,137,0,137,375,14761,484352,171889,312463,312463,0,4334,167555,0,0,0,1023,10,20,0,1048576,0,0,0,inf,1.40042114,1.6320343,0.49559021,6,7,20,8,11,25,47,18,14,59
318,1,7569,7569,1,512,507,5,0,5,529,14607,484352,179345,305007,305007,0,5756,173589,0,0,0,1023,10,20,0,1048576,0,0,0,inf,1.34355164,1.43611145,0.511077881,8,7,2,4,5,2,7,7,9,14
319,1,3625,7569,3,512,512,0,0,0,553,6634,229984,110130,119854,119854,0,6312,103818,0,0,0,1023,10,20,0,1048576,0,0,0,inf,inf,1.18896484,0.729385376,7,8,3,22,8,5,7,6,160,7
320,1,4868,7569,3,407,407,0,0,0,422,9311,311456,154430,157026,157026,0,5268,149162,0,0,0,1023,10,20,0,1048576,0,0,0,inf,inf,1.33992004,0.822250366,36,5,6,17,76,8,7,7,18,2
321,1,2047,7569,3,512,512,0,0,0,530,3536,130112,60619,69493,69493,0,5094,55525,0,0,0,1023,10,20,0,1048576,0,0,0,inf,inf,1.11972046,0.622055054,8,10,2,9,7,28,10,23,23,14
322,1,7569,7569,1,512,498,14,1,14,511,14625,484352,189315,295037,295037,0,5160,184155,0,0,0,1023,10,20,0,1048576,0,0,0,inf,1.20848083,1.36323547,0.644500732,28,37,7,8,36,7,11,5,42,62
323,1,7569,7569,1,512,452,60,1,60,451,14685,484352,139848,344504,344504,0,3965,135883,0,0,0,1023,10,20,0,1048576,0,0,0,inf,1.32513428,1.55316162,0.592147827,12,14,2,35,11,11,30,16,35,43
324,1,7569,7569,1,512,427,85,1,85,426,14710,484352,222996,261356,261356,0,6167,216829,0,0,0,1023,10,20,0,1048576,0,0,0,inf,2.01019287,2.07469177,0.305709839,3,2,2,2,0,1,2,3,19,1
325,1,7569,7569,1,512,286,226,7,226,279,14857,484352,216607,267745,267745,0,4240,212367,0,0,0,1023,10,20,0,1048576,0,0,0,inf,2.03233337,2.08702087,1.25408936,17,6,17,45,48,33,130,120,52,92
326,1,7077,7569,3,512,512,0,0,0,589,13334,445536,203130,242406,242406,0,6860,196270,0,0,0,1023,10,20,0,1048576,0,0,0,inf,inf,1.35166931,0.664794922,11,14,5,22,6,22,9,26,19,10
327,1,7569,7569,1,512,498,14,0,14,511,14625,484352,151129,333223,333223,0,4732,146397,0,0,0,1023,10,20,0,1048576,0,0,0,inf,2.03277588,2.16221619,0.879241943,7,5,7,9,22,4,44,9,10,5
328,1,7569,7569,1,512,421,91,0,91,421,14715,484352,294125,190227,190227,0,8023,286102,0,0,0,1023,10,20,0,1048576,0,0,0,inf,1.69812012,1.79544067,1.31335449,9,10,16,12,23,52,275,63,37,73
329,1,7569,7569,1,512,167,345,5,345,162,14974,484352,147850,336502,336502,0,2324,145526,0,0,0,1023,10,20,0,1048576,0,0,0,inf,2.08154297,2.14976501,1.4513092,10,18,107,13,69,69,22,6,60,119
330,1,7569,7569,1,512,225,287,2,287,223,14913,484352,266209,218143,218143,0,3820,262389,0,0,0,1023,10,20,0,1048576,0,0,0,inf,1.36309814,1.63127136,1.20925903,22,7,46,23,22,733,240,265,241,220
331,0.800000012,7569,7569,1,512,291,221,1,221,290,14846,484352,200707,283645,283645,0,3690,197017,0,0,0,1023,10,20,0,1048576,0,0,0,inf,1.52412415,1.66088867,0.790512085,13,8,4,37,27,9,5,6,29,24
332,1,7569,7569,1,512,308,204,1,204,307,14829,484352,160317,324035,324035,0,2695,157622,0,0,0,1023,10,20,0,1048576,0,0,0,inf,1.06307983,1.11729431,0.504348755,4,11,4,30,16,77,11,27,4,4
333,1,7207,7569,3,512,512,0,0,0,525,13879,460928,252889,208039,208039,0,7854,245035,0,0,0,1023,10,20,0,1048576,0,0,0,inf,inf,1.44174194,0.952972412,7,8,15,6,137,77,88,143,2,10
334,1,2778,7569,3,512,512,0,0,0,566,4829,172640,75197,97443,97443,0,5536,69661,0,0,0,1023,10,20,0,1048576,0,0,0,inf,inf,1.34190369,0.615509033,6,4,6,7,4,21,12,16,22,7
335,1,4743,7569,3,512,512,0,0,0,527,8956,303456,139409,164047,164047,0,6015,133394,0,0,0,1023,10,20,0,1048576,0,0,0,inf,inf,1.885849,0.780532837,8,8,6,23,6,10,18,22,8,22
336,1,7569,7569,1,511,295,216,0,216,295,14841,484352,216952,267400,267400,0,4649,212303,0,0,0,1023,10,20,0,1048576,0,0,0,inf,1.65229797,1.67311096,0.948120117,6,18,11,12,20,1,1,32,32,30
337,1,7569,7569,1,512,506,6,0,6,554,14582,484352,240256,244096,244096,0,7618,232638,0,0,0,1023,10,20,0,1048576,0,0,0,inf,1.60681152,1.78346252,1.05577087,70,123,6,114,67,37,18,18,25,124
338,1,7569,7569,1,512,478,34,1,34,479,14657,484352,196415,287937,287937,0,5468,190947,0,0,0,1023,10,20,0,1048576,0,0,0,inf,1.99142456,2.04096985,0.922317505,4,3,3,3,5,4,5,7,8,18
339,1,7569,7569,1,512,480,32,1,32,479,14657,484352,212405,271947,271947,0,6734,205671,0,0,0,1023,10,20,0,1048576,0,0,0,inf,1.29428101,1.33222961,0.808364868,3,19,21,9,49,11,110,259,259,121
340,1,7569,7569,1,512,217,295,0,295,217,14919,484352,152979,331373,331373,0,2787,150192,0,0,0,1023,10,20,0,1048576,0,0,0,inf,1.98365784,1.99716187,1.02598572,17,24,13,17,11,11,26,15,14,17
341,1,7569,7569,1,512,511,1,0,1,569,14527,483072,216443,266629,266629,0,6920,209523,0,0,0,1023,10,20,0,1048576,0,0,0,inf,1.20721436,1.20721436,0.611343384,51,12,6,15,55,7,7,4,99,10
342,1,7448,7569,3,511,511,0,0,0,542,14348,476480,226299,250181,250181,0,7535,218764,0,0,0,1023,10,20,0,1048576,0,0,0,inf,inf,1.3422699,0.784255981,94,19,18,9,40,23,20,24,26,7
343,0.300000012,7569,7569,1,512,310,202,3,202,307,14829,484352,196538,287814,287814,0,4574,191964,0,0,0,1023,10,20,0,1048576,0,0,0,inf,1.55076599,1.63812256,1.05441284,8,27,43,47,38,199,116,101,198,191
344,1,7569,7569,1,512,508,4,0,4,530,14604,484288,200225,284063,284063,0,6353,193872,0,0,0,1023,10,20,0,1048576,0,0,0,inf,1.36909485,1.48841858,0.764663696,4,4,5,3,6,7,6,5,5,5
345,1,5723,7569,3,512,512,0,0,0,548,10868,365312,169042,196270,196270,0,6953,162089,0,0,0,1023,10,20,0,1048576,0,0,0,inf,inf,1.38978577,0.846343994,5,4,5,15,212,7,6,9,4,20
346,1,7569,7569,1,512,505,7,2,7,546,14590,484352,216337,268015,268015,0,7702,208635,0,0,0,1023,10,20,0,1048576,0,0,0,inf,1.32243347,1.42216492,0.865493774,2,23,21,4,6,9,55,25,25,19
347,1,4834,7569,3,512,512,0,0,0,581,9025,307392,120372,187020,187020,0,4738,115634,0,0,0,1023,10,20,0,1048576,0,0,0,inf,inf,1.19656372,0.500778198,4,4,5,5,3,6,7,5,3,5
348,1,7569,7569,1,512,255,257,6,257,249,14887,484352,198592,285760,285760,0,3224,195368,0,0,0,1023,10,20,0,1048576,0,0,0,inf,1.17773438,1.31025696,0.904724121,41,142,173,57,84,136,13,223,9,840
349,1,5865,7569,3,512,512,0,0,0,538,11188,375232,165849,209383,209383,0,7344,158505,0,0,0,1023,10,20,0,1048576,0,0,0,inf,inf,1.47029114,0.877655029,3,3,14,2,2,26,2,8,7,4
350,1,7569,7569,1,512,509,3,0,3,536,14600,484352,168072,316280,316280,0,5657,162415,0,0,0,1023,10,20,0,1048576,0,0,0,inf,1.20526123,1.28109741,0.47215271,5,3,12,4,9,1,32,1,61,16
351,1,3737,7569,3,512,512,0,0,0,551,6915,238912,129486,109426,109426,0,7681,121805,0,0,0,1023,10,20,0,1048576,0,0,0,inf,inf,1.26274109,0.772140503,12,1,46,19,94,11,3,25,43,12
352,1,6796,7569,3,511,511,0,0,0,549,12995,433408,160900,272508,272508,0,5880,155020,0,0,0,1023,10,20,0,1048576,0,0,0,inf,inf,1.33937073,0.490188599,6,4,34,4,58,23,27,5,4,46
353,1,4015,7569,3,512,512,0,0,0,570,7412,255424,126353,129071,129071,0,8697,117656,0,0,0,1023,10,20,0,1048576,0,0,0,inf,inf,1.83132935,1.09912109,9,5,12,23,15,27,8,3,9,60
354,1,5438,7569,3,512,512,0,0,0,550,10309,347488,175974,171514,171514,0,7963,168011,0,0,0,1023,10,20,0,1048576,0,0,0,inf,inf,1.31443787,0.674057007,8,6,9,12,2,8,6,4,7,14
355,1,5092,7569,3,512,512,0,0,0,589,9575,325248,167580,157668,157668,0,7621,159959,0,0,0,1023,10,20,0,1048576,0,0,0,inf,inf,1.02941895,0.612564087,2,3,315,10,4,10,22,45,10,46
356,1,6163,7569,3,512,512,0,0,0,564,11700,392448,156810,235638,235638,0,7153,149657,0,0,0,1023,10,20,0,1048576,0,0,0,inf,inf,1.69400024,0.693710327,5,4,5,4,5,5,4,5,5,5
357,1,1466,7569,3,512,512,0,0,0,524,2406,93760,34241,59519,59519,0,3451,30790,0,0,0,1023,10,20,0,1048576,0,0,0,inf,inf,0.986755371,0.488632202,4,3,3,4,4,10,4,4,3,5
358,1,4472,7569,3,512,512,0,0,0,551,8381,285824,168688,117136,117136,0,8966,159722,0,0,0,1023,10,20,0,1048576,0,0,0,inf,inf,1.6342926,0.906799316,8,8,14,17,9,27,11,12,12,12
359,1,4745,7569,3,512,512,0,0,0,540,8933,303136,123829,179307,179307,0,5362,118467,0,0,0,1023,10,20,0,1048576,0,0,0,inf,inf,1.05407715,0.469833374,8,10,2,2,10,17,4,12,14,9
360,1,7569,7569,1,512,488,24,0,24,490,14646,484352,238147,246205,246205,0,7796,230351,0,0,0,1023,10,20,0,1048576,0,0,0,inf,1.89993286,1.96530151,1.32737732,65,10,23,7,62,23,4,64,64,42
361,1,1920,7569,3,512,512,0,0,0,531,3285,122112,53868,68244,68244,0,6124,47744,0,0,0,1023,10,20,0,1048576,0,0,0,inf,inf,1.19134521,0.606887817,4,27,3,4,4,4,23,16,24,4
362,1,7569,7569,1,512,466,46,2,46,507,14629,484352,190958,293394,293394,0,6767,184191,0,0,0,1023,10,20,0,1048576,0,0,0,inf,2.02914429,2.20658875,1.26184082,3,2,12,4,8,53,53,2,22,53
363,1,3175,7569,3,512,512,0,0,0,518,5825,202976,104601,98375,98375,0,7773,96828,0,0,0,1023,10,20,0,1048576,0,0,0,inf,inf,1.23020935,0.688980103,7,13,13,12,8,4,10,18,132,6
364,1,5972,7569,3,512,512,0,0,0,557,11370,381664,184633,197031,197031,0,9859,174774,0,0,0,1023,10,20,0,1048576,0,0,0,inf,inf,1.61608887,1.03076172,10,8,10,10,8,10,17,7,22,62
365,1,7569,7569,1,512,428,84,2,84,426,14710,484352,187654,296698,296698,0,5623,182031,0,0,0,1023,10,20,0,1048576,0,0,0,inf,1.95726013,2.02983093,0.989135742,4,5,40,62,197,30,38,18,78,59
366,1,3232,7569,3,512,512,0,0,0,550,5888,206016,90713,115303,115303,0,6751,83962,0,0,0,1023,10,20,0,1048576,0,0,0,inf,inf,1.35845947,0.598754883,5,6,4,6,25,14,7,29,30,5
367,1,5453,7569,3,512,512,0,0,0,600,10216,346112,204479,141633,141633,0,9504,194975,0,0,0,1023,10,20,0,1048576,0,0,0,inf,inf,1.4287262,0.888778687,6,4,4,3,3,5,1,18,2,13
368,1,7569,7569,1,512,510,2,0,2,570,14528,483136,222186,260950,260950,0,7780,214406,0,0,0,1023,10,20,0,1048576,0,0,0,inf,2.08044434,2.12390137,1.14070129,6,5,13,5,37,37,6,6,5,8
369,0.899999976,7569,7569,1,512,394,118,5,118,389,14747,484352,278660,205692,205692,0,7560,271100,0,0,0,1023,10,20,0,1048576,0,0,0,inf,1.13989258,1.25370789,0.874191284,366,54,8,64,72,317,9,364,61,59
370,1,3008,7569,3,512,512,0,0,0,557,5432,191648,92047,99601,99601,0,6781,85266,0,0,0,1023,10,20,0,1048576,0,0,0,inf,inf,1.09513855,0.62210083,4,13,2,15,21,46,16,9,39,9
371,1,4344,7569,3,512,512,0,0,0,556,8068,275968,158147,117821,117821,0,8954,149193,0,0,0,1023,10,20,0,1048576,0,0,0,inf,inf,1.48654175,0.887649536,4,18,13,5,25,25,26,19,12,12
372,1,4279,7569,3,512,512,0,0,0,541,7998,273248,158410,114838,114838,0,7303,151107,0,0,0,1023,10,20,0,1048576,0,0,0,inf,inf,1.43791199,1.03199768,21,7,6,20,8,16,16,105,73,73
373,1,804,7569,3,512,512,0,0,0,520,1067,50784,18916,31868,31868,0,4034,14882,0,0,0,1023,10,20,0,1048576,0,0,0,inf,inf,0.931289673,0.439605713,4,3,4,5,4,5,8,3,3,4
374,1,4249,7569,3,512,512,0,0,0,588,7752,266880,146539,120341,120341,0,7760,138779,0,0,0,1023,10,20,0,1048576,0,0,0,inf,inf,1.30397034,0.79397583,9,6,109,9,12,9,8,17,17,7
375,1,7569,7569,1,512,510,2,0,2,574,14496,482240,241383,240857,240857,0,8467,232916,0,0,0,1023,10,20,0,1048576,0,0,0,inf,1.46803284,1.47180176,0.817886353,11,8,5,6,14,20,19,25,7,31
376,1,7569,7569,1,512,191,321,0,321,201,14935,484352,107543,376809,376809,0,3854,103689,0,0,0,1023,10,20,0,1048576,0,0,0,inf,1.12623596,1.13902283,0.774291992,25,65,7,22,9,9,91,8,59,5
377,1,7006,7569,3,512,512,0,0,0,582,13386,446976,203367,243609,243609,0,9095,194272,0,0,0,1023,10,20,0,1048576,0,0,0,inf,inf,1.86280823,0.602752686,8,8,7,18,5,7,8,12,26,14
378,1,5373,7569,3,512,512,0,0,0,534,10199,343456,152504,190952,190952,0,7718,144786,0,0,0,1023,10,20,0,1048576,0,0,0,inf,inf,0.956100464,0.543838501,13,3,6,18,15,21,85,16,25,9
379,1,1792,7569,3,512,512,0,0,0,558,2971,112928,43157,69771,69771,0,6023,37134,0,0,0,1023,10,20,0,1048576,0,0,0,inf,inf,1.21438599,0.63571167,4,3,8,5,19,4,8,3,22,26
380,1,7569,7569,1,512,456,56,1,56,455,14681,484352,234561,249791,249791,0,6270,228291,0,0,0,1023,10,20,0,1048576,0,0,0,inf,1.40948486,1.46385193,0.84413147,6,6,8,35,20,89,98,122,43,6
381,1,5877,7569,3,512,512,0,0,0,562,11177,375648,141769,233879,233879,0,6775,134994,0,0,0,1023,10,20,0,1048576,0,0,0,inf,inf,1.51490784,0.962615967,18,9,20,2,19,246,19,15,140,90
382,1,5568,7569,3,512,512,0,0,0,559,10568,356064,224315,131749,131749,0,10486,213829,0,0,0,1023,10,20,0,1048576,0,0,0,inf,inf,1.6083374,1.16308594,303,304,56,11,72,267,26,143,34,241
383,1,4662,7569,3,512,512,0,0,0,535,8768,297696,120833,176863,176863,0,5445,115388,0,0,0,1023,10,20,0,1048576,0,0,0,inf,inf,1.47399902,0.718383789,4,5,3,4,6,5,12,7,53,4
384,1,7569,7569,1,512,360,152,12,152,350,14786,484352,128850,355502,355502,0,4727,124123,0,0,0,1023,10,20,0,1048576,0,0,0,inf,1.25611877,1.31959534,0.771728516,8,9,62,24,18,10,5,38,14,9
385,1,4638,7569,3,512,512,0,0,0,544,8708,296064,172080,123984,123984,0,9218,162862,0,0,0,1023,10,20,0,1048576,0,0,0,inf,inf,1.41917419,0.97227478,27,8,28,20,18,19,27,75,26,7
386,1,3391,7569,3,512,512,0,0,0,536,6234,216640,103009,113631,113631,0,6970,96039,0,0,0,1023,10,20,0,1048576,0,0,0,inf,inf,1.90786743,0.659347534,3,4,3,4,4,5,5,4,4,4
387,1,5522,7569,3,512,512,0,0,0,568,10453,352672,189951,162721,162721,0,8951,181000,0,0,0,1023,10,20,0,1048576,0,0,0,inf,inf,1.55252075,1.0349884,6,85,11,217,3,78,56,4,50,24
388,1,2444,7569,3,512,512,0,0,0,574,4232,153792,73934,79858,79858,0,7199,66735,0,0,0,1023,10,20,0,1048576,0,0,0,inf,inf,1.36035156,0.919555664,10,8,2,56,4,11,9,2,9,14
389,1,7479,7569,3,512,512,0,0,0,572,14356,477696,208039,269657,269657,0,7566,200473,0,0,0,1023,10,20,0,1048576,0,0,0,inf,inf,1.51576233,0.838165283,10,10,10,9,9,8,19,11,30,32
390,1,5426,7569,3,512,512,0,0,0,533,10296,346528,152989,193539,193539,0,6323,146666,0,0,0,1023,10,20,0,1048576,0,0,0,inf,inf,1.35346985,0.726577759,21,6,18,2,5,41,4,11,1,47
391,1,5324,7569,3,512,512,0,0,0,585,9986,338272,160718,177554,177554,0,7525,153193,0,0,0,1023,10,20,0,1048576,0,0,0,inf,inf,1.58377075,1.04914856,5,5,9,14,7,8,14,29,10,68
392,1,7569,7569,1,512,492,20,1,20,491,14645,484352,230073,254279,254279,0,7349,222724,0,0,0,1023,10,20,0,1048576,0,0,0,inf,1.18673706,1.32688904,0.820449829,8,16,42,32,21,158,25,1,9,148
393,1,2656,7569,3,512,512,0,0,0,543,4708,168032,88577,79455,79455,0,8511,80066,0,0,0,1023,10,20,0,1048576,0,0,0,inf,inf,1.50115967,0.87727356,3,1,3,5,9,6,10,6,26,4
394,1,2558,7569,3,512,512,0,0,0,528,4584,163584,83106,80478,80478,0,6653,76453,0,0,0,1023,10,20,0,1048576,0,0,0,inf,inf,1.42611694,0.778244019,1,9,8,15,15,5,16,30,18,11
395,1,7569,7569,1,512,322,190,0,190,322,14814,484352,96972,387380,387380,0,3703,93269,0,0,0,1023,10,20,0,1048576,0,0,0,inf,1.36883545,1.37532043,0.92364502,23,22,21,24,22,22,23,27,21,24
396,1,2175,7569,3,512,512,0,0,0,539,3785,138368,55113,83255,83255,0,5464,49649,0,0,0,1023,10,20,0,1048576,0,0,0,inf,inf,1.59527588,0.961303711,4,5,10,6,13,26,6,12,36,4
397,1,5629,7569,3,512,512,0,0,0,566,10656,359104,145779,213325,213325,0,5562,140217,0,0,0,1023,10,20,0,1048576,0,0,0,inf,inf,1.68760681,0.78944397,2,20,7,6,4,5,9,2,6,21
398,1,2986,7569,3,512,512,0,0,0,530,5425,190560,74936,115624,115624,0,5811,69125,0,0,0,1023,10,20,0,1048576,0,0,0,inf,inf,1.16273499,0.511047363,11,10,10,10,10,6,38,5,8,39
399,1,7205,7569,3,512,512,0,0,0,548,13847,460640,187423,273217,273217,0,6998,180425,0,0,0,1023,10,20,0,1048576,0,0,0,inf,inf,1.14328003,0.623077393,9,10,4,4,6,30,8,31,31,7
400,1,3000,7569,3,512,512,0,0,0,517,5472,191648,86519,105129,105129,0,7898,78621,0,0,0,1023,10,20,0,1048576,0,0,0,inf,inf,1.4099884,0.768463135,7,4,5,17,11,22,14,28,6,17
401,1,524,7569,3,512,512,0,0,0,516,530,33472,3227,30245,30245,0,1173,2054,0,0,0,1023,10,20,0,1048576,0,0,0,inf,inf,0.00755310059,0.000442504883,14,14,14,14,13,13,13,13,14,14
402,1,5778,7569,3,512,512,0,0,0,611,10806,365344,217506,147838,147838,0,10963,206543,0,0,0,1023,10,20,0,1048576,0,0,0,inf,inf,1.25657654,0.892578125,55,19,11,955,8,7,21,56,168,136
403,1,2163,7569,3,512,512,0,0,0,570,3753,138336,26882,111454,111454,0,2201,24681,0,0,0,1023,10,20,0,1048576,0,0,0,inf,inf,1.27967834,0.624145508,1904,1909,1904,1904,1906,1907,1908,1903,1903,1906
404,1,7569,7569,1,512,453,59,2,59,451,14685,484352,225960,258392,258392,0,7971,217989,0,0,0,1023,10,20,0,1048576,0,0,0,inf,1.32427979,1.51567078,0.823501587,28,33,38,25,13,31,11,341,341,25
405,1,3139,7569,3,512,512,0,0,0,526,5740,200512,75108,125404,125404,0,6105,69003,0,0,0,1023,10,20,0,1048576,0,0,0,inf,inf,1.66210938,0.55607605,9,6,6,7,8,8,8,20,13,19
406,1,1515,7569,3,512,512,0,0,0,522,2505,96864,32407,64457,64457,0,2941,29466,0,0,0,1023,10,20,0,1048576,0,0,0,inf,inf,1.25627136,0.315475464,5,6,6,6,6,5,6,7,6,6
407,1,3710,7569,3,512,512,0,0,0,522,6891,237216,98645,138571,138571,0,6617,92028,0,0,0,1023,10,20,0,1048576,0,0,0,inf,inf,1.07434082,0.472976685,2,17,13,14,10,8,47,43,8,15
408,1,2697,7569,3,512,512,0,0,0,570,4792,171584,87810,83774,83774,0,9648,78162,0,0,0,1023,10,20,0,1048576,0,0,0,inf,inf,1.22772217,0.775848389,5,10,3,11,14,4,89,129,177,3
409,1,3487,7569,3,512,512,0,0,0,568,6394,222784,90505,132279,132279,0,7626,82879,0,0,0,1023,10,20,0,1048576,0,0,0,inf,inf,1.11930847,0.588058472,4,30,9,23,203,20,20,5,10,5
410,1,3807,7569,3,512,512,0,0,0,535,7070,243360,89017,154343,154343,0,5855,83162,0,0,0,1023,10,20,0,1048576,0,0,0,inf,inf,1.37437439,0.7084198,10,21,7,8,53,46,9,32,13,14
411,1,5097,7569,3,512,512,0,0,0,520,9671,326112,153093,173019,173019,0,7665,145428,0,0,0,1023,10,20,0,1048576,0,0,0,inf,inf,1.22210693,0.63923645,9,3,12,12,38,30,31,3,126,21
412,1,4792,7569,3,512,512,0,0,0,565,9003,306176,144987,161189,161189,0,8963,136024,0,0,0,1023,10,20,0,1048576,0,0,0,inf,inf,1.85740662,0.9349823,4,5,4,5,4,12,49,4,18,3
413,1,3127,7569,3,512,512,0,0,0,542,5701,199776,109617,90159,90159,0,8755,100862,0,0,0,1023,10,20,0,1048576,0,0,0,inf,inf,1.25971985,0.874328613,11,17,13,77,6,152,202,190,8,68
414,1,3113,7569,3,512,512,0,0,0,539,5680,199008,53162,145846,145846,0,5626,47536,0,0,0,1023,10,20,0,1048576,0,0,0,inf,inf,1.75845337,0.641433716,5,5,6,6,21,6,6,6,32,3
415,1,4388,7569,3,512,512,0,0,0,562,8169,279392,119071,160321,160321,0,7232,111839,0,0,0,1023,10,20,0,1048576,0,0,0,inf,inf,1.60914612,1.06286621,16,23,21,33,27,23,10,34,80,69
416,1,6428,7569,3,512,512,0,0,0,596,12223,410208,235053,175155,175155,0,12919,222134,0,0,0,1023,10,20,0,1048576,0,0,0,inf,inf,1.23855591,0.871170044,30,348,62,119,190,458,29,50,29,6
417,1,1264,7569,3,512,512,0,0,0,517,2007,80768,29702,51066,51066,0,5016,24686,0,0,0,1023,10,20,0,1048576,0,0,0,inf,inf,0.849121094,0.335861206,8,12,4,10,6,5,9,15,11,13
418,1,7569,7569,1,512,304,208,0,208,311,14825,484352,119485,364867,364867,0,4888,114597,0,0,0,1023,10,20,0,1048576,0,0,0,inf,1.58248901,1.59458923,1.08934021,26,24,58,57,25,21,78,18,269,120
419,1,3970,7569,3,512,512,0,0,0,542,7390,253824,110208,143616,143616,0,7437,102771,0,0,0,1023,10,20,0,1048576,0,0,0,inf,inf,1.60357666,0.794845581,16,3,2,7,86,17,2,12,29,9
420,1,4985,7569,3,512,512,0,0,0,572,9362,317888,175337,142551,142551,0,10430,164907,0,0,0,1023,10,20,0,1048576,0,0,0,inf,inf,1.24659729,0.825820923,18,13,12,97,109,11,8,14,114,10
421,1,3501,7569,3,512,512,0,0,0,534,6456,223680,116312,107368,107368,0,8784,107528,0,0,0,1023,10,20,0,1048576,0,0,0,inf,inf,1.28010559,0.692108154,15,7,23,23,23,12,6,35,13,7
422,1,2243,7569,3,512,512,0,0,0,557,3889,142272,63828,78444,78444,0,7583,56245,0,0,0,1023,10,20,0,1048576,0,0,0,inf,inf,1.47442627,0.669128418,3,9,5,3,6,18,18,18,10,14
423,1,2417,7569,3,512,512,0,0,0,545,4273,154176,85741,68435,68435,0,8787,76954,0,0,0,1023,10,20,0,1048576,0,0,0,inf,inf,1.24871826,0.774215698,7,9,17,12,2,26,39,15,47,47
424,1,390,7569,3,512,512,0,0,0,518,203,23072,10134,12938,12938,0,3027,7107,0,0,0,1023,10,20,0,1048576,0,0,0,inf,inf,1.20294189,0.708099365,4,10,3,14,6,3,5,21,4,7
425,1,4516,7569,3,512,512,0,0,0,582,8318,284800,122460,162340,162340,0,7729,114731,0,0,0,1023,10,20,0,1048576,0,0,0,inf,inf,1.48356628,0.801895142,5,6,9,6,16,3,61,68,18,44
426,1,6399,7569,3,512,512,0,0,0,621,12112,407456,170991,236465,236465,0,9086,161905,0,0,0,1023,10,20,0,1048576,0,0,0,inf,inf,1.94546509,0.87689209,3,1,2,5,4,2,3,1,3,1
427,1,3201,7569,3,512,512,0,0,0,537,5854,204512,106593,97919,97919,0,8632,97961,0,0,0,1023,10,20,0,1048576,0,0,0,inf,inf,1.90901184,1.29341125,4,3,4,7,2,6,6,10,161,27
428,1,2064,7569,3,512,512,0,0,0,533,3580,131616,48459,83157,83157,0,5792,42667,0,0,0,1023,10,20,0,1048576,0,0,0,inf,inf,1.50512695,0.891830444,4,5,115,2,4,12,4,5,1,14
429,1,4443,7569,3,512,512,0,0,0,554,8323,284064,147470,136594,136594,0,9650,137820,0,0,0,1023,10,20,0,1048576,0,0,0,inf,inf,1.70677185,1.0105896,7,12,6,7,14,14,6,21,16,38
430,1,3960,7569,3,512,512,0,0,0,566,7348,253248,146715,106533,106533,0,11444,135271,0,0,0,1023,10,20,0,1048576,0,0,0,inf,inf,1.31661987,0.916992188,10,8,6,21,6,82,5,7,13,101
431,1,4606,7569,3,512,512,0,0,0,569,8561,292160,126999,165161,165161,0,8334,118665,0,0,0,1023,10,20,0,1048576,0,0,0,inf,inf,1.16999817,0.574615479,7,6,26,1,14,7,14,8,3,4
432,1,1636,7569,3,512,512,0,0,0,527,2710,103584,40877,62707,62707,0,6305,34572,0,0,0,1023,10,20,0,1048576,0,0,0,inf,inf,0.821136475,0.411727905,3,2,3,4,12,4,12,4,10,5
433,1,2753,7569,3,512,512,0,0,0,537,4958,175840,72842,102998,102998,0,7105,65737,0,0,0,1023,10,20,0,1048576,0,0,0,inf,inf,1.1635437,0.665359497,9,29,3,5,35,3,5,6,44,44
434,1,2624,7569,3,512,512,0,0,0,565,4634,166368,49893,116475,116475,0,5286,44607,0,0,0,1023,10,20,0,1048576,0,0,0,inf,inf,1.36672974,0.539733887,6,6,7,7,6,7,7,8,5,45
435,1,7569,7569,1,512,414,98,0,98,443,14693,484352,138463,345889,345889,0,6613,131850,0,0,0,1023,10,20,0,1048576,0,0,0,inf,1.68484497,1.70098877,0.921920776,10,5,10,8,8,10,6,23,8,6
436,1,3448,7569,3,512,512,0,0,0,525,6364,220448,102160,118288,118288,0,7173,94987,0,0,0,1023,10,20,0,1048576,0,0,0,inf,inf,1.29675293,0.684951782,4,9,5,5,3,25,20,85,36,12
437,1,2483,7569,3,512,512,0,0,0,524,4434,158656,86692,71964,71964,0,9071,77621,0,0,0,1023,10,20,0,1048576,0,0,0,inf,inf,1.1300354,0.822509766,23,8,105,43,16,46,26,141,64,286
438,1,3978,7569,3,512,512,0,0,0,619,7069,246016,119233,126783,126783,0,9865,109368,0,0,0,1023,10,20,0,1048576,0,0,0,inf,inf,1.3140564,0.734832764,4,10,5,11,38,6,62,3,30,11
439,1,3221,7569,3,512,512,0,0,0,544,5854,204736,70254,134482,134482,0,6013,64241,0,0,0,1023,10,20,0,1048576,0,0,0,inf,inf,1.45227051,0.811630249,5,9,5,7,25,70,6,13,4,5
440,1,4426,7569,3,512,512,0,0,0,589,8179,280576,165751,114825,114825,0,11647,154104,0,0,0,1023,10,20,0,1048576,0,0,0,inf,inf,1.43344116,1.01828003,13,120,121,27,57,17,17,250,86,166
441,1,4503,7569,3,512,512,0,0,0,560,8426,287552,110893,176659,176659,0,7322,103571,0,0,0,1023,10,20,0,1048576,0,0,0,inf,inf,2.05000305,1.03588867,7,8,10,5,8,4,6,9,48,10
442,1,3036,7569,3,512,512,0,0,0,552,5471,192736,83575,109161,109161,0,8176,75399,0,0,0,1023,10,20,0,1048576,0,0,0,inf,inf,1.49729919,1.00154114,5,9,4,5,53,9,1,47,47,241
443,1,1720,7569,3,512,512,0,0,0,528,2900,109696,41453,68243,68243,0,3128,38325,0,0,0,1023,10,20,0,1048576,0,0,0,inf,inf,1.34111023,0.504943848,4,7,4,4,3,4,4,3,4,4
444,1,2439,7569,3,512,512,0,0,0,538,4309,155104,63803,91301,91301,0,6769,57034,0,0,0,1023,10,20,0,1048576,0,0,0,inf,inf,1.05441284,0.514190674,7,5,5,4,5,7,2,14,40,14
445,1,1887,7569,3,512,512,0,0,0,543,3227,120640,13265,107375,107375,0,1509,11756,0,0,0,1023,10,20,0,1048576,0,0,0,inf,inf,0.0436859131,0.000762939453,20,20,20,19,19,19,19,19,19,20
446,1,2686,7569,3,512,512,0,0,0,546,4780,170432,94112,76320,76320,0,9518,84594,0,0,0,1023,10,20,0,1048576,0,0,0,inf,inf,1.04917908,0.635253906,75,43,67,41,23,30,9,6,6,5
447,1,4138,7569,3,512,512,0,0,0,655,7574,263328,106696,156632,156632,0,8385,98311,0,0,0,1023,10,20,0,1048576,0,0,0,inf,inf,1.378479,0.628204346,10,16,26,25,45,23,6,6,9,9
448,1,4172,7569,3,512,512,0,0,0,564,7748,265984,127313,138671,138671,0,8589,118724,0,0,0,1023,10,20,0,1048576,0,0,0,inf,inf,1.56777954,0.862075806,9,10,9,5,25,15,44,61,19,9
449,1,7569,7569,1,512,438,74,2,74,436,14700,484352,160479,323873,323873,0,4566,155913,0,0,0,1023,10,20,0,1048576,0,0,0,inf,1.71531677,1.89569092,1.04359436,2,3,4,4,26,244,25,5,5,4
450,1,1636,7569,3,512,512,0,0,0,515,2746,104352,45790,58562,58562,0,7071,38719,0,0,0,1023,10,20,0,1048576,0,0,0,inf,inf,1.28799438,0.715042114,3,12,29,6,7,16,5,3,4,67
451,1,430,7569,3,512,512,0,0,0,529,328,27424,2655,24769,24769,0,1535,1120,0,0,0,1023,10,20,0,1048576,0,0,0,inf,inf,0.00494384766,0.000396728516,9,9,9,10,9,9,10,9,9,10
452,1,2094,7569,3,512,512,0,0,0,532,3641,133536,66723,66813,66813,0,8363,58360,0,0,0,1023,10,20,0,1048576,0,0,0,inf,inf,0.968933105,0.55859375,23,5,5,12,15,15,101,24,15,33
453,1,1700,7569,3,512,512,0,0,0,514,2883,108704,65571,43133,43133,0,9666,55905,0,0,0,1023,10,20,0,1048576,0,0,0,inf,inf,1.26478577,0.82208252,7,6,40,6,14,5,6,2,63,57
454,1,2606,7569,3,512,512,0,0,0,538,4643,165792,76432,89360,89360,0,8691,67741,0,0,0,1023,10,20,0,1048576,0,0,0,inf,inf,0.93989563,0.512542725,2,84,34,47,11,16,33,26,10,62
455,1,2432,7569,3,512,512,0,0,0,524,4334,155456,54470,100986,100986,0,6138,48332,0,0,0,1023,10,20,0,1048576,0,0,0,inf,inf,2.05091858,1.07159424,7,7,6,5,7,13,10,8,4,6
456,1,843,7569,3,512,512,0,0,0,513,1169,53824,14859,38965,38965,0,4249,10610,0,0,0,1023,10,20,0,1048576,0,0,0,inf,inf,0.73878479,0.349411011,2,2,2,3,7,3,9,6,10,10
457,1,381,7569,3,512,512,0,0,0,514,244,24256,8045,16211,16211,0,3372,4673,0,0,0,1023,10,20,0,1048576,0,0,0,inf,inf,0.990646362,0.317230225,3,3,4,3,3,2,4,4,3,4
458,0.899999976,1944,7569,3,512,512,0,0,0,533,3338,123872,72036,51836,51836,0,9664,62372,0,0,0,1023,10,20,0,1048576,0,0,0,inf,inf,1.246521,0.787597656,10,8,2,70,11,31,22,13,3,3
459,1,972,7569,3,512,512,0,0,0,521,1420,62112,33949,28163,28163,0,8633,25316,0,0,0,1023,10,20,0,1048576,0,0,0,inf,inf,1.43974304,0.771621704,7,6,7,7,7,7,7,8,6,8
460,1,2259,7569,3,512,512,0,0,0,537,3978,144480,82486,61994,61994,0,9512,72974,0,0,0,1023,10,20,0,1048576,0,0,0,inf,inf,1.51379395,0.925354004,4,4,4,5,4,12,6,9,9,16
461,1,723,7569,3,512,512,0,0,0,515,928,46176,16715,29461,29461,0,4489,12226,0,0,0,1023,10,20,0,1048576,0,0,0,inf,inf,1.03645325,0.417449951,8,8,5,5,4,3,4,12,3,7
462,1,991,7569,3,512,512,0,0,0,530,1441,63072,21516,41556,41556,0,5771,15745,0,0,0,1023,10,20,0,1048576,0,0,0,inf,inf,1.44512939,0.92137146,5,7,10,10,18,9,20,14,19,6
463,1,1786,7569,3,512,512,0,0,0,537,2985,112704,46085,66619,66619,0,6067,40018,0,0,0,1023,10,20,0,1048576,0,0,0,inf,inf,1.68890381,1.05233765,4,4,6,2,61,6,12,8,81,4
464,1,2784,7569,3,512,512,0,0,0,584,4929,176416,100827,75589,75589,0,9733,91094,0,0,0,1023,10,20,0,1048576,0,0,0,inf,inf,1.28511047,0.856643677,14,5,24,28,16,10,65,71,12,2
465,1,1277,7569,3,512,512,0,0,0,530,2008,81216,50184,31032,31032,0,9463,40721,0,0,0,1023,10,20,0,1048576,0,0,0,inf,inf,1.0643158,0.71635437,14,24,2,14,31,3,4,27,12,21
466,1,1575,7569,3,512,512,0,0,0,519,2625,100608,54740,45868,45868,0,8580,46160,0,0,0,1023,10,20,0,1048576,0,0,0,inf,inf,1.40551758,0.913650513,11,3,2,6,5,25,5,27,9,45
467,1,2068,7569,3,512,512,0,0,0,525,3580,131360,83520,47840,47840,0,10767,72753,0,0,0,1023,10,20,0,1048576,0,0,0,inf,inf,1.29638672,0.883041382,2,8,7,23,11,521,4,4,12,3
468,1,1180,7569,3,512,512,0,0,0,514,1839,75296,47474,27822,27822,0,8899,38575,0,0,0,1023,10,20,0,1048576,0,0,0,inf,inf,1.2543335,0.766174316,8,7,8,3,4,7,11,85,46,86
469,1,677,7569,3,512,512,0,0,0,513,838,43232,12176,31056,31056,0,3819,8357,0,0,0,1023,10,20,0,1048576,0,0,0,inf,inf,1.09559631,0.393539429,6,4,5,6,5,5,5,7,4,3
470,1,3087,7569,3,512,512,0,0,0,563,5577,196480,97101,99379,99379,0,8959,88142,0,0,0,1023,10,20,0,1048576,0,0,0,inf,inf,1.16833496,0.658477783,30,4,10,5,5,33,30,161,74,29
471,0.899999976,942,7569,3,512,512,0,0,0,526,1354,60160,21500,38660,38660,0,5774,15726,0,0,0,1023,10,20,0,1048576,0,0,0,inf,inf,0.975646973,0.410598755,2,2,0,2,8,8,8,2,6,0
472,1,1500,7569,3,512,512,0,0,0,518,2461,95328,48157,47171,47171,0,8402,39755,0,0,0,1023,10,20,0,1048576,0,0,0,inf,inf,0.916381836,0.609985352,5,5,20,32,3,19,4,18,4,28
473,1,268,7569,3,512,512,0,0,0,517,16,17056,1428,15628,15628,0,1254,174,0,0,0,1023,10,20,0,1048576,0,0,0,inf,inf,0.0158233643,0.00129699707,3,3,3,3,3,3,3,3,2,3
474,1,1543,7569,3,512,512,0,0,0,514,2566,98560,57875,40685,40685,0,8566,49309,0,0,0,1023,10,20,0,1048576,0,0,0,inf,inf,1.19908142,0.840789795,28,18,56,13,29,41,4,60,60,12
475,1,1692,7569,3,512,512,0,0,0,532,2843,108000,61967,46033,46033,0,8496,53471,0,0,0,1023,10,20,0,1048576,0,0,0,inf,inf,1.52574158,1.07868958,18,25,12,521,19,85,3,51,66,59
476,1,2106,7569,3,512,512,0,0,0,525,3684,134688,33218,101470,101470,0,3997,29221,0,0,0,1023,10,20,0,1048576,0,0,0,inf,inf,1.98379517,0.366867065,11,11,11,13,10,11,15,13,13,11
477,1,1361,7569,3,512,512,0,0,0,529,2177,86592,53299,33293,33293,0,9742,43557,0,0,0,1023,10,20,0,1048576,0,0,0,inf,inf,0.959350586,0.595901489,13,5,13,12,1,25,24,9,1,40
478,1,2832,7569,3,512,512,0,0,0,542,5107,180768,99445,81323,81323,0,10017,89428,0,0,0,1023,10,20,0,1048576,0,0,0,inf,inf,1.22747803,0.798446655,6,15,10,25,2,10,7,10,155,6
479,1,1874,7569,3,512,512,0,0,0,552,3134,117952,61772,56180,56180,0,9657,52115,0,0,0,1023,10,20,0,1048576,0,0,0,inf,inf,1.51229858,1.04553223,52,28,24,4,6,7,125,12,121,5
480,1,1838,7569,3,512,512,0,0,0,537,3115,116864,56972,59892,59892,0,7445,49527,0,0,0,1023,10,20,0,1048576,0,0,0,inf,inf,1.10250854,0.608886719,12,8,7,3,18,7,38,12,4,48
481,1,2317,7569,3,512,512,0,0,0,515,4117,148224,82436,65788,65788,0,9430,73006,0,0,0,1023,10,20,0,1048576,0,0,0,inf,inf,1.05776978,0.68157959,7,39,6,13,25,60,77,19,113,19
482,1,2159,7569,3,512,512,0,0,0,552,3736,137216,77170,60046,60046,0,10292,66878,0,0,0,1023,10,20,0,1048576,0,0,0,inf,inf,1.57467651,1.06463623,5,4,7,32,27,27,27,11,67,7
483,1,2177,7569,3,512,512,0,0,0,543,3799,138944,71608,67336,67336,0,9446,62162,0,0,0,1023,10,20,0,1048576,0,0,0,inf,inf,1.29267883,0.863250732,13,13,12,2,4,39,5,58,1,20
484,0.899999976,1395,7569,3,512,512,0,0,0,521,2245,88512,54519,33993,33993,0,10293,44226,0,0,0,1023,10,20,0,1048576,0,0,0,inf,inf,1.41410828,1.09526062,16,6,22,8,6,4,36,17,19,2
485,1,2072,7569,3,512,512,0,0,0,527,3598,132000,59276,72724,72724,0,7328,51948,0,0,0,1023,10,20,0,1048576,0,0,0,inf,inf,1.109375,0.597442627,5,4,3,10,11,8,7,38,3,3
486,1,1729,7569,3,512,512,0,0,0,524,2902,109632,44117,65515,65515,0,5925,38192,0,0,0,1023,10,20,0,1048576,0,0,0,inf,inf,1.48860168,0.878967285,6,11,6,14,16,41,8,4,6,18
487,1,2049,7569,3,512,512,0,0,0,542,3554,131072,68356,62716,62716,0,8617,59739,0,0,0,1023,10,20,0,1048576,0,0,0,inf,inf,1.26379395,0.839309692,6,4,2,6,13,4,36,11,125,3
488,1,2386,7569,3,512,512,0,0,0,599,4171,152640,44915,107725,107725,0,5494,39421,0,0,0,1023,10,20,0,1048576,0,0,0,inf,inf,1.87974548,0.382171631,9,8,9,18,15,6,8,8,7,6
489,1,2308,7569,3,512,512,0,0,0,523,4085,147456,86985,60471,60471,0,9965,77020,0,0,0,1023,10,20,0,1048576,0,0,0,inf,inf,1.45773315,0.881439209,6,24,24,2,18,33,15,10,29,33
490,1,1957,7569,3,512,512,0,0,0,516,3392,125056,50453,74603,74603,0,6405,44048,0,0,0,1023,10,20,0,1048576,0,0,0,inf,inf,0.852615356,0.448944092,6,3,11,9,11,32,4,14,19,28
491,1,2317,7569,3,512,512,0,0,0,551,4060,147552,67659,79893,79893,0,7670,59989,0,0,0,1023,10,20,0,1048576,0,0,0,inf,inf,1.27456665,0.683990479,3,4,7,3,10,6,6,18,18,10
492,1,2112,7569,3,512,512,0,0,0,546,3625,133472,80949,52523,52523,0,9791,71158,0,0,0,1023,10,20,0,1048576,0,0,0,inf,inf,1.25952148,0.874588013,65,57,19,99,16,6,78,20,5,22
493,1,1515,7569,3,512,512,0,0,0,540,2478,96576,45015,51561,51561,0,7806,37209,0,0,0,1023,10,20,0,1048576,0,0,0,inf,inf,1.17721558,0.526031494,2,3,2,16,3,4,7,3,3,4
494,1,2574,7569,3,512,512,0,0,0,555,4565,163840,67349,96491,96491,0,7752,59597,0,0,0,1023,10,20,0,1048576,0,0,0,inf,inf,1.17926025,0.525848389,14,3,3,9,8,11,3,14,4,7
495,1,1733,7569,3,512,512,0,0,0,543,2860,108896,60826,48070,48070,0,8861,51965,0,0,0,1023,10,20,0,1048576,0,0,0,inf,inf,1.02407837,0.623703003,6,3,7,4,3,14,5,18,58,39
496,1,2223,7569,3,512,512,0,0,0,534,3896,141760,81637,60123,60123,0,10118,71519,0,0,0,1023,10,20,0,1048576,0,0,0,inf,inf,1.36679077,0.99937439,7,7,104,73,4,14,37,2,0,37
497,1,2074,7569,3,512,512,0,0,0,525,3621,132672,57344,75328,75328,0,7164,50180,0,0,0,1023,10,20,0,1048576,0,0,0,inf,inf,1.74992371,1.11820984,40,13,5,12,17,9,6,9,5,7
498,1,2163,7569,3,512,512,0,0,0,526,3797,138336,61500,76836,76836,0,7701,53799,0,0,0,1023,10,20,0,1048576,0,0,0,inf,inf,0.951797485,0.489089966,6,3,9,4,10,7,3,6,6,11
499,1,2225,7569,3,512,512,0,0,0,527,3919,142272,62378,79894,79894,0,8285,54093,0,0,0,1023,10,20,0,1048576,0,0,0,inf,inf,1.29243469,0.735671997,12,2,7,7,6,4,52,52,8,39
500,0.300000012,7569,7569,1,512,3,509,0,509,3,15133,484352,245468,238884,238884,0,9,245459,0,0,0,255,3,20,0,1048576,0,0,0,inf,1.43907166,1.48060608,inf,5,6,6,47,1833,2875,6031,5262,4294967295,4294967295
501,0,7569,7569,1,512,0,512,0,512,0,15136,484352,225357,258995,258995,0,4,225353,0,0,0,11,0,20,0,1048576,0,0,0,inf,1.91313171,1.97047424,inf,1969,1376,4294967295,7026,4294967295,4294967295,4294967295,4294967295,4294967295,4294967295
502,1,7569,7569,1,512,30,482,0,482,30,15106,484352,183966,300386,300386,0,54,183912,0,0,0,1023,10,20,0,1048576,0,0,0,inf,1.09519958,1.25480652,0.554870605,6,4,4,4,4,33,17,4,2,10
503,0.100000001,7569,7569,1,512,1,511,0,511,1,15135,484352,156400,327952,327952,0,18,156382,0,0,0,1023,1,20,0,1048576,0,0,0,inf,1.53842163,1.62017822,inf,116,42,911,2220,2438,2438,1030,1487,1285,491
504,1,7569,7569,1,512,20,492,0,492,21,15115,484352,147667,336685,336685,0,39,147628,0,0,0,1023,10,20,0,1048576,0,0,0,inf,1.55529785,1.6892395,0.485336304,8,7,8,8,7,9,8,8,8,8
505,0.5,7569,7569,1,512,5,507,0,507,5,15131,484352,246050,238302,238302,0,19,246031,0,0,0,1023,5,20,0,1048576,0,0,0,inf,1.31832886,1.43467712,inf,64,9,41,345,397,5852,34,5538,1046,3572
506,0.600000024,7569,7569,1,512,17,495,0,495,17,15119,484352,194852,289500,289500,0,96,194756,0,0,0,1023,10,20,0,1048576,0,0,0,inf,1.4972229,1.59666443,1.07411194,12,38,38,112,269,153,41,57,36,85
507,0.100000001,7569,7569,1,512,1,511,0,511,1,15135,484352,240692,243660,243660,0,13,240679,0,0,0,1007,1,20,0,1048576,0,0,0,inf,1.25808716,1.41456604,inf,1748,4209,1889,993,4294967295,722,2493,3918,6762,5163
508,0.5,7569,7569,1,512,13,499,0,499,13,15123,484352,248731,235621,235621,0,58,248673,0,0,0,1023,10,20,0,1048576,0,0,0,inf,1.2568512,1.53598022,1.28045654,7,9,331,600,234,296,366,365,365,601
509,0,7569,7569,1,512,0,512,0,512,0,15136,484352,211918,272434,272434,0,9,211909,0,0,0,219,0,20,0,1048576,0,0,0,inf,1.63807678,1.6942749,inf,1493,1548,4294967295,5324,5331,4294967295,3479,2388,4294967295,4294967295
510,0.300000012,7569,7569,1,512,6,506,0,506,6,15130,484352,232194,252158,252158,0,37,232157,0,0,0,511,6,20,0,1048576,0,0,0,inf,1.60691833,1.73588562,inf,102,123,26,519,216,462,160,606,216,4294967295
511,0,7569,7569,1,512,0,512,0,512,0,15136,484352,220906,263446,263446,0,11,220895,0,0,0,446,0,20,0,1048576,0,0,0,inf,1.63430786,1.79402161,inf,4294967295,760,4507,3155,3198,2710,4294967295,6498,6764,4294967295
512,0.600000024,7569,7569,1,512,21,491,0,491,21,15115,484352,183592,300760,300760,0,101,183491,0,0,0,1023,10,20,0,1048576,0,0,0,inf,1.46815491,1.75857544,0.930648804,6,9,20,23,45,26,11,15,36,241
513,0.5,7569,7569,1,512,8,504,1,504,7,15129,484352,270461,213891,213891,0,41,270420,0,0,0,1007,8,20,0,1048576,0,0,0,inf,1.66531372,1.75593567,inf,106,110,271,111,4294967295,1220,3564,4376,88,2334
514,0,7569,7569,1,512,0,512,0,512,0,15136,484352,63966,420386,420386,0,0,63966,0,0,0,0,0,20,0,1048576,0,0,0,inf,1.91159058,1.91908264,inf,4294967295,4294967295,4294967295,4294967295,4294967295,4294967295,4294967295,4294967295,4294967295,4294967295
515,1,7569,7569,1,512,52,460,0,460,52,15084,484352,156866,327486,327486,0,100,156766,0,0,0,1023,10,20,0,1048576,0,0,0,inf,1.65882874,1.76478577,0.318481445,5,6,5,6,6,6,4,5,7,5
516,0,7569,7569,1,512,0,512,0,512,0,15136,484352,254772,229580,229580,0,1,254771,0,0,0,1,0,20,0,1048576,0,0,0,inf,1.54850769,1.62055969,inf,1319,4294967295,4294967295,4294967295,4294967295,4294967295,4294967295,4294967295,4294967295,4294967295
517,0.300000012,7569,7569,1,512,8,504,0,504,8,15128,484352,228188,256164,256164,0,67,228121,0,0,0,1023,8,20,0,1048576,0,0,0,inf,1.55436707,1.63272095,inf,14,30,16,176,176,16,75,41,58,970
518,0,7569,7569,1,512,0,512,0,512,0,15136,484352,184221,300131,300131,0,3,184218,0,0,0,259,0,20,0,1048576,0,0,0,inf,1.39219666,1.46426392,inf,555,3918,4294967295,4294967295,4294967295,4294967295,4294967295,4294967295,5367,4294967295
519,0.400000006,7569,7569,1,512,4,508,0,508,4,15132,484352,208176,276176,276176,0,10,208166,0,0,0,1023,4,20,0,1048576,0,0,0,inf,1.24078369,1.40887451,inf,17,940,2004,771,4841,6165,4234,4265,3992,4086
520,0.200000003,7569,7569,1,512,10,502,0,502,10,15126,484352,154163,330189,330189,0,91,154072,0,0,0,1023,10,20,0,1048576,0,0,0,inf,0.913269043,1.1209259,1.02412415,490,100,30,356,178,182,521,818,1929,204
521,0,7569,7569,1,512,0,512,0,512,0,15136,484352,193618,290734,290734,0,2,193616,0,0,0,17,0,20,0,1048576,0,0,0,inf,1.69412231,1.77325439,inf,586,4294967295,4294967295,4294967295,4422,4294967295,4294967295,4294967295,4294967295,4294967295
522,0.400000006,7569,7569,1,512,10,502,0,502,10,15126,484352,268520,215832,215832,0,93,268427,0,0,0,1023,10,20,0,1048576,0,0,0,inf,1.50842285,1.56576538,1.46246338,385,221,529,181,144,181,2283,499,1040,2283
523,0.200000003,7569,7569,1,512,2,510,0,510,2,15134,484352,257758,226594,226594,0,17,257741,0,0,0,511,2,20,0,1048576,0,0,0,inf,1.63198853,1.7147522,inf,10,42,42,1489,1793,1793,3824,4148,2206,4294967295
524,0.100000001,7569,7569,1,512,1,511,0,511,1,15135,484352,188586,295766,295766,0,8,188578,0,0,0,639,1,20,0,1048576,0,0,0,inf,1.27616882,1.34576416,inf,166,4180,4675,1048,5970,6235,6271,4294967295,4294967295,1703
525,0.100000001,7569,7569,1,512,1,511,0,511,1,15135,484352,256794,227558,227558,0,12,256782,0,0,0,663,1,20,0,1048576,0,0,0,inf,1.41423035,1.55665588,inf,615,1097,7241,4294967295,1501,4294967295,4294967295,1866,4294967295,2075
526,0,7569,7569,1,512,0,512,0,512,0,15136,484352,197623,286729,286729,0,7,197616,0,0,0,63,0,20,0,1048576,0,0,0,inf,1.24345398,1.32627869,inf,1151,1409,92,6376,3832,7234,4294967295,4294967295,4294967295,4294967295
527,0,7569,7569,1,512,0,512,0,512,0,15136,484352,231779,252573,252573,0,4,231775,0,0,0,263,0,20,0,1048576,0,0,0,inf,1.48182678,1.58181763,inf,752,1696,1696,4294967295,4294967295,4294967295,4294967295,4294967295,5317,4294967295
528,0,7569,7569,1,512,0,512,0,512,0,15136,484352,208032,276320,276320,0,4,208028,0,0,0,15,0,20,0,1048576,0,0,0,inf,1.91278076,2.05308533,inf,40,11,11,569,4294967295,4294967295,4294967295,4294967295,4294967295,4294967295
529,0.100000001,7569,7569,1,512,1,511,0,511,1,15135,484352,255237,229115,229115,0,17,255220,0,0,0,569,1,20,0,1048576,0,0,0,inf,1.35925293,1.52639771,inf,305,4294967295,4294967295,710,4205,1580,4294967295,4294967295,4294967295,5666
530,0.400000006,7569,7569,1,512,4,508,0,508,4,15132,484352,249961,234391,234391,0,30,249931,0,0,0,1023,4,20,0,1048576,0,0,0,inf,1.63902283,1.83139038,inf,9,636,1147,874,272,454,454,2685,3226,1087
531,0.800000012,7569,7569,1,512,12,500,0,500,12,15124,484352,256125,228227,228227,0,58,256067,0,0,0,1023,10,20,0,1048576,0,0,0,inf,1.56761169,1.71508789,1.51246643,30,6,15,28,131,255,398,398,393,144
532,1,7569,7569,1,512,45,467,0,467,45,15091,484352,165655,318697,318697,0,173,165482,0,0,0,1023,10,20,0,1048576,0,0,0,inf,1.608078,1.69126892,0.581390381,8,7,7,8,5,12,8,5,9,74
533,0.300000012,7569,7569,1,512,3,509,1,509,2,15134,484352,251238,233114,233114,0,11,251227,0,0,0,63,3,20,0,1048576,0,0,0,inf,1.51052856,1.57266235,inf,620,4436,3098,7120,5797,3826,4294967295,4294967295,4294967295,4294967295
534,0.100000001,7569,7569,1,512,1,511,0,511,1,15135,484352,213843,270509,270509,0,26,213817,0,0,0,1002,1,20,0,1048576,0,0,0,inf,2.18438721,2.29238892,inf,4294967295,3683,4294967295,4655,4294967295,2074,6322,2221,7454,6021
535,0.699999988,7569,7569,1,512,16,496,1,496,15,15121,484352,225539,258813,258813,0,95,225444,0,0,0,1023,10,20,0,1048576,0,0,0,inf,1.66763306,1.71711731,1.53569031,95,121,66,17,214,232,96,175,96,96
536,0,7569,7569,1,512,0,512,0,512,0,15136,484352,247739,236613,236613,0,19,247720,0,0,0,473,0,20,0,1048576,0,0,0,inf,1.59700012,1.69113159,inf,193,4294967295,4294967295,1432,3598,4294967295,796,4271,1283,4294967295
537,0,7569,7569,1,512,0,512,0,512,0,15136,484352,111988,372364,372364,0,0,111988,0,0,0,0,0,20,0,1048576,0,0,0,inf,1.93704224,1.94796753,inf,4294967295,4294967295,4294967295,4294967295,4294967295,4294967295,4294967295,4294967295,4294967295,4294967295
538,1,7569,7569,1,512,37,475,0,475,37,15099,484352,187847,296505,296505,0,140,187707,0,0,0,1023,10,20,0,1048576,0,0,0,inf,1.415802,1.50796509,0.560852051,3,6,53,4,5,54,35,7,52,4
539,0.100000001,7569,7569,1,512,1,511,0,511,1,15135,484352,184943,299409,299409,0,1,184942,0,0,0,1,1,20,0,1048576,0,0,0,inf,1.33729553,1.47756958,inf,15,4294967295,4294967295,4294967295,4294967295,4294967295,4294967295,4294967295,4294967295,4294967295
540,1,7569,7569,1,512,54,458,0,458,54,15082,484352,202119,282233,282233,0,181,201938,0,0,0,1023,10,20,0,1048576,0,0,0,inf,1.53636169,1.5982666,0.798019409,6,28,21,7,11,7,22,142,15,159
541,1,7569,7569,1,512,33,479,0,479,33,15103,484352,264158,220194,220194,0,83,264075,0,0,0,1023,10,20,0,1048576,0,0,0,inf,1.35917664,1.6812439,1.03775024,5,6,6,6,9,7,6,10,141,7
542,1,7569,7569,1,512,24,488,0,488,24,15112,484352,236265,248087,248087,0,68,236197,0,0,0,1023,10,20,0,1048576,0,0,0,inf,1.47444153,1.5940094,0.95866394,48,49,14,14,33,91,16,89,21,18
543,1,7569,7569,1,512,49,463,0,463,49,15087,484352,186010,298342,298342,0,102,185908,0,0,0,1023,10,20,0,1048576,0,0,0,inf,1.50016785,1.60241699,0.503921509,4,4,4,5,5,13,26,10,5,5
544,0.100000001,7569,7569,1,512,1,511,0,511,1,15135,484352,174873,309479,309479,0,10,174863,0,0,0,383,1,20,0,1048576,0,0,0,inf,1.28305054,1.38034058,inf,1193,1199,4397,3890,6211,5963,3101,4294967295,6446,4294967295
545,0,7569,7569,1,512,0,512,0,512,0,15136,484352,61938,422414,422414,0,0,61938,0,0,0,0,0,20,0,1048576,0,0,0,inf,1.85552979,1.86810303,inf,4294967295,4294967295,4294967295,4294967295,4294967295,4294967295,4294967295,4294967295,4294967295,4294967295
546,0.400000006,7569,7569,1,512,5,507,0,507,5,15131,484352,275736,208616,208616,0,48,275688,0,0,0,959,5,20,0,1048576,0,0,0,inf,1.43417358,1.53533936,inf,8,20,20,344,70,83,4294967295,4587,559,772
547,1,7569,7569,1,512,58,454,0,454,58,15078,484352,49301,435051,435051,0,111,49190,0,0,0,1023,10,20,0,1048576,0,0,0,inf,0.898788452,0.909072876,0.539810181,16,18,16,17,17,17,16,17,19,16
548,0.400000006,7569,7569,1,512,12,500,0,500,12,15124,484352,166352,318000,318000,0,96,166256,0,0,0,1023,10,20,0,1048576,0,0,0,inf,1.36820984,1.53549194,1.431427,386,107,249,465,397,245,14,266,76,114
549,0.200000003,7569,7569,1,512,2,510,0,510,2,15134,484352,241298,243054,243054,0,27,241271,0,0,0,383,2,20,0,1048576,0,0,0,inf,1.25242615,1.38922119,inf,297,106,3572,1330,231,281,2693,4294967295,627,4294967295
550,0,7569,7569,1,512,0,512,0,512,0,15136,484352,205205,279147,279147,0,4,205201,0,0,0,29,0,20,0,1048576,0,0,0,inf,1.2870636,1.42147827,inf,438,4294967295,5950,4711,6938,4294967295,4294967295,4294967295,4294967295,4294967295
551,0,7569,7569,1,512,0,512,0,512,0,15136,484352,221062,263290,263290,0,5,221057,0,0,0,23,0,20,0,1048576,0,0,0,inf,1.24349976,1.30833435,inf,371,371,1420,4294967295,7363,4294967295,4294967295,4294967295,4294967295,4294967295
552,1,7569,7569,1,512,35,477,0,477,35,15101,484352,245054,239298,239298,0,79,244975,0,0,0,1023,10,20,0,1048576,0,0,0,inf,1.51423645,1.56802368,0.563415527,8,8,7,9,9,8,7,8,9,12
553,0.400000006,7569,7569,1,512,5,507,0,507,5,15131,484352,183282,301070,301070,0,19,183263,0,0,0,1023,5,20,0,1048576,0,0,0,inf,1.25418091,1.35845947,inf,199,0,200,162,161,312,7170,1314,1714,1129
554,0.5,7569,7569,1,512,6,506,0,506,6,15130,484352,231316,253036,253036,0,43,231273,0,0,0,1023,6,20,0,1048576,0,0,0,inf,1.31837463,1.4468689,inf,7,43,1063,4425,913,308,2905,1538,656,492
555,0,7569,7569,1,512,0,512,0,512,0,15136,484352,179252,305100,305100,0,2,179250,0,0,0,3,0,20,0,1048576,0,0,0,inf,1.16955566,1.38212585,inf,1868,1868,4294967295,4294967295,4294967295,4294967295,4294967295,4294967295,4294967295,4294967295
556,0.5,7569,7569,1,512,5,507,0,507,5,15131,484352,269981,214371,214371,0,14,269967,0,0,0,511,5,20,0,1048576,0,0,0,inf,1.53701782,1.72761536,inf,3,2,3,46,140,135,2762,135,49,4294967295
557,0,7569,7569,1,512,0,512,0,512,0,15136,484352,178328,306024,306024,0,6,178322,0,0,0,53,0,20,0,1048576,0,0,0,inf,2.07484436,2.08961487,inf,2031,4294967295,5088,4294967295,6743,6743,4294967295,4294967295,4294967295,4294967295
558,0,7569,7569,1,512,0,512,0,512,0,15136,484352,157426,326926,326926,0,7,157419,0,0,0,415,0,20,0,1048576,0,0,0,inf,0.735061646,1.11628723,inf,29,251,1069,429,1308,4294967295,4294967295,2477,2477,4294967295
559,0.300000012,7569,7569,1,512,3,509,0,509,3,15133,484352,149321,335031,335031,0,27,149294,0,0,0,1023,3,20,0,1048576,0,0,0,inf,1.45802307,1.68270874,inf,5,7,1344,2120,2171,2007,2413,3757,3586,3668
560,0.899999976,7569,7569,1,512,23,489,0,489,23,15113,484352,277464,206888,206888,0,70,277394,0,0,0,1023,10,20,0,1048576,0,0,0,inf,1.49584961,1.65364075,1.34544373,68,1076,1076,343,139,12,29,595,368,719
561,0,7569,7569,1,512,0,512,0,512,0,15136,484352,254729,229623,229623,0,6,254723,0,0,0,795,0,20,0,1048576,0,0,0,inf,1.28233337,1.36183167,inf,83,1321,4294967295,1285,1077,4294967295,4294967295,4294967295,7444,4923
562,0.200000003,7569,7569,1,512,2,510,0,510,2,15134,484352,207411,276941,276941,0,8,207403,0,0,0,383,2,20,0,1048576,0,0,0,inf,1.32901001,1.44410706,inf,14,316,3402,1321,2848,2790,4117,4294967295,3128,4294967295
563,0.5,7569,7569,1,512,5,507,0,507,5,15131,484352,105326,379026,379026,0,9,105317,0,0,0,383,5,20,0,1048576,0,0,0,inf,1.41125488,1.42192078,inf,4,4,4,5,4,24,69,4294967295,2963,4294967295
564,0.699999988,7569,7569,1,512,16,496,0,496,16,15120,484352,273241,211111,211111,0,111,273130,0,0,0,767,10,20,0,1048576,0,0,0,inf,1.58059692,1.72801208,1.45677185,134,1462,373,12,88,135,135,136,4294967295,115
565,0.600000024,7569,7569,1,512,28,484,1,484,27,15109,484352,199256,285096,285096,0,104,199152,0,0,0,1023,10,20,0,1048576,0,0,0,inf,1.52593994,1.67279053,1.24858093,7,29,21,103,106,391,103,37,37,23
566,0,7569,7569,1,512,0,512,0,512,0,15136,484352,239334,245018,245018,0,5,239329,0,0,0,527,0,20,0,1048576,0,0,0,inf,1.64399719,1.70524597,inf,783,96,2293,5348,4294967295,4294967295,4294967295,4294967295,4294967295,2249
567,1,7569,7569,1,512,51,461,0,461,51,15085,484352,234969,249383,249383,0,164,234805,0,0,0,1023,10,20,0,1048576,0,0,0,inf,1.74334717,1.89849854,0.958648682,4,5,5,5,4,4,7,3,8,5
568,0.100000001,7569,7569,1,512,1,511,0,511,1,15135,484352,156688,327664,327664,0,15,156673,0,0,0,575,1,20,0,1048576,0,0,0,inf,1.89762878,1.99584961,inf,7,2624,1708,7320,3055,3581,4294967295,4294967295,4294967295,7034
569,0,7569,7569,1,512,0,512,0,512,0,15136,484352,251437,232915,232915,0,7,251430,0,0,0,409,0,20,0,1048576,0,0,0,inf,1.29180908,1.34701538,inf,1251,4294967295,4294967295,6070,6070,4294967295,4294967295,1475,5159,4294967295
570,0.400000006,7569,7569,1,512,4,508,0,508,4,15132,484352,254285,230067,230067,0,17,254268,0,0,0,767,4,20,0,1048576,0,0,0,inf,1.41842651,1.49053955,inf,9,8,8,609,1929,2149,1632,5405,4294967295,2614
571,0.300000012,7569,7569,1,512,3,509,0,509,3,15133,484352,267364,216988,216988,0,29,267335,0,0,0,767,3,20,0,1048576,0,0,0,inf,1.33894348,1.50657654,inf,491,300,681,593,213,3481,1784,2754,4294967295,84
572,0.200000003,7569,7569,1,512,3,509,0,509,3,15133,484352,217752,266600,266600,0,40,217712,0,0,0,895,3,20,0,1048576,0,0,0,inf,1.53001404,1.59317017,inf,7,678,553,553,702,1111,1111,4294967295,835,956
573,1,7569,7569,1,512,26,486,0,486,26,15110,484352,239116,245236,245236,0,122,238994,0,0,0,1023,10,20,0,1048576,0,0,0,inf,1.42965698,1.48483276,0.997833252,34,9,9,31,57,218,741,490,637,269
574,0.600000024,7569,7569,1,512,13,499,1,499,12,15124,484352,186744,297608,297608,0,58,186686,0,0,0,1023,10,20,0,1048576,0,0,0,inf,1.53567505,1.60064697,1.43579102,3,3,23,6,26,4,8,113,74,54
575,0,7569,7569,1,512,0,512,0,512,0,15136,484352,195252,289100,289100,0,4,195248,0,0,0,39,0,20,0,1048576,0,0,0,inf,1.72151184,1.7978363,inf,966,1799,6549,4294967295,4294967295,1625,4294967295,4294967295,4294967295,4294967295
576,0.400000006,7569,7569,1,512,4,508,0,508,4,15132,484352,233163,251189,251189,0,45,233118,0,0,0,1023,4,20,0,1048576,0,0,0,inf,1.54904175,1.62132263,inf,165,2,683,272,76,1309,40,1322,800,593
577,0.100000001,7569,7569,1,512,1,511,0,511,1,15135,484352,236713,247639,247639,0,14,236699,0,0,0,815,1,20,0,1048576,0,0,0,inf,1.29226685,1.45010376,inf,26,161,1140,2686,4294967295,4112,4294967295,4294967295,3347,4994
578,0,7569,7569,1,512,0,512,0,512,0,15136,484352,219509,264843,264843,0,7,219502,0,0,0,313,0,20,0,1048576,0,0,0,inf,1.3331604,1.49699402,inf,1136,4294967295,4294967295,4159,4344,4344,4294967295,4294967295,6606,4294967295
579,0.100000001,7569,7569,1,512,1,511,0,511,1,15135,484352,162367,321985,321985,0,20,162347,0,0,0,1023,1,20,0,1048576,0,0,0,inf,1.46452332,1.61747742,inf,178,1568,856,150,1934,2064,2564,2370,2524,1528
580,0.300000012,7569,7569,1,512,3,509,0,509,3,15133,484352,199232,285120,285120,0,33,199199,0,0,0,1023,3,20,0,1048576,0,0,0,inf,1.06427002,1.28468323,inf,206,1184,116,517,3893,1784,530,1506,2201,1952
581,1,7569,7569,1,512,38,474,1,474,37,15099,484352,169640,314712,314712,0,174,169466,0,0,0,1023,10,20,0,1048576,0,0,0,inf,1.6574707,1.79586792,0.705566406,19,4,26,86,26,59,100,33,48,82
582,1,7569,7569,1,512,32,480,0,480,32,15104,484352,172582,311770,311770,0,123,172459,0,0,0,1023,10,20,0,1048576,0,0,0,inf,1.3868866,1.57759094,0.680969238,14,7,48,37,24,30,69,21,3,24
583,0,7569,7569,1,512,0,512,0,512,0,15136,484352,163860,320492,320492,0,10,163850,0,0,0,567,0,20,0,1048576,0,0,0,inf,1.86445618,1.89053345,inf,640,1227,1569,4294967295,325,1313,4294967295,4294967295,4294967295,3917
584,0,7569,7569,1,512,0,512,0,512,0,15136,484352,180459,303893,303893,0,3,180456,0,0,0,13,0,20,0,1048576,0,0,0,inf,1.40960693,1.6234436,inf,64,4294967295,5447,5447,4294967295,4294967295,4294967295,4294967295,4294967295,4294967295
585,0.200000003,7569,7569,1,512,2,510,0,510,2,15134,484352,263499,220853,220853,0,24,263475,0,0,0,831,2,20,0,1048576,0,0,0,inf,1.51687622,1.62179565,inf,269,645,2609,62,1349,173,4294967295,4294967295,507,1633
586,0,7569,7569,1,512,0,512,0,512,0,15136,484352,261386,222966,222966,0,4,261382,0,0,0,401,0,20,0,1048576,0,0,0,inf,1.6655426,1.79403687,inf,10,4294967295,4294967295,4294967295,2752,4294967295,4294967295,761,1729,4294967295
587,0.200000003,7569,7569,1,512,2,510,0,510,2,15134,484352,274520,209832,209832,0,23,274497,0,0,0,639,2,20,0,1048576,0,0,0,inf,1.55693054,1.70220947,inf,8,1667,4541,342,4636,1347,2513,4294967295,4294967295,1633
588,0.100000001,7569,7569,1,512,1,511,0,511,1,15135,484352,274408,209944,209944,0,18,274390,0,0,0,1023,1,20,0,1048576,0,0,0,inf,1.2762146,1.4707489,inf,821,3354,758,2095,860,354,1724,1724,6828,6138
589,0.300000012,7569,7569,1,512,18,494,1,494,17,15119,484352,177245,307107,307107,0,88,177157,0,0,0,1023,10,20,0,1048576,0,0,0,inf,1.1685791,1.28297424,0.95098877,177,75,695,118,67,215,326,826,219,714
590,0.899999976,7569,7569,1,512,14,498,0,498,14,15122,484352,279464,204888,204888,0,82,279382,0,0,0,1023,10,20,0,1048576,0,0,0,inf,1.42062378,1.54670715,1.36195374,64,13,45,45,483,366,65,15,468,65
591,0.5,7569,7569,1,489,6,483,0,483,6,15130,484352,165411,318941,318941,0,20,165391,0,0,0,1023,6,20,0,1048576,0,0,0,inf,1.65063477,1.99880981,inf,33,1115,620,1381,1083,1536,48,769,2071,1030
592,0,7569,7569,1,512,0,512,0,512,0,15136,484352,228615,255737,255737,0,11,228604,0,0,0,439,0,20,0,1048576,0,0,0,inf,1.29196167,1.46650696,inf,986,1264,3701,4294967295,846,5739,4294967295,4546,6398,4294967295
593,0.300000012,7569,7569,1,512,3,509,0,509,3,15133,484352,198212,286140,286140,0,11,198201,0,0,0,239,3,20,0,1048576,0,0,0,inf,1.48951721,1.57157898,inf,358,1866,2326,4233,4294967295,2320,4527,7369,4294967295,4294967295
594,0.300000012,7569,7569,1,511,3,508,0,508,3,15133,484352,101512,382840,382840,0,4,101508,0,0,0,15,3,20,0,1048576,0,0,0,inf,1.47520447,1.49134827,inf,7,58,245,1154,4294967295,4294967295,4294967295,4294967295,4294967295,4294967295
595,0,7569,7569,1,512,0,512,0,512,0,15136,484352,77519,406833,406833,0,4,77515,0,0,0,23,0,20,0,1048576,0,0,0,inf,2.1555481,2.16873169,inf,1047,211,1030,4294967295,918,4294967295,4294967295,4294967295,4294967295,4294967295
596,0.600000024,7569,7569,1,512,21,491,0,491,21,15115,484352,161157,323195,323195,0,120,161037,0,0,0,1023,10,20,0,1048576,0,0,0,inf,1.58818054,1.70677185,1.16897583,11,44,78,114,124,8,61,175,62,34
597,0.5,7569,7569,1,512,6,506,1,506,5,15131,484352,194138,290214,290214,0,26,194112,0,0,0,1023,6,20,0,1048576,0,0,0,inf,1.4941864,1.64613342,inf,29,259,440,746,98,718,2357,1905,768,2656
598,0.400000006,7569,7569,1,512,4,508,0,508,4,15132,484352,253702,230650,230650,0,26,253676,0,0,0,1023,4,20,0,1048576,0,0,0,inf,1.47883606,1.51673889,inf,86,69,443,324,887,443,6749,6748,3687,1184
599,0,7569,7569,1,512,0,512,0,512,0,15136,484352,226720,257632,257632,0,5,226715,0,0,0,31,0,20,0,1048576,0,0,0,inf,1.42774963,1.483078,inf,906,1511,321,376,3238,4294967295,4294967295,4294967295,4294967295,4294967295
600,0,7569,7569,1,512,0,512,0,512,0,15136,484352,208413,275939,275939,0,8,208405,0,0,0,317,0,20,0,1048576,0,0,0,inf,1.45193481,1.55053711,inf,386,4294967295,520,2484,2592,1079,4294967295,4294967295,5348,4294967295
601,0.200000003,7569,7569,1,512,2,510,0,510,2,15134,484352,188856,295496,295496,0,10,188846,0,0,0,255,2,20,0,1048576,0,0,0,inf,1.60784912,1.70587158,inf,122,668,463,935,3203,598,1295,963,4294967295,4294967295
602,0.200000003,7569,7569,1,512,2,510,0,510,2,15134,484352,249290,235062,235062,0,48,249242,0,0,0,1015,2,20,0,1048576,0,0,0,inf,1.55204773,1.63412476,inf,182,3778,170,4294967295,438,295,363,129,2547,798
603,0.100000001,7569,7569,1,512,1,511,0,511,1,15135,484352,156141,328211,328211,0,24,156117,0,0,0,767,1,20,0,1048576,0,0,0,inf,1.24932861,1.3818512,inf,101,1015,222,1231,1744,3776,926,2290,4294967295,2275
604,0,7569,7569,1,512,0,512,0,512,0,15136,484352,67906,416446,416446,0,0,67906,0,0,0,0,0,20,0,1048576,0,0,0,inf,1.47914124,1.48713684,inf,4294967295,4294967295,4294967295,4294967295,4294967295,4294967295,4294967295,4294967295,4294967295,4294967295
605,0,7569,7569,1,512,0,512,0,512,0,15136,484352,191943,292409,292409,0,16,191927,0,0,0,511,0,20,0,1048576,0,0,0,inf,1.1342926,1.33283997,inf,2202,2202,1642,2490,1801,2190,2935,2942,5053,4294967295
606,0.5,7569,7569,1,512,20,492,0,492,20,15116,484352,139606,344746,344746,0,172,139434,0,0,0,1023,10,20,0,1048576,0,0,0,inf,1.40649414,1.41545105,1.10450745,23,32,35,264,93,245,441,191,30,1659
607,0.200000003,7569,7569,1,512,2,510,0,510,2,15134,484352,214236,270116,270116,0,19,214217,0,0,0,1023,2,20,0,1048576,0,0,0,inf,1.4834137,1.55104065,inf,248,53,486,53,53,297,4720,2774,2514,2184
608,0.100000001,7569,7569,1,512,1,511,0,511,1,15135,484352,285164,199188,199188,0,33,285131,0,0,0,695,1,20,0,1048576,0,0,0,inf,1.53257751,1.61399841,inf,984,435,4481,4294967295,317,237,4294967295,2501,4294967295,2670
609,0.100000001,7569,7569,1,506,1,505,0,505,1,15135,484352,179264,305088,305088,0,10,179254,0,0,0,511,1,20,0,1048576,0,0,0,inf,1.485672,2.10314941,inf,19,19,2189,1316,2717,1932,390,2189,3090,4294967295
610,1,7569,7569,1,512,35,477,0,477,35,15101,484352,224384,259968,259968,0,182,224202,0,0,0,1023,10,20,0,1048576,0,0,0,inf,1.7908783,1.86930847,0.994125366,6,6,7,5,6,7,7,7,7,7
611,0.899999976,7569,7569,1,512,27,485,0,485,27,15109,484352,185159,299193,299193,0,121,185038,0,0,0,1023,10,20,0,1048576,0,0,0,inf,1.50959778,1.67611694,0.929611206,4,7,51,7,33,35,29,90,128,115
612,0.100000001,7569,7569,1,512,1,511,0,511,1,15135,484352,248701,235651,235651,0,6,248695,0,0,0,23,1,20,0,1048576,0,0,0,inf,1.48254395,1.57125854,inf,529,914,119,4294967295,4196,4294967295,4294967295,4294967295,4294967295,4294967295
613,0.200000003,7569,7569,1,512,2,510,0,510,2,15134,484352,272024,212328,212328,0,12,272012,0,0,0,55,2,20,0,1048576,0,0,0,inf,1.58166504,1.69184875,inf,1593,4589,6694,4294967295,525,740,4294967295,4294967295,4294967295,4294967295
614,0.400000006,7569,7569,1,512,4,508,0,508,4,15132,484352,225598,258754,258754,0,10,225588,0,0,0,1023,4,20,0,1048576,0,0,0,inf,1.186203,1.2631073,inf,249,1020,1865,1037,321,2044,1841,1537,935,935
615,1,7569,7569,1,512,103,409,0,409,103,15033,484352,141516,342836,342836,0,296,141220,0,0,0,1023,10,20,0,1048576,0,0,0,inf,1.68089294,1.7727356,0.492507935,4,4,4,5,4,4,5,7,7,11
616,0,7569,7569,1,512,0,512,0,512,0,15136,484352,264626,219726,219726,0,12,264614,0,0,0,951,0,20,0,1048576,0,0,0,inf,1.47711182,1.58207703,inf,127,167,610,4294967295,5265,3595,4294967295,4270,3852,3917
617,0,7569,7569,1,512,0,512,0,512,0,15136,484352,215109,269243,269243,0,7,215102,0,0,0,47,0,20,0,1048576,0,0,0,inf,1.62767029,1.70109558,inf,858,2872,5714,1561,4294967295,4542,4294967295,4294967295,4294967295,4294967295
618,0.200000003,7569,7569,1,512,3,509,0,509,3,15133,484352,194188,290164,290164,0,24,194164,0,0,0,1023,3,20,0,1048576,0,0,0,inf,1.18577576,1.29917908,inf,82,528,713,66,66,181,760,577,617,2888
619,1,7569,7569,1,512,36,476,0,476,36,15100,484352,217500,266852,266852,0,242,217258,0,0,0,1023,10,20,0,1048576,0,0,0,inf,1.58587646,1.69287109,1.01123047,6,33,168,10,16,10,21,334,41,169
620,0.200000003,7569,7569,1,512,2,510,0,510,2,15134,484352,194474,289878,289878,0,11,194463,0,0,0,935,2,20,0,1048576,0,0,0,inf,1.99136353,2.04432678,inf,11,26,2596,4294967295,4294967295,1892,4294967295,4972,1458,892
621,0.100000001,7569,7569,1,512,16,496,0,496,16,15120,484352,162167,322185,322185,0,118,162049,0,0,0,1023,10,20,0,1048576,0,0,0,inf,1.48387146,1.63572693,1.33839417,25,9,327,546,221,117,123,402,428,903
622,0.699999988,7569,7569,1,512,10,502,0,502,10,15126,484352,264705,219647,219647,0,38,264667,0,0,0,1023,10,20,0,1048576,0,0,0,inf,1.54743958,1.65544128,1.51107788,58,31,146,73,315,292,115,478,257,81
623,0.100000001,7569,7569,1,512,1,511,0,511,1,15135,484352,247928,236424,236424,0,16,247912,0,0,0,311,1,20,0,1048576,0,0,0,inf,1.46336365,1.58630371,inf,2877,1370,2116,4294967295,3768,2254,4294967295,4294967295,2471,4294967295
624,0.400000006,7569,7569,1,512,5,507,0,507,5,15131,484352,249312,235040,235040,0,55,249257,0,0,0,1023,5,20,0,1048576,0,0,0,inf,1.36772156,1.5335083,inf,9,69,546,124,543,65,69,77,260,606
625,1,7569,7569,1,512,54,458,1,458,53,15083,484352,220702,263650,263650,0,251,220451,0,0,0,1023,10,20,0,1048576,0,0,0,inf,1.65638733,1.76931763,1.1289978,1,2,2,2,38,66,13,39,78,34
626,0,7569,7569,1,512,0,512,0,512,0,15136,484352,208946,275406,275406,0,5,208941,0,0,0,23,0,20,0,1048576,0,0,0,inf,1.3868866,1.39988708,inf,557,557,2430,4294967295,2929,4294967295,4294967295,4294967295,4294967295,4294967295
627,0.400000006,7569,7569,1,512,36,476,1,476,35,15101,484352,237516,246836,246836,0,184,237332,0,0,0,1023,10,20,0,1048576,0,0,0,inf,1.27801514,1.38900757,1.03947449,29,22,140,20,16,16,193,31,91,192
628,0.300000012,7569,7569,1,512,3,509,0,509,3,15133,484352,218556,265796,265796,0,20,218536,0,0,0,959,3,20,0,1048576,0,0,0,inf,1.4798584,1.61633301,inf,3,2,335,335,6790,125,4294967295,1515,724,2990
629,0.899999976,7569,7569,1,512,33,479,0,479,33,15103,484352,231652,252700,252700,0,250,231402,0,0,0,1023,10,20,0,1048576,0,0,0,inf,1.68637085,1.81869507,1.40504456,9,7,10,90,51,295,23,59,59,39
630,0.600000024,7569,7569,1,512,6,506,0,506,6,15130,484352,256501,227851,227851,0,37,256464,0,0,0,1023,6,20,0,1048576,0,0,0,inf,1.34988403,1.43771362,inf,138,1976,1592,1592,7130,216,7415,214,1878,3205
631,0,7569,7569,1,512,0,512,0,512,0,15136,484352,259664,224688,224688,0,7,259657,0,0,0,554,0,20,0,1048576,0,0,0,inf,1.40927124,1.62303162,inf,4294967295,4494,4294967295,5447,4294967295,625,4294967295,4294967295,4294967295,7320
632,0.300000012,7569,7569,1,512,5,507,0,507,5,15131,484352,284380,199972,199972,0,62,284318,0,0,0,1023,5,20,0,1048576,0,0,0,inf,1.45787048,1.71739197,inf,5,152,290,225,156,376,5354,246,102,3184
633,0.300000012,7569,7569,1,512,4,508,0,508,4,15132,484352,242854,241498,241498,0,70,242784,0,0,0,1023,4,20,0,1048576,0,0,0,inf,1.56217957,1.64865112,inf,80,1580,1243,130,79,879,1648,3511,1581,1143
634,0.100000001,7569,7569,1,512,1,511,0,511,1,15135,484352,275041,209311,209311,0,22,275019,0,0,0,319,1,20,0,1048576,0,0,0,inf,1.50270081,1.76335144,inf,50,6643,1204,4381,4018,3384,4294967295,4294967295,7508,4294967295
635,0.300000012,7569,7569,1,512,5,507,0,507,5,15131,484352,237187,247165,247165,0,77,237110,0,0,0,1023,5,20,0,1048576,0,0,0,inf,1.36964417,1.40853882,inf,71,71,1236,915,915,1969,688,1571,451,456
636,0,7569,7569,1,512,0,512,0,512,0,15136,484352,209453,274899,274899,0,4,209449,0,0,0,131,0,20,0,1048576,0,0,0,inf,1.61755371,1.66905212,inf,1396,5137,4294967295,4294967295,4294967295,4294967295,4294967295,1411,4294967295,4294967295
637,0.400000006,7569,7569,1,512,4,508,0,508,4,15132,484352,236458,247894,247894,0,16,236442,0,0,0,1015,4,20,0,1048576,0,0,0,inf,1.22796631,1.30047607,inf,10,570,230,4294967295,2474,5271,6514,939,5093,5093
638,0.100000001,7569,7569,1,512,1,511,0,511,1,15135,484352,215934,268418,268418,0,22,215912,0,0,0,1023,1,20,0,1048576,0,0,0,inf,1.47320557,1.68380737,inf,38,333,242,242,156,996,996,996,996,612
639,0.200000003,7569,7569,1,512,2,510,1,510,1,15135,484352,247686,236666,236666,0,26,247660,0,0,0,1023,2,20,0,1048576,0,0,0,inf,1.26956177,1.44737244,inf,183,790,6170,132,4116,1714,7098,6081,1700,2843
640,0,7569,7569,1,507,0,507,0,507,0,15136,484352,74412,409940,409940,0,1,74411,0,0,0,1,0,20,0,1048576,0,0,0,inf,1.66322327,1.67337036,inf,699,4294967295,4294967295,4294967295,4294967295,4294967295,4294967295,4294967295,4294967295,4294967295
641,0.100000001,7569,7569,1,512,1,511,0,511,1,15135,484352,169203,315149,315149,0,2,169201,0,0,0,17,1,20,0,1048576,0,0,0,inf,1.72386169,2.06399536,inf,3068,4294967295,4294967295,4294967295,3316,4294967295,4294967295,4294967295,4294967295,4294967295
642,0.300000012,7569,7569,1,512,3,509,0,509,3,15133,484352,246504,237848,237848,0,12,246492,0,0,0,511,3,20,0,1048576,0,0,0,inf,1.40319824,1.47941589,inf,10,577,40,2290,1855,2548,2989,708,3069,4294967295
643,0.899999976,7569,7569,1,508,41,467,0,467,41,15095,484352,117036,367316,367316,0,210,116826,0,0,0,1023,10,20,0,1048576,0,0,0,inf,2.31860352,2.32962036,1.00732422,3,2,2,4,38,17,3,3,3,50
644,0.300000012,7569,7569,1,512,4,508,0,508,4,15132,484352,245684,238668,238668,0,62,245622,0,0,0,999,4,20,0,1048576,0,0,0,inf,1.46984863,1.54269409,inf,197,479,2392,4294967295,4294967295,1970,794,1862,1862,5335
645,0.200000003,7569,7569,1,512,2,510,0,510,2,15134,484352,207610,276742,276742,0,4,207606,0,0,0,83,2,20,0,1048576,0,0,0,inf,1.1285553,1.27293396,inf,217,5542,4294967295,4294967295,4566,4294967295,7299,4294967295,4294967295,4294967295
646,0.200000003,7569,7569,1,512,3,509,0,509,3,15133,484352,225156,259196,259196,0,32,225124,0,0,0,1023,3,20,0,1048576,0,0,0,inf,1.30253601,1.55409241,inf,47,83,491,374,660,2137,6370,865,189,596
647,0,7569,7569,1,512,0,512,0,512,0,15136,484352,258132,226220,226220,0,18,258114,0,0,0,679,0,20,0,1048576,0,0,0,inf,1.2071228,1.25909424,inf,8,185,629,4294967295,4294967295,14,4294967295,3836,4294967295,1762
648,0.200000003,7569,7569,1,512,2,510,0,510,2,15134,484352,153603,330749,330749,0,8,153595,0,0,0,31,2,20,0,1048576,0,0,0,inf,1.7313385,1.8493042,inf,4751,5186,3640,3950,6412,4294967295,4294967295,4294967295,4294967295,4294967295
649,0,7569,7569,1,512,0,512,0,512,0,15136,484352,242166,242186,242186,0,8,242158,0,0,0,47,0,20,0,1048576,0,0,0,inf,1.44702148,1.52626038,inf,1872,4506,1500,6435,4294967295,6435,4294967295,4294967295,4294967295,4294967295
650,0.600000024,7569,7569,1,512,10,502,0,502,10,15126,484352,259412,224940,224940,0,106,259306,0,0,0,1023,10,20,0,1048576,0,0,0,inf,1.44328308,1.49386597,1.42445374,12,91,476,395,395,398,398,568,320,600
651,0.200000003,7569,7569,1,512,2,510,0,510,2,15134,484352,204209,280143,280143,0,20,204189,0,0,0,895,2,20,0,1048576,0,0,0,inf,1.72787476,1.74266052,inf,26,3302,1586,2285,3096,891,5198,4294967295,2191,1431
652,0,7569,7569,1,512,0,512,0,512,0,15136,484352,224969,259383,259383,0,17,224952,0,0,0,895,0,20,0,1048576,0,0,0,inf,1.78395081,1.98287964,inf,77,106,1816,2804,752,1616,2410,4294967295,5220,593
653,0,7569,7569,1,512,0,512,0,512,0,15136,484352,227842,256510,256510,0,8,227834,0,0,0,515,0,20,0,1048576,0,0,0,inf,1.81085205,1.88804626,inf,1500,3345,4294967295,4294967295,4294967295,4294967295,4294967295,4294967295,4294967295,3156
654,1,7569,7569,1,512,17,495,0,495,17,15119,484352,168450,315902,315902,0,47,168403,0,0,0,1023,10,20,0,1048576,0,0,0,inf,1.84312439,1.99497986,0.771514893,3,3,2,5,2,6,5,6,43,8
655,0.200000003,7569,7569,1,512,2,510,0,510,2,15134,484352,258734,225618,225618,0,16,258718,0,0,0,247,2,20,0,1048576,0,0,0,inf,1.40959167,1.53924561,inf,3934,1664,3457,4294967295,4578,5855,5855,4076,4294967295,4294967295
656,0.300000012,7569,7569,1,512,3,509,0,509,3,15133,484352,204041,280311,280311,0,13,204028,0,0,0,511,3,20,0,1048576,0,0,0,inf,1.91189575,1.98167419,inf,2,134,163,4922,1089,4589,3342,6475,7184,4294967295
657,1,7569,7569,1,512,22,490,0,490,22,15114,484352,256150,228202,228202,0,182,255968,0,0,0,1023,10,20,0,1048576,0,0,0,inf,1.52455139,1.64489746,1.14115906,9,12,8,10,21,542,10,16,13,114
658,0.200000003,7569,7569,1,512,2,510,0,510,2,15134,484352,202092,282260,282260,0,47,202045,0,0,0,1023,2,20,0,1048576,0,0,0,inf,1.30912781,1.49894714,inf,61,487,669,60,347,3843,3187,1206,1186,956
659,0.400000006,7569,7569,1,512,4,508,0,508,4,15132,484352,256062,228290,228290,0,21,256041,0,0,0,1023,4,20,0,1048576,0,0,0,inf,1.26287842,1.3625946,inf,128,379,587,3661,1298,5000,7335,4213,7368,6504
660,1,7569,7569,1,512,252,260,0,260,252,14884,484352,161536,322816,322816,0,573,160963,0,0,0,1023,10,20,0,1048576,0,0,0,inf,1.7104187,1.8213501,0.478561401,3,9,6,3,5,3,6,3,3,5
661,0,7569,7569,1,512,2,510,0,510,2,15134,484352,215008,269344,269344,0,88,214920,0,0,0,1023,2,20,0,1048576,0,0,0,inf,1.50723267,1.66403198,inf,182,302,773,913,138,80,543,1377,765,1809
662,1,7569,7569,1,512,44,468,0,468,44,15092,484352,157606,326746,326746,0,107,157499,0,0,0,1023,10,20,0,1048576,0,0,0,inf,1.65559387,1.7339325,0.412948608,8,9,12,10,9,35,6,12,10,20
663,1,7569,7569,1,512,49,463,0,463,49,15087,484352,226014,258338,258338,0,206,225808,0,0,0,1023,10,20,0,1048576,0,0,0,inf,1.55575562,1.79072571,1.00538635,6,5,20,11,6,6,17,28,9,6
664,0,7569,7569,1,512,0,512,0,512,0,15136,484352,232927,251425,251425,0,17,232910,0,0,0,891,1,20,0,1048576,0,0,0,inf,1.3399353,1.42321777,inf,288,165,4294967295,1302,759,5440,3295,4294967295,3466,4941
665,0.100000001,7569,7569,1,512,1,511,0,511,1,15135,484352,159044,325308,325308,0,5,159039,0,0,0,579,1,20,0,1048576,0,0,0,inf,1.09486389,1.22674561,inf,97,6778,4294967295,4294967295,4294967295,4294967295,4045,4294967295,4294967295,3390
666,0.300000012,7569,7569,1,512,4,508,0,508,4,15132,484352,172297,312055,312055,0,63,172234,0,0,0,1023,4,20,0,1048576,0,0,0,inf,1.03578186,1.2890625,inf,12,103,79,606,301,625,870,34,1882,2004
667,0.200000003,7569,7569,1,512,2,510,0,510,2,15134,484352,239414,244938,244938,0,22,239392,0,0,0,1022,2,20,0,1048576,0,0,0,inf,1.38082886,1.56867981,inf,4294967295,3732,316,1054,613,2268,1262,3729,6532,460
668,0.5,7569,7569,1,512,5,507,0,507,5,15131,484352,191239,293113,293113,0,29,191210,0,0,0,1023,5,20,0,1048576,0,0,0,inf,1.45010376,1.52081299,inf,10,10,405,726,157,326,5644,6683,722,4115
669,0.200000003,7569,7569,1,512,3,509,0,509,3,15133,484352,199663,284689,284689,0,49,199614,0,0,0,1023,3,20,0,1048576,0,0,0,inf,1.51399231,1.60119629,inf,72,2086,2087,1477,420,420,1739,2545,2124,2185
670,0,7569,7569,1,512,0,512,0,512,0,15136,484352,255164,229188,229188,0,6,255158,0,0,0,312,0,20,0,1048576,0,0,0,inf,1.17507935,1.32627869,inf,4294967295,4294967295,4294967295,667,3933,3476,4294967295,4294967295,3872,4294967295
671,0.400000006,7569,7569,1,512,4,508,0,508,4,15132,484352,56623,427729,427729,0,12,56611,0,0,0,511,4,20,0,1048576,0,0,0,inf,0.869552612,0.878112793,inf,9,37,429,248,591,841,855,1077,1122,4294967295
672,1,7569,7569,1,512,23,489,0,489,23,15113,484352,183084,301268,301268,0,127,182957,0,0,0,1023,10,20,0,1048576,0,0,0,inf,1.48712158,1.59451294,0.84336853,5,4,5,6,10,6,10,4,25,40
673,0.5,7569,7569,1,512,5,507,0,507,5,15131,484352,207059,277293,277293,0,45,207014,0,0,0,1023,5,20,0,1048576,0,0,0,inf,1.81620789,1.88453674,inf,215,112,112,789,7,899,466,3645,6926,4695
674,0.100000001,7569,7569,1,512,1,511,0,511,1,15135,484352,243396,240956,240956,0,33,243363,0,0,0,1023,1,20,0,1048576,0,0,0,inf,1.5528717,1.62716675,inf,27,337,87,3101,1591,1128,1886,945,945,2719
675,0.100000001,7569,7569,1,512,1,511,0,511,1,15135,484352,211266,273086,273086,0,21,211245,0,0,0,987,1,20,0,1048576,0,0,0,inf,1.08634949,1.24729919,inf,3632,327,4294967295,1769,138,4294967295,610,4155,1708,3726
676,0.600000024,7569,7569,1,512,10,502,0,502,10,15126,484352,240458,243894,243894,0,87,240371,0,0,0,1023,10,20,0,1048576,0,0,0,inf,1.82182312,1.85339355,1.77249146,8,41,2228,2228,1020,2010,1458,1822,2330,5815
677,1,7569,7569,1,512,47,465,0,465,47,15089,484352,240139,244213,244213,0,239,239900,0,0,0,1023,10,20,0,1048576,0,0,0,inf,1.46871948,1.56660461,1.08126831,137,67,137,138,115,40,182,44,200,62
678,0.600000024,7569,7569,1,510,31,479,0,479,31,15105,484352,250304,234048,234048,0,402,249902,0,0,0,1023,10,20,0,1048576,0,0,0,inf,1.53485107,1.55215454,1.25311279,12,6,57,25,172,61,291,6,67,201
679,1,7569,7569,1,512,45,467,0,467,45,15091,484352,144304,340048,340048,0,181,144123,0,0,0,1023,10,20,0,1048576,0,0,0,inf,1.30464172,1.59336853,0.69770813,4,3,3,4,2,6,8,3,7,3
680,0.5,7569,7569,1,512,10,502,0,502,10,15126,484352,246767,237585,237585,0,70,246697,0,0,0,511,10,20,0,1048576,0,0,0,inf,1.37025452,1.53128052,1.48895264,58,58,84,40,344,40,128,2004,214,4294967295
681,0.100000001,7569,7569,1,512,1,511,0,511,1,15135,484352,256152,228200,228200,0,38,256114,0,0,0,1022,1,20,0,1048576,0,0,0,inf,1.48152161,1.58811951,inf,4294967295,889,782,6103,3185,3404,1761,2009,4091,5426
682,0.600000024,7569,7569,1,512,20,492,1,492,19,15117,484352,241873,242479,242479,0,159,241714,0,0,0,1023,10,20,0,1048576,0,0,0,inf,1.51100159,1.58628845,1.30607605,21,198,656,729,197,2104,199,93,197,1489
683,0.100000001,7569,7569,1,512,1,511,0,511,1,15135,484352,163150,321202,321202,0,7,163143,0,0,0,695,1,20,0,1048576,0,0,0,inf,1.47625732,1.64349365,inf,181,1923,5177,4294967295,5468,4984,4294967295,5893,4294967295,4390
684,0,7569,7569,1,512,0,512,0,512,0,15136,484352,224584,259768,259768,0,10,224574,0,0,0,639,0,20,0,1048576,0,0,0,inf,1.80143738,1.87921143,inf,1418,2483,1965,6821,4795,4311,5381,4294967295,4294967295,6444
685,1,7569,7569,1,512,66,446,0,446,66,15070,484352,236802,247550,247550,0,261,236541,0,0,0,1023,10,20,0,1048576,0,0,0,inf,1.22149658,1.53781128,0.759109497,2,3,3,4,4,4,11,4,4,3
686,1,7569,7569,1,512,268,244,0,244,268,14868,484352,183154,301198,301198,0,613,182541,0,0,0,1023,10,20,0,1048576,0,0,0,inf,1.59588623,1.60536194,0.452819824,3,3,3,4,3,3,5,4,5,4
687,0.100000001,7569,7569,1,512,1,511,0,511,1,15135,484352,213017,271335,271335,0,10,213007,0,0,0,575,1,20,0,1048576,0,0,0,inf,1.42256165,1.51713562,inf,32,454,687,5719,1810,2110,4294967295,4294967295,4294967295,5174
688,0.300000012,7569,7569,1,512,5,507,0,507,5,15131,484352,176671,307681,307681,0,34,176637,0,0,0,895,5,20,0,1048576,0,0,0,inf,1.270401,1.43487549,inf,37,958,175,846,1317,320,4691,4294967295,2185,1057
689,0.899999976,7569,7569,1,512,43,469,0,469,43,15093,484352,165768,318584,318584,0,190,165578,0,0,0,1023,10,20,0,1048576,0,0,0,inf,1.60627747,1.78015137,0.723617554,7,9,42,21,23,43,11,24,44,19
690,0.300000012,7569,7569,1,512,16,496,0,496,16,15120,484352,219102,265250,265250,0,144,218958,0,0,0,1023,10,20,0,1048576,0,0,0,inf,1.36601257,1.46542358,1.20367432,41,29,42,9,510,210,6,277,258,122
691,0.300000012,7569,7569,1,512,9,503,0,503,9,15127,484352,246768,237584,237584,0,125,246643,0,0,0,1023,9,20,0,1048576,0,0,0,inf,1.46264648,1.61677551,inf,50,12,31,241,16,806,337,6784,530,530
692,0.300000012,7569,7569,1,512,3,509,0,509,3,15133,484352,212333,272019,272019,0,29,212304,0,0,0,1023,3,20,0,1048576,0,0,0,inf,1.32844543,1.4254303,inf,5,40,1145,1155,1295,759,3140,5409,2154,1015
693,0.200000003,7569,7569,1,512,3,509,0,509,3,15133,484352,279183,205169,205169,0,33,279150,0,0,0,1023,3,20,0,1048576,0,0,0,inf,1.49102783,1.55899048,inf,1,664,914,664,703,407,2950,682,1467,2870
694,0,7569,7569,1,512,0,512,0,512,0,15136,484352,235783,248569,248569,0,22,235761,0,0,0,989,0,20,0,1048576,0,0,0,inf,1.31840515,1.42681885,inf,984,4294967295,5280,2133,3119,4294967295,6772,5570,5033,2703
695,0.200000003,7569,7569,1,512,2,510,1,510,1,15135,484352,265984,218368,218368,0,19,265965,0,0,0,499,2,20,0,1048576,0,0,0,inf,1.360672,1.54637146,inf,1522,2287,4294967295,4294967295,6182,6435,6271,830,2125,4294967295
696,0,7569,7569,1,512,0,512,0,512,0,15136,484352,212741,271611,271611,0,22,212719,0,0,0,895,0,20,0,1048576,0,0,0,inf,1.48329163,1.58695984,inf,138,250,215,1422,1651,1977,1035,4294967295,745,5127
697,0.100000001,7569,7569,1,512,1,511,0,511,1,15135,484352,224184,260168,260168,0,25,224159,0,0,0,1023,1,20,0,1048576,0,0,0,inf,1.28170776,1.496521,inf,120,153,1699,1117,3808,3201,841,516,5932,736
698,1,7569,7569,1,512,45,467,0,467,45,15091,484352,264715,219637,219637,0,309,264406,0,0,0,1023,10,20,0,1048576,0,0,0,inf,1.60670471,1.72367859,1.13809204,3,13,329,329,25,10,46,39,274,39
699,0.200000003,7569,7569,1,512,2,510,0,510,2,15134,484352,263273,221079,221079,0,59,263214,0,0,0,575,2,20,0,1048576,0,0,0,inf,1.68606567,1.74906921,inf,14,20,79,964,208,450,4294967295,4294967295,4294967295,2824
700,0.300000012,7569,7569,1,512,6,506,0,506,6,15130,484352,151333,333019,333019,0,46,151287,0,0,0,1023,6,20,0,1048576,0,0,0,inf,0.945007324,1.24754333,inf,52,86,132,273,85,118,681,636,1406,747
701,0.600000024,7569,7569,1,512,11,501,3,501,8,15128,484352,251429,232923,232923,0,89,251340,0,0,0,1023,10,20,0,1048576,0,0,0,inf,1.36512756,1.4568634,1.44758606,8,325,636,112,362,1644,315,2571,1645,2369
702,0.100000001,7569,7569,1,512,1,511,0,511,1,15135,484352,101681,382671,382671,0,12,101669,0,0,0,207,1,20,0,1048576,0,0,0,inf,2.14801025,2.17160034,inf,1780,1138,2183,1593,4294967295,4294967295,894,1091,4294967295,4294967295
703,0.200000003,7569,7569,1,512,9,503,0,503,9,15127,484352,227468,256884,256884,0,159,227309,0,0,0,1023,9,20,0,1048576,0,0,0,inf,1.66687012,1.72676086,inf,6,40,88,265,265,342,342,1422,114,977
704,0.100000001,7569,7569,1,512,1,511,0,511,1,15135,484352,222005,262347,262347,0,29,221976,0,0,0,511,1,20,0,1048576,0,0,0,inf,1.51194763,1.56863403,inf,12,1399,1903,505,2868,1088,3742,2180,2180,4294967295
705,0.699999988,7569,7569,1,512,25,487,3,487,22,15114,484352,175513,308839,308839,0,221,175292,0,0,0,1023,10,20,0,1048576,0,0,0,inf,1.47167969,1.74415588,1.28919983,5,3,35,52,68,235,674,529,179,741
706,0.300000012,7569,7569,1,509,3,506,0,506,3,15133,484352,245448,238904,238904,0,31,245417,0,0,0,767,3,20,0,1048576,0,0,0,inf,1.85107422,1.8656311,inf,3,36,237,168,132,1023,132,1417,4294967295,1401
707,0.899999976,7569,7569,1,511,10,501,0,501,10,15126,484352,137540,346812,346812,0,104,137436,0,0,0,1023,10,20,0,1048576,0,0,0,inf,1.48873901,1.49900818,1.38479614,602,338,232,1139,688,1331,896,724,724,2498
708,0.800000012,7569,7569,1,512,10,502,0,502,10,15126,484352,177125,307227,307227,0,24,177101,0,0,0,1023,10,20,0,1048576,0,0,0,inf,1.65966797,1.78401184,1.67790222,1,2,2,2,2,2,10,36,21,73
709,0.100000001,7569,7569,1,512,1,511,0,511,1,15135,484352,231649,252703,252703,0,12,231637,0,0,0,447,1,20,0,1048576,0,0,0,inf,1.33233643,1.43109131,inf,20,128,854,4086,848,1030,4294967295,4338,4762,4294967295
710,0.600000024,7569,7569,1,512,9,503,0,503,9,15127,484352,251132,233220,233220,0,104,251028,0,0,0,767,9,20,0,1048576,0,0,0,inf,1.68765259,1.74211121,inf,1715,112,1159,901,528,60,5411,5410,4294967295,2972
711,1,7569,7569,1,512,32,480,2,480,30,15106,484352,257664,226688,226688,0,123,257541,0,0,0,1023,10,20,0,1048576,0,0,0,inf,1.23190308,1.51596069,0.916381836,7,8,9,8,8,10,10,9,8,35
712,0.699999988,7569,7569,1,512,93,419,0,419,93,15043,484352,189948,294404,294404,0,567,189381,0,0,0,1023,10,20,0,1048576,0,0,0,inf,1.91485596,1.98162842,1.48875427,5,6,3,117,239,238,234,249,420,23
713,0.300000012,7569,7569,1,512,3,509,0,509,3,15133,484352,168815,315537,315537,0,13,168802,0,0,0,511,3,20,0,1048576,0,0,0,inf,1.96798706,2.12557983,inf,2307,3847,4151,3048,2453,5444,3322,3666,3917,4294967295
714,0.300000012,7569,7569,1,512,4,508,0,508,4,15132,484352,234139,250213,250213,0,44,234095,0,0,0,1023,4,20,0,1048576,0,0,0,inf,1.50479126,1.58790588,inf,110,153,1058,2061,117,682,3041,716,716,229
715,0.400000006,7569,7569,1,512,4,508,0,508,4,15132,484352,184348,300004,300004,0,38,184310,0,0,0,1023,4,20,0,1048576,0,0,0,inf,1.62408447,1.77062988,inf,22,35,117,29,108,814,538,2095,3284,3243
716,0.400000006,7569,7569,1,512,4,508,0,508,4,15132,484352,183962,300390,300390,0,9,183953,0,0,0,639,4,20,0,1048576,0,0,0,inf,1.92362976,2.1089325,inf,4,3,3,4,477,1663,971,4294967295,4294967295,4102
717,0.899999976,7569,7569,1,512,16,496,0,496,16,15120,484352,196113,288239,288239,0,39,196074,0,0,0,1023,10,20,0,1048576,0,0,0,inf,1.39868164,1.48908997,0.635116577,4,5,5,5,7,6,6,7,6,6
718,0.200000003,7569,7569,1,512,2,510,0,510,2,15134,484352,268195,216157,216157,0,30,268165,0,0,0,895,2,20,0,1048576,0,0,0,inf,1.25881958,1.33854675,inf,284,198,1544,427,503,2198,5073,4294967295,3785,6552
719,0.100000001,7569,7569,1,512,1,511,0,511,1,15135,484352,191003,293349,293349,0,27,190976,0,0,0,383,1,20,0,1048576,0,0,0,inf,1.27603149,1.35191345,inf,793,840,1385,3071,4018,6814,2046,4294967295,3143,4294967295
720,1,7569,7569,1,512,44,468,0,468,44,15092,484352,273100,211252,211252,0,163,272937,0,0,0,1023,10,20,0,1048576,0,0,0,inf,1.60440063,1.63349915,0.914764404,3,2,4,3,2,5,3,5,3,4
721,0.699999988,7569,7569,1,512,18,494,0,494,18,15118,484352,174075,310277,310277,0,77,173998,0,0,0,1023,10,20,0,1048576,0,0,0,inf,1.39633179,1.47663879,1.05474854,7,3,29,52,12,18,277,584,1452,2144
722,1,7569,7569,1,512,45,467,1,467,44,15092,484352,264671,219681,219681,0,279,264392,0,0,0,1023,10,20,0,1048576,0,0,0,inf,1.40995789,1.54704285,0.799438477,4,3,6,5,3,5,6,4,2,4
723,0.5,7569,7569,1,512,10,502,0,502,10,15126,484352,223841,260511,260511,0,74,223767,0,0,0,1023,10,20,0,1048576,0,0,0,inf,1.34519958,1.4379425,1.25558472,25,11,155,215,76,28,435,595,2907,3169
724,0.300000012,7569,7569,1,512,5,507,0,507,5,15131,484352,157189,327163,327163,0,47,157142,0,0,0,1023,5,20,0,1048576,0,0,0,inf,1.25134277,1.26820374,inf,1380,427,1592,427,925,167,695,5028,767,190
725,0.699999988,7569,7569,1,512,44,468,0,468,44,15092,484352,160835,323517,323517,0,393,160442,0,0,0,1023,10,20,0,1048576,0,0,0,inf,1.4151001,1.59286499,0.910949707,34,78,78,242,20,381,180,265,60,381
726,0.400000006,7569,7569,1,512,8,504,0,504,8,15128,484352,188245,296107,296107,0,44,188201,0,0,0,1023,8,20,0,1048576,0,0,0,inf,1.74752808,1.81929016,inf,120,218,157,2359,1588,4091,5499,896,730,1992
727,1,7569,7569,1,512,32,480,0,480,32,15104,484352,260626,223726,223726,0,104,260522,0,0,0,1023,10,20,0,1048576,0,0,0,inf,1.52642822,1.61460876,0.927871704,6,5,10,7,4,5,7,7,17,18
728,1,7569,7569,1,512,59,453,0,453,59,15077,484352,251882,232470,232470,0,358,251524,0,0,0,1023,10,20,0,1048576,0,0,0,inf,1.55270386,1.60794067,1.07788086,5,5,4,19,11,6,12,8,20,5
729,1,7569,7569,1,512,41,471,0,471,41,15095,484352,190310,294042,294042,0,136,190174,0,0,0,1023,10,20,0,1048576,0,0,0,inf,1.07368469,1.20030212,0.559326172,10,2,3,3,9,2,6,6,4,3
730,0.400000006,7569,7569,1,512,6,506,0,506,6,15130,484352,219476,264876,264876,0,43,219433,0,0,0,1023,6,20,0,1048576,0,0,0,inf,1.46026611,1.54119873,inf,29,276,139,284,1096,330,1631,703,2309,1630
731,0.300000012,7569,7569,1,512,3,509,0,509,3,15133,484352,194685,289667,289667,0,13,194672,0,0,0,255,3,20,0,1048576,0,0,0,inf,1.60466003,1.64730835,inf,173,868,5926,4130,1624,5882,1700,1338,4294967295,4294967295
732,0.400000006,7569,7569,1,512,4,508,0,508,4,15132,484352,232664,251688,251688,0,42,232622,0,0,0,959,4,20,0,1048576,0,0,0,inf,1.83943176,1.91365051,inf,3,155,348,1281,110,6472,4294967295,859,5141,135
733,0,7569,7569,1,512,0,512,0,512,0,15136,484352,234675,249677,249677,0,19,234656,0,0,0,1021,0,20,0,1048576,0,0,0,inf,1.58984375,1.63005066,inf,348,4294967295,603,801,2742,350,1629,5383,1672,1728
734,0.300000012,7569,7569,1,512,3,509,0,509,3,15133,484352,126109,358243,358243,0,13,126096,0,0,0,1019,3,20,0,1048576,0,0,0,inf,1.50717163,1.67854309,inf,405,1472,4294967295,731,3121,801,6006,2218,2427,4594
735,0,7569,7569,1,512,0,512,0,512,0,15136,484352,217857,266495,266495,0,26,217831,0,0,0,507,0,20,0,1048576,0,0,0,inf,1.62294006,1.63639832,inf,512,1183,4294967295,1290,361,2496,2106,3554,3554,4294967295
736,1,7569,7569,1,512,78,434,0,434,78,15058,484352,258231,226121,226121,0,411,257820,0,0,0,1023,10,20,0,1048576,0,0,0,inf,1.1990509,1.32958984,0.76852417,7,4,4,3,4,4,36,5,5,15
737,1,7569,7569,1,512,493,19,0,19,494,14642,484352,159963,324389,324389,0,1338,158625,0,0,0,1023,10,20,0,1048576,0,0,0,inf,1.78219604,1.79711914,0.231399536,3,2,3,3,3,1,3,2,4,2
738,1,7569,7569,1,512,116,396,2,396,114,15022,484352,185102,299250,299250,0,635,184467,0,0,0,1023,10,20,0,1048576,0,0,0,inf,1.67385864,1.770401,0.547424316,4,17,4,7,6,6,23,12,44,26
739,0.400000006,7569,7569,1,512,8,504,1,504,7,15129,484352,175443,308909,308909,0,52,175391,0,0,0,1023,8,20,0,1048576,0,0,0,inf,1.64883423,1.78468323,inf,198,40,392,456,931,1774,717,1744,961,661
740,0.100000001,7569,7569,1,512,1,511,0,511,1,15135,484352,233764,250588,250588,0,65,233699,0,0,0,1023,1,20,0,1048576,0,0,0,inf,1.42182922,1.5085907,inf,145,459,347,513,534,389,997,981,436,2443
741,0.400000006,7569,7569,1,512,6,506,0,506,6,15130,484352,236992,247360,247360,0,57,236935,0,0,0,1023,6,20,0,1048576,0,0,0,inf,1.37409973,1.46270752,inf,1,3,83,1029,1029,2290,2054,1184,464,65
742,0.600000024,7569,7569,1,512,6,506,0,506,6,15130,484352,259988,224364,224364,0,27,259961,0,0,0,1023,6,20,0,1048576,0,0,0,inf,1.56433105,1.60426331,inf,2,1839,1254,46,1254,1783,1302,3395,5333,899
743,0,7569,7569,1,512,0,512,0,512,0,15136,484352,86272,398080,398080,0,13,86259,0,0,0,215,0,20,0,1048576,0,0,0,inf,1.39259338,1.41101074,inf,150,1138,864,4294967295,1021,4294967295,2606,1293,4294967295,4294967295
744,0.400000006,7569,7569,1,512,4,508,0,508,4,15132,484352,170218,314134,314134,0,18,170200,0,0,0,511,4,20,0,1048576,0,0,0,inf,1.07475281,1.1464386,inf,273,605,1890,2252,4295,1566,4239,2458,3308,4294967295
745,0.100000001,7569,7569,1,512,1,511,0,511,1,15135,484352,224787,259565,259565,0,21,224766,0,0,0,331,1,20,0,1048576,0,0,0,inf,2.08987427,2.14787292,inf,1537,2287,4294967295,6020,4294967295,4294967295,4814,4294967295,5242,4294967295
746,0.300000012,7569,7569,1,512,4,508,0,508,4,15132,484352,207322,277030,277030,0,43,207279,0,0,0,1023,4,20,0,1048576,0,0,0,inf,1.49098206,1.62390137,inf,14,14,1779,3932,6096,1816,1571,1191,2592,1874
747,0.300000012,7569,7569,1,512,3,509,0,509,3,15133,484352,226515,257837,257837,0,22,226493,0,0,0,891,3,20,0,1048576,0,0,0,inf,1.17547607,1.45678711,inf,126,4408,4294967295,4255,7326,1702,955,4294967295,4653,1411
748,1,7569,7569,1,512,112,400,0,400,112,15024,484352,246463,237889,237889,0,385,246078,0,0,0,1023,10,20,0,1048576,0,0,0,inf,1.62844849,1.8192749,0.686004639,3,3,3,8,9,3,2,3,3,10
749,0.300000012,7569,7569,1,512,5,507,0,507,5,15131,484352,199062,285290,285290,0,89,198973,0,0,0,1023,5,20,0,1048576,0,0,0,inf,1.60705566,1.72505188,inf,938,1228,1096,4377,3176,853,1477,5692,3278,3278
750,1,7569,7569,1,512,229,283,0,283,230,14906,484352,169819,314533,314533,0,689,169130,0,0,0,1023,10,20,0,1048576,0,0,0,inf,1.77882385,1.92185974,0.400314331,5,5,5,4,7,7,5,5,6,5
751,0.300000012,7569,7569,1,512,45,467,0,467,45,15091,484352,156214,328138,328138,0,478,155736,0,0,0,1023,10,20,0,1048576,0,0,0,inf,1.54928589,1.82214355,1.3155365,4,47,75,356,364,1308,223,435,1345,1704
752,0.200000003,7569,7569,1,512,3,509,0,509,3,15133,484352,255861,228491,228491,0,55,255806,0,0,0,1023,3,20,0,1048576,0,0,0,inf,1.2940979,1.40139771,inf,414,414,116,43,172,61,595,168,823,2237
753,0.400000006,7569,7569,1,512,7,505,0,505,7,15129,484352,182261,302091,302091,0,49,182212,0,0,0,1023,7,20,0,1048576,0,0,0,inf,1.52099609,1.79658508,inf,9,43,406,1577,495,23,912,3650,3088,1670
754,1,7569,7569,1,512,151,361,1,361,150,14986,484352,289152,195200,195200,0,530,288622,0,0,0,1023,10,20,0,1048576,0,0,0,inf,1.72663879,1.79351807,0.865310669,3,2,4,3,4,4,4,3,4,5
755,0.100000001,7569,7569,1,512,2,510,0,510,2,15134,484352,141273,343079,343079,0,25,141248,0,0,0,1023,2,20,0,1048576,0,0,0,inf,1.34034729,1.56155396,inf,70,305,864,208,208,1537,1108,1405,1054,4118
756,0.5,7569,7569,1,512,5,507,0,507,5,15131,484352,213640,270712,270712,0,67,213573,0,0,0,1023,5,20,0,1048576,0,0,0,inf,1.49179077,1.6088562,inf,718,3073,4926,2432,1292,5396,7244,2183,4905,3860
757,0.899999976,7569,7569,1,512,12,500,0,500,12,15124,484352,249364,234988,234988,0,57,249307,0,0,0,1023,10,20,0,1048576,0,0,0,inf,1.39768982,1.45825195,1.10855103,8,7,7,8,10,77,16,599,110,16
758,0.5,7569,7569,1,512,5,507,0,507,5,15131,484352,248845,235507,235507,0,51,248794,0,0,0,1007,5,20,0,1048576,0,0,0,inf,1.45196533,1.60192871,inf,16,16,540,539,4294967295,431,520,206,2634,1308
759,0.200000003,7569,7569,1,512,4,508,0,508,4,15132,484352,224569,259783,259783,0,77,224492,0,0,0,1023,4,20,0,1048576,0,0,0,inf,1.24461365,1.29450989,inf,1777,25,145,1931,9,633,894,894,333,1608
760,0.5,7569,7569,1,512,5,507,0,507,5,15131,484352,265033,219319,219319,0,51,264982,0,0,0,1023,5,20,0,1048576,0,0,0,inf,1.28256226,1.3691864,inf,747,1165,2976,2082,1175,3167,2072,2378,5889,415
761,0.300000012,7569,7569,1,512,3,509,0,509,3,15133,484352,235811,248541,248541,0,25,235786,0,0,0,447,3,20,0,1048576,0,0,0,inf,1.54463196,1.68202209,inf,1719,4112,5840,348,5759,1717,4294967295,1089,6515,4294967295
762,0.600000024,7569,7569,1,512,11,501,0,501,11,15125,484352,213808,270544,270544,0,62,213746,0,0,0,1023,10,20,0,1048576,0,0,0,inf,1.42640686,1.48268127,1.35710144,4,15,77,5,5,1,146,27,2558,51
763,0.600000024,7569,7569,1,512,7,505,0,505,7,15129,484352,245500,238852,238852,0,38,245462,0,0,0,1023,7,20,0,1048576,0,0,0,inf,1.01060486,1.08000183,inf,15,34,188,512,1228,1401,438,1094,535,1248
764,0.5,7569,7569,1,512,13,499,0,499,13,15123,484352,252723,231629,231629,0,219,252504,0,0,0,1023,10,20,0,1048576,0,0,0,inf,1.75163269,1.82008362,1.62297058,31,420,233,414,414,256,51,9,293,393
765,0,7569,7569,1,512,18,494,1,494,17,15119,484352,190509,293843,293843,0,208,190301,0,0,0,1023,10,20,0,1048576,0,0,0,inf,1.05351257,1.16055298,0.993255615,125,125,125,154,195,462,204,233,424,556
766,0.699999988,7569,7569,1,512,36,476,0,476,36,15100,484352,200187,284165,284165,0,335,199852,0,0,0,1023,10,20,0,1048576,0,0,0,inf,2.0398407,2.10842896,1.05644226,52,15,28,13,76,64,108,37,42,77
767,0.400000006,7569,7569,1,512,6,506,0,506,6,15130,484352,255063,229289,229289,0,97,254966,0,0,0,1023,6,20,0,1048576,0,0,0,inf,1.42662048,1.50892639,inf,3,12,40,50,450,450,3309,705,224,389
768,1,7569,7569,1,512,37,475,0,475,37,15099,484352,257684,226668,226668,0,345,257339,0,0,0,1023,10,20,0,1048576,0,0,0,inf,1.24436951,1.30349731,0.950576782,4,5,71,72,1153,72,194,36,285,74
769,0.300000012,7569,7569,1,512,34,478,0,478,34,15102,484352,257545,226807,226807,0,295,257250,0,0,0,1023,10,20,0,1048576,0,0,0,inf,1.1546936,1.23371887,0.922805786,55,26,485,208,22,19,492,818,27,142
770,0.200000003,7569,7569,1,512,7,505,0,505,7,15129,484352,183288,301064,301064,0,84,183204,0,0,0,1023,7,20,0,1048576,0,0,0,inf,1.62545776,1.69592285,inf,6,335,174,923,1010,1689,1856,2859,2021,3428
771,1,7569,7569,1,512,130,382,3,382,127,15009,484352,264273,220079,220079,0,627,263646,0,0,0,1023,10,20,0,1048576,0,0,0,inf,1.61593628,1.70542908,1.11743164,15,27,14,15,35,81,15,21,24,15
772,0.600000024,7569,7569,1,512,6,506,0,506,6,15130,484352,240603,243749,243749,0,54,240549,0,0,0,1023,6,20,0,1048576,0,0,0,inf,1.77687073,1.92550659,inf,8,2652,486,2715,4255,1039,4636,1985,1985,1999
773,0.200000003,7569,7569,1,512,3,509,0,509,3,15133,484352,232919,251433,251433,0,77,232842,0,0,0,1023,3,20,0,1048576,0,0,0,inf,1.41946411,1.61732483,inf,1,27,230,274,563,888,888,3454,1024,1229
774,0.300000012,7569,7569,1,512,3,509,0,509,3,15133,484352,267771,216581,216581,0,56,267715,0,0,0,1023,3,20,0,1048576,0,0,0,inf,1.54270935,1.59526062,inf,2382,1125,105,55,29,1057,581,144,1090,6418
775,0.100000001,7569,7569,1,512,1,511,0,511,1,15135,484352,254355,229997,229997,0,38,254317,0,0,0,1023,1,20,0,1048576,0,0,0,inf,1.26924133,1.43519592,inf,526,64,3932,3186,191,2084,2098,4227,5204,5146
776,0.200000003,7569,7569,1,512,5,507,1,507,4,15132,484352,235527,248825,248825,0,43,235484,0,0,0,1023,5,20,0,1048576,0,0,0,inf,1.38264465,1.45062256,inf,47,1207,73,238,3579,1315,83,444,407,282
777,0.100000001,7569,7569,1,512,1,511,0,511,1,15135,484352,264178,220174,220174,0,70,264108,0,0,0,1023,1,20,0,1048576,0,0,0,inf,1.13792419,1.2567749,inf,454,349,42,48,303,3442,213,1642,1464,1464
778,0.200000003,7569,7569,1,512,4,508,0,508,4,15132,484352,134752,349600,349600,0,26,134726,0,0,0,1023,4,20,0,1048576,0,0,0,inf,1.35986328,1.56716919,inf,58,253,49,65,255,51,2,2227,510,1611
779,0.300000012,7569,7569,1,512,3,509,0,509,3,15133,484352,249317,235035,235035,0,31,249286,0,0,0,1023,3,20,0,1048576,0,0,0,inf,1.23200989,1.35241699,inf,24,18,149,173,26,4319,1940,799,1082,3470
780,1,7569,7569,1,512,303,209,0,209,304,14832,484352,255927,228425,228425,0,786,255141,0,0,0,1023,10,20,0,1048576,0,0,0,inf,2.08218384,2.15458679,0.427398682,18,17,17,17,17,18,18,17,18,17
781,1,7569,7569,1,512,60,452,1,452,59,15077,484352,292667,191685,191685,0,412,292255,0,0,0,1023,10,20,0,1048576,0,0,0,inf,1.76225281,1.81394958,1.38490295,7,72,34,146,11,104,95,2194,32,20
782,0.100000001,7569,7569,1,512,1,511,0,511,1,15135,484352,193038,291314,291314,0,27,193011,0,0,0,383,1,20,0,1048576,0,0,0,inf,1.37365723,1.51020813,inf,6,25,1311,1253,674,2149,4626,4294967295,4671,4294967295
783,0.100000001,7569,7569,1,512,1,511,0,511,1,15135,484352,130602,353750,353750,0,27,130575,0,0,0,1023,1,20,0,1048576,0,0,0,inf,1.68170166,1.82707214,inf,1113,667,1210,866,866,2099,2099,2079,2303,2303
784,0.400000006,7569,7569,1,512,19,493,0,493,19,15117,484352,194341,290011,290011,0,280,194061,0,0,0,1023,10,20,0,1048576,0,0,0,inf,1.32392883,1.400177,1.15957642,57,24,128,128,77,39,83,574,1135,668
785,1,7569,7569,1,512,68,444,0,444,68,15068,484352,275039,209313,209313,0,448,274591,0,0,0,1023,10,20,0,1048576,0,0,0,inf,1.42532349,1.5634613,1.15708923,8,34,17,25,233,9,326,142,161,16
786,1,7569,7569,1,512,409,103,0,103,409,14727,484352,174036,310316,310316,0,1679,172357,0,0,0,1023,10,20,0,1048576,0,0,0,inf,1.80125427,1.99630737,0.546417236,3,2,4,5,3,11,12,14,5,6
787,0.600000024,7569,7569,1,512,67,445,1,445,66,15070,484352,156690,327662,327662,0,475,156215,0,0,0,1023,10,20,0,1048576,0,0,0,inf,1.52799988,1.57589722,0.818756104,9,8,233,347,32,41,5,347,347,41
788,1,7569,7569,1,511,253,258,0,258,253,14883,484352,168366,315986,315986,0,662,167704,0,0,0,1023,10,20,0,1048576,0,0,0,inf,1.62069702,1.63500977,0.340499878,3,2,1,2,2,3,2,2,2,2
789,1,7569,7569,1,512,25,487,1,487,24,15112,484352,218508,265844,265844,0,104,218404,0,0,0,1023,10,20,0,1048576,0,0,0,inf,1.58140564,1.76939392,1.38580322,10,15,15,15,79,15,56,81,15,1330
790,0.200000003,7569,7569,1,512,2,510,0,510,2,15134,484352,255201,229151,229151,0,47,255154,0,0,0,767,2,20,0,1048576,0,0,0,inf,1.52902222,1.66110229,inf,1450,555,2225,413,577,1583,3054,1330,4294967295,4609
791,0.200000003,7569,7569,1,512,3,509,0,509,3,15133,484352,187277,297075,297075,0,45,187232,0,0,0,1023,3,20,0,1048576,0,0,0,inf,1.11120605,1.25901794,inf,144,2020,1080,378,1037,3018,1695,3182,2782,2051
792,0.899999976,7569,7569,1,512,93,419,1,419,92,15044,484352,276755,207597,207597,0,638,276117,0,0,0,1023,10,20,0,1048576,0,0,0,inf,1.63816833,1.78482056,1.22862244,25,45,2,21,56,8,77,142,33,100
793,1,7569,7569,1,512,66,446,0,446,66,15070,484352,257188,227164,227164,0,484,256704,0,0,0,1023,10,20,0,1048576,0,0,0,inf,1.59339905,1.65093994,1.13383484,32,7,7,7,7,21,52,132,21,40
794,0.100000001,7569,7569,1,512,1,511,0,511,1,15135,484352,218347,266005,266005,0,26,218321,0,0,0,511,1,20,0,1048576,0,0,0,inf,1.75804138,1.8681488,inf,3489,20,994,351,1462,278,981,1275,5759,4294967295
795,0.400000006,7569,7569,1,512,9,503,0,503,9,15127,484352,246156,238196,238196,0,108,246048,0,0,0,1023,9,20,0,1048576,0,0,0,inf,1.5894165,1.64303589,inf,8,124,131,23,203,629,170,36,19,1936
796,0.899999976,7569,7569,1,512,233,279,0,279,233,14903,484352,226086,258266,258266,0,1101,224985,0,0,0,1023,10,20,0,1048576,0,0,0,inf,1.24198914,1.38021851,0.784942627,15,13,28,27,14,16,13,14,14,18
797,0.5,7569,7569,1,512,11,501,0,501,11,15125,484352,155006,329346,329346,0,57,154949,0,0,0,1023,10,20,0,1048576,0,0,0,inf,2.20048523,2.21870422,2.07389832,10,62,372,31,519,76,1774,328,1063,779
798,0.300000012,7569,7569,1,512,17,495,0,495,17,15119,484352,156108,328244,328244,0,156,155952,0,0,0,1023,10,20,0,1048576,0,0,0,inf,2.27293396,2.34301758,2.14428711,28,242,0,138,183,481,764,594,379,470
799,0.300000012,7569,7569,1,512,3,509,0,509,3,15133,484352,183875,300477,300477,0,30,183845,0,0,0,1023,3,20,0,1048576,0,0,0,inf,1.34378052,1.47229004,inf,4,4,5,326,419,769,1127,1055,585,1994
800,0.100000001,7569,7569,1,512,2,510,0,510,3,15133,484352,159008,325344,325344,0,57,158951,0,0,0,1023,2,20,0,1048576,0,0,0,inf,1.5749054,1.58836365,inf,188,114,308,1378,154,1124,476,1194,5051,416
801,0.300000012,7569,7569,1,512,12,500,0,500,12,15124,484352,194727,289625,289625,0,78,194649,0,0,0,1023,10,20,0,1048576,0,0,0,inf,0.997161865,1.14419556,0.970855713,4,60,309,336,1001,677,325,3520,657,349
802,0.300000012,7569,7569,1,512,6,506,1,506,5,15131,484352,164658,319694,319694,0,98,164560,0,0,0,1023,6,20,0,1048576,0,0,0,inf,2.14590454,2.1918335,inf,14,1650,636,1427,3985,433,1128,1578,2365,1307
803,0.5,7569,7569,1,512,10,502,0,502,10,15126,484352,198891,285461,285461,0,81,198810,0,0,0,1023,10,20,0,1048576,0,0,0,inf,0.917770386,1.13926697,0.995346069,37,367,740,478,821,2056,539,2086,3161,828
804,0.800000012,7569,7569,1,512,38,474,1,474,37,15099,484352,246307,238045,238045,0,417,245890,0,0,0,1023,10,20,0,1048576,0,0,0,inf,1.30220032,1.38195801,1.03117371,17,162,230,72,19,412,295,109,21,872
805,0.5,7569,7569,1,512,111,401,0,401,111,15025,484352,203327,281025,281025,0,879,202448,0,0,0,1023,10,20,0,1048576,0,0,0,inf,1.58197021,1.69294739,1.08828735,10,43,3,2,13,192,76,19,130,130
806,1,7569,7569,1,512,14,498,0,498,14,15122,484352,230785,253567,253567,0,82,230703,0,0,0,1023,10,20,0,1048576,0,0,0,inf,1.77986145,1.82756042,0.782699585,3,3,4,4,4,5,13,5,25,4
807,1,7569,7569,1,512,23,489,0,489,23,15113,484352,163122,321230,321230,0,44,163078,0,0,0,1023,10,20,0,1048576,0,0,0,inf,1.72349548,1.77394104,0.609054565,5,4,4,5,5,6,4,3,5,7
808,0.5,7569,7569,1,512,6,506,0,506,6,15130,484352,260649,223703,223703,0,94,260555,0,0,0,1023,6,20,0,1048576,0,0,0,inf,1.24874878,1.35990906,inf,8,614,157,405,752,859,822,163,1520,724
809,0.400000006,7569,7569,1,512,4,508,0,508,4,15132,484352,257801,226551,226551,0,74,257727,0,0,0,475,4,20,0,1048576,0,0,0,inf,1.27584839,1.36468506,inf,3143,528,4294967295,3632,890,4294967295,4758,569,4723,4294967295
810,0.5,7569,7569,1,512,10,502,1,502,9,15127,484352,190253,294099,294099,0,74,190179,0,0,0,1023,10,20,0,1048576,0,0,0,inf,0.953094482,1.26548767,1.19871521,104,736,1159,376,695,2698,2350,2350,275,197
811,0.600000024,7569,7569,1,512,20,492,0,492,20,15116,484352,221227,263125,263125,0,139,221088,0,0,0,1023,10,20,0,1048576,0,0,0,inf,1.36576843,1.46434021,1.1930542,9,15,17,10,10,67,10,114,10,110
812,0.600000024,7569,7569,1,512,7,505,0,505,7,15129,484352,166037,318315,318315,0,29,166008,0,0,0,1023,7,20,0,1048576,0,0,0,inf,1.8556366,1.97981262,inf,22,48,11,156,188,2,82,180,1026,708
813,0.400000006,7569,7569,1,512,13,499,0,499,13,15123,484352,170112,314240,314240,0,96,170016,0,0,0,1023,10,20,0,1048576,0,0,0,inf,1.79608154,1.91368103,1.68412781,3,4,641,209,7,183,226,180,31,1210
814,0.300000012,7569,7569,1,512,3,509,0,509,3,15133,484352,207452,276900,276900,0,45,207407,0,0,0,767,3,20,0,1048576,0,0,0,inf,1.31100464,1.37127686,inf,57,99,2935,2900,993,5848,7209,4420,4294967295,4271
815,0.200000003,7569,7569,1,512,9,503,0,503,9,15127,484352,235687,248665,248665,0,141,235546,0,0,0,991,9,20,0,1048576,0,0,0,inf,1.62712097,1.73210144,inf,5,537,696,1437,662,4294967295,937,1072,694,1437
816,0.400000006,7569,7569,1,512,39,473,1,473,38,15098,484352,191782,292570,292570,0,291,191491,0,0,0,1023,10,20,0,1048576,0,0,0,inf,1.62564087,1.73191833,1.23490906,10,5,72,11,32,11,1303,20,284,13
817,0.400000006,7569,7569,1,512,9,503,1,503,8,15128,484352,263108,221244,221244,0,144,262964,0,0,0,767,9,20,0,1048576,0,0,0,inf,1.44697571,1.49720764,inf,39,139,1159,68,547,293,1931,2840,4294967295,1135
818,0.400000006,7569,7569,1,512,9,503,0,503,9,15127,484352,230958,253394,253394,0,95,230863,0,0,0,1023,9,20,0,1048576,0,0,0,inf,1.55935669,1.61947632,inf,2,2047,246,13,901,55,390,387,122,1009
819,0.200000003,7569,7569,1,511,2,509,0,509,2,15134,484352,113331,371021,371021,0,22,113309,0,0,0,499,2,20,0,1048576,0,0,0,inf,1.373703,1.39059448,inf,273,1095,4294967295,4294967295,6277,6183,1721,1081,4924,4294967295
820,0.300000012,7569,7569,1,512,9,503,0,503,9,15127,484352,115111,369241,369241,0,100,115011,0,0,0,1023,9,20,0,1048576,0,0,0,inf,2.14311218,2.16038513,inf,17,193,362,145,329,72,126,91,686,390
821,0.400000006,7569,7569,1,512,8,504,0,504,8,15128,484352,198654,285698,285698,0,79,198575,0,0,0,1023,8,20,0,1048576,0,0,0,inf,1.59576416,1.72238159,inf,26,53,482,539,1360,43,1197,710,1888,1457
822,0.300000012,7569,7569,1,512,4,508,0,508,4,15132,484352,250812,233540,233540,0,147,250665,0,0,0,1023,4,20,0,1048576,0,0,0,inf,1.18028259,1.28845215,inf,217,1800,145,11,799,252,4411,74,2452,174
823,0.699999988,7569,7569,1,512,13,499,1,499,12,15124,484352,210806,273546,273546,0,119,210687,0,0,0,1023,10,20,0,1048576,0,0,0,inf,1.32540894,1.43583679,1.31181335,22,771,805,724,571,975,745,632,463,516
824,0.100000001,7569,7569,1,512,3,509,0,509,3,15133,484352,246012,238340,238340,0,50,245962,0,0,0,991,3,20,0,1048576,0,0,0,inf,1.22080994,1.35945129,inf,265,369,328,215,5457,4294967295,706,1505,1494,386
825,1,7569,7569,1,512,79,433,0,433,79,15057,484352,252655,231697,231697,0,557,252098,0,0,0,1023,10,20,0,1048576,0,0,0,inf,1.6910553,1.7741394,1.25190735,72,71,509,152,73,72,151,22,73,75
826,0.800000012,7569,7569,1,512,13,499,0,499,13,15123,484352,258602,225750,225750,0,82,258520,0,0,0,1023,10,20,0,1048576,0,0,0,inf,1.46101379,1.54663086,1.30940247,89,458,698,136,350,2623,5242,5242,5241,1514
827,0.5,7569,7569,1,512,9,503,1,503,8,15128,484352,240780,243572,243572,0,121,240659,0,0,0,1023,9,20,0,1048576,0,0,0,inf,1.26339722,1.30174255,inf,168,67,93,670,1515,4061,2174,103,793,1699
828,0.300000012,7569,7569,1,512,3,509,0,509,3,15133,484352,199254,285098,285098,0,32,199222,0,0,0,511,3,20,0,1048576,0,0,0,inf,1.44873047,1.53230286,inf,1431,75,3024,2069,260,2090,6582,1206,5704,4294967295
829,0.300000012,7569,7569,1,512,8,504,0,504,8,15128,484352,236037,248315,248315,0,93,235944,0,0,0,511,8,20,0,1048576,0,0,0,inf,1.69068909,1.78166199,inf,318,128,42,527,233,889,1854,476,2899,4294967295
830,1,7569,7569,1,512,56,456,0,456,56,15080,484352,253806,230546,230546,0,465,253341,0,0,0,1023,10,20,0,1048576,0,0,0,inf,1.16052246,1.24961853,0.822418213,7,34,28,95,35,86,255,212,293,125
831,1,7569,7569,1,512,52,460,0,460,52,15084,484352,231647,252705,252705,0,436,231211,0,0,0,1023,10,20,0,1048576,0,0,0,inf,1.70040894,1.75312805,1.07725525,16,3,9,5,5,13,31,33,21,9
832,1,7569,7569,1,512,105,407,4,407,101,15035,484352,170349,314003,314003,0,1075,169274,0,0,0,1023,10,20,0,1048576,0,0,0,inf,1.75816345,1.80892944,1.00971985,5,6,5,6,154,154,6,36,59,26
833,1,7569,7569,1,512,40,472,0,472,40,15096,484352,221652,262700,262700,0,286,221366,0,0,0,1023,10,20,0,1048576,0,0,0,inf,1.3314209,1.42340088,0.758422852,11,4,8,17,2,5,12,5,9,23
834,1,5355,7569,3,510,510,0,0,0,549,9796,331040,126129,204911,204911,0,2333,123796,0,0,0,1023,10,20,0,1048576,0,0,0,inf,inf,1.79521179,0.591369629,4,3,3,3,4,9,4,4,4,6
835,0.200000003,7569,7569,1,512,5,507,0,507,5,15131,484352,266549,217803,217803,0,110,266439,0,0,0,1023,5,20,0,1048576,0,0,0,inf,1.4513092,1.48150635,inf,175,7,130,335,72,701,666,287,287,194
836,1,7569,7569,1,512,82,430,0,430,82,15054,484352,168923,315429,315429,0,413,168510,0,0,0,1023,10,20,0,1048576,0,0,0,inf,1.13088989,1.22972107,0.640609741,11,18,12,4,9,8,19,19,22,35
837,0.300000012,7569,7569,1,512,3,509,0,509,3,15133,484352,83810,400542,400542,0,23,83787,0,0,0,623,3,20,0,1048576,0,0,0,inf,1.65690613,1.66464233,inf,153,6,7,36,4294967295,390,644,4294967295,4294967295,1531
838,1,7569,7569,1,512,369,143,0,143,369,14767,484352,178377,305975,305975,0,2330,176047,0,0,0,1023,10,20,0,1048576,0,0,0,inf,1.89076233,2.01731873,0.560638428,9,2,14,10,4,69,66,8,3,3
839,0.100000001,7569,7569,1,512,3,509,1,509,2,15134,484352,287678,196674,196674,0,122,287556,0,0,0,991,3,20,0,1048576,0,0,0,inf,1.3787384,1.4535675,inf,49,707,985,1068,331,4294967295,1830,540,1181,6643
840,1,7569,7569,1,512,21,491,0,491,21,15115,484352,189623,294729,294729,0,57,189566,0,0,0,1023,10,20,0,1048576,0,0,0,inf,1.47767639,1.52246094,0.65222168,7,2,3,3,3,8,3,4,100,245
841,0.200000003,7569,7569,1,512,4,508,0,508,4,15132,484352,252934,231418,231418,0,60,252874,0,0,0,511,4,20,0,1048576,0,0,0,inf,1.5484314,1.64672852,inf,18,3588,37,355,355,996,2187,1812,5955,4294967295
842,0,7569,7569,1,512,0,512,0,512,0,15136,484352,115754,368598,368598,0,22,115732,0,0,0,93,0,20,0,1048576,0,0,0,inf,1.66427612,1.67538452,inf,930,4294967295,920,7229,6385,4294967295,1028,4294967295,4294967295,4294967295
843,0.300000012,7569,7569,1,512,7,505,0,505,7,15129,484352,222060,262292,262292,0,86,221974,0,0,0,1023,7,20,0,1048576,0,0,0,inf,1.55867004,1.64665222,inf,308,131,22,20,146,1140,1374,68,694,180
844,0.400000006,7569,7569,1,512,5,507,0,507,5,15131,484352,139236,345116,345116,0,36,139200,0,0,0,1023,5,20,0,1048576,0,0,0,inf,1.49998474,1.56365967,inf,74,233,723,1449,699,1271,844,1118,3944,3944
845,0.200000003,7569,7569,1,512,3,509,1,509,2,15134,484352,203925,280427,280427,0,71,203854,0,0,0,1023,3,20,0,1048576,0,0,0,inf,1.76461792,1.85852051,inf,667,678,942,1048,2461,2461,2539,3666,1298,1851
846,1,7569,7569,1,512,434,78,0,78,434,14702,484352,179585,304767,304767,0,2274,177311,0,0,0,1023,10,20,0,1048576,0,0,0,inf,1.01031494,1.36947632,0.350387573,4,5,4,15,8,5,6,5,36,4
847,0.200000003,7569,7569,1,512,5,507,0,507,5,15131,484352,236113,248239,248239,0,84,236029,0,0,0,1023,5,20,0,1048576,0,0,0,inf,1.59536743,1.66650391,inf,12,130,366,507,153,166,1114,1800,2076,520
848,1,7569,7569,1,512,26,486,0,486,26,15110,484352,151994,332358,332358,0,75,151919,0,0,0,1023,10,20,0,1048576,0,0,0,inf,1.70269775,1.8221283,0.495849609,4,6,4,26,5,13,24,6,21,38
849,1,7569,7569,1,512,137,375,0,375,137,14999,484352,218347,266005,266005,0,390,217957,0,0,0,1023,10,20,0,1048576,0,0,0,inf,1.25737,1.33912659,0.0546417236,8,7,8,7,7,8,8,8,7,7
850,0.5,7569,7569,1,512,14,498,0,498,14,15122,484352,178705,305647,305647,0,137,178568,0,0,0,1023,10,20,0,1048576,0,0,0,inf,1.84864807,1.94284058,1.71780396,4,29,77,194,194,24,95,77,12,12
851,0.600000024,7569,7569,1,512,47,465,0,465,47,15089,484352,205243,279109,279109,0,344,204899,0,0,0,1023,10,20,0,1048576,0,0,0,inf,1.49795532,1.58648682,1.19807434,3,15,15,6,77,16,748,687,397,44
852,0.300000012,7569,7569,1,512,20,492,4,492,16,15120,484352,240766,243586,243586,0,181,240585,0,0,0,895,10,20,0,1048576,0,0,0,inf,1.66973877,1.79191589,1.53117371,5,4,144,18,47,54,46,4294967295,3,3
853,0.800000012,7569,7569,1,512,11,501,0,501,11,15125,484352,196938,287414,287414,0,93,196845,0,0,0,1023,10,20,0,1048576,0,0,0,inf,1.31163025,1.3934021,1.2374115,7,7,8,8,71,3,1547,1546,1504,138
854,0.5,7569,7569,1,512,7,505,0,505,7,15129,484352,246694,237658,237658,0,116,246578,0,0,0,1023,7,20,0,1048576,0,0,0,inf,1.49067688,1.64668274,inf,31,135,529,219,1625,300,645,3083,2537,3148
855,0.300000012,7569,7569,1,512,4,508,0,508,4,15132,484352,95573,388779,388779,0,33,95540,0,0,0,1023,4,20,0,1048576,0,0,0,inf,1.17831421,1.18597412,inf,31,48,527,2168,349,41,276,1589,1580,1021
856,1,7569,7569,1,512,142,370,0,370,142,14994,484352,203123,281229,281229,0,657,202466,0,0,0,1023,10,20,0,1048576,0,0,0,inf,1.33335876,1.37643433,0.649353027,11,12,10,16,13,12,14,12,13,15
857,0.200000003,7569,7569,1,512,33,479,0,479,33,15103,484352,228262,256090,256090,0,432,227830,0,0,0,1023,10,20,0,1048576,0,0,0,inf,1.46549988,1.63537598,1.37858582,5,6,166,78,392,15,367,101,426,576
858,0.200000003,7569,7569,1,512,15,497,1,497,14,15122,484352,215127,269225,269225,0,158,214969,0,0,0,1023,10,20,0,1048576,0,0,0,inf,1.23876953,1.40907288,1.2157135,122,70,96,79,45,423,671,209,226,4
859,0.400000006,7569,7569,1,512,22,490,1,490,21,15115,484352,204299,280053,280053,0,328,203971,0,0,0,1023,10,20,0,1048576,0,0,0,inf,1.14985657,1.21736145,0.955093384,6,117,195,15,99,72,7,182,938,380
860,1,7569,7569,1,512,175,337,3,337,172,14964,484352,187981,296371,296371,0,971,187010,0,0,0,1023,10,20,0,1048576,0,0,0,inf,1.6927948,1.79425049,0.711364746,3,5,5,3,5,6,20,9,11,28
861,0.600000024,7569,7569,1,512,13,499,1,499,12,15124,484352,205398,278954,278954,0,110,205288,0,0,0,1023,10,20,0,1048576,0,0,0,inf,1.39756775,1.47962952,1.26808167,92,80,321,330,448,804,1282,1121,1025,1404
862,0.699999988,7569,7569,1,512,22,490,2,490,20,15116,484352,180084,304268,304268,0,218,179866,0,0,0,1023,10,20,0,1048576,0,0,0,inf,1.08596802,1.14694214,0.754669189,17,138,456,32,322,322,51,185,35,280
863,0.300000012,7569,7569,1,512,5,507,0,507,5,15131,484352,275385,208967,208967,0,66,275319,0,0,0,1023,5,20,0,1048576,0,0,0,inf,1.44038391,1.62924194,inf,2,3,1102,135,696,881,587,1089,1352,1050
864,0.400000006,7569,7569,1,512,5,507,0,507,5,15131,484352,236371,247981,247981,0,99,236272,0,0,0,1023,5,20,0,1048576,0,0,0,inf,1.49302673,1.6746521,inf,925,925,441,234,1325,2958,15,1094,558,232
865,1,7569,7569,1,512,43,469,0,469,43,15093,484352,157249,327103,327103,0,127,157122,0,0,0,1023,10,20,0,1048576,0,0,0,inf,1.95236206,1.99353027,0.345916748,6,6,4,3,5,5,6,5,5,6
866,0.5,7569,7569,1,512,124,388,1,388,123,15013,484352,235114,249238,249238,0,1234,233880,0,0,0,1023,10,20,0,1048576,0,0,0,inf,1.80026245,1.91168213,1.30541992,4,20,25,14,23,59,32,50,4,32
867,0.300000012,7569,7569,1,512,8,504,0,504,8,15128,484352,255895,228457,228457,0,154,255741,0,0,0,1023,8,20,0,1048576,0,0,0,inf,1.63041687,1.70588684,inf,35,37,15,897,20,194,250,1571,335,124
868,1,7569,7569,1,509,364,145,0,145,366,14770,484352,111020,373332,373332,0,2412,108608,0,0,0,1023,10,20,0,1048576,0,0,0,inf,1.63769531,1.66539001,0.674133301,1,1,2,6,2,7,4,1,2,2
869,0.400000006,7569,7569,1,512,7,505,0,505,7,15129,484352,231984,252368,252368,0,108,231876,0,0,0,511,7,20,0,1048576,0,0,0,inf,1.38900757,1.45159912,inf,64,146,3147,419,300,333,429,1108,116,4294967295
870,0.300000012,7569,7569,1,512,15,497,2,497,13,15123,484352,261864,222488,222488,0,255,261609,0,0,0,1023,10,20,0,1048576,0,0,0,inf,1.4886322,1.57015991,1.47221375,162,146,2600,147,3277,4554,502,745,284,311
871,1,7569,7569,1,512,153,359,1,359,152,14984,484352,264237,220115,220115,0,1418,262819,0,0,0,1023,10,20,0,1048576,0,0,0,inf,1.64959717,1.77348328,1.24171448,10,14,0,4,1,25,61,365,650,247
872,0.300000012,7569,7569,1,512,4,508,0,508,4,15132,484352,170134,314218,314218,0,41,170093,0,0,0,1023,4,20,0,1048576,0,0,0,inf,2.08854675,2.16589355,inf,10,1122,1909,1360,1073,830,3019,4790,3733,4872
873,1,7569,7569,1,512,41,471,1,471,40,15096,484352,174565,309787,309787,0,280,174285,0,0,0,1023,10,20,0,1048576,0,0,0,inf,1.63568115,1.72987366,0.657394409,9,23,16,14,62,14,45,21,52,301
874,0.5,7569,7569,1,512,11,501,1,501,10,15126,484352,203369,280983,280983,0,133,203236,0,0,0,1023,10,20,0,1048576,0,0,0,inf,2.03919983,2.09455872,2.02908325,22,11,243,149,316,202,59,127,151,200
875,1,7569,7569,1,512,507,5,0,5,512,14624,484352,186542,297810,297810,0,2988,183554,0,0,0,1023,10,20,0,1048576,0,0,0,inf,1.82252502,1.97117615,0.903549194,2,3,3,1,4,2,2,6,6,12
876,1,7569,7569,1,512,76,436,1,436,75,15061,484352,226828,257524,257524,0,807,226021,0,0,0,1023,10,20,0,1048576,0,0,0,inf,1.5761261,1.81025696,0.995559692,2,5,42,5,38,13,7,7,66,73
877,0.400000006,7569,7569,1,512,21,491,3,491,18,15118,484352,196255,288097,288097,0,272,195983,0,0,0,1023,10,20,0,1048576,0,0,0,inf,1.11911011,1.21308899,0.981369019,71,9,11,31,19,348,95,156,891,449
878,0.600000024,7569,7569,1,512,18,494,0,494,18,15118,484352,277280,207072,207072,0,404,276876,0,0,0,1023,10,20,0,1048576,0,0,0,inf,1.29376221,1.42460632,1.26347351,3,9,96,84,897,441,211,2031,1841,1841
879,0.200000003,7569,7569,1,512,5,507,0,507,5,15131,484352,251991,232361,232361,0,135,251856,0,0,0,1023,5,20,0,1048576,0,0,0,inf,1.20822144,1.30670166,inf,123,763,3775,608,366,733,609,4997,1692,584
880,0.200000003,7569,7569,1,512,10,502,1,502,9,15127,484352,244049,240303,240303,0,175,243874,0,0,0,1023,10,20,0,1048576,0,0,0,inf,1.43164062,1.50965881,1.48208618,27,207,92,317,3719,14,869,1121,1262,1960
881,0.699999988,7569,7569,1,512,10,502,0,502,10,15126,484352,288659,195693,195693,0,100,288559,0,0,0,1023,10,20,0,1048576,0,0,0,inf,1.47418213,1.66874695,1.50769043,5,8,4,6,5,227,5,7,455,125
882,1,7569,7569,1,512,109,403,3,403,106,15030,484352,185159,299193,299193,0,927,184232,0,0,0,1023,10,20,0,1048576,0,0,0,inf,1.30169678,1.4209137,0.832290649,12,3,34,14,2,52,36,103,9,26
883,0.300000012,7569,7569,1,512,7,505,0,505,7,15129,484352,270573,213779,213779,0,131,270442,0,0,0,1023,7,20,0,1048576,0,0,0,inf,1.62882996,1.73651123,inf,1665,81,49,219,234,70,95,166,5093,5323
884,1,7569,7569,1,512,245,267,1,267,244,14892,484352,169220,315132,315132,0,1290,167930,0,0,0,1023,10,20,0,1048576,0,0,0,inf,1.07614136,1.13395691,0.537139893,11,9,5,12,12,11,25,11,9,26
885,0.600000024,7569,7569,1,512,7,505,0,505,7,15129,484352,163507,320845,320845,0,38,163469,0,0,0,1023,7,20,0,1048576,0,0,0,inf,1.86906433,1.99830627,inf,1318,1283,1283,3096,1503,2280,1781,3551,4737,6143
886,0.200000003,7569,7569,1,512,5,507,1,507,4,15132,484352,205072,279280,279280,0,74,204998,0,0,0,1023,5,20,0,1048576,0,0,0,inf,1.35681152,1.46109009,inf,31,65,48,89,478,843,451,199,928,1257
887,1,7569,7569,1,512,506,6,0,6,523,14613,484352,212620,271732,271732,0,2881,209739,0,0,0,1023,10,20,0,1048576,0,0,0,inf,1.11074829,1.29655457,0.461791992,3,4,3,4,4,4,4,3,5,4
888,0.200000003,7569,7569,1,512,12,500,1,500,11,15125,484352,185326,299026,299026,0,154,185172,0,0,0,1023,10,20,0,1048576,0,0,0,inf,2.07305908,2.17779541,2.08331299,28,126,440,1468,948,723,468,1093,721,1037
889,0.200000003,7569,7569,1,512,11,501,0,501,11,15125,484352,237452,246900,246900,0,84,237368,0,0,0,1023,10,20,0,1048576,0,0,0,inf,1.58325195,1.6894989,1.63446045,15,590,744,154,120,1932,653,22,419,1652
890,0.899999976,7569,7569,1,512,58,454,0,454,58,15078,484352,189688,294664,294664,0,632,189056,0,0,0,1023,10,20,0,1048576,0,0,0,inf,1.40281677,1.55244446,1.05337524,7,5,7,6,4,8,8,8,91,82
891,0.300000012,7569,7569,1,512,9,503,0,503,9,15127,484352,225372,258980,258980,0,101,225271,0,0,0,1023,9,20,0,1048576,0,0,0,inf,1.27865601,1.34643555,inf,130,55,1105,112,138,3381,559,5295,1466,1455
892,0.400000006,7569,7569,1,512,4,508,0,508,4,15132,484352,269278,215074,215074,0,75,269203,0,0,0,767,4,20,0,1048576,0,0,0,inf,1.2359314,1.32167053,inf,169,2029,105,3291,3540,2473,706,868,4294967295,1779
893,0.600000024,7569,7569,1,512,6,506,0,506,6,15130,484352,278595,205757,205757,0,92,278503,0,0,0,1023,6,20,0,1048576,0,0,0,inf,1.47773743,1.54826355,inf,1,0,14,76,5738,665,3021,1625,525,5351
894,0.200000003,7569,7569,1,512,6,506,0,506,6,15130,484352,185972,298380,298380,0,79,185893,0,0,0,1023,6,20,0,1048576,0,0,0,inf,1.38975525,1.45619202,inf,12,106,145,348,787,303,243,689,867,1868
895,0.300000012,7569,7569,1,512,6,506,1,506,5,15131,484352,242430,241922,241922,0,120,242310,0,0,0,1023,6,20,0,1048576,0,0,0,inf,1.51171875,1.56214905,inf,134,108,1860,2120,154,1011,1526,4751,225,602
896,0.400000006,7569,7569,1,512,6,506,0,506,6,15130,484352,248394,235958,235958,0,93,248301,0,0,0,895,6,20,0,1048576,0,0,0,inf,1.27664185,1.48054504,inf,16,637,1147,4559,1270,2432,7143,4294967295,422,5915
897,1,7569,7569,1,512,124,388,0,388,124,15012,484352,148172,336180,336180,0,911,147261,0,0,0,1023,10,20,0,1048576,0,0,0,inf,1.56977844,1.92601013,0.497116089,5,6,6,6,4,5,6,6,4,5
898,0.200000003,7569,7569,1,512,8,504,0,504,8,15128,484352,166934,317418,317418,0,124,166810,0,0,0,1023,8,20,0,1048576,0,0,0,inf,2.11247253,2.12438965,inf,164,825,978,340,871,740,1386,437,291,2029
899,0.5,7569,7569,1,512,9,503,0,503,9,15127,484352,220264,264088,264088,0,98,220166,0,0,0,1023,9,20,0,1048576,0,0,0,inf,1.64846802,1.71856689,inf,853,772,2382,6098,2296,1598,1555,5899,5456,752
900,1,7569,7569,1,512,163,349,0,349,163,14973,484352,282248,202104,202104,0,1395,280853,0,0,0,1023,10,20,0,1048576,0,0,0,inf,1.43528748,1.52731323,1.12585449,77,7,35,225,101,31,37,56,389,24
901,1,7569,7569,1,512,209,303,0,303,209,14927,484352,254124,230228,230228,0,1235,252889,0,0,0,1023,10,20,0,1048576,0,0,0,inf,1.35430908,1.63316345,0.930343628,3,4,3,6,15,5,6,8,4,4
902,1,7569,7569,1,512,26,486,0,486,26,15110,484352,271957,212395,212395,0,315,271642,0,0,0,1023,10,20,0,1048576,0,0,0,inf,1.21514893,1.3447113,0.95098877,34,38,118,35,1696,35,35,306,119,119
903,0.400000006,7569,7569,1,512,5,507,0,507,5,15131,484352,216974,267378,267378,0,130,216844,0,0,0,1023,5,20,0,1048576,0,0,0,inf,1.29032898,1.57894897,inf,2239,507,3896,3873,150,1501,5171,2594,2210,3023
904,0.300000012,7569,7569,1,512,12,500,0,500,12,15124,484352,188481,295871,295871,0,140,188341,0,0,0,1023,10,20,0,1048576,0,0,0,inf,1.71974182,1.94799805,1.80780029,6,121,402,1145,722,547,2633,1542,4288,1503
905,1,7569,7569,1,512,155,357,2,357,153,14983,484352,246435,237917,237917,0,1413,245022,0,0,0,1023,10,20,0,1048576,0,0,0,inf,1.46824646,1.52238464,0.875793457,2,1,2,2,2,3,2,2,6,6
906,1,7569,7569,1,512,509,3,0,3,524,14612,484352,280819,203533,203533,0,3462,277357,0,0,0,1023,10,20,0,1048576,0,0,0,inf,1.56097412,1.64649963,0.959274292,2,1,13,11,3,25,14,34,33,34
907,0.699999988,7569,7569,1,512,31,481,1,481,30,15106,484352,159051,325301,325301,0,251,158800,0,0,0,1023,10,20,0,1048576,0,0,0,inf,1.01063538,1.42332458,0.69430542,7,184,216,18,422,422,69,53,1978,580
908,1,7569,7569,1,512,34,478,0,478,34,15102,484352,214850,269502,269502,0,247,214603,0,0,0,1023,10,20,0,1048576,0,0,0,inf,1.34495544,1.59558105,0.646087646,2,3,2,1,2,2,3,2,1,2
909,1,7569,7569,1,512,91,421,5,421,86,15050,484352,286220,198132,198132,0,959,285261,0,0,0,1023,10,20,0,1048576,0,0,0,inf,1.46525574,1.53730774,1.14530945,16,18,94,7,638,275,115,1076,562,272
910,1,7569,7569,1,512,187,325,2,325,185,14951,484352,244927,239425,239425,0,1244,243683,0,0,0,1023,10,20,0,1048576,0,0,0,inf,1.53237915,1.6902771,0.962387085,7,6,7,5,8,14,7,76,16,9
911,0.300000012,7569,7569,1,512,7,505,0,505,7,15129,484352,94450,389902,389902,0,113,94337,0,0,0,1023,7,20,0,1048576,0,0,0,inf,1.6945343,1.7182312,inf,6,84,410,81,103,321,196,196,429,53
912,0.400000006,7569,7569,1,512,11,501,1,501,10,15126,484352,135594,348758,348758,0,132,135462,0,0,0,1023,10,20,0,1048576,0,0,0,inf,1.72412109,1.89616394,1.69538879,8,16,139,64,15,62,62,323,171,192
913,0.800000012,7569,7569,1,512,41,471,1,471,40,15096,484352,216875,267477,267477,0,462,216413,0,0,0,1023,10,20,0,1048576,0,0,0,inf,1.59371948,1.76292419,1.29931641,74,66,66,135,318,186,1521,322,625,449
914,0.699999988,7569,7569,1,512,42,470,2,470,40,15096,484352,188416,295936,295936,0,378,188038,0,0,0,1023,10,20,0,1048576,0,0,0,inf,1.50872803,1.53399658,1.16560364,29,12,32,26,95,59,32,32,29,209
915,0.800000012,7569,7569,1,512,13,499,0,499,13,15123,484352,232583,251769,251769,0,48,232535,0,0,0,1023,10,20,0,1048576,0,0,0,inf,1.62124634,1.71749878,1.41293335,9,8,8,27,8,8,8,67,12,67
916,0.100000001,7569,7569,1,512,5,507,0,507,5,15131,484352,195294,289058,289058,0,121,195173,0,0,0,1023,5,20,0,1048576,0,0,0,inf,1.44569397,1.48348999,inf,241,463,979,796,937,779,1264,1319,783,603
917,1,7569,7569,1,512,353,159,1,159,352,14784,484352,248645,235707,235707,0,2588,246057,0,0,0,1023,10,20,0,1048576,0,0,0,inf,1.46611023,1.60984802,0.858840942,6,7,18,11,17,8,7,8,8,47
918,1,7569,7569,1,512,160,352,5,352,155,14981,484352,283851,200501,200501,0,1169,282682,0,0,0,1023,10,20,0,1048576,0,0,0,inf,1.72924805,1.7885437,1.26747131,5,4,4,3,9,6,71,5,9,11
919,1,326,7569,3,512,512,0,0,0,513,135,20736,2802,17934,17934,0,1389,1413,0,0,0,1023,10,20,0,1048576,0,0,0,inf,inf,0.732727051,0.105117798,3,3,3,3,3,3,3,3,3,3
920,0.300000012,7569,7569,1,512,4,508,0,508,4,15132,484352,195045,289307,289307,0,46,194999,0,0,0,639,4,20,0,1048576,0,0,0,inf,1.4087677,1.62322998,inf,27,150,102,102,581,1047,1336,4294967295,4294967295,5604
921,1,7569,7569,1,512,243,269,3,269,240,14896,484352,244130,240222,240222,0,1837,242293,0,0,0,1023,10,20,0,1048576,0,0,0,inf,1.46820068,1.56716919,0.965942383,115,18,99,28,8,115,19,42,114,19
922,1,7569,7569,1,512,109,403,1,403,108,15028,484352,220056,264296,264296,0,750,219306,0,0,0,1023,10,20,0,1048576,0,0,0,inf,1.63293457,1.7456665,0.703689575,3,2,6,6,2,11,3,3,9,9
923,0.200000003,7569,7569,1,512,13,499,0,499,13,15123,484352,205483,278869,278869,0,164,205319,0,0,0,1023,10,20,0,1048576,0,0,0,inf,1.02871704,1.10527039,0.978317261,7,9,189,107,607,279,357,829,113,944
924,0.5,7569,7569,1,512,12,500,0,500,12,15124,484352,157135,327217,327217,0,100,157035,0,0,0,1023,10,20,0,1048576,0,0,0,inf,1.41641235,1.59495544,1.27148438,31,30,19,33,29,69,289,1087,892,111
925,0.400000006,7569,7569,1,512,12,500,0,500,12,15124,484352,195770,288582,288582,0,199,195571,0,0,0,1023,10,20,0,1048576,0,0,0,inf,1.27793884,1.40440369,1.32147217,24,197,638,841,1065,481,481,646,486,392
926,1,7569,7569,1,512,62,450,0,450,62,15074,484352,160713,323639,323639,0,296,160417,0,0,0,1023,10,20,0,1048576,0,0,0,inf,1.64604187,1.73706055,0.731719971,47,87,87,87,87,86,46,29,75,57
927,1,7569,7569,1,512,236,276,1,276,235,14901,484352,234416,249936,249936,0,1746,232670,0,0,0,1023,10,20,0,1048576,0,0,0,inf,1.54037476,1.66886902,0.789581299,1,0,2,2,2,2,3,3,3,4
928,0.400000006,7569,7569,1,512,20,492,1,492,19,15117,484352,221756,262596,262596,0,370,221386,0,0,0,1023,10,20,0,1048576,0,0,0,inf,1.28788757,1.3966217,1.18821716,3,4,20,438,93,69,111,125,15,416
929,0.400000006,7569,7569,1,512,37,475,0,475,37,15099,484352,243732,240620,240620,0,491,243241,0,0,0,1023,10,20,0,1048576,0,0,0,inf,1.30789185,1.3924408,1.14117432,57,1326,489,408,464,1413,1868,1437,358,841
930,1,7569,7569,1,512,54,458,0,458,54,15082,484352,234795,249557,249557,0,534,234261,0,0,0,1023,10,20,0,1048576,0,0,0,inf,1.65336609,1.76980591,0.920654297,3,7,7,2,3,4,7,4,4,4
931,0.300000012,7569,7569,1,512,29,483,0,483,29,15107,484352,193506,290846,290846,0,210,193296,0,0,0,1023,10,20,0,1048576,0,0,0,inf,1.35404968,1.39257812,1.02748108,20,14,59,44,44,127,34,87,486,43
932,0.100000001,7569,7569,1,512,1,511,0,511,1,15135,484352,60627,423725,423725,0,24,60603,0,0,0,959,1,20,0,1048576,0,0,0,inf,1.78359985,1.81239319,inf,119,61,20,302,225,573,4294967295,549,285,35
933,0.5,7569,7569,1,512,5,507,0,507,5,15131,484352,216435,267917,267917,0,52,216383,0,0,0,895,5,20,0,1048576,0,0,0,inf,1.55784607,1.63897705,inf,11,119,119,614,3244,463,4353,4294967295,3333,1443
934,1,7569,7569,1,512,328,184,3,184,325,14811,484352,233733,250619,250619,0,2181,231552,0,0,0,1023,10,20,0,1048576,0,0,0,inf,1.60746765,1.71676636,0.808258057,6,6,6,8,8,12,10,19,6,21
935,1,7569,7569,1,512,510,2,0,2,538,14582,483840,235668,248172,248172,0,3110,232558,0,0,0,1023,10,20,0,1048576,0,0,0,inf,1.89390564,1.9825592,0.707077026,3,4,5,6,3,3,3,3,5,5
936,0.400000006,7569,7569,1,512,17,495,1,495,16,15120,484352,272543,211809,211809,0,256,272287,0,0,0,1023,10,20,0,1048576,0,0,0,inf,1.20840454,1.26914978,1.1605835,101,212,23,133,352,47,1139,2257,846,5783
937,1,261,7569,3,512,512,0,0,0,512,8,16640,2118,14522,14522,0,1486,632,0,0,0,1023,10,20,0,1048576,0,0,0,inf,inf,0.580627441,0.287658691,3,4,4,5,5,5,4,4,5,4
938,0.400000006,7569,7569,1,512,15,497,0,497,15,15121,484352,171629,312723,312723,0,103,171526,0,0,0,1023,10,20,0,1048576,0,0,0,inf,1.08357239,1.15182495,0.951873779,29,70,445,330,1056,838,1308,129,478,319
939,1,7569,7569,1,512,42,470,0,470,42,15094,484352,222213,262139,262139,0,351,221862,0,0,0,1023,10,20,0,1048576,0,0,0,inf,1.52793884,1.651474,1.05177307,2,3,38,4,3,3,2,32,46,28
940,0.899999976,7569,7569,1,512,51,461,0,461,51,15085,484352,184337,300015,300015,0,359,183978,0,0,0,1023,10,20,0,1048576,0,0,0,inf,1.70169067,1.90922546,0.954498291,7,6,6,6,7,25,10,26,168,61
941,0.100000001,7569,7569,1,512,2,510,0,510,2,15134,484352,232159,252193,252193,0,116,232043,0,0,0,1023,2,20,0,1048576,0,0,0,inf,1.06100464,1.30329895,inf,84,630,473,282,185,173,219,62,1208,472
942,0.400000006,7569,7569,1,512,40,472,0,472,40,15096,484352,218760,265592,265592,0,424,218336,0,0,0,1023,10,20,0,1048576,0,0,0,inf,1.3324585,1.5295105,0.996353149,12,32,1867,73,14,11,26,47,458,20
943,1,7569,7569,1,512,117,395,3,395,115,15021,484352,226796,257556,257556,0,1253,225543,0,0,0,1023,10,20,0,1048576,0,0,0,inf,1.55900574,1.64730835,0.873855591,17,6,14,33,17,55,45,45,25,78
944,0.899999976,7569,7569,1,512,27,485,0,485,27,15109,484352,155187,329165,329165,0,389,154798,0,0,0,1023,10,20,0,1048576,0,0,0,inf,1.94067383,1.95121765,1.65898132,71,71,14,14,3,2,145,7,475,256
945,0.400000006,7569,7569,1,512,17,495,1,495,16,15120,484352,220033,264319,264319,0,159,219874,0,0,0,1023,10,20,0,1048576,0,0,0,inf,1.54585266,1.65672302,1.45605469,54,388,179,79,123,42,1791,66,2281,1058
946,0.600000024,7569,7569,1,512,25,487,0,487,25,15111,484352,228133,256219,256219,0,232,227901,0,0,0,1023,10,20,0,1048576,0,0,0,inf,1.65792847,1.71897888,1.37896729,6,172,263,445,27,38,224,290,67,379
947,1,7569,7569,1,512,191,321,3,321,188,14948,484352,215612,268740,268740,0,1958,213654,0,0,0,1023,10,20,0,1048576,0,0,0,inf,1.43682861,1.58251953,0.776184082,11,11,2,7,2,2,7,3,31,23
948,0.300000012,7569,7569,1,512,5,507,0,507,5,15131,484352,263825,220527,220527,0,90,263735,0,0,0,1023,5,20,0,1048576,0,0,0,inf,1.8500824,1.93022156,inf,184,321,321,1576,116,73,1558,465,1104,930
949,0.400000006,7569,7569,1,512,22,490,0,490,22,15114,484352,228246,256106,256106,0,339,227907,0,0,0,1023,10,20,0,1048576,0,0,0,inf,1.49520874,1.6043396,1.43237305,7,56,976,274,551,254,590,450,1422,346
950,1,7569,7569,1,512,92,420,4,420,88,15048,484352,263679,220673,220673,0,1010,262669,0,0,0,1023,10,20,0,1048576,0,0,0,inf,1.44630432,1.63996887,1.19117737,32,11,131,188,89,30,5,5,5,483
951,0.5,7569,7569,1,512,8,504,0,504,8,15128,484352,251651,232701,232701,0,113,251538,0,0,0,1023,8,20,0,1048576,0,0,0,inf,1.46025085,1.56289673,inf,101,56,2516,278,1759,1104,1492,4905,1364,644
952,0.600000024,7569,7569,1,512,30,482,2,482,28,15108,484352,211868,272484,272484,0,334,211534,0,0,0,1023,10,20,0,1048576,0,0,0,inf,2.04081726,2.12005615,1.62590027,14,8,8,20,57,79,187,187,787,436
953,0.200000003,7569,7569,1,512,30,482,0,482,30,15106,484352,187067,297285,297285,0,309,186758,0,0,0,1023,10,20,0,1048576,0,0,0,inf,1.18850708,1.25032043,0.922210693,5,78,147,395,370,525,359,630,147,360
954,1,7569,7569,1,512,297,215,9,215,288,14848,484352,190988,293364,293364,0,2528,188460,0,0,0,1023,10,20,0,1048576,0,0,0,inf,1.31681824,1.43635559,0.634963989,6,5,5,6,7,8,11,8,35,7
955,1,7569,7569,1,512,106,406,2,406,104,15032,484352,252195,232157,232157,0,1175,251020,0,0,0,1023,10,20,0,1048576,0,0,0,inf,1.37263489,1.48687744,1.0934906,28,28,50,47,163,43,21,329,83,224
956,0.300000012,7569,7569,1,512,14,498,0,498,14,15122,484352,216686,267666,267666,0,208,216478,0,0,0,1023,10,20,0,1048576,0,0,0,inf,1.69062805,1.83287048,1.63444519,169,189,193,296,305,317,500,897,825,294
957,0.100000001,7569,7569,1,512,15,497,0,497,15,15121,484352,196389,287963,287963,0,185,196204,0,0,0,1023,10,20,0,1048576,0,0,0,inf,2.0756073,2.16888428,1.99179077,242,35,131,222,342,524,524,524,106,754
958,0.5,7569,7569,1,512,48,464,0,464,48,15088,484352,161102,323250,323250,0,497,160605,0,0,0,1023,10,20,0,1048576,0,0,0,inf,1.60662842,1.69766235,0.912704468,2,28,2,12,216,92,24,48,16,56
959,0.699999988,7569,7569,1,512,71,441,1,441,70,15066,484352,180591,303761,303761,0,719,179872,0,0,0,1023,10,20,0,1048576,0,0,0,inf,0.981307983,1.1864624,0.705047607,7,122,8,3,68,17,117,62,48,70
960,0.300000012,7569,7569,1,512,32,480,1,480,31,15105,484352,249065,235287,235287,0,693,248372,0,0,0,1023,10,20,0,1048576,0,0,0,inf,1.39416504,1.56053162,1.16304016,180,102,128,269,31,205,205,27,1398,128
961,0.400000006,7569,7569,1,512,23,489,2,489,21,15115,484352,248042,236310,236310,0,329,247713,0,0,0,1023,10,20,0,1048576,0,0,0,inf,1.47666931,1.58227539,1.31912231,15,189,204,432,40,432,261,541,2245,975
962,1,7569,7569,1,512,497,15,2,15,495,14641,484352,225862,258490,258490,0,3174,222688,0,0,0,1023,10,20,0,1048576,0,0,0,inf,1.41371155,1.56938171,0.645812988,4,6,4,5,5,4,4,5,5,6
963,1,7569,7569,1,512,89,423,1,423,88,15048,484352,224572,259780,259780,0,1162,223410,0,0,0,1023,10,20,0,1048576,0,0,0,inf,1.25526428,1.34394836,0.829986572,15,19,49,16,38,40,62,47,33,77
964,0.400000006,7569,7569,1,512,17,495,0,495,17,15119,484352,184511,299841,299841,0,262,184249,0,0,0,1023,10,20,0,1048576,0,0,0,inf,2.25,2.29949951,2.13299561,22,45,103,101,196,215,424,1811,408,25
965,1,7569,7569,1,512,73,439,0,439,74,15062,484352,197925,286427,286427,0,296,197629,0,0,0,1023,10,20,0,1048576,0,0,0,inf,1.61112976,1.62017822,0.256317139,4,4,4,5,4,5,4,4,3,4
966,0.800000012,7569,7569,1,512,31,481,2,481,29,15107,484352,185623,298729,298729,0,423,185200,0,0,0,1023,10,20,0,1048576,0,0,0,inf,1.06280518,1.14476013,0.660064697,24,17,17,160,160,160,85,511,3,315
967,0.600000024,7569,7569,1,512,24,488,0,488,24,15112,484352,169490,314862,314862,0,229,169261,0,0,0,1023,10,20,0,1048576,0,0,0,inf,1.06182861,1.16146851,0.847930908,18,15,340,341,52,8,275,29,2,248
968,0.300000012,7569,7569,1,512,18,494,0,494,18,15118,484352,214908,269444,269444,0,165,214743,0,0,0,1023,10,20,0,1048576,0,0,0,inf,2.08882141,2.19732666,1.87190247,1,0,122,17,17,80,237,279,480,173
969,0.699999988,7569,7569,1,512,40,472,0,472,40,15096,484352,266157,218195,218195,0,566,265591,0,0,0,1023,10,20,0,1048576,0,0,0,inf,1.57255554,1.68330383,1.40736389,14,65,100,645,91,670,171,266,12,190
970,0.400000006,7569,7569,1,512,47,465,2,465,45,15091,484352,176055,308297,308297,0,472,175583,0,0,0,1023,10,20,0,1048576,0,0,0,inf,1.57218933,1.65011597,1.07730103,15,9,16,6,40,101,56,34,50,19
971,0.300000012,7569,7569,1,512,6,506,0,506,6,15130,484352,202308,282044,282044,0,109,202199,0,0,0,1023,6,20,0,1048576,0,0,0,inf,1.29246521,1.34136963,inf,514,100,100,447,4509,601,2592,515,1124,4157
972,1,7569,7569,1,512,67,445,1,445,66,15070,484352,206782,277570,277570,0,532,206250,0,0,0,1023,10,20,0,1048576,0,0,0,inf,1.29905701,1.4211731,0.623245239,3,8,20,8,23,8,21,14,7,6
973,0.800000012,7569,7569,1,512,58,454,1,454,57,15079,484352,243159,241193,241193,0,558,242601,0,0,0,1023,10,20,0,1048576,0,0,0,inf,1.62773132,1.83241272,1.34197998,6,6,11,24,92,224,17,174,49,376
974,0.5,7569,7569,1,512,63,449,1,449,62,15074,484352,245691,238661,238661,0,913,244778,0,0,0,1023,10,20,0,1048576,0,0,0,inf,1.77720642,1.95271301,1.6031189,4,9,27,8,14,8,14,229,24,175
975,0.200000003,7569,7569,1,512,16,496,1,496,15,15121,484352,260728,223624,223624,0,354,260374,0,0,0,1023,10,20,0,1048576,0,0,0,inf,1.49682617,1.66687012,1.54541016,38,151,55,130,130,193,102,20,580,99
976,0.600000024,7569,7569,1,512,32,480,0,480,32,15104,484352,216777,267575,267575,0,442,216335,0,0,0,1023,10,20,0,1048576,0,0,0,inf,1.27537537,1.49406433,1.10964966,17,3,34,44,212,40,42,18,11,143
977,0.5,7569,7569,1,512,64,448,1,448,63,15073,484352,221238,263114,263114,0,912,220326,0,0,0,1023,10,20,0,1048576,0,0,0,inf,1.58395386,1.72998047,1.15794373,3,71,31,24,81,51,15,55,455,26
978,0.100000001,7569,7569,1,512,12,500,0,500,12,15124,484352,190377,293975,293975,0,184,190193,0,0,0,1023,10,20,0,1048576,0,0,0,inf,1.52096558,1.56030273,1.50935364,26,36,23,146,606,586,1159,560,1082,88
979,1,7569,7569,1,512,335,177,2,177,333,14803,484352,148392,335960,335960,0,2919,145473,0,0,0,1023,10,20,0,1048576,0,0,0,inf,1.84541321,2.03518677,0.775619507,6,3,9,22,11,91,12,7,5,4
980,1,7569,7569,1,512,49,463,3,463,46,15090,484352,251362,232990,232990,0,885,250477,0,0,0,1023,10,20,0,1048576,0,0,0,inf,1.54429626,1.66583252,1.2809906,13,15,77,90,20,50,99,99,138,8
981,1,7569,7569,1,512,300,212,5,212,295,14841,484352,180409,303943,303943,0,3022,177387,0,0,0,1023,10,20,0,1048576,0,0,0,inf,1.4082489,1.53486633,0.614776611,3,7,4,7,4,10,9,11,5,8
982,0.600000024,7569,7569,1,512,62,450,0,450,62,15074,484352,245171,239181,239181,0,868,244303,0,0,0,1023,10,20,0,1048576,0,0,0,inf,1.36521912,1.41188049,1.10299683,25,72,72,164,164,42,127,106,217,1001
983,1,261,7569,3,512,512,0,0,0,519,1,16640,2093,14547,14547,0,1334,759,0,0,0,1023,10,20,0,1048576,0,0,0,inf,inf,0.190246582,0.0942687988,5,5,5,4,5,5,6,6,6,5
984,0.5,7569,7569,1,512,27,485,0,485,27,15109,484352,203195,281157,281157,0,384,202811,0,0,0,1023,10,20,0,1048576,0,0,0,inf,1.40837097,1.50097656,1.29933167,20,57,9,16,169,16,289,686,247,626
985,0.400000006,7569,7569,1,512,19,493,1,493,18,15118,484352,199827,284525,284525,0,189,199638,0,0,0,1023,10,20,0,1048576,0,0,0,inf,1.81271362,1.91522217,1.71990967,85,241,841,435,628,613,968,658,554,499
986,0.800000012,7569,7569,1,512,42,470,1,470,41,15095,484352,159172,325180,325180,0,403,158769,0,0,0,1023,10,20,0,1048576,0,0,0,inf,1.85461426,1.92474365,0.947219849,7,8,8,8,35,15,91,12,109,302
987,1,637,7569,3,512,512,0,0,0,516,749,40480,12114,28366,28366,0,4398,7716,0,0,0,1023,10,20,0,1048576,0,0,0,inf,inf,0.6771698,0.330505371,6,27,27,7,2,18,7,10,7,7
988,0.5,7569,7569,1,512,10,502,0,502,10,15126,484352,166529,317823,317823,0,135,166394,0,0,0,1023,10,20,0,1048576,0,0,0,inf,1.50512695,1.86401367,1.5949707,105,270,22,145,662,453,374,1179,369,1946
989,0.600000024,7569,7569,1,512,60,452,1,452,59,15077,484352,220170,264182,264182,0,700,219470,0,0,0,1023,10,20,0,1048576,0,0,0,inf,1.70483398,1.78552246,1.23612976,30,51,75,202,108,28,15,84,60,78
990,1,7569,7569,1,512,83,429,4,429,79,15057,484352,233157,251195,251195,0,1016,232141,0,0,0,1023,10,20,0,1048576,0,0,0,inf,1.3374176,1.41281128,0.936828613,9,52,39,53,96,104,55,68,248,118
991,1,7569,7569,1,512,209,303,3,303,206,14930,484352,250845,233507,233507,0,1203,249642,0,0,0,1023,10,20,0,1048576,0,0,0,inf,1.23852539,1.4026947,0.452880859,10,11,11,11,11,11,11,11,11,11
992,1,7569,7569,1,512,56,456,0,456,56,15080,484352,152366,331986,331986,0,443,151923,0,0,0,1023,10,20,0,1048576,0,0,0,inf,1.57447815,1.67437744,0.688903809,4,4,3,3,4,4,4,3,2,9
993,0.5,7569,7569,1,512,31,481,1,481,30,15106,484352,161543,322809,322809,0,488,161055,0,0,0,1023,10,20,0,1048576,0,0,0,inf,2.21536255,2.27687073,1.97528076,183,238,532,370,593,18,178,557,557,108
994,0.200000003,7569,7569,1,512,10,502,0,502,10,15126,484352,167095,317257,317257,0,137,166958,0,0,0,1023,10,20,0,1048576,0,0,0,inf,1.38557434,1.48294067,1.37445068,57,23,378,435,34,901,1006,387,1489,435
995,0.699999988,7569,7569,1,512,98,414,1,414,97,15039,484352,232169,252183,252183,0,923,231246,0,0,0,1023,10,20,0,1048576,0,0,0,inf,1.17497253,1.28013611,0.894042969,48,75,179,84,80,12,108,282,18,336
996,0.300000012,7569,7569,1,512,32,480,0,480,32,15104,484352,206831,277521,277521,0,503,206328,0,0,0,1023,10,20,0,1048576,0,0,0,inf,1.14997864,1.28567505,1.07170105,383,11,11,354,75,75,330,506,717,2205
997,0.5,7569,7569,1,512,14,498,0,498,14,15122,484352,194474,289878,289878,0,162,194312,0,0,0,1023,10,20,0,1048576,0,0,0,inf,1.03538513,1.11613464,0.868835449,3,30,83,29,263,104,225,320,320,2353
998,0.699999988,7569,7569,1,512,21,491,0,491,21,15115,484352,268274,216078,216078,0,325,267949,0,0,0,1023,10,20,0,1048576,0,0,0,inf,1.44921875,1.56971741,1.3132019,252,518,903,988,989,319,358,640,1474,203
999,0.200000003,7569,7569,1,509,11,498,0,498,11,15125,484352,148113,336239,336239,0,166,147947,0,0,0,1023,10,20,0,1048576,0,0,0,inf,2.01171875,2.02427673,1.91967773,251,103,72,140,85,56,162,407,1981,205
