query_id,recall,iterations,resolved_max_iterations,stop_reason,terminal_valid,terminal_pass,terminal_reject,terminal_unexpanded_pass,terminal_unexpanded_reject,expanded_pass_parents,expanded_reject_parents,candidate_attempts,candidate_evaluations,candidate_duplicate_or_full,candidate_duplicates,candidate_hash_full,passing_candidates,rejected_candidates,penalized_candidates,accumulator_observations,accumulator_insertions,graph_rows_read,predicate_probes,distance_evaluations,passing_admissions,seed_inspected_units,gt_seen_mask,output_count,hash_bitlen,small_hash_bitlen,small_hash_reset_interval,resolved_filtering_rate,reference_penalty,query_penalty,terminal_cutoff,best_unexpanded_distance,worst_retained_distance,kth_passing_raw_distance,navix_seed_found,navix_seed_iteration,navix_seed_count,navix_post_seed_iterations,navix_terminal_phase,navix_one_hop_parents,navix_directed_parents,navix_blind_parents,navix_first_hop_checks,navix_first_hop_passing,navix_bridge_rows,navix_bridge_rows_loaded,navix_bridge_rows_after_cap,navix_second_hop_checks,navix_second_hop_passing,navix_admitted_candidates,navix_cap_blocked_unique,navix_gt_first_hop_mask,navix_gt_second_hop_mask,navix_gt_admitted_mask,navix_gt_retained_mask,navix_gt_cap_blocked_mask,navix_gt_hash_full_mask,navix_gt_output_mask,navix_local_p_0,navix_local_p_1,navix_local_p_2,navix_local_p_3,navix_local_p_4,navix_local_p_5,navix_local_p_6,navix_local_p_7,navix_local_p_8,navix_local_p_9,navix_local_p_10,navix_local_p_11,navix_local_p_12,navix_local_p_13,navix_local_p_14,navix_local_p_15,navix_local_p_16,navix_local_p_17,navix_local_p_18,navix_local_p_19,navix_local_p_20,navix_local_p_21,navix_local_p_22,navix_local_p_23,navix_local_p_24,navix_local_p_25,navix_local_p_26,navix_local_p_27,navix_local_p_28,navix_local_p_29,navix_local_p_30,navix_local_p_31,navix_local_p_32,navix_local_p_33,navix_local_p_34,navix_local_p_35,navix_local_p_36,navix_local_p_37,navix_local_p_38,navix_local_p_39,navix_local_p_40,navix_local_p_41,navix_local_p_42,navix_local_p_43,navix_local_p_44,navix_local_p_45,navix_local_p_46,navix_local_p_47,navix_local_p_48,navix_local_p_49,navix_local_p_50,navix_local_p_51,navix_local_p_52,navix_local_p_53,navix_local_p_54,navix_local_p_55,navix_local_p_56,navix_local_p_57,navix_local_p_58,navix_local_p_59,navix_local_p_60,navix_local_p_61,navix_local_p_62,navix_local_p_63,navix_local_p_64,gt_first_iteration_0,gt_first_iteration_1,gt_first_iteration_2,gt_first_iteration_3,gt_first_iteration_4,gt_first_iteration_5,gt_first_iteration_6,gt_first_iteration_7,gt_first_iteration_8,gt_first_iteration_9
0,0,13,69,3,12,12,0,0,0,12,0,47936,47936,691,691,0,666,47270,0,0,0,749,47936,12,2,52096,0,10,15,0,1048576,0,0,0,inf,inf,3.40478516,3.11039734,1,0,10,13,2,0,0,12,768,4,737,737,0,47168,662,2,0,0,0,0,0,0,0,0,8,4,0,0,0,0,0,0,0,0,0,0,0,0,0,0,0,0,0,0,0,0,0,0,0,0,0,0,0,0,0,0,0,0,0,0,0,0,0,0,0,0,0,0,0,0,0,0,0,0,0,0,0,0,0,0,0,0,0,0,0,0,0,0,0,4294967295,4294967295,4294967295,4294967295,4294967295,4294967295,4294967295,4294967295,4294967295,4294967295
1,0.300000012,15,69,3,14,14,0,0,0,14,0,56640,56640,734,734,0,718,55922,0,0,0,885,56640,14,4,55232,25,10,15,0,1048576,0,0,0,inf,inf,3.04933167,2.91775513,1,0,10,15,2,0,0,14,896,5,871,871,0,55744,713,4,0,0,25,25,25,0,0,25,10,3,1,0,0,0,0,0,0,0,0,0,0,0,0,0,0,0,0,0,0,0,0,0,0,0,0,0,0,0,0,0,0,0,0,0,0,0,0,0,0,0,0,0,0,0,0,0,0,0,0,0,0,0,0,0,0,0,0,0,0,0,0,0,0,0,4294967295,4294967295,0,1,4294967295,4294967295,4294967295,4294967295,4294967295
2,0.200000003,23,69,3,22,22,0,0,0,22,0,80384,80384,1367,1367,0,1232,79152,0,0,0,1256,80384,22,12,52480,34,10,15,0,1048576,0,0,0,inf,inf,2.5381012,2.23406982,1,0,10,23,2,0,0,22,1408,27,1234,1234,0,78976,1205,12,0,0,34,34,34,0,0,34,9,5,3,4,1,0,0,0,0,0,0,0,0,0,0,0,0,0,0,0,0,0,0,0,0,0,0,0,0,0,0,0,0,0,0,0,0,0,0,0,0,0,0,0,0,0,0,0,0,0,0,0,0,0,0,0,0,0,0,0,0,0,0,0,0,4294967295,0,4294967295,4294967295,4294967295,0,4294967295,4294967295,4294967295,4294967295
3,0,12,69,3,11,11,0,0,0,11,0,42624,42624,612,612,0,566,42058,0,0,0,666,42624,11,1,14784,0,10,15,0,1048576,0,0,0,inf,inf,3.21629333,2.8237915,1,0,10,12,2,0,0,11,704,2,655,655,0,41920,564,1,0,0,0,0,0,0,0,0,9,2,0,0,0,0,0,0,0,0,0,0,0,0,0,0,0,0,0,0,0,0,0,0,0,0,0,0,0,0,0,0,0,0,0,0,0,0,0,0,0,0,0,0,0,0,0,0,0,0,0,0,0,0,0,0,0,0,0,0,0,0,0,0,0,4294967295,4294967295,4294967295,4294967295,4294967295,4294967295,4294967295,4294967295,4294967295,4294967295
4,1,65,69,3,64,64,0,0,0,64,0,231232,231232,4005,4005,0,3729,227503,0,0,0,3613,231232,1158,75,53280,1023,10,15,0,1048576,0,0,0,inf,inf,1.94067383,1.28182983,1,0,10,65,2,0,17,47,4096,196,3549,3549,0,227136,3533,75,0,959,1023,1023,1023,0,0,1023,15,15,11,4,2,5,1,4,1,1,0,3,0,0,1,0,1,0,0,0,0,0,0,0,0,0,0,0,0,0,0,0,0,0,0,0,0,0,0,0,0,0,0,0,0,0,0,0,0,0,0,0,0,0,0,0,0,0,0,0,0,0,0,0,0,0,1,1,1,1,1,0,3,4,5
5,0.699999988,65,69,3,64,64,0,0,0,64,0,207872,207872,4590,4590,0,3854,204018,0,0,0,3248,207872,282,82,28512,883,10,15,0,1048576,0,0,0,inf,inf,2.11575317,1.53605652,1,0,10,65,2,0,3,61,4096,94,3184,3184,0,203776,3760,82,0,819,883,883,883,0,0,883,22,18,8,8,5,2,1,0,0,0,0,0,0,0,0,0,0,0,0,0,0,0,0,0,0,0,0,0,0,0,0,0,0,0,0,0,0,0,0,0,0,0,0,0,0,0,0,0,0,0,0,0,0,0,0,0,0,0,0,0,0,0,0,0,0,3,3,4294967295,4294967295,2,2,3,4294967295,3,3
6,1,65,69,3,64,64,0,0,0,64,0,214720,214720,4412,4412,0,3776,210944,0,0,0,3355,214720,141,67,26528,1023,10,15,0,1048576,0,0,0,inf,inf,1.92440796,0.648681641,1,0,10,65,2,0,1,63,4096,102,3291,3291,0,210624,3674,67,0,1023,1023,1023,1023,0,0,1023,18,22,8,2,13,0,1,0,0,0,0,0,0,0,0,0,0,0,0,0,0,0,0,0,0,0,0,0,0,0,0,0,0,0,0,0,0,0,0,0,0,0,0,0,0,0,0,0,0,0,0,0,0,0,0,0,0,0,0,0,0,0,0,0,0,2,1,1,1,1,1,1,2,1,1
7,0,38,69,3,37,37,0,0,0,37,0,131136,131136,2364,2364,0,2064,129072,0,0,0,2049,131136,37,27,29280,0,10,15,0,1048576,0,0,0,inf,inf,3.12860107,2.53253174,1,0,10,38,2,0,0,37,2368,29,2012,2012,0,128768,2035,27,0,0,0,0,0,0,0,0,22,5,6,4,0,0,0,0,0,0,0,0,0,0,0,0,0,0,0,0,0,0,0,0,0,0,0,0,0,0,0,0,0,0,0,0,0,0,0,0,0,0,0,0,0,0,0,0,0,0,0,0,0,0,0,0,0,0,0,0,0,0,0,0,0,4294967295,4294967295,4294967295,4294967295,4294967295,4294967295,4294967295,4294967295,4294967295,4294967295
8,0,14,69,3,13,13,0,0,0,13,0,50432,50432,739,739,0,689,49743,0,0,0,788,50432,13,3,42560,0,10,15,0,1048576,0,0,0,inf,inf,2.93202209,2.68859863,1,0,10,14,2,0,0,13,832,4,775,775,0,49600,685,3,0,0,0,0,0,0,0,0,9,4,0,0,0,0,0,0,0,0,0,0,0,0,0,0,0,0,0,0,0,0,0,0,0,0,0,0,0,0,0,0,0,0,0,0,0,0,0,0,0,0,0,0,0,0,0,0,0,0,0,0,0,0,0,0,0,0,0,0,0,0,0,0,0,4294967295,4294967295,4294967295,4294967295,4294967295,4294967295,4294967295,4294967295,4294967295,4294967295
9,0.899999976,47,69,3,46,46,0,0,0,46,0,172480,172480,2608,2608,0,2452,170028,0,0,0,2695,172480,618,36,45760,959,10,15,0,1048576,0,0,0,inf,inf,3.05319214,1.50401306,1,0,10,47,2,0,9,37,2944,103,2649,2649,0,169536,2349,36,0,955,959,959,959,0,0,959,13,8,8,5,3,4,3,2,0,0,0,0,0,0,0,0,0,0,0,0,0,0,0,0,0,0,0,0,0,0,0,0,0,0,0,0,0,0,0,0,0,0,0,0,0,0,0,0,0,0,0,0,0,0,0,0,0,0,0,0,0,0,0,0,0,7,6,10,6,5,1,4294967295,5,0,5
10,0,26,69,3,25,25,0,0,0,25,0,98432,98432,1371,1371,0,1315,97117,0,0,0,1538,98432,25,15,45216,0,10,15,0,1048576,0,0,0,inf,inf,2.8480835,2.23976135,1,0,10,26,2,0,0,25,1600,16,1513,1513,0,96832,1299,15,0,0,0,0,0,0,0,0,13,8,4,0,0,0,0,0,0,0,0,0,0,0,0,0,0,0,0,0,0,0,0,0,0,0,0,0,0,0,0,0,0,0,0,0,0,0,0,0,0,0,0,0,0,0,0,0,0,0,0,0,0,0,0,0,0,0,0,0,0,0,0,0,0,4294967295,4294967295,4294967295,4294967295,4294967295,4294967295,4294967295,4294967295,4294967295,4294967295
11,0.699999988,67,69,3,64,64,0,0,0,66,0,251648,251648,3867,3867,0,3600,248048,0,0,0,3932,251648,69,59,30112,127,10,15,0,1048576,0,0,0,inf,inf,2.53762817,1.65864563,1,0,10,67,2,0,0,66,4224,32,3866,3866,0,247424,3568,59,0,122,127,127,127,0,0,127,40,20,6,0,0,0,0,0,0,0,0,0,0,0,0,0,0,0,0,0,0,0,0,0,0,0,0,0,0,0,0,0,0,0,0,0,0,0,0,0,0,0,0,0,0,0,0,0,0,0,0,0,0,0,0,0,0,0,0,0,0,0,0,0,0,39,36,36,34,36,35,34,4294967295,4294967295,4294967295
12,0,56,69,3,55,55,0,0,0,55,0,199744,199744,3319,3319,0,2963,196781,0,0,0,3121,199744,55,45,28192,0,10,15,0,1048576,0,0,0,inf,inf,3.23548889,2.38835144,1,0,10,56,2,0,0,55,3520,53,3066,3066,0,196224,2910,45,0,0,0,0,0,0,0,0,27,12,7,9,0,0,0,0,0,0,0,0,0,0,0,0,0,0,0,0,0,0,0,0,0,0,0,0,0,0,0,0,0,0,0,0,0,0,0,0,0,0,0,0,0,0,0,0,0,0,0,0,0,0,0,0,0,0,0,0,0,0,0,0,0,4294967295,4294967295,4294967295,4294967295,4294967295,4294967295,4294967295,4294967295,4294967295,4294967295
13,0.300000012,13,69,3,12,12,0,0,0,12,0,49600,49600,660,660,0,658,48942,0,0,0,775,49600,12,2,33856,770,10,15,0,1048576,0,0,0,inf,inf,3.12384033,2.98231506,1,0,10,13,2,0,0,12,768,1,763,763,0,48832,657,2,0,0,770,770,770,0,0,770,11,1,0,0,0,0,0,0,0,0,0,0,0,0,0,0,0,0,0,0,0,0,0,0,0,0,0,0,0,0,0,0,0,0,0,0,0,0,0,0,0,0,0,0,0,0,0,0,0,0,0,0,0,0,0,0,0,0,0,0,0,0,0,0,0,4294967295,0,4294967295,4294967295,4294967295,4294967295,4294967295,4294967295,0,0
14,0.400000006,65,69,3,64,64,0,0,0,64,0,233600,233600,4015,4015,0,3657,229943,0,0,0,3650,233600,146,72,49984,354,10,15,0,1048576,0,0,0,inf,inf,2.54414368,1.96269226,1,0,10,65,2,0,1,63,4096,80,3586,3586,0,229504,3577,72,0,256,354,354,354,0,0,354,24,18,10,8,3,0,1,0,0,0,0,0,0,0,0,0,0,0,0,0,0,0,0,0,0,0,0,0,0,0,0,0,0,0,0,0,0,0,0,0,0,0,0,0,0,0,0,0,0,0,0,0,0,0,0,0,0,0,0,0,0,0,0,0,0,4294967295,6,4294967295,4294967295,4294967295,12,0,4294967295,3,4294967295
15,0,18,69,3,17,17,0,0,0,17,0,69312,69312,962,962,0,952,68360,0,0,0,1083,69312,17,7,14112,0,10,15,0,1048576,0,0,0,inf,inf,3.51055908,3.12844849,1,0,10,18,2,0,0,17,1088,5,1066,1066,0,68224,947,7,0,0,0,0,0,0,0,0,13,3,1,0,0,0,0,0,0,0,0,0,0,0,0,0,0,0,0,0,0,0,0,0,0,0,0,0,0,0,0,0,0,0,0,0,0,0,0,0,0,0,0,0,0,0,0,0,0,0,0,0,0,0,0,0,0,0,0,0,0,0,0,0,0,4294967295,4294967295,4294967295,4294967295,4294967295,4294967295,4294967295,4294967295,4294967295,4294967295
16,0.600000024,42,69,3,41,41,0,0,0,41,0,162816,162816,2294,2294,0,2218,160598,0,0,0,2544,162816,41,31,23104,235,10,15,0,1048576,0,0,0,inf,inf,2.74153137,1.35269165,1,0,10,42,2,0,0,41,2624,14,2503,2503,0,160192,2204,31,0,192,235,235,235,0,0,235,30,8,3,0,0,0,0,0,0,0,0,0,0,0,0,0,0,0,0,0,0,0,0,0,0,0,0,0,0,0,0,0,0,0,0,0,0,0,0,0,0,0,0,0,0,0,0,0,0,0,0,0,0,0,0,0,0,0,0,0,0,0,0,0,0,0,1,4294967295,14,4294967295,2,14,7,4294967295,4294967295
17,0.100000001,15,69,3,14,14,0,0,0,14,0,57344,57344,746,746,0,738,56606,0,0,0,896,57344,14,4,37184,32,10,15,0,1048576,0,0,0,inf,inf,2.8848877,2.68797302,1,0,10,15,2,0,0,14,896,2,882,882,0,56448,736,4,0,0,32,32,32,0,0,32,12,2,0,0,0,0,0,0,0,0,0,0,0,0,0,0,0,0,0,0,0,0,0,0,0,0,0,0,0,0,0,0,0,0,0,0,0,0,0,0,0,0,0,0,0,0,0,0,0,0,0,0,0,0,0,0,0,0,0,0,0,0,0,0,0,4294967295,4294967295,4294967295,4294967295,4294967295,0,4294967295,4294967295,4294967295,4294967295
18,0,18,69,3,17,17,0,0,0,17,0,64704,64704,1037,1037,0,963,63741,0,0,0,1011,64704,17,7,29600,0,10,15,0,1048576,0,0,0,inf,inf,3.54682922,2.18817139,1,0,10,18,2,0,0,17,1088,13,994,994,0,63616,950,7,0,0,0,0,0,0,0,0,11,2,1,3,0,0,0,0,0,0,0,0,0,0,0,0,0,0,0,0,0,0,0,0,0,0,0,0,0,0,0,0,0,0,0,0,0,0,0,0,0,0,0,0,0,0,0,0,0,0,0,0,0,0,0,0,0,0,0,0,0,0,0,0,0,4294967295,4294967295,4294967295,4294967295,4294967295,4294967295,4294967295,4294967295,4294967295,4294967295
19,0.600000024,56,69,3,55,55,0,0,0,55,0,207488,207488,3363,3363,0,3126,204362,0,0,0,3242,207488,55,45,63680,745,10,15,0,1048576,0,0,0,inf,inf,2.44308472,1.24809265,1,0,10,56,2,0,0,55,3520,51,3187,3187,0,203968,3075,45,0,576,745,745,745,0,0,745,29,14,3,5,4,0,0,0,0,0,0,0,0,0,0,0,0,0,0,0,0,0,0,0,0,0,0,0,0,0,0,0,0,0,0,0,0,0,0,0,0,0,0,0,0,0,0,0,0,0,0,0,0,0,0,0,0,0,0,0,0,0,0,0,0,1,4294967295,4294967295,0,4294967295,5,6,0,4294967295,7
20,0.699999988,66,69,3,64,64,0,0,0,65,0,234496,234496,4185,4185,0,3876,230620,0,0,0,3664,234496,672,93,37248,1001,10,15,0,1048576,0,0,0,inf,inf,2.13903809,1.47053528,1,0,10,66,2,0,9,56,4160,159,3599,3599,0,230336,3717,93,0,745,1001,1001,1001,0,0,1001,13,13,13,8,9,3,2,1,2,0,1,0,0,0,0,0,0,0,0,0,0,0,0,0,0,0,0,0,0,0,0,0,0,0,0,0,0,0,0,0,0,0,0,0,0,0,0,0,0,0,0,0,0,0,0,0,0,0,0,0,0,0,0,0,0,4,4294967295,4294967295,6,4294967295,5,5,6,0,3
21,0,65,69,3,64,64,0,0,0,64,0,226240,226240,3788,3788,0,3409,222831,0,0,0,3535,226240,1341,54,117760,0,10,15,0,1048576,0,0,0,inf,inf,2.94065857,1.91007996,1,0,10,65,2,0,20,44,4096,192,3471,3471,0,222144,3217,54,0,0,0,0,0,0,0,0,10,11,11,7,5,9,6,4,0,1,0,0,0,0,0,0,0,0,0,0,0,0,0,0,0,0,0,0,0,0,0,0,0,0,0,0,0,0,0,0,0,0,0,0,0,0,0,0,0,0,0,0,0,0,0,0,0,0,0,0,0,0,0,0,0,4294967295,4294967295,4294967295,4294967295,4294967295,4294967295,4294967295,4294967295,4294967295,4294967295
22,0.300000012,36,69,3,35,35,0,0,0,35,0,127360,127360,2146,2146,0,1902,125458,0,0,0,1990,127360,35,25,53728,290,10,15,0,1048576,0,0,0,inf,inf,4.3274231,2.16015625,1,0,10,36,2,0,0,35,2240,16,1955,1955,0,125120,1886,25,0,0,290,290,290,0,0,290,22,11,1,1,0,0,0,0,0,0,0,0,0,0,0,0,0,0,0,0,0,0,0,0,0,0,0,0,0,0,0,0,0,0,0,0,0,0,0,0,0,0,0,0,0,0,0,0,0,0,0,0,0,0,0,0,0,0,0,0,0,0,0,0,0,4294967295,1,4294967295,4294967295,4294967295,17,4294967295,4294967295,0,4294967295
23,0.899999976,65,69,3,64,64,0,0,0,64,0,226048,226048,4213,4213,0,3788,222260,0,0,0,3532,226048,526,75,40128,1007,10,15,0,1048576,0,0,0,inf,inf,2.07777405,1.38072205,1,0,10,65,2,0,7,57,4096,128,3468,3468,0,221952,3660,75,0,943,1007,1007,1007,0,0,1007,19,13,11,6,8,2,2,3,0,0,0,0,0,0,0,0,0,0,0,0,0,0,0,0,0,0,0,0,0,0,0,0,0,0,0,0,0,0,0,0,0,0,0,0,0,0,0,0,0,0,0,0,0,0,0,0,0,0,0,0,0,0,0,0,0,2,2,3,3,4294967295,1,9,1,9,9
24,0.100000001,29,69,3,28,28,0,0,0,28,0,83968,83968,1915,1915,0,1547,82421,0,0,0,1312,83968,1045,18,42048,16,10,15,0,1048576,0,0,0,inf,inf,3.17913818,2.60609436,1,0,10,29,2,0,16,12,1792,122,1284,1284,0,82176,1425,18,0,0,16,16,16,0,0,16,6,3,1,0,2,4,3,4,3,1,1,0,0,0,0,0,0,0,0,0,0,0,0,0,0,0,0,0,0,0,0,0,0,0,0,0,0,0,0,0,0,0,0,0,0,0,0,0,0,0,0,0,0,0,0,0,0,0,0,0,0,0,0,0,0,4294967295,4294967295,4294967295,4294967295,0,4294967295,4294967295,4294967295,4294967295,4294967295
25,0.5,44,69,3,43,43,0,0,0,43,0,164800,164800,2536,2536,0,2361,162439,0,0,0,2575,164800,43,33,41856,555,10,15,0,1048576,0,0,0,inf,inf,3.22749329,1.86448669,1,0,10,44,2,0,0,43,2752,12,2532,2532,0,162048,2349,33,0,3,555,555,555,0,0,555,31,12,0,0,0,0,0,0,0,0,0,0,0,0,0,0,0,0,0,0,0,0,0,0,0,0,0,0,0,0,0,0,0,0,0,0,0,0,0,0,0,0,0,0,0,0,0,0,0,0,0,0,0,0,0,0,0,0,0,0,0,0,0,0,0,1,1,4294967295,1,4294967295,0,4294967295,4294967295,4294967295,0
26,1,65,69,3,64,64,0,0,0,64,0,223232,223232,4180,4180,0,3679,219553,0,0,0,3488,223232,334,68,45440,1023,10,15,0,1048576,0,0,0,inf,inf,1.43415833,0.570297241,1,0,10,65,2,0,4,60,4096,103,3424,3424,0,219136,3576,68,0,1015,1023,1023,1023,0,0,1023,23,13,10,9,5,2,1,1,0,0,0,0,0,0,0,0,0,0,0,0,0,0,0,0,0,0,0,0,0,0,0,0,0,0,0,0,0,0,0,0,0,0,0,0,0,0,0,0,0,0,0,0,0,0,0,0,0,0,0,0,0,0,0,0,0,5,5,3,0,2,5,2,7,4,2
27,0,18,69,3,17,17,0,0,0,17,0,68096,68096,933,933,0,911,67185,0,0,0,1064,68096,17,7,43552,0,10,15,0,1048576,0,0,0,inf,inf,3.05950928,2.50674438,1,0,10,18,2,0,0,17,1088,12,1047,1047,0,67008,899,7,0,0,0,0,0,0,0,0,8,6,3,0,0,0,0,0,0,0,0,0,0,0,0,0,0,0,0,0,0,0,0,0,0,0,0,0,0,0,0,0,0,0,0,0,0,0,0,0,0,0,0,0,0,0,0,0,0,0,0,0,0,0,0,0,0,0,0,0,0,0,0,0,0,4294967295,4294967295,4294967295,4294967295,4294967295,4294967295,4294967295,4294967295,4294967295,4294967295
28,0.300000012,66,69,3,64,64,0,0,0,65,0,242816,242816,4031,4031,0,3742,239074,0,0,0,3794,242816,141,67,58944,38,10,15,0,1048576,0,0,0,inf,inf,2.49478149,1.84373474,1,0,10,66,2,0,1,64,4160,75,3729,3729,0,238656,3667,67,0,34,38,38,38,0,0,38,29,13,13,5,4,1,0,0,0,0,0,0,0,0,0,0,0,0,0,0,0,0,0,0,0,0,0,0,0,0,0,0,0,0,0,0,0,0,0,0,0,0,0,0,0,0,0,0,0,0,0,0,0,0,0,0,0,0,0,0,0,0,0,0,0,4294967295,1,15,4294967295,4294967295,1,4294967295,4294967295,4294967295,4294967295
29,0,61,69,3,60,60,0,0,0,60,0,232384,232384,3450,3450,0,3264,229120,0,0,0,3631,232384,60,50,35616,0,10,15,0,1048576,0,0,0,inf,inf,3.39085388,1.74440002,1,0,10,61,2,0,0,60,3840,33,3571,3571,0,228544,3231,50,0,0,0,0,0,0,0,0,40,12,3,5,0,0,0,0,0,0,0,0,0,0,0,0,0,0,0,0,0,0,0,0,0,0,0,0,0,0,0,0,0,0,0,0,0,0,0,0,0,0,0,0,0,0,0,0,0,0,0,0,0,0,0,0,0,0,0,0,0,0,0,0,0,4294967295,4294967295,4294967295,4294967295,4294967295,4294967295,4294967295,4294967295,4294967295,4294967295
30,0.600000024,23,69,3,22,22,0,0,0,22,0,78720,78720,1372,1372,0,1222,77498,0,0,0,1230,78720,273,12,14464,111,10,15,0,1048576,0,0,0,inf,inf,3.52267456,2.81510925,1,0,10,23,2,0,4,18,1408,38,1208,1208,0,77312,1184,12,0,103,111,111,111,0,0,111,9,5,2,0,2,3,1,0,0,0,0,0,0,0,0,0,0,0,0,0,0,0,0,0,0,0,0,0,0,0,0,0,0,0,0,0,0,0,0,0,0,0,0,0,0,0,0,0,0,0,0,0,0,0,0,0,0,0,0,0,0,0,0,0,0,1,0,1,2,4294967295,0,0,4294967295,4294967295,4294967295
31,1,65,69,3,64,64,0,0,0,64,0,226944,226944,4250,4250,0,3776,223168,0,0,0,3546,226944,73,63,35680,1023,10,15,0,1048576,0,0,0,inf,inf,1.84565735,1.11198425,1,0,10,65,2,0,0,64,4096,77,3482,3482,0,222848,3699,63,0,767,1023,1023,1023,0,0,1023,22,20,11,9,2,0,0,0,0,0,0,0,0,0,0,0,0,0,0,0,0,0,0,0,0,0,0,0,0,0,0,0,0,0,0,0,0,0,0,0,0,0,0,0,0,0,0,0,0,0,0,0,0,0,0,0,0,0,0,0,0,0,0,0,0,3,0,3,1,1,3,1,1,3,0
32,1,67,69,3,64,64,0,0,0,66,0,222400,222400,4377,4377,0,3894,218506,0,0,0,3475,222400,1739,78,91712,1023,10,15,0,1048576,0,0,0,inf,inf,2.24761963,1.40156555,1,0,10,67,2,0,26,40,4224,254,3409,3409,0,218176,3640,78,0,1023,1023,1023,1023,0,0,1023,11,6,10,6,7,5,5,8,4,2,1,1,0,0,0,0,0,0,0,0,0,0,0,0,0,0,0,0,0,0,0,0,0,0,0,0,0,0,0,0,0,0,0,0,0,0,0,0,0,0,0,0,0,0,0,0,0,0,0,0,0,0,0,0,0,12,12,13,12,12,12,11,12,12,11
33,0,38,69,3,37,37,0,0,0,37,0,137344,137344,2240,2240,0,2022,135322,0,0,0,2146,137344,37,27,27840,0,10,15,0,1048576,0,0,0,inf,inf,2.38934326,1.32859802,1,0,10,38,2,0,0,37,2368,14,2109,2109,0,134976,2008,27,0,0,0,0,0,0,0,0,27,6,4,0,0,0,0,0,0,0,0,0,0,0,0,0,0,0,0,0,0,0,0,0,0,0,0,0,0,0,0,0,0,0,0,0,0,0,0,0,0,0,0,0,0,0,0,0,0,0,0,0,0,0,0,0,0,0,0,0,0,0,0,0,0,4294967295,4294967295,4294967295,4294967295,4294967295,4294967295,4294967295,4294967295,4294967295,4294967295
34,0.400000006,42,69,3,41,41,0,0,0,41,0,152768,152768,2435,2435,0,2228,150540,0,0,0,2387,152768,167,31,35296,57,10,15,0,1048576,0,0,0,inf,inf,2.9733429,1.54481506,1,0,10,42,2,0,2,39,2624,40,2346,2346,0,150144,2188,31,0,41,57,57,57,0,0,57,21,10,5,2,1,2,0,0,0,0,0,0,0,0,0,0,0,0,0,0,0,0,0,0,0,0,0,0,0,0,0,0,0,0,0,0,0,0,0,0,0,0,0,0,0,0,0,0,0,0,0,0,0,0,0,0,0,0,0,0,0,0,0,0,0,5,4294967295,4294967295,14,5,10,4294967295,4294967295,4294967295,4294967295
35,0.800000012,64,69,3,63,63,0,0,0,63,0,215168,215168,4156,4156,0,3601,211567,0,0,0,3362,215168,574,53,33056,1014,10,15,0,1048576,0,0,0,inf,inf,3.57348633,1.5201416,1,0,10,64,2,0,8,55,4032,125,3299,3299,0,211136,3476,53,0,754,1014,1014,1014,0,0,1014,22,10,9,4,10,6,1,0,0,1,0,0,0,0,0,0,0,0,0,0,0,0,0,0,0,0,0,0,0,0,0,0,0,0,0,0,0,0,0,0,0,0,0,0,0,0,0,0,0,0,0,0,0,0,0,0,0,0,0,0,0,0,0,0,0,4294967295,1,1,4294967295,0,1,1,10,1,1
36,0,30,69,3,29,29,0,0,0,29,0,112896,112896,1695,1695,0,1603,111293,0,0,0,1764,112896,29,19,25216,0,10,15,0,1048576,0,0,0,inf,inf,3.30206299,2.15437317,1,0,10,30,2,0,0,29,1856,10,1735,1735,0,111040,1593,19,0,0,0,0,0,0,0,0,19,10,0,0,0,0,0,0,0,0,0,0,0,0,0,0,0,0,0,0,0,0,0,0,0,0,0,0,0,0,0,0,0,0,0,0,0,0,0,0,0,0,0,0,0,0,0,0,0,0,0,0,0,0,0,0,0,0,0,0,0,0,0,0,0,4294967295,4294967295,4294967295,4294967295,4294967295,4294967295,4294967295,4294967295,4294967295,4294967295
37,0.300000012,16,69,3,15,15,0,0,0,15,0,60160,60160,834,834,0,811,59349,0,0,0,940,60160,15,5,26336,176,10,15,0,1048576,0,0,0,inf,inf,3.11018372,2.15222168,1,0,10,16,2,0,0,15,960,7,925,925,0,59200,804,5,0,16,176,176,176,0,0,176,11,1,3,0,0,0,0,0,0,0,0,0,0,0,0,0,0,0,0,0,0,0,0,0,0,0,0,0,0,0,0,0,0,0,0,0,0,0,0,0,0,0,0,0,0,0,0,0,0,0,0,0,0,0,0,0,0,0,0,0,0,0,0,0,0,4294967295,4294967295,4294967295,4294967295,4,0,4294967295,11,4294967295,4294967295
38,0.100000001,65,69,3,64,64,0,0,0,64,0,233984,233984,3883,3883,0,3576,230408,0,0,0,3656,233984,573,60,85696,4,10,15,0,1048576,0,0,0,inf,inf,3.92173767,3.45106506,1,0,10,65,2,0,8,56,4096,137,3592,3592,0,229888,3439,60,0,0,4,4,4,0,0,4,19,9,13,8,7,2,4,1,0,1,0,0,0,0,0,0,0,0,0,0,0,0,0,0,0,0,0,0,0,0,0,0,0,0,0,0,0,0,0,0,0,0,0,0,0,0,0,0,0,0,0,0,0,0,0,0,0,0,0,0,0,0,0,0,0,4294967295,4294967295,20,4294967295,4294967295,4294967295,4294967295,4294967295,4294967295,4294967295
39,0.100000001,16,69,3,15,15,0,0,0,15,0,60800,60800,823,823,0,808,59992,0,0,0,950,60800,15,5,18720,512,10,15,0,1048576,0,0,0,inf,inf,3.02626038,2.57279968,1,0,10,16,2,0,0,15,960,5,935,935,0,59840,803,5,0,0,512,512,512,0,0,512,11,3,1,0,0,0,0,0,0,0,0,0,0,0,0,0,0,0,0,0,0,0,0,0,0,0,0,0,0,0,0,0,0,0,0,0,0,0,0,0,0,0,0,0,0,0,0,0,0,0,0,0,0,0,0,0,0,0,0,0,0,0,0,0,0,4294967295,4294967295,4294967295,4294967295,4294967295,4294967295,4294967295,4294967295,4294967295,0
40,0.300000012,58,69,3,57,57,0,0,0,57,0,205440,205440,3376,3376,0,2997,202443,0,0,0,3210,205440,184,47,19872,7,10,15,0,1048576,0,0,0,inf,inf,3.67845154,2.69364929,1,0,10,58,2,0,2,55,3648,69,3153,3153,0,201792,2928,47,0,0,7,7,7,0,0,7,26,12,9,3,5,2,0,0,0,0,0,0,0,0,0,0,0,0,0,0,0,0,0,0,0,0,0,0,0,0,0,0,0,0,0,0,0,0,0,0,0,0,0,0,0,0,0,0,0,0,0,0,0,0,0,0,0,0,0,0,0,0,0,0,0,0,1,2,4294967295,4294967295,4294967295,4294967295,4294967295,4294967295,4294967295
41,1,65,69,3,64,64,0,0,0,64,0,232320,232320,3817,3817,0,3423,228897,0,0,0,3630,232320,201,63,68928,1023,10,15,0,1048576,0,0,0,inf,inf,2.84202576,0.843780518,1,0,10,65,2,0,2,62,4096,73,3566,3566,0,228224,3350,63,0,667,1023,1023,1023,0,0,1023,27,20,7,4,4,1,1,0,0,0,0,0,0,0,0,0,0,0,0,0,0,0,0,0,0,0,0,0,0,0,0,0,0,0,0,0,0,0,0,0,0,0,0,0,0,0,0,0,0,0,0,0,0,0,0,0,0,0,0,0,0,0,0,0,0,4,5,6,5,1,1,1,1,0,1
42,1,65,69,3,64,64,0,0,0,64,0,246080,246080,3716,3716,0,3479,242601,0,0,0,3845,246080,66,56,48512,1023,10,15,0,1048576,0,0,0,inf,inf,2.35566711,1.47982788,1,0,10,65,2,0,0,64,4096,22,3781,3781,0,241984,3457,56,0,956,1023,1023,1023,0,0,1023,44,18,2,0,0,0,0,0,0,0,0,0,0,0,0,0,0,0,0,0,0,0,0,0,0,0,0,0,0,0,0,0,0,0,0,0,0,0,0,0,0,0,0,0,0,0,0,0,0,0,0,0,0,0,0,0,0,0,0,0,0,0,0,0,0,10,9,15,6,9,6,1,7,7,12
43,0,14,69,3,13,13,0,0,0,13,0,53440,53440,715,715,0,710,52730,0,0,0,835,53440,13,3,27456,0,10,15,0,1048576,0,0,0,inf,inf,3.2318573,3.1244812,1,0,10,14,2,0,0,13,832,2,822,822,0,52608,708,3,0,0,0,0,0,0,0,0,11,2,0,0,0,0,0,0,0,0,0,0,0,0,0,0,0,0,0,0,0,0,0,0,0,0,0,0,0,0,0,0,0,0,0,0,0,0,0,0,0,0,0,0,0,0,0,0,0,0,0,0,0,0,0,0,0,0,0,0,0,0,0,0,0,4294967295,4294967295,4294967295,4294967295,4294967295,4294967295,4294967295,4294967295,4294967295,4294967295
44,0,42,69,3,41,41,0,0,0,41,0,155136,155136,2413,2413,0,2227,152909,0,0,0,2424,155136,41,31,42368,0,10,15,0,1048576,0,0,0,inf,inf,2.97937012,2.29399109,1,0,10,42,2,0,0,41,2624,24,2383,2383,0,152512,2203,31,0,0,0,0,0,0,0,0,23,12,6,0,0,0,0,0,0,0,0,0,0,0,0,0,0,0,0,0,0,0,0,0,0,0,0,0,0,0,0,0,0,0,0,0,0,0,0,0,0,0,0,0,0,0,0,0,0,0,0,0,0,0,0,0,0,0,0,0,0,0,0,0,0,4294967295,4294967295,4294967295,4294967295,4294967295,4294967295,4294967295,4294967295,4294967295,4294967295
45,1,65,69,3,64,64,0,0,0,64,0,163456,163456,5264,5264,0,4496,158960,0,0,0,2554,163456,3281,90,60736,1023,10,15,0,1048576,0,0,0,inf,inf,1.99867249,1.438797,1,0,10,65,2,1,50,13,4096,715,2490,2490,0,159360,3781,90,0,1023,1023,1023,1023,0,0,1023,4,2,2,1,4,0,2,4,4,4,1,4,7,2,1,5,5,4,2,0,1,0,1,1,1,1,0,0,0,0,0,1,0,0,0,0,0,0,0,0,0,0,0,0,0,0,0,0,0,0,0,0,0,0,0,0,0,0,0,0,0,0,0,0,0,2,2,3,1,2,4,2,1,1,2
46,0.100000001,65,69,3,64,64,0,0,0,64,0,222400,222400,4462,4462,0,4034,218366,0,0,0,3475,222400,918,79,20672,16,10,15,0,1048576,0,0,0,inf,inf,2.83654785,2.46400452,1,0,10,65,2,0,13,51,4096,178,3411,3411,0,218304,3856,79,0,0,16,16,16,0,0,16,23,14,9,1,4,0,2,1,1,0,3,4,1,0,1,0,0,0,0,0,0,0,0,0,0,0,0,0,0,0,0,0,0,0,0,0,0,0,0,0,0,0,0,0,0,0,0,0,0,0,0,0,0,0,0,0,0,0,0,0,0,0,0,0,0,4294967295,4294967295,4294967295,4294967295,9,4294967295,4294967295,4294967295,4294967295,4294967295
47,0.200000003,17,69,3,16,16,0,0,0,16,0,65472,65472,893,893,0,885,64587,0,0,0,1023,65472,16,6,24704,36,10,15,0,1048576,0,0,0,inf,inf,2.76100159,2.40144348,1,0,10,17,2,0,0,16,1024,3,1007,1007,0,64448,882,6,0,0,36,36,36,0,0,36,14,1,1,0,0,0,0,0,0,0,0,0,0,0,0,0,0,0,0,0,0,0,0,0,0,0,0,0,0,0,0,0,0,0,0,0,0,0,0,0,0,0,0,0,0,0,0,0,0,0,0,0,0,0,0,0,0,0,0,0,0,0,0,0,0,4294967295,4294967295,0,4294967295,4294967295,0,4294967295,4294967295,4294967295,4294967295
48,0.100000001,16,69,3,15,15,0,0,0,15,0,61248,61248,889,889,0,880,60368,0,0,0,957,61248,15,5,28928,32,10,15,0,1048576,0,0,0,inf,inf,2.81390381,2.5202179,1,0,10,16,2,0,0,15,960,4,942,942,0,60288,876,5,0,0,32,32,32,0,0,32,11,4,0,0,0,0,0,0,0,0,0,0,0,0,0,0,0,0,0,0,0,0,0,0,0,0,0,0,0,0,0,0,0,0,0,0,0,0,0,0,0,0,0,0,0,0,0,0,0,0,0,0,0,0,0,0,0,0,0,0,0,0,0,0,0,4294967295,4294967295,4294967295,4294967295,4294967295,0,4294967295,4294967295,4294967295,4294967295
49,0,16,69,3,15,15,0,0,0,15,0,58240,58240,872,872,0,818,57422,0,0,0,910,58240,15,5,47680,0,10,15,0,1048576,0,0,0,inf,inf,3.96986389,3.56726074,1,0,10,16,2,0,0,15,960,6,895,895,0,57280,812,5,0,0,0,0,0,0,0,0,9,6,0,0,0,0,0,0,0,0,0,0,0,0,0,0,0,0,0,0,0,0,0,0,0,0,0,0,0,0,0,0,0,0,0,0,0,0,0,0,0,0,0,0,0,0,0,0,0,0,0,0,0,0,0,0,0,0,0,0,0,0,0,0,0,4294967295,4294967295,4294967295,4294967295,4294967295,4294967295,4294967295,4294967295,4294967295,4294967295
50,0,65,69,3,64,64,0,0,0,64,0,251200,251200,3737,3737,0,3651,247549,0,0,0,3925,251200,136,126,4096,0,10,15,0,1048576,0,0,0,inf,inf,2.4370575,2.00701904,1,0,10,65,2,0,0,64,4096,23,3861,3861,0,247104,3628,126,0,0,0,0,0,0,0,0,45,15,4,0,0,0,0,0,0,0,0,0,0,0,0,0,0,0,0,0,0,0,0,0,0,0,0,0,0,0,0,0,0,0,0,0,0,0,0,0,0,0,0,0,0,0,0,0,0,0,0,0,0,0,0,0,0,0,0,0,0,0,0,0,0,4294967295,4294967295,4294967295,4294967295,4294967295,4294967295,4294967295,4294967295,4294967295,4294967295
51,0.200000003,65,69,3,64,64,0,0,0,64,0,197568,197568,4997,4997,0,4416,193152,0,0,0,3087,197568,1921,128,2496,576,10,15,0,1048576,0,0,0,inf,inf,1.79391479,1.51235962,1,0,10,65,2,0,28,36,4096,364,3023,3023,0,193472,4052,128,0,576,576,576,576,0,0,576,8,13,7,5,3,0,3,2,3,2,5,2,1,3,3,0,1,1,0,2,0,0,0,0,0,0,0,0,0,0,0,0,0,0,0,0,0,0,0,0,0,0,0,0,0,0,0,0,0,0,0,0,0,0,0,0,0,0,0,0,0,0,0,0,0,4294967295,4294967295,4294967295,4294967295,4294967295,4294967295,1,4294967295,4294967295,7
52,0.699999988,69,69,1,64,64,0,5,0,68,0,263872,263872,4473,4473,0,4842,259030,0,0,0,4123,263872,648,638,512,494,10,15,0,1048576,0,0,0,inf,1.86495972,1.87432861,1.67106628,1,0,10,69,2,0,0,68,4352,28,4055,4055,0,259520,4814,638,0,76,494,494,494,0,0,494,46,16,6,0,0,0,0,0,0,0,0,0,0,0,0,0,0,0,0,0,0,0,0,0,0,0,0,0,0,0,0,0,0,0,0,0,0,0,0,0,0,0,0,0,0,0,0,0,0,0,0,0,0,0,0,0,0,0,0,0,0,0,0,0,0,4294967295,46,34,33,4294967295,29,33,31,32,4294967295
53,0.899999976,69,69,1,64,64,0,8,0,68,0,265344,265344,4152,4152,0,4071,261273,0,0,0,4146,265344,183,173,1120,767,10,15,0,1048576,0,0,0,inf,1.60726929,1.94262695,1.23449707,1,0,10,69,2,0,0,68,4352,20,4078,4078,0,260992,4051,173,0,0,767,767,767,0,0,767,52,13,2,1,0,0,0,0,0,0,0,0,0,0,0,0,0,0,0,0,0,0,0,0,0,0,0,0,0,0,0,0,0,0,0,0,0,0,0,0,0,0,0,0,0,0,0,0,0,0,0,0,0,0,0,0,0,0,0,0,0,0,0,0,0,48,47,46,45,45,47,45,45,4294967295,1
54,0.899999976,68,69,3,64,64,0,0,0,67,0,247744,247744,4926,4926,0,4971,242773,0,0,0,3871,247744,488,478,1536,511,10,15,0,1048576,0,0,0,inf,inf,1.45048523,1.22315979,1,0,10,68,2,0,0,67,4288,51,3804,3804,0,243456,4920,478,0,104,511,511,511,0,0,511,33,21,10,2,1,0,0,0,0,0,0,0,0,0,0,0,0,0,0,0,0,0,0,0,0,0,0,0,0,0,0,0,0,0,0,0,0,0,0,0,0,0,0,0,0,0,0,0,0,0,0,0,0,0,0,0,0,0,0,0,0,0,0,0,0,6,7,34,5,34,4,5,4,37,4294967295
55,1,69,69,1,64,64,0,12,0,68,0,250240,250240,4581,4581,0,4305,245935,0,0,0,3910,250240,257,183,448,1023,10,15,0,1048576,0,0,0,inf,2.08866882,2.1214447,1.81361389,1,0,10,69,2,0,1,67,4352,51,3842,3842,0,245888,4254,183,0,176,1023,1023,1023,0,0,1023,38,18,7,2,2,1,0,0,0,0,0,0,0,0,0,0,0,0,0,0,0,0,0,0,0,0,0,0,0,0,0,0,0,0,0,0,0,0,0,0,0,0,0,0,0,0,0,0,0,0,0,0,0,0,0,0,0,0,0,0,0,0,0,0,0,20,27,21,19,28,28,26,25,22,25
56,0,44,69,3,43,43,0,0,0,43,0,162752,162752,2509,2509,0,2323,160429,0,0,0,2543,162752,102,33,22240,0,10,15,0,1048576,0,0,0,inf,inf,3.70301819,2.88897705,1,0,10,44,2,0,1,42,2752,33,2500,2500,0,160000,2290,33,0,0,0,0,0,0,0,0,23,13,3,3,0,1,0,0,0,0,0,0,0,0,0,0,0,0,0,0,0,0,0,0,0,0,0,0,0,0,0,0,0,0,0,0,0,0,0,0,0,0,0,0,0,0,0,0,0,0,0,0,0,0,0,0,0,0,0,0,0,0,0,0,0,4294967295,4294967295,4294967295,4294967295,4294967295,4294967295,4294967295,4294967295,4294967295,4294967295
57,0.899999976,66,69,3,64,64,0,0,0,65,0,218688,218688,7300,7300,0,8967,209721,0,0,0,3417,218688,4170,1621,1024,767,10,15,0,1048576,0,0,0,inf,inf,0.963912964,0.838821411,1,0,10,66,2,0,41,24,4160,426,3352,3352,116,214528,8541,1621,202,767,767,767,767,0,0,767,3,7,5,6,3,7,5,3,6,6,2,2,2,2,0,2,1,1,2,0,0,0,0,0,0,0,0,0,0,0,0,0,0,0,0,0,0,0,0,0,0,0,0,0,0,0,0,0,0,0,0,0,0,0,0,0,0,0,0,0,0,0,0,0,0,2,3,2,2,2,2,2,3,4294967295,5
58,1,69,69,2,64,64,0,0,0,68,0,221952,221952,4961,4961,0,4314,217638,0,0,0,3468,221952,576,182,288,1023,10,15,0,1048576,0,0,0,inf,inf,1.27723694,0.822509766,1,0,10,69,2,0,6,62,4352,123,3400,3400,0,217600,4191,182,0,511,1023,1023,1023,0,0,1023,21,16,12,4,9,3,1,2,0,0,0,0,0,0,0,0,0,0,0,0,0,0,0,0,0,0,0,0,0,0,0,0,0,0,0,0,0,0,0,0,0,0,0,0,0,0,0,0,0,0,0,0,0,0,0,0,0,0,0,0,0,0,0,0,0,5,6,6,6,6,5,5,6,6,6
59,1,69,69,2,64,64,0,0,0,68,0,260096,260096,4385,4385,0,4463,255633,0,0,0,4064,260096,588,392,800,1023,10,15,0,1048576,0,0,0,inf,inf,1.97451782,1.66264343,1,0,10,69,2,0,3,65,4352,42,3996,3996,0,255744,4421,392,0,4,1023,1023,1023,0,0,1023,44,18,2,1,0,2,0,1,0,0,0,0,0,0,0,0,0,0,0,0,0,0,0,0,0,0,0,0,0,0,0,0,0,0,0,0,0,0,0,0,0,0,0,0,0,0,0,0,0,0,0,0,0,0,0,0,0,0,0,0,0,0,0,0,0,15,15,9,38,59,51,13,14,26,10
60,0.600000024,69,69,1,64,64,0,34,0,68,0,271232,271232,4050,4050,0,4064,267168,0,0,0,4238,271232,179,169,1088,636,10,15,0,1048576,0,0,0,inf,1.74481201,2.16975403,1.83132935,1,0,10,69,2,0,0,68,4352,27,4170,4170,0,266880,4037,169,0,36,636,636,636,0,0,636,50,12,4,1,1,0,0,0,0,0,0,0,0,0,0,0,0,0,0,0,0,0,0,0,0,0,0,0,0,0,0,0,0,0,0,0,0,0,0,0,0,0,0,0,0,0,0,0,0,0,0,0,0,0,0,0,0,0,0,0,0,0,0,0,0,4294967295,4294967295,49,48,66,50,53,4294967295,4294967295,67
61,0.400000006,69,69,1,64,64,0,9,0,68,0,265536,265536,4024,4024,0,3974,261562,0,0,0,4149,265536,204,194,1760,165,10,15,0,1048576,0,0,0,inf,1.5163269,1.55810547,1.26922607,1,0,10,69,2,0,0,68,4352,27,4081,4081,0,261184,3947,194,0,4,165,165,165,0,0,165,46,17,5,0,0,0,0,0,0,0,0,0,0,0,0,0,0,0,0,0,0,0,0,0,0,0,0,0,0,0,0,0,0,0,0,0,0,0,0,0,0,0,0,0,0,0,0,0,0,0,0,0,0,0,0,0,0,0,0,0,0,0,0,0,0,18,4294967295,17,4294967295,4294967295,23,4294967295,23,4294967295,4294967295
62,1,68,69,3,64,64,0,0,0,67,0,248896,248896,5318,5318,0,6109,242787,0,0,0,3889,248896,1151,1022,448,1023,10,15,0,1048576,0,0,0,inf,inf,1.64738464,1.33517456,1,0,10,68,2,0,2,65,4288,80,3822,3822,47,244608,6029,1022,83,259,1023,1023,1023,0,0,1023,24,20,17,3,1,0,1,1,0,0,0,0,0,0,0,0,0,0,0,0,0,0,0,0,0,0,0,0,0,0,0,0,0,0,0,0,0,0,0,0,0,0,0,0,0,0,0,0,0,0,0,0,0,0,0,0,0,0,0,0,0,0,0,0,0,9,3,47,9,5,10,4,14,19,4
63,0,40,69,3,39,39,0,0,0,39,0,116096,116096,2719,2719,0,2251,113845,0,0,0,1814,116096,1623,29,21536,0,10,15,0,1048576,0,0,0,inf,inf,3.27879333,2.48139954,1,0,10,40,2,0,25,14,2496,224,1775,1775,0,113600,2027,29,0,0,0,0,0,0,0,0,8,4,0,0,2,3,1,7,3,4,1,2,3,0,1,0,0,0,0,0,0,0,0,0,0,0,0,0,0,0,0,0,0,0,0,0,0,0,0,0,0,0,0,0,0,0,0,0,0,0,0,0,0,0,0,0,0,0,0,0,0,0,0,0,0,4294967295,4294967295,4294967295,4294967295,4294967295,4294967295,4294967295,4294967295,4294967295,4294967295
64,1,69,69,1,64,64,0,15,0,68,0,265728,265728,4130,4130,0,4132,261596,0,0,0,4152,265728,258,248,448,1023,10,15,0,1048576,0,0,0,inf,1.38891602,1.42776489,1.17129517,1,0,10,69,2,0,0,68,4352,22,4084,4084,0,261376,4110,248,0,546,1023,1023,1023,0,0,1023,50,14,4,0,0,0,0,0,0,0,0,0,0,0,0,0,0,0,0,0,0,0,0,0,0,0,0,0,0,0,0,0,0,0,0,0,0,0,0,0,0,0,0,0,0,0,0,0,0,0,0,0,0,0,0,0,0,0,0,0,0,0,0,0,0,25,26,27,57,23,27,23,29,26,23
65,1,66,69,3,64,64,0,0,0,65,0,238144,238144,4492,4492,0,4494,233650,0,0,0,3721,238144,461,451,928,1023,10,15,0,1048576,0,0,0,inf,inf,1.22338867,0.993011475,1,0,10,66,2,0,0,65,4160,55,3656,3656,0,233984,4439,451,0,733,1023,1023,1023,0,0,1023,32,17,11,4,1,0,0,0,0,0,0,0,0,0,0,0,0,0,0,0,0,0,0,0,0,0,0,0,0,0,0,0,0,0,0,0,0,0,0,0,0,0,0,0,0,0,0,0,0,0,0,0,0,0,0,0,0,0,0,0,0,0,0,0,0,8,2,9,9,9,39,25,25,2,8
66,1,66,69,3,64,64,0,0,0,65,0,182528,182528,7349,7349,0,6873,175655,0,0,0,2852,182528,3289,435,2496,1023,10,15,0,1048576,0,0,0,inf,inf,0.879684448,0.661071777,1,0,10,66,2,0,45,20,4160,462,2787,2787,0,178368,6411,435,0,1023,1023,1023,1023,0,0,1023,2,3,4,5,6,8,4,7,1,5,5,5,3,2,1,1,1,2,0,0,0,0,0,0,0,0,0,0,0,0,0,0,0,0,0,0,0,0,0,0,0,0,0,0,0,0,0,0,0,0,0,0,0,0,0,0,0,0,0,0,0,0,0,0,0,1,2,3,1,1,2,2,2,4,1
67,1,66,69,3,64,64,0,0,0,65,0,245824,245824,4416,4416,0,4919,240905,0,0,0,3841,245824,938,803,256,1023,10,15,0,1048576,0,0,0,inf,inf,1.31213379,1.1360321,1,0,10,66,2,0,2,63,4160,84,3776,3776,0,241664,4835,803,0,182,1023,1023,1023,0,0,1023,29,8,20,3,3,0,1,0,0,1,0,0,0,0,0,0,0,0,0,0,0,0,0,0,0,0,0,0,0,0,0,0,0,0,0,0,0,0,0,0,0,0,0,0,0,0,0,0,0,0,0,0,0,0,0,0,0,0,0,0,0,0,0,0,0,3,3,4,29,2,12,1,17,7,4
68,0,47,69,3,46,46,0,0,0,46,0,158080,158080,2898,2898,0,2544,155536,0,0,0,2470,158080,875,36,27552,0,10,15,0,1048576,0,0,0,inf,inf,3.23181152,2.4072113,1,0,10,47,2,0,13,33,2944,130,2424,2424,0,155136,2414,36,0,0,0,0,0,0,0,0,13,7,6,2,5,7,2,0,1,1,1,1,0,0,0,0,0,0,0,0,0,0,0,0,0,0,0,0,0,0,0,0,0,0,0,0,0,0,0,0,0,0,0,0,0,0,0,0,0,0,0,0,0,0,0,0,0,0,0,0,0,0,0,0,0,4294967295,4294967295,4294967295,4294967295,4294967295,4294967295,4294967295,4294967295,4294967295,4294967295
69,1,68,69,3,64,64,0,0,0,67,0,187264,187264,7068,7068,0,6412,180852,0,0,0,2926,187264,2351,373,960,1023,10,15,0,1048576,0,0,0,inf,inf,1.45458984,1.21736145,1,0,10,68,2,0,31,36,4288,304,2859,2859,20,182976,6108,373,32,987,1023,1023,1023,0,0,1023,9,10,3,7,7,7,5,5,5,2,1,3,1,2,0,0,0,0,0,0,0,0,0,0,0,0,0,0,0,0,0,0,0,0,0,0,0,0,0,0,0,0,0,0,0,0,0,0,0,0,0,0,0,0,0,0,0,0,0,0,0,0,0,0,0,4,4,6,4,4,5,5,4,4,6
70,1,66,69,3,64,64,0,0,0,65,0,167488,167488,9978,9978,0,10648,156840,0,0,0,2617,167488,4683,1023,192,1023,10,15,0,1048576,0,0,0,inf,inf,0.659912109,0.529083252,1,0,10,66,2,0,58,7,4160,634,2552,2552,125,163328,10014,1023,288,1023,1023,1023,1023,0,0,1023,1,0,2,2,2,2,8,4,5,9,4,4,6,5,0,3,3,0,3,0,1,1,0,0,0,0,0,0,0,0,0,0,0,0,0,0,0,0,0,0,0,0,0,0,0,0,0,0,0,0,0,0,0,0,0,0,0,0,0,0,0,0,0,0,0,2,3,3,3,3,2,3,4,4,2
71,0.5,67,69,3,64,64,0,0,0,66,0,240960,240960,4397,4397,0,4179,236781,0,0,0,3765,240960,713,198,192,565,10,15,0,1048576,0,0,0,inf,inf,1.70625305,1.47135925,1,0,10,67,2,0,8,58,4224,109,3699,3699,0,236736,4070,198,0,561,565,565,565,0,0,565,26,19,8,2,3,2,2,0,2,2,0,0,0,0,0,0,0,0,0,0,0,0,0,0,0,0,0,0,0,0,0,0,0,0,0,0,0,0,0,0,0,0,0,0,0,0,0,0,0,0,0,0,0,0,0,0,0,0,0,0,0,0,0,0,0,9,4294967295,65,4294967295,9,3,4294967295,4294967295,4294967295,14
72,1,69,69,2,64,64,0,0,0,68,0,126592,126592,5684,5684,0,4940,121652,0,0,0,1978,126592,3684,239,1248,1023,10,15,0,1048576,0,0,0,inf,inf,1.27575684,0.755813599,1,0,10,69,2,10,54,4,4352,1118,1910,1910,0,122240,3822,239,0,1023,1023,1023,1023,0,0,1023,3,0,0,0,1,0,0,1,2,0,3,4,6,6,5,4,6,2,3,3,0,6,1,0,1,1,1,2,2,0,1,2,0,0,0,1,1,0,0,0,0,0,0,0,0,0,0,0,0,0,0,0,0,0,0,0,0,0,0,0,0,0,0,0,0,5,5,5,4,5,5,5,5,5,5
73,1,66,69,3,64,64,0,0,0,65,0,116480,116480,11270,11270,0,15156,101324,0,0,0,1820,116480,5065,1917,2016,1023,10,15,0,1048576,0,0,0,inf,inf,0.912963867,0.760070801,1,0,10,66,2,14,51,0,4160,1378,1755,1755,297,112320,13778,1917,1302,1023,1023,1023,1023,32,0,1023,0,0,0,0,0,1,0,1,0,0,3,2,1,2,2,1,2,5,2,3,3,4,7,3,2,7,3,0,0,2,2,1,1,2,0,2,0,0,1,0,0,0,0,0,0,0,0,0,0,0,0,0,0,0,0,0,0,0,0,0,0,0,0,0,0,1,2,1,2,4,6,6,2,2,2
74,0.600000024,69,69,1,64,64,0,4,0,68,0,253760,253760,4089,4089,0,3959,249801,0,0,0,3965,253760,950,133,13984,972,10,15,0,1048576,0,0,0,inf,2.11410522,2.19714355,1.83210754,1,0,10,69,2,0,13,55,4352,192,3897,3897,0,249408,3767,133,0,844,972,972,972,0,0,972,14,11,11,10,9,3,5,1,1,0,1,1,1,0,0,0,0,0,0,0,0,0,0,0,0,0,0,0,0,0,0,0,0,0,0,0,0,0,0,0,0,0,0,0,0,0,0,0,0,0,0,0,0,0,0,0,0,0,0,0,0,0,0,0,0,4294967295,4294967295,59,59,4294967295,4294967295,41,14,58,59
75,0.899999976,65,69,3,64,64,0,0,0,64,0,247296,247296,3937,3937,0,3773,243523,0,0,0,3864,247296,115,105,7104,1023,10,15,0,1048576,0,0,0,inf,inf,1.54115295,1.05659485,1,0,10,65,2,0,0,64,4096,27,3800,3800,0,243200,3746,105,0,514,1023,1023,1023,0,0,511,42,17,5,0,0,0,0,0,0,0,0,0,0,0,0,0,0,0,0,0,0,0,0,0,0,0,0,0,0,0,0,0,0,0,0,0,0,0,0,0,0,0,0,0,0,0,0,0,0,0,0,0,0,0,0,0,0,0,0,0,0,0,0,0,0,3,1,4,1,5,15,16,14,6,3
76,0.899999976,69,69,1,64,64,0,3,0,68,0,263808,263808,4088,4088,0,4036,259772,0,0,0,4122,263808,233,223,288,895,10,15,0,1048576,0,0,0,inf,1.71356201,1.74494934,1.21034241,1,0,10,69,2,0,0,68,4352,23,4054,4054,0,259456,4013,223,0,24,895,895,895,0,0,895,53,7,8,0,0,0,0,0,0,0,0,0,0,0,0,0,0,0,0,0,0,0,0,0,0,0,0,0,0,0,0,0,0,0,0,0,0,0,0,0,0,0,0,0,0,0,0,0,0,0,0,0,0,0,0,0,0,0,0,0,0,0,0,0,0,24,25,25,35,36,48,25,4294967295,31,26
77,0.200000003,67,69,3,64,64,0,0,0,66,0,252096,252096,4210,4210,0,4463,247633,0,0,0,3939,252096,728,533,512,72,10,15,0,1048576,0,0,0,inf,inf,1.72720337,1.48973083,1,0,10,67,2,0,3,63,4224,71,3873,3873,0,247872,4392,533,0,8,72,72,72,0,0,72,29,19,12,3,0,1,1,0,1,0,0,0,0,0,0,0,0,0,0,0,0,0,0,0,0,0,0,0,0,0,0,0,0,0,0,0,0,0,0,0,0,0,0,0,0,0,0,0,0,0,0,0,0,0,0,0,0,0,0,0,0,0,0,0,0,4294967295,4294967295,4294967295,16,4294967295,4294967295,55,4294967295,4294967295,4294967295
78,0.5,69,69,1,64,64,0,1,0,68,0,269120,269120,3996,3996,0,3949,265171,0,0,0,4205,269120,204,133,992,440,10,15,0,1048576,0,0,0,inf,1.93081665,1.98516846,1.59411621,1,0,10,69,2,0,1,67,4352,35,4137,4137,0,264768,3914,133,0,0,440,440,440,0,0,440,46,17,0,3,1,1,0,0,0,0,0,0,0,0,0,0,0,0,0,0,0,0,0,0,0,0,0,0,0,0,0,0,0,0,0,0,0,0,0,0,0,0,0,0,0,0,0,0,0,0,0,0,0,0,0,0,0,0,0,0,0,0,0,0,0,4294967295,4294967295,4294967295,3,17,49,4294967295,2,23,4294967295
79,0,69,69,1,64,64,0,31,0,68,0,251264,251264,4870,4870,0,4950,246314,0,0,0,3926,251264,1177,309,1632,0,10,15,0,1048576,0,0,0,inf,2.11206055,2.18518066,2.01106262,1,0,10,69,2,1,14,53,4352,230,3858,3858,0,246912,4720,309,0,0,0,0,0,0,0,0,31,7,6,5,4,2,3,1,0,1,1,1,1,0,0,0,2,0,1,0,0,0,0,0,1,0,0,0,0,1,0,0,0,0,0,0,0,0,0,0,0,0,0,0,0,0,0,0,0,0,0,0,0,0,0,0,0,0,0,0,0,0,0,0,0,4294967295,4294967295,4294967295,4294967295,4294967295,4294967295,4294967295,4294967295,4294967295,4294967295
80,0.200000003,65,69,3,64,64,0,0,0,64,0,230336,230336,3903,3903,0,3532,226804,0,0,0,3599,230336,589,70,4896,513,10,15,0,1048576,0,0,0,inf,inf,3.11105347,2.29327393,1,0,10,65,2,0,8,56,4096,120,3535,3535,0,226240,3412,70,0,0,513,513,513,0,0,513,25,15,5,9,2,1,0,3,2,2,0,0,0,0,0,0,0,0,0,0,0,0,0,0,0,0,0,0,0,0,0,0,0,0,0,0,0,0,0,0,0,0,0,0,0,0,0,0,0,0,0,0,0,0,0,0,0,0,0,0,0,0,0,0,0,0,4294967295,4294967295,4294967295,4294967295,4294967295,4294967295,4294967295,4294967295,0
81,1,65,69,3,64,64,0,0,0,64,0,233792,233792,4684,4684,0,4391,229401,0,0,0,3653,233792,356,154,32992,1023,10,15,0,1048576,0,0,0,inf,inf,2.2175293,1.83618164,1,0,10,65,2,0,3,61,4096,60,3589,3589,0,229696,4331,154,0,280,1023,1023,1023,0,0,1023,32,19,5,5,0,2,1,0,0,0,0,0,0,0,0,0,0,0,0,0,0,0,0,0,0,0,0,0,0,0,0,0,0,0,0,0,0,0,0,0,0,0,0,0,0,0,0,0,0,0,0,0,0,0,0,0,0,0,0,0,0,0,0,0,0,16,4,4,5,5,11,55,8,5,18
82,1,65,69,3,64,64,0,0,0,64,0,186880,186880,6265,6265,0,7619,179261,0,0,0,2920,186880,3308,1341,576,1023,10,15,0,1048576,0,0,0,inf,inf,1.66395569,1.45664978,1,0,10,65,2,7,32,25,4096,694,2856,2856,95,182784,6925,1341,125,711,1023,1023,1023,0,0,1023,8,5,8,3,1,2,0,4,0,4,1,1,1,3,1,3,2,2,0,1,0,1,2,2,0,2,3,1,0,0,1,1,0,0,0,0,0,0,0,0,0,0,0,1,0,0,0,0,0,0,0,0,0,0,0,0,0,0,0,0,0,0,0,0,0,2,3,3,4,5,60,3,3,4,3
83,0.100000001,69,69,1,64,64,0,9,0,68,0,263296,263296,4094,4094,0,4070,259226,0,0,0,4114,263296,296,228,1472,512,10,15,0,1048576,0,0,0,inf,1.81210327,1.90222168,1.6519165,1,0,10,69,2,0,1,67,4352,54,4046,4046,0,258944,4016,228,0,0,512,512,512,0,0,512,42,11,9,1,4,0,1,0,0,0,0,0,0,0,0,0,0,0,0,0,0,0,0,0,0,0,0,0,0,0,0,0,0,0,0,0,0,0,0,0,0,0,0,0,0,0,0,0,0,0,0,0,0,0,0,0,0,0,0,0,0,0,0,0,0,4294967295,4294967295,4294967295,4294967295,4294967295,4294967295,4294967295,4294967295,4294967295,0
84,0.400000006,69,69,1,64,64,0,19,0,68,0,252096,252096,5118,5118,0,5160,246936,0,0,0,3939,252096,1308,358,928,51,10,15,0,1048576,0,0,0,inf,1.64442444,2.10714722,1.70927429,1,0,10,69,2,0,15,53,4352,165,3871,3871,0,247744,4995,358,0,17,51,51,51,0,0,51,31,12,5,4,1,4,0,3,1,1,2,2,1,0,0,1,0,0,0,0,0,0,0,0,0,0,0,0,0,0,0,0,0,0,0,0,0,0,0,0,0,0,0,0,0,0,0,0,0,0,0,0,0,0,0,0,0,0,0,0,0,0,0,0,0,43,62,4294967295,4294967295,40,62,4294967295,4294967295,4294967295,4294967295
85,1,68,69,3,64,64,0,0,0,67,0,235392,235392,5778,5778,0,5718,229674,0,0,0,3678,235392,621,548,352,1023,10,15,0,1048576,0,0,0,inf,inf,0.952163696,0.665969849,1,0,10,68,2,0,1,66,4288,69,3611,3611,0,231104,5649,548,0,511,1023,1023,1023,0,0,1023,25,25,11,3,2,1,0,0,0,0,0,0,0,0,0,0,0,0,0,0,0,0,0,0,0,0,0,0,0,0,0,0,0,0,0,0,0,0,0,0,0,0,0,0,0,0,0,0,0,0,0,0,0,0,0,0,0,0,0,0,0,0,0,0,0,4,3,4,4,3,4,5,5,3,3
86,0.100000001,58,69,3,57,57,0,0,0,57,0,213056,213056,3287,3287,0,3038,210018,0,0,0,3329,213056,246,47,27520,256,10,15,0,1048576,0,0,0,inf,inf,2.58522034,1.5990448,1,0,10,58,2,0,3,54,3648,80,3272,3272,0,209408,2958,47,0,0,256,256,256,0,0,256,22,18,4,4,6,2,0,0,1,0,0,0,0,0,0,0,0,0,0,0,0,0,0,0,0,0,0,0,0,0,0,0,0,0,0,0,0,0,0,0,0,0,0,0,0,0,0,0,0,0,0,0,0,0,0,0,0,0,0,0,0,0,0,0,0,4294967295,4294967295,4294967295,4294967295,4294967295,4294967295,4294967295,4294967295,0,4294967295
87,1,66,69,3,64,64,0,0,0,65,0,133312,133312,9508,9508,0,9199,124113,0,0,0,2083,133312,4608,733,768,1023,10,15,0,1048576,0,0,0,inf,inf,1.25912476,0.899047852,1,0,10,66,2,0,61,4,4160,764,2018,2018,40,129152,8435,733,147,1023,1023,1023,1023,128,0,1023,0,0,0,1,3,0,8,6,4,3,3,4,6,1,6,4,5,3,2,1,0,2,1,1,1,0,0,0,0,0,0,0,0,0,0,0,0,0,0,0,0,0,0,0,0,0,0,0,0,0,0,0,0,0,0,0,0,0,0,0,0,0,0,0,0,2,1,2,2,1,2,1,3,2,2
88,1,65,69,3,64,64,0,0,0,64,0,234304,234304,3970,3970,0,3578,230726,0,0,0,3661,234304,88,78,24512,1023,10,15,0,1048576,0,0,0,inf,inf,1.42565918,0.726654053,1,0,10,65,2,0,0,64,4096,29,3597,3597,0,230208,3549,78,0,372,1023,1023,1023,0,0,1023,42,15,7,0,0,0,0,0,0,0,0,0,0,0,0,0,0,0,0,0,0,0,0,0,0,0,0,0,0,0,0,0,0,0,0,0,0,0,0,0,0,0,0,0,0,0,0,0,0,0,0,0,0,0,0,0,0,0,0,0,0,0,0,0,0,4,3,2,12,3,1,1,3,1,8
89,1,68,69,3,64,64,0,0,0,67,0,50752,50752,3853,3853,0,3962,46790,0,0,0,793,50752,1262,249,384,1023,10,15,0,1048576,0,0,0,inf,inf,0.511032104,0.232910156,1,0,10,68,2,48,16,3,4288,1959,726,726,0,46464,2003,249,0,1023,1023,1023,1023,0,0,1023,1,1,1,0,0,0,0,0,0,0,0,0,0,0,0,0,2,1,0,0,0,3,3,2,2,3,2,2,4,1,3,4,8,2,2,4,3,4,3,1,1,1,1,2,0,0,0,0,0,0,0,0,0,0,0,0,0,0,0,0,0,0,0,0,0,4,4,5,5,4,4,4,8,4,5
90,0.5,66,69,3,64,64,0,0,0,65,0,228160,228160,4308,4308,0,3806,224354,0,0,0,3565,228160,460,67,2400,433,10,15,0,1048576,0,0,0,inf,inf,2.39147949,1.19139099,1,0,10,66,2,0,6,59,4160,91,3500,3500,0,224000,3715,67,0,401,433,433,433,0,0,433,21,23,10,4,1,5,0,1,0,0,0,0,0,0,0,0,0,0,0,0,0,0,0,0,0,0,0,0,0,0,0,0,0,0,0,0,0,0,0,0,0,0,0,0,0,0,0,0,0,0,0,0,0,0,0,0,0,0,0,0,0,0,0,0,0,3,4294967295,4294967295,4294967295,2,1,4294967295,0,1,4294967295
91,0,69,69,2,64,64,0,0,0,68,0,252224,252224,4206,4206,0,3902,248322,0,0,0,3941,252224,433,104,1152,0,10,15,0,1048576,0,0,0,inf,inf,2.47972107,1.82044983,1,0,10,69,2,0,5,63,4352,71,3873,3873,0,247872,3831,104,0,0,0,0,0,0,0,0,41,12,3,4,3,1,4,0,0,0,0,0,0,0,0,0,0,0,0,0,0,0,0,0,0,0,0,0,0,0,0,0,0,0,0,0,0,0,0,0,0,0,0,0,0,0,0,0,0,0,0,0,0,0,0,0,0,0,0,0,0,0,0,0,0,4294967295,4294967295,4294967295,4294967295,4294967295,4294967295,4294967295,4294967295,4294967295,4294967295
92,0.400000006,69,69,1,64,64,0,11,0,68,0,270080,270080,4104,4104,0,4182,265898,0,0,0,4220,270080,270,260,352,550,10,15,0,1048576,0,0,0,inf,1.74497986,1.94700623,1.65777588,1,0,10,69,2,0,0,68,4352,18,4152,4152,0,265728,4164,260,0,6,550,550,550,0,0,550,51,16,1,0,0,0,0,0,0,0,0,0,0,0,0,0,0,0,0,0,0,0,0,0,0,0,0,0,0,0,0,0,0,0,0,0,0,0,0,0,0,0,0,0,0,0,0,0,0,0,0,0,0,0,0,0,0,0,0,0,0,0,0,0,0,4294967295,8,9,4294967295,4294967295,51,4294967295,4294967295,4294967295,50
93,1,65,69,3,64,64,0,0,0,64,0,155968,155968,4845,4845,0,3767,152201,0,0,0,2437,155968,2693,71,3424,1023,10,15,0,1048576,0,0,0,inf,inf,2.14628601,0.626358032,1,0,10,65,2,0,41,23,4096,574,2373,2373,0,151872,3193,71,0,1023,1023,1023,1023,0,0,1023,10,3,4,4,2,0,4,2,0,5,3,4,0,3,2,3,2,5,3,2,0,1,2,0,0,0,0,0,0,0,0,0,0,0,0,0,0,0,0,0,0,0,0,0,0,0,0,0,0,0,0,0,0,0,0,0,0,0,0,0,0,0,0,0,0,2,2,1,2,2,1,2,1,1,1
94,0.899999976,69,69,2,64,64,0,0,0,68,0,247040,247040,4786,4786,0,4627,242413,0,0,0,3860,247040,625,295,2528,1007,10,15,0,1048576,0,0,0,inf,inf,2.23152161,0.921844482,1,0,10,69,2,0,5,63,4352,106,3792,3792,0,242688,4521,295,0,1007,1007,1007,1007,0,0,1007,24,18,8,9,4,3,1,0,1,0,0,0,0,0,0,0,0,0,0,0,0,0,0,0,0,0,0,0,0,0,0,0,0,0,0,0,0,0,0,0,0,0,0,0,0,0,0,0,0,0,0,0,0,0,0,0,0,0,0,0,0,0,0,0,0,11,10,10,11,4294967295,10,10,10,11,12
95,0,65,69,3,64,64,0,0,0,64,0,240512,240512,4271,4271,0,4023,236489,0,0,0,3758,240512,116,106,14816,0,10,15,0,1048576,0,0,0,inf,inf,2.45750427,2.12896729,1,0,10,65,2,0,0,64,4096,48,3694,3694,0,236416,3975,106,0,0,0,0,0,0,0,0,37,14,7,4,2,0,0,0,0,0,0,0,0,0,0,0,0,0,0,0,0,0,0,0,0,0,0,0,0,0,0,0,0,0,0,0,0,0,0,0,0,0,0,0,0,0,0,0,0,0,0,0,0,0,0,0,0,0,0,0,0,0,0,0,0,4294967295,4294967295,4294967295,4294967295,4294967295,4294967295,4294967295,4294967295,4294967295,4294967295
96,0.300000012,69,69,1,64,64,0,41,0,68,0,227968,227968,5239,5239,0,5123,222845,0,0,0,3562,227968,1429,350,1856,400,10,15,0,1048576,0,0,0,inf,2.31330872,2.48614502,2.14395142,1,0,10,69,2,0,17,51,4352,195,3494,3494,34,223616,4928,350,132,400,400,400,400,0,0,400,13,10,11,7,10,7,5,3,2,0,0,0,0,0,0,0,0,0,0,0,0,0,0,0,0,0,0,0,0,0,0,0,0,0,0,0,0,0,0,0,0,0,0,0,0,0,0,0,0,0,0,0,0,0,0,0,0,0,0,0,0,0,0,0,0,4294967295,4294967295,4294967295,4294967295,60,4294967295,4294967295,52,52,4294967295
97,0,65,69,3,64,64,0,0,0,64,0,133376,133376,4691,4691,0,5082,128294,0,0,0,2084,133376,2152,559,4608,0,10,15,0,1048576,0,0,0,inf,inf,2.51309204,2.13043213,1,0,10,65,2,23,26,15,4096,1411,2020,2020,5,129280,3671,559,2,0,0,0,0,0,0,0,8,2,1,2,2,1,0,2,2,0,0,1,1,1,3,1,3,1,1,1,1,1,2,2,1,1,1,2,2,0,1,0,0,0,3,0,1,0,0,1,0,1,0,1,0,0,1,0,0,1,1,0,1,0,0,0,0,0,1,2,1,1,1,0,0,4294967295,4294967295,4294967295,4294967295,4294967295,4294967295,4294967295,4294967295,4294967295,4294967295
98,0.200000003,69,69,1,64,64,0,9,0,68,0,265536,265536,3997,3997,0,4121,261415,0,0,0,4149,265536,549,353,544,18,10,15,0,1048576,0,0,0,inf,1.68334961,1.871521,1.51683044,1,0,10,69,2,0,3,65,4352,42,4081,4081,0,261184,4079,353,0,0,18,18,18,0,0,18,50,9,2,2,2,3,0,0,0,0,0,0,0,0,0,0,0,0,0,0,0,0,0,0,0,0,0,0,0,0,0,0,0,0,0,0,0,0,0,0,0,0,0,0,0,0,0,0,0,0,0,0,0,0,0,0,0,0,0,0,0,0,0,0,0,4294967295,60,4294967295,4294967295,59,4294967295,4294967295,4294967295,4294967295,4294967295
99,0.300000012,65,69,3,64,64,0,0,0,64,0,233536,233536,3999,3999,0,3726,229810,0,0,0,3649,233536,1030,72,21088,592,10,15,0,1048576,0,0,0,inf,inf,2.15098572,1.6577301,1,0,10,65,2,0,15,49,4096,166,3585,3585,0,229440,3560,72,0,0,592,592,592,0,0,592,11,18,9,7,4,8,2,2,0,3,0,0,0,0,0,0,0,0,0,0,0,0,0,0,0,0,0,0,0,0,0,0,0,0,0,0,0,0,0,0,0,0,0,0,0,0,0,0,0,0,0,0,0,0,0,0,0,0,0,0,0,0,0,0,0,4294967295,4294967295,4294967295,4294967295,33,4294967295,33,4294967295,4294967295,22
100,0.5,69,69,1,64,64,0,2,0,68,0,268480,268480,4071,4071,0,4182,264298,0,0,0,4195,268480,326,316,288,109,10,15,0,1048576,0,0,0,inf,1.60948181,1.61817932,1.42022705,1,0,10,69,2,0,0,68,4352,20,4127,4127,0,264128,4162,316,0,96,109,109,109,0,0,109,51,14,3,0,0,0,0,0,0,0,0,0,0,0,0,0,0,0,0,0,0,0,0,0,0,0,0,0,0,0,0,0,0,0,0,0,0,0,0,0,0,0,0,0,0,0,0,0,0,0,0,0,0,0,0,0,0,0,0,0,0,0,0,0,0,22,4294967295,44,10,4294967295,5,6,4294967295,4294967295,4294967295
101,1,69,69,1,64,64,0,3,0,68,0,243456,243456,5335,5335,0,5388,238068,0,0,0,3804,243456,893,520,480,1023,10,15,0,1048576,0,0,0,inf,1.21820068,1.22346497,1.0440979,1,0,10,69,2,0,6,62,4352,149,3736,3736,0,239104,5239,520,0,315,1023,1023,1023,0,0,1023,17,16,14,10,5,0,2,0,0,2,1,0,0,0,0,1,0,0,0,0,0,0,0,0,0,0,0,0,0,0,0,0,0,0,0,0,0,0,0,0,0,0,0,0,0,0,0,0,0,0,0,0,0,0,0,0,0,0,0,0,0,0,0,0,0,13,7,9,16,13,7,9,8,62,16
102,0,69,69,1,64,64,0,7,0,68,0,273216,273216,3901,3901,0,4245,268971,0,0,0,4269,273216,484,474,224,0,10,15,0,1048576,0,0,0,inf,1.85105896,1.8651886,1.66896057,1,0,10,69,2,0,0,68,4352,21,4201,4201,0,268864,4224,474,0,0,0,0,0,0,0,0,51,13,4,0,0,0,0,0,0,0,0,0,0,0,0,0,0,0,0,0,0,0,0,0,0,0,0,0,0,0,0,0,0,0,0,0,0,0,0,0,0,0,0,0,0,0,0,0,0,0,0,0,0,0,0,0,0,0,0,0,0,0,0,0,0,4294967295,4294967295,4294967295,4294967295,4294967295,4294967295,4294967295,4294967295,4294967295,4294967295
103,1,69,69,1,64,64,0,5,0,68,0,259648,259648,4333,4333,0,4316,255332,0,0,0,4057,259648,379,307,288,1023,10,15,0,1048576,0,0,0,inf,1.08955383,1.09248352,0.852050781,1,0,10,69,2,0,1,67,4352,39,3989,3989,0,255296,4277,307,0,323,1023,1023,1023,0,0,1023,39,23,4,1,0,1,0,0,0,0,0,0,0,0,0,0,0,0,0,0,0,0,0,0,0,0,0,0,0,0,0,0,0,0,0,0,0,0,0,0,0,0,0,0,0,0,0,0,0,0,0,0,0,0,0,0,0,0,0,0,0,0,0,0,0,13,14,14,13,12,13,13,15,20,23
104,1,67,69,3,64,64,0,0,0,66,0,254592,254592,4291,4291,0,4561,250031,0,0,0,3978,254592,599,529,192,1023,10,15,0,1048576,0,0,0,inf,inf,1.17747498,0.991577148,1,0,10,67,2,0,1,65,4224,53,3912,3912,0,250368,4508,529,0,170,1023,1023,1023,0,0,1023,32,23,7,1,2,1,0,0,0,0,0,0,0,0,0,0,0,0,0,0,0,0,0,0,0,0,0,0,0,0,0,0,0,0,0,0,0,0,0,0,0,0,0,0,0,0,0,0,0,0,0,0,0,0,0,0,0,0,0,0,0,0,0,0,0,13,9,10,5,2,13,6,9,25,24
105,1,68,69,3,64,64,0,0,0,67,0,4288,4288,2742,2742,0,3852,436,0,0,0,67,4288,1120,1110,224,1023,10,15,0,1048576,0,0,0,inf,inf,0.459747314,0.28742981,1,0,10,68,2,67,0,0,4288,3852,0,0,0,0,0,1110,0,1023,0,1023,1023,0,0,1023,0,0,0,0,0,0,0,0,0,0,0,0,0,0,0,0,0,0,0,0,0,0,0,0,0,0,0,0,0,0,0,0,0,0,0,0,0,0,0,0,0,0,1,0,1,1,0,1,1,1,3,1,3,1,1,2,1,7,4,11,7,4,9,3,4,6,6,6,6,6,5,6,6,5,6
106,1,66,69,3,64,64,0,0,0,65,0,246272,246272,4449,4449,0,4779,241493,0,0,0,3848,246272,1153,580,416,1023,10,15,0,1048576,0,0,0,inf,inf,1.03504944,0.859130859,1,0,10,66,2,0,9,56,4160,127,3783,3783,0,242112,4652,580,0,43,1023,1023,1023,0,0,1023,18,17,11,5,5,5,3,0,0,0,1,0,0,0,0,0,0,0,0,0,0,0,0,0,0,0,0,0,0,0,0,0,0,0,0,0,0,0,0,0,0,0,0,0,0,0,0,0,0,0,0,0,0,0,0,0,0,0,0,0,0,0,0,0,0,3,9,4,8,5,3,11,10,2,18
107,1,67,69,3,64,64,0,0,0,66,0,212864,212864,8308,8308,0,10173,202691,0,0,0,3326,212864,2859,1551,256,1023,10,15,0,1048576,0,0,0,inf,inf,0.831359863,0.635177612,1,0,10,67,2,0,21,45,4224,305,3260,3260,112,208640,9868,1551,472,95,1023,1023,1023,0,0,1023,17,6,10,5,7,4,4,1,0,1,1,0,1,0,2,0,2,1,2,0,1,1,0,0,0,0,0,0,0,0,0,0,0,0,0,0,0,0,0,0,0,0,0,0,0,0,0,0,0,0,0,0,0,0,0,0,0,0,0,0,0,0,0,0,0,3,3,4,4,5,30,4,5,4,4
108,1,69,69,1,64,64,0,4,0,68,0,208064,208064,5604,5604,0,4860,203204,0,0,0,3251,208064,913,270,192,1023,10,15,0,1048576,0,0,0,inf,1.09637451,1.12001038,0.695953369,1,0,10,69,2,0,10,58,4352,155,3183,3183,0,203712,4705,270,0,511,1023,1023,1023,0,0,1023,13,21,9,11,4,3,1,3,2,1,0,0,0,0,0,0,0,0,0,0,0,0,0,0,0,0,0,0,0,0,0,0,0,0,0,0,0,0,0,0,0,0,0,0,0,0,0,0,0,0,0,0,0,0,0,0,0,0,0,0,0,0,0,0,0,11,9,9,11,11,9,10,9,8,10
109,0.899999976,67,69,3,64,64,0,0,0,66,0,247040,247040,5879,5879,0,7565,239475,0,0,0,3860,247040,1999,1929,128,767,10,15,0,1048576,0,0,0,inf,inf,1.0493927,0.919647217,1,0,10,67,2,0,1,65,4224,103,3794,3794,31,242816,7462,1929,31,564,767,767,767,80,0,767,19,12,21,9,4,0,1,0,0,0,0,0,0,0,0,0,0,0,0,0,0,0,0,0,0,0,0,0,0,0,0,0,0,0,0,0,0,0,0,0,0,0,0,0,0,0,0,0,0,0,0,0,0,0,0,0,0,0,0,0,0,0,0,0,0,6,9,14,7,8,8,8,9,4294967295,6
110,1,67,69,3,64,64,0,0,0,66,0,224768,224768,4775,4775,0,4562,220206,0,0,0,3512,224768,1220,396,192,1023,10,15,0,1048576,0,0,0,inf,inf,1.09693909,0.745269775,1,0,10,67,2,0,13,53,4224,169,3446,3446,0,220544,4393,396,0,943,1023,1023,1023,0,0,1023,13,16,9,11,4,3,5,3,1,0,0,0,1,0,0,0,0,0,0,0,0,0,0,0,0,0,0,0,0,0,0,0,0,0,0,0,0,0,0,0,0,0,0,0,0,0,0,0,0,0,0,0,0,0,0,0,0,0,0,0,0,0,0,0,0,4,3,3,4,7,5,5,5,5,5
111,1,69,69,2,64,64,0,0,0,68,0,249856,249856,5095,5095,0,5296,244560,0,0,0,3904,249856,769,633,320,1023,10,15,0,1048576,0,0,0,inf,inf,1.32774353,1.04750061,1,0,10,69,2,0,2,66,4352,84,3836,3836,0,245504,5212,633,0,505,1023,1023,1023,0,0,1023,23,24,9,8,2,2,0,0,0,0,0,0,0,0,0,0,0,0,0,0,0,0,0,0,0,0,0,0,0,0,0,0,0,0,0,0,0,0,0,0,0,0,0,0,0,0,0,0,0,0,0,0,0,0,0,0,0,0,0,0,0,0,0,0,0,11,9,5,16,14,7,10,15,15,15
112,0.699999988,69,69,1,64,64,0,6,0,68,0,272896,272896,4146,4146,0,4799,268097,0,0,0,4264,272896,799,789,256,508,10,15,0,1048576,0,0,0,inf,1.30879211,1.31515503,1.13546753,1,0,10,69,2,0,0,68,4352,20,4196,4196,0,268544,4779,789,0,0,508,508,508,0,0,508,50,16,2,0,0,0,0,0,0,0,0,0,0,0,0,0,0,0,0,0,0,0,0,0,0,0,0,0,0,0,0,0,0,0,0,0,0,0,0,0,0,0,0,0,0,0,0,0,0,0,0,0,0,0,0,0,0,0,0,0,0,0,0,0,0,4294967295,4294967295,13,18,10,35,12,45,10,4294967295
113,1,65,69,3,64,64,0,0,0,64,0,190272,190272,8056,8056,0,8591,181681,0,0,0,2973,190272,2816,1166,224,1023,10,15,0,1048576,0,0,0,inf,inf,0.752670288,0.626708984,1,0,10,65,2,0,26,38,4096,270,2909,2909,61,186176,8321,1166,135,1023,1023,1023,1023,0,0,1023,3,6,6,14,9,11,2,4,5,2,1,1,0,0,0,0,0,0,0,0,0,0,0,0,0,0,0,0,0,0,0,0,0,0,0,0,0,0,0,0,0,0,0,0,0,0,0,0,0,0,0,0,0,0,0,0,0,0,0,0,0,0,0,0,0,1,2,1,1,1,1,1,2,2,9
114,0.899999976,69,69,1,64,64,0,2,0,68,0,267648,267648,4214,4214,0,4677,262971,0,0,0,4182,267648,678,668,160,1019,10,15,0,1048576,0,0,0,inf,1.0124054,1.27116394,1.03445435,1,0,10,69,2,0,0,68,4352,33,4114,4114,0,263296,4644,668,0,0,1019,1019,1019,0,0,1019,44,17,6,0,1,0,0,0,0,0,0,0,0,0,0,0,0,0,0,0,0,0,0,0,0,0,0,0,0,0,0,0,0,0,0,0,0,0,0,0,0,0,0,0,0,0,0,0,0,0,0,0,0,0,0,0,0,0,0,0,0,0,0,0,0,5,14,4294967295,59,10,5,3,68,5,3
115,1,68,69,3,64,64,0,0,0,67,0,237056,237056,4585,4585,0,4621,232435,0,0,0,3704,237056,1232,533,128,1023,10,15,0,1048576,0,0,0,inf,inf,1.07522583,0.908309937,1,0,10,68,2,0,11,56,4288,154,3637,3637,0,232768,4467,533,0,991,1023,1023,1023,0,0,1023,20,22,7,4,3,4,1,0,1,0,2,0,2,0,0,0,1,0,0,0,0,0,0,0,0,0,0,0,0,0,0,0,0,0,0,0,0,0,0,0,0,0,0,0,0,0,0,0,0,0,0,0,0,0,0,0,0,0,0,0,0,0,0,0,0,11,10,4,8,13,45,9,8,26,8
116,1,67,69,3,64,64,0,0,0,66,0,241344,241344,4443,4443,0,4253,237091,0,0,0,3771,241344,335,268,256,1023,10,15,0,1048576,0,0,0,inf,inf,1.78277588,1.46310425,1,0,10,67,2,0,1,65,4224,61,3705,3705,0,237120,4192,268,0,1022,1023,1023,1023,0,0,1023,31,23,5,3,3,0,0,1,0,0,0,0,0,0,0,0,0,0,0,0,0,0,0,0,0,0,0,0,0,0,0,0,0,0,0,0,0,0,0,0,0,0,0,0,0,0,0,0,0,0,0,0,0,0,0,0,0,0,0,0,0,0,0,0,0,10,9,10,5,4,12,13,33,33,9
117,1,69,69,1,64,64,0,3,0,68,0,245824,245824,4974,4974,0,5232,240592,0,0,0,3841,245824,1608,659,160,1023,10,15,0,1048576,0,0,0,inf,1.3454895,1.35748291,1.03146362,1,0,10,69,2,0,15,53,4352,178,3773,3773,0,241472,5054,659,0,983,1023,1023,1023,0,0,1023,14,16,15,6,2,4,2,4,1,2,2,0,0,0,0,0,0,0,0,0,0,0,0,0,0,0,0,0,0,0,0,0,0,0,0,0,0,0,0,0,0,0,0,0,0,0,0,0,0,0,0,0,0,0,0,0,0,0,0,0,0,0,0,0,0,10,10,11,11,9,11,19,18,19,20
118,1,66,69,3,64,64,0,0,0,65,0,4160,4160,2503,2503,0,3838,322,0,0,0,65,4160,1345,1335,224,1023,10,15,0,1048576,0,0,0,inf,inf,0.675674438,0.571212769,1,0,10,66,2,65,0,0,4160,3838,0,0,0,0,0,1335,0,1023,0,1023,1023,0,0,1023,0,0,0,0,0,0,0,0,0,0,0,0,0,0,0,0,0,0,0,0,0,0,0,0,0,0,0,0,0,0,0,0,0,0,0,0,0,0,0,0,0,0,0,0,0,2,0,0,0,3,2,2,0,0,0,3,2,3,3,3,9,10,8,6,9,2,2,2,3,2,3,1,2,2,3
119,0.5,66,69,3,64,64,0,0,0,65,0,221568,221568,6884,6884,0,10099,211469,0,0,0,3462,221568,2886,1582,384,684,10,15,0,1048576,0,0,0,inf,inf,1.56083679,1.30137634,1,0,10,66,2,0,21,44,4160,203,3397,3397,323,217408,9896,1582,1202,128,684,684,684,0,0,684,15,12,9,7,1,6,5,3,3,1,0,2,1,0,0,0,0,0,0,0,0,0,0,0,0,0,0,0,0,0,0,0,0,0,0,0,0,0,0,0,0,0,0,0,0,0,0,0,0,0,0,0,0,0,0,0,0,0,0,0,0,0,0,0,0,4294967295,4294967295,16,15,4294967295,18,4294967295,3,4294967295,15
120,1,68,69,3,64,64,0,0,0,67,0,173248,173248,10714,10714,0,13107,160141,0,0,0,2707,173248,4278,1953,192,1023,10,15,0,1048576,0,0,0,inf,inf,0.845825195,0.718338013,1,0,10,68,2,0,37,30,4288,364,2640,2640,253,168960,12743,1953,1016,1023,1023,1023,1023,16,0,1023,1,3,6,11,9,7,9,5,6,4,0,4,1,0,0,0,1,0,0,0,0,0,0,0,0,0,0,0,0,0,0,0,0,0,0,0,0,0,0,0,0,0,0,0,0,0,0,0,0,0,0,0,0,0,0,0,0,0,0,0,0,0,0,0,0,5,6,5,5,6,6,6,6,5,5
121,1,67,69,3,64,64,0,0,0,66,0,247296,247296,4793,4793,0,5388,241908,0,0,0,3864,247296,884,566,256,1023,10,15,0,1048576,0,0,0,inf,inf,1.32723999,0.975723267,1,0,10,67,2,0,5,61,4224,83,3798,3798,62,243072,5305,566,196,14,1023,1023,1023,0,0,1023,27,23,4,5,2,2,2,1,0,0,0,0,0,0,0,0,0,0,0,0,0,0,0,0,0,0,0,0,0,0,0,0,0,0,0,0,0,0,0,0,0,0,0,0,0,0,0,0,0,0,0,0,0,0,0,0,0,0,0,0,0,0,0,0,0,8,3,3,5,3,8,4,8,10,8
122,1,67,69,3,64,64,0,0,0,66,0,127680,127680,4743,4743,0,6303,121377,0,0,0,1995,127680,3686,1456,192,1023,10,15,0,1048576,0,0,0,inf,inf,1.10758972,0.847869873,1,0,10,67,2,23,36,7,4224,1411,1929,1929,86,123456,4892,1456,182,1023,1023,1023,1023,0,0,1023,1,1,1,3,1,4,1,0,2,0,2,1,1,2,1,2,1,4,1,3,3,2,0,2,2,2,2,0,1,2,0,0,1,3,0,1,1,2,1,2,0,2,0,1,1,2,1,0,0,0,0,0,0,0,0,0,0,0,0,0,0,0,0,0,0,2,2,4,3,2,2,3,5,4,3
123,1,69,69,1,64,64,0,4,0,68,0,255232,255232,4328,4328,0,4217,251015,0,0,0,3988,255232,296,286,192,1023,10,15,0,1048576,0,0,0,inf,1.32647705,1.47180176,0.909851074,1,0,10,69,2,0,0,68,4352,35,3920,3920,0,250880,4182,286,0,555,1023,1023,1023,0,0,1023,44,15,7,2,0,0,0,0,0,0,0,0,0,0,0,0,0,0,0,0,0,0,0,0,0,0,0,0,0,0,0,0,0,0,0,0,0,0,0,0,0,0,0,0,0,0,0,0,0,0,0,0,0,0,0,0,0,0,0,0,0,0,0,0,0,12,11,11,10,17,11,19,12,13,15
124,0.899999976,69,69,1,64,64,0,2,0,68,0,255744,255744,4243,4243,0,4050,251694,0,0,0,3996,255744,243,169,192,1007,10,15,0,1048576,0,0,0,inf,1.81613159,1.88340759,1.48918152,1,0,10,69,2,0,1,67,4352,62,3928,3928,0,251392,3988,169,0,99,1007,1007,1007,0,0,1007,35,18,9,2,3,0,0,0,1,0,0,0,0,0,0,0,0,0,0,0,0,0,0,0,0,0,0,0,0,0,0,0,0,0,0,0,0,0,0,0,0,0,0,0,0,0,0,0,0,0,0,0,0,0,0,0,0,0,0,0,0,0,0,0,0,7,6,7,7,4294967295,5,5,33,24,63
125,1,66,69,3,64,64,0,0,0,65,0,246144,246144,5317,5317,0,6316,239828,0,0,0,3846,246144,1245,1172,352,1023,10,15,0,1048576,0,0,0,inf,inf,1.11148071,0.925613403,1,0,10,66,2,0,1,64,4160,82,3781,3781,41,241984,6234,1172,65,303,1023,1023,1023,0,0,1023,18,30,7,5,4,0,0,1,0,0,0,0,0,0,0,0,0,0,0,0,0,0,0,0,0,0,0,0,0,0,0,0,0,0,0,0,0,0,0,0,0,0,0,0,0,0,0,0,0,0,0,0,0,0,0,0,0,0,0,0,0,0,0,0,0,9,6,5,6,6,6,7,8,4,6
126,1,69,69,1,64,64,0,1,0,68,0,251648,251648,4128,4128,0,4049,247599,0,0,0,3932,251648,1101,266,288,1023,10,15,0,1048576,0,0,0,inf,1.37849426,1.41140747,0.790100098,1,0,10,69,2,0,13,55,4352,143,3864,3864,0,247296,3906,266,0,1023,1023,1023,1023,0,0,1023,34,4,8,5,4,2,5,2,0,3,0,1,0,0,0,0,0,0,0,0,0,0,0,0,0,0,0,0,0,0,0,0,0,0,0,0,0,0,0,0,0,0,0,0,0,0,0,0,0,0,0,0,0,0,0,0,0,0,0,0,0,0,0,0,0,6,7,5,7,5,6,6,6,7,6
127,0.899999976,69,69,1,64,64,0,9,0,68,0,256000,256000,4512,4512,0,4504,251496,0,0,0,4000,256000,372,362,224,1007,10,15,0,1048576,0,0,0,inf,1.32417297,1.35227966,1.1166687,1,0,10,69,2,0,0,68,4352,50,3932,3932,0,251648,4454,362,0,708,1007,1007,1007,0,0,1007,34,21,10,3,0,0,0,0,0,0,0,0,0,0,0,0,0,0,0,0,0,0,0,0,0,0,0,0,0,0,0,0,0,0,0,0,0,0,0,0,0,0,0,0,0,0,0,0,0,0,0,0,0,0,0,0,0,0,0,0,0,0,0,0,0,13,14,14,14,4294967295,15,18,23,14,14
128,0.899999976,67,69,3,64,64,0,0,0,66,0,262464,262464,4116,4116,0,4672,257792,0,0,0,4101,262464,712,702,160,1019,10,15,0,1048576,0,0,0,inf,inf,1.34368896,1.12080383,1,0,10,67,2,0,0,66,4224,43,4035,4035,0,258240,4629,702,0,257,1019,1019,1019,0,0,1019,36,19,9,2,0,0,0,0,0,0,0,0,0,0,0,0,0,0,0,0,0,0,0,0,0,0,0,0,0,0,0,0,0,0,0,0,0,0,0,0,0,0,0,0,0,0,0,0,0,0,0,0,0,0,0,0,0,0,0,0,0,0,0,0,0,4,5,4294967295,2,16,10,9,3,8,11
129,1,69,69,1,64,64,0,2,0,68,0,251072,251072,5640,5640,0,5878,245194,0,0,0,3923,251072,789,657,352,1023,10,15,0,1048576,0,0,0,inf,1.3433075,1.3433075,1.01303101,1,0,10,69,2,0,2,66,4352,78,3855,3855,0,246720,5800,657,0,116,1023,1023,1023,0,0,1023,28,20,13,5,0,1,0,0,0,0,0,0,1,0,0,0,0,0,0,0,0,0,0,0,0,0,0,0,0,0,0,0,0,0,0,0,0,0,0,0,0,0,0,0,0,0,0,0,0,0,0,0,0,0,0,0,0,0,0,0,0,0,0,0,0,8,10,9,11,6,6,7,10,9,7
130,1,67,69,3,64,64,0,0,0,66,0,9728,9728,1496,1496,0,3637,6091,0,0,0,152,9728,1971,1861,288,1023,10,15,0,1048576,0,0,0,inf,inf,0.60559082,0.49546814,1,0,10,67,2,64,2,0,4224,3174,86,86,74,5504,463,1861,145,1023,515,1023,1023,0,0,1023,0,0,0,0,0,0,0,0,0,0,0,0,0,0,0,0,0,0,0,0,1,0,1,0,0,0,0,1,0,1,0,0,1,1,3,1,1,1,2,1,3,1,1,4,0,4,0,2,3,1,3,1,2,0,2,4,1,1,4,2,0,1,6,5,0,3,3,2,3,3,3,4,3,6,4
131,0.899999976,66,69,3,64,64,0,0,0,65,0,229568,229568,7091,7091,0,8058,221510,0,0,0,3587,229568,2315,1300,128,1019,10,15,0,1048576,0,0,0,inf,inf,1.74134827,1.54951477,1,0,10,66,2,0,16,49,4160,200,3522,3522,10,225408,7858,1300,53,761,1019,1019,1019,0,0,1019,9,10,14,10,6,3,6,4,0,2,0,1,0,0,0,0,0,0,0,0,0,0,0,0,0,0,0,0,0,0,0,0,0,0,0,0,0,0,0,0,0,0,0,0,0,0,0,0,0,0,0,0,0,0,0,0,0,0,0,0,0,0,0,0,0,3,4,4294967295,4,4,4,6,4,9,8
132,1,66,69,3,64,64,0,0,0,65,0,212608,212608,7574,7574,0,9771,202837,0,0,0,3322,212608,3504,1535,512,1023,10,15,0,1048576,0,0,0,inf,inf,1.22750854,1.05456543,1,0,10,66,2,0,32,33,4160,496,3257,3257,105,208448,9275,1535,552,806,1023,1023,1023,0,0,1023,17,7,3,6,0,0,1,3,2,3,1,1,1,3,2,3,0,1,2,2,2,0,0,1,4,0,0,0,0,0,0,0,0,0,0,0,0,0,0,0,0,0,0,0,0,0,0,0,0,0,0,0,0,0,0,0,0,0,0,0,0,0,0,0,0,2,5,4,8,40,3,6,43,3,4
133,1,69,69,1,64,64,0,5,0,68,0,261760,261760,4292,4292,0,4451,257309,0,0,0,4090,261760,491,423,128,1023,10,15,0,1048576,0,0,0,inf,1.30734253,1.31254578,0.998962402,1,0,10,69,2,0,1,67,4352,54,4022,4022,2,257408,4397,423,4,855,1023,1023,1023,0,0,1023,35,25,3,2,2,0,0,0,0,1,0,0,0,0,0,0,0,0,0,0,0,0,0,0,0,0,0,0,0,0,0,0,0,0,0,0,0,0,0,0,0,0,0,0,0,0,0,0,0,0,0,0,0,0,0,0,0,0,0,0,0,0,0,0,0,50,51,32,19,19,19,22,39,19,19
134,1,68,69,3,64,64,0,0,0,67,0,264256,264256,4318,4318,0,4786,259470,0,0,0,4129,264256,657,647,128,1023,10,15,0,1048576,0,0,0,inf,inf,1.33828735,1.1068573,1,0,10,68,2,0,0,67,4288,47,4062,4062,0,259968,4739,647,0,11,1023,1023,1023,0,0,1023,32,27,4,4,0,0,0,0,0,0,0,0,0,0,0,0,0,0,0,0,0,0,0,0,0,0,0,0,0,0,0,0,0,0,0,0,0,0,0,0,0,0,0,0,0,0,0,0,0,0,0,0,0,0,0,0,0,0,0,0,0,0,0,0,0,12,18,21,7,22,4,29,3,5,3
135,1,69,69,1,64,64,0,31,0,68,0,237888,237888,5078,5078,0,5070,232818,0,0,0,3717,237888,927,597,256,1023,10,15,0,1048576,0,0,0,inf,1.41468811,1.72457886,1.1730957,1,0,10,69,2,0,5,63,4352,98,3649,3649,0,233536,4972,597,0,687,1023,1023,1023,0,0,1023,25,19,12,3,4,1,3,1,0,0,0,0,0,0,0,0,0,0,0,0,0,0,0,0,0,0,0,0,0,0,0,0,0,0,0,0,0,0,0,0,0,0,0,0,0,0,0,0,0,0,0,0,0,0,0,0,0,0,0,0,0,0,0,0,0,37,38,36,36,48,39,39,41,39,44
136,1,66,69,3,64,64,0,0,0,65,0,216320,216320,5746,5746,0,5962,210358,0,0,0,3380,216320,2350,817,160,1023,10,15,0,1048576,0,0,0,inf,inf,0.989257812,0.809707642,1,0,10,66,2,0,24,41,4160,227,3315,3315,4,212160,5735,817,9,991,1023,1023,1023,0,0,1023,10,11,8,6,6,8,5,6,1,2,2,0,0,0,0,0,0,0,0,0,0,0,0,0,0,0,0,0,0,0,0,0,0,0,0,0,0,0,0,0,0,0,0,0,0,0,0,0,0,0,0,0,0,0,0,0,0,0,0,0,0,0,0,0,0,6,5,3,4,3,3,1,4,7,2
137,0.5,65,69,3,64,64,0,0,0,64,0,240896,240896,4170,4170,0,4435,236461,0,0,0,3764,240896,680,608,192,59,10,15,0,1048576,0,0,0,inf,inf,1.38600159,1.10795593,1,0,10,65,2,0,1,63,4096,53,3700,3700,0,236800,4382,608,0,0,59,59,59,0,0,59,36,16,4,4,3,1,0,0,0,0,0,0,0,0,0,0,0,0,0,0,0,0,0,0,0,0,0,0,0,0,0,0,0,0,0,0,0,0,0,0,0,0,0,0,0,0,0,0,0,0,0,0,0,0,0,0,0,0,0,0,0,0,0,0,0,26,26,4294967295,48,39,25,4294967295,4294967295,4294967295,4294967295
138,1,67,69,3,64,64,0,0,0,66,0,216832,216832,6963,6963,0,7156,209676,0,0,0,3388,216832,1163,963,288,1023,10,15,0,1048576,0,0,0,inf,inf,0.468643188,0.338119507,1,0,10,67,2,0,3,63,4224,132,3322,3322,0,212608,7024,963,0,943,1023,1023,1023,0,0,1023,9,17,18,12,7,3,0,0,0,0,0,0,0,0,0,0,0,0,0,0,0,0,0,0,0,0,0,0,0,0,0,0,0,0,0,0,0,0,0,0,0,0,0,0,0,0,0,0,0,0,0,0,0,0,0,0,0,0,0,0,0,0,0,0,0,3,4,4,3,2,5,4,4,4,3
139,0.800000012,69,69,1,64,64,0,1,0,68,0,256896,256896,4154,4154,0,4773,252123,0,0,0,4014,256896,566,346,256,987,10,15,0,1048576,0,0,0,inf,2.26203918,2.26203918,1.76982117,1,0,10,69,2,0,4,64,4352,84,3946,3946,68,252544,4689,346,458,192,987,987,987,0,0,987,43,11,4,6,0,1,0,1,0,0,0,0,0,0,0,0,1,0,0,1,0,0,0,0,0,0,0,0,0,0,0,0,0,0,0,0,0,0,0,0,0,0,0,0,0,0,0,0,0,0,0,0,0,0,0,0,0,0,0,0,0,0,0,0,0,12,13,4294967295,13,11,4294967295,60,60,14,60
140,1,67,69,3,64,64,0,0,0,66,0,196992,196992,9595,9595,0,11141,185851,0,0,0,3078,196992,3316,1723,128,1023,10,15,0,1048576,0,0,0,inf,inf,0.528320312,0.430343628,1,0,10,67,2,0,25,41,4224,248,3012,3012,184,192768,10893,1723,389,511,1023,1023,1023,72,0,1023,2,9,6,13,11,15,3,5,2,0,0,0,0,0,0,0,0,0,0,0,0,0,0,0,0,0,0,0,0,0,0,0,0,0,0,0,0,0,0,0,0,0,0,0,0,0,0,0,0,0,0,0,0,0,0,0,0,0,0,0,0,0,0,0,0,3,3,3,4,4,3,5,4,4,3
141,1,68,69,3,64,64,0,0,0,67,0,269888,269888,3790,3790,0,4030,265858,0,0,0,4217,269888,373,363,160,1023,10,15,0,1048576,0,0,0,inf,inf,1.44178772,1.2278595,1,0,10,68,2,0,0,67,4288,15,4150,4150,0,265600,4015,363,0,67,1023,1023,1023,0,0,1023,53,13,1,0,0,0,0,0,0,0,0,0,0,0,0,0,0,0,0,0,0,0,0,0,0,0,0,0,0,0,0,0,0,0,0,0,0,0,0,0,0,0,0,0,0,0,0,0,0,0,0,0,0,0,0,0,0,0,0,0,0,0,0,0,0,17,16,6,17,12,25,12,8,17,10
142,0.300000012,69,69,1,64,64,0,2,0,68,0,258240,258240,4308,4308,0,5343,252897,0,0,0,4035,258240,733,507,160,162,10,15,0,1048576,0,0,0,inf,2.08935547,2.11013794,1.91352844,1,0,10,69,2,0,4,64,4352,67,3967,3967,131,253888,5276,507,566,0,162,162,162,0,0,162,48,11,5,0,0,0,1,0,0,0,2,0,0,0,0,0,0,0,0,0,1,0,0,0,0,0,0,0,0,0,0,0,0,0,0,0,0,0,0,0,0,0,0,0,0,0,0,0,0,0,0,0,0,0,0,0,0,0,0,0,0,0,0,0,0,4294967295,12,4294967295,4294967295,4294967295,11,4294967295,46,4294967295,4294967295
143,0.899999976,69,69,2,64,64,0,0,0,68,0,263936,263936,4093,4093,0,4368,259568,0,0,0,4124,263936,544,534,544,895,10,15,0,1048576,0,0,0,inf,inf,1.23284912,0.99357605,1,0,10,69,2,0,0,68,4352,37,4056,4056,0,259584,4331,534,0,768,895,895,895,0,0,895,42,20,3,1,2,0,0,0,0,0,0,0,0,0,0,0,0,0,0,0,0,0,0,0,0,0,0,0,0,0,0,0,0,0,0,0,0,0,0,0,0,0,0,0,0,0,0,0,0,0,0,0,0,0,0,0,0,0,0,0,0,0,0,0,0,22,3,5,6,3,34,60,4294967295,6,8
144,0.899999976,66,69,3,64,64,0,0,0,65,0,240192,240192,5002,5002,0,7649,232543,0,0,0,3753,240192,2890,1773,128,1015,10,15,0,1048576,0,0,0,inf,inf,1.51292419,1.36087036,1,0,10,66,2,0,18,47,4160,192,3688,3688,226,236032,7457,1773,620,642,1015,1015,1015,0,0,1015,24,9,8,3,3,3,4,3,0,4,1,0,1,1,0,1,0,0,0,0,0,0,0,0,0,0,0,0,0,0,0,0,0,0,0,0,0,0,0,0,0,0,0,0,0,0,0,0,0,0,0,0,0,0,0,0,0,0,0,0,0,0,0,0,0,5,7,15,4294967295,4,14,13,28,4,13
145,1,69,69,2,64,64,0,0,0,68,0,214848,214848,8061,8061,0,8347,206501,0,0,0,3357,214848,1407,1020,224,1023,10,15,0,1048576,0,0,0,inf,inf,0.955703735,0.79006958,1,0,10,69,2,0,6,62,4352,155,3289,3289,46,210496,8192,1020,84,571,1023,1023,1023,0,0,1023,9,12,20,13,8,5,0,1,0,0,0,0,0,0,0,0,0,0,0,0,0,0,0,0,0,0,0,0,0,0,0,0,0,0,0,0,0,0,0,0,0,0,0,0,0,0,0,0,0,0,0,0,0,0,0,0,0,0,0,0,0,0,0,0,0,4,5,8,5,5,4,5,13,6,5
146,1,66,69,3,64,64,0,0,0,65,0,199808,199808,8712,8712,0,9736,190072,0,0,0,3122,199808,3354,1452,320,1023,10,15,0,1048576,0,0,0,inf,inf,0.990478516,0.859664917,1,0,10,66,2,1,30,34,4160,340,3057,3057,54,195648,9396,1452,113,1018,1023,1023,1023,0,0,1023,5,7,9,4,9,4,8,5,5,0,1,3,1,2,0,0,0,1,0,0,0,0,0,0,0,0,1,0,0,0,0,0,0,0,0,0,0,0,0,0,0,0,0,0,0,0,0,0,0,0,0,0,0,0,0,0,0,0,0,0,0,0,0,0,0,4,4,3,2,2,3,3,2,2,4
147,1,69,69,1,64,64,0,1,0,68,0,242752,242752,5248,5248,0,5141,237611,0,0,0,3793,242752,646,444,160,1023,10,15,0,1048576,0,0,0,inf,1.89634705,1.89634705,1.60801697,1,0,10,69,2,0,3,65,4352,76,3725,3725,0,238400,5065,444,0,44,1023,1023,1023,0,0,1023,27,22,11,3,2,3,0,0,0,0,0,0,0,0,0,0,0,0,0,0,0,0,0,0,0,0,0,0,0,0,0,0,0,0,0,0,0,0,0,0,0,0,0,0,0,0,0,0,0,0,0,0,0,0,0,0,0,0,0,0,0,0,0,0,0,10,21,15,9,7,8,10,9,6,15
148,1,66,69,3,64,64,0,0,0,65,0,242432,242432,4704,4704,0,4912,237520,0,0,0,3788,242432,602,592,352,1023,10,15,0,1048576,0,0,0,inf,inf,0.767028809,0.566238403,1,0,10,66,2,0,0,65,4160,53,3723,3723,0,238272,4859,592,0,500,1023,1023,1023,0,0,1023,33,18,9,3,2,0,0,0,0,0,0,0,0,0,0,0,0,0,0,0,0,0,0,0,0,0,0,0,0,0,0,0,0,0,0,0,0,0,0,0,0,0,0,0,0,0,0,0,0,0,0,0,0,0,0,0,0,0,0,0,0,0,0,0,0,22,4,10,11,16,9,2,9,9,31
149,1,67,69,3,64,64,0,0,0,66,0,254720,254720,4907,4907,0,5670,249050,0,0,0,3980,254720,1375,990,192,1023,10,15,0,1048576,0,0,0,inf,inf,1.40934753,1.23475647,1,0,10,67,2,0,6,60,4224,83,3914,3914,0,250496,5587,990,0,30,1023,1023,1023,0,0,1023,29,19,8,2,2,2,4,0,0,0,0,0,0,0,0,0,0,0,0,0,0,0,0,0,0,0,0,0,0,0,0,0,0,0,0,0,0,0,0,0,0,0,0,0,0,0,0,0,0,0,0,0,0,0,0,0,0,0,0,0,0,0,0,0,0,16,2,2,2,15,16,14,9,7,6
150,1,69,69,1,64,64,0,1,0,68,0,250048,250048,4991,4991,0,5332,244716,0,0,0,3907,250048,1016,759,96,1023,10,15,0,1048576,0,0,0,inf,1.08253479,1.08253479,0.9402771,1,0,10,69,2,0,4,64,4352,95,3839,3839,0,245696,5237,759,0,671,1023,1023,1023,0,0,1023,24,22,9,7,2,1,0,3,0,0,0,0,0,0,0,0,0,0,0,0,0,0,0,0,0,0,0,0,0,0,0,0,0,0,0,0,0,0,0,0,0,0,0,0,0,0,0,0,0,0,0,0,0,0,0,0,0,0,0,0,0,0,0,0,0,16,17,17,10,10,8,5,15,7,5
151,0.899999976,69,69,1,64,64,0,4,0,68,0,267520,267520,4201,4201,0,4497,263023,0,0,0,4180,267520,515,505,128,767,10,15,0,1048576,0,0,0,inf,1.45246887,1.58828735,1.37939453,1,0,10,69,2,0,0,68,4352,31,4112,4112,0,263168,4466,505,0,16,767,767,767,0,0,767,48,12,5,3,0,0,0,0,0,0,0,0,0,0,0,0,0,0,0,0,0,0,0,0,0,0,0,0,0,0,0,0,0,0,0,0,0,0,0,0,0,0,0,0,0,0,0,0,0,0,0,0,0,0,0,0,0,0,0,0,0,0,0,0,0,17,53,28,18,19,52,30,18,4294967295,44
152,1,66,69,3,64,64,0,0,0,65,0,46272,46272,1140,1140,0,17027,29245,0,0,0,723,46272,2902,2070,96,1023,10,15,0,1048576,0,0,0,inf,inf,1.01582336,0.918792725,1,0,10,66,2,48,17,0,4160,1873,658,658,590,42112,15154,2070,10694,767,1023,1023,1023,912,0,1023,0,0,0,0,0,0,0,0,0,0,0,0,0,0,0,1,0,2,0,2,0,2,1,2,2,5,3,5,3,7,4,5,4,4,4,1,2,4,1,1,0,0,0,0,0,0,0,0,0,0,0,0,0,0,0,0,0,0,0,0,0,0,0,0,0,2,4,8,2,25,1,5,10,12,10
153,0.899999976,69,69,1,64,64,0,3,0,68,0,257280,257280,4236,4236,0,4240,253040,0,0,0,4020,257280,456,323,160,1015,10,15,0,1048576,0,0,0,inf,1.21356201,1.44462585,1.12083435,1,0,10,69,2,0,2,66,4352,81,3952,3952,0,252928,4159,323,0,114,1015,1015,1015,0,0,1015,33,13,9,6,5,1,0,1,0,0,0,0,0,0,0,0,0,0,0,0,0,0,0,0,0,0,0,0,0,0,0,0,0,0,0,0,0,0,0,0,0,0,0,0,0,0,0,0,0,0,0,0,0,0,0,0,0,0,0,0,0,0,0,0,0,8,25,19,4294967295,24,24,25,66,27,19
154,1,67,69,3,64,64,0,0,0,66,0,232832,232832,6694,6694,0,8314,224518,0,0,0,3638,232832,3455,1877,192,1023,10,15,0,1048576,0,0,0,inf,inf,0.999130249,0.806549072,1,0,10,67,2,0,25,41,4224,254,3572,3572,49,228608,8060,1877,63,991,1023,1023,1023,0,0,1023,12,9,8,8,4,7,5,6,2,0,0,1,0,2,1,1,0,0,0,0,0,0,0,0,0,0,0,0,0,0,0,0,0,0,0,0,0,0,0,0,0,0,0,0,0,0,0,0,0,0,0,0,0,0,0,0,0,0,0,0,0,0,0,0,0,3,4,4,4,6,6,3,4,2,8
155,1,66,69,3,64,64,0,0,0,65,0,247936,247936,4668,4668,0,5169,242767,0,0,0,3874,247936,1213,764,128,1023,10,15,0,1048576,0,0,0,inf,inf,1.31291199,1.10319519,1,0,10,66,2,0,7,58,4160,88,3809,3809,0,243776,5081,764,0,96,1023,1023,1023,0,0,1023,35,7,8,4,4,6,0,1,0,0,0,0,0,0,0,0,0,0,0,0,0,0,0,0,0,0,0,0,0,0,0,0,0,0,0,0,0,0,0,0,0,0,0,0,0,0,0,0,0,0,0,0,0,0,0,0,0,0,0,0,0,0,0,0,0,16,4,15,5,1,8,2,3,13,2
156,0.899999976,66,69,3,64,64,0,0,0,65,0,249536,249536,5253,5253,0,7300,242236,0,0,0,3899,249536,2644,2095,64,1023,10,15,0,1048576,0,0,0,inf,inf,1.28131104,1.17854309,1,0,10,66,2,0,9,56,4160,132,3834,3834,50,245376,7168,2095,81,4,1023,511,511,512,0,511,20,15,12,6,3,2,1,3,1,2,0,0,0,0,0,0,0,0,0,0,0,0,0,0,0,0,0,0,0,0,0,0,0,0,0,0,0,0,0,0,0,0,0,0,0,0,0,0,0,0,0,0,0,0,0,0,0,0,0,0,0,0,0,0,0,8,3,5,9,6,27,37,8,40,4294967295
157,1,69,69,1,64,64,0,6,0,68,0,225536,225536,5339,5339,0,5341,220195,0,0,0,3524,225536,1807,662,96,1023,10,15,0,1048576,0,0,0,inf,1.21739197,1.23641968,0.664855957,1,0,10,69,2,0,18,50,4352,236,3456,3456,0,221184,5105,662,0,1023,1023,1023,1023,0,0,1023,15,11,12,3,9,2,2,2,2,4,3,0,2,0,1,0,0,0,0,0,0,0,0,0,0,0,0,0,0,0,0,0,0,0,0,0,0,0,0,0,0,0,0,0,0,0,0,0,0,0,0,0,0,0,0,0,0,0,0,0,0,0,0,0,0,12,12,11,12,12,12,12,12,12,12
158,1,67,69,3,64,64,0,0,0,66,0,137408,137408,12956,12956,0,19614,117794,0,0,0,2147,137408,6696,3124,64,1023,10,15,0,1048576,0,0,0,inf,inf,0.528869629,0.43145752,1,0,10,67,2,1,57,8,4224,836,2081,2081,504,133184,18778,3124,2666,1023,1023,1023,1023,636,0,1023,0,0,1,4,3,1,4,6,1,3,4,3,3,1,3,7,2,4,4,2,3,1,2,2,1,0,0,0,0,0,1,0,0,0,0,0,0,0,0,0,0,0,0,0,0,0,0,0,0,0,0,0,0,0,0,0,0,0,0,0,0,0,0,0,0,3,2,5,4,3,4,2,3,4,3
159,1,69,69,1,64,64,0,4,0,68,0,217088,217088,4981,4981,0,5006,212082,0,0,0,3392,217088,2043,576,224,1023,10,15,0,1048576,0,0,0,inf,1.19859314,1.22814941,0.693344116,1,0,10,69,2,0,23,45,4352,272,3324,3324,20,212736,4734,576,70,1023,1023,1023,1023,0,0,1023,10,13,8,9,5,4,0,6,2,4,1,3,1,1,1,0,0,0,0,0,0,0,0,0,0,0,0,0,0,0,0,0,0,0,0,0,0,0,0,0,0,0,0,0,0,0,0,0,0,0,0,0,0,0,0,0,0,0,0,0,0,0,0,0,0,10,9,9,9,9,9,9,10,10,10
160,1,69,69,1,64,64,0,4,0,68,0,243136,243136,5643,5643,0,6333,236803,0,0,0,3799,243136,2113,1035,128,1023,10,15,0,1048576,0,0,0,inf,1.58399963,1.58789062,1.35673523,1,0,10,69,2,0,17,51,4352,247,3731,3731,8,238784,6086,1035,11,152,1023,1023,1023,0,0,1023,18,13,9,5,6,1,2,0,1,3,1,2,2,3,1,0,1,0,0,0,0,0,0,0,0,0,0,0,0,0,0,0,0,0,0,0,0,0,0,0,0,0,0,0,0,0,0,0,0,0,0,0,0,0,0,0,0,0,0,0,0,0,0,0,0,16,15,17,8,11,19,17,9,23,17
161,1,69,69,2,64,64,0,0,0,68,0,244352,244352,6237,6237,0,7056,237296,0,0,0,3818,244352,1427,1353,128,1023,10,15,0,1048576,0,0,0,inf,inf,1.0655365,0.890823364,1,0,10,69,2,0,1,67,4352,68,3750,3750,0,240000,6988,1353,0,390,1023,1023,1023,0,0,1023,24,30,8,3,2,1,0,0,0,0,0,0,0,0,0,0,0,0,0,0,0,0,0,0,0,0,0,0,0,0,0,0,0,0,0,0,0,0,0,0,0,0,0,0,0,0,0,0,0,0,0,0,0,0,0,0,0,0,0,0,0,0,0,0,0,21,10,10,16,10,13,9,5,6,9
162,0.899999976,66,69,3,64,64,0,0,0,65,0,233792,233792,4912,4912,0,5488,228304,0,0,0,3653,233792,1075,1065,64,1023,10,15,0,1048576,0,0,0,inf,inf,1.24830627,1.0723114,1,0,10,66,2,0,0,65,4160,83,3588,3588,0,229632,5405,1065,0,776,1023,1023,1023,0,0,511,15,24,21,3,2,0,0,0,0,0,0,0,0,0,0,0,0,0,0,0,0,0,0,0,0,0,0,0,0,0,0,0,0,0,0,0,0,0,0,0,0,0,0,0,0,0,0,0,0,0,0,0,0,0,0,0,0,0,0,0,0,0,0,0,0,20,6,3,3,2,13,7,8,2,5
163,1,69,69,2,64,64,0,0,0,68,0,233024,233024,4854,4854,0,4394,228630,0,0,0,3641,233024,275,265,192,1023,10,15,0,1048576,0,0,0,inf,inf,1.55889893,0.655822754,1,0,10,69,2,0,0,68,4352,54,3573,3573,0,228672,4340,265,0,1007,1023,1023,1023,0,0,1023,34,21,7,5,1,0,0,0,0,0,0,0,0,0,0,0,0,0,0,0,0,0,0,0,0,0,0,0,0,0,0,0,0,0,0,0,0,0,0,0,0,0,0,0,0,0,0,0,0,0,0,0,0,0,0,0,0,0,0,0,0,0,0,0,0,16,17,17,17,17,17,17,17,17,16
164,1,68,69,3,64,64,0,0,0,67,0,247936,247936,4759,4759,0,4977,242959,0,0,0,3874,247936,664,654,96,1023,10,15,0,1048576,0,0,0,inf,inf,0.53755188,0.389328003,1,0,10,68,2,0,0,67,4288,45,3807,3807,0,243648,4932,654,0,772,1023,1023,1023,0,0,1023,37,19,8,2,1,0,0,0,0,0,0,0,0,0,0,0,0,0,0,0,0,0,0,0,0,0,0,0,0,0,0,0,0,0,0,0,0,0,0,0,0,0,0,0,0,0,0,0,0,0,0,0,0,0,0,0,0,0,0,0,0,0,0,0,0,11,8,10,8,6,6,8,9,6,15
165,1,69,69,1,64,64,0,12,0,68,0,233728,233728,5838,5838,0,5876,227852,0,0,0,3652,233728,1030,701,288,1023,10,15,0,1048576,0,0,0,inf,1.14801025,1.17857361,0.828094482,1,0,10,69,2,0,5,63,4352,105,3584,3584,0,229376,5771,701,0,750,1023,1023,1023,0,0,1023,20,23,11,5,4,3,1,0,1,0,0,0,0,0,0,0,0,0,0,0,0,0,0,0,0,0,0,0,0,0,0,0,0,0,0,0,0,0,0,0,0,0,0,0,0,0,0,0,0,0,0,0,0,0,0,0,0,0,0,0,0,0,0,0,0,17,16,18,17,18,17,17,18,18,17
166,1,66,69,3,64,64,0,0,0,65,0,252032,252032,4347,4347,0,4768,247264,0,0,0,3938,252032,719,647,288,1023,10,15,0,1048576,0,0,0,inf,inf,1.72297668,1.32775879,1,0,10,66,2,0,1,64,4160,61,3873,3873,0,247872,4707,647,0,816,1023,1023,1023,0,0,1023,31,18,9,5,1,0,1,0,0,0,0,0,0,0,0,0,0,0,0,0,0,0,0,0,0,0,0,0,0,0,0,0,0,0,0,0,0,0,0,0,0,0,0,0,0,0,0,0,0,0,0,0,0,0,0,0,0,0,0,0,0,0,0,0,0,9,14,6,5,7,7,35,1,1,2
167,0.600000024,66,69,3,64,64,0,0,0,65,0,251968,251968,4196,4196,0,4660,247308,0,0,0,3937,251968,878,681,96,318,10,15,0,1048576,0,0,0,inf,inf,1.54356384,1.36575317,1,0,10,66,2,0,3,62,4160,71,3872,3872,0,247808,4589,681,0,48,318,318,318,0,0,318,30,20,5,3,4,2,1,0,0,0,0,0,0,0,0,0,0,0,0,0,0,0,0,0,0,0,0,0,0,0,0,0,0,0,0,0,0,0,0,0,0,0,0,0,0,0,0,0,0,0,0,0,0,0,0,0,0,0,0,0,0,0,0,0,0,4294967295,14,1,15,19,60,4294967295,4294967295,5,4294967295
168,1,66,69,3,64,64,0,0,0,65,0,241856,241856,6335,6335,0,7900,233956,0,0,0,3779,241856,2086,1829,160,1023,10,15,0,1048576,0,0,0,inf,inf,0.800827026,0.69380188,1,0,10,66,2,0,4,61,4160,98,3714,3714,24,237696,7802,1829,39,791,1023,1023,1023,0,0,1023,18,21,10,11,1,4,0,0,0,0,0,0,0,0,0,0,0,0,0,0,0,0,0,0,0,0,0,0,0,0,0,0,0,0,0,0,0,0,0,0,0,0,0,0,0,0,0,0,0,0,0,0,0,0,0,0,0,0,0,0,0,0,0,0,0,2,1,2,4,4,5,2,6,2,2
169,0.899999976,69,69,1,64,64,0,2,0,68,0,268672,268672,4398,4398,0,5095,263577,0,0,0,4198,268672,943,875,96,1007,10,15,0,1048576,0,0,0,inf,1.20895386,1.20951843,1.00614929,1,0,10,69,2,0,1,67,4352,44,4130,4130,0,264320,5051,875,0,195,1007,1007,1007,0,0,1007,40,18,7,2,0,0,1,0,0,0,0,0,0,0,0,0,0,0,0,0,0,0,0,0,0,0,0,0,0,0,0,0,0,0,0,0,0,0,0,0,0,0,0,0,0,0,0,0,0,0,0,0,0,0,0,0,0,0,0,0,0,0,0,0,0,8,8,7,14,4294967295,6,31,30,20,15
170,1,68,69,3,64,64,0,0,0,67,0,246336,246336,4576,4576,0,4827,241509,0,0,0,3849,246336,1457,629,288,1023,10,15,0,1048576,0,0,0,inf,inf,1.40548706,1.13011169,1,0,10,68,2,0,13,54,4288,128,3782,3782,0,242048,4699,629,0,891,1023,1023,1023,0,0,1023,26,18,5,4,1,6,1,3,2,0,0,1,0,0,0,0,0,0,0,0,0,0,0,0,0,0,0,0,0,0,0,0,0,0,0,0,0,0,0,0,0,0,0,0,0,0,0,0,0,0,0,0,0,0,0,0,0,0,0,0,0,0,0,0,0,9,7,5,5,7,11,11,14,4,5
171,0.899999976,69,69,1,64,64,0,2,0,68,0,250496,250496,4404,4404,0,4381,246115,0,0,0,3914,250496,555,425,224,511,10,15,0,1048576,0,0,0,inf,1.22358704,1.25320435,0.875274658,1,0,10,69,2,0,2,66,4352,58,3846,3846,0,246144,4323,425,0,130,511,511,511,0,0,511,38,18,6,2,2,0,1,0,1,0,0,0,0,0,0,0,0,0,0,0,0,0,0,0,0,0,0,0,0,0,0,0,0,0,0,0,0,0,0,0,0,0,0,0,0,0,0,0,0,0,0,0,0,0,0,0,0,0,0,0,0,0,0,0,0,11,11,8,32,9,7,11,11,26,4294967295
172,1,67,69,3,64,64,0,0,0,66,0,210432,210432,6956,6956,0,8313,202119,0,0,0,3288,210432,3623,1553,224,1023,10,15,0,1048576,0,0,0,inf,inf,1.2035675,0.993759155,1,0,10,67,2,0,33,33,4224,378,3222,3222,105,206208,7935,1553,236,1007,1023,1023,1023,0,0,1023,3,12,9,6,3,5,5,2,3,2,5,0,3,3,2,1,0,1,0,0,0,0,1,0,0,0,0,0,0,0,0,0,0,0,0,0,0,0,0,0,0,0,0,0,0,0,0,0,0,0,0,0,0,0,0,0,0,0,0,0,0,0,0,0,0,5,5,5,5,8,7,6,5,6,5
173,1,68,69,3,64,64,0,0,0,67,0,261504,261504,4642,4642,0,5104,256400,0,0,0,4086,261504,688,678,128,1023,10,15,0,1048576,0,0,0,inf,inf,0.790481567,0.609939575,1,0,10,68,2,0,0,67,4288,53,4019,4019,0,257216,5051,678,0,78,1023,1023,1023,0,0,1023,31,24,9,1,2,0,0,0,0,0,0,0,0,0,0,0,0,0,0,0,0,0,0,0,0,0,0,0,0,0,0,0,0,0,0,0,0,0,0,0,0,0,0,0,0,0,0,0,0,0,0,0,0,0,0,0,0,0,0,0,0,0,0,0,0,11,4,4,5,7,5,8,6,4,6
174,1,66,69,3,64,64,0,0,0,65,0,195200,195200,5703,5703,0,25373,169827,0,0,0,3050,195200,7532,4129,128,1023,10,15,0,1048576,0,0,0,inf,inf,0.968307495,0.859451294,1,0,10,66,2,0,57,8,4160,615,2985,2985,1815,191040,24758,4129,9878,1019,1023,1023,1023,416,0,1023,0,0,0,1,7,2,5,7,10,8,6,0,3,3,3,3,3,1,2,0,1,0,0,0,0,0,0,0,0,0,0,0,0,0,0,0,0,0,0,0,0,0,0,0,0,0,0,0,0,0,0,0,0,0,0,0,0,0,0,0,0,0,0,0,0,1,5,2,1,2,3,3,7,7,4
175,0.699999988,69,69,1,64,64,0,3,0,68,0,245632,245632,5363,5363,0,5982,239650,0,0,0,3838,245632,2368,935,96,859,10,15,0,1048576,0,0,0,inf,1.39642334,1.52426147,1.36402893,1,0,10,69,2,0,23,45,4352,266,3770,3770,0,241280,5716,935,0,256,859,859,859,0,0,859,21,10,4,4,6,2,4,2,8,0,1,1,1,1,0,1,0,1,0,0,0,0,1,0,0,0,0,0,0,0,0,0,0,0,0,0,0,0,0,0,0,0,0,0,0,0,0,0,0,0,0,0,0,0,0,0,0,0,0,0,0,0,0,0,0,67,7,4294967295,3,3,4294967295,54,4294967295,7,64
176,1,67,69,3,64,64,0,0,0,66,0,239936,239936,5750,5750,0,8917,231019,0,0,0,3749,239936,3158,2034,96,1023,10,15,0,1048576,0,0,0,inf,inf,1.16023254,1.02406311,1,0,10,67,2,0,18,48,4224,179,3683,3683,257,235712,8738,2034,727,354,1023,1023,1023,0,0,1023,22,15,6,3,2,4,5,3,0,3,0,1,1,0,1,0,0,0,0,0,0,0,0,0,0,0,0,0,0,0,0,0,0,0,0,0,0,0,0,0,0,0,0,0,0,0,0,0,0,0,0,0,0,0,0,0,0,0,0,0,0,0,0,0,0,4,3,14,2,11,3,12,12,6,5
177,1,68,69,3,64,64,0,0,0,67,0,224576,224576,5468,5468,0,13912,210664,0,0,0,3509,224576,4818,3232,64,1023,10,15,0,1048576,0,0,0,inf,inf,1.18006897,1.05450439,1,0,10,68,2,0,26,41,4288,295,3442,3442,1036,220288,13617,3232,3334,362,1023,1023,1023,4,0,1023,5,8,15,9,4,5,5,2,4,2,4,0,1,0,2,1,0,0,0,0,0,0,0,0,0,0,0,0,0,0,0,0,0,0,0,0,0,0,0,0,0,0,0,0,0,0,0,0,0,0,0,0,0,0,0,0,0,0,0,0,0,0,0,0,0,7,8,14,13,10,4,4,3,8,5
178,0.600000024,69,69,1,64,64,0,5,0,68,0,260800,260800,4311,4311,0,4538,256262,0,0,0,4075,260800,542,532,96,874,10,15,0,1048576,0,0,0,inf,1.62969971,1.65446472,1.38148499,1,0,10,69,2,0,0,68,4352,40,4007,4007,0,256448,4498,532,0,98,874,874,874,0,0,874,38,25,2,1,2,0,0,0,0,0,0,0,0,0,0,0,0,0,0,0,0,0,0,0,0,0,0,0,0,0,0,0,0,0,0,0,0,0,0,0,0,0,0,0,0,0,0,0,0,0,0,0,0,0,0,0,0,0,0,0,0,0,0,0,0,4294967295,47,4294967295,33,4294967295,60,59,4294967295,48,37
179,1,67,69,3,64,64,0,0,0,66,0,243392,243392,4465,4465,0,4374,239018,0,0,0,3803,243392,706,324,128,1023,10,15,0,1048576,0,0,0,inf,inf,1.87039185,1.46243286,1,0,10,67,2,0,6,60,4224,72,3737,3737,0,239168,4302,324,0,96,1023,1023,1023,0,0,1023,39,12,6,1,2,4,0,1,0,0,1,0,0,0,0,0,0,0,0,0,0,0,0,0,0,0,0,0,0,0,0,0,0,0,0,0,0,0,0,0,0,0,0,0,0,0,0,0,0,0,0,0,0,0,0,0,0,0,0,0,0,0,0,0,0,5,8,8,5,4,10,10,7,23,26
180,1,67,69,3,64,64,0,0,0,66,0,234240,234240,5083,5083,0,5386,228854,0,0,0,3660,234240,1817,676,96,1023,10,15,0,1048576,0,0,0,inf,inf,1.45523071,1.14051819,1,0,10,67,2,0,18,48,4224,187,3594,3594,21,230016,5199,676,35,511,1023,1023,1023,0,0,1023,16,13,9,4,6,6,6,2,0,1,2,1,0,0,0,0,0,0,0,0,0,0,0,0,0,0,0,0,0,0,0,0,0,0,0,0,0,0,0,0,0,0,0,0,0,0,0,0,0,0,0,0,0,0,0,0,0,0,0,0,0,0,0,0,0,6,4,7,6,6,6,5,3,8,4
181,1,69,69,1,64,64,0,1,0,68,0,270144,270144,4285,4285,0,5047,265097,0,0,0,4221,270144,928,918,96,1023,10,15,0,1048576,0,0,0,inf,1.10423279,1.10423279,0.86277771,1,0,10,69,2,0,0,68,4352,43,4153,4153,0,265792,5004,918,0,15,1023,1023,1023,0,0,1023,38,18,11,1,0,0,0,0,0,0,0,0,0,0,0,0,0,0,0,0,0,0,0,0,0,0,0,0,0,0,0,0,0,0,0,0,0,0,0,0,0,0,0,0,0,0,0,0,0,0,0,0,0,0,0,0,0,0,0,0,0,0,0,0,0,34,35,6,7,7,7,6,17,17,34
182,1,67,69,3,64,64,0,0,0,66,0,249344,249344,4396,4396,0,4711,244633,0,0,0,3896,249344,728,655,96,1023,10,15,0,1048576,0,0,0,inf,inf,1.76655579,1.45457458,1,0,10,67,2,0,1,65,4224,54,3830,3830,0,245120,4657,655,0,381,1023,1023,1023,0,0,1023,33,21,8,1,2,0,1,0,0,0,0,0,0,0,0,0,0,0,0,0,0,0,0,0,0,0,0,0,0,0,0,0,0,0,0,0,0,0,0,0,0,0,0,0,0,0,0,0,0,0,0,0,0,0,0,0,0,0,0,0,0,0,0,0,0,12,19,12,15,11,12,12,11,12,6
183,1,68,69,3,64,64,0,0,0,67,0,237056,237056,5319,5319,0,5250,231806,0,0,0,3704,237056,631,499,160,1023,10,15,0,1048576,0,0,0,inf,inf,1.40942383,1.10044861,1,0,10,68,2,0,2,65,4288,83,3637,3637,0,232768,5167,499,0,927,1023,1023,1023,0,0,1023,21,22,17,4,1,1,1,0,0,0,0,0,0,0,0,0,0,0,0,0,0,0,0,0,0,0,0,0,0,0,0,0,0,0,0,0,0,0,0,0,0,0,0,0,0,0,0,0,0,0,0,0,0,0,0,0,0,0,0,0,0,0,0,0,0,4,4,4,4,4,6,4,4,3,4
184,1,69,69,2,64,64,0,0,0,68,0,259200,259200,4285,4285,0,4367,254833,0,0,0,4050,259200,430,420,224,1023,10,15,0,1048576,0,0,0,inf,inf,1.16607666,0.850952148,1,0,10,69,2,0,0,68,4352,32,3982,3982,0,254848,4335,420,0,0,1023,1023,1023,0,0,1023,42,20,6,0,0,0,0,0,0,0,0,0,0,0,0,0,0,0,0,0,0,0,0,0,0,0,0,0,0,0,0,0,0,0,0,0,0,0,0,0,0,0,0,0,0,0,0,0,0,0,0,0,0,0,0,0,0,0,0,0,0,0,0,0,0,6,5,6,6,10,7,6,6,12,25
185,1,69,69,1,64,64,0,1,0,68,0,259584,259584,4597,4597,0,4941,254643,0,0,0,4056,259584,767,633,672,1023,10,15,0,1048576,0,0,0,inf,1.14753723,1.14753723,0.953887939,1,0,10,69,2,0,2,66,4352,75,3988,3988,0,255232,4866,633,0,845,1023,1023,1023,0,0,1023,30,21,8,3,4,1,0,0,1,0,0,0,0,0,0,0,0,0,0,0,0,0,0,0,0,0,0,0,0,0,0,0,0,0,0,0,0,0,0,0,0,0,0,0,0,0,0,0,0,0,0,0,0,0,0,0,0,0,0,0,0,0,0,0,0,8,8,9,7,9,7,9,13,8,14
186,0.800000012,66,69,3,64,64,0,0,0,65,0,262976,262976,4090,4090,0,5114,257862,0,0,0,4109,262976,1124,1114,128,759,10,15,0,1048576,0,0,0,inf,inf,1.24378967,1.10852051,1,0,10,66,2,0,0,65,4160,26,4044,4044,0,258816,5088,1114,0,3,759,759,759,0,0,759,48,10,5,2,0,0,0,0,0,0,0,0,0,0,0,0,0,0,0,0,0,0,0,0,0,0,0,0,0,0,0,0,0,0,0,0,0,0,0,0,0,0,0,0,0,0,0,0,0,0,0,0,0,0,0,0,0,0,0,0,0,0,0,0,0,12,45,11,4294967295,44,2,41,29,4294967295,50
187,0.699999988,69,69,1,64,64,0,4,0,68,0,260800,260800,4631,4631,0,5000,255800,0,0,0,4075,260800,838,641,96,127,10,15,0,1048576,0,0,0,inf,1.54353333,1.55053711,1.35914612,1,0,10,69,2,0,3,65,4352,73,4007,4007,0,256448,4927,641,0,113,127,127,127,0,0,127,32,19,9,4,1,1,1,0,0,1,0,0,0,0,0,0,0,0,0,0,0,0,0,0,0,0,0,0,0,0,0,0,0,0,0,0,0,0,0,0,0,0,0,0,0,0,0,0,0,0,0,0,0,0,0,0,0,0,0,0,0,0,0,0,0,15,36,30,37,62,16,17,4294967295,4294967295,4294967295
188,1,68,69,3,64,64,0,0,0,67,0,235392,235392,6454,6454,0,7932,227460,0,0,0,3678,235392,1497,1277,128,1023,10,15,0,1048576,0,0,0,inf,inf,0.818191528,0.649932861,1,0,10,68,2,0,4,63,4288,132,3611,3611,56,231104,7800,1277,460,163,1023,1023,1023,0,0,1023,23,19,11,5,5,1,1,0,0,0,0,0,0,0,0,0,0,0,0,0,0,1,0,0,1,0,0,0,0,0,0,0,0,0,0,0,0,0,0,0,0,0,0,0,0,0,0,0,0,0,0,0,0,0,0,0,0,0,0,0,0,0,0,0,0,6,9,6,4,3,5,11,11,8,5
189,0.800000012,66,69,3,64,64,0,0,0,65,0,256000,256000,4132,4132,0,4701,251299,0,0,0,4000,256000,771,761,192,1017,10,15,0,1048576,0,0,0,inf,inf,1.34814453,1.16539001,1,0,10,66,2,0,0,65,4160,33,3935,3935,0,251840,4668,761,0,56,1017,1017,1017,0,0,1017,38,22,4,1,0,0,0,0,0,0,0,0,0,0,0,0,0,0,0,0,0,0,0,0,0,0,0,0,0,0,0,0,0,0,0,0,0,0,0,0,0,0,0,0,0,0,0,0,0,0,0,0,0,0,0,0,0,0,0,0,0,0,0,0,0,18,4294967295,4294967295,3,3,8,58,26,36,10
190,1,69,69,1,64,64,0,3,0,68,0,264192,264192,4423,4423,0,4779,259413,0,0,0,4128,264192,606,596,288,1023,10,15,0,1048576,0,0,0,inf,1.57897949,1.58032227,1.34106445,1,0,10,69,2,0,0,68,4352,52,4060,4060,0,259840,4727,596,0,67,1023,1023,1023,0,0,1023,40,17,2,5,4,0,0,0,0,0,0,0,0,0,0,0,0,0,0,0,0,0,0,0,0,0,0,0,0,0,0,0,0,0,0,0,0,0,0,0,0,0,0,0,0,0,0,0,0,0,0,0,0,0,0,0,0,0,0,0,0,0,0,0,0,13,12,14,13,13,37,14,9,11,15
191,1,66,69,3,64,64,0,0,0,65,0,240064,240064,5116,5116,0,5599,234465,0,0,0,3751,240064,1109,851,96,1023,10,15,0,1048576,0,0,0,inf,inf,0.861328125,0.7109375,1,0,10,66,2,0,4,61,4160,106,3686,3686,0,235904,5493,851,0,1019,1023,1023,1023,0,0,1023,20,18,15,2,6,2,0,1,0,0,0,1,0,0,0,0,0,0,0,0,0,0,0,0,0,0,0,0,0,0,0,0,0,0,0,0,0,0,0,0,0,0,0,0,0,0,0,0,0,0,0,0,0,0,0,0,0,0,0,0,0,0,0,0,0,5,4,2,1,2,11,4,1,12,12
192,1,68,69,3,64,64,0,0,0,67,0,81344,81344,7413,7413,0,6567,74777,0,0,0,1271,81344,3445,184,96,1023,10,15,0,1048576,0,0,0,inf,inf,0.4168396,0.182022095,1,0,10,68,2,14,51,2,4288,1316,1204,1204,48,77056,5251,184,79,1023,1023,1023,1023,85,0,1023,1,1,0,0,0,0,0,1,0,0,1,1,1,1,2,6,6,4,1,2,6,4,6,4,1,4,10,2,1,0,1,0,0,0,0,0,0,0,0,0,0,0,0,0,0,0,0,0,0,0,0,0,0,0,0,0,0,0,0,0,0,0,0,0,0,4,4,5,4,4,4,4,4,4,3
193,0.5,69,69,1,64,64,0,3,0,68,0,268224,268224,4312,4312,0,5040,263184,0,0,0,4191,268224,1016,885,64,583,10,15,0,1048576,0,0,0,inf,1.60925293,1.6149292,1.44596863,1,0,10,69,2,0,2,66,4352,72,4123,4123,0,263872,4968,885,0,65,583,583,583,0,0,583,34,16,8,5,3,0,1,1,0,0,0,0,0,0,0,0,0,0,0,0,0,0,0,0,0,0,0,0,0,0,0,0,0,0,0,0,0,0,0,0,0,0,0,0,0,0,0,0,0,0,0,0,0,0,0,0,0,0,0,0,0,0,0,0,0,12,11,26,4294967295,4294967295,4294967295,12,4294967295,4294967295,30
194,1,66,69,3,64,64,0,0,0,65,0,250880,250880,4393,4393,0,4970,245910,0,0,0,3920,250880,889,821,96,1023,10,15,0,1048576,0,0,0,inf,inf,1.47706604,1.30027771,1,0,10,66,2,0,1,64,4160,61,3855,3855,0,246720,4909,821,0,769,1023,1023,1023,0,0,1023,34,19,6,1,4,0,0,0,0,0,0,1,0,0,0,0,0,0,0,0,0,0,0,0,0,0,0,0,0,0,0,0,0,0,0,0,0,0,0,0,0,0,0,0,0,0,0,0,0,0,0,0,0,0,0,0,0,0,0,0,0,0,0,0,0,5,3,21,2,10,59,23,18,6,18
195,0.899999976,68,69,3,64,64,0,0,0,67,0,255360,255360,4060,4060,0,4265,251095,0,0,0,3990,255360,589,523,160,1019,10,15,0,1048576,0,0,0,inf,inf,1.44398499,1.27355957,1,0,10,68,2,0,1,66,4288,47,3923,3923,0,251072,4218,523,0,315,1019,1019,1019,0,0,1019,38,21,6,0,1,0,0,0,0,0,1,0,0,0,0,0,0,0,0,0,0,0,0,0,0,0,0,0,0,0,0,0,0,0,0,0,0,0,0,0,0,0,0,0,0,0,0,0,0,0,0,0,0,0,0,0,0,0,0,0,0,0,0,0,0,9,15,4294967295,4,14,16,51,4,8,44
196,0,67,69,3,64,64,0,0,0,66,0,229696,229696,4934,4934,0,4657,225039,0,0,0,3589,229696,1145,242,96,0,10,15,0,1048576,0,0,0,inf,inf,2.56706238,2.38905334,1,0,10,67,2,0,14,52,4224,182,3523,3523,0,225472,4475,242,0,0,0,0,0,0,0,0,15,12,10,7,8,5,0,6,0,1,1,1,0,0,0,0,0,0,0,0,0,0,0,0,0,0,0,0,0,0,0,0,0,0,0,0,0,0,0,0,0,0,0,0,0,0,0,0,0,0,0,0,0,0,0,0,0,0,0,0,0,0,0,0,0,4294967295,4294967295,4294967295,4294967295,4294967295,4294967295,4294967295,4294967295,4294967295,4294967295
197,1,67,69,3,64,64,0,0,0,66,0,251904,251904,4335,4335,0,4836,247068,0,0,0,3936,251904,828,818,64,1023,10,15,0,1048576,0,0,0,inf,inf,1.50756836,1.32029724,1,0,10,67,2,0,0,66,4224,37,3870,3870,0,247680,4799,818,0,6,1023,1023,1023,0,0,1023,43,15,3,4,1,0,0,0,0,0,0,0,0,0,0,0,0,0,0,0,0,0,0,0,0,0,0,0,0,0,0,0,0,0,0,0,0,0,0,0,0,0,0,0,0,0,0,0,0,0,0,0,0,0,0,0,0,0,0,0,0,0,0,0,0,6,35,5,5,5,46,4,10,5,7
198,1,69,69,1,64,64,0,1,0,68,0,254464,254464,4584,4584,0,4655,249809,0,0,0,3976,254464,459,449,192,1023,10,15,0,1048576,0,0,0,inf,1.32502747,1.32502747,0.998947144,1,0,10,69,2,0,0,68,4352,48,3908,3908,7,250112,4607,449,8,92,1023,1023,1023,0,0,1023,32,26,8,2,0,0,0,0,0,0,0,0,0,0,0,0,0,0,0,0,0,0,0,0,0,0,0,0,0,0,0,0,0,0,0,0,0,0,0,0,0,0,0,0,0,0,0,0,0,0,0,0,0,0,0,0,0,0,0,0,0,0,0,0,0,8,10,7,8,11,7,6,16,6,7
199,0.899999976,69,69,1,64,64,0,2,0,68,0,262208,262208,4424,4424,0,4545,257663,0,0,0,4097,262208,417,407,128,511,10,15,0,1048576,0,0,0,inf,1.44425964,1.44979858,1.21365356,1,0,10,69,2,0,0,68,4352,37,4029,4029,0,257856,4508,407,0,379,511,511,511,0,0,511,40,20,7,1,0,0,0,0,0,0,0,0,0,0,0,0,0,0,0,0,0,0,0,0,0,0,0,0,0,0,0,0,0,0,0,0,0,0,0,0,0,0,0,0,0,0,0,0,0,0,0,0,0,0,0,0,0,0,0,0,0,0,0,0,0,29,14,28,7,17,20,15,14,17,4294967295
200,1,67,69,3,64,64,0,0,0,66,0,251520,251520,4925,4925,0,6121,245399,0,0,0,3930,251520,1748,1436,224,1023,10,15,0,1048576,0,0,0,inf,inf,1.36636353,1.19003296,1,0,10,67,2,0,5,61,4224,120,3864,3864,0,247296,6001,1436,0,798,1023,1023,1023,0,0,1023,21,16,10,8,6,1,2,0,1,0,0,1,0,0,0,0,0,0,0,0,0,0,0,0,0,0,0,0,0,0,0,0,0,0,0,0,0,0,0,0,0,0,0,0,0,0,0,0,0,0,0,0,0,0,0,0,0,0,0,0,0,0,0,0,0,3,3,18,30,30,65,15,19,3,3
201,0.899999976,69,69,1,64,64,0,2,0,68,0,265792,265792,4376,4376,0,5037,260755,0,0,0,4153,265792,939,866,128,1015,10,15,0,1048576,0,0,0,inf,1.38092041,1.43629456,1.27809143,1,0,10,69,2,0,1,67,4352,62,4085,4085,0,261440,4975,866,0,117,1015,1015,1015,0,0,1015,29,24,10,3,1,1,0,0,0,0,0,0,0,0,0,0,0,0,0,0,0,0,0,0,0,0,0,0,0,0,0,0,0,0,0,0,0,0,0,0,0,0,0,0,0,0,0,0,0,0,0,0,0,0,0,0,0,0,0,0,0,0,0,0,0,5,54,10,4294967295,15,38,14,33,5,8
202,1,69,69,1,64,64,0,1,0,68,0,246592,246592,5634,5634,0,7562,239030,0,0,0,3853,246592,3102,2122,96,1023,10,15,0,1048576,0,0,0,inf,1.49623108,1.49623108,1.33486938,1,0,10,69,2,0,16,52,4352,209,3785,3785,51,242240,7353,2122,70,793,1023,1023,1023,0,0,1023,10,15,13,6,8,6,3,3,0,1,1,0,0,0,1,0,1,0,0,0,0,0,0,0,0,0,0,0,0,0,0,0,0,0,0,0,0,0,0,0,0,0,0,0,0,0,0,0,0,0,0,0,0,0,0,0,0,0,0,0,0,0,0,0,0,8,9,14,9,9,9,9,50,41,41
203,1,69,69,1,64,64,0,1,0,68,0,159552,159552,10302,10302,0,31683,127869,0,0,0,2493,159552,8203,4226,64,1023,10,15,0,1048576,0,0,0,inf,1.35760498,1.35760498,1.15364075,1,0,10,69,2,1,66,1,4352,946,2425,2425,1317,155200,30737,4226,10797,1023,1023,1023,1023,256,0,1023,0,0,0,1,0,1,2,3,4,4,3,3,2,3,10,7,5,6,2,6,1,2,1,0,1,0,1,0,0,0,0,0,0,0,0,0,0,0,0,0,0,0,0,0,0,0,0,0,0,0,0,0,0,0,0,0,0,0,0,0,0,0,0,0,0,5,6,5,6,6,6,6,6,8,6
204,1,66,69,3,64,64,0,0,0,65,0,221376,221376,6460,6460,0,8675,212701,0,0,0,3459,221376,4695,2371,64,1023,10,15,0,1048576,0,0,0,inf,inf,0.827941895,0.629074097,1,0,10,66,2,0,37,28,4160,364,3394,3394,82,217216,8311,2371,98,895,1023,1023,1023,576,0,1023,8,10,2,4,4,6,5,7,3,4,1,1,4,0,6,0,0,0,0,0,0,0,0,0,0,0,0,0,0,0,0,0,0,0,0,0,0,0,0,0,0,0,0,0,0,0,0,0,0,0,0,0,0,0,0,0,0,0,0,0,0,0,0,0,0,2,2,2,2,3,5,8,1,3,8
205,0.5,69,69,1,64,64,0,4,0,68,0,215552,215552,5152,5152,0,4780,210772,0,0,0,3368,215552,2025,422,128,710,10,15,0,1048576,0,0,0,inf,1.65296936,1.65705872,1.38441467,1,0,10,69,2,0,25,43,4352,258,3300,3300,0,211200,4522,422,0,706,710,710,710,0,0,710,13,9,8,7,6,6,4,4,4,2,2,1,1,1,0,0,0,0,0,0,0,0,0,0,0,0,0,0,0,0,0,0,0,0,0,0,0,0,0,0,0,0,0,0,0,0,0,0,0,0,0,0,0,0,0,0,0,0,0,0,0,0,0,0,0,4294967295,13,14,4294967295,4294967295,4294967295,13,17,4294967295,12
206,1,66,69,3,64,64,0,0,0,65,0,206208,206208,7845,7845,0,8277,197931,0,0,0,3222,206208,2592,1133,160,1023,10,15,0,1048576,0,0,0,inf,inf,0.84362793,0.729660034,1,0,10,66,2,0,23,42,4160,264,3157,3157,10,202048,8013,1133,12,379,1023,1023,1023,0,0,1023,2,4,13,10,13,8,6,3,1,3,2,0,0,0,0,0,0,0,0,0,0,0,0,0,0,0,0,0,0,0,0,0,0,0,0,0,0,0,0,0,0,0,0,0,0,0,0,0,0,0,0,0,0,0,0,0,0,0,0,0,0,0,0,0,0,3,4,4,2,3,5,4,4,2,2
207,1,69,69,1,64,64,0,4,0,68,0,256448,256448,4280,4280,0,4381,252067,0,0,0,4007,256448,487,477,128,1023,10,15,0,1048576,0,0,0,inf,1.4180603,1.43675232,1.16210938,1,0,10,69,2,0,0,68,4352,37,3939,3939,0,252096,4344,477,0,128,1023,1023,1023,0,0,1023,40,21,5,2,0,0,0,0,0,0,0,0,0,0,0,0,0,0,0,0,0,0,0,0,0,0,0,0,0,0,0,0,0,0,0,0,0,0,0,0,0,0,0,0,0,0,0,0,0,0,0,0,0,0,0,0,0,0,0,0,0,0,0,0,0,26,12,13,14,14,12,14,23,27,37
208,1,68,69,3,64,64,0,0,0,67,0,152256,152256,12055,12055,0,18265,133991,0,0,0,2379,152256,6581,2876,64,1023,10,15,0,1048576,0,0,0,inf,inf,0.947097778,0.691741943,1,0,10,68,2,0,59,8,4288,661,2312,2312,425,147968,17604,2876,2688,1023,1023,1023,1023,32,0,1023,0,2,2,0,4,2,2,7,6,8,2,10,6,2,5,2,3,2,1,0,1,0,0,0,0,0,0,0,0,0,0,0,0,0,0,0,0,0,0,0,0,0,0,0,0,0,0,0,0,0,0,0,0,0,0,0,0,0,0,0,0,0,0,0,0,4,4,3,4,5,6,3,4,5,5
209,1,67,69,3,64,64,0,0,0,66,0,247680,247680,5187,5187,0,6413,241267,0,0,0,3870,247680,1901,1521,224,1023,10,15,0,1048576,0,0,0,inf,inf,0.978927612,0.844482422,1,0,10,67,2,0,6,60,4224,119,3804,3804,3,243456,6294,1521,2,351,1023,1023,1023,0,0,1023,21,20,9,5,5,1,2,0,0,1,2,0,0,0,0,0,0,0,0,0,0,0,0,0,0,0,0,0,0,0,0,0,0,0,0,0,0,0,0,0,0,0,0,0,0,0,0,0,0,0,0,0,0,0,0,0,0,0,0,0,0,0,0,0,0,3,3,5,36,2,7,17,10,3,14
210,1,68,69,3,64,64,0,0,0,67,0,245056,245056,5527,5527,0,6218,238838,0,0,0,3829,245056,1225,1152,64,1023,10,15,0,1048576,0,0,0,inf,inf,0.897003174,0.723999023,1,0,10,68,2,0,1,66,4288,65,3762,3762,0,240768,6153,1152,0,668,1023,1023,1023,0,0,1023,31,18,10,6,1,1,0,0,0,0,0,0,0,0,0,0,0,0,0,0,0,0,0,0,0,0,0,0,0,0,0,0,0,0,0,0,0,0,0,0,0,0,0,0,0,0,0,0,0,0,0,0,0,0,0,0,0,0,0,0,0,0,0,0,0,5,14,5,8,9,19,5,5,6,5
211,1,66,69,3,64,64,0,0,0,65,0,239808,239808,5050,5050,0,6550,233258,0,0,0,3747,239808,1770,1760,64,1023,10,15,0,1048576,0,0,0,inf,inf,1.54728699,1.28375244,1,0,10,66,2,0,0,65,4160,80,3682,3682,46,235648,6470,1760,74,277,1023,1023,1023,608,0,1023,23,19,11,9,3,0,0,0,0,0,0,0,0,0,0,0,0,0,0,0,0,0,0,0,0,0,0,0,0,0,0,0,0,0,0,0,0,0,0,0,0,0,0,0,0,0,0,0,0,0,0,0,0,0,0,0,0,0,0,0,0,0,0,0,0,2,11,4,10,14,3,11,1,11,3
212,1,69,69,1,64,64,0,2,0,68,0,241920,241920,5268,5268,0,5762,236158,0,0,0,3780,241920,1028,1018,96,1023,10,15,0,1048576,0,0,0,inf,1.18310547,1.1837616,0.875427246,1,0,10,69,2,0,0,68,4352,72,3712,3712,19,237568,5690,1018,16,589,1023,1023,1023,0,0,1023,24,25,12,5,2,0,0,0,0,0,0,0,0,0,0,0,0,0,0,0,0,0,0,0,0,0,0,0,0,0,0,0,0,0,0,0,0,0,0,0,0,0,0,0,0,0,0,0,0,0,0,0,0,0,0,0,0,0,0,0,0,0,0,0,0,12,8,8,8,10,13,12,9,7,9
213,0.899999976,67,69,3,64,64,0,0,0,66,0,240384,240384,6588,6588,0,8900,231484,0,0,0,3756,240384,2646,2207,64,767,10,15,0,1048576,0,0,0,inf,inf,1.33985901,1.14837646,1,0,10,67,2,0,7,59,4224,121,3690,3690,118,236160,8779,2207,288,0,767,767,767,0,0,767,18,18,13,5,5,4,2,0,0,0,1,0,0,0,0,0,0,0,0,0,0,0,0,0,0,0,0,0,0,0,0,0,0,0,0,0,0,0,0,0,0,0,0,0,0,0,0,0,0,0,0,0,0,0,0,0,0,0,0,0,0,0,0,0,0,4,3,2,3,3,8,46,4,4294967295,3
214,1,68,69,3,64,64,0,0,0,67,0,165056,165056,7006,7006,0,7637,157419,0,0,0,2579,165056,3749,994,96,1023,10,15,0,1048576,0,0,0,inf,inf,1.54255676,1.15820312,1,0,10,68,2,5,44,18,4288,806,2512,2512,67,160768,6831,994,253,1023,1023,1023,1023,0,0,1023,1,5,5,2,5,2,3,1,2,5,3,1,2,2,3,2,4,1,1,1,2,3,2,1,1,2,1,0,0,3,0,1,0,0,0,0,0,0,0,0,0,0,0,0,0,0,0,0,0,0,0,0,0,0,0,0,0,0,0,0,0,0,0,0,0,4,4,4,3,4,4,4,4,4,3
215,1,66,69,3,64,64,0,0,0,65,0,235264,235264,5400,5400,0,6146,229118,0,0,0,3676,235264,1263,1189,64,1023,10,15,0,1048576,0,0,0,inf,inf,1.33326721,1.20587158,1,0,10,66,2,0,1,64,4160,106,3611,3611,0,231104,6040,1189,0,606,1023,1023,1023,0,0,1023,11,21,20,8,4,1,0,0,0,0,0,0,0,0,0,0,0,0,0,0,0,0,0,0,0,0,0,0,0,0,0,0,0,0,0,0,0,0,0,0,0,0,0,0,0,0,0,0,0,0,0,0,0,0,0,0,0,0,0,0,0,0,0,0,0,2,1,15,16,1,11,12,8,1,7
216,1,68,69,3,64,64,0,0,0,67,0,255296,255296,5235,5235,0,6468,248828,0,0,0,3989,255296,1541,1531,128,1023,10,15,0,1048576,0,0,0,inf,inf,1.12065125,0.970504761,1,0,10,68,2,0,0,67,4288,68,3922,3922,0,251008,6400,1531,0,46,1023,1023,1023,0,0,1023,24,25,11,7,0,0,0,0,0,0,0,0,0,0,0,0,0,0,0,0,0,0,0,0,0,0,0,0,0,0,0,0,0,0,0,0,0,0,0,0,0,0,0,0,0,0,0,0,0,0,0,0,0,0,0,0,0,0,0,0,0,0,0,0,0,26,7,14,14,61,9,23,47,28,15
217,1,66,69,3,64,64,0,0,0,65,0,226688,226688,6518,6518,0,7038,219650,0,0,0,3542,226688,1266,1064,96,1023,10,15,0,1048576,0,0,0,inf,inf,0.528137207,0.39239502,1,0,10,66,2,0,3,62,4160,105,3477,3477,15,222528,6933,1064,9,190,1023,1023,1023,0,0,1023,17,18,18,4,5,2,0,0,0,1,0,0,0,0,0,0,0,0,0,0,0,0,0,0,0,0,0,0,0,0,0,0,0,0,0,0,0,0,0,0,0,0,0,0,0,0,0,0,0,0,0,0,0,0,0,0,0,0,0,0,0,0,0,0,0,5,2,7,5,6,8,4,5,5,2
218,1,66,69,3,64,64,0,0,0,65,0,48960,48960,3843,3843,0,6557,42403,0,0,0,765,48960,2599,1525,96,1023,10,15,0,1048576,0,0,0,inf,inf,0.765594482,0.646331787,1,0,10,66,2,47,18,0,4160,1990,700,700,210,44800,4567,1525,584,1023,1023,1023,1023,0,0,1023,0,0,0,0,0,0,0,0,0,0,0,0,0,0,0,1,2,0,0,1,3,1,3,3,3,1,2,4,1,2,6,3,2,6,5,2,2,0,1,4,1,1,1,0,0,1,0,0,1,0,0,0,0,1,0,1,0,0,0,0,0,0,0,0,0,7,8,8,4,6,3,5,4,8,15
219,1,66,69,3,64,64,0,0,0,65,0,245376,245376,5905,5905,0,7985,237391,0,0,0,3834,245376,2424,2288,64,1023,10,15,0,1048576,0,0,0,inf,inf,1.24382019,1.05706787,1,0,10,66,2,0,2,63,4160,102,3769,3769,28,241216,7883,2288,34,792,1023,1023,1023,0,0,1023,15,21,11,15,1,2,0,0,0,0,0,0,0,0,0,0,0,0,0,0,0,0,0,0,0,0,0,0,0,0,0,0,0,0,0,0,0,0,0,0,0,0,0,0,0,0,0,0,0,0,0,0,0,0,0,0,0,0,0,0,0,0,0,0,0,2,2,6,14,14,5,5,4,7,4
220,0.899999976,67,69,3,64,64,0,0,0,66,0,79232,79232,6996,6996,0,9785,69447,0,0,0,1238,79232,3649,1622,192,1023,10,15,0,1048576,0,0,0,inf,inf,0.754470825,0.653701782,1,0,10,67,2,33,33,0,4224,1672,1172,1172,202,75008,8113,1622,786,1023,1023,1023,1023,128,0,511,0,0,0,0,0,0,1,0,2,0,1,0,0,2,3,2,1,2,2,3,3,2,3,0,1,5,3,3,2,1,2,2,5,2,3,3,1,0,0,2,2,0,1,0,0,0,0,1,0,0,0,0,0,0,0,0,0,0,0,0,0,0,0,0,0,4,4,4,5,5,3,5,6,5,3
221,1,68,69,3,64,64,0,0,0,67,0,249216,249216,4861,4861,0,5851,243365,0,0,0,3894,249216,1497,1365,32,1023,10,15,0,1048576,0,0,0,inf,inf,1.32470703,1.17173767,1,0,10,68,2,0,2,65,4288,86,3827,3827,0,244928,5765,1365,0,421,1023,1023,1023,0,0,1023,23,23,8,7,4,2,0,0,0,0,0,0,0,0,0,0,0,0,0,0,0,0,0,0,0,0,0,0,0,0,0,0,0,0,0,0,0,0,0,0,0,0,0,0,0,0,0,0,0,0,0,0,0,0,0,0,0,0,0,0,0,0,0,0,0,12,7,18,12,14,17,7,6,11,13
222,0.899999976,67,69,3,64,64,0,0,0,66,0,255936,255936,4820,4820,0,6938,248998,0,0,0,3999,255936,2469,2213,160,1019,10,15,0,1048576,0,0,0,inf,inf,1.18041992,1.03684998,1,0,10,67,2,0,4,62,4224,112,3933,3933,35,251712,6826,2213,47,161,1019,1019,1019,0,0,1019,18,17,14,8,5,2,1,1,0,0,0,0,0,0,0,0,0,0,0,0,0,0,0,0,0,0,0,0,0,0,0,0,0,0,0,0,0,0,0,0,0,0,0,0,0,0,0,0,0,0,0,0,0,0,0,0,0,0,0,0,0,0,0,0,0,8,34,4294967295,26,4,7,8,8,42,41
223,1,68,69,3,64,64,0,0,0,67,0,260544,260544,4700,4700,0,5895,254649,0,0,0,4071,260544,1426,1416,64,1023,10,15,0,1048576,0,0,0,inf,inf,1.12435913,0.994430542,1,0,10,68,2,0,0,67,4288,63,4004,4004,0,256256,5832,1416,0,149,1023,1023,1023,0,0,1023,26,24,12,5,0,0,0,0,0,0,0,0,0,0,0,0,0,0,0,0,0,0,0,0,0,0,0,0,0,0,0,0,0,0,0,0,0,0,0,0,0,0,0,0,0,0,0,0,0,0,0,0,0,0,0,0,0,0,0,0,0,0,0,0,0,22,22,17,4,2,12,17,23,3,3
224,0.899999976,69,69,1,64,64,0,1,0,68,0,251328,251328,5840,5840,0,7641,243687,0,0,0,3927,251328,3040,2101,64,767,10,15,0,1048576,0,0,0,inf,1.00930786,1.00930786,0.859115601,1,0,10,69,2,0,15,53,4352,184,3859,3859,3,246976,7457,2101,3,151,767,767,767,0,0,767,8,16,15,11,3,7,3,2,1,2,0,0,0,0,0,0,0,0,0,0,0,0,0,0,0,0,0,0,0,0,0,0,0,0,0,0,0,0,0,0,0,0,0,0,0,0,0,0,0,0,0,0,0,0,0,0,0,0,0,0,0,0,0,0,0,11,11,6,6,16,7,7,5,4294967295,5
225,1,69,69,1,64,64,0,2,0,68,0,254016,254016,4581,4581,0,4748,249268,0,0,0,3969,254016,622,557,64,1023,10,15,0,1048576,0,0,0,inf,1.91442871,1.91532898,1.53161621,1,0,10,69,2,0,1,67,4352,61,3901,3901,0,249664,4687,557,0,834,1023,1023,1023,0,0,1023,34,17,13,3,0,0,0,0,0,1,0,0,0,0,0,0,0,0,0,0,0,0,0,0,0,0,0,0,0,0,0,0,0,0,0,0,0,0,0,0,0,0,0,0,0,0,0,0,0,0,0,0,0,0,0,0,0,0,0,0,0,0,0,0,0,44,16,26,16,27,42,25,28,15,15
226,1,68,69,3,64,64,0,0,0,67,0,169472,169472,10059,10059,0,11351,158121,0,0,0,2648,169472,5527,1749,224,1023,10,15,0,1048576,0,0,0,inf,inf,0.679901123,0.555679321,1,0,10,68,2,0,60,7,4288,664,2581,2581,108,165184,10687,1749,263,1023,1023,1023,1023,0,0,1023,1,1,3,1,1,5,6,5,7,2,4,6,5,5,2,4,2,3,3,0,0,0,0,0,1,0,0,0,0,0,0,0,0,0,0,0,0,0,0,0,0,0,0,0,0,0,0,0,0,0,0,0,0,0,0,0,0,0,0,0,0,0,0,0,0,3,3,4,3,4,4,4,4,4,3
227,1,68,69,3,64,64,0,0,0,67,0,182336,182336,9413,9413,0,12248,170088,0,0,0,2849,182336,5835,2351,64,1023,10,15,0,1048576,0,0,0,inf,inf,0.547348022,0.43649292,1,0,10,68,2,3,56,8,4288,866,2782,2782,258,178048,11382,2351,568,1019,1023,1023,1023,80,0,1023,0,1,3,2,2,1,2,5,2,4,5,6,4,2,3,2,4,2,4,1,0,1,3,1,3,1,0,1,2,0,0,0,0,0,0,0,0,0,0,0,0,0,0,0,0,0,0,0,0,0,0,0,0,0,0,0,0,0,0,0,0,0,0,0,0,7,5,6,7,7,5,6,4,4,5
228,1,69,69,1,64,64,0,2,0,68,0,258112,258112,5165,5165,0,5902,252210,0,0,0,4033,258112,1276,1012,64,1023,10,15,0,1048576,0,0,0,inf,1.05714417,1.05813599,0.922744751,1,0,10,69,2,0,4,64,4352,112,3965,3965,0,253760,5790,1012,0,441,1023,1023,1023,0,0,1023,17,25,8,6,8,3,1,0,0,0,0,0,0,0,0,0,0,0,0,0,0,0,0,0,0,0,0,0,0,0,0,0,0,0,0,0,0,0,0,0,0,0,0,0,0,0,0,0,0,0,0,0,0,0,0,0,0,0,0,0,0,0,0,0,0,35,37,8,43,43,17,13,19,19,9
229,1,68,69,3,64,64,0,0,0,67,0,258048,258048,4993,4993,0,6582,251466,0,0,0,4032,258048,2019,1767,96,1023,10,15,0,1048576,0,0,0,inf,inf,1.04586792,0.923217773,1,0,10,68,2,0,4,63,4288,103,3965,3965,16,253760,6479,1767,20,802,1023,1023,1023,0,0,1023,20,20,15,8,0,1,1,1,0,0,0,1,0,0,0,0,0,0,0,0,0,0,0,0,0,0,0,0,0,0,0,0,0,0,0,0,0,0,0,0,0,0,0,0,0,0,0,0,0,0,0,0,0,0,0,0,0,0,0,0,0,0,0,0,0,14,12,4,9,25,4,55,34,6,9
230,1,66,69,3,64,64,0,0,0,65,0,203072,203072,7940,7940,0,19279,183793,0,0,0,3173,203072,5868,3786,64,1023,10,15,0,1048576,0,0,0,inf,inf,1.52485657,1.34094238,1,0,10,66,2,0,34,31,4160,386,3108,3108,1042,198912,18893,3786,4513,703,1023,1023,1023,144,0,1023,1,6,8,7,9,8,2,5,1,4,4,2,3,1,0,2,0,1,1,0,0,0,0,0,0,0,0,0,0,0,0,0,0,0,0,0,0,0,0,0,0,0,0,0,0,0,0,0,0,0,0,0,0,0,0,0,0,0,0,0,0,0,0,0,0,2,2,2,1,10,10,2,2,2,10
231,1,67,69,3,64,64,0,0,0,66,0,258048,258048,4843,4843,0,5949,252099,0,0,0,4032,258048,1377,1306,224,1023,10,15,0,1048576,0,0,0,inf,inf,0.987365723,0.830978394,1,0,10,67,2,0,1,65,4224,58,3966,3966,0,253824,5891,1306,0,552,1023,1023,1023,0,0,1023,32,20,9,2,2,0,1,0,0,0,0,0,0,0,0,0,0,0,0,0,0,0,0,0,0,0,0,0,0,0,0,0,0,0,0,0,0,0,0,0,0,0,0,0,0,0,0,0,0,0,0,0,0,0,0,0,0,0,0,0,0,0,0,0,0,8,7,13,3,8,7,8,26,5,7
232,1,68,69,3,64,64,0,0,0,67,0,154432,154432,9068,9068,0,10774,143658,0,0,0,2413,154432,4349,1653,96,1023,10,15,0,1048576,0,0,0,inf,inf,0.83656311,0.673126221,1,0,10,68,2,8,43,16,4288,951,2346,2346,132,150144,9823,1653,371,511,1023,1023,1023,2,0,1023,0,4,3,3,6,1,1,0,1,2,1,4,2,3,3,2,1,4,3,4,2,5,3,0,1,0,2,0,0,4,1,0,0,0,0,1,0,0,0,0,0,0,0,0,0,0,0,0,0,0,0,0,0,0,0,0,0,0,0,0,0,0,0,0,0,4,5,3,5,5,6,4,4,4,6
233,1,67,69,3,64,64,0,0,0,66,0,218880,218880,6896,6896,0,8438,210442,0,0,0,3420,218880,3309,1990,96,1023,10,15,0,1048576,0,0,0,inf,inf,0.97428894,0.820404053,1,0,10,67,2,0,21,45,4224,210,3354,3354,40,214656,8228,1990,112,379,1023,1023,1023,0,0,1023,8,8,19,5,5,10,6,2,1,1,0,0,1,0,0,0,0,0,0,0,0,0,0,0,0,0,0,0,0,0,0,0,0,0,0,0,0,0,0,0,0,0,0,0,0,0,0,0,0,0,0,0,0,0,0,0,0,0,0,0,0,0,0,0,0,2,3,11,3,12,4,7,6,5,27
234,1,67,69,3,64,64,0,0,0,66,0,247296,247296,4752,4752,0,5174,242122,0,0,0,3864,247296,1022,763,192,1023,10,15,0,1048576,0,0,0,inf,inf,1.09754944,0.854431152,1,0,10,67,2,0,4,62,4224,85,3798,3798,0,243072,5089,763,0,111,1023,1023,1023,0,0,1023,30,16,7,5,4,2,1,0,1,0,0,0,0,0,0,0,0,0,0,0,0,0,0,0,0,0,0,0,0,0,0,0,0,0,0,0,0,0,0,0,0,0,0,0,0,0,0,0,0,0,0,0,0,0,0,0,0,0,0,0,0,0,0,0,0,6,8,7,5,11,8,9,8,3,34
235,1,66,69,3,64,64,0,0,0,65,0,227264,227264,5765,5765,0,7622,219642,0,0,0,3551,227264,2605,1868,96,1023,10,15,0,1048576,0,0,0,inf,inf,1.27540588,1.06973267,1,0,10,66,2,0,12,53,4160,172,3486,3486,122,223104,7450,1868,238,987,1023,1023,1023,768,0,1023,13,16,12,9,3,3,3,1,3,0,0,0,0,1,0,0,1,0,0,0,0,0,0,0,0,0,0,0,0,0,0,0,0,0,0,0,0,0,0,0,0,0,0,0,0,0,0,0,0,0,0,0,0,0,0,0,0,0,0,0,0,0,0,0,0,6,6,7,7,1,7,6,9,6,9
236,1,69,69,1,64,64,0,2,0,68,0,250944,250944,5365,5365,0,6066,244878,0,0,0,3921,250944,1302,1100,64,1023,10,15,0,1048576,0,0,0,inf,1.2849884,1.28541565,1.04034424,1,0,10,69,2,0,3,65,4352,100,3853,3853,0,246592,5966,1100,0,511,1023,1023,1023,0,0,1023,21,21,12,7,4,1,1,1,0,0,0,0,0,0,0,0,0,0,0,0,0,0,0,0,0,0,0,0,0,0,0,0,0,0,0,0,0,0,0,0,0,0,0,0,0,0,0,0,0,0,0,0,0,0,0,0,0,0,0,0,0,0,0,0,0,7,6,9,9,9,13,8,7,7,11
237,1,67,69,3,64,64,0,0,0,66,0,148928,148928,8254,8254,0,35723,113205,0,0,0,2327,148928,7967,4153,64,1023,10,15,0,1048576,0,0,0,inf,inf,1.07493591,0.796279907,1,0,10,67,2,1,65,0,4224,1084,2261,2261,1535,144704,34639,4153,16329,1023,1023,1023,1023,32,0,1023,0,0,0,0,0,0,0,0,0,0,2,2,7,4,3,10,10,6,7,3,2,4,2,0,1,2,0,1,0,0,0,0,0,0,0,0,0,0,0,0,0,0,0,0,0,0,0,0,0,0,0,0,0,0,0,0,0,0,0,0,0,0,0,0,0,3,4,3,3,4,4,4,3,4,4
238,0.899999976,69,69,2,64,64,0,0,0,68,0,255232,255232,4961,4961,0,6313,248919,0,0,0,3988,255232,1966,1593,192,895,10,15,0,1048576,0,0,0,inf,inf,1.18991089,1.06410217,1,0,10,69,2,1,6,61,4352,159,3920,3920,0,250880,6154,1593,0,579,895,895,895,0,0,895,16,24,8,10,3,3,0,1,1,0,0,0,0,0,0,1,0,0,0,0,0,0,0,0,0,0,0,0,0,0,0,0,1,0,0,0,0,0,0,0,0,0,0,0,0,0,0,0,0,0,0,0,0,0,0,0,0,0,0,0,0,0,0,0,0,19,23,8,6,31,11,19,4294967295,34,12
239,1,66,69,3,64,64,0,0,0,65,0,227712,227712,5909,5909,0,6518,221194,0,0,0,3558,227712,1480,1153,96,1023,10,15,0,1048576,0,0,0,inf,inf,0.780319214,0.562530518,1,0,10,66,2,0,5,60,4160,123,3493,3493,0,223552,6395,1153,0,767,1023,1023,1023,0,0,1023,12,18,17,8,5,3,2,0,0,0,0,0,0,0,0,0,0,0,0,0,0,0,0,0,0,0,0,0,0,0,0,0,0,0,0,0,0,0,0,0,0,0,0,0,0,0,0,0,0,0,0,0,0,0,0,0,0,0,0,0,0,0,0,0,0,3,5,12,2,2,3,2,2,1,6
240,1,67,69,3,64,64,0,0,0,66,0,146944,146944,11858,11858,0,22939,124005,0,0,0,2296,146944,7373,3531,64,1023,10,15,0,1048576,0,0,0,inf,inf,1.04501343,0.750564575,1,0,10,67,2,0,62,4,4224,700,2230,2230,696,142720,22239,3531,5368,1023,1023,1023,1023,72,0,1023,0,1,0,1,2,3,5,6,5,5,7,6,4,7,2,2,2,3,0,3,0,1,1,0,0,0,0,0,0,0,0,0,0,0,0,0,0,0,0,0,0,0,0,0,0,0,0,0,0,0,0,0,0,0,0,0,0,0,0,0,0,0,0,0,0,3,2,3,4,2,2,4,3,2,3
241,1,66,69,3,64,64,0,0,0,65,0,247232,247232,5810,5810,0,7273,239959,0,0,0,3863,247232,1843,1585,96,1023,10,15,0,1048576,0,0,0,inf,inf,0.851425171,0.716217041,1,0,10,66,2,0,4,61,4160,134,3798,3798,30,243072,7139,1585,48,347,1023,1023,1023,0,0,1023,11,18,15,6,11,2,0,2,0,0,0,0,0,0,0,0,0,0,0,0,0,0,0,0,0,0,0,0,0,0,0,0,0,0,0,0,0,0,0,0,0,0,0,0,0,0,0,0,0,0,0,0,0,0,0,0,0,0,0,0,0,0,0,0,0,10,7,3,2,13,3,3,3,13,2
242,1,67,69,3,64,64,0,0,0,66,0,245120,245120,4917,4917,0,5320,239800,0,0,0,3830,245120,870,801,224,1023,10,15,0,1048576,0,0,0,inf,inf,1.25621033,1.02087402,1,0,10,67,2,0,1,65,4224,62,3764,3764,0,240896,5258,801,0,386,1023,1023,1023,0,0,1023,31,18,10,5,1,1,0,0,0,0,0,0,0,0,0,0,0,0,0,0,0,0,0,0,0,0,0,0,0,0,0,0,0,0,0,0,0,0,0,0,0,0,0,0,0,0,0,0,0,0,0,0,0,0,0,0,0,0,0,0,0,0,0,0,0,5,5,4,9,10,11,10,6,8,7
243,1,69,69,2,64,64,0,0,0,68,0,256448,256448,5588,5588,0,6996,249452,0,0,0,4007,256448,1742,1732,64,1023,10,15,0,1048576,0,0,0,inf,inf,1.01257324,0.882781982,1,0,10,69,2,0,0,68,4352,89,3939,3939,0,252096,6907,1732,0,877,1023,1023,1023,0,0,1023,21,26,8,5,8,0,0,0,0,0,0,0,0,0,0,0,0,0,0,0,0,0,0,0,0,0,0,0,0,0,0,0,0,0,0,0,0,0,0,0,0,0,0,0,0,0,0,0,0,0,0,0,0,0,0,0,0,0,0,0,0,0,0,0,0,6,4,15,15,32,51,5,18,8,7
244,1,69,69,1,64,64,0,4,0,68,0,224192,224192,5445,5445,0,5125,219067,0,0,0,3503,224192,866,477,224,1023,10,15,0,1048576,0,0,0,inf,1.67396545,1.68113708,0.816177368,1,0,10,69,2,0,6,62,4352,120,3435,3435,0,219840,5005,477,0,1023,1023,1023,1023,0,0,1023,17,19,15,8,3,4,0,1,1,0,0,0,0,0,0,0,0,0,0,0,0,0,0,0,0,0,0,0,0,0,0,0,0,0,0,0,0,0,0,0,0,0,0,0,0,0,0,0,0,0,0,0,0,0,0,0,0,0,0,0,0,0,0,0,0,9,10,10,10,10,10,10,9,10,10
245,1,66,69,3,64,64,0,0,0,65,0,232704,232704,5897,5897,0,6637,226067,0,0,0,3636,232704,1359,1222,64,1023,10,15,0,1048576,0,0,0,inf,inf,0.638946533,0.524703979,1,0,10,66,2,0,2,63,4160,105,3571,3571,1,228544,6532,1222,0,455,1023,1023,1023,0,0,1023,17,18,13,11,4,0,2,0,0,0,0,0,0,0,0,0,0,0,0,0,0,0,0,0,0,0,0,0,0,0,0,0,0,0,0,0,0,0,0,0,0,0,0,0,0,0,0,0,0,0,0,0,0,0,0,0,0,0,0,0,0,0,0,0,0,2,3,7,6,4,5,8,2,6,4
246,1,69,69,1,64,64,0,2,0,68,0,248640,248640,5897,5897,0,7453,241187,0,0,0,3885,248640,2713,1841,96,1023,10,15,0,1048576,0,0,0,inf,1.43106079,1.4478302,1.22436523,1,0,10,69,2,0,14,54,4352,200,3817,3817,8,244288,7253,1841,33,127,1023,1023,1023,0,0,1023,12,15,16,5,6,4,4,1,0,0,0,2,0,2,0,1,0,0,0,0,0,0,0,0,0,0,0,0,0,0,0,0,0,0,0,0,0,0,0,0,0,0,0,0,0,0,0,0,0,0,0,0,0,0,0,0,0,0,0,0,0,0,0,0,0,9,9,8,8,9,21,8,9,9,9
247,1,67,69,3,64,64,0,0,0,66,0,247424,247424,4870,4870,0,5332,242092,0,0,0,3866,247424,858,848,64,1023,10,15,0,1048576,0,0,0,inf,inf,0.980712891,0.727111816,1,0,10,67,2,0,0,66,4224,38,3800,3800,0,243200,5294,848,0,544,1023,1023,1023,0,0,1023,37,21,7,1,0,0,0,0,0,0,0,0,0,0,0,0,0,0,0,0,0,0,0,0,0,0,0,0,0,0,0,0,0,0,0,0,0,0,0,0,0,0,0,0,0,0,0,0,0,0,0,0,0,0,0,0,0,0,0,0,0,0,0,0,0,5,4,4,5,4,6,10,4,5,3
248,1,68,69,3,64,64,0,0,0,67,0,252928,252928,5363,5363,0,6221,246707,0,0,0,3952,252928,1200,1190,96,1023,10,15,0,1048576,0,0,0,inf,inf,1.18508911,1.03474426,1,0,10,68,2,0,0,67,4288,71,3885,3885,0,248640,6150,1190,0,314,1023,1023,1023,0,0,1023,27,19,11,10,0,0,0,0,0,0,0,0,0,0,0,0,0,0,0,0,0,0,0,0,0,0,0,0,0,0,0,0,0,0,0,0,0,0,0,0,0,0,0,0,0,0,0,0,0,0,0,0,0,0,0,0,0,0,0,0,0,0,0,0,0,9,6,5,6,6,10,18,8,12,7
249,1,69,69,2,64,64,0,0,0,68,0,207040,207040,9492,9492,0,13706,193334,0,0,0,3235,207040,5117,2647,96,1023,10,15,0,1048576,0,0,0,inf,inf,0.847885132,0.726791382,1,0,10,69,2,1,40,27,4352,590,3167,3167,319,202688,13116,2647,1179,933,1023,1023,1023,260,0,1023,2,7,5,9,4,2,5,2,1,3,5,3,1,3,3,2,1,1,1,1,0,1,1,2,1,1,0,1,0,0,0,0,0,0,0,0,0,0,0,0,0,0,0,0,0,0,0,0,0,0,0,0,0,0,0,0,0,0,0,0,0,0,0,0,0,6,7,7,22,7,5,17,7,6,15
250,1,66,69,3,64,64,0,0,0,65,0,180800,180800,8540,8540,0,8779,172021,0,0,0,2825,180800,2137,1007,96,1023,10,15,0,1048576,0,0,0,inf,inf,0.915344238,0.672744751,1,0,10,66,2,0,18,47,4160,236,2760,2760,47,176640,8543,1007,279,1019,1023,1023,1023,0,0,1023,5,9,11,13,9,6,4,4,1,1,1,0,0,0,0,0,0,0,0,0,0,1,0,0,0,0,0,0,0,0,0,0,0,0,0,0,0,0,0,0,0,0,0,0,0,0,0,0,0,0,0,0,0,0,0,0,0,0,0,0,0,0,0,0,0,3,2,2,4,4,3,2,2,1,3
251,1,66,69,3,64,64,0,0,0,65,0,232256,232256,6457,6457,0,11726,220530,0,0,0,3629,232256,4692,3095,64,1023,10,15,0,1048576,0,0,0,inf,inf,1.3037262,1.16777039,1,0,10,66,2,0,26,39,4160,293,3564,3564,448,228096,11433,3095,1261,879,1023,1023,1023,0,0,1023,3,14,8,5,9,3,6,2,4,4,3,2,1,0,0,1,0,0,0,0,0,0,0,0,0,0,0,0,0,0,0,0,0,0,0,0,0,0,0,0,0,0,0,0,0,0,0,0,0,0,0,0,0,0,0,0,0,0,0,0,0,0,0,0,0,4,6,5,5,2,5,5,55,2,6
252,1,67,69,3,64,64,0,0,0,66,0,234752,234752,7598,7598,0,10463,224289,0,0,0,3668,234752,3745,2754,32,1023,10,15,0,1048576,0,0,0,inf,inf,0.984085083,0.815933228,1,0,10,67,2,0,16,50,4224,207,3602,3602,153,230528,10256,2754,298,1022,1023,1023,1023,0,0,1023,6,7,13,13,11,9,3,4,0,0,0,0,0,0,0,0,0,0,0,0,0,0,0,0,0,0,0,0,0,0,0,0,0,0,0,0,0,0,0,0,0,0,0,0,0,0,0,0,0,0,0,0,0,0,0,0,0,0,0,0,0,0,0,0,0,4,3,11,3,2,7,7,5,14,3
253,1,67,69,3,64,64,0,0,0,66,0,175232,175232,10077,10077,0,17756,157476,0,0,0,2738,175232,6842,3468,64,1023,10,15,0,1048576,0,0,0,inf,inf,0.848876953,0.756988525,1,0,10,67,2,3,55,8,4224,824,2672,2672,746,171008,16932,3468,2668,1023,1023,1023,1023,574,0,1023,0,1,4,1,2,4,2,7,1,1,7,4,2,1,5,2,1,3,3,1,5,2,0,3,0,1,2,1,0,0,0,0,0,0,0,0,0,0,0,0,0,0,0,0,0,0,0,0,0,0,0,0,0,0,0,0,0,0,0,0,0,0,0,0,0,2,6,8,6,11,7,4,5,5,4
254,0.899999976,67,69,3,64,64,0,0,0,66,0,201024,201024,8855,8855,0,15258,185766,0,0,0,3141,201024,6633,3466,96,1023,10,15,0,1048576,0,0,0,inf,inf,0.854690552,0.709655762,1,0,10,67,2,0,51,15,4224,512,3075,3075,580,196800,14746,3466,1892,1023,1023,1023,1023,0,0,511,2,3,1,5,4,5,7,5,8,3,5,5,3,4,2,3,0,1,0,0,0,0,0,0,0,0,0,0,0,0,0,0,0,0,0,0,0,0,0,0,0,0,0,0,0,0,0,0,0,0,0,0,0,0,0,0,0,0,0,0,0,0,0,0,0,2,3,3,3,3,3,3,3,4,2
255,1,69,69,1,64,64,0,11,0,68,0,21632,21632,2666,2666,0,3810,17822,0,0,0,338,21632,1250,824,96,1023,10,15,0,1048576,0,0,0,inf,0.70880127,0.785232544,0.476150513,1,0,10,69,2,61,7,0,4352,2680,270,270,60,17280,1130,824,178,1023,128,1023,1023,0,0,1023,0,0,0,0,0,1,0,0,0,0,0,0,0,0,1,0,0,0,1,1,0,0,1,0,1,1,3,2,1,0,0,1,0,1,2,3,1,3,3,4,0,2,1,5,7,6,1,1,1,1,2,3,2,1,1,2,0,0,1,0,0,0,0,0,0,16,16,16,16,16,16,16,15,16,17
256,1,69,69,2,64,64,0,0,0,68,0,114112,114112,10406,10406,0,17293,96819,0,0,0,1783,114112,6045,2715,96,1023,10,15,0,1048576,0,0,0,inf,inf,0.682006836,0.42199707,1,0,10,69,2,13,54,1,4352,1347,1715,1715,522,109760,15946,2715,2959,1023,1023,1023,1023,2,0,1023,0,0,0,1,0,0,0,0,0,2,2,1,0,3,5,7,5,1,1,3,5,4,1,4,5,5,5,3,0,2,0,2,0,0,0,1,0,0,0,0,0,0,0,0,0,0,0,0,0,0,0,0,0,0,0,0,0,0,0,0,0,0,0,0,0,4,5,5,5,4,4,5,4,4,5
257,1,67,69,3,64,64,0,0,0,66,0,207104,207104,8192,8192,0,11713,195391,0,0,0,3236,207104,5806,3053,96,1023,10,15,0,1048576,0,0,0,inf,inf,0.652572632,0.530105591,1,0,10,67,2,0,44,22,4224,411,3170,3170,237,202880,11302,3053,615,1023,1023,1023,1023,16,0,1023,1,1,5,6,9,8,10,6,8,1,2,5,2,1,0,0,0,0,0,1,0,0,0,0,0,0,0,0,0,0,0,0,0,0,0,0,0,0,0,0,0,0,0,0,0,0,0,0,0,0,0,0,0,0,0,0,0,0,0,0,0,0,0,0,0,3,4,4,4,8,4,4,4,4,3
258,1,66,69,3,64,64,0,0,0,65,0,236864,236864,5381,5381,0,6260,230604,0,0,0,3701,236864,1452,1317,96,1023,10,15,0,1048576,0,0,0,inf,inf,1.26669312,1.08500671,1,0,10,66,2,0,2,63,4160,86,3636,3636,0,232704,6174,1317,0,527,1023,1023,1023,0,0,1023,19,23,13,5,3,2,0,0,0,0,0,0,0,0,0,0,0,0,0,0,0,0,0,0,0,0,0,0,0,0,0,0,0,0,0,0,0,0,0,0,0,0,0,0,0,0,0,0,0,0,0,0,0,0,0,0,0,0,0,0,0,0,0,0,0,2,4,3,7,2,11,3,3,17,3
259,1,67,69,3,64,64,0,0,0,66,0,254400,254400,4563,4563,0,5386,249014,0,0,0,3975,254400,1094,1084,32,1023,10,15,0,1048576,0,0,0,inf,inf,0.947509766,0.800918579,1,0,10,67,2,0,0,66,4224,54,3909,3909,0,250176,5332,1084,0,0,1023,1023,1023,0,0,1023,32,19,11,3,1,0,0,0,0,0,0,0,0,0,0,0,0,0,0,0,0,0,0,0,0,0,0,0,0,0,0,0,0,0,0,0,0,0,0,0,0,0,0,0,0,0,0,0,0,0,0,0,0,0,0,0,0,0,0,0,0,0,0,0,0,7,49,23,6,9,12,10,14,13,11
260,1,67,69,3,64,64,0,0,0,66,0,203136,203136,9246,9246,0,18326,184810,0,0,0,3174,203136,7118,3951,160,1023,10,15,0,1048576,0,0,0,inf,inf,1.0063324,0.851791382,1,0,10,67,2,0,51,15,4224,432,3108,3108,962,198912,17894,3951,3070,508,1023,1023,1023,309,0,1023,0,3,3,7,2,11,6,14,3,6,5,3,0,1,1,0,0,1,0,0,0,0,0,0,0,0,0,0,0,0,0,0,0,0,0,0,0,0,0,0,0,0,0,0,0,0,0,0,0,0,0,0,0,0,0,0,0,0,0,0,0,0,0,0,0,4,2,6,3,4,4,3,4,7,2
261,1,69,69,2,64,64,0,0,0,68,0,203584,203584,7384,7384,0,7352,196232,0,0,0,3181,203584,2832,741,32,1023,10,15,0,1048576,0,0,0,inf,inf,0.934539795,0.721252441,1,0,10,69,2,0,33,35,4352,428,3113,3113,15,199232,6924,741,11,1014,1023,1023,1023,0,0,1023,9,5,6,13,2,2,7,1,4,2,1,1,2,2,2,2,2,1,0,3,1,0,0,0,0,0,0,0,0,0,0,0,0,0,0,0,0,0,0,0,0,0,0,0,0,0,0,0,0,0,0,0,0,0,0,0,0,0,0,0,0,0,0,0,0,5,5,5,5,5,7,4,6,5,7
262,1,69,69,1,64,64,0,39,0,68,0,237760,237760,7626,7626,0,11845,225915,0,0,0,3715,237760,4755,2855,160,1023,10,15,0,1048576,0,0,0,inf,0.879302979,0.966064453,0.8412323,1,0,10,69,2,0,31,37,4352,315,3647,3647,382,233408,11530,2855,813,259,1023,1023,1023,211,0,1023,6,7,11,5,8,11,4,2,2,3,4,2,1,0,1,1,0,0,0,0,0,0,0,0,0,0,0,0,0,0,0,0,0,0,0,0,0,0,0,0,0,0,0,0,0,0,0,0,0,0,0,0,0,0,0,0,0,0,0,0,0,0,0,0,0,53,49,50,52,51,47,50,52,49,47
263,1,69,69,1,64,64,0,1,0,68,0,248384,248384,5976,5976,0,6800,241584,0,0,0,3881,248384,1288,1278,32,1023,10,15,0,1048576,0,0,0,inf,0.933013916,0.933013916,0.813598633,1,0,10,69,2,0,0,68,4352,85,3813,3813,0,244032,6715,1278,0,142,1023,1023,1023,0,0,1023,16,29,15,6,2,0,0,0,0,0,0,0,0,0,0,0,0,0,0,0,0,0,0,0,0,0,0,0,0,0,0,0,0,0,0,0,0,0,0,0,0,0,0,0,0,0,0,0,0,0,0,0,0,0,0,0,0,0,0,0,0,0,0,0,0,6,6,6,7,9,9,7,7,11,9
264,1,67,69,3,64,64,0,0,0,66,0,223552,223552,6478,6478,0,10014,213538,0,0,0,3493,223552,4041,2925,96,1023,10,15,0,1048576,0,0,0,inf,inf,1.25157166,1.09124756,1,0,10,67,2,0,18,48,4224,219,3427,3427,288,219328,9795,2925,608,831,1023,1023,1023,257,0,1023,5,10,16,11,6,3,7,6,1,0,0,0,0,1,0,0,0,0,0,0,0,0,0,0,0,0,0,0,0,0,0,0,0,0,0,0,0,0,0,0,0,0,0,0,0,0,0,0,0,0,0,0,0,0,0,0,0,0,0,0,0,0,0,0,0,6,5,6,7,7,4,7,6,8,7
265,1,69,69,1,64,64,0,3,0,68,0,233216,233216,5726,5726,0,6350,226866,0,0,0,3644,233216,1062,994,32,1023,10,15,0,1048576,0,0,0,inf,1.21812439,1.23492432,0.833084106,1,0,10,69,2,0,1,67,4352,80,3576,3576,87,228864,6270,994,171,635,1023,1023,1023,0,0,1023,21,29,7,9,1,0,1,0,0,0,0,0,0,0,0,0,0,0,0,0,0,0,0,0,0,0,0,0,0,0,0,0,0,0,0,0,0,0,0,0,0,0,0,0,0,0,0,0,0,0,0,0,0,0,0,0,0,0,0,0,0,0,0,0,0,8,9,9,8,9,8,9,8,9,13
266,1,69,69,1,64,64,0,1,0,68,0,253568,253568,4893,4893,0,5283,248285,0,0,0,3962,253568,767,757,32,1023,10,15,0,1048576,0,0,0,inf,1.05776978,1.05776978,0.84197998,1,0,10,69,2,0,0,68,4352,61,3894,3894,15,249216,5222,757,15,199,1023,1023,1023,0,0,1023,28,24,13,1,2,0,0,0,0,0,0,0,0,0,0,0,0,0,0,0,0,0,0,0,0,0,0,0,0,0,0,0,0,0,0,0,0,0,0,0,0,0,0,0,0,0,0,0,0,0,0,0,0,0,0,0,0,0,0,0,0,0,0,0,0,6,8,8,5,6,42,9,7,8,13
267,1,68,69,3,64,64,0,0,0,67,0,238528,238528,7232,7232,0,10250,228278,0,0,0,3727,238528,4199,2806,32,1023,10,15,0,1048576,0,0,0,inf,inf,0.691070557,0.593429565,1,0,10,68,2,0,22,45,4288,224,3660,3660,186,234240,10026,2806,307,237,1023,1023,1023,2,0,1023,5,12,15,8,5,9,6,5,0,1,0,0,0,1,0,0,0,0,0,0,0,0,0,0,0,0,0,0,0,0,0,0,0,0,0,0,0,0,0,0,0,0,0,0,0,0,0,0,0,0,0,0,0,0,0,0,0,0,0,0,0,0,0,0,0,4,11,3,8,3,13,8,6,3,7
268,1,68,69,3,64,64,0,0,0,67,0,234368,234368,5684,5684,0,6934,227434,0,0,0,3662,234368,2229,1786,32,1023,10,15,0,1048576,0,0,0,inf,inf,1.34085083,1.07913208,1,0,10,68,2,0,7,60,4288,157,3595,3595,0,230080,6777,1786,0,151,1023,1023,1023,0,0,1023,14,19,14,11,2,1,0,0,2,1,0,1,0,0,2,0,0,0,0,0,0,0,0,0,0,0,0,0,0,0,0,0,0,0,0,0,0,0,0,0,0,0,0,0,0,0,0,0,0,0,0,0,0,0,0,0,0,0,0,0,0,0,0,0,0,7,5,5,5,4,5,9,5,15,5
269,1,68,69,3,64,64,0,0,0,67,0,73408,73408,8837,8837,0,12791,60617,0,0,0,1147,73408,4099,1806,64,1023,10,15,0,1048576,0,0,0,inf,inf,0.87461853,0.705551147,1,0,10,68,2,30,37,0,4288,1584,1080,1080,313,69120,11207,1806,1327,1023,1023,1023,1023,0,0,1023,0,0,0,0,0,1,2,0,0,0,2,1,1,3,1,1,4,2,1,2,2,2,2,4,4,2,3,4,4,2,3,4,0,2,1,1,0,2,2,0,0,1,1,0,0,0,0,0,0,0,0,0,0,0,0,0,0,0,0,0,0,0,0,0,0,5,5,5,5,4,5,6,5,4,6
270,1,67,69,3,64,64,0,0,0,66,0,212800,212800,6201,6201,0,15324,197476,0,0,0,3325,212800,5968,3681,96,1023,10,15,0,1048576,0,0,0,inf,inf,1.04920959,0.885513306,1,0,10,67,2,2,38,26,4224,514,3259,3259,925,208576,14810,3681,3273,1023,1023,1023,1023,129,0,1023,3,8,5,6,4,6,5,5,3,2,1,1,1,3,3,1,0,3,0,3,0,0,0,1,0,0,0,0,0,0,0,0,1,1,0,0,0,0,0,0,0,0,0,0,0,0,0,0,0,0,0,0,0,0,0,0,0,0,0,0,0,0,0,0,0,7,5,3,5,4,4,2,8,7,3
271,1,67,69,3,64,64,0,0,0,66,0,244736,244736,4866,4866,0,6644,238092,0,0,0,3824,244736,2242,1988,96,1023,10,15,0,1048576,0,0,0,inf,inf,1.45309448,1.29281616,1,0,10,67,2,0,4,62,4224,102,3758,3758,31,240512,6542,1988,110,483,1023,1023,1023,0,0,1023,23,19,7,6,7,2,1,1,0,0,0,0,0,0,0,0,0,0,0,0,0,0,0,0,0,0,0,0,0,0,0,0,0,0,0,0,0,0,0,0,0,0,0,0,0,0,0,0,0,0,0,0,0,0,0,0,0,0,0,0,0,0,0,0,0,6,57,6,3,18,5,4,5,6,9
272,1,66,69,3,64,64,0,0,0,65,0,177152,177152,9901,9901,0,11359,165793,0,0,0,2768,177152,4660,1804,32,1023,10,15,0,1048576,0,0,0,inf,inf,0.486373901,0.373703003,1,0,10,66,2,0,45,20,4160,429,2703,2703,138,172992,10930,1804,298,1007,1023,1023,1023,532,0,1023,0,0,5,4,11,10,6,6,7,4,4,1,3,1,2,1,0,0,0,0,0,0,0,0,0,0,0,0,0,0,0,0,0,0,0,0,0,0,0,0,0,0,0,0,0,0,0,0,0,0,0,0,0,0,0,0,0,0,0,0,0,0,0,0,0,2,2,8,2,5,5,5,2,2,5
273,0.899999976,68,69,3,64,64,0,0,0,67,0,184512,184512,9397,9397,0,11240,173272,0,0,0,2883,184512,4974,2007,160,1023,10,15,0,1048576,0,0,0,inf,inf,0.839660645,0.598556519,1,0,10,68,2,0,47,20,4288,450,2816,2816,173,180224,10790,2007,441,1023,1023,1023,1023,0,0,511,1,4,4,4,7,7,9,5,7,5,1,5,2,2,2,2,0,0,0,0,0,0,0,0,0,0,0,0,0,0,0,0,0,0,0,0,0,0,0,0,0,0,0,0,0,0,0,0,0,0,0,0,0,0,0,0,0,0,0,0,0,0,0,0,0,4,4,4,4,4,4,3,4,4,4
274,1,67,69,3,64,64,0,0,0,66,0,199232,199232,10455,10455,0,15129,184103,0,0,0,3113,199232,5118,2929,96,1023,10,15,0,1048576,0,0,0,inf,inf,0.73475647,0.624328613,1,0,10,67,2,0,35,31,4224,377,3047,3047,353,195008,14752,2929,1554,623,1023,1023,1023,0,0,1023,1,4,8,7,11,5,6,3,6,5,3,1,3,2,1,0,0,0,0,0,0,0,0,0,0,0,0,0,0,0,0,0,0,0,0,0,0,0,0,0,0,0,0,0,0,0,0,0,0,0,0,0,0,0,0,0,0,0,0,0,0,0,0,0,0,3,4,3,3,4,3,3,10,5,4
275,1,68,69,3,64,64,0,0,0,67,0,255232,255232,5067,5067,0,6663,248569,0,0,0,3988,255232,1944,1871,32,1023,10,15,0,1048576,0,0,0,inf,inf,1.08746338,0.985092163,1,0,10,68,2,0,1,66,4288,92,3921,3921,0,250944,6571,1871,0,955,1023,1023,1023,0,0,1023,20,20,14,9,3,1,0,0,0,0,0,0,0,0,0,0,0,0,0,0,0,0,0,0,0,0,0,0,0,0,0,0,0,0,0,0,0,0,0,0,0,0,0,0,0,0,0,0,0,0,0,0,0,0,0,0,0,0,0,0,0,0,0,0,0,9,10,16,12,11,10,26,5,5,22
276,1,69,69,1,64,64,0,2,0,68,0,190144,190144,8919,8919,0,11056,179088,0,0,0,2971,190144,5104,1639,96,1023,10,15,0,1048576,0,0,0,inf,1.44120789,1.44338989,1.23178101,1,0,10,69,2,0,55,13,4352,561,2903,2903,290,185792,10495,1639,870,1023,1023,1023,1023,320,0,1023,1,2,2,6,2,3,12,7,7,4,3,4,2,4,2,4,1,0,0,0,0,0,1,0,0,1,0,0,0,0,0,0,0,0,0,0,0,0,0,0,0,0,0,0,0,0,0,0,0,0,0,0,0,0,0,0,0,0,0,0,0,0,0,0,0,10,10,10,11,11,11,11,11,10,10
277,1,67,69,3,64,64,0,0,0,66,0,246016,246016,4618,4618,0,5868,240148,0,0,0,3844,246016,1701,1630,32,1023,10,15,0,1048576,0,0,0,inf,inf,1.50186157,1.32298279,1,0,10,67,2,0,1,65,4224,66,3778,3778,0,241792,5802,1630,0,547,1023,1023,1023,0,0,1023,23,29,9,3,1,0,1,0,0,0,0,0,0,0,0,0,0,0,0,0,0,0,0,0,0,0,0,0,0,0,0,0,0,0,0,0,0,0,0,0,0,0,0,0,0,0,0,0,0,0,0,0,0,0,0,0,0,0,0,0,0,0,0,0,0,3,9,5,22,6,8,6,2,8,7
278,1,69,69,2,64,64,0,0,0,68,0,236352,236352,6792,6792,0,7894,228458,0,0,0,3693,236352,2351,1647,96,1023,10,15,0,1048576,0,0,0,inf,inf,0.835220337,0.687652588,1,0,10,69,2,0,11,57,4352,158,3625,3625,8,232000,7736,1647,10,958,1023,1023,1023,0,0,1023,15,11,15,13,3,5,4,0,1,1,0,0,0,0,0,0,0,0,0,0,0,0,0,0,0,0,0,0,0,0,0,0,0,0,0,0,0,0,0,0,0,0,0,0,0,0,0,0,0,0,0,0,0,0,0,0,0,0,0,0,0,0,0,0,0,6,10,10,6,6,5,10,7,5,5
279,1,69,69,2,64,64,0,0,0,68,0,197440,197440,7373,7373,0,7407,190033,0,0,0,3085,197440,2795,1067,32,1023,10,15,0,1048576,0,0,0,inf,inf,0.921478271,0.730728149,1,0,10,69,2,0,27,41,4352,262,3017,3017,16,193088,7145,1067,23,1023,1023,1023,1023,16,0,1023,4,12,8,10,7,8,6,6,6,0,1,0,0,0,0,0,0,0,0,0,0,0,0,0,0,0,0,0,0,0,0,0,0,0,0,0,0,0,0,0,0,0,0,0,0,0,0,0,0,0,0,0,0,0,0,0,0,0,0,0,0,0,0,0,0,5,6,6,4,5,4,5,4,5,6
280,1,67,69,3,64,64,0,0,0,66,0,244928,244928,6144,6144,0,9790,235138,0,0,0,3827,244928,3672,3114,64,1023,10,15,0,1048576,0,0,0,inf,inf,1.07279968,0.941543579,1,0,10,67,2,0,9,57,4224,165,3761,3761,254,240704,9625,3114,402,741,1023,1023,1023,1,0,1023,8,17,12,15,5,4,3,0,0,0,1,1,0,0,0,0,0,0,0,0,0,0,0,0,0,0,0,0,0,0,0,0,0,0,0,0,0,0,0,0,0,0,0,0,0,0,0,0,0,0,0,0,0,0,0,0,0,0,0,0,0,0,0,0,0,9,9,4,5,3,2,3,2,5,40
281,1,68,69,3,64,64,0,0,0,67,0,247296,247296,5362,5362,0,6348,240948,0,0,0,3864,247296,1514,1381,32,1023,10,15,0,1048576,0,0,0,inf,inf,1.0945282,0.950973511,1,0,10,68,2,0,2,65,4288,96,3797,3797,0,243008,6252,1381,0,975,1023,1023,1023,0,0,1023,22,18,12,8,5,2,0,0,0,0,0,0,0,0,0,0,0,0,0,0,0,0,0,0,0,0,0,0,0,0,0,0,0,0,0,0,0,0,0,0,0,0,0,0,0,0,0,0,0,0,0,0,0,0,0,0,0,0,0,0,0,0,0,0,0,4,4,16,3,7,5,4,10,4,3
282,1,69,69,2,64,64,0,0,0,68,0,250496,250496,5690,5690,0,6479,244017,0,0,0,3914,250496,1769,1142,32,1023,10,15,0,1048576,0,0,0,inf,inf,1.18598938,1.01281738,1,0,10,69,2,0,10,58,4352,153,3846,3846,0,246144,6326,1142,0,803,1023,1023,1023,0,0,1023,20,17,11,8,2,5,0,2,0,0,0,1,0,0,1,0,0,0,1,0,0,0,0,0,0,0,0,0,0,0,0,0,0,0,0,0,0,0,0,0,0,0,0,0,0,0,0,0,0,0,0,0,0,0,0,0,0,0,0,0,0,0,0,0,0,5,15,10,3,11,10,16,13,6,6
283,1,67,69,3,64,64,0,0,0,66,0,214080,214080,7444,7444,0,8330,205750,0,0,0,3345,214080,2961,1490,96,1023,10,15,0,1048576,0,0,0,inf,inf,0.992675781,0.820205688,1,0,10,67,2,0,23,43,4224,263,3279,3279,23,209856,8067,1490,15,1019,1023,1023,1023,0,0,1023,8,13,7,11,4,7,2,2,1,2,6,1,0,1,0,0,1,0,0,0,0,0,0,0,0,0,0,0,0,0,0,0,0,0,0,0,0,0,0,0,0,0,0,0,0,0,0,0,0,0,0,0,0,0,0,0,0,0,0,0,0,0,0,0,0,3,4,5,7,8,4,4,4,4,4
284,1,69,69,2,64,64,0,0,0,68,0,248896,248896,5463,5463,0,6961,241935,0,0,0,3889,248896,2672,1791,96,1023,10,15,0,1048576,0,0,0,inf,inf,1.18643188,1.06143188,1,0,10,69,2,0,14,54,4352,201,3821,3821,19,244544,6760,1791,16,463,1023,1023,1023,0,0,1023,11,11,11,14,7,4,3,4,1,0,0,1,0,1,0,0,0,0,0,0,0,0,0,0,0,0,0,0,0,0,0,0,0,0,0,0,0,0,0,0,0,0,0,0,0,0,0,0,0,0,0,0,0,0,0,0,0,0,0,0,0,0,0,0,0,10,8,9,9,5,24,7,4,27,18
285,1,69,69,1,64,64,0,1,0,68,0,228096,228096,5794,5794,0,6421,221675,0,0,0,3564,228096,1525,1143,160,1023,10,15,0,1048576,0,0,0,inf,2.00460815,2.00460815,1.54980469,1,0,10,69,2,0,6,62,4352,141,3496,3496,59,223744,6280,1143,100,799,1023,1023,1023,0,0,1023,12,13,24,10,3,1,3,1,1,0,0,0,0,0,0,0,0,0,0,0,0,0,0,0,0,0,0,0,0,0,0,0,0,0,0,0,0,0,0,0,0,0,0,0,0,0,0,0,0,0,0,0,0,0,0,0,0,0,0,0,0,0,0,0,0,7,7,7,7,5,14,8,6,8,6
286,1,69,69,1,64,64,0,2,0,68,0,248384,248384,6206,6206,0,7211,241173,0,0,0,3881,248384,1521,1450,32,1023,10,15,0,1048576,0,0,0,inf,1.04064941,1.04127502,0.87046814,1,0,10,69,2,0,1,67,4352,94,3813,3813,0,244032,7117,1450,0,277,1023,1023,1023,0,0,1023,20,18,18,9,2,1,0,0,0,0,0,0,0,0,0,0,0,0,0,0,0,0,0,0,0,0,0,0,0,0,0,0,0,0,0,0,0,0,0,0,0,0,0,0,0,0,0,0,0,0,0,0,0,0,0,0,0,0,0,0,0,0,0,0,0,9,8,9,9,12,12,12,9,10,6
287,1,67,69,3,64,64,0,0,0,66,0,205184,205184,8776,8776,0,11732,193452,0,0,0,3206,205184,5422,2481,32,1023,10,15,0,1048576,0,0,0,inf,inf,0.808517456,0.705673218,1,0,10,67,2,0,47,19,4224,473,3140,3140,262,200960,11259,2481,481,991,1023,1023,1023,2,0,1023,0,4,5,4,6,7,9,6,5,4,4,2,4,1,2,0,0,0,0,0,1,1,0,0,1,0,0,0,0,0,0,0,0,0,0,0,0,0,0,0,0,0,0,0,0,0,0,0,0,0,0,0,0,0,0,0,0,0,0,0,0,0,0,0,0,7,8,4,4,5,15,14,6,7,10
288,1,68,69,3,64,64,0,0,0,67,0,257984,257984,5723,5723,0,7698,250286,0,0,0,4031,257984,2406,1963,96,1023,10,15,0,1048576,0,0,0,inf,inf,1.50294495,1.31826782,1,0,10,68,2,0,7,60,4288,109,3964,3964,63,253696,7589,1963,110,256,1023,1023,1023,0,0,1023,20,20,11,7,2,4,3,0,0,0,0,0,0,0,0,0,0,0,0,0,0,0,0,0,0,0,0,0,0,0,0,0,0,0,0,0,0,0,0,0,0,0,0,0,0,0,0,0,0,0,0,0,0,0,0,0,0,0,0,0,0,0,0,0,0,8,5,5,13,3,7,7,13,9,13
289,1,69,69,1,64,64,0,5,0,68,0,172096,172096,10282,10282,0,10934,161162,0,0,0,2689,172096,4377,1572,32,1023,10,15,0,1048576,0,0,0,inf,1.40031433,1.41304016,0.974578857,1,0,10,69,2,0,44,24,4352,451,2621,2621,63,167744,10483,1572,135,1023,1023,1023,1023,4,0,1023,2,8,4,5,5,8,7,5,2,5,4,3,1,1,4,1,0,2,0,1,0,0,0,0,0,0,0,0,0,0,0,0,0,0,0,0,0,0,0,0,0,0,0,0,0,0,0,0,0,0,0,0,0,0,0,0,0,0,0,0,0,0,0,0,0,9,9,10,10,10,10,10,9,10,10
290,1,66,69,3,64,64,0,0,0,65,0,247488,247488,5070,5070,0,6624,240864,0,0,0,3867,247488,1928,1738,32,1023,10,15,0,1048576,0,0,0,inf,inf,1.07337952,0.950500488,1,0,10,66,2,0,3,62,4160,120,3802,3802,18,243328,6504,1738,24,474,1023,1023,1023,0,0,1023,13,26,10,9,4,0,0,0,1,1,0,0,0,0,1,0,0,0,0,0,0,0,0,0,0,0,0,0,0,0,0,0,0,0,0,0,0,0,0,0,0,0,0,0,0,0,0,0,0,0,0,0,0,0,0,0,0,0,0,0,0,0,0,0,0,9,3,8,5,2,4,14,26,6,8
291,1,67,69,3,64,64,0,0,0,66,0,182080,182080,10080,10080,0,16457,165623,0,0,0,2845,182080,6853,3318,96,1023,10,15,0,1048576,0,0,0,inf,inf,0.722518921,0.579284668,1,0,10,67,2,1,57,8,4224,648,2779,2779,528,177856,15809,3318,2133,511,1023,1023,1023,512,0,1023,3,0,1,2,2,8,5,5,5,4,7,2,6,1,2,3,4,0,0,0,3,0,0,1,1,0,0,0,0,0,1,0,0,0,0,0,0,0,0,0,0,0,0,0,0,0,0,0,0,0,0,0,0,0,0,0,0,0,0,0,0,0,0,0,0,3,4,3,8,3,3,4,4,4,5
292,1,67,69,3,64,64,0,0,0,66,0,93888,93888,7539,7539,0,14712,79176,0,0,0,1467,93888,5207,2696,96,1023,10,15,0,1048576,0,0,0,inf,inf,0.711227417,0.516799927,1,0,10,67,2,24,41,1,4224,1489,1401,1401,562,89664,13223,2696,2564,1023,1023,1023,1023,208,0,1023,0,0,0,1,0,0,0,0,1,0,0,1,0,3,2,3,5,5,3,1,1,4,2,4,4,2,4,0,5,5,1,1,1,2,0,2,0,1,2,0,0,0,0,0,0,0,0,0,0,0,0,0,0,0,0,0,0,0,0,0,0,0,0,0,0,2,3,4,3,3,2,3,3,2,2
293,1,68,69,3,64,64,0,0,0,67,0,58560,58560,5080,5080,0,6497,52063,0,0,0,915,58560,2534,1148,32,1023,10,15,0,1048576,0,0,0,inf,inf,0.843490601,0.529998779,1,0,10,68,2,43,22,2,4288,2017,848,848,90,54272,4480,1148,232,1023,1023,1023,1023,0,0,1023,1,1,0,0,0,1,0,0,0,0,0,0,1,1,2,0,1,0,1,4,1,2,1,1,3,3,1,0,4,2,3,3,1,4,1,1,1,2,0,1,1,4,2,2,3,1,3,1,1,1,0,0,0,0,0,0,0,0,0,0,0,0,0,0,0,5,5,4,5,5,5,11,5,5,5
294,1,67,69,3,64,64,0,0,0,66,0,199424,199424,9496,9496,0,20069,179355,0,0,0,3116,199424,7043,3782,96,1023,10,15,0,1048576,0,0,0,inf,inf,0.833770752,0.749389648,1,0,10,67,2,0,53,13,4224,490,3050,3050,1032,195200,19579,3782,4161,987,1023,1023,1023,600,0,1023,0,0,3,4,6,8,9,6,7,5,6,3,5,1,1,1,1,0,0,0,0,0,0,0,0,0,0,0,0,0,0,0,0,0,0,0,0,0,0,0,0,0,0,0,0,0,0,0,0,0,0,0,0,0,0,0,0,0,0,0,0,0,0,0,0,7,4,2,8,15,2,7,2,2,7
295,1,68,69,3,64,64,0,0,0,67,0,214080,214080,6811,6811,0,10342,203738,0,0,0,3345,214080,4408,2664,96,1023,10,15,0,1048576,0,0,0,inf,inf,1.06225586,0.921081543,1,0,10,68,2,3,28,36,4288,504,3278,3278,219,209792,9838,2664,549,223,1023,1023,1023,0,0,1023,7,11,7,8,3,4,1,1,2,2,0,1,0,2,4,2,1,2,2,2,0,1,0,1,0,0,0,1,1,0,1,0,0,0,0,0,0,0,0,0,0,0,0,0,0,0,0,0,0,0,0,0,0,0,0,0,0,0,0,0,0,0,0,0,0,11,10,10,10,10,13,9,3,7,6
296,1,68,69,3,64,64,0,0,0,67,0,262144,262144,4255,4255,0,5163,256981,0,0,0,4096,262144,1155,1086,32,1023,10,15,0,1048576,0,0,0,inf,inf,1.48040771,1.30235291,1,0,10,68,2,0,1,66,4288,51,4029,4029,15,257856,5112,1086,15,199,1023,1023,1023,0,0,1023,35,22,6,2,1,0,0,1,0,0,0,0,0,0,0,0,0,0,0,0,0,0,0,0,0,0,0,0,0,0,0,0,0,0,0,0,0,0,0,0,0,0,0,0,0,0,0,0,0,0,0,0,0,0,0,0,0,0,0,0,0,0,0,0,0,5,5,6,6,7,5,23,9,7,35
297,1,68,69,3,64,64,0,0,0,67,0,243008,243008,5790,5790,0,10499,232509,0,0,0,3797,243008,4804,3144,160,1023,10,15,0,1048576,0,0,0,inf,inf,1.31639099,1.13079834,1,0,10,68,2,0,27,40,4288,295,3730,3730,353,238720,10204,3144,1036,1022,1023,1023,1023,0,0,1023,8,5,11,9,7,4,6,6,3,2,3,1,0,1,0,0,0,0,0,1,0,0,0,0,0,0,0,0,0,0,0,0,0,0,0,0,0,0,0,0,0,0,0,0,0,0,0,0,0,0,0,0,0,0,0,0,0,0,0,0,0,0,0,0,0,10,7,6,2,8,7,6,10,7,2
298,1,68,69,3,64,64,0,0,0,67,0,237376,237376,7538,7538,0,10814,226562,0,0,0,3709,237376,3668,2733,32,1023,10,15,0,1048576,0,0,0,inf,inf,1.04037476,0.900741577,1,0,10,68,2,0,15,52,4288,219,3642,3642,184,233088,10595,2733,425,563,1023,1023,1023,0,0,1023,12,16,13,6,5,3,3,2,2,1,0,0,0,0,1,1,1,0,0,0,0,0,1,0,0,0,0,0,0,0,0,0,0,0,0,0,0,0,0,0,0,0,0,0,0,0,0,0,0,0,0,0,0,0,0,0,0,0,0,0,0,0,0,0,0,8,8,15,17,6,26,8,41,3,3
299,1,69,69,2,64,64,0,0,0,68,0,233536,233536,6393,6393,0,6852,226684,0,0,0,3649,233536,1478,1087,32,1023,10,15,0,1048576,0,0,0,inf,inf,0.716537476,0.582229614,1,0,10,69,2,0,6,62,4352,139,3581,3581,0,229184,6713,1087,4,869,1023,1023,1023,0,0,1023,17,15,14,10,6,2,1,1,0,1,1,0,0,0,0,0,0,0,0,0,0,0,0,0,0,0,0,0,0,0,0,0,0,0,0,0,0,0,0,0,0,0,0,0,0,0,0,0,0,0,0,0,0,0,0,0,0,0,0,0,0,0,0,0,0,6,6,7,6,8,6,7,17,5,4
300,1,67,69,3,64,64,0,0,0,66,0,240000,240000,7235,7235,0,10430,229570,0,0,0,3750,240000,3535,2966,32,1023,10,15,0,1048576,0,0,0,inf,inf,0.723022461,0.622009277,1,0,10,67,2,0,9,57,4224,171,3684,3684,176,235776,10259,2966,308,247,1023,1023,1023,321,0,1023,5,17,13,12,10,4,4,0,1,0,0,0,0,0,0,0,0,0,0,0,0,0,0,0,0,0,0,0,0,0,0,0,0,0,0,0,0,0,0,0,0,0,0,0,0,0,0,0,0,0,0,0,0,0,0,0,0,0,0,0,0,0,0,0,0,15,7,14,23,9,6,5,16,21,5
301,1,67,69,3,64,64,0,0,0,66,0,249472,249472,5522,5522,0,7281,242191,0,0,0,3898,249472,2164,2027,96,1023,10,15,0,1048576,0,0,0,inf,inf,1.08987427,0.94581604,1,0,10,67,2,0,2,64,4224,89,3832,3832,12,245248,7192,2027,13,3,1023,1023,1023,0,0,1023,20,20,15,7,2,2,0,0,0,0,0,0,0,0,0,0,0,0,0,0,0,0,0,0,0,0,0,0,0,0,0,0,0,0,0,0,0,0,0,0,0,0,0,0,0,0,0,0,0,0,0,0,0,0,0,0,0,0,0,0,0,0,0,0,0,10,18,9,8,11,11,9,10,14,15
302,1,69,69,2,64,64,0,0,0,68,0,254656,254656,6027,6027,0,7773,246883,0,0,0,3979,254656,2029,2019,64,1023,10,15,0,1048576,0,0,0,inf,inf,1.32821655,1.1399231,1,0,10,69,2,0,0,68,4352,88,3911,3911,25,250304,7685,2019,41,952,1023,1023,1023,0,0,1023,19,22,16,10,1,0,0,0,0,0,0,0,0,0,0,0,0,0,0,0,0,0,0,0,0,0,0,0,0,0,0,0,0,0,0,0,0,0,0,0,0,0,0,0,0,0,0,0,0,0,0,0,0,0,0,0,0,0,0,0,0,0,0,0,0,6,5,6,7,7,7,6,5,5,7
303,1,68,69,3,64,64,0,0,0,67,0,249984,249984,5297,5297,0,7403,242581,0,0,0,3906,249984,2804,2367,64,1023,10,15,0,1048576,0,0,0,inf,inf,1.14347839,1.01895142,1,0,10,68,2,0,7,60,4288,117,3839,3839,24,245696,7286,2367,36,557,1023,1023,1023,0,0,1023,17,18,20,3,2,3,1,3,0,0,0,0,0,0,0,0,0,0,0,0,0,0,0,0,0,0,0,0,0,0,0,0,0,0,0,0,0,0,0,0,0,0,0,0,0,0,0,0,0,0,0,0,0,0,0,0,0,0,0,0,0,0,0,0,0,10,38,4,9,18,15,12,10,11,10
304,1,69,69,1,64,64,0,1,0,68,0,198080,198080,9612,9612,0,10684,187396,0,0,0,3095,198080,2849,1458,64,1023,10,15,0,1048576,0,0,0,inf,0.614395142,0.614395142,0.481430054,1,0,10,69,2,0,22,46,4352,263,3027,3027,172,193728,10421,1458,362,1023,1023,1023,1023,8,0,1023,4,6,7,17,12,7,7,4,0,2,1,1,0,0,0,0,0,0,0,0,0,0,0,0,0,0,0,0,0,0,0,0,0,0,0,0,0,0,0,0,0,0,0,0,0,0,0,0,0,0,0,0,0,0,0,0,0,0,0,0,0,0,0,0,0,9,6,7,7,7,6,8,6,8,8
305,1,69,69,2,64,64,0,0,0,68,0,202240,202240,10707,10707,0,15839,186401,0,0,0,3160,202240,6330,3014,96,1023,10,15,0,1048576,0,0,0,inf,inf,0.923629761,0.767074585,1,0,10,69,2,0,53,15,4352,523,3092,3092,538,197888,15316,3014,1490,1007,1023,1023,1023,96,0,1023,0,2,2,5,6,5,6,10,7,5,5,7,3,0,1,1,0,1,1,1,0,0,0,0,0,0,0,0,0,0,0,0,0,0,0,0,0,0,0,0,0,0,0,0,0,0,0,0,0,0,0,0,0,0,0,0,0,0,0,0,0,0,0,0,0,6,6,8,6,6,7,7,7,13,5
306,1,69,69,2,64,64,0,0,0,68,0,183168,183168,12443,12443,0,14401,168767,0,0,0,2862,183168,4915,1477,32,1023,10,15,0,1048576,0,0,0,inf,inf,0.402420044,0.320861816,1,0,10,69,2,0,55,13,4352,545,2794,2794,212,178816,13856,1477,943,1023,1023,1023,1023,272,0,1023,0,3,2,4,4,7,6,6,9,7,7,1,3,2,1,1,2,0,0,2,1,0,0,0,0,0,0,0,0,0,0,0,0,0,0,0,0,0,0,0,0,0,0,0,0,0,0,0,0,0,0,0,0,0,0,0,0,0,0,0,0,0,0,0,0,6,6,6,5,8,6,6,4,5,4
307,1,67,69,3,64,64,0,0,0,66,0,219840,219840,6541,6541,0,10251,209589,0,0,0,3435,219840,3884,3020,96,1023,10,15,0,1048576,0,0,0,inf,inf,1.37738037,1.11630249,1,0,10,67,2,0,14,52,4224,196,3369,3369,339,215616,10055,3020,631,383,1023,1023,1023,579,0,1023,6,14,12,8,12,8,1,2,2,0,1,0,0,0,0,0,0,0,0,0,0,0,0,0,0,0,0,0,0,0,0,0,0,0,0,0,0,0,0,0,0,0,0,0,0,0,0,0,0,0,0,0,0,0,0,0,0,0,0,0,0,0,0,0,0,5,5,5,5,4,4,5,6,5,5
308,1,68,69,3,64,64,0,0,0,67,0,197952,197952,9330,9330,0,17990,179962,0,0,0,3093,197952,7276,3639,64,1023,10,15,0,1048576,0,0,0,inf,inf,0.691696167,0.599822998,1,0,10,68,2,0,59,8,4288,571,3026,3026,826,193664,17419,3639,3275,959,1023,1023,1023,24,0,1023,0,1,3,3,1,4,9,8,9,5,5,5,4,1,5,1,1,1,0,0,1,0,0,0,0,0,0,0,0,0,0,0,0,0,0,0,0,0,0,0,0,0,0,0,0,0,0,0,0,0,0,0,0,0,0,0,0,0,0,0,0,0,0,0,0,5,7,3,7,7,6,6,4,6,3
309,1,69,69,2,64,64,0,0,0,68,0,222336,222336,7020,7020,0,7758,214578,0,0,0,3474,222336,2360,1464,64,1023,10,15,0,1048576,0,0,0,inf,inf,0.843414307,0.6121521,1,0,10,69,2,0,14,54,4352,193,3406,3406,11,217984,7565,1464,4,735,1023,1023,1023,0,0,1023,8,11,17,11,7,6,6,0,0,0,1,1,0,0,0,0,0,0,0,0,0,0,0,0,0,0,0,0,0,0,0,0,0,0,0,0,0,0,0,0,0,0,0,0,0,0,0,0,0,0,0,0,0,0,0,0,0,0,0,0,0,0,0,0,0,5,5,4,5,5,5,6,5,5,5
310,1,69,69,2,64,64,0,0,0,68,0,248064,248064,7455,7455,0,9378,238686,0,0,0,3876,248064,3063,2176,96,1023,10,15,0,1048576,0,0,0,inf,inf,0.549179077,0.460891724,1,0,10,69,2,0,14,54,4352,173,3808,3808,50,243712,9205,2176,65,231,1023,1023,1023,0,0,1023,11,16,11,12,4,7,3,3,0,1,0,0,0,0,0,0,0,0,0,0,0,0,0,0,0,0,0,0,0,0,0,0,0,0,0,0,0,0,0,0,0,0,0,0,0,0,0,0,0,0,0,0,0,0,0,0,0,0,0,0,0,0,0,0,0,5,9,6,12,6,9,5,9,5,20
311,1,68,69,3,64,64,0,0,0,67,0,243328,243328,5100,5100,0,10731,232597,0,0,0,3802,243328,4546,3669,32,1023,10,15,0,1048576,0,0,0,inf,inf,1.12590027,1.00300598,1,0,10,68,2,0,14,53,4288,188,3735,3735,735,239040,10543,3669,1220,423,1023,1023,1023,768,0,1023,7,13,15,13,5,8,3,0,1,1,0,1,0,0,0,0,0,0,0,0,0,0,0,0,0,0,0,0,0,0,0,0,0,0,0,0,0,0,0,0,0,0,0,0,0,0,0,0,0,0,0,0,0,0,0,0,0,0,0,0,0,0,0,0,0,18,16,14,14,11,17,15,15,14,17
312,1,67,69,3,64,64,0,0,0,66,0,226816,226816,7849,7849,0,10779,216037,0,0,0,3544,226816,3848,2826,96,1023,10,15,0,1048576,0,0,0,inf,inf,0.789489746,0.645736694,1,0,10,67,2,0,16,50,4224,214,3478,3478,159,222592,10565,2826,289,511,1023,1023,1023,0,0,1023,6,15,11,11,7,4,3,3,3,2,0,0,0,0,0,1,0,0,0,0,0,0,0,0,0,0,0,0,0,0,0,0,0,0,0,0,0,0,0,0,0,0,0,0,0,0,0,0,0,0,0,0,0,0,0,0,0,0,0,0,0,0,0,0,0,7,4,6,4,6,5,3,7,6,14
313,1,69,69,2,64,64,0,0,0,68,0,241088,241088,6642,6642,0,9726,231362,0,0,0,3767,241088,2947,2569,32,1023,10,15,0,1048576,0,0,0,inf,inf,1.0670166,0.830871582,1,0,10,69,2,0,6,62,4352,146,3699,3699,295,236736,9580,2569,529,862,1023,1023,1023,96,0,1023,9,16,19,15,3,2,3,1,0,0,0,0,0,0,0,0,0,0,0,0,0,0,0,0,0,0,0,0,0,0,0,0,0,0,0,0,0,0,0,0,0,0,0,0,0,0,0,0,0,0,0,0,0,0,0,0,0,0,0,0,0,0,0,0,0,9,14,8,9,8,12,9,10,8,12
314,1,68,69,3,64,64,0,0,0,67,0,248192,248192,5816,5816,0,11937,236255,0,0,0,3878,248192,4143,3823,32,1023,10,15,0,1048576,0,0,0,inf,inf,1.09286499,0.971664429,1,0,10,68,2,0,5,62,4288,158,3811,3811,779,243904,11779,3823,1305,520,1023,1023,1023,852,0,1023,6,13,17,19,7,4,1,0,0,0,0,0,0,0,0,0,0,0,0,0,0,0,0,0,0,0,0,0,0,0,0,0,0,0,0,0,0,0,0,0,0,0,0,0,0,0,0,0,0,0,0,0,0,0,0,0,0,0,0,0,0,0,0,0,0,11,4,38,4,8,20,18,11,9,4
315,1,69,69,1,64,64,0,9,0,68,0,247808,247808,5351,5351,0,6340,241468,0,0,0,3872,247808,1196,1126,96,1023,10,15,0,1048576,0,0,0,inf,0.988006592,1.00410461,0.799835205,1,0,10,69,2,0,1,67,4352,89,3804,3804,106,243456,6251,1126,183,691,1023,1023,1023,0,0,1023,24,19,13,6,5,0,1,0,0,0,0,0,0,0,0,0,0,0,0,0,0,0,0,0,0,0,0,0,0,0,0,0,0,0,0,0,0,0,0,0,0,0,0,0,0,0,0,0,0,0,0,0,0,0,0,0,0,0,0,0,0,0,0,0,0,13,14,14,16,16,14,15,15,15,20
316,1,68,69,3,64,64,0,0,0,67,0,219456,219456,9240,9240,0,13284,206172,0,0,0,3429,219456,4626,2923,96,1023,10,15,0,1048576,0,0,0,inf,inf,0.531036377,0.451049805,1,0,10,68,2,0,27,40,4288,286,3362,3362,421,215168,12998,2923,936,1021,1023,1023,1023,132,0,1023,1,2,9,17,11,7,11,4,3,2,0,0,0,0,0,0,0,0,0,0,0,0,0,0,0,0,0,0,0,0,0,0,0,0,0,0,0,0,0,0,0,0,0,0,0,0,0,0,0,0,0,0,0,0,0,0,0,0,0,0,0,0,0,0,0,3,5,8,4,5,4,4,7,9,5
317,1,69,69,1,64,64,0,1,0,68,0,191680,191680,7486,7486,0,7981,183699,0,0,0,2995,191680,1953,827,64,1023,10,15,0,1048576,0,0,0,inf,0.700286865,0.700286865,0.49559021,1,0,10,69,2,0,18,50,4352,226,2927,2927,121,187328,7755,827,545,959,1023,1023,1023,4,0,1023,4,14,16,11,5,8,5,1,2,1,0,0,0,0,0,0,0,0,0,0,0,0,0,0,0,1,0,0,0,0,0,0,0,0,0,0,0,0,0,0,0,0,0,0,0,0,0,0,0,0,0,0,0,0,0,0,0,0,0,0,0,0,0,0,0,7,8,8,7,6,7,7,6,7,6
318,1,69,69,1,64,64,0,2,0,68,0,175040,175040,7778,7778,0,8788,166252,0,0,0,2735,175040,3572,1475,64,1023,10,15,0,1048576,0,0,0,inf,0.755493164,0.758407593,0.511077881,1,0,10,69,2,0,33,35,4352,320,2667,2667,230,170688,8468,1475,506,1023,1023,1023,1023,16,0,1023,2,2,11,12,8,11,4,6,5,5,1,0,1,0,0,0,0,0,0,0,0,0,0,0,0,0,0,0,0,0,0,0,0,0,0,0,0,0,0,0,0,0,0,0,0,0,0,0,0,0,0,0,0,0,0,0,0,0,0,0,0,0,0,0,0,7,7,10,8,8,8,7,8,8,8
319,1,68,69,3,64,64,0,0,0,67,0,203648,203648,9536,9536,0,19879,183769,0,0,0,3182,203648,7233,3877,96,1023,10,15,0,1048576,0,0,0,inf,inf,0.822433472,0.729385376,1,0,10,68,2,0,55,12,4288,603,3115,3115,1026,199360,19276,3877,3935,1023,1023,1023,1023,259,0,1023,2,1,1,6,2,5,5,7,7,5,4,5,3,1,4,0,1,2,1,2,1,1,1,0,0,0,0,0,0,0,0,0,0,0,0,0,0,0,0,0,0,0,0,0,0,0,0,0,0,0,0,0,0,0,0,0,0,0,0,0,0,0,0,0,0,6,5,9,7,7,7,7,6,20,5
320,1,69,69,1,64,64,0,1,0,68,0,227776,227776,7547,7547,0,12870,214906,0,0,0,3559,227776,5584,3534,64,1023,10,15,0,1048576,0,0,0,inf,0.954269409,0.954269409,0.822250366,1,0,10,69,2,0,33,35,4352,378,3491,3491,556,223424,12492,3534,1146,1023,1023,1023,1023,768,0,1023,0,3,8,14,10,4,5,7,5,3,3,1,1,2,1,0,0,0,1,0,0,0,0,0,0,0,0,0,0,0,0,0,0,0,0,0,0,0,0,0,0,0,0,0,0,0,0,0,0,0,0,0,0,0,0,0,0,0,0,0,0,0,0,0,0,7,6,5,6,22,5,6,6,9,29
321,1,69,69,2,64,64,0,0,0,68,0,165760,165760,10874,10874,0,20585,145175,0,0,0,2590,165760,7231,3534,96,1023,10,15,0,1048576,0,0,0,inf,inf,0.727142334,0.622055054,1,0,10,69,2,5,60,3,4352,949,2522,2522,922,161408,19636,3534,3666,1023,1023,1023,1023,295,0,1023,0,0,1,1,1,2,7,2,4,3,3,6,1,3,5,4,1,4,2,3,1,1,5,2,0,1,2,1,0,0,2,0,0,0,0,0,0,0,0,0,0,0,0,0,0,0,0,0,0,0,0,0,0,0,0,0,0,0,0,0,0,0,0,0,0,5,5,9,5,4,7,6,4,7,4
322,1,68,69,3,64,64,0,0,0,67,0,215360,215360,8772,8772,0,10190,205170,0,0,0,3365,215360,3509,1916,64,1023,10,15,0,1048576,0,0,0,inf,inf,0.762634277,0.644500732,1,0,10,68,2,0,25,42,4288,302,3298,3298,59,211072,9888,1916,70,990,1023,1023,1023,256,0,1023,2,4,11,12,13,5,8,3,1,4,1,1,0,0,1,1,0,0,0,0,0,0,0,0,0,0,0,0,0,0,0,0,0,0,0,0,0,0,0,0,0,0,0,0,0,0,0,0,0,0,0,0,0,0,0,0,0,0,0,0,0,0,0,0,0,4,5,3,10,4,4,3,3,8,3
323,1,68,69,3,64,64,0,0,0,67,0,211456,211456,8478,8478,0,9775,201681,0,0,0,3304,211456,3108,1657,64,1023,10,15,0,1048576,0,0,0,inf,inf,0.696609497,0.592147827,1,0,10,68,2,0,23,44,4288,288,3237,3237,116,207168,9487,1657,231,510,1023,1023,1023,0,0,1023,1,9,16,11,7,3,6,4,1,3,3,0,1,1,0,0,0,1,0,0,0,0,0,0,0,0,0,0,0,0,0,0,0,0,0,0,0,0,0,0,0,0,0,0,0,0,0,0,0,0,0,0,0,0,0,0,0,0,0,0,0,0,0,0,0,4,5,9,4,4,4,7,4,7,3
324,1,69,69,1,64,64,0,2,0,68,0,178816,178816,6878,6878,0,6922,171894,0,0,0,2794,178816,1882,984,32,1023,10,15,0,1048576,0,0,0,inf,0.718780518,0.734695435,0.305709839,1,0,10,69,2,0,14,54,4352,194,2726,2726,158,174464,6728,984,277,895,1023,1023,1023,0,0,1023,7,13,13,13,8,5,6,1,2,0,0,0,0,0,0,0,0,0,0,0,0,0,0,0,0,0,0,0,0,0,0,0,0,0,0,0,0,0,0,0,0,0,0,0,0,0,0,0,0,0,0,0,0,0,0,0,0,0,0,0,0,0,0,0,0,7,7,7,7,7,7,8,7,6,7
325,1,67,69,3,64,64,0,0,0,66,0,228992,228992,6316,6316,0,7061,221931,0,0,0,3578,228992,1361,1287,32,1023,10,15,0,1048576,0,0,0,inf,inf,1.53106689,1.25408936,1,0,10,67,2,0,1,65,4224,87,3512,3512,25,224768,6974,1287,41,914,1023,1023,1023,0,0,1023,18,25,13,8,1,0,0,0,1,0,0,0,0,0,0,0,0,0,0,0,0,0,0,0,0,0,0,0,0,0,0,0,0,0,0,0,0,0,0,0,0,0,0,0,0,0,0,0,0,0,0,0,0,0,0,0,0,0,0,0,0,0,0,0,0,4,6,4,7,3,4,6,3,7,9
326,1,69,69,2,64,64,0,0,0,68,0,237312,237312,7702,7702,0,12392,224920,0,0,0,3708,237312,4618,3235,32,1023,10,15,0,1048576,0,0,0,inf,inf,0.818939209,0.664794922,1,0,10,69,2,0,22,46,4352,246,3640,3640,511,232960,12146,3235,935,315,1023,1023,1023,3,0,1023,3,7,13,11,12,12,5,2,1,1,0,1,0,0,0,0,0,0,0,0,0,0,0,0,0,0,0,0,0,0,0,0,0,0,0,0,0,0,0,0,0,0,0,0,0,0,0,0,0,0,0,0,0,0,0,0,0,0,0,0,0,0,0,0,0,9,8,8,8,7,10,9,5,6,6
327,1,69,69,2,64,64,0,0,0,68,0,199616,199616,8377,8377,0,9022,190594,0,0,0,3119,199616,1666,1344,32,1023,10,15,0,1048576,0,0,0,inf,inf,1.10018921,0.879241943,1,0,10,69,2,0,5,63,4352,163,3051,3051,119,195264,8859,1344,272,1022,1023,1023,1023,1,0,1023,8,12,19,12,12,2,2,1,0,0,0,0,0,0,0,0,0,0,0,0,0,0,0,0,0,0,0,0,0,0,0,0,0,0,0,0,0,0,0,0,0,0,0,0,0,0,0,0,0,0,0,0,0,0,0,0,0,0,0,0,0,0,0,0,0,5,5,6,5,5,6,4,6,4,6
328,0.800000012,68,69,3,64,64,0,0,0,67,0,244544,244544,4767,4767,0,9974,234570,0,0,0,3821,244544,4007,3579,64,927,10,15,0,1048576,0,0,0,inf,inf,1.48664856,1.33357239,1,0,10,68,2,0,7,60,4288,144,3754,3754,655,240256,9830,3579,1166,143,927,927,927,128,0,927,9,19,18,11,3,4,2,0,0,0,0,0,1,0,0,0,0,0,0,0,0,0,0,0,0,0,0,0,0,0,0,0,0,0,0,0,0,0,0,0,0,0,0,0,0,0,0,0,0,0,0,0,0,0,0,0,0,0,0,0,0,0,0,0,0,6,6,7,7,6,4294967295,4294967295,5,5,11
329,1,69,69,1,64,64,0,1,0,68,0,214656,214656,6221,6221,0,6313,208343,0,0,0,3354,214656,1313,920,96,1023,10,15,0,1048576,0,0,0,inf,1.68278503,1.68278503,1.4513092,1,0,10,69,2,0,6,62,4352,147,3286,3286,39,210304,6166,920,54,1021,1023,1023,1023,0,0,1023,14,13,16,11,8,1,3,2,0,0,0,0,0,0,0,0,0,0,0,0,0,0,0,0,0,0,0,0,0,0,0,0,0,0,0,0,0,0,0,0,0,0,0,0,0,0,0,0,0,0,0,0,0,0,0,0,0,0,0,0,0,0,0,0,0,8,6,6,5,6,6,9,5,7,6
330,1,67,69,3,64,64,0,0,0,66,0,249280,249280,5264,5264,0,7224,242056,0,0,0,3895,249280,2666,2225,64,1023,10,15,0,1048576,0,0,0,inf,inf,1.39575195,1.20925903,1,0,10,67,2,0,7,59,4224,103,3829,3829,13,245056,7121,2225,11,145,1023,1023,1023,0,0,1023,23,18,7,10,1,6,0,1,0,0,0,0,0,0,0,0,0,0,0,0,0,0,0,0,0,0,0,0,0,0,0,0,0,0,0,0,0,0,0,0,0,0,0,0,0,0,0,0,0,0,0,0,0,0,0,0,0,0,0,0,0,0,0,0,0,12,7,42,3,12,5,4,24,8,8
331,1,69,69,2,64,64,0,0,0,68,0,240512,240512,6729,6729,0,7676,232836,0,0,0,3758,240512,1589,1516,32,1023,10,15,0,1048576,0,0,0,inf,inf,1.00498962,0.756011963,1,0,10,69,2,0,1,67,4352,90,3690,3690,1,236160,7586,1516,0,271,1023,1023,1023,0,0,1023,17,28,15,5,2,0,0,0,0,1,0,0,0,0,0,0,0,0,0,0,0,0,0,0,0,0,0,0,0,0,0,0,0,0,0,0,0,0,0,0,0,0,0,0,0,0,0,0,0,0,0,0,0,0,0,0,0,0,0,0,0,0,0,0,0,5,6,9,10,7,5,17,7,6,6
332,1,68,69,3,64,64,0,0,0,67,0,230592,230592,6369,6369,0,7418,223174,0,0,0,3603,230592,2350,1525,64,1023,10,15,0,1048576,0,0,0,inf,inf,0.631744385,0.504348755,1,0,10,68,2,0,13,54,4288,207,3536,3536,24,226304,7211,1525,33,877,1023,1023,1023,0,0,1023,9,16,13,12,4,2,2,2,0,2,1,3,0,0,0,0,1,0,0,0,0,0,0,0,0,0,0,0,0,0,0,0,0,0,0,0,0,0,0,0,0,0,0,0,0,0,0,0,0,0,0,0,0,0,0,0,0,0,0,0,0,0,0,0,0,4,5,5,7,6,4,5,3,5,4
333,1,68,69,3,64,64,0,0,0,67,0,244992,244992,5457,5457,0,12032,232960,0,0,0,3828,244992,5048,3962,64,1023,10,15,0,1048576,0,0,0,inf,inf,1.07455444,0.952972412,1,0,10,68,2,0,18,49,4288,242,3761,3761,758,240704,11790,3962,1674,551,1023,1023,1023,1,0,1023,6,9,11,13,10,6,4,1,1,4,0,0,0,1,1,0,0,0,0,0,0,0,0,0,0,0,0,0,0,0,0,0,0,0,0,0,0,0,0,0,0,0,0,0,0,0,0,0,0,0,0,0,0,0,0,0,0,0,0,0,0,0,0,0,0,7,8,4,5,5,8,7,9,19,5
334,1,68,69,3,64,64,0,0,0,67,0,156032,156032,11116,11116,0,17857,138175,0,0,0,2438,156032,7149,3217,96,1023,10,15,0,1048576,0,0,0,inf,inf,0.748672485,0.615509033,1,0,10,68,2,2,63,2,4288,798,2371,2371,602,151744,17059,3217,2436,1023,1023,1023,1023,256,0,1023,0,0,0,0,2,3,3,4,4,7,10,3,5,7,3,3,3,1,2,2,0,1,0,1,1,0,0,0,2,0,0,0,0,0,0,0,0,0,0,0,0,0,0,0,0,0,0,0,0,0,0,0,0,0,0,0,0,0,0,0,0,0,0,0,0,3,3,4,4,4,9,3,3,7,4
335,1,68,69,3,64,64,0,0,0,67,0,160576,160576,9357,9357,0,11032,149544,0,0,0,2509,160576,4965,2096,96,1023,10,15,0,1048576,0,0,0,inf,inf,1.00930786,0.780532837,1,0,10,68,2,0,45,22,4288,659,2442,2442,183,156288,10373,2096,340,767,1023,1023,1023,273,0,1023,0,2,9,8,3,3,3,1,3,2,1,1,4,5,2,4,4,3,3,0,0,3,2,1,0,0,0,0,0,0,0,0,0,0,0,0,0,0,0,0,0,0,0,0,0,0,0,0,0,0,0,0,0,0,0,0,0,0,0,0,0,0,0,0,0,5,5,4,5,5,5,5,5,6,5
336,1,69,69,2,64,64,0,0,0,68,0,214592,214592,6637,6637,0,7718,206874,0,0,0,3353,214592,2818,1820,64,1023,10,15,0,1048576,0,0,0,inf,inf,1.18295288,0.948120117,1,0,10,69,2,0,16,52,4352,214,3285,3285,30,210240,7504,1820,66,1021,1023,1023,1023,0,0,1023,9,15,14,10,4,4,2,4,3,0,0,0,0,1,2,0,0,0,0,0,0,0,0,0,0,0,0,0,0,0,0,0,0,0,0,0,0,0,0,0,0,0,0,0,0,0,0,0,0,0,0,0,0,0,0,0,0,0,0,0,0,0,0,0,0,6,7,10,9,6,7,7,5,5,5
337,1,67,69,3,64,64,0,0,0,66,0,224128,224128,6919,6919,0,10853,213275,0,0,0,3502,224128,4586,3060,32,1023,10,15,0,1048576,0,0,0,inf,inf,1.21347046,1.05577087,1,0,10,67,2,0,25,41,4224,308,3436,3436,355,219904,10545,3060,746,1019,1023,1023,1023,16,0,1023,2,10,13,10,6,3,5,5,0,3,1,3,3,0,0,1,0,1,0,0,0,0,0,0,0,0,0,0,0,0,0,0,0,0,0,0,0,0,0,0,0,0,0,0,0,0,0,0,0,0,0,0,0,0,0,0,0,0,0,0,0,0,0,0,0,5,3,8,4,12,4,4,8,3,4
338,1,68,69,3,64,64,0,0,0,67,0,184960,184960,8710,8710,0,9301,175659,0,0,0,2890,184960,2928,1528,64,1023,10,15,0,1048576,0,0,0,inf,inf,1.31329346,0.922317505,1,0,10,68,2,0,22,45,4288,238,2823,2823,89,180672,9063,1528,145,1023,1023,1023,1023,640,0,1023,2,9,15,10,9,13,3,2,0,4,0,0,0,0,0,0,0,0,0,0,0,0,0,0,0,0,0,0,0,0,0,0,0,0,0,0,0,0,0,0,0,0,0,0,0,0,0,0,0,0,0,0,0,0,0,0,0,0,0,0,0,0,0,0,0,5,6,6,6,5,6,6,5,7,5
339,1,67,69,3,64,64,0,0,0,66,0,237440,237440,6876,6876,0,10573,226867,0,0,0,3710,237440,4199,3206,32,1023,10,15,0,1048576,0,0,0,inf,inf,0.92338562,0.808364868,1,0,10,67,2,0,16,50,4224,179,3644,3644,279,233216,10394,3206,404,436,1023,1023,1023,528,0,1023,9,12,17,7,5,8,6,1,0,1,0,0,0,0,0,0,0,0,0,0,0,0,0,0,0,0,0,0,0,0,0,0,0,0,0,0,0,0,0,0,0,0,0,0,0,0,0,0,0,0,0,0,0,0,0,0,0,0,0,0,0,0,0,0,0,6,4,5,5,18,6,4,7,7,37
340,1,69,69,1,64,64,0,2,0,68,0,219392,219392,7415,7415,0,7752,211640,0,0,0,3428,219392,1444,1182,96,1023,10,15,0,1048576,0,0,0,inf,1.34934998,1.35029602,1.02598572,1,0,10,69,2,0,4,64,4352,139,3360,3360,4,215040,7613,1182,3,895,1023,1023,1023,0,0,1023,8,23,14,13,6,2,1,0,0,1,0,0,0,0,0,0,0,0,0,0,0,0,0,0,0,0,0,0,0,0,0,0,0,0,0,0,0,0,0,0,0,0,0,0,0,0,0,0,0,0,0,0,0,0,0,0,0,0,0,0,0,0,0,0,0,12,9,11,13,10,11,14,10,11,10
341,1,69,69,2,64,64,0,0,0,68,0,239808,239808,7241,7241,0,11919,227889,0,0,0,3747,239808,4333,3225,96,1023,10,15,0,1048576,0,0,0,inf,inf,0.721878052,0.611343384,1,0,10,69,2,0,18,50,4352,241,3679,3679,455,235456,11678,3225,1113,318,1023,1023,1023,160,0,1023,6,8,8,17,11,4,6,3,2,1,2,0,0,0,0,0,0,0,0,0,0,0,0,0,0,0,0,0,0,0,0,0,0,0,0,0,0,0,0,0,0,0,0,0,0,0,0,0,0,0,0,0,0,0,0,0,0,0,0,0,0,0,0,0,0,11,10,11,10,10,11,11,7,12,12
342,1,68,69,3,64,64,0,0,0,67,0,230144,230144,7948,7948,0,13061,217083,0,0,0,3596,230144,4719,3472,32,1023,10,15,0,1048576,0,0,0,inf,inf,0.907684326,0.784255981,1,0,10,68,2,0,20,47,4288,260,3529,3529,514,225856,12801,3472,1110,557,1023,1023,1023,64,0,1023,3,6,10,14,14,6,6,3,1,2,0,1,1,0,0,0,0,0,0,0,0,0,0,0,0,0,0,0,0,0,0,0,0,0,0,0,0,0,0,0,0,0,0,0,0,0,0,0,0,0,0,0,0,0,0,0,0,0,0,0,0,0,0,0,0,5,3,4,4,4,4,10,6,3,4
343,1,67,69,3,64,64,0,0,0,66,0,222848,222848,7216,7216,0,9537,213311,0,0,0,3482,222848,3459,2347,96,1023,10,15,0,1048576,0,0,0,inf,inf,1.16195679,0.991821289,1,0,10,67,2,1,18,47,4224,297,3416,3416,100,218624,9240,2347,210,84,1023,1023,1023,40,0,1023,12,16,5,7,7,6,1,1,1,0,2,0,1,1,0,1,0,0,0,0,2,0,2,0,0,0,0,1,0,0,0,0,0,0,0,0,0,0,0,0,0,0,0,0,0,0,0,0,0,0,0,0,0,0,0,0,0,0,0,0,0,0,0,0,0,4,7,5,10,5,15,3,10,3,9
344,1,68,69,3,64,64,0,0,0,67,0,170240,170240,9261,9261,0,11853,158387,0,0,0,2660,170240,5634,2470,64,1023,10,15,0,1048576,0,0,0,inf,inf,0.960159302,0.764663696,1,0,10,68,2,2,50,15,4288,667,2593,2593,208,165952,11186,2470,522,1023,1023,1023,1023,864,0,1023,0,3,5,5,2,2,6,4,6,0,6,2,2,5,3,3,4,1,1,3,1,0,0,1,0,0,2,0,0,0,0,0,0,0,0,0,0,0,0,0,0,0,0,0,0,0,0,0,0,0,0,0,0,0,0,0,0,0,0,0,0,0,0,0,0,4,5,5,5,5,4,5,5,4,5
345,1,67,69,3,64,64,0,0,0,66,0,200768,200768,8874,8874,0,14030,186738,0,0,0,3137,200768,6187,3207,96,1023,10,15,0,1048576,0,0,0,inf,inf,0.985076904,0.846343994,1,0,10,67,2,1,48,17,4224,505,3071,3071,423,196544,13525,3207,1353,1007,1023,1023,1023,0,0,1023,0,1,5,7,4,8,7,5,10,3,2,3,4,0,1,1,1,1,0,0,1,0,1,0,0,0,0,0,1,0,0,0,0,0,0,0,0,0,0,0,0,0,0,0,0,0,0,0,0,0,0,0,0,0,0,0,0,0,0,0,0,0,0,0,0,2,2,3,3,6,5,3,3,3,3
346,1,67,69,3,64,64,0,0,0,66,0,202560,202560,7985,7985,0,13100,189460,0,0,0,3165,202560,5640,3136,96,1023,10,15,0,1048576,0,0,0,inf,inf,0.995132446,0.865493774,1,0,10,67,2,1,41,24,4224,483,3099,3099,452,198336,12617,3136,1337,1023,1023,1023,1023,8,0,1023,1,2,7,7,7,5,9,5,4,5,2,1,2,2,1,0,1,0,0,0,1,1,1,0,0,1,0,0,1,0,0,0,0,0,0,0,0,0,0,0,0,0,0,0,0,0,0,0,0,0,0,0,0,0,0,0,0,0,0,0,0,0,0,0,0,7,4,5,6,5,4,14,3,3,5
347,1,67,69,3,64,64,0,0,0,66,0,168256,168256,10938,10938,0,13956,154300,0,0,0,2629,168256,6156,2478,96,1023,10,15,0,1048576,0,0,0,inf,inf,0.612030029,0.500778198,1,0,10,67,2,0,59,7,4224,696,2563,2563,271,164032,13260,2478,688,1023,1023,1023,1023,0,0,1023,0,0,3,1,3,5,3,7,6,4,2,5,3,5,3,4,2,2,3,3,1,0,0,0,1,0,0,0,0,0,0,0,0,0,0,0,0,0,0,0,0,0,0,0,0,0,0,0,0,0,0,0,0,0,0,0,0,0,0,0,0,0,0,0,0,3,2,4,3,3,3,3,3,3,4
348,1,67,69,3,64,64,0,0,0,66,0,249280,249280,5742,5742,0,7679,241601,0,0,0,3895,249280,2690,2125,64,1023,10,15,0,1048576,0,0,0,inf,inf,0.997573853,0.904724121,1,0,10,67,2,0,9,57,4224,124,3829,3829,26,245056,7555,2125,39,33,1023,1023,1023,0,0,1023,15,23,11,6,2,4,2,3,0,0,0,0,0,0,0,0,0,0,0,0,0,0,0,0,0,0,0,0,0,0,0,0,0,0,0,0,0,0,0,0,0,0,0,0,0,0,0,0,0,0,0,0,0,0,0,0,0,0,0,0,0,0,0,0,0,5,6,29,28,8,4,20,17,6,21
349,1,69,69,2,64,64,0,0,0,68,0,235264,235264,7770,7770,0,13357,221907,0,0,0,3676,235264,4515,3581,32,1023,10,15,0,1048576,0,0,0,inf,inf,1.03396606,0.877655029,1,0,10,69,2,0,15,53,4352,240,3608,3608,609,230912,13117,3581,1187,751,1023,1023,1023,0,0,1023,0,16,10,18,9,5,4,2,1,0,0,1,0,0,0,0,2,0,0,0,0,0,0,0,0,0,0,0,0,0,0,0,0,0,0,0,0,0,0,0,0,0,0,0,0,0,0,0,0,0,0,0,0,0,0,0,0,0,0,0,0,0,0,0,0,4,5,7,5,8,11,7,5,13,6
350,1,68,69,3,64,64,0,0,0,67,0,226944,226944,8546,8546,0,10701,216243,0,0,0,3546,226944,2485,2223,32,1023,10,15,0,1048576,0,0,0,inf,inf,0.572784424,0.47215271,1,0,10,68,2,0,4,63,4288,157,3479,3479,177,222656,10544,2223,297,237,1023,1023,1023,321,0,1023,7,10,25,15,6,1,1,0,1,1,0,0,0,0,0,0,0,0,0,0,0,0,0,0,0,0,0,0,0,0,0,0,0,0,0,0,0,0,0,0,0,0,0,0,0,0,0,0,0,0,0,0,0,0,0,0,0,0,0,0,0,0,0,0,0,4,4,6,6,3,6,8,6,11,6
351,1,69,69,1,64,64,0,4,0,68,0,232896,232896,4641,4641,0,17627,215269,0,0,0,3639,232896,6768,4341,32,1023,10,15,0,1048576,0,0,0,inf,0.920166016,0.927459717,0.772140503,1,0,10,69,2,0,40,28,4352,385,3571,3571,1770,228544,17242,4341,5603,1023,1023,1023,1023,320,0,1023,0,2,5,8,13,11,7,5,5,4,3,3,1,0,1,0,0,0,0,0,0,0,0,0,0,0,0,0,0,0,0,0,0,0,0,0,0,0,0,0,0,0,0,0,0,0,0,0,0,0,0,0,0,0,0,0,0,0,0,0,0,0,0,0,0,17,10,21,12,17,11,12,15,10,10
352,1,67,69,3,64,64,0,0,0,66,0,205440,205440,8717,8717,0,10575,194865,0,0,0,3210,205440,3294,2080,32,1023,10,15,0,1048576,0,0,0,inf,inf,0.638717651,0.490188599,1,0,10,67,2,0,19,47,4224,216,3144,3144,166,201216,10359,2080,340,947,1023,1023,1023,23,0,1023,4,11,10,7,15,12,5,2,0,0,0,0,0,0,0,0,0,0,0,0,0,0,0,0,0,0,0,0,0,0,0,0,0,0,0,0,0,0,0,0,0,0,0,0,0,0,0,0,0,0,0,0,0,0,0,0,0,0,0,0,0,0,0,0,0,4,7,5,6,3,6,3,2,3,3
353,1,68,69,3,64,64,0,0,0,67,0,212096,212096,7895,7895,0,16101,195995,0,0,0,3314,212096,6244,3826,32,1023,10,15,0,1048576,0,0,0,inf,inf,1.35623169,1.09912109,1,0,10,68,2,0,39,28,4288,360,3247,3247,872,207808,15741,3826,2667,983,1023,1023,1023,48,0,1023,1,3,6,9,9,12,8,4,5,4,0,5,0,0,0,1,0,0,0,0,0,0,0,0,0,0,0,0,0,0,0,0,0,0,0,0,0,0,0,0,0,0,0,0,0,0,0,0,0,0,0,0,0,0,0,0,0,0,0,0,0,0,0,0,0,6,4,4,4,5,7,5,5,7,10
354,1,68,69,3,64,64,0,0,0,67,0,211456,211456,7374,7374,0,13088,198368,0,0,0,3304,211456,5107,3541,64,1023,10,15,0,1048576,0,0,0,inf,inf,0.89012146,0.674057007,1,0,10,68,2,0,25,42,4288,268,3237,3237,674,207168,12820,3541,1555,983,1023,1023,1023,520,0,1023,3,7,13,11,8,8,4,5,5,2,0,0,0,1,0,0,0,0,0,0,0,0,0,0,0,0,0,0,0,0,0,0,0,0,0,0,0,0,0,0,0,0,0,0,0,0,0,0,0,0,0,0,0,0,0,0,0,0,0,0,0,0,0,0,0,4,7,4,8,8,5,8,5,4,8
355,1,69,69,1,64,64,0,1,0,68,0,239872,239872,5254,5254,0,14636,225236,0,0,0,3748,239872,5626,4110,32,1023,10,15,0,1048576,0,0,0,inf,0.704803467,0.704803467,0.612564087,1,0,10,69,2,0,25,43,4352,269,3680,3680,1303,235520,14367,4110,3264,1020,1023,1023,1023,0,0,1023,5,4,13,10,11,5,7,7,5,1,0,0,0,0,0,0,0,0,0,0,0,0,0,0,0,0,0,0,0,0,0,0,0,0,0,0,0,0,0,0,0,0,0,0,0,0,0,0,0,0,0,0,0,0,0,0,0,0,0,0,0,0,0,0,0,13,13,32,8,12,9,9,10,9,10
356,1,69,69,1,64,64,0,2,0,68,0,148352,148352,8760,8760,0,10997,137355,0,0,0,2318,148352,6052,2000,32,1023,10,15,0,1048576,0,0,0,inf,1.00561523,1.00561523,0.693710327,1,0,10,69,2,1,64,3,4352,898,2250,2250,285,144000,10099,2000,992,1023,1023,1023,1023,0,0,1023,0,0,2,0,1,1,3,3,3,6,5,3,4,5,2,7,3,4,4,4,4,0,2,0,0,1,1,0,0,0,0,0,0,0,0,0,0,0,0,0,0,0,0,0,0,0,0,0,0,0,0,0,0,0,0,0,0,0,0,0,0,0,0,0,0,8,7,8,7,8,8,8,8,8,9
357,1,69,69,1,64,64,0,1,0,68,0,71616,71616,4988,4988,0,10085,61531,0,0,0,1119,71616,3587,1980,64,1023,10,15,0,1048576,0,0,0,inf,0.576477051,0.576477051,0.488632202,1,0,10,69,2,41,27,0,4352,1839,1051,1051,419,67264,8246,1980,1728,1023,1023,1023,1023,160,0,1023,0,0,0,0,0,2,1,0,0,0,0,0,2,0,0,0,1,1,1,2,3,3,2,3,3,3,4,4,3,3,5,0,1,3,4,4,3,3,0,0,2,0,0,1,0,1,0,0,0,0,0,0,0,0,0,0,0,0,0,0,0,0,0,0,0,5,5,5,5,6,6,8,6,6,16
358,1,68,69,3,64,64,0,0,0,67,0,189184,189184,7378,7378,0,14245,174939,0,0,0,2956,189184,6305,3617,32,1023,10,15,0,1048576,0,0,0,inf,inf,1.13444519,0.906799316,1,0,10,68,2,0,43,24,4288,364,2889,2889,814,184896,13881,3617,2601,511,1023,1023,1023,46,0,1023,0,0,4,9,11,14,9,10,5,2,2,0,0,1,0,0,0,0,0,0,0,0,0,0,0,0,0,0,0,0,0,0,0,0,0,0,0,0,0,0,0,0,0,0,0,0,0,0,0,0,0,0,0,0,0,0,0,0,0,0,0,0,0,0,0,4,5,5,6,4,14,7,4,4,4
359,1,66,69,3,64,64,0,0,0,65,0,205568,205568,9058,9058,0,12862,192706,0,0,0,3212,205568,5055,2920,32,1023,10,15,0,1048576,0,0,0,inf,inf,0.58114624,0.469833374,1,0,10,66,2,0,34,31,4160,335,3147,3147,327,201408,12527,2920,751,1023,1023,1023,1023,256,0,1023,0,3,7,9,12,8,10,5,2,4,2,1,1,1,0,0,0,0,0,0,0,0,0,0,0,0,0,0,0,0,0,0,0,0,0,0,0,0,0,0,0,0,0,0,0,0,0,0,0,0,0,0,0,0,0,0,0,0,0,0,0,0,0,0,0,3,2,2,2,1,2,1,3,4,3
360,1,69,69,2,64,64,0,0,0,68,0,239488,239488,6632,6632,0,11471,228017,0,0,0,3742,239488,4446,3276,64,1023,10,15,0,1048576,0,0,0,inf,inf,1.49319458,1.32737732,1,0,10,69,2,0,19,49,4352,226,3674,3674,496,235136,11245,3276,1160,458,1023,1023,1023,530,0,1023,4,14,7,13,11,9,3,5,1,1,0,0,0,0,0,0,0,0,0,0,0,0,0,0,0,0,0,0,0,0,0,0,0,0,0,0,0,0,0,0,0,0,0,0,0,0,0,0,0,0,0,0,0,0,0,0,0,0,0,0,0,0,0,0,0,6,16,4,10,11,17,6,4,4,16
361,1,68,69,3,64,64,0,0,0,67,0,95936,95936,6312,6312,0,17754,78182,0,0,0,1499,95936,4825,2569,32,1023,10,15,0,1048576,0,0,0,inf,inf,0.729751587,0.606887817,1,0,10,68,2,29,38,0,4288,1507,1432,1432,820,91648,16247,2569,5552,1023,1023,1023,1023,321,0,1023,0,0,0,0,0,0,0,1,3,0,2,2,1,2,1,2,3,2,6,6,2,0,1,0,4,0,3,5,2,2,3,2,5,0,3,1,0,0,3,0,0,0,0,0,0,0,0,0,0,0,0,0,0,0,0,0,0,0,0,0,0,0,0,0,0,6,4,6,5,6,8,12,5,13,5
362,1,67,69,3,64,64,0,0,0,66,0,221312,221312,8336,8336,0,10615,210697,0,0,0,3458,221312,3165,2399,32,1023,10,15,0,1048576,0,0,0,inf,inf,1.57067871,1.26184082,1,0,10,67,2,0,12,54,4224,173,3392,3392,139,217088,10442,2399,297,628,1023,1023,1023,516,0,1023,4,16,16,14,4,6,5,1,0,0,0,0,0,0,0,0,0,0,0,0,0,0,0,0,0,0,0,0,0,0,0,0,0,0,0,0,0,0,0,0,0,0,0,0,0,0,0,0,0,0,0,0,0,0,0,0,0,0,0,0,0,0,0,0,0,4,4,5,5,5,4,4,6,5,7
363,1,68,69,3,64,64,0,0,0,67,0,211776,211776,6856,6856,0,20623,191153,0,0,0,3309,211776,7105,4243,32,1023,10,15,0,1048576,0,0,0,inf,inf,0.77973938,0.688980103,1,0,10,68,2,0,48,19,4288,553,3242,3242,1459,207488,20070,4243,5978,639,1023,1023,1023,417,0,1023,1,1,5,4,8,3,2,6,6,5,3,6,7,2,1,2,1,2,2,0,0,0,0,0,0,0,0,0,0,0,0,0,0,0,0,0,0,0,0,0,0,0,0,0,0,0,0,0,0,0,0,0,0,0,0,0,0,0,0,0,0,0,0,0,0,6,6,6,5,7,10,6,6,38,6
364,1,67,69,3,64,64,0,0,0,66,0,219008,219008,7346,7346,0,16227,202781,0,0,0,3422,219008,5949,3908,32,1023,10,15,0,1048576,0,0,0,inf,inf,1.22427368,1.03076172,1,0,10,67,2,0,33,33,4224,326,3356,3356,1002,214784,15901,3908,3065,1005,1023,1023,1023,129,0,1023,1,5,8,11,8,11,7,3,2,6,1,1,1,0,0,0,0,0,0,1,0,0,0,0,0,0,0,0,0,0,0,0,0,0,0,0,0,0,0,0,0,0,0,0,0,0,0,0,0,0,0,0,0,0,0,0,0,0,0,0,0,0,0,0,0,4,3,3,6,3,3,5,5,5,6
365,1,69,69,1,64,64,0,2,0,68,0,223296,223296,8347,8347,0,10022,213274,0,0,0,3489,223296,2168,1541,32,1023,10,15,0,1048576,0,0,0,inf,1.29919434,1.30201721,0.989135742,1,0,10,69,2,0,10,58,4352,173,3421,3421,211,218944,9849,1541,564,240,1023,1023,1023,0,0,1023,12,14,12,6,14,5,3,1,0,0,0,1,0,0,0,0,0,0,0,0,0,0,0,0,0,0,0,0,0,0,0,0,0,0,0,0,0,0,0,0,0,0,0,0,0,0,0,0,0,0,0,0,0,0,0,0,0,0,0,0,0,0,0,0,0,8,7,8,8,9,9,9,13,8,8
366,1,69,69,1,64,64,0,1,0,68,0,175744,175744,9867,9867,0,17403,158341,0,0,0,2746,175744,7381,3533,32,1023,10,15,0,1048576,0,0,0,inf,0.736557007,0.736557007,0.598754883,1,0,10,69,2,1,62,5,4352,703,2678,2678,710,171392,16700,3533,3008,1023,1023,1023,1023,256,0,1023,0,0,0,2,3,5,4,9,2,8,4,4,9,2,7,2,1,2,0,1,0,1,0,1,0,0,1,0,0,0,0,0,0,0,0,0,0,0,0,0,0,0,0,0,0,0,0,0,0,0,0,0,0,0,0,0,0,0,0,0,0,0,0,0,0,5,6,6,6,5,5,6,6,7,8
367,1,67,69,3,64,64,0,0,0,66,0,226368,226368,5039,5039,0,14242,212126,0,0,0,3537,226368,6664,4168,64,1023,10,15,0,1048576,0,0,0,inf,inf,1.10484314,0.888778687,1,0,10,67,2,0,41,25,4224,454,3471,3471,1227,222144,13788,4168,3041,895,1023,1023,1023,0,0,1023,1,5,3,12,4,10,4,6,2,3,1,3,3,0,2,2,1,0,1,2,0,0,0,1,0,0,0,0,0,0,0,0,0,0,0,0,0,0,0,0,0,0,0,0,0,0,0,0,0,0,0,0,0,0,0,0,0,0,0,0,0,0,0,0,0,8,3,4,3,3,4,7,4,6,10
368,1,67,69,3,64,64,0,0,0,66,0,180096,180096,8278,8278,0,10114,169982,0,0,0,2814,180096,3969,2006,32,1023,10,15,0,1048576,0,0,0,inf,inf,1.48329163,1.14070129,1,0,10,67,2,1,31,34,4224,453,2748,2748,226,175872,9661,2006,391,1023,1023,1023,1023,48,0,1023,3,4,10,10,7,6,6,1,1,2,0,1,1,1,2,0,3,1,3,1,1,0,0,1,0,0,0,1,0,0,0,0,0,0,0,0,0,0,0,0,0,0,0,0,0,0,0,0,0,0,0,0,0,0,0,0,0,0,0,0,0,0,0,0,0,4,3,5,2,6,6,5,3,5,3
369,0.899999976,67,69,3,64,64,0,0,0,66,0,248960,248960,4187,4187,0,10953,238007,0,0,0,3890,248960,4807,3945,32,1023,10,15,0,1048576,0,0,0,inf,inf,0.988128662,0.874191284,1,0,10,67,2,0,14,52,4224,196,3824,3824,930,244736,10757,3945,1661,928,1023,959,959,576,0,959,10,15,11,9,7,4,3,1,1,2,2,0,0,1,0,0,0,0,0,0,0,0,0,0,0,0,0,0,0,0,0,0,0,0,0,0,0,0,0,0,0,0,0,0,0,0,0,0,0,0,0,0,0,0,0,0,0,0,0,0,0,0,0,0,0,30,17,23,16,16,6,4294967295,21,25,25
370,1,68,69,3,64,64,0,0,0,67,0,194304,194304,10150,10150,0,21069,173235,0,0,0,3036,194304,7635,3816,32,1023,10,15,0,1048576,0,0,0,inf,inf,0.720077515,0.62210083,1,0,10,68,2,0,62,5,4288,659,2969,2969,1063,190016,20410,3816,4691,1007,1023,1023,1023,964,0,1023,0,1,0,1,3,4,8,1,10,4,7,13,4,3,1,1,0,1,0,2,0,1,0,1,1,0,0,0,0,0,0,0,0,0,0,0,0,0,0,0,0,0,0,0,0,0,0,0,0,0,0,0,0,0,0,0,0,0,0,0,0,0,0,0,0,3,5,9,11,6,5,5,7,11,8
371,1,67,69,3,64,64,0,0,0,66,0,206208,206208,8768,8768,0,16726,189482,0,0,0,3222,206208,6355,3503,32,1023,10,15,0,1048576,0,0,0,inf,inf,1.01760864,0.887649536,1,0,10,67,2,0,46,20,4224,378,3156,3156,916,201984,16348,3503,3076,1019,1023,1023,1023,512,0,1023,0,0,3,7,10,10,10,15,5,4,2,0,0,0,0,0,0,0,0,0,0,0,0,0,0,0,0,0,0,0,0,0,0,0,0,0,0,0,0,0,0,0,0,0,0,0,0,0,0,0,0,0,0,0,0,0,0,0,0,0,0,0,0,0,0,3,4,4,4,2,2,3,9,16,16
372,1,68,69,3,64,64,0,0,0,67,0,239872,239872,4944,4944,0,15107,224765,0,0,0,3748,239872,6005,4119,32,1023,10,15,0,1048576,0,0,0,inf,inf,1.15127563,1.03199768,1,0,10,68,2,0,31,36,4288,313,3681,3681,1489,235584,14794,4119,3634,862,1023,1023,1023,832,0,1023,0,1,7,14,14,9,10,6,4,0,1,1,0,0,0,0,0,0,0,0,0,0,0,0,0,0,0,0,0,0,0,0,0,0,0,0,0,0,0,0,0,0,0,0,0,0,0,0,0,0,0,0,0,0,0,0,0,0,0,0,0,0,0,0,0,7,5,7,15,6,22,14,7,14,14
373,1,67,69,3,64,64,0,0,0,66,0,59520,59520,4531,4531,0,13821,45699,0,0,0,930,59520,3437,2067,32,1023,10,15,0,1048576,0,0,0,inf,inf,0.535644531,0.439605713,1,0,10,67,2,43,23,0,4224,1858,864,864,570,55296,11963,2067,3712,1023,1023,1023,1023,0,0,1023,0,0,0,0,0,0,0,1,0,0,0,0,0,1,2,0,2,0,3,2,0,2,2,2,2,4,1,4,5,4,5,1,5,2,0,4,3,0,2,2,2,1,0,2,0,0,0,0,0,0,0,0,0,0,0,0,0,0,0,0,0,0,0,0,0,3,4,2,2,5,4,4,2,8,2
374,1,68,69,3,64,64,0,0,0,67,0,222848,222848,6424,6424,0,16546,206302,0,0,0,3482,222848,6649,3967,32,1023,10,15,0,1048576,0,0,0,inf,inf,0.928894043,0.79397583,1,0,10,68,2,0,44,23,4288,394,3415,3415,1281,218560,16152,3967,4080,1019,1023,1023,1023,519,0,1023,1,2,4,7,9,9,11,5,6,8,2,1,1,0,0,0,0,0,1,0,0,0,0,0,0,0,0,0,0,0,0,0,0,0,0,0,0,0,0,0,0,0,0,0,0,0,0,0,0,0,0,0,0,0,0,0,0,0,0,0,0,0,0,0,0,7,9,10,6,8,6,8,8,5,10
375,1,69,69,2,64,64,0,0,0,68,0,239808,239808,6902,6902,0,11853,227955,0,0,0,3747,239808,3994,3356,64,1023,10,15,0,1048576,0,0,0,inf,inf,1.01745605,0.817886353,1,0,10,69,2,0,10,58,4352,205,3679,3679,572,235456,11648,3356,1040,509,1023,1023,1023,160,0,1023,2,12,14,14,16,6,3,0,0,0,0,1,0,0,0,0,0,0,0,0,0,0,0,0,0,0,0,0,0,0,0,0,0,0,0,0,0,0,0,0,0,0,0,0,0,0,0,0,0,0,0,0,0,0,0,0,0,0,0,0,0,0,0,0,0,8,7,6,6,8,15,6,16,5,14
376,1,68,69,3,64,64,0,0,0,67,0,248896,248896,3964,3964,0,15888,233008,0,0,0,3889,248896,6116,4264,32,1023,10,15,0,1048576,0,0,0,inf,inf,0.885604858,0.774291992,1,0,10,68,2,0,31,36,4288,287,3822,3822,1608,244608,15601,4264,4918,136,1023,1023,1023,64,0,1023,5,7,9,9,6,9,3,9,7,2,0,1,0,0,0,0,0,0,0,0,0,0,0,0,0,0,0,0,0,0,0,0,0,0,0,0,0,0,0,0,0,0,0,0,0,0,0,0,0,0,0,0,0,0,0,0,0,0,0,0,0,0,0,0,0,10,5,3,5,8,9,27,7,21,19
377,1,67,69,3,64,64,0,0,0,66,0,196864,196864,7354,7354,0,10233,186631,0,0,0,3076,196864,3301,2426,32,1023,10,15,0,1048576,0,0,0,inf,inf,1.1602478,0.602752686,1,0,10,67,2,0,14,52,4224,219,3010,3010,358,192640,10014,2426,749,1023,1023,1023,1023,700,0,1023,0,12,12,15,13,5,5,2,1,1,0,0,0,0,0,0,0,0,0,0,0,0,0,0,0,0,0,0,0,0,0,0,0,0,0,0,0,0,0,0,0,0,0,0,0,0,0,0,0,0,0,0,0,0,0,0,0,0,0,0,0,0,0,0,0,3,3,5,5,5,5,3,5,5,5
378,1,68,69,3,64,64,0,0,0,67,0,232832,232832,6051,6051,0,15010,217822,0,0,0,3638,232832,5951,4064,32,1023,10,15,0,1048576,0,0,0,inf,inf,0.627258301,0.543838501,1,0,10,68,2,0,31,36,4288,326,3571,3571,1167,228544,14684,4064,3113,1007,1023,1023,1023,387,0,1023,2,2,5,13,14,8,7,5,3,5,1,1,1,0,0,0,0,0,0,0,0,0,0,0,0,0,0,0,0,0,0,0,0,0,0,0,0,0,0,0,0,0,0,0,0,0,0,0,0,0,0,0,0,0,0,0,0,0,0,0,0,0,0,0,0,17,12,5,4,19,7,6,9,5,9
379,1,66,69,3,64,64,0,0,0,65,0,179776,179776,9944,9944,0,26758,153018,0,0,0,2809,179776,7994,4045,32,1023,10,15,0,1048576,0,0,0,inf,inf,0.765838623,0.63571167,1,0,10,66,2,0,65,0,4160,685,2744,2744,1348,175616,26073,4045,8232,511,1023,1023,1023,384,0,1023,0,0,0,0,0,3,8,7,2,6,8,8,6,4,4,2,2,0,3,1,1,0,0,0,0,0,0,0,0,0,0,0,0,0,0,0,0,0,0,0,0,0,0,0,0,0,0,0,0,0,0,0,0,0,0,0,0,0,0,0,0,0,0,0,0,2,3,3,3,3,2,2,10,10,2
380,1,68,69,3,64,64,0,0,0,67,0,234432,234432,6604,6604,0,9665,224767,0,0,0,3663,234432,3786,2963,32,1023,10,15,0,1048576,0,0,0,inf,inf,1.00502014,0.84413147,1,0,10,68,2,0,13,54,4288,194,3596,3596,192,230144,9471,2963,277,943,1023,1023,1023,70,0,1023,3,16,9,15,11,9,2,2,0,0,0,0,0,0,0,0,0,0,0,0,0,0,0,0,0,0,0,0,0,0,0,0,0,0,0,0,0,0,0,0,0,0,0,0,0,0,0,0,0,0,0,0,0,0,0,0,0,0,0,0,0,0,0,0,0,6,7,7,5,5,7,11,6,5,7
381,1,67,69,3,64,64,0,0,0,66,0,208960,208960,9223,9223,0,15826,193134,0,0,0,3265,208960,5442,3078,32,1023,10,15,0,1048576,0,0,0,inf,inf,1.08418274,0.962615967,1,0,10,67,2,0,38,28,4224,389,3199,3199,736,204736,15437,3078,2253,475,1023,1023,1023,132,0,1023,3,0,8,7,10,3,9,6,5,4,1,8,1,0,0,1,0,0,0,0,0,0,0,0,0,0,0,0,0,0,0,0,0,0,0,0,0,0,0,0,0,0,0,0,0,0,0,0,0,0,0,0,0,0,0,0,0,0,0,0,0,0,0,0,0,3,4,4,17,3,23,4,4,24,4
382,1,67,69,3,64,64,0,0,0,66,0,232832,232832,4455,4455,0,15646,217186,0,0,0,3638,232832,6343,4104,32,1023,10,15,0,1048576,0,0,0,inf,inf,1.29940796,1.16308594,1,0,10,67,2,0,37,29,4224,315,3572,3572,1622,228608,15331,4104,4498,663,1023,1023,1023,147,0,1023,1,1,7,10,10,16,8,4,7,2,0,0,0,0,0,0,0,0,0,0,0,0,0,0,0,0,0,0,0,0,0,0,0,0,0,0,0,0,0,0,0,0,0,0,0,0,0,0,0,0,0,0,0,0,0,0,0,0,0,0,0,0,0,0,0,49,49,18,3,25,22,4,46,29,5
383,1,68,69,3,64,64,0,0,0,67,0,196864,196864,10115,10115,0,12728,184136,0,0,0,3076,196864,5009,2566,32,1023,10,15,0,1048576,0,0,0,inf,inf,0.870727539,0.718383789,1,0,10,68,2,0,39,28,4288,386,3009,3009,217,192576,12342,2566,561,1023,1023,1023,1023,0,0,1023,2,2,8,8,8,6,4,7,7,5,4,4,2,0,0,0,0,0,0,0,0,0,0,0,0,0,0,0,0,0,0,0,0,0,0,0,0,0,0,0,0,0,0,0,0,0,0,0,0,0,0,0,0,0,0,0,0,0,0,0,0,0,0,0,0,5,5,5,4,5,5,3,4,4,5
384,1,67,69,3,64,64,0,0,0,66,0,228096,228096,6495,6495,0,12313,215783,0,0,0,3564,228096,5202,3591,32,1023,10,15,0,1048576,0,0,0,inf,inf,0.866622925,0.771728516,1,0,10,67,2,0,26,40,4224,264,3498,3498,629,223872,12049,3591,1478,859,1023,1023,1023,0,0,1023,0,9,8,15,8,7,11,3,5,0,0,0,0,0,0,0,0,0,0,0,0,0,0,0,0,0,0,0,0,0,0,0,0,0,0,0,0,0,0,0,0,0,0,0,0,0,0,0,0,0,0,0,0,0,0,0,0,0,0,0,0,0,0,0,0,5,3,13,4,5,5,4,5,4,4
385,1,66,69,3,64,64,0,0,0,65,0,232384,232384,3467,3467,0,16021,216363,0,0,0,3631,232384,6303,4160,32,1023,10,15,0,1048576,0,0,0,inf,inf,1.08662415,0.97227478,1,0,10,66,2,0,36,29,4160,334,3566,3566,1820,228224,15687,4160,5468,63,1023,1023,1023,128,0,1023,1,4,4,12,8,7,11,6,6,2,0,3,1,0,0,0,0,0,0,0,0,0,0,0,0,0,0,0,0,0,0,0,0,0,0,0,0,0,0,0,0,0,0,0,0,0,0,0,0,0,0,0,0,0,0,0,0,0,0,0,0,0,0,0,0,4,1,5,1,1,3,3,22,1,7
386,1,67,69,3,64,64,0,0,0,66,0,140544,140544,9917,9917,0,11736,128808,0,0,0,2196,140544,5128,1914,32,1023,10,15,0,1048576,0,0,0,inf,inf,1.14715576,0.659347534,1,0,10,67,2,0,51,15,4224,587,2130,2130,210,136320,11149,1914,864,1023,1023,1023,1023,0,0,1023,0,1,4,3,7,3,2,8,6,3,3,11,3,3,2,1,2,1,0,0,0,1,2,0,0,0,0,0,0,0,0,0,0,0,0,0,0,0,0,0,0,0,0,0,0,0,0,0,0,0,0,0,0,0,0,0,0,0,0,0,0,0,0,0,0,3,3,3,3,3,3,3,3,3,3
387,1,67,69,3,64,64,0,0,0,66,0,229824,229824,5406,5406,0,15022,214802,0,0,0,3591,229824,5726,3892,32,1023,10,15,0,1048576,0,0,0,inf,inf,1.17370605,1.0349884,1,0,10,67,2,0,30,36,4224,295,3525,3525,1298,225600,14727,3892,3647,754,1023,1023,1023,16,0,1023,0,4,9,11,12,12,7,3,3,5,0,0,0,0,0,0,0,0,0,0,0,0,0,0,0,0,0,0,0,0,0,0,0,0,0,0,0,0,0,0,0,0,0,0,0,0,0,0,0,0,0,0,0,0,0,0,0,0,0,0,0,0,0,0,0,4,14,4,6,12,8,4,14,16,15
388,1,68,69,3,64,64,0,0,0,67,0,201856,201856,6378,6378,0,25675,176181,0,0,0,3154,201856,8151,4288,32,1023,10,15,0,1048576,0,0,0,inf,inf,1.03933716,0.919555664,1,0,10,68,2,0,66,1,4288,809,3087,3087,1893,197568,24866,4288,9355,895,1023,1023,1023,912,0,1023,0,0,1,0,0,2,1,6,7,6,3,8,6,1,5,4,4,3,4,3,1,2,0,0,0,0,0,0,0,0,0,0,0,0,0,0,0,0,0,0,0,0,0,0,0,0,0,0,0,0,0,0,0,0,0,0,0,0,0,0,0,0,0,0,0,6,5,22,4,21,4,6,15,9,15
389,1,69,69,2,64,64,0,0,0,68,0,220800,220800,8377,8377,0,11176,209624,0,0,0,3450,220800,3608,2655,32,1023,10,15,0,1048576,0,0,0,inf,inf,1.03024292,0.838165283,1,0,10,69,2,0,15,53,4352,204,3382,3382,251,216448,10972,2655,494,1003,1023,1023,1023,512,0,1023,5,13,14,6,15,6,8,1,0,0,0,0,0,0,0,0,0,0,0,0,0,0,0,0,0,0,0,0,0,0,0,0,0,0,0,0,0,0,0,0,0,0,0,0,0,0,0,0,0,0,0,0,0,0,0,0,0,0,0,0,0,0,0,0,0,4,4,5,5,7,5,5,5,7,6
390,1,69,69,2,64,64,0,0,0,68,0,233856,233856,7710,7710,0,12288,221568,0,0,0,3654,233856,4457,3220,32,1023,10,15,0,1048576,0,0,0,inf,inf,0.863754272,0.726577759,1,0,10,69,2,0,20,48,4352,236,3586,3586,427,229504,12052,3220,1045,795,1023,1023,1023,78,0,1023,4,11,16,11,6,6,5,4,1,0,4,0,0,0,0,0,0,0,0,0,0,0,0,0,0,0,0,0,0,0,0,0,0,0,0,0,0,0,0,0,0,0,0,0,0,0,0,0,0,0,0,0,0,0,0,0,0,0,0,0,0,0,0,0,0,5,8,6,9,4,7,16,5,5,8
391,1,69,69,2,64,64,0,0,0,68,0,232512,232512,7265,7265,0,14046,218466,0,0,0,3633,232512,5805,3674,32,1023,10,15,0,1048576,0,0,0,inf,inf,1.21821594,1.04914856,1,0,10,69,2,0,35,33,4352,333,3565,3565,801,228160,13713,3674,2014,732,1023,1023,1023,0,0,1023,4,2,6,12,9,13,5,6,4,1,3,1,0,1,0,1,0,0,0,0,0,0,0,0,0,0,0,0,0,0,0,0,0,0,0,0,0,0,0,0,0,0,0,0,0,0,0,0,0,0,0,0,0,0,0,0,0,0,0,0,0,0,0,0,0,4,5,7,8,5,7,8,9,6,8
392,1,67,69,3,64,64,0,0,0,66,0,245504,245504,6018,6018,0,11419,234085,0,0,0,3836,245504,3974,3530,64,1023,10,15,0,1048576,0,0,0,inf,inf,0.929122925,0.820449829,1,0,10,67,2,0,7,59,4224,174,3770,3770,627,241280,11245,3530,1113,402,1023,1023,1023,644,0,1023,8,6,18,16,11,2,5,0,0,0,0,0,0,0,0,0,0,0,0,0,0,0,0,0,0,0,0,0,0,0,0,0,0,0,0,0,0,0,0,0,0,0,0,0,0,0,0,0,0,0,0,0,0,0,0,0,0,0,0,0,0,0,0,0,0,4,3,8,4,4,10,6,5,10,49
393,1,69,69,1,64,64,0,2,0,68,0,204800,204800,6602,6602,0,21966,182834,0,0,0,3200,204800,7695,4234,32,1023,10,15,0,1048576,0,0,0,inf,1.03213501,1.03288269,0.87727356,1,0,10,69,2,0,57,11,4352,577,3132,3132,1625,200448,21389,4234,7500,639,1023,1023,1023,0,0,1023,1,0,0,4,6,5,6,7,7,10,5,5,1,4,2,1,1,1,1,0,0,0,1,0,0,0,0,0,0,0,0,0,0,0,0,0,0,0,0,0,0,0,0,0,0,0,0,0,0,0,0,0,0,0,0,0,0,0,0,0,0,0,0,0,0,7,6,8,8,6,7,8,7,15,6
394,1,68,69,3,64,64,0,0,0,67,0,217536,217536,6367,6367,0,17820,199716,0,0,0,3399,217536,6732,4115,32,1023,10,15,0,1048576,0,0,0,inf,inf,0.961013794,0.778244019,1,0,10,68,2,0,43,24,4288,422,3332,3332,1333,213248,17398,4115,4872,1023,1023,1023,1023,4,0,1023,1,3,1,5,14,9,6,5,7,4,3,5,1,1,2,0,0,0,0,0,0,0,0,0,0,0,0,0,0,0,0,0,0,0,0,0,0,0,0,0,0,0,0,0,0,0,0,0,0,0,0,0,0,0,0,0,0,0,0,0,0,0,0,0,0,5,7,8,5,6,5,6,6,6,5
395,1,67,69,3,64,64,0,0,0,66,0,175424,175424,6814,6814,0,16245,159179,0,0,0,2741,175424,6492,3542,32,1023,10,15,0,1048576,0,0,0,inf,inf,1.05178833,0.92364502,1,0,10,67,2,8,49,9,4224,961,2675,2675,1069,171200,15284,3542,3867,1023,1023,1023,1023,32,0,1023,0,2,2,3,2,3,0,6,4,1,1,4,3,5,1,0,1,2,4,1,4,3,2,2,0,2,1,2,1,0,0,0,0,2,0,1,0,0,1,0,0,0,0,0,0,0,0,0,0,0,0,0,0,0,0,0,0,0,0,0,0,0,0,0,0,3,3,4,3,3,5,5,3,3,3
396,1,68,69,3,64,64,0,0,0,67,0,166528,166528,11908,11908,0,19188,147340,0,0,0,2602,166528,7468,3497,32,1023,10,15,0,1048576,0,0,0,inf,inf,1.09916687,0.961303711,1,0,10,68,2,0,64,3,4288,704,2535,2535,625,162240,18484,3497,2614,1023,1023,1023,1023,1,0,1023,0,0,0,2,1,5,4,3,12,7,1,5,7,6,5,1,1,1,2,0,2,0,2,0,0,0,0,0,0,0,0,0,0,0,0,0,0,0,0,0,0,0,0,0,0,0,0,0,0,0,0,0,0,0,0,0,0,0,0,0,0,0,0,0,0,8,8,3,3,4,3,3,3,3,9
397,1,68,69,3,64,64,0,0,0,67,0,210368,210368,9565,9565,0,14779,195589,0,0,0,3287,210368,4966,3015,32,1023,10,15,0,1048576,0,0,0,inf,inf,0.957748413,0.78944397,1,0,10,68,2,0,31,36,4288,332,3220,3220,566,206080,14447,3015,1665,1020,1023,1023,1023,899,0,1023,1,2,12,9,12,6,6,3,9,3,1,1,2,0,0,0,0,0,0,0,0,0,0,0,0,0,0,0,0,0,0,0,0,0,0,0,0,0,0,0,0,0,0,0,0,0,0,0,0,0,0,0,0,0,0,0,0,0,0,0,0,0,0,0,0,7,13,4,4,7,4,7,10,9,7
398,1,67,69,3,64,64,0,0,0,66,0,182912,182912,11963,11963,0,18995,163917,0,0,0,2858,182912,6634,3266,32,1023,10,15,0,1048576,0,0,0,inf,inf,0.633422852,0.511047363,1,0,10,67,2,0,54,12,4224,488,2792,2792,628,178688,18507,3266,2684,511,1023,1023,1023,574,0,1023,0,1,3,5,3,9,7,14,5,3,2,1,4,5,3,0,1,0,0,0,0,0,0,0,0,0,0,0,0,0,0,0,0,0,0,0,0,0,0,0,0,0,0,0,0,0,0,0,0,0,0,0,0,0,0,0,0,0,0,0,0,0,0,0,0,3,6,7,7,4,5,2,3,4,7
399,1,66,69,3,64,64,0,0,0,65,0,232640,232640,6636,6636,0,11826,220814,0,0,0,3635,232640,3846,3164,32,1023,10,15,0,1048576,0,0,0,inf,inf,0.741882324,0.623077393,1,0,10,66,2,0,11,54,4160,207,3570,3570,590,228480,11619,3164,1234,559,1023,1023,1023,61,0,1023,3,9,16,12,14,4,4,1,0,0,1,0,0,1,0,0,0,0,0,0,0,0,0,0,0,0,0,0,0,0,0,0,0,0,0,0,0,0,0,0,0,0,0,0,0,0,0,0,0,0,0,0,0,0,0,0,0,0,0,0,0,0,0,0,0,4,8,4,5,5,10,9,10,5,8
400,1,66,69,3,64,64,0,0,0,65,0,198656,198656,7750,7750,0,20181,178475,0,0,0,3104,198656,7274,4068,32,1023,10,15,0,1048576,0,0,0,inf,inf,0.913162231,0.768463135,1,0,10,66,2,0,52,13,4160,410,3039,3039,1317,194496,19771,4068,5021,511,1023,1023,1023,72,0,1023,0,0,3,3,7,8,15,13,6,5,2,3,0,0,0,0,0,0,0,0,0,0,0,0,0,0,0,0,0,0,0,0,0,0,0,0,0,0,0,0,0,0,0,0,0,0,0,0,0,0,0,0,0,0,0,0,0,0,0,0,0,0,0,0,0,2,3,2,5,2,3,3,2,2,2
401,1,69,69,1,64,64,0,9,0,68,0,11200,11200,2521,2521,0,4187,7013,0,0,0,175,11200,1186,1068,32,1023,10,15,0,1048576,0,0,0,inf,0.00102233887,0.0011138916,0.000442504883,1,0,10,69,2,66,2,0,4352,3443,107,107,75,6848,744,1068,479,1023,0,1023,1023,0,0,1023,0,0,0,0,0,1,0,0,0,0,0,0,0,0,0,1,0,0,0,0,0,0,0,0,0,0,1,1,0,1,0,1,0,1,0,0,0,2,1,0,1,1,1,1,1,0,3,2,0,5,2,5,0,1,1,4,3,3,4,3,4,3,6,3,1,14,14,14,14,14,14,14,14,13,14
402,1,69,69,1,64,64,0,3,0,68,0,241856,241856,3607,3607,0,16343,225513,0,0,0,3779,241856,5596,4218,32,1023,10,15,0,1048576,0,0,0,inf,0.988967896,1.01808167,0.892578125,1,0,10,69,2,0,23,45,4352,281,3711,3711,1936,237504,16062,4218,5664,189,1023,1023,1023,52,0,1023,1,9,11,13,11,8,4,2,3,2,0,3,0,0,1,0,0,0,0,0,0,0,0,0,0,0,0,0,0,0,0,0,0,0,0,0,0,0,0,0,0,0,0,0,0,0,0,0,0,0,0,0,0,0,0,0,0,0,0,0,0,0,0,0,0,13,11,12,21,29,29,10,12,24,9
403,1,69,69,1,64,64,0,27,0,68,0,38144,38144,2975,2975,0,5709,32435,0,0,0,596,38144,2194,1820,32,1023,10,15,0,1048576,0,0,0,inf,0.72694397,0.779632568,0.624145508,1,0,10,69,2,57,6,5,4352,3017,528,528,170,33792,2692,1820,567,1023,0,1023,1023,0,0,1023,1,0,2,2,0,0,0,0,0,0,0,0,0,0,0,1,0,0,1,0,1,0,0,2,0,1,1,1,2,2,1,0,0,1,1,1,0,1,0,0,1,0,3,1,1,1,1,2,1,0,1,1,1,2,2,4,1,1,2,2,1,2,5,5,5,38,43,38,37,36,33,32,38,38,34
404,1,67,69,3,64,64,0,0,0,66,0,232384,232384,6062,6062,0,13220,219164,0,0,0,3631,232384,5070,3837,32,1023,10,15,0,1048576,0,0,0,inf,inf,0.973266602,0.823501587,1,0,10,67,2,0,20,46,4224,242,3565,3565,842,228160,12978,3837,2031,954,1023,1023,1023,416,0,1023,2,10,7,14,13,4,10,4,2,0,0,0,0,0,0,0,0,0,0,0,0,0,0,0,0,0,0,0,0,0,0,0,0,0,0,0,0,0,0,0,0,0,0,0,0,0,0,0,0,0,0,0,0,0,0,0,0,0,0,0,0,0,0,0,0,16,5,3,3,3,9,5,18,19,9
405,1,69,69,2,64,64,0,0,0,68,0,141888,141888,9544,9544,0,13530,128358,0,0,0,2217,141888,6407,2942,32,1023,10,15,0,1048576,0,0,0,inf,inf,0.965911865,0.55607605,1,0,10,69,2,0,55,13,4352,453,2149,2149,435,137536,13077,2942,1695,1023,1023,1023,1023,0,0,1023,0,0,2,3,8,10,9,13,6,9,5,2,1,0,0,0,0,0,0,0,0,0,0,0,0,0,0,0,0,0,0,0,0,0,0,0,0,0,0,0,0,0,0,0,0,0,0,0,0,0,0,0,0,0,0,0,0,0,0,0,0,0,0,0,0,5,5,4,5,5,5,4,5,5,5
406,1,69,69,2,64,64,0,0,0,68,0,22592,22592,2641,2641,0,4817,17775,0,0,0,353,22592,1061,765,32,1023,10,15,0,1048576,0,0,0,inf,inf,0.473587036,0.315475464,1,0,10,69,2,62,5,1,4352,2524,285,285,187,18240,2293,765,992,1023,767,1023,1023,0,0,1023,0,0,0,0,1,0,0,0,0,0,0,0,0,1,2,0,0,0,0,0,1,0,0,0,0,1,0,1,2,0,1,1,1,2,3,4,6,6,4,4,6,0,2,3,3,4,2,2,2,1,0,1,0,0,0,0,0,1,0,0,0,0,0,0,0,7,6,6,6,7,6,7,6,6,6
407,1,68,69,3,64,64,0,0,0,67,0,222912,222912,8341,8341,0,17799,205113,0,0,0,3483,222912,5838,4025,32,1023,10,15,0,1048576,0,0,0,inf,inf,0.568130493,0.472976685,1,0,10,68,2,0,29,38,4288,290,3416,3416,1147,218624,17509,4025,3320,383,1023,1023,1023,546,0,1023,0,1,12,10,15,10,11,5,3,0,0,0,0,0,0,0,0,0,0,0,0,0,0,0,0,0,0,0,0,0,0,0,0,0,0,0,0,0,0,0,0,0,0,0,0,0,0,0,0,0,0,0,0,0,0,0,0,0,0,0,0,0,0,0,0,5,21,5,4,5,7,7,6,5,17
408,1,69,69,2,64,64,0,0,0,68,0,208896,208896,6788,6788,0,25967,182929,0,0,0,3264,208896,8004,4268,32,1023,10,15,0,1048576,0,0,0,inf,inf,0.873092651,0.775848389,1,0,10,69,2,0,62,6,4352,587,3196,3196,1879,204544,25380,4268,10035,1023,1023,1023,1023,201,0,1023,0,0,0,2,4,1,7,8,13,10,7,8,4,0,0,2,2,0,0,0,0,0,0,0,0,0,0,0,0,0,0,0,0,0,0,0,0,0,0,0,0,0,0,0,0,0,0,0,0,0,0,0,0,0,0,0,0,0,0,0,0,0,0,0,0,13,7,14,7,7,6,12,10,7,8
409,1,69,69,1,64,64,0,1,0,68,0,195584,195584,6964,6964,0,19283,176301,0,0,0,3056,195584,7398,4077,32,1023,10,15,0,1048576,0,0,0,inf,0.688217163,0.688217163,0.588058472,1,0,10,69,2,2,54,12,4352,555,2988,2988,1385,191232,18728,4077,5709,879,1023,1023,1023,28,0,1023,0,0,2,6,4,8,9,6,9,7,5,3,3,2,1,0,0,0,0,0,0,0,0,0,1,0,0,0,1,0,0,0,0,0,0,1,0,0,0,0,0,0,0,0,0,0,0,0,0,0,0,0,0,0,0,0,0,0,0,0,0,0,0,0,0,7,7,16,21,43,8,8,20,7,6
410,1,69,69,1,64,64,0,1,0,68,0,220352,220352,10311,10311,0,16539,203813,0,0,0,3443,220352,5423,3292,32,1023,10,15,0,1048576,0,0,0,inf,0.823638916,0.823638916,0.7084198,1,0,10,69,2,0,34,34,4352,331,3375,3375,690,216000,16208,3292,2041,1014,1023,1023,1023,24,0,1023,1,1,7,11,14,7,11,6,6,4,0,0,0,0,0,0,0,0,0,0,0,0,0,0,0,0,0,0,0,0,0,0,0,0,0,0,0,0,0,0,0,0,0,0,0,0,0,0,0,0,0,0,0,0,0,0,0,0,0,0,0,0,0,0,0,6,5,8,13,20,5,13,5,6,6
411,1,67,69,3,64,64,0,0,0,66,0,228672,228672,7219,7219,0,15079,213593,0,0,0,3573,228672,6009,3793,32,1023,10,15,0,1048576,0,0,0,inf,inf,0.789932251,0.63923645,1,0,10,67,2,0,36,30,4224,326,3507,3507,924,224448,14753,3793,2548,463,1023,1023,1023,290,0,1023,0,4,6,12,8,13,6,9,4,1,0,1,1,0,1,0,0,0,0,0,0,0,0,0,0,0,0,0,0,0,0,0,0,0,0,0,0,0,0,0,0,0,0,0,0,0,0,0,0,0,0,0,0,0,0,0,0,0,0,0,0,0,0,0,0,3,5,7,7,6,19,6,5,5,5
412,1,67,69,3,64,64,0,0,0,66,0,206080,206080,8701,8701,0,13390,192690,0,0,0,3220,206080,4410,3401,32,1023,10,15,0,1048576,0,0,0,inf,inf,1.31925964,0.9349823,1,0,10,67,2,0,16,50,4224,210,3154,3154,434,201856,13180,3401,1125,887,1023,1023,1023,283,0,1023,2,10,10,22,6,9,5,1,1,0,0,0,0,0,0,0,0,0,0,0,0,0,0,0,0,0,0,0,0,0,0,0,0,0,0,0,0,0,0,0,0,0,0,0,0,0,0,0,0,0,0,0,0,0,0,0,0,0,0,0,0,0,0,0,0,4,4,4,6,4,4,4,4,4,5
413,1,68,69,3,64,64,0,0,0,67,0,231936,231936,4088,4088,0,22054,209882,0,0,0,3624,231936,7219,4280,32,1023,10,15,0,1048576,0,0,0,inf,inf,0.968566895,0.874328613,1,0,10,68,2,0,49,18,4288,385,3557,3557,2232,227648,21669,4280,9150,389,1023,1023,1023,64,0,1023,0,3,2,8,5,10,18,7,6,4,2,1,1,0,0,0,0,0,0,0,0,0,0,0,0,0,0,0,0,0,0,0,0,0,0,0,0,0,0,0,0,0,0,0,0,0,0,0,0,0,0,0,0,0,0,0,0,0,0,0,0,0,0,0,0,6,6,7,3,7,3,13,11,9,6
414,1,67,69,3,64,64,0,0,0,66,0,160512,160512,12841,12841,0,15194,145318,0,0,0,2508,160512,5746,2035,32,1023,10,15,0,1048576,0,0,0,inf,inf,0.815643311,0.641433716,1,0,10,67,2,0,59,7,4224,694,2442,2442,198,156288,14500,2035,738,1023,1023,1023,1023,276,0,1023,0,1,1,2,3,0,4,2,8,7,2,7,8,4,7,3,4,0,2,0,1,0,0,0,0,0,0,0,0,0,0,0,0,0,0,0,0,0,0,0,0,0,0,0,0,0,0,0,0,0,0,0,0,0,0,0,0,0,0,0,0,0,0,0,0,3,4,4,4,6,3,3,3,8,5
415,1,68,69,3,64,64,0,0,0,67,0,224704,224704,8586,8586,0,16998,207706,0,0,0,3511,224704,6427,3894,32,1023,10,15,0,1048576,0,0,0,inf,inf,1.19099426,1.06286621,1,0,10,68,2,0,41,26,4288,357,3444,3444,982,220416,16641,3894,2622,766,1023,1023,1023,200,0,1023,0,1,6,8,11,12,11,7,5,1,4,0,1,0,0,0,0,0,0,0,0,0,0,0,0,0,0,0,0,0,0,0,0,0,0,0,0,0,0,0,0,0,0,0,0,0,0,0,0,0,0,0,0,0,0,0,0,0,0,0,0,0,0,0,0,3,14,15,7,7,3,13,6,3,9
416,0.899999976,68,69,3,64,64,0,0,0,67,0,250176,250176,2877,2877,0,16769,233407,0,0,0,3909,250176,5724,4288,32,1023,10,15,0,1048576,0,0,0,inf,inf,0.979721069,0.881256104,1,0,10,68,2,0,24,43,4288,257,3842,3842,2084,245888,16512,4288,6558,448,1023,1021,1021,290,0,1021,1,7,13,13,9,10,5,5,2,2,0,0,0,0,0,0,0,0,0,0,0,0,0,0,0,0,0,0,0,0,0,0,0,0,0,0,0,0,0,0,0,0,0,0,0,0,0,0,0,0,0,0,0,0,0,0,0,0,0,0,0,0,0,0,0,6,4294967295,24,4,5,21,9,10,9,7
417,1,68,69,3,64,64,0,0,0,67,0,139584,139584,13070,13070,0,28503,111081,0,0,0,2181,139584,8059,4124,32,1023,10,15,0,1048576,0,0,0,inf,inf,0.417770386,0.335861206,1,0,10,68,2,1,64,2,4288,1069,2114,2114,942,135296,27434,4124,7260,1023,1023,1023,1023,64,0,1023,0,0,0,1,1,0,2,1,2,0,5,4,4,2,5,1,6,6,4,5,2,1,6,4,3,1,0,1,0,0,0,0,0,0,0,0,0,0,0,0,0,0,0,0,0,0,0,0,0,0,0,0,0,0,0,0,0,0,0,0,0,0,0,0,0,4,3,4,3,4,4,5,3,4,4
418,1,69,69,2,64,64,0,0,0,68,0,238592,238592,5929,5929,0,16946,221646,0,0,0,3728,238592,6001,4282,32,1023,10,15,0,1048576,0,0,0,inf,inf,1.23080444,1.08934021,1,0,10,69,2,0,28,40,4352,309,3660,3660,1496,234240,16637,4282,4028,1023,1023,1023,1023,808,0,1023,0,3,9,9,19,8,9,3,5,2,0,0,1,0,0,0,0,0,0,0,0,0,0,0,0,0,0,0,0,0,0,0,0,0,0,0,0,0,0,0,0,0,0,0,0,0,0,0,0,0,0,0,0,0,0,0,0,0,0,0,0,0,0,0,0,5,9,6,7,6,16,7,10,47,16
419,1,69,69,1,64,64,0,2,0,68,0,220800,220800,8263,8263,0,16748,204052,0,0,0,3450,220800,5693,3965,32,1023,10,15,0,1048576,0,0,0,inf,0.997924805,0.998062134,0.794845581,1,0,10,69,2,0,28,40,4352,321,3382,3382,997,216448,16427,3965,2931,863,1023,1023,1023,846,0,1023,1,5,7,11,16,7,9,2,2,3,1,3,0,0,0,0,1,0,0,0,0,0,0,0,0,0,0,0,0,0,0,0,0,0,0,0,0,0,0,0,0,0,0,0,0,0,0,0,0,0,0,0,0,0,0,0,0,0,0,0,0,0,0,0,0,6,11,10,9,7,8,9,8,8,15
420,1,67,69,3,64,64,0,0,0,66,0,238912,238912,3486,3486,0,17476,221436,0,0,0,3733,238912,5470,4195,32,1023,10,15,0,1048576,0,0,0,inf,inf,0.936737061,0.825820923,1,0,10,67,2,0,21,45,4224,255,3667,3667,2055,234688,17221,4195,6254,431,1023,1023,1023,52,0,1023,1,6,12,16,10,10,3,2,1,3,2,0,0,0,0,0,0,0,0,0,0,0,0,0,0,0,0,0,0,0,0,0,0,0,0,0,0,0,0,0,0,0,0,0,0,0,0,0,0,0,0,0,0,0,0,0,0,0,0,0,0,0,0,0,0,2,3,18,4,22,5,17,4,20,26
421,1,68,69,3,64,64,0,0,0,67,0,216768,216768,5879,5879,0,19073,197695,0,0,0,3387,216768,6493,4109,32,1023,10,15,0,1048576,0,0,0,inf,inf,0.854492188,0.692108154,1,0,10,68,2,0,39,28,4288,337,3320,3320,1616,212480,18736,4109,5597,895,1023,1023,1023,512,0,1023,0,3,5,7,13,12,11,8,4,3,1,0,0,0,0,0,0,0,0,0,0,0,0,0,0,0,0,0,0,0,0,0,0,0,0,0,0,0,0,0,0,0,0,0,0,0,0,0,0,0,0,0,0,0,0,0,0,0,0,0,0,0,0,0,0,10,6,7,7,7,7,7,3,7,6
422,1,68,69,3,64,64,0,0,0,67,0,141312,141312,11465,11465,0,17513,123799,0,0,0,2208,141312,6744,2960,32,1023,10,15,0,1048576,0,0,0,inf,inf,0.885635376,0.669128418,1,0,10,68,2,0,60,7,4288,556,2141,2141,567,137024,16957,2960,2734,1023,1023,1023,1023,512,0,1023,1,1,0,1,4,8,8,4,13,5,5,4,4,2,5,0,1,1,0,0,0,0,0,0,0,0,0,0,0,0,0,0,0,0,0,0,0,0,0,0,0,0,0,0,0,0,0,0,0,0,0,0,0,0,0,0,0,0,0,0,0,0,0,0,0,5,4,5,5,5,5,5,5,4,5
423,1,69,69,1,64,64,0,2,0,68,0,198080,198080,6042,6042,0,23788,174292,0,0,0,3095,198080,7451,4250,32,1023,10,15,0,1048576,0,0,0,inf,0.890945435,0.890945435,0.774215698,1,0,10,69,2,2,53,13,4352,570,3027,3027,1777,193728,23218,4250,9112,1023,1023,1023,1023,1010,0,1023,0,0,0,4,9,4,10,12,5,6,2,4,4,4,0,1,0,0,0,0,0,0,0,0,1,0,0,0,1,0,0,0,0,1,0,0,0,0,0,0,0,0,0,0,0,0,0,0,0,0,0,0,0,0,0,0,0,0,0,0,0,0,0,0,0,10,11,8,6,19,8,14,10,10,10
424,1,69,69,2,64,64,0,0,0,68,0,17984,17984,1831,1831,0,4501,13483,0,0,0,281,17984,1837,1611,32,1023,10,15,0,1048576,0,0,0,inf,inf,0.791427612,0.708099365,1,0,10,69,2,64,4,0,4352,3167,213,213,163,13632,1334,1611,827,1023,1,1023,1023,0,0,1023,0,0,0,0,0,0,0,0,1,0,1,1,1,0,0,0,0,0,0,0,0,0,0,0,0,0,1,0,0,0,1,1,1,1,1,0,1,0,0,1,2,2,3,1,5,3,2,1,3,1,3,2,3,2,3,1,4,3,1,6,0,2,2,1,0,4,16,10,23,5,9,6,40,37,6
425,1,68,69,3,64,64,0,0,0,67,0,194496,194496,10104,10104,0,15660,178836,0,0,0,3039,194496,6160,3343,32,1023,10,15,0,1048576,0,0,0,inf,inf,0.989364624,0.801895142,1,0,10,68,2,0,45,22,4288,371,2972,2972,570,190208,15289,3343,1547,863,1023,1023,1023,0,0,1023,0,3,4,7,8,10,12,11,7,3,0,1,0,0,1,0,0,0,0,0,0,0,0,0,0,0,0,0,0,0,0,0,0,0,0,0,0,0,0,0,0,0,0,0,0,0,0,0,0,0,0,0,0,0,0,0,0,0,0,0,0,0,0,0,0,4,5,5,5,5,5,6,5,6,5
426,1,69,69,1,64,64,0,1,0,68,0,192128,192128,8835,8835,0,12954,179174,0,0,0,3002,192128,4930,3101,32,1023,10,15,0,1048576,0,0,0,inf,1.35839844,1.35839844,0.87689209,1,0,10,69,2,0,29,39,4352,287,2934,2934,436,187776,12667,3101,1122,1023,1023,1023,1023,138,0,1023,0,5,11,11,12,11,7,7,3,1,0,0,0,0,0,0,0,0,0,0,0,0,0,0,0,0,0,0,0,0,0,0,0,0,0,0,0,0,0,0,0,0,0,0,0,0,0,0,0,0,0,0,0,0,0,0,0,0,0,0,0,0,0,0,0,6,7,6,6,5,7,6,6,6,6
427,0.899999976,69,69,2,64,64,0,0,0,68,0,219712,219712,6989,6989,0,22422,197290,0,0,0,3433,219712,7799,4308,32,767,10,15,0,1048576,0,0,0,inf,inf,1.49467468,1.31211853,1,0,10,69,2,0,57,11,4352,440,3365,3365,1760,215360,21982,4308,6884,255,767,767,767,64,0,767,0,1,1,2,7,15,13,8,8,8,2,0,2,0,1,0,0,0,0,0,0,0,0,0,0,0,0,0,0,0,0,0,0,0,0,0,0,0,0,0,0,0,0,0,0,0,0,0,0,0,0,0,0,0,0,0,0,0,0,0,0,0,0,0,0,5,5,5,5,6,6,6,5,4294967295,6
428,1,69,69,2,64,64,0,0,0,68,0,163328,163328,12328,12328,0,20592,142736,0,0,0,2552,163328,7609,3775,32,1023,10,15,0,1048576,0,0,0,inf,inf,1.05680847,0.891830444,1,0,10,69,2,0,62,6,4352,737,2484,2484,656,158976,19855,3775,2792,1023,1023,1023,1023,266,0,1023,0,0,0,5,1,2,9,6,1,6,6,5,4,2,3,6,2,0,4,1,2,1,1,1,0,0,0,0,0,0,0,0,0,0,0,0,0,0,0,0,0,0,0,0,0,0,0,0,0,0,0,0,0,0,0,0,0,0,0,0,0,0,0,0,0,5,7,5,11,5,6,5,5,7,8
429,1,67,69,3,64,64,0,0,0,66,0,225024,225024,6248,6248,0,17414,207610,0,0,0,3516,225024,6138,4167,32,1023,10,15,0,1048576,0,0,0,inf,inf,1.24562073,1.0105896,1,0,10,67,2,0,32,34,4224,297,3450,3450,1439,220800,17117,4167,4245,765,1023,1023,1023,433,0,1023,1,2,6,15,10,13,9,4,4,1,1,0,0,0,0,0,0,0,0,0,0,0,0,0,0,0,0,0,0,0,0,0,0,0,0,0,0,0,0,0,0,0,0,0,0,0,0,0,0,0,0,0,0,0,0,0,0,0,0,0,0,0,0,0,0,9,2,4,3,5,6,3,7,6,14
430,1,69,69,1,64,64,0,1,0,68,0,234048,234048,3215,3215,0,22329,211719,0,0,0,3657,234048,7281,4338,32,1023,10,15,0,1048576,0,0,0,inf,1.04231262,1.04231262,0.916992188,1,0,10,69,2,0,49,19,4352,384,3589,3589,2343,229696,21945,4338,10731,375,1023,1023,1023,528,0,1023,0,3,4,2,10,15,13,9,4,4,1,3,0,0,0,0,0,0,0,0,0,0,0,0,0,0,0,0,0,0,0,0,0,0,0,0,0,0,0,0,0,0,0,0,0,0,0,0,0,0,0,0,0,0,0,0,0,0,0,0,0,0,0,0,0,8,9,10,9,10,7,12,11,8,4
431,1,67,69,3,64,64,0,0,0,66,0,218752,218752,7228,7228,0,16795,201957,0,0,0,3418,218752,6057,4000,32,1023,10,15,0,1048576,0,0,0,inf,inf,0.685058594,0.574615479,1,0,10,67,2,0,33,33,4224,307,3352,3352,1189,214528,16488,4000,3488,478,1023,1023,1023,877,0,1023,1,6,8,8,10,12,7,5,5,2,0,1,0,0,0,1,0,0,0,0,0,0,0,0,0,0,0,0,0,0,0,0,0,0,0,0,0,0,0,0,0,0,0,0,0,0,0,0,0,0,0,0,0,0,0,0,0,0,0,0,0,0,0,0,0,14,4,7,6,11,6,6,4,6,10
432,1,67,69,3,64,64,0,0,0,66,0,160256,160256,11792,11792,0,28571,131685,0,0,0,2504,160256,8007,4029,32,1023,10,15,0,1048576,0,0,0,inf,inf,0.48336792,0.411727905,1,0,10,67,2,0,65,1,4224,784,2438,2438,1175,156032,27787,4029,8024,1023,1023,1023,1023,193,0,1023,0,0,0,1,0,0,1,4,2,11,6,6,4,9,10,2,7,1,0,0,0,2,0,0,0,0,0,0,0,0,0,0,0,0,0,0,0,0,0,0,0,0,0,0,0,0,0,0,0,0,0,0,0,0,0,0,0,0,0,0,0,0,0,0,0,4,3,4,6,4,5,7,6,4,4
433,1,69,69,2,64,64,0,0,0,68,0,199232,199232,9951,9951,0,21707,177525,0,0,0,3113,199232,6962,3992,32,1023,10,15,0,1048576,0,0,0,inf,inf,0.771728516,0.665359497,1,0,10,69,2,0,48,20,4352,408,3045,3045,1168,194880,21299,3992,4674,892,1023,1023,1023,19,0,1023,0,1,3,8,8,10,8,12,7,6,3,1,1,0,0,0,0,0,0,0,0,0,0,0,0,0,0,0,0,0,0,0,0,0,0,0,0,0,0,0,0,0,0,0,0,0,0,0,0,0,0,0,0,0,0,0,0,0,0,0,0,0,0,0,0,5,17,9,9,6,5,7,4,4,4
434,1,67,69,3,64,64,0,0,0,66,0,141056,141056,13055,13055,0,17163,123893,0,0,0,2204,141056,6580,2734,32,1023,10,15,0,1048576,0,0,0,inf,inf,0.705322266,0.539733887,1,0,10,67,2,0,61,5,4224,760,2138,2138,287,136832,16403,2734,1422,511,1023,1023,1023,0,0,1023,0,0,0,2,3,0,3,4,6,7,8,5,3,3,4,3,5,2,1,1,4,1,1,0,0,0,0,0,0,0,0,0,0,0,0,0,0,0,0,0,0,0,0,0,0,0,0,0,0,0,0,0,0,0,0,0,0,0,0,0,0,0,0,0,0,3,3,2,2,2,3,3,4,3,3
435,1,67,69,3,64,64,0,0,0,66,0,209024,209024,8333,8333,0,15581,193443,0,0,0,3266,209024,5781,3792,32,1023,10,15,0,1048576,0,0,0,inf,inf,1.11701965,0.921920776,1,0,10,67,2,0,32,34,4224,314,3200,3200,796,204800,15267,3792,2231,1023,1023,1023,1023,32,0,1023,1,5,8,6,14,13,2,8,2,0,7,0,0,0,0,0,0,0,0,0,0,0,0,0,0,0,0,0,0,0,0,0,0,0,0,0,0,0,0,0,0,0,0,0,0,0,0,0,0,0,0,0,0,0,0,0,0,0,0,0,0,0,0,0,0,4,4,5,4,5,5,3,5,6,4
436,1,66,69,3,64,64,0,0,0,65,0,199488,199488,9995,9995,0,17775,181713,0,0,0,3117,199488,6698,3700,32,1023,10,15,0,1048576,0,0,0,inf,inf,0.818267822,0.684951782,1,0,10,66,2,0,48,17,4160,409,3052,3052,759,195328,17366,3700,2597,1023,1023,1023,1023,512,0,1023,0,1,2,6,8,11,8,8,8,5,5,2,0,0,1,0,0,0,0,0,0,0,0,0,0,0,0,0,0,0,0,0,0,0,0,0,0,0,0,0,0,0,0,0,0,0,0,0,0,0,0,0,0,0,0,0,0,0,0,0,0,0,0,0,0,3,8,2,2,4,3,5,6,3,4
437,1,67,69,3,64,64,0,0,0,66,0,222272,222272,3422,3422,0,26360,195912,0,0,0,3473,222272,7381,4224,32,1023,10,15,0,1048576,0,0,0,inf,inf,0.901000977,0.822509766,1,0,10,67,2,0,53,13,4224,485,3407,3407,2441,218048,25875,4224,13452,223,1023,1023,1023,542,0,1023,0,1,2,2,8,4,9,11,7,6,4,7,2,2,1,0,0,0,0,0,0,0,0,0,0,0,0,0,0,0,0,0,0,0,0,0,0,0,0,0,0,0,0,0,0,0,0,0,0,0,0,0,0,0,0,0,0,0,0,0,0,0,0,0,0,9,17,17,17,13,3,3,15,23,5
438,1,68,69,3,64,64,0,0,0,67,0,213440,213440,7550,7550,0,19941,193499,0,0,0,3335,213440,6698,4168,32,1023,10,15,0,1048576,0,0,0,inf,inf,0.89175415,0.734832764,1,0,10,68,2,0,41,26,4288,375,3268,3268,1354,209152,19566,4168,5369,1023,1023,1023,1023,786,0,1023,0,0,6,8,12,9,11,4,8,3,5,1,0,0,0,0,0,0,0,0,0,0,0,0,0,0,0,0,0,0,0,0,0,0,0,0,0,0,0,0,0,0,0,0,0,0,0,0,0,0,0,0,0,0,0,0,0,0,0,0,0,0,0,0,0,5,10,6,6,7,6,5,12,9,11
439,1,68,69,3,64,64,0,0,0,67,0,184576,184576,12133,12133,0,18296,166280,0,0,0,2884,184576,6557,2988,32,1023,10,15,0,1048576,0,0,0,inf,inf,0.896026611,0.811630249,1,0,10,68,2,0,57,10,4288,441,2817,2817,636,180288,17855,2988,2179,1007,1023,1023,1023,224,0,1023,0,0,4,3,3,15,8,11,10,6,2,2,3,0,0,0,0,0,0,0,0,0,0,0,0,0,0,0,0,0,0,0,0,0,0,0,0,0,0,0,0,0,0,0,0,0,0,0,0,0,0,0,0,0,0,0,0,0,0,0,0,0,0,0,0,5,4,5,4,4,10,5,8,6,7
440,1,69,69,1,64,64,0,1,0,68,0,242688,242688,3031,3031,0,21891,220797,0,0,0,3792,242688,7087,4352,32,1023,10,15,0,1048576,0,0,0,inf,1.13822937,1.13822937,1.01828003,1,0,10,69,2,0,46,22,4352,390,3724,3724,2460,238336,21501,4352,10054,967,1023,1023,1023,128,0,1023,1,4,4,5,8,11,15,5,1,6,4,2,1,0,0,1,0,0,0,0,0,0,0,0,0,0,0,0,0,0,0,0,0,0,0,0,0,0,0,0,0,0,0,0,0,0,0,0,0,0,0,0,0,0,0,0,0,0,0,0,0,0,0,0,0,13,17,16,46,14,16,14,34,5,8
441,1,66,69,3,64,64,0,0,0,65,0,167040,167040,10644,10644,0,13102,153938,0,0,0,2610,167040,4689,2407,32,1023,10,15,0,1048576,0,0,0,inf,inf,1.35298157,1.03588867,1,0,10,66,2,0,36,29,4160,324,2545,2545,253,162880,12778,2407,587,1023,1023,1023,1023,34,0,1023,1,0,5,13,10,6,16,6,6,1,1,0,0,0,0,0,0,0,0,0,0,0,0,0,0,0,0,0,0,0,0,0,0,0,0,0,0,0,0,0,0,0,0,0,0,0,0,0,0,0,0,0,0,0,0,0,0,0,0,0,0,0,0,0,0,2,3,2,3,2,8,3,2,1,2
442,1,67,69,3,64,64,0,0,0,66,0,201088,201088,9416,9416,0,21032,180056,0,0,0,3142,201088,6859,3796,32,1023,10,15,0,1048576,0,0,0,inf,inf,1.14343262,1.00154114,1,0,10,67,2,0,49,17,4224,398,3076,3076,1226,196864,20634,3796,4548,447,1023,1023,1023,0,0,1023,0,1,4,4,8,14,12,5,4,7,5,1,1,0,0,0,0,0,0,0,0,0,0,0,0,0,0,0,0,0,0,0,0,0,0,0,0,0,0,0,0,0,0,0,0,0,0,0,0,0,0,0,0,0,0,0,0,0,0,0,0,0,0,0,0,3,2,3,3,3,3,4,7,7,18
443,1,66,69,3,64,64,0,0,0,65,0,18304,18304,2702,2702,0,3616,14688,0,0,0,286,18304,1047,790,32,1023,10,15,0,1048576,0,0,0,inf,inf,0.659637451,0.504943848,1,0,10,66,2,60,4,1,4160,2208,221,221,28,14144,1408,790,64,1023,991,1023,1023,0,0,1023,0,0,0,1,0,0,0,0,0,0,0,0,0,0,0,0,0,0,0,0,0,0,0,1,2,1,4,4,4,3,2,4,4,2,5,1,4,5,2,2,1,1,1,2,3,0,2,2,0,0,0,1,0,0,1,0,0,0,0,0,0,0,0,0,0,5,3,7,3,6,6,4,4,5,6
444,1,68,69,3,64,64,0,0,0,67,0,195328,195328,10095,10095,0,23384,171944,0,0,0,3052,195328,7826,4182,32,1023,10,15,0,1048576,0,0,0,inf,inf,0.661376953,0.514190674,1,0,10,68,2,0,59,8,4288,519,2985,2985,1191,191040,22865,4182,5557,959,1023,1023,1023,1,0,1023,0,0,1,4,3,7,10,8,10,5,9,1,4,2,3,0,0,0,0,0,0,0,0,0,0,0,0,0,0,0,0,0,0,0,0,0,0,0,0,0,0,0,0,0,0,0,0,0,0,0,0,0,0,0,0,0,0,0,0,0,0,0,0,0,0,6,4,4,3,4,7,3,6,8,4
445,1,69,69,1,64,64,0,9,0,68,0,37504,37504,3745,3745,0,5738,31766,0,0,0,586,37504,1245,777,32,1023,10,15,0,1048576,0,0,0,inf,0.00177001953,0.00198364258,0.000762939453,1,0,10,69,2,58,8,2,4352,1935,518,518,149,33152,3803,777,578,1023,1023,1023,1023,0,0,1023,0,1,0,0,1,1,2,0,1,0,0,1,0,0,0,0,0,0,0,0,0,0,1,0,0,2,1,3,7,5,10,5,6,7,4,5,2,1,2,0,0,0,0,0,0,0,0,0,0,0,0,0,0,0,0,0,0,0,0,0,0,0,0,0,0,14,14,15,14,14,14,14,14,14,14
446,1,68,69,3,64,64,0,0,0,67,0,219328,219328,4373,4373,0,25073,194255,0,0,0,3427,219328,7300,4288,32,1023,10,15,0,1048576,0,0,0,inf,inf,0.75227356,0.635253906,1,0,10,68,2,0,50,17,4288,441,3360,3360,2233,215040,24632,4288,11413,1022,1023,1023,1023,455,0,1023,0,0,1,4,12,8,11,6,9,8,5,1,1,0,1,0,0,0,0,0,0,0,0,0,0,0,0,0,0,0,0,0,0,0,0,0,0,0,0,0,0,0,0,0,0,0,0,0,0,0,0,0,0,0,0,0,0,0,0,0,0,0,0,0,0,21,9,11,4,10,4,23,7,4,4
447,1,67,69,3,64,64,0,0,0,66,0,195584,195584,10813,10813,0,16994,178590,0,0,0,3056,195584,5556,3187,32,1023,10,15,0,1048576,0,0,0,inf,inf,0.76739502,0.628204346,1,0,10,67,2,0,38,28,4224,335,2990,2990,598,191360,16659,3187,2240,749,1023,1023,1023,806,0,1023,1,2,7,5,13,14,10,5,5,0,1,1,0,2,0,0,0,0,0,0,0,0,0,0,0,0,0,0,0,0,0,0,0,0,0,0,0,0,0,0,0,0,0,0,0,0,0,0,0,0,0,0,0,0,0,0,0,0,0,0,0,0,0,0,0,4,5,4,3,3,6,4,4,6,5
448,1,69,69,1,64,64,0,1,0,68,0,201152,201152,9844,9844,0,15398,185754,0,0,0,3143,201152,5565,3188,32,1023,10,15,0,1048576,0,0,0,inf,1.0120697,1.0120697,0.862075806,1,0,10,69,2,0,38,30,4352,331,3075,3075,625,196800,15067,3188,1850,391,1023,1023,1023,0,0,1023,2,3,7,8,10,15,7,4,8,0,3,1,0,0,0,0,0,0,0,0,0,0,0,0,0,0,0,0,0,0,0,0,0,0,0,0,0,0,0,0,0,0,0,0,0,0,0,0,0,0,0,0,0,0,0,0,0,0,0,0,0,0,0,0,0,6,6,6,6,6,6,6,10,6,7
449,1,69,69,1,64,64,0,3,0,68,0,205632,205632,8795,8795,0,12651,192981,0,0,0,3213,205632,4758,1890,32,1023,10,15,0,1048576,0,0,0,inf,1.17674255,1.18409729,1.04359436,1,0,10,69,2,0,46,22,4352,556,3145,3145,351,201280,12095,1890,1702,1022,1023,1023,1023,0,0,1023,0,5,5,5,7,8,5,4,3,2,1,1,3,3,5,2,4,0,2,0,2,0,1,0,0,0,0,0,0,0,0,0,0,0,0,0,0,0,0,0,0,0,0,0,0,0,0,0,0,0,0,0,0,0,0,0,0,0,0,0,0,0,0,0,0,7,8,9,9,22,18,17,17,17,8
450,1,67,69,3,64,64,0,0,0,66,0,162304,162304,11532,11532,0,26509,135795,0,0,0,2536,162304,8008,4002,32,1023,10,15,0,1048576,0,0,0,inf,inf,0.829299927,0.715042114,1,0,10,67,2,0,65,1,4224,725,2470,2470,1084,158080,25784,4002,7169,1023,1023,1023,1023,194,0,1023,0,0,0,0,1,1,2,4,10,7,3,10,8,8,4,1,3,2,0,0,2,0,0,0,0,0,0,0,0,0,0,0,0,0,0,0,0,0,0,0,0,0,0,0,0,0,0,0,0,0,0,0,0,0,0,0,0,0,0,0,0,0,0,0,0,3,8,3,3,3,6,6,7,4,3
451,1,69,69,1,64,64,0,2,0,68,0,4352,4352,2971,2971,0,3724,628,0,0,0,68,4352,763,753,32,1023,10,15,0,1048576,0,0,0,inf,0.000961303711,0.000961303711,0.000396728516,1,0,10,69,2,68,0,0,4352,3724,0,0,0,0,0,753,0,1023,0,1023,1023,0,0,1023,0,0,0,0,0,0,0,0,0,0,0,0,0,0,0,0,0,0,0,0,0,0,0,0,0,0,0,0,0,0,0,1,0,0,1,1,0,0,0,1,1,2,0,1,2,1,1,1,0,3,2,2,2,2,3,2,1,4,2,3,8,8,5,4,4,7,7,7,7,7,7,7,7,7,6
452,1,67,69,3,64,64,0,0,0,66,0,199104,199104,5506,5506,0,27919,171185,0,0,0,3111,199104,7946,4208,32,1023,10,15,0,1048576,0,0,0,inf,inf,0.638427734,0.55859375,1,0,10,67,2,0,62,4,4224,544,3045,3045,2032,194880,27375,4208,11983,1023,1023,1023,1023,202,0,1023,0,0,1,0,3,9,9,10,7,5,5,6,7,1,1,0,1,1,0,0,0,0,0,0,0,0,0,0,0,0,0,0,0,0,0,0,0,0,0,0,0,0,0,0,0,0,0,0,0,0,0,0,0,0,0,0,0,0,0,0,0,0,0,0,0,11,5,3,6,5,5,6,11,4,15
453,1,67,69,3,64,64,0,0,0,66,0,191552,191552,3636,3636,0,26938,164614,0,0,0,2993,191552,7583,4155,32,1023,10,15,0,1048576,0,0,0,inf,inf,0.944702148,0.82208252,1,0,10,67,2,1,59,6,4224,756,2927,2927,2003,187328,26182,4155,14995,895,1023,1023,1023,5,0,1023,0,0,2,2,2,2,9,1,0,5,7,4,5,4,7,4,2,2,4,1,0,0,2,0,0,0,0,0,0,0,0,0,0,0,0,0,0,1,0,0,0,0,0,0,0,0,0,0,0,0,0,0,0,0,0,0,0,0,0,0,0,0,0,0,0,7,3,12,3,2,4,3,5,10,9
454,1,68,69,3,64,64,0,0,0,67,0,216384,216384,5379,5379,0,27312,189072,0,0,0,3381,216384,7596,4288,32,1023,10,15,0,1048576,0,0,0,inf,inf,0.59375,0.512542725,1,0,10,68,2,0,55,12,4288,505,3314,3314,2156,212096,26807,4288,12158,939,1023,1023,1023,933,0,1023,0,1,2,5,4,10,3,3,8,11,10,5,3,2,0,0,0,0,0,0,0,0,0,0,0,0,0,0,0,0,0,0,0,0,0,0,0,0,0,0,0,0,0,0,0,0,0,0,0,0,0,0,0,0,0,0,0,0,0,0,0,0,0,0,0,9,5,16,4,7,12,5,10,9,7
455,1,69,69,1,64,64,0,1,0,68,0,154624,154624,10511,10511,0,16058,138566,0,0,0,2416,154624,5568,2743,32,1023,10,15,0,1048576,0,0,0,inf,1.40653992,1.40653992,1.07159424,1,0,10,69,2,0,45,23,4352,394,2348,2348,564,150272,15664,2743,2700,991,1023,1023,1023,384,0,1023,0,3,5,6,9,10,5,11,10,4,2,2,1,0,0,0,0,0,0,0,0,0,0,0,0,0,0,0,0,0,0,0,0,0,0,0,0,0,0,0,0,0,0,0,0,0,0,0,0,0,0,0,0,0,0,0,0,0,0,0,0,0,0,0,0,7,7,7,8,7,7,6,7,10,6
456,1,69,69,1,64,64,0,1,0,68,0,37312,37312,2800,2800,0,11663,25649,0,0,0,583,37312,2524,1738,32,1023,10,15,0,1048576,0,0,0,inf,0.410980225,0.410980225,0.349411011,1,0,10,69,2,54,14,0,4352,2194,515,515,389,32960,9469,1738,4318,1023,1023,1023,1023,568,0,1023,0,0,0,0,0,0,0,0,0,0,0,0,0,0,0,0,0,0,1,0,1,2,1,3,2,4,2,4,4,6,3,1,4,3,1,4,2,4,1,1,4,2,0,0,2,2,1,1,1,1,0,0,0,0,0,0,0,0,0,0,0,0,0,0,0,9,9,9,10,13,10,11,9,11,11
457,1,68,69,3,64,64,0,0,0,67,0,15488,15488,1939,1939,0,5833,9655,0,0,0,242,15488,1392,1188,32,1023,10,15,0,1048576,0,0,0,inf,inf,0.492538452,0.317230225,1,0,10,68,2,63,4,0,4288,2869,175,175,155,11200,2964,1188,2331,1023,334,1023,1023,268,0,1023,0,0,0,0,0,0,0,0,0,0,0,0,0,0,0,2,0,0,0,0,0,0,0,0,1,1,1,0,0,1,2,0,1,2,1,1,3,2,2,3,3,2,1,0,3,3,5,6,2,5,1,3,2,1,1,1,0,0,1,1,1,1,1,0,0,4,5,4,5,7,5,4,5,4,4
458,1,67,69,3,64,64,0,0,0,66,0,203072,203072,4303,4303,0,29379,173693,0,0,0,3173,203072,7847,4224,32,1023,10,15,0,1048576,0,0,0,inf,inf,0.894744873,0.787597656,1,0,10,67,2,0,61,5,4224,574,3107,3107,2242,198848,28805,4224,14989,895,1023,1023,1023,698,0,1023,0,0,0,1,4,4,7,6,9,8,8,7,7,4,1,0,0,0,0,0,0,0,0,0,0,0,0,0,0,0,0,0,0,0,0,0,0,0,0,0,0,0,0,0,0,0,0,0,0,0,0,0,0,0,0,0,0,0,0,0,0,0,0,0,0,3,4,3,6,5,35,4,15,10,9
459,1,68,69,3,64,64,0,0,0,67,0,142720,142720,3374,3374,0,32901,109819,0,0,0,2230,142720,7306,3942,32,1023,10,15,0,1048576,0,0,0,inf,inf,1.12667847,0.771621704,1,0,10,68,2,7,60,0,4288,1226,2163,2163,1735,138432,31675,3942,19716,1023,1023,1023,1023,528,0,1023,0,0,0,0,0,0,1,0,1,0,1,2,4,6,5,1,4,4,3,9,4,8,1,3,1,2,2,2,1,0,0,0,1,1,0,0,0,0,0,0,0,0,0,0,0,0,0,0,0,0,0,0,0,0,0,0,0,0,0,0,0,0,0,0,0,4,4,4,4,5,5,5,4,4,5
460,1,67,69,3,64,64,0,0,0,66,0,164224,164224,11051,11051,0,21697,142527,0,0,0,2566,164224,7698,3790,32,1023,10,15,0,1048576,0,0,0,inf,inf,1.11146545,0.925354004,1,0,10,67,2,0,63,3,4224,540,2500,2500,926,160000,21157,3790,5470,1023,1023,1023,1023,221,0,1023,0,0,1,1,1,8,6,6,18,10,2,6,3,0,3,1,0,0,0,0,0,0,0,0,0,0,0,0,0,0,0,0,0,0,0,0,0,0,0,0,0,0,0,0,0,0,0,0,0,0,0,0,0,0,0,0,0,0,0,0,0,0,0,0,0,3,2,5,4,4,2,4,4,2,2
461,1,69,69,1,64,64,0,2,0,68,0,77184,77184,4960,4960,0,19581,57603,0,0,0,1206,77184,4339,2430,32,1023,10,15,0,1048576,0,0,0,inf,0.554550171,0.554550171,0.417449951,1,0,10,69,2,34,33,1,4352,1674,1138,1138,801,72832,17907,2430,8135,1023,1023,1023,1023,913,0,1023,0,0,0,0,1,0,0,0,1,0,0,0,0,1,0,2,2,4,0,1,1,2,2,7,6,4,9,5,2,4,3,3,4,2,0,1,1,0,0,0,0,0,0,0,0,0,0,0,0,0,0,0,0,0,0,0,0,0,0,0,0,0,0,0,0,7,6,7,7,8,9,6,10,9,6
462,1,68,69,3,64,64,0,0,0,67,0,120512,120512,7441,7441,0,29488,91024,0,0,0,1883,120512,6415,3495,32,1023,10,15,0,1048576,0,0,0,inf,inf,1.05180359,0.92137146,1,0,10,68,2,15,51,1,4288,1447,1816,1816,1180,116224,28041,3495,11597,1015,1023,1023,1023,197,0,1023,0,0,0,0,1,0,0,0,1,1,1,0,0,0,2,6,5,7,5,2,1,5,1,8,1,5,0,2,2,2,1,1,1,1,0,2,0,0,0,0,0,1,0,2,0,0,0,0,0,0,0,0,0,0,0,0,0,0,0,0,0,0,0,0,0,7,6,14,8,6,6,7,11,7,5
463,1,67,69,3,64,64,0,0,0,66,0,165056,165056,10560,10560,0,25403,139653,0,0,0,2579,165056,7779,3919,32,1023,10,15,0,1048576,0,0,0,inf,inf,1.19828796,1.05233765,1,0,10,67,2,3,63,0,4224,774,2513,2513,1172,160832,24629,3919,7332,1023,1023,1023,1023,73,0,1023,0,0,0,0,0,0,2,10,10,3,6,9,3,7,4,2,1,0,2,2,1,1,0,0,0,0,1,1,0,1,0,0,0,0,0,0,0,0,0,0,0,0,0,0,0,0,0,0,0,0,0,0,0,0,0,0,0,0,0,0,0,0,0,0,0,12,4,3,4,3,4,4,9,16,6
464,1,67,69,3,64,64,0,0,0,66,0,215936,215936,4779,4779,0,24736,191200,0,0,0,3374,215936,7321,4197,32,1023,10,15,0,1048576,0,0,0,inf,inf,0.973510742,0.856643677,1,0,10,67,2,0,52,14,4224,491,3308,3308,2118,211712,24245,4197,10627,623,1023,1023,1023,424,0,1023,0,0,1,6,7,6,5,5,11,11,3,7,1,2,0,0,1,0,0,0,0,0,0,0,0,0,0,0,0,0,0,0,0,0,0,0,0,0,0,0,0,0,0,0,0,0,0,0,0,0,0,0,0,0,0,0,0,0,0,0,0,0,0,0,0,5,6,3,20,6,15,5,36,37,3
465,1,67,69,3,64,64,0,0,0,66,0,197952,197952,2714,2714,0,38971,158981,0,0,0,3093,197952,7900,4224,32,1023,10,15,0,1048576,0,0,0,inf,inf,0.814254761,0.71635437,1,0,10,67,2,0,66,0,4224,846,3027,3027,2511,193728,38125,4224,25447,1007,1023,1023,1023,444,0,1023,0,0,0,0,0,1,1,4,3,3,10,4,5,7,4,4,10,3,2,3,1,1,0,0,0,0,0,0,0,0,0,0,0,0,0,0,0,0,0,0,0,0,0,0,0,0,0,0,0,0,0,0,0,0,0,0,0,0,0,0,0,0,0,0,0,5,9,5,21,48,8,5,13,7,17
466,1,69,69,2,64,64,0,0,0,68,0,181824,181824,7502,7502,0,30742,151082,0,0,0,2841,181824,8407,4339,32,1023,10,15,0,1048576,0,0,0,inf,inf,1.04525757,0.913650513,1,0,10,69,2,0,68,0,4352,802,2773,2773,1743,177472,29940,4339,13086,1023,1023,1023,1023,450,0,1023,0,0,0,0,0,1,1,2,7,7,3,16,7,3,7,6,2,2,2,1,1,0,0,0,0,0,0,0,0,0,0,0,0,0,0,0,0,0,0,0,0,0,0,0,0,0,0,0,0,0,0,0,0,0,0,0,0,0,0,0,0,0,0,0,0,5,7,8,5,6,7,7,13,9,8
467,1,69,69,2,64,64,0,0,0,68,0,219840,219840,3067,3067,0,30550,189290,0,0,0,3435,219840,7922,4331,32,1023,10,15,0,1048576,0,0,0,inf,inf,1.02966309,0.883041382,1,0,10,69,2,0,61,7,4352,567,3367,3367,2577,215488,29983,4331,17940,989,1023,1023,1023,736,0,1023,0,0,0,4,3,2,9,11,5,11,7,9,2,2,1,2,0,0,0,0,0,0,0,0,0,0,0,0,0,0,0,0,0,0,0,0,0,0,0,0,0,0,0,0,0,0,0,0,0,0,0,0,0,0,0,0,0,0,0,0,0,0,0,0,0,5,5,6,6,8,30,13,13,7,12
468,1,67,69,3,64,64,0,0,0,66,0,172416,172416,2648,2648,0,35324,137092,0,0,0,2694,172416,7426,4046,32,1023,10,15,0,1048576,0,0,0,inf,inf,0.887466431,0.766174316,1,0,10,67,2,4,62,0,4224,1011,2628,2628,2158,168192,34313,4046,22845,1023,1023,1023,1023,405,0,1023,0,0,0,0,0,0,1,1,1,4,6,7,5,3,6,4,6,4,0,1,6,1,2,2,1,1,0,2,1,1,0,0,0,0,0,0,0,0,0,0,0,0,0,0,0,0,0,0,0,0,0,0,0,0,0,0,0,0,0,0,0,0,0,0,0,5,4,5,6,6,6,5,8,27,6
469,1,68,69,3,64,64,0,0,0,67,0,53888,53888,4014,4014,0,14496,39392,0,0,0,842,53888,2947,1676,32,1023,10,15,0,1048576,0,0,0,inf,inf,0.549194336,0.393539429,1,0,10,68,2,45,22,0,4288,1776,775,775,555,49600,12720,1676,6187,1023,1023,1023,1023,334,0,1023,0,0,0,0,0,0,0,0,0,0,2,0,0,1,0,0,0,1,3,0,5,3,2,1,2,2,5,6,8,5,6,3,4,0,3,3,0,1,1,0,0,0,0,0,0,0,0,0,0,0,0,0,0,0,0,0,0,0,0,0,0,0,0,0,0,4,6,6,4,4,4,6,5,8,3
470,1,67,69,3,64,64,0,0,0,66,0,205376,205376,5268,5268,0,22670,182706,0,0,0,3209,205376,7206,4179,32,1023,10,15,0,1048576,0,0,0,inf,inf,0.770965576,0.658477783,1,0,10,67,2,0,50,16,4224,480,3143,3143,1802,201152,22190,4179,8912,767,1023,1023,1023,868,0,1023,1,2,3,2,8,5,10,8,6,7,4,2,1,0,2,2,1,2,0,0,0,0,0,0,0,0,0,0,0,0,0,0,0,0,0,0,0,0,0,0,0,0,0,0,0,0,0,0,0,0,0,0,0,0,0,0,0,0,0,0,0,0,0,0,0,3,5,10,3,5,13,26,3,27,25
471,1,68,69,3,64,64,0,0,0,67,0,94528,94528,9701,9701,0,25397,69131,0,0,0,1477,94528,6607,3342,32,1023,10,15,0,1048576,0,0,0,inf,inf,0.491195679,0.410598755,1,0,10,68,2,13,54,0,4288,1405,1410,1410,745,90240,23992,3342,8045,1023,1023,1023,1023,704,0,1023,0,0,0,0,0,0,0,0,0,2,2,0,2,1,1,0,3,3,8,6,5,4,6,1,4,6,5,2,2,0,0,1,0,2,0,0,0,1,0,0,0,0,0,0,0,0,0,0,0,0,0,0,0,0,0,0,0,0,0,0,0,0,0,0,0,3,3,5,5,4,4,4,5,3,5
472,1,69,69,1,64,64,0,2,0,68,0,185344,185344,4744,4744,0,33604,151740,0,0,0,2896,185344,8093,4269,32,1023,10,15,0,1048576,0,0,0,inf,0.689315796,0.690170288,0.609985352,1,0,10,69,2,2,66,0,4352,868,2828,2828,2083,180992,32736,4269,17795,1023,1023,1023,1023,104,0,1023,0,0,0,0,0,0,3,1,6,4,6,5,10,6,5,7,9,0,3,1,0,0,0,0,0,0,1,0,1,0,0,0,0,0,0,0,0,0,0,0,0,0,0,0,0,0,0,0,0,0,0,0,0,0,0,0,0,0,0,0,0,0,0,0,0,8,7,7,23,10,10,9,11,11,9
473,0,67,69,3,64,64,0,0,0,66,0,6848,6848,2145,2145,0,3229,3619,0,0,0,107,6848,733,677,32,0,10,15,0,1048576,0,0,0,inf,inf,0.209335327,0.20741272,1,0,10,67,2,65,1,0,4224,2688,41,41,27,2624,541,677,150,0,0,0,0,0,0,0,0,0,0,0,0,0,0,0,0,0,0,0,0,0,0,0,0,0,0,0,0,0,0,1,0,0,1,0,1,2,2,5,3,1,5,2,2,4,1,1,2,6,2,3,0,3,2,4,1,0,2,2,1,1,0,0,0,0,1,1,1,1,1,1,0,4294967295,4294967295,4294967295,4294967295,4294967295,4294967295,4294967295,4294967295,4294967295,4294967295
474,1,67,69,3,64,64,0,0,0,66,0,199360,199360,3221,3221,0,31721,167639,0,0,0,3115,199360,7877,4213,32,1023,10,15,0,1048576,0,0,0,inf,inf,0.924728394,0.840789795,1,0,10,67,2,0,64,2,4224,744,3049,3049,2390,195136,30977,4213,18296,1003,1023,1023,1023,96,0,1023,0,0,0,2,0,1,2,3,11,6,5,5,8,5,4,4,5,3,0,0,1,0,0,0,0,1,0,0,0,0,0,0,0,0,0,0,0,0,0,0,0,0,0,0,0,0,0,0,0,0,0,0,0,0,0,0,0,0,0,0,0,0,0,0,0,4,3,9,4,10,55,33,9,8,2
475,1,69,69,1,64,64,0,4,0,68,0,194048,194048,2968,2968,0,29496,164552,0,0,0,3032,194048,7613,4195,32,1023,10,15,0,1048576,0,0,0,inf,1.198349,1.19935608,1.07868958,1,0,10,69,2,7,59,2,4352,971,2964,2964,2311,189696,28525,4195,16492,589,1023,1023,1023,328,0,1023,0,1,1,0,0,2,2,6,12,5,8,8,7,3,3,0,1,2,0,0,0,0,0,0,0,0,0,0,0,0,0,0,0,0,0,0,0,0,0,1,0,1,0,0,0,0,0,0,0,0,0,0,0,0,0,0,1,0,0,0,2,1,0,1,0,9,10,12,29,9,40,10,15,14,9
476,1,69,69,2,64,64,0,0,0,68,0,98560,98560,7696,7696,0,11345,87215,0,0,0,1540,98560,6866,2760,32,1023,10,15,0,1048576,0,0,0,inf,inf,1.35554504,0.366867065,1,0,10,69,2,0,65,3,4352,645,1472,1472,408,94208,10700,2760,1947,1023,1023,1023,1023,0,0,1023,0,0,0,1,2,2,4,10,10,7,10,4,5,5,4,2,2,0,0,0,0,0,0,0,0,0,0,0,0,0,0,0,0,0,0,0,0,0,0,0,0,0,0,0,0,0,0,0,0,0,0,0,0,0,0,0,0,0,0,0,0,0,0,0,0,4,5,5,5,5,5,5,5,5,5
477,1,68,69,3,64,64,0,0,0,67,0,198400,198400,2417,2417,0,38924,159476,0,0,0,3100,198400,7976,4288,32,1023,10,15,0,1048576,0,0,0,inf,inf,0.697601318,0.595901489,1,0,10,68,2,0,67,0,4288,879,3033,3033,2527,194112,38045,4288,26397,1023,1023,1023,1023,288,0,1023,0,0,0,0,0,0,1,1,0,7,7,5,10,7,8,7,5,2,4,0,1,0,2,0,0,0,0,0,0,0,0,0,0,0,0,0,0,0,0,0,0,0,0,0,0,0,0,0,0,0,0,0,0,0,0,0,0,0,0,0,0,0,0,0,0,6,4,6,5,7,7,10,6,10,5
478,1,69,69,2,64,64,0,0,0,68,0,211968,211968,5404,5404,0,23821,188147,0,0,0,3312,211968,7999,4300,32,1023,10,15,0,1048576,0,0,0,inf,inf,0.898834229,0.798446655,1,0,10,69,2,0,62,6,4352,581,3244,3244,1901,207616,23240,4300,9842,703,1023,1023,1023,320,0,1023,0,0,1,3,2,9,9,6,9,6,7,2,4,1,1,4,1,2,1,0,0,0,0,0,0,0,0,0,0,0,0,0,0,0,0,0,0,0,0,0,0,0,0,0,0,0,0,0,0,0,0,0,0,0,0,0,0,0,0,0,0,0,0,0,0,6,6,5,6,6,6,11,6,32,8
479,1,69,69,2,64,64,0,0,0,68,0,197184,197184,6181,6181,0,33128,164056,0,0,0,3081,197184,8132,4312,32,1023,10,15,0,1048576,0,0,0,inf,inf,1.16722107,1.04553223,1,0,10,69,2,0,65,3,4352,740,3013,3013,2060,192832,32388,4312,15693,879,1023,1023,1023,386,0,1023,0,0,0,1,2,2,4,4,6,8,4,5,10,6,4,4,3,2,1,2,0,0,0,0,0,0,0,0,0,0,0,0,0,0,0,0,0,0,0,0,0,0,0,0,0,0,0,0,0,0,0,0,0,0,0,0,0,0,0,0,0,0,0,0,0,9,23,7,6,5,10,7,24,19,6
480,1,68,69,3,64,64,0,0,0,67,0,168384,168384,7663,7663,0,24572,143812,0,0,0,2631,168384,7856,4018,32,1023,10,15,0,1048576,0,0,0,inf,inf,0.692352295,0.608886719,1,0,10,68,2,1,63,3,4288,844,2564,2564,1410,164096,23728,4018,8639,767,1023,1023,1023,512,0,1023,0,0,1,1,1,3,5,0,6,11,6,2,3,6,3,1,0,2,1,0,3,0,5,4,2,0,0,0,1,0,0,0,0,0,0,0,0,0,0,0,0,0,0,0,0,0,0,0,0,0,0,0,0,0,0,0,0,0,0,0,0,0,0,0,0,5,4,4,5,6,4,6,5,3,4
481,1,67,69,3,64,64,0,0,0,66,0,208576,208576,4251,4251,0,26565,182011,0,0,0,3259,208576,7774,4179,32,1023,10,15,0,1048576,0,0,0,inf,inf,0.765457153,0.68157959,1,0,10,67,2,0,60,6,4224,508,3193,3193,2200,204352,26057,4179,12570,439,1023,1023,1023,84,0,1023,1,1,0,1,3,10,7,11,7,7,8,4,1,4,0,0,1,0,0,0,0,0,0,0,0,0,0,0,0,0,0,0,0,0,0,0,0,0,0,0,0,0,0,0,0,0,0,0,0,0,0,0,0,0,0,0,0,0,0,0,0,0,0,0,0,7,8,9,5,11,4,27,3,2,7
482,1,69,69,2,64,64,0,0,0,68,0,175296,175296,10741,10741,0,24532,150764,0,0,0,2739,175296,7594,3636,32,1023,10,15,0,1048576,0,0,0,inf,inf,1.20108032,1.06463623,1,0,10,69,2,0,65,3,4352,639,2671,2671,1138,170944,23893,3636,7496,1022,1023,1023,1023,116,0,1023,0,0,0,1,2,7,6,5,9,7,8,5,4,5,2,3,3,0,1,0,0,0,0,0,0,0,0,0,0,0,0,0,0,0,0,0,0,0,0,0,0,0,0,0,0,0,0,0,0,0,0,0,0,0,0,0,0,0,0,0,0,0,0,0,0,6,7,8,7,8,8,8,5,5,7
483,1,67,69,3,64,64,0,0,0,66,0,205376,205376,5665,5665,0,29035,176341,0,0,0,3209,205376,7848,4223,32,1023,10,15,0,1048576,0,0,0,inf,inf,0.953948975,0.863250732,1,0,10,67,2,0,61,5,4224,564,3143,3143,2105,201152,28471,4223,13235,1023,1023,1023,1023,704,0,1023,0,0,2,0,3,9,6,5,6,12,6,5,5,2,1,3,1,0,0,0,0,0,0,0,0,0,0,0,0,0,0,0,0,0,0,0,0,0,0,0,0,0,0,0,0,0,0,0,0,0,0,0,0,0,0,0,0,0,0,0,0,0,0,0,0,4,3,4,3,3,11,5,11,7,5
484,1,67,69,3,64,64,0,0,0,66,0,180928,180928,3064,3064,0,36225,144703,0,0,0,2827,180928,7823,4181,32,1023,10,15,0,1048576,0,0,0,inf,inf,1.15632629,1.09526062,1,0,10,67,2,1,65,0,4224,928,2761,2761,2233,176704,35297,4181,22643,1023,1023,1023,1023,33,0,1023,0,0,0,0,0,2,0,1,2,3,4,4,4,7,10,8,5,3,7,2,2,0,0,0,1,0,1,0,0,0,0,0,0,0,0,0,0,0,0,0,0,0,0,0,0,0,0,0,0,0,0,0,0,0,0,0,0,0,0,0,0,0,0,0,0,5,4,9,4,3,11,9,6,4,8
485,1,68,69,3,64,64,0,0,0,67,0,193216,193216,8282,8282,0,25818,167398,0,0,0,3019,193216,8141,4280,32,1023,10,15,0,1048576,0,0,0,inf,inf,0.70135498,0.597442627,1,0,10,68,2,0,63,4,4288,568,2952,2952,1552,188928,25250,4280,8580,1007,1023,1023,1023,32,0,1023,0,0,0,1,3,6,6,13,9,8,7,3,3,4,1,2,0,1,0,0,0,0,0,0,0,0,0,0,0,0,0,0,0,0,0,0,0,0,0,0,0,0,0,0,0,0,0,0,0,0,0,0,0,0,0,0,0,0,0,0,0,0,0,0,0,4,4,5,5,3,4,4,5,7,7
486,1,69,69,2,64,64,0,0,0,68,0,167040,167040,13806,13806,0,25307,141733,0,0,0,2610,167040,7710,3621,32,1023,10,15,0,1048576,0,0,0,inf,inf,0.978881836,0.878967285,1,0,10,69,2,0,66,2,4352,726,2542,2542,902,162688,24581,3621,5156,1023,1023,1023,1023,248,0,1023,0,0,0,0,2,4,4,4,7,9,8,6,4,4,3,5,2,1,2,2,0,0,0,1,0,0,0,0,0,0,0,0,0,0,0,0,0,0,0,0,0,0,0,0,0,0,0,0,0,0,0,0,0,0,0,0,0,0,0,0,0,0,0,0,0,6,5,6,7,7,7,12,7,6,6
487,1,67,69,3,64,64,0,0,0,66,0,192832,192832,6712,6712,0,26522,166310,0,0,0,3013,192832,7579,4112,32,1023,10,15,0,1048576,0,0,0,inf,inf,0.944442749,0.839309692,1,0,10,67,2,0,57,9,4224,532,2947,2947,1801,188608,25990,4112,10254,1023,1023,1023,1023,529,0,1023,0,0,2,1,6,3,8,11,7,9,5,5,4,2,1,1,1,0,0,0,0,0,0,0,0,0,0,0,0,0,0,0,0,0,0,0,0,0,0,0,0,0,0,0,0,0,0,0,0,0,0,0,0,0,0,0,0,0,0,0,0,0,0,0,0,10,8,6,5,14,5,5,10,7,6
488,1,69,69,2,64,64,0,0,0,68,0,141248,141248,15337,15337,0,19757,121491,0,0,0,2207,141248,6367,2341,32,1023,10,15,0,1048576,0,0,0,inf,inf,0.50479126,0.382171631,1,0,10,69,2,0,64,4,4352,640,2139,2139,388,136896,19117,2341,2231,1023,1023,1023,1023,272,0,1023,0,0,0,0,4,6,5,5,3,14,7,9,3,3,5,2,1,0,0,1,0,0,0,0,0,0,0,0,0,0,0,0,0,0,0,0,0,0,0,0,0,0,0,0,0,0,0,0,0,0,0,0,0,0,0,0,0,0,0,0,0,0,0,0,0,6,5,5,5,6,5,5,5,6,5
489,1,66,69,3,64,64,0,0,0,65,0,211392,211392,3917,3917,0,26316,185076,0,0,0,3303,211392,7349,4158,32,1023,10,15,0,1048576,0,0,0,inf,inf,1.00259399,0.881439209,1,0,10,66,2,0,54,11,4160,533,3238,3238,2241,207232,25783,4158,13413,1023,1023,1023,1023,296,0,1023,0,1,2,4,4,5,6,4,8,7,9,4,4,1,3,2,0,1,0,0,0,0,0,0,0,0,0,0,0,0,0,0,0,0,0,0,0,0,0,0,0,0,0,0,0,0,0,0,0,0,0,0,0,0,0,0,0,0,0,0,0,0,0,0,0,3,6,6,9,5,5,5,5,18,4
490,1,68,69,3,64,64,0,0,0,67,0,195200,195200,8856,8856,0,26656,168544,0,0,0,3050,195200,8109,4273,32,1023,10,15,0,1048576,0,0,0,inf,inf,0.507324219,0.448944092,1,0,10,68,2,0,63,4,4288,608,2983,2983,1537,190912,26048,4273,9021,1023,1023,1023,1023,1008,0,1023,0,0,1,0,3,6,2,6,12,12,3,5,8,3,4,2,0,0,0,0,0,0,0,0,0,0,0,0,0,0,0,0,0,0,0,0,0,0,0,0,0,0,0,0,0,0,0,0,0,0,0,0,0,0,0,0,0,0,0,0,0,0,0,0,0,5,4,4,3,7,8,7,7,7,7
491,1,67,69,3,64,64,0,0,0,66,0,156352,156352,10743,10743,0,20467,135885,0,0,0,2443,156352,7572,3636,32,1023,10,15,0,1048576,0,0,0,inf,inf,0.857803345,0.683990479,1,0,10,67,2,0,63,3,4224,699,2377,2377,841,152128,19768,3636,4038,1023,1023,1023,1023,640,0,1023,0,0,0,1,2,3,4,6,7,5,4,5,9,7,4,4,1,1,0,1,0,1,0,1,0,0,0,0,0,0,0,0,0,0,0,0,0,0,0,0,0,0,0,0,0,0,0,0,0,0,0,0,0,0,0,0,0,0,0,0,0,0,0,0,0,3,3,4,3,4,3,3,5,4,5
492,1,67,69,3,64,64,0,0,0,66,0,206592,206592,4372,4372,0,27767,178825,0,0,0,3228,206592,7703,4224,32,1023,10,15,0,1048576,0,0,0,inf,inf,0.962783813,0.874588013,1,0,10,67,2,0,59,7,4224,628,3162,3162,2224,202368,27139,4224,13784,511,1023,1023,1023,75,0,1023,0,0,1,6,0,5,3,5,6,7,6,5,5,7,5,3,0,1,0,0,0,1,0,0,0,0,0,0,0,0,0,0,0,0,0,0,0,0,0,0,0,0,0,0,0,0,0,0,0,0,0,0,0,0,0,0,0,0,0,0,0,0,0,0,0,6,6,3,10,14,9,16,4,8,7
493,1,68,69,3,64,64,0,0,0,67,0,156352,156352,8141,8141,0,26966,129386,0,0,0,2443,156352,8193,4172,32,1023,10,15,0,1048576,0,0,0,inf,inf,0.689056396,0.526031494,1,0,10,68,2,0,66,1,4288,782,2376,2376,1305,152064,26184,4172,10217,1023,1023,1023,1023,320,0,1023,0,0,0,0,1,3,0,1,6,6,8,6,13,4,7,3,5,1,1,0,1,0,1,0,0,0,0,0,0,0,0,0,0,0,0,0,0,0,0,0,0,0,0,0,0,0,0,0,0,0,0,0,0,0,0,0,0,0,0,0,0,0,0,0,0,3,3,3,3,3,3,4,4,4,5
494,1,68,69,3,64,64,0,0,0,67,0,171712,171712,13771,13771,0,21549,150163,0,0,0,2683,171712,6900,3463,32,1023,10,15,0,1048576,0,0,0,inf,inf,0.680648804,0.525848389,1,0,10,68,2,0,55,12,4288,481,2616,2616,628,167424,21068,3463,3249,1023,1023,1023,1023,140,0,1023,0,1,1,3,7,9,6,10,12,4,6,3,3,0,1,1,0,0,0,0,0,0,0,0,0,0,0,0,0,0,0,0,0,0,0,0,0,0,0,0,0,0,0,0,0,0,0,0,0,0,0,0,0,0,0,0,0,0,0,0,0,0,0,0,0,5,4,4,5,4,5,3,5,4,7
495,1,67,69,3,64,64,0,0,0,66,0,203008,203008,4948,4948,0,32474,170534,0,0,0,3172,203008,8065,4224,32,1023,10,15,0,1048576,0,0,0,inf,inf,0.706710815,0.623703003,1,0,10,67,2,0,65,1,4224,652,3106,3106,2286,198784,31822,4224,17147,1023,1023,1023,1023,597,0,1023,0,1,0,0,0,2,5,6,9,7,7,12,3,8,3,1,0,1,1,0,0,0,0,0,0,0,0,0,0,0,0,0,0,0,0,0,0,0,0,0,0,0,0,0,0,0,0,0,0,0,0,0,0,0,0,0,0,0,0,0,0,0,0,0,0,10,5,6,6,10,3,20,7,6,24
496,0.899999976,67,69,3,64,64,0,0,0,66,0,217920,217920,3416,3416,0,28295,189625,0,0,0,3405,217920,7757,4212,32,1023,10,15,0,1048576,0,0,0,inf,inf,1.09791565,1.00125122,1,0,10,67,2,0,60,6,4224,507,3339,3339,2424,213696,27788,4212,15237,179,1023,1019,1019,548,0,1019,0,0,0,1,5,7,11,8,13,8,4,4,2,1,0,2,0,0,0,0,0,0,0,0,0,0,0,0,0,0,0,0,0,0,0,0,0,0,0,0,0,0,0,0,0,0,0,0,0,0,0,0,0,0,0,0,0,0,0,0,0,0,0,0,0,3,3,4294967295,3,4,18,10,4,3,10
497,1,69,69,1,64,64,0,4,0,68,0,179712,179712,9432,9432,0,24551,155161,0,0,0,2808,179712,7907,4107,32,1023,10,15,0,1048576,0,0,0,inf,1.29251099,1.30299377,1.11820984,1,0,10,69,2,2,62,4,4352,715,2740,2740,1282,175360,23836,4107,7393,1009,1023,1023,1023,523,0,1023,0,0,0,1,3,5,7,6,3,10,9,10,6,4,1,1,0,0,0,0,0,0,0,0,0,0,0,0,0,0,0,0,0,0,0,0,0,0,0,0,0,0,0,0,0,0,0,0,0,0,0,0,0,0,0,0,0,0,0,0,0,1,0,1,0,13,12,11,16,9,11,10,10,13,9
498,1,66,69,3,64,64,0,0,0,65,0,195584,195584,7185,7185,0,25803,169781,0,0,0,3056,195584,7918,4114,32,1023,10,15,0,1048576,0,0,0,inf,inf,0.600906372,0.489089966,1,0,10,66,2,0,62,3,4160,523,2991,2991,1673,191424,25280,4114,9500,959,1023,1023,1023,320,0,1023,0,0,1,0,2,7,8,8,16,6,5,6,3,2,1,0,0,0,0,0,0,0,0,0,0,0,0,0,0,0,0,0,0,0,0,0,0,0,0,0,0,0,0,0,0,0,0,0,0,0,0,0,0,0,0,0,0,0,0,0,0,0,0,0,0,3,3,4,2,5,3,8,2,3,6
499,1,69,69,1,64,64,0,4,0,68,0,178560,178560,8081,8081,0,25494,153066,0,0,0,2790,178560,7843,4183,32,1023,10,15,0,1048576,0,0,0,inf,0.863433838,0.868362427,0.735671997,1,0,10,69,2,6,60,2,4352,884,2722,2722,1417,174208,24610,4183,8762,1019,1023,1023,1023,737,0,1023,0,0,0,1,1,7,6,6,8,10,8,5,2,3,3,0,0,0,0,0,1,0,1,0,0,0,0,0,0,0,0,0,0,0,0,0,0,0,0,1,0,0,0,0,1,0,0,0,0,0,0,0,0,0,0,0,0,0,1,0,0,1,1,0,1,16,17,9,8,21,13,16,19,20,18
500,0.5,66,69,3,64,64,0,0,0,65,0,212992,212992,4303,4303,0,3758,209234,0,0,0,3328,212992,1864,75,49568,583,10,15,0,1048576,0,0,0,inf,inf,2.21749878,1.72821045,1,0,10,66,2,0,28,37,4160,277,3263,3263,0,208832,3481,75,0,583,583,583,583,0,0,583,9,11,6,7,4,4,5,9,2,2,2,1,1,1,1,0,0,0,0,0,0,0,0,0,0,0,0,0,0,0,0,0,0,0,0,0,0,0,0,0,0,0,0,0,0,0,0,0,0,0,0,0,0,0,0,0,0,0,0,0,0,0,0,0,0,4,3,5,4294967295,4294967295,4294967295,2,4294967295,4294967295,1
501,0,17,69,3,16,16,0,0,0,16,0,63360,63360,932,932,0,892,62468,0,0,0,990,63360,16,6,22752,0,10,15,0,1048576,0,0,0,inf,inf,3.50144958,2.99411011,1,0,10,17,2,0,0,16,1024,4,974,974,0,62336,888,6,0,0,0,0,0,0,0,0,12,4,0,0,0,0,0,0,0,0,0,0,0,0,0,0,0,0,0,0,0,0,0,0,0,0,0,0,0,0,0,0,0,0,0,0,0,0,0,0,0,0,0,0,0,0,0,0,0,0,0,0,0,0,0,0,0,0,0,0,0,0,0,0,0,4294967295,4294967295,4294967295,4294967295,4294967295,4294967295,4294967295,4294967295,4294967295,4294967295
502,1,66,69,3,64,64,0,0,0,65,0,199168,199168,4550,4550,0,3879,195289,0,0,0,3112,199168,2503,78,16640,1023,10,15,0,1048576,0,0,0,inf,inf,2.248703,0.554870605,1,0,10,66,2,0,38,27,4160,364,3047,3047,0,195008,3515,78,0,1023,1023,1023,1023,0,0,1023,5,12,2,0,8,3,10,4,5,2,7,2,3,1,1,0,0,0,0,0,0,0,0,0,0,0,0,0,0,0,0,0,0,0,0,0,0,0,0,0,0,0,0,0,0,0,0,0,0,0,0,0,0,0,0,0,0,0,0,0,0,0,0,0,0,2,1,1,2,2,1,2,1,1,2
503,0.300000012,65,69,3,64,64,0,0,0,64,0,193664,193664,5141,5141,0,4371,189293,0,0,0,3026,193664,1742,83,41760,56,10,15,0,1048576,0,0,0,inf,inf,2.30708313,2.06143188,1,0,10,65,2,0,26,38,4096,281,2962,2962,0,189568,4090,83,0,48,56,56,56,0,0,56,8,5,11,9,5,4,4,7,3,1,1,4,1,0,0,1,0,0,0,0,0,0,0,0,0,0,0,0,0,0,0,0,0,0,0,0,0,0,0,0,0,0,0,0,0,0,0,0,0,0,0,0,0,0,0,0,0,0,0,0,0,0,0,0,0,4294967295,4294967295,4294967295,0,1,1,4294967295,4294967295,4294967295,4294967295
504,0.899999976,65,69,3,64,64,0,0,0,64,0,186944,186944,4534,4534,0,3731,183213,0,0,0,2921,186944,2674,60,31776,1023,10,15,0,1048576,0,0,0,inf,inf,2.52546692,0.485336304,1,0,10,65,2,0,41,23,4096,376,2857,2857,0,182848,3355,60,0,1023,1023,1023,1023,0,0,511,8,5,3,3,4,3,9,6,7,2,6,4,3,0,0,1,0,0,0,0,0,0,0,0,0,0,0,0,0,0,0,0,0,0,0,0,0,0,0,0,0,0,0,0,0,0,0,0,0,0,0,0,0,0,0,0,0,0,0,0,0,0,0,0,0,1,1,1,1,1,1,1,1,0,1
505,0,21,69,3,20,20,0,0,0,20,0,71232,71232,1184,1184,0,1017,70215,0,0,0,1113,71232,20,10,25760,0,10,15,0,1048576,0,0,0,inf,inf,3.63679504,2.05168152,1,0,10,21,2,0,0,20,1280,10,1093,1093,0,69952,1007,10,0,0,0,0,0,0,0,0,14,2,4,0,0,0,0,0,0,0,0,0,0,0,0,0,0,0,0,0,0,0,0,0,0,0,0,0,0,0,0,0,0,0,0,0,0,0,0,0,0,0,0,0,0,0,0,0,0,0,0,0,0,0,0,0,0,0,0,0,0,0,0,0,0,4294967295,4294967295,4294967295,4294967295,4294967295,4294967295,4294967295,4294967295,4294967295,4294967295
506,0,32,69,3,31,31,0,0,0,31,0,123072,123072,1741,1741,0,1704,121368,0,0,0,1923,123072,31,21,26016,0,10,15,0,1048576,0,0,0,inf,inf,2.97659302,2.2244873,1,0,10,32,2,0,0,31,1984,34,1892,1892,0,121088,1670,21,0,0,0,0,0,0,0,0,15,5,5,5,1,0,0,0,0,0,0,0,0,0,0,0,0,0,0,0,0,0,0,0,0,0,0,0,0,0,0,0,0,0,0,0,0,0,0,0,0,0,0,0,0,0,0,0,0,0,0,0,0,0,0,0,0,0,0,0,0,0,0,0,0,4294967295,4294967295,4294967295,4294967295,4294967295,4294967295,4294967295,4294967295,4294967295,4294967295
507,0.100000001,17,69,3,16,16,0,0,0,16,0,62656,62656,922,922,0,871,61785,0,0,0,979,62656,16,6,27744,1,10,15,0,1048576,0,0,0,inf,inf,2.76713562,2.28341675,1,0,10,17,2,0,0,16,1024,4,963,963,0,61632,867,6,0,0,1,1,1,0,0,1,12,4,0,0,0,0,0,0,0,0,0,0,0,0,0,0,0,0,0,0,0,0,0,0,0,0,0,0,0,0,0,0,0,0,0,0,0,0,0,0,0,0,0,0,0,0,0,0,0,0,0,0,0,0,0,0,0,0,0,0,0,0,0,0,0,0,4294967295,4294967295,4294967295,4294967295,4294967295,4294967295,4294967295,4294967295,4294967295
508,1,65,69,3,64,64,0,0,0,64,0,210368,210368,4224,4224,0,3712,206656,0,0,0,3287,210368,1863,74,64960,1023,10,15,0,1048576,0,0,0,inf,inf,1.79542542,1.19378662,1,0,10,65,2,0,28,36,4096,287,3223,3223,0,206272,3425,74,0,1023,1023,1023,1023,0,0,1023,6,8,7,9,6,6,4,8,2,2,2,1,1,1,1,0,0,0,0,0,0,0,0,0,0,0,0,0,0,0,0,0,0,0,0,0,0,0,0,0,0,0,0,0,0,0,0,0,0,0,0,0,0,0,0,0,0,0,0,0,0,0,0,0,0,2,1,0,1,4,1,6,2,1,1
509,0,36,69,3,35,35,0,0,0,35,0,128896,128896,2145,2145,0,1952,126944,0,0,0,2014,128896,289,25,12192,0,10,15,0,1048576,0,0,0,inf,inf,3.41093445,2.70785522,1,0,10,36,2,0,4,31,2240,43,1979,1979,0,126656,1909,25,0,0,0,0,0,0,0,0,19,6,3,1,2,4,0,0,0,0,0,0,0,0,0,0,0,0,0,0,0,0,0,0,0,0,0,0,0,0,0,0,0,0,0,0,0,0,0,0,0,0,0,0,0,0,0,0,0,0,0,0,0,0,0,0,0,0,0,0,0,0,0,0,0,4294967295,4294967295,4294967295,4294967295,4294967295,4294967295,4294967295,4294967295,4294967295,4294967295
510,1,65,69,3,64,64,0,0,0,64,0,225408,225408,4220,4220,0,3921,221487,0,0,0,3522,225408,1332,114,28352,1023,10,15,0,1048576,0,0,0,inf,inf,1.98620605,1.56704712,1,0,10,65,2,0,19,45,4096,225,3458,3458,0,221312,3696,114,0,408,1023,1023,1023,0,0,1023,10,10,15,3,7,3,5,5,0,1,2,0,1,1,1,0,0,0,0,0,0,0,0,0,0,0,0,0,0,0,0,0,0,0,0,0,0,0,0,0,0,0,0,0,0,0,0,0,0,0,0,0,0,0,0,0,0,0,0,0,0,0,0,0,0,0,0,2,8,7,4,0,9,8,37
511,0,23,69,3,22,22,0,0,0,22,0,78400,78400,1397,1397,0,1218,77182,0,0,0,1225,78400,22,12,15168,0,10,15,0,1048576,0,0,0,inf,inf,3.3575592,2.85426331,1,0,10,23,2,0,0,22,1408,14,1203,1203,0,76992,1204,12,0,0,0,0,0,0,0,0,8,14,0,0,0,0,0,0,0,0,0,0,0,0,0,0,0,0,0,0,0,0,0,0,0,0,0,0,0,0,0,0,0,0,0,0,0,0,0,0,0,0,0,0,0,0,0,0,0,0,0,0,0,0,0,0,0,0,0,0,0,0,0,0,0,4294967295,4294967295,4294967295,4294967295,4294967295,4294967295,4294967295,4294967295,4294967295,4294967295
512,1,65,69,3,64,64,0,0,0,64,0,187840,187840,5266,5266,0,4440,183400,0,0,0,2935,187840,1957,91,41760,1023,10,15,0,1048576,0,0,0,inf,inf,1.09239197,0.788604736,1,0,10,65,2,0,29,35,4096,308,2871,2871,0,183744,4132,91,0,763,1023,1023,1023,0,0,1023,3,9,8,9,6,5,5,6,3,2,2,2,3,0,0,1,0,0,0,0,0,0,0,0,0,0,0,0,0,0,0,0,0,0,0,0,0,0,0,0,0,0,0,0,0,0,0,0,0,0,0,0,0,0,0,0,0,0,0,0,0,0,0,0,0,1,1,2,1,1,1,0,2,2,2
513,1,65,69,3,64,64,0,0,0,64,0,209664,209664,4297,4297,0,3763,205901,0,0,0,3276,209664,1734,77,64960,1023,10,15,0,1048576,0,0,0,inf,inf,2.07092285,1.6133728,1,0,10,65,2,0,26,38,4096,273,3212,3212,0,205568,3490,77,0,1023,1023,1023,1023,0,0,1023,4,15,8,8,3,3,4,9,2,2,2,1,1,1,1,0,0,0,0,0,0,0,0,0,0,0,0,0,0,0,0,0,0,0,0,0,0,0,0,0,0,0,0,0,0,0,0,0,0,0,0,0,0,0,0,0,0,0,0,0,0,0,0,0,0,3,4,2,5,7,5,1,2,8,0
514,0.699999988,65,69,3,64,64,0,0,0,64,0,231104,231104,3977,3977,0,3549,227555,0,0,0,3611,231104,72,62,27200,1004,10,15,0,1048576,0,0,0,inf,inf,3.05667114,2.40364075,1,0,10,65,2,0,0,64,4096,59,3547,3547,0,227008,3490,62,0,968,1004,1004,1004,0,0,1004,29,21,6,6,2,0,0,0,0,0,0,0,0,0,0,0,0,0,0,0,0,0,0,0,0,0,0,0,0,0,0,0,0,0,0,0,0,0,0,0,0,0,0,0,0,0,0,0,0,0,0,0,0,0,0,0,0,0,0,0,0,0,0,0,0,4294967295,4294967295,5,11,4294967295,4,4,3,3,5
515,1,65,69,3,64,64,0,0,0,64,0,166272,166272,5330,5330,0,4253,162019,0,0,0,2598,166272,2642,89,48064,1023,10,15,0,1048576,0,0,0,inf,inf,0.62171936,0.318481445,1,0,10,65,2,0,40,24,4096,396,2534,2534,0,162176,3857,89,0,1023,1023,1023,1023,0,0,1023,1,6,5,5,7,3,6,11,5,2,4,3,4,0,0,2,0,0,0,0,0,0,0,0,0,0,0,0,0,0,0,0,0,0,0,0,0,0,0,0,0,0,0,0,0,0,0,0,0,0,0,0,0,0,0,0,0,0,0,0,0,0,0,0,0,1,1,3,0,1,2,1,1,1,1
516,1,65,69,3,64,64,0,0,0,64,0,214656,214656,5340,5340,0,4946,209710,0,0,0,3354,214656,1578,165,34560,1023,10,15,0,1048576,0,0,0,inf,inf,2.09246826,1.87098694,1,0,10,65,2,0,22,42,4096,247,3290,3290,0,210560,4699,165,0,832,1023,1023,1023,0,0,1023,13,6,13,5,5,2,4,5,5,1,0,1,3,0,0,1,0,0,0,0,0,0,0,0,0,0,0,0,0,0,0,0,0,0,0,0,0,0,0,0,0,0,0,0,0,0,0,0,0,0,0,0,0,0,0,0,0,0,0,0,0,0,0,0,0,0,0,61,43,3,1,14,7,8,13
517,1,65,69,3,64,64,0,0,0,64,0,177920,177920,4711,4711,0,4077,173843,0,0,0,2780,177920,3050,115,40448,1023,10,15,0,1048576,0,0,0,inf,inf,1.77870178,1.25411987,1,0,10,65,2,2,46,16,4096,558,2716,2716,0,173824,3519,115,0,1023,1023,1023,1023,0,0,1023,2,6,2,2,4,6,5,6,8,4,0,3,4,1,1,1,1,1,0,0,2,0,0,1,0,2,1,0,0,1,0,0,0,0,0,0,0,0,0,0,0,0,0,0,0,0,0,0,0,0,0,0,0,0,0,0,0,0,0,0,0,0,0,0,0,2,1,2,2,2,1,1,1,1,1
518,0.100000001,23,69,3,22,22,0,0,0,22,0,86912,86912,1225,1225,0,1173,85739,0,0,0,1358,86912,22,12,17920,2,10,15,0,1048576,0,0,0,inf,inf,3.32530212,2.59616089,1,0,10,23,2,0,0,22,1408,8,1336,1336,0,85504,1165,12,0,0,2,2,2,0,0,2,14,8,0,0,0,0,0,0,0,0,0,0,0,0,0,0,0,0,0,0,0,0,0,0,0,0,0,0,0,0,0,0,0,0,0,0,0,0,0,0,0,0,0,0,0,0,0,0,0,0,0,0,0,0,0,0,0,0,0,0,0,0,0,0,0,4294967295,0,4294967295,4294967295,4294967295,4294967295,4294967295,4294967295,4294967295,4294967295
519,0.200000003,65,69,3,64,64,0,0,0,64,0,236672,236672,3863,3863,0,3505,233167,0,0,0,3698,236672,71,61,14944,192,10,15,0,1048576,0,0,0,inf,inf,3.02897644,1.79089355,1,0,10,65,2,0,0,64,4096,43,3634,3634,0,232576,3462,61,0,0,192,192,192,0,0,192,39,11,10,4,0,0,0,0,0,0,0,0,0,0,0,0,0,0,0,0,0,0,0,0,0,0,0,0,0,0,0,0,0,0,0,0,0,0,0,0,0,0,0,0,0,0,0,0,0,0,0,0,0,0,0,0,0,0,0,0,0,0,0,0,0,4294967295,4294967295,4294967295,4294967295,4294967295,4294967295,1,0,4294967295,4294967295
520,0.899999976,65,69,3,64,64,0,0,0,64,0,217664,217664,4392,4392,0,3924,213740,0,0,0,3401,217664,1024,121,58176,991,10,15,0,1048576,0,0,0,inf,inf,1.08837891,0.779846191,1,0,10,65,2,0,14,50,4096,170,3337,3337,0,213568,3754,121,0,926,991,991,991,0,0,991,13,15,5,7,10,8,1,2,3,0,0,0,0,0,0,0,0,0,0,0,0,0,0,0,0,0,0,0,0,0,0,0,0,0,0,0,0,0,0,0,0,0,0,0,0,0,0,0,0,0,0,0,0,0,0,0,0,0,0,0,0,0,0,0,0,3,3,1,1,12,4294967295,5,2,7,5
521,0,11,69,3,10,10,0,0,0,10,0,41600,41600,543,543,0,543,41057,0,0,0,650,41600,10,0,17728,0,10,15,0,1048576,0,0,0,inf,inf,3.4286499,3.4286499,1,0,10,11,2,0,0,10,640,0,640,640,0,40960,543,0,0,0,0,0,0,0,0,0,10,0,0,0,0,0,0,0,0,0,0,0,0,0,0,0,0,0,0,0,0,0,0,0,0,0,0,0,0,0,0,0,0,0,0,0,0,0,0,0,0,0,0,0,0,0,0,0,0,0,0,0,0,0,0,0,0,0,0,0,0,0,0,0,0,4294967295,4294967295,4294967295,4294967295,4294967295,4294967295,4294967295,4294967295,4294967295,4294967295
522,1,65,69,3,64,64,0,0,0,64,0,217216,217216,4771,4771,0,4367,212849,0,0,0,3394,217216,1244,151,37408,1023,10,15,0,1048576,0,0,0,inf,inf,1.64053345,1.34268188,1,0,10,65,2,0,17,47,4096,211,3330,3330,0,213120,4156,151,0,1021,1023,1023,1023,0,0,1023,7,10,10,10,10,7,4,2,0,3,0,1,0,0,0,0,0,0,0,0,0,0,0,0,0,0,0,0,0,0,0,0,0,0,0,0,0,0,0,0,0,0,0,0,0,0,0,0,0,0,0,0,0,0,0,0,0,0,0,0,0,0,0,0,0,1,11,3,6,2,1,4,2,6,6
523,0.100000001,65,69,3,64,64,0,0,0,64,0,232704,232704,3941,3941,0,3550,229154,0,0,0,3636,232704,160,86,21696,128,10,15,0,1048576,0,0,0,inf,inf,2.55134583,2.04811096,1,0,10,65,2,0,1,63,4096,47,3572,3572,0,228608,3503,86,0,0,128,128,128,0,0,128,35,19,5,3,1,1,0,0,0,0,0,0,0,0,0,0,0,0,0,0,0,0,0,0,0,0,0,0,0,0,0,0,0,0,0,0,0,0,0,0,0,0,0,0,0,0,0,0,0,0,0,0,0,0,0,0,0,0,0,0,0,0,0,0,0,4294967295,4294967295,4294967295,4294967295,4294967295,4294967295,4294967295,0,4294967295,4294967295
524,0,65,69,3,64,64,0,0,0,64,0,228928,228928,4116,4116,0,3707,225221,0,0,0,3577,228928,449,56,35744,0,10,15,0,1048576,0,0,0,inf,inf,3.10884094,2.65202332,1,0,10,65,2,0,6,58,4096,118,3513,3513,0,224832,3589,56,0,0,0,0,0,0,0,0,16,13,16,11,2,4,2,0,0,0,0,0,0,0,0,0,0,0,0,0,0,0,0,0,0,0,0,0,0,0,0,0,0,0,0,0,0,0,0,0,0,0,0,0,0,0,0,0,0,0,0,0,0,0,0,0,0,0,0,0,0,0,0,0,0,4294967295,4294967295,4294967295,4294967295,4294967295,4294967295,4294967295,4294967295,4294967295,4294967295
525,0.300000012,13,69,3,12,12,0,0,0,12,0,47680,47680,671,671,0,646,47034,0,0,0,745,47680,12,2,11744,265,10,15,0,1048576,0,0,0,inf,inf,2.59719849,2.36703491,1,0,10,13,2,0,0,12,768,8,733,733,0,46912,638,2,0,0,265,265,265,0,0,265,7,2,3,0,0,0,0,0,0,0,0,0,0,0,0,0,0,0,0,0,0,0,0,0,0,0,0,0,0,0,0,0,0,0,0,0,0,0,0,0,0,0,0,0,0,0,0,0,0,0,0,0,0,0,0,0,0,0,0,0,0,0,0,0,0,0,4294967295,4294967295,0,4294967295,4294967295,4294967295,4294967295,0,4294967295
526,0,65,69,3,64,64,0,0,0,64,0,190272,190272,4744,4744,0,4070,186202,0,0,0,2973,190272,2357,68,6976,0,10,15,0,1048576,0,0,0,inf,inf,2.81352234,2.5007019,1,0,10,65,2,0,36,28,4096,445,2909,2909,0,186176,3625,68,0,0,0,0,0,0,0,0,10,9,1,4,4,3,0,3,2,5,2,7,2,5,1,1,0,1,2,1,0,0,1,0,0,0,0,0,0,0,0,0,0,0,0,0,0,0,0,0,0,0,0,0,0,0,0,0,0,0,0,0,0,0,0,0,0,0,0,0,0,0,0,0,0,4294967295,4294967295,4294967295,4294967295,4294967295,4294967295,4294967295,4294967295,4294967295,4294967295
527,0,49,69,3,48,48,0,0,0,48,0,181376,181376,2892,2892,0,2674,178702,0,0,0,2834,181376,48,38,35104,0,10,15,0,1048576,0,0,0,inf,inf,3.90974426,2.35502625,1,0,10,49,2,0,0,48,3072,30,2786,2786,0,178304,2644,38,0,0,0,0,0,0,0,0,31,8,6,2,1,0,0,0,0,0,0,0,0,0,0,0,0,0,0,0,0,0,0,0,0,0,0,0,0,0,0,0,0,0,0,0,0,0,0,0,0,0,0,0,0,0,0,0,0,0,0,0,0,0,0,0,0,0,0,0,0,0,0,0,0,4294967295,4294967295,4294967295,4294967295,4294967295,4294967295,4294967295,4294967295,4294967295,4294967295
528,0.200000003,66,69,3,64,64,0,0,0,65,0,216448,216448,4497,4497,0,4078,212370,0,0,0,3382,216448,2088,118,48864,768,10,15,0,1048576,0,0,0,inf,inf,3.01222229,2.81318665,1,0,10,66,2,0,31,34,4160,306,3317,3317,0,212288,3772,118,0,0,768,768,768,0,0,768,11,8,3,8,4,4,8,0,5,5,4,1,4,0,0,0,0,0,0,0,0,0,0,0,0,0,0,0,0,0,0,0,0,0,0,0,0,0,0,0,0,0,0,0,0,0,0,0,0,0,0,0,0,0,0,0,0,0,0,0,0,0,0,0,0,4294967295,4294967295,4294967295,4294967295,4294967295,4294967295,4294967295,4294967295,49,37
529,0.800000012,65,69,3,64,64,0,0,0,64,0,221696,221696,5198,5198,0,4835,216861,0,0,0,3464,221696,1279,130,42368,927,10,15,0,1048576,0,0,0,inf,inf,1.91983032,1.64648438,1,0,10,65,2,0,18,46,4096,203,3400,3400,0,217600,4632,130,0,788,927,927,927,0,0,927,11,12,13,4,6,4,4,3,4,1,0,1,1,0,0,0,0,0,0,0,0,0,0,0,0,0,0,0,0,0,0,0,0,0,0,0,0,0,0,0,0,0,0,0,0,0,0,0,0,0,0,0,0,0,0,0,0,0,0,0,0,0,0,0,0,2,8,10,0,4,4294967295,4294967295,5,12,5
530,0.800000012,65,69,3,64,64,0,0,0,64,0,232960,232960,4124,4124,0,3908,229052,0,0,0,3640,232960,891,125,29152,1020,10,15,0,1048576,0,0,0,inf,inf,2.26727295,1.75318909,1,0,10,65,2,0,12,52,4096,179,3576,3576,0,228864,3729,125,0,748,1020,1020,1020,0,0,1020,11,15,10,10,6,3,4,0,2,0,0,1,2,0,0,0,0,0,0,0,0,0,0,0,0,0,0,0,0,0,0,0,0,0,0,0,0,0,0,0,0,0,0,0,0,0,0,0,0,0,0,0,0,0,0,0,0,0,0,0,0,0,0,0,0,4294967295,4294967295,45,43,4,45,44,11,15,44
531,1,65,69,3,64,64,0,0,0,64,0,208896,208896,4229,4229,0,3689,205207,0,0,0,3264,208896,1984,68,64960,1023,10,15,0,1048576,0,0,0,inf,inf,1.8949585,1.31863403,1,0,10,65,2,0,30,34,4096,288,3200,3200,0,204800,3401,68,0,1021,1023,1023,1023,0,0,1023,7,9,5,8,5,7,5,8,2,2,2,1,1,1,1,0,0,0,0,0,0,0,0,0,0,0,0,0,0,0,0,0,0,0,0,0,0,0,0,0,0,0,0,0,0,0,0,0,0,0,0,0,0,0,0,0,0,0,0,0,0,0,0,0,0,0,13,1,12,1,1,1,1,3,1
532,1,65,69,3,64,64,0,0,0,64,0,177664,177664,5769,5769,0,4907,172757,0,0,0,2776,177664,2398,153,24192,1023,10,15,0,1048576,0,0,0,inf,inf,0.861755371,0.581390381,1,0,10,65,2,0,35,29,4096,369,2712,2712,0,173568,4538,153,0,1023,1023,1023,1023,0,0,1023,0,4,8,10,7,4,3,10,8,1,1,2,4,0,0,2,0,0,0,0,0,0,0,0,0,0,0,0,0,0,0,0,0,0,0,0,0,0,0,0,0,0,0,0,0,0,0,0,0,0,0,0,0,0,0,0,0,0,0,0,0,0,0,0,0,2,2,3,1,2,3,1,2,1,1
533,0.100000001,15,69,3,14,14,0,0,0,14,0,53952,53952,834,834,0,775,53177,0,0,0,843,53952,14,4,21888,2,10,15,0,1048576,0,0,0,inf,inf,4.07736206,3.35482788,1,0,10,15,2,0,0,14,896,4,829,829,0,53056,771,4,0,0,2,2,2,0,0,2,10,4,0,0,0,0,0,0,0,0,0,0,0,0,0,0,0,0,0,0,0,0,0,0,0,0,0,0,0,0,0,0,0,0,0,0,0,0,0,0,0,0,0,0,0,0,0,0,0,0,0,0,0,0,0,0,0,0,0,0,0,0,0,0,0,4294967295,0,4294967295,4294967295,4294967295,4294967295,4294967295,4294967295,4294967295,4294967295
534,0,49,69,3,48,48,0,0,0,48,0,178304,178304,2975,2975,0,2715,175589,0,0,0,2786,178304,239,38,24512,0,10,15,0,1048576,0,0,0,inf,inf,3.29269409,2.39945984,1,0,10,49,2,0,3,45,3072,36,2738,2738,0,175232,2679,38,0,0,0,0,0,0,0,0,30,12,1,1,1,3,0,0,0,0,0,0,0,0,0,0,0,0,0,0,0,0,0,0,0,0,0,0,0,0,0,0,0,0,0,0,0,0,0,0,0,0,0,0,0,0,0,0,0,0,0,0,0,0,0,0,0,0,0,0,0,0,0,0,0,4294967295,4294967295,4294967295,4294967295,4294967295,4294967295,4294967295,4294967295,4294967295,4294967295
535,1,65,69,3,64,64,0,0,0,64,0,167488,167488,4765,4765,0,4011,163477,0,0,0,2617,167488,3670,108,57952,1023,10,15,0,1048576,0,0,0,inf,inf,1.64555359,1.19033813,1,0,10,65,2,1,56,7,4096,646,2553,2553,0,163392,3365,108,0,1023,1023,1023,1023,0,0,1023,0,2,2,2,1,8,8,5,7,6,0,4,2,2,1,1,3,1,1,0,0,2,0,2,1,2,0,0,0,1,0,0,0,0,0,0,0,0,0,0,0,0,0,0,0,0,0,0,0,0,0,0,0,0,0,0,0,0,0,0,0,0,0,0,0,1,1,0,1,1,1,1,1,2,1
536,1,65,69,3,64,64,0,0,0,64,0,214976,214976,4243,4243,0,3770,211206,0,0,0,3359,214976,1551,78,25024,1023,10,15,0,1048576,0,0,0,inf,inf,2.11071777,1.59516907,1,0,10,65,2,0,23,41,4096,250,3295,3295,0,210880,3520,78,0,1014,1023,1023,1023,0,0,1023,8,15,8,7,3,2,5,6,2,2,2,1,1,1,1,0,0,0,0,0,0,0,0,0,0,0,0,0,0,0,0,0,0,0,0,0,0,0,0,0,0,0,0,0,0,0,0,0,0,0,0,0,0,0,0,0,0,0,0,0,0,0,0,0,0,24,5,6,3,5,5,4,5,0,58
537,0.100000001,38,69,3,37,37,0,0,0,37,0,128704,128704,2423,2423,0,2100,126604,0,0,0,2011,128704,37,27,33280,8,10,15,0,1048576,0,0,0,inf,inf,3.50437927,3.00230408,1,0,10,38,2,0,0,37,2368,44,1974,1974,0,126336,2056,27,0,8,8,8,8,0,0,8,12,12,9,2,2,0,0,0,0,0,0,0,0,0,0,0,0,0,0,0,0,0,0,0,0,0,0,0,0,0,0,0,0,0,0,0,0,0,0,0,0,0,0,0,0,0,0,0,0,0,0,0,0,0,0,0,0,0,0,0,0,0,0,0,0,4294967295,4294967295,4294967295,3,4294967295,4294967295,4294967295,4294967295,4294967295,4294967295
538,1,65,69,3,64,64,0,0,0,64,0,172608,172608,5521,5521,0,4564,168044,0,0,0,2697,172608,2479,116,41760,1023,10,15,0,1048576,0,0,0,inf,inf,0.793197632,0.560852051,1,0,10,65,2,0,37,27,4096,390,2633,2633,0,168512,4174,116,0,1023,1023,1023,1023,0,0,1023,1,6,8,4,8,1,4,11,6,2,4,2,5,0,0,2,0,0,0,0,0,0,0,0,0,0,0,0,0,0,0,0,0,0,0,0,0,0,0,0,0,0,0,0,0,0,0,0,0,0,0,0,0,0,0,0,0,0,0,0,0,0,0,0,0,1,1,1,1,2,4,1,3,0,1
539,0.600000024,65,69,3,64,64,0,0,0,64,0,187200,187200,5278,5278,0,4517,182683,0,0,0,2925,187200,2293,118,46464,984,10,15,0,1048576,0,0,0,inf,inf,2.32995605,2.14651489,1,0,10,65,2,0,34,30,4096,356,2861,2861,0,183104,4161,118,0,840,984,984,984,0,0,984,7,4,9,5,5,1,5,9,4,2,4,3,4,0,0,2,0,0,0,0,0,0,0,0,0,0,0,0,0,0,0,0,0,0,0,0,0,0,0,0,0,0,0,0,0,0,0,0,0,0,0,0,0,0,0,0,0,0,0,0,0,0,0,0,0,4294967295,4294967295,4294967295,3,46,4294967295,3,0,3,3
540,1,65,69,3,64,64,0,0,0,64,0,189248,189248,5881,5881,0,5154,184094,0,0,0,2957,189248,2079,161,24192,1023,10,15,0,1048576,0,0,0,inf,inf,0.999649048,0.798019409,1,0,10,65,2,0,30,34,4096,315,2893,2893,0,185152,4839,161,0,767,1023,1023,1023,0,0,1023,3,5,11,8,7,6,5,7,5,0,1,0,4,0,1,1,0,0,0,0,0,0,0,0,0,0,0,0,0,0,0,0,0,0,0,0,0,0,0,0,0,0,0,0,0,0,0,0,0,0,0,0,0,0,0,0,0,0,0,0,0,0,0,0,0,1,1,2,1,2,1,1,2,3,1
541,1,65,69,3,64,64,0,0,0,64,0,232384,232384,3955,3955,0,3746,228638,0,0,0,3631,232384,1490,102,57568,1023,10,15,0,1048576,0,0,0,inf,inf,1.61546326,1.03775024,1,0,10,65,2,0,22,42,4096,218,3567,3567,0,228288,3528,102,0,1023,1023,1023,1023,0,0,1023,7,14,8,7,6,8,3,7,1,2,1,0,0,0,0,0,0,0,0,0,0,0,0,0,0,0,0,0,0,0,0,0,0,0,0,0,0,0,0,0,0,0,0,0,0,0,0,0,0,0,0,0,0,0,0,0,0,0,0,0,0,0,0,0,0,2,3,3,2,4,3,2,3,1,4
542,1,66,69,3,64,64,0,0,0,65,0,214016,214016,4256,4256,0,3754,210262,0,0,0,3344,214016,2062,74,56096,1023,10,15,0,1048576,0,0,0,inf,inf,1.65910339,0.95866394,1,0,10,66,2,0,31,34,4160,305,3279,3279,0,209856,3449,74,0,1023,1023,1023,1023,0,0,1023,4,8,7,9,6,7,5,9,2,2,2,1,1,1,1,0,0,0,0,0,0,0,0,0,0,0,0,0,0,0,0,0,0,0,0,0,0,0,0,0,0,0,0,0,0,0,0,0,0,0,0,0,0,0,0,0,0,0,0,0,0,0,0,0,0,5,6,2,1,1,1,2,1,1,4
543,1,65,69,3,64,64,0,0,0,64,0,167104,167104,5352,5352,0,4295,162809,0,0,0,2611,167104,2710,89,49056,1023,10,15,0,1048576,0,0,0,inf,inf,0.7684021,0.503921509,1,0,10,65,2,0,41,23,4096,403,2547,2547,0,163008,3892,89,0,1023,1023,1023,1023,0,0,1023,2,3,6,4,8,2,8,11,5,2,4,3,4,0,0,2,0,0,0,0,0,0,0,0,0,0,0,0,0,0,0,0,0,0,0,0,0,0,0,0,0,0,0,0,0,0,0,0,0,0,0,0,0,0,0,0,0,0,0,0,0,0,0,0,0,1,1,2,2,1,0,2,1,2,1
544,0,15,69,3,14,14,0,0,0,14,0,52992,52992,808,808,0,738,52254,0,0,0,828,52992,14,4,14944,0,10,15,0,1048576,0,0,0,inf,inf,3.44927979,3.09580994,1,0,10,15,2,0,0,14,896,8,814,814,0,52096,730,4,0,0,0,0,0,0,0,0,9,2,3,0,0,0,0,0,0,0,0,0,0,0,0,0,0,0,0,0,0,0,0,0,0,0,0,0,0,0,0,0,0,0,0,0,0,0,0,0,0,0,0,0,0,0,0,0,0,0,0,0,0,0,0,0,0,0,0,0,0,0,0,0,0,4294967295,4294967295,4294967295,4294967295,4294967295,4294967295,4294967295,4294967295,4294967295,4294967295
545,0,14,69,3,13,13,0,0,0,13,0,53824,53824,722,722,0,721,53103,0,0,0,841,53824,13,3,22752,0,10,15,0,1048576,0,0,0,inf,inf,4.16563416,3.56744385,1,0,10,14,2,0,0,13,832,0,828,828,0,52992,721,3,0,0,0,0,0,0,0,0,13,0,0,0,0,0,0,0,0,0,0,0,0,0,0,0,0,0,0,0,0,0,0,0,0,0,0,0,0,0,0,0,0,0,0,0,0,0,0,0,0,0,0,0,0,0,0,0,0,0,0,0,0,0,0,0,0,0,0,0,0,0,0,0,0,4294967295,4294967295,4294967295,4294967295,4294967295,4294967295,4294967295,4294967295,4294967295,4294967295
546,0.899999976,65,69,3,64,64,0,0,0,64,0,219648,219648,4328,4328,0,4033,215615,0,0,0,3432,219648,1808,158,31328,511,10,15,0,1048576,0,0,0,inf,inf,1.70150757,1.42796326,1,0,10,65,2,0,26,38,4096,275,3368,3368,0,215552,3758,158,0,383,511,511,511,0,0,511,6,10,7,7,8,5,4,7,2,4,2,0,1,0,0,0,1,0,0,0,0,0,0,0,0,0,0,0,0,0,0,0,0,0,0,0,0,0,0,0,0,0,0,0,0,0,0,0,0,0,0,0,0,0,0,0,0,0,0,0,0,0,0,0,0,7,6,7,4,5,4,2,9,2,4294967295
547,1,65,69,3,64,64,0,0,0,64,0,126336,126336,5720,5720,0,4723,121613,0,0,0,1974,126336,3897,124,11712,1023,10,15,0,1048576,0,0,0,inf,inf,0.851303101,0.539810181,1,0,10,65,2,3,59,2,4096,963,1910,1910,0,122240,3760,124,0,1023,1023,1023,1023,0,0,1023,0,0,1,0,1,2,1,0,1,3,6,6,3,3,4,4,1,6,6,4,2,3,1,1,1,1,0,0,1,0,0,2,0,0,0,0,0,0,0,0,0,0,0,0,0,0,0,0,0,0,0,0,0,0,0,0,0,0,0,0,0,0,0,0,0,1,1,1,0,1,1,1,0,3,1
548,0.899999976,65,69,3,64,64,0,0,0,64,0,213120,213120,4452,4452,0,3835,209285,0,0,0,3330,213120,365,104,54240,1023,10,15,0,1048576,0,0,0,inf,inf,1.45707703,0.994293213,1,0,10,65,2,0,4,60,4096,109,3266,3266,0,209024,3726,104,0,870,1023,1023,1023,0,0,511,18,16,14,6,6,3,0,0,1,0,0,0,0,0,0,0,0,0,0,0,0,0,0,0,0,0,0,0,0,0,0,0,0,0,0,0,0,0,0,0,0,0,0,0,0,0,0,0,0,0,0,0,0,0,0,0,0,0,0,0,0,0,0,0,0,6,8,6,2,6,1,9,2,21,11
549,0.899999976,67,69,3,64,64,0,0,0,66,0,238784,238784,4046,4046,0,3843,234941,0,0,0,3731,238784,1576,104,48864,1015,10,15,0,1048576,0,0,0,inf,inf,1.71684265,1.32394409,1,0,10,67,2,0,23,43,4224,252,3665,3665,0,234560,3591,104,0,804,1015,1015,1015,0,0,1015,17,9,7,5,5,3,7,3,1,1,2,1,2,2,0,0,0,0,1,0,0,0,0,0,0,0,0,0,0,0,0,0,0,0,0,0,0,0,0,0,0,0,0,0,0,0,0,0,0,0,0,0,0,0,0,0,0,0,0,0,0,0,0,0,0,4,12,1,4294967295,14,8,4,4,8,7
550,0,16,69,3,15,15,0,0,0,15,0,53312,53312,975,975,0,867,52445,0,0,0,833,53312,207,5,4512,0,10,15,0,1048576,0,0,0,inf,inf,3.95027161,2.79518127,1,0,10,16,2,0,3,12,960,29,818,818,0,52352,838,5,0,0,0,0,0,0,0,0,7,2,0,0,3,3,0,0,0,0,0,0,0,0,0,0,0,0,0,0,0,0,0,0,0,0,0,0,0,0,0,0,0,0,0,0,0,0,0,0,0,0,0,0,0,0,0,0,0,0,0,0,0,0,0,0,0,0,0,0,0,0,0,0,0,4294967295,4294967295,4294967295,4294967295,4294967295,4294967295,4294967295,4294967295,4294967295,4294967295
551,0.100000001,66,69,3,64,64,0,0,0,65,0,223296,223296,4201,4201,0,3800,219496,0,0,0,3489,223296,1676,78,24064,8,10,15,0,1048576,0,0,0,inf,inf,2.71885681,2.15242004,1,0,10,66,2,0,25,40,4160,257,3424,3424,0,219136,3543,78,0,0,8,8,8,0,0,8,17,7,6,7,3,3,7,1,3,3,2,2,4,0,0,0,0,0,0,0,0,0,0,0,0,0,0,0,0,0,0,0,0,0,0,0,0,0,0,0,0,0,0,0,0,0,0,0,0,0,0,0,0,0,0,0,0,0,0,0,0,0,0,0,0,4294967295,4294967295,4294967295,0,4294967295,4294967295,4294967295,4294967295,4294967295,4294967295
552,1,65,69,3,64,64,0,0,0,64,0,201152,201152,4604,4604,0,3859,197293,0,0,0,3143,201152,1121,97,14016,1023,10,15,0,1048576,0,0,0,inf,inf,1.69447327,0.563415527,1,0,10,65,2,0,16,48,4096,175,3079,3079,0,197056,3684,97,0,1023,1023,1023,1023,0,0,1023,19,15,8,4,2,4,1,4,1,4,0,0,0,2,0,0,0,0,0,0,0,0,0,0,0,0,0,0,0,0,0,0,0,0,0,0,0,0,0,0,0,0,0,0,0,0,0,0,0,0,0,0,0,0,0,0,0,0,0,0,0,0,0,0,0,2,1,1,1,2,2,1,1,2,2
553,0,65,69,3,64,64,0,0,0,64,0,234624,234624,3878,3878,0,3692,230932,0,0,0,3666,234624,1611,88,36576,0,10,15,0,1048576,0,0,0,inf,inf,2.30796814,1.94064331,1,0,10,65,2,0,24,40,4096,220,3602,3602,0,230528,3472,88,0,0,0,0,0,0,0,0,13,13,3,4,7,8,4,5,3,2,2,0,0,0,0,0,0,0,0,0,0,0,0,0,0,0,0,0,0,0,0,0,0,0,0,0,0,0,0,0,0,0,0,0,0,0,0,0,0,0,0,0,0,0,0,0,0,0,0,0,0,0,0,0,0,4294967295,4294967295,4294967295,4294967295,4294967295,4294967295,4294967295,4294967295,4294967295,4294967295
554,0.899999976,68,69,3,64,64,0,0,0,67,0,245312,245312,4193,4193,0,3962,241350,0,0,0,3833,245312,1132,110,4064,959,10,15,0,1048576,0,0,0,inf,inf,1.91400146,1.28140259,1,0,10,68,2,0,16,51,4288,181,3766,3766,0,241024,3781,110,0,948,959,959,959,0,0,959,26,9,9,4,3,3,2,3,2,1,2,1,0,2,0,0,0,0,0,0,0,0,0,0,0,0,0,0,0,0,0,0,0,0,0,0,0,0,0,0,0,0,0,0,0,0,0,0,0,0,0,0,0,0,0,0,0,0,0,0,0,0,0,0,0,8,10,10,59,9,0,4294967295,9,16,16
555,0,16,69,3,15,15,0,0,0,15,0,58240,58240,872,872,0,814,57426,0,0,0,910,58240,15,5,8480,0,10,15,0,1048576,0,0,0,inf,inf,3.17755127,2.41952515,1,0,10,16,2,0,0,15,960,2,895,895,0,57280,812,5,0,0,0,0,0,0,0,0,13,2,0,0,0,0,0,0,0,0,0,0,0,0,0,0,0,0,0,0,0,0,0,0,0,0,0,0,0,0,0,0,0,0,0,0,0,0,0,0,0,0,0,0,0,0,0,0,0,0,0,0,0,0,0,0,0,0,0,0,0,0,0,0,0,4294967295,4294967295,4294967295,4294967295,4294967295,4294967295,4294967295,4294967295,4294967295,4294967295
556,0,69,69,1,64,64,0,13,0,68,0,206976,206976,5117,5117,0,4341,202635,0,0,0,3234,206976,1617,92,26656,0,10,15,0,1048576,0,0,0,inf,2.55610657,2.70922852,2.29112244,1,0,10,69,2,0,24,44,4352,318,3166,3166,0,202624,4023,92,0,0,0,0,0,0,0,0,18,13,8,3,2,2,3,0,1,0,2,4,2,1,4,2,2,1,0,0,0,0,0,0,0,0,0,0,0,0,0,0,0,0,0,0,0,0,0,0,0,0,0,0,0,0,0,0,0,0,0,0,0,0,0,0,0,0,0,0,0,0,0,0,0,4294967295,4294967295,4294967295,4294967295,4294967295,4294967295,4294967295,4294967295,4294967295,4294967295
557,0.200000003,65,69,3,64,64,0,0,0,64,0,199232,199232,5596,5596,0,4962,194270,0,0,0,3113,199232,1805,135,10400,768,10,15,0,1048576,0,0,0,inf,inf,2.83317566,2.65107727,1,0,10,65,2,0,26,38,4096,278,3049,3049,0,195136,4684,135,0,768,768,768,768,0,0,768,6,16,5,5,6,4,4,7,2,1,2,0,5,0,0,1,0,0,0,0,0,0,0,0,0,0,0,0,0,0,0,0,0,0,0,0,0,0,0,0,0,0,0,0,0,0,0,0,0,0,0,0,0,0,0,0,0,0,0,0,0,0,0,0,0,4294967295,4294967295,4294967295,4294967295,4294967295,4294967295,4294967295,4294967295,0,0
558,0,51,69,3,50,50,0,0,0,50,0,165760,165760,3407,3407,0,2926,162834,0,0,0,2590,165760,877,40,10688,0,10,15,0,1048576,0,0,0,inf,inf,3.22422791,2.61500549,1,0,10,51,2,0,13,37,3200,139,2540,2540,0,162560,2787,40,0,0,0,0,0,0,0,0,17,6,4,5,5,3,3,2,2,3,0,0,0,0,0,0,0,0,0,0,0,0,0,0,0,0,0,0,0,0,0,0,0,0,0,0,0,0,0,0,0,0,0,0,0,0,0,0,0,0,0,0,0,0,0,0,0,0,0,0,0,0,0,0,0,4294967295,4294967295,4294967295,4294967295,4294967295,4294967295,4294967295,4294967295,4294967295,4294967295
559,0,65,69,3,64,64,0,0,0,64,0,229184,229184,4130,4130,0,3694,225490,0,0,0,3581,229184,321,58,31104,0,10,15,0,1048576,0,0,0,inf,inf,2.79324341,1.94876099,1,0,10,65,2,0,4,60,4096,85,3517,3517,0,225088,3609,58,0,0,0,0,0,0,0,0,24,18,11,5,2,2,2,0,0,0,0,0,0,0,0,0,0,0,0,0,0,0,0,0,0,0,0,0,0,0,0,0,0,0,0,0,0,0,0,0,0,0,0,0,0,0,0,0,0,0,0,0,0,0,0,0,0,0,0,0,0,0,0,0,0,4294967295,4294967295,4294967295,4294967295,4294967295,4294967295,4294967295,4294967295,4294967295,4294967295
560,1,69,69,1,64,64,0,4,0,68,0,238784,238784,4578,4578,0,4197,234587,0,0,0,3731,238784,1018,122,15008,1023,10,15,0,1048576,0,0,0,inf,1.70018005,1.70530701,1.3182373,1,0,10,69,2,0,14,54,4352,186,3663,3663,0,234432,4011,122,0,943,1023,1023,1023,0,0,1023,13,14,12,9,6,3,5,1,2,1,2,0,0,0,0,0,0,0,0,0,0,0,0,0,0,0,0,0,0,0,0,0,0,0,0,0,0,0,0,0,0,0,0,0,0,0,0,0,0,0,0,0,0,0,0,0,0,0,0,0,0,0,0,0,0,31,25,26,19,14,9,12,11,25,19
561,0.100000001,64,69,3,63,63,0,0,0,63,0,233984,233984,3883,3883,0,3576,230408,0,0,0,3656,233984,185,53,15616,128,10,15,0,1048576,0,0,0,inf,inf,3.30924988,2.04403687,1,0,10,64,2,0,2,61,4032,79,3593,3593,0,229952,3497,53,0,0,128,128,128,0,0,128,25,17,11,4,4,0,2,0,0,0,0,0,0,0,0,0,0,0,0,0,0,0,0,0,0,0,0,0,0,0,0,0,0,0,0,0,0,0,0,0,0,0,0,0,0,0,0,0,0,0,0,0,0,0,0,0,0,0,0,0,0,0,0,0,0,4294967295,4294967295,4294967295,4294967295,4294967295,4294967295,4294967295,0,4294967295,4294967295
562,0,51,69,3,50,50,0,0,0,50,0,191552,191552,2988,2988,0,2787,188765,0,0,0,2993,191552,50,40,19360,0,10,15,0,1048576,0,0,0,inf,inf,3.41226196,2.55392456,1,0,10,51,2,0,0,50,3200,16,2943,2943,0,188352,2771,40,0,0,0,0,0,0,0,0,34,16,0,0,0,0,0,0,0,0,0,0,0,0,0,0,0,0,0,0,0,0,0,0,0,0,0,0,0,0,0,0,0,0,0,0,0,0,0,0,0,0,0,0,0,0,0,0,0,0,0,0,0,0,0,0,0,0,0,0,0,0,0,0,0,4294967295,4294967295,4294967295,4294967295,4294967295,4294967295,4294967295,4294967295,4294967295,4294967295
563,0,65,69,3,64,64,0,0,0,64,0,243008,243008,3794,3794,0,3543,239465,0,0,0,3797,243008,84,74,22944,0,10,15,0,1048576,0,0,0,inf,inf,3.21153259,2.5665741,1,0,10,65,2,0,0,64,4096,38,3733,3733,0,238912,3505,74,0,0,0,0,0,0,0,0,43,12,3,4,2,0,0,0,0,0,0,0,0,0,0,0,0,0,0,0,0,0,0,0,0,0,0,0,0,0,0,0,0,0,0,0,0,0,0,0,0,0,0,0,0,0,0,0,0,0,0,0,0,0,0,0,0,0,0,0,0,0,0,0,0,4294967295,4294967295,4294967295,4294967295,4294967295,4294967295,4294967295,4294967295,4294967295,4294967295
564,1,65,69,3,64,64,0,0,0,64,0,214976,214976,4470,4470,0,4159,210817,0,0,0,3359,214976,2130,170,26432,1023,10,15,0,1048576,0,0,0,inf,inf,1.61155701,1.3525238,1,0,10,65,2,0,31,33,4096,320,3295,3295,0,210880,3839,170,0,1003,1023,1023,1023,0,0,1023,7,11,6,4,5,5,5,5,4,2,3,1,1,2,2,0,0,0,1,0,0,0,0,0,0,0,0,0,0,0,0,0,0,0,0,0,0,0,0,0,0,0,0,0,0,0,0,0,0,0,0,0,0,0,0,0,0,0,0,0,0,0,0,0,0,2,1,27,8,13,3,2,3,2,1
565,1,65,69,3,64,64,0,0,0,64,0,217920,217920,4549,4549,0,4182,213738,0,0,0,3405,217920,1630,164,12096,1023,10,15,0,1048576,0,0,0,inf,inf,1.6113739,1.13824463,1,0,10,65,2,0,23,41,4096,224,3341,3341,0,213824,3958,164,0,511,1023,1023,1023,0,0,1023,12,10,5,11,3,6,6,4,4,1,1,0,0,0,1,0,0,0,0,0,0,0,0,0,0,0,0,0,0,0,0,0,0,0,0,0,0,0,0,0,0,0,0,0,0,0,0,0,0,0,0,0,0,0,0,0,0,0,0,0,0,0,0,0,0,2,2,5,2,1,2,2,3,2,0
566,0.100000001,53,69,3,52,52,0,0,0,52,0,197312,197312,3103,3103,0,2900,194412,0,0,0,3083,197312,178,42,8064,128,10,15,0,1048576,0,0,0,inf,inf,3.15974426,2.41267395,1,0,10,53,2,0,2,50,3328,52,3031,3031,0,193984,2848,42,0,0,128,128,128,0,0,128,25,15,5,3,2,2,0,0,0,0,0,0,0,0,0,0,0,0,0,0,0,0,0,0,0,0,0,0,0,0,0,0,0,0,0,0,0,0,0,0,0,0,0,0,0,0,0,0,0,0,0,0,0,0,0,0,0,0,0,0,0,0,0,0,0,4294967295,4294967295,4294967295,4294967295,4294967295,4294967295,4294967295,0,4294967295,4294967295
567,1,65,69,3,64,64,0,0,0,64,0,188608,188608,5024,5024,0,4302,184306,0,0,0,2947,188608,2831,153,27648,1023,10,15,0,1048576,0,0,0,inf,inf,1.36791992,0.958648682,1,0,10,65,2,0,42,22,4096,338,2883,2883,0,184512,3964,153,0,1023,1023,1023,1023,0,0,1023,2,4,4,5,7,11,9,12,4,3,2,1,0,0,0,0,0,0,0,0,0,0,0,0,0,0,0,0,0,0,0,0,0,0,0,0,0,0,0,0,0,0,0,0,0,0,0,0,0,0,0,0,0,0,0,0,0,0,0,0,0,0,0,0,0,0,1,1,1,1,1,0,1,1,1
568,0.400000006,69,69,1,64,64,0,15,0,68,0,257408,257408,4487,4487,0,4359,253049,0,0,0,4022,257408,725,146,16672,848,10,15,0,1048576,0,0,0,inf,2.95074463,3.01625061,2.3318634,1,0,10,69,2,0,9,59,4352,124,3954,3954,0,253056,4235,146,0,64,848,848,848,0,0,848,28,11,6,7,7,4,4,0,1,0,0,0,0,0,0,0,0,0,0,0,0,0,0,0,0,0,0,0,0,0,0,0,0,0,0,0,0,0,0,0,0,0,0,0,0,0,0,0,0,0,0,0,0,0,0,0,0,0,0,0,0,0,0,0,0,4294967295,4294967295,4294967295,4294967295,0,4294967295,14,4294967295,2,1
569,0.100000001,65,69,3,64,64,0,0,0,64,0,222144,222144,4213,4213,0,3859,218285,0,0,0,3471,222144,1144,128,25472,128,10,15,0,1048576,0,0,0,inf,inf,2.22102356,1.87057495,1,0,10,65,2,0,16,48,4096,207,3407,3407,0,218048,3652,128,0,0,128,128,128,0,0,128,13,9,9,8,9,3,1,7,1,0,2,2,0,0,0,0,0,0,0,0,0,0,0,0,0,0,0,0,0,0,0,0,0,0,0,0,0,0,0,0,0,0,0,0,0,0,0,0,0,0,0,0,0,0,0,0,0,0,0,0,0,0,0,0,0,4294967295,4294967295,4294967295,4294967295,4294967295,4294967295,4294967295,14,4294967295,4294967295
570,0.600000024,65,69,3,64,64,0,0,0,64,0,252416,252416,3753,3753,0,3643,248773,0,0,0,3944,252416,88,78,36224,343,10,15,0,1048576,0,0,0,inf,inf,2.04814148,1.57208252,1,0,10,65,2,0,0,64,4096,28,3880,3880,0,248320,3615,78,0,7,343,343,343,0,0,343,46,9,8,1,0,0,0,0,0,0,0,0,0,0,0,0,0,0,0,0,0,0,0,0,0,0,0,0,0,0,0,0,0,0,0,0,0,0,0,0,0,0,0,0,0,0,0,0,0,0,0,0,0,0,0,0,0,0,0,0,0,0,0,0,0,1,0,1,4294967295,2,4294967295,7,4294967295,28,4294967295
571,0.5,66,69,3,64,64,0,0,0,65,0,248512,248512,3781,3781,0,3599,244913,0,0,0,3883,248512,123,113,17920,604,10,15,0,1048576,0,0,0,inf,inf,2.02755737,1.50547791,1,0,10,66,2,0,0,65,4160,47,3818,3818,0,244352,3552,113,0,16,604,604,604,0,0,604,35,15,13,2,0,0,0,0,0,0,0,0,0,0,0,0,0,0,0,0,0,0,0,0,0,0,0,0,0,0,0,0,0,0,0,0,0,0,0,0,0,0,0,0,0,0,0,0,0,0,0,0,0,0,0,0,0,0,0,0,0,0,0,0,0,4294967295,4294967295,5,23,1,4294967295,25,4294967295,4294967295,7
572,0.600000024,69,69,1,64,64,0,2,0,68,0,247808,247808,4308,4308,0,3889,243919,0,0,0,3872,247808,211,81,6944,498,10,15,0,1048576,0,0,0,inf,2.10493469,2.11851501,1.44917297,1,0,10,69,2,0,2,66,4352,48,3804,3804,0,243456,3841,81,0,370,498,498,498,0,0,498,40,20,3,3,0,1,0,0,1,0,0,0,0,0,0,0,0,0,0,0,0,0,0,0,0,0,0,0,0,0,0,0,0,0,0,0,0,0,0,0,0,0,0,0,0,0,0,0,0,0,0,0,0,0,0,0,0,0,0,0,0,0,0,0,0,4294967295,19,4294967295,4294967295,20,21,20,31,20,4294967295
573,1,66,69,3,64,64,0,0,0,65,0,247680,247680,3969,3969,0,3868,243812,0,0,0,3870,247680,243,171,2208,1023,10,15,0,1048576,0,0,0,inf,inf,1.41816711,0.997833252,1,0,10,66,2,0,1,64,4160,83,3805,3805,0,243520,3785,171,0,943,1023,1023,1023,0,0,1023,25,18,8,9,4,0,1,0,0,0,0,0,0,0,0,0,0,0,0,0,0,0,0,0,0,0,0,0,0,0,0,0,0,0,0,0,0,0,0,0,0,0,0,0,0,0,0,0,0,0,0,0,0,0,0,0,0,0,0,0,0,0,0,0,0,2,2,1,2,3,4,4,3,3,4
574,0,66,69,3,64,64,0,0,0,65,0,240448,240448,4208,4208,0,3948,236500,0,0,0,3757,240448,445,121,23072,0,10,15,0,1048576,0,0,0,inf,inf,2.16229248,1.80223083,1,0,10,66,2,0,5,60,4160,87,3692,3692,0,236288,3861,121,0,0,0,0,0,0,0,0,26,19,8,3,4,3,2,0,0,0,0,0,0,0,0,0,0,0,0,0,0,0,0,0,0,0,0,0,0,0,0,0,0,0,0,0,0,0,0,0,0,0,0,0,0,0,0,0,0,0,0,0,0,0,0,0,0,0,0,0,0,0,0,0,0,4294967295,4294967295,4294967295,4294967295,4294967295,4294967295,4294967295,4294967295,4294967295,4294967295
575,0,61,69,3,60,60,0,0,0,60,0,204800,204800,3985,3985,0,3491,201309,0,0,0,3200,204800,949,50,14336,0,10,15,0,1048576,0,0,0,inf,inf,3.22561646,2.42019653,1,0,10,61,2,0,14,46,3840,156,3140,3140,0,200960,3335,50,0,0,0,0,0,0,0,0,22,10,4,2,8,0,3,8,1,2,0,0,0,0,0,0,0,0,0,0,0,0,0,0,0,0,0,0,0,0,0,0,0,0,0,0,0,0,0,0,0,0,0,0,0,0,0,0,0,0,0,0,0,0,0,0,0,0,0,0,0,0,0,0,0,4294967295,4294967295,4294967295,4294967295,4294967295,4294967295,4294967295,4294967295,4294967295,4294967295
576,0.5,65,69,3,64,64,0,0,0,64,0,226624,226624,4236,4236,0,3948,222676,0,0,0,3541,226624,1350,133,20608,211,10,15,0,1048576,0,0,0,inf,inf,1.90817261,1.50119019,1,0,10,65,2,0,19,45,4096,198,3477,3477,0,222528,3750,133,0,209,211,211,211,0,0,211,14,4,12,5,10,6,9,2,1,1,0,0,0,0,0,0,0,0,0,0,0,0,0,0,0,0,0,0,0,0,0,0,0,0,0,0,0,0,0,0,0,0,0,0,0,0,0,0,0,0,0,0,0,0,0,0,0,0,0,0,0,0,0,0,0,1,2,4294967295,4294967295,1,4294967295,0,8,4294967295,4294967295
577,0,29,69,3,28,28,0,0,0,28,0,109440,109440,1694,1694,0,1612,107828,0,0,0,1710,109440,28,18,9664,0,10,15,0,1048576,0,0,0,inf,inf,3.07267761,2.2068634,1,0,10,29,2,0,0,28,1792,10,1682,1682,0,107648,1602,18,0,0,0,0,0,0,0,0,20,6,2,0,0,0,0,0,0,0,0,0,0,0,0,0,0,0,0,0,0,0,0,0,0,0,0,0,0,0,0,0,0,0,0,0,0,0,0,0,0,0,0,0,0,0,0,0,0,0,0,0,0,0,0,0,0,0,0,0,0,0,0,0,0,4294967295,4294967295,4294967295,4294967295,4294967295,4294967295,4294967295,4294967295,4294967295,4294967295
578,0,66,69,3,64,64,0,0,0,65,0,227968,227968,4913,4913,0,4539,223429,0,0,0,3562,227968,554,167,18624,0,10,15,0,1048576,0,0,0,inf,inf,2.44050598,2.22451782,1,0,10,66,2,0,6,59,4160,122,3497,3497,0,223808,4417,167,0,0,0,0,0,0,0,0,19,15,14,5,6,2,1,1,1,1,0,0,0,0,0,0,0,0,0,0,0,0,0,0,0,0,0,0,0,0,0,0,0,0,0,0,0,0,0,0,0,0,0,0,0,0,0,0,0,0,0,0,0,0,0,0,0,0,0,0,0,0,0,0,0,4294967295,4294967295,4294967295,4294967295,4294967295,4294967295,4294967295,4294967295,4294967295,4294967295
579,0,69,69,1,64,64,0,4,0,68,0,242688,242688,4406,4406,0,4075,238613,0,0,0,3792,242688,891,134,15008,0,10,15,0,1048576,0,0,0,inf,2.67886353,2.68965149,2.22750854,1,0,10,69,2,0,12,56,4352,163,3724,3724,0,238336,3912,134,0,0,0,0,0,0,0,0,18,14,12,7,5,2,3,3,2,1,1,0,0,0,0,0,0,0,0,0,0,0,0,0,0,0,0,0,0,0,0,0,0,0,0,0,0,0,0,0,0,0,0,0,0,0,0,0,0,0,0,0,0,0,0,0,0,0,0,0,0,0,0,0,0,4294967295,4294967295,4294967295,4294967295,4294967295,4294967295,4294967295,4294967295,4294967295,4294967295
580,0.800000012,65,69,3,64,64,0,0,0,64,0,241152,241152,4018,4018,0,3849,237303,0,0,0,3768,241152,500,113,25888,863,10,15,0,1048576,0,0,0,inf,inf,3.41229248,1.17773438,1,0,10,65,2,0,6,58,4096,110,3704,3704,0,237056,3739,113,0,860,863,863,863,0,0,863,19,20,11,3,5,0,3,3,0,0,0,0,0,0,0,0,0,0,0,0,0,0,0,0,0,0,0,0,0,0,0,0,0,0,0,0,0,0,0,0,0,0,0,0,0,0,0,0,0,0,0,0,0,0,0,0,0,0,0,0,0,0,0,0,0,3,8,1,1,23,4294967295,8,4294967295,4,5
581,1,65,69,3,64,64,0,0,0,64,0,179136,179136,5957,5957,0,5113,174023,0,0,0,2799,179136,2588,157,22464,1023,10,15,0,1048576,0,0,0,inf,inf,0.906600952,0.705566406,1,0,10,65,2,0,38,26,4096,360,2735,2735,0,175040,4753,157,0,1023,1023,1023,1023,0,0,1023,1,7,8,5,5,6,5,9,7,1,4,0,5,0,1,0,0,0,0,0,0,0,0,0,0,0,0,0,0,0,0,0,0,0,0,0,0,0,0,0,0,0,0,0,0,0,0,0,0,0,0,0,0,0,0,0,0,0,0,0,0,0,0,0,0,1,4,2,1,3,3,2,7,4,2
582,1,65,69,3,64,64,0,0,0,64,0,208320,208320,4601,4601,0,3906,204414,0,0,0,3255,208320,300,98,44064,1023,10,15,0,1048576,0,0,0,inf,inf,1.14672852,0.680969238,1,0,10,65,2,0,3,61,4096,112,3191,3191,0,204224,3794,98,0,893,1023,1023,1023,0,0,1023,12,21,16,6,6,2,0,1,0,0,0,0,0,0,0,0,0,0,0,0,0,0,0,0,0,0,0,0,0,0,0,0,0,0,0,0,0,0,0,0,0,0,0,0,0,0,0,0,0,0,0,0,0,0,0,0,0,0,0,0,0,0,0,0,0,1,1,1,1,1,1,1,6,1,1
583,0.200000003,39,69,3,38,38,0,0,0,38,0,135296,135296,2303,2303,0,2068,133228,0,0,0,2114,135296,486,28,13504,129,10,15,0,1048576,0,0,0,inf,inf,3.53961182,2.27461243,1,0,10,39,2,0,7,31,2432,93,2076,2076,0,132864,1975,28,0,0,129,129,129,0,0,129,13,1,7,5,5,1,5,0,1,0,0,0,0,0,0,0,0,0,0,0,0,0,0,0,0,0,0,0,0,0,0,0,0,0,0,0,0,0,0,0,0,0,0,0,0,0,0,0,0,0,0,0,0,0,0,0,0,0,0,0,0,0,0,0,0,8,4294967295,4294967295,4294967295,4294967295,4294967295,4294967295,0,4294967295,4294967295
584,0,15,69,3,14,14,0,0,0,14,0,52544,52544,823,823,0,750,51794,0,0,0,821,52544,14,4,12000,0,10,15,0,1048576,0,0,0,inf,inf,2.9510498,2.82337952,1,0,10,15,2,0,0,14,896,12,807,807,0,51648,738,4,0,0,0,0,0,0,0,0,10,0,0,4,0,0,0,0,0,0,0,0,0,0,0,0,0,0,0,0,0,0,0,0,0,0,0,0,0,0,0,0,0,0,0,0,0,0,0,0,0,0,0,0,0,0,0,0,0,0,0,0,0,0,0,0,0,0,0,0,0,0,0,0,0,4294967295,4294967295,4294967295,4294967295,4294967295,4294967295,4294967295,4294967295,4294967295,4294967295
585,0.300000012,21,69,3,20,20,0,0,0,20,0,75840,75840,1172,1172,0,1089,74751,0,0,0,1185,75840,20,10,15584,896,10,15,0,1048576,0,0,0,inf,inf,2.74874878,1.87509155,1,0,10,21,2,0,0,20,1280,22,1165,1165,0,74560,1067,10,0,896,896,896,896,0,0,896,7,8,1,4,0,0,0,0,0,0,0,0,0,0,0,0,0,0,0,0,0,0,0,0,0,0,0,0,0,0,0,0,0,0,0,0,0,0,0,0,0,0,0,0,0,0,0,0,0,0,0,0,0,0,0,0,0,0,0,0,0,0,0,0,0,4294967295,4294967295,4294967295,4294967295,4294967295,4294967295,4294967295,6,5,1
586,0,65,69,3,64,64,0,0,0,64,0,185600,185600,5099,5099,0,4445,181155,0,0,0,2900,185600,2734,108,9312,0,10,15,0,1048576,0,0,0,inf,inf,2.64224243,2.35118103,1,0,10,65,2,1,41,22,4096,462,2836,2836,0,181504,3983,108,0,0,0,0,0,0,0,0,5,5,5,3,4,5,11,3,2,3,3,2,2,3,1,2,0,1,0,0,2,0,0,1,0,0,0,0,1,0,0,0,0,0,0,0,0,0,0,0,0,0,0,0,0,0,0,0,0,0,0,0,0,0,0,0,0,0,0,0,0,0,0,0,0,4294967295,4294967295,4294967295,4294967295,4294967295,4294967295,4294967295,4294967295,4294967295,4294967295
587,0,65,69,3,64,64,0,0,0,64,0,233280,233280,3897,3897,0,3471,229809,0,0,0,3645,233280,64,54,11584,0,10,15,0,1048576,0,0,0,inf,inf,3.21488953,1.97406006,1,0,10,65,2,0,0,64,4096,35,3581,3581,0,229184,3436,54,0,0,0,0,0,0,0,0,36,22,5,1,0,0,0,0,0,0,0,0,0,0,0,0,0,0,0,0,0,0,0,0,0,0,0,0,0,0,0,0,0,0,0,0,0,0,0,0,0,0,0,0,0,0,0,0,0,0,0,0,0,0,0,0,0,0,0,0,0,0,0,0,0,4294967295,4294967295,4294967295,4294967295,4294967295,4294967295,4294967295,4294967295,4294967295,4294967295
588,0,15,69,3,14,14,0,0,0,14,0,53376,53376,853,853,0,785,52591,0,0,0,834,53376,14,4,8544,0,10,15,0,1048576,0,0,0,inf,inf,3.76579285,2.88948059,1,0,10,15,2,0,0,14,896,4,820,820,0,52480,781,4,0,0,0,0,0,0,0,0,10,4,0,0,0,0,0,0,0,0,0,0,0,0,0,0,0,0,0,0,0,0,0,0,0,0,0,0,0,0,0,0,0,0,0,0,0,0,0,0,0,0,0,0,0,0,0,0,0,0,0,0,0,0,0,0,0,0,0,0,0,0,0,0,0,4294967295,4294967295,4294967295,4294967295,4294967295,4294967295,4294967295,4294967295,4294967295,4294967295
589,0.600000024,65,69,3,64,64,0,0,0,64,0,238208,238208,3920,3920,0,3624,234584,0,0,0,3722,238208,398,74,70368,380,10,15,0,1048576,0,0,0,inf,inf,1.5295105,0.872528076,1,0,10,65,2,0,5,59,4096,68,3658,3658,0,234112,3556,74,0,268,380,380,380,0,0,380,32,18,8,1,0,1,2,2,0,0,0,0,0,0,0,0,0,0,0,0,0,0,0,0,0,0,0,0,0,0,0,0,0,0,0,0,0,0,0,0,0,0,0,0,0,0,0,0,0,0,0,0,0,0,0,0,0,0,0,0,0,0,0,0,0,4294967295,4294967295,5,17,26,20,18,4294967295,6,4294967295
590,1,65,69,3,64,64,0,0,0,64,0,220672,220672,4476,4476,0,4133,216539,0,0,0,3448,220672,1583,113,9568,1023,10,15,0,1048576,0,0,0,inf,inf,1.62329102,1.25361633,1,0,10,65,2,0,23,41,4096,256,3384,3384,0,216576,3877,113,0,223,1023,1023,1023,0,0,1023,10,13,7,5,6,2,5,2,3,4,4,1,1,1,0,0,0,0,0,0,0,0,0,0,0,0,0,0,0,0,0,0,0,0,0,0,0,0,0,0,0,0,0,0,0,0,0,0,0,0,0,0,0,0,0,0,0,0,0,0,0,0,0,0,0,4,9,17,17,4,6,4,5,1,24
591,0.5,65,69,3,64,64,0,0,0,64,0,240320,240320,3702,3702,0,3458,236862,0,0,0,3755,240320,572,55,20416,316,10,15,0,1048576,0,0,0,inf,inf,3.15028381,1.89016724,1,0,10,65,2,0,8,56,4096,106,3691,3691,0,236224,3352,55,0,316,316,316,316,0,0,316,25,15,9,0,7,5,1,2,0,0,0,0,0,0,0,0,0,0,0,0,0,0,0,0,0,0,0,0,0,0,0,0,0,0,0,0,0,0,0,0,0,0,0,0,0,0,0,0,0,0,0,0,0,0,0,0,0,0,0,0,0,0,0,0,0,4294967295,4294967295,0,3,1,2,4294967295,4294967295,2,4294967295
592,0.100000001,28,69,3,27,27,0,0,0,27,0,92544,92544,1689,1689,0,1421,91123,0,0,0,1446,92544,27,17,9408,2,10,15,0,1048576,0,0,0,inf,inf,3.53024292,2.56510925,1,0,10,28,2,0,0,27,1728,24,1419,1419,0,90816,1397,17,0,0,2,2,2,0,0,2,9,12,6,0,0,0,0,0,0,0,0,0,0,0,0,0,0,0,0,0,0,0,0,0,0,0,0,0,0,0,0,0,0,0,0,0,0,0,0,0,0,0,0,0,0,0,0,0,0,0,0,0,0,0,0,0,0,0,0,0,0,0,0,0,0,4294967295,1,4294967295,4294967295,4294967295,4294967295,4294967295,4294967295,4294967295,4294967295
593,0.100000001,13,69,3,12,12,0,0,0,12,0,49856,49856,640,640,0,641,49215,0,0,0,779,49856,12,2,5888,32,10,15,0,1048576,0,0,0,inf,inf,3.62014771,3.44877625,1,0,10,13,2,0,0,12,768,0,767,767,0,49088,641,2,0,0,32,32,32,0,0,32,12,0,0,0,0,0,0,0,0,0,0,0,0,0,0,0,0,0,0,0,0,0,0,0,0,0,0,0,0,0,0,0,0,0,0,0,0,0,0,0,0,0,0,0,0,0,0,0,0,0,0,0,0,0,0,0,0,0,0,0,0,0,0,0,0,4294967295,4294967295,4294967295,4294967295,4294967295,0,4294967295,4294967295,4294967295,4294967295
594,0,65,69,3,64,64,0,0,0,64,0,214208,214208,4417,4417,0,3894,210314,0,0,0,3347,214208,1244,91,24896,0,10,15,0,1048576,0,0,0,inf,inf,2.29762268,1.96875,1,0,10,65,2,0,18,46,4096,199,3283,3283,0,210112,3695,91,0,0,0,0,0,0,0,0,13,13,8,6,6,6,2,3,2,3,1,0,1,0,0,0,0,0,0,0,0,0,0,0,0,0,0,0,0,0,0,0,0,0,0,0,0,0,0,0,0,0,0,0,0,0,0,0,0,0,0,0,0,0,0,0,0,0,0,0,0,0,0,0,0,4294967295,4294967295,4294967295,4294967295,4294967295,4294967295,4294967295,4294967295,4294967295,4294967295
595,0,50,69,3,49,49,0,0,0,49,0,160192,160192,3349,3349,0,2846,157346,0,0,0,2503,160192,873,39,16352,0,10,15,0,1048576,0,0,0,inf,inf,3.80740356,3.0977478,1,0,10,50,2,0,13,36,3136,140,2454,2454,0,157056,2706,39,0,0,0,0,0,0,0,0,13,9,5,4,5,3,3,2,3,2,0,0,0,0,0,0,0,0,0,0,0,0,0,0,0,0,0,0,0,0,0,0,0,0,0,0,0,0,0,0,0,0,0,0,0,0,0,0,0,0,0,0,0,0,0,0,0,0,0,0,0,0,0,0,0,4294967295,4294967295,4294967295,4294967295,4294967295,4294967295,4294967295,4294967295,4294967295,4294967295
596,1,65,69,3,64,64,0,0,0,64,0,196224,196224,4753,4753,0,3983,192241,0,0,0,3066,196224,1642,102,14272,1023,10,15,0,1048576,0,0,0,inf,inf,1.35144043,0.961685181,1,0,10,65,2,0,24,40,4096,222,3002,3002,0,192128,3761,102,0,991,1023,1023,1023,0,0,1023,14,7,7,6,6,6,9,5,0,2,1,0,1,0,0,0,0,0,0,0,0,0,0,0,0,0,0,0,0,0,0,0,0,0,0,0,0,0,0,0,0,0,0,0,0,0,0,0,0,0,0,0,0,0,0,0,0,0,0,0,0,0,0,0,0,2,3,1,4,3,3,2,4,3,3
597,0,32,69,3,31,31,0,0,0,31,0,120896,120896,1765,1765,0,1678,119218,0,0,0,1889,120896,31,21,25824,0,10,15,0,1048576,0,0,0,inf,inf,2.92407227,2.11891174,1,0,10,32,2,0,0,31,1984,18,1858,1858,0,118912,1660,21,0,0,0,0,0,0,0,0,16,12,3,0,0,0,0,0,0,0,0,0,0,0,0,0,0,0,0,0,0,0,0,0,0,0,0,0,0,0,0,0,0,0,0,0,0,0,0,0,0,0,0,0,0,0,0,0,0,0,0,0,0,0,0,0,0,0,0,0,0,0,0,0,0,4294967295,4294967295,4294967295,4294967295,4294967295,4294967295,4294967295,4294967295,4294967295,4294967295
598,0.699999988,69,69,2,64,64,0,0,0,68,0,250880,250880,4164,4164,0,3929,246951,0,0,0,3920,250880,938,116,18048,815,10,15,0,1048576,0,0,0,inf,inf,1.99998474,1.47036743,1,0,10,69,2,0,13,55,4352,149,3852,3852,0,246528,3780,116,0,556,815,815,815,0,0,815,21,16,13,5,0,3,3,2,1,3,1,0,0,0,0,0,0,0,0,0,0,0,0,0,0,0,0,0,0,0,0,0,0,0,0,0,0,0,0,0,0,0,0,0,0,0,0,0,0,0,0,0,0,0,0,0,0,0,0,0,0,0,0,0,0,10,11,7,8,4294967295,7,4294967295,4294967295,3,12
599,0.200000003,69,69,2,64,64,0,0,0,68,0,218240,218240,4691,4691,0,3961,214279,0,0,0,3410,218240,1157,66,8544,260,10,15,0,1048576,0,0,0,inf,inf,2.52259827,1.94685364,1,0,10,69,2,0,17,51,4352,214,3342,3342,0,213888,3747,66,0,256,260,260,260,0,0,260,14,6,12,11,8,6,4,2,1,1,0,2,1,0,0,0,0,0,0,0,0,0,0,0,0,0,0,0,0,0,0,0,0,0,0,0,0,0,0,0,0,0,0,0,0,0,0,0,0,0,0,0,0,0,0,0,0,0,0,0,0,0,0,0,0,4294967295,4294967295,18,4294967295,4294967295,4294967295,4294967295,4294967295,2,4294967295
600,0.400000006,69,69,2,64,64,0,0,0,68,0,241344,241344,4677,4677,0,4573,236771,0,0,0,3771,241344,867,182,4352,928,10,15,0,1048576,0,0,0,inf,inf,2.51077271,1.83670044,1,0,10,69,2,2,11,55,4352,296,3703,3703,0,236992,4277,182,0,32,928,928,928,0,0,928,34,12,7,2,0,0,0,0,0,0,0,0,1,1,1,1,0,1,1,0,1,0,0,2,2,0,0,0,0,0,1,1,0,0,0,0,0,0,0,0,0,0,0,0,0,0,0,0,0,0,0,0,0,0,0,0,0,0,0,0,0,0,0,0,0,4294967295,4294967295,4294967295,4294967295,4294967295,4,4294967295,2,5,1
601,0,66,69,3,64,64,0,0,0,65,0,251968,251968,3834,3834,0,3682,248286,0,0,0,3937,251968,266,67,10688,0,10,15,0,1048576,0,0,0,inf,inf,2.95269775,2.4899292,1,0,10,66,2,0,3,62,4160,69,3872,3872,0,247808,3613,67,0,0,0,0,0,0,0,0,39,8,6,4,5,1,2,0,0,0,0,0,0,0,0,0,0,0,0,0,0,0,0,0,0,0,0,0,0,0,0,0,0,0,0,0,0,0,0,0,0,0,0,0,0,0,0,0,0,0,0,0,0,0,0,0,0,0,0,0,0,0,0,0,0,4294967295,4294967295,4294967295,4294967295,4294967295,4294967295,4294967295,4294967295,4294967295,4294967295
602,0.400000006,65,69,3,64,64,0,0,0,64,0,216704,216704,4416,4416,0,4085,212619,0,0,0,3386,216704,2123,153,11232,170,10,15,0,1048576,0,0,0,inf,inf,1.90281677,1.54342651,1,0,10,65,2,0,31,33,4096,290,3322,3322,0,212608,3795,153,0,34,170,170,170,0,0,170,12,10,6,3,2,7,5,3,6,4,0,3,1,1,0,0,0,0,0,0,0,0,0,1,0,0,0,0,0,0,0,0,0,0,0,0,0,0,0,0,0,0,0,0,0,0,0,0,0,0,0,0,0,0,0,0,0,0,0,0,0,0,0,0,0,4294967295,7,4294967295,11,4294967295,58,4294967295,10,4294967295,4294967295
603,0.200000003,69,69,1,64,64,0,6,0,68,0,253824,253824,4152,4152,0,3816,250008,0,0,0,3966,253824,88,78,5568,640,10,15,0,1048576,0,0,0,inf,2.63842773,2.77471924,1.69000244,1,0,10,69,2,0,0,68,4352,40,3898,3898,0,249472,3776,78,0,512,640,640,640,0,0,640,41,14,13,0,0,0,0,0,0,0,0,0,0,0,0,0,0,0,0,0,0,0,0,0,0,0,0,0,0,0,0,0,0,0,0,0,0,0,0,0,0,0,0,0,0,0,0,0,0,0,0,0,0,0,0,0,0,0,0,0,0,0,0,0,0,4294967295,4294967295,4294967295,4294967295,4294967295,4294967295,4294967295,3,4294967295,6
604,0,15,69,3,14,14,0,0,0,14,0,55296,55296,836,836,0,796,54500,0,0,0,864,55296,14,4,9952,0,10,15,0,1048576,0,0,0,inf,inf,3.44445801,3.19833374,1,0,10,15,2,0,0,14,896,2,850,850,0,54400,794,4,0,0,0,0,0,0,0,0,12,2,0,0,0,0,0,0,0,0,0,0,0,0,0,0,0,0,0,0,0,0,0,0,0,0,0,0,0,0,0,0,0,0,0,0,0,0,0,0,0,0,0,0,0,0,0,0,0,0,0,0,0,0,0,0,0,0,0,0,0,0,0,0,0,4294967295,4294967295,4294967295,4294967295,4294967295,4294967295,4294967295,4294967295,4294967295,4294967295
605,0,66,69,3,64,64,0,0,0,65,0,249408,249408,3863,3863,0,3612,245796,0,0,0,3897,249408,66,56,8800,0,10,15,0,1048576,0,0,0,inf,inf,3.96357727,2.6953125,1,0,10,66,2,0,0,65,4160,21,3832,3832,0,245248,3591,56,0,0,0,0,0,0,0,0,45,19,1,0,0,0,0,0,0,0,0,0,0,0,0,0,0,0,0,0,0,0,0,0,0,0,0,0,0,0,0,0,0,0,0,0,0,0,0,0,0,0,0,0,0,0,0,0,0,0,0,0,0,0,0,0,0,0,0,0,0,0,0,0,0,4294967295,4294967295,4294967295,4294967295,4294967295,4294967295,4294967295,4294967295,4294967295,4294967295
606,1,65,69,3,64,64,0,0,0,64,0,236928,236928,4615,4615,0,4451,232477,0,0,0,3702,236928,244,234,4960,1023,10,15,0,1048576,0,0,0,inf,inf,1.31242371,1.03707886,1,0,10,65,2,0,0,64,4096,60,3638,3638,0,232832,4391,234,0,259,1023,1023,1023,0,0,1023,28,21,8,5,2,0,0,0,0,0,0,0,0,0,0,0,0,0,0,0,0,0,0,0,0,0,0,0,0,0,0,0,0,0,0,0,0,0,0,0,0,0,0,0,0,0,0,0,0,0,0,0,0,0,0,0,0,0,0,0,0,0,0,0,0,4,2,27,1,2,2,2,3,4,23
607,0.100000001,66,69,3,64,64,0,0,0,65,0,243776,243776,4364,4364,0,4258,239518,0,0,0,3809,243776,499,192,8256,64,10,15,0,1048576,0,0,0,inf,inf,2.56060791,1.79521179,1,0,10,66,2,0,5,60,4160,77,3744,3744,9,239616,4181,192,5,0,64,64,64,0,0,64,39,13,8,0,0,1,0,0,2,0,0,0,1,0,0,1,0,0,0,0,0,0,0,0,0,0,0,0,0,0,0,0,0,0,0,0,0,0,0,0,0,0,0,0,0,0,0,0,0,0,0,0,0,0,0,0,0,0,0,0,0,0,0,0,0,4294967295,4294967295,4294967295,4294967295,4294967295,4294967295,20,4294967295,4294967295,4294967295
608,0,69,69,2,64,64,0,0,0,68,0,257600,257600,4193,4193,0,3979,253621,0,0,0,4025,257600,311,113,8448,0,10,15,0,1048576,0,0,0,inf,inf,2.31170654,1.90698242,1,0,10,69,2,0,3,65,4352,68,3957,3957,0,253248,3911,113,0,0,0,0,0,0,0,0,36,17,8,3,1,0,0,2,1,0,0,0,0,0,0,0,0,0,0,0,0,0,0,0,0,0,0,0,0,0,0,0,0,0,0,0,0,0,0,0,0,0,0,0,0,0,0,0,0,0,0,0,0,0,0,0,0,0,0,0,0,0,0,0,0,4294967295,4294967295,4294967295,4294967295,4294967295,4294967295,4294967295,4294967295,4294967295,4294967295
609,0.5,65,69,3,64,64,0,0,0,64,0,234688,234688,3851,3851,0,3489,231199,0,0,0,3667,234688,208,70,11616,79,10,15,0,1048576,0,0,0,inf,inf,3.13864136,2.58518982,1,0,10,65,2,0,2,62,4096,61,3603,3603,0,230592,3428,70,0,68,79,79,79,0,0,79,35,15,5,4,3,1,0,1,0,0,0,0,0,0,0,0,0,0,0,0,0,0,0,0,0,0,0,0,0,0,0,0,0,0,0,0,0,0,0,0,0,0,0,0,0,0,0,0,0,0,0,0,0,0,0,0,0,0,0,0,0,0,0,0,0,1,0,2,1,4294967295,4294967295,3,4294967295,4294967295,4294967295
610,1,65,69,3,64,64,0,0,0,64,0,195840,195840,4864,4864,0,4380,191460,0,0,0,3060,195840,2661,253,15168,1023,10,15,0,1048576,0,0,0,inf,inf,1.62612915,0.994125366,1,0,10,65,2,0,38,26,4096,363,2996,2996,0,191744,4017,253,0,1023,1023,1023,1023,0,0,1023,4,4,2,7,9,6,9,4,7,4,2,1,3,1,1,0,0,0,0,0,0,0,0,0,0,0,0,0,0,0,0,0,0,0,0,0,0,0,0,0,0,0,0,0,0,0,0,0,0,0,0,0,0,0,0,0,0,0,0,0,0,0,0,0,0,2,1,2,2,1,1,1,1,0,0
611,0.899999976,65,69,3,64,64,0,0,0,64,0,192896,192896,5373,5373,0,4591,188305,0,0,0,3014,192896,1605,126,12704,895,10,15,0,1048576,0,0,0,inf,inf,1.32403564,0.84161377,1,0,10,65,2,0,23,41,4096,238,2950,2950,0,188800,4353,126,0,823,895,895,895,0,0,895,5,9,11,9,7,10,5,3,1,1,1,0,2,0,0,0,0,0,0,0,0,0,0,0,0,0,0,0,0,0,0,0,0,0,0,0,0,0,0,0,0,0,0,0,0,0,0,0,0,0,0,0,0,0,0,0,0,0,0,0,0,0,0,0,0,4,1,1,2,2,2,2,4294967295,6,5
612,0,54,69,3,53,53,0,0,0,53,0,161024,161024,3622,3622,0,2970,158054,0,0,0,2516,161024,1135,43,10592,0,10,15,0,1048576,0,0,0,inf,inf,4.38819885,2.21153259,1,0,10,54,2,0,17,36,3392,234,2463,2463,0,157632,2736,43,0,0,0,0,0,0,0,0,18,11,3,3,1,1,1,0,0,2,1,1,2,1,3,5,0,0,0,0,0,0,0,0,0,0,0,0,0,0,0,0,0,0,0,0,0,0,0,0,0,0,0,0,0,0,0,0,0,0,0,0,0,0,0,0,0,0,0,0,0,0,0,0,0,4294967295,4294967295,4294967295,4294967295,4294967295,4294967295,4294967295,4294967295,4294967295,4294967295
613,0,21,69,3,20,20,0,0,0,20,0,73920,73920,1179,1179,0,1052,72868,0,0,0,1155,73920,20,10,5312,0,10,15,0,1048576,0,0,0,inf,inf,3.11538696,2.58032227,1,0,10,21,2,0,0,20,1280,8,1135,1135,0,72640,1044,10,0,0,0,0,0,0,0,0,15,2,3,0,0,0,0,0,0,0,0,0,0,0,0,0,0,0,0,0,0,0,0,0,0,0,0,0,0,0,0,0,0,0,0,0,0,0,0,0,0,0,0,0,0,0,0,0,0,0,0,0,0,0,0,0,0,0,0,0,0,0,0,0,0,4294967295,4294967295,4294967295,4294967295,4294967295,4294967295,4294967295,4294967295,4294967295,4294967295
614,0.100000001,67,69,3,64,64,0,0,0,66,0,250048,250048,3970,3970,0,3701,246347,0,0,0,3907,250048,95,85,4512,128,10,15,0,1048576,0,0,0,inf,inf,2.68572998,1.81195068,1,0,10,67,2,0,0,66,4224,29,3841,3841,0,245824,3672,85,0,0,128,128,128,0,0,128,42,19,5,0,0,0,0,0,0,0,0,0,0,0,0,0,0,0,0,0,0,0,0,0,0,0,0,0,0,0,0,0,0,0,0,0,0,0,0,0,0,0,0,0,0,0,0,0,0,0,0,0,0,0,0,0,0,0,0,0,0,0,0,0,0,4294967295,4294967295,4294967295,4294967295,4294967295,4294967295,4294967295,2,4294967295,4294967295
615,1,66,69,3,64,64,0,0,0,65,0,157248,157248,7691,7691,0,6748,150500,0,0,0,2457,157248,3848,272,12096,1023,10,15,0,1048576,0,0,0,inf,inf,0.678359985,0.492507935,1,0,10,66,2,0,56,9,4160,546,2392,2392,3,153088,6202,272,1,1023,1023,1023,1023,0,0,1023,0,0,1,2,6,5,5,8,7,9,6,3,4,4,2,3,0,0,0,0,0,0,0,0,0,0,0,0,0,0,0,0,0,0,0,0,0,0,0,0,0,0,0,0,0,0,0,0,0,0,0,0,0,0,0,0,0,0,0,0,0,0,0,0,0,1,2,1,2,2,2,2,3,3,2
616,0.100000001,69,69,1,64,64,0,9,0,68,0,255552,255552,4164,4164,0,3859,251693,0,0,0,3993,255552,93,83,6496,256,10,15,0,1048576,0,0,0,inf,2.15313721,2.33584595,1.89625549,1,0,10,69,2,0,0,68,4352,39,3925,3925,0,251200,3820,83,0,256,256,256,256,0,0,256,39,22,5,1,1,0,0,0,0,0,0,0,0,0,0,0,0,0,0,0,0,0,0,0,0,0,0,0,0,0,0,0,0,0,0,0,0,0,0,0,0,0,0,0,0,0,0,0,0,0,0,0,0,0,0,0,0,0,0,0,0,0,0,0,0,4294967295,4294967295,4294967295,4294967295,4294967295,4294967295,4294967295,4294967295,63,4294967295
617,0.100000001,65,69,3,64,64,0,0,0,64,0,229952,229952,3872,3872,0,3529,226423,0,0,0,3593,229952,833,58,21184,32,10,15,0,1048576,0,0,0,inf,inf,3.25700378,2.36706543,1,0,10,65,2,0,12,52,4096,166,3529,3529,0,225856,3363,58,0,0,32,32,32,0,0,32,20,10,10,7,5,2,2,2,2,2,0,1,0,0,1,0,0,0,0,0,0,0,0,0,0,0,0,0,0,0,0,0,0,0,0,0,0,0,0,0,0,0,0,0,0,0,0,0,0,0,0,0,0,0,0,0,0,0,0,0,0,0,0,0,0,4294967295,4294967295,4294967295,4294967295,4294967295,0,4294967295,4294967295,4294967295,4294967295
618,0,12,69,3,11,11,0,0,0,11,0,43968,43968,642,642,0,617,43351,0,0,0,687,43968,11,1,5120,0,10,15,0,1048576,0,0,0,inf,inf,3.20220947,2.93510437,1,0,10,12,2,0,0,11,704,2,676,676,0,43264,615,1,0,0,0,0,0,0,0,0,9,2,0,0,0,0,0,0,0,0,0,0,0,0,0,0,0,0,0,0,0,0,0,0,0,0,0,0,0,0,0,0,0,0,0,0,0,0,0,0,0,0,0,0,0,0,0,0,0,0,0,0,0,0,0,0,0,0,0,0,0,0,0,0,0,4294967295,4294967295,4294967295,4294967295,4294967295,4294967295,4294967295,4294967295,4294967295,4294967295
619,1,66,69,3,64,64,0,0,0,65,0,207296,207296,5079,5079,0,4532,202764,0,0,0,3239,207296,1102,264,34880,1023,10,15,0,1048576,0,0,0,inf,inf,1.3614502,1.01123047,1,0,10,66,2,0,13,52,4160,175,3174,3174,0,203136,4357,264,0,1023,1023,1023,1023,0,0,1023,11,14,15,9,3,4,5,2,0,0,1,0,0,0,0,0,0,0,1,0,0,0,0,0,0,0,0,0,0,0,0,0,0,0,0,0,0,0,0,0,0,0,0,0,0,0,0,0,0,0,0,0,0,0,0,0,0,0,0,0,0,0,0,0,0,5,5,6,6,6,6,7,6,6,6
620,0,34,69,3,33,33,0,0,0,33,0,117312,117312,2009,2009,0,1778,115534,0,0,0,1833,117312,411,23,6688,0,10,15,0,1048576,0,0,0,inf,inf,4.54823303,3.38922119,1,0,10,34,2,0,6,27,2112,58,1800,1800,0,115200,1720,23,0,0,0,0,0,0,0,0,10,12,2,3,0,3,3,0,0,0,0,0,0,0,0,0,0,0,0,0,0,0,0,0,0,0,0,0,0,0,0,0,0,0,0,0,0,0,0,0,0,0,0,0,0,0,0,0,0,0,0,0,0,0,0,0,0,0,0,0,0,0,0,0,0,4294967295,4294967295,4294967295,4294967295,4294967295,4294967295,4294967295,4294967295,4294967295,4294967295
621,1,66,69,3,64,64,0,0,0,65,0,254016,254016,3844,3844,0,3693,250323,0,0,0,3969,254016,91,81,35136,1023,10,15,0,1048576,0,0,0,inf,inf,1.64279175,0.954025269,1,0,10,66,2,0,0,65,4160,24,3904,3904,0,249856,3669,81,0,206,1023,1023,1023,0,0,1023,46,15,3,1,0,0,0,0,0,0,0,0,0,0,0,0,0,0,0,0,0,0,0,0,0,0,0,0,0,0,0,0,0,0,0,0,0,0,0,0,0,0,0,0,0,0,0,0,0,0,0,0,0,0,0,0,0,0,0,0,0,0,0,0,0,2,25,24,29,22,1,24,4,22,5
622,0.100000001,69,69,1,64,64,0,1,0,68,0,256128,256128,4479,4479,0,4363,251765,0,0,0,4002,256128,634,181,17088,8,10,15,0,1048576,0,0,0,inf,1.98068237,1.98068237,1.65878296,1,0,10,69,2,0,7,61,4352,121,3934,3934,0,251776,4242,181,0,0,8,8,8,0,0,8,18,21,11,8,3,4,1,1,0,1,0,0,0,0,0,0,0,0,0,0,0,0,0,0,0,0,0,0,0,0,0,0,0,0,0,0,0,0,0,0,0,0,0,0,0,0,0,0,0,0,0,0,0,0,0,0,0,0,0,0,0,0,0,0,0,4294967295,4294967295,4294967295,3,4294967295,4294967295,4294967295,4294967295,4294967295,4294967295
623,0,11,69,3,10,10,0,0,0,10,0,38336,38336,588,588,0,539,37797,0,0,0,599,38336,10,0,9184,0,10,15,0,1048576,0,0,0,inf,inf,2.88317871,2.88317871,1,0,10,11,2,0,0,10,640,2,589,589,0,37696,537,0,0,0,0,0,0,0,0,0,8,2,0,0,0,0,0,0,0,0,0,0,0,0,0,0,0,0,0,0,0,0,0,0,0,0,0,0,0,0,0,0,0,0,0,0,0,0,0,0,0,0,0,0,0,0,0,0,0,0,0,0,0,0,0,0,0,0,0,0,0,0,0,0,0,4294967295,4294967295,4294967295,4294967295,4294967295,4294967295,4294967295,4294967295,4294967295,4294967295
624,1,66,69,3,64,64,0,0,0,65,0,250240,250240,3705,3705,0,3506,246734,0,0,0,3910,250240,85,75,17920,1023,10,15,0,1048576,0,0,0,inf,inf,1.77041626,1.31491089,1,0,10,66,2,0,0,65,4160,41,3845,3845,0,246080,3465,75,0,620,1023,1023,1023,0,0,1023,34,22,8,1,0,0,0,0,0,0,0,0,0,0,0,0,0,0,0,0,0,0,0,0,0,0,0,0,0,0,0,0,0,0,0,0,0,0,0,0,0,0,0,0,0,0,0,0,0,0,0,0,0,0,0,0,0,0,0,0,0,0,0,0,0,1,3,1,6,52,3,4,37,0,3
625,1,65,69,3,64,64,0,0,0,64,0,193536,193536,5669,5669,0,5195,188341,0,0,0,3024,193536,2749,273,18528,1023,10,15,0,1048576,0,0,0,inf,inf,1.38442993,1.1289978,1,0,10,65,2,0,39,25,4096,389,2960,2960,0,189440,4806,273,0,991,1023,1023,1023,0,0,1023,2,3,7,8,5,6,8,7,5,1,0,2,4,2,4,0,0,0,0,0,0,0,0,0,0,0,0,0,0,0,0,0,0,0,0,0,0,0,0,0,0,0,0,0,0,0,0,0,0,0,0,0,0,0,0,0,0,0,0,0,0,0,0,0,0,1,2,2,1,1,2,2,2,2,2
626,0.200000003,66,69,3,64,64,0,0,0,65,0,237760,237760,5027,5027,0,4797,232963,0,0,0,3715,237760,349,211,11424,272,10,15,0,1048576,0,0,0,inf,inf,2.16954041,1.89779663,1,0,10,66,2,0,2,63,4160,69,3650,3650,0,233600,4728,211,0,0,272,272,272,0,0,272,25,26,6,5,1,1,0,1,0,0,0,0,0,0,0,0,0,0,0,0,0,0,0,0,0,0,0,0,0,0,0,0,0,0,0,0,0,0,0,0,0,0,0,0,0,0,0,0,0,0,0,0,0,0,0,0,0,0,0,0,0,0,0,0,0,4294967295,4294967295,4294967295,4294967295,17,4294967295,4294967295,4294967295,4,4294967295
627,1,66,69,3,64,64,0,0,0,65,0,220224,220224,5107,5107,0,4738,215486,0,0,0,3441,220224,1025,252,4768,1023,10,15,0,1048576,0,0,0,inf,inf,1.18806458,0.934951782,1,0,10,66,2,0,12,53,4160,163,3376,3376,0,216064,4575,252,0,699,1023,1023,1023,0,0,1023,11,14,10,11,7,7,2,3,0,0,0,0,0,0,0,0,0,0,0,0,0,0,0,0,0,0,0,0,0,0,0,0,0,0,0,0,0,0,0,0,0,0,0,0,0,0,0,0,0,0,0,0,0,0,0,0,0,0,0,0,0,0,0,0,0,2,2,1,4,4,4,4,4,1,2
628,0,65,69,3,64,64,0,0,0,64,0,224640,224640,4062,4062,0,3594,221046,0,0,0,3510,224640,888,54,1952,0,10,15,0,1048576,0,0,0,inf,inf,3.52062988,2.28440857,1,0,10,65,2,0,13,51,4096,128,3446,3446,0,220544,3466,54,0,0,0,0,0,0,0,0,26,11,7,4,3,4,5,3,1,0,0,0,0,0,0,0,0,0,0,0,0,0,0,0,0,0,0,0,0,0,0,0,0,0,0,0,0,0,0,0,0,0,0,0,0,0,0,0,0,0,0,0,0,0,0,0,0,0,0,0,0,0,0,0,0,4294967295,4294967295,4294967295,4294967295,4294967295,4294967295,4294967295,4294967295,4294967295,4294967295
629,1,65,69,3,64,64,0,0,0,64,0,209536,209536,5494,5494,0,5164,204372,0,0,0,3274,209536,1631,297,20320,1023,10,15,0,1048576,0,0,0,inf,inf,1.53936768,1.25236511,1,0,10,65,2,0,21,43,4096,259,3210,3210,0,205440,4905,297,0,1021,1023,1023,1023,0,0,1023,3,7,11,11,11,3,7,5,2,0,0,3,1,0,0,0,0,0,0,0,0,0,0,0,0,0,0,0,0,0,0,0,0,0,0,0,0,0,0,0,0,0,0,0,0,0,0,0,0,0,0,0,0,0,0,0,0,0,0,0,0,0,0,0,0,8,2,7,3,2,8,2,7,7,14
630,0.300000012,65,69,3,64,64,0,0,0,64,0,248256,248256,3892,3892,0,3821,244435,0,0,0,3879,248256,178,168,7904,112,10,15,0,1048576,0,0,0,inf,inf,1.78742981,1.44447327,1,0,10,65,2,0,0,64,4096,42,3815,3815,0,244160,3779,168,0,16,112,112,112,0,0,112,36,18,7,2,1,0,0,0,0,0,0,0,0,0,0,0,0,0,0,0,0,0,0,0,0,0,0,0,0,0,0,0,0,0,0,0,0,0,0,0,0,0,0,0,0,0,0,0,0,0,0,0,0,0,0,0,0,0,0,0,0,0,0,0,0,4294967295,4294967295,4294967295,4294967295,22,57,0,4294967295,4294967295,4294967295
631,0.800000012,66,69,3,64,64,0,0,0,65,0,238272,238272,4095,4095,0,3980,234292,0,0,0,3723,238272,1143,202,10656,751,10,15,0,1048576,0,0,0,inf,inf,2.19462585,1.82037354,1,0,10,66,2,0,15,50,4160,185,3658,3658,0,234112,3795,202,0,582,751,751,751,0,0,751,10,15,9,8,8,4,7,2,1,0,0,0,1,0,0,0,0,0,0,0,0,0,0,0,0,0,0,0,0,0,0,0,0,0,0,0,0,0,0,0,0,0,0,0,0,0,0,0,0,0,0,0,0,0,0,0,0,0,0,0,0,0,0,0,0,22,8,21,7,4294967295,9,19,6,4294967295,22
632,0.899999976,66,69,3,64,64,0,0,0,65,0,239552,239552,4125,4125,0,4005,235547,0,0,0,3743,239552,1040,212,8992,991,10,15,0,1048576,0,0,0,inf,inf,1.9078064,1.57754517,1,0,10,66,2,0,13,52,4160,150,3678,3678,0,235392,3855,212,0,0,991,991,991,0,0,991,18,14,9,4,7,3,7,3,0,0,0,0,0,0,0,0,0,0,0,0,0,0,0,0,0,0,0,0,0,0,0,0,0,0,0,0,0,0,0,0,0,0,0,0,0,0,0,0,0,0,0,0,0,0,0,0,0,0,0,0,0,0,0,0,0,18,0,21,20,34,4294967295,42,22,20,18
633,0.200000003,65,69,3,64,64,0,0,0,64,0,240960,240960,4079,4079,0,3798,237162,0,0,0,3765,240960,81,71,8864,129,10,15,0,1048576,0,0,0,inf,inf,2.30918884,1.70223999,1,0,10,65,2,0,0,64,4096,43,3701,3701,0,236864,3755,71,0,0,129,129,129,0,0,129,39,14,4,7,0,0,0,0,0,0,0,0,0,0,0,0,0,0,0,0,0,0,0,0,0,0,0,0,0,0,0,0,0,0,0,0,0,0,0,0,0,0,0,0,0,0,0,0,0,0,0,0,0,0,0,0,0,0,0,0,0,0,0,0,0,6,4294967295,4294967295,4294967295,4294967295,4294967295,4294967295,6,4294967295,4294967295
634,0,16,69,3,15,15,0,0,0,15,0,61504,61504,821,821,0,814,60690,0,0,0,961,61504,15,5,7712,0,10,15,0,1048576,0,0,0,inf,inf,3.25012207,2.54916382,1,0,10,16,2,0,0,15,960,2,946,946,0,60544,812,5,0,0,0,0,0,0,0,0,13,2,0,0,0,0,0,0,0,0,0,0,0,0,0,0,0,0,0,0,0,0,0,0,0,0,0,0,0,0,0,0,0,0,0,0,0,0,0,0,0,0,0,0,0,0,0,0,0,0,0,0,0,0,0,0,0,0,0,0,0,0,0,0,0,4294967295,4294967295,4294967295,4294967295,4294967295,4294967295,4294967295,4294967295,4294967295,4294967295
635,1,65,69,3,64,64,0,0,0,64,0,216768,216768,4894,4894,0,4477,212291,0,0,0,3387,216768,894,183,22208,1023,10,15,0,1048576,0,0,0,inf,inf,1.5085907,1.21609497,1,0,10,65,2,0,11,53,4096,173,3323,3323,0,212672,4304,183,0,639,1023,1023,1023,0,0,1023,8,13,11,16,5,2,6,1,1,1,0,0,0,0,0,0,0,0,0,0,0,0,0,0,0,0,0,0,0,0,0,0,0,0,0,0,0,0,0,0,0,0,0,0,0,0,0,0,0,0,0,0,0,0,0,0,0,0,0,0,0,0,0,0,0,8,8,6,6,6,10,2,1,1,3
636,0.5,65,69,3,64,64,0,0,0,64,0,231680,231680,4249,4249,0,4175,227505,0,0,0,3620,231680,1377,253,13376,124,10,15,0,1048576,0,0,0,inf,inf,2.33818054,2.06036377,1,0,10,65,2,0,18,46,4096,213,3556,3556,0,227584,3962,253,0,84,124,124,124,0,0,124,12,15,7,6,6,4,5,2,1,1,2,0,2,0,0,0,0,1,0,0,0,0,0,0,0,0,0,0,0,0,0,0,0,0,0,0,0,0,0,0,0,0,0,0,0,0,0,0,0,0,0,0,0,0,0,0,0,0,0,0,0,0,0,0,0,4294967295,4294967295,18,13,35,37,11,4294967295,4294967295,4294967295
637,0.600000024,65,69,3,64,64,0,0,0,64,0,236736,236736,4039,4039,0,3919,232817,0,0,0,3699,236736,1250,181,29152,948,10,15,0,1048576,0,0,0,inf,inf,1.85488892,1.43281555,1,0,10,65,2,0,17,47,4096,160,3635,3635,0,232640,3759,181,0,948,948,948,948,0,0,948,20,14,5,4,4,6,3,6,0,2,0,0,0,0,0,0,0,0,0,0,0,0,0,0,0,0,0,0,0,0,0,0,0,0,0,0,0,0,0,0,0,0,0,0,0,0,0,0,0,0,0,0,0,0,0,0,0,0,0,0,0,0,0,0,0,4294967295,4294967295,4,4294967295,3,3,4294967295,4,7,7
638,0,47,69,3,46,46,0,0,0,46,0,173056,173056,2644,2644,0,2418,170638,0,0,0,2704,173056,110,36,10880,0,10,15,0,1048576,0,0,0,inf,inf,3.75469971,2.69032288,1,0,10,47,2,0,1,45,2944,24,2658,2658,0,170112,2394,36,0,0,0,0,0,0,0,0,28,15,2,0,0,1,0,0,0,0,0,0,0,0,0,0,0,0,0,0,0,0,0,0,0,0,0,0,0,0,0,0,0,0,0,0,0,0,0,0,0,0,0,0,0,0,0,0,0,0,0,0,0,0,0,0,0,0,0,0,0,0,0,0,0,4294967295,4294967295,4294967295,4294967295,4294967295,4294967295,4294967295,4294967295,4294967295,4294967295
639,0.5,60,69,3,59,59,0,0,0,59,0,200768,200768,3784,3784,0,3276,197492,0,0,0,3137,200768,949,49,4800,775,10,15,0,1048576,0,0,0,inf,inf,3.03222656,1.56108093,1,0,10,60,2,0,14,45,3776,141,3078,3078,0,196992,3135,49,0,2,775,775,775,0,0,775,18,9,9,7,2,6,5,1,0,2,0,0,0,0,0,0,0,0,0,0,0,0,0,0,0,0,0,0,0,0,0,0,0,0,0,0,0,0,0,0,0,0,0,0,0,0,0,0,0,0,0,0,0,0,0,0,0,0,0,0,0,0,0,0,0,0,24,0,4294967295,4294967295,4294967295,4294967295,4294967295,4,24
640,0.400000006,65,69,3,64,64,0,0,0,64,0,236032,236032,3834,3834,0,3513,232519,0,0,0,3688,236032,133,123,10272,267,10,15,0,1048576,0,0,0,inf,inf,2.34877014,2.06677246,1,0,10,65,2,0,0,64,4096,28,3624,3624,0,231936,3485,123,0,0,267,267,267,0,0,267,41,19,3,1,0,0,0,0,0,0,0,0,0,0,0,0,0,0,0,0,0,0,0,0,0,0,0,0,0,0,0,0,0,0,0,0,0,0,0,0,0,0,0,0,0,0,0,0,0,0,0,0,0,0,0,0,0,0,0,0,0,0,0,0,0,28,29,4294967295,8,4294967295,4294967295,4294967295,4294967295,15,4294967295
641,0.100000001,45,69,3,44,44,0,0,0,44,0,174592,174592,2507,2507,0,2442,172150,0,0,0,2728,174592,108,34,6016,8,10,15,0,1048576,0,0,0,inf,inf,3.70523071,2.93995667,1,0,10,45,2,0,1,43,2816,33,2684,2684,0,171776,2409,34,0,8,8,8,8,0,0,8,27,9,3,3,1,1,0,0,0,0,0,0,0,0,0,0,0,0,0,0,0,0,0,0,0,0,0,0,0,0,0,0,0,0,0,0,0,0,0,0,0,0,0,0,0,0,0,0,0,0,0,0,0,0,0,0,0,0,0,0,0,0,0,0,0,4294967295,4294967295,4294967295,0,4294967295,4294967295,4294967295,4294967295,4294967295,4294967295
642,0.100000001,69,69,1,64,64,0,2,0,68,0,256320,256320,4040,4040,0,3786,252534,0,0,0,4005,256320,233,96,7776,512,10,15,0,1048576,0,0,0,inf,2.30366516,2.48828125,2.0173645,1,0,10,69,2,0,2,66,4352,65,3937,3937,0,251968,3721,96,0,0,512,512,512,0,0,512,37,10,14,3,2,2,0,0,0,0,0,0,0,0,0,0,0,0,0,0,0,0,0,0,0,0,0,0,0,0,0,0,0,0,0,0,0,0,0,0,0,0,0,0,0,0,0,0,0,0,0,0,0,0,0,0,0,0,0,0,0,0,0,0,0,4294967295,4294967295,4294967295,4294967295,4294967295,4294967295,4294967295,4294967295,4294967295,3
643,0.899999976,65,69,3,64,64,0,0,0,64,0,182720,182720,5321,5321,0,4352,178368,0,0,0,2855,182720,1122,157,15040,1023,10,15,0,1048576,0,0,0,inf,inf,1.8482666,1.00732422,1,0,10,65,2,0,15,49,4096,179,2791,2791,0,178624,4173,157,0,1023,1023,1023,1023,0,0,511,9,12,14,6,8,5,6,4,0,0,0,0,0,0,0,0,0,0,0,0,0,0,0,0,0,0,0,0,0,0,0,0,0,0,0,0,0,0,0,0,0,0,0,0,0,0,0,0,0,0,0,0,0,0,0,0,0,0,0,0,0,0,0,0,0,2,1,2,2,2,2,2,2,2,1
644,1,69,69,2,64,64,0,0,0,68,0,239872,239872,4274,4274,0,4008,235864,0,0,0,3748,239872,1616,157,6368,1023,10,15,0,1048576,0,0,0,inf,inf,1.82595825,1.37110901,1,0,10,69,2,0,23,45,4352,249,3680,3680,0,235520,3759,157,0,1023,1023,1023,1023,0,0,1023,13,9,9,8,6,4,4,6,3,2,2,1,0,0,0,1,0,0,0,0,0,0,0,0,0,0,0,0,0,0,0,0,0,0,0,0,0,0,0,0,0,0,0,0,0,0,0,0,0,0,0,0,0,0,0,0,0,0,0,0,0,0,0,0,0,9,7,13,13,13,8,21,8,8,9
645,0.200000003,69,69,1,64,64,0,1,0,68,0,250112,250112,4099,4099,0,3826,246286,0,0,0,3908,250112,773,66,21184,33,10,15,0,1048576,0,0,0,inf,3.44473267,3.44473267,2.46127319,1,0,10,69,2,0,11,57,4352,173,3840,3840,0,245760,3653,66,0,0,33,33,33,0,0,33,22,9,9,12,5,1,2,2,2,2,0,1,0,0,1,0,0,0,0,0,0,0,0,0,0,0,0,0,0,0,0,0,0,0,0,0,0,0,0,0,0,0,0,0,0,0,0,0,0,0,0,0,0,0,0,0,0,0,0,0,0,0,0,0,0,0,4294967295,4294967295,4294967295,4294967295,0,4294967295,4294967295,4294967295,4294967295
646,0.699999988,40,69,3,39,39,0,0,0,39,0,144192,144192,2345,2345,0,2142,142050,0,0,0,2253,144192,227,29,9280,982,10,15,0,1048576,0,0,0,inf,inf,3.61325073,1.39776611,1,0,10,40,2,0,3,36,2496,50,2214,2214,0,141696,2092,29,0,466,982,982,982,0,0,982,19,7,4,5,1,2,1,0,0,0,0,0,0,0,0,0,0,0,0,0,0,0,0,0,0,0,0,0,0,0,0,0,0,0,0,0,0,0,0,0,0,0,0,0,0,0,0,0,0,0,0,0,0,0,0,0,0,0,0,0,0,0,0,0,0,4294967295,2,9,4294967295,8,4294967295,7,8,9,14
647,0.400000006,65,69,3,64,64,0,0,0,64,0,233152,233152,3983,3983,0,3821,229331,0,0,0,3643,233152,1186,178,9376,582,10,15,0,1048576,0,0,0,inf,inf,1.83425903,1.4382019,1,0,10,65,2,0,16,48,4096,177,3579,3579,0,229056,3644,178,0,68,582,582,582,0,0,582,19,15,7,2,5,5,3,3,1,1,2,0,0,0,0,0,0,0,0,0,0,1,0,0,0,0,0,0,0,0,0,0,0,0,0,0,0,0,0,0,0,0,0,0,0,0,0,0,0,0,0,0,0,0,0,0,0,0,0,0,0,0,0,0,0,4294967295,39,10,4294967295,4294967295,4294967295,34,4294967295,4294967295,37
648,0,65,69,3,64,64,0,0,0,64,0,234112,234112,4159,4159,0,3863,230249,0,0,0,3658,234112,681,100,8448,0,10,15,0,1048576,0,0,0,inf,inf,2.61976624,2.41395569,1,0,10,65,2,0,9,55,4096,106,3594,3594,0,230016,3757,100,0,0,0,0,0,0,0,0,35,15,2,2,1,1,1,1,2,2,0,0,1,1,0,0,0,0,0,0,0,0,0,0,0,0,0,0,0,0,0,0,0,0,0,0,0,0,0,0,0,0,0,0,0,0,0,0,0,0,0,0,0,0,0,0,0,0,0,0,0,0,0,0,0,4294967295,4294967295,4294967295,4294967295,4294967295,4294967295,4294967295,4294967295,4294967295,4294967295
649,0.300000012,32,69,3,31,31,0,0,0,31,0,117056,117056,1910,1910,0,1762,115294,0,0,0,1829,117056,31,21,7904,56,10,15,0,1048576,0,0,0,inf,inf,3.62498474,2.30552673,1,0,10,32,2,0,0,31,1984,17,1798,1798,0,115072,1745,21,0,56,56,56,56,0,0,56,20,5,6,0,0,0,0,0,0,0,0,0,0,0,0,0,0,0,0,0,0,0,0,0,0,0,0,0,0,0,0,0,0,0,0,0,0,0,0,0,0,0,0,0,0,0,0,0,0,0,0,0,0,0,0,0,0,0,0,0,0,0,0,0,0,4294967295,4294967295,4294967295,0,0,0,4294967295,4294967295,4294967295,4294967295
650,1,65,69,3,64,64,0,0,0,64,0,227968,227968,4795,4795,0,4858,223110,0,0,0,3562,227968,1784,398,12896,1023,10,15,0,1048576,0,0,0,inf,inf,1.54840088,1.20515442,1,0,10,65,2,0,22,42,4096,263,3498,3498,0,223872,4595,398,0,1022,1023,1023,1023,0,0,1023,8,8,11,9,6,6,4,1,3,1,2,0,2,1,1,0,0,1,0,0,0,0,0,0,0,0,0,0,0,0,0,0,0,0,0,0,0,0,0,0,0,0,0,0,0,0,0,0,0,0,0,0,0,0,0,0,0,0,0,0,0,0,0,0,0,22,4,7,7,6,10,10,8,5,13
651,0,34,69,3,33,33,0,0,0,33,0,124928,124928,1982,1982,0,1822,123106,0,0,0,1952,124928,33,23,5984,0,10,15,0,1048576,0,0,0,inf,inf,3.54237366,2.84039307,1,0,10,34,2,0,0,33,2112,10,1919,1919,0,122816,1812,23,0,0,0,0,0,0,0,0,23,10,0,0,0,0,0,0,0,0,0,0,0,0,0,0,0,0,0,0,0,0,0,0,0,0,0,0,0,0,0,0,0,0,0,0,0,0,0,0,0,0,0,0,0,0,0,0,0,0,0,0,0,0,0,0,0,0,0,0,0,0,0,0,0,4294967295,4294967295,4294967295,4294967295,4294967295,4294967295,4294967295,4294967295,4294967295,4294967295
652,0,43,69,3,42,42,0,0,0,42,0,148032,148032,2640,2640,0,2354,145678,0,0,0,2313,148032,741,32,4000,0,10,15,0,1048576,0,0,0,inf,inf,3.59422302,2.69139099,1,0,10,43,2,0,11,31,2688,99,2271,2271,0,145344,2255,32,0,0,0,0,0,0,0,0,20,6,0,1,4,4,0,4,2,0,1,0,0,0,0,0,0,0,0,0,0,0,0,0,0,0,0,0,0,0,0,0,0,0,0,0,0,0,0,0,0,0,0,0,0,0,0,0,0,0,0,0,0,0,0,0,0,0,0,0,0,0,0,0,0,4294967295,4294967295,4294967295,4294967295,4294967295,4294967295,4294967295,4294967295,4294967295,4294967295
653,0.200000003,65,69,3,64,64,0,0,0,64,0,249792,249792,3740,3740,0,3642,246150,0,0,0,3903,249792,125,115,9792,3,10,15,0,1048576,0,0,0,inf,inf,2.44006348,2.13665771,1,0,10,65,2,0,0,64,4096,44,3839,3839,0,245696,3598,115,0,0,3,3,3,0,0,3,34,19,8,3,0,0,0,0,0,0,0,0,0,0,0,0,0,0,0,0,0,0,0,0,0,0,0,0,0,0,0,0,0,0,0,0,0,0,0,0,0,0,0,0,0,0,0,0,0,0,0,0,0,0,0,0,0,0,0,0,0,0,0,0,0,2,1,4294967295,4294967295,4294967295,4294967295,4294967295,4294967295,4294967295,4294967295
654,1,69,69,1,64,64,0,7,0,68,0,211264,211264,4941,4941,0,4151,207113,0,0,0,3301,211264,1447,98,15776,1023,10,15,0,1048576,0,0,0,inf,1.33366394,2.26951599,0.771514893,1,0,10,69,2,0,21,47,4352,231,3233,3233,0,206912,3920,98,0,1023,1023,1023,1023,0,0,1023,10,7,14,12,4,3,6,8,1,1,2,0,0,0,0,0,0,0,0,0,0,0,0,0,0,0,0,0,0,0,0,0,0,0,0,0,0,0,0,0,0,0,0,0,0,0,0,0,0,0,0,0,0,0,0,0,0,0,0,0,0,0,0,0,0,33,33,34,34,34,34,35,34,33,34
655,0,65,69,3,64,64,0,0,0,64,0,204224,204224,5174,5174,0,4703,199521,0,0,0,3191,204224,1938,216,4416,0,10,15,0,1048576,0,0,0,inf,inf,2.27780151,2.02281189,1,0,10,65,2,0,27,37,4096,282,3127,3127,0,200128,4421,216,0,0,0,0,0,0,0,0,5,7,8,8,9,5,7,5,4,2,1,1,1,0,1,0,0,0,0,0,0,0,0,0,0,0,0,0,0,0,0,0,0,0,0,0,0,0,0,0,0,0,0,0,0,0,0,0,0,0,0,0,0,0,0,0,0,0,0,0,0,0,0,0,0,4294967295,4294967295,4294967295,4294967295,4294967295,4294967295,4294967295,4294967295,4294967295,4294967295
656,0,65,69,3,64,64,0,0,0,64,0,179072,179072,6547,6547,0,6050,173022,0,0,0,2798,179072,3392,208,16032,0,10,15,0,1048576,0,0,0,inf,inf,2.47686768,2.32177734,1,0,10,65,2,0,50,14,4096,578,2734,2734,15,174976,5472,208,26,0,0,0,0,0,0,0,1,1,3,6,3,4,5,5,5,3,3,3,4,5,2,3,3,1,2,1,1,0,0,0,0,0,0,0,0,0,0,0,0,0,0,0,0,0,0,0,0,0,0,0,0,0,0,0,0,0,0,0,0,0,0,0,0,0,0,0,0,0,0,0,0,4294967295,4294967295,4294967295,4294967295,4294967295,4294967295,4294967295,4294967295,4294967295,4294967295
657,0.899999976,65,69,3,64,64,0,0,0,64,0,232448,232448,4587,4587,0,4711,227737,0,0,0,3632,232448,1735,430,11232,511,10,15,0,1048576,0,0,0,inf,inf,1.60746765,1.17478943,1,0,10,65,2,0,21,43,4096,222,3568,3568,0,228352,4489,430,0,463,511,511,511,0,0,511,13,8,9,5,8,6,6,3,3,0,0,0,1,2,0,0,0,0,0,0,0,0,0,0,0,0,0,0,0,0,0,0,0,0,0,0,0,0,0,0,0,0,0,0,0,0,0,0,0,0,0,0,0,0,0,0,0,0,0,0,0,0,0,0,0,5,3,4,5,5,12,5,7,2,4294967295
658,0.400000006,65,69,3,64,64,0,0,0,64,0,197184,197184,4033,4033,0,3653,193531,0,0,0,3081,197184,2705,118,5920,792,10,15,0,1048576,0,0,0,inf,inf,1.97891235,1.53913879,1,0,10,65,2,1,41,22,4096,544,3017,3017,0,193088,3109,118,0,256,792,792,792,0,0,792,14,5,1,1,1,4,1,7,0,3,2,3,3,2,2,4,0,4,1,0,0,2,0,2,1,0,0,1,0,0,0,0,0,0,0,0,0,0,0,0,0,0,0,0,0,0,0,0,0,0,0,0,0,0,0,0,0,0,0,0,0,0,0,0,0,4294967295,4294967295,4294967295,11,0,4294967295,4294967295,4294967295,8,8
659,0,37,69,3,36,36,0,0,0,36,0,138176,138176,2129,2129,0,1985,136191,0,0,0,2159,138176,36,26,9152,0,10,15,0,1048576,0,0,0,inf,inf,2.92843628,2.00184631,1,0,10,37,2,0,0,36,2304,11,2123,2123,0,135872,1974,26,0,0,0,0,0,0,0,0,25,11,0,0,0,0,0,0,0,0,0,0,0,0,0,0,0,0,0,0,0,0,0,0,0,0,0,0,0,0,0,0,0,0,0,0,0,0,0,0,0,0,0,0,0,0,0,0,0,0,0,0,0,0,0,0,0,0,0,0,0,0,0,0,0,4294967295,4294967295,4294967295,4294967295,4294967295,4294967295,4294967295,4294967295,4294967295,4294967295
660,1,66,69,3,64,64,0,0,0,65,0,78400,78400,8300,8300,0,8408,69992,0,0,0,1225,78400,3362,512,8928,1023,10,15,0,1048576,0,0,0,inf,inf,0.584671021,0.478561401,1,0,10,66,2,20,45,0,4160,1463,1160,1160,66,74240,6945,512,168,1023,1023,1023,1023,0,0,1023,0,0,0,0,0,0,0,1,0,0,0,1,1,0,3,3,5,3,0,2,5,5,4,6,4,2,3,0,5,5,1,1,2,0,0,1,0,1,0,0,1,0,0,0,0,0,0,0,0,0,0,0,0,0,0,0,0,0,0,0,0,0,0,0,0,3,3,1,1,1,1,1,3,1,1
661,0.5,66,69,3,64,64,0,0,0,65,0,238784,238784,4781,4781,0,4545,234239,0,0,0,3731,238784,569,178,1472,936,10,15,0,1048576,0,0,0,inf,inf,1.89971924,1.60636902,1,0,10,66,2,0,6,59,4160,80,3666,3666,0,234624,4465,178,0,128,936,936,936,0,0,936,33,16,3,5,2,4,1,0,0,1,0,0,0,0,0,0,0,0,0,0,0,0,0,0,0,0,0,0,0,0,0,0,0,0,0,0,0,0,0,0,0,0,0,0,0,0,0,0,0,0,0,0,0,0,0,0,0,0,0,0,0,0,0,0,0,4294967295,4294967295,4294967295,7,4294967295,7,4294967295,19,6,7
662,0,65,69,3,64,64,0,0,0,64,0,243264,243264,3900,3900,0,3688,239576,0,0,0,3801,243264,271,74,5696,0,10,15,0,1048576,0,0,0,inf,inf,2.74142456,2.36169434,1,0,10,65,2,0,3,61,4096,73,3737,3737,0,239168,3615,74,0,0,0,0,0,0,0,0,28,13,16,4,0,2,1,0,0,0,0,0,0,0,0,0,0,0,0,0,0,0,0,0,0,0,0,0,0,0,0,0,0,0,0,0,0,0,0,0,0,0,0,0,0,0,0,0,0,0,0,0,0,0,0,0,0,0,0,0,0,0,0,0,0,4294967295,4294967295,4294967295,4294967295,4294967295,4294967295,4294967295,4294967295,4294967295,4294967295
663,1,65,69,3,64,64,0,0,0,64,0,194944,194944,5913,5913,0,5273,189671,0,0,0,3046,194944,2162,183,5504,1023,10,15,0,1048576,0,0,0,inf,inf,1.23609924,1.00538635,1,0,10,65,2,0,31,33,4096,291,2982,2982,0,190848,4982,183,0,1023,1023,1023,1023,0,0,1023,1,7,12,8,5,7,12,2,5,1,2,0,1,0,1,0,0,0,0,0,0,0,0,0,0,0,0,0,0,0,0,0,0,0,0,0,0,0,0,0,0,0,0,0,0,0,0,0,0,0,0,0,0,0,0,0,0,0,0,0,0,0,0,0,0,2,1,1,1,1,1,1,0,1,6
664,0.300000012,65,69,3,64,64,0,0,0,64,0,247808,247808,4091,4091,0,3952,243856,0,0,0,3872,247808,131,121,4960,524,10,15,0,1048576,0,0,0,inf,inf,2.08526611,1.72669983,1,0,10,65,2,0,0,64,4096,28,3808,3808,0,243712,3924,121,0,12,524,524,524,0,0,524,41,18,5,0,0,0,0,0,0,0,0,0,0,0,0,0,0,0,0,0,0,0,0,0,0,0,0,0,0,0,0,0,0,0,0,0,0,0,0,0,0,0,0,0,0,0,0,0,0,0,0,0,0,0,0,0,0,0,0,0,0,0,0,0,0,4294967295,4294967295,0,1,4294967295,4294967295,4294967295,4294967295,4294967295,7
665,0,67,69,3,64,64,0,0,0,66,0,216512,216512,5436,5436,0,4946,211566,0,0,0,3383,216512,1875,151,4992,0,10,15,0,1048576,0,0,0,inf,inf,2.39199829,2.25486755,1,0,10,67,2,0,27,39,4224,266,3317,3317,0,212288,4680,151,0,0,0,0,0,0,0,0,14,13,8,1,3,2,3,9,5,1,2,1,3,0,0,1,0,0,0,0,0,0,0,0,0,0,0,0,0,0,0,0,0,0,0,0,0,0,0,0,0,0,0,0,0,0,0,0,0,0,0,0,0,0,0,0,0,0,0,0,0,0,0,0,0,4294967295,4294967295,4294967295,4294967295,4294967295,4294967295,4294967295,4294967295,4294967295,4294967295
666,0.800000012,65,69,3,64,64,0,0,0,64,0,242432,242432,3968,3968,0,3695,238737,0,0,0,3788,242432,97,87,4384,759,10,15,0,1048576,0,0,0,inf,inf,1.66279602,1.02371216,1,0,10,65,2,0,0,64,4096,12,3724,3724,0,238336,3683,87,0,0,759,759,759,0,0,759,52,12,0,0,0,0,0,0,0,0,0,0,0,0,0,0,0,0,0,0,0,0,0,0,0,0,0,0,0,0,0,0,0,0,0,0,0,0,0,0,0,0,0,0,0,0,0,0,0,0,0,0,0,0,0,0,0,0,0,0,0,0,0,0,0,12,13,11,4294967295,18,11,7,15,4294967295,3
667,0,52,69,3,51,51,0,0,0,51,0,191936,191936,3081,3081,0,2842,189094,0,0,0,2999,191936,51,41,6848,0,10,15,0,1048576,0,0,0,inf,inf,2.80381775,1.99273682,1,0,10,52,2,0,0,51,3264,36,2948,2948,0,188672,2806,41,0,0,0,0,0,0,0,0,30,11,5,5,0,0,0,0,0,0,0,0,0,0,0,0,0,0,0,0,0,0,0,0,0,0,0,0,0,0,0,0,0,0,0,0,0,0,0,0,0,0,0,0,0,0,0,0,0,0,0,0,0,0,0,0,0,0,0,0,0,0,0,0,0,4294967295,4294967295,4294967295,4294967295,4294967295,4294967295,4294967295,4294967295,4294967295,4294967295
668,0.600000024,66,69,3,64,64,0,0,0,65,0,244160,244160,4088,4088,0,3828,240332,0,0,0,3815,244160,224,89,4032,500,10,15,0,1048576,0,0,0,inf,inf,2.67990112,1.53627014,1,0,10,66,2,0,2,63,4160,61,3750,3750,0,240000,3767,89,0,96,500,500,500,0,0,500,29,19,14,1,0,1,1,0,0,0,0,0,0,0,0,0,0,0,0,0,0,0,0,0,0,0,0,0,0,0,0,0,0,0,0,0,0,0,0,0,0,0,0,0,0,0,0,0,0,0,0,0,0,0,0,0,0,0,0,0,0,0,0,0,0,4294967295,4294967295,6,4294967295,4,11,3,4,5,4294967295
669,0.5,65,69,3,64,64,0,0,0,64,0,241344,241344,4108,4108,0,3924,237420,0,0,0,3771,241344,245,171,10784,327,10,15,0,1048576,0,0,0,inf,inf,2.03997803,1.48999023,1,0,10,65,2,0,1,63,4096,34,3707,3707,0,237248,3890,171,0,6,327,327,327,0,0,327,41,15,7,0,0,1,0,0,0,0,0,0,0,0,0,0,0,0,0,0,0,0,0,0,0,0,0,0,0,0,0,0,0,0,0,0,0,0,0,0,0,0,0,0,0,0,0,0,0,0,0,0,0,0,0,0,0,0,0,0,0,0,0,0,0,21,6,5,4294967295,4294967295,4294967295,46,4294967295,6,4294967295
670,0,13,69,3,12,12,0,0,0,12,0,47040,47040,691,691,0,650,46390,0,0,0,735,47040,12,2,4640,0,10,15,0,1048576,0,0,0,inf,inf,3.31912231,3.13809204,1,0,10,13,2,0,0,12,768,2,723,723,0,46272,648,2,0,0,0,0,0,0,0,0,10,2,0,0,0,0,0,0,0,0,0,0,0,0,0,0,0,0,0,0,0,0,0,0,0,0,0,0,0,0,0,0,0,0,0,0,0,0,0,0,0,0,0,0,0,0,0,0,0,0,0,0,0,0,0,0,0,0,0,0,0,0,0,0,0,4294967295,4294967295,4294967295,4294967295,4294967295,4294967295,4294967295,4294967295,4294967295,4294967295
671,0.899999976,67,69,3,64,64,0,0,0,66,0,230848,230848,5675,5675,0,5387,225461,0,0,0,3607,230848,1355,196,4768,767,10,15,0,1048576,0,0,0,inf,inf,2.57833862,0.963806152,1,0,10,67,2,0,18,48,4224,199,3541,3541,0,226624,5188,196,0,16,767,767,767,0,0,767,21,9,4,8,6,2,4,6,3,0,1,0,2,0,0,0,0,0,0,0,0,0,0,0,0,0,0,0,0,0,0,0,0,0,0,0,0,0,0,0,0,0,0,0,0,0,0,0,0,0,0,0,0,0,0,0,0,0,0,0,0,0,0,0,0,2,3,1,2,3,2,4,4,4294967295,1
672,1,66,69,3,64,64,0,0,0,65,0,218944,218944,4599,4599,0,4038,214906,0,0,0,3421,218944,642,125,6880,1023,10,15,0,1048576,0,0,0,inf,inf,1.29652405,0.84336853,1,0,10,66,2,0,8,57,4160,118,3356,3356,0,214784,3920,125,0,511,1023,1023,1023,0,0,1023,19,16,13,6,3,4,2,2,0,0,0,0,0,0,0,0,0,0,0,0,0,0,0,0,0,0,0,0,0,0,0,0,0,0,0,0,0,0,0,0,0,0,0,0,0,0,0,0,0,0,0,0,0,0,0,0,0,0,0,0,0,0,0,0,0,3,3,3,3,3,3,2,3,3,2
673,0,65,69,3,64,64,0,0,0,64,0,194752,194752,4768,4768,0,3954,190798,0,0,0,3043,194752,1222,70,2112,0,10,15,0,1048576,0,0,0,inf,inf,3.28619385,2.79656982,1,0,10,65,2,0,18,46,4096,233,2979,2979,0,190656,3721,70,0,0,0,0,0,0,0,0,8,7,11,9,11,3,2,4,4,4,1,0,0,0,0,0,0,0,0,0,0,0,0,0,0,0,0,0,0,0,0,0,0,0,0,0,0,0,0,0,0,0,0,0,0,0,0,0,0,0,0,0,0,0,0,0,0,0,0,0,0,0,0,0,0,4294967295,4294967295,4294967295,4294967295,4294967295,4294967295,4294967295,4294967295,4294967295,4294967295
674,0.300000012,69,69,1,64,64,0,1,0,68,0,253568,253568,4223,4223,0,3979,249589,0,0,0,3962,253568,619,105,2112,592,10,15,0,1048576,0,0,0,inf,2.15223694,2.20986938,1.7537384,1,0,10,69,2,0,8,60,4352,109,3894,3894,0,249216,3870,105,0,0,592,592,592,0,0,592,32,11,10,5,2,2,3,0,1,1,1,0,0,0,0,0,0,0,0,0,0,0,0,0,0,0,0,0,0,0,0,0,0,0,0,0,0,0,0,0,0,0,0,0,0,0,0,0,0,0,0,0,0,0,0,0,0,0,0,0,0,0,0,0,0,4294967295,4294967295,4294967295,4294967295,34,4294967295,44,4294967295,4294967295,64
675,0.100000001,23,69,3,22,22,0,0,0,22,0,85440,85440,1247,1247,0,1170,84270,0,0,0,1335,85440,22,12,8480,4,10,15,0,1048576,0,0,0,inf,inf,2.99795532,1.77651978,1,0,10,23,2,0,0,22,1408,6,1313,1313,0,84032,1164,12,0,0,4,4,4,0,0,4,19,0,3,0,0,0,0,0,0,0,0,0,0,0,0,0,0,0,0,0,0,0,0,0,0,0,0,0,0,0,0,0,0,0,0,0,0,0,0,0,0,0,0,0,0,0,0,0,0,0,0,0,0,0,0,0,0,0,0,0,0,0,0,0,0,4294967295,4294967295,4,4294967295,4294967295,4294967295,4294967295,4294967295,4294967295,4294967295
676,0.899999976,65,69,3,64,64,0,0,0,64,0,218048,218048,5060,5060,0,4884,213164,0,0,0,3407,218048,1761,309,10048,1022,10,15,0,1048576,0,0,0,inf,inf,1.97650146,1.70977783,1,0,10,65,2,0,23,41,4096,268,3343,3343,0,213952,4616,309,0,798,1022,1022,1022,0,0,1022,11,5,11,11,3,4,3,5,2,3,2,0,1,1,0,0,1,0,0,1,0,0,0,0,0,0,0,0,0,0,0,0,0,0,0,0,0,0,0,0,0,0,0,0,0,0,0,0,0,0,0,0,0,0,0,0,0,0,0,0,0,0,0,0,0,4294967295,8,8,8,2,8,3,6,8,2
677,1,66,69,3,64,64,0,0,0,65,0,216128,216128,4747,4747,0,4509,211619,0,0,0,3377,216128,2475,257,7424,1023,10,15,0,1048576,0,0,0,inf,inf,1.36114502,1.08126831,1,0,10,66,2,0,35,30,4160,353,3312,3312,0,211968,4156,257,0,751,1023,1023,1023,0,0,1023,4,10,3,9,4,7,7,4,3,1,4,3,0,3,2,0,1,0,0,0,0,0,0,0,0,0,0,0,0,0,0,0,0,0,0,0,0,0,0,0,0,0,0,0,0,0,0,0,0,0,0,0,0,0,0,0,0,0,0,0,0,0,0,0,0,3,9,4,2,3,2,2,5,4,3
678,0.899999976,65,69,3,64,64,0,0,0,64,0,242240,242240,5022,5022,0,5193,237047,0,0,0,3785,242240,512,502,6272,1019,10,15,0,1048576,0,0,0,inf,inf,1.3744812,1.18637085,1,0,10,65,2,0,0,64,4096,44,3721,3721,0,238144,5149,502,0,0,1019,1019,1019,0,0,1019,36,16,8,4,0,0,0,0,0,0,0,0,0,0,0,0,0,0,0,0,0,0,0,0,0,0,0,0,0,0,0,0,0,0,0,0,0,0,0,0,0,0,0,0,0,0,0,0,0,0,0,0,0,0,0,0,0,0,0,0,0,0,0,0,0,2,1,4294967295,1,4,3,6,3,5,1
679,1,65,69,3,64,64,0,0,0,64,0,141184,141184,5848,5848,0,5165,136019,0,0,0,2206,141184,3683,183,5696,1023,10,15,0,1048576,0,0,0,inf,inf,0.92755127,0.69770813,1,0,10,65,2,6,55,3,4096,881,2142,2142,0,137088,4284,183,0,1023,1023,1023,1023,0,0,1023,0,1,0,0,2,1,4,4,3,8,3,5,3,3,5,2,1,1,3,2,1,1,2,1,1,1,0,0,2,1,1,2,0,0,0,0,0,0,0,0,0,0,0,0,0,0,0,0,0,0,0,0,0,0,0,0,0,0,0,0,0,0,0,0,0,1,1,2,1,2,1,1,1,1,1
680,0.800000012,67,69,3,64,64,0,0,0,66,0,258240,258240,3558,3558,0,3426,254814,0,0,0,4035,258240,114,104,6016,735,10,15,0,1048576,0,0,0,inf,inf,1.83137512,1.36741638,1,0,10,67,2,0,0,66,4224,19,3969,3969,0,254016,3407,104,0,67,735,735,735,0,0,735,49,15,2,0,0,0,0,0,0,0,0,0,0,0,0,0,0,0,0,0,0,0,0,0,0,0,0,0,0,0,0,0,0,0,0,0,0,0,0,0,0,0,0,0,0,0,0,0,0,0,0,0,0,0,0,0,0,0,0,0,0,0,0,0,0,44,44,12,8,8,4294967295,12,8,4294967295,7
681,0.899999976,67,69,3,64,64,0,0,0,66,0,214016,214016,5602,5602,0,5457,208559,0,0,0,3344,214016,2708,373,5824,767,10,15,0,1048576,0,0,0,inf,inf,1.76672363,1.5456543,1,0,10,67,2,0,37,29,4224,417,3278,3278,4,209792,5040,373,6,751,767,767,767,0,0,767,7,10,6,1,5,4,7,3,3,4,3,2,1,3,1,1,0,1,2,0,1,0,0,0,1,0,0,0,0,0,0,0,0,0,0,0,0,0,0,0,0,0,0,0,0,0,0,0,0,0,0,0,0,0,0,0,0,0,0,0,0,0,0,0,0,7,4,13,18,11,23,3,5,4294967295,6
682,0.800000012,65,69,3,64,64,0,0,0,64,0,240768,240768,4098,4098,0,3932,236836,0,0,0,3762,240768,216,206,3104,863,10,15,0,1048576,0,0,0,inf,inf,1.5184021,1.30030823,1,0,10,65,2,0,0,64,4096,26,3698,3698,0,236672,3906,206,0,0,863,863,863,0,0,863,43,16,5,0,0,0,0,0,0,0,0,0,0,0,0,0,0,0,0,0,0,0,0,0,0,0,0,0,0,0,0,0,0,0,0,0,0,0,0,0,0,0,0,0,0,0,0,0,0,0,0,0,0,0,0,0,0,0,0,0,0,0,0,0,0,17,13,8,2,10,4294967295,7,4294967295,9,35
683,0,67,69,3,64,64,0,0,0,66,0,225664,225664,5024,5024,0,4548,221116,0,0,0,3526,225664,919,143,20736,0,10,15,0,1048576,0,0,0,inf,inf,2.7101593,2.48162842,1,0,10,67,2,0,12,54,4224,145,3460,3460,0,221440,4403,143,0,0,0,0,0,0,0,0,14,22,4,9,5,7,3,1,1,0,0,0,0,0,0,0,0,0,0,0,0,0,0,0,0,0,0,0,0,0,0,0,0,0,0,0,0,0,0,0,0,0,0,0,0,0,0,0,0,0,0,0,0,0,0,0,0,0,0,0,0,0,0,0,0,4294967295,4294967295,4294967295,4294967295,4294967295,4294967295,4294967295,4294967295,4294967295,4294967295
684,0.699999988,69,69,1,64,64,0,8,0,68,0,253248,253248,4846,4846,0,4694,248554,0,0,0,3957,253248,645,197,2496,505,10,15,0,1048576,0,0,0,inf,2.42120361,2.43536377,2.09434509,1,0,10,69,2,0,7,61,4352,114,3889,3889,0,248896,4580,197,0,432,505,505,505,0,0,505,26,15,10,7,3,2,1,2,2,0,0,0,0,0,0,0,0,0,0,0,0,0,0,0,0,0,0,0,0,0,0,0,0,0,0,0,0,0,0,0,0,0,0,0,0,0,0,0,0,0,0,0,0,0,0,0,0,0,0,0,0,0,0,0,0,4,4294967295,4294967295,7,5,38,39,37,6,4294967295
685,1,65,69,3,64,64,0,0,0,64,0,203008,203008,4731,4731,0,4397,198611,0,0,0,3172,203008,2978,255,29632,1023,10,15,0,1048576,0,0,0,inf,inf,1.13009644,0.759109497,1,0,10,65,2,0,43,21,4096,399,3108,3108,0,198912,3998,255,0,1023,1023,1023,1023,0,0,1023,3,5,5,2,6,8,4,8,6,5,6,0,3,1,1,0,0,0,1,0,0,0,0,0,0,0,0,0,0,0,0,0,0,0,0,0,0,0,0,0,0,0,0,0,0,0,0,0,0,0,0,0,0,0,0,0,0,0,0,0,0,0,0,0,0,1,1,1,2,2,1,2,1,4,2
686,1,66,69,3,64,64,0,0,0,65,0,58944,58944,6029,6029,0,6839,52105,0,0,0,921,58944,2272,581,3104,1023,10,15,0,1048576,0,0,0,inf,inf,0.56211853,0.452819824,1,0,10,66,2,38,27,0,4160,1738,856,856,78,54784,5101,581,244,1023,1023,1023,1023,640,0,1023,0,0,0,0,0,0,0,0,0,1,0,0,1,0,2,1,2,0,1,2,0,5,5,3,0,4,6,3,2,3,3,1,3,6,0,4,2,1,3,0,0,0,0,0,1,0,0,0,0,0,0,0,0,0,0,0,0,0,0,0,0,0,0,0,0,4,9,3,3,5,3,2,5,4,4
687,0,65,69,3,64,64,0,0,0,64,0,216192,216192,4465,4465,0,3952,212240,0,0,0,3378,216192,1175,84,7936,0,10,15,0,1048576,0,0,0,inf,inf,2.43432617,1.89431763,1,0,10,65,2,0,17,47,4096,185,3314,3314,0,212096,3767,84,0,0,0,0,0,0,0,0,34,11,2,0,0,1,2,0,0,8,0,1,1,1,0,3,0,0,0,0,0,0,0,0,0,0,0,0,0,0,0,0,0,0,0,0,0,0,0,0,0,0,0,0,0,0,0,0,0,0,0,0,0,0,0,0,0,0,0,0,0,0,0,0,0,4294967295,4294967295,4294967295,4294967295,4294967295,4294967295,4294967295,4294967295,4294967295,4294967295
688,0,65,69,3,64,64,0,0,0,64,0,238784,238784,3767,3767,0,3458,235326,0,0,0,3731,238784,79,69,8864,0,10,15,0,1048576,0,0,0,inf,inf,2.50468445,2.05725098,1,0,10,65,2,0,0,64,4096,51,3667,3667,0,234688,3407,69,0,0,0,0,0,0,0,0,37,13,5,8,1,0,0,0,0,0,0,0,0,0,0,0,0,0,0,0,0,0,0,0,0,0,0,0,0,0,0,0,0,0,0,0,0,0,0,0,0,0,0,0,0,0,0,0,0,0,0,0,0,0,0,0,0,0,0,0,0,0,0,0,0,4294967295,4294967295,4294967295,4294967295,4294967295,4294967295,4294967295,4294967295,4294967295,4294967295
689,1,65,69,3,64,64,0,0,0,64,0,189312,189312,5812,5812,0,5077,184235,0,0,0,2958,189312,2096,176,5120,1023,10,15,0,1048576,0,0,0,inf,inf,1.03863525,0.714584351,1,0,10,65,2,0,30,34,4096,291,2894,2894,0,185216,4786,176,0,983,1023,1023,1023,0,0,1023,3,7,8,12,4,6,10,2,7,0,3,0,1,0,1,0,0,0,0,0,0,0,0,0,0,0,0,0,0,0,0,0,0,0,0,0,0,0,0,0,0,0,0,0,0,0,0,0,0,0,0,0,0,0,0,0,0,0,0,0,0,0,0,0,0,1,1,1,2,1,3,2,2,1,2
690,1,65,69,3,64,64,0,0,0,64,0,222080,222080,5687,5687,0,5497,216583,0,0,0,3470,222080,1382,290,4096,1023,10,15,0,1048576,0,0,0,inf,inf,1.41331482,1.04440308,1,0,10,65,2,0,17,47,4096,210,3406,3406,0,217984,5287,290,0,735,1023,1023,1023,0,0,1023,9,7,19,8,4,2,3,5,5,0,1,0,1,0,0,0,0,0,0,0,0,0,0,0,0,0,0,0,0,0,0,0,0,0,0,0,0,0,0,0,0,0,0,0,0,0,0,0,0,0,0,0,0,0,0,0,0,0,0,0,0,0,0,0,0,6,2,6,5,7,2,2,2,8,5
691,0.800000012,69,69,1,64,64,0,4,0,68,0,262144,262144,4054,4054,0,4029,258115,0,0,0,4096,262144,299,227,8864,891,10,15,0,1048576,0,0,0,inf,1.4618988,1.56202698,1.29689026,1,0,10,69,2,0,1,67,4352,72,4028,4028,0,257792,3957,227,0,769,891,891,891,0,0,891,27,24,8,6,2,0,1,0,0,0,0,0,0,0,0,0,0,0,0,0,0,0,0,0,0,0,0,0,0,0,0,0,0,0,0,0,0,0,0,0,0,0,0,0,0,0,0,0,0,0,0,0,0,0,0,0,0,0,0,0,0,0,0,0,0,22,23,4294967295,21,25,18,43,4294967295,18,18
692,0,69,69,1,64,64,0,2,0,68,0,263680,263680,4012,4012,0,3893,259787,0,0,0,4120,263680,163,95,3968,0,10,15,0,1048576,0,0,0,inf,2.13414001,2.26501465,1.69528198,1,0,10,69,2,0,1,67,4352,86,4052,4052,0,259328,3807,95,0,0,0,0,0,0,0,0,33,13,6,11,4,0,0,0,0,0,0,0,1,0,0,0,0,0,0,0,0,0,0,0,0,0,0,0,0,0,0,0,0,0,0,0,0,0,0,0,0,0,0,0,0,0,0,0,0,0,0,0,0,0,0,0,0,0,0,0,0,0,0,0,0,4294967295,4294967295,4294967295,4294967295,4294967295,4294967295,4294967295,4294967295,4294967295,4294967295
693,0,69,69,1,64,64,0,2,0,68,0,266944,266944,3809,3809,0,3682,263262,0,0,0,4171,266944,110,100,16864,0,10,15,0,1048576,0,0,0,inf,2.24171448,2.42634583,1.91397095,1,0,10,69,2,0,0,68,4352,22,4103,4103,0,262592,3660,100,0,0,0,0,0,0,0,0,51,12,5,0,0,0,0,0,0,0,0,0,0,0,0,0,0,0,0,0,0,0,0,0,0,0,0,0,0,0,0,0,0,0,0,0,0,0,0,0,0,0,0,0,0,0,0,0,0,0,0,0,0,0,0,0,0,0,0,0,0,0,0,0,0,4294967295,4294967295,4294967295,4294967295,4294967295,4294967295,4294967295,4294967295,4294967295,4294967295
694,0,19,69,3,18,18,0,0,0,18,0,71104,71104,1006,1006,0,959,70145,0,0,0,1111,71104,18,8,6336,0,10,15,0,1048576,0,0,0,inf,inf,3.46485901,2.55551147,1,0,10,19,2,0,0,18,1152,4,1093,1093,0,69952,955,8,0,0,0,0,0,0,0,0,14,4,0,0,0,0,0,0,0,0,0,0,0,0,0,0,0,0,0,0,0,0,0,0,0,0,0,0,0,0,0,0,0,0,0,0,0,0,0,0,0,0,0,0,0,0,0,0,0,0,0,0,0,0,0,0,0,0,0,0,0,0,0,0,0,4294967295,4294967295,4294967295,4294967295,4294967295,4294967295,4294967295,4294967295,4294967295,4294967295
695,0,25,69,3,24,24,0,0,0,24,0,95104,95104,1400,1400,0,1347,93757,0,0,0,1486,95104,24,14,7968,0,10,15,0,1048576,0,0,0,inf,inf,2.70762634,1.98529053,1,0,10,25,2,0,0,24,1536,7,1462,1462,0,93568,1340,14,0,0,0,0,0,0,0,0,17,7,0,0,0,0,0,0,0,0,0,0,0,0,0,0,0,0,0,0,0,0,0,0,0,0,0,0,0,0,0,0,0,0,0,0,0,0,0,0,0,0,0,0,0,0,0,0,0,0,0,0,0,0,0,0,0,0,0,0,0,0,0,0,0,4294967295,4294967295,4294967295,4294967295,4294967295,4294967295,4294967295,4294967295,4294967295,4294967295
696,0,69,69,1,64,64,0,7,0,68,0,258432,258432,4020,4020,0,3846,254586,0,0,0,4038,258432,720,81,3040,0,10,15,0,1048576,0,0,0,inf,1.83201599,2.67689514,1.90589905,1,0,10,69,2,0,10,58,4352,127,3970,3970,0,254080,3719,81,0,0,0,0,0,0,0,0,33,9,6,7,3,2,3,1,0,3,0,1,0,0,0,0,0,0,0,0,0,0,0,0,0,0,0,0,0,0,0,0,0,0,0,0,0,0,0,0,0,0,0,0,0,0,0,0,0,0,0,0,0,0,0,0,0,0,0,0,0,0,0,0,0,4294967295,4294967295,4294967295,4294967295,4294967295,4294967295,4294967295,4294967295,4294967295,4294967295
697,0,65,69,3,64,64,0,0,0,64,0,245632,245632,4015,4015,0,3840,241792,0,0,0,3838,245632,125,115,3584,0,10,15,0,1048576,0,0,0,inf,inf,2.400177,2.00494385,1,0,10,65,2,0,0,64,4096,32,3774,3774,0,241536,3808,115,0,0,0,0,0,0,0,0,46,8,7,2,1,0,0,0,0,0,0,0,0,0,0,0,0,0,0,0,0,0,0,0,0,0,0,0,0,0,0,0,0,0,0,0,0,0,0,0,0,0,0,0,0,0,0,0,0,0,0,0,0,0,0,0,0,0,0,0,0,0,0,0,0,4294967295,4294967295,4294967295,4294967295,4294967295,4294967295,4294967295,4294967295,4294967295,4294967295
698,1,65,69,3,64,64,0,0,0,64,0,213696,213696,4725,4725,0,4542,209154,0,0,0,3339,213696,2226,341,10592,1023,10,15,0,1048576,0,0,0,inf,inf,1.48213196,1.13809204,1,0,10,65,2,0,30,34,4096,297,3275,3275,0,209600,4245,341,0,1023,1023,1023,1023,0,0,1023,6,4,14,6,4,6,7,4,4,2,1,3,1,2,0,0,0,0,0,0,0,0,0,0,0,0,0,0,0,0,0,0,0,0,0,0,0,0,0,0,0,0,0,0,0,0,0,0,0,0,0,0,0,0,0,0,0,0,0,0,0,0,0,0,0,1,1,2,2,4,6,2,1,2,2
699,0.800000012,66,69,3,64,64,0,0,0,65,0,219840,219840,5896,5896,0,5749,214091,0,0,0,3435,219840,1341,383,3872,639,10,15,0,1048576,0,0,0,inf,inf,1.94355774,1.57685852,1,0,10,66,2,0,15,50,4160,198,3370,3370,10,215680,5551,383,21,74,639,639,639,0,0,639,15,14,6,7,8,4,3,2,0,2,2,1,0,0,0,0,0,0,1,0,0,0,0,0,0,0,0,0,0,0,0,0,0,0,0,0,0,0,0,0,0,0,0,0,0,0,0,0,0,0,0,0,0,0,0,0,0,0,0,0,0,0,0,0,0,13,5,10,9,7,6,3,4294967295,4294967295,2
700,0.899999976,68,69,3,64,64,0,0,0,67,0,263104,263104,4022,4022,0,3903,259201,0,0,0,4111,263104,110,100,5632,895,10,15,0,1048576,0,0,0,inf,inf,1.71170044,0.730453491,1,0,10,68,2,0,0,67,4288,25,4044,4044,0,258816,3878,100,0,512,895,895,895,0,0,895,52,10,1,3,1,0,0,0,0,0,0,0,0,0,0,0,0,0,0,0,0,0,0,0,0,0,0,0,0,0,0,0,0,0,0,0,0,0,0,0,0,0,0,0,0,0,0,0,0,0,0,0,0,0,0,0,0,0,0,0,0,0,0,0,0,19,18,18,17,18,17,16,4294967295,18,18
701,0.899999976,67,69,3,64,64,0,0,0,66,0,247872,247872,4104,4104,0,4143,243729,0,0,0,3873,247872,985,292,5888,1021,10,15,0,1048576,0,0,0,inf,inf,1.58631897,1.20890808,1,0,10,67,2,0,11,55,4224,164,3807,3807,0,243648,3979,292,0,373,1021,1021,1021,0,0,1021,16,10,11,13,5,3,3,2,1,2,0,0,0,0,0,0,0,0,0,0,0,0,0,0,0,0,0,0,0,0,0,0,0,0,0,0,0,0,0,0,0,0,0,0,0,0,0,0,0,0,0,0,0,0,0,0,0,0,0,0,0,0,0,0,0,6,4294967295,3,24,5,13,27,23,13,24
702,0,67,69,3,64,64,0,0,0,66,0,198336,198336,6031,6031,0,5334,193002,0,0,0,3099,198336,2773,158,4608,0,10,15,0,1048576,0,0,0,inf,inf,2.76899719,2.58636475,1,0,10,67,2,0,41,25,4224,336,3033,3033,0,194112,4998,158,0,0,0,0,0,0,0,0,2,4,8,6,5,12,11,8,4,1,2,2,0,1,0,0,0,0,0,0,0,0,0,0,0,0,0,0,0,0,0,0,0,0,0,0,0,0,0,0,0,0,0,0,0,0,0,0,0,0,0,0,0,0,0,0,0,0,0,0,0,0,0,0,0,4294967295,4294967295,4294967295,4294967295,4294967295,4294967295,4294967295,4294967295,4294967295,4294967295
703,1,66,69,3,64,64,0,0,0,65,0,224704,224704,5056,5056,0,4972,219732,0,0,0,3511,224704,1810,353,11776,1023,10,15,0,1048576,0,0,0,inf,inf,1.67974854,1.43762207,1,0,10,66,2,0,23,42,4160,277,3446,3446,0,220544,4695,353,0,892,1023,1023,1023,0,0,1023,6,9,7,7,13,4,5,4,3,2,1,1,1,1,0,1,0,0,0,0,0,0,0,0,0,0,0,0,0,0,0,0,0,0,0,0,0,0,0,0,0,0,0,0,0,0,0,0,0,0,0,0,0,0,0,0,0,0,0,0,0,0,0,0,0,6,4,2,5,5,2,2,5,4,17
704,0,65,69,3,64,64,0,0,0,64,0,238208,238208,3973,3973,0,3674,234534,0,0,0,3722,238208,158,84,3008,0,10,15,0,1048576,0,0,0,inf,inf,2.65315247,2.34793091,1,0,10,65,2,0,1,63,4096,55,3658,3658,0,234112,3619,84,0,0,0,0,0,0,0,0,28,26,5,3,1,0,1,0,0,0,0,0,0,0,0,0,0,0,0,0,0,0,0,0,0,0,0,0,0,0,0,0,0,0,0,0,0,0,0,0,0,0,0,0,0,0,0,0,0,0,0,0,0,0,0,0,0,0,0,0,0,0,0,0,0,4294967295,4294967295,4294967295,4294967295,4294967295,4294967295,4294967295,4294967295,4294967295,4294967295
705,0.899999976,69,69,1,64,64,0,8,0,68,0,252544,252544,4449,4449,0,4216,248328,0,0,0,3946,252544,205,195,5088,511,10,15,0,1048576,0,0,0,inf,1.46676636,1.56356812,1.16131592,1,0,10,69,2,0,0,68,4352,46,3878,3878,0,248192,4170,195,0,452,511,511,511,0,0,511,33,25,9,1,0,0,0,0,0,0,0,0,0,0,0,0,0,0,0,0,0,0,0,0,0,0,0,0,0,0,0,0,0,0,0,0,0,0,0,0,0,0,0,0,0,0,0,0,0,0,0,0,0,0,0,0,0,0,0,0,0,0,0,0,0,14,13,18,16,34,15,18,18,14,4294967295
706,0,39,69,3,38,38,0,0,0,38,0,149440,149440,2161,2161,0,2061,147379,0,0,0,2335,149440,38,28,2496,0,10,15,0,1048576,0,0,0,inf,inf,3.63426208,2.74432373,1,0,10,39,2,0,0,38,2432,7,2297,2297,0,147008,2054,28,0,0,0,0,0,0,0,0,31,7,0,0,0,0,0,0,0,0,0,0,0,0,0,0,0,0,0,0,0,0,0,0,0,0,0,0,0,0,0,0,0,0,0,0,0,0,0,0,0,0,0,0,0,0,0,0,0,0,0,0,0,0,0,0,0,0,0,0,0,0,0,0,0,4294967295,4294967295,4294967295,4294967295,4294967295,4294967295,4294967295,4294967295,4294967295,4294967295
707,0.800000012,67,69,3,64,64,0,0,0,66,0,246720,246720,4411,4411,0,4256,242464,0,0,0,3855,246720,468,212,4032,509,10,15,0,1048576,0,0,0,inf,inf,1.54325867,1.33145142,1,0,10,67,2,0,4,62,4224,68,3789,3789,0,242496,4188,212,0,400,509,509,509,0,0,509,32,21,5,3,1,1,2,1,0,0,0,0,0,0,0,0,0,0,0,0,0,0,0,0,0,0,0,0,0,0,0,0,0,0,0,0,0,0,0,0,0,0,0,0,0,0,0,0,0,0,0,0,0,0,0,0,0,0,0,0,0,0,0,0,0,38,4294967295,53,10,14,13,42,44,43,4294967295
708,0,16,69,3,15,15,0,0,0,15,0,61760,61760,827,827,0,824,60936,0,0,0,965,61760,15,5,5600,0,10,15,0,1048576,0,0,0,inf,inf,3.29399109,3.0234375,1,0,10,16,2,0,0,15,960,2,950,950,0,60800,822,5,0,0,0,0,0,0,0,0,13,2,0,0,0,0,0,0,0,0,0,0,0,0,0,0,0,0,0,0,0,0,0,0,0,0,0,0,0,0,0,0,0,0,0,0,0,0,0,0,0,0,0,0,0,0,0,0,0,0,0,0,0,0,0,0,0,0,0,0,0,0,0,0,0,4294967295,4294967295,4294967295,4294967295,4294967295,4294967295,4294967295,4294967295,4294967295,4294967295
709,0,65,69,3,64,64,0,0,0,64,0,230912,230912,3889,3889,0,3490,227422,0,0,0,3608,230912,459,66,3104,0,10,15,0,1048576,0,0,0,inf,inf,2.81391907,2.07276917,1,0,10,65,2,0,6,58,4096,87,3544,3544,0,226816,3403,66,0,0,0,0,0,0,0,0,32,12,6,3,5,4,1,0,1,0,0,0,0,0,0,0,0,0,0,0,0,0,0,0,0,0,0,0,0,0,0,0,0,0,0,0,0,0,0,0,0,0,0,0,0,0,0,0,0,0,0,0,0,0,0,0,0,0,0,0,0,0,0,0,0,4294967295,4294967295,4294967295,4294967295,4294967295,4294967295,4294967295,4294967295,4294967295,4294967295
710,0.800000012,66,69,3,64,64,0,0,0,65,0,235776,235776,4457,4457,0,4548,231228,0,0,0,3684,235776,1338,410,7904,765,10,15,0,1048576,0,0,0,inf,inf,1.82832336,1.63464355,1,0,10,66,2,0,15,50,4160,222,3619,3619,0,231616,4326,410,0,224,765,765,765,0,0,765,9,15,9,8,9,0,3,5,2,2,0,0,0,1,1,1,0,0,0,0,0,0,0,0,0,0,0,0,0,0,0,0,0,0,0,0,0,0,0,0,0,0,0,0,0,0,0,0,0,0,0,0,0,0,0,0,0,0,0,0,0,0,0,0,0,58,4294967295,12,19,20,20,11,12,4294967295,55
711,1,67,69,3,64,64,0,0,0,66,0,230720,230720,4135,4135,0,4032,226688,0,0,0,3605,230720,2016,306,5248,1023,10,15,0,1048576,0,0,0,inf,inf,1.49992371,0.916381836,1,0,10,67,2,0,27,39,4224,276,3539,3539,0,226496,3756,306,0,1023,1023,1023,1023,0,0,1023,5,10,11,5,8,4,4,10,3,3,2,0,1,0,0,0,0,0,0,0,0,0,0,0,0,0,0,0,0,0,0,0,0,0,0,0,0,0,0,0,0,0,0,0,0,0,0,0,0,0,0,0,0,0,0,0,0,0,0,0,0,0,0,0,0,3,4,5,4,4,4,5,4,4,4
712,1,66,69,3,64,64,0,0,0,65,0,238528,238528,4730,4730,0,4779,233749,0,0,0,3727,238528,769,449,6592,1023,10,15,0,1048576,0,0,0,inf,inf,1.66415405,1.40238953,1,0,10,66,2,0,5,60,4160,98,3662,3662,0,234368,4681,449,0,0,1023,1023,1023,0,0,1023,25,18,11,3,3,0,1,2,1,1,0,0,0,0,0,0,0,0,0,0,0,0,0,0,0,0,0,0,0,0,0,0,0,0,0,0,0,0,0,0,0,0,0,0,0,0,0,0,0,0,0,0,0,0,0,0,0,0,0,0,0,0,0,0,0,5,5,6,2,4,6,8,3,3,7
713,0.100000001,68,69,3,64,64,0,0,0,67,0,234816,234816,4531,4531,0,4092,230724,0,0,0,3669,234816,625,104,1472,8,10,15,0,1048576,0,0,0,inf,inf,2.87780762,2.59762573,1,0,10,68,2,0,8,59,4288,143,3602,3602,0,230528,3949,104,0,0,8,8,8,0,0,8,20,10,12,4,13,4,3,1,0,0,0,0,0,0,0,0,0,0,0,0,0,0,0,0,0,0,0,0,0,0,0,0,0,0,0,0,0,0,0,0,0,0,0,0,0,0,0,0,0,0,0,0,0,0,0,0,0,0,0,0,0,0,0,0,0,4294967295,4294967295,4294967295,3,4294967295,4294967295,4294967295,4294967295,4294967295,4294967295
714,0,14,69,3,13,13,0,0,0,13,0,50176,50176,776,776,0,722,49454,0,0,0,784,50176,13,3,3040,0,10,15,0,1048576,0,0,0,inf,inf,3.05834961,2.83860779,1,0,10,14,2,0,0,13,832,4,771,771,0,49344,718,3,0,0,0,0,0,0,0,0,9,4,0,0,0,0,0,0,0,0,0,0,0,0,0,0,0,0,0,0,0,0,0,0,0,0,0,0,0,0,0,0,0,0,0,0,0,0,0,0,0,0,0,0,0,0,0,0,0,0,0,0,0,0,0,0,0,0,0,0,0,0,0,0,0,4294967295,4294967295,4294967295,4294967295,4294967295,4294967295,4294967295,4294967295,4294967295,4294967295
715,0,69,69,1,64,64,0,9,0,68,0,258304,258304,4179,4179,0,3993,254311,0,0,0,4036,258304,805,99,4480,0,10,15,0,1048576,0,0,0,inf,2.61021423,2.63587952,2.3331604,1,0,10,69,2,0,11,57,4352,99,3968,3968,0,253952,3894,99,0,0,0,0,0,0,0,0,41,16,0,0,0,0,1,4,5,1,0,0,0,0,0,0,0,0,0,0,0,0,0,0,0,0,0,0,0,0,0,0,0,0,0,0,0,0,0,0,0,0,0,0,0,0,0,0,0,0,0,0,0,0,0,0,0,0,0,0,0,0,0,0,0,4294967295,4294967295,4294967295,4294967295,4294967295,4294967295,4294967295,4294967295,4294967295,4294967295
716,0,65,69,3,64,64,0,0,0,64,0,238656,238656,4199,4199,0,3900,234756,0,0,0,3729,238656,104,94,3136,0,10,15,0,1048576,0,0,0,inf,inf,2.68302917,2.43937683,1,0,10,65,2,0,0,64,4096,38,3665,3665,0,234560,3862,94,0,0,0,0,0,0,0,0,41,12,7,4,0,0,0,0,0,0,0,0,0,0,0,0,0,0,0,0,0,0,0,0,0,0,0,0,0,0,0,0,0,0,0,0,0,0,0,0,0,0,0,0,0,0,0,0,0,0,0,0,0,0,0,0,0,0,0,0,0,0,0,0,0,4294967295,4294967295,4294967295,4294967295,4294967295,4294967295,4294967295,4294967295,4294967295,4294967295
717,0.899999976,69,69,2,64,64,0,0,0,68,0,231168,231168,4874,4874,0,4422,226746,0,0,0,3612,231168,1493,153,3456,1023,10,15,0,1048576,0,0,0,inf,inf,1.92520142,0.635116577,1,0,10,69,2,0,21,47,4352,203,3544,3544,0,226816,4219,153,0,1023,1023,1023,1023,0,0,511,27,8,4,5,3,4,3,1,6,4,2,1,0,0,0,0,0,0,0,0,0,0,0,0,0,0,0,0,0,0,0,0,0,0,0,0,0,0,0,0,0,0,0,0,0,0,0,0,0,0,0,0,0,0,0,0,0,0,0,0,0,0,0,0,0,3,3,2,2,2,2,3,2,3,3
718,0.600000024,66,69,3,64,64,0,0,0,65,0,247744,247744,3882,3882,0,3753,243991,0,0,0,3871,247744,371,115,5312,573,10,15,0,1048576,0,0,0,inf,inf,1.8235321,1.33578491,1,0,10,66,2,0,4,61,4160,110,3806,3806,0,243584,3643,115,0,44,573,573,573,0,0,573,16,26,6,8,5,1,1,0,1,1,0,0,0,0,0,0,0,0,0,0,0,0,0,0,0,0,0,0,0,0,0,0,0,0,0,0,0,0,0,0,0,0,0,0,0,0,0,0,0,0,0,0,0,0,0,0,0,0,0,0,0,0,0,0,0,50,4294967295,6,49,51,7,4294967295,4294967295,4294967295,38
719,0.400000006,67,69,3,64,64,0,0,0,66,0,255232,255232,3965,3965,0,3848,251384,0,0,0,3988,255232,152,142,4096,114,10,15,0,1048576,0,0,0,inf,inf,1.70175171,1.3986969,1,0,10,67,2,0,0,66,4224,43,3922,3922,0,251008,3805,142,0,0,114,114,114,0,0,114,45,11,1,6,3,0,0,0,0,0,0,0,0,0,0,0,0,0,0,0,0,0,0,0,0,0,0,0,0,0,0,0,0,0,0,0,0,0,0,0,0,0,0,0,0,0,0,0,0,0,0,0,0,0,0,0,0,0,0,0,0,0,0,0,0,4294967295,47,4294967295,4294967295,17,39,50,4294967295,4294967295,4294967295
720,1,69,69,1,64,64,0,1,0,68,0,223680,223680,4612,4612,0,4280,219400,0,0,0,3495,223680,2490,199,5440,1023,10,15,0,1048576,0,0,0,inf,1.44393921,1.44393921,0.914764404,1,0,10,69,2,0,36,32,4352,394,3427,3427,0,219328,3886,199,0,1023,1023,1023,1023,0,0,1023,6,2,12,5,7,3,7,3,5,2,3,6,3,2,0,1,1,0,0,0,0,0,0,0,0,0,0,0,0,0,0,0,0,0,0,0,0,0,0,0,0,0,0,0,0,0,0,0,0,0,0,0,0,0,0,0,0,0,0,0,0,0,0,0,0,6,8,7,7,7,6,6,7,6,6
721,0,65,69,3,64,64,0,0,0,64,0,238080,238080,3971,3971,0,3746,234334,0,0,0,3720,238080,443,117,2016,0,10,15,0,1048576,0,0,0,inf,inf,2.37919617,1.90107727,1,0,10,65,2,0,5,59,4096,98,3656,3656,0,233984,3648,117,0,0,0,0,0,0,0,0,23,17,10,5,4,3,0,1,1,0,0,0,0,0,0,0,0,0,0,0,0,0,0,0,0,0,0,0,0,0,0,0,0,0,0,0,0,0,0,0,0,0,0,0,0,0,0,0,0,0,0,0,0,0,0,0,0,0,0,0,0,0,0,0,0,4294967295,4294967295,4294967295,4294967295,4294967295,4294967295,4294967295,4294967295,4294967295,4294967295
722,1,65,69,3,64,64,0,0,0,64,0,215936,215936,4631,4631,0,4495,211441,0,0,0,3374,215936,2260,363,7040,1023,10,15,0,1048576,0,0,0,inf,inf,1.3440094,0.799438477,1,0,10,65,2,0,30,34,4096,287,3310,3310,0,211840,4208,363,0,1023,1023,1023,1023,0,0,1023,7,11,3,8,5,6,6,4,5,2,5,1,0,1,0,0,0,0,0,0,0,0,0,0,0,0,0,0,0,0,0,0,0,0,0,0,0,0,0,0,0,0,0,0,0,0,0,0,0,0,0,0,0,0,0,0,0,0,0,0,0,0,0,0,0,1,2,2,2,1,2,2,3,2,2
723,0,65,69,3,64,64,0,0,0,64,0,181440,181440,5354,5354,0,4737,176703,0,0,0,2835,181440,2541,133,2304,0,10,15,0,1048576,0,0,0,inf,inf,2.61471558,2.28079224,1,0,10,65,2,1,38,25,4096,541,2771,2771,0,177344,4196,133,0,0,0,0,0,0,0,0,8,7,5,1,4,0,3,4,1,3,6,1,4,1,2,3,3,2,0,2,0,1,0,1,0,1,0,0,0,0,1,0,0,0,0,0,0,0,0,0,0,0,0,0,0,0,0,0,0,0,0,0,0,0,0,0,0,0,0,0,0,0,0,0,0,4294967295,4294967295,4294967295,4294967295,4294967295,4294967295,4294967295,4294967295,4294967295,4294967295
724,0.600000024,65,69,3,64,64,0,0,0,64,0,249408,249408,3792,3792,0,3693,245715,0,0,0,3897,249408,302,100,6944,303,10,15,0,1048576,0,0,0,inf,inf,1.69303894,1.20776367,1,0,10,65,2,0,3,61,4096,64,3833,3833,0,245312,3629,100,0,43,303,303,303,0,0,303,32,16,9,3,1,2,0,1,0,0,0,0,0,0,0,0,0,0,0,0,0,0,0,0,0,0,0,0,0,0,0,0,0,0,0,0,0,0,0,0,0,0,0,0,0,0,0,0,0,0,0,0,0,0,0,0,0,0,0,0,0,0,0,0,0,3,3,12,21,4294967295,2,4294967295,4294967295,27,4294967295
725,1,68,69,3,64,64,0,0,0,67,0,221120,221120,5635,5635,0,5240,215880,0,0,0,3455,221120,1153,314,4416,1023,10,15,0,1048576,0,0,0,inf,inf,1.12017822,0.773284912,1,0,10,68,2,0,13,54,4288,191,3388,3388,0,216832,5049,314,0,758,1023,1023,1023,0,0,1023,17,11,14,7,5,1,2,4,1,0,1,2,0,2,0,0,0,0,0,0,0,0,0,0,0,0,0,0,0,0,0,0,0,0,0,0,0,0,0,0,0,0,0,0,0,0,0,0,0,0,0,0,0,0,0,0,0,0,0,0,0,0,0,0,0,12,5,6,8,6,6,6,5,14,5
726,0.600000024,65,69,3,64,64,0,0,0,64,0,233280,233280,4287,4287,0,3904,229376,0,0,0,3645,233280,101,91,3328,839,10,15,0,1048576,0,0,0,inf,inf,2.4254303,1.66114807,1,0,10,65,2,0,0,64,4096,41,3581,3581,0,229184,3863,91,0,0,839,839,839,0,0,839,37,17,6,4,0,0,0,0,0,0,0,0,0,0,0,0,0,0,0,0,0,0,0,0,0,0,0,0,0,0,0,0,0,0,0,0,0,0,0,0,0,0,0,0,0,0,0,0,0,0,0,0,0,0,0,0,0,0,0,0,0,0,0,0,0,6,17,17,4294967295,4294967295,4294967295,4,4294967295,4,21
727,1,65,69,3,64,64,0,0,0,64,0,209280,209280,4338,4338,0,3912,205368,0,0,0,3270,209280,1985,146,1408,1023,10,15,0,1048576,0,0,0,inf,inf,1.61579895,0.927871704,1,0,10,65,2,0,29,35,4096,318,3206,3206,0,205184,3594,146,0,1023,1023,1023,1023,0,0,1023,7,9,6,4,9,3,3,6,5,2,6,0,1,0,2,0,1,0,0,0,0,0,0,0,0,0,0,0,0,0,0,0,0,0,0,0,0,0,0,0,0,0,0,0,0,0,0,0,0,0,0,0,0,0,0,0,0,0,0,0,0,0,0,0,0,2,2,2,3,3,4,1,1,5,1
728,1,66,69,3,64,64,0,0,0,65,0,217920,217920,5219,5219,0,5259,212661,0,0,0,3405,217920,2600,507,6176,1023,10,15,0,1048576,0,0,0,inf,inf,1.34738159,1.07788086,1,0,10,66,2,0,33,32,4160,353,3340,3340,0,213760,4906,507,0,1023,1023,1023,1023,0,0,1023,0,5,4,6,17,10,3,2,6,6,4,0,1,0,0,0,0,0,1,0,0,0,0,0,0,0,0,0,0,0,0,0,0,0,0,0,0,0,0,0,0,0,0,0,0,0,0,0,0,0,0,0,0,0,0,0,0,0,0,0,0,0,0,0,0,4,4,4,4,4,3,5,4,4,4
729,1,65,69,3,64,64,0,0,0,64,0,191360,191360,4735,4735,0,4078,187282,0,0,0,2990,191360,2765,147,1728,1023,10,15,0,1048576,0,0,0,inf,inf,0.821029663,0.559326172,1,0,10,65,2,0,41,23,4096,366,2926,2926,0,187264,3712,147,0,1023,1023,1023,1023,0,0,1023,7,9,2,1,4,7,8,4,4,4,7,2,3,1,1,0,0,0,0,0,0,0,0,0,0,0,0,0,0,0,0,0,0,0,0,0,0,0,0,0,0,0,0,0,0,0,0,0,0,0,0,0,0,0,0,0,0,0,0,0,0,0,0,0,0,1,2,3,2,2,2,1,4,1,2
730,0.200000003,69,69,1,64,64,0,10,0,68,0,255808,255808,4445,4445,0,4365,251443,0,0,0,3997,255808,405,277,3424,544,10,15,0,1048576,0,0,0,inf,1.87211609,1.90762329,1.58624268,1,0,10,69,2,0,2,66,4352,66,3929,3929,0,251456,4299,277,0,512,544,544,544,0,0,544,31,25,8,2,0,0,0,0,0,1,1,0,0,0,0,0,0,0,0,0,0,0,0,0,0,0,0,0,0,0,0,0,0,0,0,0,0,0,0,0,0,0,0,0,0,0,0,0,0,0,0,0,0,0,0,0,0,0,0,0,0,0,0,0,0,4294967295,4294967295,4294967295,4294967295,4294967295,25,4294967295,4294967295,4294967295,45
731,0,23,69,3,22,22,0,0,0,22,0,82944,82944,1363,1363,0,1251,81693,0,0,0,1296,82944,22,12,3360,0,10,15,0,1048576,0,0,0,inf,inf,3.84333801,2.9012146,1,0,10,23,2,0,0,22,1408,10,1274,1274,0,81536,1241,12,0,0,0,0,0,0,0,0,15,4,3,0,0,0,0,0,0,0,0,0,0,0,0,0,0,0,0,0,0,0,0,0,0,0,0,0,0,0,0,0,0,0,0,0,0,0,0,0,0,0,0,0,0,0,0,0,0,0,0,0,0,0,0,0,0,0,0,0,0,0,0,0,0,4294967295,4294967295,4294967295,4294967295,4294967295,4294967295,4294967295,4294967295,4294967295,4294967295
732,0,65,69,3,64,64,0,0,0,64,0,246720,246720,3790,3790,0,3728,242992,0,0,0,3855,246720,227,154,2944,0,10,15,0,1048576,0,0,0,inf,inf,2.48112488,2.18226624,1,0,10,65,2,0,1,63,4096,89,3791,3791,0,242624,3639,154,0,0,0,0,0,0,0,0,23,8,22,8,2,1,0,0,0,0,0,0,0,0,0,0,0,0,0,0,0,0,0,0,0,0,0,0,0,0,0,0,0,0,0,0,0,0,0,0,0,0,0,0,0,0,0,0,0,0,0,0,0,0,0,0,0,0,0,0,0,0,0,0,0,4294967295,4294967295,4294967295,4294967295,4294967295,4294967295,4294967295,4294967295,4294967295,4294967295
733,0,68,69,3,64,64,0,0,0,67,0,233664,233664,5199,5199,0,4775,228889,0,0,0,3651,233664,794,144,2432,0,10,15,0,1048576,0,0,0,inf,inf,2.62698364,2.2711792,1,0,10,68,2,0,10,57,4288,136,3584,3584,0,229376,4639,144,0,0,0,0,0,0,0,0,21,15,9,7,5,4,3,1,1,1,0,0,0,0,0,0,0,0,0,0,0,0,0,0,0,0,0,0,0,0,0,0,0,0,0,0,0,0,0,0,0,0,0,0,0,0,0,0,0,0,0,0,0,0,0,0,0,0,0,0,0,0,0,0,0,4294967295,4294967295,4294967295,4294967295,4294967295,4294967295,4294967295,4294967295,4294967295,4294967295
734,0,67,69,3,64,64,0,0,0,66,0,242176,242176,4115,4115,0,3775,238401,0,0,0,3784,242176,531,80,2240,0,10,15,0,1048576,0,0,0,inf,inf,2.62835693,2.28265381,1,0,10,67,2,0,7,59,4224,86,3718,3718,0,237952,3689,80,0,0,0,0,0,0,0,0,39,9,1,7,3,4,1,1,0,1,0,0,0,0,0,0,0,0,0,0,0,0,0,0,0,0,0,0,0,0,0,0,0,0,0,0,0,0,0,0,0,0,0,0,0,0,0,0,0,0,0,0,0,0,0,0,0,0,0,0,0,0,0,0,0,4294967295,4294967295,4294967295,4294967295,4294967295,4294967295,4294967295,4294967295,4294967295,4294967295
735,0.100000001,34,69,3,33,33,0,0,0,33,0,131008,131008,1893,1893,0,1831,129177,0,0,0,2047,131008,33,23,3264,1,10,15,0,1048576,0,0,0,inf,inf,3.5072937,2.24177551,1,0,10,34,2,0,0,33,2112,13,2014,2014,0,128896,1818,23,0,0,1,1,1,0,0,1,25,3,5,0,0,0,0,0,0,0,0,0,0,0,0,0,0,0,0,0,0,0,0,0,0,0,0,0,0,0,0,0,0,0,0,0,0,0,0,0,0,0,0,0,0,0,0,0,0,0,0,0,0,0,0,0,0,0,0,0,0,0,0,0,0,25,4294967295,4294967295,4294967295,4294967295,4294967295,4294967295,4294967295,4294967295,4294967295
736,1,66,69,3,64,64,0,0,0,65,0,183808,183808,6956,6956,0,6665,177143,0,0,0,2872,183808,3423,374,2368,1023,10,15,0,1048576,0,0,0,inf,inf,0.981628418,0.76852417,1,0,10,66,2,1,48,16,4160,651,2807,2807,0,179648,6014,374,0,1022,1023,1023,1023,0,0,1023,1,1,4,6,4,5,3,3,5,2,2,6,3,2,1,3,3,1,2,1,2,1,0,1,2,0,0,1,0,0,0,0,0,0,0,0,0,0,0,0,0,0,0,0,0,0,0,0,0,0,0,0,0,0,0,0,0,0,0,0,0,0,0,0,0,3,2,4,2,2,3,5,1,3,2
737,1,65,69,3,64,64,0,0,0,64,0,45440,45440,4975,4975,0,6861,38579,0,0,0,710,45440,2045,989,2656,1023,10,15,0,1048576,0,0,0,inf,inf,0.307983398,0.231399536,1,0,10,65,2,47,17,0,4096,2064,646,646,147,41344,4797,989,470,1023,1023,1023,1023,0,0,1023,0,0,0,0,0,0,0,0,0,0,0,0,0,1,3,0,0,0,0,1,1,3,2,2,1,3,3,1,0,2,1,5,4,2,3,5,2,1,1,2,2,1,1,1,2,3,0,2,0,1,1,0,1,0,0,0,0,0,0,0,0,0,0,0,0,1,1,1,1,1,3,0,2,4,1
738,0.899999976,65,69,3,64,64,0,0,0,64,0,144576,144576,9426,9426,0,8752,135824,0,0,0,2259,144576,3503,558,6592,1023,10,15,0,1048576,0,0,0,inf,inf,0.761962891,0.547424316,1,0,10,65,2,0,46,18,4096,463,2195,2195,37,140480,8289,558,84,959,1023,1023,1023,576,0,511,0,2,6,3,7,5,7,6,5,7,3,2,5,1,2,1,2,0,0,0,0,0,0,0,0,0,0,0,0,0,0,0,0,0,0,0,0,0,0,0,0,0,0,0,0,0,0,0,0,0,0,0,0,0,0,0,0,0,0,0,0,0,0,0,0,1,1,1,2,1,1,5,1,1,2
739,0,69,69,1,64,64,0,3,0,68,0,261056,261056,4227,4227,0,4053,257003,0,0,0,4079,261056,194,127,3936,0,10,15,0,1048576,0,0,0,inf,1.4818573,2.20767212,1.98400879,1,0,10,69,2,0,1,67,4352,40,4011,4011,0,256704,4013,127,0,0,0,0,0,0,0,0,41,21,4,0,1,0,0,1,0,0,0,0,0,0,0,0,0,0,0,0,0,0,0,0,0,0,0,0,0,0,0,0,0,0,0,0,0,0,0,0,0,0,0,0,0,0,0,0,0,0,0,0,0,0,0,0,0,0,0,0,0,0,0,0,0,4294967295,4294967295,4294967295,4294967295,4294967295,4294967295,4294967295,4294967295,4294967295,4294967295
740,0.600000024,69,69,1,64,64,0,4,0,68,0,261824,261824,4031,4031,0,3819,258005,0,0,0,4091,261824,95,85,2080,237,10,15,0,1048576,0,0,0,inf,2.06852722,2.08644104,1.43544006,1,0,10,69,2,0,0,68,4352,32,4023,4023,0,257472,3787,85,0,32,237,237,237,0,0,237,47,13,6,1,1,0,0,0,0,0,0,0,0,0,0,0,0,0,0,0,0,0,0,0,0,0,0,0,0,0,0,0,0,0,0,0,0,0,0,0,0,0,0,0,0,0,0,0,0,0,0,0,0,0,0,0,0,0,0,0,0,0,0,0,0,27,4294967295,26,33,4294967295,30,27,50,4294967295,4294967295
741,0.400000006,67,69,3,64,64,0,0,0,66,0,252544,252544,3927,3927,0,3973,248571,0,0,0,3946,252544,509,315,7840,600,10,15,0,1048576,0,0,0,inf,inf,1.69366455,1.3780365,1,0,10,67,2,0,3,63,4224,75,3880,3880,0,248320,3898,315,0,536,600,600,600,0,0,600,29,18,9,5,2,2,1,0,0,0,0,0,0,0,0,0,0,0,0,0,0,0,0,0,0,0,0,0,0,0,0,0,0,0,0,0,0,0,0,0,0,0,0,0,0,0,0,0,0,0,0,0,0,0,0,0,0,0,0,0,0,0,0,0,0,4294967295,4294967295,4294967295,8,8,4294967295,6,4294967295,4294967295,11
742,0.100000001,69,69,1,64,64,0,2,0,68,0,246336,246336,4234,4234,0,3888,242448,0,0,0,3849,246336,481,93,1952,64,10,15,0,1048576,0,0,0,inf,2.38348389,2.43312073,2.03453064,1,0,10,69,2,0,6,62,4352,132,3781,3781,0,241984,3756,93,0,64,64,64,64,0,0,64,17,19,12,3,11,2,2,2,0,0,0,0,0,0,0,0,0,0,0,0,0,0,0,0,0,0,0,0,0,0,0,0,0,0,0,0,0,0,0,0,0,0,0,0,0,0,0,0,0,0,0,0,0,0,0,0,0,0,0,0,0,0,0,0,0,4294967295,4294967295,4294967295,4294967295,4294967295,4294967295,20,4294967295,4294967295,4294967295
743,0.200000003,55,69,3,54,54,0,0,0,54,0,191104,191104,3413,3413,0,3011,188093,0,0,0,2986,191104,246,44,3328,528,10,15,0,1048576,0,0,0,inf,inf,3.32698059,1.95541382,1,0,10,55,2,0,3,51,3456,78,2932,2932,0,187648,2933,44,0,528,528,528,528,0,0,528,24,12,5,0,10,2,1,0,0,0,0,0,0,0,0,0,0,0,0,0,0,0,0,0,0,0,0,0,0,0,0,0,0,0,0,0,0,0,0,0,0,0,0,0,0,0,0,0,0,0,0,0,0,0,0,0,0,0,0,0,0,0,0,0,0,4294967295,4294967295,4294967295,4294967295,8,4294967295,4294967295,4294967295,4294967295,0
744,0,69,69,1,64,64,0,3,0,68,0,258752,258752,4022,4022,0,3785,254967,0,0,0,4043,258752,219,84,2176,0,10,15,0,1048576,0,0,0,inf,2.59877014,2.61737061,2.25521851,1,0,10,69,2,0,2,66,4352,56,3975,3975,0,254400,3729,84,0,0,0,0,0,0,0,0,37,17,9,2,1,1,1,0,0,0,0,0,0,0,0,0,0,0,0,0,0,0,0,0,0,0,0,0,0,0,0,0,0,0,0,0,0,0,0,0,0,0,0,0,0,0,0,0,0,0,0,0,0,0,0,0,0,0,0,0,0,0,0,0,0,4294967295,4294967295,4294967295,4294967295,4294967295,4294967295,4294967295,4294967295,4294967295,4294967295
745,0,67,69,3,64,64,0,0,0,66,0,254464,254464,4027,4027,0,3839,250625,0,0,0,3976,254464,108,98,11680,0,10,15,0,1048576,0,0,0,inf,inf,2.85766602,2.53613281,1,0,10,67,2,0,0,66,4224,28,3910,3910,0,250240,3811,98,0,0,0,0,0,0,0,0,50,9,3,3,1,0,0,0,0,0,0,0,0,0,0,0,0,0,0,0,0,0,0,0,0,0,0,0,0,0,0,0,0,0,0,0,0,0,0,0,0,0,0,0,0,0,0,0,0,0,0,0,0,0,0,0,0,0,0,0,0,0,0,0,0,4294967295,4294967295,4294967295,4294967295,4294967295,4294967295,4294967295,4294967295,4294967295,4294967295
746,0.400000006,66,69,3,64,64,0,0,0,65,0,237312,237312,4036,4036,0,3722,233590,0,0,0,3708,237312,613,98,4832,464,10,15,0,1048576,0,0,0,inf,inf,2.34669495,1.72854614,1,0,10,66,2,0,8,57,4160,105,3643,3643,0,233152,3617,98,0,320,464,464,464,0,0,464,32,5,10,8,2,2,4,2,0,0,0,0,0,0,0,0,0,0,0,0,0,0,0,0,0,0,0,0,0,0,0,0,0,0,0,0,0,0,0,0,0,0,0,0,0,0,0,0,0,0,0,0,0,0,0,0,0,0,0,0,0,0,0,0,0,4294967295,4294967295,4294967295,4294967295,42,4294967295,22,43,21,4294967295
747,0.300000012,69,69,1,64,64,0,10,0,68,0,267776,267776,4005,4005,0,3920,263856,0,0,0,4184,267776,238,103,2592,134,10,15,0,1048576,0,0,0,inf,2.19390869,2.29707336,1.72590637,1,0,10,69,2,0,2,66,4352,48,4116,4116,0,263424,3872,103,0,0,134,134,134,0,0,134,45,14,2,2,3,0,2,0,0,0,0,0,0,0,0,0,0,0,0,0,0,0,0,0,0,0,0,0,0,0,0,0,0,0,0,0,0,0,0,0,0,0,0,0,0,0,0,0,0,0,0,0,0,0,0,0,0,0,0,0,0,0,0,0,0,4294967295,27,43,4294967295,4294967295,4294967295,4294967295,24,4294967295,4294967295
748,1,66,69,3,64,64,0,0,0,65,0,155840,155840,5596,5596,0,4814,151026,0,0,0,2435,155840,4129,253,7840,1023,10,15,0,1048576,0,0,0,inf,inf,0.984863281,0.686004639,1,0,10,66,2,0,61,4,4160,755,2370,2370,0,151680,4059,253,0,1023,1023,1023,1023,0,0,1023,1,0,0,2,1,3,3,6,7,5,5,5,3,4,1,0,4,4,2,1,2,2,0,3,1,0,0,0,0,0,0,0,0,0,0,0,0,0,0,0,0,0,0,0,0,0,0,0,0,0,0,0,0,0,0,0,0,0,0,0,0,0,0,0,0,2,2,2,3,2,2,1,2,2,5
749,0.600000024,69,69,2,64,64,0,0,0,68,0,248192,248192,5351,5351,0,5375,242817,0,0,0,3878,248192,1074,428,1728,243,10,15,0,1048576,0,0,0,inf,inf,1.86160278,1.59030151,1,0,10,69,2,0,10,58,4352,138,3810,3810,0,243840,5237,428,0,82,243,243,243,0,0,243,21,14,14,6,3,2,4,0,4,0,0,0,0,0,0,0,0,0,0,0,0,0,0,0,0,0,0,0,0,0,0,0,0,0,0,0,0,0,0,0,0,0,0,0,0,0,0,0,0,0,0,0,0,0,0,0,0,0,0,0,0,0,0,0,0,34,9,4294967295,4294967295,16,20,10,15,4294967295,4294967295
750,1,66,69,3,64,64,0,0,0,65,0,129472,129472,8881,8881,0,8920,120552,0,0,0,2023,129472,4197,539,2336,1023,10,15,0,1048576,0,0,0,inf,inf,0.559204102,0.400314331,1,0,10,66,2,6,58,1,4160,1051,1958,1958,72,125312,7869,539,188,1023,1023,1023,1023,0,0,1023,0,1,0,0,0,1,0,1,3,3,3,1,4,7,6,5,2,6,4,0,4,1,2,3,1,1,1,1,1,0,0,1,0,1,1,0,0,0,0,0,0,0,0,0,0,0,0,0,0,0,0,0,0,0,0,0,0,0,0,0,0,0,0,0,0,2,1,2,1,2,1,2,2,2,2
751,1,66,69,3,64,64,0,0,0,65,0,185792,185792,7391,7391,0,7545,178247,0,0,0,2903,185792,3512,724,2272,1023,10,15,0,1048576,0,0,0,inf,inf,1.42581177,1.1068573,1,0,10,66,2,1,44,20,4160,573,2838,2838,27,181632,6972,724,82,1016,1023,1023,1023,0,0,1023,9,6,2,2,1,6,2,3,6,3,3,1,5,1,1,3,3,0,0,1,0,0,2,1,2,1,0,0,0,0,0,0,0,0,0,1,0,0,0,0,0,0,0,0,0,0,0,0,0,0,0,0,0,0,0,0,0,0,0,0,0,0,0,0,0,4,3,4,44,43,3,2,1,2,48
752,0,69,69,1,64,64,0,3,0,68,0,249920,249920,4117,4117,0,3809,246111,0,0,0,3905,249920,288,155,3232,0,10,15,0,1048576,0,0,0,inf,1.66841125,1.82553101,1.46032715,1,0,10,69,2,0,2,66,4352,52,3837,3837,0,245568,3757,155,0,0,0,0,0,0,0,0,39,20,0,6,1,2,0,0,0,0,0,0,0,0,0,0,0,0,0,0,0,0,0,0,0,0,0,0,0,0,0,0,0,0,0,0,0,0,0,0,0,0,0,0,0,0,0,0,0,0,0,0,0,0,0,0,0,0,0,0,0,0,0,0,0,4294967295,4294967295,4294967295,4294967295,4294967295,4294967295,4294967295,4294967295,4294967295,4294967295
753,0,69,69,1,64,64,0,6,0,68,0,272448,272448,3876,3876,0,3816,268632,0,0,0,4257,272448,87,77,2592,0,10,15,0,1048576,0,0,0,inf,3.03205872,3.28973389,2.51080322,1,0,10,69,2,0,0,68,4352,26,4189,4189,0,268096,3790,77,0,0,0,0,0,0,0,0,50,11,6,1,0,0,0,0,0,0,0,0,0,0,0,0,0,0,0,0,0,0,0,0,0,0,0,0,0,0,0,0,0,0,0,0,0,0,0,0,0,0,0,0,0,0,0,0,0,0,0,0,0,0,0,0,0,0,0,0,0,0,0,0,0,4294967295,4294967295,4294967295,4294967295,4294967295,4294967295,4294967295,4294967295,4294967295,4294967295
754,1,66,69,3,64,64,0,0,0,65,0,143360,143360,4789,4789,0,4772,138588,0,0,0,2240,143360,3520,404,4512,1023,10,15,0,1048576,0,0,0,inf,inf,1.19807434,0.865310669,1,0,10,66,2,14,49,2,4160,1062,2175,2175,0,139200,3710,404,0,1023,1023,1023,1023,0,0,1023,0,0,0,0,2,1,1,3,4,3,4,7,1,4,2,0,3,6,2,1,0,3,2,1,0,1,5,4,1,0,0,2,1,0,1,0,0,0,0,0,0,0,0,0,0,0,0,0,0,0,0,0,0,0,0,0,0,0,0,0,0,0,0,0,0,2,3,3,2,1,4,5,2,3,4
755,0,65,69,3,64,64,0,0,0,64,0,217408,217408,5343,5343,0,4827,212581,0,0,0,3397,217408,180,170,1952,0,10,15,0,1048576,0,0,0,inf,inf,2.19033813,1.98179626,1,0,10,65,2,0,0,64,4096,77,3333,3333,0,213312,4750,170,0,0,0,0,0,0,0,0,22,16,19,5,2,0,0,0,0,0,0,0,0,0,0,0,0,0,0,0,0,0,0,0,0,0,0,0,0,0,0,0,0,0,0,0,0,0,0,0,0,0,0,0,0,0,0,0,0,0,0,0,0,0,0,0,0,0,0,0,0,0,0,0,0,4294967295,4294967295,4294967295,4294967295,4294967295,4294967295,4294967295,4294967295,4294967295,4294967295
756,0.899999976,67,69,3,64,64,0,0,0,66,0,238400,238400,4515,4515,0,4535,233865,0,0,0,3725,238400,1489,361,5120,1021,10,15,0,1048576,0,0,0,inf,inf,1.74487305,1.46644592,1,0,10,67,2,0,18,48,4224,224,3659,3659,0,234176,4311,361,0,65,1021,1021,1021,0,0,1021,19,15,7,2,5,2,2,5,3,1,1,1,0,0,0,0,0,1,1,0,0,0,0,1,0,0,0,0,0,0,0,0,0,0,0,0,0,0,0,0,0,0,0,0,0,0,0,0,0,0,0,0,0,0,0,0,0,0,0,0,0,0,0,0,0,3,4294967295,49,16,10,3,4,10,18,22
757,1,68,69,3,64,64,0,0,0,67,0,249216,249216,4607,4607,0,4447,244769,0,0,0,3894,249216,746,169,2464,1023,10,15,0,1048576,0,0,0,inf,inf,1.71507263,1.05603027,1,0,10,68,2,0,9,58,4288,132,3827,3827,0,244928,4315,169,0,607,1023,1023,1023,0,0,1023,23,13,11,3,8,2,4,2,1,0,0,0,0,0,0,0,0,0,0,0,0,0,0,0,0,0,0,0,0,0,0,0,0,0,0,0,0,0,0,0,0,0,0,0,0,0,0,0,0,0,0,0,0,0,0,0,0,0,0,0,0,0,0,0,0,15,15,14,14,14,14,19,15,20,19
758,0,65,69,3,64,64,0,0,0,64,0,233536,233536,3960,3960,0,3613,229923,0,0,0,3649,233536,228,90,3040,0,10,15,0,1048576,0,0,0,inf,inf,2.46772766,1.98745728,1,0,10,65,2,0,2,62,4096,74,3585,3585,0,229440,3539,90,0,0,0,0,0,0,0,0,31,15,5,6,5,1,1,0,0,0,0,0,0,0,0,0,0,0,0,0,0,0,0,0,0,0,0,0,0,0,0,0,0,0,0,0,0,0,0,0,0,0,0,0,0,0,0,0,0,0,0,0,0,0,0,0,0,0,0,0,0,0,0,0,0,4294967295,4294967295,4294967295,4294967295,4294967295,4294967295,4294967295,4294967295,4294967295,4294967295
759,0,41,69,3,40,40,0,0,0,40,0,152448,152448,2368,2368,0,2194,150254,0,0,0,2382,152448,40,30,1888,0,10,15,0,1048576,0,0,0,inf,inf,4.14619446,2.14030457,1,0,10,41,2,0,0,40,2560,14,2342,2342,0,149888,2180,30,0,0,0,0,0,0,0,0,29,8,3,0,0,0,0,0,0,0,0,0,0,0,0,0,0,0,0,0,0,0,0,0,0,0,0,0,0,0,0,0,0,0,0,0,0,0,0,0,0,0,0,0,0,0,0,0,0,0,0,0,0,0,0,0,0,0,0,0,0,0,0,0,0,4294967295,4294967295,4294967295,4294967295,4294967295,4294967295,4294967295,4294967295,4294967295,4294967295
760,0,28,69,3,27,27,0,0,0,27,0,105216,105216,1499,1499,0,1414,103802,0,0,0,1644,105216,27,17,1952,0,10,15,0,1048576,0,0,0,inf,inf,3.32896423,1.90377808,1,0,10,28,2,0,0,27,1728,9,1617,1617,0,103488,1405,17,0,0,0,0,0,0,0,0,18,9,0,0,0,0,0,0,0,0,0,0,0,0,0,0,0,0,0,0,0,0,0,0,0,0,0,0,0,0,0,0,0,0,0,0,0,0,0,0,0,0,0,0,0,0,0,0,0,0,0,0,0,0,0,0,0,0,0,0,0,0,0,0,0,4294967295,4294967295,4294967295,4294967295,4294967295,4294967295,4294967295,4294967295,4294967295,4294967295
761,0.100000001,65,69,3,64,64,0,0,0,64,0,224576,224576,3835,3835,0,3429,221147,0,0,0,3509,224576,490,98,2176,512,10,15,0,1048576,0,0,0,inf,inf,2.46824646,2.04611206,1,0,10,65,2,0,6,58,4096,147,3445,3445,0,220480,3282,98,0,0,512,512,512,0,0,512,11,14,10,12,11,5,0,0,1,0,0,0,0,0,0,0,0,0,0,0,0,0,0,0,0,0,0,0,0,0,0,0,0,0,0,0,0,0,0,0,0,0,0,0,0,0,0,0,0,0,0,0,0,0,0,0,0,0,0,0,0,0,0,0,0,4294967295,4294967295,4294967295,4294967295,4294967295,4294967295,4294967295,4294967295,4294967295,45
762,1,65,69,3,64,64,0,0,0,64,0,232896,232896,4018,4018,0,3652,229244,0,0,0,3639,232896,221,86,2592,1023,10,15,0,1048576,0,0,0,inf,inf,1.81253052,1.170578,1,0,10,65,2,0,2,62,4096,69,3575,3575,0,228800,3583,86,0,441,1023,1023,1023,0,0,1023,27,16,15,3,1,2,0,0,0,0,0,0,0,0,0,0,0,0,0,0,0,0,0,0,0,0,0,0,0,0,0,0,0,0,0,0,0,0,0,0,0,0,0,0,0,0,0,0,0,0,0,0,0,0,0,0,0,0,0,0,0,0,0,0,0,4,5,5,3,3,2,0,2,0,13
763,0.699999988,66,69,3,64,64,0,0,0,65,0,249344,249344,3888,3888,0,3758,245586,0,0,0,3896,249344,260,124,5760,988,10,15,0,1048576,0,0,0,inf,inf,1.44792175,1.00184631,1,0,10,66,2,0,2,63,4160,75,3831,3831,0,245184,3683,124,0,920,988,988,988,0,0,988,28,16,12,5,2,0,2,0,0,0,0,0,0,0,0,0,0,0,0,0,0,0,0,0,0,0,0,0,0,0,0,0,0,0,0,0,0,0,0,0,0,0,0,0,0,0,0,0,0,0,0,0,0,0,0,0,0,0,0,0,0,0,0,0,0,4294967295,4294967295,5,6,6,4294967295,44,6,30,30
764,0.899999976,65,69,3,64,64,0,0,0,64,0,232832,232832,4641,4641,0,4517,228315,0,0,0,3638,232832,326,316,4384,1023,10,15,0,1048576,0,0,0,inf,inf,1.78210449,1.50178528,1,0,10,65,2,0,0,64,4096,82,3574,3574,0,228736,4435,316,0,856,1023,1023,1023,0,0,511,21,16,17,8,2,0,0,0,0,0,0,0,0,0,0,0,0,0,0,0,0,0,0,0,0,0,0,0,0,0,0,0,0,0,0,0,0,0,0,0,0,0,0,0,0,0,0,0,0,0,0,0,0,0,0,0,0,0,0,0,0,0,0,0,0,2,31,4,4,4,10,1,18,3,1
765,1,67,69,3,64,64,0,0,0,66,0,243392,243392,4474,4474,0,4283,239109,0,0,0,3803,243392,234,224,5888,1023,10,15,0,1048576,0,0,0,inf,inf,1.05238342,0.862075806,1,0,10,67,2,0,0,66,4224,72,3737,3737,0,239168,4211,224,0,15,1023,1023,1023,0,0,1023,29,14,14,6,3,0,0,0,0,0,0,0,0,0,0,0,0,0,0,0,0,0,0,0,0,0,0,0,0,0,0,0,0,0,0,0,0,0,0,0,0,0,0,0,0,0,0,0,0,0,0,0,0,0,0,0,0,0,0,0,0,0,0,0,0,30,30,30,6,3,17,4,18,7,56
766,1,65,69,3,64,64,0,0,0,64,0,227968,227968,4325,4325,0,3969,223999,0,0,0,3562,227968,270,196,1728,1023,10,15,0,1048576,0,0,0,inf,inf,1.82107544,0.851654053,1,0,10,65,2,0,1,63,4096,46,3498,3498,0,223872,3923,196,0,1015,1023,1023,1023,0,0,1023,31,25,5,2,0,1,0,0,0,0,0,0,0,0,0,0,0,0,0,0,0,0,0,0,0,0,0,0,0,0,0,0,0,0,0,0,0,0,0,0,0,0,0,0,0,0,0,0,0,0,0,0,0,0,0,0,0,0,0,0,0,0,0,0,0,2,3,1,2,0,3,1,1,1,2
767,0.800000012,67,69,3,64,64,0,0,0,66,0,249152,249152,4298,4298,0,4547,244605,0,0,0,3893,249152,1276,472,2784,703,10,15,0,1048576,0,0,0,inf,inf,1.63140869,1.37561035,1,0,10,67,2,0,13,53,4224,174,3827,3827,0,244928,4373,472,0,176,703,703,703,0,0,703,16,14,8,6,9,6,1,2,0,2,0,2,0,0,0,0,0,0,0,0,0,0,0,0,0,0,0,0,0,0,0,0,0,0,0,0,0,0,0,0,0,0,0,0,0,0,0,0,0,0,0,0,0,0,0,0,0,0,0,0,0,0,0,0,0,18,17,18,19,14,15,4294967295,11,4294967295,21
768,1,67,69,3,64,64,0,0,0,66,0,231680,231680,4746,4746,0,5014,226666,0,0,0,3620,231680,2652,587,7424,1023,10,15,0,1048576,0,0,0,inf,inf,1.17936707,0.950576782,1,0,10,67,2,0,33,33,4224,351,3554,3554,0,227456,4663,587,0,1023,1023,1023,1023,0,0,1023,1,6,9,9,8,7,4,5,4,3,4,2,1,2,0,1,0,0,0,0,0,0,0,0,0,0,0,0,0,0,0,0,0,0,0,0,0,0,0,0,0,0,0,0,0,0,0,0,0,0,0,0,0,0,0,0,0,0,0,0,0,0,0,0,0,7,8,3,4,7,4,4,7,7,5
769,1,66,69,3,64,64,0,0,0,65,0,253504,253504,3742,3742,0,3863,249641,0,0,0,3961,253504,463,335,6336,1023,10,15,0,1048576,0,0,0,inf,inf,1.0851593,0.8543396,1,0,10,66,2,0,2,63,4160,50,3896,3896,0,249344,3813,335,0,257,1023,1023,1023,0,0,1023,38,18,4,2,1,0,1,0,1,0,0,0,0,0,0,0,0,0,0,0,0,0,0,0,0,0,0,0,0,0,0,0,0,0,0,0,0,0,0,0,0,0,0,0,0,0,0,0,0,0,0,0,0,0,0,0,0,0,0,0,0,0,0,0,0,6,6,10,12,8,7,10,14,8,16
770,0.100000001,69,69,1,64,64,0,1,0,68,0,268608,268608,3890,3890,0,3864,264744,0,0,0,4197,268608,188,178,2944,256,10,15,0,1048576,0,0,0,inf,1.68382263,1.8631897,1.57879639,1,0,10,69,2,0,0,68,4352,19,4129,4129,0,264256,3845,178,0,0,256,256,256,0,0,256,50,17,1,0,0,0,0,0,0,0,0,0,0,0,0,0,0,0,0,0,0,0,0,0,0,0,0,0,0,0,0,0,0,0,0,0,0,0,0,0,0,0,0,0,0,0,0,0,0,0,0,0,0,0,0,0,0,0,0,0,0,0,0,0,0,4294967295,4294967295,4294967295,4294967295,4294967295,4294967295,4294967295,4294967295,48,4294967295
771,1,66,69,3,64,64,0,0,0,65,0,226688,226688,5114,5114,0,5419,221269,0,0,0,3542,226688,2738,678,6912,1023,10,15,0,1048576,0,0,0,inf,inf,1.36341858,1.11743164,1,0,10,66,2,0,33,32,4160,310,3477,3477,0,222528,5109,678,0,1023,1023,1023,1023,0,0,1023,6,4,9,7,6,10,8,5,1,1,2,2,2,1,1,0,0,0,0,0,0,0,0,0,0,0,0,0,0,0,0,0,0,0,0,0,0,0,0,0,0,0,0,0,0,0,0,0,0,0,0,0,0,0,0,0,0,0,0,0,0,0,0,0,0,2,3,2,3,15,6,3,12,3,3
772,0.100000001,68,69,3,64,64,0,0,0,67,0,217472,217472,5617,5617,0,5158,212314,0,0,0,3398,217472,2233,188,1920,4,10,15,0,1048576,0,0,0,inf,inf,2.53398132,2.27386475,1,0,10,68,2,0,32,35,4288,310,3331,3331,0,213184,4848,188,0,4,4,4,4,0,0,4,16,9,3,5,2,4,5,6,4,3,3,2,2,1,1,0,0,0,1,0,0,0,0,0,0,0,0,0,0,0,0,0,0,0,0,0,0,0,0,0,0,0,0,0,0,0,0,0,0,0,0,0,0,0,0,0,0,0,0,0,0,0,0,0,0,4294967295,4294967295,64,4294967295,4294967295,4294967295,4294967295,4294967295,4294967295,4294967295
773,0.899999976,65,69,3,64,64,0,0,0,64,0,230016,230016,3972,3972,0,3630,226386,0,0,0,3594,230016,805,98,6080,1007,10,15,0,1048576,0,0,0,inf,inf,1.92622375,1.42903137,1,0,10,65,2,0,11,53,4096,126,3530,3530,0,225920,3504,98,0,492,1007,1007,1007,0,0,1007,22,16,11,2,2,3,1,4,2,1,0,0,0,0,0,0,0,0,0,0,0,0,0,0,0,0,0,0,0,0,0,0,0,0,0,0,0,0,0,0,0,0,0,0,0,0,0,0,0,0,0,0,0,0,0,0,0,0,0,0,0,0,0,0,0,1,2,3,4,4294967295,5,7,5,4,21
774,0.100000001,69,69,1,64,64,0,4,0,68,0,243200,243200,4823,4823,0,4593,238607,0,0,0,3800,243200,892,209,2240,2,10,15,0,1048576,0,0,0,inf,2.13648987,2.15310669,1.88954163,1,0,10,69,2,0,11,57,4352,181,3732,3732,0,238848,4412,209,0,0,2,2,2,0,0,2,32,9,10,2,4,2,1,1,0,0,0,1,0,2,1,0,0,2,0,0,0,0,1,0,0,0,0,0,0,0,0,0,0,0,0,0,0,0,0,0,0,0,0,0,0,0,0,0,0,0,0,0,0,0,0,0,0,0,0,0,0,0,0,0,0,4294967295,19,4294967295,4294967295,4294967295,4294967295,4294967295,4294967295,4294967295,4294967295
775,0,65,69,3,64,64,0,0,0,64,0,211392,211392,4142,4142,0,3548,207844,0,0,0,3303,211392,1410,65,2240,0,10,15,0,1048576,0,0,0,inf,inf,2.47097778,1.81925964,1,0,10,65,2,0,21,43,4096,198,3239,3239,0,207296,3350,65,0,0,0,0,0,0,0,0,15,13,9,1,5,8,2,3,5,0,2,1,0,0,0,0,0,0,0,0,0,0,0,0,0,0,0,0,0,0,0,0,0,0,0,0,0,0,0,0,0,0,0,0,0,0,0,0,0,0,0,0,0,0,0,0,0,0,0,0,0,0,0,0,0,4294967295,4294967295,4294967295,4294967295,4294967295,4294967295,4294967295,4294967295,4294967295,4294967295
776,0.400000006,65,69,3,64,64,0,0,0,64,0,248704,248704,3737,3737,0,3569,245135,0,0,0,3886,248704,79,69,4704,27,10,15,0,1048576,0,0,0,inf,inf,2.31263733,1.5431366,1,0,10,65,2,0,0,64,4096,37,3822,3822,0,244608,3532,69,0,2,27,27,27,0,0,27,38,17,7,2,0,0,0,0,0,0,0,0,0,0,0,0,0,0,0,0,0,0,0,0,0,0,0,0,0,0,0,0,0,0,0,0,0,0,0,0,0,0,0,0,0,0,0,0,0,0,0,0,0,0,0,0,0,0,0,0,0,0,0,0,0,4,28,4294967295,5,9,4294967295,4294967295,4294967295,4294967295,4294967295
777,0.400000006,65,69,3,64,64,0,0,0,64,0,235328,235328,3993,3993,0,3709,231619,0,0,0,3677,235328,680,103,3104,777,10,15,0,1048576,0,0,0,inf,inf,1.7497406,1.29379272,1,0,10,65,2,0,9,55,4096,96,3613,3613,0,231232,3613,103,0,776,777,777,777,0,0,777,37,13,1,2,2,1,0,2,6,0,0,0,0,0,0,0,0,0,0,0,0,0,0,0,0,0,0,0,0,0,0,0,0,0,0,0,0,0,0,0,0,0,0,0,0,0,0,0,0,0,0,0,0,0,0,0,0,0,0,0,0,0,0,0,0,25,4294967295,4294967295,16,4294967295,4294967295,4294967295,4294967295,38,37
778,0,65,69,3,64,64,0,0,0,64,0,253568,253568,3880,3880,0,3888,249680,0,0,0,3962,253568,287,154,2080,0,10,15,0,1048576,0,0,0,inf,inf,2.89685059,2.42012024,1,0,10,65,2,0,2,62,4096,52,3898,3898,0,249472,3836,154,0,0,0,0,0,0,0,0,37,15,8,1,1,1,0,0,0,1,0,0,0,0,0,0,0,0,0,0,0,0,0,0,0,0,0,0,0,0,0,0,0,0,0,0,0,0,0,0,0,0,0,0,0,0,0,0,0,0,0,0,0,0,0,0,0,0,0,0,0,0,0,0,0,4294967295,4294967295,4294967295,4294967295,4294967295,4294967295,4294967295,4294967295,4294967295,4294967295
779,0,69,69,1,64,64,0,3,0,68,0,252800,252800,4231,4231,0,4006,248794,0,0,0,3950,252800,540,151,2912,0,10,15,0,1048576,0,0,0,inf,2.02583313,2.03970337,1.66117859,1,0,10,69,2,0,6,62,4352,94,3882,3882,0,248448,3912,151,0,0,0,0,0,0,0,0,32,17,4,3,6,0,6,0,0,0,0,0,0,0,0,0,0,0,0,0,0,0,0,0,0,0,0,0,0,0,0,0,0,0,0,0,0,0,0,0,0,0,0,0,0,0,0,0,0,0,0,0,0,0,0,0,0,0,0,0,0,0,0,0,0,4294967295,4294967295,4294967295,4294967295,4294967295,4294967295,4294967295,4294967295,4294967295,4294967295
780,1,66,69,3,64,64,0,0,0,65,0,39808,39808,5559,5559,0,6287,33521,0,0,0,622,39808,1556,559,8192,1023,10,15,0,1048576,0,0,0,inf,inf,0.656646729,0.427398682,1,0,10,66,2,49,16,0,4160,2070,557,557,67,35648,4217,559,140,1023,1023,1023,1023,288,0,1023,0,0,0,0,0,0,0,0,0,1,0,0,0,0,1,0,0,0,0,1,1,2,4,2,2,2,3,4,4,3,3,3,3,2,1,3,1,1,2,2,0,1,2,1,2,1,2,2,0,1,1,0,1,0,0,0,0,0,0,0,0,0,0,0,0,2,2,2,3,4,4,5,2,3,3
781,1,66,69,3,64,64,0,0,0,65,0,233216,233216,4939,4939,0,4915,228301,0,0,0,3644,233216,649,447,3104,1023,10,15,0,1048576,0,0,0,inf,inf,1.60160828,1.38490295,1,0,10,66,2,0,3,62,4160,110,3579,3579,0,229056,4805,447,0,893,1023,1023,1023,0,0,1023,14,21,11,14,2,2,0,1,0,0,0,0,0,0,0,0,0,0,0,0,0,0,0,0,0,0,0,0,0,0,0,0,0,0,0,0,0,0,0,0,0,0,0,0,0,0,0,0,0,0,0,0,0,0,0,0,0,0,0,0,0,0,0,0,0,10,4,4,10,7,6,4,4,2,6
782,0.100000001,69,69,1,64,64,0,1,0,68,0,259520,259520,4867,4867,0,4773,254747,0,0,0,4055,259520,309,235,1696,512,10,15,0,1048576,0,0,0,inf,2.02157593,2.02157593,1.63626099,1,0,10,69,2,0,1,67,4352,36,3987,3987,0,255168,4737,235,0,0,512,512,512,0,0,512,43,19,3,2,0,1,0,0,0,0,0,0,0,0,0,0,0,0,0,0,0,0,0,0,0,0,0,0,0,0,0,0,0,0,0,0,0,0,0,0,0,0,0,0,0,0,0,0,0,0,0,0,0,0,0,0,0,0,0,0,0,0,0,0,0,4294967295,4294967295,4294967295,4294967295,4294967295,4294967295,4294967295,4294967295,4294967295,46
783,0,30,69,3,29,29,0,0,0,29,0,112512,112512,1681,1681,0,1591,110921,0,0,0,1758,112512,29,19,2240,0,10,15,0,1048576,0,0,0,inf,inf,3.56944275,2.75541687,1,0,10,30,2,0,0,29,1856,18,1729,1729,0,110656,1573,19,0,0,0,0,0,0,0,0,16,9,3,1,0,0,0,0,0,0,0,0,0,0,0,0,0,0,0,0,0,0,0,0,0,0,0,0,0,0,0,0,0,0,0,0,0,0,0,0,0,0,0,0,0,0,0,0,0,0,0,0,0,0,0,0,0,0,0,0,0,0,0,0,0,4294967295,4294967295,4294967295,4294967295,4294967295,4294967295,4294967295,4294967295,4294967295,4294967295
784,0.899999976,65,69,3,64,64,0,0,0,64,0,249280,249280,4225,4225,0,4301,244979,0,0,0,3895,249280,318,308,2496,1022,10,15,0,1048576,0,0,0,inf,inf,1.29368591,1.04640198,1,0,10,65,2,0,0,64,4096,33,3831,3831,0,245184,4268,308,0,12,1022,1022,1022,0,0,1022,42,14,6,1,1,0,0,0,0,0,0,0,0,0,0,0,0,0,0,0,0,0,0,0,0,0,0,0,0,0,0,0,0,0,0,0,0,0,0,0,0,0,0,0,0,0,0,0,0,0,0,0,0,0,0,0,0,0,0,0,0,0,0,0,0,4294967295,10,19,19,3,5,6,4,17,18
785,1,66,69,3,64,64,0,0,0,65,0,231936,231936,4729,4729,0,5021,226915,0,0,0,3624,231936,2667,591,6176,1023,10,15,0,1048576,0,0,0,inf,inf,1.31312561,1.15708923,1,0,10,66,2,0,33,32,4160,302,3559,3559,0,227776,4719,591,0,767,1023,1023,1023,0,0,1023,4,6,6,10,6,10,6,4,7,3,1,1,1,0,0,0,0,0,0,0,0,0,0,0,0,0,0,0,0,0,0,0,0,0,0,0,0,0,0,0,0,0,0,0,0,0,0,0,0,0,0,0,0,0,0,0,0,0,0,0,0,0,0,0,0,5,7,3,2,5,2,14,8,11,13
786,1,66,69,3,64,64,0,0,0,65,0,77568,77568,7646,7646,0,9625,67943,0,0,0,1212,77568,3352,1294,5792,1023,10,15,0,1048576,0,0,0,inf,inf,0.667312622,0.546417236,1,0,10,66,2,32,33,0,4160,1629,1147,1147,134,73408,7996,1294,448,1023,1023,1023,1023,0,0,1023,0,0,0,0,0,0,0,0,1,0,1,0,1,0,0,5,4,1,3,2,3,2,4,1,4,1,4,0,5,3,2,4,2,4,1,0,1,1,1,2,1,0,0,1,0,0,0,0,0,0,0,0,0,0,0,0,0,0,0,0,0,0,0,0,0,3,4,2,3,4,1,1,3,3,5
787,1,66,69,3,64,64,0,0,0,65,0,201536,201536,5924,5924,0,5369,196167,0,0,0,3149,201536,1401,305,2112,1023,10,15,0,1048576,0,0,0,inf,inf,0.986450195,0.670684814,1,0,10,66,2,0,17,48,4160,216,3084,3084,0,197376,5153,305,0,1023,1023,1023,1023,0,0,1023,4,9,13,15,7,10,1,0,2,4,0,0,0,0,0,0,0,0,0,0,0,0,0,0,0,0,0,0,0,0,0,0,0,0,0,0,0,0,0,0,0,0,0,0,0,0,0,0,0,0,0,0,0,0,0,0,0,0,0,0,0,0,0,0,0,3,2,3,2,1,5,1,6,6,1
788,1,66,69,3,64,64,0,0,0,65,0,50624,50624,5813,5813,0,6496,44128,0,0,0,791,50624,1912,584,1568,1023,10,15,0,1048576,0,0,0,inf,inf,0.492919922,0.340499878,1,0,10,66,2,44,21,0,4160,1825,726,726,49,46464,4671,584,93,1023,1023,1023,1023,0,0,1023,0,0,0,0,0,0,0,0,0,0,0,0,2,0,1,0,2,2,1,0,2,2,5,2,2,0,3,8,2,1,2,3,3,4,5,2,3,1,6,0,0,0,0,0,1,0,0,0,0,0,0,0,0,0,0,0,0,0,0,0,0,0,0,0,0,4,2,2,4,4,3,2,2,2,3
789,0.899999976,69,69,1,64,64,0,1,0,68,0,241920,241920,4739,4739,0,4638,237282,0,0,0,3780,241920,1824,298,5760,511,10,15,0,1048576,0,0,0,inf,1.85287476,1.90863037,1.4412384,1,0,10,69,2,0,24,44,4352,241,3712,3712,0,237568,4397,298,0,511,511,511,511,0,0,511,14,9,8,8,5,7,6,2,4,1,2,0,1,0,1,0,0,0,0,0,0,0,0,0,0,0,0,0,0,0,0,0,0,0,0,0,0,0,0,0,0,0,0,0,0,0,0,0,0,0,0,0,0,0,0,0,0,0,0,0,0,0,0,0,0,6,7,6,6,6,5,6,12,6,4294967295
790,0.100000001,69,69,1,64,64,0,17,0,68,0,242176,242176,4338,4338,0,3969,238207,0,0,0,3784,242176,942,108,1792,512,10,15,0,1048576,0,0,0,inf,2.11050415,2.20204163,1.82148743,1,0,10,69,2,0,13,55,4352,159,3716,3716,0,237824,3810,108,0,0,512,512,512,0,0,512,28,15,6,4,2,0,2,1,4,1,3,2,0,0,0,0,0,0,0,0,0,0,0,0,0,0,0,0,0,0,0,0,0,0,0,0,0,0,0,0,0,0,0,0,0,0,0,0,0,0,0,0,0,0,0,0,0,0,0,0,0,0,0,0,0,4294967295,4294967295,4294967295,4294967295,4294967295,4294967295,4294967295,4294967295,4294967295,54
791,0.100000001,69,69,1,64,64,0,1,0,68,0,257344,257344,4197,4197,0,3923,253421,0,0,0,4021,257344,102,92,4832,1,10,15,0,1048576,0,0,0,inf,1.89131165,1.91648865,1.36824036,1,0,10,69,2,0,0,68,4352,33,3953,3953,0,252992,3890,92,0,0,1,1,1,0,0,1,43,17,8,0,0,0,0,0,0,0,0,0,0,0,0,0,0,0,0,0,0,0,0,0,0,0,0,0,0,0,0,0,0,0,0,0,0,0,0,0,0,0,0,0,0,0,0,0,0,0,0,0,0,0,0,0,0,0,0,0,0,0,0,0,0,40,4294967295,4294967295,4294967295,4294967295,4294967295,4294967295,4294967295,4294967295,4294967295
792,1,66,69,3,64,64,0,0,0,65,0,187712,187712,6743,6743,0,6911,180801,0,0,0,2933,187712,3845,767,1472,1023,10,15,0,1048576,0,0,0,inf,inf,1.43525696,1.20675659,1,0,10,66,2,0,49,16,4160,560,2868,2868,22,183552,6351,767,54,1015,1023,1023,1023,0,0,1023,1,1,5,3,6,2,8,3,1,2,9,6,5,4,2,0,5,1,1,0,0,0,0,0,0,0,0,0,0,0,0,0,0,0,0,0,0,0,0,0,0,0,0,0,0,0,0,0,0,0,0,0,0,0,0,0,0,0,0,0,0,0,0,0,0,2,4,3,2,4,2,1,4,4,2
793,1,66,69,3,64,64,0,0,0,65,0,215488,215488,6842,6842,0,6819,208669,0,0,0,3367,215488,1654,507,8928,1023,10,15,0,1048576,0,0,0,inf,inf,1.34078979,1.13383484,1,0,10,66,2,0,18,47,4160,213,3302,3302,39,211328,6606,507,36,383,1023,1023,1023,0,0,1023,10,9,11,8,9,6,3,3,2,3,1,0,0,0,0,0,0,0,0,0,0,0,0,0,0,0,0,0,0,0,0,0,0,0,0,0,0,0,0,0,0,0,0,0,0,0,0,0,0,0,0,0,0,0,0,0,0,0,0,0,0,0,0,0,0,2,1,1,1,2,2,3,1,2,5
794,0,65,69,3,64,64,0,0,0,64,0,196288,196288,5536,5536,0,4925,191363,0,0,0,3067,196288,2182,203,1984,0,10,15,0,1048576,0,0,0,inf,inf,3.02345276,2.77693176,1,0,10,65,2,0,31,33,4096,279,3003,3003,0,192192,4646,203,0,0,0,0,0,0,0,0,11,6,10,3,3,3,8,7,5,3,3,1,1,0,0,0,0,0,0,0,0,0,0,0,0,0,0,0,0,0,0,0,0,0,0,0,0,0,0,0,0,0,0,0,0,0,0,0,0,0,0,0,0,0,0,0,0,0,0,0,0,0,0,0,0,4294967295,4294967295,4294967295,4294967295,4294967295,4294967295,4294967295,4294967295,4294967295,4294967295
795,0.600000024,65,69,3,64,64,0,0,0,64,0,238848,238848,4257,4257,0,4499,234349,0,0,0,3732,238848,1250,444,3072,371,10,15,0,1048576,0,0,0,inf,inf,1.72419739,1.45117188,1,0,10,65,2,0,13,51,4096,200,3668,3668,6,234752,4299,444,11,291,371,371,371,0,0,371,12,12,12,8,7,5,2,0,1,0,1,1,1,0,0,1,0,0,0,1,0,0,0,0,0,0,0,0,0,0,0,0,0,0,0,0,0,0,0,0,0,0,0,0,0,0,0,0,0,0,0,0,0,0,0,0,0,0,0,0,0,0,0,0,0,14,4,4294967295,4294967295,6,2,1,4294967295,13,4294967295
796,0.899999976,66,69,3,64,64,0,0,0,65,0,167808,167808,6453,6453,0,6995,160813,0,0,0,2622,167808,4004,894,992,1023,10,15,0,1048576,0,0,0,inf,inf,0.92477417,0.784942627,1,0,10,66,2,7,50,8,4160,874,2557,2557,33,163648,6121,894,57,1023,1023,1023,1023,0,0,511,2,2,1,0,3,1,2,5,3,3,3,3,2,2,5,4,3,4,1,3,4,0,1,0,0,1,3,1,1,0,1,1,0,0,0,0,0,0,0,0,0,0,0,0,0,0,0,0,0,0,0,0,0,0,0,0,0,0,0,0,0,0,0,0,0,0,2,2,1,2,1,3,1,1,6
797,0,69,69,2,64,64,0,0,0,68,0,246976,246976,4734,4734,0,4410,242566,0,0,0,3859,246976,655,135,4192,0,10,15,0,1048576,0,0,0,inf,inf,3.02377319,2.72644043,1,0,10,69,2,0,8,60,4352,102,3791,3791,0,242624,4308,135,0,0,0,0,0,0,0,0,32,13,6,4,5,5,1,2,0,0,0,0,0,0,0,0,0,0,0,0,0,0,0,0,0,0,0,0,0,0,0,0,0,0,0,0,0,0,0,0,0,0,0,0,0,0,0,0,0,0,0,0,0,0,0,0,0,0,0,0,0,0,0,0,0,4294967295,4294967295,4294967295,4294967295,4294967295,4294967295,4294967295,4294967295,4294967295,4294967295
798,0.899999976,66,69,3,64,64,0,0,0,65,0,254720,254720,4060,4060,0,4009,250711,0,0,0,3980,254720,177,167,3616,1007,10,15,0,1048576,0,0,0,inf,inf,2.26873779,1.62402344,1,0,10,66,2,0,0,65,4160,27,3915,3915,0,250560,3982,167,0,4,1007,1007,1007,0,0,1007,46,14,3,1,1,0,0,0,0,0,0,0,0,0,0,0,0,0,0,0,0,0,0,0,0,0,0,0,0,0,0,0,0,0,0,0,0,0,0,0,0,0,0,0,0,0,0,0,0,0,0,0,0,0,0,0,0,0,0,0,0,0,0,0,0,2,6,55,0,4294967295,53,6,42,4,5
799,0.800000012,69,69,1,64,64,0,4,0,68,0,271232,271232,3908,3908,0,3862,267370,0,0,0,4238,271232,111,101,4096,495,10,15,0,1048576,0,0,0,inf,1.98570251,2.03797913,1.42680359,1,0,10,69,2,0,0,68,4352,35,4170,4170,0,266880,3827,101,0,15,495,495,495,0,0,495,41,19,8,0,0,0,0,0,0,0,0,0,0,0,0,0,0,0,0,0,0,0,0,0,0,0,0,0,0,0,0,0,0,0,0,0,0,0,0,0,0,0,0,0,0,0,0,0,0,0,0,0,0,0,0,0,0,0,0,0,0,0,0,0,0,44,44,43,42,4294967295,44,41,24,54,4294967295
800,0.800000012,69,69,1,64,64,0,3,0,68,0,260736,260736,4097,4097,0,4028,256708,0,0,0,4074,260736,454,192,3680,1006,10,15,0,1048576,0,0,0,inf,1.91816711,1.94099426,1.49964905,1,0,10,69,2,0,4,64,4352,85,4006,4006,0,256384,3943,192,0,128,1006,1006,1006,0,0,1006,30,16,10,5,3,3,0,1,0,0,0,0,0,0,0,0,0,0,0,0,0,0,0,0,0,0,0,0,0,0,0,0,0,0,0,0,0,0,0,0,0,0,0,0,0,0,0,0,0,0,0,0,0,0,0,0,0,0,0,0,0,0,0,0,0,4294967295,44,46,53,4294967295,43,42,42,1,45
801,0.300000012,69,69,1,64,64,0,6,0,68,0,256320,256320,4080,4080,0,3775,252545,0,0,0,4005,256320,91,81,1664,560,10,15,0,1048576,0,0,0,inf,1.59805298,1.68070984,0.97442627,1,0,10,69,2,0,0,68,4352,29,3937,3937,0,251968,3746,81,0,32,560,560,560,0,0,560,45,17,6,0,0,0,0,0,0,0,0,0,0,0,0,0,0,0,0,0,0,0,0,0,0,0,0,0,0,0,0,0,0,0,0,0,0,0,0,0,0,0,0,0,0,0,0,0,0,0,0,0,0,0,0,0,0,0,0,0,0,0,0,0,0,4294967295,4294967295,4294967295,4294967295,35,18,4294967295,4294967295,4294967295,63
802,0,69,69,1,64,64,0,10,0,68,0,267520,267520,3921,3921,0,3847,263673,0,0,0,4180,267520,195,123,2176,0,10,15,0,1048576,0,0,0,inf,2.77127075,3.18823242,2.70167542,1,0,10,69,2,0,1,67,4352,43,4112,4112,0,263168,3804,123,0,0,0,0,0,0,0,0,42,15,7,3,0,1,0,0,0,0,0,0,0,0,0,0,0,0,0,0,0,0,0,0,0,0,0,0,0,0,0,0,0,0,0,0,0,0,0,0,0,0,0,0,0,0,0,0,0,0,0,0,0,0,0,0,0,0,0,0,0,0,0,0,0,4294967295,4294967295,4294967295,4294967295,4294967295,4294967295,4294967295,4294967295,4294967295,4294967295
803,0.100000001,69,69,1,64,64,0,18,0,68,0,268800,268800,3928,3928,0,3845,264955,0,0,0,4200,268800,121,111,1472,16,10,15,0,1048576,0,0,0,inf,1.05641174,1.7837677,1.20422363,1,0,10,69,2,0,0,68,4352,26,4132,4132,0,264448,3819,111,0,0,16,16,16,0,0,16,48,15,4,1,0,0,0,0,0,0,0,0,0,0,0,0,0,0,0,0,0,0,0,0,0,0,0,0,0,0,0,0,0,0,0,0,0,0,0,0,0,0,0,0,0,0,0,0,0,0,0,0,0,0,0,0,0,0,0,0,0,0,0,0,0,4294967295,4294967295,4294967295,4294967295,48,4294967295,4294967295,4294967295,4294967295,4294967295
804,1,67,69,3,64,64,0,0,0,66,0,247936,247936,4443,4443,0,4466,243470,0,0,0,3874,247936,442,373,1376,1023,10,15,0,1048576,0,0,0,inf,inf,1.25535583,1.00453186,1,0,10,67,2,0,1,65,4224,66,3808,3808,0,243712,4400,373,0,427,1023,1023,1023,0,0,1023,28,20,12,3,2,1,0,0,0,0,0,0,0,0,0,0,0,0,0,0,0,0,0,0,0,0,0,0,0,0,0,0,0,0,0,0,0,0,0,0,0,0,0,0,0,0,0,0,0,0,0,0,0,0,0,0,0,0,0,0,0,0,0,0,0,9,7,22,8,11,4,14,7,9,14
805,1,65,69,3,64,64,0,0,0,64,0,198464,198464,6614,6614,0,6775,191689,0,0,0,3101,198464,3165,759,5792,1023,10,15,0,1048576,0,0,0,inf,inf,1.21788025,0.985168457,1,0,10,65,2,0,38,26,4096,454,3037,3037,2,194368,6321,759,2,863,1023,1023,1023,0,0,1023,1,3,5,10,7,6,1,4,4,4,3,3,2,3,4,1,2,0,0,0,0,0,1,0,0,0,0,0,0,0,0,0,0,0,0,0,0,0,0,0,0,0,0,0,0,0,0,0,0,0,0,0,0,0,0,0,0,0,0,0,0,0,0,0,0,1,3,2,1,13,1,1,2,12,5
806,0,69,69,1,64,64,0,11,0,68,0,266624,266624,3931,3931,0,3830,262794,0,0,0,4166,266624,136,126,2112,0,10,15,0,1048576,0,0,0,inf,1.96562195,2.31533813,1.92411804,1,0,10,69,2,0,0,68,4352,27,4098,4098,0,262272,3803,126,0,0,0,0,0,0,0,0,46,17,5,0,0,0,0,0,0,0,0,0,0,0,0,0,0,0,0,0,0,0,0,0,0,0,0,0,0,0,0,0,0,0,0,0,0,0,0,0,0,0,0,0,0,0,0,0,0,0,0,0,0,0,0,0,0,0,0,0,0,0,0,0,0,4294967295,4294967295,4294967295,4294967295,4294967295,4294967295,4294967295,4294967295,4294967295,4294967295
807,1,69,69,1,64,64,0,6,0,68,0,219520,219520,5007,5007,0,4881,214639,0,0,0,3430,219520,2819,489,2464,1023,10,15,0,1048576,0,0,0,inf,1.8447113,2.04019165,0.609054565,1,0,10,69,2,0,37,31,4352,375,3362,3362,0,215168,4506,489,0,1023,1023,1023,1023,0,0,1023,9,9,3,3,7,4,7,4,5,1,6,5,2,1,0,1,0,1,0,0,0,0,0,0,0,0,0,0,0,0,0,0,0,0,0,0,0,0,0,0,0,0,0,0,0,0,0,0,0,0,0,0,0,0,0,0,0,0,0,0,0,0,0,0,0,14,13,13,13,13,13,14,14,13,13
808,0.5,69,69,1,64,64,0,3,0,68,0,263872,263872,3939,3939,0,3804,260068,0,0,0,4123,263872,140,130,2048,121,10,15,0,1048576,0,0,0,inf,1.20283508,1.67782593,1.32040405,1,0,10,69,2,0,0,68,4352,32,4055,4055,0,259520,3772,130,0,104,121,121,121,0,0,121,44,20,1,2,1,0,0,0,0,0,0,0,0,0,0,0,0,0,0,0,0,0,0,0,0,0,0,0,0,0,0,0,0,0,0,0,0,0,0,0,0,0,0,0,0,0,0,0,0,0,0,0,0,0,0,0,0,0,0,0,0,0,0,0,0,13,4294967295,4294967295,19,21,13,20,4294967295,4294967295,4294967295
809,0,69,69,1,64,64,0,3,0,68,0,265152,265152,4032,4032,0,3955,261197,0,0,0,4143,265152,169,159,1568,0,10,15,0,1048576,0,0,0,inf,1.76330566,1.81512451,1.42822266,1,0,10,69,2,0,0,68,4352,41,4075,4075,0,260800,3914,159,0,0,0,0,0,0,0,0,40,18,7,3,0,0,0,0,0,0,0,0,0,0,0,0,0,0,0,0,0,0,0,0,0,0,0,0,0,0,0,0,0,0,0,0,0,0,0,0,0,0,0,0,0,0,0,0,0,0,0,0,0,0,0,0,0,0,0,0,0,0,0,0,0,4294967295,4294967295,4294967295,4294967295,4294967295,4294967295,4294967295,4294967295,4294967295,4294967295
810,0.899999976,68,69,3,64,64,0,0,0,67,0,259392,259392,3993,3993,0,3885,255507,0,0,0,4053,259392,163,153,1632,1007,10,15,0,1048576,0,0,0,inf,inf,1.50198364,0.977005005,1,0,10,68,2,0,0,67,4288,41,3986,3986,0,255104,3844,153,0,197,1007,1007,1007,0,0,1007,43,14,5,3,2,0,0,0,0,0,0,0,0,0,0,0,0,0,0,0,0,0,0,0,0,0,0,0,0,0,0,0,0,0,0,0,0,0,0,0,0,0,0,0,0,0,0,0,0,0,0,0,0,0,0,0,0,0,0,0,0,0,0,0,0,22,15,5,14,4294967295,10,11,11,9,24
811,0.899999976,69,69,1,64,64,0,16,0,68,0,240128,240128,5126,5126,0,4806,235322,0,0,0,3752,240128,1184,160,2080,991,10,15,0,1048576,0,0,0,inf,1.37359619,1.43357849,1.0531311,1,0,10,69,2,0,16,52,4352,188,3684,3684,0,235776,4618,160,0,927,991,991,991,0,0,991,23,10,8,7,4,2,3,5,3,0,0,1,1,0,0,1,0,0,0,0,0,0,0,0,0,0,0,0,0,0,0,0,0,0,0,0,0,0,0,0,0,0,0,0,0,0,0,0,0,0,0,0,0,0,0,0,0,0,0,0,0,0,0,0,0,24,21,21,23,24,4294967295,35,34,35,25
812,0,69,69,1,64,64,0,7,0,68,0,259072,259072,4295,4295,0,4175,254897,0,0,0,4048,259072,209,199,1664,0,10,15,0,1048576,0,0,0,inf,2.25714111,2.78573608,2.06600952,1,0,10,69,2,0,0,68,4352,53,3980,3980,0,254720,4122,199,0,0,0,0,0,0,0,0,34,17,15,2,0,0,0,0,0,0,0,0,0,0,0,0,0,0,0,0,0,0,0,0,0,0,0,0,0,0,0,0,0,0,0,0,0,0,0,0,0,0,0,0,0,0,0,0,0,0,0,0,0,0,0,0,0,0,0,0,0,0,0,0,0,4294967295,4294967295,4294967295,4294967295,4294967295,4294967295,4294967295,4294967295,4294967295,4294967295
813,0.899999976,66,69,3,64,64,0,0,0,65,0,239296,239296,4834,4834,0,5295,234001,0,0,0,3739,239296,2083,667,2496,1019,10,15,0,1048576,0,0,0,inf,inf,1.90930176,1.58343506,1,0,10,66,2,0,23,42,4160,280,3674,3674,0,235136,5015,667,0,347,1019,1019,1019,0,0,1019,14,7,13,6,2,4,0,4,3,3,2,2,1,0,0,0,3,0,0,0,1,0,0,0,0,0,0,0,0,0,0,0,0,0,0,0,0,0,0,0,0,0,0,0,0,0,0,0,0,0,0,0,0,0,0,0,0,0,0,0,0,0,0,0,0,12,11,4294967295,8,12,24,7,51,13,8
814,0,67,69,3,64,64,0,0,0,66,0,256256,256256,3857,3857,0,3735,252521,0,0,0,4004,256256,139,129,1440,0,10,15,0,1048576,0,0,0,inf,inf,2.11303711,1.63876343,1,0,10,67,2,0,0,66,4224,35,3938,3938,0,252032,3700,129,0,0,0,0,0,0,0,0,38,22,5,1,0,0,0,0,0,0,0,0,0,0,0,0,0,0,0,0,0,0,0,0,0,0,0,0,0,0,0,0,0,0,0,0,0,0,0,0,0,0,0,0,0,0,0,0,0,0,0,0,0,0,0,0,0,0,0,0,0,0,0,0,0,4294967295,4294967295,4294967295,4294967295,4294967295,4294967295,4294967295,4294967295,4294967295,4294967295
815,0.600000024,66,69,3,64,64,0,0,0,65,0,234112,234112,5439,5439,0,5812,228300,0,0,0,3658,234112,1883,685,1888,922,10,15,0,1048576,0,0,0,inf,inf,1.80075073,1.60566711,1,0,10,66,2,0,19,46,4160,215,3593,3593,8,229952,5597,685,17,912,922,922,922,0,0,922,14,16,11,3,2,1,5,4,1,3,0,2,1,0,2,0,0,0,0,0,0,0,0,0,0,0,0,0,0,0,0,0,0,0,0,0,0,0,0,0,0,0,0,0,0,0,0,0,0,0,0,0,0,0,0,0,0,0,0,0,0,0,0,0,0,4294967295,11,4294967295,2,4,4294967295,4294967295,2,7,2
816,1,66,69,3,64,64,0,0,0,65,0,199360,199360,6187,6187,0,5828,193532,0,0,0,3115,199360,2897,363,1152,1023,10,15,0,1048576,0,0,0,inf,inf,1.31329346,1.0723114,1,0,10,66,2,0,40,25,4160,378,3050,3050,1,195200,5450,363,6,1021,1023,1023,1023,0,0,1023,3,4,5,10,3,6,11,3,6,1,6,3,2,0,0,1,1,0,0,0,0,0,0,0,0,0,0,0,0,0,0,0,0,0,0,0,0,0,0,0,0,0,0,0,0,0,0,0,0,0,0,0,0,0,0,0,0,0,0,0,0,0,0,0,0,2,3,3,3,3,3,6,5,2,7
817,0.300000012,69,69,1,64,64,0,1,0,68,0,262272,262272,4168,4168,0,4025,258247,0,0,0,4098,262272,149,139,1440,19,10,15,0,1048576,0,0,0,inf,1.64437866,1.64437866,1.37918091,1,0,10,69,2,0,0,68,4352,40,4030,4030,0,257920,3985,139,0,16,19,19,19,0,0,19,40,17,10,1,0,0,0,0,0,0,0,0,0,0,0,0,0,0,0,0,0,0,0,0,0,0,0,0,0,0,0,0,0,0,0,0,0,0,0,0,0,0,0,0,0,0,0,0,0,0,0,0,0,0,0,0,0,0,0,0,0,0,0,0,0,13,15,4294967295,4294967295,11,4294967295,4294967295,4294967295,4294967295,4294967295
818,0.800000012,69,69,1,64,64,0,4,0,68,0,271040,271040,3760,3760,0,3702,267338,0,0,0,4235,271040,129,119,960,983,10,15,0,1048576,0,0,0,inf,1.8631897,1.95172119,1.40779114,1,0,10,69,2,0,0,68,4352,8,4167,4167,0,266688,3694,119,0,2,983,983,983,0,0,983,60,8,0,0,0,0,0,0,0,0,0,0,0,0,0,0,0,0,0,0,0,0,0,0,0,0,0,0,0,0,0,0,0,0,0,0,0,0,0,0,0,0,0,0,0,0,0,0,0,0,0,0,0,0,0,0,0,0,0,0,0,0,0,0,0,56,46,8,4294967295,48,4294967295,51,8,9,47
819,0,69,69,1,64,64,0,5,0,68,0,263936,263936,4081,4081,0,3977,259959,0,0,0,4124,263936,215,141,3424,0,10,15,0,1048576,0,0,0,inf,2.0932312,2.12483215,1.80070496,1,0,10,69,2,0,1,67,4352,51,4056,4056,0,259584,3926,141,0,0,0,0,0,0,0,0,41,14,6,4,2,1,0,0,0,0,0,0,0,0,0,0,0,0,0,0,0,0,0,0,0,0,0,0,0,0,0,0,0,0,0,0,0,0,0,0,0,0,0,0,0,0,0,0,0,0,0,0,0,0,0,0,0,0,0,0,0,0,0,0,0,4294967295,4294967295,4294967295,4294967295,4294967295,4294967295,4294967295,4294967295,4294967295,4294967295
820,0.899999976,67,69,3,64,64,0,0,0,66,0,242176,242176,4575,4575,0,4488,237688,0,0,0,3784,242176,723,338,1024,991,10,15,0,1048576,0,0,0,inf,inf,2.28788757,1.88024902,1,0,10,67,2,0,6,60,4224,81,3718,3718,0,237952,4407,338,0,10,991,991,991,0,0,991,36,15,7,1,1,0,2,2,1,0,0,1,0,0,0,0,0,0,0,0,0,0,0,0,0,0,0,0,0,0,0,0,0,0,0,0,0,0,0,0,0,0,0,0,0,0,0,0,0,0,0,0,0,0,0,0,0,0,0,0,0,0,0,0,0,3,14,26,28,27,4294967295,4,14,9,15
821,0.300000012,69,69,1,64,64,0,2,0,68,0,261056,261056,4166,4166,0,4038,257018,0,0,0,4079,261056,534,148,1248,69,10,15,0,1048576,0,0,0,inf,2.1224823,2.17019653,1.61700439,1,0,10,69,2,0,6,62,4352,65,4011,4011,0,256704,3973,148,0,68,69,69,69,0,0,69,39,19,3,1,0,3,1,0,2,0,0,0,0,0,0,0,0,0,0,0,0,0,0,0,0,0,0,0,0,0,0,0,0,0,0,0,0,0,0,0,0,0,0,0,0,0,0,0,0,0,0,0,0,0,0,0,0,0,0,0,0,0,0,0,0,22,4294967295,12,4294967295,4294967295,4294967295,12,4294967295,4294967295,4294967295
822,0.400000006,69,69,1,64,64,0,10,0,68,0,267904,267904,3952,3952,0,3959,263945,0,0,0,4186,267904,232,222,1760,424,10,15,0,1048576,0,0,0,inf,1.36048889,1.37992859,1.17855835,1,0,10,69,2,0,0,68,4352,19,4118,4118,0,263552,3940,222,0,32,424,424,424,0,0,424,50,17,1,0,0,0,0,0,0,0,0,0,0,0,0,0,0,0,0,0,0,0,0,0,0,0,0,0,0,0,0,0,0,0,0,0,0,0,0,0,0,0,0,0,0,0,0,0,0,0,0,0,0,0,0,0,0,0,0,0,0,0,0,0,0,4294967295,4294967295,4294967295,33,4294967295,34,4294967295,24,27,4294967295
823,0.899999976,65,69,3,64,64,0,0,0,64,0,240128,240128,4109,4109,0,3866,236262,0,0,0,3752,240128,358,92,1472,1021,10,15,0,1048576,0,0,0,inf,inf,1.47782898,1.17094421,1,0,10,65,2,0,4,60,4096,73,3688,3688,0,236032,3793,92,0,316,1021,1021,1021,0,0,1021,38,11,3,3,5,2,0,1,0,0,1,0,0,0,0,0,0,0,0,0,0,0,0,0,0,0,0,0,0,0,0,0,0,0,0,0,0,0,0,0,0,0,0,0,0,0,0,0,0,0,0,0,0,0,0,0,0,0,0,0,0,0,0,0,0,5,4294967295,59,58,24,23,10,1,3,22
824,0.300000012,69,69,1,64,64,0,7,0,68,0,261824,261824,4130,4130,0,4000,257824,0,0,0,4091,261824,275,145,3136,517,10,15,0,1048576,0,0,0,inf,1.99456787,2.11154175,1.4533844,1,0,10,69,2,0,2,66,4352,54,4023,4023,0,257472,3946,145,0,0,517,517,517,0,0,517,34,24,6,2,0,1,0,1,0,0,0,0,0,0,0,0,0,0,0,0,0,0,0,0,0,0,0,0,0,0,0,0,0,0,0,0,0,0,0,0,0,0,0,0,0,0,0,0,0,0,0,0,0,0,0,0,0,0,0,0,0,0,0,0,0,34,4294967295,12,4294967295,4294967295,4294967295,4294967295,4294967295,4294967295,12
825,1,66,69,3,64,64,0,0,0,65,0,197568,197568,6375,6375,0,6609,190959,0,0,0,3087,197568,4215,781,2944,1023,10,15,0,1048576,0,0,0,inf,inf,1.4692688,1.25190735,1,0,10,66,2,0,55,10,4160,586,3022,3022,2,193408,6023,781,1,1023,1023,1023,1023,0,0,1023,1,1,2,3,3,4,6,6,6,6,6,5,2,3,2,4,2,0,1,0,1,0,0,0,1,0,0,0,0,0,0,0,0,0,0,0,0,0,0,0,0,0,0,0,0,0,0,0,0,0,0,0,0,0,0,0,0,0,0,0,0,0,0,0,0,2,3,2,3,1,3,4,1,1,2
826,0.300000012,69,69,1,64,64,0,1,0,68,0,267520,267520,3986,3986,0,3972,263548,0,0,0,4180,267520,207,197,2720,524,10,15,0,1048576,0,0,0,inf,1.68545532,1.94552612,1.50984192,1,0,10,69,2,0,0,68,4352,29,4112,4112,0,263168,3943,197,0,0,524,524,524,0,0,524,46,15,7,0,0,0,0,0,0,0,0,0,0,0,0,0,0,0,0,0,0,0,0,0,0,0,0,0,0,0,0,0,0,0,0,0,0,0,0,0,0,0,0,0,0,0,0,0,0,0,0,0,0,0,0,0,0,0,0,0,0,0,0,0,0,4294967295,4294967295,13,20,4294967295,4294967295,4294967295,4294967295,4294967295,14
827,0.899999976,66,69,3,64,64,0,0,0,65,0,253760,253760,3850,3850,0,3786,249974,0,0,0,3965,253760,228,155,1888,1007,10,15,0,1048576,0,0,0,inf,inf,1.47410583,1.11845398,1,0,10,66,2,0,1,64,4160,41,3900,3900,0,249600,3745,155,0,840,1007,1007,1007,0,0,1007,34,24,6,0,0,1,0,0,0,0,0,0,0,0,0,0,0,0,0,0,0,0,0,0,0,0,0,0,0,0,0,0,0,0,0,0,0,0,0,0,0,0,0,0,0,0,0,0,0,0,0,0,0,0,0,0,0,0,0,0,0,0,0,0,0,15,12,5,23,4294967295,49,37,8,31,10
828,0,66,69,3,64,64,0,0,0,65,0,256832,256832,3773,3773,0,3721,253111,0,0,0,4013,256832,120,110,5120,0,10,15,0,1048576,0,0,0,inf,inf,2.81347656,2.44282532,1,0,10,66,2,0,0,65,4160,50,3948,3948,0,252672,3671,110,0,0,0,0,0,0,0,0,39,12,6,6,2,0,0,0,0,0,0,0,0,0,0,0,0,0,0,0,0,0,0,0,0,0,0,0,0,0,0,0,0,0,0,0,0,0,0,0,0,0,0,0,0,0,0,0,0,0,0,0,0,0,0,0,0,0,0,0,0,0,0,0,0,4294967295,4294967295,4294967295,4294967295,4294967295,4294967295,4294967295,4294967295,4294967295,4294967295
829,0.400000006,69,69,2,64,64,0,0,0,68,0,266048,266048,3914,3914,0,3875,262173,0,0,0,4157,266048,251,180,1472,708,10,15,0,1048576,0,0,0,inf,inf,2.05877686,1.67408752,1,0,10,69,2,0,1,67,4352,44,4089,4089,0,261696,3831,180,0,576,708,708,708,0,0,708,38,24,1,4,0,0,1,0,0,0,0,0,0,0,0,0,0,0,0,0,0,0,0,0,0,0,0,0,0,0,0,0,0,0,0,0,0,0,0,0,0,0,0,0,0,0,0,0,0,0,0,0,0,0,0,0,0,0,0,0,0,0,0,0,0,4294967295,4294967295,18,4294967295,4294967295,4294967295,17,43,4294967295,18
830,1,66,69,3,64,64,0,0,0,65,0,209664,209664,6597,6597,0,6498,203166,0,0,0,3276,209664,2155,556,1056,1023,10,15,0,1048576,0,0,0,inf,inf,0.971374512,0.822418213,1,0,10,66,2,0,25,40,4160,294,3211,3211,0,205504,6204,556,0,231,1023,1023,1023,0,0,1023,7,8,12,7,6,2,6,3,6,1,1,0,2,1,1,1,0,1,0,0,0,0,0,0,0,0,0,0,0,0,0,0,0,0,0,0,0,0,0,0,0,0,0,0,0,0,0,0,0,0,0,0,0,0,0,0,0,0,0,0,0,0,0,0,0,2,2,2,4,7,3,3,2,2,8
831,1,65,69,3,64,64,0,0,0,64,0,164736,164736,8530,8530,0,7967,156769,0,0,0,2574,164736,2265,528,1344,1023,10,15,0,1048576,0,0,0,inf,inf,1.3283844,1.07725525,1,0,10,65,2,0,27,37,4096,297,2510,2510,44,160640,7670,528,55,1023,1023,1023,1023,54,0,1023,3,5,7,12,10,9,6,1,3,1,3,1,1,1,0,1,0,0,0,0,0,0,0,0,0,0,0,0,0,0,0,0,0,0,0,0,0,0,0,0,0,0,0,0,0,0,0,0,0,0,0,0,0,0,0,0,0,0,0,0,0,0,0,0,0,1,2,3,1,2,3,1,1,2,1
832,1,66,69,3,64,64,0,0,0,65,0,201152,201152,6642,6642,0,6526,194626,0,0,0,3143,201152,3421,553,3296,1023,10,15,0,1048576,0,0,0,inf,inf,1.23880005,1.00971985,1,0,10,66,2,0,45,20,4160,413,3078,3078,0,196992,6113,553,0,1023,1023,1023,1023,0,0,1023,2,1,4,8,5,11,7,6,7,2,2,4,0,4,1,0,0,1,0,0,0,0,0,0,0,0,0,0,0,0,0,0,0,0,0,0,0,0,0,0,0,0,0,0,0,0,0,0,0,0,0,0,0,0,0,0,0,0,0,0,0,0,0,0,0,2,3,1,2,6,6,3,1,4,3
833,1,66,69,3,64,64,0,0,0,65,0,179328,179328,5187,5187,0,4653,174675,0,0,0,2802,179328,3451,274,1472,1023,10,15,0,1048576,0,0,0,inf,inf,1.0995636,0.758422852,1,0,10,66,2,0,50,15,4160,615,2737,2737,0,175168,4038,274,0,1023,1023,1023,1023,0,0,1023,4,1,5,3,2,5,2,4,3,5,3,6,3,2,2,2,4,2,2,2,0,1,2,0,0,0,0,0,0,0,0,0,0,0,0,0,0,0,0,0,0,0,0,0,0,0,0,0,0,0,0,0,0,0,0,0,0,0,0,0,0,0,0,0,0,3,2,1,3,3,2,4,1,2,2
834,1,66,69,3,64,64,0,0,0,65,0,49792,49792,5024,5024,0,8102,41690,0,0,0,778,49792,2387,1239,3584,1023,10,15,0,1048576,0,0,0,inf,inf,0.739562988,0.591369629,1,0,10,66,2,46,19,0,4160,1894,713,713,227,45632,6208,1239,974,1023,1023,1023,1023,8,0,1023,0,0,0,0,0,0,0,0,0,0,0,0,0,1,0,0,1,0,2,2,1,1,2,2,3,4,2,4,8,6,0,5,1,2,3,1,3,2,3,2,1,1,1,1,0,0,0,0,0,0,0,0,0,0,0,0,0,0,0,0,0,0,0,0,0,2,3,3,6,2,5,2,3,2,2
835,1,69,69,1,64,64,0,9,0,68,0,263552,263552,4133,4133,0,4039,259513,0,0,0,4118,263552,183,173,1088,1023,10,15,0,1048576,0,0,0,inf,1.52470398,1.67697144,1.25569153,1,0,10,69,2,0,0,68,4352,35,4050,4050,0,259200,4004,173,0,897,1023,1023,1023,0,0,1023,40,22,5,1,0,0,0,0,0,0,0,0,0,0,0,0,0,0,0,0,0,0,0,0,0,0,0,0,0,0,0,0,0,0,0,0,0,0,0,0,0,0,0,0,0,0,0,0,0,0,0,0,0,0,0,0,0,0,0,0,0,0,0,0,0,56,20,34,65,36,28,22,38,37,14
836,1,67,69,3,64,64,0,0,0,66,0,210304,210304,5819,5819,0,5469,204835,0,0,0,3286,210304,2209,356,1024,1023,10,15,0,1048576,0,0,0,inf,inf,0.8540802,0.640609741,1,0,10,67,2,0,29,37,4224,298,3220,3220,0,206080,5171,356,0,1023,1023,1023,1023,0,0,1023,5,3,9,11,9,7,9,4,2,3,0,0,4,0,0,0,0,0,0,0,0,0,0,0,0,0,0,0,0,0,0,0,0,0,0,0,0,0,0,0,0,0,0,0,0,0,0,0,0,0,0,0,0,0,0,0,0,0,0,0,0,0,0,0,0,4,4,3,4,3,4,9,9,3,3
837,0,69,69,1,64,64,0,5,0,68,0,259584,259584,3989,3989,0,3854,255730,0,0,0,4056,259584,775,131,1984,0,10,15,0,1048576,0,0,0,inf,2.49880981,2.57469177,2.07058716,1,0,10,69,2,0,10,58,4352,98,3988,3988,0,255232,3756,131,0,0,0,0,0,0,0,0,40,10,5,2,1,3,2,1,2,2,0,0,0,0,0,0,0,0,0,0,0,0,0,0,0,0,0,0,0,0,0,0,0,0,0,0,0,0,0,0,0,0,0,0,0,0,0,0,0,0,0,0,0,0,0,0,0,0,0,0,0,0,0,0,0,4294967295,4294967295,4294967295,4294967295,4294967295,4294967295,4294967295,4294967295,4294967295,4294967295
838,1,66,69,3,64,64,0,0,0,65,0,193088,193088,8802,8802,0,9391,183697,0,0,0,3017,193088,2516,1367,2208,1023,10,15,0,1048576,0,0,0,inf,inf,0.713623047,0.560638428,1,0,10,66,2,0,18,47,4160,303,2952,2952,44,188928,9088,1367,52,941,1023,1023,1023,0,0,1023,7,12,13,12,3,2,2,1,0,0,0,5,3,0,0,0,2,0,0,1,0,1,0,0,0,1,0,0,0,0,0,0,0,0,0,0,0,0,0,0,0,0,0,0,0,0,0,0,0,0,0,0,0,0,0,0,0,0,0,0,0,0,0,0,0,2,2,2,2,1,2,2,2,6,6
839,0,69,69,1,64,64,0,3,0,68,0,271616,271616,3876,3876,0,3881,267735,0,0,0,4244,271616,264,130,1152,0,10,15,0,1048576,0,0,0,inf,1.89562988,1.90818787,1.52381897,1,0,10,69,2,0,2,66,4352,51,4176,4176,0,267264,3830,130,0,0,0,0,0,0,0,0,43,13,7,0,3,1,0,1,0,0,0,0,0,0,0,0,0,0,0,0,0,0,0,0,0,0,0,0,0,0,0,0,0,0,0,0,0,0,0,0,0,0,0,0,0,0,0,0,0,0,0,0,0,0,0,0,0,0,0,0,0,0,0,0,0,4294967295,4294967295,4294967295,4294967295,4294967295,4294967295,4294967295,4294967295,4294967295,4294967295
840,0,65,69,3,64,64,0,0,0,64,0,235968,235968,4002,4002,0,3779,232189,0,0,0,3687,235968,996,107,2528,0,10,15,0,1048576,0,0,0,inf,inf,2.00819397,1.60733032,1,0,10,65,2,0,14,50,4096,143,3623,3623,0,231872,3636,107,0,0,0,0,0,0,0,0,29,9,6,2,4,3,3,1,4,2,1,0,0,0,0,0,0,0,0,0,0,0,0,0,0,0,0,0,0,0,0,0,0,0,0,0,0,0,0,0,0,0,0,0,0,0,0,0,0,0,0,0,0,0,0,0,0,0,0,0,0,0,0,0,0,4294967295,4294967295,4294967295,4294967295,4294967295,4294967295,4294967295,4294967295,4294967295,4294967295
841,0.300000012,67,69,3,64,64,0,0,0,66,0,267136,267136,3792,3792,0,3826,263310,0,0,0,4174,267136,146,136,1920,292,10,15,0,1048576,0,0,0,inf,inf,1.96507263,1.65357971,1,0,10,67,2,0,0,66,4224,14,4108,4108,0,262912,3812,136,0,256,292,292,292,0,0,292,55,8,3,0,0,0,0,0,0,0,0,0,0,0,0,0,0,0,0,0,0,0,0,0,0,0,0,0,0,0,0,0,0,0,0,0,0,0,0,0,0,0,0,0,0,0,0,0,0,0,0,0,0,0,0,0,0,0,0,0,0,0,0,0,0,4294967295,4294967295,46,4294967295,4294967295,2,4294967295,4294967295,3,4294967295
842,0,65,69,3,64,64,0,0,0,64,0,248512,248512,3612,3612,0,3482,245030,0,0,0,3883,248512,225,89,2144,0,10,15,0,1048576,0,0,0,inf,inf,2.60203552,2.16439819,1,0,10,65,2,0,2,62,4096,58,3819,3819,0,244416,3424,89,0,0,0,0,0,0,0,0,31,19,8,4,0,1,1,0,0,0,0,0,0,0,0,0,0,0,0,0,0,0,0,0,0,0,0,0,0,0,0,0,0,0,0,0,0,0,0,0,0,0,0,0,0,0,0,0,0,0,0,0,0,0,0,0,0,0,0,0,0,0,0,0,0,4294967295,4294967295,4294967295,4294967295,4294967295,4294967295,4294967295,4294967295,4294967295,4294967295
843,0.100000001,67,69,3,64,64,0,0,0,66,0,256896,256896,3798,3798,0,3642,253254,0,0,0,4014,256896,87,77,2176,128,10,15,0,1048576,0,0,0,inf,inf,2.14573669,1.55128479,1,0,10,67,2,0,0,66,4224,43,3948,3948,0,252672,3599,77,0,128,128,128,128,0,0,128,40,15,6,4,1,0,0,0,0,0,0,0,0,0,0,0,0,0,0,0,0,0,0,0,0,0,0,0,0,0,0,0,0,0,0,0,0,0,0,0,0,0,0,0,0,0,0,0,0,0,0,0,0,0,0,0,0,0,0,0,0,0,0,0,0,4294967295,4294967295,4294967295,4294967295,4294967295,4294967295,4294967295,8,4294967295,4294967295
844,0,69,69,1,64,64,0,1,0,68,0,264384,264384,3933,3933,0,3761,260623,0,0,0,4131,264384,91,81,1344,0,10,15,0,1048576,0,0,0,inf,2.63143921,2.8939209,2.42373657,1,0,10,69,2,0,0,68,4352,36,4063,4063,0,260032,3725,81,0,0,0,0,0,0,0,0,45,15,4,3,1,0,0,0,0,0,0,0,0,0,0,0,0,0,0,0,0,0,0,0,0,0,0,0,0,0,0,0,0,0,0,0,0,0,0,0,0,0,0,0,0,0,0,0,0,0,0,0,0,0,0,0,0,0,0,0,0,0,0,0,0,4294967295,4294967295,4294967295,4294967295,4294967295,4294967295,4294967295,4294967295,4294967295,4294967295
845,0.600000024,69,69,2,64,64,0,0,0,68,0,259968,259968,4066,4066,0,3906,256062,0,0,0,4062,259968,179,169,1024,250,10,15,0,1048576,0,0,0,inf,inf,2.15460205,1.82130432,1,0,10,69,2,0,0,68,4352,29,3994,3994,0,255616,3877,169,0,58,250,250,250,0,0,250,46,15,7,0,0,0,0,0,0,0,0,0,0,0,0,0,0,0,0,0,0,0,0,0,0,0,0,0,0,0,0,0,0,0,0,0,0,0,0,0,0,0,0,0,0,0,0,0,0,0,0,0,0,0,0,0,0,0,0,0,0,0,0,0,0,4294967295,18,4294967295,19,17,17,25,40,4294967295,4294967295
846,1,66,69,3,64,64,0,0,0,65,0,131328,131328,11661,11661,0,13459,117869,0,0,0,2052,131328,4363,1464,704,1023,10,15,0,1048576,0,0,0,inf,inf,0.466094971,0.350387573,1,0,10,66,2,8,46,11,4160,839,1987,1987,179,127168,12620,1464,720,1023,1023,1023,1023,580,0,1023,0,2,4,1,4,4,6,1,2,2,3,4,4,1,4,2,3,1,2,1,1,1,0,1,2,1,1,2,1,0,2,0,0,1,1,0,0,0,0,0,0,0,0,0,0,0,0,0,0,0,0,0,0,0,0,0,0,0,0,0,0,0,0,0,0,2,3,3,2,2,2,4,2,3,3
847,0.100000001,69,69,1,64,64,0,7,0,68,0,253056,253056,4099,4099,0,3844,249212,0,0,0,3954,253056,231,161,2080,128,10,15,0,1048576,0,0,0,inf,1.98583984,2.04057312,1.69306946,1,0,10,69,2,0,1,67,4352,50,3886,3886,0,248704,3794,161,0,0,128,128,128,0,0,128,39,16,8,3,1,1,0,0,0,0,0,0,0,0,0,0,0,0,0,0,0,0,0,0,0,0,0,0,0,0,0,0,0,0,0,0,0,0,0,0,0,0,0,0,0,0,0,0,0,0,0,0,0,0,0,0,0,0,0,0,0,0,0,0,0,4294967295,4294967295,4294967295,4294967295,4294967295,4294967295,4294967295,33,4294967295,4294967295
848,0,67,69,3,64,64,0,0,0,66,0,249088,249088,4006,4006,0,3781,245307,0,0,0,3892,249088,302,100,1344,0,10,15,0,1048576,0,0,0,inf,inf,2.70179749,2.34822083,1,0,10,67,2,0,3,63,4224,73,3826,3826,0,244864,3708,100,0,0,0,0,0,0,0,0,29,18,11,2,3,3,0,0,0,0,0,0,0,0,0,0,0,0,0,0,0,0,0,0,0,0,0,0,0,0,0,0,0,0,0,0,0,0,0,0,0,0,0,0,0,0,0,0,0,0,0,0,0,0,0,0,0,0,0,0,0,0,0,0,0,4294967295,4294967295,4294967295,4294967295,4294967295,4294967295,4294967295,4294967295,4294967295,4294967295
849,1,68,69,3,64,64,0,0,0,67,0,76288,76288,4297,4297,0,4190,72098,0,0,0,1192,76288,1928,194,2944,1023,10,15,0,1048576,0,0,0,inf,inf,0.123382568,0.0546417236,1,0,10,68,2,37,27,3,4288,1698,1125,1125,0,72000,2492,194,0,1023,1023,1023,1023,0,0,1023,1,0,1,1,0,0,0,1,0,1,0,1,3,1,1,0,4,1,0,0,1,2,4,1,5,1,1,3,1,1,2,4,3,7,7,5,2,0,0,0,0,0,0,0,1,0,0,0,0,0,0,0,0,0,0,0,0,0,0,0,0,0,0,0,0,5,5,4,6,6,15,5,7,4,6
850,0,69,69,2,64,64,0,0,0,68,0,226176,226176,6136,6136,0,6703,219473,0,0,0,3534,226176,2771,829,800,0,10,15,0,1048576,0,0,0,inf,inf,2.09822083,1.96481323,1,0,10,69,2,0,31,37,4352,401,3466,3466,51,221824,6302,829,85,0,0,0,0,0,0,0,10,15,8,2,2,1,0,3,4,5,3,1,4,3,0,0,2,2,0,2,0,1,0,0,0,0,0,0,0,0,0,0,0,0,0,0,0,0,0,0,0,0,0,0,0,0,0,0,0,0,0,0,0,0,0,0,0,0,0,0,0,0,0,0,0,4294967295,4294967295,4294967295,4294967295,4294967295,4294967295,4294967295,4294967295,4294967295,4294967295
851,1,66,69,3,64,64,0,0,0,65,0,238720,238720,4484,4484,0,4328,234392,0,0,0,3730,238720,450,255,608,1023,10,15,0,1048576,0,0,0,inf,inf,1.36505127,1.12031555,1,0,10,66,2,0,3,62,4160,84,3665,3665,0,234560,4244,255,0,535,1023,1023,1023,0,0,1023,30,14,7,6,5,2,0,0,1,0,0,0,0,0,0,0,0,0,0,0,0,0,0,0,0,0,0,0,0,0,0,0,0,0,0,0,0,0,0,0,0,0,0,0,0,0,0,0,0,0,0,0,0,0,0,0,0,0,0,0,0,0,0,0,0,12,3,13,4,4,6,4,6,6,13
852,0.899999976,69,69,1,64,64,0,1,0,68,0,223488,223488,5188,5188,0,4880,218608,0,0,0,3492,223488,2123,334,1984,895,10,15,0,1048576,0,0,0,inf,1.47673035,1.73754883,1.37695312,1,0,10,69,2,0,28,40,4352,286,3424,3424,0,219136,4594,334,0,861,895,895,895,0,0,895,8,8,5,10,9,8,7,4,1,3,2,1,1,0,1,0,0,0,0,0,0,0,0,0,0,0,0,0,0,0,0,0,0,0,0,0,0,0,0,0,0,0,0,0,0,0,0,0,0,0,0,0,0,0,0,0,0,0,0,0,0,0,0,0,0,13,10,12,12,12,13,9,4294967295,9,9
853,0.699999988,67,69,3,64,64,0,0,0,66,0,249088,249088,3881,3881,0,3610,245478,0,0,0,3892,249088,95,85,640,799,10,15,0,1048576,0,0,0,inf,inf,1.6776123,1.20269775,1,0,10,67,2,0,0,66,4224,42,3826,3826,0,244864,3568,85,0,15,799,799,799,0,0,799,43,11,6,5,1,0,0,0,0,0,0,0,0,0,0,0,0,0,0,0,0,0,0,0,0,0,0,0,0,0,0,0,0,0,0,0,0,0,0,0,0,0,0,0,0,0,0,0,0,0,0,0,0,0,0,0,0,0,0,0,0,0,0,0,0,2,3,3,3,4,4294967295,4294967295,4294967295,9,45
854,0.899999976,69,69,1,64,64,0,1,0,68,0,268736,268736,4034,4034,0,4059,264677,0,0,0,4199,268736,443,183,1216,1007,10,15,0,1048576,0,0,0,inf,1.87553406,1.87553406,1.48698425,1,0,10,69,2,0,4,64,4352,63,4131,4131,0,264384,3996,183,0,801,1007,1007,1007,0,0,1007,46,8,4,1,5,2,0,2,0,0,0,0,0,0,0,0,0,0,0,0,0,0,0,0,0,0,0,0,0,0,0,0,0,0,0,0,0,0,0,0,0,0,0,0,0,0,0,0,0,0,0,0,0,0,0,0,0,0,0,0,0,0,0,0,0,34,33,24,24,4294967295,35,14,15,17,15
855,0.5,69,69,1,64,64,0,5,0,68,0,236352,236352,5433,5433,0,5297,231055,0,0,0,3693,236352,1023,200,2400,227,10,15,0,1048576,0,0,0,inf,2.06944275,2.21487427,1.24555969,1,0,10,69,2,1,13,54,4352,253,3625,3625,26,232000,5044,200,24,192,227,227,227,0,0,227,35,9,7,2,1,1,2,0,0,0,0,1,1,1,1,0,0,0,0,1,2,1,1,0,0,1,1,0,0,0,0,0,0,0,0,0,0,0,0,0,0,0,0,0,0,0,0,0,0,0,0,0,0,0,0,0,0,0,0,0,0,0,0,0,0,50,49,4294967295,4294967295,4294967295,43,41,41,4294967295,4294967295
856,1,67,69,3,64,64,0,0,0,66,0,169216,169216,7874,7874,0,7558,161658,0,0,0,2644,169216,4092,590,1696,1023,10,15,0,1048576,0,0,0,inf,inf,0.849578857,0.649353027,1,0,10,67,2,0,55,11,4224,688,2578,2578,10,164992,6870,590,10,1023,1023,1023,1023,0,0,1023,5,1,1,2,2,3,3,3,5,7,4,4,1,6,2,3,2,4,0,2,2,2,0,1,1,0,0,0,0,0,0,0,0,0,0,0,0,0,0,0,0,0,0,0,0,0,0,0,0,0,0,0,0,0,0,0,0,0,0,0,0,0,0,0,0,4,5,5,5,4,4,6,4,5,4
857,0.899999976,69,69,2,64,64,0,0,0,68,0,253888,253888,4563,4563,0,4621,249267,0,0,0,3967,253888,952,378,480,895,10,15,0,1048576,0,0,0,inf,inf,1.51753235,1.28112793,1,0,10,69,2,0,9,59,4352,133,3899,3899,0,249536,4488,378,0,568,895,895,895,0,0,895,29,14,5,2,9,1,2,2,2,1,0,1,0,0,0,0,0,0,0,0,0,0,0,0,0,0,0,0,0,0,0,0,0,0,0,0,0,0,0,0,0,0,0,0,0,0,0,0,0,0,0,0,0,0,0,0,0,0,0,0,0,0,0,0,0,4,11,57,8,56,10,5,4294967295,58,11
858,0.699999988,69,69,1,64,64,0,9,0,68,0,264064,264064,4212,4212,0,4194,259870,0,0,0,4126,264064,262,252,896,877,10,15,0,1048576,0,0,0,inf,1.38160706,1.42018127,1.13040161,1,0,10,69,2,0,0,68,4352,24,4058,4058,0,259712,4170,252,0,256,877,877,877,0,0,877,45,22,1,0,0,0,0,0,0,0,0,0,0,0,0,0,0,0,0,0,0,0,0,0,0,0,0,0,0,0,0,0,0,0,0,0,0,0,0,0,0,0,0,0,0,0,0,0,0,0,0,0,0,0,0,0,0,0,0,0,0,0,0,0,0,19,4294967295,19,21,4294967295,19,21,4294967295,16,32
859,0.800000012,69,69,1,64,64,0,6,0,68,0,272576,272576,3990,3990,0,4136,268440,0,0,0,4259,272576,293,283,896,447,10,15,0,1048576,0,0,0,inf,1.01765442,1.0316925,0.848693848,1,0,10,69,2,0,0,68,4352,24,4191,4191,0,268224,4112,283,0,0,447,447,447,0,0,447,50,12,6,0,0,0,0,0,0,0,0,0,0,0,0,0,0,0,0,0,0,0,0,0,0,0,0,0,0,0,0,0,0,0,0,0,0,0,0,0,0,0,0,0,0,0,0,0,0,0,0,0,0,0,0,0,0,0,0,0,0,0,0,0,0,59,29,20,45,28,43,4294967295,53,44,4294967295
860,1,65,69,3,64,64,0,0,0,64,0,169024,169024,6909,6909,0,6049,162975,0,0,0,2641,169024,1554,459,672,1023,10,15,0,1048576,0,0,0,inf,inf,1.08927917,0.711364746,1,0,10,65,2,0,17,47,4096,200,2577,2577,0,164928,5849,459,0,990,1023,1023,1023,0,0,1023,8,12,9,7,11,6,5,5,0,0,1,0,0,0,0,0,0,0,0,0,0,0,0,0,0,0,0,0,0,0,0,0,0,0,0,0,0,0,0,0,0,0,0,0,0,0,0,0,0,0,0,0,0,0,0,0,0,0,0,0,0,0,0,0,0,2,2,1,1,2,1,2,1,1,1
861,0.899999976,69,69,1,64,64,0,1,0,68,0,235520,235520,4621,4621,0,4330,231190,0,0,0,3680,235520,1899,174,1376,959,10,15,0,1048576,0,0,0,inf,1.50668335,1.55484009,1.15339661,1,0,10,69,2,0,27,41,4352,275,3612,3612,0,231168,4055,174,0,140,959,959,959,0,0,959,27,5,2,5,2,6,5,2,1,1,1,2,2,3,3,1,0,0,0,0,0,0,0,0,0,0,0,0,0,0,0,0,0,0,0,0,0,0,0,0,0,0,0,0,0,0,0,0,0,0,0,0,0,0,0,0,0,0,0,0,0,0,0,0,0,6,35,8,8,65,5,4294967295,10,15,63
862,1,69,69,1,64,64,0,3,0,68,0,253312,253312,4332,4332,0,4078,249234,0,0,0,3958,253312,238,164,1504,1023,10,15,0,1048576,0,0,0,inf,0.958358765,0.974014282,0.622207642,1,0,10,69,2,0,1,67,4352,44,3890,3890,0,248960,4034,164,0,48,1023,1023,1023,0,0,1023,43,17,2,2,3,1,0,0,0,0,0,0,0,0,0,0,0,0,0,0,0,0,0,0,0,0,0,0,0,0,0,0,0,0,0,0,0,0,0,0,0,0,0,0,0,0,0,0,0,0,0,0,0,0,0,0,0,0,0,0,0,0,0,0,0,10,9,29,13,13,13,29,7,12,24
863,0.400000006,67,69,3,64,64,0,0,0,66,0,238848,238848,4500,4500,0,4392,234456,0,0,0,3732,238848,1342,258,672,960,10,15,0,1048576,0,0,0,inf,inf,1.89767456,1.62060547,1,0,10,67,2,0,17,49,4224,192,3666,3666,0,234624,4200,258,0,384,960,960,960,0,0,960,23,10,7,4,5,3,2,3,3,3,0,1,1,0,1,0,0,0,0,0,0,0,0,0,0,0,0,0,0,0,0,0,0,0,0,0,0,0,0,0,0,0,0,0,0,0,0,0,0,0,0,0,0,0,0,0,0,0,0,0,0,0,0,0,0,4294967295,4294967295,4294967295,4294967295,4294967295,4294967295,36,2,1,27
864,0,69,69,1,64,64,0,12,0,68,0,266496,266496,4112,4112,0,4025,262471,0,0,0,4164,266496,212,143,1408,0,10,15,0,1048576,0,0,0,inf,2.07783508,2.30574036,1.97018433,1,0,10,69,2,0,1,67,4352,26,4096,4096,0,262144,3999,143,0,0,0,0,0,0,0,0,50,14,2,1,0,1,0,0,0,0,0,0,0,0,0,0,0,0,0,0,0,0,0,0,0,0,0,0,0,0,0,0,0,0,0,0,0,0,0,0,0,0,0,0,0,0,0,0,0,0,0,0,0,0,0,0,0,0,0,0,0,0,0,0,0,4294967295,4294967295,4294967295,4294967295,4294967295,4294967295,4294967295,4294967295,4294967295,4294967295
865,1,69,69,2,64,64,0,0,0,68,0,154560,154560,5815,5815,0,4525,150035,0,0,0,2415,154560,3804,92,960,1023,10,15,0,1048576,0,0,0,inf,inf,1.07698059,0.345916748,1,0,10,69,2,0,58,10,4352,623,2347,2347,0,150208,3902,92,0,1023,1023,1023,1023,0,0,1023,4,2,1,2,1,5,4,7,4,6,5,8,6,0,4,1,1,4,0,1,1,1,0,0,0,0,0,0,0,0,0,0,0,0,0,0,0,0,0,0,0,0,0,0,0,0,0,0,0,0,0,0,0,0,0,0,0,0,0,0,0,0,0,0,0,5,5,5,6,5,5,5,5,5,5
866,1,66,69,3,64,64,0,0,0,65,0,182080,182080,8011,8011,0,7933,174147,0,0,0,2845,182080,2372,840,832,1023,10,15,0,1048576,0,0,0,inf,inf,1.45240784,1.17744446,1,0,10,66,2,0,24,41,4160,241,2780,2780,58,177920,7692,840,95,1003,1023,1023,1023,0,0,1023,8,8,7,11,7,9,3,6,3,1,2,0,0,0,0,0,0,0,0,0,0,0,0,0,0,0,0,0,0,0,0,0,0,0,0,0,0,0,0,0,0,0,0,0,0,0,0,0,0,0,0,0,0,0,0,0,0,0,0,0,0,0,0,0,0,2,5,4,3,3,2,2,3,2,2
867,0.600000024,69,69,1,64,64,0,5,0,68,0,270528,270528,3903,3903,0,4019,266509,0,0,0,4227,270528,347,275,1216,438,10,15,0,1048576,0,0,0,inf,1.80554199,1.81878662,1.49462891,1,0,10,69,2,0,1,67,4352,34,4159,4159,0,266176,3985,275,0,16,438,438,438,0,0,438,48,14,1,3,1,1,0,0,0,0,0,0,0,0,0,0,0,0,0,0,0,0,0,0,0,0,0,0,0,0,0,0,0,0,0,0,0,0,0,0,0,0,0,0,0,0,0,0,0,0,0,0,0,0,0,0,0,0,0,0,0,0,0,0,0,4294967295,27,38,4294967295,39,24,4294967295,13,42,4294967295
868,1,66,69,3,64,64,0,0,0,65,0,75456,75456,4546,4546,0,7909,67547,0,0,0,1179,75456,3485,1812,2208,1023,10,15,0,1048576,0,0,0,inf,inf,0.874740601,0.674133301,1,0,10,66,2,36,29,0,4160,1901,1114,1114,284,71296,6008,1812,982,1023,1023,1023,1023,565,0,1023,0,0,0,0,0,0,0,1,0,0,0,0,1,1,0,0,1,0,1,2,0,3,1,1,7,10,0,5,1,4,0,4,2,1,1,4,1,2,2,1,1,0,0,1,0,0,3,1,0,0,0,1,0,1,0,0,0,0,0,0,0,0,0,0,0,3,4,3,3,4,4,2,4,4,5
869,0.5,69,69,1,64,64,0,13,0,68,0,269760,269760,3989,3989,0,3921,265839,0,0,0,4215,269760,125,115,832,555,10,15,0,1048576,0,0,0,inf,1.4561615,1.74087524,1.29547119,1,0,10,69,2,0,0,68,4352,22,4147,4147,0,265408,3899,115,0,3,555,555,555,0,0,555,47,20,1,0,0,0,0,0,0,0,0,0,0,0,0,0,0,0,0,0,0,0,0,0,0,0,0,0,0,0,0,0,0,0,0,0,0,0,0,0,0,0,0,0,0,0,0,0,0,0,0,0,0,0,0,0,0,0,0,0,0,0,0,0,0,5,6,4294967295,46,4294967295,20,4294967295,4294967295,4294967295,21
870,0.400000006,69,69,1,64,64,0,7,0,68,0,271488,271488,3898,3898,0,3935,267553,0,0,0,4242,271488,209,199,1472,547,10,15,0,1048576,0,0,0,inf,1.50256348,1.66700745,1.40693665,1,0,10,69,2,0,0,68,4352,16,4174,4174,0,267136,3919,199,0,1,547,547,547,0,0,547,55,10,3,0,0,0,0,0,0,0,0,0,0,0,0,0,0,0,0,0,0,0,0,0,0,0,0,0,0,0,0,0,0,0,0,0,0,0,0,0,0,0,0,0,0,0,0,0,0,0,0,0,0,0,0,0,0,0,0,0,0,0,0,0,0,19,15,4294967295,4294967295,4294967295,15,4294967295,4294967295,4294967295,63
871,1,66,69,3,64,64,0,0,0,65,0,202624,202624,7111,7111,0,8313,194311,0,0,0,3166,202624,4642,1369,2208,1023,10,15,0,1048576,0,0,0,inf,inf,1.38119507,1.24171448,1,0,10,66,2,0,53,12,4160,571,3101,3101,82,198464,7742,1369,135,983,1023,1023,1023,0,0,1023,1,1,0,5,5,12,3,8,3,2,6,4,0,2,2,2,2,2,1,0,0,2,1,1,0,0,0,0,0,0,0,0,0,0,0,0,0,0,0,0,0,0,0,0,0,0,0,0,0,0,0,0,0,0,0,0,0,0,0,0,0,0,0,0,0,3,2,4,7,4,3,6,6,2,3
872,0,66,69,3,64,64,0,0,0,65,0,244416,244416,4342,4342,0,4321,240095,0,0,0,3819,244416,498,304,544,0,10,15,0,1048576,0,0,0,inf,inf,3.5450592,3.20223999,1,0,10,66,2,0,3,62,4160,81,3754,3754,0,240256,4240,304,0,0,0,0,0,0,0,0,27,18,10,5,2,0,2,0,1,0,0,0,0,0,0,0,0,0,0,0,0,0,0,0,0,0,0,0,0,0,0,0,0,0,0,0,0,0,0,0,0,0,0,0,0,0,0,0,0,0,0,0,0,0,0,0,0,0,0,0,0,0,0,0,0,4294967295,4294967295,4294967295,4294967295,4294967295,4294967295,4294967295,4294967295,4294967295,4294967295
873,1,66,69,3,64,64,0,0,0,65,0,194112,194112,5523,5523,0,4791,189321,0,0,0,3033,194112,2048,187,1120,1023,10,15,0,1048576,0,0,0,inf,inf,1.08952332,0.657394409,1,0,10,66,2,0,29,36,4160,273,2968,2968,0,189952,4518,187,0,990,1023,1023,1023,0,0,1023,4,11,6,8,7,7,7,6,5,2,1,1,0,0,0,0,0,0,0,0,0,0,0,0,0,0,0,0,0,0,0,0,0,0,0,0,0,0,0,0,0,0,0,0,0,0,0,0,0,0,0,0,0,0,0,0,0,0,0,0,0,0,0,0,0,2,3,3,4,2,4,6,3,2,6
874,1,67,69,3,64,64,0,0,0,66,0,238592,238592,4435,4435,0,4074,234518,0,0,0,3728,238592,275,138,2432,1023,10,15,0,1048576,0,0,0,inf,inf,2.28671265,1.40640259,1,0,10,67,2,0,2,64,4224,63,3662,3662,0,234368,4011,138,0,608,1023,1023,1023,0,0,1023,30,19,11,4,0,2,0,0,0,0,0,0,0,0,0,0,0,0,0,0,0,0,0,0,0,0,0,0,0,0,0,0,0,0,0,0,0,0,0,0,0,0,0,0,0,0,0,0,0,0,0,0,0,0,0,0,0,0,0,0,0,0,0,0,0,6,10,7,15,5,8,7,7,7,7
875,1,66,69,3,64,64,0,0,0,65,0,62336,62336,3802,3802,0,6703,55633,0,0,0,974,62336,2873,1609,3104,1023,10,15,0,1048576,0,0,0,inf,inf,1.0368042,0.903549194,1,0,10,66,2,43,22,0,4160,1853,909,909,236,58176,4850,1609,791,1023,1023,1023,1023,16,0,1023,0,0,0,0,0,0,0,1,0,0,0,2,0,0,2,0,0,0,2,3,1,2,2,3,3,1,3,5,3,3,2,2,5,2,3,0,4,2,1,1,2,2,1,0,0,0,0,0,1,0,1,0,0,0,0,0,0,0,0,0,0,0,0,0,0,1,2,2,6,3,4,2,10,9,1
876,1,67,69,3,64,64,0,0,0,66,0,233856,233856,4894,4894,0,4851,229005,0,0,0,3654,233856,977,467,896,1023,10,15,0,1048576,0,0,0,inf,inf,1.44732666,0.995559692,1,0,10,67,2,0,8,58,4224,126,3588,3588,0,229632,4725,467,0,446,1023,1023,1023,0,0,1023,23,12,12,6,5,1,3,3,1,0,0,0,0,0,0,0,0,0,0,0,0,0,0,0,0,0,0,0,0,0,0,0,0,0,0,0,0,0,0,0,0,0,0,0,0,0,0,0,0,0,0,0,0,0,0,0,0,0,0,0,0,0,0,0,0,3,3,3,2,3,3,10,3,5,8
877,0.899999976,66,69,3,64,64,0,0,0,65,0,251328,251328,4095,4095,0,4099,247229,0,0,0,3927,251328,278,268,1472,1021,10,15,0,1048576,0,0,0,inf,inf,1.04322815,0.79460144,1,0,10,66,2,0,0,65,4160,34,3862,3862,0,247168,4065,268,0,688,1021,1021,1021,0,0,1021,36,24,5,0,0,0,0,0,0,0,0,0,0,0,0,0,0,0,0,0,0,0,0,0,0,0,0,0,0,0,0,0,0,0,0,0,0,0,0,0,0,0,0,0,0,0,0,0,0,0,0,0,0,0,0,0,0,0,0,0,0,0,0,0,0,8,4294967295,5,43,5,8,42,7,5,5
878,1,66,69,3,64,64,0,0,0,65,0,238912,238912,4621,4621,0,5491,233421,0,0,0,3733,238912,2083,981,2336,1023,10,15,0,1048576,0,0,0,inf,inf,1.37442017,1.17695618,1,0,10,66,2,0,18,47,4160,239,3668,3668,31,234752,5252,981,81,1004,1023,1023,1023,0,0,1023,7,14,6,8,12,3,5,3,3,0,1,1,1,0,0,0,0,0,1,0,0,0,0,0,0,0,0,0,0,0,0,0,0,0,0,0,0,0,0,0,0,0,0,0,0,0,0,0,0,0,0,0,0,0,0,0,0,0,0,0,0,0,0,0,0,3,4,3,1,13,6,5,13,19,19
879,0.800000012,65,69,3,64,64,0,0,0,64,0,244736,244736,4004,4004,0,3972,240764,0,0,0,3824,244736,374,238,992,763,10,15,0,1048576,0,0,0,inf,inf,1.35395813,1.14100647,1,0,10,65,2,0,2,62,4096,66,3760,3760,0,240640,3906,238,0,240,763,763,763,0,0,763,29,19,8,3,3,2,0,0,0,0,0,0,0,0,0,0,0,0,0,0,0,0,0,0,0,0,0,0,0,0,0,0,0,0,0,0,0,0,0,0,0,0,0,0,0,0,0,0,0,0,0,0,0,0,0,0,0,0,0,0,0,0,0,0,0,26,15,4294967295,6,10,7,7,9,4294967295,8
880,0.800000012,69,69,1,64,64,0,17,0,68,0,260544,260544,4644,4644,0,4837,255707,0,0,0,4071,260544,1144,383,640,879,10,15,0,1048576,0,0,0,inf,1.46490479,1.58146667,1.35313416,1,0,10,69,2,0,12,56,4352,159,4003,4003,0,256192,4678,383,0,66,879,879,879,0,0,879,33,12,3,1,7,0,2,1,2,2,3,0,1,0,0,1,0,0,0,0,0,0,0,0,0,0,0,0,0,0,0,0,0,0,0,0,0,0,0,0,0,0,0,0,0,0,0,0,0,0,0,0,0,0,0,0,0,0,0,0,0,0,0,0,0,34,32,33,35,4294967295,33,30,4294967295,42,36
881,0.899999976,69,69,1,64,64,0,6,0,68,0,257152,257152,4211,4211,0,4024,253128,0,0,0,4018,257152,235,163,1152,511,10,15,0,1048576,0,0,0,inf,1.76704407,1.80969238,1.48478699,1,0,10,69,2,0,1,67,4352,52,3950,3950,0,252800,3972,163,0,376,511,511,511,0,0,511,36,16,14,1,0,1,0,0,0,0,0,0,0,0,0,0,0,0,0,0,0,0,0,0,0,0,0,0,0,0,0,0,0,0,0,0,0,0,0,0,0,0,0,0,0,0,0,0,0,0,0,0,0,0,0,0,0,0,0,0,0,0,0,0,0,32,32,31,35,32,31,31,35,31,4294967295
882,1,67,69,3,64,64,0,0,0,66,0,235968,235968,5822,5822,0,5985,229983,0,0,0,3687,235968,984,657,1280,1023,10,15,0,1048576,0,0,0,inf,inf,0.975540161,0.832290649,1,0,10,67,2,0,5,61,4224,109,3621,3621,0,231744,5876,657,0,75,1023,1023,1023,0,0,1023,23,14,13,6,5,1,2,2,0,0,0,0,0,0,0,0,0,0,0,0,0,0,0,0,0,0,0,0,0,0,0,0,0,0,0,0,0,0,0,0,0,0,0,0,0,0,0,0,0,0,0,0,0,0,0,0,0,0,0,0,0,0,0,0,0,50,6,6,51,7,5,17,5,4,9
883,0.699999988,65,69,3,64,64,0,0,0,64,0,243776,243776,3731,3731,0,3522,240254,0,0,0,3809,243776,115,105,672,487,10,15,0,1048576,0,0,0,inf,inf,1.93833923,1.65190125,1,0,10,65,2,0,0,64,4096,37,3745,3745,0,239680,3485,105,0,320,487,487,487,0,0,487,36,22,4,1,1,0,0,0,0,0,0,0,0,0,0,0,0,0,0,0,0,0,0,0,0,0,0,0,0,0,0,0,0,0,0,0,0,0,0,0,0,0,0,0,0,0,0,0,0,0,0,0,0,0,0,0,0,0,0,0,0,0,0,0,0,1,1,6,4294967295,4294967295,31,14,15,0,4294967295
884,1,66,69,3,64,64,0,0,0,65,0,169216,169216,7605,7605,0,8317,160899,0,0,0,2644,169216,4502,1014,672,1023,10,15,0,1048576,0,0,0,inf,inf,0.638565063,0.537139893,1,0,10,66,2,4,56,5,4160,879,2579,2579,73,165056,7438,1014,112,1023,1023,1023,1023,512,0,1023,1,0,1,1,2,0,3,8,2,2,4,5,4,1,3,1,4,5,3,3,3,1,2,0,0,2,0,2,2,0,0,0,0,0,0,0,0,0,0,0,0,0,0,0,0,0,0,0,0,0,0,0,0,0,0,0,0,0,0,0,0,0,0,0,0,6,2,4,6,6,4,3,4,4,4
885,0.5,69,69,1,64,64,0,9,0,68,0,229888,229888,4872,4872,0,4598,225290,0,0,0,3592,229888,1772,301,1536,662,10,15,0,1048576,0,0,0,inf,2.19447327,2.34629822,1.99801636,1,0,10,69,2,0,23,45,4352,253,3524,3524,0,225536,4345,301,0,6,662,662,662,0,0,662,24,11,7,2,1,5,2,2,1,1,2,2,3,2,1,1,0,1,0,0,0,0,0,0,0,0,0,0,0,0,0,0,0,0,0,0,0,0,0,0,0,0,0,0,0,0,0,0,0,0,0,0,0,0,0,0,0,0,0,0,0,0,0,0,0,4294967295,45,45,4294967295,45,4294967295,4294967295,44,4294967295,26
886,0.800000012,66,69,3,64,64,0,0,0,65,0,237504,237504,4052,4052,0,3661,233843,0,0,0,3711,237504,92,82,1984,639,10,15,0,1048576,0,0,0,inf,inf,2.16725159,1.26823425,1,0,10,66,2,0,0,65,4160,41,3646,3646,0,233344,3620,82,0,517,639,639,639,0,0,639,36,21,5,2,1,0,0,0,0,0,0,0,0,0,0,0,0,0,0,0,0,0,0,0,0,0,0,0,0,0,0,0,0,0,0,0,0,0,0,0,0,0,0,0,0,0,0,0,0,0,0,0,0,0,0,0,0,0,0,0,0,0,0,0,0,11,9,10,10,8,10,0,4294967295,4294967295,3
887,1,66,69,3,64,64,0,0,0,65,0,86848,86848,5223,5223,0,6634,80214,0,0,0,1357,86848,3171,1212,1568,1023,10,15,0,1048576,0,0,0,inf,inf,0.613571167,0.461791992,1,0,10,66,2,33,32,0,4160,1749,1292,1292,109,82688,4885,1212,177,1023,959,1023,1023,0,0,1023,0,0,0,0,0,0,0,1,1,1,0,0,1,2,4,2,4,3,0,2,2,0,2,3,4,0,1,0,2,5,2,1,1,1,3,5,1,1,3,0,0,0,1,0,0,0,0,0,2,1,0,0,0,1,0,0,2,0,0,0,0,0,0,0,0,2,3,1,1,2,2,3,3,3,3
888,0.899999976,68,69,3,64,64,0,0,0,67,0,247552,247552,4785,4785,0,4707,242845,0,0,0,3868,247552,642,321,1248,767,10,15,0,1048576,0,0,0,inf,inf,2.14857483,1.75209045,1,0,10,68,2,0,5,62,4288,88,3801,3801,0,243264,4619,321,0,656,767,767,767,0,0,767,36,13,7,5,1,0,1,2,0,0,1,0,1,0,0,0,0,0,0,0,0,0,0,0,0,0,0,0,0,0,0,0,0,0,0,0,0,0,0,0,0,0,0,0,0,0,0,0,0,0,0,0,0,0,0,0,0,0,0,0,0,0,0,0,0,7,17,30,17,6,6,21,6,4294967295,5
889,0.899999976,69,69,1,64,64,0,1,0,68,0,257472,257472,4351,4351,0,4242,253230,0,0,0,4023,257472,602,166,832,959,10,15,0,1048576,0,0,0,inf,1.92858887,1.92858887,1.48858643,1,0,10,69,2,0,7,61,4352,122,3955,3955,0,253120,4120,166,0,262,959,959,959,0,0,959,40,18,1,0,2,0,0,1,0,0,0,1,1,0,1,1,0,1,1,0,0,0,0,0,0,0,0,0,0,0,0,0,0,0,0,0,0,0,0,0,0,0,0,0,0,0,0,0,0,0,0,0,0,0,0,0,0,0,0,0,0,0,0,0,0,18,29,21,18,8,24,4294967295,19,48,43
890,1,67,69,3,64,64,0,0,0,66,0,237504,237504,5316,5316,0,5845,231659,0,0,0,3711,237504,1234,667,672,1023,10,15,0,1048576,0,0,0,inf,inf,1.23649597,0.897918701,1,0,10,67,2,0,9,57,4224,142,3645,3645,49,233280,5703,667,121,767,1023,1023,1023,0,0,1023,22,16,7,8,4,2,2,2,0,1,1,0,0,0,0,0,0,1,0,0,0,0,0,0,0,0,0,0,0,0,0,0,0,0,0,0,0,0,0,0,0,0,0,0,0,0,0,0,0,0,0,0,0,0,0,0,0,0,0,0,0,0,0,0,0,5,4,5,5,5,4,7,4,7,4
891,0,69,69,1,64,64,0,1,0,68,0,262080,262080,4095,4095,0,3876,258204,0,0,0,4095,262080,94,84,1024,0,10,15,0,1048576,0,0,0,inf,2.07382202,2.14466858,1.47399902,1,0,10,69,2,0,0,68,4352,22,4027,4027,0,257728,3854,84,0,0,0,0,0,0,0,0,51,12,5,0,0,0,0,0,0,0,0,0,0,0,0,0,0,0,0,0,0,0,0,0,0,0,0,0,0,0,0,0,0,0,0,0,0,0,0,0,0,0,0,0,0,0,0,0,0,0,0,0,0,0,0,0,0,0,0,0,0,0,0,0,0,4294967295,4294967295,4294967295,4294967295,4294967295,4294967295,4294967295,4294967295,4294967295,4294967295
892,0,65,69,3,64,64,0,0,0,64,0,247872,247872,3662,3662,0,3495,244377,0,0,0,3873,247872,108,98,576,0,10,15,0,1048576,0,0,0,inf,inf,1.79776001,1.47770691,1,0,10,65,2,0,0,64,4096,22,3809,3809,0,243776,3473,98,0,0,0,0,0,0,0,0,42,22,0,0,0,0,0,0,0,0,0,0,0,0,0,0,0,0,0,0,0,0,0,0,0,0,0,0,0,0,0,0,0,0,0,0,0,0,0,0,0,0,0,0,0,0,0,0,0,0,0,0,0,0,0,0,0,0,0,0,0,0,0,0,0,4294967295,4294967295,4294967295,4294967295,4294967295,4294967295,4294967295,4294967295,4294967295,4294967295
893,0.200000003,69,69,1,64,64,0,1,0,68,0,255296,255296,4916,4916,0,4839,250457,0,0,0,3989,255296,366,292,896,768,10,15,0,1048576,0,0,0,inf,1.85757446,1.88619995,1.60830688,1,0,10,69,2,0,1,67,4352,62,3921,3921,0,250944,4777,292,0,0,768,768,768,0,0,768,29,23,12,2,1,1,0,0,0,0,0,0,0,0,0,0,0,0,0,0,0,0,0,0,0,0,0,0,0,0,0,0,0,0,0,0,0,0,0,0,0,0,0,0,0,0,0,0,0,0,0,0,0,0,0,0,0,0,0,0,0,0,0,0,0,4294967295,4294967295,4294967295,4294967295,4294967295,4294967295,4294967295,4294967295,13,8
894,0.300000012,69,69,1,64,64,0,5,0,68,0,269056,269056,3812,3812,0,3752,265304,0,0,0,4204,269056,137,127,928,7,10,15,0,1048576,0,0,0,inf,1.90426636,1.98808289,1.51693726,1,0,10,69,2,0,0,68,4352,29,4136,4136,0,264704,3723,127,0,0,7,7,7,0,0,7,44,19,5,0,0,0,0,0,0,0,0,0,0,0,0,0,0,0,0,0,0,0,0,0,0,0,0,0,0,0,0,0,0,0,0,0,0,0,0,0,0,0,0,0,0,0,0,0,0,0,0,0,0,0,0,0,0,0,0,0,0,0,0,0,0,37,36,38,4294967295,4294967295,4294967295,4294967295,4294967295,4294967295,4294967295
895,0.200000003,69,69,1,64,64,0,2,0,68,0,268864,268864,3929,3929,0,3870,264994,0,0,0,4201,268864,137,127,960,260,10,15,0,1048576,0,0,0,inf,1.64810181,1.92562866,1.52061462,1,0,10,69,2,0,0,68,4352,33,4133,4133,0,264512,3837,127,0,0,260,260,260,0,0,260,47,11,9,0,1,0,0,0,0,0,0,0,0,0,0,0,0,0,0,0,0,0,0,0,0,0,0,0,0,0,0,0,0,0,0,0,0,0,0,0,0,0,0,0,0,0,0,0,0,0,0,0,0,0,0,0,0,0,0,0,0,0,0,0,0,4294967295,4294967295,21,4294967295,4294967295,4294967295,4294967295,4294967295,5,4294967295
896,0.600000024,69,69,1,64,64,0,11,0,68,0,262208,262208,4566,4566,0,4799,257409,0,0,0,4097,262208,993,430,896,972,10,15,0,1048576,0,0,0,inf,1.69285583,1.74736023,1.40647888,1,0,10,69,2,0,9,59,4352,126,4029,4029,0,257856,4673,430,0,648,972,972,972,0,0,972,20,18,9,9,3,5,2,2,0,0,0,0,0,0,0,0,0,0,0,0,0,0,0,0,0,0,0,0,0,0,0,0,0,0,0,0,0,0,0,0,0,0,0,0,0,0,0,0,0,0,0,0,0,0,0,0,0,0,0,0,0,0,0,0,0,4294967295,4294967295,23,13,4294967295,4294967295,16,57,19,51
897,1,66,69,3,64,64,0,0,0,65,0,165376,165376,5693,5693,0,4740,160636,0,0,0,2584,165376,2536,297,928,1023,10,15,0,1048576,0,0,0,inf,inf,1.03251648,0.497116089,1,0,10,66,2,0,35,30,4160,391,2519,2519,0,161216,4349,297,0,1023,1023,1023,1023,0,0,1023,6,7,5,5,7,2,1,4,5,6,7,5,1,2,1,0,1,0,0,0,0,0,0,0,0,0,0,0,0,0,0,0,0,0,0,0,0,0,0,0,0,0,0,0,0,0,0,0,0,0,0,0,0,0,0,0,0,0,0,0,0,0,0,0,0,2,2,2,2,3,2,2,2,2,2
898,0.5,67,69,3,64,64,0,0,0,66,0,252096,252096,4135,4135,0,4056,248040,0,0,0,3939,252096,253,243,1152,118,10,15,0,1048576,0,0,0,inf,inf,2.2807312,1.96182251,1,0,10,67,2,0,0,66,4224,29,3873,3873,0,247872,4027,243,0,6,118,118,118,0,0,118,41,21,4,0,0,0,0,0,0,0,0,0,0,0,0,0,0,0,0,0,0,0,0,0,0,0,0,0,0,0,0,0,0,0,0,0,0,0,0,0,0,0,0,0,0,0,0,0,0,0,0,0,0,0,0,0,0,0,0,0,0,0,0,0,0,4294967295,30,31,4294967295,32,33,4,4294967295,4294967295,4294967295
899,0,69,69,1,64,64,0,4,0,68,0,265984,265984,3986,3986,0,3935,262049,0,0,0,4156,265984,203,193,1568,0,10,15,0,1048576,0,0,0,inf,1.79411316,2.02455139,1.72398376,1,0,10,69,2,0,0,68,4352,20,4088,4088,0,261632,3915,193,0,0,0,0,0,0,0,0,50,16,2,0,0,0,0,0,0,0,0,0,0,0,0,0,0,0,0,0,0,0,0,0,0,0,0,0,0,0,0,0,0,0,0,0,0,0,0,0,0,0,0,0,0,0,0,0,0,0,0,0,0,0,0,0,0,0,0,0,0,0,0,0,0,4294967295,4294967295,4294967295,4294967295,4294967295,4294967295,4294967295,4294967295,4294967295,4294967295
900,1,67,69,3,64,64,0,0,0,66,0,214144,214144,5050,5050,0,6507,207637,0,0,0,3346,214144,4281,1514,1632,1023,10,15,0,1048576,0,0,0,inf,inf,1.2696991,1.12585449,1,0,10,67,2,2,46,18,4224,620,3280,3280,57,209920,5887,1514,100,1023,1023,1023,1023,0,0,1023,0,2,3,9,4,3,5,3,4,5,2,4,5,4,1,3,2,0,1,0,2,1,0,0,1,0,0,1,0,1,0,0,0,0,0,0,0,0,0,0,0,0,0,0,0,0,0,0,0,0,0,0,0,0,0,0,0,0,0,0,0,0,0,0,0,3,3,14,1,4,2,3,3,24,3
901,1,65,69,3,64,64,0,0,0,64,0,183808,183808,5412,5412,0,5761,178047,0,0,0,2872,183808,3869,954,896,1023,10,15,0,1048576,0,0,0,inf,inf,1.13780212,0.930343628,1,0,10,65,2,1,47,16,4096,655,2808,2808,0,179712,5106,954,0,1023,1023,1023,1023,0,0,1023,0,2,2,3,9,1,3,4,3,5,4,3,3,4,4,1,1,3,4,3,1,0,0,0,0,0,0,0,0,0,0,0,0,0,0,0,1,0,0,0,0,0,0,0,0,0,0,0,0,0,0,0,0,0,0,0,0,0,0,0,0,0,0,0,0,1,0,1,5,3,1,1,2,1,2
902,1,67,69,3,64,64,0,0,0,66,0,215040,215040,5578,5578,0,5968,209072,0,0,0,3360,215040,3058,927,1728,1023,10,15,0,1048576,0,0,0,inf,inf,1.23840332,0.95098877,1,0,10,67,2,0,34,32,4224,393,3294,3294,0,210816,5575,927,0,1023,1023,1023,1023,0,0,1023,5,4,3,8,12,3,3,9,1,5,3,3,0,3,2,1,0,1,0,0,0,0,0,0,0,0,0,0,0,0,0,0,0,0,0,0,0,0,0,0,0,0,0,0,0,0,0,0,0,0,0,0,0,0,0,0,0,0,0,0,0,0,0,0,0,4,5,3,5,5,5,3,5,4,3
903,0.899999976,66,69,3,64,64,0,0,0,65,0,240000,240000,4546,4546,0,5890,234110,0,0,0,3750,240000,3088,1349,1472,511,10,15,0,1048576,0,0,0,inf,inf,1.64248657,1.39299011,1,0,10,66,2,0,29,36,4160,321,3685,3685,28,235840,5569,1349,94,242,511,511,511,0,0,511,10,5,9,5,7,5,3,4,3,3,2,5,1,2,0,0,0,0,0,0,1,0,0,0,0,0,0,0,0,0,0,0,0,0,0,0,0,0,0,0,0,0,0,0,0,0,0,0,0,0,0,0,0,0,0,0,0,0,0,0,0,0,0,0,0,32,5,21,3,17,6,4,6,15,4294967295
904,0.699999988,65,69,3,64,64,0,0,0,64,0,245760,245760,3713,3713,0,3543,242217,0,0,0,3840,245760,140,130,2112,254,10,15,0,1048576,0,0,0,inf,inf,2.12342834,1.66482544,1,0,10,65,2,0,0,64,4096,20,3776,3776,0,241664,3523,130,0,6,254,254,254,0,0,254,47,14,3,0,0,0,0,0,0,0,0,0,0,0,0,0,0,0,0,0,0,0,0,0,0,0,0,0,0,0,0,0,0,0,0,0,0,0,0,0,0,0,0,0,0,0,0,0,0,0,0,0,0,0,0,0,0,0,0,0,0,0,0,0,0,4294967295,6,7,18,17,34,22,47,4294967295,4294967295
905,1,66,69,3,64,64,0,0,0,65,0,212160,212160,4929,4929,0,6104,206056,0,0,0,3315,212160,4594,1427,832,1023,10,15,0,1048576,0,0,0,inf,inf,1.18843079,0.875793457,1,0,10,66,2,0,52,13,4160,555,3250,3250,13,208000,5549,1427,45,1023,1023,1023,1023,0,0,1023,2,0,2,2,7,8,6,7,1,3,9,2,2,2,5,2,0,1,2,0,1,0,1,0,0,0,0,0,0,0,0,0,0,0,0,0,0,0,0,0,0,0,0,0,0,0,0,0,0,0,0,0,0,0,0,0,0,0,0,0,0,0,0,0,0,3,4,4,4,4,3,4,5,2,3
906,1,66,69,3,64,64,0,0,0,65,0,168576,168576,7052,7052,0,10006,158570,0,0,0,2634,168576,5683,2312,896,1023,10,15,0,1048576,0,0,0,inf,inf,1.08552551,0.959274292,1,0,10,66,2,6,56,3,4160,992,2569,2569,267,164416,9014,2312,463,1023,1023,1023,1023,0,0,1023,0,0,0,2,1,0,1,3,0,3,5,5,1,5,2,7,8,4,1,2,4,1,0,3,1,0,1,2,1,1,1,0,0,0,0,0,0,0,0,0,0,0,0,0,0,0,0,0,0,0,0,0,0,0,0,0,0,0,0,0,0,0,0,0,0,3,3,6,1,2,1,7,6,1,1
907,0.800000012,68,69,3,64,64,0,0,0,67,0,253056,253056,4217,4217,0,4077,248979,0,0,0,3954,253056,219,209,384,507,10,15,0,1048576,0,0,0,inf,inf,0.91468811,0.681274414,1,0,10,68,2,0,0,67,4288,52,3887,3887,0,248768,4025,209,0,306,507,507,507,0,0,507,32,21,11,3,0,0,0,0,0,0,0,0,0,0,0,0,0,0,0,0,0,0,0,0,0,0,0,0,0,0,0,0,0,0,0,0,0,0,0,0,0,0,0,0,0,0,0,0,0,0,0,0,0,0,0,0,0,0,0,0,0,0,0,0,0,10,12,4294967295,9,10,12,9,25,16,4294967295
908,1,69,69,1,64,64,0,2,0,68,0,233600,233600,4842,4842,0,4809,228791,0,0,0,3650,233600,1870,493,1632,1023,10,15,0,1048576,0,0,0,inf,1.5020752,1.50395203,0.646087646,1,0,10,69,2,0,22,46,4352,244,3582,3582,0,229248,4565,493,0,1023,1023,1023,1023,0,0,1023,9,14,12,6,5,2,7,6,1,3,1,0,1,0,0,0,0,1,0,0,0,0,0,0,0,0,0,0,0,0,0,0,0,0,0,0,0,0,0,0,0,0,0,0,0,0,0,0,0,0,0,0,0,0,0,0,0,0,0,0,0,0,0,0,0,13,13,14,14,14,13,13,14,15,13
909,1,67,69,3,64,64,0,0,0,66,0,238976,238976,5544,5544,0,7741,231235,0,0,0,3734,238976,2964,1625,1824,1023,10,15,0,1048576,0,0,0,inf,inf,1.30384827,1.14530945,1,0,10,67,2,0,22,44,4224,279,3668,3668,128,234752,7462,1625,435,592,1023,1023,1023,0,0,1023,14,9,9,9,3,2,5,5,0,0,1,2,1,0,2,0,3,0,1,0,0,0,0,0,0,0,0,0,0,0,0,0,0,0,0,0,0,0,0,0,0,0,0,0,0,0,0,0,0,0,0,0,0,0,0,0,0,0,0,0,0,0,0,0,0,6,5,20,7,0,13,4,11,12,10
910,1,66,69,3,64,64,0,0,0,65,0,203456,203456,5359,5359,0,6239,197217,0,0,0,3179,203456,4704,1250,1632,1023,10,15,0,1048576,0,0,0,inf,inf,1.21928406,0.962387085,1,0,10,66,2,0,56,9,4160,676,3114,3114,0,199296,5563,1250,0,1023,1023,1023,1023,0,0,1023,1,0,1,2,5,4,4,2,6,8,1,6,5,2,3,2,2,4,1,3,2,1,0,0,0,0,0,0,0,0,0,0,0,0,0,0,0,0,0,0,0,0,0,0,0,0,0,0,0,0,0,0,0,0,0,0,0,0,0,0,0,0,0,0,0,3,4,5,5,3,3,3,24,5,2
911,0.899999976,66,69,3,64,64,0,0,0,65,0,255744,255744,4306,4306,0,4661,251083,0,0,0,3996,255744,669,534,1664,511,10,15,0,1048576,0,0,0,inf,inf,1.78253174,1.4630127,1,0,10,66,2,0,2,63,4160,50,3931,3931,0,251584,4611,534,0,241,511,511,511,0,0,511,34,22,5,1,1,1,1,0,0,0,0,0,0,0,0,0,0,0,0,0,0,0,0,0,0,0,0,0,0,0,0,0,0,0,0,0,0,0,0,0,0,0,0,0,0,0,0,0,0,0,0,0,0,0,0,0,0,0,0,0,0,0,0,0,0,9,17,8,10,8,12,9,9,33,4294967295
912,0.200000003,69,69,1,64,64,0,7,0,68,0,263168,263168,4347,4347,0,4416,258752,0,0,0,4112,263168,349,339,928,96,10,15,0,1048576,0,0,0,inf,1.74092102,2.09544373,1.81974792,1,0,10,69,2,0,0,68,4352,38,4044,4044,0,258816,4378,339,0,96,96,96,96,0,0,96,44,14,7,2,1,0,0,0,0,0,0,0,0,0,0,0,0,0,0,0,0,0,0,0,0,0,0,0,0,0,0,0,0,0,0,0,0,0,0,0,0,0,0,0,0,0,0,0,0,0,0,0,0,0,0,0,0,0,0,0,0,0,0,0,0,4294967295,4294967295,4294967295,4294967295,4294967295,20,21,4294967295,4294967295,4294967295
913,1,67,69,3,64,64,0,0,0,66,0,214848,214848,5952,5952,0,6873,207975,0,0,0,3357,214848,3360,1105,1632,1023,10,15,0,1048576,0,0,0,inf,inf,1.57411194,1.24249268,1,0,10,67,2,0,36,30,4224,392,3291,3291,73,210624,6481,1105,161,1023,1023,1023,1023,0,0,1023,3,4,3,10,10,9,4,4,0,2,6,6,2,1,0,0,1,0,1,0,0,0,0,0,0,0,0,0,0,0,0,0,0,0,0,0,0,0,0,0,0,0,0,0,0,0,0,0,0,0,0,0,0,0,0,0,0,0,0,0,0,0,0,0,0,4,6,6,4,3,8,6,4,35,4
914,1,66,69,3,64,64,0,0,0,65,0,233408,233408,4367,4367,0,4594,228814,0,0,0,3647,233408,1732,601,1056,1023,10,15,0,1048576,0,0,0,inf,inf,1.3613739,1.04203796,1,0,10,66,2,0,18,47,4160,198,3582,3582,7,229248,4396,601,0,981,1023,1023,1023,0,0,1023,11,16,8,7,5,7,2,3,2,1,1,2,0,0,0,0,0,0,0,0,0,0,0,0,0,0,0,0,0,0,0,0,0,0,0,0,0,0,0,0,0,0,0,0,0,0,0,0,0,0,0,0,0,0,0,0,0,0,0,0,0,0,0,0,0,3,13,2,4,2,4,2,2,3,6
915,1,69,69,2,64,64,0,0,0,68,0,243776,243776,4452,4452,0,4481,239295,0,0,0,3809,243776,1454,461,1632,1023,10,15,0,1048576,0,0,0,inf,inf,2.06430054,1.2456665,1,0,10,69,2,0,16,52,4352,179,3741,3741,0,239424,4302,461,0,1007,1023,1023,1023,0,0,1023,20,12,10,4,6,6,2,4,0,1,1,2,0,0,0,0,0,0,0,0,0,0,0,0,0,0,0,0,0,0,0,0,0,0,0,0,0,0,0,0,0,0,0,0,0,0,0,0,0,0,0,0,0,0,0,0,0,0,0,0,0,0,0,0,0,5,6,5,6,6,5,5,6,5,5
916,0.699999988,67,69,3,64,64,0,0,0,66,0,257152,257152,3893,3893,0,3770,253382,0,0,0,4018,257152,139,129,480,829,10,15,0,1048576,0,0,0,inf,inf,1.65608215,1.23114014,1,0,10,67,2,0,0,66,4224,20,3952,3952,0,252928,3750,129,0,8,829,829,829,0,0,829,49,14,3,0,0,0,0,0,0,0,0,0,0,0,0,0,0,0,0,0,0,0,0,0,0,0,0,0,0,0,0,0,0,0,0,0,0,0,0,0,0,0,0,0,0,0,0,0,0,0,0,0,0,0,0,0,0,0,0,0,0,0,0,0,0,53,4294967295,59,3,54,3,4294967295,4294967295,10,14
917,1,66,69,3,64,64,0,0,0,65,0,145280,145280,5665,5665,0,7556,137724,0,0,0,2270,145280,4781,1614,1472,1023,10,15,0,1048576,0,0,0,inf,inf,1.02067566,0.858840942,1,0,10,66,2,10,52,3,4160,1238,2205,2205,150,141120,6318,1614,367,1023,1023,1023,1023,0,0,1023,1,0,0,1,1,0,0,2,1,3,1,1,0,2,2,3,1,2,3,4,10,5,6,2,1,3,2,1,2,1,0,1,0,1,0,1,0,1,0,0,0,0,0,0,0,0,0,0,0,0,0,0,0,0,0,0,0,0,0,0,0,0,0,0,0,3,4,3,7,2,4,4,4,4,3
918,1,65,69,3,64,64,0,0,0,64,0,208768,208768,5179,5179,0,6045,202723,0,0,0,3262,208768,3996,1084,1632,1023,10,15,0,1048576,0,0,0,inf,inf,1.44902039,1.26747131,1,0,10,65,2,0,47,17,4096,507,3198,3198,38,204672,5538,1084,94,1023,1023,1023,1023,0,0,1023,0,4,3,2,8,7,5,5,5,6,4,2,2,2,2,1,2,0,0,3,0,1,0,0,0,0,0,0,0,0,0,0,0,0,0,0,0,0,0,0,0,0,0,0,0,0,0,0,0,0,0,0,0,0,0,0,0,0,0,0,0,0,0,0,0,4,2,2,3,2,4,12,3,1,2
919,1,66,69,3,64,64,0,0,0,65,0,16512,16512,2946,2946,0,4826,11686,0,0,0,258,16512,1194,913,1184,1023,10,15,0,1048576,0,0,0,inf,inf,0.309417725,0.105117798,1,0,10,66,2,60,5,0,4160,2967,193,193,136,12352,1859,913,557,1023,511,1023,1023,0,0,1023,0,0,0,0,0,0,0,0,0,0,0,0,0,0,0,0,0,0,0,1,0,1,1,0,1,1,1,0,0,0,0,0,1,2,2,0,0,0,2,4,3,0,1,2,0,3,2,3,2,5,3,3,3,1,1,4,2,4,5,1,0,0,0,0,0,2,2,2,2,2,2,2,2,2,2
920,0.5,67,69,3,64,64,0,0,0,66,0,254592,254592,3917,3917,0,3766,250826,0,0,0,3978,254592,181,108,544,465,10,15,0,1048576,0,0,0,inf,inf,2.01982117,1.44241333,1,0,10,67,2,0,1,65,4224,53,3912,3912,0,250368,3713,108,0,384,465,465,465,0,0,465,33,19,11,1,1,1,0,0,0,0,0,0,0,0,0,0,0,0,0,0,0,0,0,0,0,0,0,0,0,0,0,0,0,0,0,0,0,0,0,0,0,0,0,0,0,0,0,0,0,0,0,0,0,0,0,0,0,0,0,0,0,0,0,0,0,16,4294967295,4294967295,4294967295,18,4294967295,15,26,25,4294967295
921,1,66,69,3,64,64,0,0,0,65,0,186752,186752,6094,6094,0,7651,179101,0,0,0,2918,186752,5058,1529,896,1023,10,15,0,1048576,0,0,0,inf,inf,1.12675476,0.965942383,1,0,10,66,2,1,58,6,4160,863,2853,2853,79,182592,6788,1529,258,1023,1023,1023,1023,0,0,1023,0,1,0,4,1,3,2,1,4,3,2,4,4,5,4,2,3,2,6,3,3,1,3,2,1,0,1,0,0,0,0,0,0,0,0,0,0,0,0,0,0,0,0,0,0,0,0,0,0,0,0,0,0,0,0,0,0,0,0,0,0,0,0,0,0,9,3,1,6,4,1,4,7,3,4
922,1,69,69,2,64,64,0,0,0,68,0,156608,156608,8021,8021,0,6979,149629,0,0,0,2447,156608,3490,424,544,1023,10,15,0,1048576,0,0,0,inf,inf,1.05863953,0.703689575,1,0,10,69,2,0,48,20,4352,484,2379,2379,13,152256,6495,424,4,1023,1023,1023,1023,0,0,1023,5,2,3,4,6,4,6,5,11,5,2,5,3,3,1,1,0,0,1,1,0,0,0,0,0,0,0,0,0,0,0,0,0,0,0,0,0,0,0,0,0,0,0,0,0,0,0,0,0,0,0,0,0,0,0,0,0,0,0,0,0,0,0,0,0,5,5,5,5,5,5,5,5,5,5
923,1,69,69,1,64,64,0,1,0,68,0,257856,257856,4336,4336,0,4234,253622,0,0,0,4029,257856,253,243,448,1023,10,15,0,1048576,0,0,0,inf,1.12135315,1.14268494,0.807235718,1,0,10,69,2,0,0,68,4352,46,3961,3961,0,253504,4188,243,0,480,1023,1023,1023,0,0,1023,36,21,9,1,1,0,0,0,0,0,0,0,0,0,0,0,0,0,0,0,0,0,0,0,0,0,0,0,0,0,0,0,0,0,0,0,0,0,0,0,0,0,0,0,0,0,0,0,0,0,0,0,0,0,0,0,0,0,0,0,0,0,0,0,0,36,19,57,37,37,11,6,7,23,7
924,1,69,69,1,64,64,0,3,0,68,0,264960,264960,4058,4058,0,3962,260998,0,0,0,4140,264960,161,151,1216,1023,10,15,0,1048576,0,0,0,inf,1.74597168,1.82653809,0.94317627,1,0,10,69,2,0,0,68,4352,33,4072,4072,0,260608,3929,151,0,39,1023,1023,1023,0,0,1023,43,19,4,2,0,0,0,0,0,0,0,0,0,0,0,0,0,0,0,0,0,0,0,0,0,0,0,0,0,0,0,0,0,0,0,0,0,0,0,0,0,0,0,0,0,0,0,0,0,0,0,0,0,0,0,0,0,0,0,0,0,0,0,0,0,3,3,4,47,3,2,2,7,5,0
925,0.100000001,69,69,1,64,64,0,4,0,68,0,276352,276352,3927,3927,0,4030,272322,0,0,0,4318,276352,203,193,608,16,10,15,0,1048576,0,0,0,inf,1.52832031,1.55389404,1.2701416,1,0,10,69,2,0,0,68,4352,12,4250,4250,0,272000,4018,193,0,0,16,16,16,0,0,16,57,10,1,0,0,0,0,0,0,0,0,0,0,0,0,0,0,0,0,0,0,0,0,0,0,0,0,0,0,0,0,0,0,0,0,0,0,0,0,0,0,0,0,0,0,0,0,0,0,0,0,0,0,0,0,0,0,0,0,0,0,0,0,0,0,4294967295,4294967295,4294967295,4294967295,57,4294967295,4294967295,4294967295,4294967295,4294967295
926,1,69,69,2,64,64,0,0,0,68,0,192256,192256,4973,4973,0,4374,187882,0,0,0,3004,192256,3414,249,1632,1023,10,15,0,1048576,0,0,0,inf,inf,1.39924622,0.731719971,1,0,10,69,2,0,50,18,4352,568,2936,2936,0,187904,3806,249,0,1023,1023,1023,1023,0,0,1023,4,3,5,2,4,3,2,4,3,6,8,4,6,4,4,2,3,0,1,0,0,0,0,0,0,0,0,0,0,0,0,0,0,0,0,0,0,0,0,0,0,0,0,0,0,0,0,0,0,0,0,0,0,0,0,0,0,0,0,0,0,0,0,0,0,7,7,7,7,7,7,7,18,6,10
927,1,66,69,3,64,64,0,0,0,65,0,184768,184768,5655,5655,0,6721,178047,0,0,0,2887,184768,4963,1252,896,1023,10,15,0,1048576,0,0,0,inf,inf,1.09437561,0.789581299,1,0,10,66,2,2,60,3,4160,814,2822,2822,68,180608,5907,1252,164,1023,1023,1023,1023,0,0,1023,0,0,0,1,2,4,1,6,6,4,5,1,5,8,5,4,1,0,2,0,3,1,0,3,0,1,0,0,0,0,0,0,0,1,0,0,1,0,0,0,0,0,0,0,0,0,0,0,0,0,0,0,0,0,0,0,0,0,0,0,0,0,0,0,0,3,3,3,2,3,3,3,3,3,3
928,1,66,69,3,64,64,0,0,0,65,0,241280,241280,4542,4542,0,4574,236706,0,0,0,3770,241280,660,399,1184,1023,10,15,0,1048576,0,0,0,inf,inf,1.27476501,1.02998352,1,0,10,66,2,0,4,61,4160,88,3705,3705,0,237120,4486,399,0,23,1023,1023,1023,0,0,1023,24,18,10,7,2,3,1,0,0,0,0,0,0,0,0,0,0,0,0,0,0,0,0,0,0,0,0,0,0,0,0,0,0,0,0,0,0,0,0,0,0,0,0,0,0,0,0,0,0,0,0,0,0,0,0,0,0,0,0,0,0,0,0,0,0,4,5,3,12,3,27,5,43,8,11
929,0.800000012,66,69,3,64,64,0,0,0,65,0,227392,227392,4853,4853,0,6085,221307,0,0,0,3553,227392,3385,1321,1632,1014,10,15,0,1048576,0,0,0,inf,inf,1.2431488,1.10435486,1,0,10,66,2,0,34,31,4160,407,3488,3488,43,223232,5678,1321,86,832,1014,1014,1014,0,0,1014,12,5,4,5,5,6,3,3,2,1,2,2,3,2,1,5,1,0,2,0,1,0,0,0,0,0,0,0,0,0,0,0,0,0,0,0,0,0,0,0,0,0,0,0,0,0,0,0,0,0,0,0,0,0,0,0,0,0,0,0,0,0,0,0,0,4294967295,41,38,4294967295,26,5,14,4,2,30
930,1,65,69,3,64,64,0,0,0,64,0,193024,193024,5138,5138,0,4884,188140,0,0,0,3016,193024,3040,448,1472,1023,10,15,0,1048576,0,0,0,inf,inf,1.30189514,0.920654297,1,0,10,65,2,0,41,23,4096,442,2952,2952,0,188928,4442,448,0,1023,1023,1023,1023,0,0,1023,3,2,4,7,7,2,8,7,4,5,2,1,2,4,3,1,0,1,1,0,0,0,0,0,0,0,0,0,0,0,0,0,0,0,0,0,0,0,0,0,0,0,0,0,0,0,0,0,0,0,0,0,0,0,0,0,0,0,0,0,0,0,0,0,0,1,2,3,1,2,1,2,1,2,2
931,0.899999976,69,69,1,64,64,0,11,0,68,0,249408,249408,4594,4594,0,4346,245062,0,0,0,3897,249408,278,205,800,895,10,15,0,1048576,0,0,0,inf,1.26365662,1.33084106,0.91255188,1,0,10,69,2,0,1,67,4352,70,3829,3829,0,245056,4276,205,0,606,895,895,895,0,0,895,31,18,11,4,3,0,1,0,0,0,0,0,0,0,0,0,0,0,0,0,0,0,0,0,0,0,0,0,0,0,0,0,0,0,0,0,0,0,0,0,0,0,0,0,0,0,0,0,0,0,0,0,0,0,0,0,0,0,0,0,0,0,0,0,0,19,19,19,18,18,31,21,4294967295,32,19
932,0,69,69,2,64,64,0,0,0,68,0,264768,264768,4163,4163,0,4225,260543,0,0,0,4137,264768,554,293,1088,0,10,15,0,1048576,0,0,0,inf,inf,2.31292725,2.08650208,1,0,10,69,2,0,4,64,4352,52,4069,4069,0,260416,4173,293,0,0,0,0,0,0,0,0,45,11,6,0,2,3,1,0,0,0,0,0,0,0,0,0,0,0,0,0,0,0,0,0,0,0,0,0,0,0,0,0,0,0,0,0,0,0,0,0,0,0,0,0,0,0,0,0,0,0,0,0,0,0,0,0,0,0,0,0,0,0,0,0,0,4294967295,4294967295,4294967295,4294967295,4294967295,4294967295,4294967295,4294967295,4294967295,4294967295
933,0.100000001,69,69,1,64,64,0,2,0,68,0,259072,259072,3972,3972,0,3972,255100,0,0,0,4048,259072,400,330,1920,16,10,15,0,1048576,0,0,0,inf,2.18408203,2.24462891,1.675354,1,0,10,69,2,0,1,67,4352,42,3980,3980,0,254720,3930,330,0,0,16,16,16,0,0,16,40,20,4,3,0,1,0,0,0,0,0,0,0,0,0,0,0,0,0,0,0,0,0,0,0,0,0,0,0,0,0,0,0,0,0,0,0,0,0,0,0,0,0,0,0,0,0,0,0,0,0,0,0,0,0,0,0,0,0,0,0,0,0,0,0,4294967295,4294967295,4294967295,4294967295,56,4294967295,4294967295,4294967295,4294967295,4294967295
934,1,66,69,3,64,64,0,0,0,65,0,184512,184512,6711,6711,0,7683,176829,0,0,0,2883,184512,4853,1356,1632,1023,10,15,0,1048576,0,0,0,inf,inf,1.05519104,0.808258057,1,0,10,66,2,1,56,8,4160,750,2818,2818,45,180352,6933,1356,88,1023,1023,1023,1023,0,0,1023,1,1,3,0,3,1,6,4,3,4,3,4,3,5,2,5,5,3,2,1,2,0,1,0,1,1,0,1,0,0,0,0,0,0,0,0,0,0,0,0,0,0,0,0,0,0,0,0,0,0,0,0,0,0,0,0,0,0,0,0,0,0,0,0,0,3,2,2,2,2,1,2,2,2,4
935,1,66,69,3,64,64,0,0,0,65,0,103616,103616,7983,7983,0,8181,95435,0,0,0,1619,103616,4367,897,768,1023,10,15,0,1048576,0,0,0,inf,inf,0.959884644,0.707077026,1,0,10,66,2,8,55,2,4160,1126,1554,1554,77,99456,7055,897,254,1023,1023,1023,1023,770,0,1023,0,0,0,1,1,0,0,1,2,2,2,2,4,5,4,6,1,3,3,5,1,5,2,4,2,1,1,2,3,0,1,0,0,1,0,0,0,0,0,0,0,0,0,0,0,0,0,0,0,0,0,0,0,0,0,0,0,0,0,0,0,0,0,0,0,3,2,2,2,3,2,2,3,2,3
936,0.300000012,69,69,1,64,64,0,7,0,68,0,260672,260672,4055,4055,0,3932,256740,0,0,0,4073,260672,217,207,352,49,10,15,0,1048576,0,0,0,inf,0.885574341,1.34889221,1.15763855,1,0,10,69,2,0,0,68,4352,17,4005,4005,0,256320,3915,207,0,0,49,49,49,0,0,49,52,15,1,0,0,0,0,0,0,0,0,0,0,0,0,0,0,0,0,0,0,0,0,0,0,0,0,0,0,0,0,0,0,0,0,0,0,0,0,0,0,0,0,0,0,0,0,0,0,0,0,0,0,0,0,0,0,0,0,0,0,0,0,0,0,68,4294967295,4294967295,4294967295,24,63,4294967295,4294967295,4294967295,4294967295
937,1,66,69,3,64,64,0,0,0,65,0,4160,4160,2933,2933,0,3892,268,0,0,0,65,4160,969,959,1472,1023,10,15,0,1048576,0,0,0,inf,inf,0.382873535,0.287658691,1,0,10,66,2,65,0,0,4160,3892,0,0,0,0,0,959,0,1023,0,1023,1023,0,0,1023,0,0,0,0,0,0,0,0,0,0,0,0,0,0,0,0,0,0,0,0,0,0,0,0,0,0,0,0,0,0,0,0,0,0,0,0,0,0,0,0,0,0,0,0,0,1,0,0,1,1,1,1,0,2,2,1,2,0,3,7,6,8,7,9,13,2,2,2,2,3,5,2,3,3,2
938,0.699999988,69,69,1,64,64,0,2,0,68,0,267264,267264,3987,3987,0,3878,263386,0,0,0,4176,267264,121,111,512,871,10,15,0,1048576,0,0,0,inf,1.31329346,1.32180786,0.883636475,1,0,10,69,2,0,0,68,4352,24,4108,4108,0,262912,3854,111,0,68,871,871,871,0,0,871,49,14,5,0,0,0,0,0,0,0,0,0,0,0,0,0,0,0,0,0,0,0,0,0,0,0,0,0,0,0,0,0,0,0,0,0,0,0,0,0,0,0,0,0,0,0,0,0,0,0,0,0,0,0,0,0,0,0,0,0,0,0,0,0,0,14,14,12,4294967295,4294967295,9,13,4294967295,14,18
939,1,69,69,1,64,64,0,5,0,68,0,235072,235072,5223,5223,0,5105,229967,0,0,0,3673,235072,1114,472,416,1023,10,15,0,1048576,0,0,0,inf,1.3712616,1.39216614,1.05177307,1,0,10,69,2,0,10,58,4352,157,3605,3605,0,230720,4948,472,0,1019,1023,1023,1023,0,0,1023,8,18,17,11,4,8,0,1,0,1,0,0,0,0,0,0,0,0,0,0,0,0,0,0,0,0,0,0,0,0,0,0,0,0,0,0,0,0,0,0,0,0,0,0,0,0,0,0,0,0,0,0,0,0,0,0,0,0,0,0,0,0,0,0,0,11,11,16,10,10,10,11,9,12,12
940,1,69,69,1,64,64,0,2,0,68,0,230912,230912,5005,5005,0,4556,226356,0,0,0,3608,230912,643,250,704,1023,10,15,0,1048576,0,0,0,inf,1.40074158,1.404953,0.947357178,1,0,10,69,2,0,6,62,4352,113,3540,3540,0,226560,4443,250,0,767,1023,1023,1023,0,0,1023,23,16,10,10,3,4,0,1,1,0,0,0,0,0,0,0,0,0,0,0,0,0,0,0,0,0,0,0,0,0,0,0,0,0,0,0,0,0,0,0,0,0,0,0,0,0,0,0,0,0,0,0,0,0,0,0,0,0,0,0,0,0,0,0,0,8,9,9,9,9,9,9,10,10,17
941,0.400000006,69,69,2,64,64,0,0,0,68,0,259520,259520,4222,4222,0,4331,255189,0,0,0,4055,259520,617,423,672,788,10,15,0,1048576,0,0,0,inf,inf,1.46760559,1.21240234,1,0,10,69,2,0,3,65,4352,51,3987,3987,0,255168,4280,423,0,4,788,788,788,0,0,788,37,22,5,1,0,2,1,0,0,0,0,0,0,0,0,0,0,0,0,0,0,0,0,0,0,0,0,0,0,0,0,0,0,0,0,0,0,0,0,0,0,0,0,0,0,0,0,0,0,0,0,0,0,0,0,0,0,0,0,0,0,0,0,0,0,4294967295,4294967295,24,4294967295,16,4294967295,4294967295,4294967295,8,33
942,1,67,69,3,64,64,0,0,0,66,0,253120,253120,4251,4251,0,4384,248736,0,0,0,3955,253120,424,414,1152,1023,10,15,0,1048576,0,0,0,inf,inf,1.17234802,0.931304932,1,0,10,67,2,0,0,66,4224,54,3889,3889,0,248896,4330,414,0,388,1023,1023,1023,0,0,1023,32,20,9,4,1,0,0,0,0,0,0,0,0,0,0,0,0,0,0,0,0,0,0,0,0,0,0,0,0,0,0,0,0,0,0,0,0,0,0,0,0,0,0,0,0,0,0,0,0,0,0,0,0,0,0,0,0,0,0,0,0,0,0,0,0,6,7,3,5,2,5,2,4,14,3
943,1,66,69,3,64,64,0,0,0,65,0,189760,189760,6288,6288,0,6827,182933,0,0,0,2965,189760,3513,1039,832,1023,10,15,0,1048576,0,0,0,inf,inf,1.24349976,0.873855591,1,0,10,66,2,0,40,25,4160,503,2900,2900,62,185600,6324,1039,141,983,1023,1023,1023,0,0,1023,5,3,3,8,6,3,4,2,3,6,1,3,3,5,2,1,3,0,1,0,1,2,0,0,0,0,0,0,0,0,0,0,0,0,0,0,0,0,0,0,0,0,0,0,0,0,0,0,0,0,0,0,0,0,0,0,0,0,0,0,0,0,0,0,0,2,2,3,3,1,2,2,3,3,3
944,1,65,69,3,64,64,0,0,0,64,0,216576,216576,5839,5839,0,6018,210558,0,0,0,3384,216576,1082,822,576,1023,10,15,0,1048576,0,0,0,inf,inf,1.82556152,1.54856873,1,0,10,65,2,0,4,60,4096,133,3320,3320,0,212480,5885,822,0,735,1023,1023,1023,0,0,1023,15,12,12,15,6,1,1,0,1,1,0,0,0,0,0,0,0,0,0,0,0,0,0,0,0,0,0,0,0,0,0,0,0,0,0,0,0,0,0,0,0,0,0,0,0,0,0,0,0,0,0,0,0,0,0,0,0,0,0,0,0,0,0,0,0,3,3,10,11,10,9,2,3,45,12
945,0,69,69,1,64,64,0,6,0,68,0,261056,261056,4051,4051,0,3897,257159,0,0,0,4079,261056,174,164,576,0,10,15,0,1048576,0,0,0,inf,2.0969696,2.24012756,1.91551208,1,0,10,69,2,0,0,68,4352,23,4011,4011,0,256704,3874,164,0,0,0,0,0,0,0,0,49,15,4,0,0,0,0,0,0,0,0,0,0,0,0,0,0,0,0,0,0,0,0,0,0,0,0,0,0,0,0,0,0,0,0,0,0,0,0,0,0,0,0,0,0,0,0,0,0,0,0,0,0,0,0,0,0,0,0,0,0,0,0,0,0,4294967295,4294967295,4294967295,4294967295,4294967295,4294967295,4294967295,4294967295,4294967295,4294967295
946,1,69,69,2,64,64,0,0,0,68,0,230464,230464,4812,4812,0,4447,226017,0,0,0,3601,230464,1568,224,544,1023,10,15,0,1048576,0,0,0,inf,inf,1.53530884,1.29789734,1,0,10,69,2,0,21,47,4352,230,3533,3533,0,226112,4217,224,0,223,1023,1023,1023,0,0,1023,23,9,7,7,1,1,8,0,3,2,2,1,2,1,0,0,0,0,0,1,0,0,0,0,0,0,0,0,0,0,0,0,0,0,0,0,0,0,0,0,0,0,0,0,0,0,0,0,0,0,0,0,0,0,0,0,0,0,0,0,0,0,0,0,0,5,25,5,5,4,30,49,49,6,15
947,1,65,69,3,64,64,0,0,0,64,0,205504,205504,7286,7286,0,7691,197813,0,0,0,3211,205504,2264,989,736,1023,10,15,0,1048576,0,0,0,inf,inf,1.00576782,0.776184082,1,0,10,65,2,0,20,44,4096,228,3147,3147,43,201408,7463,989,41,1023,1023,1023,1023,0,0,1023,9,5,9,9,12,7,6,2,2,1,2,0,0,0,0,0,0,0,0,0,0,0,0,0,0,0,0,0,0,0,0,0,0,0,0,0,0,0,0,0,0,0,0,0,0,0,0,0,0,0,0,0,0,0,0,0,0,0,0,0,0,0,0,0,0,1,2,1,1,1,1,1,2,2,3
948,0.200000003,69,69,1,64,64,0,3,0,68,0,250752,250752,4277,4277,0,4938,245814,0,0,0,3918,250752,1849,954,1472,520,10,15,0,1048576,0,0,0,inf,2.07841492,2.08827209,1.84332275,1,0,10,69,2,0,15,53,4352,200,3850,3850,4,246400,4738,954,2,520,520,520,520,0,0,520,14,15,9,7,8,5,2,3,2,0,0,0,2,0,0,0,1,0,0,0,0,0,0,0,0,0,0,0,0,0,0,0,0,0,0,0,0,0,0,0,0,0,0,0,0,0,0,0,0,0,0,0,0,0,0,0,0,0,0,0,0,0,0,0,0,4294967295,4294967295,4294967295,8,4294967295,4294967295,4294967295,4294967295,4294967295,29
949,0.699999988,69,69,2,64,64,0,0,0,68,0,268096,268096,4203,4203,0,4398,263698,0,0,0,4189,268096,394,384,384,956,10,15,0,1048576,0,0,0,inf,inf,1.55679321,1.31166077,1,0,10,69,2,0,0,68,4352,42,4121,4121,0,263744,4356,384,0,0,956,956,956,0,0,956,41,18,5,2,2,0,0,0,0,0,0,0,0,0,0,0,0,0,0,0,0,0,0,0,0,0,0,0,0,0,0,0,0,0,0,0,0,0,0,0,0,0,0,0,0,0,0,0,0,0,0,0,0,0,0,0,0,0,0,0,0,0,0,0,0,4294967295,4294967295,22,28,44,25,4294967295,31,29,21
950,1,66,69,3,64,64,0,0,0,65,0,225024,225024,4732,4732,0,4691,220333,0,0,0,3516,225024,750,551,352,1023,10,15,0,1048576,0,0,0,inf,inf,1.39932251,1.19117737,1,0,10,66,2,0,3,62,4160,117,3451,3451,0,220864,4574,551,0,511,1023,1023,1023,0,0,1023,15,15,15,13,4,2,0,1,0,0,0,0,0,0,0,0,0,0,0,0,0,0,0,0,0,0,0,0,0,0,0,0,0,0,0,0,0,0,0,0,0,0,0,0,0,0,0,0,0,0,0,0,0,0,0,0,0,0,0,0,0,0,0,0,0,2,5,5,4,6,3,3,3,3,2
951,0.5,66,69,3,64,64,0,0,0,65,0,245760,245760,4834,4834,0,5697,240063,0,0,0,3840,245760,1177,1167,512,372,10,15,0,1048576,0,0,0,inf,inf,1.74597168,1.55613708,1,0,10,66,2,0,0,65,4160,65,3775,3775,3,241600,5632,1167,8,64,372,372,372,0,0,372,27,22,7,7,2,0,0,0,0,0,0,0,0,0,0,0,0,0,0,0,0,0,0,0,0,0,0,0,0,0,0,0,0,0,0,0,0,0,0,0,0,0,0,0,0,0,0,0,0,0,0,0,0,0,0,0,0,0,0,0,0,0,0,0,0,4294967295,4294967295,9,4294967295,11,11,5,4294967295,9,4294967295
952,1,69,69,1,64,64,0,32,0,68,0,251456,251456,4894,4894,0,5061,246395,0,0,0,3929,251456,924,545,416,1023,10,15,0,1048576,0,0,0,inf,1.42146301,2.07939148,1.30023193,1,0,10,69,2,0,6,62,4352,113,3861,3861,0,247104,4948,545,0,222,1023,1023,1023,0,0,1023,25,16,7,11,3,4,0,1,0,0,0,1,0,0,0,0,0,0,0,0,0,0,0,0,0,0,0,0,0,0,0,0,0,0,0,0,0,0,0,0,0,0,0,0,0,0,0,0,0,0,0,0,0,0,0,0,0,0,0,0,0,0,0,0,0,56,56,56,56,55,56,56,56,65,64
953,0.600000024,69,69,1,64,64,0,5,0,68,0,271232,271232,4063,4063,0,4193,267039,0,0,0,4238,271232,302,292,160,423,10,15,0,1048576,0,0,0,inf,1.11167908,1.12350464,0.841064453,1,0,10,69,2,0,0,68,4352,20,4170,4170,0,266880,4173,292,0,0,423,423,423,0,0,423,51,14,3,0,0,0,0,0,0,0,0,0,0,0,0,0,0,0,0,0,0,0,0,0,0,0,0,0,0,0,0,0,0,0,0,0,0,0,0,0,0,0,0,0,0,0,0,0,0,0,0,0,0,0,0,0,0,0,0,0,0,0,0,0,0,44,43,10,4294967295,4294967295,22,4294967295,46,32,4294967295
954,1,66,69,3,64,64,0,0,0,65,0,168704,168704,9677,9677,0,9794,158910,0,0,0,2636,168704,3343,1168,768,1023,10,15,0,1048576,0,0,0,inf,inf,0.801330566,0.634963989,1,0,10,66,2,0,34,31,4160,423,2571,2571,34,164544,9371,1168,43,1023,1023,1023,1023,0,0,1023,3,4,8,8,8,4,4,3,1,4,1,1,6,6,0,0,2,1,1,0,0,0,0,0,0,0,0,0,0,0,0,0,0,0,0,0,0,0,0,0,0,0,0,0,0,0,0,0,0,0,0,0,0,0,0,0,0,0,0,0,0,0,0,0,0,2,2,2,2,3,3,2,2,5,2
955,1,67,69,3,64,64,0,0,0,66,0,249920,249920,5066,5066,0,5640,244280,0,0,0,3905,249920,1160,847,736,1023,10,15,0,1048576,0,0,0,inf,inf,1.20701599,1.0934906,1,0,10,67,2,0,5,61,4224,112,3839,3839,0,245696,5528,847,0,163,1023,1023,1023,0,0,1023,14,24,13,9,1,2,0,3,0,0,0,0,0,0,0,0,0,0,0,0,0,0,0,0,0,0,0,0,0,0,0,0,0,0,0,0,0,0,0,0,0,0,0,0,0,0,0,0,0,0,0,0,0,0,0,0,0,0,0,0,0,0,0,0,0,19,20,18,3,5,3,22,9,33,21
956,0.800000012,69,69,1,64,64,0,3,0,68,0,270016,270016,3979,3979,0,4082,265934,0,0,0,4219,270016,336,262,1024,383,10,15,0,1048576,0,0,0,inf,1.78182983,1.78540039,1.46516418,1,0,10,69,2,0,1,67,4352,42,4151,4151,0,265664,4040,262,0,48,383,383,383,0,0,383,41,17,8,0,1,1,0,0,0,0,0,0,0,0,0,0,0,0,0,0,0,0,0,0,0,0,0,0,0,0,0,0,0,0,0,0,0,0,0,0,0,0,0,0,0,0,0,0,0,0,0,0,0,0,0,0,0,0,0,0,0,0,0,0,0,9,51,52,14,53,9,45,4294967295,12,4294967295
957,0,69,69,1,64,64,0,5,0,68,0,245568,245568,4354,4354,0,3939,241629,0,0,0,3837,245568,124,114,608,0,10,15,0,1048576,0,0,0,inf,2.16418457,2.40382385,2.1199646,1,0,10,69,2,0,0,68,4352,54,3769,3769,0,241216,3885,114,0,0,0,0,0,0,0,0,37,18,4,8,1,0,0,0,0,0,0,0,0,0,0,0,0,0,0,0,0,0,0,0,0,0,0,0,0,0,0,0,0,0,0,0,0,0,0,0,0,0,0,0,0,0,0,0,0,0,0,0,0,0,0,0,0,0,0,0,0,0,0,0,0,4294967295,4294967295,4294967295,4294967295,4294967295,4294967295,4294967295,4294967295,4294967295,4294967295
958,1,69,69,2,64,64,0,0,0,68,0,246912,246912,4753,4753,0,4488,242424,0,0,0,3858,246912,261,251,832,1023,10,15,0,1048576,0,0,0,inf,inf,1.23005676,0.85975647,1,0,10,69,2,0,0,68,4352,46,3790,3790,0,242560,4442,251,0,0,1023,1023,1023,0,0,1023,37,22,4,4,1,0,0,0,0,0,0,0,0,0,0,0,0,0,0,0,0,0,0,0,0,0,0,0,0,0,0,0,0,0,0,0,0,0,0,0,0,0,0,0,0,0,0,0,0,0,0,0,0,0,0,0,0,0,0,0,0,0,0,0,0,6,7,5,6,7,15,6,12,10,11
959,1,66,69,3,64,64,0,0,0,65,0,234880,234880,5406,5406,0,5540,229340,0,0,0,3670,234880,868,603,160,1023,10,15,0,1048576,0,0,0,inf,inf,0.844589233,0.615661621,1,0,10,66,2,0,4,61,4160,86,3605,3605,0,230720,5454,603,0,451,1023,1023,1023,0,0,1023,26,20,7,4,4,2,1,0,1,0,0,0,0,0,0,0,0,0,0,0,0,0,0,0,0,0,0,0,0,0,0,0,0,0,0,0,0,0,0,0,0,0,0,0,0,0,0,0,0,0,0,0,0,0,0,0,0,0,0,0,0,0,0,0,0,28,5,6,6,25,2,2,2,3,2
960,1,69,69,1,64,64,0,1,0,68,0,260672,260672,4297,4297,0,4582,256090,0,0,0,4073,260672,607,597,192,1023,10,15,0,1048576,0,0,0,inf,1.33476257,1.33476257,1.07461548,1,0,10,69,2,0,0,68,4352,35,4005,4005,0,256320,4547,597,0,352,1023,1023,1023,0,0,1023,44,16,5,3,0,0,0,0,0,0,0,0,0,0,0,0,0,0,0,0,0,0,0,0,0,0,0,0,0,0,0,0,0,0,0,0,0,0,0,0,0,0,0,0,0,0,0,0,0,0,0,0,0,0,0,0,0,0,0,0,0,0,0,0,0,10,18,7,8,44,10,12,7,16,8
961,0.699999988,69,69,1,64,64,0,21,0,68,0,270016,270016,3965,3965,0,4126,265890,0,0,0,4219,270016,339,329,256,638,10,15,0,1048576,0,0,0,inf,1.33839417,1.62432861,1.26924133,1,0,10,69,2,0,0,68,4352,33,4151,4151,0,265664,4093,329,0,512,638,638,638,0,0,638,43,19,4,2,0,0,0,0,0,0,0,0,0,0,0,0,0,0,0,0,0,0,0,0,0,0,0,0,0,0,0,0,0,0,0,0,0,0,0,0,0,0,0,0,0,0,0,0,0,0,0,0,0,0,0,0,0,0,0,0,0,0,0,0,0,4294967295,63,60,46,33,54,55,4294967295,4294967295,59
962,1,69,69,1,64,64,0,3,0,68,0,156288,156288,6800,6800,0,7077,149211,0,0,0,2442,156288,4619,1125,256,1023,10,15,0,1048576,0,0,0,inf,0.870788574,0.891586304,0.645812988,1,0,10,69,2,2,55,11,4352,879,2374,2374,43,151936,6198,1125,104,1023,1023,1023,1023,0,0,1023,5,3,0,2,1,1,2,1,2,1,3,1,5,6,5,4,4,4,3,5,3,3,0,1,1,0,0,0,1,1,0,0,0,0,0,0,0,0,0,0,0,0,0,0,0,0,0,0,0,0,0,0,0,0,0,0,0,0,0,0,0,0,0,0,0,8,9,9,8,8,8,8,8,8,8
963,0.899999976,66,69,3,64,64,0,0,0,65,0,194624,194624,7954,7954,0,8440,186184,0,0,0,3041,194624,3568,1027,512,991,10,15,0,1048576,0,0,0,inf,inf,1.03723145,0.842269897,1,0,10,66,2,0,40,25,4160,393,2976,2976,69,190464,8047,1027,132,223,991,991,991,2,0,991,6,2,7,4,6,8,8,4,3,5,3,2,1,1,1,2,0,1,1,0,0,0,0,0,0,0,0,0,0,0,0,0,0,0,0,0,0,0,0,0,0,0,0,0,0,0,0,0,0,0,0,0,0,0,0,0,0,0,0,0,0,0,0,0,0,4,4,5,3,3,4294967295,4,3,2,4
964,0.699999988,66,69,3,64,64,0,0,0,65,0,207360,207360,6099,6099,0,7345,200015,0,0,0,3240,207360,3296,1159,1888,239,10,15,0,1048576,0,0,0,inf,inf,2.3135376,1.97535706,1,0,10,66,2,3,35,27,4160,572,3175,3175,72,203200,6773,1159,117,1,239,239,239,0,0,239,18,5,2,2,0,2,1,1,4,4,0,2,1,2,1,3,4,4,1,1,1,0,1,0,2,0,1,0,0,0,0,2,0,0,0,0,0,0,0,0,0,0,0,0,0,0,0,0,0,0,0,0,0,0,0,0,0,0,0,0,0,0,0,0,0,15,12,11,10,4294967295,11,9,8,4294967295,4294967295
965,1,69,69,2,64,64,0,0,0,68,0,142912,142912,5190,5190,0,4005,138907,0,0,0,2233,142912,3396,205,736,1023,10,15,0,1048576,0,0,0,inf,inf,1.4127655,0.256317139,1,0,10,69,2,1,50,17,4352,761,2165,2165,0,138560,3244,205,0,1023,1023,1023,1023,0,0,1023,8,5,2,1,1,5,0,3,1,2,2,4,4,2,4,3,1,4,0,2,2,5,2,2,1,1,0,0,1,0,0,0,0,0,0,0,0,0,0,0,0,0,0,0,0,0,0,0,0,0,0,0,0,0,0,0,0,0,0,0,0,0,0,0,0,8,8,8,8,8,8,8,8,8,8
966,0.899999976,69,69,2,64,64,0,0,0,68,0,247744,247744,4692,4692,0,4663,243081,0,0,0,3871,247744,458,448,384,767,10,15,0,1048576,0,0,0,inf,inf,0.914291382,0.659545898,1,0,10,69,2,0,0,68,4352,42,3803,3803,10,243392,4621,448,10,126,767,767,767,0,0,767,37,21,9,1,0,0,0,0,0,0,0,0,0,0,0,0,0,0,0,0,0,0,0,0,0,0,0,0,0,0,0,0,0,0,0,0,0,0,0,0,0,0,0,0,0,0,0,0,0,0,0,0,0,0,0,0,0,0,0,0,0,0,0,0,0,15,8,9,11,11,10,18,9,4294967295,18
967,1,68,69,3,64,64,0,0,0,67,0,257920,257920,3961,3961,0,3899,254021,0,0,0,4030,257920,289,220,608,1023,10,15,0,1048576,0,0,0,inf,inf,1.06851196,0.768264771,1,0,10,68,2,0,1,66,4288,43,3963,3963,0,253632,3856,220,0,910,1023,1023,1023,0,0,1023,37,21,7,1,0,1,0,0,0,0,0,0,0,0,0,0,0,0,0,0,0,0,0,0,0,0,0,0,0,0,0,0,0,0,0,0,0,0,0,0,0,0,0,0,0,0,0,0,0,0,0,0,0,0,0,0,0,0,0,0,0,0,0,0,0,12,5,20,20,9,17,13,6,4,4
968,0.899999976,66,69,3,64,64,0,0,0,65,0,241216,241216,4265,4265,0,4091,237125,0,0,0,3769,241216,539,209,352,1019,10,15,0,1048576,0,0,0,inf,inf,2.27360535,1.62924194,1,0,10,66,2,0,5,60,4160,73,3704,3704,0,237056,4018,209,0,27,1019,1019,1019,0,0,1019,32,21,2,3,2,3,0,0,2,0,0,0,0,0,0,0,0,0,0,0,0,0,0,0,0,0,0,0,0,0,0,0,0,0,0,0,0,0,0,0,0,0,0,0,0,0,0,0,0,0,0,0,0,0,0,0,0,0,0,0,0,0,0,0,0,11,11,4294967295,4,4,1,12,1,15,2
969,1,69,69,1,64,64,0,4,0,68,0,245568,245568,4700,4700,0,4673,240895,0,0,0,3837,245568,885,435,384,1023,10,15,0,1048576,0,0,0,inf,1.52308655,1.5332489,1.34829712,1,0,10,69,2,0,7,61,4352,121,3769,3769,0,241216,4552,435,0,629,1023,1023,1023,0,0,1023,22,13,16,8,2,4,1,0,1,0,1,0,0,0,0,0,0,0,0,0,0,0,0,0,0,0,0,0,0,0,0,0,0,0,0,0,0,0,0,0,0,0,0,0,0,0,0,0,0,0,0,0,0,0,0,0,0,0,0,0,0,0,0,0,0,9,12,9,10,10,19,10,10,9,56
970,1,66,69,3,64,64,0,0,0,65,0,223168,223168,4785,4785,0,4419,218749,0,0,0,3487,223168,820,248,160,1023,10,15,0,1048576,0,0,0,inf,inf,1.21949768,0.866195679,1,0,10,66,2,0,9,56,4160,124,3422,3422,0,219008,4295,248,0,632,1023,1023,1023,0,0,1023,26,18,6,3,3,3,2,2,0,0,0,1,0,0,0,0,0,0,0,0,0,1,0,0,0,0,0,0,0,0,0,0,0,0,0,0,0,0,0,0,0,0,0,0,0,0,0,0,0,0,0,0,0,0,0,0,0,0,0,0,0,0,0,0,0,14,6,7,5,8,6,6,7,4,5
971,0.800000012,67,69,3,64,64,0,0,0,66,0,253056,253056,4006,4006,0,3951,249105,0,0,0,3954,253056,428,230,416,383,10,15,0,1048576,0,0,0,inf,inf,1.5749054,1.17443848,1,0,10,67,2,0,3,63,4224,51,3888,3888,0,248832,3900,230,0,22,383,383,383,0,0,383,37,20,4,0,2,3,0,0,0,0,0,0,0,0,0,0,0,0,0,0,0,0,0,0,0,0,0,0,0,0,0,0,0,0,0,0,0,0,0,0,0,0,0,0,0,0,0,0,0,0,0,0,0,0,0,0,0,0,0,0,0,0,0,0,0,13,8,8,7,21,6,12,4294967295,24,4294967295
972,1,68,69,3,64,64,0,0,0,67,0,197696,197696,5412,5412,0,4744,192952,0,0,0,3089,197696,1797,336,736,1023,10,15,0,1048576,0,0,0,inf,inf,1.00126648,0.623245239,1,0,10,68,2,0,23,44,4288,262,3022,3022,0,193408,4482,336,0,1023,1023,1023,1023,0,0,1023,9,5,12,9,9,11,3,1,2,0,2,2,0,0,1,0,0,0,1,0,0,0,0,0,0,0,0,0,0,0,0,0,0,0,0,0,0,0,0,0,0,0,0,0,0,0,0,0,0,0,0,0,0,0,0,0,0,0,0,0,0,0,0,0,0,5,4,8,7,5,5,4,4,7,7
973,1,67,69,3,64,64,0,0,0,66,0,238080,238080,4593,4593,0,4574,233506,0,0,0,3720,238080,889,437,608,1023,10,15,0,1048576,0,0,0,inf,inf,1.5453949,1.2936554,1,0,10,67,2,0,7,59,4224,114,3654,3654,0,233856,4460,437,0,151,1023,1023,1023,0,0,1023,24,21,7,4,3,2,1,1,0,1,0,1,1,0,0,0,0,0,0,0,0,0,0,0,0,0,0,0,0,0,0,0,0,0,0,0,0,0,0,0,0,0,0,0,0,0,0,0,0,0,0,0,0,0,0,0,0,0,0,0,0,0,0,0,0,8,8,7,10,12,8,4,19,8,4
974,1,69,69,1,64,64,0,4,0,68,0,232896,232896,5274,5274,0,8104,224792,0,0,0,3639,232896,2098,1228,352,1023,10,15,0,1048576,0,0,0,inf,1.78819275,1.79693604,1.41377258,1,0,10,69,2,3,15,50,4352,343,3571,3571,230,228544,7761,1228,1015,824,1023,1023,1023,0,0,1023,22,14,8,2,4,3,2,0,0,0,1,0,0,0,2,1,1,1,0,2,0,0,1,1,0,0,0,1,0,0,0,0,1,0,0,0,1,0,0,0,0,0,0,0,0,0,0,0,0,0,0,0,0,0,0,0,0,0,0,0,0,0,0,0,0,17,17,18,16,16,15,15,15,20,28
975,0.899999976,69,69,1,64,64,0,7,0,68,0,266944,266944,4256,4256,0,4361,262583,0,0,0,4171,266944,320,310,128,767,10,15,0,1048576,0,0,0,inf,1.50088501,1.6444397,1.39352417,1,0,10,69,2,0,0,68,4352,44,4103,4103,0,262592,4317,310,0,26,767,767,767,0,0,767,39,20,5,2,2,0,0,0,0,0,0,0,0,0,0,0,0,0,0,0,0,0,0,0,0,0,0,0,0,0,0,0,0,0,0,0,0,0,0,0,0,0,0,0,0,0,0,0,0,0,0,0,0,0,0,0,0,0,0,0,0,0,0,0,0,51,17,14,14,13,43,46,50,4294967295,52
976,1,67,69,3,64,64,0,0,0,66,0,249280,249280,4391,4391,0,4361,244919,0,0,0,3895,249280,550,292,160,1023,10,15,0,1048576,0,0,0,inf,inf,1.25956726,0.960006714,1,0,10,67,2,0,4,62,4224,73,3829,3829,0,245056,4288,292,0,501,1023,1023,1023,0,0,1023,32,19,9,2,0,0,0,3,0,1,0,0,0,0,0,0,0,0,0,0,0,0,0,0,0,0,0,0,0,0,0,0,0,0,0,0,0,0,0,0,0,0,0,0,0,0,0,0,0,0,0,0,0,0,0,0,0,0,0,0,0,0,0,0,0,3,7,4,5,7,5,4,2,4,8
977,0.899999976,69,69,2,64,64,0,0,0,68,0,254464,254464,4684,4684,0,4769,249695,0,0,0,3976,254464,493,483,128,1023,10,15,0,1048576,0,0,0,inf,inf,1.30700684,0.996948242,1,0,10,69,2,0,0,68,4352,46,3908,3908,0,250112,4723,483,0,800,1023,1023,1023,0,0,511,32,27,8,1,0,0,0,0,0,0,0,0,0,0,0,0,0,0,0,0,0,0,0,0,0,0,0,0,0,0,0,0,0,0,0,0,0,0,0,0,0,0,0,0,0,0,0,0,0,0,0,0,0,0,0,0,0,0,0,0,0,0,0,0,0,16,5,6,7,6,7,9,13,9,7
978,0.400000006,69,69,1,64,64,0,14,0,68,0,257280,257280,4137,4137,0,4008,253272,0,0,0,4020,257280,592,202,1280,836,10,15,0,1048576,0,0,0,inf,1.56318665,1.78067017,1.4677887,1,0,10,69,2,0,6,62,4352,69,3952,3952,0,252928,3939,202,0,0,836,836,836,0,0,836,42,14,1,3,2,0,6,0,0,0,0,0,0,0,0,0,0,0,0,0,0,0,0,0,0,0,0,0,0,0,0,0,0,0,0,0,0,0,0,0,0,0,0,0,0,0,0,0,0,0,0,0,0,0,0,0,0,0,0,0,0,0,0,0,0,4294967295,4294967295,26,4294967295,4294967295,4294967295,24,4294967295,38,25
979,1,68,69,3,64,64,0,0,0,67,0,211264,211264,6368,6368,0,6489,204775,0,0,0,3301,211264,1511,991,192,1023,10,15,0,1048576,0,0,0,inf,inf,1.20843506,0.775619507,1,0,10,68,2,0,8,59,4288,124,3234,3234,20,206976,6365,991,36,1020,1023,1023,1023,0,0,1023,15,18,15,10,1,6,2,0,0,0,0,0,0,0,0,0,0,0,0,0,0,0,0,0,0,0,0,0,0,0,0,0,0,0,0,0,0,0,0,0,0,0,0,0,0,0,0,0,0,0,0,0,0,0,0,0,0,0,0,0,0,0,0,0,0,6,5,5,5,4,7,5,6,6,4
980,1,67,69,3,64,64,0,0,0,66,0,233536,233536,7071,7071,0,9341,224195,0,0,0,3649,233536,2347,1966,640,1023,10,15,0,1048576,0,0,0,inf,inf,1.46134949,1.2809906,1,0,10,67,2,0,6,60,4224,146,3583,3583,195,229312,9195,1966,399,403,1023,1023,1023,129,0,1023,10,16,14,14,6,2,2,2,0,0,0,0,0,0,0,0,0,0,0,0,0,0,0,0,0,0,0,0,0,0,0,0,0,0,0,0,0,0,0,0,0,0,0,0,0,0,0,0,0,0,0,0,0,0,0,0,0,0,0,0,0,0,0,0,0,9,9,15,27,31,3,2,26,9,16
981,1,66,69,3,64,64,0,0,0,65,0,176320,176320,8635,8635,0,8657,167663,0,0,0,2755,176320,2155,1129,384,1023,10,15,0,1048576,0,0,0,inf,inf,0.862106323,0.614776611,1,0,10,66,2,0,16,49,4160,232,2690,2690,29,172160,8425,1129,58,1023,1023,1023,1023,0,0,1023,5,9,9,14,12,3,3,5,1,3,0,0,1,0,0,0,0,0,0,0,0,0,0,0,0,0,0,0,0,0,0,0,0,0,0,0,0,0,0,0,0,0,0,0,0,0,0,0,0,0,0,0,0,0,0,0,0,0,0,0,0,0,0,0,0,2,3,2,2,2,2,2,2,1,2
982,1,68,69,3,64,64,0,0,0,67,0,246720,246720,4489,4489,0,4833,241887,0,0,0,3855,246720,1384,685,96,1023,10,15,0,1048576,0,0,0,inf,inf,1.2230072,1.02076721,1,0,10,68,2,0,11,56,4288,159,3788,3788,0,242432,4674,685,0,798,1023,1023,1023,0,0,1023,27,12,11,3,3,1,1,0,3,1,2,0,1,1,0,1,0,0,0,0,0,0,0,0,0,0,0,0,0,0,0,0,0,0,0,0,0,0,0,0,0,0,0,0,0,0,0,0,0,0,0,0,0,0,0,0,0,0,0,0,0,0,0,0,0,32,5,4,5,5,4,5,16,5,8
983,1,66,69,3,64,64,0,0,0,65,0,9344,9344,1703,1703,0,3666,5678,0,0,0,146,9344,1606,1494,544,1023,10,15,0,1048576,0,0,0,inf,inf,0.119827271,0.0942687988,1,0,10,66,2,63,2,0,4160,3063,81,81,73,5184,603,1494,320,1023,548,1023,1023,0,0,1023,0,0,0,0,0,0,0,0,0,0,0,0,0,0,0,0,0,0,0,0,1,0,0,0,0,1,0,0,1,0,0,0,1,1,2,1,3,2,1,3,1,0,3,3,3,1,2,0,2,2,2,2,2,3,4,3,3,0,3,3,4,2,0,0,0,2,2,5,3,24,5,3,3,14,17
984,0.800000012,69,69,1,64,64,0,2,0,68,0,238080,238080,4834,4834,0,4611,233469,0,0,0,3720,238080,904,321,448,639,10,15,0,1048576,0,0,0,inf,1.35142517,1.35484314,1.04495239,1,0,10,69,2,0,9,59,4352,156,3652,3652,0,233728,4455,321,0,620,639,639,639,0,0,639,19,17,12,6,5,1,1,1,2,1,0,2,1,0,0,0,0,0,0,0,0,0,0,0,0,0,0,0,0,0,0,0,0,0,0,0,0,0,0,0,0,0,0,0,0,0,0,0,0,0,0,0,0,0,0,0,0,0,0,0,0,0,0,0,0,20,13,22,20,12,20,19,4294967295,4294967295,20
985,0.800000012,69,69,1,64,64,0,19,0,68,0,269568,269568,3902,3902,0,3929,265639,0,0,0,4212,269568,228,218,256,479,10,15,0,1048576,0,0,0,inf,1.56364441,2.02308655,1.53919983,1,0,10,69,2,0,0,68,4352,17,4144,4144,0,265216,3912,218,0,0,479,479,479,0,0,479,54,12,1,1,0,0,0,0,0,0,0,0,0,0,0,0,0,0,0,0,0,0,0,0,0,0,0,0,0,0,0,0,0,0,0,0,0,0,0,0,0,0,0,0,0,0,0,0,0,0,0,0,0,0,0,0,0,0,0,0,0,0,0,0,0,37,35,35,49,48,4294967295,52,51,34,4294967295
986,0,69,69,1,64,64,0,28,0,68,0,239552,239552,7302,7302,0,7888,231664,0,0,0,3743,239552,2653,759,256,0,10,15,0,1048576,0,0,0,inf,1.84864807,1.90036011,1.76550293,1,0,10,69,2,0,30,38,4352,314,3675,3675,35,235200,7574,759,71,0,0,0,0,0,0,0,23,8,3,3,1,5,3,5,2,4,2,1,3,1,0,1,0,1,0,0,0,0,1,1,0,0,0,0,0,0,0,0,0,0,0,0,0,0,0,0,0,0,0,0,0,0,0,0,0,0,0,0,0,0,0,0,0,0,0,0,0,0,0,0,0,4294967295,4294967295,4294967295,4294967295,4294967295,4294967295,4294967295,4294967295,4294967295,4294967295
987,1,67,69,3,64,64,0,0,0,66,0,63040,63040,3444,3444,0,19220,43820,0,0,0,985,63040,3705,2209,352,1023,10,15,0,1048576,0,0,0,inf,inf,0.382064819,0.330505371,1,0,10,67,2,39,27,0,4224,1876,919,919,711,58816,17344,2209,8927,1023,1023,1023,1023,94,0,1023,0,0,0,0,0,0,0,0,0,0,0,0,1,1,0,1,2,1,1,2,1,2,3,5,4,3,2,2,3,3,2,3,2,4,1,5,1,2,2,2,1,1,0,1,0,0,1,0,1,0,0,0,0,0,0,0,0,0,0,0,0,0,0,0,0,3,3,3,4,11,2,3,2,11,3
988,0.800000012,69,69,1,64,64,0,18,0,68,0,266688,266688,4141,4141,0,4133,262555,0,0,0,4167,266688,238,228,608,763,10,15,0,1048576,0,0,0,inf,1.77148438,1.89530945,1.41773987,1,0,10,69,2,0,0,68,4352,17,4099,4099,0,262336,4116,228,0,128,763,763,763,0,0,763,55,9,4,0,0,0,0,0,0,0,0,0,0,0,0,0,0,0,0,0,0,0,0,0,0,0,0,0,0,0,0,0,0,0,0,0,0,0,0,0,0,0,0,0,0,0,0,0,0,0,0,0,0,0,0,0,0,0,0,0,0,0,0,0,0,38,35,4294967295,37,29,33,29,32,4294967295,33
989,1,69,69,1,64,64,0,20,0,68,0,239744,239744,4539,4539,0,4869,234875,0,0,0,3746,239744,872,625,224,1023,10,15,0,1048576,0,0,0,inf,1.29220581,1.4357605,1.19648743,1,0,10,69,2,3,4,61,4352,201,3678,3678,7,235392,4668,625,33,94,1023,1023,1023,0,0,1023,20,20,15,3,3,1,0,1,1,0,0,0,0,0,0,0,0,0,0,0,0,1,0,0,0,0,1,0,0,1,0,0,0,0,1,0,0,0,0,0,0,0,0,0,0,0,0,0,0,0,0,0,0,0,0,0,0,0,0,0,0,0,0,0,0,25,26,26,25,25,26,26,26,28,27
990,1,68,69,3,64,64,0,0,0,67,0,258752,258752,4609,4609,0,5069,253683,0,0,0,4043,258752,885,692,512,1023,10,15,0,1048576,0,0,0,inf,inf,1.18913269,0.936828613,1,0,10,68,2,0,3,64,4288,65,3976,3976,6,254464,5004,692,2,268,1023,1023,1023,0,0,1023,33,27,4,0,0,1,0,0,0,1,0,0,0,0,0,0,1,0,0,0,0,0,0,0,0,0,0,0,0,0,0,0,0,0,0,0,0,0,0,0,0,0,0,0,0,0,0,0,0,0,0,0,0,0,0,0,0,0,0,0,0,0,0,0,0,9,22,10,7,23,24,7,10,14,10
991,1,66,69,3,64,64,0,0,0,65,0,93888,93888,4061,4061,0,4436,89452,0,0,0,1467,93888,3094,652,896,1023,10,15,0,1048576,0,0,0,inf,inf,0.751754761,0.452880859,1,0,10,66,2,26,39,0,4160,1479,1402,1402,22,89728,2957,652,58,1023,1023,1023,1023,0,0,1023,0,0,0,0,0,0,2,2,0,0,0,1,0,2,3,3,2,2,1,2,4,1,2,3,3,6,5,1,5,2,2,3,4,2,1,1,0,0,0,0,0,0,0,0,0,0,0,0,0,0,0,0,0,0,0,0,0,0,0,0,0,0,0,0,0,3,3,3,3,2,2,3,3,3,3
992,1,69,69,1,64,64,0,1,0,68,0,199040,199040,5559,5559,0,4916,194124,0,0,0,3110,199040,2823,270,320,1023,10,15,0,1048576,0,0,0,inf,1.35235596,1.35235596,0.688903809,1,0,10,69,2,0,40,28,4352,397,3042,3042,0,194688,4519,270,0,511,1023,1023,1023,0,0,1023,10,4,6,5,3,3,6,6,5,6,5,3,3,2,0,0,0,0,0,0,0,0,1,0,0,0,0,0,0,0,0,0,0,0,0,0,0,0,0,0,0,0,0,0,0,0,0,0,0,0,0,0,0,0,0,0,0,0,0,0,0,0,0,0,0,7,7,6,6,7,7,7,7,6,7
993,0.899999976,66,69,3,64,64,0,0,0,65,0,219264,219264,7908,7908,0,9548,209716,0,0,0,3426,219264,2673,1480,224,1015,10,15,0,1048576,0,0,0,inf,inf,2.19281006,1.81497192,1,0,10,66,2,0,19,46,4160,197,3361,3361,139,215104,9351,1480,349,416,1015,1015,1015,0,0,1015,16,12,9,4,5,6,1,5,3,2,1,0,1,0,0,0,0,0,0,0,0,0,0,0,0,0,0,0,0,0,0,0,0,0,0,0,0,0,0,0,0,0,0,0,0,0,0,0,0,0,0,0,0,0,0,0,0,0,0,0,0,0,0,0,0,4,4,7,4294967295,5,3,5,8,10,6
994,0,69,69,1,64,64,0,25,0,68,0,271424,271424,4017,4017,0,4148,267276,0,0,0,4241,271424,343,270,576,0,10,15,0,1048576,0,0,0,inf,1.35362244,1.89930725,1.48750305,1,0,10,69,2,0,1,67,4352,40,4173,4173,0,267072,4108,270,0,0,0,0,0,0,0,0,41,21,2,2,1,1,0,0,0,0,0,0,0,0,0,0,0,0,0,0,0,0,0,0,0,0,0,0,0,0,0,0,0,0,0,0,0,0,0,0,0,0,0,0,0,0,0,0,0,0,0,0,0,0,0,0,0,0,0,0,0,0,0,0,0,4294967295,4294967295,4294967295,4294967295,4294967295,4294967295,4294967295,4294967295,4294967295,4294967295
995,1,68,69,3,64,64,0,0,0,67,0,247936,247936,5703,5703,0,6248,241688,0,0,0,3874,247936,1189,929,352,1023,10,15,0,1048576,0,0,0,inf,inf,1.02688599,0.863876343,1,0,10,68,2,0,4,63,4288,97,3807,3807,0,243648,6151,929,0,964,1023,1023,1023,0,0,1023,19,23,12,7,2,3,1,0,0,0,0,0,0,0,0,0,0,0,0,0,0,0,0,0,0,0,0,0,0,0,0,0,0,0,0,0,0,0,0,0,0,0,0,0,0,0,0,0,0,0,0,0,0,0,0,0,0,0,0,0,0,0,0,0,0,11,8,19,3,3,4,13,12,7,5
996,0.600000024,67,69,3,64,64,0,0,0,66,0,255808,255808,4089,4089,0,4249,251559,0,0,0,3997,255808,429,419,288,760,10,15,0,1048576,0,0,0,inf,inf,1.14338684,0.92956543,1,0,10,67,2,0,0,66,4224,34,3931,3931,0,251584,4215,419,0,176,760,760,760,0,0,760,39,23,2,1,1,0,0,0,0,0,0,0,0,0,0,0,0,0,0,0,0,0,0,0,0,0,0,0,0,0,0,0,0,0,0,0,0,0,0,0,0,0,0,0,0,0,0,0,0,0,0,0,0,0,0,0,0,0,0,0,0,0,0,0,0,4294967295,4294967295,4294967295,25,8,9,20,16,4294967295,19
997,1,69,69,1,64,64,0,2,0,68,0,260928,260928,4072,4072,0,3902,257026,0,0,0,4077,260928,159,149,160,1023,10,15,0,1048576,0,0,0,inf,0.921524048,1.15219116,0.702529907,1,0,10,69,2,0,0,68,4352,24,4009,4009,0,256576,3878,149,0,428,1023,1023,1023,0,0,1023,47,18,3,0,0,0,0,0,0,0,0,0,0,0,0,0,0,0,0,0,0,0,0,0,0,0,0,0,0,0,0,0,0,0,0,0,0,0,0,0,0,0,0,0,0,0,0,0,0,0,0,0,0,0,0,0,0,0,0,0,0,0,0,0,0,12,9,13,13,10,14,16,9,9,15
998,0.5,69,69,1,64,64,0,6,0,68,0,239744,239744,5323,5323,0,5217,234527,0,0,0,3746,239744,1903,302,352,837,10,15,0,1048576,0,0,0,inf,1.53410339,1.54292297,1.33236694,1,0,10,69,2,0,25,43,4352,266,3678,3678,0,235392,4951,302,0,261,837,837,837,0,0,837,22,7,5,6,3,4,2,4,4,2,3,1,1,0,4,0,0,0,0,0,0,0,0,0,0,0,0,0,0,0,0,0,0,0,0,0,0,0,0,0,0,0,0,0,0,0,0,0,0,0,0,0,0,0,0,0,0,0,0,0,0,0,0,0,0,43,4294967295,15,4294967295,4294967295,4294967295,60,4294967295,11,40
999,0.800000012,69,69,1,64,64,0,6,0,68,0,255296,255296,4495,4495,0,4406,250890,0,0,0,3989,255296,312,302,1248,510,10,15,0,1048576,0,0,0,inf,2.12806702,2.16465759,1.77433777,1,0,10,69,2,0,0,68,4352,40,3921,3921,0,250944,4366,302,0,256,510,510,510,0,0,510,41,16,9,2,0,0,0,0,0,0,0,0,0,0,0,0,0,0,0,0,0,0,0,0,0,0,0,0,0,0,0,0,0,0,0,0,0,0,0,0,0,0,0,0,0,0,0,0,0,0,0,0,0,0,0,0,0,0,0,0,0,0,0,0,0,4294967295,17,22,11,22,14,12,13,38,4294967295
