query_id,recall,iterations,resolved_max_iterations,stop_reason,terminal_valid,terminal_pass,terminal_reject,terminal_unexpanded_pass,terminal_unexpanded_reject,expanded_pass_parents,expanded_reject_parents,candidate_attempts,candidate_evaluations,candidate_duplicate_or_full,candidate_duplicates,candidate_hash_full,passing_candidates,rejected_candidates,penalized_candidates,accumulator_observations,accumulator_insertions,graph_rows_read,predicate_probes,distance_evaluations,passing_admissions,seed_inspected_units,gt_seen_mask,output_count,hash_bitlen,small_hash_bitlen,small_hash_reset_interval,resolved_filtering_rate,reference_penalty,query_penalty,terminal_cutoff,best_unexpanded_distance,worst_retained_distance,kth_passing_raw_distance,navix_seed_found,navix_seed_iteration,navix_seed_count,navix_post_seed_iterations,navix_terminal_phase,navix_one_hop_parents,navix_directed_parents,navix_blind_parents,navix_first_hop_checks,navix_first_hop_passing,navix_bridge_rows,navix_bridge_rows_loaded,navix_bridge_rows_after_cap,navix_second_hop_checks,navix_second_hop_passing,navix_admitted_candidates,navix_cap_blocked_unique,navix_gt_first_hop_mask,navix_gt_second_hop_mask,navix_gt_admitted_mask,navix_gt_retained_mask,navix_gt_cap_blocked_mask,navix_gt_hash_full_mask,navix_gt_output_mask,navix_local_p_0,navix_local_p_1,navix_local_p_2,navix_local_p_3,navix_local_p_4,navix_local_p_5,navix_local_p_6,navix_local_p_7,navix_local_p_8,navix_local_p_9,navix_local_p_10,navix_local_p_11,navix_local_p_12,navix_local_p_13,navix_local_p_14,navix_local_p_15,navix_local_p_16,navix_local_p_17,navix_local_p_18,navix_local_p_19,navix_local_p_20,navix_local_p_21,navix_local_p_22,navix_local_p_23,navix_local_p_24,navix_local_p_25,navix_local_p_26,navix_local_p_27,navix_local_p_28,navix_local_p_29,navix_local_p_30,navix_local_p_31,navix_local_p_32,navix_local_p_33,navix_local_p_34,navix_local_p_35,navix_local_p_36,navix_local_p_37,navix_local_p_38,navix_local_p_39,navix_local_p_40,navix_local_p_41,navix_local_p_42,navix_local_p_43,navix_local_p_44,navix_local_p_45,navix_local_p_46,navix_local_p_47,navix_local_p_48,navix_local_p_49,navix_local_p_50,navix_local_p_51,navix_local_p_52,navix_local_p_53,navix_local_p_54,navix_local_p_55,navix_local_p_56,navix_local_p_57,navix_local_p_58,navix_local_p_59,navix_local_p_60,navix_local_p_61,navix_local_p_62,navix_local_p_63,navix_local_p_64,gt_first_iteration_0,gt_first_iteration_1,gt_first_iteration_2,gt_first_iteration_3,gt_first_iteration_4,gt_first_iteration_5,gt_first_iteration_6,gt_first_iteration_7,gt_first_iteration_8,gt_first_iteration_9
0,0.899999976,69,69,1,64,6,58,4,58,2,66,2176,1056,1120,1120,0,46,1010,0,31,30,68,659,1152,46,0,1021,10,13,0,1048576,0,0,0,inf,1.02715516,1.22660804,1.12245011,0,0,0,0,0,0,0,0,0,0,0,0,0,0,0,0,0,0,0,0,0,0,0,1021,0,0,0,0,0,0,0,0,0,0,0,0,0,0,0,0,0,0,0,0,0,0,0,0,0,0,0,0,0,0,0,0,0,0,0,0,0,0,0,0,0,0,0,0,0,0,0,0,0,0,0,0,0,0,0,0,0,0,0,0,0,0,0,0,0,5,4294967295,9,9,2,3,21,11,31,16
1,0.5,69,69,1,64,1,63,0,63,1,67,2176,1121,1055,1055,0,14,1107,0,27,23,68,1089,1217,14,0,79,10,13,0,1048576,0,0,0,inf,1.00947595,1.19243407,1.30115807,0,0,0,0,0,0,0,0,0,0,0,0,0,0,0,0,0,0,0,0,0,0,0,79,0,0,0,0,0,0,0,0,0,0,0,0,0,0,0,0,0,0,0,0,0,0,0,0,0,0,0,0,0,0,0,0,0,0,0,0,0,0,0,0,0,0,0,0,0,0,0,0,0,0,0,0,0,0,0,0,0,0,0,0,0,0,0,0,0,11,14,14,30,4294967295,4294967295,13,4294967295,4294967295,4294967295
2,0,69,69,1,64,0,64,0,64,0,68,2176,984,1192,1192,0,0,984,0,1,1,68,1148,1080,0,0,0,1,13,0,1048576,0,0,0,inf,0.958888531,1.08420646,inf,0,0,0,0,0,0,0,0,0,0,0,0,0,0,0,0,0,0,0,0,0,0,0,0,0,0,0,0,0,0,0,0,0,0,0,0,0,0,0,0,0,0,0,0,0,0,0,0,0,0,0,0,0,0,0,0,0,0,0,0,0,0,0,0,0,0,0,0,0,0,0,0,0,0,0,0,0,0,0,0,0,0,0,0,0,0,0,0,0,4294967295,4294967295,4294967295,4294967295,4294967295,4294967295,4294967295,4294967295,4294967295,4294967295
3,0.300000012,69,69,1,64,0,64,0,64,0,68,2176,1310,866,866,0,6,1304,0,11,11,68,1473,1406,6,0,532,10,13,0,1048576,0,0,0,inf,1.05701995,1.15750372,1.58933735,0,0,0,0,0,0,0,0,0,0,0,0,0,0,0,0,0,0,0,0,0,0,0,532,0,0,0,0,0,0,0,0,0,0,0,0,0,0,0,0,0,0,0,0,0,0,0,0,0,0,0,0,0,0,0,0,0,0,0,0,0,0,0,0,0,0,0,0,0,0,0,0,0,0,0,0,0,0,0,0,0,0,0,0,0,0,0,0,0,4294967295,4294967295,37,4294967295,37,4294967295,4294967295,4294967295,4294967295,14
4,0.200000003,69,69,1,64,0,64,0,64,0,68,2176,1446,730,730,0,3,1443,0,10,10,68,1610,1542,3,0,10,10,13,0,1048576,0,0,0,inf,1.00656235,1.10049891,1.61729646,0,0,0,0,0,0,0,0,0,0,0,0,0,0,0,0,0,0,0,0,0,0,0,10,0,0,0,0,0,0,0,0,0,0,0,0,0,0,0,0,0,0,0,0,0,0,0,0,0,0,0,0,0,0,0,0,0,0,0,0,0,0,0,0,0,0,0,0,0,0,0,0,0,0,0,0,0,0,0,0,0,0,0,0,0,0,0,0,0,4294967295,32,4294967295,3,4294967295,4294967295,4294967295,4294967295,4294967295,4294967295
5,1,68,69,3,64,64,0,0,0,65,2,2144,1391,753,753,0,1254,137,0,101,48,67,238,1487,1254,0,1023,10,13,0,1048576,0,0,0,inf,inf,0.89822489,0.778828442,0,0,0,0,0,0,0,0,0,0,0,0,0,0,0,0,0,0,0,0,0,0,0,1023,0,0,0,0,0,0,0,0,0,0,0,0,0,0,0,0,0,0,0,0,0,0,0,0,0,0,0,0,0,0,0,0,0,0,0,0,0,0,0,0,0,0,0,0,0,0,0,0,0,0,0,0,0,0,0,0,0,0,0,0,0,0,0,0,0,2,2,3,3,1,9,4,3,9,3
6,0.899999976,69,69,1,64,11,53,4,53,7,61,2176,1222,954,954,0,108,1114,0,51,36,68,658,1318,108,0,895,10,13,0,1048576,0,0,0,inf,0.953602552,1.06197262,0.975380063,0,0,0,0,0,0,0,0,0,0,0,0,0,0,0,0,0,0,0,0,0,0,0,895,0,0,0,0,0,0,0,0,0,0,0,0,0,0,0,0,0,0,0,0,0,0,0,0,0,0,0,0,0,0,0,0,0,0,0,0,0,0,0,0,0,0,0,0,0,0,0,0,0,0,0,0,0,0,0,0,0,0,0,0,0,0,0,0,0,12,41,20,15,23,26,27,4294967295,27,9
7,0.300000012,69,69,1,64,1,63,0,63,1,67,2176,969,1207,1207,0,14,955,0,23,19,68,1114,1065,14,0,131,10,13,0,1048576,0,0,0,inf,0.977073848,1.20474577,1.35991454,0,0,0,0,0,0,0,0,0,0,0,0,0,0,0,0,0,0,0,0,0,0,0,131,0,0,0,0,0,0,0,0,0,0,0,0,0,0,0,0,0,0,0,0,0,0,0,0,0,0,0,0,0,0,0,0,0,0,0,0,0,0,0,0,0,0,0,0,0,0,0,0,0,0,0,0,0,0,0,0,0,0,0,0,0,0,0,0,0,24,30,4294967295,4294967295,4294967295,4294967295,4294967295,52,4294967295,4294967295
8,0,69,69,1,64,0,64,0,64,0,68,2176,1108,1068,1068,0,4,1104,0,18,15,68,1267,1204,4,0,0,10,13,0,1048576,0,0,0,inf,0.912847877,1.02192426,1.39001656,0,0,0,0,0,0,0,0,0,0,0,0,0,0,0,0,0,0,0,0,0,0,0,0,0,0,0,0,0,0,0,0,0,0,0,0,0,0,0,0,0,0,0,0,0,0,0,0,0,0,0,0,0,0,0,0,0,0,0,0,0,0,0,0,0,0,0,0,0,0,0,0,0,0,0,0,0,0,0,0,0,0,0,0,0,0,0,0,0,4294967295,4294967295,4294967295,4294967295,4294967295,4294967295,4294967295,4294967295,4294967295,4294967295
9,0.899999976,69,69,1,64,16,48,7,48,9,59,2176,1109,1067,1067,0,196,913,0,58,37,68,443,1205,196,0,767,10,13,0,1048576,0,0,0,inf,0.958371043,1.05484867,0.962088108,0,0,0,0,0,0,0,0,0,0,0,0,0,0,0,0,0,0,0,0,0,0,0,767,0,0,0,0,0,0,0,0,0,0,0,0,0,0,0,0,0,0,0,0,0,0,0,0,0,0,0,0,0,0,0,0,0,0,0,0,0,0,0,0,0,0,0,0,0,0,0,0,0,0,0,0,0,0,0,0,0,0,0,0,0,0,0,0,0,4,11,8,4,13,8,12,14,4294967295,21
10,0.800000012,69,69,1,64,1,63,0,63,1,67,2176,1338,838,838,0,59,1279,0,48,37,68,936,1434,59,0,703,10,13,0,1048576,0,0,0,inf,1.06307328,1.15477657,1.19445205,0,0,0,0,0,0,0,0,0,0,0,0,0,0,0,0,0,0,0,0,0,0,0,703,0,0,0,0,0,0,0,0,0,0,0,0,0,0,0,0,0,0,0,0,0,0,0,0,0,0,0,0,0,0,0,0,0,0,0,0,0,0,0,0,0,0,0,0,0,0,0,0,0,0,0,0,0,0,0,0,0,0,0,0,0,0,0,0,0,3,5,15,50,9,55,4294967295,4,4294967295,40
11,0.899999976,69,69,1,64,13,51,5,51,8,60,2176,1491,685,685,0,163,1328,0,44,34,68,504,1587,163,0,767,10,13,0,1048576,0,0,0,inf,0.997218788,1.09357262,1.01796842,0,0,0,0,0,0,0,0,0,0,0,0,0,0,0,0,0,0,0,0,0,0,0,767,0,0,0,0,0,0,0,0,0,0,0,0,0,0,0,0,0,0,0,0,0,0,0,0,0,0,0,0,0,0,0,0,0,0,0,0,0,0,0,0,0,0,0,0,0,0,0,0,0,0,0,0,0,0,0,0,0,0,0,0,0,0,0,0,0,9,9,6,10,14,15,13,7,4294967295,10
12,1,69,69,1,64,16,48,9,48,8,60,2176,1374,802,802,0,171,1203,0,63,35,68,382,1470,171,0,1023,10,13,0,1048576,0,0,0,inf,0.978026748,1.12956429,0.995970488,0,0,0,0,0,0,0,0,0,0,0,0,0,0,0,0,0,0,0,0,0,0,0,1023,0,0,0,0,0,0,0,0,0,0,0,0,0,0,0,0,0,0,0,0,0,0,0,0,0,0,0,0,0,0,0,0,0,0,0,0,0,0,0,0,0,0,0,0,0,0,0,0,0,0,0,0,0,0,0,0,0,0,0,0,0,0,0,0,0,3,7,7,4,4,7,24,7,7,48
13,1,69,69,1,64,64,0,1,0,63,5,2176,1227,949,949,0,1007,220,0,66,34,68,260,1323,1007,0,1023,10,13,0,1048576,0,0,0,inf,1.01606059,1.01606059,0.884689093,0,0,0,0,0,0,0,0,0,0,0,0,0,0,0,0,0,0,0,0,0,0,0,1023,0,0,0,0,0,0,0,0,0,0,0,0,0,0,0,0,0,0,0,0,0,0,0,0,0,0,0,0,0,0,0,0,0,0,0,0,0,0,0,0,0,0,0,0,0,0,0,0,0,0,0,0,0,0,0,0,0,0,0,0,0,0,0,0,0,2,3,2,3,2,5,1,4,2,8
14,0.699999988,69,69,1,64,3,61,1,61,2,66,2176,1477,699,699,0,107,1370,0,39,30,68,599,1573,107,0,855,10,13,0,1048576,0,0,0,inf,1.05404472,1.13379407,1.13683558,0,0,0,0,0,0,0,0,0,0,0,0,0,0,0,0,0,0,0,0,0,0,0,855,0,0,0,0,0,0,0,0,0,0,0,0,0,0,0,0,0,0,0,0,0,0,0,0,0,0,0,0,0,0,0,0,0,0,0,0,0,0,0,0,0,0,0,0,0,0,0,0,0,0,0,0,0,0,0,0,0,0,0,0,0,0,0,0,0,61,6,1,4294967295,23,4294967295,37,4294967295,11,4
15,0.5,69,69,1,64,3,61,3,61,0,68,2176,1281,895,895,0,40,1241,0,36,32,68,984,1377,40,0,849,10,13,0,1048576,0,0,0,inf,1.06939793,1.1843946,1.1909678,0,0,0,0,0,0,0,0,0,0,0,0,0,0,0,0,0,0,0,0,0,0,0,849,0,0,0,0,0,0,0,0,0,0,0,0,0,0,0,0,0,0,0,0,0,0,0,0,0,0,0,0,0,0,0,0,0,0,0,0,0,0,0,0,0,0,0,0,0,0,0,0,0,0,0,0,0,0,0,0,0,0,0,0,0,0,0,0,0,12,4294967295,4294967295,4294967295,45,4294967295,42,4294967295,8,65
16,0.699999988,69,69,1,64,5,59,4,59,1,67,2176,1214,962,962,0,50,1164,0,43,28,68,994,1310,50,0,695,10,13,0,1048576,0,0,0,inf,1.00932169,1.12146056,1.16869175,0,0,0,0,0,0,0,0,0,0,0,0,0,0,0,0,0,0,0,0,0,0,0,695,0,0,0,0,0,0,0,0,0,0,0,0,0,0,0,0,0,0,0,0,0,0,0,0,0,0,0,0,0,0,0,0,0,0,0,0,0,0,0,0,0,0,0,0,0,0,0,0,0,0,0,0,0,0,0,0,0,0,0,0,0,0,0,0,0,39,50,19,4294967295,14,13,4294967295,5,4294967295,47
17,0.200000003,69,69,1,64,0,64,0,64,0,68,2176,1379,797,797,0,17,1362,0,31,27,68,1527,1475,17,0,24,10,13,0,1048576,0,0,0,inf,1.00955176,1.2330786,1.39451087,0,0,0,0,0,0,0,0,0,0,0,0,0,0,0,0,0,0,0,0,0,0,0,24,0,0,0,0,0,0,0,0,0,0,0,0,0,0,0,0,0,0,0,0,0,0,0,0,0,0,0,0,0,0,0,0,0,0,0,0,0,0,0,0,0,0,0,0,0,0,0,0,0,0,0,0,0,0,0,0,0,0,0,0,0,0,0,0,0,4294967295,4294967295,4294967295,45,43,4294967295,4294967295,4294967295,4294967295,4294967295
18,0.300000012,69,69,1,64,0,64,0,64,0,68,2176,1185,991,991,0,7,1178,0,9,9,68,1349,1281,7,0,28,9,13,0,1048576,0,0,0,inf,1.01072717,1.09970403,inf,0,0,0,0,0,0,0,0,0,0,0,0,0,0,0,0,0,0,0,0,0,0,0,28,0,0,0,0,0,0,0,0,0,0,0,0,0,0,0,0,0,0,0,0,0,0,0,0,0,0,0,0,0,0,0,0,0,0,0,0,0,0,0,0,0,0,0,0,0,0,0,0,0,0,0,0,0,0,0,0,0,0,0,0,0,0,0,0,0,4294967295,4294967295,53,52,36,4294967295,4294967295,4294967295,4294967295,4294967295
19,0,69,69,1,64,0,64,0,64,0,68,2176,523,1653,1653,0,0,523,0,2,2,68,687,619,0,0,0,2,13,0,1048576,0,0,0,inf,0.779638052,1.06994247,inf,0,0,0,0,0,0,0,0,0,0,0,0,0,0,0,0,0,0,0,0,0,0,0,0,0,0,0,0,0,0,0,0,0,0,0,0,0,0,0,0,0,0,0,0,0,0,0,0,0,0,0,0,0,0,0,0,0,0,0,0,0,0,0,0,0,0,0,0,0,0,0,0,0,0,0,0,0,0,0,0,0,0,0,0,0,0,0,0,0,4294967295,4294967295,4294967295,4294967295,4294967295,4294967295,4294967295,4294967295,4294967295,4294967295
20,1,69,69,2,64,64,0,0,0,66,2,2176,1302,874,874,0,1182,120,0,104,52,68,244,1398,1182,0,1023,10,13,0,1048576,0,0,0,inf,inf,1.01782036,0.923345149,0,0,0,0,0,0,0,0,0,0,0,0,0,0,0,0,0,0,0,0,0,0,0,1023,0,0,0,0,0,0,0,0,0,0,0,0,0,0,0,0,0,0,0,0,0,0,0,0,0,0,0,0,0,0,0,0,0,0,0,0,0,0,0,0,0,0,0,0,0,0,0,0,0,0,0,0,0,0,0,0,0,0,0,0,0,0,0,0,0,14,7,10,7,8,7,5,4,5,9
21,0.5,69,69,1,64,1,63,0,63,1,67,2176,1424,752,752,0,10,1414,0,13,13,68,1575,1520,10,0,403,10,13,0,1048576,0,0,0,inf,1.01877427,1.08727598,1.37639987,0,0,0,0,0,0,0,0,0,0,0,0,0,0,0,0,0,0,0,0,0,0,0,403,0,0,0,0,0,0,0,0,0,0,0,0,0,0,0,0,0,0,0,0,0,0,0,0,0,0,0,0,0,0,0,0,0,0,0,0,0,0,0,0,0,0,0,0,0,0,0,0,0,0,0,0,0,0,0,0,0,0,0,0,0,0,0,0,0,45,48,4294967295,4294967295,59,4294967295,4294967295,59,5,4294967295
22,0.100000001,69,69,1,64,1,63,1,63,0,68,2176,1442,734,734,0,1,1441,0,6,6,68,1606,1538,1,0,1,6,13,0,1048576,0,0,0,inf,0.989740849,1.08143878,inf,0,0,0,0,0,0,0,0,0,0,0,0,0,0,0,0,0,0,0,0,0,0,0,1,0,0,0,0,0,0,0,0,0,0,0,0,0,0,0,0,0,0,0,0,0,0,0,0,0,0,0,0,0,0,0,0,0,0,0,0,0,0,0,0,0,0,0,0,0,0,0,0,0,0,0,0,0,0,0,0,0,0,0,0,0,0,0,0,0,45,4294967295,4294967295,4294967295,4294967295,4294967295,4294967295,4294967295,4294967295,4294967295
23,0,69,69,1,64,0,64,0,64,0,68,2176,1422,754,754,0,1,1421,0,4,4,68,1586,1518,1,0,0,4,13,0,1048576,0,0,0,inf,0.996442914,1.10316324,inf,0,0,0,0,0,0,0,0,0,0,0,0,0,0,0,0,0,0,0,0,0,0,0,0,0,0,0,0,0,0,0,0,0,0,0,0,0,0,0,0,0,0,0,0,0,0,0,0,0,0,0,0,0,0,0,0,0,0,0,0,0,0,0,0,0,0,0,0,0,0,0,0,0,0,0,0,0,0,0,0,0,0,0,0,0,0,0,0,0,4294967295,4294967295,4294967295,4294967295,4294967295,4294967295,4294967295,4294967295,4294967295,4294967295
24,0.200000003,69,69,1,64,0,64,0,64,0,68,2176,1284,892,892,0,7,1277,0,11,11,68,1448,1380,7,0,18,10,13,0,1048576,0,0,0,inf,1.05439186,1.12551856,1.59878612,0,0,0,0,0,0,0,0,0,0,0,0,0,0,0,0,0,0,0,0,0,0,0,18,0,0,0,0,0,0,0,0,0,0,0,0,0,0,0,0,0,0,0,0,0,0,0,0,0,0,0,0,0,0,0,0,0,0,0,0,0,0,0,0,0,0,0,0,0,0,0,0,0,0,0,0,0,0,0,0,0,0,0,0,0,0,0,0,0,4294967295,52,4294967295,4294967295,56,4294967295,4294967295,4294967295,4294967295,4294967295
25,0.699999988,69,69,1,64,8,56,4,56,4,64,2176,1345,831,831,0,84,1261,0,34,28,68,916,1441,84,0,671,10,13,0,1048576,0,0,0,inf,1.04198515,1.13101673,1.10721874,0,0,0,0,0,0,0,0,0,0,0,0,0,0,0,0,0,0,0,0,0,0,0,671,0,0,0,0,0,0,0,0,0,0,0,0,0,0,0,0,0,0,0,0,0,0,0,0,0,0,0,0,0,0,0,0,0,0,0,0,0,0,0,0,0,0,0,0,0,0,0,0,0,0,0,0,0,0,0,0,0,0,0,0,0,0,0,0,0,20,3,9,58,46,4294967295,4294967295,6,4294967295,33
26,0.699999988,69,69,1,64,5,59,5,59,0,68,2176,1267,909,909,0,47,1220,0,44,32,68,860,1363,47,0,247,10,13,0,1048576,0,0,0,inf,1.04419398,1.20636559,1.21979213,0,0,0,0,0,0,0,0,0,0,0,0,0,0,0,0,0,0,0,0,0,0,0,247,0,0,0,0,0,0,0,0,0,0,0,0,0,0,0,0,0,0,0,0,0,0,0,0,0,0,0,0,0,0,0,0,0,0,0,0,0,0,0,0,0,0,0,0,0,0,0,0,0,0,0,0,0,0,0,0,0,0,0,0,0,0,0,0,0,6,4,30,4294967295,58,21,58,58,4294967295,4294967295
27,1,68,69,3,64,64,0,0,0,65,2,2144,1082,1062,1062,0,1015,67,0,91,46,67,229,1178,1015,0,1023,10,13,0,1048576,0,0,0,inf,inf,1.01046252,0.917822838,0,0,0,0,0,0,0,0,0,0,0,0,0,0,0,0,0,0,0,0,0,0,0,1023,0,0,0,0,0,0,0,0,0,0,0,0,0,0,0,0,0,0,0,0,0,0,0,0,0,0,0,0,0,0,0,0,0,0,0,0,0,0,0,0,0,0,0,0,0,0,0,0,0,0,0,0,0,0,0,0,0,0,0,0,0,0,0,0,0,2,5,1,6,4,3,5,1,7,9
28,0,69,69,1,64,0,64,0,64,0,68,2176,1316,860,860,0,0,1316,0,7,7,68,1480,1412,0,0,0,7,13,0,1048576,0,0,0,inf,0.91539377,1.06939435,inf,0,0,0,0,0,0,0,0,0,0,0,0,0,0,0,0,0,0,0,0,0,0,0,0,0,0,0,0,0,0,0,0,0,0,0,0,0,0,0,0,0,0,0,0,0,0,0,0,0,0,0,0,0,0,0,0,0,0,0,0,0,0,0,0,0,0,0,0,0,0,0,0,0,0,0,0,0,0,0,0,0,0,0,0,0,0,0,0,0,4294967295,4294967295,4294967295,4294967295,4294967295,4294967295,4294967295,4294967295,4294967295,4294967295
29,1,69,69,1,64,64,0,3,0,66,2,2176,1557,619,619,0,1405,152,0,102,60,68,248,1653,1405,0,1023,10,13,0,1048576,0,0,0,inf,1.01525092,1.0173713,0.897625566,0,0,0,0,0,0,0,0,0,0,0,0,0,0,0,0,0,0,0,0,0,0,0,1023,0,0,0,0,0,0,0,0,0,0,0,0,0,0,0,0,0,0,0,0,0,0,0,0,0,0,0,0,0,0,0,0,0,0,0,0,0,0,0,0,0,0,0,0,0,0,0,0,0,0,0,0,0,0,0,0,0,0,0,0,0,0,0,0,0,12,14,14,14,19,16,27,13,64,13
30,0.800000012,69,69,1,64,6,58,4,58,2,66,2176,1465,711,711,0,58,1407,0,31,26,68,758,1561,58,0,735,10,13,0,1048576,0,0,0,inf,0.91555047,1.05002069,1.01040792,0,0,0,0,0,0,0,0,0,0,0,0,0,0,0,0,0,0,0,0,0,0,0,735,0,0,0,0,0,0,0,0,0,0,0,0,0,0,0,0,0,0,0,0,0,0,0,0,0,0,0,0,0,0,0,0,0,0,0,0,0,0,0,0,0,0,0,0,0,0,0,0,0,0,0,0,0,0,0,0,0,0,0,0,0,0,0,0,0,3,3,9,9,52,4294967295,13,32,4294967295,24
31,0.899999976,69,69,1,64,6,58,2,58,4,64,2176,1377,799,799,0,88,1289,0,31,27,68,545,1473,88,0,1022,10,13,0,1048576,0,0,0,inf,0.958129168,1.03179622,1.01409757,0,0,0,0,0,0,0,0,0,0,0,0,0,0,0,0,0,0,0,0,0,0,0,1022,0,0,0,0,0,0,0,0,0,0,0,0,0,0,0,0,0,0,0,0,0,0,0,0,0,0,0,0,0,0,0,0,0,0,0,0,0,0,0,0,0,0,0,0,0,0,0,0,0,0,0,0,0,0,0,0,0,0,0,0,0,0,0,0,0,4294967295,25,30,5,47,5,67,5,5,5
32,0.300000012,69,69,1,64,0,64,0,64,0,68,2176,1083,1093,1093,0,5,1078,0,14,14,68,1247,1179,5,0,38,10,13,0,1048576,0,0,0,inf,0.868251085,1.26052094,1.53764379,0,0,0,0,0,0,0,0,0,0,0,0,0,0,0,0,0,0,0,0,0,0,0,38,0,0,0,0,0,0,0,0,0,0,0,0,0,0,0,0,0,0,0,0,0,0,0,0,0,0,0,0,0,0,0,0,0,0,0,0,0,0,0,0,0,0,0,0,0,0,0,0,0,0,0,0,0,0,0,0,0,0,0,0,0,0,0,0,0,4294967295,9,32,4294967295,4294967295,32,4294967295,4294967295,4294967295,4294967295
33,0.100000001,69,69,1,64,0,64,0,64,0,68,2176,1215,961,961,0,1,1214,0,16,14,68,1378,1311,1,0,32,10,13,0,1048576,0,0,0,inf,0.878390431,0.981314182,1.53312707,0,0,0,0,0,0,0,0,0,0,0,0,0,0,0,0,0,0,0,0,0,0,0,32,0,0,0,0,0,0,0,0,0,0,0,0,0,0,0,0,0,0,0,0,0,0,0,0,0,0,0,0,0,0,0,0,0,0,0,0,0,0,0,0,0,0,0,0,0,0,0,0,0,0,0,0,0,0,0,0,0,0,0,0,0,0,0,0,0,4294967295,4294967295,4294967295,4294967295,4294967295,11,4294967295,4294967295,4294967295,4294967295
34,1,68,69,3,64,64,0,0,0,64,3,2144,1461,683,683,0,1359,102,0,76,37,67,216,1557,1359,0,1023,10,13,0,1048576,0,0,0,inf,inf,0.952438593,0.843240559,0,0,0,0,0,0,0,0,0,0,0,0,0,0,0,0,0,0,0,0,0,0,0,1023,0,0,0,0,0,0,0,0,0,0,0,0,0,0,0,0,0,0,0,0,0,0,0,0,0,0,0,0,0,0,0,0,0,0,0,0,0,0,0,0,0,0,0,0,0,0,0,0,0,0,0,0,0,0,0,0,0,0,0,0,0,0,0,0,0,1,1,0,0,8,1,12,2,9,2
35,0.800000012,69,69,1,64,6,58,3,58,3,65,2176,1102,1074,1074,0,82,1020,0,45,40,68,721,1198,82,0,879,10,13,0,1048576,0,0,0,inf,0.901972651,1.01907563,0.96655786,0,0,0,0,0,0,0,0,0,0,0,0,0,0,0,0,0,0,0,0,0,0,0,879,0,0,0,0,0,0,0,0,0,0,0,0,0,0,0,0,0,0,0,0,0,0,0,0,0,0,0,0,0,0,0,0,0,0,0,0,0,0,0,0,0,0,0,0,0,0,0,0,0,0,0,0,0,0,0,0,0,0,0,0,0,0,0,0,0,9,64,5,36,4294967295,28,30,4294967295,4,65
36,0.699999988,69,69,1,64,2,62,1,62,1,67,2176,1527,649,649,0,17,1510,0,21,20,68,1298,1623,17,0,415,10,13,0,1048576,0,0,0,inf,0.929955006,0.998927534,1.07052445,0,0,0,0,0,0,0,0,0,0,0,0,0,0,0,0,0,0,0,0,0,0,0,415,0,0,0,0,0,0,0,0,0,0,0,0,0,0,0,0,0,0,0,0,0,0,0,0,0,0,0,0,0,0,0,0,0,0,0,0,0,0,0,0,0,0,0,0,0,0,0,0,0,0,0,0,0,0,0,0,0,0,0,0,0,0,0,0,0,5,5,14,6,48,4294967295,4294967295,14,5,4294967295
37,0.5,69,69,1,64,1,63,0,63,1,67,2176,1494,682,682,0,21,1473,0,24,20,68,1375,1590,21,0,31,10,13,0,1048576,0,0,0,inf,0.970212758,1.02552128,1.16805625,0,0,0,0,0,0,0,0,0,0,0,0,0,0,0,0,0,0,0,0,0,0,0,31,0,0,0,0,0,0,0,0,0,0,0,0,0,0,0,0,0,0,0,0,0,0,0,0,0,0,0,0,0,0,0,0,0,0,0,0,0,0,0,0,0,0,0,0,0,0,0,0,0,0,0,0,0,0,0,0,0,0,0,0,0,0,0,0,0,13,30,30,31,30,4294967295,4294967295,4294967295,4294967295,4294967295
38,0.5,69,69,1,64,1,63,1,63,0,68,2176,1346,830,830,0,9,1337,0,24,20,68,1509,1442,9,0,331,10,13,0,1048576,0,0,0,inf,0.89490521,0.962008715,1.35571671,0,0,0,0,0,0,0,0,0,0,0,0,0,0,0,0,0,0,0,0,0,0,0,331,0,0,0,0,0,0,0,0,0,0,0,0,0,0,0,0,0,0,0,0,0,0,0,0,0,0,0,0,0,0,0,0,0,0,0,0,0,0,0,0,0,0,0,0,0,0,0,0,0,0,0,0,0,0,0,0,0,0,0,0,0,0,0,0,0,22,14,4294967295,65,4294967295,4294967295,66,4294967295,65,4294967295
39,0,69,69,1,64,0,64,0,64,0,68,2176,1379,797,797,0,0,1379,0,10,10,68,1542,1475,0,0,0,10,13,0,1048576,0,0,0,inf,0.915968895,1.00814581,1.55724287,0,0,0,0,0,0,0,0,0,0,0,0,0,0,0,0,0,0,0,0,0,0,0,0,0,0,0,0,0,0,0,0,0,0,0,0,0,0,0,0,0,0,0,0,0,0,0,0,0,0,0,0,0,0,0,0,0,0,0,0,0,0,0,0,0,0,0,0,0,0,0,0,0,0,0,0,0,0,0,0,0,0,0,0,0,0,0,0,0,4294967295,4294967295,4294967295,4294967295,4294967295,4294967295,4294967295,4294967295,4294967295,4294967295
40,1,69,69,1,64,62,2,0,2,63,5,2176,1268,908,908,0,1052,216,0,95,39,68,234,1364,1052,0,1023,10,13,0,1048576,0,0,0,inf,0.916279912,0.950090289,0.783069491,0,0,0,0,0,0,0,0,0,0,0,0,0,0,0,0,0,0,0,0,0,0,0,1023,0,0,0,0,0,0,0,0,0,0,0,0,0,0,0,0,0,0,0,0,0,0,0,0,0,0,0,0,0,0,0,0,0,0,0,0,0,0,0,0,0,0,0,0,0,0,0,0,0,0,0,0,0,0,0,0,0,0,0,0,0,0,0,0,0,1,1,2,2,3,0,11,5,3,6
41,1,68,69,3,64,64,0,0,0,65,2,2144,1435,709,709,0,1323,112,0,83,34,67,221,1531,1323,0,1023,10,13,0,1048576,0,0,0,inf,inf,0.977405071,0.884276032,0,0,0,0,0,0,0,0,0,0,0,0,0,0,0,0,0,0,0,0,0,0,0,1023,0,0,0,0,0,0,0,0,0,0,0,0,0,0,0,0,0,0,0,0,0,0,0,0,0,0,0,0,0,0,0,0,0,0,0,0,0,0,0,0,0,0,0,0,0,0,0,0,0,0,0,0,0,0,0,0,0,0,0,0,0,0,0,0,0,1,1,2,0,2,0,37,10,44,5
42,0.800000012,69,69,1,64,3,61,1,61,2,66,2176,1511,665,665,0,69,1442,0,30,28,68,811,1607,69,0,255,10,13,0,1048576,0,0,0,inf,0.919014752,0.970126271,0.985038757,0,0,0,0,0,0,0,0,0,0,0,0,0,0,0,0,0,0,0,0,0,0,0,255,0,0,0,0,0,0,0,0,0,0,0,0,0,0,0,0,0,0,0,0,0,0,0,0,0,0,0,0,0,0,0,0,0,0,0,0,0,0,0,0,0,0,0,0,0,0,0,0,0,0,0,0,0,0,0,0,0,0,0,0,0,0,0,0,0,12,53,3,3,65,3,33,29,4294967295,4294967295
43,0.100000001,69,69,1,64,0,64,0,64,0,68,2176,935,1241,1241,0,2,933,0,11,11,68,1098,1031,2,0,1,10,13,0,1048576,0,0,0,inf,0.840910733,0.979215145,1.4692167,0,0,0,0,0,0,0,0,0,0,0,0,0,0,0,0,0,0,0,0,0,0,0,1,0,0,0,0,0,0,0,0,0,0,0,0,0,0,0,0,0,0,0,0,0,0,0,0,0,0,0,0,0,0,0,0,0,0,0,0,0,0,0,0,0,0,0,0,0,0,0,0,0,0,0,0,0,0,0,0,0,0,0,0,0,0,0,0,0,5,4294967295,4294967295,4294967295,4294967295,4294967295,4294967295,4294967295,4294967295,4294967295
44,0.899999976,69,69,1,64,8,56,5,56,3,65,2176,1136,1040,1040,0,62,1074,0,46,34,68,544,1232,62,0,511,10,13,0,1048576,0,0,0,inf,0.85466516,0.963502288,0.892057061,0,0,0,0,0,0,0,0,0,0,0,0,0,0,0,0,0,0,0,0,0,0,0,511,0,0,0,0,0,0,0,0,0,0,0,0,0,0,0,0,0,0,0,0,0,0,0,0,0,0,0,0,0,0,0,0,0,0,0,0,0,0,0,0,0,0,0,0,0,0,0,0,0,0,0,0,0,0,0,0,0,0,0,0,0,0,0,0,0,5,7,28,8,8,6,8,35,8,4294967295
45,1,66,69,3,64,64,0,0,0,65,0,2080,1251,829,829,0,1211,40,0,101,47,65,237,1347,1211,0,1023,10,13,0,1048576,0,0,0,inf,inf,0.91664952,0.809080839,0,0,0,0,0,0,0,0,0,0,0,0,0,0,0,0,0,0,0,0,0,0,0,1023,0,0,0,0,0,0,0,0,0,0,0,0,0,0,0,0,0,0,0,0,0,0,0,0,0,0,0,0,0,0,0,0,0,0,0,0,0,0,0,0,0,0,0,0,0,0,0,0,0,0,0,0,0,0,0,0,0,0,0,0,0,0,0,0,0,1,4,5,1,2,6,5,6,6,6
46,0.600000024,69,69,1,64,4,60,3,60,1,67,2176,1356,820,820,0,74,1282,0,40,32,68,664,1452,74,0,119,10,13,0,1048576,0,0,0,inf,1.03609467,1.16575861,1.11810184,0,0,0,0,0,0,0,0,0,0,0,0,0,0,0,0,0,0,0,0,0,0,0,119,0,0,0,0,0,0,0,0,0,0,0,0,0,0,0,0,0,0,0,0,0,0,0,0,0,0,0,0,0,0,0,0,0,0,0,0,0,0,0,0,0,0,0,0,0,0,0,0,0,0,0,0,0,0,0,0,0,0,0,0,0,0,0,0,0,8,2,3,4294967295,9,26,46,4294967295,4294967295,4294967295
47,0,69,69,1,64,0,64,0,64,0,68,2176,1170,1006,1006,0,0,1170,0,7,7,68,1334,1266,0,0,0,7,13,0,1048576,0,0,0,inf,0.934522688,1.13906407,inf,0,0,0,0,0,0,0,0,0,0,0,0,0,0,0,0,0,0,0,0,0,0,0,0,0,0,0,0,0,0,0,0,0,0,0,0,0,0,0,0,0,0,0,0,0,0,0,0,0,0,0,0,0,0,0,0,0,0,0,0,0,0,0,0,0,0,0,0,0,0,0,0,0,0,0,0,0,0,0,0,0,0,0,0,0,0,0,0,0,4294967295,4294967295,4294967295,4294967295,4294967295,4294967295,4294967295,4294967295,4294967295,4294967295
48,0.400000006,69,69,1,64,1,63,0,63,1,67,2176,1289,887,887,0,15,1274,0,24,20,68,1449,1385,15,0,135,10,13,0,1048576,0,0,0,inf,1.03777885,1.14918971,1.40546811,0,0,0,0,0,0,0,0,0,0,0,0,0,0,0,0,0,0,0,0,0,0,0,135,0,0,0,0,0,0,0,0,0,0,0,0,0,0,0,0,0,0,0,0,0,0,0,0,0,0,0,0,0,0,0,0,0,0,0,0,0,0,0,0,0,0,0,0,0,0,0,0,0,0,0,0,0,0,0,0,0,0,0,0,0,0,0,0,0,11,14,6,4294967295,4294967295,4294967295,4294967295,64,4294967295,4294967295
49,0.100000001,69,69,1,64,0,64,0,64,0,68,2176,1257,919,919,0,1,1256,0,16,14,68,1421,1353,1,0,1,10,13,0,1048576,0,0,0,inf,0.941971004,1.04625201,1.53783751,0,0,0,0,0,0,0,0,0,0,0,0,0,0,0,0,0,0,0,0,0,0,0,1,0,0,0,0,0,0,0,0,0,0,0,0,0,0,0,0,0,0,0,0,0,0,0,0,0,0,0,0,0,0,0,0,0,0,0,0,0,0,0,0,0,0,0,0,0,0,0,0,0,0,0,0,0,0,0,0,0,0,0,0,0,0,0,0,0,5,4294967295,4294967295,4294967295,4294967295,4294967295,4294967295,4294967295,4294967295,4294967295
50,0,69,69,1,64,0,64,0,64,0,68,2176,1335,841,841,0,13,1322,0,27,25,68,1488,1431,13,0,0,10,13,0,1048576,0,0,0,inf,1.01977432,1.11724317,1.42944145,0,0,0,0,0,0,0,0,0,0,0,0,0,0,0,0,0,0,0,0,0,0,0,0,0,0,0,0,0,0,0,0,0,0,0,0,0,0,0,0,0,0,0,0,0,0,0,0,0,0,0,0,0,0,0,0,0,0,0,0,0,0,0,0,0,0,0,0,0,0,0,0,0,0,0,0,0,0,0,0,0,0,0,0,0,0,0,0,0,4294967295,4294967295,4294967295,4294967295,4294967295,4294967295,4294967295,4294967295,4294967295,4294967295
51,1,69,69,2,64,64,0,0,0,65,3,2176,1432,744,744,0,1304,128,0,101,50,68,239,1528,1304,0,1023,10,13,0,1048576,0,0,0,inf,inf,0.984659612,0.865291715,0,0,0,0,0,0,0,0,0,0,0,0,0,0,0,0,0,0,0,0,0,0,0,1023,0,0,0,0,0,0,0,0,0,0,0,0,0,0,0,0,0,0,0,0,0,0,0,0,0,0,0,0,0,0,0,0,0,0,0,0,0,0,0,0,0,0,0,0,0,0,0,0,0,0,0,0,0,0,0,0,0,0,0,0,0,0,0,0,0,8,3,4,1,2,3,4,9,7,12
52,0.300000012,69,69,1,64,1,63,1,63,0,68,2176,1073,1103,1103,0,3,1070,0,8,8,68,1237,1169,3,0,14,8,13,0,1048576,0,0,0,inf,0.983950377,1.07675076,inf,0,0,0,0,0,0,0,0,0,0,0,0,0,0,0,0,0,0,0,0,0,0,0,14,0,0,0,0,0,0,0,0,0,0,0,0,0,0,0,0,0,0,0,0,0,0,0,0,0,0,0,0,0,0,0,0,0,0,0,0,0,0,0,0,0,0,0,0,0,0,0,0,0,0,0,0,0,0,0,0,0,0,0,0,0,0,0,0,0,4294967295,48,36,18,4294967295,4294967295,4294967295,4294967295,4294967295,4294967295
53,0.200000003,69,69,1,64,0,64,0,64,0,68,2176,1328,848,848,0,13,1315,0,28,21,68,1481,1424,13,0,514,10,13,0,1048576,0,0,0,inf,1.07049942,1.17130113,1.46192002,0,0,0,0,0,0,0,0,0,0,0,0,0,0,0,0,0,0,0,0,0,0,0,514,0,0,0,0,0,0,0,0,0,0,0,0,0,0,0,0,0,0,0,0,0,0,0,0,0,0,0,0,0,0,0,0,0,0,0,0,0,0,0,0,0,0,0,0,0,0,0,0,0,0,0,0,0,0,0,0,0,0,0,0,0,0,0,0,0,4294967295,30,4294967295,4294967295,4294967295,4294967295,4294967295,4294967295,4294967295,55
54,0,69,69,1,64,0,64,0,64,0,68,2176,1344,832,832,0,0,1344,0,10,10,68,1507,1440,0,0,0,10,13,0,1048576,0,0,0,inf,0.950659394,1.05251718,1.59455466,0,0,0,0,0,0,0,0,0,0,0,0,0,0,0,0,0,0,0,0,0,0,0,0,0,0,0,0,0,0,0,0,0,0,0,0,0,0,0,0,0,0,0,0,0,0,0,0,0,0,0,0,0,0,0,0,0,0,0,0,0,0,0,0,0,0,0,0,0,0,0,0,0,0,0,0,0,0,0,0,0,0,0,0,0,0,0,0,0,4294967295,4294967295,4294967295,4294967295,4294967295,4294967295,4294967295,4294967295,4294967295,4294967295
55,0.5,69,69,1,64,1,63,1,63,0,68,2176,1360,816,816,0,36,1324,0,41,28,68,1022,1456,36,0,527,10,13,0,1048576,0,0,0,inf,1.09038413,1.18813193,1.22119713,0,0,0,0,0,0,0,0,0,0,0,0,0,0,0,0,0,0,0,0,0,0,0,527,0,0,0,0,0,0,0,0,0,0,0,0,0,0,0,0,0,0,0,0,0,0,0,0,0,0,0,0,0,0,0,0,0,0,0,0,0,0,0,0,0,0,0,0,0,0,0,0,0,0,0,0,0,0,0,0,0,0,0,0,0,0,0,0,0,5,36,7,29,4294967295,4294967295,4294967295,4294967295,4294967295,59
56,0.600000024,69,69,1,64,4,60,3,60,1,67,2176,1167,1009,1009,0,17,1150,0,22,15,68,1320,1263,17,0,591,10,13,0,1048576,0,0,0,inf,1.03187382,1.13358665,1.29565084,0,0,0,0,0,0,0,0,0,0,0,0,0,0,0,0,0,0,0,0,0,0,0,591,0,0,0,0,0,0,0,0,0,0,0,0,0,0,0,0,0,0,0,0,0,0,0,0,0,0,0,0,0,0,0,0,0,0,0,0,0,0,0,0,0,0,0,0,0,0,0,0,0,0,0,0,0,0,0,0,0,0,0,0,0,0,0,0,0,29,19,66,66,4294967295,4294967295,42,4294967295,4294967295,61
57,1,67,69,3,64,64,0,0,0,66,0,2112,1103,1009,1009,0,1060,43,0,118,55,66,255,1199,1060,0,1023,10,13,0,1048576,0,0,0,inf,inf,0.982155681,0.891686916,0,0,0,0,0,0,0,0,0,0,0,0,0,0,0,0,0,0,0,0,0,0,0,1023,0,0,0,0,0,0,0,0,0,0,0,0,0,0,0,0,0,0,0,0,0,0,0,0,0,0,0,0,0,0,0,0,0,0,0,0,0,0,0,0,0,0,0,0,0,0,0,0,0,0,0,0,0,0,0,0,0,0,0,0,0,0,0,0,0,3,18,2,3,4,6,14,6,25,5
58,0.5,69,69,1,64,1,63,1,63,0,68,2176,1392,784,784,0,44,1348,0,43,32,68,1173,1488,44,0,595,10,13,0,1048576,0,0,0,inf,1.03172517,1.13490105,1.20957386,0,0,0,0,0,0,0,0,0,0,0,0,0,0,0,0,0,0,0,0,0,0,0,595,0,0,0,0,0,0,0,0,0,0,0,0,0,0,0,0,0,0,0,0,0,0,0,0,0,0,0,0,0,0,0,0,0,0,0,0,0,0,0,0,0,0,0,0,0,0,0,0,0,0,0,0,0,0,0,0,0,0,0,0,0,0,0,0,0,40,10,4294967295,4294967295,50,4294967295,13,4294967295,4294967295,27
59,0.200000003,69,69,1,64,0,64,0,64,0,68,2176,1098,1078,1078,0,2,1096,0,11,11,68,1262,1194,2,0,6,10,13,0,1048576,0,0,0,inf,0.97204572,1.09596658,1.59390533,0,0,0,0,0,0,0,0,0,0,0,0,0,0,0,0,0,0,0,0,0,0,0,6,0,0,0,0,0,0,0,0,0,0,0,0,0,0,0,0,0,0,0,0,0,0,0,0,0,0,0,0,0,0,0,0,0,0,0,0,0,0,0,0,0,0,0,0,0,0,0,0,0,0,0,0,0,0,0,0,0,0,0,0,0,0,0,0,0,4294967295,39,26,4294967295,4294967295,4294967295,4294967295,4294967295,4294967295,4294967295
60,0.600000024,69,69,1,64,1,63,1,63,0,68,2176,1375,801,801,0,24,1351,0,42,30,68,1252,1471,24,0,739,10,13,0,1048576,0,0,0,inf,0.962540507,1.11433935,1.12432325,0,0,0,0,0,0,0,0,0,0,0,0,0,0,0,0,0,0,0,0,0,0,0,739,0,0,0,0,0,0,0,0,0,0,0,0,0,0,0,0,0,0,0,0,0,0,0,0,0,0,0,0,0,0,0,0,0,0,0,0,0,0,0,0,0,0,0,0,0,0,0,0,0,0,0,0,0,0,0,0,0,0,0,0,0,0,0,0,0,33,13,4294967295,4294967295,4294967295,56,14,24,4294967295,38
61,0.899999976,69,69,1,64,7,57,5,57,2,66,2176,1374,802,802,0,70,1304,0,50,37,68,678,1470,70,0,991,10,13,0,1048576,0,0,0,inf,1.01498246,1.21793652,1.07568407,0,0,0,0,0,0,0,0,0,0,0,0,0,0,0,0,0,0,0,0,0,0,0,991,0,0,0,0,0,0,0,0,0,0,0,0,0,0,0,0,0,0,0,0,0,0,0,0,0,0,0,0,0,0,0,0,0,0,0,0,0,0,0,0,0,0,0,0,0,0,0,0,0,0,0,0,0,0,0,0,0,0,0,0,0,0,0,0,0,10,35,38,4,9,4294967295,44,18,5,64
62,1,67,69,3,64,64,0,0,0,65,1,2112,1185,927,927,0,1124,61,0,85,45,66,222,1281,1124,0,1023,10,13,0,1048576,0,0,0,inf,inf,0.98793304,0.899122238,0,0,0,0,0,0,0,0,0,0,0,0,0,0,0,0,0,0,0,0,0,0,0,1023,0,0,0,0,0,0,0,0,0,0,0,0,0,0,0,0,0,0,0,0,0,0,0,0,0,0,0,0,0,0,0,0,0,0,0,0,0,0,0,0,0,0,0,0,0,0,0,0,0,0,0,0,0,0,0,0,0,0,0,0,0,0,0,0,0,7,31,8,8,18,1,13,1,2,2
63,0.5,69,69,1,64,1,63,1,63,0,68,2176,1396,780,780,0,8,1388,0,17,17,68,1543,1492,8,0,79,10,13,0,1048576,0,0,0,inf,1.01489198,1.2691921,1.45361757,0,0,0,0,0,0,0,0,0,0,0,0,0,0,0,0,0,0,0,0,0,0,0,79,0,0,0,0,0,0,0,0,0,0,0,0,0,0,0,0,0,0,0,0,0,0,0,0,0,0,0,0,0,0,0,0,0,0,0,0,0,0,0,0,0,0,0,0,0,0,0,0,0,0,0,0,0,0,0,0,0,0,0,0,0,0,0,0,0,48,5,20,20,4294967295,4294967295,20,4294967295,4294967295,4294967295
64,0.400000006,69,69,1,64,1,63,1,63,0,68,2176,1559,617,617,0,31,1528,0,36,33,68,1343,1655,31,0,708,10,13,0,1048576,0,0,0,inf,0.954824507,1.06067073,1.1262486,0,0,0,0,0,0,0,0,0,0,0,0,0,0,0,0,0,0,0,0,0,0,0,708,0,0,0,0,0,0,0,0,0,0,0,0,0,0,0,0,0,0,0,0,0,0,0,0,0,0,0,0,0,0,0,0,0,0,0,0,0,0,0,0,0,0,0,0,0,0,0,0,0,0,0,0,0,0,0,0,0,0,0,0,0,0,0,0,0,4294967295,4294967295,35,4294967295,4294967295,4294967295,52,2,4294967295,20
65,0.400000006,69,69,1,64,0,64,0,64,0,68,2176,1235,941,941,0,22,1213,0,39,28,68,1130,1331,22,0,291,10,13,0,1048576,0,0,0,inf,1.03477144,1.16020083,1.25734544,0,0,0,0,0,0,0,0,0,0,0,0,0,0,0,0,0,0,0,0,0,0,0,291,0,0,0,0,0,0,0,0,0,0,0,0,0,0,0,0,0,0,0,0,0,0,0,0,0,0,0,0,0,0,0,0,0,0,0,0,0,0,0,0,0,0,0,0,0,0,0,0,0,0,0,0,0,0,0,0,0,0,0,0,0,0,0,0,0,29,5,4294967295,4294967295,4294967295,67,4294967295,4294967295,46,4294967295
66,0.600000024,69,69,1,64,1,63,1,63,0,68,2176,1374,802,802,0,12,1362,0,36,24,68,1470,1470,12,0,599,10,13,0,1048576,0,0,0,inf,0.930333853,1.00571036,1.1855644,0,0,0,0,0,0,0,0,0,0,0,0,0,0,0,0,0,0,0,0,0,0,0,599,0,0,0,0,0,0,0,0,0,0,0,0,0,0,0,0,0,0,0,0,0,0,0,0,0,0,0,0,0,0,0,0,0,0,0,0,0,0,0,0,0,0,0,0,0,0,0,0,0,0,0,0,0,0,0,0,0,0,0,0,0,0,0,0,0,11,4,21,4294967295,49,4294967295,47,4294967295,4294967295,4
67,1,69,69,1,64,63,1,2,1,64,4,2176,1152,1024,1024,0,1034,118,0,110,57,68,251,1248,1034,0,1023,10,13,0,1048576,0,0,0,inf,0.938459873,0.952540398,0.856491208,0,0,0,0,0,0,0,0,0,0,0,0,0,0,0,0,0,0,0,0,0,0,0,1023,0,0,0,0,0,0,0,0,0,0,0,0,0,0,0,0,0,0,0,0,0,0,0,0,0,0,0,0,0,0,0,0,0,0,0,0,0,0,0,0,0,0,0,0,0,0,0,0,0,0,0,0,0,0,0,0,0,0,0,0,0,0,0,0,0,9,2,8,21,7,12,4,9,9,9
68,0.100000001,69,69,1,64,0,64,0,64,0,68,2176,1053,1123,1123,0,3,1050,0,12,12,68,1217,1149,3,0,1,10,13,0,1048576,0,0,0,inf,0.85243535,0.943185449,1.53907096,0,0,0,0,0,0,0,0,0,0,0,0,0,0,0,0,0,0,0,0,0,0,0,1,0,0,0,0,0,0,0,0,0,0,0,0,0,0,0,0,0,0,0,0,0,0,0,0,0,0,0,0,0,0,0,0,0,0,0,0,0,0,0,0,0,0,0,0,0,0,0,0,0,0,0,0,0,0,0,0,0,0,0,0,0,0,0,0,0,16,4294967295,4294967295,4294967295,4294967295,4294967295,4294967295,4294967295,4294967295,4294967295
69,0.100000001,69,69,1,64,0,64,0,64,0,68,2176,1289,887,887,0,1,1288,0,1,1,68,1453,1385,1,0,1,1,13,0,1048576,0,0,0,inf,0.970989585,1.06496263,inf,0,0,0,0,0,0,0,0,0,0,0,0,0,0,0,0,0,0,0,0,0,0,0,1,0,0,0,0,0,0,0,0,0,0,0,0,0,0,0,0,0,0,0,0,0,0,0,0,0,0,0,0,0,0,0,0,0,0,0,0,0,0,0,0,0,0,0,0,0,0,0,0,0,0,0,0,0,0,0,0,0,0,0,0,0,0,0,0,0,63,4294967295,4294967295,4294967295,4294967295,4294967295,4294967295,4294967295,4294967295,4294967295
70,0.899999976,69,69,1,64,5,59,2,59,3,65,2176,979,1197,1197,0,52,927,0,31,29,68,651,1075,52,0,1015,10,13,0,1048576,0,0,0,inf,1.00704408,1.15101075,1.11671829,0,0,0,0,0,0,0,0,0,0,0,0,0,0,0,0,0,0,0,0,0,0,0,1015,0,0,0,0,0,0,0,0,0,0,0,0,0,0,0,0,0,0,0,0,0,0,0,0,0,0,0,0,0,0,0,0,0,0,0,0,0,0,0,0,0,0,0,0,0,0,0,0,0,0,0,0,0,0,0,0,0,0,0,0,0,0,0,0,0,4,7,2,4294967295,22,10,8,41,55,8
71,0.5,69,69,1,64,2,62,1,62,1,67,2176,1229,947,947,0,50,1179,0,36,28,68,1182,1325,50,0,555,10,13,0,1048576,0,0,0,inf,0.960563898,1.06181979,1.14680076,0,0,0,0,0,0,0,0,0,0,0,0,0,0,0,0,0,0,0,0,0,0,0,555,0,0,0,0,0,0,0,0,0,0,0,0,0,0,0,0,0,0,0,0,0,0,0,0,0,0,0,0,0,0,0,0,0,0,0,0,0,0,0,0,0,0,0,0,0,0,0,0,0,0,0,0,0,0,0,0,0,0,0,0,0,0,0,0,0,10,13,4294967295,9,4294967295,53,4294967295,4294967295,4294967295,52
72,0.100000001,69,69,1,64,0,64,0,64,0,68,2176,1099,1077,1077,0,1,1098,0,11,11,68,1262,1195,1,0,1,10,13,0,1048576,0,0,0,inf,0.961772382,1.03685331,1.5142529,0,0,0,0,0,0,0,0,0,0,0,0,0,0,0,0,0,0,0,0,0,0,0,1,0,0,0,0,0,0,0,0,0,0,0,0,0,0,0,0,0,0,0,0,0,0,0,0,0,0,0,0,0,0,0,0,0,0,0,0,0,0,0,0,0,0,0,0,0,0,0,0,0,0,0,0,0,0,0,0,0,0,0,0,0,0,0,0,0,42,4294967295,4294967295,4294967295,4294967295,4294967295,4294967295,4294967295,4294967295,4294967295
73,0.5,69,69,1,64,3,61,3,61,0,68,2176,1235,941,941,0,67,1168,0,53,42,68,768,1331,67,0,55,10,13,0,1048576,0,0,0,inf,0.862089276,1.0452981,0.971481144,0,0,0,0,0,0,0,0,0,0,0,0,0,0,0,0,0,0,0,0,0,0,0,55,0,0,0,0,0,0,0,0,0,0,0,0,0,0,0,0,0,0,0,0,0,0,0,0,0,0,0,0,0,0,0,0,0,0,0,0,0,0,0,0,0,0,0,0,0,0,0,0,0,0,0,0,0,0,0,0,0,0,0,0,0,0,0,0,0,7,57,24,4294967295,42,18,4294967295,4294967295,4294967295,4294967295
74,0.800000012,69,69,1,64,3,61,0,61,3,65,2176,1273,903,903,0,41,1232,0,33,29,68,1008,1369,41,0,751,10,13,0,1048576,0,0,0,inf,0.909028292,0.979245067,1.02423596,0,0,0,0,0,0,0,0,0,0,0,0,0,0,0,0,0,0,0,0,0,0,0,751,0,0,0,0,0,0,0,0,0,0,0,0,0,0,0,0,0,0,0,0,0,0,0,0,0,0,0,0,0,0,0,0,0,0,0,0,0,0,0,0,0,0,0,0,0,0,0,0,0,0,0,0,0,0,0,0,0,0,0,0,0,0,0,0,0,23,7,29,24,4294967295,29,12,24,4294967295,35
75,0.100000001,69,69,1,64,0,64,0,64,0,68,2176,1308,868,868,0,13,1295,0,28,21,68,1445,1404,13,0,16,10,13,0,1048576,0,0,0,inf,1.00296187,1.15807426,1.4074254,0,0,0,0,0,0,0,0,0,0,0,0,0,0,0,0,0,0,0,0,0,0,0,16,0,0,0,0,0,0,0,0,0,0,0,0,0,0,0,0,0,0,0,0,0,0,0,0,0,0,0,0,0,0,0,0,0,0,0,0,0,0,0,0,0,0,0,0,0,0,0,0,0,0,0,0,0,0,0,0,0,0,0,0,0,0,0,0,0,4294967295,4294967295,4294967295,4294967295,2,4294967295,4294967295,4294967295,4294967295,4294967295
76,0.100000001,69,69,1,64,0,64,0,64,0,68,2176,1454,722,722,0,1,1453,0,16,12,68,1617,1550,1,0,1,10,13,0,1048576,0,0,0,inf,0.969735742,1.04498053,1.51183867,0,0,0,0,0,0,0,0,0,0,0,0,0,0,0,0,0,0,0,0,0,0,0,1,0,0,0,0,0,0,0,0,0,0,0,0,0,0,0,0,0,0,0,0,0,0,0,0,0,0,0,0,0,0,0,0,0,0,0,0,0,0,0,0,0,0,0,0,0,0,0,0,0,0,0,0,0,0,0,0,0,0,0,0,0,0,0,0,0,27,4294967295,4294967295,4294967295,4294967295,4294967295,4294967295,4294967295,4294967295,4294967295
77,0,69,69,1,64,0,64,0,64,0,68,2176,1054,1122,1122,0,1,1053,0,10,10,68,1218,1150,1,0,0,10,13,0,1048576,0,0,0,inf,0.892803788,1.01882553,1.56826305,0,0,0,0,0,0,0,0,0,0,0,0,0,0,0,0,0,0,0,0,0,0,0,0,0,0,0,0,0,0,0,0,0,0,0,0,0,0,0,0,0,0,0,0,0,0,0,0,0,0,0,0,0,0,0,0,0,0,0,0,0,0,0,0,0,0,0,0,0,0,0,0,0,0,0,0,0,0,0,0,0,0,0,0,0,0,0,0,0,4294967295,4294967295,4294967295,4294967295,4294967295,4294967295,4294967295,4294967295,4294967295,4294967295
78,1,69,69,1,64,12,52,6,52,6,62,2176,1166,1010,1010,0,152,1014,0,54,40,68,526,1262,152,0,1023,10,13,0,1048576,0,0,0,inf,0.920568526,1.01019883,0.951816499,0,0,0,0,0,0,0,0,0,0,0,0,0,0,0,0,0,0,0,0,0,0,0,1023,0,0,0,0,0,0,0,0,0,0,0,0,0,0,0,0,0,0,0,0,0,0,0,0,0,0,0,0,0,0,0,0,0,0,0,0,0,0,0,0,0,0,0,0,0,0,0,0,0,0,0,0,0,0,0,0,0,0,0,0,0,0,0,0,0,11,16,5,31,9,17,13,63,9,11
79,1,69,69,2,64,64,0,0,0,67,1,2176,1425,751,751,0,1228,197,0,99,48,68,239,1521,1228,0,1023,10,13,0,1048576,0,0,0,inf,inf,0.962135673,0.879710913,0,0,0,0,0,0,0,0,0,0,0,0,0,0,0,0,0,0,0,0,0,0,0,1023,0,0,0,0,0,0,0,0,0,0,0,0,0,0,0,0,0,0,0,0,0,0,0,0,0,0,0,0,0,0,0,0,0,0,0,0,0,0,0,0,0,0,0,0,0,0,0,0,0,0,0,0,0,0,0,0,0,0,0,0,0,0,0,0,0,3,15,46,2,15,4,5,13,15,9
80,0,69,69,1,64,0,64,0,64,0,68,2176,1386,790,790,0,0,1386,0,3,3,68,1550,1482,0,0,0,3,13,0,1048576,0,0,0,inf,0.971256673,1.06268823,inf,0,0,0,0,0,0,0,0,0,0,0,0,0,0,0,0,0,0,0,0,0,0,0,0,0,0,0,0,0,0,0,0,0,0,0,0,0,0,0,0,0,0,0,0,0,0,0,0,0,0,0,0,0,0,0,0,0,0,0,0,0,0,0,0,0,0,0,0,0,0,0,0,0,0,0,0,0,0,0,0,0,0,0,0,0,0,0,0,0,4294967295,4294967295,4294967295,4294967295,4294967295,4294967295,4294967295,4294967295,4294967295,4294967295
81,0.600000024,69,69,1,64,4,60,3,60,1,67,2176,1494,682,682,0,25,1469,0,29,29,68,1109,1590,25,0,423,10,13,0,1048576,0,0,0,inf,0.986572862,1.06723595,1.08302844,0,0,0,0,0,0,0,0,0,0,0,0,0,0,0,0,0,0,0,0,0,0,0,423,0,0,0,0,0,0,0,0,0,0,0,0,0,0,0,0,0,0,0,0,0,0,0,0,0,0,0,0,0,0,0,0,0,0,0,0,0,0,0,0,0,0,0,0,0,0,0,0,0,0,0,0,0,0,0,0,0,0,0,0,0,0,0,0,0,43,22,52,4294967295,4294967295,52,4294967295,57,48,4294967295
82,1,69,69,1,64,9,55,7,55,2,66,2176,1472,704,704,0,95,1377,0,39,35,68,833,1568,95,0,1023,10,13,0,1048576,0,0,0,inf,1.02076733,1.13164258,1.07046914,0,0,0,0,0,0,0,0,0,0,0,0,0,0,0,0,0,0,0,0,0,0,0,1023,0,0,0,0,0,0,0,0,0,0,0,0,0,0,0,0,0,0,0,0,0,0,0,0,0,0,0,0,0,0,0,0,0,0,0,0,0,0,0,0,0,0,0,0,0,0,0,0,0,0,0,0,0,0,0,0,0,0,0,0,0,0,0,0,0,36,37,67,38,30,8,37,11,19,51
83,0.699999988,69,69,1,64,4,60,1,60,3,65,2176,1277,899,899,0,89,1188,0,29,27,68,832,1373,89,0,911,10,13,0,1048576,0,0,0,inf,0.954843998,1.0773406,1.04915667,0,0,0,0,0,0,0,0,0,0,0,0,0,0,0,0,0,0,0,0,0,0,0,911,0,0,0,0,0,0,0,0,0,0,0,0,0,0,0,0,0,0,0,0,0,0,0,0,0,0,0,0,0,0,0,0,0,0,0,0,0,0,0,0,0,0,0,0,0,0,0,0,0,0,0,0,0,0,0,0,0,0,0,0,0,0,0,0,0,2,56,1,25,4294967295,4294967295,4294967295,36,35,11
84,0.600000024,69,69,1,64,2,62,2,62,0,68,2176,1296,880,880,0,35,1261,0,46,34,68,1034,1392,35,0,414,10,13,0,1048576,0,0,0,inf,0.969413996,1.21605122,1.13559484,0,0,0,0,0,0,0,0,0,0,0,0,0,0,0,0,0,0,0,0,0,0,0,414,0,0,0,0,0,0,0,0,0,0,0,0,0,0,0,0,0,0,0,0,0,0,0,0,0,0,0,0,0,0,0,0,0,0,0,0,0,0,0,0,0,0,0,0,0,0,0,0,0,0,0,0,0,0,0,0,0,0,0,0,0,0,0,0,0,4294967295,12,64,63,26,4294967295,4294967295,19,26,4294967295
85,1,68,69,3,64,64,0,0,0,65,2,2144,1512,632,632,0,1388,124,0,94,52,67,231,1608,1388,0,1023,10,13,0,1048576,0,0,0,inf,inf,0.967642963,0.87482363,0,0,0,0,0,0,0,0,0,0,0,0,0,0,0,0,0,0,0,0,0,0,0,1023,0,0,0,0,0,0,0,0,0,0,0,0,0,0,0,0,0,0,0,0,0,0,0,0,0,0,0,0,0,0,0,0,0,0,0,0,0,0,0,0,0,0,0,0,0,0,0,0,0,0,0,0,0,0,0,0,0,0,0,0,0,0,0,0,0,13,14,24,14,7,9,3,15,59,51
86,0.200000003,69,69,1,64,0,64,0,64,0,68,2176,1421,755,755,0,4,1417,0,7,7,68,1585,1517,4,0,10,7,13,0,1048576,0,0,0,inf,0.928794503,1.06561422,inf,0,0,0,0,0,0,0,0,0,0,0,0,0,0,0,0,0,0,0,0,0,0,0,10,0,0,0,0,0,0,0,0,0,0,0,0,0,0,0,0,0,0,0,0,0,0,0,0,0,0,0,0,0,0,0,0,0,0,0,0,0,0,0,0,0,0,0,0,0,0,0,0,0,0,0,0,0,0,0,0,0,0,0,0,0,0,0,0,0,4294967295,23,4294967295,23,4294967295,4294967295,4294967295,4294967295,4294967295,4294967295
87,0.699999988,69,69,1,64,2,62,2,62,0,68,2176,1615,561,561,0,42,1573,0,50,38,68,892,1711,42,0,743,10,13,0,1048576,0,0,0,inf,0.963338375,1.0256834,1.06855488,0,0,0,0,0,0,0,0,0,0,0,0,0,0,0,0,0,0,0,0,0,0,0,743,0,0,0,0,0,0,0,0,0,0,0,0,0,0,0,0,0,0,0,0,0,0,0,0,0,0,0,0,0,0,0,0,0,0,0,0,0,0,0,0,0,0,0,0,0,0,0,0,0,0,0,0,0,0,0,0,0,0,0,0,0,0,0,0,0,65,16,43,4294967295,4294967295,67,38,2,4294967295,1
88,0.5,69,69,1,64,2,62,1,62,1,67,2176,1443,733,733,0,116,1327,0,54,41,68,620,1539,116,0,279,10,13,0,1048576,0,0,0,inf,0.958290219,1.02380514,1.04114079,0,0,0,0,0,0,0,0,0,0,0,0,0,0,0,0,0,0,0,0,0,0,0,279,0,0,0,0,0,0,0,0,0,0,0,0,0,0,0,0,0,0,0,0,0,0,0,0,0,0,0,0,0,0,0,0,0,0,0,0,0,0,0,0,0,0,0,0,0,0,0,0,0,0,0,0,0,0,0,0,0,0,0,0,0,0,0,0,0,5,25,3,4294967295,8,4294967295,4294967295,4294967295,4,4294967295
89,0.5,69,69,1,64,1,63,0,63,1,67,2176,1161,1015,1015,0,24,1137,0,29,25,68,1210,1257,24,0,31,10,13,0,1048576,0,0,0,inf,0.917545915,0.997398198,1.16656685,0,0,0,0,0,0,0,0,0,0,0,0,0,0,0,0,0,0,0,0,0,0,0,31,0,0,0,0,0,0,0,0,0,0,0,0,0,0,0,0,0,0,0,0,0,0,0,0,0,0,0,0,0,0,0,0,0,0,0,0,0,0,0,0,0,0,0,0,0,0,0,0,0,0,0,0,0,0,0,0,0,0,0,0,0,0,0,0,0,10,31,31,33,9,4294967295,4294967295,4294967295,4294967295,4294967295
90,0.899999976,69,69,1,64,3,61,1,61,2,66,2176,1403,773,773,0,57,1346,0,35,32,68,853,1499,57,0,1015,10,13,0,1048576,0,0,0,inf,0.957531452,1.04993343,1.05825329,0,0,0,0,0,0,0,0,0,0,0,0,0,0,0,0,0,0,0,0,0,0,0,1015,0,0,0,0,0,0,0,0,0,0,0,0,0,0,0,0,0,0,0,0,0,0,0,0,0,0,0,0,0,0,0,0,0,0,0,0,0,0,0,0,0,0,0,0,0,0,0,0,0,0,0,0,0,0,0,0,0,0,0,0,0,0,0,0,0,9,24,7,4294967295,30,30,24,30,5,12
91,0.200000003,69,69,1,64,0,64,0,64,0,68,2176,1324,852,852,0,14,1310,0,29,23,68,1442,1420,14,0,136,10,13,0,1048576,0,0,0,inf,1.00635302,1.16729689,1.41370213,0,0,0,0,0,0,0,0,0,0,0,0,0,0,0,0,0,0,0,0,0,0,0,136,0,0,0,0,0,0,0,0,0,0,0,0,0,0,0,0,0,0,0,0,0,0,0,0,0,0,0,0,0,0,0,0,0,0,0,0,0,0,0,0,0,0,0,0,0,0,0,0,0,0,0,0,0,0,0,0,0,0,0,0,0,0,0,0,0,4294967295,4294967295,4294967295,26,4294967295,4294967295,4294967295,26,4294967295,4294967295
92,0.100000001,69,69,1,64,0,64,0,64,0,68,2176,1354,822,822,0,2,1352,0,17,14,68,1517,1450,2,0,1,10,13,0,1048576,0,0,0,inf,0.921123803,1.04053605,1.53564072,0,0,0,0,0,0,0,0,0,0,0,0,0,0,0,0,0,0,0,0,0,0,0,1,0,0,0,0,0,0,0,0,0,0,0,0,0,0,0,0,0,0,0,0,0,0,0,0,0,0,0,0,0,0,0,0,0,0,0,0,0,0,0,0,0,0,0,0,0,0,0,0,0,0,0,0,0,0,0,0,0,0,0,0,0,0,0,0,0,66,4294967295,4294967295,4294967295,4294967295,4294967295,4294967295,4294967295,4294967295,4294967295
93,0.899999976,69,69,1,64,3,61,1,61,2,66,2176,1198,978,978,0,65,1133,0,47,40,68,806,1294,65,0,1015,10,13,0,1048576,0,0,0,inf,0.969959736,1.14631104,1.11154127,0,0,0,0,0,0,0,0,0,0,0,0,0,0,0,0,0,0,0,0,0,0,0,1015,0,0,0,0,0,0,0,0,0,0,0,0,0,0,0,0,0,0,0,0,0,0,0,0,0,0,0,0,0,0,0,0,0,0,0,0,0,0,0,0,0,0,0,0,0,0,0,0,0,0,0,0,0,0,0,0,0,0,0,0,0,0,0,0,0,4,9,27,4294967295,31,8,24,23,9,62
94,1,69,69,1,64,64,0,2,0,66,2,2176,1315,861,861,0,1211,104,0,120,62,68,259,1411,1211,0,1023,10,13,0,1048576,0,0,0,inf,1.00201285,1.05515051,0.913882971,0,0,0,0,0,0,0,0,0,0,0,0,0,0,0,0,0,0,0,0,0,0,0,1023,0,0,0,0,0,0,0,0,0,0,0,0,0,0,0,0,0,0,0,0,0,0,0,0,0,0,0,0,0,0,0,0,0,0,0,0,0,0,0,0,0,0,0,0,0,0,0,0,0,0,0,0,0,0,0,0,0,0,0,0,0,0,0,0,0,10,7,7,8,6,27,10,3,9,19
95,1,69,69,1,64,11,53,5,53,6,62,2176,1386,790,790,0,147,1239,0,36,32,68,494,1482,147,0,1023,10,13,0,1048576,0,0,0,inf,0.913959682,1.04851186,0.944823921,0,0,0,0,0,0,0,0,0,0,0,0,0,0,0,0,0,0,0,0,0,0,0,1023,0,0,0,0,0,0,0,0,0,0,0,0,0,0,0,0,0,0,0,0,0,0,0,0,0,0,0,0,0,0,0,0,0,0,0,0,0,0,0,0,0,0,0,0,0,0,0,0,0,0,0,0,0,0,0,0,0,0,0,0,0,0,0,0,0,4,4,12,4,17,3,2,13,63,36
96,0,69,69,1,64,0,64,0,64,0,68,2176,1141,1035,1035,0,0,1141,0,3,3,68,1305,1237,0,0,0,3,13,0,1048576,0,0,0,inf,0.890300989,1.09346008,inf,0,0,0,0,0,0,0,0,0,0,0,0,0,0,0,0,0,0,0,0,0,0,0,0,0,0,0,0,0,0,0,0,0,0,0,0,0,0,0,0,0,0,0,0,0,0,0,0,0,0,0,0,0,0,0,0,0,0,0,0,0,0,0,0,0,0,0,0,0,0,0,0,0,0,0,0,0,0,0,0,0,0,0,0,0,0,0,0,0,4294967295,4294967295,4294967295,4294967295,4294967295,4294967295,4294967295,4294967295,4294967295,4294967295
97,1,69,69,1,64,5,59,2,59,3,65,2176,1304,872,872,0,89,1215,0,57,42,68,754,1400,89,0,1023,10,13,0,1048576,0,0,0,inf,0.947120547,1.01450944,1.03164136,0,0,0,0,0,0,0,0,0,0,0,0,0,0,0,0,0,0,0,0,0,0,0,1023,0,0,0,0,0,0,0,0,0,0,0,0,0,0,0,0,0,0,0,0,0,0,0,0,0,0,0,0,0,0,0,0,0,0,0,0,0,0,0,0,0,0,0,0,0,0,0,0,0,0,0,0,0,0,0,0,0,0,0,0,0,0,0,0,0,14,11,33,19,66,53,11,39,39,11
98,1,69,69,1,64,2,62,1,62,1,67,2176,1348,828,828,0,41,1307,0,43,29,68,967,1444,41,0,1023,10,13,0,1048576,0,0,0,inf,1.02033913,1.09151196,1.14916825,0,0,0,0,0,0,0,0,0,0,0,0,0,0,0,0,0,0,0,0,0,0,0,1023,0,0,0,0,0,0,0,0,0,0,0,0,0,0,0,0,0,0,0,0,0,0,0,0,0,0,0,0,0,0,0,0,0,0,0,0,0,0,0,0,0,0,0,0,0,0,0,0,0,0,0,0,0,0,0,0,0,0,0,0,0,0,0,0,0,3,39,3,7,40,58,58,38,8,9
99,0,69,69,1,64,0,64,0,64,0,68,2176,1140,1036,1036,0,1,1139,0,16,12,68,1304,1236,1,0,0,10,13,0,1048576,0,0,0,inf,0.848374009,0.940471768,1.60810757,0,0,0,0,0,0,0,0,0,0,0,0,0,0,0,0,0,0,0,0,0,0,0,0,0,0,0,0,0,0,0,0,0,0,0,0,0,0,0,0,0,0,0,0,0,0,0,0,0,0,0,0,0,0,0,0,0,0,0,0,0,0,0,0,0,0,0,0,0,0,0,0,0,0,0,0,0,0,0,0,0,0,0,0,0,0,0,0,0,4294967295,4294967295,4294967295,4294967295,4294967295,4294967295,4294967295,4294967295,4294967295,4294967295
100,0.200000003,69,69,1,64,0,64,0,64,0,68,2176,1309,867,867,0,14,1295,0,28,23,68,1457,1405,14,0,192,10,13,0,1048576,0,0,0,inf,0.959805846,1.0892812,1.40444601,0,0,0,0,0,0,0,0,0,0,0,0,0,0,0,0,0,0,0,0,0,0,0,192,0,0,0,0,0,0,0,0,0,0,0,0,0,0,0,0,0,0,0,0,0,0,0,0,0,0,0,0,0,0,0,0,0,0,0,0,0,0,0,0,0,0,0,0,0,0,0,0,0,0,0,0,0,0,0,0,0,0,0,0,0,0,0,0,0,4294967295,4294967295,4294967295,4294967295,4294967295,4294967295,30,30,4294967295,4294967295
101,0,69,69,1,64,0,64,0,64,0,68,2176,1086,1090,1090,0,0,1086,0,7,7,68,1250,1182,0,0,0,7,13,0,1048576,0,0,0,inf,0.97298646,1.12669086,inf,0,0,0,0,0,0,0,0,0,0,0,0,0,0,0,0,0,0,0,0,0,0,0,0,0,0,0,0,0,0,0,0,0,0,0,0,0,0,0,0,0,0,0,0,0,0,0,0,0,0,0,0,0,0,0,0,0,0,0,0,0,0,0,0,0,0,0,0,0,0,0,0,0,0,0,0,0,0,0,0,0,0,0,0,0,0,0,0,0,4294967295,4294967295,4294967295,4294967295,4294967295,4294967295,4294967295,4294967295,4294967295,4294967295
102,0.800000012,69,69,1,64,3,61,2,61,1,67,2176,1416,760,760,0,45,1371,0,43,33,68,870,1512,45,0,879,10,13,0,1048576,0,0,0,inf,0.993675828,1.06986094,1.10546386,0,0,0,0,0,0,0,0,0,0,0,0,0,0,0,0,0,0,0,0,0,0,0,879,0,0,0,0,0,0,0,0,0,0,0,0,0,0,0,0,0,0,0,0,0,0,0,0,0,0,0,0,0,0,0,0,0,0,0,0,0,0,0,0,0,0,0,0,0,0,0,0,0,0,0,0,0,0,0,0,0,0,0,0,0,0,0,0,0,2,16,29,1,4294967295,10,26,4294967295,51,9
103,0.600000024,69,69,1,64,0,64,0,64,0,68,2176,1577,599,599,0,14,1563,0,17,16,68,1322,1673,14,0,63,10,13,0,1048576,0,0,0,inf,0.911232114,1.01409173,1.1149379,0,0,0,0,0,0,0,0,0,0,0,0,0,0,0,0,0,0,0,0,0,0,0,63,0,0,0,0,0,0,0,0,0,0,0,0,0,0,0,0,0,0,0,0,0,0,0,0,0,0,0,0,0,0,0,0,0,0,0,0,0,0,0,0,0,0,0,0,0,0,0,0,0,0,0,0,0,0,0,0,0,0,0,0,0,0,0,0,0,7,24,24,65,7,24,4294967295,4294967295,4294967295,4294967295
104,0.800000012,69,69,1,64,7,57,4,57,3,65,2176,1210,966,966,0,46,1164,0,24,24,68,695,1306,46,0,957,10,13,0,1048576,0,0,0,inf,0.936637163,1.02194643,0.991585732,0,0,0,0,0,0,0,0,0,0,0,0,0,0,0,0,0,0,0,0,0,0,0,957,0,0,0,0,0,0,0,0,0,0,0,0,0,0,0,0,0,0,0,0,0,0,0,0,0,0,0,0,0,0,0,0,0,0,0,0,0,0,0,0,0,0,0,0,0,0,0,0,0,0,0,0,0,0,0,0,0,0,0,0,0,0,0,0,0,7,4294967295,12,12,8,25,4294967295,13,29,7
105,1,69,69,1,64,63,1,2,1,62,6,2176,1237,939,939,0,1031,206,0,100,59,68,239,1333,1031,0,1023,10,13,0,1048576,0,0,0,inf,0.911375523,0.933976412,0.811252356,0,0,0,0,0,0,0,0,0,0,0,0,0,0,0,0,0,0,0,0,0,0,0,1023,0,0,0,0,0,0,0,0,0,0,0,0,0,0,0,0,0,0,0,0,0,0,0,0,0,0,0,0,0,0,0,0,0,0,0,0,0,0,0,0,0,0,0,0,0,0,0,0,0,0,0,0,0,0,0,0,0,0,0,0,0,0,0,0,0,8,4,24,7,21,8,17,23,6,22
106,0.200000003,69,69,1,64,0,64,0,64,0,68,2176,1339,837,837,0,3,1336,0,18,15,68,1502,1435,3,0,5,10,13,0,1048576,0,0,0,inf,0.968965054,1.04639125,1.49997151,0,0,0,0,0,0,0,0,0,0,0,0,0,0,0,0,0,0,0,0,0,0,0,5,0,0,0,0,0,0,0,0,0,0,0,0,0,0,0,0,0,0,0,0,0,0,0,0,0,0,0,0,0,0,0,0,0,0,0,0,0,0,0,0,0,0,0,0,0,0,0,0,0,0,0,0,0,0,0,0,0,0,0,0,0,0,0,0,0,10,4294967295,29,4294967295,4294967295,4294967295,4294967295,4294967295,4294967295,4294967295
107,0.100000001,69,69,1,64,0,64,0,64,0,68,2176,1298,878,878,0,4,1294,0,8,8,68,1462,1394,4,0,1,8,13,0,1048576,0,0,0,inf,0.963156283,1.04673731,inf,0,0,0,0,0,0,0,0,0,0,0,0,0,0,0,0,0,0,0,0,0,0,0,1,0,0,0,0,0,0,0,0,0,0,0,0,0,0,0,0,0,0,0,0,0,0,0,0,0,0,0,0,0,0,0,0,0,0,0,0,0,0,0,0,0,0,0,0,0,0,0,0,0,0,0,0,0,0,0,0,0,0,0,0,0,0,0,0,0,19,4294967295,4294967295,4294967295,4294967295,4294967295,4294967295,4294967295,4294967295,4294967295
108,1,69,69,2,64,64,0,0,0,65,3,2176,1314,862,862,0,1237,77,0,105,48,68,246,1410,1237,0,1023,10,13,0,1048576,0,0,0,inf,inf,1.08161497,0.91498816,0,0,0,0,0,0,0,0,0,0,0,0,0,0,0,0,0,0,0,0,0,0,0,1023,0,0,0,0,0,0,0,0,0,0,0,0,0,0,0,0,0,0,0,0,0,0,0,0,0,0,0,0,0,0,0,0,0,0,0,0,0,0,0,0,0,0,0,0,0,0,0,0,0,0,0,0,0,0,0,0,0,0,0,0,0,0,0,0,0,7,7,6,16,11,3,7,7,7,4
109,0.100000001,69,69,1,64,0,64,0,64,0,68,2176,1337,839,839,0,3,1334,0,18,16,68,1501,1433,3,0,256,10,13,0,1048576,0,0,0,inf,0.985358238,1.10958838,1.55336761,0,0,0,0,0,0,0,0,0,0,0,0,0,0,0,0,0,0,0,0,0,0,0,256,0,0,0,0,0,0,0,0,0,0,0,0,0,0,0,0,0,0,0,0,0,0,0,0,0,0,0,0,0,0,0,0,0,0,0,0,0,0,0,0,0,0,0,0,0,0,0,0,0,0,0,0,0,0,0,0,0,0,0,0,0,0,0,0,0,4294967295,4294967295,4294967295,4294967295,4294967295,4294967295,4294967295,4294967295,18,4294967295
110,1,69,69,1,64,64,0,1,0,64,4,2176,1396,780,780,0,1205,191,0,96,49,68,236,1492,1205,0,1023,10,13,0,1048576,0,0,0,inf,0.935498238,0.935498238,0.840602934,0,0,0,0,0,0,0,0,0,0,0,0,0,0,0,0,0,0,0,0,0,0,0,1023,0,0,0,0,0,0,0,0,0,0,0,0,0,0,0,0,0,0,0,0,0,0,0,0,0,0,0,0,0,0,0,0,0,0,0,0,0,0,0,0,0,0,0,0,0,0,0,0,0,0,0,0,0,0,0,0,0,0,0,0,0,0,0,0,0,3,2,1,4,14,3,2,10,3,9
111,0.5,69,69,1,64,1,63,1,63,0,68,2176,1323,853,853,0,9,1314,0,18,18,68,1487,1419,9,0,775,10,13,0,1048576,0,0,0,inf,0.879819512,0.961331248,1.32893682,0,0,0,0,0,0,0,0,0,0,0,0,0,0,0,0,0,0,0,0,0,0,0,775,0,0,0,0,0,0,0,0,0,0,0,0,0,0,0,0,0,0,0,0,0,0,0,0,0,0,0,0,0,0,0,0,0,0,0,0,0,0,0,0,0,0,0,0,0,0,0,0,0,0,0,0,0,0,0,0,0,0,0,0,0,0,0,0,0,13,63,12,4294967295,4294967295,4294967295,4294967295,4294967295,16,38
112,0.200000003,69,69,1,64,0,64,0,64,0,68,2176,1517,659,659,0,5,1512,0,9,9,68,1681,1613,5,0,257,9,13,0,1048576,0,0,0,inf,0.955520093,1.03936076,inf,0,0,0,0,0,0,0,0,0,0,0,0,0,0,0,0,0,0,0,0,0,0,0,257,0,0,0,0,0,0,0,0,0,0,0,0,0,0,0,0,0,0,0,0,0,0,0,0,0,0,0,0,0,0,0,0,0,0,0,0,0,0,0,0,0,0,0,0,0,0,0,0,0,0,0,0,0,0,0,0,0,0,0,0,0,0,0,0,0,61,4294967295,4294967295,4294967295,4294967295,4294967295,4294967295,4294967295,9,4294967295
113,1,67,69,3,64,64,0,0,0,66,0,2112,1144,968,968,0,1107,37,0,103,52,66,242,1240,1107,0,1023,10,13,0,1048576,0,0,0,inf,inf,0.87041086,0.794949889,0,0,0,0,0,0,0,0,0,0,0,0,0,0,0,0,0,0,0,0,0,0,0,1023,0,0,0,0,0,0,0,0,0,0,0,0,0,0,0,0,0,0,0,0,0,0,0,0,0,0,0,0,0,0,0,0,0,0,0,0,0,0,0,0,0,0,0,0,0,0,0,0,0,0,0,0,0,0,0,0,0,0,0,0,0,0,0,0,0,4,3,7,3,5,4,15,7,30,12
114,0.899999976,67,69,3,64,64,0,0,0,65,1,2112,1354,758,758,0,1250,104,0,108,58,66,244,1450,1250,0,959,10,13,0,1048576,0,0,0,inf,inf,0.936410189,0.848522961,0,0,0,0,0,0,0,0,0,0,0,0,0,0,0,0,0,0,0,0,0,0,0,959,0,0,0,0,0,0,0,0,0,0,0,0,0,0,0,0,0,0,0,0,0,0,0,0,0,0,0,0,0,0,0,0,0,0,0,0,0,0,0,0,0,0,0,0,0,0,0,0,0,0,0,0,0,0,0,0,0,0,0,0,0,0,0,0,0,11,7,21,32,1,35,4294967295,8,8,9
115,0.300000012,69,69,1,64,1,63,1,63,0,68,2176,899,1277,1277,0,10,889,0,15,15,68,1057,995,10,0,162,10,13,0,1048576,0,0,0,inf,0.988928199,1.19666409,1.4372766,0,0,0,0,0,0,0,0,0,0,0,0,0,0,0,0,0,0,0,0,0,0,0,162,0,0,0,0,0,0,0,0,0,0,0,0,0,0,0,0,0,0,0,0,0,0,0,0,0,0,0,0,0,0,0,0,0,0,0,0,0,0,0,0,0,0,0,0,0,0,0,0,0,0,0,0,0,0,0,0,0,0,0,0,0,0,0,0,0,4294967295,48,4294967295,4294967295,4294967295,48,4294967295,48,4294967295,4294967295
116,1,69,69,2,64,64,0,0,0,66,2,2176,1038,1138,1138,0,1003,35,0,96,41,68,234,1134,1003,0,1023,10,13,0,1048576,0,0,0,inf,inf,0.959042609,0.81099844,0,0,0,0,0,0,0,0,0,0,0,0,0,0,0,0,0,0,0,0,0,0,0,1023,0,0,0,0,0,0,0,0,0,0,0,0,0,0,0,0,0,0,0,0,0,0,0,0,0,0,0,0,0,0,0,0,0,0,0,0,0,0,0,0,0,0,0,0,0,0,0,0,0,0,0,0,0,0,0,0,0,0,0,0,0,0,0,0,0,2,1,3,2,2,2,3,2,2,2
117,0.800000012,69,69,1,64,1,63,0,63,2,66,2176,1186,990,990,0,47,1139,0,28,27,68,655,1282,47,0,479,10,13,0,1048576,0,0,0,inf,0.985219777,1.133003,1.11364865,0,0,0,0,0,0,0,0,0,0,0,0,0,0,0,0,0,0,0,0,0,0,0,479,0,0,0,0,0,0,0,0,0,0,0,0,0,0,0,0,0,0,0,0,0,0,0,0,0,0,0,0,0,0,0,0,0,0,0,0,0,0,0,0,0,0,0,0,0,0,0,0,0,0,0,0,0,0,0,0,0,0,0,0,0,0,0,0,0,7,27,22,3,7,4294967295,0,13,13,4294967295
118,0.899999976,69,69,1,64,10,54,3,54,7,61,2176,1316,860,860,0,101,1215,0,27,25,68,508,1412,101,0,511,10,13,0,1048576,0,0,0,inf,0.942154229,1.0625242,0.975303292,0,0,0,0,0,0,0,0,0,0,0,0,0,0,0,0,0,0,0,0,0,0,0,511,0,0,0,0,0,0,0,0,0,0,0,0,0,0,0,0,0,0,0,0,0,0,0,0,0,0,0,0,0,0,0,0,0,0,0,0,0,0,0,0,0,0,0,0,0,0,0,0,0,0,0,0,0,0,0,0,0,0,0,0,0,0,0,0,0,28,6,6,2,36,3,23,32,19,4294967295
119,0.100000001,69,69,1,64,0,64,0,64,0,68,2176,1144,1032,1032,0,8,1136,0,10,10,68,1308,1240,8,0,32,10,13,0,1048576,0,0,0,inf,0.904001117,1.01512671,1.43214059,0,0,0,0,0,0,0,0,0,0,0,0,0,0,0,0,0,0,0,0,0,0,0,32,0,0,0,0,0,0,0,0,0,0,0,0,0,0,0,0,0,0,0,0,0,0,0,0,0,0,0,0,0,0,0,0,0,0,0,0,0,0,0,0,0,0,0,0,0,0,0,0,0,0,0,0,0,0,0,0,0,0,0,0,0,0,0,0,0,4294967295,4294967295,4294967295,4294967295,4294967295,5,4294967295,4294967295,4294967295,4294967295
120,1,69,69,1,64,64,0,2,0,64,4,2176,1386,790,790,0,1283,103,0,108,56,68,248,1482,1283,0,1023,10,13,0,1048576,0,0,0,inf,0.966458917,0.983157039,0.888287663,0,0,0,0,0,0,0,0,0,0,0,0,0,0,0,0,0,0,0,0,0,0,0,1023,0,0,0,0,0,0,0,0,0,0,0,0,0,0,0,0,0,0,0,0,0,0,0,0,0,0,0,0,0,0,0,0,0,0,0,0,0,0,0,0,0,0,0,0,0,0,0,0,0,0,0,0,0,0,0,0,0,0,0,0,0,0,0,0,0,4,13,15,9,8,8,7,13,17,33
121,0.600000024,69,69,1,64,2,62,1,62,1,67,2176,1142,1034,1034,0,37,1105,0,27,25,68,1126,1238,37,0,459,10,13,0,1048576,0,0,0,inf,1.00960565,1.26304078,1.27142239,0,0,0,0,0,0,0,0,0,0,0,0,0,0,0,0,0,0,0,0,0,0,0,459,0,0,0,0,0,0,0,0,0,0,0,0,0,0,0,0,0,0,0,0,0,0,0,0,0,0,0,0,0,0,0,0,0,0,0,0,0,0,0,0,0,0,0,0,0,0,0,0,0,0,0,0,0,0,0,0,0,0,0,0,0,0,0,0,0,4,46,4294967295,46,4294967295,4294967295,40,46,47,4294967295
122,0.200000003,69,69,1,64,0,64,0,64,0,68,2176,1268,908,908,0,3,1265,0,13,13,68,1430,1364,3,0,520,10,13,0,1048576,0,0,0,inf,1.02571845,1.16604638,1.62112951,0,0,0,0,0,0,0,0,0,0,0,0,0,0,0,0,0,0,0,0,0,0,0,520,0,0,0,0,0,0,0,0,0,0,0,0,0,0,0,0,0,0,0,0,0,0,0,0,0,0,0,0,0,0,0,0,0,0,0,0,0,0,0,0,0,0,0,0,0,0,0,0,0,0,0,0,0,0,0,0,0,0,0,0,0,0,0,0,0,4294967295,4294967295,4294967295,35,4294967295,4294967295,4294967295,4294967295,4294967295,35
123,0.5,69,69,1,64,4,60,2,60,2,66,2176,1441,735,735,0,39,1402,0,29,27,68,831,1537,39,0,283,10,13,0,1048576,0,0,0,inf,0.954297781,1.03909457,1.06849241,0,0,0,0,0,0,0,0,0,0,0,0,0,0,0,0,0,0,0,0,0,0,0,283,0,0,0,0,0,0,0,0,0,0,0,0,0,0,0,0,0,0,0,0,0,0,0,0,0,0,0,0,0,0,0,0,0,0,0,0,0,0,0,0,0,0,0,0,0,0,0,0,0,0,0,0,0,0,0,0,0,0,0,0,0,0,0,0,0,20,8,4294967295,22,13,4294967295,4294967295,4294967295,13,4294967295
124,0.200000003,69,69,1,64,0,64,0,64,0,68,2176,1378,798,798,0,2,1376,0,5,5,68,1542,1474,2,0,65,5,13,0,1048576,0,0,0,inf,0.999867499,1.13293397,inf,0,0,0,0,0,0,0,0,0,0,0,0,0,0,0,0,0,0,0,0,0,0,0,65,0,0,0,0,0,0,0,0,0,0,0,0,0,0,0,0,0,0,0,0,0,0,0,0,0,0,0,0,0,0,0,0,0,0,0,0,0,0,0,0,0,0,0,0,0,0,0,0,0,0,0,0,0,0,0,0,0,0,0,0,0,0,0,0,0,36,4294967295,4294967295,4294967295,4294967295,4294967295,57,4294967295,4294967295,4294967295
125,0,69,69,1,64,0,64,0,64,0,68,2176,1312,864,864,0,0,1312,0,3,3,68,1476,1408,0,0,0,3,13,0,1048576,0,0,0,inf,1.07129049,1.17461956,inf,0,0,0,0,0,0,0,0,0,0,0,0,0,0,0,0,0,0,0,0,0,0,0,0,0,0,0,0,0,0,0,0,0,0,0,0,0,0,0,0,0,0,0,0,0,0,0,0,0,0,0,0,0,0,0,0,0,0,0,0,0,0,0,0,0,0,0,0,0,0,0,0,0,0,0,0,0,0,0,0,0,0,0,0,0,0,0,0,0,4294967295,4294967295,4294967295,4294967295,4294967295,4294967295,4294967295,4294967295,4294967295,4294967295
126,0.100000001,69,69,1,64,0,64,0,64,0,68,2176,1477,699,699,0,1,1476,0,2,2,68,1641,1573,1,0,2,2,13,0,1048576,0,0,0,inf,0.982494235,1.10836792,inf,0,0,0,0,0,0,0,0,0,0,0,0,0,0,0,0,0,0,0,0,0,0,0,2,0,0,0,0,0,0,0,0,0,0,0,0,0,0,0,0,0,0,0,0,0,0,0,0,0,0,0,0,0,0,0,0,0,0,0,0,0,0,0,0,0,0,0,0,0,0,0,0,0,0,0,0,0,0,0,0,0,0,0,0,0,0,0,0,0,4294967295,21,4294967295,4294967295,4294967295,4294967295,4294967295,4294967295,4294967295,4294967295
127,0,69,69,1,64,0,64,0,64,0,68,2176,1347,829,829,0,0,1347,0,7,7,68,1511,1443,0,0,0,7,13,0,1048576,0,0,0,inf,0.93343091,1.03307092,inf,0,0,0,0,0,0,0,0,0,0,0,0,0,0,0,0,0,0,0,0,0,0,0,0,0,0,0,0,0,0,0,0,0,0,0,0,0,0,0,0,0,0,0,0,0,0,0,0,0,0,0,0,0,0,0,0,0,0,0,0,0,0,0,0,0,0,0,0,0,0,0,0,0,0,0,0,0,0,0,0,0,0,0,0,0,0,0,0,0,4294967295,4294967295,4294967295,4294967295,4294967295,4294967295,4294967295,4294967295,4294967295,4294967295
128,0.600000024,69,69,1,64,6,58,2,58,4,64,2176,1503,673,673,0,105,1398,0,41,35,68,432,1599,105,0,414,10,13,0,1048576,0,0,0,inf,1.00915682,1.17918658,1.05859804,0,0,0,0,0,0,0,0,0,0,0,0,0,0,0,0,0,0,0,0,0,0,0,414,0,0,0,0,0,0,0,0,0,0,0,0,0,0,0,0,0,0,0,0,0,0,0,0,0,0,0,0,0,0,0,0,0,0,0,0,0,0,0,0,0,0,0,0,0,0,0,0,0,0,0,0,0,0,0,0,0,0,0,0,0,0,0,0,0,4294967295,23,21,3,2,4294967295,4294967295,43,16,4294967295
129,0.5,69,69,1,64,1,63,0,63,1,67,2176,1504,672,672,0,17,1487,0,38,25,68,1299,1600,17,0,569,10,13,0,1048576,0,0,0,inf,1.01623678,1.05797541,1.20297599,0,0,0,0,0,0,0,0,0,0,0,0,0,0,0,0,0,0,0,0,0,0,0,569,0,0,0,0,0,0,0,0,0,0,0,0,0,0,0,0,0,0,0,0,0,0,0,0,0,0,0,0,0,0,0,0,0,0,0,0,0,0,0,0,0,0,0,0,0,0,0,0,0,0,0,0,0,0,0,0,0,0,0,0,0,0,0,0,0,31,4294967295,4294967295,16,14,7,4294967295,4294967295,4294967295,11
130,1,69,69,1,64,10,54,3,54,7,61,2176,1162,1014,1014,0,136,1026,0,49,33,68,536,1258,136,0,1023,10,13,0,1048576,0,0,0,inf,0.965217888,1.04197097,0.996412456,0,0,0,0,0,0,0,0,0,0,0,0,0,0,0,0,0,0,0,0,0,0,0,1023,0,0,0,0,0,0,0,0,0,0,0,0,0,0,0,0,0,0,0,0,0,0,0,0,0,0,0,0,0,0,0,0,0,0,0,0,0,0,0,0,0,0,0,0,0,0,0,0,0,0,0,0,0,0,0,0,0,0,0,0,0,0,0,0,0,13,7,66,12,14,12,12,12,7,10
131,0.400000006,69,69,1,64,1,63,0,63,1,67,2176,1614,562,562,0,12,1602,0,13,12,68,1746,1710,12,0,649,10,13,0,1048576,0,0,0,inf,1.02380216,1.10154641,1.27231669,0,0,0,0,0,0,0,0,0,0,0,0,0,0,0,0,0,0,0,0,0,0,0,649,0,0,0,0,0,0,0,0,0,0,0,0,0,0,0,0,0,0,0,0,0,0,0,0,0,0,0,0,0,0,0,0,0,0,0,0,0,0,0,0,0,0,0,0,0,0,0,0,0,0,0,0,0,0,0,0,0,0,0,0,0,0,0,0,0,30,4294967295,4294967295,20,4294967295,4294967295,4294967295,17,4294967295,33
132,0.100000001,69,69,1,64,0,64,0,64,0,68,2176,1368,808,808,0,1,1367,0,4,4,68,1532,1464,1,0,64,4,13,0,1048576,0,0,0,inf,1.04010296,1.15641737,inf,0,0,0,0,0,0,0,0,0,0,0,0,0,0,0,0,0,0,0,0,0,0,0,64,0,0,0,0,0,0,0,0,0,0,0,0,0,0,0,0,0,0,0,0,0,0,0,0,0,0,0,0,0,0,0,0,0,0,0,0,0,0,0,0,0,0,0,0,0,0,0,0,0,0,0,0,0,0,0,0,0,0,0,0,0,0,0,0,0,4294967295,4294967295,4294967295,4294967295,4294967295,4294967295,57,4294967295,4294967295,4294967295
133,1,69,69,1,64,1,63,1,63,0,68,2176,1298,878,878,0,20,1278,0,27,25,68,1228,1394,20,0,1023,10,13,0,1048576,0,0,0,inf,0.990606368,1.09486771,1.14139318,0,0,0,0,0,0,0,0,0,0,0,0,0,0,0,0,0,0,0,0,0,0,0,1023,0,0,0,0,0,0,0,0,0,0,0,0,0,0,0,0,0,0,0,0,0,0,0,0,0,0,0,0,0,0,0,0,0,0,0,0,0,0,0,0,0,0,0,0,0,0,0,0,0,0,0,0,0,0,0,0,0,0,0,0,0,0,0,0,0,57,14,30,21,42,57,42,20,37,67
134,0,69,69,1,64,0,64,0,64,0,68,2176,1107,1069,1069,0,1,1106,0,10,10,68,1271,1203,1,0,0,10,13,0,1048576,0,0,0,inf,0.90395999,1.01939046,1.59244156,0,0,0,0,0,0,0,0,0,0,0,0,0,0,0,0,0,0,0,0,0,0,0,0,0,0,0,0,0,0,0,0,0,0,0,0,0,0,0,0,0,0,0,0,0,0,0,0,0,0,0,0,0,0,0,0,0,0,0,0,0,0,0,0,0,0,0,0,0,0,0,0,0,0,0,0,0,0,0,0,0,0,0,0,0,0,0,0,0,4294967295,4294967295,4294967295,4294967295,4294967295,4294967295,4294967295,4294967295,4294967295,4294967295
135,1,69,69,1,64,64,0,1,0,67,1,2176,1232,944,944,0,1142,90,0,110,57,68,249,1328,1142,0,1023,10,13,0,1048576,0,0,0,inf,0.933854699,0.933854699,0.866463423,0,0,0,0,0,0,0,0,0,0,0,0,0,0,0,0,0,0,0,0,0,0,0,1023,0,0,0,0,0,0,0,0,0,0,0,0,0,0,0,0,0,0,0,0,0,0,0,0,0,0,0,0,0,0,0,0,0,0,0,0,0,0,0,0,0,0,0,0,0,0,0,0,0,0,0,0,0,0,0,0,0,0,0,0,0,0,0,0,0,5,5,5,35,21,6,9,4,6,19
136,0,69,69,1,64,0,64,0,64,0,68,2176,1062,1114,1114,0,0,1062,0,3,3,68,1226,1158,0,0,0,3,13,0,1048576,0,0,0,inf,0.94051832,1.03790903,inf,0,0,0,0,0,0,0,0,0,0,0,0,0,0,0,0,0,0,0,0,0,0,0,0,0,0,0,0,0,0,0,0,0,0,0,0,0,0,0,0,0,0,0,0,0,0,0,0,0,0,0,0,0,0,0,0,0,0,0,0,0,0,0,0,0,0,0,0,0,0,0,0,0,0,0,0,0,0,0,0,0,0,0,0,0,0,0,0,0,4294967295,4294967295,4294967295,4294967295,4294967295,4294967295,4294967295,4294967295,4294967295,4294967295
137,0,69,69,1,64,0,64,0,64,0,68,2176,1277,899,899,0,1,1276,0,4,4,68,1441,1373,1,0,0,4,13,0,1048576,0,0,0,inf,0.917523265,1.06963539,inf,0,0,0,0,0,0,0,0,0,0,0,0,0,0,0,0,0,0,0,0,0,0,0,0,0,0,0,0,0,0,0,0,0,0,0,0,0,0,0,0,0,0,0,0,0,0,0,0,0,0,0,0,0,0,0,0,0,0,0,0,0,0,0,0,0,0,0,0,0,0,0,0,0,0,0,0,0,0,0,0,0,0,0,0,0,0,0,0,0,4294967295,4294967295,4294967295,4294967295,4294967295,4294967295,4294967295,4294967295,4294967295,4294967295
138,0.300000012,69,69,1,64,0,64,0,64,0,68,2176,1361,815,815,0,7,1354,0,16,16,68,1520,1457,7,0,13,10,13,0,1048576,0,0,0,inf,0.882569253,1.02935767,1.40694499,0,0,0,0,0,0,0,0,0,0,0,0,0,0,0,0,0,0,0,0,0,0,0,13,0,0,0,0,0,0,0,0,0,0,0,0,0,0,0,0,0,0,0,0,0,0,0,0,0,0,0,0,0,0,0,0,0,0,0,0,0,0,0,0,0,0,0,0,0,0,0,0,0,0,0,0,0,0,0,0,0,0,0,0,0,0,0,0,0,29,4294967295,30,57,4294967295,4294967295,4294967295,4294967295,4294967295,4294967295
139,0,69,69,1,64,0,64,0,64,0,68,2176,1202,974,974,0,0,1202,0,7,7,68,1366,1298,0,0,0,7,13,0,1048576,0,0,0,inf,0.936223388,1.01474965,inf,0,0,0,0,0,0,0,0,0,0,0,0,0,0,0,0,0,0,0,0,0,0,0,0,0,0,0,0,0,0,0,0,0,0,0,0,0,0,0,0,0,0,0,0,0,0,0,0,0,0,0,0,0,0,0,0,0,0,0,0,0,0,0,0,0,0,0,0,0,0,0,0,0,0,0,0,0,0,0,0,0,0,0,0,0,0,0,0,0,4294967295,4294967295,4294967295,4294967295,4294967295,4294967295,4294967295,4294967295,4294967295,4294967295
140,0.5,69,69,1,64,1,63,0,63,1,67,2176,1346,830,830,0,38,1308,0,46,34,68,1248,1442,38,0,651,10,13,0,1048576,0,0,0,inf,0.959305048,1.05458581,1.1566056,0,0,0,0,0,0,0,0,0,0,0,0,0,0,0,0,0,0,0,0,0,0,0,651,0,0,0,0,0,0,0,0,0,0,0,0,0,0,0,0,0,0,0,0,0,0,0,0,0,0,0,0,0,0,0,0,0,0,0,0,0,0,0,0,0,0,0,0,0,0,0,0,0,0,0,0,0,0,0,0,0,0,0,0,0,0,0,0,0,2,12,4294967295,22,4294967295,4294967295,4294967295,42,4294967295,56
141,1,69,69,1,64,64,0,1,0,67,1,2176,1339,837,837,0,1257,82,0,106,57,68,245,1435,1257,0,1023,10,13,0,1048576,0,0,0,inf,0.932672799,0.938006163,0.862931371,0,0,0,0,0,0,0,0,0,0,0,0,0,0,0,0,0,0,0,0,0,0,0,1023,0,0,0,0,0,0,0,0,0,0,0,0,0,0,0,0,0,0,0,0,0,0,0,0,0,0,0,0,0,0,0,0,0,0,0,0,0,0,0,0,0,0,0,0,0,0,0,0,0,0,0,0,0,0,0,0,0,0,0,0,0,0,0,0,0,4,4,10,9,10,4,10,3,4,9
142,1,69,69,1,64,63,1,7,1,57,11,2176,1340,836,836,0,1111,229,0,89,42,68,231,1436,1111,0,1023,10,13,0,1048576,0,0,0,inf,0.884468079,0.9086833,0.800089598,0,0,0,0,0,0,0,0,0,0,0,0,0,0,0,0,0,0,0,0,0,0,0,1023,0,0,0,0,0,0,0,0,0,0,0,0,0,0,0,0,0,0,0,0,0,0,0,0,0,0,0,0,0,0,0,0,0,0,0,0,0,0,0,0,0,0,0,0,0,0,0,0,0,0,0,0,0,0,0,0,0,0,0,0,0,0,0,0,0,2,13,1,3,0,3,1,11,10,34
143,1,69,69,1,64,64,0,1,0,64,4,2176,1191,985,985,0,1064,127,0,102,50,68,242,1287,1064,0,1023,10,13,0,1048576,0,0,0,inf,0.926832557,0.942721963,0.785141468,0,0,0,0,0,0,0,0,0,0,0,0,0,0,0,0,0,0,0,0,0,0,0,1023,0,0,0,0,0,0,0,0,0,0,0,0,0,0,0,0,0,0,0,0,0,0,0,0,0,0,0,0,0,0,0,0,0,0,0,0,0,0,0,0,0,0,0,0,0,0,0,0,0,0,0,0,0,0,0,0,0,0,0,0,0,0,0,0,0,3,29,2,11,28,8,4,11,6,15
144,1,66,69,3,64,64,0,0,0,65,0,2080,1023,1057,1057,0,997,26,0,98,40,65,233,1119,997,0,1023,10,13,0,1048576,0,0,0,inf,inf,0.832725644,0.75154531,0,0,0,0,0,0,0,0,0,0,0,0,0,0,0,0,0,0,0,0,0,0,0,1023,0,0,0,0,0,0,0,0,0,0,0,0,0,0,0,0,0,0,0,0,0,0,0,0,0,0,0,0,0,0,0,0,0,0,0,0,0,0,0,0,0,0,0,0,0,0,0,0,0,0,0,0,0,0,0,0,0,0,0,0,0,0,0,0,0,2,3,3,0,12,3,3,3,2,4
145,0.699999988,69,69,1,64,8,56,4,56,4,64,2176,1375,801,801,0,96,1279,0,30,27,68,453,1471,96,0,861,10,13,0,1048576,0,0,0,inf,0.964188933,1.04782319,1.0295403,0,0,0,0,0,0,0,0,0,0,0,0,0,0,0,0,0,0,0,0,0,0,0,861,0,0,0,0,0,0,0,0,0,0,0,0,0,0,0,0,0,0,0,0,0,0,0,0,0,0,0,0,0,0,0,0,0,0,0,0,0,0,0,0,0,0,0,0,0,0,0,0,0,0,0,0,0,0,0,0,0,0,0,0,0,0,0,0,0,7,4294967295,16,27,3,4294967295,2,4294967295,45,21
146,0.300000012,69,69,1,64,0,64,0,64,0,68,2176,1364,812,812,0,8,1356,0,13,13,68,1527,1460,8,0,26,10,13,0,1048576,0,0,0,inf,0.958141327,1.0705924,1.43777394,0,0,0,0,0,0,0,0,0,0,0,0,0,0,0,0,0,0,0,0,0,0,0,26,0,0,0,0,0,0,0,0,0,0,0,0,0,0,0,0,0,0,0,0,0,0,0,0,0,0,0,0,0,0,0,0,0,0,0,0,0,0,0,0,0,0,0,0,0,0,0,0,0,0,0,0,0,0,0,0,0,0,0,0,0,0,0,0,0,4294967295,21,4294967295,5,21,4294967295,4294967295,4294967295,4294967295,4294967295
147,0,69,69,1,64,0,64,0,64,0,68,2176,1208,968,968,0,3,1205,0,12,12,68,1370,1304,3,0,0,10,13,0,1048576,0,0,0,inf,0.889322102,1.03790534,1.51005387,0,0,0,0,0,0,0,0,0,0,0,0,0,0,0,0,0,0,0,0,0,0,0,0,0,0,0,0,0,0,0,0,0,0,0,0,0,0,0,0,0,0,0,0,0,0,0,0,0,0,0,0,0,0,0,0,0,0,0,0,0,0,0,0,0,0,0,0,0,0,0,0,0,0,0,0,0,0,0,0,0,0,0,0,0,0,0,0,0,4294967295,4294967295,4294967295,4294967295,4294967295,4294967295,4294967295,4294967295,4294967295,4294967295
148,0,69,69,1,64,0,64,0,64,0,68,2176,1339,837,837,0,6,1333,0,13,12,68,1491,1435,6,0,0,10,13,0,1048576,0,0,0,inf,0.917676926,1.01737618,1.42557549,0,0,0,0,0,0,0,0,0,0,0,0,0,0,0,0,0,0,0,0,0,0,0,0,0,0,0,0,0,0,0,0,0,0,0,0,0,0,0,0,0,0,0,0,0,0,0,0,0,0,0,0,0,0,0,0,0,0,0,0,0,0,0,0,0,0,0,0,0,0,0,0,0,0,0,0,0,0,0,0,0,0,0,0,0,0,0,0,0,4294967295,4294967295,4294967295,4294967295,4294967295,4294967295,4294967295,4294967295,4294967295,4294967295
149,0.100000001,69,69,1,64,0,64,0,64,0,68,2176,1446,730,730,0,2,1444,0,5,5,68,1610,1542,2,0,1,5,13,0,1048576,0,0,0,inf,0.986811042,1.07741117,inf,0,0,0,0,0,0,0,0,0,0,0,0,0,0,0,0,0,0,0,0,0,0,0,1,0,0,0,0,0,0,0,0,0,0,0,0,0,0,0,0,0,0,0,0,0,0,0,0,0,0,0,0,0,0,0,0,0,0,0,0,0,0,0,0,0,0,0,0,0,0,0,0,0,0,0,0,0,0,0,0,0,0,0,0,0,0,0,0,0,8,4294967295,4294967295,4294967295,4294967295,4294967295,4294967295,4294967295,4294967295,4294967295
150,0.100000001,69,69,1,64,0,64,0,64,0,68,2176,1377,799,799,0,1,1376,0,11,11,68,1541,1473,1,0,2,10,13,0,1048576,0,0,0,inf,0.869977772,0.968411803,1.58383596,0,0,0,0,0,0,0,0,0,0,0,0,0,0,0,0,0,0,0,0,0,0,0,2,0,0,0,0,0,0,0,0,0,0,0,0,0,0,0,0,0,0,0,0,0,0,0,0,0,0,0,0,0,0,0,0,0,0,0,0,0,0,0,0,0,0,0,0,0,0,0,0,0,0,0,0,0,0,0,0,0,0,0,0,0,0,0,0,0,4294967295,63,4294967295,4294967295,4294967295,4294967295,4294967295,4294967295,4294967295,4294967295
151,0.800000012,69,69,1,64,64,0,4,0,63,5,2176,1363,813,813,0,1171,192,0,101,55,68,241,1459,1171,0,639,10,13,0,1048576,0,0,0,inf,0.954375982,0.95651722,0.87396419,0,0,0,0,0,0,0,0,0,0,0,0,0,0,0,0,0,0,0,0,0,0,0,639,0,0,0,0,0,0,0,0,0,0,0,0,0,0,0,0,0,0,0,0,0,0,0,0,0,0,0,0,0,0,0,0,0,0,0,0,0,0,0,0,0,0,0,0,0,0,0,0,0,0,0,0,0,0,0,0,0,0,0,0,0,0,0,0,0,12,11,7,6,3,3,12,4294967295,4294967295,8
152,1,69,69,1,64,64,0,2,0,62,6,2176,1295,881,881,0,1096,199,0,92,44,68,238,1391,1096,0,1023,10,13,0,1048576,0,0,0,inf,0.914467216,0.919517159,0.81482023,0,0,0,0,0,0,0,0,0,0,0,0,0,0,0,0,0,0,0,0,0,0,0,1023,0,0,0,0,0,0,0,0,0,0,0,0,0,0,0,0,0,0,0,0,0,0,0,0,0,0,0,0,0,0,0,0,0,0,0,0,0,0,0,0,0,0,0,0,0,0,0,0,0,0,0,0,0,0,0,0,0,0,0,0,0,0,0,0,0,8,2,1,4,3,2,25,3,3,12
153,0.899999976,69,69,1,64,64,0,4,0,61,7,2176,1337,839,839,0,1146,191,0,107,61,68,264,1433,1146,0,511,10,13,0,1048576,0,0,0,inf,0.882189751,0.886950135,0.801327169,0,0,0,0,0,0,0,0,0,0,0,0,0,0,0,0,0,0,0,0,0,0,0,511,0,0,0,0,0,0,0,0,0,0,0,0,0,0,0,0,0,0,0,0,0,0,0,0,0,0,0,0,0,0,0,0,0,0,0,0,0,0,0,0,0,0,0,0,0,0,0,0,0,0,0,0,0,0,0,0,0,0,0,0,0,0,0,0,0,7,8,6,5,8,9,66,23,6,4294967295
154,1,69,69,1,64,21,43,11,43,12,56,2176,1453,723,723,0,275,1178,0,103,56,68,386,1549,275,0,1023,10,13,0,1048576,0,0,0,inf,0.962439954,1.05399132,0.961282909,0,0,0,0,0,0,0,0,0,0,0,0,0,0,0,0,0,0,0,0,0,0,0,1023,0,0,0,0,0,0,0,0,0,0,0,0,0,0,0,0,0,0,0,0,0,0,0,0,0,0,0,0,0,0,0,0,0,0,0,0,0,0,0,0,0,0,0,0,0,0,0,0,0,0,0,0,0,0,0,0,0,0,0,0,0,0,0,0,0,13,9,31,14,37,12,16,27,17,9
155,1,69,69,1,64,18,46,6,46,12,56,2176,1340,836,836,0,223,1117,0,56,42,68,345,1436,223,0,1023,10,13,0,1048576,0,0,0,inf,0.948541999,1.04121304,0.926411986,0,0,0,0,0,0,0,0,0,0,0,0,0,0,0,0,0,0,0,0,0,0,0,1023,0,0,0,0,0,0,0,0,0,0,0,0,0,0,0,0,0,0,0,0,0,0,0,0,0,0,0,0,0,0,0,0,0,0,0,0,0,0,0,0,0,0,0,0,0,0,0,0,0,0,0,0,0,0,0,0,0,0,0,0,0,0,0,0,0,5,7,17,2,3,7,28,2,29,20
156,0.800000012,69,69,1,64,8,56,6,56,2,66,2176,1360,816,816,0,64,1296,0,40,32,68,887,1456,64,0,831,10,13,0,1048576,0,0,0,inf,0.882755935,0.972514212,0.940008938,0,0,0,0,0,0,0,0,0,0,0,0,0,0,0,0,0,0,0,0,0,0,0,831,0,0,0,0,0,0,0,0,0,0,0,0,0,0,0,0,0,0,0,0,0,0,0,0,0,0,0,0,0,0,0,0,0,0,0,0,0,0,0,0,0,0,0,0,0,0,0,0,0,0,0,0,0,0,0,0,0,0,0,0,0,0,0,0,0,5,5,4,36,5,6,4294967295,4294967295,40,48
157,0.200000003,69,69,1,64,1,63,1,63,0,68,2176,1424,752,752,0,2,1422,0,5,5,68,1588,1520,2,0,5,5,13,0,1048576,0,0,0,inf,0.930032969,1.01722538,inf,0,0,0,0,0,0,0,0,0,0,0,0,0,0,0,0,0,0,0,0,0,0,0,5,0,0,0,0,0,0,0,0,0,0,0,0,0,0,0,0,0,0,0,0,0,0,0,0,0,0,0,0,0,0,0,0,0,0,0,0,0,0,0,0,0,0,0,0,0,0,0,0,0,0,0,0,0,0,0,0,0,0,0,0,0,0,0,0,0,31,4294967295,17,4294967295,4294967295,4294967295,4294967295,4294967295,4294967295,4294967295
158,0,69,69,1,64,0,64,0,64,0,68,2176,1437,739,739,0,0,1437,0,3,3,68,1601,1533,0,0,0,3,13,0,1048576,0,0,0,inf,0.909019351,0.993301868,inf,0,0,0,0,0,0,0,0,0,0,0,0,0,0,0,0,0,0,0,0,0,0,0,0,0,0,0,0,0,0,0,0,0,0,0,0,0,0,0,0,0,0,0,0,0,0,0,0,0,0,0,0,0,0,0,0,0,0,0,0,0,0,0,0,0,0,0,0,0,0,0,0,0,0,0,0,0,0,0,0,0,0,0,0,0,0,0,0,0,4294967295,4294967295,4294967295,4294967295,4294967295,4294967295,4294967295,4294967295,4294967295,4294967295
159,0.300000012,69,69,1,64,0,64,0,64,0,68,2176,1393,783,783,0,27,1366,0,27,24,68,1040,1489,27,0,104,10,13,0,1048576,0,0,0,inf,0.998450279,1.06406319,1.1448667,0,0,0,0,0,0,0,0,0,0,0,0,0,0,0,0,0,0,0,0,0,0,0,104,0,0,0,0,0,0,0,0,0,0,0,0,0,0,0,0,0,0,0,0,0,0,0,0,0,0,0,0,0,0,0,0,0,0,0,0,0,0,0,0,0,0,0,0,0,0,0,0,0,0,0,0,0,0,0,0,0,0,0,0,0,0,0,0,0,4294967295,4294967295,4294967295,22,4294967295,17,17,4294967295,4294967295,4294967295
160,1,66,69,3,64,64,0,0,0,65,0,2080,1217,863,863,0,1175,42,0,98,44,65,234,1313,1175,0,1023,10,13,0,1048576,0,0,0,inf,inf,0.893014908,0.794997156,0,0,0,0,0,0,0,0,0,0,0,0,0,0,0,0,0,0,0,0,0,0,0,1023,0,0,0,0,0,0,0,0,0,0,0,0,0,0,0,0,0,0,0,0,0,0,0,0,0,0,0,0,0,0,0,0,0,0,0,0,0,0,0,0,0,0,0,0,0,0,0,0,0,0,0,0,0,0,0,0,0,0,0,0,0,0,0,0,0,0,3,32,5,1,2,9,3,9,6
161,1,69,69,1,64,16,48,4,48,12,56,2176,1466,710,710,0,151,1315,0,27,25,68,441,1562,151,0,1023,10,13,0,1048576,0,0,0,inf,0.958464921,1.14469647,0.942725718,0,0,0,0,0,0,0,0,0,0,0,0,0,0,0,0,0,0,0,0,0,0,0,1023,0,0,0,0,0,0,0,0,0,0,0,0,0,0,0,0,0,0,0,0,0,0,0,0,0,0,0,0,0,0,0,0,0,0,0,0,0,0,0,0,0,0,0,0,0,0,0,0,0,0,0,0,0,0,0,0,0,0,0,0,0,0,0,0,0,9,2,11,14,36,12,2,11,21,9
162,0.699999988,69,69,1,64,3,61,2,61,1,67,2176,1262,914,914,0,27,1235,0,34,31,68,1241,1358,27,0,223,10,13,0,1048576,0,0,0,inf,0.826562524,0.902275503,0.995672345,0,0,0,0,0,0,0,0,0,0,0,0,0,0,0,0,0,0,0,0,0,0,0,223,0,0,0,0,0,0,0,0,0,0,0,0,0,0,0,0,0,0,0,0,0,0,0,0,0,0,0,0,0,0,0,0,0,0,0,0,0,0,0,0,0,0,0,0,0,0,0,0,0,0,0,0,0,0,0,0,0,0,0,0,0,0,0,0,0,1,1,23,28,63,4294967295,56,62,4294967295,4294967295
163,0.100000001,69,69,1,64,0,64,0,64,0,68,2176,1477,699,699,0,1,1476,0,4,4,68,1641,1573,1,0,128,4,13,0,1048576,0,0,0,inf,0.949480176,1.01859951,inf,0,0,0,0,0,0,0,0,0,0,0,0,0,0,0,0,0,0,0,0,0,0,0,128,0,0,0,0,0,0,0,0,0,0,0,0,0,0,0,0,0,0,0,0,0,0,0,0,0,0,0,0,0,0,0,0,0,0,0,0,0,0,0,0,0,0,0,0,0,0,0,0,0,0,0,0,0,0,0,0,0,0,0,0,0,0,0,0,0,4294967295,4294967295,4294967295,4294967295,4294967295,4294967295,4294967295,61,4294967295,4294967295
164,0.100000001,69,69,1,64,0,64,0,64,0,68,2176,1152,1024,1024,0,2,1150,0,17,13,68,1315,1248,2,0,512,10,13,0,1048576,0,0,0,inf,0.91747719,1.12444592,1.48052001,0,0,0,0,0,0,0,0,0,0,0,0,0,0,0,0,0,0,0,0,0,0,0,512,0,0,0,0,0,0,0,0,0,0,0,0,0,0,0,0,0,0,0,0,0,0,0,0,0,0,0,0,0,0,0,0,0,0,0,0,0,0,0,0,0,0,0,0,0,0,0,0,0,0,0,0,0,0,0,0,0,0,0,0,0,0,0,0,0,4294967295,4294967295,4294967295,4294967295,4294967295,4294967295,4294967295,4294967295,4294967295,45
165,0,69,69,1,64,0,64,0,64,0,68,2176,1023,1153,1153,0,0,1023,0,15,13,68,1187,1119,0,0,0,10,13,0,1048576,0,0,0,inf,0.873095512,1.01465821,1.56134582,0,0,0,0,0,0,0,0,0,0,0,0,0,0,0,0,0,0,0,0,0,0,0,0,0,0,0,0,0,0,0,0,0,0,0,0,0,0,0,0,0,0,0,0,0,0,0,0,0,0,0,0,0,0,0,0,0,0,0,0,0,0,0,0,0,0,0,0,0,0,0,0,0,0,0,0,0,0,0,0,0,0,0,0,0,0,0,0,0,4294967295,4294967295,4294967295,4294967295,4294967295,4294967295,4294967295,4294967295,4294967295,4294967295
166,0,69,69,1,64,0,64,0,64,0,68,2176,1379,797,797,0,0,1379,0,10,10,68,1541,1475,0,0,0,10,13,0,1048576,0,0,0,inf,0.977142274,1.08969331,1.58241522,0,0,0,0,0,0,0,0,0,0,0,0,0,0,0,0,0,0,0,0,0,0,0,0,0,0,0,0,0,0,0,0,0,0,0,0,0,0,0,0,0,0,0,0,0,0,0,0,0,0,0,0,0,0,0,0,0,0,0,0,0,0,0,0,0,0,0,0,0,0,0,0,0,0,0,0,0,0,0,0,0,0,0,0,0,0,0,0,0,4294967295,4294967295,4294967295,4294967295,4294967295,4294967295,4294967295,4294967295,4294967295,4294967295
167,1,68,69,3,64,64,0,0,0,65,2,2144,1263,881,881,0,1151,112,0,90,45,67,229,1359,1151,0,1023,10,13,0,1048576,0,0,0,inf,inf,0.889006495,0.796766996,0,0,0,0,0,0,0,0,0,0,0,0,0,0,0,0,0,0,0,0,0,0,0,1023,0,0,0,0,0,0,0,0,0,0,0,0,0,0,0,0,0,0,0,0,0,0,0,0,0,0,0,0,0,0,0,0,0,0,0,0,0,0,0,0,0,0,0,0,0,0,0,0,0,0,0,0,0,0,0,0,0,0,0,0,0,0,0,0,0,3,5,3,10,4,17,1,14,6,2
168,0.400000006,69,69,1,64,0,64,0,64,0,68,2176,1374,802,802,0,8,1366,0,13,13,68,1537,1470,8,0,30,10,13,0,1048576,0,0,0,inf,0.948923171,1.01837611,1.45339596,0,0,0,0,0,0,0,0,0,0,0,0,0,0,0,0,0,0,0,0,0,0,0,30,0,0,0,0,0,0,0,0,0,0,0,0,0,0,0,0,0,0,0,0,0,0,0,0,0,0,0,0,0,0,0,0,0,0,0,0,0,0,0,0,0,0,0,0,0,0,0,0,0,0,0,0,0,0,0,0,0,0,0,0,0,0,0,0,0,4294967295,21,8,21,33,4294967295,4294967295,4294967295,4294967295,4294967295
169,1,69,69,1,64,8,56,3,56,5,63,2176,834,1342,1342,0,69,765,0,34,34,68,648,930,69,0,1023,10,13,0,1048576,0,0,0,inf,0.770309448,0.895529687,0.812064409,0,0,0,0,0,0,0,0,0,0,0,0,0,0,0,0,0,0,0,0,0,0,0,1023,0,0,0,0,0,0,0,0,0,0,0,0,0,0,0,0,0,0,0,0,0,0,0,0,0,0,0,0,0,0,0,0,0,0,0,0,0,0,0,0,0,0,0,0,0,0,0,0,0,0,0,0,0,0,0,0,0,0,0,0,0,0,0,0,0,22,13,9,27,7,30,10,24,34,33
170,0.100000001,69,69,1,64,0,64,0,64,0,68,2176,1204,972,972,0,2,1202,0,7,7,68,1368,1300,2,0,128,7,13,0,1048576,0,0,0,inf,0.921410561,1.09185052,inf,0,0,0,0,0,0,0,0,0,0,0,0,0,0,0,0,0,0,0,0,0,0,0,128,0,0,0,0,0,0,0,0,0,0,0,0,0,0,0,0,0,0,0,0,0,0,0,0,0,0,0,0,0,0,0,0,0,0,0,0,0,0,0,0,0,0,0,0,0,0,0,0,0,0,0,0,0,0,0,0,0,0,0,0,0,0,0,0,0,4294967295,4294967295,4294967295,4294967295,4294967295,4294967295,4294967295,11,4294967295,4294967295
171,0.699999988,69,69,1,64,9,55,4,55,5,63,2176,1374,802,802,0,106,1268,0,46,31,68,560,1470,106,0,223,10,13,0,1048576,0,0,0,inf,0.91932869,1.02276409,0.964448631,0,0,0,0,0,0,0,0,0,0,0,0,0,0,0,0,0,0,0,0,0,0,0,223,0,0,0,0,0,0,0,0,0,0,0,0,0,0,0,0,0,0,0,0,0,0,0,0,0,0,0,0,0,0,0,0,0,0,0,0,0,0,0,0,0,0,0,0,0,0,0,0,0,0,0,0,0,0,0,0,0,0,0,0,0,0,0,0,0,18,5,5,9,8,4294967295,17,14,4294967295,4294967295
172,0.600000024,69,69,1,64,2,62,0,62,2,66,2176,1285,891,891,0,46,1239,0,54,32,68,998,1381,46,0,231,10,13,0,1048576,0,0,0,inf,0.944271803,1.08545578,1.08845878,0,0,0,0,0,0,0,0,0,0,0,0,0,0,0,0,0,0,0,0,0,0,0,231,0,0,0,0,0,0,0,0,0,0,0,0,0,0,0,0,0,0,0,0,0,0,0,0,0,0,0,0,0,0,0,0,0,0,0,0,0,0,0,0,0,0,0,0,0,0,0,0,0,0,0,0,0,0,0,0,0,0,0,0,0,0,0,0,0,10,6,23,4294967295,4294967295,32,18,34,4294967295,4294967295
173,0,69,69,1,64,0,64,0,64,0,68,2176,1329,847,847,0,0,1329,0,0,0,68,1493,1425,0,0,0,0,13,0,1048576,0,0,0,inf,0.974636316,1.10477185,inf,0,0,0,0,0,0,0,0,0,0,0,0,0,0,0,0,0,0,0,0,0,0,0,0,0,0,0,0,0,0,0,0,0,0,0,0,0,0,0,0,0,0,0,0,0,0,0,0,0,0,0,0,0,0,0,0,0,0,0,0,0,0,0,0,0,0,0,0,0,0,0,0,0,0,0,0,0,0,0,0,0,0,0,0,0,0,0,0,0,4294967295,4294967295,4294967295,4294967295,4294967295,4294967295,4294967295,4294967295,4294967295,4294967295
174,0.899999976,69,69,1,64,7,57,3,57,4,64,2176,1115,1061,1061,0,61,1054,0,28,27,68,630,1211,61,0,1007,10,13,0,1048576,0,0,0,inf,0.96650815,1.21436775,1.03644454,0,0,0,0,0,0,0,0,0,0,0,0,0,0,0,0,0,0,0,0,0,0,0,1007,0,0,0,0,0,0,0,0,0,0,0,0,0,0,0,0,0,0,0,0,0,0,0,0,0,0,0,0,0,0,0,0,0,0,0,0,0,0,0,0,0,0,0,0,0,0,0,0,0,0,0,0,0,0,0,0,0,0,0,0,0,0,0,0,0,43,3,5,15,4294967295,29,0,43,66,5
175,0,69,69,1,64,0,64,0,64,0,68,2176,1529,647,647,0,0,1529,0,0,0,68,1693,1625,0,0,0,0,13,0,1048576,0,0,0,inf,0.955404639,1.00054348,inf,0,0,0,0,0,0,0,0,0,0,0,0,0,0,0,0,0,0,0,0,0,0,0,0,0,0,0,0,0,0,0,0,0,0,0,0,0,0,0,0,0,0,0,0,0,0,0,0,0,0,0,0,0,0,0,0,0,0,0,0,0,0,0,0,0,0,0,0,0,0,0,0,0,0,0,0,0,0,0,0,0,0,0,0,0,0,0,0,0,4294967295,4294967295,4294967295,4294967295,4294967295,4294967295,4294967295,4294967295,4294967295,4294967295
176,0.600000024,69,69,1,64,0,64,0,64,0,68,2176,1386,790,790,0,10,1376,0,25,22,68,1511,1482,10,0,347,10,13,0,1048576,0,0,0,inf,0.872358561,0.943848372,1.13942623,0,0,0,0,0,0,0,0,0,0,0,0,0,0,0,0,0,0,0,0,0,0,0,347,0,0,0,0,0,0,0,0,0,0,0,0,0,0,0,0,0,0,0,0,0,0,0,0,0,0,0,0,0,0,0,0,0,0,0,0,0,0,0,0,0,0,0,0,0,0,0,0,0,0,0,0,0,0,0,0,0,0,0,0,0,0,0,0,0,14,14,4294967295,14,14,4294967295,25,4294967295,49,4294967295
177,0,69,69,1,64,0,64,0,64,0,68,2176,481,1695,1695,0,0,481,0,1,1,68,645,577,0,0,0,1,13,0,1048576,0,0,0,inf,0.715679646,1.02263021,inf,0,0,0,0,0,0,0,0,0,0,0,0,0,0,0,0,0,0,0,0,0,0,0,0,0,0,0,0,0,0,0,0,0,0,0,0,0,0,0,0,0,0,0,0,0,0,0,0,0,0,0,0,0,0,0,0,0,0,0,0,0,0,0,0,0,0,0,0,0,0,0,0,0,0,0,0,0,0,0,0,0,0,0,0,0,0,0,0,0,4294967295,4294967295,4294967295,4294967295,4294967295,4294967295,4294967295,4294967295,4294967295,4294967295
178,0.800000012,69,69,1,64,4,60,3,60,1,67,2176,1276,900,900,0,58,1218,0,40,27,68,666,1372,58,0,383,10,13,0,1048576,0,0,0,inf,0.902343512,1.05056787,0.986724138,0,0,0,0,0,0,0,0,0,0,0,0,0,0,0,0,0,0,0,0,0,0,0,383,0,0,0,0,0,0,0,0,0,0,0,0,0,0,0,0,0,0,0,0,0,0,0,0,0,0,0,0,0,0,0,0,0,0,0,0,0,0,0,0,0,0,0,0,0,0,0,0,0,0,0,0,0,0,0,0,0,0,0,0,0,0,0,0,0,1,34,2,16,16,2,7,4294967295,5,4294967295
179,0,69,69,1,64,0,64,0,64,0,68,2176,946,1230,1230,0,0,946,0,10,10,68,1109,1042,0,0,0,10,13,0,1048576,0,0,0,inf,0.947416008,1.10041451,1.59591174,0,0,0,0,0,0,0,0,0,0,0,0,0,0,0,0,0,0,0,0,0,0,0,0,0,0,0,0,0,0,0,0,0,0,0,0,0,0,0,0,0,0,0,0,0,0,0,0,0,0,0,0,0,0,0,0,0,0,0,0,0,0,0,0,0,0,0,0,0,0,0,0,0,0,0,0,0,0,0,0,0,0,0,0,0,0,0,0,0,4294967295,4294967295,4294967295,4294967295,4294967295,4294967295,4294967295,4294967295,4294967295,4294967295
180,1,69,69,1,64,10,54,6,54,4,64,2176,1112,1064,1064,0,93,1019,0,27,25,68,487,1208,93,0,1023,10,13,0,1048576,0,0,0,inf,0.88517487,1.0227828,0.920620918,0,0,0,0,0,0,0,0,0,0,0,0,0,0,0,0,0,0,0,0,0,0,0,1023,0,0,0,0,0,0,0,0,0,0,0,0,0,0,0,0,0,0,0,0,0,0,0,0,0,0,0,0,0,0,0,0,0,0,0,0,0,0,0,0,0,0,0,0,0,0,0,0,0,0,0,0,0,0,0,0,0,0,0,0,0,0,0,0,0,6,6,26,6,11,22,3,9,1,28
181,0.800000012,69,69,1,64,3,61,1,61,2,66,2176,1336,840,840,0,43,1293,0,26,21,68,837,1432,43,0,255,10,13,0,1048576,0,0,0,inf,0.937284589,1.00230432,1.04209614,0,0,0,0,0,0,0,0,0,0,0,0,0,0,0,0,0,0,0,0,0,0,0,255,0,0,0,0,0,0,0,0,0,0,0,0,0,0,0,0,0,0,0,0,0,0,0,0,0,0,0,0,0,0,0,0,0,0,0,0,0,0,0,0,0,0,0,0,0,0,0,0,0,0,0,0,0,0,0,0,0,0,0,0,0,0,0,0,0,4,15,21,12,35,40,53,40,4294967295,4294967295
182,1,68,69,3,64,64,0,0,0,66,1,2144,1205,939,939,0,1135,70,0,101,52,67,238,1301,1135,0,1023,10,13,0,1048576,0,0,0,inf,inf,0.92523098,0.831183553,0,0,0,0,0,0,0,0,0,0,0,0,0,0,0,0,0,0,0,0,0,0,0,1023,0,0,0,0,0,0,0,0,0,0,0,0,0,0,0,0,0,0,0,0,0,0,0,0,0,0,0,0,0,0,0,0,0,0,0,0,0,0,0,0,0,0,0,0,0,0,0,0,0,0,0,0,0,0,0,0,0,0,0,0,0,0,0,0,0,15,2,2,15,2,1,15,4,64,23
183,0,69,69,1,64,0,64,0,64,0,68,2176,1230,946,946,0,0,1230,0,3,3,68,1394,1326,0,0,0,3,13,0,1048576,0,0,0,inf,0.926424265,1.08308649,inf,0,0,0,0,0,0,0,0,0,0,0,0,0,0,0,0,0,0,0,0,0,0,0,0,0,0,0,0,0,0,0,0,0,0,0,0,0,0,0,0,0,0,0,0,0,0,0,0,0,0,0,0,0,0,0,0,0,0,0,0,0,0,0,0,0,0,0,0,0,0,0,0,0,0,0,0,0,0,0,0,0,0,0,0,0,0,0,0,0,4294967295,4294967295,4294967295,4294967295,4294967295,4294967295,4294967295,4294967295,4294967295,4294967295
184,0,69,69,1,64,0,64,0,64,0,68,2176,1201,975,975,0,1,1200,0,16,15,68,1364,1297,1,0,0,10,13,0,1048576,0,0,0,inf,0.948416233,1.03565192,1.5554235,0,0,0,0,0,0,0,0,0,0,0,0,0,0,0,0,0,0,0,0,0,0,0,0,0,0,0,0,0,0,0,0,0,0,0,0,0,0,0,0,0,0,0,0,0,0,0,0,0,0,0,0,0,0,0,0,0,0,0,0,0,0,0,0,0,0,0,0,0,0,0,0,0,0,0,0,0,0,0,0,0,0,0,0,0,0,0,0,0,4294967295,4294967295,4294967295,4294967295,4294967295,4294967295,4294967295,4294967295,4294967295,4294967295
185,0.5,69,69,1,64,2,62,1,62,1,67,2176,1471,705,705,0,40,1431,0,33,30,68,1170,1567,40,0,283,10,13,0,1048576,0,0,0,inf,0.972625852,1.08494198,1.09770274,0,0,0,0,0,0,0,0,0,0,0,0,0,0,0,0,0,0,0,0,0,0,0,283,0,0,0,0,0,0,0,0,0,0,0,0,0,0,0,0,0,0,0,0,0,0,0,0,0,0,0,0,0,0,0,0,0,0,0,0,0,0,0,0,0,0,0,0,0,0,0,0,0,0,0,0,0,0,0,0,0,0,0,0,0,0,0,0,0,5,33,4294967295,30,5,4294967295,4294967295,4294967295,24,4294967295
186,1,69,69,1,64,15,49,9,49,6,62,2176,1200,976,976,0,168,1032,0,62,39,68,479,1296,168,0,1023,10,13,0,1048576,0,0,0,inf,0.925274193,1.04285765,0.943808675,0,0,0,0,0,0,0,0,0,0,0,0,0,0,0,0,0,0,0,0,0,0,0,1023,0,0,0,0,0,0,0,0,0,0,0,0,0,0,0,0,0,0,0,0,0,0,0,0,0,0,0,0,0,0,0,0,0,0,0,0,0,0,0,0,0,0,0,0,0,0,0,0,0,0,0,0,0,0,0,0,0,0,0,0,0,0,0,0,0,4,22,24,6,12,6,17,26,17,24
187,0,69,69,1,64,0,64,0,64,0,68,2176,1319,857,857,0,12,1307,0,25,22,68,1477,1415,12,0,0,10,13,0,1048576,0,0,0,inf,0.949341416,1.00213528,1.28377175,0,0,0,0,0,0,0,0,0,0,0,0,0,0,0,0,0,0,0,0,0,0,0,0,0,0,0,0,0,0,0,0,0,0,0,0,0,0,0,0,0,0,0,0,0,0,0,0,0,0,0,0,0,0,0,0,0,0,0,0,0,0,0,0,0,0,0,0,0,0,0,0,0,0,0,0,0,0,0,0,0,0,0,0,0,0,0,0,0,4294967295,4294967295,4294967295,4294967295,4294967295,4294967295,4294967295,4294967295,4294967295,4294967295
188,1,69,69,1,64,13,51,7,51,6,62,2176,1133,1043,1043,0,161,972,0,54,39,68,487,1229,161,0,1023,10,13,0,1048576,0,0,0,inf,0.937126219,1.07505608,0.950599313,0,0,0,0,0,0,0,0,0,0,0,0,0,0,0,0,0,0,0,0,0,0,0,1023,0,0,0,0,0,0,0,0,0,0,0,0,0,0,0,0,0,0,0,0,0,0,0,0,0,0,0,0,0,0,0,0,0,0,0,0,0,0,0,0,0,0,0,0,0,0,0,0,0,0,0,0,0,0,0,0,0,0,0,0,0,0,0,0,0,7,14,7,14,12,24,14,7,9,12
189,0.800000012,69,69,1,64,1,63,0,63,2,66,2176,1071,1105,1105,0,40,1031,0,26,25,68,950,1167,40,0,879,10,13,0,1048576,0,0,0,inf,0.855063081,0.971220016,0.998005629,0,0,0,0,0,0,0,0,0,0,0,0,0,0,0,0,0,0,0,0,0,0,0,879,0,0,0,0,0,0,0,0,0,0,0,0,0,0,0,0,0,0,0,0,0,0,0,0,0,0,0,0,0,0,0,0,0,0,0,0,0,0,0,0,0,0,0,0,0,0,0,0,0,0,0,0,0,0,0,0,0,0,0,0,0,0,0,0,0,38,5,26,5,4294967295,17,48,4294967295,37,48
190,0.5,69,69,1,64,1,63,1,63,0,68,2176,1431,745,745,0,29,1402,0,44,31,68,1126,1527,29,0,271,10,13,0,1048576,0,0,0,inf,0.959335685,1.03656626,1.10011756,0,0,0,0,0,0,0,0,0,0,0,0,0,0,0,0,0,0,0,0,0,0,0,271,0,0,0,0,0,0,0,0,0,0,0,0,0,0,0,0,0,0,0,0,0,0,0,0,0,0,0,0,0,0,0,0,0,0,0,0,0,0,0,0,0,0,0,0,0,0,0,0,0,0,0,0,0,0,0,0,0,0,0,0,0,0,0,0,0,6,16,10,8,4294967295,4294967295,4294967295,4294967295,61,4294967295
191,0,69,69,1,64,0,64,0,64,0,68,2176,934,1242,1242,0,0,934,0,3,3,68,1098,1030,0,0,0,3,13,0,1048576,0,0,0,inf,1.00525689,1.32987034,inf,0,0,0,0,0,0,0,0,0,0,0,0,0,0,0,0,0,0,0,0,0,0,0,0,0,0,0,0,0,0,0,0,0,0,0,0,0,0,0,0,0,0,0,0,0,0,0,0,0,0,0,0,0,0,0,0,0,0,0,0,0,0,0,0,0,0,0,0,0,0,0,0,0,0,0,0,0,0,0,0,0,0,0,0,0,0,0,0,0,4294967295,4294967295,4294967295,4294967295,4294967295,4294967295,4294967295,4294967295,4294967295,4294967295
192,1,69,69,1,64,11,53,5,53,6,62,2176,1367,809,809,0,75,1292,0,31,28,68,522,1463,75,0,1023,10,13,0,1048576,0,0,0,inf,1.00468516,1.06476295,1.01441574,0,0,0,0,0,0,0,0,0,0,0,0,0,0,0,0,0,0,0,0,0,0,0,1023,0,0,0,0,0,0,0,0,0,0,0,0,0,0,0,0,0,0,0,0,0,0,0,0,0,0,0,0,0,0,0,0,0,0,0,0,0,0,0,0,0,0,0,0,0,0,0,0,0,0,0,0,0,0,0,0,0,0,0,0,0,0,0,0,0,8,2,5,18,54,33,6,4,17,14
193,0,69,69,1,64,0,64,0,64,0,68,2176,1446,730,730,0,5,1441,0,14,14,68,1605,1542,5,0,0,10,13,0,1048576,0,0,0,inf,0.982244015,1.13965344,1.50549006,0,0,0,0,0,0,0,0,0,0,0,0,0,0,0,0,0,0,0,0,0,0,0,0,0,0,0,0,0,0,0,0,0,0,0,0,0,0,0,0,0,0,0,0,0,0,0,0,0,0,0,0,0,0,0,0,0,0,0,0,0,0,0,0,0,0,0,0,0,0,0,0,0,0,0,0,0,0,0,0,0,0,0,0,0,0,0,0,0,4294967295,4294967295,4294967295,4294967295,4294967295,4294967295,4294967295,4294967295,4294967295,4294967295
194,0.699999988,69,69,1,64,4,60,4,60,0,68,2176,1056,1120,1120,0,25,1031,0,44,31,68,1038,1152,25,0,471,10,13,0,1048576,0,0,0,inf,0.958720326,1.0586772,1.11670518,0,0,0,0,0,0,0,0,0,0,0,0,0,0,0,0,0,0,0,0,0,0,0,471,0,0,0,0,0,0,0,0,0,0,0,0,0,0,0,0,0,0,0,0,0,0,0,0,0,0,0,0,0,0,0,0,0,0,0,0,0,0,0,0,0,0,0,0,0,0,0,0,0,0,0,0,0,0,0,0,0,0,0,0,0,0,0,0,0,7,25,44,4294967295,34,4294967295,11,64,59,4294967295
195,0.800000012,69,69,1,64,1,63,0,63,1,67,2176,1380,796,796,0,41,1339,0,42,29,68,964,1476,41,0,1013,10,13,0,1048576,0,0,0,inf,0.995159805,1.11763048,1.12748122,0,0,0,0,0,0,0,0,0,0,0,0,0,0,0,0,0,0,0,0,0,0,0,1013,0,0,0,0,0,0,0,0,0,0,0,0,0,0,0,0,0,0,0,0,0,0,0,0,0,0,0,0,0,0,0,0,0,0,0,0,0,0,0,0,0,0,0,0,0,0,0,0,0,0,0,0,0,0,0,0,0,0,0,0,0,0,0,0,0,4,4294967295,9,4294967295,14,55,23,37,12,21
196,0.899999976,67,69,3,64,64,0,0,0,66,0,2112,1162,950,950,0,1127,35,0,97,49,66,234,1258,1127,0,959,10,13,0,1048576,0,0,0,inf,inf,0.954093575,0.878247321,0,0,0,0,0,0,0,0,0,0,0,0,0,0,0,0,0,0,0,0,0,0,0,959,0,0,0,0,0,0,0,0,0,0,0,0,0,0,0,0,0,0,0,0,0,0,0,0,0,0,0,0,0,0,0,0,0,0,0,0,0,0,0,0,0,0,0,0,0,0,0,0,0,0,0,0,0,0,0,0,0,0,0,0,0,0,0,0,0,4,18,3,5,12,12,4294967295,1,5,2
197,0,69,69,1,64,0,64,0,64,0,68,2176,1152,1024,1024,0,0,1152,0,3,3,68,1316,1248,0,0,0,3,13,0,1048576,0,0,0,inf,0.945550203,1.07703328,inf,0,0,0,0,0,0,0,0,0,0,0,0,0,0,0,0,0,0,0,0,0,0,0,0,0,0,0,0,0,0,0,0,0,0,0,0,0,0,0,0,0,0,0,0,0,0,0,0,0,0,0,0,0,0,0,0,0,0,0,0,0,0,0,0,0,0,0,0,0,0,0,0,0,0,0,0,0,0,0,0,0,0,0,0,0,0,0,0,0,4294967295,4294967295,4294967295,4294967295,4294967295,4294967295,4294967295,4294967295,4294967295,4294967295
198,0.699999988,69,69,1,64,2,62,2,62,0,68,2176,1321,855,855,0,24,1297,0,32,31,68,1253,1417,24,0,351,10,13,0,1048576,0,0,0,inf,0.995700359,1.08239961,1.15756893,0,0,0,0,0,0,0,0,0,0,0,0,0,0,0,0,0,0,0,0,0,0,0,351,0,0,0,0,0,0,0,0,0,0,0,0,0,0,0,0,0,0,0,0,0,0,0,0,0,0,0,0,0,0,0,0,0,0,0,0,0,0,0,0,0,0,0,0,0,0,0,0,0,0,0,0,0,0,0,0,0,0,0,0,0,0,0,0,0,12,17,49,3,8,4294967295,30,4294967295,50,4294967295
199,0.699999988,69,69,1,64,0,64,0,64,0,68,2176,1295,881,881,0,46,1249,0,49,36,68,953,1391,46,0,375,10,13,0,1048576,0,0,0,inf,0.959606647,1.06842995,1.10902059,0,0,0,0,0,0,0,0,0,0,0,0,0,0,0,0,0,0,0,0,0,0,0,375,0,0,0,0,0,0,0,0,0,0,0,0,0,0,0,0,0,0,0,0,0,0,0,0,0,0,0,0,0,0,0,0,0,0,0,0,0,0,0,0,0,0,0,0,0,0,0,0,0,0,0,0,0,0,0,0,0,0,0,0,0,0,0,0,0,4,39,60,4294967295,33,26,47,4294967295,26,4294967295
200,0,69,69,1,64,0,64,0,64,0,68,2176,1361,815,815,0,0,1361,0,3,3,68,1525,1457,0,0,0,3,13,0,1048576,0,0,0,inf,0.948203564,1.0609231,inf,0,0,0,0,0,0,0,0,0,0,0,0,0,0,0,0,0,0,0,0,0,0,0,0,0,0,0,0,0,0,0,0,0,0,0,0,0,0,0,0,0,0,0,0,0,0,0,0,0,0,0,0,0,0,0,0,0,0,0,0,0,0,0,0,0,0,0,0,0,0,0,0,0,0,0,0,0,0,0,0,0,0,0,0,0,0,0,0,0,4294967295,4294967295,4294967295,4294967295,4294967295,4294967295,4294967295,4294967295,4294967295,4294967295
201,0.5,69,69,1,64,2,62,1,62,1,67,2176,1156,1020,1020,0,30,1126,0,39,26,68,1039,1252,30,0,47,10,13,0,1048576,0,0,0,inf,1.00025392,1.15137124,1.23082912,0,0,0,0,0,0,0,0,0,0,0,0,0,0,0,0,0,0,0,0,0,0,0,47,0,0,0,0,0,0,0,0,0,0,0,0,0,0,0,0,0,0,0,0,0,0,0,0,0,0,0,0,0,0,0,0,0,0,0,0,0,0,0,0,0,0,0,0,0,0,0,0,0,0,0,0,0,0,0,0,0,0,0,0,0,0,0,0,0,20,19,30,32,4294967295,34,4294967295,4294967295,4294967295,4294967295
202,1,69,69,1,64,18,46,4,46,14,54,2176,1163,1013,1013,0,195,968,0,40,37,68,345,1259,195,0,1023,10,13,0,1048576,0,0,0,inf,0.968470097,1.12463903,0.955997705,0,0,0,0,0,0,0,0,0,0,0,0,0,0,0,0,0,0,0,0,0,0,0,1023,0,0,0,0,0,0,0,0,0,0,0,0,0,0,0,0,0,0,0,0,0,0,0,0,0,0,0,0,0,0,0,0,0,0,0,0,0,0,0,0,0,0,0,0,0,0,0,0,0,0,0,0,0,0,0,0,0,0,0,0,0,0,0,0,0,4,4,5,7,5,16,8,4,36,6
203,0.899999976,69,69,1,64,1,63,1,63,0,68,2176,1348,828,828,0,52,1296,0,47,34,68,746,1444,52,0,1015,10,13,0,1048576,0,0,0,inf,0.982830763,1.05916321,1.07785892,0,0,0,0,0,0,0,0,0,0,0,0,0,0,0,0,0,0,0,0,0,0,0,1015,0,0,0,0,0,0,0,0,0,0,0,0,0,0,0,0,0,0,0,0,0,0,0,0,0,0,0,0,0,0,0,0,0,0,0,0,0,0,0,0,0,0,0,0,0,0,0,0,0,0,0,0,0,0,0,0,0,0,0,0,0,0,0,0,0,16,21,1,4294967295,44,6,53,60,35,2
204,1,67,69,3,64,64,0,0,0,65,1,2112,520,1592,1592,0,510,10,0,88,42,66,224,616,510,0,1023,10,13,0,1048576,0,0,0,inf,inf,0.774640441,0.702883244,0,0,0,0,0,0,0,0,0,0,0,0,0,0,0,0,0,0,0,0,0,0,0,1023,0,0,0,0,0,0,0,0,0,0,0,0,0,0,0,0,0,0,0,0,0,0,0,0,0,0,0,0,0,0,0,0,0,0,0,0,0,0,0,0,0,0,0,0,0,0,0,0,0,0,0,0,0,0,0,0,0,0,0,0,0,0,0,0,0,1,1,1,1,7,7,6,2,2,2
205,0,69,69,1,64,0,64,0,64,0,68,2176,1116,1060,1060,0,0,1116,0,7,7,68,1280,1212,0,0,0,7,13,0,1048576,0,0,0,inf,0.974157095,1.13049328,inf,0,0,0,0,0,0,0,0,0,0,0,0,0,0,0,0,0,0,0,0,0,0,0,0,0,0,0,0,0,0,0,0,0,0,0,0,0,0,0,0,0,0,0,0,0,0,0,0,0,0,0,0,0,0,0,0,0,0,0,0,0,0,0,0,0,0,0,0,0,0,0,0,0,0,0,0,0,0,0,0,0,0,0,0,0,0,0,0,0,4294967295,4294967295,4294967295,4294967295,4294967295,4294967295,4294967295,4294967295,4294967295,4294967295
206,0.5,69,69,1,64,1,63,1,63,0,68,2176,1175,1001,1001,0,29,1146,0,45,31,68,1157,1271,29,0,595,10,13,0,1048576,0,0,0,inf,0.939958811,1.15377784,1.16348469,0,0,0,0,0,0,0,0,0,0,0,0,0,0,0,0,0,0,0,0,0,0,0,595,0,0,0,0,0,0,0,0,0,0,0,0,0,0,0,0,0,0,0,0,0,0,0,0,0,0,0,0,0,0,0,0,0,0,0,0,0,0,0,0,0,0,0,0,0,0,0,0,0,0,0,0,0,0,0,0,0,0,0,0,0,0,0,0,0,3,37,4294967295,4294967295,3,4294967295,64,4294967295,4294967295,49
207,0.100000001,69,69,1,64,0,64,0,64,0,68,2176,1303,873,873,0,1,1302,0,8,8,68,1467,1399,1,0,1,8,13,0,1048576,0,0,0,inf,0.941733718,1.03712225,inf,0,0,0,0,0,0,0,0,0,0,0,0,0,0,0,0,0,0,0,0,0,0,0,1,0,0,0,0,0,0,0,0,0,0,0,0,0,0,0,0,0,0,0,0,0,0,0,0,0,0,0,0,0,0,0,0,0,0,0,0,0,0,0,0,0,0,0,0,0,0,0,0,0,0,0,0,0,0,0,0,0,0,0,0,0,0,0,0,0,34,4294967295,4294967295,4294967295,4294967295,4294967295,4294967295,4294967295,4294967295,4294967295
208,1,69,69,1,64,11,53,3,53,8,60,2176,892,1284,1284,0,142,750,0,57,42,68,392,988,142,0,1023,10,13,0,1048576,0,0,0,inf,0.909235954,1.06289649,0.935438454,0,0,0,0,0,0,0,0,0,0,0,0,0,0,0,0,0,0,0,0,0,0,0,1023,0,0,0,0,0,0,0,0,0,0,0,0,0,0,0,0,0,0,0,0,0,0,0,0,0,0,0,0,0,0,0,0,0,0,0,0,0,0,0,0,0,0,0,0,0,0,0,0,0,0,0,0,0,0,0,0,0,0,0,0,0,0,0,0,0,3,2,3,2,4,20,5,7,4,9
209,0.899999976,69,69,1,64,6,58,1,58,5,63,2176,1085,1091,1091,0,68,1017,0,43,32,68,555,1181,68,0,959,10,13,0,1048576,0,0,0,inf,0.852265239,0.994275808,0.931317985,0,0,0,0,0,0,0,0,0,0,0,0,0,0,0,0,0,0,0,0,0,0,0,959,0,0,0,0,0,0,0,0,0,0,0,0,0,0,0,0,0,0,0,0,0,0,0,0,0,0,0,0,0,0,0,0,0,0,0,0,0,0,0,0,0,0,0,0,0,0,0,0,0,0,0,0,0,0,0,0,0,0,0,0,0,0,0,0,0,0,4,2,12,9,23,4294967295,2,9,40
210,0,69,69,1,64,0,64,0,64,0,68,2176,1091,1085,1085,0,0,1091,0,0,0,68,1255,1187,0,0,0,0,13,0,1048576,0,0,0,inf,1.05613112,1.21511722,inf,0,0,0,0,0,0,0,0,0,0,0,0,0,0,0,0,0,0,0,0,0,0,0,0,0,0,0,0,0,0,0,0,0,0,0,0,0,0,0,0,0,0,0,0,0,0,0,0,0,0,0,0,0,0,0,0,0,0,0,0,0,0,0,0,0,0,0,0,0,0,0,0,0,0,0,0,0,0,0,0,0,0,0,0,0,0,0,0,0,4294967295,4294967295,4294967295,4294967295,4294967295,4294967295,4294967295,4294967295,4294967295,4294967295
211,0.200000003,69,69,1,64,0,64,0,64,0,68,2176,1297,879,879,0,14,1283,0,29,22,68,1459,1393,14,0,160,10,13,0,1048576,0,0,0,inf,0.962047935,1.14750886,1.38920581,0,0,0,0,0,0,0,0,0,0,0,0,0,0,0,0,0,0,0,0,0,0,0,160,0,0,0,0,0,0,0,0,0,0,0,0,0,0,0,0,0,0,0,0,0,0,0,0,0,0,0,0,0,0,0,0,0,0,0,0,0,0,0,0,0,0,0,0,0,0,0,0,0,0,0,0,0,0,0,0,0,0,0,0,0,0,0,0,0,4294967295,4294967295,4294967295,4294967295,4294967295,63,4294967295,57,4294967295,4294967295
212,1,67,69,3,64,64,0,0,0,65,1,2112,1241,871,871,0,1180,61,0,100,39,66,237,1337,1180,0,1023,10,13,0,1048576,0,0,0,inf,inf,0.911012352,0.810893655,0,0,0,0,0,0,0,0,0,0,0,0,0,0,0,0,0,0,0,0,0,0,0,1023,0,0,0,0,0,0,0,0,0,0,0,0,0,0,0,0,0,0,0,0,0,0,0,0,0,0,0,0,0,0,0,0,0,0,0,0,0,0,0,0,0,0,0,0,0,0,0,0,0,0,0,0,0,0,0,0,0,0,0,0,0,0,0,0,0,1,1,6,4,3,2,0,46,7,8
213,0.800000012,69,69,1,64,8,56,2,56,6,62,2176,1369,807,807,0,98,1271,0,48,34,68,590,1465,98,0,887,10,13,0,1048576,0,0,0,inf,0.952587605,1.05086422,1.00825071,0,0,0,0,0,0,0,0,0,0,0,0,0,0,0,0,0,0,0,0,0,0,0,887,0,0,0,0,0,0,0,0,0,0,0,0,0,0,0,0,0,0,0,0,0,0,0,0,0,0,0,0,0,0,0,0,0,0,0,0,0,0,0,0,0,0,0,0,0,0,0,0,0,0,0,0,0,0,0,0,0,0,0,0,0,0,0,0,0,7,6,39,4294967295,3,18,2,4294967295,50,17
214,1,69,69,2,64,64,0,0,0,68,0,2176,1394,782,782,0,1357,37,0,135,80,68,274,1490,1357,0,1023,10,13,0,1048576,0,0,0,inf,inf,0.887739062,0.817077637,0,0,0,0,0,0,0,0,0,0,0,0,0,0,0,0,0,0,0,0,0,0,0,1023,0,0,0,0,0,0,0,0,0,0,0,0,0,0,0,0,0,0,0,0,0,0,0,0,0,0,0,0,0,0,0,0,0,0,0,0,0,0,0,0,0,0,0,0,0,0,0,0,0,0,0,0,0,0,0,0,0,0,0,0,0,0,0,0,0,16,18,17,17,48,6,33,6,19,17
215,0.5,69,69,1,64,1,63,1,63,0,68,2176,1079,1097,1097,0,19,1060,0,29,26,68,1099,1175,19,0,206,10,13,0,1048576,0,0,0,inf,0.893167615,1.03192806,1.1510843,0,0,0,0,0,0,0,0,0,0,0,0,0,0,0,0,0,0,0,0,0,0,0,206,0,0,0,0,0,0,0,0,0,0,0,0,0,0,0,0,0,0,0,0,0,0,0,0,0,0,0,0,0,0,0,0,0,0,0,0,0,0,0,0,0,0,0,0,0,0,0,0,0,0,0,0,0,0,0,0,0,0,0,0,0,0,0,0,0,4294967295,36,5,10,4294967295,4294967295,46,21,4294967295,4294967295
216,1,68,69,3,64,64,0,0,0,67,0,2144,1185,959,959,0,1148,37,0,117,60,67,255,1281,1148,0,1023,10,13,0,1048576,0,0,0,inf,inf,0.866700351,0.764296472,0,0,0,0,0,0,0,0,0,0,0,0,0,0,0,0,0,0,0,0,0,0,0,1023,0,0,0,0,0,0,0,0,0,0,0,0,0,0,0,0,0,0,0,0,0,0,0,0,0,0,0,0,0,0,0,0,0,0,0,0,0,0,0,0,0,0,0,0,0,0,0,0,0,0,0,0,0,0,0,0,0,0,0,0,0,0,0,0,0,4,5,6,8,8,11,3,6,6,8
217,0,69,69,1,64,0,64,0,64,0,68,2176,1301,875,875,0,1,1300,0,4,4,68,1465,1397,1,0,0,4,13,0,1048576,0,0,0,inf,0.998503208,1.11734092,inf,0,0,0,0,0,0,0,0,0,0,0,0,0,0,0,0,0,0,0,0,0,0,0,0,0,0,0,0,0,0,0,0,0,0,0,0,0,0,0,0,0,0,0,0,0,0,0,0,0,0,0,0,0,0,0,0,0,0,0,0,0,0,0,0,0,0,0,0,0,0,0,0,0,0,0,0,0,0,0,0,0,0,0,0,0,0,0,0,0,4294967295,4294967295,4294967295,4294967295,4294967295,4294967295,4294967295,4294967295,4294967295,4294967295
218,0.5,69,69,1,64,2,62,0,62,2,66,2176,1309,867,867,0,60,1249,0,52,34,68,820,1405,60,0,395,10,13,0,1048576,0,0,0,inf,0.933074474,1.04000139,1.03903842,0,0,0,0,0,0,0,0,0,0,0,0,0,0,0,0,0,0,0,0,0,0,0,395,0,0,0,0,0,0,0,0,0,0,0,0,0,0,0,0,0,0,0,0,0,0,0,0,0,0,0,0,0,0,0,0,0,0,0,0,0,0,0,0,0,0,0,0,0,0,0,0,0,0,0,0,0,0,0,0,0,0,0,0,0,0,0,0,0,8,12,4294967295,8,4294967295,4294967295,4294967295,25,1,4294967295
219,0.400000006,69,69,1,64,0,64,0,64,0,68,2176,1326,850,850,0,20,1306,0,34,27,68,1350,1422,20,0,141,10,13,0,1048576,0,0,0,inf,0.959527254,1.08868337,1.22162938,0,0,0,0,0,0,0,0,0,0,0,0,0,0,0,0,0,0,0,0,0,0,0,141,0,0,0,0,0,0,0,0,0,0,0,0,0,0,0,0,0,0,0,0,0,0,0,0,0,0,0,0,0,0,0,0,0,0,0,0,0,0,0,0,0,0,0,0,0,0,0,0,0,0,0,0,0,0,0,0,0,0,0,0,0,0,0,0,0,25,4294967295,56,14,4294967295,4294967295,4294967295,40,4294967295,4294967295
220,0.400000006,69,69,1,64,0,64,0,64,0,68,2176,1089,1087,1087,0,8,1081,0,12,12,68,1253,1185,8,0,169,10,13,0,1048576,0,0,0,inf,0.727658153,0.919583321,1.44329262,0,0,0,0,0,0,0,0,0,0,0,0,0,0,0,0,0,0,0,0,0,0,0,169,0,0,0,0,0,0,0,0,0,0,0,0,0,0,0,0,0,0,0,0,0,0,0,0,0,0,0,0,0,0,0,0,0,0,0,0,0,0,0,0,0,0,0,0,0,0,0,0,0,0,0,0,0,0,0,0,0,0,0,0,0,0,0,0,0,25,4294967295,4294967295,18,4294967295,42,4294967295,28,4294967295,4294967295
221,1,69,69,2,64,64,0,0,0,66,2,2176,1404,772,772,0,1307,97,0,107,47,68,247,1500,1307,0,1023,10,13,0,1048576,0,0,0,inf,inf,1.0184896,0.923613191,0,0,0,0,0,0,0,0,0,0,0,0,0,0,0,0,0,0,0,0,0,0,0,1023,0,0,0,0,0,0,0,0,0,0,0,0,0,0,0,0,0,0,0,0,0,0,0,0,0,0,0,0,0,0,0,0,0,0,0,0,0,0,0,0,0,0,0,0,0,0,0,0,0,0,0,0,0,0,0,0,0,0,0,0,0,0,0,0,0,1,31,2,1,12,2,4,40,7,33
222,1,69,69,1,64,64,0,2,0,64,4,2176,1082,1094,1094,0,1031,51,0,120,57,68,261,1178,1031,0,1023,10,13,0,1048576,0,0,0,inf,0.931797028,0.933123112,0.805390894,0,0,0,0,0,0,0,0,0,0,0,0,0,0,0,0,0,0,0,0,0,0,0,1023,0,0,0,0,0,0,0,0,0,0,0,0,0,0,0,0,0,0,0,0,0,0,0,0,0,0,0,0,0,0,0,0,0,0,0,0,0,0,0,0,0,0,0,0,0,0,0,0,0,0,0,0,0,0,0,0,0,0,0,0,0,0,0,0,0,3,7,5,10,5,14,6,5,6,10
223,0,69,69,1,64,0,64,0,64,0,68,2176,1158,1018,1018,0,0,1158,0,3,3,68,1322,1254,0,0,0,3,13,0,1048576,0,0,0,inf,0.911795378,0.996217847,inf,0,0,0,0,0,0,0,0,0,0,0,0,0,0,0,0,0,0,0,0,0,0,0,0,0,0,0,0,0,0,0,0,0,0,0,0,0,0,0,0,0,0,0,0,0,0,0,0,0,0,0,0,0,0,0,0,0,0,0,0,0,0,0,0,0,0,0,0,0,0,0,0,0,0,0,0,0,0,0,0,0,0,0,0,0,0,0,0,0,4294967295,4294967295,4294967295,4294967295,4294967295,4294967295,4294967295,4294967295,4294967295,4294967295
224,0.699999988,69,69,1,64,2,62,1,62,1,67,2176,1118,1058,1058,0,26,1092,0,43,31,68,1009,1214,26,0,827,10,13,0,1048576,0,0,0,inf,0.854834676,0.956982732,1.00935388,0,0,0,0,0,0,0,0,0,0,0,0,0,0,0,0,0,0,0,0,0,0,0,827,0,0,0,0,0,0,0,0,0,0,0,0,0,0,0,0,0,0,0,0,0,0,0,0,0,0,0,0,0,0,0,0,0,0,0,0,0,0,0,0,0,0,0,0,0,0,0,0,0,0,0,0,0,0,0,0,0,0,0,0,0,0,0,0,0,3,39,4294967295,33,39,13,4294967295,4294967295,65,33
225,0.200000003,69,69,1,64,0,64,0,64,0,68,2176,1318,858,858,0,3,1315,0,7,7,68,1482,1414,3,0,9,7,13,0,1048576,0,0,0,inf,0.961214244,1.12241125,inf,0,0,0,0,0,0,0,0,0,0,0,0,0,0,0,0,0,0,0,0,0,0,0,9,0,0,0,0,0,0,0,0,0,0,0,0,0,0,0,0,0,0,0,0,0,0,0,0,0,0,0,0,0,0,0,0,0,0,0,0,0,0,0,0,0,0,0,0,0,0,0,0,0,0,0,0,0,0,0,0,0,0,0,0,0,0,0,0,0,4,4294967295,4294967295,65,4294967295,4294967295,4294967295,4294967295,4294967295,4294967295
226,0.200000003,69,69,1,64,0,64,0,64,0,68,2176,1231,945,945,0,2,1229,0,7,7,68,1395,1327,2,0,65,7,13,0,1048576,0,0,0,inf,0.915745378,1.15920138,inf,0,0,0,0,0,0,0,0,0,0,0,0,0,0,0,0,0,0,0,0,0,0,0,65,0,0,0,0,0,0,0,0,0,0,0,0,0,0,0,0,0,0,0,0,0,0,0,0,0,0,0,0,0,0,0,0,0,0,0,0,0,0,0,0,0,0,0,0,0,0,0,0,0,0,0,0,0,0,0,0,0,0,0,0,0,0,0,0,0,13,4294967295,4294967295,4294967295,4294967295,4294967295,45,4294967295,4294967295,4294967295
227,0,69,69,1,64,0,64,0,64,0,68,2176,1182,994,994,0,3,1179,0,12,12,68,1345,1278,3,0,0,10,13,0,1048576,0,0,0,inf,0.85797137,0.998624921,1.49052119,0,0,0,0,0,0,0,0,0,0,0,0,0,0,0,0,0,0,0,0,0,0,0,0,0,0,0,0,0,0,0,0,0,0,0,0,0,0,0,0,0,0,0,0,0,0,0,0,0,0,0,0,0,0,0,0,0,0,0,0,0,0,0,0,0,0,0,0,0,0,0,0,0,0,0,0,0,0,0,0,0,0,0,0,0,0,0,0,0,4294967295,4294967295,4294967295,4294967295,4294967295,4294967295,4294967295,4294967295,4294967295,4294967295
228,0.699999988,69,69,1,64,5,59,2,59,3,65,2176,1167,1009,1009,0,55,1112,0,26,26,68,779,1263,55,0,815,10,13,0,1048576,0,0,0,inf,0.917003155,1.04964328,1.01652598,0,0,0,0,0,0,0,0,0,0,0,0,0,0,0,0,0,0,0,0,0,0,0,815,0,0,0,0,0,0,0,0,0,0,0,0,0,0,0,0,0,0,0,0,0,0,0,0,0,0,0,0,0,0,0,0,0,0,0,0,0,0,0,0,0,0,0,0,0,0,0,0,0,0,0,0,0,0,0,0,0,0,0,0,0,0,0,0,0,1,2,0,49,4294967295,1,4294967295,4294967295,28,9
229,1,66,69,3,64,64,0,0,0,65,0,2080,1138,942,942,0,1093,45,0,102,47,65,237,1234,1093,0,1023,10,13,0,1048576,0,0,0,inf,inf,0.886064827,0.794100821,0,0,0,0,0,0,0,0,0,0,0,0,0,0,0,0,0,0,0,0,0,0,0,1023,0,0,0,0,0,0,0,0,0,0,0,0,0,0,0,0,0,0,0,0,0,0,0,0,0,0,0,0,0,0,0,0,0,0,0,0,0,0,0,0,0,0,0,0,0,0,0,0,0,0,0,0,0,0,0,0,0,0,0,0,0,0,0,0,0,2,2,4,1,6,2,5,10,9,6
230,0,69,69,1,64,0,64,0,64,0,68,2176,1080,1096,1096,0,1,1079,0,16,15,68,1244,1176,1,0,0,10,13,0,1048576,0,0,0,inf,0.936946988,1.19696021,1.58721089,0,0,0,0,0,0,0,0,0,0,0,0,0,0,0,0,0,0,0,0,0,0,0,0,0,0,0,0,0,0,0,0,0,0,0,0,0,0,0,0,0,0,0,0,0,0,0,0,0,0,0,0,0,0,0,0,0,0,0,0,0,0,0,0,0,0,0,0,0,0,0,0,0,0,0,0,0,0,0,0,0,0,0,0,0,0,0,0,0,4294967295,4294967295,4294967295,4294967295,4294967295,4294967295,4294967295,4294967295,4294967295,4294967295
231,0,69,69,1,64,0,64,0,64,0,68,2176,1479,697,697,0,1,1478,0,4,4,68,1643,1575,1,0,0,4,13,0,1048576,0,0,0,inf,1.00934851,1.06840312,inf,0,0,0,0,0,0,0,0,0,0,0,0,0,0,0,0,0,0,0,0,0,0,0,0,0,0,0,0,0,0,0,0,0,0,0,0,0,0,0,0,0,0,0,0,0,0,0,0,0,0,0,0,0,0,0,0,0,0,0,0,0,0,0,0,0,0,0,0,0,0,0,0,0,0,0,0,0,0,0,0,0,0,0,0,0,0,0,0,0,4294967295,4294967295,4294967295,4294967295,4294967295,4294967295,4294967295,4294967295,4294967295,4294967295
232,0.200000003,69,69,1,64,0,64,0,64,0,68,2176,1486,690,690,0,14,1472,0,28,22,68,1611,1582,14,0,132,10,13,0,1048576,0,0,0,inf,0.985319257,1.09966207,1.39359879,0,0,0,0,0,0,0,0,0,0,0,0,0,0,0,0,0,0,0,0,0,0,0,132,0,0,0,0,0,0,0,0,0,0,0,0,0,0,0,0,0,0,0,0,0,0,0,0,0,0,0,0,0,0,0,0,0,0,0,0,0,0,0,0,0,0,0,0,0,0,0,0,0,0,0,0,0,0,0,0,0,0,0,0,0,0,0,0,0,4294967295,4294967295,18,4294967295,4294967295,4294967295,4294967295,7,4294967295,4294967295
233,0.699999988,69,69,1,64,3,61,1,61,2,66,2176,1343,833,833,0,118,1225,0,48,36,68,576,1439,118,0,671,10,13,0,1048576,0,0,0,inf,0.959133506,1.10675752,1.03886664,0,0,0,0,0,0,0,0,0,0,0,0,0,0,0,0,0,0,0,0,0,0,0,671,0,0,0,0,0,0,0,0,0,0,0,0,0,0,0,0,0,0,0,0,0,0,0,0,0,0,0,0,0,0,0,0,0,0,0,0,0,0,0,0,0,0,0,0,0,0,0,0,0,0,0,0,0,0,0,0,0,0,0,0,0,0,0,0,0,11,5,4,20,5,4294967295,4294967295,20,4294967295,6
234,0.5,69,69,1,64,1,63,1,63,0,68,2176,1495,681,681,0,7,1488,0,12,12,68,1656,1591,7,0,218,10,13,0,1048576,0,0,0,inf,0.996271014,1.06754255,1.5488323,0,0,0,0,0,0,0,0,0,0,0,0,0,0,0,0,0,0,0,0,0,0,0,218,0,0,0,0,0,0,0,0,0,0,0,0,0,0,0,0,0,0,0,0,0,0,0,0,0,0,0,0,0,0,0,0,0,0,0,0,0,0,0,0,0,0,0,0,0,0,0,0,0,0,0,0,0,0,0,0,0,0,0,0,0,0,0,0,0,4294967295,14,4294967295,14,22,4294967295,64,33,4294967295,4294967295
235,0.300000012,69,69,1,64,0,64,0,64,0,68,2176,1381,795,795,0,48,1333,0,52,37,68,1011,1477,48,0,137,10,13,0,1048576,0,0,0,inf,0.913435817,1.00881433,1.05594432,0,0,0,0,0,0,0,0,0,0,0,0,0,0,0,0,0,0,0,0,0,0,0,137,0,0,0,0,0,0,0,0,0,0,0,0,0,0,0,0,0,0,0,0,0,0,0,0,0,0,0,0,0,0,0,0,0,0,0,0,0,0,0,0,0,0,0,0,0,0,0,0,0,0,0,0,0,0,0,0,0,0,0,0,0,0,0,0,0,6,4294967295,4294967295,21,4294967295,4294967295,4294967295,22,4294967295,4294967295
236,0.899999976,68,69,3,64,64,0,0,0,65,2,2144,1393,751,751,0,1278,115,0,107,56,67,244,1489,1278,0,1007,10,13,0,1048576,0,0,0,inf,inf,0.968442798,0.834162235,0,0,0,0,0,0,0,0,0,0,0,0,0,0,0,0,0,0,0,0,0,0,0,1007,0,0,0,0,0,0,0,0,0,0,0,0,0,0,0,0,0,0,0,0,0,0,0,0,0,0,0,0,0,0,0,0,0,0,0,0,0,0,0,0,0,0,0,0,0,0,0,0,0,0,0,0,0,0,0,0,0,0,0,0,0,0,0,0,0,13,1,9,34,4294967295,36,10,24,10,6
237,1,69,69,1,64,64,0,7,0,58,10,2176,1368,808,808,0,1044,324,0,104,52,68,246,1464,1044,0,1023,10,13,0,1048576,0,0,0,inf,0.914078116,0.936422944,0.835417986,0,0,0,0,0,0,0,0,0,0,0,0,0,0,0,0,0,0,0,0,0,0,0,1023,0,0,0,0,0,0,0,0,0,0,0,0,0,0,0,0,0,0,0,0,0,0,0,0,0,0,0,0,0,0,0,0,0,0,0,0,0,0,0,0,0,0,0,0,0,0,0,0,0,0,0,0,0,0,0,0,0,0,0,0,0,0,0,0,0,5,6,13,6,27,9,28,6,8,28
238,0.300000012,69,69,1,64,0,64,0,64,0,68,2176,1185,991,991,0,15,1170,0,37,26,68,1322,1281,15,0,81,10,13,0,1048576,0,0,0,inf,0.889081955,1.05354941,1.24993944,0,0,0,0,0,0,0,0,0,0,0,0,0,0,0,0,0,0,0,0,0,0,0,81,0,0,0,0,0,0,0,0,0,0,0,0,0,0,0,0,0,0,0,0,0,0,0,0,0,0,0,0,0,0,0,0,0,0,0,0,0,0,0,0,0,0,0,0,0,0,0,0,0,0,0,0,0,0,0,0,0,0,0,0,0,0,0,0,0,12,4294967295,4294967295,4294967295,24,4294967295,23,4294967295,4294967295,4294967295
239,0.899999976,69,69,1,64,63,1,3,1,61,7,2176,1428,748,748,0,1229,199,0,97,56,68,235,1524,1229,0,895,10,13,0,1048576,0,0,0,inf,0.890409589,0.892244458,0.791417122,0,0,0,0,0,0,0,0,0,0,0,0,0,0,0,0,0,0,0,0,0,0,0,895,0,0,0,0,0,0,0,0,0,0,0,0,0,0,0,0,0,0,0,0,0,0,0,0,0,0,0,0,0,0,0,0,0,0,0,0,0,0,0,0,0,0,0,0,0,0,0,0,0,0,0,0,0,0,0,0,0,0,0,0,0,0,0,0,0,21,21,21,22,18,22,19,4294967295,18,10
240,0,69,69,1,64,0,64,0,64,0,68,2176,1503,673,673,0,0,1503,0,10,10,68,1666,1599,0,0,0,10,13,0,1048576,0,0,0,inf,0.933654845,1.06581211,1.62333822,0,0,0,0,0,0,0,0,0,0,0,0,0,0,0,0,0,0,0,0,0,0,0,0,0,0,0,0,0,0,0,0,0,0,0,0,0,0,0,0,0,0,0,0,0,0,0,0,0,0,0,0,0,0,0,0,0,0,0,0,0,0,0,0,0,0,0,0,0,0,0,0,0,0,0,0,0,0,0,0,0,0,0,0,0,0,0,0,0,4294967295,4294967295,4294967295,4294967295,4294967295,4294967295,4294967295,4294967295,4294967295,4294967295
241,0.800000012,69,69,1,64,8,56,4,56,4,64,2176,1254,922,922,0,52,1202,0,28,27,68,848,1350,52,0,383,10,13,0,1048576,0,0,0,inf,0.904632688,0.999282897,0.96725893,0,0,0,0,0,0,0,0,0,0,0,0,0,0,0,0,0,0,0,0,0,0,0,383,0,0,0,0,0,0,0,0,0,0,0,0,0,0,0,0,0,0,0,0,0,0,0,0,0,0,0,0,0,0,0,0,0,0,0,0,0,0,0,0,0,0,0,0,0,0,0,0,0,0,0,0,0,0,0,0,0,0,0,0,0,0,0,0,0,21,6,26,20,21,17,44,4294967295,26,4294967295
242,0.600000024,69,69,1,64,0,64,0,64,0,68,2176,1298,878,878,0,33,1265,0,46,35,68,1226,1394,33,0,851,10,13,0,1048576,0,0,0,inf,0.917470694,1.01222694,1.12797129,0,0,0,0,0,0,0,0,0,0,0,0,0,0,0,0,0,0,0,0,0,0,0,851,0,0,0,0,0,0,0,0,0,0,0,0,0,0,0,0,0,0,0,0,0,0,0,0,0,0,0,0,0,0,0,0,0,0,0,0,0,0,0,0,0,0,0,0,0,0,0,0,0,0,0,0,0,0,0,0,0,0,0,0,0,0,0,0,0,4,1,4294967295,4294967295,49,4294967295,49,4294967295,22,47
243,0.300000012,69,69,1,64,0,64,0,64,0,68,2176,1242,934,934,0,15,1227,0,30,25,68,1393,1338,15,0,265,10,13,0,1048576,0,0,0,inf,1.00211883,1.14749622,1.39337075,0,0,0,0,0,0,0,0,0,0,0,0,0,0,0,0,0,0,0,0,0,0,0,265,0,0,0,0,0,0,0,0,0,0,0,0,0,0,0,0,0,0,0,0,0,0,0,0,0,0,0,0,0,0,0,0,0,0,0,0,0,0,0,0,0,0,0,0,0,0,0,0,0,0,0,0,0,0,0,0,0,0,0,0,0,0,0,0,0,57,4294967295,4294967295,50,4294967295,4294967295,4294967295,4294967295,50,4294967295
244,1,69,69,1,64,6,58,4,58,2,66,2176,1243,933,933,0,67,1176,0,47,32,68,776,1339,67,0,1023,10,13,0,1048576,0,0,0,inf,0.984799445,1.12335765,1.06556678,0,0,0,0,0,0,0,0,0,0,0,0,0,0,0,0,0,0,0,0,0,0,0,1023,0,0,0,0,0,0,0,0,0,0,0,0,0,0,0,0,0,0,0,0,0,0,0,0,0,0,0,0,0,0,0,0,0,0,0,0,0,0,0,0,0,0,0,0,0,0,0,0,0,0,0,0,0,0,0,0,0,0,0,0,0,0,0,0,0,17,24,25,51,13,4,21,52,8,51
245,0,69,69,1,64,0,64,0,64,0,68,2176,1479,697,697,0,0,1479,0,0,0,68,1643,1575,0,0,0,0,13,0,1048576,0,0,0,inf,1.0004425,1.07152557,inf,0,0,0,0,0,0,0,0,0,0,0,0,0,0,0,0,0,0,0,0,0,0,0,0,0,0,0,0,0,0,0,0,0,0,0,0,0,0,0,0,0,0,0,0,0,0,0,0,0,0,0,0,0,0,0,0,0,0,0,0,0,0,0,0,0,0,0,0,0,0,0,0,0,0,0,0,0,0,0,0,0,0,0,0,0,0,0,0,0,4294967295,4294967295,4294967295,4294967295,4294967295,4294967295,4294967295,4294967295,4294967295,4294967295
246,1,69,69,1,64,20,44,10,44,10,58,2176,1339,837,837,0,180,1159,0,55,42,68,453,1435,180,0,1023,10,13,0,1048576,0,0,0,inf,0.94131273,1.03223228,0.940902531,0,0,0,0,0,0,0,0,0,0,0,0,0,0,0,0,0,0,0,0,0,0,0,1023,0,0,0,0,0,0,0,0,0,0,0,0,0,0,0,0,0,0,0,0,0,0,0,0,0,0,0,0,0,0,0,0,0,0,0,0,0,0,0,0,0,0,0,0,0,0,0,0,0,0,0,0,0,0,0,0,0,0,0,0,0,0,0,0,0,4,11,10,46,6,12,9,11,8,8
247,0,69,69,1,64,0,64,0,64,0,68,2176,1204,972,972,0,0,1204,0,0,0,68,1368,1300,0,0,0,0,13,0,1048576,0,0,0,inf,1.01314342,1.13444543,inf,0,0,0,0,0,0,0,0,0,0,0,0,0,0,0,0,0,0,0,0,0,0,0,0,0,0,0,0,0,0,0,0,0,0,0,0,0,0,0,0,0,0,0,0,0,0,0,0,0,0,0,0,0,0,0,0,0,0,0,0,0,0,0,0,0,0,0,0,0,0,0,0,0,0,0,0,0,0,0,0,0,0,0,0,0,0,0,0,0,4294967295,4294967295,4294967295,4294967295,4294967295,4294967295,4294967295,4294967295,4294967295,4294967295
248,0.699999988,69,69,1,64,3,61,2,61,2,66,2176,1361,815,815,0,90,1271,0,49,38,68,661,1457,90,0,607,10,13,0,1048576,0,0,0,inf,0.958203137,1.06516111,1.04395771,0,0,0,0,0,0,0,0,0,0,0,0,0,0,0,0,0,0,0,0,0,0,0,607,0,0,0,0,0,0,0,0,0,0,0,0,0,0,0,0,0,0,0,0,0,0,0,0,0,0,0,0,0,0,0,0,0,0,0,0,0,0,0,0,0,0,0,0,0,0,0,0,0,0,0,0,0,0,0,0,0,0,0,0,0,0,0,0,0,3,36,52,15,40,4294967295,10,4294967295,4294967295,7
249,0,69,69,1,64,0,64,0,64,0,68,2176,1038,1138,1138,0,0,1038,0,7,7,68,1202,1134,0,0,0,7,13,0,1048576,0,0,0,inf,0.905224323,1.05872071,inf,0,0,0,0,0,0,0,0,0,0,0,0,0,0,0,0,0,0,0,0,0,0,0,0,0,0,0,0,0,0,0,0,0,0,0,0,0,0,0,0,0,0,0,0,0,0,0,0,0,0,0,0,0,0,0,0,0,0,0,0,0,0,0,0,0,0,0,0,0,0,0,0,0,0,0,0,0,0,0,0,0,0,0,0,0,0,0,0,0,4294967295,4294967295,4294967295,4294967295,4294967295,4294967295,4294967295,4294967295,4294967295,4294967295
250,0.899999976,69,69,1,64,8,56,7,56,1,67,2176,1049,1127,1127,0,46,1003,0,21,21,68,679,1145,46,0,959,10,13,0,1048576,0,0,0,inf,0.942948461,1.10464191,1.03877652,0,0,0,0,0,0,0,0,0,0,0,0,0,0,0,0,0,0,0,0,0,0,0,959,0,0,0,0,0,0,0,0,0,0,0,0,0,0,0,0,0,0,0,0,0,0,0,0,0,0,0,0,0,0,0,0,0,0,0,0,0,0,0,0,0,0,0,0,0,0,0,0,0,0,0,0,0,0,0,0,0,0,0,0,0,0,0,0,0,5,3,16,44,12,45,4294967295,22,3,32
251,0.899999976,67,69,3,64,64,0,0,0,65,1,2112,999,1113,1113,0,966,33,0,98,50,66,234,1095,966,0,895,10,13,0,1048576,0,0,0,inf,inf,0.912412286,0.814558864,0,0,0,0,0,0,0,0,0,0,0,0,0,0,0,0,0,0,0,0,0,0,0,895,0,0,0,0,0,0,0,0,0,0,0,0,0,0,0,0,0,0,0,0,0,0,0,0,0,0,0,0,0,0,0,0,0,0,0,0,0,0,0,0,0,0,0,0,0,0,0,0,0,0,0,0,0,0,0,0,0,0,0,0,0,0,0,0,0,3,4,0,3,3,3,7,4294967295,11,2
252,0.100000001,69,69,1,64,0,64,0,64,0,68,2176,1222,954,954,0,21,1201,0,33,28,68,1344,1318,21,0,1,10,13,0,1048576,0,0,0,inf,1.03017569,1.15980887,1.42180169,0,0,0,0,0,0,0,0,0,0,0,0,0,0,0,0,0,0,0,0,0,0,0,1,0,0,0,0,0,0,0,0,0,0,0,0,0,0,0,0,0,0,0,0,0,0,0,0,0,0,0,0,0,0,0,0,0,0,0,0,0,0,0,0,0,0,0,0,0,0,0,0,0,0,0,0,0,0,0,0,0,0,0,0,0,0,0,0,0,26,4294967295,4294967295,4294967295,4294967295,4294967295,4294967295,4294967295,4294967295,4294967295
253,0,69,69,1,64,0,64,0,64,0,68,2176,1162,1014,1014,0,0,1162,0,3,3,68,1326,1258,0,0,0,3,13,0,1048576,0,0,0,inf,1.06130719,1.20298481,inf,0,0,0,0,0,0,0,0,0,0,0,0,0,0,0,0,0,0,0,0,0,0,0,0,0,0,0,0,0,0,0,0,0,0,0,0,0,0,0,0,0,0,0,0,0,0,0,0,0,0,0,0,0,0,0,0,0,0,0,0,0,0,0,0,0,0,0,0,0,0,0,0,0,0,0,0,0,0,0,0,0,0,0,0,0,0,0,0,0,4294967295,4294967295,4294967295,4294967295,4294967295,4294967295,4294967295,4294967295,4294967295,4294967295
254,0.899999976,69,69,1,64,4,60,3,60,1,67,2176,1160,1016,1016,0,67,1093,0,46,33,68,545,1256,67,0,511,10,13,0,1048576,0,0,0,inf,0.9661358,1.11935639,1.04960549,0,0,0,0,0,0,0,0,0,0,0,0,0,0,0,0,0,0,0,0,0,0,0,511,0,0,0,0,0,0,0,0,0,0,0,0,0,0,0,0,0,0,0,0,0,0,0,0,0,0,0,0,0,0,0,0,0,0,0,0,0,0,0,0,0,0,0,0,0,0,0,0,0,0,0,0,0,0,0,0,0,0,0,0,0,0,0,0,0,4,18,17,6,23,9,9,16,6,4294967295
255,0.200000003,69,69,1,64,0,64,0,64,0,68,2176,1147,1029,1029,0,14,1133,0,27,22,68,1174,1243,14,0,514,10,13,0,1048576,0,0,0,inf,1.00711298,1.14532363,1.37264514,0,0,0,0,0,0,0,0,0,0,0,0,0,0,0,0,0,0,0,0,0,0,0,514,0,0,0,0,0,0,0,0,0,0,0,0,0,0,0,0,0,0,0,0,0,0,0,0,0,0,0,0,0,0,0,0,0,0,0,0,0,0,0,0,0,0,0,0,0,0,0,0,0,0,0,0,0,0,0,0,0,0,0,0,0,0,0,0,0,4294967295,8,4294967295,4294967295,4294967295,4294967295,4294967295,4294967295,4294967295,8
256,0.699999988,69,69,1,64,9,55,5,55,6,62,2176,1272,904,904,0,182,1090,0,74,43,68,515,1368,182,0,487,10,13,0,1048576,0,0,0,inf,0.941014111,1.01935554,0.990458786,0,0,0,0,0,0,0,0,0,0,0,0,0,0,0,0,0,0,0,0,0,0,0,487,0,0,0,0,0,0,0,0,0,0,0,0,0,0,0,0,0,0,0,0,0,0,0,0,0,0,0,0,0,0,0,0,0,0,0,0,0,0,0,0,0,0,0,0,0,0,0,0,0,0,0,0,0,0,0,0,0,0,0,0,0,0,0,0,0,32,20,16,4294967295,4294967295,7,20,21,16,4294967295
257,0.100000001,69,69,1,64,1,63,0,63,1,67,2176,958,1218,1218,0,3,955,0,12,12,68,1121,1054,3,0,1,10,13,0,1048576,0,0,0,inf,0.909736454,1.05070949,1.55108833,0,0,0,0,0,0,0,0,0,0,0,0,0,0,0,0,0,0,0,0,0,0,0,1,0,0,0,0,0,0,0,0,0,0,0,0,0,0,0,0,0,0,0,0,0,0,0,0,0,0,0,0,0,0,0,0,0,0,0,0,0,0,0,0,0,0,0,0,0,0,0,0,0,0,0,0,0,0,0,0,0,0,0,0,0,0,0,0,0,4,4294967295,4294967295,4294967295,4294967295,4294967295,4294967295,4294967295,4294967295,4294967295
258,1,69,69,2,64,64,0,0,0,66,2,2176,1217,959,959,0,1147,70,0,98,45,68,236,1313,1147,0,1023,10,13,0,1048576,0,0,0,inf,inf,1.04429173,0.83502984,0,0,0,0,0,0,0,0,0,0,0,0,0,0,0,0,0,0,0,0,0,0,0,1023,0,0,0,0,0,0,0,0,0,0,0,0,0,0,0,0,0,0,0,0,0,0,0,0,0,0,0,0,0,0,0,0,0,0,0,0,0,0,0,0,0,0,0,0,0,0,0,0,0,0,0,0,0,0,0,0,0,0,0,0,0,0,0,0,0,2,2,4,4,3,3,3,1,3,3
259,0.5,69,69,1,64,0,64,0,64,0,68,2176,1058,1118,1118,0,20,1038,0,41,29,68,1126,1154,20,0,110,10,13,0,1048576,0,0,0,inf,0.882482708,0.997050285,1.13632917,0,0,0,0,0,0,0,0,0,0,0,0,0,0,0,0,0,0,0,0,0,0,0,110,0,0,0,0,0,0,0,0,0,0,0,0,0,0,0,0,0,0,0,0,0,0,0,0,0,0,0,0,0,0,0,0,0,0,0,0,0,0,0,0,0,0,0,0,0,0,0,0,0,0,0,0,0,0,0,0,0,0,0,0,0,0,0,0,0,4294967295,13,3,13,4294967295,5,22,4294967295,4294967295,4294967295
260,0.100000001,69,69,1,64,0,64,0,64,0,68,2176,1224,952,952,0,1,1223,0,11,11,68,1387,1320,1,0,1,10,13,0,1048576,0,0,0,inf,0.968867183,1.07497954,1.6460495,0,0,0,0,0,0,0,0,0,0,0,0,0,0,0,0,0,0,0,0,0,0,0,1,0,0,0,0,0,0,0,0,0,0,0,0,0,0,0,0,0,0,0,0,0,0,0,0,0,0,0,0,0,0,0,0,0,0,0,0,0,0,0,0,0,0,0,0,0,0,0,0,0,0,0,0,0,0,0,0,0,0,0,0,0,0,0,0,0,20,4294967295,4294967295,4294967295,4294967295,4294967295,4294967295,4294967295,4294967295,4294967295
261,0,69,69,1,64,0,64,0,64,0,68,2176,1405,771,771,0,0,1405,0,0,0,68,1569,1501,0,0,0,0,13,0,1048576,0,0,0,inf,0.974162698,1.06600261,inf,0,0,0,0,0,0,0,0,0,0,0,0,0,0,0,0,0,0,0,0,0,0,0,0,0,0,0,0,0,0,0,0,0,0,0,0,0,0,0,0,0,0,0,0,0,0,0,0,0,0,0,0,0,0,0,0,0,0,0,0,0,0,0,0,0,0,0,0,0,0,0,0,0,0,0,0,0,0,0,0,0,0,0,0,0,0,0,0,0,4294967295,4294967295,4294967295,4294967295,4294967295,4294967295,4294967295,4294967295,4294967295,4294967295
262,0.200000003,69,69,1,64,0,64,0,64,0,68,2176,1220,956,956,0,3,1217,0,12,12,68,1384,1316,3,0,17,10,13,0,1048576,0,0,0,inf,0.867238164,0.961748958,1.53184199,0,0,0,0,0,0,0,0,0,0,0,0,0,0,0,0,0,0,0,0,0,0,0,17,0,0,0,0,0,0,0,0,0,0,0,0,0,0,0,0,0,0,0,0,0,0,0,0,0,0,0,0,0,0,0,0,0,0,0,0,0,0,0,0,0,0,0,0,0,0,0,0,0,0,0,0,0,0,0,0,0,0,0,0,0,0,0,0,0,17,4294967295,4294967295,4294967295,23,4294967295,4294967295,4294967295,4294967295,4294967295
263,0.200000003,69,69,1,64,0,64,0,64,0,68,2176,1372,804,804,0,2,1370,0,2,2,68,1536,1468,2,0,5,2,13,0,1048576,0,0,0,inf,0.861912906,0.980942249,inf,0,0,0,0,0,0,0,0,0,0,0,0,0,0,0,0,0,0,0,0,0,0,0,5,0,0,0,0,0,0,0,0,0,0,0,0,0,0,0,0,0,0,0,0,0,0,0,0,0,0,0,0,0,0,0,0,0,0,0,0,0,0,0,0,0,0,0,0,0,0,0,0,0,0,0,0,0,0,0,0,0,0,0,0,0,0,0,0,0,9,4294967295,18,4294967295,4294967295,4294967295,4294967295,4294967295,4294967295,4294967295
264,0,69,69,1,64,0,64,0,64,0,68,2176,1435,741,741,0,2,1433,0,5,5,68,1599,1531,2,0,0,5,13,0,1048576,0,0,0,inf,0.941398799,1.01910758,inf,0,0,0,0,0,0,0,0,0,0,0,0,0,0,0,0,0,0,0,0,0,0,0,0,0,0,0,0,0,0,0,0,0,0,0,0,0,0,0,0,0,0,0,0,0,0,0,0,0,0,0,0,0,0,0,0,0,0,0,0,0,0,0,0,0,0,0,0,0,0,0,0,0,0,0,0,0,0,0,0,0,0,0,0,0,0,0,0,0,4294967295,4294967295,4294967295,4294967295,4294967295,4294967295,4294967295,4294967295,4294967295,4294967295
265,0.100000001,69,69,1,64,0,64,0,64,0,68,2176,1165,1011,1011,0,1,1164,0,2,2,68,1329,1261,1,0,2,2,13,0,1048576,0,0,0,inf,0.920481861,1.02457452,inf,0,0,0,0,0,0,0,0,0,0,0,0,0,0,0,0,0,0,0,0,0,0,0,2,0,0,0,0,0,0,0,0,0,0,0,0,0,0,0,0,0,0,0,0,0,0,0,0,0,0,0,0,0,0,0,0,0,0,0,0,0,0,0,0,0,0,0,0,0,0,0,0,0,0,0,0,0,0,0,0,0,0,0,0,0,0,0,0,0,4294967295,50,4294967295,4294967295,4294967295,4294967295,4294967295,4294967295,4294967295,4294967295
266,0.200000003,69,69,1,64,0,64,0,64,0,68,2176,1227,949,949,0,8,1219,0,32,19,68,1390,1323,8,0,6,10,13,0,1048576,0,0,0,inf,0.87388587,0.99382019,1.39341235,0,0,0,0,0,0,0,0,0,0,0,0,0,0,0,0,0,0,0,0,0,0,0,6,0,0,0,0,0,0,0,0,0,0,0,0,0,0,0,0,0,0,0,0,0,0,0,0,0,0,0,0,0,0,0,0,0,0,0,0,0,0,0,0,0,0,0,0,0,0,0,0,0,0,0,0,0,0,0,0,0,0,0,0,0,0,0,0,0,4294967295,1,37,4294967295,4294967295,4294967295,4294967295,4294967295,4294967295,4294967295
267,1,67,69,3,64,64,0,0,0,66,0,2112,1180,932,932,0,1141,39,0,105,57,66,241,1276,1141,0,1023,10,13,0,1048576,0,0,0,inf,inf,0.928450823,0.844371319,0,0,0,0,0,0,0,0,0,0,0,0,0,0,0,0,0,0,0,0,0,0,0,1023,0,0,0,0,0,0,0,0,0,0,0,0,0,0,0,0,0,0,0,0,0,0,0,0,0,0,0,0,0,0,0,0,0,0,0,0,0,0,0,0,0,0,0,0,0,0,0,0,0,0,0,0,0,0,0,0,0,0,0,0,0,0,0,0,0,6,5,4,2,16,11,7,2,8,6
268,0,69,69,1,64,0,64,0,64,0,68,2176,1135,1041,1041,0,1,1134,0,2,2,68,1299,1231,1,0,0,2,13,0,1048576,0,0,0,inf,0.891438901,1.029217,inf,0,0,0,0,0,0,0,0,0,0,0,0,0,0,0,0,0,0,0,0,0,0,0,0,0,0,0,0,0,0,0,0,0,0,0,0,0,0,0,0,0,0,0,0,0,0,0,0,0,0,0,0,0,0,0,0,0,0,0,0,0,0,0,0,0,0,0,0,0,0,0,0,0,0,0,0,0,0,0,0,0,0,0,0,0,0,0,0,0,4294967295,4294967295,4294967295,4294967295,4294967295,4294967295,4294967295,4294967295,4294967295,4294967295
269,1,69,69,1,64,8,56,3,56,6,62,2176,1348,828,828,0,117,1231,0,27,26,68,437,1444,117,0,1023,10,13,0,1048576,0,0,0,inf,0.960799575,1.0725913,1.00902593,0,0,0,0,0,0,0,0,0,0,0,0,0,0,0,0,0,0,0,0,0,0,0,1023,0,0,0,0,0,0,0,0,0,0,0,0,0,0,0,0,0,0,0,0,0,0,0,0,0,0,0,0,0,0,0,0,0,0,0,0,0,0,0,0,0,0,0,0,0,0,0,0,0,0,0,0,0,0,0,0,0,0,0,0,0,0,0,0,0,5,5,5,22,5,17,43,6,22,22
270,0,69,69,1,64,0,64,0,64,0,68,2176,1402,774,774,0,0,1402,0,0,0,68,1566,1498,0,0,0,0,13,0,1048576,0,0,0,inf,0.886415839,0.991178989,inf,0,0,0,0,0,0,0,0,0,0,0,0,0,0,0,0,0,0,0,0,0,0,0,0,0,0,0,0,0,0,0,0,0,0,0,0,0,0,0,0,0,0,0,0,0,0,0,0,0,0,0,0,0,0,0,0,0,0,0,0,0,0,0,0,0,0,0,0,0,0,0,0,0,0,0,0,0,0,0,0,0,0,0,0,0,0,0,0,0,4294967295,4294967295,4294967295,4294967295,4294967295,4294967295,4294967295,4294967295,4294967295,4294967295
271,0.5,69,69,1,64,1,63,1,63,0,68,2176,1374,802,802,0,38,1336,0,43,30,68,1257,1470,38,0,339,10,13,0,1048576,0,0,0,inf,0.998227715,1.07843232,1.18216264,0,0,0,0,0,0,0,0,0,0,0,0,0,0,0,0,0,0,0,0,0,0,0,339,0,0,0,0,0,0,0,0,0,0,0,0,0,0,0,0,0,0,0,0,0,0,0,0,0,0,0,0,0,0,0,0,0,0,0,0,0,0,0,0,0,0,0,0,0,0,0,0,0,0,0,0,0,0,0,0,0,0,0,0,0,0,0,0,0,51,14,4294967295,4294967295,34,4294967295,16,4294967295,51,4294967295
272,1,69,69,1,64,7,57,3,57,4,64,2176,1212,964,964,0,109,1103,0,49,35,68,594,1308,109,0,1023,10,13,0,1048576,0,0,0,inf,0.928868413,1.01145577,0.980757058,0,0,0,0,0,0,0,0,0,0,0,0,0,0,0,0,0,0,0,0,0,0,0,1023,0,0,0,0,0,0,0,0,0,0,0,0,0,0,0,0,0,0,0,0,0,0,0,0,0,0,0,0,0,0,0,0,0,0,0,0,0,0,0,0,0,0,0,0,0,0,0,0,0,0,0,0,0,0,0,0,0,0,0,0,0,0,0,0,0,33,12,17,14,12,12,17,29,17,17
273,0,69,69,1,64,0,64,0,64,0,68,2176,1420,756,756,0,2,1418,0,17,15,68,1584,1516,2,0,0,10,13,0,1048576,0,0,0,inf,0.930609822,1.02094293,1.51312399,0,0,0,0,0,0,0,0,0,0,0,0,0,0,0,0,0,0,0,0,0,0,0,0,0,0,0,0,0,0,0,0,0,0,0,0,0,0,0,0,0,0,0,0,0,0,0,0,0,0,0,0,0,0,0,0,0,0,0,0,0,0,0,0,0,0,0,0,0,0,0,0,0,0,0,0,0,0,0,0,0,0,0,0,0,0,0,0,0,4294967295,4294967295,4294967295,4294967295,4294967295,4294967295,4294967295,4294967295,4294967295,4294967295
274,1,69,69,2,64,64,0,0,0,68,0,2176,1457,719,719,0,1392,65,0,115,57,68,253,1553,1392,0,1023,10,13,0,1048576,0,0,0,inf,inf,0.921671391,0.833580732,0,0,0,0,0,0,0,0,0,0,0,0,0,0,0,0,0,0,0,0,0,0,0,1023,0,0,0,0,0,0,0,0,0,0,0,0,0,0,0,0,0,0,0,0,0,0,0,0,0,0,0,0,0,0,0,0,0,0,0,0,0,0,0,0,0,0,0,0,0,0,0,0,0,0,0,0,0,0,0,0,0,0,0,0,0,0,0,0,0,8,26,6,17,8,12,5,13,16,8
275,1,69,69,2,64,64,0,0,0,66,2,2176,1380,796,796,0,1264,116,0,117,57,68,257,1476,1264,0,1023,10,13,0,1048576,0,0,0,inf,inf,0.984073043,0.894522905,0,0,0,0,0,0,0,0,0,0,0,0,0,0,0,0,0,0,0,0,0,0,0,1023,0,0,0,0,0,0,0,0,0,0,0,0,0,0,0,0,0,0,0,0,0,0,0,0,0,0,0,0,0,0,0,0,0,0,0,0,0,0,0,0,0,0,0,0,0,0,0,0,0,0,0,0,0,0,0,0,0,0,0,0,0,0,0,0,0,21,22,15,6,26,21,22,4,22,23
276,0,69,69,1,64,0,64,0,64,0,68,2176,1269,907,907,0,2,1267,0,11,11,68,1433,1365,2,0,0,10,13,0,1048576,0,0,0,inf,0.856261015,0.994476438,1.52559257,0,0,0,0,0,0,0,0,0,0,0,0,0,0,0,0,0,0,0,0,0,0,0,0,0,0,0,0,0,0,0,0,0,0,0,0,0,0,0,0,0,0,0,0,0,0,0,0,0,0,0,0,0,0,0,0,0,0,0,0,0,0,0,0,0,0,0,0,0,0,0,0,0,0,0,0,0,0,0,0,0,0,0,0,0,0,0,0,0,4294967295,4294967295,4294967295,4294967295,4294967295,4294967295,4294967295,4294967295,4294967295,4294967295
277,0.600000024,69,69,1,64,2,62,2,62,0,68,2176,1273,903,903,0,47,1226,0,50,31,68,1104,1369,47,0,315,10,13,0,1048576,0,0,0,inf,0.876700997,0.983197927,0.987646341,0,0,0,0,0,0,0,0,0,0,0,0,0,0,0,0,0,0,0,0,0,0,0,315,0,0,0,0,0,0,0,0,0,0,0,0,0,0,0,0,0,0,0,0,0,0,0,0,0,0,0,0,0,0,0,0,0,0,0,0,0,0,0,0,0,0,0,0,0,0,0,0,0,0,0,0,0,0,0,0,0,0,0,0,0,0,0,0,0,49,16,4294967295,52,32,32,4294967295,4294967295,27,4294967295
278,0.200000003,69,69,1,64,0,64,0,64,0,68,2176,1346,830,830,0,12,1334,0,27,22,68,1404,1442,12,0,12,10,13,0,1048576,0,0,0,inf,0.8883937,0.994606674,1.13213336,0,0,0,0,0,0,0,0,0,0,0,0,0,0,0,0,0,0,0,0,0,0,0,12,0,0,0,0,0,0,0,0,0,0,0,0,0,0,0,0,0,0,0,0,0,0,0,0,0,0,0,0,0,0,0,0,0,0,0,0,0,0,0,0,0,0,0,0,0,0,0,0,0,0,0,0,0,0,0,0,0,0,0,0,0,0,0,0,0,4294967295,4294967295,48,48,4294967295,4294967295,4294967295,4294967295,4294967295,4294967295
279,0,69,69,1,64,0,64,0,64,0,68,2176,1307,869,869,0,0,1307,0,7,7,68,1471,1403,0,0,0,7,13,0,1048576,0,0,0,inf,0.891988099,0.978867054,inf,0,0,0,0,0,0,0,0,0,0,0,0,0,0,0,0,0,0,0,0,0,0,0,0,0,0,0,0,0,0,0,0,0,0,0,0,0,0,0,0,0,0,0,0,0,0,0,0,0,0,0,0,0,0,0,0,0,0,0,0,0,0,0,0,0,0,0,0,0,0,0,0,0,0,0,0,0,0,0,0,0,0,0,0,0,0,0,0,0,4294967295,4294967295,4294967295,4294967295,4294967295,4294967295,4294967295,4294967295,4294967295,4294967295
280,0.699999988,69,69,1,64,3,61,2,61,1,67,2176,1111,1065,1065,0,59,1052,0,44,32,68,757,1207,59,0,623,10,13,0,1048576,0,0,0,inf,0.887681484,1.00744057,1.0049299,0,0,0,0,0,0,0,0,0,0,0,0,0,0,0,0,0,0,0,0,0,0,0,623,0,0,0,0,0,0,0,0,0,0,0,0,0,0,0,0,0,0,0,0,0,0,0,0,0,0,0,0,0,0,0,0,0,0,0,0,0,0,0,0,0,0,0,0,0,0,0,0,0,0,0,0,0,0,0,0,0,0,0,0,0,0,0,0,0,49,18,11,2,4294967295,19,64,4294967295,4294967295,6
281,0,69,69,1,64,0,64,0,64,0,68,2176,1360,816,816,0,0,1360,0,3,3,68,1524,1456,0,0,0,3,13,0,1048576,0,0,0,inf,0.896730423,0.973651886,inf,0,0,0,0,0,0,0,0,0,0,0,0,0,0,0,0,0,0,0,0,0,0,0,0,0,0,0,0,0,0,0,0,0,0,0,0,0,0,0,0,0,0,0,0,0,0,0,0,0,0,0,0,0,0,0,0,0,0,0,0,0,0,0,0,0,0,0,0,0,0,0,0,0,0,0,0,0,0,0,0,0,0,0,0,0,0,0,0,0,4294967295,4294967295,4294967295,4294967295,4294967295,4294967295,4294967295,4294967295,4294967295,4294967295
282,0.800000012,69,69,1,64,4,60,1,60,3,65,2176,1163,1013,1013,0,78,1085,0,43,31,68,729,1259,78,0,447,10,13,0,1048576,0,0,0,inf,0.809394419,1.01379693,0.907059968,0,0,0,0,0,0,0,0,0,0,0,0,0,0,0,0,0,0,0,0,0,0,0,447,0,0,0,0,0,0,0,0,0,0,0,0,0,0,0,0,0,0,0,0,0,0,0,0,0,0,0,0,0,0,0,0,0,0,0,0,0,0,0,0,0,0,0,0,0,0,0,0,0,0,0,0,0,0,0,0,0,0,0,0,0,0,0,0,0,35,0,19,8,14,6,4294967295,40,8,4294967295
283,0.800000012,69,69,1,64,3,61,2,61,1,67,2176,1296,880,880,0,31,1265,0,45,32,68,1159,1392,31,0,503,10,13,0,1048576,0,0,0,inf,0.925994039,1.0297997,1.1040473,0,0,0,0,0,0,0,0,0,0,0,0,0,0,0,0,0,0,0,0,0,0,0,503,0,0,0,0,0,0,0,0,0,0,0,0,0,0,0,0,0,0,0,0,0,0,0,0,0,0,0,0,0,0,0,0,0,0,0,0,0,0,0,0,0,0,0,0,0,0,0,0,0,0,0,0,0,0,0,0,0,0,0,0,0,0,0,0,0,10,9,17,4294967295,47,18,52,45,34,4294967295
284,1,69,69,1,64,64,0,1,0,64,4,2176,1061,1115,1115,0,952,109,0,95,46,68,234,1157,952,0,1023,10,13,0,1048576,0,0,0,inf,1.08988833,1.08988833,0.93146348,0,0,0,0,0,0,0,0,0,0,0,0,0,0,0,0,0,0,0,0,0,0,0,1023,0,0,0,0,0,0,0,0,0,0,0,0,0,0,0,0,0,0,0,0,0,0,0,0,0,0,0,0,0,0,0,0,0,0,0,0,0,0,0,0,0,0,0,0,0,0,0,0,0,0,0,0,0,0,0,0,0,0,0,0,0,0,0,0,0,4,2,4,3,4,11,4,4,3,5
285,0.600000024,69,69,1,64,2,62,0,62,2,66,2176,1282,894,894,0,47,1235,0,57,44,68,1122,1378,47,0,363,10,13,0,1048576,0,0,0,inf,1.00512528,1.14496303,1.13823998,0,0,0,0,0,0,0,0,0,0,0,0,0,0,0,0,0,0,0,0,0,0,0,363,0,0,0,0,0,0,0,0,0,0,0,0,0,0,0,0,0,0,0,0,0,0,0,0,0,0,0,0,0,0,0,0,0,0,0,0,0,0,0,0,0,0,0,0,0,0,0,0,0,0,0,0,0,0,0,0,0,0,0,0,0,0,0,0,0,37,59,4294967295,18,4294967295,31,62,4294967295,65,4294967295
286,0.200000003,69,69,1,64,1,63,1,63,0,68,2176,1321,855,855,0,4,1317,0,13,13,68,1485,1417,4,0,65,10,13,0,1048576,0,0,0,inf,1.05884159,1.15633893,1.54819393,0,0,0,0,0,0,0,0,0,0,0,0,0,0,0,0,0,0,0,0,0,0,0,65,0,0,0,0,0,0,0,0,0,0,0,0,0,0,0,0,0,0,0,0,0,0,0,0,0,0,0,0,0,0,0,0,0,0,0,0,0,0,0,0,0,0,0,0,0,0,0,0,0,0,0,0,0,0,0,0,0,0,0,0,0,0,0,0,0,24,4294967295,4294967295,4294967295,4294967295,4294967295,60,4294967295,4294967295,4294967295
287,1,69,69,1,64,64,0,1,0,65,3,2176,1402,774,774,0,1260,142,0,110,59,68,260,1498,1260,0,1023,10,13,0,1048576,0,0,0,inf,0.997670174,0.997670174,0.906844437,0,0,0,0,0,0,0,0,0,0,0,0,0,0,0,0,0,0,0,0,0,0,0,1023,0,0,0,0,0,0,0,0,0,0,0,0,0,0,0,0,0,0,0,0,0,0,0,0,0,0,0,0,0,0,0,0,0,0,0,0,0,0,0,0,0,0,0,0,0,0,0,0,0,0,0,0,0,0,0,0,0,0,0,0,0,0,0,0,0,8,23,9,11,22,26,12,12,10,23
288,0.600000024,69,69,1,64,1,63,0,63,1,67,2176,1189,987,987,0,22,1167,0,33,26,68,1159,1285,22,0,669,10,13,0,1048576,0,0,0,inf,1.0052073,1.08801186,1.22144485,0,0,0,0,0,0,0,0,0,0,0,0,0,0,0,0,0,0,0,0,0,0,0,669,0,0,0,0,0,0,0,0,0,0,0,0,0,0,0,0,0,0,0,0,0,0,0,0,0,0,0,0,0,0,0,0,0,0,0,0,0,0,0,0,0,0,0,0,0,0,0,0,0,0,0,0,0,0,0,0,0,0,0,0,0,0,0,0,0,36,4294967295,32,13,37,4294967295,4294967295,36,4294967295,36
289,0,69,69,1,64,0,64,0,64,0,68,2176,1403,773,773,0,1,1402,0,2,2,68,1567,1499,1,0,0,2,13,0,1048576,0,0,0,inf,0.952876389,1.05245996,inf,0,0,0,0,0,0,0,0,0,0,0,0,0,0,0,0,0,0,0,0,0,0,0,0,0,0,0,0,0,0,0,0,0,0,0,0,0,0,0,0,0,0,0,0,0,0,0,0,0,0,0,0,0,0,0,0,0,0,0,0,0,0,0,0,0,0,0,0,0,0,0,0,0,0,0,0,0,0,0,0,0,0,0,0,0,0,0,0,0,4294967295,4294967295,4294967295,4294967295,4294967295,4294967295,4294967295,4294967295,4294967295,4294967295
290,0,69,69,1,64,0,64,0,64,0,68,2176,1158,1018,1018,0,0,1158,0,0,0,68,1322,1254,0,0,0,0,13,0,1048576,0,0,0,inf,0.929877937,1.047364,inf,0,0,0,0,0,0,0,0,0,0,0,0,0,0,0,0,0,0,0,0,0,0,0,0,0,0,0,0,0,0,0,0,0,0,0,0,0,0,0,0,0,0,0,0,0,0,0,0,0,0,0,0,0,0,0,0,0,0,0,0,0,0,0,0,0,0,0,0,0,0,0,0,0,0,0,0,0,0,0,0,0,0,0,0,0,0,0,0,0,4294967295,4294967295,4294967295,4294967295,4294967295,4294967295,4294967295,4294967295,4294967295,4294967295
291,1,69,69,1,64,28,36,11,36,17,51,2176,1126,1050,1050,0,223,903,0,35,29,68,301,1222,223,0,1023,10,13,0,1048576,0,0,0,inf,0.932423055,1.03645885,0.887305975,0,0,0,0,0,0,0,0,0,0,0,0,0,0,0,0,0,0,0,0,0,0,0,1023,0,0,0,0,0,0,0,0,0,0,0,0,0,0,0,0,0,0,0,0,0,0,0,0,0,0,0,0,0,0,0,0,0,0,0,0,0,0,0,0,0,0,0,0,0,0,0,0,0,0,0,0,0,0,0,0,0,0,0,0,0,0,0,0,0,5,2,7,2,5,3,3,4,33,4
292,0.100000001,69,69,1,64,0,64,0,64,0,68,2176,1093,1083,1083,0,3,1090,0,12,12,68,1257,1189,3,0,1,10,13,0,1048576,0,0,0,inf,0.996141434,1.08928537,1.5761199,0,0,0,0,0,0,0,0,0,0,0,0,0,0,0,0,0,0,0,0,0,0,0,1,0,0,0,0,0,0,0,0,0,0,0,0,0,0,0,0,0,0,0,0,0,0,0,0,0,0,0,0,0,0,0,0,0,0,0,0,0,0,0,0,0,0,0,0,0,0,0,0,0,0,0,0,0,0,0,0,0,0,0,0,0,0,0,0,0,26,4294967295,4294967295,4294967295,4294967295,4294967295,4294967295,4294967295,4294967295,4294967295
293,0.300000012,69,69,1,64,0,64,0,64,0,68,2176,1072,1104,1104,0,4,1068,0,13,13,68,1236,1168,4,0,14,10,13,0,1048576,0,0,0,inf,0.835725188,0.925030053,1.50999463,0,0,0,0,0,0,0,0,0,0,0,0,0,0,0,0,0,0,0,0,0,0,0,14,0,0,0,0,0,0,0,0,0,0,0,0,0,0,0,0,0,0,0,0,0,0,0,0,0,0,0,0,0,0,0,0,0,0,0,0,0,0,0,0,0,0,0,0,0,0,0,0,0,0,0,0,0,0,0,0,0,0,0,0,0,0,0,0,0,4294967295,17,10,17,4294967295,4294967295,4294967295,4294967295,4294967295,4294967295
294,0.699999988,69,69,1,64,3,61,1,61,2,66,2176,1219,957,957,0,45,1174,0,53,39,68,907,1315,45,0,379,10,13,0,1048576,0,0,0,inf,0.977140725,1.15814734,1.11092472,0,0,0,0,0,0,0,0,0,0,0,0,0,0,0,0,0,0,0,0,0,0,0,379,0,0,0,0,0,0,0,0,0,0,0,0,0,0,0,0,0,0,0,0,0,0,0,0,0,0,0,0,0,0,0,0,0,0,0,0,0,0,0,0,0,0,0,0,0,0,0,0,0,0,0,0,0,0,0,0,0,0,0,0,0,0,0,0,0,28,11,4294967295,57,1,17,28,4294967295,34,4294967295
295,0,69,69,1,64,0,64,0,64,0,68,2176,1239,937,937,0,0,1239,0,0,0,68,1403,1335,0,0,0,0,13,0,1048576,0,0,0,inf,0.869732618,1.00971806,inf,0,0,0,0,0,0,0,0,0,0,0,0,0,0,0,0,0,0,0,0,0,0,0,0,0,0,0,0,0,0,0,0,0,0,0,0,0,0,0,0,0,0,0,0,0,0,0,0,0,0,0,0,0,0,0,0,0,0,0,0,0,0,0,0,0,0,0,0,0,0,0,0,0,0,0,0,0,0,0,0,0,0,0,0,0,0,0,0,0,4294967295,4294967295,4294967295,4294967295,4294967295,4294967295,4294967295,4294967295,4294967295,4294967295
296,0,69,69,1,64,0,64,0,64,0,68,2176,1193,983,983,0,1,1192,0,3,3,68,1357,1289,1,0,0,3,13,0,1048576,0,0,0,inf,0.957992375,1.03734064,inf,0,0,0,0,0,0,0,0,0,0,0,0,0,0,0,0,0,0,0,0,0,0,0,0,0,0,0,0,0,0,0,0,0,0,0,0,0,0,0,0,0,0,0,0,0,0,0,0,0,0,0,0,0,0,0,0,0,0,0,0,0,0,0,0,0,0,0,0,0,0,0,0,0,0,0,0,0,0,0,0,0,0,0,0,0,0,0,0,0,4294967295,4294967295,4294967295,4294967295,4294967295,4294967295,4294967295,4294967295,4294967295,4294967295
297,0.200000003,69,69,1,64,1,63,0,63,1,67,2176,1028,1148,1148,0,3,1025,0,12,12,68,1191,1124,3,0,5,10,13,0,1048576,0,0,0,inf,0.944437027,1.07652104,1.56095231,0,0,0,0,0,0,0,0,0,0,0,0,0,0,0,0,0,0,0,0,0,0,0,5,0,0,0,0,0,0,0,0,0,0,0,0,0,0,0,0,0,0,0,0,0,0,0,0,0,0,0,0,0,0,0,0,0,0,0,0,0,0,0,0,0,0,0,0,0,0,0,0,0,0,0,0,0,0,0,0,0,0,0,0,0,0,0,0,0,3,4294967295,19,4294967295,4294967295,4294967295,4294967295,4294967295,4294967295,4294967295
298,0,69,69,1,64,0,64,0,64,0,68,2176,1323,853,853,0,0,1323,0,0,0,68,1487,1419,0,0,0,0,13,0,1048576,0,0,0,inf,0.940621972,1.09121513,inf,0,0,0,0,0,0,0,0,0,0,0,0,0,0,0,0,0,0,0,0,0,0,0,0,0,0,0,0,0,0,0,0,0,0,0,0,0,0,0,0,0,0,0,0,0,0,0,0,0,0,0,0,0,0,0,0,0,0,0,0,0,0,0,0,0,0,0,0,0,0,0,0,0,0,0,0,0,0,0,0,0,0,0,0,0,0,0,0,0,4294967295,4294967295,4294967295,4294967295,4294967295,4294967295,4294967295,4294967295,4294967295,4294967295
299,0.899999976,69,69,1,64,12,52,5,52,7,61,2176,1245,931,931,0,127,1118,0,53,41,68,436,1341,127,0,511,10,13,0,1048576,0,0,0,inf,0.919899166,1.01785207,0.957821488,0,0,0,0,0,0,0,0,0,0,0,0,0,0,0,0,0,0,0,0,0,0,0,511,0,0,0,0,0,0,0,0,0,0,0,0,0,0,0,0,0,0,0,0,0,0,0,0,0,0,0,0,0,0,0,0,0,0,0,0,0,0,0,0,0,0,0,0,0,0,0,0,0,0,0,0,0,0,0,0,0,0,0,0,0,0,0,0,0,4,16,9,5,5,3,5,14,6,4294967295
300,0.800000012,69,69,1,64,6,58,4,58,2,66,2176,1199,977,977,0,103,1096,0,50,35,68,572,1295,103,0,759,10,13,0,1048576,0,0,0,inf,0.917614281,1.02337742,0.970696151,0,0,0,0,0,0,0,0,0,0,0,0,0,0,0,0,0,0,0,0,0,0,0,759,0,0,0,0,0,0,0,0,0,0,0,0,0,0,0,0,0,0,0,0,0,0,0,0,0,0,0,0,0,0,0,0,0,0,0,0,0,0,0,0,0,0,0,0,0,0,0,0,0,0,0,0,0,0,0,0,0,0,0,0,0,0,0,0,0,1,2,20,4294967295,19,34,20,32,4294967295,54
301,0.100000001,69,69,1,64,1,63,1,63,0,68,2176,1204,972,972,0,1,1203,0,8,8,68,1368,1300,1,0,1,8,13,0,1048576,0,0,0,inf,0.953605175,1.0368464,inf,0,0,0,0,0,0,0,0,0,0,0,0,0,0,0,0,0,0,0,0,0,0,0,1,0,0,0,0,0,0,0,0,0,0,0,0,0,0,0,0,0,0,0,0,0,0,0,0,0,0,0,0,0,0,0,0,0,0,0,0,0,0,0,0,0,0,0,0,0,0,0,0,0,0,0,0,0,0,0,0,0,0,0,0,0,0,0,0,0,54,4294967295,4294967295,4294967295,4294967295,4294967295,4294967295,4294967295,4294967295,4294967295
302,0,69,69,1,64,0,64,0,64,0,68,2176,1041,1135,1135,0,0,1041,0,3,3,68,1205,1137,0,0,0,3,13,0,1048576,0,0,0,inf,0.997200668,1.10989296,inf,0,0,0,0,0,0,0,0,0,0,0,0,0,0,0,0,0,0,0,0,0,0,0,0,0,0,0,0,0,0,0,0,0,0,0,0,0,0,0,0,0,0,0,0,0,0,0,0,0,0,0,0,0,0,0,0,0,0,0,0,0,0,0,0,0,0,0,0,0,0,0,0,0,0,0,0,0,0,0,0,0,0,0,0,0,0,0,0,0,4294967295,4294967295,4294967295,4294967295,4294967295,4294967295,4294967295,4294967295,4294967295,4294967295
303,0.800000012,69,69,1,64,2,62,2,62,0,68,2176,1168,1008,1008,0,26,1142,0,22,22,68,916,1264,26,0,703,10,13,0,1048576,0,0,0,inf,0.965957284,1.0831852,1.10219193,0,0,0,0,0,0,0,0,0,0,0,0,0,0,0,0,0,0,0,0,0,0,0,703,0,0,0,0,0,0,0,0,0,0,0,0,0,0,0,0,0,0,0,0,0,0,0,0,0,0,0,0,0,0,0,0,0,0,0,0,0,0,0,0,0,0,0,0,0,0,0,0,0,0,0,0,0,0,0,0,0,0,0,0,0,0,0,0,0,28,16,18,4,21,51,4294967295,0,4294967295,37
304,1,69,69,1,64,64,0,3,0,66,2,2176,1345,831,831,0,1216,129,0,105,54,68,252,1441,1216,0,1023,10,13,0,1048576,0,0,0,inf,1.00155425,1.0019331,0.925905943,0,0,0,0,0,0,0,0,0,0,0,0,0,0,0,0,0,0,0,0,0,0,0,1023,0,0,0,0,0,0,0,0,0,0,0,0,0,0,0,0,0,0,0,0,0,0,0,0,0,0,0,0,0,0,0,0,0,0,0,0,0,0,0,0,0,0,0,0,0,0,0,0,0,0,0,0,0,0,0,0,0,0,0,0,0,0,0,0,0,7,8,10,17,10,7,9,10,7,11
305,0.300000012,69,69,1,64,0,64,0,64,0,68,2176,1440,736,736,0,4,1436,0,13,13,68,1601,1536,4,0,289,10,13,0,1048576,0,0,0,inf,0.992205143,1.09086823,1.49120378,0,0,0,0,0,0,0,0,0,0,0,0,0,0,0,0,0,0,0,0,0,0,0,289,0,0,0,0,0,0,0,0,0,0,0,0,0,0,0,0,0,0,0,0,0,0,0,0,0,0,0,0,0,0,0,0,0,0,0,0,0,0,0,0,0,0,0,0,0,0,0,0,0,0,0,0,0,0,0,0,0,0,0,0,0,0,0,0,0,52,4294967295,4294967295,4294967295,4294967295,22,4294967295,4294967295,38,4294967295
306,0,69,69,1,64,0,64,0,64,0,68,2176,1232,944,944,0,0,1232,0,0,0,68,1396,1328,0,0,0,0,13,0,1048576,0,0,0,inf,0.828086495,0.95631963,inf,0,0,0,0,0,0,0,0,0,0,0,0,0,0,0,0,0,0,0,0,0,0,0,0,0,0,0,0,0,0,0,0,0,0,0,0,0,0,0,0,0,0,0,0,0,0,0,0,0,0,0,0,0,0,0,0,0,0,0,0,0,0,0,0,0,0,0,0,0,0,0,0,0,0,0,0,0,0,0,0,0,0,0,0,0,0,0,0,0,4294967295,4294967295,4294967295,4294967295,4294967295,4294967295,4294967295,4294967295,4294967295,4294967295
307,0,69,69,1,64,0,64,0,64,0,68,2176,691,1485,1485,0,0,691,0,9,9,68,855,787,0,0,0,9,13,0,1048576,0,0,0,inf,0.75751996,0.923726201,inf,0,0,0,0,0,0,0,0,0,0,0,0,0,0,0,0,0,0,0,0,0,0,0,0,0,0,0,0,0,0,0,0,0,0,0,0,0,0,0,0,0,0,0,0,0,0,0,0,0,0,0,0,0,0,0,0,0,0,0,0,0,0,0,0,0,0,0,0,0,0,0,0,0,0,0,0,0,0,0,0,0,0,0,0,0,0,0,0,0,4294967295,4294967295,4294967295,4294967295,4294967295,4294967295,4294967295,4294967295,4294967295,4294967295
308,1,68,69,3,64,64,0,0,0,67,0,2144,1160,984,984,0,1110,50,0,108,55,67,246,1256,1110,0,1023,10,13,0,1048576,0,0,0,inf,inf,0.899555087,0.820713341,0,0,0,0,0,0,0,0,0,0,0,0,0,0,0,0,0,0,0,0,0,0,0,1023,0,0,0,0,0,0,0,0,0,0,0,0,0,0,0,0,0,0,0,0,0,0,0,0,0,0,0,0,0,0,0,0,0,0,0,0,0,0,0,0,0,0,0,0,0,0,0,0,0,0,0,0,0,0,0,0,0,0,0,0,0,0,0,0,0,20,4,4,10,5,4,2,5,14,10
309,0.699999988,69,69,1,64,5,59,4,59,2,66,2176,1075,1101,1101,0,114,961,0,72,42,68,643,1171,114,0,127,10,13,0,1048576,0,0,0,inf,0.852541089,0.940184355,0.956361532,0,0,0,0,0,0,0,0,0,0,0,0,0,0,0,0,0,0,0,0,0,0,0,127,0,0,0,0,0,0,0,0,0,0,0,0,0,0,0,0,0,0,0,0,0,0,0,0,0,0,0,0,0,0,0,0,0,0,0,0,0,0,0,0,0,0,0,0,0,0,0,0,0,0,0,0,0,0,0,0,0,0,0,0,0,0,0,0,0,4,19,64,40,7,50,15,4294967295,4294967295,4294967295
310,0.800000012,69,69,1,64,5,59,3,59,2,66,2176,1053,1123,1123,0,82,971,0,56,45,68,582,1149,82,0,879,10,13,0,1048576,0,0,0,inf,0.865422845,0.980442882,0.920894623,0,0,0,0,0,0,0,0,0,0,0,0,0,0,0,0,0,0,0,0,0,0,0,879,0,0,0,0,0,0,0,0,0,0,0,0,0,0,0,0,0,0,0,0,0,0,0,0,0,0,0,0,0,0,0,0,0,0,0,0,0,0,0,0,0,0,0,0,0,0,0,0,0,0,0,0,0,0,0,0,0,0,0,0,0,0,0,0,0,37,10,21,10,4294967295,20,7,4294967295,3,11
311,0.100000001,69,69,1,64,0,64,0,64,0,68,2176,1077,1099,1099,0,1,1076,0,2,2,68,1241,1173,1,0,2,2,13,0,1048576,0,0,0,inf,0.994977951,1.16511881,inf,0,0,0,0,0,0,0,0,0,0,0,0,0,0,0,0,0,0,0,0,0,0,0,2,0,0,0,0,0,0,0,0,0,0,0,0,0,0,0,0,0,0,0,0,0,0,0,0,0,0,0,0,0,0,0,0,0,0,0,0,0,0,0,0,0,0,0,0,0,0,0,0,0,0,0,0,0,0,0,0,0,0,0,0,0,0,0,0,0,4294967295,51,4294967295,4294967295,4294967295,4294967295,4294967295,4294967295,4294967295,4294967295
312,1,68,69,3,64,64,0,0,0,67,0,2144,964,1180,1180,0,923,41,0,109,52,67,247,1060,923,0,1023,10,13,0,1048576,0,0,0,inf,inf,0.840369642,0.696737409,0,0,0,0,0,0,0,0,0,0,0,0,0,0,0,0,0,0,0,0,0,0,0,1023,0,0,0,0,0,0,0,0,0,0,0,0,0,0,0,0,0,0,0,0,0,0,0,0,0,0,0,0,0,0,0,0,0,0,0,0,0,0,0,0,0,0,0,0,0,0,0,0,0,0,0,0,0,0,0,0,0,0,0,0,0,0,0,0,0,3,3,4,7,8,4,5,5,5,5
313,0,69,69,1,64,0,64,0,64,0,68,2176,1395,781,781,0,0,1395,0,3,3,68,1559,1491,0,0,0,3,13,0,1048576,0,0,0,inf,0.850062847,0.916932225,inf,0,0,0,0,0,0,0,0,0,0,0,0,0,0,0,0,0,0,0,0,0,0,0,0,0,0,0,0,0,0,0,0,0,0,0,0,0,0,0,0,0,0,0,0,0,0,0,0,0,0,0,0,0,0,0,0,0,0,0,0,0,0,0,0,0,0,0,0,0,0,0,0,0,0,0,0,0,0,0,0,0,0,0,0,0,0,0,0,0,4294967295,4294967295,4294967295,4294967295,4294967295,4294967295,4294967295,4294967295,4294967295,4294967295
314,0,69,69,1,64,0,64,0,64,0,68,2176,1044,1132,1132,0,0,1044,0,3,3,68,1208,1140,0,0,0,3,13,0,1048576,0,0,0,inf,0.846684337,0.977653921,inf,0,0,0,0,0,0,0,0,0,0,0,0,0,0,0,0,0,0,0,0,0,0,0,0,0,0,0,0,0,0,0,0,0,0,0,0,0,0,0,0,0,0,0,0,0,0,0,0,0,0,0,0,0,0,0,0,0,0,0,0,0,0,0,0,0,0,0,0,0,0,0,0,0,0,0,0,0,0,0,0,0,0,0,0,0,0,0,0,0,4294967295,4294967295,4294967295,4294967295,4294967295,4294967295,4294967295,4294967295,4294967295,4294967295
315,0,69,69,1,64,0,64,0,64,0,68,2176,1353,823,823,0,0,1353,0,10,10,68,1517,1449,0,0,0,10,13,0,1048576,0,0,0,inf,0.908305407,0.982214332,1.50508666,0,0,0,0,0,0,0,0,0,0,0,0,0,0,0,0,0,0,0,0,0,0,0,0,0,0,0,0,0,0,0,0,0,0,0,0,0,0,0,0,0,0,0,0,0,0,0,0,0,0,0,0,0,0,0,0,0,0,0,0,0,0,0,0,0,0,0,0,0,0,0,0,0,0,0,0,0,0,0,0,0,0,0,0,0,0,0,0,0,4294967295,4294967295,4294967295,4294967295,4294967295,4294967295,4294967295,4294967295,4294967295,4294967295
316,0.800000012,69,69,1,64,2,62,2,62,0,68,2176,972,1204,1204,0,56,916,0,46,30,68,692,1068,56,0,495,10,13,0,1048576,0,0,0,inf,0.773554444,0.936125875,0.914648652,0,0,0,0,0,0,0,0,0,0,0,0,0,0,0,0,0,0,0,0,0,0,0,495,0,0,0,0,0,0,0,0,0,0,0,0,0,0,0,0,0,0,0,0,0,0,0,0,0,0,0,0,0,0,0,0,0,0,0,0,0,0,0,0,0,0,0,0,0,0,0,0,0,0,0,0,0,0,0,0,0,0,0,0,0,0,0,0,0,4,7,4,30,4294967295,3,3,4,20,4294967295
317,0.600000024,69,69,1,64,1,63,1,63,0,68,2176,1110,1066,1066,0,27,1083,0,44,34,68,1112,1206,27,0,407,10,13,0,1048576,0,0,0,inf,0.837886453,0.960858703,1.05628419,0,0,0,0,0,0,0,0,0,0,0,0,0,0,0,0,0,0,0,0,0,0,0,407,0,0,0,0,0,0,0,0,0,0,0,0,0,0,0,0,0,0,0,0,0,0,0,0,0,0,0,0,0,0,0,0,0,0,0,0,0,0,0,0,0,0,0,0,0,0,0,0,0,0,0,0,0,0,0,0,0,0,0,0,0,0,0,0,0,51,2,29,4294967295,9,4294967295,4294967295,27,36,4294967295
318,0,69,69,1,64,0,64,0,64,0,68,2176,1161,1015,1015,0,0,1161,0,3,3,68,1325,1257,0,0,0,3,13,0,1048576,0,0,0,inf,0.837846756,0.949894488,inf,0,0,0,0,0,0,0,0,0,0,0,0,0,0,0,0,0,0,0,0,0,0,0,0,0,0,0,0,0,0,0,0,0,0,0,0,0,0,0,0,0,0,0,0,0,0,0,0,0,0,0,0,0,0,0,0,0,0,0,0,0,0,0,0,0,0,0,0,0,0,0,0,0,0,0,0,0,0,0,0,0,0,0,0,0,0,0,0,0,4294967295,4294967295,4294967295,4294967295,4294967295,4294967295,4294967295,4294967295,4294967295,4294967295
319,0,69,69,1,64,0,64,0,64,0,68,2176,956,1220,1220,0,0,956,0,1,1,68,1120,1052,0,0,0,1,13,0,1048576,0,0,0,inf,0.857653081,0.997679472,inf,0,0,0,0,0,0,0,0,0,0,0,0,0,0,0,0,0,0,0,0,0,0,0,0,0,0,0,0,0,0,0,0,0,0,0,0,0,0,0,0,0,0,0,0,0,0,0,0,0,0,0,0,0,0,0,0,0,0,0,0,0,0,0,0,0,0,0,0,0,0,0,0,0,0,0,0,0,0,0,0,0,0,0,0,0,0,0,0,0,4294967295,4294967295,4294967295,4294967295,4294967295,4294967295,4294967295,4294967295,4294967295,4294967295
320,1,69,69,1,63,33,30,10,30,23,45,2176,1209,967,967,0,265,944,0,45,36,68,297,1305,265,0,1023,10,13,0,1048576,0,0,0,inf,0.857064128,0.953594744,0.823783994,0,0,0,0,0,0,0,0,0,0,0,0,0,0,0,0,0,0,0,0,0,0,0,1023,0,0,0,0,0,0,0,0,0,0,0,0,0,0,0,0,0,0,0,0,0,0,0,0,0,0,0,0,0,0,0,0,0,0,0,0,0,0,0,0,0,0,0,0,0,0,0,0,0,0,0,0,0,0,0,0,0,0,0,0,0,0,0,0,0,12,7,11,25,37,2,5,10,1,7
321,0.400000006,69,69,1,64,1,63,1,63,0,68,2176,1098,1078,1078,0,20,1078,0,30,28,68,1193,1194,20,0,198,10,13,0,1048576,0,0,0,inf,0.885185957,0.978783607,1.11652279,0,0,0,0,0,0,0,0,0,0,0,0,0,0,0,0,0,0,0,0,0,0,0,198,0,0,0,0,0,0,0,0,0,0,0,0,0,0,0,0,0,0,0,0,0,0,0,0,0,0,0,0,0,0,0,0,0,0,0,0,0,0,0,0,0,0,0,0,0,0,0,0,0,0,0,0,0,0,0,0,0,0,0,0,0,0,0,0,0,4294967295,45,64,4294967295,4294967295,4294967295,43,35,4294967295,4294967295
322,1,68,69,3,64,64,0,0,0,66,1,2144,932,1212,1212,0,823,109,0,88,45,67,248,1028,823,0,1023,10,13,0,1048576,0,0,0,inf,inf,0.802561104,0.726537943,0,0,0,0,0,0,0,0,0,0,0,0,0,0,0,0,0,0,0,0,0,0,0,1023,0,0,0,0,0,0,0,0,0,0,0,0,0,0,0,0,0,0,0,0,0,0,0,0,0,0,0,0,0,0,0,0,0,0,0,0,0,0,0,0,0,0,0,0,0,0,0,0,0,0,0,0,0,0,0,0,0,0,0,0,0,0,0,0,0,4,5,4,10,5,4,10,3,2,17
323,0.5,69,69,1,64,1,63,1,63,0,68,2176,1238,938,938,0,7,1231,0,11,11,68,1380,1334,7,0,617,10,13,0,1048576,0,0,0,inf,0.977852285,1.04043484,1.32975817,0,0,0,0,0,0,0,0,0,0,0,0,0,0,0,0,0,0,0,0,0,0,0,617,0,0,0,0,0,0,0,0,0,0,0,0,0,0,0,0,0,0,0,0,0,0,0,0,0,0,0,0,0,0,0,0,0,0,0,0,0,0,0,0,0,0,0,0,0,0,0,0,0,0,0,0,0,0,0,0,0,0,0,0,0,0,0,0,0,32,4294967295,4294967295,31,4294967295,1,31,4294967295,4294967295,7
324,0.100000001,69,69,1,64,1,63,1,63,0,68,2176,998,1178,1178,0,1,997,0,10,10,68,1162,1094,1,0,1,10,13,0,1048576,0,0,0,inf,0.929137349,1.0324204,1.57790279,0,0,0,0,0,0,0,0,0,0,0,0,0,0,0,0,0,0,0,0,0,0,0,1,0,0,0,0,0,0,0,0,0,0,0,0,0,0,0,0,0,0,0,0,0,0,0,0,0,0,0,0,0,0,0,0,0,0,0,0,0,0,0,0,0,0,0,0,0,0,0,0,0,0,0,0,0,0,0,0,0,0,0,0,0,0,0,0,0,67,4294967295,4294967295,4294967295,4294967295,4294967295,4294967295,4294967295,4294967295,4294967295
325,0,69,69,1,64,0,64,0,64,0,68,2176,1008,1168,1168,0,0,1008,0,5,5,68,1172,1104,0,0,0,5,13,0,1048576,0,0,0,inf,0.876230717,1.06897831,inf,0,0,0,0,0,0,0,0,0,0,0,0,0,0,0,0,0,0,0,0,0,0,0,0,0,0,0,0,0,0,0,0,0,0,0,0,0,0,0,0,0,0,0,0,0,0,0,0,0,0,0,0,0,0,0,0,0,0,0,0,0,0,0,0,0,0,0,0,0,0,0,0,0,0,0,0,0,0,0,0,0,0,0,0,0,0,0,0,0,4294967295,4294967295,4294967295,4294967295,4294967295,4294967295,4294967295,4294967295,4294967295,4294967295
326,0.800000012,69,69,1,64,6,58,4,58,2,66,2176,1005,1171,1171,0,73,932,0,48,35,68,541,1101,73,0,751,10,13,0,1048576,0,0,0,inf,1.00950587,1.13102388,1.08606195,0,0,0,0,0,0,0,0,0,0,0,0,0,0,0,0,0,0,0,0,0,0,0,751,0,0,0,0,0,0,0,0,0,0,0,0,0,0,0,0,0,0,0,0,0,0,0,0,0,0,0,0,0,0,0,0,0,0,0,0,0,0,0,0,0,0,0,0,0,0,0,0,0,0,0,0,0,0,0,0,0,0,0,0,0,0,0,0,0,3,16,1,33,4294967295,41,33,18,4294967295,16
327,0.899999976,69,69,1,64,1,63,0,63,1,67,2176,1037,1139,1139,0,47,990,0,38,34,68,858,1133,47,0,895,10,13,0,1048576,0,0,0,inf,1.00425518,1.15490258,1.15893173,0,0,0,0,0,0,0,0,0,0,0,0,0,0,0,0,0,0,0,0,0,0,0,895,0,0,0,0,0,0,0,0,0,0,0,0,0,0,0,0,0,0,0,0,0,0,0,0,0,0,0,0,0,0,0,0,0,0,0,0,0,0,0,0,0,0,0,0,0,0,0,0,0,0,0,0,0,0,0,0,0,0,0,0,0,0,0,0,0,9,32,29,31,2,44,31,4294967295,32,44
328,1,66,69,3,64,64,0,0,0,65,0,2080,1144,936,936,0,1085,59,0,94,42,65,230,1240,1085,0,1023,10,13,0,1048576,0,0,0,inf,inf,0.987971306,0.896600127,0,0,0,0,0,0,0,0,0,0,0,0,0,0,0,0,0,0,0,0,0,0,0,1023,0,0,0,0,0,0,0,0,0,0,0,0,0,0,0,0,0,0,0,0,0,0,0,0,0,0,0,0,0,0,0,0,0,0,0,0,0,0,0,0,0,0,0,0,0,0,0,0,0,0,0,0,0,0,0,0,0,0,0,0,0,0,0,0,0,7,4,33,5,2,11,3,4,4,4
329,0.200000003,69,69,1,64,0,64,0,64,0,68,2176,788,1388,1388,0,3,785,0,12,12,68,952,884,3,0,33,10,13,0,1048576,0,0,0,inf,0.960548282,1.28431439,1.54494882,0,0,0,0,0,0,0,0,0,0,0,0,0,0,0,0,0,0,0,0,0,0,0,33,0,0,0,0,0,0,0,0,0,0,0,0,0,0,0,0,0,0,0,0,0,0,0,0,0,0,0,0,0,0,0,0,0,0,0,0,0,0,0,0,0,0,0,0,0,0,0,0,0,0,0,0,0,0,0,0,0,0,0,0,0,0,0,0,0,4,4294967295,4294967295,4294967295,4294967295,57,4294967295,4294967295,4294967295,4294967295
330,0.300000012,69,69,1,64,1,63,1,63,0,68,2176,999,1177,1177,0,4,995,0,13,13,68,1163,1095,4,0,19,10,13,0,1048576,0,0,0,inf,1.02911174,1.16727591,1.54085624,0,0,0,0,0,0,0,0,0,0,0,0,0,0,0,0,0,0,0,0,0,0,0,19,0,0,0,0,0,0,0,0,0,0,0,0,0,0,0,0,0,0,0,0,0,0,0,0,0,0,0,0,0,0,0,0,0,0,0,0,0,0,0,0,0,0,0,0,0,0,0,0,0,0,0,0,0,0,0,0,0,0,0,0,0,0,0,0,0,42,67,4294967295,4294967295,65,4294967295,4294967295,4294967295,4294967295,4294967295
331,1,69,69,2,64,64,0,0,0,68,0,2176,1439,737,737,0,1393,46,0,107,55,68,251,1535,1393,0,1023,10,13,0,1048576,0,0,0,inf,inf,0.948604465,0.882378936,0,0,0,0,0,0,0,0,0,0,0,0,0,0,0,0,0,0,0,0,0,0,0,1023,0,0,0,0,0,0,0,0,0,0,0,0,0,0,0,0,0,0,0,0,0,0,0,0,0,0,0,0,0,0,0,0,0,0,0,0,0,0,0,0,0,0,0,0,0,0,0,0,0,0,0,0,0,0,0,0,0,0,0,0,0,0,0,0,0,13,17,6,23,16,9,2,11,3,4
332,0,69,69,1,64,0,64,0,64,0,68,2176,1003,1173,1173,0,0,1003,0,10,10,68,1167,1099,0,0,0,10,13,0,1048576,0,0,0,inf,0.867943287,0.981638432,1.58031321,0,0,0,0,0,0,0,0,0,0,0,0,0,0,0,0,0,0,0,0,0,0,0,0,0,0,0,0,0,0,0,0,0,0,0,0,0,0,0,0,0,0,0,0,0,0,0,0,0,0,0,0,0,0,0,0,0,0,0,0,0,0,0,0,0,0,0,0,0,0,0,0,0,0,0,0,0,0,0,0,0,0,0,0,0,0,0,0,0,4294967295,4294967295,4294967295,4294967295,4294967295,4294967295,4294967295,4294967295,4294967295,4294967295
333,0.100000001,69,69,1,64,0,64,0,64,0,68,2176,1077,1099,1099,0,3,1074,0,18,15,68,1241,1173,3,0,16,10,13,0,1048576,0,0,0,inf,0.975420773,1.09153569,1.54310966,0,0,0,0,0,0,0,0,0,0,0,0,0,0,0,0,0,0,0,0,0,0,0,16,0,0,0,0,0,0,0,0,0,0,0,0,0,0,0,0,0,0,0,0,0,0,0,0,0,0,0,0,0,0,0,0,0,0,0,0,0,0,0,0,0,0,0,0,0,0,0,0,0,0,0,0,0,0,0,0,0,0,0,0,0,0,0,0,0,4294967295,4294967295,4294967295,4294967295,23,4294967295,4294967295,4294967295,4294967295,4294967295
334,0.200000003,69,69,1,64,0,64,0,64,0,68,2176,1076,1100,1100,0,3,1073,0,12,12,68,1240,1172,3,0,18,10,13,0,1048576,0,0,0,inf,0.942891002,1.06918025,1.54928839,0,0,0,0,0,0,0,0,0,0,0,0,0,0,0,0,0,0,0,0,0,0,0,18,0,0,0,0,0,0,0,0,0,0,0,0,0,0,0,0,0,0,0,0,0,0,0,0,0,0,0,0,0,0,0,0,0,0,0,0,0,0,0,0,0,0,0,0,0,0,0,0,0,0,0,0,0,0,0,0,0,0,0,0,0,0,0,0,0,4294967295,60,4294967295,4294967295,49,4294967295,4294967295,4294967295,4294967295,4294967295
335,0.100000001,69,69,1,64,0,64,0,64,0,68,2176,1194,982,982,0,13,1181,0,22,20,68,1338,1290,13,0,1,10,13,0,1048576,0,0,0,inf,0.96416682,1.06045914,1.30840564,0,0,0,0,0,0,0,0,0,0,0,0,0,0,0,0,0,0,0,0,0,0,0,1,0,0,0,0,0,0,0,0,0,0,0,0,0,0,0,0,0,0,0,0,0,0,0,0,0,0,0,0,0,0,0,0,0,0,0,0,0,0,0,0,0,0,0,0,0,0,0,0,0,0,0,0,0,0,0,0,0,0,0,0,0,0,0,0,0,13,4294967295,4294967295,4294967295,4294967295,4294967295,4294967295,4294967295,4294967295,4294967295
336,0.400000006,69,69,1,64,0,64,0,64,0,68,2176,1344,832,832,0,4,1340,0,13,13,68,1508,1440,4,0,135,10,13,0,1048576,0,0,0,inf,0.954224765,1.02806795,1.50521016,0,0,0,0,0,0,0,0,0,0,0,0,0,0,0,0,0,0,0,0,0,0,0,135,0,0,0,0,0,0,0,0,0,0,0,0,0,0,0,0,0,0,0,0,0,0,0,0,0,0,0,0,0,0,0,0,0,0,0,0,0,0,0,0,0,0,0,0,0,0,0,0,0,0,0,0,0,0,0,0,0,0,0,0,0,0,0,0,0,40,10,34,4294967295,4294967295,4294967295,4294967295,34,4294967295,4294967295
337,0.800000012,69,69,1,64,1,63,1,63,0,68,2176,1080,1096,1096,0,49,1031,0,35,33,68,977,1176,49,0,495,10,13,0,1048576,0,0,0,inf,0.999936223,1.11476302,1.16947889,0,0,0,0,0,0,0,0,0,0,0,0,0,0,0,0,0,0,0,0,0,0,0,495,0,0,0,0,0,0,0,0,0,0,0,0,0,0,0,0,0,0,0,0,0,0,0,0,0,0,0,0,0,0,0,0,0,0,0,0,0,0,0,0,0,0,0,0,0,0,0,0,0,0,0,0,0,0,0,0,0,0,0,0,0,0,0,0,0,24,38,8,10,4294967295,37,30,37,17,4294967295
338,0.100000001,69,69,1,64,1,63,1,63,0,68,2176,1018,1158,1158,0,1,1017,0,8,8,68,1182,1114,1,0,1,8,13,0,1048576,0,0,0,inf,1.0293895,1.16978943,inf,0,0,0,0,0,0,0,0,0,0,0,0,0,0,0,0,0,0,0,0,0,0,0,1,0,0,0,0,0,0,0,0,0,0,0,0,0,0,0,0,0,0,0,0,0,0,0,0,0,0,0,0,0,0,0,0,0,0,0,0,0,0,0,0,0,0,0,0,0,0,0,0,0,0,0,0,0,0,0,0,0,0,0,0,0,0,0,0,0,58,4294967295,4294967295,4294967295,4294967295,4294967295,4294967295,4294967295,4294967295,4294967295
339,0,69,69,1,64,0,64,0,64,0,68,2176,999,1177,1177,0,0,999,0,5,5,68,1163,1095,0,0,0,5,13,0,1048576,0,0,0,inf,0.944710612,1.06463385,inf,0,0,0,0,0,0,0,0,0,0,0,0,0,0,0,0,0,0,0,0,0,0,0,0,0,0,0,0,0,0,0,0,0,0,0,0,0,0,0,0,0,0,0,0,0,0,0,0,0,0,0,0,0,0,0,0,0,0,0,0,0,0,0,0,0,0,0,0,0,0,0,0,0,0,0,0,0,0,0,0,0,0,0,0,0,0,0,0,0,4294967295,4294967295,4294967295,4294967295,4294967295,4294967295,4294967295,4294967295,4294967295,4294967295
340,0.100000001,69,69,1,64,1,63,0,63,1,67,2176,1226,950,950,0,5,1221,0,14,14,68,1390,1322,5,0,1,10,13,0,1048576,0,0,0,inf,1.02237332,1.11955297,1.5531776,0,0,0,0,0,0,0,0,0,0,0,0,0,0,0,0,0,0,0,0,0,0,0,1,0,0,0,0,0,0,0,0,0,0,0,0,0,0,0,0,0,0,0,0,0,0,0,0,0,0,0,0,0,0,0,0,0,0,0,0,0,0,0,0,0,0,0,0,0,0,0,0,0,0,0,0,0,0,0,0,0,0,0,0,0,0,0,0,0,20,4294967295,4294967295,4294967295,4294967295,4294967295,4294967295,4294967295,4294967295,4294967295
341,0.100000001,69,69,1,64,0,64,0,64,0,68,2176,985,1191,1191,0,4,981,0,8,8,68,1149,1081,4,0,4,8,13,0,1048576,0,0,0,inf,0.833179235,1.01822698,inf,0,0,0,0,0,0,0,0,0,0,0,0,0,0,0,0,0,0,0,0,0,0,0,4,0,0,0,0,0,0,0,0,0,0,0,0,0,0,0,0,0,0,0,0,0,0,0,0,0,0,0,0,0,0,0,0,0,0,0,0,0,0,0,0,0,0,0,0,0,0,0,0,0,0,0,0,0,0,0,0,0,0,0,0,0,0,0,0,0,4294967295,4294967295,64,4294967295,4294967295,4294967295,4294967295,4294967295,4294967295,4294967295
342,0.200000003,69,69,1,64,0,64,0,64,0,68,2176,1190,986,986,0,3,1187,0,12,12,68,1354,1286,3,0,576,10,13,0,1048576,0,0,0,inf,0.891522348,0.990268052,1.56496978,0,0,0,0,0,0,0,0,0,0,0,0,0,0,0,0,0,0,0,0,0,0,0,576,0,0,0,0,0,0,0,0,0,0,0,0,0,0,0,0,0,0,0,0,0,0,0,0,0,0,0,0,0,0,0,0,0,0,0,0,0,0,0,0,0,0,0,0,0,0,0,0,0,0,0,0,0,0,0,0,0,0,0,0,0,0,0,0,0,4294967295,4294967295,4294967295,4294967295,4294967295,4294967295,61,4294967295,4294967295,19
343,0.699999988,69,69,1,64,5,59,4,59,1,67,2176,1064,1112,1112,0,76,988,0,54,44,68,637,1160,76,0,919,10,13,0,1048576,0,0,0,inf,0.905321896,1.0183841,0.982430935,0,0,0,0,0,0,0,0,0,0,0,0,0,0,0,0,0,0,0,0,0,0,0,919,0,0,0,0,0,0,0,0,0,0,0,0,0,0,0,0,0,0,0,0,0,0,0,0,0,0,0,0,0,0,0,0,0,0,0,0,0,0,0,0,0,0,0,0,0,0,0,0,0,0,0,0,0,0,0,0,0,0,0,0,0,0,0,0,0,12,2,26,4294967295,2,4294967295,4294967295,21,27,11
344,1,67,69,3,64,64,0,0,0,65,1,2112,950,1162,1162,0,896,54,0,85,36,66,221,1046,896,0,1023,10,13,0,1048576,0,0,0,inf,inf,0.914090514,0.807811022,0,0,0,0,0,0,0,0,0,0,0,0,0,0,0,0,0,0,0,0,0,0,0,1023,0,0,0,0,0,0,0,0,0,0,0,0,0,0,0,0,0,0,0,0,0,0,0,0,0,0,0,0,0,0,0,0,0,0,0,0,0,0,0,0,0,0,0,0,0,0,0,0,0,0,0,0,0,0,0,0,0,0,0,0,0,0,0,0,0,2,1,5,1,2,3,2,1,1,2
345,1,69,69,2,64,64,0,0,0,66,2,2176,1382,794,794,0,1280,102,0,103,48,68,242,1478,1280,0,1023,10,13,0,1048576,0,0,0,inf,inf,0.933560073,0.839754462,0,0,0,0,0,0,0,0,0,0,0,0,0,0,0,0,0,0,0,0,0,0,0,1023,0,0,0,0,0,0,0,0,0,0,0,0,0,0,0,0,0,0,0,0,0,0,0,0,0,0,0,0,0,0,0,0,0,0,0,0,0,0,0,0,0,0,0,0,0,0,0,0,0,0,0,0,0,0,0,0,0,0,0,0,0,0,0,0,0,2,9,5,3,4,4,5,9,18,3
346,0,69,69,1,64,0,64,0,64,0,68,2176,1008,1168,1168,0,0,1008,0,0,0,68,1172,1104,0,0,0,0,13,0,1048576,0,0,0,inf,1.01403499,1.1462729,inf,0,0,0,0,0,0,0,0,0,0,0,0,0,0,0,0,0,0,0,0,0,0,0,0,0,0,0,0,0,0,0,0,0,0,0,0,0,0,0,0,0,0,0,0,0,0,0,0,0,0,0,0,0,0,0,0,0,0,0,0,0,0,0,0,0,0,0,0,0,0,0,0,0,0,0,0,0,0,0,0,0,0,0,0,0,0,0,0,0,4294967295,4294967295,4294967295,4294967295,4294967295,4294967295,4294967295,4294967295,4294967295,4294967295
347,0,69,69,1,64,0,64,0,64,0,68,2176,1169,1007,1007,0,0,1169,0,0,0,68,1333,1265,0,0,0,0,13,0,1048576,0,0,0,inf,0.910625696,1.04418194,inf,0,0,0,0,0,0,0,0,0,0,0,0,0,0,0,0,0,0,0,0,0,0,0,0,0,0,0,0,0,0,0,0,0,0,0,0,0,0,0,0,0,0,0,0,0,0,0,0,0,0,0,0,0,0,0,0,0,0,0,0,0,0,0,0,0,0,0,0,0,0,0,0,0,0,0,0,0,0,0,0,0,0,0,0,0,0,0,0,0,4294967295,4294967295,4294967295,4294967295,4294967295,4294967295,4294967295,4294967295,4294967295,4294967295
348,0.300000012,69,69,1,64,0,64,0,64,0,68,2176,1436,740,740,0,3,1433,0,18,15,68,1600,1532,3,0,13,10,13,0,1048576,0,0,0,inf,0.890182137,0.940219402,1.46463585,0,0,0,0,0,0,0,0,0,0,0,0,0,0,0,0,0,0,0,0,0,0,0,13,0,0,0,0,0,0,0,0,0,0,0,0,0,0,0,0,0,0,0,0,0,0,0,0,0,0,0,0,0,0,0,0,0,0,0,0,0,0,0,0,0,0,0,0,0,0,0,0,0,0,0,0,0,0,0,0,0,0,0,0,0,0,0,0,0,18,4294967295,6,13,4294967295,4294967295,4294967295,4294967295,4294967295,4294967295
349,1,69,69,1,64,5,59,4,59,1,67,2176,1383,793,793,0,22,1361,0,43,29,68,1081,1479,22,0,1023,10,13,0,1048576,0,0,0,inf,0.911696553,0.987958908,1.00709188,0,0,0,0,0,0,0,0,0,0,0,0,0,0,0,0,0,0,0,0,0,0,0,1023,0,0,0,0,0,0,0,0,0,0,0,0,0,0,0,0,0,0,0,0,0,0,0,0,0,0,0,0,0,0,0,0,0,0,0,0,0,0,0,0,0,0,0,0,0,0,0,0,0,0,0,0,0,0,0,0,0,0,0,0,0,0,0,0,0,8,16,10,27,47,18,7,56,20,40
350,0.800000012,69,69,1,64,5,59,4,59,1,67,2176,1018,1158,1158,0,57,961,0,48,36,68,562,1114,57,0,887,10,13,0,1048576,0,0,0,inf,0.955848753,1.04067957,1.03367257,0,0,0,0,0,0,0,0,0,0,0,0,0,0,0,0,0,0,0,0,0,0,0,887,0,0,0,0,0,0,0,0,0,0,0,0,0,0,0,0,0,0,0,0,0,0,0,0,0,0,0,0,0,0,0,0,0,0,0,0,0,0,0,0,0,0,0,0,0,0,0,0,0,0,0,0,0,0,0,0,0,0,0,0,0,0,0,0,0,3,21,1,4294967295,24,24,17,4294967295,16,21
351,0.200000003,69,69,1,64,0,64,0,64,0,68,2176,1049,1127,1127,0,2,1047,0,11,11,68,1213,1145,2,0,513,10,13,0,1048576,0,0,0,inf,0.913761377,1.01799071,1.55462193,0,0,0,0,0,0,0,0,0,0,0,0,0,0,0,0,0,0,0,0,0,0,0,513,0,0,0,0,0,0,0,0,0,0,0,0,0,0,0,0,0,0,0,0,0,0,0,0,0,0,0,0,0,0,0,0,0,0,0,0,0,0,0,0,0,0,0,0,0,0,0,0,0,0,0,0,0,0,0,0,0,0,0,0,0,0,0,0,0,47,4294967295,4294967295,4294967295,4294967295,4294967295,4294967295,4294967295,4294967295,66
352,0,69,69,1,64,0,64,0,64,0,68,2176,1314,862,862,0,0,1314,0,10,10,68,1475,1410,0,0,0,10,13,0,1048576,0,0,0,inf,0.963044882,1.04582453,1.47350526,0,0,0,0,0,0,0,0,0,0,0,0,0,0,0,0,0,0,0,0,0,0,0,0,0,0,0,0,0,0,0,0,0,0,0,0,0,0,0,0,0,0,0,0,0,0,0,0,0,0,0,0,0,0,0,0,0,0,0,0,0,0,0,0,0,0,0,0,0,0,0,0,0,0,0,0,0,0,0,0,0,0,0,0,0,0,0,0,0,4294967295,4294967295,4294967295,4294967295,4294967295,4294967295,4294967295,4294967295,4294967295,4294967295
353,1,69,69,1,64,64,0,4,0,63,5,2176,1007,1169,1169,0,959,48,0,127,67,68,268,1103,959,0,1023,10,13,0,1048576,0,0,0,inf,0.907380104,0.917885423,0.81087923,0,0,0,0,0,0,0,0,0,0,0,0,0,0,0,0,0,0,0,0,0,0,0,1023,0,0,0,0,0,0,0,0,0,0,0,0,0,0,0,0,0,0,0,0,0,0,0,0,0,0,0,0,0,0,0,0,0,0,0,0,0,0,0,0,0,0,0,0,0,0,0,0,0,0,0,0,0,0,0,0,0,0,0,0,0,0,0,0,0,6,7,11,7,7,7,16,10,12,15
354,0.200000003,69,69,1,64,0,64,0,64,0,68,2176,1007,1169,1169,0,2,1005,0,11,11,68,1171,1103,2,0,3,10,13,0,1048576,0,0,0,inf,0.901176929,1.10704899,1.53157556,0,0,0,0,0,0,0,0,0,0,0,0,0,0,0,0,0,0,0,0,0,0,0,3,0,0,0,0,0,0,0,0,0,0,0,0,0,0,0,0,0,0,0,0,0,0,0,0,0,0,0,0,0,0,0,0,0,0,0,0,0,0,0,0,0,0,0,0,0,0,0,0,0,0,0,0,0,0,0,0,0,0,0,0,0,0,0,0,0,64,58,4294967295,4294967295,4294967295,4294967295,4294967295,4294967295,4294967295,4294967295
355,0.400000006,69,69,1,64,1,63,1,63,0,68,2176,1078,1098,1098,0,19,1059,0,30,27,68,1177,1174,19,0,297,10,13,0,1048576,0,0,0,inf,0.885072768,1.0688355,1.15442824,0,0,0,0,0,0,0,0,0,0,0,0,0,0,0,0,0,0,0,0,0,0,0,297,0,0,0,0,0,0,0,0,0,0,0,0,0,0,0,0,0,0,0,0,0,0,0,0,0,0,0,0,0,0,0,0,0,0,0,0,0,0,0,0,0,0,0,0,0,0,0,0,0,0,0,0,0,0,0,0,0,0,0,0,0,0,0,0,0,30,4294967295,4294967295,61,4294967295,46,4294967295,4294967295,66,4294967295
356,0.899999976,69,69,1,64,55,9,9,9,46,22,2176,1304,872,872,0,895,409,0,86,42,68,245,1400,895,0,767,10,13,0,1048576,0,0,0,inf,0.973833084,1.03713608,0.902770519,0,0,0,0,0,0,0,0,0,0,0,0,0,0,0,0,0,0,0,0,0,0,0,767,0,0,0,0,0,0,0,0,0,0,0,0,0,0,0,0,0,0,0,0,0,0,0,0,0,0,0,0,0,0,0,0,0,0,0,0,0,0,0,0,0,0,0,0,0,0,0,0,0,0,0,0,0,0,0,0,0,0,0,0,0,0,0,0,0,7,56,13,0,8,8,6,2,4294967295,1
357,0.300000012,69,69,1,64,0,64,0,64,0,68,2176,1036,1140,1140,0,38,998,0,42,29,68,834,1132,38,0,193,10,13,0,1048576,0,0,0,inf,0.856298685,0.958839953,1.01682186,0,0,0,0,0,0,0,0,0,0,0,0,0,0,0,0,0,0,0,0,0,0,0,193,0,0,0,0,0,0,0,0,0,0,0,0,0,0,0,0,0,0,0,0,0,0,0,0,0,0,0,0,0,0,0,0,0,0,0,0,0,0,0,0,0,0,0,0,0,0,0,0,0,0,0,0,0,0,0,0,0,0,0,0,0,0,0,0,0,15,4294967295,4294967295,4294967295,4294967295,4294967295,32,36,4294967295,4294967295
358,0,69,69,1,64,0,64,0,64,0,68,2176,1052,1124,1124,0,0,1052,0,5,5,68,1216,1148,0,0,0,5,13,0,1048576,0,0,0,inf,0.834975183,0.957380652,inf,0,0,0,0,0,0,0,0,0,0,0,0,0,0,0,0,0,0,0,0,0,0,0,0,0,0,0,0,0,0,0,0,0,0,0,0,0,0,0,0,0,0,0,0,0,0,0,0,0,0,0,0,0,0,0,0,0,0,0,0,0,0,0,0,0,0,0,0,0,0,0,0,0,0,0,0,0,0,0,0,0,0,0,0,0,0,0,0,0,4294967295,4294967295,4294967295,4294967295,4294967295,4294967295,4294967295,4294967295,4294967295,4294967295
359,0.400000006,69,69,1,64,3,61,2,61,1,67,2176,1416,760,760,0,30,1386,0,43,28,68,1405,1512,30,0,210,10,13,0,1048576,0,0,0,inf,1.02377915,1.14192057,1.17356002,0,0,0,0,0,0,0,0,0,0,0,0,0,0,0,0,0,0,0,0,0,0,0,210,0,0,0,0,0,0,0,0,0,0,0,0,0,0,0,0,0,0,0,0,0,0,0,0,0,0,0,0,0,0,0,0,0,0,0,0,0,0,0,0,0,0,0,0,0,0,0,0,0,0,0,0,0,0,0,0,0,0,0,0,0,0,0,0,0,4294967295,13,4294967295,4294967295,54,4294967295,15,13,4294967295,4294967295
360,0.100000001,69,69,1,64,0,64,0,64,0,68,2176,1039,1137,1137,0,3,1036,0,5,5,68,1203,1135,3,0,32,5,13,0,1048576,0,0,0,inf,0.812618017,0.909585357,inf,0,0,0,0,0,0,0,0,0,0,0,0,0,0,0,0,0,0,0,0,0,0,0,32,0,0,0,0,0,0,0,0,0,0,0,0,0,0,0,0,0,0,0,0,0,0,0,0,0,0,0,0,0,0,0,0,0,0,0,0,0,0,0,0,0,0,0,0,0,0,0,0,0,0,0,0,0,0,0,0,0,0,0,0,0,0,0,0,0,4294967295,4294967295,4294967295,4294967295,4294967295,24,4294967295,4294967295,4294967295,4294967295
361,0.200000003,69,69,1,64,0,64,0,64,0,68,2176,1184,992,992,0,29,1155,0,46,35,68,1081,1280,29,0,36,10,13,0,1048576,0,0,0,inf,0.908933759,1.00980067,1.09030437,0,0,0,0,0,0,0,0,0,0,0,0,0,0,0,0,0,0,0,0,0,0,0,36,0,0,0,0,0,0,0,0,0,0,0,0,0,0,0,0,0,0,0,0,0,0,0,0,0,0,0,0,0,0,0,0,0,0,0,0,0,0,0,0,0,0,0,0,0,0,0,0,0,0,0,0,0,0,0,0,0,0,0,0,0,0,0,0,0,4294967295,4294967295,17,4294967295,4294967295,50,4294967295,4294967295,4294967295,4294967295
362,0,69,69,1,64,0,64,0,64,0,68,2176,925,1251,1251,0,0,925,0,10,10,68,1089,1021,0,0,0,10,13,0,1048576,0,0,0,inf,0.850286424,0.994176507,1.55399907,0,0,0,0,0,0,0,0,0,0,0,0,0,0,0,0,0,0,0,0,0,0,0,0,0,0,0,0,0,0,0,0,0,0,0,0,0,0,0,0,0,0,0,0,0,0,0,0,0,0,0,0,0,0,0,0,0,0,0,0,0,0,0,0,0,0,0,0,0,0,0,0,0,0,0,0,0,0,0,0,0,0,0,0,0,0,0,0,0,4294967295,4294967295,4294967295,4294967295,4294967295,4294967295,4294967295,4294967295,4294967295,4294967295
363,0.800000012,69,69,1,64,3,61,2,61,1,67,2176,1265,911,911,0,28,1237,0,38,27,68,902,1361,28,0,887,10,13,0,1048576,0,0,0,inf,0.900202751,0.996365547,0.976681352,0,0,0,0,0,0,0,0,0,0,0,0,0,0,0,0,0,0,0,0,0,0,0,887,0,0,0,0,0,0,0,0,0,0,0,0,0,0,0,0,0,0,0,0,0,0,0,0,0,0,0,0,0,0,0,0,0,0,0,0,0,0,0,0,0,0,0,0,0,0,0,0,0,0,0,0,0,0,0,0,0,0,0,0,0,0,0,0,0,27,8,4,4294967295,3,29,1,4294967295,30,29
364,0,69,69,1,64,0,64,0,64,0,68,2176,1196,980,980,0,0,1196,0,9,9,68,1360,1292,0,0,0,9,13,0,1048576,0,0,0,inf,0.893121839,0.999149799,inf,0,0,0,0,0,0,0,0,0,0,0,0,0,0,0,0,0,0,0,0,0,0,0,0,0,0,0,0,0,0,0,0,0,0,0,0,0,0,0,0,0,0,0,0,0,0,0,0,0,0,0,0,0,0,0,0,0,0,0,0,0,0,0,0,0,0,0,0,0,0,0,0,0,0,0,0,0,0,0,0,0,0,0,0,0,0,0,0,0,4294967295,4294967295,4294967295,4294967295,4294967295,4294967295,4294967295,4294967295,4294967295,4294967295
365,0,69,69,1,64,0,64,0,64,0,68,2176,1058,1118,1118,0,1,1057,0,16,14,68,1221,1154,1,0,0,10,13,0,1048576,0,0,0,inf,0.89326483,1.0305599,1.50776076,0,0,0,0,0,0,0,0,0,0,0,0,0,0,0,0,0,0,0,0,0,0,0,0,0,0,0,0,0,0,0,0,0,0,0,0,0,0,0,0,0,0,0,0,0,0,0,0,0,0,0,0,0,0,0,0,0,0,0,0,0,0,0,0,0,0,0,0,0,0,0,0,0,0,0,0,0,0,0,0,0,0,0,0,0,0,0,0,0,4294967295,4294967295,4294967295,4294967295,4294967295,4294967295,4294967295,4294967295,4294967295,4294967295
366,0.899999976,69,69,1,64,2,62,2,62,0,68,2176,1264,912,912,0,59,1205,0,37,33,68,1023,1360,59,0,895,10,13,0,1048576,0,0,0,inf,0.987940788,1.14114654,1.12598062,0,0,0,0,0,0,0,0,0,0,0,0,0,0,0,0,0,0,0,0,0,0,0,895,0,0,0,0,0,0,0,0,0,0,0,0,0,0,0,0,0,0,0,0,0,0,0,0,0,0,0,0,0,0,0,0,0,0,0,0,0,0,0,0,0,0,0,0,0,0,0,0,0,0,0,0,0,0,0,0,0,0,0,0,0,0,0,0,0,12,58,20,44,2,35,20,4294967295,53,5
367,0.100000001,69,69,1,64,1,63,1,63,0,68,2176,1196,980,980,0,1,1195,0,8,8,68,1360,1292,1,0,1,8,13,0,1048576,0,0,0,inf,0.973603249,1.05492759,inf,0,0,0,0,0,0,0,0,0,0,0,0,0,0,0,0,0,0,0,0,0,0,0,1,0,0,0,0,0,0,0,0,0,0,0,0,0,0,0,0,0,0,0,0,0,0,0,0,0,0,0,0,0,0,0,0,0,0,0,0,0,0,0,0,0,0,0,0,0,0,0,0,0,0,0,0,0,0,0,0,0,0,0,0,0,0,0,0,0,23,4294967295,4294967295,4294967295,4294967295,4294967295,4294967295,4294967295,4294967295,4294967295
368,0,69,69,1,64,0,64,0,64,0,68,2176,1288,888,888,0,0,1288,0,10,10,68,1452,1384,0,0,0,10,13,0,1048576,0,0,0,inf,0.91785717,1.07135332,1.6513226,0,0,0,0,0,0,0,0,0,0,0,0,0,0,0,0,0,0,0,0,0,0,0,0,0,0,0,0,0,0,0,0,0,0,0,0,0,0,0,0,0,0,0,0,0,0,0,0,0,0,0,0,0,0,0,0,0,0,0,0,0,0,0,0,0,0,0,0,0,0,0,0,0,0,0,0,0,0,0,0,0,0,0,0,0,0,0,0,0,4294967295,4294967295,4294967295,4294967295,4294967295,4294967295,4294967295,4294967295,4294967295,4294967295
369,0.699999988,69,69,1,64,3,61,2,61,1,67,2176,1184,992,992,0,53,1131,0,27,27,68,789,1280,53,0,127,10,13,0,1048576,0,0,0,inf,0.911090493,0.992235541,1.05690646,0,0,0,0,0,0,0,0,0,0,0,0,0,0,0,0,0,0,0,0,0,0,0,127,0,0,0,0,0,0,0,0,0,0,0,0,0,0,0,0,0,0,0,0,0,0,0,0,0,0,0,0,0,0,0,0,0,0,0,0,0,0,0,0,0,0,0,0,0,0,0,0,0,0,0,0,0,0,0,0,0,0,0,0,0,0,0,0,0,7,4,10,0,0,12,18,4294967295,4294967295,4294967295
370,0.400000006,69,69,1,64,1,63,1,63,0,68,2176,806,1370,1370,0,12,794,0,25,24,68,954,902,12,0,53,10,13,0,1048576,0,0,0,inf,0.921892345,1.15491843,1.3212285,0,0,0,0,0,0,0,0,0,0,0,0,0,0,0,0,0,0,0,0,0,0,0,53,0,0,0,0,0,0,0,0,0,0,0,0,0,0,0,0,0,0,0,0,0,0,0,0,0,0,0,0,0,0,0,0,0,0,0,0,0,0,0,0,0,0,0,0,0,0,0,0,0,0,0,0,0,0,0,0,0,0,0,0,0,0,0,0,0,56,4294967295,48,4294967295,65,19,4294967295,4294967295,4294967295,4294967295
371,0.800000012,69,69,1,64,4,60,2,60,2,66,2176,1133,1043,1043,0,79,1054,0,51,37,68,593,1229,79,0,763,10,13,0,1048576,0,0,0,inf,0.976639628,1.07330501,1.05583715,0,0,0,0,0,0,0,0,0,0,0,0,0,0,0,0,0,0,0,0,0,0,0,763,0,0,0,0,0,0,0,0,0,0,0,0,0,0,0,0,0,0,0,0,0,0,0,0,0,0,0,0,0,0,0,0,0,0,0,0,0,0,0,0,0,0,0,0,0,0,0,0,0,0,0,0,0,0,0,0,0,0,0,0,0,0,0,0,0,3,16,4294967295,16,13,26,12,17,4294967295,17
372,1,69,69,1,64,7,57,2,57,6,62,2176,1374,802,802,0,119,1255,0,70,47,68,699,1470,119,0,1023,10,13,0,1048576,0,0,0,inf,1.00142717,1.18679714,1.06899536,0,0,0,0,0,0,0,0,0,0,0,0,0,0,0,0,0,0,0,0,0,0,0,1023,0,0,0,0,0,0,0,0,0,0,0,0,0,0,0,0,0,0,0,0,0,0,0,0,0,0,0,0,0,0,0,0,0,0,0,0,0,0,0,0,0,0,0,0,0,0,0,0,0,0,0,0,0,0,0,0,0,0,0,0,0,0,0,0,0,23,21,21,6,21,44,20,14,22,22
373,1,69,69,1,64,27,37,12,37,15,53,2176,1305,871,871,0,188,1117,0,29,24,68,357,1401,188,0,1023,10,13,0,1048576,0,0,0,inf,0.96829164,1.16687989,0.949827552,0,0,0,0,0,0,0,0,0,0,0,0,0,0,0,0,0,0,0,0,0,0,0,1023,0,0,0,0,0,0,0,0,0,0,0,0,0,0,0,0,0,0,0,0,0,0,0,0,0,0,0,0,0,0,0,0,0,0,0,0,0,0,0,0,0,0,0,0,0,0,0,0,0,0,0,0,0,0,0,0,0,0,0,0,0,0,0,0,0,4,3,23,4,23,5,10,4,4,3
374,0.699999988,69,69,1,64,1,63,1,63,0,68,2176,1239,937,937,0,47,1192,0,24,24,68,856,1335,47,0,415,10,13,0,1048576,0,0,0,inf,0.954075456,1.06948435,1.08528328,0,0,0,0,0,0,0,0,0,0,0,0,0,0,0,0,0,0,0,0,0,0,0,415,0,0,0,0,0,0,0,0,0,0,0,0,0,0,0,0,0,0,0,0,0,0,0,0,0,0,0,0,0,0,0,0,0,0,0,0,0,0,0,0,0,0,0,0,0,0,0,0,0,0,0,0,0,0,0,0,0,0,0,0,0,0,0,0,0,0,9,0,5,27,4294967295,4294967295,44,21,4294967295
375,1,68,69,3,64,64,0,0,0,66,1,2144,553,1591,1591,0,536,17,0,90,46,67,227,649,536,0,1023,10,13,0,1048576,0,0,0,inf,inf,0.749683559,0.677912235,0,0,0,0,0,0,0,0,0,0,0,0,0,0,0,0,0,0,0,0,0,0,0,1023,0,0,0,0,0,0,0,0,0,0,0,0,0,0,0,0,0,0,0,0,0,0,0,0,0,0,0,0,0,0,0,0,0,0,0,0,0,0,0,0,0,0,0,0,0,0,0,0,0,0,0,0,0,0,0,0,0,0,0,0,0,0,0,0,0,5,5,5,6,3,1,5,4,1,4
376,1,69,69,2,64,64,0,0,0,67,1,2176,1170,1006,1006,0,1119,51,0,107,51,68,246,1266,1119,0,1023,10,13,0,1048576,0,0,0,inf,inf,0.932067752,0.839941323,0,0,0,0,0,0,0,0,0,0,0,0,0,0,0,0,0,0,0,0,0,0,0,1023,0,0,0,0,0,0,0,0,0,0,0,0,0,0,0,0,0,0,0,0,0,0,0,0,0,0,0,0,0,0,0,0,0,0,0,0,0,0,0,0,0,0,0,0,0,0,0,0,0,0,0,0,0,0,0,0,0,0,0,0,0,0,0,0,0,3,5,42,7,3,3,4,15,5,5
377,0,69,69,1,64,0,64,0,64,0,68,2176,1214,962,962,0,0,1214,0,3,3,68,1378,1310,0,0,0,3,13,0,1048576,0,0,0,inf,0.948633552,1.0575335,inf,0,0,0,0,0,0,0,0,0,0,0,0,0,0,0,0,0,0,0,0,0,0,0,0,0,0,0,0,0,0,0,0,0,0,0,0,0,0,0,0,0,0,0,0,0,0,0,0,0,0,0,0,0,0,0,0,0,0,0,0,0,0,0,0,0,0,0,0,0,0,0,0,0,0,0,0,0,0,0,0,0,0,0,0,0,0,0,0,0,4294967295,4294967295,4294967295,4294967295,4294967295,4294967295,4294967295,4294967295,4294967295,4294967295
378,0.200000003,69,69,1,64,0,64,0,64,0,68,2176,1138,1038,1038,0,3,1135,0,18,16,68,1301,1234,3,0,5,10,13,0,1048576,0,0,0,inf,0.901969433,1.06347692,1.51649654,0,0,0,0,0,0,0,0,0,0,0,0,0,0,0,0,0,0,0,0,0,0,0,5,0,0,0,0,0,0,0,0,0,0,0,0,0,0,0,0,0,0,0,0,0,0,0,0,0,0,0,0,0,0,0,0,0,0,0,0,0,0,0,0,0,0,0,0,0,0,0,0,0,0,0,0,0,0,0,0,0,0,0,0,0,0,0,0,0,12,4294967295,61,4294967295,4294967295,4294967295,4294967295,4294967295,4294967295,4294967295
379,0.100000001,69,69,1,64,0,64,0,64,0,68,2176,1037,1139,1139,0,1,1036,0,4,4,68,1201,1133,1,0,1,4,13,0,1048576,0,0,0,inf,0.91471076,1.04337883,inf,0,0,0,0,0,0,0,0,0,0,0,0,0,0,0,0,0,0,0,0,0,0,0,1,0,0,0,0,0,0,0,0,0,0,0,0,0,0,0,0,0,0,0,0,0,0,0,0,0,0,0,0,0,0,0,0,0,0,0,0,0,0,0,0,0,0,0,0,0,0,0,0,0,0,0,0,0,0,0,0,0,0,0,0,0,0,0,0,0,12,4294967295,4294967295,4294967295,4294967295,4294967295,4294967295,4294967295,4294967295,4294967295
380,0.800000012,69,69,1,64,0,64,0,64,0,68,2176,1262,914,914,0,25,1237,0,20,19,68,1144,1358,25,0,503,10,13,0,1048576,0,0,0,inf,0.876492083,1.05158567,1.03979766,0,0,0,0,0,0,0,0,0,0,0,0,0,0,0,0,0,0,0,0,0,0,0,503,0,0,0,0,0,0,0,0,0,0,0,0,0,0,0,0,0,0,0,0,0,0,0,0,0,0,0,0,0,0,0,0,0,0,0,0,0,0,0,0,0,0,0,0,0,0,0,0,0,0,0,0,0,0,0,0,0,0,0,0,0,0,0,0,0,9,49,60,4294967295,24,20,28,60,10,4294967295
381,0.200000003,69,69,1,64,1,63,1,63,0,68,2176,1314,862,862,0,2,1312,0,17,15,68,1475,1410,2,0,513,10,13,0,1048576,0,0,0,inf,0.957071245,1.08930182,1.53220689,0,0,0,0,0,0,0,0,0,0,0,0,0,0,0,0,0,0,0,0,0,0,0,513,0,0,0,0,0,0,0,0,0,0,0,0,0,0,0,0,0,0,0,0,0,0,0,0,0,0,0,0,0,0,0,0,0,0,0,0,0,0,0,0,0,0,0,0,0,0,0,0,0,0,0,0,0,0,0,0,0,0,0,0,0,0,0,0,0,47,4294967295,4294967295,4294967295,4294967295,4294967295,4294967295,4294967295,4294967295,8
382,0.899999976,68,69,3,64,64,0,0,0,65,2,2144,1083,1061,1061,0,1004,79,0,89,48,67,227,1179,1004,0,1022,10,13,0,1048576,0,0,0,inf,inf,0.950336814,0.87556994,0,0,0,0,0,0,0,0,0,0,0,0,0,0,0,0,0,0,0,0,0,0,0,1022,0,0,0,0,0,0,0,0,0,0,0,0,0,0,0,0,0,0,0,0,0,0,0,0,0,0,0,0,0,0,0,0,0,0,0,0,0,0,0,0,0,0,0,0,0,0,0,0,0,0,0,0,0,0,0,0,0,0,0,0,0,0,0,0,0,4294967295,5,2,3,7,3,9,5,2,5
383,0.899999976,69,69,1,64,7,57,2,57,5,63,2176,1252,924,924,0,103,1149,0,49,35,68,563,1348,103,0,1015,10,13,0,1048576,0,0,0,inf,0.910160542,1.04404366,0.967209399,0,0,0,0,0,0,0,0,0,0,0,0,0,0,0,0,0,0,0,0,0,0,0,1015,0,0,0,0,0,0,0,0,0,0,0,0,0,0,0,0,0,0,0,0,0,0,0,0,0,0,0,0,0,0,0,0,0,0,0,0,0,0,0,0,0,0,0,0,0,0,0,0,0,0,0,0,0,0,0,0,0,0,0,0,0,0,0,0,0,9,3,64,4294967295,17,8,1,2,54,9
384,0.300000012,69,69,1,64,0,64,0,64,0,68,2176,1369,807,807,0,4,1365,0,13,13,68,1533,1465,4,0,82,10,13,0,1048576,0,0,0,inf,0.890649796,0.972832084,1.43361354,0,0,0,0,0,0,0,0,0,0,0,0,0,0,0,0,0,0,0,0,0,0,0,82,0,0,0,0,0,0,0,0,0,0,0,0,0,0,0,0,0,0,0,0,0,0,0,0,0,0,0,0,0,0,0,0,0,0,0,0,0,0,0,0,0,0,0,0,0,0,0,0,0,0,0,0,0,0,0,0,0,0,0,0,0,0,0,0,0,4294967295,54,4294967295,4294967295,29,4294967295,29,4294967295,4294967295,4294967295
385,0.600000024,69,69,1,64,1,63,1,63,0,68,2176,1253,923,923,0,45,1208,0,40,35,68,936,1349,45,0,698,10,13,0,1048576,0,0,0,inf,0.908589482,1.0067209,1.03095436,0,0,0,0,0,0,0,0,0,0,0,0,0,0,0,0,0,0,0,0,0,0,0,698,0,0,0,0,0,0,0,0,0,0,0,0,0,0,0,0,0,0,0,0,0,0,0,0,0,0,0,0,0,0,0,0,0,0,0,0,0,0,0,0,0,0,0,0,0,0,0,0,0,0,0,0,0,0,0,0,0,0,0,0,0,0,0,0,0,4294967295,8,4294967295,54,6,30,4294967295,28,4294967295,49
386,0,69,69,1,64,0,64,0,64,0,68,2176,1040,1136,1136,0,0,1040,0,15,12,68,1204,1136,0,0,0,10,13,0,1048576,0,0,0,inf,0.806055665,0.896558881,1.49253559,0,0,0,0,0,0,0,0,0,0,0,0,0,0,0,0,0,0,0,0,0,0,0,0,0,0,0,0,0,0,0,0,0,0,0,0,0,0,0,0,0,0,0,0,0,0,0,0,0,0,0,0,0,0,0,0,0,0,0,0,0,0,0,0,0,0,0,0,0,0,0,0,0,0,0,0,0,0,0,0,0,0,0,0,0,0,0,0,0,4294967295,4294967295,4294967295,4294967295,4294967295,4294967295,4294967295,4294967295,4294967295,4294967295
387,0.5,69,69,1,64,3,61,3,61,0,68,2176,1399,777,777,0,73,1326,0,38,32,68,857,1495,73,0,496,10,13,0,1048576,0,0,0,inf,1.02056837,1.10776794,1.09710455,0,0,0,0,0,0,0,0,0,0,0,0,0,0,0,0,0,0,0,0,0,0,0,496,0,0,0,0,0,0,0,0,0,0,0,0,0,0,0,0,0,0,0,0,0,0,0,0,0,0,0,0,0,0,0,0,0,0,0,0,0,0,0,0,0,0,0,0,0,0,0,0,0,0,0,0,0,0,0,0,0,0,0,0,0,0,0,0,0,4294967295,4294967295,4294967295,4294967295,44,11,6,33,12,4294967295
388,0.899999976,69,69,1,64,4,60,2,60,2,66,2176,1282,894,894,0,113,1169,0,56,42,68,570,1378,113,0,959,10,13,0,1048576,0,0,0,inf,0.985173225,1.09662485,1.02815974,0,0,0,0,0,0,0,0,0,0,0,0,0,0,0,0,0,0,0,0,0,0,0,959,0,0,0,0,0,0,0,0,0,0,0,0,0,0,0,0,0,0,0,0,0,0,0,0,0,0,0,0,0,0,0,0,0,0,0,0,0,0,0,0,0,0,0,0,0,0,0,0,0,0,0,0,0,0,0,0,0,0,0,0,0,0,0,0,0,19,51,20,20,33,5,4294967295,4,39,20
389,0.800000012,69,69,1,64,6,58,5,58,1,67,2176,1199,977,977,0,71,1128,0,57,41,68,944,1295,71,0,763,10,13,0,1048576,0,0,0,inf,0.9457165,1.09391642,1.0649209,0,0,0,0,0,0,0,0,0,0,0,0,0,0,0,0,0,0,0,0,0,0,0,763,0,0,0,0,0,0,0,0,0,0,0,0,0,0,0,0,0,0,0,0,0,0,0,0,0,0,0,0,0,0,0,0,0,0,0,0,0,0,0,0,0,0,0,0,0,0,0,0,0,0,0,0,0,0,0,0,0,0,0,0,0,0,0,0,0,42,30,4294967295,22,44,44,63,14,4294967295,22
390,0,69,69,1,64,0,64,0,64,0,68,2176,1099,1077,1077,0,0,1099,0,3,3,68,1263,1195,0,0,0,3,13,0,1048576,0,0,0,inf,0.897760272,1.00384235,inf,0,0,0,0,0,0,0,0,0,0,0,0,0,0,0,0,0,0,0,0,0,0,0,0,0,0,0,0,0,0,0,0,0,0,0,0,0,0,0,0,0,0,0,0,0,0,0,0,0,0,0,0,0,0,0,0,0,0,0,0,0,0,0,0,0,0,0,0,0,0,0,0,0,0,0,0,0,0,0,0,0,0,0,0,0,0,0,0,0,4294967295,4294967295,4294967295,4294967295,4294967295,4294967295,4294967295,4294967295,4294967295,4294967295
391,0,69,69,1,64,0,64,0,64,0,68,2176,1120,1056,1056,0,0,1120,0,10,10,68,1283,1216,0,0,0,10,13,0,1048576,0,0,0,inf,0.898098886,0.998435736,1.5140903,0,0,0,0,0,0,0,0,0,0,0,0,0,0,0,0,0,0,0,0,0,0,0,0,0,0,0,0,0,0,0,0,0,0,0,0,0,0,0,0,0,0,0,0,0,0,0,0,0,0,0,0,0,0,0,0,0,0,0,0,0,0,0,0,0,0,0,0,0,0,0,0,0,0,0,0,0,0,0,0,0,0,0,0,0,0,0,0,0,4294967295,4294967295,4294967295,4294967295,4294967295,4294967295,4294967295,4294967295,4294967295,4294967295
392,0.200000003,69,69,1,64,0,64,0,64,0,68,2176,1158,1018,1018,0,25,1133,0,42,31,68,1094,1254,25,0,264,10,13,0,1048576,0,0,0,inf,0.904018641,1.03149748,1.11069596,0,0,0,0,0,0,0,0,0,0,0,0,0,0,0,0,0,0,0,0,0,0,0,264,0,0,0,0,0,0,0,0,0,0,0,0,0,0,0,0,0,0,0,0,0,0,0,0,0,0,0,0,0,0,0,0,0,0,0,0,0,0,0,0,0,0,0,0,0,0,0,0,0,0,0,0,0,0,0,0,0,0,0,0,0,0,0,0,0,4294967295,4294967295,4294967295,17,4294967295,4294967295,4294967295,4294967295,36,4294967295
393,0,69,69,1,64,0,64,0,64,0,68,2176,1300,876,876,0,0,1300,0,3,3,68,1464,1396,0,0,0,3,13,0,1048576,0,0,0,inf,0.834135771,0.944508851,inf,0,0,0,0,0,0,0,0,0,0,0,0,0,0,0,0,0,0,0,0,0,0,0,0,0,0,0,0,0,0,0,0,0,0,0,0,0,0,0,0,0,0,0,0,0,0,0,0,0,0,0,0,0,0,0,0,0,0,0,0,0,0,0,0,0,0,0,0,0,0,0,0,0,0,0,0,0,0,0,0,0,0,0,0,0,0,0,0,0,4294967295,4294967295,4294967295,4294967295,4294967295,4294967295,4294967295,4294967295,4294967295,4294967295
394,0.100000001,69,69,1,64,0,64,0,64,0,68,2176,1202,974,974,0,2,1200,0,7,7,68,1366,1298,2,0,2,7,13,0,1048576,0,0,0,inf,0.932855368,1.0928793,inf,0,0,0,0,0,0,0,0,0,0,0,0,0,0,0,0,0,0,0,0,0,0,0,2,0,0,0,0,0,0,0,0,0,0,0,0,0,0,0,0,0,0,0,0,0,0,0,0,0,0,0,0,0,0,0,0,0,0,0,0,0,0,0,0,0,0,0,0,0,0,0,0,0,0,0,0,0,0,0,0,0,0,0,0,0,0,0,0,0,4294967295,21,4294967295,4294967295,4294967295,4294967295,4294967295,4294967295,4294967295,4294967295
395,0.800000012,69,69,1,64,2,62,1,62,1,67,2176,1269,907,907,0,37,1232,0,36,31,68,1318,1365,37,0,957,10,13,0,1048576,0,0,0,inf,0.976018429,1.05600584,1.15798974,0,0,0,0,0,0,0,0,0,0,0,0,0,0,0,0,0,0,0,0,0,0,0,957,0,0,0,0,0,0,0,0,0,0,0,0,0,0,0,0,0,0,0,0,0,0,0,0,0,0,0,0,0,0,0,0,0,0,0,0,0,0,0,0,0,0,0,0,0,0,0,0,0,0,0,0,0,0,0,0,0,0,0,0,0,0,0,0,0,54,4294967295,65,4,20,18,4294967295,55,54,25
396,0.899999976,69,69,1,64,3,61,1,61,2,66,2176,1107,1069,1069,0,59,1048,0,47,34,68,635,1203,59,0,767,10,13,0,1048576,0,0,0,inf,0.940315247,1.04157472,1.02386498,0,0,0,0,0,0,0,0,0,0,0,0,0,0,0,0,0,0,0,0,0,0,0,767,0,0,0,0,0,0,0,0,0,0,0,0,0,0,0,0,0,0,0,0,0,0,0,0,0,0,0,0,0,0,0,0,0,0,0,0,0,0,0,0,0,0,0,0,0,0,0,0,0,0,0,0,0,0,0,0,0,0,0,0,0,0,0,0,0,3,34,42,11,1,21,20,21,4294967295,21
397,0,69,69,1,64,0,64,0,64,0,68,2176,1149,1027,1027,0,0,1149,0,3,3,68,1313,1245,0,0,0,3,13,0,1048576,0,0,0,inf,0.939218283,1.00255609,inf,0,0,0,0,0,0,0,0,0,0,0,0,0,0,0,0,0,0,0,0,0,0,0,0,0,0,0,0,0,0,0,0,0,0,0,0,0,0,0,0,0,0,0,0,0,0,0,0,0,0,0,0,0,0,0,0,0,0,0,0,0,0,0,0,0,0,0,0,0,0,0,0,0,0,0,0,0,0,0,0,0,0,0,0,0,0,0,0,0,4294967295,4294967295,4294967295,4294967295,4294967295,4294967295,4294967295,4294967295,4294967295,4294967295
398,0,69,69,1,64,0,64,0,64,0,68,2176,1207,969,969,0,0,1207,0,3,3,68,1371,1303,0,0,0,3,13,0,1048576,0,0,0,inf,0.970028698,1.10237646,inf,0,0,0,0,0,0,0,0,0,0,0,0,0,0,0,0,0,0,0,0,0,0,0,0,0,0,0,0,0,0,0,0,0,0,0,0,0,0,0,0,0,0,0,0,0,0,0,0,0,0,0,0,0,0,0,0,0,0,0,0,0,0,0,0,0,0,0,0,0,0,0,0,0,0,0,0,0,0,0,0,0,0,0,0,0,0,0,0,0,4294967295,4294967295,4294967295,4294967295,4294967295,4294967295,4294967295,4294967295,4294967295,4294967295
399,0.699999988,69,69,1,64,1,63,0,63,1,67,2176,1458,718,718,0,11,1447,0,12,11,68,1611,1554,11,0,823,10,13,0,1048576,0,0,0,inf,0.879174769,0.971281409,1.28352928,0,0,0,0,0,0,0,0,0,0,0,0,0,0,0,0,0,0,0,0,0,0,0,823,0,0,0,0,0,0,0,0,0,0,0,0,0,0,0,0,0,0,0,0,0,0,0,0,0,0,0,0,0,0,0,0,0,0,0,0,0,0,0,0,0,0,0,0,0,0,0,0,0,0,0,0,0,0,0,0,0,0,0,0,0,0,0,0,0,14,60,54,4294967295,10,60,4294967295,4294967295,33,33
400,0.899999976,69,69,1,64,2,62,0,62,2,66,2176,995,1181,1181,0,27,968,0,29,18,68,885,1091,27,0,895,10,13,0,1048576,0,0,0,inf,0.922352612,1.07171011,1.12918615,0,0,0,0,0,0,0,0,0,0,0,0,0,0,0,0,0,0,0,0,0,0,0,895,0,0,0,0,0,0,0,0,0,0,0,0,0,0,0,0,0,0,0,0,0,0,0,0,0,0,0,0,0,0,0,0,0,0,0,0,0,0,0,0,0,0,0,0,0,0,0,0,0,0,0,0,0,0,0,0,0,0,0,0,0,0,0,0,0,8,9,16,16,16,16,62,4294967295,16,16
401,0.100000001,69,69,1,64,0,64,0,64,0,68,2176,1157,1019,1019,0,1,1156,0,2,2,68,1321,1253,1,0,8,2,13,0,1048576,0,0,0,inf,0.973184466,1.08866727,inf,0,0,0,0,0,0,0,0,0,0,0,0,0,0,0,0,0,0,0,0,0,0,0,8,0,0,0,0,0,0,0,0,0,0,0,0,0,0,0,0,0,0,0,0,0,0,0,0,0,0,0,0,0,0,0,0,0,0,0,0,0,0,0,0,0,0,0,0,0,0,0,0,0,0,0,0,0,0,0,0,0,0,0,0,0,0,0,0,0,4294967295,4294967295,4294967295,18,4294967295,4294967295,4294967295,4294967295,4294967295,4294967295
402,0.800000012,69,69,1,64,6,58,4,58,2,66,2176,1056,1120,1120,0,79,977,0,52,39,68,668,1152,79,0,975,10,13,0,1048576,0,0,0,inf,0.946228504,1.08291817,1.02734411,0,0,0,0,0,0,0,0,0,0,0,0,0,0,0,0,0,0,0,0,0,0,0,975,0,0,0,0,0,0,0,0,0,0,0,0,0,0,0,0,0,0,0,0,0,0,0,0,0,0,0,0,0,0,0,0,0,0,0,0,0,0,0,0,0,0,0,0,0,0,0,0,0,0,0,0,0,0,0,0,0,0,0,0,0,0,0,0,0,3,15,23,35,4294967295,4294967295,49,56,8,27
403,0.899999976,69,69,1,64,3,61,0,61,5,63,2176,1398,778,778,0,75,1323,0,69,39,68,761,1494,75,0,1007,10,13,0,1048576,0,0,0,inf,0.91002655,0.98645997,1.01035869,0,0,0,0,0,0,0,0,0,0,0,0,0,0,0,0,0,0,0,0,0,0,0,1007,0,0,0,0,0,0,0,0,0,0,0,0,0,0,0,0,0,0,0,0,0,0,0,0,0,0,0,0,0,0,0,0,0,0,0,0,0,0,0,0,0,0,0,0,0,0,0,0,0,0,0,0,0,0,0,0,0,0,0,0,0,0,0,0,0,2,12,3,3,4294967295,18,37,4,11,3
404,0.300000012,69,69,1,64,0,64,0,64,0,68,2176,1362,814,814,0,17,1345,0,31,25,68,1512,1458,17,0,42,10,13,0,1048576,0,0,0,inf,0.964028239,1.05575061,1.27768183,0,0,0,0,0,0,0,0,0,0,0,0,0,0,0,0,0,0,0,0,0,0,0,42,0,0,0,0,0,0,0,0,0,0,0,0,0,0,0,0,0,0,0,0,0,0,0,0,0,0,0,0,0,0,0,0,0,0,0,0,0,0,0,0,0,0,0,0,0,0,0,0,0,0,0,0,0,0,0,0,0,0,0,0,0,0,0,0,0,4294967295,60,4294967295,36,4294967295,60,4294967295,4294967295,4294967295,4294967295
405,0.5,69,69,1,64,1,63,0,63,1,67,2176,1096,1080,1080,0,22,1074,0,29,26,68,1176,1192,22,0,299,10,13,0,1048576,0,0,0,inf,0.900308669,1.06424451,1.19713056,0,0,0,0,0,0,0,0,0,0,0,0,0,0,0,0,0,0,0,0,0,0,0,299,0,0,0,0,0,0,0,0,0,0,0,0,0,0,0,0,0,0,0,0,0,0,0,0,0,0,0,0,0,0,0,0,0,0,0,0,0,0,0,0,0,0,0,0,0,0,0,0,0,0,0,0,0,0,0,0,0,0,0,0,0,0,0,0,0,4,13,4294967295,23,4294967295,10,4294967295,4294967295,7,4294967295
406,0.899999976,69,69,1,64,5,59,2,59,3,65,2176,1174,1002,1002,0,88,1086,0,51,37,68,579,1270,88,0,767,10,13,0,1048576,0,0,0,inf,0.96453321,1.15877581,1.05037093,0,0,0,0,0,0,0,0,0,0,0,0,0,0,0,0,0,0,0,0,0,0,0,767,0,0,0,0,0,0,0,0,0,0,0,0,0,0,0,0,0,0,0,0,0,0,0,0,0,0,0,0,0,0,0,0,0,0,0,0,0,0,0,0,0,0,0,0,0,0,0,0,0,0,0,0,0,0,0,0,0,0,0,0,0,0,0,0,0,3,20,1,20,11,38,33,34,4294967295,50
407,1,69,69,1,64,64,0,4,0,62,6,2176,1310,866,866,0,1198,112,0,117,57,68,260,1406,1198,0,1023,10,13,0,1048576,0,0,0,inf,0.946543157,0.979522943,0.856620312,0,0,0,0,0,0,0,0,0,0,0,0,0,0,0,0,0,0,0,0,0,0,0,1023,0,0,0,0,0,0,0,0,0,0,0,0,0,0,0,0,0,0,0,0,0,0,0,0,0,0,0,0,0,0,0,0,0,0,0,0,0,0,0,0,0,0,0,0,0,0,0,0,0,0,0,0,0,0,0,0,0,0,0,0,0,0,0,0,0,17,7,8,5,22,4,9,16,6,6
408,0.5,69,69,1,64,1,63,1,63,0,68,2176,1101,1075,1075,0,27,1074,0,20,20,68,917,1197,27,0,181,10,13,0,1048576,0,0,0,inf,0.930207849,1.05642605,1.10717237,0,0,0,0,0,0,0,0,0,0,0,0,0,0,0,0,0,0,0,0,0,0,0,181,0,0,0,0,0,0,0,0,0,0,0,0,0,0,0,0,0,0,0,0,0,0,0,0,0,0,0,0,0,0,0,0,0,0,0,0,0,0,0,0,0,0,0,0,0,0,0,0,0,0,0,0,0,0,0,0,0,0,0,0,0,0,0,0,0,19,4294967295,14,4294967295,7,28,4294967295,46,4294967295,4294967295
409,1,69,69,1,64,64,0,1,0,65,3,2176,1392,784,784,0,1220,172,0,103,55,68,264,1488,1220,0,1023,10,13,0,1048576,0,0,0,inf,0.876983166,0.876983166,0.823303819,0,0,0,0,0,0,0,0,0,0,0,0,0,0,0,0,0,0,0,0,0,0,0,1023,0,0,0,0,0,0,0,0,0,0,0,0,0,0,0,0,0,0,0,0,0,0,0,0,0,0,0,0,0,0,0,0,0,0,0,0,0,0,0,0,0,0,0,0,0,0,0,0,0,0,0,0,0,0,0,0,0,0,0,0,0,0,0,0,0,5,51,61,2,5,2,6,53,16,5
410,0.699999988,69,69,1,64,2,62,0,62,2,66,2176,1268,908,908,0,40,1228,0,26,26,68,1020,1364,40,0,911,10,13,0,1048576,0,0,0,inf,0.923067927,0.995572686,1.04800582,0,0,0,0,0,0,0,0,0,0,0,0,0,0,0,0,0,0,0,0,0,0,0,911,0,0,0,0,0,0,0,0,0,0,0,0,0,0,0,0,0,0,0,0,0,0,0,0,0,0,0,0,0,0,0,0,0,0,0,0,0,0,0,0,0,0,0,0,0,0,0,0,0,0,0,0,0,0,0,0,0,0,0,0,0,0,0,0,0,21,5,0,0,4294967295,4294967295,4294967295,67,11,19
411,0.100000001,69,69,1,64,0,64,0,64,0,68,2176,1105,1071,1071,0,1,1104,0,2,2,68,1269,1201,1,0,1,2,13,0,1048576,0,0,0,inf,0.88890028,1.00349784,inf,0,0,0,0,0,0,0,0,0,0,0,0,0,0,0,0,0,0,0,0,0,0,0,1,0,0,0,0,0,0,0,0,0,0,0,0,0,0,0,0,0,0,0,0,0,0,0,0,0,0,0,0,0,0,0,0,0,0,0,0,0,0,0,0,0,0,0,0,0,0,0,0,0,0,0,0,0,0,0,0,0,0,0,0,0,0,0,0,0,7,4294967295,4294967295,4294967295,4294967295,4294967295,4294967295,4294967295,4294967295,4294967295
412,0.200000003,69,69,1,64,0,64,0,64,0,68,2176,1267,909,909,0,2,1265,0,5,5,68,1431,1363,2,0,136,5,13,0,1048576,0,0,0,inf,0.846876264,0.950993776,inf,0,0,0,0,0,0,0,0,0,0,0,0,0,0,0,0,0,0,0,0,0,0,0,136,0,0,0,0,0,0,0,0,0,0,0,0,0,0,0,0,0,0,0,0,0,0,0,0,0,0,0,0,0,0,0,0,0,0,0,0,0,0,0,0,0,0,0,0,0,0,0,0,0,0,0,0,0,0,0,0,0,0,0,0,0,0,0,0,0,4294967295,4294967295,4294967295,42,4294967295,4294967295,4294967295,42,4294967295,4294967295
413,0.300000012,69,69,1,64,0,64,0,64,0,68,2176,955,1221,1221,0,4,951,0,19,17,68,1119,1051,4,0,592,10,13,0,1048576,0,0,0,inf,0.914638162,1.05544353,1.50484252,0,0,0,0,0,0,0,0,0,0,0,0,0,0,0,0,0,0,0,0,0,0,0,592,0,0,0,0,0,0,0,0,0,0,0,0,0,0,0,0,0,0,0,0,0,0,0,0,0,0,0,0,0,0,0,0,0,0,0,0,0,0,0,0,0,0,0,0,0,0,0,0,0,0,0,0,0,0,0,0,0,0,0,0,0,0,0,0,0,4294967295,4294967295,4294967295,4294967295,39,4294967295,39,4294967295,4294967295,26
414,1,67,69,3,64,64,0,0,0,65,1,2112,1004,1108,1108,0,930,74,0,92,39,66,228,1100,930,0,1023,10,13,0,1048576,0,0,0,inf,inf,0.937107027,0.821573853,0,0,0,0,0,0,0,0,0,0,0,0,0,0,0,0,0,0,0,0,0,0,0,1023,0,0,0,0,0,0,0,0,0,0,0,0,0,0,0,0,0,0,0,0,0,0,0,0,0,0,0,0,0,0,0,0,0,0,0,0,0,0,0,0,0,0,0,0,0,0,0,0,0,0,0,0,0,0,0,0,0,0,0,0,0,0,0,0,0,1,0,2,4,3,4,4,3,3,5
415,0.899999976,69,69,1,64,6,58,4,58,2,66,2176,1032,1144,1144,0,68,964,0,50,39,68,567,1128,68,0,767,10,13,0,1048576,0,0,0,inf,0.987670064,1.11578071,1.04762375,0,0,0,0,0,0,0,0,0,0,0,0,0,0,0,0,0,0,0,0,0,0,0,767,0,0,0,0,0,0,0,0,0,0,0,0,0,0,0,0,0,0,0,0,0,0,0,0,0,0,0,0,0,0,0,0,0,0,0,0,0,0,0,0,0,0,0,0,0,0,0,0,0,0,0,0,0,0,0,0,0,0,0,0,0,0,0,0,0,3,14,43,24,19,19,8,49,4294967295,55
416,0.899999976,69,69,1,64,64,0,1,0,64,4,2176,1020,1156,1156,0,920,100,0,89,45,68,228,1116,920,0,1015,10,13,0,1048576,0,0,0,inf,1.02302599,1.02302599,0.933894217,0,0,0,0,0,0,0,0,0,0,0,0,0,0,0,0,0,0,0,0,0,0,0,1015,0,0,0,0,0,0,0,0,0,0,0,0,0,0,0,0,0,0,0,0,0,0,0,0,0,0,0,0,0,0,0,0,0,0,0,0,0,0,0,0,0,0,0,0,0,0,0,0,0,0,0,0,0,0,0,0,0,0,0,0,0,0,0,0,0,5,2,4,4294967295,4,3,4,3,35,2
417,0,69,69,1,64,0,64,0,64,0,68,2176,1337,839,839,0,4,1333,0,9,9,68,1501,1433,4,0,0,9,13,0,1048576,0,0,0,inf,0.992242873,1.09874272,inf,0,0,0,0,0,0,0,0,0,0,0,0,0,0,0,0,0,0,0,0,0,0,0,0,0,0,0,0,0,0,0,0,0,0,0,0,0,0,0,0,0,0,0,0,0,0,0,0,0,0,0,0,0,0,0,0,0,0,0,0,0,0,0,0,0,0,0,0,0,0,0,0,0,0,0,0,0,0,0,0,0,0,0,0,0,0,0,0,0,4294967295,4294967295,4294967295,4294967295,4294967295,4294967295,4294967295,4294967295,4294967295,4294967295
418,0.899999976,69,69,1,64,6,58,3,58,3,65,2176,1000,1176,1176,0,53,947,0,43,30,68,594,1096,53,0,767,10,13,0,1048576,0,0,0,inf,0.918924093,1.13851547,1.01439834,0,0,0,0,0,0,0,0,0,0,0,0,0,0,0,0,0,0,0,0,0,0,0,767,0,0,0,0,0,0,0,0,0,0,0,0,0,0,0,0,0,0,0,0,0,0,0,0,0,0,0,0,0,0,0,0,0,0,0,0,0,0,0,0,0,0,0,0,0,0,0,0,0,0,0,0,0,0,0,0,0,0,0,0,0,0,0,0,0,6,19,21,14,24,3,6,13,4294967295,19
419,0.800000012,69,69,1,64,8,56,4,56,4,64,2176,1467,709,709,0,112,1355,0,58,44,68,645,1563,112,0,447,10,13,0,1048576,0,0,0,inf,0.987211347,1.09669495,1.03409505,0,0,0,0,0,0,0,0,0,0,0,0,0,0,0,0,0,0,0,0,0,0,0,447,0,0,0,0,0,0,0,0,0,0,0,0,0,0,0,0,0,0,0,0,0,0,0,0,0,0,0,0,0,0,0,0,0,0,0,0,0,0,0,0,0,0,0,0,0,0,0,0,0,0,0,0,0,0,0,0,0,0,0,0,0,0,0,0,0,17,29,5,33,25,34,4294967295,6,34,4294967295
420,1,69,69,2,64,64,0,0,0,67,1,2176,1247,929,929,0,1197,50,0,121,63,68,259,1343,1197,0,1023,10,13,0,1048576,0,0,0,inf,inf,1.02062058,0.933362365,0,0,0,0,0,0,0,0,0,0,0,0,0,0,0,0,0,0,0,0,0,0,0,1023,0,0,0,0,0,0,0,0,0,0,0,0,0,0,0,0,0,0,0,0,0,0,0,0,0,0,0,0,0,0,0,0,0,0,0,0,0,0,0,0,0,0,0,0,0,0,0,0,0,0,0,0,0,0,0,0,0,0,0,0,0,0,0,0,0,8,9,12,9,16,37,2,23,11,27
421,0,69,69,1,64,0,64,0,64,0,68,2176,1362,814,814,0,1,1361,0,16,13,68,1525,1458,1,0,0,10,13,0,1048576,0,0,0,inf,0.985055387,1.09764361,1.54620051,0,0,0,0,0,0,0,0,0,0,0,0,0,0,0,0,0,0,0,0,0,0,0,0,0,0,0,0,0,0,0,0,0,0,0,0,0,0,0,0,0,0,0,0,0,0,0,0,0,0,0,0,0,0,0,0,0,0,0,0,0,0,0,0,0,0,0,0,0,0,0,0,0,0,0,0,0,0,0,0,0,0,0,0,0,0,0,0,0,4294967295,4294967295,4294967295,4294967295,4294967295,4294967295,4294967295,4294967295,4294967295,4294967295
422,1,69,69,2,64,64,0,0,0,67,1,2176,1148,1028,1028,0,1072,76,0,93,54,68,239,1244,1072,0,1023,10,13,0,1048576,0,0,0,inf,inf,0.952378929,0.814531624,0,0,0,0,0,0,0,0,0,0,0,0,0,0,0,0,0,0,0,0,0,0,0,1023,0,0,0,0,0,0,0,0,0,0,0,0,0,0,0,0,0,0,0,0,0,0,0,0,0,0,0,0,0,0,0,0,0,0,0,0,0,0,0,0,0,0,0,0,0,0,0,0,0,0,0,0,0,0,0,0,0,0,0,0,0,0,0,0,0,7,5,5,4,6,28,6,5,5,6
423,0,69,69,1,64,0,64,0,64,0,68,2176,1177,999,999,0,0,1177,0,10,10,68,1339,1273,0,0,0,10,13,0,1048576,0,0,0,inf,0.95297426,1.1418159,1.56776667,0,0,0,0,0,0,0,0,0,0,0,0,0,0,0,0,0,0,0,0,0,0,0,0,0,0,0,0,0,0,0,0,0,0,0,0,0,0,0,0,0,0,0,0,0,0,0,0,0,0,0,0,0,0,0,0,0,0,0,0,0,0,0,0,0,0,0,0,0,0,0,0,0,0,0,0,0,0,0,0,0,0,0,0,0,0,0,0,0,4294967295,4294967295,4294967295,4294967295,4294967295,4294967295,4294967295,4294967295,4294967295,4294967295
424,0.100000001,69,69,1,64,0,64,0,64,0,68,2176,1163,1013,1013,0,1,1162,0,11,11,68,1327,1259,1,0,1,10,13,0,1048576,0,0,0,inf,0.899183095,0.996608973,1.536273,0,0,0,0,0,0,0,0,0,0,0,0,0,0,0,0,0,0,0,0,0,0,0,1,0,0,0,0,0,0,0,0,0,0,0,0,0,0,0,0,0,0,0,0,0,0,0,0,0,0,0,0,0,0,0,0,0,0,0,0,0,0,0,0,0,0,0,0,0,0,0,0,0,0,0,0,0,0,0,0,0,0,0,0,0,0,0,0,0,41,4294967295,4294967295,4294967295,4294967295,4294967295,4294967295,4294967295,4294967295,4294967295
425,1,68,69,3,64,64,0,0,0,67,0,2144,1031,1113,1113,0,991,40,0,113,51,67,251,1127,991,0,1023,10,13,0,1048576,0,0,0,inf,inf,0.867069066,0.762186408,0,0,0,0,0,0,0,0,0,0,0,0,0,0,0,0,0,0,0,0,0,0,0,1023,0,0,0,0,0,0,0,0,0,0,0,0,0,0,0,0,0,0,0,0,0,0,0,0,0,0,0,0,0,0,0,0,0,0,0,0,0,0,0,0,0,0,0,0,0,0,0,0,0,0,0,0,0,0,0,0,0,0,0,0,0,0,0,0,0,3,2,3,14,4,6,3,4,8,4
426,1,65,69,3,64,64,0,0,0,64,0,2048,1033,1015,1015,0,999,34,0,68,27,64,202,1129,999,0,1023,10,13,0,1048576,0,0,0,inf,inf,0.802933812,0.670999467,0,0,0,0,0,0,0,0,0,0,0,0,0,0,0,0,0,0,0,0,0,0,0,1023,0,0,0,0,0,0,0,0,0,0,0,0,0,0,0,0,0,0,0,0,0,0,0,0,0,0,0,0,0,0,0,0,0,0,0,0,0,0,0,0,0,0,0,0,0,0,0,0,0,0,0,0,0,0,0,0,0,0,0,0,0,0,0,0,0,0,0,0,0,0,1,1,1,7,0
427,0.800000012,69,69,1,64,3,61,2,61,1,67,2176,1167,1009,1009,0,49,1118,0,48,35,68,665,1263,49,0,751,10,13,0,1048576,0,0,0,inf,0.952745199,1.07232881,1.04772317,0,0,0,0,0,0,0,0,0,0,0,0,0,0,0,0,0,0,0,0,0,0,0,751,0,0,0,0,0,0,0,0,0,0,0,0,0,0,0,0,0,0,0,0,0,0,0,0,0,0,0,0,0,0,0,0,0,0,0,0,0,0,0,0,0,0,0,0,0,0,0,0,0,0,0,0,0,0,0,0,0,0,0,0,0,0,0,0,0,3,18,14,1,4294967295,11,29,33,4294967295,33
428,0,69,69,1,64,0,64,0,64,0,68,2176,1287,889,889,0,2,1285,0,17,16,68,1450,1383,2,0,0,10,13,0,1048576,0,0,0,inf,0.926262379,1.02896714,1.54759121,0,0,0,0,0,0,0,0,0,0,0,0,0,0,0,0,0,0,0,0,0,0,0,0,0,0,0,0,0,0,0,0,0,0,0,0,0,0,0,0,0,0,0,0,0,0,0,0,0,0,0,0,0,0,0,0,0,0,0,0,0,0,0,0,0,0,0,0,0,0,0,0,0,0,0,0,0,0,0,0,0,0,0,0,0,0,0,0,0,4294967295,4294967295,4294967295,4294967295,4294967295,4294967295,4294967295,4294967295,4294967295,4294967295
429,1,68,69,3,64,64,0,0,0,65,2,2144,1088,1056,1056,0,1029,59,0,87,42,67,224,1184,1029,0,1023,10,13,0,1048576,0,0,0,inf,inf,0.935086608,0.745424628,0,0,0,0,0,0,0,0,0,0,0,0,0,0,0,0,0,0,0,0,0,0,0,1023,0,0,0,0,0,0,0,0,0,0,0,0,0,0,0,0,0,0,0,0,0,0,0,0,0,0,0,0,0,0,0,0,0,0,0,0,0,0,0,0,0,0,0,0,0,0,0,0,0,0,0,0,0,0,0,0,0,0,0,0,0,0,0,0,0,3,6,1,10,4,11,1,55,2,9
430,0.899999976,69,69,1,64,10,54,5,54,5,63,2176,1182,994,994,0,86,1096,0,47,33,68,544,1278,86,0,991,10,13,0,1048576,0,0,0,inf,0.903367281,1.03083801,0.955810726,0,0,0,0,0,0,0,0,0,0,0,0,0,0,0,0,0,0,0,0,0,0,0,991,0,0,0,0,0,0,0,0,0,0,0,0,0,0,0,0,0,0,0,0,0,0,0,0,0,0,0,0,0,0,0,0,0,0,0,0,0,0,0,0,0,0,0,0,0,0,0,0,0,0,0,0,0,0,0,0,0,0,0,0,0,0,0,0,0,9,4,9,1,8,4294967295,2,11,40,64
431,0.899999976,69,69,1,64,64,0,3,0,63,5,2176,1019,1157,1157,0,838,181,0,89,43,68,260,1115,838,0,895,10,13,0,1048576,0,0,0,inf,0.801979184,0.827735901,0.720575809,0,0,0,0,0,0,0,0,0,0,0,0,0,0,0,0,0,0,0,0,0,0,0,895,0,0,0,0,0,0,0,0,0,0,0,0,0,0,0,0,0,0,0,0,0,0,0,0,0,0,0,0,0,0,0,0,0,0,0,0,0,0,0,0,0,0,0,0,0,0,0,0,0,0,0,0,0,0,0,0,0,0,0,0,0,0,0,0,0,3,4,10,5,11,5,2,4294967295,6,48
432,0.899999976,69,69,1,64,64,0,1,0,65,3,2176,1349,827,827,0,1191,158,0,97,52,68,287,1445,1191,0,511,10,13,0,1048576,0,0,0,inf,0.905630231,0.905630231,0.834195733,0,0,0,0,0,0,0,0,0,0,0,0,0,0,0,0,0,0,0,0,0,0,0,511,0,0,0,0,0,0,0,0,0,0,0,0,0,0,0,0,0,0,0,0,0,0,0,0,0,0,0,0,0,0,0,0,0,0,0,0,0,0,0,0,0,0,0,0,0,0,0,0,0,0,0,0,0,0,0,0,0,0,0,0,0,0,0,0,0,6,4,30,29,4,39,4,3,15,4294967295
433,0.899999976,69,69,1,64,3,61,3,61,0,68,2176,1133,1043,1043,0,43,1090,0,25,23,68,737,1229,43,0,959,10,13,0,1048576,0,0,0,inf,0.88403362,1.01952362,1.03201807,0,0,0,0,0,0,0,0,0,0,0,0,0,0,0,0,0,0,0,0,0,0,0,959,0,0,0,0,0,0,0,0,0,0,0,0,0,0,0,0,0,0,0,0,0,0,0,0,0,0,0,0,0,0,0,0,0,0,0,0,0,0,0,0,0,0,0,0,0,0,0,0,0,0,0,0,0,0,0,0,0,0,0,0,0,0,0,0,0,67,6,30,6,16,0,4294967295,23,0,21
434,0.800000012,69,69,1,64,2,62,2,62,0,68,2176,1272,904,904,0,13,1259,0,28,25,68,1364,1368,13,0,894,10,13,0,1048576,0,0,0,inf,0.895265341,0.966487229,1.15722299,0,0,0,0,0,0,0,0,0,0,0,0,0,0,0,0,0,0,0,0,0,0,0,894,0,0,0,0,0,0,0,0,0,0,0,0,0,0,0,0,0,0,0,0,0,0,0,0,0,0,0,0,0,0,0,0,0,0,0,0,0,0,0,0,0,0,0,0,0,0,0,0,0,0,0,0,0,0,0,0,0,0,0,0,0,0,0,0,0,4294967295,10,17,17,17,10,17,4294967295,32,56
435,1,69,69,1,64,63,1,4,1,60,8,2176,1285,891,891,0,1087,198,0,105,54,68,249,1381,1087,0,1023,10,13,0,1048576,0,0,0,inf,0.876621962,0.895063519,0.784426391,0,0,0,0,0,0,0,0,0,0,0,0,0,0,0,0,0,0,0,0,0,0,0,1023,0,0,0,0,0,0,0,0,0,0,0,0,0,0,0,0,0,0,0,0,0,0,0,0,0,0,0,0,0,0,0,0,0,0,0,0,0,0,0,0,0,0,0,0,0,0,0,0,0,0,0,0,0,0,0,0,0,0,0,0,0,0,0,0,0,19,7,14,16,15,14,3,8,6,12
436,1,69,69,1,64,64,0,2,0,65,3,2176,1604,572,572,0,1458,146,0,109,55,68,254,1700,1458,0,1023,10,13,0,1048576,0,0,0,inf,0.901363254,0.903098643,0.81259656,0,0,0,0,0,0,0,0,0,0,0,0,0,0,0,0,0,0,0,0,0,0,0,1023,0,0,0,0,0,0,0,0,0,0,0,0,0,0,0,0,0,0,0,0,0,0,0,0,0,0,0,0,0,0,0,0,0,0,0,0,0,0,0,0,0,0,0,0,0,0,0,0,0,0,0,0,0,0,0,0,0,0,0,0,0,0,0,0,0,13,62,12,38,38,11,15,13,8,20
437,0.200000003,69,69,1,64,1,63,1,63,0,68,2176,1319,857,857,0,12,1307,0,14,12,68,1471,1415,12,0,65,10,13,0,1048576,0,0,0,inf,0.844418585,0.910407543,1.19604218,0,0,0,0,0,0,0,0,0,0,0,0,0,0,0,0,0,0,0,0,0,0,0,65,0,0,0,0,0,0,0,0,0,0,0,0,0,0,0,0,0,0,0,0,0,0,0,0,0,0,0,0,0,0,0,0,0,0,0,0,0,0,0,0,0,0,0,0,0,0,0,0,0,0,0,0,0,0,0,0,0,0,0,0,0,0,0,0,0,11,4294967295,4294967295,4294967295,4294967295,4294967295,12,4294967295,4294967295,4294967295
438,0.100000001,69,69,1,64,0,64,0,64,0,68,2176,1441,735,735,0,4,1437,0,9,9,68,1605,1537,4,0,256,9,13,0,1048576,0,0,0,inf,1.00955439,1.14985609,inf,0,0,0,0,0,0,0,0,0,0,0,0,0,0,0,0,0,0,0,0,0,0,0,256,0,0,0,0,0,0,0,0,0,0,0,0,0,0,0,0,0,0,0,0,0,0,0,0,0,0,0,0,0,0,0,0,0,0,0,0,0,0,0,0,0,0,0,0,0,0,0,0,0,0,0,0,0,0,0,0,0,0,0,0,0,0,0,0,0,4294967295,4294967295,4294967295,4294967295,4294967295,4294967295,4294967295,4294967295,34,4294967295
439,1,69,69,1,64,25,39,7,39,18,50,2176,1329,847,847,0,286,1043,0,52,37,68,358,1425,286,0,1023,10,13,0,1048576,0,0,0,inf,0.876233339,0.955657959,0.833807468,0,0,0,0,0,0,0,0,0,0,0,0,0,0,0,0,0,0,0,0,0,0,0,1023,0,0,0,0,0,0,0,0,0,0,0,0,0,0,0,0,0,0,0,0,0,0,0,0,0,0,0,0,0,0,0,0,0,0,0,0,0,0,0,0,0,0,0,0,0,0,0,0,0,0,0,0,0,0,0,0,0,0,0,0,0,0,0,0,0,1,16,15,5,17,5,5,2,2,24
440,0.5,69,69,1,64,0,64,0,64,0,68,2176,1322,854,854,0,9,1313,0,24,22,68,1485,1418,9,0,285,10,13,0,1048576,0,0,0,inf,0.860349953,0.976857543,1.3947835,0,0,0,0,0,0,0,0,0,0,0,0,0,0,0,0,0,0,0,0,0,0,0,285,0,0,0,0,0,0,0,0,0,0,0,0,0,0,0,0,0,0,0,0,0,0,0,0,0,0,0,0,0,0,0,0,0,0,0,0,0,0,0,0,0,0,0,0,0,0,0,0,0,0,0,0,0,0,0,0,0,0,0,0,0,0,0,0,0,21,4294967295,21,21,60,4294967295,4294967295,4294967295,21,4294967295
441,1,69,69,1,64,64,0,5,0,60,8,2176,1314,862,862,0,1107,207,0,106,52,68,252,1410,1107,0,1023,10,13,0,1048576,0,0,0,inf,0.911719918,0.912930787,0.805825472,0,0,0,0,0,0,0,0,0,0,0,0,0,0,0,0,0,0,0,0,0,0,0,1023,0,0,0,0,0,0,0,0,0,0,0,0,0,0,0,0,0,0,0,0,0,0,0,0,0,0,0,0,0,0,0,0,0,0,0,0,0,0,0,0,0,0,0,0,0,0,0,0,0,0,0,0,0,0,0,0,0,0,0,0,0,0,0,0,0,19,14,14,3,12,17,12,13,5,62
442,0.100000001,69,69,1,64,1,63,1,63,0,68,2176,1130,1046,1046,0,1,1129,0,8,8,68,1294,1226,1,0,1,8,13,0,1048576,0,0,0,inf,0.809841037,0.915619373,inf,0,0,0,0,0,0,0,0,0,0,0,0,0,0,0,0,0,0,0,0,0,0,0,1,0,0,0,0,0,0,0,0,0,0,0,0,0,0,0,0,0,0,0,0,0,0,0,0,0,0,0,0,0,0,0,0,0,0,0,0,0,0,0,0,0,0,0,0,0,0,0,0,0,0,0,0,0,0,0,0,0,0,0,0,0,0,0,0,0,45,4294967295,4294967295,4294967295,4294967295,4294967295,4294967295,4294967295,4294967295,4294967295
443,0.600000024,69,69,1,64,6,58,4,58,2,66,2176,1127,1049,1049,0,78,1049,0,53,39,68,582,1223,78,0,870,10,13,0,1048576,0,0,0,inf,0.90989244,1.00326669,0.976760864,0,0,0,0,0,0,0,0,0,0,0,0,0,0,0,0,0,0,0,0,0,0,0,870,0,0,0,0,0,0,0,0,0,0,0,0,0,0,0,0,0,0,0,0,0,0,0,0,0,0,0,0,0,0,0,0,0,0,0,0,0,0,0,0,0,0,0,0,0,0,0,0,0,0,0,0,0,0,0,0,0,0,0,0,0,0,0,0,0,4294967295,2,1,4294967295,4294967295,23,55,4294967295,57,32
444,0.200000003,69,69,1,64,0,64,0,64,0,68,2176,1110,1066,1066,0,2,1108,0,17,15,68,1271,1206,2,0,528,10,13,0,1048576,0,0,0,inf,0.907169878,1.02803588,1.49031448,0,0,0,0,0,0,0,0,0,0,0,0,0,0,0,0,0,0,0,0,0,0,0,528,0,0,0,0,0,0,0,0,0,0,0,0,0,0,0,0,0,0,0,0,0,0,0,0,0,0,0,0,0,0,0,0,0,0,0,0,0,0,0,0,0,0,0,0,0,0,0,0,0,0,0,0,0,0,0,0,0,0,0,0,0,0,0,0,0,4294967295,4294967295,4294967295,4294967295,9,4294967295,4294967295,4294967295,4294967295,32
445,1,69,69,1,64,64,0,1,0,66,2,2176,1406,770,770,0,1323,83,0,102,51,68,241,1502,1323,0,1023,10,13,0,1048576,0,0,0,inf,0.95318222,0.95318222,0.850699544,0,0,0,0,0,0,0,0,0,0,0,0,0,0,0,0,0,0,0,0,0,0,0,1023,0,0,0,0,0,0,0,0,0,0,0,0,0,0,0,0,0,0,0,0,0,0,0,0,0,0,0,0,0,0,0,0,0,0,0,0,0,0,0,0,0,0,0,0,0,0,0,0,0,0,0,0,0,0,0,0,0,0,0,0,0,0,0,0,0,5,3,3,6,2,7,11,11,4,27
446,0.899999976,69,69,1,64,18,46,9,46,9,59,2176,1159,1017,1017,0,131,1028,0,51,37,68,496,1255,131,0,1007,10,13,0,1048576,0,0,0,inf,0.87042737,0.939895928,0.873665154,0,0,0,0,0,0,0,0,0,0,0,0,0,0,0,0,0,0,0,0,0,0,0,1007,0,0,0,0,0,0,0,0,0,0,0,0,0,0,0,0,0,0,0,0,0,0,0,0,0,0,0,0,0,0,0,0,0,0,0,0,0,0,0,0,0,0,0,0,0,0,0,0,0,0,0,0,0,0,0,0,0,0,0,0,0,0,0,0,0,38,13,2,27,4294967295,3,7,3,41,24
447,1,69,69,1,64,14,50,10,50,4,64,2176,1116,1060,1060,0,132,984,0,47,34,68,551,1212,132,0,1023,10,13,0,1048576,0,0,0,inf,0.838387132,0.990570664,0.871668398,0,0,0,0,0,0,0,0,0,0,0,0,0,0,0,0,0,0,0,0,0,0,0,1023,0,0,0,0,0,0,0,0,0,0,0,0,0,0,0,0,0,0,0,0,0,0,0,0,0,0,0,0,0,0,0,0,0,0,0,0,0,0,0,0,0,0,0,0,0,0,0,0,0,0,0,0,0,0,0,0,0,0,0,0,0,0,0,0,0,5,11,12,12,17,38,15,12,40,11
448,0.100000001,69,69,1,64,0,64,0,64,0,68,2176,1078,1098,1098,0,1,1077,0,10,10,68,1242,1174,1,0,1,10,13,0,1048576,0,0,0,inf,0.896178722,1.06254625,1.55316234,0,0,0,0,0,0,0,0,0,0,0,0,0,0,0,0,0,0,0,0,0,0,0,1,0,0,0,0,0,0,0,0,0,0,0,0,0,0,0,0,0,0,0,0,0,0,0,0,0,0,0,0,0,0,0,0,0,0,0,0,0,0,0,0,0,0,0,0,0,0,0,0,0,0,0,0,0,0,0,0,0,0,0,0,0,0,0,0,0,48,4294967295,4294967295,4294967295,4294967295,4294967295,4294967295,4294967295,4294967295,4294967295
449,0,69,69,1,64,0,64,0,64,0,68,2176,625,1551,1551,0,0,625,0,9,9,68,789,721,0,0,0,9,13,0,1048576,0,0,0,inf,0.679375708,0.850322962,inf,0,0,0,0,0,0,0,0,0,0,0,0,0,0,0,0,0,0,0,0,0,0,0,0,0,0,0,0,0,0,0,0,0,0,0,0,0,0,0,0,0,0,0,0,0,0,0,0,0,0,0,0,0,0,0,0,0,0,0,0,0,0,0,0,0,0,0,0,0,0,0,0,0,0,0,0,0,0,0,0,0,0,0,0,0,0,0,0,0,4294967295,4294967295,4294967295,4294967295,4294967295,4294967295,4294967295,4294967295,4294967295,4294967295
450,0.800000012,69,69,1,64,4,60,3,60,2,66,2176,990,1186,1186,0,66,924,0,49,33,68,586,1086,66,0,1011,10,13,0,1048576,0,0,0,inf,0.784460783,0.953674674,0.889862537,0,0,0,0,0,0,0,0,0,0,0,0,0,0,0,0,0,0,0,0,0,0,0,1011,0,0,0,0,0,0,0,0,0,0,0,0,0,0,0,0,0,0,0,0,0,0,0,0,0,0,0,0,0,0,0,0,0,0,0,0,0,0,0,0,0,0,0,0,0,0,0,0,0,0,0,0,0,0,0,0,0,0,0,0,0,0,0,0,0,2,5,4294967295,4294967295,5,1,33,3,13,55
451,1,67,69,3,64,64,0,0,0,65,1,2112,1087,1025,1025,0,1032,55,0,95,44,66,232,1183,1032,0,1023,10,13,0,1048576,0,0,0,inf,inf,0.86547184,0.767081976,0,0,0,0,0,0,0,0,0,0,0,0,0,0,0,0,0,0,0,0,0,0,0,1023,0,0,0,0,0,0,0,0,0,0,0,0,0,0,0,0,0,0,0,0,0,0,0,0,0,0,0,0,0,0,0,0,0,0,0,0,0,0,0,0,0,0,0,0,0,0,0,0,0,0,0,0,0,0,0,0,0,0,0,0,0,0,0,0,0,2,3,2,4,3,2,3,5,4,3
452,0,69,69,1,64,0,64,0,64,0,68,2176,1101,1075,1075,0,1,1100,0,10,10,68,1265,1197,1,0,0,10,13,0,1048576,0,0,0,inf,0.854867101,0.980466127,1.51015592,0,0,0,0,0,0,0,0,0,0,0,0,0,0,0,0,0,0,0,0,0,0,0,0,0,0,0,0,0,0,0,0,0,0,0,0,0,0,0,0,0,0,0,0,0,0,0,0,0,0,0,0,0,0,0,0,0,0,0,0,0,0,0,0,0,0,0,0,0,0,0,0,0,0,0,0,0,0,0,0,0,0,0,0,0,0,0,0,0,4294967295,4294967295,4294967295,4294967295,4294967295,4294967295,4294967295,4294967295,4294967295,4294967295
453,0,69,69,1,64,0,64,0,64,0,68,2176,1075,1101,1101,0,0,1075,0,10,10,68,1239,1171,0,0,0,10,13,0,1048576,0,0,0,inf,0.75464797,0.844649851,1.52331436,0,0,0,0,0,0,0,0,0,0,0,0,0,0,0,0,0,0,0,0,0,0,0,0,0,0,0,0,0,0,0,0,0,0,0,0,0,0,0,0,0,0,0,0,0,0,0,0,0,0,0,0,0,0,0,0,0,0,0,0,0,0,0,0,0,0,0,0,0,0,0,0,0,0,0,0,0,0,0,0,0,0,0,0,0,0,0,0,0,4294967295,4294967295,4294967295,4294967295,4294967295,4294967295,4294967295,4294967295,4294967295,4294967295
454,0,69,69,1,64,0,64,0,64,0,68,2176,1282,894,894,0,0,1282,0,0,0,68,1446,1378,0,0,0,0,13,0,1048576,0,0,0,inf,0.876562536,0.916857839,inf,0,0,0,0,0,0,0,0,0,0,0,0,0,0,0,0,0,0,0,0,0,0,0,0,0,0,0,0,0,0,0,0,0,0,0,0,0,0,0,0,0,0,0,0,0,0,0,0,0,0,0,0,0,0,0,0,0,0,0,0,0,0,0,0,0,0,0,0,0,0,0,0,0,0,0,0,0,0,0,0,0,0,0,0,0,0,0,0,0,4294967295,4294967295,4294967295,4294967295,4294967295,4294967295,4294967295,4294967295,4294967295,4294967295
455,0.100000001,69,69,1,64,0,64,0,64,0,68,2176,1167,1009,1009,0,2,1165,0,17,14,68,1330,1263,2,0,32,10,13,0,1048576,0,0,0,inf,0.954631805,1.05639911,1.49797547,0,0,0,0,0,0,0,0,0,0,0,0,0,0,0,0,0,0,0,0,0,0,0,32,0,0,0,0,0,0,0,0,0,0,0,0,0,0,0,0,0,0,0,0,0,0,0,0,0,0,0,0,0,0,0,0,0,0,0,0,0,0,0,0,0,0,0,0,0,0,0,0,0,0,0,0,0,0,0,0,0,0,0,0,0,0,0,0,0,4294967295,4294967295,4294967295,4294967295,4294967295,10,4294967295,4294967295,4294967295,4294967295
456,0,69,69,1,64,0,64,0,64,0,68,2176,1017,1159,1159,0,0,1017,0,10,10,68,1181,1113,0,0,0,10,13,0,1048576,0,0,0,inf,0.903666377,1.01191473,1.54253209,0,0,0,0,0,0,0,0,0,0,0,0,0,0,0,0,0,0,0,0,0,0,0,0,0,0,0,0,0,0,0,0,0,0,0,0,0,0,0,0,0,0,0,0,0,0,0,0,0,0,0,0,0,0,0,0,0,0,0,0,0,0,0,0,0,0,0,0,0,0,0,0,0,0,0,0,0,0,0,0,0,0,0,0,0,0,0,0,0,4294967295,4294967295,4294967295,4294967295,4294967295,4294967295,4294967295,4294967295,4294967295,4294967295
457,1,67,69,3,64,64,0,0,0,66,0,2112,1005,1107,1107,0,955,50,0,100,48,66,237,1101,955,0,1023,10,13,0,1048576,0,0,0,inf,inf,0.87651813,0.769273281,0,0,0,0,0,0,0,0,0,0,0,0,0,0,0,0,0,0,0,0,0,0,0,1023,0,0,0,0,0,0,0,0,0,0,0,0,0,0,0,0,0,0,0,0,0,0,0,0,0,0,0,0,0,0,0,0,0,0,0,0,0,0,0,0,0,0,0,0,0,0,0,0,0,0,0,0,0,0,0,0,0,0,0,0,0,0,0,0,0,3,14,2,2,4,6,4,4,2,8
458,0.100000001,69,69,1,64,0,64,0,64,0,68,2176,999,1177,1177,0,1,998,0,2,2,68,1163,1095,1,0,1,2,13,0,1048576,0,0,0,inf,0.930959821,1.08406878,inf,0,0,0,0,0,0,0,0,0,0,0,0,0,0,0,0,0,0,0,0,0,0,0,1,0,0,0,0,0,0,0,0,0,0,0,0,0,0,0,0,0,0,0,0,0,0,0,0,0,0,0,0,0,0,0,0,0,0,0,0,0,0,0,0,0,0,0,0,0,0,0,0,0,0,0,0,0,0,0,0,0,0,0,0,0,0,0,0,0,37,4294967295,4294967295,4294967295,4294967295,4294967295,4294967295,4294967295,4294967295,4294967295
459,1,67,69,3,64,64,0,0,0,65,1,2112,990,1122,1122,0,932,58,0,93,45,66,230,1086,932,0,1023,10,13,0,1048576,0,0,0,inf,inf,0.928101957,0.792513549,0,0,0,0,0,0,0,0,0,0,0,0,0,0,0,0,0,0,0,0,0,0,0,1023,0,0,0,0,0,0,0,0,0,0,0,0,0,0,0,0,0,0,0,0,0,0,0,0,0,0,0,0,0,0,0,0,0,0,0,0,0,0,0,0,0,0,0,0,0,0,0,0,0,0,0,0,0,0,0,0,0,0,0,0,0,0,0,0,0,2,2,7,4,3,7,2,3,3,2
460,0.800000012,69,69,1,64,2,62,1,62,1,67,2176,966,1210,1210,0,52,914,0,36,32,68,933,1062,52,0,831,10,13,0,1048576,0,0,0,inf,0.974412262,1.12496424,1.15863645,0,0,0,0,0,0,0,0,0,0,0,0,0,0,0,0,0,0,0,0,0,0,0,831,0,0,0,0,0,0,0,0,0,0,0,0,0,0,0,0,0,0,0,0,0,0,0,0,0,0,0,0,0,0,0,0,0,0,0,0,0,0,0,0,0,0,0,0,0,0,0,0,0,0,0,0,0,0,0,0,0,0,0,0,0,0,0,0,0,14,34,37,23,30,52,4294967295,4294967295,20,2
461,1,67,69,3,64,64,0,0,0,65,1,2112,1216,896,896,0,1144,72,0,86,41,66,224,1312,1144,0,1023,10,13,0,1048576,0,0,0,inf,inf,0.97496593,0.888447642,0,0,0,0,0,0,0,0,0,0,0,0,0,0,0,0,0,0,0,0,0,0,0,1023,0,0,0,0,0,0,0,0,0,0,0,0,0,0,0,0,0,0,0,0,0,0,0,0,0,0,0,0,0,0,0,0,0,0,0,0,0,0,0,0,0,0,0,0,0,0,0,0,0,0,0,0,0,0,0,0,0,0,0,0,0,0,0,0,0,3,9,0,4,1,2,10,3,7,15
462,0,69,69,1,64,0,64,0,64,0,68,2176,1130,1046,1046,0,0,1130,0,3,3,68,1294,1226,0,0,0,3,13,0,1048576,0,0,0,inf,0.866940856,0.946936667,inf,0,0,0,0,0,0,0,0,0,0,0,0,0,0,0,0,0,0,0,0,0,0,0,0,0,0,0,0,0,0,0,0,0,0,0,0,0,0,0,0,0,0,0,0,0,0,0,0,0,0,0,0,0,0,0,0,0,0,0,0,0,0,0,0,0,0,0,0,0,0,0,0,0,0,0,0,0,0,0,0,0,0,0,0,0,0,0,0,0,4294967295,4294967295,4294967295,4294967295,4294967295,4294967295,4294967295,4294967295,4294967295,4294967295
463,0.300000012,69,69,1,64,1,63,0,63,1,67,2176,1111,1065,1065,0,5,1106,0,14,14,68,1275,1207,5,0,19,10,13,0,1048576,0,0,0,inf,0.899493873,1.0125246,1.47016382,0,0,0,0,0,0,0,0,0,0,0,0,0,0,0,0,0,0,0,0,0,0,0,19,0,0,0,0,0,0,0,0,0,0,0,0,0,0,0,0,0,0,0,0,0,0,0,0,0,0,0,0,0,0,0,0,0,0,0,0,0,0,0,0,0,0,0,0,0,0,0,0,0,0,0,0,0,0,0,0,0,0,0,0,0,0,0,0,0,7,18,4294967295,4294967295,43,4294967295,4294967295,4294967295,4294967295,4294967295
464,0,69,69,1,64,0,64,0,64,0,68,2176,975,1201,1201,0,0,975,0,3,3,68,1139,1071,0,0,0,3,13,0,1048576,0,0,0,inf,0.799525499,1.03601265,inf,0,0,0,0,0,0,0,0,0,0,0,0,0,0,0,0,0,0,0,0,0,0,0,0,0,0,0,0,0,0,0,0,0,0,0,0,0,0,0,0,0,0,0,0,0,0,0,0,0,0,0,0,0,0,0,0,0,0,0,0,0,0,0,0,0,0,0,0,0,0,0,0,0,0,0,0,0,0,0,0,0,0,0,0,0,0,0,0,0,4294967295,4294967295,4294967295,4294967295,4294967295,4294967295,4294967295,4294967295,4294967295,4294967295
465,0.5,69,69,1,64,1,63,0,63,1,67,2176,1013,1163,1163,0,23,990,0,28,25,68,936,1109,23,0,31,10,13,0,1048576,0,0,0,inf,0.917631626,1.04709506,1.12974524,0,0,0,0,0,0,0,0,0,0,0,0,0,0,0,0,0,0,0,0,0,0,0,31,0,0,0,0,0,0,0,0,0,0,0,0,0,0,0,0,0,0,0,0,0,0,0,0,0,0,0,0,0,0,0,0,0,0,0,0,0,0,0,0,0,0,0,0,0,0,0,0,0,0,0,0,0,0,0,0,0,0,0,0,0,0,0,0,0,8,10,6,3,12,4294967295,4294967295,4294967295,4294967295,4294967295
466,1,68,69,3,64,64,0,0,0,66,1,2144,1173,971,971,0,1108,65,0,102,47,67,239,1269,1108,0,1023,10,13,0,1048576,0,0,0,inf,inf,0.894664288,0.808680177,0,0,0,0,0,0,0,0,0,0,0,0,0,0,0,0,0,0,0,0,0,0,0,1023,0,0,0,0,0,0,0,0,0,0,0,0,0,0,0,0,0,0,0,0,0,0,0,0,0,0,0,0,0,0,0,0,0,0,0,0,0,0,0,0,0,0,0,0,0,0,0,0,0,0,0,0,0,0,0,0,0,0,0,0,0,0,0,0,0,2,12,2,2,13,1,4,13,3,58
467,0.699999988,69,69,1,64,0,64,0,64,0,68,2176,1072,1104,1104,0,29,1043,0,26,26,68,884,1168,29,0,607,10,13,0,1048576,0,0,0,inf,0.872168958,1.04978788,1.0312531,0,0,0,0,0,0,0,0,0,0,0,0,0,0,0,0,0,0,0,0,0,0,0,607,0,0,0,0,0,0,0,0,0,0,0,0,0,0,0,0,0,0,0,0,0,0,0,0,0,0,0,0,0,0,0,0,0,0,0,0,0,0,0,0,0,0,0,0,0,0,0,0,0,0,0,0,0,0,0,0,0,0,0,0,0,0,0,0,0,5,26,0,26,8,4294967295,20,4294967295,4294967295,5
468,0,69,69,1,64,0,64,0,64,0,68,2176,1308,868,868,0,0,1308,0,1,1,68,1472,1404,0,0,0,1,13,0,1048576,0,0,0,inf,0.880508184,1.02164471,inf,0,0,0,0,0,0,0,0,0,0,0,0,0,0,0,0,0,0,0,0,0,0,0,0,0,0,0,0,0,0,0,0,0,0,0,0,0,0,0,0,0,0,0,0,0,0,0,0,0,0,0,0,0,0,0,0,0,0,0,0,0,0,0,0,0,0,0,0,0,0,0,0,0,0,0,0,0,0,0,0,0,0,0,0,0,0,0,0,0,4294967295,4294967295,4294967295,4294967295,4294967295,4294967295,4294967295,4294967295,4294967295,4294967295
469,0,69,69,1,64,0,64,0,64,0,68,2176,1087,1089,1089,0,0,1087,0,5,5,68,1251,1183,0,0,0,5,13,0,1048576,0,0,0,inf,0.862863064,0.97891891,inf,0,0,0,0,0,0,0,0,0,0,0,0,0,0,0,0,0,0,0,0,0,0,0,0,0,0,0,0,0,0,0,0,0,0,0,0,0,0,0,0,0,0,0,0,0,0,0,0,0,0,0,0,0,0,0,0,0,0,0,0,0,0,0,0,0,0,0,0,0,0,0,0,0,0,0,0,0,0,0,0,0,0,0,0,0,0,0,0,0,4294967295,4294967295,4294967295,4294967295,4294967295,4294967295,4294967295,4294967295,4294967295,4294967295
470,0,69,69,1,64,0,64,0,64,0,68,2176,1069,1107,1107,0,0,1069,0,3,3,68,1233,1165,0,0,0,3,13,0,1048576,0,0,0,inf,0.82772553,0.95615828,inf,0,0,0,0,0,0,0,0,0,0,0,0,0,0,0,0,0,0,0,0,0,0,0,0,0,0,0,0,0,0,0,0,0,0,0,0,0,0,0,0,0,0,0,0,0,0,0,0,0,0,0,0,0,0,0,0,0,0,0,0,0,0,0,0,0,0,0,0,0,0,0,0,0,0,0,0,0,0,0,0,0,0,0,0,0,0,0,0,0,4294967295,4294967295,4294967295,4294967295,4294967295,4294967295,4294967295,4294967295,4294967295,4294967295
471,0.200000003,69,69,1,64,0,64,0,64,0,68,2176,1088,1088,1088,0,2,1086,0,17,13,68,1252,1184,2,0,33,10,13,0,1048576,0,0,0,inf,0.781412601,0.849316478,1.50968337,0,0,0,0,0,0,0,0,0,0,0,0,0,0,0,0,0,0,0,0,0,0,0,33,0,0,0,0,0,0,0,0,0,0,0,0,0,0,0,0,0,0,0,0,0,0,0,0,0,0,0,0,0,0,0,0,0,0,0,0,0,0,0,0,0,0,0,0,0,0,0,0,0,0,0,0,0,0,0,0,0,0,0,0,0,0,0,0,0,22,4294967295,4294967295,4294967295,4294967295,52,4294967295,4294967295,4294967295,4294967295
472,0,69,69,1,64,0,64,0,64,0,68,2176,1068,1108,1108,0,0,1068,0,7,7,68,1232,1164,0,0,0,7,13,0,1048576,0,0,0,inf,0.84780395,0.991378725,inf,0,0,0,0,0,0,0,0,0,0,0,0,0,0,0,0,0,0,0,0,0,0,0,0,0,0,0,0,0,0,0,0,0,0,0,0,0,0,0,0,0,0,0,0,0,0,0,0,0,0,0,0,0,0,0,0,0,0,0,0,0,0,0,0,0,0,0,0,0,0,0,0,0,0,0,0,0,0,0,0,0,0,0,0,0,0,0,0,0,4294967295,4294967295,4294967295,4294967295,4294967295,4294967295,4294967295,4294967295,4294967295,4294967295
473,0,69,69,1,64,0,64,0,64,0,68,2176,974,1202,1202,0,0,974,0,10,10,68,1138,1070,0,0,0,10,13,0,1048576,0,0,0,inf,0.828210592,0.936063707,1.56428385,0,0,0,0,0,0,0,0,0,0,0,0,0,0,0,0,0,0,0,0,0,0,0,0,0,0,0,0,0,0,0,0,0,0,0,0,0,0,0,0,0,0,0,0,0,0,0,0,0,0,0,0,0,0,0,0,0,0,0,0,0,0,0,0,0,0,0,0,0,0,0,0,0,0,0,0,0,0,0,0,0,0,0,0,0,0,0,0,0,4294967295,4294967295,4294967295,4294967295,4294967295,4294967295,4294967295,4294967295,4294967295,4294967295
474,0,69,69,1,64,0,64,0,64,0,68,2176,1048,1128,1128,0,0,1048,0,10,10,68,1212,1144,0,0,0,10,13,0,1048576,0,0,0,inf,0.816458464,1.03395057,1.5272249,0,0,0,0,0,0,0,0,0,0,0,0,0,0,0,0,0,0,0,0,0,0,0,0,0,0,0,0,0,0,0,0,0,0,0,0,0,0,0,0,0,0,0,0,0,0,0,0,0,0,0,0,0,0,0,0,0,0,0,0,0,0,0,0,0,0,0,0,0,0,0,0,0,0,0,0,0,0,0,0,0,0,0,0,0,0,0,0,0,4294967295,4294967295,4294967295,4294967295,4294967295,4294967295,4294967295,4294967295,4294967295,4294967295
475,0.800000012,69,69,1,64,11,53,9,53,3,65,2176,1022,1154,1154,0,182,840,0,82,52,68,506,1118,182,0,510,10,13,0,1048576,0,0,0,inf,0.835264087,0.978401423,0.894190013,0,0,0,0,0,0,0,0,0,0,0,0,0,0,0,0,0,0,0,0,0,0,0,510,0,0,0,0,0,0,0,0,0,0,0,0,0,0,0,0,0,0,0,0,0,0,0,0,0,0,0,0,0,0,0,0,0,0,0,0,0,0,0,0,0,0,0,0,0,0,0,0,0,0,0,0,0,0,0,0,0,0,0,0,0,0,0,0,0,4294967295,25,20,4,11,25,28,20,55,4294967295
476,0.800000012,69,69,1,64,1,63,1,63,0,68,2176,1076,1100,1100,0,53,1023,0,41,31,68,735,1172,53,0,958,10,13,0,1048576,0,0,0,inf,0.870262265,1.02773738,1.01401031,0,0,0,0,0,0,0,0,0,0,0,0,0,0,0,0,0,0,0,0,0,0,0,958,0,0,0,0,0,0,0,0,0,0,0,0,0,0,0,0,0,0,0,0,0,0,0,0,0,0,0,0,0,0,0,0,0,0,0,0,0,0,0,0,0,0,0,0,0,0,0,0,0,0,0,0,0,0,0,0,0,0,0,0,0,0,0,0,0,4294967295,2,6,14,6,6,4294967295,6,2,15
477,0.5,69,69,1,64,0,64,0,64,0,68,2176,1048,1128,1128,0,27,1021,0,32,30,68,1154,1144,27,0,342,10,13,0,1048576,0,0,0,inf,0.890542805,1.01978922,1.13802052,0,0,0,0,0,0,0,0,0,0,0,0,0,0,0,0,0,0,0,0,0,0,0,342,0,0,0,0,0,0,0,0,0,0,0,0,0,0,0,0,0,0,0,0,0,0,0,0,0,0,0,0,0,0,0,0,0,0,0,0,0,0,0,0,0,0,0,0,0,0,0,0,0,0,0,0,0,0,0,0,0,0,0,0,0,0,0,0,0,4294967295,42,17,4294967295,57,4294967295,21,4294967295,54,4294967295
478,0.899999976,69,69,1,64,24,40,5,40,19,49,2176,1188,988,988,0,256,932,0,35,33,68,320,1284,256,0,511,10,13,0,1048576,0,0,0,inf,0.924129367,0.992222428,0.901378274,0,0,0,0,0,0,0,0,0,0,0,0,0,0,0,0,0,0,0,0,0,0,0,511,0,0,0,0,0,0,0,0,0,0,0,0,0,0,0,0,0,0,0,0,0,0,0,0,0,0,0,0,0,0,0,0,0,0,0,0,0,0,0,0,0,0,0,0,0,0,0,0,0,0,0,0,0,0,0,0,0,0,0,0,0,0,0,0,0,5,31,3,16,29,2,6,9,3,4294967295
479,0.200000003,69,69,1,64,0,64,0,64,0,68,2176,1201,975,975,0,29,1172,0,32,29,68,1240,1297,29,0,33,10,13,0,1048576,0,0,0,inf,0.960082591,1.08006358,1.20131898,0,0,0,0,0,0,0,0,0,0,0,0,0,0,0,0,0,0,0,0,0,0,0,33,0,0,0,0,0,0,0,0,0,0,0,0,0,0,0,0,0,0,0,0,0,0,0,0,0,0,0,0,0,0,0,0,0,0,0,0,0,0,0,0,0,0,0,0,0,0,0,0,0,0,0,0,0,0,0,0,0,0,0,0,0,0,0,0,0,14,4294967295,4294967295,4294967295,4294967295,16,4294967295,4294967295,4294967295,4294967295
480,0,69,69,1,64,0,64,0,64,0,68,2176,1350,826,826,0,2,1348,0,11,11,68,1514,1446,2,0,0,10,13,0,1048576,0,0,0,inf,0.950770319,1.05534256,1.55924773,0,0,0,0,0,0,0,0,0,0,0,0,0,0,0,0,0,0,0,0,0,0,0,0,0,0,0,0,0,0,0,0,0,0,0,0,0,0,0,0,0,0,0,0,0,0,0,0,0,0,0,0,0,0,0,0,0,0,0,0,0,0,0,0,0,0,0,0,0,0,0,0,0,0,0,0,0,0,0,0,0,0,0,0,0,0,0,0,0,4294967295,4294967295,4294967295,4294967295,4294967295,4294967295,4294967295,4294967295,4294967295,4294967295
481,0.400000006,69,69,1,64,0,64,0,64,0,68,2176,1094,1082,1082,0,6,1088,0,21,19,68,1258,1190,6,0,212,10,13,0,1048576,0,0,0,inf,0.931763172,1.00797749,1.48329997,0,0,0,0,0,0,0,0,0,0,0,0,0,0,0,0,0,0,0,0,0,0,0,212,0,0,0,0,0,0,0,0,0,0,0,0,0,0,0,0,0,0,0,0,0,0,0,0,0,0,0,0,0,0,0,0,0,0,0,0,0,0,0,0,0,0,0,0,0,0,0,0,0,0,0,0,0,0,0,0,0,0,0,0,0,0,0,0,0,4294967295,4294967295,66,4294967295,37,4294967295,50,50,4294967295,4294967295
482,1,66,69,3,64,64,0,0,0,65,0,2080,1272,808,808,0,1257,15,0,100,50,65,235,1368,1257,0,1023,10,13,0,1048576,0,0,0,inf,inf,0.905814767,0.82293725,0,0,0,0,0,0,0,0,0,0,0,0,0,0,0,0,0,0,0,0,0,0,0,1023,0,0,0,0,0,0,0,0,0,0,0,0,0,0,0,0,0,0,0,0,0,0,0,0,0,0,0,0,0,0,0,0,0,0,0,0,0,0,0,0,0,0,0,0,0,0,0,0,0,0,0,0,0,0,0,0,0,0,0,0,0,0,0,0,0,5,6,4,4,4,6,6,59,18,7
483,0,69,69,1,64,0,64,0,64,0,68,2176,1187,989,989,0,0,1187,0,7,7,68,1351,1283,0,0,0,7,13,0,1048576,0,0,0,inf,0.857671201,0.964401484,inf,0,0,0,0,0,0,0,0,0,0,0,0,0,0,0,0,0,0,0,0,0,0,0,0,0,0,0,0,0,0,0,0,0,0,0,0,0,0,0,0,0,0,0,0,0,0,0,0,0,0,0,0,0,0,0,0,0,0,0,0,0,0,0,0,0,0,0,0,0,0,0,0,0,0,0,0,0,0,0,0,0,0,0,0,0,0,0,0,0,4294967295,4294967295,4294967295,4294967295,4294967295,4294967295,4294967295,4294967295,4294967295,4294967295
484,0.899999976,69,69,1,64,4,60,2,60,2,66,2176,1071,1105,1105,0,60,1011,0,48,32,68,674,1167,60,0,959,10,13,0,1048576,0,0,0,inf,0.867812037,1.04558611,0.974672198,0,0,0,0,0,0,0,0,0,0,0,0,0,0,0,0,0,0,0,0,0,0,0,959,0,0,0,0,0,0,0,0,0,0,0,0,0,0,0,0,0,0,0,0,0,0,0,0,0,0,0,0,0,0,0,0,0,0,0,0,0,0,0,0,0,0,0,0,0,0,0,0,0,0,0,0,0,0,0,0,0,0,0,0,0,0,0,0,0,9,8,9,9,42,21,4294967295,5,21,56
485,0.699999988,69,69,1,64,3,61,2,61,1,67,2176,1063,1113,1113,0,66,997,0,53,41,68,798,1159,66,0,998,10,13,0,1048576,0,0,0,inf,0.978346705,1.10432327,1.1047982,0,0,0,0,0,0,0,0,0,0,0,0,0,0,0,0,0,0,0,0,0,0,0,998,0,0,0,0,0,0,0,0,0,0,0,0,0,0,0,0,0,0,0,0,0,0,0,0,0,0,0,0,0,0,0,0,0,0,0,0,0,0,0,0,0,0,0,0,0,0,0,0,0,0,0,0,0,0,0,0,0,0,0,0,0,0,0,0,0,4294967295,6,8,4294967295,4294967295,12,35,60,23,56
486,1,66,69,3,64,64,0,0,0,65,0,2080,1119,961,961,0,1075,44,0,98,42,65,233,1215,1075,0,1023,10,13,0,1048576,0,0,0,inf,inf,0.94134891,0.835616231,0,0,0,0,0,0,0,0,0,0,0,0,0,0,0,0,0,0,0,0,0,0,0,1023,0,0,0,0,0,0,0,0,0,0,0,0,0,0,0,0,0,0,0,0,0,0,0,0,0,0,0,0,0,0,0,0,0,0,0,0,0,0,0,0,0,0,0,0,0,0,0,0,0,0,0,0,0,0,0,0,0,0,0,0,0,0,0,0,0,2,1,39,2,3,6,4,3,3,2
487,1,69,69,2,64,64,0,0,0,65,3,2176,1185,991,991,0,1126,59,0,94,46,68,234,1281,1126,0,1023,10,13,0,1048576,0,0,0,inf,inf,0.985543251,0.838751316,0,0,0,0,0,0,0,0,0,0,0,0,0,0,0,0,0,0,0,0,0,0,0,1023,0,0,0,0,0,0,0,0,0,0,0,0,0,0,0,0,0,0,0,0,0,0,0,0,0,0,0,0,0,0,0,0,0,0,0,0,0,0,0,0,0,0,0,0,0,0,0,0,0,0,0,0,0,0,0,0,0,0,0,0,0,0,0,0,0,7,8,9,7,9,4,4,10,4,7
488,1,69,69,1,64,11,53,7,53,4,64,2176,1232,944,944,0,135,1097,0,43,40,68,435,1328,135,0,1023,10,13,0,1048576,0,0,0,inf,1.01078308,1.11708331,1.03581691,0,0,0,0,0,0,0,0,0,0,0,0,0,0,0,0,0,0,0,0,0,0,0,1023,0,0,0,0,0,0,0,0,0,0,0,0,0,0,0,0,0,0,0,0,0,0,0,0,0,0,0,0,0,0,0,0,0,0,0,0,0,0,0,0,0,0,0,0,0,0,0,0,0,0,0,0,0,0,0,0,0,0,0,0,0,0,0,0,0,5,8,22,22,5,9,35,19,9,59
489,0.100000001,69,69,1,64,0,64,0,64,0,68,2176,1022,1154,1154,0,1,1021,0,10,10,68,1186,1118,1,0,1,10,13,0,1048576,0,0,0,inf,0.993658543,1.111902,1.59106672,0,0,0,0,0,0,0,0,0,0,0,0,0,0,0,0,0,0,0,0,0,0,0,1,0,0,0,0,0,0,0,0,0,0,0,0,0,0,0,0,0,0,0,0,0,0,0,0,0,0,0,0,0,0,0,0,0,0,0,0,0,0,0,0,0,0,0,0,0,0,0,0,0,0,0,0,0,0,0,0,0,0,0,0,0,0,0,0,0,28,4294967295,4294967295,4294967295,4294967295,4294967295,4294967295,4294967295,4294967295,4294967295
490,1,68,69,3,64,64,0,0,0,67,0,2144,1450,694,694,0,1389,61,0,106,58,67,254,1546,1389,0,1023,10,13,0,1048576,0,0,0,inf,inf,0.92916584,0.854376197,0,0,0,0,0,0,0,0,0,0,0,0,0,0,0,0,0,0,0,0,0,0,0,1023,0,0,0,0,0,0,0,0,0,0,0,0,0,0,0,0,0,0,0,0,0,0,0,0,0,0,0,0,0,0,0,0,0,0,0,0,0,0,0,0,0,0,0,0,0,0,0,0,0,0,0,0,0,0,0,0,0,0,0,0,0,0,0,0,0,13,3,43,20,14,55,2,22,7,21
491,0.100000001,69,69,1,64,1,63,1,63,0,68,2176,1135,1041,1041,0,1,1134,0,10,10,68,1299,1231,1,0,1,10,13,0,1048576,0,0,0,inf,0.93398416,1.04951382,1.59140897,0,0,0,0,0,0,0,0,0,0,0,0,0,0,0,0,0,0,0,0,0,0,0,1,0,0,0,0,0,0,0,0,0,0,0,0,0,0,0,0,0,0,0,0,0,0,0,0,0,0,0,0,0,0,0,0,0,0,0,0,0,0,0,0,0,0,0,0,0,0,0,0,0,0,0,0,0,0,0,0,0,0,0,0,0,0,0,0,0,48,4294967295,4294967295,4294967295,4294967295,4294967295,4294967295,4294967295,4294967295,4294967295
492,0.699999988,69,69,1,64,1,63,1,63,0,68,2176,1240,936,936,0,12,1228,0,27,24,68,1292,1336,12,0,253,10,13,0,1048576,0,0,0,inf,0.924729764,1.01806903,1.19859219,0,0,0,0,0,0,0,0,0,0,0,0,0,0,0,0,0,0,0,0,0,0,0,253,0,0,0,0,0,0,0,0,0,0,0,0,0,0,0,0,0,0,0,0,0,0,0,0,0,0,0,0,0,0,0,0,0,0,0,0,0,0,0,0,0,0,0,0,0,0,0,0,0,0,0,0,0,0,0,0,0,0,0,0,0,0,0,0,0,17,4294967295,10,10,10,10,33,10,4294967295,4294967295
493,0.600000024,69,69,1,64,0,64,0,64,0,68,2176,1215,961,961,0,12,1203,0,27,23,68,1297,1311,12,0,467,10,13,0,1048576,0,0,0,inf,0.943894267,1.02836192,1.11351144,0,0,0,0,0,0,0,0,0,0,0,0,0,0,0,0,0,0,0,0,0,0,0,467,0,0,0,0,0,0,0,0,0,0,0,0,0,0,0,0,0,0,0,0,0,0,0,0,0,0,0,0,0,0,0,0,0,0,0,0,0,0,0,0,0,0,0,0,0,0,0,0,0,0,0,0,0,0,0,0,0,0,0,0,0,0,0,0,0,22,6,4294967295,4294967295,8,4294967295,22,22,35,4294967295
494,1,67,69,3,64,64,0,0,0,65,1,2112,1134,978,978,0,1069,65,0,103,46,66,240,1230,1069,0,1023,10,13,0,1048576,0,0,0,inf,inf,0.97798115,0.871731937,0,0,0,0,0,0,0,0,0,0,0,0,0,0,0,0,0,0,0,0,0,0,0,1023,0,0,0,0,0,0,0,0,0,0,0,0,0,0,0,0,0,0,0,0,0,0,0,0,0,0,0,0,0,0,0,0,0,0,0,0,0,0,0,0,0,0,0,0,0,0,0,0,0,0,0,0,0,0,0,0,0,0,0,0,0,0,0,0,0,2,8,37,3,0,5,4,2,45,1
495,0.800000012,69,69,1,64,6,58,5,58,2,66,2176,1029,1147,1147,0,104,925,0,76,45,68,681,1125,104,0,735,10,13,0,1048576,0,0,0,inf,0.868646145,0.998756826,0.974374771,0,0,0,0,0,0,0,0,0,0,0,0,0,0,0,0,0,0,0,0,0,0,0,735,0,0,0,0,0,0,0,0,0,0,0,0,0,0,0,0,0,0,0,0,0,0,0,0,0,0,0,0,0,0,0,0,0,0,0,0,0,0,0,0,0,0,0,0,0,0,0,0,0,0,0,0,0,0,0,0,0,0,0,0,0,0,0,0,0,55,4,13,46,19,4294967295,53,46,4294967295,7
496,0.100000001,69,69,1,64,0,64,0,64,0,68,2176,988,1188,1188,0,2,986,0,17,14,68,1152,1084,2,0,8,10,13,0,1048576,0,0,0,inf,0.988027513,1.14360929,1.56485748,0,0,0,0,0,0,0,0,0,0,0,0,0,0,0,0,0,0,0,0,0,0,0,8,0,0,0,0,0,0,0,0,0,0,0,0,0,0,0,0,0,0,0,0,0,0,0,0,0,0,0,0,0,0,0,0,0,0,0,0,0,0,0,0,0,0,0,0,0,0,0,0,0,0,0,0,0,0,0,0,0,0,0,0,0,0,0,0,0,4294967295,4294967295,4294967295,16,4294967295,4294967295,4294967295,4294967295,4294967295,4294967295
497,1,69,69,1,64,64,0,3,0,64,4,2176,1017,1159,1159,0,972,45,0,103,49,68,242,1113,972,0,1023,10,13,0,1048576,0,0,0,inf,0.962033987,1.00157261,0.814311147,0,0,0,0,0,0,0,0,0,0,0,0,0,0,0,0,0,0,0,0,0,0,0,1023,0,0,0,0,0,0,0,0,0,0,0,0,0,0,0,0,0,0,0,0,0,0,0,0,0,0,0,0,0,0,0,0,0,0,0,0,0,0,0,0,0,0,0,0,0,0,0,0,0,0,0,0,0,0,0,0,0,0,0,0,0,0,0,0,0,3,6,4,4,15,4,6,4,6,3
498,0.699999988,69,69,1,64,2,62,1,62,1,67,2176,1342,834,834,0,48,1294,0,27,27,68,829,1438,48,0,861,10,13,0,1048576,0,0,0,inf,1.00979078,1.07696736,1.13259363,0,0,0,0,0,0,0,0,0,0,0,0,0,0,0,0,0,0,0,0,0,0,0,861,0,0,0,0,0,0,0,0,0,0,0,0,0,0,0,0,0,0,0,0,0,0,0,0,0,0,0,0,0,0,0,0,0,0,0,0,0,0,0,0,0,0,0,0,0,0,0,0,0,0,0,0,0,0,0,0,0,0,0,0,0,0,0,0,0,15,4294967295,5,13,0,4294967295,2,4294967295,28,42
499,1,69,69,1,64,64,0,2,0,66,2,2176,1322,854,854,0,1237,85,0,111,65,68,250,1418,1237,0,1023,10,13,0,1048576,0,0,0,inf,0.939093232,0.939117491,0.833437145,0,0,0,0,0,0,0,0,0,0,0,0,0,0,0,0,0,0,0,0,0,0,0,1023,0,0,0,0,0,0,0,0,0,0,0,0,0,0,0,0,0,0,0,0,0,0,0,0,0,0,0,0,0,0,0,0,0,0,0,0,0,0,0,0,0,0,0,0,0,0,0,0,0,0,0,0,0,0,0,0,0,0,0,0,0,0,0,0,0,28,6,49,5,57,4,29,15,29,3
500,0.899999976,69,69,1,64,10,54,4,54,6,62,2176,1237,939,939,0,107,1130,0,34,33,68,732,1333,107,0,767,10,13,0,1048576,0,0,0,inf,0.983475685,1.05270064,1.01240385,0,0,0,0,0,0,0,0,0,0,0,0,0,0,0,0,0,0,0,0,0,0,0,767,0,0,0,0,0,0,0,0,0,0,0,0,0,0,0,0,0,0,0,0,0,0,0,0,0,0,0,0,0,0,0,0,0,0,0,0,0,0,0,0,0,0,0,0,0,0,0,0,0,0,0,0,0,0,0,0,0,0,0,0,0,0,0,0,0,47,16,46,26,4,27,8,40,4294967295,26
501,0,69,69,1,64,0,64,0,64,0,68,2176,1282,894,894,0,0,1282,0,3,3,68,1446,1378,0,0,0,3,13,0,1048576,0,0,0,inf,0.877488494,0.986755848,inf,0,0,0,0,0,0,0,0,0,0,0,0,0,0,0,0,0,0,0,0,0,0,0,0,0,0,0,0,0,0,0,0,0,0,0,0,0,0,0,0,0,0,0,0,0,0,0,0,0,0,0,0,0,0,0,0,0,0,0,0,0,0,0,0,0,0,0,0,0,0,0,0,0,0,0,0,0,0,0,0,0,0,0,0,0,0,0,0,0,4294967295,4294967295,4294967295,4294967295,4294967295,4294967295,4294967295,4294967295,4294967295,4294967295
502,0.100000001,69,69,1,64,1,63,1,63,0,68,2176,1338,838,838,0,6,1332,0,15,15,68,1502,1434,6,0,1,10,13,0,1048576,0,0,0,inf,0.831655502,0.890221357,1.45112133,0,0,0,0,0,0,0,0,0,0,0,0,0,0,0,0,0,0,0,0,0,0,0,1,0,0,0,0,0,0,0,0,0,0,0,0,0,0,0,0,0,0,0,0,0,0,0,0,0,0,0,0,0,0,0,0,0,0,0,0,0,0,0,0,0,0,0,0,0,0,0,0,0,0,0,0,0,0,0,0,0,0,0,0,0,0,0,0,0,62,4294967295,4294967295,4294967295,4294967295,4294967295,4294967295,4294967295,4294967295,4294967295
503,0.300000012,69,69,1,64,0,64,0,64,0,68,2176,1367,809,809,0,54,1313,0,44,38,68,1094,1463,54,0,148,10,13,0,1048576,0,0,0,inf,0.953707039,1.07372057,1.08002973,0,0,0,0,0,0,0,0,0,0,0,0,0,0,0,0,0,0,0,0,0,0,0,148,0,0,0,0,0,0,0,0,0,0,0,0,0,0,0,0,0,0,0,0,0,0,0,0,0,0,0,0,0,0,0,0,0,0,0,0,0,0,0,0,0,0,0,0,0,0,0,0,0,0,0,0,0,0,0,0,0,0,0,0,0,0,0,0,0,4294967295,4294967295,39,4294967295,42,4294967295,4294967295,45,4294967295,4294967295
504,1,69,69,1,64,17,47,9,47,8,60,2176,1300,876,876,0,130,1170,0,54,40,68,415,1396,130,0,1023,10,13,0,1048576,0,0,0,inf,0.963924646,1.06836796,0.971243739,0,0,0,0,0,0,0,0,0,0,0,0,0,0,0,0,0,0,0,0,0,0,0,1023,0,0,0,0,0,0,0,0,0,0,0,0,0,0,0,0,0,0,0,0,0,0,0,0,0,0,0,0,0,0,0,0,0,0,0,0,0,0,0,0,0,0,0,0,0,0,0,0,0,0,0,0,0,0,0,0,0,0,0,0,0,0,0,0,0,19,32,2,2,33,3,12,5,3,16
505,0.899999976,69,69,1,64,64,0,2,0,64,4,2176,1312,864,864,0,1169,143,0,101,60,68,252,1408,1169,0,1021,10,13,0,1048576,0,0,0,inf,0.903914928,0.904339373,0.826222181,0,0,0,0,0,0,0,0,0,0,0,0,0,0,0,0,0,0,0,0,0,0,0,1021,0,0,0,0,0,0,0,0,0,0,0,0,0,0,0,0,0,0,0,0,0,0,0,0,0,0,0,0,0,0,0,0,0,0,0,0,0,0,0,0,0,0,0,0,0,0,0,0,0,0,0,0,0,0,0,0,0,0,0,0,0,0,0,0,0,10,4294967295,23,41,22,11,11,39,17,12
506,0.200000003,69,69,1,64,1,63,0,63,1,67,2176,1006,1170,1170,0,3,1003,0,12,12,68,1170,1102,3,0,5,10,13,0,1048576,0,0,0,inf,0.911454916,1.05406058,1.52510643,0,0,0,0,0,0,0,0,0,0,0,0,0,0,0,0,0,0,0,0,0,0,0,5,0,0,0,0,0,0,0,0,0,0,0,0,0,0,0,0,0,0,0,0,0,0,0,0,0,0,0,0,0,0,0,0,0,0,0,0,0,0,0,0,0,0,0,0,0,0,0,0,0,0,0,0,0,0,0,0,0,0,0,0,0,0,0,0,0,6,4294967295,29,4294967295,4294967295,4294967295,4294967295,4294967295,4294967295,4294967295
507,0,69,69,1,64,0,64,0,64,0,68,2176,1003,1173,1173,0,0,1003,0,7,7,68,1167,1099,0,0,0,7,13,0,1048576,0,0,0,inf,0.926320314,1.15678751,inf,0,0,0,0,0,0,0,0,0,0,0,0,0,0,0,0,0,0,0,0,0,0,0,0,0,0,0,0,0,0,0,0,0,0,0,0,0,0,0,0,0,0,0,0,0,0,0,0,0,0,0,0,0,0,0,0,0,0,0,0,0,0,0,0,0,0,0,0,0,0,0,0,0,0,0,0,0,0,0,0,0,0,0,0,0,0,0,0,0,4294967295,4294967295,4294967295,4294967295,4294967295,4294967295,4294967295,4294967295,4294967295,4294967295
508,0,69,69,1,64,0,64,0,64,0,68,2176,1048,1128,1128,0,0,1048,0,3,3,68,1212,1144,0,0,0,3,13,0,1048576,0,0,0,inf,0.895267725,1.05880356,inf,0,0,0,0,0,0,0,0,0,0,0,0,0,0,0,0,0,0,0,0,0,0,0,0,0,0,0,0,0,0,0,0,0,0,0,0,0,0,0,0,0,0,0,0,0,0,0,0,0,0,0,0,0,0,0,0,0,0,0,0,0,0,0,0,0,0,0,0,0,0,0,0,0,0,0,0,0,0,0,0,0,0,0,0,0,0,0,0,0,4294967295,4294967295,4294967295,4294967295,4294967295,4294967295,4294967295,4294967295,4294967295,4294967295
509,0,69,69,1,64,0,64,0,64,0,68,2176,1292,884,884,0,1,1291,0,15,14,68,1455,1388,1,0,0,10,13,0,1048576,0,0,0,inf,0.954037189,1.02954936,1.52982795,0,0,0,0,0,0,0,0,0,0,0,0,0,0,0,0,0,0,0,0,0,0,0,0,0,0,0,0,0,0,0,0,0,0,0,0,0,0,0,0,0,0,0,0,0,0,0,0,0,0,0,0,0,0,0,0,0,0,0,0,0,0,0,0,0,0,0,0,0,0,0,0,0,0,0,0,0,0,0,0,0,0,0,0,0,0,0,0,0,4294967295,4294967295,4294967295,4294967295,4294967295,4294967295,4294967295,4294967295,4294967295,4294967295
510,0.800000012,69,69,1,64,3,61,2,61,1,67,2176,825,1351,1351,0,31,794,0,39,28,68,756,921,31,0,751,10,13,0,1048576,0,0,0,inf,0.881756544,1.01470792,1.07046735,0,0,0,0,0,0,0,0,0,0,0,0,0,0,0,0,0,0,0,0,0,0,0,751,0,0,0,0,0,0,0,0,0,0,0,0,0,0,0,0,0,0,0,0,0,0,0,0,0,0,0,0,0,0,0,0,0,0,0,0,0,0,0,0,0,0,0,0,0,0,0,0,0,0,0,0,0,0,0,0,0,0,0,0,0,0,0,0,0,4,8,44,27,4294967295,2,43,25,4294967295,15
511,1,69,69,1,64,64,0,1,0,65,3,2176,1115,1061,1061,0,1045,70,0,112,58,68,253,1211,1045,0,1023,10,13,0,1048576,0,0,0,inf,0.845912755,0.845912755,0.757995725,0,0,0,0,0,0,0,0,0,0,0,0,0,0,0,0,0,0,0,0,0,0,0,1023,0,0,0,0,0,0,0,0,0,0,0,0,0,0,0,0,0,0,0,0,0,0,0,0,0,0,0,0,0,0,0,0,0,0,0,0,0,0,0,0,0,0,0,0,0,0,0,0,0,0,0,0,0,0,0,0,0,0,0,0,0,0,0,0,0,5,7,14,6,6,6,5,6,48,44
512,0,69,69,1,64,0,64,0,64,0,68,2176,1044,1132,1132,0,0,1044,0,0,0,68,1208,1140,0,0,0,0,13,0,1048576,0,0,0,inf,0.950418234,1.09625554,inf,0,0,0,0,0,0,0,0,0,0,0,0,0,0,0,0,0,0,0,0,0,0,0,0,0,0,0,0,0,0,0,0,0,0,0,0,0,0,0,0,0,0,0,0,0,0,0,0,0,0,0,0,0,0,0,0,0,0,0,0,0,0,0,0,0,0,0,0,0,0,0,0,0,0,0,0,0,0,0,0,0,0,0,0,0,0,0,0,0,4294967295,4294967295,4294967295,4294967295,4294967295,4294967295,4294967295,4294967295,4294967295,4294967295
513,0.200000003,69,69,1,64,1,63,1,63,0,68,2176,1126,1050,1050,0,3,1123,0,5,5,68,1290,1222,3,0,5,5,13,0,1048576,0,0,0,inf,0.911776781,1.01643956,inf,0,0,0,0,0,0,0,0,0,0,0,0,0,0,0,0,0,0,0,0,0,0,0,5,0,0,0,0,0,0,0,0,0,0,0,0,0,0,0,0,0,0,0,0,0,0,0,0,0,0,0,0,0,0,0,0,0,0,0,0,0,0,0,0,0,0,0,0,0,0,0,0,0,0,0,0,0,0,0,0,0,0,0,0,0,0,0,0,0,34,4294967295,9,4294967295,4294967295,4294967295,4294967295,4294967295,4294967295,4294967295
514,0,69,69,1,63,0,63,0,63,0,68,2176,626,1550,1550,0,0,626,0,0,0,68,790,722,0,0,0,0,13,0,1048576,0,0,0,inf,0.730281949,0.935162902,inf,0,0,0,0,0,0,0,0,0,0,0,0,0,0,0,0,0,0,0,0,0,0,0,0,0,0,0,0,0,0,0,0,0,0,0,0,0,0,0,0,0,0,0,0,0,0,0,0,0,0,0,0,0,0,0,0,0,0,0,0,0,0,0,0,0,0,0,0,0,0,0,0,0,0,0,0,0,0,0,0,0,0,0,0,0,0,0,0,0,4294967295,4294967295,4294967295,4294967295,4294967295,4294967295,4294967295,4294967295,4294967295,4294967295
515,0.400000006,69,69,1,64,0,64,0,64,0,68,2176,977,1199,1199,0,14,963,0,15,15,68,1117,1073,14,0,360,10,13,0,1048576,0,0,0,inf,0.896362782,1.08956409,1.20051479,0,0,0,0,0,0,0,0,0,0,0,0,0,0,0,0,0,0,0,0,0,0,0,360,0,0,0,0,0,0,0,0,0,0,0,0,0,0,0,0,0,0,0,0,0,0,0,0,0,0,0,0,0,0,0,0,0,0,0,0,0,0,0,0,0,0,0,0,0,0,0,0,0,0,0,0,0,0,0,0,0,0,0,0,0,0,0,0,0,4294967295,4294967295,4294967295,14,4294967295,1,39,4294967295,52,4294967295
516,0.100000001,69,69,1,64,0,64,0,64,0,68,2176,1192,984,984,0,4,1188,0,18,17,68,1353,1288,4,0,8,10,13,0,1048576,0,0,0,inf,0.88889873,1.03319931,1.45426452,0,0,0,0,0,0,0,0,0,0,0,0,0,0,0,0,0,0,0,0,0,0,0,8,0,0,0,0,0,0,0,0,0,0,0,0,0,0,0,0,0,0,0,0,0,0,0,0,0,0,0,0,0,0,0,0,0,0,0,0,0,0,0,0,0,0,0,0,0,0,0,0,0,0,0,0,0,0,0,0,0,0,0,0,0,0,0,0,0,4294967295,4294967295,4294967295,36,4294967295,4294967295,4294967295,4294967295,4294967295,4294967295
517,0,69,69,1,64,0,64,0,64,0,68,2176,1148,1028,1028,0,2,1146,0,16,14,68,1310,1244,2,0,0,10,13,0,1048576,0,0,0,inf,0.834315181,0.963476002,1.54722559,0,0,0,0,0,0,0,0,0,0,0,0,0,0,0,0,0,0,0,0,0,0,0,0,0,0,0,0,0,0,0,0,0,0,0,0,0,0,0,0,0,0,0,0,0,0,0,0,0,0,0,0,0,0,0,0,0,0,0,0,0,0,0,0,0,0,0,0,0,0,0,0,0,0,0,0,0,0,0,0,0,0,0,0,0,0,0,0,0,4294967295,4294967295,4294967295,4294967295,4294967295,4294967295,4294967295,4294967295,4294967295,4294967295
518,0,69,69,1,64,0,64,0,64,0,68,2176,1031,1145,1145,0,0,1031,0,7,7,68,1195,1127,0,0,0,7,13,0,1048576,0,0,0,inf,0.874332547,1.02011704,inf,0,0,0,0,0,0,0,0,0,0,0,0,0,0,0,0,0,0,0,0,0,0,0,0,0,0,0,0,0,0,0,0,0,0,0,0,0,0,0,0,0,0,0,0,0,0,0,0,0,0,0,0,0,0,0,0,0,0,0,0,0,0,0,0,0,0,0,0,0,0,0,0,0,0,0,0,0,0,0,0,0,0,0,0,0,0,0,0,0,4294967295,4294967295,4294967295,4294967295,4294967295,4294967295,4294967295,4294967295,4294967295,4294967295
519,0.899999976,69,69,1,64,4,60,4,60,0,68,2176,989,1187,1187,0,35,954,0,45,33,68,639,1085,35,0,1007,10,13,0,1048576,0,0,0,inf,0.942256331,1.11332464,1.03169823,0,0,0,0,0,0,0,0,0,0,0,0,0,0,0,0,0,0,0,0,0,0,0,1007,0,0,0,0,0,0,0,0,0,0,0,0,0,0,0,0,0,0,0,0,0,0,0,0,0,0,0,0,0,0,0,0,0,0,0,0,0,0,0,0,0,0,0,0,0,0,0,0,0,0,0,0,0,0,0,0,0,0,0,0,0,0,0,0,0,9,10,39,11,4294967295,11,12,28,31,59
520,0.300000012,69,69,1,64,2,62,2,62,0,68,2176,1164,1012,1012,0,13,1151,0,18,16,68,1328,1260,13,0,35,10,13,0,1048576,0,0,0,inf,0.85001564,0.997194529,1.06905973,0,0,0,0,0,0,0,0,0,0,0,0,0,0,0,0,0,0,0,0,0,0,0,35,0,0,0,0,0,0,0,0,0,0,0,0,0,0,0,0,0,0,0,0,0,0,0,0,0,0,0,0,0,0,0,0,0,0,0,0,0,0,0,0,0,0,0,0,0,0,0,0,0,0,0,0,0,0,0,0,0,0,0,0,0,0,0,0,0,63,14,4294967295,4294967295,4294967295,12,4294967295,4294967295,4294967295,4294967295
521,0.899999976,69,69,1,64,10,54,7,54,3,65,2176,1062,1114,1114,0,72,990,0,43,30,68,501,1158,72,0,1015,10,13,0,1048576,0,0,0,inf,0.905569136,1.070925,0.941960573,0,0,0,0,0,0,0,0,0,0,0,0,0,0,0,0,0,0,0,0,0,0,0,1015,0,0,0,0,0,0,0,0,0,0,0,0,0,0,0,0,0,0,0,0,0,0,0,0,0,0,0,0,0,0,0,0,0,0,0,0,0,0,0,0,0,0,0,0,0,0,0,0,0,0,0,0,0,0,0,0,0,0,0,0,0,0,0,0,0,6,10,15,4294967295,5,8,11,15,15,3
522,0.300000012,69,69,1,64,0,64,0,64,0,68,2176,1004,1172,1172,0,4,1000,0,19,18,68,1167,1100,4,0,274,10,13,0,1048576,0,0,0,inf,0.911205173,1.01395392,1.49404132,0,0,0,0,0,0,0,0,0,0,0,0,0,0,0,0,0,0,0,0,0,0,0,274,0,0,0,0,0,0,0,0,0,0,0,0,0,0,0,0,0,0,0,0,0,0,0,0,0,0,0,0,0,0,0,0,0,0,0,0,0,0,0,0,0,0,0,0,0,0,0,0,0,0,0,0,0,0,0,0,0,0,0,0,0,0,0,0,0,4294967295,9,4294967295,4294967295,31,4294967295,4294967295,4294967295,31,4294967295
523,0,69,69,1,64,0,64,0,64,0,68,2176,1050,1126,1126,0,0,1050,0,9,9,68,1214,1146,0,0,0,9,13,0,1048576,0,0,0,inf,0.92550087,1.13394165,inf,0,0,0,0,0,0,0,0,0,0,0,0,0,0,0,0,0,0,0,0,0,0,0,0,0,0,0,0,0,0,0,0,0,0,0,0,0,0,0,0,0,0,0,0,0,0,0,0,0,0,0,0,0,0,0,0,0,0,0,0,0,0,0,0,0,0,0,0,0,0,0,0,0,0,0,0,0,0,0,0,0,0,0,0,0,0,0,0,0,4294967295,4294967295,4294967295,4294967295,4294967295,4294967295,4294967295,4294967295,4294967295,4294967295
524,1,67,69,3,64,64,0,0,0,65,1,2112,1147,965,965,0,1079,68,0,84,36,66,220,1243,1079,0,1023,10,13,0,1048576,0,0,0,inf,inf,0.949368536,0.81240344,0,0,0,0,0,0,0,0,0,0,0,0,0,0,0,0,0,0,0,0,0,0,0,1023,0,0,0,0,0,0,0,0,0,0,0,0,0,0,0,0,0,0,0,0,0,0,0,0,0,0,0,0,0,0,0,0,0,0,0,0,0,0,0,0,0,0,0,0,0,0,0,0,0,0,0,0,0,0,0,0,0,0,0,0,0,0,0,0,0,18,6,5,20,0,1,0,20,19,4
525,0.5,69,69,1,64,2,62,1,62,1,67,2176,1304,872,872,0,70,1234,0,40,37,68,953,1400,70,0,313,10,13,0,1048576,0,0,0,inf,0.955760121,1.04346263,1.08242726,0,0,0,0,0,0,0,0,0,0,0,0,0,0,0,0,0,0,0,0,0,0,0,313,0,0,0,0,0,0,0,0,0,0,0,0,0,0,0,0,0,0,0,0,0,0,0,0,0,0,0,0,0,0,0,0,0,0,0,0,0,0,0,0,0,0,0,0,0,0,0,0,0,0,0,0,0,0,0,0,0,0,0,0,0,0,0,0,0,46,4294967295,4294967295,26,59,28,4294967295,4294967295,35,4294967295
526,0,69,69,1,64,0,64,0,64,0,68,2176,1127,1049,1049,0,1,1126,0,8,8,68,1291,1223,1,0,0,8,13,0,1048576,0,0,0,inf,0.987389803,1.10664487,inf,0,0,0,0,0,0,0,0,0,0,0,0,0,0,0,0,0,0,0,0,0,0,0,0,0,0,0,0,0,0,0,0,0,0,0,0,0,0,0,0,0,0,0,0,0,0,0,0,0,0,0,0,0,0,0,0,0,0,0,0,0,0,0,0,0,0,0,0,0,0,0,0,0,0,0,0,0,0,0,0,0,0,0,0,0,0,0,0,0,4294967295,4294967295,4294967295,4294967295,4294967295,4294967295,4294967295,4294967295,4294967295,4294967295
527,1,69,69,1,64,5,59,3,59,2,66,2176,1238,938,938,0,71,1167,0,34,33,68,785,1334,71,0,1023,10,13,0,1048576,0,0,0,inf,0.828078389,0.953270674,0.907372653,0,0,0,0,0,0,0,0,0,0,0,0,0,0,0,0,0,0,0,0,0,0,0,1023,0,0,0,0,0,0,0,0,0,0,0,0,0,0,0,0,0,0,0,0,0,0,0,0,0,0,0,0,0,0,0,0,0,0,0,0,0,0,0,0,0,0,0,0,0,0,0,0,0,0,0,0,0,0,0,0,0,0,0,0,0,0,0,0,0,25,19,0,61,62,0,47,23,8,57
528,0.699999988,69,69,1,64,1,63,1,63,0,68,2176,1245,931,931,0,38,1207,0,25,25,68,920,1341,38,0,319,10,13,0,1048576,0,0,0,inf,0.885718942,0.989972413,1.00075006,0,0,0,0,0,0,0,0,0,0,0,0,0,0,0,0,0,0,0,0,0,0,0,319,0,0,0,0,0,0,0,0,0,0,0,0,0,0,0,0,0,0,0,0,0,0,0,0,0,0,0,0,0,0,0,0,0,0,0,0,0,0,0,0,0,0,0,0,0,0,0,0,0,0,0,0,0,0,0,0,0,0,0,0,0,0,0,0,0,20,34,0,24,10,14,4294967295,4294967295,12,4294967295
529,0.899999976,69,69,1,64,5,59,4,59,1,67,2176,998,1178,1178,0,74,924,0,42,30,68,558,1094,74,0,511,10,13,0,1048576,0,0,0,inf,0.84027189,1.01110888,0.934593976,0,0,0,0,0,0,0,0,0,0,0,0,0,0,0,0,0,0,0,0,0,0,0,511,0,0,0,0,0,0,0,0,0,0,0,0,0,0,0,0,0,0,0,0,0,0,0,0,0,0,0,0,0,0,0,0,0,0,0,0,0,0,0,0,0,0,0,0,0,0,0,0,0,0,0,0,0,0,0,0,0,0,0,0,0,0,0,0,0,4,8,8,5,8,19,1,33,6,4294967295
530,0,69,69,1,64,0,64,0,64,0,68,2176,989,1187,1187,0,0,989,0,7,7,68,1153,1085,0,0,0,7,13,0,1048576,0,0,0,inf,0.749671221,0.856258035,inf,0,0,0,0,0,0,0,0,0,0,0,0,0,0,0,0,0,0,0,0,0,0,0,0,0,0,0,0,0,0,0,0,0,0,0,0,0,0,0,0,0,0,0,0,0,0,0,0,0,0,0,0,0,0,0,0,0,0,0,0,0,0,0,0,0,0,0,0,0,0,0,0,0,0,0,0,0,0,0,0,0,0,0,0,0,0,0,0,0,4294967295,4294967295,4294967295,4294967295,4294967295,4294967295,4294967295,4294967295,4294967295,4294967295
531,0.300000012,69,69,1,64,0,64,0,64,0,68,2176,1036,1140,1140,0,4,1032,0,19,18,68,1198,1132,4,0,530,10,13,0,1048576,0,0,0,inf,0.928328991,1.06784892,1.50042868,0,0,0,0,0,0,0,0,0,0,0,0,0,0,0,0,0,0,0,0,0,0,0,530,0,0,0,0,0,0,0,0,0,0,0,0,0,0,0,0,0,0,0,0,0,0,0,0,0,0,0,0,0,0,0,0,0,0,0,0,0,0,0,0,0,0,0,0,0,0,0,0,0,0,0,0,0,0,0,0,0,0,0,0,0,0,0,0,0,4294967295,6,4294967295,4294967295,44,4294967295,4294967295,4294967295,4294967295,44
532,1,68,69,3,64,64,0,0,0,65,2,2144,1219,925,925,0,1103,116,0,94,51,67,232,1315,1103,0,1023,10,13,0,1048576,0,0,0,inf,inf,0.893187761,0.793749809,0,0,0,0,0,0,0,0,0,0,0,0,0,0,0,0,0,0,0,0,0,0,0,1023,0,0,0,0,0,0,0,0,0,0,0,0,0,0,0,0,0,0,0,0,0,0,0,0,0,0,0,0,0,0,0,0,0,0,0,0,0,0,0,0,0,0,0,0,0,0,0,0,0,0,0,0,0,0,0,0,0,0,0,0,0,0,0,0,0,9,9,9,4,5,4,33,5,21,9
533,1,69,69,2,64,64,0,0,0,65,3,2176,1239,937,937,0,1101,138,0,94,51,68,233,1335,1101,0,1023,10,13,0,1048576,0,0,0,inf,inf,0.954595208,0.85990417,0,0,0,0,0,0,0,0,0,0,0,0,0,0,0,0,0,0,0,0,0,0,0,1023,0,0,0,0,0,0,0,0,0,0,0,0,0,0,0,0,0,0,0,0,0,0,0,0,0,0,0,0,0,0,0,0,0,0,0,0,0,0,0,0,0,0,0,0,0,0,0,0,0,0,0,0,0,0,0,0,0,0,0,0,0,0,0,0,0,20,3,4,14,19,43,7,13,4,8
534,0.600000024,69,69,1,64,3,61,3,61,0,68,2176,1316,860,860,0,30,1286,0,29,25,68,1094,1412,30,0,571,10,13,0,1048576,0,0,0,inf,1.0277431,1.10948598,1.18250489,0,0,0,0,0,0,0,0,0,0,0,0,0,0,0,0,0,0,0,0,0,0,0,571,0,0,0,0,0,0,0,0,0,0,0,0,0,0,0,0,0,0,0,0,0,0,0,0,0,0,0,0,0,0,0,0,0,0,0,0,0,0,0,0,0,0,0,0,0,0,0,0,0,0,0,0,0,0,0,0,0,0,0,0,0,0,0,0,0,17,17,4294967295,65,24,24,4294967295,4294967295,4294967295,24
535,0,69,69,1,64,0,64,0,64,0,68,2176,1479,697,697,0,0,1479,0,3,3,68,1643,1575,0,0,0,3,13,0,1048576,0,0,0,inf,1.00405848,1.07234383,inf,0,0,0,0,0,0,0,0,0,0,0,0,0,0,0,0,0,0,0,0,0,0,0,0,0,0,0,0,0,0,0,0,0,0,0,0,0,0,0,0,0,0,0,0,0,0,0,0,0,0,0,0,0,0,0,0,0,0,0,0,0,0,0,0,0,0,0,0,0,0,0,0,0,0,0,0,0,0,0,0,0,0,0,0,0,0,0,0,0,4294967295,4294967295,4294967295,4294967295,4294967295,4294967295,4294967295,4294967295,4294967295,4294967295
536,0,69,69,1,64,0,64,0,64,0,68,2176,1374,802,802,0,2,1372,0,16,15,68,1536,1470,2,0,0,10,13,0,1048576,0,0,0,inf,1.02355635,1.13350558,1.57846212,0,0,0,0,0,0,0,0,0,0,0,0,0,0,0,0,0,0,0,0,0,0,0,0,0,0,0,0,0,0,0,0,0,0,0,0,0,0,0,0,0,0,0,0,0,0,0,0,0,0,0,0,0,0,0,0,0,0,0,0,0,0,0,0,0,0,0,0,0,0,0,0,0,0,0,0,0,0,0,0,0,0,0,0,0,0,0,0,0,4294967295,4294967295,4294967295,4294967295,4294967295,4294967295,4294967295,4294967295,4294967295,4294967295
537,0.400000006,69,69,1,64,1,63,1,63,0,68,2176,1410,766,766,0,23,1387,0,34,28,68,1351,1506,23,0,900,10,13,0,1048576,0,0,0,inf,0.987013698,1.06758571,1.14769816,0,0,0,0,0,0,0,0,0,0,0,0,0,0,0,0,0,0,0,0,0,0,0,900,0,0,0,0,0,0,0,0,0,0,0,0,0,0,0,0,0,0,0,0,0,0,0,0,0,0,0,0,0,0,0,0,0,0,0,0,0,0,0,0,0,0,0,0,0,0,0,0,0,0,0,0,0,0,0,0,0,0,0,0,0,0,0,0,0,4294967295,4294967295,59,4294967295,4294967295,4294967295,4294967295,19,19,14
538,0.100000001,69,69,1,64,0,64,0,64,0,68,2176,1288,888,888,0,1,1287,0,4,4,68,1452,1384,1,0,2,4,13,0,1048576,0,0,0,inf,1.04969215,1.0994066,inf,0,0,0,0,0,0,0,0,0,0,0,0,0,0,0,0,0,0,0,0,0,0,0,2,0,0,0,0,0,0,0,0,0,0,0,0,0,0,0,0,0,0,0,0,0,0,0,0,0,0,0,0,0,0,0,0,0,0,0,0,0,0,0,0,0,0,0,0,0,0,0,0,0,0,0,0,0,0,0,0,0,0,0,0,0,0,0,0,0,4294967295,34,4294967295,4294967295,4294967295,4294967295,4294967295,4294967295,4294967295,4294967295
539,0.100000001,69,69,1,64,0,64,0,64,0,68,2176,1146,1030,1030,0,2,1144,0,17,15,68,1310,1242,2,0,8,10,13,0,1048576,0,0,0,inf,0.936640739,1.12719345,1.55561447,0,0,0,0,0,0,0,0,0,0,0,0,0,0,0,0,0,0,0,0,0,0,0,8,0,0,0,0,0,0,0,0,0,0,0,0,0,0,0,0,0,0,0,0,0,0,0,0,0,0,0,0,0,0,0,0,0,0,0,0,0,0,0,0,0,0,0,0,0,0,0,0,0,0,0,0,0,0,0,0,0,0,0,0,0,0,0,0,0,4294967295,4294967295,4294967295,22,4294967295,4294967295,4294967295,4294967295,4294967295,4294967295
540,0.5,69,69,1,64,2,62,2,62,0,68,2176,1494,682,682,0,38,1456,0,35,33,68,1082,1590,38,0,602,10,13,0,1048576,0,0,0,inf,0.909360409,1.02077377,1.05456507,0,0,0,0,0,0,0,0,0,0,0,0,0,0,0,0,0,0,0,0,0,0,0,602,0,0,0,0,0,0,0,0,0,0,0,0,0,0,0,0,0,0,0,0,0,0,0,0,0,0,0,0,0,0,0,0,0,0,0,0,0,0,0,0,0,0,0,0,0,0,0,0,0,0,0,0,0,0,0,0,0,0,0,0,0,0,0,0,0,4294967295,21,4294967295,43,38,4294967295,31,4294967295,4294967295,33
541,0.100000001,69,69,1,64,0,64,0,64,0,68,2176,1185,991,991,0,1,1184,0,6,6,68,1349,1281,1,0,8,6,13,0,1048576,0,0,0,inf,1.0000633,1.0983218,inf,0,0,0,0,0,0,0,0,0,0,0,0,0,0,0,0,0,0,0,0,0,0,0,8,0,0,0,0,0,0,0,0,0,0,0,0,0,0,0,0,0,0,0,0,0,0,0,0,0,0,0,0,0,0,0,0,0,0,0,0,0,0,0,0,0,0,0,0,0,0,0,0,0,0,0,0,0,0,0,0,0,0,0,0,0,0,0,0,0,4294967295,4294967295,4294967295,34,4294967295,4294967295,4294967295,4294967295,4294967295,4294967295
542,0.899999976,69,69,1,64,15,49,7,49,8,60,2176,1453,723,723,0,213,1240,0,70,54,68,445,1549,213,0,959,10,13,0,1048576,0,0,0,inf,1.00820994,1.05619752,1.01305103,0,0,0,0,0,0,0,0,0,0,0,0,0,0,0,0,0,0,0,0,0,0,0,959,0,0,0,0,0,0,0,0,0,0,0,0,0,0,0,0,0,0,0,0,0,0,0,0,0,0,0,0,0,0,0,0,0,0,0,0,0,0,0,0,0,0,0,0,0,0,0,0,0,0,0,0,0,0,0,0,0,0,0,0,0,0,0,0,0,4,22,22,22,7,13,4294967295,22,22,45
543,0,69,69,1,64,0,64,0,64,0,68,2176,1125,1051,1051,0,0,1125,0,10,10,68,1288,1221,0,0,0,10,13,0,1048576,0,0,0,inf,0.942394376,1.09676313,1.51484454,0,0,0,0,0,0,0,0,0,0,0,0,0,0,0,0,0,0,0,0,0,0,0,0,0,0,0,0,0,0,0,0,0,0,0,0,0,0,0,0,0,0,0,0,0,0,0,0,0,0,0,0,0,0,0,0,0,0,0,0,0,0,0,0,0,0,0,0,0,0,0,0,0,0,0,0,0,0,0,0,0,0,0,0,0,0,0,0,0,4294967295,4294967295,4294967295,4294967295,4294967295,4294967295,4294967295,4294967295,4294967295,4294967295
544,0.699999988,69,69,1,64,5,59,4,59,1,67,2176,1257,919,919,0,77,1180,0,48,42,68,916,1353,77,0,463,10,13,0,1048576,0,0,0,inf,0.941811979,1.04766965,1.07540059,0,0,0,0,0,0,0,0,0,0,0,0,0,0,0,0,0,0,0,0,0,0,0,463,0,0,0,0,0,0,0,0,0,0,0,0,0,0,0,0,0,0,0,0,0,0,0,0,0,0,0,0,0,0,0,0,0,0,0,0,0,0,0,0,0,0,0,0,0,0,0,0,0,0,0,0,0,0,0,0,0,0,0,0,0,0,0,0,0,34,36,35,46,4294967295,4294967295,50,46,16,4294967295
545,0,69,69,1,64,0,64,0,64,0,68,2176,1097,1079,1079,0,0,1097,0,5,5,68,1261,1193,0,0,0,5,13,0,1048576,0,0,0,inf,0.908643723,1.16554332,inf,0,0,0,0,0,0,0,0,0,0,0,0,0,0,0,0,0,0,0,0,0,0,0,0,0,0,0,0,0,0,0,0,0,0,0,0,0,0,0,0,0,0,0,0,0,0,0,0,0,0,0,0,0,0,0,0,0,0,0,0,0,0,0,0,0,0,0,0,0,0,0,0,0,0,0,0,0,0,0,0,0,0,0,0,0,0,0,0,0,4294967295,4294967295,4294967295,4294967295,4294967295,4294967295,4294967295,4294967295,4294967295,4294967295
546,0.200000003,69,69,1,64,0,64,0,64,0,68,2176,1402,774,774,0,6,1396,0,21,20,68,1562,1498,6,0,10,10,13,0,1048576,0,0,0,inf,0.975459456,1.06524897,1.45162928,0,0,0,0,0,0,0,0,0,0,0,0,0,0,0,0,0,0,0,0,0,0,0,10,0,0,0,0,0,0,0,0,0,0,0,0,0,0,0,0,0,0,0,0,0,0,0,0,0,0,0,0,0,0,0,0,0,0,0,0,0,0,0,0,0,0,0,0,0,0,0,0,0,0,0,0,0,0,0,0,0,0,0,0,0,0,0,0,0,4294967295,58,4294967295,45,4294967295,4294967295,4294967295,4294967295,4294967295,4294967295
547,0.200000003,69,69,1,64,0,64,0,64,0,68,2176,1375,801,801,0,11,1364,0,19,19,68,1524,1471,11,0,136,10,13,0,1048576,0,0,0,inf,0.9922961,1.05668437,1.31381464,0,0,0,0,0,0,0,0,0,0,0,0,0,0,0,0,0,0,0,0,0,0,0,136,0,0,0,0,0,0,0,0,0,0,0,0,0,0,0,0,0,0,0,0,0,0,0,0,0,0,0,0,0,0,0,0,0,0,0,0,0,0,0,0,0,0,0,0,0,0,0,0,0,0,0,0,0,0,0,0,0,0,0,0,0,0,0,0,0,4294967295,4294967295,4294967295,22,4294967295,4294967295,4294967295,29,4294967295,4294967295
548,0.800000012,69,69,1,64,0,64,0,64,0,68,2176,1107,1069,1069,0,37,1070,0,46,35,68,837,1203,37,0,987,10,13,0,1048576,0,0,0,inf,0.922013164,1.09497261,1.04569578,0,0,0,0,0,0,0,0,0,0,0,0,0,0,0,0,0,0,0,0,0,0,0,987,0,0,0,0,0,0,0,0,0,0,0,0,0,0,0,0,0,0,0,0,0,0,0,0,0,0,0,0,0,0,0,0,0,0,0,0,0,0,0,0,0,0,0,0,0,0,0,0,0,0,0,0,0,0,0,0,0,0,0,0,0,0,0,0,0,3,36,4294967295,1,15,4294967295,35,13,35,35
549,1,69,69,2,64,64,0,0,0,65,3,2176,1117,1059,1059,0,1016,101,0,95,51,68,235,1213,1016,0,1023,10,13,0,1048576,0,0,0,inf,inf,0.91556561,0.829953372,0,0,0,0,0,0,0,0,0,0,0,0,0,0,0,0,0,0,0,0,0,0,0,1023,0,0,0,0,0,0,0,0,0,0,0,0,0,0,0,0,0,0,0,0,0,0,0,0,0,0,0,0,0,0,0,0,0,0,0,0,0,0,0,0,0,0,0,0,0,0,0,0,0,0,0,0,0,0,0,0,0,0,0,0,0,0,0,0,0,52,2,2,3,7,8,4,8,5,4
550,1,68,69,3,64,64,0,0,0,66,1,2144,1170,974,974,0,1090,80,0,107,46,67,249,1266,1090,0,1023,10,13,0,1048576,0,0,0,inf,inf,0.929509759,0.834636927,0,0,0,0,0,0,0,0,0,0,0,0,0,0,0,0,0,0,0,0,0,0,0,1023,0,0,0,0,0,0,0,0,0,0,0,0,0,0,0,0,0,0,0,0,0,0,0,0,0,0,0,0,0,0,0,0,0,0,0,0,0,0,0,0,0,0,0,0,0,0,0,0,0,0,0,0,0,0,0,0,0,0,0,0,0,0,0,0,0,11,2,10,4,5,2,2,10,3,6
551,0.899999976,69,69,2,64,64,0,0,0,65,3,2176,1017,1159,1159,0,942,75,0,97,48,68,236,1113,942,0,511,10,13,0,1048576,0,0,0,inf,inf,0.911301196,0.813963175,0,0,0,0,0,0,0,0,0,0,0,0,0,0,0,0,0,0,0,0,0,0,0,511,0,0,0,0,0,0,0,0,0,0,0,0,0,0,0,0,0,0,0,0,0,0,0,0,0,0,0,0,0,0,0,0,0,0,0,0,0,0,0,0,0,0,0,0,0,0,0,0,0,0,0,0,0,0,0,0,0,0,0,0,0,0,0,0,0,6,5,9,5,5,3,6,4,7,4294967295
552,0.800000012,69,69,1,64,4,60,2,60,2,66,2176,1031,1145,1145,0,69,962,0,55,43,68,735,1127,69,0,999,10,13,0,1048576,0,0,0,inf,0.985198915,1.15417552,1.07687056,0,0,0,0,0,0,0,0,0,0,0,0,0,0,0,0,0,0,0,0,0,0,0,999,0,0,0,0,0,0,0,0,0,0,0,0,0,0,0,0,0,0,0,0,0,0,0,0,0,0,0,0,0,0,0,0,0,0,0,0,0,0,0,0,0,0,0,0,0,0,0,0,0,0,0,0,0,0,0,0,0,0,0,0,0,0,0,0,0,3,59,13,4294967295,4294967295,43,53,55,53,19
553,0,69,69,1,64,0,64,0,64,0,68,2176,950,1226,1226,0,0,950,0,3,3,68,1114,1046,0,0,0,3,13,0,1048576,0,0,0,inf,0.892951488,1.1017704,inf,0,0,0,0,0,0,0,0,0,0,0,0,0,0,0,0,0,0,0,0,0,0,0,0,0,0,0,0,0,0,0,0,0,0,0,0,0,0,0,0,0,0,0,0,0,0,0,0,0,0,0,0,0,0,0,0,0,0,0,0,0,0,0,0,0,0,0,0,0,0,0,0,0,0,0,0,0,0,0,0,0,0,0,0,0,0,0,0,0,4294967295,4294967295,4294967295,4294967295,4294967295,4294967295,4294967295,4294967295,4294967295,4294967295
554,0.899999976,69,69,1,64,4,60,3,60,1,67,2176,997,1179,1179,0,40,957,0,45,33,68,722,1093,40,0,767,10,13,0,1048576,0,0,0,inf,0.92815733,1.13092625,1.07608438,0,0,0,0,0,0,0,0,0,0,0,0,0,0,0,0,0,0,0,0,0,0,0,767,0,0,0,0,0,0,0,0,0,0,0,0,0,0,0,0,0,0,0,0,0,0,0,0,0,0,0,0,0,0,0,0,0,0,0,0,0,0,0,0,0,0,0,0,0,0,0,0,0,0,0,0,0,0,0,0,0,0,0,0,0,0,0,0,0,3,21,12,1,38,53,64,34,4294967295,53
555,0.899999976,69,69,1,64,3,61,2,61,1,67,2176,1032,1144,1144,0,37,995,0,50,36,68,852,1128,37,0,959,10,13,0,1048576,0,0,0,inf,0.933656037,1.03837919,1.06393147,0,0,0,0,0,0,0,0,0,0,0,0,0,0,0,0,0,0,0,0,0,0,0,959,0,0,0,0,0,0,0,0,0,0,0,0,0,0,0,0,0,0,0,0,0,0,0,0,0,0,0,0,0,0,0,0,0,0,0,0,0,0,0,0,0,0,0,0,0,0,0,0,0,0,0,0,0,0,0,0,0,0,0,0,0,0,0,0,0,4,1,28,59,50,41,4294967295,47,12,60
556,0,69,69,1,64,0,64,0,64,0,68,2176,1087,1089,1089,0,0,1087,0,5,5,68,1251,1183,0,0,0,5,13,0,1048576,0,0,0,inf,0.879446507,0.968190849,inf,0,0,0,0,0,0,0,0,0,0,0,0,0,0,0,0,0,0,0,0,0,0,0,0,0,0,0,0,0,0,0,0,0,0,0,0,0,0,0,0,0,0,0,0,0,0,0,0,0,0,0,0,0,0,0,0,0,0,0,0,0,0,0,0,0,0,0,0,0,0,0,0,0,0,0,0,0,0,0,0,0,0,0,0,0,0,0,0,0,4294967295,4294967295,4294967295,4294967295,4294967295,4294967295,4294967295,4294967295,4294967295,4294967295
557,0.600000024,69,69,1,64,3,61,2,61,1,67,2176,998,1178,1178,0,27,971,0,42,31,68,953,1094,27,0,347,10,13,0,1048576,0,0,0,inf,0.868051767,1.05295932,1.06972659,0,0,0,0,0,0,0,0,0,0,0,0,0,0,0,0,0,0,0,0,0,0,0,347,0,0,0,0,0,0,0,0,0,0,0,0,0,0,0,0,0,0,0,0,0,0,0,0,0,0,0,0,0,0,0,0,0,0,0,0,0,0,0,0,0,0,0,0,0,0,0,0,0,0,0,0,0,0,0,0,0,0,0,0,0,0,0,0,0,2,19,4294967295,56,56,4294967295,12,4294967295,28,4294967295
558,0.699999988,69,69,1,64,3,61,2,61,1,67,2176,771,1405,1405,0,10,761,0,11,11,68,935,867,10,0,191,10,13,0,1048576,0,0,0,inf,0.90769732,1.09004021,1.52338827,0,0,0,0,0,0,0,0,0,0,0,0,0,0,0,0,0,0,0,0,0,0,0,191,0,0,0,0,0,0,0,0,0,0,0,0,0,0,0,0,0,0,0,0,0,0,0,0,0,0,0,0,0,0,0,0,0,0,0,0,0,0,0,0,0,0,0,0,0,0,0,0,0,0,0,0,0,0,0,0,0,0,0,0,0,0,0,0,0,13,6,13,13,23,13,4294967295,26,4294967295,4294967295
559,1,69,69,2,64,64,0,0,0,68,0,2176,1276,900,900,0,1224,52,0,120,68,68,259,1372,1224,0,1023,10,13,0,1048576,0,0,0,inf,inf,0.958069324,0.847592533,0,0,0,0,0,0,0,0,0,0,0,0,0,0,0,0,0,0,0,0,0,0,0,1023,0,0,0,0,0,0,0,0,0,0,0,0,0,0,0,0,0,0,0,0,0,0,0,0,0,0,0,0,0,0,0,0,0,0,0,0,0,0,0,0,0,0,0,0,0,0,0,0,0,0,0,0,0,0,0,0,0,0,0,0,0,0,0,0,0,16,20,19,5,16,48,47,16,50,17
560,0.600000024,69,69,1,64,3,61,1,61,2,66,2176,1308,868,868,0,22,1286,0,42,30,68,1325,1404,22,0,335,10,13,0,1048576,0,0,0,inf,0.874276996,0.945144296,1.05046606,0,0,0,0,0,0,0,0,0,0,0,0,0,0,0,0,0,0,0,0,0,0,0,335,0,0,0,0,0,0,0,0,0,0,0,0,0,0,0,0,0,0,0,0,0,0,0,0,0,0,0,0,0,0,0,0,0,0,0,0,0,0,0,0,0,0,0,0,0,0,0,0,0,0,0,0,0,0,0,0,0,0,0,0,0,0,0,0,0,9,17,60,23,4294967295,4294967295,21,4294967295,60,4294967295
561,0.699999988,69,69,1,64,4,60,3,60,1,67,2176,1261,915,915,0,44,1217,0,46,35,68,1027,1357,44,0,463,10,13,0,1048576,0,0,0,inf,0.963202894,1.14713943,1.11427987,0,0,0,0,0,0,0,0,0,0,0,0,0,0,0,0,0,0,0,0,0,0,0,463,0,0,0,0,0,0,0,0,0,0,0,0,0,0,0,0,0,0,0,0,0,0,0,0,0,0,0,0,0,0,0,0,0,0,0,0,0,0,0,0,0,0,0,0,0,0,0,0,0,0,0,0,0,0,0,0,0,0,0,0,0,0,0,0,0,37,57,3,49,4294967295,4294967295,46,1,22,4294967295
562,1,69,69,2,64,64,0,0,0,67,1,2176,1330,846,846,0,1255,75,0,120,64,68,260,1426,1255,0,1023,10,13,0,1048576,0,0,0,inf,inf,0.921208918,0.828613877,0,0,0,0,0,0,0,0,0,0,0,0,0,0,0,0,0,0,0,0,0,0,0,1023,0,0,0,0,0,0,0,0,0,0,0,0,0,0,0,0,0,0,0,0,0,0,0,0,0,0,0,0,0,0,0,0,0,0,0,0,0,0,0,0,0,0,0,0,0,0,0,0,0,0,0,0,0,0,0,0,0,0,0,0,0,0,0,0,0,4,5,6,17,12,13,13,3,22,19
563,0.899999976,69,69,1,64,3,61,2,61,1,67,2176,1080,1096,1096,0,40,1040,0,47,34,68,881,1176,40,0,511,10,13,0,1048576,0,0,0,inf,0.863913238,0.984645367,1.02123332,0,0,0,0,0,0,0,0,0,0,0,0,0,0,0,0,0,0,0,0,0,0,0,511,0,0,0,0,0,0,0,0,0,0,0,0,0,0,0,0,0,0,0,0,0,0,0,0,0,0,0,0,0,0,0,0,0,0,0,0,0,0,0,0,0,0,0,0,0,0,0,0,0,0,0,0,0,0,0,0,0,0,0,0,0,0,0,0,0,3,50,41,49,25,1,17,49,49,4294967295
564,0,69,69,1,64,0,64,0,64,0,68,2176,1010,1166,1166,0,0,1010,0,0,0,68,1174,1106,0,0,0,0,13,0,1048576,0,0,0,inf,0.909452915,1.03783929,inf,0,0,0,0,0,0,0,0,0,0,0,0,0,0,0,0,0,0,0,0,0,0,0,0,0,0,0,0,0,0,0,0,0,0,0,0,0,0,0,0,0,0,0,0,0,0,0,0,0,0,0,0,0,0,0,0,0,0,0,0,0,0,0,0,0,0,0,0,0,0,0,0,0,0,0,0,0,0,0,0,0,0,0,0,0,0,0,0,0,4294967295,4294967295,4294967295,4294967295,4294967295,4294967295,4294967295,4294967295,4294967295,4294967295
565,1,69,69,1,64,16,48,5,48,11,57,2176,1065,1111,1111,0,139,926,0,32,29,68,334,1161,139,0,1023,10,13,0,1048576,0,0,0,inf,0.876492918,1.00247133,0.862211049,0,0,0,0,0,0,0,0,0,0,0,0,0,0,0,0,0,0,0,0,0,0,0,1023,0,0,0,0,0,0,0,0,0,0,0,0,0,0,0,0,0,0,0,0,0,0,0,0,0,0,0,0,0,0,0,0,0,0,0,0,0,0,0,0,0,0,0,0,0,0,0,0,0,0,0,0,0,0,0,0,0,0,0,0,0,0,0,0,0,4,6,3,3,5,2,13,8,5,2
566,0.100000001,69,69,1,64,0,64,0,64,0,68,2176,979,1197,1197,0,1,978,0,2,2,68,1143,1075,1,0,1,2,13,0,1048576,0,0,0,inf,0.900956392,1.00604844,inf,0,0,0,0,0,0,0,0,0,0,0,0,0,0,0,0,0,0,0,0,0,0,0,1,0,0,0,0,0,0,0,0,0,0,0,0,0,0,0,0,0,0,0,0,0,0,0,0,0,0,0,0,0,0,0,0,0,0,0,0,0,0,0,0,0,0,0,0,0,0,0,0,0,0,0,0,0,0,0,0,0,0,0,0,0,0,0,0,0,33,4294967295,4294967295,4294967295,4294967295,4294967295,4294967295,4294967295,4294967295,4294967295
567,1,68,69,3,64,64,0,0,0,67,0,2144,1077,1067,1067,0,1041,36,0,103,55,67,241,1173,1041,0,1023,10,13,0,1048576,0,0,0,inf,inf,0.885349512,0.780273795,0,0,0,0,0,0,0,0,0,0,0,0,0,0,0,0,0,0,0,0,0,0,0,1023,0,0,0,0,0,0,0,0,0,0,0,0,0,0,0,0,0,0,0,0,0,0,0,0,0,0,0,0,0,0,0,0,0,0,0,0,0,0,0,0,0,0,0,0,0,0,0,0,0,0,0,0,0,0,0,0,0,0,0,0,0,0,0,0,0,3,4,14,3,27,13,4,14,6,3
568,0.100000001,69,69,1,64,0,64,0,64,0,68,2176,993,1183,1183,0,3,990,0,5,5,68,1157,1089,3,0,32,5,13,0,1048576,0,0,0,inf,0.854384542,1.03881526,inf,0,0,0,0,0,0,0,0,0,0,0,0,0,0,0,0,0,0,0,0,0,0,0,32,0,0,0,0,0,0,0,0,0,0,0,0,0,0,0,0,0,0,0,0,0,0,0,0,0,0,0,0,0,0,0,0,0,0,0,0,0,0,0,0,0,0,0,0,0,0,0,0,0,0,0,0,0,0,0,0,0,0,0,0,0,0,0,0,0,4294967295,4294967295,4294967295,4294967295,4294967295,50,4294967295,4294967295,4294967295,4294967295
569,1,68,69,3,64,64,0,0,0,67,0,2144,1086,1058,1058,0,1033,53,0,114,57,67,264,1182,1033,0,1023,10,13,0,1048576,0,0,0,inf,inf,0.78993094,0.71228075,0,0,0,0,0,0,0,0,0,0,0,0,0,0,0,0,0,0,0,0,0,0,0,1023,0,0,0,0,0,0,0,0,0,0,0,0,0,0,0,0,0,0,0,0,0,0,0,0,0,0,0,0,0,0,0,0,0,0,0,0,0,0,0,0,0,0,0,0,0,0,0,0,0,0,0,0,0,0,0,0,0,0,0,0,0,0,0,0,0,6,8,5,7,6,13,6,6,2,10
570,0.800000012,69,69,1,64,5,59,4,59,1,67,2176,987,1189,1189,0,61,926,0,47,34,68,701,1083,61,0,703,10,13,0,1048576,0,0,0,inf,0.845579386,0.986279964,0.977977335,0,0,0,0,0,0,0,0,0,0,0,0,0,0,0,0,0,0,0,0,0,0,0,703,0,0,0,0,0,0,0,0,0,0,0,0,0,0,0,0,0,0,0,0,0,0,0,0,0,0,0,0,0,0,0,0,0,0,0,0,0,0,0,0,0,0,0,0,0,0,0,0,0,0,0,0,0,0,0,0,0,0,0,0,0,0,0,0,0,3,9,15,29,15,1,4294967295,6,4294967295,62
571,0.200000003,69,69,1,64,0,64,0,64,0,68,2176,1180,996,996,0,4,1176,0,13,13,68,1344,1276,4,0,40,10,13,0,1048576,0,0,0,inf,0.782722056,0.89428246,1.5036006,0,0,0,0,0,0,0,0,0,0,0,0,0,0,0,0,0,0,0,0,0,0,0,40,0,0,0,0,0,0,0,0,0,0,0,0,0,0,0,0,0,0,0,0,0,0,0,0,0,0,0,0,0,0,0,0,0,0,0,0,0,0,0,0,0,0,0,0,0,0,0,0,0,0,0,0,0,0,0,0,0,0,0,0,0,0,0,0,0,4294967295,4294967295,4294967295,30,4294967295,55,4294967295,4294967295,4294967295,4294967295
572,0.899999976,69,69,1,64,32,32,7,32,25,43,2176,946,1230,1230,0,274,672,0,52,33,68,296,1042,274,0,991,10,13,0,1048576,0,0,0,inf,0.774780631,0.849707067,0.728167236,0,0,0,0,0,0,0,0,0,0,0,0,0,0,0,0,0,0,0,0,0,0,0,991,0,0,0,0,0,0,0,0,0,0,0,0,0,0,0,0,0,0,0,0,0,0,0,0,0,0,0,0,0,0,0,0,0,0,0,0,0,0,0,0,0,0,0,0,0,0,0,0,0,0,0,0,0,0,0,0,0,0,0,0,0,0,0,0,0,2,3,2,5,4,4294967295,5,10,4,3
573,1,67,69,3,64,64,0,0,0,66,0,2112,983,1129,1129,0,926,57,0,100,49,66,253,1079,926,0,1023,10,13,0,1048576,0,0,0,inf,inf,0.78056699,0.657716036,0,0,0,0,0,0,0,0,0,0,0,0,0,0,0,0,0,0,0,0,0,0,0,1023,0,0,0,0,0,0,0,0,0,0,0,0,0,0,0,0,0,0,0,0,0,0,0,0,0,0,0,0,0,0,0,0,0,0,0,0,0,0,0,0,0,0,0,0,0,0,0,0,0,0,0,0,0,0,0,0,0,0,0,0,0,0,0,0,0,3,3,4,3,6,4,5,2,3,5
574,0.800000012,69,69,1,64,10,54,7,54,3,65,2176,1168,1008,1008,0,71,1097,0,50,40,68,591,1264,71,0,383,10,13,0,1048576,0,0,0,inf,0.992989957,1.119946,1.06651807,0,0,0,0,0,0,0,0,0,0,0,0,0,0,0,0,0,0,0,0,0,0,0,383,0,0,0,0,0,0,0,0,0,0,0,0,0,0,0,0,0,0,0,0,0,0,0,0,0,0,0,0,0,0,0,0,0,0,0,0,0,0,0,0,0,0,0,0,0,0,0,0,0,0,0,0,0,0,0,0,0,0,0,0,0,0,0,0,0,17,13,8,27,60,22,26,4294967295,34,4294967295
575,1,69,69,1,64,5,59,3,59,2,66,2176,1243,933,933,0,36,1207,0,25,24,68,886,1339,36,0,1023,10,13,0,1048576,0,0,0,inf,0.991090536,1.06623983,1.08705568,0,0,0,0,0,0,0,0,0,0,0,0,0,0,0,0,0,0,0,0,0,0,0,1023,0,0,0,0,0,0,0,0,0,0,0,0,0,0,0,0,0,0,0,0,0,0,0,0,0,0,0,0,0,0,0,0,0,0,0,0,0,0,0,0,0,0,0,0,0,0,0,0,0,0,0,0,0,0,0,0,0,0,0,0,0,0,0,0,0,14,2,18,35,5,42,43,39,39,38
576,0.100000001,69,69,1,64,0,64,0,64,0,68,2176,1207,969,969,0,1,1206,0,11,11,68,1370,1303,1,0,1,10,13,0,1048576,0,0,0,inf,0.993839324,1.09466803,1.57132351,0,0,0,0,0,0,0,0,0,0,0,0,0,0,0,0,0,0,0,0,0,0,0,1,0,0,0,0,0,0,0,0,0,0,0,0,0,0,0,0,0,0,0,0,0,0,0,0,0,0,0,0,0,0,0,0,0,0,0,0,0,0,0,0,0,0,0,0,0,0,0,0,0,0,0,0,0,0,0,0,0,0,0,0,0,0,0,0,0,46,4294967295,4294967295,4294967295,4294967295,4294967295,4294967295,4294967295,4294967295,4294967295
577,1,69,69,1,64,8,56,6,56,2,66,2176,1308,868,868,0,50,1258,0,26,26,68,868,1404,50,0,1023,10,13,0,1048576,0,0,0,inf,0.952251256,1.02183354,1.00118041,0,0,0,0,0,0,0,0,0,0,0,0,0,0,0,0,0,0,0,0,0,0,0,1023,0,0,0,0,0,0,0,0,0,0,0,0,0,0,0,0,0,0,0,0,0,0,0,0,0,0,0,0,0,0,0,0,0,0,0,0,0,0,0,0,0,0,0,0,0,0,0,0,0,0,0,0,0,0,0,0,0,0,0,0,0,0,0,0,0,2,17,47,14,10,20,46,24,63,27
578,0.800000012,69,69,1,64,3,61,1,61,2,66,2176,1267,909,909,0,56,1211,0,35,32,68,655,1363,56,0,951,10,13,0,1048576,0,0,0,inf,0.918027282,1.00473368,1.01757956,0,0,0,0,0,0,0,0,0,0,0,0,0,0,0,0,0,0,0,0,0,0,0,951,0,0,0,0,0,0,0,0,0,0,0,0,0,0,0,0,0,0,0,0,0,0,0,0,0,0,0,0,0,0,0,0,0,0,0,0,0,0,0,0,0,0,0,0,0,0,0,0,0,0,0,0,0,0,0,0,0,0,0,0,0,0,0,0,0,2,4,1,4294967295,2,19,4294967295,3,5,56
579,0,69,69,1,64,0,64,0,64,0,68,2176,1018,1158,1158,0,1,1017,0,16,15,68,1181,1114,1,0,0,10,13,0,1048576,0,0,0,inf,0.911188841,1.06915283,1.51457739,0,0,0,0,0,0,0,0,0,0,0,0,0,0,0,0,0,0,0,0,0,0,0,0,0,0,0,0,0,0,0,0,0,0,0,0,0,0,0,0,0,0,0,0,0,0,0,0,0,0,0,0,0,0,0,0,0,0,0,0,0,0,0,0,0,0,0,0,0,0,0,0,0,0,0,0,0,0,0,0,0,0,0,0,0,0,0,0,0,4294967295,4294967295,4294967295,4294967295,4294967295,4294967295,4294967295,4294967295,4294967295,4294967295
580,1,69,69,1,64,7,57,5,57,3,65,2176,1087,1089,1089,0,142,945,0,27,23,68,408,1183,142,0,1023,10,13,0,1048576,0,0,0,inf,0.966809869,1.0844686,0.996013045,0,0,0,0,0,0,0,0,0,0,0,0,0,0,0,0,0,0,0,0,0,0,0,1023,0,0,0,0,0,0,0,0,0,0,0,0,0,0,0,0,0,0,0,0,0,0,0,0,0,0,0,0,0,0,0,0,0,0,0,0,0,0,0,0,0,0,0,0,0,0,0,0,0,0,0,0,0,0,0,0,0,0,0,0,0,0,0,0,0,10,0,3,20,1,30,19,10,11,2
581,0.899999976,69,69,1,64,6,58,3,58,3,65,2176,1119,1057,1057,0,95,1024,0,30,29,68,569,1215,95,0,511,10,13,0,1048576,0,0,0,inf,0.954519689,1.10314429,1.03053951,0,0,0,0,0,0,0,0,0,0,0,0,0,0,0,0,0,0,0,0,0,0,0,511,0,0,0,0,0,0,0,0,0,0,0,0,0,0,0,0,0,0,0,0,0,0,0,0,0,0,0,0,0,0,0,0,0,0,0,0,0,0,0,0,0,0,0,0,0,0,0,0,0,0,0,0,0,0,0,0,0,0,0,0,0,0,0,0,0,8,2,1,8,12,2,26,45,2,4294967295
582,1,69,69,1,63,8,55,5,55,3,65,2176,1119,1057,1057,0,111,1008,0,50,38,68,501,1215,111,0,1023,10,13,0,1048576,0,0,0,inf,1.01556897,1.11075222,1.05881047,0,0,0,0,0,0,0,0,0,0,0,0,0,0,0,0,0,0,0,0,0,0,0,1023,0,0,0,0,0,0,0,0,0,0,0,0,0,0,0,0,0,0,0,0,0,0,0,0,0,0,0,0,0,0,0,0,0,0,0,0,0,0,0,0,0,0,0,0,0,0,0,0,0,0,0,0,0,0,0,0,0,0,0,0,0,0,0,0,0,19,48,30,24,27,7,7,13,3,3
583,0.600000024,69,69,1,64,8,56,4,56,4,64,2176,908,1268,1268,0,77,831,0,43,33,68,556,1004,77,0,183,10,13,0,1048576,0,0,0,inf,1.01215553,1.48072314,1.08429706,0,0,0,0,0,0,0,0,0,0,0,0,0,0,0,0,0,0,0,0,0,0,0,183,0,0,0,0,0,0,0,0,0,0,0,0,0,0,0,0,0,0,0,0,0,0,0,0,0,0,0,0,0,0,0,0,0,0,0,0,0,0,0,0,0,0,0,0,0,0,0,0,0,0,0,0,0,0,0,0,0,0,0,0,0,0,0,0,0,5,4,5,4294967295,4,52,4294967295,11,4294967295,4294967295
584,0.600000024,69,69,1,64,2,62,0,62,2,66,2176,1239,937,937,0,34,1205,0,27,24,68,769,1335,34,0,311,10,13,0,1048576,0,0,0,inf,1.0272733,1.1868943,1.17551422,0,0,0,0,0,0,0,0,0,0,0,0,0,0,0,0,0,0,0,0,0,0,0,311,0,0,0,0,0,0,0,0,0,0,0,0,0,0,0,0,0,0,0,0,0,0,0,0,0,0,0,0,0,0,0,0,0,0,0,0,0,0,0,0,0,0,0,0,0,0,0,0,0,0,0,0,0,0,0,0,0,0,0,0,0,0,0,0,0,6,8,8,4294967295,18,8,4294967295,4294967295,4,4294967295
585,0.899999976,69,69,1,64,18,46,8,46,11,57,2176,1385,791,791,0,271,1114,0,70,44,68,321,1481,271,0,1015,10,13,0,1048576,0,0,0,inf,1.01224577,1.05349422,1.0155766,0,0,0,0,0,0,0,0,0,0,0,0,0,0,0,0,0,0,0,0,0,0,0,1015,0,0,0,0,0,0,0,0,0,0,0,0,0,0,0,0,0,0,0,0,0,0,0,0,0,0,0,0,0,0,0,0,0,0,0,0,0,0,0,0,0,0,0,0,0,0,0,0,0,0,0,0,0,0,0,0,0,0,0,0,0,0,0,0,0,27,2,37,4294967295,1,1,5,1,67,66
586,0.800000012,69,69,1,64,12,52,5,52,7,61,2176,1285,891,891,0,163,1122,0,24,23,68,462,1381,163,0,639,10,13,0,1048576,0,0,0,inf,0.976622939,1.06435943,1.01547742,0,0,0,0,0,0,0,0,0,0,0,0,0,0,0,0,0,0,0,0,0,0,0,639,0,0,0,0,0,0,0,0,0,0,0,0,0,0,0,0,0,0,0,0,0,0,0,0,0,0,0,0,0,0,0,0,0,0,0,0,0,0,0,0,0,0,0,0,0,0,0,0,0,0,0,0,0,0,0,0,0,0,0,0,0,0,0,0,0,11,4,10,5,5,28,36,4294967295,4294967295,21
587,0.400000006,69,69,1,64,0,64,0,64,0,68,2176,1115,1061,1061,0,10,1105,0,19,19,68,1234,1211,10,0,547,10,13,0,1048576,0,0,0,inf,0.956836045,1.07252049,1.30121279,0,0,0,0,0,0,0,0,0,0,0,0,0,0,0,0,0,0,0,0,0,0,0,547,0,0,0,0,0,0,0,0,0,0,0,0,0,0,0,0,0,0,0,0,0,0,0,0,0,0,0,0,0,0,0,0,0,0,0,0,0,0,0,0,0,0,0,0,0,0,0,0,0,0,0,0,0,0,0,0,0,0,0,0,0,0,0,0,0,1,6,4294967295,4294967295,4294967295,4,4294967295,4294967295,4294967295,36
588,1,69,69,1,64,42,22,19,22,23,45,2176,1020,1156,1156,0,415,605,0,67,39,68,289,1116,415,0,1023,10,13,0,1048576,0,0,0,inf,0.905824661,1.00708675,0.872871101,0,0,0,0,0,0,0,0,0,0,0,0,0,0,0,0,0,0,0,0,0,0,0,1023,0,0,0,0,0,0,0,0,0,0,0,0,0,0,0,0,0,0,0,0,0,0,0,0,0,0,0,0,0,0,0,0,0,0,0,0,0,0,0,0,0,0,0,0,0,0,0,0,0,0,0,0,0,0,0,0,0,0,0,0,0,0,0,0,0,4,6,4,6,3,6,5,1,2,19
589,0.899999976,69,69,1,64,16,48,7,48,9,59,2176,1135,1041,1041,0,172,963,0,55,42,68,453,1231,172,0,511,10,13,0,1048576,0,0,0,inf,1.01895881,1.12832332,1.02214146,0,0,0,0,0,0,0,0,0,0,0,0,0,0,0,0,0,0,0,0,0,0,0,511,0,0,0,0,0,0,0,0,0,0,0,0,0,0,0,0,0,0,0,0,0,0,0,0,0,0,0,0,0,0,0,0,0,0,0,0,0,0,0,0,0,0,0,0,0,0,0,0,0,0,0,0,0,0,0,0,0,0,0,0,0,0,0,0,0,45,61,18,27,32,19,10,9,21,4294967295
590,0.699999988,69,69,1,64,3,61,2,61,1,67,2176,1277,899,899,0,129,1148,0,37,31,68,587,1373,129,0,127,10,13,0,1048576,0,0,0,inf,1.07675076,1.1773169,1.14775383,0,0,0,0,0,0,0,0,0,0,0,0,0,0,0,0,0,0,0,0,0,0,0,127,0,0,0,0,0,0,0,0,0,0,0,0,0,0,0,0,0,0,0,0,0,0,0,0,0,0,0,0,0,0,0,0,0,0,0,0,0,0,0,0,0,0,0,0,0,0,0,0,0,0,0,0,0,0,0,0,0,0,0,0,0,0,0,0,0,1,5,15,5,2,16,28,4294967295,4294967295,4294967295
591,0.899999976,69,69,1,64,4,60,3,60,1,67,2176,1244,932,932,0,90,1154,0,38,31,68,610,1340,90,0,1015,10,13,0,1048576,0,0,0,inf,0.998821735,1.11015296,1.06017375,0,0,0,0,0,0,0,0,0,0,0,0,0,0,0,0,0,0,0,0,0,0,0,1015,0,0,0,0,0,0,0,0,0,0,0,0,0,0,0,0,0,0,0,0,0,0,0,0,0,0,0,0,0,0,0,0,0,0,0,0,0,0,0,0,0,0,0,0,0,0,0,0,0,0,0,0,0,0,0,0,0,0,0,0,0,0,0,0,0,9,39,5,4294967295,9,5,5,29,9,49
592,0.800000012,69,69,1,64,6,58,2,58,4,64,2176,1354,822,822,0,121,1233,0,42,34,68,611,1450,121,0,735,10,13,0,1048576,0,0,0,inf,0.997830868,1.13362837,1.06769836,0,0,0,0,0,0,0,0,0,0,0,0,0,0,0,0,0,0,0,0,0,0,0,735,0,0,0,0,0,0,0,0,0,0,0,0,0,0,0,0,0,0,0,0,0,0,0,0,0,0,0,0,0,0,0,0,0,0,0,0,0,0,0,0,0,0,0,0,0,0,0,0,0,0,0,0,0,0,0,0,0,0,0,0,0,0,0,0,0,10,38,17,1,2,4294967295,30,30,4294967295,60
593,0.699999988,69,69,1,64,2,62,1,62,1,67,2176,1116,1060,1060,0,42,1074,0,26,26,68,754,1212,42,0,415,10,13,0,1048576,0,0,0,inf,0.924219012,1.06648231,1.07031298,0,0,0,0,0,0,0,0,0,0,0,0,0,0,0,0,0,0,0,0,0,0,0,415,0,0,0,0,0,0,0,0,0,0,0,0,0,0,0,0,0,0,0,0,0,0,0,0,0,0,0,0,0,0,0,0,0,0,0,0,0,0,0,0,0,0,0,0,0,0,0,0,0,0,0,0,0,0,0,0,0,0,0,0,0,0,0,0,0,1,11,36,9,12,4294967295,4294967295,12,9,4294967295
594,1,69,69,1,64,13,51,7,51,6,62,2176,1071,1105,1105,0,134,937,0,50,36,68,447,1167,134,0,1023,10,13,0,1048576,0,0,0,inf,1.01211369,1.16417551,1.02772522,0,0,0,0,0,0,0,0,0,0,0,0,0,0,0,0,0,0,0,0,0,0,0,1023,0,0,0,0,0,0,0,0,0,0,0,0,0,0,0,0,0,0,0,0,0,0,0,0,0,0,0,0,0,0,0,0,0,0,0,0,0,0,0,0,0,0,0,0,0,0,0,0,0,0,0,0,0,0,0,0,0,0,0,0,0,0,0,0,0,56,7,38,9,27,8,14,14,27,6
595,0,69,69,1,64,0,64,0,64,0,68,2176,1163,1013,1013,0,0,1163,0,0,0,68,1327,1259,0,0,0,0,13,0,1048576,0,0,0,inf,0.988150537,1.0927701,inf,0,0,0,0,0,0,0,0,0,0,0,0,0,0,0,0,0,0,0,0,0,0,0,0,0,0,0,0,0,0,0,0,0,0,0,0,0,0,0,0,0,0,0,0,0,0,0,0,0,0,0,0,0,0,0,0,0,0,0,0,0,0,0,0,0,0,0,0,0,0,0,0,0,0,0,0,0,0,0,0,0,0,0,0,0,0,0,0,0,4294967295,4294967295,4294967295,4294967295,4294967295,4294967295,4294967295,4294967295,4294967295,4294967295
596,0.100000001,69,69,1,64,0,64,0,64,0,68,2176,1406,770,770,0,1,1405,0,11,11,68,1570,1502,1,0,64,10,13,0,1048576,0,0,0,inf,0.971514106,1.07121313,1.55960131,0,0,0,0,0,0,0,0,0,0,0,0,0,0,0,0,0,0,0,0,0,0,0,64,0,0,0,0,0,0,0,0,0,0,0,0,0,0,0,0,0,0,0,0,0,0,0,0,0,0,0,0,0,0,0,0,0,0,0,0,0,0,0,0,0,0,0,0,0,0,0,0,0,0,0,0,0,0,0,0,0,0,0,0,0,0,0,0,0,4294967295,4294967295,4294967295,4294967295,4294967295,4294967295,6,4294967295,4294967295,4294967295
597,1,69,69,1,64,15,49,9,49,6,62,2176,1146,1030,1030,0,152,994,0,54,43,68,488,1242,152,0,1023,10,13,0,1048576,0,0,0,inf,1.02274871,1.14083648,1.04459965,0,0,0,0,0,0,0,0,0,0,0,0,0,0,0,0,0,0,0,0,0,0,0,1023,0,0,0,0,0,0,0,0,0,0,0,0,0,0,0,0,0,0,0,0,0,0,0,0,0,0,0,0,0,0,0,0,0,0,0,0,0,0,0,0,0,0,0,0,0,0,0,0,0,0,0,0,0,0,0,0,0,0,0,0,0,0,0,0,0,59,38,19,9,7,14,31,44,3,44
598,0,69,69,1,64,0,64,0,64,0,68,2176,552,1624,1624,0,0,552,0,9,9,68,716,648,0,0,0,9,13,0,1048576,0,0,0,inf,0.774286032,0.982889414,inf,0,0,0,0,0,0,0,0,0,0,0,0,0,0,0,0,0,0,0,0,0,0,0,0,0,0,0,0,0,0,0,0,0,0,0,0,0,0,0,0,0,0,0,0,0,0,0,0,0,0,0,0,0,0,0,0,0,0,0,0,0,0,0,0,0,0,0,0,0,0,0,0,0,0,0,0,0,0,0,0,0,0,0,0,0,0,0,0,0,4294967295,4294967295,4294967295,4294967295,4294967295,4294967295,4294967295,4294967295,4294967295,4294967295
599,0,69,69,1,64,0,64,0,64,0,68,2176,1326,850,850,0,0,1326,0,10,10,68,1490,1422,0,0,0,10,13,0,1048576,0,0,0,inf,0.921698093,1.03793216,1.6312089,0,0,0,0,0,0,0,0,0,0,0,0,0,0,0,0,0,0,0,0,0,0,0,0,0,0,0,0,0,0,0,0,0,0,0,0,0,0,0,0,0,0,0,0,0,0,0,0,0,0,0,0,0,0,0,0,0,0,0,0,0,0,0,0,0,0,0,0,0,0,0,0,0,0,0,0,0,0,0,0,0,0,0,0,0,0,0,0,0,4294967295,4294967295,4294967295,4294967295,4294967295,4294967295,4294967295,4294967295,4294967295,4294967295
600,0.100000001,69,69,1,64,0,64,0,64,0,68,2176,1189,987,987,0,2,1187,0,4,4,68,1353,1285,2,0,1,4,13,0,1048576,0,0,0,inf,0.93842876,1.02246213,inf,0,0,0,0,0,0,0,0,0,0,0,0,0,0,0,0,0,0,0,0,0,0,0,1,0,0,0,0,0,0,0,0,0,0,0,0,0,0,0,0,0,0,0,0,0,0,0,0,0,0,0,0,0,0,0,0,0,0,0,0,0,0,0,0,0,0,0,0,0,0,0,0,0,0,0,0,0,0,0,0,0,0,0,0,0,0,0,0,0,65,4294967295,4294967295,4294967295,4294967295,4294967295,4294967295,4294967295,4294967295,4294967295
601,0.300000012,69,69,1,64,0,64,0,64,0,68,2176,1076,1100,1100,0,10,1066,0,19,19,68,1222,1172,10,0,515,10,13,0,1048576,0,0,0,inf,0.919037223,1.11946845,1.31179953,0,0,0,0,0,0,0,0,0,0,0,0,0,0,0,0,0,0,0,0,0,0,0,515,0,0,0,0,0,0,0,0,0,0,0,0,0,0,0,0,0,0,0,0,0,0,0,0,0,0,0,0,0,0,0,0,0,0,0,0,0,0,0,0,0,0,0,0,0,0,0,0,0,0,0,0,0,0,0,0,0,0,0,0,0,0,0,0,0,1,6,4294967295,4294967295,4294967295,4294967295,4294967295,4294967295,4294967295,5
602,0.5,69,69,1,64,3,61,0,61,3,65,2176,1210,966,966,0,27,1183,0,23,23,68,1138,1306,27,0,143,10,13,0,1048576,0,0,0,inf,0.983168602,1.09934306,1.17302907,0,0,0,0,0,0,0,0,0,0,0,0,0,0,0,0,0,0,0,0,0,0,0,143,0,0,0,0,0,0,0,0,0,0,0,0,0,0,0,0,0,0,0,0,0,0,0,0,0,0,0,0,0,0,0,0,0,0,0,0,0,0,0,0,0,0,0,0,0,0,0,0,0,0,0,0,0,0,0,0,0,0,0,0,0,0,0,0,0,2,1,19,34,4294967295,4294967295,4294967295,14,4294967295,4294967295
603,1,69,69,1,64,63,1,2,1,62,6,2176,820,1356,1356,0,702,118,0,97,51,68,247,916,702,0,1023,10,13,0,1048576,0,0,0,inf,0.980470359,0.989269495,0.781222105,0,0,0,0,0,0,0,0,0,0,0,0,0,0,0,0,0,0,0,0,0,0,0,1023,0,0,0,0,0,0,0,0,0,0,0,0,0,0,0,0,0,0,0,0,0,0,0,0,0,0,0,0,0,0,0,0,0,0,0,0,0,0,0,0,0,0,0,0,0,0,0,0,0,0,0,0,0,0,0,0,0,0,0,0,0,0,0,0,0,5,6,6,8,7,6,7,10,9,12
604,0.400000006,69,69,1,64,3,61,2,61,1,67,2176,1057,1119,1119,0,18,1039,0,23,15,68,1182,1153,18,0,83,10,13,0,1048576,0,0,0,inf,0.926717758,1.05013084,1.19844961,0,0,0,0,0,0,0,0,0,0,0,0,0,0,0,0,0,0,0,0,0,0,0,83,0,0,0,0,0,0,0,0,0,0,0,0,0,0,0,0,0,0,0,0,0,0,0,0,0,0,0,0,0,0,0,0,0,0,0,0,0,0,0,0,0,0,0,0,0,0,0,0,0,0,0,0,0,0,0,0,0,0,0,0,0,0,0,0,0,2,2,4294967295,4294967295,55,4294967295,55,4294967295,4294967295,4294967295
605,1,67,69,3,64,64,0,0,0,65,1,2112,994,1118,1118,0,894,100,0,94,51,66,238,1090,894,0,1023,10,13,0,1048576,0,0,0,inf,inf,0.883910656,0.774856091,0,0,0,0,0,0,0,0,0,0,0,0,0,0,0,0,0,0,0,0,0,0,0,1023,0,0,0,0,0,0,0,0,0,0,0,0,0,0,0,0,0,0,0,0,0,0,0,0,0,0,0,0,0,0,0,0,0,0,0,0,0,0,0,0,0,0,0,0,0,0,0,0,0,0,0,0,0,0,0,0,0,0,0,0,0,0,0,0,0,5,5,3,2,5,3,4,9,12,8
606,0.800000012,69,69,1,64,4,60,2,60,2,66,2176,1049,1127,1127,0,65,984,0,40,32,68,697,1145,65,0,639,10,13,0,1048576,0,0,0,inf,0.920291603,1.03249216,1.01193011,0,0,0,0,0,0,0,0,0,0,0,0,0,0,0,0,0,0,0,0,0,0,0,639,0,0,0,0,0,0,0,0,0,0,0,0,0,0,0,0,0,0,0,0,0,0,0,0,0,0,0,0,0,0,0,0,0,0,0,0,0,0,0,0,0,0,0,0,0,0,0,0,0,0,0,0,0,0,0,0,0,0,0,0,0,0,0,0,0,1,8,2,10,55,14,2,4294967295,4294967295,14
607,0.899999976,69,69,1,64,17,47,9,47,9,59,2176,1136,1040,1040,0,228,908,0,66,39,68,349,1232,228,0,1007,10,13,0,1048576,0,0,0,inf,0.82485193,0.907652259,0.842500329,0,0,0,0,0,0,0,0,0,0,0,0,0,0,0,0,0,0,0,0,0,0,0,1007,0,0,0,0,0,0,0,0,0,0,0,0,0,0,0,0,0,0,0,0,0,0,0,0,0,0,0,0,0,0,0,0,0,0,0,0,0,0,0,0,0,0,0,0,0,0,0,0,0,0,0,0,0,0,0,0,0,0,0,0,0,0,0,0,0,17,1,21,3,4294967295,1,64,1,9,19
608,0.300000012,69,69,1,64,0,64,0,64,0,68,2176,1137,1039,1039,0,3,1134,0,13,13,68,1301,1233,3,0,21,10,13,0,1048576,0,0,0,inf,0.87805748,0.991967678,1.47340262,0,0,0,0,0,0,0,0,0,0,0,0,0,0,0,0,0,0,0,0,0,0,0,21,0,0,0,0,0,0,0,0,0,0,0,0,0,0,0,0,0,0,0,0,0,0,0,0,0,0,0,0,0,0,0,0,0,0,0,0,0,0,0,0,0,0,0,0,0,0,0,0,0,0,0,0,0,0,0,0,0,0,0,0,0,0,0,0,0,17,4294967295,44,4294967295,37,4294967295,4294967295,4294967295,4294967295,4294967295
609,1,69,69,1,64,63,1,4,1,60,8,2176,1109,1067,1067,0,867,242,0,86,34,68,229,1205,867,0,1023,10,13,0,1048576,0,0,0,inf,0.860383391,0.889299452,0.736638963,0,0,0,0,0,0,0,0,0,0,0,0,0,0,0,0,0,0,0,0,0,0,0,1023,0,0,0,0,0,0,0,0,0,0,0,0,0,0,0,0,0,0,0,0,0,0,0,0,0,0,0,0,0,0,0,0,0,0,0,0,0,0,0,0,0,0,0,0,0,0,0,0,0,0,0,0,0,0,0,0,0,0,0,0,0,0,0,0,0,1,1,0,1,1,4,2,9,5,2
610,1,69,69,1,64,2,62,1,62,1,67,2176,1147,1029,1029,0,28,1119,0,42,28,68,850,1243,28,0,1023,10,13,0,1048576,0,0,0,inf,0.88155508,0.975534797,1.01143551,0,0,0,0,0,0,0,0,0,0,0,0,0,0,0,0,0,0,0,0,0,0,0,1023,0,0,0,0,0,0,0,0,0,0,0,0,0,0,0,0,0,0,0,0,0,0,0,0,0,0,0,0,0,0,0,0,0,0,0,0,0,0,0,0,0,0,0,0,0,0,0,0,0,0,0,0,0,0,0,0,0,0,0,0,0,0,0,0,0,17,9,7,57,22,56,27,22,22,6
611,0,69,69,1,64,0,64,0,64,0,68,2176,1280,896,896,0,0,1280,0,7,7,68,1444,1376,0,0,0,7,13,0,1048576,0,0,0,inf,0.923688531,1.01303613,inf,0,0,0,0,0,0,0,0,0,0,0,0,0,0,0,0,0,0,0,0,0,0,0,0,0,0,0,0,0,0,0,0,0,0,0,0,0,0,0,0,0,0,0,0,0,0,0,0,0,0,0,0,0,0,0,0,0,0,0,0,0,0,0,0,0,0,0,0,0,0,0,0,0,0,0,0,0,0,0,0,0,0,0,0,0,0,0,0,0,4294967295,4294967295,4294967295,4294967295,4294967295,4294967295,4294967295,4294967295,4294967295,4294967295
612,1,69,69,1,64,57,7,9,7,49,19,2176,1125,1051,1051,0,769,356,0,77,35,68,228,1221,769,0,1023,10,13,0,1048576,0,0,0,inf,0.92406404,1.04219675,0.857245564,0,0,0,0,0,0,0,0,0,0,0,0,0,0,0,0,0,0,0,0,0,0,0,1023,0,0,0,0,0,0,0,0,0,0,0,0,0,0,0,0,0,0,0,0,0,0,0,0,0,0,0,0,0,0,0,0,0,0,0,0,0,0,0,0,0,0,0,0,0,0,0,0,0,0,0,0,0,0,0,0,0,0,0,0,0,0,0,0,0,1,1,0,2,25,9,21,2,5,0
613,1,69,69,1,64,11,53,5,53,6,62,2176,1086,1090,1090,0,143,943,0,54,40,68,458,1182,143,0,1023,10,13,0,1048576,0,0,0,inf,0.998488724,1.07779622,1.0310961,0,0,0,0,0,0,0,0,0,0,0,0,0,0,0,0,0,0,0,0,0,0,0,1023,0,0,0,0,0,0,0,0,0,0,0,0,0,0,0,0,0,0,0,0,0,0,0,0,0,0,0,0,0,0,0,0,0,0,0,0,0,0,0,0,0,0,0,0,0,0,0,0,0,0,0,0,0,0,0,0,0,0,0,0,0,0,0,0,0,64,50,7,6,29,20,9,6,7,11
614,0.800000012,69,69,1,64,8,56,2,56,6,62,2176,1081,1095,1095,0,152,929,0,53,34,68,405,1177,152,0,893,10,13,0,1048576,0,0,0,inf,1.02495241,1.13520765,1.0575521,0,0,0,0,0,0,0,0,0,0,0,0,0,0,0,0,0,0,0,0,0,0,0,893,0,0,0,0,0,0,0,0,0,0,0,0,0,0,0,0,0,0,0,0,0,0,0,0,0,0,0,0,0,0,0,0,0,0,0,0,0,0,0,0,0,0,0,0,0,0,0,0,0,0,0,0,0,0,0,0,0,0,0,0,0,0,0,0,0,3,4294967295,5,3,4,6,12,4294967295,3,9
615,0.5,69,69,1,64,4,60,2,60,2,66,2176,1034,1142,1142,0,54,980,0,35,30,68,704,1130,54,0,55,10,13,0,1048576,0,0,0,inf,0.997610867,1.12895536,1.11715841,0,0,0,0,0,0,0,0,0,0,0,0,0,0,0,0,0,0,0,0,0,0,0,55,0,0,0,0,0,0,0,0,0,0,0,0,0,0,0,0,0,0,0,0,0,0,0,0,0,0,0,0,0,0,0,0,0,0,0,0,0,0,0,0,0,0,0,0,0,0,0,0,0,0,0,0,0,0,0,0,0,0,0,0,0,0,0,0,0,9,10,3,4294967295,9,12,4294967295,4294967295,4294967295,4294967295
616,1,69,69,1,64,18,46,10,46,8,60,2176,935,1241,1241,0,179,756,0,49,36,68,354,1031,179,0,1023,10,13,0,1048576,0,0,0,inf,0.950665593,1.06219637,0.956380486,0,0,0,0,0,0,0,0,0,0,0,0,0,0,0,0,0,0,0,0,0,0,0,1023,0,0,0,0,0,0,0,0,0,0,0,0,0,0,0,0,0,0,0,0,0,0,0,0,0,0,0,0,0,0,0,0,0,0,0,0,0,0,0,0,0,0,0,0,0,0,0,0,0,0,0,0,0,0,0,0,0,0,0,0,0,0,0,0,0,6,5,2,7,48,9,12,11,12,36
617,0.5,69,69,1,64,3,61,1,61,2,66,2176,1065,1111,1111,0,19,1046,0,18,18,68,1059,1161,19,0,31,10,13,0,1048576,0,0,0,inf,1.02649081,1.18070972,1.21194005,0,0,0,0,0,0,0,0,0,0,0,0,0,0,0,0,0,0,0,0,0,0,0,31,0,0,0,0,0,0,0,0,0,0,0,0,0,0,0,0,0,0,0,0,0,0,0,0,0,0,0,0,0,0,0,0,0,0,0,0,0,0,0,0,0,0,0,0,0,0,0,0,0,0,0,0,0,0,0,0,0,0,0,0,0,0,0,0,0,5,13,25,64,18,4294967295,4294967295,4294967295,4294967295,4294967295
618,0.699999988,69,69,1,64,1,63,1,63,0,68,2176,1261,915,915,0,44,1217,0,32,31,68,752,1357,44,0,635,10,13,0,1048576,0,0,0,inf,0.893128514,0.996108174,0.982412934,0,0,0,0,0,0,0,0,0,0,0,0,0,0,0,0,0,0,0,0,0,0,0,635,0,0,0,0,0,0,0,0,0,0,0,0,0,0,0,0,0,0,0,0,0,0,0,0,0,0,0,0,0,0,0,0,0,0,0,0,0,0,0,0,0,0,0,0,0,0,0,0,0,0,0,0,0,0,0,0,0,0,0,0,0,0,0,0,0,23,1,4294967295,10,22,13,11,4294967295,4294967295,12
619,0.400000006,69,69,1,64,2,62,2,62,0,68,2176,1305,871,871,0,11,1294,0,20,20,68,1433,1401,11,0,83,10,13,0,1048576,0,0,0,inf,0.939828098,1.02179432,1.1731987,0,0,0,0,0,0,0,0,0,0,0,0,0,0,0,0,0,0,0,0,0,0,0,83,0,0,0,0,0,0,0,0,0,0,0,0,0,0,0,0,0,0,0,0,0,0,0,0,0,0,0,0,0,0,0,0,0,0,0,0,0,0,0,0,0,0,0,0,0,0,0,0,0,0,0,0,0,0,0,0,0,0,0,0,0,0,0,0,0,28,31,4294967295,4294967295,48,4294967295,64,4294967295,4294967295,4294967295
620,1,68,69,3,64,64,0,0,0,65,2,2144,1266,878,878,0,1175,91,0,94,49,67,236,1362,1175,0,1023,10,13,0,1048576,0,0,0,inf,inf,0.932908952,0.850980282,0,0,0,0,0,0,0,0,0,0,0,0,0,0,0,0,0,0,0,0,0,0,0,1023,0,0,0,0,0,0,0,0,0,0,0,0,0,0,0,0,0,0,0,0,0,0,0,0,0,0,0,0,0,0,0,0,0,0,0,0,0,0,0,0,0,0,0,0,0,0,0,0,0,0,0,0,0,0,0,0,0,0,0,0,0,0,0,0,0,4,10,3,14,4,31,16,5,7,4
621,0.899999976,69,69,1,64,3,61,1,61,2,66,2176,985,1191,1191,0,64,921,0,36,34,68,649,1081,64,0,1007,10,13,0,1048576,0,0,0,inf,0.988981843,1.09336329,1.0824616,0,0,0,0,0,0,0,0,0,0,0,0,0,0,0,0,0,0,0,0,0,0,0,1007,0,0,0,0,0,0,0,0,0,0,0,0,0,0,0,0,0,0,0,0,0,0,0,0,0,0,0,0,0,0,0,0,0,0,0,0,0,0,0,0,0,0,0,0,0,0,0,0,0,0,0,0,0,0,0,0,0,0,0,0,0,0,0,0,0,1,12,4,4,4294967295,27,20,26,27,27
622,1,69,69,1,64,38,26,17,26,21,47,2176,907,1269,1269,0,333,574,0,67,39,68,298,1003,333,0,1023,10,13,0,1048576,0,0,0,inf,0.885083556,0.942955315,0.857835174,0,0,0,0,0,0,0,0,0,0,0,0,0,0,0,0,0,0,0,0,0,0,0,1023,0,0,0,0,0,0,0,0,0,0,0,0,0,0,0,0,0,0,0,0,0,0,0,0,0,0,0,0,0,0,0,0,0,0,0,0,0,0,0,0,0,0,0,0,0,0,0,0,0,0,0,0,0,0,0,0,0,0,0,0,0,0,0,0,0,5,5,1,6,7,6,6,5,6,7
623,0.100000001,69,69,1,64,0,64,0,64,0,68,2176,1177,999,999,0,1,1176,0,4,4,68,1341,1273,1,0,1,4,13,0,1048576,0,0,0,inf,0.985807419,1.09037805,inf,0,0,0,0,0,0,0,0,0,0,0,0,0,0,0,0,0,0,0,0,0,0,0,1,0,0,0,0,0,0,0,0,0,0,0,0,0,0,0,0,0,0,0,0,0,0,0,0,0,0,0,0,0,0,0,0,0,0,0,0,0,0,0,0,0,0,0,0,0,0,0,0,0,0,0,0,0,0,0,0,0,0,0,0,0,0,0,0,0,38,4294967295,4294967295,4294967295,4294967295,4294967295,4294967295,4294967295,4294967295,4294967295
624,0,69,69,1,64,0,64,0,64,0,68,2176,1053,1123,1123,0,0,1053,0,7,7,68,1217,1149,0,0,0,7,13,0,1048576,0,0,0,inf,0.995142579,1.14666295,inf,0,0,0,0,0,0,0,0,0,0,0,0,0,0,0,0,0,0,0,0,0,0,0,0,0,0,0,0,0,0,0,0,0,0,0,0,0,0,0,0,0,0,0,0,0,0,0,0,0,0,0,0,0,0,0,0,0,0,0,0,0,0,0,0,0,0,0,0,0,0,0,0,0,0,0,0,0,0,0,0,0,0,0,0,0,0,0,0,0,4294967295,4294967295,4294967295,4294967295,4294967295,4294967295,4294967295,4294967295,4294967295,4294967295
625,0.5,69,69,1,64,10,54,7,54,3,65,2176,751,1425,1425,0,51,700,0,28,25,68,570,847,51,0,91,10,13,0,1048576,0,0,0,inf,0.948571205,1.10287929,1.03401589,0,0,0,0,0,0,0,0,0,0,0,0,0,0,0,0,0,0,0,0,0,0,0,91,0,0,0,0,0,0,0,0,0,0,0,0,0,0,0,0,0,0,0,0,0,0,0,0,0,0,0,0,0,0,0,0,0,0,0,0,0,0,0,0,0,0,0,0,0,0,0,0,0,0,0,0,0,0,0,0,0,0,0,0,0,0,0,0,0,2,59,4294967295,3,62,4294967295,3,4294967295,4294967295,4294967295
626,0.100000001,69,69,1,64,0,64,0,64,0,68,2176,1076,1100,1100,0,2,1074,0,12,12,68,1240,1172,2,0,1,10,13,0,1048576,0,0,0,inf,1.03379059,1.15361238,1.55311763,0,0,0,0,0,0,0,0,0,0,0,0,0,0,0,0,0,0,0,0,0,0,0,1,0,0,0,0,0,0,0,0,0,0,0,0,0,0,0,0,0,0,0,0,0,0,0,0,0,0,0,0,0,0,0,0,0,0,0,0,0,0,0,0,0,0,0,0,0,0,0,0,0,0,0,0,0,0,0,0,0,0,0,0,0,0,0,0,0,31,4294967295,4294967295,4294967295,4294967295,4294967295,4294967295,4294967295,4294967295,4294967295
627,0,69,69,1,64,0,64,0,64,0,68,2176,1308,868,868,0,0,1308,0,0,0,68,1472,1404,0,0,0,0,13,0,1048576,0,0,0,inf,1.00031137,1.11470056,inf,0,0,0,0,0,0,0,0,0,0,0,0,0,0,0,0,0,0,0,0,0,0,0,0,0,0,0,0,0,0,0,0,0,0,0,0,0,0,0,0,0,0,0,0,0,0,0,0,0,0,0,0,0,0,0,0,0,0,0,0,0,0,0,0,0,0,0,0,0,0,0,0,0,0,0,0,0,0,0,0,0,0,0,0,0,0,0,0,0,4294967295,4294967295,4294967295,4294967295,4294967295,4294967295,4294967295,4294967295,4294967295,4294967295
628,0.800000012,69,69,1,64,2,62,1,62,1,67,2176,1292,884,884,0,52,1240,0,35,31,68,696,1388,52,0,759,10,13,0,1048576,0,0,0,inf,0.923191607,1.06280398,1.03990602,0,0,0,0,0,0,0,0,0,0,0,0,0,0,0,0,0,0,0,0,0,0,0,759,0,0,0,0,0,0,0,0,0,0,0,0,0,0,0,0,0,0,0,0,0,0,0,0,0,0,0,0,0,0,0,0,0,0,0,0,0,0,0,0,0,0,0,0,0,0,0,0,0,0,0,0,0,0,0,0,0,0,0,0,0,0,0,0,0,2,4,1,4294967295,2,28,5,3,4294967295,61
629,1,69,69,1,64,12,52,6,52,6,62,2176,968,1208,1208,0,132,836,0,47,34,68,363,1064,132,0,1023,10,13,0,1048576,0,0,0,inf,0.985728264,1.13368511,1.00487447,0,0,0,0,0,0,0,0,0,0,0,0,0,0,0,0,0,0,0,0,0,0,0,1023,0,0,0,0,0,0,0,0,0,0,0,0,0,0,0,0,0,0,0,0,0,0,0,0,0,0,0,0,0,0,0,0,0,0,0,0,0,0,0,0,0,0,0,0,0,0,0,0,0,0,0,0,0,0,0,0,0,0,0,0,0,0,0,0,0,3,56,3,2,4,4,13,10,2,4
630,1,69,69,1,64,6,58,3,58,3,65,2176,1336,840,840,0,115,1221,0,52,35,68,578,1432,115,0,1023,10,13,0,1048576,0,0,0,inf,0.860599399,0.9481107,0.913355052,0,0,0,0,0,0,0,0,0,0,0,0,0,0,0,0,0,0,0,0,0,0,0,1023,0,0,0,0,0,0,0,0,0,0,0,0,0,0,0,0,0,0,0,0,0,0,0,0,0,0,0,0,0,0,0,0,0,0,0,0,0,0,0,0,0,0,0,0,0,0,0,0,0,0,0,0,0,0,0,0,0,0,0,0,0,0,0,0,0,30,21,0,2,21,5,5,41,6,25
631,0.800000012,69,69,1,64,2,62,0,62,2,66,2176,1219,957,957,0,85,1134,0,38,34,68,675,1315,85,0,639,10,13,0,1048576,0,0,0,inf,0.978263497,1.0958364,1.06593347,0,0,0,0,0,0,0,0,0,0,0,0,0,0,0,0,0,0,0,0,0,0,0,639,0,0,0,0,0,0,0,0,0,0,0,0,0,0,0,0,0,0,0,0,0,0,0,0,0,0,0,0,0,0,0,0,0,0,0,0,0,0,0,0,0,0,0,0,0,0,0,0,0,0,0,0,0,0,0,0,0,0,0,0,0,0,0,0,0,14,2,1,30,16,17,21,4294967295,4294967295,17
632,1,69,69,1,64,42,22,8,22,34,34,2176,1264,912,912,0,346,918,0,39,27,68,286,1360,346,0,1023,10,13,0,1048576,0,0,0,inf,0.964143991,1.02420378,0.895922005,0,0,0,0,0,0,0,0,0,0,0,0,0,0,0,0,0,0,0,0,0,0,0,1023,0,0,0,0,0,0,0,0,0,0,0,0,0,0,0,0,0,0,0,0,0,0,0,0,0,0,0,0,0,0,0,0,0,0,0,0,0,0,0,0,0,0,0,0,0,0,0,0,0,0,0,0,0,0,0,0,0,0,0,0,0,0,0,0,0,2,4,12,2,2,14,2,11,3,15
633,1,69,69,1,64,5,59,3,59,2,66,2176,1046,1130,1130,0,49,997,0,31,31,68,745,1142,49,0,1023,10,13,0,1048576,0,0,0,inf,0.958652556,1.09986424,1.07759345,0,0,0,0,0,0,0,0,0,0,0,0,0,0,0,0,0,0,0,0,0,0,0,1023,0,0,0,0,0,0,0,0,0,0,0,0,0,0,0,0,0,0,0,0,0,0,0,0,0,0,0,0,0,0,0,0,0,0,0,0,0,0,0,0,0,0,0,0,0,0,0,0,0,0,0,0,0,0,0,0,0,0,0,0,0,0,0,0,0,7,8,23,6,48,65,63,59,25,25
634,1,69,69,1,64,4,60,1,60,3,65,2176,1202,974,974,0,43,1159,0,31,29,68,758,1298,43,0,1023,10,13,0,1048576,0,0,0,inf,0.909706593,1.01410699,1.0177052,0,0,0,0,0,0,0,0,0,0,0,0,0,0,0,0,0,0,0,0,0,0,0,1023,0,0,0,0,0,0,0,0,0,0,0,0,0,0,0,0,0,0,0,0,0,0,0,0,0,0,0,0,0,0,0,0,0,0,0,0,0,0,0,0,0,0,0,0,0,0,0,0,0,0,0,0,0,0,0,0,0,0,0,0,0,0,0,0,0,4,19,4,6,4,4,65,31,15,40
635,0,69,69,1,64,0,64,0,64,0,68,2176,995,1181,1181,0,0,995,0,0,0,68,1159,1091,0,0,0,0,13,0,1048576,0,0,0,inf,0.929776549,1.04278648,inf,0,0,0,0,0,0,0,0,0,0,0,0,0,0,0,0,0,0,0,0,0,0,0,0,0,0,0,0,0,0,0,0,0,0,0,0,0,0,0,0,0,0,0,0,0,0,0,0,0,0,0,0,0,0,0,0,0,0,0,0,0,0,0,0,0,0,0,0,0,0,0,0,0,0,0,0,0,0,0,0,0,0,0,0,0,0,0,0,0,4294967295,4294967295,4294967295,4294967295,4294967295,4294967295,4294967295,4294967295,4294967295,4294967295
636,0.699999988,69,69,1,64,1,63,0,63,1,67,2176,1277,899,899,0,26,1251,0,40,24,68,1293,1373,26,0,687,10,13,0,1048576,0,0,0,inf,0.882655621,0.964527726,1.10836506,0,0,0,0,0,0,0,0,0,0,0,0,0,0,0,0,0,0,0,0,0,0,0,687,0,0,0,0,0,0,0,0,0,0,0,0,0,0,0,0,0,0,0,0,0,0,0,0,0,0,0,0,0,0,0,0,0,0,0,0,0,0,0,0,0,0,0,0,0,0,0,0,0,0,0,0,0,0,0,0,0,0,0,0,0,0,0,0,0,6,6,37,37,4294967295,37,4294967295,37,4294967295,37
637,0.600000024,69,69,1,64,9,55,6,55,3,65,2176,992,1184,1184,0,117,875,0,52,36,68,438,1088,117,0,221,10,13,0,1048576,0,0,0,inf,0.942892313,1.07398939,0.978801131,0,0,0,0,0,0,0,0,0,0,0,0,0,0,0,0,0,0,0,0,0,0,0,221,0,0,0,0,0,0,0,0,0,0,0,0,0,0,0,0,0,0,0,0,0,0,0,0,0,0,0,0,0,0,0,0,0,0,0,0,0,0,0,0,0,0,0,0,0,0,0,0,0,0,0,0,0,0,0,0,0,0,0,0,0,0,0,0,0,6,4294967295,11,10,13,4294967295,16,6,4294967295,4294967295
638,0.5,69,69,1,64,1,63,1,63,0,68,2176,1330,846,846,0,15,1315,0,24,22,68,1346,1426,15,0,707,10,13,0,1048576,0,0,0,inf,0.894962549,0.977001369,1.10868549,0,0,0,0,0,0,0,0,0,0,0,0,0,0,0,0,0,0,0,0,0,0,0,707,0,0,0,0,0,0,0,0,0,0,0,0,0,0,0,0,0,0,0,0,0,0,0,0,0,0,0,0,0,0,0,0,0,0,0,0,0,0,0,0,0,0,0,0,0,0,0,0,0,0,0,0,0,0,0,0,0,0,0,0,0,0,0,0,0,5,5,4294967295,4294967295,4294967295,4294967295,5,5,4294967295,51
639,0.600000024,69,69,1,64,1,63,0,63,1,67,2176,1136,1040,1040,0,26,1110,0,41,26,68,1162,1232,26,0,215,10,13,0,1048576,0,0,0,inf,0.900624275,1.05476069,1.0785687,0,0,0,0,0,0,0,0,0,0,0,0,0,0,0,0,0,0,0,0,0,0,0,215,0,0,0,0,0,0,0,0,0,0,0,0,0,0,0,0,0,0,0,0,0,0,0,0,0,0,0,0,0,0,0,0,0,0,0,0,0,0,0,0,0,0,0,0,0,0,0,0,0,0,0,0,0,0,0,0,0,0,0,0,0,0,0,0,0,12,33,11,4294967295,37,4294967295,46,46,4294967295,4294967295
640,0.899999976,69,69,1,64,60,4,10,4,51,17,2176,1152,1024,1024,0,774,378,0,74,38,68,224,1248,774,0,511,10,13,0,1048576,0,0,0,inf,0.975633264,1.05693865,0.894171894,0,0,0,0,0,0,0,0,0,0,0,0,0,0,0,0,0,0,0,0,0,0,0,511,0,0,0,0,0,0,0,0,0,0,0,0,0,0,0,0,0,0,0,0,0,0,0,0,0,0,0,0,0,0,0,0,0,0,0,0,0,0,0,0,0,0,0,0,0,0,0,0,0,0,0,0,0,0,0,0,0,0,0,0,0,0,0,0,0,2,1,4,3,3,0,2,3,4,4294967295
641,0.100000001,69,69,1,64,0,64,0,64,0,68,2176,1108,1068,1068,0,1,1107,0,1,1,68,1272,1204,1,0,1,1,13,0,1048576,0,0,0,inf,0.955073476,1.07305884,inf,0,0,0,0,0,0,0,0,0,0,0,0,0,0,0,0,0,0,0,0,0,0,0,1,0,0,0,0,0,0,0,0,0,0,0,0,0,0,0,0,0,0,0,0,0,0,0,0,0,0,0,0,0,0,0,0,0,0,0,0,0,0,0,0,0,0,0,0,0,0,0,0,0,0,0,0,0,0,0,0,0,0,0,0,0,0,0,0,0,56,4294967295,4294967295,4294967295,4294967295,4294967295,4294967295,4294967295,4294967295,4294967295
642,1,69,69,1,64,55,9,17,9,39,29,2176,1086,1090,1090,0,675,411,0,82,39,68,233,1182,675,0,1023,10,13,0,1048576,0,0,0,inf,0.944941282,1.03634787,0.866915822,0,0,0,0,0,0,0,0,0,0,0,0,0,0,0,0,0,0,0,0,0,0,0,1023,0,0,0,0,0,0,0,0,0,0,0,0,0,0,0,0,0,0,0,0,0,0,0,0,0,0,0,0,0,0,0,0,0,0,0,0,0,0,0,0,0,0,0,0,0,0,0,0,0,0,0,0,0,0,0,0,0,0,0,0,0,0,0,0,0,1,2,0,15,14,1,2,11,1,11
643,0,69,69,1,64,0,64,0,64,0,68,2176,986,1190,1190,0,0,986,0,7,7,68,1150,1082,0,0,0,7,13,0,1048576,0,0,0,inf,0.963049769,1.11382246,inf,0,0,0,0,0,0,0,0,0,0,0,0,0,0,0,0,0,0,0,0,0,0,0,0,0,0,0,0,0,0,0,0,0,0,0,0,0,0,0,0,0,0,0,0,0,0,0,0,0,0,0,0,0,0,0,0,0,0,0,0,0,0,0,0,0,0,0,0,0,0,0,0,0,0,0,0,0,0,0,0,0,0,0,0,0,0,0,0,0,4294967295,4294967295,4294967295,4294967295,4294967295,4294967295,4294967295,4294967295,4294967295,4294967295
644,0.600000024,69,69,1,64,4,60,3,60,1,67,2176,1239,937,937,0,46,1193,0,49,38,68,913,1335,46,0,473,10,13,0,1048576,0,0,0,inf,0.992318511,1.16402936,1.07944703,0,0,0,0,0,0,0,0,0,0,0,0,0,0,0,0,0,0,0,0,0,0,0,473,0,0,0,0,0,0,0,0,0,0,0,0,0,0,0,0,0,0,0,0,0,0,0,0,0,0,0,0,0,0,0,0,0,0,0,0,0,0,0,0,0,0,0,0,0,0,0,0,0,0,0,0,0,0,0,0,0,0,0,0,0,0,0,0,0,57,4294967295,4294967295,46,10,4294967295,63,43,46,4294967295
645,1,69,69,1,64,58,6,14,6,45,23,2176,1107,1069,1069,0,746,361,0,82,36,68,240,1203,746,0,1023,10,13,0,1048576,0,0,0,inf,1.02646327,1.14470744,0.944292367,0,0,0,0,0,0,0,0,0,0,0,0,0,0,0,0,0,0,0,0,0,0,0,1023,0,0,0,0,0,0,0,0,0,0,0,0,0,0,0,0,0,0,0,0,0,0,0,0,0,0,0,0,0,0,0,0,0,0,0,0,0,0,0,0,0,0,0,0,0,0,0,0,0,0,0,0,0,0,0,0,0,0,0,0,0,0,0,0,0,1,2,0,1,2,2,2,2,7,2
646,1,66,69,3,64,64,0,0,0,65,0,2080,572,1508,1508,0,554,18,0,84,36,65,219,668,554,0,1023,10,13,0,1048576,0,0,0,inf,inf,0.781719804,0.704374015,0,0,0,0,0,0,0,0,0,0,0,0,0,0,0,0,0,0,0,0,0,0,0,1023,0,0,0,0,0,0,0,0,0,0,0,0,0,0,0,0,0,0,0,0,0,0,0,0,0,0,0,0,0,0,0,0,0,0,0,0,0,0,0,0,0,0,0,0,0,0,0,0,0,0,0,0,0,0,0,0,0,0,0,0,0,0,0,0,0,1,2,6,2,2,3,2,0,1,1
647,0,69,69,1,64,0,64,0,64,0,68,2176,1024,1152,1152,0,0,1024,0,7,7,68,1188,1120,0,0,0,7,13,0,1048576,0,0,0,inf,0.954062939,1.06688106,inf,0,0,0,0,0,0,0,0,0,0,0,0,0,0,0,0,0,0,0,0,0,0,0,0,0,0,0,0,0,0,0,0,0,0,0,0,0,0,0,0,0,0,0,0,0,0,0,0,0,0,0,0,0,0,0,0,0,0,0,0,0,0,0,0,0,0,0,0,0,0,0,0,0,0,0,0,0,0,0,0,0,0,0,0,0,0,0,0,0,4294967295,4294967295,4294967295,4294967295,4294967295,4294967295,4294967295,4294967295,4294967295,4294967295
648,0.400000006,69,69,1,64,3,61,2,61,1,67,2176,1115,1061,1061,0,22,1093,0,27,18,68,1182,1211,22,0,15,10,13,0,1048576,0,0,0,inf,0.933858037,1.0361352,1.1814611,0,0,0,0,0,0,0,0,0,0,0,0,0,0,0,0,0,0,0,0,0,0,0,15,0,0,0,0,0,0,0,0,0,0,0,0,0,0,0,0,0,0,0,0,0,0,0,0,0,0,0,0,0,0,0,0,0,0,0,0,0,0,0,0,0,0,0,0,0,0,0,0,0,0,0,0,0,0,0,0,0,0,0,0,0,0,0,0,0,9,39,9,20,4294967295,4294967295,4294967295,4294967295,4294967295,4294967295
649,0.200000003,69,69,1,64,0,64,0,64,0,68,2176,1046,1130,1130,0,7,1039,0,22,20,68,1209,1142,7,0,144,10,13,0,1048576,0,0,0,inf,0.978518426,1.13961899,1.45537305,0,0,0,0,0,0,0,0,0,0,0,0,0,0,0,0,0,0,0,0,0,0,0,144,0,0,0,0,0,0,0,0,0,0,0,0,0,0,0,0,0,0,0,0,0,0,0,0,0,0,0,0,0,0,0,0,0,0,0,0,0,0,0,0,0,0,0,0,0,0,0,0,0,0,0,0,0,0,0,0,0,0,0,0,0,0,0,0,0,4294967295,4294967295,4294967295,4294967295,34,4294967295,4294967295,36,4294967295,4294967295
650,0.800000012,69,69,1,64,5,59,2,59,3,65,2176,1175,1001,1001,0,44,1131,0,32,30,68,1114,1271,44,0,447,10,13,0,1048576,0,0,0,inf,0.938616812,1.00073695,1.04503906,0,0,0,0,0,0,0,0,0,0,0,0,0,0,0,0,0,0,0,0,0,0,0,447,0,0,0,0,0,0,0,0,0,0,0,0,0,0,0,0,0,0,0,0,0,0,0,0,0,0,0,0,0,0,0,0,0,0,0,0,0,0,0,0,0,0,0,0,0,0,0,0,0,0,0,0,0,0,0,0,0,0,0,0,0,0,0,0,0,49,57,53,50,12,51,4294967295,62,50,4294967295
651,0,69,69,1,64,0,64,0,64,0,68,2176,1115,1061,1061,0,0,1115,0,7,7,68,1279,1211,0,0,0,7,13,0,1048576,0,0,0,inf,0.957701147,1.10021305,inf,0,0,0,0,0,0,0,0,0,0,0,0,0,0,0,0,0,0,0,0,0,0,0,0,0,0,0,0,0,0,0,0,0,0,0,0,0,0,0,0,0,0,0,0,0,0,0,0,0,0,0,0,0,0,0,0,0,0,0,0,0,0,0,0,0,0,0,0,0,0,0,0,0,0,0,0,0,0,0,0,0,0,0,0,0,0,0,0,0,4294967295,4294967295,4294967295,4294967295,4294967295,4294967295,4294967295,4294967295,4294967295,4294967295
652,0,69,69,1,64,0,64,0,64,0,68,2176,1120,1056,1056,0,0,1120,0,0,0,68,1284,1216,0,0,0,0,13,0,1048576,0,0,0,inf,0.927750707,1.03105152,inf,0,0,0,0,0,0,0,0,0,0,0,0,0,0,0,0,0,0,0,0,0,0,0,0,0,0,0,0,0,0,0,0,0,0,0,0,0,0,0,0,0,0,0,0,0,0,0,0,0,0,0,0,0,0,0,0,0,0,0,0,0,0,0,0,0,0,0,0,0,0,0,0,0,0,0,0,0,0,0,0,0,0,0,0,0,0,0,0,0,4294967295,4294967295,4294967295,4294967295,4294967295,4294967295,4294967295,4294967295,4294967295,4294967295
653,0,69,69,1,64,0,64,0,64,0,68,2176,1448,728,728,0,0,1448,0,3,3,68,1612,1544,0,0,0,3,13,0,1048576,0,0,0,inf,1.00650859,1.12965798,inf,0,0,0,0,0,0,0,0,0,0,0,0,0,0,0,0,0,0,0,0,0,0,0,0,0,0,0,0,0,0,0,0,0,0,0,0,0,0,0,0,0,0,0,0,0,0,0,0,0,0,0,0,0,0,0,0,0,0,0,0,0,0,0,0,0,0,0,0,0,0,0,0,0,0,0,0,0,0,0,0,0,0,0,0,0,0,0,0,0,4294967295,4294967295,4294967295,4294967295,4294967295,4294967295,4294967295,4294967295,4294967295,4294967295
654,0.600000024,69,69,1,64,2,62,1,62,1,67,2176,1079,1097,1097,0,42,1037,0,29,26,68,793,1175,42,0,725,10,13,0,1048576,0,0,0,inf,0.933230162,1.05483663,1.06174779,0,0,0,0,0,0,0,0,0,0,0,0,0,0,0,0,0,0,0,0,0,0,0,725,0,0,0,0,0,0,0,0,0,0,0,0,0,0,0,0,0,0,0,0,0,0,0,0,0,0,0,0,0,0,0,0,0,0,0,0,0,0,0,0,0,0,0,0,0,0,0,0,0,0,0,0,0,0,0,0,0,0,0,0,0,0,0,0,0,1,4294967295,15,4294967295,13,4294967295,19,16,4294967295,44
655,0,69,69,1,64,0,64,0,64,0,68,2176,796,1380,1380,0,0,796,0,3,3,68,960,892,0,0,0,3,13,0,1048576,0,0,0,inf,0.932927191,1.08332515,inf,0,0,0,0,0,0,0,0,0,0,0,0,0,0,0,0,0,0,0,0,0,0,0,0,0,0,0,0,0,0,0,0,0,0,0,0,0,0,0,0,0,0,0,0,0,0,0,0,0,0,0,0,0,0,0,0,0,0,0,0,0,0,0,0,0,0,0,0,0,0,0,0,0,0,0,0,0,0,0,0,0,0,0,0,0,0,0,0,0,4294967295,4294967295,4294967295,4294967295,4294967295,4294967295,4294967295,4294967295,4294967295,4294967295
656,1,69,69,1,64,15,49,7,49,8,60,2176,1049,1127,1127,0,155,894,0,52,42,68,434,1145,155,0,1023,10,13,0,1048576,0,0,0,inf,0.925763249,1.11990952,1.0248183,0,0,0,0,0,0,0,0,0,0,0,0,0,0,0,0,0,0,0,0,0,0,0,1023,0,0,0,0,0,0,0,0,0,0,0,0,0,0,0,0,0,0,0,0,0,0,0,0,0,0,0,0,0,0,0,0,0,0,0,0,0,0,0,0,0,0,0,0,0,0,0,0,0,0,0,0,0,0,0,0,0,0,0,0,0,0,0,0,0,12,67,8,12,11,13,11,14,11,15
657,1,69,69,1,64,63,1,10,1,54,14,2176,1204,972,972,0,874,330,0,92,45,68,248,1300,874,0,1023,10,13,0,1048576,0,0,0,inf,0.988013983,0.99774611,0.890877187,0,0,0,0,0,0,0,0,0,0,0,0,0,0,0,0,0,0,0,0,0,0,0,1023,0,0,0,0,0,0,0,0,0,0,0,0,0,0,0,0,0,0,0,0,0,0,0,0,0,0,0,0,0,0,0,0,0,0,0,0,0,0,0,0,0,0,0,0,0,0,0,0,0,0,0,0,0,0,0,0,0,0,0,0,0,0,0,0,0,5,6,6,3,6,39,1,2,2,2
658,0,69,69,1,64,0,64,0,64,0,68,2176,1176,1000,1000,0,0,1176,0,1,1,68,1340,1272,0,0,0,1,13,0,1048576,0,0,0,inf,1.02438962,1.15123153,inf,0,0,0,0,0,0,0,0,0,0,0,0,0,0,0,0,0,0,0,0,0,0,0,0,0,0,0,0,0,0,0,0,0,0,0,0,0,0,0,0,0,0,0,0,0,0,0,0,0,0,0,0,0,0,0,0,0,0,0,0,0,0,0,0,0,0,0,0,0,0,0,0,0,0,0,0,0,0,0,0,0,0,0,0,0,0,0,0,0,4294967295,4294967295,4294967295,4294967295,4294967295,4294967295,4294967295,4294967295,4294967295,4294967295
659,0.600000024,69,69,1,64,2,62,1,62,1,67,2176,1228,948,948,0,16,1212,0,17,17,68,1343,1324,16,0,619,10,13,0,1048576,0,0,0,inf,0.907414138,0.973883867,1.12899959,0,0,0,0,0,0,0,0,0,0,0,0,0,0,0,0,0,0,0,0,0,0,0,619,0,0,0,0,0,0,0,0,0,0,0,0,0,0,0,0,0,0,0,0,0,0,0,0,0,0,0,0,0,0,0,0,0,0,0,0,0,0,0,0,0,0,0,0,0,0,0,0,0,0,0,0,0,0,0,0,0,0,0,0,0,0,0,0,0,4,41,4294967295,17,4294967295,65,11,4294967295,4294967295,48
660,1,69,69,1,64,64,0,7,0,58,10,2176,1173,1003,1003,0,882,291,0,83,42,68,234,1269,882,0,1023,10,13,0,1048576,0,0,0,inf,0.954994798,1.00240242,0.85707891,0,0,0,0,0,0,0,0,0,0,0,0,0,0,0,0,0,0,0,0,0,0,0,1023,0,0,0,0,0,0,0,0,0,0,0,0,0,0,0,0,0,0,0,0,0,0,0,0,0,0,0,0,0,0,0,0,0,0,0,0,0,0,0,0,0,0,0,0,0,0,0,0,0,0,0,0,0,0,0,0,0,0,0,0,0,0,0,0,0,2,6,2,3,3,0,1,8,7,7
661,0,69,69,1,64,0,64,0,64,0,68,2176,1192,984,984,0,0,1192,0,3,3,68,1356,1288,0,0,0,3,13,0,1048576,0,0,0,inf,0.953745663,1.11563432,inf,0,0,0,0,0,0,0,0,0,0,0,0,0,0,0,0,0,0,0,0,0,0,0,0,0,0,0,0,0,0,0,0,0,0,0,0,0,0,0,0,0,0,0,0,0,0,0,0,0,0,0,0,0,0,0,0,0,0,0,0,0,0,0,0,0,0,0,0,0,0,0,0,0,0,0,0,0,0,0,0,0,0,0,0,0,0,0,0,0,4294967295,4294967295,4294967295,4294967295,4294967295,4294967295,4294967295,4294967295,4294967295,4294967295
662,0.600000024,69,69,1,64,0,64,0,64,0,68,2176,994,1182,1182,0,27,967,0,24,24,68,984,1090,27,0,567,10,13,0,1048576,0,0,0,inf,0.855330348,0.97505939,1.04306912,0,0,0,0,0,0,0,0,0,0,0,0,0,0,0,0,0,0,0,0,0,0,0,567,0,0,0,0,0,0,0,0,0,0,0,0,0,0,0,0,0,0,0,0,0,0,0,0,0,0,0,0,0,0,0,0,0,0,0,0,0,0,0,0,0,0,0,0,0,0,0,0,0,0,0,0,0,0,0,0,0,0,0,0,0,0,0,0,0,10,5,21,4294967295,24,53,4294967295,4294967295,4294967295,1
663,0.800000012,69,69,1,64,3,61,0,61,3,65,2176,1152,1024,1024,0,97,1055,0,41,33,68,570,1248,97,0,479,10,13,0,1048576,0,0,0,inf,0.962567806,1.0827539,1.09796381,0,0,0,0,0,0,0,0,0,0,0,0,0,0,0,0,0,0,0,0,0,0,0,479,0,0,0,0,0,0,0,0,0,0,0,0,0,0,0,0,0,0,0,0,0,0,0,0,0,0,0,0,0,0,0,0,0,0,0,0,0,0,0,0,0,0,0,0,0,0,0,0,0,0,0,0,0,0,0,0,0,0,0,0,0,0,0,0,0,1,40,9,12,3,4294967295,35,5,25,4294967295
664,0.899999976,69,69,1,64,11,53,8,53,3,65,2176,1197,979,979,0,130,1067,0,54,40,68,498,1293,130,0,1021,10,13,0,1048576,0,0,0,inf,0.958160639,1.08658671,0.992001891,0,0,0,0,0,0,0,0,0,0,0,0,0,0,0,0,0,0,0,0,0,0,0,1021,0,0,0,0,0,0,0,0,0,0,0,0,0,0,0,0,0,0,0,0,0,0,0,0,0,0,0,0,0,0,0,0,0,0,0,0,0,0,0,0,0,0,0,0,0,0,0,0,0,0,0,0,0,0,0,0,0,0,0,0,0,0,0,0,0,16,4294967295,4,25,17,11,11,17,53,3
665,0.100000001,69,69,1,64,0,64,0,64,0,68,2176,1112,1064,1064,0,1,1111,0,2,2,68,1276,1208,1,0,8,2,13,0,1048576,0,0,0,inf,0.931196094,1.0894376,inf,0,0,0,0,0,0,0,0,0,0,0,0,0,0,0,0,0,0,0,0,0,0,0,8,0,0,0,0,0,0,0,0,0,0,0,0,0,0,0,0,0,0,0,0,0,0,0,0,0,0,0,0,0,0,0,0,0,0,0,0,0,0,0,0,0,0,0,0,0,0,0,0,0,0,0,0,0,0,0,0,0,0,0,0,0,0,0,0,0,4294967295,4294967295,4294967295,18,4294967295,4294967295,4294967295,4294967295,4294967295,4294967295
666,1,69,69,1,64,8,56,3,56,5,63,2176,995,1181,1181,0,119,876,0,55,39,68,454,1091,119,0,1023,10,13,0,1048576,0,0,0,inf,0.950546682,1.07105803,0.986819267,0,0,0,0,0,0,0,0,0,0,0,0,0,0,0,0,0,0,0,0,0,0,0,1023,0,0,0,0,0,0,0,0,0,0,0,0,0,0,0,0,0,0,0,0,0,0,0,0,0,0,0,0,0,0,0,0,0,0,0,0,0,0,0,0,0,0,0,0,0,0,0,0,0,0,0,0,0,0,0,0,0,0,0,0,0,0,0,0,0,13,14,6,45,13,43,6,15,9,44
667,0,69,69,1,64,0,64,0,64,0,68,2176,1115,1061,1061,0,1,1114,0,2,2,68,1279,1211,1,0,0,2,13,0,1048576,0,0,0,inf,0.9493348,1.08714724,inf,0,0,0,0,0,0,0,0,0,0,0,0,0,0,0,0,0,0,0,0,0,0,0,0,0,0,0,0,0,0,0,0,0,0,0,0,0,0,0,0,0,0,0,0,0,0,0,0,0,0,0,0,0,0,0,0,0,0,0,0,0,0,0,0,0,0,0,0,0,0,0,0,0,0,0,0,0,0,0,0,0,0,0,0,0,0,0,0,0,4294967295,4294967295,4294967295,4294967295,4294967295,4294967295,4294967295,4294967295,4294967295,4294967295
668,1,69,69,1,64,8,56,3,56,5,63,2176,1128,1048,1048,0,161,967,0,74,49,68,473,1224,161,0,1023,10,13,0,1048576,0,0,0,inf,0.920434833,1.0550046,0.970464587,0,0,0,0,0,0,0,0,0,0,0,0,0,0,0,0,0,0,0,0,0,0,0,1023,0,0,0,0,0,0,0,0,0,0,0,0,0,0,0,0,0,0,0,0,0,0,0,0,0,0,0,0,0,0,0,0,0,0,0,0,0,0,0,0,0,0,0,0,0,0,0,0,0,0,0,0,0,0,0,0,0,0,0,0,0,0,0,0,0,3,16,5,4,1,21,24,5,66,28
669,0.100000001,69,69,1,64,0,64,0,64,0,68,2176,1146,1030,1030,0,4,1142,0,19,15,68,1310,1242,4,0,2,10,13,0,1048576,0,0,0,inf,0.912847996,1.03521395,1.46541762,0,0,0,0,0,0,0,0,0,0,0,0,0,0,0,0,0,0,0,0,0,0,0,2,0,0,0,0,0,0,0,0,0,0,0,0,0,0,0,0,0,0,0,0,0,0,0,0,0,0,0,0,0,0,0,0,0,0,0,0,0,0,0,0,0,0,0,0,0,0,0,0,0,0,0,0,0,0,0,0,0,0,0,0,0,0,0,0,0,4294967295,55,4294967295,4294967295,4294967295,4294967295,4294967295,4294967295,4294967295,4294967295
670,1,69,69,1,64,28,36,12,36,16,52,2176,936,1240,1240,0,270,666,0,57,39,68,380,1032,270,0,1023,10,13,0,1048576,0,0,0,inf,0.815261841,0.904314637,0.801226139,0,0,0,0,0,0,0,0,0,0,0,0,0,0,0,0,0,0,0,0,0,0,0,1023,0,0,0,0,0,0,0,0,0,0,0,0,0,0,0,0,0,0,0,0,0,0,0,0,0,0,0,0,0,0,0,0,0,0,0,0,0,0,0,0,0,0,0,0,0,0,0,0,0,0,0,0,0,0,0,0,0,0,0,0,0,0,0,0,0,5,5,8,7,21,9,7,8,5,17
671,0.400000006,69,69,1,64,3,61,1,61,2,66,2176,1109,1067,1067,0,25,1084,0,26,18,68,947,1205,25,0,15,10,13,0,1048576,0,0,0,inf,0.99336946,1.1250391,1.16171634,0,0,0,0,0,0,0,0,0,0,0,0,0,0,0,0,0,0,0,0,0,0,0,15,0,0,0,0,0,0,0,0,0,0,0,0,0,0,0,0,0,0,0,0,0,0,0,0,0,0,0,0,0,0,0,0,0,0,0,0,0,0,0,0,0,0,0,0,0,0,0,0,0,0,0,0,0,0,0,0,0,0,0,0,0,0,0,0,0,2,2,6,6,4294967295,4294967295,4294967295,4294967295,4294967295,4294967295
672,1,69,69,1,64,64,0,2,0,63,5,2176,1197,979,979,0,1046,151,0,92,44,68,231,1293,1046,0,1023,10,13,0,1048576,0,0,0,inf,0.837464094,0.842089534,0.760502398,0,0,0,0,0,0,0,0,0,0,0,0,0,0,0,0,0,0,0,0,0,0,0,1023,0,0,0,0,0,0,0,0,0,0,0,0,0,0,0,0,0,0,0,0,0,0,0,0,0,0,0,0,0,0,0,0,0,0,0,0,0,0,0,0,0,0,0,0,0,0,0,0,0,0,0,0,0,0,0,0,0,0,0,0,0,0,0,0,0,4,3,8,1,5,3,2,5,2,5
673,1,69,69,1,64,12,52,9,52,3,65,2176,1137,1039,1039,0,123,1014,0,40,38,68,559,1233,123,0,1023,10,13,0,1048576,0,0,0,inf,0.935643494,1.04768229,0.986348271,0,0,0,0,0,0,0,0,0,0,0,0,0,0,0,0,0,0,0,0,0,0,0,1023,0,0,0,0,0,0,0,0,0,0,0,0,0,0,0,0,0,0,0,0,0,0,0,0,0,0,0,0,0,0,0,0,0,0,0,0,0,0,0,0,0,0,0,0,0,0,0,0,0,0,0,0,0,0,0,0,0,0,0,0,0,0,0,0,0,1,29,18,25,15,45,39,25,57,18
674,0.899999976,69,69,1,64,60,4,17,4,44,24,2176,1127,1049,1049,0,694,433,0,82,38,68,239,1223,694,0,1015,10,13,0,1048576,0,0,0,inf,0.921704888,0.960221112,0.844832838,0,0,0,0,0,0,0,0,0,0,0,0,0,0,0,0,0,0,0,0,0,0,0,1015,0,0,0,0,0,0,0,0,0,0,0,0,0,0,0,0,0,0,0,0,0,0,0,0,0,0,0,0,0,0,0,0,0,0,0,0,0,0,0,0,0,0,0,0,0,0,0,0,0,0,0,0,0,0,0,0,0,0,0,0,0,0,0,0,0,8,6,0,4294967295,1,4,6,1,6,21
675,0,69,69,1,64,0,64,0,64,0,68,2176,1070,1106,1106,0,0,1070,0,3,3,68,1234,1166,0,0,0,3,13,0,1048576,0,0,0,inf,0.943428636,1.10286725,inf,0,0,0,0,0,0,0,0,0,0,0,0,0,0,0,0,0,0,0,0,0,0,0,0,0,0,0,0,0,0,0,0,0,0,0,0,0,0,0,0,0,0,0,0,0,0,0,0,0,0,0,0,0,0,0,0,0,0,0,0,0,0,0,0,0,0,0,0,0,0,0,0,0,0,0,0,0,0,0,0,0,0,0,0,0,0,0,0,0,4294967295,4294967295,4294967295,4294967295,4294967295,4294967295,4294967295,4294967295,4294967295,4294967295
676,0.600000024,69,69,1,64,1,63,0,63,1,67,2176,1100,1076,1076,0,16,1084,0,18,17,68,1170,1196,16,0,435,10,13,0,1048576,0,0,0,inf,0.972872496,1.07609725,1.18875873,0,0,0,0,0,0,0,0,0,0,0,0,0,0,0,0,0,0,0,0,0,0,0,435,0,0,0,0,0,0,0,0,0,0,0,0,0,0,0,0,0,0,0,0,0,0,0,0,0,0,0,0,0,0,0,0,0,0,0,0,0,0,0,0,0,0,0,0,0,0,0,0,0,0,0,0,0,0,0,0,0,0,0,0,0,0,0,0,0,10,12,4294967295,4294967295,14,44,4294967295,45,48,4294967295
677,0.800000012,69,69,1,64,4,60,3,60,1,67,2176,1094,1082,1082,0,55,1039,0,34,31,68,746,1190,55,0,703,10,13,0,1048576,0,0,0,inf,0.986936212,1.11845589,1.0978117,0,0,0,0,0,0,0,0,0,0,0,0,0,0,0,0,0,0,0,0,0,0,0,703,0,0,0,0,0,0,0,0,0,0,0,0,0,0,0,0,0,0,0,0,0,0,0,0,0,0,0,0,0,0,0,0,0,0,0,0,0,0,0,0,0,0,0,0,0,0,0,0,0,0,0,0,0,0,0,0,0,0,0,0,0,0,0,0,0,1,20,10,15,50,40,4294967295,43,4294967295,15
678,0.100000001,69,69,1,64,1,63,1,63,0,68,2176,1400,776,776,0,1,1399,0,4,4,68,1564,1496,1,0,1,4,13,0,1048576,0,0,0,inf,0.984243095,1.12153316,inf,0,0,0,0,0,0,0,0,0,0,0,0,0,0,0,0,0,0,0,0,0,0,0,1,0,0,0,0,0,0,0,0,0,0,0,0,0,0,0,0,0,0,0,0,0,0,0,0,0,0,0,0,0,0,0,0,0,0,0,0,0,0,0,0,0,0,0,0,0,0,0,0,0,0,0,0,0,0,0,0,0,0,0,0,0,0,0,0,0,65,4294967295,4294967295,4294967295,4294967295,4294967295,4294967295,4294967295,4294967295,4294967295
679,1,69,69,1,64,6,58,4,58,2,66,2176,1357,819,819,0,113,1244,0,54,41,68,539,1453,113,0,1023,10,13,0,1048576,0,0,0,inf,0.977358818,1.03609538,1.019418,0,0,0,0,0,0,0,0,0,0,0,0,0,0,0,0,0,0,0,0,0,0,0,1023,0,0,0,0,0,0,0,0,0,0,0,0,0,0,0,0,0,0,0,0,0,0,0,0,0,0,0,0,0,0,0,0,0,0,0,0,0,0,0,0,0,0,0,0,0,0,0,0,0,0,0,0,0,0,0,0,0,0,0,0,0,0,0,0,0,16,60,17,17,17,5,3,17,27,14
680,1,69,69,1,64,7,57,4,57,3,65,2176,1193,983,983,0,68,1125,0,32,28,68,614,1289,68,0,1023,10,13,0,1048576,0,0,0,inf,0.981112719,1.06934285,1.03610563,0,0,0,0,0,0,0,0,0,0,0,0,0,0,0,0,0,0,0,0,0,0,0,1023,0,0,0,0,0,0,0,0,0,0,0,0,0,0,0,0,0,0,0,0,0,0,0,0,0,0,0,0,0,0,0,0,0,0,0,0,0,0,0,0,0,0,0,0,0,0,0,0,0,0,0,0,0,0,0,0,0,0,0,0,0,0,0,0,0,18,39,3,48,15,15,20,15,44,20
681,1,69,69,1,64,57,7,6,7,52,16,2176,1016,1160,1160,0,714,302,0,77,40,68,227,1112,714,0,1023,10,13,0,1048576,0,0,0,inf,0.950203657,1.02523232,0.851101696,0,0,0,0,0,0,0,0,0,0,0,0,0,0,0,0,0,0,0,0,0,0,0,1023,0,0,0,0,0,0,0,0,0,0,0,0,0,0,0,0,0,0,0,0,0,0,0,0,0,0,0,0,0,0,0,0,0,0,0,0,0,0,0,0,0,0,0,0,0,0,0,0,0,0,0,0,0,0,0,0,0,0,0,0,0,0,0,0,0,0,6,9,8,0,5,6,6,3,1
682,0,69,69,1,64,0,64,0,64,0,68,2176,1277,899,899,0,1,1276,0,1,1,68,1441,1373,1,0,0,1,13,0,1048576,0,0,0,inf,1.01787281,1.15877867,inf,0,0,0,0,0,0,0,0,0,0,0,0,0,0,0,0,0,0,0,0,0,0,0,0,0,0,0,0,0,0,0,0,0,0,0,0,0,0,0,0,0,0,0,0,0,0,0,0,0,0,0,0,0,0,0,0,0,0,0,0,0,0,0,0,0,0,0,0,0,0,0,0,0,0,0,0,0,0,0,0,0,0,0,0,0,0,0,0,0,4294967295,4294967295,4294967295,4294967295,4294967295,4294967295,4294967295,4294967295,4294967295,4294967295
683,1,69,69,1,64,9,55,6,55,3,65,2176,1043,1133,1133,0,101,942,0,52,38,68,532,1139,101,0,1023,10,13,0,1048576,0,0,0,inf,0.953212857,1.11050332,1.00689089,0,0,0,0,0,0,0,0,0,0,0,0,0,0,0,0,0,0,0,0,0,0,0,1023,0,0,0,0,0,0,0,0,0,0,0,0,0,0,0,0,0,0,0,0,0,0,0,0,0,0,0,0,0,0,0,0,0,0,0,0,0,0,0,0,0,0,0,0,0,0,0,0,0,0,0,0,0,0,0,0,0,0,0,0,0,0,0,0,0,52,19,12,29,12,20,25,20,26,19
684,1,69,69,1,64,1,63,0,63,1,67,2176,1241,935,935,0,57,1184,0,32,30,68,645,1337,57,0,1023,10,13,0,1048576,0,0,0,inf,0.91620934,1.0421623,1.01349473,0,0,0,0,0,0,0,0,0,0,0,0,0,0,0,0,0,0,0,0,0,0,0,1023,0,0,0,0,0,0,0,0,0,0,0,0,0,0,0,0,0,0,0,0,0,0,0,0,0,0,0,0,0,0,0,0,0,0,0,0,0,0,0,0,0,0,0,0,0,0,0,0,0,0,0,0,0,0,0,0,0,0,0,0,0,0,0,0,0,1,25,11,2,6,9,8,8,5,41
685,0.200000003,69,69,1,64,0,64,0,64,0,68,2176,1215,961,961,0,3,1212,0,6,6,68,1379,1311,3,0,9,6,13,0,1048576,0,0,0,inf,1.02138484,1.14592361,inf,0,0,0,0,0,0,0,0,0,0,0,0,0,0,0,0,0,0,0,0,0,0,0,9,0,0,0,0,0,0,0,0,0,0,0,0,0,0,0,0,0,0,0,0,0,0,0,0,0,0,0,0,0,0,0,0,0,0,0,0,0,0,0,0,0,0,0,0,0,0,0,0,0,0,0,0,0,0,0,0,0,0,0,0,0,0,0,0,0,39,4294967295,4294967295,60,4294967295,4294967295,4294967295,4294967295,4294967295,4294967295
686,0.899999976,69,69,1,64,3,61,1,61,2,66,2176,1211,965,965,0,36,1175,0,24,16,68,1098,1307,36,0,895,10,13,0,1048576,0,0,0,inf,0.827883363,0.955527723,0.96898222,0,0,0,0,0,0,0,0,0,0,0,0,0,0,0,0,0,0,0,0,0,0,0,895,0,0,0,0,0,0,0,0,0,0,0,0,0,0,0,0,0,0,0,0,0,0,0,0,0,0,0,0,0,0,0,0,0,0,0,0,0,0,0,0,0,0,0,0,0,0,0,0,0,0,0,0,0,0,0,0,0,0,0,0,0,0,0,0,0,7,33,7,12,33,51,23,4294967295,34,33
687,0.699999988,69,69,1,64,2,62,0,62,2,66,2176,1057,1119,1119,0,17,1040,0,20,20,68,1042,1153,17,0,919,10,13,0,1048576,0,0,0,inf,0.968100727,1.10416031,1.13778758,0,0,0,0,0,0,0,0,0,0,0,0,0,0,0,0,0,0,0,0,0,0,0,919,0,0,0,0,0,0,0,0,0,0,0,0,0,0,0,0,0,0,0,0,0,0,0,0,0,0,0,0,0,0,0,0,0,0,0,0,0,0,0,0,0,0,0,0,0,0,0,0,0,0,0,0,0,0,0,0,0,0,0,0,0,0,0,0,0,2,1,3,4294967295,20,4294967295,4294967295,4,43,60
688,0.5,69,69,1,64,1,63,1,63,0,68,2176,1229,947,947,0,20,1209,0,25,25,68,1147,1325,20,0,611,10,13,0,1048576,0,0,0,inf,0.936221838,1.06733179,1.12964344,0,0,0,0,0,0,0,0,0,0,0,0,0,0,0,0,0,0,0,0,0,0,0,611,0,0,0,0,0,0,0,0,0,0,0,0,0,0,0,0,0,0,0,0,0,0,0,0,0,0,0,0,0,0,0,0,0,0,0,0,0,0,0,0,0,0,0,0,0,0,0,0,0,0,0,0,0,0,0,0,0,0,0,0,0,0,0,0,0,1,6,4294967295,4294967295,4294967295,37,25,4294967295,4294967295,17
689,0.100000001,69,69,1,64,0,64,0,64,0,68,2176,1095,1081,1081,0,4,1091,0,19,18,68,1257,1191,4,0,2,10,13,0,1048576,0,0,0,inf,0.980437875,1.06595707,1.4860636,0,0,0,0,0,0,0,0,0,0,0,0,0,0,0,0,0,0,0,0,0,0,0,2,0,0,0,0,0,0,0,0,0,0,0,0,0,0,0,0,0,0,0,0,0,0,0,0,0,0,0,0,0,0,0,0,0,0,0,0,0,0,0,0,0,0,0,0,0,0,0,0,0,0,0,0,0,0,0,0,0,0,0,0,0,0,0,0,0,4294967295,55,4294967295,4294967295,4294967295,4294967295,4294967295,4294967295,4294967295,4294967295
690,0,69,69,1,64,0,64,0,64,0,68,2176,572,1604,1604,0,0,572,0,15,13,68,736,668,0,0,0,10,13,0,1048576,0,0,0,inf,0.780282855,0.961108029,1.49033809,0,0,0,0,0,0,0,0,0,0,0,0,0,0,0,0,0,0,0,0,0,0,0,0,0,0,0,0,0,0,0,0,0,0,0,0,0,0,0,0,0,0,0,0,0,0,0,0,0,0,0,0,0,0,0,0,0,0,0,0,0,0,0,0,0,0,0,0,0,0,0,0,0,0,0,0,0,0,0,0,0,0,0,0,0,0,0,0,0,4294967295,4294967295,4294967295,4294967295,4294967295,4294967295,4294967295,4294967295,4294967295,4294967295
691,0.899999976,69,69,1,64,23,41,14,41,11,57,2176,1181,995,995,0,288,893,0,77,41,68,359,1277,288,0,1015,10,13,0,1048576,0,0,0,inf,0.919491827,0.987440348,0.924786627,0,0,0,0,0,0,0,0,0,0,0,0,0,0,0,0,0,0,0,0,0,0,0,1015,0,0,0,0,0,0,0,0,0,0,0,0,0,0,0,0,0,0,0,0,0,0,0,0,0,0,0,0,0,0,0,0,0,0,0,0,0,0,0,0,0,0,0,0,0,0,0,0,0,0,0,0,0,0,0,0,0,0,0,0,0,0,0,0,0,4,22,1,4294967295,5,1,15,1,21,17
692,0.400000006,69,69,1,64,1,63,1,63,0,68,2176,1147,1029,1029,0,4,1143,0,7,7,68,1311,1243,4,0,23,7,13,0,1048576,0,0,0,inf,0.883248448,0.984443128,inf,0,0,0,0,0,0,0,0,0,0,0,0,0,0,0,0,0,0,0,0,0,0,0,23,0,0,0,0,0,0,0,0,0,0,0,0,0,0,0,0,0,0,0,0,0,0,0,0,0,0,0,0,0,0,0,0,0,0,0,0,0,0,0,0,0,0,0,0,0,0,0,0,0,0,0,0,0,0,0,0,0,0,0,0,0,0,0,0,0,30,17,21,4294967295,10,4294967295,4294967295,4294967295,4294967295,4294967295
693,0.100000001,69,69,1,64,0,64,0,64,0,68,2176,1186,990,990,0,1,1185,0,11,11,68,1350,1282,1,0,1,10,13,0,1048576,0,0,0,inf,0.912384927,1.02722669,1.45161414,0,0,0,0,0,0,0,0,0,0,0,0,0,0,0,0,0,0,0,0,0,0,0,1,0,0,0,0,0,0,0,0,0,0,0,0,0,0,0,0,0,0,0,0,0,0,0,0,0,0,0,0,0,0,0,0,0,0,0,0,0,0,0,0,0,0,0,0,0,0,0,0,0,0,0,0,0,0,0,0,0,0,0,0,0,0,0,0,0,66,4294967295,4294967295,4294967295,4294967295,4294967295,4294967295,4294967295,4294967295,4294967295
694,0.100000001,69,69,1,64,0,64,0,64,0,68,2176,1015,1161,1161,0,2,1013,0,12,12,68,1178,1111,2,0,1,10,13,0,1048576,0,0,0,inf,0.944165647,1.12375474,1.45784712,0,0,0,0,0,0,0,0,0,0,0,0,0,0,0,0,0,0,0,0,0,0,0,1,0,0,0,0,0,0,0,0,0,0,0,0,0,0,0,0,0,0,0,0,0,0,0,0,0,0,0,0,0,0,0,0,0,0,0,0,0,0,0,0,0,0,0,0,0,0,0,0,0,0,0,0,0,0,0,0,0,0,0,0,0,0,0,0,0,36,4294967295,4294967295,4294967295,4294967295,4294967295,4294967295,4294967295,4294967295,4294967295
695,1,69,69,1,64,63,1,4,1,60,8,2176,1298,878,878,0,1094,204,0,93,47,68,234,1394,1094,0,1023,10,13,0,1048576,0,0,0,inf,0.842630506,0.866406798,0.780226588,0,0,0,0,0,0,0,0,0,0,0,0,0,0,0,0,0,0,0,0,0,0,0,1023,0,0,0,0,0,0,0,0,0,0,0,0,0,0,0,0,0,0,0,0,0,0,0,0,0,0,0,0,0,0,0,0,0,0,0,0,0,0,0,0,0,0,0,0,0,0,0,0,0,0,0,0,0,0,0,0,0,0,0,0,0,0,0,0,0,4,3,1,5,7,64,6,3,5,7
696,0.800000012,69,69,1,64,6,58,5,58,1,67,2176,1251,925,925,0,80,1171,0,41,29,68,620,1347,80,0,831,10,13,0,1048576,0,0,0,inf,0.946265221,1.05570662,1.02852106,0,0,0,0,0,0,0,0,0,0,0,0,0,0,0,0,0,0,0,0,0,0,0,831,0,0,0,0,0,0,0,0,0,0,0,0,0,0,0,0,0,0,0,0,0,0,0,0,0,0,0,0,0,0,0,0,0,0,0,0,0,0,0,0,0,0,0,0,0,0,0,0,0,0,0,0,0,0,0,0,0,0,0,0,0,0,0,0,0,3,1,2,11,11,13,4294967295,4294967295,13,10
697,1,69,69,1,64,4,60,2,60,2,66,2176,1137,1039,1039,0,97,1040,0,31,29,68,570,1233,97,0,1023,10,13,0,1048576,0,0,0,inf,0.935651422,1.04112887,1.001091,0,0,0,0,0,0,0,0,0,0,0,0,0,0,0,0,0,0,0,0,0,0,0,1023,0,0,0,0,0,0,0,0,0,0,0,0,0,0,0,0,0,0,0,0,0,0,0,0,0,0,0,0,0,0,0,0,0,0,0,0,0,0,0,0,0,0,0,0,0,0,0,0,0,0,0,0,0,0,0,0,0,0,0,0,0,0,0,0,0,7,1,2,13,2,2,7,35,14,26
698,0,69,69,1,64,0,64,0,64,0,68,2176,1217,959,959,0,0,1217,0,7,7,68,1381,1313,0,0,0,7,13,0,1048576,0,0,0,inf,0.919135213,1.06003368,inf,0,0,0,0,0,0,0,0,0,0,0,0,0,0,0,0,0,0,0,0,0,0,0,0,0,0,0,0,0,0,0,0,0,0,0,0,0,0,0,0,0,0,0,0,0,0,0,0,0,0,0,0,0,0,0,0,0,0,0,0,0,0,0,0,0,0,0,0,0,0,0,0,0,0,0,0,0,0,0,0,0,0,0,0,0,0,0,0,0,4294967295,4294967295,4294967295,4294967295,4294967295,4294967295,4294967295,4294967295,4294967295,4294967295
699,1,69,69,1,64,11,53,7,53,4,64,2176,1224,952,952,0,133,1091,0,58,46,68,505,1320,133,0,1023,10,13,0,1048576,0,0,0,inf,0.958192825,1.06394732,0.987393379,0,0,0,0,0,0,0,0,0,0,0,0,0,0,0,0,0,0,0,0,0,0,0,1023,0,0,0,0,0,0,0,0,0,0,0,0,0,0,0,0,0,0,0,0,0,0,0,0,0,0,0,0,0,0,0,0,0,0,0,0,0,0,0,0,0,0,0,0,0,0,0,0,0,0,0,0,0,0,0,0,0,0,0,0,0,0,0,0,0,51,64,27,20,34,39,28,12,13,7
700,1,69,69,1,64,59,5,6,5,54,14,2176,1068,1108,1108,0,709,359,0,83,37,68,235,1164,709,0,1023,10,13,0,1048576,0,0,0,inf,0.980585039,1.04361939,0.888234854,0,0,0,0,0,0,0,0,0,0,0,0,0,0,0,0,0,0,0,0,0,0,0,1023,0,0,0,0,0,0,0,0,0,0,0,0,0,0,0,0,0,0,0,0,0,0,0,0,0,0,0,0,0,0,0,0,0,0,0,0,0,0,0,0,0,0,0,0,0,0,0,0,0,0,0,0,0,0,0,0,0,0,0,0,0,0,0,0,0,3,2,1,1,0,2,5,2,5,1
701,0.5,69,69,1,64,1,63,1,63,0,68,2176,1111,1065,1065,0,9,1102,0,12,11,68,1275,1207,9,0,121,10,13,0,1048576,0,0,0,inf,1.01111555,1.13490534,1.49715841,0,0,0,0,0,0,0,0,0,0,0,0,0,0,0,0,0,0,0,0,0,0,0,121,0,0,0,0,0,0,0,0,0,0,0,0,0,0,0,0,0,0,0,0,0,0,0,0,0,0,0,0,0,0,0,0,0,0,0,0,0,0,0,0,0,0,0,0,0,0,0,0,0,0,0,0,0,0,0,0,0,0,0,0,0,0,0,0,0,57,4294967295,4294967295,63,53,49,58,4294967295,4294967295,4294967295
702,0.699999988,69,69,1,64,4,60,3,60,1,67,2176,1251,925,925,0,41,1210,0,28,26,68,800,1347,41,0,319,10,13,0,1048576,0,0,0,inf,0.937162638,1.03907299,1.07206047,0,0,0,0,0,0,0,0,0,0,0,0,0,0,0,0,0,0,0,0,0,0,0,319,0,0,0,0,0,0,0,0,0,0,0,0,0,0,0,0,0,0,0,0,0,0,0,0,0,0,0,0,0,0,0,0,0,0,0,0,0,0,0,0,0,0,0,0,0,0,0,0,0,0,0,0,0,0,0,0,0,0,0,0,0,0,0,0,0,1,7,4,4,4,43,4294967295,4294967295,41,4294967295
703,1,69,69,1,64,14,50,6,50,8,60,2176,1198,978,978,0,140,1058,0,49,36,68,430,1294,140,0,1023,10,13,0,1048576,0,0,0,inf,0.972522497,1.04164338,0.990679026,0,0,0,0,0,0,0,0,0,0,0,0,0,0,0,0,0,0,0,0,0,0,0,1023,0,0,0,0,0,0,0,0,0,0,0,0,0,0,0,0,0,0,0,0,0,0,0,0,0,0,0,0,0,0,0,0,0,0,0,0,0,0,0,0,0,0,0,0,0,0,0,0,0,0,0,0,0,0,0,0,0,0,0,0,0,0,0,0,0,14,2,2,28,10,67,3,25,8,35
704,1,69,69,1,64,27,37,14,37,13,55,2176,1106,1070,1070,0,251,855,0,52,40,68,389,1202,251,0,1023,10,13,0,1048576,0,0,0,inf,0.950343668,1.06486952,0.938398778,0,0,0,0,0,0,0,0,0,0,0,0,0,0,0,0,0,0,0,0,0,0,0,1023,0,0,0,0,0,0,0,0,0,0,0,0,0,0,0,0,0,0,0,0,0,0,0,0,0,0,0,0,0,0,0,0,0,0,0,0,0,0,0,0,0,0,0,0,0,0,0,0,0,0,0,0,0,0,0,0,0,0,0,0,0,0,0,0,0,10,6,5,24,25,8,25,6,7,38
705,0.899999976,69,69,1,64,6,58,3,58,3,65,2176,1162,1014,1014,0,103,1059,0,54,43,68,508,1258,103,0,1007,10,13,0,1048576,0,0,0,inf,1.0364331,1.15751386,1.08147228,0,0,0,0,0,0,0,0,0,0,0,0,0,0,0,0,0,0,0,0,0,0,0,1007,0,0,0,0,0,0,0,0,0,0,0,0,0,0,0,0,0,0,0,0,0,0,0,0,0,0,0,0,0,0,0,0,0,0,0,0,0,0,0,0,0,0,0,0,0,0,0,0,0,0,0,0,0,0,0,0,0,0,0,0,0,0,0,0,0,58,2,49,21,4294967295,2,21,37,45,9
706,0.600000024,69,69,1,64,1,63,0,63,1,67,2176,1111,1065,1065,0,45,1066,0,29,28,68,810,1207,45,0,159,10,13,0,1048576,0,0,0,inf,0.987490296,1.14728868,1.18197775,0,0,0,0,0,0,0,0,0,0,0,0,0,0,0,0,0,0,0,0,0,0,0,159,0,0,0,0,0,0,0,0,0,0,0,0,0,0,0,0,0,0,0,0,0,0,0,0,0,0,0,0,0,0,0,0,0,0,0,0,0,0,0,0,0,0,0,0,0,0,0,0,0,0,0,0,0,0,0,0,0,0,0,0,0,0,0,0,0,1,5,10,36,12,4294967295,4294967295,44,4294967295,4294967295
707,0.600000024,69,69,1,64,1,63,0,63,1,67,2176,1043,1133,1133,0,48,995,0,25,25,68,733,1139,48,0,473,10,13,0,1048576,0,0,0,inf,0.973505616,1.09708714,1.10374451,0,0,0,0,0,0,0,0,0,0,0,0,0,0,0,0,0,0,0,0,0,0,0,473,0,0,0,0,0,0,0,0,0,0,0,0,0,0,0,0,0,0,0,0,0,0,0,0,0,0,0,0,0,0,0,0,0,0,0,0,0,0,0,0,0,0,0,0,0,0,0,0,0,0,0,0,0,0,0,0,0,0,0,0,0,0,0,0,0,1,4294967295,4294967295,24,18,4294967295,24,15,15,4294967295
708,0.800000012,69,69,1,64,6,58,2,58,4,64,2176,1122,1054,1054,0,109,1013,0,38,35,68,568,1218,109,0,879,10,13,0,1048576,0,0,0,inf,0.995337367,1.13273883,1.05979705,0,0,0,0,0,0,0,0,0,0,0,0,0,0,0,0,0,0,0,0,0,0,0,879,0,0,0,0,0,0,0,0,0,0,0,0,0,0,0,0,0,0,0,0,0,0,0,0,0,0,0,0,0,0,0,0,0,0,0,0,0,0,0,0,0,0,0,0,0,0,0,0,0,0,0,0,0,0,0,0,0,0,0,0,0,0,0,0,0,4,11,15,1,4294967295,19,2,4294967295,4,13
709,1,69,69,1,64,63,1,4,1,60,8,2176,1176,1000,1000,0,890,286,0,91,54,68,263,1272,890,0,1023,10,13,0,1048576,0,0,0,inf,0.920181811,0.922241449,0.844693184,0,0,0,0,0,0,0,0,0,0,0,0,0,0,0,0,0,0,0,0,0,0,0,1023,0,0,0,0,0,0,0,0,0,0,0,0,0,0,0,0,0,0,0,0,0,0,0,0,0,0,0,0,0,0,0,0,0,0,0,0,0,0,0,0,0,0,0,0,0,0,0,0,0,0,0,0,0,0,0,0,0,0,0,0,0,0,0,0,0,11,8,8,8,10,2,5,7,9,9
710,0.400000006,69,69,1,64,3,61,2,61,1,67,2176,1150,1026,1026,0,13,1137,0,17,17,68,1226,1246,13,0,135,10,13,0,1048576,0,0,0,inf,0.930139065,1.11373794,1.15242589,0,0,0,0,0,0,0,0,0,0,0,0,0,0,0,0,0,0,0,0,0,0,0,135,0,0,0,0,0,0,0,0,0,0,0,0,0,0,0,0,0,0,0,0,0,0,0,0,0,0,0,0,0,0,0,0,0,0,0,0,0,0,0,0,0,0,0,0,0,0,0,0,0,0,0,0,0,0,0,0,0,0,0,0,0,0,0,0,0,2,36,2,4294967295,4294967295,4294967295,4294967295,8,4294967295,4294967295
711,1,69,69,1,64,57,7,14,7,43,25,2176,1288,888,888,0,805,483,0,94,48,68,256,1384,805,0,1023,10,13,0,1048576,0,0,0,inf,0.900661111,1.05330145,0.836228132,0,0,0,0,0,0,0,0,0,0,0,0,0,0,0,0,0,0,0,0,0,0,0,1023,0,0,0,0,0,0,0,0,0,0,0,0,0,0,0,0,0,0,0,0,0,0,0,0,0,0,0,0,0,0,0,0,0,0,0,0,0,0,0,0,0,0,0,0,0,0,0,0,0,0,0,0,0,0,0,0,0,0,0,0,0,0,0,0,0,7,8,2,7,8,21,8,21,4,8
712,1,69,69,1,64,61,3,9,3,53,15,2176,1251,925,925,0,911,340,0,89,46,68,247,1347,911,0,1023,10,13,0,1048576,0,0,0,inf,0.941713512,0.976416826,0.86483556,0,0,0,0,0,0,0,0,0,0,0,0,0,0,0,0,0,0,0,0,0,0,0,1023,0,0,0,0,0,0,0,0,0,0,0,0,0,0,0,0,0,0,0,0,0,0,0,0,0,0,0,0,0,0,0,0,0,0,0,0,0,0,0,0,0,0,0,0,0,0,0,0,0,0,0,0,0,0,0,0,0,0,0,0,0,0,0,0,0,34,13,13,13,13,13,24,0,23,12
713,0.899999976,69,69,1,64,11,53,6,53,6,62,2176,1306,870,870,0,153,1153,0,65,47,68,489,1402,153,0,991,10,13,0,1048576,0,0,0,inf,0.906578779,1.00453293,0.931521833,0,0,0,0,0,0,0,0,0,0,0,0,0,0,0,0,0,0,0,0,0,0,0,991,0,0,0,0,0,0,0,0,0,0,0,0,0,0,0,0,0,0,0,0,0,0,0,0,0,0,0,0,0,0,0,0,0,0,0,0,0,0,0,0,0,0,0,0,0,0,0,0,0,0,0,0,0,0,0,0,0,0,0,0,0,0,0,0,0,29,11,12,2,25,4294967295,39,12,11,15
714,1,69,69,1,64,11,53,9,53,2,66,2176,1132,1044,1044,0,122,1010,0,29,28,68,444,1228,122,0,1023,10,13,0,1048576,0,0,0,inf,0.90857929,1.09839582,0.942044616,0,0,0,0,0,0,0,0,0,0,0,0,0,0,0,0,0,0,0,0,0,0,0,1023,0,0,0,0,0,0,0,0,0,0,0,0,0,0,0,0,0,0,0,0,0,0,0,0,0,0,0,0,0,0,0,0,0,0,0,0,0,0,0,0,0,0,0,0,0,0,0,0,0,0,0,0,0,0,0,0,0,0,0,0,0,0,0,0,0,3,3,1,26,14,12,34,12,8,38
715,0.899999976,69,69,1,64,5,59,3,59,2,66,2176,1092,1084,1084,0,88,1004,0,28,28,68,410,1188,88,0,767,10,13,0,1048576,0,0,0,inf,0.927789807,1.0550741,0.962118387,0,0,0,0,0,0,0,0,0,0,0,0,0,0,0,0,0,0,0,0,0,0,0,767,0,0,0,0,0,0,0,0,0,0,0,0,0,0,0,0,0,0,0,0,0,0,0,0,0,0,0,0,0,0,0,0,0,0,0,0,0,0,0,0,0,0,0,0,0,0,0,0,0,0,0,0,0,0,0,0,0,0,0,0,0,0,0,0,0,5,1,35,3,25,3,2,22,4294967295,32
716,0.800000012,69,69,1,64,2,62,0,62,2,66,2176,1248,928,928,0,30,1218,0,20,20,68,1073,1344,30,0,383,10,13,0,1048576,0,0,0,inf,0.881221175,1.08639288,1.05273306,0,0,0,0,0,0,0,0,0,0,0,0,0,0,0,0,0,0,0,0,0,0,0,383,0,0,0,0,0,0,0,0,0,0,0,0,0,0,0,0,0,0,0,0,0,0,0,0,0,0,0,0,0,0,0,0,0,0,0,0,0,0,0,0,0,0,0,0,0,0,0,0,0,0,0,0,0,0,0,0,0,0,0,0,0,0,0,0,0,4,8,1,41,44,14,35,4294967295,36,4294967295
717,0,69,69,1,64,0,64,0,64,0,68,2176,1172,1004,1004,0,0,1172,0,7,7,68,1336,1268,0,0,0,7,13,0,1048576,0,0,0,inf,0.942804873,1.11966205,inf,0,0,0,0,0,0,0,0,0,0,0,0,0,0,0,0,0,0,0,0,0,0,0,0,0,0,0,0,0,0,0,0,0,0,0,0,0,0,0,0,0,0,0,0,0,0,0,0,0,0,0,0,0,0,0,0,0,0,0,0,0,0,0,0,0,0,0,0,0,0,0,0,0,0,0,0,0,0,0,0,0,0,0,0,0,0,0,0,0,4294967295,4294967295,4294967295,4294967295,4294967295,4294967295,4294967295,4294967295,4294967295,4294967295
718,1,69,69,1,64,18,46,9,46,9,59,2176,1220,956,956,0,233,987,0,67,47,68,357,1316,233,0,1023,10,13,0,1048576,0,0,0,inf,0.930336475,1.00093031,0.930336475,0,0,0,0,0,0,0,0,0,0,0,0,0,0,0,0,0,0,0,0,0,0,0,1023,0,0,0,0,0,0,0,0,0,0,0,0,0,0,0,0,0,0,0,0,0,0,0,0,0,0,0,0,0,0,0,0,0,0,0,0,0,0,0,0,0,0,0,0,0,0,0,0,0,0,0,0,0,0,0,0,0,0,0,0,0,0,0,0,0,3,4,25,3,4,66,3,1,1,42
719,0,69,69,1,64,0,64,0,64,0,68,2176,1178,998,998,0,2,1176,0,17,12,68,1342,1274,2,0,0,10,13,0,1048576,0,0,0,inf,0.930592537,1.03260469,1.49630177,0,0,0,0,0,0,0,0,0,0,0,0,0,0,0,0,0,0,0,0,0,0,0,0,0,0,0,0,0,0,0,0,0,0,0,0,0,0,0,0,0,0,0,0,0,0,0,0,0,0,0,0,0,0,0,0,0,0,0,0,0,0,0,0,0,0,0,0,0,0,0,0,0,0,0,0,0,0,0,0,0,0,0,0,0,0,0,0,0,4294967295,4294967295,4294967295,4294967295,4294967295,4294967295,4294967295,4294967295,4294967295,4294967295
720,1,69,69,1,64,8,56,3,56,5,63,2176,1303,873,873,0,189,1114,0,63,42,68,425,1399,189,0,1023,10,13,0,1048576,0,0,0,inf,0.918980479,1.01288593,0.962502956,0,0,0,0,0,0,0,0,0,0,0,0,0,0,0,0,0,0,0,0,0,0,0,1023,0,0,0,0,0,0,0,0,0,0,0,0,0,0,0,0,0,0,0,0,0,0,0,0,0,0,0,0,0,0,0,0,0,0,0,0,0,0,0,0,0,0,0,0,0,0,0,0,0,0,0,0,0,0,0,0,0,0,0,0,0,0,0,0,0,3,4,3,43,1,54,4,4,17,3
721,0.899999976,69,69,1,64,24,40,18,40,8,60,2176,1181,995,995,0,268,913,0,77,41,68,344,1277,268,0,1019,10,13,0,1048576,0,0,0,inf,0.904926121,0.984481156,0.908828735,0,0,0,0,0,0,0,0,0,0,0,0,0,0,0,0,0,0,0,0,0,0,0,1019,0,0,0,0,0,0,0,0,0,0,0,0,0,0,0,0,0,0,0,0,0,0,0,0,0,0,0,0,0,0,0,0,0,0,0,0,0,0,0,0,0,0,0,0,0,0,0,0,0,0,0,0,0,0,0,0,0,0,0,0,0,0,0,0,0,4,1,4294967295,1,5,67,8,32,15,2
722,1,69,69,1,64,60,4,10,4,50,18,2176,1196,980,980,0,764,432,0,90,46,68,265,1292,764,0,1023,10,13,0,1048576,0,0,0,inf,0.923674464,1.01285625,0.848449469,0,0,0,0,0,0,0,0,0,0,0,0,0,0,0,0,0,0,0,0,0,0,0,1023,0,0,0,0,0,0,0,0,0,0,0,0,0,0,0,0,0,0,0,0,0,0,0,0,0,0,0,0,0,0,0,0,0,0,0,0,0,0,0,0,0,0,0,0,0,0,0,0,0,0,0,0,0,0,0,0,0,0,0,0,0,0,0,0,0,6,1,2,2,5,9,7,4,7,5
723,0.100000001,69,69,1,64,0,64,0,64,0,68,2176,1405,771,771,0,1,1404,0,1,1,68,1569,1501,1,0,1,1,13,0,1048576,0,0,0,inf,0.909638762,0.999063253,inf,0,0,0,0,0,0,0,0,0,0,0,0,0,0,0,0,0,0,0,0,0,0,0,1,0,0,0,0,0,0,0,0,0,0,0,0,0,0,0,0,0,0,0,0,0,0,0,0,0,0,0,0,0,0,0,0,0,0,0,0,0,0,0,0,0,0,0,0,0,0,0,0,0,0,0,0,0,0,0,0,0,0,0,0,0,0,0,0,0,36,4294967295,4294967295,4294967295,4294967295,4294967295,4294967295,4294967295,4294967295,4294967295
724,1,69,69,1,64,62,2,2,2,61,7,2176,1254,922,922,0,994,260,0,81,44,68,229,1350,994,0,1023,10,13,0,1048576,0,0,0,inf,0.959226429,0.988276184,0.884114861,0,0,0,0,0,0,0,0,0,0,0,0,0,0,0,0,0,0,0,0,0,0,0,1023,0,0,0,0,0,0,0,0,0,0,0,0,0,0,0,0,0,0,0,0,0,0,0,0,0,0,0,0,0,0,0,0,0,0,0,0,0,0,0,0,0,0,0,0,0,0,0,0,0,0,0,0,0,0,0,0,0,0,0,0,0,0,0,0,0,3,2,2,8,6,35,20,15,4,6
725,0,69,69,1,64,0,64,0,64,0,68,2176,1066,1110,1110,0,0,1066,0,1,1,68,1230,1162,0,0,0,1,13,0,1048576,0,0,0,inf,0.968683064,1.08387613,inf,0,0,0,0,0,0,0,0,0,0,0,0,0,0,0,0,0,0,0,0,0,0,0,0,0,0,0,0,0,0,0,0,0,0,0,0,0,0,0,0,0,0,0,0,0,0,0,0,0,0,0,0,0,0,0,0,0,0,0,0,0,0,0,0,0,0,0,0,0,0,0,0,0,0,0,0,0,0,0,0,0,0,0,0,0,0,0,0,0,4294967295,4294967295,4294967295,4294967295,4294967295,4294967295,4294967295,4294967295,4294967295,4294967295
726,0.800000012,69,69,1,64,3,61,3,61,0,68,2176,1325,851,851,0,46,1279,0,32,32,68,730,1421,46,0,766,10,13,0,1048576,0,0,0,inf,0.863253653,0.969595611,0.949102342,0,0,0,0,0,0,0,0,0,0,0,0,0,0,0,0,0,0,0,0,0,0,0,766,0,0,0,0,0,0,0,0,0,0,0,0,0,0,0,0,0,0,0,0,0,0,0,0,0,0,0,0,0,0,0,0,0,0,0,0,0,0,0,0,0,0,0,0,0,0,0,0,0,0,0,0,0,0,0,0,0,0,0,0,0,0,0,0,0,4294967295,6,6,29,29,4,9,31,4294967295,34
727,0.300000012,69,69,1,64,0,64,0,64,0,68,2176,1057,1119,1119,0,7,1050,0,12,12,68,1221,1153,7,0,44,10,13,0,1048576,0,0,0,inf,0.828249276,0.984587193,1.45234585,0,0,0,0,0,0,0,0,0,0,0,0,0,0,0,0,0,0,0,0,0,0,0,44,0,0,0,0,0,0,0,0,0,0,0,0,0,0,0,0,0,0,0,0,0,0,0,0,0,0,0,0,0,0,0,0,0,0,0,0,0,0,0,0,0,0,0,0,0,0,0,0,0,0,0,0,0,0,0,0,0,0,0,0,0,0,0,0,0,4294967295,4294967295,15,27,4294967295,15,4294967295,4294967295,4294967295,4294967295
728,0,69,69,1,64,0,64,0,64,0,68,2176,1070,1106,1106,0,0,1070,0,0,0,68,1234,1166,0,0,0,0,13,0,1048576,0,0,0,inf,0.823102713,0.978822231,inf,0,0,0,0,0,0,0,0,0,0,0,0,0,0,0,0,0,0,0,0,0,0,0,0,0,0,0,0,0,0,0,0,0,0,0,0,0,0,0,0,0,0,0,0,0,0,0,0,0,0,0,0,0,0,0,0,0,0,0,0,0,0,0,0,0,0,0,0,0,0,0,0,0,0,0,0,0,0,0,0,0,0,0,0,0,0,0,0,0,4294967295,4294967295,4294967295,4294967295,4294967295,4294967295,4294967295,4294967295,4294967295,4294967295
729,0,69,69,1,64,0,64,0,64,0,68,2176,1162,1014,1014,0,0,1162,0,0,0,68,1326,1258,0,0,0,0,13,0,1048576,0,0,0,inf,0.791799903,0.90461731,inf,0,0,0,0,0,0,0,0,0,0,0,0,0,0,0,0,0,0,0,0,0,0,0,0,0,0,0,0,0,0,0,0,0,0,0,0,0,0,0,0,0,0,0,0,0,0,0,0,0,0,0,0,0,0,0,0,0,0,0,0,0,0,0,0,0,0,0,0,0,0,0,0,0,0,0,0,0,0,0,0,0,0,0,0,0,0,0,0,0,4294967295,4294967295,4294967295,4294967295,4294967295,4294967295,4294967295,4294967295,4294967295,4294967295
730,0.100000001,69,69,1,64,0,64,0,64,0,68,2176,1164,1012,1012,0,1,1163,0,11,11,68,1328,1260,1,0,1,10,13,0,1048576,0,0,0,inf,0.881223738,0.99995935,1.51685345,0,0,0,0,0,0,0,0,0,0,0,0,0,0,0,0,0,0,0,0,0,0,0,1,0,0,0,0,0,0,0,0,0,0,0,0,0,0,0,0,0,0,0,0,0,0,0,0,0,0,0,0,0,0,0,0,0,0,0,0,0,0,0,0,0,0,0,0,0,0,0,0,0,0,0,0,0,0,0,0,0,0,0,0,0,0,0,0,0,5,4294967295,4294967295,4294967295,4294967295,4294967295,4294967295,4294967295,4294967295,4294967295
731,1,69,69,1,64,62,2,4,2,59,9,2176,1190,986,986,0,879,311,0,82,40,68,232,1286,879,0,1023,10,13,0,1048576,0,0,0,inf,0.914156079,0.942745566,0.838471174,0,0,0,0,0,0,0,0,0,0,0,0,0,0,0,0,0,0,0,0,0,0,0,1023,0,0,0,0,0,0,0,0,0,0,0,0,0,0,0,0,0,0,0,0,0,0,0,0,0,0,0,0,0,0,0,0,0,0,0,0,0,0,0,0,0,0,0,0,0,0,0,0,0,0,0,0,0,0,0,0,0,0,0,0,0,0,0,0,0,2,3,0,11,3,7,4,1,2,5
732,0.899999976,69,69,1,64,14,50,7,50,8,60,2176,1146,1030,1030,0,195,951,0,32,21,68,359,1242,195,0,895,10,13,0,1048576,0,0,0,inf,0.899561524,1.00475883,0.922602832,0,0,0,0,0,0,0,0,0,0,0,0,0,0,0,0,0,0,0,0,0,0,0,895,0,0,0,0,0,0,0,0,0,0,0,0,0,0,0,0,0,0,0,0,0,0,0,0,0,0,0,0,0,0,0,0,0,0,0,0,0,0,0,0,0,0,0,0,0,0,0,0,0,0,0,0,0,0,0,0,0,0,0,0,0,0,0,0,0,8,0,6,3,2,0,6,4294967295,25,6
733,0.100000001,69,69,1,64,0,64,0,64,0,68,2176,1236,940,940,0,1,1235,0,4,4,68,1400,1332,1,0,2,4,13,0,1048576,0,0,0,inf,0.969428241,1.14914548,inf,0,0,0,0,0,0,0,0,0,0,0,0,0,0,0,0,0,0,0,0,0,0,0,2,0,0,0,0,0,0,0,0,0,0,0,0,0,0,0,0,0,0,0,0,0,0,0,0,0,0,0,0,0,0,0,0,0,0,0,0,0,0,0,0,0,0,0,0,0,0,0,0,0,0,0,0,0,0,0,0,0,0,0,0,0,0,0,0,0,4294967295,28,4294967295,4294967295,4294967295,4294967295,4294967295,4294967295,4294967295,4294967295
734,0.5,69,69,1,64,1,63,0,63,1,67,2176,1348,828,828,0,78,1270,0,37,32,68,675,1444,78,0,457,10,13,0,1048576,0,0,0,inf,0.936681986,1.04703748,1.02984595,0,0,0,0,0,0,0,0,0,0,0,0,0,0,0,0,0,0,0,0,0,0,0,457,0,0,0,0,0,0,0,0,0,0,0,0,0,0,0,0,0,0,0,0,0,0,0,0,0,0,0,0,0,0,0,0,0,0,0,0,0,0,0,0,0,0,0,0,0,0,0,0,0,0,0,0,0,0,0,0,0,0,0,0,0,0,0,0,0,1,4294967295,4294967295,4,4294967295,4294967295,36,12,8,4294967295
735,0.100000001,69,69,1,64,0,64,0,64,0,68,2176,1397,779,779,0,1,1396,0,4,4,68,1561,1493,1,0,128,4,13,0,1048576,0,0,0,inf,0.804994822,0.969810963,inf,0,0,0,0,0,0,0,0,0,0,0,0,0,0,0,0,0,0,0,0,0,0,0,128,0,0,0,0,0,0,0,0,0,0,0,0,0,0,0,0,0,0,0,0,0,0,0,0,0,0,0,0,0,0,0,0,0,0,0,0,0,0,0,0,0,0,0,0,0,0,0,0,0,0,0,0,0,0,0,0,0,0,0,0,0,0,0,0,0,4294967295,4294967295,4294967295,4294967295,4294967295,4294967295,4294967295,18,4294967295,4294967295
736,1,69,69,1,64,7,57,5,57,2,66,2176,1036,1140,1140,0,83,953,0,47,31,68,459,1132,83,0,1023,10,13,0,1048576,0,0,0,inf,0.897027075,1.02650714,0.952297568,0,0,0,0,0,0,0,0,0,0,0,0,0,0,0,0,0,0,0,0,0,0,0,1023,0,0,0,0,0,0,0,0,0,0,0,0,0,0,0,0,0,0,0,0,0,0,0,0,0,0,0,0,0,0,0,0,0,0,0,0,0,0,0,0,0,0,0,0,0,0,0,0,0,0,0,0,0,0,0,0,0,0,0,0,0,0,0,0,0,25,15,6,12,14,32,11,3,6,32
737,1,69,69,1,64,60,4,5,4,56,12,2176,1247,929,929,0,915,332,0,79,38,68,227,1343,915,0,1023,10,13,0,1048576,0,0,0,inf,0.958105803,1.00448227,0.876673162,0,0,0,0,0,0,0,0,0,0,0,0,0,0,0,0,0,0,0,0,0,0,0,1023,0,0,0,0,0,0,0,0,0,0,0,0,0,0,0,0,0,0,0,0,0,0,0,0,0,0,0,0,0,0,0,0,0,0,0,0,0,0,0,0,0,0,0,0,0,0,0,0,0,0,0,0,0,0,0,0,0,0,0,0,0,0,0,0,0,2,1,1,7,3,3,12,2,2,24
738,0.699999988,69,69,1,64,9,55,4,55,5,63,2176,1080,1096,1096,0,122,958,0,46,34,68,497,1176,122,0,885,10,13,0,1048576,0,0,0,inf,0.966613948,1.05493414,0.994356513,0,0,0,0,0,0,0,0,0,0,0,0,0,0,0,0,0,0,0,0,0,0,0,885,0,0,0,0,0,0,0,0,0,0,0,0,0,0,0,0,0,0,0,0,0,0,0,0,0,0,0,0,0,0,0,0,0,0,0,0,0,0,0,0,0,0,0,0,0,0,0,0,0,0,0,0,0,0,0,0,0,0,0,0,0,0,0,0,0,11,4294967295,8,4294967295,6,8,7,4294967295,12,46
739,1,69,69,1,64,64,0,4,0,62,6,2176,1239,937,937,0,1052,187,0,92,52,68,246,1335,1052,0,1023,10,13,0,1048576,0,0,0,inf,0.86683625,0.889413118,0.784196794,0,0,0,0,0,0,0,0,0,0,0,0,0,0,0,0,0,0,0,0,0,0,0,1023,0,0,0,0,0,0,0,0,0,0,0,0,0,0,0,0,0,0,0,0,0,0,0,0,0,0,0,0,0,0,0,0,0,0,0,0,0,0,0,0,0,0,0,0,0,0,0,0,0,0,0,0,0,0,0,0,0,0,0,0,0,0,0,0,0,10,17,11,17,10,12,10,14,14,1
740,0.5,69,69,1,64,1,63,1,63,0,68,2176,1211,965,965,0,7,1204,0,22,18,68,1373,1307,7,0,295,10,13,0,1048576,0,0,0,inf,0.92119348,1.03425062,1.40950906,0,0,0,0,0,0,0,0,0,0,0,0,0,0,0,0,0,0,0,0,0,0,0,295,0,0,0,0,0,0,0,0,0,0,0,0,0,0,0,0,0,0,0,0,0,0,0,0,0,0,0,0,0,0,0,0,0,0,0,0,0,0,0,0,0,0,0,0,0,0,0,0,0,0,0,0,0,0,0,0,0,0,0,0,0,0,0,0,0,24,52,62,4294967295,4294967295,56,4294967295,4294967295,16,4294967295
741,0,69,69,1,64,0,64,0,64,0,68,2176,1233,943,943,0,0,1233,0,15,14,68,1397,1329,0,0,0,10,13,0,1048576,0,0,0,inf,0.808414221,0.93842721,1.46998501,0,0,0,0,0,0,0,0,0,0,0,0,0,0,0,0,0,0,0,0,0,0,0,0,0,0,0,0,0,0,0,0,0,0,0,0,0,0,0,0,0,0,0,0,0,0,0,0,0,0,0,0,0,0,0,0,0,0,0,0,0,0,0,0,0,0,0,0,0,0,0,0,0,0,0,0,0,0,0,0,0,0,0,0,0,0,0,0,0,4294967295,4294967295,4294967295,4294967295,4294967295,4294967295,4294967295,4294967295,4294967295,4294967295
742,0.400000006,69,69,1,64,1,63,1,63,0,68,2176,1378,798,798,0,23,1355,0,25,25,68,1353,1474,23,0,83,10,13,0,1048576,0,0,0,inf,0.938428283,1.01223969,1.13288665,0,0,0,0,0,0,0,0,0,0,0,0,0,0,0,0,0,0,0,0,0,0,0,83,0,0,0,0,0,0,0,0,0,0,0,0,0,0,0,0,0,0,0,0,0,0,0,0,0,0,0,0,0,0,0,0,0,0,0,0,0,0,0,0,0,0,0,0,0,0,0,0,0,0,0,0,0,0,0,0,0,0,0,0,0,0,0,0,0,5,21,4294967295,4294967295,30,4294967295,27,4294967295,4294967295,4294967295
743,0.100000001,69,69,1,64,0,64,0,64,0,68,2176,1256,920,920,0,1,1255,0,2,2,68,1420,1352,1,0,4,2,13,0,1048576,0,0,0,inf,0.942037761,1.05857444,inf,0,0,0,0,0,0,0,0,0,0,0,0,0,0,0,0,0,0,0,0,0,0,0,4,0,0,0,0,0,0,0,0,0,0,0,0,0,0,0,0,0,0,0,0,0,0,0,0,0,0,0,0,0,0,0,0,0,0,0,0,0,0,0,0,0,0,0,0,0,0,0,0,0,0,0,0,0,0,0,0,0,0,0,0,0,0,0,0,0,4294967295,4294967295,34,4294967295,4294967295,4294967295,4294967295,4294967295,4294967295,4294967295
744,0.5,69,69,1,64,2,62,1,62,1,67,2176,1211,965,965,0,31,1180,0,35,20,68,1167,1307,31,0,151,10,13,0,1048576,0,0,0,inf,0.926231086,1.02307761,1.08687043,0,0,0,0,0,0,0,0,0,0,0,0,0,0,0,0,0,0,0,0,0,0,0,151,0,0,0,0,0,0,0,0,0,0,0,0,0,0,0,0,0,0,0,0,0,0,0,0,0,0,0,0,0,0,0,0,0,0,0,0,0,0,0,0,0,0,0,0,0,0,0,0,0,0,0,0,0,0,0,0,0,0,0,0,0,0,0,0,0,28,2,2,4294967295,33,4294967295,4294967295,43,4294967295,4294967295
745,0.600000024,69,69,1,64,1,63,0,63,1,67,2176,1005,1171,1171,0,32,973,0,29,28,68,919,1101,32,0,603,10,13,0,1048576,0,0,0,inf,0.984493613,1.07760262,1.16082191,0,0,0,0,0,0,0,0,0,0,0,0,0,0,0,0,0,0,0,0,0,0,0,603,0,0,0,0,0,0,0,0,0,0,0,0,0,0,0,0,0,0,0,0,0,0,0,0,0,0,0,0,0,0,0,0,0,0,0,0,0,0,0,0,0,0,0,0,0,0,0,0,0,0,0,0,0,0,0,0,0,0,0,0,0,0,0,0,0,1,11,4294967295,11,29,4294967295,9,4294967295,4294967295,64
746,1,69,69,1,64,8,56,6,56,2,66,2176,983,1193,1193,0,66,917,0,38,35,68,666,1079,66,0,1023,10,13,0,1048576,0,0,0,inf,0.977621257,1.1144222,1.05809748,0,0,0,0,0,0,0,0,0,0,0,0,0,0,0,0,0,0,0,0,0,0,0,1023,0,0,0,0,0,0,0,0,0,0,0,0,0,0,0,0,0,0,0,0,0,0,0,0,0,0,0,0,0,0,0,0,0,0,0,0,0,0,0,0,0,0,0,0,0,0,0,0,0,0,0,0,0,0,0,0,0,0,0,0,0,0,0,0,0,51,1,8,52,8,36,37,51,27,51
747,1,69,69,1,64,4,60,1,60,3,65,2176,983,1193,1193,0,81,902,0,36,27,68,473,1079,81,0,1023,10,13,0,1048576,0,0,0,inf,0.998409986,1.13500786,1.06314862,0,0,0,0,0,0,0,0,0,0,0,0,0,0,0,0,0,0,0,0,0,0,0,1023,0,0,0,0,0,0,0,0,0,0,0,0,0,0,0,0,0,0,0,0,0,0,0,0,0,0,0,0,0,0,0,0,0,0,0,0,0,0,0,0,0,0,0,0,0,0,0,0,0,0,0,0,0,0,0,0,0,0,0,0,0,0,0,0,0,2,1,5,6,12,12,7,15,11,25
748,0,69,69,1,64,0,64,0,64,0,68,2176,947,1229,1229,0,0,947,0,7,7,68,1111,1043,0,0,0,7,13,0,1048576,0,0,0,inf,0.943457425,1.07589424,inf,0,0,0,0,0,0,0,0,0,0,0,0,0,0,0,0,0,0,0,0,0,0,0,0,0,0,0,0,0,0,0,0,0,0,0,0,0,0,0,0,0,0,0,0,0,0,0,0,0,0,0,0,0,0,0,0,0,0,0,0,0,0,0,0,0,0,0,0,0,0,0,0,0,0,0,0,0,0,0,0,0,0,0,0,0,0,0,0,0,4294967295,4294967295,4294967295,4294967295,4294967295,4294967295,4294967295,4294967295,4294967295,4294967295
749,1,69,69,1,64,64,0,5,0,62,6,2176,1195,981,981,0,1010,185,0,109,62,68,251,1291,1010,0,1023,10,13,0,1048576,0,0,0,inf,0.894436955,0.929886401,0.827015162,0,0,0,0,0,0,0,0,0,0,0,0,0,0,0,0,0,0,0,0,0,0,0,1023,0,0,0,0,0,0,0,0,0,0,0,0,0,0,0,0,0,0,0,0,0,0,0,0,0,0,0,0,0,0,0,0,0,0,0,0,0,0,0,0,0,0,0,0,0,0,0,0,0,0,0,0,0,0,0,0,0,0,0,0,0,0,0,0,0,9,6,9,8,7,4,5,27,24,5
750,1,69,69,1,64,4,60,4,60,0,68,2176,1113,1063,1063,0,50,1063,0,34,30,68,789,1209,50,0,1023,10,13,0,1048576,0,0,0,inf,0.914197326,1.07927787,0.998428345,0,0,0,0,0,0,0,0,0,0,0,0,0,0,0,0,0,0,0,0,0,0,0,1023,0,0,0,0,0,0,0,0,0,0,0,0,0,0,0,0,0,0,0,0,0,0,0,0,0,0,0,0,0,0,0,0,0,0,0,0,0,0,0,0,0,0,0,0,0,0,0,0,0,0,0,0,0,0,0,0,0,0,0,0,0,0,0,0,0,16,26,24,22,48,52,15,24,56,24
751,0,69,69,1,64,0,64,0,64,0,68,2176,1053,1123,1123,0,1,1052,0,11,11,68,1217,1149,1,0,0,10,13,0,1048576,0,0,0,inf,0.952214539,1.1152544,1.47379041,0,0,0,0,0,0,0,0,0,0,0,0,0,0,0,0,0,0,0,0,0,0,0,0,0,0,0,0,0,0,0,0,0,0,0,0,0,0,0,0,0,0,0,0,0,0,0,0,0,0,0,0,0,0,0,0,0,0,0,0,0,0,0,0,0,0,0,0,0,0,0,0,0,0,0,0,0,0,0,0,0,0,0,0,0,0,0,0,0,4294967295,4294967295,4294967295,4294967295,4294967295,4294967295,4294967295,4294967295,4294967295,4294967295
752,1,69,69,1,64,6,58,4,58,2,66,2176,968,1208,1208,0,68,900,0,36,29,68,586,1064,68,0,1023,10,13,0,1048576,0,0,0,inf,0.935348511,1.09963107,1.01845717,0,0,0,0,0,0,0,0,0,0,0,0,0,0,0,0,0,0,0,0,0,0,0,1023,0,0,0,0,0,0,0,0,0,0,0,0,0,0,0,0,0,0,0,0,0,0,0,0,0,0,0,0,0,0,0,0,0,0,0,0,0,0,0,0,0,0,0,0,0,0,0,0,0,0,0,0,0,0,0,0,0,0,0,0,0,0,0,0,0,1,19,2,12,7,12,12,25,61,33
753,0.899999976,69,69,1,64,43,21,12,21,32,36,2176,1127,1049,1049,0,541,586,0,84,42,68,253,1223,541,0,991,10,13,0,1048576,0,0,0,inf,0.933997869,1.06366849,0.879706502,0,0,0,0,0,0,0,0,0,0,0,0,0,0,0,0,0,0,0,0,0,0,0,991,0,0,0,0,0,0,0,0,0,0,0,0,0,0,0,0,0,0,0,0,0,0,0,0,0,0,0,0,0,0,0,0,0,0,0,0,0,0,0,0,0,0,0,0,0,0,0,0,0,0,0,0,0,0,0,0,0,0,0,0,0,0,0,0,0,13,8,3,19,31,4294967295,1,1,32,15
754,0,69,69,1,64,0,64,0,64,0,68,2176,1058,1118,1118,0,0,1058,0,7,7,68,1222,1154,0,0,0,7,13,0,1048576,0,0,0,inf,0.940927386,1.08172107,inf,0,0,0,0,0,0,0,0,0,0,0,0,0,0,0,0,0,0,0,0,0,0,0,0,0,0,0,0,0,0,0,0,0,0,0,0,0,0,0,0,0,0,0,0,0,0,0,0,0,0,0,0,0,0,0,0,0,0,0,0,0,0,0,0,0,0,0,0,0,0,0,0,0,0,0,0,0,0,0,0,0,0,0,0,0,0,0,0,0,4294967295,4294967295,4294967295,4294967295,4294967295,4294967295,4294967295,4294967295,4294967295,4294967295
755,1,69,69,1,64,59,5,8,5,52,16,2176,992,1184,1184,0,638,354,0,86,44,68,229,1088,638,0,1023,10,13,0,1048576,0,0,0,inf,0.926494837,1.01990128,0.823865414,0,0,0,0,0,0,0,0,0,0,0,0,0,0,0,0,0,0,0,0,0,0,0,1023,0,0,0,0,0,0,0,0,0,0,0,0,0,0,0,0,0,0,0,0,0,0,0,0,0,0,0,0,0,0,0,0,0,0,0,0,0,0,0,0,0,0,0,0,0,0,0,0,0,0,0,0,0,0,0,0,0,0,0,0,0,0,0,0,0,4,15,4,3,17,5,4,4,6,0
756,0.100000001,69,69,1,64,0,64,0,64,0,68,2176,961,1215,1215,0,1,960,0,4,4,68,1125,1057,1,0,8,4,13,0,1048576,0,0,0,inf,0.990268171,1.14023566,inf,0,0,0,0,0,0,0,0,0,0,0,0,0,0,0,0,0,0,0,0,0,0,0,8,0,0,0,0,0,0,0,0,0,0,0,0,0,0,0,0,0,0,0,0,0,0,0,0,0,0,0,0,0,0,0,0,0,0,0,0,0,0,0,0,0,0,0,0,0,0,0,0,0,0,0,0,0,0,0,0,0,0,0,0,0,0,0,0,0,4294967295,4294967295,4294967295,45,4294967295,4294967295,4294967295,4294967295,4294967295,4294967295
757,1,69,69,1,64,62,2,6,2,58,10,2176,1337,839,839,0,1072,265,0,94,46,68,251,1433,1072,0,1023,10,13,0,1048576,0,0,0,inf,0.940674722,0.963553429,0.858221054,0,0,0,0,0,0,0,0,0,0,0,0,0,0,0,0,0,0,0,0,0,0,0,1023,0,0,0,0,0,0,0,0,0,0,0,0,0,0,0,0,0,0,0,0,0,0,0,0,0,0,0,0,0,0,0,0,0,0,0,0,0,0,0,0,0,0,0,0,0,0,0,0,0,0,0,0,0,0,0,0,0,0,0,0,0,0,0,0,0,3,7,4,3,2,3,2,4,4,17
758,1,69,69,1,64,60,4,12,4,49,19,2176,1123,1053,1053,0,745,378,0,79,41,68,232,1219,745,0,1023,10,13,0,1048576,0,0,0,inf,0.981071711,1.03902018,0.909099579,0,0,0,0,0,0,0,0,0,0,0,0,0,0,0,0,0,0,0,0,0,0,0,1023,0,0,0,0,0,0,0,0,0,0,0,0,0,0,0,0,0,0,0,0,0,0,0,0,0,0,0,0,0,0,0,0,0,0,0,0,0,0,0,0,0,0,0,0,0,0,0,0,0,0,0,0,0,0,0,0,0,0,0,0,0,0,0,0,0,11,3,3,3,2,3,3,11,2,1
759,1,69,69,1,64,33,31,19,31,14,54,2176,1051,1125,1125,0,261,790,0,53,39,68,349,1147,261,0,1023,10,13,0,1048576,0,0,0,inf,0.927444696,1.09520948,0.909821332,0,0,0,0,0,0,0,0,0,0,0,0,0,0,0,0,0,0,0,0,0,0,0,1023,0,0,0,0,0,0,0,0,0,0,0,0,0,0,0,0,0,0,0,0,0,0,0,0,0,0,0,0,0,0,0,0,0,0,0,0,0,0,0,0,0,0,0,0,0,0,0,0,0,0,0,0,0,0,0,0,0,0,0,0,0,0,0,0,0,23,22,22,6,7,22,2,25,23,29
760,1,69,69,1,64,17,47,9,47,9,59,2176,1267,909,909,0,225,1042,0,78,50,68,408,1363,225,0,1023,10,13,0,1048576,0,0,0,inf,0.881884694,0.964816809,0.89261359,0,0,0,0,0,0,0,0,0,0,0,0,0,0,0,0,0,0,0,0,0,0,0,1023,0,0,0,0,0,0,0,0,0,0,0,0,0,0,0,0,0,0,0,0,0,0,0,0,0,0,0,0,0,0,0,0,0,0,0,0,0,0,0,0,0,0,0,0,0,0,0,0,0,0,0,0,0,0,0,0,0,0,0,0,0,0,0,0,0,10,3,8,12,33,31,13,8,1,5
761,1,69,69,1,64,62,2,5,2,58,10,2176,1234,942,942,0,955,279,0,88,45,68,242,1330,955,0,1023,10,13,0,1048576,0,0,0,inf,0.927268565,0.954816937,0.867529035,0,0,0,0,0,0,0,0,0,0,0,0,0,0,0,0,0,0,0,0,0,0,0,1023,0,0,0,0,0,0,0,0,0,0,0,0,0,0,0,0,0,0,0,0,0,0,0,0,0,0,0,0,0,0,0,0,0,0,0,0,0,0,0,0,0,0,0,0,0,0,0,0,0,0,0,0,0,0,0,0,0,0,0,0,0,0,0,0,0,3,3,33,3,4,0,27,35,2,4
762,0.600000024,69,69,1,64,0,64,0,64,0,68,2176,1154,1022,1022,0,8,1146,0,23,22,68,1317,1250,8,0,347,10,13,0,1048576,0,0,0,inf,0.880181611,1.00770426,1.37605011,0,0,0,0,0,0,0,0,0,0,0,0,0,0,0,0,0,0,0,0,0,0,0,347,0,0,0,0,0,0,0,0,0,0,0,0,0,0,0,0,0,0,0,0,0,0,0,0,0,0,0,0,0,0,0,0,0,0,0,0,0,0,0,0,0,0,0,0,0,0,0,0,0,0,0,0,0,0,0,0,0,0,0,0,0,0,0,0,0,18,8,4294967295,46,28,4294967295,10,4294967295,8,4294967295
763,0,69,69,1,64,0,64,0,64,0,68,2176,1088,1088,1088,0,0,1088,0,7,7,68,1252,1184,0,0,0,7,13,0,1048576,0,0,0,inf,0.962378621,1.08697557,inf,0,0,0,0,0,0,0,0,0,0,0,0,0,0,0,0,0,0,0,0,0,0,0,0,0,0,0,0,0,0,0,0,0,0,0,0,0,0,0,0,0,0,0,0,0,0,0,0,0,0,0,0,0,0,0,0,0,0,0,0,0,0,0,0,0,0,0,0,0,0,0,0,0,0,0,0,0,0,0,0,0,0,0,0,0,0,0,0,0,4294967295,4294967295,4294967295,4294967295,4294967295,4294967295,4294967295,4294967295,4294967295,4294967295
764,0.200000003,69,69,1,64,1,63,1,63,0,68,2176,1132,1044,1044,0,5,1127,0,8,8,68,1296,1228,5,0,3,8,13,0,1048576,0,0,0,inf,1.02318668,1.19257295,inf,0,0,0,0,0,0,0,0,0,0,0,0,0,0,0,0,0,0,0,0,0,0,0,3,0,0,0,0,0,0,0,0,0,0,0,0,0,0,0,0,0,0,0,0,0,0,0,0,0,0,0,0,0,0,0,0,0,0,0,0,0,0,0,0,0,0,0,0,0,0,0,0,0,0,0,0,0,0,0,0,0,0,0,0,0,0,0,0,0,39,67,4294967295,4294967295,4294967295,4294967295,4294967295,4294967295,4294967295,4294967295
765,0.899999976,69,69,1,64,6,58,5,58,1,67,2176,1307,869,869,0,74,1233,0,31,30,68,822,1403,74,0,991,10,13,0,1048576,0,0,0,inf,0.961782694,1.08480167,1.05067348,0,0,0,0,0,0,0,0,0,0,0,0,0,0,0,0,0,0,0,0,0,0,0,991,0,0,0,0,0,0,0,0,0,0,0,0,0,0,0,0,0,0,0,0,0,0,0,0,0,0,0,0,0,0,0,0,0,0,0,0,0,0,0,0,0,0,0,0,0,0,0,0,0,0,0,0,0,0,0,0,0,0,0,0,0,0,0,0,0,42,49,25,46,29,4294967295,42,8,18,58
766,0.800000012,69,69,1,64,4,60,3,60,1,67,2176,1191,985,985,0,98,1093,0,51,38,68,794,1287,98,0,1011,10,13,0,1048576,0,0,0,inf,0.923782289,1.04912925,1.00780964,0,0,0,0,0,0,0,0,0,0,0,0,0,0,0,0,0,0,0,0,0,0,0,1011,0,0,0,0,0,0,0,0,0,0,0,0,0,0,0,0,0,0,0,0,0,0,0,0,0,0,0,0,0,0,0,0,0,0,0,0,0,0,0,0,0,0,0,0,0,0,0,0,0,0,0,0,0,0,0,0,0,0,0,0,0,0,0,0,0,27,62,4294967295,4294967295,48,5,8,62,38,28
767,0.899999976,69,69,1,64,8,56,5,56,3,65,2176,1182,994,994,0,105,1077,0,47,36,68,498,1278,105,0,895,10,13,0,1048576,0,0,0,inf,0.996928155,1.10659969,1.0553081,0,0,0,0,0,0,0,0,0,0,0,0,0,0,0,0,0,0,0,0,0,0,0,895,0,0,0,0,0,0,0,0,0,0,0,0,0,0,0,0,0,0,0,0,0,0,0,0,0,0,0,0,0,0,0,0,0,0,0,0,0,0,0,0,0,0,0,0,0,0,0,0,0,0,0,0,0,0,0,0,0,0,0,0,0,0,0,0,0,21,19,8,4,27,30,7,4294967295,7,6
768,0.400000006,69,69,1,64,0,64,0,64,0,68,2176,1289,887,887,0,8,1281,0,23,21,68,1449,1385,8,0,269,10,13,0,1048576,0,0,0,inf,0.983119488,1.07422757,1.39493561,0,0,0,0,0,0,0,0,0,0,0,0,0,0,0,0,0,0,0,0,0,0,0,269,0,0,0,0,0,0,0,0,0,0,0,0,0,0,0,0,0,0,0,0,0,0,0,0,0,0,0,0,0,0,0,0,0,0,0,0,0,0,0,0,0,0,0,0,0,0,0,0,0,0,0,0,0,0,0,0,0,0,0,0,0,0,0,0,0,62,4294967295,35,38,4294967295,4294967295,4294967295,4294967295,60,4294967295
769,0.100000001,69,69,1,64,0,64,0,64,0,68,2176,1267,909,909,0,1,1266,0,4,4,68,1431,1363,1,0,2,4,13,0,1048576,0,0,0,inf,0.993539214,1.03349733,inf,0,0,0,0,0,0,0,0,0,0,0,0,0,0,0,0,0,0,0,0,0,0,0,2,0,0,0,0,0,0,0,0,0,0,0,0,0,0,0,0,0,0,0,0,0,0,0,0,0,0,0,0,0,0,0,0,0,0,0,0,0,0,0,0,0,0,0,0,0,0,0,0,0,0,0,0,0,0,0,0,0,0,0,0,0,0,0,0,0,4294967295,7,4294967295,4294967295,4294967295,4294967295,4294967295,4294967295,4294967295,4294967295
770,0.200000003,69,69,1,64,0,64,0,64,0,68,2176,1159,1017,1017,0,6,1153,0,21,20,68,1321,1255,6,0,24,10,13,0,1048576,0,0,0,inf,1.0133785,1.11400187,1.45567966,0,0,0,0,0,0,0,0,0,0,0,0,0,0,0,0,0,0,0,0,0,0,0,24,0,0,0,0,0,0,0,0,0,0,0,0,0,0,0,0,0,0,0,0,0,0,0,0,0,0,0,0,0,0,0,0,0,0,0,0,0,0,0,0,0,0,0,0,0,0,0,0,0,0,0,0,0,0,0,0,0,0,0,0,0,0,0,0,0,4294967295,4294967295,4294967295,56,8,4294967295,4294967295,4294967295,4294967295,4294967295
771,0.699999988,69,69,1,64,1,63,0,63,1,67,2176,1216,960,960,0,29,1187,0,29,27,68,995,1312,29,0,191,10,13,0,1048576,0,0,0,inf,0.981209755,1.06433737,1.11319017,0,0,0,0,0,0,0,0,0,0,0,0,0,0,0,0,0,0,0,0,0,0,0,191,0,0,0,0,0,0,0,0,0,0,0,0,0,0,0,0,0,0,0,0,0,0,0,0,0,0,0,0,0,0,0,0,0,0,0,0,0,0,0,0,0,0,0,0,0,0,0,0,0,0,0,0,0,0,0,0,0,0,0,0,0,0,0,0,0,17,1,26,45,33,18,4294967295,9,4294967295,4294967295
772,0.699999988,69,69,1,64,5,59,0,59,5,63,2176,1362,814,814,0,137,1225,0,41,35,68,583,1458,137,0,799,10,13,0,1048576,0,0,0,inf,0.943987131,1.00986671,1.00194347,0,0,0,0,0,0,0,0,0,0,0,0,0,0,0,0,0,0,0,0,0,0,0,799,0,0,0,0,0,0,0,0,0,0,0,0,0,0,0,0,0,0,0,0,0,0,0,0,0,0,0,0,0,0,0,0,0,0,0,0,0,0,0,0,0,0,0,0,0,0,0,0,0,0,0,0,0,0,0,0,0,0,0,0,0,0,0,0,0,0,1,4,1,2,4294967295,4294967295,4294967295,43,7
773,0.899999976,69,69,1,64,2,62,1,62,2,66,2176,1218,958,958,0,153,1065,0,75,48,68,495,1314,153,0,1021,10,13,0,1048576,0,0,0,inf,0.905311584,1.0879879,0.962699175,0,0,0,0,0,0,0,0,0,0,0,0,0,0,0,0,0,0,0,0,0,0,0,1021,0,0,0,0,0,0,0,0,0,0,0,0,0,0,0,0,0,0,0,0,0,0,0,0,0,0,0,0,0,0,0,0,0,0,0,0,0,0,0,0,0,0,0,0,0,0,0,0,0,0,0,0,0,0,0,0,0,0,0,0,0,0,0,0,0,28,4294967295,1,21,9,36,30,24,24,39
774,0.699999988,69,69,1,64,5,59,2,59,3,65,2176,1354,822,822,0,82,1272,0,52,40,68,585,1450,82,0,191,10,13,0,1048576,0,0,0,inf,0.970146954,1.08943689,1.03350532,0,0,0,0,0,0,0,0,0,0,0,0,0,0,0,0,0,0,0,0,0,0,0,191,0,0,0,0,0,0,0,0,0,0,0,0,0,0,0,0,0,0,0,0,0,0,0,0,0,0,0,0,0,0,0,0,0,0,0,0,0,0,0,0,0,0,0,0,0,0,0,0,0,0,0,0,0,0,0,0,0,0,0,0,0,0,0,0,0,19,41,28,28,33,4,4294967295,6,4294967295,4294967295
775,0.899999976,69,69,1,64,4,60,3,60,1,67,2176,1113,1063,1063,0,66,1047,0,30,26,68,659,1209,66,0,959,10,13,0,1048576,0,0,0,inf,0.902462959,1.10458446,0.999196887,0,0,0,0,0,0,0,0,0,0,0,0,0,0,0,0,0,0,0,0,0,0,0,959,0,0,0,0,0,0,0,0,0,0,0,0,0,0,0,0,0,0,0,0,0,0,0,0,0,0,0,0,0,0,0,0,0,0,0,0,0,0,0,0,0,0,0,0,0,0,0,0,0,0,0,0,0,0,0,0,0,0,0,0,0,0,0,0,0,12,8,2,10,14,26,4294967295,32,24,12
776,0.100000001,69,69,1,64,0,64,0,64,0,68,2176,1204,972,972,0,1,1203,0,4,4,68,1368,1300,1,0,1,4,13,0,1048576,0,0,0,inf,0.951917112,1.06819117,inf,0,0,0,0,0,0,0,0,0,0,0,0,0,0,0,0,0,0,0,0,0,0,0,1,0,0,0,0,0,0,0,0,0,0,0,0,0,0,0,0,0,0,0,0,0,0,0,0,0,0,0,0,0,0,0,0,0,0,0,0,0,0,0,0,0,0,0,0,0,0,0,0,0,0,0,0,0,0,0,0,0,0,0,0,0,0,0,0,0,29,4294967295,4294967295,4294967295,4294967295,4294967295,4294967295,4294967295,4294967295,4294967295
777,0.800000012,69,69,1,64,2,62,1,62,1,67,2176,955,1221,1221,0,32,923,0,20,20,68,802,1051,32,0,479,10,13,0,1048576,0,0,0,inf,0.855071664,0.974125326,1.04418588,0,0,0,0,0,0,0,0,0,0,0,0,0,0,0,0,0,0,0,0,0,0,0,479,0,0,0,0,0,0,0,0,0,0,0,0,0,0,0,0,0,0,0,0,0,0,0,0,0,0,0,0,0,0,0,0,0,0,0,0,0,0,0,0,0,0,0,0,0,0,0,0,0,0,0,0,0,0,0,0,0,0,0,0,0,0,0,0,0,12,66,3,12,12,4294967295,11,17,20,4294967295
778,1,69,69,2,64,64,0,0,0,65,3,2176,1222,954,954,0,1103,119,0,90,39,68,229,1318,1103,0,1023,10,13,0,1048576,0,0,0,inf,inf,0.851689994,0.776115179,0,0,0,0,0,0,0,0,0,0,0,0,0,0,0,0,0,0,0,0,0,0,0,1023,0,0,0,0,0,0,0,0,0,0,0,0,0,0,0,0,0,0,0,0,0,0,0,0,0,0,0,0,0,0,0,0,0,0,0,0,0,0,0,0,0,0,0,0,0,0,0,0,0,0,0,0,0,0,0,0,0,0,0,0,0,0,0,0,0,1,7,7,6,2,1,8,2,2,2
779,0,69,69,1,64,0,64,0,64,0,68,2176,1326,850,850,0,0,1326,0,0,0,68,1490,1422,0,0,0,0,13,0,1048576,0,0,0,inf,0.975261092,1.14696455,inf,0,0,0,0,0,0,0,0,0,0,0,0,0,0,0,0,0,0,0,0,0,0,0,0,0,0,0,0,0,0,0,0,0,0,0,0,0,0,0,0,0,0,0,0,0,0,0,0,0,0,0,0,0,0,0,0,0,0,0,0,0,0,0,0,0,0,0,0,0,0,0,0,0,0,0,0,0,0,0,0,0,0,0,0,0,0,0,0,0,4294967295,4294967295,4294967295,4294967295,4294967295,4294967295,4294967295,4294967295,4294967295,4294967295
780,1,69,69,1,64,11,53,6,53,5,63,2176,1093,1083,1083,0,110,983,0,35,29,68,560,1189,110,0,1023,10,13,0,1048576,0,0,0,inf,0.998616397,1.11815667,1.0339725,0,0,0,0,0,0,0,0,0,0,0,0,0,0,0,0,0,0,0,0,0,0,0,1023,0,0,0,0,0,0,0,0,0,0,0,0,0,0,0,0,0,0,0,0,0,0,0,0,0,0,0,0,0,0,0,0,0,0,0,0,0,0,0,0,0,0,0,0,0,0,0,0,0,0,0,0,0,0,0,0,0,0,0,0,0,0,0,0,0,11,2,28,5,5,1,64,17,20,20
781,0.899999976,69,69,1,64,9,55,5,55,4,64,2176,1166,1010,1010,0,116,1050,0,46,35,68,439,1262,116,0,1019,10,13,0,1048576,0,0,0,inf,0.949411988,1.04692721,0.970218003,0,0,0,0,0,0,0,0,0,0,0,0,0,0,0,0,0,0,0,0,0,0,0,1019,0,0,0,0,0,0,0,0,0,0,0,0,0,0,0,0,0,0,0,0,0,0,0,0,0,0,0,0,0,0,0,0,0,0,0,0,0,0,0,0,0,0,0,0,0,0,0,0,0,0,0,0,0,0,0,0,0,0,0,0,0,0,0,0,0,3,18,4294967295,21,17,8,11,4,8,31
782,0.800000012,69,69,1,64,5,59,3,59,2,66,2176,1129,1047,1047,0,78,1051,0,36,33,68,717,1225,78,0,447,10,13,0,1048576,0,0,0,inf,0.938918769,1.04934621,1.02723432,0,0,0,0,0,0,0,0,0,0,0,0,0,0,0,0,0,0,0,0,0,0,0,447,0,0,0,0,0,0,0,0,0,0,0,0,0,0,0,0,0,0,0,0,0,0,0,0,0,0,0,0,0,0,0,0,0,0,0,0,0,0,0,0,0,0,0,0,0,0,0,0,0,0,0,0,0,0,0,0,0,0,0,0,0,0,0,0,0,28,1,2,30,52,12,4294967295,37,15,4294967295
783,0.899999976,69,69,1,64,6,58,4,58,2,66,2176,1373,803,803,0,98,1275,0,50,37,68,664,1469,98,0,1022,10,13,0,1048576,0,0,0,inf,1.0026207,1.0559541,1.03354454,0,0,0,0,0,0,0,0,0,0,0,0,0,0,0,0,0,0,0,0,0,0,0,1022,0,0,0,0,0,0,0,0,0,0,0,0,0,0,0,0,0,0,0,0,0,0,0,0,0,0,0,0,0,0,0,0,0,0,0,0,0,0,0,0,0,0,0,0,0,0,0,0,0,0,0,0,0,0,0,0,0,0,0,0,0,0,0,0,0,4294967295,17,40,24,34,21,12,27,22,28
784,1,69,69,1,64,10,54,8,54,2,66,2176,1065,1111,1111,0,131,934,0,48,36,68,401,1161,131,0,1023,10,13,0,1048576,0,0,0,inf,0.889020681,1.07774365,0.919543803,0,0,0,0,0,0,0,0,0,0,0,0,0,0,0,0,0,0,0,0,0,0,0,1023,0,0,0,0,0,0,0,0,0,0,0,0,0,0,0,0,0,0,0,0,0,0,0,0,0,0,0,0,0,0,0,0,0,0,0,0,0,0,0,0,0,0,0,0,0,0,0,0,0,0,0,0,0,0,0,0,0,0,0,0,0,0,0,0,0,1,52,11,5,17,16,27,3,5,4
785,1,69,69,1,64,63,1,3,1,61,7,2176,1181,995,995,0,974,207,0,81,38,68,229,1277,974,0,1023,10,13,0,1048576,0,0,0,inf,0.913830638,0.970929742,0.810380995,0,0,0,0,0,0,0,0,0,0,0,0,0,0,0,0,0,0,0,0,0,0,0,1023,0,0,0,0,0,0,0,0,0,0,0,0,0,0,0,0,0,0,0,0,0,0,0,0,0,0,0,0,0,0,0,0,0,0,0,0,0,0,0,0,0,0,0,0,0,0,0,0,0,0,0,0,0,0,0,0,0,0,0,0,0,0,0,0,0,3,17,26,7,3,7,21,4,4,0
786,0.899999976,69,69,1,64,6,58,2,58,4,64,2176,1481,695,695,0,79,1402,0,35,31,68,816,1577,79,0,1019,10,13,0,1048576,0,0,0,inf,0.951717854,0.992004991,0.99813199,0,0,0,0,0,0,0,0,0,0,0,0,0,0,0,0,0,0,0,0,0,0,0,1019,0,0,0,0,0,0,0,0,0,0,0,0,0,0,0,0,0,0,0,0,0,0,0,0,0,0,0,0,0,0,0,0,0,0,0,0,0,0,0,0,0,0,0,0,0,0,0,0,0,0,0,0,0,0,0,0,0,0,0,0,0,0,0,0,0,20,24,4294967295,27,13,39,22,21,21,39
787,0.899999976,69,69,1,64,8,56,4,56,5,63,2176,1141,1035,1035,0,174,967,0,31,29,68,452,1237,174,0,1007,10,13,0,1048576,0,0,0,inf,0.933909953,1.11513686,0.98994863,0,0,0,0,0,0,0,0,0,0,0,0,0,0,0,0,0,0,0,0,0,0,0,1007,0,0,0,0,0,0,0,0,0,0,0,0,0,0,0,0,0,0,0,0,0,0,0,0,0,0,0,0,0,0,0,0,0,0,0,0,0,0,0,0,0,0,0,0,0,0,0,0,0,0,0,0,0,0,0,0,0,0,0,0,0,0,0,0,0,16,0,1,17,4294967295,6,16,35,0,52
788,1,69,69,1,64,61,3,8,3,54,14,2176,1149,1027,1027,0,821,328,0,76,40,68,224,1245,821,0,1023,10,13,0,1048576,0,0,0,inf,0.983073831,1.06155562,0.889445066,0,0,0,0,0,0,0,0,0,0,0,0,0,0,0,0,0,0,0,0,0,0,0,1023,0,0,0,0,0,0,0,0,0,0,0,0,0,0,0,0,0,0,0,0,0,0,0,0,0,0,0,0,0,0,0,0,0,0,0,0,0,0,0,0,0,0,0,0,0,0,0,0,0,0,0,0,0,0,0,0,0,0,0,0,0,0,0,0,0,6,6,30,0,2,26,3,4,3,26
789,0.899999976,69,69,1,64,2,62,2,62,0,68,2176,1463,713,713,0,28,1435,0,29,28,68,1309,1559,28,0,895,10,13,0,1048576,0,0,0,inf,1.00796163,1.09125721,1.12485957,0,0,0,0,0,0,0,0,0,0,0,0,0,0,0,0,0,0,0,0,0,0,0,895,0,0,0,0,0,0,0,0,0,0,0,0,0,0,0,0,0,0,0,0,0,0,0,0,0,0,0,0,0,0,0,0,0,0,0,0,0,0,0,0,0,0,0,0,0,0,0,0,0,0,0,0,0,0,0,0,0,0,0,0,0,0,0,0,0,13,33,62,19,20,65,17,4294967295,13,12
790,0.800000012,69,69,1,64,6,58,2,58,4,64,2176,1293,883,883,0,83,1210,0,51,41,68,638,1389,83,0,831,10,13,0,1048576,0,0,0,inf,0.976714134,1.11758745,1.03871381,0,0,0,0,0,0,0,0,0,0,0,0,0,0,0,0,0,0,0,0,0,0,0,831,0,0,0,0,0,0,0,0,0,0,0,0,0,0,0,0,0,0,0,0,0,0,0,0,0,0,0,0,0,0,0,0,0,0,0,0,0,0,0,0,0,0,0,0,0,0,0,0,0,0,0,0,0,0,0,0,0,0,0,0,0,0,0,0,0,6,53,20,24,32,22,4294967295,4294967295,5,26
791,0.699999988,69,69,1,64,2,62,1,62,1,67,2176,1251,925,925,0,22,1229,0,30,29,68,1279,1347,22,0,253,10,13,0,1048576,0,0,0,inf,0.987595141,1.07092237,1.17957044,0,0,0,0,0,0,0,0,0,0,0,0,0,0,0,0,0,0,0,0,0,0,0,253,0,0,0,0,0,0,0,0,0,0,0,0,0,0,0,0,0,0,0,0,0,0,0,0,0,0,0,0,0,0,0,0,0,0,0,0,0,0,0,0,0,0,0,0,0,0,0,0,0,0,0,0,0,0,0,0,0,0,0,0,0,0,0,0,0,5,4294967295,33,30,14,67,28,64,4294967295,4294967295
792,0.300000012,69,69,1,64,1,63,1,63,0,68,2176,1366,810,810,0,10,1356,0,15,15,68,1512,1462,10,0,131,10,13,0,1048576,0,0,0,inf,0.940046906,1.04427207,1.27077818,0,0,0,0,0,0,0,0,0,0,0,0,0,0,0,0,0,0,0,0,0,0,0,131,0,0,0,0,0,0,0,0,0,0,0,0,0,0,0,0,0,0,0,0,0,0,0,0,0,0,0,0,0,0,0,0,0,0,0,0,0,0,0,0,0,0,0,0,0,0,0,0,0,0,0,0,0,0,0,0,0,0,0,0,0,0,0,0,0,28,27,4294967295,4294967295,4294967295,4294967295,4294967295,27,4294967295,4294967295
793,0.899999976,69,69,2,64,64,0,0,0,65,3,2176,1414,762,762,0,1300,114,0,101,48,68,240,1510,1300,0,511,10,13,0,1048576,0,0,0,inf,inf,0.945368409,0.852157474,0,0,0,0,0,0,0,0,0,0,0,0,0,0,0,0,0,0,0,0,0,0,0,511,0,0,0,0,0,0,0,0,0,0,0,0,0,0,0,0,0,0,0,0,0,0,0,0,0,0,0,0,0,0,0,0,0,0,0,0,0,0,0,0,0,0,0,0,0,0,0,0,0,0,0,0,0,0,0,0,0,0,0,0,0,0,0,0,0,3,3,16,2,5,5,4,7,35,4294967295
794,1,69,69,1,64,41,23,15,23,27,41,2176,1181,995,995,0,491,690,0,58,35,68,350,1277,491,0,1023,10,13,0,1048576,0,0,0,inf,0.93972671,1.04326117,0.869586349,0,0,0,0,0,0,0,0,0,0,0,0,0,0,0,0,0,0,0,0,0,0,0,1023,0,0,0,0,0,0,0,0,0,0,0,0,0,0,0,0,0,0,0,0,0,0,0,0,0,0,0,0,0,0,0,0,0,0,0,0,0,0,0,0,0,0,0,0,0,0,0,0,0,0,0,0,0,0,0,0,0,0,0,0,0,0,0,0,0,4,38,6,12,5,3,11,2,4,39
795,1,69,69,1,64,11,53,6,53,6,62,2176,1162,1014,1014,0,155,1007,0,30,27,68,422,1258,155,0,1023,10,13,0,1048576,0,0,0,inf,0.971154213,1.09389186,1.00416458,0,0,0,0,0,0,0,0,0,0,0,0,0,0,0,0,0,0,0,0,0,0,0,1023,0,0,0,0,0,0,0,0,0,0,0,0,0,0,0,0,0,0,0,0,0,0,0,0,0,0,0,0,0,0,0,0,0,0,0,0,0,0,0,0,0,0,0,0,0,0,0,0,0,0,0,0,0,0,0,0,0,0,0,0,0,0,0,0,0,4,7,13,16,0,15,7,13,14,5
796,0.100000001,69,69,1,64,0,64,0,64,0,68,2176,1244,932,932,0,1,1243,0,4,4,68,1408,1340,1,0,1,4,13,0,1048576,0,0,0,inf,0.922058582,1.071612,inf,0,0,0,0,0,0,0,0,0,0,0,0,0,0,0,0,0,0,0,0,0,0,0,1,0,0,0,0,0,0,0,0,0,0,0,0,0,0,0,0,0,0,0,0,0,0,0,0,0,0,0,0,0,0,0,0,0,0,0,0,0,0,0,0,0,0,0,0,0,0,0,0,0,0,0,0,0,0,0,0,0,0,0,0,0,0,0,0,0,26,4294967295,4294967295,4294967295,4294967295,4294967295,4294967295,4294967295,4294967295,4294967295
797,0.200000003,69,69,1,64,0,64,0,64,0,68,2176,1267,909,909,0,2,1265,0,5,5,68,1431,1363,2,0,514,5,13,0,1048576,0,0,0,inf,0.898529708,1.02495801,inf,0,0,0,0,0,0,0,0,0,0,0,0,0,0,0,0,0,0,0,0,0,0,0,514,0,0,0,0,0,0,0,0,0,0,0,0,0,0,0,0,0,0,0,0,0,0,0,0,0,0,0,0,0,0,0,0,0,0,0,0,0,0,0,0,0,0,0,0,0,0,0,0,0,0,0,0,0,0,0,0,0,0,0,0,0,0,0,0,0,4294967295,26,4294967295,4294967295,4294967295,4294967295,4294967295,4294967295,4294967295,48
798,0.100000001,69,69,1,64,0,64,0,64,0,68,2176,1179,997,997,0,1,1178,0,4,4,68,1343,1275,1,0,1,4,13,0,1048576,0,0,0,inf,0.959240079,1.07989764,inf,0,0,0,0,0,0,0,0,0,0,0,0,0,0,0,0,0,0,0,0,0,0,0,1,0,0,0,0,0,0,0,0,0,0,0,0,0,0,0,0,0,0,0,0,0,0,0,0,0,0,0,0,0,0,0,0,0,0,0,0,0,0,0,0,0,0,0,0,0,0,0,0,0,0,0,0,0,0,0,0,0,0,0,0,0,0,0,0,0,44,4294967295,4294967295,4294967295,4294967295,4294967295,4294967295,4294967295,4294967295,4294967295
799,0.899999976,69,69,1,64,14,50,8,50,6,62,2176,1113,1063,1063,0,168,945,0,45,37,68,521,1209,168,0,767,10,13,0,1048576,0,0,0,inf,0.920006752,1.04059851,0.943564653,0,0,0,0,0,0,0,0,0,0,0,0,0,0,0,0,0,0,0,0,0,0,0,767,0,0,0,0,0,0,0,0,0,0,0,0,0,0,0,0,0,0,0,0,0,0,0,0,0,0,0,0,0,0,0,0,0,0,0,0,0,0,0,0,0,0,0,0,0,0,0,0,0,0,0,0,0,0,0,0,0,0,0,0,0,0,0,0,0,25,1,14,27,5,2,23,26,4294967295,45
800,0,69,69,1,64,0,64,0,64,0,68,2176,547,1629,1629,0,0,547,0,14,12,68,710,643,0,0,0,10,13,0,1048576,0,0,0,inf,0.775487721,0.98344624,1.44141865,0,0,0,0,0,0,0,0,0,0,0,0,0,0,0,0,0,0,0,0,0,0,0,0,0,0,0,0,0,0,0,0,0,0,0,0,0,0,0,0,0,0,0,0,0,0,0,0,0,0,0,0,0,0,0,0,0,0,0,0,0,0,0,0,0,0,0,0,0,0,0,0,0,0,0,0,0,0,0,0,0,0,0,0,0,0,0,0,0,4294967295,4294967295,4294967295,4294967295,4294967295,4294967295,4294967295,4294967295,4294967295,4294967295
801,0.800000012,69,69,1,64,4,60,1,60,3,65,2176,1230,946,946,0,59,1171,0,33,17,68,611,1326,59,0,863,10,13,0,1048576,0,0,0,inf,0.950178802,1.09349406,1.03812397,0,0,0,0,0,0,0,0,0,0,0,0,0,0,0,0,0,0,0,0,0,0,0,863,0,0,0,0,0,0,0,0,0,0,0,0,0,0,0,0,0,0,0,0,0,0,0,0,0,0,0,0,0,0,0,0,0,0,0,0,0,0,0,0,0,0,0,0,0,0,0,0,0,0,0,0,0,0,0,0,0,0,0,0,0,0,0,0,0,6,7,7,7,7,4294967295,7,4294967295,3,35
802,0.899999976,69,69,1,64,11,53,6,53,7,61,2176,1298,878,878,0,179,1119,0,57,37,68,381,1394,179,0,767,10,13,0,1048576,0,0,0,inf,0.903979063,0.982538998,0.942532837,0,0,0,0,0,0,0,0,0,0,0,0,0,0,0,0,0,0,0,0,0,0,0,767,0,0,0,0,0,0,0,0,0,0,0,0,0,0,0,0,0,0,0,0,0,0,0,0,0,0,0,0,0,0,0,0,0,0,0,0,0,0,0,0,0,0,0,0,0,0,0,0,0,0,0,0,0,0,0,0,0,0,0,0,0,0,0,0,0,17,1,7,2,1,15,8,22,4294967295,4
803,1,69,69,1,64,20,44,12,44,11,57,2176,1195,981,981,0,279,916,0,86,48,68,387,1291,279,0,1023,10,13,0,1048576,0,0,0,inf,0.878280878,0.983444452,0.894846976,0,0,0,0,0,0,0,0,0,0,0,0,0,0,0,0,0,0,0,0,0,0,0,1023,0,0,0,0,0,0,0,0,0,0,0,0,0,0,0,0,0,0,0,0,0,0,0,0,0,0,0,0,0,0,0,0,0,0,0,0,0,0,0,0,0,0,0,0,0,0,0,0,0,0,0,0,0,0,0,0,0,0,0,0,0,0,0,0,0,17,5,21,16,31,3,35,2,8,32
804,0.100000001,69,69,1,64,0,64,0,64,0,68,2176,1345,831,831,0,1,1344,0,11,11,68,1509,1441,1,0,1,10,13,0,1048576,0,0,0,inf,0.90130645,1.00683904,1.48374307,0,0,0,0,0,0,0,0,0,0,0,0,0,0,0,0,0,0,0,0,0,0,0,1,0,0,0,0,0,0,0,0,0,0,0,0,0,0,0,0,0,0,0,0,0,0,0,0,0,0,0,0,0,0,0,0,0,0,0,0,0,0,0,0,0,0,0,0,0,0,0,0,0,0,0,0,0,0,0,0,0,0,0,0,0,0,0,0,0,31,4294967295,4294967295,4294967295,4294967295,4294967295,4294967295,4294967295,4294967295,4294967295
805,0.100000001,69,69,1,64,0,64,0,64,0,68,2176,1158,1018,1018,0,4,1154,0,19,17,68,1322,1254,4,0,2,10,13,0,1048576,0,0,0,inf,0.936196864,1.03513026,1.4667393,0,0,0,0,0,0,0,0,0,0,0,0,0,0,0,0,0,0,0,0,0,0,0,2,0,0,0,0,0,0,0,0,0,0,0,0,0,0,0,0,0,0,0,0,0,0,0,0,0,0,0,0,0,0,0,0,0,0,0,0,0,0,0,0,0,0,0,0,0,0,0,0,0,0,0,0,0,0,0,0,0,0,0,0,0,0,0,0,0,4294967295,15,4294967295,4294967295,4294967295,4294967295,4294967295,4294967295,4294967295,4294967295
806,0.899999976,69,69,1,64,3,61,2,61,1,67,2176,956,1220,1220,0,69,887,0,49,36,68,585,1052,69,0,1015,10,13,0,1048576,0,0,0,inf,0.809651315,0.946039975,0.887269914,0,0,0,0,0,0,0,0,0,0,0,0,0,0,0,0,0,0,0,0,0,0,0,1015,0,0,0,0,0,0,0,0,0,0,0,0,0,0,0,0,0,0,0,0,0,0,0,0,0,0,0,0,0,0,0,0,0,0,0,0,0,0,0,0,0,0,0,0,0,0,0,0,0,0,0,0,0,0,0,0,0,0,0,0,0,0,0,0,0,14,10,5,4294967295,16,16,42,25,21,22
807,0.800000012,69,69,1,64,8,56,5,56,3,65,2176,1365,811,811,0,137,1228,0,52,35,68,488,1461,137,0,763,10,13,0,1048576,0,0,0,inf,0.924146295,1.03992581,0.964400411,0,0,0,0,0,0,0,0,0,0,0,0,0,0,0,0,0,0,0,0,0,0,0,763,0,0,0,0,0,0,0,0,0,0,0,0,0,0,0,0,0,0,0,0,0,0,0,0,0,0,0,0,0,0,0,0,0,0,0,0,0,0,0,0,0,0,0,0,0,0,0,0,0,0,0,0,0,0,0,0,0,0,0,0,0,0,0,0,0,9,36,4294967295,11,4,4,59,13,4294967295,13
808,0.300000012,69,69,1,64,0,64,0,64,0,68,2176,1218,958,958,0,6,1212,0,9,9,68,1382,1314,6,0,145,9,13,0,1048576,0,0,0,inf,0.929347157,1.04869843,inf,0,0,0,0,0,0,0,0,0,0,0,0,0,0,0,0,0,0,0,0,0,0,0,145,0,0,0,0,0,0,0,0,0,0,0,0,0,0,0,0,0,0,0,0,0,0,0,0,0,0,0,0,0,0,0,0,0,0,0,0,0,0,0,0,0,0,0,0,0,0,0,0,0,0,0,0,0,0,0,0,0,0,0,0,0,0,0,0,0,33,4294967295,4294967295,4294967295,8,4294967295,4294967295,14,4294967295,4294967295
809,1,69,69,1,64,46,18,9,18,38,30,2176,1255,921,921,0,665,590,0,90,54,68,262,1351,665,0,1023,10,13,0,1048576,0,0,0,inf,0.908380508,1.04323721,0.856155396,0,0,0,0,0,0,0,0,0,0,0,0,0,0,0,0,0,0,0,0,0,0,0,1023,0,0,0,0,0,0,0,0,0,0,0,0,0,0,0,0,0,0,0,0,0,0,0,0,0,0,0,0,0,0,0,0,0,0,0,0,0,0,0,0,0,0,0,0,0,0,0,0,0,0,0,0,0,0,0,0,0,0,0,0,0,0,0,0,0,2,10,10,9,9,27,5,18,12,12
810,1,69,69,1,64,60,4,11,4,50,18,2176,1078,1098,1098,0,745,333,0,76,38,68,226,1174,745,0,1023,10,13,0,1048576,0,0,0,inf,0.967370391,1.06143034,0.874630928,0,0,0,0,0,0,0,0,0,0,0,0,0,0,0,0,0,0,0,0,0,0,0,1023,0,0,0,0,0,0,0,0,0,0,0,0,0,0,0,0,0,0,0,0,0,0,0,0,0,0,0,0,0,0,0,0,0,0,0,0,0,0,0,0,0,0,0,0,0,0,0,0,0,0,0,0,0,0,0,0,0,0,0,0,0,0,0,0,0,1,2,13,1,3,5,1,0,3,19
811,0.600000024,69,69,1,64,44,20,20,20,24,44,2176,984,1192,1192,0,340,644,0,51,37,68,356,1080,340,0,459,10,13,0,1048576,0,0,0,inf,0.974140644,1.03533959,0.929610133,0,0,0,0,0,0,0,0,0,0,0,0,0,0,0,0,0,0,0,0,0,0,0,459,0,0,0,0,0,0,0,0,0,0,0,0,0,0,0,0,0,0,0,0,0,0,0,0,0,0,0,0,0,0,0,0,0,0,0,0,0,0,0,0,0,0,0,0,0,0,0,0,0,0,0,0,0,0,0,0,0,0,0,0,0,0,0,0,0,5,6,4294967295,6,4294967295,4294967295,8,6,6,4294967295
812,1,69,69,1,64,63,1,4,1,61,7,2176,1274,902,902,0,1032,242,0,102,54,68,241,1370,1032,0,1023,10,13,0,1048576,0,0,0,inf,0.975906909,1.04124773,0.921010971,0,0,0,0,0,0,0,0,0,0,0,0,0,0,0,0,0,0,0,0,0,0,0,1023,0,0,0,0,0,0,0,0,0,0,0,0,0,0,0,0,0,0,0,0,0,0,0,0,0,0,0,0,0,0,0,0,0,0,0,0,0,0,0,0,0,0,0,0,0,0,0,0,0,0,0,0,0,0,0,0,0,0,0,0,0,0,0,0,0,42,2,44,5,41,42,3,3,6,4
813,1,69,69,1,64,17,47,8,47,9,59,2176,1174,1002,1002,0,184,990,0,54,39,68,496,1270,184,0,1023,10,13,0,1048576,0,0,0,inf,1.01980495,1.11494577,1.03060961,0,0,0,0,0,0,0,0,0,0,0,0,0,0,0,0,0,0,0,0,0,0,0,1023,0,0,0,0,0,0,0,0,0,0,0,0,0,0,0,0,0,0,0,0,0,0,0,0,0,0,0,0,0,0,0,0,0,0,0,0,0,0,0,0,0,0,0,0,0,0,0,0,0,0,0,0,0,0,0,0,0,0,0,0,0,0,0,0,0,38,9,43,12,5,48,18,16,30,33
814,0.5,69,69,1,64,2,62,2,62,0,68,2176,1058,1118,1118,0,8,1050,0,11,11,68,1222,1154,8,0,551,10,13,0,1048576,0,0,0,inf,0.960858047,1.11782503,1.38975036,0,0,0,0,0,0,0,0,0,0,0,0,0,0,0,0,0,0,0,0,0,0,0,551,0,0,0,0,0,0,0,0,0,0,0,0,0,0,0,0,0,0,0,0,0,0,0,0,0,0,0,0,0,0,0,0,0,0,0,0,0,0,0,0,0,0,0,0,0,0,0,0,0,0,0,0,0,0,0,0,0,0,0,0,0,0,0,0,0,35,66,20,4294967295,4294967295,62,4294967295,4294967295,4294967295,57
815,0.899999976,69,69,1,64,17,47,8,47,9,59,2176,1157,1019,1019,0,183,974,0,59,47,68,480,1253,183,0,1019,10,13,0,1048576,0,0,0,inf,0.971241534,1.08840775,0.978952408,0,0,0,0,0,0,0,0,0,0,0,0,0,0,0,0,0,0,0,0,0,0,0,1019,0,0,0,0,0,0,0,0,0,0,0,0,0,0,0,0,0,0,0,0,0,0,0,0,0,0,0,0,0,0,0,0,0,0,0,0,0,0,0,0,0,0,0,0,0,0,0,0,0,0,0,0,0,0,0,0,0,0,0,0,0,0,0,0,0,5,30,4294967295,49,12,36,28,17,26,43
816,0.899999976,69,69,1,64,4,60,3,60,1,67,2176,1202,974,974,0,69,1133,0,37,32,68,700,1298,69,0,1015,10,13,0,1048576,0,0,0,inf,0.909659624,1.00384235,0.97141403,0,0,0,0,0,0,0,0,0,0,0,0,0,0,0,0,0,0,0,0,0,0,0,1015,0,0,0,0,0,0,0,0,0,0,0,0,0,0,0,0,0,0,0,0,0,0,0,0,0,0,0,0,0,0,0,0,0,0,0,0,0,0,0,0,0,0,0,0,0,0,0,0,0,0,0,0,0,0,0,0,0,0,0,0,0,0,0,0,0,13,19,12,4294967295,16,62,12,29,16,28
817,1,69,69,1,64,63,1,6,1,58,10,2176,1165,1011,1011,0,858,307,0,77,38,68,228,1261,858,0,1023,10,13,0,1048576,0,0,0,inf,0.929795206,0.944514751,0.845862508,0,0,0,0,0,0,0,0,0,0,0,0,0,0,0,0,0,0,0,0,0,0,0,1023,0,0,0,0,0,0,0,0,0,0,0,0,0,0,0,0,0,0,0,0,0,0,0,0,0,0,0,0,0,0,0,0,0,0,0,0,0,0,0,0,0,0,0,0,0,0,0,0,0,0,0,0,0,0,0,0,0,0,0,0,0,0,0,0,0,2,1,1,22,2,3,3,0,16,3
818,0.899999976,69,69,1,64,3,61,1,61,2,66,2176,1168,1008,1008,0,58,1110,0,35,34,68,760,1264,58,0,895,10,13,0,1048576,0,0,0,inf,1.04094887,1.11857629,1.14318883,0,0,0,0,0,0,0,0,0,0,0,0,0,0,0,0,0,0,0,0,0,0,0,895,0,0,0,0,0,0,0,0,0,0,0,0,0,0,0,0,0,0,0,0,0,0,0,0,0,0,0,0,0,0,0,0,0,0,0,0,0,0,0,0,0,0,0,0,0,0,0,0,0,0,0,0,0,0,0,0,0,0,0,0,0,0,0,0,0,1,9,60,27,32,11,54,4294967295,39,10
819,0.899999976,69,69,1,64,44,20,13,20,32,36,2176,1182,994,994,0,555,627,0,84,44,68,258,1278,555,0,1019,10,13,0,1048576,0,0,0,inf,0.947761178,1.09577775,0.893301725,0,0,0,0,0,0,0,0,0,0,0,0,0,0,0,0,0,0,0,0,0,0,0,1019,0,0,0,0,0,0,0,0,0,0,0,0,0,0,0,0,0,0,0,0,0,0,0,0,0,0,0,0,0,0,0,0,0,0,0,0,0,0,0,0,0,0,0,0,0,0,0,0,0,0,0,0,0,0,0,0,0,0,0,0,0,0,0,0,0,7,4,4294967295,25,2,2,24,5,22,17
820,1,69,69,1,64,14,50,7,50,7,61,2176,1147,1029,1029,0,161,986,0,57,47,68,486,1243,161,0,1023,10,13,0,1048576,0,0,0,inf,0.981903434,1.09583533,1.02429903,0,0,0,0,0,0,0,0,0,0,0,0,0,0,0,0,0,0,0,0,0,0,0,1023,0,0,0,0,0,0,0,0,0,0,0,0,0,0,0,0,0,0,0,0,0,0,0,0,0,0,0,0,0,0,0,0,0,0,0,0,0,0,0,0,0,0,0,0,0,0,0,0,0,0,0,0,0,0,0,0,0,0,0,0,0,0,0,0,0,64,47,57,8,49,5,20,16,17,29
821,1,69,69,1,64,8,56,5,56,3,65,2176,1037,1139,1139,0,80,957,0,38,31,68,594,1133,80,0,1023,10,13,0,1048576,0,0,0,inf,0.91902709,0.993389368,0.975459278,0,0,0,0,0,0,0,0,0,0,0,0,0,0,0,0,0,0,0,0,0,0,0,1023,0,0,0,0,0,0,0,0,0,0,0,0,0,0,0,0,0,0,0,0,0,0,0,0,0,0,0,0,0,0,0,0,0,0,0,0,0,0,0,0,0,0,0,0,0,0,0,0,0,0,0,0,0,0,0,0,0,0,0,0,0,0,0,0,0,2,12,4,23,61,32,36,36,14,14
822,1,69,69,1,64,62,2,4,2,58,10,2176,1027,1149,1149,0,777,250,0,79,40,68,226,1123,777,0,1023,10,13,0,1048576,0,0,0,inf,0.928150833,0.960697174,0.822616994,0,0,0,0,0,0,0,0,0,0,0,0,0,0,0,0,0,0,0,0,0,0,0,1023,0,0,0,0,0,0,0,0,0,0,0,0,0,0,0,0,0,0,0,0,0,0,0,0,0,0,0,0,0,0,0,0,0,0,0,0,0,0,0,0,0,0,0,0,0,0,0,0,0,0,0,0,0,0,0,0,0,0,0,0,0,0,0,0,0,3,4,6,6,3,0,4,11,1,10
823,0.899999976,69,69,1,64,7,57,6,57,1,67,2176,1137,1039,1039,0,70,1067,0,52,37,68,636,1233,70,0,1021,10,13,0,1048576,0,0,0,inf,0.995769739,1.11084747,1.05816257,0,0,0,0,0,0,0,0,0,0,0,0,0,0,0,0,0,0,0,0,0,0,0,1021,0,0,0,0,0,0,0,0,0,0,0,0,0,0,0,0,0,0,0,0,0,0,0,0,0,0,0,0,0,0,0,0,0,0,0,0,0,0,0,0,0,0,0,0,0,0,0,0,0,0,0,0,0,0,0,0,0,0,0,0,0,0,0,0,0,59,4294967295,30,18,13,9,50,43,3,54
824,0,69,69,1,64,0,64,0,64,0,68,2176,955,1221,1221,0,0,955,0,3,3,68,1119,1051,0,0,0,3,13,0,1048576,0,0,0,inf,0.93753922,1.05786729,inf,0,0,0,0,0,0,0,0,0,0,0,0,0,0,0,0,0,0,0,0,0,0,0,0,0,0,0,0,0,0,0,0,0,0,0,0,0,0,0,0,0,0,0,0,0,0,0,0,0,0,0,0,0,0,0,0,0,0,0,0,0,0,0,0,0,0,0,0,0,0,0,0,0,0,0,0,0,0,0,0,0,0,0,0,0,0,0,0,0,4294967295,4294967295,4294967295,4294967295,4294967295,4294967295,4294967295,4294967295,4294967295,4294967295
825,0.200000003,69,69,1,64,0,64,0,64,0,68,2176,1067,1109,1109,0,3,1064,0,6,6,68,1231,1163,3,0,17,6,13,0,1048576,0,0,0,inf,0.967291057,1.06192756,inf,0,0,0,0,0,0,0,0,0,0,0,0,0,0,0,0,0,0,0,0,0,0,0,17,0,0,0,0,0,0,0,0,0,0,0,0,0,0,0,0,0,0,0,0,0,0,0,0,0,0,0,0,0,0,0,0,0,0,0,0,0,0,0,0,0,0,0,0,0,0,0,0,0,0,0,0,0,0,0,0,0,0,0,0,0,0,0,0,0,27,4294967295,4294967295,4294967295,64,4294967295,4294967295,4294967295,4294967295,4294967295
826,0.600000024,69,69,1,64,3,61,0,61,3,65,2176,1286,890,890,0,22,1264,0,21,21,68,1181,1382,22,0,567,10,13,0,1048576,0,0,0,inf,0.911010802,1.03874564,1.09732962,0,0,0,0,0,0,0,0,0,0,0,0,0,0,0,0,0,0,0,0,0,0,0,567,0,0,0,0,0,0,0,0,0,0,0,0,0,0,0,0,0,0,0,0,0,0,0,0,0,0,0,0,0,0,0,0,0,0,0,0,0,0,0,0,0,0,0,0,0,0,0,0,0,0,0,0,0,0,0,0,0,0,0,0,0,0,0,0,0,20,24,1,4294967295,48,30,4294967295,4294967295,4294967295,34
827,0.600000024,69,69,1,64,6,58,4,58,2,66,2176,1208,968,968,0,121,1087,0,58,45,68,684,1304,121,0,603,10,13,0,1048576,0,0,0,inf,0.949003935,1.04581761,1.01559711,0,0,0,0,0,0,0,0,0,0,0,0,0,0,0,0,0,0,0,0,0,0,0,603,0,0,0,0,0,0,0,0,0,0,0,0,0,0,0,0,0,0,0,0,0,0,0,0,0,0,0,0,0,0,0,0,0,0,0,0,0,0,0,0,0,0,0,0,0,0,0,0,0,0,0,0,0,0,0,0,0,0,0,0,0,0,0,0,0,38,46,4294967295,57,38,4294967295,45,4294967295,4294967295,46
828,1,69,69,1,64,55,9,8,9,48,20,2176,1068,1108,1108,0,699,369,0,80,40,68,231,1164,699,0,1023,10,13,0,1048576,0,0,0,inf,0.969317377,1.08985329,0.894328356,0,0,0,0,0,0,0,0,0,0,0,0,0,0,0,0,0,0,0,0,0,0,0,1023,0,0,0,0,0,0,0,0,0,0,0,0,0,0,0,0,0,0,0,0,0,0,0,0,0,0,0,0,0,0,0,0,0,0,0,0,0,0,0,0,0,0,0,0,0,0,0,0,0,0,0,0,0,0,0,0,0,0,0,0,0,0,0,0,0,12,0,7,2,1,2,4,1,4,5
829,1,69,69,1,64,52,12,15,12,38,30,2176,1072,1104,1104,0,615,457,0,75,36,68,228,1168,615,0,1023,10,13,0,1048576,0,0,0,inf,0.976693034,1.06744635,0.918237925,0,0,0,0,0,0,0,0,0,0,0,0,0,0,0,0,0,0,0,0,0,0,0,1023,0,0,0,0,0,0,0,0,0,0,0,0,0,0,0,0,0,0,0,0,0,0,0,0,0,0,0,0,0,0,0,0,0,0,0,0,0,0,0,0,0,0,0,0,0,0,0,0,0,0,0,0,0,0,0,0,0,0,0,0,0,0,0,0,0,2,0,2,6,2,2,2,1,1,4
830,0,69,69,1,64,0,64,0,64,0,68,2176,1049,1127,1127,0,2,1047,0,17,14,68,1213,1145,2,0,0,10,13,0,1048576,0,0,0,inf,0.98433131,1.10714459,1.57484782,0,0,0,0,0,0,0,0,0,0,0,0,0,0,0,0,0,0,0,0,0,0,0,0,0,0,0,0,0,0,0,0,0,0,0,0,0,0,0,0,0,0,0,0,0,0,0,0,0,0,0,0,0,0,0,0,0,0,0,0,0,0,0,0,0,0,0,0,0,0,0,0,0,0,0,0,0,0,0,0,0,0,0,0,0,0,0,0,0,4294967295,4294967295,4294967295,4294967295,4294967295,4294967295,4294967295,4294967295,4294967295,4294967295
831,0.300000012,69,69,1,64,1,63,1,63,0,68,2176,1122,1054,1054,0,5,1117,0,10,10,68,1286,1218,5,0,69,10,13,0,1048576,0,0,0,inf,0.933137298,1.06453109,1.52956593,0,0,0,0,0,0,0,0,0,0,0,0,0,0,0,0,0,0,0,0,0,0,0,69,0,0,0,0,0,0,0,0,0,0,0,0,0,0,0,0,0,0,0,0,0,0,0,0,0,0,0,0,0,0,0,0,0,0,0,0,0,0,0,0,0,0,0,0,0,0,0,0,0,0,0,0,0,0,0,0,0,0,0,0,0,0,0,0,0,2,4294967295,2,4294967295,4294967295,4294967295,45,4294967295,4294967295,4294967295
832,0.100000001,69,69,1,64,0,64,0,64,0,68,2176,1398,778,778,0,1,1397,0,11,11,68,1562,1494,1,0,64,10,13,0,1048576,0,0,0,inf,0.93667841,1.02477062,1.54908299,0,0,0,0,0,0,0,0,0,0,0,0,0,0,0,0,0,0,0,0,0,0,0,64,0,0,0,0,0,0,0,0,0,0,0,0,0,0,0,0,0,0,0,0,0,0,0,0,0,0,0,0,0,0,0,0,0,0,0,0,0,0,0,0,0,0,0,0,0,0,0,0,0,0,0,0,0,0,0,0,0,0,0,0,0,0,0,0,0,4294967295,4294967295,4294967295,4294967295,4294967295,4294967295,8,4294967295,4294967295,4294967295
833,0.100000001,69,69,1,64,0,64,0,64,0,68,2176,1100,1076,1076,0,1,1099,0,4,4,68,1264,1196,1,0,1,4,13,0,1048576,0,0,0,inf,0.942840457,1.03117239,inf,0,0,0,0,0,0,0,0,0,0,0,0,0,0,0,0,0,0,0,0,0,0,0,1,0,0,0,0,0,0,0,0,0,0,0,0,0,0,0,0,0,0,0,0,0,0,0,0,0,0,0,0,0,0,0,0,0,0,0,0,0,0,0,0,0,0,0,0,0,0,0,0,0,0,0,0,0,0,0,0,0,0,0,0,0,0,0,0,0,53,4294967295,4294967295,4294967295,4294967295,4294967295,4294967295,4294967295,4294967295,4294967295
834,0,69,69,1,64,0,64,0,64,0,68,2176,1008,1168,1168,0,0,1008,0,7,7,68,1172,1104,0,0,0,7,13,0,1048576,0,0,0,inf,0.946974456,1.05876875,inf,0,0,0,0,0,0,0,0,0,0,0,0,0,0,0,0,0,0,0,0,0,0,0,0,0,0,0,0,0,0,0,0,0,0,0,0,0,0,0,0,0,0,0,0,0,0,0,0,0,0,0,0,0,0,0,0,0,0,0,0,0,0,0,0,0,0,0,0,0,0,0,0,0,0,0,0,0,0,0,0,0,0,0,0,0,0,0,0,0,4294967295,4294967295,4294967295,4294967295,4294967295,4294967295,4294967295,4294967295,4294967295,4294967295
835,0.699999988,69,69,1,64,5,59,2,59,3,65,2176,1234,942,942,0,47,1187,0,49,38,68,766,1330,47,0,415,10,13,0,1048576,0,0,0,inf,0.867862225,0.947289884,0.963659406,0,0,0,0,0,0,0,0,0,0,0,0,0,0,0,0,0,0,0,0,0,0,0,415,0,0,0,0,0,0,0,0,0,0,0,0,0,0,0,0,0,0,0,0,0,0,0,0,0,0,0,0,0,0,0,0,0,0,0,0,0,0,0,0,0,0,0,0,0,0,0,0,0,0,0,0,0,0,0,0,0,0,0,0,0,0,0,0,0,4,7,0,11,0,4294967295,4294967295,36,29,4294967295
836,1,69,69,1,64,57,7,12,7,45,23,2176,1066,1110,1110,0,354,712,0,36,23,68,238,1162,354,0,1023,10,13,0,1048576,0,0,0,inf,0.950528145,1.05657792,0.884879589,0,0,0,0,0,0,0,0,0,0,0,0,0,0,0,0,0,0,0,0,0,0,0,1023,0,0,0,0,0,0,0,0,0,0,0,0,0,0,0,0,0,0,0,0,0,0,0,0,0,0,0,0,0,0,0,0,0,0,0,0,0,0,0,0,0,0,0,0,0,0,0,0,0,0,0,0,0,0,0,0,0,0,0,0,0,0,0,0,0,2,8,0,1,2,1,5,17,2,7
837,0,69,69,1,64,0,64,0,64,0,68,2176,1218,958,958,0,0,1218,0,3,3,68,1382,1314,0,0,0,3,13,0,1048576,0,0,0,inf,0.980024755,1.04050124,inf,0,0,0,0,0,0,0,0,0,0,0,0,0,0,0,0,0,0,0,0,0,0,0,0,0,0,0,0,0,0,0,0,0,0,0,0,0,0,0,0,0,0,0,0,0,0,0,0,0,0,0,0,0,0,0,0,0,0,0,0,0,0,0,0,0,0,0,0,0,0,0,0,0,0,0,0,0,0,0,0,0,0,0,0,0,0,0,0,0,4294967295,4294967295,4294967295,4294967295,4294967295,4294967295,4294967295,4294967295,4294967295,4294967295
838,0.899999976,69,69,1,64,7,57,5,57,2,66,2176,1125,1051,1051,0,90,1035,0,38,32,68,589,1221,90,0,959,10,13,0,1048576,0,0,0,inf,0.998191953,1.10481668,1.06161404,0,0,0,0,0,0,0,0,0,0,0,0,0,0,0,0,0,0,0,0,0,0,0,959,0,0,0,0,0,0,0,0,0,0,0,0,0,0,0,0,0,0,0,0,0,0,0,0,0,0,0,0,0,0,0,0,0,0,0,0,0,0,0,0,0,0,0,0,0,0,0,0,0,0,0,0,0,0,0,0,0,0,0,0,0,0,0,0,0,1,5,12,12,2,5,4294967295,32,32,51
839,1,69,69,1,64,58,6,11,6,48,20,2176,1102,1074,1074,0,730,372,0,75,40,68,227,1198,730,0,1023,10,13,0,1048576,0,0,0,inf,1.02033567,1.09854531,0.936357558,0,0,0,0,0,0,0,0,0,0,0,0,0,0,0,0,0,0,0,0,0,0,0,1023,0,0,0,0,0,0,0,0,0,0,0,0,0,0,0,0,0,0,0,0,0,0,0,0,0,0,0,0,0,0,0,0,0,0,0,0,0,0,0,0,0,0,0,0,0,0,0,0,0,0,0,0,0,0,0,0,0,0,0,0,0,0,0,0,0,1,14,2,0,8,1,1,3,2,2
840,1,69,69,1,64,64,0,4,0,62,6,2176,943,1233,1233,0,630,313,0,96,46,68,260,1039,630,0,1023,10,13,0,1048576,0,0,0,inf,0.875826359,0.966274977,0.785447478,0,0,0,0,0,0,0,0,0,0,0,0,0,0,0,0,0,0,0,0,0,0,0,1023,0,0,0,0,0,0,0,0,0,0,0,0,0,0,0,0,0,0,0,0,0,0,0,0,0,0,0,0,0,0,0,0,0,0,0,0,0,0,0,0,0,0,0,0,0,0,0,0,0,0,0,0,0,0,0,0,0,0,0,0,0,0,0,0,0,4,5,5,5,3,2,4,3,4,4
841,0.899999976,69,69,1,64,3,61,0,61,3,65,2176,1134,1042,1042,0,87,1047,0,35,30,68,692,1230,87,0,1015,10,13,0,1048576,0,0,0,inf,0.983251393,1.07541835,1.05473745,0,0,0,0,0,0,0,0,0,0,0,0,0,0,0,0,0,0,0,0,0,0,0,1015,0,0,0,0,0,0,0,0,0,0,0,0,0,0,0,0,0,0,0,0,0,0,0,0,0,0,0,0,0,0,0,0,0,0,0,0,0,0,0,0,0,0,0,0,0,0,0,0,0,0,0,0,0,0,0,0,0,0,0,0,0,0,0,0,0,33,1,2,4294967295,30,36,25,24,13,25
842,1,69,69,1,64,61,3,3,3,60,8,2176,1317,859,859,0,1088,229,0,105,53,68,244,1413,1088,0,1023,10,13,0,1048576,0,0,0,inf,0.993761182,1.01583779,0.922384381,0,0,0,0,0,0,0,0,0,0,0,0,0,0,0,0,0,0,0,0,0,0,0,1023,0,0,0,0,0,0,0,0,0,0,0,0,0,0,0,0,0,0,0,0,0,0,0,0,0,0,0,0,0,0,0,0,0,0,0,0,0,0,0,0,0,0,0,0,0,0,0,0,0,0,0,0,0,0,0,0,0,0,0,0,0,0,0,0,0,4,16,17,10,5,8,18,49,5,3
843,1,69,69,1,64,8,56,4,56,4,64,2176,1061,1115,1115,0,97,964,0,35,31,68,579,1157,97,0,1023,10,13,0,1048576,0,0,0,inf,1.00305939,1.09973001,1.04319179,0,0,0,0,0,0,0,0,0,0,0,0,0,0,0,0,0,0,0,0,0,0,0,1023,0,0,0,0,0,0,0,0,0,0,0,0,0,0,0,0,0,0,0,0,0,0,0,0,0,0,0,0,0,0,0,0,0,0,0,0,0,0,0,0,0,0,0,0,0,0,0,0,0,0,0,0,0,0,0,0,0,0,0,0,0,0,0,0,0,1,10,2,6,38,44,37,12,44,12
844,1,69,69,1,64,55,9,14,9,42,26,2176,1066,1110,1110,0,689,377,0,73,38,68,227,1162,689,0,1023,10,13,0,1048576,0,0,0,inf,1.00709248,1.11703241,0.935248852,0,0,0,0,0,0,0,0,0,0,0,0,0,0,0,0,0,0,0,0,0,0,0,1023,0,0,0,0,0,0,0,0,0,0,0,0,0,0,0,0,0,0,0,0,0,0,0,0,0,0,0,0,0,0,0,0,0,0,0,0,0,0,0,0,0,0,0,0,0,0,0,0,0,0,0,0,0,0,0,0,0,0,0,0,0,0,0,0,0,1,1,0,15,13,2,2,1,10,2
845,0.699999988,69,69,1,64,5,59,3,59,2,66,2176,1190,986,986,0,97,1093,0,34,31,68,691,1286,97,0,415,10,13,0,1048576,0,0,0,inf,0.948767304,1.07115316,1.02706397,0,0,0,0,0,0,0,0,0,0,0,0,0,0,0,0,0,0,0,0,0,0,0,415,0,0,0,0,0,0,0,0,0,0,0,0,0,0,0,0,0,0,0,0,0,0,0,0,0,0,0,0,0,0,0,0,0,0,0,0,0,0,0,0,0,0,0,0,0,0,0,0,0,0,0,0,0,0,0,0,0,0,0,0,0,0,0,0,0,1,13,2,38,7,4294967295,4294967295,9,25,4294967295
846,1,69,69,1,64,64,0,1,0,66,2,2176,756,1420,1420,0,685,71,0,114,58,68,266,852,685,0,1023,10,13,0,1048576,0,0,0,inf,1.0356909,1.0356909,0.787515283,0,0,0,0,0,0,0,0,0,0,0,0,0,0,0,0,0,0,0,0,0,0,0,1023,0,0,0,0,0,0,0,0,0,0,0,0,0,0,0,0,0,0,0,0,0,0,0,0,0,0,0,0,0,0,0,0,0,0,0,0,0,0,0,0,0,0,0,0,0,0,0,0,0,0,0,0,0,0,0,0,0,0,0,0,0,0,0,0,0,3,4,4,6,5,7,9,5,7,7
847,1,69,69,1,64,57,7,10,7,48,20,2176,1186,990,990,0,849,337,0,80,42,68,232,1282,849,0,1023,10,13,0,1048576,0,0,0,inf,0.989241838,1.12524903,0.911674142,0,0,0,0,0,0,0,0,0,0,0,0,0,0,0,0,0,0,0,0,0,0,0,1023,0,0,0,0,0,0,0,0,0,0,0,0,0,0,0,0,0,0,0,0,0,0,0,0,0,0,0,0,0,0,0,0,0,0,0,0,0,0,0,0,0,0,0,0,0,0,0,0,0,0,0,0,0,0,0,0,0,0,0,0,0,0,0,0,0,21,20,1,27,21,2,2,21,3,9
848,0.699999988,69,69,1,64,4,60,2,60,2,66,2176,1208,968,968,0,54,1154,0,49,35,68,728,1304,54,0,247,10,13,0,1048576,0,0,0,inf,0.949493647,1.05419409,1.05036235,0,0,0,0,0,0,0,0,0,0,0,0,0,0,0,0,0,0,0,0,0,0,0,247,0,0,0,0,0,0,0,0,0,0,0,0,0,0,0,0,0,0,0,0,0,0,0,0,0,0,0,0,0,0,0,0,0,0,0,0,0,0,0,0,0,0,0,0,0,0,0,0,0,0,0,0,0,0,0,0,0,0,0,0,0,0,0,0,0,4,22,12,4294967295,50,20,39,43,4294967295,4294967295
849,1,69,69,1,64,61,3,9,3,53,15,2176,1253,923,923,0,899,354,0,80,41,68,235,1349,899,0,1023,10,13,0,1048576,0,0,0,inf,0.98508954,1.03882718,0.917960167,0,0,0,0,0,0,0,0,0,0,0,0,0,0,0,0,0,0,0,0,0,0,0,1023,0,0,0,0,0,0,0,0,0,0,0,0,0,0,0,0,0,0,0,0,0,0,0,0,0,0,0,0,0,0,0,0,0,0,0,0,0,0,0,0,0,0,0,0,0,0,0,0,0,0,0,0,0,0,0,0,0,0,0,0,0,0,0,0,0,14,3,1,14,1,14,13,17,14,1
850,1,69,69,1,64,8,56,4,56,4,64,2176,1230,946,946,0,122,1108,0,53,41,68,462,1326,122,0,1023,10,13,0,1048576,0,0,0,inf,0.918591976,1.06218982,0.957391739,0,0,0,0,0,0,0,0,0,0,0,0,0,0,0,0,0,0,0,0,0,0,0,1023,0,0,0,0,0,0,0,0,0,0,0,0,0,0,0,0,0,0,0,0,0,0,0,0,0,0,0,0,0,0,0,0,0,0,0,0,0,0,0,0,0,0,0,0,0,0,0,0,0,0,0,0,0,0,0,0,0,0,0,0,0,0,0,0,0,3,34,27,57,5,22,7,9,22,24
851,1,69,69,1,64,11,53,4,53,7,61,2176,909,1267,1267,0,89,820,0,40,36,68,524,1005,89,0,1023,10,13,0,1048576,0,0,0,inf,0.803668857,0.892296553,0.839871287,0,0,0,0,0,0,0,0,0,0,0,0,0,0,0,0,0,0,0,0,0,0,0,1023,0,0,0,0,0,0,0,0,0,0,0,0,0,0,0,0,0,0,0,0,0,0,0,0,0,0,0,0,0,0,0,0,0,0,0,0,0,0,0,0,0,0,0,0,0,0,0,0,0,0,0,0,0,0,0,0,0,0,0,0,0,0,0,0,0,12,37,11,14,12,10,12,7,27,12
852,0.100000001,69,69,1,64,0,64,0,64,0,68,2176,1315,861,861,0,1,1314,0,4,4,68,1479,1411,1,0,16,4,13,0,1048576,0,0,0,inf,0.94900775,1.09084165,inf,0,0,0,0,0,0,0,0,0,0,0,0,0,0,0,0,0,0,0,0,0,0,0,16,0,0,0,0,0,0,0,0,0,0,0,0,0,0,0,0,0,0,0,0,0,0,0,0,0,0,0,0,0,0,0,0,0,0,0,0,0,0,0,0,0,0,0,0,0,0,0,0,0,0,0,0,0,0,0,0,0,0,0,0,0,0,0,0,0,4294967295,4294967295,4294967295,4294967295,31,4294967295,4294967295,4294967295,4294967295,4294967295
853,0,69,69,1,64,0,64,0,64,0,68,2176,1200,976,976,0,0,1200,0,0,0,68,1364,1296,0,0,0,0,13,0,1048576,0,0,0,inf,0.941343188,1.05708361,inf,0,0,0,0,0,0,0,0,0,0,0,0,0,0,0,0,0,0,0,0,0,0,0,0,0,0,0,0,0,0,0,0,0,0,0,0,0,0,0,0,0,0,0,0,0,0,0,0,0,0,0,0,0,0,0,0,0,0,0,0,0,0,0,0,0,0,0,0,0,0,0,0,0,0,0,0,0,0,0,0,0,0,0,0,0,0,0,0,0,4294967295,4294967295,4294967295,4294967295,4294967295,4294967295,4294967295,4294967295,4294967295,4294967295
854,0.800000012,69,69,1,64,12,52,9,52,4,64,2176,1324,852,852,0,206,1118,0,80,51,68,445,1420,206,0,639,10,13,0,1048576,0,0,0,inf,0.942943454,1.00419998,0.96774298,0,0,0,0,0,0,0,0,0,0,0,0,0,0,0,0,0,0,0,0,0,0,0,639,0,0,0,0,0,0,0,0,0,0,0,0,0,0,0,0,0,0,0,0,0,0,0,0,0,0,0,0,0,0,0,0,0,0,0,0,0,0,0,0,0,0,0,0,0,0,0,0,0,0,0,0,0,0,0,0,0,0,0,0,0,0,0,0,0,24,66,40,40,2,35,25,4294967295,4294967295,42
855,0.100000001,69,69,1,64,0,64,0,64,0,68,2176,1212,964,964,0,1,1211,0,4,4,68,1376,1308,1,0,16,4,13,0,1048576,0,0,0,inf,0.977823496,1.10082078,inf,0,0,0,0,0,0,0,0,0,0,0,0,0,0,0,0,0,0,0,0,0,0,0,16,0,0,0,0,0,0,0,0,0,0,0,0,0,0,0,0,0,0,0,0,0,0,0,0,0,0,0,0,0,0,0,0,0,0,0,0,0,0,0,0,0,0,0,0,0,0,0,0,0,0,0,0,0,0,0,0,0,0,0,0,0,0,0,0,0,4294967295,4294967295,4294967295,4294967295,46,4294967295,4294967295,4294967295,4294967295,4294967295
856,0.300000012,69,69,1,64,1,63,1,63,0,68,2176,950,1226,1226,0,5,945,0,14,14,68,1112,1046,5,0,35,10,13,0,1048576,0,0,0,inf,0.989921331,1.20577741,1.55237412,0,0,0,0,0,0,0,0,0,0,0,0,0,0,0,0,0,0,0,0,0,0,0,35,0,0,0,0,0,0,0,0,0,0,0,0,0,0,0,0,0,0,0,0,0,0,0,0,0,0,0,0,0,0,0,0,0,0,0,0,0,0,0,0,0,0,0,0,0,0,0,0,0,0,0,0,0,0,0,0,0,0,0,0,0,0,0,0,0,52,22,4294967295,4294967295,4294967295,8,4294967295,4294967295,4294967295,4294967295
857,1,69,69,1,64,63,1,2,1,62,6,2176,810,1366,1366,0,685,125,0,103,51,68,258,906,685,0,1023,10,13,0,1048576,0,0,0,inf,0.944728971,1.04392076,0.826123595,0,0,0,0,0,0,0,0,0,0,0,0,0,0,0,0,0,0,0,0,0,0,0,1023,0,0,0,0,0,0,0,0,0,0,0,0,0,0,0,0,0,0,0,0,0,0,0,0,0,0,0,0,0,0,0,0,0,0,0,0,0,0,0,0,0,0,0,0,0,0,0,0,0,0,0,0,0,0,0,0,0,0,0,0,0,0,0,0,0,4,5,5,5,6,7,9,5,6,6
858,1,68,69,3,64,64,0,0,0,66,1,2144,646,1498,1498,0,604,42,0,122,54,67,260,742,604,0,1023,10,13,0,1048576,0,0,0,inf,inf,0.95600915,0.770074844,0,0,0,0,0,0,0,0,0,0,0,0,0,0,0,0,0,0,0,0,0,0,0,1023,0,0,0,0,0,0,0,0,0,0,0,0,0,0,0,0,0,0,0,0,0,0,0,0,0,0,0,0,0,0,0,0,0,0,0,0,0,0,0,0,0,0,0,0,0,0,0,0,0,0,0,0,0,0,0,0,0,0,0,0,0,0,0,0,0,14,4,3,3,5,5,3,4,7,3
859,1,69,69,1,64,64,0,4,0,65,3,2176,819,1357,1357,0,709,110,0,97,62,68,277,915,709,0,1023,10,13,0,1048576,0,0,0,inf,0.979225814,0.98287183,0.863877714,0,0,0,0,0,0,0,0,0,0,0,0,0,0,0,0,0,0,0,0,0,0,0,1023,0,0,0,0,0,0,0,0,0,0,0,0,0,0,0,0,0,0,0,0,0,0,0,0,0,0,0,0,0,0,0,0,0,0,0,0,0,0,0,0,0,0,0,0,0,0,0,0,0,0,0,0,0,0,0,0,0,0,0,0,0,0,0,0,0,14,12,17,12,18,11,11,15,17,14
860,0.899999976,69,69,1,64,1,63,1,63,0,68,2176,1168,1008,1008,0,24,1144,0,26,25,68,1051,1264,24,0,511,10,13,0,1048576,0,0,0,inf,0.890092909,0.981295824,1.00572634,0,0,0,0,0,0,0,0,0,0,0,0,0,0,0,0,0,0,0,0,0,0,0,511,0,0,0,0,0,0,0,0,0,0,0,0,0,0,0,0,0,0,0,0,0,0,0,0,0,0,0,0,0,0,0,0,0,0,0,0,0,0,0,0,0,0,0,0,0,0,0,0,0,0,0,0,0,0,0,0,0,0,0,0,0,0,0,0,0,49,4,4,49,49,48,2,48,50,4294967295
861,0.300000012,69,69,1,64,0,64,0,64,0,68,2176,667,1509,1509,0,4,663,0,13,13,68,829,763,4,0,7,10,13,0,1048576,0,0,0,inf,0.936769962,1.19386458,1.54021323,0,0,0,0,0,0,0,0,0,0,0,0,0,0,0,0,0,0,0,0,0,0,0,7,0,0,0,0,0,0,0,0,0,0,0,0,0,0,0,0,0,0,0,0,0,0,0,0,0,0,0,0,0,0,0,0,0,0,0,0,0,0,0,0,0,0,0,0,0,0,0,0,0,0,0,0,0,0,0,0,0,0,0,0,0,0,0,0,0,0,10,9,4294967295,4294967295,4294967295,4294967295,4294967295,4294967295,4294967295
862,0.300000012,69,69,1,64,1,63,1,63,0,68,2176,854,1322,1322,0,18,836,0,15,15,68,849,950,18,0,41,10,13,0,1048576,0,0,0,inf,0.875839174,1.13462758,1.10153592,0,0,0,0,0,0,0,0,0,0,0,0,0,0,0,0,0,0,0,0,0,0,0,41,0,0,0,0,0,0,0,0,0,0,0,0,0,0,0,0,0,0,0,0,0,0,0,0,0,0,0,0,0,0,0,0,0,0,0,0,0,0,0,0,0,0,0,0,0,0,0,0,0,0,0,0,0,0,0,0,0,0,0,0,0,0,0,0,0,10,4294967295,4294967295,47,4294967295,4,4294967295,4294967295,4294967295,4294967295
863,1,66,69,3,64,64,0,0,0,65,0,2080,552,1528,1528,0,526,26,0,96,46,65,234,648,526,0,1023,10,13,0,1048576,0,0,0,inf,inf,0.89137423,0.767264128,0,0,0,0,0,0,0,0,0,0,0,0,0,0,0,0,0,0,0,0,0,0,0,1023,0,0,0,0,0,0,0,0,0,0,0,0,0,0,0,0,0,0,0,0,0,0,0,0,0,0,0,0,0,0,0,0,0,0,0,0,0,0,0,0,0,0,0,0,0,0,0,0,0,0,0,0,0,0,0,0,0,0,0,0,0,0,0,0,0,2,5,2,5,4,3,2,3,5,5
864,0.200000003,69,69,1,63,1,62,1,62,0,68,2176,659,1517,1517,0,4,655,0,18,15,68,822,755,4,0,130,10,13,0,1048576,0,0,0,inf,0.917675495,1.33158112,1.53819036,0,0,0,0,0,0,0,0,0,0,0,0,0,0,0,0,0,0,0,0,0,0,0,130,0,0,0,0,0,0,0,0,0,0,0,0,0,0,0,0,0,0,0,0,0,0,0,0,0,0,0,0,0,0,0,0,0,0,0,0,0,0,0,0,0,0,0,0,0,0,0,0,0,0,0,0,0,0,0,0,0,0,0,0,0,0,0,0,0,4294967295,58,4294967295,4294967295,4294967295,4294967295,4294967295,22,4294967295,4294967295
865,0.5,69,69,1,64,6,58,3,58,3,65,2176,665,1511,1511,0,48,617,0,44,31,68,713,761,48,0,143,10,13,0,1048576,0,0,0,inf,0.964845836,1.2555275,1.27045786,0,0,0,0,0,0,0,0,0,0,0,0,0,0,0,0,0,0,0,0,0,0,0,143,0,0,0,0,0,0,0,0,0,0,0,0,0,0,0,0,0,0,0,0,0,0,0,0,0,0,0,0,0,0,0,0,0,0,0,0,0,0,0,0,0,0,0,0,0,0,0,0,0,0,0,0,0,0,0,0,0,0,0,0,0,0,0,0,0,2,6,12,48,4294967295,4294967295,4294967295,47,4294967295,4294967295
866,0.100000001,69,69,1,64,1,63,1,63,0,68,2176,647,1529,1529,0,13,634,0,17,17,68,750,743,13,0,4,10,13,0,1048576,0,0,0,inf,0.920150578,1.14557099,1.18087685,0,0,0,0,0,0,0,0,0,0,0,0,0,0,0,0,0,0,0,0,0,0,0,4,0,0,0,0,0,0,0,0,0,0,0,0,0,0,0,0,0,0,0,0,0,0,0,0,0,0,0,0,0,0,0,0,0,0,0,0,0,0,0,0,0,0,0,0,0,0,0,0,0,0,0,0,0,0,0,0,0,0,0,0,0,0,0,0,0,4294967295,4294967295,42,4294967295,4294967295,4294967295,4294967295,4294967295,4294967295,4294967295
867,0.899999976,69,69,1,64,63,1,38,1,67,1,2176,1376,800,800,0,1306,70,0,125,67,68,264,1472,1306,0,1019,10,13,0,1048576,0,0,0,inf,0.855813026,0.953089476,0.836828947,0,0,0,0,0,0,0,0,0,0,0,0,0,0,0,0,0,0,0,0,0,0,0,1019,0,0,0,0,0,0,0,0,0,0,0,0,0,0,0,0,0,0,0,0,0,0,0,0,0,0,0,0,0,0,0,0,0,0,0,0,0,0,0,0,0,0,0,0,0,0,0,0,0,0,0,0,0,0,0,0,0,0,0,0,0,0,0,0,0,56,58,4294967295,56,61,56,56,56,53,58
868,0.100000001,69,69,1,64,0,64,0,64,0,68,2176,1034,1142,1142,0,4,1030,0,19,17,68,1195,1130,4,0,16,10,13,0,1048576,0,0,0,inf,0.988774121,1.24353075,1.54911339,0,0,0,0,0,0,0,0,0,0,0,0,0,0,0,0,0,0,0,0,0,0,0,16,0,0,0,0,0,0,0,0,0,0,0,0,0,0,0,0,0,0,0,0,0,0,0,0,0,0,0,0,0,0,0,0,0,0,0,0,0,0,0,0,0,0,0,0,0,0,0,0,0,0,0,0,0,0,0,0,0,0,0,0,0,0,0,0,0,4294967295,4294967295,4294967295,4294967295,12,4294967295,4294967295,4294967295,4294967295,4294967295
869,0.600000024,69,69,1,64,3,61,0,61,3,65,2176,629,1547,1547,0,16,613,0,37,26,68,710,725,16,0,63,10,13,0,1048576,0,0,0,inf,0.834563613,1.00587928,1.11475611,0,0,0,0,0,0,0,0,0,0,0,0,0,0,0,0,0,0,0,0,0,0,0,63,0,0,0,0,0,0,0,0,0,0,0,0,0,0,0,0,0,0,0,0,0,0,0,0,0,0,0,0,0,0,0,0,0,0,0,0,0,0,0,0,0,0,0,0,0,0,0,0,0,0,0,0,0,0,0,0,0,0,0,0,0,0,0,0,0,4,10,11,7,28,6,4294967295,4294967295,4294967295,4294967295
870,0,69,69,1,64,0,64,0,64,0,68,2176,934,1242,1242,0,1,933,0,16,15,68,1098,1030,1,0,0,10,13,0,1048576,0,0,0,inf,0.920104861,1.13791955,1.60885274,0,0,0,0,0,0,0,0,0,0,0,0,0,0,0,0,0,0,0,0,0,0,0,0,0,0,0,0,0,0,0,0,0,0,0,0,0,0,0,0,0,0,0,0,0,0,0,0,0,0,0,0,0,0,0,0,0,0,0,0,0,0,0,0,0,0,0,0,0,0,0,0,0,0,0,0,0,0,0,0,0,0,0,0,0,0,0,0,0,4294967295,4294967295,4294967295,4294967295,4294967295,4294967295,4294967295,4294967295,4294967295,4294967295
871,0,69,69,1,64,0,64,0,64,0,68,2176,1221,955,955,0,0,1221,0,3,3,68,1385,1317,0,0,0,3,13,0,1048576,0,0,0,inf,0.986148477,1.05461872,inf,0,0,0,0,0,0,0,0,0,0,0,0,0,0,0,0,0,0,0,0,0,0,0,0,0,0,0,0,0,0,0,0,0,0,0,0,0,0,0,0,0,0,0,0,0,0,0,0,0,0,0,0,0,0,0,0,0,0,0,0,0,0,0,0,0,0,0,0,0,0,0,0,0,0,0,0,0,0,0,0,0,0,0,0,0,0,0,0,0,4294967295,4294967295,4294967295,4294967295,4294967295,4294967295,4294967295,4294967295,4294967295,4294967295
872,1,69,69,1,64,7,57,3,57,15,53,2176,1272,904,904,0,305,967,0,92,52,68,375,1368,305,0,1023,10,13,0,1048576,0,0,0,inf,0.842088819,1.120332,0.995725989,0,0,0,0,0,0,0,0,0,0,0,0,0,0,0,0,0,0,0,0,0,0,0,1023,0,0,0,0,0,0,0,0,0,0,0,0,0,0,0,0,0,0,0,0,0,0,0,0,0,0,0,0,0,0,0,0,0,0,0,0,0,0,0,0,0,0,0,0,0,0,0,0,0,0,0,0,0,0,0,0,0,0,0,0,0,0,0,0,0,44,47,46,8,14,43,9,2,9,30
873,0,69,69,1,64,0,64,0,64,0,68,2176,665,1511,1511,0,0,665,0,0,0,68,829,761,0,0,0,0,13,0,1048576,0,0,0,inf,0.906363606,1.21186745,inf,0,0,0,0,0,0,0,0,0,0,0,0,0,0,0,0,0,0,0,0,0,0,0,0,0,0,0,0,0,0,0,0,0,0,0,0,0,0,0,0,0,0,0,0,0,0,0,0,0,0,0,0,0,0,0,0,0,0,0,0,0,0,0,0,0,0,0,0,0,0,0,0,0,0,0,0,0,0,0,0,0,0,0,0,0,0,0,0,0,4294967295,4294967295,4294967295,4294967295,4294967295,4294967295,4294967295,4294967295,4294967295,4294967295
874,1,69,69,1,64,50,14,12,14,38,30,2176,910,1266,1266,0,515,395,0,74,49,68,300,1006,515,0,1023,10,13,0,1048576,0,0,0,inf,0.872014463,0.933661997,0.813383698,0,0,0,0,0,0,0,0,0,0,0,0,0,0,0,0,0,0,0,0,0,0,0,1023,0,0,0,0,0,0,0,0,0,0,0,0,0,0,0,0,0,0,0,0,0,0,0,0,0,0,0,0,0,0,0,0,0,0,0,0,0,0,0,0,0,0,0,0,0,0,0,0,0,0,0,0,0,0,0,0,0,0,0,0,0,0,0,0,0,7,8,8,8,7,18,9,3,3,11
875,0.899999976,69,69,1,64,4,60,2,60,7,61,2176,989,1187,1187,0,110,879,0,80,51,68,628,1085,110,0,959,10,13,0,1048576,0,0,0,inf,0.905921817,1.07125568,1.08541596,0,0,0,0,0,0,0,0,0,0,0,0,0,0,0,0,0,0,0,0,0,0,0,959,0,0,0,0,0,0,0,0,0,0,0,0,0,0,0,0,0,0,0,0,0,0,0,0,0,0,0,0,0,0,0,0,0,0,0,0,0,0,0,0,0,0,0,0,0,0,0,0,0,0,0,0,0,0,0,0,0,0,0,0,0,0,0,0,0,29,29,48,49,4,18,4294967295,8,7,24
876,0,69,69,1,64,0,64,0,64,0,68,2176,619,1557,1557,0,0,619,0,1,1,68,783,715,0,0,0,1,13,0,1048576,0,0,0,inf,0.954452336,1.29617691,inf,0,0,0,0,0,0,0,0,0,0,0,0,0,0,0,0,0,0,0,0,0,0,0,0,0,0,0,0,0,0,0,0,0,0,0,0,0,0,0,0,0,0,0,0,0,0,0,0,0,0,0,0,0,0,0,0,0,0,0,0,0,0,0,0,0,0,0,0,0,0,0,0,0,0,0,0,0,0,0,0,0,0,0,0,0,0,0,0,0,4294967295,4294967295,4294967295,4294967295,4294967295,4294967295,4294967295,4294967295,4294967295,4294967295
877,0.400000006,69,69,1,64,4,60,3,60,1,67,2176,623,1553,1553,0,17,606,0,37,25,68,755,719,17,0,15,10,13,0,1048576,0,0,0,inf,0.924842834,1.16899478,1.32868123,0,0,0,0,0,0,0,0,0,0,0,0,0,0,0,0,0,0,0,0,0,0,0,15,0,0,0,0,0,0,0,0,0,0,0,0,0,0,0,0,0,0,0,0,0,0,0,0,0,0,0,0,0,0,0,0,0,0,0,0,0,0,0,0,0,0,0,0,0,0,0,0,0,0,0,0,0,0,0,0,0,0,0,0,0,0,0,0,0,2,6,25,62,4294967295,4294967295,4294967295,4294967295,4294967295,4294967295
878,0.300000012,69,69,1,64,1,63,1,63,0,68,2176,692,1484,1484,0,3,689,0,12,12,68,854,788,3,0,21,10,13,0,1048576,0,0,0,inf,0.828323662,1.19381833,1.5127331,0,0,0,0,0,0,0,0,0,0,0,0,0,0,0,0,0,0,0,0,0,0,0,21,0,0,0,0,0,0,0,0,0,0,0,0,0,0,0,0,0,0,0,0,0,0,0,0,0,0,0,0,0,0,0,0,0,0,0,0,0,0,0,0,0,0,0,0,0,0,0,0,0,0,0,0,0,0,0,0,0,0,0,0,0,0,0,0,0,3,4294967295,45,4294967295,23,4294967295,4294967295,4294967295,4294967295,4294967295
879,0,69,69,1,63,0,63,0,63,0,68,2176,630,1546,1546,0,0,630,0,10,10,68,793,726,0,0,0,10,13,0,1048576,0,0,0,inf,0.84773314,1.28063607,1.51304531,0,0,0,0,0,0,0,0,0,0,0,0,0,0,0,0,0,0,0,0,0,0,0,0,0,0,0,0,0,0,0,0,0,0,0,0,0,0,0,0,0,0,0,0,0,0,0,0,0,0,0,0,0,0,0,0,0,0,0,0,0,0,0,0,0,0,0,0,0,0,0,0,0,0,0,0,0,0,0,0,0,0,0,0,0,0,0,0,0,4294967295,4294967295,4294967295,4294967295,4294967295,4294967295,4294967295,4294967295,4294967295,4294967295
880,0,69,69,1,64,0,64,0,64,0,68,2176,614,1562,1562,0,0,614,0,15,11,68,778,710,0,0,0,10,13,0,1048576,0,0,0,inf,0.943100095,1.20857465,1.63244247,0,0,0,0,0,0,0,0,0,0,0,0,0,0,0,0,0,0,0,0,0,0,0,0,0,0,0,0,0,0,0,0,0,0,0,0,0,0,0,0,0,0,0,0,0,0,0,0,0,0,0,0,0,0,0,0,0,0,0,0,0,0,0,0,0,0,0,0,0,0,0,0,0,0,0,0,0,0,0,0,0,0,0,0,0,0,0,0,0,4294967295,4294967295,4294967295,4294967295,4294967295,4294967295,4294967295,4294967295,4294967295,4294967295
881,1,69,69,1,64,64,0,1,0,67,1,2176,746,1430,1430,0,700,46,0,96,49,68,237,842,700,0,1023,10,13,0,1048576,0,0,0,inf,0.846639335,0.872214258,0.701534986,0,0,0,0,0,0,0,0,0,0,0,0,0,0,0,0,0,0,0,0,0,0,0,1023,0,0,0,0,0,0,0,0,0,0,0,0,0,0,0,0,0,0,0,0,0,0,0,0,0,0,0,0,0,0,0,0,0,0,0,0,0,0,0,0,0,0,0,0,0,0,0,0,0,0,0,0,0,0,0,0,0,0,0,0,0,0,0,0,0,5,6,6,2,2,6,3,5,2,9
882,0,69,69,1,64,0,64,0,64,0,68,2176,1243,933,933,0,0,1243,0,15,13,68,1406,1339,0,0,0,10,13,0,1048576,0,0,0,inf,0.925249696,0.979509473,1.60128546,0,0,0,0,0,0,0,0,0,0,0,0,0,0,0,0,0,0,0,0,0,0,0,0,0,0,0,0,0,0,0,0,0,0,0,0,0,0,0,0,0,0,0,0,0,0,0,0,0,0,0,0,0,0,0,0,0,0,0,0,0,0,0,0,0,0,0,0,0,0,0,0,0,0,0,0,0,0,0,0,0,0,0,0,0,0,0,0,0,4294967295,4294967295,4294967295,4294967295,4294967295,4294967295,4294967295,4294967295,4294967295,4294967295
883,0,69,69,1,64,0,64,0,64,0,68,2176,576,1600,1600,0,0,576,0,15,11,68,739,672,0,0,0,10,13,0,1048576,0,0,0,inf,0.830639482,1.25056624,1.61234009,0,0,0,0,0,0,0,0,0,0,0,0,0,0,0,0,0,0,0,0,0,0,0,0,0,0,0,0,0,0,0,0,0,0,0,0,0,0,0,0,0,0,0,0,0,0,0,0,0,0,0,0,0,0,0,0,0,0,0,0,0,0,0,0,0,0,0,0,0,0,0,0,0,0,0,0,0,0,0,0,0,0,0,0,0,0,0,0,0,4294967295,4294967295,4294967295,4294967295,4294967295,4294967295,4294967295,4294967295,4294967295,4294967295
884,0.400000006,69,69,1,64,0,64,0,64,0,68,2176,649,1527,1527,0,10,639,0,12,12,68,801,745,10,0,39,10,13,0,1048576,0,0,0,inf,0.952132106,1.40435958,1.36601317,0,0,0,0,0,0,0,0,0,0,0,0,0,0,0,0,0,0,0,0,0,0,0,39,0,0,0,0,0,0,0,0,0,0,0,0,0,0,0,0,0,0,0,0,0,0,0,0,0,0,0,0,0,0,0,0,0,0,0,0,0,0,0,0,0,0,0,0,0,0,0,0,0,0,0,0,0,0,0,0,0,0,0,0,0,0,0,0,0,1,1,1,4294967295,4294967295,4,4294967295,4294967295,4294967295,4294967295
885,0.600000024,69,69,1,64,3,61,1,61,2,66,2176,628,1548,1548,0,38,590,0,22,21,68,642,724,38,0,63,10,13,0,1048576,0,0,0,inf,0.963105321,1.23183537,1.28342152,0,0,0,0,0,0,0,0,0,0,0,0,0,0,0,0,0,0,0,0,0,0,0,63,0,0,0,0,0,0,0,0,0,0,0,0,0,0,0,0,0,0,0,0,0,0,0,0,0,0,0,0,0,0,0,0,0,0,0,0,0,0,0,0,0,0,0,0,0,0,0,0,0,0,0,0,0,0,0,0,0,0,0,0,0,0,0,0,0,2,8,17,17,40,40,4294967295,4294967295,4294967295,4294967295
886,1,68,69,3,64,64,0,0,0,66,1,2144,808,1336,1336,0,767,41,0,104,53,67,242,904,767,0,1023,10,13,0,1048576,0,0,0,inf,inf,0.856729805,0.755487561,0,0,0,0,0,0,0,0,0,0,0,0,0,0,0,0,0,0,0,0,0,0,0,1023,0,0,0,0,0,0,0,0,0,0,0,0,0,0,0,0,0,0,0,0,0,0,0,0,0,0,0,0,0,0,0,0,0,0,0,0,0,0,0,0,0,0,0,0,0,0,0,0,0,0,0,0,0,0,0,0,0,0,0,0,0,0,0,0,0,4,10,5,8,6,5,8,6,9,8
887,0,69,69,1,64,0,64,0,64,0,68,2176,596,1580,1580,0,0,596,0,3,3,68,760,692,0,0,0,3,13,0,1048576,0,0,0,inf,0.930123031,1.18397665,inf,0,0,0,0,0,0,0,0,0,0,0,0,0,0,0,0,0,0,0,0,0,0,0,0,0,0,0,0,0,0,0,0,0,0,0,0,0,0,0,0,0,0,0,0,0,0,0,0,0,0,0,0,0,0,0,0,0,0,0,0,0,0,0,0,0,0,0,0,0,0,0,0,0,0,0,0,0,0,0,0,0,0,0,0,0,0,0,0,0,4294967295,4294967295,4294967295,4294967295,4294967295,4294967295,4294967295,4294967295,4294967295,4294967295
888,0.800000012,69,69,1,64,9,55,5,55,4,64,2176,750,1426,1426,0,73,677,0,46,33,68,640,846,73,0,255,10,13,0,1048576,0,0,0,inf,0.818968236,1.10544705,0.91871959,0,0,0,0,0,0,0,0,0,0,0,0,0,0,0,0,0,0,0,0,0,0,0,255,0,0,0,0,0,0,0,0,0,0,0,0,0,0,0,0,0,0,0,0,0,0,0,0,0,0,0,0,0,0,0,0,0,0,0,0,0,0,0,0,0,0,0,0,0,0,0,0,0,0,0,0,0,0,0,0,0,0,0,0,0,0,0,0,0,3,6,41,9,33,16,41,53,4294967295,4294967295
889,0,69,69,1,64,0,64,0,64,0,68,2176,775,1401,1401,0,0,775,0,7,7,68,939,871,0,0,0,7,13,0,1048576,0,0,0,inf,0.883746564,1.06262207,inf,0,0,0,0,0,0,0,0,0,0,0,0,0,0,0,0,0,0,0,0,0,0,0,0,0,0,0,0,0,0,0,0,0,0,0,0,0,0,0,0,0,0,0,0,0,0,0,0,0,0,0,0,0,0,0,0,0,0,0,0,0,0,0,0,0,0,0,0,0,0,0,0,0,0,0,0,0,0,0,0,0,0,0,0,0,0,0,0,0,4294967295,4294967295,4294967295,4294967295,4294967295,4294967295,4294967295,4294967295,4294967295,4294967295
890,0,69,69,1,64,0,64,0,64,0,68,2176,622,1554,1554,0,0,622,0,7,7,68,786,718,0,0,0,7,13,0,1048576,0,0,0,inf,0.861769557,1.11446273,inf,0,0,0,0,0,0,0,0,0,0,0,0,0,0,0,0,0,0,0,0,0,0,0,0,0,0,0,0,0,0,0,0,0,0,0,0,0,0,0,0,0,0,0,0,0,0,0,0,0,0,0,0,0,0,0,0,0,0,0,0,0,0,0,0,0,0,0,0,0,0,0,0,0,0,0,0,0,0,0,0,0,0,0,0,0,0,0,0,0,4294967295,4294967295,4294967295,4294967295,4294967295,4294967295,4294967295,4294967295,4294967295,4294967295
891,0.100000001,69,69,1,64,0,64,0,64,0,68,2176,581,1595,1595,0,8,573,0,13,13,68,720,677,8,0,512,10,13,0,1048576,0,0,0,inf,0.84833771,1.11898339,1.31588149,0,0,0,0,0,0,0,0,0,0,0,0,0,0,0,0,0,0,0,0,0,0,0,512,0,0,0,0,0,0,0,0,0,0,0,0,0,0,0,0,0,0,0,0,0,0,0,0,0,0,0,0,0,0,0,0,0,0,0,0,0,0,0,0,0,0,0,0,0,0,0,0,0,0,0,0,0,0,0,0,0,0,0,0,0,0,0,0,0,4294967295,4294967295,4294967295,4294967295,4294967295,4294967295,4294967295,4294967295,4294967295,35
892,1,68,69,3,64,64,0,0,0,66,1,2144,634,1510,1510,0,603,31,0,97,47,67,237,730,603,0,1023,10,13,0,1048576,0,0,0,inf,inf,0.982551515,0.712353349,0,0,0,0,0,0,0,0,0,0,0,0,0,0,0,0,0,0,0,0,0,0,0,1023,0,0,0,0,0,0,0,0,0,0,0,0,0,0,0,0,0,0,0,0,0,0,0,0,0,0,0,0,0,0,0,0,0,0,0,0,0,0,0,0,0,0,0,0,0,0,0,0,0,0,0,0,0,0,0,0,0,0,0,0,0,0,0,0,0,1,2,7,7,4,5,6,2,2,5
893,0,69,69,1,64,0,64,0,64,0,68,2176,603,1573,1573,0,0,603,0,15,14,68,766,699,0,0,0,10,13,0,1048576,0,0,0,inf,0.89600724,1.34852934,1.57317436,0,0,0,0,0,0,0,0,0,0,0,0,0,0,0,0,0,0,0,0,0,0,0,0,0,0,0,0,0,0,0,0,0,0,0,0,0,0,0,0,0,0,0,0,0,0,0,0,0,0,0,0,0,0,0,0,0,0,0,0,0,0,0,0,0,0,0,0,0,0,0,0,0,0,0,0,0,0,0,0,0,0,0,0,0,0,0,0,0,4294967295,4294967295,4294967295,4294967295,4294967295,4294967295,4294967295,4294967295,4294967295,4294967295
894,0.600000024,69,69,1,64,5,59,4,59,1,67,2176,897,1279,1279,0,52,845,0,33,27,68,720,993,52,0,311,10,13,0,1048576,0,0,0,inf,0.843607783,0.941094995,0.987336993,0,0,0,0,0,0,0,0,0,0,0,0,0,0,0,0,0,0,0,0,0,0,0,311,0,0,0,0,0,0,0,0,0,0,0,0,0,0,0,0,0,0,0,0,0,0,0,0,0,0,0,0,0,0,0,0,0,0,0,0,0,0,0,0,0,0,0,0,0,0,0,0,0,0,0,0,0,0,0,0,0,0,0,0,0,0,0,0,0,4,9,16,4294967295,55,20,4294967295,4294967295,55,4294967295
895,1,69,69,1,64,7,57,5,57,3,65,2176,588,1588,1588,0,26,562,0,22,22,68,455,684,26,0,1023,10,13,0,1048576,0,0,0,inf,0.887592554,1.42313242,1.03592551,0,0,0,0,0,0,0,0,0,0,0,0,0,0,0,0,0,0,0,0,0,0,0,1023,0,0,0,0,0,0,0,0,0,0,0,0,0,0,0,0,0,0,0,0,0,0,0,0,0,0,0,0,0,0,0,0,0,0,0,0,0,0,0,0,0,0,0,0,0,0,0,0,0,0,0,0,0,0,0,0,0,0,0,0,0,0,0,0,0,5,10,2,18,6,5,53,54,0,5
896,0.400000006,69,69,1,64,1,63,1,63,0,68,2176,767,1409,1409,0,7,760,0,16,16,68,927,863,7,0,53,10,13,0,1048576,0,0,0,inf,0.749642849,1.04639363,1.30503476,0,0,0,0,0,0,0,0,0,0,0,0,0,0,0,0,0,0,0,0,0,0,0,53,0,0,0,0,0,0,0,0,0,0,0,0,0,0,0,0,0,0,0,0,0,0,0,0,0,0,0,0,0,0,0,0,0,0,0,0,0,0,0,0,0,0,0,0,0,0,0,0,0,0,0,0,0,0,0,0,0,0,0,0,0,0,0,0,0,61,4294967295,5,4294967295,4,1,4294967295,4294967295,4294967295,4294967295
897,0.699999988,69,69,1,64,3,61,2,61,1,67,2176,628,1548,1548,0,29,599,0,25,21,68,637,724,29,0,319,10,13,0,1048576,0,0,0,inf,1.0052408,1.26091385,1.32851529,0,0,0,0,0,0,0,0,0,0,0,0,0,0,0,0,0,0,0,0,0,0,0,319,0,0,0,0,0,0,0,0,0,0,0,0,0,0,0,0,0,0,0,0,0,0,0,0,0,0,0,0,0,0,0,0,0,0,0,0,0,0,0,0,0,0,0,0,0,0,0,0,0,0,0,0,0,0,0,0,0,0,0,0,0,0,0,0,0,2,18,11,29,17,9,4294967295,4294967295,15,4294967295
898,0.300000012,69,69,1,64,3,61,2,61,1,67,2176,620,1556,1556,0,15,605,0,38,27,68,773,716,15,0,7,10,13,0,1048576,0,0,0,inf,0.994604588,1.42342257,1.33769965,0,0,0,0,0,0,0,0,0,0,0,0,0,0,0,0,0,0,0,0,0,0,0,7,0,0,0,0,0,0,0,0,0,0,0,0,0,0,0,0,0,0,0,0,0,0,0,0,0,0,0,0,0,0,0,0,0,0,0,0,0,0,0,0,0,0,0,0,0,0,0,0,0,0,0,0,0,0,0,0,0,0,0,0,0,0,0,0,0,2,13,21,4294967295,4294967295,4294967295,4294967295,4294967295,4294967295,4294967295
899,0.800000012,69,69,1,64,9,55,6,55,3,65,2176,730,1446,1446,0,64,666,0,62,38,68,657,826,64,0,479,10,13,0,1048576,0,0,0,inf,0.870369494,1.05139744,1.03196228,0,0,0,0,0,0,0,0,0,0,0,0,0,0,0,0,0,0,0,0,0,0,0,479,0,0,0,0,0,0,0,0,0,0,0,0,0,0,0,0,0,0,0,0,0,0,0,0,0,0,0,0,0,0,0,0,0,0,0,0,0,0,0,0,0,0,0,0,0,0,0,0,0,0,0,0,0,0,0,0,0,0,0,0,0,0,0,0,0,2,8,5,66,20,4294967295,39,36,66,4294967295
900,1,68,69,3,64,64,0,0,0,65,2,2144,620,1524,1524,0,582,38,0,88,44,67,231,716,582,0,1023,10,13,0,1048576,0,0,0,inf,inf,0.989830494,0.763676226,0,0,0,0,0,0,0,0,0,0,0,0,0,0,0,0,0,0,0,0,0,0,0,1023,0,0,0,0,0,0,0,0,0,0,0,0,0,0,0,0,0,0,0,0,0,0,0,0,0,0,0,0,0,0,0,0,0,0,0,0,0,0,0,0,0,0,0,0,0,0,0,0,0,0,0,0,0,0,0,0,0,0,0,0,0,0,0,0,0,9,2,3,2,3,2,3,2,3,2
901,0,69,69,1,64,0,64,0,64,0,68,2176,681,1495,1495,0,0,681,0,15,12,68,845,777,0,0,0,10,13,0,1048576,0,0,0,inf,0.872545004,1.14017272,1.56495464,0,0,0,0,0,0,0,0,0,0,0,0,0,0,0,0,0,0,0,0,0,0,0,0,0,0,0,0,0,0,0,0,0,0,0,0,0,0,0,0,0,0,0,0,0,0,0,0,0,0,0,0,0,0,0,0,0,0,0,0,0,0,0,0,0,0,0,0,0,0,0,0,0,0,0,0,0,0,0,0,0,0,0,0,0,0,0,0,0,4294967295,4294967295,4294967295,4294967295,4294967295,4294967295,4294967295,4294967295,4294967295,4294967295
902,0,69,69,1,63,0,63,0,63,0,68,2176,620,1556,1556,0,0,620,0,3,3,68,784,716,0,0,0,3,13,0,1048576,0,0,0,inf,0.794794679,0.945629358,inf,0,0,0,0,0,0,0,0,0,0,0,0,0,0,0,0,0,0,0,0,0,0,0,0,0,0,0,0,0,0,0,0,0,0,0,0,0,0,0,0,0,0,0,0,0,0,0,0,0,0,0,0,0,0,0,0,0,0,0,0,0,0,0,0,0,0,0,0,0,0,0,0,0,0,0,0,0,0,0,0,0,0,0,0,0,0,0,0,0,4294967295,4294967295,4294967295,4294967295,4294967295,4294967295,4294967295,4294967295,4294967295,4294967295
903,0.100000001,69,69,1,64,0,64,0,64,0,68,2176,654,1522,1522,0,3,651,0,12,12,68,817,750,3,0,1,10,13,0,1048576,0,0,0,inf,0.95762217,1.28237522,1.55478787,0,0,0,0,0,0,0,0,0,0,0,0,0,0,0,0,0,0,0,0,0,0,0,1,0,0,0,0,0,0,0,0,0,0,0,0,0,0,0,0,0,0,0,0,0,0,0,0,0,0,0,0,0,0,0,0,0,0,0,0,0,0,0,0,0,0,0,0,0,0,0,0,0,0,0,0,0,0,0,0,0,0,0,0,0,0,0,0,0,0,4294967295,4294967295,4294967295,4294967295,4294967295,4294967295,4294967295,4294967295,4294967295
904,0,69,69,1,64,0,64,0,64,0,68,2176,629,1547,1547,0,0,629,0,15,14,68,793,725,0,0,0,10,13,0,1048576,0,0,0,inf,0.993505299,1.20324087,1.62467742,0,0,0,0,0,0,0,0,0,0,0,0,0,0,0,0,0,0,0,0,0,0,0,0,0,0,0,0,0,0,0,0,0,0,0,0,0,0,0,0,0,0,0,0,0,0,0,0,0,0,0,0,0,0,0,0,0,0,0,0,0,0,0,0,0,0,0,0,0,0,0,0,0,0,0,0,0,0,0,0,0,0,0,0,0,0,0,0,0,4294967295,4294967295,4294967295,4294967295,4294967295,4294967295,4294967295,4294967295,4294967295,4294967295
905,0,69,69,1,64,0,64,0,64,0,68,2176,826,1350,1350,0,0,826,0,0,0,68,990,922,0,0,0,0,13,0,1048576,0,0,0,inf,0.901781917,1.19048023,inf,0,0,0,0,0,0,0,0,0,0,0,0,0,0,0,0,0,0,0,0,0,0,0,0,0,0,0,0,0,0,0,0,0,0,0,0,0,0,0,0,0,0,0,0,0,0,0,0,0,0,0,0,0,0,0,0,0,0,0,0,0,0,0,0,0,0,0,0,0,0,0,0,0,0,0,0,0,0,0,0,0,0,0,0,0,0,0,0,0,4294967295,4294967295,4294967295,4294967295,4294967295,4294967295,4294967295,4294967295,4294967295,4294967295
906,1,69,69,1,64,4,60,2,60,2,66,2176,612,1564,1564,0,15,597,0,13,13,68,630,708,15,0,1023,10,13,0,1048576,0,0,0,inf,0.953564584,1.20361805,1.2193352,0,0,0,0,0,0,0,0,0,0,0,0,0,0,0,0,0,0,0,0,0,0,0,1023,0,0,0,0,0,0,0,0,0,0,0,0,0,0,0,0,0,0,0,0,0,0,0,0,0,0,0,0,0,0,0,0,0,0,0,0,0,0,0,0,0,0,0,0,0,0,0,0,0,0,0,0,0,0,0,0,0,0,0,0,0,0,0,0,0,1,3,14,7,14,14,5,22,39,47
907,0.100000001,69,69,1,64,0,64,0,64,0,68,2176,680,1496,1496,0,3,677,0,12,12,68,844,776,3,0,1,10,13,0,1048576,0,0,0,inf,0.82682389,1.12204885,1.49426985,0,0,0,0,0,0,0,0,0,0,0,0,0,0,0,0,0,0,0,0,0,0,0,1,0,0,0,0,0,0,0,0,0,0,0,0,0,0,0,0,0,0,0,0,0,0,0,0,0,0,0,0,0,0,0,0,0,0,0,0,0,0,0,0,0,0,0,0,0,0,0,0,0,0,0,0,0,0,0,0,0,0,0,0,0,0,0,0,0,0,4294967295,4294967295,4294967295,4294967295,4294967295,4294967295,4294967295,4294967295,4294967295
908,0.5,69,69,1,64,6,58,3,58,3,65,2176,666,1510,1510,0,43,623,0,43,28,68,698,762,43,0,31,10,13,0,1048576,0,0,0,inf,0.974940538,1.21612823,1.21364367,0,0,0,0,0,0,0,0,0,0,0,0,0,0,0,0,0,0,0,0,0,0,0,31,0,0,0,0,0,0,0,0,0,0,0,0,0,0,0,0,0,0,0,0,0,0,0,0,0,0,0,0,0,0,0,0,0,0,0,0,0,0,0,0,0,0,0,0,0,0,0,0,0,0,0,0,0,0,0,0,0,0,0,0,0,0,0,0,0,2,5,7,43,25,4294967295,4294967295,4294967295,4294967295,4294967295
909,0.5,69,69,1,64,1,63,1,63,0,68,2176,983,1193,1193,0,26,957,0,30,27,68,922,1079,26,0,143,10,13,0,1048576,0,0,0,inf,0.993277073,1.12856531,1.18618488,0,0,0,0,0,0,0,0,0,0,0,0,0,0,0,0,0,0,0,0,0,0,0,143,0,0,0,0,0,0,0,0,0,0,0,0,0,0,0,0,0,0,0,0,0,0,0,0,0,0,0,0,0,0,0,0,0,0,0,0,0,0,0,0,0,0,0,0,0,0,0,0,0,0,0,0,0,0,0,0,0,0,0,0,0,0,0,0,0,47,29,38,12,4294967295,4294967295,4294967295,48,4294967295,4294967295
910,0,69,69,1,64,0,64,0,64,0,68,2176,616,1560,1560,0,0,616,0,15,14,68,780,712,0,0,0,10,13,0,1048576,0,0,0,inf,0.907571316,1.12748575,1.57050204,0,0,0,0,0,0,0,0,0,0,0,0,0,0,0,0,0,0,0,0,0,0,0,0,0,0,0,0,0,0,0,0,0,0,0,0,0,0,0,0,0,0,0,0,0,0,0,0,0,0,0,0,0,0,0,0,0,0,0,0,0,0,0,0,0,0,0,0,0,0,0,0,0,0,0,0,0,0,0,0,0,0,0,0,0,0,0,0,0,4294967295,4294967295,4294967295,4294967295,4294967295,4294967295,4294967295,4294967295,4294967295,4294967295
911,1,69,69,1,64,64,0,6,0,65,3,2176,733,1443,1443,0,657,76,0,131,70,68,274,829,657,0,1023,10,13,0,1048576,0,0,0,inf,0.884180427,1.00297928,0.733998239,0,0,0,0,0,0,0,0,0,0,0,0,0,0,0,0,0,0,0,0,0,0,0,1023,0,0,0,0,0,0,0,0,0,0,0,0,0,0,0,0,0,0,0,0,0,0,0,0,0,0,0,0,0,0,0,0,0,0,0,0,0,0,0,0,0,0,0,0,0,0,0,0,0,0,0,0,0,0,0,0,0,0,0,0,0,0,0,0,0,9,8,10,9,8,10,8,10,15,12
912,1,69,69,1,64,64,0,1,0,67,1,2176,909,1267,1267,0,855,54,0,110,58,68,256,1005,855,0,1023,10,13,0,1048576,0,0,0,inf,0.961305022,0.961305022,0.868516445,0,0,0,0,0,0,0,0,0,0,0,0,0,0,0,0,0,0,0,0,0,0,0,1023,0,0,0,0,0,0,0,0,0,0,0,0,0,0,0,0,0,0,0,0,0,0,0,0,0,0,0,0,0,0,0,0,0,0,0,0,0,0,0,0,0,0,0,0,0,0,0,0,0,0,0,0,0,0,0,0,0,0,0,0,0,0,0,0,0,6,7,7,11,8,7,7,7,8,8
913,0,69,69,1,63,0,63,0,63,0,68,2176,660,1516,1516,0,0,660,0,15,15,68,823,756,0,0,0,10,13,0,1048576,0,0,0,inf,0.856426179,1.23657572,1.6016742,0,0,0,0,0,0,0,0,0,0,0,0,0,0,0,0,0,0,0,0,0,0,0,0,0,0,0,0,0,0,0,0,0,0,0,0,0,0,0,0,0,0,0,0,0,0,0,0,0,0,0,0,0,0,0,0,0,0,0,0,0,0,0,0,0,0,0,0,0,0,0,0,0,0,0,0,0,0,0,0,0,0,0,0,0,0,0,0,0,4294967295,4294967295,4294967295,4294967295,4294967295,4294967295,4294967295,4294967295,4294967295,4294967295
914,0,69,69,1,64,0,64,0,64,0,68,2176,705,1471,1471,0,0,705,0,3,3,68,869,801,0,0,0,3,13,0,1048576,0,0,0,inf,0.963753045,1.18200278,inf,0,0,0,0,0,0,0,0,0,0,0,0,0,0,0,0,0,0,0,0,0,0,0,0,0,0,0,0,0,0,0,0,0,0,0,0,0,0,0,0,0,0,0,0,0,0,0,0,0,0,0,0,0,0,0,0,0,0,0,0,0,0,0,0,0,0,0,0,0,0,0,0,0,0,0,0,0,0,0,0,0,0,0,0,0,0,0,0,0,4294967295,4294967295,4294967295,4294967295,4294967295,4294967295,4294967295,4294967295,4294967295,4294967295
915,0.400000006,69,69,1,64,3,61,1,61,2,66,2176,597,1579,1579,0,20,577,0,38,27,68,706,693,20,0,15,10,13,0,1048576,0,0,0,inf,0.934431791,1.26811397,1.25133908,0,0,0,0,0,0,0,0,0,0,0,0,0,0,0,0,0,0,0,0,0,0,0,15,0,0,0,0,0,0,0,0,0,0,0,0,0,0,0,0,0,0,0,0,0,0,0,0,0,0,0,0,0,0,0,0,0,0,0,0,0,0,0,0,0,0,0,0,0,0,0,0,0,0,0,0,0,0,0,0,0,0,0,0,0,0,0,0,0,2,11,8,34,4294967295,4294967295,4294967295,4294967295,4294967295,4294967295
916,1,66,69,3,64,64,0,0,0,65,0,2080,611,1469,1469,0,573,38,0,98,43,65,237,707,573,0,1023,10,13,0,1048576,0,0,0,inf,inf,0.930787325,0.78924942,0,0,0,0,0,0,0,0,0,0,0,0,0,0,0,0,0,0,0,0,0,0,0,1023,0,0,0,0,0,0,0,0,0,0,0,0,0,0,0,0,0,0,0,0,0,0,0,0,0,0,0,0,0,0,0,0,0,0,0,0,0,0,0,0,0,0,0,0,0,0,0,0,0,0,0,0,0,0,0,0,0,0,0,0,0,0,0,0,0,2,2,0,2,4,6,8,3,3,1
917,0.400000006,69,69,1,64,4,60,2,60,2,66,2176,747,1429,1429,0,29,718,0,42,27,68,809,843,29,0,23,10,13,0,1048576,0,0,0,inf,0.865358949,1.13887632,1.17645991,0,0,0,0,0,0,0,0,0,0,0,0,0,0,0,0,0,0,0,0,0,0,0,23,0,0,0,0,0,0,0,0,0,0,0,0,0,0,0,0,0,0,0,0,0,0,0,0,0,0,0,0,0,0,0,0,0,0,0,0,0,0,0,0,0,0,0,0,0,0,0,0,0,0,0,0,0,0,0,0,0,0,0,0,0,0,0,0,0,13,18,44,4294967295,27,4294967295,4294967295,4294967295,4294967295,4294967295
918,1,67,69,3,64,64,0,0,0,66,0,2112,669,1443,1443,0,641,28,0,85,45,66,221,765,641,0,1023,10,13,0,1048576,0,0,0,inf,inf,0.810124278,0.690994024,0,0,0,0,0,0,0,0,0,0,0,0,0,0,0,0,0,0,0,0,0,0,0,1023,0,0,0,0,0,0,0,0,0,0,0,0,0,0,0,0,0,0,0,0,0,0,0,0,0,0,0,0,0,0,0,0,0,0,0,0,0,0,0,0,0,0,0,0,0,0,0,0,0,0,0,0,0,0,0,0,0,0,0,0,0,0,0,0,0,2,2,4,2,4,3,3,8,5,4
919,0.600000024,69,69,1,64,3,61,3,61,0,68,2176,561,1615,1615,0,9,552,0,11,11,68,723,657,9,0,603,10,13,0,1048576,0,0,0,inf,0.871682525,1.16544271,1.41429353,0,0,0,0,0,0,0,0,0,0,0,0,0,0,0,0,0,0,0,0,0,0,0,603,0,0,0,0,0,0,0,0,0,0,0,0,0,0,0,0,0,0,0,0,0,0,0,0,0,0,0,0,0,0,0,0,0,0,0,0,0,0,0,0,0,0,0,0,0,0,0,0,0,0,0,0,0,0,0,0,0,0,0,0,0,0,0,0,0,1,52,4294967295,59,8,4294967295,24,4294967295,4294967295,48
920,1,69,69,1,64,52,12,3,12,49,19,2176,896,1280,1280,0,543,353,0,59,34,68,271,992,543,0,1023,10,13,0,1048576,0,0,0,inf,0.890504897,1.00954819,0.785424829,0,0,0,0,0,0,0,0,0,0,0,0,0,0,0,0,0,0,0,0,0,0,0,1023,0,0,0,0,0,0,0,0,0,0,0,0,0,0,0,0,0,0,0,0,0,0,0,0,0,0,0,0,0,0,0,0,0,0,0,0,0,0,0,0,0,0,0,0,0,0,0,0,0,0,0,0,0,0,0,0,0,0,0,0,0,0,0,0,0,2,2,3,3,2,3,3,2,6,11
921,0.600000024,69,69,1,64,8,56,5,56,3,65,2176,646,1530,1530,0,48,598,0,44,29,68,643,742,48,0,159,10,13,0,1048576,0,0,0,inf,0.882515311,1.09436131,1.06327295,0,0,0,0,0,0,0,0,0,0,0,0,0,0,0,0,0,0,0,0,0,0,0,159,0,0,0,0,0,0,0,0,0,0,0,0,0,0,0,0,0,0,0,0,0,0,0,0,0,0,0,0,0,0,0,0,0,0,0,0,0,0,0,0,0,0,0,0,0,0,0,0,0,0,0,0,0,0,0,0,0,0,0,0,0,0,0,0,0,3,6,5,37,67,4294967295,4294967295,67,4294967295,4294967295
922,0,69,69,1,64,0,64,0,64,0,68,2176,632,1544,1544,0,0,632,0,15,11,68,796,728,0,0,0,10,13,0,1048576,0,0,0,inf,0.916009188,1.19800472,1.62788594,0,0,0,0,0,0,0,0,0,0,0,0,0,0,0,0,0,0,0,0,0,0,0,0,0,0,0,0,0,0,0,0,0,0,0,0,0,0,0,0,0,0,0,0,0,0,0,0,0,0,0,0,0,0,0,0,0,0,0,0,0,0,0,0,0,0,0,0,0,0,0,0,0,0,0,0,0,0,0,0,0,0,0,0,0,0,0,0,0,4294967295,4294967295,4294967295,4294967295,4294967295,4294967295,4294967295,4294967295,4294967295,4294967295
923,0.400000006,69,69,1,64,4,60,3,60,1,67,2176,609,1567,1567,0,18,591,0,37,25,68,732,705,18,0,15,10,13,0,1048576,0,0,0,inf,0.971212208,1.24073935,1.34516597,0,0,0,0,0,0,0,0,0,0,0,0,0,0,0,0,0,0,0,0,0,0,0,15,0,0,0,0,0,0,0,0,0,0,0,0,0,0,0,0,0,0,0,0,0,0,0,0,0,0,0,0,0,0,0,0,0,0,0,0,0,0,0,0,0,0,0,0,0,0,0,0,0,0,0,0,0,0,0,0,0,0,0,0,0,0,0,0,0,2,10,24,56,4294967295,4294967295,4294967295,4294967295,4294967295,4294967295
924,0.5,69,69,1,64,2,62,1,62,1,67,2176,576,1600,1600,0,24,552,0,16,16,68,634,672,24,0,143,10,13,0,1048576,0,0,0,inf,0.90902549,1.23123467,1.25417566,0,0,0,0,0,0,0,0,0,0,0,0,0,0,0,0,0,0,0,0,0,0,0,143,0,0,0,0,0,0,0,0,0,0,0,0,0,0,0,0,0,0,0,0,0,0,0,0,0,0,0,0,0,0,0,0,0,0,0,0,0,0,0,0,0,0,0,0,0,0,0,0,0,0,0,0,0,0,0,0,0,0,0,0,0,0,0,0,0,2,26,16,11,4294967295,4294967295,4294967295,10,4294967295,4294967295
925,0.699999988,69,69,1,64,6,58,5,58,1,67,2176,843,1333,1333,0,56,787,0,47,35,68,773,939,56,0,247,10,13,0,1048576,0,0,0,inf,0.846641839,1.08831215,0.985410452,0,0,0,0,0,0,0,0,0,0,0,0,0,0,0,0,0,0,0,0,0,0,0,247,0,0,0,0,0,0,0,0,0,0,0,0,0,0,0,0,0,0,0,0,0,0,0,0,0,0,0,0,0,0,0,0,0,0,0,0,0,0,0,0,0,0,0,0,0,0,0,0,0,0,0,0,0,0,0,0,0,0,0,0,0,0,0,0,0,9,18,38,4294967295,38,42,38,37,4294967295,4294967295
926,0,69,69,1,64,0,64,0,64,0,68,2176,611,1565,1565,0,0,611,0,15,12,68,774,707,0,0,0,10,13,0,1048576,0,0,0,inf,0.90854013,1.19301045,1.54025447,0,0,0,0,0,0,0,0,0,0,0,0,0,0,0,0,0,0,0,0,0,0,0,0,0,0,0,0,0,0,0,0,0,0,0,0,0,0,0,0,0,0,0,0,0,0,0,0,0,0,0,0,0,0,0,0,0,0,0,0,0,0,0,0,0,0,0,0,0,0,0,0,0,0,0,0,0,0,0,0,0,0,0,0,0,0,0,0,0,4294967295,4294967295,4294967295,4294967295,4294967295,4294967295,4294967295,4294967295,4294967295,4294967295
927,1,69,69,1,64,64,0,2,0,65,3,2176,679,1497,1497,0,628,51,0,117,53,68,256,775,628,0,1023,10,13,0,1048576,0,0,0,inf,1.03158498,1.0391854,0.735600948,0,0,0,0,0,0,0,0,0,0,0,0,0,0,0,0,0,0,0,0,0,0,0,1023,0,0,0,0,0,0,0,0,0,0,0,0,0,0,0,0,0,0,0,0,0,0,0,0,0,0,0,0,0,0,0,0,0,0,0,0,0,0,0,0,0,0,0,0,0,0,0,0,0,0,0,0,0,0,0,0,0,0,0,0,0,0,0,0,0,4,3,3,3,4,2,4,4,9,4
928,0.600000024,69,69,1,64,4,60,2,60,2,66,2176,583,1593,1593,0,17,566,0,40,28,68,708,679,17,0,159,10,13,0,1048576,0,0,0,inf,0.864591837,1.18453145,1.20972466,0,0,0,0,0,0,0,0,0,0,0,0,0,0,0,0,0,0,0,0,0,0,0,159,0,0,0,0,0,0,0,0,0,0,0,0,0,0,0,0,0,0,0,0,0,0,0,0,0,0,0,0,0,0,0,0,0,0,0,0,0,0,0,0,0,0,0,0,0,0,0,0,0,0,0,0,0,0,0,0,0,0,0,0,0,0,0,0,0,2,11,46,15,35,4294967295,4294967295,60,4294967295,4294967295
929,0.100000001,69,69,1,64,0,64,0,64,0,68,2176,558,1618,1618,0,3,555,0,12,12,68,720,654,3,0,1,10,13,0,1048576,0,0,0,inf,0.833497226,1.10073626,1.51494992,0,0,0,0,0,0,0,0,0,0,0,0,0,0,0,0,0,0,0,0,0,0,0,1,0,0,0,0,0,0,0,0,0,0,0,0,0,0,0,0,0,0,0,0,0,0,0,0,0,0,0,0,0,0,0,0,0,0,0,0,0,0,0,0,0,0,0,0,0,0,0,0,0,0,0,0,0,0,0,0,0,0,0,0,0,0,0,0,0,0,4294967295,4294967295,4294967295,4294967295,4294967295,4294967295,4294967295,4294967295,4294967295
930,0.699999988,69,69,1,64,4,60,2,60,2,66,2176,777,1399,1399,0,33,744,0,25,20,68,804,873,33,0,319,10,13,0,1048576,0,0,0,inf,0.937902331,1.17400408,1.25661862,0,0,0,0,0,0,0,0,0,0,0,0,0,0,0,0,0,0,0,0,0,0,0,319,0,0,0,0,0,0,0,0,0,0,0,0,0,0,0,0,0,0,0,0,0,0,0,0,0,0,0,0,0,0,0,0,0,0,0,0,0,0,0,0,0,0,0,0,0,0,0,0,0,0,0,0,0,0,0,0,0,0,0,0,0,0,0,0,0,6,18,22,42,15,32,4294967295,4294967295,27,4294967295
931,1,69,69,2,64,64,0,0,0,68,0,2176,903,1273,1273,0,866,37,0,113,63,68,251,999,866,0,1023,10,13,0,1048576,0,0,0,inf,inf,0.958301067,0.840688705,0,0,0,0,0,0,0,0,0,0,0,0,0,0,0,0,0,0,0,0,0,0,0,1023,0,0,0,0,0,0,0,0,0,0,0,0,0,0,0,0,0,0,0,0,0,0,0,0,0,0,0,0,0,0,0,0,0,0,0,0,0,0,0,0,0,0,0,0,0,0,0,0,0,0,0,0,0,0,0,0,0,0,0,0,0,0,0,0,0,6,12,11,13,7,12,8,12,14,12
932,0.300000012,69,69,1,64,0,64,0,64,0,68,2176,1343,833,833,0,8,1335,0,23,21,68,1501,1439,8,0,49,10,13,0,1048576,0,0,0,inf,0.868502259,1.27971458,1.42142725,0,0,0,0,0,0,0,0,0,0,0,0,0,0,0,0,0,0,0,0,0,0,0,49,0,0,0,0,0,0,0,0,0,0,0,0,0,0,0,0,0,0,0,0,0,0,0,0,0,0,0,0,0,0,0,0,0,0,0,0,0,0,0,0,0,0,0,0,0,0,0,0,0,0,0,0,0,0,0,0,0,0,0,0,0,0,0,0,0,6,4294967295,4294967295,4294967295,15,32,4294967295,4294967295,4294967295,4294967295
933,1,68,69,3,64,64,0,0,0,66,1,2144,777,1367,1367,0,748,29,0,92,47,67,230,873,748,0,1023,10,13,0,1048576,0,0,0,inf,inf,0.894776583,0.760436535,0,0,0,0,0,0,0,0,0,0,0,0,0,0,0,0,0,0,0,0,0,0,0,1023,0,0,0,0,0,0,0,0,0,0,0,0,0,0,0,0,0,0,0,0,0,0,0,0,0,0,0,0,0,0,0,0,0,0,0,0,0,0,0,0,0,0,0,0,0,0,0,0,0,0,0,0,0,0,0,0,0,0,0,0,0,0,0,0,0,4,3,2,3,6,5,1,4,5,2
934,0.200000003,69,69,1,64,2,62,2,62,0,68,2176,834,1342,1342,0,3,831,0,12,12,68,998,930,3,0,3,10,13,0,1048576,0,0,0,inf,0.851530552,1.07552862,1.49497473,0,0,0,0,0,0,0,0,0,0,0,0,0,0,0,0,0,0,0,0,0,0,0,3,0,0,0,0,0,0,0,0,0,0,0,0,0,0,0,0,0,0,0,0,0,0,0,0,0,0,0,0,0,0,0,0,0,0,0,0,0,0,0,0,0,0,0,0,0,0,0,0,0,0,0,0,0,0,0,0,0,0,0,0,0,0,0,0,0,53,4,4294967295,4294967295,4294967295,4294967295,4294967295,4294967295,4294967295,4294967295
935,1,68,69,3,64,64,0,0,0,66,1,2144,687,1457,1457,0,634,53,0,113,53,67,251,783,634,0,1023,10,13,0,1048576,0,0,0,inf,inf,0.848679483,0.749890327,0,0,0,0,0,0,0,0,0,0,0,0,0,0,0,0,0,0,0,0,0,0,0,1023,0,0,0,0,0,0,0,0,0,0,0,0,0,0,0,0,0,0,0,0,0,0,0,0,0,0,0,0,0,0,0,0,0,0,0,0,0,0,0,0,0,0,0,0,0,0,0,0,0,0,0,0,0,0,0,0,0,0,0,0,0,0,0,0,0,4,5,6,7,6,6,6,8,4,14
936,0.400000006,69,69,1,64,4,60,2,60,2,66,2176,573,1603,1603,0,18,555,0,40,30,68,686,669,18,0,15,10,13,0,1048576,0,0,0,inf,0.869449139,1.12337708,1.1872766,0,0,0,0,0,0,0,0,0,0,0,0,0,0,0,0,0,0,0,0,0,0,0,15,0,0,0,0,0,0,0,0,0,0,0,0,0,0,0,0,0,0,0,0,0,0,0,0,0,0,0,0,0,0,0,0,0,0,0,0,0,0,0,0,0,0,0,0,0,0,0,0,0,0,0,0,0,0,0,0,0,0,0,0,0,0,0,0,0,2,14,20,2,4294967295,4294967295,4294967295,4294967295,4294967295,4294967295
937,0.800000012,69,69,1,64,8,56,3,56,5,63,2176,857,1319,1319,0,82,775,0,44,31,68,512,953,82,0,447,10,13,0,1048576,0,0,0,inf,0.940149665,1.09400225,1.02100813,0,0,0,0,0,0,0,0,0,0,0,0,0,0,0,0,0,0,0,0,0,0,0,447,0,0,0,0,0,0,0,0,0,0,0,0,0,0,0,0,0,0,0,0,0,0,0,0,0,0,0,0,0,0,0,0,0,0,0,0,0,0,0,0,0,0,0,0,0,0,0,0,0,0,0,0,0,0,0,0,0,0,0,0,0,0,0,0,0,5,5,4,4,43,45,4294967295,3,21,4294967295
938,0.200000003,69,69,1,64,0,64,0,64,0,68,2176,582,1594,1594,0,6,576,0,11,11,68,746,678,6,0,18,10,13,0,1048576,0,0,0,inf,0.94569397,1.26491284,1.57108462,0,0,0,0,0,0,0,0,0,0,0,0,0,0,0,0,0,0,0,0,0,0,0,18,0,0,0,0,0,0,0,0,0,0,0,0,0,0,0,0,0,0,0,0,0,0,0,0,0,0,0,0,0,0,0,0,0,0,0,0,0,0,0,0,0,0,0,0,0,0,0,0,0,0,0,0,0,0,0,0,0,0,0,0,0,0,0,0,0,4294967295,40,4294967295,4294967295,40,4294967295,4294967295,4294967295,4294967295,4294967295
939,0,69,69,1,64,0,64,0,64,0,68,2176,696,1480,1480,0,1,695,0,5,5,68,860,792,1,0,0,5,13,0,1048576,0,0,0,inf,0.936245441,1.25671971,inf,0,0,0,0,0,0,0,0,0,0,0,0,0,0,0,0,0,0,0,0,0,0,0,0,0,0,0,0,0,0,0,0,0,0,0,0,0,0,0,0,0,0,0,0,0,0,0,0,0,0,0,0,0,0,0,0,0,0,0,0,0,0,0,0,0,0,0,0,0,0,0,0,0,0,0,0,0,0,0,0,0,0,0,0,0,0,0,0,0,4294967295,4294967295,4294967295,4294967295,4294967295,4294967295,4294967295,4294967295,4294967295,4294967295
940,1,67,69,3,64,64,0,0,0,65,1,2112,594,1518,1518,0,565,29,0,91,41,66,232,690,565,0,1023,10,13,0,1048576,0,0,0,inf,inf,1.01851845,0.753618836,0,0,0,0,0,0,0,0,0,0,0,0,0,0,0,0,0,0,0,0,0,0,0,1023,0,0,0,0,0,0,0,0,0,0,0,0,0,0,0,0,0,0,0,0,0,0,0,0,0,0,0,0,0,0,0,0,0,0,0,0,0,0,0,0,0,0,0,0,0,0,0,0,0,0,0,0,0,0,0,0,0,0,0,0,0,0,0,0,0,2,3,4,2,2,1,1,6,4,3
941,0.200000003,69,69,1,64,0,64,0,64,0,68,2176,822,1354,1354,0,9,813,0,22,19,68,981,918,9,0,5,10,13,0,1048576,0,0,0,inf,0.877763152,1.12104273,1.43474913,0,0,0,0,0,0,0,0,0,0,0,0,0,0,0,0,0,0,0,0,0,0,0,5,0,0,0,0,0,0,0,0,0,0,0,0,0,0,0,0,0,0,0,0,0,0,0,0,0,0,0,0,0,0,0,0,0,0,0,0,0,0,0,0,0,0,0,0,0,0,0,0,0,0,0,0,0,0,0,0,0,0,0,0,0,0,0,0,0,60,4294967295,30,4294967295,4294967295,4294967295,4294967295,4294967295,4294967295,4294967295
942,0,69,69,1,64,0,64,0,64,0,68,2176,602,1574,1574,0,0,602,0,0,0,68,766,698,0,0,0,0,13,0,1048576,0,0,0,inf,0.945940137,1.23117352,inf,0,0,0,0,0,0,0,0,0,0,0,0,0,0,0,0,0,0,0,0,0,0,0,0,0,0,0,0,0,0,0,0,0,0,0,0,0,0,0,0,0,0,0,0,0,0,0,0,0,0,0,0,0,0,0,0,0,0,0,0,0,0,0,0,0,0,0,0,0,0,0,0,0,0,0,0,0,0,0,0,0,0,0,0,0,0,0,0,0,4294967295,4294967295,4294967295,4294967295,4294967295,4294967295,4294967295,4294967295,4294967295,4294967295
943,0,69,69,1,64,0,64,0,64,0,68,2176,606,1570,1570,0,2,604,0,11,11,68,770,702,2,0,0,10,13,0,1048576,0,0,0,inf,0.833604455,1.1030941,1.50232887,0,0,0,0,0,0,0,0,0,0,0,0,0,0,0,0,0,0,0,0,0,0,0,0,0,0,0,0,0,0,0,0,0,0,0,0,0,0,0,0,0,0,0,0,0,0,0,0,0,0,0,0,0,0,0,0,0,0,0,0,0,0,0,0,0,0,0,0,0,0,0,0,0,0,0,0,0,0,0,0,0,0,0,0,0,0,0,0,0,4294967295,4294967295,4294967295,4294967295,4294967295,4294967295,4294967295,4294967295,4294967295,4294967295
944,0.400000006,69,69,1,64,0,64,0,64,1,67,2176,621,1555,1555,0,10,611,0,24,20,68,776,717,10,0,643,10,13,0,1048576,0,0,0,inf,0.781126201,1.1646812,1.35984254,0,0,0,0,0,0,0,0,0,0,0,0,0,0,0,0,0,0,0,0,0,0,0,643,0,0,0,0,0,0,0,0,0,0,0,0,0,0,0,0,0,0,0,0,0,0,0,0,0,0,0,0,0,0,0,0,0,0,0,0,0,0,0,0,0,0,0,0,0,0,0,0,0,0,0,0,0,0,0,0,0,0,0,0,0,0,0,0,0,0,0,4294967295,4294967295,4294967295,4294967295,4294967295,0,4294967295,0
945,0.100000001,69,69,1,64,0,64,0,64,0,68,2176,590,1586,1586,0,2,588,0,6,6,68,754,686,2,0,1,6,13,0,1048576,0,0,0,inf,0.924902201,1.13452339,inf,0,0,0,0,0,0,0,0,0,0,0,0,0,0,0,0,0,0,0,0,0,0,0,1,0,0,0,0,0,0,0,0,0,0,0,0,0,0,0,0,0,0,0,0,0,0,0,0,0,0,0,0,0,0,0,0,0,0,0,0,0,0,0,0,0,0,0,0,0,0,0,0,0,0,0,0,0,0,0,0,0,0,0,0,0,0,0,0,0,0,4294967295,4294967295,4294967295,4294967295,4294967295,4294967295,4294967295,4294967295,4294967295
946,1,67,69,3,64,64,0,0,0,66,0,2112,591,1521,1521,0,557,34,0,101,50,66,241,687,557,0,1023,10,13,0,1048576,0,0,0,inf,inf,0.901219726,0.805698156,0,0,0,0,0,0,0,0,0,0,0,0,0,0,0,0,0,0,0,0,0,0,0,1023,0,0,0,0,0,0,0,0,0,0,0,0,0,0,0,0,0,0,0,0,0,0,0,0,0,0,0,0,0,0,0,0,0,0,0,0,0,0,0,0,0,0,0,0,0,0,0,0,0,0,0,0,0,0,0,0,0,0,0,0,0,0,0,0,0,2,8,3,4,7,2,5,4,10,6
947,0.400000006,69,69,1,62,4,58,2,58,2,66,2176,639,1537,1537,0,29,610,0,46,34,68,761,735,29,0,15,10,13,0,1048576,0,0,0,inf,0.864856601,1.17192173,1.23848403,0,0,0,0,0,0,0,0,0,0,0,0,0,0,0,0,0,0,0,0,0,0,0,15,0,0,0,0,0,0,0,0,0,0,0,0,0,0,0,0,0,0,0,0,0,0,0,0,0,0,0,0,0,0,0,0,0,0,0,0,0,0,0,0,0,0,0,0,0,0,0,0,0,0,0,0,0,0,0,0,0,0,0,0,0,0,0,0,0,2,14,8,59,4294967295,4294967295,4294967295,4294967295,4294967295,4294967295
948,0,69,69,1,64,0,64,0,64,0,68,2176,798,1378,1378,0,0,798,0,3,3,68,962,894,0,0,0,3,13,0,1048576,0,0,0,inf,0.917903066,1.11855674,inf,0,0,0,0,0,0,0,0,0,0,0,0,0,0,0,0,0,0,0,0,0,0,0,0,0,0,0,0,0,0,0,0,0,0,0,0,0,0,0,0,0,0,0,0,0,0,0,0,0,0,0,0,0,0,0,0,0,0,0,0,0,0,0,0,0,0,0,0,0,0,0,0,0,0,0,0,0,0,0,0,0,0,0,0,0,0,0,0,0,4294967295,4294967295,4294967295,4294967295,4294967295,4294967295,4294967295,4294967295,4294967295,4294967295
949,1,69,69,1,64,64,0,7,0,64,4,2176,785,1391,1391,0,677,108,0,125,72,68,289,881,677,0,1023,10,13,0,1048576,0,0,0,inf,0.84031117,0.987630129,0.715234995,0,0,0,0,0,0,0,0,0,0,0,0,0,0,0,0,0,0,0,0,0,0,0,1023,0,0,0,0,0,0,0,0,0,0,0,0,0,0,0,0,0,0,0,0,0,0,0,0,0,0,0,0,0,0,0,0,0,0,0,0,0,0,0,0,0,0,0,0,0,0,0,0,0,0,0,0,0,0,0,0,0,0,0,0,0,0,0,0,0,11,11,12,12,15,10,13,13,13,13
950,0.400000006,69,69,1,64,1,63,1,63,1,67,2176,663,1513,1513,0,22,641,0,28,25,68,726,759,22,0,27,10,13,0,1048576,0,0,0,inf,0.877774119,1.13738656,1.26547098,0,0,0,0,0,0,0,0,0,0,0,0,0,0,0,0,0,0,0,0,0,0,0,27,0,0,0,0,0,0,0,0,0,0,0,0,0,0,0,0,0,0,0,0,0,0,0,0,0,0,0,0,0,0,0,0,0,0,0,0,0,0,0,0,0,0,0,0,0,0,0,0,0,0,0,0,0,0,0,0,0,0,0,0,0,0,0,0,0,0,0,4294967295,0,0,4294967295,4294967295,4294967295,4294967295,4294967295
951,1,67,69,3,64,64,0,0,0,66,0,2112,581,1531,1531,0,551,30,0,92,44,66,233,677,551,0,1023,10,13,0,1048576,0,0,0,inf,inf,0.852033615,0.728927791,0,0,0,0,0,0,0,0,0,0,0,0,0,0,0,0,0,0,0,0,0,0,0,1023,0,0,0,0,0,0,0,0,0,0,0,0,0,0,0,0,0,0,0,0,0,0,0,0,0,0,0,0,0,0,0,0,0,0,0,0,0,0,0,0,0,0,0,0,0,0,0,0,0,0,0,0,0,0,0,0,0,0,0,0,0,0,0,0,0,1,2,5,6,2,4,2,2,2,2
952,0.600000024,69,69,1,64,9,55,5,55,5,63,2176,738,1438,1438,0,111,627,0,71,41,68,417,834,111,0,399,10,13,0,1048576,0,0,0,inf,0.86055994,1.07495809,0.9141891,0,0,0,0,0,0,0,0,0,0,0,0,0,0,0,0,0,0,0,0,0,0,0,399,0,0,0,0,0,0,0,0,0,0,0,0,0,0,0,0,0,0,0,0,0,0,0,0,0,0,0,0,0,0,0,0,0,0,0,0,0,0,0,0,0,0,0,0,0,0,0,0,0,0,0,0,0,0,0,0,0,0,0,0,0,0,0,0,0,11,10,17,12,4294967295,4294967295,4294967295,4,4,4294967295
953,1,66,69,3,64,64,0,0,0,65,0,2080,613,1467,1467,0,581,32,0,96,46,65,235,709,581,0,1023,10,13,0,1048576,0,0,0,inf,inf,0.9016819,0.808102131,0,0,0,0,0,0,0,0,0,0,0,0,0,0,0,0,0,0,0,0,0,0,0,1023,0,0,0,0,0,0,0,0,0,0,0,0,0,0,0,0,0,0,0,0,0,0,0,0,0,0,0,0,0,0,0,0,0,0,0,0,0,0,0,0,0,0,0,0,0,0,0,0,0,0,0,0,0,0,0,0,0,0,0,0,0,0,0,0,0,3,1,2,2,2,7,7,2,3,3
954,0,69,69,1,64,0,64,0,64,0,68,2176,645,1531,1531,0,0,645,0,3,3,68,809,741,0,0,0,3,13,0,1048576,0,0,0,inf,0.856184125,1.17138994,inf,0,0,0,0,0,0,0,0,0,0,0,0,0,0,0,0,0,0,0,0,0,0,0,0,0,0,0,0,0,0,0,0,0,0,0,0,0,0,0,0,0,0,0,0,0,0,0,0,0,0,0,0,0,0,0,0,0,0,0,0,0,0,0,0,0,0,0,0,0,0,0,0,0,0,0,0,0,0,0,0,0,0,0,0,0,0,0,0,0,4294967295,4294967295,4294967295,4294967295,4294967295,4294967295,4294967295,4294967295,4294967295,4294967295
955,0.300000012,69,69,1,64,1,63,1,63,0,68,2176,1009,1167,1167,0,5,1004,0,14,14,68,1172,1105,5,0,41,10,13,0,1048576,0,0,0,inf,0.931657791,1.06553066,1.54755616,0,0,0,0,0,0,0,0,0,0,0,0,0,0,0,0,0,0,0,0,0,0,0,41,0,0,0,0,0,0,0,0,0,0,0,0,0,0,0,0,0,0,0,0,0,0,0,0,0,0,0,0,0,0,0,0,0,0,0,0,0,0,0,0,0,0,0,0,0,0,0,0,0,0,0,0,0,0,0,0,0,0,0,0,0,0,0,0,0,58,4294967295,4294967295,60,4294967295,11,4294967295,4294967295,4294967295,4294967295
956,0,69,69,1,64,0,64,0,64,0,68,2176,803,1373,1373,0,0,803,0,15,14,68,966,899,0,0,0,10,13,0,1048576,0,0,0,inf,0.906083465,1.14928842,1.62307858,0,0,0,0,0,0,0,0,0,0,0,0,0,0,0,0,0,0,0,0,0,0,0,0,0,0,0,0,0,0,0,0,0,0,0,0,0,0,0,0,0,0,0,0,0,0,0,0,0,0,0,0,0,0,0,0,0,0,0,0,0,0,0,0,0,0,0,0,0,0,0,0,0,0,0,0,0,0,0,0,0,0,0,0,0,0,0,0,0,4294967295,4294967295,4294967295,4294967295,4294967295,4294967295,4294967295,4294967295,4294967295,4294967295
957,0.400000006,69,69,1,64,3,61,2,61,1,67,2176,645,1531,1531,0,24,621,0,43,31,68,740,741,24,0,15,10,13,0,1048576,0,0,0,inf,0.88403517,1.37929988,1.23620045,0,0,0,0,0,0,0,0,0,0,0,0,0,0,0,0,0,0,0,0,0,0,0,15,0,0,0,0,0,0,0,0,0,0,0,0,0,0,0,0,0,0,0,0,0,0,0,0,0,0,0,0,0,0,0,0,0,0,0,0,0,0,0,0,0,0,0,0,0,0,0,0,0,0,0,0,0,0,0,0,0,0,0,0,0,0,0,0,0,4,5,13,66,4294967295,4294967295,4294967295,4294967295,4294967295,4294967295
958,0,69,69,1,64,0,64,0,64,0,68,2176,658,1518,1518,0,0,658,0,15,12,68,821,754,0,0,0,10,13,0,1048576,0,0,0,inf,0.836302638,1.04703426,1.59436798,0,0,0,0,0,0,0,0,0,0,0,0,0,0,0,0,0,0,0,0,0,0,0,0,0,0,0,0,0,0,0,0,0,0,0,0,0,0,0,0,0,0,0,0,0,0,0,0,0,0,0,0,0,0,0,0,0,0,0,0,0,0,0,0,0,0,0,0,0,0,0,0,0,0,0,0,0,0,0,0,0,0,0,0,0,0,0,0,0,4294967295,4294967295,4294967295,4294967295,4294967295,4294967295,4294967295,4294967295,4294967295,4294967295
959,0.300000012,69,69,1,64,2,62,2,62,0,68,2176,732,1444,1444,0,20,712,0,29,27,68,831,828,20,0,133,10,13,0,1048576,0,0,0,inf,0.880048692,1.12255406,1.2555449,0,0,0,0,0,0,0,0,0,0,0,0,0,0,0,0,0,0,0,0,0,0,0,133,0,0,0,0,0,0,0,0,0,0,0,0,0,0,0,0,0,0,0,0,0,0,0,0,0,0,0,0,0,0,0,0,0,0,0,0,0,0,0,0,0,0,0,0,0,0,0,0,0,0,0,0,0,0,0,0,0,0,0,0,0,0,0,0,0,52,4294967295,59,4294967295,4294967295,4294967295,4294967295,25,4294967295,4294967295
960,0.699999988,69,69,1,64,4,60,3,60,1,67,2176,1047,1129,1129,0,22,1025,0,30,21,68,908,1143,22,0,949,10,13,0,1048576,0,0,0,inf,0.882854223,0.983326256,1.03591061,0,0,0,0,0,0,0,0,0,0,0,0,0,0,0,0,0,0,0,0,0,0,0,949,0,0,0,0,0,0,0,0,0,0,0,0,0,0,0,0,0,0,0,0,0,0,0,0,0,0,0,0,0,0,0,0,0,0,0,0,0,0,0,0,0,0,0,0,0,0,0,0,0,0,0,0,0,0,0,0,0,0,0,0,0,0,0,0,0,5,4294967295,52,4294967295,41,41,4294967295,2,17,41
961,1,69,69,1,64,58,6,7,6,51,17,2176,898,1278,1278,0,582,316,0,77,45,68,361,994,582,0,1023,10,13,0,1048576,0,0,0,inf,0.830796361,0.900191069,0.739208937,0,0,0,0,0,0,0,0,0,0,0,0,0,0,0,0,0,0,0,0,0,0,0,1023,0,0,0,0,0,0,0,0,0,0,0,0,0,0,0,0,0,0,0,0,0,0,0,0,0,0,0,0,0,0,0,0,0,0,0,0,0,0,0,0,0,0,0,0,0,0,0,0,0,0,0,0,0,0,0,0,0,0,0,0,0,0,0,0,0,8,8,9,15,9,36,9,12,11,9
962,0.400000006,69,69,1,64,3,61,1,61,2,66,2176,622,1554,1554,0,14,608,0,38,26,68,766,718,14,0,15,10,13,0,1048576,0,0,0,inf,0.922482848,1.28965545,1.37405717,0,0,0,0,0,0,0,0,0,0,0,0,0,0,0,0,0,0,0,0,0,0,0,15,0,0,0,0,0,0,0,0,0,0,0,0,0,0,0,0,0,0,0,0,0,0,0,0,0,0,0,0,0,0,0,0,0,0,0,0,0,0,0,0,0,0,0,0,0,0,0,0,0,0,0,0,0,0,0,0,0,0,0,0,0,0,0,0,0,3,11,16,60,4294967295,4294967295,4294967295,4294967295,4294967295,4294967295
963,0.400000006,69,69,1,64,4,60,2,60,2,66,2176,624,1552,1552,0,27,597,0,39,25,68,686,720,27,0,15,10,13,0,1048576,0,0,0,inf,0.969293594,1.30492353,1.33696866,0,0,0,0,0,0,0,0,0,0,0,0,0,0,0,0,0,0,0,0,0,0,0,15,0,0,0,0,0,0,0,0,0,0,0,0,0,0,0,0,0,0,0,0,0,0,0,0,0,0,0,0,0,0,0,0,0,0,0,0,0,0,0,0,0,0,0,0,0,0,0,0,0,0,0,0,0,0,0,0,0,0,0,0,0,0,0,0,0,2,5,9,47,4294967295,4294967295,4294967295,4294967295,4294967295,4294967295
964,0.600000024,69,69,1,64,3,61,1,61,2,66,2176,1001,1175,1175,0,42,959,0,28,25,68,783,1097,42,0,207,10,13,0,1048576,0,0,0,inf,0.969444931,1.3892746,1.12806284,0,0,0,0,0,0,0,0,0,0,0,0,0,0,0,0,0,0,0,0,0,0,0,207,0,0,0,0,0,0,0,0,0,0,0,0,0,0,0,0,0,0,0,0,0,0,0,0,0,0,0,0,0,0,0,0,0,0,0,0,0,0,0,0,0,0,0,0,0,0,0,0,0,0,0,0,0,0,0,0,0,0,0,0,0,0,0,0,0,7,4,6,4,4294967295,4294967295,7,9,4294967295,4294967295
965,0.200000003,69,69,1,64,0,64,0,64,0,68,2176,826,1350,1350,0,3,823,0,12,12,68,990,922,3,0,5,10,13,0,1048576,0,0,0,inf,0.931035638,1.08842611,1.49390531,0,0,0,0,0,0,0,0,0,0,0,0,0,0,0,0,0,0,0,0,0,0,0,5,0,0,0,0,0,0,0,0,0,0,0,0,0,0,0,0,0,0,0,0,0,0,0,0,0,0,0,0,0,0,0,0,0,0,0,0,0,0,0,0,0,0,0,0,0,0,0,0,0,0,0,0,0,0,0,0,0,0,0,0,0,0,0,0,0,20,4294967295,54,4294967295,4294967295,4294967295,4294967295,4294967295,4294967295,4294967295
966,0,69,69,1,64,0,64,0,64,0,68,2176,633,1543,1543,0,0,633,0,3,3,68,797,729,0,0,0,3,13,0,1048576,0,0,0,inf,0.969203353,1.16138017,inf,0,0,0,0,0,0,0,0,0,0,0,0,0,0,0,0,0,0,0,0,0,0,0,0,0,0,0,0,0,0,0,0,0,0,0,0,0,0,0,0,0,0,0,0,0,0,0,0,0,0,0,0,0,0,0,0,0,0,0,0,0,0,0,0,0,0,0,0,0,0,0,0,0,0,0,0,0,0,0,0,0,0,0,0,0,0,0,0,0,4294967295,4294967295,4294967295,4294967295,4294967295,4294967295,4294967295,4294967295,4294967295,4294967295
967,0.899999976,69,69,1,64,4,60,1,60,3,65,2176,1122,1054,1054,0,73,1049,0,50,35,68,597,1218,73,0,895,10,13,0,1048576,0,0,0,inf,0.855476618,1.09593391,0.946985781,0,0,0,0,0,0,0,0,0,0,0,0,0,0,0,0,0,0,0,0,0,0,0,895,0,0,0,0,0,0,0,0,0,0,0,0,0,0,0,0,0,0,0,0,0,0,0,0,0,0,0,0,0,0,0,0,0,0,0,0,0,0,0,0,0,0,0,0,0,0,0,0,0,0,0,0,0,0,0,0,0,0,0,0,0,0,0,0,0,26,18,5,6,1,36,7,4294967295,14,11
968,0.400000006,69,69,1,64,1,63,1,63,0,68,2176,601,1575,1575,0,10,591,0,12,12,68,765,697,10,0,519,10,13,0,1048576,0,0,0,inf,0.942098141,1.25331295,1.40853858,0,0,0,0,0,0,0,0,0,0,0,0,0,0,0,0,0,0,0,0,0,0,0,519,0,0,0,0,0,0,0,0,0,0,0,0,0,0,0,0,0,0,0,0,0,0,0,0,0,0,0,0,0,0,0,0,0,0,0,0,0,0,0,0,0,0,0,0,0,0,0,0,0,0,0,0,0,0,0,0,0,0,0,0,0,0,0,0,0,1,18,54,4294967295,4294967295,4294967295,4294967295,4294967295,4294967295,40
969,0.800000012,69,69,1,64,9,55,8,55,1,67,2176,845,1331,1331,0,41,804,0,43,28,68,741,941,41,0,495,10,13,0,1048576,0,0,0,inf,0.89892602,1.07374048,1.04004192,0,0,0,0,0,0,0,0,0,0,0,0,0,0,0,0,0,0,0,0,0,0,0,495,0,0,0,0,0,0,0,0,0,0,0,0,0,0,0,0,0,0,0,0,0,0,0,0,0,0,0,0,0,0,0,0,0,0,0,0,0,0,0,0,0,0,0,0,0,0,0,0,0,0,0,0,0,0,0,0,0,0,0,0,0,0,0,0,0,8,22,6,20,4294967295,53,53,20,33,4294967295
970,0.5,69,69,1,64,1,63,1,63,1,67,2176,596,1580,1580,0,22,574,0,29,25,68,644,692,22,0,271,10,13,0,1048576,0,0,0,inf,0.955829203,1.33722305,1.31193781,0,0,0,0,0,0,0,0,0,0,0,0,0,0,0,0,0,0,0,0,0,0,0,271,0,0,0,0,0,0,0,0,0,0,0,0,0,0,0,0,0,0,0,0,0,0,0,0,0,0,0,0,0,0,0,0,0,0,0,0,0,0,0,0,0,0,0,0,0,0,0,0,0,0,0,0,0,0,0,0,0,0,0,0,0,0,0,0,0,0,0,0,57,4294967295,4294967295,4294967295,4294967295,0,4294967295
971,0.899999976,69,69,1,64,6,58,4,58,5,63,2176,846,1330,1330,0,89,757,0,63,44,68,562,942,89,0,511,10,13,0,1048576,0,0,0,inf,0.893821001,1.10196328,1.02066779,0,0,0,0,0,0,0,0,0,0,0,0,0,0,0,0,0,0,0,0,0,0,0,511,0,0,0,0,0,0,0,0,0,0,0,0,0,0,0,0,0,0,0,0,0,0,0,0,0,0,0,0,0,0,0,0,0,0,0,0,0,0,0,0,0,0,0,0,0,0,0,0,0,0,0,0,0,0,0,0,0,0,0,0,0,0,0,0,0,15,18,16,13,7,38,6,8,7,4294967295
972,0.800000012,69,69,1,64,2,62,1,62,1,67,2176,920,1256,1256,0,32,888,0,29,28,68,805,1016,32,0,927,10,13,0,1048576,0,0,0,inf,0.883940339,0.951954484,0.978794813,0,0,0,0,0,0,0,0,0,0,0,0,0,0,0,0,0,0,0,0,0,0,0,927,0,0,0,0,0,0,0,0,0,0,0,0,0,0,0,0,0,0,0,0,0,0,0,0,0,0,0,0,0,0,0,0,0,0,0,0,0,0,0,0,0,0,0,0,0,0,0,0,0,0,0,0,0,0,0,0,0,0,0,0,0,0,0,0,0,11,24,23,21,21,4294967295,4294967295,23,9,67
973,0.100000001,69,69,1,64,0,64,0,64,0,68,2176,589,1587,1587,0,1,588,0,1,1,68,753,685,1,0,64,1,13,0,1048576,0,0,0,inf,0.937608957,1.2251575,inf,0,0,0,0,0,0,0,0,0,0,0,0,0,0,0,0,0,0,0,0,0,0,0,64,0,0,0,0,0,0,0,0,0,0,0,0,0,0,0,0,0,0,0,0,0,0,0,0,0,0,0,0,0,0,0,0,0,0,0,0,0,0,0,0,0,0,0,0,0,0,0,0,0,0,0,0,0,0,0,0,0,0,0,0,0,0,0,0,0,4294967295,4294967295,4294967295,4294967295,4294967295,4294967295,27,4294967295,4294967295,4294967295
974,0.600000024,69,69,1,64,3,61,1,61,2,66,2176,628,1548,1548,0,33,595,0,30,25,68,630,724,33,0,63,10,13,0,1048576,0,0,0,inf,0.97366333,1.21570361,1.27629352,0,0,0,0,0,0,0,0,0,0,0,0,0,0,0,0,0,0,0,0,0,0,0,63,0,0,0,0,0,0,0,0,0,0,0,0,0,0,0,0,0,0,0,0,0,0,0,0,0,0,0,0,0,0,0,0,0,0,0,0,0,0,0,0,0,0,0,0,0,0,0,0,0,0,0,0,0,0,0,0,0,0,0,0,0,0,0,0,0,1,5,16,8,7,24,4294967295,4294967295,4294967295,4294967295
975,0.5,69,69,1,64,4,60,1,60,3,65,2176,728,1448,1448,0,31,697,0,48,32,68,794,824,31,0,55,10,13,0,1048576,0,0,0,inf,0.89362824,1.15004611,1.14592814,0,0,0,0,0,0,0,0,0,0,0,0,0,0,0,0,0,0,0,0,0,0,0,55,0,0,0,0,0,0,0,0,0,0,0,0,0,0,0,0,0,0,0,0,0,0,0,0,0,0,0,0,0,0,0,0,0,0,0,0,0,0,0,0,0,0,0,0,0,0,0,0,0,0,0,0,0,0,0,0,0,0,0,0,0,0,0,0,0,2,4,35,4294967295,24,19,4294967295,4294967295,4294967295,4294967295
976,1,69,69,1,64,64,0,34,0,67,1,2176,1298,878,878,0,1223,75,0,129,68,68,269,1394,1223,0,1023,10,13,0,1048576,0,0,0,inf,0.827943802,0.905442834,0.803741634,0,0,0,0,0,0,0,0,0,0,0,0,0,0,0,0,0,0,0,0,0,0,0,1023,0,0,0,0,0,0,0,0,0,0,0,0,0,0,0,0,0,0,0,0,0,0,0,0,0,0,0,0,0,0,0,0,0,0,0,0,0,0,0,0,0,0,0,0,0,0,0,0,0,0,0,0,0,0,0,0,0,0,0,0,0,0,0,0,0,54,56,60,51,54,54,4,56,56,55
977,0.5,69,69,1,64,4,60,2,60,2,66,2176,686,1490,1490,0,45,641,0,31,24,68,656,782,45,0,563,10,13,0,1048576,0,0,0,inf,0.881767511,1.1244061,1.09114349,0,0,0,0,0,0,0,0,0,0,0,0,0,0,0,0,0,0,0,0,0,0,0,563,0,0,0,0,0,0,0,0,0,0,0,0,0,0,0,0,0,0,0,0,0,0,0,0,0,0,0,0,0,0,0,0,0,0,0,0,0,0,0,0,0,0,0,0,0,0,0,0,0,0,0,0,0,0,0,0,0,0,0,0,0,0,0,0,0,5,7,4294967295,4294967295,31,7,4294967295,4294967295,4294967295,55
978,0,69,69,1,64,0,64,0,64,0,68,2176,605,1571,1571,0,0,605,0,15,14,68,768,701,0,0,0,10,13,0,1048576,0,0,0,inf,0.916237652,1.24873221,1.63808048,0,0,0,0,0,0,0,0,0,0,0,0,0,0,0,0,0,0,0,0,0,0,0,0,0,0,0,0,0,0,0,0,0,0,0,0,0,0,0,0,0,0,0,0,0,0,0,0,0,0,0,0,0,0,0,0,0,0,0,0,0,0,0,0,0,0,0,0,0,0,0,0,0,0,0,0,0,0,0,0,0,0,0,0,0,0,0,0,0,4294967295,4294967295,4294967295,4294967295,4294967295,4294967295,4294967295,4294967295,4294967295,4294967295
979,0,69,69,1,64,0,64,0,64,0,68,2176,627,1549,1549,0,0,627,0,7,7,68,791,723,0,0,0,7,13,0,1048576,0,0,0,inf,0.877938032,1.36433887,inf,0,0,0,0,0,0,0,0,0,0,0,0,0,0,0,0,0,0,0,0,0,0,0,0,0,0,0,0,0,0,0,0,0,0,0,0,0,0,0,0,0,0,0,0,0,0,0,0,0,0,0,0,0,0,0,0,0,0,0,0,0,0,0,0,0,0,0,0,0,0,0,0,0,0,0,0,0,0,0,0,0,0,0,0,0,0,0,0,0,4294967295,4294967295,4294967295,4294967295,4294967295,4294967295,4294967295,4294967295,4294967295,4294967295
980,0.100000001,69,69,1,64,0,64,0,64,0,68,2176,653,1523,1523,0,10,643,0,15,15,68,801,749,10,0,16,10,13,0,1048576,0,0,0,inf,0.852546811,1.07890344,1.3961066,0,0,0,0,0,0,0,0,0,0,0,0,0,0,0,0,0,0,0,0,0,0,0,16,0,0,0,0,0,0,0,0,0,0,0,0,0,0,0,0,0,0,0,0,0,0,0,0,0,0,0,0,0,0,0,0,0,0,0,0,0,0,0,0,0,0,0,0,0,0,0,0,0,0,0,0,0,0,0,0,0,0,0,0,0,0,0,0,0,4294967295,4294967295,4294967295,4294967295,48,4294967295,4294967295,4294967295,4294967295,4294967295
981,1,67,69,3,64,64,0,0,0,66,0,2112,622,1490,1490,0,604,18,0,108,49,66,245,718,604,0,1023,10,13,0,1048576,0,0,0,inf,inf,0.774122655,0.630921602,0,0,0,0,0,0,0,0,0,0,0,0,0,0,0,0,0,0,0,0,0,0,0,1023,0,0,0,0,0,0,0,0,0,0,0,0,0,0,0,0,0,0,0,0,0,0,0,0,0,0,0,0,0,0,0,0,0,0,0,0,0,0,0,0,0,0,0,0,0,0,0,0,0,0,0,0,0,0,0,0,0,0,0,0,0,0,0,0,0,3,3,3,4,4,4,4,2,3,3
982,0.300000012,69,69,1,64,0,64,0,64,0,68,2176,627,1549,1549,0,4,623,0,13,13,68,790,723,4,0,273,10,13,0,1048576,0,0,0,inf,0.906579673,1.1521523,1.56169343,0,0,0,0,0,0,0,0,0,0,0,0,0,0,0,0,0,0,0,0,0,0,0,273,0,0,0,0,0,0,0,0,0,0,0,0,0,0,0,0,0,0,0,0,0,0,0,0,0,0,0,0,0,0,0,0,0,0,0,0,0,0,0,0,0,0,0,0,0,0,0,0,0,0,0,0,0,0,0,0,0,0,0,0,0,0,0,0,0,0,4294967295,4294967295,4294967295,58,4294967295,4294967295,4294967295,41,4294967295
983,0.300000012,69,69,1,64,0,64,0,64,0,68,2176,613,1563,1563,0,12,601,0,13,13,68,758,709,12,0,7,10,13,0,1048576,0,0,0,inf,0.849303842,1.13536716,1.29769385,0,0,0,0,0,0,0,0,0,0,0,0,0,0,0,0,0,0,0,0,0,0,0,7,0,0,0,0,0,0,0,0,0,0,0,0,0,0,0,0,0,0,0,0,0,0,0,0,0,0,0,0,0,0,0,0,0,0,0,0,0,0,0,0,0,0,0,0,0,0,0,0,0,0,0,0,0,0,0,0,0,0,0,0,0,0,0,0,0,1,1,1,4294967295,4294967295,4294967295,4294967295,4294967295,4294967295,4294967295
984,0.800000012,69,69,1,64,13,51,6,51,7,61,2176,1161,1015,1015,0,155,1006,0,58,39,68,483,1257,155,0,1006,10,13,0,1048576,0,0,0,inf,0.88898325,0.975657582,0.897789359,0,0,0,0,0,0,0,0,0,0,0,0,0,0,0,0,0,0,0,0,0,0,0,1006,0,0,0,0,0,0,0,0,0,0,0,0,0,0,0,0,0,0,0,0,0,0,0,0,0,0,0,0,0,0,0,0,0,0,0,0,0,0,0,0,0,0,0,0,0,0,0,0,0,0,0,0,0,0,0,0,0,0,0,0,0,0,0,0,0,4294967295,2,7,0,4294967295,58,46,53,55,13
985,0.300000012,69,69,1,64,0,64,0,64,4,64,2176,772,1404,1404,0,65,707,0,51,27,68,669,868,65,0,584,10,13,0,1048576,0,0,0,inf,0.86961019,1.19608521,1.21398902,0,0,0,0,0,0,0,0,0,0,0,0,0,0,0,0,0,0,0,0,0,0,0,584,0,0,0,0,0,0,0,0,0,0,0,0,0,0,0,0,0,0,0,0,0,0,0,0,0,0,0,0,0,0,0,0,0,0,0,0,0,0,0,0,0,0,0,0,0,0,0,0,0,0,0,0,0,0,0,0,0,0,0,0,0,0,0,0,0,4294967295,4294967295,4294967295,2,4294967295,4294967295,2,4294967295,4294967295,1
986,1,69,69,1,64,64,0,1,0,66,2,2176,632,1544,1544,0,582,50,0,116,58,68,255,728,582,0,1023,10,13,0,1048576,0,0,0,inf,1.03159237,1.03159237,0.730445147,0,0,0,0,0,0,0,0,0,0,0,0,0,0,0,0,0,0,0,0,0,0,0,1023,0,0,0,0,0,0,0,0,0,0,0,0,0,0,0,0,0,0,0,0,0,0,0,0,0,0,0,0,0,0,0,0,0,0,0,0,0,0,0,0,0,0,0,0,0,0,0,0,0,0,0,0,0,0,0,0,0,0,0,0,0,0,0,0,0,3,4,5,4,3,7,5,4,6,16
987,0.300000012,69,69,1,63,1,62,1,62,0,68,2176,635,1541,1541,0,10,625,0,15,15,68,794,731,10,0,42,10,13,0,1048576,0,0,0,inf,0.960926175,1.29066896,1.41209376,0,0,0,0,0,0,0,0,0,0,0,0,0,0,0,0,0,0,0,0,0,0,0,42,0,0,0,0,0,0,0,0,0,0,0,0,0,0,0,0,0,0,0,0,0,0,0,0,0,0,0,0,0,0,0,0,0,0,0,0,0,0,0,0,0,0,0,0,0,0,0,0,0,0,0,0,0,0,0,0,0,0,0,0,0,0,0,0,0,4294967295,5,4294967295,53,4294967295,53,4294967295,4294967295,4294967295,4294967295
988,0.699999988,69,69,1,64,6,58,3,58,3,65,2176,906,1270,1270,0,81,825,0,57,39,68,585,1002,81,0,127,10,13,0,1048576,0,0,0,inf,0.859568238,0.994297624,0.988660395,0,0,0,0,0,0,0,0,0,0,0,0,0,0,0,0,0,0,0,0,0,0,0,127,0,0,0,0,0,0,0,0,0,0,0,0,0,0,0,0,0,0,0,0,0,0,0,0,0,0,0,0,0,0,0,0,0,0,0,0,0,0,0,0,0,0,0,0,0,0,0,0,0,0,0,0,0,0,0,0,0,0,0,0,0,0,0,0,0,9,10,7,63,26,54,6,4294967295,4294967295,4294967295
989,0.800000012,69,69,1,64,8,56,2,56,6,62,2176,1053,1123,1123,0,125,928,0,48,32,68,522,1149,125,0,879,10,13,0,1048576,0,0,0,inf,0.923165202,1.02038383,0.993476868,0,0,0,0,0,0,0,0,0,0,0,0,0,0,0,0,0,0,0,0,0,0,0,879,0,0,0,0,0,0,0,0,0,0,0,0,0,0,0,0,0,0,0,0,0,0,0,0,0,0,0,0,0,0,0,0,0,0,0,0,0,0,0,0,0,0,0,0,0,0,0,0,0,0,0,0,0,0,0,0,0,0,0,0,0,0,0,0,0,5,4,23,4,4294967295,24,5,4294967295,63,24
990,1,68,69,3,64,64,0,0,0,66,1,2144,824,1320,1320,0,790,34,0,92,48,67,229,920,790,0,1023,10,13,0,1048576,0,0,0,inf,inf,0.853678107,0.746305704,0,0,0,0,0,0,0,0,0,0,0,0,0,0,0,0,0,0,0,0,0,0,0,1023,0,0,0,0,0,0,0,0,0,0,0,0,0,0,0,0,0,0,0,0,0,0,0,0,0,0,0,0,0,0,0,0,0,0,0,0,0,0,0,0,0,0,0,0,0,0,0,0,0,0,0,0,0,0,0,0,0,0,0,0,0,0,0,0,0,8,2,8,5,2,3,2,9,21,17
991,0.800000012,69,69,1,64,10,54,4,54,7,61,2176,738,1438,1438,0,104,634,0,68,41,68,449,834,104,0,703,10,13,0,1048576,0,0,0,inf,0.846598029,1.1988219,0.94558084,0,0,0,0,0,0,0,0,0,0,0,0,0,0,0,0,0,0,0,0,0,0,0,703,0,0,0,0,0,0,0,0,0,0,0,0,0,0,0,0,0,0,0,0,0,0,0,0,0,0,0,0,0,0,0,0,0,0,0,0,0,0,0,0,0,0,0,0,0,0,0,0,0,0,0,0,0,0,0,0,0,0,0,0,0,0,0,0,0,9,12,9,35,4,3,4294967295,5,4294967295,5
992,0.600000024,69,69,1,64,3,61,2,61,3,65,2176,1497,679,679,0,29,1468,0,43,32,68,1395,1593,29,0,287,10,13,0,1048576,0,0,0,inf,0.839579582,0.998169839,1.14071941,0,0,0,0,0,0,0,0,0,0,0,0,0,0,0,0,0,0,0,0,0,0,0,287,0,0,0,0,0,0,0,0,0,0,0,0,0,0,0,0,0,0,0,0,0,0,0,0,0,0,0,0,0,0,0,0,0,0,0,0,0,0,0,0,0,0,0,0,0,0,0,0,0,0,0,0,0,0,0,0,0,0,0,0,0,0,0,0,0,53,61,57,18,36,4294967295,4294967295,4294967295,19,4294967295
993,1,69,69,1,64,63,1,3,1,67,1,2176,798,1378,1378,0,745,53,0,111,72,68,251,894,745,0,1023,10,13,0,1048576,0,0,0,inf,0.893111944,1.16503954,0.748894632,0,0,0,0,0,0,0,0,0,0,0,0,0,0,0,0,0,0,0,0,0,0,0,1023,0,0,0,0,0,0,0,0,0,0,0,0,0,0,0,0,0,0,0,0,0,0,0,0,0,0,0,0,0,0,0,0,0,0,0,0,0,0,0,0,0,0,0,0,0,0,0,0,0,0,0,0,0,0,0,0,0,0,0,0,0,0,0,0,0,10,9,9,13,11,12,11,10,12,12
994,1,66,69,3,64,64,0,0,0,65,0,2080,591,1489,1489,0,578,13,0,91,42,65,226,687,578,0,1023,10,13,0,1048576,0,0,0,inf,inf,0.704497695,0.601660252,0,0,0,0,0,0,0,0,0,0,0,0,0,0,0,0,0,0,0,0,0,0,0,1023,0,0,0,0,0,0,0,0,0,0,0,0,0,0,0,0,0,0,0,0,0,0,0,0,0,0,0,0,0,0,0,0,0,0,0,0,0,0,0,0,0,0,0,0,0,0,0,0,0,0,0,0,0,0,0,0,0,0,0,0,0,0,0,0,0,3,2,3,3,3,3,1,2,11,2
995,0,69,69,1,64,0,64,0,64,0,68,2176,735,1441,1441,0,1,734,0,10,10,68,899,831,1,0,0,10,13,0,1048576,0,0,0,inf,0.766129494,1.02183628,1.51712644,0,0,0,0,0,0,0,0,0,0,0,0,0,0,0,0,0,0,0,0,0,0,0,0,0,0,0,0,0,0,0,0,0,0,0,0,0,0,0,0,0,0,0,0,0,0,0,0,0,0,0,0,0,0,0,0,0,0,0,0,0,0,0,0,0,0,0,0,0,0,0,0,0,0,0,0,0,0,0,0,0,0,0,0,0,0,0,0,0,4294967295,4294967295,4294967295,4294967295,4294967295,4294967295,4294967295,4294967295,4294967295,4294967295
996,1,69,69,1,64,64,0,8,0,64,4,2176,986,1190,1190,0,867,119,0,128,78,68,282,1082,867,0,1023,10,13,0,1048576,0,0,0,inf,0.874233842,0.998413682,0.771282911,0,0,0,0,0,0,0,0,0,0,0,0,0,0,0,0,0,0,0,0,0,0,0,1023,0,0,0,0,0,0,0,0,0,0,0,0,0,0,0,0,0,0,0,0,0,0,0,0,0,0,0,0,0,0,0,0,0,0,0,0,0,0,0,0,0,0,0,0,0,0,0,0,0,0,0,0,0,0,0,0,0,0,0,0,0,0,0,0,0,20,22,21,18,21,22,29,22,21,20
997,0.400000006,69,69,1,64,0,64,0,64,0,68,2176,1006,1170,1170,0,4,1002,0,14,14,68,1169,1102,4,0,27,10,13,0,1048576,0,0,0,inf,0.576742589,0.938417435,1.42870307,0,0,0,0,0,0,0,0,0,0,0,0,0,0,0,0,0,0,0,0,0,0,0,27,0,0,0,0,0,0,0,0,0,0,0,0,0,0,0,0,0,0,0,0,0,0,0,0,0,0,0,0,0,0,0,0,0,0,0,0,0,0,0,0,0,0,0,0,0,0,0,0,0,0,0,0,0,0,0,0,0,0,0,0,0,0,0,0,0,20,3,4294967295,41,41,4294967295,4294967295,4294967295,4294967295,4294967295
998,0,69,69,1,64,0,64,0,64,0,68,2176,695,1481,1481,0,0,695,0,15,10,68,859,791,0,0,0,10,13,0,1048576,0,0,0,inf,0.869897902,1.18207502,1.57271278,0,0,0,0,0,0,0,0,0,0,0,0,0,0,0,0,0,0,0,0,0,0,0,0,0,0,0,0,0,0,0,0,0,0,0,0,0,0,0,0,0,0,0,0,0,0,0,0,0,0,0,0,0,0,0,0,0,0,0,0,0,0,0,0,0,0,0,0,0,0,0,0,0,0,0,0,0,0,0,0,0,0,0,0,0,0,0,0,0,4294967295,4294967295,4294967295,4294967295,4294967295,4294967295,4294967295,4294967295,4294967295,4294967295
999,1,69,69,1,64,64,0,1,0,65,3,2176,847,1329,1329,0,778,69,0,112,46,68,253,943,778,0,1023,10,13,0,1048576,0,0,0,inf,0.936690331,0.936690331,0.68613559,0,0,0,0,0,0,0,0,0,0,0,0,0,0,0,0,0,0,0,0,0,0,0,1023,0,0,0,0,0,0,0,0,0,0,0,0,0,0,0,0,0,0,0,0,0,0,0,0,0,0,0,0,0,0,0,0,0,0,0,0,0,0,0,0,0,0,0,0,0,0,0,0,0,0,0,0,0,0,0,0,0,0,0,0,0,0,0,0,0,3,2,2,4,2,4,4,3,12,5
