predicate,workload,metric,source,variant,itopk,search_width,max_iterations,recall,qps,latency_seconds,filter_violations,invalid_sentinel_errors,underfilled_queries
em,throughput,arxiv-em-throughput_10000,throughput,default_cagra,64,1,0,0.94269,28822.584039575013,0.34695694,0.0,0.0,0.0497
em,throughput,arxiv-em-throughput_10000,throughput,default_accumulator,64,1,0,0.96508,28318.29770030814,0.353134269,0.0,0.0,0.0067
em,throughput,arxiv-em-throughput_10000,throughput,automatic_legacy,64,1,0,0.95537,28123.51198462857,0.35558062,0.0,0.0,0.0342
em,throughput,arxiv-em-throughput_10000,throughput,automatic_accumulator,64,1,0,0.96474,28029.91118924995,0.356768153,0.0,0.0,0.006
em,throughput,arxiv-em-throughput_10000,throughput,default_cagra,64,1,522,0.9693,5921.260576118832,1.688836181,0.0,0.0,0.0116
em,throughput,arxiv-em-throughput_10000,throughput,default_accumulator,64,1,522,0.99566,5856.002675600726,1.707655682,0.0,0.0,0.0006
em,throughput,arxiv-em-throughput_10000,throughput,automatic_legacy,64,1,522,0.97167,10876.93576008803,0.919383829,0.0,0.0,0.0032
em,throughput,arxiv-em-throughput_10000,throughput,automatic_accumulator,64,1,522,0.98209,10802.903914326962,0.925683584,0.0,0.0,0.0006
em,throughput,arxiv-em-throughput_10000,throughput,default_cagra,64,1,1044,0.96988,4885.638386154141,2.04682157,0.0,0.0,0.0034
em,throughput,arxiv-em-throughput_10000,throughput,default_accumulator,64,1,1044,0.99642,4803.185291885882,2.081958192,0.0,0.0,0.0006
em,throughput,arxiv-em-throughput_10000,throughput,automatic_legacy,64,1,1044,0.97242,7897.698770103568,1.266198801,0.0,0.0,0.0016
em,throughput,arxiv-em-throughput_10000,throughput,automatic_accumulator,64,1,1044,0.98293,7868.921315463004,1.270829014,0.0,0.0,0.0004
em,throughput,arxiv-em-throughput_10000,throughput,default_cagra,64,1,2088,0.97001,3839.2758528651566,2.604664458,0.0,0.0,0.0025
em,throughput,arxiv-em-throughput_10000,throughput,default_accumulator,64,1,2088,0.99672,3761.3946231237182,2.658595404,0.0,0.0,0.0002
em,throughput,arxiv-em-throughput_10000,throughput,automatic_legacy,64,1,2088,0.97271,5414.269348664825,1.846978842,0.0,0.0,0.001
em,throughput,arxiv-em-throughput_10000,throughput,automatic_accumulator,64,1,2088,0.98329,5347.82465752451,1.869928898,0.0,0.0,0.0001
em,throughput,arxiv-em-throughput_10000,throughput,default_cagra,64,1,4176,0.97004,2795.920043945696,3.576646459,0.0,0.0,0.001
em,throughput,arxiv-em-throughput_10000,throughput,default_accumulator,64,1,4176,0.99681,2731.791357528163,3.660608535,0.0,0.0,0.0001
em,throughput,arxiv-em-throughput_10000,throughput,automatic_legacy,64,1,4176,0.9728,3686.0155159224787,2.712963574,0.0,0.0,0.0009
em,throughput,arxiv-em-throughput_10000,throughput,automatic_accumulator,64,1,4176,0.98338,3653.116672673417,2.737394943,0.0,0.0,0.0001
em,throughput,arxiv-em-throughput_10000,throughput,default_cagra,64,1,7569,0.97007,2114.2022019817778,4.729923348,0.0,0.0,0.0006
em,throughput,arxiv-em-throughput_10000,throughput,default_accumulator,64,1,7569,0.99684,2059.30565992868,4.856013471,0.0,0.0,0.0001
em,throughput,arxiv-em-throughput_10000,throughput,automatic_legacy,64,1,7569,0.97283,2555.278625501202,3.913474957,0.0,0.0,0.0006
em,throughput,arxiv-em-throughput_10000,throughput,automatic_accumulator,64,1,7569,0.98341,2510.7700680986054,3.982848399,0.0,0.0,0.0001
em,throughput,arxiv-em-throughput_10000,throughput,default_cagra,64,2,0,0.94479,27753.211098129243,0.360325696,0.0,0.0,0.0463
em,throughput,arxiv-em-throughput_10000,throughput,default_accumulator,64,2,0,0.9674,27241.94869990943,0.367086348,0.0,0.0,0.0055
em,throughput,arxiv-em-throughput_10000,throughput,automatic_legacy,64,2,0,0.95643,27871.205231929704,0.358801209,0.0,0.0,0.0332
em,throughput,arxiv-em-throughput_10000,throughput,automatic_accumulator,64,2,0,0.96655,27662.733387730103,0.361503214,0.0,0.0,0.0051
em,throughput,arxiv-em-throughput_10000,throughput,default_cagra,64,2,522,0.96984,4959.100601325063,2.016500454,0.0,0.0,0.0035
em,throughput,arxiv-em-throughput_10000,throughput,default_accumulator,64,2,522,0.99646,4894.360811246033,2.043173282,0.0,0.0,0.0006
em,throughput,arxiv-em-throughput_10000,throughput,automatic_legacy,64,2,522,0.97175,8146.707153762311,1.227496513,0.0,0.0,0.0019
em,throughput,arxiv-em-throughput_10000,throughput,automatic_accumulator,64,2,522,0.98341,8093.785286584523,1.235521778,0.0,0.0,0.0006
em,throughput,arxiv-em-throughput_10000,throughput,default_cagra,64,2,1044,0.97004,3994.703397200069,2.503320361,0.0,0.0,0.0023
em,throughput,arxiv-em-throughput_10000,throughput,default_accumulator,64,2,1044,0.99679,3929.93625697229,2.544576617,0.0,0.0,0.0002
em,throughput,arxiv-em-throughput_10000,throughput,automatic_legacy,64,2,1044,0.97195,5802.234943832833,1.723480001,0.0,0.0,0.0008
em,throughput,arxiv-em-throughput_10000,throughput,automatic_accumulator,64,2,1044,0.9837,5772.318226846185,1.732413181,0.0,0.0,0.0003
em,throughput,arxiv-em-throughput_10000,throughput,default_cagra,64,2,2088,0.97008,3038.9981223963655,3.290565628,0.0,0.0,0.001
em,throughput,arxiv-em-throughput_10000,throughput,default_accumulator,64,2,2088,0.99687,3000.2442684847124,3.333073712,0.0,0.0,0.0001
em,throughput,arxiv-em-throughput_10000,throughput,automatic_legacy,64,2,2088,0.97202,4119.6924231051535,2.427371999,0.0,0.0,0.0008
em,throughput,arxiv-em-throughput_10000,throughput,automatic_accumulator,64,2,2088,0.98379,4094.983856519481,2.442018502,0.0,0.0,0.0001
em,throughput,arxiv-em-throughput_10000,throughput,default_cagra,64,2,4176,0.97013,2229.9712663252435,4.484369495,0.0,0.0,0.0007
em,throughput,arxiv-em-throughput_10000,throughput,default_accumulator,64,2,4176,0.99692,2184.2162503157138,4.578308399,0.0,0.0,0.0001
em,throughput,arxiv-em-throughput_10000,throughput,automatic_legacy,64,2,4176,0.97205,2702.5129526965625,3.700271769,0.0,0.0,0.0005
em,throughput,arxiv-em-throughput_10000,throughput,automatic_accumulator,64,2,4176,0.98382,2661.169968293204,3.757752134,0.0,0.0,0.0001
em,throughput,arxiv-em-throughput_10000,throughput,default_cagra,64,2,7569,0.97013,1889.172265946655,5.293329497,0.0,0.0,0.0006
em,throughput,arxiv-em-throughput_10000,throughput,default_accumulator,64,2,7569,0.99692,1843.926224980092,5.423216986,0.0,0.0,0.0001
em,throughput,arxiv-em-throughput_10000,throughput,automatic_legacy,64,2,7569,0.97205,2242.695746842682,4.458925586,0.0,0.0,0.0005
em,throughput,arxiv-em-throughput_10000,throughput,automatic_accumulator,64,2,7569,0.98382,2225.2444721251572,4.493894843,0.0,0.0,0.0001
em,throughput,arxiv-em-throughput_10000,throughput,default_cagra,64,4,0,0.94876,25954.616639709504,0.385294709,0.0,0.0,0.0372
em,throughput,arxiv-em-throughput_10000,throughput,default_accumulator,64,4,0,0.97079,25618.400586453048,0.390350627,0.0,0.0,0.0051
em,throughput,arxiv-em-throughput_10000,throughput,automatic_legacy,64,4,0,0.95828,27586.500492529012,0.362503111,0.0,0.0,0.0262
em,throughput,arxiv-em-throughput_10000,throughput,automatic_accumulator,64,4,0,0.96865,27398.822832605405,0.364985594,0.0,0.0,0.0047
em,throughput,arxiv-em-throughput_10000,throughput,default_cagra,64,4,522,0.97081,4072.7809772753,2.455331513,0.0,0.0,0.0025
em,throughput,arxiv-em-throughput_10000,throughput,default_accumulator,64,4,522,0.99708,4033.741393211284,2.479094973,0.0,0.0,0.0001
em,throughput,arxiv-em-throughput_10000,throughput,automatic_legacy,64,4,522,0.97174,6041.037426928167,1.655351783,0.0,0.0,0.0009
em,throughput,arxiv-em-throughput_10000,throughput,automatic_accumulator,64,4,522,0.98465,6008.080756874018,1.664431505,0.0,0.0,0.0002
em,throughput,arxiv-em-throughput_10000,throughput,default_cagra,64,4,1044,0.97088,3175.434872410873,3.149181838,0.0,0.0,0.0009
em,throughput,arxiv-em-throughput_10000,throughput,default_accumulator,64,4,1044,0.99718,3147.9532162793994,3.176673503,0.0,0.0,0.0001
em,throughput,arxiv-em-throughput_10000,throughput,automatic_legacy,64,4,1044,0.97183,4348.711433544944,2.299538366,0.0,0.0,0.0006
em,throughput,arxiv-em-throughput_10000,throughput,automatic_accumulator,64,4,1044,0.98475,4331.404489615974,2.308726815,0.0,0.0,0.0001
em,throughput,arxiv-em-throughput_10000,throughput,default_cagra,64,4,2088,0.97093,2384.2017646934005,4.194282456,0.0,0.0,0.0006
em,throughput,arxiv-em-throughput_10000,throughput,default_accumulator,64,4,2088,0.99723,2346.8738102353736,4.260993589,0.0,0.0,0.0001
em,throughput,arxiv-em-throughput_10000,throughput,automatic_legacy,64,4,2088,0.97183,2936.215227171511,3.405751871,0.0,0.0,0.0005
em,throughput,arxiv-em-throughput_10000,throughput,automatic_accumulator,64,4,2088,0.98475,2915.6867633881093,3.429730042,0.0,0.0,0.0001
em,throughput,arxiv-em-throughput_10000,throughput,default_cagra,128,1,0,0.97358,14597.108031204,0.685073258,0.0,0.0,0.0303
em,throughput,arxiv-em-throughput_10000,throughput,default_accumulator,128,1,0,0.98552,14427.845860230675,0.693110913,0.0,0.0,0.0032
em,throughput,arxiv-em-throughput_10000,throughput,automatic_legacy,128,1,0,0.98032,14467.412043013579,0.691214689,0.0,0.0,0.0224
em,throughput,arxiv-em-throughput_10000,throughput,automatic_accumulator,128,1,0,0.98553,14422.728912406294,0.693357945,0.0,0.0,0.003
em,throughput,arxiv-em-throughput_10000,throughput,default_cagra,128,1,522,0.98436,3923.9206578098,2.548477451,0.0,0.0,0.011
em,throughput,arxiv-em-throughput_10000,throughput,default_accumulator,128,1,522,0.99789,3885.393151883887,2.57374881,0.0,0.0,0.0007
em,throughput,arxiv-em-throughput_10000,throughput,automatic_legacy,128,1,522,0.98649,10063.595310540179,0.993696984,0.0,0.0,0.0056
em,throughput,arxiv-em-throughput_10000,throughput,automatic_accumulator,128,1,522,0.992,9951.0345314524,1.004926928,0.0,0.0,0.0006
em,throughput,arxiv-em-throughput_10000,throughput,default_cagra,128,1,1044,0.98506,3077.4254434242375,3.249476593,0.0,0.0,0.0036
em,throughput,arxiv-em-throughput_10000,throughput,default_accumulator,128,1,1044,0.99883,3047.3236701295928,3.281574931,0.0,0.0,0.0006
em,throughput,arxiv-em-throughput_10000,throughput,automatic_legacy,128,1,1044,0.98732,7372.926442302704,1.356320564,0.0,0.0,0.0038
em,throughput,arxiv-em-throughput_10000,throughput,automatic_accumulator,128,1,1044,0.99292,7295.93744320883,1.370632253,0.0,0.0,0.0005
em,throughput,arxiv-em-throughput_10000,throughput,default_cagra,128,1,2088,0.98522,2567.2457385104544,3.895231562,0.0,0.0,0.0027
em,throughput,arxiv-em-throughput_10000,throughput,default_accumulator,128,1,2088,0.9992,2534.910706599588,3.944918829,0.0,0.0,0.0001
em,throughput,arxiv-em-throughput_10000,throughput,automatic_legacy,128,1,2088,0.98759,4995.316618436472,2.001881379,0.0,0.0,0.0032
em,throughput,arxiv-em-throughput_10000,throughput,automatic_accumulator,128,1,2088,0.99323,4932.7892517933415,2.027257456,0.0,0.0,0.0003
em,throughput,arxiv-em-throughput_10000,throughput,default_cagra,128,1,4176,0.98528,2057.4409427141914,4.860413761,0.0,0.0,0.0007
em,throughput,arxiv-em-throughput_10000,throughput,default_accumulator,128,1,4176,0.99928,2017.7376475597753,4.956052433,0.0,0.0,0.0001
em,throughput,arxiv-em-throughput_10000,throughput,automatic_legacy,128,1,4176,0.98772,3249.8457229159344,3.077075724,0.0,0.0,0.0029
em,throughput,arxiv-em-throughput_10000,throughput,automatic_accumulator,128,1,4176,0.99336,3205.550160326755,3.11959644,0.0,0.0,0.0001
em,throughput,arxiv-em-throughput_10000,throughput,default_cagra,128,1,7569,0.98529,1600.6129274462105,6.247613452,0.0,0.0,0.0006
em,throughput,arxiv-em-throughput_10000,throughput,default_accumulator,128,1,7569,0.99929,1558.2081241324545,6.417635316,0.0,0.0,0.0001
em,throughput,arxiv-em-throughput_10000,throughput,automatic_legacy,128,1,7569,0.98775,2305.3384712847464,4.337765343,0.0,0.0,0.0028
em,throughput,arxiv-em-throughput_10000,throughput,automatic_accumulator,128,1,7569,0.99339,2268.1601353766655,4.408935965,0.0,0.0,0.0001
em,throughput,arxiv-em-throughput_10000,throughput,default_cagra,128,2,0,0.97408,14430.355740235136,0.692989995,0.0,0.0,0.0287
em,throughput,arxiv-em-throughput_10000,throughput,default_accumulator,128,2,0,0.98598,14342.833164020516,0.69721826,0.0,0.0,0.0032
em,throughput,arxiv-em-throughput_10000,throughput,automatic_legacy,128,2,0,0.98012,14631.38440009474,0.683469057,0.0,0.0,0.021
em,throughput,arxiv-em-throughput_10000,throughput,automatic_accumulator,128,2,0,0.98579,14576.24334538747,0.686054959,0.0,0.0,0.0029
em,throughput,arxiv-em-throughput_10000,throughput,default_cagra,128,2,522,0.98517,3113.2024599366055,3.212133643,0.0,0.0,0.0039
em,throughput,arxiv-em-throughput_10000,throughput,default_accumulator,128,2,522,0.99885,3086.235180028442,3.240200143,0.0,0.0,0.0006
em,throughput,arxiv-em-throughput_10000,throughput,automatic_legacy,128,2,522,0.98668,7922.9046299497695,1.262171055,0.0,0.0,0.0036
em,throughput,arxiv-em-throughput_10000,throughput,automatic_accumulator,128,2,522,0.99304,7887.987697175547,1.267757511,0.0,0.0,0.0006
em,throughput,arxiv-em-throughput_10000,throughput,default_cagra,128,2,1044,0.98533,2634.9687618714725,3.795117673,0.0,0.0,0.0026
em,throughput,arxiv-em-throughput_10000,throughput,default_accumulator,128,2,1044,0.99922,2610.040739392491,3.831364885,0.0,0.0,0.0001
em,throughput,arxiv-em-throughput_10000,throughput,automatic_legacy,128,2,1044,0.98689,5532.755359660188,1.807424855,0.0,0.0,0.0025
em,throughput,arxiv-em-throughput_10000,throughput,automatic_accumulator,128,2,1044,0.99336,5501.828809548212,1.817585289,0.0,0.0,0.0003
em,throughput,arxiv-em-throughput_10000,throughput,default_cagra,128,2,2088,0.98539,2163.686328307116,4.621748388,0.0,0.0,0.0009
em,throughput,arxiv-em-throughput_10000,throughput,default_accumulator,128,2,2088,0.99931,2135.5585876610653,4.682622355,0.0,0.0,0.0001
em,throughput,arxiv-em-throughput_10000,throughput,automatic_legacy,128,2,2088,0.987,3698.300679547042,2.703950949,0.0,0.0,0.0024
em,throughput,arxiv-em-throughput_10000,throughput,automatic_accumulator,128,2,2088,0.99347,3672.6516947950718,2.722836019,0.0,0.0,0.0001
em,throughput,arxiv-em-throughput_10000,throughput,default_cagra,128,2,4176,0.98539,1663.9657479713442,6.009744866,0.0,0.0,0.0006
em,throughput,arxiv-em-throughput_10000,throughput,default_accumulator,128,2,4176,0.99932,1632.27767892995,6.12641515,0.0,0.0,0.0001
em,throughput,arxiv-em-throughput_10000,throughput,automatic_legacy,128,2,4176,0.98701,2503.552018949002,3.994331826,0.0,0.0,0.0021
em,throughput,arxiv-em-throughput_10000,throughput,automatic_accumulator,128,2,4176,0.99348,2475.31863073101,4.039901786,0.0,0.0,0.0001
em,throughput,arxiv-em-throughput_10000,throughput,default_cagra,128,2,7569,0.98539,1433.4429370891755,6.976216979,0.0,0.0,0.0006
em,throughput,arxiv-em-throughput_10000,throughput,default_accumulator,128,2,7569,0.99932,1405.3397459870691,7.115723409,0.0,0.0,0.0001
em,throughput,arxiv-em-throughput_10000,throughput,automatic_legacy,128,2,7569,0.98701,1983.5274963934075,5.041530274,0.0,0.0,0.0021
em,throughput,arxiv-em-throughput_10000,throughput,automatic_accumulator,128,2,7569,0.99348,1954.067841168338,5.117535824,0.0,0.0,0.0001
em,throughput,arxiv-em-throughput_10000,throughput,default_cagra,128,4,0,0.97515,13923.828667711277,0.718200108,0.0,0.0,0.0252
em,throughput,arxiv-em-throughput_10000,throughput,default_accumulator,128,4,0,0.9872,13832.135980725308,0.722960665,0.0,0.0,0.0026
em,throughput,arxiv-em-throughput_10000,throughput,automatic_legacy,128,4,0,0.97993,14635.791183099169,0.683263327,0.0,0.0,0.0185
em,throughput,arxiv-em-throughput_10000,throughput,automatic_accumulator,128,4,0,0.98633,14585.804822023156,0.685605039,0.0,0.0,0.0025
em,throughput,arxiv-em-throughput_10000,throughput,default_cagra,128,4,522,0.98534,2661.5362971093077,3.757234976,0.0,0.0,0.0026
em,throughput,arxiv-em-throughput_10000,throughput,default_accumulator,128,4,522,0.99923,2639.149732443329,3.789104925,0.0,0.0,0.0001
em,throughput,arxiv-em-throughput_10000,throughput,automatic_legacy,128,4,522,0.98619,5838.099405913946,1.712892659,0.0,0.0,0.0018
em,throughput,arxiv-em-throughput_10000,throughput,automatic_accumulator,128,4,522,0.99352,5855.002228175361,1.707948188,0.0,0.0,0.0003
em,throughput,arxiv-em-throughput_10000,throughput,default_cagra,128,4,1044,0.98539,2219.003683123813,4.506533361,0.0,0.0,0.0007
em,throughput,arxiv-em-throughput_10000,throughput,default_accumulator,128,4,1044,0.99933,2195.600855088978,4.554568665,0.0,0.0,0.0001
em,throughput,arxiv-em-throughput_10000,throughput,automatic_legacy,128,4,1044,0.98623,4015.5620811591034,2.490318315,0.0,0.0,0.0015
em,throughput,arxiv-em-throughput_10000,throughput,automatic_accumulator,128,4,1044,0.9936,4004.6932634186355,2.497075951,0.0,0.0,0.0001
em,throughput,arxiv-em-throughput_10000,throughput,default_cagra,128,4,2088,0.98542,1759.658355770285,5.682927277,0.0,0.0,0.0006
em,throughput,arxiv-em-throughput_10000,throughput,default_accumulator,128,4,2088,0.99936,1741.1486419618461,5.743342198,0.0,0.0,0.0001
em,throughput,arxiv-em-throughput_10000,throughput,automatic_legacy,128,4,2088,0.98627,2761.044045443253,3.621825362,0.0,0.0,0.0014
em,throughput,arxiv-em-throughput_10000,throughput,automatic_accumulator,128,4,2088,0.99364,2743.5298721881913,3.644945843,0.0,0.0,0.0001
em,throughput,arxiv-em-throughput_10000,throughput,default_cagra,256,1,0,0.98873,7373.6304231824815,1.35619049,0.0,0.0,0.0138
em,throughput,arxiv-em-throughput_10000,throughput,default_accumulator,256,1,0,0.99431,7307.457695312468,1.368470837,0.0,0.0,0.002
em,throughput,arxiv-em-throughput_10000,throughput,automatic_legacy,256,1,0,0.98903,7289.196228198748,1.371900343,0.0,0.0,0.0202
em,throughput,arxiv-em-throughput_10000,throughput,automatic_accumulator,256,1,0,0.99439,7268.6444566248865,1.375779408,0.0,0.0,0.0019
em,throughput,arxiv-em-throughput_10000,throughput,default_cagra,256,1,522,0.99217,3360.8761220657416,2.975421687,0.0,0.0,0.0094
em,throughput,arxiv-em-throughput_10000,throughput,default_accumulator,256,1,522,0.99811,3334.1848430132754,2.999240259,0.0,0.0,0.001
em,throughput,arxiv-em-throughput_10000,throughput,automatic_legacy,256,1,522,0.99068,6669.718409662551,1.49932047,0.0,0.0,0.0156
em,throughput,arxiv-em-throughput_10000,throughput,automatic_accumulator,256,1,522,0.99613,6631.890474347219,1.507872279,0.0,0.0,0.0009
em,throughput,arxiv-em-throughput_10000,throughput,default_cagra,256,1,1044,0.99306,2063.338652855124,4.846520631,0.0,0.0,0.0036
em,throughput,arxiv-em-throughput_10000,throughput,default_accumulator,256,1,1044,0.99931,2046.1399019215014,4.887259077,0.0,0.0,0.0006
em,throughput,arxiv-em-throughput_10000,throughput,automatic_legacy,256,1,1044,0.99144,5421.529835182712,1.844505411,0.0,0.0,0.0132
em,throughput,arxiv-em-throughput_10000,throughput,automatic_accumulator,256,1,1044,0.99696,5374.959430016753,1.86048532,0.0,0.0,0.0006
em,throughput,arxiv-em-throughput_10000,throughput,default_cagra,256,1,2088,0.99329,1640.502791282848,6.095698902,0.0,0.0,0.0023
em,throughput,arxiv-em-throughput_10000,throughput,default_accumulator,256,1,2088,0.99969,1619.7966007312857,6.173621225,0.0,0.0,0.0003
em,throughput,arxiv-em-throughput_10000,throughput,automatic_legacy,256,1,2088,0.99181,3989.5492480867943,2.506555312,0.0,0.0,0.0123
em,throughput,arxiv-em-throughput_10000,throughput,automatic_accumulator,256,1,2088,0.99735,3955.669242021369,2.528023959,0.0,0.0,0.0002
em,throughput,arxiv-em-throughput_10000,throughput,default_cagra,256,1,4176,0.99332,1374.984822744636,7.272813615,0.0,0.0,0.0007
em,throughput,arxiv-em-throughput_10000,throughput,default_accumulator,256,1,4176,0.99982,1354.9303183092088,7.380459882,0.0,0.0,0.0001
em,throughput,arxiv-em-throughput_10000,throughput,automatic_legacy,256,1,4176,0.9919,2692.9124832699513,3.713458795,0.0,0.0,0.012
em,throughput,arxiv-em-throughput_10000,throughput,automatic_accumulator,256,1,4176,0.99744,2648.1072502340626,3.776288909,0.0,0.0,0.0001
em,throughput,arxiv-em-throughput_10000,throughput,default_cagra,256,1,7569,0.99334,1142.8644279320868,8.749957271,0.0,0.0,0.0006
em,throughput,arxiv-em-throughput_10000,throughput,default_accumulator,256,1,7569,0.99984,1120.66708516933,8.92326275,0.0,0.0,0.0001
em,throughput,arxiv-em-throughput_10000,throughput,automatic_legacy,256,1,7569,0.99193,1835.4417999464283,5.448287348,0.0,0.0,0.0119
em,throughput,arxiv-em-throughput_10000,throughput,automatic_accumulator,256,1,7569,0.99747,1806.0787019289317,5.53686416,0.0,0.0,0.0001
em,throughput,arxiv-em-throughput_10000,throughput,default_cagra,256,2,0,0.9888,7403.888766842869,1.350647338,0.0,0.0,0.0134
em,throughput,arxiv-em-throughput_10000,throughput,default_accumulator,256,2,0,0.99441,7354.857847026402,1.359659295,0.0,0.0,0.002
em,throughput,arxiv-em-throughput_10000,throughput,automatic_legacy,256,2,0,0.98888,7415.906646158629,1.348459548,0.0,0.0,0.0194
em,throughput,arxiv-em-throughput_10000,throughput,automatic_accumulator,256,2,0,0.99447,7402.772010905138,1.350851589,0.0,0.0,0.0019
em,throughput,arxiv-em-throughput_10000,throughput,default_cagra,256,2,522,0.99306,2077.713925742825,4.812993775,0.0,0.0,0.0036
em,throughput,arxiv-em-throughput_10000,throughput,default_accumulator,256,2,522,0.99932,2063.389633095259,4.846401006,0.0,0.0,0.0006
em,throughput,arxiv-em-throughput_10000,throughput,automatic_legacy,256,2,522,0.99119,5758.497082363164,1.736570955,0.0,0.0,0.0127
em,throughput,arxiv-em-throughput_10000,throughput,automatic_accumulator,256,2,522,0.99704,5722.046925448823,1.74763342,0.0,0.0,0.0006
em,throughput,arxiv-em-throughput_10000,throughput,default_cagra,256,2,1044,0.99326,1667.3624703649089,5.997503341,0.0,0.0,0.0023
em,throughput,arxiv-em-throughput_10000,throughput,default_accumulator,256,2,1044,0.99968,1654.9594928676543,6.042449899,0.0,0.0,0.0003
em,throughput,arxiv-em-throughput_10000,throughput,automatic_legacy,256,2,1044,0.99143,4397.528485386498,2.274011224,0.0,0.0,0.0116
em,throughput,arxiv-em-throughput_10000,throughput,automatic_accumulator,256,2,1044,0.99732,4378.391629405406,2.283951076,0.0,0.0,0.0001
em,throughput,arxiv-em-throughput_10000,throughput,default_cagra,256,2,2088,0.99334,1424.1674197107075,7.021657663,0.0,0.0,0.0007
em,throughput,arxiv-em-throughput_10000,throughput,default_accumulator,256,2,2088,0.99983,1411.2958466373839,7.085693116,0.0,0.0,0.0001
em,throughput,arxiv-em-throughput_10000,throughput,automatic_legacy,256,2,2088,0.99158,3089.8948051848165,3.236363133,0.0,0.0,0.0113
em,throughput,arxiv-em-throughput_10000,throughput,automatic_accumulator,256,2,2088,0.99748,3071.6719242909276,3.255562377,0.0,0.0,0.0001
em,throughput,arxiv-em-throughput_10000,throughput,default_cagra,256,2,4176,0.99337,1179.3787476649961,8.479047291,0.0,0.0,0.0006
em,throughput,arxiv-em-throughput_10000,throughput,default_accumulator,256,2,4176,0.99986,1164.8628985616062,8.584712277,0.0,0.0,0.0001
em,throughput,arxiv-em-throughput_10000,throughput,automatic_legacy,256,2,4176,0.99161,2019.0597055625217,4.952807031,0.0,0.0,0.0111
em,throughput,arxiv-em-throughput_10000,throughput,automatic_accumulator,256,2,4176,0.99751,2001.0840440580055,4.997298223,0.0,0.0,0.0001
em,throughput,arxiv-em-throughput_10000,throughput,default_cagra,256,2,7569,0.99338,1021.1480266905126,9.792906159,0.0,0.0,0.0006
em,throughput,arxiv-em-throughput_10000,throughput,default_accumulator,256,2,7569,0.99987,999.9707829536509,10.000304908,0.0,0.0,0.0001
em,throughput,arxiv-em-throughput_10000,throughput,automatic_legacy,256,2,7569,0.99161,1591.2385580108526,6.284419402,0.0,0.0,0.011
em,throughput,arxiv-em-throughput_10000,throughput,automatic_accumulator,256,2,7569,0.99751,1576.35069975946,6.343772784,0.0,0.0,0.0001
em,throughput,arxiv-em-throughput_10000,throughput,default_cagra,256,4,0,0.9892,7352.906104166618,1.360013168,0.0,0.0,0.0129
em,throughput,arxiv-em-throughput_10000,throughput,default_accumulator,256,4,0,0.99476,7299.809406386123,1.369904704,0.0,0.0,0.0019
em,throughput,arxiv-em-throughput_10000,throughput,automatic_legacy,256,4,0,0.98893,7519.432808583855,1.329894237,0.0,0.0,0.018
em,throughput,arxiv-em-throughput_10000,throughput,automatic_accumulator,256,4,0,0.99472,7508.702484831658,1.331796054,0.0,0.0,0.0017
em,throughput,arxiv-em-throughput_10000,throughput,default_cagra,256,4,522,0.99336,1681.4598460496586,5.947219646,0.0,0.0,0.0022
em,throughput,arxiv-em-throughput_10000,throughput,default_accumulator,256,4,522,0.99971,1668.6711052703774,5.992799827,0.0,0.0,0.0003
em,throughput,arxiv-em-throughput_10000,throughput,automatic_legacy,256,4,522,0.99125,4720.125737729062,2.118593923,0.0,0.0,0.0103
em,throughput,arxiv-em-throughput_10000,throughput,automatic_accumulator,256,4,522,0.99749,4697.456166595838,2.128819183,0.0,0.0,0.0002
em,throughput,arxiv-em-throughput_10000,throughput,default_cagra,256,4,1044,0.9934,1448.6098978055704,6.903177533,0.0,0.0,0.0008
em,throughput,arxiv-em-throughput_10000,throughput,default_accumulator,256,4,1044,0.99983,1441.4003893189347,6.937704453,0.0,0.0,0.0001
em,throughput,arxiv-em-throughput_10000,throughput,automatic_legacy,256,4,1044,0.99128,3400.262721980063,2.940956548,0.0,0.0,0.0101
em,throughput,arxiv-em-throughput_10000,throughput,automatic_accumulator,256,4,1044,0.99756,3380.048486597577,2.95854368,0.0,0.0,0.0001
em,throughput,arxiv-em-throughput_10000,throughput,default_cagra,256,4,2088,0.99344,1224.6562816922058,8.165563915,0.0,0.0,0.0006
em,throughput,arxiv-em-throughput_10000,throughput,default_accumulator,256,4,2088,0.99987,1213.4789065981415,8.240775548,0.0,0.0,0.0001
em,throughput,arxiv-em-throughput_10000,throughput,automatic_legacy,256,4,2088,0.99132,2284.5042368193363,4.377332643,0.0,0.0,0.01
em,throughput,arxiv-em-throughput_10000,throughput,automatic_accumulator,256,4,2088,0.9976,2266.114028892736,4.412847535,0.0,0.0,0.0001
em,throughput,arxiv-em-throughput_10000,throughput,default_cagra,512,1,0,0.99518,3783.5485595477558,2.643027852,0.0,0.0,0.0065
em,throughput,arxiv-em-throughput_10000,throughput,default_accumulator,512,1,0,0.99774,3738.725786865969,2.674714548,0.0,0.0,0.0011
em,throughput,arxiv-em-throughput_10000,throughput,automatic_legacy,512,1,0,0.99637,3775.8357697045467,2.648427327,0.0,0.0,0.0048
em,throughput,arxiv-em-throughput_10000,throughput,automatic_accumulator,512,1,0,0.99782,3766.4354592957807,2.655036004,0.0,0.0,0.0012
em,throughput,arxiv-em-throughput_10000,throughput,default_cagra,512,1,522,0.99519,3749.972697380431,2.66669262,0.0,0.0,0.0064
em,throughput,arxiv-em-throughput_10000,throughput,default_accumulator,512,1,522,0.99775,3709.93994237147,2.695468544,0.0,0.0,0.0011
em,throughput,arxiv-em-throughput_10000,throughput,automatic_legacy,512,1,522,0.99636,3777.5346716738627,2.647236756,0.0,0.0,0.0048
em,throughput,arxiv-em-throughput_10000,throughput,automatic_accumulator,512,1,522,0.99782,3767.833386198898,2.654052457,0.0,0.0,0.0011
em,throughput,arxiv-em-throughput_10000,throughput,default_cagra,512,1,1044,0.9964,1746.3974786697659,5.726079331,0.0,0.0,0.0032
em,throughput,arxiv-em-throughput_10000,throughput,default_accumulator,512,1,1044,0.99918,1730.7284800356517,5.777920341,0.0,0.0,0.0006
em,throughput,arxiv-em-throughput_10000,throughput,automatic_legacy,512,1,1044,0.99729,3475.565849317835,2.877241687,0.0,0.0,0.0028
em,throughput,arxiv-em-throughput_10000,throughput,automatic_accumulator,512,1,1044,0.9988,3460.2664753033696,2.889958304,0.0,0.0,0.0006
em,throughput,arxiv-em-throughput_10000,throughput,default_cagra,512,1,2088,0.99678,1106.2854879130687,9.03926443,0.0,0.0,0.0023
em,throughput,arxiv-em-throughput_10000,throughput,default_accumulator,512,1,2088,0.99975,1096.3269332611028,9.121373096,0.0,0.0,0.0004
em,throughput,arxiv-em-throughput_10000,throughput,automatic_legacy,512,1,2088,0.99761,2842.0039479011443,3.518650786,0.0,0.0,0.0011
em,throughput,arxiv-em-throughput_10000,throughput,automatic_accumulator,512,1,2088,0.99918,2822.222865479328,3.54331322,0.0,0.0,0.0003
em,throughput,arxiv-em-throughput_10000,throughput,default_cagra,512,1,4176,0.99688,888.181766331219,11.258963657,0.0,0.0,0.0006
em,throughput,arxiv-em-throughput_10000,throughput,default_accumulator,512,1,4176,0.99994,878.2385793348062,11.386436906,0.0,0.0,0.0001
em,throughput,arxiv-em-throughput_10000,throughput,automatic_legacy,512,1,4176,0.99774,2122.7594868006695,4.710856776,0.0,0.0,0.0008
em,throughput,arxiv-em-throughput_10000,throughput,automatic_accumulator,512,1,4176,0.99933,2103.10655627807,4.754882981,0.0,0.0,0.0001
em,throughput,arxiv-em-throughput_10000,throughput,default_cagra,512,1,7569,0.99691,768.9249291033769,13.005177852,0.0,0.0,0.0006
em,throughput,arxiv-em-throughput_10000,throughput,default_accumulator,512,1,7569,0.99997,757.6769420595422,13.198244069,0.0,0.0,0.0001
em,throughput,arxiv-em-throughput_10000,throughput,automatic_legacy,512,1,7569,0.99776,1547.2832003336032,6.462957137,0.0,0.0,0.0007
em,throughput,arxiv-em-throughput_10000,throughput,automatic_accumulator,512,1,7569,0.99935,1523.4983387399946,6.563847155,0.0,0.0,0.0001
em,throughput,arxiv-em-throughput_10000,throughput,default_cagra,512,2,0,0.99516,3784.3945617487784,2.642436864,0.0,0.0,0.0063
em,throughput,arxiv-em-throughput_10000,throughput,default_accumulator,512,2,0,0.99774,3754.4458246739036,2.663516061,0.0,0.0,0.0011
em,throughput,arxiv-em-throughput_10000,throughput,automatic_legacy,512,2,0,0.99634,3806.944318320999,2.626786061,0.0,0.0,0.0049
em,throughput,arxiv-em-throughput_10000,throughput,automatic_accumulator,512,2,0,0.99785,3801.6837484747707,2.630419935,0.0,0.0,0.0012
em,throughput,arxiv-em-throughput_10000,throughput,default_cagra,512,2,522,0.99639,1754.7036028973941,5.698974746,0.0,0.0,0.0032
em,throughput,arxiv-em-throughput_10000,throughput,default_accumulator,512,2,522,0.99918,1743.6230408696915,5.735195977,0.0,0.0,0.0006
em,throughput,arxiv-em-throughput_10000,throughput,automatic_legacy,512,2,522,0.99719,3559.511793769143,2.809381172,0.0,0.0,0.0026
em,throughput,arxiv-em-throughput_10000,throughput,automatic_accumulator,512,2,522,0.99874,3555.6666213068643,2.812419506,0.0,0.0,0.0006
em,throughput,arxiv-em-throughput_10000,throughput,default_cagra,512,2,1044,0.99676,1110.448013372649,9.005380813,0.0,0.0,0.0022
em,throughput,arxiv-em-throughput_10000,throughput,default_accumulator,512,2,1044,0.99974,1103.1289414261234,9.065129831,0.0,0.0,0.0004
em,throughput,arxiv-em-throughput_10000,throughput,automatic_legacy,512,2,1044,0.99757,3019.939347958468,3.311331162,0.0,0.0,0.0012
em,throughput,arxiv-em-throughput_10000,throughput,automatic_accumulator,512,2,1044,0.99916,3006.131220163589,3.326540992,0.0,0.0,0.0003
em,throughput,arxiv-em-throughput_10000,throughput,default_cagra,512,2,2088,0.99687,901.5402407519274,11.092135776,0.0,0.0,0.0006
em,throughput,arxiv-em-throughput_10000,throughput,default_accumulator,512,2,2088,0.99994,894.1735856076576,11.183517702,0.0,0.0,0.0001
em,throughput,arxiv-em-throughput_10000,throughput,automatic_legacy,512,2,2088,0.99771,2353.725211753852,4.248591259,0.0,0.0,0.001
em,throughput,arxiv-em-throughput_10000,throughput,automatic_accumulator,512,2,2088,0.99931,2341.181511531098,4.271353518,0.0,0.0,0.0001
em,throughput,arxiv-em-throughput_10000,throughput,default_cagra,512,2,4176,0.9969,775.7624031849826,12.890551143,0.0,0.0,0.0006
em,throughput,arxiv-em-throughput_10000,throughput,default_accumulator,512,2,4176,0.99997,767.0657373978688,13.036698315,0.0,0.0,0.0001
em,throughput,arxiv-em-throughput_10000,throughput,automatic_legacy,512,2,4176,0.99775,1672.6134008053361,5.978674898,0.0,0.0,0.0007
em,throughput,arxiv-em-throughput_10000,throughput,automatic_accumulator,512,2,4176,0.99935,1658.4111231834129,6.029874517,0.0,0.0,0.0001
em,throughput,arxiv-em-throughput_10000,throughput,default_cagra,512,2,7569,0.9969,692.5011529989334,14.440415808,0.0,0.0,0.0006
em,throughput,arxiv-em-throughput_10000,throughput,default_accumulator,512,2,7569,0.99997,683.219851457918,14.636583651,0.0,0.0,0.0001
em,throughput,arxiv-em-throughput_10000,throughput,automatic_legacy,512,2,7569,0.99775,1280.4334607765147,7.809862706,0.0,0.0,0.0007
em,throughput,arxiv-em-throughput_10000,throughput,automatic_accumulator,512,2,7569,0.99935,1263.8651153406768,7.912242991,0.0,0.0,0.0001
em,throughput,arxiv-em-throughput_10000,throughput,default_cagra,512,4,0,0.99522,3826.620023864222,2.613278841,0.0,0.0,0.006
em,throughput,arxiv-em-throughput_10000,throughput,default_accumulator,512,4,0,0.99777,3800.7220395062236,2.631102005,0.0,0.0,0.0011
em,throughput,arxiv-em-throughput_10000,throughput,automatic_legacy,512,4,0,0.99631,3888.996884613724,2.571363849,0.0,0.0,0.0046
em,throughput,arxiv-em-throughput_10000,throughput,automatic_accumulator,512,4,0,0.99786,3887.7225358450714,2.57220768,0.0,0.0,0.0011
em,throughput,arxiv-em-throughput_10000,throughput,default_cagra,512,4,522,0.99677,1127.146722704456,8.871966009,0.0,0.0,0.0023
em,throughput,arxiv-em-throughput_10000,throughput,default_accumulator,512,4,522,0.99973,1120.420438916526,8.925227689,0.0,0.0,0.0004
em,throughput,arxiv-em-throughput_10000,throughput,automatic_legacy,512,4,522,0.99742,3171.153474053752,3.15343411,0.0,0.0,0.0012
em,throughput,arxiv-em-throughput_10000,throughput,automatic_accumulator,512,4,522,0.99919,3163.054992365644,3.161507639,0.0,0.0,0.0003
em,throughput,arxiv-em-throughput_10000,throughput,default_cagra,512,4,1044,0.99688,919.779591803198,10.872176179,0.0,0.0,0.0006
em,throughput,arxiv-em-throughput_10000,throughput,default_accumulator,512,4,1044,0.99993,913.0599759093046,10.952191463,0.0,0.0,0.0001
em,throughput,arxiv-em-throughput_10000,throughput,automatic_legacy,512,4,1044,0.99754,2534.3513714662,3.945790609,0.0,0.0,0.001
em,throughput,arxiv-em-throughput_10000,throughput,automatic_accumulator,512,4,1044,0.99934,2523.5640582468054,3.962656661,0.0,0.0,0.0001
em,throughput,arxiv-em-throughput_10000,throughput,default_cagra,512,4,2088,0.99691,797.9311242447018,12.532417249,0.0,0.0,0.0006
em,throughput,arxiv-em-throughput_10000,throughput,default_accumulator,512,4,2088,0.99996,791.9905290704355,12.62641994,0.0,0.0,0.0001
em,throughput,arxiv-em-throughput_10000,throughput,automatic_legacy,512,4,2088,0.99756,1857.207535564574,5.384435624,0.0,0.0,0.0008
em,throughput,arxiv-em-throughput_10000,throughput,automatic_accumulator,512,4,2088,0.99936,1846.3002154964106,5.416244727,0.0,0.0,0.0001
emis,throughput,arxiv-emis-throughput_10000,throughput,default_cagra,64,1,0,0.38886,28605.209607662866,0.349592946,0.0,0.0,0.6772
emis,throughput,arxiv-emis-throughput_10000,throughput,default_accumulator,64,1,0,0.54956,28238.84293667225,0.354128874,0.0,0.0,0.1865
emis,throughput,arxiv-emis-throughput_10000,throughput,automatic_legacy,64,1,0,0.38558,27330.749061372877,0.365895712,0.0,0.0,0.704
emis,throughput,arxiv-emis-throughput_10000,throughput,automatic_accumulator,64,1,0,0.55716,27254.274122313986,0.366921488,0.0,0.0,0.1785
emis,throughput,arxiv-emis-throughput_10000,throughput,default_cagra,64,1,522,0.53825,3311.5409335156023,3.019747871,0.0,0.0,0.3996
emis,throughput,arxiv-emis-throughput_10000,throughput,default_accumulator,64,1,522,0.83499,3284.000147186041,3.04507279,0.0,0.0,0.0511
emis,throughput,arxiv-emis-throughput_10000,throughput,automatic_legacy,64,1,522,0.53271,3959.732894899952,2.525429491,0.0,0.0,0.4965
emis,throughput,arxiv-emis-throughput_10000,throughput,automatic_accumulator,64,1,522,0.81225,3959.1649086664897,2.525791799,0.0,0.0,0.0448
emis,throughput,arxiv-emis-throughput_10000,throughput,default_cagra,64,1,1044,0.58866,1754.3186769432898,5.700224951,0.0,0.0,0.2761
emis,throughput,arxiv-emis-throughput_10000,throughput,default_accumulator,64,1,1044,0.91143,1744.5722364832268,5.7320904,0.0,0.0,0.0151
emis,throughput,arxiv-emis-throughput_10000,throughput,automatic_legacy,64,1,1044,0.59023,2053.995471572957,4.868565593,0.0,0.0,0.363
emis,throughput,arxiv-emis-throughput_10000,throughput,automatic_accumulator,64,1,1044,0.88612,2052.5798825947204,4.87192465,0.0,0.0,0.0128
emis,throughput,arxiv-emis-throughput_10000,throughput,default_cagra,64,1,2088,0.63377,1052.9719174271434,9.496935949,0.0,0.0,0.1316
emis,throughput,arxiv-emis-throughput_10000,throughput,default_accumulator,64,1,2088,0.96461,1044.5372783772636,9.573623682,0.0,0.0,0.0022
emis,throughput,arxiv-emis-throughput_10000,throughput,automatic_legacy,64,1,2088,0.63967,1187.0902616849369,8.423966242,0.0,0.0,0.2096
emis,throughput,arxiv-emis-throughput_10000,throughput,automatic_accumulator,64,1,2088,0.93843,1183.7221251212447,8.447934847,0.0,0.0,0.0023
emis,throughput,arxiv-emis-throughput_10000,throughput,default_cagra,64,1,4176,0.65862,721.6339458525038,13.857452472,0.0,0.0,0.0119
emis,throughput,arxiv-emis-throughput_10000,throughput,default_accumulator,64,1,4176,0.99062,716.0664900146452,13.965189984,0.0,0.0,0.0007
emis,throughput,arxiv-emis-throughput_10000,throughput,automatic_legacy,64,1,4176,0.65911,827.0979143898068,12.090473116,0.0,0.0,0.1468
emis,throughput,arxiv-emis-throughput_10000,throughput,automatic_accumulator,64,1,4176,0.95826,826.0241564334632,12.106189611,0.0,0.0,0.0005
emis,throughput,arxiv-emis-throughput_10000,throughput,default_cagra,64,1,7569,0.66206,612.1713066100095,16.335303448,0.0,0.0,0.0019
emis,throughput,arxiv-emis-throughput_10000,throughput,default_accumulator,64,1,7569,0.99432,605.8652972670453,16.505325309,0.0,0.0,0.0001
emis,throughput,arxiv-emis-throughput_10000,throughput,automatic_legacy,64,1,7569,0.66107,734.5690961667048,13.613430845,0.0,0.0,0.1441
emis,throughput,arxiv-emis-throughput_10000,throughput,automatic_accumulator,64,1,7569,0.96036,731.3907224148446,13.672591077,0.0,0.0,0.0001
emis,throughput,arxiv-emis-throughput_10000,throughput,default_cagra,64,2,0,0.39359,27769.548503936752,0.360113439,0.0,0.0,0.6623
emis,throughput,arxiv-emis-throughput_10000,throughput,default_accumulator,64,2,0,0.5561,27490.991222539298,0.363760774,0.0,0.0,0.1636
emis,throughput,arxiv-emis-throughput_10000,throughput,automatic_legacy,64,2,0,0.38804,26783.662561696143,0.373367251,0.0,0.0,0.6877
emis,throughput,arxiv-emis-throughput_10000,throughput,automatic_accumulator,64,2,0,0.56296,26712.86396497708,0.374357423,0.0,0.0,0.1547
emis,throughput,arxiv-emis-throughput_10000,throughput,default_cagra,64,2,522,0.58809,1754.1989473001186,5.700613979,0.0,0.0,0.271
emis,throughput,arxiv-emis-throughput_10000,throughput,default_accumulator,64,2,522,0.91007,1741.2475677343114,5.743015487,0.0,0.0,0.0134
emis,throughput,arxiv-emis-throughput_10000,throughput,automatic_legacy,64,2,522,0.58078,2050.884429174314,4.875962888,0.0,0.0,0.3621
emis,throughput,arxiv-emis-throughput_10000,throughput,automatic_accumulator,64,2,522,0.88417,2048.3699490631548,4.881968497,0.0,0.0,0.0122
emis,throughput,arxiv-emis-throughput_10000,throughput,default_cagra,64,2,1044,0.63472,1049.6118702349065,9.527336988,0.0,0.0,0.1303
emis,throughput,arxiv-emis-throughput_10000,throughput,default_accumulator,64,2,1044,0.96498,1042.7437282865224,9.590090359,0.0,0.0,0.0022
emis,throughput,arxiv-emis-throughput_10000,throughput,automatic_legacy,64,2,1044,0.63076,1186.4985312723568,8.428167874,0.0,0.0,0.2077
emis,throughput,arxiv-emis-throughput_10000,throughput,automatic_accumulator,64,2,1044,0.9375,1184.5760335793816,8.441844746,0.0,0.0,0.0024
emis,throughput,arxiv-emis-throughput_10000,throughput,default_cagra,64,2,2088,0.65901,722.086420696762,13.848764969,0.0,0.0,0.0143
emis,throughput,arxiv-emis-throughput_10000,throughput,default_accumulator,64,2,2088,0.99045,717.3883300618747,13.93946312,0.0,0.0,0.0006
emis,throughput,arxiv-emis-throughput_10000,throughput,automatic_legacy,64,2,2088,0.65189,821.3745140525666,12.174720602,0.0,0.0,0.1382
emis,throughput,arxiv-emis-throughput_10000,throughput,automatic_accumulator,64,2,2088,0.95911,819.9821544365469,12.195393828,0.0,0.0,0.0007
emis,throughput,arxiv-emis-throughput_10000,throughput,default_cagra,64,2,4176,0.66288,604.3423549306941,16.546918369,0.0,0.0,0.0018
emis,throughput,arxiv-emis-throughput_10000,throughput,default_accumulator,64,2,4176,0.99469,600.4099792670231,16.655297719,0.0,0.0,0.0001
emis,throughput,arxiv-emis-throughput_10000,throughput,automatic_legacy,64,2,4176,0.65397,717.7427180370601,13.932575826,0.0,0.0,0.1354
emis,throughput,arxiv-emis-throughput_10000,throughput,automatic_accumulator,64,2,4176,0.9614,715.839987431747,13.969609482,0.0,0.0,0.0001
emis,throughput,arxiv-emis-throughput_10000,throughput,default_cagra,64,2,7569,0.66301,582.243009997726,17.174965381,0.0,0.0,0.0017
emis,throughput,arxiv-emis-throughput_10000,throughput,default_accumulator,64,2,7569,0.9949,576.4667703386838,17.347064093,0.0,0.0,0.0
emis,throughput,arxiv-emis-throughput_10000,throughput,automatic_legacy,64,2,7569,0.65408,685.2303835512766,14.593638489,0.0,0.0,0.1349
emis,throughput,arxiv-emis-throughput_10000,throughput,automatic_accumulator,64,2,7569,0.96151,683.9884248738174,14.620152615,0.0,0.0,0.0
emis,throughput,arxiv-emis-throughput_10000,throughput,default_cagra,64,4,0,0.4054,26284.239186936637,0.38046354,0.0,0.0,0.617
emis,throughput,arxiv-emis-throughput_10000,throughput,default_accumulator,64,4,0,0.56574,25931.445799010326,0.385638505,0.0,0.0,0.1077
emis,throughput,arxiv-emis-throughput_10000,throughput,automatic_legacy,64,4,0,0.39417,25732.003117485798,0.388627791,0.0,0.0,0.651
emis,throughput,arxiv-emis-throughput_10000,throughput,automatic_accumulator,64,4,0,0.56957,25679.356558301515,0.389424124,0.0,0.0,0.1007
emis,throughput,arxiv-emis-throughput_10000,throughput,default_cagra,64,4,522,0.63682,1049.2946380949293,9.530218379,0.0,0.0,0.1266
emis,throughput,arxiv-emis-throughput_10000,throughput,default_accumulator,64,4,522,0.96521,1042.8228396780537,9.589362615,0.0,0.0,0.0023
emis,throughput,arxiv-emis-throughput_10000,throughput,automatic_legacy,64,4,522,0.62071,1185.6558892384687,8.43416339,0.0,0.0,0.1993
emis,throughput,arxiv-emis-throughput_10000,throughput,automatic_accumulator,64,4,522,0.93609,1182.6666096303236,8.45547445,0.0,0.0,0.002
emis,throughput,arxiv-emis-throughput_10000,throughput,default_cagra,64,4,1044,0.66097,718.4218082665656,13.919405712,0.0,0.0,0.0126
emis,throughput,arxiv-emis-throughput_10000,throughput,default_accumulator,64,4,1044,0.9907,713.6646404445664,14.012195053,0.0,0.0,0.0006
emis,throughput,arxiv-emis-throughput_10000,throughput,automatic_legacy,64,4,1044,0.64291,809.019814792722,12.360643241,0.0,0.0,0.1213
emis,throughput,arxiv-emis-throughput_10000,throughput,automatic_accumulator,64,4,1044,0.9589,807.6794263891038,12.381161142,0.0,0.0,0.0006
emis,throughput,arxiv-emis-throughput_10000,throughput,default_cagra,64,4,2088,0.66458,600.0259608911272,16.665951598,0.0,0.0,0.0017
emis,throughput,arxiv-emis-throughput_10000,throughput,default_accumulator,64,4,2088,0.99467,596.7857693643891,16.756501725,0.0,0.0,0.0001
emis,throughput,arxiv-emis-throughput_10000,throughput,automatic_legacy,64,4,2088,0.6453,701.6650571590343,14.25182092,0.0,0.0,0.1186
emis,throughput,arxiv-emis-throughput_10000,throughput,automatic_accumulator,64,4,2088,0.96158,699.7363698935616,14.291108478,0.0,0.0,0.0001
emis,throughput,arxiv-emis-throughput_10000,throughput,default_cagra,128,1,0,0.48972,14607.482740342184,0.68458588,0.0,0.0,0.5834
emis,throughput,arxiv-emis-throughput_10000,throughput,default_accumulator,128,1,0,0.62936,14387.119741142807,0.695071691,0.0,0.0,0.1022
emis,throughput,arxiv-emis-throughput_10000,throughput,automatic_legacy,128,1,0,0.44757,14259.552956063175,0.701290527,0.0,0.0,0.6457
emis,throughput,arxiv-emis-throughput_10000,throughput,automatic_accumulator,128,1,0,0.63358,14240.171815678592,0.70224564,0.0,0.0,0.0983
emis,throughput,arxiv-emis-throughput_10000,throughput,default_cagra,128,1,522,0.59905,3529.7754125525075,2.83304917,0.0,0.0,0.3993
emis,throughput,arxiv-emis-throughput_10000,throughput,default_accumulator,128,1,522,0.8252,3496.445975078138,2.860053005,0.0,0.0,0.0394
emis,throughput,arxiv-emis-throughput_10000,throughput,automatic_legacy,128,1,522,0.49493,6500.995644706488,1.538232961,0.0,0.0,0.5859
emis,throughput,arxiv-emis-throughput_10000,throughput,automatic_accumulator,128,1,522,0.7125,6484.62166913079,1.542115538,0.0,0.0,0.0626
emis,throughput,arxiv-emis-throughput_10000,throughput,default_cagra,128,1,1044,0.65105,1739.7263482410265,5.748036464,0.0,0.0,0.28
emis,throughput,arxiv-emis-throughput_10000,throughput,default_accumulator,128,1,1044,0.90704,1728.8239772810116,5.784284761,0.0,0.0,0.014
emis,throughput,arxiv-emis-throughput_10000,throughput,automatic_legacy,128,1,1044,0.52243,3798.2908714337277,2.632769522,0.0,0.0,0.5418
emis,throughput,arxiv-emis-throughput_10000,throughput,automatic_accumulator,128,1,1044,0.75315,3794.115825660286,2.635666703,0.0,0.0,0.0464
emis,throughput,arxiv-emis-throughput_10000,throughput,default_cagra,128,1,2088,0.69931,967.385834703954,10.337142727,0.0,0.0,0.1344
emis,throughput,arxiv-emis-throughput_10000,throughput,default_accumulator,128,1,2088,0.96464,961.3279661167061,10.402283857,0.0,0.0,0.0023
emis,throughput,arxiv-emis-throughput_10000,throughput,automatic_legacy,128,1,2088,0.55196,2219.474916712448,4.505576555,0.0,0.0,0.473
emis,throughput,arxiv-emis-throughput_10000,throughput,automatic_accumulator,128,1,2088,0.7866,2214.6109292685214,4.515477582,0.0,0.0,0.0365
emis,throughput,arxiv-emis-throughput_10000,throughput,default_cagra,128,1,4176,0.72605,614.8440813213225,16.264291767,0.0,0.0,0.0138
emis,throughput,arxiv-emis-throughput_10000,throughput,default_accumulator,128,1,4176,0.99267,609.1367555733824,16.416686846,0.0,0.0,0.0007
emis,throughput,arxiv-emis-throughput_10000,throughput,automatic_legacy,128,1,4176,0.56872,1400.347063808429,7.141093207,0.0,0.0,0.4127
emis,throughput,arxiv-emis-throughput_10000,throughput,automatic_accumulator,128,1,4176,0.80378,1395.0287333324789,7.168317151,0.0,0.0,0.0349
emis,throughput,arxiv-emis-throughput_10000,throughput,default_cagra,128,1,7569,0.73093,483.90111684980207,20.665390902,0.0,0.0,0.0018
emis,throughput,arxiv-emis-throughput_10000,throughput,default_accumulator,128,1,7569,0.99796,479.5298521839132,20.85376516,0.0,0.0,0.0001
emis,throughput,arxiv-emis-throughput_10000,throughput,automatic_legacy,128,1,7569,0.57162,1056.8687931094619,9.461918995,0.0,0.0,0.4094
emis,throughput,arxiv-emis-throughput_10000,throughput,automatic_accumulator,128,1,7569,0.80682,1053.1907043669444,9.494963684,0.0,0.0,0.0342
emis,throughput,arxiv-emis-throughput_10000,throughput,default_cagra,128,2,0,0.4919,14471.656820979997,0.691012497,0.0,0.0,0.5707
emis,throughput,arxiv-emis-throughput_10000,throughput,default_accumulator,128,2,0,0.63219,14345.922379834052,0.697067219,0.0,0.0,0.0887
emis,throughput,arxiv-emis-throughput_10000,throughput,automatic_legacy,128,2,0,0.44728,14351.069960412286,0.696819258,0.0,0.0,0.6371
emis,throughput,arxiv-emis-throughput_10000,throughput,automatic_accumulator,128,2,0,0.63467,14301.580888554088,0.699230273,0.0,0.0,0.0859
emis,throughput,arxiv-emis-throughput_10000,throughput,default_cagra,128,2,522,0.651,1739.8556302105155,5.747609622,0.0,0.0,0.2764
emis,throughput,arxiv-emis-throughput_10000,throughput,default_accumulator,128,2,522,0.90684,1730.1817841439458,5.779807471,0.0,0.0,0.0138
emis,throughput,arxiv-emis-throughput_10000,throughput,automatic_legacy,128,2,522,0.5181,3808.897964784437,2.625438221,0.0,0.0,0.5387
emis,throughput,arxiv-emis-throughput_10000,throughput,automatic_accumulator,128,2,522,0.75244,3804.5313643340496,2.628451206,0.0,0.0,0.0428
emis,throughput,arxiv-emis-throughput_10000,throughput,default_cagra,128,2,1044,0.69888,965.4098792654001,10.358300328,0.0,0.0,0.1337
emis,throughput,arxiv-emis-throughput_10000,throughput,default_accumulator,128,2,1044,0.96399,959.1141126694488,10.426293599,0.0,0.0,0.0025
emis,throughput,arxiv-emis-throughput_10000,throughput,automatic_legacy,128,2,1044,0.54737,2208.6313566520853,4.527697503,0.0,0.0,0.4703
emis,throughput,arxiv-emis-throughput_10000,throughput,automatic_accumulator,128,2,1044,0.78603,2206.490248306154,4.532091664,0.0,0.0,0.0329
emis,throughput,arxiv-emis-throughput_10000,throughput,default_cagra,128,2,2088,0.72623,616.2658642692913,16.226769018,0.0,0.0,0.0139
emis,throughput,arxiv-emis-throughput_10000,throughput,default_accumulator,128,2,2088,0.99258,611.7080327537784,16.347675205,0.0,0.0,0.0008
emis,throughput,arxiv-emis-throughput_10000,throughput,automatic_legacy,128,2,2088,0.56445,1389.1471205334701,7.198668629,0.0,0.0,0.4059
emis,throughput,arxiv-emis-throughput_10000,throughput,automatic_accumulator,128,2,2088,0.80366,1388.7282471695669,7.200839518,0.0,0.0,0.0308
emis,throughput,arxiv-emis-throughput_10000,throughput,default_cagra,128,2,4176,0.73132,476.9334300744476,20.967293553,0.0,0.0,0.0017
emis,throughput,arxiv-emis-throughput_10000,throughput,default_accumulator,128,2,4176,0.99812,472.8822282632225,21.146925745,0.0,0.0,0.0001
emis,throughput,arxiv-emis-throughput_10000,throughput,automatic_legacy,128,2,4176,0.56784,1018.8467563872351,9.815025489,0.0,0.0,0.4015
emis,throughput,arxiv-emis-throughput_10000,throughput,automatic_accumulator,128,2,4176,0.8072,1016.1476999389321,9.841095518,0.0,0.0,0.0303
emis,throughput,arxiv-emis-throughput_10000,throughput,default_cagra,128,2,7569,0.73147,454.93644067414675,21.981098261,0.0,0.0,0.0017
emis,throughput,arxiv-emis-throughput_10000,throughput,default_accumulator,128,2,7569,0.99834,451.027894190087,22.171589887,0.0,0.0,0.0
emis,throughput,arxiv-emis-throughput_10000,throughput,automatic_legacy,128,2,7569,0.56798,914.5892272119108,10.933876132,0.0,0.0,0.4012
emis,throughput,arxiv-emis-throughput_10000,throughput,automatic_accumulator,128,2,7569,0.80737,910.3373546658324,10.984950317,0.0,0.0,0.0302
emis,throughput,arxiv-emis-throughput_10000,throughput,default_cagra,128,4,0,0.4972,14031.80409993345,0.712673072,0.0,0.0,0.5509
emis,throughput,arxiv-emis-throughput_10000,throughput,default_accumulator,128,4,0,0.63784,13907.03115184003,0.719066954,0.0,0.0,0.0499
emis,throughput,arxiv-emis-throughput_10000,throughput,automatic_legacy,128,4,0,0.44747,14261.456160010717,0.701196838,0.0,0.0,0.6214
emis,throughput,arxiv-emis-throughput_10000,throughput,automatic_accumulator,128,4,0,0.63701,14208.765377151445,0.703797722,0.0,0.0,0.0469
emis,throughput,arxiv-emis-throughput_10000,throughput,default_cagra,128,4,522,0.70069,964.095029827767,10.372427949,0.0,0.0,0.1324
emis,throughput,arxiv-emis-throughput_10000,throughput,default_accumulator,128,4,522,0.96481,958.1874045218246,10.436378014,0.0,0.0,0.0022
emis,throughput,arxiv-emis-throughput_10000,throughput,automatic_legacy,128,4,522,0.542,2194.0531016076106,4.557780883,0.0,0.0,0.4643
emis,throughput,arxiv-emis-throughput_10000,throughput,automatic_accumulator,128,4,522,0.78605,2189.9005063829422,4.566424923,0.0,0.0,0.0024
emis,throughput,arxiv-emis-throughput_10000,throughput,default_cagra,128,4,1044,0.72728,617.1267223850356,16.204134106,0.0,0.0,0.0147
emis,throughput,arxiv-emis-throughput_10000,throughput,default_accumulator,128,4,1044,0.99272,613.8360721625901,16.291005871,0.0,0.0,0.0006
emis,throughput,arxiv-emis-throughput_10000,throughput,automatic_legacy,128,4,1044,0.55939,1369.9159132825196,7.299724934,0.0,0.0,0.3942
emis,throughput,arxiv-emis-throughput_10000,throughput,automatic_accumulator,128,4,1044,0.8041,1370.479725820816,7.296722148,0.0,0.0,0.0007
emis,throughput,arxiv-emis-throughput_10000,throughput,default_cagra,128,4,2088,0.73222,476.6300362347861,20.980640375,0.0,0.0,0.0017
emis,throughput,arxiv-emis-throughput_10000,throughput,default_accumulator,128,4,2088,0.99809,474.118229200712,21.09185276,0.0,0.0,0.0001
emis,throughput,arxiv-emis-throughput_10000,throughput,automatic_legacy,128,4,2088,0.56284,1006.349004849703,9.936917461,0.0,0.0,0.3894
emis,throughput,arxiv-emis-throughput_10000,throughput,automatic_accumulator,128,4,2088,0.80782,1002.2625356114498,9.9774323,0.0,0.0,0.0001
emis,throughput,arxiv-emis-throughput_10000,throughput,default_cagra,256,1,0,0.59108,7378.024387019567,1.355382681,0.0,0.0,0.4759
emis,throughput,arxiv-emis-throughput_10000,throughput,default_accumulator,256,1,0,0.70696,7306.772944826374,1.36859942,0.0,0.0,0.0403
emis,throughput,arxiv-emis-throughput_10000,throughput,automatic_legacy,256,1,0,0.53628,7252.080888524444,1.378921616,0.0,0.0,0.5564
emis,throughput,arxiv-emis-throughput_10000,throughput,automatic_accumulator,256,1,0,0.70862,7231.468306478712,1.382851524,0.0,0.0,0.039
emis,throughput,arxiv-emis-throughput_10000,throughput,default_cagra,256,1,522,0.6495,3844.7631642639294,2.600946748,0.0,0.0,0.3904
emis,throughput,arxiv-emis-throughput_10000,throughput,default_accumulator,256,1,522,0.80199,3799.0386149062597,2.632252998,0.0,0.0,0.0294
emis,throughput,arxiv-emis-throughput_10000,throughput,automatic_legacy,256,1,522,0.55002,5798.48787950222,1.724594076,0.0,0.0,0.5382
emis,throughput,arxiv-emis-throughput_10000,throughput,automatic_accumulator,256,1,522,0.7299,5771.62642706688,1.732620929,0.0,0.0,0.0285
emis,throughput,arxiv-emis-throughput_10000,throughput,default_cagra,256,1,1044,0.70864,1859.3451329066224,5.37824417,0.0,0.0,0.2797
emis,throughput,arxiv-emis-throughput_10000,throughput,default_accumulator,256,1,1044,0.89462,1845.1458833809004,5.41963176,0.0,0.0,0.0153
emis,throughput,arxiv-emis-throughput_10000,throughput,automatic_legacy,256,1,1044,0.56373,4238.659210730889,2.35924374,0.0,0.0,0.515
emis,throughput,arxiv-emis-throughput_10000,throughput,automatic_accumulator,256,1,1044,0.75081,4215.571161686861,2.372164822,0.0,0.0,0.0154
emis,throughput,arxiv-emis-throughput_10000,throughput,default_cagra,256,1,2088,0.76111,948.1460305942791,10.546913675,0.0,0.0,0.1421
emis,throughput,arxiv-emis-throughput_10000,throughput,default_accumulator,256,1,2088,0.95995,942.9225241103093,10.605331212,0.0,0.0,0.0025
emis,throughput,arxiv-emis-throughput_10000,throughput,automatic_legacy,256,1,2088,0.57704,2818.3323917166326,3.548205083,0.0,0.0,0.4829
emis,throughput,arxiv-emis-throughput_10000,throughput,automatic_accumulator,256,1,2088,0.76783,2803.583841073192,3.566870187,0.0,0.0,0.0026
emis,throughput,arxiv-emis-throughput_10000,throughput,default_cagra,256,1,4176,0.79156,551.7661559970619,18.123638792,0.0,0.0,0.019
emis,throughput,arxiv-emis-throughput_10000,throughput,default_accumulator,256,1,4176,0.99203,547.6845602363602,18.258691637,0.0,0.0,0.0008
emis,throughput,arxiv-emis-throughput_10000,throughput,automatic_legacy,256,1,4176,0.58635,1808.6758634360078,5.528918256,0.0,0.0,0.4523
emis,throughput,arxiv-emis-throughput_10000,throughput,automatic_accumulator,256,1,4176,0.77762,1806.9509050541628,5.534191791,0.0,0.0,0.0007
emis,throughput,arxiv-emis-throughput_10000,throughput,default_cagra,256,1,7569,0.79814,393.91199698155543,25.386400668,0.0,0.0,0.0019
emis,throughput,arxiv-emis-throughput_10000,throughput,default_accumulator,256,1,7569,0.99908,390.47587508213707,25.609783456,0.0,0.0,0.0001
emis,throughput,arxiv-emis-throughput_10000,throughput,automatic_legacy,256,1,7569,0.58897,1268.6416987958878,7.882452874,0.0,0.0,0.446
emis,throughput,arxiv-emis-throughput_10000,throughput,automatic_accumulator,256,1,7569,0.78032,1259.3188548442365,7.940807717,0.0,0.0,0.0001
emis,throughput,arxiv-emis-throughput_10000,throughput,default_cagra,256,2,0,0.59226,7414.917994294297,1.348638813,0.0,0.0,0.4714
emis,throughput,arxiv-emis-throughput_10000,throughput,default_accumulator,256,2,0,0.70829,7343.242788324901,1.361802602,0.0,0.0,0.0383
emis,throughput,arxiv-emis-throughput_10000,throughput,automatic_legacy,256,2,0,0.53605,7353.268040065389,1.359946665,0.0,0.0,0.5536
emis,throughput,arxiv-emis-throughput_10000,throughput,automatic_accumulator,256,2,0,0.70896,7355.974309706319,1.359445439,0.0,0.0,0.0369
emis,throughput,arxiv-emis-throughput_10000,throughput,default_cagra,256,2,522,0.7092,1864.2885959926111,5.363984123,0.0,0.0,0.2776
emis,throughput,arxiv-emis-throughput_10000,throughput,default_accumulator,256,2,522,0.89456,1848.8408884705732,5.408806168,0.0,0.0,0.0154
emis,throughput,arxiv-emis-throughput_10000,throughput,automatic_legacy,256,2,522,0.56247,4356.605286846145,2.295373225,0.0,0.0,0.5144
emis,throughput,arxiv-emis-throughput_10000,throughput,automatic_accumulator,256,2,522,0.75084,4335.5875921896295,2.306498773,0.0,0.0,0.0152
emis,throughput,arxiv-emis-throughput_10000,throughput,default_cagra,256,2,1044,0.76127,947.374742734749,10.555491167,0.0,0.0,0.1406
emis,throughput,arxiv-emis-throughput_10000,throughput,default_accumulator,256,2,1044,0.95973,942.1664771311849,10.613844582,0.0,0.0,0.0022
emis,throughput,arxiv-emis-throughput_10000,throughput,automatic_legacy,256,2,1044,0.57551,2882.015984106224,3.469799271,0.0,0.0,0.4808
emis,throughput,arxiv-emis-throughput_10000,throughput,automatic_accumulator,256,2,1044,0.76786,2871.3549162579093,3.482683607,0.0,0.0,0.0023
emis,throughput,arxiv-emis-throughput_10000,throughput,default_cagra,256,2,2088,0.79182,550.649984201903,18.160363286,0.0,0.0,0.0193
emis,throughput,arxiv-emis-throughput_10000,throughput,default_accumulator,256,2,2088,0.99197,547.7734605505904,18.255733609,0.0,0.0,0.0008
emis,throughput,arxiv-emis-throughput_10000,throughput,automatic_legacy,256,2,2088,0.58436,1850.2336871516873,5.404728671,0.0,0.0,0.4498
emis,throughput,arxiv-emis-throughput_10000,throughput,automatic_accumulator,256,2,2088,0.7774,1851.3448161599658,5.40148586,0.0,0.0,0.0005
emis,throughput,arxiv-emis-throughput_10000,throughput,default_cagra,256,2,4176,0.7987,382.9239643387395,26.114851157,0.0,0.0,0.0017
emis,throughput,arxiv-emis-throughput_10000,throughput,default_accumulator,256,2,4176,0.99935,379.95520031140484,26.318904482,0.0,0.0,0.0001
emis,throughput,arxiv-emis-throughput_10000,throughput,automatic_legacy,256,2,4176,0.58703,1245.3612232526884,8.029804791,0.0,0.0,0.4429
emis,throughput,arxiv-emis-throughput_10000,throughput,automatic_accumulator,256,2,4176,0.78026,1238.7825599044502,8.072448155,0.0,0.0,0.0001
emis,throughput,arxiv-emis-throughput_10000,throughput,default_cagra,256,2,7569,0.79891,351.70812581558914,28.432673729,0.0,0.0,0.0016
emis,throughput,arxiv-emis-throughput_10000,throughput,default_accumulator,256,2,7569,0.99964,348.58028741523117,28.687802728,0.0,0.0,0.0
emis,throughput,arxiv-emis-throughput_10000,throughput,automatic_legacy,256,2,7569,0.58724,1023.6909219431706,9.768588831,0.0,0.0,0.4424
emis,throughput,arxiv-emis-throughput_10000,throughput,automatic_accumulator,256,2,7569,0.78048,1018.1849553763302,9.821404768,0.0,0.0,0.0
emis,throughput,arxiv-emis-throughput_10000,throughput,default_cagra,256,4,0,0.5957,7356.8789784201235,1.359277564,0.0,0.0,0.4596
emis,throughput,arxiv-emis-throughput_10000,throughput,default_accumulator,256,4,0,0.7122,7304.156623079484,1.369090213,0.0,0.0,0.0326
emis,throughput,arxiv-emis-throughput_10000,throughput,automatic_legacy,256,4,0,0.53659,7442.1412089901705,1.343705187,0.0,0.0,0.5437
emis,throughput,arxiv-emis-throughput_10000,throughput,automatic_accumulator,256,4,0,0.71063,7433.795465058769,1.345214244,0.0,0.0,0.0312
emis,throughput,arxiv-emis-throughput_10000,throughput,default_cagra,256,4,522,0.76128,952.0495791936942,10.503661302,0.0,0.0,0.1416
emis,throughput,arxiv-emis-throughput_10000,throughput,default_accumulator,256,4,522,0.95958,945.720451837616,10.573957074,0.0,0.0,0.0025
emis,throughput,arxiv-emis-throughput_10000,throughput,automatic_legacy,256,4,522,0.57362,2907.1984780733383,3.439744524,0.0,0.0,0.4758
emis,throughput,arxiv-emis-throughput_10000,throughput,automatic_accumulator,256,4,522,0.76821,2900.1592521478747,3.448093416,0.0,0.0,0.0025
emis,throughput,arxiv-emis-throughput_10000,throughput,default_cagra,256,4,1044,0.7919,551.2927939176257,18.139193518,0.0,0.0,0.0192
emis,throughput,arxiv-emis-throughput_10000,throughput,default_accumulator,256,4,1044,0.99195,548.4620242200187,18.232809978,0.0,0.0,0.0008
emis,throughput,arxiv-emis-throughput_10000,throughput,automatic_legacy,256,4,1044,0.58266,1860.2743791475125,5.375557965,0.0,0.0,0.4421
emis,throughput,arxiv-emis-throughput_10000,throughput,automatic_accumulator,256,4,1044,0.77822,1856.265950532358,5.38716557,0.0,0.0,0.0008
emis,throughput,arxiv-emis-throughput_10000,throughput,default_cagra,256,4,2088,0.79874,384.4309913145185,26.012477248,0.0,0.0,0.0017
emis,throughput,arxiv-emis-throughput_10000,throughput,default_accumulator,256,4,2088,0.9994,381.70640034384684,26.198152836,0.0,0.0,0.0001
emis,throughput,arxiv-emis-throughput_10000,throughput,automatic_legacy,256,4,2088,0.58512,1252.7786720201016,7.98226783,0.0,0.0,0.4351
emis,throughput,arxiv-emis-throughput_10000,throughput,automatic_accumulator,256,4,2088,0.78089,1245.097156026687,8.031509065,0.0,0.0,0.0001
emis,throughput,arxiv-emis-throughput_10000,throughput,default_cagra,512,1,0,0.69017,3776.7880894224636,2.647759093,0.0,0.0,0.3717
emis,throughput,arxiv-emis-throughput_10000,throughput,default_accumulator,512,1,0,0.78667,3732.506136120479,2.679171496,0.0,0.0,0.0266
emis,throughput,arxiv-emis-throughput_10000,throughput,automatic_legacy,512,1,0,0.6195,3765.0642512658815,2.656004315,0.0,0.0,0.4723
emis,throughput,arxiv-emis-throughput_10000,throughput,automatic_accumulator,512,1,0,0.78747,3752.415923102867,2.664956674,0.0,0.0,0.0263
emis,throughput,arxiv-emis-throughput_10000,throughput,default_cagra,512,1,522,0.69095,3742.4567238803816,2.672047594,0.0,0.0,0.3705
emis,throughput,arxiv-emis-throughput_10000,throughput,default_accumulator,512,1,522,0.78777,3705.197161639014,2.698917924,0.0,0.0,0.0266
emis,throughput,arxiv-emis-throughput_10000,throughput,automatic_legacy,512,1,522,0.61957,3758.9965888540364,2.660290137,0.0,0.0,0.4724
emis,throughput,arxiv-emis-throughput_10000,throughput,automatic_accumulator,512,1,522,0.78757,3746.6699302657976,2.669043395,0.0,0.0,0.0263
emis,throughput,arxiv-emis-throughput_10000,throughput,default_cagra,512,1,1044,0.75003,2014.3690041439288,4.964340105,0.0,0.0,0.2803
emis,throughput,arxiv-emis-throughput_10000,throughput,default_accumulator,512,1,1044,0.87113,1991.5692246323097,5.021171739,0.0,0.0,0.0176
emis,throughput,arxiv-emis-throughput_10000,throughput,automatic_legacy,512,1,1044,0.62431,3333.2318797568764,3.000097803,0.0,0.0,0.4674
emis,throughput,arxiv-emis-throughput_10000,throughput,automatic_accumulator,512,1,1044,0.79468,3314.0926449037147,3.017423936,0.0,0.0,0.0218
emis,throughput,arxiv-emis-throughput_10000,throughput,default_cagra,512,1,2088,0.81098,1003.839332194857,9.961761638,0.0,0.0,0.1555
emis,throughput,arxiv-emis-throughput_10000,throughput,default_accumulator,512,1,2088,0.9479,996.512171525616,10.035007156,0.0,0.0,0.0041
emis,throughput,arxiv-emis-throughput_10000,throughput,automatic_legacy,512,1,2088,0.63078,2712.582135048199,3.68653045,0.0,0.0,0.4555
emis,throughput,arxiv-emis-throughput_10000,throughput,automatic_accumulator,512,1,2088,0.80305,2695.219911945823,3.710279494,0.0,0.0,0.0165
emis,throughput,arxiv-emis-throughput_10000,throughput,default_cagra,512,1,4176,0.84964,532.3102912096697,18.786047082,0.0,0.0,0.0277
emis,throughput,arxiv-emis-throughput_10000,throughput,default_accumulator,512,1,4176,0.9892,528.5160927055582,18.920906114,0.0,0.0,0.0009
emis,throughput,arxiv-emis-throughput_10000,throughput,automatic_legacy,512,1,4176,0.63537,2034.7736173770822,4.914558166,0.0,0.0,0.4417
emis,throughput,arxiv-emis-throughput_10000,throughput,automatic_accumulator,512,1,4176,0.80846,2013.7580100282423,4.965845723,0.0,0.0,0.014
emis,throughput,arxiv-emis-throughput_10000,throughput,default_cagra,512,1,7569,0.85881,340.24451426974065,29.390640354,0.0,0.0,0.0028
emis,throughput,arxiv-emis-throughput_10000,throughput,default_accumulator,512,1,7569,0.99899,338.0102656671303,29.584911489,0.0,0.0,0.0002
emis,throughput,arxiv-emis-throughput_10000,throughput,automatic_legacy,512,1,7569,0.63738,1488.5778842212517,6.717828165,0.0,0.0,0.4356
emis,throughput,arxiv-emis-throughput_10000,throughput,automatic_accumulator,512,1,7569,0.81066,1467.4506253766963,6.814546353,0.0,0.0,0.0132
emis,throughput,arxiv-emis-throughput_10000,throughput,default_cagra,512,2,0,0.69117,3783.522228280246,2.643048301,0.0,0.0,0.3691
emis,throughput,arxiv-emis-throughput_10000,throughput,default_accumulator,512,2,0,0.78755,3751.980317729688,2.665265635,0.0,0.0,0.0266
emis,throughput,arxiv-emis-throughput_10000,throughput,automatic_legacy,512,2,0,0.61948,3793.6489192670797,2.635991349,0.0,0.0,0.4693
emis,throughput,arxiv-emis-throughput_10000,throughput,automatic_accumulator,512,2,0,0.78755,3788.2159807124062,2.639772176,0.0,0.0,0.0263
emis,throughput,arxiv-emis-throughput_10000,throughput,default_cagra,512,2,522,0.75018,2016.6565802659113,4.958726047,0.0,0.0,0.2783
emis,throughput,arxiv-emis-throughput_10000,throughput,default_accumulator,512,2,522,0.87103,2001.4725437960228,4.996327674,0.0,0.0,0.0176
emis,throughput,arxiv-emis-throughput_10000,throughput,automatic_legacy,512,2,522,0.62415,3423.435713561098,2.921048738,0.0,0.0,0.4644
emis,throughput,arxiv-emis-throughput_10000,throughput,automatic_accumulator,512,2,522,0.79453,3414.8948853905345,2.928354201,0.0,0.0,0.0218
emis,throughput,arxiv-emis-throughput_10000,throughput,default_cagra,512,2,1044,0.81114,997.3591860635499,10.026484074,0.0,0.0,0.1549
emis,throughput,arxiv-emis-throughput_10000,throughput,default_accumulator,512,2,1044,0.94789,990.5498821200064,10.095419345,0.0,0.0,0.0041
emis,throughput,arxiv-emis-throughput_10000,throughput,automatic_legacy,512,2,1044,0.63053,2875.785063977945,3.477317951,0.0,0.0,0.4529
emis,throughput,arxiv-emis-throughput_10000,throughput,automatic_accumulator,512,2,1044,0.80294,2853.9345984087645,3.503941422,0.0,0.0,0.0167
emis,throughput,arxiv-emis-throughput_10000,throughput,default_cagra,512,2,2088,0.8498,526.6330706540217,18.988558925,0.0,0.0,0.0277
emis,throughput,arxiv-emis-throughput_10000,throughput,default_accumulator,512,2,2088,0.98921,523.5722165523111,19.099567785,0.0,0.0,0.0009
emis,throughput,arxiv-emis-throughput_10000,throughput,automatic_legacy,512,2,2088,0.63517,2241.515643731806,4.461272964,0.0,0.0,0.4389
emis,throughput,arxiv-emis-throughput_10000,throughput,automatic_accumulator,512,2,2088,0.80846,2227.4079273391867,4.489529397,0.0,0.0,0.0138
emis,throughput,arxiv-emis-throughput_10000,throughput,default_cagra,512,2,4176,0.85927,318.75505240690075,31.372057508,0.0,0.0,0.002
emis,throughput,arxiv-emis-throughput_10000,throughput,default_accumulator,512,2,4176,0.99933,316.4571462172053,31.599862641,0.0,0.0,0.0001
emis,throughput,arxiv-emis-throughput_10000,throughput,automatic_legacy,512,2,4176,0.63733,1603.4500354321708,6.236558687,0.0,0.0,0.4323
emis,throughput,arxiv-emis-throughput_10000,throughput,automatic_accumulator,512,2,4176,0.81088,1580.1113435538603,6.328674311,0.0,0.0,0.0132
emis,throughput,arxiv-emis-throughput_10000,throughput,default_cagra,512,2,7569,0.85968,270.4114175391289,36.98070711,0.0,0.0,0.0016
emis,throughput,arxiv-emis-throughput_10000,throughput,default_accumulator,512,2,7569,0.99987,268.08128074983466,37.302125845,0.0,0.0,0.0
emis,throughput,arxiv-emis-throughput_10000,throughput,automatic_legacy,512,2,7569,0.63758,1228.2091986779806,8.141957686,0.0,0.0,0.4317
emis,throughput,arxiv-emis-throughput_10000,throughput,automatic_accumulator,512,2,7569,0.81113,1207.1989514609902,8.283646124,0.0,0.0,0.0131
emis,throughput,arxiv-emis-throughput_10000,throughput,default_cagra,512,4,0,0.69259,3826.0158735408163,2.613691321,0.0,0.0,0.363
emis,throughput,arxiv-emis-throughput_10000,throughput,default_accumulator,512,4,0,0.7891,3805.934319053363,2.627482046,0.0,0.0,0.0232
emis,throughput,arxiv-emis-throughput_10000,throughput,automatic_legacy,512,4,0,0.6193,3882.271865132766,2.575817377,0.0,0.0,0.4642
emis,throughput,arxiv-emis-throughput_10000,throughput,automatic_accumulator,512,4,0,0.78771,3878.8634693279955,2.578082166,0.0,0.0,0.0229
emis,throughput,arxiv-emis-throughput_10000,throughput,default_cagra,512,4,522,0.8113,1010.9266490074726,9.891920724,0.0,0.0,0.1537
emis,throughput,arxiv-emis-throughput_10000,throughput,default_accumulator,512,4,522,0.94787,1005.0402310286221,9.949856893,0.0,0.0,0.0029
emis,throughput,arxiv-emis-throughput_10000,throughput,automatic_legacy,512,4,522,0.63,2997.025649546683,3.336648204,0.0,0.0,0.4482
emis,throughput,arxiv-emis-throughput_10000,throughput,automatic_accumulator,512,4,522,0.80299,2995.8241473846224,3.337987066,0.0,0.0,0.014
emis,throughput,arxiv-emis-throughput_10000,throughput,default_cagra,512,4,1044,0.84969,532.474573931354,18.78031552,0.0,0.0,0.0276
emis,throughput,arxiv-emis-throughput_10000,throughput,default_accumulator,512,4,1044,0.98909,529.2377293054997,18.895107265,0.0,0.0,0.0009
emis,throughput,arxiv-emis-throughput_10000,throughput,automatic_legacy,512,4,1044,0.63457,2398.2446447399398,4.16972309,0.0,0.0,0.4342
emis,throughput,arxiv-emis-throughput_10000,throughput,automatic_accumulator,512,4,1044,0.80858,2383.9667564979,4.194696961,0.0,0.0,0.012
emis,throughput,arxiv-emis-throughput_10000,throughput,default_cagra,512,4,2088,0.85925,320.97292076126985,31.155294936,0.0,0.0,0.0021
emis,throughput,arxiv-emis-throughput_10000,throughput,default_accumulator,512,4,2088,0.9993,319.59518491755637,31.289588986,0.0,0.0,0.0001
emis,throughput,arxiv-emis-throughput_10000,throughput,automatic_legacy,512,4,2088,0.63652,1760.1063884894609,5.681481815,0.0,0.0,0.4276
emis,throughput,arxiv-emis-throughput_10000,throughput,automatic_accumulator,512,4,2088,0.81089,1749.4527169571475,5.716079786,0.0,0.0,0.0112
r,throughput,arxiv-r-throughput_10000,throughput,default_cagra,64,1,0,0.9129,28759.9535177891,0.347711755,0.0,0.0,0.0935
r,throughput,arxiv-r-throughput_10000,throughput,default_accumulator,64,1,0,0.94937,28461.21203954149,0.351362529,0.0,0.0,0.0031
r,throughput,arxiv-r-throughput_10000,throughput,automatic_legacy,64,1,0,0.90127,28592.72173486649,0.349746654,0.0,0.0,0.1193
r,throughput,arxiv-r-throughput_10000,throughput,automatic_accumulator,64,1,0,0.94899,28429.516628584744,0.351752978,0.0,0.0,0.0029
r,throughput,arxiv-r-throughput_10000,throughput,default_cagra,64,1,522,0.95136,6244.893940528178,1.601314182,0.0,0.0,0.0138
r,throughput,arxiv-r-throughput_10000,throughput,default_accumulator,64,1,522,0.9946,6211.876730258691,1.60982636,0.0,0.0,0.0003
r,throughput,arxiv-r-throughput_10000,throughput,automatic_legacy,64,1,522,0.91607,13422.534252241205,0.745022431,0.0,0.0,0.0836
r,throughput,arxiv-r-throughput_10000,throughput,automatic_accumulator,64,1,522,0.96685,13326.960096795254,0.750365199,0.0,0.0,0.0001
r,throughput,arxiv-r-throughput_10000,throughput,default_cagra,64,1,1044,0.9523,4833.64561737449,2.06883774,0.0,0.0,0.0042
r,throughput,arxiv-r-throughput_10000,throughput,default_accumulator,64,1,1044,0.99569,4803.663816654669,2.081750392,0.0,0.0,0.0001
r,throughput,arxiv-r-throughput_10000,throughput,automatic_legacy,64,1,1044,0.91693,9315.297900586509,1.073509281,0.0,0.0,0.0786
r,throughput,arxiv-r-throughput_10000,throughput,automatic_accumulator,64,1,1044,0.96773,9162.10950133311,1.091457417,0.0,0.0,0.0001
r,throughput,arxiv-r-throughput_10000,throughput,default_cagra,64,1,2088,0.95249,3790.0159606523803,2.638517166,0.0,0.0,0.001
r,throughput,arxiv-r-throughput_10000,throughput,default_accumulator,64,1,2088,0.99596,3757.082273383031,2.661645808,0.0,0.0,0.0
r,throughput,arxiv-r-throughput_10000,throughput,automatic_legacy,64,1,2088,0.91718,6158.22018794748,1.623852038,0.0,0.0,0.0777
r,throughput,arxiv-r-throughput_10000,throughput,automatic_accumulator,64,1,2088,0.968,6096.402948993382,1.64031797,0.0,0.0,0.0
r,throughput,arxiv-r-throughput_10000,throughput,default_cagra,64,1,4176,0.95253,2853.084736197785,3.504984841,0.0,0.0,0.0002
r,throughput,arxiv-r-throughput_10000,throughput,default_accumulator,64,1,4176,0.996,2811.608616214779,3.556688067,0.0,0.0,0.0
r,throughput,arxiv-r-throughput_10000,throughput,automatic_legacy,64,1,4176,0.91723,4298.902505496277,2.32618092,0.0,0.0,0.0775
r,throughput,arxiv-r-throughput_10000,throughput,automatic_accumulator,64,1,4176,0.96805,4254.57167138105,2.350419357,0.0,0.0,0.0
r,throughput,arxiv-r-throughput_10000,throughput,default_cagra,64,1,7569,0.95253,2222.4565412490474,4.499531837,0.0,0.0,0.0
r,throughput,arxiv-r-throughput_10000,throughput,default_accumulator,64,1,7569,0.996,2185.839778392069,4.574906552,0.0,0.0,0.0
r,throughput,arxiv-r-throughput_10000,throughput,automatic_legacy,64,1,7569,0.91723,3698.132240111958,2.704073266,0.0,0.0,0.0775
r,throughput,arxiv-r-throughput_10000,throughput,automatic_accumulator,64,1,7569,0.96805,3650.753690053347,2.739167848,0.0,0.0,0.0
r,throughput,arxiv-r-throughput_10000,throughput,default_cagra,64,2,0,0.91499,27849.91408380765,0.359072614,0.0,0.0,0.0849
r,throughput,arxiv-r-throughput_10000,throughput,default_accumulator,64,2,0,0.95218,27602.35156887782,0.362293688,0.0,0.0,0.0026
r,throughput,arxiv-r-throughput_10000,throughput,automatic_legacy,64,2,0,0.90222,28429.632368311977,0.351750886,0.0,0.0,0.1115
r,throughput,arxiv-r-throughput_10000,throughput,automatic_accumulator,64,2,0,0.95077,28235.54155379039,0.354169858,0.0,0.0,0.0024
r,throughput,arxiv-r-throughput_10000,throughput,default_cagra,64,2,522,0.95186,4847.59448228065,2.062885501,0.0,0.0,0.0038
r,throughput,arxiv-r-throughput_10000,throughput,default_accumulator,64,2,522,0.99579,4821.787877283848,2.073924725,0.0,0.0,0.0001
r,throughput,arxiv-r-throughput_10000,throughput,automatic_legacy,64,2,522,0.91674,9693.070906467578,1.031670662,0.0,0.0,0.0716
r,throughput,arxiv-r-throughput_10000,throughput,automatic_accumulator,64,2,522,0.96875,9681.78801492463,1.032873264,0.0,0.0,0.0001
r,throughput,arxiv-r-throughput_10000,throughput,default_cagra,64,2,1044,0.95204,3895.3855430000785,2.567145659,0.0,0.0,0.0009
r,throughput,arxiv-r-throughput_10000,throughput,default_accumulator,64,2,1044,0.99603,3870.949791223107,2.583351994,0.0,0.0,0.0
r,throughput,arxiv-r-throughput_10000,throughput,automatic_legacy,64,2,1044,0.91699,6723.244824689321,1.487383411,0.0,0.0,0.0705
r,throughput,arxiv-r-throughput_10000,throughput,automatic_accumulator,64,2,1044,0.969,6684.746079411063,1.495949747,0.0,0.0,0.0
r,throughput,arxiv-r-throughput_10000,throughput,default_cagra,64,2,2088,0.9521,3037.5310665131015,3.292152764,0.0,0.0,0.0002
r,throughput,arxiv-r-throughput_10000,throughput,default_accumulator,64,2,2088,0.99609,3005.1985649780254,3.327573259,0.0,0.0,0.0
r,throughput,arxiv-r-throughput_10000,throughput,automatic_legacy,64,2,2088,0.91707,4779.532049367512,2.092261951,0.0,0.0,0.0703
r,throughput,arxiv-r-throughput_10000,throughput,automatic_accumulator,64,2,2088,0.96908,4756.9465104855335,2.102194634,0.0,0.0,0.0
r,throughput,arxiv-r-throughput_10000,throughput,default_cagra,64,2,4176,0.9521,2272.916754951353,4.399639683,0.0,0.0,0.0
r,throughput,arxiv-r-throughput_10000,throughput,default_accumulator,64,2,4176,0.99609,2246.145327110344,4.452077315,0.0,0.0,0.0
r,throughput,arxiv-r-throughput_10000,throughput,automatic_legacy,64,2,4176,0.91707,3698.190215727438,2.704031406,0.0,0.0,0.0703
r,throughput,arxiv-r-throughput_10000,throughput,automatic_accumulator,64,2,4176,0.96908,3665.9454069310073,2.727815843,0.0,0.0,0.0
r,throughput,arxiv-r-throughput_10000,throughput,default_cagra,64,2,7569,0.9521,2110.0928401162782,4.739134616,0.0,0.0,0.0
r,throughput,arxiv-r-throughput_10000,throughput,default_accumulator,64,2,7569,0.99609,2080.3076312008848,4.8069876,0.0,0.0,0.0
r,throughput,arxiv-r-throughput_10000,throughput,automatic_legacy,64,2,7569,0.91707,3595.070871955447,2.781607823,0.0,0.0,0.0703
r,throughput,arxiv-r-throughput_10000,throughput,automatic_accumulator,64,2,7569,0.96908,3557.2337477644437,2.811179796,0.0,0.0,0.0
r,throughput,arxiv-r-throughput_10000,throughput,default_cagra,64,4,0,0.91984,26043.73843226568,0.383974881,0.0,0.0,0.0649
r,throughput,arxiv-r-throughput_10000,throughput,default_accumulator,64,4,0,0.95647,25762.001623066295,0.388174479,0.0,0.0,0.0019
r,throughput,arxiv-r-throughput_10000,throughput,automatic_legacy,64,4,0,0.90391,28458.257642940243,0.351398323,0.0,0.0,0.0911
r,throughput,arxiv-r-throughput_10000,throughput,automatic_accumulator,64,4,0,0.95282,28467.887448311943,0.351279765,0.0,0.0,0.0019
r,throughput,arxiv-r-throughput_10000,throughput,default_cagra,64,4,522,0.95241,3946.138749696727,2.534128659,0.0,0.0,0.0011
r,throughput,arxiv-r-throughput_10000,throughput,default_accumulator,64,4,522,0.99616,3928.188413652484,2.54570933,0.0,0.0,0.0
r,throughput,arxiv-r-throughput_10000,throughput,automatic_legacy,64,4,522,0.91718,7027.301566233715,1.423027305,0.0,0.0,0.0578
r,throughput,arxiv-r-throughput_10000,throughput,automatic_accumulator,64,4,522,0.97,7019.76848583794,1.424554342,0.0,0.0,0.0
r,throughput,arxiv-r-throughput_10000,throughput,default_cagra,64,4,1044,0.95246,3150.732428538401,3.173871441,0.0,0.0,0.0002
r,throughput,arxiv-r-throughput_10000,throughput,default_accumulator,64,4,1044,0.99621,3129.043851107796,3.195870807,0.0,0.0,0.0
r,throughput,arxiv-r-throughput_10000,throughput,automatic_legacy,64,4,1044,0.91726,4955.350549743789,2.018026686,0.0,0.0,0.0574
r,throughput,arxiv-r-throughput_10000,throughput,automatic_accumulator,64,4,1044,0.97008,4933.819160860442,2.026833842,0.0,0.0,0.0
r,throughput,arxiv-r-throughput_10000,throughput,default_cagra,64,4,2088,0.95247,2411.1938904796234,4.147328854,0.0,0.0,0.0
r,throughput,arxiv-r-throughput_10000,throughput,default_accumulator,64,4,2088,0.99622,2389.190713281152,4.185524108,0.0,0.0,0.0
r,throughput,arxiv-r-throughput_10000,throughput,automatic_legacy,64,4,2088,0.91726,3865.654807908951,2.586890232,0.0,0.0,0.0574
r,throughput,arxiv-r-throughput_10000,throughput,automatic_accumulator,64,4,2088,0.97008,3850.647148538942,2.596971947,0.0,0.0,0.0
r,throughput,arxiv-r-throughput_10000,throughput,default_cagra,128,1,0,0.95549,14654.620254243579,0.682384329,0.0,0.0,0.0472
r,throughput,arxiv-r-throughput_10000,throughput,default_accumulator,128,1,0,0.97499,14561.985586855342,0.686725392,0.0,0.0,0.0016
r,throughput,arxiv-r-throughput_10000,throughput,automatic_legacy,128,1,0,0.9415,14662.648907416386,0.682012534,0.0,0.0,0.0804
r,throughput,arxiv-r-throughput_10000,throughput,automatic_accumulator,128,1,0,0.97484,14589.163318012541,0.685446789,0.0,0.0,0.0015
r,throughput,arxiv-r-throughput_10000,throughput,default_cagra,128,1,522,0.97508,4548.9544034437295,2.198313358,0.0,0.0,0.0133
r,throughput,arxiv-r-throughput_10000,throughput,default_accumulator,128,1,522,0.99747,4526.656833422278,2.209142062,0.0,0.0,0.0003
r,throughput,arxiv-r-throughput_10000,throughput,automatic_legacy,128,1,522,0.94519,10736.691033431256,0.93139216,0.0,0.0,0.0718
r,throughput,arxiv-r-throughput_10000,throughput,automatic_accumulator,128,1,522,0.97921,10697.5839393642,0.934796919,0.0,0.0,0.0002
r,throughput,arxiv-r-throughput_10000,throughput,default_cagra,128,1,1044,0.97594,3240.218026823485,3.086218787,0.0,0.0,0.0049
r,throughput,arxiv-r-throughput_10000,throughput,default_accumulator,128,1,1044,0.99851,3219.513516752643,3.1060657,0.0,0.0,0.0001
r,throughput,arxiv-r-throughput_10000,throughput,automatic_legacy,128,1,1044,0.94565,7961.469709427621,1.256056433,0.0,0.0,0.0696
r,throughput,arxiv-r-throughput_10000,throughput,automatic_accumulator,128,1,1044,0.97975,7906.291577221995,1.264821755,0.0,0.0,0.0
r,throughput,arxiv-r-throughput_10000,throughput,default_cagra,128,1,2088,0.9762,2564.3345653711585,3.899669853,0.0,0.0,0.0011
r,throughput,arxiv-r-throughput_10000,throughput,default_accumulator,128,1,2088,0.99884,2546.23833483497,3.927367739,0.0,0.0,0.0
r,throughput,arxiv-r-throughput_10000,throughput,automatic_legacy,128,1,2088,0.94585,5431.941989384567,1.840968732,0.0,0.0,0.069
r,throughput,arxiv-r-throughput_10000,throughput,automatic_accumulator,128,1,2088,0.97995,5405.073101508786,1.85011967,0.0,0.0,0.0
r,throughput,arxiv-r-throughput_10000,throughput,default_cagra,128,1,4176,0.97627,2064.235059378187,4.844415829,0.0,0.0,0.0002
r,throughput,arxiv-r-throughput_10000,throughput,default_accumulator,128,1,4176,0.99891,2038.9179798781304,4.904568029,0.0,0.0,0.0
r,throughput,arxiv-r-throughput_10000,throughput,automatic_legacy,128,1,4176,0.94588,3499.1859626699097,2.857814078,0.0,0.0,0.0688
r,throughput,arxiv-r-throughput_10000,throughput,automatic_accumulator,128,1,4176,0.97998,3451.1494902524005,2.897591716,0.0,0.0,0.0
r,throughput,arxiv-r-throughput_10000,throughput,default_cagra,128,1,7569,0.97627,1642.7948734800068,6.087193413,0.0,0.0,0.0
r,throughput,arxiv-r-throughput_10000,throughput,default_accumulator,128,1,7569,0.99891,1617.4760314260916,6.182477306,0.0,0.0,0.0
r,throughput,arxiv-r-throughput_10000,throughput,automatic_legacy,128,1,7569,0.94588,2684.111567374563,3.725634404,0.0,0.0,0.0688
r,throughput,arxiv-r-throughput_10000,throughput,automatic_accumulator,128,1,7569,0.97998,2651.9127957918304,3.770869279,0.0,0.0,0.0
r,throughput,arxiv-r-throughput_10000,throughput,default_cagra,128,2,0,0.95609,14489.088009784726,0.69018017,0.0,0.0,0.0444
r,throughput,arxiv-r-throughput_10000,throughput,default_accumulator,128,2,0,0.97578,14448.756239098771,0.692108142,0.0,0.0,0.0016
r,throughput,arxiv-r-throughput_10000,throughput,automatic_legacy,128,2,0,0.94173,14795.638221006646,0.675880816,0.0,0.0,0.0768
r,throughput,arxiv-r-throughput_10000,throughput,automatic_accumulator,128,2,0,0.97529,14785.096901480174,0.676363142,0.0,0.0,0.0015
r,throughput,arxiv-r-throughput_10000,throughput,default_cagra,128,2,522,0.97568,3269.70755880723,3.058383762,0.0,0.0,0.0048
r,throughput,arxiv-r-throughput_10000,throughput,default_accumulator,128,2,522,0.99852,3250.5357051907913,3.076422271,0.0,0.0,0.0
r,throughput,arxiv-r-throughput_10000,throughput,automatic_legacy,128,2,522,0.94552,8589.139841574566,1.164267245,0.0,0.0,0.0665
r,throughput,arxiv-r-throughput_10000,throughput,automatic_accumulator,128,2,522,0.98006,8571.761581947972,1.166627906,0.0,0.0,0.0
r,throughput,arxiv-r-throughput_10000,throughput,default_cagra,128,2,1044,0.97594,2609.1189177356655,3.832733495,0.0,0.0,0.0011
r,throughput,arxiv-r-throughput_10000,throughput,default_accumulator,128,2,1044,0.99884,2590.6821706920045,3.859994004,0.0,0.0,0.0
r,throughput,arxiv-r-throughput_10000,throughput,automatic_legacy,128,2,1044,0.94565,6059.971915743402,1.650178308,0.0,0.0,0.0659
r,throughput,arxiv-r-throughput_10000,throughput,automatic_accumulator,128,2,1044,0.9802,6012.666523808241,1.663161947,0.0,0.0,0.0
r,throughput,arxiv-r-throughput_10000,throughput,default_cagra,128,2,2088,0.976,2148.0300615309316,4.655435171,0.0,0.0,0.0002
r,throughput,arxiv-r-throughput_10000,throughput,default_accumulator,128,2,2088,0.9989,2136.95441912357,4.679562205,0.0,0.0,0.0
r,throughput,arxiv-r-throughput_10000,throughput,automatic_legacy,128,2,2088,0.94566,4068.368690102248,2.4579942,0.0,0.0,0.0656
r,throughput,arxiv-r-throughput_10000,throughput,automatic_accumulator,128,2,2088,0.98021,4046.591558485468,2.471222197,0.0,0.0,0.0
r,throughput,arxiv-r-throughput_10000,throughput,default_cagra,128,2,4176,0.97601,1696.7273936044298,5.893704431,0.0,0.0,0.0
r,throughput,arxiv-r-throughput_10000,throughput,default_accumulator,128,2,4176,0.99891,1676.118615207255,5.966170759,0.0,0.0,0.0
r,throughput,arxiv-r-throughput_10000,throughput,automatic_legacy,128,2,4176,0.94566,2893.3616876019905,3.456193298,0.0,0.0,0.0656
r,throughput,arxiv-r-throughput_10000,throughput,automatic_accumulator,128,2,4176,0.98021,2864.072765973801,3.491537825,0.0,0.0,0.0
r,throughput,arxiv-r-throughput_10000,throughput,default_cagra,128,2,7569,0.97601,1510.1248875959595,6.621975658,0.0,0.0,0.0
r,throughput,arxiv-r-throughput_10000,throughput,default_accumulator,128,2,7569,0.99891,1488.6183946430917,6.717645429,0.0,0.0,0.0
r,throughput,arxiv-r-throughput_10000,throughput,automatic_legacy,128,2,7569,0.94566,2672.0633539295027,3.742432121,0.0,0.0,0.0656
r,throughput,arxiv-r-throughput_10000,throughput,automatic_accumulator,128,2,7569,0.98021,2640.9390748377514,3.786547049,0.0,0.0,0.0
r,throughput,arxiv-r-throughput_10000,throughput,default_cagra,128,4,0,0.95784,13938.699353705379,0.717433261,0.0,0.0,0.0394
r,throughput,arxiv-r-throughput_10000,throughput,default_accumulator,128,4,0,0.97739,13900.79488107587,0.71938897,0.0,0.0,0.0011
r,throughput,arxiv-r-throughput_10000,throughput,automatic_legacy,128,4,0,0.9419,14819.875725511169,0.674775519,0.0,0.0,0.0692
r,throughput,arxiv-r-throughput_10000,throughput,automatic_accumulator,128,4,0,0.97599,14806.308557634047,0.675394337,0.0,0.0,0.001
r,throughput,arxiv-r-throughput_10000,throughput,default_cagra,128,4,522,0.97616,2617.8448028216035,3.819942547,0.0,0.0,0.001
r,throughput,arxiv-r-throughput_10000,throughput,default_accumulator,128,4,522,0.99888,2597.9694264194745,3.849166099,0.0,0.0,0.0
r,throughput,arxiv-r-throughput_10000,throughput,automatic_legacy,128,4,522,0.94542,6465.94852850339,1.546569471,0.0,0.0,0.0588
r,throughput,arxiv-r-throughput_10000,throughput,automatic_accumulator,128,4,522,0.98061,6438.1468171956585,1.553248246,0.0,0.0,0.0
r,throughput,arxiv-r-throughput_10000,throughput,default_cagra,128,4,1044,0.97622,2189.2433442114143,4.567793703,0.0,0.0,0.0002
r,throughput,arxiv-r-throughput_10000,throughput,default_accumulator,128,4,1044,0.99894,2177.50839575609,4.592409884,0.0,0.0,0.0
r,throughput,arxiv-r-throughput_10000,throughput,automatic_legacy,128,4,1044,0.94544,4398.432669001865,2.273543052,0.0,0.0,0.0584
r,throughput,arxiv-r-throughput_10000,throughput,automatic_accumulator,128,4,1044,0.98063,4383.469401241449,2.28130553,0.0,0.0,0.0
r,throughput,arxiv-r-throughput_10000,throughput,default_cagra,128,4,2088,0.97623,1776.0570055593134,5.630456642,0.0,0.0,0.0
r,throughput,arxiv-r-throughput_10000,throughput,default_accumulator,128,4,2088,0.99895,1762.4353422917363,5.673973149,0.0,0.0,0.0
r,throughput,arxiv-r-throughput_10000,throughput,automatic_legacy,128,4,2088,0.94544,3057.9444723972433,3.270177307,0.0,0.0,0.0584
r,throughput,arxiv-r-throughput_10000,throughput,automatic_accumulator,128,4,2088,0.98063,3029.199836111421,3.301209625,0.0,0.0,0.0
r,throughput,arxiv-r-throughput_10000,throughput,default_cagra,256,1,0,0.98302,7414.151253490488,1.348778967,0.0,0.0,0.0199
r,throughput,arxiv-r-throughput_10000,throughput,default_accumulator,256,1,0,0.99029,7367.833838603045,1.357256276,0.0,0.0,0.0005
r,throughput,arxiv-r-throughput_10000,throughput,automatic_legacy,256,1,0,0.97035,7348.026097996277,1.360915948,0.0,0.0,0.0459
r,throughput,arxiv-r-throughput_10000,throughput,automatic_accumulator,256,1,0,0.99024,7318.718182932799,1.366366761,0.0,0.0,0.0004
r,throughput,arxiv-r-throughput_10000,throughput,default_cagra,256,1,522,0.98966,3742.1760034223125,2.67224756,0.0,0.0,0.0102
r,throughput,arxiv-r-throughput_10000,throughput,default_accumulator,256,1,522,0.99777,3719.52335173767,2.688538707,0.0,0.0,0.0003
r,throughput,arxiv-r-throughput_10000,throughput,automatic_legacy,256,1,522,0.9711,6915.170950664404,1.446102753,0.0,0.0,0.0448
r,throughput,arxiv-r-throughput_10000,throughput,automatic_accumulator,256,1,522,0.99121,6899.472627785145,1.449391663,0.0,0.0,0.0002
r,throughput,arxiv-r-throughput_10000,throughput,default_cagra,256,1,1044,0.99103,2350.330034457023,4.254727294,0.0,0.0,0.0039
r,throughput,arxiv-r-throughput_10000,throughput,default_accumulator,256,1,1044,0.99941,2338.3271517055036,4.276567983,0.0,0.0,0.0001
r,throughput,arxiv-r-throughput_10000,throughput,automatic_legacy,256,1,1044,0.97141,5649.920180268812,1.769942668,0.0,0.0,0.0432
r,throughput,arxiv-r-throughput_10000,throughput,automatic_accumulator,256,1,1044,0.99163,5613.236991783306,1.781509405,0.0,0.0,0.0
r,throughput,arxiv-r-throughput_10000,throughput,default_cagra,256,1,2088,0.99125,1711.7955354862027,5.84182519,0.0,0.0,0.0009
r,throughput,arxiv-r-throughput_10000,throughput,default_accumulator,256,1,2088,0.99968,1703.9300579383091,5.868791716,0.0,0.0,0.0
r,throughput,arxiv-r-throughput_10000,throughput,automatic_legacy,256,1,2088,0.97157,4180.999664852068,2.391781916,0.0,0.0,0.0427
r,throughput,arxiv-r-throughput_10000,throughput,automatic_accumulator,256,1,2088,0.99181,4144.441087668435,2.412876941,0.0,0.0,0.0
r,throughput,arxiv-r-throughput_10000,throughput,default_cagra,256,1,4176,0.99135,1386.2035046557462,7.213953714,0.0,0.0,0.0002
r,throughput,arxiv-r-throughput_10000,throughput,default_accumulator,256,1,4176,0.99978,1375.099343966625,7.272207893,0.0,0.0,0.0
r,throughput,arxiv-r-throughput_10000,throughput,automatic_legacy,256,1,4176,0.97164,2811.2604583334596,3.557129332,0.0,0.0,0.0423
r,throughput,arxiv-r-throughput_10000,throughput,automatic_accumulator,256,1,4176,0.99188,2770.5369694065575,3.60941437,0.0,0.0,0.0
r,throughput,arxiv-r-throughput_10000,throughput,default_cagra,256,1,7569,0.99136,1167.0519420816602,8.568615412,0.0,0.0,0.0
r,throughput,arxiv-r-throughput_10000,throughput,default_accumulator,256,1,7569,0.99979,1152.35412118731,8.677894494,0.0,0.0,0.0
r,throughput,arxiv-r-throughput_10000,throughput,automatic_legacy,256,1,7569,0.97166,1958.2764105634328,5.106537144,0.0,0.0,0.0423
r,throughput,arxiv-r-throughput_10000,throughput,automatic_accumulator,256,1,7569,0.9919,1926.1640139250978,5.191672079,0.0,0.0,0.0
r,throughput,arxiv-r-throughput_10000,throughput,default_cagra,256,2,0,0.98319,7443.587582353956,1.343444239,0.0,0.0,0.0192
r,throughput,arxiv-r-throughput_10000,throughput,default_accumulator,256,2,0,0.99044,7400.893081024712,1.351194555,0.0,0.0,0.0005
r,throughput,arxiv-r-throughput_10000,throughput,automatic_legacy,256,2,0,0.97028,7465.183710124304,1.339557704,0.0,0.0,0.0443
r,throughput,arxiv-r-throughput_10000,throughput,automatic_accumulator,256,2,0,0.99021,7440.06992059328,1.34408037,0.0,0.0,0.0006
r,throughput,arxiv-r-throughput_10000,throughput,default_cagra,256,2,522,0.99109,2371.5756502294676,4.216612413,0.0,0.0,0.004
r,throughput,arxiv-r-throughput_10000,throughput,default_accumulator,256,2,522,0.99944,2362.401834292098,4.232986534,0.0,0.0,0.0001
r,throughput,arxiv-r-throughput_10000,throughput,automatic_legacy,256,2,522,0.97137,5984.714702302242,1.670930541,0.0,0.0,0.0415
r,throughput,arxiv-r-throughput_10000,throughput,automatic_accumulator,256,2,522,0.99166,5987.761494542651,1.670079376,0.0,0.0,0.0001
r,throughput,arxiv-r-throughput_10000,throughput,default_cagra,256,2,1044,0.9913,1737.2862594914097,5.756110292,0.0,0.0,0.0011
r,throughput,arxiv-r-throughput_10000,throughput,default_accumulator,256,2,1044,0.9997,1732.0444556615216,5.773529922,0.0,0.0,0.0
r,throughput,arxiv-r-throughput_10000,throughput,automatic_legacy,256,2,1044,0.97154,4612.168680728025,2.168183839,0.0,0.0,0.041
r,throughput,arxiv-r-throughput_10000,throughput,automatic_accumulator,256,2,1044,0.99184,4589.685218808393,2.178804401,0.0,0.0,0.0
r,throughput,arxiv-r-throughput_10000,throughput,default_cagra,256,2,2088,0.9914,1427.843674601209,7.003584062,0.0,0.0,0.0002
r,throughput,arxiv-r-throughput_10000,throughput,default_accumulator,256,2,2088,0.9998,1419.3629343895689,7.045420454,0.0,0.0,0.0
r,throughput,arxiv-r-throughput_10000,throughput,automatic_legacy,256,2,2088,0.9716,3219.663624220846,3.105920651,0.0,0.0,0.0404
r,throughput,arxiv-r-throughput_10000,throughput,automatic_accumulator,256,2,2088,0.9919,3196.546306119739,3.128382552,0.0,0.0,0.0
r,throughput,arxiv-r-throughput_10000,throughput,default_cagra,256,2,4176,0.99141,1195.2413500898253,8.366517086,0.0,0.0,0.0
r,throughput,arxiv-r-throughput_10000,throughput,default_accumulator,256,2,4176,0.99981,1186.1017860893953,8.430986593,0.0,0.0,0.0
r,throughput,arxiv-r-throughput_10000,throughput,automatic_legacy,256,2,4176,0.9716,2141.123900000762,4.670450475,0.0,0.0,0.0404
r,throughput,arxiv-r-throughput_10000,throughput,automatic_accumulator,256,2,4176,0.9919,2115.9157190999663,4.726092434,0.0,0.0,0.0
r,throughput,arxiv-r-throughput_10000,throughput,default_cagra,256,2,7569,0.99141,1055.0012461205106,9.478667538,0.0,0.0,0.0
r,throughput,arxiv-r-throughput_10000,throughput,default_accumulator,256,2,7569,0.99981,1042.9019159804584,9.588651382,0.0,0.0,0.0
r,throughput,arxiv-r-throughput_10000,throughput,automatic_legacy,256,2,7569,0.9716,1777.6305002223278,5.625473044,0.0,0.0,0.0404
r,throughput,arxiv-r-throughput_10000,throughput,automatic_accumulator,256,2,7569,0.9919,1755.9338033093215,5.69498213,0.0,0.0,0.0
r,throughput,arxiv-r-throughput_10000,throughput,default_cagra,256,4,0,0.98342,7366.164351417755,1.35757054,0.0,0.0,0.0182
r,throughput,arxiv-r-throughput_10000,throughput,default_accumulator,256,4,0,0.99095,7359.881837280351,1.358722868,0.0,0.0,0.0004
r,throughput,arxiv-r-throughput_10000,throughput,automatic_legacy,256,4,0,0.97032,7589.26874517925,1.317656434,0.0,0.0,0.0426
r,throughput,arxiv-r-throughput_10000,throughput,automatic_accumulator,256,4,0,0.99044,7579.047215264218,1.319433506,0.0,0.0,0.0003
r,throughput,arxiv-r-throughput_10000,throughput,default_cagra,256,4,522,0.99113,1749.9182495506006,5.714558632,0.0,0.0,0.0009
r,throughput,arxiv-r-throughput_10000,throughput,default_accumulator,256,4,522,0.9997,1743.2840564409287,5.736309677,0.0,0.0,0.0
r,throughput,arxiv-r-throughput_10000,throughput,automatic_legacy,256,4,522,0.97144,4916.604149871455,2.033930498,0.0,0.0,0.0394
r,throughput,arxiv-r-throughput_10000,throughput,automatic_accumulator,256,4,522,0.99196,4905.257374544065,2.038634986,0.0,0.0,0.0
r,throughput,arxiv-r-throughput_10000,throughput,default_cagra,256,4,1044,0.99121,1443.121376592649,6.929429952,0.0,0.0,0.0001
r,throughput,arxiv-r-throughput_10000,throughput,default_accumulator,256,4,1044,0.99979,1436.8111354576802,6.959863109,0.0,0.0,0.0
r,throughput,arxiv-r-throughput_10000,throughput,automatic_legacy,256,4,1044,0.97151,3518.4775885217946,2.842143707,0.0,0.0,0.0388
r,throughput,arxiv-r-throughput_10000,throughput,automatic_accumulator,256,4,1044,0.99203,3504.787479589639,2.853246219,0.0,0.0,0.0
r,throughput,arxiv-r-throughput_10000,throughput,default_cagra,256,4,2088,0.99122,1233.3192935021614,8.108215903,0.0,0.0,0.0
r,throughput,arxiv-r-throughput_10000,throughput,default_accumulator,256,4,2088,0.9998,1225.3128595219769,8.161186621,0.0,0.0,0.0
r,throughput,arxiv-r-throughput_10000,throughput,automatic_legacy,256,4,2088,0.97151,2402.5692587436347,4.162217209,0.0,0.0,0.0388
r,throughput,arxiv-r-throughput_10000,throughput,automatic_accumulator,256,4,2088,0.99203,2389.4517746988568,4.185066086,0.0,0.0,0.0
r,throughput,arxiv-r-throughput_10000,throughput,default_cagra,512,1,0,0.9942,3788.9360660899024,2.63927023,0.0,0.0,0.0075
r,throughput,arxiv-r-throughput_10000,throughput,default_accumulator,512,1,0,0.99738,3759.6815776491912,2.659804842,0.0,0.0,0.0002
r,throughput,arxiv-r-throughput_10000,throughput,automatic_legacy,512,1,0,0.9892,3802.681166521556,2.629730168,0.0,0.0,0.0195
r,throughput,arxiv-r-throughput_10000,throughput,automatic_accumulator,512,1,0,0.99736,3791.636706309052,2.63739021,0.0,0.0,0.0002
r,throughput,arxiv-r-throughput_10000,throughput,default_cagra,512,1,522,0.99425,3749.12229297719,2.667297031,0.0,0.0,0.0078
r,throughput,arxiv-r-throughput_10000,throughput,default_accumulator,512,1,522,0.99742,3726.428494266212,2.683541752,0.0,0.0,0.0002
r,throughput,arxiv-r-throughput_10000,throughput,automatic_legacy,512,1,522,0.98921,3804.822740135449,2.628249427,0.0,0.0,0.0195
r,throughput,arxiv-r-throughput_10000,throughput,automatic_accumulator,512,1,522,0.99737,3793.5460928343286,2.636063182,0.0,0.0,0.0002
r,throughput,arxiv-r-throughput_10000,throughput,default_cagra,512,1,1044,0.99597,1944.6627079314646,5.142285966,0.0,0.0,0.0034
r,throughput,arxiv-r-throughput_10000,throughput,default_accumulator,512,1,1044,0.99937,1933.8483359536071,5.171042807,0.0,0.0,0.0
r,throughput,arxiv-r-throughput_10000,throughput,automatic_legacy,512,1,1044,0.9894,3693.7636953137094,2.707273013,0.0,0.0,0.019
r,throughput,arxiv-r-throughput_10000,throughput,automatic_accumulator,512,1,1044,0.99763,3686.7810319392997,2.71239976,0.0,0.0,0.0
r,throughput,arxiv-r-throughput_10000,throughput,default_cagra,512,1,2088,0.99637,1245.6443850186697,8.027979667,0.0,0.0,0.0008
r,throughput,arxiv-r-throughput_10000,throughput,default_accumulator,512,1,2088,0.99983,1239.318590520344,8.068955925,0.0,0.0,0.0
r,throughput,arxiv-r-throughput_10000,throughput,automatic_legacy,512,1,2088,0.98948,3117.5247543298224,3.207679341,0.0,0.0,0.0185
r,throughput,arxiv-r-throughput_10000,throughput,automatic_accumulator,512,1,2088,0.99776,3106.911174774771,3.218637319,0.0,0.0,0.0
r,throughput,arxiv-r-throughput_10000,throughput,default_cagra,512,1,4176,0.99648,930.2246032048538,10.750105434,0.0,0.0,0.0001
r,throughput,arxiv-r-throughput_10000,throughput,default_accumulator,512,1,4176,0.99995,924.6107143569765,10.815368531,0.0,0.0,0.0
r,throughput,arxiv-r-throughput_10000,throughput,automatic_legacy,512,1,4176,0.98957,2357.0003864515984,4.242699402,0.0,0.0,0.0181
r,throughput,arxiv-r-throughput_10000,throughput,automatic_accumulator,512,1,4176,0.99785,2342.3203766557513,4.269276988,0.0,0.0,0.0
r,throughput,arxiv-r-throughput_10000,throughput,default_cagra,512,1,7569,0.99648,791.2380556855071,12.638445834,0.0,0.0,0.0
r,throughput,arxiv-r-throughput_10000,throughput,default_accumulator,512,1,7569,0.99995,784.244868359981,12.751125293,0.0,0.0,0.0
r,throughput,arxiv-r-throughput_10000,throughput,automatic_legacy,512,1,7569,0.98957,1743.8293397322084,5.734512567,0.0,0.0,0.0181
r,throughput,arxiv-r-throughput_10000,throughput,automatic_accumulator,512,1,7569,0.99785,1729.8772473759439,5.780763439,0.0,0.0,0.0
r,throughput,arxiv-r-throughput_10000,throughput,default_cagra,512,2,0,0.99427,3787.271868947773,2.640428873,0.0,0.0,0.0075
r,throughput,arxiv-r-throughput_10000,throughput,default_accumulator,512,2,0,0.99741,3775.4403907100877,2.648703686,0.0,0.0,0.0002
r,throughput,arxiv-r-throughput_10000,throughput,automatic_legacy,512,2,0,0.98917,3824.737889786455,2.614565114,0.0,0.0,0.0186
r,throughput,arxiv-r-throughput_10000,throughput,automatic_accumulator,512,2,0,0.99736,3821.838743610058,2.616548965,0.0,0.0,0.0002
r,throughput,arxiv-r-throughput_10000,throughput,default_cagra,512,2,522,0.996,1949.4285898362566,5.129714266,0.0,0.0,0.0034
r,throughput,arxiv-r-throughput_10000,throughput,default_accumulator,512,2,522,0.99936,1945.6252651717655,5.139741889,0.0,0.0,0.0
r,throughput,arxiv-r-throughput_10000,throughput,automatic_legacy,512,2,522,0.98935,3751.1517161145507,2.665854711,0.0,0.0,0.0181
r,throughput,arxiv-r-throughput_10000,throughput,automatic_accumulator,512,2,522,0.99762,3743.008025912154,2.671654602,0.0,0.0,0.0
r,throughput,arxiv-r-throughput_10000,throughput,default_cagra,512,2,1044,0.99641,1250.0841356631263,7.999545055,0.0,0.0,0.0007
r,throughput,arxiv-r-throughput_10000,throughput,default_accumulator,512,2,1044,0.99983,1244.391746189648,8.036061155,0.0,0.0,0.0
r,throughput,arxiv-r-throughput_10000,throughput,automatic_legacy,512,2,1044,0.98942,3280.685384197878,3.048149884,0.0,0.0,0.0177
r,throughput,arxiv-r-throughput_10000,throughput,automatic_accumulator,512,2,1044,0.99773,3271.405769328571,3.056795903,0.0,0.0,0.0
r,throughput,arxiv-r-throughput_10000,throughput,default_cagra,512,2,2088,0.99652,940.7613837331787,10.62969492,0.0,0.0,0.0001
r,throughput,arxiv-r-throughput_10000,throughput,default_accumulator,512,2,2088,0.99995,935.9211260962696,10.684668397,0.0,0.0,0.0
r,throughput,arxiv-r-throughput_10000,throughput,automatic_legacy,512,2,2088,0.98954,2579.3207902287204,3.876996736,0.0,0.0,0.0173
r,throughput,arxiv-r-throughput_10000,throughput,automatic_accumulator,512,2,2088,0.99785,2573.684558674128,3.885486362,0.0,0.0,0.0
r,throughput,arxiv-r-throughput_10000,throughput,default_cagra,512,2,4176,0.99653,792.716031211355,12.614885335,0.0,0.0,0.0
r,throughput,arxiv-r-throughput_10000,throughput,default_accumulator,512,2,4176,0.99996,786.9325926581888,12.70757536,0.0,0.0,0.0
r,throughput,arxiv-r-throughput_10000,throughput,automatic_legacy,512,2,4176,0.98954,1873.3606141637254,5.33800685,0.0,0.0,0.0173
r,throughput,arxiv-r-throughput_10000,throughput,automatic_accumulator,512,2,4176,0.99785,1860.8880873136115,5.373784913,0.0,0.0,0.0
r,throughput,arxiv-r-throughput_10000,throughput,default_cagra,512,2,7569,0.99653,713.1444361848742,14.022412963,0.0,0.0,0.0
r,throughput,arxiv-r-throughput_10000,throughput,default_accumulator,512,2,7569,0.99996,708.331325181449,14.117692971,0.0,0.0,0.0
r,throughput,arxiv-r-throughput_10000,throughput,automatic_legacy,512,2,7569,0.98954,1449.0203089139382,6.901220873,0.0,0.0,0.0173
r,throughput,arxiv-r-throughput_10000,throughput,automatic_accumulator,512,2,7569,0.99785,1435.8412105655175,6.964574226,0.0,0.0,0.0
r,throughput,arxiv-r-throughput_10000,throughput,default_cagra,512,4,0,0.99432,3827.3358324451383,2.612790229,0.0,0.0,0.0073
r,throughput,arxiv-r-throughput_10000,throughput,default_accumulator,512,4,0,0.99744,3818.233221316222,2.619018097,0.0,0.0,0.0002
r,throughput,arxiv-r-throughput_10000,throughput,automatic_legacy,512,4,0,0.98913,3921.691663984567,2.549927394,0.0,0.0,0.0182
r,throughput,arxiv-r-throughput_10000,throughput,automatic_accumulator,512,4,0,0.99737,3916.0183149436784,2.553620469,0.0,0.0,0.0002
r,throughput,arxiv-r-throughput_10000,throughput,default_cagra,512,4,522,0.99643,1268.9175217333805,7.880738886,0.0,0.0,0.0008
r,throughput,arxiv-r-throughput_10000,throughput,default_accumulator,512,4,522,0.99983,1263.973784280332,7.911562453,0.0,0.0,0.0
r,throughput,arxiv-r-throughput_10000,throughput,automatic_legacy,512,4,522,0.98941,3428.701530355815,2.916562908,0.0,0.0,0.0171
r,throughput,arxiv-r-throughput_10000,throughput,automatic_accumulator,512,4,522,0.99778,3423.261041865733,2.921198066,0.0,0.0,0.0
r,throughput,arxiv-r-throughput_10000,throughput,default_cagra,512,4,1044,0.99654,958.3806067466112,10.43427409,0.0,0.0,0.0001
r,throughput,arxiv-r-throughput_10000,throughput,default_accumulator,512,4,1044,0.99995,953.9472695648172,10.482766299,0.0,0.0,0.0
r,throughput,arxiv-r-throughput_10000,throughput,automatic_legacy,512,4,1044,0.98948,2766.1776137143715,3.615102706,0.0,0.0,0.0167
r,throughput,arxiv-r-throughput_10000,throughput,automatic_accumulator,512,4,1044,0.99785,2759.264269586235,3.624161092,0.0,0.0,0.0
r,throughput,arxiv-r-throughput_10000,throughput,default_cagra,512,4,2088,0.99655,811.8822869074058,12.3170625,0.0,0.0,0.0
r,throughput,arxiv-r-throughput_10000,throughput,default_accumulator,512,4,2088,0.99996,808.405849226143,12.370030269,0.0,0.0,0.0
r,throughput,arxiv-r-throughput_10000,throughput,automatic_legacy,512,4,2088,0.98949,2062.8116357097797,4.847763378,0.0,0.0,0.0167
r,throughput,arxiv-r-throughput_10000,throughput,automatic_accumulator,512,4,2088,0.99786,2054.1458423955146,4.868210056,0.0,0.0,0.0
