query_id,recall,iterations,resolved_max_iterations,stop_reason,terminal_valid,terminal_pass,terminal_reject,terminal_unexpanded_pass,terminal_unexpanded_reject,expanded_pass_parents,expanded_reject_parents,candidate_attempts,candidate_evaluations,candidate_duplicate_or_full,candidate_duplicates,candidate_hash_full,passing_candidates,rejected_candidates,penalized_candidates,accumulator_observations,accumulator_insertions,gt_seen_mask,output_count,hash_bitlen,small_hash_bitlen,small_hash_reset_interval,resolved_filtering_rate,reference_penalty,query_penalty,terminal_cutoff,best_unexpanded_distance,worst_retained_distance,kth_passing_raw_distance,gt_first_iteration_0,gt_first_iteration_1,gt_first_iteration_2,gt_first_iteration_3,gt_first_iteration_4,gt_first_iteration_5,gt_first_iteration_6,gt_first_iteration_7,gt_first_iteration_8,gt_first_iteration_9
0,0.600000024,7569,7569,1,512,5,507,0,507,5,15131,484352,170016,314336,314336,0,6,170010,74395,6,6,95,6,20,0,1048576,0.999899983,3478694,5.88558388,2.09070897,1.94684649,2.09070897,inf,63,64,64,64,64,4294967295,5457,4294967295,4294967295,4294967295
1,1,7569,7569,1,512,7,505,0,505,7,15129,484352,196684,287668,287668,0,10,196674,61543,10,10,1023,10,20,0,1048576,0.999899983,3478694,8.0516367,1.92294002,1.80454803,1.92294002,1.80607605,74,139,95,581,5623,1960,795,5944,5944,2747
2,0.200000003,7569,7569,1,512,0,512,0,512,0,15136,484352,218920,265432,265432,0,2,218918,64324,2,2,6,2,20,0,1048576,0.999899983,3478694,8.64692879,1.50230289,1.46808457,1.50230289,inf,4294967295,3881,5923,4294967295,4294967295,4294967295,4294967295,4294967295,4294967295,4294967295
3,0.899999976,7569,7569,1,512,3,509,0,509,3,15133,484352,194693,289659,289659,0,14,194679,68762,14,13,991,10,20,0,1048576,0.999899983,3478694,10.6389818,1.4157474,1.39248359,1.4157474,1.41938782,167,1340,1142,1142,1679,4294967295,1660,3733,5799,3423
4,1,7569,7569,1,512,20,492,0,492,44,15092,484352,267989,216363,216363,0,66,267923,60617,66,25,1023,10,20,0,1048576,0.999899983,3478694,9.49308872,1.69971192,1.66384768,1.69971192,1.28182983,89,90,90,90,89,91,234,90,156,155
5,1,7569,7569,1,512,14,498,0,498,14,15122,484352,250371,233981,233981,0,30,250341,61251,30,14,1023,10,20,0,1048576,0.999899983,3478694,9.63491058,1.68051577,1.67034364,1.68051577,1.37605286,76,75,70,419,388,388,2942,420,2346,5400
6,1,7569,7569,1,512,47,465,0,465,50,15086,484352,186825,297527,297527,0,70,186755,67494,70,20,1023,10,20,0,1048576,0.999899983,3478694,7.67324781,1.81208599,1.77765858,1.81208599,0.648681641,56,57,73,66,60,56,76,56,57,58
7,0.100000001,7569,7569,1,512,0,512,0,512,0,15136,484352,257734,226618,226618,0,1,257733,62948,1,1,1,1,20,0,1048576,0.999899983,3478694,7.27072525,1.88062966,1.84902203,1.88062966,inf,3521,4294967295,4294967295,4294967295,4294967295,4294967295,4294967295,4294967295,4294967295,4294967295
8,0.600000024,7569,7569,1,512,3,509,0,509,3,15133,484352,227103,257249,257249,0,8,227095,62617,8,8,691,8,20,0,1048576,0.999899983,3478694,10.5230808,1.61811519,1.56236911,1.61811519,inf,533,4500,4294967295,4294967295,5800,1002,4294967295,4282,4294967295,2613
9,1,7569,7569,1,512,7,505,0,505,16,15120,484352,234697,249655,249655,0,20,234677,61795,20,16,1023,10,20,0,1048576,0.999899983,3478694,10.3064756,1.56868339,1.53370559,1.56868339,1.40008545,183,192,449,194,194,102,1370,193,101,193
10,0.600000024,7569,7569,1,512,1,511,0,511,1,15135,484352,229864,254488,254488,0,6,229858,61092,6,6,111,6,20,0,1048576,0.999899983,3478694,8.20626926,1.64672709,1.6248889,1.64672709,inf,442,494,4923,1571,4294967295,203,3936,4294967295,4294967295,4294967295
11,1,7569,7569,1,512,6,506,0,506,6,15130,484352,268925,215427,215427,0,13,268912,58852,13,12,1023,10,20,0,1048576,0.999899983,3478694,9.37033653,1.52305293,1.50367248,1.52305293,1.51243591,118,152,339,288,151,152,289,997,3998,5258
12,0.100000001,7569,7569,1,512,1,511,0,511,1,15135,484352,256461,227891,227891,0,1,256460,72821,1,1,1,1,20,0,1048576,0.999899983,3478694,7.71734333,2.28010201,1.75844288,2.28010201,inf,723,4294967295,4294967295,4294967295,4294967295,4294967295,4294967295,4294967295,4294967295,4294967295
13,0.200000003,7569,7569,1,512,0,512,0,512,0,15136,484352,211683,272669,272669,0,2,211681,64888,2,2,10,2,20,0,1048576,0.999899983,3478694,10.5519819,1.58723414,1.56542695,1.58723414,inf,4294967295,2847,4294967295,7538,4294967295,4294967295,4294967295,4294967295,4294967295,4294967295
14,0.600000024,7569,7569,1,512,0,512,0,512,0,15136,484352,217819,266533,266533,0,9,217810,60948,9,9,349,9,20,0,1048576,0.999899983,3478694,15.3181906,1.69269395,1.66074169,1.69269395,inf,670,4294967295,6747,2882,4587,4294967295,5365,4294967295,4047,4294967295
15,0.600000024,7569,7569,1,512,2,510,0,510,2,15134,484352,223854,260498,260498,0,7,223847,78634,7,7,111,7,20,0,1048576,0.999899983,3478694,10.4113522,1.8695575,1.85270929,1.8695575,inf,1722,2608,3156,255,4294967295,1918,3403,4294967295,4294967295,4294967295
16,1,7569,7569,1,512,5,507,0,507,5,15131,484352,273385,210967,210967,0,20,273365,60424,20,16,1023,10,20,0,1048576,0.999899983,3478694,13.6586428,1.40865576,1.39015889,1.40865576,1.24797058,1699,717,708,5076,542,536,3141,5693,537,1694
17,0.200000003,7569,7569,1,512,0,512,0,512,1,15135,484352,264703,219649,219649,0,2,264701,59452,2,2,33,2,20,0,1048576,0.999899983,3478694,10.0147886,1.66073966,1.64715898,1.66073966,inf,8,4294967295,4294967295,4294967295,4294967295,4426,4294967295,4294967295,4294967295,4294967295
18,1,7569,7569,1,512,6,506,0,506,6,15130,484352,230667,253685,253685,0,16,230651,59905,16,11,1023,10,20,0,1048576,0.999899983,3478694,8.05699921,1.67618084,1.66366279,1.67618084,1.55647278,92,70,127,175,295,176,854,1600,1769,1686
19,1,7569,7569,1,512,20,492,1,492,23,15113,484352,229405,254947,254947,0,50,229355,61091,50,13,1023,10,20,0,1048576,0.999899983,3478694,12.9528141,1.67038977,1.55612028,1.67038977,1.18186951,80,143,135,127,188,1002,207,263,136,208
20,1,7569,7569,1,512,9,503,0,503,13,15123,484352,236186,248166,248166,0,35,236151,61961,35,17,1023,10,20,0,1048576,0.999899983,3478694,8.50749016,1.58293295,1.56886947,1.58293295,1.3407135,81,132,304,81,1204,80,80,82,3822,205
21,0.899999976,7569,7569,1,512,7,505,0,505,8,15128,484352,237731,246621,246621,0,9,237722,65665,9,9,959,9,20,0,1048576,0.999899983,3478694,10.2042809,1.49628556,1.4796114,1.49628556,inf,70,326,71,135,71,72,4294967295,5273,782,72
22,0.100000001,7569,7569,1,512,1,511,0,511,1,15135,484352,230138,254214,254214,0,1,230137,59990,1,1,1,1,20,0,1048576,0.999899983,3478694,15.4403477,1.53550363,1.51791477,1.53550363,inf,4950,4294967295,4294967295,4294967295,4294967295,4294967295,4294967295,4294967295,4294967295,4294967295
23,1,7569,7569,1,512,7,505,0,505,9,15127,484352,218753,265599,265599,0,21,218732,66686,21,14,1023,10,20,0,1048576,0.999899983,3478694,10.359808,1.4855783,1.46027493,1.4855783,1.34884644,68,69,70,71,1212,70,893,2193,4427,4427
24,0,7569,7569,1,512,0,512,0,512,0,15136,484352,205732,278620,278620,0,0,205732,68518,0,0,0,0,20,0,1048576,0.999899983,3478694,12.5422468,1.69275737,1.67199433,1.69275737,inf,4294967295,4294967295,4294967295,4294967295,4294967295,4294967295,4294967295,4294967295,4294967295,4294967295
25,0.899999976,7569,7569,1,512,4,508,0,508,5,15131,484352,278177,206175,206175,0,14,278163,60759,14,13,511,10,20,0,1048576,0.999899983,3478694,10.9020662,1.52341199,1.46732724,1.52341199,1.60340881,806,806,2339,3643,209,3811,776,1542,2015,4294967295
26,1,7569,7569,1,512,53,459,0,459,54,15082,484352,204529,279823,279823,0,76,204453,68272,76,16,1023,10,20,0,1048576,0.999899983,3478694,9.60005093,1.49265611,1.46339738,1.49265611,0.570297241,69,69,79,152,74,70,69,101,70,71
27,0.600000024,7569,7569,1,512,0,512,0,512,2,15134,484352,242358,241994,241994,0,6,242352,61406,6,6,95,6,20,0,1048576,0.999899983,3478694,8.63590431,1.70424247,1.69019985,1.70424247,inf,611,129,128,618,618,4294967295,5936,4294967295,4294967295,4294967295
28,0.400000006,7569,7569,1,512,0,512,0,512,0,15136,484352,263165,221187,221187,0,7,263158,59005,7,7,29,7,20,0,1048576,0.999899983,3478694,9.17875862,1.45634365,1.42648017,1.45634365,inf,7354,4294967295,1097,3564,3564,4294967295,4294967295,4294967295,4294967295,4294967295
29,1,7569,7569,1,512,9,503,0,503,9,15127,484352,194160,290192,290192,0,16,194144,65994,16,11,1023,10,20,0,1048576,0.999899983,3478694,13.7992725,1.42000222,1.39247465,1.42000222,1.1751709,68,69,69,69,76,203,569,1891,1906,1907
30,0.5,7569,7569,1,512,4,508,0,508,4,15132,484352,265582,218770,218770,0,7,265575,62853,7,7,143,7,20,0,1048576,0.999899983,3478694,12.1701155,1.66885662,1.63920724,1.66885662,inf,77,77,78,85,4294967295,4294967295,4294967295,2492,4294967295,4294967295
31,1,7569,7569,1,512,23,489,0,489,26,15110,484352,258041,226311,226311,0,47,257994,59684,47,13,1023,10,20,0,1048576,0.999899983,3478694,13.3988361,1.5551548,1.52101302,1.5551548,1.11198425,76,93,80,75,76,83,92,92,270,167
32,1,7569,7569,1,512,22,490,0,490,32,15104,484352,268766,215586,215586,0,42,268724,64130,42,17,1023,10,20,0,1048576,0.999899983,3478694,14.2006025,1.89657843,1.87570655,1.89657843,1.40156555,78,78,77,80,82,79,79,122,123,81
33,1,7569,7569,1,512,9,503,0,503,10,15126,484352,209849,274503,274503,0,25,209824,65417,25,16,1023,10,20,0,1048576,0.999899983,3478694,12.5952806,1.19887805,1.17411351,1.19887805,0.98487854,71,179,1166,4672,1153,1153,3105,3573,450,2812
34,0.699999988,7569,7569,1,512,4,508,0,508,4,15132,484352,235366,248986,248986,0,15,235351,63732,15,12,191,10,20,0,1048576,0.999899983,3478694,11.0444832,1.4587692,1.43551183,1.4587692,1.52249146,5759,5343,5344,5824,952,3806,4294967295,5933,4294967295,4294967295
35,0.300000012,7569,7569,1,512,1,511,0,511,1,15135,484352,181439,302913,302913,0,3,181436,66248,3,3,13,3,20,0,1048576,0.999899983,3478694,10.8412857,1.22112608,1.17988074,1.22112608,inf,1944,4294967295,4109,7455,4294967295,4294967295,4294967295,4294967295,4294967295,4294967295
36,0.600000024,7569,7569,1,512,2,510,0,510,2,15134,484352,188954,295398,295398,0,8,188946,69775,8,8,851,8,20,0,1048576,0.999899983,3478694,10.7861652,1.29696667,1.28146863,1.29696667,inf,75,1656,4294967295,4294967295,4494,4294967295,2244,4294967295,7274,5035
37,0.699999988,7569,7569,1,512,2,510,0,510,2,15134,484352,279544,204808,204808,0,10,279534,60881,10,10,671,10,20,0,1048576,0.999899983,3478694,10.4435301,1.62357187,1.60245287,1.62357187,1.81494141,136,4020,1814,5265,2626,4294967295,4294967295,6090,4294967295,5065
38,0.100000001,7569,7569,1,512,0,512,0,512,0,15136,484352,149759,334593,334593,0,1,149758,66577,1,1,1,1,20,0,1048576,0.999800026,1739691,3.77197099,2.34235382,2.17335367,2.34235382,inf,3019,4294967295,4294967295,4294967295,4294967295,4294967295,4294967295,4294967295,4294967295,4294967295
39,0.200000003,7569,7569,1,512,1,511,0,511,1,15135,484352,277434,206918,206918,0,3,277431,60544,3,3,3,3,20,0,1048576,0.999899983,3478694,12.1957378,1.7474705,1.68689013,1.7474705,inf,6286,1780,4294967295,4294967295,4294967295,4294967295,4294967295,4294967295,4294967295,4294967295
40,0.5,7569,7569,1,512,3,509,0,509,3,15133,484352,232109,252243,252243,0,6,232103,62282,6,6,31,6,20,0,1048576,0.999899983,3478694,13.2644634,1.68327665,1.66850972,1.68327665,inf,73,400,97,1783,6145,4294967295,4294967295,4294967295,4294967295,4294967295
41,1,7569,7569,1,512,20,492,0,492,23,15113,484352,193613,290739,290739,0,34,193579,71447,34,12,1023,10,20,0,1048576,0.999899983,3478694,13.2534389,1.61271381,1.59137249,1.61271381,0.843780518,81,82,78,82,135,118,107,122,386,136
42,1,7569,7569,1,512,21,491,0,491,23,15113,484352,156452,327900,327900,0,66,156386,64793,66,21,1023,10,20,0,1048576,0.999899983,3478694,7.51146412,2.12832975,2.10767412,2.12832975,1.47982788,222,100,225,684,869,275,962,1031,1031,1212
43,1,7569,7569,1,512,11,501,0,501,12,15124,484352,178553,305799,305799,0,21,178532,78393,21,17,1023,10,20,0,1048576,0.999899983,3478694,10.1548223,1.67425895,1.64764738,1.67425895,1.47442627,99,139,138,1002,139,892,1240,6556,6556,5472
44,0.899999976,7569,7569,1,512,3,509,0,509,3,15133,484352,245425,238927,238927,0,13,245412,60341,13,13,959,10,20,0,1048576,0.999899983,3478694,9.64801979,1.77522349,1.74867463,1.77522349,1.822052,1480,443,507,1319,4477,4950,4294967295,4379,3794,3616
45,1,7569,7569,1,512,26,486,0,486,83,15053,484352,271660,212692,212692,0,105,271555,59980,105,19,1023,10,20,0,1048576,0.999899983,3478694,8.40678596,1.87185133,1.85442185,1.87185133,1.438797,73,76,187,75,78,141,74,78,79,75
46,0.300000012,7569,7569,1,512,3,509,0,509,3,15133,484352,203058,281294,281294,0,3,203055,72096,3,3,7,3,20,0,1048576,0.999899983,3478694,14.3635778,1.55071259,1.41291595,1.55071259,inf,68,76,103,4294967295,4294967295,4294967295,4294967295,4294967295,4294967295,4294967295
47,0.400000006,7569,7569,1,512,0,512,0,512,0,15136,484352,250995,233357,233357,0,4,250991,62223,4,4,77,4,20,0,1048576,0.999899983,3478694,10.0550117,1.50946844,1.49351764,1.50946844,inf,2873,4294967295,5710,983,4294967295,4294967295,3863,4294967295,4294967295,4294967295
48,0.300000012,7569,7569,1,512,0,512,0,512,0,15136,484352,300463,183889,183889,0,4,300459,66729,4,4,11,4,20,0,1048576,0.999899983,3478694,7.57045698,1.83460355,1.80103385,1.83460355,inf,620,620,4294967295,321,4294967295,4294967295,4294967295,4294967295,4294967295,4294967295
49,1,7569,7569,1,512,8,504,0,504,8,15128,484352,205604,278748,278748,0,13,205591,67369,13,13,1023,10,20,0,1048576,0.999899983,3478694,18.7782135,1.51872802,1.46341848,1.51872802,1.34786987,73,623,321,1604,4686,1956,5706,6536,1097,7124
50,0.899999976,7569,7569,1,512,4,508,0,508,4,15132,484352,236247,248105,248105,0,14,236233,58373,14,12,959,10,20,0,1048576,0.999899983,3478694,13.7956972,1.39374769,1.36261904,1.39374769,1.47003174,3682,3682,3681,4704,3961,2633,4294967295,4383,5660,1880
51,1,7569,7569,1,512,12,500,0,500,23,15113,484352,193387,290965,290965,0,76,193311,75925,76,13,1023,10,20,0,1048576,0.999899983,3478694,8.71307182,1.63205743,1.59875631,1.63205743,1.3646698,2066,2066,80,403,485,1380,3167,618,2712,3305
52,1,7569,7569,1,512,142,370,2,370,179,14957,484352,219721,264631,264631,0,590,219131,85425,591,20,1023,10,20,0,1048576,0.998899996,315979.344,0.825964808,2.04199481,2.02648306,2.04199481,1.53465271,655,626,892,892,1295,806,809,870,227,953
53,1,7569,7569,1,512,29,483,0,483,30,15106,484352,256315,228037,228037,0,106,256209,60789,106,17,1023,10,20,0,1048576,0.999800026,1739691,3.81816149,1.77898407,1.74349701,1.77898407,1.20306396,69,120,202,105,528,475,303,89,711,845
54,1,7569,7569,1,512,57,455,1,455,66,15070,484352,259921,224431,224431,0,279,259642,61709,279,27,1023,10,20,0,1048576,0.999899983,3478694,10.3973484,1.62014985,1.59528565,1.62014985,1.22251892,400,102,289,422,165,157,156,395,1420,1690
55,1,7569,7569,1,512,80,432,0,432,97,15039,484352,196064,288288,288288,0,281,195783,74834,282,19,1023,10,20,0,1048576,0.999199986,434596.5,1.09914064,2.46760917,2.39348936,2.46760917,1.81361389,34,109,45,221,65,65,109,141,312,1594
56,0.5,7569,7569,1,512,2,510,0,510,2,15134,484352,165545,318807,318807,0,6,165539,79925,6,6,31,6,20,0,1048576,0.999899983,3478694,8.34332371,1.92399824,1.90119934,1.92399824,inf,67,77,513,4864,5219,4294967295,4294967295,4294967295,4294967295,4294967295
57,1,7569,7569,1,512,368,144,0,144,574,14562,484352,216377,267975,267975,0,1855,214522,50991,1857,32,1023,10,20,0,1048576,0.999300003,496742.062,2.09049463,1.43481064,1.37388933,1.43481064,0.838241577,4,171,2,21,1,4,2,1156,321,3
58,1,7569,7569,1,512,97,415,0,415,110,15026,484352,222798,261554,261554,0,258,222540,62957,258,27,1023,10,20,0,1048576,0.999300003,496742.062,1.57646501,1.58056974,1.56201363,1.58056974,0.822509766,88,70,85,71,71,416,417,130,417,172
59,0.899999976,7569,7569,1,512,64,448,0,448,70,15066,484352,251827,232525,232525,0,367,251460,59060,370,33,959,10,20,0,1048576,0.99879998,289614.781,0.590333879,2.11707592,2.09417987,2.11707592,1.66357422,264,123,640,1703,625,1914,4294967295,90,100,574
60,1,7569,7569,1,512,20,492,0,492,24,15112,484352,188795,295557,295557,0,94,188701,65772,94,15,1023,10,20,0,1048576,0.999800026,1739691,4.79873991,2.6123023,2.55236673,2.6123023,1.74087524,77,124,140,662,245,141,530,268,268,266
61,0.699999988,7569,7569,1,512,9,503,0,503,9,15127,484352,214485,269867,269867,0,55,214430,65610,55,18,981,10,20,0,1048576,0.999899983,3478694,13.8272791,1.29991066,1.27405179,1.29991066,1.15042114,903,4294967295,1183,4294967295,2750,4294967295,5226,1996,1248,3875
62,1,7569,7569,1,512,175,337,1,337,373,14763,484352,216346,268006,268006,0,1056,215290,64400,1056,57,1023,10,20,0,1048576,0.999300003,496742.062,1.38262975,2.13140512,2.04159498,2.13140512,1.33517456,202,74,109,117,145,176,229,288,119,248
63,0.899999976,7569,7569,1,512,6,506,0,506,10,15126,484352,228840,255512,255512,0,17,228823,62443,17,16,511,10,20,0,1048576,0.999899983,3478694,13.2772751,1.30239642,1.27173507,1.30239642,1.24504089,77,192,781,207,2159,194,208,193,4999,4294967295
64,1,7569,7569,1,512,86,426,4,426,84,15052,484352,226503,257849,257849,0,365,226138,56217,367,19,1023,10,20,0,1048576,0.998600006,248196.703,0.746482074,1.57689655,1.56319785,1.57689655,1.17129517,31,38,138,218,73,39,202,298,263,162
65,1,7569,7569,1,512,138,374,0,374,162,14974,484352,227243,257109,257109,0,546,226697,60578,547,35,1023,10,20,0,1048576,0.999300003,496742.062,1.83560705,1.53435087,1.5131098,1.53435087,0.993011475,85,76,243,243,85,233,188,188,319,86
66,1,7569,7569,1,512,230,282,0,282,402,14734,484352,201071,283281,283281,0,681,200390,62590,681,68,1023,10,20,0,1048576,0.99970001,1159562.62,2.84595537,1.66678596,1.64593148,1.66678596,0.661071777,44,46,57,56,49,53,53,59,53,48
67,1,7569,7569,1,512,160,352,0,352,169,14967,484352,238149,246203,246203,0,996,237153,54138,996,25,1023,10,20,0,1048576,0.99879998,289614.781,0.555730939,1.62184513,1.59775352,1.62184513,1.1360321,158,67,101,37,9,141,342,14,143,997
68,0.200000003,7569,7569,1,512,2,510,0,510,2,15134,484352,172890,311462,311462,0,2,172888,64916,2,2,3,2,20,0,1048576,0.999899983,3478694,10.8642273,1.27694571,1.24580765,1.27694571,inf,4290,6253,4294967295,4294967295,4294967295,4294967295,4294967295,4294967295,4294967295,4294967295
69,1,7569,7569,1,512,203,309,0,309,267,14869,484352,261877,222475,222475,0,651,261226,62165,651,36,1023,10,20,0,1048576,0.99940002,579606.938,1.17150867,2.18891048,2.14994884,2.18891048,1.21736145,72,65,155,54,57,147,208,59,70,699
70,1,4230,7569,3,512,512,0,0,0,617,7727,267008,103244,163764,163764,0,1516,101728,26831,1516,44,1023,10,20,0,1048576,0.999100029,386288.438,0.844062448,1.42626953,inf,1.42626953,0.529083252,9,9,8,7,10,6,8,25,18,3
71,1,7569,7569,1,512,61,451,0,451,74,15062,484352,297500,186852,186852,0,280,297220,58123,282,34,1023,10,20,0,1048576,0.999100029,386288.438,0.8303653,1.72988999,1.70220149,1.72988999,1.40037537,42,40,349,1485,345,111,4126,1823,3312,458
72,1,7569,7569,1,512,126,386,0,386,168,14968,484352,86612,397740,397740,0,178,86434,78362,178,21,1023,10,20,0,1048576,0.999899983,3478694,7.97089338,2.45055342,2.36132598,2.45055342,0.755813599,66,67,66,66,67,66,67,67,66,67
73,1,3191,7569,3,512,512,0,0,0,599,5781,204160,102158,102002,102002,0,2388,99770,19629,2388,51,1023,10,20,0,1048576,0.99940002,579606.938,1.51284909,1.48468018,inf,1.48468018,0.760070801,6,8,7,17,3,4,3,5,8,7
74,0.699999988,7569,7569,1,512,3,509,0,509,3,15133,484352,239467,244885,244885,0,15,239452,66411,15,13,191,10,20,0,1048576,0.999899983,3478694,9.14896393,1.76557243,1.64313269,1.76557243,1.85487366,89,379,905,1686,4885,5230,4294967295,3192,4294967295,4294967295
75,1,7569,7569,1,512,46,466,0,466,50,15086,484352,154591,329761,329761,0,112,154479,65906,112,18,1023,10,20,0,1048576,0.999899983,3478694,7.82013416,1.89882565,1.80578792,1.89882565,1.05659485,78,363,164,123,147,1491,139,816,257,223
76,1,7569,7569,1,512,55,457,1,457,68,15068,484352,228029,256323,256323,0,295,227734,68593,295,26,1023,10,20,0,1048576,0.999199986,434596.5,1.46730757,1.82301092,1.79289746,1.82301092,1.19247437,70,72,260,196,195,173,116,160,208,440
77,1,7569,7569,1,512,12,500,0,500,14,15122,484352,219805,264547,264547,0,54,219751,61042,54,16,1023,10,20,0,1048576,0.999800026,1739691,3.83023071,1.50797224,1.44977033,1.50797224,1.34416199,1436,1217,1218,1449,1217,1739,6025,967,2453,6382
78,1,7569,7569,1,512,25,487,0,487,26,15110,484352,235886,248466,248466,0,128,235758,58893,128,21,1023,10,20,0,1048576,0.99970001,1159562.62,1.97824478,1.95666444,1.83151734,1.95666444,1.49845886,118,710,70,417,1433,125,2104,1544,1393,303
79,0.899999976,7569,7569,1,512,15,497,0,497,81,15055,484352,272907,211445,211445,0,166,272741,66293,166,28,959,10,20,0,1048576,0.999800026,1739691,3.7481308,1.98526382,1.97008717,1.98526382,1.68818665,100,72,174,96,100,97,4294967295,272,274,101
80,0.699999988,7569,7569,1,512,2,510,0,510,3,15133,484352,237371,246981,246981,0,12,237359,59090,12,12,127,10,20,0,1048576,0.999800026,1739691,4.40850496,1.72852862,1.68588424,1.72852862,1.77157593,3762,70,6244,4467,5811,2789,6245,4294967295,4294967295,4294967295
81,0.899999976,7569,7569,1,512,21,491,0,491,39,15097,484352,209509,274843,274843,0,105,209404,78367,105,24,767,10,20,0,1048576,0.999899983,3478694,9.86045361,2.21198535,2.19760156,2.21198535,1.88049316,85,849,298,109,75,815,389,294,4294967295,346
82,1,7569,7569,1,512,103,409,0,409,370,14766,484352,168380,315972,315972,0,1035,167345,67158,1035,34,1023,10,20,0,1048576,0.999199986,434596.5,1.13692141,2.00517941,1.99452615,2.00517941,1.45664978,41,42,237,381,220,235,42,95,231,48
83,1,7569,7569,1,512,10,502,0,502,11,15125,484352,276534,207818,207818,0,46,276488,60592,47,20,1023,10,20,0,1048576,0.99940002,579606.938,2.20143747,1.55490661,1.52945352,1.55490661,1.47767639,92,92,3083,101,102,6081,1119,5245,939,4484
84,1,7569,7569,1,512,16,496,0,496,23,15113,484352,287604,196748,196748,0,132,287472,62302,132,26,1023,10,20,0,1048576,0.99970001,1159562.62,3.05570745,1.84938049,1.81189167,1.84938049,1.59864807,1847,113,140,695,1744,429,121,279,1298,1009
85,1,7569,7569,1,512,309,203,0,203,386,14750,484352,198115,286237,286237,0,955,197160,58728,955,37,1023,10,20,0,1048576,0.999300003,496742.062,1.82560897,1.6027416,1.58899689,1.6027416,0.665969849,98,86,63,85,85,116,116,119,84,220
86,0.899999976,7569,7569,1,512,8,504,0,504,8,15128,484352,257777,226575,226575,0,21,257756,59262,21,15,895,10,20,0,1048576,0.999899983,3478694,10.4065847,1.48269498,1.45387721,1.48269498,1.41383362,67,150,3426,961,2085,1113,1340,4294967295,4619,5214
87,1,7569,7569,1,512,326,186,0,186,652,14484,484352,231229,253123,253123,0,1335,229894,66564,1335,56,1023,10,20,0,1048576,0.999499977,695542.812,1.82582223,1.94386613,1.92229056,1.94386613,0.899047852,146,145,147,144,146,145,144,144,144,146
88,1,7569,7569,1,498,50,448,0,448,55,15081,484352,166036,318316,318316,0,95,165941,82737,95,11,1023,10,20,0,1048576,0.999899983,3478694,6.66977262,2.65684104,2.03637242,2.65684104,0.726654053,60,59,113,116,113,106,106,184,107,168
89,1,7569,7569,1,512,231,281,0,281,243,14893,484352,196323,288029,288029,0,537,195786,61031,537,37,1023,10,20,0,1048576,0.998899996,315979.344,0.628756285,1.77383959,1.7431196,1.77383959,0.232910156,10,9,10,10,10,10,10,9,10,10
90,1,7569,7569,1,512,11,501,0,501,12,15124,484352,211780,272572,272572,0,35,211745,63646,35,13,1023,10,20,0,1048576,0.999899983,3478694,9.79758739,1.46227396,1.334939,1.46227396,1.0604248,65,205,564,564,137,918,153,2582,917,760
91,1,7569,7569,1,512,12,500,0,500,12,15124,484352,179120,305232,305232,0,50,179070,65436,50,16,1023,10,20,0,1048576,0.999599993,869541.562,2.7391789,1.24375319,1.19386411,1.24375319,0.837188721,65,137,396,66,652,397,1030,2578,727,1042
92,1,7569,7569,1,512,49,463,0,463,66,15070,484352,171664,312688,312688,0,243,171421,70594,246,18,1023,10,20,0,1048576,0.998899996,315979.344,0.73800987,2.05224967,1.961941,2.05224967,1.53213501,60,149,149,318,189,252,486,326,72,671
93,1,7569,7569,1,510,57,453,0,453,59,15077,484352,144747,339605,339605,0,76,144671,74553,76,13,1023,10,20,0,1048576,0.999899983,3478694,6.81189156,2.17614412,2.14951324,2.17614412,0.626358032,58,59,59,59,59,59,59,59,59,59
94,1,7569,7569,1,512,18,494,0,494,20,15116,484352,210469,273883,273883,0,33,210436,65791,34,17,1023,10,20,0,1048576,0.999800026,1739691,4.52696133,1.82433474,1.75320327,1.82433474,0.917572021,72,71,70,72,66,71,71,75,71,71
95,1,7569,7569,1,512,11,501,0,501,12,15124,484352,171381,312971,312971,0,17,171364,78933,17,10,1023,10,20,0,1048576,0.999899983,3478694,9.56370163,1.9017607,1.8468945,1.9017607,1.39680481,151,175,373,100,317,507,339,658,843,2024
96,0.400000006,7569,7569,1,512,4,508,0,508,4,15132,484352,85493,398859,398859,0,5,85488,77840,7,7,15,7,20,0,1048576,0.99970001,1159562.62,2.17399359,2.21893549,2.16601825,2.21893549,inf,139,1472,313,5334,4294967295,4294967295,4294967295,4294967295,4294967295,4294967295
97,0.800000012,7569,7569,1,512,5,507,0,507,10,15126,484352,284863,199489,199489,0,33,284830,62246,33,19,999,10,20,0,1048576,0.999899983,3478694,13.3195829,1.59394515,1.58242583,1.59394515,1.5980072,171,916,2129,4294967295,4294967295,2512,460,1005,4131,3486
98,1,7569,7569,1,512,43,469,1,469,57,15079,484352,243221,241131,241131,0,203,243018,73080,203,29,1023,10,20,0,1048576,0.999599993,869541.562,2.38259411,1.64309037,1.62637937,1.64309037,1.34298706,107,490,95,344,592,189,2699,919,755,1727
99,1,7569,7569,1,512,15,497,0,497,19,15117,484352,248572,235780,235780,0,43,248529,59801,43,18,1023,10,20,0,1048576,0.999899983,3478694,11.3588142,1.74064052,1.73084974,1.74064052,1.44805908,70,71,71,108,245,1532,2210,839,450,1243
100,1,7569,7569,1,512,37,475,0,475,38,15098,484352,276486,207866,207866,0,306,276180,54189,307,35,1023,10,20,0,1048576,0.998000026,173634.578,0.581475317,1.5828824,1.55538905,1.5828824,1.33262634,122,96,273,368,940,4460,4461,687,5873,1862
101,1,7569,7569,1,512,149,363,0,363,209,14927,484352,247717,236635,236635,0,622,247095,62467,622,34,1023,10,20,0,1048576,0.998600006,248196.703,0.949513435,1.59753704,1.58055377,1.59753704,1.0440979,75,41,182,49,74,42,207,139,48,140
102,1,7569,7569,1,512,93,419,1,419,92,15044,484352,268876,215476,215476,0,582,268294,51361,582,11,1023,10,20,0,1048576,0.997600019,144636.656,0.261223048,1.86339653,1.83504748,1.86339653,1.26109314,8,20,14,5,15,49,38,154,608,601
103,1,7569,7569,1,512,124,388,0,388,135,15001,484352,167838,316514,316514,0,445,167393,58086,445,16,1023,10,20,0,1048576,0.99849999,231624.391,0.720345438,1.53254068,1.48750281,1.53254068,0.852050781,6,5,8,19,276,84,115,31,28,138
104,1,7569,7569,1,512,177,335,2,335,183,14953,484352,257584,226768,226768,0,802,256782,50108,803,24,1023,10,20,0,1048576,0.997699976,150937.594,0.479818434,1.50860453,1.37312317,1.50860453,0.991577148,16,9,88,104,33,86,266,6,59,25
105,1,259,7569,3,512,512,0,0,0,515,1,16512,3523,12989,12989,0,2722,801,164,2723,66,1023,10,20,0,1048576,0.997099996,119638.07,0.408488154,0.723098755,inf,0.723098755,0.28742981,6,6,5,6,6,5,6,6,6,6
106,1,7569,7569,1,512,184,328,0,328,236,14900,484352,256491,227861,227861,0,757,255734,59674,758,39,1023,10,20,0,1048576,0.998399973,217123.922,1.15376878,1.54660034,1.3819313,1.54660034,0.859130859,118,109,127,89,167,111,334,109,149,259
107,1,5050,7569,3,512,512,0,0,0,562,9535,323104,96991,226113,226113,0,2395,94596,31926,2396,39,1023,10,20,0,1048576,0.997600019,144636.656,0.287782639,1.45344543,inf,1.45344543,0.635177612,43,4,58,114,113,27,42,80,13,174
108,1,7569,7569,1,512,301,211,0,211,352,14784,484352,155030,329322,329322,0,824,154206,74740,824,20,1023,10,20,0,1048576,0.997500002,138836.281,0.385104507,2.2069478,2.07482743,2.2069478,0.695953369,9,17,38,38,73,37,7,10,40,8
109,1,5590,7569,3,512,512,0,0,0,633,10527,357120,178363,178757,178757,0,2695,175668,38118,2695,34,1023,10,20,0,1048576,0.997600019,144636.656,0.460308552,1.38397217,inf,1.38397217,0.919311523,709,167,62,7,164,163,397,150,243,63
110,1,7569,7569,1,512,164,348,1,348,181,14955,484352,216184,268168,268168,0,799,215385,54601,800,25,1023,10,20,0,1048576,0.998199999,192963.484,0.647923708,1.54116499,1.51673162,1.54116499,0.745269775,6,7,11,43,66,10,55,7,7,7
111,1,7569,7569,1,512,203,309,0,309,217,14919,484352,234293,250059,250059,0,937,233356,52967,938,30,1023,10,20,0,1048576,0.998399973,217123.922,0.711419165,1.73130262,1.69811392,1.73130262,1.04750061,44,9,9,437,30,262,57,436,437,21
112,1,7569,7569,1,512,146,366,0,366,153,14983,484352,279449,204903,204903,0,735,278714,50659,737,20,1023,10,20,0,1048576,0.997300029,128527.539,0.354198396,1.5475266,1.5105319,1.5475266,1.12498474,36,350,2,41,263,120,80,60,137,29
113,1,5402,7569,3,512,512,0,0,0,749,9956,342560,131070,211490,211490,0,2078,128992,41016,2078,43,1023,10,20,0,1048576,0.998700023,267319.062,0.92721802,1.36506653,inf,1.36506653,0.626708984,166,27,38,36,389,17,22,35,36,188
114,1,7569,7569,1,512,59,453,0,453,60,15076,484352,213534,270818,270818,0,402,213132,58989,402,21,1023,10,20,0,1048576,0.998300016,204336.797,1.01471269,1.43439651,1.41447628,1.43439651,1.01452637,325,44,137,1337,975,622,579,1238,613,182
115,1,7569,7569,1,512,163,349,0,349,249,14887,484352,238946,245406,245406,0,855,238091,56454,855,29,1023,10,20,0,1048576,0.998199999,192963.484,0.740607023,1.35909057,1.34585762,1.35909057,0.908309937,63,63,12,14,21,412,68,20,148,20
116,1,7569,7569,1,512,101,411,2,411,100,15036,484352,228362,255990,255990,0,431,227931,55509,432,20,1023,10,20,0,1048576,0.998099983,182787.578,0.403675288,2.02000046,1.99834263,2.02000046,1.46310425,39,3,3,96,96,30,265,653,653,391
117,1,7569,7569,1,512,136,376,0,376,242,14894,484352,255730,228622,228622,0,814,254916,67576,814,24,1023,10,20,0,1048576,0.999000013,347617.812,0.962079763,1.6862874,1.65780175,1.6862874,1.03146362,16,21,17,21,75,17,29,33,30,30
118,1,259,7569,3,512,512,0,0,0,515,1,16512,3003,13509,13509,0,2240,763,86,2241,46,1023,10,20,0,1048576,0.997099996,119638.07,0.287371129,0.895492554,inf,0.895492554,0.571212769,2,3,3,3,3,3,2,2,3,6
119,1,7569,7569,1,512,92,420,0,420,334,14802,484352,206507,277845,277845,0,1229,205278,64306,1230,81,1023,10,20,0,1048576,0.998899996,315979.344,0.978194594,1.84364605,1.81044626,1.84364605,1.23912048,241,239,191,180,337,175,217,132,238,312
120,1,1908,7569,3,511,511,0,0,0,637,3164,121632,54428,67204,67204,0,2035,52393,15151,2035,90,1023,10,20,0,1048576,0.997900009,165348.266,0.568808019,1.28138733,inf,1.28138733,0.718338013,120,120,144,139,121,85,119,204,58,58
121,1,7569,7569,1,512,143,369,0,369,157,14979,484352,206310,278042,278042,0,589,205721,58933,590,18,1023,10,20,0,1048576,0.998899996,315979.344,0.87286514,1.68778813,1.6729908,1.68778813,0.975723267,130,57,18,19,14,28,163,24,35,227
122,1,5312,7569,3,512,512,0,0,0,742,9729,335072,194631,140441,140441,0,3021,191610,33402,3022,58,1023,10,20,0,1048576,0.99879998,289614.781,1.20929277,1.54458618,inf,1.54458618,0.847869873,53,54,55,56,53,53,54,56,55,53
123,1,7569,7569,1,512,146,366,0,366,155,14981,484352,189387,294965,294965,0,649,188738,56247,650,16,1023,10,20,0,1048576,0.997099996,119638.07,0.302280217,1.85508251,1.77885187,1.85508251,0.909851074,4,18,8,18,26,51,526,266,118,52
124,1,7569,7569,1,512,38,474,0,474,39,15097,484352,189657,294695,294695,0,139,189518,59186,139,18,1023,10,20,0,1048576,0.998199999,192963.484,0.585055053,1.8570751,1.83844018,1.8570751,1.46177673,3,3,5,242,1714,3047,3046,1449,1132,418
125,1,7569,7569,1,512,270,242,0,242,365,14771,484352,144813,339539,339539,0,1172,143641,71075,1172,24,1023,10,20,0,1048576,0.999100029,386288.438,0.816271067,1.78425133,1.74883842,1.78425133,0.925613403,14,12,139,139,29,57,29,33,89,19
126,1,7569,7569,1,512,99,413,3,413,99,15037,484352,246908,237444,237444,0,417,246491,53737,418,15,1023,10,20,0,1048576,0.998399973,217123.922,0.48712945,1.66594219,1.5271759,1.66594219,0.790100098,7,8,8,6,9,8,8,8,9,8
127,1,7569,7569,1,512,78,434,0,434,81,15055,484352,165128,319224,319224,0,360,164768,50732,362,22,1023,10,20,0,1048576,0.997500002,138836.281,0.272198707,1.76057923,1.65172911,1.76057923,1.10388184,14,14,14,28,514,540,12,185,106,4662
128,1,7569,7569,1,512,120,392,1,392,129,15007,484352,241091,243261,243261,0,760,240331,54765,760,30,1023,10,20,0,1048576,0.997799993,157815.359,0.516780317,1.66942465,1.57949162,1.66942465,1.11463928,6,8,277,48,619,533,213,210,241,4
129,1,7569,7569,1,512,162,350,0,350,196,14940,484352,187248,297104,297104,0,767,186481,65266,767,18,1023,10,20,0,1048576,0.998399973,217123.922,0.598837316,1.830109,1.81379795,1.830109,1.01303101,6,54,7,44,66,66,37,26,15,26
130,1,258,7569,3,512,512,0,0,0,512,2,16448,4180,12268,12268,0,3178,1002,146,3179,22,1023,10,20,0,1048576,0.998300016,204336.797,0.686059892,0.757568359,inf,0.757568359,0.49546814,0,0,1,1,1,2,1,1,2,1
131,1,7569,7569,1,508,121,387,0,387,144,14992,484352,98622,385730,385730,0,557,98065,60158,558,20,1023,10,20,0,1048576,0.997600019,144636.656,0.221383661,2.0748229,1.9639467,2.0748229,1.54473877,7,5,37,31,6,207,92,4,43,24
132,1,7569,7569,1,512,94,418,0,418,347,14789,484352,214595,269757,269757,0,1453,213142,57695,1453,48,1023,10,20,0,1048576,0.998700023,267319.062,1.0163269,1.64699388,1.5266248,1.64699388,1.05456543,1420,163,163,261,305,305,145,156,306,306
133,1,7569,7569,1,512,67,445,0,445,69,15067,484352,224110,260242,260242,0,378,223732,53809,379,17,1023,10,20,0,1048576,0.998099983,182787.578,0.448559403,1.43615901,1.40929544,1.43615901,0.998962402,25,26,79,124,870,34,1005,180,59,60
134,1,7569,7569,1,512,130,382,1,382,150,14986,484352,248561,235791,235791,0,761,247800,54532,761,30,1023,10,20,0,1048576,0.998600006,248196.703,0.827324748,1.640872,1.62746215,1.640872,1.1068573,31,102,43,231,209,233,176,205,80,937
135,1,7569,7569,1,512,111,401,0,401,115,15021,484352,182726,301626,301626,0,362,182364,55350,364,19,1023,10,20,0,1048576,0.997799993,157815.359,0.330927014,2.09799957,2.05109024,2.09799957,1.1730957,4,4,74,73,182,384,245,385,285,383
136,1,7569,7569,1,512,149,363,0,363,237,14899,484352,170014,314338,314338,0,913,169101,58646,913,29,1023,10,20,0,1048576,0.998300016,204336.797,0.727362454,1.40760207,1.37929356,1.40760207,0.809707642,109,108,10,18,12,30,8,12,64,7
137,1,7569,7569,1,512,13,499,0,499,13,15123,484352,188599,295753,295753,0,112,188487,57879,113,17,1023,10,20,0,1048576,0.998199999,192963.484,0.608011067,1.25647855,1.23319423,1.25647855,1.02011108,168,1011,216,641,1889,417,1205,1079,1241,1332
138,1,5154,7569,3,511,511,0,0,0,624,9592,326912,121069,205843,205843,0,1873,119196,39487,1874,31,1023,10,20,0,1048576,0.998700023,267319.062,0.899651945,0.980392456,inf,0.980392456,0.338119507,12,21,43,13,36,20,81,14,15,40
139,1,7569,7569,1,512,61,451,0,451,65,15071,484352,180704,303648,303648,0,202,180502,75601,202,10,1023,10,20,0,1048576,0.998399973,217123.922,0.463047266,2.31030154,2.2869935,2.31030154,1.60835266,144,17,159,143,60,223,191,191,395,182
140,1,1667,7569,3,512,512,0,0,0,584,2735,106208,42928,63280,63280,0,1736,41192,13639,1737,50,1023,10,20,0,1048576,0.997200012,123924.031,0.400514483,0.925094604,inf,0.925094604,0.430343628,10,8,9,32,11,19,64,31,36,46
141,1,7569,7569,1,512,81,431,0,431,88,15048,484352,267041,217311,217311,0,425,266616,56103,426,23,1023,10,20,0,1048576,0.997200012,123924.031,0.603982389,1.5577606,1.54535961,1.5577606,1.2278595,23,24,33,562,2485,221,197,1405,70,260
142,1,7569,7569,1,512,39,473,0,473,40,15096,484352,231334,253018,253018,0,245,231089,60601,247,18,1023,10,20,0,1048576,0.998399973,217123.922,0.353273451,2.13135886,2.10920572,2.13135886,1.74093628,3,464,569,488,72,599,1120,1158,3056,3056
143,1,7569,7569,1,512,93,419,0,419,124,15012,484352,258572,225780,225780,0,531,258041,77906,534,36,1023,10,20,0,1048576,0.998399973,217123.922,0.605699301,1.36348271,1.34937453,1.36348271,0.962799072,25,284,43,213,1689,104,2206,307,339,339
144,1,7569,7569,1,512,192,320,1,320,196,14940,484352,290126,194226,194226,0,1302,288824,49445,1302,29,1023,10,20,0,1048576,0.998300016,204336.797,0.445647538,1.75857353,1.74565125,1.75857353,1.35780334,47,118,14,697,9,13,1437,2002,266,1158
145,1,5395,7569,3,512,512,0,0,0,598,10114,342784,160378,182406,182406,0,2270,158108,39370,2271,36,1023,10,20,0,1048576,0.998099983,182787.578,0.499909222,1.51002502,inf,1.51002502,0.79006958,6,46,19,7,8,36,22,84,40,46
146,1,7569,7569,1,512,510,2,0,2,656,14426,482624,212066,270558,270558,0,2545,209521,50657,2545,25,1023,10,20,0,1048576,0.998199999,192963.484,0.596508265,1.5914768,1.58717537,1.5914768,0.859664917,199,3,113,82,21,23,47,4,6,95
147,1,7569,7569,1,512,114,398,0,398,133,15003,484352,170176,314176,314176,0,339,169837,75999,339,24,1023,10,20,0,1048576,0.998099983,182787.578,0.62139535,2.23928022,2.21168542,2.23928022,1.60801697,10,135,41,5,108,5,59,25,545,612
148,1,7569,7569,1,512,221,291,0,291,237,14899,484352,197102,287250,287250,0,998,196104,57226,1000,23,1023,10,20,0,1048576,0.998000026,173634.578,0.636797249,1.24300838,1.12336099,1.24300838,0.566238403,27,2,26,65,61,37,121,2687,37,20
149,1,7569,7569,1,512,189,323,0,323,200,14936,484352,240562,243790,243790,0,979,239583,54987,980,23,1023,10,20,0,1048576,0.997900009,165348.266,0.460073829,1.72545373,1.69696796,1.72545373,1.23475647,20,64,36,35,20,20,17,304,503,90
150,1,7569,7569,1,512,264,248,0,248,278,14858,484352,229200,255152,255152,0,1135,228065,55722,1135,29,1023,10,20,0,1048576,0.997300029,128527.539,0.465633929,1.44230843,1.43220127,1.44230843,0.9402771,14,14,13,331,332,358,548,27,38,57
151,1,7569,7569,1,512,93,419,0,419,93,15043,484352,206006,278346,278346,0,701,205305,49745,704,28,1023,10,20,0,1048576,0.995999992,86641.6797,0.193049654,1.83256292,1.8158406,1.83256292,1.37895203,103,224,284,69,34,243,1378,426,211,328
152,1,301,7569,3,512,512,0,0,0,518,76,19008,10064,8944,8944,0,4323,5741,1202,4323,64,1023,10,20,0,1048576,0.995599985,78733.3672,0.167950422,1.19812012,inf,1.19812012,0.918792725,13,7,8,15,94,14,6,5,30,17
153,1,7569,7569,1,512,80,432,0,432,83,15053,484352,212702,271650,271650,0,364,212338,63731,367,19,1023,10,20,0,1048576,0.996500015,99069.5,0.315179974,1.57286453,1.55837512,1.57286453,1.10493469,376,558,21,40,65,64,66,596,86,616
154,1,6758,7569,3,512,512,0,0,0,565,12942,432224,220627,211597,211597,0,2672,217955,39232,2673,36,1023,10,20,0,1048576,0.996800005,108389.656,0.265569657,1.39616394,inf,1.39616394,0.806549072,16,26,18,55,14,40,17,15,31,7
155,1,7569,7569,1,512,102,410,2,410,100,15036,484352,227220,257132,257132,0,554,226666,50555,554,22,1023,10,20,0,1048576,0.997300029,128527.539,0.493341446,1.52997923,1.50766778,1.52997923,1.10319519,12,181,199,1049,235,333,392,183,291,388
156,1,7569,7569,1,512,390,122,0,122,489,14647,484352,282168,202184,202184,0,2655,279513,50334,2657,52,1023,10,20,0,1048576,0.996599972,101992.281,0.485464305,1.57328415,1.5507654,1.57328415,1.17372131,84,474,2365,20,447,545,345,196,561,23
157,1,7569,7569,1,512,219,293,0,293,244,14892,484352,212101,272251,272251,0,931,211170,67215,933,15,1023,10,20,0,1048576,0.997099996,119638.07,0.376866549,1.63224339,1.61413074,1.63224339,0.664855957,5,5,5,6,5,4,6,6,7,6
158,1,727,7569,3,512,512,0,0,0,520,926,46272,19722,26550,26550,0,2354,17368,4136,2356,52,1023,10,20,0,1048576,0.995800018,82499.8125,0.247513577,0.870727539,inf,0.870727539,0.43145752,6,6,13,18,7,14,41,73,7,28
159,1,7569,7569,1,512,160,352,1,352,159,14977,484352,220895,263457,263457,0,654,220241,49922,654,16,1023,10,20,0,1048576,0.996200025,91220.9062,0.257997841,1.8971374,1.60687792,1.8971374,0.693344116,5,5,5,5,4,5,5,5,6,6
160,1,7569,7569,1,512,168,344,1,344,167,14969,484352,235526,248826,248826,0,1215,234311,42873,1218,19,1023,10,20,0,1048576,0.994499981,62916.9609,0.120001532,1.84009504,1.79897189,1.84009504,1.35673523,48,4,97,6,3,21,25,572,11,419
161,1,7569,7569,1,512,506,6,0,6,549,14587,484352,209605,274747,274747,0,2603,207002,49028,2603,28,1023,10,20,0,1048576,0.994799972,66566.7578,0.290562302,1.54796314,1.53714168,1.54796314,0.890823364,17,17,17,31,24,47,27,58,58,22
162,1,7569,7569,1,512,218,294,0,294,218,14918,484352,267755,216597,216597,0,1543,266212,41561,1544,24,1023,10,20,0,1048576,0.995299995,73685.7422,0.181000993,1.60345078,1.45739865,1.60345078,1.0723114,9,6,13,4,66,80,71,303,268,2
163,1,7569,7569,1,512,119,393,0,393,119,15017,484352,178824,305528,305528,0,425,178399,56818,425,13,1023,10,20,0,1048576,0.997399986,133482.156,0.307145774,1.96706688,1.91266,1.96706688,0.655822754,4,10,5,6,5,5,5,16,16,32
164,1,7569,7569,1,512,305,207,0,207,307,14829,484352,170997,313355,313355,0,1125,169872,50979,1125,17,1023,10,20,0,1048576,0.994599998,64088.7383,0.241075173,1.19171262,1.16942787,1.19171262,0.389328003,3,12,42,11,124,138,22,86,381,382
165,1,7569,7569,1,512,313,199,1,199,314,14822,484352,172135,312217,312217,0,1079,171056,50138,1083,23,1023,10,20,0,1048576,0.995199978,72143.1172,0.190261588,1.86994934,1.58352637,1.86994934,0.828094482,20,50,33,17,11,18,18,45,4,49
166,1,7569,7569,1,512,125,387,0,387,139,14997,484352,174656,309696,309696,0,703,173953,52001,707,22,1023,10,20,0,1048576,0.995199978,72143.1172,0.181975648,1.9736551,1.83235097,1.9736551,1.32775879,12,29,91,106,8,8,243,82,50,50
167,1,7569,7569,1,512,101,411,2,411,100,15036,484352,286598,197754,197754,0,729,285869,49773,732,30,1023,10,20,0,1048576,0.996599972,101992.281,0.316669077,1.67221928,1.65159011,1.67221928,1.31762695,8,137,45,932,721,57,21,429,176,388
168,1,6313,7569,3,512,512,0,0,0,593,11918,400352,176735,223617,223617,0,2610,174125,37645,2614,31,1023,10,20,0,1048576,0.994700015,65304.7461,0.207346812,1.10343933,inf,1.10343933,0.69380188,1,2,34,19,55,19,4,32,65,66
169,1,7569,7569,1,512,174,338,1,338,173,14963,484352,256535,227817,227817,0,1179,255356,44021,1182,23,1023,10,20,0,1048576,0.994799972,66566.7578,0.181416139,1.44775772,1.37648451,1.44775772,1.00170898,7,7,9,35,14,264,148,147,67,57
170,1,7569,7569,1,512,205,307,0,307,205,14931,484352,238174,246178,246178,0,1175,236999,45049,1179,21,1023,10,20,0,1048576,0.995800018,82499.8125,0.236504808,1.84289038,1.73893094,1.84289038,1.13011169,8,22,12,22,21,35,35,44,77,52
171,1,7569,7569,1,512,74,438,1,438,73,15063,484352,201850,282502,282502,0,465,201385,48005,465,19,1023,10,20,0,1048576,0.996200025,91220.9062,0.204588801,1.49612856,1.48233032,1.49612856,0.871124268,81,24,34,132,42,543,143,25,106,573
172,1,7569,7569,1,512,455,57,0,57,501,14635,484352,258955,225397,225397,0,2533,256422,48568,2534,36,1023,10,20,0,1048576,0.997300029,128527.539,0.377733827,1.67387545,1.64440989,1.67387545,0.993759155,10,5,56,4,60,21,4,3,50,3
173,1,7569,7569,1,512,237,275,0,275,245,14891,484352,188690,295662,295662,0,999,187691,52153,1000,16,1023,10,20,0,1048576,0.996800005,108389.656,0.351264566,1.33482051,1.12327302,1.33482051,0.609939575,5,38,117,1,29,25,3,86,58,16
174,1,999,7569,3,512,512,0,0,0,544,1449,63776,40397,23379,23379,0,3426,36971,6859,3427,50,1023,10,20,0,1048576,0.996100008,88872.5703,0.240014553,1.19055176,inf,1.19055176,0.859451294,7,9,23,8,9,31,10,32,32,9
175,1,7569,7569,1,512,133,379,1,379,132,15004,484352,265947,218405,218405,0,1109,264838,48220,1109,33,1023,10,20,0,1048576,0.996900022,111897.953,0.320350081,1.74065769,1.71088362,1.74065769,1.35183716,21,56,1524,240,55,484,514,557,363,4592
176,1,7569,7569,1,512,348,164,0,164,363,14773,484352,211065,273287,273287,0,2023,209042,51414,2025,28,1023,10,20,0,1048576,0.995999992,86641.6797,0.294201285,1.48640859,1.46260405,1.48640859,1.02406311,22,20,11,14,43,21,422,173,23,16
177,1,2772,7569,3,512,512,0,0,0,602,4887,175648,97317,78331,78331,0,3729,93588,18907,3731,57,1023,10,20,0,1048576,0.995800018,82499.8125,0.295321882,1.37716675,inf,1.37716675,1.05450439,57,23,27,33,40,66,66,67,24,134
178,1,7569,7569,1,512,69,443,1,443,70,15066,484352,254887,229465,229465,0,564,254323,50963,566,24,1023,10,20,0,1048576,0.997099996,119638.07,0.347325087,1.75368929,1.70877218,1.75368929,1.35899353,21,179,166,165,127,1212,1213,79,2068,2593
179,1,7569,7569,1,512,176,336,0,336,180,14956,484352,199818,284534,284534,0,844,198974,53853,849,24,1023,10,20,0,1048576,0.995100021,70664.3203,0.149890587,2.17284656,2.15786171,2.17284656,1.46243286,17,18,174,63,52,483,483,218,77,82
180,1,7569,7569,1,512,208,304,2,304,208,14928,484352,210305,274047,274047,0,1232,209073,56112,1235,24,1023,10,20,0,1048576,0.998000026,173634.578,0.40069747,1.94760764,1.8485949,1.94760764,1.14051819,14,5,13,15,474,14,101,6,14,60
181,1,7569,7569,1,512,185,327,0,327,191,14945,484352,263563,220789,220789,0,1152,262411,50594,1154,24,1023,10,20,0,1048576,0.997099996,119638.07,0.430805653,1.35777569,1.34725177,1.35777569,0.86277771,14,13,45,44,19,119,476,202,111,9
182,1,7569,7569,1,508,141,367,0,367,146,14990,484352,262414,221938,221938,0,1108,261306,49233,1111,22,1023,10,20,0,1048576,0.996100008,88872.5703,0.203896672,2.10535002,1.97026432,2.10535002,1.45457458,5,16,5,20,45,6,6,35,6,96
183,1,7569,7569,1,512,223,289,0,289,225,14911,484352,223035,261317,261317,0,997,222038,50416,998,15,1023,10,20,0,1048576,0.997200012,123924.031,0.39769119,1.81970739,1.80759704,1.81970739,1.10044861,2,3,3,5,5,5,61,20,51,6
184,1,7569,7569,1,512,154,358,0,358,169,14967,484352,206824,277528,277528,0,659,206165,61926,659,18,1023,10,20,0,1048576,0.997500002,138836.281,0.561282754,1.48670483,1.4762032,1.48670483,0.850952148,21,21,53,65,118,27,99,37,105,463
185,1,7569,7569,1,512,179,333,0,333,181,14955,484352,249165,235187,235187,0,963,248202,48990,965,20,1023,10,20,0,1048576,0.997699976,150937.594,0.356463879,1.53195381,1.50421631,1.53195381,0.953887939,6,27,6,20,291,24,7,10,7,354
186,1,7569,7569,1,512,269,243,0,243,277,14859,484352,269415,214937,214937,0,1502,267913,52914,1503,21,1023,10,20,0,1048576,0.997300029,128527.539,0.402689308,1.52724993,1.50496578,1.52724993,1.10415649,29,48,56,38,1105,53,77,603,26,53
187,1,7569,7569,1,512,88,424,1,424,95,15041,484352,179695,304657,304657,0,415,179280,52005,417,26,1023,10,20,0,1048576,0.995500028,76976.7344,0.193693385,1.78980136,1.71996737,1.78980136,1.32034302,300,125,157,119,59,301,55,20,730,729
188,1,7194,7569,3,512,512,0,0,0,597,13647,455808,190502,265306,265306,0,2972,187530,42982,2972,21,1023,10,20,0,1048576,0.994799972,66566.7578,0.250556111,1.26391602,inf,1.26391602,0.649932861,3,9,7,17,52,4,6,37,96,31
189,1,7569,7569,1,512,168,344,1,344,167,14969,484352,267687,216665,216665,0,1104,266583,44355,1107,30,1023,10,20,0,1048576,0.996399999,96307.4297,0.249436438,1.67647338,1.60860324,1.67647338,1.12449646,53,346,347,409,409,16,414,87,358,228
190,1,7569,7569,1,512,163,349,3,349,160,14976,484352,220205,264147,264147,0,940,219265,44073,944,22,1023,10,20,0,1048576,0.995199978,72143.1172,0.196953371,1.95575154,1.92374694,1.95575154,1.34106445,11,57,75,40,35,273,152,344,174,10
191,1,7569,7569,1,512,364,148,0,148,385,14751,484352,181448,302904,302904,0,1483,179965,52470,1484,25,1023,10,20,0,1048576,0.997300029,128527.539,0.364424944,1.40549934,1.32730508,1.40549934,0.7109375,10,3,48,21,4,58,4,3,40,40
192,1,7569,7569,1,511,171,340,0,340,176,14960,484352,98018,386334,386334,0,251,97767,63775,253,30,1023,10,20,0,1048576,0.997099996,119638.07,0.208040506,2.09265041,2.03620028,2.09265041,0.182022095,7,8,8,8,8,8,8,9,7,8
193,0.800000012,7569,7569,1,512,147,365,0,365,147,14989,484352,300489,183863,183863,0,1186,299303,46400,1189,37,507,10,20,0,1048576,0.995199978,72143.1172,0.190205976,1.73658216,1.73001778,1.73658216,1.42445374,11,125,4294967295,109,315,4467,32,298,808,4294967295
194,1,7569,7569,1,512,186,326,0,326,186,14950,484352,261182,223170,223170,0,1280,259902,46131,1283,33,1023,10,20,0,1048576,0.995100021,70664.3203,0.252876073,1.77494192,1.75282657,1.77494192,1.30027771,159,167,493,163,79,48,226,189,160,1264
195,1,7569,7569,1,512,108,404,0,404,114,15022,484352,257706,226646,226646,0,671,257035,52668,673,26,1023,10,20,0,1048576,0.996900022,111897.953,0.575836599,1.66677713,1.64504647,1.66677713,1.27047729,638,70,192,80,259,531,1122,125,639,203
196,1,7569,7569,1,512,96,416,0,416,105,15031,484352,242177,242175,242175,0,431,241746,62701,432,19,1023,10,20,0,1048576,0.997300029,128527.539,0.261124432,2.23881841,2.21469259,2.23881841,1.84164429,3,4,4,4,4,19,381,316,1724,1393
197,1,7569,7569,1,512,75,437,0,437,81,15055,484352,141630,342722,342722,0,591,141039,56424,592,27,1023,10,20,0,1048576,0.996800005,108389.656,0.27851069,1.76450801,1.74484277,1.76450801,1.32029724,350,46,69,25,51,60,29,851,327,233
198,1,7569,7569,1,512,140,372,1,372,142,14994,484352,195127,289225,289225,0,567,194560,53594,568,16,1023,10,20,0,1048576,0.996800005,108389.656,0.324101388,1.82530582,1.79590261,1.82530582,0.998947144,21,13,28,27,14,285,7,20,167,105
199,1,7569,7569,1,512,127,385,0,385,127,15009,484352,203468,280884,280884,0,644,202824,49139,645,17,1023,10,20,0,1048576,0.996399999,96307.4297,0.276986629,1.78637838,1.75956535,1.78637838,1.20269775,261,68,34,74,1,21,69,117,58,27
200,1,7569,7569,1,512,282,230,0,230,282,14854,484352,268400,215952,215952,0,2092,266308,44330,2097,34,1023,10,20,0,1048576,0.992699981,47317.2617,0.18388851,1.71820593,1.59062684,1.71820593,1.19003296,3,18,38,1358,1358,330,84,75,7,8
201,1,7569,7569,1,512,138,374,1,374,137,14999,484352,272785,211567,211567,0,1072,271713,44650,1073,31,1023,10,20,0,1048576,0.994000018,57645.1953,0.179126844,1.63445222,1.61485994,1.63445222,1.26751709,58,173,87,328,446,393,445,1099,271,31
202,1,7569,7569,1,512,332,180,0,180,333,14803,484352,271464,212888,212888,0,2881,268583,40589,2884,34,1023,10,20,0,1048576,0.99059999,36668.5586,0.134266779,1.84137237,1.79366004,1.84137237,1.33486938,9,15,5,103,10,31,92,71,144,145
203,1,635,7569,3,512,512,0,0,0,556,700,40192,18885,21307,21307,0,3418,15467,3199,3421,65,1023,10,20,0,1048576,0.994899988,67879.0469,0.190027222,1.73547363,inf,1.73547363,1.15364075,16,18,26,18,24,35,18,19,36,25
204,1,6292,7569,3,512,512,0,0,0,584,11947,400992,203513,197479,197479,0,3375,200138,36484,3378,30,1023,10,20,0,1048576,0.992900014,48660.1875,0.102903657,1.19883728,inf,1.19883728,0.629074097,6,10,6,5,6,8,7,16,6,12
205,1,7569,7569,1,512,69,443,0,443,69,15067,484352,218926,265426,265426,0,418,218508,46958,419,25,1023,10,20,0,1048576,0.994000018,57645.1953,0.170694083,1.90605891,1.81403291,1.90605891,1.35346985,3506,191,302,935,548,146,340,150,688,218
206,1,7569,7569,1,512,472,40,0,40,487,14649,484352,198357,285995,285995,0,2286,196071,47660,2288,26,1023,10,20,0,1048576,0.995100021,70664.3203,0.242411688,1.47270405,1.45152104,1.47270405,0.729660034,5,100,56,14,7,39,8,12,14,159
207,1,7569,7569,1,512,121,391,0,391,123,15013,484352,207959,276393,276393,0,672,207287,45162,673,23,1023,10,20,0,1048576,0.994000018,57645.1953,0.227373242,1.81260753,1.76712251,1.81260753,1.16210938,10,17,424,187,159,23,47,275,10,121
208,1,1369,7569,3,512,512,0,0,0,561,2162,87136,39634,47502,47502,0,3007,36627,7299,3010,30,1023,10,20,0,1048576,0.994899988,67879.0469,0.190009773,1.53375244,inf,1.53375244,0.691741943,5,2,11,4,13,13,3,3,8,14
209,1,7569,7569,1,512,430,82,0,82,430,14706,484352,235954,248398,248398,0,2374,233580,41500,2379,28,1023,10,20,0,1048576,0.992699981,47317.2617,0.137895107,1.39990091,1.29818869,1.39990091,0.844482422,7,6,7,6,179,17,192,22,7,105
210,1,7569,7569,1,512,319,193,0,193,319,14817,484352,185470,298882,298882,0,2113,183357,36417,2117,32,1023,10,20,0,1048576,0.988699973,30444.3867,0.0905091912,1.35252297,1.31473708,1.35252297,0.723999023,8,73,9,19,19,39,72,61,155,9
211,1,6466,7569,3,512,512,0,0,0,630,12271,412832,222504,190328,190328,0,3697,218807,32525,3700,25,1023,10,20,0,1048576,0.992900014,48660.1875,0.129330784,1.90948486,inf,1.90948486,1.28375244,22,67,4,11,10,22,128,80,11,46
212,1,7569,7569,1,512,284,228,0,228,284,14852,484352,218489,265863,265863,0,1809,216680,40433,1812,20,1023,10,20,0,1048576,0.99059999,36668.5586,0.114861034,1.66879678,1.65493417,1.66879678,0.875427246,4,16,23,22,19,69,9,8,5,11
213,1,7569,7569,1,512,258,254,0,254,259,14877,484352,270483,213869,213869,0,1998,268485,44200,2001,28,1023,10,20,0,1048576,0.995199978,72143.1172,0.182964265,1.68153906,1.65872514,1.68153906,1.14825439,44,17,15,12,30,59,41,5111,102,264
214,1,7569,7569,1,512,357,155,0,155,357,14779,484352,249378,234974,234974,0,2791,246587,36781,2794,29,1023,10,20,0,1048576,0.99059999,36668.5586,0.0735559091,2.08835316,2.04038334,2.08835316,1.15820312,10,11,11,12,13,11,13,13,12,12
215,1,7569,7569,1,512,226,286,1,286,225,14911,484352,236662,247690,247690,0,1756,234906,35318,1760,30,1023,10,20,0,1048576,0.988699973,30444.3867,0.0814454928,1.74739075,1.71010637,1.74739075,1.20587158,10,36,69,8,241,94,24,23,475,333
216,1,7569,7569,1,512,374,138,0,138,375,14761,484352,248379,235973,235973,0,2485,245894,44582,2486,30,1023,10,20,0,1048576,0.994000018,57645.1953,0.15603058,1.45901239,1.43895197,1.45901239,0.970504761,224,70,34,34,63,7,66,329,49,12
217,1,7569,7569,1,512,499,13,0,13,505,14631,484352,161211,323141,323141,0,2494,158717,35092,2497,26,1023,10,20,0,1048576,0.99059999,36668.5586,0.0798151195,1.18681335,1.18117142,1.18681335,0.39239502,6,10,56,20,6,6,4,4,56,89
218,1,1334,7569,3,512,512,0,0,0,537,2114,84832,33754,51078,51078,0,2272,31482,4927,2275,38,1023,10,20,0,1048576,0.99059999,36668.5586,0.0590086654,1.27999878,inf,1.27999878,0.646331787,3,4,4,9,2,7,10,6,5,2
219,1,7569,7569,1,512,460,52,0,52,595,14541,484352,228396,255956,255956,0,3411,224985,41836,3414,32,1023,10,20,0,1048576,0.992900014,48660.1875,0.106112756,1.61255276,1.60867643,1.61255276,1.05706787,155,70,114,8,7,17,10,23,11,10
220,1,2111,7569,3,512,512,0,0,0,532,3681,134816,61674,73142,73142,0,2484,59190,10416,2485,38,1023,10,20,0,1048576,0.993700027,54883.6641,0.133579448,1.26496887,inf,1.26496887,0.653701782,5,4,6,3,5,9,9,6,16,9
221,1,7569,7569,1,512,368,144,0,144,368,14768,484352,267180,217172,217172,0,2774,264406,37789,2775,30,1023,10,20,0,1048576,0.991100013,38748.2734,0.103198931,1.67068231,1.66125774,1.67068231,1.17173767,99,25,104,27,2,90,68,52,54,111
222,1,7569,7569,1,512,400,112,0,112,410,14726,484352,294447,189905,189905,0,3260,291187,45712,3263,42,1023,10,20,0,1048576,0.993900001,56694.3164,0.191394925,1.45709229,1.43480313,1.45709229,1.02746582,34,719,504,746,154,19,488,20,294,118
223,1,7569,7569,1,512,284,228,2,228,282,14854,484352,263208,221144,221144,0,2227,260981,37343,2231,30,1023,10,20,0,1048576,0.988699973,30444.3867,0.0989314392,1.45631039,1.40697587,1.45631039,0.994430542,105,26,41,12,145,268,29,370,73,20
224,1,7569,7569,1,512,362,150,0,150,364,14772,484352,266897,217455,217455,0,2311,264586,41849,2314,31,1023,10,20,0,1048576,0.992900014,48660.1875,0.159783855,1.40600872,1.35191774,1.40600872,0.857391357,13,14,11,23,96,3,181,179,444,90
225,1,7569,7569,1,512,209,303,0,303,216,14920,484352,212207,272145,272145,0,1160,211047,50534,1163,19,1023,10,20,0,1048576,0.994300008,60697.4062,0.146086544,2.16525364,2.11791873,2.16525364,1.53161621,19,383,462,380,421,62,556,524,386,386
226,1,2910,7569,3,512,512,0,0,0,569,5123,182144,71176,110968,110968,0,2454,68722,15754,2459,30,1023,10,20,0,1048576,0.992699981,47317.2617,0.164140001,1.15026855,inf,1.15026855,0.555679321,4,3,2,5,1,7,3,3,15,4
227,1,2645,7569,3,512,512,0,0,0,540,4677,166944,83698,83246,83246,0,2375,81323,14048,2378,35,1023,10,20,0,1048576,0.992900014,48660.1875,0.165606081,0.923416138,inf,0.923416138,0.43649292,29,4,32,4,6,4,3,7,4,8
228,1,7569,7569,1,512,161,351,0,351,161,14975,484352,186301,298051,298051,0,770,185531,42521,773,31,1023,10,20,0,1048576,0.992900014,48660.1875,0.12069539,1.36577415,1.35422254,1.36577415,0.922744751,177,46,182,2057,2057,319,511,85,84,30
229,1,7569,7569,1,512,379,133,1,133,378,14758,484352,252206,232146,232146,0,2641,249565,41402,2644,33,1023,10,20,0,1048576,0.99059999,36668.5586,0.128013849,1.36271393,1.3250885,1.36271393,0.923217773,8,75,19,334,56,645,14,186,153,7
230,1,2134,7569,3,512,512,0,0,0,563,3696,136288,68169,68119,68119,0,4254,63915,11831,4257,34,1023,10,20,0,1048576,0.994899988,67879.0469,0.243943647,1.94961548,inf,1.94961548,1.34094238,3,4,17,8,6,10,43,17,22,30
231,1,7569,7569,1,512,339,173,1,173,340,14796,484352,239091,245261,245261,0,2096,236995,43667,2101,31,1023,10,20,0,1048576,0.992699981,47317.2617,0.178303972,1.35900819,1.34426439,1.35900819,0.830978394,4,13,7,19,41,33,65,163,32,34
232,1,4387,7569,3,512,512,0,0,0,531,8237,280576,129395,151181,151181,0,2398,126997,21935,2401,35,1023,10,20,0,1048576,0.99059999,36668.5586,0.118312545,1.36895752,inf,1.36895752,0.673126221,2,4,3,6,45,45,5,5,5,8
233,1,7569,7569,1,512,509,3,0,3,584,14488,482304,226938,255366,255366,0,3350,223588,40009,3353,33,1023,10,20,0,1048576,0.99059999,36668.5586,0.144702986,1.46887934,1.46307647,1.46887934,0.820404053,17,18,41,32,5,44,97,8,30,219
234,1,7569,7569,1,512,273,239,0,239,273,14863,484352,218514,265838,265838,0,1521,216993,44545,1522,22,1023,10,20,0,1048576,0.993700027,54883.6641,0.26184243,1.63378787,1.57460964,1.63378787,0.854431152,12,13,12,13,43,14,5,13,114,35
235,1,7569,7569,1,512,263,249,0,249,277,14859,484352,239358,244994,244994,0,1973,237385,45529,1976,25,1023,10,20,0,1048576,0.993399978,52372.6953,0.214507207,1.66498733,1.64863181,1.66498733,1.06973267,4,4,6,32,142,8,83,7,130,129
236,1,7569,7569,1,512,321,191,2,191,320,14816,484352,228010,256342,256342,0,1942,226068,45811,1943,19,1023,10,20,0,1048576,0.995000005,69243.8203,0.245610282,1.68134749,1.66958499,1.68134749,1.04034424,5,6,63,14,14,7,29,6,7,21
237,1,466,7569,3,512,512,0,0,0,535,381,29312,11463,17849,17849,0,2800,8663,2305,2803,47,1023,10,20,0,1048576,0.994899988,67879.0469,0.211229846,1.42773438,inf,1.42773438,0.796279907,4,5,3,5,5,7,5,4,4,5
238,1,7569,7569,1,512,381,131,0,131,398,14738,484352,253216,231136,231136,0,2196,251020,47025,2197,39,1023,10,20,0,1048576,0.993700027,54883.6641,0.189376608,1.53196585,1.48619056,1.53196585,1.06410217,9,571,238,783,57,261,31,485,223,262
239,1,7569,7569,1,512,426,86,0,86,426,14710,484352,213595,270757,270757,0,2499,211096,37431,2502,25,1023,10,20,0,1048576,0.99059999,36668.5586,0.0917242616,1.29712355,1.28829229,1.29712355,0.562530518,4,13,2,5,3,13,14,6,3,14
240,1,737,7569,3,512,512,0,0,0,549,918,46944,16118,30826,30826,0,2611,13507,4004,2614,59,1023,10,20,0,1048576,0.994899988,67879.0469,0.243908763,1.51872253,inf,1.51872253,0.750564575,6,4,14,7,14,15,9,4,4,14
241,1,7569,7569,1,512,374,138,0,138,380,14756,484352,221622,262730,262730,0,1814,219808,47637,1817,29,1023,10,20,0,1048576,0.993399978,52372.6953,0.203185484,1.21670961,1.19540238,1.21670961,0.716217041,304,13,2,22,40,9,19,92,41,19
242,1,7569,7569,1,512,316,196,0,196,316,14820,484352,210368,273984,273984,0,1471,208897,42080,1476,26,1023,10,20,0,1048576,0.992699981,47317.2617,0.151467398,1.78584957,1.77845955,1.78584957,1.02087402,15,13,12,47,11,20,44,216,217,245
243,1,7569,7569,1,512,401,111,1,111,400,14736,484352,222293,262059,262059,0,2818,219475,37664,2822,30,1023,10,20,0,1048576,0.988699973,30444.3867,0.0977189466,1.42558742,1.23686385,1.42558742,0.882781982,11,97,12,140,103,156,20,5,21,21
244,1,7569,7569,1,512,165,347,0,347,165,14971,484352,188818,295534,295534,0,808,188010,44459,813,18,1023,10,20,0,1048576,0.992699981,47317.2617,0.0923272297,2.16317749,2.12407804,2.16317749,0.816177368,4,4,11,11,5,5,7,6,5,3
245,1,7569,7569,1,512,501,11,1,11,505,14631,484352,207023,277329,277329,0,2909,204114,40134,2912,30,1023,10,20,0,1048576,0.992900014,48660.1875,0.116698608,1.19328058,1.1449579,1.19328058,0.524703979,16,15,21,33,38,76,3,38,37,19
246,1,7569,7569,1,512,395,117,0,117,395,14741,484352,245440,238912,238912,0,3226,242214,34447,3229,24,1023,10,20,0,1048576,0.99059999,36668.5586,0.0726734027,1.86908424,1.76797068,1.86908424,1.22436523,3,3,4,4,171,98,241,42,53,35
247,1,7569,7569,1,512,445,67,1,67,449,14687,484352,212455,271897,271897,0,2303,210152,46313,2306,18,1023,10,20,0,1048576,0.992900014,48660.1875,0.173153713,1.49001753,1.39454353,1.49001753,0.727111816,32,5,66,9,75,9,36,6,29,138
248,1,7569,7569,1,512,307,205,1,205,306,14830,484352,239223,245129,245129,0,2209,237014,38976,2212,34,1023,10,20,0,1048576,0.99059999,36668.5586,0.0983603373,1.54506636,1.42785859,1.54506636,1.03474426,16,5,95,72,73,13,282,19,56,407
249,1,4781,7569,3,512,512,0,0,0,589,8906,303840,152195,151645,151645,0,3244,148951,25993,3247,39,1023,10,20,0,1048576,0.99059999,36668.5586,0.153540611,1.19981384,inf,1.19981384,0.726791382,20,34,13,24,49,26,78,21,12,8
250,1,5817,7569,3,511,511,0,0,0,566,11023,370848,126970,243878,243878,0,3407,123563,24401,3413,29,1023,10,20,0,1048576,0.987100005,26625.1738,0.062161386,1.86679077,inf,1.86679077,0.672744751,5,6,54,6,6,6,7,29,4,14
251,1,7569,7569,1,512,404,108,0,108,404,14732,484352,240125,244227,244227,0,4739,235386,29680,4747,37,1023,10,20,0,1048576,0.984099984,21535.748,0.07391458,1.63595498,1.54710484,1.63595498,1.16777039,10,6,16,61,21,47,19,1155,21,61
252,1,4375,7569,3,512,512,0,0,0,569,8128,278304,131375,146929,146929,0,3115,128260,22906,3122,36,1023,10,20,0,1048576,0.989899993,34103.0234,0.159359366,1.309021,inf,1.309021,0.815933228,11,11,20,115,13,4,5,6,90,11
253,1,2725,7569,3,512,512,0,0,0,544,4904,174336,90219,84117,84117,0,4562,85657,10091,4570,47,1023,10,20,0,1048576,0.984099984,21535.748,0.0598853268,1.17214966,inf,1.17214966,0.756988525,40,5,9,6,12,18,2,27,10,21
254,1,5301,7569,3,512,512,0,0,0,588,9970,337856,163181,174675,174675,0,5691,157490,18382,5703,38,1023,10,20,0,1048576,0.983399987,20612.918,0.0601262599,1.27555847,inf,1.27555847,0.709655762,6,7,7,9,7,7,7,8,39,15
255,1,7569,7569,1,512,500,12,0,12,648,14481,484128,204331,279797,279797,0,3115,201216,44106,3118,34,1023,10,20,0,1048576,0.99059999,36668.5586,0.0541281775,2.13281059,2.13057804,2.13281059,0.476150513,13,13,14,13,13,14,14,14,14,12
256,1,1259,7569,3,512,512,0,0,0,547,1966,80416,32875,47541,47541,0,3407,29468,4264,3419,55,1023,10,20,0,1048576,0.983399987,20612.918,0.0583555028,1.08093262,inf,1.08093262,0.42199707,3,4,5,4,5,4,4,4,4,5
257,1,5683,7569,3,512,512,0,0,0,547,10792,362848,171041,191807,191807,0,4415,166626,24366,4421,38,1023,10,20,0,1048576,0.987100005,26625.1738,0.0859482214,1.05326843,inf,1.05326843,0.530105591,5,4,17,16,29,4,22,100,17,36
258,1,7569,7569,1,512,405,107,1,107,410,14726,484352,230860,253492,253492,0,2697,228163,41575,2700,26,1023,10,20,0,1048576,0.99059999,36668.5586,0.112885594,1.70176208,1.67355347,1.70176208,1.08500671,25,8,7,50,12,90,15,17,29,32
259,1,7569,7569,1,512,249,263,1,263,248,14888,484352,236167,248185,248185,0,1732,234435,40128,1740,36,1023,10,20,0,1048576,0.988399982,29648.043,0.176029488,1.26341319,1.24325132,1.26341319,0.800918579,9,107,60,37,475,157,981,27,104,89
260,1,1864,7569,3,512,512,0,0,0,546,3163,118688,66486,52202,52202,0,3903,62583,8602,3911,57,1023,10,20,0,1048576,0.989499986,32790.5586,0.105381571,1.34353638,inf,1.34353638,0.851791382,42,3,6,22,26,26,31,39,11,3
261,1,7569,7569,1,512,315,197,3,197,312,14824,484352,169836,314516,314516,0,2147,167689,33377,2155,30,1023,10,20,0,1048576,0.988399982,29648.043,0.0561338067,1.87210429,1.79412508,1.87210429,0.721252441,3,5,2,22,106,7,36,8,135,14
262,1,4336,7569,3,512,512,0,0,0,549,8093,276544,83690,192854,192854,0,2894,80796,18698,2902,39,1023,10,20,0,1048576,0.989499986,32790.5586,0.0788501203,1.57778931,inf,1.57778931,0.8412323,4,10,58,78,79,25,59,18,23,12
263,1,7569,7569,1,512,505,7,0,7,560,14574,484288,205665,278623,278623,0,2824,202841,42040,2831,31,1023,10,20,0,1048576,0.989899993,34103.0234,0.135130808,1.38297081,1.35014987,1.38297081,0.813598633,33,20,3,17,27,8,14,13,36,30
264,1,6535,7569,3,512,512,0,0,0,579,12429,416256,213047,203209,203209,0,5568,207479,27013,5574,29,1023,10,20,0,1048576,0.987100005,26625.1738,0.0724938735,1.63671875,inf,1.63671875,1.09124756,4,4,4,5,5,3,58,6,23,4
265,1,7569,7569,1,512,470,42,1,42,473,14663,484352,184451,299901,299901,0,3093,181358,38385,3101,24,1023,10,20,0,1048576,0.988399982,29648.043,0.0968159661,2.01456332,1.85383499,2.01456332,0.833084106,16,10,5,16,10,22,2,5,53,94
266,1,7569,7569,1,512,208,304,2,304,206,14930,484352,184894,299458,299458,0,1206,183688,36699,1214,25,1023,10,20,0,1048576,0.988399982,29648.043,0.109299175,1.51899838,1.50491583,1.51899838,0.84197998,9,2,2,20,6,108,4,53,69,302
267,1,5675,7569,3,512,512,0,0,0,585,10639,359168,159325,199843,199843,0,3511,155814,28101,3519,41,1023,10,20,0,1048576,0.988399982,29648.043,0.113151297,1.00341797,inf,1.00341797,0.593429565,23,15,34,6,36,38,12,6,15,13
268,1,7569,7569,1,512,346,166,1,166,345,14791,484352,253073,231279,231279,0,3278,249795,34562,3286,31,1023,10,20,0,1048576,0.988399982,29648.043,0.0626268014,1.78215873,1.71864796,1.78215873,1.07913208,10,23,17,13,7,13,73,10,82,17
269,1,1374,7569,3,512,512,0,0,0,550,2179,87328,35396,51932,51932,0,3293,32103,4755,3301,57,1023,10,20,0,1048576,0.984099984,21535.748,0.066366896,1.36482239,inf,1.36482239,0.705551147,5,8,4,4,6,5,4,5,10,12
270,1,4266,7569,3,512,512,0,0,0,557,7970,272864,143437,129427,129427,0,6131,137306,15714,6143,47,1023,10,20,0,1048576,0.983399987,20612.918,0.0749296397,1.40289307,inf,1.40289307,0.885513306,7,7,9,8,9,11,42,8,14,91
271,1,7569,7569,1,512,271,241,3,241,268,14868,484352,260700,223652,223652,0,3400,257300,27824,3412,40,1023,10,20,0,1048576,0.983399987,20612.918,0.0470848083,1.78254032,1.74369431,1.78254032,1.29281616,3,458,2,12,58,102,185,2,39,25
272,1,2954,7569,3,512,512,0,0,0,549,5230,184928,67311,117617,117617,0,2555,64756,14102,2563,47,1023,10,20,0,1048576,0.988399982,29648.043,0.104873173,0.944885254,inf,0.944885254,0.373703003,6,5,19,13,19,3,20,6,8,18
273,1,2901,7569,3,512,512,0,0,0,557,5189,183872,79462,104410,104410,0,2955,76507,13411,2963,33,1023,10,20,0,1048576,0.989499986,32790.5586,0.0991102979,1.38311768,inf,1.38311768,0.598556519,3,6,4,5,7,4,8,4,3,7
274,1,5915,7569,3,512,512,0,0,0,549,11245,377408,155490,221918,221918,0,5124,150366,21806,5136,34,1023,10,20,0,1048576,0.983399987,20612.918,0.0732206702,1.18218994,inf,1.18218994,0.624328613,5,13,6,6,2,6,5,7,18,16
275,1,7569,7569,1,512,367,145,1,145,366,14770,484352,249584,234768,234768,0,2850,246734,37461,2858,33,1023,10,20,0,1048576,0.988399982,29648.043,0.102326252,1.3905021,1.27980125,1.3905021,0.985092163,21,21,139,21,93,19,58,24,24,60
276,1,6024,7569,3,512,512,0,0,0,553,11467,384640,185408,199232,199232,0,4324,181084,25471,4330,32,1023,10,20,0,1048576,0.987100005,26625.1738,0.0732783303,2.11428833,inf,2.11428833,1.23178101,20,50,7,3,4,11,18,5,130,62
277,1,7569,7569,1,512,240,272,1,272,239,14897,484352,283218,201134,201134,0,2537,280681,36121,2544,31,1023,10,20,0,1048576,0.989899993,34103.0234,0.0699809566,1.75993681,1.68080556,1.75993681,1.32298279,34,99,9,272,37,7,46,419,18,14
278,1,7569,7569,1,512,409,103,1,103,409,14727,484352,180074,304278,304278,0,2976,177098,27849,2988,39,1023,10,20,0,1048576,0.983399987,20612.918,0.0562599003,1.36744761,1.3161422,1.36744761,0.687652588,10,13,78,39,39,25,4,78,4,1
279,1,7569,7569,1,512,504,8,0,8,517,14619,484352,196318,288034,288034,0,3119,193199,36627,3127,28,1023,10,20,0,1048576,0.988399982,29648.043,0.0872681886,1.60156512,1.58896136,1.60156512,0.730728149,4,3,4,5,5,6,12,6,4,14
280,1,7569,7569,1,512,510,2,0,2,553,14583,484352,254702,229650,229650,0,6090,248612,27478,6098,32,1023,10,20,0,1048576,0.984099984,21535.748,0.0565449409,1.60787964,1.58328247,1.60787964,0.941543579,16,5,18,24,39,17,49,7,22,123
281,1,7569,7569,1,512,363,149,0,149,363,14773,484352,225243,259109,259109,0,2462,222781,33773,2470,32,1023,10,20,0,1048576,0.988399982,29648.043,0.0737337098,1.53469694,1.52432978,1.53469694,0.950973511,9,9,353,12,53,17,157,76,76,31
282,1,7569,7569,1,512,267,245,1,245,266,14870,484352,240924,243428,243428,0,2076,238848,38350,2084,29,1023,10,20,0,1048576,0.988399982,29648.043,0.11871998,1.53260148,1.48534667,1.53260148,1.01281738,0,38,12,147,12,34,332,382,1,1
283,1,7569,7569,1,512,422,90,1,90,421,14715,484352,220605,263747,263747,0,2505,218100,39783,2508,33,1023,10,20,0,1048576,0.99059999,36668.5586,0.113523141,1.55825222,1.4543587,1.55825222,0.820205688,15,16,4,40,27,38,40,15,36,36
284,1,7569,7569,1,512,270,242,1,242,269,14867,484352,243768,240584,240584,0,2861,240907,28595,2873,31,1023,10,20,0,1048576,0.983399987,20612.918,0.0812923536,1.57742429,1.44320035,1.57742429,1.06143188,12,58,11,11,18,6,59,15,96,16
285,1,7569,7569,1,512,239,273,0,273,246,14890,484352,182108,302244,302244,0,1831,180277,45019,1839,24,1023,10,20,0,1048576,0.989499986,32790.5586,0.0763814896,2.35116458,2.32212424,2.35116458,1.54980469,19,17,18,5,21,387,6,58,19,94
286,1,7569,7569,1,512,431,81,0,81,431,14705,484352,191288,293064,293064,0,2743,188545,40560,2750,27,1023,10,20,0,1048576,0.989899993,34103.0234,0.125842452,1.52473187,1.44885576,1.52473187,0.87046814,5,4,4,3,41,3,62,9,19,175
287,1,3545,7569,3,512,512,0,0,0,559,6493,225664,109110,116554,116554,0,3072,106038,17489,3080,36,1023,10,20,0,1048576,0.988399982,29648.043,0.136398599,1.20367432,inf,1.20367432,0.705673218,2,3,24,2,1,9,10,22,11,58
288,1,7569,7569,1,512,264,248,2,248,262,14874,484352,233073,251279,251279,0,2588,230485,31871,2594,30,1023,10,20,0,1048576,0.987100005,26625.1738,0.0623552203,1.90391541,1.84542108,1.90391541,1.31826782,6,15,15,27,132,232,35,321,43,37
289,1,7569,7569,1,512,238,274,0,274,241,14895,484352,80240,404112,404112,0,1480,78760,53614,1488,35,1023,10,20,0,1048576,0.988399982,29648.043,0.0622535273,2.10024595,2.09578133,2.10024595,0.974578857,3,4,4,7,5,5,4,4,5,5
290,1,7569,7569,1,512,376,136,1,136,376,14760,484352,256140,228212,228212,0,2933,253207,34323,2941,37,1023,10,20,0,1048576,0.988399982,29648.043,0.0742872804,1.42955029,1.31542969,1.42955029,0.950500488,91,43,203,45,44,290,15,32,23,32
291,1,2850,7569,3,512,512,0,0,0,543,5154,182304,80724,101580,101580,0,4464,76260,10006,4476,52,1023,10,20,0,1048576,0.983399987,20612.918,0.0673416927,1.22131348,inf,1.22131348,0.579284668,7,3,3,9,8,8,10,8,4,89
292,1,1113,7569,3,512,512,0,0,0,531,1660,70112,35160,34952,34952,0,3571,31589,3662,3583,55,1023,10,20,0,1048576,0.983399987,20612.918,0.0771541148,1.14830017,inf,1.14830017,0.516799927,4,4,5,4,5,4,4,4,5,4
293,1,2589,7569,3,512,512,0,0,0,527,4638,165280,70654,94626,94626,0,2374,68280,12554,2382,33,1023,10,20,0,1048576,0.988399982,29648.043,0.0786040947,1.51638794,inf,1.51638794,0.529998779,4,4,5,5,5,5,7,4,5,4
294,1,2535,7569,3,512,512,0,0,0,555,4485,161280,79034,82246,82246,0,5730,73304,8901,5742,59,1023,10,20,0,1048576,0.983399987,20612.918,0.0569501966,1.25953674,inf,1.25953674,0.749389648,18,25,38,16,22,3,12,38,30,10
295,1,7569,7569,1,512,498,14,0,14,537,14599,484352,242722,241630,241630,0,3527,239195,46767,3530,27,1023,10,20,0,1048576,0.99059999,36668.5586,0.123381473,1.37343287,1.36629224,1.37343287,0.921081543,6,14,7,7,7,79,9,86,66,114
296,1,7569,7569,1,512,190,322,0,322,190,14946,484352,275287,209065,209065,0,1767,273520,36258,1775,29,1023,10,20,0,1048576,0.988399982,29648.043,0.0917830691,1.79203796,1.76083493,1.79203796,1.30235291,7,23,8,25,17,12,137,90,54,1255
297,1,7569,7569,1,512,468,44,0,44,472,14664,484352,282208,202144,202144,0,4229,277979,35764,4237,47,1023,10,20,0,1048576,0.989499986,32790.5586,0.0810266733,1.63776374,1.43013251,1.63776374,1.13079834,34,29,30,10,62,30,18,36,3,11
298,1,5518,7569,3,512,512,0,0,0,570,10397,350944,142136,208808,208808,0,3996,138140,25349,4004,37,1023,10,20,0,1048576,0.988399982,29648.043,0.0786371008,1.37709045,inf,1.37709045,0.900741577,64,64,4,11,47,295,53,32,57,61
299,1,7569,7569,1,512,474,38,0,38,477,14659,484352,178375,305977,305977,0,2515,175860,37531,2523,24,1023,10,20,0,1048576,0.988399982,29648.043,0.105122022,1.33179128,1.25656545,1.33179128,0.582229614,28,22,22,4,3,3,3,71,7,132
300,1,258,7569,3,512,16,496,0,0,16,498,16448,10271,6177,6177,0,281,9990,1738,295,38,1023,10,20,0,1048576,0.974399984,13243.6309,0.041170314,0.63609314,inf,0.63609314,0.622009277,5,10,94,199,1,11,28,6,51,3
301,1,7569,7569,1,512,342,170,1,170,342,14794,484352,213657,270695,270695,0,3189,210468,29293,3201,33,1023,10,20,0,1048576,0.983399987,20612.918,0.100470543,1.48762882,1.44907594,1.48762882,0.94581604,6,11,28,120,23,112,6,23,52,169
302,1,259,7569,3,512,10,502,0,0,10,505,16480,7292,9188,9188,0,127,7165,1330,139,31,1023,10,20,0,1048576,0.980400026,17404.5566,0.0462495051,1.17098999,inf,1.17098999,1.1399231,14,3,8,10,6,65,3,68,4,60
303,0.699999988,259,7569,3,512,8,504,0,0,8,507,16480,10786,5694,5694,0,147,10639,1940,159,39,701,10,20,0,1048576,0.980400026,17404.5566,0.0659308136,1.03110063,inf,1.03110063,1.04283142,9,4294967295,34,136,233,79,4294967295,13,4294967295,10
304,1,260,7569,3,512,27,485,0,0,27,491,16576,5487,11089,11089,0,226,5261,1357,238,33,1023,10,20,0,1048576,0.980400026,17404.5566,0.0657668412,0.555284023,inf,0.555284023,0.481430054,2,14,18,6,7,20,3,52,8,34
305,1,259,7569,3,512,75,437,0,0,75,441,16512,8570,7942,7942,0,625,7945,1389,636,43,1023,10,20,0,1048576,0.979799986,16877.1992,0.0405636802,0.94382298,inf,0.94382298,0.767074585,3,4,3,1,34,2,4,4,38,33
306,1,259,7569,3,512,30,482,0,0,30,486,16512,5243,11269,11269,0,310,4933,1178,322,37,1023,10,20,0,1048576,0.971300006,11775.4922,0.0198341403,0.363523096,inf,0.363523096,0.320861816,5,8,7,7,1,7,6,14,7,10
307,1,259,7569,3,512,17,495,0,0,17,499,16512,4927,11585,11585,0,169,4758,913,180,33,1023,10,20,0,1048576,0.979799986,16877.1992,0.0570640862,1.19057608,inf,1.19057608,1.11630249,5,4,5,4,7,20,7,50,17,27
308,1,259,7569,3,512,83,429,0,0,83,433,16512,9048,7464,7464,0,753,8295,1511,765,48,1023,10,20,0,1048576,0.977400005,15047.9238,0.0547365211,0.705230713,inf,0.705230713,0.599822998,4,17,37,16,86,16,6,25,13,14
309,1,261,7569,3,512,28,484,0,0,28,490,16576,8182,8394,8394,0,141,8041,1534,153,30,1023,10,20,0,1048576,0.980400026,17404.5566,0.060100805,0.743564487,inf,0.743564487,0.6121521,3,5,4,5,8,33,4,10,11,3
310,0.899999976,259,7569,3,512,18,494,0,0,18,497,16480,10195,6285,6285,0,201,9994,2014,212,34,895,10,20,0,1048576,0.979799986,16877.1992,0.0574746095,0.486933351,inf,0.486933351,0.46685791,14,8,30,120,19,41,6,4294967295,0,123
311,0.899999976,259,7569,3,512,31,481,0,0,31,485,16512,12010,4502,4502,0,371,11639,1847,392,51,991,10,20,0,1048576,0.971000016,11650.0742,0.0354221836,1.08440948,inf,1.08440948,1.01002502,37,19,183,9,2,4294967295,18,5,16,5
312,1,259,7569,3,512,33,479,0,0,33,483,16512,8788,7724,7724,0,246,8542,1715,257,38,1023,10,20,0,1048576,0.979799986,16877.1992,0.0623387247,0.735337973,inf,0.735337973,0.645736694,20,10,15,2,3,65,25,43,45,26
313,1,261,7569,3,512,26,486,0,0,26,493,16608,7702,8906,8906,0,217,7485,1482,231,45,1023,10,20,0,1048576,0.974399984,13243.6309,0.0312804095,0.966720521,inf,0.966720521,0.830871582,13,45,57,37,4,10,9,38,46,10
314,1,260,7569,3,512,23,489,0,0,23,494,16544,10885,5659,5659,0,382,10503,1782,403,42,1023,10,20,0,1048576,0.971000016,11650.0742,0.0473799147,1.032426,inf,1.032426,0.971664429,17,9,109,18,9,209,6,19,7,25
315,1,260,7569,3,512,5,507,0,0,5,513,16576,6496,10080,10080,0,47,6449,1350,58,32,1023,10,20,0,1048576,0.979799986,16877.1992,0.0326987021,0.70281893,inf,0.70281893,0.799835205,7,8,52,80,25,31,90,31,153,104
316,1,260,7569,3,512,42,470,0,0,42,475,16544,7738,8806,8806,0,369,7369,1561,380,45,1023,10,20,0,1048576,0.979799986,16877.1992,0.0493682325,0.505636573,inf,0.505636573,0.451049805,3,10,33,16,40,4,12,20,85,23
317,1,260,7569,3,512,20,492,0,0,20,498,16576,4716,11860,11860,0,129,4587,1273,141,37,1023,10,20,0,1048576,0.977400005,15047.9238,0.0306728147,0.572024107,inf,0.572024107,0.49559021,6,7,10,8,11,21,49,19,10,62
318,1,259,7569,3,512,38,474,0,0,38,477,16480,3900,12580,12580,0,125,3775,1025,137,31,1023,10,20,0,1048576,0.977400005,15047.9238,0.0423173755,0.639734864,inf,0.639734864,0.511077881,8,7,2,4,5,2,7,7,9,16
319,1,2286,7569,3,512,512,0,0,0,541,4007,145536,72360,73176,73176,0,4675,67685,8041,4687,59,1023,10,20,0,1048576,0.983399987,20612.918,0.0577411205,1.16227722,inf,1.16227722,0.729385376,8,7,3,15,6,6,5,14,207,5
320,1,260,7569,3,512,67,445,0,0,67,451,16576,11155,5421,5421,0,542,10613,1826,554,46,1023,10,20,0,1048576,0.980400026,17404.5566,0.070610024,0.968969345,inf,0.968969345,0.822250366,38,5,6,20,89,8,7,7,21,2
321,1,260,7569,3,512,146,366,0,0,146,371,16544,8610,7934,7934,0,1083,7527,1281,1094,49,1023,10,20,0,1048576,0.979799986,16877.1992,0.0581511036,0.784271121,inf,0.784271121,0.622055054,9,11,2,10,7,13,11,12,28,11
322,1,258,7569,3,512,35,477,0,0,35,479,16448,7646,8802,8802,0,308,7338,1514,320,47,1023,10,20,0,1048576,0.977400005,15047.9238,0.0481351428,0.716485381,inf,0.716485381,0.644500732,29,43,7,8,41,7,11,5,44,69
323,1,258,7569,3,512,28,484,0,0,28,486,16448,7577,8871,8871,0,246,7331,1424,258,38,1023,10,20,0,1048576,0.980400026,17404.5566,0.041992154,0.616939545,inf,0.616939545,0.592147827,12,14,2,36,11,11,31,16,36,44
324,1,258,7569,3,512,22,490,0,0,22,491,16416,2382,14034,14034,0,61,2321,841,82,29,1023,10,20,0,1048576,0.971000016,11650.0742,0.0188316312,0.383698642,inf,0.383698642,0.305709839,3,3,3,3,0,1,2,4,20,1
325,1,260,7569,3,512,7,505,0,0,7,510,16544,3423,13121,13121,0,68,3355,886,78,26,1023,10,20,0,1048576,0.979900002,16962.9141,0.0464241542,1.16929209,inf,1.16929209,1.25408936,17,6,17,46,49,34,130,120,40,92
326,1,260,7569,3,512,34,478,0,0,34,483,16544,8767,7777,7777,0,358,8409,1557,379,51,1023,10,20,0,1048576,0.971000016,11650.0742,0.0585304201,0.77353555,inf,0.77353555,0.664794922,12,15,5,22,6,23,9,28,19,11
327,1,261,7569,3,512,30,482,0,0,30,489,16608,4843,11765,11765,0,152,4691,1279,173,41,1023,10,20,0,1048576,0.971000016,11650.0742,0.0321962722,0.986664057,inf,0.986664057,0.879241943,8,5,8,6,22,4,46,9,10,5
328,0.899999976,260,7569,3,512,22,490,0,0,22,496,16576,11875,4701,4701,0,331,11544,1766,343,42,959,10,20,0,1048576,0.977400005,15047.9238,0.0317464098,1.3951416,inf,1.3951416,1.33779907,9,10,16,11,23,53,4294967295,64,37,74
329,1,259,7569,3,512,14,498,0,0,14,502,16512,7455,9057,9057,0,120,7335,1466,131,35,1023,10,20,0,1048576,0.979799986,16877.1992,0.0350187346,1.48477924,inf,1.48477924,1.4513092,10,18,74,13,69,69,22,6,60,120
330,0.600000024,261,7569,3,512,9,503,0,0,9,510,16608,12077,4531,4531,0,150,11927,2220,162,46,95,10,20,0,1048576,0.980400026,17404.5566,0.0698885396,1.22959375,inf,1.22959375,1.24464417,24,7,47,25,24,4294967295,202,4294967295,4294967295,4294967295
331,1,259,7569,3,512,8,504,0,0,8,508,16512,4995,11517,11517,0,89,4906,1159,99,24,1023,10,20,0,1048576,0.979900002,16962.9141,0.0470358022,0.730558515,inf,0.730558515,0.756011963,13,8,4,37,28,9,5,6,30,25
332,1,260,7569,3,512,21,491,0,0,21,496,16544,9393,7151,7151,0,149,9244,1740,161,34,1023,10,20,0,1048576,0.980400026,17404.5566,0.0557644479,0.552455068,inf,0.552455068,0.504348755,4,13,4,31,18,81,5,28,4,4
333,1,260,7569,3,512,26,486,0,0,26,492,16576,12113,4463,4463,0,422,11691,1995,434,44,1023,10,20,0,1048576,0.977400005,15047.9238,0.041004058,1.03155613,inf,1.03155613,0.952972412,7,8,15,6,148,78,90,109,2,10
334,1,259,7569,3,512,132,380,0,0,132,384,16512,7652,8860,8860,0,868,6784,1204,879,46,1023,10,20,0,1048576,0.979799986,16877.1992,0.0373633392,0.809946358,inf,0.809946358,0.615509033,6,4,4,7,4,15,10,10,16,7
335,1,261,7569,3,512,62,450,0,0,62,458,16640,4495,12145,12145,0,286,4209,1120,297,41,1023,10,20,0,1048576,0.979799986,16877.1992,0.04285191,1.00819659,inf,1.00819659,0.780532837,8,8,6,18,6,10,17,23,8,18
336,1,259,7569,3,512,17,495,0,0,17,498,16480,5032,11448,11448,0,139,4893,1051,151,35,1023,10,20,0,1048576,0.977400005,15047.9238,0.0318856016,1.03051233,inf,1.03051233,0.948120117,6,18,11,12,20,1,1,33,33,30
337,1,259,7569,3,512,22,490,0,0,22,494,16512,9545,6967,6967,0,313,9232,1572,325,55,1023,10,20,0,1048576,0.971300006,11775.4922,0.0277391542,1.14033377,inf,1.14033377,1.05577087,71,117,6,115,70,37,18,18,26,118
338,1,260,7569,3,512,34,478,0,0,35,482,16544,3804,12740,12740,0,136,3668,957,148,25,1023,10,20,0,1048576,0.980400026,17404.5566,0.03973528,1.16453695,inf,1.16453695,0.922317505,4,3,3,3,5,4,5,7,9,18
339,0.800000012,259,7569,3,512,17,495,0,0,17,498,16480,9497,6983,6983,0,256,9241,1685,270,42,639,10,20,0,1048576,0.974399984,13243.6309,0.0482687205,0.845617831,inf,0.845617831,0.821960449,3,19,21,9,49,11,112,4294967295,4294967295,125
340,1,260,7569,3,512,27,485,0,0,27,491,16576,6422,10154,10154,0,161,6261,1440,172,33,1023,10,20,0,1048576,0.979799986,16877.1992,0.04572846,1.19157743,inf,1.19157743,1.02598572,17,24,13,17,11,11,27,15,14,17
341,1,260,7569,3,512,38,474,0,0,38,479,16544,9978,6566,6566,0,372,9606,1778,383,37,1023,10,20,0,1048576,0.979799986,16877.1992,0.0513037592,0.680382013,inf,0.680382013,0.611343384,54,12,6,18,19,7,7,4,108,10
342,1,262,7569,3,512,40,472,0,0,41,481,16704,10857,5847,5847,0,451,10406,1791,463,51,1023,10,20,0,1048576,0.971300006,11775.4922,0.0484870411,0.875183105,inf,0.875183105,0.784255981,100,17,10,9,44,22,23,24,26,7
343,1,259,7569,3,512,2,510,0,0,2,513,16480,6323,10157,10157,0,46,6277,1324,57,33,1023,10,20,0,1048576,0.979799986,16877.1992,0.0606677234,0.851407766,inf,0.851407766,0.991821289,8,27,43,47,38,158,116,102,252,179
344,1,259,7569,3,512,67,445,0,0,68,447,16480,8376,8104,8104,0,373,8003,1501,385,45,1023,10,20,0,1048576,0.980400026,17404.5566,0.0649156645,0.96986866,inf,0.96986866,0.764663696,5,4,4,3,5,4,5,5,5,5
345,1,259,7569,3,512,47,465,0,0,47,468,16480,9518,6962,6962,0,533,8985,1653,544,39,1023,10,20,0,1048576,0.979799986,16877.1992,0.0505636632,0.972304821,inf,0.972304821,0.846343994,5,4,5,18,226,7,6,11,4,22
346,1,260,7569,3,512,33,479,0,0,33,484,16544,9567,6977,6977,0,383,9184,1881,394,51,1023,10,20,0,1048576,0.979799986,16877.1992,0.0540993623,0.956445515,inf,0.956445515,0.865493774,2,25,7,4,6,9,58,27,27,21
347,1,260,7569,3,512,106,406,0,0,106,412,16576,8191,8385,8385,0,659,7532,1338,670,38,1023,10,20,0,1048576,0.979799986,16877.1992,0.0539620407,0.666846573,inf,0.666846573,0.500778198,4,4,5,5,3,6,9,5,3,5
348,0.800000012,259,7569,3,512,16,496,0,0,16,499,16480,12196,4284,4284,0,213,11983,2268,225,46,507,10,20,0,1048576,0.980400026,17404.5566,0.0476954542,0.943368435,inf,0.943368435,0.909713745,44,133,4294967295,6,54,147,17,232,11,4294967295
349,1,259,7569,3,512,34,478,0,0,34,481,16480,8263,8217,8217,0,378,7885,1361,399,41,1023,10,20,0,1048576,0.971000016,11650.0742,0.0389723852,0.981507778,inf,0.981507778,0.877655029,3,3,15,2,2,28,2,8,7,5
350,1,258,7569,3,512,37,475,0,0,37,477,16448,8020,8428,8428,0,279,7741,1448,300,36,1023,10,20,0,1048576,0.971000016,11650.0742,0.0418350957,0.528058648,inf,0.528058648,0.47215271,4,3,10,4,4,1,33,1,64,17
351,1,259,7569,3,512,50,462,0,0,50,465,16480,10894,5586,5586,0,711,10183,1451,726,53,1023,10,20,0,1048576,0.965900004,9855.54688,0.0229657013,0.907685578,inf,0.907685578,0.772140503,12,1,47,19,99,11,3,27,45,12
352,1,259,7569,3,512,33,479,0,0,33,483,16512,6403,10109,10109,0,271,6132,1353,292,44,1023,10,20,0,1048576,0.971000016,11650.0742,0.0512124971,0.575431824,inf,0.575431824,0.490188599,6,4,36,4,61,24,28,5,4,49
353,1,260,7569,3,512,20,492,0,0,20,497,16544,6267,10277,10277,0,340,5927,1103,355,37,1023,10,20,0,1048576,0.965900004,9855.54688,0.025123246,1.22492182,inf,1.22492182,1.09912109,9,5,12,23,15,27,8,3,9,61
354,1,260,7569,3,512,33,479,0,0,33,485,16576,7317,9259,9259,0,335,6982,1305,351,41,1023,10,20,0,1048576,0.964600027,9480.82422,0.0256799962,0.820037305,inf,0.820037305,0.674057007,8,6,9,12,2,8,6,4,7,14
355,0.899999976,261,7569,3,512,44,468,0,0,44,474,16576,11807,4769,4769,0,549,11258,1825,564,43,1019,10,20,0,1048576,0.965900004,9855.54688,0.0344481282,0.689193726,inf,0.689193726,0.615707397,2,3,4294967295,10,4,10,18,18,10,20
356,1,258,7569,3,512,70,442,0,0,70,444,16448,5976,10472,10472,0,302,5674,1002,332,45,1023,10,20,0,1048576,0.950299978,6652.63574,0.0128179146,1.0246129,inf,1.0246129,0.693710327,5,4,5,4,5,5,4,5,5,5
357,1,259,7569,3,512,263,249,0,0,265,251,16512,6971,9541,9541,0,1255,5716,868,1271,51,1023,10,20,0,1048576,0.964600027,9480.82422,0.0235963631,0.676413119,inf,0.676413119,0.488632202,4,3,3,4,4,10,4,4,3,5
358,1,261,7569,3,512,50,462,0,0,50,470,16640,6698,9942,9942,0,364,6334,1235,379,51,1023,10,20,0,1048576,0.965900004,9855.54688,0.023786176,1.11239505,inf,1.11239505,0.906799316,12,9,7,18,9,29,10,13,13,13
359,1,259,7569,3,512,59,453,0,0,59,456,16480,7958,8522,8522,0,427,7531,1284,442,38,1023,10,20,0,1048576,0.965900004,9855.54688,0.034637209,0.57723999,inf,0.57723999,0.469833374,5,3,2,2,4,18,9,12,14,6
360,1,263,7569,3,512,14,498,0,0,14,508,16704,8302,8402,8402,0,228,8074,1504,244,55,1023,10,20,0,1048576,0.964600027,9480.82422,0.0217620209,1.35472941,inf,1.35472941,1.32737732,65,11,23,7,63,23,4,65,65,43
361,1,259,7569,3,512,146,366,0,0,147,369,16512,7063,9449,9449,0,1334,5729,1031,1364,61,1023,10,20,0,1048576,0.950299978,6652.63574,0.0212860797,0.804000914,inf,0.804000914,0.606887817,4,18,3,4,4,4,25,10,26,4
362,1,261,7569,3,512,15,497,0,0,15,503,16576,5130,11446,11446,0,188,4942,955,209,40,1023,10,20,0,1048576,0.971000016,11650.0742,0.0399921462,1.37713504,inf,1.37713504,1.26184082,3,2,12,4,8,53,53,2,22,53
363,1,260,7569,3,512,59,453,0,0,59,459,16576,9606,6970,6970,0,848,8758,1412,878,54,1023,10,20,0,1048576,0.950299978,6652.63574,0.0188718941,0.77381736,inf,0.77381736,0.688980103,11,5,5,4,12,17,8,16,137,6
364,1,260,7569,3,512,27,485,0,0,27,491,16576,8941,7635,7635,0,425,8516,1443,455,53,1023,10,20,0,1048576,0.950299978,6652.63574,0.0173317622,1.13744891,inf,1.13744891,1.03076172,10,8,10,10,8,10,17,7,22,63
365,1,259,7569,3,512,8,504,0,0,8,508,16512,3930,12582,12582,0,62,3868,1016,77,32,1023,10,20,0,1048576,0.965900004,9855.54688,0.0198028199,0.968243361,inf,0.968243361,0.989135742,4,5,40,63,197,30,38,18,78,59
366,1,260,7569,3,512,75,437,0,0,75,443,16576,7492,9084,9084,0,660,6832,1215,675,48,1023,10,20,0,1048576,0.965900004,9855.54688,0.0355032645,0.762767673,inf,0.762767673,0.598754883,5,6,4,6,26,14,7,30,31,5
367,1,263,7569,3,512,54,458,0,0,54,466,16640,12653,3987,3987,0,647,12006,1884,663,41,1023,10,20,0,1048576,0.964600027,9480.82422,0.0363368914,1.10474277,inf,1.10474277,0.888778687,6,4,4,3,3,5,1,19,2,8
368,1,261,7569,3,512,35,477,0,0,35,484,16608,5517,11091,11091,0,221,5296,1126,242,41,1023,10,20,0,1048576,0.971000016,11650.0742,0.0372431837,1.36396611,inf,1.36396611,1.14070129,6,5,13,5,35,35,6,6,5,8
369,0.899999976,262,7569,3,512,21,491,0,0,21,501,16704,13794,2910,2910,0,360,13434,2356,381,52,1022,10,20,0,1048576,0.971000016,11650.0742,0.0463102646,0.941680729,inf,0.941680729,0.874191284,4294967295,54,8,66,74,188,9,128,60,59
370,1,259,7569,3,512,95,417,0,0,95,421,16512,9186,7326,7326,0,892,8294,1392,907,50,1023,10,20,0,1048576,0.965900004,9855.54688,0.0313308313,0.745511234,inf,0.745511234,0.62210083,4,16,2,11,24,36,19,10,44,10
371,1,259,7569,3,512,43,469,0,0,43,473,16512,8239,8273,8273,0,589,7650,1354,604,53,1023,10,20,0,1048576,0.965900004,9855.54688,0.021808425,0.999734759,inf,0.999734759,0.887649536,4,18,13,5,25,25,26,19,12,12
372,1,260,7569,3,512,55,457,0,0,55,461,16512,11712,4800,4800,0,639,11073,1814,654,50,1023,10,20,0,1048576,0.965900004,9855.54688,0.0288373288,1.15102971,inf,1.15102971,1.03199768,7,24,6,17,25,10,8,94,58,58
373,1,260,7569,3,512,269,243,0,0,273,245,16576,6283,10293,10293,0,1974,4309,722,2004,79,1023,10,20,0,1048576,0.950299978,6652.63574,0.0199510697,0.641998291,inf,0.641998291,0.439605713,4,3,4,5,4,5,7,3,3,4
374,1,262,7569,3,512,53,459,0,0,54,467,16672,10429,6243,6243,0,694,9735,1618,709,56,1023,10,20,0,1048576,0.965900004,9855.54688,0.028952973,0.924735427,inf,0.924735427,0.79397583,9,6,115,9,12,9,8,16,16,7
375,1,258,7569,3,512,25,487,0,0,25,489,16448,9050,7398,7398,0,336,8714,1417,352,38,1023,10,20,0,1048576,0.964600027,9480.82422,0.0232025366,0.939065576,inf,0.939065576,0.817886353,11,8,5,6,14,21,18,26,7,32
376,1,259,7569,3,512,23,489,0,0,23,492,16480,11274,5206,5206,0,503,10771,1609,518,50,1023,10,20,0,1048576,0.965900004,9855.54688,0.0222372338,0.825655699,inf,0.825655699,0.774291992,26,65,7,22,9,9,93,8,60,5
377,1,261,7569,3,512,25,487,0,0,26,494,16640,3468,13172,13172,0,135,3333,935,165,42,1023,10,20,0,1048576,0.950299978,6652.63574,0.0138497977,0.885706484,inf,0.885706484,0.602752686,8,8,7,18,5,7,8,12,26,14
378,1,259,7569,3,512,31,481,0,0,32,484,16512,10273,6239,6239,0,490,9783,1638,505,45,1023,10,20,0,1048576,0.965900004,9855.54688,0.0348473936,0.590428829,inf,0.590428829,0.543838501,13,16,6,20,16,2,89,18,27,9
379,1,259,7569,3,512,85,427,0,0,85,431,16512,7051,9461,9461,0,984,6067,1072,999,51,1023,10,20,0,1048576,0.965900004,9855.54688,0.0246665813,0.791448772,inf,0.791448772,0.63571167,4,3,7,5,20,4,7,3,23,28
380,1,258,7569,3,512,27,485,0,0,27,487,16448,10000,6448,6448,0,286,9714,1516,316,41,1023,10,20,0,1048576,0.965799987,9825.7041,0.0419514701,0.923390687,inf,0.923390687,0.84413147,6,6,8,35,20,95,104,82,43,6
381,0.899999976,259,7569,3,512,23,489,0,0,25,491,16512,9457,7055,7055,0,459,8998,1541,474,50,991,10,20,0,1048576,0.965900004,9855.54688,0.0233953521,1.02571344,inf,1.02571344,0.971618652,16,6,18,58,17,4294967295,17,12,2,91
382,0.699999988,262,7569,3,512,39,473,0,0,40,481,16672,12532,4140,4140,0,642,11890,1835,657,73,988,10,20,0,1048576,0.965900004,9855.54688,0.0196247138,1.27552032,inf,1.27552032,1.17500305,4294967295,4294967295,56,9,73,4294967295,22,147,33,225
383,1,258,7569,3,512,47,465,0,0,48,466,16448,6455,9993,9993,0,315,6140,1110,330,36,1023,10,20,0,1048576,0.965900004,9855.54688,0.0242276452,0.835279703,inf,0.835279703,0.718383789,4,5,3,4,7,5,9,8,55,4
384,1,261,7569,3,512,33,479,0,0,33,487,16640,7012,9628,9628,0,268,6744,1540,283,48,1023,10,20,0,1048576,0.965900004,9855.54688,0.0282337908,0.827950776,inf,0.827950776,0.771728516,8,9,25,27,18,10,5,20,14,9
385,1,261,7569,3,512,61,451,0,0,62,457,16608,12495,4113,4113,0,762,11733,1842,777,53,1023,10,20,0,1048576,0.965900004,9855.54688,0.0260112491,1.08089447,inf,1.08089447,0.97227478,28,14,29,21,19,20,33,82,27,7
386,1,259,7569,3,512,53,459,0,0,53,463,16512,3906,12606,12606,0,270,3636,886,285,42,1023,10,20,0,1048576,0.965900004,9855.54688,0.0203565564,1.1160444,inf,1.1160444,0.659347534,3,4,3,4,4,5,5,4,4,4
387,1,260,7569,3,512,30,482,0,0,30,487,16544,9038,7506,7506,0,388,8650,1346,403,47,1023,10,20,0,1048576,0.965900004,9855.54688,0.0219941307,1.11661077,inf,1.11661077,1.0349884,6,86,11,222,3,58,56,4,50,24
388,1,259,7569,3,512,95,417,0,0,96,419,16480,10533,5947,5947,0,1350,9183,1509,1365,60,1023,10,20,0,1048576,0.965900004,9855.54688,0.035528589,1.06387639,inf,1.06387639,0.919555664,10,8,2,63,4,9,8,2,8,15
389,1,259,7569,3,512,34,478,0,0,34,482,16512,7884,8628,8628,0,297,7587,1499,318,45,1023,10,20,0,1048576,0.971000016,11650.0742,0.0397436917,0.967379212,inf,0.967379212,0.838165283,10,10,10,9,9,8,17,11,31,34
390,1,260,7569,3,512,21,491,0,0,22,494,16512,7575,8937,8937,0,291,7284,1322,306,40,1023,10,20,0,1048576,0.965900004,9855.54688,0.0376540571,0.802930236,inf,0.802930236,0.726577759,21,6,18,2,5,44,4,11,1,49
391,1,260,7569,3,512,27,485,0,0,27,491,16576,8802,7774,7774,0,369,8433,1438,384,47,1023,10,20,0,1048576,0.965900004,9855.54688,0.0274420157,1.14992034,inf,1.14992034,1.04914856,5,5,9,14,7,8,14,30,10,58
392,1,258,7569,3,512,27,485,0,0,27,487,16448,10980,5468,5468,0,353,10627,1814,369,42,1023,10,20,0,1048576,0.964600027,9480.82422,0.035511069,0.872486174,inf,0.872486174,0.820449829,8,16,44,32,20,157,25,1,9,138
393,1,259,7569,3,512,67,445,0,0,67,449,16512,8758,7754,7754,0,785,7973,1206,800,47,1023,10,20,0,1048576,0.965900004,9855.54688,0.0218945257,1.04165554,inf,1.04165554,0.87727356,3,1,3,5,9,6,11,6,27,4
394,1,258,7569,3,512,53,459,0,0,53,461,16448,7958,8490,8490,0,533,7425,1225,548,49,1023,10,20,0,1048576,0.965900004,9855.54688,0.0254448522,0.933853149,inf,0.933853149,0.778244019,1,9,8,16,16,5,17,31,19,11
395,1,259,7569,3,512,107,405,0,0,107,408,16480,10468,6012,6012,0,898,9570,1478,913,57,1023,10,20,0,1048576,0.965900004,9855.54688,0.0194238145,1.10984743,inf,1.10984743,0.92364502,22,21,20,23,21,21,22,26,20,23
396,1,259,7569,3,512,79,433,0,0,79,436,16480,5974,10506,10506,0,681,5293,1086,696,57,1023,10,20,0,1048576,0.965900004,9855.54688,0.0301895943,1.1238023,inf,1.1238023,0.961303711,14,6,11,7,4,22,7,13,38,14
397,1,258,7569,3,512,52,460,0,0,52,462,16448,6278,10170,10170,0,436,5842,1154,451,45,1023,10,20,0,1048576,0.965900004,9855.54688,0.0346760377,0.944782495,inf,0.944782495,0.78944397,2,23,7,6,4,5,9,2,6,16
398,1,259,7569,3,512,62,450,0,0,62,454,16512,6441,10071,10071,0,554,5887,1170,569,44,1023,10,20,0,1048576,0.965900004,9855.54688,0.0269558076,0.63057822,inf,0.63057822,0.511047363,11,10,10,10,10,6,39,5,8,41
399,1,260,7569,3,512,16,496,0,0,16,501,16544,8946,7598,7598,0,252,8694,1565,267,37,1023,10,20,0,1048576,0.965900004,9855.54688,0.0361431018,0.658397079,inf,0.658397079,0.623077393,9,10,4,4,6,30,8,32,32,7
400,1,259,7569,3,512,51,461,0,0,51,465,16512,8593,7919,7919,0,768,7825,1285,827,70,1023,10,20,0,1048576,0.904799998,3306.4856,0.00846242066,0.882394314,inf,0.882394314,0.768463135,6,4,5,17,11,22,14,29,5,17
401,1,270,7569,3,512,433,79,0,0,433,105,17216,1727,15489,15489,0,753,974,746,812,49,1023,10,20,0,1048576,0.904799998,3306.4856,0.00634978898,0.0037689209,inf,0.0037689209,0.000442504883,14,14,14,14,13,13,13,13,14,14
402,0.899999976,264,7569,3,512,32,480,0,0,32,489,16672,12744,3928,3928,0,593,12151,1947,624,61,1015,10,20,0,1048576,0.93690002,5165.85547,0.0173080582,0.979283154,inf,0.979283154,0.914962769,55,19,11,4294967295,8,7,21,56,173,138
403,0,260,7569,3,512,5,507,0,0,5,512,16544,6194,10350,10350,0,114,6080,1447,155,47,0,10,20,0,1048576,0.930299997,4643.68652,0.00831560232,1.69732642,inf,1.69732642,1.72241211,4294967295,4294967295,4294967295,4294967295,4294967295,4294967295,4294967295,4294967295,4294967295,4294967295
404,0.800000012,261,7569,3,512,21,491,0,0,21,498,16608,10324,6284,6284,0,305,10019,1594,335,55,639,10,20,0,1048576,0.950299978,6652.63574,0.0218997393,0.887178183,inf,0.887178183,0.824859619,28,35,40,25,13,33,11,4294967295,4294967295,25
405,1,261,7569,3,512,58,454,0,0,60,460,16640,2799,13841,13841,0,238,2561,945,279,66,1023,10,20,0,1048576,0.930299997,4643.68652,0.0128591945,0.935811877,inf,0.935811877,0.55607605,9,6,6,7,7,7,8,22,13,20
406,1,261,7569,3,512,251,261,0,0,251,269,16640,3990,12650,12650,0,662,3328,681,702,53,1023,10,20,0,1048576,0.918300033,3910.43628,0.00807563588,0.839860916,inf,0.839860916,0.315475464,5,6,6,6,6,5,6,7,6,6
407,1,259,7569,3,512,45,467,0,0,45,471,16512,8178,8334,8334,0,521,7657,1334,562,65,1023,10,20,0,1048576,0.930299997,4643.68652,0.0147086084,0.548518896,inf,0.548518896,0.472976685,2,17,13,14,10,8,48,43,8,15
408,1,260,7569,3,512,77,435,0,0,78,440,16576,9849,6727,6727,0,1213,8636,1297,1252,70,1023,10,20,0,1048576,0.904999971,3314.17944,0.0108772684,0.890821099,inf,0.890821099,0.775848389,5,10,3,11,18,4,96,131,152,3
409,1,259,7569,3,512,57,455,0,0,57,459,16512,7036,9476,9476,0,575,6461,1241,628,63,1023,10,20,0,1048576,0.911300004,3574.32715,0.0130275646,0.684093833,inf,0.684093833,0.588058472,4,32,9,26,205,23,23,5,10,5
410,1,260,7569,3,512,30,482,0,0,30,488,16576,7614,8962,8962,0,493,7121,1319,524,63,1023,10,20,0,1048576,0.93690002,5165.85547,0.0141171347,0.77572906,inf,0.77572906,0.7084198,10,21,7,8,55,47,9,32,13,14
411,1,259,7569,3,512,28,484,0,0,30,486,16512,9329,7183,7183,0,505,8824,1287,536,51,1023,10,20,0,1048576,0.93690002,5165.85547,0.0144786136,0.728041649,inf,0.728041649,0.63923645,9,3,13,13,39,30,31,3,103,22
412,1,260,7569,3,512,22,490,0,0,22,496,16576,4775,11801,11801,0,260,4515,1023,291,39,1023,10,20,0,1048576,0.93690002,5165.85547,0.015281653,1.16558075,inf,1.16558075,0.9349823,4,5,4,5,4,12,49,4,18,3
413,1,260,7569,3,512,56,456,0,0,56,462,16576,11474,5102,5102,0,941,10533,1543,982,68,1023,10,20,0,1048576,0.930299997,4643.68652,0.0124395965,0.965244174,inf,0.965244174,0.874328613,11,17,13,81,6,153,206,194,8,71
414,1,261,7569,3,512,41,471,0,0,41,478,16608,5877,10731,10731,0,465,5412,1153,518,60,1023,10,20,0,1048576,0.911300004,3574.32715,0.00527990609,0.777328849,inf,0.777328849,0.641433716,5,5,6,6,21,6,6,6,32,3
415,1,260,7569,3,512,36,476,0,0,36,481,16544,9833,6711,6711,0,613,9220,1521,644,64,1023,10,20,0,1048576,0.93690002,5165.85547,0.0139317494,1.14863634,inf,1.14863634,1.06286621,16,22,21,37,27,24,10,38,81,69
416,0.800000012,259,7569,3,512,29,483,0,0,31,485,16512,12376,4136,4136,0,589,11787,1716,630,74,989,10,20,0,1048576,0.930299997,4643.68652,0.0130198747,0.930282593,inf,0.930282593,0.881256104,30,4294967295,63,120,194,4294967295,29,36,29,6
417,1,260,7569,3,512,132,380,0,0,132,386,16576,6572,10004,10004,0,1300,5272,1037,1357,68,1023,10,20,0,1048576,0.901899993,3198.43774,0.00997225568,0.464736938,inf,0.464736938,0.335861206,8,12,4,10,6,5,9,14,11,13
418,1,269,7569,3,512,50,462,0,0,51,485,17152,10948,6204,6204,0,680,10268,1849,711,66,1023,10,20,0,1048576,0.93690002,5165.85547,0.0131309219,1.21109843,inf,1.21109843,1.08934021,19,24,60,59,20,15,79,36,230,122
419,1,259,7569,3,512,34,478,0,0,35,481,16512,6848,9664,9664,0,427,6421,1237,468,53,1023,10,20,0,1048576,0.930299997,4643.68652,0.0146732116,0.927026749,inf,0.927026749,0.794845581,16,3,2,7,88,17,2,12,29,9
420,1,261,7569,3,512,36,476,0,0,36,482,16576,11027,5549,5549,0,713,10314,1536,744,65,1023,10,20,0,1048576,0.93690002,5165.85547,0.0157276392,0.908918202,inf,0.908918202,0.825820923,19,13,12,98,111,11,8,14,116,10
421,1,258,7569,3,512,48,464,0,0,48,466,16448,7175,9273,9273,0,583,6592,1177,624,60,1023,10,20,0,1048576,0.930299997,4643.68652,0.0133118043,0.825366259,inf,0.825366259,0.692108154,15,7,24,24,24,8,6,36,13,7
422,1,259,7569,3,512,75,437,0,0,77,439,16512,4240,12272,12272,0,487,3753,904,526,62,1023,10,20,0,1048576,0.904999971,3314.17944,0.00978869013,0.901046753,inf,0.901046753,0.669128418,3,9,5,3,6,18,18,18,10,14
423,1,259,7569,3,512,68,444,0,0,69,446,16480,9029,7451,7451,0,1006,8023,1193,1059,65,1023,10,20,0,1048576,0.911300004,3574.32715,0.0104970541,0.906760693,inf,0.906760693,0.774215698,7,9,17,12,2,26,40,14,48,48
424,1,259,7569,3,512,493,19,0,0,493,23,16512,5352,11160,11160,0,2711,2641,293,2752,71,1023,10,20,0,1048576,0.930299997,4643.68652,0.0171884149,0.969440162,inf,0.969440162,0.708099365,4,10,3,14,6,3,5,21,4,7
425,1,260,7569,3,512,30,482,0,0,30,487,16544,5968,10576,10576,0,385,5583,1111,416,51,1023,10,20,0,1048576,0.93690002,5165.85547,0.0151316645,0.9230932,inf,0.9230932,0.801895142,5,6,9,6,16,3,62,69,18,44
426,1,259,7569,3,512,35,477,0,0,35,481,16512,4275,12237,12237,0,230,4045,922,261,41,1023,10,20,0,1048576,0.93690002,5165.85547,0.00936614629,1.20856965,inf,1.20856965,0.87689209,3,1,2,5,4,2,3,1,3,1
427,1,258,7569,3,512,48,464,0,0,48,466,16448,9102,7346,7346,0,868,8234,1183,909,54,1023,10,20,0,1048576,0.930299997,4643.68652,0.0112269381,1.45665562,inf,1.45665562,1.29341125,4,3,4,7,2,6,6,10,162,27
428,1,258,7569,3,512,46,466,0,0,46,467,16416,4844,11572,11572,0,571,4273,855,610,53,1023,10,20,0,1048576,0.904999971,3314.17944,0.00666459743,1.0201534,inf,1.0201534,0.891830444,4,5,116,2,4,12,4,5,1,14
429,1,260,7569,3,512,34,478,0,0,34,484,16576,9097,7479,7479,0,597,8500,1393,628,56,1023,10,20,0,1048576,0.93690002,5165.85547,0.0142852645,1.18590081,inf,1.18590081,1.0105896,7,12,6,7,14,14,6,21,16,38
430,1,260,7569,3,512,43,469,0,0,44,473,16544,12314,4230,4230,0,892,11422,1676,931,66,1023,10,20,0,1048576,0.904999971,3314.17944,0.0150002409,1.01661766,inf,1.01661766,0.916992188,10,9,7,21,7,85,5,7,14,102
431,1,259,7569,3,512,37,475,0,0,37,479,16512,8875,7637,7637,0,577,8298,1368,607,44,1023,10,20,0,1048576,0.926299989,4372.7373,0.0129504278,0.65117979,inf,0.65117979,0.574615479,7,6,26,1,14,9,14,8,3,4
432,1,259,7569,3,512,101,411,0,0,101,415,16512,6800,9712,9712,0,1187,5613,1034,1244,58,1023,10,20,0,1048576,0.901899993,3198.43774,0.0104453508,0.511184692,inf,0.511184692,0.411727905,3,2,3,4,12,4,12,4,10,5
433,1,258,7569,3,512,57,455,0,0,58,456,16448,7375,9073,9073,0,797,6578,1206,838,57,1023,10,20,0,1048576,0.930299997,4643.68652,0.016305469,0.766671658,inf,0.766671658,0.665359497,9,30,3,5,36,3,5,6,37,37
434,1,261,7569,3,512,57,455,0,0,59,460,16608,4353,12255,12255,0,486,3867,1026,543,66,1023,10,20,0,1048576,0.912599981,3632.67529,0.00748055009,0.684894502,inf,0.684894502,0.539733887,6,6,7,7,6,7,7,8,5,45
435,1,259,7569,3,512,41,471,0,0,41,475,16512,6977,9535,9535,0,470,6507,1116,511,60,1023,10,20,0,1048576,0.930299997,4643.68652,0.0120561915,1.05768681,inf,1.05768681,0.921920776,10,5,10,8,8,10,6,23,8,6
436,1,259,7569,3,512,53,459,0,0,53,463,16512,8653,7859,7859,0,715,7938,1232,746,59,1023,10,20,0,1048576,0.93690002,5165.85547,0.0138990087,0.805601299,inf,0.805601299,0.684951782,4,10,5,5,3,26,20,85,40,9
437,0.899999976,262,7569,3,512,62,450,0,0,62,459,16672,11253,5419,5419,0,1183,10070,1658,1222,79,511,10,20,0,1048576,0.904999971,3314.17944,0.013309041,0.902170181,inf,0.902170181,0.82409668,23,8,112,46,16,50,26,145,74,4294967295
438,1,259,7569,3,512,48,464,0,0,48,468,16512,8588,7924,7924,0,676,7912,1291,716,62,1023,10,20,0,1048576,0.918300033,3910.43628,0.0126945442,0.866133869,inf,0.866133869,0.734832764,4,10,5,11,33,6,63,3,30,11
439,1,260,7569,3,512,56,456,0,0,56,461,16544,5997,10547,10547,0,532,5465,1173,571,66,1023,10,20,0,1048576,0.904999971,3314.17944,0.00687521696,0.889641941,inf,0.889641941,0.811630249,5,9,5,7,26,70,6,13,4,5
440,1,260,7569,3,512,45,467,0,0,47,470,16544,12418,4126,4126,0,917,11501,1664,958,77,1023,10,20,0,1048576,0.930299997,4643.68652,0.016777169,1.1112901,inf,1.1112901,1.01828003,13,122,123,27,58,17,17,213,73,173
441,1,261,7569,3,512,41,471,0,0,41,479,16640,5219,11421,11421,0,353,4866,1139,384,50,1023,10,20,0,1048576,0.93690002,5165.85547,0.0139184762,1.28586066,inf,1.28586066,1.03588867,7,8,10,5,8,4,6,8,48,10
442,1,259,7569,3,512,46,466,0,0,46,469,16480,7924,8556,8556,0,755,7169,1180,814,73,1023,10,20,0,1048576,0.904799998,3306.4856,0.00998714101,1.10907769,inf,1.10907769,1.00154114,5,9,4,5,53,9,1,48,48,245
443,1,260,7569,3,512,327,185,0,0,328,190,16576,4862,11714,11714,0,870,3992,599,911,68,1023,10,20,0,1048576,0.930299997,4643.68652,0.00828338601,0.878143311,inf,0.878143311,0.504943848,4,7,4,4,3,4,4,3,4,4
444,1,259,7569,3,512,60,452,0,0,60,456,16512,7659,8853,8853,0,816,6843,1100,873,63,1023,10,20,0,1048576,0.901899993,3198.43774,0.00974817201,0.659864128,inf,0.659864128,0.514190674,7,5,5,4,5,7,2,14,41,14
445,1,278,7569,3,512,244,268,0,0,247,307,17728,2163,15565,15565,0,390,1773,1421,429,74,1023,10,20,0,1048576,0.904999971,3314.17944,0.00609575491,0.00691598048,inf,0.00691598048,0.000762939453,20,20,20,19,19,19,19,19,19,20
446,1,260,7569,3,512,64,448,0,0,64,454,16576,11125,5451,5451,0,1181,9944,1514,1238,85,1023,10,20,0,1048576,0.912599981,3632.67529,0.0130009679,0.756149769,inf,0.756149769,0.635253906,77,38,68,36,23,29,9,6,6,46
447,1,260,7569,3,512,42,470,0,0,43,474,16544,6670,9874,9874,0,490,6180,1215,530,67,1023,10,20,0,1048576,0.918300033,3910.43628,0.0132779777,0.730746269,inf,0.730746269,0.628204346,10,16,26,25,45,23,6,6,9,9
448,1,260,7569,3,512,48,464,0,0,49,468,16544,6319,10225,10225,0,421,5898,1177,452,54,1023,10,20,0,1048576,0.93690002,5165.85547,0.0134738181,0.980606198,inf,0.980606198,0.862075806,9,10,9,5,26,15,44,63,19,9
449,1,259,7569,3,512,21,491,0,0,21,495,16512,7518,8994,8994,0,255,7263,1269,286,41,1023,10,20,0,1048576,0.93690002,5165.85547,0.00799058098,1.11358142,inf,1.11358142,1.04359436,2,3,4,4,26,224,25,5,5,4
450,1,258,7569,3,512,95,417,0,0,96,418,16448,6982,9466,9466,0,1131,5851,1003,1211,69,1023,10,20,0,1048576,0.860000014,2136.89648,0.00462751184,0.865238488,inf,0.865238488,0.715042114,3,12,29,7,6,15,6,3,4,64
451,1,265,7569,3,512,446,66,0,0,456,71,16864,1635,15229,15229,0,1071,564,332,1151,124,1023,10,20,0,1048576,0.860000014,2136.89648,0.00396698806,0.00300598145,inf,0.00300598145,0.000396728516,9,9,9,10,9,9,10,9,9,10
452,1,259,7569,3,512,76,436,0,0,76,440,16512,9554,6958,6958,0,1307,8247,1248,1377,71,1023,10,20,0,1048576,0.875800014,2453.06934,0.00921292882,0.648769796,inf,0.648769796,0.55859375,23,10,8,4,6,6,105,24,6,34
453,1,259,7569,3,512,68,444,0,0,68,447,16480,10133,6347,6347,0,1137,8996,1288,1229,74,1023,10,20,0,1048576,0.827800035,1672.16089,0.0063498388,0.947710335,inf,0.947710335,0.82208252,7,6,40,6,14,5,6,2,63,54
454,1,260,7569,3,512,66,446,0,0,67,450,16544,9868,6676,6676,0,1059,8809,1383,1121,67,1023,10,20,0,1048576,0.887099981,2733.47144,0.00858811289,0.59765625,inf,0.59765625,0.512542725,2,88,35,47,11,16,34,26,10,62
455,1,260,7569,3,512,36,476,0,0,36,482,16576,2867,13709,13709,0,264,2603,840,326,62,1023,10,20,0,1048576,0.887099981,2733.47144,0.00593065098,1.30447137,inf,1.30447137,1.07159424,7,7,6,5,7,13,10,8,4,6
456,1,258,7569,3,512,208,304,0,0,208,306,16448,5405,11043,11043,0,1955,3450,688,2067,72,1023,10,20,0,1048576,0.81220001,1504.31873,0.0026496402,0.466898292,inf,0.466898292,0.349411011,2,2,2,3,7,3,9,6,10,10
457,1,260,7569,3,512,409,103,0,0,410,107,16544,5081,11463,11463,0,2389,2692,441,2481,73,1023,10,20,0,1048576,0.827800035,1672.16089,0.00487025781,0.741790771,inf,0.741790771,0.317230225,3,3,4,3,3,2,4,4,3,4
458,1,259,7569,3,512,88,424,0,0,88,428,16512,10703,5809,5809,0,1450,9253,1326,1530,72,1023,10,20,0,1048576,0.87529999,2441.83569,0.00901932269,0.920960844,inf,0.920960844,0.787597656,9,7,2,76,10,29,23,16,3,3
459,1,260,7569,3,512,137,375,0,0,141,377,16576,9896,6680,6680,0,2502,7394,976,2594,90,1023,10,20,0,1048576,0.827800035,1672.16089,0.0039550974,1.20199203,inf,1.20199203,0.771621704,8,7,8,8,8,8,8,9,7,9
460,1,260,7569,3,512,54,458,0,0,54,463,16544,5748,10796,10796,0,672,5076,1023,734,57,1023,10,20,0,1048576,0.887099981,2733.47144,0.00543479109,1.08275104,inf,1.08275104,0.925354004,4,4,4,5,4,12,6,9,9,16
461,1,260,7569,3,512,236,276,0,0,236,281,16544,5503,11041,11041,0,1791,3712,690,1830,67,1023,10,20,0,1048576,0.904999971,3314.17944,0.00741084851,0.680949032,inf,0.680949032,0.417449951,8,8,5,5,4,3,4,12,3,7
462,1,262,7569,3,512,128,384,0,0,131,391,16704,6892,9812,9812,0,1857,5035,1087,1969,90,1023,10,20,0,1048576,0.81220001,1504.31873,0.00309363054,1.10175693,inf,1.10175693,0.92137146,5,7,10,10,18,9,20,14,19,6
463,1,259,7569,3,512,93,419,0,0,94,422,16512,5985,10527,10527,0,970,5015,1043,1050,68,1023,10,20,0,1048576,0.860000014,2136.89648,0.00468461448,1.24018872,inf,1.24018872,1.05233765,4,4,6,2,61,6,12,9,80,4
464,1,259,7569,3,512,63,449,0,0,64,451,16480,10657,5823,5823,0,1054,9603,1404,1093,65,1023,10,20,0,1048576,0.904999971,3314.17944,0.0133780176,0.980998874,inf,0.980998874,0.856643677,14,5,25,28,16,10,67,73,12,2
465,1,260,7569,3,512,135,377,0,0,136,381,16544,11367,5177,5177,0,2306,9061,1283,2398,82,1023,10,20,0,1048576,0.827800035,1672.16089,0.00426115328,0.860340238,inf,0.860340238,0.71635437,14,21,2,14,28,3,4,28,12,18
466,1,260,7569,3,512,88,424,0,0,89,428,16544,8504,8040,8040,0,1411,7093,1144,1491,77,1023,10,20,0,1048576,0.87529999,2441.83569,0.00921633188,1.07499695,inf,1.07499695,0.913650513,11,3,2,6,5,26,5,24,9,46
467,0.899999976,259,7569,3,512,80,432,0,0,80,436,16512,11634,4878,4878,0,1544,10090,1345,1614,74,991,10,20,0,1048576,0.875800014,2453.06934,0.00604796736,1.04037476,inf,1.04037476,0.883834839,2,8,7,23,11,4294967295,4,4,16,3
468,1,259,7569,3,512,134,378,0,0,135,381,16512,11590,4922,4922,0,2344,9246,1234,2436,76,1023,10,20,0,1048576,0.827800035,1672.16089,0.00537681859,0.944555283,inf,0.944555283,0.766174316,8,6,7,3,4,13,4,90,46,91
469,1,259,7569,3,512,212,300,0,0,212,304,16512,3527,12985,12985,0,1146,2381,563,1238,75,1023,10,20,0,1048576,0.827800035,1672.16089,0.00494559016,0.722213745,inf,0.722213745,0.393539429,6,4,5,7,5,5,5,6,4,3
470,1,259,7569,3,512,68,444,0,0,68,448,16512,9519,6993,6993,0,824,8695,1382,863,83,1023,10,20,0,1048576,0.904999971,3314.17944,0.0125537068,0.776222229,inf,0.776222229,0.658477783,33,4,10,5,5,36,32,166,75,30
471,1,258,7569,3,512,164,348,0,0,164,349,16416,5308,11108,11108,0,1517,3791,713,1629,58,1023,10,20,0,1048576,0.81220001,1504.31873,0.00433657132,0.57307744,inf,0.57307744,0.410598755,2,2,0,2,8,8,8,2,6,0
472,1,259,7569,3,512,107,405,0,0,107,409,16512,9949,6563,6563,0,1676,8273,1312,1788,79,1023,10,20,0,1048576,0.81220001,1504.31873,0.00542283989,0.711218119,inf,0.711218119,0.609985352,5,5,20,26,3,19,4,18,4,30
473,1,258,7569,3,512,507,5,0,0,509,5,16448,1292,15156,15156,0,1183,109,15,1263,72,1023,10,20,0,1048576,0.860000014,2136.89648,0.00402079616,0.0109710693,inf,0.0109710693,0.00129699707,3,3,3,3,3,3,3,3,2,3
474,1,259,7569,3,512,103,409,0,0,103,412,16480,11028,5452,5452,0,1757,9271,1344,1837,80,1023,10,20,0,1048576,0.860000014,2136.89648,0.00702527491,0.952459872,inf,0.952459872,0.840789795,41,16,53,13,42,33,4,62,62,12
475,0.899999976,259,7569,3,512,88,424,0,0,89,427,16512,11332,5180,5180,0,1630,9702,1418,1710,78,1015,10,20,0,1048576,0.860000014,2136.89648,0.00459530018,1.22970819,inf,1.22970819,1.07992554,18,25,11,4294967295,19,85,3,51,67,59
476,1,265,7569,3,512,70,442,0,0,74,454,16896,3542,13354,13354,0,360,3182,918,422,79,1023,10,20,0,1048576,0.887099981,2733.47144,0.0050063571,1.45053244,inf,1.45053244,0.366867065,11,11,11,13,10,11,15,13,13,11
477,1,259,7569,3,512,124,388,0,0,124,392,16512,11321,5191,5191,0,2168,9153,1295,2260,79,1023,10,20,0,1048576,0.827800035,1672.16089,0.00701995427,0.736785889,inf,0.736785889,0.595901489,13,5,13,12,1,26,25,9,1,41
478,1,260,7569,3,512,46,466,0,0,46,471,16544,9775,6769,6769,0,914,8861,1408,976,65,1023,10,20,0,1048576,0.887099981,2733.47144,0.0100197382,0.875406682,inf,0.875406682,0.798446655,6,15,10,25,2,10,7,10,156,6
479,1,261,7569,3,512,86,426,0,0,86,433,16608,9428,7180,7180,0,1411,8017,1358,1491,88,1023,10,20,0,1048576,0.860000014,2136.89648,0.00940217357,1.18850982,inf,1.18850982,1.04553223,54,28,25,4,6,7,127,17,119,5
480,1,259,7569,3,512,96,416,0,0,97,418,16480,8970,7510,7510,0,1206,7764,1152,1286,65,1023,10,20,0,1048576,0.860000014,2136.89648,0.00710250996,0.724524975,inf,0.724524975,0.608886719,13,8,7,3,15,7,41,13,4,49
481,1,259,7569,3,512,61,451,0,0,61,455,16512,10609,5903,5903,0,1228,9381,1414,1290,76,1023,10,20,0,1048576,0.887099981,2733.47144,0.0109805539,0.765310764,inf,0.765310764,0.68157959,8,39,6,13,25,62,80,19,116,19
482,1,260,7569,3,512,61,451,0,0,62,455,16544,6452,10092,10092,0,768,5684,1142,848,76,1023,10,20,0,1048576,0.860000014,2136.89648,0.00450744992,1.19861448,inf,1.19861448,1.06463623,5,4,7,32,27,27,27,11,68,7
483,1,259,7569,3,512,70,442,0,0,70,445,16480,9555,6925,6925,0,1330,8225,1264,1406,57,1023,10,20,0,1048576,0.869400024,2315.78125,0.00845831726,0.95926398,inf,0.95926398,0.863250732,13,13,12,2,4,33,5,47,1,20
484,1,259,7569,3,512,115,397,0,0,116,400,16512,10865,5647,5647,0,2189,8676,1270,2281,82,1023,10,20,0,1048576,0.827800035,1672.16089,0.00545830932,1.2049365,inf,1.2049365,1.09526062,23,6,19,8,6,4,30,22,17,2
485,1,258,7569,3,512,66,446,0,0,66,448,16448,8192,8256,8256,0,1034,7158,1134,1114,63,1023,10,20,0,1048576,0.860000014,2136.89648,0.00609259773,0.705385447,inf,0.705385447,0.597442627,5,4,3,10,11,8,7,35,3,3
486,1,260,7569,3,512,79,433,0,0,81,436,16544,6090,10454,10454,0,890,5200,1036,970,68,1023,10,20,0,1048576,0.860000014,2136.89648,0.0045418581,1.0044198,inf,1.0044198,0.878967285,6,11,6,14,16,42,8,4,6,18
487,1,259,7569,3,512,69,443,0,0,71,444,16480,9129,7351,7351,0,1175,7954,1301,1255,72,1023,10,20,0,1048576,0.860000014,2136.89648,0.00859889202,0.947823107,inf,0.947823107,0.839309692,6,4,2,6,13,4,38,11,126,3
488,1,262,7569,3,512,69,443,0,0,69,453,16704,2953,13751,13751,0,419,2534,978,499,86,1023,10,20,0,1048576,0.860000014,2136.89648,0.00488813454,0.508306086,inf,0.508306086,0.382171631,9,8,9,18,15,6,8,8,7,6
489,1,260,7569,3,512,57,455,0,0,58,459,16544,10458,6086,6086,0,1157,9301,1409,1234,69,1023,10,20,0,1048576,0.869199991,2311.70679,0.00589169469,0.9922961,inf,0.9922961,0.881439209,6,24,24,20,18,32,15,10,30,32
490,1,259,7569,3,512,76,436,0,0,76,439,16480,8440,8040,8040,0,1051,7389,1165,1113,71,1023,10,20,0,1048576,0.887099981,2733.47144,0.00671283575,0.517531335,inf,0.517531335,0.448944092,7,3,11,8,11,23,4,13,19,23
491,1,260,7569,3,512,71,441,0,0,71,446,16544,6154,10390,10390,0,731,5423,1001,793,68,1023,10,20,0,1048576,0.887099981,2733.47144,0.0110603878,0.867446363,inf,0.867446363,0.683990479,3,4,7,3,9,6,6,16,19,9
492,1,260,7569,3,512,89,423,0,0,89,428,16544,10834,5710,5710,0,1345,9489,1340,1407,73,1023,10,20,0,1048576,0.887099981,2733.47144,0.00965685677,0.986097276,inf,0.986097276,0.874588013,65,60,20,102,16,6,80,21,5,23
493,1,259,7569,3,512,96,416,0,0,97,418,16480,5948,10532,10532,0,1014,4934,820,1126,68,1023,10,20,0,1048576,0.81220001,1504.31873,0.00436118012,0.738677979,inf,0.738677979,0.526031494,2,3,2,16,3,4,7,3,3,4
494,1,259,7569,3,512,57,455,0,0,57,459,16512,5881,10631,10631,0,688,5193,1057,764,66,1023,10,20,0,1048576,0.869400024,2315.78125,0.00999666192,0.665267944,inf,0.665267944,0.525848389,14,3,3,9,8,11,3,14,4,7
495,1,260,7569,3,512,95,417,0,0,96,422,16576,8939,7637,7637,0,1456,7483,1169,1536,76,1023,10,20,0,1048576,0.860000014,2136.89648,0.00586308911,0.739642978,inf,0.739642978,0.623703003,6,3,7,4,3,15,5,18,53,41
496,1,260,7569,3,512,63,449,0,0,63,454,16544,11205,5339,5339,0,1277,9928,1361,1347,76,1023,10,20,0,1048576,0.875800014,2453.06934,0.00721970107,1.10043561,inf,1.10043561,0.99937439,7,7,105,76,4,13,37,2,0,37
497,1,259,7569,3,512,71,441,0,0,71,444,16480,6324,10156,10156,0,832,5492,1018,912,68,1023,10,20,0,1048576,0.860000014,2136.89648,0.00936739892,1.31481934,inf,1.31481934,1.11820984,42,13,5,12,17,9,6,9,5,7
498,1,259,7569,3,512,53,459,0,0,53,463,16512,8461,8051,8051,0,1043,7418,1177,1123,72,1023,10,20,0,1048576,0.87529999,2441.83569,0.0102837766,0.592132211,inf,0.592132211,0.489089966,6,3,9,4,10,7,3,6,6,11
499,1,260,7569,3,512,56,456,0,0,56,461,16544,7749,8795,8795,0,987,6762,1194,1067,78,1023,10,20,0,1048576,0.860000014,2136.89648,0.00569141516,0.856719851,inf,0.856719851,0.735671997,12,2,7,7,6,4,52,52,8,40
500,0.800000012,7569,7569,1,512,4,508,0,508,4,15132,484352,251731,232621,232621,0,10,251721,62594,10,10,943,10,20,0,1048576,0.999899983,3478694,10.6601353,1.54232717,1.53040981,1.54232717,1.80259705,68,69,69,85,4294967295,2083,4294967295,4552,2161,1753
501,0.300000012,7569,7569,1,512,0,512,0,512,0,15136,484352,237025,247327,247327,0,5,237020,71116,5,5,11,5,20,0,1048576,0.999899983,3478694,8.89124203,2.0712471,2.0606401,2.0712471,inf,724,1621,4294967295,3199,4294967295,4294967295,4294967295,4294967295,4294967295,4294967295
502,1,7569,7569,1,512,52,460,0,460,53,15083,484352,198599,285753,285753,0,55,198544,62717,55,25,1023,10,20,0,1048576,0.999899983,3478694,12.4981518,1.43256783,1.32926071,1.43256783,0.554870605,72,65,66,65,64,70,63,64,65,64
503,1,7569,7569,1,512,8,504,0,504,10,15126,484352,172725,311627,311627,0,17,172708,63198,17,13,1023,10,20,0,1048576,0.999899983,3478694,7.64851809,1.9106214,1.70744574,1.9106214,1.47817993,150,492,1109,2683,1452,6710,2414,192,1438,4878
504,1,7569,7569,1,512,33,479,0,479,35,15101,484352,169783,314569,314569,0,45,169738,75883,45,16,1023,10,20,0,1048576,0.999899983,3478694,8.9383173,1.78962374,1.72736061,1.78962374,0.485336304,73,72,73,71,73,74,72,73,73,72
505,1,7569,7569,1,512,9,503,0,503,10,15126,484352,256497,227855,227855,0,22,256475,59127,22,14,1023,10,20,0,1048576,0.999899983,3478694,8.53966808,1.5285145,1.50641394,1.5285145,1.40890503,114,66,72,1775,964,5073,151,7382,966,5941
506,1,7569,7569,1,512,62,450,0,450,65,15071,484352,209673,274679,274679,0,94,209579,64531,94,25,1023,10,20,0,1048576,0.999899983,3478694,7.93573618,1.74245036,1.65072238,1.74245036,0.807235718,69,64,160,92,91,105,109,110,104,105
507,0.699999988,7569,7569,1,512,1,511,0,511,2,15134,484352,253635,230717,230717,0,11,253624,59217,11,11,847,10,20,0,1048576,0.999899983,3478694,13.4509764,1.51754189,1.45919454,1.51754189,1.98945618,899,4436,1213,1395,4294967295,4294967295,3733,4294967295,5566,1734
508,1,7569,7569,1,512,28,484,0,484,38,15098,484352,258825,225527,225527,0,63,258762,60819,63,17,1023,10,20,0,1048576,0.999899983,3478694,9.95937157,1.62276268,1.58718276,1.62276268,1.19378662,83,84,1542,246,955,245,244,244,244,245
509,0.800000012,7569,7569,1,512,1,511,0,511,1,15135,484352,229026,255326,255326,0,9,229017,71599,9,9,639,9,20,0,1048576,0.999899983,3478694,11.9782391,1.75379622,1.73731208,1.75379622,inf,2094,1090,4543,666,3628,5559,2709,4294967295,4294967295,5880
510,0.899999976,7569,7569,1,512,12,500,0,500,13,15123,484352,241893,242459,242459,0,42,241851,63381,42,12,511,10,20,0,1048576,0.999899983,3478694,8.4377718,1.87251365,1.80463338,1.87251365,1.57476807,119,258,82,357,358,328,213,356,357,4294967295
511,0.800000012,7569,7569,1,512,3,509,0,509,3,15133,484352,230442,253910,253910,0,15,230427,64932,15,13,894,10,20,0,1048576,0.999899983,3478694,9.68496513,1.92137492,1.86639225,1.92137492,1.92138672,4294967295,612,2581,3321,4655,4136,6014,4294967295,2398,6920
512,1,7569,7569,1,512,73,439,0,439,95,15041,484352,200183,284169,284169,0,100,200083,65679,100,27,1023,10,20,0,1048576,0.999899983,3478694,7.82728481,1.84034586,1.81148565,1.84034586,0.788604736,69,74,112,70,127,89,88,79,133,154
513,1,7569,7569,1,512,11,501,0,501,30,15106,484352,282549,201803,201803,0,54,282495,60727,54,19,1023,10,20,0,1048576,0.999899983,3478694,9.29138088,1.83406806,1.80135381,1.83406806,1.6133728,82,122,200,123,140,507,3059,144,139,3060
514,0.100000001,7569,7569,1,512,1,511,0,511,1,15135,484352,99089,385263,385263,0,1,99088,79307,1,1,1,1,20,0,1048576,0.999899983,3478694,6.00863504,2.44889331,2.39173269,2.44889331,inf,5237,4294967295,4294967295,4294967295,4294967295,4294967295,4294967295,4294967295,4294967295,4294967295
515,1,7569,7569,1,512,95,417,0,417,97,15039,484352,175912,308440,308440,0,104,175808,70605,104,12,1023,10,20,0,1048576,0.999899983,3478694,7.80225754,1.79828179,1.77505517,1.79828179,0.318481445,72,73,72,72,73,72,72,72,73,71
516,0.100000001,7569,7569,1,512,0,512,0,512,0,15136,484352,266090,218262,218262,0,1,266089,62056,1,1,1,1,20,0,1048576,0.999899983,3478694,12.2332792,1.65508938,1.64136839,1.65508938,inf,906,4294967295,4294967295,4294967295,4294967295,4294967295,4294967295,4294967295,4294967295,4294967295
517,1,7569,7569,1,512,18,494,0,494,78,15058,484352,238466,245886,245886,0,117,238349,64344,117,17,1023,10,20,0,1048576,0.999899983,3478694,10.349678,1.67373633,1.65962446,1.67373633,1.25411987,81,83,82,83,83,82,87,88,87,88
518,0.400000006,7569,7569,1,512,1,511,0,511,1,15135,484352,195854,288498,288498,0,4,195850,71821,4,4,323,4,20,0,1048576,0.999899983,3478694,11.0721922,1.57938266,1.55030155,1.57938266,inf,429,3288,4294967295,4294967295,4294967295,4294967295,7241,4294967295,4458,4294967295
519,0.899999976,7569,7569,1,512,5,507,0,507,5,15131,484352,216718,267634,267634,0,10,216708,73127,10,10,767,10,20,0,1048576,0.999899983,3478694,13.6401701,1.51740217,1.49221158,1.51740217,1.53063965,71,564,1284,658,4714,3839,4503,4505,4294967295,2737
520,1,7569,7569,1,512,19,493,0,493,78,15058,484352,166526,317826,317826,0,107,166419,64129,107,34,1023,10,20,0,1048576,0.999899983,3478694,9.99512482,1.25952518,1.23275936,1.25952518,0.779846191,333,12,457,11,7,386,25,741,7,453
521,0.200000003,7569,7569,1,512,0,512,0,512,0,15136,484352,210798,273554,273554,0,3,210795,58911,3,3,3,3,20,0,1048576,0.999899983,3478694,8.31114578,1.90135241,1.8736763,1.90135241,inf,609,5770,4294967295,4294967295,4294967295,4294967295,4294967295,4294967295,4294967295,4294967295
522,1,7569,7569,1,512,14,498,0,498,103,15033,484352,276432,207920,207920,0,127,276305,62349,127,34,1023,10,20,0,1048576,0.999899983,3478694,14.7512035,1.63327861,1.60320842,1.63327861,1.34268188,34,328,32,242,31,65,4067,32,27,60
523,1,7569,7569,1,512,7,505,0,505,7,15129,484352,266230,218122,218122,0,20,266210,64437,20,13,1023,10,20,0,1048576,0.999899983,3478694,9.57234192,1.7848016,1.77745724,1.7848016,1.7275238,183,138,138,1900,1017,1017,1731,4616,992,6069
524,0.600000024,7569,7569,1,512,3,509,0,509,3,15133,484352,201030,283322,283322,0,6,201024,65720,6,6,571,6,20,0,1048576,0.999899983,3478694,11.7586546,1.44743776,1.39707863,1.44743776,inf,113,1007,4294967295,5783,4983,3064,4294967295,4294967295,4294967295,1280
525,0.699999988,7569,7569,1,512,2,510,0,510,3,15133,484352,268941,215411,215411,0,12,268929,59385,12,12,631,10,20,0,1048576,0.999899983,3478694,8.62190151,1.60583496,1.53496981,1.60583496,1.89730835,478,2530,746,4294967295,6081,5960,4900,4294967295,4294967295,3104
526,0.400000006,7569,7569,1,512,1,511,0,511,2,15134,484352,210270,274082,274082,0,5,210265,64713,5,5,23,5,20,0,1048576,0.999899983,3478694,11.7509079,1.435233,1.40495789,1.435233,inf,1288,1179,230,4294967295,3584,4294967295,4294967295,4294967295,4294967295,4294967295
527,0.300000012,7569,7569,1,512,3,509,0,509,3,15133,484352,243418,240934,240934,0,3,243415,64252,3,3,7,3,20,0,1048576,0.999899983,3478694,10.5117598,1.68605566,1.65888584,1.68605566,inf,711,5977,5977,4294967295,4294967295,4294967295,4294967295,4294967295,4294967295,4294967295
528,0.400000006,7569,7569,1,512,3,509,0,509,4,15132,484352,223030,261322,261322,0,4,223026,61316,4,4,15,4,20,0,1048576,0.999899983,3478694,7.88359594,2.09561729,2.07229662,2.09561729,inf,64,63,63,238,4294967295,4294967295,4294967295,4294967295,4294967295,4294967295
529,0.600000024,7569,7569,1,512,2,510,0,510,2,15134,484352,265578,218774,218774,0,19,265559,62814,19,15,683,10,20,0,1048576,0.999899983,3478694,11.7345209,1.63397217,1.58511829,1.63397217,1.65296936,660,7236,4294967295,2557,4294967295,1903,4294967295,2234,4294967295,5825
530,1,7569,7569,1,512,7,505,0,505,13,15123,484352,263935,220417,220417,0,36,263899,59540,36,15,1023,10,20,0,1048576,0.999899983,3478694,9.73174191,1.88508391,1.85374081,1.88508391,1.60594177,76,1496,529,314,188,312,313,2394,3438,313
531,1,7569,7569,1,512,24,488,0,488,53,15083,484352,265549,218803,218803,0,67,265482,59918,67,21,1023,10,20,0,1048576,0.999899983,3478694,9.79222488,1.78289747,1.75956321,1.78289747,1.31863403,115,74,88,76,91,89,96,92,92,89
532,1,7569,7569,1,512,103,409,0,409,153,14983,484352,182242,302110,302110,0,174,182068,62694,174,15,1023,10,20,0,1048576,0.999899983,3478694,6.39715385,1.74368358,1.72671103,1.74368358,0.581390381,61,61,61,62,63,63,61,63,62,73
533,0.5,7569,7569,1,512,2,510,0,510,2,15134,484352,261220,223132,223132,0,12,261208,61083,12,11,55,10,20,0,1048576,0.999899983,3478694,9.64086914,1.61961806,1.60329735,1.61961806,1.83673096,696,5866,2047,4294967295,532,2592,4294967295,4294967295,4294967295,4294967295
534,0.899999976,7569,7569,1,512,8,504,0,504,11,15125,484352,206642,277710,277710,0,24,206618,93891,24,15,1007,10,20,0,1048576,0.999899983,3478694,9.19246387,2.40906596,2.35190415,2.40906596,2.28106689,2067,2171,2819,5389,4294967295,2739,4525,3993,3770,2708
535,1,7569,7569,1,512,31,481,0,481,87,15049,484352,250790,233562,233562,0,113,250677,57727,113,19,1023,10,20,0,1048576,0.999899983,3478694,9.40191841,1.77024877,1.76045787,1.77024877,1.19033813,117,117,117,117,119,116,116,115,118,116
536,0.699999988,7569,7569,1,512,7,505,0,505,7,15129,484352,257828,226524,226524,0,28,257800,59509,28,17,477,10,20,0,1048576,0.999899983,3478694,8.48216534,1.71599305,1.68854833,1.71599305,1.64477539,118,4294967295,5394,1069,6217,4294967295,644,6216,1664,4294967295
537,0,7569,7569,1,512,0,512,0,512,0,15136,484352,152935,331417,331417,0,0,152935,90397,0,0,0,0,20,0,1048576,0.999899983,3478694,7.34759474,2.17286205,2.11593437,2.17286205,inf,4294967295,4294967295,4294967295,4294967295,4294967295,4294967295,4294967295,4294967295,4294967295,4294967295
538,1,7569,7569,1,512,101,411,0,411,125,15011,484352,201790,282562,282562,0,140,201650,71559,140,17,1023,10,20,0,1048576,0.999899983,3478694,10.2036858,1.58904791,1.57146716,1.58904791,0.560852051,74,76,76,75,88,76,76,77,76,75
539,0.100000001,7569,7569,1,512,1,511,0,511,1,15135,484352,200208,284144,284144,0,1,200207,59825,1,1,1,1,20,0,1048576,0.999899983,3478694,10.1780624,1.59594941,1.55903912,1.59594941,inf,101,4294967295,4294967295,4294967295,4294967295,4294967295,4294967295,4294967295,4294967295,4294967295
540,1,7569,7569,1,512,120,392,0,392,160,14976,484352,219113,265239,265239,0,179,218934,66360,179,21,1023,10,20,0,1048576,0.999899983,3478694,7.8105998,1.68343794,1.67143381,1.68343794,0.798019409,71,73,77,72,106,72,81,79,203,74
541,1,7569,7569,1,512,50,462,0,462,61,15075,484352,274241,210111,210111,0,92,274149,58688,92,15,1023,10,20,0,1048576,0.999899983,3478694,10.3380585,1.74527848,1.69145489,1.74527848,1.03775024,73,74,74,74,77,75,74,74,83,75
542,1,7569,7569,1,512,46,466,0,466,56,15080,484352,247398,236954,236954,0,72,247326,61618,72,20,1023,10,20,0,1048576,0.999899983,3478694,7.91041088,1.70379639,1.61426938,1.70379639,0.95866394,77,78,75,75,73,70,82,71,72,77
543,1,7569,7569,1,512,91,421,0,421,95,15041,484352,205371,278981,278981,0,100,205271,62574,100,19,1023,10,20,0,1048576,0.999899983,3478694,11.2649612,1.71182108,1.67078996,1.71182108,0.503921509,74,74,73,75,75,77,83,82,74,75
544,0.699999988,7569,7569,1,512,4,508,0,508,4,15132,484352,189905,294447,294447,0,8,189897,61714,8,8,367,8,20,0,1048576,0.999899983,3478694,13.6199102,1.44919586,1.42778718,1.44919586,inf,166,3455,3544,2984,4294967295,3362,6730,4294967295,4579,4294967295
545,0.200000003,7569,7569,1,512,0,512,0,512,1,15135,484352,98560,385792,385792,0,2,98558,79392,2,2,129,2,20,0,1048576,0.999899983,3478694,7.56688166,2.02185392,2.00611901,2.02185392,inf,6776,4294967295,4294967295,4294967295,4294967295,4294967295,4294967295,7278,4294967295,4294967295
546,1,7569,7569,1,512,12,500,0,500,13,15123,484352,285792,198560,198560,0,55,285737,59699,55,17,1023,10,20,0,1048576,0.999899983,3478694,10.5692625,1.59398413,1.58187091,1.59398413,1.42515564,71,72,72,307,308,73,3299,7143,1006,458
547,1,7569,7569,1,512,87,425,0,425,125,15011,484352,73939,410413,410413,0,125,73814,72624,125,26,1023,10,20,0,1048576,0.999899983,3478694,6.55417013,1.17514312,1.1495086,1.17514312,0.539810181,53,54,54,54,52,52,54,53,52,54
548,1,7569,7569,1,512,45,467,0,467,55,15081,484352,179079,305273,305273,0,100,178979,64225,100,21,1023,10,20,0,1048576,0.999899983,3478694,12.0002871,1.71016228,1.67160845,1.71016228,0.994293213,248,89,302,562,320,251,73,220,131,74
549,0.899999976,7569,7569,1,512,7,505,0,505,7,15129,484352,250569,233783,233783,0,30,250539,60406,30,15,511,10,20,0,1048576,0.999899983,3478694,9.99095345,1.43780196,1.40640426,1.43780196,1.32394409,523,136,1320,1670,441,635,2732,1108,365,4294967295
550,0.200000003,7569,7569,1,512,2,510,0,510,2,15134,484352,220294,264058,264058,0,2,220292,62160,2,2,3,2,20,0,1048576,0.999899983,3478694,12.2565193,1.49199986,1.43821669,1.49199986,inf,294,2829,4294967295,4294967295,4294967295,4294967295,4294967295,4294967295,4294967295,4294967295
551,0.5,7569,7569,1,512,0,512,0,512,0,15136,484352,233541,250811,250811,0,5,233536,62544,5,5,143,5,20,0,1048576,0.999899983,3478694,15.4418373,1.36728036,1.3526088,1.36728036,inf,860,860,2326,4905,4294967295,4294967295,4294967295,4441,4294967295,4294967295
552,1,7569,7569,1,512,54,458,0,458,58,15078,484352,257157,227195,227195,0,84,257073,73231,84,15,1023,10,20,0,1048576,0.999899983,3478694,11.0072403,1.62387419,1.60226631,1.62387419,0.563415527,71,70,72,72,72,71,72,71,72,72
553,1,7569,7569,1,512,12,500,0,500,12,15124,484352,198963,285389,285389,0,23,198940,62242,23,13,1023,10,20,0,1048576,0.999899983,3478694,11.9493389,1.49650276,1.43814325,1.49650276,1.17051697,98,0,99,1,1,1018,3716,7188,1359,5473
554,1,7569,7569,1,512,11,501,0,501,15,15121,484352,243885,240467,240467,0,50,243835,62292,50,19,1023,10,20,0,1048576,0.999899983,3478694,16.1765671,1.5350188,1.4907968,1.5350188,1.25756836,85,107,579,917,580,528,581,580,278,3204
555,0.200000003,7569,7569,1,512,2,510,0,510,2,15134,484352,187080,297272,297272,0,2,187078,71325,2,2,3,2,20,0,1048576,0.999800026,1739691,6.34239483,1.53410959,1.50821495,1.53410959,inf,6599,6599,4294967295,4294967295,4294967295,4294967295,4294967295,4294967295,4294967295,4294967295
556,1,7569,7569,1,512,7,505,0,505,10,15126,484352,277487,206865,206865,0,14,277473,67101,14,12,1023,10,20,0,1048576,0.999899983,3478694,8.21908092,1.80738187,1.79687679,1.80738187,1.6282959,70,70,71,166,378,104,681,104,72,690
557,0.400000006,7569,7569,1,512,3,509,0,509,4,15132,484352,205637,278715,278715,0,6,205631,78459,6,6,15,6,20,0,1048576,0.999899983,3478694,6.95311737,2.3059442,2.2597177,2.3059442,inf,642,5651,3779,7508,4294967295,4294967295,4294967295,4294967295,4294967295,4294967295
558,0.800000012,7569,7569,1,512,4,508,0,508,5,15131,484352,171134,313218,313218,0,8,171126,64264,8,8,447,8,20,0,1048576,0.999899983,3478694,8.92312241,1.22596002,1.19112015,1.22596002,inf,90,136,1272,170,2170,4614,4294967295,1003,1003,4294967295
559,0.800000012,7569,7569,1,512,9,503,0,503,11,15125,484352,166404,317948,317948,0,31,166373,73718,31,14,507,10,20,0,1048576,0.999899983,3478694,7.74832964,1.79062748,1.76400971,1.79062748,1.43943787,71,107,4294967295,2470,950,2025,1755,2271,2951,4294967295
560,1,7569,7569,1,512,36,476,0,476,52,15084,484352,287036,197316,197316,0,83,286953,58235,83,22,1023,10,20,0,1048576,0.999800026,1739691,5.30236483,1.72116005,1.69821763,1.72116005,1.3182373,72,159,159,165,277,81,86,149,153,168
561,0.400000006,7569,7569,1,512,1,511,0,511,1,15135,484352,266508,217844,217844,0,4,266504,61103,4,4,523,4,20,0,1048576,0.999899983,3478694,13.8797169,1.38461089,1.37307668,1.38461089,inf,284,1235,4294967295,1238,4294967295,4294967295,4294967295,4294967295,4294967295,4595
562,0.899999976,7569,7569,1,512,5,507,0,507,5,15131,484352,227347,257005,257005,0,9,227338,65001,9,9,895,9,20,0,1048576,0.999899983,3478694,11.0367365,1.54181111,1.5193845,1.54181111,inf,71,286,2215,2036,2068,2158,3032,4294967295,3397,5797
563,0.800000012,7569,7569,1,512,7,505,0,505,7,15129,484352,139538,344814,344814,0,14,139524,79291,14,11,383,10,20,0,1048576,0.999899983,3478694,7.4748168,2.18620682,2.10543108,2.18620682,1.58049011,58,58,59,58,88,74,1874,4294967295,2091,4294967295
564,1,7569,7569,1,512,37,475,0,475,89,15047,484352,282816,201536,201536,0,134,282682,62321,134,27,1023,10,20,0,1048576,0.999899983,3478694,12.5050039,1.7257638,1.66612375,1.7257638,1.3525238,156,608,1613,109,2624,157,157,159,5803,110
565,1,7569,7569,1,512,31,481,0,481,139,14997,484352,214394,269958,269958,0,171,214223,63843,171,32,1023,10,20,0,1048576,0.999899983,3478694,8.48901844,1.7355969,1.70013177,1.7355969,1.13824463,13,13,10,9,10,229,11,12,12,113
566,0.400000006,7569,7569,1,512,1,511,0,511,1,15135,484352,249901,234451,234451,0,6,249895,61295,6,6,519,6,20,0,1048576,0.999899983,3478694,9.66947174,1.83669853,1.75883865,1.83669853,inf,487,714,2985,4294967295,4294967295,4294967295,4294967295,4294967295,4294967295,1157
567,1,7569,7569,1,512,97,415,0,415,153,14983,484352,249219,235133,235133,0,176,249043,58026,176,21,1023,10,20,0,1048576,0.999899983,3478694,7.59101486,1.94027209,1.91482544,1.94027209,0.958648682,74,75,75,75,76,83,84,73,76,75
568,0.800000012,7569,7569,1,512,8,504,0,504,8,15128,484352,198998,285354,285354,0,17,198981,86634,17,14,763,10,20,0,1048576,0.999899983,3478694,7.23258877,2.22587562,2.11903191,2.22587562,2.05459595,66,1805,4294967295,3271,2176,2507,3879,5993,4294967295,3234
569,0.300000012,7569,7569,1,512,0,512,0,512,0,15136,484352,263190,221162,221162,0,6,263184,60444,6,6,193,6,20,0,1048576,0.999899983,3478694,8.78666401,1.40981948,1.38428712,1.40981948,inf,838,4294967295,4294967295,4294967295,4294967295,4294967295,5608,874,4294967295,4294967295
570,0.800000012,7569,7569,1,512,6,506,0,506,8,15128,484352,262364,221988,221988,0,21,262343,70088,21,14,255,10,20,0,1048576,0.999899983,3478694,11.9707909,1.54479194,1.52883971,1.54479194,1.5118103,80,79,79,459,1883,1484,833,2281,4294967295,4294967295
571,1,7569,7569,1,512,10,502,0,502,11,15125,484352,278870,205482,205482,0,31,278839,62504,31,17,1023,10,20,0,1048576,0.999899983,3478694,9.51454067,1.76822197,1.57326603,1.76822197,1.44500732,214,842,10,2345,155,3517,2525,2826,407,106
572,1,7569,7569,1,512,14,498,0,498,14,15122,484352,226994,257358,257358,0,41,226953,67134,41,17,1023,10,20,0,1048576,0.999899983,3478694,13.1846142,1.63790071,1.62276113,1.63790071,1.3584137,72,630,406,406,629,2853,2853,1059,631,2258
573,1,7569,7569,1,512,54,458,0,458,64,15072,484352,251503,232849,232849,0,127,251376,61899,127,18,1023,10,20,0,1048576,0.999899983,3478694,14.5506868,1.55335093,1.53444779,1.55335093,0.997833252,83,108,79,77,84,109,722,337,85,79
574,1,7569,7569,1,512,26,486,0,486,29,15107,484352,201632,282720,282720,0,56,201576,67165,56,13,1023,10,20,0,1048576,0.999899983,3478694,9.25920296,1.72671556,1.70937538,1.72671556,1.01211548,66,76,178,65,66,67,145,275,143,174
575,0.300000012,7569,7569,1,512,1,511,0,511,1,15135,484352,207486,276866,276866,0,3,207483,75726,3,3,35,3,20,0,1048576,0.999899983,3478694,9.86730671,1.85649824,1.83886337,1.85649824,inf,964,1687,4294967295,4294967295,4294967295,1880,4294967295,4294967295,4294967295,4294967295
576,1,7569,7569,1,512,13,499,0,499,28,15108,484352,240377,243975,243975,0,55,240322,61678,55,21,1023,10,20,0,1048576,0.999899983,3478694,8.29416275,1.70471799,1.6765815,1.70471799,1.41494751,93,78,1921,445,93,752,92,788,1085,847
577,0.800000012,7569,7569,1,512,3,509,0,509,5,15131,484352,249209,235143,235143,0,16,249193,63026,16,13,943,10,20,0,1048576,0.999899983,3478694,17.2297993,1.5129565,1.49040306,1.5129565,1.48997498,88,144,2536,2536,4294967295,2795,4294967295,2286,2349,1433
578,0.300000012,7569,7569,1,512,0,512,0,512,0,15136,484352,235002,249350,249350,0,4,234998,62456,4,4,11,4,20,0,1048576,0.999899983,3478694,7.98966408,1.52560532,1.50938153,1.52560532,inf,1068,2783,4294967295,1827,4294967295,4294967295,4294967295,4294967295,4294967295,4294967295
579,1,7569,7569,1,512,6,506,0,506,6,15130,484352,177446,306906,306906,0,20,177426,68153,20,12,1023,10,20,0,1048576,0.999800026,1739691,4.64273548,1.65445542,1.62147856,1.65445542,1.43377686,150,957,464,904,1579,1326,1401,2744,2062,1053
580,1,7569,7569,1,512,10,502,0,502,13,15123,484352,215687,268665,268665,0,36,215651,64405,36,17,1023,10,20,0,1048576,0.999899983,3478694,19.7128639,1.34962928,1.33772445,1.34962928,1.10777283,561,210,586,247,1138,895,212,2111,1579,869
581,1,7569,7569,1,512,127,385,0,385,159,14977,484352,189986,294366,294366,0,185,189801,67260,185,27,1023,10,20,0,1048576,0.999899983,3478694,7.23229074,1.88253319,1.83999634,1.88253319,0.705566406,76,72,79,78,115,88,87,86,87,88
582,1,7569,7569,1,512,78,434,0,434,85,15051,484352,190472,293880,293880,0,136,190336,62407,136,23,1023,10,20,0,1048576,0.999899983,3478694,13.7828856,1.64295936,1.61997366,1.64295936,0.680969238,92,73,83,94,95,84,156,178,85,97
583,0.800000012,7569,7569,1,512,6,506,0,506,6,15130,484352,227972,256380,256380,0,16,227956,100699,16,12,703,10,20,0,1048576,0.999800026,1739691,3.88282824,2.03619576,2.01947093,2.03619576,2.07437134,1638,1699,1699,2998,560,421,4294967295,1097,4294967295,4114
584,0.100000001,7569,7569,1,512,1,511,0,511,1,15135,484352,195443,288909,288909,0,1,195442,69778,1,1,1,1,20,0,1048576,0.999899983,3478694,7.72926092,1.77578735,1.72386169,1.77578735,inf,108,4294967295,4294967295,4294967295,4294967295,4294967295,4294967295,4294967295,4294967295,4294967295
585,1,7569,7569,1,512,7,505,0,505,9,15127,484352,274929,209423,209423,0,30,274899,60257,31,18,1023,10,20,0,1048576,0.999899983,3478694,10.1208572,1.62802589,1.61297464,1.62802589,1.53309631,617,370,2534,2370,1383,362,364,4523,4522,400
586,0.699999988,7569,7569,1,512,2,510,0,510,2,15134,484352,272959,211393,211393,0,7,272952,60667,7,7,415,7,20,0,1048576,0.999899983,3478694,9.15402889,2.02553558,1.86748171,2.02553558,inf,78,4286,2216,2216,2683,4294967295,4294967295,806,2113,4294967295
587,0.800000012,7569,7569,1,512,4,508,0,508,7,15129,484352,282935,201417,201417,0,24,282911,63686,24,17,879,10,20,0,1048576,0.999899983,3478694,11.2172909,1.75442302,1.74258924,1.75442302,1.76127625,86,3252,2294,1579,4294967295,792,2463,4294967295,2787,2553
588,0.899999976,7569,7569,1,512,3,509,0,509,18,15118,484352,282389,201963,201963,0,24,282365,60771,24,18,1021,10,20,0,1048576,0.999800026,1739691,6.15599394,1.52654803,1.51451039,1.52654803,1.54600525,75,4294967295,72,664,76,276,78,78,6421,72
589,1,7569,7569,1,512,32,480,0,480,36,15100,484352,193517,290835,290835,0,87,193430,61240,87,16,1023,10,20,0,1048576,0.999899983,3478694,10.2826405,1.37222266,1.33792269,1.37222266,0.776702881,163,106,198,140,348,692,486,241,199,335
590,1,7569,7569,1,512,30,482,0,482,86,15050,484352,290359,193993,193993,0,114,290245,60550,114,21,1023,10,20,0,1048576,0.999899983,3478694,9.96592617,1.6415267,1.61237383,1.6415267,1.25361633,71,68,318,318,73,7422,72,70,1302,224
591,1,7569,7569,1,500,8,492,0,492,10,15126,484352,177685,306667,306667,0,20,177665,75479,20,17,1023,10,20,0,1048576,0.999899983,3478694,6.52586555,2.63713074,2.15217733,2.63713074,1.57244873,91,351,644,2822,645,2823,326,456,646,1357
592,0.600000024,7569,7569,1,512,2,510,0,510,2,15134,484352,241869,242483,242483,0,13,241856,60644,13,13,311,10,20,0,1048576,0.999899983,3478694,11.8325443,1.65796638,1.55935812,1.65796638,1.64161682,2278,2105,1966,4294967295,1108,2766,4294967295,4294967295,6109,4294967295
593,0.800000012,7569,7569,1,512,4,508,0,508,4,15132,484352,211536,272816,272816,0,10,211526,64705,10,10,735,10,20,0,1048576,0.999899983,3478694,12.7412739,1.66701508,1.61981714,1.66701508,1.89547729,96,1599,1109,4122,6242,4294967295,3598,6741,4294967295,3027
594,0.600000024,7569,7569,1,512,4,508,0,508,4,15132,484352,139814,344538,344538,0,6,139808,87883,6,6,111,6,20,0,1048576,0.999899983,3478694,6.15701103,1.73065436,1.70878375,1.73065436,inf,74,65,1601,775,4294967295,871,871,4294967295,4294967295,4294967295
595,0.200000003,7569,7569,1,512,2,510,0,510,2,15134,484352,99245,385107,385107,0,2,99243,83131,2,2,3,2,20,0,1048576,0.999899983,3478694,7.65566874,2.3508451,2.33003449,2.3508451,inf,1232,166,4294967295,4294967295,4294967295,4294967295,4294967295,4294967295,4294967295,4294967295
596,1,7569,7569,1,512,68,444,0,444,87,15049,484352,172099,312253,312253,0,125,171974,72297,125,28,1023,10,20,0,1048576,0.999899983,3478694,9.23566532,1.74483585,1.7113719,1.74483585,0.961685181,78,77,80,176,79,72,185,76,78,414
597,1,7569,7569,1,512,11,501,0,501,11,15125,484352,209867,274485,274485,0,25,209842,68104,25,11,1023,10,20,0,1048576,0.999899983,3478694,8.47412109,1.68640554,1.65547395,1.68640554,1.44580078,88,340,1521,1520,227,1499,122,1539,1499,1849
598,1,7569,7569,1,512,10,502,0,502,11,15125,484352,265915,218437,218437,0,28,265887,58260,28,18,1023,10,20,0,1048576,0.999899983,3478694,11.4705429,1.59120882,1.57254004,1.59120882,1.45899963,100,118,318,317,3236,3719,1627,4831,3052,653
599,0.5,7569,7569,1,512,1,511,0,511,1,15135,484352,237941,246411,246411,0,5,237936,63886,5,5,55,5,20,0,1048576,0.999899983,3478694,11.8185415,1.57645643,1.53240418,1.57645643,inf,4504,1005,1144,4294967295,7212,7507,4294967295,4294967295,4294967295,4294967295
600,0.800000012,7569,7569,1,512,1,511,0,511,1,15135,484352,219874,264478,264478,0,11,219863,70142,11,11,831,10,20,0,1048576,0.999899983,3478694,13.1667376,1.71856809,1.6991694,1.71856809,1.7583313,70,1938,428,2980,5308,655,4294967295,4294967295,2425,3707
601,0.899999976,7569,7569,1,512,8,504,0,504,8,15128,484352,206621,277731,277731,0,11,206610,70288,11,11,511,10,20,0,1048576,0.999899983,3478694,11.174387,1.76452231,1.73994827,1.76452231,1.7118988,161,250,283,534,928,2350,3102,927,7273,4294967295
602,1,7569,7569,1,512,13,499,0,499,16,15120,484352,259925,224427,224427,0,54,259871,59040,54,14,1023,10,20,0,1048576,0.999899983,3478694,11.982708,1.71044922,1.64463282,1.71044922,1.41447449,226,557,192,431,4923,220,1093,720,1078,563
603,1,7569,7569,1,512,7,505,0,505,7,15129,484352,175300,309052,309052,0,22,175278,66450,22,16,1023,10,20,0,1048576,0.999899983,3478694,8.40678596,1.57434189,1.50143898,1.57434189,1.29197693,185,673,118,746,889,747,382,3021,6492,2868
604,0.200000003,7569,7569,1,467,1,466,0,466,1,15135,484352,100022,384330,384330,0,3,100019,86541,3,3,3,3,20,0,1048576,0.999899983,3478694,8.9815197,2.3613708,1.69487441,2.3613708,inf,2404,331,4294967295,4294967295,4294967295,4294967295,4294967295,4294967295,4294967295,4294967295
605,0.899999976,7569,7569,1,512,4,508,0,508,6,15130,484352,208343,276009,276009,0,20,208323,68046,20,16,511,10,20,0,1048576,0.999899983,3478694,15.3360672,1.45228982,1.43341601,1.45228982,1.40446472,540,540,3500,2917,1140,2169,6521,6973,4394,4294967295
606,1,7569,7569,1,512,61,451,0,451,84,15052,484352,168982,315370,315370,0,176,168806,83051,176,26,1023,10,20,0,1048576,0.999800026,1739691,3.86971593,1.89772832,1.84965408,1.89772832,1.03707886,152,198,112,365,55,251,193,2173,57,1580
607,0.899999976,7569,7569,1,512,8,504,0,504,8,15128,484352,231041,253311,253311,0,21,231020,67440,21,11,959,10,20,0,1048576,0.999899983,3478694,9.4037056,1.66122139,1.64268351,1.66122139,1.64855957,141,180,181,181,181,952,4294967295,3779,3287,1908
608,0.899999976,7569,7569,1,512,7,505,0,505,8,15128,484352,293726,190626,190626,0,29,293697,60090,29,20,959,10,20,0,1048576,0.999899983,3478694,7.78110313,1.68777204,1.66200185,1.68777204,1.64407349,560,462,5608,1910,338,860,4294967295,6022,6963,5043
609,1,7569,7569,1,512,3,509,0,509,3,15133,484352,208885,275467,275467,0,10,208875,60499,10,10,1023,10,20,0,1048576,0.999899983,3478694,9.17816257,1.65180182,1.633039,1.65180182,1.73577881,76,150,1582,844,4983,1864,1063,1253,3488,5434
610,1,7569,7569,1,512,52,460,0,460,152,14984,484352,238911,245441,245441,0,236,238675,62795,236,12,1023,10,20,0,1048576,0.999899983,3478694,9.00952625,1.93869841,1.89814889,1.93869841,0.994125366,73,74,74,74,74,75,75,75,75,75
611,1,7569,7569,1,512,55,457,0,457,122,15014,484352,198859,285493,285493,0,135,198724,66633,135,17,1023,10,20,0,1048576,0.999899983,3478694,9.43945885,1.87772822,1.76776361,1.87772822,0.840057373,71,77,81,69,87,81,143,205,88,162
612,0.5,7569,7569,1,512,3,509,0,509,3,15133,484352,261289,223063,223063,0,7,261282,60482,7,7,47,7,20,0,1048576,0.999899983,3478694,12.9012699,1.62953949,1.61352015,1.62953949,inf,1441,1229,3975,5680,4294967295,5681,4294967295,4294967295,4294967295,4294967295
613,0.699999988,7569,7569,1,512,2,510,0,510,2,15134,484352,285072,199280,199280,0,17,285055,57614,18,16,757,10,20,0,1048576,0.999899983,3478694,8.77266026,1.75530398,1.73496354,1.75530398,1.7575531,1814,4294967295,4981,4294967295,820,915,1841,1194,4294967295,4323
614,1,7569,7569,1,512,6,506,0,506,6,15130,484352,237893,246459,246459,0,13,237880,61882,13,10,1023,10,20,0,1048576,0.999899983,3478694,18.1421032,1.32993507,1.28682804,1.32993507,1.2263031,138,1813,4067,5218,1444,1087,1317,1523,684,684
615,1,7569,7569,1,512,240,272,0,272,284,14852,484352,156629,327723,327723,0,299,156330,74972,299,23,1023,10,20,0,1048576,0.999800026,1739691,2.7395401,1.98104239,1.88139498,1.98104239,0.492507935,67,67,67,67,66,67,67,67,67,87
616,0.600000024,7569,7569,1,512,3,509,0,509,4,15132,484352,277210,207142,207142,0,12,277198,63260,12,10,119,10,20,0,1048576,0.999899983,3478694,7.94646215,1.63019085,1.60353839,1.63019085,1.84638977,183,126,192,4294967295,6933,5005,3835,4294967295,4294967295,4294967295
617,0.699999988,7569,7569,1,512,0,512,0,512,0,15136,484352,232309,252043,252043,0,11,232298,59637,11,10,575,10,20,0,1048576,0.999899983,3478694,9.25443554,1.83843303,1.74607074,1.83843303,2.00239563,1081,4263,2671,3307,3980,5657,4294967295,4294967295,4294967295,5883
618,1,7569,7569,1,512,10,502,0,502,12,15124,484352,210591,273761,273761,0,21,210570,62834,21,12,1023,10,20,0,1048576,0.999899983,3478694,12.3762922,1.37429821,1.35975933,1.37429821,1.0846405,211,438,389,231,232,1690,543,227,248,829
619,1,7569,7569,1,512,72,440,0,440,243,14893,484352,229891,254461,254461,0,305,229586,63432,305,26,1023,10,20,0,1048576,0.999899983,3478694,8.82211971,1.71738672,1.69709158,1.71738672,1.01123047,68,81,86,77,78,182,78,70,86,85
620,0.899999976,7569,7569,1,512,4,508,0,508,6,15130,484352,198493,285859,285859,0,13,198480,78848,13,13,1007,10,20,0,1048576,0.999899983,3478694,13.5883284,2.19487381,2.16482782,2.19487381,2.16758728,71,76,3319,77,4294967295,2108,6373,6150,6633,286
621,1,7569,7569,1,512,47,465,0,465,51,15085,484352,178678,305674,305674,0,133,178545,75014,133,14,1023,10,20,0,1048576,0.999899983,3478694,10.3511677,1.71121895,1.69308531,1.71121895,0.954025269,78,72,73,294,137,2130,230,215,752,546
622,1,7569,7569,1,512,15,497,0,497,16,15120,484352,273749,210603,210603,0,41,273708,59868,41,14,1023,10,20,0,1048576,0.999899983,3478694,10.9920444,1.66073203,1.6357305,1.66073203,1.32876587,106,87,190,106,207,516,118,1064,558,107
623,0.5,7569,7569,1,512,1,511,0,511,1,15135,484352,256365,227987,227987,0,16,256349,74855,16,15,295,10,20,0,1048576,0.999899983,3478694,10.0204496,1.67641973,1.65469265,1.67641973,1.77902222,6042,1037,2358,4294967295,4294967295,5632,4294967295,4294967295,4644,4294967295
624,1,7569,7569,1,512,19,493,0,493,21,15115,484352,260943,223409,223409,0,58,260885,60440,58,16,1023,10,20,0,1048576,0.999899983,3478694,15.278862,1.55565405,1.54283571,1.55565405,1.31491089,106,128,873,94,632,359,95,99,164,874
625,1,7569,7569,1,512,90,422,0,422,213,14923,484352,229357,254995,254995,0,266,229091,56280,266,38,1023,10,20,0,1048576,0.999899983,3478694,9.8109951,1.86750865,1.84805441,1.86750865,1.1289978,26,25,27,27,19,431,130,28,21,19
626,0.300000012,7569,7569,1,512,1,511,0,511,1,15135,484352,257025,227327,227327,0,3,257022,68394,3,3,7,3,20,0,1048576,0.999899983,3478694,8.27777576,1.49799049,1.48454738,1.49799049,inf,690,2366,433,4294967295,4294967295,4294967295,4294967295,4294967295,4294967295,4294967295
627,1,7569,7569,1,512,63,449,0,449,157,14979,484352,247873,236479,236479,0,240,247633,58148,240,42,1023,10,20,0,1048576,0.999800026,1739691,6.5961442,1.43649578,1.41845536,1.43649578,0.934951782,94,87,112,99,86,86,144,15,194,100
628,1,7569,7569,1,512,6,506,0,506,9,15127,484352,231528,252824,252824,0,25,231503,63508,25,15,1023,10,20,0,1048576,0.999899983,3478694,9.72786903,1.75084341,1.68470478,1.75084341,1.56057739,63,64,171,287,172,104,1072,699,1518,2924
629,1,7569,7569,1,512,55,457,0,457,201,14935,484352,242323,242029,242029,0,321,242002,65120,321,31,1023,10,20,0,1048576,0.999899983,3478694,16.3651657,1.82010841,1.7945087,1.82010841,1.25236511,88,211,87,81,123,375,79,336,336,185
630,1,7569,7569,1,512,13,499,0,499,13,15123,484352,264714,219638,219638,0,39,264675,60704,39,22,1023,10,20,0,1048576,0.99970001,1159562.62,4.44958591,1.48585665,1.46355796,1.48585665,1.28507996,281,2510,2509,2510,352,1273,5277,635,2519,5776
631,0.200000003,7569,7569,1,512,0,512,0,512,0,15136,484352,267018,217334,217334,0,5,267013,62867,5,5,34,5,20,0,1048576,0.999899983,3478694,9.96771336,1.69435573,1.67651999,1.69435573,inf,4294967295,4225,4294967295,4294967295,4294967295,202,4294967295,4294967295,4294967295,4294967295
632,1,7569,7569,1,512,20,492,0,492,22,15114,484352,293725,190627,190627,0,77,293648,61696,77,16,1023,10,20,0,1048576,0.999899983,3478694,8.9305706,1.79930568,1.76836383,1.79930568,1.52548218,74,91,196,154,171,3222,1374,582,165,882
633,1,7569,7569,1,512,14,498,0,498,16,15120,484352,252153,232199,232199,0,67,252086,62469,67,17,1023,10,20,0,1048576,0.999899983,3478694,8.53907299,1.67748535,1.65519381,1.67748535,1.46437073,371,1036,1754,169,496,1726,932,5710,1037,687
634,0.699999988,7569,7569,1,512,2,510,0,510,2,15134,484352,286186,198166,198166,0,23,286163,64422,23,13,351,10,20,0,1048576,0.999899983,3478694,7.61246729,1.80397022,1.7764411,1.80397022,1.87969971,104,2703,1494,3958,2529,4294967295,4359,4294967295,1673,4294967295
635,1,7569,7569,1,512,10,502,0,502,52,15084,484352,246746,237606,237606,0,99,246647,62751,99,30,1023,10,20,0,1048576,0.999899983,3478694,14.1499529,1.48317111,1.44678044,1.48317111,1.21609497,270,271,1763,121,121,138,525,938,268,524
636,0.200000003,7569,7569,1,512,1,511,0,511,1,15135,484352,223692,260660,260660,0,7,223685,62243,7,7,129,7,20,0,1048576,0.999899983,3478694,8.30548477,1.80030537,1.75838506,1.80030537,inf,2431,4294967295,4294967295,4294967295,4294967295,4294967295,4294967295,1361,4294967295,4294967295
637,0.899999976,7569,7569,1,512,7,505,0,505,9,15127,484352,246846,237506,237506,0,21,246825,60333,21,17,959,10,20,0,1048576,0.999899983,3478694,17.865015,1.42311239,1.34131801,1.42311239,1.35723877,84,1138,185,5983,184,7497,4294967295,183,6453,6453
638,1,7569,7569,1,512,9,503,0,503,9,15127,484352,228215,256137,256137,0,21,228194,61918,21,11,1023,10,20,0,1048576,0.999899983,3478694,15.2615814,1.7569443,1.73634255,1.7569443,1.46343994,136,470,377,377,131,258,259,259,259,719
639,0.699999988,7569,7569,1,512,2,510,0,510,3,15133,484352,259272,225080,225080,0,21,259251,61758,21,17,925,10,20,0,1048576,0.999899983,3478694,9.25652122,1.46699953,1.44621325,1.46699953,1.5431366,1202,4294967295,6718,246,1925,4294967295,4294967295,3428,1860,1650
640,0.200000003,7569,7569,1,512,1,511,0,511,3,15133,484352,103643,380709,380709,0,3,103640,86208,3,3,17,3,20,0,1048576,0.999899983,3478694,6.72161484,1.87220001,1.85289001,1.87220001,inf,264,4294967295,4294967295,4294967295,5320,4294967295,4294967295,4294967295,4294967295,4294967295
641,0.100000001,7569,7569,1,512,1,511,0,511,1,15135,484352,180691,303661,303661,0,1,180690,66683,1,1,1,1,20,0,1048576,0.999899983,3478694,6.97486687,2.19215393,2.14516854,2.19215393,inf,3295,4294967295,4294967295,4294967295,4294967295,4294967295,4294967295,4294967295,4294967295,4294967295
642,0.699999988,7569,7569,1,512,5,507,0,507,5,15131,484352,257603,226749,226749,0,12,257591,60553,13,13,191,10,20,0,1048576,0.999899983,3478694,13.0460701,1.56036222,1.52722883,1.56036222,1.70654297,83,133,132,1933,867,6793,4294967295,369,4294967295,4294967295
643,1,7569,7569,1,510,115,395,0,395,177,14959,484352,121416,362936,362936,0,277,121139,77503,277,60,1023,10,20,0,1048576,0.999899983,3478694,8.66689014,2.73607755,2.70191193,2.73607755,1.00732422,69,70,114,68,72,67,71,71,71,117
644,1,7569,7569,1,512,16,496,0,496,18,15118,484352,259217,225135,225135,0,64,259153,61673,64,21,1023,10,20,0,1048576,0.999899983,3478694,8.26675224,1.628667,1.61175132,1.628667,1.37110901,233,232,1955,2519,2519,232,762,1542,1542,232
645,0.400000006,7569,7569,1,512,2,510,0,510,2,15134,484352,222324,262028,262028,0,4,222320,66268,4,4,43,4,20,0,1048576,0.999899983,3478694,16.2540321,1.35584283,1.33309007,1.35584283,inf,439,3807,4294967295,7276,4294967295,7520,4294967295,4294967295,4294967295,4294967295
646,1,7569,7569,1,512,7,505,0,505,11,15125,484352,238283,246069,246069,0,38,238245,63056,38,16,1023,10,20,0,1048576,0.999899983,3478694,9.90484715,1.53948581,1.51380396,1.53948581,1.33265686,159,232,460,948,351,1532,353,352,1316,217
647,0.5,7569,7569,1,512,0,512,0,512,2,15134,484352,266557,217795,217795,0,17,266540,60242,17,14,805,10,20,0,1048576,0.999899983,3478694,12.9262972,1.295977,1.28649461,1.295977,1.55247498,104,4294967295,550,4294967295,4294967295,71,4294967295,4294967295,646,1909
648,0.600000024,7569,7569,1,512,3,509,0,509,3,15133,484352,169875,314477,314477,0,9,169866,71262,9,9,287,9,20,0,1048576,0.999899983,3478694,5.30131626,1.98114324,1.93161321,1.98114324,inf,4269,4819,3797,3305,4894,4294967295,4294967295,4294967295,7057,4294967295
649,0.5,7569,7569,1,512,0,512,0,512,1,15135,484352,251775,232577,232577,0,10,251765,61861,10,10,47,10,20,0,1048576,0.999899983,3478694,19.0421925,1.57043576,1.55073142,1.57043576,2.37437439,1727,3585,4773,3914,4294967295,3914,4294967295,4294967295,4294967295,4294967295
650,1,7569,7569,1,512,25,487,0,487,90,15046,484352,270408,213944,213944,0,246,270162,61545,246,18,1023,10,20,0,1048576,0.999899983,3478694,16.0389175,1.54823959,1.52262807,1.54823959,1.20515442,74,315,116,125,126,114,114,115,316,125
651,0.899999976,7569,7569,1,512,3,509,0,509,3,15133,484352,205532,278820,278820,0,21,205511,74409,21,13,767,10,20,0,1048576,0.999899983,3478694,10.1998119,2.1884408,2.14939189,2.1884408,1.82780457,75,547,1392,2067,2091,861,2338,5211,4294967295,1068
652,0.899999976,7569,7569,1,512,2,510,0,510,2,15134,484352,237269,247083,247083,0,16,237253,67334,16,13,1007,10,20,0,1048576,0.999899983,3478694,11.421978,2.09519434,2.05944252,2.09519434,2.05439758,753,2318,1566,1844,4294967295,1430,3737,6147,5601,539
653,0.400000006,7569,7569,1,512,2,510,0,510,2,15134,484352,242045,242307,242307,0,11,242034,76282,11,11,338,10,20,0,1048576,0.999899983,3478694,7.89193821,1.93671525,1.92116487,1.93671525,2.16453552,4294967295,4743,4294967295,4294967295,4440,4294967295,3346,4294967295,3182,4294967295
654,1,7569,7569,1,512,39,473,0,473,42,15094,484352,175935,308417,308417,0,47,175888,83062,47,21,1023,10,20,0,1048576,0.999899983,3478694,6.11500072,2.04772711,1.98046803,2.04772711,0.771514893,75,76,76,77,77,77,80,77,81,78
655,0.600000024,7569,7569,1,512,2,510,0,510,2,15134,484352,270518,213834,213834,0,18,270500,58853,18,16,359,10,20,0,1048576,0.999899983,3478694,8.80573273,1.62135565,1.59756243,1.62135565,1.73197937,7026,103,2741,4294967295,4294967295,3761,3761,4294967295,6538,4294967295
656,0.899999976,7569,7569,1,512,5,507,0,507,5,15131,484352,220881,263471,263471,0,15,220866,71975,15,13,511,10,20,0,1048576,0.999899983,3478694,6.9137888,2.0758121,2.04584765,2.0758121,2.11242676,69,125,91,5275,1328,3272,6337,6030,6077,4294967295
657,1,7569,7569,1,512,34,478,0,478,129,15007,484352,264570,219782,219782,0,285,264285,61704,285,16,1023,10,20,0,1048576,0.999899983,3478694,11.2098417,1.67486131,1.64989281,1.67486131,1.14115906,75,83,76,74,74,461,75,137,84,234
658,1,7569,7569,1,512,12,500,0,500,13,15123,484352,215421,268931,268931,0,42,215379,63273,42,18,1023,10,20,0,1048576,0.999899983,3478694,9.07328606,1.61733902,1.54437506,1.61733902,1.26882935,88,777,5655,70,2589,4086,4481,1215,1482,884
659,0.800000012,7569,7569,1,512,8,504,0,504,8,15128,484352,267268,217084,217084,0,18,267250,61105,18,16,255,10,20,0,1048576,0.999899983,3478694,10.4566393,1.45591795,1.41247976,1.45591795,1.46998596,868,126,426,3578,3132,4439,4370,4666,4294967295,4294967295
660,1,7569,7569,1,512,384,128,0,128,447,14689,484352,173853,310499,310499,0,575,173278,66458,575,37,1023,10,20,0,1048576,0.999899983,3478694,6.9885726,1.93997633,1.92887414,1.93997633,0.478561401,72,69,72,72,72,74,71,68,71,71
661,1,7569,7569,1,512,15,497,2,497,16,15120,484352,224316,260036,260036,0,101,224215,64838,101,17,1023,10,20,0,1048576,0.999899983,3478694,10.4101601,1.7731328,1.73372269,1.7731328,1.52122498,224,306,331,479,727,123,398,1267,479,1714
662,1,7569,7569,1,512,91,421,0,421,94,15042,484352,177877,306475,306475,0,107,177770,68074,107,22,1023,10,20,0,1048576,0.999899983,3478694,6.13287735,2.0020411,1.85364795,2.0020411,0.412948608,68,68,66,69,69,66,66,68,66,71
663,1,7569,7569,1,512,138,374,0,374,183,14953,484352,242067,242285,242285,0,206,241861,64449,206,14,1023,10,20,0,1048576,0.999899983,3478694,7.94258881,1.79589927,1.7837007,1.79589927,1.00538635,77,76,78,75,77,75,78,95,74,77
664,0.699999988,7569,7569,1,512,3,509,0,509,4,15132,484352,247015,237337,237337,0,14,247001,60603,14,11,607,10,20,0,1048576,0.999800026,1739691,6.85585356,1.52157474,1.50673425,1.52157474,1.66921997,733,188,2701,2697,1805,4294967295,7236,4294967295,4294967295,4638
665,0.800000012,7569,7569,1,512,2,510,0,510,3,15133,484352,176799,307553,307553,0,10,176789,68446,10,10,983,10,20,0,1048576,0.999800026,1739691,4.13434267,1.40722251,1.31447542,1.40722251,2.15916443,264,5873,1990,4294967295,2437,4294967295,3127,3951,3618,3010
666,1,7569,7569,1,512,17,495,0,495,19,15117,484352,184203,300149,300149,0,59,184144,73674,59,14,1023,10,20,0,1048576,0.999899983,3478694,12.649209,1.32688379,1.31010199,1.32688379,0.93208313,76,301,287,1961,318,1526,677,555,628,1433
667,0.800000012,7569,7569,1,512,5,507,1,507,5,15131,484352,252187,232165,232165,0,32,252155,61614,32,17,958,10,20,0,1048576,0.999899983,3478694,10.2397366,1.59169471,1.52352965,1.59169471,1.46458435,4294967295,1026,1614,1493,305,756,4294967295,1645,7257,316
668,1,7569,7569,1,512,8,504,0,504,8,15128,484352,205296,279056,279056,0,27,205269,67778,27,15,1023,10,20,0,1048576,0.999899983,3478694,13.226326,1.63676655,1.59258521,1.63676655,1.43147278,87,87,152,841,2756,470,529,5834,360,2719
669,1,7569,7569,1,512,10,502,0,502,14,15122,484352,213894,270458,270458,0,39,213855,64802,39,15,1023,10,20,0,1048576,0.999899983,3478694,13.1145973,1.68973541,1.65254903,1.68973541,1.43070984,143,1479,937,800,197,197,1856,1926,397,4277
670,0.400000006,7569,7569,1,512,0,512,0,512,0,15136,484352,264713,219639,219639,0,4,264709,59275,4,4,300,4,20,0,1048576,0.999899983,3478694,14.6317282,1.4208374,1.37973261,1.4208374,inf,4294967295,4294967295,657,685,4294967295,3598,4294967295,4294967295,3021,4294967295
671,1,7569,7569,1,510,8,502,0,502,13,15123,484352,84360,399992,399992,0,14,84346,79665,14,14,1023,10,20,0,1048576,0.999899983,3478694,6.19157267,1.58848476,1.5187273,1.58848476,0.927780151,56,70,160,107,267,559,484,266,2285,2347
672,1,7569,7569,1,512,71,441,0,441,75,15061,484352,196369,287983,287983,0,127,196242,69140,127,15,1023,10,20,0,1048576,0.999899983,3478694,10.5951834,1.78294218,1.66073549,1.78294218,0.84336853,66,66,65,67,68,67,68,66,173,120
673,0.899999976,7569,7569,1,512,15,497,0,497,15,15121,484352,220658,263694,263694,0,37,220621,70816,37,17,511,10,20,0,1048576,0.999899983,3478694,11.7446508,1.96927226,1.93832111,1.96927226,1.79194641,250,179,180,1315,458,434,187,2492,4958,4294967295
674,1,7569,7569,1,512,7,505,0,505,8,15128,484352,257611,226741,226741,0,38,257573,61040,38,17,1023,10,20,0,1048576,0.999899983,3478694,9.23804951,1.71407723,1.69298124,1.71407723,1.54804993,79,1756,127,215,1100,5347,6546,835,835,3490
675,0.800000012,7569,7569,1,512,4,508,0,508,6,15130,484352,222694,261658,261658,0,27,222667,67179,27,20,987,10,20,0,1048576,0.999899983,3478694,10.1566105,1.3145113,1.29225242,1.3145113,1.28666687,1876,435,4294967295,1386,352,4294967295,1662,6347,1777,2862
676,1,7569,7569,1,512,9,503,0,503,134,15002,484352,254013,230339,230339,0,216,253797,63476,216,36,1023,10,20,0,1048576,0.999899983,3478694,6.90485048,1.97384191,1.92138672,1.97384191,1.70933533,125,133,1447,1448,53,5111,1425,1704,66,66
677,1,7569,7569,1,512,88,424,0,424,174,14962,484352,253175,231177,231177,0,285,252890,59420,285,39,1023,10,20,0,1048576,0.999899983,3478694,12.7728558,1.66106629,1.63887668,1.66106629,1.08126831,93,100,104,93,298,93,96,100,376,98
678,1,7569,7569,1,512,120,392,0,392,144,14992,484352,266522,217830,217830,0,438,266084,61473,438,23,1023,10,20,0,1048576,0.999899983,3478694,7.53232002,1.65477598,1.63024449,1.65477598,1.18572998,103,79,234,85,227,146,788,82,111,1648
679,1,7569,7569,1,512,97,415,0,415,180,14956,484352,158807,325545,325545,0,187,158620,58374,187,20,1023,10,20,0,1048576,0.999899983,3478694,7.67920637,1.65276396,1.60443425,1.65276396,0.69770813,73,72,74,74,73,75,73,77,75,74
680,1,7569,7569,1,512,15,497,0,497,18,15118,484352,256863,227489,227489,0,77,256786,59885,77,16,1023,10,20,0,1048576,0.999899983,3478694,8.95321465,1.65121496,1.60737991,1.65121496,1.33155823,126,126,184,102,395,102,180,1081,305,1081
681,0.600000024,7569,7569,1,512,5,507,0,507,6,15130,484352,268792,215560,215560,0,50,268742,58127,50,20,725,10,20,0,1048576,0.999899983,3478694,8.93384838,1.64785624,1.62085938,1.64785624,1.58432007,3363,4294967295,1839,4294967295,3980,4294967295,1197,1247,4294967295,5629
682,1,7569,7569,1,512,51,461,0,461,57,15079,484352,254953,229399,229399,0,173,254780,60136,173,23,1023,10,20,0,1048576,0.999800026,1739691,5.95409679,1.61365199,1.60048807,1.61365199,1.27342224,92,159,361,445,146,1056,150,286,146,1988
683,0.699999988,7569,7569,1,512,3,509,0,509,3,15133,484352,181000,303352,303352,0,7,180993,70553,7,7,607,7,20,0,1048576,0.999899983,3478694,6.89263439,1.7459166,1.71515203,1.7459166,inf,136,1886,1601,4978,4326,4294967295,4663,4294967295,4294967295,6128
684,0.600000024,7569,7569,1,512,3,509,0,509,3,15133,484352,240160,244192,244192,0,12,240148,61948,12,12,119,10,20,0,1048576,0.999899983,3478694,6.88607979,1.98354363,1.96227431,1.98354363,2.18251038,1349,2206,2177,4294967295,3770,2408,5907,4294967295,4294967295,4294967295
685,1,7569,7569,1,512,110,402,0,402,217,14919,484352,248962,235390,235390,0,340,248622,56919,340,15,1023,10,20,0,1048576,0.999899983,3478694,9.47729778,1.59408569,1.58233511,1.59408569,0.759109497,69,68,68,69,69,69,145,69,69,69
686,1,7569,7569,1,512,435,77,0,77,435,14701,484352,200268,284084,284084,0,614,199654,57240,614,18,1023,10,20,0,1048576,0.999899983,3478694,7.00227785,1.61363459,1.61269927,1.61363459,0.452819824,55,53,55,54,53,57,55,54,55,54
687,0.699999988,7569,7569,1,512,3,509,0,509,4,15132,484352,224388,259964,259964,0,12,224376,67214,12,12,575,10,20,0,1048576,0.999899983,3478694,7.72062063,1.60625076,1.54656768,1.60625076,1.76608276,107,3368,253,3043,1307,2864,4294967295,4294967295,4294967295,3149
688,1,7569,7569,1,512,16,496,0,496,17,15119,484352,193501,290851,290851,0,43,193458,64044,43,13,1023,10,20,0,1048576,0.999899983,3478694,11.3424273,1.5190351,1.49940193,1.5190351,1.22369385,176,1155,177,493,65,188,1288,2812,1334,2419
689,1,7569,7569,1,512,103,409,0,409,175,14961,484352,182529,301823,301823,0,199,182330,64920,199,22,1023,10,20,0,1048576,0.999800026,1739691,3.53520775,1.8357197,1.7913754,1.8357197,0.714584351,73,74,81,155,75,189,86,107,83,75
690,1,7569,7569,1,512,30,482,0,482,148,14988,484352,231752,252600,252600,0,225,231527,61045,225,18,1023,10,20,0,1048576,0.99970001,1159562.62,3.54810858,1.49114203,1.46495104,1.49114203,1.04440308,93,163,94,74,95,609,73,355,233,95
691,1,7569,7569,1,512,30,482,0,482,40,15096,484352,260858,223494,223494,0,117,260741,67688,117,27,1023,10,20,0,1048576,0.999899983,3478694,9.76451588,1.61108816,1.58991838,1.61108816,1.28094482,82,108,903,3231,86,472,274,1909,418,418
692,1,7569,7569,1,512,10,502,0,502,10,15126,484352,225640,258712,258712,0,31,225609,60079,31,13,1023,10,20,0,1048576,0.999899983,3478694,11.0307779,1.55048382,1.49334443,1.55048382,1.35888672,65,108,713,2903,3913,1130,4665,2636,3415,591
693,1,7569,7569,1,512,6,506,0,506,7,15129,484352,289821,194531,194531,0,26,289795,59473,26,15,1023,10,20,0,1048576,0.999899983,3478694,9.6471262,1.59100842,1.57733202,1.59100842,1.45846558,78,751,935,1199,1200,158,6103,458,969,578
694,0.800000012,7569,7569,1,512,2,510,0,510,2,15134,484352,247910,236442,236442,0,23,247887,61943,23,16,955,10,20,0,1048576,0.999899983,3478694,19.4372654,1.45533478,1.44439375,1.45533478,1.49330139,3169,2311,4294967295,2056,3170,7408,4294967295,3933,5879,2733
695,0.800000012,7569,7569,1,512,2,510,0,510,3,15133,484352,281357,202995,202995,0,18,281339,57839,18,15,735,10,20,0,1048576,0.999899983,3478694,9.5249691,1.57188737,1.5618093,1.57188737,1.6537323,7551,1210,1109,3864,2557,4294967295,2599,520,4294967295,1050
696,0.899999976,7569,7569,1,512,4,508,0,508,4,15132,484352,220488,263864,263864,0,22,220466,69808,22,15,1007,10,20,0,1048576,0.999899983,3478694,11.4627962,1.61069179,1.59665084,1.61069179,1.53707886,139,412,542,2,4294967295,2272,785,2481,1406,4162
697,1,7569,7569,1,512,7,505,0,505,7,15129,484352,236551,247801,247801,0,19,236532,60642,19,13,1023,10,20,0,1048576,0.999899983,3478694,8.6236887,1.5945605,1.57763922,1.5945605,1.47120667,240,495,1322,742,4061,2857,872,803,7250,394
698,1,7569,7569,1,512,85,427,0,427,214,14922,484352,279274,205078,205078,0,350,278924,59110,350,22,1023,10,20,0,1048576,0.999899983,3478694,8.67255116,1.85960126,1.77267623,1.85960126,1.13809204,70,70,91,92,98,99,75,71,72,71
699,1,7569,7569,1,512,15,497,0,497,98,15038,484352,276287,208065,208065,0,196,276091,63697,196,47,1023,10,20,0,1048576,0.999800026,1739691,4.84463215,1.83404279,1.80531764,1.83404279,1.54937744,108,288,193,859,240,242,4173,3702,3702,83
700,1,7569,7569,1,512,24,488,0,488,25,15111,484352,169093,315259,315259,0,53,169040,72063,53,13,1023,10,20,0,1048576,0.999899983,3478694,12.1865025,1.37990212,1.3621732,1.37990212,0.705764771,183,107,255,218,579,324,810,381,527,579
701,1,7569,7569,1,512,26,486,0,486,31,15105,484352,260460,223892,223892,0,101,260359,57029,102,20,1023,10,20,0,1048576,0.999899983,3478694,9.58843136,1.53967953,1.51780415,1.53967953,1.19528198,81,335,709,383,591,379,1295,319,380,2140
702,0.699999988,7569,7569,1,512,5,507,0,507,6,15130,484352,126915,357437,357437,0,11,126904,83216,11,11,223,10,20,0,1048576,0.999599993,869541.562,1.60120571,2.42985678,2.39658356,2.42985678,2.54826355,1197,1439,2046,1821,3173,4294967295,509,1148,4294967295,4294967295
703,1,7569,7569,1,512,23,489,0,489,116,15020,484352,245713,238639,238639,0,280,245433,61251,280,23,1023,10,20,0,1048576,0.999899983,3478694,9.38642502,1.79562867,1.75793993,1.79562867,1.43762207,75,944,105,535,535,110,110,839,108,1155
704,0.899999976,7569,7569,1,512,6,506,0,506,7,15129,484352,238373,245979,245979,0,28,238345,64415,28,18,511,10,20,0,1048576,0.999899983,3478694,8.31680679,1.67924762,1.64158869,1.67924762,1.55706787,66,969,3748,2333,2654,977,3278,749,3527,4294967295
705,1,7569,7569,1,512,74,438,0,438,91,15045,484352,183644,300708,300708,0,231,183413,71059,231,30,1023,10,20,0,1048576,0.999899983,3478694,8.96572876,2.13944292,2.06923461,2.13944292,1.14985657,66,66,347,134,165,155,332,332,348,1201
706,1,7569,7569,1,512,11,501,0,501,12,15124,484352,261881,222471,222471,0,39,261842,64039,39,14,1023,10,20,0,1048576,0.999899983,3478694,7.78736019,2.00968218,1.98420525,2.00968218,1.84408569,70,99,101,183,100,614,100,3964,1774,690
707,1,7569,7569,1,482,33,449,0,449,48,15088,484352,160681,323671,323671,0,126,160555,81383,126,32,1023,10,20,0,1048576,0.99970001,1159562.62,2.75498319,2.27429724,1.66715539,2.27429724,1.32885742,492,439,249,874,290,894,480,437,437,1192
708,1,7569,7569,1,512,15,497,0,497,20,15116,484352,187480,296872,296872,0,27,187453,66390,27,12,1023,10,20,0,1048576,0.999899983,3478694,6.86552143,1.84580207,1.80088913,1.84580207,1.09184265,69,70,68,70,69,70,70,93,150,151
709,0.699999988,7569,7569,1,512,2,510,0,510,3,15133,484352,244617,239735,239735,0,12,244605,64401,12,11,702,10,20,0,1048576,0.999899983,3478694,10.5987587,1.5723114,1.49975228,1.5723114,1.74118042,4294967295,190,1942,6763,1455,6762,4294967295,1185,4294967295,6998
710,0.899999976,7569,7569,1,512,25,487,0,487,27,15109,484352,260144,224208,224208,0,149,259995,60656,149,20,767,10,20,0,1048576,0.999899983,3478694,11.1535301,1.84431636,1.81377625,1.84431636,1.62358093,5201,111,686,2310,321,84,1326,1325,4294967295,2534
711,1,7569,7569,1,512,33,479,0,479,126,15010,484352,266949,217403,217403,0,240,266709,62506,240,17,1023,10,20,0,1048576,0.999899983,3478694,6.78865194,1.55436957,1.53227401,1.55436957,0.916381836,65,66,65,64,66,66,66,67,66,68
712,1,7569,7569,1,512,236,276,0,276,307,14829,484352,197637,286715,286715,0,641,196996,81298,641,32,1023,10,20,0,1048576,0.999899983,3478694,7.55109072,2.07541442,2.04819417,2.07541442,1.40238953,66,69,74,208,246,275,761,157,399,165
713,0.899999976,7569,7569,1,512,7,505,0,505,8,15128,484352,178712,305640,305640,0,18,178694,77707,18,15,511,10,20,0,1048576,0.99970001,1159562.62,2.1286068,2.41048193,2.20760393,2.41048193,2.1366272,673,3199,5363,2954,1942,6282,3494,5903,5904,4294967295
714,1,7569,7569,1,512,11,501,0,501,14,15122,484352,246391,237961,237961,0,43,246348,63164,43,17,1023,10,20,0,1048576,0.999899983,3478694,9.30717182,1.62787271,1.60947788,1.62787271,1.36772156,2709,4140,522,1887,320,285,2815,519,1399,239
715,1,7569,7569,1,512,13,499,0,499,15,15121,484352,201048,283304,283304,0,42,201006,70290,42,15,1023,10,20,0,1048576,0.999899983,3478694,8.69430161,1.96593463,1.85111129,1.96593463,1.64353943,85,86,86,88,87,173,173,1646,2104,3429
716,0.800000012,7569,7569,1,512,5,507,0,507,5,15131,484352,183456,300896,300896,0,9,183447,77352,9,9,639,9,20,0,1048576,0.999899983,3478694,5.7649169,2.1695683,2.13830662,2.1695683,inf,88,89,90,89,454,2423,752,4294967295,4294967295,2424
717,1,7569,7569,1,512,26,486,0,486,30,15106,484352,211062,273290,273290,0,50,211012,61347,50,12,1023,10,20,0,1048576,0.999899983,3478694,7.80911016,1.60135043,1.53335059,1.60135043,0.635116577,68,69,69,67,68,69,69,68,69,70
718,0.899999976,7569,7569,1,512,8,504,0,504,8,15128,484352,279439,204913,204913,0,39,279400,61954,39,19,895,10,20,0,1048576,0.999899983,3478694,13.2293062,1.39857507,1.38601255,1.39857507,1.31738281,186,1279,2395,2844,536,1817,6448,4294967295,5079,5737
719,0.899999976,7569,7569,1,504,5,499,0,499,7,15129,484352,204244,280108,280108,0,44,204200,65242,44,16,511,10,20,0,1048576,0.999899983,3478694,14.4729233,1.39986694,1.38022625,1.39986694,1.32928467,956,973,787,3068,4130,5193,402,3748,2892,4294967295
720,1,7569,7569,1,512,80,432,0,432,137,14999,484352,283147,201205,201205,0,199,282948,59663,199,32,1023,10,20,0,1048576,0.999899983,3478694,9.74455357,1.71644497,1.68855906,1.71644497,0.914764404,79,78,78,78,80,78,77,77,78,78
721,1,7569,7569,1,512,41,471,0,471,43,15093,484352,189761,294591,294591,0,86,189675,65868,86,18,1023,10,20,0,1048576,0.99970001,1159562.62,3.04865599,1.62482345,1.52100194,1.62482345,0.984024048,74,75,76,140,65,112,77,331,2194,895
722,1,7569,7569,1,512,71,441,0,441,201,14935,484352,274541,209811,209811,0,373,274168,57202,373,17,1023,10,20,0,1048576,0.99970001,1159562.62,3.23357964,1.5821228,1.53089333,1.5821228,0.799438477,74,75,76,75,76,73,74,74,76,75
723,1,7569,7569,1,512,29,483,0,483,33,15103,484352,236276,248076,248076,0,72,236204,58614,72,16,1023,10,20,0,1048576,0.999899983,3478694,8.95142746,1.47049451,1.45173216,1.47049451,1.09263611,98,74,356,260,434,264,321,1361,1387,332
724,0.899999976,7569,7569,1,509,18,491,0,491,30,15106,484352,216450,267902,267902,0,66,216384,82799,66,22,767,10,20,0,1048576,0.999899983,3478694,8.55545998,1.96659994,1.45438278,1.96659994,1.18457031,184,183,1026,1808,932,188,241,1638,4294967295,998
725,1,7569,7569,1,512,106,406,2,406,241,14895,484352,174363,309989,309989,0,435,173928,78288,435,29,1023,10,20,0,1048576,0.999899983,3478694,7.87525368,1.93862379,1.71321106,1.93862379,0.773284912,90,177,177,220,86,93,94,94,195,93
726,1,7569,7569,1,512,18,494,0,494,20,15116,484352,201715,282637,282637,0,52,201663,70746,52,16,1023,10,20,0,1048576,0.99970001,1159562.62,4.22622776,1.92512858,1.86314988,1.92512858,1.55163574,96,543,1168,642,624,2287,2525,1155,112,707
727,1,7569,7569,1,512,44,468,0,468,66,15070,484352,271574,212778,212778,0,122,271452,63337,122,15,1023,10,20,0,1048576,0.999599993,869541.562,3.14692783,1.6659708,1.63115668,1.6659708,0.927871704,77,76,81,78,77,78,78,78,84,83
728,1,7569,7569,1,512,114,398,0,398,272,14864,484352,259209,225143,225143,0,478,258731,60454,478,47,1023,10,20,0,1048576,0.999899983,3478694,12.4200897,1.676144,1.65816975,1.676144,1.07788086,148,150,149,152,147,147,148,146,153,147
729,1,7569,7569,1,512,90,422,0,422,115,15021,484352,204701,279651,279651,0,158,204543,63358,158,34,1023,10,20,0,1048576,0.99970001,1159562.62,4.48692799,1.25185752,1.23357356,1.25185752,0.559326172,66,66,67,69,65,66,68,69,67,65
730,1,7569,7569,1,512,13,499,0,499,21,15115,484352,233062,251290,251290,0,50,233012,60429,50,22,1023,10,20,0,1048576,0.999800026,1739691,4.40373707,1.59514022,1.5747776,1.59514022,1.30218506,261,241,175,340,1408,3063,1504,1252,2122,91
731,0.800000012,7569,7569,1,512,3,509,0,509,3,15133,484352,211125,273227,273227,0,19,211106,64714,19,12,255,10,20,0,1048576,0.999899983,3478694,13.4322052,1.90801418,1.75697124,1.90801418,1.79011536,117,2066,4290,1813,1374,3039,1642,1023,4294967295,4294967295
732,1,7569,7569,1,512,9,503,0,503,9,15127,484352,241306,243046,243046,0,44,241262,62562,44,18,1023,10,20,0,1048576,0.999899983,3478694,6.42903376,2.00809574,1.99659824,2.00809574,1.73960876,76,639,162,1968,76,215,1839,663,2116,1943
733,0.899999976,7569,7569,1,512,3,509,0,509,5,15131,484352,249739,234613,234613,0,21,249718,60563,21,14,895,10,20,0,1048576,0.999899983,3478694,12.0428934,1.89321136,1.69398618,1.89321136,1.64744568,268,2950,1628,323,1530,323,698,4294967295,2063,2010
734,1,7569,7569,1,512,8,504,0,504,8,15128,484352,141861,342491,342491,0,14,141847,64909,14,12,1023,10,20,0,1048576,0.999899983,3478694,8.75210285,1.77146935,1.7434237,1.77146935,1.31924438,266,1451,296,529,628,2170,591,3575,787,5667
735,0.899999976,7569,7569,1,512,1,511,0,511,4,15132,484352,238260,246092,246092,0,28,238232,76107,28,15,1019,10,20,0,1048576,0.999899983,3478694,7.55377197,1.80191469,1.78036129,1.80191469,1.67175293,2046,1277,4294967295,1228,458,3272,1139,2887,2887,166
736,1,7569,7569,1,512,179,333,0,333,319,14817,484352,268580,215772,215772,0,460,268120,56968,460,25,1023,10,20,0,1048576,0.999899983,3478694,13.1816349,1.38413084,1.37236571,1.38413084,0.76852417,244,74,79,73,74,74,85,75,80,76
737,1,341,7569,3,512,512,0,0,0,515,165,21760,4160,17600,17600,0,1143,3017,1175,1144,39,1023,10,20,0,1048576,0.999899983,3478694,6.70522785,0.820724487,inf,0.820724487,0.231399536,3,2,3,2,2,3,2,4,3,5
738,1,7569,7569,1,512,218,294,0,294,384,14752,484352,198975,285377,285377,0,628,198347,60290,628,28,1023,10,20,0,1048576,0.999899983,3478694,8.58257198,1.87580514,1.85554874,1.87580514,0.547424316,4,5,5,3,4,4,189,7,1,5
739,1,7569,7569,1,512,22,490,0,490,25,15111,484352,189416,294936,294936,0,62,189354,71796,62,14,1023,10,20,0,1048576,0.999899983,3478694,7.88955498,1.94231427,1.90646827,1.94231427,1.38687134,104,360,340,213,277,742,410,683,616,631
740,1,7569,7569,1,512,13,499,0,499,14,15122,484352,246743,237609,237609,0,70,246673,61480,70,23,1023,10,20,0,1048576,0.99970001,1159562.62,3.23129535,1.55215394,1.52348638,1.55215394,1.39421082,59,259,210,2075,2040,1886,2880,1011,346,1980
741,1,7569,7569,1,512,12,500,0,500,19,15117,484352,249056,235296,235296,0,54,249002,60017,54,20,1023,10,20,0,1048576,0.999899983,3478694,8.76848984,1.49196124,1.48215067,1.49196124,1.25598145,164,63,254,656,656,2233,568,229,4649,121
742,0.800000012,7569,7569,1,512,8,504,0,504,8,15128,484352,270826,213526,213526,0,28,270798,60840,28,14,927,10,20,0,1048576,0.999899983,3478694,16.1530285,1.67752934,1.65341687,1.67752934,1.53952026,92,707,807,89,90,4294967295,4294967295,5423,3078,471
743,0.699999988,7569,7569,1,512,6,506,0,506,8,15128,484352,107617,376735,376735,0,17,107600,84140,17,13,191,10,20,0,1048576,0.999899983,3478694,6.82827854,2.08577108,2.02509689,2.08577108,1.62171936,235,784,656,972,480,1866,4294967295,2140,4294967295,4294967295
744,0.899999976,7569,7569,1,512,7,505,0,505,7,15129,484352,185835,298517,298517,0,17,185818,67856,17,14,511,10,20,0,1048576,0.99970001,1159562.62,4.18600512,1.24727786,1.22797728,1.24727786,1.1652832,148,263,172,2204,3942,2920,1854,2328,4890,4294967295
745,0.5,7569,7569,1,512,5,507,0,507,6,15130,484352,225277,259075,259075,0,22,225255,84423,22,17,79,10,20,0,1048576,0.99970001,1159562.62,3.15899444,2.36233997,2.27490711,2.36233997,2.28439331,899,1618,3517,4558,4294967295,4294967295,6810,4294967295,4294967295,4294967295
746,1,7569,7569,1,512,11,501,0,501,11,15125,484352,219009,265343,265343,0,37,218972,60340,37,16,1023,10,20,0,1048576,0.999800026,1739691,4.08755589,1.83656001,1.71500206,1.83656001,1.480896,119,119,1353,459,6081,1584,3112,1238,3155,2929
747,1,7569,7569,1,512,5,507,0,507,7,15129,484352,238495,245857,245857,0,27,238468,60859,27,14,1023,10,20,0,1048576,0.999899983,3478694,11.6919155,1.56366992,1.53034818,1.56366992,1.47506714,284,2768,397,1145,256,3918,491,4428,5446,2033
748,1,7569,7569,1,512,182,330,0,330,247,14889,484352,257023,227329,227329,0,436,256587,58464,436,27,1023,10,20,0,1048576,0.999899983,3478694,8.27539253,1.79812467,1.75534368,1.79812467,0.686004639,4,4,4,7,7,7,4,3,3,8
749,1,7569,7569,1,512,19,493,0,493,19,15117,484352,215336,269016,269016,0,94,215242,66049,94,21,1023,10,20,0,1048576,0.999899983,3478694,7.85260963,1.80257022,1.77677488,1.80257022,1.54486084,2115,682,876,3972,3183,494,1981,2696,1909,1909
750,1,7569,7569,1,512,386,126,0,126,462,14674,484352,186469,297883,297883,0,698,185771,64081,698,49,1023,10,20,0,1048576,0.999800026,1739691,3.1919086,2.04146171,1.88903856,2.04146171,0.400314331,73,75,74,75,75,74,75,75,74,76
751,1,7569,7569,1,512,23,489,0,489,324,14812,484352,168932,315420,315420,0,756,168176,80044,756,34,1023,10,20,0,1048576,0.999899983,3478694,9.81665611,1.85176742,1.78132999,1.85176742,1.1068573,159,586,195,274,273,72,7,16,8,1831
752,1,7569,7569,1,512,7,505,0,505,7,15129,484352,268055,216297,216297,0,50,268005,62392,50,16,1023,10,20,0,1048576,0.999800026,1739691,4.58551884,1.4446882,1.42170763,1.4446882,1.24571228,925,926,165,116,1167,95,4103,523,1546,1546
753,1,7569,7569,1,512,14,498,0,498,17,15119,484352,195657,288695,288695,0,45,195612,70048,45,17,1023,10,20,0,1048576,0.999899983,3478694,9.21570301,1.88471508,1.84356272,1.88471508,1.59584045,71,72,198,2307,372,78,943,5227,3525,1244
754,1,7569,7569,1,512,217,295,0,295,322,14814,484352,298046,186306,186306,0,599,297447,56323,599,18,1023,10,20,0,1048576,0.999899983,3478694,9.85777283,1.88011169,1.81441092,1.88011169,0.865310669,74,73,75,74,75,75,75,74,75,76
755,1,7569,7569,1,512,6,506,0,506,9,15127,484352,159817,324535,324535,0,26,159791,66359,26,14,1023,10,20,0,1048576,0.999899983,3478694,10.6896315,1.73038638,1.64452803,1.73038638,1.26054382,104,135,324,323,323,1147,1206,324,553,3860
756,0.699999988,7569,7569,1,512,4,508,0,508,7,15129,484352,225984,258368,258368,0,68,225916,64458,68,23,499,10,20,0,1048576,0.999899983,3478694,8.65258884,1.72080874,1.66477132,1.72080874,1.51235962,255,1433,4294967295,4294967295,778,3314,256,5827,3374,4294967295
757,1,7569,7569,1,512,20,492,0,492,22,15114,484352,258365,225987,225987,0,58,258307,59601,58,13,1023,10,20,0,1048576,0.999599993,869541.562,3.01763988,1.51200247,1.49461186,1.51200247,1.05603027,74,75,72,73,74,110,75,284,281,75
758,1,7569,7569,1,512,13,499,0,499,15,15121,484352,260011,224341,224341,0,60,259951,60582,60,19,1023,10,20,0,1048576,0.999899983,3478694,9.48325729,1.69837546,1.68125844,1.69837546,1.42781067,103,103,170,170,623,169,441,251,1722,7437
759,1,7569,7569,1,512,19,493,0,493,22,15114,484352,237158,247194,247194,0,82,237076,59257,82,18,1023,10,20,0,1048576,0.999899983,3478694,11.6075974,1.37545991,1.359357,1.37545991,1.09085083,4910,224,356,1191,72,581,1262,1262,162,183
760,0.899999976,7569,7569,1,512,7,505,0,505,9,15127,484352,275234,209118,209118,0,41,275193,61614,41,19,767,10,20,0,1048576,0.99970001,1159562.62,3.30588055,1.39087284,1.36867368,1.39087284,1.28094482,1211,1212,5665,3399,1230,2296,4632,1906,4294967295,238
761,0.800000012,7569,7569,1,512,3,509,0,509,3,15133,484352,245678,238674,238674,0,28,245650,62880,28,17,703,10,20,0,1048576,0.99970001,1159562.62,2.57711101,1.72616351,1.67578554,1.72616351,1.68856812,1790,4563,4554,599,2573,1913,4294967295,678,4294967295,4516
762,1,7569,7569,1,512,21,491,0,491,22,15114,484352,228026,256326,256326,0,75,227951,63393,75,13,1023,10,20,0,1048576,0.999800026,1739691,7.41609907,1.60277629,1.53558826,1.60277629,1.170578,74,119,136,75,75,740,88,740,739,104
763,1,7569,7569,1,512,12,500,0,500,14,15122,484352,257834,226518,226518,0,32,257802,63625,32,12,1023,10,20,0,1048576,0.999899983,3478694,13.1357517,1.15673268,1.13281858,1.15673268,0.973403931,76,94,170,512,514,852,888,513,178,1804
764,1,7569,7569,1,512,46,466,0,466,55,15081,484352,261054,223298,223298,0,239,260815,70907,239,21,1023,10,20,0,1048576,0.999899983,3478694,10.6196146,1.87503743,1.85529637,1.87503743,1.50178528,150,203,311,199,199,227,84,77,197,85
765,1,7569,7569,1,512,58,454,0,454,81,15055,484352,203746,280606,280606,0,216,203530,65571,216,24,1023,10,20,0,1048576,0.999800026,1739691,6.09907532,1.26184988,1.22349644,1.26184988,0.862075806,94,94,94,135,148,323,393,558,191,317
766,1,7569,7569,1,512,122,390,0,390,154,14982,484352,207709,276643,276643,0,383,207326,87699,383,15,1023,10,20,0,1048576,0.999899983,3478694,6.45644474,2.16297793,2.14701915,2.16297793,0.851654053,100,85,107,193,131,86,132,101,96,117
767,1,7569,7569,1,512,19,493,0,493,22,15114,484352,266567,217785,217785,0,95,266472,65312,95,19,1023,10,20,0,1048576,0.999800026,1739691,4.46005964,1.57334363,1.55074465,1.57334363,1.27844238,71,152,100,76,200,201,3563,661,162,825
768,1,7569,7569,1,512,54,458,0,458,265,14871,484352,267774,216578,216578,0,533,267241,58443,533,26,1023,10,20,0,1048576,0.999800026,1739691,5.07081652,1.37298322,1.34704399,1.37298322,0.950576782,75,76,86,87,845,87,88,89,89,88
769,0.899999976,7569,7569,1,512,81,431,0,431,212,14924,484352,273103,211249,211249,0,483,272620,63389,483,48,1015,10,20,0,1048576,0.999899983,3478694,7.85469532,1.30418468,1.26445997,1.30418468,0.854507446,341,167,265,4294967295,213,172,242,542,168,229
770,1,7569,7569,1,512,17,495,0,495,20,15116,484352,184797,299555,299555,0,73,184724,81275,74,16,1023,10,20,0,1048576,0.999899983,3478694,11.3114405,2.04447937,1.87307584,2.04447937,1.45993042,400,148,526,564,507,6240,1007,6116,6017,1457
771,1,7569,7569,1,512,206,306,0,306,405,14731,484352,275035,209317,209317,0,786,274249,59182,786,36,1023,10,20,0,1048576,0.999800026,1739691,6.24062681,1.76896822,1.75362158,1.76896822,1.11743164,99,109,98,99,81,109,99,173,92,99
772,0.800000012,7569,7569,1,512,13,499,0,499,14,15122,484352,249311,235041,235041,0,57,249254,67933,57,22,447,10,20,0,1048576,0.99970001,1159562.62,2.9768517,2.01966429,1.99070477,2.01966429,1.8608551,192,1866,685,5219,2955,2085,4294967295,2737,2737,4294967295
773,1,7569,7569,1,512,18,494,0,494,25,15111,484352,246599,237753,237753,0,71,246528,61957,71,14,1023,10,20,0,1048576,0.999899983,3478694,7.0061512,1.72226799,1.65462232,1.72226799,1.42648315,108,96,104,121,385,122,126,123,123,2427
774,0.800000012,7569,7569,1,512,7,505,0,505,10,15126,484352,277812,206540,206540,0,64,277748,62870,64,16,509,10,20,0,1048576,0.999499977,695542.812,1.86019528,1.63352525,1.61338031,1.63352525,1.53393555,2654,4294967295,229,183,106,466,435,1215,732,4294967295
775,0.899999976,7569,7569,1,512,6,506,0,506,7,15129,484352,264197,220155,220155,0,32,264165,59681,32,19,1019,10,20,0,1048576,0.999899983,3478694,11.9076262,1.49412835,1.4717617,1.49412835,1.40785217,814,152,4294967295,1652,225,4236,1490,3751,3365,5226
776,1,7569,7569,1,512,11,501,0,501,15,15121,484352,245655,238697,238697,0,50,245605,69454,50,13,1023,10,20,0,1048576,0.999899983,3478694,10.32763,1.5488317,1.53304625,1.5488317,1.32064819,842,521,107,678,3448,1252,103,901,165,166
777,1,7569,7569,1,512,4,508,0,508,6,15130,484352,273941,210411,210411,0,63,273878,58617,63,18,1023,10,20,0,1048576,0.999899983,3478694,10.387517,1.2964772,1.28570855,1.2964772,1.19459534,366,155,115,790,242,1402,4371,997,1627,1627
778,1,7569,7569,1,511,10,501,0,501,15,15121,484352,147270,337082,337082,0,26,147244,71331,26,14,1023,10,20,0,1048576,0.999899983,3478694,8.81943798,1.69526982,1.65457892,1.69526982,1.07550049,208,207,209,88,130,177,105,2130,268,971
779,1,7569,7569,1,512,8,504,0,504,9,15127,484352,259574,224778,224778,0,31,259543,61034,31,15,1023,10,20,0,1048576,0.999899983,3478694,10.9285831,1.45531511,1.42169642,1.45531511,1.25791931,89,204,842,194,90,2057,2340,195,1818,2037
780,1,7569,7569,1,512,449,63,0,63,579,14557,484352,267822,216530,216530,0,924,266898,63055,924,71,1023,10,20,0,1048576,0.999899983,3478694,5.32932281,2.17753005,2.16193032,2.17753005,0.427398682,81,82,82,82,81,82,83,82,82,82
781,1,7569,7569,1,512,122,390,0,390,164,14972,484352,299496,184856,184856,0,437,299059,64764,437,31,1023,10,20,0,1048576,0.999899983,3478694,10.5749235,1.92701125,1.85355806,1.92701125,1.38490295,91,319,107,127,94,135,186,2636,120,98
782,1,7569,7569,1,512,4,508,0,508,5,15131,484352,201340,283012,283012,0,31,201309,79954,31,14,1023,10,20,0,1048576,0.99970001,1159562.62,3.5629065,1.67180836,1.58677137,1.67180836,1.49504089,74,142,917,804,836,4826,1966,3476,487,6670
783,1,7569,7569,1,512,10,502,0,502,12,15124,484352,148476,335876,335876,0,31,148445,66606,31,16,1023,10,20,0,1048576,0.999899983,3478694,7.43399858,1.91198993,1.88666427,1.91198993,1.37799072,638,482,706,1559,1559,1,1,1238,4332,4333
784,1,7569,7569,1,512,79,433,0,433,85,15051,484352,206451,277901,277901,0,273,206178,66242,273,19,1023,10,20,0,1048576,0.999800026,1739691,5.80673456,1.52492023,1.49413168,1.52492023,1.03233337,99,183,87,87,283,100,109,1639,339,340
785,1,7569,7569,1,512,117,395,0,395,310,14826,484352,284137,200215,200215,0,605,283532,56874,605,32,1023,10,20,0,1048576,0.999800026,1739691,5.62703896,1.62243867,1.61465621,1.62243867,1.15708923,106,132,122,83,108,107,205,78,263,206
786,1,1617,7569,3,512,512,0,0,0,541,2671,102784,32181,70603,70603,0,1572,30609,12832,1572,40,1023,10,20,0,1048576,0.999800026,1739691,3.63071775,1.4311676,inf,1.4311676,0.546417236,66,65,67,68,66,70,71,75,68,69
787,1,7569,7569,1,512,150,362,0,362,301,14835,484352,171686,312666,312666,0,515,171171,73004,515,22,1023,10,20,0,1048576,0.999899983,3478694,8.2935667,1.82756042,1.70531464,1.82756042,0.670684814,69,68,113,76,67,160,73,77,77,89
788,1,7569,7569,1,512,446,66,0,66,449,14687,484352,189177,295175,295175,0,662,188515,62918,662,21,1023,10,20,0,1048576,0.999899983,3478694,7.67563105,1.80402696,1.78442156,1.80402696,0.340499878,59,60,61,60,60,59,60,62,61,60
789,1,7569,7569,1,512,35,477,0,477,38,15098,484352,232151,252201,252201,0,106,232045,67159,106,15,1023,10,20,0,1048576,0.999899983,3478694,7.98132181,1.89373243,1.863114,1.89373243,1.38580322,76,75,75,75,78,77,76,78,77,1520
790,0.899999976,7569,7569,1,512,6,506,0,506,10,15126,484352,264239,220113,220113,0,51,264188,64246,52,20,767,10,20,0,1048576,0.99970001,1159562.62,4.03951645,1.69571435,1.68517637,1.69571435,1.61909485,2718,709,3416,197,163,203,3462,3325,4294967295,1589
791,1,7569,7569,1,512,11,501,0,501,12,15124,484352,202987,281365,281365,0,53,202934,66087,53,14,1023,10,20,0,1048576,0.999800026,1739691,7.42801905,1.50753784,1.3154285,1.50753784,1.10440063,200,1785,892,161,700,1080,967,3277,3477,1822
792,1,7569,7569,1,512,152,360,1,360,335,14801,484352,289297,195055,195055,0,796,288501,55963,796,46,1023,10,20,0,1048576,0.99970001,1159562.62,2.22384953,1.87114823,1.8413316,1.87114823,1.20675659,52,56,55,397,54,50,53,53,66,61
793,1,7569,7569,1,512,135,377,0,377,326,14810,484352,269993,214359,214359,0,526,269467,56696,526,18,1023,10,20,0,1048576,0.999899983,3478694,9.15104961,1.7121402,1.6941179,1.7121402,1.13383484,195,67,67,68,81,68,79,264,68,237
794,0.899999976,7569,7569,1,512,5,507,0,507,5,15131,484352,230371,253981,253981,0,28,230343,63989,28,13,767,10,20,0,1048576,0.999800026,1739691,5.11596394,1.9030149,1.87470615,1.9030149,1.83094788,2113,2113,358,358,792,659,586,359,4294967295,4633
795,1,7569,7569,1,512,25,487,0,487,26,15110,484352,259416,224936,224936,0,114,259302,60809,114,16,1023,10,20,0,1048576,0.999899983,3478694,7.60769987,1.71873856,1.69936252,1.71873856,1.33674622,71,395,199,116,180,1044,224,2149,72,3101
796,1,7569,7569,1,512,387,125,0,125,506,14630,484352,234339,250013,250013,0,1147,233192,54841,1147,32,1023,10,20,0,1048576,0.999599993,869541.562,2.42117214,1.43033493,1.41100001,1.43033493,0.784942627,67,69,77,78,71,68,70,68,68,67
797,1,7569,7569,1,512,25,487,0,487,30,15106,484352,191507,292845,292845,0,69,191438,78497,69,12,1023,10,20,0,1048576,0.999899983,3478694,8.88230419,2.41677642,2.32859945,2.41677642,1.69232178,81,101,245,144,252,105,382,246,2684,381
798,1,7569,7569,1,512,80,432,0,432,88,15048,484352,177851,306501,306501,0,173,177678,84638,173,15,1023,10,20,0,1048576,0.999899983,3478694,7.64077187,2.4736557,2.4349823,2.4736557,1.61143494,70,143,0,124,322,275,457,411,390,4054
799,1,7569,7569,1,512,9,503,0,503,10,15126,484352,199211,285141,285141,0,30,199181,63066,30,13,1023,10,20,0,1048576,0.99970001,1159562.62,4.09195471,1.58027494,1.56535828,1.58027494,1.36553955,71,73,72,73,2030,467,3374,1923,2291,2014
800,1,7569,7569,1,508,6,502,0,502,9,15127,484352,183589,300763,300763,0,47,183542,73448,47,14,1023,10,20,0,1048576,0.999899983,3478694,8.03167439,2.07839966,1.7980876,2.07839966,1.47062683,277,110,964,1192,154,526,204,1235,2380,611
801,1,7569,7569,1,512,28,484,0,484,31,15105,484352,210948,273404,273404,0,84,210864,65479,85,17,1023,10,20,0,1048576,0.999499977,695542.812,2.3731699,1.23608398,1.20738387,1.23608398,0.874038696,78,104,89,197,720,2200,397,3268,980,205
802,1,7569,7569,1,510,27,483,0,483,29,15107,484352,177310,307042,307042,0,90,177220,80473,90,19,1023,10,20,0,1048576,0.999599993,869541.562,1.92502165,2.65785217,2.40225291,2.65785217,2.04495239,71,2817,579,3418,2002,238,1401,1175,1199,728
803,1,7569,7569,1,512,29,483,0,483,31,15105,484352,212379,271973,271973,0,86,212293,60996,86,22,1023,10,20,0,1048576,0.999800026,1739691,4.5794096,1.24780953,1.2254194,1.24780953,0.875061035,214,322,298,781,932,1270,3042,3322,1363,868
804,1,7569,7569,1,512,95,417,0,417,117,15019,484352,255672,228680,228680,0,417,255255,61239,417,27,1023,10,20,0,1048576,0.999300003,496742.062,2.37644005,1.43183339,1.4115169,1.43183339,1.00453186,95,96,161,95,127,664,286,90,164,859
805,1,7569,7569,1,512,169,343,0,343,366,14770,484352,217252,267100,267100,0,924,216328,59047,924,34,1023,10,20,0,1048576,0.99970001,1159562.62,3.00436187,1.80140829,1.76777184,1.80140829,0.985168457,82,71,70,76,66,134,85,320,248,84
806,1,7569,7569,1,512,29,483,0,483,31,15105,484352,248558,235794,235794,0,88,248470,60916,88,12,1023,10,20,0,1048576,0.999599993,869541.562,2.15053105,1.89015973,1.88024676,1.89015973,0.782699585,69,69,68,69,69,69,71,69,71,69
807,1,7569,7569,1,512,37,475,0,475,42,15094,484352,177315,307037,307037,0,71,177244,70089,71,12,1023,10,20,0,1048576,0.999800026,1739691,3.22230482,1.94207859,1.91028225,1.94207859,0.609054565,66,67,67,66,66,65,66,68,67,66
808,1,7569,7569,1,512,19,493,0,493,112,15024,484352,270403,213949,213949,0,176,270227,61768,176,46,1023,10,20,0,1048576,0.999800026,1739691,8.48265076,1.43663526,1.42376709,1.43663526,1.18630981,111,530,149,222,593,18,223,914,1466,462
809,0.899999976,7569,7569,1,512,7,505,0,505,10,15126,484352,268454,215898,215898,0,86,268368,61649,86,23,1019,10,20,0,1048576,0.999899983,3478694,14.1898766,1.44274294,1.40871465,1.44274294,1.29592896,1238,464,4294967295,2675,484,2403,2761,561,1186,628
810,1,7569,7569,1,512,21,491,0,491,25,15111,484352,204880,279472,279472,0,100,204780,63447,100,20,1023,10,20,0,1048576,0.999199986,434596.5,1.87772191,1.33877611,1.30113435,1.33877611,0.964263916,277,426,1602,1570,67,3205,2069,2069,3457,122
811,1,7569,7569,1,512,39,473,0,473,119,15017,484352,234162,250190,250190,0,173,233989,62264,173,21,1023,10,20,0,1048576,0.999899983,3478694,9.75170422,1.6172936,1.513345,1.6172936,1.04884338,82,76,77,83,83,1575,89,90,89,101
812,1,7569,7569,1,512,15,497,0,497,18,15118,484352,169273,315079,315079,0,28,169245,86931,28,14,1023,10,20,0,1048576,0.999899983,3478694,9.14151478,2.0260129,1.99741304,2.0260129,1.33685303,95,75,76,114,178,139,141,135,691,357
813,1,7569,7569,1,512,29,483,0,483,159,14977,484352,194499,289853,289853,0,416,194083,70350,416,24,1023,10,20,0,1048576,0.999899983,3478694,7.03713751,2.31668377,2.21513391,2.31668377,1.57328796,69,70,411,98,71,259,88,245,72,92
814,1,7569,7569,1,512,11,501,0,501,14,15122,484352,220011,264341,264341,0,54,219957,74071,54,22,1023,10,20,0,1048576,0.999800026,1739691,4.63007021,1.4762516,1.45373249,1.4762516,1.30584717,249,491,2110,4314,875,4536,4602,6537,6538,858
815,1,7569,7569,1,512,29,483,0,483,32,15104,484352,249605,234747,234747,0,187,249418,65471,187,22,1023,10,20,0,1048576,0.99970001,1159562.62,2.68089461,1.85999453,1.81092548,1.85999453,1.5459137,82,268,286,817,813,7293,534,812,402,817
816,1,7569,7569,1,512,63,449,0,449,226,14910,484352,206109,278243,278243,0,364,205745,63857,364,51,1023,10,20,0,1048576,0.99970001,1159562.62,4.00525284,1.81543517,1.78054225,1.81543517,1.0723114,71,169,66,70,65,68,73,303,65,65
817,1,7569,7569,1,512,31,481,0,481,33,15103,484352,274973,209379,209379,0,142,274831,63966,142,26,1023,10,20,0,1048576,0.999499977,695542.812,3.36974978,1.59311581,1.53496385,1.59311581,1.28543091,246,231,977,154,551,2827,3955,2465,658,1363
818,1,7569,7569,1,512,24,488,0,488,25,15111,484352,243877,240475,240475,0,99,243778,59768,99,15,1023,10,20,0,1048576,0.999599993,869541.562,2.71921968,1.68364477,1.66845417,1.68364477,1.2895813,68,471,262,77,327,1002,360,153,269,470
819,0.800000012,7569,7569,1,512,9,503,0,503,17,15119,484352,160800,323552,323552,0,33,160767,102052,33,21,447,10,20,0,1048576,0.999499977,695542.812,1.50496745,1.6329304,1.60966098,1.6329304,1.54484558,696,267,2415,2681,7259,2199,4294967295,1894,2120,4294967295
820,1,7569,7569,1,512,34,478,0,478,62,15074,484352,159330,325022,325022,0,176,159154,82515,176,19,1023,10,20,0,1048576,0.999499977,695542.812,1.37081134,2.64200115,2.59374142,2.64200115,1.87431335,65,288,243,237,240,1649,147,121,302,186
821,1,7569,7569,1,512,17,495,0,495,20,15116,484352,206694,277658,277658,0,79,206615,65980,79,15,1023,10,20,0,1048576,0.999899983,3478694,11.3749027,1.82347202,1.79355013,1.82347202,1.49725342,119,69,317,517,1244,91,318,460,723,1262
822,1,7569,7569,1,512,33,479,1,479,34,15102,484352,259513,224839,224839,0,162,259351,61110,162,18,1023,10,20,0,1048576,0.99970001,1159562.62,3.21043944,1.36291039,1.33713114,1.36291039,1.09309387,105,580,126,70,553,646,1677,201,1041,138
823,1,7569,7569,1,512,39,473,0,473,52,15084,484352,221733,262619,262619,0,144,221589,63656,144,27,1023,10,20,0,1048576,0.999899983,3478694,15.6071959,1.49272978,1.47458577,1.49272978,1.14826965,213,853,293,292,602,603,624,456,419,1743
824,1,7569,7569,1,512,16,496,0,496,19,15117,484352,256151,228201,228201,0,55,256096,59944,55,19,1023,10,20,0,1048576,0.99970001,1159562.62,3.78070307,1.45584893,1.42001474,1.45584893,1.17523193,398,281,834,226,1814,2400,446,1585,1710,135
825,1,7569,7569,1,512,112,400,0,400,325,14811,484352,259885,224467,224467,0,775,259110,55611,775,54,1023,10,20,0,1048576,0.999800026,1739691,5.53942585,1.83459437,1.79106486,1.83459437,1.25190735,25,26,73,37,25,26,38,27,26,23
826,1,7569,7569,1,512,21,491,0,491,22,15114,484352,268658,215694,215694,0,86,268572,60661,86,23,1023,10,20,0,1048576,0.99970001,1159562.62,3.28005886,1.61207497,1.55959404,1.61207497,1.29544067,276,368,469,366,999,2179,3474,3474,3474,1352
827,1,7569,7569,1,512,25,487,0,487,30,15106,484352,253111,231241,231241,0,127,252984,59733,127,22,1023,10,20,0,1048576,0.999800026,1739691,4.84418535,1.4052403,1.35689402,1.4052403,1.10690308,196,243,68,779,3093,1419,2447,355,2960,1221
828,1,7569,7569,1,512,4,508,0,508,6,15130,484352,214317,270035,270035,0,45,214272,62120,45,15,1023,10,20,0,1048576,0.999800026,1739691,4.99661398,1.56652474,1.5489856,1.56652474,1.48182678,1932,210,1293,3089,125,463,6586,1648,3486,2691
829,1,7569,7569,1,512,15,497,0,497,18,15118,484352,253020,231332,231332,0,94,252926,61462,94,19,1023,10,20,0,1048576,0.999599993,869541.562,1.99770904,1.9320097,1.85856104,1.9320097,1.55310059,377,100,110,826,557,713,1055,1303,314,1846
830,1,7569,7569,1,512,127,385,0,385,298,14838,484352,262488,221864,221864,0,536,261952,59919,536,40,1023,10,20,0,1048576,0.999800026,1739691,6.52358055,1.2388339,1.21894121,1.2388339,0.822418213,75,100,81,219,112,83,82,91,285,282
831,1,7569,7569,1,512,159,353,0,353,280,14856,484352,244987,239365,239365,0,479,244508,60008,479,32,1023,10,20,0,1048576,0.99970001,1159562.62,2.8783319,1.84114969,1.82681942,1.84114969,1.07725525,6,30,118,115,5,6,13,13,17,4
832,1,7569,7569,1,512,278,234,0,234,578,14558,484352,177917,306435,306435,0,1282,176635,70778,1282,39,1023,10,20,0,1048576,0.99970001,1159562.62,1.60551763,1.91797376,1.89343739,1.91797376,1.00971985,103,104,103,104,107,107,104,104,105,105
833,1,7569,7569,1,512,102,410,0,410,222,14914,484352,233149,251203,251203,0,344,232805,60255,344,17,1023,10,20,0,1048576,0.999899983,3478694,13.1667376,1.54067302,1.50071585,1.54067302,0.758422852,187,69,71,74,70,70,69,70,69,72
834,1,954,7569,3,512,512,0,0,0,529,1355,60288,20787,39501,39501,0,1709,19078,4693,1709,46,1023,10,20,0,1048576,0.99970001,1159562.62,2.78060627,1.6268158,inf,1.6268158,0.591369629,3,4,4,4,4,9,5,4,5,6
835,1,7569,7569,1,512,26,486,0,486,28,15108,484352,276893,207459,207459,0,132,276761,60365,132,17,1023,10,20,0,1048576,0.999499977,695542.812,1.73878753,1.57916152,1.55519128,1.57916152,1.25569153,169,90,360,373,400,1646,359,315,315,2069
836,1,7569,7569,1,512,188,324,0,324,303,14833,484352,183267,301085,301085,0,470,182797,63561,471,30,1023,10,20,0,1048576,0.99940002,579606.938,1.75500429,1.34131813,1.31928635,1.34131813,0.640609741,79,72,78,69,105,66,64,64,74,68
837,0.899999976,7569,7569,1,405,8,397,0,397,17,15119,484352,117193,367159,367159,0,36,117157,81628,36,21,895,10,20,0,1048576,0.999499977,695542.812,1.71853304,2.45864868,1.9383626,2.45864868,1.70433044,168,130,68,92,2551,277,339,4294967295,2293,1843
838,1,2512,7569,3,512,512,0,0,0,703,4314,160544,47889,112655,112655,0,1965,45924,23346,1965,62,1023,10,20,0,1048576,0.99970001,1159562.62,2.53539896,1.73219299,inf,1.73219299,0.560638428,192,190,74,193,192,236,198,73,201,201
839,0.899999976,7569,7569,1,512,18,494,0,494,23,15113,484352,294394,189958,189958,0,109,294285,60291,109,26,1015,10,20,0,1048576,0.999800026,1739691,4.53470945,1.53339577,1.50304878,1.53339577,1.34553528,75,394,2052,4294967295,1568,6029,2199,1757,2086,5341
840,1,7569,7569,1,512,27,485,0,485,30,15106,484352,206054,278298,278298,0,67,205987,65828,67,14,1023,10,20,0,1048576,0.999899983,3478694,7.53559732,1.6463306,1.5958724,1.6463306,0.65222168,70,72,65,71,73,71,71,66,96,787
841,1,7569,7569,1,512,13,499,0,499,17,15119,484352,265024,219328,219328,0,61,264963,61281,61,22,1023,10,20,0,1048576,0.999800026,1739691,5.7998805,1.68514204,1.65076387,1.68514204,1.49476624,84,3967,86,239,240,878,1647,1721,1316,2119
842,0.400000006,7569,7569,1,503,3,500,0,500,7,15129,484352,126242,358110,358110,0,25,126217,88012,25,20,45,10,20,0,1048576,0.999899983,3478694,8.45237064,2.48016977,2.17555642,2.48016977,1.93153381,3884,4294967295,650,3627,4294967295,3960,4294967295,4294967295,4294967295,4294967295
843,1,7569,7569,1,512,24,488,0,488,27,15109,484352,233450,250902,250902,0,96,233354,64587,96,15,1023,10,20,0,1048576,0.999499977,695542.812,2.93505287,1.71670341,1.67595649,1.71670341,1.40809631,223,85,110,140,392,393,812,253,854,161
844,1,7569,7569,1,512,13,499,0,499,14,15122,484352,157509,326843,326843,0,37,157472,67127,37,14,1023,10,20,0,1048576,0.99970001,1159562.62,2.88359547,1.76326537,1.67937636,1.76326537,1.30036926,115,284,65,1584,1093,1028,1295,954,3686,3686
845,1,7569,7569,1,512,10,502,0,502,12,15124,484352,216074,268278,268278,0,70,216004,66962,70,18,1023,10,20,0,1048576,0.99970001,1159562.62,3.78288794,1.93604636,1.91878319,1.93604636,1.75610352,581,542,499,543,664,664,2282,6809,4428,1205
846,1,1352,7569,3,512,512,0,0,0,573,2115,86016,35460,50556,50556,0,1666,33794,13410,1666,39,1023,10,20,0,1048576,0.99970001,1159562.62,4.98449373,0.935821533,inf,0.935821533,0.350387573,74,74,80,93,103,75,79,90,73,75
847,1,7569,7569,1,512,19,493,0,493,20,15116,484352,251959,232393,232393,0,98,251861,57157,98,20,1023,10,20,0,1048576,0.999300003,496742.062,1.13965476,1.75707281,1.72986281,1.75707281,1.41793823,26,1652,229,216,478,386,3355,1234,2365,292
848,1,7569,7569,1,512,45,467,0,467,53,15083,484352,168366,315986,315986,0,88,168278,68591,88,22,1023,10,20,0,1048576,0.999899983,3478694,6.32534933,1.92187178,1.91164708,1.92187178,0.495849609,73,69,86,75,74,81,76,75,80,76
849,1,7569,7569,1,512,183,329,0,329,271,14865,484352,227406,256946,256946,0,458,226948,60045,459,31,1023,10,20,0,1048576,0.99970001,1159562.62,4.09433794,1.3597964,1.34826219,1.3597964,0.0546417236,76,77,76,77,77,77,76,76,77,76
850,1,7569,7569,1,512,51,461,3,461,59,15077,484352,185361,298991,298991,0,164,185197,84488,164,16,1023,10,20,0,1048576,0.999599993,869541.562,2.32792974,2.06614447,2.01737094,2.06614447,0.859664917,78,80,81,80,80,127,370,83,79,79
851,1,7569,7569,1,512,114,398,1,398,137,14999,484352,218461,265891,265891,0,363,218098,61474,363,20,1023,10,20,0,1048576,0.99940002,579606.938,2.54754353,1.71000636,1.68870413,1.71000636,1.12031555,74,137,74,85,138,104,276,238,140,90
852,1,7569,7569,1,512,34,478,0,478,109,15027,484352,255861,228491,228491,0,255,255606,58406,256,29,1023,10,20,0,1048576,0.999599993,869541.562,2.28034043,1.85816896,1.83226693,1.85816896,1.3767395,74,117,107,73,75,163,87,837,70,70
853,1,7569,7569,1,512,26,486,1,486,33,15103,484352,207666,276686,276686,0,95,207571,62275,95,18,1023,10,20,0,1048576,0.99940002,579606.938,2.48668218,1.47305191,1.43011856,1.47305191,1.15036011,73,73,74,74,357,79,809,810,1391,227
854,1,7569,7569,1,512,14,498,0,498,27,15109,484352,255791,228561,228561,0,105,255686,63665,105,25,1023,10,20,0,1048576,0.99970001,1159562.62,3.15323424,1.72016633,1.69274104,1.72016633,1.46257019,108,235,473,460,1346,109,1383,1766,2827,2828
855,1,7569,7569,1,512,10,502,0,502,15,15121,484352,122593,361759,361759,0,47,122546,74407,48,22,1023,10,20,0,1048576,0.999899983,3478694,7.36576939,2.18381143,1.71394384,2.18381143,1.10661316,66,78,261,472,625,429,252,253,1253,852
856,1,7569,7569,1,512,230,282,1,282,414,14722,484352,212763,271589,271589,0,706,212057,55477,706,39,1023,10,20,0,1048576,0.99970001,1159562.62,2.93106771,1.46847725,1.42616916,1.46847725,0.649353027,13,10,9,13,11,11,12,12,9,9
857,1,7569,7569,1,512,88,424,0,424,104,15032,484352,240783,243569,243569,0,433,240350,58452,433,28,1023,10,20,0,1048576,0.99940002,579606.938,2.09877729,1.74252629,1.69314837,1.74252629,1.27627563,79,77,187,155,397,89,309,1223,166,90
858,1,7569,7569,1,512,55,457,1,457,56,15080,484352,227844,256508,256508,0,181,227663,61540,181,21,1023,10,20,0,1048576,0.99940002,579606.938,1.70044744,1.46871686,1.45911098,1.46871686,1.11459351,541,95,1396,117,3350,210,563,414,860,841
859,1,7569,7569,1,512,110,402,0,402,121,15015,484352,219034,265318,265318,0,331,218703,63651,333,28,1023,10,20,0,1048576,0.999499977,695542.812,2.53550363,1.27736151,1.25958443,1.27736151,0.841201782,74,102,186,92,304,953,75,135,1871,242
860,1,7569,7569,1,512,414,98,0,98,518,14618,484352,203292,281060,281060,0,1096,202196,74325,1096,47,1023,10,20,0,1048576,0.999499977,695542.812,1.84303856,1.95162082,1.90278506,1.95162082,0.711364746,128,82,81,134,79,84,82,83,83,135
861,1,7569,7569,1,512,31,481,0,481,34,15102,484352,220623,263729,263729,0,144,220479,59502,144,17,1023,10,20,0,1048576,0.999300003,496742.062,1.47980261,1.53514659,1.51851964,1.53514659,1.09066772,185,101,316,317,221,566,376,533,442,3354
862,1,7569,7569,1,512,70,442,0,442,82,15054,484352,195016,289336,289336,0,227,194789,64953,228,28,1023,10,20,0,1048576,0.999899983,3478694,12.6054115,1.21542072,1.18706155,1.21542072,0.622207642,70,187,244,98,625,626,123,716,95,241
863,0.899999976,7569,7569,1,512,12,500,0,500,31,15105,484352,287906,196446,196446,0,97,287809,62111,97,30,511,10,20,0,1048576,0.999800026,1739691,4.29734993,1.71973538,1.69873703,1.71973538,1.48344421,77,78,368,428,370,277,594,603,604,4294967295
864,1,7569,7569,1,512,14,498,0,498,22,15114,484352,247714,236638,236638,0,113,247601,66900,113,20,1023,10,20,0,1048576,0.999800026,1739691,5.3740344,1.76347721,1.74275398,1.76347721,1.55145264,895,895,285,2556,1482,2766,82,1604,193,351
865,1,7569,7569,1,512,81,431,0,431,88,15048,484352,166919,317433,317433,0,131,166788,77715,131,21,1023,10,20,0,1048576,0.999800026,1739691,2.51395202,2.12438416,2.09067392,2.12438416,0.345916748,67,67,68,66,66,67,66,66,66,67
866,1,7569,7569,1,512,315,197,0,197,527,14609,484352,241174,243178,243178,0,1438,239736,61541,1438,34,1023,10,20,0,1048576,0.999499977,695542.812,1.52593684,2.02625251,2.00302792,2.02625251,1.17744446,14,159,155,157,244,5,17,23,13,18
867,1,7569,7569,1,512,31,481,0,481,34,15102,484352,265996,218356,218356,0,165,265831,59648,165,17,1023,10,20,0,1048576,0.999800026,1739691,3.84274673,1.73389268,1.69347775,1.73389268,1.46110535,69,68,533,816,84,227,268,4748,229,732
868,1,3601,7569,3,511,511,0,0,0,559,6542,227232,86900,140332,140332,0,2618,84282,23617,2618,36,1023,10,20,0,1048576,0.99970001,1159562.62,3.20199752,1.53709412,inf,1.53709412,0.674133301,4,5,6,4,4,5,11,5,5,5
869,1,7569,7569,1,512,21,491,0,491,22,15114,484352,242517,241835,241835,0,97,242420,61920,98,20,1023,10,20,0,1048576,0.999599993,869541.562,2.90190625,1.50688636,1.48531771,1.50688636,1.19274902,113,114,552,368,738,203,448,861,3777,5369
870,1,7569,7569,1,512,42,470,1,470,54,15082,484352,274208,210144,210144,0,274,273934,62567,274,32,1023,10,20,0,1048576,0.999599993,869541.562,2.19826937,1.65593338,1.61483932,1.65593338,1.29615784,107,338,433,1747,2514,1059,538,463,195,177
871,1,7569,7569,1,512,264,248,0,248,418,14718,484352,272480,211872,211872,0,1544,270936,53391,1544,38,1023,10,20,0,1048576,0.999599993,869541.562,3.47483993,1.84459639,1.81983268,1.84459639,1.24171448,5,33,0,142,1,155,18,3,7,20
872,1,7569,7569,1,512,15,497,0,497,17,15119,484352,170571,313781,313781,0,39,170532,81853,40,16,1023,10,20,0,1048576,0.999599993,869541.562,2.6159234,2.35112357,2.30649853,2.35112357,2.00524902,104,2093,1616,781,544,1234,1787,3789,2884,6549
873,1,7569,7569,1,512,87,425,0,425,174,14962,484352,199579,284773,284773,0,277,199302,70262,277,25,1023,10,20,0,1048576,0.999599993,869541.562,2.053267,1.79191923,1.76684809,1.79191923,0.657394409,71,75,74,74,77,154,228,79,77,79
874,1,7569,7569,1,512,40,472,0,472,45,15091,484352,218654,265698,265698,0,133,218521,75265,133,13,1023,10,20,0,1048576,0.999899983,3478694,6.47789669,2.2957058,2.17514777,2.2957058,1.40640259,94,68,125,115,179,97,95,94,178,96
875,1,2207,7569,3,512,512,0,0,0,564,3840,140928,56605,84323,84323,0,2612,53993,14092,2612,25,1023,10,20,0,1048576,0.999599993,869541.562,2.10107994,1.6867218,inf,1.6867218,0.903549194,2,3,3,1,4,2,2,2,2,33
876,1,7569,7569,1,512,182,330,1,330,230,14906,484352,240859,243493,243493,0,891,239968,59669,891,35,1023,10,20,0,1048576,0.99940002,579606.938,2.33770561,1.85937262,1.8357482,1.85937262,0.995559692,102,102,104,104,103,103,100,80,128,130
877,1,7569,7569,1,512,79,433,0,433,89,15047,484352,210705,273647,273647,0,293,210412,63564,293,20,1023,10,20,0,1048576,0.99940002,579606.938,2.33850002,1.31582403,1.26443589,1.31582403,0.766586304,64,274,71,92,74,144,96,145,944,75
878,1,7569,7569,1,512,35,477,0,477,242,14894,484352,285567,198785,198785,0,842,284725,58096,842,48,1023,10,20,0,1048576,0.999800026,1739691,6.49020433,1.50082088,1.4448632,1.50082088,1.17695618,209,73,516,246,1242,90,454,81,1113,1114
879,1,7569,7569,1,512,19,493,0,493,26,15110,484352,261464,222888,222888,0,136,261328,58514,136,22,1023,10,20,0,1048576,0.999499977,695542.812,2.35041332,1.3655256,1.34862638,1.3655256,1.12301636,127,802,5492,289,292,772,659,293,1199,285
880,1,7569,7569,1,512,25,487,0,487,28,15108,484352,256779,227573,227573,0,167,256612,60668,167,24,1023,10,20,0,1048576,0.999599993,869541.562,2.05215001,1.60196114,1.57237363,1.60196114,1.34371948,109,162,109,270,3212,83,663,1631,1281,2706
881,1,7569,7569,1,512,23,489,0,489,29,15107,484352,297013,187339,187339,0,122,296891,67887,122,21,1023,10,20,0,1048576,0.999899983,3478694,9.02472115,1.7011261,1.64244497,1.7011261,1.33747864,76,81,76,109,76,225,76,82,719,137
882,1,7569,7569,1,512,308,204,0,204,447,14689,484352,198555,285797,285797,0,1036,197519,63562,1036,36,1023,10,20,0,1048576,0.99970001,1159562.62,3.14717603,1.55705464,1.5291779,1.55705464,0.832290649,135,117,115,134,120,1,228,394,141,270
883,0.899999976,7569,7569,1,512,26,486,0,486,28,15108,484352,279225,205127,205127,0,132,279093,59082,132,20,511,10,20,0,1048576,0.999899983,3478694,14.9240103,1.81066537,1.79825234,1.81066537,1.57614136,654,261,81,286,2075,171,154,247,702,4294967295
884,1,7569,7569,1,512,479,33,0,33,601,14535,484352,178717,305635,305635,0,1335,177382,52072,1335,45,1023,10,20,0,1048576,0.999800026,1739691,4.74480152,1.25898683,1.23502219,1.25898683,0.537139893,64,61,61,65,65,64,58,64,63,59
885,1,7569,7569,1,502,17,485,0,485,20,15116,484352,181080,303272,303272,0,45,181035,73542,45,20,1023,10,20,0,1048576,0.999499977,695542.812,1.7421236,2.78567362,2.17042136,2.78567362,1.84210205,1908,453,453,2775,737,803,962,3122,6901,2708
886,1,7569,7569,1,512,17,495,0,495,17,15119,484352,219699,264653,264653,0,69,219630,61873,69,20,1023,10,20,0,1048576,0.999599993,869541.562,3.73602271,1.55751896,1.48497939,1.55751896,1.18728638,88,487,89,879,188,2567,308,170,673,803
887,1,2155,7569,3,512,512,0,0,0,544,3740,137088,70164,66924,66924,0,2103,68061,11310,2103,46,1023,10,20,0,1048576,0.999599993,869541.562,3.80453944,1.09921265,inf,1.09921265,0.461791992,5,6,5,6,5,6,6,6,7,6
888,1,7569,7569,1,512,48,464,0,464,55,15081,484352,201235,283117,283117,0,148,201087,71780,148,15,1023,10,20,0,1048576,0.999499977,695542.812,1.29616761,2.30043054,2.27535057,2.30043054,1.74076843,30,37,161,816,1009,185,385,1911,476,1010
889,1,7569,7569,1,512,26,486,0,486,31,15105,484352,248605,235747,235747,0,102,248503,60204,104,24,1023,10,20,0,1048576,0.99970001,1159562.62,2.83900332,1.7878679,1.76622438,1.7878679,1.45608521,90,158,436,177,538,1159,3274,90,333,1815
890,1,7569,7569,1,512,125,387,0,387,338,14798,484352,205023,279329,279329,0,804,204219,61378,804,17,1023,10,20,0,1048576,0.999300003,496742.062,1.75817502,1.68990743,1.630301,1.68990743,0.897918701,66,67,66,67,68,67,67,67,318,185
891,1,7569,7569,1,512,16,496,0,496,19,15117,484352,237954,246398,246398,0,99,237855,62487,100,22,1023,10,20,0,1048576,0.999199986,434596.5,1.72339773,1.40028465,1.38118804,1.40028465,1.12635803,150,123,476,129,280,2307,624,1201,2160,628
892,1,7569,7569,1,512,9,503,1,503,13,15123,484352,280499,203853,203853,0,98,280401,62983,98,24,1023,10,20,0,1048576,0.99970001,1159562.62,2.68744946,1.35801136,1.32875228,1.35801136,1.20677185,242,2608,75,2522,5498,1264,475,2319,31,2133
893,0.899999976,7569,7569,1,512,14,498,0,498,23,15113,484352,289995,194357,194357,0,109,289886,60008,109,28,959,10,20,0,1048576,0.999499977,695542.812,2.43113327,1.60510767,1.57361269,1.60510767,1.42166138,1,0,140,89,3962,433,4294967295,1031,192,571
894,1,7569,7569,1,512,26,486,0,486,38,15098,484352,196475,287877,287877,0,93,196382,85023,93,23,1023,10,20,0,1048576,0.99970001,1159562.62,3.94407535,1.53687286,1.52649677,1.53687286,1.1987915,80,162,115,1193,2708,232,286,636,737,1272
895,1,7569,7569,1,512,22,490,1,490,22,15114,484352,250401,233951,233951,0,120,250281,59930,120,16,1023,10,20,0,1048576,0.999100029,386288.438,0.998039663,1.61488557,1.59034717,1.61488557,1.36824036,151,121,2145,2127,156,602,1153,2310,1665,400
896,0.800000012,7569,7569,1,512,12,500,0,500,16,15120,484352,258727,225625,225625,0,98,258629,59678,98,21,831,10,20,0,1048576,0.99970001,1159562.62,3.39327741,1.57567298,1.55554688,1.57567298,1.36251831,81,881,1401,7092,1947,624,4294967295,4294967295,198,127
897,1,7569,7569,1,512,384,128,0,128,604,14532,484352,150362,333990,333990,0,1031,149331,89332,1031,41,1023,10,20,0,1048576,0.999499977,695542.812,2.18396902,2.23361802,2.05379033,2.23361802,0.497116089,88,89,90,90,89,88,89,89,87,88
898,1,7569,7569,1,512,44,468,0,468,53,15083,484352,183405,300947,300947,0,138,183267,89187,138,18,1023,10,20,0,1048576,0.999800026,1739691,3.53312182,2.40296698,2.19990444,2.40296698,1.74291992,125,407,441,427,618,304,848,240,657,1425
899,0.899999976,7569,7569,1,512,32,480,0,480,37,15099,484352,236631,247721,247721,0,103,236528,77499,103,20,895,10,20,0,1048576,0.99970001,1159562.62,2.1483705,1.87010336,1.83460832,1.87010336,1.55845642,658,2057,1347,7494,2170,2635,1179,4294967295,3258,346
900,1,7569,7569,1,512,257,255,0,255,450,14686,484352,288716,195636,195636,0,1718,286998,49947,1718,42,1023,10,20,0,1048576,0.99940002,579606.938,1.94463789,1.58509398,1.57210767,1.58509398,1.12585449,25,29,15,40,60,9,8,8,21,24
901,1,7569,7569,1,512,331,181,0,181,504,14632,484352,262300,222052,222052,0,1538,260762,51266,1539,35,1023,10,20,0,1048576,0.99940002,579606.938,1.72308433,1.69522882,1.64726424,1.69522882,0.930343628,11,11,12,9,16,10,11,24,11,11
902,1,7569,7569,1,512,61,451,0,451,219,14917,484352,286089,198263,198263,0,583,285506,64097,583,24,1023,10,20,0,1048576,0.999499977,695542.812,1.51467764,1.42824554,1.40587592,1.42824554,0.95098877,83,84,86,84,92,84,84,88,87,86
903,1,7569,7569,1,512,7,505,0,505,199,14937,484352,231374,252978,252978,0,709,230665,61911,709,46,1023,10,20,0,1048576,0.99940002,579606.938,2.07296324,1.65203857,1.59596038,1.65203857,1.38711548,1060,30,4305,3745,3239,2203,31,22,1368,3360
904,1,7569,7569,1,512,36,476,0,476,42,15094,484352,206156,278196,278196,0,149,206007,62489,149,19,1023,10,20,0,1048576,0.999599993,869541.562,1.70971537,2.10615253,2.06755972,2.10615253,1.64239502,65,130,129,409,416,257,2028,1920,166,816
905,1,7569,7569,1,512,229,283,4,283,420,14716,484352,255588,228764,228764,0,1664,253924,51768,1664,40,1023,10,20,0,1048576,0.999300003,496742.062,1.17203164,1.60284543,1.55795121,1.60284543,0.875793457,12,12,11,11,12,10,13,13,10,9
906,1,1777,7569,3,512,512,0,0,0,545,3004,113568,75380,38188,38188,0,2456,72924,11089,2456,36,1023,10,20,0,1048576,0.99940002,579606.938,1.81502187,1.43478394,inf,1.43478394,0.959274292,2,1,19,9,3,10,20,18,18,5
907,1,7569,7569,1,512,86,426,1,426,98,15038,484352,170299,314053,314053,0,270,170029,63817,271,24,1023,10,20,0,1048576,0.999100029,386288.438,1.49252677,1.28481197,1.20622671,1.28481197,0.665893555,45,216,273,56,217,217,145,221,754,781
908,1,7569,7569,1,512,68,444,0,444,70,15066,484352,225459,258893,258893,0,247,225212,59041,247,12,1023,10,20,0,1048576,0.99940002,579606.938,0.973932326,1.83782661,1.6890775,1.83782661,0.646087646,2,3,2,1,2,3,3,2,3,2
909,1,7569,7569,1,512,135,377,0,377,358,14778,484352,294577,189775,189775,0,1370,293207,51213,1370,60,1023,10,20,0,1048576,0.999499977,695542.812,1.87461174,1.55987298,1.5432806,1.55987298,1.14530945,154,189,212,148,974,290,37,32,284,23
910,1,7569,7569,1,512,282,230,0,230,461,14675,484352,254055,230297,230297,0,1411,252644,50164,1411,43,1023,10,20,0,1048576,0.999499977,695542.812,1.72454989,1.71877897,1.70036316,1.71877897,0.962387085,12,11,12,12,13,15,12,22,24,14
911,1,7569,7569,1,512,40,472,0,472,49,15087,484352,103013,381339,381339,0,122,102891,69855,122,26,1023,10,20,0,1048576,0.999199986,434596.5,1.21929455,2.52950835,2.44768047,2.52950835,1.46260071,54,147,198,109,141,351,201,201,165,886
912,1,7569,7569,1,512,41,471,0,471,45,15091,484352,176684,307668,307668,0,160,176524,74111,161,15,1023,10,20,0,1048576,0.999100029,386288.438,0.987684071,2.01083469,1.91783643,2.01083469,1.40455627,23,30,88,155,29,154,155,206,185,93
913,1,7569,7569,1,512,52,460,0,460,296,14840,484352,231386,252966,252966,0,892,230494,60416,892,58,1023,10,20,0,1048576,0.99940002,579606.938,1.12841916,1.84783661,1.81712139,1.84783661,1.24249268,25,23,23,23,21,25,26,25,38,22
914,1,7569,7569,1,512,98,414,0,414,272,14864,484352,209711,274641,274641,0,700,209011,63137,700,24,1023,10,20,0,1048576,0.999100029,386288.438,1.09742677,1.61315072,1.59864259,1.61315072,1.04203796,54,254,54,205,55,156,54,54,55,233
915,1,7569,7569,1,512,22,490,0,490,37,15099,484352,256192,228160,228160,0,70,256122,62927,70,15,1023,10,20,0,1048576,0.99940002,579606.938,1.78315151,1.80293739,1.77817512,1.80293739,1.2456665,74,73,73,74,73,73,73,171,77,4126
916,1,7569,7569,1,512,29,483,1,483,32,15104,484352,211640,272712,272712,0,125,211515,69777,125,20,1023,10,20,0,1048576,0.999800026,1739691,4.9493804,1.56763303,1.5514524,1.56763303,1.21424866,305,181,1669,319,565,548,1423,779,788,249
917,1,7569,7569,1,512,509,3,0,3,664,14295,478688,252592,226096,226096,0,2836,249756,42396,2836,50,1023,10,20,0,1048576,0.99940002,579606.938,1.50987065,1.65631866,1.65375209,1.65631866,0.858840942,4,5,35,6,16,6,5,7,6,33
918,1,7569,7569,1,512,265,247,0,247,472,14664,484352,291984,192368,192368,0,1563,290421,54384,1564,45,1023,10,20,0,1048576,0.999499977,695542.812,2.59918594,1.87123263,1.8224299,1.87123263,1.26747131,33,32,32,31,43,34,264,33,43,36
919,1,263,7569,3,512,512,0,0,0,514,5,16608,2444,14164,14164,0,1261,1183,393,1261,42,1023,10,20,0,1048576,0.999300003,496742.062,1.90393448,0.686569214,inf,0.686569214,0.105117798,3,3,3,3,3,3,3,3,3,3
920,1,7569,7569,1,512,10,502,0,502,11,15125,484352,211804,272548,272548,0,64,211740,64506,64,13,1023,10,20,0,1048576,0.99940002,579606.938,2.66852188,1.60761166,1.59090543,1.60761166,1.33834839,199,309,124,124,372,298,871,747,747,3272
921,1,7569,7569,1,512,320,192,1,192,476,14660,484352,252589,231763,231763,0,1993,250596,50229,1993,45,1023,10,20,0,1048576,0.99940002,579606.938,1.78181112,1.65225768,1.63132715,1.65225768,0.965942383,16,10,5,16,11,18,11,38,17,10
922,1,7569,7569,1,512,244,268,0,268,391,14745,484352,227860,256492,256492,0,870,226990,60597,870,26,1023,10,20,0,1048576,0.999199986,434596.5,1.24996591,1.83096242,1.80309474,1.83096242,0.703689575,15,14,24,24,14,14,14,14,20,21
923,1,7569,7569,1,512,35,477,0,477,46,15090,484352,218891,265461,265461,0,176,218715,61165,176,19,1023,10,20,0,1048576,0.999599993,869541.562,2.63655281,1.17489624,1.14903069,1.17489624,0.807235718,63,71,130,194,63,709,347,311,106,1070
924,1,7569,7569,1,512,37,475,0,475,43,15093,484352,175363,308989,308989,0,116,175247,70923,116,14,1023,10,20,0,1048576,0.99940002,579606.938,2.55469203,1.71875489,1.70577002,1.71875489,0.94317627,81,77,190,104,111,135,157,350,630,328
925,1,7569,7569,1,512,48,464,0,464,55,15081,484352,210036,274316,274316,0,204,209832,68163,204,21,1023,10,20,0,1048576,0.999199986,434596.5,1.57450807,1.48861194,1.4672606,1.48861194,1.09179688,97,187,255,528,1565,261,261,1188,249,1414
926,1,7569,7569,1,512,133,379,0,379,147,14989,484352,169500,314852,314852,0,425,169075,70525,425,14,1023,10,20,0,1048576,0.99940002,579606.938,1.02114213,1.84597516,1.82746744,1.84597516,0.731719971,38,35,35,35,35,34,34,33,36,40
927,1,7569,7569,1,512,330,182,0,182,498,14638,484352,244786,239566,239566,0,1958,242828,49763,1958,20,1023,10,20,0,1048576,0.99940002,579606.938,1.68942678,1.67648315,1.63444746,1.67648315,0.789581299,1,0,2,2,2,2,2,3,3,4
928,1,7569,7569,1,512,71,441,0,441,102,15034,484352,231524,252828,252828,0,404,231120,61409,404,32,1023,10,20,0,1048576,0.99940002,579606.938,1.98842239,1.4499104,1.42348588,1.4499104,1.02998352,64,65,115,268,771,84,255,89,207,270
929,1,7569,7569,1,512,42,470,1,470,269,14867,484352,254819,229533,229533,0,944,253875,55476,945,50,1023,10,20,0,1048576,0.999499977,695542.812,1.88575172,1.40972722,1.39735186,1.40972722,1.09996033,260,867,454,251,2589,833,38,2836,46,20
930,1,7569,7569,1,512,125,387,0,387,260,14876,484352,244608,239744,239744,0,708,243900,58144,708,32,1023,10,20,0,1048576,0.99940002,579606.938,1.40428138,1.79930353,1.78527856,1.79930353,0.920654297,11,11,11,12,13,10,10,11,11,11
931,1,7569,7569,1,512,58,454,0,454,61,15075,484352,207690,276662,276662,0,213,207477,59773,213,17,1023,10,20,0,1048576,0.999000013,347617.812,1.07524633,1.51895201,1.46367037,1.51895201,0.899627686,53,46,99,94,94,136,93,497,666,100
932,0.899999976,7569,7569,1,512,12,500,0,500,26,15110,484352,88902,395450,395450,0,41,88861,77265,41,23,1007,10,20,0,1048576,0.99940002,579606.938,1.17925286,2.10257578,2.07644272,2.10257578,1.85218811,4950,59,147,4901,4294967295,4731,4947,188,149,82
933,0.899999976,7569,7569,1,512,9,503,0,503,10,15126,484352,225981,258371,258371,0,50,225931,61582,50,17,895,10,20,0,1048576,0.999300003,496742.062,1.15726852,1.73450625,1.66436493,1.73450625,1.57925415,57,108,108,449,1885,787,3853,4294967295,3233,4100
934,1,7569,7569,1,512,491,21,0,21,652,14484,484352,241412,242940,242940,0,2480,238932,51095,2480,56,1023,10,20,0,1048576,0.99940002,579606.938,1.31085467,1.71189523,1.70208848,1.71189523,0.808258057,9,10,9,9,10,12,11,14,20,8
935,1,2334,7569,3,512,512,0,0,0,624,4041,149280,76780,72500,72500,0,2131,74649,17179,2132,48,1023,10,20,0,1048576,0.99940002,579606.938,1.22581732,1.7663269,inf,1.7663269,0.707077026,6,6,7,5,9,7,5,5,15,24
936,1,7569,7569,1,512,44,468,1,468,54,15082,484352,284351,200001,200001,0,271,284080,65388,271,34,1023,10,20,0,1048576,0.999499977,695542.812,2.00972104,1.31970716,1.29819727,1.31970716,1.10281372,178,1578,177,1514,1418,3028,905,5202,507,6296
937,1,265,7569,3,512,512,0,0,0,524,3,16864,2222,14642,14642,0,1640,582,294,1641,73,1023,10,20,0,1048576,0.999100029,386288.438,1.23009729,0.580627441,inf,0.580627441,0.287658691,8,7,8,8,8,8,7,8,9,8
938,1,7569,7569,1,512,36,476,0,476,41,15095,484352,186601,297751,297751,0,121,186480,65179,121,19,1023,10,20,0,1048576,0.999100029,386288.438,1.36177528,1.2493186,1.218274,1.2493186,0.848922729,123,457,380,195,196,610,381,486,305,243
939,1,7569,7569,1,512,112,400,0,400,178,14958,484352,236599,247753,247753,0,398,236201,59017,399,33,1023,10,20,0,1048576,0.999199986,434596.5,1.85624456,1.72360945,1.71056569,1.72360945,1.05177307,87,88,138,85,88,88,83,128,90,148
940,1,7569,7569,1,512,134,378,0,378,142,14994,484352,198974,285378,285378,0,404,198570,65345,405,24,1023,10,20,0,1048576,0.998899996,315979.344,0.862012863,1.86336887,1.82488096,1.86336887,0.947357178,22,16,16,16,18,24,23,17,80,87
941,1,7569,7569,1,512,19,493,0,493,24,15112,484352,243897,240455,240455,0,126,243771,62010,126,25,1023,10,20,0,1048576,0.999800026,1739691,6.46427774,1.39184105,1.35107791,1.39184105,1.08830261,251,934,1481,548,164,495,671,107,784,859
942,1,7569,7569,1,512,100,412,0,412,156,14980,484352,232616,251736,251736,0,463,232153,62049,463,39,1023,10,20,0,1048576,0.999499977,695542.812,3.09810138,1.46897209,1.45826912,1.46897209,0.931304932,92,134,148,140,536,88,158,147,386,305
943,1,7569,7569,1,512,154,358,0,358,388,14748,484352,245924,238428,238428,0,1668,244256,54069,1668,59,1023,10,20,0,1048576,0.999300003,496742.062,1.53689814,1.67814124,1.64928889,1.67814124,0.873855591,14,13,15,165,13,230,21,21,16,17
944,1,7569,7569,1,511,108,403,0,403,178,14958,484352,195596,288756,288756,0,500,195096,71964,500,38,1023,10,20,0,1048576,0.999499977,695542.812,1.79323637,2.34609509,2.30364108,2.34609509,1.54856873,143,143,79,73,74,317,159,144,632,219
945,1,7569,7569,1,512,42,470,0,470,48,15088,484352,231067,253285,253285,0,160,230907,58432,160,17,1023,10,20,0,1048576,0.999199986,434596.5,1.21706128,1.73186553,1.7204318,1.73186553,1.2718811,140,139,108,88,100,513,512,64,65,1850
946,1,7569,7569,1,512,79,433,1,433,93,15043,484352,236410,247942,247942,0,239,236171,56037,239,26,1023,10,20,0,1048576,0.99879998,289614.781,0.710241199,1.8278017,1.78499246,1.8278017,1.29789734,9,230,11,13,10,291,408,408,1198,451
947,1,7569,7569,1,512,480,32,0,32,686,14450,484352,226619,257733,257733,0,2269,224350,58065,2270,24,1023,10,20,0,1048576,0.999000013,347617.812,0.767424881,1.69216156,1.64499581,1.69216156,0.776184082,47,46,5,20,5,5,7,4,5,6
948,0.800000012,7569,7569,1,512,24,488,0,488,24,15112,484352,274947,209405,209405,0,101,274846,59277,101,23,1017,10,20,0,1048576,0.99940002,579606.938,1.44692421,1.95775092,1.94028211,1.95775092,1.75201416,1385,4294967295,4294967295,2960,157,2908,623,280,2901,4159
949,1,7569,7569,1,512,63,449,0,449,73,15063,484352,243312,241040,241040,0,378,242934,57694,379,21,1023,10,20,0,1048576,0.999100029,386288.438,1.16114831,1.7000879,1.67220402,1.7000879,1.29238892,48,117,452,278,554,306,371,160,180,137
950,1,7569,7569,1,512,228,284,0,284,339,14797,484352,272860,211492,211492,0,1136,271724,57908,1137,29,1023,10,20,0,1048576,0.998600006,248196.703,0.911972523,1.71499193,1.69362211,1.71499193,1.19117737,63,69,231,426,166,64,64,64,64,497
951,0.899999976,7569,7569,1,512,18,494,0,494,18,15118,484352,260722,223630,223630,0,121,260601,53095,122,23,895,10,20,0,1048576,0.998300016,204336.797,0.473526746,1.66059935,1.62007666,1.66059935,1.40655518,225,56,1625,307,1764,1101,940,4294967295,1208,1262
952,1,7569,7569,1,512,103,409,1,409,113,15023,484352,200659,283693,283693,0,350,200309,73184,352,14,1023,10,20,0,1048576,0.998300016,204336.797,0.361064792,2.24264526,2.21144128,2.24264526,1.30023193,15,8,8,21,22,81,200,200,550,505
953,1,7569,7569,1,512,69,443,0,443,76,15060,484352,200930,283422,283422,0,356,200574,54954,356,21,1023,10,20,0,1048576,0.997799993,157815.359,0.819795549,1.36079299,1.33079648,1.36079299,0.790405273,11,52,83,325,235,557,1190,122,98,352
954,1,5363,7569,3,512,512,0,0,0,648,10034,341824,148963,192861,192861,0,2144,146819,35576,2144,36,1023,10,20,0,1048576,0.998399973,217123.922,0.623012424,1.35603333,inf,1.35603333,0.634963989,7,7,8,10,84,7,9,7,13,84
955,1,7569,7569,1,512,295,217,0,217,348,14788,484352,260997,223355,223355,0,1233,259764,54178,1234,43,1023,10,20,0,1048576,0.998000026,173634.578,0.490164369,1.55438125,1.54552209,1.55438125,1.0934906,16,15,89,111,441,64,49,144,11,238
956,1,7569,7569,1,512,40,472,0,472,49,15087,484352,229696,254656,254656,0,221,229475,63307,223,27,1023,10,20,0,1048576,0.999100029,386288.438,1.57960629,1.85632014,1.82243419,1.85632014,1.45339966,142,282,158,1620,150,269,370,442,1469,258
957,1,7569,7569,1,512,60,452,1,452,75,15061,484352,187237,297115,297115,0,180,187057,83836,180,12,1023,10,20,0,1048576,0.99849999,231624.391,0.765556693,2.28573179,2.24126863,2.28573179,1.77732849,239,35,178,292,280,308,308,308,109,435
958,1,7569,7569,1,512,174,338,1,338,184,14952,484352,166480,317872,317872,0,495,165985,71128,497,21,1023,10,20,0,1048576,0.997900009,165348.266,0.520516336,1.78066361,1.7619586,1.78066361,0.85975647,2,30,2,13,241,402,25,50,17,60
959,1,7569,7569,1,512,198,314,1,314,221,14915,484352,192363,291989,291989,0,747,191616,56272,747,24,1023,10,20,0,1048576,0.998099983,182787.578,0.673480988,1.33559275,1.30496931,1.33559275,0.615661621,11,119,16,21,65,25,26,49,50,96
960,1,7569,7569,1,512,120,392,2,392,125,15011,484352,258718,225634,225634,0,723,257995,52157,724,24,1023,10,20,0,1048576,0.998099983,182787.578,0.610890567,1.53581572,1.49450684,1.53581572,1.07461548,59,134,78,350,38,304,305,34,1143,76
961,1,7569,7569,1,512,64,448,0,448,64,15072,484352,256643,227709,227709,0,333,256310,46614,335,25,1023,10,20,0,1048576,0.997799993,157815.359,0.263573766,1.60334623,1.58731699,1.60334623,1.24516296,15,309,182,1722,41,410,426,188,1345,840
962,1,3866,7569,3,511,511,0,0,0,575,7144,247008,116660,130348,130348,0,2613,114047,24295,2613,44,1023,10,20,0,1048576,0.997699976,150937.594,0.328333557,1.49327087,inf,1.49327087,0.645812988,9,8,10,9,10,9,9,10,10,9
963,1,7569,7569,1,512,202,310,0,310,399,14737,484352,233045,251307,251307,0,1328,231717,56177,1329,39,1023,10,20,0,1048576,0.99879998,289614.781,0.742958963,1.44585073,1.42146826,1.44585073,0.829986572,4,168,167,3,125,139,277,124,6,183
964,1,7569,7569,1,512,61,451,0,451,348,14788,484352,185701,298651,298651,0,1061,184640,84280,1061,72,1023,10,20,0,1048576,0.999300003,496742.062,0.969304323,2.45950794,2.43015695,2.45950794,1.89216614,202,226,276,308,1641,413,485,2431,475,206
965,1,7569,7569,1,510,105,405,0,405,110,15026,484352,206251,278101,278101,0,302,205949,64448,302,20,1023,10,20,0,1048576,0.999000013,347617.812,0.684477746,2.25647187,1.78365803,2.25647187,0.256317139,10,10,10,10,10,10,10,10,9,10
966,1,7569,7569,1,512,103,409,0,409,110,15026,484352,199879,284473,284473,0,463,199416,63751,464,22,1023,10,20,0,1048576,0.99879998,289614.781,1.26175535,1.25035608,1.23539555,1.25035608,0.634780884,121,42,42,297,297,298,131,517,27,188
967,1,7569,7569,1,512,76,436,0,436,84,15052,484352,178870,305482,305482,0,260,178610,56484,261,22,1023,10,20,0,1048576,0.998300016,204336.797,0.809267461,1.25672519,1.22518432,1.25672519,0.768264771,28,23,249,248,39,15,411,80,9,2130
968,1,7569,7569,1,512,42,470,0,470,42,15094,484352,219995,264357,264357,0,167,219828,57664,168,16,1023,10,20,0,1048576,0.998600006,248196.703,0.430445254,2.48106813,2.1862092,2.48106813,1.61962891,1,0,108,17,17,81,730,445,319,592
969,1,7569,7569,1,512,117,395,1,395,132,15004,484352,273030,211322,211322,0,591,272439,53640,591,27,1023,10,20,0,1048576,0.997200012,123924.031,0.555179834,1.78068328,1.72493637,1.78068328,1.34829712,20,368,28,380,22,231,180,478,18,163
970,1,7569,7569,1,512,131,381,0,381,132,15004,484352,190241,294111,294111,0,498,189743,55609,500,21,1023,10,20,0,1048576,0.99849999,231624.391,0.447927058,1.70698345,1.69897771,1.70698345,0.866195679,20,12,21,6,10,679,7,42,59,25
971,1,7569,7569,1,512,19,493,0,493,19,15117,484352,214912,269440,269440,0,122,214790,56026,122,20,1023,10,20,0,1048576,0.998199999,192963.484,0.807342947,1.45389938,1.42977071,1.45389938,1.1320343,600,61,61,887,4101,413,1530,215,730,5581
972,1,7569,7569,1,512,142,370,0,370,145,14991,484352,220697,263655,263655,0,557,220140,50229,558,27,1023,10,20,0,1048576,0.998000026,173634.578,0.568789959,1.51892781,1.49157548,1.51892781,0.623245239,5,6,40,20,18,21,41,7,16,15
973,1,7569,7569,1,512,137,375,0,375,168,14968,484352,257486,226866,226866,0,576,256910,55646,576,32,1023,10,20,0,1048576,0.999199986,434596.5,1.21229672,1.90715826,1.89135051,1.90715826,1.2936554,37,37,42,56,110,213,48,132,97,372
974,1,7569,7569,1,512,165,347,0,347,178,14958,484352,251626,232726,232726,0,1220,250406,60312,1220,13,1023,10,20,0,1048576,0.998399973,217123.922,0.504814506,2.04390097,2.02043152,2.04390097,1.41377258,4,9,30,9,10,9,18,120,27,218
975,1,7569,7569,1,512,54,458,1,458,59,15077,484352,271922,212430,212430,0,380,271542,56774,381,23,1023,10,20,0,1048576,0.997799993,157815.359,0.741615474,1.71862888,1.69933462,1.71862888,1.37591553,65,100,95,198,198,3265,302,49,285,604
976,1,7569,7569,1,512,97,415,1,415,104,15032,484352,227905,256447,256447,0,447,227458,58228,447,17,1023,10,20,0,1048576,0.998399973,217123.922,0.896061599,1.51393008,1.48172092,1.51393008,0.960006714,45,57,100,108,146,99,40,46,40,451
977,1,7569,7569,1,512,174,338,1,338,174,14962,484352,231770,252582,252582,0,984,230786,47916,989,23,1023,10,20,0,1048576,0.996100008,88872.5703,0.284634799,1.71927035,1.6885035,1.71927035,0.996948242,3,75,32,24,85,55,16,59,256,27
978,1,7569,7569,1,512,40,472,0,472,45,15091,484352,204389,279963,279963,0,200,204189,60985,200,17,1023,10,20,0,1048576,0.999100029,386288.438,1.15826988,1.65481091,1.62241626,1.65481091,1.2431488,47,73,44,415,637,832,444,460,670,155
979,1,3189,7569,3,512,512,0,0,0,584,5776,203520,71859,131661,131661,0,1555,70304,32112,1556,22,1023,10,20,0,1048576,0.999000013,347617.812,1.0118897,1.86262512,inf,1.86262512,0.775619507,15,8,15,37,6,45,6,18,14,8
980,1,7569,7569,1,512,128,384,0,384,385,14751,484352,259165,225187,225187,0,1045,258120,62726,1045,55,1023,10,20,0,1048576,0.998899996,315979.344,0.87944144,1.70383286,1.68729043,1.70383286,1.2809906,116,116,1406,183,188,16,3221,127,1472,212
981,1,4893,7569,3,512,512,0,0,0,784,8977,312352,130002,182350,182350,0,2401,127601,38448,2402,57,1023,10,20,0,1048576,0.99879998,289614.781,1.21167397,1.42529297,inf,1.42529297,0.614776611,45,45,46,47,44,137,48,50,51,52
982,1,7569,7569,1,512,118,394,1,394,117,15019,484352,252916,231436,231436,0,885,252031,44254,888,26,1023,10,20,0,1048576,0.995100021,70664.3203,0.188268051,1.47537971,1.4413656,1.47537971,1.02076721,25,73,73,173,173,42,130,108,1364,1146
983,1,261,7569,3,512,512,0,0,0,519,1,16640,2093,14547,14547,0,1334,759,154,1337,65,1023,10,20,0,1048576,0.998000026,173634.578,0.661855757,0.190246582,inf,0.190246582,0.0942687988,5,5,5,4,5,5,6,6,6,5
984,1,7569,7569,1,512,79,433,0,433,99,15037,484352,215188,269164,269164,0,383,214805,62330,383,23,1023,10,20,0,1048576,0.998899996,315979.344,0.844909012,1.5918951,1.56916809,1.5918951,1.02783203,29,88,15,16,124,16,17,558,95,17
985,1,7569,7569,1,512,39,473,0,473,39,15097,484352,214479,269873,269873,0,216,214263,54020,217,19,1023,10,20,0,1048576,0.998700023,267319.062,0.57352984,2.03806782,2.00704288,2.03806782,1.52624512,128,255,432,782,592,735,705,514,249,332
986,1,7569,7569,1,512,98,414,0,414,99,15037,484352,157815,326537,326537,0,409,157406,55976,411,16,1023,10,20,0,1048576,0.997799993,157815.359,0.268764138,2.0394156,2.01463604,2.0394156,0.928466797,7,8,8,8,17,16,17,9,110,234
987,1,325,7569,3,512,512,0,0,0,518,122,20480,8358,12122,12122,0,3198,5160,1554,3200,53,1023,10,20,0,1048576,0.998600006,248196.703,0.433803946,0.56703186,inf,0.56703186,0.330505371,4,53,53,5,10,29,3,9,8,5
988,1,7569,7569,1,512,36,476,0,476,36,15100,484352,176025,308327,308327,0,149,175876,55812,149,19,1023,10,20,0,1048576,0.998600006,248196.703,0.598274052,1.90893686,1.89190805,1.90893686,1.38908386,147,82,22,161,335,611,328,658,118,2303
989,1,7569,7569,1,512,136,376,0,376,136,15000,484352,225900,258452,258452,0,731,225169,45648,733,22,1023,10,20,0,1048576,0.996500015,99069.5,0.222946674,1.88365054,1.82698596,1.88365054,1.19648743,30,52,54,55,56,28,15,54,64,83
990,1,7569,7569,1,512,210,302,0,302,228,14908,484352,241964,242388,242388,0,1111,240853,53761,1111,25,1023,10,20,0,1048576,0.997300029,128527.539,0.512583733,1.55998611,1.47099566,1.55998611,0.936828613,13,64,50,65,147,158,92,82,1144,112
991,1,7569,7569,1,512,280,232,1,232,441,14695,484352,257684,226668,226668,0,1451,256233,48804,1451,44,1023,10,20,0,1048576,0.999300003,496742.062,1.2448262,1.4841429,1.41281366,1.4841429,0.452880859,14,14,15,14,15,14,15,14,14,14
992,1,7569,7569,1,512,122,390,0,390,124,15012,484352,157284,327068,327068,0,441,156843,58648,443,13,1023,10,20,0,1048576,0.997799993,157815.359,0.260464966,1.75753498,1.64185834,1.75753498,0.688903809,4,4,3,3,4,4,4,4,2,12
993,1,7569,7569,1,512,93,419,0,419,114,15022,484352,171817,312535,312535,0,522,171295,76059,522,15,1023,10,20,0,1048576,0.998600006,248196.703,0.459525645,2.51949811,2.49496102,2.51949811,1.80877686,739,147,223,150,229,18,739,251,251,109
994,1,7569,7569,1,512,24,488,0,488,24,15112,484352,179903,304449,304449,0,147,179756,57829,147,13,1023,10,20,0,1048576,0.997600019,144636.656,0.40209794,1.72702408,1.56271791,1.72702408,1.18151855,59,23,114,240,34,373,471,175,149,242
995,1,7569,7569,1,512,218,294,0,294,322,14814,484352,244882,239470,239470,0,979,243903,56303,980,37,1023,10,20,0,1048576,0.998899996,315979.344,0.81668222,1.34989583,1.32684278,1.34989583,0.863876343,200,633,205,53,17,33,284,283,38,66
996,1,7569,7569,1,512,111,401,1,401,117,15019,484352,217646,266706,266706,0,603,217043,57304,604,26,1023,10,20,0,1048576,0.998000026,173634.578,0.81443727,1.36340809,1.3308847,1.36340809,0.909072876,63,23,23,130,2073,2073,1112,174,498,496
997,1,7569,7569,1,512,48,464,1,464,47,15089,484352,203261,281091,281091,0,179,203082,57765,183,17,1023,10,20,0,1048576,0.998099983,182787.578,0.709660649,1.17602217,1.13384628,1.17602217,0.702529907,8,35,63,35,93,62,78,318,318,269
998,1,7569,7569,1,512,39,473,0,473,153,14983,484352,277015,207337,207337,0,356,276659,61941,357,36,1023,10,20,0,1048576,0.998899996,315979.344,1.02953327,1.60419273,1.5910852,1.60419273,1.29481506,540,455,83,792,793,431,292,1493,1273,306
999,1,7569,7569,1,512,39,473,0,473,50,15086,484352,196462,287890,287890,0,238,196224,68275,238,22,1023,10,20,0,1048576,0.998700023,267319.062,0.8004691,2.10083795,2.09301233,2.10083795,1.73098755,154,333,76,49,76,51,982,348,3473,87
