query_id,recall,iterations,resolved_max_iterations,stop_reason,terminal_valid,terminal_pass,terminal_reject,terminal_unexpanded_pass,terminal_unexpanded_reject,expanded_pass_parents,expanded_reject_parents,candidate_attempts,candidate_evaluations,candidate_duplicate_or_full,candidate_duplicates,candidate_hash_full,passing_candidates,rejected_candidates,penalized_candidates,accumulator_observations,accumulator_insertions,graph_rows_read,predicate_probes,distance_evaluations,passing_admissions,seed_inspected_units,gt_seen_mask,output_count,hash_bitlen,small_hash_bitlen,small_hash_reset_interval,resolved_filtering_rate,reference_penalty,query_penalty,terminal_cutoff,best_unexpanded_distance,worst_retained_distance,kth_passing_raw_distance,navix_seed_found,navix_seed_iteration,navix_seed_count,navix_post_seed_iterations,navix_terminal_phase,navix_one_hop_parents,navix_directed_parents,navix_blind_parents,navix_first_hop_checks,navix_first_hop_passing,navix_bridge_rows,navix_bridge_rows_loaded,navix_bridge_rows_after_cap,navix_second_hop_checks,navix_second_hop_passing,navix_admitted_candidates,navix_cap_blocked_unique,navix_gt_first_hop_mask,navix_gt_second_hop_mask,navix_gt_admitted_mask,navix_gt_retained_mask,navix_gt_cap_blocked_mask,navix_gt_hash_full_mask,navix_gt_output_mask,navix_local_p_0,navix_local_p_1,navix_local_p_2,navix_local_p_3,navix_local_p_4,navix_local_p_5,navix_local_p_6,navix_local_p_7,navix_local_p_8,navix_local_p_9,navix_local_p_10,navix_local_p_11,navix_local_p_12,navix_local_p_13,navix_local_p_14,navix_local_p_15,navix_local_p_16,navix_local_p_17,navix_local_p_18,navix_local_p_19,navix_local_p_20,navix_local_p_21,navix_local_p_22,navix_local_p_23,navix_local_p_24,navix_local_p_25,navix_local_p_26,navix_local_p_27,navix_local_p_28,navix_local_p_29,navix_local_p_30,navix_local_p_31,navix_local_p_32,navix_local_p_33,navix_local_p_34,navix_local_p_35,navix_local_p_36,navix_local_p_37,navix_local_p_38,navix_local_p_39,navix_local_p_40,navix_local_p_41,navix_local_p_42,navix_local_p_43,navix_local_p_44,navix_local_p_45,navix_local_p_46,navix_local_p_47,navix_local_p_48,navix_local_p_49,navix_local_p_50,navix_local_p_51,navix_local_p_52,navix_local_p_53,navix_local_p_54,navix_local_p_55,navix_local_p_56,navix_local_p_57,navix_local_p_58,navix_local_p_59,navix_local_p_60,navix_local_p_61,navix_local_p_62,navix_local_p_63,navix_local_p_64,gt_first_iteration_0,gt_first_iteration_1,gt_first_iteration_2,gt_first_iteration_3,gt_first_iteration_4,gt_first_iteration_5,gt_first_iteration_6,gt_first_iteration_7,gt_first_iteration_8,gt_first_iteration_9
0,1,67,69,3,64,64,0,0,0,66,0,22944,22944,2160,2160,0,8123,14821,0,0,0,717,22944,2445,1355,32,1023,10,14,0,1048576,0,0,0,inf,inf,1.10221946,0.99973464,1,0,10,67,2,27,39,0,2112,769,651,651,292,20832,7354,1355,3122,1023,1023,1023,1023,672,0,1023,0,0,0,0,0,0,1,4,2,9,7,7,9,10,9,4,2,1,1,0,0,0,0,0,0,0,0,0,0,0,0,0,0,0,0,0,0,0,0,0,0,0,0,0,0,0,0,0,0,0,0,0,0,0,0,0,0,0,0,0,0,0,0,0,0,3,3,3,3,13,20,3,11,5,4
1,1,67,69,3,64,64,0,0,0,66,0,26720,26720,2567,2567,0,9063,17657,0,0,0,835,26720,2959,1594,32,1023,10,14,0,1048576,0,0,0,inf,inf,1.09644198,0.981752396,1,0,10,67,2,17,49,0,2112,708,769,769,318,24608,8355,1594,3232,1023,1023,1023,1023,208,0,1023,0,0,0,0,0,0,5,4,2,11,11,8,8,8,4,2,1,1,1,0,0,0,0,0,0,0,0,0,0,0,0,0,0,0,0,0,0,0,0,0,0,0,0,0,0,0,0,0,0,0,0,0,0,0,0,0,0,0,0,0,0,0,0,0,0,3,6,3,5,5,4,7,5,5,5
2,1,69,69,1,64,64,0,1,0,68,0,18368,18368,2457,2457,0,6561,11807,0,0,0,574,18368,2242,1277,32,1023,10,14,0,1048576,0,0,0,inf,1.04337502,1.04337502,0.884333372,1,0,10,69,2,34,33,1,2176,869,506,506,163,16192,5692,1277,1869,1023,1023,1023,1023,384,0,1023,0,0,0,1,0,1,3,3,5,5,3,6,7,5,8,1,6,3,2,4,3,1,0,0,0,1,0,0,0,0,0,0,0,0,0,0,0,0,0,0,0,0,0,0,0,0,0,0,0,0,0,0,0,0,0,0,0,0,0,0,0,0,0,0,0,7,6,7,6,6,8,6,7,13,7
3,1,68,69,3,64,64,0,0,0,67,0,27712,27712,2240,2240,0,9541,18171,0,0,0,866,27712,2871,1592,32,1023,10,14,0,1048576,0,0,0,inf,inf,1.10818517,0.995853305,1,0,10,68,2,21,46,0,2144,747,799,799,385,25568,8794,1592,3658,1023,1023,1023,1023,0,0,1023,0,0,0,0,0,0,1,7,3,10,9,7,9,7,6,3,3,1,1,0,0,0,0,0,0,0,0,0,0,0,0,0,0,0,0,0,0,0,0,0,0,0,0,0,0,0,0,0,0,0,0,0,0,0,0,0,0,0,0,0,0,0,0,0,0,3,12,12,12,14,11,6,12,13,3
4,1,69,69,2,64,64,0,0,0,68,0,21760,21760,1370,1370,0,7704,14056,0,0,0,680,21760,2384,1453,32,1023,10,14,0,1048576,0,0,0,inf,inf,1.05743742,0.971434414,1,0,10,69,2,34,34,0,2176,851,612,612,321,19584,6853,1453,3365,383,1023,1023,1023,656,0,1023,0,0,0,0,0,2,1,1,8,7,6,6,3,10,4,3,3,6,3,0,3,1,0,1,0,0,0,0,0,0,0,0,0,0,0,0,0,0,0,0,0,0,0,0,0,0,0,0,0,0,0,0,0,0,0,0,0,0,0,0,0,0,0,0,0,10,9,12,7,28,8,4,26,9,37
5,1,66,69,3,64,64,0,0,0,65,0,39904,39904,4081,4081,0,9231,30673,0,0,0,1247,39904,3331,1827,32,1023,10,14,0,1048576,0,0,0,inf,inf,0.966908038,0.860413671,1,0,10,66,2,3,52,10,2080,506,1182,1182,334,37824,8725,1827,1924,507,1023,1023,1023,8,0,1023,0,1,0,3,6,6,8,7,6,8,6,8,3,2,0,1,0,0,0,0,0,0,0,0,0,0,0,0,0,0,0,0,0,0,0,0,0,0,0,0,0,0,0,0,0,0,0,0,0,0,0,0,0,0,0,0,0,0,0,0,0,0,0,0,0,2,2,3,3,3,3,3,1,4,7
6,1,66,69,3,64,64,0,0,0,65,0,29216,29216,2931,2931,0,9775,19441,0,0,0,913,29216,3332,1737,32,1023,10,14,0,1048576,0,0,0,inf,inf,1.0053705,0.896906257,1,0,10,66,2,10,55,0,2080,649,848,848,359,27136,9126,1737,3314,1023,1023,1023,1023,393,0,1023,0,0,0,0,0,3,3,5,7,13,10,8,6,3,3,2,0,1,0,0,1,0,0,0,0,0,0,0,0,0,0,0,0,0,0,0,0,0,0,0,0,0,0,0,0,0,0,0,0,0,0,0,0,0,0,0,0,0,0,0,0,0,0,0,0,12,2,2,11,2,2,2,6,6,13
7,1,69,69,2,64,64,0,0,0,68,0,17504,17504,1978,1978,0,6582,10922,0,0,0,547,17504,2306,1297,32,1023,10,14,0,1048576,0,0,0,inf,inf,1.06175494,0.917009711,1,0,10,69,2,33,35,0,2176,871,479,479,203,15328,5711,1297,2233,1023,1023,1023,1023,17,0,1023,0,0,0,0,0,1,1,2,6,6,6,8,5,6,3,4,6,5,3,2,3,0,0,1,0,0,0,0,0,0,0,0,0,0,0,0,0,0,0,0,0,0,0,0,0,0,0,0,0,0,0,0,0,0,0,0,0,0,0,0,0,0,0,0,0,5,5,5,5,9,4,7,7,3,6
8,1,69,69,2,64,64,0,0,0,68,0,16384,16384,1995,1995,0,5725,10659,0,0,0,512,16384,1886,1090,32,1023,10,14,0,1048576,0,0,0,inf,inf,0.9738065,0.874534965,1,0,10,69,2,41,27,0,2176,937,444,444,163,14208,4788,1090,1748,1023,1023,1023,1023,704,0,1023,0,0,0,0,0,3,2,0,7,3,3,2,7,7,3,4,3,5,7,5,4,2,1,0,0,0,0,0,0,0,0,0,0,0,0,0,0,0,0,0,0,0,0,0,0,0,0,0,0,0,0,0,0,0,0,0,0,0,0,0,0,0,0,0,0,5,4,4,5,4,4,57,14,6,55
9,1,69,69,1,64,64,0,3,0,68,0,2816,2816,670,670,0,1491,1325,0,0,0,88,2816,653,618,32,1023,10,14,0,1048576,0,0,0,inf,0.996945083,0.999273062,0.889044166,1,0,10,69,2,67,1,0,2176,1251,20,20,12,640,240,618,146,1023,512,1023,1023,0,0,1023,0,0,0,0,0,0,0,0,0,0,0,0,1,4,4,3,6,8,7,11,7,4,8,4,0,0,0,1,0,0,0,0,0,0,0,0,0,0,0,0,0,0,0,0,0,0,0,0,0,0,0,0,0,0,0,0,0,0,0,0,0,0,0,0,0,10,9,7,9,8,11,9,8,9,63
10,1,68,69,3,64,64,0,0,0,67,0,20736,20736,1733,1733,0,7880,12856,0,0,0,648,20736,2304,1400,32,1023,10,14,0,1048576,0,0,0,inf,inf,1.11598766,1.02504504,1,0,10,68,2,33,33,1,2144,897,581,581,277,18592,6983,1400,3215,1023,1023,1023,1023,514,0,1023,0,0,0,0,1,1,0,0,6,7,6,6,7,4,2,5,4,7,2,2,1,2,1,2,0,1,0,0,0,0,0,0,0,0,0,0,0,0,0,0,0,0,0,0,0,0,0,0,0,0,0,0,0,0,0,0,0,0,0,0,0,0,0,0,0,5,6,14,10,6,9,9,5,5,6
11,1,67,69,3,64,64,0,0,0,66,0,43744,43744,4200,4200,0,8971,34773,0,0,0,1367,43744,3378,1852,32,1023,10,14,0,1048576,0,0,0,inf,inf,1.08478856,0.978425443,1,0,10,67,2,1,52,13,2112,450,1301,1301,335,41632,8521,1852,1716,1022,1023,1023,1023,8,0,1023,1,1,3,2,6,10,6,11,7,8,4,4,2,0,1,0,0,0,0,0,0,0,0,0,0,0,0,0,0,0,0,0,0,0,0,0,0,0,0,0,0,0,0,0,0,0,0,0,0,0,0,0,0,0,0,0,0,0,0,0,0,0,0,0,0,3,2,6,7,7,4,6,5,14,4
12,1,67,69,3,64,64,0,0,0,66,0,31744,31744,2817,2817,0,10631,21113,0,0,0,992,31744,3212,1723,32,1023,10,14,0,1048576,0,0,0,inf,inf,1.0301677,0.927832842,1,0,10,67,2,13,53,0,2112,676,926,926,424,29632,9955,1723,4065,607,1023,1023,1023,0,0,1023,0,0,0,0,0,1,3,8,10,7,5,9,10,3,5,4,1,0,0,0,0,0,0,0,0,0,0,0,0,0,0,0,0,0,0,0,0,0,0,0,0,0,0,0,0,0,0,0,0,0,0,0,0,0,0,0,0,0,0,0,0,0,0,0,0,7,5,8,6,6,4,5,4,9,5
13,1,67,69,3,64,64,0,0,0,66,0,27936,27936,2385,2385,0,9615,18321,0,0,0,873,27936,2900,1592,32,1023,10,14,0,1048576,0,0,0,inf,inf,1.07299924,0.955822229,1,0,10,67,2,19,46,1,2112,690,807,807,381,25824,8925,1592,3774,1023,1023,1023,1023,256,0,1023,0,0,0,1,0,0,6,6,6,7,7,4,10,9,6,3,0,0,1,0,0,0,0,0,0,0,0,0,0,0,0,0,0,0,0,0,0,0,0,0,0,0,0,0,0,0,0,0,0,0,0,0,0,0,0,0,0,0,0,0,0,0,0,0,0,3,4,4,3,4,4,3,4,11,9
14,0.899999976,68,69,3,64,64,0,0,0,67,0,29920,29920,2026,2026,0,10654,19266,0,0,0,935,29920,2963,1662,32,1023,10,14,0,1048576,0,0,0,inf,inf,1.09228623,1.00055504,1,0,10,68,2,19,48,0,2144,725,868,868,461,27776,9929,1662,4576,511,1023,511,511,512,0,511,0,0,0,0,0,1,5,2,4,9,8,11,8,9,5,3,1,0,1,0,0,0,0,0,0,0,0,0,0,0,0,0,0,0,0,0,0,0,0,0,0,0,0,0,0,0,0,0,0,0,0,0,0,0,0,0,0,0,0,0,0,0,0,0,0,5,5,34,3,6,5,3,6,5,4294967295
15,1,68,69,3,64,64,0,0,0,67,0,21312,21312,1726,1726,0,7883,13429,0,0,0,666,21312,2518,1469,32,1023,10,14,0,1048576,0,0,0,inf,inf,1.12820101,1.0108124,1,0,10,68,2,30,37,0,2144,847,599,599,293,19168,7036,1469,3233,1023,1023,1023,1023,8,0,1023,0,0,0,0,0,2,2,3,7,6,6,4,7,3,4,5,5,3,2,2,2,2,1,0,0,0,0,1,0,0,0,0,0,0,0,0,0,0,0,0,0,0,0,0,0,0,0,0,0,0,0,0,0,0,0,0,0,0,0,0,0,0,0,0,0,7,8,9,11,8,8,9,9,24,5
16,0.899999976,69,69,2,64,64,0,0,0,68,0,11296,11296,937,937,0,4493,6803,0,0,0,353,11296,1265,924,32,1007,10,14,0,1048576,0,0,0,inf,inf,1.07160378,0.93768537,1,0,10,69,2,54,13,1,2176,1155,285,285,173,9120,3338,924,1850,1007,1007,1007,1007,4,0,1007,0,0,0,0,1,0,0,1,3,1,1,4,3,4,4,2,4,5,8,5,5,3,4,6,0,1,1,1,1,0,0,0,0,0,0,0,0,0,0,0,0,0,0,0,0,0,0,0,0,0,0,0,0,0,0,0,0,0,0,0,0,0,0,0,0,4,4,27,27,4294967295,5,8,5,11,8
17,1,65,69,3,64,64,0,0,0,64,0,57760,57760,2612,2612,0,2716,55044,0,0,0,1805,57760,360,350,32,1023,10,14,0,1048576,0,0,0,inf,inf,1.24171698,1.13918018,1,0,10,65,2,0,0,64,2048,61,1741,1741,0,55712,2655,350,0,370,1023,1023,1023,0,0,1023,24,26,8,5,1,0,0,0,0,0,0,0,0,0,0,0,0,0,0,0,0,0,0,0,0,0,0,0,0,0,0,0,0,0,0,0,0,0,0,0,0,0,0,0,0,0,0,0,0,0,0,0,0,0,0,0,0,0,0,0,0,0,0,0,0,2,4,25,3,5,2,2,4,4,3
18,1,69,69,1,64,64,0,1,0,68,0,27648,27648,2247,2247,0,9603,18045,0,0,0,864,27648,2755,1576,32,1023,10,14,0,1048576,0,0,0,inf,1.07284808,1.07284808,0.968407154,1,0,10,69,2,23,43,2,2176,775,796,796,381,25472,8828,1576,3730,1023,1023,1023,1023,257,0,1023,0,0,0,1,1,0,2,4,3,9,7,8,10,7,6,5,0,1,3,0,0,0,0,0,1,0,0,0,0,0,0,0,0,0,0,0,0,0,0,0,0,0,0,0,0,0,0,0,0,0,0,0,0,0,0,0,0,0,0,0,0,0,0,0,0,7,9,6,7,21,7,7,9,21,7
19,1,68,69,3,64,64,0,0,0,67,0,13600,13600,3035,3035,0,5009,8591,0,0,0,425,13600,2232,991,32,1023,10,14,0,1048576,0,0,0,inf,inf,0.865214586,0.743959904,1,0,10,68,2,26,41,0,2144,825,358,358,73,11456,4184,991,969,1023,1023,1023,1023,65,0,1023,0,0,0,0,0,0,3,1,1,4,9,8,15,6,2,5,6,5,2,0,0,0,0,0,0,0,0,0,0,0,0,0,0,0,0,0,0,0,0,0,0,0,0,0,0,0,0,0,0,0,0,0,0,0,0,0,0,0,0,0,0,0,0,0,0,5,5,4,4,4,4,11,4,6,4
20,1,69,69,1,64,64,0,4,0,68,0,20128,20128,1650,1650,0,7230,12898,0,0,0,629,20128,2400,1433,32,1023,10,14,0,1048576,0,0,0,inf,1.08555877,1.08878613,0.979250193,1,0,10,69,2,34,34,0,2176,886,561,561,249,17952,6344,1433,2792,1023,1023,1023,1023,548,0,1023,0,0,0,0,0,2,2,2,7,5,5,3,8,5,4,5,6,4,2,2,1,2,1,0,0,1,0,1,0,0,0,0,0,0,0,0,0,0,0,0,0,0,0,0,0,0,0,0,0,0,0,0,0,0,0,0,0,0,0,0,0,0,0,0,0,13,12,13,12,12,13,12,12,10,48
21,0.800000012,66,69,3,64,64,0,0,0,65,0,10400,10400,901,901,0,4141,6259,0,0,0,325,10400,1274,943,32,1022,10,14,0,1048576,0,0,0,inf,inf,1.04574549,0.955310345,1,0,10,66,2,52,12,1,2080,1042,260,260,140,8320,3099,943,1549,766,1022,766,766,388,0,766,0,0,0,0,1,0,1,0,2,1,3,2,3,3,5,8,5,6,4,10,4,1,1,2,0,1,2,0,0,0,0,0,0,0,0,0,0,0,0,0,0,0,0,0,0,0,0,0,0,0,0,0,0,0,0,0,0,0,0,0,0,0,0,0,0,4294967295,12,27,10,13,11,4,38,4294967295,25
22,1,68,69,3,64,64,0,0,0,67,0,43840,43840,4862,4862,0,8826,35014,0,0,0,1370,43840,3221,1624,32,1023,10,14,0,1048576,0,0,0,inf,inf,1.08336878,0.978511631,1,0,10,68,2,1,53,13,2144,435,1303,1303,301,41696,8391,1624,1382,1022,1023,1023,1023,740,0,1023,0,1,3,5,4,10,14,10,8,4,2,2,3,0,0,1,0,0,0,0,0,0,0,0,0,0,0,0,0,0,0,0,0,0,0,0,0,0,0,0,0,0,0,0,0,0,0,0,0,0,0,0,0,0,0,0,0,0,0,0,0,0,0,0,0,3,11,4,6,6,17,25,7,6,7
23,1,67,69,3,64,64,0,0,0,66,0,32448,32448,2118,2118,0,11266,21182,0,0,0,1014,32448,3231,1780,32,1023,10,14,0,1048576,0,0,0,inf,inf,1.03625095,0.966180205,1,0,10,67,2,13,53,0,2112,677,948,948,486,30336,10589,1780,5018,311,1023,1023,1023,681,0,1023,0,0,0,0,0,1,5,7,5,10,7,9,9,5,4,2,0,1,1,0,0,0,0,0,0,0,0,0,0,0,0,0,0,0,0,0,0,0,0,0,0,0,0,0,0,0,0,0,0,0,0,0,0,0,0,0,0,0,0,0,0,0,0,0,0,6,5,2,8,3,22,6,9,8,28
24,1,69,69,2,64,64,0,0,0,68,0,30272,30272,2489,2489,0,10168,20104,0,0,0,946,30272,3084,1691,32,1023,10,14,0,1048576,0,0,0,inf,inf,1.12040734,1.00743043,1,0,10,69,2,18,50,0,2176,726,878,878,413,28096,9442,1691,3803,447,1023,1023,1023,480,0,1023,0,0,0,0,0,2,4,3,6,8,11,6,10,9,4,2,1,0,2,0,0,0,0,0,0,0,0,0,0,0,0,0,0,0,0,0,0,0,0,0,0,0,0,0,0,0,0,0,0,0,0,0,0,0,0,0,0,0,0,0,0,0,0,0,0,5,4,5,5,5,6,7,6,6,5
25,1,69,69,1,64,64,0,1,0,68,0,22016,22016,1621,1621,0,8167,13849,0,0,0,688,22016,2503,1478,32,1023,10,14,0,1048576,0,0,0,inf,1.11205363,1.11309087,0.994509459,1,0,10,69,2,31,37,0,2176,862,620,620,317,19840,7305,1478,3446,1023,1023,1023,1023,272,0,1023,0,0,0,0,0,2,3,2,7,5,5,4,9,4,5,6,3,4,2,2,1,1,1,0,0,1,0,1,0,0,0,0,0,0,0,0,0,0,0,0,0,0,0,0,0,0,0,0,0,0,0,0,0,0,0,0,0,0,0,0,0,0,0,0,0,8,9,10,9,9,10,7,27,12,7
26,1,67,69,3,64,64,0,0,0,66,0,42176,42176,4074,4074,0,8632,33544,0,0,0,1318,42176,3373,1815,32,1023,10,14,0,1048576,0,0,0,inf,inf,1.16169381,1.00924909,1,0,10,67,2,1,52,13,2112,441,1252,1252,309,40064,8191,1815,1456,511,1023,1023,1023,130,0,1023,0,1,1,3,8,10,10,10,5,12,1,2,2,1,0,0,0,0,0,0,0,0,0,0,0,0,0,0,0,0,0,0,0,0,0,0,0,0,0,0,0,0,0,0,0,0,0,0,0,0,0,0,0,0,0,0,0,0,0,0,0,0,0,0,0,8,13,5,6,6,6,6,10,6,12
27,1,67,69,3,64,64,0,0,0,66,0,39712,39712,4056,4056,0,8144,31568,0,0,0,1241,39712,3239,1728,32,1023,10,14,0,1048576,0,0,0,inf,inf,1.11052477,0.971482635,1,0,10,67,2,1,50,15,2112,431,1175,1175,288,37600,7713,1728,1338,1023,1023,1023,1023,0,0,1023,0,1,1,3,10,10,11,9,6,8,2,3,1,0,0,1,0,0,0,0,0,0,0,0,0,0,0,0,0,0,0,0,0,0,0,0,0,0,0,0,0,0,0,0,0,0,0,0,0,0,0,0,0,0,0,0,0,0,0,0,0,0,0,0,0,3,3,3,9,2,3,4,3,3,3
28,1,68,69,3,64,64,0,0,0,67,0,43392,43392,4831,4831,0,8744,34648,0,0,0,1356,43392,2977,1584,32,1023,10,14,0,1048576,0,0,0,inf,inf,0.996385992,0.932201505,1,0,10,68,2,2,47,18,2144,444,1289,1289,278,41248,8300,1584,1346,1023,1023,1023,1023,185,0,1023,0,3,3,5,7,10,10,5,4,6,3,6,3,1,0,0,1,0,0,0,0,0,0,0,0,0,0,0,0,0,0,0,0,0,0,0,0,0,0,0,0,0,0,0,0,0,0,0,0,0,0,0,0,0,0,0,0,0,0,0,0,0,0,0,0,12,3,7,22,5,12,7,21,4,5
29,1,65,69,3,64,64,0,0,0,64,0,59072,59072,2619,2619,0,2780,56292,0,0,0,1846,59072,379,369,32,1023,10,14,0,1048576,0,0,0,inf,inf,1.23647738,1.10101128,1,0,10,65,2,0,0,64,2048,58,1782,1782,0,57024,2722,369,0,917,1023,1023,1023,0,0,1023,26,22,13,2,1,0,0,0,0,0,0,0,0,0,0,0,0,0,0,0,0,0,0,0,0,0,0,0,0,0,0,0,0,0,0,0,0,0,0,0,0,0,0,0,0,0,0,0,0,0,0,0,0,0,0,0,0,0,0,0,0,0,0,0,0,4,12,5,2,2,21,26,5,1,5
30,1,66,69,3,64,64,0,0,0,65,0,53472,53472,4016,4016,0,4757,48715,0,0,0,1671,53472,1093,897,32,1023,10,14,0,1048576,0,0,0,inf,inf,1.05373263,0.935991287,1,0,10,66,2,0,6,59,2080,162,1606,1606,40,51392,4595,897,75,374,1023,1023,1023,512,0,1023,9,6,21,12,11,4,1,0,1,0,0,0,0,0,0,0,0,0,0,0,0,0,0,0,0,0,0,0,0,0,0,0,0,0,0,0,0,0,0,0,0,0,0,0,0,0,0,0,0,0,0,0,0,0,0,0,0,0,0,0,0,0,0,0,0,2,3,4,5,2,1,21,4,4,30
31,1,68,69,3,64,64,0,0,0,67,0,16192,16192,1446,1446,0,5954,10238,0,0,0,506,16192,1781,1171,32,1023,10,14,0,1048576,0,0,0,inf,inf,0.997278869,0.898290157,1,0,10,68,2,44,22,1,2144,957,439,439,221,14048,4997,1171,2311,1021,1023,1023,1023,514,0,1023,0,0,0,0,1,0,3,1,3,5,3,5,2,5,4,7,4,6,4,6,3,2,1,1,0,1,0,0,0,0,0,0,0,0,0,0,0,0,0,0,0,0,0,0,0,0,0,0,0,0,0,0,0,0,0,0,0,0,0,0,0,0,0,0,0,9,66,10,10,5,11,14,9,4,32
32,1,68,69,3,64,64,0,0,0,67,0,24448,24448,3222,3222,0,7857,16591,0,0,0,764,24448,2716,1483,32,1023,10,14,0,1048576,0,0,0,inf,inf,0.933822393,0.820899725,1,0,10,68,2,20,41,6,2144,685,697,697,228,22304,7172,1483,2279,895,1023,1023,1023,605,0,1023,0,0,0,1,5,2,5,5,9,5,6,7,2,7,3,2,0,2,4,0,2,0,0,0,0,0,0,0,0,0,0,0,0,0,0,0,0,0,0,0,0,0,0,0,0,0,0,0,0,0,0,0,0,0,0,0,0,0,0,0,0,0,0,0,0,5,3,7,7,6,4,5,4,3,7
33,1,67,69,3,64,64,0,0,0,66,0,28768,28768,3167,3167,0,9426,19342,0,0,0,899,28768,3120,1663,32,1023,10,14,0,1048576,0,0,0,inf,inf,0.941756666,0.822738647,1,0,10,67,2,15,51,0,2112,675,833,833,326,26656,8751,1663,2875,1023,1023,1023,1023,44,0,1023,0,0,0,0,0,4,3,7,6,9,7,7,8,3,6,5,0,0,1,0,0,0,0,0,0,0,0,0,0,0,0,0,0,0,0,0,0,0,0,0,0,0,0,0,0,0,0,0,0,0,0,0,0,0,0,0,0,0,0,0,0,0,0,0,0,3,19,18,4,3,17,3,4,2,4
34,1,66,69,3,64,64,0,0,0,65,0,55712,55712,3690,3690,0,4380,51332,0,0,0,1741,55712,884,842,32,1023,10,14,0,1048576,0,0,0,inf,inf,1.10480309,1.00569892,1,0,10,66,2,0,1,64,2080,128,1676,1676,16,53632,4252,842,34,817,1023,1023,1023,0,0,1023,11,16,13,16,8,0,1,0,0,0,0,0,0,0,0,0,0,0,0,0,0,0,0,0,0,0,0,0,0,0,0,0,0,0,0,0,0,0,0,0,0,0,0,0,0,0,0,0,0,0,0,0,0,0,0,0,0,0,0,0,0,0,0,0,0,1,2,3,2,4,4,12,49,2,2
35,1,68,69,3,64,64,0,0,0,67,0,16416,16416,1749,1749,0,6082,10334,0,0,0,513,16416,1846,1150,32,1023,10,14,0,1048576,0,0,0,inf,inf,0.950041175,0.853156745,1,0,10,68,2,40,25,2,2144,964,446,446,191,14272,5118,1150,2162,1023,1023,1023,1023,0,0,1023,0,0,1,0,1,0,1,1,3,4,6,2,8,4,3,2,6,7,5,3,2,2,3,1,1,0,1,0,0,0,0,0,0,0,0,0,0,0,0,0,0,0,0,0,0,0,0,0,0,0,0,0,0,0,0,0,0,0,0,0,0,0,0,0,0,4,4,3,9,3,6,5,5,6,4
36,1,68,69,3,64,64,0,0,0,67,0,48960,48960,3814,3814,0,9374,39586,0,0,0,1530,48960,3303,1947,32,1023,10,14,0,1048576,0,0,0,inf,inf,0.991766632,0.921338439,1,0,10,68,2,0,47,20,2144,390,1463,1463,459,46816,8984,1947,2080,286,1023,1023,1023,512,0,1023,1,2,2,7,8,10,10,12,5,6,2,1,1,0,0,0,0,0,0,0,0,0,0,0,0,0,0,0,0,0,0,0,0,0,0,0,0,0,0,0,0,0,0,0,0,0,0,0,0,0,0,0,0,0,0,0,0,0,0,0,0,0,0,0,0,7,9,11,10,9,11,12,17,21,7
37,1,69,69,1,64,64,0,1,0,68,0,19808,19808,1388,1388,0,7322,12486,0,0,0,619,19808,2230,1383,32,1023,10,14,0,1048576,0,0,0,inf,1.02201986,1.02201986,0.934447527,1,0,10,69,2,37,31,0,2176,901,551,551,287,17632,6421,1383,3052,999,1019,1023,1023,129,0,1023,0,0,0,0,0,1,1,1,6,6,5,6,5,7,7,3,3,3,5,3,4,0,1,1,0,0,0,0,0,0,0,0,0,0,0,0,0,0,0,0,0,0,0,0,0,0,0,0,0,0,0,0,0,0,0,0,0,0,0,0,0,0,0,0,0,11,14,37,24,14,38,9,10,8,15
38,0.899999976,68,69,3,64,64,0,0,0,67,0,12800,12800,905,905,0,5292,7508,0,0,0,400,12800,1603,1130,32,1019,10,14,0,1048576,0,0,0,inf,inf,0.930991113,0.865981817,1,0,10,68,2,49,18,0,2144,1059,333,333,189,10656,4233,1130,2233,1011,1019,1019,1019,128,0,1019,0,0,0,0,0,0,0,0,1,2,4,2,9,4,7,2,5,6,5,6,5,4,4,0,0,1,0,0,0,0,0,0,0,0,0,0,0,0,0,0,0,0,0,0,0,0,0,0,0,0,0,0,0,0,0,0,0,0,0,0,0,0,0,0,0,5,8,4294967295,6,21,6,20,21,5,24
39,1,67,69,3,64,64,0,0,0,66,0,21056,21056,1608,1608,0,7646,13410,0,0,0,658,21056,2461,1464,32,1023,10,14,0,1048576,0,0,0,inf,inf,0.970221877,0.844754577,1,0,10,67,2,30,36,0,2112,828,592,592,288,18944,6818,1464,3144,1023,1023,1023,1023,18,0,1023,0,0,0,0,0,2,1,2,8,5,7,6,5,4,7,4,2,4,1,2,2,2,1,1,0,0,0,0,0,0,0,0,0,0,0,0,0,0,0,0,0,0,0,0,0,0,0,0,0,0,0,0,0,0,0,0,0,0,0,0,0,0,0,0,0,3,17,3,3,12,13,19,7,12,6
40,1,66,69,3,64,64,0,0,0,65,0,26080,26080,2987,2987,0,8933,17147,0,0,0,815,26080,2951,1500,32,1023,10,14,0,1048576,0,0,0,inf,inf,0.936434448,0.838416457,1,0,10,66,2,15,50,0,2080,681,750,750,308,24000,8252,1500,3055,1023,1023,1023,1023,36,0,1023,0,0,0,0,0,2,3,5,8,10,7,8,7,3,6,2,2,0,1,1,0,0,0,0,0,0,0,0,0,0,0,0,0,0,0,0,0,0,0,0,0,0,0,0,0,0,0,0,0,0,0,0,0,0,0,0,0,0,0,0,0,0,0,0,0,2,2,6,2,4,5,5,2,1,2
41,1,68,69,3,64,64,0,0,0,67,0,19936,19936,1633,1633,0,7430,12506,0,0,0,623,19936,2357,1418,32,1023,10,14,0,1048576,0,0,0,inf,inf,1.03107381,0.922381759,1,0,10,68,2,33,34,0,2144,853,556,556,271,17792,6577,1418,2959,1023,1023,1023,1023,260,0,1023,0,0,0,0,0,0,1,3,8,5,6,6,5,5,7,5,4,4,1,1,3,2,1,0,0,0,0,0,0,0,0,0,0,0,0,0,0,0,0,0,0,0,0,0,0,0,0,0,0,0,0,0,0,0,0,0,0,0,0,0,0,0,0,0,0,7,6,7,12,4,8,9,5,9,8
42,1,67,69,3,64,64,0,0,0,66,0,23680,23680,1469,1469,0,8540,15140,0,0,0,740,23680,2532,1528,32,1023,10,14,0,1048576,0,0,0,inf,inf,0.960438609,0.868506551,1,0,10,67,2,28,37,1,2112,807,674,674,363,21568,7733,1528,3734,1023,1023,1023,1023,68,0,1023,0,0,0,0,1,1,2,5,5,4,9,8,3,6,8,0,2,3,1,1,1,2,3,1,0,0,0,0,0,0,0,0,0,0,0,0,0,0,0,0,0,0,0,0,0,0,0,0,0,0,0,0,0,0,0,0,0,0,0,0,0,0,0,0,0,9,5,14,6,9,9,6,7,8,4
43,1,68,69,3,64,64,0,0,0,67,0,17696,17696,2805,2805,0,6484,11212,0,0,0,553,17696,2171,1194,32,1023,10,14,0,1048576,0,0,0,inf,inf,0.901816487,0.775133669,1,0,10,68,2,34,33,0,2144,861,486,486,161,15552,5623,1194,1560,1023,1023,1023,1023,2,0,1023,0,0,0,0,0,0,0,1,1,7,4,9,11,9,8,6,2,2,6,1,0,0,0,0,0,0,0,0,0,0,0,0,0,0,0,0,0,0,0,0,0,0,0,0,0,0,0,0,0,0,0,0,0,0,0,0,0,0,0,0,0,0,0,0,0,4,8,6,7,7,4,10,3,4,5
44,1,68,69,3,64,64,0,0,0,67,0,15232,15232,1317,1317,0,5896,9336,0,0,0,476,15232,1643,1054,32,1023,10,14,0,1048576,0,0,0,inf,inf,0.901484191,0.805716991,1,0,10,68,2,45,22,0,2144,1011,409,409,205,13088,4885,1054,2410,1023,1023,1023,1023,0,0,1023,0,0,0,0,0,0,1,0,4,1,8,2,6,3,5,4,7,4,6,1,7,5,1,1,1,0,0,0,0,0,0,0,0,0,0,0,0,0,0,0,0,0,0,0,0,0,0,0,0,0,0,0,0,0,0,0,0,0,0,0,0,0,0,0,0,9,7,8,12,3,13,10,6,15,15
45,1,67,69,3,64,64,0,0,0,66,0,29920,29920,2769,2769,0,9779,20141,0,0,0,935,29920,3109,1653,32,1023,10,14,0,1048576,0,0,0,inf,inf,0.986592352,0.889140666,1,0,10,67,2,15,51,0,2112,668,869,869,377,27808,9111,1653,3350,1023,1023,1023,1023,2,0,1023,0,0,0,0,0,4,4,7,8,6,9,4,9,5,6,2,0,0,2,0,0,0,0,0,0,0,0,0,0,0,0,0,0,0,0,0,0,0,0,0,0,0,0,0,0,0,0,0,0,0,0,0,0,0,0,0,0,0,0,0,0,0,0,0,0,3,16,2,4,4,3,2,4,2,3
46,0.899999976,69,69,1,64,64,0,5,0,68,0,20416,20416,1570,1570,0,7429,12987,0,0,0,638,20416,2234,1367,32,1007,10,14,0,1048576,0,0,0,inf,1.08189154,1.08346355,1.01180077,1,0,10,69,2,35,32,1,2176,914,570,570,295,18240,6515,1367,3126,975,1007,1007,1007,160,0,1007,0,0,0,1,0,1,2,1,6,4,3,7,8,6,3,5,4,4,3,1,3,1,0,3,1,0,1,0,0,0,0,0,0,0,0,0,0,0,0,0,0,0,0,0,0,0,0,0,0,0,0,0,0,0,0,0,0,0,0,0,0,0,0,0,0,10,11,11,11,4294967295,24,13,10,12,10
47,0.899999976,69,69,1,64,64,0,1,0,68,0,8256,8256,851,851,0,3372,4884,0,0,0,258,8256,987,779,32,511,10,14,0,1048576,0,0,0,inf,1.06357312,1.06357312,0.939146161,1,0,10,69,2,59,8,1,2176,1190,190,190,118,6080,2182,779,1242,511,511,511,511,160,0,511,0,0,0,0,1,0,0,0,1,1,1,4,1,4,3,4,5,6,9,5,8,2,3,6,1,1,1,0,0,1,0,0,0,0,0,0,0,0,0,0,0,0,0,0,0,0,0,0,0,0,0,0,0,0,0,0,0,0,0,0,0,0,0,0,0,12,11,6,7,7,13,7,10,12,4294967295
48,1,69,69,1,64,64,0,5,0,68,0,18112,18112,1813,1813,0,6952,11160,0,0,0,566,18112,2262,1383,32,1023,10,14,0,1048576,0,0,0,inf,1.09917426,1.10234332,1.00056458,1,0,10,69,2,36,32,0,2176,916,498,498,207,15936,6036,1383,2561,1023,1023,1023,1023,944,0,1023,0,0,0,0,0,0,0,0,6,4,6,10,6,6,7,3,4,4,3,3,4,1,0,0,0,1,0,0,0,0,0,0,0,0,0,0,0,0,0,0,0,0,0,0,0,0,0,0,0,0,0,0,0,0,0,0,0,0,0,0,0,0,0,0,0,11,13,11,14,16,11,11,24,25,13
49,0.899999976,69,69,2,64,64,0,0,0,68,0,12768,12768,1243,1243,0,5284,7484,0,0,0,399,12768,1546,1022,32,1015,10,14,0,1048576,0,0,0,inf,inf,0.973836422,0.903265119,1,0,10,69,2,49,19,0,2176,1071,331,331,171,10592,4213,1022,1900,1015,1015,1015,1015,32,0,1015,0,0,0,0,0,0,0,0,1,1,6,4,7,3,8,4,2,6,6,5,8,1,1,5,0,0,0,0,0,0,0,0,0,0,0,0,0,0,0,0,0,0,0,0,0,0,0,0,0,0,0,0,0,0,0,0,0,0,0,0,0,0,0,0,0,5,4,5,4294967295,5,6,5,5,8,6
50,1,69,69,2,64,64,0,0,0,68,0,27936,27936,2211,2211,0,9727,18209,0,0,0,873,27936,2922,1618,32,1023,10,14,0,1048576,0,0,0,inf,inf,1.06914377,0.97237134,1,0,10,69,2,21,47,0,2176,764,805,805,398,25760,8963,1618,3910,1023,1023,1023,1023,160,0,1023,0,0,0,0,0,0,2,5,4,9,9,7,11,7,7,2,2,0,3,0,0,0,0,0,0,0,0,0,0,0,0,0,0,0,0,0,0,0,0,0,0,0,0,0,0,0,0,0,0,0,0,0,0,0,0,0,0,0,0,0,0,0,0,0,0,5,5,5,5,4,5,6,17,6,8
51,1,66,69,3,64,64,0,0,0,65,0,54112,54112,3995,3995,0,4786,49326,0,0,0,1691,54112,1067,936,32,1023,10,14,0,1048576,0,0,0,inf,inf,1.07115734,1.00158739,1,0,10,66,2,0,4,61,2080,148,1626,1626,37,52032,4638,936,66,490,1023,1023,1023,513,0,1023,9,11,19,13,9,2,1,0,1,0,0,0,0,0,0,0,0,0,0,0,0,0,0,0,0,0,0,0,0,0,0,0,0,0,0,0,0,0,0,0,0,0,0,0,0,0,0,0,0,0,0,0,0,0,0,0,0,0,0,0,0,0,0,0,0,7,6,7,5,4,4,7,6,7,34
52,1,69,69,2,64,64,0,0,0,68,0,17152,17152,2009,2009,0,6563,10589,0,0,0,536,17152,2210,1305,32,1023,10,14,0,1048576,0,0,0,inf,inf,1.04362607,0.910114646,1,0,10,69,2,37,31,0,2176,906,468,468,207,14976,5657,1305,2239,1023,1023,1023,1023,581,0,1023,0,0,0,0,0,1,0,2,7,6,4,6,5,6,6,5,2,5,2,5,4,1,0,0,0,1,0,0,0,0,0,0,0,0,0,0,0,0,0,0,0,0,0,0,0,0,0,0,0,0,0,0,0,0,0,0,0,0,0,0,0,0,0,0,0,6,5,6,5,10,5,7,5,5,8
53,1,67,69,3,64,64,0,0,0,66,0,40960,40960,4312,4312,0,8432,32528,0,0,0,1280,40960,3377,1754,32,1023,10,14,0,1048576,0,0,0,inf,inf,1.16113544,1.06668973,1,0,10,67,2,1,54,11,2112,451,1214,1214,267,38848,7981,1754,1325,1023,1023,1023,1023,520,0,1023,0,1,0,4,6,9,9,16,6,7,1,3,3,1,0,0,0,0,0,0,0,0,0,0,0,0,0,0,0,0,0,0,0,0,0,0,0,0,0,0,0,0,0,0,0,0,0,0,0,0,0,0,0,0,0,0,0,0,0,0,0,0,0,0,0,8,8,4,7,3,9,5,5,4,16
54,0.899999976,69,69,1,64,64,0,1,0,68,0,10976,10976,937,937,0,4759,6217,0,0,0,343,10976,1362,959,32,1019,10,14,0,1048576,0,0,0,inf,1.00045466,1.00045466,0.903692842,1,0,10,69,2,53,15,0,2176,1074,275,275,155,8800,3685,959,1953,1019,1019,1019,1019,256,0,1019,0,0,0,0,0,0,0,0,0,0,5,4,6,5,9,7,5,6,4,4,6,1,2,2,0,1,1,0,0,0,0,0,0,0,0,0,0,0,0,0,0,0,0,0,0,0,0,0,0,0,0,0,0,0,0,0,0,0,0,0,0,0,0,0,0,7,7,4294967295,13,6,5,14,5,31,6
55,1,67,69,3,64,64,0,0,0,66,0,29760,29760,2595,2595,0,10144,19616,0,0,0,930,29760,3066,1686,32,1023,10,14,0,1048576,0,0,0,inf,inf,1.13844454,1.06616306,1,0,10,67,2,16,49,1,2112,701,864,864,361,27648,9443,1686,3651,511,1023,1023,1023,882,0,1023,0,0,0,0,1,2,2,5,4,7,8,11,10,8,3,4,0,0,1,0,0,0,0,0,0,0,0,0,0,0,0,0,0,0,0,0,0,0,0,0,0,0,0,0,0,0,0,0,0,0,0,0,0,0,0,0,0,0,0,0,0,0,0,0,0,6,25,4,6,4,4,7,6,24,34
56,1,67,69,3,64,64,0,0,0,66,0,20608,20608,2131,2131,0,7265,13343,0,0,0,644,20608,2295,1304,32,1023,10,14,0,1048576,0,0,0,inf,inf,1.09576106,0.986301482,1,0,10,67,2,30,35,1,2112,784,578,578,229,18496,6481,1304,2623,1023,1023,1023,1023,8,0,1023,0,0,0,0,1,0,1,1,0,8,8,10,7,15,7,4,1,2,1,0,0,0,0,0,0,0,0,0,0,0,0,0,0,0,0,0,0,0,0,0,0,0,0,0,0,0,0,0,0,0,0,0,0,0,0,0,0,0,0,0,0,0,0,0,0,4,3,3,4,4,3,2,2,3,6
57,1,69,69,2,64,64,0,0,0,68,0,10400,10400,1515,1515,0,4218,6182,0,0,0,325,10400,1417,928,32,1023,10,14,0,1048576,0,0,0,inf,inf,1.02281988,0.907507062,1,0,10,69,2,51,17,0,2176,1040,257,257,97,8224,3178,928,1156,1023,1023,1023,1023,656,0,1023,0,0,0,0,0,0,1,0,2,0,5,5,4,7,4,7,4,9,7,3,5,1,2,1,0,1,0,0,0,0,0,0,0,0,0,0,0,0,0,0,0,0,0,0,0,0,0,0,0,0,0,0,0,0,0,0,0,0,0,0,0,0,0,0,0,5,6,11,7,32,5,9,11,7,8
58,1,69,69,1,64,64,0,1,0,68,0,15104,15104,1360,1360,0,5464,9640,0,0,0,472,15104,1818,1191,32,1023,10,14,0,1048576,0,0,0,inf,1.06772995,1.06772995,0.984739721,1,0,10,69,2,46,22,0,2176,997,404,404,221,12928,4467,1191,1903,1023,983,1023,1023,0,0,1023,0,0,0,0,0,3,2,1,5,0,4,5,2,3,7,4,5,6,3,6,6,0,4,0,1,1,0,0,0,0,0,0,0,0,0,0,0,0,0,0,0,0,0,0,0,0,0,0,0,0,0,0,0,0,0,0,0,0,0,0,0,0,0,0,0,12,8,6,8,14,17,12,46,16,17
59,1,68,69,3,64,64,0,0,0,67,0,27936,27936,2969,2969,0,9389,18547,0,0,0,873,27936,2996,1614,32,1023,10,14,0,1048576,0,0,0,inf,inf,1.04190111,0.916191697,1,0,10,68,2,18,48,1,2144,704,806,806,316,25792,8685,1614,2990,1023,1023,1023,1023,610,0,1023,0,0,0,1,0,2,2,6,5,11,5,9,8,8,4,5,0,0,1,0,0,0,0,0,0,0,0,0,0,0,0,0,0,0,0,0,0,0,0,0,0,0,0,0,0,0,0,0,0,0,0,0,0,0,0,0,0,0,0,0,0,0,0,0,0,5,12,5,5,4,5,13,4,5,38
60,1,66,69,3,64,64,0,0,0,65,0,54112,54112,3674,3674,0,4368,49744,0,0,0,1691,54112,915,878,32,1023,10,14,0,1048576,0,0,0,inf,inf,1.12115467,1.00160837,1,0,10,66,2,0,1,64,2080,131,1626,1626,34,52032,4237,878,53,717,1023,1023,1023,256,0,1023,11,13,16,16,8,0,1,0,0,0,0,0,0,0,0,0,0,0,0,0,0,0,0,0,0,0,0,0,0,0,0,0,0,0,0,0,0,0,0,0,0,0,0,0,0,0,0,0,0,0,0,0,0,0,0,0,0,0,0,0,0,0,0,0,0,4,57,9,5,4,2,3,3,6,3
61,1,66,69,3,64,64,0,0,0,65,0,21664,21664,1617,1617,0,7785,13879,0,0,0,677,21664,2321,1368,32,1023,10,14,0,1048576,0,0,0,inf,inf,1.07032704,0.958233595,1,0,10,66,2,29,35,1,2080,778,612,612,293,19584,7007,1368,3181,959,1023,1023,1023,546,0,1023,0,0,0,1,0,2,2,0,5,7,8,7,4,6,8,3,3,4,3,0,2,0,0,0,0,0,0,0,0,0,0,0,0,0,0,0,0,0,0,0,0,0,0,0,0,0,0,0,0,0,0,0,0,0,0,0,0,0,0,0,0,0,0,0,0,3,4,2,2,2,15,2,4,2,6
62,1,68,69,3,64,64,0,0,0,67,0,21664,21664,2453,2453,0,8045,13619,0,0,0,677,21664,2664,1493,32,1023,10,14,0,1048576,0,0,0,inf,inf,1.04306781,0.947068691,1,0,10,68,2,26,41,0,2144,808,610,610,233,19520,7237,1493,2825,1023,1023,1023,1023,722,0,1023,0,0,0,0,0,1,0,2,7,5,9,10,7,6,7,2,2,4,2,1,1,0,0,1,0,0,0,0,0,0,0,0,0,0,0,0,0,0,0,0,0,0,0,0,0,0,0,0,0,0,0,0,0,0,0,0,0,0,0,0,0,0,0,0,0,7,8,3,4,7,5,8,20,14,9
63,1,67,69,3,64,64,0,0,0,66,0,34720,34720,2531,2531,0,11500,23220,0,0,0,1085,34720,3461,1872,32,1023,10,14,0,1048576,0,0,0,inf,inf,1.06544662,0.980791807,1,0,10,67,2,9,57,0,2112,643,1019,1019,502,32608,10857,1872,4775,1022,1023,1023,1023,104,0,1023,0,0,0,0,0,0,6,5,11,15,5,9,6,3,2,3,1,0,0,0,0,0,0,0,0,0,0,0,0,0,0,0,0,0,0,0,0,0,0,0,0,0,0,0,0,0,0,0,0,0,0,0,0,0,0,0,0,0,0,0,0,0,0,0,0,31,4,6,24,5,28,12,6,14,6
64,1,66,69,3,64,64,0,0,0,65,0,14112,14112,742,742,0,5454,8658,0,0,0,441,14112,1625,1136,32,1023,10,14,0,1048576,0,0,0,inf,inf,1.027969,0.946080148,1,0,10,66,2,46,19,0,2080,995,376,376,216,12032,4459,1136,2489,895,767,1023,1023,0,0,1023,0,0,0,0,0,1,0,1,3,3,3,2,6,2,8,3,8,7,2,4,2,4,1,2,1,2,0,0,0,0,0,0,0,0,0,0,0,0,0,0,0,0,0,0,0,0,0,0,0,0,0,0,0,0,0,0,0,0,0,0,0,0,0,0,0,36,8,28,8,11,11,9,11,3,29
65,1,69,69,1,64,64,0,1,0,68,0,18560,18560,1772,1772,0,6939,11621,0,0,0,580,18560,2265,1365,32,1023,10,14,0,1048576,0,0,0,inf,1.10695648,1.10695648,1.0051862,1,0,10,69,2,36,32,0,2176,882,512,512,242,16384,6057,1365,2531,1023,1023,1023,1023,2,0,1023,0,0,0,0,0,1,2,3,5,7,6,5,3,7,4,5,3,5,3,3,4,1,0,1,0,0,0,0,0,0,0,0,0,0,0,0,0,0,0,0,0,0,0,0,0,0,0,0,0,0,0,0,0,0,0,0,0,0,0,0,0,0,0,0,0,19,17,20,13,5,24,13,18,3,13
66,1,68,69,3,64,64,0,0,0,67,0,11168,11168,1031,1031,0,4727,6441,0,0,0,349,11168,1365,953,32,1023,10,14,0,1048576,0,0,0,inf,inf,0.963943839,0.862474918,1,0,10,68,2,52,15,0,2144,1047,282,282,162,9024,3680,953,1731,1023,511,1023,1023,0,0,1023,0,0,0,0,0,0,0,0,1,1,6,4,3,5,10,6,5,4,5,5,4,1,2,4,0,1,0,0,0,0,0,0,0,0,0,0,0,0,0,0,0,0,0,0,0,0,0,0,0,0,0,0,0,0,0,0,0,0,0,0,0,0,0,0,0,8,8,7,5,5,8,3,9,6,4
67,1,66,69,3,64,64,0,0,0,65,0,26944,26944,2941,2941,0,9083,17861,0,0,0,842,26944,3108,1594,32,1023,10,14,0,1048576,0,0,0,inf,inf,0.98777318,0.885804534,1,0,10,66,2,13,52,0,2080,670,777,777,332,24864,8413,1594,3012,1023,1023,1023,1023,338,0,1023,0,0,0,0,0,2,1,5,7,15,10,6,6,4,4,3,0,1,0,0,1,0,0,0,0,0,0,0,0,0,0,0,0,0,0,0,0,0,0,0,0,0,0,0,0,0,0,0,0,0,0,0,0,0,0,0,0,0,0,0,0,0,0,0,0,3,10,4,2,3,2,8,11,8,2
68,0.899999976,68,69,3,64,64,0,0,0,67,0,24416,24416,3479,3479,0,7459,16957,0,0,0,763,24416,2765,1431,32,1023,10,14,0,1048576,0,0,0,inf,inf,0.921912193,0.798363924,1,0,10,68,2,17,44,6,2144,659,696,696,175,22272,6800,1431,1871,1019,1023,1019,1019,6,0,1019,0,0,0,1,5,3,4,8,9,7,5,6,2,5,3,2,0,1,4,0,2,0,0,0,0,0,0,0,0,0,0,0,0,0,0,0,0,0,0,0,0,0,0,0,0,0,0,0,0,0,0,0,0,0,0,0,0,0,0,0,0,0,0,0,0,5,5,4294967295,4,4,4,3,3,4,5
69,1,68,69,3,64,64,0,0,0,67,0,15904,15904,1127,1127,0,6092,9812,0,0,0,497,15904,1860,1201,32,1023,10,14,0,1048576,0,0,0,inf,inf,1.02411902,0.90718013,1,0,10,68,2,43,24,0,2144,1002,430,430,230,13760,5090,1201,2723,1023,1023,1023,1023,64,0,1023,0,0,0,0,0,1,1,1,5,3,2,5,6,1,4,3,4,6,3,12,5,3,1,1,0,0,0,0,0,0,0,0,0,0,0,0,0,0,0,0,0,0,0,0,0,0,0,0,0,0,0,0,0,0,0,0,0,0,0,0,0,0,0,0,0,3,5,7,4,4,4,11,4,4,5
70,1,67,69,3,64,64,0,0,0,66,0,20128,20128,2043,2043,0,7197,12931,0,0,0,629,20128,2171,1220,32,1023,10,14,0,1048576,0,0,0,inf,inf,1.0729413,0.94622314,1,0,10,67,2,32,34,0,2112,811,563,563,258,18016,6386,1220,2579,1015,1023,1023,1023,432,0,1023,0,0,0,0,0,0,0,3,1,7,6,9,8,9,10,6,3,3,1,0,0,0,0,0,0,0,0,0,0,0,0,0,0,0,0,0,0,0,0,0,0,0,0,0,0,0,0,0,0,0,0,0,0,0,0,0,0,0,0,0,0,0,0,0,0,5,5,5,5,12,10,5,7,7,7
71,1,68,69,3,64,64,0,0,0,67,0,30592,30592,3114,3114,0,10076,20516,0,0,0,956,30592,3213,1724,32,1023,10,14,0,1048576,0,0,0,inf,inf,1.020818,0.923618555,1,0,10,68,2,14,52,1,2144,668,889,889,354,28448,9408,1724,3338,1023,1023,1023,1023,1,0,1023,0,0,0,1,0,4,3,8,7,9,8,5,8,6,2,3,1,0,2,0,0,0,0,0,0,0,0,0,0,0,0,0,0,0,0,0,0,0,0,0,0,0,0,0,0,0,0,0,0,0,0,0,0,0,0,0,0,0,0,0,0,0,0,0,0,5,4,8,5,5,5,6,8,7,13
72,1,68,69,3,64,64,0,0,0,67,0,10656,10656,1189,1189,0,4310,6346,0,0,0,333,10656,1344,915,32,1023,10,14,0,1048576,0,0,0,inf,inf,1.00930119,0.907503486,1,0,10,68,2,52,15,0,2144,1076,266,266,130,8512,3234,915,1382,1023,1023,1023,1023,0,0,1023,0,0,0,0,0,0,2,0,0,3,2,5,3,3,3,5,9,8,2,7,4,4,5,1,1,0,0,0,0,0,0,0,0,0,0,0,0,0,0,0,0,0,0,0,0,0,0,0,0,0,0,0,0,0,0,0,0,0,0,0,0,0,0,0,0,9,42,6,5,5,9,5,4,4,6
73,1,68,69,3,64,64,0,0,0,67,0,6848,6848,740,740,0,2795,4053,0,0,0,214,6848,974,775,32,1023,10,14,0,1048576,0,0,0,inf,inf,0.910458505,0.828658283,1,0,10,68,2,60,7,0,2144,1148,147,147,91,4704,1647,775,891,1023,889,1023,1023,0,0,1023,0,0,0,0,0,2,1,0,0,0,1,1,2,4,6,3,5,5,9,7,10,3,5,0,2,1,0,0,0,0,0,0,0,0,0,0,0,0,0,0,0,0,0,0,0,0,0,0,0,0,0,0,0,0,0,0,0,0,0,0,0,0,0,0,0,15,13,6,16,14,4,3,15,4,3
74,0.899999976,66,69,3,64,64,0,0,0,65,0,10272,10272,1116,1116,0,3968,6304,0,0,0,321,10272,1297,910,32,1023,10,14,0,1048576,0,0,0,inf,inf,0.948229134,0.857582569,1,0,10,66,2,51,14,0,2080,1012,256,256,106,8192,2956,910,1313,1019,1023,1019,1019,12,0,1019,0,0,0,0,0,0,1,0,2,1,2,3,5,4,7,9,5,6,5,7,2,2,1,1,0,1,1,0,0,0,0,0,0,0,0,0,0,0,0,0,0,0,0,0,0,0,0,0,0,0,0,0,0,0,0,0,0,0,0,0,0,0,0,0,0,7,5,4294967295,8,7,28,10,10,9,12
75,1,69,69,1,64,64,0,1,0,68,0,26784,26784,2130,2130,0,9262,17522,0,0,0,837,26784,2797,1548,32,1023,10,14,0,1048576,0,0,0,inf,1.06133533,1.06133533,0.975502253,1,0,10,69,2,23,45,0,2176,748,769,769,358,24608,8514,1548,3814,1023,1023,1023,1023,385,0,1023,0,0,0,0,0,1,3,5,5,8,6,7,10,11,8,2,0,0,2,0,0,0,0,0,0,0,0,0,0,0,0,0,0,0,0,0,0,0,0,0,0,0,0,0,0,0,0,0,0,0,0,0,0,0,0,0,0,0,0,0,0,0,0,0,0,10,8,7,8,8,7,7,21,8,7
76,1,66,69,3,64,64,0,0,0,65,0,22496,22496,1347,1347,0,8371,14125,0,0,0,703,22496,2370,1453,32,1023,10,14,0,1048576,0,0,0,inf,inf,1.01245201,0.914874613,1,0,10,66,2,30,34,1,2080,851,638,638,337,20416,7520,1453,3752,1022,1023,1023,1023,32,0,1023,0,0,0,0,1,0,1,6,3,4,6,8,6,3,6,2,3,6,1,1,2,0,3,2,0,0,0,1,0,0,0,0,0,0,0,0,0,0,0,0,0,0,0,0,0,0,0,0,0,0,0,0,0,0,0,0,0,0,0,0,0,0,0,0,0,4,4,44,3,4,7,4,5,12,3
77,1,68,69,3,64,64,0,0,0,67,0,14400,14400,1990,1990,0,4927,9473,0,0,0,450,14400,1802,1052,32,1023,10,14,0,1048576,0,0,0,inf,inf,0.951144695,0.847670555,1,0,10,68,2,42,25,0,2144,959,383,383,110,12256,3968,1052,1183,1023,1023,1023,1023,32,0,1023,0,0,0,0,0,4,1,0,5,3,3,2,7,5,2,3,4,4,9,7,4,3,1,0,0,0,0,0,0,0,0,0,0,0,0,0,0,0,0,0,0,0,0,0,0,0,0,0,0,0,0,0,0,0,0,0,0,0,0,0,0,0,0,0,0,11,12,7,13,6,13,12,7,7,9
78,0.899999976,65,69,3,64,64,0,0,0,64,0,61024,61024,2057,2057,0,1979,59045,0,0,0,1907,61024,106,96,96,959,10,14,0,1048576,0,0,0,inf,inf,1.33514559,1.18632412,1,0,10,65,2,0,0,64,2048,31,1843,1843,0,58976,1948,96,0,544,959,959,959,0,0,959,41,17,4,2,0,0,0,0,0,0,0,0,0,0,0,0,0,0,0,0,0,0,0,0,0,0,0,0,0,0,0,0,0,0,0,0,0,0,0,0,0,0,0,0,0,0,0,0,0,0,0,0,0,0,0,0,0,0,0,0,0,0,0,0,0,15,62,7,11,4,2,4294967295,12,7,46
79,1,68,69,3,64,64,0,0,0,67,0,14816,14816,846,846,0,5890,8926,0,0,0,463,14816,1793,1199,32,1023,10,14,0,1048576,0,0,0,inf,inf,1.01074481,0.917716384,1,0,10,68,2,44,23,0,2144,991,396,396,212,12672,4899,1199,2785,1023,1023,1023,1023,6,0,1023,0,0,0,0,0,0,0,1,1,1,1,12,7,6,6,5,3,9,2,4,4,2,1,1,1,0,0,0,0,0,0,0,0,0,0,0,0,0,0,0,0,0,0,0,0,0,0,0,0,0,0,0,0,0,0,0,0,0,0,0,0,0,0,0,0,4,7,12,3,11,5,13,4,12,13
80,0.899999976,68,69,3,64,64,0,0,0,67,0,17056,17056,1460,1460,0,6180,10876,0,0,0,533,17056,2053,1284,32,1023,10,14,0,1048576,0,0,0,inf,inf,1.01119661,0.936945081,1,0,10,68,2,40,27,0,2144,928,466,466,230,14912,5252,1284,2269,1007,1023,1007,1007,848,0,1007,0,0,0,0,0,3,2,1,4,3,4,7,3,4,8,3,3,6,3,4,5,0,2,0,1,1,0,0,0,0,0,0,0,0,0,0,0,0,0,0,0,0,0,0,0,0,0,0,0,0,0,0,0,0,0,0,0,0,0,0,0,0,0,0,0,8,9,9,4,4294967295,7,11,35,12,17
81,1,67,69,3,64,64,0,0,0,66,0,23040,23040,1279,1279,0,8398,14642,0,0,0,720,23040,2316,1397,32,1023,10,14,0,1048576,0,0,0,inf,inf,1.03823626,0.950901747,1,0,10,67,2,31,35,0,2112,801,654,654,366,20928,7597,1397,3862,879,1023,1023,1023,836,0,1023,0,0,0,0,0,0,2,0,2,9,6,7,9,13,6,5,4,1,0,2,0,0,0,0,0,0,0,0,0,0,0,0,0,0,0,0,0,0,0,0,0,0,0,0,0,0,0,0,0,0,0,0,0,0,0,0,0,0,0,0,0,0,0,0,0,6,5,28,21,10,4,51,31,22,28
82,1,69,69,1,64,64,0,1,0,68,0,20928,20928,1474,1474,0,7460,13468,0,0,0,654,20928,2377,1437,32,1023,10,14,0,1048576,0,0,0,inf,1.08427393,1.08427393,0.986989141,1,0,10,69,2,34,34,0,2176,861,586,586,302,18752,6599,1437,3104,1023,1021,1023,1023,573,0,1023,0,0,0,0,0,2,1,2,7,7,6,7,2,11,3,3,3,2,4,2,2,2,1,0,0,1,0,0,0,0,0,0,0,0,0,0,0,0,0,0,0,0,0,0,0,0,0,0,0,0,0,0,0,0,0,0,0,0,0,0,0,0,0,0,0,23,12,23,24,11,24,23,10,29,10
83,0.899999976,68,69,3,64,64,0,0,0,67,0,23328,23328,2039,2039,0,8513,14815,0,0,0,729,23328,2605,1477,32,1023,10,14,0,1048576,0,0,0,inf,inf,1.01524734,0.918265104,1,0,10,68,2,26,41,0,2144,785,662,662,312,21184,7728,1477,3448,991,1023,991,991,680,0,991,0,0,0,0,0,0,3,2,4,6,4,13,9,9,6,5,4,1,0,1,0,0,0,0,0,0,0,0,0,0,0,0,0,0,0,0,0,0,0,0,0,0,0,0,0,0,0,0,0,0,0,0,0,0,0,0,0,0,0,0,0,0,0,0,0,4,20,13,5,3,4294967295,21,6,5,6
84,1,69,69,1,64,64,0,4,0,68,0,12768,12768,866,866,0,4971,7797,0,0,0,399,12768,1448,999,32,1023,10,14,0,1048576,0,0,0,inf,1.01234186,1.01603198,0.907654464,1,0,10,69,2,51,17,0,2176,1055,331,331,195,10592,3916,999,2291,1007,1023,1023,1023,212,0,1023,0,0,0,0,0,0,0,2,3,2,2,5,3,8,2,4,4,8,9,6,3,1,2,3,0,0,1,0,0,0,0,0,0,0,0,0,0,0,0,0,0,0,0,0,0,0,0,0,0,0,0,0,0,0,0,0,0,0,0,0,0,0,0,0,0,11,10,12,11,39,12,13,14,15,11
85,1,69,69,2,64,64,0,0,0,68,0,22304,22304,1169,1169,0,8102,14202,0,0,0,697,22304,2319,1446,32,1023,10,14,0,1048576,0,0,0,inf,inf,1.01446402,0.917262316,1,0,10,69,2,35,33,0,2176,885,629,629,341,20128,7217,1446,3778,1023,1023,1023,1023,8,0,1023,0,0,0,0,0,1,1,3,6,6,5,6,5,8,4,1,7,4,3,2,2,2,0,2,0,0,0,0,0,0,0,0,0,0,0,0,0,0,0,0,0,0,0,0,0,0,0,0,0,0,0,0,0,0,0,0,0,0,0,0,0,0,0,0,0,7,11,6,18,9,35,10,20,17,20
86,1,67,69,3,64,64,0,0,0,66,0,22752,22752,1439,1439,0,8131,14621,0,0,0,711,22752,2308,1379,32,1023,10,14,0,1048576,0,0,0,inf,inf,1.03199637,0.945333362,1,0,10,67,2,32,34,0,2112,819,645,645,349,20640,7312,1379,3573,1007,1023,1023,1023,628,0,1023,0,0,0,0,0,0,1,0,7,6,2,10,8,10,9,4,3,1,0,4,1,0,0,0,0,0,0,0,0,0,0,0,0,0,0,0,0,0,0,0,0,0,0,0,0,0,0,0,0,0,0,0,0,0,0,0,0,0,0,0,0,0,0,0,0,5,11,36,5,22,49,15,21,27,31
87,1,66,69,3,64,64,0,0,0,65,0,45664,45664,3675,3675,0,9581,36083,0,0,0,1427,45664,3566,2002,32,1023,10,14,0,1048576,0,0,0,inf,inf,1.02187681,0.952786684,1,0,10,66,2,1,54,10,2080,438,1362,1362,447,43584,9143,2002,2212,1015,1023,1023,1023,449,0,1023,0,2,1,2,5,11,12,10,7,6,2,4,2,1,0,0,0,0,0,0,0,0,0,0,0,0,0,0,0,0,0,0,0,0,0,0,0,0,0,0,0,0,0,0,0,0,0,0,0,0,0,0,0,0,0,0,0,0,0,0,0,0,0,0,0,5,2,2,7,6,5,7,32,21,7
88,1,67,69,3,64,64,0,0,0,66,0,43904,43904,4182,4182,0,8581,35323,0,0,0,1372,43904,3330,1775,32,1023,10,14,0,1048576,0,0,0,inf,inf,1.0359813,0.94937861,1,0,10,67,2,1,52,13,2112,420,1306,1306,307,41792,8161,1775,1507,703,1023,1023,1023,580,0,1023,0,3,2,5,3,11,7,16,8,4,3,2,1,1,0,0,0,0,0,0,0,0,0,0,0,0,0,0,0,0,0,0,0,0,0,0,0,0,0,0,0,0,0,0,0,0,0,0,0,0,0,0,0,0,0,0,0,0,0,0,0,0,0,0,0,5,8,6,6,19,6,27,5,9,5
89,1,68,69,3,64,64,0,0,0,67,0,17152,17152,2001,2001,0,6381,10771,0,0,0,536,17152,1909,1118,32,1023,10,14,0,1048576,0,0,0,inf,inf,0.965275288,0.854605198,1,0,10,68,2,39,28,0,2144,860,469,469,193,15008,5521,1118,2083,1023,511,1023,1023,276,0,1023,0,0,0,0,0,0,1,1,1,5,2,9,9,15,6,8,5,3,1,1,0,0,0,0,0,0,0,0,0,0,0,0,0,0,0,0,0,0,0,0,0,0,0,0,0,0,0,0,0,0,0,0,0,0,0,0,0,0,0,0,0,0,0,0,0,5,4,6,10,28,5,5,5,39,6
90,1,68,69,3,64,64,0,0,0,67,0,21536,21536,1524,1524,0,7843,13693,0,0,0,673,21536,2159,1287,32,1023,10,14,0,1048576,0,0,0,inf,inf,0.99983412,0.87357223,1,0,10,68,2,35,32,0,2144,859,606,606,330,19392,6984,1287,3278,1023,1023,1023,1023,100,0,1023,0,0,0,0,0,0,0,1,4,8,4,7,8,9,8,5,4,3,1,3,1,1,0,0,0,0,0,0,0,0,0,0,0,0,0,0,0,0,0,0,0,0,0,0,0,0,0,0,0,0,0,0,0,0,0,0,0,0,0,0,0,0,0,0,0,16,12,7,7,20,11,9,7,5,5
91,1,69,69,2,64,64,0,0,0,68,0,26528,26528,2215,2215,0,9067,17461,0,0,0,829,26528,2727,1541,32,1023,10,14,0,1048576,0,0,0,inf,inf,1.07990885,0.956748843,1,0,10,69,2,24,43,1,2176,775,761,761,354,24352,8292,1541,3505,1023,1023,1023,1023,408,0,1023,0,0,0,0,1,1,1,2,5,9,9,10,6,9,5,3,2,2,2,1,0,0,0,0,0,0,0,0,0,0,0,0,0,0,0,0,0,0,0,0,0,0,0,0,0,0,0,0,0,0,0,0,0,0,0,0,0,0,0,0,0,0,0,0,0,8,6,7,14,9,6,7,6,15,4
92,1,67,69,3,64,64,0,0,0,66,0,20416,20416,1607,1607,0,7510,12906,0,0,0,638,20416,2230,1370,32,1023,10,14,0,1048576,0,0,0,inf,inf,0.976339817,0.873969197,1,0,10,67,2,33,31,2,2112,837,572,572,276,18304,6673,1370,3063,447,1023,1023,1023,657,0,1023,0,0,1,0,1,2,2,1,4,5,7,6,4,6,9,2,2,3,2,0,4,3,1,1,0,0,0,0,0,0,0,0,0,0,0,0,0,0,0,0,0,0,0,0,0,0,0,0,0,0,0,0,0,0,0,0,0,0,0,0,0,0,0,0,0,9,3,3,10,6,3,3,7,5,30
93,1,67,69,3,64,64,0,0,0,66,0,20320,20320,2049,2049,0,7701,12619,0,0,0,635,20320,2376,1348,32,1023,10,14,0,1048576,0,0,0,inf,inf,1.05362844,0.927800179,1,0,10,67,2,29,36,1,2112,788,569,569,255,18208,6913,1348,3041,1023,1023,1023,1023,20,0,1023,0,0,0,0,1,2,2,2,5,6,7,5,7,7,6,3,3,5,3,2,0,0,0,0,0,0,0,0,0,0,0,0,0,0,0,0,0,0,0,0,0,0,0,0,0,0,0,0,0,0,0,0,0,0,0,0,0,0,0,0,0,0,0,0,0,3,3,10,3,5,2,2,10,3,3
94,1,69,69,2,64,64,0,0,0,68,0,18464,18464,1671,1671,0,6924,11540,0,0,0,577,18464,2189,1344,32,1023,10,14,0,1048576,0,0,0,inf,inf,1.08642673,0.961563826,1,0,10,69,2,37,30,1,2176,929,509,509,244,16288,5995,1344,2581,1023,1023,1023,1023,424,0,1023,0,0,0,0,1,1,1,2,5,5,5,7,4,6,5,3,1,6,4,1,4,3,1,0,2,1,0,0,0,0,0,0,0,0,0,0,0,0,0,0,0,0,0,0,0,0,0,0,0,0,0,0,0,0,0,0,0,0,0,0,0,0,0,0,0,7,6,7,8,7,10,7,9,12,7
95,1,67,69,3,64,64,0,0,0,66,0,23776,23776,1629,1629,0,8515,15261,0,0,0,743,23776,2434,1398,32,1023,10,14,0,1048576,0,0,0,inf,inf,0.973364353,0.848373055,1,0,10,67,2,28,38,0,2112,803,677,677,374,21664,7712,1398,3739,1015,1023,1023,1023,793,0,1023,0,0,0,0,0,0,2,2,5,8,6,9,6,3,8,6,5,0,2,3,1,0,0,0,0,0,0,0,0,0,0,0,0,0,0,0,0,0,0,0,0,0,0,0,0,0,0,0,0,0,0,0,0,0,0,0,0,0,0,0,0,0,0,0,0,8,4,7,5,6,4,4,5,16,25
96,1,69,69,2,64,64,0,0,0,68,0,22848,22848,2794,2794,0,8226,14622,0,0,0,714,22848,2718,1466,32,1023,10,14,0,1048576,0,0,0,inf,inf,0.933708906,0.855186939,1,0,10,69,2,24,44,0,2176,801,646,646,271,20672,7425,1466,2634,1023,1023,1023,1023,640,0,1023,0,0,0,0,0,1,1,2,4,7,4,14,11,7,6,2,5,2,2,0,0,0,0,0,0,0,0,0,0,0,0,0,0,0,0,0,0,0,0,0,0,0,0,0,0,0,0,0,0,0,0,0,0,0,0,0,0,0,0,0,0,0,0,0,0,6,11,8,18,5,8,7,12,6,10
97,1,69,69,1,64,64,0,1,0,68,0,10048,10048,847,847,0,4091,5957,0,0,0,314,10048,1264,935,32,1023,10,14,0,1048576,0,0,0,inf,0.991080642,0.991080642,0.914344847,1,0,10,69,2,56,12,0,2176,1106,246,246,150,7872,2985,935,1605,1023,1023,1023,1023,0,0,1023,0,0,0,0,0,1,1,1,0,3,2,1,3,4,8,2,4,9,5,7,7,3,6,0,0,1,0,0,0,0,0,0,0,0,0,0,0,0,0,0,0,0,0,0,0,0,0,0,0,0,0,0,0,0,0,0,0,0,0,0,0,0,0,0,0,21,14,7,10,13,5,5,7,19,15
98,1,65,69,3,64,64,0,0,0,64,0,57920,57920,2582,2582,0,2632,55288,0,0,0,1810,57920,342,300,32,1023,10,14,0,1048576,0,0,0,inf,inf,1.26529539,1.10651672,1,0,10,65,2,0,1,63,2048,52,1746,1746,0,55872,2580,300,0,835,1023,1023,1023,0,0,1023,32,19,9,2,1,1,0,0,0,0,0,0,0,0,0,0,0,0,0,0,0,0,0,0,0,0,0,0,0,0,0,0,0,0,0,0,0,0,0,0,0,0,0,0,0,0,0,0,0,0,0,0,0,0,0,0,0,0,0,0,0,0,0,0,0,4,3,3,10,7,4,4,4,2,4
99,1,68,69,3,64,64,0,0,0,67,0,32896,32896,4973,4973,0,7862,25034,0,0,0,1028,32896,3265,1388,32,1023,10,14,0,1048576,0,0,0,inf,inf,0.914238214,0.801184177,1,0,10,68,2,2,62,3,2144,533,961,961,184,30752,7329,1388,1170,1023,1023,1023,1023,400,0,1023,0,1,0,0,2,9,5,14,7,12,8,4,3,1,1,0,0,0,0,0,0,0,0,0,0,0,0,0,0,0,0,0,0,0,0,0,0,0,0,0,0,0,0,0,0,0,0,0,0,0,0,0,0,0,0,0,0,0,0,0,0,0,0,0,0,5,8,9,6,5,6,5,6,6,6
100,1,68,69,3,64,64,0,0,0,67,0,18528,18528,1580,1580,0,6982,11546,0,0,0,579,18528,2128,1307,32,1023,10,14,0,1048576,0,0,0,inf,inf,1.0160234,0.892164946,1,0,10,68,2,37,29,1,2144,930,512,512,241,16384,6052,1307,2834,1023,1023,1023,1023,545,0,1023,0,0,0,0,1,1,2,1,5,3,4,7,6,2,5,3,4,7,4,3,4,2,1,1,0,0,1,0,0,0,0,0,0,0,0,0,0,0,0,0,0,0,0,0,0,0,0,0,0,0,0,0,0,0,0,0,0,0,0,0,0,0,0,0,0,12,4,3,4,6,17,5,4,4,13
101,1,67,69,3,64,64,0,0,0,66,0,31776,31776,2904,2904,0,10729,21047,0,0,0,993,31776,3376,1777,32,1023,10,14,0,1048576,0,0,0,inf,inf,1.04809916,0.929536462,1,0,10,67,2,9,57,0,2112,659,927,927,414,29664,10070,1777,3983,1023,1023,1023,1023,424,0,1023,0,0,0,0,0,0,8,5,5,11,8,8,12,5,2,1,0,1,0,0,0,0,0,0,0,0,0,0,0,0,0,0,0,0,0,0,0,0,0,0,0,0,0,0,0,0,0,0,0,0,0,0,0,0,0,0,0,0,0,0,0,0,0,0,0,4,3,3,5,5,5,5,8,8,4
102,1,69,69,2,64,64,0,0,0,68,0,32352,32352,2556,2556,0,11059,21293,0,0,0,1011,32352,3292,1832,32,1023,10,14,0,1048576,0,0,0,inf,inf,1.0400424,0.953751743,1,0,10,69,2,15,52,1,2176,706,943,943,434,30176,10353,1832,4311,767,1023,1023,1023,17,0,1023,0,0,0,0,1,2,4,5,5,11,10,9,6,3,6,3,0,0,2,1,0,0,0,0,0,0,0,0,0,0,0,0,0,0,0,0,0,0,0,0,0,0,0,0,0,0,0,0,0,0,0,0,0,0,0,0,0,0,0,0,0,0,0,0,0,12,7,12,6,8,7,6,6,5,5
103,1,67,69,3,64,64,0,0,0,66,0,45472,45472,3788,3788,0,9888,35584,0,0,0,1421,45472,3661,2006,32,1023,10,14,0,1048576,0,0,0,inf,inf,1.0153687,0.942519367,1,0,10,67,2,0,57,9,2112,461,1355,1355,469,43360,9427,2006,2319,503,1023,1023,1023,481,0,1023,0,2,0,2,5,8,11,13,8,8,2,4,3,0,0,0,0,0,0,0,0,0,0,0,0,0,0,0,0,0,0,0,0,0,0,0,0,0,0,0,0,0,0,0,0,0,0,0,0,0,0,0,0,0,0,0,0,0,0,0,0,0,0,0,0,5,2,6,7,5,7,12,3,28,6
104,1,67,69,3,64,64,0,0,0,66,0,45248,45248,3921,3921,0,8095,37153,0,0,0,1414,45248,2929,1729,32,1023,10,14,0,1048576,0,0,0,inf,inf,1.02454686,0.93973434,1,0,10,67,2,0,40,26,2112,347,1348,1348,334,43136,7748,1729,1515,750,1023,1023,1023,170,0,1023,0,2,3,13,8,11,14,4,5,1,3,2,0,0,0,0,0,0,0,0,0,0,0,0,0,0,0,0,0,0,0,0,0,0,0,0,0,0,0,0,0,0,0,0,0,0,0,0,0,0,0,0,0,0,0,0,0,0,0,0,0,0,0,0,0,7,3,5,9,4,3,13,3,35,12
105,1,68,69,3,64,64,0,0,0,67,0,16704,16704,1368,1368,0,5698,11006,0,0,0,522,16704,1792,1135,32,1023,10,14,0,1048576,0,0,0,inf,inf,0.963277817,0.869916141,1,0,10,68,2,42,24,1,2144,907,455,455,213,14560,4791,1135,2205,1023,1023,1023,1023,320,0,1023,0,0,1,0,0,2,3,2,2,4,3,2,6,7,9,2,5,7,2,1,5,2,2,0,0,0,0,0,0,0,0,0,0,0,0,0,0,0,0,0,0,0,0,0,0,0,0,0,0,0,0,0,0,0,0,0,0,0,0,0,0,0,0,0,0,4,6,9,5,5,3,26,7,14,9
106,1,69,69,2,64,64,0,0,0,68,0,27968,27968,2233,2233,0,9478,18490,0,0,0,874,27968,2816,1580,32,1023,10,14,0,1048576,0,0,0,inf,inf,1.01863933,0.931758881,1,0,10,69,2,23,44,1,2176,735,806,806,379,25792,8743,1580,3645,767,1023,1023,1023,116,0,1023,0,0,0,0,1,1,5,6,4,8,9,4,7,8,7,3,3,0,1,1,0,0,0,0,0,0,0,0,0,0,0,0,0,0,0,0,0,0,0,0,0,0,0,0,0,0,0,0,0,0,0,0,0,0,0,0,0,0,0,0,0,0,0,0,0,9,9,10,7,7,7,9,6,6,11
107,1,67,69,3,64,64,0,0,0,66,0,32480,32480,2754,2754,0,10647,21833,0,0,0,1015,32480,3292,1786,32,1023,10,14,0,1048576,0,0,0,inf,inf,1.02992129,0.922304511,1,0,10,67,2,12,53,1,2112,644,949,949,389,30368,10003,1786,3771,1023,1023,1023,1023,12,0,1023,0,0,0,0,1,6,4,3,9,7,10,6,8,5,5,1,0,0,1,0,0,0,0,0,0,0,0,0,0,0,0,0,0,0,0,0,0,0,0,0,0,0,0,0,0,0,0,0,0,0,0,0,0,0,0,0,0,0,0,0,0,0,0,0,0,3,4,7,4,4,4,9,4,4,4
108,1,68,69,3,64,64,0,0,0,67,0,29504,29504,2001,2001,0,10086,19418,0,0,0,922,29504,2945,1625,32,1023,10,14,0,1048576,0,0,0,inf,inf,1.07864642,0.999904871,1,0,10,68,2,19,48,0,2144,730,855,855,447,27360,9356,1625,4220,1023,1023,1023,1023,32,0,1023,0,0,0,0,0,0,3,3,6,10,8,10,8,10,3,3,2,0,1,0,0,0,0,0,0,0,0,0,0,0,0,0,0,0,0,0,0,0,0,0,0,0,0,0,0,0,0,0,0,0,0,0,0,0,0,0,0,0,0,0,0,0,0,0,0,7,7,9,31,7,10,8,22,5,9
109,1,67,69,3,64,64,0,0,0,66,0,25760,25760,1985,1985,0,9148,16612,0,0,0,805,25760,2718,1514,32,1023,10,14,0,1048576,0,0,0,inf,inf,1.03461695,0.927431583,1,0,10,67,2,22,44,0,2112,724,739,739,374,23648,8424,1514,3814,1023,1023,1023,1023,592,0,1023,0,0,0,0,0,1,4,2,4,10,6,9,8,12,5,2,3,0,0,0,0,0,0,0,0,0,0,0,0,0,0,0,0,0,0,0,0,0,0,0,0,0,0,0,0,0,0,0,0,0,0,0,0,0,0,0,0,0,0,0,0,0,0,0,0,4,3,11,4,11,4,17,5,3,23
110,1,67,69,3,64,64,0,0,0,66,0,19744,19744,1250,1250,0,7630,12114,0,0,0,617,19744,2180,1343,32,1023,10,14,0,1048576,0,0,0,inf,inf,0.987133026,0.867163897,1,0,10,67,2,35,31,0,2112,899,551,551,288,17632,6731,1343,3569,1019,1023,1023,1023,644,0,1023,0,0,0,0,0,0,1,1,5,3,7,8,6,4,5,4,3,6,1,4,5,3,0,0,0,0,0,0,0,0,0,0,0,0,0,0,0,0,0,0,0,0,0,0,0,0,0,0,0,0,0,0,0,0,0,0,0,0,0,0,0,0,0,0,0,5,17,7,5,5,5,3,9,5,10
111,1,68,69,3,64,64,0,0,0,67,0,13920,13920,1166,1166,0,5519,8401,0,0,0,435,13920,1700,1102,32,1023,10,14,0,1048576,0,0,0,inf,inf,0.921595931,0.834139347,1,0,10,68,2,45,22,0,2144,1003,368,368,192,11776,4516,1102,2226,1023,1023,1023,1023,416,0,1023,0,0,0,0,0,0,0,0,3,4,4,5,6,4,6,6,3,5,6,4,5,2,1,3,0,0,0,0,0,0,0,0,0,0,0,0,0,0,0,0,0,0,0,0,0,0,0,0,0,0,0,0,0,0,0,0,0,0,0,0,0,0,0,0,0,6,4,4,5,5,6,5,6,6,6
112,1,69,69,2,64,64,0,0,0,68,0,26240,26240,1378,1378,0,9583,16657,0,0,0,820,26240,2616,1573,32,1023,10,14,0,1048576,0,0,0,inf,inf,0.997781277,0.920158327,1,0,10,69,2,28,39,1,2176,825,752,752,421,24064,8758,1573,4458,639,1023,1023,1023,146,0,1023,0,0,1,0,0,1,2,2,5,6,8,10,5,7,3,3,4,4,3,0,2,1,0,1,0,0,0,0,0,0,0,0,0,0,0,0,0,0,0,0,0,0,0,0,0,0,0,0,0,0,0,0,0,0,0,0,0,0,0,0,0,0,0,0,0,12,14,9,8,39,8,4,18,14,6
113,1,69,69,2,64,64,0,0,0,68,0,15584,15584,1757,1757,0,6344,9240,0,0,0,487,15584,1915,1184,32,1023,10,14,0,1048576,0,0,0,inf,inf,0.946444035,0.835922122,1,0,10,69,2,43,25,0,2176,956,419,419,196,13408,5388,1184,2107,1023,1023,1023,1023,67,0,1023,0,0,0,0,0,0,1,0,5,3,8,4,4,7,7,4,4,7,4,3,2,2,1,2,0,0,0,0,0,0,0,0,0,0,0,0,0,0,0,0,0,0,0,0,0,0,0,0,0,0,0,0,0,0,0,0,0,0,0,0,0,0,0,0,0,10,32,7,7,9,11,12,9,11,8
114,1,68,69,3,64,64,0,0,0,67,0,20352,20352,1424,1424,0,7847,12505,0,0,0,636,20352,2281,1408,32,1023,10,14,0,1048576,0,0,0,inf,inf,0.989278972,0.883670628,1,0,10,68,2,34,32,1,2144,900,569,569,305,18208,6947,1408,3348,1023,1023,1023,1023,256,0,1023,0,0,0,0,1,0,0,1,3,6,9,7,6,4,6,5,4,2,4,2,1,2,1,3,0,0,0,0,0,0,0,0,0,0,0,0,0,0,0,0,0,0,0,0,0,0,0,0,0,0,0,0,0,0,0,0,0,0,0,0,0,0,0,0,0,3,27,15,15,8,7,24,23,15,8
115,1,68,69,3,64,64,0,0,0,67,0,21952,21952,2840,2840,0,7802,14150,0,0,0,686,21952,2589,1354,32,1023,10,14,0,1048576,0,0,0,inf,inf,1.06364107,0.919628024,1,0,10,68,2,24,43,0,2144,781,619,619,229,19808,7021,1354,2388,1023,1023,1023,1023,37,0,1023,0,0,0,0,0,0,2,1,1,8,8,15,8,12,1,8,1,1,1,0,0,0,0,0,0,0,0,0,0,0,0,0,0,0,0,0,0,0,0,0,0,0,0,0,0,0,0,0,0,0,0,0,0,0,0,0,0,0,0,0,0,0,0,0,0,6,4,11,4,4,5,4,7,4,11
116,1,67,69,3,64,64,0,0,0,66,0,20768,20768,3008,3008,0,7497,13271,0,0,0,649,20768,2491,1306,32,1023,10,14,0,1048576,0,0,0,inf,inf,1.00474083,0.896165431,1,0,10,67,2,26,40,0,2112,790,583,583,222,18656,6707,1306,2022,1023,1023,1023,1023,576,0,1023,0,0,0,0,0,0,0,2,3,8,4,14,9,9,5,7,2,0,3,0,0,0,0,0,0,0,0,0,0,0,0,0,0,0,0,0,0,0,0,0,0,0,0,0,0,0,0,0,0,0,0,0,0,0,0,0,0,0,0,0,0,0,0,0,0,6,5,5,7,7,6,10,6,7,10
117,1,68,69,3,64,64,0,0,0,67,0,18240,18240,1928,1928,0,6815,11425,0,0,0,570,18240,2294,1337,32,1023,10,14,0,1048576,0,0,0,inf,inf,1.06751025,0.956703305,1,0,10,68,2,33,34,0,2144,865,503,503,216,16096,5950,1337,2543,1023,1023,1023,1023,356,0,1023,0,0,0,0,0,1,1,2,5,7,5,7,6,5,3,7,4,5,2,3,2,1,0,1,0,0,0,0,0,0,0,0,0,0,0,0,0,0,0,0,0,0,0,0,0,0,0,0,0,0,0,0,0,0,0,0,0,0,0,0,0,0,0,0,0,3,5,5,5,4,8,5,6,6,4
118,1,68,69,3,64,64,0,0,0,67,0,21760,21760,2089,2089,0,7915,13845,0,0,0,680,21760,2468,1433,32,1023,10,14,0,1048576,0,0,0,inf,inf,1.00270033,0.909484267,1,0,10,68,2,30,36,1,2144,855,613,613,298,19616,7060,1433,2908,511,1023,1023,1023,516,0,1023,0,0,0,0,1,2,1,2,7,6,5,7,6,3,4,3,3,7,2,3,2,0,1,1,0,0,0,1,0,0,0,0,0,0,0,0,0,0,0,0,0,0,0,0,0,0,0,0,0,0,0,0,0,0,0,0,0,0,0,0,0,0,0,0,0,7,7,14,3,3,4,8,8,9,28
119,1,68,69,3,64,64,0,0,0,67,0,16512,16512,2035,2035,0,5718,10794,0,0,0,516,16512,1887,1105,32,1023,10,14,0,1048576,0,0,0,inf,inf,0.959490418,0.847099721,1,0,10,68,2,40,27,0,2144,931,449,449,174,14368,4787,1105,1703,1023,1023,1023,1023,80,0,1023,0,0,0,0,0,3,3,0,4,3,4,3,7,7,2,4,3,4,8,4,4,2,1,1,0,0,0,0,0,0,0,0,0,0,0,0,0,0,0,0,0,0,0,0,0,0,0,0,0,0,0,0,0,0,0,0,0,0,0,0,0,0,0,0,0,10,10,8,11,60,9,15,9,9,7
120,1,69,69,2,64,64,0,0,0,68,0,19648,19648,1828,1828,0,7346,12302,0,0,0,614,19648,2237,1352,32,1023,10,14,0,1048576,0,0,0,inf,inf,1.01658845,0.928909481,1,0,10,69,2,36,32,0,2176,913,546,546,237,17472,6433,1352,2819,1023,1023,1023,1023,305,0,1023,0,0,0,0,0,1,1,1,3,6,6,8,6,5,4,7,4,4,5,1,1,2,1,2,0,0,0,0,0,0,0,0,0,0,0,0,0,0,0,0,0,0,0,0,0,0,0,0,0,0,0,0,0,0,0,0,0,0,0,0,0,0,0,0,0,6,3,13,3,20,10,5,7,7,12
121,1,69,69,1,64,64,0,1,0,68,0,23520,23520,2214,2214,0,8080,15440,0,0,0,735,23520,2519,1400,32,1023,10,14,0,1048576,0,0,0,inf,1.08361697,1.08480835,0.952570796,1,0,10,69,2,28,40,0,2176,807,667,667,304,21344,7273,1400,2940,895,1023,1023,1023,294,0,1023,0,0,0,0,0,0,0,4,1,10,7,9,9,10,8,4,1,4,1,0,0,0,0,0,0,0,0,0,0,0,0,0,0,0,0,0,0,0,0,0,0,0,0,0,0,0,0,0,0,0,0,0,0,0,0,0,0,0,0,0,0,0,0,0,0,9,10,8,9,7,11,7,9,9,9
122,1,67,69,3,64,64,0,0,0,66,0,42528,42528,4369,4369,0,8659,33869,0,0,0,1329,42528,3375,1835,32,1023,10,14,0,1048576,0,0,0,inf,inf,1.12616205,1.00499988,1,0,10,67,2,0,52,14,2112,435,1263,1263,282,40416,8224,1835,1453,991,1023,1023,1023,14,0,1023,0,1,0,6,7,6,13,10,9,8,1,4,1,0,0,0,0,0,0,0,0,0,0,0,0,0,0,0,0,0,0,0,0,0,0,0,0,0,0,0,0,0,0,0,0,0,0,0,0,0,0,0,0,0,0,0,0,0,0,0,0,0,0,0,0,3,10,5,8,3,5,3,3,10,3
123,1,68,69,3,64,64,0,0,0,67,0,19200,19200,1425,1425,0,7063,12137,0,0,0,600,19200,2256,1390,32,1023,10,14,0,1048576,0,0,0,inf,inf,1.00993419,0.900209785,1,0,10,68,2,35,32,0,2144,868,533,533,270,17056,6195,1390,2838,1023,1023,1023,1023,258,0,1023,0,0,0,0,0,0,1,3,6,4,7,6,5,5,8,5,5,4,1,1,3,2,1,0,0,0,0,0,0,0,0,0,0,0,0,0,0,0,0,0,0,0,0,0,0,0,0,0,0,0,0,0,0,0,0,0,0,0,0,0,0,0,0,0,0,6,7,7,12,9,8,4,5,8,4
124,1,68,69,3,64,64,0,0,0,67,0,20704,20704,1569,1569,0,7382,13322,0,0,0,647,20704,2275,1379,32,1023,10,14,0,1048576,0,0,0,inf,inf,1.0650214,0.96774447,1,0,10,68,2,33,33,1,2144,836,580,580,274,18560,6546,1379,3050,1019,1023,1023,1023,4,0,1023,0,0,0,1,0,2,2,1,7,4,5,5,7,8,4,4,5,4,3,0,4,1,0,0,0,0,0,0,0,0,0,0,0,0,0,0,0,0,0,0,0,0,0,0,0,0,0,0,0,0,0,0,0,0,0,0,0,0,0,0,0,0,0,0,0,6,5,5,7,9,7,7,3,7,4
125,1,66,69,3,64,64,0,0,0,65,0,54656,54656,3705,3705,0,4241,50415,0,0,0,1708,54656,887,845,32,1023,10,14,0,1048576,0,0,0,inf,inf,1.24747276,1.11259198,1,0,10,66,2,0,1,64,2080,119,1643,1643,0,52576,4122,845,6,1013,1023,1023,1023,0,0,1023,10,23,12,10,9,0,1,0,0,0,0,0,0,0,0,0,0,0,0,0,0,0,0,0,0,0,0,0,0,0,0,0,0,0,0,0,0,0,0,0,0,0,0,0,0,0,0,0,0,0,0,0,0,0,0,0,0,0,0,0,0,0,0,0,0,8,5,5,10,4,4,10,5,5,10
126,1,67,69,3,64,64,0,0,0,66,0,19200,19200,992,992,0,7385,11815,0,0,0,600,19200,2064,1311,32,1023,10,14,0,1048576,0,0,0,inf,inf,1.01932573,0.9269526,1,0,10,67,2,37,29,0,2112,936,534,534,294,17088,6449,1311,3686,695,1023,1023,1023,274,0,1023,0,0,0,0,0,0,1,0,5,3,6,5,9,5,3,3,3,6,2,6,4,2,3,0,0,0,0,0,0,0,0,0,0,0,0,0,0,0,0,0,0,0,0,0,0,0,0,0,0,0,0,0,0,0,0,0,0,0,0,0,0,0,0,0,0,5,30,21,5,11,5,21,3,9,5
127,1,68,69,3,64,64,0,0,0,67,0,15168,15168,1202,1202,0,5971,9197,0,0,0,474,15168,1776,1122,32,1023,10,14,0,1048576,0,0,0,inf,inf,0.977741659,0.877653897,1,0,10,68,2,43,24,0,2144,1002,407,407,215,13024,4969,1122,2479,1023,1023,1023,1023,118,0,1023,0,0,0,0,0,0,1,0,2,4,5,5,7,5,5,2,2,5,9,4,5,1,1,4,0,0,0,0,0,0,0,0,0,0,0,0,0,0,0,0,0,0,0,0,0,0,0,0,0,0,0,0,0,0,0,0,0,0,0,0,0,0,0,0,0,5,6,6,5,14,7,7,5,4,5
128,1,68,69,3,64,64,0,0,0,67,0,36992,36992,2356,2356,0,12432,24560,0,0,0,1156,36992,3550,1931,32,1023,10,14,0,1048576,0,0,0,inf,inf,1.06535971,0.981186807,1,0,10,68,2,8,59,0,2144,660,1089,1089,590,34848,11772,1931,5302,862,1023,1023,1023,898,0,1023,0,0,0,0,0,1,3,4,11,18,6,8,8,2,2,3,1,0,0,0,0,0,0,0,0,0,0,0,0,0,0,0,0,0,0,0,0,0,0,0,0,0,0,0,0,0,0,0,0,0,0,0,0,0,0,0,0,0,0,0,0,0,0,0,0,28,20,7,4,4,14,3,8,21,23
129,1,67,69,3,64,64,0,0,0,66,0,32352,32352,1714,1714,0,10642,21710,0,0,0,1011,32352,3014,1696,32,1023,10,14,0,1048576,0,0,0,inf,inf,1.05740166,0.983102262,1,0,10,67,2,17,49,0,2112,693,945,945,522,30240,9949,1696,4682,927,1023,1023,1023,712,0,1023,0,0,0,0,0,0,3,5,8,11,6,8,8,11,2,3,0,1,0,0,0,0,0,0,0,0,0,0,0,0,0,0,0,0,0,0,0,0,0,0,0,0,0,0,0,0,0,0,0,0,0,0,0,0,0,0,0,0,0,0,0,0,0,0,0,3,12,7,5,4,12,35,27,13,18
130,1,69,69,1,64,64,0,2,0,68,0,12864,12864,1196,1196,0,4904,7960,0,0,0,402,12864,1519,1016,32,1023,10,14,0,1048576,0,0,0,inf,1.01210964,1.01265526,0.918868661,1,0,10,69,2,50,18,0,2176,1076,334,334,169,10688,3828,1016,1696,1007,1023,1023,1023,64,0,1023,0,0,0,0,0,1,2,1,1,5,2,3,3,3,2,5,7,7,2,6,6,4,4,2,1,1,0,0,0,0,0,0,0,0,0,0,0,0,0,0,0,0,0,0,0,0,0,0,0,0,0,0,0,0,0,0,0,0,0,0,0,0,0,0,0,13,12,11,13,50,13,14,11,10,6
131,0.899999976,67,69,3,64,64,0,0,0,66,0,16768,16768,963,963,0,6489,10279,0,0,0,524,16768,1926,1266,32,1007,10,14,0,1048576,0,0,0,inf,inf,1.07276988,0.985472739,1,0,10,67,2,41,25,0,2112,953,458,458,250,14656,5536,1266,2950,999,495,1007,1007,4,0,1007,0,0,0,0,0,0,1,1,3,4,5,6,5,6,3,4,3,5,5,6,3,5,1,0,0,0,0,0,0,0,0,0,0,0,0,0,0,0,0,0,0,0,0,0,0,0,0,0,0,0,0,0,0,0,0,0,0,0,0,0,0,0,0,0,0,7,6,8,52,4294967295,3,36,3,5,32
132,1,69,69,1,64,64,0,1,0,68,0,13024,13024,1104,1104,0,5304,7720,0,0,0,407,13024,1644,1125,32,1023,10,14,0,1048576,0,0,0,inf,1.10019064,1.10019064,0.965554714,1,0,10,69,2,49,19,0,2176,1074,339,339,180,10848,4230,1125,2163,1023,1015,1023,1023,384,0,1023,0,0,0,0,0,0,2,0,3,3,2,5,4,3,4,5,4,2,8,5,6,8,1,2,0,1,0,0,0,0,0,0,0,0,0,0,0,0,0,0,0,0,0,0,0,0,0,0,0,0,0,0,0,0,0,0,0,0,0,0,0,0,0,0,0,8,9,32,20,31,32,32,32,40,7
133,1,67,69,3,64,64,0,0,0,66,0,53888,53888,3841,3841,0,4325,49563,0,0,0,1684,53888,935,834,32,1023,10,14,0,1048576,0,0,0,inf,inf,1.19719648,1.04368496,1,0,10,67,2,0,3,63,2112,132,1618,1618,0,51776,4193,834,3,1021,1023,1023,1023,0,0,1023,10,16,18,12,7,2,1,0,0,0,0,0,0,0,0,0,0,0,0,0,0,0,0,0,0,0,0,0,0,0,0,0,0,0,0,0,0,0,0,0,0,0,0,0,0,0,0,0,0,0,0,0,0,0,0,0,0,0,0,0,0,0,0,0,0,5,3,5,6,3,11,4,6,4,4
134,1,68,69,3,64,64,0,0,0,67,0,25184,25184,2818,2818,0,8666,16518,0,0,0,787,25184,2802,1536,32,1023,10,14,0,1048576,0,0,0,inf,inf,0.947442651,0.861932039,1,0,10,68,2,21,45,1,2144,755,720,720,301,23040,7911,1536,2899,1023,1023,1023,1023,4,0,1023,0,0,0,1,0,2,3,3,3,9,3,11,11,5,4,2,7,2,1,0,0,0,0,0,0,0,0,0,0,0,0,0,0,0,0,0,0,0,0,0,0,0,0,0,0,0,0,0,0,0,0,0,0,0,0,0,0,0,0,0,0,0,0,0,0,8,3,9,4,14,6,4,8,4,5
135,1,68,69,3,64,64,0,0,0,67,0,10560,10560,944,944,0,3997,6563,0,0,0,330,10560,1283,915,32,1023,10,14,0,1048576,0,0,0,inf,inf,0.979382813,0.908182859,1,0,10,68,2,54,13,0,2144,1077,263,263,152,8416,2920,915,1511,1023,415,1023,1023,266,0,1023,0,0,0,0,0,3,2,0,1,2,2,1,2,4,5,2,4,9,5,8,7,3,6,1,0,0,0,0,0,0,0,0,0,0,0,0,0,0,0,0,0,0,0,0,0,0,0,0,0,0,0,0,0,0,0,0,0,0,0,0,0,0,0,0,0,9,36,8,17,5,12,8,7,10,10
136,1,69,69,1,64,64,0,1,0,68,0,18144,18144,1796,1796,0,6531,11613,0,0,0,567,18144,2238,1327,32,1023,10,14,0,1048576,0,0,0,inf,1.00694442,1.00694442,0.912008107,1,0,10,69,2,36,32,0,2176,896,499,499,222,15968,5635,1327,2254,1023,1023,1023,1023,386,0,1023,0,0,0,0,0,2,3,2,5,8,1,7,4,4,2,5,6,6,4,3,5,0,0,0,0,1,0,0,0,0,0,0,0,0,0,0,0,0,0,0,0,0,0,0,0,0,0,0,0,0,0,0,0,0,0,0,0,0,0,0,0,0,0,0,0,8,11,9,7,9,6,12,36,12,7
137,1,68,69,3,64,64,0,0,0,67,0,12192,12192,1155,1155,0,4407,7785,0,0,0,381,12192,1535,1017,32,1023,10,14,0,1048576,0,0,0,inf,inf,0.979615867,0.864770234,1,0,10,68,2,49,18,0,2144,1012,314,314,170,10048,3395,1017,1535,1023,1019,1023,1023,0,0,1023,0,0,0,0,0,3,2,1,3,2,3,2,2,5,4,5,5,6,4,6,6,2,5,0,1,0,0,0,0,0,0,0,0,0,0,0,0,0,0,0,0,0,0,0,0,0,0,0,0,0,0,0,0,0,0,0,0,0,0,0,0,0,0,0,0,6,27,9,5,4,15,6,19,5,8
138,1,66,69,3,64,64,0,0,0,65,0,30368,30368,2990,2990,0,10133,20235,0,0,0,949,30368,3097,1672,32,1023,10,14,0,1048576,0,0,0,inf,inf,0.940533519,0.82575202,1,0,10,66,2,13,50,2,2080,640,884,884,375,28288,9493,1672,3536,735,1023,1023,1023,520,0,1023,0,0,0,1,1,3,3,6,7,10,8,8,5,3,5,5,0,0,0,0,0,0,0,0,0,0,0,0,0,0,0,0,0,0,0,0,0,0,0,0,0,0,0,0,0,0,0,0,0,0,0,0,0,0,0,0,0,0,0,0,0,0,0,0,0,7,2,4,5,2,8,4,1,4,19
139,1,67,69,3,64,64,0,0,0,66,0,39328,39328,4384,4384,0,8082,31246,0,0,0,1229,39328,3235,1692,32,1023,10,14,0,1048576,0,0,0,inf,inf,1.00540137,0.908730447,1,0,10,67,2,0,51,15,2112,430,1163,1163,269,37216,7652,1692,1101,1023,1023,1023,1023,34,0,1023,0,1,4,3,7,6,13,11,6,8,2,1,4,0,0,0,0,0,0,0,0,0,0,0,0,0,0,0,0,0,0,0,0,0,0,0,0,0,0,0,0,0,0,0,0,0,0,0,0,0,0,0,0,0,0,0,0,0,0,0,0,0,0,0,0,5,5,3,3,6,8,6,6,5,2
140,1,68,69,3,64,64,0,0,0,67,0,46720,46720,4321,4321,0,8937,37783,0,0,0,1460,46720,3296,1783,32,1023,10,14,0,1048576,0,0,0,inf,inf,1.06249368,0.94556272,1,0,10,68,2,0,51,16,2144,413,1393,1393,342,44576,8524,1783,1589,383,1023,1023,1023,512,0,1023,1,2,5,0,8,10,13,10,6,6,0,3,3,0,0,0,0,0,0,0,0,0,0,0,0,0,0,0,0,0,0,0,0,0,0,0,0,0,0,0,0,0,0,0,0,0,0,0,0,0,0,0,0,0,0,0,0,0,0,0,0,0,0,0,0,7,6,6,3,7,7,7,4,9,39
141,1,67,69,3,64,64,0,0,0,66,0,55840,55840,3876,3876,0,4446,51394,0,0,0,1745,55840,943,873,32,1023,10,14,0,1048576,0,0,0,inf,inf,1.0898633,0.984727323,1,0,10,67,2,0,2,64,2112,130,1679,1679,0,53728,4316,873,0,682,1023,1023,1023,0,0,1023,13,14,15,13,9,1,1,0,0,0,0,0,0,0,0,0,0,0,0,0,0,0,0,0,0,0,0,0,0,0,0,0,0,0,0,0,0,0,0,0,0,0,0,0,0,0,0,0,0,0,0,0,0,0,0,0,0,0,0,0,0,0,0,0,0,6,4,2,5,4,5,5,4,28,5
142,1,67,69,3,64,64,0,0,0,66,0,29952,29952,2318,2318,0,9818,20134,0,0,0,936,29952,3198,1754,32,1023,10,14,0,1048576,0,0,0,inf,inf,0.955699444,0.857564688,1,0,10,67,2,15,51,0,2112,668,870,870,398,27840,9150,1754,4074,1023,1023,1023,1023,260,0,1023,0,0,0,0,0,3,6,11,5,4,9,8,5,7,3,1,0,1,1,0,1,0,0,1,0,0,0,0,0,0,0,0,0,0,0,0,0,0,0,0,0,0,0,0,0,0,0,0,0,0,0,0,0,0,0,0,0,0,0,0,0,0,0,0,0,4,3,7,4,12,4,4,3,5,7
143,1,69,69,1,64,64,0,1,0,68,0,27968,27968,2750,2750,0,9369,18599,0,0,0,874,27968,3148,1643,32,1023,10,14,0,1048576,0,0,0,inf,0.937781572,0.937781572,0.838309407,1,0,10,69,2,15,53,0,2176,708,806,806,364,25792,8661,1643,3357,1023,1023,1023,1023,257,0,1023,0,0,0,0,0,2,3,4,8,13,10,7,6,5,4,3,0,1,0,1,1,0,0,0,0,0,0,0,0,0,0,0,0,0,0,0,0,0,0,0,0,0,0,0,0,0,0,0,0,0,0,0,0,0,0,0,0,0,0,0,0,0,0,0,0,9,5,6,5,10,10,9,11,12,10
144,1,69,69,1,64,64,0,1,0,68,0,20864,20864,2508,2508,0,6819,14045,0,0,0,652,20864,2500,1352,32,1023,10,14,0,1048576,0,0,0,inf,0.911936522,0.911936522,0.802591801,1,0,10,69,2,29,39,0,2176,839,584,584,203,18688,5980,1352,2024,1023,1023,1023,1023,0,0,1023,0,0,0,0,0,5,3,2,8,5,4,4,8,5,2,2,2,5,5,2,3,2,0,1,0,0,0,0,0,0,0,0,0,0,0,0,0,0,0,0,0,0,0,0,0,0,0,0,0,0,0,0,0,0,0,0,0,0,0,0,0,0,0,0,0,12,10,11,12,9,12,7,13,13,9
145,0.800000012,66,69,3,64,64,0,0,0,65,0,20576,20576,1495,1495,0,7721,12855,0,0,0,643,20576,2265,1377,32,511,10,14,0,1048576,0,0,0,inf,inf,1.0274303,0.938974023,1,0,10,66,2,32,32,1,2080,876,578,578,297,18496,6845,1377,3418,503,511,503,503,298,0,503,0,0,0,0,1,0,1,4,4,5,8,7,3,4,5,2,3,4,1,3,2,1,2,3,1,0,0,1,0,0,0,0,0,0,0,0,0,0,0,0,0,0,0,0,0,0,0,0,0,0,0,0,0,0,0,0,0,0,0,0,0,0,0,0,0,4,5,7,4294967295,22,11,9,3,16,4294967295
146,1,68,69,3,64,64,0,0,0,67,0,25728,25728,1450,1450,0,9039,16689,0,0,0,804,25728,2678,1580,32,1023,10,14,0,1048576,0,0,0,inf,inf,1.02611446,0.933922529,1,0,10,68,2,26,41,0,2144,837,737,737,391,23584,8202,1580,4079,1023,1023,1023,1023,512,0,1023,0,0,0,0,0,0,1,7,2,6,11,8,6,3,6,1,2,5,1,1,2,1,3,1,0,0,0,0,0,0,0,0,0,0,0,0,0,0,0,0,0,0,0,0,0,0,0,0,0,0,0,0,0,0,0,0,0,0,0,0,0,0,0,0,0,3,6,5,6,4,5,37,6,3,7
147,1,66,69,3,64,64,0,0,0,65,0,38592,38592,4764,4764,0,7777,30815,0,0,0,1206,38592,3008,1526,32,1023,10,14,0,1048576,0,0,0,inf,inf,0.993495822,0.874996424,1,0,10,66,2,0,49,16,2080,421,1141,1141,209,36512,7356,1526,925,950,1023,1023,1023,256,0,1023,0,2,2,2,10,8,9,10,7,8,3,1,3,0,0,0,0,0,0,0,0,0,0,0,0,0,0,0,0,0,0,0,0,0,0,0,0,0,0,0,0,0,0,0,0,0,0,0,0,0,0,0,0,0,0,0,0,0,0,0,0,0,0,0,0,3,3,3,3,4,4,5,2,6,2
148,1,66,69,3,64,64,0,0,0,65,0,16224,16224,1066,1066,0,6402,9822,0,0,0,507,16224,1865,1192,32,1023,10,14,0,1048576,0,0,0,inf,inf,0.963185906,0.847249925,1,0,10,66,2,40,25,0,2080,969,442,442,234,14144,5433,1192,2991,959,1023,1023,1023,128,0,1023,0,0,0,0,0,0,1,0,4,2,4,8,6,2,5,2,4,7,3,4,5,4,2,2,0,0,0,0,0,0,0,0,0,0,0,0,0,0,0,0,0,0,0,0,0,0,0,0,0,0,0,0,0,0,0,0,0,0,0,0,0,0,0,0,0,4,3,4,4,5,4,5,24,5,4
149,1,66,69,3,64,64,0,0,0,65,0,25824,25824,1562,1562,0,9199,16625,0,0,0,807,25824,2625,1555,32,1023,10,14,0,1048576,0,0,0,inf,inf,1.0362618,0.945103049,1,0,10,66,2,25,39,1,2080,788,742,742,407,23744,8411,1555,4176,1003,1023,1023,1023,208,0,1023,0,0,0,0,1,1,5,4,6,5,7,7,4,3,4,2,2,4,1,2,1,2,2,2,0,0,0,0,0,0,0,0,0,0,0,0,0,0,0,0,0,0,0,0,0,0,0,0,0,0,0,0,0,0,0,0,0,0,0,0,0,0,0,0,0,4,3,53,8,12,19,5,21,2,9
150,1,67,69,3,64,64,0,0,0,66,0,20608,20608,1467,1467,0,7477,13131,0,0,0,644,20608,2098,1311,32,1023,10,14,0,1048576,0,0,0,inf,inf,0.937155366,0.845456719,1,0,10,67,2,35,28,3,2112,810,578,578,301,18496,6667,1311,3107,1007,1023,1023,1023,0,0,1023,0,0,1,0,2,2,2,2,5,4,5,5,3,9,4,5,5,6,2,2,0,1,1,0,0,0,0,0,0,0,0,0,0,0,0,0,0,0,0,0,0,0,0,0,0,0,0,0,0,0,0,0,0,0,0,0,0,0,0,0,0,0,0,0,0,3,3,7,6,15,6,21,6,12,6
151,1,67,69,3,64,64,0,0,0,66,0,45216,45216,4007,4007,0,9078,36138,0,0,0,1413,45216,3408,1916,32,1023,10,14,0,1048576,0,0,0,inf,inf,1.03982735,0.954837441,1,0,10,67,2,1,50,15,2112,403,1347,1347,337,43104,8675,1916,1806,639,1023,1023,1023,192,0,1023,0,1,0,6,8,12,14,5,12,6,1,0,0,1,0,0,0,0,0,0,0,0,0,0,0,0,0,0,0,0,0,0,0,0,0,0,0,0,0,0,0,0,0,0,0,0,0,0,0,0,0,0,0,0,0,0,0,0,0,0,0,0,0,0,0,4,3,5,6,3,6,10,29,15,2
152,1,67,69,3,64,64,0,0,0,66,0,22944,22944,1968,1968,0,8353,14591,0,0,0,717,22944,2498,1407,32,1023,10,14,0,1048576,0,0,0,inf,inf,0.95276773,0.838217914,1,0,10,67,2,27,39,0,2112,789,651,651,326,20832,7564,1407,3423,1022,1023,1023,1023,160,0,1023,0,0,0,0,0,0,2,3,4,7,6,11,6,7,5,5,4,2,2,2,0,0,0,0,0,0,0,0,0,0,0,0,0,0,0,0,0,0,0,0,0,0,0,0,0,0,0,0,0,0,0,0,0,0,0,0,0,0,0,0,0,0,0,0,0,17,9,7,7,5,22,7,16,7,8
153,1,68,69,3,64,64,0,0,0,67,0,29600,29600,2688,2688,0,10167,19433,0,0,0,925,29600,3130,1690,32,1023,10,14,0,1048576,0,0,0,inf,inf,0.924505472,0.826239586,1,0,10,68,2,16,51,0,2144,714,858,858,391,27456,9453,1690,3844,887,1023,1023,1023,720,0,1023,0,0,0,0,0,0,5,7,8,6,6,12,7,6,2,4,1,0,1,0,1,1,0,0,0,0,0,0,0,0,0,0,0,0,0,0,0,0,0,0,0,0,0,0,0,0,0,0,0,0,0,0,0,0,0,0,0,0,0,0,0,0,0,0,0,4,10,5,6,15,10,40,7,11,12
154,1,67,69,3,64,64,0,0,0,66,0,54912,54912,3852,3852,0,4484,50428,0,0,0,1716,54912,1026,923,32,1023,10,14,0,1048576,0,0,0,inf,inf,1.12546134,0.980301023,1,0,10,67,2,0,3,63,2112,135,1650,1650,4,52800,4349,923,15,1017,1023,1023,1023,0,0,1023,7,20,17,11,8,2,1,0,0,0,0,0,0,0,0,0,0,0,0,0,0,0,0,0,0,0,0,0,0,0,0,0,0,0,0,0,0,0,0,0,0,0,0,0,0,0,0,0,0,0,0,0,0,0,0,0,0,0,0,0,0,0,0,0,0,8,7,6,6,30,4,12,10,5,13
155,1,69,69,2,64,64,0,0,0,68,0,23392,23392,1941,1941,0,8383,15009,0,0,0,731,23392,2648,1507,32,1023,10,14,0,1048576,0,0,0,inf,inf,1.00723076,0.897603393,1,0,10,69,2,27,41,0,2176,809,663,663,333,21216,7574,1507,3193,1019,1023,1023,1023,386,0,1023,0,0,0,0,0,0,4,4,2,5,7,12,7,5,6,8,2,1,3,2,0,0,0,0,0,0,0,0,0,0,0,0,0,0,0,0,0,0,0,0,0,0,0,0,0,0,0,0,0,0,0,0,0,0,0,0,0,0,0,0,0,0,0,0,0,14,34,13,4,5,4,15,5,7,5
156,1,68,69,3,64,64,0,0,0,67,0,28032,28032,2710,2710,0,9762,18270,0,0,0,876,28032,3198,1711,32,1023,10,14,0,1048576,0,0,0,inf,inf,0.930169404,0.831325114,1,0,10,68,2,15,52,0,2144,721,809,809,384,25888,9041,1711,3505,1017,1023,1023,1023,520,0,1023,0,0,0,0,0,1,2,5,5,9,9,12,9,6,2,4,1,0,2,0,0,0,0,0,0,0,0,0,0,0,0,0,0,0,0,0,0,0,0,0,0,0,0,0,0,0,0,0,0,0,0,0,0,0,0,0,0,0,0,0,0,0,0,0,0,9,12,11,6,6,5,10,3,3,20
157,1,68,69,3,64,64,0,0,0,67,0,18400,18400,1401,1401,0,6610,11790,0,0,0,575,18400,1892,1196,32,1023,10,14,0,1048576,0,0,0,inf,inf,0.971984267,0.889781952,1,0,10,68,2,40,26,1,2144,905,508,508,265,16256,5705,1196,2819,1023,1023,1023,1023,902,0,1023,0,0,1,0,0,1,3,1,1,3,2,7,8,5,6,6,9,6,1,2,2,2,1,0,0,0,0,0,0,0,0,0,0,0,0,0,0,0,0,0,0,0,0,0,0,0,0,0,0,0,0,0,0,0,0,0,0,0,0,0,0,0,0,0,0,9,6,14,9,7,27,3,34,8,32
158,0.800000012,68,69,3,64,64,0,0,0,67,0,13408,13408,954,954,0,4837,8571,0,0,0,419,13408,1541,1096,32,1023,10,14,0,1048576,0,0,0,inf,inf,0.960688472,0.864513636,1,0,10,68,2,49,16,2,2144,996,352,352,188,11264,3841,1096,1888,751,509,751,751,432,0,751,0,0,1,1,0,1,2,3,0,3,2,2,3,6,5,5,6,4,7,3,5,2,4,0,2,0,0,0,0,0,0,0,0,0,0,0,0,0,0,0,0,0,0,0,0,0,0,0,0,0,0,0,0,0,0,0,0,0,0,0,0,0,0,0,0,23,26,16,7,4294967295,4,5,16,4294967295,26
159,1,68,69,3,64,64,0,0,0,67,0,43616,43616,4244,4244,0,8390,35226,0,0,0,1363,43616,3266,1790,32,1023,10,14,0,1048576,0,0,0,inf,inf,1.07003021,0.960279465,1,0,10,68,2,1,49,17,2144,427,1296,1296,313,41472,7963,1790,1316,510,1023,1023,1023,81,0,1023,0,2,1,4,10,11,10,8,5,10,1,1,3,1,0,0,0,0,0,0,0,0,0,0,0,0,0,0,0,0,0,0,0,0,0,0,0,0,0,0,0,0,0,0,0,0,0,0,0,0,0,0,0,0,0,0,0,0,0,0,0,0,0,0,0,12,4,3,6,6,5,8,29,3,4
160,1,69,69,2,64,64,0,0,0,68,0,17600,17600,1384,1384,0,6691,10909,0,0,0,550,17600,1903,1207,32,1023,10,14,0,1048576,0,0,0,inf,inf,0.944176495,0.83890295,1,0,10,69,2,42,25,1,2176,919,482,482,256,15424,5772,1207,2632,895,1023,1023,1023,272,0,1023,0,0,1,0,0,0,1,2,5,3,5,5,4,7,8,5,6,5,3,4,1,1,1,0,0,1,0,0,0,0,0,0,0,0,0,0,0,0,0,0,0,0,0,0,0,0,0,0,0,0,0,0,0,0,0,0,0,0,0,0,0,0,0,0,0,13,6,8,8,9,5,7,8,13,5
161,1,67,69,3,64,64,0,0,0,66,0,20448,20448,1668,1668,0,7645,12803,0,0,0,639,20448,2330,1415,32,1023,10,14,0,1048576,0,0,0,inf,inf,1.01171589,0.901292562,1,0,10,67,2,32,33,1,2112,858,573,573,282,18336,6787,1415,2972,1007,1023,1023,1023,794,0,1023,0,0,0,0,1,0,0,3,3,4,6,10,7,7,7,1,4,6,1,1,2,0,1,1,0,0,0,1,0,0,0,0,0,0,0,0,0,0,0,0,0,0,0,0,0,0,0,0,0,0,0,0,0,0,0,0,0,0,0,0,0,0,0,0,0,3,7,3,4,54,4,5,3,7,26
162,1,67,69,3,64,64,0,0,0,66,0,42848,42848,5377,5377,0,8340,34508,0,0,0,1339,42848,2808,1527,32,1023,10,14,0,1048576,0,0,0,inf,inf,0.916406035,0.813934088,1,0,10,67,2,1,43,22,2112,406,1273,1273,210,40736,7934,1527,977,479,1023,1023,1023,142,0,1023,0,3,3,4,12,5,11,8,7,6,2,3,1,0,0,1,0,0,0,0,0,0,0,0,0,0,0,0,0,0,0,0,0,0,0,0,0,0,0,0,0,0,0,0,0,0,0,0,0,0,0,0,0,0,0,0,0,0,0,0,0,0,0,0,0,5,4,19,4,4,8,4,4,3,3
163,1,66,69,3,64,64,0,0,0,65,0,33824,33824,1821,1821,0,11505,22319,0,0,0,1057,33824,3171,1763,32,1023,10,14,0,1048576,0,0,0,inf,inf,1.00153875,0.917721093,1,0,10,66,2,13,52,0,2080,657,992,992,546,31744,10848,1763,5327,1022,1023,1023,1023,257,0,1023,0,0,0,0,0,0,5,7,7,13,7,5,8,4,5,2,2,0,0,0,0,0,0,0,0,0,0,0,0,0,0,0,0,0,0,0,0,0,0,0,0,0,0,0,0,0,0,0,0,0,0,0,0,0,0,0,0,0,0,0,0,0,0,0,0,25,29,4,1,10,10,12,11,21,9
164,1,69,69,1,64,64,0,1,0,68,0,27776,27776,2711,2711,0,9855,17921,0,0,0,868,27776,2933,1632,32,1023,10,14,0,1048576,0,0,0,inf,0.969800949,0.969800949,0.879686236,1,0,10,69,2,21,46,1,2176,760,800,800,356,25600,9095,1632,3494,1023,1023,1023,1023,642,0,1023,0,0,0,1,0,0,2,4,6,10,5,8,11,4,8,5,0,2,2,0,0,0,0,0,0,0,0,0,0,0,0,0,0,0,0,0,0,0,0,0,0,0,0,0,0,0,0,0,0,0,0,0,0,0,0,0,0,0,0,0,0,0,0,0,0,6,7,7,7,30,5,6,9,9,17
165,1,68,69,3,64,64,0,0,0,67,0,19776,19776,2473,2473,0,6963,12813,0,0,0,618,19776,2365,1322,32,1023,10,14,0,1048576,0,0,0,inf,inf,0.943835378,0.823813438,1,0,10,68,2,30,36,1,2144,834,551,551,215,17632,6129,1322,2225,1023,1023,1023,1023,64,0,1023,0,0,0,1,0,1,2,4,5,4,6,9,5,4,6,2,5,4,3,1,3,1,0,1,0,0,0,0,0,0,0,0,0,0,0,0,0,0,0,0,0,0,0,0,0,0,0,0,0,0,0,0,0,0,0,0,0,0,0,0,0,0,0,0,0,4,5,5,5,5,5,10,5,4,4
166,1,69,69,1,64,64,0,1,0,68,0,13344,13344,999,999,0,5373,7971,0,0,0,417,13344,1633,1120,32,1023,10,14,0,1048576,0,0,0,inf,0.980129123,1.01655769,0.926929951,1,0,10,69,2,49,19,0,2176,1073,349,349,189,11168,4300,1120,2221,1023,1023,1023,1023,136,0,1023,0,0,0,0,0,0,1,1,1,4,4,4,4,3,4,5,6,4,4,4,8,6,0,4,1,0,0,0,0,0,0,0,0,0,0,0,0,0,0,0,0,0,0,0,0,0,0,0,0,0,0,0,0,0,0,0,0,0,0,0,0,0,0,0,0,13,14,4,5,14,5,8,6,12,4
167,1,69,69,2,64,64,0,0,0,68,0,17056,17056,1363,1363,0,5909,11147,0,0,0,533,17056,1806,1167,32,1023,10,14,0,1048576,0,0,0,inf,inf,0.94408834,0.843918324,1,0,10,69,2,43,23,2,2176,920,465,465,239,14880,4989,1167,2256,1023,1023,1023,1023,256,0,1023,0,0,1,0,1,2,1,4,2,2,3,4,5,5,12,1,4,7,5,2,5,1,1,0,0,0,0,0,0,0,0,0,0,0,0,0,0,0,0,0,0,0,0,0,0,0,0,0,0,0,0,0,0,0,0,0,0,0,0,0,0,0,0,0,0,8,4,7,5,17,9,10,8,36,10
168,1,67,69,3,64,64,0,0,0,66,0,19008,19008,1708,1708,0,6926,12082,0,0,0,594,19008,2240,1336,32,1023,10,14,0,1048576,0,0,0,inf,inf,1.01114821,0.891382456,1,0,10,67,2,34,32,0,2112,839,528,528,238,16896,6087,1336,2594,1023,1023,1023,1023,485,0,1023,0,0,0,0,0,2,1,4,7,5,4,5,4,7,4,4,3,7,2,2,4,0,0,1,0,0,0,0,0,0,0,0,0,0,0,0,0,0,0,0,0,0,0,0,0,0,0,0,0,0,0,0,0,0,0,0,0,0,0,0,0,0,0,0,0,8,3,6,3,6,7,26,4,8,4
169,1,67,69,3,64,64,0,0,0,66,0,23776,23776,4535,4535,0,7001,16775,0,0,0,743,23776,3246,1431,32,1023,10,14,0,1048576,0,0,0,inf,inf,0.84523654,0.728612304,1,0,10,67,2,5,59,2,2112,606,677,677,94,21664,6395,1431,1122,1023,1023,1023,1023,444,0,1023,0,0,0,1,1,3,3,8,11,9,11,6,8,2,2,1,0,0,0,0,0,0,0,0,0,0,0,0,0,0,0,0,0,0,0,0,0,0,0,0,0,0,0,0,0,0,0,0,0,0,0,0,0,0,0,0,0,0,0,0,0,0,0,0,0,3,2,4,4,3,4,2,7,4,3
170,1,67,69,3,64,64,0,0,0,66,0,44128,44128,4578,4578,0,7924,36204,0,0,0,1379,44128,3001,1696,32,1023,10,14,0,1048576,0,0,0,inf,inf,1.03216696,0.926455259,1,0,10,67,2,0,43,23,2112,362,1313,1313,252,42016,7562,1696,942,506,1023,1023,1023,930,0,1023,0,5,3,5,10,11,10,10,5,4,0,1,2,0,0,0,0,0,0,0,0,0,0,0,0,0,0,0,0,0,0,0,0,0,0,0,0,0,0,0,0,0,0,0,0,0,0,0,0,0,0,0,0,0,0,0,0,0,0,0,0,0,0,0,0,3,8,2,3,27,8,13,6,5,12
171,1,68,69,3,64,64,0,0,0,67,0,16800,16800,1244,1244,0,6247,10553,0,0,0,525,16800,1894,1213,32,1023,10,14,0,1048576,0,0,0,inf,inf,0.957613111,0.849484324,1,0,10,68,2,42,25,0,2144,969,458,458,234,14656,5278,1213,2637,1023,1023,1023,1023,0,0,1023,0,0,0,0,0,1,1,1,5,1,4,7,5,3,5,5,7,5,5,3,3,2,1,2,0,0,0,1,0,0,0,0,0,0,0,0,0,0,0,0,0,0,0,0,0,0,0,0,0,0,0,0,0,0,0,0,0,0,0,0,0,0,0,0,0,4,3,4,4,4,14,4,6,6,4
172,1,68,69,3,64,64,0,0,0,67,0,19392,19392,1727,1727,0,7101,12291,0,0,0,606,19392,2361,1406,32,1023,10,14,0,1048576,0,0,0,inf,inf,1.00600326,0.9153018,1,0,10,68,2,33,34,0,2144,848,539,539,247,17248,6253,1406,2686,1023,1023,1023,1023,578,0,1023,0,0,0,0,0,2,1,4,6,6,5,6,4,4,7,6,2,7,1,1,3,0,0,1,0,0,0,1,0,0,0,0,0,0,0,0,0,0,0,0,0,0,0,0,0,0,0,0,0,0,0,0,0,0,0,0,0,0,0,0,0,0,0,0,0,3,10,8,4,3,7,8,5,8,10
173,1,68,69,3,64,64,0,0,0,67,0,41056,41056,4485,4485,0,8510,32546,0,0,0,1283,41056,3567,1824,32,1023,10,14,0,1048576,0,0,0,inf,inf,1.05365205,0.927531481,1,0,10,68,2,0,58,9,2144,466,1216,1216,277,38912,8044,1824,1354,1023,1023,1023,1023,0,0,1023,0,0,3,2,4,15,7,8,8,9,5,2,4,0,0,0,0,0,0,0,0,0,0,0,0,0,0,0,0,0,0,0,0,0,0,0,0,0,0,0,0,0,0,0,0,0,0,0,0,0,0,0,0,0,0,0,0,0,0,0,0,0,0,0,0,5,4,4,6,6,6,4,7,4,5
174,1,68,69,3,64,64,0,0,0,67,0,16384,16384,1835,1835,0,6128,10256,0,0,0,512,16384,2079,1237,32,1023,10,14,0,1048576,0,0,0,inf,inf,1.02977157,0.908842504,1,0,10,68,2,37,30,0,2144,917,445,445,198,14240,5211,1237,2115,1023,1023,1023,1023,78,0,1023,0,0,0,0,0,1,0,0,6,4,5,8,6,4,6,3,4,6,5,3,4,1,0,1,0,0,0,0,0,0,0,0,0,0,0,0,0,0,0,0,0,0,0,0,0,0,0,0,0,0,0,0,0,0,0,0,0,0,0,0,0,0,0,0,0,4,9,6,5,5,4,12,3,13,8
175,1,67,69,3,64,64,0,0,0,66,0,34144,34144,2073,2073,0,11098,23046,0,0,0,1067,34144,3254,1800,32,1023,10,14,0,1048576,0,0,0,inf,inf,0.998763442,0.935242772,1,0,10,67,2,13,53,0,2112,690,1001,1001,548,32032,10408,1800,4503,1007,1023,1023,1023,902,0,1023,0,0,0,0,0,1,1,5,8,12,7,11,8,6,2,3,0,2,0,0,0,0,0,0,0,0,0,0,0,0,0,0,0,0,0,0,0,0,0,0,0,0,0,0,0,0,0,0,0,0,0,0,0,0,0,0,0,0,0,0,0,0,0,0,0,2,17,58,6,10,10,17,16,10,22
176,1,69,69,1,64,64,0,1,0,68,0,36000,36000,2828,2828,0,11109,24891,0,0,0,1125,36000,3469,1897,32,1023,10,14,0,1048576,0,0,0,inf,0.943998337,0.943998337,0.86269784,1,0,10,69,2,11,55,2,2176,667,1057,1057,430,33824,10442,1897,4143,511,1023,1023,1023,513,0,1023,0,0,1,0,1,5,8,7,9,6,7,7,6,1,1,1,1,2,1,1,1,0,1,1,0,0,0,0,0,0,0,0,0,0,0,0,0,0,0,0,0,0,0,0,0,0,0,0,0,0,0,0,0,0,0,0,0,0,0,0,0,0,0,0,0,6,7,7,8,7,6,7,7,5,12
177,1,69,69,1,64,64,0,5,0,68,0,17568,17568,3337,3337,0,5276,12292,0,0,0,549,17568,3125,1403,32,1023,10,14,0,1048576,0,0,0,inf,0.832162499,0.857114196,0.682455063,1,0,10,69,2,10,56,2,2176,658,481,481,84,15392,4618,1403,853,1023,1023,1023,1023,288,0,1023,0,0,0,0,2,1,7,9,8,15,8,5,3,1,1,4,0,0,1,0,1,0,1,1,0,0,0,0,0,0,0,0,0,0,0,0,0,0,0,0,0,0,0,0,0,0,0,0,0,0,0,0,0,0,0,0,0,0,0,0,0,0,0,0,0,11,10,10,10,10,13,10,11,12,10
178,1,67,69,3,64,64,0,0,0,66,0,41280,41280,4151,4151,0,8825,32455,0,0,0,1290,41280,3481,1848,32,1023,10,14,0,1048576,0,0,0,inf,inf,0.979521275,0.873917401,1,0,10,67,2,1,55,10,2112,452,1224,1224,340,39168,8373,1848,1644,1023,1023,1023,1023,16,0,1023,0,1,0,5,4,9,11,11,8,10,2,3,1,1,0,0,0,0,0,0,0,0,0,0,0,0,0,0,0,0,0,0,0,0,0,0,0,0,0,0,0,0,0,0,0,0,0,0,0,0,0,0,0,0,0,0,0,0,0,0,0,0,0,0,0,3,4,4,4,11,4,7,4,2,5
179,1,68,69,3,64,64,0,0,0,67,0,20064,20064,2467,2467,0,6943,13121,0,0,0,627,20064,2308,1285,32,1023,10,14,0,1048576,0,0,0,inf,inf,1.03587604,0.891320944,1,0,10,68,2,31,35,1,2144,797,560,560,225,17920,6146,1285,2095,1023,1023,1023,1023,568,0,1023,0,0,0,0,1,0,1,4,1,4,7,12,6,12,8,6,3,1,1,0,0,0,0,0,0,0,0,0,0,0,0,0,0,0,0,0,0,0,0,0,0,0,0,0,0,0,0,0,0,0,0,0,0,0,0,0,0,0,0,0,0,0,0,0,0,7,7,6,9,8,9,6,7,7,12
180,1,69,69,2,64,64,0,0,0,68,0,16896,16896,2119,2119,0,6050,10846,0,0,0,528,16896,2010,1161,32,1023,10,14,0,1048576,0,0,0,inf,inf,0.94218576,0.85433346,1,0,10,69,2,39,29,0,2176,933,460,460,170,14720,5117,1161,1835,1007,1023,1023,1023,274,0,1023,0,0,0,0,0,4,2,0,6,4,4,3,6,6,1,4,3,4,8,4,6,2,1,0,0,0,0,0,0,0,0,0,0,0,0,0,0,0,0,0,0,0,0,0,0,0,0,0,0,0,0,0,0,0,0,0,0,0,0,0,0,0,0,0,0,5,7,4,6,25,5,4,26,7,6
181,1,68,69,3,64,64,0,0,0,67,0,18304,18304,1691,1691,0,6720,11584,0,0,0,572,18304,2121,1297,32,1023,10,14,0,1048576,0,0,0,inf,inf,0.982776225,0.893632293,1,0,10,68,2,38,29,0,2144,906,505,505,225,16160,5814,1297,2450,1023,1023,1023,1023,81,0,1023,0,0,0,0,0,1,0,2,5,4,7,5,5,4,7,7,5,3,4,2,1,2,1,2,0,0,0,0,0,0,0,0,0,0,0,0,0,0,0,0,0,0,0,0,0,0,0,0,0,0,0,0,0,0,0,0,0,0,0,0,0,0,0,0,0,11,9,6,11,32,9,6,11,4,6
182,1,68,69,3,64,64,0,0,0,67,0,44672,44672,4845,4845,0,8372,36300,0,0,0,1396,44672,3097,1741,32,1023,10,14,0,1048576,0,0,0,inf,inf,1.0379591,0.915655971,1,0,10,68,2,0,45,22,2144,387,1329,1329,207,42528,7985,1741,1027,1023,1023,1023,1023,0,0,1023,1,2,1,7,11,11,9,10,3,8,2,1,1,0,0,0,0,0,0,0,0,0,0,0,0,0,0,0,0,0,0,0,0,0,0,0,0,0,0,0,0,0,0,0,0,0,0,0,0,0,0,0,0,0,0,0,0,0,0,0,0,0,0,0,0,8,4,7,4,3,4,5,4,5,3
183,1,69,69,2,64,64,0,0,0,68,0,9472,9472,857,857,0,3967,5505,0,0,0,296,9472,1280,954,32,1023,10,14,0,1048576,0,0,0,inf,inf,0.975593686,0.87713623,1,0,10,69,2,56,12,0,2176,1146,228,228,124,7296,2821,954,1489,1023,431,1023,1023,128,0,1023,0,0,0,0,0,1,2,0,0,1,2,2,4,1,3,1,7,10,8,8,7,5,4,0,1,1,0,0,0,0,0,0,0,0,0,0,0,0,0,0,0,0,0,0,0,0,0,0,0,0,0,0,0,0,0,0,0,0,0,0,0,0,0,0,0,37,10,13,14,9,9,10,40,8,5
184,1,68,69,3,64,64,0,0,0,67,0,40352,40352,4906,4906,0,7248,33104,0,0,0,1261,40352,2999,1525,32,1023,10,14,0,1048576,0,0,0,inf,inf,1.02745032,0.901886225,1,0,10,68,2,0,48,19,2144,405,1194,1194,128,38208,6843,1525,650,1023,1023,1023,1023,800,0,1023,1,2,3,7,6,8,10,12,7,5,2,1,3,0,0,0,0,0,0,0,0,0,0,0,0,0,0,0,0,0,0,0,0,0,0,0,0,0,0,0,0,0,0,0,0,0,0,0,0,0,0,0,0,0,0,0,0,0,0,0,0,0,0,0,0,4,13,4,5,5,7,5,5,15,6
185,1,67,69,3,64,64,0,0,0,66,0,25792,25792,1875,1875,0,9048,16744,0,0,0,806,25792,2584,1490,32,1023,10,14,0,1048576,0,0,0,inf,inf,1.01518071,0.923889041,1,0,10,67,2,25,40,1,2112,749,740,740,400,23680,8299,1490,3774,1023,1023,1023,1023,577,0,1023,0,0,0,0,1,0,4,2,5,10,8,4,7,7,9,3,2,0,1,3,0,0,0,0,0,0,0,0,0,0,0,0,0,0,0,0,0,0,0,0,0,0,0,0,0,0,0,0,0,0,0,0,0,0,0,0,0,0,0,0,0,0,0,0,0,6,6,10,23,11,7,38,6,60,8
186,1,68,69,3,64,64,0,0,0,67,0,6336,6336,649,649,0,2743,3593,0,0,0,198,6336,920,756,32,1023,10,14,0,1048576,0,0,0,inf,inf,0.976404607,0.879939795,1,0,10,68,2,61,6,0,2144,1169,131,131,83,4192,1574,756,1019,1023,287,1023,1023,20,0,1023,0,0,0,0,0,1,1,0,0,0,1,1,2,3,7,1,5,10,6,8,8,3,6,3,0,0,0,1,0,0,0,0,0,0,0,0,0,0,0,0,0,0,0,0,0,0,0,0,0,0,0,0,0,0,0,0,0,0,0,0,0,0,0,0,0,5,5,30,30,28,10,32,11,39,6
187,1,69,69,2,64,64,0,0,0,68,0,30048,30048,3166,3166,0,9936,20112,0,0,0,939,30048,3008,1642,32,1023,10,14,0,1048576,0,0,0,inf,inf,0.978300333,0.901703238,1,0,10,69,2,18,48,2,2176,716,871,871,379,27872,9220,1642,3307,1023,1023,1023,1023,5,0,1023,0,0,0,0,2,0,7,4,4,6,12,10,5,6,6,1,2,2,0,1,0,0,0,0,0,0,0,0,0,0,0,0,0,0,0,0,0,0,0,0,0,0,0,0,0,0,0,0,0,0,0,0,0,0,0,0,0,0,0,0,0,0,0,0,0,17,13,18,11,16,15,13,15,16,15
188,1,69,69,1,64,64,0,4,0,68,0,4000,4000,683,683,0,2016,1984,0,0,0,125,4000,815,726,32,1023,10,14,0,1048576,0,0,0,inf,0.973678172,0.97556895,0.874486685,1,0,10,69,2,65,3,0,2176,1224,57,57,33,1824,792,726,414,1023,439,1023,1023,0,0,1023,0,0,0,0,0,0,0,0,0,0,0,1,2,4,6,2,4,10,7,10,7,4,8,2,0,0,0,1,0,0,0,0,0,0,0,0,0,0,0,0,0,0,0,0,0,0,0,0,0,0,0,0,0,0,0,0,0,0,0,0,0,0,0,0,0,11,10,50,10,9,10,9,12,10,8
189,1,67,69,3,64,64,0,0,0,66,0,26560,26560,3939,3939,0,8778,17782,0,0,0,830,26560,3016,1415,32,1023,10,14,0,1048576,0,0,0,inf,inf,0.908695042,0.803049207,1,0,10,67,2,12,54,0,2112,664,764,764,253,24448,8114,1415,2414,1023,1023,1023,1023,669,0,1023,0,0,0,0,0,0,8,5,7,9,9,8,8,5,3,2,1,1,0,0,0,0,0,0,0,0,0,0,0,0,0,0,0,0,0,0,0,0,0,0,0,0,0,0,0,0,0,0,0,0,0,0,0,0,0,0,0,0,0,0,0,0,0,0,0,8,2,6,7,5,5,5,6,7,12
190,1,69,69,2,64,64,0,0,0,68,0,19520,19520,1217,1217,0,7273,12247,0,0,0,610,19520,2167,1384,32,1023,10,14,0,1048576,0,0,0,inf,inf,1.01095891,0.923845053,1,0,10,69,2,38,29,1,2176,928,542,542,300,17344,6345,1384,3094,1023,1023,1023,1023,640,0,1023,0,0,0,0,1,1,0,2,4,6,8,4,4,5,5,1,6,6,2,6,1,4,1,1,0,0,0,0,0,0,0,0,0,0,0,0,0,0,0,0,0,0,0,0,0,0,0,0,0,0,0,0,0,0,0,0,0,0,0,0,0,0,0,0,0,11,10,6,16,5,7,4,65,10,10
191,1,69,69,1,64,64,0,1,0,68,0,24352,24352,3095,3095,0,8595,15757,0,0,0,761,24352,2868,1519,32,1023,10,14,0,1048576,0,0,0,inf,1.08496881,1.08496881,0.942018032,1,0,10,69,2,20,47,1,2176,766,693,693,258,22176,7829,1519,2487,1023,1023,1023,1023,601,0,1023,0,0,0,0,1,0,3,1,1,11,8,14,9,7,2,9,1,0,1,0,0,0,0,0,0,0,0,0,0,0,0,0,0,0,0,0,0,0,0,0,0,0,0,0,0,0,0,0,0,0,0,0,0,0,0,0,0,0,0,0,0,0,0,0,0,9,10,9,8,8,9,9,9,9,16
192,1,68,69,3,64,64,0,0,0,67,0,22976,22976,1767,1767,0,8556,14420,0,0,0,718,22976,2454,1482,32,1023,10,14,0,1048576,0,0,0,inf,inf,1.06584537,0.961044908,1,0,10,68,2,29,36,2,2144,855,651,651,320,20832,7701,1482,3560,1019,1023,1023,1023,64,0,1023,0,0,1,0,1,0,2,0,6,7,4,6,11,4,3,1,4,8,3,2,1,2,0,0,0,1,0,0,0,0,0,0,0,0,0,0,0,0,0,0,0,0,0,0,0,0,0,0,0,0,0,0,0,0,0,0,0,0,0,0,0,0,0,0,0,8,9,11,9,19,7,9,6,15,8
193,1,67,69,3,64,64,0,0,0,66,0,47040,47040,4096,4096,0,8688,38352,0,0,0,1470,47040,3300,1875,32,1023,10,14,0,1048576,0,0,0,inf,inf,1.11138201,1.00549722,1,0,10,67,2,0,48,18,2112,384,1404,1404,333,44928,8304,1875,1544,1023,1023,1023,1023,32,0,1023,1,3,2,3,9,11,16,6,4,7,1,2,1,0,0,0,0,0,0,0,0,0,0,0,0,0,0,0,0,0,0,0,0,0,0,0,0,0,0,0,0,0,0,0,0,0,0,0,0,0,0,0,0,0,0,0,0,0,0,0,0,0,0,0,0,7,12,19,13,18,15,7,15,14,26
194,1,69,69,1,64,64,0,1,0,68,0,17248,17248,1937,1937,0,6189,11059,0,0,0,539,17248,2076,1227,32,1023,10,14,0,1048576,0,0,0,inf,1.03332019,1.03332019,0.882946014,1,0,10,69,2,38,29,1,2176,898,471,471,194,15072,5291,1227,1937,1023,1023,1023,1023,300,0,1023,0,0,0,0,1,1,3,3,6,3,3,6,4,5,6,1,8,7,3,2,4,0,0,1,0,1,0,0,0,0,0,0,0,0,0,0,0,0,0,0,0,0,0,0,0,0,0,0,0,0,0,0,0,0,0,0,0,0,0,0,0,0,0,0,0,7,6,7,7,6,8,8,6,14,6
195,1,67,69,3,64,64,0,0,0,66,0,30784,30784,2594,2594,0,10220,20564,0,0,0,962,30784,3132,1712,32,1023,10,14,0,1048576,0,0,0,inf,inf,1.04774368,0.958303809,1,0,10,67,2,15,51,0,2112,691,896,896,429,28672,9529,1712,3610,1023,1023,1023,1023,353,0,1023,0,0,0,0,0,2,2,4,6,11,8,10,8,7,4,3,1,0,0,0,0,0,0,0,0,0,0,0,0,0,0,0,0,0,0,0,0,0,0,0,0,0,0,0,0,0,0,0,0,0,0,0,0,0,0,0,0,0,0,0,0,0,0,0,0,5,10,3,4,11,28,6,4,20,25
196,1,69,69,1,64,64,0,2,0,68,0,30432,30432,3631,3631,0,9574,20858,0,0,0,951,30432,3251,1729,32,1023,10,14,0,1048576,0,0,0,inf,1.01602364,1.0165925,0.917824626,1,0,10,69,2,13,52,3,2176,652,883,883,288,28256,8922,1729,2791,895,1023,1023,1023,714,0,1023,0,0,0,1,2,3,1,10,10,8,5,9,6,8,2,3,0,0,0,0,0,0,0,0,0,0,0,0,0,0,0,0,0,0,0,0,0,0,0,0,0,0,0,0,0,0,0,0,0,0,0,0,0,0,0,0,0,0,0,0,0,0,0,0,0,9,11,8,16,7,6,19,28,8,14
197,1,69,69,1,64,64,0,1,0,68,0,17824,17824,1802,1802,0,6412,11412,0,0,0,557,17824,2098,1256,32,1023,10,14,0,1048576,0,0,0,inf,1.0084821,1.0084821,0.923135638,1,0,10,69,2,38,29,1,2176,903,489,489,212,15648,5509,1256,2209,1023,1023,1023,1023,768,0,1023,0,0,0,0,1,2,3,2,5,2,4,7,4,7,4,2,6,5,4,4,4,0,0,1,0,1,0,0,0,0,0,0,0,0,0,0,0,0,0,0,0,0,0,0,0,0,0,0,0,0,0,0,0,0,0,0,0,0,0,0,0,0,0,0,0,8,7,6,8,6,9,6,5,32,9
198,1,68,69,3,64,64,0,0,0,67,0,27488,27488,2454,2454,0,9272,18216,0,0,0,859,27488,2925,1589,32,1023,10,14,0,1048576,0,0,0,inf,inf,1.05801153,0.937933862,1,0,10,68,2,20,47,0,2144,726,792,792,345,25344,8546,1589,3349,1023,1023,1023,1023,277,0,1023,0,0,0,0,0,3,2,1,8,7,10,8,8,8,7,3,1,0,1,0,0,0,0,0,0,0,0,0,0,0,0,0,0,0,0,0,0,0,0,0,0,0,0,0,0,0,0,0,0,0,0,0,0,0,0,0,0,0,0,0,0,0,0,0,0,4,3,19,3,4,4,5,5,10,5
199,1,67,69,3,64,64,0,0,0,66,0,43232,43232,3992,3992,0,8117,35115,0,0,0,1351,43232,3041,1672,32,1023,10,14,0,1048576,0,0,0,inf,inf,1.0489074,0.954860687,1,0,10,67,2,2,46,18,2112,408,1285,1285,294,41120,7709,1672,1425,1023,1023,1023,1023,96,0,1023,0,1,4,4,9,10,15,6,6,4,2,2,1,0,0,1,1,0,0,0,0,0,0,0,0,0,0,0,0,0,0,0,0,0,0,0,0,0,0,0,0,0,0,0,0,0,0,0,0,0,0,0,0,0,0,0,0,0,0,0,0,0,0,0,0,6,5,5,5,7,5,7,4,3,6
200,1,67,69,3,64,64,0,0,0,66,0,19712,19712,1858,1858,0,7303,12409,0,0,0,616,19712,2360,1399,32,1023,10,14,0,1048576,0,0,0,inf,inf,1.00178838,0.872662306,1,0,10,67,2,32,34,0,2112,837,550,550,237,17600,6466,1399,2580,895,1023,1023,1023,596,0,1023,0,0,0,0,0,1,1,2,7,6,8,5,4,5,7,4,4,4,1,1,2,2,1,1,0,0,0,0,0,0,0,0,0,0,0,0,0,0,0,0,0,0,0,0,0,0,0,0,0,0,0,0,0,0,0,0,0,0,0,0,0,0,0,0,0,3,3,14,3,23,4,14,24,3,8
201,1,67,69,3,64,64,0,0,0,66,0,16992,16992,1844,1844,0,6444,10548,0,0,0,531,16992,2013,1198,32,1023,10,14,0,1048576,0,0,0,inf,inf,1.06211329,0.940968752,1,0,10,67,2,37,28,1,2112,857,465,465,213,14880,5587,1198,2352,1023,1023,1023,1023,0,0,1023,0,0,0,0,1,2,2,2,4,3,3,7,5,8,7,3,2,7,4,2,2,1,1,0,0,0,0,0,0,0,0,0,0,0,0,0,0,0,0,0,0,0,0,0,0,0,0,0,0,0,0,0,0,0,0,0,0,0,0,0,0,0,0,0,0,3,3,8,2,3,2,2,2,2,8
202,1,68,69,3,64,64,0,0,0,67,0,25536,25536,2675,2675,0,8799,16737,0,0,0,798,25536,2969,1633,32,1023,10,14,0,1048576,0,0,0,inf,inf,1.05290043,0.927160323,1,0,10,68,2,20,47,0,2144,759,731,731,311,23392,8040,1633,2791,1023,1023,1023,1023,64,0,1023,0,0,0,0,0,0,2,5,2,11,9,8,10,6,4,6,1,0,1,1,0,0,1,0,0,0,0,0,0,0,0,0,0,0,0,0,0,0,0,0,0,0,0,0,0,0,0,0,0,0,0,0,0,0,0,0,0,0,0,0,0,0,0,0,0,6,5,5,5,5,5,22,5,22,5
203,1,67,69,3,64,64,0,0,0,66,0,20512,20512,1923,1923,0,7526,12986,0,0,0,641,20512,2373,1374,32,1023,10,14,0,1048576,0,0,0,inf,inf,1.03364277,0.943182468,1,0,10,67,2,31,35,0,2112,834,575,575,248,18400,6692,1374,2706,1023,1023,1023,1023,272,0,1023,0,0,0,0,0,2,2,0,8,3,8,8,4,5,7,2,4,4,2,2,2,1,1,1,0,0,0,0,0,0,0,0,0,0,0,0,0,0,0,0,0,0,0,0,0,0,0,0,0,0,0,0,0,0,0,0,0,0,0,0,0,0,0,0,0,5,4,3,8,7,4,8,12,8,4
204,1,69,69,1,64,64,0,8,0,68,0,17312,17312,3125,3125,0,5361,11951,0,0,0,541,17312,3016,1364,32,1023,10,14,0,1048576,0,0,0,inf,0.882529974,0.929030776,0.754017949,1,0,10,69,2,12,54,2,2176,678,473,473,95,15136,4683,1364,1159,1023,1023,1023,1023,7,0,1023,0,0,0,0,2,2,6,8,8,14,7,6,3,1,2,4,0,0,1,0,1,0,2,1,0,0,0,0,0,0,0,0,0,0,0,0,0,0,0,0,0,0,0,0,0,0,0,0,0,0,0,0,0,0,0,0,0,0,0,0,0,0,0,0,0,13,14,13,13,12,12,14,12,12,13
205,1,68,69,3,64,64,0,0,0,67,0,23872,23872,2125,2125,0,8336,15536,0,0,0,746,23872,2539,1404,32,1023,10,14,0,1048576,0,0,0,inf,inf,1.04682231,0.903935313,1,0,10,68,2,26,41,0,2144,777,679,679,331,21728,7559,1404,3169,511,1023,1023,1023,11,0,1023,0,0,0,0,0,0,1,4,3,8,8,6,11,9,9,5,1,1,1,0,0,0,0,0,0,0,0,0,0,0,0,0,0,0,0,0,0,0,0,0,0,0,0,0,0,0,0,0,0,0,0,0,0,0,0,0,0,0,0,0,0,0,0,0,0,6,6,6,6,5,5,6,5,5,5
206,1,68,69,3,64,64,0,0,0,67,0,37120,37120,4601,4601,0,6822,30298,0,0,0,1160,37120,2904,1474,32,1023,10,14,0,1048576,0,0,0,inf,inf,1.03569674,0.936879516,1,0,10,68,2,0,46,21,2144,382,1093,1093,175,34976,6440,1474,668,767,1023,1023,1023,386,0,1023,0,2,5,5,9,12,9,12,3,6,2,1,1,0,0,0,0,0,0,0,0,0,0,0,0,0,0,0,0,0,0,0,0,0,0,0,0,0,0,0,0,0,0,0,0,0,0,0,0,0,0,0,0,0,0,0,0,0,0,0,0,0,0,0,0,4,7,4,4,4,6,3,7,10,3
207,1,66,69,3,64,64,0,0,0,65,0,24352,24352,1863,1863,0,8793,15559,0,0,0,761,24352,2550,1452,32,1023,10,14,0,1048576,0,0,0,inf,inf,0.997571826,0.890758812,1,0,10,66,2,25,40,0,2080,768,696,696,362,22272,8025,1452,3652,895,1023,1023,1023,774,0,1023,0,0,0,0,0,1,2,2,3,5,5,7,15,7,9,4,3,1,0,1,0,0,0,0,0,0,0,0,0,0,0,0,0,0,0,0,0,0,0,0,0,0,0,0,0,0,0,0,0,0,0,0,0,0,0,0,0,0,0,0,0,0,0,0,0,2,4,30,5,3,2,3,15,9,8
208,1,67,69,3,64,64,0,0,0,66,0,9120,9120,1441,1441,0,3830,5290,0,0,0,285,9120,1199,772,32,1023,10,14,0,1048576,0,0,0,inf,inf,0.967721581,0.845555186,1,0,10,67,2,51,15,0,2112,1113,219,219,98,7008,2717,772,1159,1015,1023,1023,1023,8,0,1023,0,0,0,0,0,0,1,0,2,2,4,2,4,5,4,1,6,2,6,3,4,5,7,5,0,1,1,1,0,0,0,0,0,0,0,0,0,0,0,0,0,0,0,0,0,0,0,0,0,0,0,0,0,0,0,0,0,0,0,0,0,0,0,0,0,2,3,2,5,7,3,3,3,3,3
209,1,67,69,3,64,64,0,0,0,66,0,31168,31168,5058,5058,0,7528,23640,0,0,0,974,31168,3212,1364,32,1023,10,14,0,1048576,0,0,0,inf,inf,0.931013465,0.84200716,1,0,10,67,2,2,61,3,2112,527,908,908,167,29056,7001,1364,968,959,1023,1023,1023,656,0,1023,0,1,0,1,1,7,5,13,10,11,9,5,1,1,1,0,0,0,0,0,0,0,0,0,0,0,0,0,0,0,0,0,0,0,0,0,0,0,0,0,0,0,0,0,0,0,0,0,0,0,0,0,0,0,0,0,0,0,0,0,0,0,0,0,0,3,3,3,3,4,3,10,4,5,6
210,1,68,69,3,64,64,0,0,0,67,0,22048,22048,2161,2161,0,7637,14411,0,0,0,689,22048,2420,1351,32,1023,10,14,0,1048576,0,0,0,inf,inf,1.11764264,0.998067737,1,0,10,68,2,30,37,0,2144,769,622,622,275,19904,6868,1351,2724,1023,1023,1023,1023,512,0,1023,0,0,0,0,0,1,4,3,3,6,7,4,9,13,9,6,1,0,1,0,0,0,0,0,0,0,0,0,0,0,0,0,0,0,0,0,0,0,0,0,0,0,0,0,0,0,0,0,0,0,0,0,0,0,0,0,0,0,0,0,0,0,0,0,0,5,5,7,4,5,4,7,7,7,8
211,1,67,69,3,64,64,0,0,0,66,0,44096,44096,3943,3943,0,8122,35974,0,0,0,1378,44096,3193,1760,32,1023,10,14,0,1048576,0,0,0,inf,inf,1.07163715,0.959980845,1,0,10,67,2,0,48,18,2112,385,1312,1312,290,41984,7737,1760,1315,1023,1023,1023,1023,512,0,1023,0,2,1,9,6,15,8,13,2,5,1,3,1,0,0,0,0,0,0,0,0,0,0,0,0,0,0,0,0,0,0,0,0,0,0,0,0,0,0,0,0,0,0,0,0,0,0,0,0,0,0,0,0,0,0,0,0,0,0,0,0,0,0,0,0,4,5,12,5,6,4,5,2,5,6
212,1,69,69,1,64,64,0,1,0,68,0,16320,16320,1388,1388,0,5980,10340,0,0,0,510,16320,1958,1230,32,1023,10,14,0,1048576,0,0,0,inf,0.95391345,0.95391345,0.870673418,1,0,10,69,2,41,27,0,2176,977,442,442,220,14144,5003,1230,2375,1023,1023,1023,1023,12,0,1023,0,0,0,0,0,0,1,1,2,4,6,6,7,5,7,2,5,3,3,5,5,3,3,0,0,0,0,0,0,0,0,0,0,0,0,0,0,0,0,0,0,0,0,0,0,0,0,0,0,0,0,0,0,0,0,0,0,0,0,0,0,0,0,0,0,7,11,7,12,11,35,7,6,6,5
213,1,69,69,1,64,64,0,2,0,68,0,19040,19040,1253,1253,0,6968,12072,0,0,0,595,19040,1998,1245,32,1023,10,14,0,1048576,0,0,0,inf,1.00995207,1.01163673,0.868914485,1,0,10,69,2,39,29,0,2176,911,527,527,284,16864,6057,1245,3052,991,1023,1023,1023,1,0,1023,0,0,0,0,0,0,2,0,3,4,7,9,4,8,7,4,6,4,3,1,4,1,1,0,0,0,0,0,0,0,0,0,0,0,0,0,0,0,0,0,0,0,0,0,0,0,0,0,0,0,0,0,0,0,0,0,0,0,0,0,0,0,0,0,0,11,11,12,13,10,7,13,13,13,13
214,1,69,69,1,64,64,0,1,0,68,0,18432,18432,1538,1538,0,6835,11597,0,0,0,576,18432,2038,1262,32,1023,10,14,0,1048576,0,0,0,inf,0.940752208,0.940752208,0.858235836,1,0,10,69,2,39,28,1,2176,945,508,508,255,16256,5890,1262,2769,1023,1023,1023,1023,260,0,1023,0,0,0,1,0,0,1,0,4,6,6,3,8,6,4,5,5,3,2,6,3,1,2,2,0,0,0,0,0,0,0,0,0,0,0,0,0,0,0,0,0,0,0,0,0,0,0,0,0,0,0,0,0,0,0,0,0,0,0,0,0,0,0,0,0,16,11,16,17,12,12,7,7,15,12
215,1,69,69,2,64,64,0,0,0,68,0,17888,17888,2167,2167,0,6618,11270,0,0,0,559,17888,2294,1312,32,1023,10,14,0,1048576,0,0,0,inf,inf,0.964954853,0.79493016,1,0,10,69,2,34,34,0,2176,927,491,491,195,15712,5691,1312,2197,1023,1023,1023,1023,288,0,1023,0,0,0,0,0,2,1,4,1,4,7,3,12,2,5,3,2,5,2,6,6,2,1,0,0,0,0,0,0,0,0,0,0,0,0,0,0,0,0,0,0,0,0,0,0,0,0,0,0,0,0,0,0,0,0,0,0,0,0,0,0,0,0,0,0,6,6,10,6,6,6,5,7,8,7
216,0.899999976,68,69,3,64,64,0,0,0,67,0,7712,7712,806,806,0,3011,4701,0,0,0,241,7712,968,740,32,1015,10,14,0,1048576,0,0,0,inf,inf,0.91145128,0.828036308,1,0,10,68,2,59,8,0,2144,1126,174,174,110,5568,1885,740,1053,1015,1013,1015,1015,0,0,1015,0,0,0,0,0,2,1,0,1,1,1,2,0,6,4,4,8,2,7,7,9,3,6,1,2,0,0,0,0,0,0,0,0,0,0,0,0,0,0,0,0,0,0,0,0,0,0,0,0,0,0,0,0,0,0,0,0,0,0,0,0,0,0,0,0,4,6,3,4294967295,4,9,4,7,3,14
217,1,67,69,3,64,64,0,0,0,66,0,42688,42688,4179,4179,0,8476,34212,0,0,0,1334,42688,3136,1741,32,1023,10,14,0,1048576,0,0,0,inf,inf,1.07512891,0.979788244,1,0,10,67,2,1,47,18,2112,404,1268,1268,293,40576,8072,1741,1478,1015,1023,1023,1023,256,0,1023,0,1,3,7,7,12,12,6,5,6,2,4,0,0,0,0,1,0,0,0,0,0,0,0,0,0,0,0,0,0,0,0,0,0,0,0,0,0,0,0,0,0,0,0,0,0,0,0,0,0,0,0,0,0,0,0,0,0,0,0,0,0,0,0,0,7,3,3,27,3,4,11,4,7,4
218,1,68,69,3,64,64,0,0,0,67,0,23328,23328,1372,1372,0,8419,14909,0,0,0,729,23328,2468,1484,32,1023,10,14,0,1048576,0,0,0,inf,inf,0.992457271,0.899170876,1,0,10,68,2,30,37,0,2144,886,662,662,363,21184,7533,1484,3823,1023,1023,1023,1023,0,0,1023,0,0,0,0,0,0,1,5,3,5,8,8,7,4,6,1,0,6,1,2,3,1,4,2,0,0,0,0,0,0,0,0,0,0,0,0,0,0,0,0,0,0,0,0,0,0,0,0,0,0,0,0,0,0,0,0,0,0,0,0,0,0,0,0,0,3,6,5,4,6,6,3,5,3,6
219,1,65,69,3,64,64,0,0,0,64,0,56576,56576,2671,2671,0,2788,53788,0,0,0,1768,56576,391,381,32,1023,10,14,0,1048576,0,0,0,inf,inf,1.19762802,1.06434083,1,0,10,65,2,0,0,64,2048,80,1704,1704,0,54528,2708,381,0,438,1023,1023,1023,0,0,1023,19,22,13,8,2,0,0,0,0,0,0,0,0,0,0,0,0,0,0,0,0,0,0,0,0,0,0,0,0,0,0,0,0,0,0,0,0,0,0,0,0,0,0,0,0,0,0,0,0,0,0,0,0,0,0,0,0,0,0,0,0,0,0,0,0,2,2,4,1,1,6,2,4,4,10
220,1,68,69,3,64,64,0,0,0,67,0,29120,29120,3580,3580,0,8766,20354,0,0,0,910,29120,3134,1641,32,1023,10,14,0,1048576,0,0,0,inf,inf,0.884972394,0.816640139,1,0,10,68,2,10,50,7,2144,605,843,843,269,26976,8161,1641,2501,1023,1023,1023,1023,56,0,1023,0,0,0,1,6,4,5,8,9,9,6,6,3,3,2,1,0,1,1,0,2,0,0,0,0,0,0,0,0,0,0,0,0,0,0,0,0,0,0,0,0,0,0,0,0,0,0,0,0,0,0,0,0,0,0,0,0,0,0,0,0,0,0,0,0,3,3,4,5,5,9,11,4,7,3
221,0.899999976,67,69,3,64,64,0,0,0,66,0,23936,23936,1839,1839,0,8418,15518,0,0,0,748,23936,2553,1498,32,895,10,14,0,1048576,0,0,0,inf,inf,1.08148003,0.975033045,1,0,10,67,2,26,39,1,2112,796,682,682,329,21824,7622,1498,3432,383,863,895,895,514,0,895,0,0,1,0,0,1,2,3,6,4,6,7,10,4,7,4,1,4,1,1,2,0,2,0,0,0,0,0,0,0,0,0,0,0,0,0,0,0,0,0,0,0,0,0,0,0,0,0,0,0,0,0,0,0,0,0,0,0,0,0,0,0,0,0,0,4,15,11,3,3,11,5,4294967295,3,47
222,1,69,69,1,64,64,0,1,0,68,0,16640,16640,1716,1716,0,6336,10304,0,0,0,520,16640,2067,1250,32,1023,10,14,0,1048576,0,0,0,inf,0.9984411,0.9984411,0.838279963,1,0,10,69,2,39,29,0,2176,915,452,452,202,14464,5421,1250,2132,1023,1023,1023,1023,1,0,1023,0,0,0,0,0,1,2,1,3,5,4,7,6,7,7,3,5,5,4,3,4,0,0,0,0,1,0,0,0,0,0,0,0,0,0,0,0,0,0,0,0,0,0,0,0,0,0,0,0,0,0,0,0,0,0,0,0,0,0,0,0,0,0,0,0,12,10,10,6,10,7,8,7,7,12
223,1,69,69,2,64,64,0,0,0,68,0,21824,21824,2833,2833,0,7933,13891,0,0,0,682,21824,2518,1354,32,1023,10,14,0,1048576,0,0,0,inf,inf,0.964205623,0.85666132,1,0,10,69,2,28,40,0,2176,822,614,614,224,19648,7111,1354,2343,1023,1023,1023,1023,20,0,1023,0,0,0,0,0,0,0,2,4,7,5,10,12,9,8,4,3,0,4,0,0,0,0,0,0,0,0,0,0,0,0,0,0,0,0,0,0,0,0,0,0,0,0,0,0,0,0,0,0,0,0,0,0,0,0,0,0,0,0,0,0,0,0,0,0,5,4,9,5,5,5,6,12,5,6
224,1,68,69,3,64,64,0,0,0,67,0,20896,20896,2312,2312,0,7546,13350,0,0,0,653,20896,2591,1474,32,1023,10,14,0,1048576,0,0,0,inf,inf,0.931666315,0.852857709,1,0,10,68,2,26,39,2,2144,821,586,586,234,18752,6725,1474,2479,1023,1023,1023,1023,96,0,1023,0,0,0,1,1,2,2,3,4,7,5,8,8,3,3,2,3,3,5,3,2,0,1,1,0,0,0,0,0,0,0,0,0,0,0,0,0,0,0,0,0,0,0,0,0,0,0,0,0,0,0,0,0,0,0,0,0,0,0,0,0,0,0,0,0,5,5,9,5,5,5,5,22,4,22
225,1,68,69,3,64,64,0,0,0,67,0,13184,13184,1108,1108,0,5133,8051,0,0,0,412,13184,1577,1088,32,1023,10,14,0,1048576,0,0,0,inf,inf,1.0060519,0.903356433,1,0,10,68,2,49,18,0,2144,1080,345,345,185,11040,4053,1088,1892,1023,447,1023,1023,128,0,1023,0,0,0,0,0,1,1,0,3,3,2,2,6,2,5,3,6,6,4,4,4,5,3,3,3,1,0,0,0,0,0,0,0,0,0,0,0,0,0,0,0,0,0,0,0,0,0,0,0,0,0,0,0,0,0,0,0,0,0,0,0,0,0,0,0,11,5,4,29,39,12,6,64,18,4
226,1,69,69,1,64,64,0,1,0,68,0,15328,15328,1511,1511,0,5915,9413,0,0,0,479,15328,1757,1107,32,1023,10,14,0,1048576,0,0,0,inf,0.969180465,0.969180465,0.857764781,1,0,10,69,2,45,23,0,2176,993,411,411,195,13152,4922,1107,2108,1023,1023,1023,1023,10,0,1023,0,0,0,0,0,1,1,3,3,4,4,2,5,6,6,1,4,4,7,6,7,2,0,1,0,1,0,0,0,0,0,0,0,0,0,0,0,0,0,0,0,0,0,0,0,0,0,0,0,0,0,0,0,0,0,0,0,0,0,0,0,0,0,0,0,15,14,14,14,14,11,15,14,13,6
227,1,68,69,3,64,64,0,0,0,67,0,21920,21920,2230,2230,0,7620,14300,0,0,0,685,21920,2527,1453,32,1023,10,14,0,1048576,0,0,0,inf,inf,0.946726084,0.832802832,1,0,10,68,2,29,37,1,2144,823,618,618,260,19776,6797,1453,2655,1023,1023,1023,1023,352,0,1023,0,0,0,0,1,5,4,3,5,7,1,9,3,3,4,1,2,7,2,2,5,1,1,1,0,0,0,0,0,0,0,0,0,0,0,0,0,0,0,0,0,0,0,0,0,0,0,0,0,0,0,0,0,0,0,0,0,0,0,0,0,0,0,0,0,4,5,5,6,4,8,17,7,18,5
228,1,68,69,3,64,64,0,0,0,67,0,19584,19584,1899,1899,0,6920,12664,0,0,0,612,19584,2259,1325,32,1023,10,14,0,1048576,0,0,0,inf,inf,0.980750084,0.884355605,1,0,10,68,2,34,33,0,2144,873,545,545,241,17440,6047,1325,2340,1023,1023,1023,1023,192,0,1023,0,0,0,0,0,1,3,2,4,7,3,8,5,5,7,2,4,3,5,3,2,0,1,2,0,0,0,0,0,0,0,0,0,0,0,0,0,0,0,0,0,0,0,0,0,0,0,0,0,0,0,0,0,0,0,0,0,0,0,0,0,0,0,0,0,6,5,7,5,7,6,7,13,6,7
229,1,68,69,3,64,64,0,0,0,67,0,15072,15072,1458,1458,0,5376,9696,0,0,0,471,15072,1792,1117,32,1023,10,14,0,1048576,0,0,0,inf,inf,0.951401114,0.845358849,1,0,10,68,2,43,24,0,2144,939,404,404,200,12928,4437,1117,1886,1023,1023,1023,1023,8,0,1023,0,0,0,0,0,1,3,1,4,4,2,5,4,4,7,4,7,5,5,4,5,0,1,1,0,0,0,0,0,0,0,0,0,0,0,0,0,0,0,0,0,0,0,0,0,0,0,0,0,0,0,0,0,0,0,0,0,0,0,0,0,0,0,0,0,5,12,18,6,4,3,5,12,4,4
230,1,68,69,3,64,64,0,0,0,67,0,17952,17952,1980,1980,0,6511,11441,0,0,0,561,17952,2160,1248,32,1023,10,14,0,1048576,0,0,0,inf,inf,1.0236907,0.891041219,1,0,10,68,2,35,32,0,2144,887,494,494,211,15808,5624,1248,2137,1023,1023,1023,1023,160,0,1023,0,0,0,0,0,1,4,2,4,5,3,8,5,4,6,4,2,5,5,2,4,0,1,2,0,0,0,0,0,0,0,0,0,0,0,0,0,0,0,0,0,0,0,0,0,0,0,0,0,0,0,0,0,0,0,0,0,0,0,0,0,0,0,0,0,5,5,5,7,6,6,6,10,6,8
231,1,67,69,3,64,64,0,0,0,66,0,55936,55936,3930,3930,0,4632,51304,0,0,0,1748,55936,1105,913,32,1023,10,14,0,1048576,0,0,0,inf,inf,1.15569329,1.07257152,1,0,10,67,2,0,6,60,2112,142,1682,1682,13,53824,4490,913,38,804,1023,1023,1023,48,0,1023,9,19,13,10,9,5,1,0,0,0,0,0,0,0,0,0,0,0,0,0,0,0,0,0,0,0,0,0,0,0,0,0,0,0,0,0,0,0,0,0,0,0,0,0,0,0,0,0,0,0,0,0,0,0,0,0,0,0,0,0,0,0,0,0,0,14,4,3,20,3,23,18,4,2,16
232,1,68,69,3,64,64,0,0,0,67,0,31968,31968,2218,2218,0,11200,20768,0,0,0,999,31968,3222,1771,32,1023,10,14,0,1048576,0,0,0,inf,inf,1.04280043,0.959434867,1,0,10,68,2,14,53,0,2144,701,932,932,459,29824,10499,1771,4824,991,1023,1023,1023,56,0,1023,0,0,0,0,0,0,5,5,4,11,9,11,8,6,3,4,0,0,1,0,0,0,0,0,0,0,0,0,0,0,0,0,0,0,0,0,0,0,0,0,0,0,0,0,0,0,0,0,0,0,0,0,0,0,0,0,0,0,0,0,0,0,0,0,0,7,6,13,2,9,11,5,7,13,7
233,1,68,69,3,64,64,0,0,0,67,0,43040,43040,4341,4341,0,8758,34282,0,0,0,1345,43040,3419,1809,32,1023,10,14,0,1048576,0,0,0,inf,inf,1.03261292,0.93514663,1,0,10,68,2,0,54,13,2144,429,1278,1278,316,40896,8329,1809,1577,1023,1023,1023,1023,912,0,1023,1,1,4,2,5,14,9,8,7,9,3,1,3,0,0,0,0,0,0,0,0,0,0,0,0,0,0,0,0,0,0,0,0,0,0,0,0,0,0,0,0,0,0,0,0,0,0,0,0,0,0,0,0,0,0,0,0,0,0,0,0,0,0,0,0,5,11,6,5,6,12,4,12,10,5
234,1,69,69,1,64,64,0,2,0,68,0,30944,30944,1775,1775,0,10890,20054,0,0,0,967,30944,3022,1722,32,1023,10,14,0,1048576,0,0,0,inf,1.05736423,1.05837774,0.94963479,1,0,10,69,2,19,49,0,2176,749,899,899,469,28768,10141,1722,4853,639,1023,1023,1023,68,0,1023,0,0,0,0,0,0,2,5,5,11,7,8,11,7,4,4,3,0,1,0,0,0,0,0,0,0,0,0,0,0,0,0,0,0,0,0,0,0,0,0,0,0,0,0,0,0,0,0,0,0,0,0,0,0,0,0,0,0,0,0,0,0,0,0,0,10,18,11,8,8,19,8,12,20,10
235,1,67,69,3,64,64,0,0,0,66,0,30688,30688,1939,1939,0,10566,20122,0,0,0,959,30688,3047,1698,32,1023,10,14,0,1048576,0,0,0,inf,inf,0.972278833,0.878697217,1,0,10,67,2,17,49,0,2112,685,893,893,465,28576,9881,1698,4503,957,1023,1023,1023,472,0,1023,0,0,0,0,0,2,3,7,6,9,6,11,5,7,6,2,1,1,0,0,0,0,0,0,0,0,0,0,0,0,0,0,0,0,0,0,0,0,0,0,0,0,0,0,0,0,0,0,0,0,0,0,0,0,0,0,0,0,0,0,0,0,0,0,0,5,24,4,20,6,2,18,4,29,4
236,1,67,69,3,64,64,0,0,0,66,0,31872,31872,2247,2247,0,10745,21127,0,0,0,996,31872,3101,1706,32,1023,10,14,0,1048576,0,0,0,inf,inf,0.977622926,0.882195413,1,0,10,67,2,15,51,0,2112,676,930,930,476,29760,10069,1706,4554,959,1023,1023,1023,777,0,1023,0,0,0,0,0,3,5,6,2,8,11,9,7,6,5,4,0,0,0,0,0,0,0,0,0,0,0,0,0,0,0,0,0,0,0,0,0,0,0,0,0,0,0,0,0,0,0,0,0,0,0,0,0,0,0,0,0,0,0,0,0,0,0,0,0,8,6,7,8,6,8,15,7,15,10
237,0.899999976,66,69,3,64,64,0,0,0,65,0,30624,30624,2510,2510,0,10583,20041,0,0,0,957,30624,3238,1731,32,1023,10,14,0,1048576,0,0,0,inf,inf,0.95871067,0.873010218,1,0,10,66,2,11,54,0,2080,653,892,892,425,28544,9930,1731,4204,895,1023,895,895,416,0,895,0,0,0,0,0,2,4,5,8,12,8,6,9,2,6,2,0,0,1,0,0,0,0,0,0,0,0,0,0,0,0,0,0,0,0,0,0,0,0,0,0,0,0,0,0,0,0,0,0,0,0,0,0,0,0,0,0,0,0,0,0,0,0,0,0,3,2,2,2,2,3,2,4294967295,26,4
238,1,69,69,2,64,64,0,0,0,68,0,14880,14880,1796,1796,0,6163,8717,0,0,0,465,14880,1861,1185,32,1023,10,14,0,1048576,0,0,0,inf,inf,0.936580718,0.835739732,1,0,10,69,2,44,24,0,2176,1002,397,397,170,12704,5161,1185,2085,1023,1023,1023,1023,706,0,1023,0,0,0,0,0,0,0,1,2,2,10,5,4,5,4,4,5,9,5,3,1,4,1,1,2,0,0,0,0,0,0,0,0,0,0,0,0,0,0,0,0,0,0,0,0,0,0,0,0,0,0,0,0,0,0,0,0,0,0,0,0,0,0,0,0,11,12,10,11,13,5,25,21,19,7
239,1,66,69,3,64,64,0,0,0,65,0,28832,28832,2102,2102,0,10321,18511,0,0,0,901,28832,3018,1654,32,1023,10,14,0,1048576,0,0,0,inf,inf,0.938800812,0.8548522,1,0,10,66,2,16,49,0,2080,697,836,836,426,26752,9624,1654,4362,1023,1023,1023,1023,12,0,1023,0,0,0,0,0,3,3,4,5,9,4,10,11,4,6,2,2,1,1,0,0,0,0,0,0,0,0,0,0,0,0,0,0,0,0,0,0,0,0,0,0,0,0,0,0,0,0,0,0,0,0,0,0,0,0,0,0,0,0,0,0,0,0,0,0,2,1,6,14,26,2,13,10,3,2
240,1,67,69,3,64,64,0,0,0,66,0,22592,22592,1346,1346,0,8453,14139,0,0,0,706,22592,2391,1458,32,1023,10,14,0,1048576,0,0,0,inf,inf,0.988813937,0.894804955,1,0,10,67,2,31,35,0,2112,878,640,640,345,20480,7575,1458,3900,959,1023,1023,1023,1,0,1023,0,0,0,0,0,0,1,3,3,5,9,10,4,3,6,2,4,2,4,2,1,2,4,1,0,0,0,0,0,0,0,0,0,0,0,0,0,0,0,0,0,0,0,0,0,0,0,0,0,0,0,0,0,0,0,0,0,0,0,0,0,0,0,0,0,22,7,20,8,5,11,5,19,4,5
241,1,67,69,3,64,64,0,0,0,66,0,43648,43648,3519,3519,0,7855,35793,0,0,0,1364,43648,2847,1746,32,1023,10,14,0,1048576,0,0,0,inf,inf,1.00805998,0.901055872,1,0,10,67,2,0,37,29,2112,323,1298,1298,326,41536,7532,1746,1569,447,1023,1023,1023,512,0,1023,0,1,9,10,9,14,10,5,4,1,1,2,0,0,0,0,0,0,0,0,0,0,0,0,0,0,0,0,0,0,0,0,0,0,0,0,0,0,0,0,0,0,0,0,0,0,0,0,0,0,0,0,0,0,0,0,0,0,0,0,0,0,0,0,0,2,3,9,3,3,3,8,4,3,8
242,1,67,69,3,64,64,0,0,0,66,0,29792,29792,2959,2959,0,9668,20124,0,0,0,931,29792,3137,1694,32,1023,10,14,0,1048576,0,0,0,inf,inf,0.994326293,0.907420158,1,0,10,67,2,14,51,1,2112,656,865,865,362,27680,9012,1694,3280,1023,1023,1023,1023,512,0,1023,0,0,0,0,1,1,4,8,8,8,10,6,6,7,4,2,1,0,0,0,0,0,0,0,0,0,0,0,0,0,0,0,0,0,0,0,0,0,0,0,0,0,0,0,0,0,0,0,0,0,0,0,0,0,0,0,0,0,0,0,0,0,0,0,0,6,6,5,5,5,5,3,5,6,26
243,1,68,69,3,64,64,0,0,0,67,0,19648,19648,1941,1941,0,7222,12426,0,0,0,614,19648,2292,1333,32,1023,10,14,0,1048576,0,0,0,inf,inf,1.07204664,0.920618951,1,0,10,68,2,33,34,0,2144,874,547,547,248,17504,6348,1333,2710,1023,1023,1023,1023,68,0,1023,0,0,0,0,0,1,2,0,7,4,4,9,7,4,4,5,5,5,3,3,3,0,0,1,0,0,0,0,0,0,0,0,0,0,0,0,0,0,0,0,0,0,0,0,0,0,0,0,0,0,0,0,0,0,0,0,0,0,0,0,0,0,0,0,0,4,6,8,4,3,9,17,4,5,4
244,0.899999976,69,69,1,64,64,0,5,0,68,0,10560,10560,947,947,0,4527,6033,0,0,0,330,10560,1275,905,32,1023,10,14,0,1048576,0,0,0,inf,1.02373314,1.0271101,0.905847311,1,0,10,69,2,54,14,0,2176,1136,262,262,150,8384,3391,905,1891,895,1023,895,895,128,0,895,0,0,0,0,0,0,0,0,2,0,2,3,7,5,4,3,3,6,9,5,7,3,3,5,0,0,1,0,0,0,0,0,0,0,0,0,0,0,0,0,0,0,0,0,0,0,0,0,0,0,0,0,0,0,0,0,0,0,0,0,0,0,0,0,0,15,13,10,14,19,20,21,4294967295,9,14
245,1,68,69,3,64,64,0,0,0,67,0,28672,28672,1656,1656,0,9950,18722,0,0,0,896,28672,2736,1589,32,1023,10,14,0,1048576,0,0,0,inf,inf,1.05375814,0.946478665,1,0,10,68,2,23,43,1,2144,741,829,829,459,26528,9209,1589,4555,1023,1023,1023,1023,33,0,1023,0,0,0,0,1,0,1,2,10,8,8,10,4,8,6,6,2,1,0,0,0,0,0,0,0,0,0,0,0,0,0,0,0,0,0,0,0,0,0,0,0,0,0,0,0,0,0,0,0,0,0,0,0,0,0,0,0,0,0,0,0,0,0,0,0,10,11,11,5,9,24,14,14,4,3
246,0.899999976,68,69,3,64,64,0,0,0,67,0,15392,15392,1100,1100,0,5972,9420,0,0,0,481,15392,1765,1176,32,1023,10,14,0,1048576,0,0,0,inf,inf,0.989916325,0.881327689,1,0,10,68,2,44,22,1,2144,979,414,414,230,13248,4993,1176,2536,959,1023,959,959,64,0,959,0,0,0,0,1,0,2,0,3,3,2,6,6,1,7,4,7,9,4,4,4,2,0,1,0,1,0,0,0,0,0,0,0,0,0,0,0,0,0,0,0,0,0,0,0,0,0,0,0,0,0,0,0,0,0,0,0,0,0,0,0,0,0,0,0,6,8,13,7,4,4,4294967295,4,4,6
247,1,68,69,3,64,64,0,0,0,67,0,29920,29920,2497,2497,0,10308,19612,0,0,0,935,29920,3083,1680,32,1023,10,14,0,1048576,0,0,0,inf,inf,1.08199191,0.963693261,1,0,10,68,2,17,50,0,2144,713,868,868,415,27776,9595,1680,3989,1023,1023,1023,1023,0,0,1023,0,0,0,0,0,0,3,5,8,8,8,7,11,9,5,2,0,0,1,0,0,0,0,0,0,0,0,0,0,0,0,0,0,0,0,0,0,0,0,0,0,0,0,0,0,0,0,0,0,0,0,0,0,0,0,0,0,0,0,0,0,0,0,0,0,5,4,6,6,6,6,6,5,4,4
248,1,67,69,3,64,64,0,0,0,66,0,31296,31296,2452,2452,0,10961,20335,0,0,0,978,31296,3055,1697,32,1023,10,14,0,1048576,0,0,0,inf,inf,1.01557064,0.935997188,1,0,10,67,2,15,49,2,2112,684,912,912,439,29184,10277,1697,4460,959,1023,1023,1023,712,0,1023,0,0,0,1,1,0,4,6,5,9,8,7,10,6,4,3,0,2,0,0,0,0,0,0,0,0,0,0,0,0,0,0,0,0,0,0,0,0,0,0,0,0,0,0,0,0,0,0,0,0,0,0,0,0,0,0,0,0,0,0,0,0,0,0,0,4,4,3,6,5,6,17,10,6,7
249,1,68,69,3,64,64,0,0,0,67,0,14656,14656,1508,1508,0,5419,9237,0,0,0,458,14656,1643,1015,32,1023,10,14,0,1048576,0,0,0,inf,inf,0.980305314,0.866658807,1,0,10,68,2,44,23,0,2144,968,391,391,200,12512,4451,1015,1895,1023,1023,1023,1023,640,0,1023,0,0,0,0,0,0,1,2,2,2,6,6,4,2,11,2,7,4,6,5,3,2,1,1,0,0,0,0,0,0,0,0,0,0,0,0,0,0,0,0,0,0,0,0,0,0,0,0,0,0,0,0,0,0,0,0,0,0,0,0,0,0,0,0,0,6,11,4,6,12,12,26,7,6,7
250,1,68,69,3,64,64,0,0,0,67,0,23552,23552,2527,2527,0,7995,15557,0,0,0,736,23552,2650,1444,32,1023,10,14,0,1048576,0,0,0,inf,inf,1.03524888,0.898293614,1,0,10,68,2,25,42,0,2144,759,669,669,279,21408,7236,1444,2744,1023,1023,1023,1023,0,0,1023,0,0,0,0,0,0,2,5,4,8,7,9,7,10,7,4,2,1,1,0,0,0,0,0,0,0,0,0,0,0,0,0,0,0,0,0,0,0,0,0,0,0,0,0,0,0,0,0,0,0,0,0,0,0,0,0,0,0,0,0,0,0,0,0,0,4,5,5,3,5,5,8,5,5,6
251,1,68,69,3,64,64,0,0,0,67,0,22656,22656,2700,2700,0,7952,14704,0,0,0,708,22656,2731,1443,32,1023,10,14,0,1048576,0,0,0,inf,inf,0.952801526,0.877404988,1,0,10,68,2,22,45,0,2144,762,641,641,264,20512,7190,1443,2700,767,1023,1023,1023,152,0,1023,0,0,0,0,0,1,3,4,4,6,5,11,11,6,7,2,4,2,1,0,0,0,0,0,0,0,0,0,0,0,0,0,0,0,0,0,0,0,0,0,0,0,0,0,0,0,0,0,0,0,0,0,0,0,0,0,0,0,0,0,0,0,0,0,0,11,4,6,4,5,4,4,5,4,12
252,1,67,69,3,64,64,0,0,0,66,0,22848,22848,2111,2111,0,8027,14821,0,0,0,714,22848,2495,1397,32,1023,10,14,0,1048576,0,0,0,inf,inf,1.1032443,0.960189819,1,0,10,67,2,27,39,0,2112,785,648,648,294,20736,7242,1397,3027,1023,1023,1023,1023,64,0,1023,0,0,0,0,0,0,0,2,2,11,6,11,7,10,6,4,3,3,1,0,0,0,0,0,0,0,0,0,0,0,0,0,0,0,0,0,0,0,0,0,0,0,0,0,0,0,0,0,0,0,0,0,0,0,0,0,0,0,0,0,0,0,0,0,0,2,3,4,4,3,4,7,5,3,5
253,1,69,69,1,64,64,0,5,0,68,0,16832,16832,1689,1689,0,6370,10462,0,0,0,526,16832,2131,1289,32,1023,10,14,0,1048576,0,0,0,inf,1.12380195,1.1288929,1.0089612,1,0,10,69,2,38,30,0,2176,910,458,458,203,14656,5460,1289,2433,1023,1023,1023,1023,225,0,1023,0,0,0,0,0,0,1,1,7,3,6,8,4,6,6,3,5,6,5,4,2,0,0,1,0,0,0,0,0,0,0,0,0,0,0,0,0,0,0,0,0,0,0,0,0,0,0,0,0,0,0,0,0,0,0,0,0,0,0,0,0,0,0,0,0,12,10,10,11,11,15,23,23,10,12
254,1,67,69,3,64,64,0,0,0,66,0,17632,17632,1787,1787,0,6810,10822,0,0,0,551,17632,2193,1287,32,1023,10,14,0,1048576,0,0,0,inf,inf,1.04815269,0.895160675,1,0,10,67,2,34,32,0,2112,928,485,485,216,15520,5882,1287,2493,1023,1023,1023,1023,816,0,1023,0,0,0,0,0,1,0,3,2,5,5,5,11,3,3,3,2,4,4,4,5,3,2,1,0,0,0,0,0,0,0,0,0,0,0,0,0,0,0,0,0,0,0,0,0,0,0,0,0,0,0,0,0,0,0,0,0,0,0,0,0,0,0,0,0,4,4,4,4,10,9,4,4,6,8
255,1,68,69,3,64,64,0,0,0,67,0,20096,20096,1877,1877,0,7501,12595,0,0,0,628,20096,2415,1381,32,1023,10,14,0,1048576,0,0,0,inf,inf,1.0941236,0.994651258,1,0,10,68,2,30,37,0,2144,827,561,561,265,17952,6674,1381,2985,1023,1023,1023,1023,386,0,1023,0,0,0,0,0,1,1,2,7,7,5,7,7,6,5,6,2,5,2,2,1,0,0,1,0,0,0,0,0,0,0,0,0,0,0,0,0,0,0,0,0,0,0,0,0,0,0,0,0,0,0,0,0,0,0,0,0,0,0,0,0,0,0,0,0,3,5,4,5,5,9,5,6,11,5
256,1,67,69,3,64,64,0,0,0,66,0,12608,12608,1470,1470,0,4635,7973,0,0,0,394,12608,1505,1015,32,1023,10,14,0,1048576,0,0,0,inf,inf,0.98042661,0.884352028,1,0,10,67,2,48,17,1,2112,1010,328,328,140,10496,3625,1015,1431,1023,1023,1023,1023,0,0,1023,0,0,0,0,1,0,2,0,2,1,3,6,3,3,6,8,6,5,2,7,4,2,1,1,0,1,2,0,0,0,0,0,0,0,0,0,0,0,0,0,0,0,0,0,0,0,0,0,0,0,0,0,0,0,0,0,0,0,0,0,0,0,0,0,0,5,6,10,5,7,6,5,8,12,13
257,1,69,69,1,64,64,0,2,0,68,0,17184,17184,1993,1993,0,6295,10889,0,0,0,537,17184,2051,1197,32,1023,10,14,0,1048576,0,0,0,inf,0.995186031,0.995559692,0.867859602,1,0,10,69,2,38,30,0,2176,925,469,469,212,15008,5370,1197,2128,1023,1023,1023,1023,776,0,1023,0,0,0,0,0,1,2,2,3,7,4,7,4,2,7,1,9,4,6,3,3,2,0,0,1,0,0,0,0,0,0,0,0,0,0,0,0,0,0,0,0,0,0,0,0,0,0,0,0,0,0,0,0,0,0,0,0,0,0,0,0,0,0,0,0,8,7,8,19,7,7,7,7,9,8
258,1,67,69,3,64,64,0,0,0,66,0,24704,24704,2233,2233,0,8429,16275,0,0,0,772,24704,2624,1447,32,1023,10,14,0,1048576,0,0,0,inf,inf,1.04942107,0.911606371,1,0,10,67,2,24,42,0,2112,741,706,706,305,22592,7688,1447,3157,1023,1023,1023,1023,512,0,1023,0,0,0,0,0,2,2,1,7,7,9,6,8,10,8,2,1,1,2,0,0,0,0,0,0,0,0,0,0,0,0,0,0,0,0,0,0,0,0,0,0,0,0,0,0,0,0,0,0,0,0,0,0,0,0,0,0,0,0,0,0,0,0,0,0,3,3,3,4,4,4,4,3,4,6
259,1,66,69,3,64,64,0,0,0,65,0,49344,49344,3717,3717,0,3923,45421,0,0,0,1542,49344,739,670,32,1023,10,14,0,1048576,0,0,0,inf,inf,1.08505058,0.91911763,1,0,10,66,2,0,2,63,2080,132,1477,1477,0,47264,3791,670,1,991,1023,1023,1023,0,0,1023,6,19,19,12,7,1,1,0,0,0,0,0,0,0,0,0,0,0,0,0,0,0,0,0,0,0,0,0,0,0,0,0,0,0,0,0,0,0,0,0,0,0,0,0,0,0,0,0,0,0,0,0,0,0,0,0,0,0,0,0,0,0,0,0,0,2,3,3,1,3,2,4,3,2,2
260,1,69,69,1,64,64,0,2,0,68,0,11168,11168,1047,1047,0,4545,6623,0,0,0,349,11168,1403,971,32,1023,10,14,0,1048576,0,0,0,inf,1.01008832,1.01053441,0.909053683,1,0,10,69,2,52,16,0,2176,1115,281,281,150,8992,3430,971,1815,1023,957,1023,1023,0,0,1023,0,0,0,0,0,0,1,0,3,1,2,7,2,6,3,4,2,7,9,1,5,5,3,4,0,1,1,0,0,1,0,0,0,0,0,0,0,0,0,0,0,0,0,0,0,0,0,0,0,0,0,0,0,0,0,0,0,0,0,0,0,0,0,0,0,8,10,12,7,8,9,10,23,10,12
261,1,67,69,3,64,64,0,0,0,66,0,16672,16672,1044,1044,0,6662,10010,0,0,0,521,16672,1933,1240,32,1023,10,14,0,1048576,0,0,0,inf,inf,1.01213145,0.888034403,1,0,10,67,2,40,26,0,2112,947,455,455,244,14560,5715,1240,3153,1023,1023,1023,1023,259,0,1023,0,0,0,0,0,0,3,0,5,1,4,5,8,3,4,3,4,9,4,5,5,2,0,1,0,0,0,0,0,0,0,0,0,0,0,0,0,0,0,0,0,0,0,0,0,0,0,0,0,0,0,0,0,0,0,0,0,0,0,0,0,0,0,0,0,9,8,5,8,5,9,8,5,18,9
262,1,68,69,3,64,64,0,0,0,67,0,13632,13632,1377,1377,0,5464,8168,0,0,0,426,13632,1651,1071,32,1023,10,14,0,1048576,0,0,0,inf,inf,0.91706562,0.825197577,1,0,10,68,2,46,21,0,2144,976,359,359,177,11488,4488,1071,2000,1023,1023,1023,1023,0,0,1023,0,0,0,0,0,0,1,1,4,1,6,4,4,6,5,4,7,7,7,4,2,1,1,2,0,0,0,0,0,0,0,0,0,0,0,0,0,0,0,0,0,0,0,0,0,0,0,0,0,0,0,0,0,0,0,0,0,0,0,0,0,0,0,0,0,4,20,5,6,4,3,7,19,7,6
263,1,67,69,3,64,64,0,0,0,66,0,22976,22976,1567,1567,0,8188,14788,0,0,0,718,22976,2389,1387,32,1023,10,14,0,1048576,0,0,0,inf,inf,0.910542905,0.83097899,1,0,10,67,2,29,37,0,2112,784,652,652,332,20864,7404,1387,3496,1023,1023,1023,1023,0,0,1023,0,0,0,0,0,0,1,5,2,4,6,7,12,11,11,2,2,3,0,0,0,0,0,0,0,0,0,0,0,0,0,0,0,0,0,0,0,0,0,0,0,0,0,0,0,0,0,0,0,0,0,0,0,0,0,0,0,0,0,0,0,0,0,0,0,4,4,4,6,9,19,10,8,7,10
264,1,67,69,3,64,64,0,0,0,66,0,46816,46816,4233,4233,0,8666,38150,0,0,0,1463,46816,3266,1828,32,1023,10,14,0,1048576,0,0,0,inf,inf,1.01724386,0.938698769,1,0,10,67,2,0,48,18,2112,368,1397,1397,337,44704,8298,1828,1505,991,1023,1023,1023,256,0,1023,0,3,5,4,6,15,10,11,4,5,3,0,0,0,0,0,0,0,0,0,0,0,0,0,0,0,0,0,0,0,0,0,0,0,0,0,0,0,0,0,0,0,0,0,0,0,0,0,0,0,0,0,0,0,0,0,0,0,0,0,0,0,0,0,0,18,6,22,7,2,4,17,16,17,11
265,1,66,69,3,64,64,0,0,0,65,0,28032,28032,2946,2946,0,9185,18847,0,0,0,876,28032,3201,1649,32,1023,10,14,0,1048576,0,0,0,inf,inf,0.988905072,0.855332732,1,0,10,66,2,12,53,0,2080,646,811,811,347,25952,8539,1649,3131,1023,1023,1023,1023,70,0,1023,0,0,0,0,0,3,3,7,7,12,9,8,4,5,3,2,0,1,0,0,1,0,0,0,0,0,0,0,0,0,0,0,0,0,0,0,0,0,0,0,0,0,0,0,0,0,0,0,0,0,0,0,0,0,0,0,0,0,0,0,0,0,0,0,0,4,12,3,2,4,2,4,1,5,2
266,1,68,69,3,64,64,0,0,0,67,0,39808,39808,4617,4617,0,7621,32187,0,0,0,1244,39808,3043,1585,32,1023,10,14,0,1048576,0,0,0,inf,inf,0.974322557,0.860750079,1,0,10,68,2,0,48,19,2144,403,1177,1177,179,37664,7218,1585,892,1023,1023,1023,1023,64,0,1023,0,2,3,4,10,10,9,12,6,7,2,0,2,0,0,0,0,0,0,0,0,0,0,0,0,0,0,0,0,0,0,0,0,0,0,0,0,0,0,0,0,0,0,0,0,0,0,0,0,0,0,0,0,0,0,0,0,0,0,0,0,0,0,0,0,4,5,9,5,10,7,5,9,4,5
267,1,68,69,3,64,64,0,0,0,67,0,12512,12512,1212,1212,0,4766,7746,0,0,0,391,12512,1567,1022,32,1023,10,14,0,1048576,0,0,0,inf,inf,0.963780403,0.866867065,1,0,10,68,2,48,19,0,2144,999,324,324,172,10368,3767,1022,1677,1023,1021,1023,1023,128,0,1023,0,0,0,0,0,1,2,1,4,1,4,5,1,5,8,3,4,8,4,4,5,2,2,2,0,1,0,0,0,0,0,0,0,0,0,0,0,0,0,0,0,0,0,0,0,0,0,0,0,0,0,0,0,0,0,0,0,0,0,0,0,0,0,0,0,3,4,5,8,6,4,4,17,3,4
268,1,68,69,3,64,64,0,0,0,67,0,13056,13056,1532,1532,0,5244,7812,0,0,0,408,13056,1728,1091,32,1023,10,14,0,1048576,0,0,0,inf,inf,0.94524157,0.835309982,1,0,10,68,2,45,22,0,2144,983,341,341,147,10912,4261,1091,1823,1023,1023,1023,1023,564,0,1023,0,0,0,0,0,1,1,0,5,0,2,8,5,5,4,3,7,10,5,3,4,1,1,2,0,0,0,0,0,0,0,0,0,0,0,0,0,0,0,0,0,0,0,0,0,0,0,0,0,0,0,0,0,0,0,0,0,0,0,0,0,0,0,0,0,7,17,10,16,13,17,7,7,7,11
269,1,67,69,3,64,64,0,0,0,66,0,43904,43904,4244,4244,0,8148,35756,0,0,0,1372,43904,3056,1703,32,1023,10,14,0,1048576,0,0,0,inf,inf,1.05737209,0.951441646,1,0,10,67,2,1,45,20,2112,406,1306,1306,284,41792,7742,1703,1330,1007,1023,1023,1023,16,0,1023,0,2,3,6,9,9,11,8,6,4,1,4,2,0,0,1,0,0,0,0,0,0,0,0,0,0,0,0,0,0,0,0,0,0,0,0,0,0,0,0,0,0,0,0,0,0,0,0,0,0,0,0,0,0,0,0,0,0,0,0,0,0,0,0,0,4,4,4,7,8,3,5,4,4,14
270,1,68,69,3,64,64,0,0,0,67,0,16224,16224,1133,1133,0,5791,10433,0,0,0,507,16224,1849,1201,32,1023,10,14,0,1048576,0,0,0,inf,inf,0.941816926,0.8421579,1,0,10,68,2,43,24,0,2144,960,440,440,233,14080,4831,1201,2363,1021,1023,1023,1023,256,0,1023,0,0,0,0,0,2,2,1,4,4,4,4,3,4,7,3,5,5,3,7,2,1,4,1,1,0,0,0,0,0,0,0,0,0,0,0,0,0,0,0,0,0,0,0,0,0,0,0,0,0,0,0,0,0,0,0,0,0,0,0,0,0,0,0,0,4,8,5,3,3,3,4,8,15,8
271,1,67,69,3,64,64,0,0,0,66,0,24544,24544,2062,2062,0,8598,15946,0,0,0,767,24544,2560,1425,32,1023,10,14,0,1048576,0,0,0,inf,inf,1.05606806,0.96481657,1,0,10,67,2,25,41,0,2112,759,701,701,343,22432,7839,1425,3326,1023,1023,1023,1023,66,0,1023,0,0,0,0,0,0,2,3,1,10,10,8,7,11,7,4,0,0,2,1,0,0,0,0,0,0,0,0,0,0,0,0,0,0,0,0,0,0,0,0,0,0,0,0,0,0,0,0,0,0,0,0,0,0,0,0,0,0,0,0,0,0,0,0,0,5,14,4,9,4,15,6,4,5,11
272,1,68,69,3,64,64,0,0,0,67,0,15552,15552,1431,1431,0,5595,9957,0,0,0,486,15552,1789,1114,32,1023,10,14,0,1048576,0,0,0,inf,inf,0.976062894,0.89010036,1,0,10,68,2,43,24,0,2144,975,419,419,209,13408,4620,1114,1924,1023,895,1023,1023,288,0,1023,0,0,0,0,0,2,4,1,2,4,5,4,2,3,3,5,5,7,1,5,6,3,3,1,1,0,0,0,0,0,0,0,0,0,0,0,0,0,0,0,0,0,0,0,0,0,0,0,0,0,0,0,0,0,0,0,0,0,0,0,0,0,0,0,0,7,6,7,5,7,43,5,8,11,7
273,1,68,69,3,64,64,0,0,0,67,0,8928,8928,669,669,0,3363,5565,0,0,0,279,8928,1173,906,32,1023,10,14,0,1048576,0,0,0,inf,inf,0.975550532,0.896626234,1,0,10,68,2,57,10,0,2144,1119,212,212,132,6784,2244,906,1337,1023,671,1023,1023,0,0,1023,0,0,0,0,0,2,1,1,0,1,3,0,2,3,3,5,8,8,5,4,8,6,3,1,3,0,0,0,0,0,0,0,0,0,0,0,0,0,0,0,0,0,0,0,0,0,0,0,0,0,0,0,0,0,0,0,0,0,0,0,0,0,0,0,0,15,6,5,5,3,18,17,3,14,3
274,1,68,69,3,64,64,0,0,0,67,0,21056,21056,1228,1228,0,7273,13783,0,0,0,658,21056,2187,1372,32,1023,10,14,0,1048576,0,0,0,inf,inf,0.976085782,0.894752145,1,0,10,68,2,37,30,0,2144,890,591,591,325,18912,6383,1372,3175,895,1023,1023,1023,4,0,1023,0,0,0,0,0,3,4,3,5,4,5,3,3,3,6,2,7,4,3,3,4,1,2,2,0,0,0,0,0,0,0,0,0,0,0,0,0,0,0,0,0,0,0,0,0,0,0,0,0,0,0,0,0,0,0,0,0,0,0,0,0,0,0,0,0,5,13,13,4,50,18,9,23,28,5
275,1,69,69,2,64,64,0,0,0,68,0,24800,24800,1770,1770,0,8616,16184,0,0,0,775,24800,2423,1374,32,1023,10,14,0,1048576,0,0,0,inf,inf,1.02800381,0.925058842,1,0,10,69,2,30,38,0,2176,807,707,707,382,22624,7809,1374,3500,1023,1023,1023,1023,22,0,1023,0,0,0,0,0,0,3,1,2,13,6,8,5,9,7,8,1,1,3,1,0,0,0,0,0,0,0,0,0,0,0,0,0,0,0,0,0,0,0,0,0,0,0,0,0,0,0,0,0,0,0,0,0,0,0,0,0,0,0,0,0,0,0,0,0,14,15,8,4,17,14,15,7,10,5
276,1,69,69,1,64,64,0,1,0,68,0,9696,9696,714,714,0,3739,5957,0,0,0,303,9696,1242,941,32,1023,10,14,0,1048576,0,0,0,inf,0.91846174,0.91846174,0.823044896,1,0,10,69,2,57,11,0,2176,1107,235,235,139,7520,2632,941,1416,1023,1011,1023,1023,0,0,1023,0,0,0,0,0,2,2,0,0,2,3,1,1,5,8,1,7,7,5,9,6,2,3,0,1,2,0,0,1,0,0,0,0,0,0,0,0,0,0,0,0,0,0,0,0,0,0,0,0,0,0,0,0,0,0,0,0,0,0,0,0,0,0,0,0,19,6,18,20,9,8,7,8,30,6
277,0.899999976,68,69,3,64,64,0,0,0,67,0,10752,10752,1033,1033,0,4534,6218,0,0,0,336,10752,1359,956,32,959,10,14,0,1048576,0,0,0,inf,inf,0.93430829,0.84839648,1,0,10,68,2,52,15,0,2144,1090,269,269,149,8608,3444,956,1649,959,441,959,959,256,0,959,0,0,0,0,0,0,0,0,0,2,5,2,6,1,4,2,9,7,9,8,6,2,3,0,1,0,0,0,0,0,0,0,0,0,0,0,0,0,0,0,0,0,0,0,0,0,0,0,0,0,0,0,0,0,0,0,0,0,0,0,0,0,0,0,0,5,18,32,4,6,37,4294967295,30,12,23
278,1,67,69,3,64,64,0,0,0,66,0,25792,25792,1783,1783,0,8275,17517,0,0,0,806,25792,2720,1536,32,1023,10,14,0,1048576,0,0,0,inf,inf,0.965697289,0.843102992,1,0,10,67,2,25,41,0,2112,729,740,740,373,23680,7546,1536,3348,1023,1023,1023,1023,0,0,1023,0,0,0,0,0,4,9,5,5,5,7,4,2,6,4,3,3,2,2,2,2,0,1,0,0,0,0,0,0,0,0,0,0,0,0,0,0,0,0,0,0,0,0,0,0,0,0,0,0,0,0,0,0,0,0,0,0,0,0,0,0,0,0,0,0,5,5,8,5,5,9,4,5,10,5
279,1,68,69,3,64,64,0,0,0,67,0,13024,13024,1212,1212,0,5564,7460,0,0,0,407,13024,1576,1060,32,1023,10,14,0,1048576,0,0,0,inf,inf,0.936527848,0.845620871,1,0,10,68,2,48,19,0,2144,1038,340,340,174,10880,4526,1060,2184,1023,1023,1023,1023,561,0,1023,0,0,0,0,0,0,0,2,0,1,5,0,11,3,6,5,6,9,3,5,4,1,3,2,1,0,0,0,0,0,0,0,0,0,0,0,0,0,0,0,0,0,0,0,0,0,0,0,0,0,0,0,0,0,0,0,0,0,0,0,0,0,0,0,0,5,4,24,4,4,5,5,4,4,9
280,1,67,69,3,64,64,0,0,0,66,0,20896,20896,2289,2289,0,7487,13409,0,0,0,653,20896,2169,1226,32,1023,10,14,0,1048576,0,0,0,inf,inf,0.937628031,0.835008025,1,0,10,67,2,32,33,1,2112,827,587,587,279,18784,6660,1226,2507,1023,1023,1023,1023,1,0,1023,0,0,0,0,1,0,0,4,0,10,4,4,11,4,10,7,2,4,3,2,0,0,0,0,0,0,0,0,0,0,0,0,0,0,0,0,0,0,0,0,0,0,0,0,0,0,0,0,0,0,0,0,0,0,0,0,0,0,0,0,0,0,0,0,0,16,6,6,5,7,2,3,5,3,3
281,1,68,69,3,64,64,0,0,0,67,0,15840,15840,1289,1289,0,5621,10219,0,0,0,495,15840,1864,1197,32,1023,10,14,0,1048576,0,0,0,inf,inf,0.939389348,0.858320653,1,0,10,68,2,43,24,0,2144,940,428,428,221,13696,4681,1197,2061,1023,1023,1023,1023,240,0,1023,0,0,0,0,0,3,2,3,3,3,4,4,2,4,9,4,4,5,3,4,4,0,3,2,1,0,0,0,0,0,0,0,0,0,0,0,0,0,0,0,0,0,0,0,0,0,0,0,0,0,0,0,0,0,0,0,0,0,0,0,0,0,0,0,0,7,5,5,14,14,6,12,12,8,3
282,1,68,69,3,64,64,0,0,0,67,0,23584,23584,2823,2823,0,7446,16138,0,0,0,737,23584,2675,1464,32,1023,10,14,0,1048576,0,0,0,inf,inf,0.873579741,0.765841901,1,0,10,68,2,23,41,3,2144,735,670,670,226,21440,6711,1464,2164,1023,1023,1023,1023,590,0,1023,0,0,0,1,2,3,6,6,10,3,7,5,1,4,4,1,0,2,6,2,2,0,2,0,0,0,0,0,0,0,0,0,0,0,0,0,0,0,0,0,0,0,0,0,0,0,0,0,0,0,0,0,0,0,0,0,0,0,0,0,0,0,0,0,0,4,11,5,5,3,6,5,5,3,11
283,1,66,69,3,64,64,0,0,0,65,0,40384,40384,4761,4761,0,7752,32632,0,0,0,1262,40384,2986,1578,32,1023,10,14,0,1048576,0,0,0,inf,inf,1.00537395,0.897160232,1,0,10,66,2,1,46,18,2080,401,1197,1197,201,38304,7351,1578,910,511,1023,1023,1023,0,0,1023,0,1,4,2,11,10,10,11,4,4,5,2,0,0,0,1,0,0,0,0,0,0,0,0,0,0,0,0,0,0,0,0,0,0,0,0,0,0,0,0,0,0,0,0,0,0,0,0,0,0,0,0,0,0,0,0,0,0,0,0,0,0,0,0,0,5,3,4,13,11,4,3,5,2,20
284,0.899999976,67,69,3,64,64,0,0,0,66,0,37408,37408,4949,4949,0,7182,30226,0,0,0,1169,37408,2934,1429,32,511,10,14,0,1048576,0,0,0,inf,inf,1.14476132,1.03119183,1,0,10,67,2,0,49,17,2112,431,1103,1103,139,35296,6751,1429,613,511,511,511,511,0,0,511,0,0,1,5,11,10,9,7,5,10,2,5,1,0,0,0,0,0,0,0,0,0,0,0,0,0,0,0,0,0,0,0,0,0,0,0,0,0,0,0,0,0,0,0,0,0,0,0,0,0,0,0,0,0,0,0,0,0,0,0,0,0,0,0,0,5,4,4,4,5,15,3,3,6,4294967295
285,1,69,69,2,64,64,0,0,0,68,0,13472,13472,1266,1266,0,5229,8243,0,0,0,421,13472,1591,1040,32,1023,10,14,0,1048576,0,0,0,inf,inf,1.04231656,0.957974195,1,0,10,69,2,48,20,0,2176,1001,353,353,174,11296,4228,1040,2006,1023,1023,1023,1023,644,0,1023,0,0,0,0,0,0,0,1,5,2,3,5,4,10,6,7,3,4,3,2,8,1,0,2,1,1,0,0,0,0,0,0,0,0,0,0,0,0,0,0,0,0,0,0,0,0,0,0,0,0,0,0,0,0,0,0,0,0,0,0,0,0,0,0,0,7,6,8,7,10,8,7,21,26,13
286,1,67,69,3,64,64,0,0,0,66,0,44960,44960,4561,4561,0,7933,37027,0,0,0,1405,44960,2911,1690,32,1023,10,14,0,1048576,0,0,0,inf,inf,1.17040253,1.08353591,1,0,10,67,2,0,40,26,2112,364,1339,1339,222,42848,7569,1690,894,959,1023,1023,1023,128,0,1023,0,1,5,5,15,11,7,10,5,2,2,3,0,0,0,0,0,0,0,0,0,0,0,0,0,0,0,0,0,0,0,0,0,0,0,0,0,0,0,0,0,0,0,0,0,0,0,0,0,0,0,0,0,0,0,0,0,0,0,0,0,0,0,0,0,4,4,24,4,2,3,11,12,3,4
287,1,67,69,3,64,64,0,0,0,66,0,25888,25888,2805,2805,0,8404,17484,0,0,0,809,25888,2689,1486,32,1023,10,14,0,1048576,0,0,0,inf,inf,1.04944921,0.94446373,1,0,10,67,2,23,42,1,2112,730,743,743,286,23776,7674,1486,2626,895,1023,1023,1023,34,0,1023,0,0,0,1,0,0,2,11,3,8,8,5,5,5,4,5,2,7,0,0,0,0,0,0,0,0,0,0,0,0,0,0,0,0,0,0,0,0,0,0,0,0,0,0,0,0,0,0,0,0,0,0,0,0,0,0,0,0,0,0,0,0,0,0,0,3,5,3,4,4,5,4,4,10,12
288,1,69,69,2,64,64,0,0,0,68,0,40192,40192,4987,4987,0,7666,32526,0,0,0,1256,40192,3106,1474,32,1023,10,14,0,1048576,0,0,0,inf,inf,1.09658277,0.975311279,1,0,10,69,2,0,53,15,2176,443,1188,1188,186,38016,7223,1474,890,1007,1023,1023,1023,64,0,1023,1,0,2,2,10,11,9,8,9,9,3,3,1,0,0,0,0,0,0,0,0,0,0,0,0,0,0,0,0,0,0,0,0,0,0,0,0,0,0,0,0,0,0,0,0,0,0,0,0,0,0,0,0,0,0,0,0,0,0,0,0,0,0,0,0,7,6,6,6,53,7,8,7,16,8
289,1,69,69,2,64,64,0,0,0,68,0,29952,29952,2205,2205,0,10541,19411,0,0,0,936,29952,2958,1634,32,1023,10,14,0,1048576,0,0,0,inf,inf,0.985281706,0.928613245,1,0,10,69,2,20,48,0,2176,733,868,868,469,27776,9808,1634,4287,702,1023,1023,1023,448,0,1023,0,0,0,0,0,0,0,10,6,11,4,10,7,11,4,2,1,1,0,0,1,0,0,0,0,0,0,0,0,0,0,0,0,0,0,0,0,0,0,0,0,0,0,0,0,0,0,0,0,0,0,0,0,0,0,0,0,0,0,0,0,0,0,0,0,4,13,14,12,12,6,53,13,20,12
290,1,68,69,3,64,64,0,0,0,67,0,37408,37408,5186,5186,0,7287,30121,0,0,0,1169,37408,2895,1388,32,1023,10,14,0,1048576,0,0,0,inf,inf,1.04622281,0.909758568,1,0,10,68,2,0,49,18,2144,417,1102,1102,111,35264,6870,1388,600,831,1023,1023,1023,305,0,1023,0,0,4,5,9,9,12,10,5,5,3,4,1,0,0,0,0,0,0,0,0,0,0,0,0,0,0,0,0,0,0,0,0,0,0,0,0,0,0,0,0,0,0,0,0,0,0,0,0,0,0,0,0,0,0,0,0,0,0,0,0,0,0,0,0,5,4,4,4,6,7,4,6,5,4
291,0.899999976,68,69,3,64,64,0,0,0,67,0,14048,14048,1481,1481,0,5635,8413,0,0,0,439,14048,1641,1056,32,767,10,14,0,1048576,0,0,0,inf,inf,0.987256706,0.885039508,1,0,10,68,2,46,21,0,2144,966,372,372,180,11904,4669,1056,1985,767,767,767,767,0,0,767,0,0,0,0,0,0,0,1,5,3,4,4,4,8,6,4,7,6,3,5,4,1,0,1,0,1,0,0,0,0,0,0,0,0,0,0,0,0,0,0,0,0,0,0,0,0,0,0,0,0,0,0,0,0,0,0,0,0,0,0,0,0,0,0,0,7,15,9,4,9,4,6,8,4294967295,8
292,1,68,69,3,64,64,0,0,0,67,0,36512,36512,5457,5457,0,7019,29493,0,0,0,1141,36512,2937,1322,32,1023,10,14,0,1048576,0,0,0,inf,inf,1.08945632,0.969100356,1,0,10,68,2,0,52,15,2144,441,1074,1074,66,34368,6578,1322,413,1023,1023,1023,1023,128,0,1023,1,0,2,5,7,8,10,9,8,9,3,4,1,0,0,0,0,0,0,0,0,0,0,0,0,0,0,0,0,0,0,0,0,0,0,0,0,0,0,0,0,0,0,0,0,0,0,0,0,0,0,0,0,0,0,0,0,0,0,0,0,0,0,0,0,3,6,4,4,4,7,4,4,9,7
293,1,68,69,3,64,64,0,0,0,67,0,23584,23584,3135,3135,0,8094,15490,0,0,0,737,23584,2645,1385,32,1023,10,14,0,1048576,0,0,0,inf,inf,0.889461875,0.782249868,1,0,10,68,2,22,43,2,2144,743,670,670,241,21440,7351,1385,2438,951,1023,1023,1023,704,0,1023,0,0,0,1,1,1,2,6,8,7,7,6,6,8,3,2,2,1,1,2,2,1,0,0,0,0,0,0,0,0,0,0,0,0,0,0,0,0,0,0,0,0,0,0,0,0,0,0,0,0,0,0,0,0,0,0,0,0,0,0,0,0,0,0,0,5,5,4,5,3,3,8,8,5,5
294,1,67,69,3,64,64,0,0,0,66,0,10176,10176,921,921,0,4344,5832,0,0,0,318,10176,1218,864,32,1023,10,14,0,1048576,0,0,0,inf,inf,1.01119077,0.90851301,1,0,10,67,2,53,13,0,2112,1092,252,252,148,8064,3252,864,1800,1023,1007,1023,1023,0,0,1023,0,0,0,0,0,0,1,2,1,2,1,3,3,5,3,3,6,4,6,8,3,8,3,1,2,0,1,0,0,0,0,0,0,0,0,0,0,0,0,0,0,0,0,0,0,0,0,0,0,0,0,0,0,0,0,0,0,0,0,0,0,0,0,0,0,7,6,7,21,8,3,3,9,2,2
295,1,68,69,3,64,64,0,0,0,67,0,13760,13760,1260,1260,0,5659,8101,0,0,0,430,13760,1660,1111,32,1023,10,14,0,1048576,0,0,0,inf,inf,0.983273149,0.876459479,1,0,10,68,2,47,20,0,2144,994,363,363,192,11616,4665,1111,2120,959,1023,1023,1023,64,0,1023,0,0,0,0,0,0,0,1,5,2,4,4,4,4,7,5,6,8,3,6,4,1,0,2,0,1,0,0,0,0,0,0,0,0,0,0,0,0,0,0,0,0,0,0,0,0,0,0,0,0,0,0,0,0,0,0,0,0,0,0,0,0,0,0,0,8,13,12,16,17,21,27,10,14,4
296,1,69,69,1,64,64,0,2,0,68,0,7552,7552,868,868,0,3174,4378,0,0,0,236,7552,1085,843,32,1023,10,14,0,1048576,0,0,0,inf,0.983726859,0.983999014,0.890960932,1,0,10,69,2,59,9,0,2176,1133,168,168,92,5376,2041,843,866,1023,484,1023,1023,32,0,1023,0,0,0,0,0,0,0,0,1,2,1,5,0,3,5,8,8,7,4,6,7,5,3,3,0,0,0,0,0,0,0,0,0,0,0,0,0,0,0,0,0,0,0,0,0,0,0,0,0,0,0,0,0,0,0,0,0,0,0,0,0,0,0,0,0,15,6,11,16,14,56,22,55,29,17
297,1,67,69,3,64,64,0,0,0,66,0,21632,21632,2693,2693,0,7227,14405,0,0,0,676,21632,2491,1349,32,1023,10,14,0,1048576,0,0,0,inf,inf,1.01928294,0.888322353,1,0,10,67,2,25,39,2,2112,765,610,610,249,19520,6462,1349,1970,1023,1023,1023,1023,672,0,1023,0,0,0,1,1,0,1,4,3,9,6,11,5,3,6,9,2,3,1,1,0,0,0,0,0,0,0,0,0,0,0,0,0,0,0,0,0,0,0,0,0,0,0,0,0,0,0,0,0,0,0,0,0,0,0,0,0,0,0,0,0,0,0,0,0,3,4,3,5,4,15,4,5,5,11
298,0.899999976,68,69,3,64,64,0,0,0,67,0,15808,15808,1295,1295,0,6412,9396,0,0,0,494,15808,1801,1175,32,511,10,14,0,1048576,0,0,0,inf,inf,0.975840092,0.8905949,1,0,10,68,2,44,23,0,2144,974,427,427,236,13664,5438,1175,2423,383,511,511,511,128,0,511,0,0,0,0,0,0,0,1,5,4,4,4,5,7,5,3,6,5,4,5,4,2,0,2,0,1,0,0,0,0,0,0,0,0,0,0,0,0,0,0,0,0,0,0,0,0,0,0,0,0,0,0,0,0,0,0,0,0,0,0,0,0,0,0,0,11,13,4,11,27,28,14,40,13,4294967295
299,1,66,69,3,64,64,0,0,0,65,0,42368,42368,4862,4862,0,7516,34852,0,0,0,1324,42368,2842,1654,32,1023,10,14,0,1048576,0,0,0,inf,inf,1.01596606,0.915307343,1,0,10,66,2,1,39,25,2080,371,1259,1259,136,40288,7145,1654,624,891,1023,1023,1023,0,0,1023,0,1,5,6,13,4,12,11,5,4,2,0,1,1,0,0,0,0,0,0,0,0,0,0,0,0,0,0,0,0,0,0,0,0,0,0,0,0,0,0,0,0,0,0,0,0,0,0,0,0,0,0,0,0,0,0,0,0,0,0,0,0,0,0,0,2,2,14,2,1,6,3,15,2,3
300,1,67,69,3,64,64,0,0,0,66,0,39904,39904,5117,5117,0,7771,32133,0,0,0,1247,39904,3049,1459,32,1023,10,14,0,1048576,0,0,0,inf,inf,1.00749254,0.898346186,1,0,10,67,2,0,52,14,2112,416,1181,1181,173,37792,7355,1459,864,183,1023,1023,1023,0,0,1023,1,0,2,1,10,11,14,8,7,6,2,4,0,0,0,0,0,0,0,0,0,0,0,0,0,0,0,0,0,0,0,0,0,0,0,0,0,0,0,0,0,0,0,0,0,0,0,0,0,0,0,0,0,0,0,0,0,0,0,0,0,0,0,0,0,9,6,6,11,5,11,21,7,17,10
301,1,68,69,3,64,64,0,0,0,67,0,14688,14688,1312,1312,0,6052,8636,0,0,0,459,14688,1757,1156,32,1023,10,14,0,1048576,0,0,0,inf,inf,1.01518631,0.90828377,1,0,10,68,2,45,22,0,2144,991,392,392,207,12544,5061,1156,2260,1007,1023,1023,1023,0,0,1023,0,0,0,0,0,0,0,1,6,3,2,6,4,4,4,4,7,7,4,6,5,2,0,1,0,1,0,0,0,0,0,0,0,0,0,0,0,0,0,0,0,0,0,0,0,0,0,0,0,0,0,0,0,0,0,0,0,0,0,0,0,0,0,0,0,11,10,7,15,7,14,13,12,11,11
302,1,68,69,3,64,64,0,0,0,67,0,11264,11264,1348,1348,0,4760,6504,0,0,0,352,11264,1482,994,32,1023,10,14,0,1048576,0,0,0,inf,inf,1.044945,0.935765862,1,0,10,68,2,50,17,0,2144,1025,285,285,135,9120,3735,994,1482,1023,1023,1023,1023,128,0,1023,0,0,0,0,0,0,0,0,4,2,2,7,2,5,7,6,6,6,4,6,3,3,0,3,0,1,0,0,0,0,0,0,0,0,0,0,0,0,0,0,0,0,0,0,0,0,0,0,0,0,0,0,0,0,0,0,0,0,0,0,0,0,0,0,0,4,10,11,11,9,18,10,19,18,10
303,1,69,69,1,64,64,0,1,0,68,0,4256,4256,709,709,0,2300,1956,0,0,0,133,4256,772,689,32,1023,10,14,0,1048576,0,0,0,inf,0.99168539,0.99168539,0.869820833,1,0,10,69,2,65,3,0,2176,1276,65,65,41,2080,1024,689,631,1023,963,1023,1023,0,0,1023,0,0,0,0,0,0,0,0,1,0,0,1,1,2,4,3,4,7,7,5,12,4,7,7,1,1,1,0,0,0,0,0,0,0,0,0,0,0,0,0,0,0,0,0,0,0,0,0,0,0,0,0,0,0,0,0,0,0,0,0,0,0,0,0,0,6,5,14,66,23,16,13,12,5,27
304,1,67,69,3,64,64,0,0,0,66,0,10976,10976,748,748,0,4807,6169,0,0,0,343,10976,1353,996,32,1023,10,14,0,1048576,0,0,0,inf,inf,1.03483105,0.937669218,1,0,10,67,2,52,14,0,2112,1053,277,277,165,8864,3754,996,2155,767,1023,1023,1023,256,0,1023,0,0,0,0,0,0,0,1,3,0,2,5,3,2,5,7,8,5,7,4,7,3,2,1,0,1,0,0,0,0,0,0,0,0,0,0,0,0,0,0,0,0,0,0,0,0,0,0,0,0,0,0,0,0,0,0,0,0,0,0,0,0,0,0,0,5,5,7,8,12,7,4,64,62,3
305,1,67,69,3,64,64,0,0,0,66,0,31392,31392,2526,2526,0,9944,21448,0,0,0,981,31392,3045,1691,32,1023,10,14,0,1048576,0,0,0,inf,inf,1.03483891,0.959168792,1,0,10,67,2,15,48,3,2112,645,915,915,426,29280,9299,1691,3526,767,1023,1023,1023,16,0,1023,0,0,0,2,1,1,2,9,11,11,7,3,4,5,2,6,0,2,0,0,0,0,0,0,0,0,0,0,0,0,0,0,0,0,0,0,0,0,0,0,0,0,0,0,0,0,0,0,0,0,0,0,0,0,0,0,0,0,0,0,0,0,0,0,0,10,9,10,4,14,3,4,20,4,10
306,1,68,69,3,64,64,0,0,0,67,0,28224,28224,2571,2571,0,9499,18725,0,0,0,882,28224,3059,1648,32,1023,10,14,0,1048576,0,0,0,inf,inf,0.891318083,0.791913629,1,0,10,68,2,17,50,0,2144,710,815,815,364,26080,8789,1648,3328,991,1023,1023,1023,196,0,1023,0,0,0,0,0,3,4,4,6,11,8,6,8,3,2,8,1,3,0,0,0,0,0,0,0,0,0,0,0,0,0,0,0,0,0,0,0,0,0,0,0,0,0,0,0,0,0,0,0,0,0,0,0,0,0,0,0,0,0,0,0,0,0,0,0,3,5,5,4,4,4,5,38,7,13
307,1,69,69,1,64,64,0,7,0,68,0,16992,16992,2999,2999,0,5419,11573,0,0,0,531,16992,2916,1342,32,1023,10,14,0,1048576,0,0,0,inf,0.850933194,0.867821932,0.69666481,1,0,10,69,2,15,52,1,2176,711,463,463,99,14816,4708,1342,1243,1023,1023,1023,1023,68,0,1023,0,0,0,0,1,1,5,8,7,12,10,5,4,5,1,1,3,0,2,0,1,0,1,0,0,0,0,0,0,1,0,0,0,0,0,0,0,0,0,0,0,0,0,0,0,0,0,0,0,0,0,0,0,0,0,0,0,0,0,0,0,0,0,0,0,12,12,12,12,12,12,13,12,13,12
308,1,68,69,3,64,64,0,0,0,67,0,29792,29792,3965,3965,0,9223,20569,0,0,0,931,29792,3296,1681,32,1023,10,14,0,1048576,0,0,0,inf,inf,0.98087579,0.86538583,1,0,10,68,2,11,54,2,2144,612,864,864,239,27648,8611,1681,2253,1023,1023,1023,1023,208,0,1023,0,0,0,1,1,5,3,13,10,7,4,7,5,5,4,2,0,0,0,0,0,0,0,0,0,0,0,0,0,0,0,0,0,0,0,0,0,0,0,0,0,0,0,0,0,0,0,0,0,0,0,0,0,0,0,0,0,0,0,0,0,0,0,0,0,7,4,4,3,5,3,12,5,7,4
309,1,69,69,1,64,64,0,3,0,68,0,5312,5312,747,747,0,2554,2758,0,0,0,166,5312,889,747,32,1023,10,14,0,1048576,0,0,0,inf,0.89861393,0.900821328,0.786871374,1,0,10,69,2,63,5,0,2176,1179,98,98,58,3136,1375,747,703,1023,1023,1023,1023,0,0,1023,0,0,0,0,0,0,0,0,0,1,0,4,0,8,7,3,4,7,5,6,8,3,10,0,1,1,0,0,0,0,0,0,0,0,0,0,0,0,0,0,0,0,0,0,0,0,0,0,0,0,0,0,0,0,0,0,0,0,0,0,0,0,0,0,0,11,8,14,10,8,13,8,9,14,13
310,1,68,69,3,64,64,0,0,0,67,0,35072,35072,4303,4303,0,5606,29466,0,0,0,1096,35072,2374,1223,32,1023,10,14,0,1048576,0,0,0,inf,inf,0.969700694,0.874275446,1,0,10,68,2,1,37,29,2144,358,1029,1029,85,32928,5248,1223,407,1023,1023,1023,1023,531,0,1023,1,2,5,8,13,10,9,6,3,5,2,2,0,1,0,0,0,0,0,0,0,0,0,0,0,0,0,0,0,0,0,0,0,0,0,0,0,0,0,0,0,0,0,0,0,0,0,0,0,0,0,0,0,0,0,0,0,0,0,0,0,0,0,0,0,16,6,10,6,8,17,3,7,7,9
311,1,69,69,1,64,64,0,1,0,68,0,14048,14048,1750,1750,0,5775,8273,0,0,0,439,14048,1749,1127,32,1023,10,14,0,1048576,0,0,0,inf,1.03838801,1.03838801,0.943044305,1,0,10,69,2,46,22,0,2176,994,371,371,173,11872,4781,1127,1802,1023,1023,1023,1023,0,0,1023,0,0,0,0,0,0,0,0,5,4,3,7,3,3,8,6,6,5,5,6,4,1,0,1,0,1,0,0,0,0,0,0,0,0,0,0,0,0,0,0,0,0,0,0,0,0,0,0,0,0,0,0,0,0,0,0,0,0,0,0,0,0,0,0,0,12,11,12,4,11,4,12,12,13,37
312,0.899999976,67,69,3,64,64,0,0,0,66,0,52384,52384,3434,3434,0,3748,48636,0,0,0,1637,52384,807,704,32,767,10,14,0,1048576,0,0,0,inf,inf,1.1064682,0.937303185,1,0,10,67,2,0,3,63,2112,110,1571,1571,7,50272,3638,704,8,687,767,767,767,0,0,767,16,19,17,7,4,0,2,0,1,0,0,0,0,0,0,0,0,0,0,0,0,0,0,0,0,0,0,0,0,0,0,0,0,0,0,0,0,0,0,0,0,0,0,0,0,0,0,0,0,0,0,0,0,0,0,0,0,0,0,0,0,0,0,0,0,4,3,3,4,4,3,4,3,4294967295,6
313,1,68,69,3,64,64,0,0,0,67,0,31808,31808,3709,3709,0,10216,21592,0,0,0,994,31808,3262,1723,32,1023,10,14,0,1048576,0,0,0,inf,inf,0.891308904,0.81326443,1,0,10,68,2,12,53,2,2144,666,927,927,322,29664,9550,1723,2966,511,1023,1023,1023,32,0,1023,0,0,0,1,1,2,4,5,9,8,10,6,9,4,4,2,1,0,1,0,0,0,0,0,0,0,0,0,0,0,0,0,0,0,0,0,0,0,0,0,0,0,0,0,0,0,0,0,0,0,0,0,0,0,0,0,0,0,0,0,0,0,0,0,0,5,10,4,5,4,19,3,4,6,10
314,1,66,69,3,64,64,0,0,0,65,0,25216,25216,3263,3263,0,8176,17040,0,0,0,788,25216,2859,1499,32,1023,10,14,0,1048576,0,0,0,inf,inf,0.930664897,0.824564397,1,0,10,66,2,17,47,1,2080,678,723,723,258,23136,7498,1499,2230,1023,1023,1023,1023,848,0,1023,0,0,0,0,1,1,2,8,4,9,8,11,4,5,6,6,0,0,0,0,0,0,0,0,0,0,0,0,0,0,0,0,0,0,0,0,0,0,0,0,0,0,0,0,0,0,0,0,0,0,0,0,0,0,0,0,0,0,0,0,0,0,0,0,0,3,2,3,3,4,4,4,6,4,24
315,1,69,69,2,64,64,0,0,0,68,0,9056,9056,683,683,0,4026,5030,0,0,0,283,9056,1278,989,32,1023,10,14,0,1048576,0,0,0,inf,inf,0.930389047,0.874748111,1,0,10,69,2,57,11,0,2176,1185,215,215,127,6880,2841,989,1630,735,299,1023,1023,256,0,1023,0,0,0,0,0,0,1,0,0,2,3,2,3,3,4,4,5,7,3,6,8,2,5,7,0,2,0,0,1,0,0,0,0,0,0,0,0,0,0,0,0,0,0,0,0,0,0,0,0,0,0,0,0,0,0,0,0,0,0,0,0,0,0,0,0,4,36,26,4,64,11,13,19,38,13
316,1,67,69,3,64,64,0,0,0,66,0,24288,24288,3760,3760,0,7867,16421,0,0,0,759,24288,3008,1536,32,1023,10,14,0,1048576,0,0,0,inf,inf,0.857552052,0.717049837,1,0,10,67,2,17,49,0,2112,685,693,693,165,22176,7182,1536,1743,1023,1023,1023,1023,0,0,1023,0,0,0,0,0,3,2,7,8,10,7,7,5,8,1,3,1,3,1,0,0,0,0,0,0,0,0,0,0,0,0,0,0,0,0,0,0,0,0,0,0,0,0,0,0,0,0,0,0,0,0,0,0,0,0,0,0,0,0,0,0,0,0,0,0,3,4,4,4,4,5,5,5,5,3
317,1,69,69,1,64,64,0,1,0,68,0,12192,12192,1331,1331,0,5177,7015,0,0,0,381,12192,1468,958,32,1023,10,14,0,1048576,0,0,0,inf,0.881316841,0.881316841,0.775518596,1,0,10,69,2,50,18,0,2176,1026,313,313,161,10016,4151,958,1760,1023,1023,1023,1023,386,0,1023,0,0,0,0,0,0,0,0,1,4,7,2,4,7,6,8,4,4,5,5,5,3,2,1,0,0,0,0,0,0,0,0,0,0,0,0,0,0,0,0,0,0,0,0,0,0,0,0,0,0,0,0,0,0,0,0,0,0,0,0,0,0,0,0,0,5,8,5,28,6,6,7,22,22,5
318,0.899999976,69,69,2,64,64,0,0,0,68,0,21280,21280,1731,1731,0,7960,13320,0,0,0,665,21280,2312,1350,32,1023,10,14,0,1048576,0,0,0,inf,inf,0.90152061,0.800397038,1,0,10,69,2,33,35,0,2176,888,597,597,286,19104,7072,1350,3219,895,1023,895,895,130,0,895,0,0,0,0,0,1,0,2,4,7,9,8,4,8,4,3,4,2,2,3,4,0,0,1,1,1,0,0,0,0,0,0,0,0,0,0,0,0,0,0,0,0,0,0,0,0,0,0,0,0,0,0,0,0,0,0,0,0,0,0,0,0,0,0,0,6,8,7,6,6,5,5,4294967295,6,6
319,1,69,69,2,64,64,0,0,0,68,0,8608,8608,1079,1079,0,3523,5085,0,0,0,269,8608,1158,824,32,1023,10,14,0,1048576,0,0,0,inf,inf,0.907473087,0.769022405,1,0,10,69,2,56,12,0,2176,1103,201,201,97,6432,2420,824,1164,1023,1023,1023,1023,176,0,1023,0,0,0,0,0,0,1,1,1,1,2,5,1,2,7,2,15,3,5,7,7,3,2,2,0,1,0,0,0,0,0,0,0,0,0,0,0,0,0,0,0,0,0,0,0,0,0,0,0,0,0,0,0,0,0,0,0,0,0,0,0,0,0,0,0,5,4,14,10,15,6,6,13,15,6
320,1,66,69,3,64,64,0,0,0,65,0,27648,27648,3023,3023,0,8851,18797,0,0,0,864,27648,2924,1584,32,1023,10,14,0,1048576,0,0,0,inf,inf,0.932157457,0.842578411,1,0,10,66,2,18,47,0,2080,678,799,799,302,25568,8173,1584,2688,1023,1023,1023,1023,128,0,1023,0,0,0,0,0,5,2,5,7,9,7,6,6,5,5,6,0,1,0,1,0,0,0,0,0,0,0,0,0,0,0,0,0,0,0,0,0,0,0,0,0,0,0,0,0,0,0,0,0,0,0,0,0,0,0,0,0,0,0,0,0,0,0,0,0,3,5,3,6,12,2,4,5,3,6
321,1,69,69,2,64,64,0,0,0,68,0,13056,13056,1327,1327,0,5293,7763,0,0,0,408,13056,1549,1019,32,1023,10,14,0,1048576,0,0,0,inf,inf,0.928186893,0.82154423,1,0,10,69,2,49,19,0,2176,1015,340,340,174,10880,4278,1019,1901,1023,1023,1023,1023,522,0,1023,0,0,0,0,0,0,0,0,4,4,5,4,2,7,4,6,9,5,3,4,6,1,2,1,0,1,0,0,0,0,0,0,0,0,0,0,0,0,0,0,0,0,0,0,0,0,0,0,0,0,0,0,0,0,0,0,0,0,0,0,0,0,0,0,0,7,11,8,12,4,7,11,24,7,17
322,1,69,69,1,64,64,0,1,0,68,0,3424,3424,903,903,0,1890,1534,0,0,0,107,3424,742,670,32,1023,10,14,0,1048576,0,0,0,inf,0.822592497,0.822592497,0.743853509,1,0,10,69,2,66,2,0,2176,1359,39,39,15,1248,531,670,166,1023,215,1023,1023,0,0,1023,0,0,0,0,0,0,0,0,0,0,1,1,0,3,4,2,7,1,7,6,3,5,9,4,3,5,1,2,4,0,0,0,0,0,0,0,0,0,0,0,0,0,0,0,0,0,0,0,0,0,0,0,0,0,0,0,0,0,0,0,0,0,0,0,0,10,8,7,6,6,14,18,7,8,39
323,1,69,69,2,64,64,0,0,0,68,0,13440,13440,1001,1001,0,5400,8040,0,0,0,420,13440,1518,1038,32,1023,10,14,0,1048576,0,0,0,inf,inf,1.01390028,0.892865419,1,0,10,69,2,50,18,0,2176,1060,352,352,202,11264,4340,1038,2359,1023,1023,1023,1023,512,0,1023,0,0,0,0,0,0,0,1,4,3,3,3,4,8,4,3,7,1,5,6,6,2,4,2,1,1,0,0,0,0,0,0,0,0,0,0,0,0,0,0,0,0,0,0,0,0,0,0,0,0,0,0,0,0,0,0,0,0,0,0,0,0,0,0,0,21,3,6,6,3,5,6,8,10,22
324,1,67,69,3,64,64,0,0,0,66,0,36192,36192,4808,4808,0,6750,29442,0,0,0,1131,36192,2825,1378,32,1023,10,14,0,1048576,0,0,0,inf,inf,1.04784083,0.909266829,1,0,10,67,2,0,47,19,2112,422,1065,1065,108,34080,6328,1378,546,1023,1023,1023,1023,16,0,1023,1,0,3,3,12,9,7,7,7,9,3,4,1,0,0,0,0,0,0,0,0,0,0,0,0,0,0,0,0,0,0,0,0,0,0,0,0,0,0,0,0,0,0,0,0,0,0,0,0,0,0,0,0,0,0,0,0,0,0,0,0,0,0,0,0,4,4,4,4,4,4,5,4,4,5
325,1,68,69,3,64,64,0,0,0,67,0,12352,12352,1444,1444,0,5099,7253,0,0,0,386,12352,1434,948,32,1023,10,14,0,1048576,0,0,0,inf,inf,0.914644957,0.780191422,1,0,10,68,2,50,17,0,2144,1006,319,319,144,10208,4093,948,1548,1023,1023,1023,1023,0,0,1023,0,0,0,0,0,0,0,0,3,5,4,2,3,8,6,6,7,4,5,4,4,2,1,2,0,1,0,0,0,0,0,0,0,0,0,0,0,0,0,0,0,0,0,0,0,0,0,0,0,0,0,0,0,0,0,0,0,0,0,0,0,0,0,0,0,4,8,6,15,4,5,6,5,3,32
326,1,67,69,3,64,64,0,0,0,66,0,37152,37152,5051,5051,0,7035,30117,0,0,0,1161,37152,2834,1383,32,1023,10,14,0,1048576,0,0,0,inf,inf,1.1207366,0.978075564,1,0,10,67,2,0,47,19,2112,412,1095,1095,103,35040,6623,1383,542,1023,1023,1023,1023,0,0,1023,1,1,2,5,10,7,10,9,6,9,2,3,1,0,0,0,0,0,0,0,0,0,0,0,0,0,0,0,0,0,0,0,0,0,0,0,0,0,0,0,0,0,0,0,0,0,0,0,0,0,0,0,0,0,0,0,0,0,0,0,0,0,0,0,0,4,4,5,14,5,4,4,4,3,4
327,0.899999976,68,69,3,64,64,0,0,0,67,0,12032,12032,1399,1399,0,5005,7027,0,0,0,376,12032,1595,1053,32,1023,10,14,0,1048576,0,0,0,inf,inf,1.04923069,0.948422432,1,0,10,68,2,48,19,0,2144,1022,309,309,143,9888,3983,1053,1585,511,1023,511,511,608,0,511,0,0,0,0,0,0,0,0,4,2,3,7,3,4,7,4,6,6,5,6,3,3,0,3,0,1,0,0,0,0,0,0,0,0,0,0,0,0,0,0,0,0,0,0,0,0,0,0,0,0,0,0,0,0,0,0,0,0,0,0,0,0,0,0,0,4,11,10,12,12,20,29,11,11,4294967295
328,1,69,69,1,64,64,0,1,0,68,0,14176,14176,1479,1479,0,5569,8607,0,0,0,443,14176,1688,1063,32,1023,10,14,0,1048576,0,0,0,inf,1.04370093,1.04370093,0.930324256,1,0,10,69,2,46,22,0,2176,967,375,375,187,12000,4602,1063,1880,1023,1023,1023,1023,520,0,1023,0,0,0,0,0,0,0,1,4,3,6,5,3,8,7,5,6,6,5,4,1,2,1,0,0,1,0,0,0,0,0,0,0,0,0,0,0,0,0,0,0,0,0,0,0,0,0,0,0,0,0,0,0,0,0,0,0,0,0,0,0,0,0,0,0,8,12,13,14,15,20,14,14,8,37
329,1,69,69,1,64,64,0,4,0,68,0,6176,6176,1194,1194,0,3093,3083,0,0,0,193,6176,866,662,32,1023,10,14,0,1048576,0,0,0,inf,1.00187278,1.01565242,0.841674566,1,0,10,69,2,61,7,0,2176,1151,125,125,48,4000,1942,662,710,1023,1023,1023,1023,2,0,1023,0,0,0,0,0,0,0,0,0,0,0,3,4,3,6,3,9,11,9,7,4,6,1,1,0,1,0,0,0,0,0,0,0,0,0,0,0,0,0,0,0,0,0,0,0,0,0,0,0,0,0,0,0,0,0,0,0,0,0,0,0,0,0,0,0,11,8,11,8,8,9,8,7,8,9
330,1,67,69,3,64,64,0,0,0,66,0,38368,38368,4805,4805,0,7162,31206,0,0,0,1199,38368,2851,1436,32,1023,10,14,0,1048576,0,0,0,inf,inf,1.14027667,0.998612881,1,0,10,67,2,0,46,20,2112,409,1133,1133,141,36256,6753,1436,650,1023,1023,1023,1023,128,0,1023,0,1,3,4,12,7,11,8,6,8,2,3,1,0,0,0,0,0,0,0,0,0,0,0,0,0,0,0,0,0,0,0,0,0,0,0,0,0,0,0,0,0,0,0,0,0,0,0,0,0,0,0,0,0,0,0,0,0,0,0,0,0,0,0,0,14,5,5,5,4,5,5,4,7,6
331,1,68,69,3,64,64,0,0,0,67,0,32320,32320,2941,2941,0,10283,22037,0,0,0,1010,32320,3152,1714,32,1023,10,14,0,1048576,0,0,0,inf,inf,0.988080144,0.905487418,1,0,10,68,2,15,50,2,2144,655,943,943,413,30176,9628,1714,3475,125,1023,1023,1023,736,0,1023,0,0,0,2,0,3,4,6,10,7,8,8,4,8,3,2,1,1,0,0,0,0,0,0,0,0,0,0,0,0,0,0,0,0,0,0,0,0,0,0,0,0,0,0,0,0,0,0,0,0,0,0,0,0,0,0,0,0,0,0,0,0,0,0,0,6,3,8,5,8,8,6,17,6,33
332,1,68,69,3,64,64,0,0,0,67,0,26304,26304,2893,2893,0,8662,17642,0,0,0,822,26304,3082,1635,32,1023,10,14,0,1048576,0,0,0,inf,inf,0.930792928,0.848228335,1,0,10,68,2,17,50,0,2144,691,755,755,301,24160,7971,1635,2640,959,1023,1023,1023,548,0,1023,0,0,0,0,0,3,7,4,6,10,7,7,6,4,3,7,1,2,0,0,0,0,0,0,0,0,0,0,0,0,0,0,0,0,0,0,0,0,0,0,0,0,0,0,0,0,0,0,0,0,0,0,0,0,0,0,0,0,0,0,0,0,0,0,0,3,5,5,4,4,5,4,3,4,7
333,1,68,69,3,64,64,0,0,0,67,0,10784,10784,1147,1147,0,4495,6289,0,0,0,337,10784,1370,957,32,1023,10,14,0,1048576,0,0,0,inf,inf,1.01631713,0.875130475,1,0,10,68,2,52,15,0,2144,1028,270,270,138,8640,3467,957,1558,1023,1023,1023,1023,128,0,1023,0,0,0,0,0,0,0,0,3,2,2,4,4,7,7,5,6,7,6,4,7,0,0,2,0,1,0,0,0,0,0,0,0,0,0,0,0,0,0,0,0,0,0,0,0,0,0,0,0,0,0,0,0,0,0,0,0,0,0,0,0,0,0,0,0,12,10,10,12,10,9,4,14,12,9
334,1,69,69,1,64,64,0,1,0,68,0,11616,11616,1197,1197,0,4920,6696,0,0,0,363,11616,1393,947,32,1023,10,14,0,1048576,0,0,0,inf,0.97496891,0.97496891,0.876253068,1,0,10,69,2,52,16,0,2176,1017,295,295,151,9440,3903,947,1746,1023,1007,1023,1023,0,0,1023,0,0,0,0,0,0,0,1,2,3,2,5,3,9,6,6,8,5,6,4,5,1,1,0,0,1,0,0,0,0,0,0,0,0,0,0,0,0,0,0,0,0,0,0,0,0,0,0,0,0,0,0,0,0,0,0,0,0,0,0,0,0,0,0,0,9,11,7,12,7,6,6,12,8,11
335,1,68,69,3,64,64,0,0,0,67,0,11552,11552,1476,1476,0,4838,6714,0,0,0,361,11552,1508,1015,32,1023,10,14,0,1048576,0,0,0,inf,inf,1.00805032,0.913292229,1,0,10,68,2,50,17,0,2144,1042,294,294,129,9408,3796,1015,1396,1023,1015,1023,1023,5,0,1023,0,0,0,0,0,0,0,0,4,4,1,6,2,7,5,4,5,3,6,7,5,2,2,2,1,1,0,0,0,0,0,0,0,0,0,0,0,0,0,0,0,0,0,0,0,0,0,0,0,0,0,0,0,0,0,0,0,0,0,0,0,0,0,0,0,21,10,37,22,6,4,4,38,11,7
336,1,69,69,1,64,64,0,1,0,68,0,12192,12192,870,870,0,5248,6944,0,0,0,381,12192,1504,1072,32,1023,10,14,0,1048576,0,0,0,inf,0.990545809,0.990545809,0.911927521,1,0,10,69,2,52,16,0,2176,1055,313,313,185,10016,4193,1072,2222,1023,1023,1023,1023,128,0,1023,0,0,0,0,0,0,0,1,4,0,4,3,4,7,6,5,5,8,5,7,2,0,1,3,1,1,1,0,0,0,0,0,0,0,0,0,0,0,0,0,0,0,0,0,0,0,0,0,0,0,0,0,0,0,0,0,0,0,0,0,0,0,0,0,0,17,7,6,7,16,7,7,9,7,16
337,1,66,69,3,64,64,0,0,0,65,0,25952,25952,3839,3839,0,8295,17657,0,0,0,811,25952,3088,1555,32,1023,10,14,0,1048576,0,0,0,inf,inf,1.05603337,0.977872133,1,0,10,66,2,13,51,1,2080,636,746,746,202,23872,7659,1555,1874,1023,1023,1023,1023,260,0,1023,0,0,0,1,0,5,3,7,6,8,8,10,4,4,4,5,0,0,0,0,0,0,0,0,0,0,0,0,0,0,0,0,0,0,0,0,0,0,0,0,0,0,0,0,0,0,0,0,0,0,0,0,0,0,0,0,0,0,0,0,0,0,0,0,0,3,3,4,3,3,2,3,3,5,3
338,1,69,69,2,64,64,0,0,0,68,0,11840,11840,1411,1411,0,4814,7026,0,0,0,370,11840,1529,1010,32,1023,10,14,0,1048576,0,0,0,inf,inf,1.07889295,0.943944573,1,0,10,69,2,50,18,0,2176,1010,302,302,147,9664,3804,1010,1476,1023,1023,1023,1023,0,0,1023,0,0,0,0,0,0,0,0,5,2,2,6,3,7,7,5,7,7,6,4,4,0,0,2,0,1,0,0,0,0,0,0,0,0,0,0,0,0,0,0,0,0,0,0,0,0,0,0,0,0,0,0,0,0,0,0,0,0,0,0,0,0,0,0,0,17,4,11,17,9,9,12,31,9,11
339,1,68,69,3,64,64,0,0,0,67,0,26048,26048,3709,3709,0,8518,17530,0,0,0,814,26048,3109,1565,32,1023,10,14,0,1048576,0,0,0,inf,inf,1.01821351,0.920138597,1,0,10,68,2,15,52,0,2144,697,747,747,212,23904,7821,1565,1987,1023,1023,1023,1023,66,0,1023,0,0,0,0,0,4,2,6,4,10,8,9,9,6,3,4,1,0,1,0,0,0,0,0,0,0,0,0,0,0,0,0,0,0,0,0,0,0,0,0,0,0,0,0,0,0,0,0,0,0,0,0,0,0,0,0,0,0,0,0,0,0,0,0,0,5,5,5,4,4,6,7,5,4,5
340,1,69,69,2,64,64,0,0,0,68,0,10336,10336,1029,1029,0,4197,6139,0,0,0,323,10336,1360,970,32,1023,10,14,0,1048576,0,0,0,inf,inf,1.07424617,0.953772426,1,0,10,69,2,54,14,0,2176,1049,255,255,135,8160,3148,970,1451,1023,1023,1023,1023,32,0,1023,0,0,0,0,0,0,0,0,2,2,2,5,3,5,10,5,7,5,8,5,5,3,0,0,0,1,0,0,0,0,0,0,0,0,0,0,0,0,0,0,0,0,0,0,0,0,0,0,0,0,0,0,0,0,0,0,0,0,0,0,0,0,0,0,0,12,12,14,19,19,18,13,18,13,10
341,1,69,69,1,64,64,0,2,0,68,0,5408,5408,781,781,0,2462,2946,0,0,0,169,5408,804,664,32,1023,10,14,0,1048576,0,0,0,inf,0.890203357,0.890459657,0.759910643,1,0,10,69,2,63,5,0,2176,1145,101,101,61,3232,1317,664,738,1023,495,1023,1023,0,0,1023,0,0,0,0,0,0,0,0,0,1,1,3,0,13,3,2,9,5,8,6,7,3,4,0,1,2,0,0,0,0,0,0,0,0,0,0,0,0,0,0,0,0,0,0,0,0,0,0,0,0,0,0,0,0,0,0,0,0,0,0,0,0,0,0,0,7,7,6,8,9,7,8,8,7,8
342,1,66,69,3,64,64,0,0,0,65,0,28768,28768,2759,2759,0,9801,18967,0,0,0,899,28768,3012,1620,32,1023,10,14,0,1048576,0,0,0,inf,inf,0.964264631,0.849507332,1,0,10,66,2,16,49,0,2080,680,834,834,366,26688,9121,1620,3317,1019,1023,1023,1023,744,0,1023,0,0,0,0,0,1,4,6,9,8,7,7,7,4,4,4,2,2,0,0,0,0,0,0,0,0,0,0,0,0,0,0,0,0,0,0,0,0,0,0,0,0,0,0,0,0,0,0,0,0,0,0,0,0,0,0,0,0,0,0,0,0,0,0,0,2,3,1,10,8,9,4,4,3,9
343,1,69,69,1,64,64,0,2,0,68,0,5856,5856,1234,1234,0,2914,2942,0,0,0,183,5856,1017,804,32,1023,10,14,0,1048576,0,0,0,inf,0.927035451,0.927048445,0.863079846,1,0,10,69,2,61,7,0,2176,1338,115,115,45,3680,1576,804,477,1023,989,1023,1023,64,0,1023,0,0,0,0,0,0,0,0,1,2,1,1,2,3,3,0,3,1,7,6,3,5,10,6,4,5,1,2,1,1,0,0,0,0,0,0,0,0,0,0,0,0,0,0,0,0,0,0,0,0,0,0,0,0,0,0,0,0,0,0,0,0,0,0,0,12,33,8,19,8,20,30,9,8,13
344,1,69,69,2,64,64,0,0,0,68,0,13856,13856,1827,1827,0,5615,8241,0,0,0,433,13856,1766,1103,32,1023,10,14,0,1048576,0,0,0,inf,inf,0.979566693,0.837333918,1,0,10,69,2,45,23,0,2176,994,365,365,173,11680,4621,1103,1716,1023,1023,1023,1023,0,0,1023,0,0,0,0,0,0,0,1,4,2,4,8,4,7,6,5,6,3,4,4,4,1,2,2,0,1,0,0,0,0,0,0,0,0,0,0,0,0,0,0,0,0,0,0,0,0,0,0,0,0,0,0,0,0,0,0,0,0,0,0,0,0,0,0,0,7,6,7,8,7,17,6,6,7,8
345,1,69,69,2,64,64,0,0,0,68,0,15424,15424,1009,1009,0,6465,8959,0,0,0,482,15424,1729,1152,32,1023,10,14,0,1048576,0,0,0,inf,inf,0.963525951,0.864484251,1,0,10,69,2,46,22,0,2176,988,414,414,238,13248,5477,1152,2880,1023,1023,1023,1023,592,0,1023,0,0,0,0,0,0,0,1,3,2,4,7,5,9,5,3,8,4,4,4,5,3,0,1,0,0,0,0,0,0,0,0,0,0,0,0,0,0,0,0,0,0,0,0,0,0,0,0,0,0,0,0,0,0,0,0,0,0,0,0,0,0,0,0,0,9,6,6,6,21,15,7,5,40,16
346,1,68,69,3,64,64,0,0,0,67,0,13216,13216,1401,1401,0,5402,7814,0,0,0,413,13216,1648,1057,32,1023,10,14,0,1048576,0,0,0,inf,inf,1.05265737,0.91138953,1,0,10,68,2,46,21,0,2144,989,346,346,169,11072,4413,1057,1942,1023,1023,1023,1023,0,0,1023,0,0,0,0,0,0,0,0,4,2,6,6,3,6,6,4,6,7,4,4,5,1,0,2,0,1,0,0,0,0,0,0,0,0,0,0,0,0,0,0,0,0,0,0,0,0,0,0,0,0,0,0,0,0,0,0,0,0,0,0,0,0,0,0,0,12,4,11,11,12,17,12,13,38,13
347,1,66,69,3,64,64,0,0,0,65,0,5952,5952,749,749,0,2567,3385,0,0,0,186,5952,968,797,32,1023,10,14,0,1048576,0,0,0,inf,inf,0.940165162,0.84337157,1,0,10,66,2,59,6,0,2080,1126,121,121,67,3872,1441,797,647,1023,1011,1023,1023,0,0,1023,0,0,0,0,0,0,0,0,2,1,1,1,1,4,3,6,8,7,5,6,8,4,3,1,1,2,1,0,0,0,0,0,0,0,0,0,0,0,0,0,0,0,0,0,0,0,0,0,0,0,0,0,0,0,0,0,0,0,0,0,0,0,0,0,0,11,10,12,31,8,7,8,14,7,4
348,1,69,69,2,64,64,0,0,0,68,0,10592,10592,783,783,0,4500,6092,0,0,0,331,10592,1366,1024,32,1023,10,14,0,1048576,0,0,0,inf,inf,0.912806988,0.847661138,1,0,10,69,2,55,13,0,2176,1100,263,263,159,8416,3400,1024,1725,1011,1023,1023,1023,68,0,1023,0,0,0,0,0,0,1,0,3,0,4,2,3,2,4,6,6,7,9,8,7,3,1,2,0,0,0,0,0,0,0,0,0,0,0,0,0,0,0,0,0,0,0,0,0,0,0,0,0,0,0,0,0,0,0,0,0,0,0,0,0,0,0,0,0,5,11,65,61,5,7,15,6,7,6
349,1,69,69,1,64,64,0,2,0,68,0,9152,9152,793,793,0,4013,5139,0,0,0,286,9152,1210,914,32,1023,10,14,0,1048576,0,0,0,inf,0.952332318,0.95353055,0.865081072,1,0,10,69,2,57,11,0,2176,1093,218,218,130,6976,2920,914,1544,1023,511,1023,1023,172,0,1023,0,0,0,0,0,0,0,0,2,1,3,1,4,6,8,6,6,7,6,7,3,1,2,3,1,1,0,0,0,0,0,0,0,0,0,0,0,0,0,0,0,0,0,0,0,0,0,0,0,0,0,0,0,0,0,0,0,0,0,0,0,0,0,0,0,13,12,9,19,7,13,20,17,6,23
350,1,69,69,1,64,64,0,3,0,68,0,12800,12800,1522,1522,0,5199,7601,0,0,0,400,12800,1597,1027,32,1023,10,14,0,1048576,0,0,0,inf,0.996791601,0.998202384,0.884268761,1,0,10,69,2,48,20,0,2176,1008,332,332,163,10624,4191,1027,1698,1023,1023,1023,1023,512,0,1023,0,0,0,0,0,0,0,0,6,3,3,5,3,6,6,4,8,6,4,4,6,1,0,2,0,1,0,0,0,0,0,0,0,0,0,0,0,0,0,0,0,0,0,0,0,0,0,0,0,0,0,0,0,0,0,0,0,0,0,0,0,0,0,0,0,13,13,13,12,4,13,18,19,12,24
351,1,66,69,3,64,64,0,0,0,65,0,24320,24320,3920,3920,0,7733,16587,0,0,0,760,24320,3004,1454,32,1023,10,14,0,1048576,0,0,0,inf,inf,0.989776134,0.900626659,1,0,10,66,2,14,51,0,2080,654,695,695,164,22240,7079,1454,1617,1023,1023,1023,1023,100,0,1023,0,0,0,0,0,5,3,6,5,9,6,12,5,6,2,6,0,0,0,0,0,0,0,0,0,0,0,0,0,0,0,0,0,0,0,0,0,0,0,0,0,0,0,0,0,0,0,0,0,0,0,0,0,0,0,0,0,0,0,0,0,0,0,0,0,3,3,4,3,2,4,4,3,3,3
352,1,69,69,1,64,64,0,2,0,68,0,16544,16544,959,959,0,6590,9954,0,0,0,517,16544,1804,1222,32,1023,10,14,0,1048576,0,0,0,inf,0.994403601,0.997180521,0.887251854,1,0,10,69,2,45,22,1,2176,1028,449,449,265,14368,5562,1222,3012,1017,1023,1023,1023,386,0,1023,0,0,1,0,0,0,1,0,4,3,5,7,2,4,5,5,4,4,4,4,6,0,4,2,0,1,1,0,1,0,0,0,0,0,0,0,0,0,0,0,0,0,0,0,0,0,0,0,0,0,0,0,0,0,0,0,0,0,0,0,0,0,0,0,0,22,13,35,22,10,21,7,11,23,22
353,1,69,69,2,64,64,0,0,0,68,0,10368,10368,1281,1281,0,4384,5984,0,0,0,324,10368,1294,895,32,1023,10,14,0,1048576,0,0,0,inf,inf,0.96073246,0.842555642,1,0,10,69,2,54,14,0,2176,1048,256,256,121,8192,3336,895,1329,1023,1023,1023,1023,32,0,1023,0,0,0,0,0,0,0,0,0,3,1,5,5,5,10,4,12,5,5,5,4,2,1,0,0,1,0,0,0,0,0,0,0,0,0,0,0,0,0,0,0,0,0,0,0,0,0,0,0,0,0,0,0,0,0,0,0,0,0,0,0,0,0,0,0,6,8,12,7,6,9,7,5,6,43
354,1,69,69,1,64,64,0,1,0,68,0,12128,12128,1721,1721,0,4942,7186,0,0,0,379,12128,1631,1019,32,1023,10,14,0,1048576,0,0,0,inf,0.95072037,0.95072037,0.836307287,1,0,10,69,2,47,21,0,2176,1010,311,311,148,9952,3932,1019,1369,1023,1023,1023,1023,16,0,1023,0,0,0,0,0,0,0,0,5,3,4,6,3,8,5,6,7,3,3,2,5,2,2,2,0,2,0,0,0,0,0,0,0,0,0,0,0,0,0,0,0,0,0,0,0,0,0,0,0,0,0,0,0,0,0,0,0,0,0,0,0,0,0,0,0,8,10,9,10,18,14,12,18,12,10
355,1,67,69,3,64,64,0,0,0,66,0,24896,24896,3260,3260,0,7910,16986,0,0,0,778,24896,2993,1545,32,1023,10,14,0,1048576,0,0,0,inf,inf,0.968033075,0.861462533,1,0,10,67,2,15,50,1,2112,683,712,712,223,22784,7227,1545,2004,1023,1023,1023,1023,626,0,1023,0,0,0,0,1,1,3,7,4,11,8,11,5,4,4,6,0,1,0,0,0,0,0,0,0,0,0,0,0,0,0,0,0,0,0,0,0,0,0,0,0,0,0,0,0,0,0,0,0,0,0,0,0,0,0,0,0,0,0,0,0,0,0,0,0,3,4,4,4,4,4,5,3,3,4
356,1,66,69,3,64,64,0,0,0,65,0,54944,54944,3629,3629,0,4543,50401,0,0,0,1717,54944,1175,1016,32,1023,10,14,0,1048576,0,0,0,inf,inf,1.12678885,1.00522983,1,0,10,66,2,0,5,60,2080,138,1652,1652,49,52864,4405,1016,72,311,1023,1023,1023,0,0,1023,8,17,18,9,8,4,1,0,0,0,0,0,0,0,0,0,0,0,0,0,0,0,0,0,0,0,0,0,0,0,0,0,0,0,0,0,0,0,0,0,0,0,0,0,0,0,0,0,0,0,0,0,0,0,0,0,0,0,0,0,0,0,0,0,0,3,3,20,4,3,7,4,13,4,8
357,1,69,69,2,64,64,0,0,0,68,0,12192,12192,1462,1462,0,4921,7271,0,0,0,381,12192,1459,927,32,1023,10,14,0,1048576,0,0,0,inf,inf,0.911450744,0.787861824,1,0,10,69,2,49,19,0,2176,1009,313,313,148,10016,3912,927,1708,1023,1023,1023,1023,148,0,1023,0,0,0,0,0,0,0,0,4,3,4,5,3,10,7,4,5,4,5,3,6,1,0,2,1,1,0,0,0,0,0,0,0,0,0,0,0,0,0,0,0,0,0,0,0,0,0,0,0,0,0,0,0,0,0,0,0,0,0,0,0,0,0,0,0,7,6,8,7,20,7,7,15,9,32
358,1,66,69,3,64,64,0,0,0,65,0,40384,40384,4576,4576,0,6856,33528,0,0,0,1262,40384,2674,1403,32,1023,10,14,0,1048576,0,0,0,inf,inf,0.952590346,0.842842817,1,0,10,66,2,0,42,23,2080,375,1197,1197,130,38304,6481,1403,763,1017,1023,1023,1023,775,0,1023,4,1,7,6,5,6,9,7,4,9,2,4,1,0,0,0,0,0,0,0,0,0,0,0,0,0,0,0,0,0,0,0,0,0,0,0,0,0,0,0,0,0,0,0,0,0,0,0,0,0,0,0,0,0,0,0,0,0,0,0,0,0,0,0,0,6,5,19,5,4,8,3,6,50,8
359,1,67,69,3,64,64,0,0,0,66,0,47808,47808,4130,4130,0,8169,39639,0,0,0,1494,47808,3012,1829,32,1023,10,14,0,1048576,0,0,0,inf,inf,1.13458598,1.02242982,1,0,10,67,2,0,40,26,2112,363,1428,1428,281,45696,7806,1829,1283,611,1023,1023,1023,331,0,1023,2,4,8,1,11,12,4,9,2,5,2,4,2,0,0,0,0,0,0,0,0,0,0,0,0,0,0,0,0,0,0,0,0,0,0,0,0,0,0,0,0,0,0,0,0,0,0,0,0,0,0,0,0,0,0,0,0,0,0,0,0,0,0,0,0,17,17,7,21,10,5,7,23,5,5
360,1,66,69,3,64,64,0,0,0,65,0,26784,26784,2757,2757,0,8906,17878,0,0,0,837,26784,2937,1546,32,1023,10,14,0,1048576,0,0,0,inf,inf,0.88389194,0.766171694,1,0,10,66,2,16,49,0,2080,673,772,772,316,24704,8233,1546,2952,895,1023,1023,1023,73,0,1023,0,0,0,0,0,3,5,5,5,9,7,9,6,5,4,6,0,0,0,0,1,0,0,0,0,0,0,0,0,0,0,0,0,0,0,0,0,0,0,0,0,0,0,0,0,0,0,0,0,0,0,0,0,0,0,0,0,0,0,0,0,0,0,0,0,4,2,2,3,3,3,10,2,1,2
361,1,67,69,3,64,64,0,0,0,66,0,27808,27808,2916,2916,0,9046,18762,0,0,0,869,27808,2978,1615,32,1023,10,14,0,1048576,0,0,0,inf,inf,0.976013303,0.883316517,1,0,10,67,2,17,48,1,2112,696,803,803,297,25696,8350,1615,2805,1023,1023,1023,1023,76,0,1023,0,0,0,0,1,0,3,5,6,12,8,10,4,4,4,8,0,1,0,0,0,0,0,0,0,0,0,0,0,0,0,0,0,0,0,0,0,0,0,0,0,0,0,0,0,0,0,0,0,0,0,0,0,0,0,0,0,0,0,0,0,0,0,0,0,3,4,4,10,4,3,4,3,3,3
362,1,66,69,3,64,64,0,0,0,65,0,37856,37856,4817,4817,0,7065,30791,0,0,0,1183,37856,3123,1574,32,1023,10,14,0,1048576,0,0,0,inf,inf,0.995333731,0.853659272,1,0,10,66,2,0,50,15,2080,398,1118,1118,92,35776,6667,1574,596,1023,1023,1023,1023,260,0,1023,1,1,4,2,7,10,9,13,9,3,5,1,0,0,0,0,0,0,0,0,0,0,0,0,0,0,0,0,0,0,0,0,0,0,0,0,0,0,0,0,0,0,0,0,0,0,0,0,0,0,0,0,0,0,0,0,0,0,0,0,0,0,0,0,0,2,3,4,2,3,4,4,5,3,3
363,1,68,69,3,64,64,0,0,0,67,0,11424,11424,814,814,0,4840,6584,0,0,0,357,11424,1342,967,32,1023,10,14,0,1048576,0,0,0,inf,inf,0.936865807,0.838547826,1,0,10,68,2,52,15,0,2144,1084,290,290,170,9280,3756,967,2207,1023,511,1023,1023,504,0,1023,0,0,0,0,0,0,0,0,3,2,3,4,3,5,4,4,7,4,4,5,9,4,2,2,0,2,0,0,0,0,0,0,0,0,0,0,0,0,0,0,0,0,0,0,0,0,0,0,0,0,0,0,0,0,0,0,0,0,0,0,0,0,0,0,0,20,19,7,39,9,4,4,21,7,9
364,1,67,69,3,64,64,0,0,0,66,0,24544,24544,2959,2959,0,8104,16440,0,0,0,767,24544,2774,1475,32,1023,10,14,0,1048576,0,0,0,inf,inf,0.937105775,0.840006828,1,0,10,67,2,21,45,0,2112,728,701,701,266,22432,7376,1475,2481,1023,1023,1023,1023,737,0,1023,0,0,0,0,0,1,4,4,5,9,9,5,8,7,3,7,0,2,1,1,0,0,0,0,0,0,0,0,0,0,0,0,0,0,0,0,0,0,0,0,0,0,0,0,0,0,0,0,0,0,0,0,0,0,0,0,0,0,0,0,0,0,0,0,0,3,3,2,5,5,3,7,3,2,3
365,1,69,69,1,64,64,0,1,0,68,0,12032,12032,1315,1315,0,4733,7299,0,0,0,376,12032,1475,1002,32,1023,10,14,0,1048576,0,0,0,inf,0.941122472,0.941122472,0.818167567,1,0,10,69,2,51,17,0,2176,1020,308,308,144,9856,3713,1002,1476,1023,1023,1023,1023,8,0,1023,0,0,0,0,0,0,0,0,3,3,2,5,4,7,8,5,7,2,10,5,5,0,1,0,0,1,0,0,0,0,0,0,0,0,0,0,0,0,0,0,0,0,0,0,0,0,0,0,0,0,0,0,0,0,0,0,0,0,0,0,0,0,0,0,0,7,8,6,8,6,6,13,5,5,6
366,1,68,69,3,64,64,0,0,0,67,0,30048,30048,3828,3828,0,9673,20375,0,0,0,939,30048,3342,1739,32,1023,10,14,0,1048576,0,0,0,inf,inf,1.06007278,0.957257688,1,0,10,68,2,11,55,1,2144,659,872,872,301,27904,9014,1739,2608,1023,1023,1023,1023,137,0,1023,0,0,0,1,0,4,3,6,7,9,13,6,7,3,3,4,0,0,1,0,0,0,0,0,0,0,0,0,0,0,0,0,0,0,0,0,0,0,0,0,0,0,0,0,0,0,0,0,0,0,0,0,0,0,0,0,0,0,0,0,0,0,0,0,0,5,5,5,5,4,4,3,16,6,6
367,1,68,69,3,64,64,0,0,0,67,0,13920,13920,1199,1199,0,5759,8161,0,0,0,435,13920,1633,1097,32,1023,10,14,0,1048576,0,0,0,inf,inf,1.0177114,0.905779421,1,0,10,68,2,47,20,0,2144,1020,368,368,199,11776,4739,1097,2282,1023,1023,1023,1023,128,0,1023,0,0,0,0,0,0,0,1,6,3,2,4,4,4,5,3,7,7,3,5,6,2,1,2,1,1,0,0,0,0,0,0,0,0,0,0,0,0,0,0,0,0,0,0,0,0,0,0,0,0,0,0,0,0,0,0,0,0,0,0,0,0,0,0,0,9,10,7,8,7,10,18,10,19,14
368,1,68,69,3,64,64,0,0,0,67,0,31552,31552,3092,3092,0,10461,21091,0,0,0,986,31552,3246,1766,32,1023,10,14,0,1048576,0,0,0,inf,inf,1.03051901,0.890062153,1,0,10,68,2,13,53,1,2144,682,919,919,407,29408,9779,1766,3566,1023,1023,1023,1023,192,0,1023,0,0,0,1,0,2,1,7,7,11,9,9,7,6,2,3,0,1,1,0,0,0,0,0,0,0,0,0,0,0,0,0,0,0,0,0,0,0,0,0,0,0,0,0,0,0,0,0,0,0,0,0,0,0,0,0,0,0,0,0,0,0,0,0,0,5,6,5,5,4,12,7,4,5,13
369,1,68,69,3,64,64,0,0,0,67,0,28416,28416,3087,3087,0,9083,19333,0,0,0,888,28416,3220,1713,32,1023,10,14,0,1048576,0,0,0,inf,inf,0.986132979,0.882011652,1,0,10,68,2,14,52,1,2144,673,821,821,300,26272,8410,1713,2763,1023,1023,1023,1023,166,0,1023,0,0,0,1,0,2,2,8,7,11,10,7,5,5,3,5,0,0,1,0,0,0,0,0,0,0,0,0,0,0,0,0,0,0,0,0,0,0,0,0,0,0,0,0,0,0,0,0,0,0,0,0,0,0,0,0,0,0,0,0,0,0,0,0,0,5,5,5,4,5,13,5,12,4,5
370,1,69,69,1,64,64,0,5,0,68,0,5152,5152,1139,1139,0,2653,2499,0,0,0,161,5152,748,595,32,1023,10,14,0,1048576,0,0,0,inf,0.99668026,1.00301433,0.802174211,1,0,10,69,2,63,5,0,2176,1185,93,93,40,2976,1468,595,588,1023,1023,1023,1023,0,0,1023,0,0,0,0,0,0,1,0,0,0,0,1,3,1,4,4,12,12,8,5,4,6,1,4,2,0,0,0,0,0,0,0,0,0,0,0,0,0,0,0,0,0,0,0,0,0,0,0,0,0,0,0,0,0,0,0,0,0,0,0,0,0,0,0,0,11,12,13,11,19,12,12,13,14,13
371,0.899999976,67,69,3,64,64,0,0,0,66,0,14720,14720,1329,1329,0,6035,8685,0,0,0,460,14720,1600,1023,32,1015,10,14,0,1048576,0,0,0,inf,inf,1.02234709,0.929301977,1,0,10,67,2,45,21,0,2112,923,394,394,221,12608,5112,1023,2473,1015,1015,1015,1015,32,0,1015,0,0,0,0,0,0,1,1,4,4,3,5,3,9,8,3,7,5,6,2,4,0,0,0,1,0,0,0,0,0,0,0,0,0,0,0,0,0,0,0,0,0,0,0,0,0,0,0,0,0,0,0,0,0,0,0,0,0,0,0,0,0,0,0,0,7,9,7,4294967295,8,4,5,6,11,6
372,1,68,69,3,64,64,0,0,0,67,0,10496,10496,768,768,0,4371,6125,0,0,0,328,10496,1341,1046,32,1023,10,14,0,1048576,0,0,0,inf,inf,1.05331683,0.927574515,1,0,10,68,2,54,11,2,2144,1117,261,261,157,8352,3254,1046,1723,1023,993,1023,1023,0,0,1023,0,0,1,0,1,0,0,0,0,2,3,2,4,5,5,2,6,4,5,5,9,4,2,2,3,1,0,0,1,0,0,0,0,0,0,0,0,0,0,0,0,0,0,0,0,0,0,0,0,0,0,0,0,0,0,0,0,0,0,0,0,0,0,0,0,4,8,43,10,9,11,18,14,9,16
373,1,68,69,3,64,64,0,0,0,67,0,13152,13152,884,884,0,5486,7666,0,0,0,411,13152,1582,1119,32,1023,10,14,0,1048576,0,0,0,inf,inf,1.00914693,0.920001507,1,0,10,68,2,49,17,1,2144,1062,344,344,200,11008,4424,1119,2390,1023,701,1023,1023,696,0,1023,0,0,0,0,1,0,3,0,2,3,4,2,3,2,8,2,7,5,4,3,6,2,0,5,2,1,0,1,1,0,0,0,0,0,0,0,0,0,0,0,0,0,0,0,0,0,0,0,0,0,0,0,0,0,0,0,0,0,0,0,0,0,0,0,0,7,20,8,11,12,11,6,13,3,46
374,1,67,69,3,64,64,0,0,0,66,0,30144,30144,3637,3637,0,9609,20535,0,0,0,942,30144,3307,1741,32,1023,10,14,0,1048576,0,0,0,inf,inf,1.02737761,0.929659247,1,0,10,67,2,11,54,1,2112,635,876,876,267,28032,8974,1741,2648,1023,1023,1023,1023,69,0,1023,0,0,0,1,0,5,2,6,8,11,11,5,6,7,1,2,0,0,1,0,0,0,0,0,0,0,0,0,0,0,0,0,0,0,0,0,0,0,0,0,0,0,0,0,0,0,0,0,0,0,0,0,0,0,0,0,0,0,0,0,0,0,0,0,0,5,5,7,5,6,8,12,3,3,8
375,1,69,69,1,64,64,0,2,0,68,0,19200,19200,3463,3463,0,6204,12996,0,0,0,600,19200,3236,1476,32,1023,10,14,0,1048576,0,0,0,inf,0.86202395,0.865082026,0.713960767,1,0,10,69,2,8,58,2,2176,660,532,532,113,17024,5544,1476,1439,1023,1023,1023,1023,4,0,1023,0,0,0,0,2,1,6,8,8,14,10,5,6,1,1,2,1,0,0,0,1,0,1,1,0,0,0,0,0,0,0,0,0,0,0,0,0,0,0,0,0,0,0,0,0,0,0,0,0,0,0,0,0,0,0,0,0,0,0,0,0,0,0,0,0,9,9,10,9,9,8,9,8,9,9
376,1,68,69,3,64,64,0,0,0,67,0,28384,28384,3450,3450,0,9083,19301,0,0,0,887,28384,3232,1723,32,1023,10,14,0,1048576,0,0,0,inf,inf,1.01053345,0.887677193,1,0,10,68,2,13,52,2,2144,672,820,820,283,26240,8411,1723,2526,895,1023,1023,1023,654,0,1023,0,0,0,1,1,2,2,6,7,11,9,8,7,7,2,2,0,1,1,0,0,0,0,0,0,0,0,0,0,0,0,0,0,0,0,0,0,0,0,0,0,0,0,0,0,0,0,0,0,0,0,0,0,0,0,0,0,0,0,0,0,0,0,0,0,4,12,5,5,5,4,5,19,11,13
377,1,67,69,3,64,64,0,0,0,66,0,14784,14784,1645,1645,0,6086,8698,0,0,0,462,14784,1687,1044,32,1023,10,14,0,1048576,0,0,0,inf,inf,0.99872607,0.893751979,1,0,10,67,2,43,23,0,2112,925,396,396,192,12672,5161,1044,2341,1023,1023,1023,1023,256,0,1023,0,0,0,0,0,0,1,0,6,4,4,6,2,6,8,5,6,4,4,4,3,1,0,1,1,0,0,0,0,0,0,0,0,0,0,0,0,0,0,0,0,0,0,0,0,0,0,0,0,0,0,0,0,0,0,0,0,0,0,0,0,0,0,0,0,6,6,7,5,8,7,27,5,12,7
378,1,69,69,2,64,64,0,0,0,68,0,6752,6752,680,680,0,3056,3696,0,0,0,211,6752,990,806,32,1023,10,14,0,1048576,0,0,0,inf,inf,0.968597412,0.829704106,1,0,10,69,2,61,7,0,2176,1190,143,143,87,4576,1866,806,1058,1023,254,1023,1023,128,0,1023,0,0,0,0,0,0,0,0,2,1,0,3,1,7,4,3,6,3,8,7,8,3,2,5,3,2,0,0,0,0,0,0,0,0,0,0,0,0,0,0,0,0,0,0,0,0,0,0,0,0,0,0,0,0,0,0,0,0,0,0,0,0,0,0,0,7,5,16,13,15,6,8,16,7,7
379,1,66,69,3,64,64,0,0,0,65,0,39584,39584,4222,4222,0,6540,33044,0,0,0,1237,39584,2578,1474,32,1023,10,14,0,1048576,0,0,0,inf,inf,1.06398046,0.93824178,1,0,10,66,2,3,36,26,2080,352,1172,1172,123,37504,6188,1474,581,1023,1023,1023,1023,256,0,1023,1,2,6,4,13,11,10,8,3,2,2,0,0,2,0,1,0,0,0,0,0,0,0,0,0,0,0,0,0,0,0,0,0,0,0,0,0,0,0,0,0,0,0,0,0,0,0,0,0,0,0,0,0,0,0,0,0,0,0,0,0,0,0,0,0,3,3,7,3,3,3,3,2,3,3
380,1,69,69,2,64,64,0,0,0,68,0,8448,8448,810,810,0,3601,4847,0,0,0,264,8448,1105,842,32,1023,10,14,0,1048576,0,0,0,inf,inf,0.906334519,0.821607709,1,0,10,69,2,58,10,0,2176,1128,196,196,116,6272,2473,842,1319,1023,991,1023,1023,256,0,1023,0,0,0,0,0,0,0,0,1,1,1,4,3,3,4,4,9,9,8,8,7,2,3,0,0,1,0,0,0,0,0,0,0,0,0,0,0,0,0,0,0,0,0,0,0,0,0,0,0,0,0,0,0,0,0,0,0,0,0,0,0,0,0,0,0,9,11,10,10,13,14,13,53,13,11
381,1,69,69,2,64,64,0,0,0,68,0,14560,14560,1234,1234,0,5813,8747,0,0,0,455,14560,1639,1071,32,1023,10,14,0,1048576,0,0,0,inf,inf,1.01187325,0.89493835,1,0,10,69,2,47,21,0,2176,1000,387,387,205,12384,4813,1071,2352,1023,1023,1023,1023,37,0,1023,0,0,0,0,0,0,1,1,3,3,3,4,6,6,6,7,5,6,4,3,3,5,1,0,0,1,0,0,0,0,0,0,0,0,0,0,0,0,0,0,0,0,0,0,0,0,0,0,0,0,0,0,0,0,0,0,0,0,0,0,0,0,0,0,0,27,32,9,7,9,7,7,6,9,4
382,1,69,69,2,64,64,0,0,0,68,0,12480,12480,1649,1649,0,5067,7413,0,0,0,390,12480,1612,1042,32,1023,10,14,0,1048576,0,0,0,inf,inf,1.00345516,0.893822193,1,0,10,69,2,48,20,0,2176,1017,322,322,150,10304,4050,1042,1533,1023,1023,1023,1023,0,0,1023,0,0,0,0,0,0,0,0,5,3,3,6,3,7,6,3,6,6,6,4,5,1,0,2,1,1,0,0,0,0,0,0,0,0,0,0,0,0,0,0,0,0,0,0,0,0,0,0,0,0,0,0,0,0,0,0,0,0,0,0,0,0,0,0,0,4,16,13,13,14,15,13,20,12,19
383,1,68,69,3,64,64,0,0,0,67,0,29568,29568,3475,3475,0,9466,20102,0,0,0,924,29568,3155,1703,32,1023,10,14,0,1048576,0,0,0,inf,inf,0.968587875,0.885073066,1,0,10,68,2,15,50,2,2144,649,857,857,310,27424,8817,1703,2832,703,1023,1023,1023,240,0,1023,0,0,0,1,1,4,4,7,9,9,9,3,5,5,4,5,0,1,0,0,0,0,0,0,0,0,0,0,0,0,0,0,0,0,0,0,0,0,0,0,0,0,0,0,0,0,0,0,0,0,0,0,0,0,0,0,0,0,0,0,0,0,0,0,0,6,7,7,7,11,6,10,8,48,7
384,1,69,69,1,64,64,0,3,0,68,0,10304,10304,879,879,0,4212,6092,0,0,0,322,10304,1308,957,32,1023,10,14,0,1048576,0,0,0,inf,0.921479404,0.9255777,0.858049154,1,0,10,69,2,55,13,0,2176,1063,254,254,142,8128,3149,957,1572,1023,1023,1023,1023,266,0,1023,0,0,0,0,0,1,0,0,4,0,3,1,4,6,8,7,3,8,7,4,5,3,1,2,0,1,0,0,0,0,0,0,0,0,0,0,0,0,0,0,0,0,0,0,0,0,0,0,0,0,0,0,0,0,0,0,0,0,0,0,0,0,0,0,0,10,17,10,20,13,10,19,10,37,10
385,1,68,69,3,64,64,0,0,0,67,0,18688,18688,1529,1529,0,6860,11828,0,0,0,584,18688,1996,1294,32,1023,10,14,0,1048576,0,0,0,inf,inf,0.946940541,0.854390562,1,0,10,68,2,39,25,3,2144,882,517,517,274,16544,5978,1294,2626,923,1023,1023,1023,562,0,1023,0,0,1,1,1,1,0,2,5,5,3,5,4,8,3,3,10,3,4,2,3,2,1,0,0,0,0,0,0,0,0,0,0,0,0,0,0,0,0,0,0,0,0,0,0,0,0,0,0,0,0,0,0,0,0,0,0,0,0,0,0,0,0,0,0,39,13,11,11,20,58,10,4,41,38
386,1,68,69,3,64,64,0,0,0,67,0,22432,22432,3235,3235,0,7594,14838,0,0,0,701,22432,2573,1358,32,1023,10,14,0,1048576,0,0,0,inf,inf,0.858912587,0.776084423,1,0,10,68,2,23,41,3,2144,752,634,634,196,20288,6842,1358,2050,511,1023,1023,1023,904,0,1023,0,0,0,1,2,1,2,7,6,8,6,6,5,7,1,4,2,0,3,3,2,1,0,0,0,0,0,0,0,0,0,0,0,0,0,0,0,0,0,0,0,0,0,0,0,0,0,0,0,0,0,0,0,0,0,0,0,0,0,0,0,0,0,0,0,5,5,4,8,3,5,5,5,5,8
387,0.899999976,69,69,1,64,64,0,3,0,68,0,14816,14816,946,946,0,6068,8748,0,0,0,463,14816,1713,1180,32,1019,10,14,0,1048576,0,0,0,inf,0.972500086,1.05243075,0.967341065,1,0,10,69,2,48,20,0,2176,1016,395,395,221,12640,5052,1180,2642,1019,971,1019,1019,0,0,1019,0,0,0,0,0,0,1,2,2,4,4,3,4,5,5,4,9,4,6,3,6,3,1,2,0,0,0,0,0,0,0,0,0,0,0,0,0,0,0,0,0,0,0,0,0,0,0,0,0,0,0,0,0,0,0,0,0,0,0,0,0,0,0,0,0,14,13,4294967295,12,60,61,12,11,11,13
388,1,69,69,2,64,64,0,0,0,68,0,31008,31008,2496,2496,0,10658,20350,0,0,0,969,31008,3182,1778,32,1023,10,14,0,1048576,0,0,0,inf,inf,1.03114998,0.9264853,1,0,10,69,2,15,51,2,2176,709,901,901,436,28832,9949,1778,4390,831,1023,1023,1023,1,0,1023,0,0,0,1,1,0,3,2,9,11,7,13,6,5,4,3,3,0,0,0,0,0,0,0,0,0,0,0,0,0,0,0,0,0,0,0,0,0,0,0,0,0,0,0,0,0,0,0,0,0,0,0,0,0,0,0,0,0,0,0,0,0,0,0,0,8,4,5,5,9,4,62,7,5,4
389,0.899999976,69,69,1,64,64,0,1,0,68,0,3488,3488,749,749,0,1995,1493,0,0,0,109,3488,688,631,32,1019,10,14,0,1048576,0,0,0,inf,0.987598717,0.987598717,0.87211132,1,0,10,69,2,66,2,0,2176,1291,41,41,25,1312,704,631,446,1019,938,1019,1019,0,0,1019,0,0,0,0,0,0,0,0,0,0,0,1,1,2,2,4,5,7,8,5,11,4,8,7,1,1,1,0,0,0,0,0,0,0,0,0,0,0,0,0,0,0,0,0,0,0,0,0,0,0,0,0,0,0,0,0,0,0,0,0,0,0,0,0,0,10,6,4294967295,5,6,5,10,12,12,13
390,1,67,69,3,64,64,0,0,0,66,0,4832,4832,689,689,0,2248,2584,0,0,0,151,4832,832,718,32,1023,10,14,0,1048576,0,0,0,inf,inf,0.925544977,0.846284151,1,0,10,67,2,62,4,0,2112,1153,85,85,45,2720,1095,718,524,1023,919,1023,1023,0,0,1023,0,0,0,0,0,0,0,0,1,1,0,1,1,2,3,9,7,9,6,9,7,3,4,0,1,1,1,0,0,0,0,0,0,0,0,0,0,0,0,0,0,0,0,0,0,0,0,0,0,0,0,0,0,0,0,0,0,0,0,0,0,0,0,0,0,9,7,7,7,5,10,56,6,7,7
391,1,69,69,1,64,64,0,2,0,68,0,7648,7648,986,986,0,3233,4415,0,0,0,239,7648,1055,805,32,1023,10,14,0,1048576,0,0,0,inf,0.929209828,0.929797053,0.844973147,1,0,10,69,2,59,9,0,2176,1143,171,171,85,5472,2090,805,864,1023,63,1023,1023,0,0,1023,0,0,0,0,0,0,0,0,0,3,1,5,0,2,5,5,9,8,8,5,7,5,1,3,0,1,0,0,0,0,0,0,0,0,0,0,0,0,0,0,0,0,0,0,0,0,0,0,0,0,0,0,0,0,0,0,0,0,0,0,0,0,0,0,0,13,9,40,7,20,25,25,10,10,12
392,1,69,69,2,64,64,0,0,0,68,0,10944,10944,1254,1254,0,4408,6536,0,0,0,342,10944,1360,919,32,1023,10,14,0,1048576,0,0,0,inf,inf,0.9471699,0.843241394,1,0,10,69,2,52,16,0,2176,1050,274,274,119,8768,3358,919,1540,1023,1023,1023,1023,152,0,1023,0,0,0,0,0,0,0,0,3,3,3,5,2,9,6,6,4,3,5,4,9,1,1,2,1,1,0,0,0,0,0,0,0,0,0,0,0,0,0,0,0,0,0,0,0,0,0,0,0,0,0,0,0,0,0,0,0,0,0,0,0,0,0,0,0,6,7,7,8,8,7,6,7,5,5
393,1,67,69,3,64,64,0,0,0,66,0,28288,28288,2604,2604,0,9754,18534,0,0,0,884,28288,3082,1679,32,1023,10,14,0,1048576,0,0,0,inf,inf,0.894073606,0.800508916,1,0,10,67,2,16,50,0,2112,696,818,818,336,26176,9058,1679,3534,767,1023,1023,1023,641,0,1023,0,0,0,0,0,2,5,4,8,11,6,7,7,3,2,7,1,1,0,1,1,0,0,0,0,0,0,0,0,0,0,0,0,0,0,0,0,0,0,0,0,0,0,0,0,0,0,0,0,0,0,0,0,0,0,0,0,0,0,0,0,0,0,0,0,11,11,12,13,3,3,12,13,16,4
394,1,67,69,3,64,64,0,0,0,66,0,42688,42688,5047,5047,0,7664,35024,0,0,0,1334,42688,2914,1591,32,1023,10,14,0,1048576,0,0,0,inf,inf,1.06475616,0.916910946,1,0,10,67,2,0,43,23,2112,392,1268,1268,149,40576,7272,1591,696,991,1023,1023,1023,40,0,1023,1,0,4,5,13,9,8,7,7,6,2,3,1,0,0,0,0,0,0,0,0,0,0,0,0,0,0,0,0,0,0,0,0,0,0,0,0,0,0,0,0,0,0,0,0,0,0,0,0,0,0,0,0,0,0,0,0,0,0,0,0,0,0,0,0,6,5,5,7,5,20,4,5,4,5
395,1,69,69,1,64,64,0,1,0,68,0,7648,7648,657,657,0,3356,4292,0,0,0,239,7648,1144,934,32,1023,10,14,0,1048576,0,0,0,inf,0.969157457,1.00263369,0.914459288,1,0,10,69,2,59,8,1,2176,1175,171,171,99,5472,2181,934,1225,255,879,1023,1023,612,0,1023,0,0,0,0,1,0,1,0,1,0,3,2,1,4,4,3,7,9,4,3,10,5,2,4,0,2,0,1,1,0,0,0,0,0,0,0,0,0,0,0,0,0,0,0,0,0,0,0,0,0,0,0,0,0,0,0,0,0,0,0,0,0,0,0,0,5,5,8,6,6,39,42,23,12,13
396,1,67,69,3,64,64,0,0,0,66,0,51584,51584,3581,3581,0,3952,47632,0,0,0,1612,51584,797,691,32,1023,10,14,0,1048576,0,0,0,inf,inf,1.09170628,0.969812036,1,0,10,67,2,0,3,63,2112,120,1546,1546,26,49472,3832,691,61,1015,1023,1023,1023,0,0,1023,12,21,15,9,6,1,1,1,0,0,0,0,0,0,0,0,0,0,0,0,0,0,0,0,0,0,0,0,0,0,0,0,0,0,0,0,0,0,0,0,0,0,0,0,0,0,0,0,0,0,0,0,0,0,0,0,0,0,0,0,0,0,0,0,0,3,3,4,4,2,3,2,2,7,3
397,1,69,69,2,64,64,0,0,0,68,0,13760,13760,1236,1236,0,5611,8149,0,0,0,430,13760,1578,1069,32,1023,10,14,0,1048576,0,0,0,inf,inf,0.985234499,0.88714695,1,0,10,69,2,49,19,0,2176,1005,362,362,195,11584,4606,1069,2068,1023,1023,1023,1023,528,0,1023,0,0,0,0,0,0,0,0,5,5,3,3,3,6,8,6,6,3,5,6,5,2,0,1,0,1,0,0,0,0,0,0,0,0,0,0,0,0,0,0,0,0,0,0,0,0,0,0,0,0,0,0,0,0,0,0,0,0,0,0,0,0,0,0,0,16,16,4,16,16,19,15,20,38,23
398,1,67,69,3,64,64,0,0,0,66,0,29120,29120,3466,3466,0,9238,19882,0,0,0,910,29120,3260,1703,32,1023,10,14,0,1048576,0,0,0,inf,inf,1.04902077,0.933330297,1,0,10,67,2,11,53,2,2112,633,844,844,284,27008,8605,1703,2549,959,1023,1023,1023,609,0,1023,0,0,0,2,0,1,3,10,8,10,9,7,5,6,2,2,0,1,0,0,0,0,0,0,0,0,0,0,0,0,0,0,0,0,0,0,0,0,0,0,0,0,0,0,0,0,0,0,0,0,0,0,0,0,0,0,0,0,0,0,0,0,0,0,0,4,4,3,4,3,6,17,4,3,9
399,1,69,69,2,64,64,0,0,0,68,0,43808,43808,4653,4653,0,9460,34348,0,0,0,1369,43808,3487,1842,32,1023,10,14,0,1048576,0,0,0,inf,inf,0.960356712,0.8442415,1,0,10,69,2,1,55,12,2176,483,1301,1301,334,41632,8977,1842,1759,894,1023,1023,1023,27,0,1023,0,0,1,5,6,7,10,9,8,12,2,6,1,0,1,0,0,0,0,0,0,0,0,0,0,0,0,0,0,0,0,0,0,0,0,0,0,0,0,0,0,0,0,0,0,0,0,0,0,0,0,0,0,0,0,0,0,0,0,0,0,0,0,0,0,26,10,13,8,13,13,12,14,13,5
400,1,69,69,1,64,64,0,1,0,68,0,7296,7296,924,924,0,3183,4113,0,0,0,228,7296,1011,771,32,1023,10,14,0,1048576,0,0,0,inf,0.958295584,0.958295584,0.837772369,1,0,10,69,2,59,9,0,2176,1125,160,160,88,5120,2058,771,1048,1023,1023,1023,1023,228,0,1023,0,0,0,0,0,0,0,0,0,1,1,5,2,3,7,3,14,6,6,6,6,4,1,2,0,1,0,0,0,0,0,0,0,0,0,0,0,0,0,0,0,0,0,0,0,0,0,0,0,0,0,0,0,0,0,0,0,0,0,0,0,0,0,0,0,13,5,12,6,9,8,14,14,7,13
401,1,68,69,3,64,64,0,0,0,67,0,28096,28096,3187,3187,0,8927,19169,0,0,0,878,28096,3088,1603,32,1023,10,14,0,1048576,0,0,0,inf,inf,1.03169322,0.937652767,1,0,10,68,2,15,51,1,2144,672,811,811,319,25952,8255,1603,2573,1023,1023,1023,1023,912,0,1023,0,0,0,1,0,3,1,8,5,13,10,7,4,6,5,3,0,1,0,0,0,0,0,0,0,0,0,0,0,0,0,0,0,0,0,0,0,0,0,0,0,0,0,0,0,0,0,0,0,0,0,0,0,0,0,0,0,0,0,0,0,0,0,0,0,4,4,4,3,6,4,6,4,9,7
402,1,67,69,3,64,64,0,0,0,66,0,49600,49600,3544,3544,0,3798,45802,0,0,0,1550,49600,751,646,32,1023,10,14,0,1048576,0,0,0,inf,inf,1.12356997,0.996684313,1,0,10,67,2,0,3,63,2112,127,1484,1484,21,47488,3671,646,42,1015,1023,1023,1023,192,0,1023,12,17,17,10,7,1,1,1,0,0,0,0,0,0,0,0,0,0,0,0,0,0,0,0,0,0,0,0,0,0,0,0,0,0,0,0,0,0,0,0,0,0,0,0,0,0,0,0,0,0,0,0,0,0,0,0,0,0,0,0,0,0,0,0,0,3,4,4,2,2,8,24,5,3,22
403,1,68,69,3,64,64,0,0,0,67,0,33600,33600,3279,3279,0,10696,22904,0,0,0,1050,33600,3431,1832,32,1023,10,14,0,1048576,0,0,0,inf,inf,0.9452672,0.867108047,1,0,10,68,2,10,55,2,2144,648,983,983,420,31456,10048,1832,3449,1007,1023,1023,1023,296,0,1023,0,0,0,2,0,3,3,7,8,8,8,11,7,4,4,1,1,0,0,0,0,0,0,0,0,0,0,0,0,0,0,0,0,0,0,0,0,0,0,0,0,0,0,0,0,0,0,0,0,0,0,0,0,0,0,0,0,0,0,0,0,0,0,0,0,4,28,7,8,5,5,3,4,8,4
404,1,69,69,1,64,64,0,3,0,68,0,13728,13728,1000,1000,0,5682,8046,0,0,0,429,13728,1674,1170,32,1023,10,14,0,1048576,0,0,0,inf,1.00602531,1.00698125,0.893595695,1,0,10,69,2,49,19,0,2176,1083,361,361,193,11552,4599,1170,2308,1023,1023,1023,1023,4,0,1023,0,0,0,0,0,0,0,1,4,2,3,2,7,3,5,3,6,6,5,4,6,3,2,2,2,1,1,0,0,0,0,0,0,0,0,0,0,0,0,0,0,0,0,0,0,0,0,0,0,0,0,0,0,0,0,0,0,0,0,0,0,0,0,0,0,4,21,22,19,4,22,19,22,5,21
405,1,66,69,3,64,64,0,0,0,65,0,52832,52832,3410,3410,0,3759,49073,0,0,0,1651,52832,859,696,32,1023,10,14,0,1048576,0,0,0,inf,inf,1.10297704,0.963151932,1,0,10,66,2,0,5,60,2080,119,1586,1586,3,50752,3640,696,6,598,1023,1023,1023,0,0,1023,18,13,15,10,4,2,2,0,1,0,0,0,0,0,0,0,0,0,0,0,0,0,0,0,0,0,0,0,0,0,0,0,0,0,0,0,0,0,0,0,0,0,0,0,0,0,0,0,0,0,0,0,0,0,0,0,0,0,0,0,0,0,0,0,0,6,2,3,3,6,4,2,5,3,3
406,1,67,69,3,64,64,0,0,0,66,0,14880,14880,1676,1676,0,6130,8750,0,0,0,465,14880,1731,1054,32,1023,10,14,0,1048576,0,0,0,inf,inf,1.01769686,0.916506648,1,0,10,67,2,42,24,0,2112,905,399,399,187,12768,5225,1054,2300,1023,1023,1023,1023,512,0,1023,0,0,0,0,0,0,1,0,6,4,5,6,2,6,9,5,6,5,3,3,3,1,0,1,0,0,0,0,0,0,0,0,0,0,0,0,0,0,0,0,0,0,0,0,0,0,0,0,0,0,0,0,0,0,0,0,0,0,0,0,0,0,0,0,0,6,6,7,7,8,5,25,7,5,13
407,1,68,69,3,64,64,0,0,0,67,0,13248,13248,984,984,0,5456,7792,0,0,0,414,13248,1615,1137,32,1023,10,14,0,1048576,0,0,0,inf,inf,0.981268287,0.894456506,1,0,10,68,2,48,18,1,2144,1025,347,347,186,11104,4431,1137,2261,1023,511,1023,1023,252,0,1023,0,0,0,0,1,0,1,0,2,4,6,3,2,3,9,3,5,4,7,4,6,2,0,2,0,2,0,0,1,0,0,0,0,0,0,0,0,0,0,0,0,0,0,0,0,0,0,0,0,0,0,0,0,0,0,0,0,0,0,0,0,0,0,0,0,4,4,10,10,11,10,18,11,36,5
408,1,66,69,3,64,64,0,0,0,65,0,40512,40512,4848,4848,0,7380,33132,0,0,0,1266,40512,2846,1498,32,1023,10,14,0,1048576,0,0,0,inf,inf,1.04232001,0.932971835,1,0,10,66,2,0,44,21,2080,390,1201,1201,137,38432,6990,1498,748,991,1023,1023,1023,129,0,1023,1,2,2,4,12,6,11,9,3,10,4,1,0,0,0,0,0,0,0,0,0,0,0,0,0,0,0,0,0,0,0,0,0,0,0,0,0,0,0,0,0,0,0,0,0,0,0,0,0,0,0,0,0,0,0,0,0,0,0,0,0,0,0,0,0,6,4,6,6,5,5,5,4,4,3
409,0.899999976,68,69,3,64,64,0,0,0,67,0,12768,12768,966,966,0,5264,7504,0,0,0,399,12768,1532,1067,32,1023,10,14,0,1048576,0,0,0,inf,inf,0.890448987,0.843485057,1,0,10,68,2,50,17,0,2144,1037,332,332,196,10624,4227,1067,2036,989,1015,991,991,34,0,991,0,0,0,0,0,1,0,1,3,3,4,4,1,1,4,6,8,6,9,6,5,2,1,1,0,0,1,0,0,0,0,0,0,0,0,0,0,0,0,0,0,0,0,0,0,0,0,0,0,0,0,0,0,0,0,0,0,0,0,0,0,0,0,0,0,6,46,6,7,45,4294967295,5,46,8,16
410,1,65,69,3,64,64,0,0,0,64,0,57056,57056,2527,2527,0,2576,54480,0,0,0,1783,57056,327,317,32,1023,10,14,0,1048576,0,0,0,inf,inf,1.16358662,1.01995683,1,0,10,65,2,0,0,64,2048,61,1719,1719,0,55008,2515,317,0,283,1023,1023,1023,0,0,1023,28,19,10,6,1,0,0,0,0,0,0,0,0,0,0,0,0,0,0,0,0,0,0,0,0,0,0,0,0,0,0,0,0,0,0,0,0,0,0,0,0,0,0,0,0,0,0,0,0,0,0,0,0,0,0,0,0,0,0,0,0,0,0,0,0,18,3,15,15,16,16,2,8,16,7
411,1,69,69,1,64,64,0,1,0,68,0,13632,13632,1666,1666,0,5689,7943,0,0,0,426,13632,1633,1043,32,1023,10,14,0,1048576,0,0,0,inf,0.926735282,0.926735282,0.83073771,1,0,10,69,2,47,21,0,2176,1006,358,358,151,11456,4683,1043,1806,1023,1023,1023,1023,514,0,1023,0,0,0,0,0,0,0,0,4,4,3,6,4,6,6,8,6,3,4,2,5,3,1,2,1,0,0,0,0,0,0,0,0,0,0,0,0,0,0,0,0,0,0,0,0,0,0,0,0,0,0,0,0,0,0,0,0,0,0,0,0,0,0,0,0,12,15,11,10,9,11,13,16,12,16
412,1,66,69,3,64,64,0,0,0,65,0,29184,29184,2894,2894,0,9983,19201,0,0,0,912,29184,3130,1657,32,1023,10,14,0,1048576,0,0,0,inf,inf,0.928481698,0.808107257,1,0,10,66,2,13,52,0,2080,670,847,847,370,27104,9313,1657,3418,511,1023,1023,1023,512,0,1023,0,0,0,0,0,1,2,5,10,9,10,8,7,4,4,4,0,1,0,0,0,0,0,0,0,0,0,0,0,0,0,0,0,0,0,0,0,0,0,0,0,0,0,0,0,0,0,0,0,0,0,0,0,0,0,0,0,0,0,0,0,0,0,0,0,3,2,18,5,2,1,3,11,3,3
413,1,66,69,3,64,64,0,0,0,65,0,24192,24192,3618,3618,0,7750,16442,0,0,0,756,24192,2867,1429,32,1023,10,14,0,1048576,0,0,0,inf,inf,0.984818339,0.869422615,1,0,10,66,2,16,48,1,2080,655,691,691,199,22112,7095,1429,1745,1023,1023,1023,1023,464,0,1023,0,0,0,1,0,3,2,7,7,8,7,10,4,7,6,3,0,0,0,0,0,0,0,0,0,0,0,0,0,0,0,0,0,0,0,0,0,0,0,0,0,0,0,0,0,0,0,0,0,0,0,0,0,0,0,0,0,0,0,0,0,0,0,0,0,3,3,4,3,4,3,4,4,9,4
414,1,69,69,1,64,64,0,2,0,68,0,13088,13088,1564,1564,0,5491,7597,0,0,0,409,13088,1640,1078,32,1023,10,14,0,1048576,0,0,0,inf,0.957241178,0.958286524,0.873275995,1,0,10,69,2,48,20,0,2176,1020,341,341,173,10912,4471,1078,1724,1023,1023,1023,1023,64,0,1023,0,0,0,0,0,0,0,0,4,4,1,7,4,5,6,6,8,6,3,2,5,3,1,2,0,1,0,0,0,0,0,0,0,0,0,0,0,0,0,0,0,0,0,0,0,0,0,0,0,0,0,0,0,0,0,0,0,0,0,0,0,0,0,0,0,9,8,9,17,10,18,13,15,10,10
415,1,67,69,3,64,64,0,0,0,66,0,49728,49728,3519,3519,0,3765,45963,0,0,0,1554,49728,804,667,32,1023,10,14,0,1048576,0,0,0,inf,inf,1.17415249,1.04463053,1,0,10,67,2,0,4,62,2112,143,1488,1488,10,47616,3622,667,12,995,1023,1023,1023,0,0,1023,7,17,20,11,7,0,3,1,0,0,0,0,0,0,0,0,0,0,0,0,0,0,0,0,0,0,0,0,0,0,0,0,0,0,0,0,0,0,0,0,0,0,0,0,0,0,0,0,0,0,0,0,0,0,0,0,0,0,0,0,0,0,0,0,0,6,6,11,6,5,6,7,5,7,9
416,1,68,69,3,64,64,0,0,0,67,0,25952,25952,3650,3650,0,8320,17632,0,0,0,811,25952,3120,1602,32,1023,10,14,0,1048576,0,0,0,inf,inf,1.08922124,0.981433988,1,0,10,68,2,15,51,1,2144,669,744,744,215,23808,7651,1602,2068,959,1023,1023,1023,576,0,1023,0,0,0,1,0,4,4,6,6,9,10,7,5,5,5,3,0,2,0,0,0,0,0,0,0,0,0,0,0,0,0,0,0,0,0,0,0,0,0,0,0,0,0,0,0,0,0,0,0,0,0,0,0,0,0,0,0,0,0,0,0,0,0,0,0,3,3,4,4,3,4,42,4,4,5
417,1,69,69,2,64,64,0,0,0,68,0,8832,8832,695,695,0,3859,4973,0,0,0,276,8832,1303,1014,32,1023,10,14,0,1048576,0,0,0,inf,inf,1.05230021,0.956994891,1,0,10,69,2,57,11,0,2176,1170,208,208,120,6656,2689,1014,1454,1023,999,1023,1023,256,0,1023,0,0,0,0,0,0,0,1,0,1,2,2,5,4,4,2,8,5,6,6,9,4,2,2,3,1,0,0,1,0,0,0,0,0,0,0,0,0,0,0,0,0,0,0,0,0,0,0,0,0,0,0,0,0,0,0,0,0,0,0,0,0,0,0,0,4,4,21,56,15,19,20,20,21,19
418,1,66,69,3,64,64,0,0,0,65,0,51008,51008,3428,3428,0,3685,47323,0,0,0,1594,51008,765,666,32,1023,10,14,0,1048576,0,0,0,inf,inf,1.17567182,0.996615112,1,0,10,66,2,0,3,62,2080,114,1529,1529,3,48928,3571,666,6,757,1023,1023,1023,0,0,1023,15,17,15,10,5,1,2,0,0,0,0,0,0,0,0,0,0,0,0,0,0,0,0,0,0,0,0,0,0,0,0,0,0,0,0,0,0,0,0,0,0,0,0,0,0,0,0,0,0,0,0,0,0,0,0,0,0,0,0,0,0,0,0,0,0,3,3,2,2,1,2,3,4,2,2
419,0.899999976,69,69,1,64,64,0,1,0,68,0,9088,9088,859,859,0,3931,5157,0,0,0,284,9088,1428,1094,32,1019,10,14,0,1048576,0,0,0,inf,1.02038455,1.02038455,0.937569737,1,0,10,69,2,56,12,0,2176,1153,216,216,114,6912,2778,1094,1298,1019,859,1019,1019,528,0,1019,0,0,0,0,0,0,0,1,3,1,2,4,1,3,3,4,7,7,5,7,7,5,2,1,0,3,0,1,1,0,0,0,0,0,0,0,0,0,0,0,0,0,0,0,0,0,0,0,0,0,0,0,0,0,0,0,0,0,0,0,0,0,0,0,0,4,4,4294967295,34,35,20,36,8,33,62
420,1,69,69,2,64,64,0,0,0,68,0,11904,11904,1297,1297,0,4720,7184,0,0,0,372,11904,1549,1067,32,1023,10,14,0,1048576,0,0,0,inf,inf,1.06696117,0.944461763,1,0,10,69,2,51,17,0,2176,1029,304,304,151,9728,3691,1067,1529,1023,1023,1023,1023,64,0,1023,0,0,0,0,0,0,0,0,3,1,3,6,4,6,9,4,9,4,5,5,5,2,0,0,1,1,0,0,0,0,0,0,0,0,0,0,0,0,0,0,0,0,0,0,0,0,0,0,0,0,0,0,0,0,0,0,0,0,0,0,0,0,0,0,0,13,50,4,9,11,11,51,7,22,5
421,1,68,69,3,64,64,0,0,0,67,0,7776,7776,680,680,0,3409,4367,0,0,0,243,7776,1105,892,32,1023,10,14,0,1048576,0,0,0,inf,inf,1.02539182,0.924123645,1,0,10,68,2,58,8,1,2144,1135,176,176,104,5632,2274,892,1306,1023,797,1023,1023,516,0,1023,0,0,0,0,1,0,1,0,1,1,2,2,1,5,8,3,6,7,4,3,8,4,1,4,0,3,0,1,1,0,0,0,0,0,0,0,0,0,0,0,0,0,0,0,0,0,0,0,0,0,0,0,0,0,0,0,0,0,0,0,0,0,0,0,0,4,5,8,4,13,20,30,21,10,13
422,1,69,69,2,64,64,0,0,0,68,0,10432,10432,1297,1297,0,4391,6041,0,0,0,326,10432,1479,986,32,1023,10,14,0,1048576,0,0,0,inf,inf,0.997373581,0.851056218,1,0,10,69,2,51,17,0,2176,1091,258,258,123,8256,3300,986,1441,1023,1023,1023,1023,40,0,1023,0,0,0,0,0,1,0,0,0,3,4,3,6,0,7,3,7,5,7,6,9,4,1,1,0,1,0,0,0,0,0,0,0,0,0,0,0,0,0,0,0,0,0,0,0,0,0,0,0,0,0,0,0,0,0,0,0,0,0,0,0,0,0,0,0,9,9,10,10,9,17,9,4,12,13
423,1,68,69,3,64,64,0,0,0,67,0,12000,12000,1150,1150,0,4891,7109,0,0,0,375,12000,1474,1046,32,1023,10,14,0,1048576,0,0,0,inf,inf,1.0025382,0.881048799,1,0,10,68,2,51,16,0,2144,1051,308,308,150,9856,3840,1046,1793,1023,1023,1023,1023,64,0,1023,0,0,0,0,0,0,0,1,3,3,3,3,3,6,6,3,5,5,7,5,6,3,0,3,1,1,0,0,0,0,0,0,0,0,0,0,0,0,0,0,0,0,0,0,0,0,0,0,0,0,0,0,0,0,0,0,0,0,0,0,0,0,0,0,0,15,16,4,16,4,20,18,7,16,9
424,1,68,69,3,64,64,0,0,0,67,0,44384,44384,4487,4487,0,7599,36785,0,0,0,1387,44384,2585,1644,32,1023,10,14,0,1048576,0,0,0,inf,inf,1.01893854,0.895875096,1,0,10,68,2,0,31,36,2144,324,1320,1320,196,42240,7275,1644,868,1015,1023,1023,1023,1,0,1023,0,1,11,11,13,7,10,5,3,2,1,2,1,0,0,0,0,0,0,0,0,0,0,0,0,0,0,0,0,0,0,0,0,0,0,0,0,0,0,0,0,0,0,0,0,0,0,0,0,0,0,0,0,0,0,0,0,0,0,0,0,0,0,0,0,7,6,8,8,6,6,9,4,6,7
425,1,69,69,2,64,64,0,0,0,68,0,5024,5024,752,752,0,2349,2675,0,0,0,157,5024,889,743,32,1023,10,14,0,1048576,0,0,0,inf,inf,0.910693526,0.805677414,1,0,10,69,2,63,5,0,2176,1188,89,89,51,2848,1161,743,603,1023,1022,1023,1023,64,0,1023,0,0,0,0,0,0,0,1,0,1,0,3,0,9,4,2,5,7,5,7,8,4,9,1,1,1,0,0,0,0,0,0,0,0,0,0,0,0,0,0,0,0,0,0,0,0,0,0,0,0,0,0,0,0,0,0,0,0,0,0,0,0,0,0,0,10,8,14,7,8,5,13,9,7,7
426,1,68,69,3,64,64,0,0,0,67,0,27488,27488,4242,4242,0,8979,18509,0,0,0,859,27488,3186,1581,32,1023,10,14,0,1048576,0,0,0,inf,inf,0.861916065,0.775068462,1,0,10,68,2,13,54,0,2144,640,792,792,235,25344,8339,1581,2056,1023,1023,1023,1023,128,0,1023,0,0,0,0,0,5,5,8,10,8,8,8,2,3,5,4,1,0,0,0,0,0,0,0,0,0,0,0,0,0,0,0,0,0,0,0,0,0,0,0,0,0,0,0,0,0,0,0,0,0,0,0,0,0,0,0,0,0,0,0,0,0,0,0,0,4,3,3,3,4,4,10,9,3,3
427,1,67,69,3,64,64,0,0,0,66,0,51264,51264,3453,3453,0,3660,47604,0,0,0,1602,51264,705,631,32,1023,10,14,0,1048576,0,0,0,inf,inf,1.15848076,1.00631762,1,0,10,67,2,0,2,64,2112,114,1536,1536,5,49152,3546,631,12,863,1023,1023,1023,32,0,1023,14,19,16,10,5,0,1,1,0,0,0,0,0,0,0,0,0,0,0,0,0,0,0,0,0,0,0,0,0,0,0,0,0,0,0,0,0,0,0,0,0,0,0,0,0,0,0,0,0,0,0,0,0,0,0,0,0,0,0,0,0,0,0,0,0,4,3,2,3,9,5,3,2,6,4
428,1,67,69,3,64,64,0,0,0,66,0,30880,30880,3196,3196,0,10074,20806,0,0,0,965,30880,3020,1601,32,1023,10,14,0,1048576,0,0,0,inf,inf,0.977021873,0.885873079,1,0,10,67,2,14,50,2,2112,653,899,899,382,28768,9421,1601,3591,1015,1023,1023,1023,10,0,1023,0,0,0,2,0,1,2,8,10,10,6,8,5,6,3,4,1,0,0,0,0,0,0,0,0,0,0,0,0,0,0,0,0,0,0,0,0,0,0,0,0,0,0,0,0,0,0,0,0,0,0,0,0,0,0,0,0,0,0,0,0,0,0,0,0,11,9,2,11,2,10,3,2,3,6
429,1,69,69,2,64,64,0,0,0,68,0,10784,10784,904,904,0,4492,6292,0,0,0,337,10784,1291,918,32,1023,10,14,0,1048576,0,0,0,inf,inf,0.902156591,0.782088101,1,0,10,69,2,54,14,0,2176,1089,269,269,157,8608,3403,918,1758,1023,1023,1023,1023,18,0,1023,0,0,0,0,0,0,0,0,4,3,2,4,1,8,5,3,7,1,6,8,5,2,5,3,0,1,0,0,0,0,0,0,0,0,0,0,0,0,0,0,0,0,0,0,0,0,0,0,0,0,0,0,0,0,0,0,0,0,0,0,0,0,0,0,0,5,8,10,5,17,8,7,10,5,5
430,1,68,69,3,64,64,0,0,0,67,0,17792,17792,1524,1524,0,6987,10805,0,0,0,556,17792,1923,1192,32,1023,10,14,0,1048576,0,0,0,inf,inf,0.952245772,0.852019072,1,0,10,68,2,40,27,0,2144,943,489,489,250,15648,6044,1192,2833,1007,1023,1023,1023,467,0,1023,0,0,0,0,0,1,0,1,6,8,2,4,5,6,6,3,4,2,4,6,3,1,2,1,2,0,0,0,0,0,0,0,0,0,0,0,0,0,0,0,0,0,0,0,0,0,0,0,0,0,0,0,0,0,0,0,0,0,0,0,0,0,0,0,0,18,6,4,15,18,5,6,22,5,5
431,1,69,69,1,64,64,0,2,0,68,0,6112,6112,942,942,0,2900,3212,0,0,0,191,6112,944,777,32,1023,10,14,0,1048576,0,0,0,inf,0.819795907,0.820596933,0.749281764,1,0,10,69,2,62,6,0,2176,1279,123,123,75,3936,1621,777,757,1023,1007,1023,1023,0,0,1023,0,0,0,0,0,0,1,0,0,0,2,0,3,5,2,2,5,4,8,6,7,1,7,5,4,3,0,0,1,1,1,0,0,0,0,0,0,0,0,0,0,0,0,0,0,0,0,0,0,0,0,0,0,0,0,0,0,0,0,0,0,0,0,0,0,7,13,13,7,27,7,6,7,10,9
432,1,67,69,3,64,64,0,0,0,66,0,29056,29056,2866,2866,0,9346,19710,0,0,0,908,29056,2861,1567,32,1023,10,14,0,1048576,0,0,0,inf,inf,0.976871908,0.878440976,1,0,10,67,2,18,45,3,2112,656,842,842,338,26944,8690,1567,3072,511,1023,1023,1023,545,0,1023,0,0,0,2,1,3,4,9,6,8,5,6,4,7,3,4,1,3,0,0,0,0,0,0,0,0,0,0,0,0,0,0,0,0,0,0,0,0,0,0,0,0,0,0,0,0,0,0,0,0,0,0,0,0,0,0,0,0,0,0,0,0,0,0,0,25,16,9,3,4,5,3,3,4,23
433,1,68,69,3,64,64,0,0,0,67,0,12768,12768,1117,1117,0,5295,7473,0,0,0,399,12768,1478,992,32,1023,10,14,0,1048576,0,0,0,inf,inf,0.955960631,0.855071187,1,0,10,68,2,49,18,0,2144,1062,332,332,179,10624,4233,992,2174,1023,1023,1023,1023,605,0,1023,0,0,0,0,0,0,0,0,5,4,2,3,4,5,6,3,3,2,6,7,7,2,2,3,2,1,0,0,0,0,0,0,0,0,0,0,0,0,0,0,0,0,0,0,0,0,0,0,0,0,0,0,0,0,0,0,0,0,0,0,0,0,0,0,0,16,4,6,5,7,5,6,5,17,24
434,1,68,69,3,64,64,0,0,0,67,0,20736,20736,1529,1529,0,7564,13172,0,0,0,648,20736,2090,1312,32,1023,10,14,0,1048576,0,0,0,inf,inf,0.9343822,0.849590063,1,0,10,68,2,36,28,3,2144,847,581,581,304,18592,6717,1312,3066,1019,1023,1023,1023,131,0,1023,0,0,1,1,1,2,0,2,6,4,4,4,6,6,7,3,7,5,2,3,1,1,1,0,0,0,0,0,0,0,0,0,0,0,0,0,0,0,0,0,0,0,0,0,0,0,0,0,0,0,0,0,0,0,0,0,0,0,0,0,0,0,0,0,0,13,24,22,3,12,6,25,14,5,12
435,1,68,69,3,64,64,0,0,0,67,0,16704,16704,1333,1333,0,6454,10250,0,0,0,522,16704,1854,1226,32,1023,10,14,0,1048576,0,0,0,inf,inf,0.926342726,0.84484911,1,0,10,68,2,42,23,2,2144,917,455,455,235,14560,5537,1226,2459,1007,1023,1023,1023,160,0,1023,0,0,1,0,1,1,0,1,5,2,4,5,5,5,8,4,9,5,4,2,0,1,3,1,0,0,0,0,0,0,0,0,0,0,0,0,0,0,0,0,0,0,0,0,0,0,0,0,0,0,0,0,0,0,0,0,0,0,0,0,0,0,0,0,0,24,3,21,20,20,26,25,29,20,5
436,1,67,69,3,64,64,0,0,0,66,0,34208,34208,2270,2270,0,11341,22867,0,0,0,1069,34208,3251,1818,32,1023,10,14,0,1048576,0,0,0,inf,inf,0.942603886,0.870360911,1,0,10,67,2,12,52,2,2112,664,1003,1003,507,32096,10677,1818,4575,1023,1023,1023,1023,344,0,1023,0,0,0,2,0,2,2,7,6,5,12,11,7,5,3,2,2,0,0,0,0,0,0,0,0,0,0,0,0,0,0,0,0,0,0,0,0,0,0,0,0,0,0,0,0,0,0,0,0,0,0,0,0,0,0,0,0,0,0,0,0,0,0,0,0,9,6,3,22,15,63,45,4,12,4
437,1,67,69,3,64,64,0,0,0,66,0,29216,29216,3979,3979,0,9115,20101,0,0,0,913,29216,3117,1613,32,1023,10,14,0,1048576,0,0,0,inf,inf,0.908833683,0.829126716,1,0,10,67,2,12,52,2,2112,650,847,847,259,27104,8465,1613,2403,255,1023,1023,1023,8,0,1023,0,0,1,0,1,3,5,7,6,9,8,7,7,2,2,5,0,3,0,0,0,0,0,0,0,0,0,0,0,0,0,0,0,0,0,0,0,0,0,0,0,0,0,0,0,0,0,0,0,0,0,0,0,0,0,0,0,0,0,0,0,0,0,0,0,3,3,3,4,6,27,3,5,4,4
438,0.899999976,67,69,3,64,64,0,0,0,66,0,11520,11520,765,765,0,4634,6886,0,0,0,360,11520,1482,1079,32,959,10,14,0,1048576,0,0,0,inf,inf,1.04358768,0.963226974,1,0,10,67,2,51,15,0,2112,1027,294,294,158,9408,3607,1079,1800,959,959,959,959,40,0,959,0,0,0,0,0,0,0,1,3,2,1,7,1,6,5,6,8,3,5,4,7,2,3,1,0,1,0,0,0,0,0,0,0,0,0,0,0,0,0,0,0,0,0,0,0,0,0,0,0,0,0,0,0,0,0,0,0,0,0,0,0,0,0,0,0,4,45,20,44,3,52,4294967295,20,4,57
439,1,68,69,3,64,64,0,0,0,67,0,19776,19776,1362,1362,0,7362,12414,0,0,0,618,19776,2096,1325,32,1023,10,14,0,1048576,0,0,0,inf,inf,0.910406828,0.813410997,1,0,10,68,2,37,28,2,2144,906,551,551,298,17632,6456,1325,3070,895,1023,1023,1023,453,0,1023,0,0,1,0,1,2,1,1,5,3,6,4,6,4,4,3,6,5,4,3,2,2,3,1,0,0,0,0,0,0,0,0,0,0,0,0,0,0,0,0,0,0,0,0,0,0,0,0,0,0,0,0,0,0,0,0,0,0,0,0,0,0,0,0,0,42,20,12,3,43,4,42,55,13,11
440,1,68,69,3,64,64,0,0,0,67,0,14592,14592,1479,1479,0,5948,8644,0,0,0,456,14592,1684,1085,32,1023,10,14,0,1048576,0,0,0,inf,inf,0.914858401,0.814996243,1,0,10,68,2,45,21,1,2144,935,389,389,192,12448,5013,1085,2113,1023,1023,1023,1023,400,0,1023,0,0,0,0,1,0,0,1,3,4,5,6,2,10,5,6,7,5,4,2,3,0,2,1,0,0,0,0,0,0,0,0,0,0,0,0,0,0,0,0,0,0,0,0,0,0,0,0,0,0,0,0,0,0,0,0,0,0,0,0,0,0,0,0,0,12,11,7,8,20,12,12,29,20,12
441,1,69,69,2,64,64,0,0,0,68,0,17376,17376,1219,1219,0,6511,10865,0,0,0,543,17376,1855,1241,32,1023,10,14,0,1048576,0,0,0,inf,inf,0.950306177,0.8648386,1,0,10,69,2,43,22,3,2176,925,475,475,259,15200,5586,1241,2537,1021,1023,1023,1023,41,0,1023,0,0,1,1,1,1,0,2,5,2,3,4,5,7,5,4,9,5,5,3,0,3,1,1,0,0,0,0,0,0,0,0,0,0,0,0,0,0,0,0,0,0,0,0,0,0,0,0,0,0,0,0,0,0,0,0,0,0,0,0,0,0,0,0,0,14,37,39,37,3,15,15,4,4,6
442,1,67,69,3,64,64,0,0,0,66,0,40352,40352,5089,5089,0,7497,32855,0,0,0,1261,40352,2978,1555,32,1023,10,14,0,1048576,0,0,0,inf,inf,0.918562174,0.823683619,1,0,10,67,2,0,46,20,2112,389,1195,1195,167,38240,7108,1555,669,1023,1023,1023,1023,330,0,1023,0,1,5,5,9,6,12,12,7,6,2,1,0,0,0,0,0,0,0,0,0,0,0,0,0,0,0,0,0,0,0,0,0,0,0,0,0,0,0,0,0,0,0,0,0,0,0,0,0,0,0,0,0,0,0,0,0,0,0,0,0,0,0,0,0,5,6,5,4,3,3,7,4,6,5
443,0.899999976,67,69,3,64,64,0,0,0,66,0,15072,15072,1602,1602,0,6013,9059,0,0,0,471,15072,1754,1110,32,1019,10,14,0,1048576,0,0,0,inf,inf,0.961604595,0.866122842,1,0,10,67,2,43,23,0,2112,939,405,405,205,12960,5074,1110,2076,763,1019,1019,1019,0,0,1019,0,0,0,0,0,0,0,1,6,4,5,5,2,7,5,3,7,6,3,4,5,1,0,1,0,1,0,0,0,0,0,0,0,0,0,0,0,0,0,0,0,0,0,0,0,0,0,0,0,0,0,0,0,0,0,0,0,0,0,0,0,0,0,0,0,7,11,4294967295,26,8,23,22,10,19,4
444,0.899999976,68,69,3,64,64,0,0,0,67,0,12608,12608,1598,1598,0,5206,7402,0,0,0,394,12608,1586,1049,32,991,10,14,0,1048576,0,0,0,inf,inf,0.954422712,0.850643933,1,0,10,68,2,48,19,0,2144,1003,327,327,157,10464,4203,1049,1687,991,991,991,991,0,0,991,0,0,0,0,0,0,0,0,4,3,4,6,2,7,6,3,7,6,5,4,5,1,1,2,0,1,0,0,0,0,0,0,0,0,0,0,0,0,0,0,0,0,0,0,0,0,0,0,0,0,0,0,0,0,0,0,0,0,0,0,0,0,0,0,0,4,25,7,9,10,4294967295,4,39,8,8
445,1,66,69,3,64,64,0,0,0,65,0,10368,10368,732,732,0,4512,5856,0,0,0,324,10368,1331,996,32,1023,10,14,0,1048576,0,0,0,inf,inf,0.977045298,0.885843217,1,0,10,66,2,52,13,0,2080,1057,259,259,155,8288,3455,996,1957,1023,1023,1023,1023,32,0,1023,0,0,0,0,0,0,0,0,2,2,2,4,3,3,4,6,6,5,9,5,6,3,1,2,1,1,0,0,0,0,0,0,0,0,0,0,0,0,0,0,0,0,0,0,0,0,0,0,0,0,0,0,0,0,0,0,0,0,0,0,0,0,0,0,0,4,5,22,13,3,38,5,3,3,10
446,1,67,69,3,64,64,0,0,0,66,0,39040,39040,4496,4496,0,6645,32395,0,0,0,1220,39040,2651,1415,32,1023,10,14,0,1048576,0,0,0,inf,inf,0.978926778,0.844147444,1,0,10,67,2,0,40,26,2112,358,1154,1154,115,36928,6287,1415,610,1023,1023,1023,1023,642,0,1023,0,2,7,5,12,7,11,11,5,3,0,2,1,0,0,0,0,0,0,0,0,0,0,0,0,0,0,0,0,0,0,0,0,0,0,0,0,0,0,0,0,0,0,0,0,0,0,0,0,0,0,0,0,0,0,0,0,0,0,0,0,0,0,0,0,12,13,2,14,3,3,7,11,3,11
447,1,69,69,2,64,64,0,0,0,68,0,11232,11232,1387,1387,0,4770,6462,0,0,0,351,11232,1516,973,32,1023,10,14,0,1048576,0,0,0,inf,inf,0.897626996,0.761364102,1,0,10,69,2,49,19,0,2176,1136,283,283,132,9056,3634,973,1660,1023,1023,1023,1023,0,0,1023,0,0,0,0,0,1,0,0,0,2,6,3,7,0,2,3,3,5,6,8,10,3,3,4,1,1,0,0,0,0,0,0,0,0,0,0,0,0,0,0,0,0,0,0,0,0,0,0,0,0,0,0,0,0,0,0,0,0,0,0,0,0,0,0,0,7,7,6,7,7,16,4,15,7,7
448,1,66,69,3,64,64,0,0,0,65,0,26272,26272,3191,3191,0,8280,17992,0,0,0,821,26272,3013,1556,32,1023,10,14,0,1048576,0,0,0,inf,inf,0.970561624,0.86980921,1,0,10,66,2,15,50,0,2080,655,756,756,244,24192,7625,1556,2253,1023,1023,1023,1023,480,0,1023,0,0,0,0,0,5,2,7,6,8,9,8,5,5,4,6,0,0,0,0,0,0,0,0,0,0,0,0,0,0,0,0,0,0,0,0,0,0,0,0,0,0,0,0,0,0,0,0,0,0,0,0,0,0,0,0,0,0,0,0,0,0,0,0,0,3,3,1,4,5,4,12,5,8,2
449,1,66,69,3,64,64,0,0,0,65,0,46432,46432,3746,3746,0,4014,42418,0,0,0,1451,46432,851,716,32,1023,10,14,0,1048576,0,0,0,inf,inf,0.914787769,0.728410661,1,0,10,66,2,0,4,61,2080,155,1386,1386,12,44352,3859,716,28,883,1023,1023,1023,0,0,1023,6,11,22,12,10,2,1,0,1,0,0,0,0,0,0,0,0,0,0,0,0,0,0,0,0,0,0,0,0,0,0,0,0,0,0,0,0,0,0,0,0,0,0,0,0,0,0,0,0,0,0,0,0,0,0,0,0,0,0,0,0,0,0,0,0,7,7,7,7,6,7,7,8,7,5
450,1,66,69,3,64,64,0,0,0,65,0,56128,56128,2635,2635,0,2641,53487,0,0,0,1754,56128,364,322,32,1023,10,14,0,1048576,0,0,0,inf,inf,1.15141535,0.958168745,1,0,10,66,2,0,1,64,2080,75,1689,1689,0,54048,2566,322,0,182,1023,1023,1023,0,0,1023,27,15,13,7,2,1,0,0,0,0,0,0,0,0,0,0,0,0,0,0,0,0,0,0,0,0,0,0,0,0,0,0,0,0,0,0,0,0,0,0,0,0,0,0,0,0,0,0,0,0,0,0,0,0,0,0,0,0,0,0,0,0,0,0,0,4,8,4,5,5,8,13,17,9,4
451,1,68,69,3,64,64,0,0,0,67,0,14176,14176,1976,1976,0,5750,8426,0,0,0,443,14176,1673,1017,32,1023,10,14,0,1048576,0,0,0,inf,inf,0.916961789,0.816892207,1,0,10,68,2,44,23,0,2144,931,376,376,156,12032,4819,1017,1855,1023,1023,1023,1023,32,0,1023,0,0,0,0,0,0,0,0,6,4,5,5,3,10,7,4,7,3,4,3,4,0,0,2,0,0,0,0,0,0,0,0,0,0,0,0,0,0,0,0,0,0,0,0,0,0,0,0,0,0,0,0,0,0,0,0,0,0,0,0,0,0,0,0,0,4,6,5,17,14,19,6,5,5,9
452,1,66,69,3,64,64,0,0,0,65,0,24800,24800,3198,3198,0,8070,16730,0,0,0,775,24800,2885,1488,32,1023,10,14,0,1048576,0,0,0,inf,inf,0.911846459,0.803984404,1,0,10,66,2,17,48,0,2080,686,710,710,229,22720,7384,1488,2165,1023,1023,1023,1023,336,0,1023,0,0,0,0,0,2,2,6,5,8,10,9,6,7,4,5,0,1,0,0,0,0,0,0,0,0,0,0,0,0,0,0,0,0,0,0,0,0,0,0,0,0,0,0,0,0,0,0,0,0,0,0,0,0,0,0,0,0,0,0,0,0,0,0,0,4,3,3,4,5,4,6,3,4,5
453,1,68,69,3,64,64,0,0,0,67,0,24544,24544,3307,3307,0,8181,16363,0,0,0,767,24544,2804,1513,32,1023,10,14,0,1048576,0,0,0,inf,inf,0.810481727,0.728533447,1,0,10,68,2,20,44,3,2144,715,700,700,229,22400,7466,1513,2281,1023,1023,1023,1023,288,0,1023,0,0,1,1,1,2,3,5,8,10,5,6,5,6,3,1,3,1,3,1,2,0,0,0,0,0,0,0,0,0,0,0,0,0,0,0,0,0,0,0,0,0,0,0,0,0,0,0,0,0,0,0,0,0,0,0,0,0,0,0,0,0,0,0,0,3,6,4,6,4,6,3,4,6,4
454,0.899999976,69,69,1,64,64,0,1,0,68,0,15072,15072,1004,1004,0,6060,9012,0,0,0,471,15072,1683,1146,32,1023,10,14,0,1048576,0,0,0,inf,0.906886578,0.907521784,0.809471428,1,0,10,69,2,47,20,1,2176,986,403,403,227,12896,5074,1146,2588,1007,1023,1007,1007,792,0,1007,0,0,0,0,1,0,2,2,3,2,5,4,2,7,7,3,6,5,5,3,5,2,2,1,0,1,0,0,0,0,0,0,0,0,0,0,0,0,0,0,0,0,0,0,0,0,0,0,0,0,0,0,0,0,0,0,0,0,0,0,0,0,0,0,0,8,6,6,11,4294967295,7,13,11,20,7
455,1,68,69,3,64,64,0,0,0,67,0,44800,44800,4840,4840,0,8178,36622,0,0,0,1400,44800,3030,1726,32,1023,10,14,0,1048576,0,0,0,inf,inf,1.03780496,0.940036297,1,0,10,68,2,0,43,24,2144,403,1333,1333,234,42656,7775,1726,984,759,1023,1023,1023,326,0,1023,0,2,2,6,14,5,10,9,6,8,1,3,1,0,0,0,0,0,0,0,0,0,0,0,0,0,0,0,0,0,0,0,0,0,0,0,0,0,0,0,0,0,0,0,0,0,0,0,0,0,0,0,0,0,0,0,0,0,0,0,0,0,0,0,0,9,8,9,3,9,3,9,4,15,9
456,1,66,69,3,64,64,0,0,0,65,0,26240,26240,3376,3376,0,8333,17907,0,0,0,820,26240,3043,1566,32,1023,10,14,0,1048576,0,0,0,inf,inf,0.968268454,0.841669083,1,0,10,66,2,15,50,0,2080,658,755,755,254,24160,7675,1566,2181,767,1023,1023,1023,198,0,1023,0,0,0,0,0,4,2,8,5,9,8,8,6,5,6,4,0,0,0,0,0,0,0,0,0,0,0,0,0,0,0,0,0,0,0,0,0,0,0,0,0,0,0,0,0,0,0,0,0,0,0,0,0,0,0,0,0,0,0,0,0,0,0,0,0,3,4,4,3,3,2,7,5,10,3
457,1,66,69,3,64,64,0,0,0,65,0,50784,50784,3481,3481,0,3691,47093,0,0,0,1587,50784,726,625,32,1023,10,14,0,1048576,0,0,0,inf,inf,1.06889999,0.928511083,1,0,10,66,2,0,3,62,2080,115,1522,1522,3,48704,3576,625,6,871,1023,1023,1023,0,0,1023,11,22,16,8,5,1,2,0,0,0,0,0,0,0,0,0,0,0,0,0,0,0,0,0,0,0,0,0,0,0,0,0,0,0,0,0,0,0,0,0,0,0,0,0,0,0,0,0,0,0,0,0,0,0,0,0,0,0,0,0,0,0,0,0,0,3,2,3,3,2,2,2,2,3,1
458,1,69,69,1,64,64,0,1,0,68,0,13920,13920,1580,1580,0,5688,8232,0,0,0,435,13920,1669,1047,32,1023,10,14,0,1048576,0,0,0,inf,0.978255212,0.978255212,0.869600296,1,0,10,69,2,46,22,0,2176,967,367,367,186,11744,4721,1047,1969,1023,1023,1023,1023,8,0,1023,0,0,0,0,0,0,0,1,6,4,3,5,3,6,8,3,9,7,2,4,6,0,0,0,0,1,0,0,0,0,0,0,0,0,0,0,0,0,0,0,0,0,0,0,0,0,0,0,0,0,0,0,0,0,0,0,0,0,0,0,0,0,0,0,0,12,12,11,13,11,12,12,14,24,12
459,1,66,69,3,64,64,0,0,0,65,0,23936,23936,3455,3455,0,7741,16195,0,0,0,748,23936,2919,1520,32,1023,10,14,0,1048576,0,0,0,inf,inf,0.977234244,0.860453129,1,0,10,66,2,18,47,0,2080,669,683,683,203,21856,7072,1520,1814,1023,1023,1023,1023,320,0,1023,0,0,0,0,0,4,2,7,5,9,7,8,5,8,5,5,0,0,0,0,0,0,0,0,0,0,0,0,0,0,0,0,0,0,0,0,0,0,0,0,0,0,0,0,0,0,0,0,0,0,0,0,0,0,0,0,0,0,0,0,0,0,0,0,0,3,3,4,3,2,3,4,3,22,3
460,1,69,69,2,64,64,0,0,0,68,0,26208,26208,3966,3966,0,8455,17753,0,0,0,819,26208,3094,1556,32,1023,10,14,0,1048576,0,0,0,inf,inf,1.04566765,0.938477278,1,0,10,69,2,16,51,1,2176,688,751,751,181,24032,7767,1556,1850,1023,1023,1023,1023,33,0,1023,0,0,0,1,0,4,2,6,8,8,9,8,6,8,3,3,1,0,1,0,0,0,0,0,0,0,0,0,0,0,0,0,0,0,0,0,0,0,0,0,0,0,0,0,0,0,0,0,0,0,0,0,0,0,0,0,0,0,0,0,0,0,0,0,0,5,4,5,5,5,6,5,5,5,4
461,1,69,69,1,64,64,0,1,0,68,0,12320,12320,972,972,0,5285,7035,0,0,0,385,12320,1473,1042,32,1023,10,14,0,1048576,0,0,0,inf,1.00166321,1.00166321,0.905855536,1,0,10,69,2,52,16,0,2176,1056,317,317,189,10144,4229,1042,2172,1023,959,1023,1023,17,0,1023,0,0,0,0,0,0,0,2,3,3,3,3,2,3,4,6,8,9,6,3,6,4,2,0,0,1,0,0,0,0,0,0,0,0,0,0,0,0,0,0,0,0,0,0,0,0,0,0,0,0,0,0,0,0,0,0,0,0,0,0,0,0,0,0,0,12,13,14,21,19,9,9,10,14,35
462,1,69,69,2,64,64,0,0,0,68,0,6752,6752,883,883,0,3035,3717,0,0,0,211,6752,989,793,32,1023,10,14,0,1048576,0,0,0,inf,inf,0.900820851,0.80929637,1,0,10,69,2,61,7,0,2176,1159,143,143,79,4576,1876,793,796,1023,957,1023,1023,136,0,1023,0,0,0,0,0,0,0,1,2,1,0,0,3,3,5,6,7,7,7,9,7,3,3,2,1,1,0,0,0,0,0,0,0,0,0,0,0,0,0,0,0,0,0,0,0,0,0,0,0,0,0,0,0,0,0,0,0,0,0,0,0,0,0,0,0,13,14,6,55,11,15,15,12,9,14
463,1,69,69,1,64,64,0,2,0,68,0,7104,7104,1055,1055,0,3038,4066,0,0,0,222,7104,1027,801,32,1023,10,14,0,1048576,0,0,0,inf,0.940588593,0.941210091,0.851381779,1,0,10,69,2,60,8,0,2176,1163,154,154,82,4928,1875,801,691,1023,871,1023,1023,0,0,1023,0,0,0,0,0,0,0,1,0,3,1,3,0,3,5,4,7,8,8,3,8,6,4,3,0,1,0,0,0,0,0,0,0,0,0,0,0,0,0,0,0,0,0,0,0,0,0,0,0,0,0,0,0,0,0,0,0,0,0,0,0,0,0,0,0,8,14,11,9,20,21,22,10,7,10
464,1,66,69,3,64,64,0,0,0,65,0,50560,50560,3479,3479,0,3694,46866,0,0,0,1580,50560,728,656,32,1023,10,14,0,1048576,0,0,0,inf,inf,1.0710932,0.863525033,1,0,10,66,2,0,2,63,2080,103,1515,1515,5,48480,3591,656,2,359,1023,1023,1023,0,0,1023,17,17,19,6,4,0,1,0,1,0,0,0,0,0,0,0,0,0,0,0,0,0,0,0,0,0,0,0,0,0,0,0,0,0,0,0,0,0,0,0,0,0,0,0,0,0,0,0,0,0,0,0,0,0,0,0,0,0,0,0,0,0,0,0,0,3,2,3,2,4,2,1,2,2,2
465,1,69,69,2,64,64,0,0,0,68,0,6944,6944,869,869,0,2959,3985,0,0,0,217,6944,1001,788,32,1023,10,14,0,1048576,0,0,0,inf,inf,0.959039211,0.846644223,1,0,10,69,2,60,8,0,2176,1142,149,149,77,4768,1817,788,905,1023,1023,1023,1023,104,0,1023,0,0,0,0,0,0,0,1,0,1,1,5,0,3,7,3,14,4,6,6,7,4,2,2,0,1,1,0,0,0,0,0,0,0,0,0,0,0,0,0,0,0,0,0,0,0,0,0,0,0,0,0,0,0,0,0,0,0,0,0,0,0,0,0,0,4,9,6,6,10,11,6,14,8,6
466,1,68,69,3,64,64,0,0,0,67,0,44576,44576,4695,4695,0,8016,36560,0,0,0,1393,44576,2922,1648,32,1023,10,14,0,1048576,0,0,0,inf,inf,1.01683187,0.881524682,1,0,10,68,2,0,42,25,2144,372,1326,1326,209,42432,7644,1648,978,1023,1023,1023,1023,256,0,1023,1,4,2,7,11,9,9,10,3,7,2,1,1,0,0,0,0,0,0,0,0,0,0,0,0,0,0,0,0,0,0,0,0,0,0,0,0,0,0,0,0,0,0,0,0,0,0,0,0,0,0,0,0,0,0,0,0,0,0,0,0,0,0,0,0,4,8,8,4,5,3,4,4,5,3
467,1,69,69,1,64,64,0,3,0,68,0,5472,5472,666,666,0,2489,2983,0,0,0,171,5472,877,743,32,1023,10,14,0,1048576,0,0,0,inf,0.912345827,0.914992154,0.808948874,1,0,10,69,2,63,5,0,2176,1155,103,103,63,3296,1334,743,761,1023,1022,1023,1023,0,0,1023,0,0,0,0,0,0,0,0,0,2,0,2,1,10,9,2,5,5,4,7,7,3,10,0,1,0,0,0,0,0,0,0,0,0,0,0,0,0,0,0,0,0,0,0,0,0,0,0,0,0,0,0,0,0,0,0,0,0,0,0,0,0,0,0,0,12,10,8,10,11,10,10,10,9,9
468,1,69,69,1,64,64,0,8,0,68,0,7072,7072,800,800,0,2999,4073,0,0,0,221,7072,1151,914,32,1023,10,14,0,1048576,0,0,0,inf,0.925354064,0.933015466,0.810646176,1,0,10,69,2,60,8,0,2176,1153,153,153,84,4896,1846,914,810,1023,1023,1023,1023,0,0,1023,0,0,0,0,0,1,0,0,0,3,2,0,2,5,5,4,8,6,3,6,10,8,2,1,1,1,0,0,0,0,0,0,0,0,0,0,0,0,0,0,0,0,0,0,0,0,0,0,0,0,0,0,0,0,0,0,0,0,0,0,0,0,0,0,0,13,14,14,14,15,15,15,13,14,29
469,1,67,69,3,64,64,0,0,0,66,0,25216,25216,3614,3614,0,8291,16925,0,0,0,788,25216,3006,1535,32,1023,10,14,0,1048576,0,0,0,inf,inf,0.919337153,0.808402658,1,0,10,67,2,16,50,0,2112,703,722,722,200,23104,7588,1535,2024,1023,1023,1023,1023,652,0,1023,0,0,0,0,0,1,4,6,4,9,9,9,8,6,2,5,0,2,0,1,0,0,0,0,0,0,0,0,0,0,0,0,0,0,0,0,0,0,0,0,0,0,0,0,0,0,0,0,0,0,0,0,0,0,0,0,0,0,0,0,0,0,0,0,0,2,3,11,8,2,3,2,11,9,7
470,1,67,69,3,64,64,0,0,0,66,0,26784,26784,3903,3903,0,8628,18156,0,0,0,837,26784,3161,1570,32,1023,10,14,0,1048576,0,0,0,inf,inf,0.898442924,0.792753041,1,0,10,67,2,12,54,0,2112,671,771,771,222,24672,7957,1570,2169,1015,1023,1023,1023,328,0,1023,0,0,0,0,0,2,2,7,6,10,11,11,5,5,3,2,0,2,0,0,0,0,0,0,0,0,0,0,0,0,0,0,0,0,0,0,0,0,0,0,0,0,0,0,0,0,0,0,0,0,0,0,0,0,0,0,0,0,0,0,0,0,0,0,0,2,3,2,4,3,2,8,3,3,4
471,1,68,69,3,64,64,0,0,0,67,0,22848,22848,3228,3228,0,7561,15287,0,0,0,714,22848,2607,1359,32,1023,10,14,0,1048576,0,0,0,inf,inf,0.844379783,0.74183929,1,0,10,68,2,23,42,2,2144,737,647,647,195,20704,6824,1359,2151,1023,1023,1023,1023,460,0,1023,0,0,0,1,1,2,3,6,8,7,8,5,3,7,5,0,3,0,3,2,2,1,0,0,0,0,0,0,0,0,0,0,0,0,0,0,0,0,0,0,0,0,0,0,0,0,0,0,0,0,0,0,0,0,0,0,0,0,0,0,0,0,0,0,0,4,10,11,4,5,4,9,5,11,3
472,1,69,69,1,64,64,0,5,0,68,0,4224,4224,720,720,0,2094,2130,0,0,0,132,4224,781,689,32,1023,10,14,0,1048576,0,0,0,inf,0.833940625,0.882019579,0.797502279,1,0,10,69,2,65,3,0,2176,1188,64,64,40,2048,906,689,441,1023,767,1023,1023,32,0,1023,0,0,0,0,0,0,0,0,0,1,0,2,0,8,8,2,6,8,5,5,8,3,9,0,2,1,0,0,0,0,0,0,0,0,0,0,0,0,0,0,0,0,0,0,0,0,0,0,0,0,0,0,0,0,0,0,0,0,0,0,0,0,0,0,0,11,14,20,12,13,21,19,25,17,14
473,1,69,69,1,64,64,0,1,0,68,0,4192,4192,800,800,0,2097,2095,0,0,0,131,4192,714,625,32,1023,10,14,0,1048576,0,0,0,inf,0.86514163,0.869989574,0.738540053,1,0,10,69,2,65,3,0,2176,1226,63,63,39,2016,871,625,490,1023,1014,1023,1023,0,0,1023,0,0,0,0,0,0,0,0,0,1,0,2,0,9,4,2,6,5,4,7,8,5,10,1,2,2,0,0,0,0,0,0,0,0,0,0,0,0,0,0,0,0,0,0,0,0,0,0,0,0,0,0,0,0,0,0,0,0,0,0,0,0,0,0,0,9,6,11,12,8,7,5,5,13,7
474,1,69,69,1,64,64,0,4,0,68,0,4128,4128,794,794,0,2086,2042,0,0,0,129,4128,743,649,32,1023,10,14,0,1048576,0,0,0,inf,0.846563339,0.84832561,0.766073823,1,0,10,69,2,65,3,0,2176,1180,61,61,37,1952,906,649,398,1023,733,1023,1023,0,0,1023,0,0,0,0,0,0,0,0,0,1,1,1,0,5,6,4,8,11,6,7,7,2,7,0,1,1,0,0,0,0,0,0,0,0,0,0,0,0,0,0,0,0,0,0,0,0,0,0,0,0,0,0,0,0,0,0,0,0,0,0,0,0,0,0,0,10,16,13,11,12,9,15,16,9,21
475,1,66,69,3,64,64,0,0,0,65,0,24288,24288,4170,4170,0,7937,16351,0,0,0,759,24288,2822,1260,32,1023,10,14,0,1048576,0,0,0,inf,inf,0.907124162,0.797321677,1,0,10,66,2,13,52,0,2080,660,694,694,190,22208,7277,1260,1806,1023,1023,1023,1023,73,0,1023,0,0,0,0,0,0,4,6,6,11,8,12,5,9,2,2,0,0,0,0,0,0,0,0,0,0,0,0,0,0,0,0,0,0,0,0,0,0,0,0,0,0,0,0,0,0,0,0,0,0,0,0,0,0,0,0,0,0,0,0,0,0,0,0,0,3,3,6,3,3,2,6,5,2,3
476,1,68,69,3,64,64,0,0,0,67,0,43264,43264,4699,4699,0,7435,35829,0,0,0,1352,43264,2787,1554,32,1023,10,14,0,1048576,0,0,0,inf,inf,1.01817107,0.885076642,1,0,10,68,2,0,40,27,2144,360,1285,1285,154,41120,7075,1554,754,1023,1023,1023,1023,265,0,1023,1,2,5,9,10,7,10,12,5,3,0,1,2,0,0,0,0,0,0,0,0,0,0,0,0,0,0,0,0,0,0,0,0,0,0,0,0,0,0,0,0,0,0,0,0,0,0,0,0,0,0,0,0,0,0,0,0,0,0,0,0,0,0,0,0,8,4,4,5,6,9,3,9,12,3
477,1,69,69,2,64,64,0,0,0,68,0,14016,14016,1693,1693,0,5728,8288,0,0,0,438,14016,1688,1073,32,1023,10,14,0,1048576,0,0,0,inf,inf,0.928050637,0.808530331,1,0,10,69,2,46,22,0,2176,1034,370,370,170,11840,4694,1073,1873,1023,1023,1023,1023,109,0,1023,0,0,0,0,0,0,0,0,4,4,4,6,4,4,4,4,8,5,4,3,6,1,2,4,0,1,0,0,0,0,0,0,0,0,0,0,0,0,0,0,0,0,0,0,0,0,0,0,0,0,0,0,0,0,0,0,0,0,0,0,0,0,0,0,0,10,7,22,11,9,9,8,13,22,8
478,1,66,69,3,64,64,0,0,0,65,0,27520,27520,3365,3365,0,8896,18624,0,0,0,860,27520,2938,1520,32,1023,10,14,0,1048576,0,0,0,inf,inf,0.96493876,0.879035592,1,0,10,66,2,15,49,1,2080,662,795,795,267,25440,8234,1520,2578,1023,1023,1023,1023,992,0,1023,0,0,0,0,1,2,3,5,5,8,14,9,3,8,2,4,1,0,0,0,0,0,0,0,0,0,0,0,0,0,0,0,0,0,0,0,0,0,0,0,0,0,0,0,0,0,0,0,0,0,0,0,0,0,0,0,0,0,0,0,0,0,0,0,0,3,11,3,4,3,4,12,8,4,6
479,1,66,69,3,64,64,0,0,0,65,0,30304,30304,4306,4306,0,9330,20974,0,0,0,947,30304,3298,1697,32,1023,10,14,0,1048576,0,0,0,inf,inf,1.01624632,0.924990773,1,0,10,66,2,9,55,1,2080,644,882,882,240,28224,8686,1697,2246,1023,1023,1023,1023,272,0,1023,0,0,0,1,0,3,1,7,7,9,9,12,7,2,3,4,0,0,0,0,0,0,0,0,0,0,0,0,0,0,0,0,0,0,0,0,0,0,0,0,0,0,0,0,0,0,0,0,0,0,0,0,0,0,0,0,0,0,0,0,0,0,0,0,0,3,3,3,3,9,14,4,4,13,3
480,1,66,69,3,64,64,0,0,0,65,0,29536,29536,3562,3562,0,9413,20123,0,0,0,923,29536,3106,1640,32,1023,10,14,0,1048576,0,0,0,inf,inf,1.00170803,0.898400664,1,0,10,66,2,13,51,1,2080,635,858,858,319,27456,8778,1640,2552,1023,1023,1023,1023,696,0,1023,0,0,0,1,0,1,4,10,11,7,6,7,5,3,4,6,0,0,0,0,0,0,0,0,0,0,0,0,0,0,0,0,0,0,0,0,0,0,0,0,0,0,0,0,0,0,0,0,0,0,0,0,0,0,0,0,0,0,0,0,0,0,0,0,0,13,4,13,11,10,10,4,13,3,7
481,1,66,69,3,64,64,0,0,0,65,0,24800,24800,3626,3626,0,7897,16903,0,0,0,775,24800,2872,1445,32,1023,10,14,0,1048576,0,0,0,inf,inf,0.985963583,0.909419,1,0,10,66,2,17,48,0,2080,672,710,710,197,22720,7225,1445,1803,1023,1023,1023,1023,96,0,1023,0,0,0,0,0,4,2,5,5,8,10,10,4,8,4,5,0,0,0,0,0,0,0,0,0,0,0,0,0,0,0,0,0,0,0,0,0,0,0,0,0,0,0,0,0,0,0,0,0,0,0,0,0,0,0,0,0,0,0,0,0,0,0,0,0,3,4,3,3,3,4,7,3,4,3
482,1,68,69,3,64,64,0,0,0,67,0,31712,31712,3095,3095,0,10220,21492,0,0,0,991,31712,3187,1692,32,1023,10,14,0,1048576,0,0,0,inf,inf,0.9459939,0.876675606,1,0,10,68,2,14,52,1,2144,654,924,924,373,29568,9566,1692,3339,1023,1023,1023,1023,128,0,1023,0,0,0,1,0,4,2,8,8,10,9,8,3,8,2,3,0,0,1,0,0,0,0,0,0,0,0,0,0,0,0,0,0,0,0,0,0,0,0,0,0,0,0,0,0,0,0,0,0,0,0,0,0,0,0,0,0,0,0,0,0,0,0,0,0,9,8,16,3,6,9,11,15,8,10
483,1,68,69,3,64,64,0,0,0,67,0,16096,16096,1681,1681,0,6513,9583,0,0,0,503,16096,1910,1170,32,1023,10,14,0,1048576,0,0,0,inf,inf,0.887165666,0.822554946,1,0,10,68,2,41,26,0,2144,943,436,436,189,13952,5570,1170,2225,1015,1023,1023,1023,448,0,1023,0,0,0,0,0,1,1,1,5,1,5,6,6,7,3,4,6,4,8,2,3,0,3,1,0,0,0,0,0,0,0,0,0,0,0,0,0,0,0,0,0,0,0,0,0,0,0,0,0,0,0,0,0,0,0,0,0,0,0,0,0,0,0,0,0,24,4,5,25,8,5,31,26,6,5
484,1,69,69,2,64,64,0,0,0,68,0,6176,6176,712,712,0,2723,3453,0,0,0,193,6176,936,767,32,1023,10,14,0,1048576,0,0,0,inf,inf,0.926015973,0.812202215,1,0,10,69,2,62,6,0,2176,1146,125,125,77,4000,1577,767,868,1023,1023,1023,1023,0,0,1023,0,0,0,0,0,0,0,1,0,1,1,2,1,10,5,3,11,5,4,4,7,3,6,1,1,2,0,0,0,0,0,0,0,0,0,0,0,0,0,0,0,0,0,0,0,0,0,0,0,0,0,0,0,0,0,0,0,0,0,0,0,0,0,0,0,9,8,6,6,5,6,8,6,8,8
485,1,69,69,2,64,64,0,0,0,68,0,13824,13824,1665,1665,0,5705,8119,0,0,0,432,13824,1706,1116,32,1023,10,14,0,1048576,0,0,0,inf,inf,1.01372838,0.915565372,1,0,10,69,2,47,21,0,2176,1036,364,364,172,11648,4669,1116,1750,1023,1023,1023,1023,672,0,1023,0,0,0,0,0,0,0,1,3,5,3,5,4,2,5,6,7,8,2,3,5,4,1,3,0,1,0,0,0,0,0,0,0,0,0,0,0,0,0,0,0,0,0,0,0,0,0,0,0,0,0,0,0,0,0,0,0,0,0,0,0,0,0,0,0,12,13,9,23,11,23,9,11,11,32
486,1,68,69,3,64,64,0,0,0,67,0,40896,40896,5150,5150,0,7314,33582,0,0,0,1278,40896,2819,1483,32,1023,10,14,0,1048576,0,0,0,inf,inf,1.06285,0.945716321,1,0,10,68,2,0,43,24,2144,390,1211,1211,114,38752,6924,1483,542,1023,1023,1023,1023,516,0,1023,1,1,5,4,13,8,8,8,8,6,2,3,0,0,0,0,0,0,0,0,0,0,0,0,0,0,0,0,0,0,0,0,0,0,0,0,0,0,0,0,0,0,0,0,0,0,0,0,0,0,0,0,0,0,0,0,0,0,0,0,0,0,0,0,0,3,4,7,6,9,5,8,4,4,5
487,1,67,69,3,64,64,0,0,0,66,0,17280,17280,1631,1631,0,6700,10580,0,0,0,540,17280,1932,1153,32,1023,10,14,0,1048576,0,0,0,inf,inf,1.04986072,0.914909601,1,0,10,67,2,38,28,0,2112,870,474,474,245,15168,5830,1153,2643,1023,1023,1023,1023,336,0,1023,0,0,0,0,0,0,2,1,3,5,6,7,4,8,8,4,3,7,3,3,0,1,1,0,0,0,0,0,0,0,0,0,0,0,0,0,0,0,0,0,0,0,0,0,0,0,0,0,0,0,0,0,0,0,0,0,0,0,0,0,0,0,0,0,0,8,9,9,9,4,9,11,9,27,5
488,0.899999976,69,69,1,64,64,0,1,0,68,0,4096,4096,767,767,0,2208,1888,0,0,0,128,4096,752,667,32,1015,10,14,0,1048576,0,0,0,inf,1.05196953,1.05196953,0.92069,1,0,10,69,2,65,3,0,2176,1283,60,60,36,1920,925,667,526,1015,693,1015,1015,0,0,1015,0,0,0,0,0,0,0,0,0,0,0,2,1,3,1,3,4,7,9,6,12,4,6,7,1,1,1,0,0,0,0,0,0,0,0,0,0,0,0,0,0,0,0,0,0,0,0,0,0,0,0,0,0,0,0,0,0,0,0,0,0,0,0,0,0,5,10,6,4294967295,10,12,10,11,10,6
489,1,69,69,2,64,64,0,0,0,68,0,13632,13632,1360,1360,0,5467,8165,0,0,0,426,13632,1622,1067,32,1023,10,14,0,1048576,0,0,0,inf,inf,1.03827167,0.900267363,1,0,10,69,2,48,20,0,2176,1006,358,358,175,11456,4461,1067,1986,1023,1023,1023,1023,0,0,1023,0,0,0,0,0,0,0,0,5,3,4,5,3,6,7,5,7,6,4,3,6,1,0,1,0,2,0,0,0,0,0,0,0,0,0,0,0,0,0,0,0,0,0,0,0,0,0,0,0,0,0,0,0,0,0,0,0,0,0,0,0,0,0,0,0,10,11,15,39,10,11,4,12,11,10
490,1,69,69,1,64,64,0,1,0,68,0,14016,14016,870,870,0,5760,8256,0,0,0,438,14016,1697,1193,32,1023,10,14,0,1048576,0,0,0,inf,0.972052991,0.972052991,0.898310304,1,0,10,69,2,49,19,0,2176,1035,370,370,218,11840,4725,1193,2406,1023,1023,1023,1023,12,0,1023,0,0,0,0,0,1,0,0,2,2,4,6,4,7,5,4,7,5,6,4,4,2,0,3,1,1,0,0,0,0,0,0,0,0,0,0,0,0,0,0,0,0,0,0,0,0,0,0,0,0,0,0,0,0,0,0,0,0,0,0,0,0,0,0,0,11,8,27,10,16,24,19,24,15,21
491,1,69,69,2,64,64,0,0,0,68,0,6720,6720,898,898,0,2917,3803,0,0,0,210,6720,1030,830,32,1023,10,14,0,1048576,0,0,0,inf,inf,0.962896347,0.858296633,1,0,10,69,2,61,7,0,2176,1153,142,142,70,4544,1764,830,739,1023,763,1023,1023,0,0,1023,0,0,0,0,0,0,0,0,1,0,2,1,3,3,5,8,8,8,4,10,7,2,3,0,1,1,1,0,0,0,0,0,0,0,0,0,0,0,0,0,0,0,0,0,0,0,0,0,0,0,0,0,0,0,0,0,0,0,0,0,0,0,0,0,0,10,10,12,11,9,14,16,5,59,10
492,1,68,69,3,64,64,0,0,0,67,0,18304,18304,1395,1395,0,6855,11449,0,0,0,572,18304,1975,1252,32,1023,10,14,0,1048576,0,0,0,inf,inf,0.964349151,0.871304154,1,0,10,68,2,39,26,2,2144,871,505,505,279,16160,5984,1252,2697,1019,1023,1023,1023,417,0,1023,0,0,1,0,1,2,0,1,6,2,5,4,6,8,6,4,8,5,3,2,1,1,1,0,0,0,0,0,0,0,0,0,0,0,0,0,0,0,0,0,0,0,0,0,0,0,0,0,0,0,0,0,0,0,0,0,0,0,0,0,0,0,0,0,0,13,3,33,35,12,33,12,14,15,5
493,1,68,69,3,64,64,0,0,0,67,0,6528,6528,828,828,0,3142,3386,0,0,0,204,6528,964,775,32,1023,10,14,0,1048576,0,0,0,inf,inf,0.988525033,0.879513979,1,0,10,68,2,60,7,0,2144,1240,137,137,81,4384,1902,775,1085,1023,959,1023,1023,36,0,1023,0,0,0,0,0,0,0,0,1,0,2,3,1,3,3,4,7,3,3,5,9,3,6,7,1,4,1,0,1,0,0,0,0,0,0,0,0,0,0,0,0,0,0,0,0,0,0,0,0,0,0,0,0,0,0,0,0,0,0,0,0,0,0,0,0,5,4,30,4,7,4,25,5,11,3
494,1,69,69,2,64,64,0,0,0,68,0,14048,14048,1316,1316,0,5585,8463,0,0,0,439,14048,1632,1075,32,1023,10,14,0,1048576,0,0,0,inf,inf,1.04015613,0.911194682,1,0,10,69,2,48,20,0,2176,996,371,371,188,11872,4589,1075,1995,1023,1023,1023,1023,0,0,1023,0,0,0,0,0,0,0,1,4,3,5,4,3,8,7,4,8,6,4,3,3,1,0,1,1,1,1,0,0,0,0,0,0,0,0,0,0,0,0,0,0,0,0,0,0,0,0,0,0,0,0,0,0,0,0,0,0,0,0,0,0,0,0,0,0,19,15,7,19,9,4,9,8,6,19
495,0.899999976,69,69,1,64,64,0,5,0,68,0,4224,4224,772,772,0,2107,2117,0,0,0,132,4224,763,672,32,959,10,14,0,1048576,0,0,0,inf,0.90060246,0.905051708,0.816051781,1,0,10,69,2,65,3,0,2176,1201,64,64,40,2048,906,672,420,959,959,959,959,32,0,959,0,0,0,0,0,0,0,0,0,1,0,2,0,8,8,2,5,7,4,6,7,4,11,0,2,1,0,0,0,0,0,0,0,0,0,0,0,0,0,0,0,0,0,0,0,0,0,0,0,0,0,0,0,0,0,0,0,0,0,0,0,0,0,0,0,14,11,18,13,11,17,4294967295,10,17,12
496,1,67,69,3,64,64,0,0,0,66,0,36480,36480,5308,5308,0,7010,29470,0,0,0,1140,36480,2904,1321,32,1023,10,14,0,1048576,0,0,0,inf,inf,1.09133124,0.938643515,1,0,10,67,2,0,51,15,2112,429,1074,1074,86,34368,6581,1321,489,1023,1023,1023,1023,32,0,1023,1,0,3,3,8,8,11,8,9,8,2,4,1,0,0,0,0,0,0,0,0,0,0,0,0,0,0,0,0,0,0,0,0,0,0,0,0,0,0,0,0,0,0,0,0,0,0,0,0,0,0,0,0,0,0,0,0,0,0,0,0,0,0,0,0,3,4,5,8,3,5,4,4,9,6
497,1,68,69,3,64,64,0,0,0,67,0,22784,22784,3331,3331,0,7496,15288,0,0,0,712,22784,2851,1482,32,1023,10,14,0,1048576,0,0,0,inf,inf,1.02853751,0.868269086,1,0,10,68,2,20,46,1,2144,751,645,645,180,20640,6745,1482,1768,1023,1023,1023,1023,516,0,1023,0,0,0,0,1,1,1,5,2,11,7,14,5,3,6,4,2,4,0,1,0,0,0,0,0,0,0,0,0,0,0,0,0,0,0,0,0,0,0,0,0,0,0,0,0,0,0,0,0,0,0,0,0,0,0,0,0,0,0,0,0,0,0,0,0,3,6,5,4,4,5,3,4,4,9
498,1,69,69,1,64,64,0,2,0,68,0,15744,15744,1148,1148,0,6427,9317,0,0,0,492,15744,1822,1210,32,1023,10,14,0,1048576,0,0,0,inf,1.04466641,1.04472947,0.957695305,1,0,10,69,2,45,23,0,2176,992,424,424,232,13568,5435,1210,2722,1023,1023,1023,1023,264,0,1023,0,0,0,0,0,0,0,0,5,3,5,5,5,5,8,3,6,6,4,3,5,1,2,2,0,0,0,0,0,0,0,0,0,0,0,0,0,0,0,0,0,0,0,0,0,0,0,0,0,0,0,0,0,0,0,0,0,0,0,0,0,0,0,0,0,17,18,18,16,19,8,19,10,40,7
499,1,66,69,3,64,64,0,0,0,65,0,29152,29152,2985,2985,0,9456,19696,0,0,0,911,29152,2928,1607,32,1023,10,14,0,1048576,0,0,0,inf,inf,0.992248356,0.902813196,1,0,10,66,2,17,46,2,2080,644,846,846,339,27072,8812,1607,2912,1007,1023,1023,1023,18,0,1023,0,0,0,2,0,5,3,9,3,7,11,5,3,8,1,4,2,2,0,0,0,0,0,0,0,0,0,0,0,0,0,0,0,0,0,0,0,0,0,0,0,0,0,0,0,0,0,0,0,0,0,0,0,0,0,0,0,0,0,0,0,0,0,0,0,3,4,3,6,17,6,3,1,3,6
500,1,68,69,3,64,64,0,0,0,67,0,46848,46848,4488,4488,0,7754,39094,0,0,0,1464,46848,2520,1656,32,1023,10,14,0,1048576,0,0,0,inf,inf,1.06662989,0.983605623,1,0,10,68,2,0,29,38,2144,298,1397,1397,223,44704,7456,1656,1020,255,1023,1023,1023,160,0,1023,1,2,13,12,10,7,11,4,2,2,2,1,0,0,0,0,0,0,0,0,0,0,0,0,0,0,0,0,0,0,0,0,0,0,0,0,0,0,0,0,0,0,0,0,0,0,0,0,0,0,0,0,0,0,0,0,0,0,0,0,0,0,0,0,0,5,7,6,4,3,11,12,5,3,7
501,1,69,69,1,64,64,0,2,0,68,0,15776,15776,1020,1020,0,5989,9787,0,0,0,493,15776,1655,1127,32,1023,10,14,0,1048576,0,0,0,inf,0.96178329,0.96251297,0.847929239,1,0,10,69,2,47,20,1,2176,997,425,425,239,13600,4992,1127,2710,1023,1023,1023,1023,36,0,1023,0,0,1,0,0,0,1,0,5,3,5,4,2,9,5,4,6,2,4,2,7,2,3,3,0,0,0,0,0,0,0,0,0,0,0,0,0,0,0,0,0,0,0,0,0,0,0,0,0,0,0,0,0,0,0,0,0,0,0,0,0,0,0,0,0,8,7,9,7,12,24,11,11,6,8
502,1,68,69,3,64,64,0,0,0,67,0,29408,29408,2189,2189,0,10035,19373,0,0,0,919,29408,2930,1696,32,1023,10,14,0,1048576,0,0,0,inf,inf,0.898604095,0.80583632,1,0,10,68,2,19,45,3,2144,761,852,852,432,27264,9274,1696,4120,1022,1023,1023,1023,65,0,1023,0,0,1,0,2,2,2,3,7,7,9,6,9,4,1,4,0,3,0,1,2,0,3,1,0,0,0,0,0,0,0,0,0,0,0,0,0,0,0,0,0,0,0,0,0,0,0,0,0,0,0,0,0,0,0,0,0,0,0,0,0,0,0,0,0,7,4,4,10,11,4,12,11,4,12
503,0.899999976,69,69,1,64,64,0,2,0,68,0,13760,13760,875,875,0,5570,8190,0,0,0,430,13760,1573,1126,32,1023,10,14,0,1048576,0,0,0,inf,0.976302028,0.976872444,0.884051561,1,0,10,69,2,50,17,1,2176,1103,362,362,218,11584,4467,1126,2464,767,1023,767,767,256,0,767,0,0,1,0,0,0,1,0,3,1,4,6,2,4,4,4,5,4,2,6,7,1,4,6,0,1,1,0,1,0,0,0,0,0,0,0,0,0,0,0,0,0,0,0,0,0,0,0,0,0,0,0,0,0,0,0,0,0,0,0,0,0,0,0,0,7,8,6,19,15,8,18,10,4294967295,9
504,1,68,69,3,64,64,0,0,0,67,0,17152,17152,1195,1195,0,7040,10112,0,0,0,536,17152,1919,1257,32,1023,10,14,0,1048576,0,0,0,inf,inf,0.996966243,0.89263171,1,0,10,68,2,42,25,0,2144,976,469,469,261,15008,6064,1257,3152,1023,1023,1023,1023,256,0,1023,0,0,0,0,0,0,1,1,4,5,4,6,4,5,7,4,3,5,2,2,5,2,4,2,0,0,1,0,0,0,0,0,0,0,0,0,0,0,0,0,0,0,0,0,0,0,0,0,0,0,0,0,0,0,0,0,0,0,0,0,0,0,0,0,0,3,4,20,5,6,18,5,20,22,8
505,1,68,69,3,64,64,0,0,0,67,0,48992,48992,4463,4463,0,7505,41487,0,0,0,1531,48992,2587,1708,32,1023,10,14,0,1048576,0,0,0,inf,inf,1.00452757,0.902520776,1,0,10,68,2,0,29,38,2144,300,1464,1464,227,46848,7205,1708,886,751,1023,1023,1023,17,0,1023,0,2,10,9,17,8,11,5,3,2,0,0,0,0,0,0,0,0,0,0,0,0,0,0,0,0,0,0,0,0,0,0,0,0,0,0,0,0,0,0,0,0,0,0,0,0,0,0,0,0,0,0,0,0,0,0,0,0,0,0,0,0,0,0,0,8,8,10,5,6,13,6,4,8,6
506,1,69,69,2,64,64,0,0,0,68,0,11296,11296,1299,1299,0,4625,6671,0,0,0,353,11296,1351,906,32,1023,10,14,0,1048576,0,0,0,inf,inf,0.976954222,0.814243913,1,0,10,69,2,52,16,0,2176,1039,285,285,154,9120,3586,906,1562,1023,1023,1023,1023,33,0,1023,0,0,0,0,0,0,0,0,2,2,1,6,5,4,9,3,12,5,7,4,5,2,0,0,0,1,0,0,0,0,0,0,0,0,0,0,0,0,0,0,0,0,0,0,0,0,0,0,0,0,0,0,0,0,0,0,0,0,0,0,0,0,0,0,0,6,8,6,11,6,22,10,6,5,21
507,1,67,69,3,64,64,0,0,0,66,0,23808,23808,3330,3330,0,7871,15937,0,0,0,744,23808,2775,1473,32,1023,10,14,0,1048576,0,0,0,inf,inf,0.99276185,0.846433461,1,0,10,67,2,19,44,3,2112,731,678,678,194,21696,7140,1473,1886,1023,1023,1023,1023,581,0,1023,0,0,0,1,2,0,2,4,1,10,9,13,5,3,3,6,3,3,0,1,0,0,0,0,0,0,0,0,0,0,0,0,0,0,0,0,0,0,0,0,0,0,0,0,0,0,0,0,0,0,0,0,0,0,0,0,0,0,0,0,0,0,0,0,0,5,5,5,4,5,3,5,6,3,4
508,1,69,69,1,64,64,0,1,0,68,0,16544,16544,1613,1613,0,6348,10196,0,0,0,517,16544,1942,1192,32,1023,10,14,0,1048576,0,0,0,inf,0.975367069,0.975367069,0.819756031,1,0,10,69,2,41,27,0,2176,923,449,449,217,14368,5425,1192,2245,1023,1023,1023,1023,36,0,1023,0,0,0,0,0,1,2,0,3,5,3,7,6,8,8,3,6,4,4,4,3,0,0,0,0,1,0,0,0,0,0,0,0,0,0,0,0,0,0,0,0,0,0,0,0,0,0,0,0,0,0,0,0,0,0,0,0,0,0,0,0,0,0,0,0,9,9,14,6,11,15,7,11,7,7
509,1,66,69,3,64,64,0,0,0,65,0,44608,44608,4253,4253,0,7835,36773,0,0,0,1394,44608,2972,1734,32,1023,10,14,0,1048576,0,0,0,inf,inf,1.04647684,0.93890655,1,0,10,66,2,0,41,24,2080,330,1329,1329,227,42528,7505,1734,1088,882,1023,1023,1023,130,0,1023,0,2,6,5,11,19,4,11,3,3,1,0,0,0,0,0,0,0,0,0,0,0,0,0,0,0,0,0,0,0,0,0,0,0,0,0,0,0,0,0,0,0,0,0,0,0,0,0,0,0,0,0,0,0,0,0,0,0,0,0,0,0,0,0,0,7,5,4,3,2,16,8,16,2,4
510,1,68,69,3,64,64,0,0,0,67,0,21184,21184,3932,3932,0,7037,14147,0,0,0,662,21184,2810,1364,32,1023,10,14,0,1048576,0,0,0,inf,inf,0.966784775,0.821131349,1,0,10,68,2,18,48,1,2144,728,595,595,127,19040,6309,1364,1212,1023,1023,1023,1023,81,0,1023,0,0,0,0,1,0,3,5,1,11,9,11,8,7,3,6,0,2,0,0,0,0,0,0,0,0,0,0,0,0,0,0,0,0,0,0,0,0,0,0,0,0,0,0,0,0,0,0,0,0,0,0,0,0,0,0,0,0,0,0,0,0,0,0,0,5,6,5,6,7,6,9,6,6,3
511,0.899999976,69,69,1,64,64,0,1,0,68,0,7008,7008,1010,1010,0,3040,3968,0,0,0,219,7008,976,755,32,1007,10,14,0,1048576,0,0,0,inf,0.894539356,0.894539356,0.790486932,1,0,10,69,2,60,8,0,2176,1164,151,151,79,4832,1876,755,755,1007,527,1007,1007,0,0,1007,0,0,0,0,0,0,0,0,0,2,1,5,0,1,7,5,8,8,6,5,6,6,4,3,0,1,0,0,0,0,0,0,0,0,0,0,0,0,0,0,0,0,0,0,0,0,0,0,0,0,0,0,0,0,0,0,0,0,0,0,0,0,0,0,0,8,6,12,7,4294967295,26,9,9,11,8
512,1,67,69,3,64,64,0,0,0,66,0,23744,23744,3267,3267,0,7921,15823,0,0,0,742,23744,2745,1484,32,1023,10,14,0,1048576,0,0,0,inf,inf,1.02079463,0.896367729,1,0,10,67,2,20,43,3,2112,724,676,676,228,21632,7197,1484,2000,1023,1023,1023,1023,80,0,1023,0,0,0,1,2,1,1,4,3,11,8,11,4,4,3,6,3,3,0,1,0,0,0,0,0,0,0,0,0,0,0,0,0,0,0,0,0,0,0,0,0,0,0,0,0,0,0,0,0,0,0,0,0,0,0,0,0,0,0,0,0,0,0,0,0,4,6,4,4,4,3,5,4,4,4
513,1,66,69,3,64,64,0,0,0,65,0,42848,42848,4682,4682,0,7031,35817,0,0,0,1339,42848,2655,1549,32,1023,10,14,0,1048576,0,0,0,inf,inf,1.04938984,0.924661279,1,0,10,66,2,1,36,28,2080,331,1274,1274,124,40768,6700,1549,596,1018,1023,1023,1023,688,0,1023,1,3,8,3,13,11,10,7,3,2,3,0,0,0,0,1,0,0,0,0,0,0,0,0,0,0,0,0,0,0,0,0,0,0,0,0,0,0,0,0,0,0,0,0,0,0,0,0,0,0,0,0,0,0,0,0,0,0,0,0,0,0,0,0,0,3,4,3,3,9,15,2,5,3,6
514,1,69,69,1,64,64,0,2,0,68,0,16224,16224,3161,3161,0,5077,11147,0,0,0,507,16224,2895,1352,32,1023,10,14,0,1048576,0,0,0,inf,0.834452689,0.83517015,0.675127566,1,0,10,69,2,16,50,2,2176,714,439,439,64,14048,4363,1352,877,1023,1023,1023,1023,193,0,1023,0,0,0,0,2,1,6,7,8,12,6,5,5,2,2,3,3,1,1,0,2,0,1,0,0,1,0,0,0,0,0,0,0,0,0,0,0,0,0,0,0,0,0,0,0,0,0,0,0,0,0,0,0,0,0,0,0,0,0,0,0,0,0,0,0,11,10,11,11,11,11,11,11,10,10
515,1,67,69,3,64,64,0,0,0,66,0,23456,23456,3526,3526,0,7731,15725,0,0,0,733,23456,2822,1482,32,1023,10,14,0,1048576,0,0,0,inf,inf,0.982813716,0.833784044,1,0,10,67,2,18,45,3,2112,726,667,667,181,21344,7005,1482,1753,1023,1023,1023,1023,723,0,1023,0,0,0,1,2,0,1,3,4,10,9,14,4,2,4,6,2,3,0,1,0,0,0,0,0,0,0,0,0,0,0,0,0,0,0,0,0,0,0,0,0,0,0,0,0,0,0,0,0,0,0,0,0,0,0,0,0,0,0,0,0,0,0,0,0,5,5,5,3,4,5,6,5,2,9
516,1,68,69,3,64,64,0,0,0,67,0,8256,8256,909,909,0,3712,4544,0,0,0,258,8256,1144,872,32,1023,10,14,0,1048576,0,0,0,inf,inf,0.923871815,0.798367202,1,0,10,68,2,57,10,0,2144,1100,191,191,105,6112,2612,872,1295,1023,1023,1023,1023,8,0,1023,0,0,0,0,0,0,0,0,0,2,0,6,2,4,5,5,13,4,5,9,5,2,2,1,1,1,0,0,0,0,0,0,0,0,0,0,0,0,0,0,0,0,0,0,0,0,0,0,0,0,0,0,0,0,0,0,0,0,0,0,0,0,0,0,0,4,7,19,41,8,8,6,5,10,8
517,1,69,69,1,64,64,0,2,0,68,0,20928,20928,1922,1922,0,7821,13107,0,0,0,654,20928,2283,1351,32,1023,10,14,0,1048576,0,0,0,inf,0.907780528,0.909112155,0.792575538,1,0,10,69,2,33,34,1,2176,875,586,586,257,18752,6946,1351,3001,1023,1023,1023,1023,4,0,1023,0,0,1,0,0,0,3,2,3,6,7,7,6,4,7,3,4,3,4,3,4,0,0,0,0,1,0,0,0,0,0,0,0,0,0,0,0,0,0,0,0,0,0,0,0,0,0,0,0,0,0,0,0,0,0,0,0,0,0,0,0,0,0,0,0,10,10,7,8,11,11,8,8,8,8
518,1,69,69,2,64,64,0,0,0,68,0,11616,11616,1358,1358,0,4646,6970,0,0,0,363,11616,1378,934,32,1023,10,14,0,1048576,0,0,0,inf,inf,0.932744205,0.800702035,1,0,10,69,2,52,16,0,2176,1024,295,295,155,9440,3622,934,1497,1023,1023,1023,1023,0,0,1023,0,0,0,0,0,0,0,1,1,4,1,5,4,5,9,4,11,6,7,2,5,2,0,0,0,1,0,0,0,0,0,0,0,0,0,0,0,0,0,0,0,0,0,0,0,0,0,0,0,0,0,0,0,0,0,0,0,0,0,0,0,0,0,0,0,7,5,8,10,7,8,6,6,9,18
519,1,66,69,3,64,64,0,0,0,65,0,38816,38816,4724,4724,0,6876,31940,0,0,0,1213,38816,2789,1464,32,1023,10,14,0,1048576,0,0,0,inf,inf,1.09077477,0.951524615,1,0,10,66,2,0,43,22,2080,378,1148,1148,125,36736,6498,1464,530,959,1023,1023,1023,32,0,1023,0,2,5,4,11,9,8,10,6,5,1,4,0,0,0,0,0,0,0,0,0,0,0,0,0,0,0,0,0,0,0,0,0,0,0,0,0,0,0,0,0,0,0,0,0,0,0,0,0,0,0,0,0,0,0,0,0,0,0,0,0,0,0,0,0,3,5,3,5,3,3,7,4,2,5
520,1,69,69,2,64,64,0,0,0,68,0,5984,5984,722,722,0,2688,3296,0,0,0,187,5984,928,765,32,1023,10,14,0,1048576,0,0,0,inf,inf,0.895792246,0.791374207,1,0,10,69,2,62,6,0,2176,1131,119,119,71,3808,1557,765,807,1023,1011,1023,1023,576,0,1023,0,0,0,0,0,0,0,0,0,2,0,3,1,9,5,3,9,8,7,5,9,4,1,0,1,1,0,0,0,0,0,0,0,0,0,0,0,0,0,0,0,0,0,0,0,0,0,0,0,0,0,0,0,0,0,0,0,0,0,0,0,0,0,0,0,13,6,19,19,17,58,6,7,7,15
521,1,69,69,2,64,64,0,0,0,68,0,11424,11424,1279,1279,0,4622,6802,0,0,0,357,11424,1441,995,32,1023,10,14,0,1048576,0,0,0,inf,inf,0.958494782,0.832374632,1,0,10,69,2,52,16,0,2176,1049,289,289,143,9248,3573,995,1556,1023,1023,1023,1023,258,0,1023,0,0,0,0,0,0,0,1,1,4,1,6,3,4,6,5,10,5,6,7,5,2,1,0,0,1,0,0,0,0,0,0,0,0,0,0,0,0,0,0,0,0,0,0,0,0,0,0,0,0,0,0,0,0,0,0,0,0,0,0,0,0,0,0,0,7,7,12,8,16,11,10,18,11,8
522,1,69,69,2,64,64,0,0,0,68,0,13696,13696,1735,1735,0,5445,8251,0,0,0,428,13696,1747,1086,32,1023,10,14,0,1048576,0,0,0,inf,inf,0.969934523,0.848584652,1,0,10,69,2,45,23,0,2176,974,360,360,157,11520,4471,1086,1704,1023,1023,1023,1023,128,0,1023,0,0,0,0,0,0,0,1,3,3,5,7,4,9,6,5,8,2,3,4,3,1,2,1,0,1,0,0,0,0,0,0,0,0,0,0,0,0,0,0,0,0,0,0,0,0,0,0,0,0,0,0,0,0,0,0,0,0,0,0,0,0,0,0,0,6,7,7,8,6,17,7,43,13,12
523,1,68,69,3,64,64,0,0,0,67,0,13184,13184,1595,1595,0,5266,7918,0,0,0,412,13184,1665,1064,32,1023,10,14,0,1048576,0,0,0,inf,inf,0.978091002,0.860198081,1,0,10,68,2,46,21,0,2144,983,345,345,167,11040,4283,1064,1608,1023,959,1023,1023,0,0,1023,0,0,0,0,0,0,0,1,5,2,3,7,3,7,5,5,9,2,3,6,4,1,2,1,0,1,0,0,0,0,0,0,0,0,0,0,0,0,0,0,0,0,0,0,0,0,0,0,0,0,0,0,0,0,0,0,0,0,0,0,0,0,0,0,0,9,10,8,11,18,10,9,10,7,13
524,1,69,69,2,64,64,0,0,0,68,0,29888,29888,2843,2843,0,9883,20005,0,0,0,934,29888,3268,1750,32,1023,10,14,0,1048576,0,0,0,inf,inf,0.965441287,0.852973521,1,0,10,69,2,14,53,1,2176,686,866,866,384,27712,9197,1750,3377,511,1023,1023,1023,145,0,1023,0,0,0,1,0,2,4,8,6,11,4,10,8,4,3,6,1,0,0,0,0,0,0,0,0,0,0,0,0,0,0,0,0,0,0,0,0,0,0,0,0,0,0,0,0,0,0,0,0,0,0,0,0,0,0,0,0,0,0,0,0,0,0,0,0,8,6,7,6,16,6,13,8,6,5
525,1,69,69,1,64,64,0,1,0,68,0,9824,9824,1011,1011,0,4158,5666,0,0,0,307,9824,1366,1006,32,1023,10,14,0,1048576,0,0,0,inf,0.984296322,0.989211798,0.889005303,1,0,10,69,2,55,13,0,2176,1137,239,239,124,7648,3021,1006,1413,1023,1023,1023,1023,96,0,1023,0,0,0,0,0,0,0,0,3,2,1,3,4,5,4,3,7,5,5,8,4,4,4,3,0,2,0,0,1,0,0,0,0,0,0,0,0,0,0,0,0,0,0,0,0,0,0,0,0,0,0,0,0,0,0,0,0,0,0,0,0,0,0,0,0,8,9,7,10,14,9,35,4,28,17
526,1,69,69,2,64,64,0,0,0,68,0,10240,10240,1146,1146,0,4069,6171,0,0,0,320,10240,1376,981,32,1023,10,14,0,1048576,0,0,0,inf,inf,1.02555108,0.930758834,1,0,10,69,2,54,14,0,2176,1061,252,252,116,8064,3008,981,1292,1023,1023,1023,1023,324,0,1023,0,0,0,0,0,0,0,0,2,2,2,5,3,8,8,5,7,3,5,7,4,2,2,1,0,2,0,0,0,0,0,0,0,0,0,0,0,0,0,0,0,0,0,0,0,0,0,0,0,0,0,0,0,0,0,0,0,0,0,0,0,0,0,0,0,14,13,23,15,24,14,16,13,16,18
527,1,68,69,3,64,64,0,0,0,67,0,16832,16832,1643,1643,0,6333,10499,0,0,0,526,16832,1908,1229,32,1023,10,14,0,1048576,0,0,0,inf,inf,0.870956421,0.777594209,1,0,10,68,2,41,24,2,2144,918,459,459,227,14688,5415,1229,2130,1023,1023,1023,1023,5,0,1023,0,0,0,1,1,1,0,2,5,4,2,4,6,7,4,4,8,3,5,3,2,3,2,0,0,0,0,0,0,0,0,0,0,0,0,0,0,0,0,0,0,0,0,0,0,0,0,0,0,0,0,0,0,0,0,0,0,0,0,0,0,0,0,0,0,21,28,22,3,13,28,12,13,20,19
528,0.899999976,68,69,3,64,64,0,0,0,67,0,12480,12480,1084,1084,0,5377,7103,0,0,0,390,12480,1497,1041,32,767,10,14,0,1048576,0,0,0,inf,inf,0.930337191,0.805128932,1,0,10,68,2,50,17,0,2144,1095,323,323,187,10336,4282,1041,2165,767,767,767,767,133,0,767,0,0,0,0,0,0,0,0,3,3,4,5,2,4,4,4,5,5,3,5,6,5,1,4,0,2,1,0,1,0,0,0,0,0,0,0,0,0,0,0,0,0,0,0,0,0,0,0,0,0,0,0,0,0,0,0,0,0,0,0,0,0,0,0,0,4,4,4,11,5,55,4,6,4294967295,12
529,1,69,69,1,64,64,0,2,0,68,0,9728,9728,1170,1170,0,3976,5752,0,0,0,304,9728,1280,906,32,1023,10,14,0,1048576,0,0,0,inf,0.892437696,0.893623114,0.761857927,1,0,10,69,2,55,13,0,2176,1111,236,236,116,7552,2865,906,1207,1023,895,1023,1023,2,0,1023,0,0,0,0,0,0,0,2,2,2,1,4,2,8,6,2,7,3,5,5,5,4,5,1,1,2,0,0,1,0,0,0,0,0,0,0,0,0,0,0,0,0,0,0,0,0,0,0,0,0,0,0,0,0,0,0,0,0,0,0,0,0,0,0,0,15,14,11,10,11,12,9,37,13,14
530,1,67,69,3,64,64,0,0,0,66,0,26176,26176,3703,3703,0,8387,17789,0,0,0,818,26176,2998,1484,32,1023,10,14,0,1048576,0,0,0,inf,inf,0.820925593,0.72734046,1,0,10,67,2,15,51,0,2112,628,752,752,240,24064,7759,1484,2019,1023,1023,1023,1023,576,0,1023,0,0,0,0,0,6,5,9,12,6,4,5,4,4,6,4,1,0,0,0,0,0,0,0,0,0,0,0,0,0,0,0,0,0,0,0,0,0,0,0,0,0,0,0,0,0,0,0,0,0,0,0,0,0,0,0,0,0,0,0,0,0,0,0,0,3,3,4,3,3,3,6,5,5,7
531,1,67,69,3,64,64,0,0,0,66,0,37120,37120,4955,4955,0,7131,29989,0,0,0,1160,37120,2881,1362,32,1023,10,14,0,1048576,0,0,0,inf,inf,1.03909862,0.888822973,1,0,10,67,2,0,49,17,2112,434,1094,1094,131,35008,6697,1362,643,1006,1023,1023,1023,290,0,1023,1,0,3,1,12,9,8,7,8,7,3,6,1,0,0,0,0,0,0,0,0,0,0,0,0,0,0,0,0,0,0,0,0,0,0,0,0,0,0,0,0,0,0,0,0,0,0,0,0,0,0,0,0,0,0,0,0,0,0,0,0,0,0,0,0,3,13,3,3,3,9,5,3,7,3
532,1,69,69,2,64,64,0,0,0,68,0,14592,14592,1195,1195,0,5918,8674,0,0,0,456,14592,1772,1172,32,1023,10,14,0,1048576,0,0,0,inf,inf,0.923813701,0.816396713,1,0,10,69,2,46,22,0,2176,997,388,388,202,12416,4921,1172,2342,1023,1023,1023,1023,544,0,1023,0,0,0,0,0,0,0,1,4,2,2,7,6,10,6,3,6,2,4,5,4,2,1,2,0,1,0,0,0,0,0,0,0,0,0,0,0,0,0,0,0,0,0,0,0,0,0,0,0,0,0,0,0,0,0,0,0,0,0,0,0,0,0,0,0,15,9,10,5,8,43,8,25,14,23
533,1,67,69,3,64,64,0,0,0,66,0,29568,29568,3118,3118,0,9500,20068,0,0,0,924,29568,3228,1712,32,1023,10,14,0,1048576,0,0,0,inf,inf,1.02400041,0.923221648,1,0,10,67,2,13,52,1,2112,648,858,858,354,27456,8852,1712,3063,1023,1023,1023,1023,0,0,1023,0,0,0,1,0,1,2,9,9,13,6,7,5,7,2,4,0,0,0,0,0,0,0,0,0,0,0,0,0,0,0,0,0,0,0,0,0,0,0,0,0,0,0,0,0,0,0,0,0,0,0,0,0,0,0,0,0,0,0,0,0,0,0,0,0,9,3,3,4,3,4,6,3,3,9
534,1,67,69,3,64,64,0,0,0,66,0,15712,15712,1061,1061,0,6346,9366,0,0,0,491,15712,1742,1131,32,1023,10,14,0,1048576,0,0,0,inf,inf,1.06100786,0.949845552,1,0,10,67,2,43,23,0,2112,929,425,425,237,13600,5417,1131,2862,1023,987,1023,1023,0,0,1023,0,0,0,0,0,0,2,0,4,4,4,3,6,5,8,4,8,4,3,5,4,2,0,0,0,0,0,0,0,0,0,0,0,0,0,0,0,0,0,0,0,0,0,0,0,0,0,0,0,0,0,0,0,0,0,0,0,0,0,0,0,0,0,0,0,4,3,56,3,5,57,7,3,5,5
535,1,67,69,3,64,64,0,0,0,66,0,46016,46016,4462,4462,0,8298,37718,0,0,0,1438,46016,3086,1682,32,1023,10,14,0,1048576,0,0,0,inf,inf,1.07871389,1.01512861,1,0,10,67,2,0,47,19,2112,388,1372,1372,262,43904,7910,1682,1334,439,1023,1023,1023,0,0,1023,0,1,2,7,9,14,10,8,5,5,1,3,1,0,0,0,0,0,0,0,0,0,0,0,0,0,0,0,0,0,0,0,0,0,0,0,0,0,0,0,0,0,0,0,0,0,0,0,0,0,0,0,0,0,0,0,0,0,0,0,0,0,0,0,0,23,9,9,8,7,11,13,2,3,3
536,1,67,69,3,64,64,0,0,0,66,0,35264,35264,3093,3093,0,11345,23919,0,0,0,1102,35264,3477,1856,32,1023,10,14,0,1048576,0,0,0,inf,inf,1.08102202,1.00169635,1,0,10,67,2,7,57,2,2112,607,1036,1036,466,33152,10738,1856,4027,509,1023,1023,1023,86,0,1023,0,0,0,1,1,1,4,11,9,10,9,9,4,4,2,1,0,0,0,0,0,0,0,0,0,0,0,0,0,0,0,0,0,0,0,0,0,0,0,0,0,0,0,0,0,0,0,0,0,0,0,0,0,0,0,0,0,0,0,0,0,0,0,0,0,4,8,4,4,7,4,25,4,10,25
537,0.899999976,68,69,3,64,64,0,0,0,67,0,6016,6016,486,486,0,3022,2994,0,0,0,188,6016,1091,937,32,1007,10,14,0,1048576,0,0,0,inf,inf,1.01137388,0.909028769,1,0,10,68,2,61,6,0,2144,1190,121,121,73,3872,1832,937,1225,1007,395,1007,1007,0,0,1007,0,0,0,0,0,0,0,0,0,0,1,4,1,1,4,6,10,9,2,7,8,4,3,3,1,1,0,1,1,0,0,0,0,0,0,0,0,0,0,0,0,0,0,0,0,0,0,0,0,0,0,0,0,0,0,0,0,0,0,0,0,0,0,0,0,8,5,19,9,4294967295,22,8,6,20,11
538,1,68,69,3,64,64,0,0,0,67,0,32672,32672,3177,3177,0,10323,22349,0,0,0,1021,32672,3272,1789,32,1023,10,14,0,1048576,0,0,0,inf,inf,1.11025584,0.996430874,1,0,10,68,2,12,52,3,2144,635,954,954,372,30528,9688,1789,3505,383,1023,1023,1023,513,0,1023,0,0,0,2,1,2,4,10,6,10,11,6,3,5,2,3,1,1,0,0,0,0,0,0,0,0,0,0,0,0,0,0,0,0,0,0,0,0,0,0,0,0,0,0,0,0,0,0,0,0,0,0,0,0,0,0,0,0,0,0,0,0,0,0,0,18,3,6,4,3,3,4,5,23,34
539,1,68,69,3,64,64,0,0,0,67,0,11840,11840,1507,1507,0,4709,7131,0,0,0,370,11840,1624,1032,32,1023,10,14,0,1048576,0,0,0,inf,inf,0.995816231,0.842238188,1,0,10,68,2,47,20,0,2144,1051,303,303,131,9696,3658,1032,1441,1023,1023,1023,1023,4,0,1023,0,0,0,0,0,2,0,1,0,3,4,4,6,1,5,2,5,6,6,7,7,5,1,1,0,1,0,0,0,0,0,0,0,0,0,0,0,0,0,0,0,0,0,0,0,0,0,0,0,0,0,0,0,0,0,0,0,0,0,0,0,0,0,0,0,11,10,11,12,4,17,11,10,4,11
540,1,68,69,3,64,64,0,0,0,67,0,28128,28128,1818,1818,0,9449,18679,0,0,0,879,28128,2739,1566,32,1023,10,14,0,1048576,0,0,0,inf,inf,0.965641916,0.882690966,1,0,10,68,2,23,43,1,2144,750,812,812,409,25984,8699,1566,4208,959,1023,1023,1023,4,0,1023,0,0,1,0,0,2,2,6,7,3,10,9,4,7,5,3,2,1,1,2,1,0,0,1,0,0,0,0,0,0,0,0,0,0,0,0,0,0,0,0,0,0,0,0,0,0,0,0,0,0,0,0,0,0,0,0,0,0,0,0,0,0,0,0,0,5,4,14,5,11,13,6,12,10,4
541,1,67,69,3,64,64,0,0,0,66,0,39104,39104,4996,4996,0,7243,31861,0,0,0,1222,39104,2856,1409,32,1023,10,14,0,1048576,0,0,0,inf,inf,1.07768047,0.994253755,1,0,10,67,2,0,47,19,2112,409,1156,1156,122,36992,6834,1409,654,1023,1023,1023,1023,512,0,1023,1,1,2,3,12,8,9,9,8,8,2,2,1,0,0,0,0,0,0,0,0,0,0,0,0,0,0,0,0,0,0,0,0,0,0,0,0,0,0,0,0,0,0,0,0,0,0,0,0,0,0,0,0,0,0,0,0,0,0,0,0,0,0,0,0,5,2,8,4,3,3,9,3,3,6
542,1,68,69,3,64,64,0,0,0,67,0,31360,31360,2944,2944,0,10133,21227,0,0,0,980,31360,3137,1728,32,1023,10,14,0,1048576,0,0,0,inf,inf,1.05619752,0.977376163,1,0,10,68,2,15,49,3,2144,668,913,913,380,29216,9465,1728,3335,1013,1023,1023,1023,300,0,1023,0,0,0,2,1,2,2,11,6,6,12,6,4,3,5,2,1,4,0,0,0,0,0,0,0,0,0,0,0,0,0,0,0,0,0,0,0,0,0,0,0,0,0,0,0,0,0,0,0,0,0,0,0,0,0,0,0,0,0,0,0,0,0,0,0,3,4,13,6,4,11,4,4,9,3
543,1,69,69,2,64,64,0,0,0,68,0,10368,10368,1221,1221,0,4232,6136,0,0,0,324,10368,1334,942,32,1023,10,14,0,1048576,0,0,0,inf,inf,0.994347513,0.872428656,1,0,10,69,2,54,14,0,2176,1061,256,256,132,8192,3171,942,1345,1023,1023,1023,1023,5,0,1023,0,0,0,0,0,0,0,1,1,4,1,5,2,4,7,5,10,5,6,7,5,3,1,0,0,1,0,0,0,0,0,0,0,0,0,0,0,0,0,0,0,0,0,0,0,0,0,0,0,0,0,0,0,0,0,0,0,0,0,0,0,0,0,0,0,6,6,22,11,8,10,24,4,5,9
544,1,67,69,3,64,64,0,0,0,66,0,42336,42336,4699,4699,0,8094,34242,0,0,0,1323,42336,3008,1573,32,1023,10,14,0,1048576,0,0,0,inf,inf,1.03509617,0.917258501,1,0,10,67,2,0,47,19,2112,402,1257,1257,217,40224,7692,1573,1102,879,1023,1023,1023,256,0,1023,1,0,7,2,9,10,8,9,8,5,2,4,1,0,0,0,0,0,0,0,0,0,0,0,0,0,0,0,0,0,0,0,0,0,0,0,0,0,0,0,0,0,0,0,0,0,0,0,0,0,0,0,0,0,0,0,0,0,0,0,0,0,0,0,0,4,8,12,7,7,4,5,4,6,6
545,1,69,69,2,64,64,0,0,0,68,0,6080,6080,875,875,0,2774,3306,0,0,0,190,6080,945,774,32,1023,10,14,0,1048576,0,0,0,inf,inf,0.937589169,0.843885481,1,0,10,69,2,62,6,0,2176,1150,122,122,50,3904,1624,774,632,1023,959,1023,1023,0,0,1023,0,0,0,0,0,0,0,0,2,1,1,0,2,3,6,9,6,8,5,9,8,3,2,0,2,1,0,0,0,0,0,0,0,0,0,0,0,0,0,0,0,0,0,0,0,0,0,0,0,0,0,0,0,0,0,0,0,0,0,0,0,0,0,0,0,6,41,13,14,9,11,6,7,9,10
546,1,69,69,2,64,64,0,0,0,68,0,11232,11232,710,710,0,4899,6333,0,0,0,351,11232,1454,1088,32,1023,10,14,0,1048576,0,0,0,inf,inf,1.01607132,0.931804895,1,0,10,69,2,54,14,0,2176,1109,283,283,171,9056,3790,1088,2039,1023,189,1023,1023,16,0,1023,0,0,0,0,0,0,0,1,1,4,3,3,2,3,3,6,7,8,6,6,4,5,1,2,0,2,0,1,0,0,0,0,0,0,0,0,0,0,0,0,0,0,0,0,0,0,0,0,0,0,0,0,0,0,0,0,0,0,0,0,0,0,0,0,0,4,15,22,4,23,23,11,5,61,8
547,1,67,69,3,64,64,0,0,0,66,0,27456,27456,2844,2844,0,8953,18503,0,0,0,858,27456,2838,1580,32,1023,10,14,0,1048576,0,0,0,inf,inf,1.04338956,0.936603069,1,0,10,67,2,20,44,2,2112,729,792,792,301,25344,8224,1580,2811,991,1023,1023,1023,168,0,1023,0,0,0,2,0,0,2,8,4,6,8,8,8,3,4,5,1,7,0,0,0,0,0,0,0,0,0,0,0,0,0,0,0,0,0,0,0,0,0,0,0,0,0,0,0,0,0,0,0,0,0,0,0,0,0,0,0,0,0,0,0,0,0,0,0,3,3,4,5,4,61,11,5,4,3
548,1,68,69,3,64,64,0,0,0,67,0,11072,11072,1283,1283,0,4703,6369,0,0,0,346,11072,1291,881,32,1023,10,14,0,1048576,0,0,0,inf,inf,0.966745257,0.844453931,1,0,10,68,2,52,15,0,2144,1035,279,279,151,8928,3668,881,1619,1023,1023,1023,1023,0,0,1023,0,0,0,0,0,0,0,0,2,4,3,3,3,6,7,8,6,3,6,4,4,3,2,2,1,0,0,0,0,0,0,0,0,0,0,0,0,0,0,0,0,0,0,0,0,0,0,0,0,0,0,0,0,0,0,0,0,0,0,0,0,0,0,0,0,10,7,7,9,7,11,7,8,9,8
549,1,66,69,3,64,64,0,0,0,65,0,24288,24288,3225,3225,0,7868,16420,0,0,0,759,24288,2703,1423,32,1023,10,14,0,1048576,0,0,0,inf,inf,0.973089695,0.845456779,1,0,10,66,2,20,43,2,2080,653,694,694,226,22208,7215,1423,2192,1023,1023,1023,1023,12,0,1023,0,0,0,1,1,5,3,6,7,7,7,5,3,7,7,5,0,1,0,0,0,0,0,0,0,0,0,0,0,0,0,0,0,0,0,0,0,0,0,0,0,0,0,0,0,0,0,0,0,0,0,0,0,0,0,0,0,0,0,0,0,0,0,0,0,2,1,4,6,2,3,1,3,3,3
550,1,68,69,3,64,64,0,0,0,67,0,45856,45856,4606,4606,0,7729,38127,0,0,0,1433,45856,2584,1638,32,1023,10,14,0,1048576,0,0,0,inf,inf,1.02721047,0.920828581,1,0,10,68,2,0,31,36,2144,324,1366,1366,197,43712,7405,1638,882,947,1023,1023,1023,27,0,1023,0,2,10,12,12,5,10,6,4,4,0,1,1,0,0,0,0,0,0,0,0,0,0,0,0,0,0,0,0,0,0,0,0,0,0,0,0,0,0,0,0,0,0,0,0,0,0,0,0,0,0,0,0,0,0,0,0,0,0,0,0,0,0,0,0,5,4,4,7,22,4,11,21,3,23
551,1,68,69,3,64,64,0,0,0,67,0,14112,14112,1769,1769,0,5746,8366,0,0,0,441,14112,1688,1058,32,1023,10,14,0,1048576,0,0,0,inf,inf,0.966420889,0.834079444,1,0,10,68,2,45,22,0,2144,947,374,374,185,11968,4799,1058,1861,1023,1023,1023,1023,2,0,1023,0,0,0,0,0,0,0,0,5,4,5,5,3,8,8,5,6,5,3,4,4,0,0,1,0,1,0,0,0,0,0,0,0,0,0,0,0,0,0,0,0,0,0,0,0,0,0,0,0,0,0,0,0,0,0,0,0,0,0,0,0,0,0,0,0,7,29,9,4,8,17,4,9,8,8
552,1,69,69,1,64,64,0,2,0,68,0,14048,14048,1983,1983,0,5804,8244,0,0,0,439,14048,1776,1124,32,1023,10,14,0,1048576,0,0,0,inf,1.0247395,1.02558184,0.936436415,1,0,10,69,2,45,23,0,2176,1009,371,371,149,11872,4795,1124,1697,1023,1023,1023,1023,384,0,1023,0,0,0,0,0,0,0,0,4,5,2,8,4,3,6,5,7,6,4,3,5,2,1,2,0,1,0,0,0,0,0,0,0,0,0,0,0,0,0,0,0,0,0,0,0,0,0,0,0,0,0,0,0,0,0,0,0,0,0,0,0,0,0,0,0,7,8,8,10,19,22,8,15,26,7
553,1,67,69,3,64,64,0,0,0,66,0,36320,36320,5045,5045,0,7058,29262,0,0,0,1135,36320,2914,1396,32,1023,10,14,0,1048576,0,0,0,inf,inf,0.99917388,0.860767245,1,0,10,67,2,0,49,17,2112,441,1069,1069,117,34208,6617,1396,560,510,1023,1023,1023,8,0,1023,1,0,3,2,11,6,8,9,8,8,3,6,1,0,0,0,0,0,0,0,0,0,0,0,0,0,0,0,0,0,0,0,0,0,0,0,0,0,0,0,0,0,0,0,0,0,0,0,0,0,0,0,0,0,0,0,0,0,0,0,0,0,0,0,0,3,3,3,15,6,2,3,5,5,3
554,1,69,69,2,64,64,0,0,0,68,0,13152,13152,1646,1646,0,5339,7813,0,0,0,411,13152,1554,986,32,1023,10,14,0,1048576,0,0,0,inf,inf,0.965741515,0.840426505,1,0,10,69,2,48,20,0,2176,970,343,343,167,10976,4369,986,1696,1023,1023,1023,1023,0,0,1023,0,0,0,0,0,0,0,0,4,5,3,4,4,10,7,7,8,4,4,1,4,1,0,0,0,2,0,0,0,0,0,0,0,0,0,0,0,0,0,0,0,0,0,0,0,0,0,0,0,0,0,0,0,0,0,0,0,0,0,0,0,0,0,0,0,8,7,6,7,8,8,6,5,11,9
555,1,67,69,3,64,64,0,0,0,66,0,37856,37856,5017,5017,0,6927,30929,0,0,0,1183,37856,2708,1316,32,1023,10,14,0,1048576,0,0,0,inf,inf,1.03479648,0.929787278,1,0,10,67,2,0,45,21,2112,390,1117,1117,139,35744,6537,1316,540,1015,1023,1023,1023,0,0,1023,1,0,4,5,11,9,9,10,7,6,1,2,1,0,0,0,0,0,0,0,0,0,0,0,0,0,0,0,0,0,0,0,0,0,0,0,0,0,0,0,0,0,0,0,0,0,0,0,0,0,0,0,0,0,0,0,0,0,0,0,0,0,0,0,0,4,3,5,5,4,4,3,4,2,8
556,1,66,69,3,64,64,0,0,0,65,0,27456,27456,3655,3655,0,8764,18692,0,0,0,858,27456,3224,1680,32,1023,10,14,0,1048576,0,0,0,inf,inf,0.964655519,0.829297841,1,0,10,66,2,11,52,2,2080,617,793,793,258,25376,8147,1680,2272,1023,1023,1023,1023,1,0,1023,0,0,0,1,1,3,1,10,9,10,5,12,2,6,2,3,0,0,0,0,0,0,0,0,0,0,0,0,0,0,0,0,0,0,0,0,0,0,0,0,0,0,0,0,0,0,0,0,0,0,0,0,0,0,0,0,0,0,0,0,0,0,0,0,0,11,3,3,2,3,3,2,3,3,3
557,1,68,69,3,64,64,0,0,0,67,0,12352,12352,1413,1413,0,5103,7249,0,0,0,386,12352,1442,957,32,1023,10,14,0,1048576,0,0,0,inf,inf,0.90735656,0.777726531,1,0,10,68,2,50,17,0,2144,1010,319,319,143,10208,4093,957,1559,1023,1023,1023,1023,0,0,1023,0,0,0,0,0,0,0,0,3,5,4,2,3,8,6,6,6,4,5,4,5,2,1,2,0,1,0,0,0,0,0,0,0,0,0,0,0,0,0,0,0,0,0,0,0,0,0,0,0,0,0,0,0,0,0,0,0,0,0,0,0,0,0,0,0,4,8,6,6,4,5,18,5,3,11
558,1,67,69,3,64,64,0,0,0,66,0,43616,43616,4898,4898,0,7042,36574,0,0,0,1363,43616,2452,1529,32,1023,10,14,0,1048576,0,0,0,inf,inf,1.10581136,0.964256525,1,0,10,67,2,0,30,36,2112,305,1297,1297,98,41504,6737,1529,463,959,1023,1023,1023,146,0,1023,3,2,8,9,14,7,8,8,2,3,0,2,0,0,0,0,0,0,0,0,0,0,0,0,0,0,0,0,0,0,0,0,0,0,0,0,0,0,0,0,0,0,0,0,0,0,0,0,0,0,0,0,0,0,0,0,0,0,0,0,0,0,0,0,0,4,4,3,5,9,16,3,4,5,2
559,1,68,69,3,64,64,0,0,0,67,0,32512,32512,4048,4048,0,9935,22577,0,0,0,1016,32512,3527,1845,32,1023,10,14,0,1048576,0,0,0,inf,inf,1.03109193,0.946756959,1,0,10,68,2,7,57,3,2144,601,949,949,296,30368,9334,1845,2463,895,1023,1023,1023,268,0,1023,0,0,0,2,1,1,3,14,10,8,12,7,2,4,0,3,0,0,0,0,0,0,0,0,0,0,0,0,0,0,0,0,0,0,0,0,0,0,0,0,0,0,0,0,0,0,0,0,0,0,0,0,0,0,0,0,0,0,0,0,0,0,0,0,0,3,6,4,4,13,6,13,4,13,12
560,1,69,69,2,64,64,0,0,0,68,0,11232,11232,971,971,0,4821,6411,0,0,0,351,11232,1382,976,32,1023,10,14,0,1048576,0,0,0,inf,inf,0.911215842,0.793515623,1,0,10,69,2,53,15,0,2176,1039,283,283,163,9056,3782,976,1864,1023,895,1023,1023,0,0,1023,0,0,0,0,0,0,0,0,3,1,4,4,3,8,9,6,3,6,6,6,3,2,2,1,0,1,0,0,0,0,0,0,0,0,0,0,0,0,0,0,0,0,0,0,0,0,0,0,0,0,0,0,0,0,0,0,0,0,0,0,0,0,0,0,0,5,6,6,7,6,5,6,8,11,21
561,1,69,69,2,64,64,0,0,0,68,0,8000,8000,687,687,0,3520,4480,0,0,0,250,8000,1128,894,32,1023,10,14,0,1048576,0,0,0,inf,inf,1.01702833,0.899878144,1,0,10,69,2,59,9,0,2176,1136,182,182,110,5824,2384,894,1354,1023,733,1023,1023,16,0,1023,0,0,0,0,0,0,0,0,0,3,2,3,1,7,6,7,4,5,6,4,6,8,1,1,2,2,0,0,0,0,0,0,0,0,0,0,0,0,0,0,0,0,0,0,0,0,0,0,0,0,0,0,0,0,0,0,0,0,0,0,0,0,0,0,0,8,9,6,11,9,27,6,4,26,11
562,1,68,69,3,64,64,0,0,0,67,0,33760,33760,4057,4057,0,10278,23482,0,0,0,1055,33760,3748,1896,32,1023,10,14,0,1048576,0,0,0,inf,inf,0.988157988,0.882610738,1,0,10,68,2,3,63,1,2144,575,988,988,349,31616,9703,1896,2767,1015,1023,1023,1023,544,0,1023,0,0,0,1,0,6,4,9,13,10,13,6,2,2,0,1,0,0,0,0,0,0,0,0,0,0,0,0,0,0,0,0,0,0,0,0,0,0,0,0,0,0,0,0,0,0,0,0,0,0,0,0,0,0,0,0,0,0,0,0,0,0,0,0,0,3,3,8,8,4,9,8,5,4,12
563,1,69,69,2,64,64,0,0,0,68,0,10944,10944,1195,1195,0,4691,6253,0,0,0,342,10944,1307,895,32,1023,10,14,0,1048576,0,0,0,inf,inf,0.910681844,0.783644199,1,0,10,69,2,53,15,0,2176,1029,274,274,140,8768,3662,895,1627,1023,1019,1023,1023,0,0,1023,0,0,0,0,0,0,0,0,1,4,3,4,3,8,7,9,5,5,6,4,5,2,1,0,0,1,0,0,0,0,0,0,0,0,0,0,0,0,0,0,0,0,0,0,0,0,0,0,0,0,0,0,0,0,0,0,0,0,0,0,0,0,0,0,0,8,6,6,11,10,5,5,9,7,5
564,1,68,69,3,64,64,0,0,0,67,0,10912,10912,1331,1331,0,4504,6408,0,0,0,341,10912,1278,851,32,1023,10,14,0,1048576,0,0,0,inf,inf,0.951003075,0.799099505,1,0,10,68,2,52,15,0,2144,1004,274,274,138,8768,3500,851,1370,1023,1023,1023,1023,0,0,1023,0,0,0,0,0,0,0,0,4,3,1,4,3,10,7,7,8,2,5,1,7,2,2,0,0,1,0,0,0,0,0,0,0,0,0,0,0,0,0,0,0,0,0,0,0,0,0,0,0,0,0,0,0,0,0,0,0,0,0,0,0,0,0,0,0,5,5,3,4,7,9,4,5,6,4
565,1,69,69,2,64,64,0,0,0,68,0,7424,7424,818,818,0,3361,4063,0,0,0,232,7424,1010,790,32,1023,10,14,0,1048576,0,0,0,inf,inf,0.922140837,0.801319003,1,0,10,69,2,60,8,0,2176,1143,164,164,100,5248,2218,790,1103,1023,959,1023,1023,0,0,1023,0,0,0,0,0,0,0,0,1,2,2,3,0,9,6,2,6,5,6,5,7,5,6,1,1,1,0,0,0,0,0,0,0,0,0,0,0,0,0,0,0,0,0,0,0,0,0,0,0,0,0,0,0,0,0,0,0,0,0,0,0,0,0,0,0,11,9,6,6,10,28,9,5,5,18
566,1,69,69,2,64,64,0,0,0,68,0,11680,11680,1521,1521,0,4828,6852,0,0,0,365,11680,1467,984,32,1023,10,14,0,1048576,0,0,0,inf,inf,0.935608745,0.824988484,1,0,10,69,2,51,17,0,2176,1047,297,297,124,9504,3781,984,1447,1023,1023,1023,1023,0,0,1023,0,0,0,0,0,0,0,0,2,4,1,6,4,8,5,5,7,6,4,3,6,2,2,1,0,2,0,0,0,0,0,0,0,0,0,0,0,0,0,0,0,0,0,0,0,0,0,0,0,0,0,0,0,0,0,0,0,0,0,0,0,0,0,0,0,6,8,7,7,7,5,18,15,6,11
567,1,67,69,3,64,64,0,0,0,66,0,29120,29120,3637,3637,0,8950,20170,0,0,0,910,29120,3297,1719,32,1023,10,14,0,1048576,0,0,0,inf,inf,0.990255058,0.826525927,1,0,10,67,2,11,53,2,2112,607,844,844,256,27008,8343,1719,2315,1023,1023,1023,1023,40,0,1023,0,0,0,1,1,5,1,9,14,9,8,5,2,4,3,4,0,0,0,0,0,0,0,0,0,0,0,0,0,0,0,0,0,0,0,0,0,0,0,0,0,0,0,0,0,0,0,0,0,0,0,0,0,0,0,0,0,0,0,0,0,0,0,0,0,3,7,3,16,4,4,3,4,4,3
568,1,67,69,3,64,64,0,0,0,66,0,24704,24704,3520,3520,0,8056,16648,0,0,0,772,24704,2976,1531,32,1023,10,14,0,1048576,0,0,0,inf,inf,0.934423566,0.807624578,1,0,10,67,2,17,49,0,2112,709,706,706,210,22592,7347,1531,2050,511,1023,1023,1023,577,0,1023,0,0,0,0,0,1,3,5,4,12,8,10,6,6,3,4,0,3,1,0,0,0,0,0,0,0,0,0,0,0,0,0,0,0,0,0,0,0,0,0,0,0,0,0,0,0,0,0,0,0,0,0,0,0,0,0,0,0,0,0,0,0,0,0,0,3,3,2,2,4,2,4,3,2,5
569,1,69,69,1,64,64,0,1,0,68,0,4896,4896,734,734,0,2444,2452,0,0,0,153,4896,813,701,32,1023,10,14,0,1048576,0,0,0,inf,0.844371557,0.844371557,0.739707589,1,0,10,69,2,64,4,0,2176,1204,85,85,53,2720,1240,701,715,1023,1007,1023,1023,0,0,1023,0,0,0,0,0,0,0,0,0,2,0,2,0,6,4,3,6,7,9,9,7,3,3,2,3,2,0,0,0,0,0,0,0,0,0,0,0,0,0,0,0,0,0,0,0,0,0,0,0,0,0,0,0,0,0,0,0,0,0,0,0,0,0,0,0,6,6,13,5,7,20,6,19,8,12
570,1,69,69,2,64,64,0,0,0,68,0,5408,5408,778,778,0,2486,2922,0,0,0,169,5408,836,697,32,1023,10,14,0,1048576,0,0,0,inf,inf,0.916154027,0.771281004,1,0,10,69,2,63,5,0,2176,1169,101,101,61,3232,1317,697,697,1023,1021,1023,1023,0,0,1023,0,0,0,0,0,0,0,0,0,1,1,3,0,11,4,2,10,4,5,6,7,3,6,1,2,2,0,0,0,0,0,0,0,0,0,0,0,0,0,0,0,0,0,0,0,0,0,0,0,0,0,0,0,0,0,0,0,0,0,0,0,0,0,0,0,8,8,6,6,5,16,6,7,8,11
571,1,69,69,1,64,64,0,1,0,68,0,18752,18752,1229,1229,0,6725,12027,0,0,0,586,18752,1885,1193,32,1023,10,14,0,1048576,0,0,0,inf,0.855157137,0.855157137,0.754132867,1,0,10,69,2,41,26,1,2176,950,518,518,266,16576,5775,1193,3002,1023,1023,1023,1023,16,0,1023,0,0,1,0,0,2,1,1,2,4,7,7,2,9,5,2,5,1,5,1,5,2,4,0,1,1,0,0,0,0,0,0,0,0,0,0,0,0,0,0,0,0,0,0,0,0,0,0,0,0,0,0,0,0,0,0,0,0,0,0,0,0,0,0,0,7,6,11,5,24,6,7,6,10,6
572,1,69,69,2,64,64,0,0,0,68,0,2816,2816,880,880,0,1766,1050,0,0,0,88,2816,690,649,32,1023,10,14,0,1048576,0,0,0,inf,inf,0.795257688,0.700915575,1,0,10,69,2,67,1,0,2176,1426,20,20,12,640,340,649,132,1023,487,1023,1023,0,0,1023,0,0,0,0,0,0,0,0,0,0,0,0,1,1,1,2,8,2,7,6,4,4,8,5,3,5,2,4,3,1,1,0,0,0,0,0,0,0,0,0,0,0,0,0,0,0,0,0,0,0,0,0,0,0,0,0,0,0,0,0,0,0,0,0,0,8,8,7,8,5,8,8,16,22,10
573,1,67,69,3,64,64,0,0,0,66,0,23520,23520,3857,3857,0,7876,15644,0,0,0,735,23520,2799,1377,32,1023,10,14,0,1048576,0,0,0,inf,inf,0.852171242,0.737162709,1,0,10,67,2,18,48,0,2112,720,669,669,183,21408,7156,1377,1825,1023,1023,1023,1023,833,0,1023,0,0,0,0,0,0,3,5,5,8,10,10,7,8,1,5,0,4,0,0,0,0,0,0,0,0,0,0,0,0,0,0,0,0,0,0,0,0,0,0,0,0,0,0,0,0,0,0,0,0,0,0,0,0,0,0,0,0,0,0,0,0,0,0,0,3,2,3,2,3,2,3,7,4,6
574,1,68,69,3,64,64,0,0,0,67,0,9024,9024,941,941,0,4052,4972,0,0,0,282,9024,1107,809,32,1023,10,14,0,1048576,0,0,0,inf,inf,1.02291548,0.917357981,1,0,10,68,2,56,11,0,2144,1144,215,215,127,6880,2908,809,1690,1023,510,1023,1023,0,0,1023,0,0,0,0,0,0,1,0,0,1,1,7,1,8,1,2,4,6,8,5,8,2,4,7,0,0,1,0,0,0,0,0,0,0,0,0,0,0,0,0,0,0,0,0,0,0,0,0,0,0,0,0,0,0,0,0,0,0,0,0,0,0,0,0,0,5,6,5,4,3,6,4,6,3,8
575,1,67,69,3,64,64,0,0,0,66,0,12640,12640,1125,1125,0,5164,7476,0,0,0,395,12640,1576,1039,32,1023,10,14,0,1048576,0,0,0,inf,inf,1.04061794,0.901053309,1,0,10,67,2,46,20,0,2112,1007,329,329,166,10528,4157,1039,2112,1023,1023,1023,1023,546,0,1023,0,0,0,0,0,1,2,0,1,0,3,7,6,4,4,4,7,8,5,1,4,5,2,1,0,0,1,0,0,0,0,0,0,0,0,0,0,0,0,0,0,0,0,0,0,0,0,0,0,0,0,0,0,0,0,0,0,0,0,0,0,0,0,0,0,2,3,4,7,2,5,3,7,10,5
576,1,67,69,3,64,64,0,0,0,66,0,12896,12896,1258,1258,0,5131,7765,0,0,0,403,12896,1506,983,32,1023,10,14,0,1048576,0,0,0,inf,inf,1.03309917,0.929652989,1,0,10,67,2,47,19,0,2112,994,337,337,170,10784,4137,983,2011,1023,887,1023,1023,0,0,1023,0,0,0,0,0,0,2,1,0,3,2,9,2,4,6,4,6,8,5,5,5,0,1,2,1,0,0,0,0,0,0,0,0,0,0,0,0,0,0,0,0,0,0,0,0,0,0,0,0,0,0,0,0,0,0,0,0,0,0,0,0,0,0,0,0,3,15,16,10,18,2,2,10,23,13
577,1,67,69,3,64,64,0,0,0,66,0,11968,11968,952,952,0,4904,7064,0,0,0,374,11968,1415,981,32,1023,10,14,0,1048576,0,0,0,inf,inf,0.996290505,0.905437112,1,0,10,67,2,50,16,0,2112,1007,308,308,172,9856,3897,981,2092,1023,1023,1023,1023,66,0,1023,0,0,0,0,0,0,1,0,3,1,5,6,0,5,8,3,8,6,4,3,6,4,2,1,0,0,0,0,0,0,0,0,0,0,0,0,0,0,0,0,0,0,0,0,0,0,0,0,0,0,0,0,0,0,0,0,0,0,0,0,0,0,0,0,0,14,3,2,25,4,6,26,16,15,16
578,1,66,69,3,64,64,0,0,0,65,0,9600,9600,936,936,0,4002,5598,0,0,0,300,9600,1231,876,32,1023,10,14,0,1048576,0,0,0,inf,inf,0.970630646,0.860598683,1,0,10,66,2,52,13,0,2080,1022,235,235,122,7520,2980,876,1489,1023,1023,1023,1023,256,0,1023,0,0,0,0,0,0,1,0,0,1,2,6,3,2,11,5,8,6,4,4,6,2,2,2,0,0,0,0,0,0,0,0,0,0,0,0,0,0,0,0,0,0,0,0,0,0,0,0,0,0,0,0,0,0,0,0,0,0,0,0,0,0,0,0,0,2,8,3,4,8,6,2,3,23,2
579,1,69,69,1,64,64,0,2,0,68,0,11904,11904,1400,1400,0,4395,7509,0,0,0,372,11904,1534,991,32,1023,10,14,0,1048576,0,0,0,inf,0.969606221,0.969940424,0.839692533,1,0,10,69,2,49,19,0,2176,1011,304,304,130,9728,3384,991,1417,1023,1023,1023,1023,512,0,1023,0,0,0,0,0,2,0,0,4,0,3,5,5,6,5,7,6,6,7,5,2,1,2,1,1,0,0,0,0,0,0,0,0,0,0,0,0,0,0,0,0,0,0,0,0,0,0,0,0,0,0,0,0,0,0,0,0,0,0,0,0,0,0,0,0,7,8,7,7,7,36,6,8,7,9
580,1,67,69,3,64,64,0,0,0,66,0,23872,23872,2490,2490,0,8176,15696,0,0,0,746,23872,2803,1524,32,1023,10,14,0,1048576,0,0,0,inf,inf,1.02311063,0.902644515,1,0,10,67,2,20,45,1,2112,712,680,680,306,21760,7464,1524,2880,1023,1023,1023,1023,800,0,1023,0,0,0,0,1,1,4,4,5,6,7,12,6,5,8,6,1,0,0,0,0,0,0,0,0,0,0,0,0,0,0,0,0,0,0,0,0,0,0,0,0,0,0,0,0,0,0,0,0,0,0,0,0,0,0,0,0,0,0,0,0,0,0,0,0,5,5,2,3,29,7,6,6,7,7
581,1,68,69,3,64,64,0,0,0,67,0,25664,25664,2567,2567,0,8690,16974,0,0,0,802,25664,2807,1546,32,1023,10,14,0,1048576,0,0,0,inf,inf,1.0083884,0.900640011,1,0,10,68,2,21,45,1,2144,719,735,735,316,23520,7971,1546,3208,1007,1023,1023,1023,192,0,1023,0,0,0,0,1,1,6,1,8,6,6,12,5,6,9,3,3,0,0,0,0,0,0,0,0,0,0,0,0,0,0,0,0,0,0,0,0,0,0,0,0,0,0,0,0,0,0,0,0,0,0,0,0,0,0,0,0,0,0,0,0,0,0,0,0,3,2,3,7,58,3,59,4,3,5
582,1,67,69,3,64,64,0,0,0,66,0,18240,18240,2159,2159,0,6892,11348,0,0,0,570,18240,2092,1178,32,1023,10,14,0,1048576,0,0,0,inf,inf,1.0668478,0.970594466,1,0,10,67,2,34,32,0,2112,871,504,504,187,16128,6021,1178,2560,1023,1023,1023,1023,515,0,1023,0,0,0,0,0,0,2,0,2,6,5,9,8,7,3,6,5,4,4,1,2,2,0,0,0,0,0,0,0,0,0,0,0,0,0,0,0,0,0,0,0,0,0,0,0,0,0,0,0,0,0,0,0,0,0,0,0,0,0,0,0,0,0,0,0,3,15,3,2,5,2,4,5,6,6
583,1,67,69,3,64,64,0,0,0,66,0,11456,11456,1151,1151,0,5009,6447,0,0,0,358,11456,1285,852,32,1023,10,14,0,1048576,0,0,0,inf,inf,1.0620122,0.936561346,1,0,10,67,2,50,16,0,2112,1028,292,292,148,9344,3981,852,2096,1007,1023,1023,1023,0,0,1023,0,0,0,0,0,0,2,0,0,1,1,7,5,4,3,3,8,12,7,4,4,4,0,1,0,0,0,0,0,0,0,0,0,0,0,0,0,0,0,0,0,0,0,0,0,0,0,0,0,0,0,0,0,0,0,0,0,0,0,0,0,0,0,0,0,5,7,5,7,5,7,8,7,6,6
584,1,66,69,3,64,64,0,0,0,65,0,29312,29312,3180,3180,0,9736,19576,0,0,0,916,29312,3358,1761,32,1023,10,14,0,1048576,0,0,0,inf,inf,1.08568501,0.995402336,1,0,10,66,2,9,56,0,2080,656,851,851,326,27232,9080,1761,3180,511,1023,1023,1023,512,0,1023,0,0,0,0,0,0,5,6,5,9,12,11,8,5,2,1,0,0,1,0,0,0,0,0,0,0,0,0,0,0,0,0,0,0,0,0,0,0,0,0,0,0,0,0,0,0,0,0,0,0,0,0,0,0,0,0,0,0,0,0,0,0,0,0,0,2,3,6,2,3,6,6,6,6,5
585,0.899999976,67,69,3,64,64,0,0,0,66,0,32704,32704,2510,2510,0,11027,21677,0,0,0,1022,32704,3411,1851,32,1023,10,14,0,1048576,0,0,0,inf,inf,1.07404733,0.98333931,1,0,10,67,2,10,56,0,2112,648,956,956,461,30592,10379,1851,4384,1011,1023,1015,1015,632,0,1015,0,0,0,0,0,1,6,4,8,11,10,12,4,5,4,1,0,0,0,0,0,0,0,0,0,0,0,0,0,0,0,0,0,0,0,0,0,0,0,0,0,0,0,0,0,0,0,0,0,0,0,0,0,0,0,0,0,0,0,0,0,0,0,0,0,2,3,2,4294967295,8,7,27,2,3,26
586,1,68,69,3,64,64,0,0,0,67,0,16128,16128,1576,1576,0,6261,9867,0,0,0,504,16128,1910,1201,32,1023,10,14,0,1048576,0,0,0,inf,inf,1.02067208,0.928708315,1,0,10,68,2,41,26,0,2144,996,437,437,193,13984,5265,1201,2472,1023,1023,1023,1023,208,0,1023,0,0,0,0,0,1,1,1,0,4,3,11,5,6,6,2,4,4,3,2,2,3,3,3,1,0,1,1,0,0,0,0,0,0,0,0,0,0,0,0,0,0,0,0,0,0,0,0,0,0,0,0,0,0,0,0,0,0,0,0,0,0,0,0,0,5,4,29,4,16,29,45,9,6,17
587,1,66,69,3,64,64,0,0,0,65,0,39616,39616,4467,4467,0,7357,32259,0,0,0,1238,39616,2968,1720,32,1023,10,14,0,1048576,0,0,0,inf,inf,1.05471385,0.958327055,1,0,10,66,2,1,41,23,2080,361,1173,1173,162,37536,6996,1720,804,1023,1023,1023,1023,0,0,1023,0,2,3,7,11,12,9,9,5,3,2,1,0,1,0,0,0,0,0,0,0,0,0,0,0,0,0,0,0,0,0,0,0,0,0,0,0,0,0,0,0,0,0,0,0,0,0,0,0,0,0,0,0,0,0,0,0,0,0,0,0,0,0,0,0,2,2,2,26,2,2,3,4,2,30
588,1,67,69,3,64,64,0,0,0,66,0,55232,55232,3474,3474,0,4182,51050,0,0,0,1726,55232,1224,1025,32,1023,10,14,0,1048576,0,0,0,inf,inf,1.12660193,0.994781375,1,0,10,67,2,0,6,60,2112,114,1660,1660,0,53120,4068,1025,7,871,1023,1023,1023,0,0,1023,14,23,11,9,3,6,0,0,0,0,0,0,0,0,0,0,0,0,0,0,0,0,0,0,0,0,0,0,0,0,0,0,0,0,0,0,0,0,0,0,0,0,0,0,0,0,0,0,0,0,0,0,0,0,0,0,0,0,0,0,0,0,0,0,0,7,7,6,2,11,11,6,8,2,7
589,1,67,69,3,64,64,0,0,0,66,0,13792,13792,1602,1602,0,5482,8310,0,0,0,431,13792,1624,1038,32,1023,10,14,0,1048576,0,0,0,inf,inf,1.05961585,0.977558374,1,0,10,67,2,45,21,0,2112,984,365,365,158,11680,4498,1038,2033,1022,1023,1023,1023,5,0,1023,0,0,0,0,0,0,2,0,0,3,5,5,6,6,5,6,4,5,4,3,6,4,1,0,0,0,1,0,0,0,0,0,0,0,0,0,0,0,0,0,0,0,0,0,0,0,0,0,0,0,0,0,0,0,0,0,0,0,0,0,0,0,0,0,0,61,3,3,2,4,4,5,18,8,7
590,1,66,69,3,64,64,0,0,0,65,0,27648,27648,2505,2505,0,9334,18314,0,0,0,864,27648,2981,1629,32,1023,10,14,0,1048576,0,0,0,inf,inf,1.12386847,1.03152668,1,0,10,66,2,15,48,2,2080,672,799,799,352,25568,8662,1629,3444,767,1023,1023,1023,132,0,1023,0,0,0,0,2,2,7,1,6,5,7,11,9,3,8,2,2,0,0,0,0,0,0,0,0,0,0,0,0,0,0,0,0,0,0,0,0,0,0,0,0,0,0,0,0,0,0,0,0,0,0,0,0,0,0,0,0,0,0,0,0,0,0,0,0,3,3,4,3,3,3,2,8,44,7
591,1,69,69,2,64,64,0,0,0,68,0,13120,13120,1245,1245,0,5255,7865,0,0,0,410,13120,1632,1096,32,1023,10,14,0,1048576,0,0,0,inf,inf,1.0397836,0.940911055,1,0,10,69,2,48,20,0,2176,1056,342,342,173,10944,4199,1096,2041,509,1023,1023,1023,778,0,1023,0,0,0,0,0,0,1,0,0,1,3,8,7,5,3,7,5,4,5,5,6,6,1,0,0,0,1,0,0,0,0,0,0,0,0,0,0,0,0,0,0,0,0,0,0,0,0,0,0,0,0,0,0,0,0,0,0,0,0,0,0,0,0,0,0,12,18,10,20,40,11,12,10,18,18
592,1,66,69,3,64,64,0,0,0,65,0,53408,53408,3804,3804,0,4424,48984,0,0,0,1669,53408,1084,916,32,1023,10,14,0,1048576,0,0,0,inf,inf,1.16378212,1.05032551,1,0,10,66,2,0,5,60,2080,144,1604,1604,8,51328,4280,916,19,335,1023,1023,1023,0,0,1023,8,17,14,12,9,3,2,0,0,0,0,0,0,0,0,0,0,0,0,0,0,0,0,0,0,0,0,0,0,0,0,0,0,0,0,0,0,0,0,0,0,0,0,0,0,0,0,0,0,0,0,0,0,0,0,0,0,0,0,0,0,0,0,0,0,7,6,24,4,7,3,4,5,14,3
593,1,66,69,3,64,64,0,0,0,65,0,23840,23840,2842,2842,0,8240,15600,0,0,0,745,23840,2923,1547,32,1023,10,14,0,1048576,0,0,0,inf,inf,0.995267034,0.872320175,1,0,10,66,2,17,48,0,2080,695,680,680,261,21760,7545,1547,2707,1023,1023,1023,1023,80,0,1023,0,0,0,0,0,1,4,4,6,5,6,12,10,7,8,2,0,0,0,0,0,0,0,0,0,0,0,0,0,0,0,0,0,0,0,0,0,0,0,0,0,0,0,0,0,0,0,0,0,0,0,0,0,0,0,0,0,0,0,0,0,0,0,0,0,3,4,5,4,5,4,5,4,2,2
594,0.899999976,66,69,3,64,64,0,0,0,65,0,55520,55520,3601,3601,0,4226,51294,0,0,0,1735,55520,1045,913,32,767,10,14,0,1048576,0,0,0,inf,inf,1.20872486,1.10599113,1,0,10,66,2,0,4,61,2080,112,1670,1670,0,53440,4114,913,3,702,767,767,767,0,0,767,14,22,12,7,6,3,1,0,0,0,0,0,0,0,0,0,0,0,0,0,0,0,0,0,0,0,0,0,0,0,0,0,0,0,0,0,0,0,0,0,0,0,0,0,0,0,0,0,0,0,0,0,0,0,0,0,0,0,0,0,0,0,0,0,0,4,4,5,4,5,5,5,4,4294967295,8
595,1,68,69,3,64,64,0,0,0,67,0,10272,10272,984,984,0,4568,5704,0,0,0,321,10272,1231,881,32,1023,10,14,0,1048576,0,0,0,inf,inf,1.02155399,0.91398263,1,0,10,68,2,54,13,0,2144,1125,254,254,150,8128,3443,881,1985,1023,1023,1023,1023,2,0,1023,0,0,0,0,0,0,1,0,0,1,1,8,2,7,2,2,5,6,8,4,7,2,2,7,1,0,1,0,0,0,0,0,0,0,0,0,0,0,0,0,0,0,0,0,0,0,0,0,0,0,0,0,0,0,0,0,0,0,0,0,0,0,0,0,0,6,8,3,6,4,4,8,8,7,3
596,1,66,69,3,64,64,0,0,0,65,0,13824,13824,1016,1016,0,5291,8533,0,0,0,432,13824,1591,1089,32,1023,10,14,0,1048576,0,0,0,inf,inf,1.00041032,0.902251601,1,0,10,66,2,46,19,0,2080,1017,367,367,191,11744,4274,1089,2139,1023,31,1023,1023,0,0,1023,0,0,0,0,0,0,0,2,4,4,2,5,2,6,7,4,4,4,2,3,2,2,0,3,4,3,1,1,0,0,0,0,0,0,0,0,0,0,0,0,0,0,0,0,0,0,0,0,0,0,0,0,0,0,0,0,0,0,0,0,0,0,0,0,0,7,24,1,24,19,5,8,14,4,8
597,1,67,69,3,64,64,0,0,0,66,0,16288,16288,1803,1803,0,6307,9981,0,0,0,509,16288,1981,1196,32,1023,10,14,0,1048576,0,0,0,inf,inf,1.08069479,0.988136292,1,0,10,67,2,38,28,0,2112,917,443,443,210,14176,5390,1196,2407,1023,1023,1023,1023,2,0,1023,0,0,0,0,0,0,2,0,2,3,4,9,8,6,4,4,6,6,3,2,4,3,0,0,0,0,0,0,0,0,0,0,0,0,0,0,0,0,0,0,0,0,0,0,0,0,0,0,0,0,0,0,0,0,0,0,0,0,0,0,0,0,0,0,0,2,3,3,5,2,5,2,4,5,3
598,1,69,69,1,64,64,0,5,0,68,0,16960,16960,3104,3104,0,5274,11686,0,0,0,530,16960,2898,1309,32,1023,10,14,0,1048576,0,0,0,inf,0.875333071,0.895847201,0.747463226,1,0,10,69,2,14,52,2,2176,669,462,462,88,14784,4605,1309,1041,1023,1023,1023,1023,64,0,1023,0,0,0,0,2,1,7,9,8,10,7,7,3,4,2,3,2,1,0,0,2,0,0,0,0,0,0,0,0,0,0,0,0,0,0,0,0,0,0,0,0,0,0,0,0,0,0,0,0,0,0,0,0,0,0,0,0,0,0,0,0,0,0,0,0,14,14,13,13,14,15,15,14,14,14
599,1,69,69,2,64,64,0,0,0,68,0,26720,26720,2182,2182,0,9330,17390,0,0,0,835,26720,2849,1631,32,1023,10,14,0,1048576,0,0,0,inf,inf,0.998439372,0.864529967,1,0,10,69,2,23,44,1,2176,755,767,767,373,24544,8575,1631,3545,1023,1023,1023,1023,96,0,1023,0,0,0,1,0,0,2,4,8,6,8,6,10,12,3,3,3,1,0,0,1,0,0,0,0,0,0,0,0,0,0,0,0,0,0,0,0,0,0,0,0,0,0,0,0,0,0,0,0,0,0,0,0,0,0,0,0,0,0,0,0,0,0,0,0,7,7,7,7,6,8,5,4,9,8
600,1,67,69,3,64,64,0,0,0,66,0,12992,12992,1355,1355,0,5058,7934,0,0,0,406,12992,1589,990,32,1023,10,14,0,1048576,0,0,0,inf,inf,0.988564372,0.898904026,1,0,10,67,2,45,21,0,2112,942,340,340,160,10880,4116,990,1959,975,1023,1023,1023,2,0,1023,0,0,0,0,0,0,1,0,0,4,5,5,6,7,7,7,8,6,2,0,5,3,0,0,0,0,0,0,0,0,0,0,0,0,0,0,0,0,0,0,0,0,0,0,0,0,0,0,0,0,0,0,0,0,0,0,0,0,0,0,0,0,0,0,0,3,3,4,7,15,58,2,4,4,4
601,1,69,69,1,64,64,0,5,0,68,0,10752,10752,1238,1238,0,4118,6634,0,0,0,336,10752,1367,918,32,1023,10,14,0,1048576,0,0,0,inf,0.969756544,0.980873942,0.837588787,1,0,10,69,2,52,16,0,2176,1054,268,268,128,8576,3064,918,1402,1023,1023,1023,1023,0,0,1023,0,0,0,0,0,1,0,0,2,1,2,5,5,7,3,6,7,6,9,4,3,3,2,1,1,0,0,0,0,0,0,0,0,0,0,0,0,0,0,0,0,0,0,0,0,0,0,0,0,0,0,0,0,0,0,0,0,0,0,0,0,0,0,0,0,11,11,12,49,11,12,11,10,11,49
602,1,69,69,1,64,64,0,2,0,68,0,14912,14912,1724,1724,0,5893,9019,0,0,0,466,14912,1967,1235,32,1023,10,14,0,1048576,0,0,0,inf,1.02448106,1.02482772,0.939633548,1,0,10,69,2,42,26,0,2176,977,398,398,178,12736,4916,1235,2011,1023,767,1023,1023,4,0,1023,0,0,0,0,0,0,1,0,1,4,4,10,6,6,6,5,5,3,4,4,5,1,2,0,1,0,0,0,0,0,0,0,0,0,0,0,0,0,0,0,0,0,0,0,0,0,0,0,0,0,0,0,0,0,0,0,0,0,0,0,0,0,0,0,0,13,15,16,14,15,14,12,17,9,14
603,1,66,69,3,64,64,0,0,0,65,0,56544,56544,3481,3481,0,4169,52375,0,0,0,1767,56544,1005,907,32,1023,10,14,0,1048576,0,0,0,inf,inf,1.13917398,1.03566122,1,0,10,66,2,0,3,62,2080,112,1702,1702,15,54464,4057,907,10,900,1023,1023,1023,0,0,1023,19,15,11,10,7,2,0,1,0,0,0,0,0,0,0,0,0,0,0,0,0,0,0,0,0,0,0,0,0,0,0,0,0,0,0,0,0,0,0,0,0,0,0,0,0,0,0,0,0,0,0,0,0,0,0,0,0,0,0,0,0,0,0,0,0,12,13,2,2,3,4,3,4,3,4
604,1,69,69,1,64,64,0,1,0,68,0,11328,11328,1294,1294,0,4690,6638,0,0,0,354,11328,1505,999,32,1023,10,14,0,1048576,0,0,0,inf,0.939261913,1.00009441,0.910614967,1,0,10,69,2,50,18,0,2176,1061,286,286,141,9152,3629,999,1548,1023,1023,1023,1023,128,0,1023,0,0,0,0,0,0,0,0,1,4,3,6,4,7,6,5,4,4,5,1,9,6,0,0,0,2,1,0,0,0,0,0,0,0,0,0,0,0,0,0,0,0,0,0,0,0,0,0,0,0,0,0,0,0,0,0,0,0,0,0,0,0,0,0,0,6,7,8,8,4,5,7,39,37,4
605,1,66,69,3,64,64,0,0,0,65,0,26464,26464,3396,3396,0,8642,17822,0,0,0,827,26464,3211,1637,32,1023,10,14,0,1048576,0,0,0,inf,inf,0.948017418,0.819389105,1,0,10,66,2,11,54,0,2080,649,762,762,275,24384,7993,1637,2429,1023,1023,1023,1023,516,0,1023,0,0,0,0,0,0,5,7,4,13,11,7,7,6,3,2,0,0,0,0,0,0,0,0,0,0,0,0,0,0,0,0,0,0,0,0,0,0,0,0,0,0,0,0,0,0,0,0,0,0,0,0,0,0,0,0,0,0,0,0,0,0,0,0,0,2,3,5,3,3,2,3,1,3,9
606,1,66,69,3,64,64,0,0,0,65,0,53984,53984,3721,3721,0,4374,49610,0,0,0,1687,53984,1068,935,32,1023,10,14,0,1048576,0,0,0,inf,inf,1.10786891,1.00314116,1,0,10,66,2,0,4,61,2080,133,1622,1622,11,51904,4241,935,18,634,1023,1023,1023,0,0,1023,8,20,15,10,8,3,1,0,0,0,0,0,0,0,0,0,0,0,0,0,0,0,0,0,0,0,0,0,0,0,0,0,0,0,0,0,0,0,0,0,0,0,0,0,0,0,0,0,0,0,0,0,0,0,0,0,0,0,0,0,0,0,0,0,0,2,2,3,3,2,3,6,3,3,39
607,1,68,69,3,64,64,0,0,0,67,0,58976,58976,2594,2594,0,2616,56360,0,0,0,1843,58976,405,335,32,1023,10,14,0,1048576,0,0,0,inf,inf,1.12183475,0.935910583,1,0,10,68,2,0,2,65,2144,55,1776,1776,0,56832,2561,335,0,58,1023,1023,1023,0,0,1023,32,25,5,2,1,2,0,0,0,0,0,0,0,0,0,0,0,0,0,0,0,0,0,0,0,0,0,0,0,0,0,0,0,0,0,0,0,0,0,0,0,0,0,0,0,0,0,0,0,0,0,0,0,0,0,0,0,0,0,0,0,0,0,0,0,7,14,7,11,10,8,8,12,13,8
608,1,69,69,1,64,64,0,1,0,68,0,10400,10400,939,939,0,4377,6023,0,0,0,325,10400,1301,927,32,1023,10,14,0,1048576,0,0,0,inf,0.927762091,0.927762091,0.836666584,1,0,10,69,2,54,14,0,2176,1070,257,257,145,8224,3307,927,1711,895,1023,1023,1023,577,0,1023,0,0,0,0,0,0,0,0,0,3,1,6,4,6,7,5,6,6,9,2,7,5,0,0,0,1,0,0,0,0,0,0,0,0,0,0,0,0,0,0,0,0,0,0,0,0,0,0,0,0,0,0,0,0,0,0,0,0,0,0,0,0,0,0,0,6,6,5,6,30,6,39,47,6,29
609,1,66,69,3,64,64,0,0,0,65,0,25408,25408,3567,3567,0,8356,17052,0,0,0,794,25408,3209,1619,32,1023,10,14,0,1048576,0,0,0,inf,inf,0.913226843,0.802052617,1,0,10,66,2,11,54,0,2080,629,729,729,246,23328,7727,1619,2303,1023,1023,1023,1023,308,0,1023,0,0,0,0,0,4,3,7,11,8,8,5,8,5,4,2,0,0,0,0,0,0,0,0,0,0,0,0,0,0,0,0,0,0,0,0,0,0,0,0,0,0,0,0,0,0,0,0,0,0,0,0,0,0,0,0,0,0,0,0,0,0,0,0,0,2,2,3,2,3,7,3,1,5,2
610,1,69,69,1,64,64,0,1,0,68,0,12000,12000,1001,1001,0,4922,7078,0,0,0,375,12000,1455,999,32,1023,10,14,0,1048576,0,0,0,inf,0.903453112,0.92068249,0.809812307,1,0,10,69,2,51,17,0,2176,1051,307,307,171,9824,3871,999,1994,1023,1023,1023,1023,516,0,1023,0,0,0,0,0,0,0,1,0,3,5,6,2,5,9,5,4,4,7,2,7,5,1,1,0,1,0,0,0,0,0,0,0,0,0,0,0,0,0,0,0,0,0,0,0,0,0,0,0,0,0,0,0,0,0,0,0,0,0,0,0,0,0,0,0,5,4,5,19,5,18,37,5,5,22
611,1,68,69,3,64,64,0,0,0,67,0,28576,28576,2484,2484,0,9703,18873,0,0,0,893,28576,3054,1658,32,1023,10,14,0,1048576,0,0,0,inf,inf,0.981632113,0.886517525,1,0,10,68,2,17,50,0,2144,720,826,826,371,26432,8983,1658,3590,767,1023,1023,1023,144,0,1023,0,0,0,0,0,1,5,3,8,5,8,13,7,4,6,4,1,0,2,0,0,0,0,0,0,0,0,0,0,0,0,0,0,0,0,0,0,0,0,0,0,0,0,0,0,0,0,0,0,0,0,0,0,0,0,0,0,0,0,0,0,0,0,0,0,4,4,21,4,6,20,3,23,18,15
612,1,67,69,3,64,64,0,0,0,66,0,14560,14560,1450,1450,0,5709,8851,0,0,0,455,14560,1769,1121,32,1023,10,14,0,1048576,0,0,0,inf,inf,0.976043522,0.877959669,1,0,10,67,2,43,23,0,2112,959,389,389,191,12448,4750,1121,2109,1023,1023,1023,1023,778,0,1023,0,0,0,0,0,0,0,0,1,5,3,10,4,7,9,4,2,4,3,0,9,4,0,1,0,0,0,0,0,0,0,0,0,0,0,0,0,0,0,0,0,0,0,0,0,0,0,0,0,0,0,0,0,0,0,0,0,0,0,0,0,0,0,0,0,9,10,36,8,18,11,7,34,19,11
613,1,67,69,3,64,64,0,0,0,66,0,37664,37664,4434,4434,0,7456,30208,0,0,0,1177,37664,3213,1663,32,1023,10,14,0,1048576,0,0,0,inf,inf,1.0970943,0.962760568,1,0,10,67,2,1,51,14,2112,404,1111,1111,177,35552,7052,1663,913,1007,1023,1023,1023,128,0,1023,0,0,5,2,7,18,8,7,7,6,5,0,0,1,0,0,0,0,0,0,0,0,0,0,0,0,0,0,0,0,0,0,0,0,0,0,0,0,0,0,0,0,0,0,0,0,0,0,0,0,0,0,0,0,0,0,0,0,0,0,0,0,0,0,0,6,5,6,4,4,5,4,7,7,2
614,1,67,69,3,64,64,0,0,0,66,0,24000,24000,2778,2778,0,8175,15825,0,0,0,750,24000,2873,1521,32,1023,10,14,0,1048576,0,0,0,inf,inf,1.08085155,0.9758147,1,0,10,67,2,19,47,0,2112,705,684,684,281,21888,7470,1521,2629,1023,1023,1023,1023,289,0,1023,0,0,0,0,0,1,5,3,6,7,7,9,9,8,8,3,0,0,0,0,0,0,0,0,0,0,0,0,0,0,0,0,0,0,0,0,0,0,0,0,0,0,0,0,0,0,0,0,0,0,0,0,0,0,0,0,0,0,0,0,0,0,0,0,0,4,3,3,3,3,4,3,7,7,10
615,1,69,69,2,64,64,0,0,0,68,0,27520,27520,2721,2721,0,9444,18076,0,0,0,860,27520,3042,1628,32,1023,10,14,0,1048576,0,0,0,inf,inf,1.06291723,0.941988587,1,0,10,69,2,18,50,0,2176,714,792,792,351,25344,8730,1628,3407,1023,1023,1023,1023,402,0,1023,0,0,0,0,0,1,5,5,7,6,6,14,6,8,6,4,0,0,0,0,0,0,0,0,0,0,0,0,0,0,0,0,0,0,0,0,0,0,0,0,0,0,0,0,0,0,0,0,0,0,0,0,0,0,0,0,0,0,0,0,0,0,0,0,0,7,8,7,7,8,7,7,7,7,7
616,1,67,69,3,64,64,0,0,0,66,0,9312,9312,1447,1447,0,3899,5413,0,0,0,291,9312,1165,784,32,1023,10,14,0,1048576,0,0,0,inf,inf,0.995681405,0.892531872,1,0,10,67,2,53,13,0,2112,1118,225,225,109,7200,2781,784,1175,1023,959,1023,1023,0,0,1023,0,0,0,0,0,1,1,0,0,1,2,4,4,3,2,3,3,8,6,6,8,7,5,0,0,1,1,0,0,0,0,0,0,0,0,0,0,0,0,0,0,0,0,0,0,0,0,0,0,0,0,0,0,0,0,0,0,0,0,0,0,0,0,0,0,4,3,2,6,10,4,5,3,6,4
617,0.899999976,69,69,1,64,64,0,6,0,68,0,9824,9824,1234,1234,0,4031,5793,0,0,0,307,9824,1291,933,32,1023,10,14,0,1048576,0,0,0,inf,1.06959295,1.07669878,0.990047097,1,0,10,69,2,55,13,0,2176,1135,239,239,111,7648,2896,933,1298,1015,1023,1015,1015,264,0,1015,0,0,0,0,0,1,1,0,0,3,1,4,3,6,3,5,4,4,8,1,10,7,0,3,1,1,2,0,0,0,0,0,0,0,0,0,0,0,0,0,0,0,0,0,0,0,0,0,0,0,0,0,0,0,0,0,0,0,0,0,0,0,0,0,0,11,10,12,4294967295,10,12,14,13,15,13
618,1,69,69,1,64,64,0,7,0,68,0,28288,28288,2000,2000,0,9042,19246,0,0,0,884,28288,2875,1662,32,1023,10,14,0,1048576,0,0,0,inf,0.96011436,0.968224645,0.851591825,1,0,10,69,2,23,43,2,2176,737,816,816,407,26112,8305,1662,3380,1023,1023,1023,1023,132,0,1023,0,0,1,1,0,3,3,6,6,11,5,6,3,6,4,3,0,6,1,1,2,0,0,0,0,0,0,0,0,0,0,0,0,0,0,0,0,0,0,0,0,0,0,0,0,0,0,0,0,0,0,0,0,0,0,0,0,0,0,0,0,0,0,0,0,16,15,17,16,16,15,15,16,15,16
619,1,68,69,3,64,64,0,0,0,67,0,8448,8448,729,729,0,3655,4793,0,0,0,264,8448,1169,899,32,1023,10,14,0,1048576,0,0,0,inf,inf,0.978830516,0.884540319,1,0,10,68,2,57,10,0,2144,1119,197,197,117,6304,2536,899,1393,767,1023,1023,1023,2,0,1023,0,0,0,0,0,0,0,0,2,0,4,4,0,3,8,5,7,5,4,6,6,4,5,2,0,2,0,0,0,0,0,0,0,0,0,0,0,0,0,0,0,0,0,0,0,0,0,0,0,0,0,0,0,0,0,0,0,0,0,0,0,0,0,0,0,7,35,13,6,5,14,5,7,13,9
620,1,69,69,2,64,64,0,0,0,68,0,43424,43424,4658,4658,0,8133,35291,0,0,0,1357,43424,3187,1755,32,1023,10,14,0,1048576,0,0,0,inf,inf,1.03102922,0.942764759,1,0,10,69,2,0,47,21,2176,394,1289,1289,218,41248,7739,1755,999,1019,1023,1023,1023,902,0,1023,0,1,4,7,9,13,11,6,7,5,1,4,0,0,0,0,0,0,0,0,0,0,0,0,0,0,0,0,0,0,0,0,0,0,0,0,0,0,0,0,0,0,0,0,0,0,0,0,0,0,0,0,0,0,0,0,0,0,0,0,0,0,0,0,0,5,9,10,4,5,5,6,7,9,11
621,1,69,69,1,64,64,0,8,0,68,0,11328,11328,1745,1745,0,4476,6852,0,0,0,354,11328,1626,1040,32,1023,10,14,0,1048576,0,0,0,inf,1.02253604,1.02984142,0.953132629,1,0,10,69,2,48,20,0,2176,1059,286,286,104,9152,3417,1040,1242,1023,1023,1023,1023,24,0,1023,0,0,0,0,0,1,0,0,0,4,3,7,5,6,4,6,4,6,4,2,6,4,0,2,1,1,2,0,0,0,0,0,0,0,0,0,0,0,0,0,0,0,0,0,0,0,0,0,0,0,0,0,0,0,0,0,0,0,0,0,0,0,0,0,0,13,13,15,16,16,15,13,13,17,13
622,1,68,69,3,64,64,0,0,0,67,0,6848,6848,1485,1485,0,3203,3645,0,0,0,214,6848,979,715,32,1023,10,14,0,1048576,0,0,0,inf,inf,0.914452374,0.835587978,1,0,10,68,2,58,9,0,2144,1187,147,147,42,4704,2016,715,594,1023,1007,1023,1023,0,0,1023,0,0,0,0,0,0,0,0,0,1,1,3,4,2,4,5,6,5,8,3,5,4,9,5,0,1,1,0,0,0,0,0,0,0,0,0,0,0,0,0,0,0,0,0,0,0,0,0,0,0,0,0,0,0,0,0,0,0,0,0,0,0,0,0,0,21,22,6,5,6,4,4,4,4,6
623,1,67,69,3,64,64,0,0,0,66,0,38912,38912,4454,4454,0,7608,31304,0,0,0,1216,38912,3176,1647,32,1023,10,14,0,1048576,0,0,0,inf,inf,1.08421421,0.952577949,1,0,10,67,2,0,50,16,2112,395,1150,1150,201,36800,7213,1647,1012,1023,1023,1023,1023,677,0,1023,0,1,5,3,7,16,7,9,8,4,5,0,1,0,0,0,0,0,0,0,0,0,0,0,0,0,0,0,0,0,0,0,0,0,0,0,0,0,0,0,0,0,0,0,0,0,0,0,0,0,0,0,0,0,0,0,0,0,0,0,0,0,0,0,0,6,6,8,6,8,6,8,7,5,7
624,1,67,69,3,64,64,0,0,0,66,0,15552,15552,1838,1838,0,5911,9641,0,0,0,486,15552,1861,1089,32,1023,10,14,0,1048576,0,0,0,inf,inf,1.04137242,0.926181316,1,0,10,67,2,39,27,0,2112,902,420,420,177,13440,5009,1089,2150,1023,1023,1023,1023,5,0,1023,0,0,0,0,0,1,1,0,2,6,5,6,6,7,6,5,5,4,4,0,5,3,0,0,0,0,0,0,0,0,0,0,0,0,0,0,0,0,0,0,0,0,0,0,0,0,0,0,0,0,0,0,0,0,0,0,0,0,0,0,0,0,0,0,0,3,5,7,3,5,5,2,4,2,7
625,1,67,69,3,64,64,0,0,0,66,0,8672,8672,1207,1207,0,3886,4786,0,0,0,271,8672,1007,690,32,1023,10,14,0,1048576,0,0,0,inf,inf,1.01640642,0.864846587,1,0,10,67,2,55,11,0,2112,1078,205,205,101,6560,2808,690,1284,1023,1023,1023,1023,0,0,1023,0,0,0,0,0,1,1,0,0,0,0,5,4,3,5,3,7,12,8,4,4,6,1,2,0,0,0,0,0,0,0,0,0,0,0,0,0,0,0,0,0,0,0,0,0,0,0,0,0,0,0,0,0,0,0,0,0,0,0,0,0,0,0,0,0,6,6,8,9,8,7,7,8,8,7
626,1,68,69,3,64,64,0,0,0,67,0,14240,14240,1546,1546,0,5525,8715,0,0,0,445,14240,1710,1073,32,1023,10,14,0,1048576,0,0,0,inf,inf,1.07788992,0.97593379,1,0,10,68,2,44,23,0,2144,954,378,378,162,12096,4571,1073,2057,1023,1023,1023,1023,292,0,1023,0,0,0,0,0,1,1,0,1,4,4,7,5,7,6,5,7,5,4,0,7,3,0,0,0,0,0,0,0,0,0,0,0,0,0,0,0,0,0,0,0,0,0,0,0,0,0,0,0,0,0,0,0,0,0,0,0,0,0,0,0,0,0,0,0,8,5,9,10,5,7,10,10,9,5
627,1,68,69,3,64,64,0,0,0,67,0,44384,44384,4135,4135,0,8355,36029,0,0,0,1387,44384,3323,1854,32,1023,10,14,0,1048576,0,0,0,inf,inf,1.09183168,0.990879059,1,0,10,68,2,1,49,17,2144,398,1320,1320,310,42240,7957,1854,1399,507,1023,1023,1023,562,0,1023,0,1,7,3,6,17,7,7,8,5,4,0,1,1,0,0,0,0,0,0,0,0,0,0,0,0,0,0,0,0,0,0,0,0,0,0,0,0,0,0,0,0,0,0,0,0,0,0,0,0,0,0,0,0,0,0,0,0,0,0,0,0,0,0,0,5,8,5,44,7,5,5,22,5,43
628,0.899999976,68,69,3,64,64,0,0,0,67,0,41568,41568,4877,4877,0,7926,33642,0,0,0,1299,41568,3008,1604,32,767,10,14,0,1048576,0,0,0,inf,inf,1.0217247,0.92089349,1,0,10,68,2,0,46,21,2144,403,1232,1232,177,39424,7523,1604,914,766,767,767,767,224,0,767,0,1,3,6,11,12,7,7,8,5,3,4,0,0,0,0,0,0,0,0,0,0,0,0,0,0,0,0,0,0,0,0,0,0,0,0,0,0,0,0,0,0,0,0,0,0,0,0,0,0,0,0,0,0,0,0,0,0,0,0,0,0,0,0,0,5,5,10,4,4,17,8,11,4294967295,6
629,1,69,69,1,64,64,0,1,0,68,0,14464,14464,1721,1721,0,5640,8824,0,0,0,452,14464,1834,1103,32,1023,10,14,0,1048576,0,0,0,inf,1.03769732,1.03769732,0.934879065,1,0,10,69,2,42,26,0,2176,966,384,384,156,12288,4674,1103,1995,1023,1023,1023,1023,787,0,1023,0,0,0,0,0,1,0,0,1,4,5,8,7,6,7,4,6,5,3,0,7,4,0,0,0,0,0,0,0,0,0,0,0,0,0,0,0,0,0,0,0,0,0,0,0,0,0,0,0,0,0,0,0,0,0,0,0,0,0,0,0,0,0,0,0,7,11,6,6,7,6,7,5,7,7
630,1,67,69,3,64,64,0,0,0,66,0,28192,28192,2854,2854,0,8843,19349,0,0,0,881,28192,2922,1590,32,1023,10,14,0,1048576,0,0,0,inf,inf,0.923697352,0.847155452,1,0,10,67,2,15,46,5,2112,626,815,815,305,26080,8217,1590,3063,1015,1023,1023,1023,776,0,1023,0,0,0,1,4,3,5,6,11,8,5,6,2,5,4,2,0,3,1,0,0,0,0,0,0,0,0,0,0,0,0,0,0,0,0,0,0,0,0,0,0,0,0,0,0,0,0,0,0,0,0,0,0,0,0,0,0,0,0,0,0,0,0,0,0,2,5,4,10,5,2,6,2,7,37
631,1,69,69,2,64,64,0,0,0,68,0,14656,14656,1214,1214,0,5944,8712,0,0,0,458,14656,1701,1104,32,1023,10,14,0,1048576,0,0,0,inf,inf,1.02472174,0.900254667,1,0,10,69,2,46,22,0,2176,996,390,390,199,12480,4948,1104,2476,1023,1023,1023,1023,256,0,1023,0,0,0,0,0,1,0,0,1,3,5,9,3,7,7,4,5,5,5,1,6,4,2,0,0,0,0,0,0,0,0,0,0,0,0,0,0,0,0,0,0,0,0,0,0,0,0,0,0,0,0,0,0,0,0,0,0,0,0,0,0,0,0,0,0,8,9,11,10,21,21,26,4,13,13
632,0.899999976,66,69,3,64,64,0,0,0,65,0,14080,14080,1053,1053,0,5663,8417,0,0,0,440,14080,1704,1111,32,511,10,14,0,1048576,0,0,0,inf,inf,0.998774409,0.940157175,1,0,10,66,2,43,22,0,2080,904,375,375,194,12000,4759,1111,2463,255,511,511,511,464,0,511,0,0,0,0,0,0,2,0,0,3,2,8,7,9,6,7,9,4,1,3,4,0,0,0,0,0,0,0,0,0,0,0,0,0,0,0,0,0,0,0,0,0,0,0,0,0,0,0,0,0,0,0,0,0,0,0,0,0,0,0,0,0,0,0,0,2,2,3,4,3,2,6,17,22,4294967295
633,1,69,69,1,64,64,0,1,0,68,0,26688,26688,2611,2611,0,9272,17416,0,0,0,834,26688,3011,1620,32,1023,10,14,0,1048576,0,0,0,inf,1.03282642,1.03282642,0.891373813,1,0,10,69,2,19,49,0,2176,723,766,766,316,24512,8549,1620,3405,1023,1023,1023,1023,514,0,1023,0,0,0,0,0,1,3,6,7,6,6,13,7,9,6,4,0,0,0,0,0,0,0,0,0,0,0,0,0,0,0,0,0,0,0,0,0,0,0,0,0,0,0,0,0,0,0,0,0,0,0,0,0,0,0,0,0,0,0,0,0,0,0,0,0,6,8,6,7,5,7,7,7,8,8
634,1,69,69,1,64,64,0,1,0,68,0,11488,11488,1064,1064,0,4613,6875,0,0,0,359,11488,1411,967,32,1023,10,14,0,1048576,0,0,0,inf,0.956592023,0.956592023,0.878654659,1,0,10,69,2,52,16,0,2176,1052,291,291,159,9312,3561,967,1652,1023,895,1023,1023,39,0,1023,0,0,0,0,0,0,0,0,1,3,5,4,3,7,6,5,5,6,6,4,9,1,2,0,0,0,1,0,0,0,0,0,0,0,0,0,0,0,0,0,0,0,0,0,0,0,0,0,0,0,0,0,0,0,0,0,0,0,0,0,0,0,0,0,0,10,6,9,38,17,11,12,18,40,5
635,1,67,69,3,64,64,0,0,0,66,0,14656,14656,1720,1720,0,5487,9169,0,0,0,458,14656,1868,1107,32,1023,10,14,0,1048576,0,0,0,inf,inf,0.987877965,0.878117561,1,0,10,67,2,40,26,0,2112,903,392,392,169,12544,4584,1107,1844,1023,1023,1023,1023,259,0,1023,0,0,0,0,0,0,0,0,2,5,5,8,6,10,7,7,3,3,1,1,5,3,0,0,0,0,0,0,0,0,0,0,0,0,0,0,0,0,0,0,0,0,0,0,0,0,0,0,0,0,0,0,0,0,0,0,0,0,0,0,0,0,0,0,0,5,6,4,4,4,13,4,4,6,7
636,1,67,69,3,64,64,0,0,0,66,0,44480,44480,4328,4328,0,7551,36929,0,0,0,1390,44480,2837,1722,32,1023,10,14,0,1048576,0,0,0,inf,inf,0.985318005,0.873634338,1,0,10,67,2,0,37,29,2112,312,1324,1324,209,42368,7239,1722,961,991,1023,1023,1023,210,0,1023,1,2,10,6,10,15,10,6,2,1,3,0,0,0,0,0,0,0,0,0,0,0,0,0,0,0,0,0,0,0,0,0,0,0,0,0,0,0,0,0,0,0,0,0,0,0,0,0,0,0,0,0,0,0,0,0,0,0,0,0,0,0,0,0,0,5,6,11,8,6,3,4,11,3,3
637,1,69,69,1,64,64,0,7,0,68,0,12640,12640,1449,1449,0,5024,7616,0,0,0,395,12640,1717,1107,32,1023,10,14,0,1048576,0,0,0,inf,0.976765573,0.982322097,0.893447757,1,0,10,69,2,47,21,0,2176,1040,327,327,160,10464,3984,1107,1614,1023,1023,1023,1023,2,0,1023,0,0,0,0,0,0,0,0,0,5,4,6,6,7,5,5,6,4,3,1,7,4,0,2,1,2,0,0,0,0,0,0,0,0,0,0,0,0,0,0,0,0,0,0,0,0,0,0,0,0,0,0,0,0,0,0,0,0,0,0,0,0,0,0,0,14,13,13,12,15,25,15,11,11,14
638,1,69,69,2,64,64,0,0,0,68,0,28608,28608,3032,3032,0,9916,18692,0,0,0,894,28608,3180,1711,32,1023,10,14,0,1048576,0,0,0,inf,inf,0.945411861,0.841875434,1,0,10,69,2,17,51,0,2176,709,826,826,333,26432,9207,1711,3332,1023,1023,1023,1023,0,0,1023,0,0,0,0,0,1,4,8,6,5,8,10,9,8,7,1,1,0,0,0,0,0,0,0,0,0,0,0,0,0,0,0,0,0,0,0,0,0,0,0,0,0,0,0,0,0,0,0,0,0,0,0,0,0,0,0,0,0,0,0,0,0,0,0,0,11,10,5,12,5,7,11,12,12,5
639,1,66,69,3,64,64,0,0,0,65,0,24704,24704,2714,2714,0,8440,16264,0,0,0,772,24704,2936,1567,32,1023,10,14,0,1048576,0,0,0,inf,inf,0.963721991,0.858791471,1,0,10,66,2,17,48,0,2080,704,707,707,273,22624,7736,1567,2773,1023,1023,1023,1023,17,0,1023,0,0,0,0,0,1,2,4,5,7,6,13,10,8,6,3,0,0,0,0,0,0,0,0,0,0,0,0,0,0,0,0,0,0,0,0,0,0,0,0,0,0,0,0,0,0,0,0,0,0,0,0,0,0,0,0,0,0,0,0,0,0,0,0,0,4,2,3,4,5,4,3,5,5,5
640,1,66,69,3,64,64,0,0,0,65,0,12544,12544,1305,1305,0,5057,7487,0,0,0,392,12544,1622,1057,32,1023,10,14,0,1048576,0,0,0,inf,inf,1.01252782,0.915248632,1,0,10,66,2,45,20,0,2080,977,327,327,141,10464,4080,1057,1884,1023,1007,1023,1023,772,0,1023,0,0,0,0,0,0,2,0,0,3,3,3,9,8,3,6,5,7,2,1,5,5,1,1,0,0,0,1,0,0,0,0,0,0,0,0,0,0,0,0,0,0,0,0,0,0,0,0,0,0,0,0,0,0,0,0,0,0,0,0,0,0,0,0,0,3,2,3,2,54,4,13,4,8,11
641,1,67,69,3,64,64,0,0,0,66,0,25984,25984,2698,2698,0,9041,16943,0,0,0,812,25984,3044,1608,32,1023,10,14,0,1048576,0,0,0,inf,inf,1.0175451,0.901987016,1,0,10,67,2,16,50,0,2112,696,746,746,323,23872,8345,1608,3013,1023,1023,1023,1023,776,0,1023,0,0,0,0,0,1,4,6,7,5,6,9,12,7,6,2,1,0,0,0,0,0,0,0,0,0,0,0,0,0,0,0,0,0,0,0,0,0,0,0,0,0,0,0,0,0,0,0,0,0,0,0,0,0,0,0,0,0,0,0,0,0,0,0,0,3,4,4,5,6,4,4,4,6,6
642,1,69,69,1,64,64,0,7,0,68,0,13408,13408,1260,1260,0,5241,8167,0,0,0,419,13408,1763,1171,32,1023,10,14,0,1048576,0,0,0,inf,0.981609225,0.987238824,0.895030797,1,0,10,69,2,46,21,1,2176,1032,351,351,174,11232,4209,1171,1813,1023,1023,1023,1023,170,0,1023,0,0,0,1,0,0,0,0,1,4,4,7,5,7,4,6,4,2,4,4,7,3,0,2,1,1,0,1,0,0,0,0,0,0,0,0,0,0,0,0,0,0,0,0,0,0,0,0,0,0,0,0,0,0,0,0,0,0,0,0,0,0,0,0,0,15,16,16,25,24,16,36,18,18,16
643,1,67,69,3,64,64,0,0,0,66,0,20288,20288,2823,2823,0,7030,13258,0,0,0,634,20288,2580,1331,32,1023,10,14,0,1048576,0,0,0,inf,inf,1.02640057,0.917416334,1,0,10,67,2,23,43,0,2112,757,568,568,197,18176,6273,1331,1961,1023,1023,1023,1023,424,0,1023,0,0,0,0,0,0,2,2,4,7,7,11,10,9,6,6,1,0,1,0,0,0,0,0,0,0,0,0,0,0,0,0,0,0,0,0,0,0,0,0,0,0,0,0,0,0,0,0,0,0,0,0,0,0,0,0,0,0,0,0,0,0,0,0,0,3,4,4,7,4,3,7,6,7,4
644,1,67,69,3,64,64,0,0,0,66,0,15392,15392,1456,1456,0,6131,9261,0,0,0,481,15392,1703,1097,32,1023,10,14,0,1048576,0,0,0,inf,inf,1.03651321,0.922877014,1,0,10,67,2,44,22,0,2112,954,415,415,194,13280,5177,1097,2365,1023,1023,1023,1023,0,0,1023,0,0,0,0,0,0,1,1,1,5,0,10,4,7,7,4,5,6,3,5,3,1,1,1,1,0,0,0,0,0,0,0,0,0,0,0,0,0,0,0,0,0,0,0,0,0,0,0,0,0,0,0,0,0,0,0,0,0,0,0,0,0,0,0,0,3,28,26,2,38,25,27,2,29,26
645,1,67,69,3,64,64,0,0,0,66,0,22368,22368,2203,2203,0,7752,14616,0,0,0,699,22368,2625,1447,32,1023,10,14,0,1048576,0,0,0,inf,inf,1.07601774,0.956182063,1,0,10,67,2,24,42,0,2112,748,633,633,276,20256,7004,1447,2774,1023,1023,1023,1023,264,0,1023,0,0,0,0,0,0,3,3,7,6,3,10,10,8,9,5,1,0,1,0,0,0,0,0,0,0,0,0,0,0,0,0,0,0,0,0,0,0,0,0,0,0,0,0,0,0,0,0,0,0,0,0,0,0,0,0,0,0,0,0,0,0,0,0,0,3,3,2,5,3,3,5,3,6,3
646,1,69,69,1,64,64,0,2,0,68,0,18848,18848,3114,3114,0,5882,12966,0,0,0,589,18848,2996,1353,32,1023,10,14,0,1048576,0,0,0,inf,0.882205129,0.888940036,0.756142855,1,0,10,69,2,12,54,2,2176,659,521,521,127,16672,5223,1353,1427,1023,1023,1023,1023,17,0,1023,0,0,0,0,2,0,7,9,8,13,7,7,3,4,2,2,1,0,2,0,1,0,0,0,0,0,0,0,0,0,0,0,0,0,0,0,0,0,0,0,0,0,0,0,0,0,0,0,0,0,0,0,0,0,0,0,0,0,0,0,0,0,0,0,0,15,13,14,14,14,14,14,14,13,13
647,1,68,69,3,64,64,0,0,0,67,0,24704,24704,3028,3028,0,8683,16021,0,0,0,772,24704,3049,1605,32,1023,10,14,0,1048576,0,0,0,inf,inf,1.02367949,0.91233933,1,0,10,68,2,17,50,0,2144,711,705,705,247,22560,7972,1605,2881,1023,1023,1023,1023,100,0,1023,0,0,0,0,0,0,4,2,12,5,5,12,10,9,7,1,0,0,0,0,0,0,0,0,0,0,0,0,0,0,0,0,0,0,0,0,0,0,0,0,0,0,0,0,0,0,0,0,0,0,0,0,0,0,0,0,0,0,0,0,0,0,0,0,0,5,5,5,6,5,10,8,6,5,6
648,1,69,69,2,64,64,0,0,0,68,0,13920,13920,1378,1378,0,5446,8474,0,0,0,435,13920,1672,1062,32,1023,10,14,0,1048576,0,0,0,inf,inf,0.971154809,0.880407095,1,0,10,69,2,46,22,0,2176,959,367,367,189,11744,4487,1062,1943,511,1023,1023,1023,546,0,1023,0,0,0,0,0,0,0,0,1,4,4,7,6,9,9,6,6,5,5,0,4,2,0,0,0,0,0,0,0,0,0,0,0,0,0,0,0,0,0,0,0,0,0,0,0,0,0,0,0,0,0,0,0,0,0,0,0,0,0,0,0,0,0,0,0,7,8,10,9,8,8,8,5,5,57
649,1,68,69,3,64,64,0,0,0,67,0,16128,16128,1824,1824,0,5969,10159,0,0,0,504,16128,1916,1144,32,1023,10,14,0,1048576,0,0,0,inf,inf,1.039325,0.948276758,1,0,10,68,2,40,27,0,2144,905,437,437,201,13984,5064,1144,2016,1023,1023,1023,1023,14,0,1023,0,0,0,0,0,1,1,0,2,7,4,8,4,8,8,5,4,5,2,0,5,3,0,0,0,0,0,0,0,0,0,0,0,0,0,0,0,0,0,0,0,0,0,0,0,0,0,0,0,0,0,0,0,0,0,0,0,0,0,0,0,0,0,0,0,12,13,8,13,13,13,5,8,14,14
650,1,67,69,3,64,64,0,0,0,66,0,23488,23488,2348,2348,0,8558,14930,0,0,0,734,23488,2528,1417,32,1023,10,14,0,1048576,0,0,0,inf,inf,0.997400105,0.927648127,1,0,10,67,2,26,39,1,2112,778,668,668,306,21376,7780,1417,3045,1023,1023,1023,1023,384,0,1023,0,0,0,0,1,0,1,2,3,9,4,12,8,5,12,2,3,2,2,0,0,0,0,0,0,0,0,0,0,0,0,0,0,0,0,0,0,0,0,0,0,0,0,0,0,0,0,0,0,0,0,0,0,0,0,0,0,0,0,0,0,0,0,0,0,3,5,20,21,21,21,21,23,22,5
651,1,67,69,3,64,64,0,0,0,66,0,24288,24288,2568,2568,0,8515,15773,0,0,0,759,24288,2764,1526,32,1023,10,14,0,1048576,0,0,0,inf,inf,1.0242362,0.938447237,1,0,10,67,2,21,43,2,2112,698,693,693,278,22176,7817,1526,2894,1023,1023,1023,1023,33,0,1023,0,0,0,0,2,1,5,3,7,6,8,6,7,8,7,4,2,0,0,0,0,0,0,0,0,0,0,0,0,0,0,0,0,0,0,0,0,0,0,0,0,0,0,0,0,0,0,0,0,0,0,0,0,0,0,0,0,0,0,0,0,0,0,0,0,18,3,2,4,2,7,3,4,5,2
652,1,69,69,2,64,64,0,0,0,68,0,43104,43104,4809,4809,0,7479,35625,0,0,0,1347,43104,3130,1718,32,1023,10,14,0,1048576,0,0,0,inf,inf,1.01139688,0.885456085,1,0,10,69,2,0,46,22,2176,361,1279,1279,166,40928,7118,1718,733,1023,1023,1023,1023,6,0,1023,1,1,8,7,5,20,6,6,6,5,2,0,1,0,0,0,0,0,0,0,0,0,0,0,0,0,0,0,0,0,0,0,0,0,0,0,0,0,0,0,0,0,0,0,0,0,0,0,0,0,0,0,0,0,0,0,0,0,0,0,0,0,0,0,0,9,7,7,7,8,11,7,7,12,11
653,1,67,69,3,64,64,0,0,0,66,0,41664,41664,4168,4168,0,8805,32859,0,0,0,1302,41664,3411,1808,32,1023,10,14,0,1048576,0,0,0,inf,inf,1.08041835,0.98412931,1,0,10,67,2,1,54,11,2112,444,1236,1236,321,39552,8361,1808,1672,863,1023,1023,1023,0,0,1023,0,1,2,2,6,18,3,8,9,9,2,1,4,1,0,0,0,0,0,0,0,0,0,0,0,0,0,0,0,0,0,0,0,0,0,0,0,0,0,0,0,0,0,0,0,0,0,0,0,0,0,0,0,0,0,0,0,0,0,0,0,0,0,0,0,5,3,3,2,3,4,4,3,3,14
654,1,66,69,3,64,64,0,0,0,65,0,24416,24416,2643,2643,0,8423,15993,0,0,0,763,24416,2892,1544,32,1023,10,14,0,1048576,0,0,0,inf,inf,0.997925401,0.885403156,1,0,10,66,2,18,47,0,2080,689,698,698,279,22336,7734,1544,2892,1023,1023,1023,1023,408,0,1023,0,0,0,0,0,1,4,6,6,4,6,11,9,9,7,2,0,0,0,0,0,0,0,0,0,0,0,0,0,0,0,0,0,0,0,0,0,0,0,0,0,0,0,0,0,0,0,0,0,0,0,0,0,0,0,0,0,0,0,0,0,0,0,0,0,3,4,3,6,4,2,3,4,5,2
655,1,68,69,3,64,64,0,0,0,67,0,42336,42336,4302,4302,0,7439,34897,0,0,0,1323,42336,2915,1703,32,1023,10,14,0,1048576,0,0,0,inf,inf,1.10438871,0.969212413,1,0,10,68,2,0,40,27,2144,348,1256,1256,207,40192,7091,1703,1047,766,1023,1023,1023,6,0,1023,3,2,5,6,11,13,7,7,5,4,3,0,1,0,0,0,0,0,0,0,0,0,0,0,0,0,0,0,0,0,0,0,0,0,0,0,0,0,0,0,0,0,0,0,0,0,0,0,0,0,0,0,0,0,0,0,0,0,0,0,0,0,0,0,0,7,5,18,8,6,5,11,9,6,9
656,1,69,69,2,64,64,0,0,0,68,0,42080,42080,4602,4602,0,8061,34019,0,0,0,1315,42080,3354,1824,32,1023,10,14,0,1048576,0,0,0,inf,inf,1.11745453,0.978566051,1,0,10,69,2,0,50,18,2176,383,1247,1247,223,39904,7678,1824,1095,1015,1023,1023,1023,241,0,1023,0,2,6,3,7,21,6,8,7,3,4,0,1,0,0,0,0,0,0,0,0,0,0,0,0,0,0,0,0,0,0,0,0,0,0,0,0,0,0,0,0,0,0,0,0,0,0,0,0,0,0,0,0,0,0,0,0,0,0,0,0,0,0,0,0,7,7,7,7,6,9,14,7,7,8
657,1,67,69,3,64,64,0,0,0,66,0,27264,27264,2834,2834,0,9006,18258,0,0,0,852,27264,2958,1590,32,1023,10,14,0,1048576,0,0,0,inf,inf,1.05797172,0.945474982,1,0,10,67,2,17,49,0,2112,707,786,786,331,25152,8299,1590,3085,1023,1023,1023,1023,248,0,1023,0,0,0,0,0,1,2,5,7,8,9,11,6,5,5,3,4,0,0,0,0,0,0,0,0,0,0,0,0,0,0,0,0,0,0,0,0,0,0,0,0,0,0,0,0,0,0,0,0,0,0,0,0,0,0,0,0,0,0,0,0,0,0,0,0,6,5,6,7,4,10,14,5,2,6
658,0.899999976,66,69,3,64,64,0,0,0,65,0,14976,14976,1584,1584,0,5738,9238,0,0,0,468,14976,1795,1117,32,767,10,14,0,1048576,0,0,0,inf,inf,1.07672298,0.995880485,1,0,10,66,2,41,24,0,2080,942,403,403,184,12896,4796,1117,2176,703,767,767,767,210,0,767,0,0,0,0,0,1,2,0,2,4,4,6,5,7,3,4,4,6,4,1,4,5,0,0,3,0,0,0,0,0,0,0,0,0,0,0,0,0,0,0,0,0,0,0,0,0,0,0,0,0,0,0,0,0,0,0,0,0,0,0,0,0,0,0,0,2,3,13,2,8,3,25,19,4294967295,2
659,1,66,69,3,64,64,0,0,0,65,0,9344,9344,844,844,0,3760,5584,0,0,0,292,9344,1199,882,32,1023,10,14,0,1048576,0,0,0,inf,inf,0.931859374,0.855453014,1,0,10,66,2,53,12,0,2080,1041,227,227,131,7264,2719,882,1307,1023,1023,1023,1023,576,0,1023,0,0,0,0,0,0,0,0,1,2,3,4,2,4,7,8,5,6,5,9,2,2,1,1,0,1,2,0,0,0,0,0,0,0,0,0,0,0,0,0,0,0,0,0,0,0,0,0,0,0,0,0,0,0,0,0,0,0,0,0,0,0,0,0,0,7,8,3,6,8,9,22,21,5,53
660,1,66,69,3,64,64,0,0,0,65,0,26368,26368,3222,3222,0,8844,17524,0,0,0,824,26368,3160,1652,32,1023,10,14,0,1048576,0,0,0,inf,inf,1.00406945,0.888554752,1,0,10,66,2,12,52,1,2080,645,759,759,252,24288,8199,1652,2822,1023,1023,1023,1023,797,0,1023,0,0,0,0,1,2,3,5,10,8,9,9,6,4,7,1,0,0,0,0,0,0,0,0,0,0,0,0,0,0,0,0,0,0,0,0,0,0,0,0,0,0,0,0,0,0,0,0,0,0,0,0,0,0,0,0,0,0,0,0,0,0,0,0,0,5,3,5,6,4,1,7,2,8,3
661,1,68,69,3,64,64,0,0,0,67,0,25696,25696,2764,2764,0,9000,16696,0,0,0,803,25696,2740,1504,32,1023,10,14,0,1048576,0,0,0,inf,inf,1.02785099,0.918071151,1,0,10,68,2,21,43,3,2144,710,736,736,310,23552,8290,1504,3407,1023,1023,1023,1023,240,0,1023,0,0,0,0,3,0,5,2,6,7,10,6,7,9,7,2,3,0,0,0,0,0,0,0,0,0,0,0,0,0,0,0,0,0,0,0,0,0,0,0,0,0,0,0,0,0,0,0,0,0,0,0,0,0,0,0,0,0,0,0,0,0,0,0,0,3,4,4,4,22,27,10,13,4,4
662,1,67,69,3,64,64,0,0,0,66,0,25408,25408,4272,4272,0,7395,18013,0,0,0,794,25408,3020,1353,32,1023,10,14,0,1048576,0,0,0,inf,inf,0.917232275,0.812342286,1,0,10,67,2,7,55,4,2112,597,728,728,155,23296,6798,1353,1549,1023,1023,1023,1023,256,0,1023,0,0,0,1,3,2,4,8,11,12,7,5,6,2,3,1,1,0,0,0,0,0,0,0,0,0,0,0,0,0,0,0,0,0,0,0,0,0,0,0,0,0,0,0,0,0,0,0,0,0,0,0,0,0,0,0,0,0,0,0,0,0,0,0,0,4,4,2,3,4,6,5,5,6,4
663,1,66,69,3,64,64,0,0,0,65,0,12384,12384,1147,1147,0,5057,7327,0,0,0,387,12384,1564,1059,32,1023,10,14,0,1048576,0,0,0,inf,inf,1.04729497,0.976280451,1,0,10,66,2,47,18,0,2080,978,322,322,150,10304,4079,1059,2077,1023,1023,1023,1023,197,0,1023,0,0,0,0,0,0,1,0,1,3,4,5,4,5,6,4,3,13,4,3,5,3,0,0,1,0,0,0,0,0,0,0,0,0,0,0,0,0,0,0,0,0,0,0,0,0,0,0,0,0,0,0,0,0,0,0,0,0,0,0,0,0,0,0,0,3,2,28,3,28,8,26,18,2,3
664,1,67,69,3,64,64,0,0,0,66,0,16672,16672,1408,1408,0,6468,10204,0,0,0,521,16672,1936,1194,32,1023,10,14,0,1048576,0,0,0,inf,inf,0.99744755,0.924373269,1,0,10,67,2,39,27,0,2112,867,455,455,216,14560,5601,1194,2813,1023,1023,1023,1023,20,0,1023,0,0,0,0,0,0,2,1,2,6,2,9,5,8,8,7,7,4,1,1,2,1,0,0,0,0,0,0,0,0,0,0,0,0,0,0,0,0,0,0,0,0,0,0,0,0,0,0,0,0,0,0,0,0,0,0,0,0,0,0,0,0,0,0,0,2,2,3,4,6,3,4,8,2,3
665,1,69,69,1,64,64,0,2,0,68,0,15520,15520,1436,1436,0,5970,9550,0,0,0,485,15520,1895,1189,32,1023,10,14,0,1048576,0,0,0,inf,0.972074687,0.972198844,0.878176451,1,0,10,69,2,43,25,0,2176,979,417,417,191,13344,4991,1189,2201,1023,1023,1023,1023,295,0,1023,0,0,0,0,0,0,0,0,1,7,5,7,5,7,7,5,4,4,4,0,7,3,0,0,0,2,0,0,0,0,0,0,0,0,0,0,0,0,0,0,0,0,0,0,0,0,0,0,0,0,0,0,0,0,0,0,0,0,0,0,0,0,0,0,0,8,27,28,7,7,11,26,7,14,6
666,1,69,69,2,64,64,0,0,0,68,0,14144,14144,2019,2019,0,5336,8808,0,0,0,442,14144,1859,1118,32,1023,10,14,0,1048576,0,0,0,inf,inf,0.994339943,0.922541857,1,0,10,69,2,43,25,0,2176,970,374,374,132,11968,4366,1118,1488,1023,1023,1023,1023,710,0,1023,0,0,0,0,0,0,1,0,0,7,6,6,5,7,6,5,5,5,3,2,6,3,0,0,0,1,0,0,0,0,0,0,0,0,0,0,0,0,0,0,0,0,0,0,0,0,0,0,0,0,0,0,0,0,0,0,0,0,0,0,0,0,0,0,0,7,8,6,5,9,5,34,6,6,9
667,0.699999988,69,69,1,64,64,0,4,0,68,0,13440,13440,1467,1467,0,5305,8135,0,0,0,420,13440,1745,1121,32,815,10,14,0,1048576,0,0,0,inf,1.00404382,1.00709188,0.92080909,1,0,10,69,2,46,22,0,2176,993,352,352,145,11264,4312,1121,1851,783,815,815,815,38,0,815,0,0,0,0,0,0,0,0,0,5,5,6,6,7,6,5,5,9,5,1,4,2,1,0,1,0,0,0,0,0,0,0,0,0,0,0,0,0,0,0,0,0,0,0,0,0,0,0,0,0,0,0,0,0,0,0,0,0,0,0,0,0,0,0,0,16,17,15,18,4294967295,44,4294967295,4294967295,22,11
668,1,67,69,3,64,64,0,0,0,66,0,61312,61312,2720,2720,0,2927,58385,0,0,0,1916,61312,419,409,32,1023,10,14,0,1048576,0,0,0,inf,inf,1.1960063,1.03741407,1,0,10,67,2,0,0,66,2112,60,1850,1850,0,59200,2867,409,0,636,1023,1023,1023,0,0,1023,21,34,7,4,0,0,0,0,0,0,0,0,0,0,0,0,0,0,0,0,0,0,0,0,0,0,0,0,0,0,0,0,0,0,0,0,0,0,0,0,0,0,0,0,0,0,0,0,0,0,0,0,0,0,0,0,0,0,0,0,0,0,0,0,0,3,8,3,7,6,21,3,4,3,4
669,1,68,69,3,64,64,0,0,0,67,0,26496,26496,2899,2899,0,9275,17221,0,0,0,828,26496,3291,1729,32,1023,10,14,0,1048576,0,0,0,inf,inf,0.969390273,0.855414093,1,0,10,68,2,13,54,0,2144,686,761,761,294,24352,8589,1729,3254,1023,1023,1023,1023,260,0,1023,0,0,0,0,0,0,6,7,6,7,7,13,8,4,6,3,0,0,0,0,0,0,0,0,0,0,0,0,0,0,0,0,0,0,0,0,0,0,0,0,0,0,0,0,0,0,0,0,0,0,0,0,0,0,0,0,0,0,0,0,0,0,0,0,0,3,4,5,4,5,4,4,6,6,12
670,1,67,69,3,64,64,0,0,0,66,0,36576,36576,4461,4461,0,6009,30567,0,0,0,1143,36576,2328,1279,32,1023,10,14,0,1048576,0,0,0,inf,inf,0.931369066,0.827045977,1,0,10,67,2,0,34,32,2112,316,1077,1077,114,34464,5693,1279,467,951,1023,1023,1023,56,0,1023,1,3,8,5,15,12,8,5,5,2,1,1,0,0,0,0,0,0,0,0,0,0,0,0,0,0,0,0,0,0,0,0,0,0,0,0,0,0,0,0,0,0,0,0,0,0,0,0,0,0,0,0,0,0,0,0,0,0,0,0,0,0,0,0,0,6,4,4,6,14,6,4,4,4,4
671,1,68,69,3,64,64,0,0,0,67,0,15776,15776,1691,1691,0,6014,9762,0,0,0,493,15776,1956,1195,32,1023,10,14,0,1048576,0,0,0,inf,inf,1.03990686,0.957462907,1,0,10,68,2,40,27,0,2144,939,426,426,194,13632,5075,1195,2214,1023,1023,1023,1023,88,0,1023,0,0,0,0,0,0,1,0,2,5,4,10,5,6,8,4,5,2,5,0,6,3,0,0,0,1,0,0,0,0,0,0,0,0,0,0,0,0,0,0,0,0,0,0,0,0,0,0,0,0,0,0,0,0,0,0,0,0,0,0,0,0,0,0,0,5,5,7,4,7,8,13,6,7,12
672,1,68,69,3,64,64,0,0,0,67,0,25984,25984,2609,2609,0,8175,17809,0,0,0,812,25984,2646,1503,32,1023,10,14,0,1048576,0,0,0,inf,inf,0.899297953,0.811424136,1,0,10,68,2,22,40,5,2144,692,745,745,286,23840,7483,1503,2647,1015,1023,1023,1023,136,0,1023,0,0,1,1,3,1,3,7,9,9,3,5,3,7,6,3,2,1,0,0,3,0,0,0,0,0,0,0,0,0,0,0,0,0,0,0,0,0,0,0,0,0,0,0,0,0,0,0,0,0,0,0,0,0,0,0,0,0,0,0,0,0,0,0,0,4,13,4,10,4,3,12,4,6,11
673,1,69,69,2,64,64,0,0,0,68,0,25504,25504,2815,2815,0,8977,16527,0,0,0,797,25504,2846,1558,32,1023,10,14,0,1048576,0,0,0,inf,inf,1.00815868,0.90090543,1,0,10,69,2,21,45,2,2176,723,729,729,296,23328,8254,1558,3207,1023,1023,1023,1023,58,0,1023,0,0,0,0,2,1,5,3,7,5,7,9,8,8,7,5,1,0,0,0,0,0,0,0,0,0,0,0,0,0,0,0,0,0,0,0,0,0,0,0,0,0,0,0,0,0,0,0,0,0,0,0,0,0,0,0,0,0,0,0,0,0,0,0,0,8,6,8,9,10,8,9,9,4,4
674,1,67,69,3,64,64,0,0,0,66,0,25440,25440,2456,2456,0,8672,16768,0,0,0,795,25440,2812,1540,32,1023,10,14,0,1048576,0,0,0,inf,inf,0.977733731,0.882537544,1,0,10,67,2,20,45,1,2112,709,729,729,329,23328,7963,1540,3246,1003,1023,1023,1023,0,0,1023,0,0,0,0,1,1,5,2,7,7,7,9,7,6,7,4,3,0,0,0,0,0,0,0,0,0,0,0,0,0,0,0,0,0,0,0,0,0,0,0,0,0,0,0,0,0,0,0,0,0,0,0,0,0,0,0,0,0,0,0,0,0,0,0,0,3,7,45,2,38,3,5,5,3,7
675,1,69,69,1,64,64,0,1,0,68,0,17984,17984,2354,2354,0,6614,11370,0,0,0,562,17984,2163,1233,32,1023,10,14,0,1048576,0,0,0,inf,1.01796794,1.0404346,0.95028019,1,0,10,69,2,36,32,0,2176,895,494,494,189,15808,5719,1233,2166,895,1023,1023,1023,19,0,1023,0,0,0,0,0,1,1,0,1,8,6,8,7,7,5,5,6,5,3,0,4,1,0,0,0,0,0,0,0,0,0,0,0,0,0,0,0,0,0,0,0,0,0,0,0,0,0,0,0,0,0,0,0,0,0,0,0,0,0,0,0,0,0,0,0,6,7,6,13,20,11,12,5,5,9
676,1,67,69,3,64,64,0,0,0,66,0,23904,23904,2725,2725,0,8166,15738,0,0,0,747,23904,2893,1546,32,1023,10,14,0,1048576,0,0,0,inf,inf,1.03705692,0.929104209,1,0,10,67,2,18,47,1,2112,704,681,681,263,21792,7462,1546,2654,1023,1023,1023,1023,580,0,1023,0,0,0,0,1,0,4,4,7,5,7,12,8,7,7,4,0,0,0,0,0,0,0,0,0,0,0,0,0,0,0,0,0,0,0,0,0,0,0,0,0,0,0,0,0,0,0,0,0,0,0,0,0,0,0,0,0,0,0,0,0,0,0,0,0,5,5,5,6,2,3,10,6,8,6
677,1,67,69,3,64,64,0,0,0,66,0,15968,15968,1730,1730,0,6208,9760,0,0,0,499,15968,1865,1129,32,1023,10,14,0,1048576,0,0,0,inf,inf,1.03634214,0.946082115,1,0,10,67,2,40,26,0,2112,905,433,433,191,13856,5303,1129,2364,1023,1023,1023,1023,12,0,1023,0,0,0,0,0,0,2,0,1,5,3,9,6,7,6,6,5,6,4,1,4,1,0,0,0,0,0,0,0,0,0,0,0,0,0,0,0,0,0,0,0,0,0,0,0,0,0,0,0,0,0,0,0,0,0,0,0,0,0,0,0,0,0,0,0,3,2,4,21,4,2,4,2,3,4
678,1,66,69,3,64,64,0,0,0,65,0,21920,21920,1488,1488,0,7889,14031,0,0,0,685,21920,2280,1367,32,1023,10,14,0,1048576,0,0,0,inf,inf,1.04018021,0.955201387,1,0,10,66,2,30,34,1,2080,779,620,620,311,19840,7110,1367,3323,1007,1023,1023,1023,336,0,1023,0,0,0,1,0,2,2,1,5,6,6,8,4,7,8,4,2,4,3,0,2,0,0,0,0,0,0,0,0,0,0,0,0,0,0,0,0,0,0,0,0,0,0,0,0,0,0,0,0,0,0,0,0,0,0,0,0,0,0,0,0,0,0,0,0,3,2,2,2,15,2,7,9,9,3
679,1,66,69,3,64,64,0,0,0,65,0,14208,14208,1140,1140,0,5618,8590,0,0,0,444,14208,1869,1205,32,1023,10,14,0,1048576,0,0,0,inf,inf,1.0195986,0.93924284,1,0,10,66,2,41,24,0,2080,912,379,379,189,12128,4706,1205,2440,1023,1023,1023,1023,912,0,1023,0,0,0,0,0,0,2,1,1,3,2,11,4,7,7,6,3,5,3,3,4,1,1,1,0,0,0,0,0,0,0,0,0,0,0,0,0,0,0,0,0,0,0,0,0,0,0,0,0,0,0,0,0,0,0,0,0,0,0,0,0,0,0,0,0,2,2,3,3,3,3,4,8,5,38
680,1,66,69,3,64,64,0,0,0,65,0,53696,53696,3442,3442,0,3986,49710,0,0,0,1678,53696,1029,865,32,1023,10,14,0,1048576,0,0,0,inf,inf,1.18407774,1.04393375,1,0,10,66,2,0,5,60,2080,127,1613,1613,5,51616,3859,865,7,238,1023,1023,1023,0,0,1023,13,18,13,8,8,3,2,0,0,0,0,0,0,0,0,0,0,0,0,0,0,0,0,0,0,0,0,0,0,0,0,0,0,0,0,0,0,0,0,0,0,0,0,0,0,0,0,0,0,0,0,0,0,0,0,0,0,0,0,0,0,0,0,0,0,6,4,6,7,5,5,2,7,7,23
681,1,67,69,3,64,64,0,0,0,66,0,13312,13312,1652,1652,0,5199,8113,0,0,0,416,13312,1629,1025,32,1023,10,14,0,1048576,0,0,0,inf,inf,1.00020063,0.877078056,1,0,10,67,2,45,21,0,2112,956,350,350,141,11200,4243,1025,1780,1023,1023,1023,1023,0,0,1023,0,0,0,0,0,1,2,0,1,3,2,7,5,7,6,6,4,6,5,3,4,3,0,0,0,0,1,0,0,0,0,0,0,0,0,0,0,0,0,0,0,0,0,0,0,0,0,0,0,0,0,0,0,0,0,0,0,0,0,0,0,0,0,0,0,2,3,7,3,4,4,9,4,3,4
682,0.800000012,69,69,1,64,64,0,1,0,68,0,13792,13792,1587,1587,0,5524,8268,0,0,0,431,13792,1797,1149,32,895,10,14,0,1048576,0,0,0,inf,1.07303715,1.07303715,0.980132699,1,0,10,69,2,45,23,0,2176,1014,363,363,161,11616,4510,1149,1955,887,879,887,887,520,0,887,0,0,0,0,0,1,1,0,1,5,4,6,5,6,5,4,6,6,4,2,3,2,1,2,3,0,1,0,0,0,0,0,0,0,0,0,0,0,0,0,0,0,0,0,0,0,0,0,0,0,0,0,0,0,0,0,0,0,0,0,0,0,0,0,0,18,19,19,4294967295,4,17,19,4294967295,18,40
683,1,69,69,2,64,64,0,0,0,68,0,14144,14144,1812,1812,0,5443,8701,0,0,0,442,14144,1790,1095,32,1023,10,14,0,1048576,0,0,0,inf,inf,0.996649027,0.901147127,1,0,10,69,2,44,24,0,2176,962,374,374,153,11968,4481,1095,1709,1023,1023,1023,1023,934,0,1023,0,0,0,0,0,0,1,0,0,7,5,6,5,7,8,6,6,5,3,1,5,1,0,0,1,1,0,0,0,0,0,0,0,0,0,0,0,0,0,0,0,0,0,0,0,0,0,0,0,0,0,0,0,0,0,0,0,0,0,0,0,0,0,0,0,7,8,9,5,9,6,5,25,52,24
684,1,67,69,3,64,64,0,0,0,66,0,28416,28416,3284,3284,0,9564,18852,0,0,0,888,28416,3264,1713,32,1023,10,14,0,1048576,0,0,0,inf,inf,0.966935277,0.872450292,1,0,10,67,2,12,54,0,2112,686,822,822,306,26304,8878,1713,2944,735,1023,1023,1023,800,0,1023,0,0,0,0,0,2,4,4,6,5,9,14,10,4,6,1,1,0,0,0,0,0,0,0,0,0,0,0,0,0,0,0,0,0,0,0,0,0,0,0,0,0,0,0,0,0,0,0,0,0,0,0,0,0,0,0,0,0,0,0,0,0,0,0,0,3,4,4,4,2,6,6,4,56,36
685,1,67,69,3,64,64,0,0,0,66,0,14976,14976,1333,1333,0,5897,9079,0,0,0,468,14976,1748,1108,32,1023,10,14,0,1048576,0,0,0,inf,inf,1.07217038,0.962549746,1,0,10,67,2,43,23,0,2112,949,402,402,200,12864,4948,1108,2378,1023,1023,1023,1023,256,0,1023,0,0,0,0,0,0,2,0,1,5,3,9,3,6,6,6,5,3,4,1,8,3,1,0,0,0,0,0,0,0,0,0,0,0,0,0,0,0,0,0,0,0,0,0,0,0,0,0,0,0,0,0,0,0,0,0,0,0,0,0,0,0,0,0,0,2,3,3,4,4,2,4,2,4,14
686,1,67,69,3,64,64,0,0,0,66,0,23968,23968,2755,2755,0,8568,15400,0,0,0,749,23968,2570,1386,32,1023,10,14,0,1048576,0,0,0,inf,inf,0.876866817,0.810344517,1,0,10,67,2,25,41,0,2112,724,683,683,314,21856,7844,1386,2988,955,1023,1023,1023,275,0,1023,0,0,0,0,0,2,5,5,5,5,6,9,4,10,5,6,1,3,0,0,0,0,0,0,0,0,0,0,0,0,0,0,0,0,0,0,0,0,0,0,0,0,0,0,0,0,0,0,0,0,0,0,0,0,0,0,0,0,0,0,0,0,0,0,0,7,3,60,3,7,3,14,3,7,2
687,1,67,69,3,64,64,0,0,0,66,0,25824,25824,2908,2908,0,8760,17064,0,0,0,807,25824,3071,1637,32,1023,10,14,0,1048576,0,0,0,inf,inf,1.03013468,0.923026919,1,0,10,67,2,15,50,1,2112,697,741,741,285,23712,8063,1637,2843,1023,1023,1023,1023,36,0,1023,0,0,0,0,1,0,4,4,6,4,9,13,10,8,5,2,0,0,0,0,0,0,0,0,0,0,0,0,0,0,0,0,0,0,0,0,0,0,0,0,0,0,0,0,0,0,0,0,0,0,0,0,0,0,0,0,0,0,0,0,0,0,0,0,0,6,6,5,7,6,11,3,6,6,8
688,1,68,69,3,64,64,0,0,0,67,0,27648,27648,3215,3215,0,9091,18557,0,0,0,864,27648,3057,1567,32,1023,10,14,0,1048576,0,0,0,inf,inf,0.998411417,0.89889586,1,0,10,68,2,15,51,1,2144,685,797,797,310,25504,8406,1567,2890,1023,1023,1023,1023,688,0,1023,0,0,0,0,1,2,8,2,4,10,9,10,6,7,2,3,1,1,1,0,0,0,0,0,0,0,0,0,0,0,0,0,0,0,0,0,0,0,0,0,0,0,0,0,0,0,0,0,0,0,0,0,0,0,0,0,0,0,0,0,0,0,0,0,0,3,3,14,4,5,7,4,5,15,10
689,1,69,69,2,64,64,0,0,0,68,0,40128,40128,4519,4519,0,7668,32460,0,0,0,1254,40128,3319,1727,32,1023,10,14,0,1048576,0,0,0,inf,inf,1.07848549,0.958831668,1,0,10,69,2,0,52,16,2176,402,1186,1186,181,37952,7266,1727,948,1022,1023,1023,1023,128,0,1023,0,2,4,5,5,19,6,8,7,8,3,0,1,0,0,0,0,0,0,0,0,0,0,0,0,0,0,0,0,0,0,0,0,0,0,0,0,0,0,0,0,0,0,0,0,0,0,0,0,0,0,0,0,0,0,0,0,0,0,0,0,0,0,0,0,12,7,6,6,5,6,6,7,6,6
690,1,69,69,2,64,64,0,0,0,68,0,12736,12736,2593,2593,0,4755,7981,0,0,0,398,12736,2084,953,32,1023,10,14,0,1048576,0,0,0,inf,inf,0.835844278,0.739180803,1,0,10,69,2,31,37,0,2176,871,330,330,84,10560,3884,953,993,1023,1023,1023,1023,150,0,1023,0,0,0,0,0,0,2,1,1,4,7,11,11,5,2,7,8,4,4,1,0,0,0,0,0,0,0,0,0,0,0,0,0,0,0,0,0,0,0,0,0,0,0,0,0,0,0,0,0,0,0,0,0,0,0,0,0,0,0,0,0,0,0,0,0,6,6,7,5,6,5,5,7,5,7
691,1,66,69,3,64,64,0,0,0,65,0,60000,60000,2709,2709,0,2903,57097,0,0,0,1875,60000,496,394,32,1023,10,14,0,1048576,0,0,0,inf,inf,1.15360665,1.00889146,1,0,10,66,2,0,3,62,2080,70,1810,1810,0,57920,2833,394,0,346,1023,1023,1023,0,0,1023,21,30,8,3,0,3,0,0,0,0,0,0,0,0,0,0,0,0,0,0,0,0,0,0,0,0,0,0,0,0,0,0,0,0,0,0,0,0,0,0,0,0,0,0,0,0,0,0,0,0,0,0,0,0,0,0,0,0,0,0,0,0,0,0,0,3,3,6,5,10,2,3,5,0,4
692,1,67,69,3,64,64,0,0,0,66,0,10432,10432,1003,1003,0,4501,5931,0,0,0,326,10432,1255,881,32,1023,10,14,0,1048576,0,0,0,inf,inf,0.924903572,0.809472144,1,0,10,67,2,52,14,0,2112,1060,260,260,148,8320,3441,881,1813,1023,1023,1023,1023,0,0,1023,0,0,0,0,0,0,1,0,2,0,2,6,3,4,3,7,9,5,4,2,8,5,2,3,0,0,0,0,0,0,0,0,0,0,0,0,0,0,0,0,0,0,0,0,0,0,0,0,0,0,0,0,0,0,0,0,0,0,0,0,0,0,0,0,0,2,8,5,11,2,4,14,3,9,8
693,1,67,69,3,64,64,0,0,0,66,0,27136,27136,2903,2903,0,9245,17891,0,0,0,848,27136,3187,1692,32,1023,10,14,0,1048576,0,0,0,inf,inf,0.969763875,0.87773031,1,0,10,67,2,13,52,1,2112,689,782,782,320,25024,8556,1692,3019,895,1023,1023,1023,840,0,1023,0,0,0,0,1,1,3,4,6,7,9,13,9,4,6,2,1,0,0,0,0,0,0,0,0,0,0,0,0,0,0,0,0,0,0,0,0,0,0,0,0,0,0,0,0,0,0,0,0,0,0,0,0,0,0,0,0,0,0,0,0,0,0,0,0,3,4,4,6,4,4,10,2,6,9
694,1,67,69,3,64,64,0,0,0,66,0,15840,15840,2189,2189,0,5971,9869,0,0,0,495,15840,2015,1155,32,1023,10,14,0,1048576,0,0,0,inf,inf,0.997618675,0.893004775,1,0,10,67,2,37,29,0,2112,891,429,429,162,13728,5080,1155,1888,1023,1023,1023,1023,769,0,1023,0,0,0,0,0,1,1,0,1,6,6,8,6,8,4,5,4,5,4,1,3,3,0,0,0,0,0,0,0,0,0,0,0,0,0,0,0,0,0,0,0,0,0,0,0,0,0,0,0,0,0,0,0,0,0,0,0,0,0,0,0,0,0,0,0,3,5,3,2,5,7,2,5,5,7
695,1,67,69,3,64,64,0,0,0,66,0,23712,23712,2088,2088,0,8700,15012,0,0,0,741,23712,2422,1373,32,1023,10,14,0,1048576,0,0,0,inf,inf,0.887817204,0.816893041,1,0,10,67,2,28,38,0,2112,756,675,675,344,21600,7944,1373,3472,1015,1023,1023,1023,643,0,1023,0,0,0,0,0,0,3,4,6,6,7,6,6,10,8,6,1,2,1,0,0,0,0,0,0,0,0,0,0,0,0,0,0,0,0,0,0,0,0,0,0,0,0,0,0,0,0,0,0,0,0,0,0,0,0,0,0,0,0,0,0,0,0,0,0,18,6,3,13,6,4,2,14,9,6
696,1,67,69,3,64,64,0,0,0,66,0,13408,13408,1098,1098,0,5462,7946,0,0,0,419,13408,1525,1014,32,1023,10,14,0,1048576,0,0,0,inf,inf,0.987627864,0.886059046,1,0,10,67,2,47,19,0,2112,983,353,353,185,11296,4479,1014,2247,1023,1023,1023,1023,32,0,1023,0,0,0,0,0,1,0,0,1,2,4,8,3,7,8,4,4,6,4,2,7,2,2,1,0,0,0,0,0,0,0,0,0,0,0,0,0,0,0,0,0,0,0,0,0,0,0,0,0,0,0,0,0,0,0,0,0,0,0,0,0,0,0,0,0,6,23,9,7,8,16,3,32,7,4
697,1,68,69,3,64,64,0,0,0,67,0,25440,25440,2620,2620,0,8680,16760,0,0,0,795,25440,2848,1545,32,1023,10,14,0,1048576,0,0,0,inf,inf,0.988594174,0.885647416,1,0,10,68,2,20,46,1,2144,718,728,728,320,23296,7962,1545,3307,1023,1023,1023,1023,80,0,1023,0,0,0,0,1,0,6,2,8,6,6,13,5,6,8,3,3,0,0,0,0,0,0,0,0,0,0,0,0,0,0,0,0,0,0,0,0,0,0,0,0,0,0,0,0,0,0,0,0,0,0,0,0,0,0,0,0,0,0,0,0,0,0,0,0,6,6,6,3,12,4,13,5,6,6
698,1,67,69,3,64,64,0,0,0,66,0,28288,28288,2462,2462,0,9373,18915,0,0,0,884,28288,2960,1606,32,1023,10,14,0,1048576,0,0,0,inf,inf,0.971027374,0.887603521,1,0,10,67,2,17,48,1,2112,673,818,818,384,26176,8700,1606,3460,1023,1023,1023,1023,160,0,1023,0,0,0,0,1,2,7,3,6,9,9,9,3,5,5,5,2,0,0,0,0,0,0,0,0,0,0,0,0,0,0,0,0,0,0,0,0,0,0,0,0,0,0,0,0,0,0,0,0,0,0,0,0,0,0,0,0,0,0,0,0,0,0,0,0,3,2,6,5,6,6,3,6,3,3
699,1,69,69,2,64,64,0,0,0,68,0,24576,24576,2412,2412,0,8262,16314,0,0,0,768,24576,2840,1550,32,1023,10,14,0,1048576,0,0,0,inf,inf,1.02104163,0.910318971,1,0,10,69,2,22,45,1,2176,746,700,700,308,22400,7516,1550,2922,1023,1023,1023,1023,816,0,1023,0,0,0,0,1,1,5,2,6,5,8,12,6,6,6,7,2,1,0,0,0,0,0,0,0,0,0,0,0,0,0,0,0,0,0,0,0,0,0,0,0,0,0,0,0,0,0,0,0,0,0,0,0,0,0,0,0,0,0,0,0,0,0,0,0,6,5,5,4,9,7,5,7,9,7
700,1,67,69,3,64,64,0,0,0,66,0,15744,15744,1817,1817,0,6038,9706,0,0,0,492,15744,1954,1152,32,1023,10,14,0,1048576,0,0,0,inf,inf,1.03315806,0.910312891,1,0,10,67,2,38,28,0,2112,923,426,426,182,13632,5115,1152,2178,1023,1023,1023,1023,2,0,1023,0,0,0,0,0,1,2,0,2,5,3,6,9,6,4,5,4,7,2,1,3,3,1,1,0,0,1,0,0,0,0,0,0,0,0,0,0,0,0,0,0,0,0,0,0,0,0,0,0,0,0,0,0,0,0,0,0,0,0,0,0,0,0,0,0,5,3,3,3,4,4,3,2,5,2
701,1,67,69,3,64,64,0,0,0,66,0,24128,24128,2703,2703,0,8312,15816,0,0,0,754,24128,2873,1544,32,1023,10,14,0,1048576,0,0,0,inf,inf,1.08238018,0.949204922,1,0,10,67,2,19,47,0,2112,719,688,688,277,22016,7593,1544,2766,1023,1023,1023,1023,618,0,1023,0,0,0,0,0,1,3,3,6,6,8,11,9,6,9,4,0,0,0,0,0,0,0,0,0,0,0,0,0,0,0,0,0,0,0,0,0,0,0,0,0,0,0,0,0,0,0,0,0,0,0,0,0,0,0,0,0,0,0,0,0,0,0,0,0,5,6,5,8,3,7,5,6,3,8
702,1,69,69,1,64,64,0,1,0,68,0,11168,11168,1050,1050,0,4318,6850,0,0,0,349,11168,1445,1000,32,1023,10,14,0,1048576,0,0,0,inf,0.983377218,0.983377218,0.892988324,1,0,10,69,2,52,16,0,2176,1057,281,281,152,8992,3261,1000,1462,1023,1023,1023,1023,258,0,1023,0,0,0,0,0,0,0,0,0,2,6,5,3,6,8,4,4,6,5,5,9,3,2,0,0,0,0,0,0,0,0,0,0,0,0,0,0,0,0,0,0,0,0,0,0,0,0,0,0,0,0,0,0,0,0,0,0,0,0,0,0,0,0,0,0,7,6,9,26,7,22,25,20,6,20
703,1,68,69,3,64,64,0,0,0,67,0,10976,10976,1053,1053,0,4561,6415,0,0,0,343,10976,1419,972,32,1023,10,14,0,1048576,0,0,0,inf,inf,1.02706838,0.893399,1,0,10,68,2,51,16,0,2144,1053,276,276,141,8832,3508,972,1608,767,1023,1023,1023,128,0,1023,0,0,0,0,0,1,1,0,0,0,4,6,4,4,5,6,7,7,5,2,6,6,1,1,0,0,1,0,0,0,0,0,0,0,0,0,0,0,0,0,0,0,0,0,0,0,0,0,0,0,0,0,0,0,0,0,0,0,0,0,0,0,0,0,0,7,10,10,8,6,8,10,9,7,7
704,1,69,69,1,64,64,0,2,0,68,0,10304,10304,1322,1322,0,4135,6169,0,0,0,322,10304,1303,900,32,1023,10,14,0,1048576,0,0,0,inf,0.9897331,0.990506768,0.898578644,1,0,10,69,2,54,14,0,2176,1110,254,254,113,8128,3025,900,1244,1023,639,1023,1023,0,0,1023,0,0,0,0,0,1,2,1,0,0,2,5,3,2,3,8,8,7,3,5,5,4,2,5,2,0,0,0,0,0,0,0,0,0,0,0,0,0,0,0,0,0,0,0,0,0,0,0,0,0,0,0,0,0,0,0,0,0,0,0,0,0,0,0,0,7,7,27,7,26,7,7,20,20,26
705,1,67,69,3,64,64,0,0,0,66,0,24064,24064,2676,2676,0,8058,16006,0,0,0,752,24064,2817,1530,32,1023,10,14,0,1048576,0,0,0,inf,inf,1.09611607,0.986169577,1,0,10,67,2,20,45,1,2112,719,686,686,270,21952,7339,1530,2508,1023,1023,1023,1023,576,0,1023,0,0,0,0,1,1,3,3,6,5,7,11,9,8,7,3,2,0,0,0,0,0,0,0,0,0,0,0,0,0,0,0,0,0,0,0,0,0,0,0,0,0,0,0,0,0,0,0,0,0,0,0,0,0,0,0,0,0,0,0,0,0,0,0,0,3,4,7,3,20,5,7,3,6,7
706,1,69,69,1,64,64,0,4,0,68,0,23424,23424,2345,2345,0,8044,15380,0,0,0,732,23424,2677,1468,32,1023,10,14,0,1048576,0,0,0,inf,1.06872916,1.08726168,0.964799047,1,0,10,69,2,24,43,1,2176,766,664,664,295,21248,7278,1468,2844,1023,1023,1023,1023,641,0,1023,0,0,0,0,1,1,3,2,6,6,4,12,9,8,7,5,3,0,1,0,0,0,0,0,0,0,0,0,0,0,0,0,0,0,0,0,0,0,0,0,0,0,0,0,0,0,0,0,0,0,0,0,0,0,0,0,0,0,0,0,0,0,0,0,0,9,6,6,6,6,5,6,8,6,10
707,1,69,69,1,64,64,0,1,0,68,0,26048,26048,2733,2733,0,8948,17100,0,0,0,814,26048,3022,1623,32,1023,10,14,0,1048576,0,0,0,inf,1.0377841,1.0377841,0.925220013,1,0,10,69,2,19,49,0,2176,725,746,746,302,23872,8223,1623,3131,767,1023,1023,1023,272,0,1023,0,0,0,0,0,1,5,4,9,4,7,10,9,6,7,6,0,0,0,0,0,0,0,0,0,0,0,0,0,0,0,0,0,0,0,0,0,0,0,0,0,0,0,0,0,0,0,0,0,0,0,0,0,0,0,0,0,0,0,0,0,0,0,0,0,9,8,7,7,9,7,9,5,16,11
708,1,69,69,1,64,64,0,3,0,68,0,14176,14176,1176,1176,0,5699,8477,0,0,0,443,14176,1785,1188,32,1023,10,14,0,1048576,0,0,0,inf,1.03411913,1.03541076,0.94538039,1,0,10,69,2,46,22,0,2176,1025,375,375,186,12000,4674,1188,2388,959,1023,1023,1023,96,0,1023,0,0,0,0,0,0,2,0,1,3,5,6,5,4,5,7,3,10,3,3,3,1,1,3,1,2,0,0,0,0,0,0,0,0,0,0,0,0,0,0,0,0,0,0,0,0,0,0,0,0,0,0,0,0,0,0,0,0,0,0,0,0,0,0,0,9,10,11,29,17,29,58,28,7,18
709,1,67,69,3,64,64,0,0,0,66,0,7744,7744,776,776,0,3323,4421,0,0,0,242,7744,1100,825,32,1023,10,14,0,1048576,0,0,0,inf,inf,0.958384037,0.861430943,1,0,10,67,2,56,10,0,2112,1061,176,176,96,5632,2262,825,1234,1023,507,1023,1023,34,0,1023,0,0,0,0,0,0,1,0,0,1,2,5,1,5,6,5,8,9,8,2,7,4,1,0,0,0,1,0,0,0,0,0,0,0,0,0,0,0,0,0,0,0,0,0,0,0,0,0,0,0,0,0,0,0,0,0,0,0,0,0,0,0,0,0,0,16,14,7,14,16,18,15,14,15,40
710,1,66,69,3,64,64,0,0,0,65,0,27936,27936,3005,3005,0,9333,18603,0,0,0,873,27936,3147,1650,32,1023,10,14,0,1048576,0,0,0,inf,inf,0.986638188,0.873261333,1,0,10,66,2,13,52,0,2080,658,808,808,335,25856,8675,1650,3080,511,1023,1023,1023,268,0,1023,0,0,0,0,0,5,4,5,6,4,7,12,9,4,7,2,0,0,0,0,0,0,0,0,0,0,0,0,0,0,0,0,0,0,0,0,0,0,0,0,0,0,0,0,0,0,0,0,0,0,0,0,0,0,0,0,0,0,0,0,0,0,0,0,0,3,4,6,5,1,2,4,4,6,11
711,1,69,69,2,64,64,0,0,0,68,0,16064,16064,1684,1684,0,6204,9860,0,0,0,502,16064,1942,1208,32,1023,10,14,0,1048576,0,0,0,inf,inf,0.950637817,0.860284269,1,0,10,69,2,41,27,0,2176,988,434,434,179,13888,5216,1208,2408,255,1023,1023,1023,56,0,1023,0,0,0,0,0,0,1,0,0,4,7,9,6,8,4,3,5,3,3,1,5,5,1,3,0,0,0,0,0,0,0,0,0,0,0,0,0,0,0,0,0,0,0,0,0,0,0,0,0,0,0,0,0,0,0,0,0,0,0,0,0,0,0,0,0,5,5,5,26,6,9,10,25,3,5
712,1,66,69,3,64,64,0,0,0,65,0,25216,25216,2559,2559,0,8710,16506,0,0,0,788,25216,2779,1549,32,1023,10,14,0,1048576,0,0,0,inf,inf,0.997323513,0.890061021,1,0,10,66,2,19,44,2,2080,690,723,723,305,23136,8020,1549,3061,1023,1023,1023,1023,48,0,1023,0,0,0,0,2,0,3,3,4,12,8,8,6,10,5,1,3,0,0,0,0,0,0,0,0,0,0,0,0,0,0,0,0,0,0,0,0,0,0,0,0,0,0,0,0,0,0,0,0,0,0,0,0,0,0,0,0,0,0,0,0,0,0,0,0,19,4,3,2,9,10,1,4,2,4
713,1,69,69,2,64,64,0,0,0,68,0,30624,30624,2792,2792,0,10455,20169,0,0,0,957,30624,3366,1820,32,1023,10,14,0,1048576,0,0,0,inf,inf,0.959676087,0.841066837,1,0,10,69,2,13,55,0,2176,720,889,889,380,28448,9735,1820,3877,1015,1023,1023,1023,72,0,1023,0,0,0,0,0,0,3,4,4,13,12,10,9,5,1,4,3,0,0,0,0,0,0,0,0,0,0,0,0,0,0,0,0,0,0,0,0,0,0,0,0,0,0,0,0,0,0,0,0,0,0,0,0,0,0,0,0,0,0,0,0,0,0,0,0,5,6,5,33,5,5,6,6,19,6
714,1,69,69,2,64,64,0,0,0,68,0,17984,17984,2083,2083,0,6569,11415,0,0,0,562,17984,2167,1235,32,1023,10,14,0,1048576,0,0,0,inf,inf,0.963867068,0.864796996,1,0,10,69,2,35,32,1,2176,873,494,494,206,15808,5696,1235,2163,1023,1023,1023,1023,512,0,1023,0,0,0,1,0,1,0,0,1,7,4,14,5,11,3,5,7,4,2,0,1,1,0,1,0,0,0,0,0,0,0,0,0,0,0,0,0,0,0,0,0,0,0,0,0,0,0,0,0,0,0,0,0,0,0,0,0,0,0,0,0,0,0,0,0,7,8,6,5,7,7,4,11,27,8
715,1,66,69,3,64,64,0,0,0,65,0,50880,50880,3624,3624,0,4121,46759,0,0,0,1590,50880,1007,870,32,1023,10,14,0,1048576,0,0,0,inf,inf,1.11176217,0.994173169,1,0,10,66,2,0,4,61,2080,129,1525,1525,11,48800,3992,870,19,749,1023,1023,1023,0,0,1023,8,26,9,9,9,3,0,1,0,0,0,0,0,0,0,0,0,0,0,0,0,0,0,0,0,0,0,0,0,0,0,0,0,0,0,0,0,0,0,0,0,0,0,0,0,0,0,0,0,0,0,0,0,0,0,0,0,0,0,0,0,0,0,0,0,2,3,3,5,2,5,4,2,4,7
716,1,66,69,3,64,64,0,0,0,65,0,29728,29728,3393,3393,0,10106,19622,0,0,0,929,29728,3428,1787,32,1023,10,14,0,1048576,0,0,0,inf,inf,0.942136526,0.841255665,1,0,10,66,2,7,56,2,2080,619,864,864,340,27648,9487,1787,3393,991,1023,1023,1023,678,0,1023,0,0,0,0,2,2,3,6,8,11,13,6,7,2,3,2,0,0,0,0,0,0,0,0,0,0,0,0,0,0,0,0,0,0,0,0,0,0,0,0,0,0,0,0,0,0,0,0,0,0,0,0,0,0,0,0,0,0,0,0,0,0,0,0,0,3,6,6,8,2,55,2,8,7,10
717,1,69,69,2,64,64,0,0,0,68,0,17600,17600,1988,1988,0,6636,10964,0,0,0,550,17600,2153,1239,32,1023,10,14,0,1048576,0,0,0,inf,inf,0.998778641,0.900284886,1,0,10,69,2,36,32,0,2176,906,482,482,196,15424,5730,1239,2205,991,1023,1023,1023,24,0,1023,0,0,0,0,0,1,0,0,2,6,6,12,5,8,6,3,6,4,3,1,1,1,1,2,0,0,0,0,0,0,0,0,0,0,0,0,0,0,0,0,0,0,0,0,0,0,0,0,0,0,0,0,0,0,0,0,0,0,0,0,0,0,0,0,0,10,5,10,24,5,27,10,5,4,24
718,1,67,69,3,64,64,0,0,0,66,0,40448,40448,4594,4594,0,7677,32771,0,0,0,1264,40448,3083,1622,32,1023,10,14,0,1048576,0,0,0,inf,inf,1.02174783,0.906482577,1,0,10,67,2,0,48,18,2112,387,1198,1198,191,38336,7290,1622,982,1023,1023,1023,1023,68,0,1023,0,1,2,5,10,16,8,8,8,4,2,1,1,0,0,0,0,0,0,0,0,0,0,0,0,0,0,0,0,0,0,0,0,0,0,0,0,0,0,0,0,0,0,0,0,0,0,0,0,0,0,0,0,0,0,0,0,0,0,0,0,0,0,0,0,5,4,6,8,12,9,10,5,8,8
719,1,69,69,2,64,64,0,0,0,68,0,19040,19040,2156,2156,0,7083,11957,0,0,0,595,19040,2234,1281,32,1023,10,14,0,1048576,0,0,0,inf,inf,0.983996272,0.894868255,1,0,10,69,2,34,33,1,2176,869,527,527,232,16864,6214,1281,2464,1023,1023,1023,1023,256,0,1023,0,0,0,1,0,1,0,0,1,6,6,12,7,10,5,5,5,4,2,0,1,1,0,1,0,0,0,0,0,0,0,0,0,0,0,0,0,0,0,0,0,0,0,0,0,0,0,0,0,0,0,0,0,0,0,0,0,0,0,0,0,0,0,0,0,7,8,7,12,8,11,5,4,19,9
720,1,68,69,3,64,64,0,0,0,67,0,41824,41824,4525,4525,0,7694,34130,0,0,0,1307,41824,3050,1612,32,1023,10,14,0,1048576,0,0,0,inf,inf,1.01966035,0.926109493,1,0,10,68,2,0,47,20,2144,381,1240,1240,210,39680,7313,1612,1042,1023,1023,1023,1023,4,0,1023,1,2,5,5,7,13,9,9,7,4,4,0,1,0,0,0,0,0,0,0,0,0,0,0,0,0,0,0,0,0,0,0,0,0,0,0,0,0,0,0,0,0,0,0,0,0,0,0,0,0,0,0,0,0,0,0,0,0,0,0,0,0,0,0,0,5,4,6,11,5,8,11,5,8,5
721,1,68,69,3,64,64,0,0,0,67,0,28032,28032,2952,2952,0,9660,18372,0,0,0,876,28032,3296,1744,32,1023,10,14,0,1048576,0,0,0,inf,inf,0.961762249,0.84711653,1,0,10,68,2,12,53,2,2144,665,809,809,326,25888,8995,1744,3346,1023,1023,1023,1023,161,0,1023,0,0,0,0,2,2,3,8,6,6,9,14,5,3,7,2,0,0,0,0,0,0,0,0,0,0,0,0,0,0,0,0,0,0,0,0,0,0,0,0,0,0,0,0,0,0,0,0,0,0,0,0,0,0,0,0,0,0,0,0,0,0,0,0,0,6,5,4,3,6,6,5,7,4,4
722,1,67,69,3,64,64,0,0,0,66,0,12736,12736,1153,1153,0,5302,7434,0,0,0,398,12736,1466,978,32,1023,10,14,0,1048576,0,0,0,inf,inf,0.971084714,0.875466049,1,0,10,67,2,48,18,0,2112,1004,332,332,172,10624,4298,978,2263,1023,1023,1023,1023,97,0,1023,0,0,0,0,0,0,1,0,0,4,2,5,6,5,5,6,8,8,4,0,5,2,4,0,1,0,0,0,0,0,0,0,0,0,0,0,0,0,0,0,0,0,0,0,0,0,0,0,0,0,0,0,0,0,0,0,0,0,0,0,0,0,0,0,0,7,7,2,8,9,12,4,9,3,13
723,1,66,69,3,64,64,0,0,0,65,0,33088,33088,3328,3328,0,11052,22036,0,0,0,1034,33088,3538,1890,32,1023,10,14,0,1048576,0,0,0,inf,inf,0.952237248,0.863496244,1,0,10,66,2,7,57,1,2080,602,969,969,385,31008,10450,1890,3906,1023,1023,1023,1023,796,0,1023,0,0,0,0,1,0,4,9,13,11,8,9,3,5,2,0,0,0,0,0,0,0,0,0,0,0,0,0,0,0,0,0,0,0,0,0,0,0,0,0,0,0,0,0,0,0,0,0,0,0,0,0,0,0,0,0,0,0,0,0,0,0,0,0,0,15,3,7,5,9,3,4,3,17,8
724,1,66,69,3,64,64,0,0,0,65,0,42304,42304,4240,4240,0,7359,34945,0,0,0,1322,42304,2949,1712,32,1023,10,14,0,1048576,0,0,0,inf,inf,1.06895518,0.959226429,1,0,10,66,2,0,41,24,2080,332,1257,1257,192,40224,7027,1712,937,1021,1023,1023,1023,193,0,1023,2,2,4,7,9,16,7,6,7,5,0,0,0,0,0,0,0,0,0,0,0,0,0,0,0,0,0,0,0,0,0,0,0,0,0,0,0,0,0,0,0,0,0,0,0,0,0,0,0,0,0,0,0,0,0,0,0,0,0,0,0,0,0,0,0,4,2,8,3,3,4,4,6,2,3
725,1,68,69,3,64,64,0,0,0,67,0,13824,13824,1558,1558,0,5381,8443,0,0,0,432,13824,1775,1093,32,1023,10,14,0,1048576,0,0,0,inf,inf,1.01543117,0.924819112,1,0,10,68,2,43,24,0,2144,975,365,365,171,11680,4406,1093,1886,1023,1023,1023,1023,10,0,1023,0,0,0,0,0,1,1,0,1,5,4,7,5,6,5,5,3,8,4,1,5,3,1,0,0,1,1,0,0,0,0,0,0,0,0,0,0,0,0,0,0,0,0,0,0,0,0,0,0,0,0,0,0,0,0,0,0,0,0,0,0,0,0,0,0,6,7,6,4,8,4,4,6,6,4
726,1,67,69,3,64,64,0,0,0,66,0,28224,28224,2086,2086,0,9308,18916,0,0,0,882,28224,2763,1579,32,1023,10,14,0,1048576,0,0,0,inf,inf,0.930414259,0.82262814,1,0,10,67,2,22,43,1,2112,724,816,816,406,26112,8584,1579,3572,1023,1023,1023,1023,128,0,1023,0,0,1,0,0,3,5,1,4,7,8,9,6,9,2,4,3,3,0,0,1,0,0,0,0,0,0,0,0,0,0,0,0,0,0,0,0,0,0,0,0,0,0,0,0,0,0,0,0,0,0,0,0,0,0,0,0,0,0,0,0,0,0,0,0,3,2,7,8,4,3,2,8,8,4
727,1,68,69,3,64,64,0,0,0,67,0,9728,9728,1035,1035,0,4315,5413,0,0,0,304,9728,1201,850,32,1023,10,14,0,1048576,0,0,0,inf,inf,0.872245431,0.748459995,1,0,10,68,2,54,13,0,2144,1093,237,237,133,7584,3222,850,1704,1023,1023,1023,1023,0,0,1023,0,0,0,0,0,0,1,0,2,0,3,5,2,3,4,7,7,7,5,1,9,4,3,4,0,0,0,0,0,0,0,0,0,0,0,0,0,0,0,0,0,0,0,0,0,0,0,0,0,0,0,0,0,0,0,0,0,0,0,0,0,0,0,0,0,6,3,10,18,10,14,8,6,8,5
728,1,67,69,3,64,64,0,0,0,66,0,36160,36160,4260,4260,0,7020,29140,0,0,0,1130,36160,3053,1649,32,1023,10,14,0,1048576,0,0,0,inf,inf,0.947650015,0.804592669,1,0,10,67,2,2,46,18,2112,422,1064,1064,167,34048,6598,1649,861,1023,1023,1023,1023,192,0,1023,0,2,2,5,9,7,11,9,6,5,6,2,0,2,0,0,0,0,0,0,0,0,0,0,0,0,0,0,0,0,0,0,0,0,0,0,0,0,0,0,0,0,0,0,0,0,0,0,0,0,0,0,0,0,0,0,0,0,0,0,0,0,0,0,0,8,9,9,9,9,9,11,10,3,11
729,1,69,69,2,64,64,0,0,0,68,0,28352,28352,2900,2900,0,8976,19376,0,0,0,886,28352,2855,1552,32,1023,10,14,0,1048576,0,0,0,inf,inf,0.866081119,0.781524539,1,0,10,69,2,19,45,4,2176,674,818,818,308,26176,8302,1552,3176,987,1023,1023,1023,397,0,1023,0,0,1,0,3,3,6,8,7,8,5,4,4,5,5,3,2,3,0,0,1,0,0,0,0,0,0,0,0,0,0,0,0,0,0,0,0,0,0,0,0,0,0,0,0,0,0,0,0,0,0,0,0,0,0,0,0,0,0,0,0,0,0,0,0,8,9,9,12,2,5,6,14,8,6
730,1,68,69,3,64,64,0,0,0,67,0,44288,44288,4232,4232,0,8129,36159,0,0,0,1384,44288,3171,1871,32,1023,10,14,0,1048576,0,0,0,inf,inf,0.999074936,0.892486095,1,0,10,68,2,0,43,24,2144,357,1317,1317,258,42144,7772,1871,1166,1021,1023,1023,1023,525,0,1023,1,3,5,5,10,13,11,6,6,4,2,0,1,0,0,0,0,0,0,0,0,0,0,0,0,0,0,0,0,0,0,0,0,0,0,0,0,0,0,0,0,0,0,0,0,0,0,0,0,0,0,0,0,0,0,0,0,0,0,0,0,0,0,0,0,8,5,14,9,5,8,4,8,9,38
731,1,67,69,3,64,64,0,0,0,66,0,25728,25728,2978,2978,0,8828,16900,0,0,0,804,25728,3175,1640,32,1023,10,14,0,1048576,0,0,0,inf,inf,0.966191411,0.863763809,1,0,10,67,2,14,52,0,2112,677,738,738,288,23616,8151,1640,2867,1023,1023,1023,1023,40,0,1023,0,0,0,0,0,1,1,9,7,9,7,13,5,5,7,2,0,0,0,0,0,0,0,0,0,0,0,0,0,0,0,0,0,0,0,0,0,0,0,0,0,0,0,0,0,0,0,0,0,0,0,0,0,0,0,0,0,0,0,0,0,0,0,0,0,3,3,7,4,3,5,3,4,7,4
732,1,67,69,3,64,64,0,0,0,66,0,26848,26848,2878,2878,0,9167,17681,0,0,0,839,26848,3115,1659,32,1023,10,14,0,1048576,0,0,0,inf,inf,0.962467074,0.872084022,1,0,10,67,2,14,51,1,2112,688,773,773,314,24736,8479,1659,3000,1023,1023,1023,1023,656,0,1023,0,0,0,0,1,2,4,3,6,6,8,13,9,4,7,2,1,0,0,0,0,0,0,0,0,0,0,0,0,0,0,0,0,0,0,0,0,0,0,0,0,0,0,0,0,0,0,0,0,0,0,0,0,0,0,0,0,0,0,0,0,0,0,0,0,3,5,4,4,5,4,3,7,4,5
733,1,67,69,3,64,64,0,0,0,66,0,28352,28352,3001,3001,0,9551,18801,0,0,0,886,28352,3278,1725,32,1023,10,14,0,1048576,0,0,0,inf,inf,1.02447462,0.933512449,1,0,10,67,2,12,54,0,2112,671,820,820,342,26240,8880,1725,3150,767,1023,1023,1023,68,0,1023,0,0,0,0,0,3,6,3,7,5,9,14,7,3,5,3,1,0,0,0,0,0,0,0,0,0,0,0,0,0,0,0,0,0,0,0,0,0,0,0,0,0,0,0,0,0,0,0,0,0,0,0,0,0,0,0,0,0,0,0,0,0,0,0,0,3,5,5,4,4,4,5,4,33,4
734,0.800000012,67,69,3,64,64,0,0,0,66,0,16352,16352,1090,1090,0,6239,10113,0,0,0,511,16352,1819,1181,32,511,10,14,0,1048576,0,0,0,inf,inf,0.977246523,0.89390707,1,0,10,67,2,41,24,1,2112,885,445,445,245,14240,5354,1181,2830,383,511,383,383,200,0,383,0,0,1,0,0,0,2,0,1,4,2,8,7,8,8,7,8,5,0,1,3,0,1,0,0,0,0,0,0,0,0,0,0,0,0,0,0,0,0,0,0,0,0,0,0,0,0,0,0,0,0,0,0,0,0,0,0,0,0,0,0,0,0,0,0,2,2,3,3,4,2,7,4294967295,4,4294967295
735,0.899999976,66,69,3,64,64,0,0,0,65,0,12800,12800,1134,1134,0,4858,7942,0,0,0,400,12800,1541,1070,32,1021,10,14,0,1048576,0,0,0,inf,inf,0.930721641,0.838298082,1,0,10,66,2,48,17,0,2080,1049,335,335,177,10720,3809,1070,1733,1021,893,1021,1021,512,0,1021,0,0,0,0,0,0,0,2,4,4,3,4,0,5,5,6,3,5,3,3,2,3,0,2,4,4,2,1,0,0,0,0,0,0,0,0,0,0,0,0,0,0,0,0,0,0,0,0,0,0,0,0,0,0,0,0,0,0,0,0,0,0,0,0,0,39,4294967295,40,17,1,5,3,6,3,43
736,1,67,69,3,64,64,0,0,0,66,0,39072,39072,4634,4634,0,7529,31543,0,0,0,1221,39072,3204,1683,32,1023,10,14,0,1048576,0,0,0,inf,inf,0.995113611,0.85817647,1,0,10,67,2,1,50,15,2112,404,1155,1155,143,36960,7125,1683,936,1023,1023,1023,1023,72,0,1023,0,1,4,4,6,16,8,5,10,7,4,0,0,1,0,0,0,0,0,0,0,0,0,0,0,0,0,0,0,0,0,0,0,0,0,0,0,0,0,0,0,0,0,0,0,0,0,0,0,0,0,0,0,0,0,0,0,0,0,0,0,0,0,0,0,6,4,5,5,4,4,4,5,2,2
737,0.899999976,67,69,3,64,64,0,0,0,66,0,10784,10784,1256,1256,0,4398,6386,0,0,0,337,10784,1433,976,32,767,10,14,0,1048576,0,0,0,inf,inf,1.00096869,0.928138733,1,0,10,67,2,50,16,0,2112,1013,271,271,112,8672,3385,976,1593,703,767,767,767,2,0,767,0,0,0,0,0,0,1,0,0,2,2,4,7,7,6,6,5,9,3,1,6,6,0,0,1,0,0,0,0,0,0,0,0,0,0,0,0,0,0,0,0,0,0,0,0,0,0,0,0,0,0,0,0,0,0,0,0,0,0,0,0,0,0,0,0,3,3,2,7,4,11,35,4,4294967295,2
738,1,68,69,3,64,64,0,0,0,67,0,22752,22752,2461,2461,0,7816,14936,0,0,0,711,22752,2670,1445,32,1023,10,14,0,1048576,0,0,0,inf,inf,1.03317964,0.909466505,1,0,10,68,2,23,43,1,2144,734,644,644,275,20608,7082,1445,2616,1023,1023,1023,1023,705,0,1023,0,0,0,0,1,2,4,3,8,4,4,10,8,7,8,5,1,1,1,0,0,0,0,0,0,0,0,0,0,0,0,0,0,0,0,0,0,0,0,0,0,0,0,0,0,0,0,0,0,0,0,0,0,0,0,0,0,0,0,0,0,0,0,0,0,6,5,6,6,5,7,6,6,5,7
739,1,69,69,2,64,64,0,0,0,68,0,29696,29696,3666,3666,0,9566,20130,0,0,0,928,29696,3218,1621,32,1023,10,14,0,1048576,0,0,0,inf,inf,0.922525525,0.838252962,1,0,10,69,2,13,55,0,2176,676,860,860,313,27520,8890,1621,2745,1021,1023,1023,1023,106,0,1023,0,0,0,0,0,3,6,5,6,9,12,9,5,7,1,3,2,0,0,0,0,0,0,0,0,0,0,0,0,0,0,0,0,0,0,0,0,0,0,0,0,0,0,0,0,0,0,0,0,0,0,0,0,0,0,0,0,0,0,0,0,0,0,0,0,7,22,5,34,8,22,23,8,5,8
740,1,67,69,3,64,64,0,0,0,66,0,27008,27008,3043,3043,0,9249,17759,0,0,0,844,27008,3185,1680,32,1023,10,14,0,1048576,0,0,0,inf,inf,0.973258913,0.883069873,1,0,10,67,2,13,52,1,2112,680,778,778,312,24896,8569,1680,3032,895,1023,1023,1023,580,0,1023,0,0,0,0,1,1,4,4,8,6,9,12,8,3,7,2,1,0,0,0,0,0,0,0,0,0,0,0,0,0,0,0,0,0,0,0,0,0,0,0,0,0,0,0,0,0,0,0,0,0,0,0,0,0,0,0,0,0,0,0,0,0,0,0,0,3,4,6,4,4,4,6,2,4,9
741,1,68,69,3,64,64,0,0,0,67,0,26272,26272,2635,2635,0,8322,17950,0,0,0,821,26272,2789,1537,32,1023,10,14,0,1048576,0,0,0,inf,inf,0.876659274,0.759145498,1,0,10,68,2,22,43,2,2144,698,754,754,293,24128,7624,1537,2852,1023,1023,1023,1023,392,0,1023,0,0,0,0,2,2,5,6,9,9,4,5,3,8,4,4,2,2,1,0,1,0,0,0,0,0,0,0,0,0,0,0,0,0,0,0,0,0,0,0,0,0,0,0,0,0,0,0,0,0,0,0,0,0,0,0,0,0,0,0,0,0,0,0,0,8,9,2,9,9,2,3,13,10,8
742,1,66,69,3,64,64,0,0,0,65,0,60192,60192,2567,2567,0,2746,57446,0,0,0,1881,60192,400,390,32,1023,10,14,0,1048576,0,0,0,inf,inf,1.20154023,1.06041789,1,0,10,66,2,0,0,65,2080,53,1816,1816,0,58112,2693,390,0,616,1023,1023,1023,0,0,1023,27,29,4,4,1,0,0,0,0,0,0,0,0,0,0,0,0,0,0,0,0,0,0,0,0,0,0,0,0,0,0,0,0,0,0,0,0,0,0,0,0,0,0,0,0,0,0,0,0,0,0,0,0,0,0,0,0,0,0,0,0,0,0,0,0,8,9,8,20,8,7,19,10,9,18
743,1,67,69,3,64,64,0,0,0,66,0,29312,29312,3164,3164,0,9782,19530,0,0,0,916,29312,3392,1784,32,1023,10,14,0,1048576,0,0,0,inf,inf,1.00339723,0.881838441,1,0,10,67,2,10,56,0,2112,670,850,850,344,27200,9112,1784,3212,1023,1023,1023,1023,580,0,1023,0,0,0,0,0,3,5,4,7,4,9,14,10,2,6,1,1,0,0,0,0,0,0,0,0,0,0,0,0,0,0,0,0,0,0,0,0,0,0,0,0,0,0,0,0,0,0,0,0,0,0,0,0,0,0,0,0,0,0,0,0,0,0,0,0,5,2,9,6,6,3,13,3,5,13
744,1,67,69,3,64,64,0,0,0,66,0,26592,26592,2946,2946,0,9079,17513,0,0,0,831,26592,3165,1678,32,1023,10,14,0,1048576,0,0,0,inf,inf,0.986759245,0.888779163,1,0,10,67,2,14,52,0,2112,708,765,765,306,24480,8371,1678,2885,1023,1023,1023,1023,72,0,1023,0,0,0,0,0,1,3,3,5,6,10,14,10,4,7,2,1,0,0,0,0,0,0,0,0,0,0,0,0,0,0,0,0,0,0,0,0,0,0,0,0,0,0,0,0,0,0,0,0,0,0,0,0,0,0,0,0,0,0,0,0,0,0,0,0,3,4,4,5,2,5,6,4,3,4
745,1,67,69,3,64,64,0,0,0,66,0,23072,23072,2822,2822,0,7603,15469,0,0,0,721,23072,2785,1483,32,1023,10,14,0,1048576,0,0,0,inf,inf,1.03658485,0.938227534,1,0,10,67,2,21,45,0,2112,714,655,655,227,20960,6889,1483,2166,1023,1023,1023,1023,640,0,1023,0,0,0,0,0,1,3,4,7,7,3,12,8,11,8,1,1,0,0,0,0,0,0,0,0,0,0,0,0,0,0,0,0,0,0,0,0,0,0,0,0,0,0,0,0,0,0,0,0,0,0,0,0,0,0,0,0,0,0,0,0,0,0,0,0,4,4,4,4,4,4,3,20,4,6
746,1,67,69,3,64,64,0,0,0,66,0,14592,14592,1942,1942,0,5635,8957,0,0,0,456,14592,1923,1153,32,1023,10,14,0,1048576,0,0,0,inf,inf,1.02983987,0.930684865,1,0,10,67,2,40,26,0,2112,931,390,390,147,12480,4704,1153,1826,1023,1023,1023,1023,129,0,1023,0,0,0,0,0,1,2,0,1,5,4,8,5,5,5,5,4,8,3,1,4,4,0,0,0,0,1,0,0,0,0,0,0,0,0,0,0,0,0,0,0,0,0,0,0,0,0,0,0,0,0,0,0,0,0,0,0,0,0,0,0,0,0,0,0,4,2,2,4,6,6,7,7,6,12
747,0.899999976,68,69,3,64,64,0,0,0,67,0,14112,14112,1736,1736,0,5599,8513,0,0,0,441,14112,1884,1132,32,991,10,14,0,1048576,0,0,0,inf,inf,1.0486846,0.97031796,1,0,10,68,2,41,26,0,2144,974,374,374,161,11968,4625,1132,1919,991,671,991,991,524,0,991,0,0,0,0,0,1,1,0,3,4,4,8,5,6,5,4,6,3,4,0,3,4,0,2,3,0,1,0,0,0,0,0,0,0,0,0,0,0,0,0,0,0,0,0,0,0,0,0,0,0,0,0,0,0,0,0,0,0,0,0,0,0,0,0,0,13,14,17,17,12,4294967295,10,14,3,16
748,1,67,69,3,64,64,0,0,0,66,0,23424,23424,2881,2881,0,7953,15471,0,0,0,732,23424,2874,1536,32,1023,10,14,0,1048576,0,0,0,inf,inf,1.00878024,0.896164536,1,0,10,67,2,19,46,1,2112,694,666,666,248,21312,7259,1536,2354,1023,1023,1023,1023,745,0,1023,0,0,0,0,1,1,6,3,8,5,6,9,8,7,7,5,0,0,0,0,0,0,0,0,0,0,0,0,0,0,0,0,0,0,0,0,0,0,0,0,0,0,0,0,0,0,0,0,0,0,0,0,0,0,0,0,0,0,0,0,0,0,0,0,0,5,4,6,6,4,5,8,6,4,5
749,0.899999976,69,69,2,64,64,0,0,0,68,0,3776,3776,654,654,0,1824,1952,0,0,0,118,3776,760,676,32,1023,10,14,0,1048576,0,0,0,inf,inf,0.932054758,0.840691149,1,0,10,69,2,65,3,0,2176,1186,50,50,26,1600,638,676,357,1021,879,1021,1021,258,0,1021,0,0,0,0,0,0,0,0,0,0,1,2,0,4,5,4,12,9,7,6,6,4,5,0,2,1,0,0,0,0,0,0,0,0,0,0,0,0,0,0,0,0,0,0,0,0,0,0,0,0,0,0,0,0,0,0,0,0,0,0,0,0,0,0,0,9,4294967295,8,7,8,38,4,6,20,10
750,1,66,69,3,64,64,0,0,0,65,0,42208,42208,4424,4424,0,7764,34444,0,0,0,1319,42208,3065,1761,32,1023,10,14,0,1048576,0,0,0,inf,inf,1.02352238,0.92335397,1,0,10,66,2,0,43,22,2080,350,1254,1254,187,40128,7414,1761,965,1023,1023,1023,1023,0,0,1023,0,3,2,8,9,16,8,6,8,3,1,0,1,0,0,0,0,0,0,0,0,0,0,0,0,0,0,0,0,0,0,0,0,0,0,0,0,0,0,0,0,0,0,0,0,0,0,0,0,0,0,0,0,0,0,0,0,0,0,0,0,0,0,0,0,3,3,2,4,3,3,3,3,4,14
751,1,69,69,1,64,64,0,2,0,68,0,9504,9504,1230,1230,0,3904,5600,0,0,0,297,9504,1426,1028,32,1023,10,14,0,1048576,0,0,0,inf,0.977518678,0.977999747,0.905693948,1,0,10,69,2,54,14,0,2176,1097,229,229,90,7328,2807,1028,1089,1023,895,1023,1023,256,0,1023,0,0,0,0,0,1,0,0,0,1,3,6,3,4,5,5,8,7,2,9,4,5,3,1,0,0,1,0,0,0,0,0,0,0,0,0,0,0,0,0,0,0,0,0,0,0,0,0,0,0,0,0,0,0,0,0,0,0,0,0,0,0,0,0,0,19,21,16,15,14,20,21,12,22,13
752,1,68,69,3,64,64,0,0,0,67,0,23904,23904,2794,2794,0,8176,15728,0,0,0,747,23904,2969,1591,32,1023,10,14,0,1048576,0,0,0,inf,inf,1.00424492,0.889432788,1,0,10,68,2,19,47,1,2144,719,680,680,259,21760,7457,1591,2534,1023,1023,1023,1023,516,0,1023,0,0,0,0,1,1,4,3,7,6,6,10,10,7,7,4,1,0,0,0,0,0,0,0,0,0,0,0,0,0,0,0,0,0,0,0,0,0,0,0,0,0,0,0,0,0,0,0,0,0,0,0,0,0,0,0,0,0,0,0,0,0,0,0,0,4,4,6,4,5,3,4,4,4,5
753,1,69,69,1,64,64,0,8,0,68,0,14400,14400,1724,1724,0,5764,8636,0,0,0,450,14400,1896,1168,32,1023,10,14,0,1048576,0,0,0,inf,0.970085382,0.980211496,0.883138239,1,0,10,69,2,42,26,0,2176,975,382,382,155,12224,4789,1168,1967,1023,1023,1023,1023,328,0,1023,0,0,0,0,0,0,0,0,0,6,4,9,7,8,5,5,5,5,2,2,3,4,3,0,0,0,0,0,0,0,0,0,0,0,0,0,0,0,0,0,0,0,0,0,0,0,0,0,0,0,0,0,0,0,0,0,0,0,0,0,0,0,0,0,0,15,14,15,50,23,18,22,19,25,31
754,1,68,69,3,64,64,0,0,0,67,0,25472,25472,2606,2606,0,8710,16762,0,0,0,796,25472,2923,1571,32,1023,10,14,0,1048576,0,0,0,inf,inf,0.998277724,0.884971857,1,0,10,68,2,19,47,1,2144,724,729,729,316,23328,7986,1571,3069,989,1023,1023,1023,288,0,1023,0,0,0,0,1,1,4,2,8,6,7,12,7,4,7,5,3,0,0,0,0,0,0,0,0,0,0,0,0,0,0,0,0,0,0,0,0,0,0,0,0,0,0,0,0,0,0,0,0,0,0,0,0,0,0,0,0,0,0,0,0,0,0,0,0,4,38,8,3,3,53,4,8,10,4
755,1,67,69,3,64,64,0,0,0,66,0,24448,24448,2576,2576,0,8079,16369,0,0,0,764,24448,2852,1538,32,1023,10,14,0,1048576,0,0,0,inf,inf,0.984354854,0.878974319,1,0,10,67,2,20,46,0,2112,714,698,698,276,22336,7365,1538,2539,1023,1023,1023,1023,200,0,1023,0,0,0,0,0,2,4,4,7,6,6,11,6,5,7,5,2,0,0,1,0,0,0,0,0,0,0,0,0,0,0,0,0,0,0,0,0,0,0,0,0,0,0,0,0,0,0,0,0,0,0,0,0,0,0,0,0,0,0,0,0,0,0,0,0,3,6,6,7,6,2,7,10,6,5
756,1,66,69,3,64,64,0,0,0,65,0,54528,54528,3604,3604,0,4225,50303,0,0,0,1704,54528,1005,932,32,1023,10,14,0,1048576,0,0,0,inf,inf,1.18684161,1.06271183,1,0,10,66,2,0,2,63,2080,129,1639,1639,0,52448,4096,932,1,414,1023,1023,1023,0,0,1023,8,24,9,13,9,1,0,1,0,0,0,0,0,0,0,0,0,0,0,0,0,0,0,0,0,0,0,0,0,0,0,0,0,0,0,0,0,0,0,0,0,0,0,0,0,0,0,0,0,0,0,0,0,0,0,0,0,0,0,0,0,0,0,0,0,2,2,3,3,3,3,1,12,2,3
757,1,69,69,1,64,64,0,2,0,68,0,9984,9984,804,804,0,4383,5601,0,0,0,312,9984,1437,1042,32,1023,10,14,0,1048576,0,0,0,inf,0.982884645,0.983066797,0.895814419,1,0,10,69,2,53,15,0,2176,1072,244,244,124,7808,3311,1042,1845,1023,767,1023,1023,32,0,1023,0,0,0,0,0,0,1,0,1,0,2,9,2,6,3,5,10,7,4,5,5,2,6,0,0,0,0,0,0,0,0,0,0,0,0,0,0,0,0,0,0,0,0,0,0,0,0,0,0,0,0,0,0,0,0,0,0,0,0,0,0,0,0,0,0,23,8,24,8,25,24,23,12,9,10
758,1,69,69,2,64,64,0,0,0,68,0,29600,29600,3116,3116,0,9751,19849,0,0,0,925,29600,3199,1702,32,1023,10,14,0,1048576,0,0,0,inf,inf,1.01576948,0.918095291,1,0,10,69,2,16,52,0,2176,708,857,857,349,27424,9043,1702,3340,1019,1023,1023,1023,17,0,1023,0,0,0,0,0,1,8,3,5,7,12,10,6,4,5,5,2,0,0,0,0,0,0,0,0,0,0,0,0,0,0,0,0,0,0,0,0,0,0,0,0,0,0,0,0,0,0,0,0,0,0,0,0,0,0,0,0,0,0,0,0,0,0,0,0,10,9,12,11,13,9,12,12,5,10
759,0.899999976,69,69,1,64,64,0,2,0,68,0,5344,5344,945,945,0,2458,2886,0,0,0,167,5344,801,657,32,511,10,14,0,1048576,0,0,0,inf,0.989176452,0.989807606,0.886464477,1,0,10,69,2,63,5,0,2176,1234,99,99,51,3168,1224,657,538,511,495,511,511,128,0,511,0,0,0,0,0,0,0,1,1,0,1,1,1,2,1,7,7,10,4,6,6,6,4,5,2,2,1,0,0,0,0,0,0,0,0,0,0,0,0,0,0,0,0,0,0,0,0,0,0,0,0,0,0,0,0,0,0,0,0,0,0,0,0,0,0,7,7,15,7,10,7,7,8,9,4294967295
760,1,66,69,3,64,64,0,0,0,65,0,57376,57376,2590,2590,0,2628,54748,0,0,0,1793,57376,391,320,32,1023,10,14,0,1048576,0,0,0,inf,inf,1.12768531,0.995124221,1,0,10,66,2,0,2,63,2080,70,1728,1728,0,55296,2558,320,0,274,1023,1023,1023,0,0,1023,25,25,6,5,2,2,0,0,0,0,0,0,0,0,0,0,0,0,0,0,0,0,0,0,0,0,0,0,0,0,0,0,0,0,0,0,0,0,0,0,0,0,0,0,0,0,0,0,0,0,0,0,0,0,0,0,0,0,0,0,0,0,0,0,0,51,5,22,10,8,3,23,23,4,23
761,1,66,69,3,64,64,0,0,0,65,0,57632,57632,3422,3422,0,4108,53524,0,0,0,1801,57632,975,906,32,1023,10,14,0,1048576,0,0,0,inf,inf,1.12445784,1.00914454,1,0,10,66,2,0,2,63,2080,92,1736,1736,0,55552,4016,906,14,709,1023,1023,1023,0,0,1023,24,18,6,9,6,1,1,0,0,0,0,0,0,0,0,0,0,0,0,0,0,0,0,0,0,0,0,0,0,0,0,0,0,0,0,0,0,0,0,0,0,0,0,0,0,0,0,0,0,0,0,0,0,0,0,0,0,0,0,0,0,0,0,0,0,3,2,3,39,5,39,2,2,4,5
762,1,67,69,3,64,64,0,0,0,66,0,8800,8800,831,831,0,3870,4930,0,0,0,275,8800,1156,876,32,1023,10,14,0,1048576,0,0,0,inf,inf,0.92189014,0.82627672,1,0,10,67,2,55,11,0,2112,1107,209,209,121,6688,2763,876,1445,1023,1023,1023,1023,1,0,1023,0,0,0,0,0,0,0,0,1,0,3,5,2,3,2,8,7,5,6,5,8,3,4,4,0,0,0,0,0,0,0,0,0,0,0,0,0,0,0,0,0,0,0,0,0,0,0,0,0,0,0,0,0,0,0,0,0,0,0,0,0,0,0,0,0,22,9,4,4,9,12,5,4,3,4
763,1,69,69,2,64,64,0,0,0,68,0,26400,26400,2530,2530,0,8836,17564,0,0,0,825,26400,2889,1552,32,1023,10,14,0,1048576,0,0,0,inf,inf,0.999374509,0.910210609,1,0,10,69,2,21,47,0,2176,739,757,757,341,24224,8097,1552,3195,1023,1023,1023,1023,514,0,1023,0,0,0,0,0,0,6,3,6,4,12,10,6,6,8,6,1,0,0,0,0,0,0,0,0,0,0,0,0,0,0,0,0,0,0,0,0,0,0,0,0,0,0,0,0,0,0,0,0,0,0,0,0,0,0,0,0,0,0,0,0,0,0,0,0,5,6,5,30,6,5,8,7,6,6
764,1,67,69,3,64,64,0,0,0,66,0,17536,17536,1804,1804,0,6627,10909,0,0,0,548,17536,2057,1218,32,1023,10,14,0,1048576,0,0,0,inf,inf,1.073946,0.998673499,1,0,10,67,2,36,30,0,2112,878,482,482,217,15424,5749,1218,2587,1023,1023,1023,1023,576,0,1023,0,0,0,0,0,1,2,0,3,6,4,9,5,6,6,5,4,3,4,1,6,1,0,0,0,0,0,0,0,0,0,0,0,0,0,0,0,0,0,0,0,0,0,0,0,0,0,0,0,0,0,0,0,0,0,0,0,0,0,0,0,0,0,0,0,2,3,4,3,4,2,29,4,5,19
765,1,69,69,2,64,64,0,0,0,68,0,13120,13120,1180,1180,0,5228,7892,0,0,0,410,13120,1555,1042,32,1023,10,14,0,1048576,0,0,0,inf,inf,1.00975084,0.884881616,1,0,10,69,2,49,19,0,2176,1077,342,342,183,10944,4151,1042,2058,1023,1023,1023,1023,0,0,1023,0,0,0,0,0,1,0,1,1,1,6,6,3,2,4,4,4,6,6,6,9,2,4,2,0,0,0,0,0,0,0,0,0,0,0,0,0,0,0,0,0,0,0,0,0,0,0,0,0,0,0,0,0,0,0,0,0,0,0,0,0,0,0,0,0,4,7,8,4,8,6,8,4,5,6
766,1,69,69,1,64,64,0,1,0,68,0,6016,6016,737,737,0,2799,3217,0,0,0,188,6016,977,789,32,1023,10,14,0,1048576,0,0,0,inf,0.952875018,0.952875018,0.856981993,1,0,10,69,2,61,7,0,2176,1187,120,120,64,3840,1612,789,943,1023,207,1023,1023,64,0,1023,0,0,0,0,0,0,0,0,0,0,1,5,1,5,3,5,7,4,7,8,9,3,7,0,2,1,0,0,0,0,0,0,0,0,0,0,0,0,0,0,0,0,0,0,0,0,0,0,0,0,0,0,0,0,0,0,0,0,0,0,0,0,0,0,0,8,9,9,6,10,10,57,17,12,12
767,1,69,69,1,64,64,0,1,0,68,0,18208,18208,1537,1537,0,7163,11045,0,0,0,569,18208,2087,1303,32,1023,10,14,0,1048576,0,0,0,inf,1.03298151,1.04054093,0.952355981,1,0,10,69,2,39,29,0,2176,942,501,501,246,16032,6221,1303,3077,1023,1023,1023,1023,264,0,1023,0,0,0,0,0,0,2,0,3,5,6,7,6,5,6,5,4,5,4,1,5,2,1,0,1,0,0,0,0,0,0,0,0,0,0,0,0,0,0,0,0,0,0,0,0,0,0,0,0,0,0,0,0,0,0,0,0,0,0,0,0,0,0,0,0,5,6,7,12,6,28,13,7,52,10
768,1,67,69,3,64,64,0,0,0,66,0,40896,40896,4472,4472,0,7748,33148,0,0,0,1278,40896,3247,1661,32,1023,10,14,0,1048576,0,0,0,inf,inf,1.06500936,0.967816472,1,0,10,67,2,0,52,14,2112,405,1212,1212,247,38784,7343,1661,1011,1023,1023,1023,1023,258,0,1023,0,0,6,2,6,14,11,7,9,6,4,0,1,0,0,0,0,0,0,0,0,0,0,0,0,0,0,0,0,0,0,0,0,0,0,0,0,0,0,0,0,0,0,0,0,0,0,0,0,0,0,0,0,0,0,0,0,0,0,0,0,0,0,0,0,8,8,7,7,5,5,9,10,13,7
769,0.800000012,69,69,1,64,64,0,1,0,68,0,11552,11552,1104,1104,0,4692,6860,0,0,0,361,11552,1602,1102,32,991,10,14,0,1048576,0,0,0,inf,1.03367364,1.03367364,0.970801353,1,0,10,69,2,50,18,0,2176,1031,293,293,150,9376,3661,1102,1758,671,991,927,927,578,0,927,0,0,0,0,0,1,0,0,1,3,1,8,4,6,5,7,7,7,3,2,7,3,3,0,0,0,0,0,0,0,0,0,0,0,0,0,0,0,0,0,0,0,0,0,0,0,0,0,0,0,0,0,0,0,0,0,0,0,0,0,0,0,0,0,0,6,14,15,6,5,4294967295,4294967295,5,8,48
770,1,67,69,3,64,64,0,0,0,66,0,16064,16064,1461,1461,0,6181,9883,0,0,0,502,16064,1901,1182,32,1023,10,14,0,1048576,0,0,0,inf,inf,1.05997467,0.983740509,1,0,10,67,2,40,26,0,2112,911,436,436,213,13952,5270,1182,2491,1023,1023,1023,1023,770,0,1023,0,0,0,0,0,0,2,0,2,5,4,8,5,8,6,7,3,4,2,0,5,5,0,0,0,0,0,0,0,0,0,0,0,0,0,0,0,0,0,0,0,0,0,0,0,0,0,0,0,0,0,0,0,0,0,0,0,0,0,0,0,0,0,0,0,3,3,4,6,4,4,2,5,11,14
771,1,69,69,2,64,64,0,0,0,68,0,12800,12800,1271,1271,0,5350,7450,0,0,0,400,12800,1570,1037,32,1023,10,14,0,1048576,0,0,0,inf,inf,1.01975965,0.894282877,1,0,10,69,2,49,19,0,2176,1068,332,332,173,10624,4282,1037,2031,1023,1023,1023,1023,16,0,1023,0,0,0,0,0,0,0,0,1,3,3,10,2,5,8,3,5,3,3,2,9,4,4,2,0,0,1,0,0,0,0,0,0,0,0,0,0,0,0,0,0,0,0,0,0,0,0,0,0,0,0,0,0,0,0,0,0,0,0,0,0,0,0,0,0,7,8,22,13,15,9,10,15,10,18
772,1,65,69,3,64,64,0,0,0,64,0,11360,11360,944,944,0,4579,6781,0,0,0,355,11360,1412,1005,32,1023,10,14,0,1048576,0,0,0,inf,inf,0.973090947,0.887521029,1,0,10,65,2,49,15,0,2048,1046,291,291,149,9312,3533,1005,1774,1007,319,1023,1023,0,0,1023,0,0,0,0,0,0,0,1,3,1,3,6,1,4,8,4,5,5,3,3,2,3,0,2,4,4,1,1,0,0,0,0,0,0,0,0,0,0,0,0,0,0,0,0,0,0,0,0,0,0,0,0,0,0,0,0,0,0,0,0,0,0,0,0,0,5,21,1,40,21,39,6,13,1,2
773,1,69,69,2,64,64,0,0,0,68,0,25792,25792,3605,3605,0,8490,17302,0,0,0,806,25792,2819,1392,32,1023,10,14,0,1048576,0,0,0,inf,inf,0.961075544,0.87900126,1,0,10,69,2,19,49,0,2176,718,738,738,249,23616,7772,1392,2410,1015,1023,1023,1023,835,0,1023,0,0,0,0,0,1,6,2,8,7,11,9,5,8,4,5,2,0,0,0,0,0,0,0,0,0,0,0,0,0,0,0,0,0,0,0,0,0,0,0,0,0,0,0,0,0,0,0,0,0,0,0,0,0,0,0,0,0,0,0,0,0,0,0,0,6,13,13,13,5,13,10,7,16,6
774,1,69,69,2,64,64,0,0,0,68,0,14368,14368,1189,1189,0,5795,8573,0,0,0,449,14368,1768,1171,32,1023,10,14,0,1048576,0,0,0,inf,inf,1.01009047,0.936733603,1,0,10,69,2,46,22,0,2176,1004,381,381,188,12192,4791,1171,2456,255,1023,1023,1023,362,0,1023,0,0,0,0,0,0,1,0,1,4,6,5,5,4,7,6,6,7,4,2,4,2,1,2,1,0,0,0,0,0,0,0,0,0,0,0,0,0,0,0,0,0,0,0,0,0,0,0,0,0,0,0,0,0,0,0,0,0,0,0,0,0,0,0,0,17,18,19,51,46,50,16,27,67,19
775,1,68,69,3,64,64,0,0,0,67,0,10528,10528,1248,1248,0,4371,6157,0,0,0,329,10528,1228,833,32,1023,10,14,0,1048576,0,0,0,inf,inf,0.941441774,0.831932068,1,0,10,68,2,53,14,0,2144,1049,262,262,134,8384,3322,833,1656,1023,1023,1023,1023,260,0,1023,0,0,0,0,0,1,1,0,0,2,2,5,3,4,7,8,9,7,3,0,5,3,4,1,2,0,0,0,0,0,0,0,0,0,0,0,0,0,0,0,0,0,0,0,0,0,0,0,0,0,0,0,0,0,0,0,0,0,0,0,0,0,0,0,0,4,3,5,14,25,5,13,5,12,12
776,1,66,69,3,64,64,0,0,0,65,0,55136,55136,3688,3688,0,4309,50827,0,0,0,1723,55136,992,920,32,1023,10,14,0,1048576,0,0,0,inf,inf,1.13692892,1.04307938,1,0,10,66,2,0,2,63,2080,119,1658,1658,0,53056,4190,920,3,348,1023,1023,1023,0,0,1023,10,23,12,10,8,2,0,0,0,0,0,0,0,0,0,0,0,0,0,0,0,0,0,0,0,0,0,0,0,0,0,0,0,0,0,0,0,0,0,0,0,0,0,0,0,0,0,0,0,0,0,0,0,0,0,0,0,0,0,0,0,0,0,0,0,7,2,2,3,2,3,3,3,3,3
777,1,69,69,2,64,64,0,0,0,68,0,24672,24672,2868,2868,0,8530,16142,0,0,0,771,24672,3071,1619,32,1023,10,14,0,1048576,0,0,0,inf,inf,0.941859126,0.838335037,1,0,10,69,2,18,50,0,2176,726,703,703,260,22496,7804,1619,2832,1023,1023,1023,1023,780,0,1023,0,0,0,0,0,2,5,4,8,6,6,13,6,4,7,2,3,0,1,1,0,0,0,0,0,0,0,0,0,0,0,0,0,0,0,0,0,0,0,0,0,0,0,0,0,0,0,0,0,0,0,0,0,0,0,0,0,0,0,0,0,0,0,0,0,9,5,6,9,6,5,5,4,6,8
778,1,67,69,3,64,64,0,0,0,66,0,28800,28800,2998,2998,0,8955,19845,0,0,0,900,28800,2979,1617,32,1023,10,14,0,1048576,0,0,0,inf,inf,0.925539434,0.827566147,1,0,10,67,2,13,47,6,2112,613,834,834,296,26688,8342,1617,3063,1007,1023,1023,1023,679,0,1023,0,0,1,0,5,3,4,8,10,9,4,6,3,4,3,2,0,3,1,0,0,0,0,0,0,0,0,0,0,0,0,0,0,0,0,0,0,0,0,0,0,0,0,0,0,0,0,0,0,0,0,0,0,0,0,0,0,0,0,0,0,0,0,0,0,8,8,7,9,5,9,2,10,2,46
779,1,68,69,3,64,64,0,0,0,67,0,29568,29568,2671,2671,0,9803,19765,0,0,0,924,29568,3055,1674,32,1023,10,14,0,1048576,0,0,0,inf,inf,1.02980947,0.954619884,1,0,10,68,2,18,49,0,2144,703,857,857,390,27424,9100,1674,3583,767,1023,1023,1023,80,0,1023,0,0,0,0,0,1,6,4,7,7,9,12,3,7,4,4,2,0,1,0,0,0,0,0,0,0,0,0,0,0,0,0,0,0,0,0,0,0,0,0,0,0,0,0,0,0,0,0,0,0,0,0,0,0,0,0,0,0,0,0,0,0,0,0,0,20,20,32,20,8,20,10,5,4,20
780,1,69,69,1,64,64,0,1,0,68,0,18592,18592,1936,1936,0,6508,12084,0,0,0,581,18592,2147,1230,32,1023,10,14,0,1048576,0,0,0,inf,1.05047894,1.05047894,0.94872427,1,0,10,69,2,36,32,0,2176,813,513,513,236,16416,5695,1230,2114,1023,1023,1023,1023,817,0,1023,0,0,0,0,0,1,3,2,5,4,6,7,4,12,8,10,5,1,0,0,0,0,0,0,0,0,0,0,0,0,0,0,0,0,0,0,0,0,0,0,0,0,0,0,0,0,0,0,0,0,0,0,0,0,0,0,0,0,0,0,0,0,0,0,0,8,6,9,9,9,7,6,6,11,9
781,1,67,69,3,64,64,0,0,0,66,0,27712,27712,3103,3103,0,9399,18313,0,0,0,866,27712,3216,1733,32,1023,10,14,0,1048576,0,0,0,inf,inf,0.994793296,0.907172561,1,0,10,67,2,13,52,1,2112,686,800,800,320,25600,8713,1733,3035,1023,1023,1023,1023,196,0,1023,0,0,0,0,1,1,2,4,6,9,10,12,8,5,5,3,0,0,0,0,0,0,0,0,0,0,0,0,0,0,0,0,0,0,0,0,0,0,0,0,0,0,0,0,0,0,0,0,0,0,0,0,0,0,0,0,0,0,0,0,0,0,0,0,0,3,4,4,3,4,4,4,6,4,2
782,1,67,69,3,64,64,0,0,0,66,0,14592,14592,1294,1294,0,5859,8733,0,0,0,456,14592,1675,1065,32,1023,10,14,0,1048576,0,0,0,inf,inf,0.978936672,0.855122924,1,0,10,67,2,44,22,0,2112,955,390,390,199,12480,4904,1065,2379,1023,1023,1023,1023,256,0,1023,0,0,0,0,0,1,0,0,1,3,5,9,3,8,8,4,4,3,4,1,7,3,1,1,0,0,0,0,0,0,0,0,0,0,0,0,0,0,0,0,0,0,0,0,0,0,0,0,0,0,0,0,0,0,0,0,0,0,0,0,0,0,0,0,0,6,20,9,7,3,8,30,28,11,7
783,1,69,69,2,64,64,0,0,0,68,0,29728,29728,2523,2523,0,10010,19718,0,0,0,929,29728,3198,1737,32,1023,10,14,0,1048576,0,0,0,inf,inf,1.04767466,0.961860895,1,0,10,69,2,16,52,0,2176,719,861,861,417,27552,9291,1737,3573,989,1023,1023,1023,38,0,1023,0,0,0,0,0,0,5,6,5,7,12,11,6,4,6,3,2,0,1,0,0,0,0,0,0,0,0,0,0,0,0,0,0,0,0,0,0,0,0,0,0,0,0,0,0,0,0,0,0,0,0,0,0,0,0,0,0,0,0,0,0,0,0,0,0,5,9,4,4,5,19,5,5,5,5
784,1,67,69,3,64,64,0,0,0,66,0,24224,24224,3105,3105,0,8059,16165,0,0,0,757,24224,2815,1477,32,1023,10,14,0,1048576,0,0,0,inf,inf,0.943878353,0.829627037,1,0,10,67,2,19,46,1,2112,713,691,691,230,22112,7346,1477,2310,1023,1023,1023,1023,529,0,1023,0,0,0,0,1,1,4,3,4,6,9,13,6,10,3,3,2,0,0,1,0,0,0,0,0,0,0,0,0,0,0,0,0,0,0,0,0,0,0,0,0,0,0,0,0,0,0,0,0,0,0,0,0,0,0,0,0,0,0,0,0,0,0,0,0,7,3,4,4,5,4,4,4,6,7
785,1,68,69,3,64,64,0,0,0,67,0,12192,12192,1117,1117,0,5162,7030,0,0,0,381,12192,1433,971,32,1023,10,14,0,1048576,0,0,0,inf,inf,0.957562625,0.824235559,1,0,10,68,2,50,17,0,2144,1024,314,314,178,10048,4138,971,2063,1023,1023,1023,1023,4,0,1023,0,0,0,0,0,0,0,0,1,3,2,8,3,6,8,5,6,6,3,2,8,3,2,1,0,0,0,0,0,0,0,0,0,0,0,0,0,0,0,0,0,0,0,0,0,0,0,0,0,0,0,0,0,0,0,0,0,0,0,0,0,0,0,0,0,13,7,20,8,10,16,7,3,10,21
786,1,69,69,2,64,64,0,0,0,68,0,28128,28128,2538,2538,0,9898,18230,0,0,0,879,28128,2935,1661,32,1023,10,14,0,1048576,0,0,0,inf,inf,0.993688941,0.93808639,1,0,10,69,2,21,46,1,2176,800,811,811,396,25952,9098,1661,3623,1015,1023,1023,1023,275,0,1023,0,0,0,0,1,0,1,3,6,9,7,11,9,4,8,2,1,0,1,0,1,2,0,0,1,0,0,1,0,0,0,0,0,0,0,0,0,0,0,0,0,0,0,0,0,0,0,0,0,0,0,0,0,0,0,0,0,0,0,0,0,0,0,0,0,23,25,8,25,24,22,7,19,26,24
787,1,69,69,1,64,64,0,2,0,68,0,13536,13536,1180,1180,0,5428,8108,0,0,0,423,13536,1608,1058,32,1023,10,14,0,1048576,0,0,0,inf,0.982386887,0.982615709,0.858289003,1,0,10,69,2,48,20,0,2176,992,355,355,181,11360,4436,1058,2189,1023,1023,1023,1023,768,0,1023,0,0,0,0,0,1,0,0,1,4,4,8,2,7,11,4,5,5,3,1,6,4,2,0,0,0,0,0,0,0,0,0,0,0,0,0,0,0,0,0,0,0,0,0,0,0,0,0,0,0,0,0,0,0,0,0,0,0,0,0,0,0,0,0,0,7,10,9,27,8,7,10,27,35,17
788,1,69,69,2,64,64,0,0,0,68,0,14496,14496,1351,1351,0,5767,8729,0,0,0,453,14496,1705,1097,32,1023,10,14,0,1048576,0,0,0,inf,inf,1.03037167,0.919644594,1,0,10,69,2,46,22,0,2176,972,385,385,180,12320,4795,1097,2315,1023,1023,1023,1023,640,0,1023,0,0,0,0,0,1,0,0,1,4,5,9,2,8,11,5,3,2,5,1,6,4,1,0,0,0,0,0,0,0,0,0,0,0,0,0,0,0,0,0,0,0,0,0,0,0,0,0,0,0,0,0,0,0,0,0,0,0,0,0,0,0,0,0,0,7,11,27,7,8,10,8,39,7,13
789,1,69,69,1,64,64,0,1,0,68,0,25696,25696,1655,1655,0,9013,16683,0,0,0,803,25696,2520,1498,32,1023,10,14,0,1048576,0,0,0,inf,1.05266547,1.05266547,0.95040977,1,0,10,69,2,28,39,1,2176,789,735,735,375,23520,8224,1498,3876,447,1023,1023,1023,80,0,1023,0,0,0,1,0,1,2,0,2,11,4,12,7,9,9,7,2,0,1,0,0,0,0,0,0,0,0,0,0,0,0,0,0,0,0,0,0,0,0,0,0,0,0,0,0,0,0,0,0,0,0,0,0,0,0,0,0,0,0,0,0,0,0,0,0,10,6,18,11,8,6,21,18,20,6
790,0.899999976,66,69,3,64,64,0,0,0,65,0,3392,3392,749,749,0,1839,1553,0,0,0,106,3392,721,657,32,991,10,14,0,1048576,0,0,0,inf,inf,1.01021314,0.90257436,1,0,10,66,2,63,2,0,2080,1288,41,41,25,1312,551,657,295,991,207,991,991,0,0,991,0,0,0,0,0,0,0,0,0,0,0,1,1,0,2,3,4,5,7,10,5,6,5,5,4,3,3,1,0,0,0,0,0,0,0,0,0,0,0,0,0,0,0,0,0,0,0,0,0,0,0,0,0,0,0,0,0,0,0,0,0,0,0,0,0,6,6,5,6,7,4294967295,14,6,9,6
791,1,67,69,3,64,64,0,0,0,66,0,26112,26112,2658,2658,0,8663,17449,0,0,0,816,26112,2854,1574,32,1023,10,14,0,1048576,0,0,0,inf,inf,1.0420692,0.955156565,1,0,10,67,2,20,45,1,2112,717,750,750,313,24000,7946,1574,2811,1023,1023,1023,1023,129,0,1023,0,0,0,0,1,1,4,3,6,8,6,12,5,6,7,2,2,1,2,0,0,0,0,0,0,0,0,0,0,0,0,0,0,0,0,0,0,0,0,0,0,0,0,0,0,0,0,0,0,0,0,0,0,0,0,0,0,0,0,0,0,0,0,0,0,4,14,16,17,2,3,16,5,13,12
792,1,66,69,3,64,64,0,0,0,65,0,55072,55072,3489,3489,0,4108,50964,0,0,0,1721,55072,1024,888,32,1023,10,14,0,1048576,0,0,0,inf,inf,1.12017965,1.01952839,1,0,10,66,2,0,4,61,2080,117,1656,1656,5,52992,3991,888,13,427,1023,1023,1023,0,0,1023,14,22,10,10,5,1,2,0,1,0,0,0,0,0,0,0,0,0,0,0,0,0,0,0,0,0,0,0,0,0,0,0,0,0,0,0,0,0,0,0,0,0,0,0,0,0,0,0,0,0,0,0,0,0,0,0,0,0,0,0,0,0,0,0,0,4,2,5,3,3,5,2,17,15,51
793,1,69,69,2,64,64,0,0,0,68,0,25088,25088,2175,2175,0,8965,16123,0,0,0,784,25088,2599,1454,32,1023,10,14,0,1048576,0,0,0,inf,inf,0.986185849,0.865266323,1,0,10,69,2,27,41,0,2176,786,716,716,353,22912,8179,1454,3485,991,1023,1023,1023,674,0,1023,0,0,0,0,0,1,4,2,4,2,6,11,11,12,9,2,2,0,2,0,0,0,0,0,0,0,0,0,0,0,0,0,0,0,0,0,0,0,0,0,0,0,0,0,0,0,0,0,0,0,0,0,0,0,0,0,0,0,0,0,0,0,0,0,0,7,6,6,6,8,12,3,14,10,12
794,1,67,69,3,64,64,0,0,0,66,0,37728,37728,4672,4672,0,7152,30576,0,0,0,1179,37728,2985,1511,32,1023,10,14,0,1048576,0,0,0,inf,inf,1.02577126,0.913600206,1,0,10,67,2,0,48,18,2112,402,1113,1113,188,35616,6750,1511,748,1023,1023,1023,1023,883,0,1023,1,0,5,3,9,12,7,9,5,10,4,0,1,0,0,0,0,0,0,0,0,0,0,0,0,0,0,0,0,0,0,0,0,0,0,0,0,0,0,0,0,0,0,0,0,0,0,0,0,0,0,0,0,0,0,0,0,0,0,0,0,0,0,0,0,6,5,4,7,5,7,6,5,6,7
795,1,67,69,3,64,64,0,0,0,66,0,39200,39200,4499,4499,0,7510,31690,0,0,0,1225,39200,3149,1656,32,1023,10,14,0,1048576,0,0,0,inf,inf,1.07058454,0.94325918,1,0,10,67,2,0,49,17,2112,387,1159,1159,190,37088,7123,1656,910,1023,1023,1023,1023,53,0,1023,1,1,5,3,7,16,7,9,7,4,5,0,1,0,0,0,0,0,0,0,0,0,0,0,0,0,0,0,0,0,0,0,0,0,0,0,0,0,0,0,0,0,0,0,0,0,0,0,0,0,0,0,0,0,0,0,0,0,0,0,0,0,0,0,0,6,6,8,6,7,6,8,8,5,4
796,1,69,69,1,64,64,0,1,0,68,0,28960,28960,2617,2617,0,10003,18957,0,0,0,905,28960,3168,1722,32,1023,10,14,0,1048576,0,0,0,inf,0.986519694,0.989244461,0.887024164,1,0,10,69,2,16,51,1,2176,692,837,837,374,26784,9311,1722,3682,959,1023,1023,1023,450,0,1023,0,0,0,0,1,1,6,4,7,7,10,9,7,9,5,2,0,0,0,0,0,0,0,0,0,0,0,0,0,0,0,0,0,0,0,0,0,0,0,0,0,0,0,0,0,0,0,0,0,0,0,0,0,0,0,0,0,0,0,0,0,0,0,0,0,8,9,15,9,9,8,30,9,11,11
797,1,69,69,1,64,64,0,1,0,68,0,14784,14784,1555,1555,0,5810,8974,0,0,0,462,14784,1977,1210,32,1023,10,14,0,1048576,0,0,0,inf,0.941991806,0.941991806,0.836559474,1,0,10,69,2,41,27,0,2176,959,394,394,173,12608,4851,1210,2117,1023,1023,1023,1023,76,0,1023,0,0,0,0,0,0,0,0,0,5,4,11,7,9,8,2,5,2,3,3,5,3,1,0,0,0,0,0,0,0,0,0,0,0,0,0,0,0,0,0,0,0,0,0,0,0,0,0,0,0,0,0,0,0,0,0,0,0,0,0,0,0,0,0,0,14,16,16,11,20,6,20,6,6,8
798,0.899999976,66,69,3,64,64,0,0,0,65,0,16256,16256,1939,1939,0,6217,10039,0,0,0,508,16256,1988,1150,32,1023,10,14,0,1048576,0,0,0,inf,inf,1.0121057,0.907720864,1,0,10,66,2,35,30,0,2080,855,443,443,173,14176,5362,1150,2204,1015,1023,1015,1015,298,0,1015,0,0,0,0,0,0,2,0,2,6,3,10,7,10,5,3,6,4,1,1,2,3,0,0,0,0,0,0,0,0,0,0,0,0,0,0,0,0,0,0,0,0,0,0,0,0,0,0,0,0,0,0,0,0,0,0,0,0,0,0,0,0,0,0,0,2,5,2,4294967295,2,3,6,6,5,5
799,1,69,69,2,64,64,0,0,0,68,0,26080,26080,2932,2932,0,9174,16906,0,0,0,815,26080,2833,1530,32,1023,10,14,0,1048576,0,0,0,inf,inf,0.992401302,0.888243079,1,0,10,69,2,21,46,1,2176,729,747,747,296,23904,8445,1530,3249,1023,1023,1023,1023,52,0,1023,0,0,0,0,1,2,4,3,7,5,9,6,10,8,7,5,1,0,0,0,0,0,0,0,0,0,0,0,0,0,0,0,0,0,0,0,0,0,0,0,0,0,0,0,0,0,0,0,0,0,0,0,0,0,0,0,0,0,0,0,0,0,0,0,0,8,5,9,8,11,11,9,9,9,4
800,1,69,69,1,64,64,0,1,0,68,0,14816,14816,2779,2779,0,5538,9278,0,0,0,463,14816,2160,965,32,1023,10,14,0,1048576,0,0,0,inf,0.846524239,0.846524239,0.720649123,1,0,10,69,2,28,40,0,2176,851,395,395,131,12640,4687,965,1487,1023,1023,1023,1023,41,0,1023,0,0,0,0,0,0,1,2,1,6,9,8,13,5,3,6,6,3,4,1,0,0,0,0,0,0,0,0,0,0,0,0,0,0,0,0,0,0,0,0,0,0,0,0,0,0,0,0,0,0,0,0,0,0,0,0,0,0,0,0,0,0,0,0,0,9,6,6,9,7,10,7,6,6,6
801,1,67,69,3,64,64,0,0,0,66,0,28480,28480,2736,2736,0,9914,18566,0,0,0,890,28480,3001,1640,32,1023,10,14,0,1048576,0,0,0,inf,inf,1.00564098,0.907148421,1,0,10,67,2,16,48,2,2112,685,824,824,371,26368,9229,1640,3706,1023,1023,1023,1023,276,0,1023,0,0,0,0,2,1,4,3,8,4,11,10,7,6,6,3,1,0,0,0,0,0,0,0,0,0,0,0,0,0,0,0,0,0,0,0,0,0,0,0,0,0,0,0,0,0,0,0,0,0,0,0,0,0,0,0,0,0,0,0,0,0,0,0,0,3,2,15,3,4,4,4,3,6,2
802,1,69,69,1,64,64,0,3,0,68,0,14240,14240,1310,1310,0,5700,8540,0,0,0,445,14240,1718,1117,32,1023,10,14,0,1048576,0,0,0,inf,0.963274598,0.966826737,0.858157158,1,0,10,69,2,46,22,0,2176,992,377,377,186,12064,4708,1117,2117,1023,1023,1023,1023,0,0,1023,0,0,0,0,0,0,0,0,0,4,3,7,8,6,7,7,8,3,5,0,7,3,0,0,0,0,0,0,0,0,0,0,0,0,0,0,0,0,0,0,0,0,0,0,0,0,0,0,0,0,0,0,0,0,0,0,0,0,0,0,0,0,0,0,0,9,9,13,11,11,13,8,10,8,28
803,1,67,69,3,64,64,0,0,0,66,0,14496,14496,1680,1680,0,5836,8660,0,0,0,453,14496,1664,1036,32,1023,10,14,0,1048576,0,0,0,inf,inf,0.92043525,0.827375412,1,0,10,67,2,43,23,0,2112,943,387,387,163,12384,4893,1036,2131,1023,895,1023,1023,768,0,1023,0,0,0,0,0,0,1,0,0,5,4,4,9,8,6,3,12,4,2,0,3,1,3,0,1,0,0,0,0,0,0,0,0,0,0,0,0,0,0,0,0,0,0,0,0,0,0,0,0,0,0,0,0,0,0,0,0,0,0,0,0,0,0,0,0,4,2,2,2,2,3,5,58,5,12
804,1,67,69,3,64,64,0,0,0,66,0,14848,14848,1647,1647,0,5856,8992,0,0,0,464,14848,1821,1094,32,1023,10,14,0,1048576,0,0,0,inf,inf,0.939771712,0.834693789,1,0,10,67,2,40,26,0,2112,887,398,398,157,12736,4969,1094,2179,767,1023,1023,1023,289,0,1023,0,0,0,0,0,0,1,0,1,6,3,9,6,13,5,4,6,6,1,0,2,3,0,0,0,0,0,0,0,0,0,0,0,0,0,0,0,0,0,0,0,0,0,0,0,0,0,0,0,0,0,0,0,0,0,0,0,0,0,0,0,0,0,0,0,3,2,2,25,3,13,6,2,43,7
805,1,68,69,3,64,64,0,0,0,67,0,16256,16256,2016,2016,0,6285,9971,0,0,0,508,16256,2035,1156,32,1023,10,14,0,1048576,0,0,0,inf,inf,0.983371973,0.876671076,1,0,10,68,2,36,31,0,2144,891,441,441,185,14112,5394,1156,2158,1023,1023,1023,1023,670,0,1023,0,0,0,0,0,0,0,1,1,7,4,11,7,9,7,3,5,4,2,0,3,2,1,0,0,0,0,0,0,0,0,0,0,0,0,0,0,0,0,0,0,0,0,0,0,0,0,0,0,0,0,0,0,0,0,0,0,0,0,0,0,0,0,0,0,4,9,10,6,44,4,4,6,17,8
806,1,68,69,3,64,64,0,0,0,67,0,8896,8896,1640,1640,0,3897,4999,0,0,0,278,8896,1179,806,32,1023,10,14,0,1048576,0,0,0,inf,inf,0.849291146,0.752682209,1,0,10,68,2,54,13,0,2144,1150,211,211,85,6752,2747,806,921,895,1023,1023,1023,208,0,1023,0,0,0,0,0,0,0,0,0,0,2,4,7,2,6,3,7,4,4,7,4,4,7,3,1,1,1,0,0,0,0,0,0,0,0,0,0,0,0,0,0,0,0,0,0,0,0,0,0,0,0,0,0,0,0,0,0,0,0,0,0,0,0,0,0,7,8,6,6,18,6,9,35,5,7
807,1,67,69,3,64,64,0,0,0,66,0,41984,41984,4428,4428,0,7482,34502,0,0,0,1312,41984,2879,1598,32,1023,10,14,0,1048576,0,0,0,inf,inf,1.02366793,0.890235662,1,0,10,67,2,0,42,24,2112,344,1246,1246,206,39872,7138,1598,886,1023,1023,1023,1023,466,0,1023,1,1,10,7,5,15,8,7,4,4,3,0,1,0,0,0,0,0,0,0,0,0,0,0,0,0,0,0,0,0,0,0,0,0,0,0,0,0,0,0,0,0,0,0,0,0,0,0,0,0,0,0,0,0,0,0,0,0,0,0,0,0,0,0,0,3,6,4,2,5,3,7,5,15,5
808,1,66,69,3,64,64,0,0,0,65,0,27520,27520,2542,2542,0,9569,17951,0,0,0,860,27520,2830,1587,32,1023,10,14,0,1048576,0,0,0,inf,inf,1.00469923,0.88962692,1,0,10,66,2,18,45,2,2080,685,795,795,361,25440,8884,1587,3724,987,1023,1023,1023,580,0,1023,0,0,0,0,2,1,5,2,5,7,9,8,8,7,7,2,2,0,0,0,0,0,0,0,0,0,0,0,0,0,0,0,0,0,0,0,0,0,0,0,0,0,0,0,0,0,0,0,0,0,0,0,0,0,0,0,0,0,0,0,0,0,0,0,0,4,4,64,4,3,8,12,20,6,11
809,1,69,69,1,64,64,0,3,0,68,0,17312,17312,1770,1770,0,6709,10603,0,0,0,541,17312,2171,1345,32,1023,10,14,0,1048576,0,0,0,inf,0.965587735,0.967266917,0.877461076,1,0,10,69,2,38,30,0,2176,929,473,473,204,15136,5780,1345,2477,1023,1023,1023,1023,903,0,1023,0,0,0,0,0,0,1,0,1,5,5,10,8,10,5,4,5,1,3,3,2,4,1,0,0,0,0,0,0,0,0,0,0,0,0,0,0,0,0,0,0,0,0,0,0,0,0,0,0,0,0,0,0,0,0,0,0,0,0,0,0,0,0,0,0,30,12,12,9,15,14,9,28,13,27
810,1,69,69,2,64,64,0,0,0,68,0,25792,25792,2808,2808,0,8828,16964,0,0,0,806,25792,2954,1605,32,1023,10,14,0,1048576,0,0,0,inf,inf,1.02214932,0.914930403,1,0,10,69,2,21,47,0,2176,739,738,738,282,23616,8089,1605,2860,1023,1023,1023,1023,2,0,1023,0,0,0,0,0,2,5,2,7,5,8,10,8,7,7,5,1,0,1,0,0,0,0,0,0,0,0,0,0,0,0,0,0,0,0,0,0,0,0,0,0,0,0,0,0,0,0,0,0,0,0,0,0,0,0,0,0,0,0,0,0,0,0,0,0,5,8,6,6,5,4,6,6,8,8
811,0.899999976,69,69,1,64,64,0,2,0,68,0,4736,4736,862,862,0,2233,2503,0,0,0,148,4736,775,658,32,991,10,14,0,1048576,0,0,0,inf,1.00854766,1.00942147,0.898782611,1,0,10,69,2,64,4,0,2176,1218,80,80,48,2560,1015,658,456,991,927,991,991,0,0,991,0,0,0,0,0,0,0,1,0,0,1,1,1,3,2,8,6,10,5,7,6,5,5,3,3,0,1,0,0,0,0,0,0,0,0,0,0,0,0,0,0,0,0,0,0,0,0,0,0,0,0,0,0,0,0,0,0,0,0,0,0,0,0,0,0,7,7,7,7,13,4294967295,14,7,12,9
812,0.800000012,69,69,1,64,64,0,1,0,68,0,6880,6880,1021,1021,0,2979,3901,0,0,0,215,6880,1041,805,32,1013,10,14,0,1048576,0,0,0,inf,1.05321634,1.05321634,0.944443226,1,0,10,69,2,60,8,0,2176,1140,147,147,76,4704,1839,805,672,1013,977,1013,1013,0,0,1013,0,0,0,0,0,0,0,1,0,1,1,5,0,1,9,4,10,9,5,6,7,2,2,3,2,0,0,0,0,0,0,0,0,0,0,0,0,0,0,0,0,0,0,0,0,0,0,0,0,0,0,0,0,0,0,0,0,0,0,0,0,0,0,0,0,10,4294967295,8,4294967295,9,9,22,22,13,18
813,1,67,69,3,64,64,0,0,0,66,0,22656,22656,2197,2197,0,7726,14930,0,0,0,708,22656,2559,1404,32,1023,10,14,0,1048576,0,0,0,inf,inf,1.08187079,0.967398405,1,0,10,67,2,25,41,0,2112,736,642,642,291,20544,6990,1404,2694,1023,1023,1023,1023,278,0,1023,0,0,0,0,0,1,3,2,7,10,3,10,5,10,6,5,4,0,0,0,0,0,0,0,0,0,0,0,0,0,0,0,0,0,0,0,0,0,0,0,0,0,0,0,0,0,0,0,0,0,0,0,0,0,0,0,0,0,0,0,0,0,0,0,0,3,31,6,5,9,2,7,5,4,3
814,1,69,69,2,64,64,0,0,0,68,0,13408,13408,1708,1708,0,5140,8268,0,0,0,419,13408,1595,1000,32,1023,10,14,0,1048576,0,0,0,inf,inf,1.00641584,0.922926068,1,0,10,69,2,47,21,0,2176,1025,351,351,153,11232,4115,1000,1718,1023,1023,1023,1023,3,0,1023,0,0,0,0,0,0,1,0,0,4,5,6,5,6,5,5,5,6,4,1,9,5,0,0,0,0,1,0,0,0,0,0,0,0,0,0,0,0,0,0,0,0,0,0,0,0,0,0,0,0,0,0,0,0,0,0,0,0,0,0,0,0,0,0,0,8,45,6,9,10,6,8,6,7,12
815,1,69,69,1,64,64,0,1,0,68,0,16000,16000,1788,1788,0,6112,9888,0,0,0,500,16000,1925,1200,32,1023,10,14,0,1048576,0,0,0,inf,1.02279854,1.02279854,0.927392602,1,0,10,69,2,42,26,0,2176,967,432,432,162,13824,5145,1200,2074,975,1023,1023,1023,276,0,1023,0,0,0,0,0,0,1,0,0,3,5,10,7,6,6,7,5,6,3,3,3,1,0,1,0,0,1,0,0,0,0,0,0,0,0,0,0,0,0,0,0,0,0,0,0,0,0,0,0,0,0,0,0,0,0,0,0,0,0,0,0,0,0,0,0,6,7,7,7,27,40,10,10,11,17
816,1,67,69,3,64,64,0,0,0,66,0,10400,10400,1044,1044,0,4278,6122,0,0,0,325,10400,1270,886,32,1023,10,14,0,1048576,0,0,0,inf,inf,0.945646465,0.852476835,1,0,10,67,2,52,14,0,2112,1029,259,259,131,8288,3249,886,1700,1023,511,1023,1023,144,0,1023,0,0,0,0,0,0,2,0,0,2,2,4,4,4,6,7,10,8,4,0,3,4,5,0,1,0,0,0,0,0,0,0,0,0,0,0,0,0,0,0,0,0,0,0,0,0,0,0,0,0,0,0,0,0,0,0,0,0,0,0,0,0,0,0,0,2,6,11,6,4,2,6,6,16,13
817,1,67,69,3,64,64,0,0,0,66,0,26176,26176,2569,2569,0,8842,17334,0,0,0,818,26176,2994,1589,32,1023,10,14,0,1048576,0,0,0,inf,inf,0.993134141,0.885826349,1,0,10,67,2,17,49,0,2112,701,752,752,314,24064,8141,1589,3048,1023,1023,1023,1023,134,0,1023,0,0,0,0,0,2,4,4,5,6,8,12,8,6,7,3,1,0,0,0,0,0,0,0,0,0,0,0,0,0,0,0,0,0,0,0,0,0,0,0,0,0,0,0,0,0,0,0,0,0,0,0,0,0,0,0,0,0,0,0,0,0,0,0,0,3,6,5,4,4,4,4,6,4,4
818,1,67,69,3,64,64,0,0,0,66,0,16000,16000,1641,1641,0,6058,9942,0,0,0,500,16000,1900,1171,32,1023,10,14,0,1048576,0,0,0,inf,inf,1.08618557,1.00593686,1,0,10,67,2,40,26,0,2112,931,434,434,188,13888,5127,1171,2297,1023,1023,1023,1023,641,0,1023,0,0,0,0,0,0,2,0,0,6,4,9,5,7,6,3,5,3,5,1,5,4,1,0,0,0,0,0,0,0,0,0,0,0,0,0,0,0,0,0,0,0,0,0,0,0,0,0,0,0,0,0,0,0,0,0,0,0,0,0,0,0,0,0,0,3,3,2,4,5,5,6,15,4,12
819,1,67,69,3,64,64,0,0,0,66,0,39808,39808,4392,4392,0,7391,32417,0,0,0,1244,39808,3092,1633,32,1023,10,14,0,1048576,0,0,0,inf,inf,1.04208779,0.921457529,1,0,10,67,2,0,48,18,2112,378,1178,1178,207,37696,7013,1633,890,1023,1023,1023,1023,183,0,1023,1,1,4,5,7,16,8,9,6,5,3,0,1,0,0,0,0,0,0,0,0,0,0,0,0,0,0,0,0,0,0,0,0,0,0,0,0,0,0,0,0,0,0,0,0,0,0,0,0,0,0,0,0,0,0,0,0,0,0,0,0,0,0,0,0,6,6,6,4,7,5,7,5,5,11
820,1,67,69,3,64,64,0,0,0,66,0,23680,23680,2413,2413,0,8031,15649,0,0,0,740,23680,2651,1421,32,1023,10,14,0,1048576,0,0,0,inf,inf,1.06312823,0.958499908,1,0,10,67,2,23,43,0,2112,728,674,674,315,21568,7303,1421,2772,1023,1023,1023,1023,6,0,1023,0,0,0,0,0,1,5,2,10,4,5,8,8,6,8,5,4,0,0,0,0,0,0,0,0,0,0,0,0,0,0,0,0,0,0,0,0,0,0,0,0,0,0,0,0,0,0,0,0,0,0,0,0,0,0,0,0,0,0,0,0,0,0,0,0,19,6,8,3,3,5,5,2,5,6
821,0.899999976,69,69,2,64,64,0,0,0,68,0,10112,10112,1115,1115,0,4149,5963,0,0,0,316,10112,1240,844,32,1023,10,14,0,1048576,0,0,0,inf,inf,0.966586351,0.854675293,1,0,10,69,2,54,14,0,2176,1084,248,248,129,7936,3065,844,1473,895,1023,895,895,210,0,895,0,0,0,0,0,0,0,0,0,4,3,5,2,6,4,7,6,6,5,7,5,4,2,0,0,1,1,0,0,0,0,0,0,0,0,0,0,0,0,0,0,0,0,0,0,0,0,0,0,0,0,0,0,0,0,0,0,0,0,0,0,0,0,0,0,8,10,5,5,20,9,11,4294967295,5,5
822,1,68,69,3,64,64,0,0,0,67,0,10752,10752,1431,1431,0,4304,6448,0,0,0,336,10752,1313,871,32,1023,10,14,0,1048576,0,0,0,inf,inf,0.973138571,0.863254964,1,0,10,68,2,52,15,0,2144,1047,269,269,112,8608,3257,871,1401,1023,1023,1023,1023,1,0,1023,0,0,0,0,0,1,1,0,1,2,1,5,4,6,5,6,4,7,8,5,2,5,3,0,0,0,1,0,0,0,0,0,0,0,0,0,0,0,0,0,0,0,0,0,0,0,0,0,0,0,0,0,0,0,0,0,0,0,0,0,0,0,0,0,0,4,6,5,5,4,6,12,10,4,4
823,1,67,69,3,64,64,0,0,0,66,0,22048,22048,2484,2484,0,7409,14639,0,0,0,689,22048,2597,1393,32,1023,10,14,0,1048576,0,0,0,inf,inf,1.04424858,0.947974861,1,0,10,67,2,24,42,0,2112,747,623,623,232,19936,6662,1393,2337,1015,1023,1023,1023,576,0,1023,0,0,0,0,0,0,3,1,5,5,10,11,7,13,6,2,2,1,0,0,0,0,0,0,0,0,0,0,0,0,0,0,0,0,0,0,0,0,0,0,0,0,0,0,0,0,0,0,0,0,0,0,0,0,0,0,0,0,0,0,0,0,0,0,0,3,3,3,11,3,12,4,12,3,5
824,1,67,69,3,64,64,0,0,0,66,0,14656,14656,1991,1991,0,5528,9128,0,0,0,458,14656,1865,1074,32,1023,10,14,0,1048576,0,0,0,inf,inf,0.997862041,0.892207921,1,0,10,67,2,39,27,0,2112,879,392,392,167,12544,4649,1074,1676,1023,1023,1023,1023,18,0,1023,0,0,0,0,0,0,0,0,1,6,4,10,6,11,8,6,3,4,4,0,1,2,0,0,0,0,0,0,0,0,0,0,0,0,0,0,0,0,0,0,0,0,0,0,0,0,0,0,0,0,0,0,0,0,0,0,0,0,0,0,0,0,0,0,0,6,6,4,4,8,8,3,7,7,5
825,1,67,69,3,64,64,0,0,0,66,0,26496,26496,2861,2861,0,8976,17520,0,0,0,828,26496,3081,1653,32,1023,10,14,0,1048576,0,0,0,inf,inf,1.02800536,0.913704693,1,0,10,67,2,15,50,1,2112,696,762,762,298,24384,8280,1653,2937,1023,1023,1023,1023,36,0,1023,0,0,0,0,1,0,4,4,6,4,10,14,8,7,5,3,0,0,0,0,0,0,0,0,0,0,0,0,0,0,0,0,0,0,0,0,0,0,0,0,0,0,0,0,0,0,0,0,0,0,0,0,0,0,0,0,0,0,0,0,0,0,0,0,0,6,6,5,6,7,11,3,6,2,5
826,1,66,69,3,64,64,0,0,0,65,0,11456,11456,994,994,0,4495,6961,0,0,0,358,11456,1440,990,32,1023,10,14,0,1048576,0,0,0,inf,inf,0.962565064,0.868938804,1,0,10,66,2,49,16,0,2080,971,293,293,148,9376,3524,990,1679,1023,1023,1023,1023,40,0,1023,0,0,0,0,0,1,1,0,0,3,2,5,4,5,11,6,6,5,5,1,5,1,2,2,0,0,0,0,0,0,0,0,0,0,0,0,0,0,0,0,0,0,0,0,0,0,0,0,0,0,0,0,0,0,0,0,0,0,0,0,0,0,0,0,0,2,6,3,12,6,28,4,3,2,28
827,1,67,69,3,64,64,0,0,0,66,0,41824,41824,4805,4805,0,7945,33879,0,0,0,1307,41824,3256,1733,32,1023,10,14,0,1048576,0,0,0,inf,inf,1.03333652,0.937508762,1,0,10,67,2,0,50,16,2112,399,1241,1241,175,39712,7546,1733,883,1023,1023,1023,1023,1,0,1023,0,2,4,2,8,12,13,7,7,5,4,1,1,0,0,0,0,0,0,0,0,0,0,0,0,0,0,0,0,0,0,0,0,0,0,0,0,0,0,0,0,0,0,0,0,0,0,0,0,0,0,0,0,0,0,0,0,0,0,0,0,0,0,0,0,4,7,7,8,8,26,3,10,8,3
828,1,69,69,2,64,64,0,0,0,68,0,12544,12544,1268,1268,0,5163,7381,0,0,0,392,12544,1626,1117,32,1023,10,14,0,1048576,0,0,0,inf,inf,0.992920816,0.916768312,1,0,10,69,2,49,19,0,2176,1041,324,324,155,10368,4122,1117,1919,1023,1023,1023,1023,362,0,1023,0,0,0,0,0,0,0,0,0,2,4,8,5,6,4,7,6,7,5,5,1,4,3,0,0,0,1,0,0,0,0,0,0,0,0,0,0,0,0,0,0,0,0,0,0,0,0,0,0,0,0,0,0,0,0,0,0,0,0,0,0,0,0,0,0,6,20,12,9,7,17,9,11,8,9
829,1,67,69,3,64,64,0,0,0,66,0,21952,21952,2476,2476,0,7571,14381,0,0,0,686,21952,2496,1352,32,1023,10,14,0,1048576,0,0,0,inf,inf,1.03788114,0.933013797,1,0,10,67,2,25,40,1,2112,740,620,620,265,19840,6831,1352,2492,1023,1023,1023,1023,112,0,1023,0,0,0,0,1,1,3,2,6,5,7,9,7,8,9,5,3,0,0,0,0,0,0,0,0,0,0,0,0,0,0,0,0,0,0,0,0,0,0,0,0,0,0,0,0,0,0,0,0,0,0,0,0,0,0,0,0,0,0,0,0,0,0,0,0,6,7,3,2,7,6,5,7,6,6
830,1,67,69,3,64,64,0,0,0,66,0,23744,23744,2878,2878,0,8124,15620,0,0,0,742,23744,2936,1557,32,1023,10,14,0,1048576,0,0,0,inf,inf,1.04903054,0.92198813,1,0,10,67,2,18,48,0,2112,713,676,676,271,21632,7411,1557,2474,1023,1023,1023,1023,338,0,1023,0,0,0,0,0,0,4,3,10,4,6,12,9,6,7,4,1,0,0,0,0,0,0,0,0,0,0,0,0,0,0,0,0,0,0,0,0,0,0,0,0,0,0,0,0,0,0,0,0,0,0,0,0,0,0,0,0,0,0,0,0,0,0,0,0,5,6,5,5,6,3,6,5,7,6
831,1,68,69,3,64,64,0,0,0,67,0,27232,27232,2724,2724,0,9075,18157,0,0,0,851,27232,3156,1693,32,1023,10,14,0,1048576,0,0,0,inf,inf,0.982639968,0.889524698,1,0,10,68,2,15,51,1,2144,692,784,784,336,25088,8383,1693,2941,1023,1023,1023,1023,512,0,1023,0,0,0,0,1,1,5,6,8,3,6,13,9,6,6,2,0,1,0,0,0,0,0,0,0,0,0,0,0,0,0,0,0,0,0,0,0,0,0,0,0,0,0,0,0,0,0,0,0,0,0,0,0,0,0,0,0,0,0,0,0,0,0,0,0,5,3,3,4,2,3,3,4,3,5
832,1,66,69,3,64,64,0,0,0,65,0,41696,41696,4139,4139,0,8120,33576,0,0,0,1303,41696,3141,1764,32,1023,10,14,0,1048576,0,0,0,inf,inf,1.0392797,0.943471909,1,0,10,66,2,2,46,17,2080,386,1238,1238,284,39616,7734,1764,1316,887,1023,1023,1023,128,0,1023,1,0,5,5,6,14,9,8,9,3,1,2,0,2,0,0,0,0,0,0,0,0,0,0,0,0,0,0,0,0,0,0,0,0,0,0,0,0,0,0,0,0,0,0,0,0,0,0,0,0,0,0,0,0,0,0,0,0,0,0,0,0,0,0,0,2,4,14,8,5,1,5,20,4,5
833,0.899999976,69,69,1,64,64,0,2,0,68,0,8160,8160,1159,1159,0,3406,4754,0,0,0,255,8160,1103,815,32,511,10,14,0,1048576,0,0,0,inf,1.00516677,1.00538528,0.928879738,1,0,10,69,2,58,10,0,2176,1145,187,187,88,5984,2261,815,903,511,381,511,511,0,0,511,0,0,0,0,0,1,0,1,0,0,2,4,2,3,3,7,8,8,4,7,5,5,2,3,3,0,0,0,0,0,0,0,0,0,0,0,0,0,0,0,0,0,0,0,0,0,0,0,0,0,0,0,0,0,0,0,0,0,0,0,0,0,0,0,0,7,18,38,8,8,10,39,18,8,4294967295
834,1,69,69,2,64,64,0,0,0,68,0,40640,40640,4764,4764,0,7131,33509,0,0,0,1270,40640,3058,1688,32,1023,10,14,0,1048576,0,0,0,inf,inf,1.05876875,0.91963613,1,0,10,69,2,0,44,24,2176,368,1202,1202,128,38464,6763,1688,581,1023,1023,1023,1023,18,0,1023,2,0,8,6,8,16,5,7,7,5,3,0,1,0,0,0,0,0,0,0,0,0,0,0,0,0,0,0,0,0,0,0,0,0,0,0,0,0,0,0,0,0,0,0,0,0,0,0,0,0,0,0,0,0,0,0,0,0,0,0,0,0,0,0,0,6,8,6,5,8,9,8,6,6,7
835,1,66,69,3,64,64,0,0,0,65,0,36384,36384,4400,4400,0,8464,27920,0,0,0,1137,36384,3407,1729,32,1023,10,14,0,1048576,0,0,0,inf,inf,0.922844052,0.832428336,1,0,10,66,2,2,56,7,2080,521,1072,1072,253,34304,7943,1729,1436,1023,1023,1023,1023,272,0,1023,0,0,0,3,4,5,3,14,5,13,9,4,3,1,0,1,0,0,0,0,0,0,0,0,0,0,0,0,0,0,0,0,0,0,0,0,0,0,0,0,0,0,0,0,0,0,0,0,0,0,0,0,0,0,0,0,0,0,0,0,0,0,0,0,0,4,4,2,2,6,2,4,4,31,5
836,1,69,69,1,64,64,0,2,0,68,0,14848,14848,1883,1883,0,5708,9140,0,0,0,464,14848,1940,1175,32,1023,10,14,0,1048576,0,0,0,inf,1.00145507,1.00179505,0.914358139,1,0,10,69,2,42,26,0,2176,940,396,396,151,12672,4768,1175,1716,1023,1023,1023,1023,192,0,1023,0,0,0,0,0,0,0,0,1,7,4,7,7,7,9,4,6,7,3,0,4,2,0,0,0,0,0,0,0,0,0,0,0,0,0,0,0,0,0,0,0,0,0,0,0,0,0,0,0,0,0,0,0,0,0,0,0,0,0,0,0,0,0,0,0,11,11,16,14,21,11,42,21,13,7
837,1,69,69,2,64,64,0,0,0,68,0,13344,13344,1067,1067,0,5443,7901,0,0,0,417,13344,1684,1171,32,1023,10,14,0,1048576,0,0,0,inf,inf,1.01439953,0.927426219,1,0,10,69,2,49,19,0,2176,1036,349,349,178,11168,4407,1171,2313,1023,1023,1023,1023,69,0,1023,0,0,0,0,0,0,1,0,1,4,4,6,3,5,6,5,4,9,3,5,5,4,1,1,0,1,0,0,0,0,0,0,0,0,0,0,0,0,0,0,0,0,0,0,0,0,0,0,0,0,0,0,0,0,0,0,0,0,0,0,0,0,0,0,0,11,6,12,9,37,10,13,10,8,6
838,1,69,69,1,64,64,0,2,0,68,0,15904,15904,1590,1590,0,6318,9586,0,0,0,497,15904,1864,1171,32,1023,10,14,0,1048576,0,0,0,inf,1.03615367,1.03624308,0.954687476,1,0,10,69,2,43,25,0,2176,972,429,429,207,13728,5346,1171,2580,1023,1023,1023,1023,0,0,1023,0,0,0,0,0,0,0,0,1,6,5,8,5,6,6,6,4,8,4,0,5,3,0,0,0,1,0,0,0,0,0,0,0,0,0,0,0,0,0,0,0,0,0,0,0,0,0,0,0,0,0,0,0,0,0,0,0,0,0,0,0,0,0,0,0,6,6,7,8,11,9,8,9,11,8
839,1,67,69,3,64,64,0,0,0,66,0,25344,25344,2927,2927,0,8578,16766,0,0,0,792,25344,3048,1606,32,1023,10,14,0,1048576,0,0,0,inf,inf,1.07964873,0.955178261,1,0,10,67,2,16,50,0,2112,690,726,726,293,23232,7888,1606,2747,1023,1023,1023,1023,392,0,1023,0,0,0,0,0,1,6,3,10,3,7,11,9,6,7,2,1,0,0,0,0,0,0,0,0,0,0,0,0,0,0,0,0,0,0,0,0,0,0,0,0,0,0,0,0,0,0,0,0,0,0,0,0,0,0,0,0,0,0,0,0,0,0,0,0,3,6,5,6,4,3,4,3,6,6
840,1,68,69,3,64,64,0,0,0,67,0,6272,6272,1058,1058,0,2953,3319,0,0,0,196,6272,864,660,32,1023,10,14,0,1048576,0,0,0,inf,inf,0.902231216,0.812258065,1,0,10,68,2,60,7,0,2144,1229,129,129,65,4128,1724,660,719,1023,511,1023,1023,0,0,1023,0,0,0,0,0,0,0,0,0,1,1,4,1,2,3,4,5,5,7,5,5,4,9,9,0,1,1,0,0,0,0,0,0,0,0,0,0,0,0,0,0,0,0,0,0,0,0,0,0,0,0,0,0,0,0,0,0,0,0,0,0,0,0,0,0,16,17,13,4,4,5,15,17,6,7
841,1,68,69,3,64,64,0,0,0,67,0,14432,14432,1330,1330,0,5733,8699,0,0,0,451,14432,1698,1091,32,1023,10,14,0,1048576,0,0,0,inf,inf,1.03393936,0.915185213,1,0,10,68,2,45,22,0,2144,948,384,384,176,12288,4785,1091,2298,1023,1023,1023,1023,256,0,1023,0,0,0,0,0,1,0,0,1,4,6,9,1,8,11,5,3,2,5,1,6,4,0,0,0,0,0,0,0,0,0,0,0,0,0,0,0,0,0,0,0,0,0,0,0,0,0,0,0,0,0,0,0,0,0,0,0,0,0,0,0,0,0,0,0,7,12,7,8,24,8,11,7,55,14
842,1,68,69,3,64,64,0,0,0,67,0,7072,7072,660,660,0,3117,3955,0,0,0,221,7072,1086,878,32,1023,10,14,0,1048576,0,0,0,inf,inf,1.03207564,0.928004622,1,0,10,68,2,59,8,0,2144,1152,154,154,90,4928,1965,878,1156,1023,934,1023,1023,544,0,1023,0,0,0,0,0,0,0,0,0,1,0,4,3,4,6,4,9,4,5,4,11,4,2,3,3,0,0,0,0,0,0,0,0,0,0,0,0,0,0,0,0,0,0,0,0,0,0,0,0,0,0,0,0,0,0,0,0,0,0,0,0,0,0,0,0,4,15,14,3,7,37,5,13,5,23
843,1,69,69,1,64,64,0,1,0,68,0,15104,15104,1626,1626,0,5961,9143,0,0,0,472,15104,1860,1153,32,1023,10,14,0,1048576,0,0,0,inf,1.04104435,1.04104435,0.961009085,1,0,10,69,2,43,25,0,2176,957,404,404,178,12928,5004,1153,2281,1023,1023,1023,1023,596,0,1023,0,0,0,0,0,0,0,0,1,5,5,8,6,8,6,7,2,7,6,0,5,2,0,0,0,0,0,0,0,0,0,0,0,0,0,0,0,0,0,0,0,0,0,0,0,0,0,0,0,0,0,0,0,0,0,0,0,0,0,0,0,0,0,0,0,6,7,21,12,25,5,11,8,9,12
844,1,67,69,3,64,64,0,0,0,66,0,24640,24640,2791,2791,0,8271,16369,0,0,0,770,24640,2957,1572,32,1023,10,14,0,1048576,0,0,0,inf,inf,1.06221437,0.942296267,1,0,10,67,2,18,48,0,2112,699,704,704,289,22528,7572,1572,2546,1023,1023,1023,1023,192,0,1023,0,0,0,0,0,1,5,4,10,3,6,10,9,6,7,5,0,0,0,0,0,0,0,0,0,0,0,0,0,0,0,0,0,0,0,0,0,0,0,0,0,0,0,0,0,0,0,0,0,0,0,0,0,0,0,0,0,0,0,0,0,0,0,0,0,4,8,7,3,6,5,7,3,3,41
845,1,68,69,3,64,64,0,0,0,67,0,40512,40512,4429,4429,0,7192,33320,0,0,0,1266,40512,3196,1680,32,1023,10,14,0,1048576,0,0,0,inf,inf,1.04411054,0.920358896,1,0,10,68,2,0,50,17,2144,382,1199,1199,171,38368,6810,1680,860,1023,1023,1023,1023,0,0,1023,1,4,4,3,5,19,8,5,7,5,5,0,1,0,0,0,0,0,0,0,0,0,0,0,0,0,0,0,0,0,0,0,0,0,0,0,0,0,0,0,0,0,0,0,0,0,0,0,0,0,0,0,0,0,0,0,0,0,0,0,0,0,0,0,0,4,3,8,6,23,7,4,4,6,6
846,1,68,69,3,64,64,0,0,0,67,0,21664,21664,3241,3241,0,7046,14618,0,0,0,677,21664,2680,1340,32,1023,10,14,0,1048576,0,0,0,inf,inf,1.01597953,0.836235642,1,0,10,68,2,19,45,3,2144,700,610,610,185,19520,6346,1340,1832,1023,1023,1023,1023,0,0,1023,0,0,0,1,2,0,8,3,4,6,6,9,9,9,3,6,0,0,1,0,0,0,0,0,0,0,0,0,0,0,0,0,0,0,0,0,0,0,0,0,0,0,0,0,0,0,0,0,0,0,0,0,0,0,0,0,0,0,0,0,0,0,0,0,0,11,4,4,4,4,4,4,3,4,6
847,1,69,69,1,64,64,0,3,0,68,0,12704,12704,1328,1328,0,5171,7533,0,0,0,397,12704,1654,1100,32,1023,10,14,0,1048576,0,0,0,inf,1.02347994,1.02723384,0.944398284,1,0,10,69,2,47,20,1,2176,1024,329,329,166,10528,4147,1100,1810,1023,895,1023,1023,16,0,1023,0,0,0,1,0,0,0,0,0,3,4,8,5,7,5,5,6,2,5,4,7,2,2,1,0,1,0,0,0,0,0,0,0,0,0,0,0,0,0,0,0,0,0,0,0,0,0,0,0,0,0,0,0,0,0,0,0,0,0,0,0,0,0,0,0,7,10,46,7,11,8,12,14,8,9
848,1,67,69,3,64,64,0,0,0,66,0,45664,45664,4242,4242,0,7616,38048,0,0,0,1427,45664,2828,1737,32,1023,10,14,0,1048576,0,0,0,inf,inf,1.06224084,0.965192676,1,0,10,67,2,0,37,29,2112,318,1361,1361,233,43552,7298,1737,1080,1023,1023,1023,1023,32,0,1023,1,3,11,6,8,13,7,7,5,3,2,0,0,0,0,0,0,0,0,0,0,0,0,0,0,0,0,0,0,0,0,0,0,0,0,0,0,0,0,0,0,0,0,0,0,0,0,0,0,0,0,0,0,0,0,0,0,0,0,0,0,0,0,0,0,12,15,6,15,3,7,7,15,8,9
849,1,69,69,1,64,64,0,1,0,68,0,28256,28256,2658,2658,0,9404,18852,0,0,0,883,28256,3188,1709,32,1023,10,14,0,1048576,0,0,0,inf,1.02718186,1.04218554,0.935440421,1,0,10,69,2,16,52,0,2176,719,815,815,360,26080,8685,1709,3206,1023,1023,1023,1023,140,0,1023,0,0,0,0,0,2,6,3,5,7,10,11,8,5,4,4,1,1,1,0,0,0,0,0,0,0,0,0,0,0,0,0,0,0,0,0,0,0,0,0,0,0,0,0,0,0,0,0,0,0,0,0,0,0,0,0,0,0,0,0,0,0,0,0,0,6,7,8,10,20,6,7,7,6,18
850,1,69,69,2,64,64,0,0,0,68,0,29376,29376,2850,2850,0,10023,19353,0,0,0,918,29376,3307,1766,32,1023,10,14,0,1048576,0,0,0,inf,inf,0.969515562,0.866323769,1,0,10,69,2,14,54,0,2176,702,850,850,358,27200,9321,1766,3560,1023,1023,1023,1023,512,0,1023,0,0,0,0,0,3,5,4,5,9,7,13,8,4,5,4,0,1,0,0,0,0,0,0,0,0,0,0,0,0,0,0,0,0,0,0,0,0,0,0,0,0,0,0,0,0,0,0,0,0,0,0,0,0,0,0,0,0,0,0,0,0,0,0,0,7,5,7,7,5,23,4,4,5,12
851,1,67,69,3,64,64,0,0,0,66,0,25696,25696,4485,4485,0,7280,18416,0,0,0,803,25696,3012,1308,32,1023,10,14,0,1048576,0,0,0,inf,inf,0.865552783,0.774876893,1,0,10,67,2,6,56,4,2112,595,737,737,132,23584,6685,1308,1326,1023,1023,1023,1023,0,0,1023,0,0,1,1,2,2,6,5,11,10,8,7,7,2,4,0,0,0,0,0,0,0,0,0,0,0,0,0,0,0,0,0,0,0,0,0,0,0,0,0,0,0,0,0,0,0,0,0,0,0,0,0,0,0,0,0,0,0,0,0,0,0,0,0,0,4,6,4,5,4,4,5,4,7,6
852,1,67,69,3,64,64,0,0,0,66,0,13472,13472,1217,1217,0,5311,8161,0,0,0,421,13472,1695,1136,32,1023,10,14,0,1048576,0,0,0,inf,inf,1.0279727,0.947591543,1,0,10,67,2,45,20,1,2112,988,355,355,182,11360,4323,1136,2131,511,1023,1023,1023,18,0,1023,0,0,0,1,0,0,1,0,3,2,2,7,5,5,7,4,5,3,3,5,7,0,4,0,1,1,0,0,0,0,0,0,0,0,0,0,0,0,0,0,0,0,0,0,0,0,0,0,0,0,0,0,0,0,0,0,0,0,0,0,0,0,0,0,0,3,9,2,2,8,3,3,2,9,9
853,1,69,69,1,64,64,0,3,0,68,0,15648,15648,1621,1621,0,6257,9391,0,0,0,489,15648,1939,1186,32,1023,10,14,0,1048576,0,0,0,inf,0.969086647,0.971590519,0.894977927,1,0,10,69,2,41,27,0,2176,951,421,421,189,13472,5306,1186,2267,1023,991,1023,1023,202,0,1023,0,0,0,0,0,0,0,0,0,6,7,8,6,8,5,6,7,1,4,2,5,2,1,0,0,0,0,0,0,0,0,0,0,0,0,0,0,0,0,0,0,0,0,0,0,0,0,0,0,0,0,0,0,0,0,0,0,0,0,0,0,0,0,0,0,8,60,7,18,9,61,17,18,11,11
854,1,69,69,2,64,64,0,0,0,68,0,9312,9312,786,786,0,3878,5434,0,0,0,291,9312,1255,943,32,1023,10,14,0,1048576,0,0,0,inf,inf,0.984515429,0.893274426,1,0,10,69,2,56,12,0,2176,1112,223,223,127,7136,2766,943,1461,1023,957,1023,1023,8,0,1023,0,0,0,0,0,0,1,0,0,1,3,5,2,4,5,6,8,5,7,6,6,2,4,0,2,1,0,0,0,0,0,0,0,0,0,0,0,0,0,0,0,0,0,0,0,0,0,0,0,0,0,0,0,0,0,0,0,0,0,0,0,0,0,0,0,21,14,20,40,19,22,4,21,26,4
855,1,69,69,1,64,64,0,8,0,68,0,10688,10688,1075,1075,0,4496,6192,0,0,0,334,10688,1488,1074,32,1023,10,14,0,1048576,0,0,0,inf,1.00393772,1.00919724,0.921437323,1,0,10,69,2,53,15,0,2176,1104,266,266,130,8512,3392,1074,1548,1023,511,1023,1023,68,0,1023,0,0,0,0,0,0,0,0,0,2,4,5,4,5,6,4,6,4,5,6,7,3,1,3,3,0,0,0,0,0,0,0,0,0,0,0,0,0,0,0,0,0,0,0,0,0,0,0,0,0,0,0,0,0,0,0,0,0,0,0,0,0,0,0,0,14,17,21,15,15,15,20,18,13,15
856,1,66,69,3,64,64,0,0,0,65,0,42112,42112,3867,3867,0,7707,34405,0,0,0,1316,42112,2965,1704,32,1023,10,14,0,1048576,0,0,0,inf,inf,1.13160467,1.00495052,1,0,10,66,2,1,42,22,2080,368,1251,1251,268,40032,7339,1704,1243,951,1023,1023,1023,640,0,1023,3,2,4,5,8,6,14,8,5,5,2,1,1,1,0,0,0,0,0,0,0,0,0,0,0,0,0,0,0,0,0,0,0,0,0,0,0,0,0,0,0,0,0,0,0,0,0,0,0,0,0,0,0,0,0,0,0,0,0,0,0,0,0,0,0,5,5,5,5,3,5,14,12,13,8
857,1,67,69,3,64,64,0,0,0,66,0,9408,9408,1115,1115,0,4157,5251,0,0,0,294,9408,1130,764,32,1023,10,14,0,1048576,0,0,0,inf,inf,1.01153898,0.86533761,1,0,10,67,2,53,13,0,2112,1052,228,228,118,7296,3105,764,1515,1023,1023,1023,1023,0,0,1023,0,0,0,0,0,1,1,0,0,0,1,6,4,3,4,4,8,13,7,4,3,5,0,2,0,0,0,0,0,0,0,0,0,0,0,0,0,0,0,0,0,0,0,0,0,0,0,0,0,0,0,0,0,0,0,0,0,0,0,0,0,0,0,0,0,5,5,7,6,9,8,7,7,3,7
858,1,69,69,1,64,64,0,5,0,68,0,6336,6336,1049,1049,0,3136,3200,0,0,0,198,6336,843,650,32,1023,10,14,0,1048576,0,0,0,inf,0.993400693,1.00823033,0.798535943,1,0,10,69,2,61,7,0,2176,1173,130,130,60,4160,1963,650,983,1023,1023,1023,1023,768,0,1023,0,0,0,0,0,0,0,0,0,2,0,1,4,1,5,3,7,14,10,6,3,7,1,3,0,0,1,0,0,0,0,0,0,0,0,0,0,0,0,0,0,0,0,0,0,0,0,0,0,0,0,0,0,0,0,0,0,0,0,0,0,0,0,0,0,14,15,15,22,14,14,15,16,16,19
859,1,66,69,3,64,64,0,0,0,65,0,43680,43680,3880,3880,0,6869,36811,0,0,0,1365,43680,2452,1666,32,1023,10,14,0,1048576,0,0,0,inf,inf,1.1801095,1.02998304,1,0,10,66,2,0,26,39,2080,269,1300,1300,215,41600,6600,1666,815,759,1023,1023,1023,20,0,1023,3,4,9,14,9,3,16,3,0,3,1,0,0,0,0,0,0,0,0,0,0,0,0,0,0,0,0,0,0,0,0,0,0,0,0,0,0,0,0,0,0,0,0,0,0,0,0,0,0,0,0,0,0,0,0,0,0,0,0,0,0,0,0,0,0,16,17,17,20,17,16,17,17,3,2
860,0.899999976,69,69,1,64,64,0,5,0,68,0,17504,17504,1352,1352,0,5989,11515,0,0,0,547,17504,1775,1147,32,1023,10,14,0,1048576,0,0,0,inf,0.960934401,0.963243604,0.843197644,1,0,10,69,2,44,23,1,2176,987,479,479,265,15328,5002,1147,2148,895,1023,895,895,130,0,895,0,0,1,0,0,0,5,3,2,5,2,1,5,1,2,3,7,12,4,3,5,5,0,2,0,0,0,0,0,0,0,0,0,0,0,0,0,0,0,0,0,0,0,0,0,0,0,0,0,0,0,0,0,0,0,0,0,0,0,0,0,0,0,0,0,20,13,19,20,26,20,25,4294967295,50,20
861,1,69,69,1,64,64,0,12,0,68,0,4320,4320,1126,1126,0,2319,2001,0,0,0,135,4320,720,594,32,1023,10,14,0,1048576,0,0,0,inf,0.98500514,1.03186142,0.847869158,1,0,10,69,2,64,4,0,2176,1210,67,67,22,2144,1109,594,346,1023,1023,1023,1023,0,0,1023,0,0,0,0,0,0,0,0,0,0,0,1,3,2,4,3,8,14,8,5,3,9,3,4,1,0,0,0,0,0,0,0,0,0,0,0,0,0,0,0,0,0,0,0,0,0,0,0,0,0,0,0,0,0,0,0,0,0,0,0,0,0,0,0,0,21,17,18,18,20,22,17,19,19,21
862,1,66,69,3,64,64,0,0,0,65,0,40000,40000,4103,4103,0,6188,33812,0,0,0,1250,40000,2201,1430,32,1023,10,14,0,1048576,0,0,0,inf,inf,1.04537368,0.931171894,1,0,10,66,2,0,25,40,2080,251,1185,1185,142,37920,5937,1430,647,959,1023,1023,1023,54,0,1023,4,1,15,11,9,7,12,5,0,1,0,0,0,0,0,0,0,0,0,0,0,0,0,0,0,0,0,0,0,0,0,0,0,0,0,0,0,0,0,0,0,0,0,0,0,0,0,0,0,0,0,0,0,0,0,0,0,0,0,0,0,0,0,0,0,7,3,9,11,10,3,6,11,3,8
863,1,69,69,1,64,64,0,1,0,68,0,4704,4704,1403,1403,0,2487,2217,0,0,0,147,4704,657,503,32,1023,10,14,0,1048576,0,0,0,inf,0.974739313,0.974739313,0.817106605,1,0,10,69,2,63,5,0,2176,1193,79,79,21,2528,1294,503,314,1023,1023,1023,1023,0,0,1023,0,0,0,0,0,0,0,0,0,0,0,2,3,2,5,1,10,14,9,5,2,7,4,3,0,1,0,0,0,0,0,0,0,0,0,0,0,0,0,0,0,0,0,0,0,0,0,0,0,0,0,0,0,0,0,0,0,0,0,0,0,0,0,0,0,7,6,10,7,12,9,8,12,12,12
864,1,66,69,3,64,64,0,0,0,65,0,38752,38752,4397,4397,0,6006,32746,0,0,0,1211,38752,2176,1287,32,1023,10,14,0,1048576,0,0,0,inf,inf,1.17025113,0.974249542,1,0,10,66,2,2,29,34,2080,297,1146,1146,83,36672,5709,1287,474,511,1023,1023,1023,64,0,1023,4,4,12,6,8,4,13,6,2,3,1,0,0,2,0,0,0,0,0,0,0,0,0,0,0,0,0,0,0,0,0,0,0,0,0,0,0,0,0,0,0,0,0,0,0,0,0,0,0,0,0,0,0,0,0,0,0,0,0,0,0,0,0,0,0,4,4,3,3,5,4,3,4,3,5
865,1,69,69,2,64,64,0,0,0,68,0,4864,4864,1282,1282,0,2516,2348,0,0,0,152,4864,695,539,32,1023,10,14,0,1048576,0,0,0,inf,inf,1.04713845,0.863722026,1,0,10,69,2,63,5,0,2176,1174,84,84,22,2688,1342,539,374,1023,1023,1023,1023,0,0,1023,0,0,0,0,0,0,0,0,0,0,0,1,4,2,4,4,9,14,12,4,4,5,1,4,0,0,0,0,0,0,0,0,0,0,0,0,0,0,0,0,0,0,0,0,0,0,0,0,0,0,0,0,0,0,0,0,0,0,0,0,0,0,0,0,0,6,6,7,7,5,6,12,6,7,12
866,1,69,69,2,64,64,0,0,0,68,0,5120,5120,1201,1201,0,2598,2522,0,0,0,160,5120,713,536,32,1023,10,14,0,1048576,0,0,0,inf,inf,0.970456839,0.821240544,1,0,10,69,2,62,6,0,2176,1161,92,92,40,2944,1437,536,537,1023,1023,1023,1023,516,0,1023,0,0,0,0,0,0,0,0,0,0,1,2,3,2,3,4,11,15,8,5,5,5,2,2,0,0,0,0,0,0,0,0,0,0,0,0,0,0,0,0,0,0,0,0,0,0,0,0,0,0,0,0,0,0,0,0,0,0,0,0,0,0,0,0,0,6,6,8,6,6,6,6,6,5,15
867,1,69,69,1,64,64,0,6,0,68,0,8320,8320,1013,1013,0,3744,4576,0,0,0,260,8320,1098,821,32,1023,10,14,0,1048576,0,0,0,inf,0.983679414,0.992238343,0.883024991,1,0,10,69,2,58,10,0,2176,1152,192,192,112,6144,2592,821,1216,1023,1023,1023,1023,224,0,1023,0,0,0,0,0,0,0,0,0,3,2,1,4,1,3,2,8,12,9,11,5,2,1,3,0,1,0,0,0,0,0,0,0,0,0,0,0,0,0,0,0,0,0,0,0,0,0,0,0,0,0,0,0,0,0,0,0,0,0,0,0,0,0,0,0,30,31,29,28,31,32,36,39,30,31
868,1,66,69,3,64,64,0,0,0,65,0,6784,6784,1011,1011,0,3279,3505,0,0,0,212,6784,883,673,32,1023,10,14,0,1048576,0,0,0,inf,inf,1.04496086,0.906439424,1,0,10,66,2,57,8,0,2080,1115,147,147,79,4704,2164,673,1122,1023,1023,1023,1023,64,0,1023,0,0,0,0,0,0,0,0,0,0,1,3,4,2,2,5,10,9,9,5,5,5,0,2,1,2,0,0,0,0,0,0,0,0,0,0,0,0,0,0,0,0,0,0,0,0,0,0,0,0,0,0,0,0,0,0,0,0,0,0,0,0,0,0,0,12,16,15,15,13,13,20,13,15,15
869,1,69,69,1,64,64,0,1,0,68,0,4704,4704,1347,1347,0,2484,2220,0,0,0,147,4704,720,560,32,1023,10,14,0,1048576,0,0,0,inf,0.886977494,0.886977494,0.75862658,1,0,10,69,2,63,5,0,2176,1190,79,79,20,2528,1294,560,263,1023,1023,1023,1023,0,0,1023,0,0,0,0,0,0,0,0,0,0,0,2,3,2,3,4,12,10,8,5,6,6,4,3,0,0,0,0,0,0,0,0,0,0,0,0,0,0,0,0,0,0,0,0,0,0,0,0,0,0,0,0,0,0,0,0,0,0,0,0,0,0,0,0,0,14,12,12,11,24,12,10,19,11,10
870,1,68,69,3,64,64,0,0,0,67,0,18752,18752,3322,3322,0,6366,12386,0,0,0,586,18752,2608,1233,32,1023,10,14,0,1048576,0,0,0,inf,inf,1.03726983,0.860072255,1,0,10,68,2,18,46,3,2144,727,519,519,140,16608,5639,1233,1371,1023,1023,1023,1023,0,0,1023,0,0,0,1,2,0,2,2,3,7,9,14,9,8,3,7,0,0,0,0,0,0,0,0,0,0,0,0,0,0,0,0,0,0,0,0,0,0,0,0,0,0,0,0,0,0,0,0,0,0,0,0,0,0,0,0,0,0,0,0,0,0,0,0,0,5,3,3,3,4,4,5,5,5,5
871,1,69,69,1,64,64,0,4,0,68,0,10656,10656,859,859,0,4605,6051,0,0,0,333,10656,1313,960,32,1023,10,14,0,1048576,0,0,0,inf,1.00742412,1.02214885,0.942790151,1,0,10,69,2,55,13,0,2176,1062,265,265,153,8480,3543,960,1860,1023,767,1023,1023,64,0,1023,0,0,0,0,0,0,1,0,1,2,4,4,1,2,7,5,10,10,8,6,3,2,1,1,0,0,0,0,0,0,0,0,0,0,0,0,0,0,0,0,0,0,0,0,0,0,0,0,0,0,0,0,0,0,0,0,0,0,0,0,0,0,0,0,0,3,46,42,46,2,46,47,2,4,45
872,1,67,69,3,64,64,0,0,0,66,0,46048,46048,4212,4212,0,7519,38529,0,0,0,1439,46048,2562,1668,32,1023,10,14,0,1048576,0,0,0,inf,inf,1.08622921,0.975502014,1,0,10,67,2,1,30,35,2112,305,1373,1373,227,43936,7214,1668,1044,1023,1023,1023,1023,264,0,1023,4,1,5,12,13,6,13,6,3,1,1,0,0,1,0,0,0,0,0,0,0,0,0,0,0,0,0,0,0,0,0,0,0,0,0,0,0,0,0,0,0,0,0,0,0,0,0,0,0,0,0,0,0,0,0,0,0,0,0,0,0,0,0,0,0,26,30,26,4,27,26,25,26,30,26
873,1,68,69,3,64,64,0,0,0,67,0,16032,16032,3396,3396,0,5254,10778,0,0,0,501,16032,2498,1151,32,1023,10,14,0,1048576,0,0,0,inf,inf,1.04619241,0.818738699,1,0,10,68,2,21,44,2,2144,736,434,434,57,13888,4518,1151,759,1023,1023,1023,1023,144,0,1023,0,0,0,1,1,0,3,4,3,6,8,11,9,9,3,8,0,1,0,0,0,0,0,0,0,0,0,0,0,0,0,0,0,0,0,0,0,0,0,0,0,0,0,0,0,0,0,0,0,0,0,0,0,0,0,0,0,0,0,0,0,0,0,0,0,4,4,3,4,5,5,5,5,4,4
874,1,67,69,3,64,64,0,0,0,66,0,37120,37120,4431,4431,0,5589,31531,0,0,0,1160,37120,2248,1227,32,1023,10,14,0,1048576,0,0,0,inf,inf,0.992704511,0.890032053,1,0,10,67,2,1,33,32,2112,301,1094,1094,70,35008,5288,1227,328,1022,1023,1023,1023,0,0,1023,2,4,10,7,9,9,14,4,4,2,0,0,0,1,0,0,0,0,0,0,0,0,0,0,0,0,0,0,0,0,0,0,0,0,0,0,0,0,0,0,0,0,0,0,0,0,0,0,0,0,0,0,0,0,0,0,0,0,0,0,0,0,0,0,0,3,3,5,2,5,3,5,7,7,2
875,1,69,69,2,64,64,0,0,0,68,0,5760,5760,1243,1243,0,2804,2956,0,0,0,180,5760,760,558,32,1023,10,14,0,1048576,0,0,0,inf,inf,0.997402787,0.830206037,1,0,10,69,2,61,7,0,2176,1160,112,112,46,3584,1644,558,620,1023,1023,1023,1023,384,0,1023,0,0,0,0,0,0,0,0,0,0,1,3,3,2,4,2,10,14,9,6,5,5,2,2,0,0,0,0,0,0,0,0,0,0,0,0,0,0,0,0,0,0,0,0,0,0,0,0,0,0,0,0,0,0,0,0,0,0,0,0,0,0,0,0,0,7,7,7,7,7,7,6,8,16,6
876,1,69,69,1,64,64,0,8,0,68,0,5504,5504,1252,1252,0,2819,2685,0,0,0,172,5504,788,612,32,1023,10,14,0,1048576,0,0,0,inf,1.03432083,1.05662704,0.851335764,1,0,10,69,2,62,6,0,2176,1172,104,104,35,3328,1647,612,611,1023,1023,1023,1023,256,0,1023,0,0,0,0,0,0,0,0,0,0,0,1,5,1,4,3,9,14,13,5,3,7,0,3,0,0,0,0,0,0,0,0,0,0,0,0,0,0,0,0,0,0,0,0,0,0,0,0,0,0,0,0,0,0,0,0,0,0,0,0,0,0,0,0,0,16,16,17,16,16,14,15,16,17,14
877,1,66,69,3,64,64,0,0,0,65,0,42816,42816,4344,4344,0,6409,36407,0,0,0,1338,42816,2194,1450,32,1023,10,14,0,1048576,0,0,0,inf,inf,1.23971117,0.98677516,1,0,10,66,2,1,25,39,2080,270,1273,1273,83,40736,6139,1450,521,959,1023,1023,1023,0,0,1023,5,4,12,9,9,4,12,3,2,3,1,0,0,1,0,0,0,0,0,0,0,0,0,0,0,0,0,0,0,0,0,0,0,0,0,0,0,0,0,0,0,0,0,0,0,0,0,0,0,0,0,0,0,0,0,0,0,0,0,0,0,0,0,0,0,3,3,2,3,3,5,4,3,5,2
878,1,69,69,1,64,64,0,2,0,68,0,5472,5472,1247,1247,0,2755,2717,0,0,0,171,5472,782,603,32,1023,10,14,0,1048576,0,0,0,inf,0.870592713,0.871825099,0.71631813,1,0,10,69,2,62,6,0,2176,1161,103,103,41,3296,1594,603,479,1023,1023,1023,1023,0,0,1023,0,0,0,0,0,0,0,0,0,1,0,2,3,3,3,6,10,11,9,5,4,6,2,3,0,0,0,0,0,0,0,0,0,0,0,0,0,0,0,0,0,0,0,0,0,0,0,0,0,0,0,0,0,0,0,0,0,0,0,0,0,0,0,0,0,9,8,8,15,10,10,17,9,10,10
879,1,69,69,1,64,64,0,3,0,68,0,4320,4320,1101,1101,0,2298,2022,0,0,0,135,4320,648,525,32,1023,10,14,0,1048576,0,0,0,inf,0.920065761,0.921557248,0.75626266,1,0,10,69,2,64,4,0,2176,1189,67,67,22,2144,1109,525,331,1023,1023,1023,1023,0,0,1023,0,0,0,0,0,0,0,0,0,0,0,1,3,3,3,4,9,12,10,8,4,5,2,4,0,0,0,0,0,0,0,0,0,0,0,0,0,0,0,0,0,0,0,0,0,0,0,0,0,0,0,0,0,0,0,0,0,0,0,0,0,0,0,0,0,8,12,7,11,9,9,11,8,12,8
880,1,68,69,3,64,64,0,0,0,67,0,43168,43168,4306,4306,0,6660,36508,0,0,0,1349,43168,2308,1531,32,1023,10,14,0,1048576,0,0,0,inf,inf,1.24648333,1.00447965,1,0,10,68,2,1,26,40,2144,290,1282,1282,109,41024,6370,1531,729,991,1023,1023,1023,0,0,1023,3,5,12,10,10,3,12,5,1,3,1,1,0,1,0,0,0,0,0,0,0,0,0,0,0,0,0,0,0,0,0,0,0,0,0,0,0,0,0,0,0,0,0,0,0,0,0,0,0,0,0,0,0,0,0,0,0,0,0,0,0,0,0,0,0,4,5,5,5,3,5,4,4,4,4
881,1,66,69,3,64,64,0,0,0,65,0,22720,22720,3876,3876,0,7436,15284,0,0,0,710,22720,2904,1434,32,1023,10,14,0,1048576,0,0,0,inf,inf,0.966284335,0.76429832,1,0,10,66,2,15,49,1,2080,655,645,645,153,20640,6781,1434,1460,1023,1023,1023,1023,72,0,1023,0,0,0,0,1,2,5,7,6,6,10,8,5,6,1,8,0,0,0,0,0,0,0,0,0,0,0,0,0,0,0,0,0,0,0,0,0,0,0,0,0,0,0,0,0,0,0,0,0,0,0,0,0,0,0,0,0,0,0,0,0,0,0,0,0,9,10,10,11,10,10,11,10,9,10
882,1,67,69,3,64,64,0,0,0,66,0,8128,8128,822,822,0,3725,4403,0,0,0,254,8128,1072,818,32,1023,10,14,0,1048576,0,0,0,inf,inf,0.974392295,0.891451955,1,0,10,67,2,57,9,0,2112,1047,188,188,108,6016,2678,818,1412,1023,1023,1023,1023,0,0,1023,0,0,0,0,0,0,1,0,2,1,1,2,2,4,7,5,12,8,6,8,3,2,1,1,0,0,0,0,0,0,0,0,0,0,0,0,0,0,0,0,0,0,0,0,0,0,0,0,0,0,0,0,0,0,0,0,0,0,0,0,0,0,0,0,0,3,33,34,2,30,2,2,34,33,34
883,1,69,69,1,64,64,0,1,0,68,0,5248,5248,1484,1484,0,2719,2529,0,0,0,164,5248,742,557,32,1023,10,14,0,1048576,0,0,0,inf,0.916771054,0.916771054,0.724646389,1,0,10,69,2,62,6,0,2176,1192,96,96,22,3072,1527,557,399,1023,1023,1023,1023,768,0,1023,0,0,0,0,0,0,0,0,0,0,0,2,4,2,4,2,10,12,9,4,5,6,4,3,0,1,0,0,0,0,0,0,0,0,0,0,0,0,0,0,0,0,0,0,0,0,0,0,0,0,0,0,0,0,0,0,0,0,0,0,0,0,0,0,0,9,6,7,9,11,9,9,8,10,10
884,1,69,69,1,64,64,0,15,0,68,0,6592,6592,1025,1025,0,3270,3322,0,0,0,206,6592,942,736,32,1023,10,14,0,1048576,0,0,0,inf,0.98738873,1.04208815,0.827921391,1,0,10,69,2,61,7,0,2176,1202,138,138,74,4416,2068,736,1044,1023,1023,1023,1023,0,0,1023,0,0,0,0,0,0,1,1,0,0,0,1,4,1,2,3,9,13,8,6,3,7,1,4,2,1,0,1,0,0,0,0,0,0,0,0,0,0,0,0,0,0,0,0,0,0,0,0,0,0,0,0,0,0,0,0,0,0,0,0,0,0,0,0,0,23,23,23,22,24,24,24,27,25,23
885,1,69,69,2,64,64,0,0,0,68,0,18528,18528,3689,3689,0,6285,12243,0,0,0,579,18528,2667,1275,32,1023,10,14,0,1048576,0,0,0,inf,inf,1.1156199,0.86786902,1,0,10,69,2,20,46,2,2176,739,511,511,84,16352,5546,1275,1174,1023,1023,1023,1023,0,0,1023,0,0,0,1,1,0,4,3,2,8,8,14,7,9,3,7,0,1,0,0,0,0,0,0,0,0,0,0,0,0,0,0,0,0,0,0,0,0,0,0,0,0,0,0,0,0,0,0,0,0,0,0,0,0,0,0,0,0,0,0,0,0,0,0,0,6,5,7,4,6,4,4,5,5,5
886,1,69,69,1,64,64,0,7,0,68,0,6336,6336,1056,1056,0,3193,3143,0,0,0,198,6336,892,689,32,1023,10,14,0,1048576,0,0,0,inf,0.856729805,0.921343982,0.766233683,1,0,10,69,2,61,7,0,2176,1183,130,130,74,4160,2010,689,854,1023,1023,1023,1023,256,0,1023,0,0,0,0,0,0,0,0,0,0,1,2,4,2,5,2,9,12,7,7,4,5,1,6,0,1,0,0,0,0,0,0,0,0,0,0,0,0,0,0,0,0,0,0,0,0,0,0,0,0,0,0,0,0,0,0,0,0,0,0,0,0,0,0,0,19,10,11,13,11,13,14,11,14,12
887,1,69,69,2,64,64,0,0,0,68,0,4832,4832,1139,1139,0,2449,2383,0,0,0,151,4832,656,512,32,1023,10,14,0,1048576,0,0,0,inf,inf,0.986783743,0.819486737,1,0,10,69,2,63,5,0,2176,1157,83,83,29,2656,1292,512,500,1023,1023,1023,1023,2,0,1023,0,0,0,0,0,0,0,0,0,0,1,1,3,2,5,4,11,12,12,5,4,5,1,2,0,0,0,0,0,0,0,0,0,0,0,0,0,0,0,0,0,0,0,0,0,0,0,0,0,0,0,0,0,0,0,0,0,0,0,0,0,0,0,0,0,6,12,6,6,6,5,6,6,6,6
888,1,68,69,3,64,64,0,0,0,67,0,19712,19712,3703,3703,0,6273,13439,0,0,0,616,19712,2702,1223,32,1023,10,14,0,1048576,0,0,0,inf,inf,0.91871959,0.755657196,1,0,10,68,2,17,49,1,2144,723,549,549,122,17568,5550,1223,1136,1023,1023,1023,1023,416,0,1023,0,0,0,1,0,0,2,6,3,7,9,13,9,7,3,7,0,0,0,0,0,0,0,0,0,0,0,0,0,0,0,0,0,0,0,0,0,0,0,0,0,0,0,0,0,0,0,0,0,0,0,0,0,0,0,0,0,0,0,0,0,0,0,0,0,5,4,5,3,5,8,5,6,6,5
889,1,69,69,2,64,64,0,0,0,68,0,20864,20864,3530,3530,0,7041,13823,0,0,0,652,20864,2678,1306,32,1023,10,14,0,1048576,0,0,0,inf,inf,0.991953492,0.804529548,1,0,10,69,2,22,46,0,2176,766,584,584,145,18688,6275,1306,1635,1023,1023,1023,1023,0,0,1023,0,0,0,0,0,0,1,6,5,5,12,10,7,9,2,8,1,1,0,0,0,1,0,0,0,0,0,0,0,0,0,0,0,0,0,0,0,0,0,0,0,0,0,0,0,0,0,0,0,0,0,0,0,0,0,0,0,0,0,0,0,0,0,0,0,9,9,10,10,10,10,10,10,11,10
890,1,69,69,2,64,64,0,0,0,68,0,5120,5120,1401,1401,0,2613,2507,0,0,0,160,5120,734,547,32,1023,10,14,0,1048576,0,0,0,inf,inf,0.924102902,0.753395498,1,0,10,69,2,62,6,0,2176,1176,92,92,13,2944,1437,547,383,1023,1023,1023,1023,0,0,1023,0,0,0,0,0,0,0,0,0,0,1,2,3,1,4,3,9,12,11,7,6,5,2,2,0,0,0,0,0,0,0,0,0,0,0,0,0,0,0,0,0,0,0,0,0,0,0,0,0,0,0,0,0,0,0,0,0,0,0,0,0,0,0,0,0,11,6,10,13,12,5,8,8,9,6
891,1,69,69,2,64,64,0,0,0,68,0,5120,5120,1336,1336,0,2601,2519,0,0,0,160,5120,713,530,32,1023,10,14,0,1048576,0,0,0,inf,inf,0.911612332,0.765990019,1,0,10,69,2,62,6,0,2176,1164,92,92,29,2944,1437,530,433,1023,1023,1023,1023,0,0,1023,0,0,0,0,0,0,0,0,0,0,1,2,3,2,4,4,10,13,8,6,6,5,2,2,0,0,0,0,0,0,0,0,0,0,0,0,0,0,0,0,0,0,0,0,0,0,0,0,0,0,0,0,0,0,0,0,0,0,0,0,0,0,0,0,0,7,7,7,6,6,6,11,6,6,6
892,1,66,69,3,64,64,0,0,0,65,0,40832,40832,4244,4244,0,6080,34752,0,0,0,1276,40832,2090,1418,32,1023,10,14,0,1048576,0,0,0,inf,inf,1.10781884,0.901854038,1,0,10,66,2,1,22,42,2080,265,1211,1211,82,38752,5815,1418,451,1007,1023,1023,1023,0,0,1023,3,5,15,9,10,4,10,2,1,3,1,1,0,1,0,0,0,0,0,0,0,0,0,0,0,0,0,0,0,0,0,0,0,0,0,0,0,0,0,0,0,0,0,0,0,0,0,0,0,0,0,0,0,0,0,0,0,0,0,0,0,0,0,0,0,2,3,3,2,4,4,3,4,2,3
893,1,67,69,3,64,64,0,0,0,66,0,18080,18080,3300,3300,0,6061,12019,0,0,0,565,18080,2613,1215,32,1023,10,14,0,1048576,0,0,0,inf,inf,1.01289976,0.791581511,1,0,10,67,2,19,46,1,2112,718,499,499,129,15968,5343,1215,1192,1023,1023,1023,1023,4,0,1023,0,0,0,0,1,0,2,8,2,6,9,10,9,8,3,7,0,1,0,0,0,0,0,0,0,0,0,0,0,0,0,0,0,0,0,0,0,0,0,0,0,0,0,0,0,0,0,0,0,0,0,0,0,0,0,0,0,0,0,0,0,0,0,0,0,6,6,7,5,6,7,6,6,6,6
894,1,69,69,1,64,64,0,3,0,68,0,13024,13024,1246,1246,0,5220,7804,0,0,0,407,13024,1380,900,32,1023,10,14,0,1048576,0,0,0,inf,0.919243038,0.922574639,0.794452369,1,0,10,69,2,50,18,0,2176,1064,339,339,179,10848,4156,900,2133,1023,1023,1023,1023,32,0,1023,0,0,0,0,0,0,0,2,0,5,3,4,4,2,4,4,6,10,7,5,4,5,0,3,0,0,0,0,0,0,0,0,0,0,0,0,0,0,0,0,0,0,0,0,0,0,0,0,0,0,0,0,0,0,0,0,0,0,0,0,0,0,0,0,0,18,18,15,18,18,20,16,17,18,16
895,1,67,69,3,64,64,0,0,0,66,0,16832,16832,3134,3134,0,5656,11176,0,0,0,526,16832,2517,1147,32,1023,10,14,0,1048576,0,0,0,inf,inf,1.00440037,0.790432572,1,0,10,67,2,20,45,1,2112,724,460,460,120,14720,4932,1147,1196,1023,1023,1023,1023,2,0,1023,0,0,0,1,0,0,2,7,2,7,8,10,9,8,3,8,0,1,0,0,0,0,0,0,0,0,0,0,0,0,0,0,0,0,0,0,0,0,0,0,0,0,0,0,0,0,0,0,0,0,0,0,0,0,0,0,0,0,0,0,0,0,0,0,0,8,9,8,7,8,8,8,8,9,8
896,1,69,69,2,64,64,0,0,0,68,0,5376,5376,1350,1350,0,2689,2687,0,0,0,168,5376,779,561,32,1023,10,14,0,1048576,0,0,0,inf,inf,0.835945308,0.663235903,1,0,10,69,2,61,7,0,2176,1158,100,100,34,3200,1531,561,458,1023,1023,1023,1023,0,0,1023,0,0,0,0,0,0,0,0,0,1,1,2,3,2,3,4,8,17,7,5,6,5,2,2,0,0,0,0,0,0,0,0,0,0,0,0,0,0,0,0,0,0,0,0,0,0,0,0,0,0,0,0,0,0,0,0,0,0,0,0,0,0,0,0,0,7,7,7,8,8,6,11,7,8,6
897,1,68,69,3,64,64,0,0,0,67,0,17280,17280,3389,3389,0,5792,11488,0,0,0,540,17280,2620,1212,32,1023,10,14,0,1048576,0,0,0,inf,inf,1.14540267,0.937015891,1,0,10,68,2,20,46,1,2144,736,473,473,89,15136,5056,1212,1075,1023,1023,1023,1023,576,0,1023,0,0,0,0,1,0,4,4,2,7,10,10,9,8,3,8,0,1,0,0,0,0,0,0,0,0,0,0,0,0,0,0,0,0,0,0,0,0,0,0,0,0,0,0,0,0,0,0,0,0,0,0,0,0,0,0,0,0,0,0,0,0,0,0,0,4,4,4,4,4,4,5,4,4,9
898,1,69,69,1,64,64,0,1,0,68,0,18048,18048,3502,3502,0,6035,12013,0,0,0,564,18048,2597,1197,32,1023,10,14,0,1048576,0,0,0,inf,1.1205802,1.1205802,0.904631913,1,0,10,69,2,21,46,1,2176,742,496,496,116,15872,5293,1197,1153,1023,1023,1023,1023,32,0,1023,0,0,0,0,1,0,4,6,2,7,8,11,8,9,3,8,0,1,0,0,0,0,0,0,0,0,0,0,0,0,0,0,0,0,0,0,0,0,0,0,0,0,0,0,0,0,0,0,0,0,0,0,0,0,0,0,0,0,0,0,0,0,0,0,0,6,5,6,6,6,7,6,6,6,5
899,1,69,69,1,64,64,0,2,0,68,0,5440,5440,1310,1310,0,2725,2715,0,0,0,170,5440,810,622,32,1023,10,14,0,1048576,0,0,0,inf,0.921774864,0.922523558,0.797109723,1,0,10,69,2,62,6,0,2176,1143,102,102,28,3264,1582,622,396,1023,1023,1023,1023,0,0,1023,0,0,0,0,0,0,0,0,0,1,1,2,2,4,3,7,11,11,9,4,3,5,2,3,0,0,0,0,0,0,0,0,0,0,0,0,0,0,0,0,0,0,0,0,0,0,0,0,0,0,0,0,0,0,0,0,0,0,0,0,0,0,0,0,0,8,9,8,14,16,10,9,9,10,15
900,1,69,69,1,64,64,0,4,0,68,0,4832,4832,1213,1213,0,2481,2351,0,0,0,151,4832,745,590,32,1023,10,14,0,1048576,0,0,0,inf,0.95073235,0.963211417,0.789285183,1,0,10,69,2,63,5,0,2176,1189,83,83,21,2656,1292,590,366,1023,1023,1023,1023,0,0,1023,0,0,0,0,0,0,0,0,0,0,1,1,3,1,3,4,11,13,7,7,5,6,3,3,0,0,0,0,0,0,0,0,0,0,0,0,0,0,0,0,0,0,0,0,0,0,0,0,0,0,0,0,0,0,0,0,0,0,0,0,0,0,0,0,0,12,12,11,13,10,15,15,13,10,11
901,1,69,69,1,64,64,0,2,0,68,0,19840,19840,3517,3517,0,6677,13163,0,0,0,620,19840,2777,1350,32,1023,10,14,0,1048576,0,0,0,inf,0.982519269,0.982844949,0.764538825,1,0,10,69,2,20,47,1,2176,752,552,552,138,17664,5925,1350,1303,1023,1023,1023,1023,64,0,1023,0,0,0,0,1,0,4,3,4,9,7,11,9,8,3,6,0,2,0,0,0,1,0,0,0,0,0,0,0,0,0,0,0,0,0,0,0,0,0,0,0,0,0,0,0,0,0,0,0,0,0,0,0,0,0,0,0,0,0,0,0,0,0,0,0,7,8,8,8,8,8,9,9,7,9
902,1,69,69,1,64,64,0,3,0,68,0,4704,4704,1227,1227,0,2498,2206,0,0,0,147,4704,745,587,32,1023,10,14,0,1048576,0,0,0,inf,0.844217181,0.845253527,0.730763614,1,0,10,69,2,63,5,0,2176,1204,79,79,29,2528,1294,587,357,1023,1023,1023,1023,0,0,1023,0,0,0,0,0,0,0,0,0,0,0,2,3,1,3,4,12,11,6,6,6,5,4,4,0,1,0,0,0,0,0,0,0,0,0,0,0,0,0,0,0,0,0,0,0,0,0,0,0,0,0,0,0,0,0,0,0,0,0,0,0,0,0,0,0,7,9,9,8,9,11,14,8,8,10
903,1,69,69,1,64,64,0,10,0,68,0,4448,4448,1016,1016,0,2295,2153,0,0,0,139,4448,725,598,32,1023,10,14,0,1048576,0,0,0,inf,1.00220513,1.02235711,0.832400322,1,0,10,69,2,64,4,0,2176,1172,71,71,31,2272,1123,598,396,1023,1023,1023,1023,0,0,1023,0,0,0,0,0,0,0,0,0,0,0,1,3,3,5,4,10,13,9,7,3,5,1,3,1,0,0,0,0,0,0,0,0,0,0,0,0,0,0,0,0,0,0,0,0,0,0,0,0,0,0,0,0,0,0,0,0,0,0,0,0,0,0,0,0,15,14,15,15,15,15,15,17,18,17
904,1,69,69,1,64,64,0,5,0,68,0,4864,4864,1299,1299,0,2524,2340,0,0,0,152,4864,745,586,32,1023,10,14,0,1048576,0,0,0,inf,1.06059325,1.0729382,0.899101138,1,0,10,69,2,63,5,0,2176,1182,84,84,23,2688,1342,586,348,1023,1023,1023,1023,0,0,1023,0,0,0,0,0,0,0,0,0,0,0,1,4,2,4,4,9,12,11,6,5,5,1,3,0,1,0,0,0,0,0,0,0,0,0,0,0,0,0,0,0,0,0,0,0,0,0,0,0,0,0,0,0,0,0,0,0,0,0,0,0,0,0,0,0,14,13,14,10,11,14,10,18,11,10
905,1,66,69,3,64,64,0,0,0,65,0,41472,41472,3837,3837,0,8216,33256,0,0,0,1296,41472,3140,1789,32,1023,10,14,0,1048576,0,0,0,inf,inf,1.02147913,0.918962061,1,0,10,66,2,3,46,16,2080,422,1231,1231,290,39392,7794,1789,1526,927,1023,1023,1023,98,0,1023,2,1,5,3,5,6,13,6,7,7,4,2,1,3,0,0,0,0,0,0,0,0,0,0,0,0,0,0,0,0,0,0,0,0,0,0,0,0,0,0,0,0,0,0,0,0,0,0,0,0,0,0,0,0,0,0,0,0,0,0,0,0,0,0,0,3,3,3,2,11,4,27,5,3,4
906,1,66,69,3,64,64,0,0,0,65,0,40832,40832,4507,4507,0,6245,34587,0,0,0,1276,40832,2351,1490,32,1023,10,14,0,1048576,0,0,0,inf,inf,1.243958,0.99489522,1,0,10,66,2,1,28,36,2080,294,1211,1211,66,38752,5951,1490,349,959,1023,1023,1023,0,0,1023,5,3,10,5,13,3,14,4,2,3,1,1,0,1,0,0,0,0,0,0,0,0,0,0,0,0,0,0,0,0,0,0,0,0,0,0,0,0,0,0,0,0,0,0,0,0,0,0,0,0,0,0,0,0,0,0,0,0,0,0,0,0,0,0,0,3,2,5,3,3,3,4,6,2,3
907,1,69,69,1,64,64,0,1,0,68,0,4480,4480,1100,1100,0,2378,2102,0,0,0,140,4480,621,511,32,1023,10,14,0,1048576,0,0,0,inf,0.861750126,0.861750126,0.72808075,1,0,10,69,2,64,4,0,2176,1214,72,72,34,2304,1164,511,431,1023,1023,1023,1023,525,0,1023,0,0,0,0,0,0,0,0,0,0,0,2,2,1,3,4,7,11,11,7,6,7,5,2,0,0,0,0,0,0,0,0,0,0,0,0,0,0,0,0,0,0,0,0,0,0,0,0,0,0,0,0,0,0,0,0,0,0,0,0,0,0,0,0,0,10,6,7,10,6,6,6,6,6,9
908,1,69,69,2,64,64,0,0,0,68,0,4992,4992,1238,1238,0,2570,2422,0,0,0,156,4992,704,527,32,1023,10,14,0,1048576,0,0,0,inf,inf,1.03983355,0.878777027,1,0,10,69,2,62,6,0,2176,1175,88,88,37,2816,1395,527,493,1023,1023,1023,1023,0,0,1023,0,0,0,0,0,0,0,0,0,1,0,2,3,1,2,3,9,16,12,5,5,5,2,2,0,0,0,0,0,0,0,0,0,0,0,0,0,0,0,0,0,0,0,0,0,0,0,0,0,0,0,0,0,0,0,0,0,0,0,0,0,0,0,0,0,6,6,6,6,6,6,6,5,5,6
909,1,68,69,3,64,64,0,0,0,67,0,22496,22496,2998,2998,0,8034,14462,0,0,0,703,22496,2612,1355,32,1023,10,14,0,1048576,0,0,0,inf,inf,1.05131626,0.926025391,1,0,10,68,2,23,44,0,2144,779,636,636,243,20352,7255,1355,2413,1023,1023,1023,1023,21,0,1023,0,0,0,0,0,0,2,1,1,8,8,16,8,10,3,7,1,1,1,0,0,0,0,0,0,0,0,0,0,0,0,0,0,0,0,0,0,0,0,0,0,0,0,0,0,0,0,0,0,0,0,0,0,0,0,0,0,0,0,0,0,0,0,0,0,6,4,10,10,11,4,4,4,7,4
910,1,68,69,3,64,64,0,0,0,67,0,17696,17696,3293,3293,0,5960,11736,0,0,0,553,17696,2583,1189,32,1023,10,14,0,1048576,0,0,0,inf,inf,1.02092862,0.800874054,1,0,10,68,2,19,46,2,2144,726,486,486,127,15552,5234,1189,1246,1023,1023,1023,1023,2,0,1023,0,0,0,1,1,0,2,7,2,6,8,12,9,8,3,7,0,1,0,0,0,0,0,0,0,0,0,0,0,0,0,0,0,0,0,0,0,0,0,0,0,0,0,0,0,0,0,0,0,0,0,0,0,0,0,0,0,0,0,0,0,0,0,0,0,8,9,7,8,8,8,8,8,8,10
911,0.800000012,65,69,3,64,64,0,0,0,64,0,58368,58368,2509,2509,0,2662,55706,0,0,0,1824,58368,443,375,32,894,10,14,0,1048576,0,0,0,inf,inf,1.26749754,1.16879082,1,0,10,65,2,0,2,62,2048,66,1760,1760,0,56320,2596,375,0,112,894,894,894,0,0,894,25,25,6,5,1,2,0,0,0,0,0,0,0,0,0,0,0,0,0,0,0,0,0,0,0,0,0,0,0,0,0,0,0,0,0,0,0,0,0,0,0,0,0,0,0,0,0,0,0,0,0,0,0,0,0,0,0,0,0,0,0,0,0,0,0,4294967295,3,45,3,12,4,5,4294967295,18,6
912,1,68,69,3,64,64,0,0,0,67,0,27904,27904,2977,2977,0,9123,18781,0,0,0,872,27904,2926,1544,32,1023,10,14,0,1048576,0,0,0,inf,inf,1.04382634,0.889878273,1,0,10,68,2,16,49,2,2144,706,805,805,311,25760,8417,1544,3133,1023,1023,1023,1023,8,0,1023,0,0,0,1,1,1,6,4,2,6,6,14,10,7,2,6,0,1,0,0,0,0,0,0,0,0,0,0,0,0,0,0,0,0,0,0,0,0,0,0,0,0,0,0,0,0,0,0,0,0,0,0,0,0,0,0,0,0,0,0,0,0,0,0,0,17,17,17,20,17,16,17,17,17,17
913,1,69,69,2,64,64,0,0,0,68,0,17632,17632,3258,3258,0,5811,11821,0,0,0,551,17632,2439,1095,32,1023,10,14,0,1048576,0,0,0,inf,inf,0.971433997,0.795681238,1,0,10,69,2,22,44,2,2176,750,483,483,115,15456,5061,1095,1155,1023,1023,1023,1023,320,0,1023,0,0,0,1,1,0,3,6,2,5,5,14,9,9,4,8,0,1,0,0,0,0,0,0,0,0,0,0,0,0,0,0,0,0,0,0,0,0,0,0,0,0,0,0,0,0,0,0,0,0,0,0,0,0,0,0,0,0,0,0,0,0,0,0,0,6,5,6,6,6,6,7,6,7,6
914,1,69,69,2,64,64,0,0,0,68,0,5056,5056,1026,1026,0,2660,2396,0,0,0,158,5056,769,624,32,1023,10,14,0,1048576,0,0,0,inf,inf,1.02517629,0.891379118,1,0,10,69,2,63,5,0,2176,1222,90,90,45,2880,1438,624,678,1023,1023,1023,1023,263,0,1023,0,0,0,0,0,0,0,0,0,1,0,1,3,1,3,3,8,12,8,6,5,8,3,3,2,1,0,0,0,0,0,0,0,0,0,0,0,0,0,0,0,0,0,0,0,0,0,0,0,0,0,0,0,0,0,0,0,0,0,0,0,0,0,0,0,10,11,9,8,7,8,8,8,11,8
915,1,69,69,2,64,64,0,0,0,68,0,17088,17088,3464,3464,0,5708,11380,0,0,0,534,17088,2588,1169,32,1023,10,14,0,1048576,0,0,0,inf,inf,1.08679581,0.835619807,1,0,10,69,2,20,46,2,2176,745,466,466,88,14912,4963,1169,938,1023,1023,1023,1023,256,0,1023,0,0,0,1,1,0,5,2,2,7,7,13,10,9,2,8,0,1,0,0,0,0,0,0,0,0,0,0,0,0,0,0,0,0,0,0,0,0,0,0,0,0,0,0,0,0,0,0,0,0,0,0,0,0,0,0,0,0,0,0,0,0,0,0,0,5,5,5,4,4,5,5,5,6,5
916,1,69,69,1,64,64,0,2,0,68,0,4416,4416,1257,1257,0,2355,2061,0,0,0,138,4416,651,523,32,1023,10,14,0,1048576,0,0,0,inf,1.02180159,1.02543151,0.827708125,1,0,10,69,2,64,4,0,2176,1179,70,70,16,2240,1176,523,263,1023,1023,1023,1023,0,0,1023,0,0,0,0,0,0,0,0,0,0,0,1,3,4,5,3,9,12,11,5,4,5,2,2,1,1,0,0,0,0,0,0,0,0,0,0,0,0,0,0,0,0,0,0,0,0,0,0,0,0,0,0,0,0,0,0,0,0,0,0,0,0,0,0,0,6,7,8,9,11,7,9,9,7,7
917,1,66,69,3,64,64,0,0,0,65,0,56736,56736,3303,3303,0,3879,52857,0,0,0,1773,56736,870,767,32,1023,10,14,0,1048576,0,0,0,inf,inf,1.2206583,1.1062119,1,0,10,66,2,0,3,62,2080,108,1708,1708,18,54656,3771,767,27,232,1023,1023,1023,0,0,1023,13,20,18,7,4,3,0,0,0,0,0,0,0,0,0,0,0,0,0,0,0,0,0,0,0,0,0,0,0,0,0,0,0,0,0,0,0,0,0,0,0,0,0,0,0,0,0,0,0,0,0,0,0,0,0,0,0,0,0,0,0,0,0,0,0,8,9,23,18,11,16,33,14,8,20
918,1,66,69,3,64,64,0,0,0,65,0,36160,36160,4391,4391,0,6010,30150,0,0,0,1130,36160,2467,1417,32,1023,10,14,0,1048576,0,0,0,inf,inf,1.03005123,0.841462374,1,0,10,66,2,2,34,29,2080,327,1065,1065,80,34080,5683,1417,465,895,1023,1023,1023,280,0,1023,3,2,7,8,9,6,14,6,4,3,1,0,0,2,0,0,0,0,0,0,0,0,0,0,0,0,0,0,0,0,0,0,0,0,0,0,0,0,0,0,0,0,0,0,0,0,0,0,0,0,0,0,0,0,0,0,0,0,0,0,0,0,0,0,0,5,6,5,3,3,5,3,7,3,6
919,1,69,69,1,64,64,0,1,0,68,0,4704,4704,1416,1416,0,2471,2233,0,0,0,147,4704,666,510,32,1023,10,14,0,1048576,0,0,0,inf,0.951285958,0.951285958,0.798399568,1,0,10,69,2,63,5,0,2176,1177,79,79,21,2528,1294,510,286,1023,1023,1023,1023,0,0,1023,0,0,0,0,0,0,0,0,0,0,0,2,3,2,6,2,10,13,10,4,4,5,4,3,0,0,0,0,0,0,0,0,0,0,0,0,0,0,0,0,0,0,0,0,0,0,0,0,0,0,0,0,0,0,0,0,0,0,0,0,0,0,0,0,0,6,7,9,12,10,10,13,14,7,16
920,1,68,69,3,64,64,0,0,0,67,0,25888,25888,4339,4339,0,7424,18464,0,0,0,809,25888,2948,1353,32,1023,10,14,0,1048576,0,0,0,inf,inf,0.952052474,0.85662204,1,0,10,68,2,11,53,3,2144,647,742,742,151,23744,6777,1353,1329,1023,1023,1023,1023,80,0,1023,0,1,0,1,1,2,4,5,9,8,9,9,7,5,2,4,0,0,0,0,0,0,0,0,0,0,0,0,0,0,0,0,0,0,0,0,0,0,0,0,0,0,0,0,0,0,0,0,0,0,0,0,0,0,0,0,0,0,0,0,0,0,0,0,0,5,6,5,6,11,6,7,4,4,6
921,0.899999976,65,69,3,64,64,0,0,0,64,0,62848,62848,2041,2041,0,2050,60798,0,0,0,1964,62848,143,133,96,959,10,14,0,1048576,0,0,0,inf,inf,1.36488473,1.25503969,1,0,10,65,2,0,0,64,2048,24,1900,1900,0,60800,2026,133,0,256,959,959,959,0,0,959,44,16,4,0,0,0,0,0,0,0,0,0,0,0,0,0,0,0,0,0,0,0,0,0,0,0,0,0,0,0,0,0,0,0,0,0,0,0,0,0,0,0,0,0,0,0,0,0,0,0,0,0,0,0,0,0,0,0,0,0,0,0,0,0,0,44,34,41,6,63,26,4294967295,5,4,3
922,1,68,69,3,64,64,0,0,0,67,0,16256,16256,3286,3286,0,5454,10802,0,0,0,508,16256,2499,1116,32,1023,10,14,0,1048576,0,0,0,inf,inf,1.06744957,0.825892806,1,0,10,68,2,20,45,2,2144,734,441,441,104,14112,4720,1116,993,1023,1023,1023,1023,0,0,1023,0,0,0,1,1,0,4,3,2,6,9,12,9,9,2,8,0,1,0,0,0,0,0,0,0,0,0,0,0,0,0,0,0,0,0,0,0,0,0,0,0,0,0,0,0,0,0,0,0,0,0,0,0,0,0,0,0,0,0,0,0,0,0,0,0,4,4,4,4,3,4,4,4,4,4
923,1,69,69,1,64,64,0,3,0,68,0,6688,6688,1365,1365,0,3322,3366,0,0,0,209,6688,843,608,32,1023,10,14,0,1048576,0,0,0,inf,1.04600286,1.05865812,0.861508787,1,0,10,69,2,60,8,0,2176,1140,141,141,57,4512,2182,608,944,1023,1023,1023,1023,0,0,1023,0,0,0,0,0,0,1,0,0,0,0,1,6,1,6,3,9,12,14,4,3,5,1,2,0,0,0,0,0,0,0,0,0,0,0,0,0,0,0,0,0,0,0,0,0,0,0,0,0,0,0,0,0,0,0,0,0,0,0,0,0,0,0,0,0,8,8,9,8,9,9,8,9,9,11
924,1,67,69,3,64,64,0,0,0,66,0,15968,15968,3549,3549,0,5270,10698,0,0,0,499,15968,2437,1104,32,1023,10,14,0,1048576,0,0,0,inf,inf,1.05667019,0.796812654,1,0,10,67,2,20,44,2,2112,717,433,433,59,13856,4553,1104,744,1023,1023,1023,1023,256,0,1023,0,0,0,1,1,1,4,4,2,6,7,9,11,8,4,7,0,1,0,0,0,0,0,0,0,0,0,0,0,0,0,0,0,0,0,0,0,0,0,0,0,0,0,0,0,0,0,0,0,0,0,0,0,0,0,0,0,0,0,0,0,0,0,0,0,3,4,4,3,4,4,4,3,5,4
925,1,68,69,3,64,64,0,0,0,67,0,19584,19584,3491,3491,0,6673,12911,0,0,0,612,19584,2630,1309,32,1023,10,14,0,1048576,0,0,0,inf,inf,0.962376118,0.804657876,1,0,10,68,2,22,44,1,2144,772,545,545,128,17440,5901,1309,1263,1023,1023,1023,1023,0,0,1023,0,0,0,0,1,0,2,4,2,8,7,11,10,8,1,9,1,0,0,2,0,0,1,0,0,0,0,0,0,0,0,0,0,0,0,0,0,0,0,0,0,0,0,0,0,0,0,0,0,0,0,0,0,0,0,0,0,0,0,0,0,0,0,0,0,10,10,10,11,9,6,6,11,6,10
926,1,69,69,1,64,64,0,1,0,68,0,16864,16864,3462,3462,0,5570,11294,0,0,0,527,16864,2524,1136,32,1023,10,14,0,1048576,0,0,0,inf,1.02337146,1.02337146,0.842145205,1,0,10,69,2,22,45,1,2176,747,459,459,106,14688,4823,1136,892,1023,1023,1023,1023,0,0,1023,0,0,0,0,1,0,4,5,2,9,8,9,8,10,2,8,0,2,0,0,0,0,0,0,0,0,0,0,0,0,0,0,0,0,0,0,0,0,0,0,0,0,0,0,0,0,0,0,0,0,0,0,0,0,0,0,0,0,0,0,0,0,0,0,0,6,6,6,5,6,6,5,6,5,6
927,1,69,69,1,64,64,0,1,0,68,0,17920,17920,3149,3149,0,5958,11962,0,0,0,560,17920,2418,1149,32,1023,10,14,0,1048576,0,0,0,inf,1.02925611,1.02925611,0.832868576,1,0,10,69,2,24,42,2,2176,768,492,492,115,15744,5190,1149,1162,1023,1023,1023,1023,529,0,1023,0,0,0,1,1,0,1,5,4,7,8,8,9,8,3,9,1,2,1,0,0,0,0,0,0,0,0,0,0,0,0,0,0,0,0,0,0,0,0,0,0,0,0,0,0,0,0,0,0,0,0,0,0,0,0,0,0,0,0,0,0,0,0,0,0,7,7,6,6,7,7,6,6,7,7
928,1,66,69,3,64,64,0,0,0,65,0,42336,42336,4386,4386,0,6233,36103,0,0,0,1323,42336,2235,1472,32,1023,10,14,0,1048576,0,0,0,inf,inf,1.16597772,0.902660191,1,0,10,66,2,1,25,39,2080,270,1258,1258,69,40256,5963,1472,415,1007,1023,1023,1023,0,0,1023,6,6,11,7,9,5,10,3,2,2,1,2,0,1,0,0,0,0,0,0,0,0,0,0,0,0,0,0,0,0,0,0,0,0,0,0,0,0,0,0,0,0,0,0,0,0,0,0,0,0,0,0,0,0,0,0,0,0,0,0,0,0,0,0,0,2,4,3,4,5,2,3,3,2,5
929,1,69,69,1,64,64,0,6,0,68,0,17760,17760,3053,3053,0,5984,11776,0,0,0,555,17760,2500,1168,32,1023,10,14,0,1048576,0,0,0,inf,0.958086848,0.97063005,0.731913269,1,0,10,69,2,22,44,2,2176,748,487,487,141,15584,5236,1168,1503,1023,1023,1023,1023,4,0,1023,0,0,0,1,1,1,3,6,2,6,8,9,9,9,2,8,1,1,0,0,0,1,0,0,0,0,0,0,0,0,0,0,0,0,0,0,0,0,0,0,0,0,0,0,0,0,0,0,0,0,0,0,0,0,0,0,0,0,0,0,0,0,0,0,0,11,11,12,11,11,11,11,12,11,12
930,1,69,69,2,64,64,0,0,0,68,0,5248,5248,1464,1464,0,2680,2568,0,0,0,164,5248,769,580,32,1023,10,14,0,1048576,0,0,0,inf,inf,1.01287735,0.861943245,1,0,10,69,2,62,6,0,2176,1153,96,96,22,3072,1527,580,331,1023,1023,1023,1023,0,0,1023,0,0,0,0,0,0,0,0,0,0,0,2,4,2,4,6,10,11,12,5,4,5,1,2,0,0,0,0,0,0,0,0,0,0,0,0,0,0,0,0,0,0,0,0,0,0,0,0,0,0,0,0,0,0,0,0,0,0,0,0,0,0,0,0,0,8,7,7,6,5,9,6,7,6,7
931,1,69,69,1,64,64,0,2,0,68,0,11680,11680,1221,1221,0,4907,6773,0,0,0,365,11680,1246,837,32,1023,10,14,0,1048576,0,0,0,inf,1.01802683,1.01930857,0.876380563,1,0,10,69,2,53,15,0,2176,1058,297,297,163,9504,3849,837,1916,1023,1023,1023,1023,0,0,1023,0,0,0,0,0,0,0,1,2,4,1,2,5,4,3,5,9,11,9,3,3,5,0,1,0,0,0,0,0,0,0,0,0,0,0,0,0,0,0,0,0,0,0,0,0,0,0,0,0,0,0,0,0,0,0,0,0,0,0,0,0,0,0,0,0,12,11,13,11,14,18,11,11,13,10
932,1,69,69,1,64,64,0,8,0,68,0,7808,7808,810,810,0,3675,4133,0,0,0,244,7808,1032,803,32,1023,10,14,0,1048576,0,0,0,inf,0.939246297,0.95936501,0.834626317,1,0,10,69,2,59,9,0,2176,1129,176,176,96,5632,2546,803,1401,1023,1023,1023,1023,3,0,1023,0,0,0,0,0,0,0,1,0,0,1,0,7,4,5,5,8,12,7,5,5,4,0,2,2,0,0,0,0,0,0,0,0,0,0,0,0,0,0,0,0,0,0,0,0,0,0,0,0,0,0,0,0,0,0,0,0,0,0,0,0,0,0,0,0,29,26,31,30,27,29,29,28,32,28
933,1,69,69,1,64,64,0,3,0,68,0,5024,5024,1042,1042,0,2635,2389,0,0,0,157,5024,843,693,32,1023,10,14,0,1048576,0,0,0,inf,0.936374784,0.945704699,0.778306782,1,0,10,69,2,63,5,0,2176,1215,89,89,37,2848,1420,693,521,1023,1023,1023,1023,8,0,1023,0,0,0,0,0,0,0,0,0,0,1,1,3,0,3,3,7,13,9,8,7,7,3,2,0,1,0,0,0,0,0,0,0,0,0,0,0,0,0,0,0,0,0,0,0,0,0,0,0,0,0,0,0,0,0,0,0,0,0,0,0,0,0,0,0,8,10,10,14,9,10,12,9,9,9
934,1,69,69,1,64,64,0,1,0,68,0,5632,5632,1067,1067,0,2893,2739,0,0,0,176,5632,788,617,32,1023,10,14,0,1048576,0,0,0,inf,0.919049501,0.919049501,0.750793219,1,0,10,69,2,62,6,0,2176,1165,108,108,46,3456,1728,617,745,1023,1023,1023,1023,80,0,1023,0,0,0,0,0,0,0,0,0,0,1,2,3,2,3,5,11,11,9,6,6,5,2,2,0,0,0,0,0,0,0,0,0,0,0,0,0,0,0,0,0,0,0,0,0,0,0,0,0,0,0,0,0,0,0,0,0,0,0,0,0,0,0,0,0,6,8,8,7,10,7,9,8,5,7
935,1,67,69,3,64,64,0,0,0,66,0,58400,58400,3498,3498,0,4504,53896,0,0,0,1825,58400,1047,978,32,1023,10,14,0,1048576,0,0,0,inf,inf,1.13300681,1.04451132,1,0,10,67,2,0,2,64,2112,114,1759,1759,63,56288,4390,978,117,72,1023,1023,1023,0,0,1023,20,12,13,11,8,1,1,0,0,0,0,0,0,0,0,0,0,0,0,0,0,0,0,0,0,0,0,0,0,0,0,0,0,0,0,0,0,0,0,0,0,0,0,0,0,0,0,0,0,0,0,0,0,0,0,0,0,0,0,0,0,0,0,0,0,13,13,49,28,2,15,23,13,46,30
936,1,69,69,1,64,64,0,1,0,68,0,18592,18592,3457,3457,0,6058,12534,0,0,0,581,18592,2640,1203,32,1023,10,14,0,1048576,0,0,0,inf,0.997851074,0.999974728,0.758987486,1,0,10,69,2,19,47,2,2176,721,513,513,148,16416,5337,1203,1185,1023,1023,1023,1023,72,0,1023,0,0,1,1,0,0,3,7,4,6,8,10,9,9,2,8,0,0,0,0,0,0,0,0,0,0,0,0,0,0,0,0,0,0,0,0,0,0,0,0,0,0,0,0,0,0,0,0,0,0,0,0,0,0,0,0,0,0,0,0,0,0,0,0,0,10,10,11,11,10,10,11,10,10,10
937,1,67,69,3,64,64,0,0,0,66,0,10016,10016,1305,1305,0,4410,5606,0,0,0,313,10016,1190,788,32,1023,10,14,0,1048576,0,0,0,inf,inf,1.0022521,0.857795715,1,0,10,67,2,52,14,0,2112,1034,247,247,126,7904,3376,788,1535,1023,1023,1023,1023,0,0,1023,0,0,0,0,0,1,2,0,0,0,0,8,3,4,3,5,8,12,6,4,4,5,0,1,0,0,0,0,0,0,0,0,0,0,0,0,0,0,0,0,0,0,0,0,0,0,0,0,0,0,0,0,0,0,0,0,0,0,0,0,0,0,0,0,0,6,6,8,9,8,7,7,6,8,8
938,1,69,69,1,64,64,0,2,0,68,0,5152,5152,1170,1170,0,2648,2504,0,0,0,161,5152,691,537,32,1023,10,14,0,1048576,0,0,0,inf,1.01873326,1.01925254,0.843812048,1,0,10,69,2,63,5,0,2176,1180,93,93,40,2976,1468,537,618,1023,1023,1023,1023,8,0,1023,0,0,0,0,0,0,1,0,0,0,0,1,3,2,4,3,10,13,12,4,3,5,0,6,1,0,0,0,0,0,0,0,0,0,0,0,0,0,0,0,0,0,0,0,0,0,0,0,0,0,0,0,0,0,0,0,0,0,0,0,0,0,0,0,0,9,9,8,15,7,8,8,12,8,9
939,1,69,69,1,64,64,0,1,0,68,0,20000,20000,3680,3680,0,6558,13442,0,0,0,625,20000,2748,1327,32,1023,10,14,0,1048576,0,0,0,inf,1.06711042,1.06711042,0.839987278,1,0,10,69,2,21,47,0,2176,754,557,557,115,17824,5804,1327,1158,1023,1023,1023,1023,0,0,1023,0,0,0,0,0,1,4,3,5,8,8,9,9,8,2,7,1,2,1,0,0,0,0,0,0,0,0,0,0,0,0,0,0,0,0,0,0,0,0,0,0,0,0,0,0,0,0,0,0,0,0,0,0,0,0,0,0,0,0,0,0,0,0,0,0,6,5,6,6,6,10,6,6,6,6
940,1,66,69,3,64,64,0,0,0,65,0,42336,42336,3839,3839,0,7070,35266,0,0,0,1323,42336,2572,1630,32,1023,10,14,0,1048576,0,0,0,inf,inf,1.15781498,0.924062133,1,0,10,66,2,1,32,32,2080,315,1258,1258,207,40256,6755,1630,1143,703,1023,1023,1023,161,0,1023,4,3,8,5,12,7,11,6,2,2,2,1,1,1,0,0,0,0,0,0,0,0,0,0,0,0,0,0,0,0,0,0,0,0,0,0,0,0,0,0,0,0,0,0,0,0,0,0,0,0,0,0,0,0,0,0,0,0,0,0,0,0,0,0,0,3,4,3,3,4,5,4,6,4,6
941,1,68,69,3,64,64,0,0,0,67,0,20928,20928,3710,3710,0,7090,13838,0,0,0,654,20928,2779,1363,32,1023,10,14,0,1048576,0,0,0,inf,inf,1.00335312,0.816099346,1,0,10,68,2,19,47,1,2144,754,587,587,141,18784,6336,1363,1366,1023,1023,1023,1023,0,0,1023,0,0,0,0,1,1,3,3,2,8,8,11,11,6,1,8,2,0,0,1,0,0,1,0,0,0,0,0,0,0,0,0,0,0,0,0,0,0,0,0,0,0,0,0,0,0,0,0,0,0,0,0,0,0,0,0,0,0,0,0,0,0,0,0,0,6,7,8,7,6,8,8,7,7,7
942,1,69,69,1,64,64,0,13,0,68,0,5152,5152,1111,1111,0,2650,2502,0,0,0,161,5152,785,635,32,1023,10,14,0,1048576,0,0,0,inf,0.997360826,1.01575994,0.841369033,1,0,10,69,2,63,5,0,2176,1182,93,93,40,2976,1468,635,614,1023,1023,1023,1023,16,0,1023,0,0,0,0,0,0,1,0,0,0,0,1,3,1,6,3,9,14,8,6,3,7,0,4,2,0,0,0,0,0,0,0,0,0,0,0,0,0,0,0,0,0,0,0,0,0,0,0,0,0,0,0,0,0,0,0,0,0,0,0,0,0,0,0,0,20,20,20,21,27,19,22,21,22,20
943,1,69,69,1,64,64,0,6,0,68,0,5120,5120,1271,1271,0,2600,2520,0,0,0,160,5120,749,567,32,1023,10,14,0,1048576,0,0,0,inf,0.905896306,0.910395503,0.711587131,1,0,10,69,2,62,6,0,2176,1163,92,92,35,2944,1437,567,430,1023,1023,1023,1023,0,0,1023,0,0,0,0,0,0,0,0,0,0,1,2,3,4,5,2,9,12,8,6,6,6,1,3,0,0,0,0,0,0,0,0,0,0,0,0,0,0,0,0,0,0,0,0,0,0,0,0,0,0,0,0,0,0,0,0,0,0,0,0,0,0,0,0,0,15,16,14,13,16,12,13,16,13,11
944,1,69,69,1,64,64,0,2,0,68,0,4480,4480,1143,1143,0,2362,2118,0,0,0,140,4480,616,499,32,1023,10,14,0,1048576,0,0,0,inf,0.833589077,0.833673477,0.674296141,1,0,10,69,2,64,4,0,2176,1198,72,72,34,2304,1164,499,404,1023,1023,1023,1023,160,0,1023,0,0,0,0,0,0,0,0,0,0,0,2,2,2,3,5,8,11,10,7,5,7,4,2,0,0,0,0,0,0,0,0,0,0,0,0,0,0,0,0,0,0,0,0,0,0,0,0,0,0,0,0,0,0,0,0,0,0,0,0,0,0,0,0,0,7,8,8,8,8,12,8,9,9,8
945,1,69,69,1,64,64,0,10,0,68,0,5856,5856,1239,1239,0,2902,2954,0,0,0,183,5856,881,671,32,1023,10,14,0,1048576,0,0,0,inf,0.975403249,0.988933206,0.786876559,1,0,10,69,2,61,7,0,2176,1199,115,115,50,3680,1703,671,641,1023,1023,1023,1023,0,0,1023,0,0,0,0,0,0,0,0,0,1,1,2,3,1,3,2,6,17,7,5,6,7,1,4,1,0,1,0,0,0,0,0,0,0,0,0,0,0,0,0,0,0,0,0,0,0,0,0,0,0,0,0,0,0,0,0,0,0,0,0,0,0,0,0,0,15,14,16,15,15,19,15,16,16,16
946,1,69,69,2,64,64,0,0,0,68,0,17344,17344,3139,3139,0,5616,11728,0,0,0,542,17344,2554,1170,32,1023,10,14,0,1048576,0,0,0,inf,inf,1.05940115,0.825858891,1,0,10,69,2,20,46,2,2176,745,474,474,127,15168,4871,1170,1126,1023,1023,1023,1023,2,0,1023,0,0,0,1,1,0,3,3,2,9,7,13,9,8,3,9,0,0,0,0,0,0,0,0,0,0,0,0,0,0,0,0,0,0,0,0,0,0,0,0,0,0,0,0,0,0,0,0,0,0,0,0,0,0,0,0,0,0,0,0,0,0,0,0,0,6,7,5,6,6,6,6,6,6,6
947,1,69,69,1,64,64,0,3,0,68,0,4864,4864,1256,1256,0,2519,2345,0,0,0,152,4864,718,563,32,1023,10,14,0,1048576,0,0,0,inf,0.9501248,0.951824963,0.77157712,1,0,10,69,2,63,5,0,2176,1177,84,84,23,2688,1342,563,352,1023,1023,1023,1023,0,0,1023,0,0,0,0,0,0,0,0,0,0,0,1,4,3,3,4,9,11,12,8,3,5,2,3,0,0,0,0,0,0,0,0,0,0,0,0,0,0,0,0,0,0,0,0,0,0,0,0,0,0,0,0,0,0,0,0,0,0,0,0,0,0,0,0,0,8,12,7,9,11,11,9,12,8,9
948,1,69,69,1,64,64,0,4,0,68,0,4992,4992,1127,1127,0,2630,2362,0,0,0,156,4992,760,611,32,1023,10,14,0,1048576,0,0,0,inf,0.98524791,0.988780975,0.830668449,1,0,10,69,2,63,5,0,2176,1203,88,88,35,2816,1427,611,532,1023,1023,1023,1023,64,0,1023,0,0,0,0,0,0,0,0,0,0,0,2,3,0,2,3,12,14,8,7,5,6,1,4,0,1,0,0,0,0,0,0,0,0,0,0,0,0,0,0,0,0,0,0,0,0,0,0,0,0,0,0,0,0,0,0,0,0,0,0,0,0,0,0,0,17,12,14,12,11,14,15,12,22,15
949,1,69,69,2,64,64,0,0,0,68,0,5376,5376,1298,1298,0,2691,2685,0,0,0,168,5376,809,599,32,1023,10,14,0,1048576,0,0,0,inf,inf,0.902723253,0.77722615,1,0,10,69,2,61,7,0,2176,1160,100,100,34,3200,1531,599,502,1023,1023,1023,1023,610,0,1023,0,0,0,0,0,0,0,0,0,1,1,2,3,2,3,4,6,18,8,5,7,4,2,2,0,0,0,0,0,0,0,0,0,0,0,0,0,0,0,0,0,0,0,0,0,0,0,0,0,0,0,0,0,0,0,0,0,0,0,0,0,0,0,0,0,6,9,8,8,8,11,13,7,6,14
950,1,66,69,3,64,64,0,0,0,65,0,38880,38880,4275,4275,0,6222,32658,0,0,0,1215,38880,2403,1459,32,1023,10,14,0,1048576,0,0,0,inf,inf,1.1533227,0.937029481,1,0,10,66,2,1,31,33,2080,312,1150,1150,90,36800,5910,1459,590,1022,1023,1023,1023,0,0,1023,3,4,11,7,8,3,13,5,3,4,1,2,0,1,0,0,0,0,0,0,0,0,0,0,0,0,0,0,0,0,0,0,0,0,0,0,0,0,0,0,0,0,0,0,0,0,0,0,0,0,0,0,0,0,0,0,0,0,0,0,0,0,0,0,0,8,5,6,8,6,7,6,6,6,7
951,1,69,69,1,64,64,0,3,0,68,0,4832,4832,1188,1188,0,2467,2365,0,0,0,151,4832,704,550,32,1023,10,14,0,1048576,0,0,0,inf,0.913359821,0.918377221,0.751721025,1,0,10,69,2,63,5,0,2176,1175,83,83,21,2656,1292,550,384,1023,1023,1023,1023,0,0,1023,0,0,0,0,0,0,0,0,0,0,1,1,3,3,3,4,10,12,9,7,5,5,2,3,0,0,0,0,0,0,0,0,0,0,0,0,0,0,0,0,0,0,0,0,0,0,0,0,0,0,0,0,0,0,0,0,0,0,0,0,0,0,0,0,0,8,17,12,8,9,17,9,8,9,12
952,1,67,69,3,64,64,0,0,0,66,0,6016,6016,1057,1057,0,2956,3060,0,0,0,188,6016,911,709,32,1023,10,14,0,1048576,0,0,0,inf,inf,0.882168949,0.778900862,1,0,10,67,2,59,7,0,2112,1144,122,122,59,3904,1812,709,659,1023,895,1023,1023,0,0,1023,0,0,0,0,0,0,0,0,0,0,1,2,4,1,4,7,5,12,4,8,7,6,2,2,0,0,1,0,0,0,0,0,0,0,0,0,0,0,0,0,0,0,0,0,0,0,0,0,0,0,0,0,0,0,0,0,0,0,0,0,0,0,0,0,0,27,28,27,27,26,29,26,4,27,25
953,1,69,69,1,64,64,0,7,0,68,0,4992,4992,1172,1172,0,2592,2400,0,0,0,156,4992,762,608,32,1023,10,14,0,1048576,0,0,0,inf,0.949283123,0.963022172,0.821293056,1,0,10,69,2,63,5,0,2176,1189,88,88,35,2816,1403,608,450,1023,1023,1023,1023,0,0,1023,0,0,0,0,0,0,0,0,0,0,0,2,3,2,3,4,9,14,9,5,3,8,2,4,0,0,0,0,0,0,0,0,0,0,0,0,0,0,0,0,0,0,0,0,0,0,0,0,0,0,0,0,0,0,0,0,0,0,0,0,0,0,0,0,0,14,15,25,16,25,17,27,16,20,15
954,1,69,69,2,64,64,0,0,0,68,0,44000,44000,4174,4174,0,6839,37161,0,0,0,1375,44000,2569,1607,32,1023,10,14,0,1048576,0,0,0,inf,inf,1.15190184,0.8965379,1,0,10,69,2,1,32,35,2176,328,1307,1307,162,41824,6511,1607,791,959,1023,1023,1023,65,0,1023,4,3,8,10,10,3,12,7,4,3,2,1,0,1,0,0,0,0,0,0,0,0,0,0,0,0,0,0,0,0,0,0,0,0,0,0,0,0,0,0,0,0,0,0,0,0,0,0,0,0,0,0,0,0,0,0,0,0,0,0,0,0,0,0,0,11,9,9,11,10,11,13,9,12,10
955,1,69,69,2,64,64,0,0,0,68,0,11680,11680,1471,1471,0,4729,6951,0,0,0,365,11680,1382,892,32,1023,10,14,0,1048576,0,0,0,inf,inf,0.996612251,0.835408211,1,0,10,69,2,51,17,0,2176,1041,297,297,141,9504,3688,892,1527,1023,1023,1023,1023,656,0,1023,0,0,0,0,0,0,0,2,3,4,2,3,3,3,4,4,9,10,7,5,3,5,0,1,0,0,0,0,0,0,0,0,0,0,0,0,0,0,0,0,0,0,0,0,0,0,0,0,0,0,0,0,0,0,0,0,0,0,0,0,0,0,0,0,0,10,10,12,4,8,8,11,10,11,46
956,1,69,69,1,64,64,0,2,0,68,0,6816,6816,1239,1239,0,3375,3441,0,0,0,213,6816,850,621,32,1023,10,14,0,1048576,0,0,0,inf,0.981366038,0.984726489,0.775365412,1,0,10,69,2,60,8,0,2176,1141,145,145,65,4640,2234,621,1046,1023,1023,1023,1023,0,0,1023,0,0,0,0,0,0,1,0,0,0,0,2,5,1,5,4,11,13,7,7,3,6,1,2,0,0,0,0,0,0,0,0,0,0,0,0,0,0,0,0,0,0,0,0,0,0,0,0,0,0,0,0,0,0,0,0,0,0,0,0,0,0,0,0,0,10,10,13,10,10,10,11,9,12,10
957,1,69,69,1,64,64,0,2,0,68,0,5376,5376,1378,1378,0,2668,2708,0,0,0,168,5376,765,576,32,1023,10,14,0,1048576,0,0,0,inf,0.967626631,0.968664169,0.791188776,1,0,10,69,2,62,6,0,2176,1143,100,100,22,3200,1525,576,366,1023,1023,1023,1023,0,0,1023,0,0,0,0,0,0,0,0,0,0,1,1,4,3,5,7,9,9,12,5,4,5,2,1,0,0,0,0,0,0,0,0,0,0,0,0,0,0,0,0,0,0,0,0,0,0,0,0,0,0,0,0,0,0,0,0,0,0,0,0,0,0,0,0,0,8,9,10,9,8,7,6,9,7,7
958,1,69,69,1,64,64,0,5,0,68,0,4864,4864,1257,1257,0,2556,2308,0,0,0,152,4864,756,601,32,1023,10,14,0,1048576,0,0,0,inf,0.906150341,0.912720442,0.708347321,1,0,10,69,2,63,5,0,2176,1214,84,84,31,2688,1342,601,382,1023,1023,1023,1023,0,0,1023,0,0,0,0,0,0,0,0,0,0,0,1,4,1,3,2,8,14,9,6,7,6,3,2,0,2,0,0,0,0,0,0,0,0,0,0,0,0,0,0,0,0,0,0,0,0,0,0,0,0,0,0,0,0,0,0,0,0,0,0,0,0,0,0,0,12,12,11,12,12,13,10,9,10,13
959,1,67,69,3,64,64,0,0,0,66,0,45792,45792,4353,4353,0,6733,39059,0,0,0,1431,45792,2244,1540,32,1023,10,14,0,1048576,0,0,0,inf,inf,1.13245976,0.961567521,1,0,10,67,2,1,23,42,2112,261,1365,1365,129,43680,6472,1540,618,1007,1023,1023,1023,0,0,1023,3,5,14,9,11,7,8,5,1,2,0,0,0,1,0,0,0,0,0,0,0,0,0,0,0,0,0,0,0,0,0,0,0,0,0,0,0,0,0,0,0,0,0,0,0,0,0,0,0,0,0,0,0,0,0,0,0,0,0,0,0,0,0,0,0,4,3,5,4,5,4,4,5,5,28
960,1,69,69,1,64,64,0,6,0,68,0,12544,12544,1171,1171,0,5080,7464,0,0,0,392,12544,1406,947,32,1023,10,14,0,1048576,0,0,0,inf,0.935433388,0.950191259,0.832889259,1,0,10,69,2,51,17,0,2176,1056,324,324,178,10368,4024,947,1895,1023,1023,1023,1023,0,0,1023,0,0,0,0,0,0,0,2,1,1,5,4,4,5,3,4,9,8,7,4,3,5,0,3,0,0,0,0,0,0,0,0,0,0,0,0,0,0,0,0,0,0,0,0,0,0,0,0,0,0,0,0,0,0,0,0,0,0,0,0,0,0,0,0,0,15,18,15,15,14,14,23,14,14,14
961,1,69,69,1,64,64,0,2,0,68,0,6016,6016,924,924,0,3168,2848,0,0,0,188,6016,912,744,32,1023,10,14,0,1048576,0,0,0,inf,0.841273189,0.862134218,0.768110931,1,0,10,69,2,62,6,0,2176,1223,120,120,64,3840,1945,744,857,1023,1023,1023,1023,0,0,1023,0,0,0,0,0,0,0,0,0,0,1,2,3,4,3,0,9,9,10,6,3,7,3,3,1,2,1,0,1,0,0,0,0,0,0,0,0,0,0,0,0,0,0,0,0,0,0,0,0,0,0,0,0,0,0,0,0,0,0,0,0,0,0,0,0,9,16,17,13,10,22,10,10,7,13
962,1,67,69,3,64,64,0,0,0,66,0,15968,15968,3527,3527,0,5334,10634,0,0,0,499,15968,2530,1172,32,1023,10,14,0,1048576,0,0,0,inf,inf,1.07364929,0.828778505,1,0,10,67,2,20,44,2,2112,720,433,433,55,13856,4614,1172,755,1023,1023,1023,1023,8,0,1023,0,0,0,1,1,0,3,4,2,8,8,10,9,9,3,7,0,1,0,0,0,0,0,0,0,0,0,0,0,0,0,0,0,0,0,0,0,0,0,0,0,0,0,0,0,0,0,0,0,0,0,0,0,0,0,0,0,0,0,0,0,0,0,0,0,3,4,3,4,3,3,4,3,5,4
963,1,69,69,1,64,64,0,5,0,68,0,4864,4864,1262,1262,0,2521,2343,0,0,0,152,4864,724,569,32,1023,10,14,0,1048576,0,0,0,inf,1.03472281,1.04586875,0.862935662,1,0,10,69,2,63,5,0,2176,1179,84,84,23,2688,1342,569,382,1023,1023,1023,1023,0,0,1023,0,0,0,0,0,0,0,0,0,0,0,1,4,1,4,3,10,15,12,6,3,6,0,1,0,1,0,1,0,0,0,0,0,0,0,0,0,0,0,0,0,0,0,0,0,0,0,0,0,0,0,0,0,0,0,0,0,0,0,0,0,0,0,0,0,12,11,11,10,16,11,13,12,11,10
964,1,68,69,3,64,64,0,0,0,67,0,11040,11040,1464,1464,0,4579,6461,0,0,0,345,11040,1288,830,32,1023,10,14,0,1048576,0,0,0,inf,inf,1.04317534,0.911667228,1,0,10,68,2,51,16,0,2144,1025,278,278,115,8896,3554,830,1546,1023,1023,1023,1023,17,0,1023,0,0,0,0,0,0,2,1,3,3,1,2,4,4,4,3,8,10,10,4,2,5,0,1,0,0,0,0,0,0,0,0,0,0,0,0,0,0,0,0,0,0,0,0,0,0,0,0,0,0,0,0,0,0,0,0,0,0,0,0,0,0,0,0,0,10,16,13,13,12,10,12,10,10,12
965,1,69,69,1,64,64,0,4,0,68,0,7008,7008,1302,1302,0,3387,3621,0,0,0,219,7008,880,650,32,1023,10,14,0,1048576,0,0,0,inf,0.977191448,0.996718287,0.821223974,1,0,10,69,2,60,8,0,2176,1140,151,151,66,4832,2247,650,902,1023,1023,1023,1023,0,0,1023,0,0,0,0,0,0,1,0,0,0,0,2,5,1,6,4,9,11,10,7,4,6,1,1,0,0,0,0,0,0,0,0,0,0,0,0,0,0,0,0,0,0,0,0,0,0,0,0,0,0,0,0,0,0,0,0,0,0,0,0,0,0,0,0,0,8,7,6,8,6,6,13,9,8,11
966,1,69,69,1,64,64,0,7,0,68,0,5536,5536,1011,1011,0,2828,2708,0,0,0,173,5536,835,669,32,1023,10,14,0,1048576,0,0,0,inf,1.0034678,1.0205586,0.86144644,1,0,10,69,2,62,6,0,2176,1172,105,105,43,3360,1656,669,699,1023,1023,1023,1023,257,0,1023,0,0,0,0,0,0,0,0,0,0,0,2,4,2,3,4,8,14,10,8,4,5,1,3,0,0,0,0,0,0,0,0,0,0,0,0,0,0,0,0,0,0,0,0,0,0,0,0,0,0,0,0,0,0,0,0,0,0,0,0,0,0,0,0,0,19,17,18,18,20,18,18,18,22,15
967,1,67,69,3,64,64,0,0,0,66,0,18496,18496,2196,2196,0,6977,11519,0,0,0,578,18496,2199,1248,32,1023,10,14,0,1048576,0,0,0,inf,inf,0.927342713,0.817052484,1,0,10,67,2,32,34,0,2112,831,512,512,215,16384,6146,1248,2249,1023,1023,1023,1023,256,0,1023,0,0,0,0,0,0,1,1,0,4,6,13,9,9,6,10,2,3,1,1,0,0,0,0,0,0,0,0,0,0,0,0,0,0,0,0,0,0,0,0,0,0,0,0,0,0,0,0,0,0,0,0,0,0,0,0,0,0,0,0,0,0,0,0,0,16,17,18,19,18,18,15,18,13,19
968,1,69,69,1,64,64,0,1,0,68,0,5696,5696,1253,1253,0,2863,2833,0,0,0,178,5696,716,533,32,1023,10,14,0,1048576,0,0,0,inf,1.00883067,1.00883067,0.836946428,1,0,10,69,2,62,6,0,2176,1162,110,110,49,3520,1701,533,700,1023,1023,1023,1023,0,0,1023,0,0,0,0,0,0,1,0,0,0,0,1,4,2,3,3,10,15,12,5,3,5,0,3,1,0,0,0,0,0,0,0,0,0,0,0,0,0,0,0,0,0,0,0,0,0,0,0,0,0,0,0,0,0,0,0,0,0,0,0,0,0,0,0,0,6,7,6,6,7,8,6,7,11,8
969,1,68,69,3,64,64,0,0,0,67,0,21344,21344,3809,3809,0,7228,14116,0,0,0,667,21344,2856,1442,32,1023,10,14,0,1048576,0,0,0,inf,inf,1.02452731,0.852353334,1,0,10,68,2,19,47,1,2144,742,600,600,138,19200,6486,1442,1264,1023,1023,1023,1023,0,0,1023,0,0,0,0,1,1,4,5,2,8,7,12,8,6,1,8,1,0,0,2,0,0,1,0,0,0,0,0,0,0,0,0,0,0,0,0,0,0,0,0,0,0,0,0,0,0,0,0,0,0,0,0,0,0,0,0,0,0,0,0,0,0,0,0,0,8,6,8,7,6,7,7,8,8,8
970,1,68,69,3,64,64,0,0,0,67,0,17728,17728,3473,3473,0,6029,11699,0,0,0,554,17728,2586,1157,32,1023,10,14,0,1048576,0,0,0,inf,inf,1.08859825,0.886655867,1,0,10,68,2,19,47,1,2144,736,487,487,94,15584,5293,1157,1229,1023,1023,1023,1023,544,0,1023,0,0,0,0,1,0,3,4,3,7,8,13,9,8,3,7,0,1,0,0,0,0,0,0,0,0,0,0,0,0,0,0,0,0,0,0,0,0,0,0,0,0,0,0,0,0,0,0,0,0,0,0,0,0,0,0,0,0,0,0,0,0,0,0,0,4,4,4,4,4,5,4,5,5,5
971,1,68,69,3,64,64,0,0,0,67,0,18368,18368,3303,3303,0,6228,12140,0,0,0,574,18368,2628,1247,32,1023,10,14,0,1048576,0,0,0,inf,inf,1.02575827,0.814223647,1,0,10,68,2,19,46,2,2144,731,507,507,136,16224,5497,1247,1332,1023,1023,1023,1023,1,0,1023,0,0,0,1,1,0,1,5,4,6,9,13,8,7,3,9,0,0,0,0,0,0,0,0,0,0,0,0,0,0,0,0,0,0,0,0,0,0,0,0,0,0,0,0,0,0,0,0,0,0,0,0,0,0,0,0,0,0,0,0,0,0,0,0,0,9,8,8,8,9,8,8,8,9,8
972,1,69,69,2,64,64,0,0,0,68,0,5824,5824,1079,1079,0,3012,2812,0,0,0,182,5824,893,716,32,1023,10,14,0,1048576,0,0,0,inf,inf,0.910295486,0.809481859,1,0,10,69,2,62,6,0,2176,1213,114,114,58,3648,1799,716,599,1023,1023,1023,1023,0,0,1023,0,0,0,0,0,0,0,0,0,1,1,1,3,4,3,2,9,8,11,4,2,8,3,3,1,2,2,0,0,0,0,0,0,0,0,0,0,0,0,0,0,0,0,0,0,0,0,0,0,0,0,0,0,0,0,0,0,0,0,0,0,0,0,0,0,7,5,15,4,16,6,8,11,5,16
973,1,67,69,3,64,64,0,0,0,66,0,57888,57888,3300,3300,0,3787,54101,0,0,0,1809,57888,795,757,32,1023,10,14,0,1048576,0,0,0,inf,inf,1.33144116,1.19953167,1,0,10,67,2,0,1,65,2112,97,1743,1743,0,55776,3690,757,0,172,1023,1023,1023,0,0,1023,20,19,12,9,5,0,0,1,0,0,0,0,0,0,0,0,0,0,0,0,0,0,0,0,0,0,0,0,0,0,0,0,0,0,0,0,0,0,0,0,0,0,0,0,0,0,0,0,0,0,0,0,0,0,0,0,0,0,0,0,0,0,0,0,0,6,6,5,6,4,6,9,11,2,8
974,1,68,69,3,64,64,0,0,0,67,0,43936,43936,4426,4426,0,6767,37169,0,0,0,1373,43936,2306,1497,32,1023,10,14,0,1048576,0,0,0,inf,inf,1.27629352,1.01972198,1,0,10,68,2,1,27,39,2144,291,1306,1306,116,41792,6476,1497,605,895,1023,1023,1023,52,0,1023,5,3,10,10,11,3,15,3,2,2,1,1,0,1,0,0,0,0,0,0,0,0,0,0,0,0,0,0,0,0,0,0,0,0,0,0,0,0,0,0,0,0,0,0,0,0,0,0,0,0,0,0,0,0,0,0,0,0,0,0,0,0,0,0,0,2,3,5,3,5,5,4,3,6,5
975,1,69,69,1,64,64,0,5,0,68,0,5248,5248,943,943,0,2574,2674,0,0,0,164,5248,796,651,32,1023,10,14,0,1048576,0,0,0,inf,0.938550949,0.940837562,0.813348293,1,0,10,69,2,63,5,0,2176,1209,96,96,48,3072,1365,651,605,1023,1023,1023,1023,386,0,1023,0,0,0,0,0,0,0,0,0,1,0,2,2,3,4,2,8,12,8,6,5,5,3,4,0,2,1,0,0,0,0,0,0,0,0,0,0,0,0,0,0,0,0,0,0,0,0,0,0,0,0,0,0,0,0,0,0,0,0,0,0,0,0,0,0,11,14,10,12,15,12,11,20,14,12
976,1,68,69,3,64,64,0,0,0,67,0,27872,27872,3066,3066,0,9062,18810,0,0,0,871,27872,2989,1572,32,1023,10,14,0,1048576,0,0,0,inf,inf,0.974534035,0.831797004,1,0,10,68,2,16,49,2,2144,700,804,804,324,25728,8362,1572,2941,1023,1023,1023,1023,256,0,1023,0,0,0,1,1,2,6,4,0,6,9,14,8,7,2,6,1,0,0,0,0,0,0,0,0,0,0,0,0,0,0,0,0,0,0,0,0,0,0,0,0,0,0,0,0,0,0,0,0,0,0,0,0,0,0,0,0,0,0,0,0,0,0,0,0,22,6,22,21,21,4,21,21,24,21
977,1,69,69,1,64,64,0,2,0,68,0,5536,5536,1170,1170,0,2793,2743,0,0,0,173,5536,728,554,32,1023,10,14,0,1048576,0,0,0,inf,0.945279181,0.94606781,0.773884535,1,0,10,69,2,62,6,0,2176,1167,105,105,43,3360,1626,554,652,1023,1023,1023,1023,0,0,1023,0,0,0,0,0,0,0,0,0,0,0,2,4,2,5,4,10,12,10,5,2,5,4,3,0,0,0,0,0,0,0,0,0,0,0,0,0,0,0,0,0,0,0,0,0,0,0,0,0,0,0,0,0,0,0,0,0,0,0,0,0,0,0,0,0,7,7,7,6,8,7,11,10,8,13
978,1,69,69,1,64,64,0,11,0,68,0,5152,5152,1092,1092,0,2671,2481,0,0,0,161,5152,745,593,32,1023,10,14,0,1048576,0,0,0,inf,0.973649085,0.987822831,0.811117291,1,0,10,69,2,63,5,0,2176,1203,93,93,48,2976,1468,593,657,1023,1023,1023,1023,32,0,1023,0,0,0,0,0,0,1,0,0,0,0,1,3,2,5,3,7,12,8,6,5,6,1,5,3,0,0,0,0,0,0,0,0,0,0,0,0,0,0,0,0,0,0,0,0,0,0,0,0,0,0,0,0,0,0,0,0,0,0,0,0,0,0,0,0,18,18,18,17,17,25,19,21,16,17
979,1,69,69,1,64,64,0,3,0,68,0,5600,5600,1299,1299,0,2759,2841,0,0,0,175,5600,737,555,32,1023,10,14,0,1048576,0,0,0,inf,0.963236153,0.978581429,0.767781138,1,0,10,69,2,62,6,0,2176,1163,107,107,37,3424,1596,555,516,1023,1023,1023,1023,0,0,1023,0,0,0,0,0,0,0,0,0,1,0,1,4,3,4,4,10,12,11,5,2,5,2,3,0,1,0,0,0,0,0,0,0,0,0,0,0,0,0,0,0,0,0,0,0,0,0,0,0,0,0,0,0,0,0,0,0,0,0,0,0,0,0,0,0,7,8,8,11,8,7,11,10,9,10
980,1,69,69,1,64,64,0,1,0,68,0,20192,20192,3569,3569,0,6791,13401,0,0,0,631,20192,2853,1389,32,1023,10,14,0,1048576,0,0,0,inf,0.992946863,0.992946863,0.744505882,1,0,10,69,2,19,48,1,2176,750,563,563,144,18016,6041,1389,1234,1023,1023,1023,1023,768,0,1023,0,0,0,0,1,0,5,3,4,7,9,11,9,7,2,6,0,3,0,0,0,1,0,0,0,0,0,0,0,0,0,0,0,0,0,0,0,0,0,0,0,0,0,0,0,0,0,0,0,0,0,0,0,0,0,0,0,0,0,0,0,0,0,0,0,6,6,6,6,6,6,6,5,8,7
981,1,69,69,1,64,64,0,2,0,68,0,20416,20416,3703,3703,0,6519,13897,0,0,0,638,20416,2732,1244,32,1023,10,14,0,1048576,0,0,0,inf,0.899259031,0.901219726,0.696251273,1,0,10,69,2,17,49,2,2176,707,570,570,125,18240,5812,1244,1307,1023,1023,1023,1023,258,0,1023,0,0,0,1,1,0,6,7,2,7,7,9,11,9,2,6,0,0,0,0,0,0,0,0,0,0,0,0,0,0,0,0,0,0,0,0,0,0,0,0,0,0,0,0,0,0,0,0,0,0,0,0,0,0,0,0,0,0,0,0,0,0,0,0,0,7,8,7,8,7,8,8,8,9,9
982,1,65,69,3,64,64,0,0,0,64,0,60800,60800,2437,2437,0,2620,58180,0,0,0,1900,60800,359,349,32,1023,10,14,0,1048576,0,0,0,inf,inf,1.38058901,1.24842286,1,0,10,65,2,0,0,64,2048,46,1836,1836,0,58752,2574,349,0,620,1023,1023,1023,0,0,1023,29,27,6,1,1,0,0,0,0,0,0,0,0,0,0,0,0,0,0,0,0,0,0,0,0,0,0,0,0,0,0,0,0,0,0,0,0,0,0,0,0,0,0,0,0,0,0,0,0,0,0,0,0,0,0,0,0,0,0,0,0,0,0,0,0,1,3,10,5,18,8,11,5,3,5
983,1,69,69,2,64,64,0,0,0,68,0,17952,17952,3356,3356,0,5957,11995,0,0,0,561,17952,2615,1245,32,1023,10,14,0,1048576,0,0,0,inf,inf,0.96715796,0.721325159,1,0,10,69,2,21,45,2,2176,747,493,493,122,15776,5210,1245,1025,1023,1023,1023,1023,4,0,1023,0,0,0,1,1,1,2,4,2,6,10,12,8,9,2,9,0,1,0,0,0,0,0,0,0,0,0,0,0,0,0,0,0,0,0,0,0,0,0,0,0,0,0,0,0,0,0,0,0,0,0,0,0,0,0,0,0,0,0,0,0,0,0,0,0,4,5,6,5,5,5,5,5,5,5
984,1,69,69,1,64,64,0,2,0,68,0,16928,16928,2076,2076,0,5910,11018,0,0,0,529,16928,1776,1122,32,1023,10,14,0,1048576,0,0,0,inf,0.906245828,0.908492565,0.806283712,1,0,10,69,2,42,23,3,2176,981,461,461,192,14752,4929,1122,1689,1023,1023,1023,1023,512,0,1023,0,0,0,0,3,1,2,1,4,1,5,6,3,1,2,2,6,8,8,4,4,6,0,1,0,0,0,0,0,0,0,0,0,0,0,0,0,0,0,0,0,0,0,0,0,0,0,0,0,0,0,0,0,0,0,0,0,0,0,0,0,0,0,0,0,22,23,27,7,22,24,7,22,23,9
985,1,69,69,2,64,64,0,0,0,68,0,4320,4320,1194,1194,0,2285,2035,0,0,0,135,4320,622,498,32,1023,10,14,0,1048576,0,0,0,inf,inf,0.950658679,0.774537981,1,0,10,69,2,64,4,0,2176,1176,67,67,23,2144,1109,498,332,1023,1023,1023,1023,0,0,1023,0,0,0,0,0,0,0,0,0,0,0,1,3,2,6,3,11,12,11,5,3,5,2,4,0,0,0,0,0,0,0,0,0,0,0,0,0,0,0,0,0,0,0,0,0,0,0,0,0,0,0,0,0,0,0,0,0,0,0,0,0,0,0,0,0,12,12,8,6,6,5,11,9,12,6
986,1,67,69,3,64,64,0,0,0,66,0,18944,18944,3297,3297,0,6146,12798,0,0,0,592,18944,2616,1200,32,1023,10,14,0,1048576,0,0,0,inf,inf,0.974638104,0.7683658,1,0,10,67,2,17,47,2,2112,699,526,526,126,16832,5447,1200,1277,1023,1023,1023,1023,2,0,1023,0,0,0,1,1,0,4,3,3,9,9,11,8,9,2,6,0,0,0,0,0,0,0,0,0,0,0,0,0,0,0,0,0,0,0,0,0,0,0,0,0,0,0,0,0,0,0,0,0,0,0,0,0,0,0,0,0,0,0,0,0,0,0,0,0,5,5,4,5,7,5,5,6,5,5
987,1,69,69,1,64,64,0,7,0,68,0,5504,5504,1230,1230,0,2829,2675,0,0,0,172,5504,775,598,32,1023,10,14,0,1048576,0,0,0,inf,1.02535558,1.04083681,0.849490702,1,0,10,69,2,62,6,0,2176,1182,104,104,35,3328,1647,598,623,1023,1023,1023,1023,0,0,1023,0,0,0,0,0,0,0,0,0,0,0,1,5,0,4,3,9,16,12,6,2,6,1,1,0,0,1,1,0,0,0,0,0,0,0,0,0,0,0,0,0,0,0,0,0,0,0,0,0,0,0,0,0,0,0,0,0,0,0,0,0,0,0,0,0,14,14,15,14,13,19,17,14,19,15
988,1,67,69,3,64,64,0,0,0,66,0,23168,23168,3216,3216,0,7639,15529,0,0,0,724,23168,2776,1386,32,1023,10,14,0,1048576,0,0,0,inf,inf,0.953071356,0.815015197,1,0,10,67,2,16,47,3,2112,683,658,658,224,21056,6956,1386,2077,1023,1023,1023,1023,96,0,1023,0,0,0,1,2,1,3,6,2,10,6,10,9,8,1,7,0,0,0,0,0,0,0,0,0,0,0,0,0,0,0,0,0,0,0,0,0,0,0,0,0,0,0,0,0,0,0,0,0,0,0,0,0,0,0,0,0,0,0,0,0,0,0,0,0,4,4,4,5,5,3,6,4,4,5
989,1,69,69,2,64,64,0,0,0,68,0,11360,11360,1199,1199,0,4999,6361,0,0,0,355,11360,1312,883,32,1023,10,14,0,1048576,0,0,0,inf,inf,0.982886314,0.865814209,1,0,10,69,2,52,16,0,2176,1052,287,287,146,9184,3947,883,2044,1023,1023,1023,1023,0,0,1023,0,0,0,0,0,0,2,0,0,1,1,8,4,5,5,3,7,14,5,3,4,5,0,1,0,0,0,0,0,0,0,0,0,0,0,0,0,0,0,0,0,0,0,0,0,0,0,0,0,0,0,0,0,0,0,0,0,0,0,0,0,0,0,0,0,6,8,6,9,7,7,6,8,8,8
990,1,69,69,1,64,64,0,6,0,68,0,4032,4032,881,881,0,2177,1855,0,0,0,126,4032,749,651,32,1023,10,14,0,1048576,0,0,0,inf,0.905630767,0.909383833,0.781965852,1,0,10,69,2,65,3,0,2176,1248,58,58,26,1856,929,651,343,1023,959,1023,1023,0,0,1023,0,0,0,0,0,0,0,0,0,0,0,2,1,2,2,3,6,13,7,8,8,4,5,5,0,1,1,0,0,0,0,0,0,0,0,0,0,0,0,0,0,0,0,0,0,0,0,0,0,0,0,0,0,0,0,0,0,0,0,0,0,0,0,0,0,18,13,13,14,13,16,10,14,12,19
991,1,69,69,1,64,64,0,1,0,68,0,5376,5376,1246,1246,0,2685,2691,0,0,0,168,5376,800,585,32,1023,10,14,0,1048576,0,0,0,inf,0.91708231,0.91708231,0.745142341,1,0,10,69,2,61,7,0,2176,1154,100,100,36,3200,1531,585,461,1023,1023,1023,1023,16,0,1023,0,0,0,0,0,0,0,0,0,1,1,2,3,2,4,4,7,17,7,6,6,4,2,2,0,0,0,0,0,0,0,0,0,0,0,0,0,0,0,0,0,0,0,0,0,0,0,0,0,0,0,0,0,0,0,0,0,0,0,0,0,0,0,0,0,7,7,8,7,14,8,6,8,11,10
992,1,69,69,1,64,64,0,14,0,68,0,8000,8000,917,917,0,3764,4236,0,0,0,250,8000,1142,886,32,1023,10,14,0,1048576,0,0,0,inf,0.945262194,0.978756547,0.843153238,1,0,10,69,2,58,10,0,2176,1161,182,182,88,5824,2603,886,1341,1023,1023,1023,1023,32,0,1023,0,0,0,0,0,0,0,0,0,0,0,2,8,1,3,5,11,13,5,3,4,5,2,4,2,0,0,0,0,0,0,0,0,0,0,0,0,0,0,0,0,0,0,0,0,0,0,0,0,0,0,0,0,0,0,0,0,0,0,0,0,0,0,0,0,30,32,30,33,31,31,30,34,32,9
993,1,69,69,1,64,64,0,3,0,68,0,5120,5120,1345,1345,0,2619,2501,0,0,0,160,5120,758,573,32,1023,10,14,0,1048576,0,0,0,inf,0.964829922,0.967773557,0.774243832,1,0,10,69,2,62,6,0,2176,1182,92,92,21,2944,1437,573,366,1023,1023,1023,1023,0,0,1023,0,0,0,0,0,0,0,0,0,0,1,2,3,1,4,5,7,17,6,5,5,5,2,4,0,1,0,0,0,0,0,0,0,0,0,0,0,0,0,0,0,0,0,0,0,0,0,0,0,0,0,0,0,0,0,0,0,0,0,0,0,0,0,0,0,11,11,11,10,10,10,10,9,12,10
994,1,69,69,1,64,64,0,2,0,68,0,17024,17024,2987,2987,0,5384,11640,0,0,0,532,17024,2634,1214,32,1023,10,14,0,1048576,0,0,0,inf,0.794884086,0.7965132,0.686936557,1,0,10,69,2,19,47,2,2176,749,464,464,96,14848,4635,1214,1186,1023,1023,1023,1023,20,0,1023,0,0,0,0,2,1,7,6,7,11,5,7,3,1,1,0,6,3,2,2,2,0,0,2,0,0,0,0,0,0,0,0,0,0,0,0,0,0,0,0,0,0,0,0,0,0,0,0,0,0,0,0,0,0,0,0,0,0,0,0,0,0,0,0,0,8,8,9,7,8,21,6,8,7,22
995,1,67,69,3,64,64,0,0,0,66,0,40768,40768,4105,4105,0,5570,35198,0,0,0,1274,40768,1920,1235,32,1023,10,14,0,1048576,0,0,0,inf,inf,1.01580954,0.80629611,1,0,10,67,2,1,22,43,2112,250,1208,1208,78,38656,5320,1235,423,767,1023,1023,1023,0,0,1023,4,6,11,14,8,8,7,5,0,2,0,0,0,1,0,0,0,0,0,0,0,0,0,0,0,0,0,0,0,0,0,0,0,0,0,0,0,0,0,0,0,0,0,0,0,0,0,0,0,0,0,0,0,0,0,0,0,0,0,0,0,0,0,0,0,3,2,3,3,5,5,3,3,4,6
996,1,69,69,1,64,64,0,8,0,68,0,7488,7488,969,969,0,3370,4118,0,0,0,234,7488,1042,795,32,1023,10,14,0,1048576,0,0,0,inf,0.897701383,0.910117388,0.778501868,1,0,10,69,2,59,9,0,2176,1121,166,166,94,5312,2249,795,919,1023,1023,1023,1023,146,0,1023,0,0,0,0,0,0,0,0,0,0,2,3,4,2,5,10,8,11,4,6,6,3,2,2,0,0,0,0,0,0,0,0,0,0,0,0,0,0,0,0,0,0,0,0,0,0,0,0,0,0,0,0,0,0,0,0,0,0,0,0,0,0,0,0,0,39,38,36,36,40,36,36,38,4,39
997,1,66,69,3,64,64,0,0,0,65,0,22560,22560,3660,3660,0,7417,15143,0,0,0,705,22560,2902,1433,32,1023,10,14,0,1048576,0,0,0,inf,inf,0.927020192,0.760220706,1,0,10,66,2,14,49,2,2080,670,640,640,179,20480,6747,1433,1553,1023,1023,1023,1023,900,0,1023,0,0,0,1,1,2,2,4,5,9,10,9,8,6,1,7,0,0,0,0,0,0,0,0,0,0,0,0,0,0,0,0,0,0,0,0,0,0,0,0,0,0,0,0,0,0,0,0,0,0,0,0,0,0,0,0,0,0,0,0,0,0,0,0,0,4,5,6,5,5,4,5,6,7,6
998,1,69,69,1,64,64,0,21,0,68,0,4576,4576,900,900,0,2404,2172,0,0,0,143,4576,861,740,32,1023,10,14,0,1048576,0,0,0,inf,0.877413809,0.926711798,0.777048945,1,0,10,69,2,64,4,0,2176,1246,75,75,35,2400,1158,740,450,1023,1023,1023,1023,0,0,1023,0,0,0,0,0,0,0,0,0,0,0,2,2,1,4,2,9,10,6,7,5,7,4,6,2,1,0,0,0,0,0,0,0,0,0,0,0,0,0,0,0,0,0,0,0,0,0,0,0,0,0,0,0,0,0,0,0,0,0,0,0,0,0,0,0,30,31,29,30,30,31,31,37,29,31
999,1,67,69,3,64,64,0,0,0,66,0,20832,20832,3529,3529,0,7079,13753,0,0,0,651,20832,2546,1215,32,1023,10,14,0,1048576,0,0,0,inf,inf,0.896347404,0.769888282,1,0,10,67,2,18,45,3,2112,731,585,585,162,18720,6348,1215,1682,1023,1023,1023,1023,12,0,1023,0,0,0,1,2,0,1,2,0,10,7,13,12,7,5,5,0,1,0,0,0,0,0,0,0,0,0,0,0,0,0,0,0,0,0,0,0,0,0,0,0,0,0,0,0,0,0,0,0,0,0,0,0,0,0,0,0,0,0,0,0,0,0,0,0,5,6,5,7,5,5,4,5,3,5
