query_id,recall,iterations,resolved_max_iterations,stop_reason,terminal_valid,terminal_pass,terminal_reject,terminal_unexpanded_pass,terminal_unexpanded_reject,expanded_pass_parents,expanded_reject_parents,candidate_attempts,candidate_evaluations,candidate_duplicate_or_full,candidate_duplicates,candidate_hash_full,passing_candidates,rejected_candidates,penalized_candidates,accumulator_observations,accumulator_insertions,graph_rows_read,predicate_probes,distance_evaluations,passing_admissions,seed_inspected_units,gt_seen_mask,output_count,hash_bitlen,small_hash_bitlen,small_hash_reset_interval,resolved_filtering_rate,reference_penalty,query_penalty,terminal_cutoff,best_unexpanded_distance,worst_retained_distance,kth_passing_raw_distance,navix_seed_found,navix_seed_iteration,navix_seed_count,navix_post_seed_iterations,navix_terminal_phase,navix_one_hop_parents,navix_directed_parents,navix_blind_parents,navix_first_hop_checks,navix_first_hop_passing,navix_bridge_rows,navix_bridge_rows_loaded,navix_bridge_rows_after_cap,navix_second_hop_checks,navix_second_hop_passing,navix_admitted_candidates,navix_cap_blocked_unique,navix_gt_first_hop_mask,navix_gt_second_hop_mask,navix_gt_admitted_mask,navix_gt_retained_mask,navix_gt_cap_blocked_mask,navix_gt_hash_full_mask,navix_gt_output_mask,navix_local_p_0,navix_local_p_1,navix_local_p_2,navix_local_p_3,navix_local_p_4,navix_local_p_5,navix_local_p_6,navix_local_p_7,navix_local_p_8,navix_local_p_9,navix_local_p_10,navix_local_p_11,navix_local_p_12,navix_local_p_13,navix_local_p_14,navix_local_p_15,navix_local_p_16,navix_local_p_17,navix_local_p_18,navix_local_p_19,navix_local_p_20,navix_local_p_21,navix_local_p_22,navix_local_p_23,navix_local_p_24,navix_local_p_25,navix_local_p_26,navix_local_p_27,navix_local_p_28,navix_local_p_29,navix_local_p_30,navix_local_p_31,navix_local_p_32,navix_local_p_33,navix_local_p_34,navix_local_p_35,navix_local_p_36,navix_local_p_37,navix_local_p_38,navix_local_p_39,navix_local_p_40,navix_local_p_41,navix_local_p_42,navix_local_p_43,navix_local_p_44,navix_local_p_45,navix_local_p_46,navix_local_p_47,navix_local_p_48,navix_local_p_49,navix_local_p_50,navix_local_p_51,navix_local_p_52,navix_local_p_53,navix_local_p_54,navix_local_p_55,navix_local_p_56,navix_local_p_57,navix_local_p_58,navix_local_p_59,navix_local_p_60,navix_local_p_61,navix_local_p_62,navix_local_p_63,navix_local_p_64,gt_first_iteration_0,gt_first_iteration_1,gt_first_iteration_2,gt_first_iteration_3,gt_first_iteration_4,gt_first_iteration_5,gt_first_iteration_6,gt_first_iteration_7,gt_first_iteration_8,gt_first_iteration_9
0,1,66,69,3,64,64,0,0,0,65,0,28256,28256,2317,2317,0,4753,23503,0,0,0,883,28256,2066,1160,32,1023,10,14,0,1048576,0,0,0,inf,inf,1.23689699,1.11728835,1,0,10,66,2,26,32,7,2080,759,818,818,129,26176,3994,1160,801,895,1023,1023,1023,512,0,1023,1,2,2,1,1,4,5,5,2,1,5,8,2,3,4,0,1,4,3,1,4,0,2,1,1,1,1,0,0,0,0,0,0,0,0,0,0,0,0,0,0,0,0,0,0,0,0,0,0,0,0,0,0,0,0,0,0,0,0,0,0,0,0,0,0,4,4,2,1,5,4,2,7,11,10
1,1,66,69,3,64,64,0,0,0,65,0,8640,8640,1051,1051,0,1938,6702,0,0,0,270,8640,1092,902,32,1023,10,14,0,1048576,0,0,0,inf,inf,1.30543721,1.19846153,1,0,10,66,2,56,6,3,2080,1502,205,205,4,6560,436,902,5,1023,971,1023,1023,0,0,1023,0,1,0,0,2,2,0,1,1,1,1,0,0,1,2,2,0,0,1,0,1,6,2,1,3,2,3,7,2,6,6,4,7,0,0,0,0,0,0,0,0,0,0,0,0,0,0,0,0,0,0,0,0,0,0,0,0,0,0,0,0,0,0,0,0,7,6,7,8,2,11,4,5,16,3
2,1,69,69,1,64,64,0,2,0,68,0,20224,20224,1899,1899,0,2768,17456,0,0,0,632,20224,1153,519,32,1023,10,14,0,1048576,0,0,0,inf,1.43011665,1.43749309,1.26709223,1,0,10,69,2,41,21,6,2176,946,564,564,44,18048,1822,519,247,1023,1023,1023,1023,64,0,1023,1,2,1,0,2,0,5,2,2,3,3,1,5,5,1,1,6,8,4,5,1,2,2,2,1,1,2,0,0,0,0,0,0,0,0,0,0,0,0,0,0,0,0,0,0,0,0,0,0,0,0,0,0,0,0,0,0,0,0,0,0,0,0,0,0,8,7,7,8,8,8,11,7,8,8
3,1,69,69,2,64,64,0,0,0,68,0,8832,8832,1402,1402,0,2149,6683,0,0,0,276,8832,933,743,32,1023,10,14,0,1048576,0,0,0,inf,inf,1.30422032,1.16538548,1,0,10,69,2,59,6,3,2176,1540,208,208,1,6656,609,743,16,1023,739,1023,1023,0,0,1023,1,1,0,0,1,0,1,1,0,1,0,1,2,1,2,1,3,1,1,2,2,1,2,2,4,3,5,2,2,15,6,4,0,0,0,0,0,0,0,0,0,0,0,0,0,0,0,0,0,0,0,0,0,0,0,0,0,0,0,0,0,0,0,0,0,6,6,7,41,5,13,7,7,6,6
4,1,67,69,3,64,64,0,0,0,66,0,10912,10912,1487,1487,0,2068,8844,0,0,0,341,10912,714,527,32,1023,10,14,0,1048576,0,0,0,inf,inf,1.40121555,1.20690799,1,0,10,67,2,54,6,6,2112,1305,275,275,7,8800,763,527,55,1023,1023,1023,1023,0,0,1023,1,1,3,1,0,1,0,0,0,1,1,0,3,2,2,2,5,1,1,2,2,2,5,3,4,2,4,5,6,1,1,3,1,0,0,0,0,0,0,0,0,0,0,0,0,0,0,0,0,0,0,0,0,0,0,0,0,0,0,0,0,0,0,0,0,5,7,4,5,6,5,4,6,6,6
5,1,67,69,3,64,64,0,0,0,66,0,2112,2112,682,682,0,1938,174,0,0,0,66,2112,1266,1256,32,1023,10,14,0,1048576,0,0,0,inf,inf,0.89822489,0.778828442,1,0,10,67,2,66,0,0,2112,1938,0,0,0,0,0,1256,0,1023,0,1023,1023,0,0,1023,0,0,0,0,0,0,0,0,0,0,0,0,0,1,0,0,0,0,0,0,0,0,1,1,1,2,5,5,4,5,7,14,20,0,0,0,0,0,0,0,0,0,0,0,0,0,0,0,0,0,0,0,0,0,0,0,0,0,0,0,0,0,0,0,0,8,6,9,7,7,14,6,9,14,8
6,1,66,69,3,64,64,0,0,0,65,0,20672,20672,1825,1825,0,4159,16513,0,0,0,646,20672,1784,1087,32,1023,10,14,0,1048576,0,0,0,inf,inf,1.09805322,0.968058944,1,0,10,66,2,35,24,6,2080,880,581,581,123,18592,3279,1087,861,1023,1023,1023,1023,0,0,1023,0,2,1,2,1,1,5,3,6,2,1,4,2,4,0,10,1,1,3,2,4,1,0,1,0,2,2,1,2,0,1,0,0,0,0,0,0,0,0,0,0,0,0,0,0,0,0,0,0,0,0,0,0,0,0,0,0,0,0,0,0,0,0,0,0,3,4,3,3,2,2,6,3,3,15
7,1,67,69,3,64,64,0,0,0,66,0,25216,25216,2184,2184,0,3784,21432,0,0,0,788,25216,1515,906,32,1023,10,14,0,1048576,0,0,0,inf,inf,1.27782965,1.17070007,1,0,10,67,2,34,21,11,2112,892,722,722,83,23104,2892,906,462,1013,891,1023,1023,0,0,1023,0,7,1,1,2,3,3,4,3,0,1,4,3,1,3,4,1,2,3,4,2,2,0,2,0,3,0,3,2,0,1,0,1,0,0,0,0,0,0,0,0,0,0,0,0,0,0,0,0,0,0,0,0,0,0,0,0,0,0,0,0,0,0,0,0,4,13,6,14,31,5,4,3,3,10
8,0.899999976,66,69,3,64,64,0,0,0,65,0,32768,32768,2876,2876,0,5315,27453,0,0,0,1024,32768,2276,1180,32,959,10,14,0,1048576,0,0,0,inf,inf,1.16621101,1.07487774,1,0,10,66,2,18,38,9,2080,678,959,959,105,30688,4637,1180,864,927,959,959,959,512,0,959,0,0,3,3,3,5,6,5,4,3,5,7,3,1,2,0,2,2,3,1,3,0,2,0,1,1,0,0,0,0,0,0,0,0,0,0,0,0,0,0,0,0,0,0,0,0,0,0,0,0,0,0,0,0,0,0,0,0,0,0,0,0,0,0,0,5,7,8,8,2,12,4294967295,1,11,2
9,1,69,69,1,64,64,0,1,0,68,0,9856,9856,1631,1631,0,3030,6826,0,0,0,308,9856,1319,945,32,1023,10,14,0,1048576,0,0,0,inf,1.06190073,1.06190073,0.955056548,1,0,10,69,2,56,12,0,2176,1360,240,240,40,7680,1670,945,285,1023,767,1023,1023,0,0,1023,0,0,0,0,0,3,1,0,4,0,1,1,2,3,4,1,3,0,3,3,2,7,3,1,5,5,2,3,2,1,0,2,6,0,0,0,0,0,0,0,0,0,0,0,0,0,0,0,0,0,0,0,0,0,0,0,0,0,0,0,0,0,0,0,0,7,12,13,12,13,9,12,10,61,13
10,0.899999976,66,69,3,64,64,0,0,0,65,0,39040,39040,3111,3111,0,5931,33109,0,0,0,1220,39040,2353,1381,32,959,10,14,0,1048576,0,0,0,inf,inf,1.24761224,1.18544102,1,0,10,66,2,12,34,19,2080,509,1155,1155,174,36960,5422,1381,801,703,959,959,959,8,0,959,4,2,5,4,4,3,4,8,4,3,6,1,5,2,4,1,1,2,1,1,0,0,0,0,0,0,0,0,0,0,0,0,0,0,0,0,0,0,0,0,0,0,0,0,0,0,0,0,0,0,0,0,0,0,0,0,0,0,0,0,0,0,0,0,0,2,2,19,9,5,4,4294967295,2,9,9
11,1,66,69,3,64,64,0,0,0,65,0,23968,23968,2017,2017,0,4591,19377,0,0,0,749,23968,1854,1073,32,1023,10,14,0,1048576,0,0,0,inf,inf,1.10151637,1.01152205,1,0,10,66,2,33,27,5,2080,885,684,684,178,21888,3706,1073,907,959,1023,1023,1023,650,0,1023,0,1,1,2,1,3,3,2,4,2,5,4,4,4,3,1,1,5,1,2,2,1,6,1,2,2,1,1,0,0,0,0,0,0,0,0,0,0,0,0,0,0,0,0,0,0,0,0,0,0,0,0,0,0,0,0,0,0,0,0,0,0,0,0,0,1,2,2,2,2,2,10,9,14,2
12,1,67,69,3,64,64,0,0,0,66,0,6624,6624,1217,1217,0,1964,4660,0,0,0,207,6624,913,755,32,1023,10,14,0,1048576,0,0,0,inf,inf,1.10079241,0.995970488,1,0,10,67,2,60,5,1,2112,1560,141,141,0,4512,404,755,0,1023,204,1023,1023,0,0,1023,0,0,0,0,1,1,0,2,1,0,0,0,1,1,1,0,1,1,4,0,1,1,5,4,6,1,3,7,5,10,4,4,1,0,0,0,0,0,0,0,0,0,0,0,0,0,0,0,0,0,0,0,0,0,0,0,0,0,0,0,0,0,0,0,0,4,5,5,3,3,5,4,5,5,3
13,1,67,69,3,64,64,0,0,0,66,0,2112,2112,862,862,0,1902,210,0,0,0,66,2112,1050,1040,32,1023,10,14,0,1048576,0,0,0,inf,inf,1.00292492,0.884689093,1,0,10,67,2,66,0,0,2112,1902,0,0,0,0,0,1040,0,1023,0,1023,1023,0,0,1023,0,0,0,0,0,0,0,0,0,0,0,0,0,0,0,0,1,1,1,0,1,1,1,1,1,2,2,4,3,6,11,17,13,0,0,0,0,0,0,0,0,0,0,0,0,0,0,0,0,0,0,0,0,0,0,0,0,0,0,0,0,0,0,0,0,6,4,3,3,3,3,3,5,3,3
14,1,66,69,3,64,64,0,0,0,65,0,30208,30208,2917,2917,0,5843,24365,0,0,0,944,30208,2411,1354,32,1023,10,14,0,1048576,0,0,0,inf,inf,1.19570005,1.1030488,1,0,10,66,2,23,36,6,2080,708,879,879,136,28128,5135,1354,928,991,1023,1023,1023,128,0,1023,1,1,0,3,1,6,5,8,3,3,3,4,4,2,4,1,3,2,2,1,2,3,2,0,1,0,0,0,0,0,0,0,0,0,0,0,0,0,0,0,0,0,0,0,0,0,0,0,0,0,0,0,0,0,0,0,0,0,0,0,0,0,0,0,0,29,5,9,5,2,7,2,29,13,11
15,0.899999976,66,69,3,64,64,0,0,0,65,0,31040,31040,2258,2258,0,5004,26036,0,0,0,970,31040,2066,1158,32,511,10,14,0,1048576,0,0,0,inf,inf,1.24493515,1.14555871,1,0,10,66,2,22,32,11,2080,682,905,905,152,28960,4322,1158,1040,511,511,511,511,98,0,511,1,2,2,2,4,5,8,3,2,0,5,6,3,3,2,1,1,4,2,3,1,0,3,1,1,0,0,0,0,0,0,0,0,0,0,0,0,0,0,0,0,0,0,0,0,0,0,0,0,0,0,0,0,0,0,0,0,0,0,0,0,0,0,0,0,2,7,10,6,7,18,13,4,1,4294967295
16,0.800000012,66,69,3,64,64,0,0,0,65,0,31040,31040,2509,2509,0,5511,25529,0,0,0,970,31040,2164,1340,32,1022,10,14,0,1048576,0,0,0,inf,inf,1.22565877,1.1348542,1,0,10,66,2,22,28,15,2080,665,905,905,185,28960,4846,1340,1054,766,1022,766,766,768,0,766,2,3,5,2,3,2,6,4,3,3,2,5,3,2,1,4,2,2,3,2,0,1,0,3,1,0,1,0,0,0,0,0,0,0,0,0,0,0,0,0,0,0,0,0,0,0,0,0,0,0,0,0,0,0,0,0,0,0,0,0,0,0,0,0,0,4294967295,13,13,14,12,12,14,22,4294967295,23
17,1,68,69,3,64,64,0,0,0,67,0,12000,12000,1298,1298,0,2109,9891,0,0,0,375,12000,1032,788,32,1023,10,14,0,1048576,0,0,0,inf,inf,1.27899289,1.1697154,1,0,10,68,2,54,8,5,2144,1363,308,308,5,9856,746,788,38,1023,915,1023,1023,0,0,1023,1,1,0,0,3,3,1,1,1,1,0,0,1,1,4,3,1,2,1,1,2,4,1,2,4,1,4,6,2,5,3,2,5,0,0,0,0,0,0,0,0,0,0,0,0,0,0,0,0,0,0,0,0,0,0,0,0,0,0,0,0,0,0,0,0,5,5,8,24,24,41,37,16,4,5
18,1,65,69,3,64,64,0,0,0,64,0,26336,26336,2359,2359,0,3663,22673,0,0,0,823,26336,1454,901,32,1023,10,14,0,1048576,0,0,0,inf,inf,1.25782037,1.14654279,1,0,10,65,2,32,19,13,2048,699,759,759,52,24288,2964,901,234,1009,1023,1023,1023,0,0,1023,1,6,1,2,3,1,6,3,5,2,0,1,1,5,3,7,3,5,3,2,0,0,2,0,1,1,0,0,0,0,0,0,0,0,0,0,0,0,0,0,0,0,0,0,0,0,0,0,0,0,0,0,0,0,0,0,0,0,0,0,0,0,0,0,0,17,5,3,4,17,4,10,8,6,17
19,1,65,69,3,64,64,0,0,0,64,0,25504,25504,2237,2237,0,2663,22841,0,0,0,797,25504,1011,490,64,1023,10,14,0,1048576,0,0,0,inf,inf,1.25682139,1.09714115,1,0,10,65,2,31,17,16,2048,775,733,733,0,23456,1888,490,44,1023,1023,1023,1023,0,0,1023,2,4,4,3,3,1,2,2,2,2,1,4,3,1,5,2,1,5,0,5,1,2,2,2,2,1,1,1,0,0,0,0,0,0,0,0,0,0,0,0,0,0,0,0,0,0,0,0,0,0,0,0,0,0,0,0,0,0,0,0,0,0,0,0,0,3,6,0,6,1,3,2,8,4,1
20,1,69,69,1,64,64,0,1,0,68,0,2176,2176,821,821,0,2020,156,0,0,0,68,2176,1209,1199,32,1023,10,14,0,1048576,0,0,0,inf,1.020684,1.020684,0.923345149,1,0,10,69,2,68,0,0,2176,2020,0,0,0,0,0,1199,0,1023,0,1023,1023,0,0,1023,0,0,0,0,0,0,0,0,0,0,0,0,0,0,0,1,1,0,0,0,0,1,0,3,0,0,1,3,3,7,8,15,25,0,0,0,0,0,0,0,0,0,0,0,0,0,0,0,0,0,0,0,0,0,0,0,0,0,0,0,0,0,0,0,0,17,6,8,5,6,7,11,7,6,6
21,1,66,69,3,64,64,0,0,0,65,0,20640,20640,1808,1808,0,2611,18029,0,0,0,645,20640,1102,611,32,1023,10,14,0,1048576,0,0,0,inf,inf,1.32213664,1.17903352,1,0,10,66,2,40,16,9,2080,1058,580,580,23,18560,1553,611,161,1015,1023,1023,1023,0,0,1023,4,2,0,1,2,5,2,0,3,0,2,2,2,2,0,2,3,2,0,1,0,6,2,2,1,4,5,2,2,2,1,3,0,0,0,0,0,0,0,0,0,0,0,0,0,0,0,0,0,0,0,0,0,0,0,0,0,0,0,0,0,0,0,0,0,2,3,8,60,1,6,3,3,6,2
22,1,67,69,3,64,64,0,0,0,66,0,10176,10176,1468,1468,0,2219,7957,0,0,0,318,10176,913,698,32,1023,10,14,0,1048576,0,0,0,inf,inf,1.28703451,1.18637395,1,0,10,67,2,55,7,4,2112,1487,252,252,20,8064,732,698,23,1023,277,1023,1023,0,0,1023,1,1,1,0,1,1,0,0,0,2,0,1,3,1,1,1,2,1,2,1,1,2,2,2,4,1,2,2,6,12,6,3,3,0,0,0,0,0,0,0,0,0,0,0,0,0,0,0,0,0,0,0,0,0,0,0,0,0,0,0,0,0,0,0,0,7,7,6,6,6,7,9,7,25,16
23,0.899999976,66,69,3,64,64,0,0,0,65,0,56928,56928,2716,2716,0,4528,52400,0,0,0,1779,56928,1484,1127,32,1023,10,14,0,1048576,0,0,0,inf,inf,1.33691037,1.23153687,1,0,10,66,2,0,12,53,2080,150,1714,1714,140,54848,4378,1127,392,103,1023,1007,1007,16,0,1007,17,15,10,7,4,4,3,3,0,1,1,0,0,0,0,0,0,0,0,0,0,0,0,0,0,0,0,0,0,0,0,0,0,0,0,0,0,0,0,0,0,0,0,0,0,0,0,0,0,0,0,0,0,0,0,0,0,0,0,0,0,0,0,0,0,40,41,20,34,4294967295,4,4,37,44,21
24,1,66,69,3,64,64,0,0,0,65,0,48000,48000,3113,3113,0,3606,44394,0,0,0,1500,48000,1189,566,32,1023,10,14,0,1048576,0,0,0,inf,inf,1.40328419,1.29106033,1,0,10,66,2,5,20,40,2080,284,1435,1435,21,45920,3322,566,121,938,1023,1023,1023,8,0,1023,12,8,8,7,5,4,4,7,0,1,2,2,0,1,0,3,0,1,0,0,0,0,0,0,0,0,0,0,0,0,0,0,0,0,0,0,0,0,0,0,0,0,0,0,0,0,0,0,0,0,0,0,0,0,0,0,0,0,0,0,0,0,0,0,0,11,6,44,9,17,12,7,8,9,2
25,1,66,69,3,64,64,0,0,0,65,0,25440,25440,2412,2412,0,4708,20732,0,0,0,795,25440,1882,1021,32,1023,10,14,0,1048576,0,0,0,inf,inf,1.20073485,1.09546196,1,0,10,66,2,30,29,6,2080,800,730,730,118,23360,3908,1021,861,767,1023,1023,1023,544,0,1023,1,1,1,2,1,3,6,4,2,0,5,6,3,4,2,2,3,3,3,3,3,0,4,1,1,1,0,0,0,0,0,0,0,0,0,0,0,0,0,0,0,0,0,0,0,0,0,0,0,0,0,0,0,0,0,0,0,0,0,0,0,0,0,0,0,29,2,28,11,6,2,6,1,6,8
26,1,68,69,3,64,64,0,0,0,67,0,38112,38112,2758,2758,0,6185,31927,0,0,0,1191,38112,2543,1578,32,1023,10,14,0,1048576,0,0,0,inf,inf,1.3037535,1.1973449,1,0,10,68,2,16,34,17,2144,624,1124,1124,185,35968,5561,1578,1079,758,1023,1023,1023,0,0,1023,3,3,5,4,2,2,5,6,3,1,7,4,6,2,2,1,3,2,1,1,0,1,0,1,0,0,0,0,1,0,1,0,0,0,0,0,0,0,0,0,0,0,0,0,0,0,0,0,0,0,0,0,0,0,0,0,0,0,0,0,0,0,0,0,0,15,2,3,11,4,3,3,4,7,1
27,1,68,69,3,64,64,0,0,0,67,0,2144,2144,979,979,0,2026,118,0,0,0,67,2144,1057,1047,32,1023,10,14,0,1048576,0,0,0,inf,inf,1.01046252,0.917822838,1,0,10,68,2,67,0,0,2144,2026,0,0,0,0,0,1047,0,1023,0,1023,1023,0,0,1023,0,0,0,0,0,0,0,0,0,0,0,0,0,0,0,0,1,0,0,0,0,0,0,0,1,0,0,4,4,8,7,20,22,0,0,0,0,0,0,0,0,0,0,0,0,0,0,0,0,0,0,0,0,0,0,0,0,0,0,0,0,0,0,0,0,8,4,9,3,6,7,4,6,4,11
28,1,67,69,3,64,64,0,0,0,66,0,12992,12992,1299,1299,0,2079,10913,0,0,0,406,12992,870,665,32,1023,10,14,0,1048576,0,0,0,inf,inf,1.37763011,1.25750017,1,0,10,67,2,52,7,7,2112,1246,340,340,21,10880,833,665,83,1023,511,1023,1023,0,0,1023,1,0,2,3,1,1,0,1,0,1,1,0,3,4,2,2,5,1,2,2,2,2,4,1,3,2,5,3,4,3,0,4,1,0,0,0,0,0,0,0,0,0,0,0,0,0,0,0,0,0,0,0,0,0,0,0,0,0,0,0,0,0,0,0,0,5,8,44,7,7,8,8,8,7,7
29,1,69,69,1,64,64,0,1,0,68,0,2176,2176,636,636,0,2084,92,0,0,0,68,2176,1458,1448,32,1023,10,14,0,1048576,0,0,0,inf,1.01734436,1.01743186,0.897625566,1,0,10,69,2,68,0,0,2176,2084,0,0,0,0,0,1448,0,1023,0,1023,1023,0,0,1023,0,0,0,0,0,0,0,0,0,0,0,0,0,0,0,0,0,0,0,0,0,0,0,1,1,0,0,2,5,3,9,18,29,0,0,0,0,0,0,0,0,0,0,0,0,0,0,0,0,0,0,0,0,0,0,0,0,0,0,0,0,0,0,0,0,9,11,11,11,7,13,25,10,58,8
30,1,65,69,3,64,64,0,0,0,64,0,28576,28576,2842,2842,0,3846,24730,0,0,0,893,28576,1535,788,32,1023,10,14,0,1048576,0,0,0,inf,inf,1.11929059,0.980608344,1,0,10,65,2,25,25,14,2048,649,829,829,29,26528,3197,788,189,511,1023,1023,1023,0,0,1023,2,7,1,2,2,2,3,4,4,3,3,1,5,6,4,3,3,2,1,1,0,2,1,0,2,0,0,0,0,0,0,0,0,0,0,0,0,0,0,0,0,0,0,0,0,0,0,0,0,0,0,0,0,0,0,0,0,0,0,0,0,0,0,0,0,6,6,7,6,3,2,5,4,5,21
31,1,67,69,3,64,64,0,0,0,66,0,26400,26400,2660,2660,0,4468,21932,0,0,0,825,26400,1835,972,32,1023,10,14,0,1048576,0,0,0,inf,inf,1.09922183,1.00702918,1,0,10,67,2,27,29,10,2112,731,759,759,79,24288,3737,972,547,1023,1023,1023,1023,648,0,1023,0,2,4,2,2,2,5,6,6,2,3,2,3,4,3,1,5,2,1,2,3,3,2,0,0,1,0,0,0,0,0,0,0,0,0,0,0,0,0,0,0,0,0,0,0,0,0,0,0,0,0,0,0,0,0,0,0,0,0,0,0,0,0,0,0,3,7,56,5,5,3,3,5,3,4
32,1,69,69,1,64,64,0,1,0,68,0,21536,21536,1974,1974,0,3094,18442,0,0,0,673,21536,1340,850,32,1023,10,14,0,1048576,0,0,0,inf,1.17205334,1.17205334,1.04672289,1,0,10,69,2,41,16,11,2176,970,605,605,29,19360,2124,850,230,1021,503,1023,1023,1,0,1023,0,5,2,2,2,3,2,5,2,1,0,3,0,2,2,3,2,3,3,4,5,3,1,3,3,3,0,2,0,0,2,0,0,0,0,0,0,0,0,0,0,0,0,0,0,0,0,0,0,0,0,0,0,0,0,0,0,0,0,0,0,0,0,0,0,21,49,8,27,6,9,13,7,21,7
33,1,67,69,3,64,64,0,0,0,66,0,10048,10048,1334,1334,0,2207,7841,0,0,0,314,10048,946,795,32,1023,10,14,0,1048576,0,0,0,inf,inf,1.23102474,1.12038732,1,0,10,67,2,56,5,5,2112,1509,248,248,10,7936,698,795,59,1023,747,1023,1023,0,0,1023,0,2,0,1,2,1,0,1,0,1,0,0,2,1,2,1,0,1,1,0,1,5,4,1,2,6,1,3,3,5,6,6,7,0,0,0,0,0,0,0,0,0,0,0,0,0,0,0,0,0,0,0,0,0,0,0,0,0,0,0,0,0,0,0,0,9,11,7,8,6,9,7,2,7,3
34,1,67,69,3,64,64,0,0,0,66,0,2784,2784,668,668,0,2182,602,0,0,0,87,2784,1427,1391,32,1023,10,14,0,1048576,0,0,0,inf,inf,0.952438593,0.843240559,1,0,10,67,2,65,1,0,2112,2022,21,21,13,672,160,1391,100,1023,0,1023,1023,0,0,1023,0,0,0,0,0,0,0,0,0,0,0,1,0,0,0,0,0,0,0,0,0,0,0,0,0,0,2,3,2,2,6,16,34,0,0,0,0,0,0,0,0,0,0,0,0,0,0,0,0,0,0,0,0,0,0,0,0,0,0,0,0,0,0,0,0,2,2,3,3,10,5,14,3,11,3
35,1,66,69,3,64,64,0,0,0,65,0,23904,23904,2374,2374,0,4385,19519,0,0,0,747,23904,1942,1041,32,1023,10,14,0,1048576,0,0,0,inf,inf,1.05408978,0.961906314,1,0,10,66,2,29,31,5,2080,807,682,682,79,21824,3578,1041,737,1003,1023,1023,1023,0,0,1023,0,1,0,2,2,2,4,4,4,5,4,4,4,4,4,1,2,2,4,3,2,0,3,1,1,2,0,0,0,0,0,0,0,0,0,0,0,0,0,0,0,0,0,0,0,0,0,0,0,0,0,0,0,0,0,0,0,0,0,0,0,0,0,0,0,6,8,2,5,9,16,15,1,11,6
36,1,67,69,3,64,64,0,0,0,66,0,24576,24576,2161,2161,0,3460,21116,0,0,0,768,24576,1459,841,32,1023,10,14,0,1048576,0,0,0,inf,inf,1.09270585,1.01504827,1,0,10,67,2,36,21,9,2112,972,702,702,42,22464,2488,841,277,1022,1023,1023,1023,0,0,1023,0,5,2,1,1,3,4,4,2,1,3,3,1,2,0,2,0,2,4,4,2,1,3,2,0,5,2,2,2,1,1,0,1,0,0,0,0,0,0,0,0,0,0,0,0,0,0,0,0,0,0,0,0,0,0,0,0,0,0,0,0,0,0,0,0,5,5,3,16,5,18,29,4,4,31
37,1,67,69,3,64,64,0,0,0,66,0,11232,11232,1570,1570,0,2220,9012,0,0,0,351,11232,949,671,32,1023,10,14,0,1048576,0,0,0,inf,inf,1.17720461,1.07565641,1,0,10,67,2,53,9,4,2112,1399,285,285,5,9120,821,671,11,1023,722,1023,1023,0,0,1023,1,2,0,0,1,0,1,2,1,1,0,2,2,1,0,3,1,2,1,3,1,0,3,4,4,3,2,2,6,11,3,1,2,0,0,0,0,0,0,0,0,0,0,0,0,0,0,0,0,0,0,0,0,0,0,0,0,0,0,0,0,0,0,0,0,10,9,9,8,8,3,8,12,3,17
38,1,67,69,3,64,64,0,0,0,66,0,10048,10048,1256,1256,0,1982,8066,0,0,0,314,10048,959,741,32,1023,10,14,0,1048576,0,0,0,inf,inf,1.18713629,1.07263541,1,0,10,67,2,55,7,4,2112,1380,248,248,0,7936,602,741,13,1023,511,1023,1023,0,0,1023,0,1,0,0,3,3,0,1,0,1,0,0,2,1,5,3,0,2,1,0,1,5,3,1,5,3,6,4,0,4,3,3,5,0,0,0,0,0,0,0,0,0,0,0,0,0,0,0,0,0,0,0,0,0,0,0,0,0,0,0,0,0,0,0,0,4,5,4,7,5,4,8,3,7,4
39,1,67,69,3,64,64,0,0,0,66,0,33376,33376,2014,2014,0,3850,29526,0,0,0,1043,33376,1715,1114,32,1023,10,14,0,1048576,0,0,0,inf,inf,1.3662225,1.1851691,1,0,10,67,2,22,21,23,2112,627,977,977,79,31264,3223,1114,589,127,1023,1023,1023,0,0,1023,9,4,3,5,2,5,1,2,2,2,2,3,4,1,3,2,1,0,4,2,2,0,2,2,2,1,0,0,0,0,0,0,0,0,0,0,0,0,0,0,0,0,0,0,0,0,0,0,0,0,0,0,0,0,0,0,0,0,0,0,0,0,0,0,0,2,3,3,3,5,3,4,21,4,32
40,1,67,69,3,64,64,0,0,0,66,0,2976,2976,906,906,0,2127,849,0,0,0,93,2976,1102,1062,32,1023,10,14,0,1048576,0,0,0,inf,inf,0.897035718,0.783069491,1,0,10,67,2,65,1,0,2112,1889,27,27,19,864,238,1062,77,1023,0,1023,1023,0,0,1023,0,0,0,0,0,1,0,0,0,0,0,0,0,1,0,1,1,0,1,1,1,1,0,1,1,1,1,3,3,3,7,14,24,0,0,0,0,0,0,0,0,0,0,0,0,0,0,0,0,0,0,0,0,0,0,0,0,0,0,0,0,0,0,0,0,4,4,3,3,6,5,14,7,4,8
41,1,68,69,3,64,64,0,0,0,67,0,2144,2144,664,664,0,1999,145,0,0,0,67,2144,1345,1335,32,1023,10,14,0,1048576,0,0,0,inf,inf,0.977405071,0.884276032,1,0,10,68,2,67,0,0,2144,1999,0,0,0,0,0,1335,0,1023,0,1023,1023,0,0,1023,0,0,0,0,0,0,0,0,0,0,0,0,0,0,0,0,2,1,0,0,1,0,0,0,1,0,0,4,3,6,4,20,25,0,0,0,0,0,0,0,0,0,0,0,0,0,0,0,0,0,0,0,0,0,0,0,0,0,0,0,0,0,0,0,0,5,6,6,6,4,7,38,14,45,4
42,1,66,69,3,64,64,0,0,0,65,0,35424,35424,2947,2947,0,5438,29986,0,0,0,1107,35424,2209,1395,32,1023,10,14,0,1048576,0,0,0,inf,inf,1.07911301,0.982420385,1,0,10,66,2,17,28,20,2080,590,1042,1042,116,33344,4848,1395,575,1014,1023,1023,1023,0,0,1023,3,2,4,9,2,2,3,2,5,3,5,5,3,2,4,1,2,1,2,2,1,0,0,0,0,1,0,0,0,0,1,0,0,0,0,0,0,0,0,0,0,0,0,0,0,0,0,0,0,0,0,0,0,0,0,0,0,0,0,0,0,0,0,0,0,6,3,5,4,17,5,5,3,1,15
43,1,69,69,2,64,64,0,0,0,68,0,26912,26912,2283,2283,0,3758,23154,0,0,0,841,26912,1588,953,32,1023,10,14,0,1048576,0,0,0,inf,inf,1.15953422,1.08828497,1,0,10,69,2,35,22,11,2176,885,773,773,57,24736,2873,953,339,1022,1023,1023,1023,16,0,1023,1,8,1,1,0,3,3,5,2,1,4,3,1,4,4,2,2,4,2,1,3,0,1,2,2,1,2,0,2,0,2,0,1,0,0,0,0,0,0,0,0,0,0,0,0,0,0,0,0,0,0,0,0,0,0,0,0,0,0,0,0,0,0,0,0,27,9,8,27,15,27,8,5,23,17
44,1,66,69,3,64,64,0,0,0,65,0,25344,25344,2347,2347,0,4966,20378,0,0,0,792,25344,2140,1234,32,1023,10,14,0,1048576,0,0,0,inf,inf,1.02520895,0.889677048,1,0,10,66,2,27,31,7,2080,754,727,727,119,23264,4212,1234,977,1023,1023,1023,1023,1,0,1023,0,2,1,2,2,3,6,3,7,3,2,5,2,4,0,8,2,2,2,1,2,1,1,0,0,1,1,1,1,0,0,0,0,0,0,0,0,0,0,0,0,0,0,0,0,0,0,0,0,0,0,0,0,0,0,0,0,0,0,0,0,0,0,0,0,5,3,4,2,4,4,4,9,2,7
45,1,68,69,3,64,64,0,0,0,67,0,2144,2144,823,823,0,2066,78,0,0,0,67,2144,1253,1243,32,1023,10,14,0,1048576,0,0,0,inf,inf,0.91664952,0.809080839,1,0,10,68,2,67,0,0,2144,2066,0,0,0,0,0,1243,0,1023,0,1023,1023,0,0,1023,0,0,0,0,0,0,0,0,0,0,0,0,0,0,0,0,1,0,0,0,0,0,0,0,1,0,1,3,1,4,4,9,43,0,0,0,0,0,0,0,0,0,0,0,0,0,0,0,0,0,0,0,0,0,0,0,0,0,0,0,0,0,0,0,0,7,4,5,8,5,6,5,6,6,6
46,0.899999976,66,69,3,64,64,0,0,0,65,0,30048,30048,2518,2518,0,5318,24730,0,0,0,939,30048,2051,1274,32,1023,10,14,0,1048576,0,0,0,inf,inf,1.17981076,1.10544026,1,0,10,66,2,26,27,12,2080,692,874,874,153,27968,4626,1274,921,255,1023,511,511,640,0,511,1,1,1,4,5,6,4,5,5,2,2,1,2,1,6,1,4,3,2,0,2,4,2,0,1,0,0,0,0,0,0,0,0,0,0,0,0,0,0,0,0,0,0,0,0,0,0,0,0,0,0,0,0,0,0,0,0,0,0,0,0,0,0,0,0,5,4,5,4,5,37,36,8,4,4294967295
47,1,66,69,3,64,64,0,0,0,65,0,13632,13632,1228,1228,0,2451,11181,0,0,0,426,13632,1238,889,32,1023,10,14,0,1048576,0,0,0,inf,inf,1.46483576,1.37478721,1,0,10,66,2,49,12,4,2080,1206,361,361,28,11552,1245,889,245,1023,1015,1023,1023,0,0,1023,1,0,2,1,0,1,2,1,0,1,2,1,4,4,3,3,2,1,1,2,2,2,3,1,5,4,4,2,3,3,1,3,0,0,0,0,0,0,0,0,0,0,0,0,0,0,0,0,0,0,0,0,0,0,0,0,0,0,0,0,0,0,0,0,0,35,8,16,8,13,35,13,12,16,12
48,1,69,69,2,64,64,0,0,0,68,0,28896,28896,2396,2396,0,4068,24828,0,0,0,903,28896,1673,1018,32,1023,10,14,0,1048576,0,0,0,inf,inf,1.31558645,1.24627829,1,0,10,69,2,32,22,14,2176,893,835,835,78,26720,3175,1018,382,989,879,1023,1023,8,0,1023,0,5,1,2,6,5,2,6,3,0,2,2,2,1,1,1,1,3,2,3,5,1,0,3,1,3,1,2,3,0,0,0,1,0,0,0,0,0,0,0,0,0,0,0,0,0,0,0,0,0,0,0,0,0,0,0,0,0,0,0,0,0,0,0,0,9,4,5,21,7,31,5,9,20,5
49,1,67,69,3,64,64,0,0,0,66,0,7264,7264,1164,1164,0,2007,5257,0,0,0,227,7264,843,808,32,1023,10,14,0,1048576,0,0,0,inf,inf,1.2923913,1.21900606,1,0,10,67,2,60,1,5,2112,1634,161,161,4,5152,373,808,28,1023,133,1023,1023,0,0,1023,1,1,0,0,3,0,0,0,0,0,0,0,1,0,1,1,0,0,1,0,1,6,4,1,2,5,1,5,3,8,5,7,9,0,0,0,0,0,0,0,0,0,0,0,0,0,0,0,0,0,0,0,0,0,0,0,0,0,0,0,0,0,0,0,0,6,14,9,2,22,7,3,2,7,2
50,1,68,69,3,64,64,0,0,0,67,0,11584,11584,1309,1309,0,2167,9417,0,0,0,362,11584,1091,816,32,1023,10,14,0,1048576,0,0,0,inf,inf,1.29055882,1.18229401,1,0,10,68,2,54,9,4,2144,1447,295,295,9,9440,720,816,45,1023,249,1023,1023,0,0,1023,0,1,0,0,3,3,1,1,1,1,0,0,2,1,3,1,0,2,1,1,1,4,1,1,6,1,3,6,3,5,4,3,7,0,0,0,0,0,0,0,0,0,0,0,0,0,0,0,0,0,0,0,0,0,0,0,0,0,0,0,0,0,0,0,0,7,49,18,5,4,5,5,27,3,15
51,1,67,69,3,64,64,0,0,0,66,0,2112,2112,685,685,0,1966,146,0,0,0,66,2112,1291,1281,32,1023,10,14,0,1048576,0,0,0,inf,inf,0.955334246,0.865291715,1,0,10,67,2,66,0,0,2112,1966,0,0,0,0,0,1281,0,1023,0,1023,1023,0,0,1023,0,0,0,0,0,0,0,0,0,0,0,0,0,1,0,0,0,0,0,0,0,0,0,0,1,3,5,2,2,5,11,13,23,0,0,0,0,0,0,0,0,0,0,0,0,0,0,0,0,0,0,0,0,0,0,0,0,0,0,0,0,0,0,0,0,10,4,5,4,3,3,5,11,9,14
52,1,67,69,3,64,64,0,0,0,66,0,10432,10432,1520,1520,0,2194,8238,0,0,0,326,10432,900,647,32,1023,10,14,0,1048576,0,0,0,inf,inf,1.3184849,1.19253993,1,0,10,67,2,55,8,3,2112,1418,260,260,3,8320,776,647,29,1023,878,1023,1023,0,0,1023,1,0,1,0,1,1,1,1,1,1,0,2,1,1,2,3,3,1,2,2,1,1,2,3,2,3,1,4,5,10,5,1,3,0,0,0,0,0,0,0,0,0,0,0,0,0,0,0,0,0,0,0,0,0,0,0,0,0,0,0,0,0,0,0,0,6,6,5,5,6,5,6,4,10,4
53,1,68,69,3,64,64,0,0,0,67,0,7808,7808,1152,1152,0,2060,5748,0,0,0,244,7808,976,881,32,1023,10,14,0,1048576,0,0,0,inf,inf,1.3543427,1.26885319,1,0,10,68,2,60,3,4,2144,1613,177,177,4,5664,447,881,16,1023,803,1023,1023,512,0,1023,0,1,0,1,2,1,0,0,0,0,0,0,2,0,2,1,1,2,1,2,1,4,3,1,2,2,2,5,1,7,7,8,8,0,0,0,0,0,0,0,0,0,0,0,0,0,0,0,0,0,0,0,0,0,0,0,0,0,0,0,0,0,0,0,0,7,6,46,8,7,11,7,6,9,33
54,0.899999976,69,69,1,64,64,0,10,0,68,0,32032,32032,2311,2311,0,4123,27909,0,0,0,1001,32032,1832,1134,32,959,10,14,0,1048576,0,0,0,inf,1.45310318,1.46205258,1.35909843,1,0,10,69,2,23,24,21,2176,736,933,933,74,29856,3387,1134,532,959,959,959,959,4,0,959,7,3,2,4,5,5,4,2,2,0,2,4,5,0,0,2,1,3,1,2,2,0,4,1,0,1,1,2,2,1,0,0,0,0,0,0,0,0,0,0,0,0,0,0,0,0,0,0,0,0,0,0,0,0,0,0,0,0,0,0,0,0,0,0,0,22,21,20,21,21,22,4294967295,21,21,21
55,0.899999976,67,69,3,64,64,0,0,0,66,0,38592,38592,3042,3042,0,5887,32705,0,0,0,1206,38592,2346,1401,32,1015,10,14,0,1048576,0,0,0,inf,inf,1.27417243,1.19357705,1,0,10,67,2,14,33,19,2112,543,1140,1140,141,36480,5344,1401,807,759,1015,1015,1015,160,0,1015,4,3,5,4,3,3,3,8,3,4,6,1,5,2,1,2,3,4,1,0,0,0,1,0,0,0,0,0,0,0,0,0,0,0,0,0,0,0,0,0,0,0,0,0,0,0,0,0,0,0,0,0,0,0,0,0,0,0,0,0,0,0,0,0,0,2,2,5,4294967295,6,15,9,10,7,6
56,1,69,69,2,64,64,0,0,0,68,0,8608,8608,1492,1492,0,2121,6487,0,0,0,269,8608,808,586,32,1023,10,14,0,1048576,0,0,0,inf,inf,1.33481073,1.19869351,1,0,10,69,2,59,7,2,2176,1495,201,201,12,6432,626,586,35,1023,890,1023,1023,0,0,1023,1,0,0,0,1,1,1,2,0,1,0,1,1,1,2,2,2,2,2,3,1,2,1,3,4,4,3,5,5,10,6,0,1,0,0,0,0,0,0,0,0,0,0,0,0,0,0,0,0,0,0,0,0,0,0,0,0,0,0,0,0,0,0,0,0,7,6,6,6,7,9,5,5,6,7
57,1,69,69,1,64,64,0,2,0,68,0,2176,2176,982,982,0,2095,81,0,0,0,68,2176,1123,1113,32,1023,10,14,0,1048576,0,0,0,inf,0.981486678,0.982155681,0.891686916,1,0,10,69,2,68,0,0,2176,2095,0,0,0,0,0,1113,0,1023,0,1023,1023,0,0,1023,0,0,0,0,0,0,0,0,0,0,0,0,0,0,0,0,0,0,0,0,0,1,0,1,1,0,1,1,2,2,6,16,37,0,0,0,0,0,0,0,0,0,0,0,0,0,0,0,0,0,0,0,0,0,0,0,0,0,0,0,0,0,0,0,0,9,23,10,10,8,7,19,9,6,12
58,0.899999976,69,69,2,64,64,0,0,0,68,0,39808,39808,2476,2476,0,6001,33807,0,0,0,1244,39808,2416,1564,32,1023,10,14,0,1048576,0,0,0,inf,inf,1.24547148,1.18170059,1,0,10,69,2,17,31,20,2176,588,1176,1176,180,37632,5413,1564,1183,501,1023,511,511,512,0,511,5,1,5,5,4,4,4,5,2,3,6,1,6,3,1,4,2,2,1,1,1,0,1,1,0,0,0,0,0,0,0,0,0,0,0,0,0,0,0,0,0,0,0,0,0,0,0,0,0,0,0,0,0,0,0,0,0,0,0,0,0,0,0,0,0,12,23,30,12,6,11,35,7,48,4294967295
59,0.800000012,68,69,3,64,64,0,0,0,67,0,27808,27808,1935,1935,0,4288,23520,0,0,0,869,27808,1734,1131,32,893,10,14,0,1048576,0,0,0,inf,inf,1.3159771,1.21952152,1,0,10,68,2,33,21,13,2144,855,802,802,114,25664,3433,1131,692,869,893,893,893,0,0,893,0,2,2,4,5,3,4,6,3,1,0,2,2,2,1,4,2,3,1,4,3,2,1,2,2,3,0,1,1,0,0,0,1,0,0,0,0,0,0,0,0,0,0,0,0,0,0,0,0,0,0,0,0,0,0,0,0,0,0,0,0,0,0,0,0,22,4294967295,10,23,9,16,15,4294967295,9,4
60,0.699999988,68,69,3,64,64,0,0,0,67,0,43520,43520,2754,2754,0,6255,37265,0,0,0,1360,43520,2458,1555,32,979,10,14,0,1048576,0,0,0,inf,inf,1.20273876,1.11206484,1,0,10,68,2,11,32,24,2144,500,1293,1293,166,41376,5755,1555,1246,579,979,979,979,0,0,979,4,7,4,5,4,2,6,5,4,2,5,3,5,1,1,2,3,2,0,1,0,0,1,0,0,0,0,0,0,0,0,0,0,0,0,0,0,0,0,0,0,0,0,0,0,0,0,0,0,0,0,0,0,0,0,0,0,0,0,0,0,0,0,0,0,23,6,4294967295,4294967295,60,4294967295,10,7,8,6
61,1,68,69,3,64,64,0,0,0,67,0,30496,30496,2097,2097,0,5737,24759,0,0,0,953,30496,2435,1519,32,1023,10,14,0,1048576,0,0,0,inf,inf,1.1736021,1.07477927,1,0,10,68,2,24,33,10,2144,743,886,886,178,28352,4994,1519,1371,1018,1023,1023,1023,260,0,1023,1,2,2,2,3,3,3,5,4,5,2,7,4,3,0,4,5,1,1,3,1,2,2,0,0,1,0,1,0,0,0,0,0,0,0,0,0,0,0,0,0,0,0,0,0,0,0,0,0,0,0,0,0,0,0,0,0,0,0,0,0,0,0,0,0,7,10,58,9,7,5,3,10,7,11
62,1,67,69,3,64,64,0,0,0,66,0,2112,2112,888,888,0,2043,69,0,0,0,66,2112,1165,1155,32,1023,10,14,0,1048576,0,0,0,inf,inf,0.98793304,0.899122238,1,0,10,67,2,66,0,0,2112,2043,0,0,0,0,0,1155,0,1023,0,1023,1023,0,0,1023,0,0,0,0,0,0,0,0,0,0,0,0,0,0,0,0,0,0,0,0,0,0,0,0,0,0,0,4,2,2,8,19,31,0,0,0,0,0,0,0,0,0,0,0,0,0,0,0,0,0,0,0,0,0,0,0,0,0,0,0,0,0,0,0,0,4,34,5,5,11,15,19,19,16,14
63,1,69,69,1,64,64,0,1,0,68,0,17760,17760,1818,1818,0,3295,14465,0,0,0,555,17760,1321,856,32,1023,10,14,0,1048576,0,0,0,inf,1.22219443,1.22219443,1.12301993,1,0,10,69,2,46,16,6,2176,1072,487,487,35,15584,2223,856,433,499,1023,1023,1023,80,0,1023,0,3,2,0,1,0,2,1,3,2,4,2,2,4,4,3,1,4,7,2,3,1,3,3,2,2,2,1,0,2,1,0,1,0,0,0,0,0,0,0,0,0,0,0,0,0,0,0,0,0,0,0,0,0,0,0,0,0,0,0,0,0,0,0,0,11,6,12,13,10,9,13,62,23,41
64,1,67,69,3,64,64,0,0,0,66,0,33056,33056,2476,2476,0,5237,27819,0,0,0,1033,33056,2275,1280,32,1023,10,14,0,1048576,0,0,0,inf,inf,1.16464567,1.07782471,1,0,10,67,2,22,35,9,2112,701,967,967,114,30944,4536,1280,924,815,1023,1023,1023,0,0,1023,0,1,1,4,3,5,8,4,3,2,6,4,3,2,2,0,4,2,3,3,2,1,2,1,0,0,0,0,0,0,0,0,0,0,0,0,0,0,0,0,0,0,0,0,0,0,0,0,0,0,0,0,0,0,0,0,0,0,0,0,0,0,0,0,0,7,6,6,6,31,5,3,52,23,7
65,1,69,69,1,64,64,0,1,0,68,0,43136,43136,2478,2478,0,5595,37541,0,0,0,1348,43136,2250,1519,32,1023,10,14,0,1048576,0,0,0,inf,1.27872634,1.27872634,1.17502367,1,0,10,69,2,16,26,26,2176,525,1280,1280,146,40960,5070,1519,935,638,1023,1023,1023,768,0,1023,8,5,6,5,2,1,9,2,4,1,4,3,2,1,2,5,1,1,1,1,2,0,1,0,0,0,1,0,0,0,0,0,0,0,0,0,0,0,0,0,0,0,0,0,0,0,0,0,0,0,0,0,0,0,0,0,0,0,0,0,0,0,0,0,0,14,8,37,36,33,9,37,34,13,22
66,1,69,69,1,64,64,0,5,0,68,0,39904,39904,2594,2594,0,5150,34754,0,0,0,1247,39904,2174,1361,32,1023,10,14,0,1048576,0,0,0,inf,1.2293247,1.23731077,1.04258394,1,0,10,69,2,15,28,25,2176,532,1179,1179,118,37728,4618,1361,807,719,1023,1023,1023,0,0,1023,6,4,1,7,7,5,1,4,6,2,4,3,3,3,3,3,2,0,0,0,1,1,2,0,0,0,0,0,0,0,0,0,0,0,0,0,0,0,0,0,0,0,0,0,0,0,0,0,0,0,0,0,0,0,0,0,0,0,0,0,0,0,0,0,0,12,11,11,11,16,14,11,11,18,12
67,1,66,69,3,64,64,0,0,0,65,0,2080,2080,949,949,0,1929,151,0,0,0,65,2080,990,980,32,1023,10,14,0,1048576,0,0,0,inf,inf,0.933115542,0.856491208,1,0,10,66,2,65,0,0,2080,1929,0,0,0,0,0,980,0,1023,0,1023,1023,0,0,1023,0,0,0,0,0,0,0,0,0,0,0,0,0,0,0,1,0,1,0,0,0,0,0,1,0,0,0,7,8,4,10,11,22,0,0,0,0,0,0,0,0,0,0,0,0,0,0,0,0,0,0,0,0,0,0,0,0,0,0,0,0,0,0,0,0,7,20,6,3,7,6,16,7,7,7
68,0.800000012,69,69,1,64,64,0,2,0,68,0,23872,23872,1986,1986,0,3106,20766,0,0,0,746,23872,1231,749,32,766,10,14,0,1048576,0,0,0,inf,1.15689945,1.15700912,1.04827809,1,0,10,69,2,38,16,14,2176,914,678,678,56,21696,2192,749,270,766,766,766,766,4,0,766,1,4,4,3,2,3,2,5,2,0,0,2,2,3,2,2,1,3,4,4,4,3,0,3,2,2,0,3,1,0,1,0,0,0,0,0,0,0,0,0,0,0,0,0,0,0,0,0,0,0,0,0,0,0,0,0,0,0,0,0,0,0,0,0,0,4294967295,10,10,12,9,20,8,12,4294967295,9
69,1,66,69,3,64,64,0,0,0,65,0,24160,24160,2010,2010,0,2536,21624,0,0,0,755,24160,1056,525,32,1023,10,14,0,1048576,0,0,0,inf,inf,1.32438433,1.21761024,1,0,10,66,2,34,17,14,2080,914,690,690,17,22080,1622,525,76,991,1023,1023,1023,0,0,1023,2,2,5,3,2,2,4,1,5,1,2,1,1,1,1,3,3,0,0,2,2,3,3,1,2,3,3,2,0,3,2,0,0,0,0,0,0,0,0,0,0,0,0,0,0,0,0,0,0,0,0,0,0,0,0,0,0,0,0,0,0,0,0,0,0,6,1,6,2,6,4,1,5,6,1
70,1,66,69,3,64,64,0,0,0,65,0,27968,27968,2362,2362,0,4716,23252,0,0,0,874,27968,2056,1160,32,1023,10,14,0,1048576,0,0,0,inf,inf,1.23984694,1.11308312,1,0,10,66,2,26,31,8,2080,754,809,809,116,25888,3962,1160,779,1023,1023,1023,1023,128,0,1023,0,2,2,1,3,4,6,5,3,0,4,6,3,2,4,0,2,5,2,0,5,0,2,1,1,2,0,0,0,0,0,0,0,0,0,0,0,0,0,0,0,0,0,0,0,0,0,0,0,0,0,0,0,0,0,0,0,0,0,0,0,0,0,0,0,4,2,4,4,5,2,1,12,11,2
71,1,67,69,3,64,64,0,0,0,66,0,35904,35904,2600,2600,0,5385,30519,0,0,0,1122,35904,2354,1278,32,1023,10,14,0,1048576,0,0,0,inf,inf,1.20258868,1.12608337,1,0,10,67,2,17,37,12,2112,625,1056,1056,191,33792,4760,1278,935,495,1023,1023,1023,0,0,1023,1,2,2,2,5,3,9,7,5,2,5,2,4,2,2,1,3,0,2,2,2,0,3,0,0,0,0,0,0,0,0,0,0,0,0,0,0,0,0,0,0,0,0,0,0,0,0,0,0,0,0,0,0,0,0,0,0,0,0,0,0,0,0,0,0,8,2,18,10,2,8,19,25,6,4
72,1,69,69,1,64,64,0,4,0,68,0,40416,40416,2605,2605,0,4887,35529,0,0,0,1263,40416,1938,1102,32,1023,10,14,0,1048576,0,0,0,inf,1.33470225,1.34112871,1.21198201,1,0,10,69,2,14,29,25,2176,557,1195,1195,100,38240,4330,1102,937,991,1023,1023,1023,0,0,1023,6,6,5,5,3,6,5,2,4,3,1,4,4,1,1,1,1,2,1,0,1,1,0,1,1,2,0,0,0,0,0,1,0,0,0,0,0,0,0,0,0,0,0,0,0,0,0,0,0,0,0,0,0,0,0,0,0,0,0,0,0,0,0,0,0,16,15,14,24,25,32,16,14,15,15
73,0.800000012,69,69,1,64,64,0,3,0,68,0,21216,21216,2495,2495,0,4060,17156,0,0,0,663,21216,1602,901,32,735,10,14,0,1048576,0,0,0,inf,1.03362119,1.0352993,0.95699358,1,0,10,69,2,35,23,10,2176,835,595,595,65,19040,3225,901,521,735,735,735,735,24,0,735,1,1,3,3,2,6,2,2,6,2,2,2,1,4,4,5,4,1,2,2,2,4,1,1,1,3,0,0,0,1,0,0,0,0,0,0,0,0,0,0,0,0,0,0,0,0,0,0,0,0,0,0,0,0,0,0,0,0,0,0,0,0,0,0,0,7,9,8,11,10,4294967295,10,10,4294967295,10
74,1,69,69,1,64,64,0,1,0,68,0,28640,28640,2742,2742,0,3768,24872,0,0,0,895,28640,1843,947,32,1023,10,14,0,1048576,0,0,0,inf,1.11057949,1.11057949,1.00122499,1,0,10,69,2,28,29,11,2176,855,827,827,26,26464,2913,947,114,1023,1023,1023,1023,0,0,1023,1,1,5,3,1,5,2,7,3,3,3,3,3,2,3,0,2,0,4,3,0,0,0,2,4,2,2,0,1,0,1,0,2,0,0,0,0,0,0,0,0,0,0,0,0,0,0,0,0,0,0,0,0,0,0,0,0,0,0,0,0,0,0,0,0,10,7,9,11,12,8,15,11,12,10
75,0.899999976,69,69,1,64,64,0,2,0,68,0,12192,12192,1298,1298,0,2175,10017,0,0,0,381,12192,977,855,32,959,10,14,0,1048576,0,0,0,inf,1.29769313,1.29829276,1.20733249,1,0,10,69,2,56,4,8,2176,1462,313,313,4,10016,713,855,25,959,53,959,959,0,0,959,1,2,0,1,4,1,0,1,1,0,0,0,1,0,2,2,0,1,2,4,1,6,3,1,2,2,2,5,1,6,4,4,8,0,0,0,0,0,0,0,0,0,0,0,0,0,0,0,0,0,0,0,0,0,0,0,0,0,0,0,0,0,0,0,0,7,7,12,15,14,8,4294967295,7,12,6
76,1,69,69,1,64,64,0,3,0,68,0,9408,9408,1168,1168,0,2064,7344,0,0,0,294,9408,992,892,32,1023,10,14,0,1048576,0,0,0,inf,1.24690497,1.24892569,1.15300941,1,0,10,69,2,59,3,6,2176,1596,226,226,4,7232,468,892,13,1023,985,1023,1023,1,0,1023,1,1,0,1,3,0,0,0,1,0,0,1,1,0,1,2,0,1,1,2,2,5,2,1,2,5,3,3,1,5,8,5,10,0,0,0,0,0,0,0,0,0,0,0,0,0,0,0,0,0,0,0,0,0,0,0,0,0,0,0,0,0,0,0,0,17,18,27,18,9,8,7,11,11,9
77,0.899999976,66,69,3,64,64,0,0,0,65,0,33536,33536,2850,2850,0,4334,29202,0,0,0,1048,33536,1785,968,32,959,10,14,0,1048576,0,0,0,inf,inf,1.20935416,1.14979315,1,0,10,66,2,20,28,17,2080,697,983,983,54,31456,3637,968,413,927,959,959,959,8,0,959,0,7,1,4,5,3,5,5,1,2,2,5,5,0,2,0,0,4,1,2,4,1,1,0,0,1,0,2,0,1,0,0,1,0,0,0,0,0,0,0,0,0,0,0,0,0,0,0,0,0,0,0,0,0,0,0,0,0,0,0,0,0,0,0,0,6,8,10,6,18,53,4294967295,8,3,15
78,1,69,69,2,64,64,0,0,0,68,0,14304,14304,2125,2125,0,3382,10922,0,0,0,447,14304,1295,838,32,1023,10,14,0,1048576,0,0,0,inf,inf,1.02897382,0.951816499,1,0,10,69,2,48,15,5,2176,1105,379,379,43,12128,2277,838,368,1023,1023,1023,1023,513,0,1023,0,1,0,2,2,4,1,2,3,0,2,1,2,4,5,3,2,1,3,1,3,6,3,2,4,7,1,0,2,0,0,1,0,0,0,0,0,0,0,0,0,0,0,0,0,0,0,0,0,0,0,0,0,0,0,0,0,0,0,0,0,0,0,0,0,11,10,16,12,6,5,4,6,5,7
79,1,67,69,3,64,64,0,0,0,66,0,2112,2112,698,698,0,1884,228,0,0,0,66,2112,1196,1186,32,1023,10,14,0,1048576,0,0,0,inf,inf,0.962135673,0.879710913,1,0,10,67,2,66,0,0,2112,1884,0,0,0,0,0,1186,0,1023,0,1023,1023,0,0,1023,0,0,0,0,0,0,0,0,0,0,0,0,0,1,0,1,3,1,1,0,0,0,1,1,0,0,1,6,1,6,11,16,16,0,0,0,0,0,0,0,0,0,0,0,0,0,0,0,0,0,0,0,0,0,0,0,0,0,0,0,0,0,0,0,0,3,16,46,2,16,4,5,14,16,10
80,0.899999976,66,69,3,64,64,0,0,0,65,0,20352,20352,1715,1715,0,2508,17844,0,0,0,636,20352,1165,671,32,511,10,14,0,1048576,0,0,0,inf,inf,1.30119729,1.19465232,1,0,10,66,2,40,16,9,2080,1022,571,571,21,18272,1486,671,110,511,511,511,511,0,0,511,3,3,1,2,0,4,1,2,3,1,1,2,2,2,0,3,4,1,0,2,0,4,5,2,2,3,5,2,3,0,1,1,0,0,0,0,0,0,0,0,0,0,0,0,0,0,0,0,0,0,0,0,0,0,0,0,0,0,0,0,0,0,0,0,0,6,6,1,2,28,2,2,4,10,4294967295
81,1,66,69,3,64,64,0,0,0,65,0,17344,17344,1726,1726,0,2628,14716,0,0,0,542,17344,978,614,32,1023,10,14,0,1048576,0,0,0,inf,inf,1.16655946,1.06279111,1,0,10,66,2,46,12,7,2080,1106,477,477,30,15264,1522,614,204,1022,927,1023,1023,0,0,1023,1,5,0,1,0,3,2,3,2,0,0,1,1,1,2,2,1,3,3,4,3,1,2,3,5,6,2,3,3,0,1,0,1,0,0,0,0,0,0,0,0,0,0,0,0,0,0,0,0,0,0,0,0,0,0,0,0,0,0,0,0,0,0,0,0,15,5,2,3,5,3,4,2,12,9
82,0.899999976,67,69,3,64,64,0,0,0,66,0,28672,28672,2769,2769,0,4897,23775,0,0,0,896,28672,2127,1143,32,767,10,14,0,1048576,0,0,0,inf,inf,1.1731391,1.07184303,1,0,10,67,2,27,33,6,2112,761,830,830,95,26560,4136,1143,654,767,767,767,767,0,0,767,0,1,1,1,3,5,5,7,3,3,3,4,3,2,3,2,2,4,4,3,3,0,3,0,0,1,0,0,0,0,0,0,0,0,0,0,0,0,0,0,0,0,0,0,0,0,0,0,0,0,0,0,0,0,0,0,0,0,0,0,0,0,0,0,0,5,5,11,5,6,6,5,20,4294967295,6
83,1,67,69,3,64,64,0,0,0,66,0,29952,29952,3199,3199,0,5675,24277,0,0,0,936,29952,2094,1102,32,1023,10,14,0,1048576,0,0,0,inf,inf,1.11321735,1.02045989,1,0,10,67,2,22,34,10,2112,732,870,870,138,27840,4943,1102,801,824,1023,1023,1023,32,0,1023,2,0,1,3,4,0,4,4,5,8,5,3,5,1,3,2,1,2,6,2,0,1,0,2,1,0,1,0,0,0,0,0,0,0,0,0,0,0,0,0,0,0,0,0,0,0,0,0,0,0,0,0,0,0,0,0,0,0,0,0,0,0,0,0,0,21,8,21,4,4,3,11,25,4,8
84,1,69,69,1,64,64,0,1,0,68,0,38688,38688,2866,2866,0,5856,32832,0,0,0,1209,38688,2392,1492,32,1023,10,14,0,1048576,0,0,0,inf,1.07474256,1.19525957,1.04866409,1,0,10,69,2,17,31,20,2176,596,1141,1141,142,36512,5260,1492,843,494,1023,1023,1023,0,0,1023,2,6,5,6,1,1,6,5,4,4,5,4,2,2,0,5,1,1,3,1,1,1,0,1,0,1,0,0,0,0,0,0,0,0,0,0,0,0,0,0,0,0,0,0,0,0,0,0,0,0,0,0,0,0,0,0,0,0,0,0,0,0,0,0,0,24,7,5,9,6,8,8,11,7,35
85,1,67,69,3,64,64,0,0,0,66,0,2880,2880,590,590,0,2138,742,0,0,0,90,2880,1475,1435,32,1023,10,14,0,1048576,0,0,0,inf,inf,0.967899919,0.87482363,1,0,10,67,2,65,1,0,2112,1977,24,24,16,768,161,1435,63,1023,32,1023,1023,0,0,1023,0,0,0,0,0,0,0,0,1,0,0,0,0,1,0,0,0,0,0,0,0,0,0,0,0,0,2,4,4,5,7,15,27,0,0,0,0,0,0,0,0,0,0,0,0,0,0,0,0,0,0,0,0,0,0,0,0,0,0,0,0,0,0,0,0,7,8,17,8,27,30,2,9,58,50
86,1,66,69,3,64,64,0,0,0,65,0,19520,19520,1752,1752,0,2334,17186,0,0,0,610,19520,1086,555,32,1023,10,14,0,1048576,0,0,0,inf,inf,1.35371625,1.1597352,1,0,10,66,2,39,17,9,2080,991,545,545,2,17440,1343,555,111,1023,1023,1023,1023,0,0,1023,5,1,1,2,0,3,1,2,3,2,1,2,3,2,1,4,5,1,0,1,1,5,3,2,0,2,3,3,2,2,1,1,0,0,0,0,0,0,0,0,0,0,0,0,0,0,0,0,0,0,0,0,0,0,0,0,0,0,0,0,0,0,0,0,0,3,3,4,2,4,2,4,3,2,3
87,1,68,69,3,64,64,0,0,0,67,0,40992,40992,2836,2836,0,5450,35542,0,0,0,1281,40992,2106,1414,32,1023,10,14,0,1048576,0,0,0,inf,inf,1.13078296,1.02923846,1,0,10,68,2,16,24,27,2144,512,1214,1214,132,38848,4938,1414,666,913,1023,1023,1023,781,0,1023,6,7,5,7,2,3,3,6,3,1,3,2,3,3,1,3,2,3,0,0,1,1,0,1,0,1,0,0,0,0,0,0,0,0,0,0,0,0,0,0,0,0,0,0,0,0,0,0,0,0,0,0,0,0,0,0,0,0,0,0,0,0,0,0,0,12,19,15,50,3,42,18,22,18,55
88,1,68,69,3,64,64,0,0,0,67,0,24224,24224,1895,1895,0,4390,19834,0,0,0,757,24224,1906,1305,32,1023,10,14,0,1048576,0,0,0,inf,inf,1.10778821,1.0248152,1,0,10,68,2,36,21,10,2144,912,690,690,110,22080,3478,1305,688,1015,447,1023,1023,12,0,1023,3,4,0,2,1,4,2,2,2,3,2,2,4,5,2,2,2,1,1,1,3,6,4,1,2,3,0,0,1,0,0,2,0,0,0,0,0,0,0,0,0,0,0,0,0,0,0,0,0,0,0,0,0,0,0,0,0,0,0,0,0,0,0,0,0,25,10,7,18,10,17,38,11,6,36
89,0.899999976,67,69,3,64,64,0,0,0,66,0,32480,32480,2795,2795,0,4910,27570,0,0,0,1015,32480,2243,1180,32,511,10,14,0,1048576,0,0,0,inf,inf,1.18468523,1.07708216,1,0,10,67,2,22,36,8,2112,705,949,949,68,30368,4205,1180,528,479,511,511,511,0,0,511,0,3,0,3,2,6,5,7,4,3,4,5,2,1,2,1,2,6,2,1,4,0,1,0,0,1,1,0,0,0,0,0,0,0,0,0,0,0,0,0,0,0,0,0,0,0,0,0,0,0,0,0,0,0,0,0,0,0,0,0,0,0,0,0,0,5,4,5,8,8,2,7,2,9,4294967295
90,1,68,69,3,64,64,0,0,0,67,0,27776,27776,2389,2389,0,4306,23470,0,0,0,868,27776,1944,1053,32,1023,10,14,0,1048576,0,0,0,inf,inf,1.1451509,1.04859579,1,0,10,68,2,30,30,7,2144,791,801,801,98,25632,3515,1053,528,511,1023,1023,1023,4,0,1023,0,1,2,3,1,5,5,4,4,2,2,6,2,3,5,1,3,5,3,1,4,0,2,1,1,0,0,0,0,1,0,0,0,0,0,0,0,0,0,0,0,0,0,0,0,0,0,0,0,0,0,0,0,0,0,0,0,0,0,0,0,0,0,0,0,4,4,28,2,5,5,3,4,2,5
91,0.899999976,68,69,3,64,64,0,0,0,67,0,6944,6944,1108,1108,0,1989,4955,0,0,0,217,6944,849,785,32,1019,10,14,0,1048576,0,0,0,inf,inf,1.3470459,1.25595367,1,0,10,68,2,61,2,4,2144,1521,150,150,12,4800,468,785,59,1019,488,1019,1019,128,0,1019,0,0,0,1,3,0,0,0,0,1,0,0,1,3,2,2,0,1,1,4,2,5,4,1,3,6,2,3,1,6,5,6,4,0,0,0,0,0,0,0,0,0,0,0,0,0,0,0,0,0,0,0,0,0,0,0,0,0,0,0,0,0,0,0,0,7,11,4294967295,6,7,12,9,29,7,6
92,0.899999976,66,69,3,64,64,0,0,0,65,0,9088,9088,1238,1238,0,2056,7032,0,0,0,284,9088,896,745,32,767,10,14,0,1048576,0,0,0,inf,inf,1.24760246,1.16607738,1,0,10,66,2,56,5,4,2080,1452,219,219,8,7008,604,745,59,703,221,767,767,0,0,767,1,1,0,0,2,2,0,1,0,1,0,0,1,1,3,2,0,1,2,1,1,3,5,1,5,2,2,3,1,6,6,5,6,0,0,0,0,0,0,0,0,0,0,0,0,0,0,0,0,0,0,0,0,0,0,0,0,0,0,0,0,0,0,0,0,5,6,2,3,7,2,6,33,4294967295,2
93,1,66,69,3,64,64,0,0,0,65,0,28896,28896,2550,2550,0,5133,23763,0,0,0,903,28896,2329,1257,32,1023,10,14,0,1048576,0,0,0,inf,inf,1.18722248,1.10046208,1,0,10,66,2,24,37,4,2080,742,838,838,114,26816,4391,1257,832,991,1023,1023,1023,0,0,1023,0,1,1,1,1,5,5,8,1,2,7,7,2,4,2,1,3,3,2,2,3,0,1,1,0,1,1,0,0,0,0,0,0,0,0,0,0,0,0,0,0,0,0,0,0,0,0,0,0,0,0,0,0,0,0,0,0,0,0,0,0,0,0,0,0,4,3,13,13,3,16,45,14,3,2
94,1,68,69,3,64,64,0,0,0,67,0,2144,2144,844,844,0,2036,108,0,0,0,67,2144,1202,1192,32,1023,10,14,0,1048576,0,0,0,inf,inf,1.00271511,0.913882971,1,0,10,68,2,67,0,0,2144,2036,0,0,0,0,0,1192,0,1023,0,1023,1023,0,0,1023,0,0,0,0,0,0,0,0,0,0,0,0,0,0,0,0,0,1,0,0,0,0,1,0,1,0,0,5,2,3,8,17,29,0,0,0,0,0,0,0,0,0,0,0,0,0,0,0,0,0,0,0,0,0,0,0,0,0,0,0,0,0,0,0,0,8,5,5,6,4,26,8,4,7,19
95,1,67,69,3,64,64,0,0,0,66,0,22912,22912,1987,1987,0,4667,18245,0,0,0,716,22912,2051,1252,32,1023,10,14,0,1048576,0,0,0,inf,inf,1.08709538,0.944823921,1,0,10,67,2,34,28,4,2112,906,650,650,126,20800,3761,1252,964,639,1023,1023,1023,0,0,1023,0,0,1,3,0,4,6,6,0,1,2,5,4,5,4,3,2,2,3,1,2,0,2,0,1,0,1,2,3,2,1,0,0,0,0,0,0,0,0,0,0,0,0,0,0,0,0,0,0,0,0,0,0,0,0,0,0,0,0,0,0,0,0,0,0,3,4,3,4,6,4,5,2,5,10
96,1,66,69,3,64,64,0,0,0,65,0,21632,21632,1789,1789,0,2334,19298,0,0,0,676,21632,1108,576,32,1023,10,14,0,1048576,0,0,0,inf,inf,1.32715344,1.20620203,1,0,10,66,2,37,17,11,2080,924,611,611,15,19552,1410,576,59,1023,1023,1023,1023,0,0,1023,4,4,1,2,0,5,0,2,3,1,2,2,2,2,0,4,4,2,0,2,1,6,4,2,1,1,2,1,3,1,0,1,0,0,0,0,0,0,0,0,0,0,0,0,0,0,0,0,0,0,0,0,0,0,0,0,0,0,0,0,0,0,0,0,0,3,2,2,3,1,3,3,7,21,2
97,1,68,69,3,64,64,0,0,0,67,0,20288,20288,2359,2359,0,4230,16058,0,0,0,634,20288,1688,1043,32,1023,10,14,0,1048576,0,0,0,inf,inf,1.10965049,1.03164136,1,0,10,68,2,37,22,8,2144,940,567,567,74,18144,3290,1043,573,1023,1023,1023,1023,512,0,1023,0,1,2,2,3,5,3,2,4,0,3,2,3,4,3,1,4,0,2,2,2,5,4,1,3,2,0,0,3,0,0,1,0,0,0,0,0,0,0,0,0,0,0,0,0,0,0,0,0,0,0,0,0,0,0,0,0,0,0,0,0,0,0,0,0,8,14,59,7,5,58,7,8,7,9
98,0.899999976,67,69,3,64,64,0,0,0,66,0,38176,38176,3134,3134,0,6043,32133,0,0,0,1193,38176,2464,1455,32,1021,10,14,0,1048576,0,0,0,inf,inf,1.24170148,1.15429938,1,0,10,67,2,13,35,18,2112,539,1127,1127,146,36064,5504,1455,836,509,1021,1021,1021,128,0,1021,4,2,5,3,4,3,3,10,2,2,7,2,6,2,3,2,2,2,1,1,0,0,0,0,0,0,0,0,0,0,0,0,0,0,0,0,0,0,0,0,0,0,0,0,0,0,0,0,0,0,0,0,0,0,0,0,0,0,0,0,0,0,0,0,0,15,4294967295,2,2,4,16,16,21,5,5
99,1,66,69,3,64,64,0,0,0,65,0,7776,7776,1209,1209,0,1922,5854,0,0,0,243,7776,767,678,32,1023,10,14,0,1048576,0,0,0,inf,inf,1.28578389,1.1924144,1,0,10,66,2,58,3,4,2080,1509,178,178,4,5696,413,678,30,766,333,1023,1023,0,0,1023,1,1,0,0,2,0,0,0,1,0,1,0,1,2,2,1,1,1,1,2,1,4,5,1,3,5,1,2,1,4,6,6,9,0,0,0,0,0,0,0,0,0,0,0,0,0,0,0,0,0,0,0,0,0,0,0,0,0,0,0,0,0,0,0,0,18,2,6,3,5,41,5,5,19,3
100,0.800000012,69,69,2,64,64,0,0,0,68,0,5984,5984,989,989,0,2040,3944,0,0,0,187,5984,976,888,32,1023,10,14,0,1048576,0,0,0,inf,inf,1.33121014,1.23652458,1,0,10,69,2,63,3,2,2176,1652,119,119,20,3808,388,888,103,943,208,943,943,80,0,943,0,0,0,0,2,0,0,0,0,1,0,0,2,2,3,1,0,1,1,1,2,5,4,1,3,3,2,5,1,7,6,7,8,0,0,0,0,0,0,0,0,0,0,0,0,0,0,0,0,0,0,0,0,0,0,0,0,0,0,0,0,0,0,0,0,4,65,11,10,4294967295,8,4294967295,7,15,11
101,1,67,69,3,64,64,0,0,0,66,0,17888,17888,1330,1330,0,2610,15278,0,0,0,559,17888,1222,883,32,1023,10,14,0,1048576,0,0,0,inf,inf,1.36424398,1.27535105,1,0,10,67,2,46,12,8,2112,1136,493,493,61,15776,1474,883,267,1023,1023,1023,1023,0,0,1023,1,1,4,1,1,4,1,1,0,1,2,0,3,3,3,2,3,1,2,2,2,2,3,1,3,2,5,3,2,3,0,3,1,0,0,0,0,0,0,0,0,0,0,0,0,0,0,0,0,0,0,0,0,0,0,0,0,0,0,0,0,0,0,0,0,4,36,4,38,38,36,36,38,5,38
102,0.899999976,69,69,1,64,64,0,1,0,68,0,39872,39872,2584,2584,0,5707,34165,0,0,0,1246,39872,2364,1515,32,1007,10,14,0,1048576,0,0,0,inf,1.16508102,1.16508102,1.0913322,1,0,10,69,2,16,31,21,2176,575,1178,1178,166,37696,5132,1515,1019,779,1007,1007,1007,64,0,1007,3,6,5,5,2,2,5,5,6,2,5,3,3,2,3,2,3,1,1,0,0,1,0,1,0,1,1,0,0,0,0,0,0,0,0,0,0,0,0,0,0,0,0,0,0,0,0,0,0,0,0,0,0,0,0,0,0,0,0,0,0,0,0,0,0,10,43,33,12,4294967295,11,63,25,9,13
103,1,67,69,3,64,64,0,0,0,66,0,17152,17152,1715,1715,0,2422,14730,0,0,0,536,17152,1219,631,32,1023,10,14,0,1048576,0,0,0,inf,inf,1.23617125,1.06949103,1,0,10,67,2,42,19,5,2112,1065,470,470,9,15040,1357,631,93,1023,1023,1023,1023,0,0,1023,2,1,1,1,0,3,1,3,3,3,1,3,2,2,1,4,5,1,1,2,1,5,4,2,0,2,2,2,4,2,1,1,0,0,0,0,0,0,0,0,0,0,0,0,0,0,0,0,0,0,0,0,0,0,0,0,0,0,0,0,0,0,0,0,0,3,3,4,4,2,4,2,2,3,3
104,1,67,69,3,64,64,0,0,0,66,0,19296,19296,2007,2007,0,3568,15728,0,0,0,603,19296,1545,933,32,1023,10,14,0,1048576,0,0,0,inf,inf,1.09867001,0.978216887,1,0,10,67,2,40,21,5,2112,1056,537,537,54,17184,2512,933,407,1023,1023,1023,1023,0,0,1023,0,4,0,0,1,1,5,2,3,0,3,2,5,3,3,2,1,2,3,3,3,0,1,2,3,3,1,4,1,1,1,1,2,0,0,0,0,0,0,0,0,0,0,0,0,0,0,0,0,0,0,0,0,0,0,0,0,0,0,0,0,0,0,0,0,7,3,6,5,15,13,14,6,7,8
105,1,68,69,3,64,64,0,0,0,67,0,2144,2144,856,856,0,1931,213,0,0,0,67,2144,1085,1075,32,1023,10,14,0,1048576,0,0,0,inf,inf,0.916017056,0.811252356,1,0,10,68,2,67,0,0,2144,1931,0,0,0,0,0,1075,0,1023,0,1023,1023,0,0,1023,0,0,0,0,0,0,0,0,0,0,0,0,0,0,0,1,0,1,0,0,2,1,1,1,1,1,4,4,3,5,11,19,12,0,0,0,0,0,0,0,0,0,0,0,0,0,0,0,0,0,0,0,0,0,0,0,0,0,0,0,0,0,0,0,0,8,6,25,6,22,8,18,24,8,23
106,0.899999976,69,69,2,64,64,0,0,0,68,0,9088,9088,1077,1077,0,2072,7016,0,0,0,284,9088,985,922,32,991,10,14,0,1048576,0,0,0,inf,inf,1.2595067,1.16547072,1,0,10,69,2,60,2,6,2176,1538,216,216,12,6912,534,922,37,991,323,991,991,0,0,991,1,1,0,0,4,1,0,0,0,0,0,0,1,3,1,1,1,1,2,2,1,4,5,1,2,4,2,3,4,7,5,6,5,0,0,0,0,0,0,0,0,0,0,0,0,0,0,0,0,0,0,0,0,0,0,0,0,0,0,0,0,0,0,0,0,8,12,11,12,9,4294967295,9,9,10,19
107,1,66,69,3,64,64,0,0,0,65,0,46336,46336,3262,3262,0,3746,42590,0,0,0,1448,46336,1364,584,32,1023,10,14,0,1048576,0,0,0,inf,inf,1.28919244,1.15444291,1,0,10,66,2,4,25,36,2080,312,1383,1383,40,44256,3434,584,98,985,1023,1023,1023,164,0,1023,8,9,7,8,4,6,4,6,1,2,4,2,0,1,0,1,0,1,0,0,1,0,0,0,0,0,0,0,0,0,0,0,0,0,0,0,0,0,0,0,0,0,0,0,0,0,0,0,0,0,0,0,0,0,0,0,0,0,0,0,0,0,0,0,0,7,6,11,5,13,18,6,6,12,3
108,1,67,69,3,64,64,0,0,0,66,0,2112,2112,836,836,0,2037,75,0,0,0,66,2112,1211,1201,32,1023,10,14,0,1048576,0,0,0,inf,inf,1.03870797,0.91498816,1,0,10,67,2,66,0,0,2112,2037,0,0,0,0,0,1201,0,1023,0,1023,1023,0,0,1023,0,0,0,0,0,0,0,0,0,0,0,0,0,0,0,0,0,0,0,0,0,0,0,0,0,0,0,2,3,6,7,21,27,0,0,0,0,0,0,0,0,0,0,0,0,0,0,0,0,0,0,0,0,0,0,0,0,0,0,0,0,0,0,0,0,3,4,4,14,8,18,4,6,6,19
109,0.800000012,67,69,3,64,64,0,0,0,66,0,7808,7808,1135,1135,0,2004,5804,0,0,0,244,7808,926,798,32,887,10,14,0,1048576,0,0,0,inf,inf,1.25679302,1.18844461,1,0,10,67,2,59,4,3,2112,1590,178,178,4,5696,414,798,46,887,274,887,887,0,0,887,1,0,0,0,2,1,0,0,0,1,1,1,0,0,3,1,1,1,1,1,1,3,3,3,2,2,2,5,3,4,6,7,10,0,0,0,0,0,0,0,0,0,0,0,0,0,0,0,0,0,0,0,0,0,0,0,0,0,0,0,0,0,0,0,0,3,2,2,4294967295,4,30,3,4294967295,6,3
110,1,66,69,3,64,64,0,0,0,65,0,2080,2080,671,671,0,1867,213,0,0,0,65,2080,1206,1196,32,1023,10,14,0,1048576,0,0,0,inf,inf,0.935395479,0.840602934,1,0,10,66,2,65,0,0,2080,1867,0,0,0,0,0,1196,0,1023,0,1023,1023,0,0,1023,0,0,0,0,0,0,0,0,0,0,0,0,0,0,0,0,2,1,1,0,1,1,0,0,2,2,2,5,3,7,5,19,14,0,0,0,0,0,0,0,0,0,0,0,0,0,0,0,0,0,0,0,0,0,0,0,0,0,0,0,0,0,0,0,0,8,7,6,9,19,8,7,15,8,14
111,1,66,69,3,64,64,0,0,0,65,0,22240,22240,1919,1919,0,2875,19365,0,0,0,695,22240,1310,797,32,1023,10,14,0,1048576,0,0,0,inf,inf,1.18457603,1.04827607,1,0,10,66,2,38,17,10,2080,971,630,630,13,20160,1904,797,171,746,1023,1023,1023,0,0,1023,0,5,2,1,2,6,2,3,1,2,0,3,0,0,2,3,2,2,2,3,5,2,2,1,0,2,3,3,1,2,1,1,1,0,0,0,0,0,0,0,0,0,0,0,0,0,0,0,0,0,0,0,0,0,0,0,0,0,0,0,0,0,0,0,0,8,27,28,3,7,7,9,9,28,28
112,1,66,69,3,64,64,0,0,0,65,0,47840,47840,3182,3182,0,3584,44256,0,0,0,1495,47840,1238,579,32,1023,10,14,0,1048576,0,0,0,inf,inf,1.3473978,1.15126324,1,0,10,66,2,4,21,40,2080,288,1430,1430,24,45760,3296,579,49,494,1023,1023,1023,0,0,1023,9,11,8,7,5,4,3,4,1,5,1,2,1,1,1,2,0,0,0,0,0,0,0,0,0,0,0,0,0,0,0,0,0,0,0,0,0,0,0,0,0,0,0,0,0,0,0,0,0,0,0,0,0,0,0,0,0,0,0,0,0,0,0,0,0,5,3,1,11,6,8,8,9,2,17
113,1,69,69,2,64,64,0,0,0,68,0,2176,2176,955,955,0,2126,50,0,0,0,68,2176,1181,1171,32,1023,10,14,0,1048576,0,0,0,inf,inf,0.87041086,0.794949889,1,0,10,69,2,68,0,0,2176,2126,0,0,0,0,0,1171,0,1023,0,1023,1023,0,0,1023,0,0,0,0,0,0,0,0,0,0,0,0,0,0,0,0,0,0,0,0,0,0,0,0,0,0,0,1,3,3,3,18,40,0,0,0,0,0,0,0,0,0,0,0,0,0,0,0,0,0,0,0,0,0,0,0,0,0,0,0,0,0,0,0,0,8,7,7,7,9,6,19,12,35,16
114,0.899999976,67,69,3,64,64,0,0,0,66,0,2112,2112,709,709,0,1961,151,0,0,0,66,2112,1262,1252,32,959,10,14,0,1048576,0,0,0,inf,inf,0.936410189,0.848522961,1,0,10,67,2,66,0,0,2112,1961,0,0,0,0,0,1252,0,959,0,959,959,0,0,959,0,0,0,0,0,0,0,0,0,0,0,0,0,0,0,0,1,0,0,0,0,1,0,1,3,2,2,4,0,5,9,12,26,0,0,0,0,0,0,0,0,0,0,0,0,0,0,0,0,0,0,0,0,0,0,0,0,0,0,0,0,0,0,0,0,9,11,22,3,5,3,4294967295,9,11,8
115,1,68,69,3,64,64,0,0,0,67,0,6944,6944,1351,1351,0,2030,4914,0,0,0,217,6944,861,664,32,1023,10,14,0,1048576,0,0,0,inf,inf,1.27760935,1.1575613,1,0,10,68,2,60,6,1,2144,1514,150,150,5,4800,516,664,14,1023,593,1023,1023,0,0,1023,0,0,0,0,1,0,1,1,0,1,0,1,2,1,1,3,2,1,3,1,2,3,1,5,5,3,5,3,5,10,4,1,1,0,0,0,0,0,0,0,0,0,0,0,0,0,0,0,0,0,0,0,0,0,0,0,0,0,0,0,0,0,0,0,0,6,7,5,7,7,5,13,4,6,9
116,1,69,69,2,64,64,0,0,0,68,0,2176,2176,1100,1100,0,2132,44,0,0,0,68,2176,1042,1032,32,1023,10,14,0,1048576,0,0,0,inf,inf,0.947195232,0.81099844,1,0,10,69,2,68,0,0,2176,2132,0,0,0,0,0,1032,0,1023,0,1023,1023,0,0,1023,0,0,0,0,0,0,0,0,0,0,0,0,0,0,0,0,0,0,0,0,0,0,0,0,0,0,0,1,1,5,4,12,45,0,0,0,0,0,0,0,0,0,0,0,0,0,0,0,0,0,0,0,0,0,0,0,0,0,0,0,0,0,0,0,0,7,6,8,6,7,7,8,5,6,7
117,1,66,69,3,64,64,0,0,0,65,0,42400,42400,3936,3936,0,7017,35383,0,0,0,1325,42400,2699,1528,32,1023,10,14,0,1048576,0,0,0,inf,inf,1.19158661,1.09259892,1,0,10,66,2,6,40,19,2080,466,1260,1260,144,40320,6551,1528,876,1023,1023,1023,1023,0,0,1023,1,2,2,7,7,7,11,5,5,6,2,3,1,0,1,1,0,1,0,0,0,1,1,0,0,0,0,1,0,0,0,0,0,0,0,0,0,0,0,0,0,0,0,0,0,0,0,0,0,0,0,0,0,0,0,0,0,0,0,0,0,0,0,0,0,7,6,5,4,6,9,2,10,8,3
118,1,66,69,3,64,64,0,0,0,65,0,36064,36064,3441,3441,0,6081,29983,0,0,0,1127,36064,2414,1467,32,1023,10,14,0,1048576,0,0,0,inf,inf,1.07887006,0.973993659,1,0,10,66,2,15,32,18,2080,554,1062,1062,147,33984,5527,1467,658,511,1023,1023,1023,96,0,1023,2,1,3,5,7,6,9,2,4,4,3,3,1,2,1,3,2,3,0,0,0,1,1,0,0,1,0,1,0,0,0,0,0,0,0,0,0,0,0,0,0,0,0,0,0,0,0,0,0,0,0,0,0,0,0,0,0,0,0,0,0,0,0,0,0,10,9,2,2,3,12,9,10,11,9
119,1,65,69,3,64,64,0,0,0,64,0,30976,30976,2483,2483,0,3834,27142,0,0,0,968,30976,1502,864,32,1023,10,14,0,1048576,0,0,0,inf,inf,1.20022297,1.09833419,1,0,10,65,2,26,22,16,2048,613,904,904,54,28928,3221,864,261,729,1023,1023,1023,256,0,1023,2,6,1,3,4,1,6,4,4,1,2,3,1,6,3,6,3,2,4,1,0,0,1,0,0,0,0,0,0,0,0,0,0,0,0,0,0,0,0,0,0,0,0,0,0,0,0,0,0,0,0,0,0,0,0,0,0,0,0,0,0,0,0,0,0,4,4,3,4,5,9,7,20,47,12
120,1,69,69,2,64,64,0,0,0,68,0,2176,2176,740,740,0,2043,133,0,0,0,68,2176,1313,1303,32,1023,10,14,0,1048576,0,0,0,inf,inf,0.967532039,0.888287663,1,0,10,69,2,68,0,0,2176,2043,0,0,0,0,0,1303,0,1023,0,1023,1023,0,0,1023,0,0,0,0,0,0,0,0,0,0,0,0,0,0,0,0,1,0,0,0,0,0,0,0,1,0,3,4,5,5,10,16,23,0,0,0,0,0,0,0,0,0,0,0,0,0,0,0,0,0,0,0,0,0,0,0,0,0,0,0,0,0,0,0,0,18,25,2,6,5,5,6,3,10,30
121,1,69,69,1,64,64,0,2,0,68,0,22656,22656,1828,1828,0,3297,19359,0,0,0,708,22656,1301,853,32,1023,10,14,0,1048576,0,0,0,inf,1.26858091,1.26906395,1.16594815,1,0,10,69,2,41,15,12,2176,990,640,640,66,20480,2307,853,394,1013,959,1023,1023,512,0,1023,0,5,2,2,3,2,3,4,2,1,1,2,0,1,1,4,2,4,4,3,4,1,2,4,1,3,1,2,2,0,1,0,1,0,0,0,0,0,0,0,0,0,0,0,0,0,0,0,0,0,0,0,0,0,0,0,0,0,0,0,0,0,0,0,0,11,7,7,7,7,7,11,8,7,30
122,1,67,69,3,64,64,0,0,0,66,0,35552,35552,2385,2385,0,3758,31794,0,0,0,1111,35552,1886,1146,32,1023,10,14,0,1048576,0,0,0,inf,inf,1.43636584,1.27132273,1,0,10,67,2,18,25,23,2112,590,1045,1045,26,33440,3168,1146,255,255,1023,1023,1023,0,0,1023,7,4,4,5,3,6,3,3,1,1,2,4,5,0,2,2,1,2,2,1,3,0,0,3,1,1,0,0,0,0,0,0,0,0,0,0,0,0,0,0,0,0,0,0,0,0,0,0,0,0,0,0,0,0,0,0,0,0,0,0,0,0,0,0,0,2,3,3,4,3,10,3,5,11,6
123,1,66,69,3,64,64,0,0,0,65,0,26400,26400,2382,2382,0,4547,21853,0,0,0,825,26400,1859,1028,32,1023,10,14,0,1048576,0,0,0,inf,inf,1.13404834,1.0050168,1,0,10,66,2,29,28,8,2080,763,760,760,93,24320,3784,1028,765,1023,1023,1023,1023,192,0,1023,1,1,2,1,3,4,6,6,2,1,2,6,1,5,2,1,2,4,3,2,3,2,1,1,1,1,1,0,0,0,0,0,0,0,0,0,0,0,0,0,0,0,0,0,0,0,0,0,0,0,0,0,0,0,0,0,0,0,0,0,0,0,0,0,0,5,2,28,6,5,6,10,9,2,29
124,1,66,69,3,64,64,0,0,0,65,0,20160,20160,1788,1788,0,2422,17738,0,0,0,630,20160,1092,597,32,1023,10,14,0,1048576,0,0,0,inf,inf,1.32443643,1.19887054,1,0,10,66,2,40,16,9,2080,999,565,565,4,18080,1423,597,75,1022,1023,1023,1023,0,0,1023,4,2,1,2,0,4,1,0,3,1,2,3,2,2,0,3,4,4,1,2,0,6,3,2,1,2,1,3,2,2,1,1,0,0,0,0,0,0,0,0,0,0,0,0,0,0,0,0,0,0,0,0,0,0,0,0,0,0,0,0,0,0,0,0,0,16,18,2,6,3,2,14,3,4,4
125,1,66,69,3,64,64,0,0,0,65,0,22752,22752,1864,1864,0,2575,20177,0,0,0,711,22752,1232,644,32,1023,10,14,0,1048576,0,0,0,inf,inf,1.43880796,1.3084991,1,0,10,66,2,36,19,10,2080,921,646,646,3,20672,1654,644,111,1023,1023,1023,1023,0,0,1023,4,3,1,2,0,5,1,2,3,1,2,3,2,2,0,2,4,2,2,2,2,6,2,2,1,2,1,2,2,0,1,1,0,0,0,0,0,0,0,0,0,0,0,0,0,0,0,0,0,0,0,0,0,0,0,0,0,0,0,0,0,0,0,0,0,6,1,22,4,4,2,2,3,20,2
126,1,68,69,3,64,64,0,0,0,67,0,21408,21408,2232,2232,0,2764,18644,0,0,0,669,21408,1180,544,32,1023,10,14,0,1048576,0,0,0,inf,inf,1.34629714,1.22476017,1,0,10,68,2,38,20,9,2144,895,602,602,7,19264,1869,544,46,1023,1023,1023,1023,0,0,1023,1,2,3,0,3,0,5,2,4,3,1,1,4,4,0,1,6,8,3,5,0,2,3,2,1,1,2,0,0,0,0,0,0,0,0,0,0,0,0,0,0,0,0,0,0,0,0,0,0,0,0,0,0,0,0,0,0,0,0,0,0,0,0,0,0,5,7,7,13,5,5,23,5,5,6
127,1,67,69,3,64,64,0,0,0,66,0,14720,14720,1353,1353,0,2177,12543,0,0,0,460,14720,949,723,32,1023,10,14,0,1048576,0,0,0,inf,inf,1.38163173,1.25930047,1,0,10,67,2,50,8,8,2112,1211,394,394,13,12608,966,723,76,1023,1023,1023,1023,0,0,1023,1,0,2,4,1,1,1,1,0,1,1,0,3,3,3,2,3,1,2,2,2,2,5,1,3,2,5,6,2,2,0,3,1,0,0,0,0,0,0,0,0,0,0,0,0,0,0,0,0,0,0,0,0,0,0,0,0,0,0,0,0,0,0,0,0,5,48,8,7,8,8,8,8,6,9
128,1,66,69,3,64,64,0,0,0,65,0,24608,24608,2151,2151,0,4643,19965,0,0,0,769,24608,2041,1140,32,1023,10,14,0,1048576,0,0,0,inf,inf,1.14331508,1.04232812,1,0,10,66,2,32,31,2,2080,852,704,704,123,22528,3791,1140,779,509,1023,1023,1023,0,0,1023,1,0,1,0,0,3,8,3,2,2,5,4,4,3,3,0,4,2,4,5,3,2,2,1,1,1,1,0,0,0,0,0,0,0,0,0,0,0,0,0,0,0,0,0,0,0,0,0,0,0,0,0,0,0,0,0,0,0,0,0,0,0,0,0,0,6,2,1,10,11,56,34,32,17,54
129,0.899999976,66,69,3,64,64,0,0,0,65,0,35840,35840,1981,1981,0,5580,30260,0,0,0,1120,35840,2210,1453,32,511,10,14,0,1048576,0,0,0,inf,inf,1.21804905,1.13390541,1,0,10,66,2,21,27,17,2080,610,1055,1055,211,33760,4970,1453,1226,284,511,511,511,0,0,511,2,7,3,3,2,2,8,4,4,2,2,2,3,3,2,4,1,2,1,2,0,3,0,2,1,0,0,0,0,0,0,0,0,0,0,0,0,0,0,0,0,0,0,0,0,0,0,0,0,0,0,0,0,0,0,0,0,0,0,0,0,0,0,0,0,8,5,13,20,21,5,9,46,36,4294967295
130,1,68,69,3,64,64,0,0,0,67,0,20512,20512,1916,1916,0,3538,16974,0,0,0,641,20512,1308,949,32,1023,10,14,0,1048576,0,0,0,inf,inf,1.11604714,0.996412456,1,0,10,68,2,41,12,14,2144,965,574,574,78,18368,2573,949,459,1019,1023,1023,1023,0,0,1023,5,5,2,0,2,0,3,2,2,0,1,3,1,1,3,5,0,5,4,1,5,2,2,2,1,2,1,0,0,4,2,1,0,0,0,0,0,0,0,0,0,0,0,0,0,0,0,0,0,0,0,0,0,0,0,0,0,0,0,0,0,0,0,0,0,7,8,16,7,8,10,8,10,10,5
131,1,68,69,3,64,64,0,0,0,67,0,21280,21280,2052,2052,0,2567,18713,0,0,0,665,21280,1137,473,32,1023,10,14,0,1048576,0,0,0,inf,inf,1.30363059,1.1219275,1,0,10,68,2,37,21,9,2144,877,598,598,10,19136,1690,473,86,1023,1023,1023,1023,0,0,1023,2,0,4,0,3,0,5,1,4,4,1,2,4,5,2,2,3,7,3,5,0,2,2,2,1,1,2,0,0,0,0,0,0,0,0,0,0,0,0,0,0,0,0,0,0,0,0,0,0,0,0,0,0,0,0,0,0,0,0,0,0,0,0,0,0,5,6,4,4,7,10,7,5,7,5
132,0.899999976,68,69,3,64,64,0,0,0,67,0,49568,49568,2746,2746,0,5583,43985,0,0,0,1549,49568,1882,1241,32,895,10,14,0,1048576,0,0,0,inf,inf,1.44746923,1.36365283,1,0,10,68,2,9,22,36,2144,351,1482,1482,181,47424,5232,1241,869,838,895,895,895,0,0,895,11,12,6,5,2,4,7,4,1,5,0,0,1,0,2,0,3,0,3,1,0,0,0,0,0,0,0,0,0,0,0,0,0,0,0,0,0,0,0,0,0,0,0,0,0,0,0,0,0,0,0,0,0,0,0,0,0,0,0,0,0,0,0,0,0,49,44,6,48,12,51,7,4294967295,51,23
133,1,66,69,3,64,64,0,0,0,65,0,26176,26176,2309,2309,0,3792,22384,0,0,0,818,26176,1599,944,32,1023,10,14,0,1048576,0,0,0,inf,inf,1.28170896,1.14139318,1,0,10,66,2,30,22,13,2080,823,753,753,63,24096,2969,944,349,445,1023,1023,1023,0,0,1023,0,7,1,3,2,4,2,5,3,1,0,4,3,1,1,3,1,3,3,4,3,1,1,1,0,3,0,1,0,2,1,0,1,0,0,0,0,0,0,0,0,0,0,0,0,0,0,0,0,0,0,0,0,0,0,0,0,0,0,0,0,0,0,0,0,2,4,3,17,3,3,4,3,3,5
134,1,66,69,3,64,64,0,0,0,65,0,27040,27040,2437,2437,0,3551,23489,0,0,0,845,27040,1516,811,32,1023,10,14,0,1048576,0,0,0,inf,inf,1.2203933,1.15032637,1,0,10,66,2,29,24,12,2080,804,780,780,41,24960,2747,811,249,1017,1023,1023,1023,16,0,1023,1,5,1,3,2,4,4,5,1,1,1,4,4,1,2,3,1,4,3,2,3,1,1,0,0,3,0,3,0,1,0,0,1,0,0,0,0,0,0,0,0,0,0,0,0,0,0,0,0,0,0,0,0,0,0,0,0,0,0,0,0,0,0,0,0,3,36,37,6,14,23,2,2,3,4
135,1,66,69,3,64,64,0,0,0,65,0,2080,2080,861,861,0,1960,120,0,0,0,65,2080,1109,1099,32,1023,10,14,0,1048576,0,0,0,inf,inf,0.933854699,0.866463423,1,0,10,66,2,65,0,0,2080,1960,0,0,0,0,0,1099,0,1023,0,1023,1023,0,0,1023,0,0,0,0,0,0,0,0,0,0,0,0,0,0,0,0,0,1,0,0,0,0,0,0,0,0,3,6,2,9,7,8,29,0,0,0,0,0,0,0,0,0,0,0,0,0,0,0,0,0,0,0,0,0,0,0,0,0,0,0,0,0,0,0,0,3,4,3,32,22,4,7,3,3,17
136,1,66,69,3,64,64,0,0,0,65,0,21344,21344,1723,1723,0,2278,19066,0,0,0,667,21344,1121,590,32,1023,10,14,0,1048576,0,0,0,inf,inf,1.40360928,1.25455213,1,0,10,66,2,38,17,10,2080,953,602,602,16,19264,1325,590,39,1023,1023,1023,1023,0,0,1023,3,4,1,2,0,5,2,1,3,1,1,2,2,2,0,3,4,2,1,2,1,6,3,2,1,2,3,1,2,1,1,1,0,0,0,0,0,0,0,0,0,0,0,0,0,0,0,0,0,0,0,0,0,0,0,0,0,0,0,0,0,0,0,0,0,4,1,31,2,5,4,2,3,5,3
137,0.899999976,67,69,3,64,64,0,0,0,66,0,52640,52640,3157,3157,0,4276,48364,0,0,0,1645,52640,1312,893,32,1007,10,14,0,1048576,0,0,0,inf,inf,1.36350608,1.24565649,1,0,10,67,2,2,14,50,2112,201,1579,1579,77,50528,4075,893,284,939,1007,1007,1007,9,0,1007,10,18,11,7,4,5,6,2,0,0,0,0,1,0,0,0,0,0,1,1,0,0,0,0,0,0,0,0,0,0,0,0,0,0,0,0,0,0,0,0,0,0,0,0,0,0,0,0,0,0,0,0,0,0,0,0,0,0,0,0,0,0,0,0,0,7,14,16,30,4294967295,8,14,9,32,10
138,0.899999976,69,69,1,64,64,0,1,0,68,0,23328,23328,1919,1919,0,3691,19637,0,0,0,729,23328,1524,1004,32,511,10,14,0,1048576,0,0,0,inf,1.16213059,1.16213059,1.08275819,1,0,10,69,2,39,18,11,2176,957,661,661,105,21152,2734,1004,444,446,511,511,511,256,0,511,0,4,1,2,4,0,3,5,2,2,1,3,2,4,3,2,3,3,3,3,3,2,1,1,0,5,1,1,3,0,0,0,1,0,0,0,0,0,0,0,0,0,0,0,0,0,0,0,0,0,0,0,0,0,0,0,0,0,0,0,0,0,0,0,0,28,24,9,14,17,9,17,16,17,4294967295
139,1,69,69,1,64,64,0,4,0,68,0,14400,14400,1372,1372,0,2381,12019,0,0,0,450,14400,1182,890,32,1023,10,14,0,1048576,0,0,0,inf,1.31034803,1.31359434,1.1912185,1,0,10,69,2,52,10,6,2176,1317,382,382,24,12224,1064,890,93,1023,510,1023,1023,0,0,1023,1,0,1,4,0,1,2,2,0,1,2,0,2,2,1,3,4,2,1,1,0,1,3,3,5,4,6,3,3,4,1,4,1,0,0,0,0,0,0,0,0,0,0,0,0,0,0,0,0,0,0,0,0,0,0,0,0,0,0,0,0,0,0,0,0,36,33,34,32,34,33,33,33,34,37
140,0.899999976,69,69,1,64,64,0,2,0,68,0,41504,41504,2872,2872,0,6851,34653,0,0,0,1297,41504,2759,1746,32,1023,10,14,0,1048576,0,0,0,inf,1.17974818,1.18037426,1.09804165,1,0,10,69,2,13,36,19,2176,599,1229,1229,258,39328,6252,1746,1315,579,1023,895,895,425,0,895,2,2,5,2,8,2,5,8,4,4,8,2,3,2,1,3,0,1,1,0,0,1,0,1,0,0,1,1,0,0,1,0,0,0,0,0,0,0,0,0,0,0,0,0,0,0,0,0,0,0,0,0,0,0,0,0,0,0,0,0,0,0,0,0,0,15,14,16,28,44,38,27,4294967295,41,17
141,1,68,69,3,64,64,0,0,0,67,0,2144,2144,759,759,0,2031,113,0,0,0,67,2144,1282,1272,32,1023,10,14,0,1048576,0,0,0,inf,inf,0.938006163,0.862931371,1,0,10,68,2,67,0,0,2144,2031,0,0,0,0,0,1272,0,1023,0,1023,1023,0,0,1023,0,0,0,0,0,0,0,0,0,0,0,0,0,0,0,0,1,0,0,0,0,0,0,1,1,2,0,2,1,5,10,17,27,0,0,0,0,0,0,0,0,0,0,0,0,0,0,0,0,0,0,0,0,0,0,0,0,0,0,0,0,0,0,0,0,13,13,6,5,4,13,6,12,11,7
142,1,67,69,3,64,64,0,0,0,66,0,2784,2784,739,739,0,2114,670,0,0,0,87,2784,1222,1190,32,1023,10,14,0,1048576,0,0,0,inf,inf,0.897405148,0.800089598,1,0,10,67,2,65,1,0,2112,1886,21,21,13,672,228,1190,109,1023,9,1023,1023,0,0,1023,0,0,0,0,0,0,0,0,0,0,0,1,0,0,0,1,0,0,1,0,1,2,3,2,0,2,1,1,4,9,7,10,21,0,0,0,0,0,0,0,0,0,0,0,0,0,0,0,0,0,0,0,0,0,0,0,0,0,0,0,0,0,0,0,0,5,14,4,6,3,6,4,12,11,33
143,1,69,69,1,64,64,0,1,0,68,0,2176,2176,934,934,0,2004,172,0,0,0,68,2176,1080,1070,32,1023,10,14,0,1048576,0,0,0,inf,0.884522915,0.884522915,0.785141468,1,0,10,69,2,68,0,0,2176,2004,0,0,0,0,0,1070,0,1023,0,1023,1023,0,0,1023,0,0,0,0,0,0,0,0,0,0,0,0,0,0,1,1,0,0,0,0,1,2,0,1,0,0,0,4,7,4,9,16,22,0,0,0,0,0,0,0,0,0,0,0,0,0,0,0,0,0,0,0,0,0,0,0,0,0,0,0,0,0,0,0,0,7,33,8,17,32,14,6,17,12,6
144,1,69,69,1,64,64,0,1,0,68,0,2176,2176,1042,1042,0,2140,36,0,0,0,68,2176,1108,1098,32,1023,10,14,0,1048576,0,0,0,inf,0.832725644,0.832725644,0.75154531,1,0,10,69,2,68,0,0,2176,2140,0,0,0,0,0,1098,0,1023,0,1023,1023,0,0,1023,0,0,0,0,0,0,0,0,0,0,0,0,0,0,0,0,0,0,0,0,0,0,0,0,0,0,0,1,2,1,2,16,46,0,0,0,0,0,0,0,0,0,0,0,0,0,0,0,0,0,0,0,0,0,0,0,0,0,0,0,0,0,0,0,0,8,9,8,11,18,8,7,8,7,10
145,1,66,69,3,64,64,0,0,0,65,0,30880,30880,2572,2572,0,5230,25650,0,0,0,965,30880,2152,1336,32,1023,10,14,0,1048576,0,0,0,inf,inf,1.09324098,0.996166825,1,0,10,66,2,24,28,13,2080,708,900,900,138,28800,4522,1336,773,495,1023,1023,1023,280,0,1023,2,0,1,8,2,3,3,5,5,6,2,4,0,1,4,2,2,3,0,1,4,3,0,0,2,0,1,0,0,0,1,0,0,0,0,0,0,0,0,0,0,0,0,0,0,0,0,0,0,0,0,0,0,0,0,0,0,0,0,0,0,0,0,0,0,4,4,14,5,11,9,3,15,7,2
146,1,67,69,3,64,64,0,0,0,66,0,9312,9312,1362,1362,0,1942,7370,0,0,0,291,9312,723,593,32,1023,10,14,0,1048576,0,0,0,inf,inf,1.19152987,1.073524,1,0,10,67,2,57,4,5,2112,1446,225,225,2,7200,496,593,1,1023,436,1023,1023,0,0,1023,2,1,0,1,1,0,1,1,0,1,0,0,1,1,0,3,1,2,2,3,1,2,2,3,4,3,3,5,5,12,1,2,2,0,0,0,0,0,0,0,0,0,0,0,0,0,0,0,0,0,0,0,0,0,0,0,0,0,0,0,0,0,0,0,0,4,3,4,10,4,6,3,19,10,7
147,0.899999976,69,69,1,64,64,0,3,0,68,0,20480,20480,1744,1744,0,3382,17098,0,0,0,640,20480,1258,854,32,1022,10,14,0,1048576,0,0,0,inf,1.21157491,1.21455932,1.11189318,1,0,10,69,2,44,14,10,2176,1100,572,572,67,18304,2282,854,462,1002,1014,1022,1022,2,0,1022,0,5,0,2,3,2,3,3,1,0,1,3,1,1,2,2,3,2,3,4,2,2,2,3,2,4,1,4,3,1,2,0,1,0,0,0,0,0,0,0,0,0,0,0,0,0,0,0,0,0,0,0,0,0,0,0,0,0,0,0,0,0,0,0,0,4294967295,41,12,16,25,10,10,12,10,10
148,0.800000012,69,69,2,64,64,0,0,0,68,0,19968,19968,1661,1661,0,3093,16875,0,0,0,624,19968,1607,1110,32,1022,10,14,0,1048576,0,0,0,inf,inf,1.27736485,1.20438111,1,0,10,69,2,43,17,8,2176,1125,556,556,41,17792,1968,1110,200,382,1022,510,510,512,0,510,1,0,2,5,0,2,3,3,2,2,2,0,3,3,0,3,1,2,3,0,2,3,2,3,4,6,2,1,2,1,2,3,0,0,0,0,0,0,0,0,0,0,0,0,0,0,0,0,0,0,0,0,0,0,0,0,0,0,0,0,0,0,0,0,0,4294967295,8,8,14,12,5,6,14,7,4294967295
149,1,66,69,3,64,64,0,0,0,65,0,14592,14592,1558,1558,0,2120,12472,0,0,0,456,14592,1104,629,32,1023,10,14,0,1048576,0,0,0,inf,inf,1.33632684,1.15705431,1,0,10,66,2,45,15,5,2080,1123,391,391,13,12512,997,629,7,1023,1023,1023,1023,0,0,1023,1,1,1,2,0,3,0,2,3,2,1,2,2,2,2,3,4,2,1,1,2,5,3,2,0,3,3,4,3,2,1,1,1,0,0,0,0,0,0,0,0,0,0,0,0,0,0,0,0,0,0,0,0,0,0,0,0,0,0,0,0,0,0,0,0,2,3,3,3,3,5,2,6,4,1
150,1,69,69,1,64,64,0,4,0,68,0,35616,35616,2071,2071,0,4612,31004,0,0,0,1113,35616,2020,1332,32,1023,10,14,0,1048576,0,0,0,inf,1.38298893,1.38365936,1.2720511,1,0,10,69,2,22,24,22,2176,689,1045,1045,103,33440,3923,1332,770,473,1023,1023,1023,0,0,1023,6,3,5,5,3,4,3,4,2,3,1,3,4,1,2,3,2,2,2,1,2,0,0,1,0,1,0,0,0,0,2,2,1,0,0,0,0,0,0,0,0,0,0,0,0,0,0,0,0,0,0,0,0,0,0,0,0,0,0,0,0,0,0,0,0,32,53,32,32,32,37,35,32,36,59
151,0.800000012,68,69,3,64,64,0,0,0,67,0,2144,2144,728,728,0,1915,229,0,0,0,67,2144,1197,1187,32,639,10,14,0,1048576,0,0,0,inf,inf,0.95651722,0.87396419,1,0,10,68,2,67,0,0,2144,1915,0,0,0,0,0,1187,0,639,0,639,639,0,0,639,0,0,0,0,0,0,0,0,0,0,0,0,0,0,0,0,0,1,0,1,2,0,1,1,2,4,3,5,5,5,10,16,11,0,0,0,0,0,0,0,0,0,0,0,0,0,0,0,0,0,0,0,0,0,0,0,0,0,0,0,0,0,0,0,0,13,12,8,7,4,4,13,4294967295,4294967295,9
152,1,67,69,3,64,64,0,0,0,66,0,2112,2112,819,819,0,1906,206,0,0,0,66,2112,1097,1087,32,1023,10,14,0,1048576,0,0,0,inf,inf,0.906165898,0.81482023,1,0,10,67,2,66,0,0,2112,1906,0,0,0,0,0,1087,0,1023,0,1023,1023,0,0,1023,0,0,0,0,0,0,0,0,0,0,0,0,0,0,0,0,0,0,1,0,2,1,1,0,1,3,4,4,7,6,6,16,14,0,0,0,0,0,0,0,0,0,0,0,0,0,0,0,0,0,0,0,0,0,0,0,0,0,0,0,0,0,0,0,0,11,5,5,8,5,4,30,6,6,15
153,0.899999976,67,69,3,64,64,0,0,0,66,0,2112,2112,756,756,0,1910,202,0,0,0,66,2112,1164,1154,32,511,10,14,0,1048576,0,0,0,inf,inf,0.882931888,0.801327169,1,0,10,67,2,66,0,0,2112,1910,0,0,0,0,0,1154,0,511,0,511,511,0,0,511,0,0,0,0,0,0,0,0,0,0,0,0,0,0,0,1,0,1,0,0,0,0,0,1,1,2,2,4,11,10,12,9,12,0,0,0,0,0,0,0,0,0,0,0,0,0,0,0,0,0,0,0,0,0,0,0,0,0,0,0,0,0,0,0,0,4,5,3,4,5,6,61,22,4,4294967295
154,1,67,69,3,64,64,0,0,0,66,0,20128,20128,2461,2461,0,4769,15359,0,0,0,629,20128,2116,1200,32,1023,10,14,0,1048576,0,0,0,inf,inf,1.05086815,0.961282909,1,0,10,67,2,33,31,2,2112,934,563,563,105,18016,3835,1200,782,1023,1023,1023,1023,0,0,1023,0,0,0,0,2,1,3,6,6,4,4,3,4,0,1,6,1,3,2,4,3,4,1,1,0,2,2,2,1,0,0,0,0,0,0,0,0,0,0,0,0,0,0,0,0,0,0,0,0,0,0,0,0,0,0,0,0,0,0,0,0,0,0,0,0,6,12,7,5,5,11,7,10,10,10
155,0.899999976,67,69,3,64,64,0,0,0,66,0,20096,20096,2338,2338,0,4709,15387,0,0,0,628,20096,2124,1214,32,511,10,14,0,1048576,0,0,0,inf,inf,1.04140401,0.937803149,1,0,10,67,2,32,31,3,2112,947,562,562,103,17984,3762,1214,819,511,511,511,511,0,0,511,0,0,0,2,1,1,3,3,5,6,4,5,4,0,1,5,4,3,1,2,2,2,2,0,0,2,2,2,3,0,1,0,0,0,0,0,0,0,0,0,0,0,0,0,0,0,0,0,0,0,0,0,0,0,0,0,0,0,0,0,0,0,0,0,0,10,9,8,6,5,3,4,6,9,4294967295
156,1,66,69,3,64,64,0,0,0,65,0,31328,31328,2764,2764,0,5232,26096,0,0,0,979,31328,2172,1235,32,1023,10,14,0,1048576,0,0,0,inf,inf,1.06242824,0.927496791,1,0,10,66,2,20,33,12,2080,622,914,914,112,29248,4610,1235,945,895,1023,1023,1023,0,0,1023,1,0,3,4,4,3,8,6,3,1,6,3,3,5,4,2,2,1,3,1,0,0,1,0,0,0,1,0,0,0,0,0,0,0,0,0,0,0,0,0,0,0,0,0,0,0,0,0,0,0,0,0,0,0,0,0,0,0,0,0,0,0,0,0,0,2,4,3,3,3,4,4,46,16,2
157,0.899999976,65,69,3,64,64,0,0,0,64,0,54208,54208,2644,2644,0,4438,49770,0,0,0,1694,54208,1571,1016,32,1023,10,14,0,1048576,0,0,0,inf,inf,1.27322865,1.17270577,1,0,10,65,2,1,19,44,2048,210,1630,1630,116,52160,4228,1016,477,397,1023,511,511,512,0,511,14,16,6,5,3,5,4,3,2,2,2,0,1,0,0,0,0,0,0,1,0,0,0,0,0,0,0,0,0,0,0,0,0,0,0,0,0,0,0,0,0,0,0,0,0,0,0,0,0,0,0,0,0,0,0,0,0,0,0,0,0,0,0,0,0,20,50,42,4,1,8,33,21,31,4294967295
158,1,66,69,3,64,64,0,0,0,65,0,20448,20448,1730,1730,0,2416,18032,0,0,0,639,20448,1183,619,32,1023,10,14,0,1048576,0,0,0,inf,inf,1.27817094,1.12820482,1,0,10,66,2,39,18,8,2080,980,574,574,9,18368,1436,619,107,1021,1023,1023,1023,0,0,1023,2,3,1,2,0,3,4,1,3,1,2,2,2,2,0,4,4,3,0,2,1,4,4,2,2,1,4,1,3,1,1,0,0,0,0,0,0,0,0,0,0,0,0,0,0,0,0,0,0,0,0,0,0,0,0,0,0,0,0,0,0,0,0,0,0,4,41,1,2,5,12,2,2,3,4
159,1,66,69,3,64,64,0,0,0,65,0,28640,28640,2095,2095,0,4934,23706,0,0,0,895,28640,2017,1203,32,1023,10,14,0,1048576,0,0,0,inf,inf,1.17542636,1.09217656,1,0,10,66,2,28,29,8,2080,728,830,830,157,26560,4206,1203,1018,1023,1023,1023,1023,0,0,1023,1,0,2,2,3,4,8,5,2,0,4,4,2,5,1,3,3,4,5,2,1,1,2,0,0,0,1,0,0,0,0,0,0,0,0,0,0,0,0,0,0,0,0,0,0,0,0,0,0,0,0,0,0,0,0,0,0,0,0,0,0,0,0,0,0,2,12,12,2,6,5,3,10,21,22
160,1,69,69,2,64,64,0,0,0,68,0,2176,2176,854,854,0,2101,75,0,0,0,68,2176,1257,1247,32,1023,10,14,0,1048576,0,0,0,inf,inf,0.891028881,0.794997156,1,0,10,69,2,68,0,0,2176,2101,0,0,0,0,0,1247,0,1023,0,1023,1023,0,0,1023,0,0,0,0,0,0,0,0,0,0,0,0,0,0,0,1,0,0,0,0,0,0,0,0,0,0,2,1,0,1,11,16,36,0,0,0,0,0,0,0,0,0,0,0,0,0,0,0,0,0,0,0,0,0,0,0,0,0,0,0,0,0,0,0,0,12,10,37,15,10,9,9,10,7,16
161,1,66,69,3,64,64,0,0,0,65,0,33696,33696,2749,2749,0,5369,28327,0,0,0,1053,33696,2219,1373,32,1023,10,14,0,1048576,0,0,0,inf,inf,1.08506119,0.942725718,1,0,10,66,2,20,29,16,2080,611,988,988,138,31616,4758,1373,698,1023,1023,1023,1023,528,0,1023,4,1,3,3,5,6,7,1,4,4,3,3,1,3,1,4,3,3,0,1,0,1,0,0,0,3,1,0,0,0,0,0,0,0,0,0,0,0,0,0,0,0,0,0,0,0,0,0,0,0,0,0,0,0,0,0,0,0,0,0,0,0,0,0,0,8,2,9,9,29,9,1,9,12,9
162,1,66,69,3,64,64,0,0,0,65,0,33728,33728,2777,2777,0,4769,28959,0,0,0,1054,33728,2102,1142,32,1023,10,14,0,1048576,0,0,0,inf,inf,1.09094524,0.960520267,1,0,10,66,2,17,32,16,2080,588,989,989,86,31648,4181,1142,596,1019,1023,1023,1023,0,0,1023,0,3,5,3,5,4,8,7,2,2,3,3,3,2,2,2,1,2,3,1,1,1,0,1,0,1,0,0,0,0,0,0,0,0,0,0,0,0,0,0,0,0,0,0,0,0,0,0,0,0,0,0,0,0,0,0,0,0,0,0,0,0,0,0,0,3,3,12,2,15,12,4,4,16,2
163,0.600000024,67,69,3,64,64,0,0,0,66,0,53696,53696,2883,2883,0,5236,48460,0,0,0,1678,53696,1962,1268,32,474,10,14,0,1048576,0,0,0,inf,inf,1.3122282,1.22040462,1,0,10,67,2,2,24,40,2112,276,1612,1612,160,51584,4960,1268,649,282,474,474,474,0,0,474,9,12,12,3,4,2,5,5,2,3,7,0,0,1,1,0,0,0,0,0,0,0,0,0,0,0,0,0,0,0,0,0,0,0,0,0,0,0,0,0,0,0,0,0,0,0,0,0,0,0,0,0,0,0,0,0,0,0,0,0,0,0,0,0,0,4294967295,5,4294967295,5,7,4294967295,36,33,17,4294967295
164,0.899999976,69,69,1,64,64,0,1,0,68,0,6144,6144,1149,1149,0,1831,4313,0,0,0,192,6144,761,687,32,767,10,14,0,1048576,0,0,0,inf,1.20577478,1.20577478,1.13361502,1,0,10,69,2,63,2,3,2176,1597,124,124,0,3968,234,687,0,751,731,767,767,0,0,767,1,0,0,0,2,0,0,0,0,0,0,1,1,2,2,2,1,1,1,3,1,5,4,3,2,4,2,4,1,8,7,6,4,0,0,0,0,0,0,0,0,0,0,0,0,0,0,0,0,0,0,0,0,0,0,0,0,0,0,0,0,0,0,0,0,12,10,11,32,16,25,10,9,4294967295,15
165,1,69,69,1,64,64,0,2,0,68,0,7680,7680,1195,1195,0,1960,5720,0,0,0,240,7680,824,728,32,1023,10,14,0,1048576,0,0,0,inf,1.24967408,1.25146151,1.17329025,1,0,10,69,2,61,3,4,2176,1577,172,172,4,5504,383,728,29,1023,253,1023,1023,0,0,1023,1,1,0,0,2,0,0,0,0,0,0,1,2,2,2,2,0,1,2,3,1,4,4,1,3,3,2,4,2,7,6,6,6,0,0,0,0,0,0,0,0,0,0,0,0,0,0,0,0,0,0,0,0,0,0,0,0,0,0,0,0,0,0,0,0,9,10,9,11,9,8,19,12,44,11
166,1,69,69,1,64,64,0,1,0,68,0,32096,32096,2140,2140,0,4041,28055,0,0,0,1003,32096,1914,1188,32,1023,10,14,0,1048576,0,0,0,inf,1.40220225,1.40220225,1.26768732,1,0,10,69,2,25,25,18,2176,721,935,935,59,29920,3320,1188,522,959,1023,1023,1023,0,0,1023,6,3,4,3,2,5,4,3,1,2,2,4,4,3,2,4,1,2,0,0,3,1,1,3,1,1,1,0,0,0,1,1,0,0,0,0,0,0,0,0,0,0,0,0,0,0,0,0,0,0,0,0,0,0,0,0,0,0,0,0,0,0,0,0,0,12,8,8,8,8,8,24,32,30,8
167,1,67,69,3,64,64,0,0,0,66,0,2112,2112,807,807,0,1981,131,0,0,0,66,2112,1184,1174,32,1023,10,14,0,1048576,0,0,0,inf,inf,0.889006495,0.796766996,1,0,10,67,2,66,0,0,2112,1981,0,0,0,0,0,1174,0,1023,0,1023,1023,0,0,1023,0,0,0,0,0,0,0,0,0,0,0,0,0,0,0,0,0,1,0,1,0,0,0,0,0,1,2,2,5,6,8,20,20,0,0,0,0,0,0,0,0,0,0,0,0,0,0,0,0,0,0,0,0,0,0,0,0,0,0,0,0,0,0,0,0,4,6,4,11,5,18,2,15,7,3
168,1,67,69,3,64,64,0,0,0,66,0,8512,8512,1379,1379,0,2102,6410,0,0,0,266,8512,814,653,32,1023,10,14,0,1048576,0,0,0,inf,inf,1.23005962,1.09770155,1,0,10,67,2,58,5,3,2112,1507,200,200,28,6400,595,653,24,1023,133,1023,1023,0,0,1023,1,0,1,0,1,0,1,2,1,1,0,0,0,1,1,2,1,1,3,2,1,0,2,4,4,2,4,3,6,11,4,4,2,0,0,0,0,0,0,0,0,0,0,0,0,0,0,0,0,0,0,0,0,0,0,0,0,0,0,0,0,0,0,0,0,9,9,8,9,9,3,9,9,4,3
169,1,67,69,3,64,64,0,0,0,66,0,25280,25280,3262,3262,0,4564,20716,0,0,0,790,25280,2336,1035,32,1023,10,14,0,1048576,0,0,0,inf,inf,0.945091009,0.812064409,1,0,10,67,2,16,43,7,2112,643,724,724,39,23168,3921,1035,494,1007,1023,1023,1023,0,0,1023,0,3,2,1,1,4,7,9,5,2,5,6,5,3,3,1,1,1,0,3,2,1,0,1,0,0,0,0,0,0,0,0,0,0,0,0,0,0,0,0,0,0,0,0,0,0,0,0,0,0,0,0,0,0,0,0,0,0,0,0,0,0,0,0,0,3,3,3,2,4,4,3,3,3,2
170,0.899999976,67,69,3,64,64,0,0,0,66,0,6944,6944,1384,1384,0,2083,4861,0,0,0,217,6944,740,645,32,767,10,14,0,1048576,0,0,0,inf,inf,1.25376821,1.12576914,1,0,10,67,2,60,3,3,2112,1608,151,151,1,4832,475,645,26,767,673,767,767,0,0,767,0,0,1,1,1,0,0,1,1,1,0,0,0,1,0,0,1,1,3,1,1,1,2,2,6,2,2,4,8,11,7,6,1,0,0,0,0,0,0,0,0,0,0,0,0,0,0,0,0,0,0,0,0,0,0,0,0,0,0,0,0,0,0,0,0,7,8,3,6,6,7,4,6,4294967295,4
171,0.899999976,69,69,1,64,64,0,1,0,68,0,31680,31680,2295,2295,0,6015,25665,0,0,0,990,31680,2481,1533,32,767,10,14,0,1048576,0,0,0,inf,1.0454874,1.0454874,0.955035686,1,0,10,69,2,24,34,10,2176,762,922,922,213,29504,5253,1533,1423,762,767,767,767,513,0,767,0,2,0,5,3,4,4,8,6,2,4,2,4,2,2,3,1,0,2,5,0,1,2,2,1,2,1,0,0,0,0,0,0,0,0,0,0,0,0,0,0,0,0,0,0,0,0,0,0,0,0,0,0,0,0,0,0,0,0,0,0,0,0,0,0,60,6,6,5,6,25,6,5,4294967295,33
172,0.899999976,69,69,1,64,64,0,1,0,68,0,44800,44800,2865,2865,0,6393,38407,0,0,0,1400,44800,2440,1576,32,991,10,14,0,1048576,0,0,0,inf,1.15795588,1.15795588,1.06755054,1,0,10,69,2,12,31,25,2176,520,1332,1332,181,42624,5873,1576,1240,335,991,991,991,10,0,991,5,5,4,7,4,3,6,4,3,5,4,4,2,1,0,3,1,1,2,2,0,0,0,1,0,0,1,0,0,0,0,0,0,0,0,0,0,0,0,0,0,0,0,0,0,0,0,0,0,0,0,0,0,0,0,0,0,0,0,0,0,0,0,0,0,15,26,15,13,42,4294967295,9,62,7,60
173,1,65,69,3,64,64,0,0,0,64,0,39328,39328,4060,4060,0,5346,33982,0,0,0,1229,39328,1656,874,64,1023,10,14,0,1048576,0,0,0,inf,inf,1.44168305,1.3090986,1,0,10,65,2,10,26,28,2048,450,1165,1165,47,37280,4896,874,346,1007,1023,1023,1023,0,0,1023,5,5,9,5,4,2,5,2,7,1,1,3,5,1,2,0,0,1,3,2,0,0,0,0,1,0,0,0,0,0,0,0,0,0,0,0,0,0,0,0,0,0,0,0,0,0,0,0,0,0,0,0,0,0,0,0,0,0,0,0,0,0,0,0,0,2,1,1,3,2,2,3,0,1,3
174,1,66,69,3,64,64,0,0,0,65,0,36832,36832,3352,3352,0,6050,30782,0,0,0,1151,36832,2414,1427,32,1023,10,14,0,1048576,0,0,0,inf,inf,1.1439085,1.02959728,1,0,10,66,2,14,34,17,2080,547,1086,1086,118,34752,5503,1427,768,1023,1023,1023,1023,532,0,1023,2,0,3,6,6,8,7,1,5,7,2,4,0,2,2,1,2,2,1,1,0,1,0,0,0,2,0,0,0,0,0,0,0,0,0,0,0,0,0,0,0,0,0,0,0,0,0,0,0,0,0,0,0,0,0,0,0,0,0,0,0,0,0,0,0,9,5,9,8,6,8,9,11,4,8
175,1,65,69,3,64,64,0,0,0,64,0,22688,22688,1740,1740,0,2233,20455,0,0,0,709,22688,746,433,32,1023,10,14,0,1048576,0,0,0,inf,inf,1.38849664,1.28443718,1,0,10,65,2,38,10,16,2048,910,645,645,25,20640,1323,433,91,987,1023,1023,1023,2,0,1023,4,2,5,2,3,3,2,1,3,1,0,0,0,2,2,5,2,2,0,2,3,2,1,2,1,3,2,3,1,2,2,0,1,0,0,0,0,0,0,0,0,0,0,0,0,0,0,0,0,0,0,0,0,0,0,0,0,0,0,0,0,0,0,0,0,12,10,2,1,15,31,16,1,1,4
176,1,66,69,3,64,64,0,0,0,65,0,7936,7936,1209,1209,0,1817,6119,0,0,0,248,7936,686,615,32,1023,10,14,0,1048576,0,0,0,inf,inf,1.14460337,0.987803102,1,0,10,66,2,58,2,5,2080,1462,183,183,0,5856,355,615,0,1023,404,1023,1023,0,0,1023,1,1,0,0,3,0,0,0,0,0,1,1,0,1,2,1,1,1,2,2,2,5,5,1,4,4,3,3,1,7,6,3,4,0,0,0,0,0,0,0,0,0,0,0,0,0,0,0,0,0,0,0,0,0,0,0,0,0,0,0,0,0,0,0,0,7,6,5,7,2,2,2,5,3,4
177,1,65,69,3,64,64,0,0,0,64,0,43968,43968,3571,3571,0,3652,40316,0,0,0,1374,43968,1208,410,96,1023,10,14,0,1048576,0,0,0,inf,inf,1.20524073,1.0925014,1,0,10,65,2,2,26,36,2048,327,1310,1310,0,41920,3325,410,28,991,1023,1023,1023,0,0,1023,5,7,6,11,7,5,3,4,2,1,5,3,3,0,0,1,0,1,0,0,0,0,0,0,0,0,0,0,0,0,0,0,0,0,0,0,0,0,0,0,0,0,0,0,0,0,0,0,0,0,0,0,0,0,0,0,0,0,0,0,0,0,0,0,0,3,3,4,1,1,21,0,6,2,2
178,0.899999976,69,69,2,64,64,0,0,0,68,0,35616,35616,3052,3052,0,6016,29600,0,0,0,1113,35616,2474,1475,32,1022,10,14,0,1048576,0,0,0,inf,inf,1.07205319,0.978980541,1,0,10,69,2,18,35,15,2176,630,1045,1045,123,33440,5386,1475,893,1014,1022,1022,1022,0,0,1022,2,6,3,3,1,3,4,7,2,1,7,6,5,3,2,4,2,2,0,1,1,2,1,0,0,0,0,0,0,0,0,0,0,0,0,0,0,0,0,0,0,0,0,0,0,0,0,0,0,0,0,0,0,0,0,0,0,0,0,0,0,0,0,0,0,4294967295,9,15,10,10,15,47,30,9,13
179,1,67,69,3,64,64,0,0,0,66,0,31552,31552,1974,1974,0,3879,27673,0,0,0,986,31552,1689,1063,32,1023,10,14,0,1048576,0,0,0,inf,inf,1.39933681,1.25614929,1,0,10,67,2,24,22,20,2112,671,920,920,68,29440,3208,1063,655,767,1023,1023,1023,0,0,1023,6,4,5,3,2,5,2,1,3,1,1,5,4,1,1,5,3,2,1,1,2,0,2,2,1,3,0,0,0,0,0,0,0,0,0,0,0,0,0,0,0,0,0,0,0,0,0,0,0,0,0,0,0,0,0,0,0,0,0,0,0,0,0,0,0,8,9,8,6,5,5,8,2,9,3
180,1,66,69,3,64,64,0,0,0,65,0,26624,26624,2994,2994,0,4694,21930,0,0,0,832,26624,2151,1129,32,1023,10,14,0,1048576,0,0,0,inf,inf,1.03628993,0.920620918,1,0,10,66,2,20,34,11,2080,668,767,767,78,24544,4026,1129,512,959,1023,1023,1023,260,0,1023,2,0,2,5,2,4,4,3,3,5,6,6,3,2,1,6,1,2,2,1,2,1,1,0,0,0,0,1,0,0,0,0,0,0,0,0,0,0,0,0,0,0,0,0,0,0,0,0,0,0,0,0,0,0,0,0,0,0,0,0,0,0,0,0,0,5,6,14,6,6,5,6,6,13,7
181,1,65,69,3,64,64,0,0,0,64,0,29248,29248,2423,2423,0,3718,25530,0,0,0,914,29248,1541,901,32,1023,10,14,0,1048576,0,0,0,inf,inf,1.16940081,1.02330208,1,0,10,65,2,27,22,15,2048,681,850,850,48,27200,3037,901,238,1015,1023,1023,1023,0,0,1023,1,5,2,2,5,4,4,1,4,0,3,3,3,4,2,6,3,3,3,1,0,0,1,1,0,1,2,0,0,0,0,0,0,0,0,0,0,0,0,0,0,0,0,0,0,0,0,0,0,0,0,0,0,0,0,0,0,0,0,0,0,0,0,0,0,6,5,6,9,8,6,9,6,3,1
182,1,68,69,3,64,64,0,0,0,67,0,2144,2144,946,946,0,2054,90,0,0,0,67,2144,1118,1108,32,1023,10,14,0,1048576,0,0,0,inf,inf,0.926686645,0.831183553,1,0,10,68,2,67,0,0,2144,2054,0,0,0,0,0,1108,0,1023,0,1023,1023,0,0,1023,0,0,0,0,0,0,0,0,0,0,0,0,0,0,0,1,0,0,0,0,0,0,0,0,0,0,2,2,0,6,9,15,32,0,0,0,0,0,0,0,0,0,0,0,0,0,0,0,0,0,0,0,0,0,0,0,0,0,0,0,0,0,0,0,0,5,13,11,6,13,12,5,12,63,26
183,1,66,69,3,64,64,0,0,0,65,0,21920,21920,1827,1827,0,2370,19550,0,0,0,685,21920,1070,569,32,1023,10,14,0,1048576,0,0,0,inf,inf,1.31181359,1.18359733,1,0,10,66,2,38,16,11,2080,965,620,620,2,19840,1405,569,54,1023,1023,1023,1023,0,0,1023,4,3,0,2,2,4,2,0,3,1,2,2,2,2,0,2,4,3,1,2,1,6,3,2,1,1,3,1,2,1,0,3,0,0,0,0,0,0,0,0,0,0,0,0,0,0,0,0,0,0,0,0,0,0,0,0,0,0,0,0,0,0,0,0,0,3,15,13,1,4,3,13,2,14,2
184,0.899999976,69,69,1,64,64,0,1,0,68,0,6304,6304,1060,1060,0,1851,4453,0,0,0,197,6304,865,793,32,959,10,14,0,1048576,0,0,0,inf,1.27321005,1.27321005,1.18490708,1,0,10,69,2,63,2,3,2176,1605,129,129,0,4128,246,793,0,703,826,959,959,0,0,959,1,0,0,0,2,0,0,0,0,0,1,1,0,3,0,1,1,0,1,4,3,4,4,3,3,5,2,4,2,7,5,7,4,0,0,0,0,0,0,0,0,0,0,0,0,0,0,0,0,0,0,0,0,0,0,0,0,0,0,0,0,0,0,0,0,44,13,12,11,11,16,4294967295,9,17,10
185,0.899999976,66,69,3,64,64,0,0,0,65,0,31264,31264,3015,3015,0,4743,26521,0,0,0,977,31264,2116,1130,32,1023,10,14,0,1048576,0,0,0,inf,inf,1.15515757,1.06740355,1,0,10,66,2,22,33,10,2080,673,912,912,74,29184,4070,1130,420,511,1023,511,511,512,0,511,0,1,2,3,4,4,6,6,3,3,3,5,3,2,2,2,2,6,3,1,3,0,1,0,0,0,0,0,0,0,0,0,0,0,0,0,0,0,0,0,0,0,0,0,0,0,0,0,0,0,0,0,0,0,0,0,0,0,0,0,0,0,0,0,0,9,9,9,17,10,10,31,10,9,4294967295
186,1,68,69,3,64,64,0,0,0,67,0,14752,14752,2027,2027,0,3476,11276,0,0,0,461,14752,1325,903,32,1023,10,14,0,1048576,0,0,0,inf,inf,1.03925538,0.943808675,1,0,10,68,2,47,14,6,2144,1100,394,394,55,12608,2376,903,387,1023,1023,1023,1023,512,0,1023,0,1,1,2,2,3,2,3,2,0,1,1,2,3,4,1,3,1,3,3,2,7,4,1,4,5,1,1,2,1,0,1,0,0,0,0,0,0,0,0,0,0,0,0,0,0,0,0,0,0,0,0,0,0,0,0,0,0,0,0,0,0,0,0,0,3,5,5,6,6,6,5,11,6,6
187,1,68,69,3,64,64,0,0,0,67,0,35488,35488,3197,3197,0,5243,30245,0,0,0,1109,35488,2111,1131,32,1023,10,14,0,1048576,0,0,0,inf,inf,1.15916026,1.07100165,1,0,10,68,2,18,33,16,2144,623,1042,1042,70,33344,4620,1131,622,489,1023,1023,1023,64,0,1023,1,2,6,5,2,1,9,7,7,2,2,2,3,3,1,1,2,1,1,1,2,3,2,0,0,1,0,0,0,0,0,0,0,0,0,0,0,0,0,0,0,0,0,0,0,0,0,0,0,0,0,0,0,0,0,0,0,0,0,0,0,0,0,0,0,3,6,65,5,44,3,7,3,4,18
188,1,68,69,3,64,64,0,0,0,67,0,13344,13344,2101,2101,0,3289,10055,0,0,0,417,13344,1274,870,32,1023,10,14,0,1048576,0,0,0,inf,inf,1.05617571,0.950599313,1,0,10,68,2,48,13,6,2144,1134,350,350,32,11200,2155,870,268,1023,1023,1023,1023,0,0,1023,0,1,1,2,2,3,1,1,4,0,1,1,2,3,4,1,3,0,3,3,2,7,3,2,5,4,1,2,3,1,0,1,0,0,0,0,0,0,0,0,0,0,0,0,0,0,0,0,0,0,0,0,0,0,0,0,0,0,0,0,0,0,0,0,0,3,8,8,9,9,9,9,8,4,5
189,1,67,69,3,64,64,0,0,0,66,0,37088,37088,3112,3112,0,5831,31257,0,0,0,1159,37088,2314,1362,32,1023,10,14,0,1048576,0,0,0,inf,inf,1.13270521,0.987376332,1,0,10,67,2,12,33,21,2112,507,1093,1093,152,34976,5324,1362,1069,767,1023,1023,1023,24,0,1023,3,3,2,9,4,6,6,7,3,4,4,3,0,2,3,0,1,0,2,1,0,1,0,1,0,0,1,0,0,0,0,0,0,0,0,0,0,0,0,0,0,0,0,0,0,0,0,0,0,0,0,0,0,0,0,0,0,0,0,0,0,0,0,0,0,3,4,11,5,10,5,4,7,47,4
190,0.800000012,69,69,2,64,64,0,0,0,68,0,43872,43872,3273,3273,0,6545,37327,0,0,0,1371,43872,2753,1651,32,1007,10,14,0,1048576,0,0,0,inf,inf,1.1688292,1.07218468,1,0,10,69,2,9,38,21,2176,496,1303,1303,143,41696,6049,1651,978,327,1007,975,975,32,0,975,4,5,5,3,4,3,6,9,5,2,6,2,5,1,0,3,2,2,1,0,0,0,0,0,0,0,0,0,0,0,0,0,0,0,0,0,0,0,0,0,0,0,0,0,0,0,0,0,0,0,0,0,0,0,0,0,0,0,0,0,0,0,0,0,0,13,4,10,7,4294967295,4294967295,9,9,4,11
191,1,66,69,3,64,64,0,0,0,65,0,21248,21248,1797,1797,0,2625,18623,0,0,0,664,21248,1238,648,32,1023,10,14,0,1048576,0,0,0,inf,inf,1.42546225,1.29819989,1,0,10,66,2,37,19,9,2080,936,599,599,27,19168,1689,648,163,1023,1023,1023,1023,0,0,1023,4,1,1,3,0,5,1,2,3,1,2,3,2,2,1,3,4,2,0,2,2,6,3,2,1,2,1,3,1,0,1,1,0,0,0,0,0,0,0,0,0,0,0,0,0,0,0,0,0,0,0,0,0,0,0,0,0,0,0,0,0,0,0,0,0,1,2,4,3,2,3,3,3,3,3
192,1,66,69,3,64,64,0,0,0,65,0,42016,42016,4150,4150,0,6042,35974,0,0,0,1313,42016,2458,1377,32,1023,10,14,0,1048576,0,0,0,inf,inf,1.16692078,1.01441574,1,0,10,66,2,4,36,25,2080,392,1248,1248,73,39936,5650,1377,428,767,1023,1023,1023,0,0,1023,1,4,8,5,7,9,9,4,5,3,1,4,1,1,0,0,0,1,1,0,0,1,0,0,0,0,0,0,0,0,0,0,0,0,0,0,0,0,0,0,0,0,0,0,0,0,0,0,0,0,0,0,0,0,0,0,0,0,0,0,0,0,0,0,0,1,4,1,1,3,4,3,2,7,2
193,0.899999976,69,69,1,64,64,0,3,0,68,0,16992,16992,1798,1798,0,3020,13972,0,0,0,531,16992,1382,869,32,1023,10,14,0,1048576,0,0,0,inf,1.24433041,1.24900234,1.15571547,1,0,10,69,2,47,17,4,2176,1107,463,463,23,14816,1913,869,241,487,1023,511,511,512,0,511,0,3,1,0,0,2,4,3,2,1,2,2,1,3,3,4,3,3,5,2,3,1,2,5,1,1,5,0,0,2,2,1,1,0,0,0,0,0,0,0,0,0,0,0,0,0,0,0,0,0,0,0,0,0,0,0,0,0,0,0,0,0,0,0,0,9,15,12,8,9,25,8,9,24,4294967295
194,1,66,69,3,64,64,0,0,0,65,0,41504,41504,3087,3087,0,5333,36171,0,0,0,1297,41504,2219,1415,32,1023,10,14,0,1048576,0,0,0,inf,inf,1.22746396,1.0782156,1,0,10,66,2,10,28,27,2080,438,1232,1232,72,39424,4895,1415,554,763,1023,1023,1023,0,0,1023,6,7,4,4,6,3,3,5,4,5,5,0,3,0,3,4,1,1,0,0,0,1,0,0,0,0,0,0,0,0,0,0,0,0,0,0,0,0,0,0,0,0,0,0,0,0,0,0,0,0,0,0,0,0,0,0,0,0,0,0,0,0,0,0,0,4,3,4,4,5,4,15,4,35,4
195,0.899999976,66,69,3,64,64,0,0,0,65,0,40832,40832,3436,3436,0,6090,34742,0,0,0,1276,40832,2352,1438,32,991,10,14,0,1048576,0,0,0,inf,inf,1.20523989,1.11919487,1,0,10,66,2,9,32,24,2080,477,1211,1211,139,38752,5613,1438,696,735,991,991,991,0,0,991,3,4,7,4,6,2,4,5,3,4,5,2,7,2,1,2,1,2,1,0,0,0,0,0,0,0,0,0,0,0,0,0,0,0,0,0,0,0,0,0,0,0,0,0,0,0,0,0,0,0,0,0,0,0,0,0,0,0,0,0,0,0,0,0,0,2,4,3,11,5,4294967295,5,5,6,25
196,0.899999976,69,69,2,64,64,0,0,0,68,0,2176,2176,940,940,0,2127,49,0,0,0,68,2176,1197,1187,32,959,10,14,0,1048576,0,0,0,inf,inf,0.953836918,0.878247321,1,0,10,69,2,68,0,0,2176,2127,0,0,0,0,0,1187,0,959,0,959,959,0,0,959,0,0,0,0,0,0,0,0,0,0,0,0,0,0,0,0,0,0,0,0,0,0,0,0,0,0,0,0,3,2,7,17,39,0,0,0,0,0,0,0,0,0,0,0,0,0,0,0,0,0,0,0,0,0,0,0,0,0,0,0,0,0,0,0,0,8,22,9,7,16,16,4294967295,12,8,7
197,0.800000012,69,69,2,64,64,0,0,0,68,0,54592,54592,2996,2996,0,4948,49644,0,0,0,1706,54592,1558,1074,32,447,10,14,0,1048576,0,0,0,inf,inf,1.44784904,1.36690938,1,0,10,69,2,4,17,47,2176,260,1638,1638,123,52416,4688,1074,524,256,447,447,447,256,0,447,13,19,7,5,3,1,4,2,4,1,1,1,3,0,2,1,1,0,0,0,0,0,0,0,0,0,0,0,0,0,0,0,0,0,0,0,0,0,0,0,0,0,0,0,0,0,0,0,0,0,0,0,0,0,0,0,0,0,0,0,0,0,0,0,0,26,7,10,7,27,40,4294967295,19,17,4294967295
198,0.899999976,66,69,3,64,64,0,0,0,65,0,28160,28160,2255,2255,0,4888,23272,0,0,0,880,28160,2055,1170,32,511,10,14,0,1048576,0,0,0,inf,inf,1.21433616,1.11624599,1,0,10,66,2,27,31,7,2080,751,815,815,115,26080,4137,1170,910,503,511,511,511,320,0,511,0,1,1,3,2,3,5,3,4,3,5,5,3,7,2,1,2,3,4,1,1,1,2,1,1,1,0,0,0,0,0,0,0,0,0,0,0,0,0,0,0,0,0,0,0,0,0,0,0,0,0,0,0,0,0,0,0,0,0,0,0,0,0,0,0,1,2,13,40,2,43,7,14,4,4294967295
199,1,66,69,3,64,64,0,0,0,65,0,45056,45056,3361,3361,0,6147,38909,0,0,0,1408,45056,2433,1564,32,1023,10,14,0,1048576,0,0,0,inf,inf,1.18007243,1.08515835,1,0,10,66,2,6,30,29,2080,405,1343,1343,119,42976,5742,1564,699,815,1023,1023,1023,32,0,1023,6,4,5,6,8,4,4,5,3,5,5,1,3,0,2,1,0,2,0,1,0,0,0,0,0,0,0,0,0,0,0,0,0,0,0,0,0,0,0,0,0,0,0,0,0,0,0,0,0,0,0,0,0,0,0,0,0,0,0,0,0,0,0,0,0,2,10,15,4,28,12,4,19,13,3
200,1,66,69,3,64,64,0,0,0,65,0,20064,20064,1725,1725,0,2350,17714,0,0,0,627,20064,1162,600,32,1023,10,14,0,1048576,0,0,0,inf,inf,1.32083583,1.17240059,1,0,10,66,2,39,18,8,2080,981,562,562,3,17984,1369,600,77,1023,1023,1023,1023,0,0,1023,2,2,1,2,1,5,1,2,3,1,2,2,2,2,1,3,5,1,0,2,1,5,4,2,2,3,3,2,1,0,1,1,0,0,0,0,0,0,0,0,0,0,0,0,0,0,0,0,0,0,0,0,0,0,0,0,0,0,0,0,0,0,0,0,0,3,3,1,2,3,4,2,2,2,2
201,0.899999976,66,69,3,64,64,0,0,0,65,0,35328,35328,2197,2197,0,5984,29344,0,0,0,1104,35328,2322,1497,32,1019,10,14,0,1048576,0,0,0,inf,inf,1.2877059,1.1899035,1,0,10,66,2,20,30,15,2080,618,1039,1039,171,33248,5366,1497,1367,499,1019,1019,1019,0,0,1019,1,5,2,2,5,2,7,4,1,2,5,4,5,2,3,2,3,6,3,0,0,1,0,0,0,0,0,0,0,0,0,0,0,0,0,0,0,0,0,0,0,0,0,0,0,0,0,0,0,0,0,0,0,0,0,0,0,0,0,0,0,0,0,0,0,15,2,4294967295,62,2,16,14,15,16,5
202,1,66,69,3,64,64,0,0,0,65,0,30368,30368,3429,3429,0,5596,24772,0,0,0,949,30368,2331,1286,32,1023,10,14,0,1048576,0,0,0,inf,inf,1.11888099,0.955997705,1,0,10,66,2,17,35,13,2080,636,884,884,103,28288,4960,1286,635,991,1023,1023,1023,132,0,1023,2,0,0,8,3,5,5,3,4,3,3,8,4,3,0,1,3,0,3,2,2,2,0,1,0,0,0,0,0,0,0,0,0,0,0,0,0,0,0,0,0,0,0,0,0,0,0,0,0,0,0,0,0,0,0,0,0,0,0,0,0,0,0,0,0,3,3,4,2,4,4,3,4,21,2
203,1,69,69,2,64,64,0,0,0,68,0,42080,42080,2692,2692,0,6094,35986,0,0,0,1315,42080,2364,1557,32,1023,10,14,0,1048576,0,0,0,inf,inf,1.18912852,1.07450175,1,0,10,69,2,15,29,24,2176,537,1247,1247,176,39904,5557,1557,1155,950,1023,1023,1023,2,0,1023,3,7,4,6,4,3,5,6,4,1,3,4,3,2,3,3,2,1,1,0,0,1,0,1,0,0,1,0,0,0,0,0,0,0,0,0,0,0,0,0,0,0,0,0,0,0,0,0,0,0,0,0,0,0,0,0,0,0,0,0,0,0,0,0,0,13,59,9,6,11,6,5,28,9,4
204,1,69,69,1,64,64,0,1,0,68,0,2176,2176,1543,1543,0,2137,39,0,0,0,68,2176,604,594,32,1023,10,14,0,1048576,0,0,0,inf,0.774640441,0.774640441,0.702883244,1,0,10,69,2,68,0,0,2176,2137,0,0,0,0,0,594,0,1023,0,1023,1023,0,0,1023,0,0,0,0,0,0,0,0,0,0,0,0,0,0,0,0,0,0,0,0,0,0,0,0,0,0,0,0,2,1,3,22,40,0,0,0,0,0,0,0,0,0,0,0,0,0,0,0,0,0,0,0,0,0,0,0,0,0,0,0,0,0,0,0,0,9,10,10,10,6,6,5,10,5,10
205,1,66,69,3,64,64,0,0,0,65,0,12704,12704,1105,1105,0,2678,10026,0,0,0,397,12704,1413,1044,32,1023,10,14,0,1048576,0,0,0,inf,inf,1.34877992,1.24665666,1,0,10,66,2,50,13,2,2080,1283,332,332,58,10624,1395,1044,371,1015,959,1023,1023,288,0,1023,0,0,0,1,1,2,1,2,0,2,2,1,3,4,1,1,1,1,3,2,3,1,3,1,8,3,2,3,2,4,4,3,0,0,0,0,0,0,0,0,0,0,0,0,0,0,0,0,0,0,0,0,0,0,0,0,0,0,0,0,0,0,0,0,0,5,11,4,23,4,6,6,26,7,3
206,1,69,69,1,64,64,0,6,0,68,0,38304,38304,2037,2037,0,5515,32789,0,0,0,1197,38304,2135,1422,32,1023,10,14,0,1048576,0,0,0,inf,1.23649716,1.24240589,1.12164199,1,0,10,69,2,20,26,22,2176,615,1129,1129,193,36128,4900,1422,1296,947,1023,1023,1023,1,0,1023,5,5,1,6,5,3,6,6,2,0,2,4,3,2,1,4,4,0,1,3,1,1,0,0,0,0,1,1,1,0,0,0,0,0,0,0,0,0,0,0,0,0,0,0,0,0,0,0,0,0,0,0,0,0,0,0,0,0,0,0,0,0,0,0,0,30,15,17,13,24,30,27,24,13,21
207,0.899999976,69,69,2,64,64,0,0,0,68,0,20352,20352,1615,1615,0,3366,16986,0,0,0,636,20352,1488,1005,32,767,10,14,0,1048576,0,0,0,inf,inf,1.45231426,1.29199421,1,0,10,69,2,43,17,8,2176,1110,568,568,80,18176,2256,1005,465,767,767,767,767,0,0,767,1,2,1,3,1,3,0,2,2,3,5,0,2,3,1,3,3,1,3,1,2,1,2,2,6,1,4,2,3,3,0,2,0,0,0,0,0,0,0,0,0,0,0,0,0,0,0,0,0,0,0,0,0,0,0,0,0,0,0,0,0,0,0,0,0,34,32,31,31,31,31,31,31,4294967295,31
208,1,67,69,3,64,64,0,0,0,66,0,28064,28064,3018,3018,0,4274,23790,0,0,0,877,28064,2054,1020,32,1023,10,14,0,1048576,0,0,0,inf,inf,1.07068992,0.935438454,1,0,10,67,2,13,35,18,2112,578,811,811,44,25952,3696,1020,469,1023,1023,1023,1023,256,0,1023,1,2,3,6,6,4,6,3,5,3,5,7,2,0,3,0,1,1,2,1,2,3,0,0,0,0,0,0,0,0,0,0,0,0,0,0,0,0,0,0,0,0,0,0,0,0,0,0,0,0,0,0,0,0,0,0,0,0,0,0,0,0,0,0,0,4,3,4,4,4,5,4,4,5,4
209,1,67,69,3,64,64,0,0,0,66,0,29088,29088,3312,3312,0,5305,23783,0,0,0,909,29088,2103,1228,32,1023,10,14,0,1048576,0,0,0,inf,inf,1.05151296,0.924002111,1,0,10,67,2,19,29,18,2112,612,843,843,80,26976,4693,1228,568,887,1023,1023,1023,16,0,1023,1,3,5,3,6,3,2,5,5,1,3,5,5,2,3,3,5,1,0,3,0,1,1,0,0,0,0,0,0,0,0,0,0,0,0,0,0,0,0,0,0,0,0,0,0,0,0,0,0,0,0,0,0,0,0,0,0,0,0,0,0,0,0,0,0,7,5,6,12,8,5,6,8,5,8
210,1,65,69,3,64,64,0,0,0,64,0,24000,24000,1783,1783,0,2495,21505,0,0,0,750,24000,895,556,32,1023,10,14,0,1048576,0,0,0,inf,inf,1.50868607,1.43655586,1,0,10,65,2,36,11,17,2048,935,686,686,38,21952,1560,556,136,1006,1023,1023,1023,0,0,1023,4,4,5,3,1,2,4,0,3,1,0,0,1,2,2,3,1,1,0,2,0,1,1,3,1,4,3,5,2,0,2,2,1,0,0,0,0,0,0,0,0,0,0,0,0,0,0,0,0,0,0,0,0,0,0,0,0,0,0,0,0,0,0,0,0,2,14,1,1,53,9,1,14,5,24
211,0.899999976,69,69,2,64,64,0,0,0,68,0,13408,13408,1212,1212,0,2835,10573,0,0,0,419,13408,1291,1087,32,1019,10,14,0,1048576,0,0,0,inf,inf,1.32034016,1.21884298,1,0,10,69,2,54,7,7,2176,1400,351,351,46,11232,1435,1087,294,1011,667,1019,1019,8,0,1019,1,1,1,1,3,1,2,0,0,0,1,0,3,2,0,2,2,2,1,0,3,5,3,1,4,4,2,4,1,8,4,3,3,0,0,0,0,0,0,0,0,0,0,0,0,0,0,0,0,0,0,0,0,0,0,0,0,0,0,0,0,0,0,0,0,6,25,4294967295,67,15,14,11,10,7,18
212,1,66,69,3,64,64,0,0,0,65,0,2080,2080,852,852,0,2016,64,0,0,0,65,2080,1174,1164,32,1023,10,14,0,1048576,0,0,0,inf,inf,0.911012352,0.810893655,1,0,10,66,2,65,0,0,2080,2016,0,0,0,0,0,1164,0,1023,0,1023,1023,0,0,1023,0,0,0,0,0,0,0,0,0,0,0,0,0,0,0,0,0,0,0,0,0,1,0,0,0,0,0,1,2,3,7,17,34,0,0,0,0,0,0,0,0,0,0,0,0,0,0,0,0,0,0,0,0,0,0,0,0,0,0,0,0,0,0,0,0,2,2,7,5,4,3,3,46,8,2
213,0.899999976,67,69,3,64,64,0,0,0,66,0,34400,34400,2489,2489,0,6399,28001,0,0,0,1075,34400,2731,1569,32,1015,10,14,0,1048576,0,0,0,inf,inf,1.09244561,0.99967587,1,0,10,67,2,16,41,9,2112,621,1009,1009,199,32288,5778,1569,1548,1014,1015,1015,1015,512,0,1015,1,2,2,2,2,3,7,10,5,6,2,7,1,4,0,3,3,1,0,1,0,2,1,0,0,0,1,0,0,0,0,0,0,0,0,0,0,0,0,0,0,0,0,0,0,0,0,0,0,0,0,0,0,0,0,0,0,0,0,0,0,0,0,0,0,25,4,9,4294967295,4,4,20,17,20,31
214,1,68,69,3,64,64,0,0,0,67,0,2144,2144,767,767,0,2104,40,0,0,0,67,2144,1347,1337,32,1023,10,14,0,1048576,0,0,0,inf,inf,0.887739062,0.817077637,1,0,10,68,2,67,0,0,2144,2104,0,0,0,0,0,1337,0,1023,0,1023,1023,0,0,1023,0,0,0,0,0,0,0,0,0,0,0,0,0,0,0,0,0,0,0,0,0,0,0,0,0,0,0,1,1,2,6,13,44,0,0,0,0,0,0,0,0,0,0,0,0,0,0,0,0,0,0,0,0,0,0,0,0,0,0,0,0,0,0,0,0,6,8,7,7,62,19,4,18,9,7
215,1,69,69,2,64,64,0,0,0,68,0,28192,28192,2470,2470,0,4816,23376,0,0,0,881,28192,2153,1176,32,1023,10,14,0,1048576,0,0,0,inf,inf,1.14914036,1.02821207,1,0,10,69,2,27,34,7,2176,781,813,813,106,26016,4035,1176,701,995,1023,1023,1023,0,0,1023,1,0,0,2,4,5,5,4,2,4,5,4,5,5,4,0,2,3,3,3,3,0,1,1,0,2,0,0,0,0,0,0,0,0,0,0,0,0,0,0,0,0,0,0,0,0,0,0,0,0,0,0,0,0,0,0,0,0,0,0,0,0,0,0,0,16,6,7,2,17,7,7,19,6,5
216,1,68,69,3,64,64,0,0,0,67,0,2144,2144,968,968,0,2098,46,0,0,0,67,2144,1140,1130,32,1023,10,14,0,1048576,0,0,0,inf,inf,0.867208004,0.764296472,1,0,10,68,2,67,0,0,2144,2098,0,0,0,0,0,1130,0,1023,0,1023,1023,0,0,1023,0,0,0,0,0,0,0,0,0,0,0,0,0,0,0,0,0,0,0,0,0,0,0,0,0,0,0,1,2,4,6,9,45,0,0,0,0,0,0,0,0,0,0,0,0,0,0,0,0,0,0,0,0,0,0,0,0,0,0,0,0,0,0,0,0,10,9,7,9,9,15,11,8,10,9
217,1,65,69,3,64,64,0,0,0,64,0,23328,23328,1824,1824,0,2614,20714,0,0,0,729,23328,1284,668,32,1023,10,14,0,1048576,0,0,0,inf,inf,1.32147264,1.19037843,1,0,10,65,2,34,20,10,2048,915,665,665,5,21280,1699,668,143,1023,1023,1023,1023,0,0,1023,4,3,1,2,0,5,3,1,3,1,3,2,2,2,0,3,3,3,0,2,1,4,1,2,1,1,2,2,1,1,2,3,0,0,0,0,0,0,0,0,0,0,0,0,0,0,0,0,0,0,0,0,0,0,0,0,0,0,0,0,0,0,0,0,0,4,13,2,11,1,5,3,3,2,2
218,0.899999976,68,69,3,64,64,0,0,0,67,0,34208,34208,2774,2774,0,6424,27784,0,0,0,1069,34208,2617,1554,32,767,10,14,0,1048576,0,0,0,inf,inf,1.09205484,1.0107547,1,0,10,68,2,19,37,11,2144,687,1002,1002,168,32064,5737,1554,1242,559,767,767,767,576,0,767,0,3,3,2,3,1,7,5,5,5,5,5,4,2,2,4,0,2,2,0,1,2,2,1,0,0,0,1,0,0,0,0,0,0,0,0,0,0,0,0,0,0,0,0,0,0,0,0,0,0,0,0,0,0,0,0,0,0,0,0,0,0,0,0,0,12,10,15,12,12,6,63,9,4294967295,17
219,1,67,69,3,64,64,0,0,0,66,0,11584,11584,1265,1265,0,2038,9546,0,0,0,362,11584,999,805,32,1023,10,14,0,1048576,0,0,0,inf,inf,1.24744582,1.15384543,1,0,10,67,2,54,6,6,2112,1419,296,296,0,9472,619,805,0,1023,733,1023,1023,0,0,1023,1,2,0,0,3,2,1,1,0,1,1,0,0,2,3,1,1,0,2,0,1,3,1,2,5,5,4,3,1,5,2,2,11,0,0,0,0,0,0,0,0,0,0,0,0,0,0,0,0,0,0,0,0,0,0,0,0,0,0,0,0,0,0,0,0,4,2,4,5,4,4,3,8,4,5
220,1,66,69,3,64,64,0,0,0,65,0,42144,42144,3285,3285,0,3715,38429,0,0,0,1317,42144,1363,557,32,1023,10,14,0,1048576,0,0,0,inf,inf,1.20326543,1.06060386,1,0,10,66,2,7,26,32,2080,372,1252,1252,20,40064,3343,557,89,971,1023,1023,1023,0,0,1023,6,8,8,5,5,4,2,8,1,4,4,1,2,2,0,3,1,0,0,1,0,0,0,0,0,0,0,0,0,0,0,0,0,0,0,0,0,0,0,0,0,0,0,0,0,0,0,0,0,0,0,0,0,0,0,0,0,0,0,0,0,0,0,0,0,9,2,9,3,4,9,3,9,3,2
221,1,67,69,3,64,64,0,0,0,66,0,2112,2112,709,709,0,2014,98,0,0,0,66,2112,1315,1305,32,1023,10,14,0,1048576,0,0,0,inf,inf,1.0184896,0.923613191,1,0,10,67,2,66,0,0,2112,2014,0,0,0,0,0,1305,0,1023,0,1023,1023,0,0,1023,0,0,0,0,0,0,0,0,0,0,0,0,0,0,0,1,0,0,0,0,0,0,0,0,0,0,1,3,4,2,11,16,28,0,0,0,0,0,0,0,0,0,0,0,0,0,0,0,0,0,0,0,0,0,0,0,0,0,0,0,0,0,0,0,0,4,28,3,4,11,5,3,37,43,30
222,1,68,69,3,64,64,0,0,0,67,0,2144,2144,1061,1061,0,2058,86,0,0,0,67,2144,1007,997,32,1023,10,14,0,1048576,0,0,0,inf,inf,0.935590267,0.805390894,1,0,10,68,2,67,0,0,2144,2058,0,0,0,0,0,997,0,1023,0,1023,1023,0,0,1023,0,0,0,0,0,0,0,0,0,0,0,0,0,0,0,1,0,0,0,0,0,0,0,0,0,0,2,1,1,3,9,21,29,0,0,0,0,0,0,0,0,0,0,0,0,0,0,0,0,0,0,0,0,0,0,0,0,0,0,0,0,0,0,0,0,5,5,5,10,4,14,8,5,8,10
223,1,66,69,3,64,64,0,0,0,65,0,20992,20992,1724,1724,0,2469,18523,0,0,0,656,20992,1120,629,32,1023,10,14,0,1048576,0,0,0,inf,inf,1.36183834,1.23716831,1,0,10,66,2,38,16,11,2080,969,591,591,26,18912,1500,629,127,1023,1023,1023,1023,16,0,1023,3,3,3,2,0,4,0,1,3,2,1,3,2,3,0,2,4,1,0,2,1,5,4,3,2,2,3,1,3,0,1,1,0,0,0,0,0,0,0,0,0,0,0,0,0,0,0,0,0,0,0,0,0,0,0,0,0,0,0,0,0,0,0,0,0,7,2,15,1,7,6,4,4,2,3
224,1,69,69,1,64,64,0,5,0,68,0,36096,36096,2747,2747,0,4905,31191,0,0,0,1128,36096,2203,1387,32,1023,10,14,0,1048576,0,0,0,inf,1.10790741,1.11263919,0.985287666,1,0,10,69,2,20,27,21,2176,682,1060,1060,89,33920,4223,1387,498,503,1023,1023,1023,640,0,1023,6,4,1,4,6,5,3,3,7,2,3,1,3,2,1,4,0,2,0,1,1,0,1,0,0,1,0,2,1,0,2,1,1,0,0,0,0,0,0,0,0,0,0,0,0,0,0,0,0,0,0,0,0,0,0,0,0,0,0,0,0,0,0,0,0,9,13,15,45,14,10,13,11,13,46
225,1,66,69,3,64,64,0,0,0,65,0,45600,45600,3195,3195,0,3682,41918,0,0,0,1425,45600,1451,600,32,1023,10,14,0,1048576,0,0,0,inf,inf,1.39128208,1.27313471,1,0,10,66,2,5,27,33,2080,328,1360,1360,29,43520,3354,600,71,509,1023,1023,1023,0,0,1023,8,7,7,6,5,6,8,5,2,1,1,3,1,1,0,2,1,1,0,0,0,0,0,0,0,0,0,0,0,0,0,0,0,0,0,0,0,0,0,0,0,0,0,0,0,0,0,0,0,0,0,0,0,0,0,0,0,0,0,0,0,0,0,0,0,12,15,28,2,6,8,4,2,8,3
226,1,67,69,3,64,64,0,0,0,66,0,6848,6848,1365,1365,0,2024,4824,0,0,0,214,6848,815,624,32,1023,10,14,0,1048576,0,0,0,inf,inf,1.23114479,1.06632495,1,0,10,67,2,59,6,1,2112,1450,148,148,1,4736,574,624,23,1023,505,1023,1023,0,0,1023,0,0,0,0,1,0,0,1,0,1,0,3,1,2,1,6,1,1,1,3,4,3,1,5,4,1,2,4,4,9,4,3,0,0,0,0,0,0,0,0,0,0,0,0,0,0,0,0,0,0,0,0,0,0,0,0,0,0,0,0,0,0,0,0,0,5,11,7,5,7,9,6,6,4,7
227,0.800000012,69,69,1,64,64,0,3,0,68,0,21184,21184,1749,1749,0,3376,17808,0,0,0,662,21184,1239,838,32,766,10,14,0,1048576,0,0,0,inf,1.20649207,1.2077359,1.10071468,1,0,10,69,2,43,14,11,2176,1073,594,594,67,19008,2303,838,473,718,758,766,766,2,0,766,0,5,1,2,3,2,3,3,1,0,1,3,1,0,2,3,3,3,3,3,2,2,2,3,2,4,1,4,3,0,2,0,1,0,0,0,0,0,0,0,0,0,0,0,0,0,0,0,0,0,0,0,0,0,0,0,0,0,0,0,0,0,0,0,0,4294967295,43,10,17,27,12,10,10,4294967295,14
228,1,66,69,3,64,64,0,0,0,65,0,35552,35552,3808,3808,0,5326,30226,0,0,0,1111,35552,2326,1192,32,1023,10,14,0,1048576,0,0,0,inf,inf,1.10053325,0.991047621,1,0,10,66,2,8,37,20,2080,501,1046,1046,64,33472,4825,1192,403,1015,1023,1023,1023,192,0,1023,1,2,1,8,8,5,5,7,5,3,4,6,2,0,1,2,0,2,1,0,0,1,0,1,0,0,0,0,0,0,0,0,0,0,0,0,0,0,0,0,0,0,0,0,0,0,0,0,0,0,0,0,0,0,0,0,0,0,0,0,0,0,0,0,0,3,2,3,11,5,3,7,15,3,11
229,1,69,69,2,64,64,0,0,0,68,0,2176,2176,933,933,0,2076,100,0,0,0,68,2176,1153,1143,32,1023,10,14,0,1048576,0,0,0,inf,inf,0.886064827,0.794100821,1,0,10,69,2,68,0,0,2176,2076,0,0,0,0,0,1143,0,1023,0,1023,1023,0,0,1023,0,0,0,0,0,0,0,0,0,0,0,0,0,0,1,0,0,0,1,0,0,0,0,0,0,0,2,2,2,4,6,14,36,0,0,0,0,0,0,0,0,0,0,0,0,0,0,0,0,0,0,0,0,0,0,0,0,0,0,0,0,0,0,0,0,11,8,9,8,13,11,10,8,16,13
230,1,67,69,3,64,64,0,0,0,66,0,5184,5184,1074,1074,0,1855,3329,0,0,0,162,5184,786,721,32,1023,10,14,0,1048576,0,0,0,inf,inf,1.32284808,1.22918737,1,0,10,67,2,62,2,2,2112,1590,96,96,8,3072,265,721,36,1023,207,1023,1023,0,0,1023,0,0,0,0,2,0,0,0,0,0,0,1,1,2,2,2,0,1,1,4,2,3,4,1,3,6,2,2,1,6,7,6,7,0,0,0,0,0,0,0,0,0,0,0,0,0,0,0,0,0,0,0,0,0,0,0,0,0,0,0,0,0,0,0,0,5,6,5,4,59,3,6,8,5,3
231,1,66,69,3,64,64,0,0,0,65,0,56416,56416,2871,2871,0,4570,51846,0,0,0,1763,56416,1607,1160,32,1023,10,14,0,1048576,0,0,0,inf,inf,1.3306675,1.21353126,1,0,10,66,2,0,15,50,2080,167,1698,1698,103,54336,4403,1160,323,63,1023,1023,1023,0,0,1023,15,16,11,4,4,4,4,3,1,2,1,0,0,0,0,0,0,0,0,0,0,0,0,0,0,0,0,0,0,0,0,0,0,0,0,0,0,0,0,0,0,0,0,0,0,0,0,0,0,0,0,0,0,0,0,0,0,0,0,0,0,0,0,0,0,34,35,12,25,4,5,32,25,39,43
232,0.899999976,66,69,3,64,64,0,0,0,65,0,10848,10848,1173,1173,0,2196,8652,0,0,0,339,10848,1113,934,32,1015,10,14,0,1048576,0,0,0,inf,inf,1.26237619,1.16587937,1,0,10,66,2,54,6,5,2080,1408,274,274,12,8768,788,934,57,1015,436,1015,1015,4,0,1015,1,1,0,1,2,1,0,1,1,2,0,0,1,0,1,3,1,3,0,1,2,6,1,1,4,4,3,5,0,6,3,3,7,0,0,0,0,0,0,0,0,0,0,0,0,0,0,0,0,0,0,0,0,0,0,0,0,0,0,0,0,0,0,0,0,2,6,16,4294967295,2,5,20,3,17,19
233,1,69,69,1,64,64,0,1,0,68,0,27840,27840,2233,2233,0,5633,22207,0,0,0,870,27840,2392,1413,32,1023,10,14,0,1048576,0,0,0,inf,1.10673332,1.10673332,1.01619625,1,0,10,69,2,29,34,5,2176,812,802,802,178,25664,4821,1413,1273,762,1023,1023,1023,0,0,1023,1,1,2,0,1,3,5,6,5,6,4,1,4,2,0,7,4,1,3,3,0,5,2,1,0,0,0,0,1,0,0,0,0,0,0,0,0,0,0,0,0,0,0,0,0,0,0,0,0,0,0,0,0,0,0,0,0,0,0,0,0,0,0,0,0,11,8,10,10,60,18,10,10,11,9
234,1,67,69,3,64,64,0,0,0,66,0,8768,8768,1382,1382,0,2190,6578,0,0,0,274,8768,990,766,32,1023,10,14,0,1048576,0,0,0,inf,inf,1.2191658,1.10161018,1,0,10,67,2,57,7,2,2112,1484,208,208,10,6656,706,766,28,959,613,1023,1023,0,0,1023,1,0,0,0,1,0,1,2,1,1,0,1,1,1,1,1,3,1,3,2,1,2,3,2,3,4,3,3,3,9,3,7,2,0,0,0,0,0,0,0,0,0,0,0,0,0,0,0,0,0,0,0,0,0,0,0,0,0,0,0,0,0,0,0,0,4,5,5,5,5,4,21,5,3,11
235,1,67,69,3,64,64,0,0,0,66,0,35648,35648,3206,3206,0,5854,29794,0,0,0,1114,35648,2493,1495,32,1023,10,14,0,1048576,0,0,0,inf,inf,1.08811963,1.02736187,1,0,10,67,2,17,34,15,2112,613,1048,1048,109,33536,5241,1495,688,1023,1007,1023,1023,0,0,1023,2,4,4,4,1,3,5,7,3,1,7,1,7,2,1,4,3,2,0,0,1,2,0,1,0,0,1,0,0,0,0,0,0,0,0,0,0,0,0,0,0,0,0,0,0,0,0,0,0,0,0,0,0,0,0,0,0,0,0,0,0,0,0,0,0,8,23,3,9,57,18,15,9,14,6
236,0.899999976,68,69,3,64,64,0,0,0,67,0,2144,2144,716,716,0,1996,148,0,0,0,67,2144,1290,1280,32,1007,10,14,0,1048576,0,0,0,inf,inf,0.916975141,0.834162235,1,0,10,68,2,67,0,0,2144,1996,0,0,0,0,0,1280,0,1007,0,1007,1007,0,0,1007,0,0,0,0,0,0,0,0,0,0,0,0,0,0,0,1,1,0,0,0,0,1,0,1,1,1,2,4,1,5,8,13,28,0,0,0,0,0,0,0,0,0,0,0,0,0,0,0,0,0,0,0,0,0,0,0,0,0,0,0,0,0,0,0,0,19,5,15,3,4294967295,3,16,30,16,12
237,1,67,69,3,64,64,0,0,0,66,0,2784,2784,740,740,0,1968,816,0,0,0,87,2784,1109,1069,32,1023,10,14,0,1048576,0,0,0,inf,inf,0.92223525,0.835417986,1,0,10,67,2,65,1,0,2112,1729,21,21,13,672,239,1069,75,1023,592,1023,1023,0,0,1023,0,0,0,0,0,0,0,0,0,0,0,1,0,1,2,3,2,0,1,1,2,3,1,1,2,1,3,6,4,6,3,10,13,0,0,0,0,0,0,0,0,0,0,0,0,0,0,0,0,0,0,0,0,0,0,0,0,0,0,0,0,0,0,0,0,8,8,14,7,2,11,3,9,8,3
238,1,69,69,2,64,64,0,0,0,68,0,40448,40448,2771,2771,0,6468,33980,0,0,0,1264,40448,2637,1612,32,1023,10,14,0,1048576,0,0,0,inf,inf,1.17755508,1.0851934,1,0,10,69,2,14,36,18,2176,558,1196,1196,225,38272,5910,1612,1256,606,1023,1023,1023,12,0,1023,4,5,1,4,4,4,8,7,3,2,5,3,4,2,0,5,1,1,1,2,0,1,1,0,0,0,0,0,0,0,0,0,0,0,0,0,0,0,0,0,0,0,0,0,0,0,0,0,0,0,0,0,0,0,0,0,0,0,0,0,0,0,0,0,0,10,13,20,30,13,8,15,8,28,14
239,0.899999976,67,69,3,64,64,0,0,0,66,0,2112,2112,625,625,0,1865,247,0,0,0,66,2112,1250,1240,32,895,10,14,0,1048576,0,0,0,inf,inf,0.894212842,0.791417122,1,0,10,67,2,66,0,0,2112,1865,0,0,0,0,0,1240,0,895,0,895,895,0,0,895,0,0,0,0,0,0,0,0,0,0,0,0,0,0,1,1,1,0,1,0,1,2,2,2,1,3,3,3,4,5,4,9,23,0,0,0,0,0,0,0,0,0,0,0,0,0,0,0,0,0,0,0,0,0,0,0,0,0,0,0,0,0,0,0,0,6,6,6,7,4,7,3,4294967295,5,19
240,1,68,69,3,64,64,0,0,0,67,0,32480,32480,1941,1941,0,3990,28490,0,0,0,1015,32480,1875,1182,32,1023,10,14,0,1048576,0,0,0,inf,inf,1.36464918,1.19556105,1,0,10,68,2,24,24,19,2144,703,948,948,80,30336,3287,1182,622,767,1023,1023,1023,0,0,1023,7,2,5,3,2,7,2,3,2,1,3,2,4,0,0,1,4,2,3,3,2,1,2,3,0,1,0,1,0,0,0,1,0,0,0,0,0,0,0,0,0,0,0,0,0,0,0,0,0,0,0,0,0,0,0,0,0,0,0,0,0,0,0,0,0,10,8,9,9,9,6,6,12,7,8
241,1,69,69,1,64,64,0,5,0,68,0,22528,22528,2144,2144,0,4240,18288,0,0,0,704,22528,1891,1147,32,1023,10,14,0,1048576,0,0,0,inf,1.10930061,1.11096215,0.948788047,1,0,10,69,2,37,25,6,2176,956,636,636,110,20352,3284,1147,642,1023,1023,1023,1023,64,0,1023,0,4,0,0,2,1,4,4,4,1,4,4,3,4,3,5,1,2,1,5,2,0,2,2,2,0,5,1,1,0,0,1,0,0,0,0,0,0,0,0,0,0,0,0,0,0,0,0,0,0,0,0,0,0,0,0,0,0,0,0,0,0,0,0,0,13,17,13,13,14,14,25,19,14,11
242,1,68,69,3,64,64,0,0,0,67,0,39072,39072,3080,3080,0,6459,32613,0,0,0,1221,39072,2725,1623,32,1023,10,14,0,1048576,0,0,0,inf,inf,1.1814146,1.09499025,1,0,10,68,2,14,38,15,2144,565,1154,1154,150,36928,5894,1623,1131,958,1023,1023,1023,24,0,1023,3,4,2,2,4,6,6,8,5,2,5,2,4,2,1,3,1,1,1,3,0,2,0,0,0,0,0,0,0,0,0,0,0,0,0,0,0,0,0,0,0,0,0,0,0,0,0,0,0,0,0,0,0,0,0,0,0,0,0,0,0,0,0,0,0,31,18,29,10,24,21,5,11,19,19
243,0.899999976,68,69,3,64,64,0,0,0,67,0,9568,9568,1106,1106,0,2127,7441,0,0,0,299,9568,960,871,32,1021,10,14,0,1048576,0,0,0,inf,inf,1.32724571,1.22653103,1,0,10,68,2,58,3,6,2144,1504,232,232,20,7424,623,871,98,1005,284,1021,1021,272,0,1021,1,1,0,1,3,0,0,0,1,0,0,0,2,2,1,1,1,1,0,3,2,3,4,2,3,5,3,4,3,7,3,6,4,0,0,0,0,0,0,0,0,0,0,0,0,0,0,0,0,0,0,0,0,0,0,0,0,0,0,0,0,0,0,0,0,9,4294967295,9,6,31,7,6,3,18,9
244,0.899999976,66,69,3,64,64,0,0,0,65,0,32544,32544,2530,2530,0,5751,26793,0,0,0,1017,32544,2268,1376,32,1019,10,14,0,1048576,0,0,0,inf,inf,1.21301627,1.08044541,1,0,10,66,2,19,31,15,2080,639,952,952,208,30464,5112,1376,1141,1019,1019,1019,1019,0,0,1019,1,1,5,6,2,4,3,6,3,3,4,5,3,3,2,3,0,2,1,2,0,1,1,3,0,0,1,0,0,0,0,0,0,0,0,0,0,0,0,0,0,0,0,0,0,0,0,0,0,0,0,0,0,0,0,0,0,0,0,0,0,0,0,0,0,3,5,4294967295,5,12,32,4,3,3,6
245,0.800000012,65,69,3,64,64,0,0,0,64,0,22656,22656,1867,1867,0,3117,19539,0,0,0,708,22656,1544,919,32,511,10,14,0,1048576,0,0,0,inf,inf,1.39672709,1.31290603,1,0,10,65,2,35,21,8,2048,974,644,644,29,20608,2143,919,229,191,511,447,447,64,0,447,1,1,4,2,0,2,4,2,3,4,2,2,2,2,3,0,2,2,2,4,2,0,1,2,1,0,2,1,3,3,1,1,3,0,0,0,0,0,0,0,0,0,0,0,0,0,0,0,0,0,0,0,0,0,0,0,0,0,0,0,0,0,0,0,0,2,2,4,4,4,3,4294967295,4,4,4294967295
246,1,66,69,3,64,64,0,0,0,65,0,16576,16576,1723,1723,0,3841,12735,0,0,0,518,16576,1454,883,32,1023,10,14,0,1048576,0,0,0,inf,inf,1.05084348,0.940902531,1,0,10,66,2,43,20,2,2080,974,453,453,127,14496,2867,883,775,1023,1023,1023,1023,8,0,1023,0,1,0,1,0,4,1,2,1,2,2,3,5,3,9,3,3,3,4,1,4,2,3,2,0,2,3,0,0,1,0,0,0,0,0,0,0,0,0,0,0,0,0,0,0,0,0,0,0,0,0,0,0,0,0,0,0,0,0,0,0,0,0,0,0,3,1,2,8,4,2,4,2,4,4
247,1,65,69,3,64,64,0,0,0,64,0,41856,41856,4614,4614,0,5796,36060,0,0,0,1308,41856,1778,902,64,1023,10,14,0,1048576,0,0,0,inf,inf,1.50369453,1.41557789,1,0,10,65,2,5,29,30,2048,376,1244,1244,41,39808,5420,902,273,319,1023,1023,1023,0,0,1023,5,4,9,9,3,3,8,2,4,1,2,4,5,1,3,0,0,0,1,0,0,0,0,0,0,0,0,0,0,0,0,0,0,0,0,0,0,0,0,0,0,0,0,0,0,0,0,0,0,0,0,0,0,0,0,0,0,0,0,0,0,0,0,0,0,2,5,3,3,1,6,1,2,1,9
248,1,66,69,3,64,64,0,0,0,65,0,34912,34912,3087,3087,0,6283,28629,0,0,0,1091,34912,2685,1450,32,1023,10,14,0,1048576,0,0,0,inf,inf,1.11702764,1.02978528,1,0,10,66,2,17,43,5,2080,637,1026,1026,169,32832,5646,1450,999,935,1023,1023,1023,128,0,1023,0,1,1,1,2,8,5,8,7,3,6,5,1,1,3,3,3,2,1,0,1,0,2,1,0,0,0,0,0,0,0,0,0,0,0,0,0,0,0,0,0,0,0,0,0,0,0,0,0,0,0,0,0,0,0,0,0,0,0,0,0,0,0,0,0,4,11,2,12,1,3,13,3,20,29
249,0.899999976,69,69,1,64,64,0,12,0,68,0,23008,23008,1803,1803,0,3829,19179,0,0,0,719,23008,1702,1122,32,511,10,14,0,1048576,0,0,0,inf,1.26445007,1.38628459,1.27837348,1,0,10,69,2,39,20,9,2176,982,651,651,105,20832,2847,1122,502,507,261,511,511,0,0,511,1,1,1,3,3,2,2,4,2,2,3,0,5,2,4,4,3,1,6,1,1,1,1,2,3,3,2,1,2,1,1,0,0,0,0,0,0,0,0,0,0,0,0,0,0,0,0,0,0,0,0,0,0,0,0,0,0,0,0,0,0,0,0,0,0,64,67,17,66,67,26,67,66,10,4294967295
250,1,67,69,3,64,64,0,0,0,66,0,36768,36768,3779,3779,0,6301,30467,0,0,0,1149,36768,2572,1440,32,1023,10,14,0,1048576,0,0,0,inf,inf,1.13790131,1.02369118,1,0,10,67,2,13,38,15,2112,552,1083,1083,108,34656,5749,1440,714,1007,1023,1023,1023,0,0,1023,1,2,1,7,4,7,10,3,4,6,4,3,1,1,2,1,1,2,2,1,1,1,1,0,0,0,0,0,0,0,0,0,0,0,0,0,0,0,0,0,0,0,0,0,0,0,0,0,0,0,0,0,0,0,0,0,0,0,0,0,0,0,0,0,0,6,5,7,6,5,6,4,8,6,6
251,0.899999976,68,69,3,64,64,0,0,0,67,0,2144,2144,1111,1111,0,2102,42,0,0,0,67,2144,1001,991,32,895,10,14,0,1048576,0,0,0,inf,inf,0.905986667,0.814558864,1,0,10,68,2,67,0,0,2144,2102,0,0,0,0,0,991,0,895,0,895,895,0,0,895,0,0,0,0,0,0,0,0,0,0,0,0,0,0,0,0,0,0,0,0,0,0,0,0,0,0,0,0,2,2,7,14,42,0,0,0,0,0,0,0,0,0,0,0,0,0,0,0,0,0,0,0,0,0,0,0,0,0,0,0,0,0,0,0,0,6,7,9,6,6,6,11,4294967295,15,5
252,1,66,69,3,64,64,0,0,0,65,0,6560,6560,1094,1094,0,1837,4723,0,0,0,205,6560,787,746,32,1023,10,14,0,1048576,0,0,0,inf,inf,1.32736254,1.21427774,1,0,10,66,2,60,1,4,2080,1546,140,140,0,4480,291,746,0,1023,355,1023,1023,0,0,1023,1,0,0,0,3,1,0,0,0,0,0,0,0,1,1,2,0,0,1,4,2,4,4,1,2,7,2,4,1,6,6,6,6,0,0,0,0,0,0,0,0,0,0,0,0,0,0,0,0,0,0,0,0,0,0,0,0,0,0,0,0,0,0,0,0,5,7,44,6,2,6,3,2,2,3
253,0.800000012,66,69,3,64,64,0,0,0,65,0,54848,54848,2869,2869,0,5090,49758,0,0,0,1714,54848,1564,1129,32,447,10,14,0,1048576,0,0,0,inf,inf,1.48594439,1.41297686,1,0,10,66,2,4,15,46,2080,229,1649,1649,112,52768,4861,1129,616,49,447,447,447,0,0,447,11,17,9,3,6,3,4,5,0,1,1,1,0,2,0,1,1,0,0,0,0,0,0,0,0,0,0,0,0,0,0,0,0,0,0,0,0,0,0,0,0,0,0,0,0,0,0,0,0,0,0,0,0,0,0,0,0,0,0,0,0,0,0,0,0,53,19,40,19,52,58,4294967295,5,57,4294967295
254,1,66,69,3,64,64,0,0,0,65,0,26944,26944,2995,2995,0,4607,22337,0,0,0,842,26944,1730,1009,32,1023,10,14,0,1048576,0,0,0,inf,inf,1.21190691,1.03869772,1,0,10,66,2,24,24,17,2080,669,777,777,59,24864,3938,1009,461,1023,1023,1023,1023,0,0,1023,0,4,6,3,4,1,3,3,2,4,4,3,4,4,2,3,1,3,4,2,0,3,0,2,0,0,0,0,0,0,0,0,0,0,0,0,0,0,0,0,0,0,0,0,0,0,0,0,0,0,0,0,0,0,0,0,0,0,0,0,0,0,0,0,0,3,4,8,2,9,4,4,6,3,5
255,1,67,69,3,64,64,0,0,0,66,0,4512,4512,877,877,0,1878,2634,0,0,0,141,4512,906,873,32,1023,10,14,0,1048576,0,0,0,inf,inf,1.30013013,1.19771647,1,0,10,67,2,63,1,2,2112,1594,75,75,16,2400,284,873,80,1023,534,1023,1023,512,0,1023,0,0,0,0,2,0,0,0,0,0,0,0,1,2,2,2,0,1,1,3,3,5,3,1,3,7,1,4,2,7,3,2,11,0,0,0,0,0,0,0,0,0,0,0,0,0,0,0,0,0,0,0,0,0,0,0,0,0,0,0,0,0,0,0,0,25,3,4,4,8,2,5,14,4,47
256,1,66,69,3,64,64,0,0,0,65,0,20384,20384,2068,2068,0,5091,15293,0,0,0,637,20384,2053,1336,32,1023,10,14,0,1048576,0,0,0,inf,inf,1.03534007,0.95923996,1,0,10,66,2,34,25,6,2080,1015,572,572,150,18304,4076,1336,1058,766,1015,1023,1023,0,0,1023,0,0,1,2,3,3,1,1,5,7,0,4,4,1,1,1,4,2,1,0,2,4,0,1,0,5,1,3,2,3,1,2,0,0,0,0,0,0,0,0,0,0,0,0,0,0,0,0,0,0,0,0,0,0,0,0,0,0,0,0,0,0,0,0,0,15,11,2,2,5,11,6,10,17,11
257,0.899999976,69,69,2,64,64,0,0,0,68,0,26464,26464,2473,2473,0,4021,22443,0,0,0,827,26464,1676,912,32,895,10,14,0,1048576,0,0,0,inf,inf,1.23354566,1.17514348,1,0,10,69,2,32,26,10,2176,904,759,759,71,24288,3117,912,449,862,895,895,895,1,0,895,1,6,1,1,1,1,2,7,2,4,4,4,2,3,2,2,2,3,2,1,1,2,1,3,2,1,2,0,0,2,2,0,1,0,0,0,0,0,0,0,0,0,0,0,0,0,0,0,0,0,0,0,0,0,0,0,0,0,0,0,0,0,0,0,0,8,6,20,6,6,25,38,4294967295,6,7
258,1,68,69,3,64,64,0,0,0,67,0,2144,2144,904,904,0,2040,104,0,0,0,67,2144,1146,1136,32,1023,10,14,0,1048576,0,0,0,inf,inf,0.990363121,0.83502984,1,0,10,68,2,67,0,0,2144,2040,0,0,0,0,0,1136,0,1023,0,1023,1023,0,0,1023,0,0,0,0,0,0,0,0,0,0,0,0,0,0,0,0,1,0,0,0,0,0,0,0,1,0,1,4,1,9,7,9,34,0,0,0,0,0,0,0,0,0,0,0,0,0,0,0,0,0,0,0,0,0,0,0,0,0,0,0,0,0,0,0,0,4,5,4,6,4,5,3,5,4,5
259,1,66,69,3,64,64,0,0,0,65,0,36416,36416,3160,3160,0,5546,30870,0,0,0,1138,36416,2354,1345,32,1023,10,14,0,1048576,0,0,0,inf,inf,1.1735549,1.06770492,1,0,10,66,2,13,34,18,2080,520,1073,1073,117,34336,5026,1345,690,990,1023,1023,1023,520,0,1023,4,3,4,4,3,4,4,7,3,3,4,3,6,2,5,2,1,1,1,1,0,0,0,0,0,0,0,0,0,0,0,0,0,0,0,0,0,0,0,0,0,0,0,0,0,0,0,0,0,0,0,0,0,0,0,0,0,0,0,0,0,0,0,0,0,4,4,3,16,1,23,15,7,17,4
260,1,68,69,3,64,64,0,0,0,67,0,35616,35616,2257,2257,0,3745,31871,0,0,0,1113,35616,1805,1095,32,1023,10,14,0,1048576,0,0,0,inf,inf,1.45220256,1.31136632,1,0,10,68,2,20,24,23,2144,676,1046,1046,60,33472,3069,1095,343,1023,1023,1023,1023,0,0,1023,8,4,4,4,3,7,2,2,2,2,2,3,4,1,1,0,1,0,3,0,3,0,1,1,2,3,0,1,0,1,0,1,1,0,0,0,0,0,0,0,0,0,0,0,0,0,0,0,0,0,0,0,0,0,0,0,0,0,0,0,0,0,0,0,0,32,10,9,2,3,4,3,9,3,4
261,0.899999976,68,69,3,64,64,0,0,0,67,0,32064,32064,2195,2195,0,3621,28443,0,0,0,1002,32064,1486,891,32,1007,10,14,0,1048576,0,0,0,inf,inf,1.406533,1.29800439,1,0,10,68,2,26,20,21,2144,808,935,935,71,29920,2813,891,366,751,1007,1007,1007,0,0,1007,3,3,6,6,3,4,2,3,0,3,3,2,3,0,1,2,2,0,1,2,2,1,1,3,2,1,2,0,0,0,2,2,2,0,0,0,0,0,0,0,0,0,0,0,0,0,0,0,0,0,0,0,0,0,0,0,0,0,0,0,0,0,0,0,0,5,7,8,5,4294967295,8,7,6,8,5
262,1,69,69,1,64,64,0,2,0,68,0,27008,27008,2006,2006,0,3290,23718,0,0,0,844,27008,1617,962,32,1023,10,14,0,1048576,0,0,0,inf,1.2236321,1.22388792,1.07438409,1,0,10,69,2,34,22,12,2176,930,776,776,25,24832,2360,962,257,750,1023,1023,1023,0,0,1023,0,6,3,0,3,7,4,4,1,0,1,4,1,1,0,1,2,3,4,2,3,2,1,2,1,3,2,3,0,1,1,1,1,0,0,0,0,0,0,0,0,0,0,0,0,0,0,0,0,0,0,0,0,0,0,0,0,0,0,0,0,0,0,0,0,12,10,38,23,38,7,38,9,10,11
263,1,65,69,3,64,64,0,0,0,64,0,23648,23648,1845,1845,0,2424,21224,0,0,0,739,23648,901,506,32,1023,10,14,0,1048576,0,0,0,inf,inf,1.44785714,1.31732821,1,0,10,65,2,36,13,15,2048,963,675,675,17,21600,1461,506,93,1021,1023,1023,1023,0,0,1023,3,3,4,2,3,2,3,2,3,1,1,0,1,2,1,2,2,1,0,1,2,2,2,2,2,3,2,3,1,2,3,1,2,0,0,0,0,0,0,0,0,0,0,0,0,0,0,0,0,0,0,0,0,0,0,0,0,0,0,0,0,0,0,0,0,1,2,1,1,2,2,2,1,1,3
264,1,66,69,3,64,64,0,0,0,65,0,20992,20992,1802,1802,0,2691,18301,0,0,0,656,20992,1111,618,32,1023,10,14,0,1048576,0,0,0,inf,inf,1.29494166,1.16336417,1,0,10,66,2,39,16,10,2080,1008,591,591,19,18912,1683,618,209,959,1023,1023,1023,0,0,1023,4,2,1,2,1,4,1,1,3,0,2,3,2,2,0,3,3,2,0,2,1,6,2,2,2,3,4,2,0,1,1,3,0,0,0,0,0,0,0,0,0,0,0,0,0,0,0,0,0,0,0,0,0,0,0,0,0,0,0,0,0,0,0,0,0,2,3,29,5,3,1,57,2,2,3
265,1,66,69,3,64,64,0,0,0,65,0,42368,42368,3686,3686,0,3821,38547,0,0,0,1324,42368,1325,422,96,1023,10,14,0,1048576,0,0,0,inf,inf,1.31305528,1.18739247,1,0,10,66,2,5,29,31,2080,374,1259,1259,11,40288,3447,422,29,1023,1023,1023,1023,0,0,1023,3,5,6,9,8,7,4,5,3,0,5,2,3,2,1,1,0,1,0,0,0,0,0,0,0,0,0,0,0,0,0,0,0,0,0,0,0,0,0,0,0,0,0,0,0,0,0,0,0,0,0,0,0,0,0,0,0,0,0,0,0,0,0,0,0,4,2,5,2,1,1,1,6,18,3
266,1,69,69,1,64,64,0,3,0,68,0,44224,44224,2432,2432,0,5845,38379,0,0,0,1382,44224,2268,1514,32,1023,10,14,0,1048576,0,0,0,inf,1.14855647,1.1691767,1.02477312,1,0,10,69,2,14,27,27,2176,494,1314,1314,168,42048,5351,1514,1153,115,1023,1023,1023,1,0,1023,8,5,2,6,6,7,3,3,2,2,5,3,2,1,2,4,3,1,0,1,1,0,0,1,0,0,0,0,0,0,0,0,0,0,0,0,0,0,0,0,0,0,0,0,0,0,0,0,0,0,0,0,0,0,0,0,0,0,0,0,0,0,0,0,0,41,11,22,59,12,18,41,7,25,11
267,1,67,69,3,64,64,0,0,0,66,0,2112,2112,918,918,0,2057,55,0,0,0,66,2112,1149,1139,32,1023,10,14,0,1048576,0,0,0,inf,inf,0.928450823,0.844371319,1,0,10,67,2,66,0,0,2112,2057,0,0,0,0,0,1139,0,1023,0,1023,1023,0,0,1023,0,0,0,0,0,0,0,0,0,0,0,0,0,0,0,0,0,0,0,0,0,0,0,0,0,0,1,3,2,2,4,12,42,0,0,0,0,0,0,0,0,0,0,0,0,0,0,0,0,0,0,0,0,0,0,0,0,0,0,0,0,0,0,0,0,8,7,6,20,18,13,9,5,10,8
268,1,69,69,1,64,64,0,2,0,68,0,25280,25280,2280,2280,0,3287,21993,0,0,0,790,25280,1275,633,32,1023,10,14,0,1048576,0,0,0,inf,1.36436963,1.3644222,1.25787604,1,0,10,69,2,36,21,11,2176,854,722,722,29,23104,2433,633,270,1011,1023,1023,1023,66,0,1023,2,1,5,0,3,2,4,3,2,2,3,2,3,4,2,2,3,6,6,3,0,3,3,1,0,1,2,0,0,0,0,0,0,0,0,0,0,0,0,0,0,0,0,0,0,0,0,0,0,0,0,0,0,0,0,0,0,0,0,0,0,0,0,0,0,9,9,10,9,7,17,9,8,7,13
269,1,67,69,3,64,64,0,0,0,66,0,36704,36704,3594,3594,0,5629,31075,0,0,0,1147,36704,2376,1247,32,1023,10,14,0,1048576,0,0,0,inf,inf,1.12974977,1.00902593,1,0,10,67,2,13,38,15,2112,576,1081,1081,89,34592,5053,1247,592,895,1023,1023,1023,0,0,1023,1,3,1,5,5,5,7,7,4,5,4,5,1,0,1,1,2,2,1,1,2,2,1,0,0,0,0,0,0,0,0,0,0,0,0,0,0,0,0,0,0,0,0,0,0,0,0,0,0,0,0,0,0,0,0,0,0,0,0,0,0,0,0,0,0,4,5,5,3,3,3,3,5,4,3
270,1,67,69,3,64,64,0,0,0,66,0,27232,27232,2085,2085,0,3381,23851,0,0,0,851,27232,1582,914,32,1023,10,14,0,1048576,0,0,0,inf,inf,1.33557451,1.21583557,1,0,10,67,2,30,23,13,2112,877,785,785,51,25120,2504,914,267,1015,1023,1023,1023,512,0,1023,1,4,4,3,1,2,1,4,3,3,3,5,2,1,2,1,1,5,1,2,1,1,1,3,2,1,1,1,2,1,2,0,1,0,0,0,0,0,0,0,0,0,0,0,0,0,0,0,0,0,0,0,0,0,0,0,0,0,0,0,0,0,0,0,0,5,5,6,5,5,5,22,5,6,19
271,0.899999976,69,69,1,64,64,0,1,0,68,0,41568,41568,2514,2514,0,6067,35501,0,0,0,1299,41568,2455,1555,32,767,10,14,0,1048576,0,0,0,inf,1.21531773,1.22746158,1.16732264,1,0,10,69,2,16,32,20,2176,567,1231,1231,164,39392,5500,1555,1194,245,767,767,767,0,0,767,8,1,3,5,3,6,4,3,4,4,6,1,4,3,0,4,1,2,1,1,2,0,1,1,0,0,0,0,0,0,0,0,0,0,0,0,0,0,0,0,0,0,0,0,0,0,0,0,0,0,0,0,0,0,0,0,0,0,0,0,0,0,0,0,0,16,56,8,16,10,11,31,15,4294967295,15
272,1,69,69,1,64,64,0,3,0,68,0,24416,24416,1965,1965,0,4116,20300,0,0,0,763,24416,1503,1053,32,1023,10,14,0,1048576,0,0,0,inf,1.07875776,1.08074331,0.980757058,1,0,10,69,2,36,16,16,2176,859,695,695,99,22240,3257,1053,774,862,1023,1023,1023,0,0,1023,6,6,1,1,2,0,4,3,1,2,1,3,2,2,3,6,0,3,5,2,3,1,2,2,1,2,0,0,0,2,1,0,1,0,0,0,0,0,0,0,0,0,0,0,0,0,0,0,0,0,0,0,0,0,0,0,0,0,0,0,0,0,0,0,0,8,10,10,9,11,11,10,8,9,11
273,0.899999976,69,69,2,64,64,0,0,0,68,0,8704,8704,1191,1191,0,2045,6659,0,0,0,272,8704,907,780,32,767,10,14,0,1048576,0,0,0,inf,inf,1.20766354,1.12161827,1,0,10,69,2,60,4,4,2176,1570,204,204,4,6528,475,780,41,767,57,767,767,0,0,767,1,1,0,0,2,0,0,0,0,2,1,0,1,1,2,1,0,1,3,2,1,3,4,2,3,5,3,4,2,6,6,6,5,0,0,0,0,0,0,0,0,0,0,0,0,0,0,0,0,0,0,0,0,0,0,0,0,0,0,0,0,0,0,0,0,10,9,6,5,6,10,12,13,4294967295,9
274,1,68,69,3,64,64,0,0,0,67,0,2912,2912,716,716,0,2222,690,0,0,0,91,2912,1426,1389,32,1023,10,14,0,1048576,0,0,0,inf,inf,0.923852742,0.833580732,1,0,10,68,2,66,1,0,2144,2061,24,24,16,768,161,1389,77,1023,0,1023,1023,0,0,1023,0,0,0,0,0,0,0,0,1,0,0,0,0,0,0,0,0,0,0,0,0,0,0,0,0,0,1,3,1,4,5,12,40,0,0,0,0,0,0,0,0,0,0,0,0,0,0,0,0,0,0,0,0,0,0,0,0,0,0,0,0,0,0,0,0,9,24,7,15,9,3,6,4,14,9
275,1,68,69,3,64,64,0,0,0,67,0,2880,2880,769,769,0,2092,788,0,0,0,90,2880,1311,1275,32,1023,10,14,0,1048576,0,0,0,inf,inf,0.984131098,0.894522905,1,0,10,68,2,66,1,0,2144,1991,23,23,15,736,101,1275,18,1023,0,1023,1023,0,0,1023,0,0,0,0,0,0,0,0,0,1,0,0,0,0,0,1,1,1,1,0,0,0,0,0,0,0,1,3,1,6,5,15,31,0,0,0,0,0,0,0,0,0,0,0,0,0,0,0,0,0,0,0,0,0,0,0,0,0,0,0,0,0,0,0,0,15,16,4,6,20,15,16,9,16,17
276,0.800000012,67,69,3,64,64,0,0,0,66,0,36992,36992,2597,2597,0,4946,32046,0,0,0,1156,36992,1989,1159,32,999,10,14,0,1048576,0,0,0,inf,inf,1.1828959,1.11495948,1,0,10,67,2,19,29,18,2112,616,1090,1090,139,34880,4330,1159,663,995,999,999,999,0,0,999,0,8,3,4,3,3,6,5,2,3,1,3,6,0,2,4,2,3,1,4,0,1,0,1,0,1,0,0,0,0,0,0,0,0,0,0,0,0,0,0,0,0,0,0,0,0,0,0,0,0,0,0,0,0,0,0,0,0,0,0,0,0,0,0,0,5,20,6,4294967295,4294967295,20,16,19,23,20
277,1,67,69,3,64,64,0,0,0,66,0,30976,30976,2361,2361,0,5696,25280,0,0,0,968,30976,2511,1484,32,1023,10,14,0,1048576,0,0,0,inf,inf,1.05433273,0.955507696,1,0,10,67,2,21,36,9,2112,692,902,902,138,28864,5004,1484,1242,735,1023,1023,1023,12,0,1023,2,3,1,2,1,4,6,7,6,2,3,4,4,2,1,6,0,0,3,2,3,0,0,0,1,0,3,0,0,0,0,0,0,0,0,0,0,0,0,0,0,0,0,0,0,0,0,0,0,0,0,0,0,0,0,0,0,0,0,0,0,0,0,0,0,3,5,25,16,4,5,6,2,5,1
278,1,66,69,3,64,64,0,0,0,65,0,7136,7136,1250,1250,0,1899,5237,0,0,0,223,7136,723,655,32,1023,10,14,0,1048576,0,0,0,inf,inf,1.13926244,1.01220024,1,0,10,66,2,59,2,4,2080,1575,158,158,0,5056,324,655,0,1023,398,1023,1023,0,0,1023,1,1,0,0,2,0,0,0,1,0,0,1,0,1,2,1,0,1,2,1,2,4,3,1,2,4,1,3,1,7,5,6,12,0,0,0,0,0,0,0,0,0,0,0,0,0,0,0,0,0,0,0,0,0,0,0,0,0,0,0,0,0,0,0,0,4,8,5,4,4,4,3,4,8,2
279,0.800000012,69,69,2,64,64,0,0,0,68,0,5952,5952,1295,1295,0,1793,4159,0,0,0,186,5952,633,502,32,703,10,14,0,1048576,0,0,0,inf,inf,1.39787722,1.28225851,1,0,10,69,2,63,4,1,2176,1498,118,118,0,3776,295,502,0,703,702,703,703,0,0,703,0,0,1,0,0,1,0,0,0,1,1,0,1,2,1,2,6,2,3,3,3,1,4,1,4,5,6,6,4,2,2,4,2,0,0,0,0,0,0,0,0,0,0,0,0,0,0,0,0,0,0,0,0,0,0,0,0,0,0,0,0,0,0,0,0,12,9,8,9,7,7,4294967295,9,4294967295,8
280,1,68,69,3,64,64,0,0,0,67,0,30496,30496,2494,2494,0,5032,25464,0,0,0,953,30496,2053,1327,32,1023,10,14,0,1048576,0,0,0,inf,inf,1.10648191,0.974160731,1,0,10,68,2,25,25,17,2144,764,886,886,133,28352,4268,1327,761,881,1023,1023,1023,0,0,1023,3,4,2,5,3,2,4,2,2,2,6,4,3,0,3,4,2,1,2,1,1,2,1,2,0,0,0,2,1,2,0,1,0,0,0,0,0,0,0,0,0,0,0,0,0,0,0,0,0,0,0,0,0,0,0,0,0,0,0,0,0,0,0,0,0,3,8,4,4,15,4,11,6,7,6
281,1,66,69,3,64,64,0,0,0,65,0,17344,17344,1576,1576,0,2187,15157,0,0,0,542,17344,1057,583,32,1023,10,14,0,1048576,0,0,0,inf,inf,1.2483418,1.12522662,1,0,10,66,2,43,15,7,2080,1066,477,477,4,15264,1121,583,85,1023,1023,1023,1023,0,0,1023,2,2,1,2,0,3,1,2,3,1,1,2,2,2,0,4,5,2,0,2,0,5,5,2,2,2,3,3,3,0,1,2,0,0,0,0,0,0,0,0,0,0,0,0,0,0,0,0,0,0,0,0,0,0,0,0,0,0,0,0,0,0,0,0,0,4,4,2,3,4,2,1,2,2,4
282,1,66,69,3,64,64,0,0,0,65,0,29664,29664,3063,3063,0,5158,24506,0,0,0,927,29664,2076,1206,32,1023,10,14,0,1048576,0,0,0,inf,inf,0.984796405,0.888157248,1,0,10,66,2,18,29,18,2080,596,862,862,76,27584,4562,1206,608,766,1023,1023,1023,0,0,1023,1,5,4,3,5,2,2,6,5,1,2,6,5,1,3,3,4,2,0,4,0,1,0,0,0,0,0,0,0,0,0,0,0,0,0,0,0,0,0,0,0,0,0,0,0,0,0,0,0,0,0,0,0,0,0,0,0,0,0,0,0,0,0,0,0,12,5,9,5,5,7,5,4,6,4
283,1,67,69,3,64,64,0,0,0,66,0,36160,36160,2610,2610,0,4787,31373,0,0,0,1130,36160,1897,1213,32,1023,10,14,0,1048576,0,0,0,inf,inf,1.16889334,1.04108,1,0,10,67,2,17,24,25,2112,582,1064,1064,115,34048,4205,1213,655,998,1023,1023,1023,16,0,1023,6,8,4,4,3,2,5,4,1,4,3,2,3,0,1,5,1,2,1,0,0,1,1,1,0,0,0,0,0,3,0,0,1,0,0,0,0,0,0,0,0,0,0,0,0,0,0,0,0,0,0,0,0,0,0,0,0,0,0,0,0,0,0,0,0,3,5,6,5,4,14,3,7,5,3
284,1,68,69,3,64,64,0,0,0,67,0,2144,2144,953,953,0,1988,156,0,0,0,67,2144,1045,1035,32,1023,10,14,0,1048576,0,0,0,inf,inf,1.03902543,0.93146348,1,0,10,68,2,67,0,0,2144,1988,0,0,0,0,0,1035,0,1023,0,1023,1023,0,0,1023,0,0,0,0,0,0,0,0,0,0,0,0,0,0,0,1,0,0,0,0,2,0,0,1,1,1,2,1,6,3,14,13,22,0,0,0,0,0,0,0,0,0,0,0,0,0,0,0,0,0,0,0,0,0,0,0,0,0,0,0,0,0,0,0,0,8,10,7,8,7,16,9,10,8,8
285,1,68,69,3,64,64,0,0,0,67,0,33376,33376,2752,2752,0,5846,27530,0,0,0,1043,33376,2282,1366,32,1023,10,14,0,1048576,0,0,0,inf,inf,1.1816653,1.11170197,1,0,10,68,2,20,32,15,2144,660,976,976,163,31232,5186,1366,1011,631,1023,1023,1023,320,0,1023,0,3,4,5,3,2,1,10,3,3,4,3,6,3,2,1,2,5,2,0,3,0,1,1,0,0,0,0,0,0,0,0,0,0,0,0,0,0,0,0,0,0,0,0,0,0,0,0,0,0,0,0,0,0,0,0,0,0,0,0,0,0,0,0,0,6,8,8,22,10,2,9,8,35,9
286,0.800000012,66,69,3,64,64,0,0,0,65,0,26144,26144,1910,1910,0,4042,22102,0,0,0,817,26144,1706,1050,32,766,10,14,0,1048576,0,0,0,inf,inf,1.32285547,1.24557638,1,0,10,66,2,32,23,10,2080,872,752,752,127,24064,3170,1050,679,766,766,766,766,192,0,766,0,3,0,2,5,5,2,3,3,1,2,5,2,1,2,2,3,3,0,4,4,2,1,1,2,3,1,0,0,1,1,0,1,0,0,0,0,0,0,0,0,0,0,0,0,0,0,0,0,0,0,0,0,0,0,0,0,0,0,0,0,0,0,0,0,4294967295,2,1,11,4,2,11,58,4294967295,12
287,1,66,69,3,64,64,0,0,0,65,0,2784,2784,703,703,0,2036,748,0,0,0,87,2784,1296,1261,32,1023,10,14,0,1048576,0,0,0,inf,inf,0.997670174,0.906844437,1,0,10,66,2,64,1,0,2080,1920,22,22,14,704,116,1261,44,1023,0,1023,1023,0,0,1023,0,0,0,0,0,0,0,0,0,0,1,0,0,0,0,0,0,1,0,0,0,1,0,0,1,3,1,3,3,6,9,14,22,0,0,0,0,0,0,0,0,0,0,0,0,0,0,0,0,0,0,0,0,0,0,0,0,0,0,0,0,0,0,0,0,9,16,8,5,15,19,6,4,6,16
288,1,67,69,3,64,64,0,0,0,66,0,11296,11296,1311,1311,0,2694,8602,0,0,0,353,11296,1229,969,32,1023,10,14,0,1048576,0,0,0,inf,inf,1.25488567,1.18737137,1,0,10,67,2,53,9,4,2112,1467,287,287,38,9184,1227,969,190,767,989,1023,1023,0,0,1023,0,0,0,2,2,1,0,0,0,2,1,1,4,3,2,0,0,2,0,1,1,2,3,2,4,3,4,0,2,4,7,6,7,0,0,0,0,0,0,0,0,0,0,0,0,0,0,0,0,0,0,0,0,0,0,0,0,0,0,0,0,0,0,0,0,3,5,4,4,2,6,31,4,7,4
289,1,69,69,2,64,64,0,0,0,68,0,19168,19168,2021,2021,0,2860,16308,0,0,0,599,19168,1101,516,32,1023,10,14,0,1048576,0,0,0,inf,inf,1.31744671,1.17779076,1,0,10,69,2,42,19,7,2176,969,531,531,69,16992,1891,516,199,1023,1023,1023,1023,0,0,1023,0,0,4,1,2,1,5,2,2,3,2,1,3,6,2,1,3,6,2,4,1,4,4,4,2,2,1,0,0,0,0,0,0,0,0,0,0,0,0,0,0,0,0,0,0,0,0,0,0,0,0,0,0,0,0,0,0,0,0,0,0,0,0,0,0,6,5,7,7,4,11,7,5,5,5
290,1,65,69,3,64,64,0,0,0,64,0,33504,33504,3447,3447,0,4764,28740,0,0,0,1047,33504,1613,789,64,1023,10,14,0,1048576,0,0,0,inf,inf,1.44117451,1.37626123,1,0,10,65,2,16,27,21,2048,535,983,983,68,31456,4229,789,411,931,1023,1023,1023,0,0,1023,2,4,8,3,4,4,4,1,9,2,0,1,6,3,3,0,2,2,2,2,0,1,0,0,1,0,0,0,0,0,0,0,0,0,0,0,0,0,0,0,0,0,0,0,0,0,0,0,0,0,0,0,0,0,0,0,0,0,0,0,0,0,0,0,0,2,11,3,3,1,4,43,10,2,3
291,1,66,69,3,64,64,0,0,0,65,0,29248,29248,4009,4009,0,5866,23382,0,0,0,914,29248,2482,1111,32,1023,10,14,0,1048576,0,0,0,inf,inf,1.02490556,0.887305975,1,0,10,66,2,13,46,6,2080,627,849,849,79,27168,5239,1111,609,1023,1023,1023,1023,3,0,1023,1,0,0,4,1,5,6,3,6,7,4,9,6,1,3,3,3,0,1,1,0,0,1,0,0,0,0,0,0,0,0,0,0,0,0,0,0,0,0,0,0,0,0,0,0,0,0,0,0,0,0,0,0,0,0,0,0,0,0,0,0,0,0,0,0,5,3,2,15,2,4,4,3,2,2
292,1,69,69,1,64,64,0,4,0,68,0,23840,23840,1820,1820,0,4159,19681,0,0,0,745,23840,1587,1180,32,1023,10,14,0,1048576,0,0,0,inf,1.32964551,1.33639109,1.24430382,1,0,10,69,2,39,14,15,2176,908,677,677,137,21664,3251,1180,628,287,1023,1023,1023,0,0,1023,0,4,2,3,6,0,1,3,2,2,0,2,4,5,2,4,5,3,3,3,1,1,1,2,3,3,1,0,0,1,1,0,0,0,0,0,0,0,0,0,0,0,0,0,0,0,0,0,0,0,0,0,0,0,0,0,0,0,0,0,0,0,0,0,0,20,44,10,12,13,48,47,61,18,46
293,1,69,69,1,64,64,0,1,0,68,0,25472,25472,2242,2242,0,3658,21814,0,0,0,796,25472,1536,965,32,1023,10,14,0,1048576,0,0,0,inf,1.16804767,1.16804767,1.05647933,1,0,10,69,2,36,19,13,2176,921,728,728,52,23296,2737,965,262,1019,1023,1023,1023,0,0,1023,0,5,3,1,4,3,2,6,1,2,0,4,1,1,2,2,1,3,3,5,2,3,0,3,4,2,3,1,0,0,1,0,0,0,0,0,0,0,0,0,0,0,0,0,0,0,0,0,0,0,0,0,0,0,0,0,0,0,0,0,0,0,0,0,0,14,16,53,17,6,12,15,64,17,21
294,0.899999976,66,69,3,64,64,0,0,0,65,0,27040,27040,2635,2635,0,5044,21996,0,0,0,845,27040,2172,1263,32,511,10,14,0,1048576,0,0,0,inf,inf,1.1886456,1.0918659,1,0,10,66,2,25,31,9,2080,730,780,780,125,24960,4314,1263,708,503,511,511,511,17,0,511,1,0,2,4,2,1,4,8,2,2,7,2,5,2,6,5,0,3,1,1,1,2,0,1,1,1,0,0,1,0,0,0,0,0,0,0,0,0,0,0,0,0,0,0,0,0,0,0,0,0,0,0,0,0,0,0,0,0,0,0,0,0,0,0,0,6,2,42,27,3,2,5,3,6,4294967295
295,0.800000012,65,69,3,64,64,0,0,0,64,0,27936,27936,3254,3254,0,4658,23278,0,0,0,873,27936,1435,828,64,1019,10,14,0,1048576,0,0,0,inf,inf,1.36812496,1.28873563,1,0,10,65,2,27,20,17,2048,718,809,809,77,25888,3940,828,347,937,1019,955,955,96,0,955,2,2,6,4,3,1,7,0,3,1,2,2,4,2,2,2,4,0,2,4,2,2,1,2,2,0,2,0,0,0,0,0,0,0,0,0,0,0,0,0,0,0,0,0,0,0,0,0,0,0,0,0,0,0,0,0,0,0,0,0,0,0,0,0,0,1,9,4294967295,3,1,13,4294967295,14,0,4
296,0.899999976,66,69,3,64,64,0,0,0,65,0,28544,28544,2691,2691,0,4068,24476,0,0,0,892,28544,1668,975,32,1007,10,14,0,1048576,0,0,0,inf,inf,1.2647661,1.18949521,1,0,10,66,2,29,24,12,2080,744,827,827,53,26464,3324,975,255,975,1007,1007,1007,132,0,1007,1,4,2,2,3,2,6,2,4,4,1,4,1,3,1,5,1,2,5,6,1,1,1,0,1,0,1,0,0,1,0,0,0,0,0,0,0,0,0,0,0,0,0,0,0,0,0,0,0,0,0,0,0,0,0,0,0,0,0,0,0,0,0,0,0,9,7,7,8,4294967295,9,43,9,7,3
297,1,69,69,2,64,64,0,0,0,68,0,39328,39328,2798,2798,0,5226,34102,0,0,0,1229,39328,2084,1266,32,1023,10,14,0,1048576,0,0,0,inf,inf,1.2981391,1.22614503,1,0,10,69,2,19,28,21,2176,658,1161,1161,134,37152,4568,1266,689,456,1023,1023,1023,0,0,1023,0,9,4,2,6,4,2,7,5,2,2,4,2,1,2,1,2,1,0,3,2,1,0,0,2,0,1,1,1,0,0,0,1,0,0,0,0,0,0,0,0,0,0,0,0,0,0,0,0,0,0,0,0,0,0,0,0,0,0,0,0,0,0,0,0,27,58,12,12,19,22,7,27,7,7
298,1,65,69,3,64,64,0,0,0,64,0,29024,29024,2914,2914,0,4210,24814,0,0,0,907,29024,1425,766,64,1023,10,14,0,1048576,0,0,0,inf,inf,1.31511378,1.22997034,1,0,10,65,2,26,22,16,2048,731,843,843,61,26976,3479,766,321,375,1023,1023,1023,261,0,1023,3,1,5,4,3,2,5,1,3,2,1,3,5,3,1,1,1,2,3,3,2,3,1,1,1,1,3,0,0,0,0,0,0,0,0,0,0,0,0,0,0,0,0,0,0,0,0,0,0,0,0,0,0,0,0,0,0,0,0,0,0,0,0,0,0,19,2,7,1,0,2,2,4,5,20
299,1,66,69,3,64,64,0,0,0,65,0,23008,23008,2445,2445,0,4243,18765,0,0,0,719,23008,1786,1032,32,1023,10,14,0,1048576,0,0,0,inf,inf,1.0160594,0.94230783,1,0,10,66,2,30,26,9,2080,781,654,654,93,20928,3462,1032,508,1023,1023,1023,1023,16,0,1023,0,2,1,2,4,1,1,4,4,6,5,3,2,2,7,4,2,2,3,0,1,4,2,2,0,1,0,0,0,0,0,0,0,0,0,0,0,0,0,0,0,0,0,0,0,0,0,0,0,0,0,0,0,0,0,0,0,0,0,0,0,0,0,0,0,5,8,4,4,6,5,6,4,4,1
300,1,66,69,3,64,64,0,0,0,65,0,23488,23488,2478,2478,0,4815,18673,0,0,0,734,23488,1985,1120,32,1023,10,14,0,1048576,0,0,0,inf,inf,1.04164171,0.965660691,1,0,10,66,2,29,29,7,2080,814,669,669,130,21408,4001,1120,760,1023,767,1023,1023,48,0,1023,0,1,1,3,2,2,3,6,2,2,6,1,7,2,6,5,0,1,0,3,2,3,0,2,2,2,0,0,0,1,0,0,0,0,0,0,0,0,0,0,0,0,0,0,0,0,0,0,0,0,0,0,0,0,0,0,0,0,0,0,0,0,0,0,0,3,2,1,4,8,31,2,1,52,2
301,0.899999976,67,69,3,64,64,0,0,0,66,0,14656,14656,1397,1397,0,2722,11934,0,0,0,458,14656,1259,882,32,1019,10,14,0,1048576,0,0,0,inf,inf,1.35778999,1.2771728,1,0,10,67,2,49,13,4,2112,1243,392,392,30,12544,1479,882,275,699,873,1019,1019,0,0,1019,1,0,2,1,0,1,2,1,0,3,2,1,3,2,3,3,1,4,1,2,2,1,3,2,2,4,5,2,2,3,1,5,1,0,0,0,0,0,0,0,0,0,0,0,0,0,0,0,0,0,0,0,0,0,0,0,0,0,0,0,0,0,0,0,0,13,6,4294967295,14,11,11,49,31,21,31
302,1,66,69,3,64,64,0,0,0,65,0,20928,20928,1642,1642,0,3274,17654,0,0,0,654,20928,1525,905,32,1023,10,14,0,1048576,0,0,0,inf,inf,1.4427948,1.35706306,1,0,10,66,2,38,21,6,2080,949,589,589,78,18848,2325,905,432,1017,1023,1023,1023,0,0,1023,2,2,0,2,0,3,3,2,4,1,2,3,3,4,2,3,4,0,2,2,6,2,2,2,2,0,1,1,2,0,1,2,0,0,0,0,0,0,0,0,0,0,0,0,0,0,0,0,0,0,0,0,0,0,0,0,0,0,0,0,0,0,0,0,0,24,17,43,13,12,25,22,12,11,23
303,1,66,69,3,64,64,0,0,0,65,0,45824,45824,3668,3668,0,6145,39679,0,0,0,1432,45824,2206,1411,32,1023,10,14,0,1048576,0,0,0,inf,inf,1.22699678,1.09206581,1,0,10,66,2,6,27,32,2080,387,1367,1367,119,43744,5758,1411,668,977,1023,1023,1023,48,0,1023,3,3,10,9,7,1,9,5,4,1,2,1,4,1,1,1,1,0,1,1,0,0,0,0,0,0,0,0,0,0,0,0,0,0,0,0,0,0,0,0,0,0,0,0,0,0,0,0,0,0,0,0,0,0,0,0,0,0,0,0,0,0,0,0,0,11,12,11,2,13,7,2,2,5,1
304,1,66,69,3,64,64,0,0,0,65,0,2080,2080,836,836,0,1994,86,0,0,0,65,2080,1168,1158,32,1023,10,14,0,1048576,0,0,0,inf,inf,1.00195146,0.925905943,1,0,10,66,2,65,0,0,2080,1994,0,0,0,0,0,1158,0,1023,0,1023,1023,0,0,1023,0,0,0,0,0,0,0,0,0,0,0,0,0,0,0,0,0,0,0,0,0,0,0,0,0,1,1,0,5,3,14,16,25,0,0,0,0,0,0,0,0,0,0,0,0,0,0,0,0,0,0,0,0,0,0,0,0,0,0,0,0,0,0,0,0,8,8,8,5,5,7,10,8,11,7
305,1,67,69,3,64,64,0,0,0,66,0,27872,27872,2511,2511,0,3935,23937,0,0,0,871,27872,1741,956,32,1023,10,14,0,1048576,0,0,0,inf,inf,1.22724211,1.13405383,1,0,10,67,2,29,27,10,2112,864,805,805,59,25760,3071,956,296,767,1023,1023,1023,0,0,1023,0,4,2,2,2,4,1,6,2,3,2,7,2,0,2,1,1,2,4,2,3,2,2,0,1,4,2,0,2,1,0,0,0,0,0,0,0,0,0,0,0,0,0,0,0,0,0,0,0,0,0,0,0,0,0,0,0,0,0,0,0,0,0,0,0,4,2,3,4,9,7,15,28,26,4
306,0.899999976,66,69,3,64,64,0,0,0,65,0,31296,31296,2007,2007,0,2439,28857,0,0,0,978,31296,775,447,32,767,10,14,0,1048576,0,0,0,inf,inf,1.42136002,1.28316116,1,0,10,66,2,28,11,26,2080,702,913,913,8,29216,1737,447,76,766,767,767,767,0,0,767,6,6,6,4,4,1,4,1,2,1,1,0,1,3,0,3,3,2,0,1,3,2,0,2,1,3,0,3,0,0,2,0,0,0,0,0,0,0,0,0,0,0,0,0,0,0,0,0,0,0,0,0,0,0,0,0,0,0,0,0,0,0,0,0,0,2,2,2,3,3,3,2,4,4294967295,2
307,0.899999976,69,69,1,64,64,0,3,0,68,0,25600,25600,2412,2412,0,3553,22047,0,0,0,800,25600,1475,868,32,959,10,14,0,1048576,0,0,0,inf,1.15790224,1.15944839,1.065063,1,0,10,69,2,34,20,14,2176,873,732,732,22,23424,2680,868,236,957,959,959,959,0,0,959,0,6,2,3,3,1,2,7,3,0,2,4,1,1,2,6,1,1,2,5,3,2,1,2,1,2,1,2,1,1,0,0,0,0,0,0,0,0,0,0,0,0,0,0,0,0,0,0,0,0,0,0,0,0,0,0,0,0,0,0,0,0,0,0,0,13,18,12,10,8,24,4294967295,13,9,18
308,1,69,69,2,64,64,0,0,0,68,0,2176,2176,939,939,0,2085,91,0,0,0,68,2176,1156,1146,32,1023,10,14,0,1048576,0,0,0,inf,inf,0.899555087,0.820713341,1,0,10,69,2,68,0,0,2176,2085,0,0,0,0,0,1146,0,1023,0,1023,1023,0,0,1023,0,0,0,0,0,0,0,0,0,0,0,0,0,0,0,1,0,0,0,0,0,0,0,0,0,1,0,2,4,3,10,12,35,0,0,0,0,0,0,0,0,0,0,0,0,0,0,0,0,0,0,0,0,0,0,0,0,0,0,0,0,0,0,0,0,21,6,7,12,5,7,5,7,16,12
309,1,69,69,2,64,64,0,0,0,68,0,21792,21792,2079,2079,0,4142,17650,0,0,0,681,21792,1817,1214,32,1023,10,14,0,1048576,0,0,0,inf,inf,1.01445878,0.943413734,1,0,10,69,2,39,21,8,2176,975,613,613,94,19616,3167,1214,507,703,1023,1023,1023,0,0,1023,1,1,2,2,2,5,2,4,1,3,3,1,2,3,5,3,2,2,1,3,2,2,3,3,0,1,3,0,3,1,0,1,1,0,0,0,0,0,0,0,0,0,0,0,0,0,0,0,0,0,0,0,0,0,0,0,0,0,0,0,0,0,0,0,0,6,8,11,4,5,12,18,34,21,39
310,1,69,69,1,64,64,0,1,0,68,0,34848,34848,3671,3671,0,5233,29615,0,0,0,1089,34848,2351,1228,32,1023,10,14,0,1048576,0,0,0,inf,1.00905132,1.00905132,0.912339091,1,0,10,69,2,11,37,20,2176,485,1021,1021,70,32672,4748,1228,439,1007,1023,1023,1023,512,0,1023,2,5,4,5,4,12,6,7,1,1,5,2,3,0,4,4,1,1,0,0,0,0,1,0,0,0,0,0,0,0,0,0,0,0,0,0,0,0,0,0,0,0,0,0,0,0,0,0,0,0,0,0,0,0,0,0,0,0,0,0,0,0,0,0,0,8,7,44,6,44,7,6,13,13,8
311,1,67,69,3,64,64,0,0,0,66,0,20224,20224,2675,2675,0,3346,16878,0,0,0,632,20224,1236,528,32,1023,10,14,0,1048576,0,0,0,inf,inf,1.37921643,1.2893281,1,0,10,67,2,36,23,7,2112,858,566,566,21,18112,2488,528,149,1023,1023,1023,1023,4,0,1023,1,1,3,0,2,0,5,3,2,2,3,1,7,5,4,2,5,6,1,4,1,2,3,1,0,0,0,1,1,0,0,0,0,0,0,0,0,0,0,0,0,0,0,0,0,0,0,0,0,0,0,0,0,0,0,0,0,0,0,0,0,0,0,0,0,6,7,4,4,3,4,3,10,9,11
312,1,67,69,3,64,64,0,0,0,66,0,2112,2112,1144,1144,0,2059,53,0,0,0,66,2112,925,915,32,1023,10,14,0,1048576,0,0,0,inf,inf,0.840369642,0.696737409,1,0,10,67,2,66,0,0,2112,2059,0,0,0,0,0,915,0,1023,0,1023,1023,0,0,1023,0,0,0,0,0,0,0,0,0,0,0,0,0,0,0,0,0,0,0,0,0,0,0,0,0,0,0,1,3,3,6,15,38,0,0,0,0,0,0,0,0,0,0,0,0,0,0,0,0,0,0,0,0,0,0,0,0,0,0,0,0,0,0,0,0,8,4,9,6,4,7,4,3,3,4
313,1,67,69,3,64,64,0,0,0,66,0,19776,19776,1723,1723,0,2293,17483,0,0,0,618,19776,1062,559,32,1023,10,14,0,1048576,0,0,0,inf,inf,1.25693941,1.13651109,1,0,10,67,2,41,16,9,2112,1024,552,552,12,17664,1269,559,78,1007,1023,1023,1023,0,0,1023,4,2,0,2,1,3,0,3,3,1,2,2,2,2,1,3,4,3,1,1,1,6,4,2,1,2,1,3,2,0,1,3,0,0,0,0,0,0,0,0,0,0,0,0,0,0,0,0,0,0,0,0,0,0,0,0,0,0,0,0,0,0,0,0,0,13,4,2,1,26,14,2,5,6,3
314,1,66,69,3,64,64,0,0,0,65,0,17152,17152,1672,1672,0,2435,14717,0,0,0,536,17152,1185,602,32,1023,10,14,0,1048576,0,0,0,inf,inf,1.28545082,1.1520803,1,0,10,66,2,41,19,5,2080,1031,471,471,16,15072,1404,602,186,1014,1023,1023,1023,0,0,1023,2,1,0,2,0,3,1,3,3,2,2,3,2,2,1,4,4,3,1,2,1,5,4,2,0,2,2,1,4,0,1,2,0,0,0,0,0,0,0,0,0,0,0,0,0,0,0,0,0,0,0,0,0,0,0,0,0,0,0,0,0,0,0,0,0,3,31,3,35,3,1,5,3,5,5
315,1,69,69,1,64,64,0,6,0,68,0,39584,39584,2218,2218,0,4608,34976,0,0,0,1237,39584,1848,1314,32,1023,10,14,0,1048576,0,0,0,inf,1.3331778,1.33422327,1.25086367,1,0,10,69,2,20,19,29,2176,667,1169,1169,97,37408,3941,1314,683,683,1023,1023,1023,0,0,1023,10,4,1,9,5,4,1,3,0,2,5,1,3,2,1,2,0,1,0,0,2,0,3,1,0,2,0,0,0,0,2,2,2,0,0,0,0,0,0,0,0,0,0,0,0,0,0,0,0,0,0,0,0,0,0,0,0,0,0,0,0,0,0,0,0,20,12,32,11,17,12,34,50,35,11
316,1,66,69,3,64,64,0,0,0,65,0,26784,26784,2683,2683,0,4885,21899,0,0,0,837,26784,2119,1265,32,1023,10,14,0,1048576,0,0,0,inf,inf,0.996231258,0.912616551,1,0,10,66,2,25,29,11,2080,704,772,772,109,24704,4181,1265,636,1007,1023,1023,1023,576,0,1023,1,1,2,3,4,3,2,6,3,5,6,1,3,2,5,3,1,4,2,2,2,1,2,0,0,1,0,0,0,0,0,0,0,0,0,0,0,0,0,0,0,0,0,0,0,0,0,0,0,0,0,0,0,0,0,0,0,0,0,0,0,0,0,0,0,2,2,3,3,27,5,5,4,5,4
317,1,66,69,3,64,64,0,0,0,65,0,30944,30944,2981,2981,0,5033,25911,0,0,0,967,30944,2109,1194,32,1023,10,14,0,1048576,0,0,0,inf,inf,1.10160947,1.00032544,1,0,10,66,2,20,31,14,2080,613,902,902,94,28864,4420,1194,591,891,1023,1023,1023,9,0,1023,3,2,1,3,5,4,4,7,3,2,4,1,6,2,6,5,1,1,1,1,1,0,1,0,0,1,0,0,0,0,0,0,0,0,0,0,0,0,0,0,0,0,0,0,0,0,0,0,0,0,0,0,0,0,0,0,0,0,0,0,0,0,0,0,0,10,2,3,3,3,1,9,3,1,1
318,1,67,69,3,64,64,0,0,0,66,0,17184,17184,1707,1707,0,2304,14880,0,0,0,537,17184,1108,608,32,1023,10,14,0,1048576,0,0,0,inf,inf,1.28466666,1.04211307,1,0,10,67,2,43,16,7,2112,1103,471,471,6,15072,1201,608,60,1023,1023,1023,1023,0,0,1023,3,1,1,2,0,2,1,3,3,1,2,2,2,2,1,3,4,1,1,1,1,5,4,2,0,2,4,3,4,2,2,1,0,0,0,0,0,0,0,0,0,0,0,0,0,0,0,0,0,0,0,0,0,0,0,0,0,0,0,0,0,0,0,0,0,1,3,4,3,4,4,3,2,3,3
319,1,66,69,3,64,64,0,0,0,65,0,22560,22560,2520,2520,0,3150,19410,0,0,0,705,22560,1130,576,32,1023,10,14,0,1048576,0,0,0,inf,inf,1.31504261,1.22671258,1,0,10,66,2,35,18,12,2080,861,640,640,23,20480,2289,576,81,887,1023,1023,1023,36,0,1023,1,2,5,0,4,1,5,0,1,2,2,1,6,3,2,1,3,6,2,4,1,2,4,2,1,1,2,0,1,0,0,0,0,0,0,0,0,0,0,0,0,0,0,0,0,0,0,0,0,0,0,0,0,0,0,0,0,0,0,0,0,0,0,0,0,3,9,10,25,3,11,5,7,2,10
320,1,66,69,3,64,64,0,0,0,65,0,26464,26464,3524,3524,0,5615,20849,0,0,0,827,26464,2190,1017,32,1023,10,14,0,1048576,0,0,0,inf,inf,0.933628798,0.823783994,1,0,10,66,2,22,39,4,2080,692,762,762,85,24384,4923,1017,680,1023,1023,1023,1023,514,0,1023,1,1,0,1,1,6,6,2,3,5,4,8,5,5,3,3,6,0,1,2,0,1,1,0,0,0,0,0,0,0,0,0,0,0,0,0,0,0,0,0,0,0,0,0,0,0,0,0,0,0,0,0,0,0,0,0,0,0,0,0,0,0,0,0,0,2,5,3,5,8,5,8,1,4,6
321,1,66,69,3,64,64,0,0,0,65,0,33152,33152,2524,2524,0,4419,28733,0,0,0,1036,33152,2109,1216,32,1023,10,14,0,1048576,0,0,0,inf,inf,1.1390512,1.03975272,1,0,10,66,2,19,30,16,2080,619,971,971,96,31072,3800,1216,477,1023,1023,1023,1023,0,0,1023,2,1,2,2,9,1,5,9,4,1,3,1,6,3,3,4,2,0,1,1,2,1,1,0,0,0,0,1,0,0,0,0,0,0,0,0,0,0,0,0,0,0,0,0,0,0,0,0,0,0,0,0,0,0,0,0,0,0,0,0,0,0,0,0,0,9,3,3,8,21,3,3,20,6,22
322,1,66,69,3,64,64,0,0,0,65,0,2080,2080,1117,1117,0,1905,175,0,0,0,65,2080,798,788,32,1023,10,14,0,1048576,0,0,0,inf,inf,0.802561104,0.726537943,1,0,10,66,2,65,0,0,2080,1905,0,0,0,0,0,788,0,1023,0,1023,1023,0,0,1023,0,0,0,0,0,0,0,0,0,0,0,0,0,0,0,0,0,0,1,0,0,2,0,1,0,2,2,3,6,11,11,10,16,0,0,0,0,0,0,0,0,0,0,0,0,0,0,0,0,0,0,0,0,0,0,0,0,0,0,0,0,0,0,0,0,5,5,6,2,6,6,3,6,6,16
323,1,65,69,3,64,64,0,0,0,64,0,39776,39776,3314,3314,0,3909,35867,0,0,0,1243,39776,1600,635,32,1023,10,14,0,1048576,0,0,0,inf,inf,1.19507289,1.09255195,1,0,10,65,2,9,31,24,2048,449,1179,1179,33,37728,3460,635,146,375,1023,1023,1023,1,0,1023,5,5,4,5,5,7,5,5,0,2,5,6,1,0,1,3,0,2,2,0,0,0,0,0,0,0,1,0,0,0,0,0,0,0,0,0,0,0,0,0,0,0,0,0,0,0,0,0,0,0,0,0,0,0,0,0,0,0,0,0,0,0,0,0,0,4,1,2,6,3,18,3,2,4,7
324,1,68,69,3,64,64,0,0,0,67,0,27808,27808,1913,1913,0,4386,23422,0,0,0,869,27808,1884,1172,32,1023,10,14,0,1048576,0,0,0,inf,inf,1.26963019,1.19629335,1,0,10,68,2,32,25,10,2144,813,802,802,131,25664,3573,1172,712,890,1007,1023,1023,0,0,1023,0,4,0,1,5,3,2,4,2,2,5,3,4,7,0,4,2,4,3,4,3,2,0,0,0,1,0,0,1,0,1,0,0,0,0,0,0,0,0,0,0,0,0,0,0,0,0,0,0,0,0,0,0,0,0,0,0,0,0,0,0,0,0,0,0,26,38,5,26,60,12,25,3,25,2
325,0.899999976,67,69,3,64,64,0,0,0,66,0,2112,2112,940,940,0,1870,242,0,0,0,66,2112,940,930,32,959,10,14,0,1048576,0,0,0,inf,inf,1.28333855,1.19272399,1,0,10,67,2,66,0,0,2112,1870,0,0,0,0,0,930,0,959,0,959,959,0,0,959,0,0,0,0,0,0,0,0,0,0,0,0,0,2,0,0,0,0,0,0,1,1,1,2,3,1,2,8,6,7,8,9,15,0,0,0,0,0,0,0,0,0,0,0,0,0,0,0,0,0,0,0,0,0,0,0,0,0,0,0,0,0,0,0,0,37,12,19,12,13,8,4294967295,7,50,19
326,1,66,69,3,64,64,0,0,0,65,0,26848,26848,3448,3448,0,5486,21362,0,0,0,839,26848,2219,1230,32,1023,10,14,0,1048576,0,0,0,inf,inf,1.1711812,1.08107591,1,0,10,66,2,23,33,9,2080,711,774,774,95,24768,4775,1230,489,767,1023,1023,1023,4,0,1023,0,1,2,2,4,3,4,9,3,2,5,1,6,2,6,3,1,2,1,1,0,2,1,1,0,2,0,0,1,0,0,0,0,0,0,0,0,0,0,0,0,0,0,0,0,0,0,0,0,0,0,0,0,0,0,0,0,0,0,0,0,0,0,0,0,2,2,3,1,2,1,1,1,16,1
327,1,66,69,3,64,64,0,0,0,65,0,32768,32768,2772,2772,0,4724,28044,0,0,0,1024,32768,2215,1246,32,1023,10,14,0,1048576,0,0,0,inf,inf,1.2588799,1.14769804,1,0,10,66,2,16,33,16,2080,593,959,959,96,30688,4131,1246,573,1007,1023,1023,1023,264,0,1023,1,0,3,4,8,1,4,7,5,4,7,1,4,2,4,4,2,0,1,0,1,0,1,0,0,0,1,0,0,0,0,0,0,0,0,0,0,0,0,0,0,0,0,0,0,0,0,0,0,0,0,0,0,0,0,0,0,0,0,0,0,0,0,0,0,4,5,4,4,15,16,3,24,6,17
328,1,68,69,3,64,64,0,0,0,67,0,2144,2144,924,924,0,2047,97,0,0,0,67,2144,1133,1123,32,1023,10,14,0,1048576,0,0,0,inf,inf,0.987971306,0.896600127,1,0,10,68,2,67,0,0,2144,2047,0,0,0,0,0,1123,0,1023,0,1023,1023,0,0,1023,0,0,0,0,0,0,0,0,0,0,0,0,0,0,0,1,0,0,0,0,1,0,0,0,0,0,2,0,1,3,12,19,28,0,0,0,0,0,0,0,0,0,0,0,0,0,0,0,0,0,0,0,0,0,0,0,0,0,0,0,0,0,0,0,0,14,11,4,12,9,18,9,11,9,11
329,0.899999976,69,69,1,64,64,0,4,0,68,0,33696,33696,2671,2671,0,4883,28813,0,0,0,1053,33696,1861,1175,32,1007,10,14,0,1048576,0,0,0,inf,1.35081792,1.35325575,1.28124809,1,0,10,69,2,25,24,19,2176,678,985,985,122,31520,4205,1175,600,236,1007,1007,1007,512,0,1007,0,6,3,3,7,1,4,5,3,3,1,3,4,4,3,2,4,3,3,3,0,1,1,0,0,0,0,0,0,0,1,0,0,0,0,0,0,0,0,0,0,0,0,0,0,0,0,0,0,0,0,0,0,0,0,0,0,0,0,0,0,0,0,0,0,21,21,27,21,4294967295,10,39,24,19,39
330,1,69,69,1,64,64,0,3,0,68,0,27232,27232,2873,2873,0,4533,22699,0,0,0,851,27232,1838,1129,32,1023,10,14,0,1048576,0,0,0,inf,1.28997517,1.33946943,1.2697587,1,0,10,69,2,31,24,13,2176,800,783,783,55,25056,3733,1129,394,734,1023,1023,1023,576,0,1023,0,3,1,3,6,2,1,4,3,4,2,5,3,6,3,2,5,2,3,3,1,1,1,1,0,0,0,1,0,1,1,0,0,0,0,0,0,0,0,0,0,0,0,0,0,0,0,0,0,0,0,0,0,0,0,0,0,0,0,0,0,0,0,0,0,15,13,11,12,13,32,13,14,33,13
331,1,67,69,3,64,64,0,0,0,66,0,2112,2112,731,731,0,2078,34,0,0,0,66,2112,1357,1347,32,1023,10,14,0,1048576,0,0,0,inf,inf,0.94986093,0.882378936,1,0,10,67,2,66,0,0,2112,2078,0,0,0,0,0,1347,0,1023,0,1023,1023,0,0,1023,0,0,0,0,0,0,0,0,0,0,0,0,0,0,0,0,0,0,0,0,0,0,0,0,0,0,0,2,0,1,7,7,49,0,0,0,0,0,0,0,0,0,0,0,0,0,0,0,0,0,0,0,0,0,0,0,0,0,0,0,0,0,0,0,0,15,19,4,25,18,11,7,13,7,9
332,1,69,69,1,64,64,0,6,0,68,0,35968,35968,2266,2266,0,4596,31372,0,0,0,1124,35968,2076,1331,32,1023,10,14,0,1048576,0,0,0,inf,1.40744352,1.41216636,1.17609191,1,0,10,69,2,19,25,24,2176,674,1056,1056,173,33792,3922,1331,646,743,1023,1023,1023,65,0,1023,6,3,5,5,5,8,6,4,2,3,0,0,2,1,1,0,1,1,1,0,3,0,0,1,1,1,0,1,0,0,1,4,2,0,0,0,0,0,0,0,0,0,0,0,0,0,0,0,0,0,0,0,0,0,0,0,0,0,0,0,0,0,0,0,0,39,39,39,40,40,38,39,39,37,38
333,1,68,69,3,64,64,0,0,0,67,0,11680,11680,1408,1408,0,2340,9340,0,0,0,365,11680,1182,885,32,1023,10,14,0,1048576,0,0,0,inf,inf,1.3161087,1.23377347,1,0,10,68,2,53,10,4,2144,1481,298,298,7,9536,859,885,55,1023,1019,1023,1023,0,0,1023,1,0,0,1,2,1,1,0,2,2,1,0,3,2,1,0,0,1,0,2,2,4,3,1,4,3,2,2,1,7,4,5,9,0,0,0,0,0,0,0,0,0,0,0,0,0,0,0,0,0,0,0,0,0,0,0,0,0,0,0,0,0,0,0,0,5,4,5,6,4,4,11,6,9,5
334,1,68,69,3,64,64,0,0,0,67,0,30944,30944,2223,2223,0,4789,26155,0,0,0,967,30944,2007,1266,32,1023,10,14,0,1048576,0,0,0,inf,inf,1.32039881,1.23306608,1,0,10,68,2,26,26,15,2144,734,900,900,149,28800,4055,1266,810,1006,1023,1023,1023,32,0,1023,0,4,3,2,6,3,4,3,4,2,0,7,3,6,1,2,4,2,1,2,1,1,1,0,2,0,1,0,1,0,1,0,0,0,0,0,0,0,0,0,0,0,0,0,0,0,0,0,0,0,0,0,0,0,0,0,0,0,0,0,0,0,0,0,0,30,7,30,28,4,60,6,29,29,7
335,1,69,69,2,64,64,0,0,0,68,0,28832,28832,2758,2758,0,4865,23967,0,0,0,901,28832,1893,1118,32,1023,10,14,0,1048576,0,0,0,inf,inf,1.26966131,1.18255556,1,0,10,69,2,28,26,14,2176,763,833,833,86,26656,4102,1118,600,509,1023,1023,1023,0,0,1023,0,4,2,3,5,1,2,5,3,4,2,4,5,6,2,2,4,2,2,3,2,1,1,1,0,0,0,0,1,1,0,0,0,0,0,0,0,0,0,0,0,0,0,0,0,0,0,0,0,0,0,0,0,0,0,0,0,0,0,0,0,0,0,0,0,6,15,6,5,5,11,6,6,5,34
336,1,69,69,1,64,64,0,2,0,68,0,31168,31168,2250,2250,0,4009,27159,0,0,0,974,31168,1774,1147,32,1023,10,14,0,1048576,0,0,0,inf,1.29416037,1.29471445,1.18981194,1,0,10,69,2,30,21,17,2176,807,906,906,57,28992,3202,1147,343,893,1023,1023,1023,0,0,1023,0,7,2,1,7,5,3,3,2,1,3,4,0,0,2,2,3,5,2,2,3,1,0,0,4,2,2,0,1,0,1,0,0,0,0,0,0,0,0,0,0,0,0,0,0,0,0,0,0,0,0,0,0,0,0,0,0,0,0,0,0,0,0,0,0,8,10,32,31,8,9,13,32,32,12
337,1,66,69,3,64,64,0,0,0,65,0,31488,31488,2664,2664,0,4229,27259,0,0,0,984,31488,1923,1143,32,1023,10,14,0,1048576,0,0,0,inf,inf,1.26142824,1.15995073,1,0,10,66,2,20,26,19,2080,609,919,919,79,29408,3620,1143,357,443,1023,1023,1023,0,0,1023,2,0,3,5,9,2,4,8,2,1,3,1,5,3,6,4,1,1,1,0,1,0,0,0,0,0,1,1,0,1,0,0,0,0,0,0,0,0,0,0,0,0,0,0,0,0,0,0,0,0,0,0,0,0,0,0,0,0,0,0,0,0,0,0,0,3,3,15,17,3,3,2,3,1,18
338,1,69,69,1,64,64,0,2,0,68,0,22240,22240,1548,1548,0,3587,18653,0,0,0,695,22240,1754,1205,32,1023,10,14,0,1048576,0,0,0,inf,1.43156981,1.44469786,1.36787224,1,0,10,69,2,42,19,7,2176,1186,627,627,82,20064,2401,1205,442,1021,755,1023,1023,2,0,1023,2,2,1,1,1,5,4,1,1,3,1,1,3,1,1,2,1,1,1,1,2,0,4,1,1,8,2,3,1,4,2,4,2,0,0,0,0,0,0,0,0,0,0,0,0,0,0,0,0,0,0,0,0,0,0,0,0,0,0,0,0,0,0,0,0,38,59,5,12,37,35,7,10,7,35
339,1,68,69,3,64,64,0,0,0,67,0,8096,8096,1140,1140,0,2270,5826,0,0,0,253,8096,1120,910,32,1023,10,14,0,1048576,0,0,0,inf,inf,1.29431117,1.22785544,1,0,10,68,2,59,7,1,2144,1553,186,186,18,5952,717,910,150,1023,112,1023,1023,0,0,1023,0,0,0,1,0,1,0,0,2,1,1,1,1,2,2,2,1,0,1,0,2,1,3,5,4,2,4,5,6,5,8,3,3,0,0,0,0,0,0,0,0,0,0,0,0,0,0,0,0,0,0,0,0,0,0,0,0,0,0,0,0,0,0,0,0,17,23,19,18,35,6,3,24,11,41
340,0.800000012,69,69,1,64,64,0,3,0,68,0,31872,31872,2146,2146,0,4886,26986,0,0,0,996,31872,2026,1257,32,759,10,14,0,1048576,0,0,0,inf,1.32615638,1.32775521,1.24086392,1,0,10,69,2,28,27,13,2176,801,928,928,131,29696,4085,1257,974,724,759,759,759,16,0,759,0,4,1,2,6,3,2,6,7,2,1,5,1,0,2,3,4,3,0,3,3,3,2,1,1,1,0,0,0,1,0,0,1,0,0,0,0,0,0,0,0,0,0,0,0,0,0,0,0,0,0,0,0,0,0,0,0,0,0,0,0,0,0,0,0,7,38,34,4294967295,33,3,34,31,4294967295,32
341,1,65,69,3,64,64,0,0,0,64,0,38400,38400,3127,3127,0,3963,34437,0,0,0,1200,38400,1645,718,32,1023,10,14,0,1048576,0,0,0,inf,inf,1.24046075,1.12883115,1,0,10,65,2,12,30,22,2048,496,1136,1136,50,36352,3467,718,173,1007,1023,1023,1023,0,0,1023,5,2,3,5,7,6,4,5,0,2,5,5,3,3,1,2,0,3,1,1,0,0,0,0,0,0,1,0,0,0,0,0,0,0,0,0,0,0,0,0,0,0,0,0,0,0,0,0,0,0,0,0,0,0,0,0,0,0,0,0,0,0,0,0,0,1,2,9,2,8,6,2,2,13,2
342,1,68,69,3,64,64,0,0,0,67,0,20576,20576,2081,2081,0,3033,17543,0,0,0,643,20576,1275,735,32,1023,10,14,0,1048576,0,0,0,inf,inf,1.14609158,1.04407477,1,0,10,68,2,41,18,8,2144,1002,576,576,21,18432,2031,735,180,1019,1023,1023,1023,0,0,1023,1,3,2,1,1,3,2,7,1,0,1,2,2,1,2,4,1,3,3,4,5,2,1,2,2,3,2,3,3,0,0,0,0,0,0,0,0,0,0,0,0,0,0,0,0,0,0,0,0,0,0,0,0,0,0,0,0,0,0,0,0,0,0,0,0,6,9,27,5,11,10,15,7,5,3
343,1,69,69,1,64,64,0,3,0,68,0,39328,39328,3801,3801,0,5543,33785,0,0,0,1229,39328,2134,1212,32,1023,10,14,0,1048576,0,0,0,inf,1.05216718,1.05458808,0.967444241,1,0,10,69,2,8,31,29,2176,408,1161,1161,90,37152,5135,1212,523,383,1023,1023,1023,0,0,1023,2,11,4,5,7,10,4,7,1,1,4,2,2,0,3,3,1,1,0,0,0,0,0,0,0,0,0,0,0,0,0,0,0,0,0,0,0,0,0,0,0,0,0,0,0,0,0,0,0,0,0,0,0,0,0,0,0,0,0,0,0,0,0,0,0,21,14,14,9,14,9,9,21,13,11
344,1,66,69,3,64,64,0,0,0,65,0,2080,2080,1117,1117,0,2008,72,0,0,0,65,2080,901,891,32,1023,10,14,0,1048576,0,0,0,inf,inf,0.905345201,0.807811022,1,0,10,66,2,65,0,0,2080,2008,0,0,0,0,0,891,0,1023,0,1023,1023,0,0,1023,0,0,0,0,0,0,0,0,0,0,0,0,0,0,0,0,0,0,0,0,0,0,0,0,0,0,0,2,4,2,13,14,30,0,0,0,0,0,0,0,0,0,0,0,0,0,0,0,0,0,0,0,0,0,0,0,0,0,0,0,0,0,0,0,0,5,5,3,3,4,3,5,6,2,4
345,1,69,69,1,64,64,0,1,0,68,0,2176,2176,795,795,0,2061,115,0,0,0,68,2176,1276,1266,32,1023,10,14,0,1048576,0,0,0,inf,0.928780913,0.9338485,0.839754462,1,0,10,69,2,68,0,0,2176,2061,0,0,0,0,0,1266,0,1023,0,1023,1023,0,0,1023,0,0,0,0,0,0,0,0,0,0,0,0,0,0,0,0,1,0,0,0,0,0,1,0,0,1,1,4,2,5,8,17,28,0,0,0,0,0,0,0,0,0,0,0,0,0,0,0,0,0,0,0,0,0,0,0,0,0,0,0,0,0,0,0,0,7,10,4,6,4,4,3,10,19,6
346,0.899999976,68,69,3,64,64,0,0,0,67,0,8864,8864,1267,1267,0,2329,6535,0,0,0,277,8864,909,720,32,991,10,14,0,1048576,0,0,0,inf,inf,1.40017712,1.34330559,1,0,10,68,2,58,6,3,2144,1352,210,210,20,6720,977,720,109,991,970,991,991,0,0,991,0,1,1,1,0,0,0,1,0,1,2,2,0,0,2,4,3,4,1,3,4,4,5,4,3,6,5,2,2,2,2,1,1,0,0,0,0,0,0,0,0,0,0,0,0,0,0,0,0,0,0,0,0,0,0,0,0,0,0,0,0,0,0,0,0,18,46,8,4,6,4294967295,9,48,47,14
347,0.899999976,66,69,3,64,64,0,0,0,65,0,29408,29408,2084,2084,0,2620,26788,0,0,0,919,29408,854,509,32,1022,10,14,0,1048576,0,0,0,inf,inf,1.39809406,1.30995965,1,0,10,66,2,31,11,23,2080,837,854,854,14,27328,1783,509,53,510,1022,1022,1022,0,0,1022,4,5,6,5,3,1,2,2,3,2,0,0,1,2,0,4,1,0,0,1,1,3,0,3,2,3,2,3,0,2,3,1,0,0,0,0,0,0,0,0,0,0,0,0,0,0,0,0,0,0,0,0,0,0,0,0,0,0,0,0,0,0,0,0,0,4294967295,5,4,4,48,3,24,1,3,17
348,0.899999976,69,69,2,64,64,0,0,0,68,0,13856,13856,1370,1370,0,2741,11115,0,0,0,433,13856,1300,952,32,959,10,14,0,1048576,0,0,0,inf,inf,1.24449432,1.1502527,1,0,10,69,2,51,12,5,2176,1378,365,365,49,11680,1363,952,325,959,703,959,959,0,0,959,0,1,0,1,3,0,3,1,1,4,2,0,1,0,4,3,1,3,2,0,0,3,3,1,1,2,1,6,2,3,3,6,7,0,0,0,0,0,0,0,0,0,0,0,0,0,0,0,0,0,0,0,0,0,0,0,0,0,0,0,0,0,0,0,0,9,4,5,7,6,22,4294967295,7,6,9
349,0.899999976,69,69,1,64,64,0,1,0,68,0,34688,34688,2317,2317,0,5194,29494,0,0,0,1084,34688,2078,1394,32,895,10,14,0,1048576,0,0,0,inf,1.11249447,1.14779091,1.01516986,1,0,10,69,2,22,24,22,2176,708,1016,1016,183,32512,4486,1394,855,895,895,895,895,6,0,895,1,4,2,7,8,1,1,5,6,2,2,2,5,2,4,3,0,3,0,0,1,0,0,1,2,0,3,0,2,0,1,0,0,0,0,0,0,0,0,0,0,0,0,0,0,0,0,0,0,0,0,0,0,0,0,0,0,0,0,0,0,0,0,0,0,12,7,18,13,13,11,12,4294967295,15,13
350,1,66,69,3,64,64,0,0,0,65,0,24256,24256,2666,2666,0,4801,19455,0,0,0,758,24256,1946,1117,32,1023,10,14,0,1048576,0,0,0,inf,inf,1.11058831,1.02840137,1,0,10,66,2,29,28,8,2080,758,693,693,111,22176,4043,1117,636,895,1023,1023,1023,516,0,1023,1,0,2,2,3,3,3,7,3,2,6,1,3,2,6,3,2,3,3,2,3,1,2,0,0,2,0,0,0,0,0,0,0,0,0,0,0,0,0,0,0,0,0,0,0,0,0,0,0,0,0,0,0,0,0,0,0,0,0,0,0,0,0,0,0,2,6,3,2,1,1,1,7,2,7
351,0.899999976,69,69,1,64,64,0,6,0,68,0,31680,31680,2890,2890,0,4834,26846,0,0,0,990,31680,1891,1123,32,511,10,14,0,1048576,0,0,0,inf,1.24299216,1.27371907,1.20407438,1,0,10,69,2,25,26,17,2176,732,922,922,96,29504,4102,1123,562,511,511,511,511,0,0,511,0,4,2,4,7,3,2,5,1,4,2,4,5,5,3,2,3,2,2,1,1,1,0,0,0,1,1,0,1,0,2,0,0,0,0,0,0,0,0,0,0,0,0,0,0,0,0,0,0,0,0,0,0,0,0,0,0,0,0,0,0,0,0,0,0,8,6,7,7,65,6,7,8,6,4294967295
352,0.899999976,69,69,1,64,64,0,3,0,68,0,23776,23776,1416,1416,0,4546,19230,0,0,0,743,23776,1851,1339,32,1021,10,14,0,1048576,0,0,0,inf,1.30446744,1.30464363,1.24171734,1,0,10,69,2,39,19,10,2176,1077,675,675,134,21600,3469,1339,1126,977,1021,1021,1021,129,0,1021,4,0,1,1,4,2,1,2,1,2,3,6,2,2,1,2,1,5,0,2,3,2,2,2,2,1,0,4,3,0,4,2,1,0,0,0,0,0,0,0,0,0,0,0,0,0,0,0,0,0,0,0,0,0,0,0,0,0,0,0,0,0,0,0,0,16,4294967295,24,27,28,29,13,16,15,62
353,1,68,69,3,64,64,0,0,0,67,0,2144,2144,1063,1063,0,2033,111,0,0,0,67,2144,980,970,32,1023,10,14,0,1048576,0,0,0,inf,inf,0.917885423,0.81087923,1,0,10,68,2,67,0,0,2144,2033,0,0,0,0,0,970,0,1023,0,1023,1023,0,0,1023,0,0,0,0,0,0,0,0,0,0,0,0,0,0,0,1,0,0,0,0,0,0,0,0,0,0,1,1,4,6,17,15,22,0,0,0,0,0,0,0,0,0,0,0,0,0,0,0,0,0,0,0,0,0,0,0,0,0,0,0,0,0,0,0,0,4,4,4,4,3,5,11,16,7,10
354,1,69,69,2,64,64,0,0,0,68,0,23776,23776,2342,2342,0,4295,19481,0,0,0,743,23776,1654,1032,32,1023,10,14,0,1048576,0,0,0,inf,inf,1.20433307,1.10527658,1,0,10,69,2,36,21,11,2176,909,675,675,92,21600,3386,1032,604,509,1023,1023,1023,0,0,1023,0,2,1,2,6,3,3,2,4,2,1,3,3,6,5,2,2,2,2,1,3,1,1,2,1,1,1,0,2,1,2,1,0,0,0,0,0,0,0,0,0,0,0,0,0,0,0,0,0,0,0,0,0,0,0,0,0,0,0,0,0,0,0,0,0,6,10,6,5,10,5,6,12,14,12
355,1,67,69,3,64,64,0,0,0,66,0,30816,30816,2710,2710,0,4819,25997,0,0,0,963,30816,2010,1154,32,1023,10,14,0,1048576,0,0,0,inf,inf,1.11922801,1.02607286,1,0,10,67,2,25,30,11,2112,735,897,897,126,28704,4084,1154,576,703,1023,1023,1023,0,0,1023,0,1,2,0,8,2,5,6,5,2,2,4,4,2,3,2,3,2,3,2,2,1,3,1,1,0,0,0,0,0,0,0,0,0,0,0,0,0,0,0,0,0,0,0,0,0,0,0,0,0,0,0,0,0,0,0,0,0,0,0,0,0,0,0,0,2,6,7,3,14,15,9,20,7,22
356,0.899999976,67,69,3,64,64,0,0,0,66,0,5472,5472,811,811,0,2592,2880,0,0,0,171,5472,1310,1131,32,767,10,14,0,1048576,0,0,0,inf,inf,0.996793747,0.90669769,1,0,10,67,2,60,6,0,2112,1556,105,105,57,3360,1036,1131,368,767,718,767,767,2,0,767,0,0,0,0,0,0,0,0,1,2,0,1,2,1,0,3,2,1,1,4,2,4,5,3,0,4,1,5,0,6,7,6,5,0,0,0,0,0,0,0,0,0,0,0,0,0,0,0,0,0,0,0,0,0,0,0,0,0,0,0,0,0,0,0,0,5,63,3,13,5,6,6,13,4294967295,14
357,1,66,69,3,64,64,0,0,0,65,0,31872,31872,2933,2933,0,5417,26455,0,0,0,996,31872,2203,1277,32,1023,10,14,0,1048576,0,0,0,inf,inf,1.0665257,0.970742643,1,0,10,66,2,17,32,16,2080,600,931,931,147,29792,4817,1277,790,1021,1023,1023,1023,34,0,1023,2,1,5,4,4,2,3,8,3,3,6,1,6,1,6,1,1,3,1,1,1,0,0,1,1,0,0,0,0,0,0,0,0,0,0,0,0,0,0,0,0,0,0,0,0,0,0,0,0,0,0,0,0,0,0,0,0,0,0,0,0,0,0,0,0,2,44,9,7,1,14,1,3,1,8
358,0.899999976,67,69,3,64,64,0,0,0,66,0,13824,13824,1524,1524,0,2302,11522,0,0,0,432,13824,923,685,32,1021,10,14,0,1048576,0,0,0,inf,inf,1.26970828,1.16969776,1,0,10,67,2,50,8,8,2112,1290,366,366,12,11712,1012,685,88,989,509,1021,1021,0,0,1021,0,3,2,1,2,0,0,1,1,2,0,2,2,1,1,2,2,2,3,2,3,3,2,2,2,3,2,3,3,4,3,5,2,0,0,0,0,0,0,0,0,0,0,0,0,0,0,0,0,0,0,0,0,0,0,0,0,0,0,0,0,0,0,0,0,5,4294967295,6,6,10,17,5,7,6,23
359,1,68,69,3,64,64,0,0,0,67,0,4928,4928,1131,1131,0,1970,2958,0,0,0,154,4928,908,787,32,1023,10,14,0,1048576,0,0,0,inf,inf,1.20766306,1.09009171,1,0,10,68,2,63,4,0,2144,1736,87,87,4,2784,234,787,33,1023,207,1023,1023,2,0,1023,0,0,0,0,0,0,0,0,1,1,1,0,1,0,2,0,0,1,1,0,0,4,2,1,5,7,5,5,4,2,5,5,14,0,0,0,0,0,0,0,0,0,0,0,0,0,0,0,0,0,0,0,0,0,0,0,0,0,0,0,0,0,0,0,0,8,14,5,9,14,6,7,15,4,4
360,0.899999976,65,69,3,64,64,0,0,0,64,0,31200,31200,3015,3015,0,3903,27297,0,0,0,975,31200,1635,757,32,1015,10,14,0,1048576,0,0,0,inf,inf,1.07399893,1.00573897,1,0,10,65,2,21,29,14,2048,630,911,911,20,29152,3273,757,169,983,1015,1015,1015,2,0,1015,2,7,2,2,1,3,2,3,5,5,4,3,4,6,2,3,1,1,2,0,1,1,1,0,3,0,0,0,0,0,0,0,0,0,0,0,0,0,0,0,0,0,0,0,0,0,0,0,0,0,0,0,0,0,0,0,0,0,0,0,0,0,0,0,0,11,24,12,4294967295,7,3,3,9,6,3
361,1,66,69,3,64,64,0,0,0,65,0,32128,32128,2776,2776,0,5368,26760,0,0,0,1004,32128,2108,1247,32,1023,10,14,0,1048576,0,0,0,inf,inf,1.10810137,1.02764058,1,0,10,66,2,19,30,16,2080,618,939,939,164,30048,4750,1247,849,767,1023,1023,1023,161,0,1023,1,3,5,4,3,2,2,11,1,2,6,2,4,2,4,3,1,3,1,0,1,0,1,1,1,1,0,0,0,0,0,0,0,0,0,0,0,0,0,0,0,0,0,0,0,0,0,0,0,0,0,0,0,0,0,0,0,0,0,0,0,0,0,0,0,25,8,2,10,9,7,1,6,6,3
362,0.899999976,69,69,2,64,64,0,0,0,68,0,31104,31104,1891,1891,0,3982,27122,0,0,0,972,31104,1717,1119,32,1007,10,14,0,1048576,0,0,0,inf,inf,1.38600588,1.24571347,1,0,10,69,2,26,20,22,2176,757,904,904,164,28928,3225,1119,749,751,1007,1007,1007,0,0,1007,5,2,2,9,4,7,5,1,0,4,1,0,2,0,2,3,1,1,1,0,3,1,3,1,1,4,0,1,0,0,3,1,0,0,0,0,0,0,0,0,0,0,0,0,0,0,0,0,0,0,0,0,0,0,0,0,0,0,0,0,0,0,0,0,0,6,36,22,22,4294967295,22,22,22,22,4
363,1,66,69,3,64,64,0,0,0,65,0,9600,9600,1263,1263,0,1988,7612,0,0,0,300,9600,1007,724,32,1023,10,14,0,1048576,0,0,0,inf,inf,1.09431481,0.961253941,1,0,10,66,2,54,9,2,2080,1387,235,235,4,7520,601,724,27,1023,1023,1023,1023,0,0,1023,0,1,0,0,1,3,0,1,0,2,2,0,1,1,5,2,0,1,1,0,0,4,3,1,5,5,6,6,2,2,3,2,5,0,0,0,0,0,0,0,0,0,0,0,0,0,0,0,0,0,0,0,0,0,0,0,0,0,0,0,0,0,0,0,0,9,2,5,3,2,10,5,16,4,4
364,1,66,69,3,64,64,0,0,0,65,0,35776,35776,2301,2301,0,4349,31427,0,0,0,1118,35776,1779,1119,32,1023,10,14,0,1048576,0,0,0,inf,inf,1.21155143,1.12883341,1,0,10,66,2,22,23,20,2080,660,1053,1053,109,33696,3689,1119,472,1012,1023,1023,1023,0,0,1023,0,9,4,3,4,1,4,5,3,1,2,5,2,0,1,2,2,4,1,3,2,2,0,1,2,2,0,0,0,0,0,0,0,0,0,0,0,0,0,0,0,0,0,0,0,0,0,0,0,0,0,0,0,0,0,0,0,0,0,0,0,0,0,0,0,3,50,7,8,3,23,5,21,11,5
365,1,67,69,3,64,64,0,0,0,66,0,6240,6240,1195,1195,0,2061,4179,0,0,0,195,6240,982,799,32,1023,10,14,0,1048576,0,0,0,inf,inf,1.20953321,1.12160563,1,0,10,67,2,60,6,0,2112,1642,129,129,4,4128,419,799,42,1023,79,1023,1023,4,0,1023,0,0,0,0,0,0,0,0,1,3,1,0,1,1,1,0,0,2,0,0,1,4,2,1,5,7,5,5,3,4,5,5,9,0,0,0,0,0,0,0,0,0,0,0,0,0,0,0,0,0,0,0,0,0,0,0,0,0,0,0,0,0,0,0,0,4,5,32,5,19,3,4,7,12,3
366,1,66,69,3,64,64,0,0,0,65,0,28512,28512,2126,2126,0,4667,23845,0,0,0,891,28512,2072,1257,32,1023,10,14,0,1048576,0,0,0,inf,inf,1.22379673,1.12503123,1,0,10,66,2,26,28,11,2080,768,826,826,169,26432,3899,1257,746,751,1023,1023,1023,514,0,1023,2,0,1,4,4,1,6,7,4,1,2,3,4,1,6,2,3,1,1,2,1,1,1,1,0,0,1,0,1,3,0,1,0,0,0,0,0,0,0,0,0,0,0,0,0,0,0,0,0,0,0,0,0,0,0,0,0,0,0,0,0,0,0,0,0,42,43,17,37,18,10,16,8,42,31
367,0.800000012,67,69,3,64,64,0,0,0,66,0,11520,11520,1203,1203,0,2570,8950,0,0,0,360,11520,1146,836,32,879,10,14,0,1048576,0,0,0,inf,inf,1.37497377,1.30457973,1,0,10,67,2,53,11,2,2112,1342,294,294,42,9408,1228,836,318,879,547,879,879,0,0,879,0,0,2,0,0,1,1,1,1,2,2,0,3,1,3,3,1,4,1,1,3,2,3,2,3,4,5,2,4,3,1,6,1,0,0,0,0,0,0,0,0,0,0,0,0,0,0,0,0,0,0,0,0,0,0,0,0,0,0,0,0,0,0,0,0,13,14,11,6,4294967295,11,40,4294967295,40,33
368,0.899999976,69,69,2,64,64,0,0,0,68,0,34784,34784,2156,2156,0,5532,29252,0,0,0,1087,34784,2254,1358,32,767,10,14,0,1048576,0,0,0,inf,inf,1.45922637,1.35444117,1,0,10,69,2,21,32,15,2176,681,1019,1019,138,32608,4851,1358,1370,695,767,767,767,8,0,767,4,2,4,1,4,6,2,5,2,7,2,4,4,1,2,5,2,3,0,0,3,0,0,2,1,1,0,0,0,0,1,0,0,0,0,0,0,0,0,0,0,0,0,0,0,0,0,0,0,0,0,0,0,0,0,0,0,0,0,0,0,0,0,0,0,19,19,19,35,19,19,32,17,4294967295,19
369,1,67,69,3,64,64,0,0,0,66,0,43904,43904,3599,3599,0,5875,38029,0,0,0,1372,43904,2219,1353,32,1023,10,14,0,1048576,0,0,0,inf,inf,1.13237143,1.0229516,1,0,10,67,2,7,29,30,2112,413,1306,1306,99,41792,5462,1353,642,959,1023,1023,1023,32,0,1023,2,4,6,7,11,6,8,6,1,2,2,3,1,0,0,2,1,1,0,2,1,0,0,0,0,0,0,0,0,0,0,0,0,0,0,0,0,0,0,0,0,0,0,0,0,0,0,0,0,0,0,0,0,0,0,0,0,0,0,0,0,0,0,0,0,5,3,6,3,3,7,19,20,2,20
370,1,66,69,3,64,64,0,0,0,65,0,37312,37312,3113,3113,0,5209,32103,0,0,0,1166,37312,2350,1345,32,1023,10,14,0,1048576,0,0,0,inf,inf,1.27432954,1.18475139,1,0,10,66,2,14,34,17,2080,549,1101,1101,110,35232,4660,1345,527,959,1023,1023,1023,2,0,1023,4,1,2,5,5,4,5,6,3,5,4,3,4,3,5,0,3,0,1,0,0,0,0,1,0,0,0,0,0,1,0,0,0,0,0,0,0,0,0,0,0,0,0,0,0,0,0,0,0,0,0,0,0,0,0,0,0,0,0,0,0,0,0,0,0,3,28,35,3,27,1,21,3,13,19
371,0.899999976,66,69,3,64,64,0,0,0,65,0,23328,23328,2820,2820,0,4527,18801,0,0,0,729,23328,1909,1038,32,1019,10,14,0,1048576,0,0,0,inf,inf,1.13213611,1.0529809,1,0,10,66,2,28,29,8,2080,747,664,664,79,21248,3780,1038,449,763,1019,1019,1019,18,0,1019,1,0,2,2,3,1,3,7,3,2,6,2,5,2,6,4,3,5,1,1,2,2,1,0,0,1,0,0,0,0,0,0,0,0,0,0,0,0,0,0,0,0,0,0,0,0,0,0,0,0,0,0,0,0,0,0,0,0,0,0,0,0,0,0,0,2,7,4294967295,6,3,1,3,6,7,6
372,1,66,69,3,64,64,0,0,0,65,0,27904,27904,2173,2173,0,5278,22626,0,0,0,872,27904,2130,1323,32,1023,10,14,0,1048576,0,0,0,inf,inf,1.18344045,1.06899536,1,0,10,66,2,27,28,10,2080,729,807,807,173,25824,4549,1323,1076,1023,1023,1023,1023,256,0,1023,0,0,3,4,3,1,3,10,3,1,5,2,3,3,6,3,0,7,0,1,2,1,0,1,1,1,1,0,0,0,0,0,0,0,0,0,0,0,0,0,0,0,0,0,0,0,0,0,0,0,0,0,0,0,0,0,0,0,0,0,0,0,0,0,0,4,4,3,8,3,7,3,4,4,3
373,1,69,69,1,64,64,0,3,0,68,0,29120,29120,3754,3754,0,5407,23713,0,0,0,910,29120,2340,1087,32,1023,10,14,0,1048576,0,0,0,inf,1.04830396,1.04989529,0.949827552,1,0,10,69,2,20,41,7,2176,691,842,842,81,26944,4716,1087,469,1023,1023,1023,1023,1,0,1023,1,0,0,3,3,4,7,6,7,3,5,4,5,5,3,2,2,1,1,0,1,5,0,0,0,0,0,0,0,0,0,0,0,0,0,0,0,0,0,0,0,0,0,0,0,0,0,0,0,0,0,0,0,0,0,0,0,0,0,0,0,0,0,0,0,10,10,8,8,9,9,8,12,11,9
374,1,66,69,3,64,64,0,0,0,65,0,36864,36864,3117,3117,0,5264,31600,0,0,0,1152,36864,2101,1306,32,1023,10,14,0,1048576,0,0,0,inf,inf,1.15439367,1.03587365,1,0,10,66,2,15,27,23,2080,566,1087,1087,82,34784,4698,1306,607,767,1023,1023,1023,16,0,1023,2,4,3,4,10,7,8,2,1,2,3,3,1,1,0,3,1,1,0,2,1,0,0,0,3,0,1,0,1,0,0,1,0,0,0,0,0,0,0,0,0,0,0,0,0,0,0,0,0,0,0,0,0,0,0,0,0,0,0,0,0,0,0,0,0,9,10,10,9,14,3,4,2,20,17
375,1,69,69,1,64,64,0,8,0,68,0,2176,2176,1341,1341,0,2103,73,0,0,0,68,2176,772,762,32,1023,10,14,0,1048576,0,0,0,inf,0.743009686,0.749683559,0.677912235,1,0,10,69,2,68,0,0,2176,2103,0,0,0,0,0,762,0,1023,0,1023,1023,0,0,1023,0,0,0,0,0,0,0,0,0,0,0,0,0,0,0,1,0,0,0,0,0,0,0,0,0,0,0,1,5,0,6,19,36,0,0,0,0,0,0,0,0,0,0,0,0,0,0,0,0,0,0,0,0,0,0,0,0,0,0,0,0,0,0,0,0,15,16,14,15,17,22,15,14,19,15
376,1,68,69,3,64,64,0,0,0,67,0,2144,2144,968,968,0,2063,81,0,0,0,67,2144,1105,1095,32,1023,10,14,0,1048576,0,0,0,inf,inf,0.932067752,0.839941323,1,0,10,68,2,67,0,0,2144,2063,0,0,0,0,0,1095,0,1023,0,1023,1023,0,0,1023,0,0,0,0,0,0,0,0,0,0,0,0,0,0,0,1,0,0,0,0,0,0,0,0,0,0,0,1,2,4,12,15,32,0,0,0,0,0,0,0,0,0,0,0,0,0,0,0,0,0,0,0,0,0,0,0,0,0,0,0,0,0,0,0,0,8,4,42,3,4,4,6,16,5,4
377,1,67,69,3,64,64,0,0,0,66,0,18592,18592,1723,1723,0,2844,15748,0,0,0,581,18592,1320,838,32,1023,10,14,0,1048576,0,0,0,inf,inf,1.37981105,1.26846063,1,0,10,67,2,42,16,8,2112,1024,515,515,41,16480,1820,838,174,1003,1023,1023,1023,0,0,1023,2,1,1,3,1,1,2,2,2,2,2,2,3,3,2,5,4,1,0,1,4,4,2,4,3,0,1,4,2,0,1,1,0,0,0,0,0,0,0,0,0,0,0,0,0,0,0,0,0,0,0,0,0,0,0,0,0,0,0,0,0,0,0,0,0,14,15,12,1,37,34,4,3,16,15
378,1,68,69,3,64,64,0,0,0,67,0,12160,12160,1334,1334,0,2434,9726,0,0,0,380,12160,1311,1007,32,1023,10,14,0,1048576,0,0,0,inf,inf,1.29144835,1.17374659,1,0,10,68,2,52,10,5,2144,1415,313,313,14,10016,1019,1007,81,1023,999,1023,1023,0,0,1023,0,1,0,1,3,0,2,0,1,2,2,0,3,2,2,0,1,1,0,1,3,3,3,1,6,4,4,1,3,2,3,4,8,0,0,0,0,0,0,0,0,0,0,0,0,0,0,0,0,0,0,0,0,0,0,0,0,0,0,0,0,0,0,0,0,4,6,5,5,9,4,6,6,12,6
379,1,67,69,3,64,64,0,0,0,66,0,52640,52640,3175,3175,0,5299,47341,0,0,0,1645,52640,1975,1227,32,1023,10,14,0,1048576,0,0,0,inf,inf,1.38214195,1.26636457,1,0,10,67,2,2,26,38,2112,285,1579,1579,103,50528,5014,1227,579,696,1023,1023,1023,0,0,1023,13,13,5,3,4,4,5,5,2,2,5,1,2,0,0,0,1,1,0,0,0,0,0,0,0,0,0,0,0,0,0,0,0,0,0,0,0,0,0,0,0,0,0,0,0,0,0,0,0,0,0,0,0,0,0,0,0,0,0,0,0,0,0,0,0,22,10,8,9,7,8,6,9,11,5
380,1,67,69,3,64,64,0,0,0,66,0,4832,4832,1339,1339,0,1889,2943,0,0,0,151,4832,661,561,32,1023,10,14,0,1048576,0,0,0,inf,inf,1.11550879,1.00520599,1,0,10,67,2,62,3,1,2112,1599,85,85,0,2720,290,561,0,1023,503,1023,1023,0,0,1023,0,0,0,1,0,0,0,0,1,0,1,1,0,1,1,3,2,1,0,1,3,2,0,2,6,5,7,6,5,3,1,7,6,0,0,0,0,0,0,0,0,0,0,0,0,0,0,0,0,0,0,0,0,0,0,0,0,0,0,0,0,0,0,0,0,7,11,2,8,13,5,14,2,7,52
381,1,67,69,3,64,64,0,0,0,66,0,8864,8864,1252,1252,0,2219,6645,0,0,0,277,8864,1018,867,32,1023,10,14,0,1048576,0,0,0,inf,inf,1.26683736,1.15793347,1,0,10,67,2,57,5,4,2112,1578,211,211,11,6752,641,867,64,1023,573,1023,1023,0,0,1023,0,0,0,1,3,1,0,0,0,1,0,0,3,1,1,0,0,1,0,2,1,5,3,2,2,5,3,1,3,5,4,9,9,0,0,0,0,0,0,0,0,0,0,0,0,0,0,0,0,0,0,0,0,0,0,0,0,0,0,0,0,0,0,0,0,3,5,4,9,10,7,6,16,11,4
382,0.899999976,69,69,2,64,64,0,0,0,68,0,2176,2176,989,989,0,2028,148,0,0,0,68,2176,1049,1039,32,1022,10,14,0,1048576,0,0,0,inf,inf,0.950336814,0.87556994,1,0,10,69,2,68,0,0,2176,2028,0,0,0,0,0,1039,0,1022,0,1022,1022,0,0,1022,0,0,0,0,0,0,0,0,0,0,0,0,0,0,0,1,0,0,0,0,2,0,0,1,0,1,1,3,4,4,14,14,23,0,0,0,0,0,0,0,0,0,0,0,0,0,0,0,0,0,0,0,0,0,0,0,0,0,0,0,0,0,0,0,0,4294967295,5,7,5,11,5,5,5,4,6
383,1,66,69,3,64,64,0,0,0,65,0,26272,26272,3045,3045,0,5228,21044,0,0,0,821,26272,2162,1211,32,1023,10,14,0,1048576,0,0,0,inf,inf,1.04528725,0.945422351,1,0,10,66,2,24,32,9,2080,695,756,756,125,24192,4533,1211,571,1023,1023,1023,1023,64,0,1023,0,1,1,2,5,3,3,6,6,2,6,1,5,4,4,3,1,6,1,3,0,0,0,1,0,1,0,0,0,0,0,0,0,0,0,0,0,0,0,0,0,0,0,0,0,0,0,0,0,0,0,0,0,0,0,0,0,0,0,0,0,0,0,0,0,2,2,6,6,3,4,4,4,6,2
384,1,66,69,3,64,64,0,0,0,65,0,29856,29856,2263,2263,0,3849,26007,0,0,0,933,29856,1661,1002,32,1023,10,14,0,1048576,0,0,0,inf,inf,1.22805262,1.08620167,1,0,10,66,2,27,23,15,2080,746,868,868,52,27776,3103,1002,410,1015,1023,1023,1023,0,0,1023,0,6,2,0,7,3,4,3,3,2,1,4,3,2,1,2,3,4,2,2,4,1,0,1,0,2,2,0,0,0,1,0,0,0,0,0,0,0,0,0,0,0,0,0,0,0,0,0,0,0,0,0,0,0,0,0,0,0,0,0,0,0,0,0,0,3,25,2,5,26,4,26,2,26,4
385,1,68,69,3,64,64,0,0,0,67,0,31072,31072,2027,2027,0,4787,26285,0,0,0,971,31072,2080,1313,32,1023,10,14,0,1048576,0,0,0,inf,inf,1.10214448,0.993718863,1,0,10,68,2,27,27,13,2144,715,904,904,165,28928,4072,1313,929,959,1023,1023,1023,521,0,1023,2,1,3,4,3,2,9,6,3,0,1,2,4,6,5,0,3,1,4,2,1,1,0,0,0,0,1,1,1,1,0,0,0,0,0,0,0,0,0,0,0,0,0,0,0,0,0,0,0,0,0,0,0,0,0,0,0,0,0,0,0,0,0,0,0,9,4,7,29,26,8,7,3,8,28
386,1,67,69,3,64,64,0,0,0,66,0,7744,7744,1189,1189,0,2100,5644,0,0,0,242,7744,898,808,32,1023,10,14,0,1048576,0,0,0,inf,inf,1.25003207,1.15840375,1,0,10,67,2,59,3,4,2112,1592,176,176,12,5632,508,808,70,1023,103,1023,1023,0,0,1023,1,1,0,1,1,0,0,0,0,1,1,0,1,0,2,0,0,1,2,0,2,5,3,2,2,6,2,3,3,5,6,5,10,0,0,0,0,0,0,0,0,0,0,0,0,0,0,0,0,0,0,0,0,0,0,0,0,0,0,0,0,0,0,0,0,7,3,4,5,9,4,8,16,9,10
387,1,67,69,3,64,64,0,0,0,66,0,30656,30656,2584,2584,0,5921,24735,0,0,0,958,30656,2413,1386,32,1023,10,14,0,1048576,0,0,0,inf,inf,1.15863538,1.05693543,1,0,10,67,2,22,36,8,2112,730,892,892,210,28544,5191,1386,1120,1003,1023,1023,1023,676,0,1023,0,1,3,1,3,0,7,5,4,5,8,2,5,5,0,2,2,1,3,1,3,1,2,0,1,0,1,0,0,0,0,0,0,0,0,0,0,0,0,0,0,0,0,0,0,0,0,0,0,0,0,0,0,0,0,0,0,0,0,0,0,0,0,0,0,32,11,5,7,15,30,2,11,10,32
388,1,68,69,3,64,64,0,0,0,67,0,22816,22816,1845,1845,0,4676,18140,0,0,0,713,22816,1948,1287,32,1023,10,14,0,1048576,0,0,0,inf,inf,1.11251736,1.027789,1,0,10,68,2,35,23,9,2144,842,646,646,153,20672,3834,1287,1024,1005,1023,1023,1023,1,0,1023,1,1,2,2,3,1,3,5,3,4,1,3,3,4,2,7,4,3,2,2,1,4,1,2,1,1,0,1,0,0,0,0,0,0,0,0,0,0,0,0,0,0,0,0,0,0,0,0,0,0,0,0,0,0,0,0,0,0,0,0,0,0,0,0,0,6,23,6,6,6,5,6,5,12,6
389,0.899999976,66,69,3,64,64,0,0,0,65,0,30528,30528,3358,3358,0,5234,25294,0,0,0,954,30528,2148,1256,32,767,10,14,0,1048576,0,0,0,inf,inf,1.1702373,1.05625439,1,0,10,66,2,18,30,17,2080,613,889,889,83,28448,4621,1256,461,767,767,767,767,180,0,767,1,2,6,4,4,1,4,7,1,4,6,5,2,1,4,4,0,2,1,1,1,1,0,3,0,0,0,0,0,0,0,0,0,0,0,0,0,0,0,0,0,0,0,0,0,0,0,0,0,0,0,0,0,0,0,0,0,0,0,0,0,0,0,0,0,3,4,24,5,5,4,3,25,4294967295,3
390,1,66,69,3,64,64,0,0,0,65,0,18784,18784,1586,1586,0,2560,16224,0,0,0,587,18784,1124,639,32,1023,10,14,0,1048576,0,0,0,inf,inf,1.34738421,1.21316397,1,0,10,66,2,41,16,8,2080,1005,522,522,54,16704,1555,639,229,1022,1023,1023,1023,0,0,1023,2,3,0,3,0,3,1,0,3,1,2,3,3,2,1,4,4,3,2,3,1,6,2,2,1,1,0,2,4,0,2,1,0,0,0,0,0,0,0,0,0,0,0,0,0,0,0,0,0,0,0,0,0,0,0,0,0,0,0,0,0,0,0,0,0,3,1,2,5,3,5,3,2,3,10
391,0.800000012,69,69,1,64,64,0,1,0,68,0,34336,34336,2069,2069,0,4681,29655,0,0,0,1073,34336,1877,1341,32,989,10,14,0,1048576,0,0,0,inf,1.34051895,1.34051895,1.28199959,1,0,10,69,2,27,19,22,2176,757,1005,1005,119,32160,3924,1341,848,796,989,989,989,0,0,989,3,6,2,5,6,5,3,5,0,3,2,0,1,0,4,2,2,4,0,1,3,1,0,2,0,0,1,0,1,0,3,1,2,0,0,0,0,0,0,0,0,0,0,0,0,0,0,0,0,0,0,0,0,0,0,0,0,0,0,0,0,0,0,0,0,29,4294967295,7,34,6,4294967295,32,11,29,35
392,1,66,69,3,64,64,0,0,0,65,0,33216,33216,2783,2783,0,5376,27840,0,0,0,1038,33216,2130,1234,32,1023,10,14,0,1048576,0,0,0,inf,inf,1.10873795,1.03156173,1,0,10,66,2,17,31,17,2080,573,973,973,149,31136,4803,1234,867,255,1023,1023,1023,97,0,1023,2,1,6,4,4,2,2,10,2,2,6,2,5,2,6,2,1,4,1,0,0,0,1,0,0,0,0,0,0,0,0,0,0,0,0,0,0,0,0,0,0,0,0,0,0,0,0,0,0,0,0,0,0,0,0,0,0,0,0,0,0,0,0,0,0,23,6,6,2,7,6,10,1,20,11
393,0.899999976,69,69,1,64,64,0,2,0,68,0,50144,50144,2756,2756,0,4950,45194,0,0,0,1567,50144,1866,1202,32,991,10,14,0,1048576,0,0,0,inf,1.2577908,1.34770453,1.23911309,1,0,10,69,2,9,23,36,2176,353,1499,1499,129,47968,4597,1202,570,274,991,991,991,16,0,991,12,11,10,1,2,6,2,5,4,1,2,1,2,1,2,1,3,2,0,0,0,0,0,0,0,0,0,0,0,0,0,0,0,0,0,0,0,0,0,0,0,0,0,0,0,0,0,0,0,0,0,0,0,0,0,0,0,0,0,0,0,0,0,0,0,17,17,16,17,9,4294967295,16,39,5,14
394,1,68,69,3,64,64,0,0,0,67,0,6752,6752,1161,1161,0,2013,4739,0,0,0,211,6752,1006,848,32,1023,10,14,0,1048576,0,0,0,inf,inf,1.31634462,1.21970415,1,0,10,68,2,61,5,1,2144,1652,144,144,0,4608,361,848,0,1023,98,1023,1023,0,0,1023,0,0,0,0,1,1,0,1,1,0,0,2,0,1,1,2,0,0,0,0,3,1,1,6,4,3,5,8,2,6,4,7,7,0,0,0,0,0,0,0,0,0,0,0,0,0,0,0,0,0,0,0,0,0,0,0,0,0,0,0,0,0,0,0,0,19,17,4,4,66,18,8,20,4,2
395,1,66,69,3,64,64,0,0,0,65,0,33760,33760,2667,2667,0,5124,28636,0,0,0,1055,33760,2385,1381,32,1023,10,14,0,1048576,0,0,0,inf,inf,1.20914531,1.12846732,1,0,10,66,2,19,34,12,2080,635,990,990,122,31680,4489,1381,690,1023,1023,1023,1023,0,0,1023,1,0,1,2,8,4,7,5,4,6,5,0,3,4,3,1,2,2,2,0,2,0,2,0,0,0,0,0,0,0,0,1,0,0,0,0,0,0,0,0,0,0,0,0,0,0,0,0,0,0,0,0,0,0,0,0,0,0,0,0,0,0,0,0,0,15,3,13,12,8,4,3,13,13,6
396,1,66,69,3,64,64,0,0,0,65,0,23392,23392,2750,2750,0,4741,18651,0,0,0,731,23392,1829,1026,32,1023,10,14,0,1048576,0,0,0,inf,inf,1.08715177,1.01663446,1,0,10,66,2,29,27,9,2080,752,666,666,121,21312,3989,1026,595,1023,1023,1023,1023,14,0,1023,0,0,1,2,6,2,3,7,3,3,4,1,4,3,8,3,1,4,2,0,3,1,2,0,0,1,0,1,0,0,0,0,0,0,0,0,0,0,0,0,0,0,0,0,0,0,0,0,0,0,0,0,0,0,0,0,0,0,0,0,0,0,0,0,0,2,8,9,9,3,1,2,1,1,2
397,1,66,69,3,64,64,0,0,0,65,0,12256,12256,1323,1323,0,2211,10045,0,0,0,383,12256,1056,739,32,1023,10,14,0,1048576,0,0,0,inf,inf,1.34231269,1.24545383,1,0,10,66,2,50,10,5,2080,1171,318,318,30,10176,1040,739,89,987,1023,1023,1023,0,0,1023,2,1,0,2,0,1,1,0,2,1,0,3,2,2,2,5,4,1,1,2,3,4,5,5,3,0,2,3,4,2,1,1,0,0,0,0,0,0,0,0,0,0,0,0,0,0,0,0,0,0,0,0,0,0,0,0,0,0,0,0,0,0,0,0,0,3,4,7,4,22,27,1,4,7,3
398,1,69,69,2,64,64,0,0,0,68,0,45216,45216,2766,2766,0,4888,40328,0,0,0,1413,45216,1880,1117,32,1023,10,14,0,1048576,0,0,0,inf,inf,1.36923206,1.26367688,1,0,10,69,2,12,26,30,2176,426,1345,1345,117,43040,4462,1117,548,869,1023,1023,1023,0,0,1023,8,10,7,4,1,4,3,7,5,2,2,1,2,2,2,1,3,3,1,0,0,0,0,0,0,0,0,0,0,0,0,0,0,0,0,0,0,0,0,0,0,0,0,0,0,0,0,0,0,0,0,0,0,0,0,0,0,0,0,0,0,0,0,0,0,12,17,5,41,39,11,57,9,4,12
399,1,66,69,3,64,64,0,0,0,65,0,19904,19904,2029,2029,0,2654,17250,0,0,0,622,19904,1125,446,32,1023,10,14,0,1048576,0,0,0,inf,inf,1.2873832,1.06643653,1,0,10,66,2,37,22,6,2080,873,557,557,19,17824,1781,446,238,511,1023,1023,1023,0,0,1023,2,0,3,0,1,0,5,1,3,3,2,2,6,6,1,2,4,7,4,4,0,2,3,1,0,1,2,0,0,0,0,0,0,0,0,0,0,0,0,0,0,0,0,0,0,0,0,0,0,0,0,0,0,0,0,0,0,0,0,0,0,0,0,0,0,3,3,3,3,3,2,2,5,3,3
400,1,67,69,3,64,64,0,0,0,66,0,4224,4224,1435,1435,0,1968,2256,0,0,0,132,4224,609,539,32,1023,10,14,0,1048576,0,0,0,inf,inf,1.26488113,1.12778807,1,0,10,67,2,63,2,1,2112,1720,66,66,0,2112,248,539,0,1023,719,1023,1023,0,0,1023,0,0,0,1,0,0,0,0,0,0,1,1,0,1,1,2,1,0,0,1,2,2,0,5,4,1,2,4,5,5,4,15,8,0,0,0,0,0,0,0,0,0,0,0,0,0,0,0,0,0,0,0,0,0,0,0,0,0,0,0,0,0,0,0,0,3,4,4,4,4,4,5,7,3,4
401,1,66,69,3,64,64,0,0,0,65,0,20000,20000,2535,2535,0,3429,16571,0,0,0,625,20000,1225,555,32,1023,10,14,0,1048576,0,0,0,inf,inf,1.35239923,1.24100685,1,0,10,66,2,36,22,7,2080,903,560,560,30,17920,2526,555,294,1023,1023,1023,1023,0,0,1023,1,0,4,0,2,0,4,1,2,3,3,2,7,3,3,2,5,5,1,4,1,2,2,3,0,1,2,1,1,0,0,0,0,0,0,0,0,0,0,0,0,0,0,0,0,0,0,0,0,0,0,0,0,0,0,0,0,0,0,0,0,0,0,0,0,3,3,3,3,4,3,3,5,4,4
402,1,66,69,3,64,64,0,0,0,65,0,27360,27360,3166,3166,0,5005,22355,0,0,0,855,27360,2114,1153,32,1023,10,14,0,1048576,0,0,0,inf,inf,1.11571741,1.0212667,1,0,10,66,2,22,32,11,2080,655,790,790,100,25280,4350,1153,446,975,1023,1023,1023,514,0,1023,1,0,5,3,2,3,4,6,3,2,6,1,7,3,10,1,1,1,1,2,1,0,1,0,0,1,0,0,0,0,0,0,0,0,0,0,0,0,0,0,0,0,0,0,0,0,0,0,0,0,0,0,0,0,0,0,0,0,0,0,0,0,0,0,0,2,3,1,1,9,22,8,2,6,2
403,1,66,69,3,64,64,0,0,0,65,0,33888,33888,2361,2361,0,5302,28586,0,0,0,1059,33888,2024,1346,32,1023,10,14,0,1048576,0,0,0,inf,inf,1.10588288,0.999143124,1,0,10,66,2,20,24,21,2080,648,994,994,164,31808,4654,1346,956,1023,1023,1023,1023,258,0,1023,2,2,3,6,8,1,2,6,4,1,1,3,6,2,3,3,1,2,0,0,2,0,0,2,3,0,1,0,1,0,0,0,0,0,0,0,0,0,0,0,0,0,0,0,0,0,0,0,0,0,0,0,0,0,0,0,0,0,0,0,0,0,0,0,0,11,6,10,12,16,11,2,12,21,10
404,1,67,69,3,64,64,0,0,0,66,0,12096,12096,1374,1374,0,2245,9851,0,0,0,378,12096,1055,782,32,1023,10,14,0,1048576,0,0,0,inf,inf,1.2540133,1.157619,1,0,10,67,2,52,9,5,2112,1385,312,312,5,9984,860,782,75,1023,507,1023,1023,0,0,1023,0,1,0,1,3,3,0,1,0,2,1,0,2,2,3,1,0,1,1,0,3,2,2,1,6,2,5,3,4,4,3,3,6,0,0,0,0,0,0,0,0,0,0,0,0,0,0,0,0,0,0,0,0,0,0,0,0,0,0,0,0,0,0,0,0,3,8,5,8,4,9,4,3,3,4
405,1,67,69,3,64,64,0,0,0,66,0,36672,36672,2844,2844,0,5268,31404,0,0,0,1146,36672,2455,1378,32,1023,10,14,0,1048576,0,0,0,inf,inf,1.19622684,1.08421695,1,0,10,67,2,13,37,16,2112,593,1080,1080,113,34560,4675,1378,672,879,1023,1023,1023,0,0,1023,0,3,2,3,8,3,5,5,7,6,3,3,5,2,2,0,4,0,0,1,0,2,0,1,0,0,0,0,0,0,1,0,0,0,0,0,0,0,0,0,0,0,0,0,0,0,0,0,0,0,0,0,0,0,0,0,0,0,0,0,0,0,0,0,0,5,32,34,33,33,6,4,11,6,32
406,1,66,69,3,64,64,0,0,0,65,0,26848,26848,2872,2872,0,5293,21555,0,0,0,839,26848,2146,1221,32,1023,10,14,0,1048576,0,0,0,inf,inf,1.12728977,1.04942453,1,0,10,66,2,24,31,10,2080,700,774,774,123,24768,4593,1221,616,191,1023,1023,1023,38,0,1023,1,0,4,2,3,2,3,8,3,2,5,2,6,2,7,3,1,3,1,2,2,0,1,0,0,2,0,0,0,0,0,0,0,0,0,0,0,0,0,0,0,0,0,0,0,0,0,0,0,0,0,0,0,0,0,0,0,0,0,0,0,0,0,0,0,2,7,3,6,1,2,7,1,24,3
407,1,66,69,3,64,64,0,0,0,65,0,2080,2080,747,747,0,1916,164,0,0,0,65,2080,1179,1169,32,1023,10,14,0,1048576,0,0,0,inf,inf,0.949673891,0.856620312,1,0,10,66,2,65,0,0,2080,1916,0,0,0,0,0,1169,0,1023,0,1023,1023,0,0,1023,0,0,0,0,0,0,0,0,0,0,0,0,0,0,0,0,0,1,0,0,0,1,0,0,1,3,1,5,5,7,11,15,15,0,0,0,0,0,0,0,0,0,0,0,0,0,0,0,0,0,0,0,0,0,0,0,0,0,0,0,0,0,0,0,0,14,9,8,5,21,4,9,13,6,6
408,1,66,69,3,64,64,0,0,0,65,0,46816,46816,3612,3612,0,5415,41401,0,0,0,1463,46816,1874,1247,32,1023,10,14,0,1048576,0,0,0,inf,inf,1.17848027,1.04753137,1,0,10,66,2,5,21,39,2080,324,1398,1398,89,44736,5091,1247,387,925,1023,1023,1023,2,0,1023,3,6,12,10,8,6,6,2,2,2,2,0,1,0,2,1,1,0,0,0,0,0,0,0,0,0,0,1,0,0,0,0,0,0,0,0,0,0,0,0,0,0,0,0,0,0,0,0,0,0,0,0,0,0,0,0,0,0,0,0,0,0,0,0,0,6,10,1,2,2,2,19,8,58,1
409,1,69,69,2,64,64,0,0,0,68,0,2816,2816,801,801,0,2151,665,0,0,0,88,2816,1291,1257,32,1023,10,14,0,1048576,0,0,0,inf,inf,0.876330554,0.823303819,1,0,10,69,2,67,1,0,2176,2010,20,20,12,640,141,1257,54,1023,8,1023,1023,0,0,1023,0,0,0,0,0,0,0,0,0,0,0,0,1,0,0,0,0,0,0,0,0,1,1,2,1,3,0,2,5,3,12,15,22,0,0,0,0,0,0,0,0,0,0,0,0,0,0,0,0,0,0,0,0,0,0,0,0,0,0,0,0,0,0,0,0,19,61,8,17,19,16,20,3,29,19
410,1,66,69,3,64,64,0,0,0,65,0,40736,40736,3360,3360,0,5439,35297,0,0,0,1273,40736,2102,1320,32,1023,10,14,0,1048576,0,0,0,inf,inf,1.12348437,1.01258314,1,0,10,66,2,11,26,28,2080,464,1208,1208,116,38656,4975,1320,508,927,1023,1023,1023,32,0,1023,2,4,8,6,8,2,10,4,3,1,2,2,2,0,3,2,0,1,0,2,1,0,0,1,0,0,0,1,0,0,0,0,0,0,0,0,0,0,0,0,0,0,0,0,0,0,0,0,0,0,0,0,0,0,0,0,0,0,0,0,0,0,0,0,0,20,3,2,3,5,15,2,3,1,1
411,1,68,69,3,64,64,0,0,0,67,0,17440,17440,2095,2095,0,3096,14344,0,0,0,545,17440,1238,652,32,1023,10,14,0,1048576,0,0,0,inf,inf,1.32706845,1.24285889,1,0,10,68,2,43,19,5,2144,970,478,478,20,15296,2126,652,188,1023,1023,1023,1023,0,0,1023,0,0,3,0,2,1,4,2,2,2,3,1,4,5,2,3,4,6,4,2,3,4,6,2,0,0,1,0,1,0,0,0,0,0,0,0,0,0,0,0,0,0,0,0,0,0,0,0,0,0,0,0,0,0,0,0,0,0,0,0,0,0,0,0,0,8,4,3,6,5,4,6,8,5,5
412,1,66,69,3,64,64,0,0,0,65,0,16544,16544,1633,1633,0,2248,14296,0,0,0,517,16544,1090,628,32,1023,10,14,0,1048576,0,0,0,inf,inf,1.30976307,1.06322122,1,0,10,66,2,43,15,7,2080,1089,452,452,21,14464,1159,628,45,1023,1023,1023,1023,0,0,1023,2,2,1,2,0,2,1,2,3,2,1,2,2,2,2,3,4,1,0,1,1,5,4,3,0,2,3,3,4,2,2,1,0,0,0,0,0,0,0,0,0,0,0,0,0,0,0,0,0,0,0,0,0,0,0,0,0,0,0,0,0,0,0,0,0,1,3,4,3,4,3,3,2,2,3
413,1,67,69,3,64,64,0,0,0,66,0,9600,9600,1319,1319,0,2455,7145,0,0,0,300,9600,1181,915,32,1023,10,14,0,1048576,0,0,0,inf,inf,1.26822376,1.14709568,1,0,10,67,2,55,9,2,2112,1513,234,234,24,7488,942,915,144,959,981,1023,1023,0,0,1023,0,0,0,1,1,0,0,0,2,3,0,0,4,3,1,1,1,1,0,2,2,2,3,1,4,0,6,1,2,5,5,5,10,0,0,0,0,0,0,0,0,0,0,0,0,0,0,0,0,0,0,0,0,0,0,0,0,0,0,0,0,0,0,0,0,5,3,4,3,9,14,10,4,13,5
414,1,68,69,3,64,64,0,0,0,67,0,2144,2144,1098,1098,0,2035,109,0,0,0,67,2144,947,937,32,1023,10,14,0,1048576,0,0,0,inf,inf,0.928098798,0.821573853,1,0,10,68,2,67,0,0,2144,2035,0,0,0,0,0,937,0,1023,0,1023,1023,0,0,1023,0,0,0,0,0,0,0,0,0,0,0,0,0,0,0,0,0,0,0,0,1,0,0,0,1,1,1,2,3,4,14,14,26,0,0,0,0,0,0,0,0,0,0,0,0,0,0,0,0,0,0,0,0,0,0,0,0,0,0,0,0,0,0,0,0,5,6,6,9,8,5,9,8,8,10
415,1,66,69,3,64,64,0,0,0,65,0,27840,27840,3227,3227,0,5289,22551,0,0,0,870,27840,2239,1217,32,1023,10,14,0,1048576,0,0,0,inf,inf,1.16202545,1.04527807,1,0,10,66,2,21,34,10,2080,681,805,805,94,25760,4608,1217,509,1023,1023,1023,1023,2,0,1023,0,2,3,2,3,3,4,8,3,2,6,2,6,1,6,3,0,3,1,2,0,1,1,1,1,1,0,0,0,0,0,0,0,0,0,0,0,0,0,0,0,0,0,0,0,0,0,0,0,0,0,0,0,0,0,0,0,0,0,0,0,0,0,0,0,2,3,2,6,1,1,2,1,6,1
416,0.899999976,68,69,3,64,64,0,0,0,67,0,2144,2144,1032,1032,0,1977,167,0,0,0,67,2144,955,945,32,1015,10,14,0,1048576,0,0,0,inf,inf,1.0155499,0.933894217,1,0,10,68,2,67,0,0,2144,1977,0,0,0,0,0,945,0,1015,0,1015,1015,0,0,1015,0,0,0,0,0,0,0,0,0,0,0,0,0,0,0,1,0,0,0,0,3,0,0,1,0,1,1,2,6,5,14,15,18,0,0,0,0,0,0,0,0,0,0,0,0,0,0,0,0,0,0,0,0,0,0,0,0,0,0,0,0,0,0,0,0,6,4,4,4294967295,6,5,6,3,34,4
417,1,65,69,3,64,64,0,0,0,64,0,2720,2720,1035,1035,0,1785,935,0,0,0,85,2720,790,750,32,1023,10,14,0,1048576,0,0,0,inf,inf,1.23629725,1.15649855,1,0,10,65,2,63,1,0,2048,1737,21,21,0,672,48,750,0,1023,0,1023,1023,0,0,1023,0,0,0,0,0,0,0,0,0,0,0,1,0,1,1,0,1,0,1,0,1,2,0,4,2,3,4,6,3,9,7,9,9,0,0,0,0,0,0,0,0,0,0,0,0,0,0,0,0,0,0,0,0,0,0,0,0,0,0,0,0,0,0,0,0,4,3,47,2,17,39,5,7,7,3
418,1,66,69,3,64,64,0,0,0,65,0,28256,28256,2859,2859,0,4753,23503,0,0,0,883,28256,1979,1210,32,1023,10,14,0,1048576,0,0,0,inf,inf,1.16293216,0.989783883,1,0,10,66,2,23,26,16,2080,653,818,818,70,26176,4100,1210,473,991,1023,1023,1023,0,0,1023,3,3,2,3,5,2,2,7,1,5,5,1,3,0,8,2,2,2,2,1,1,1,2,1,0,1,0,0,0,0,0,0,0,0,0,0,0,0,0,0,0,0,0,0,0,0,0,0,0,0,0,0,0,0,0,0,0,0,0,0,0,0,0,0,0,2,3,2,2,3,3,2,3,3,3
419,1,66,69,3,64,64,0,0,0,65,0,22944,22944,2086,2086,0,4411,18533,0,0,0,717,22944,1863,1171,32,1023,10,14,0,1048576,0,0,0,inf,inf,1.11147761,1.02712965,1,0,10,66,2,33,24,8,2080,844,652,652,116,20864,3567,1171,709,1019,1023,1023,1023,168,0,1023,0,0,2,2,4,1,3,8,1,2,5,2,2,3,4,2,5,4,2,0,2,0,1,4,2,1,2,0,0,1,0,0,0,0,0,0,0,0,0,0,0,0,0,0,0,0,0,0,0,0,0,0,0,0,0,0,0,0,0,0,0,0,0,0,0,2,1,10,9,3,8,17,10,1,8
420,1,68,69,3,64,64,0,0,0,67,0,2144,2144,876,876,0,2052,92,0,0,0,67,2144,1186,1176,32,1023,10,14,0,1048576,0,0,0,inf,inf,1.02062058,0.933362365,1,0,10,68,2,67,0,0,2144,2052,0,0,0,0,0,1176,0,1023,0,1023,1023,0,0,1023,0,0,0,0,0,0,0,0,0,0,0,0,0,0,0,1,0,0,0,0,0,0,0,0,0,0,1,1,2,3,15,17,27,0,0,0,0,0,0,0,0,0,0,0,0,0,0,0,0,0,0,0,0,0,0,0,0,0,0,0,0,0,0,0,0,9,10,12,8,6,48,55,4,9,22
421,1,67,69,3,64,64,0,0,0,66,0,14912,14912,1609,1609,0,2472,12440,0,0,0,466,14912,1213,820,32,1023,10,14,0,1048576,0,0,0,inf,inf,1.31753397,1.21708345,1,0,10,67,2,48,13,5,2112,1328,400,400,6,12800,1144,820,51,1023,719,1023,1023,0,0,1023,1,1,0,1,2,2,0,1,1,4,2,0,3,2,3,1,0,1,1,0,0,3,4,1,4,2,5,2,3,3,2,6,5,0,0,0,0,0,0,0,0,0,0,0,0,0,0,0,0,0,0,0,0,0,0,0,0,0,0,0,0,0,0,0,0,3,4,3,4,5,5,5,10,4,4
422,1,67,69,3,64,64,0,0,0,66,0,2112,2112,991,991,0,2013,99,0,0,0,66,2112,1032,1022,32,1023,10,14,0,1048576,0,0,0,inf,inf,0.952378929,0.814531624,1,0,10,67,2,66,0,0,2112,2013,0,0,0,0,0,1022,0,1023,0,1023,1023,0,0,1023,0,0,0,0,0,0,0,0,0,0,0,0,0,0,0,0,0,0,1,0,0,0,0,0,0,1,1,3,2,4,12,13,29,0,0,0,0,0,0,0,0,0,0,0,0,0,0,0,0,0,0,0,0,0,0,0,0,0,0,0,0,0,0,0,0,3,5,3,5,6,26,4,5,4,3
423,0.800000012,69,69,1,64,64,0,1,0,68,0,29344,29344,1960,1960,0,5238,24106,0,0,0,917,29344,2049,1331,32,863,10,14,0,1048576,0,0,0,inf,1.39721942,1.39721942,1.33807611,1,0,10,69,2,29,26,13,2176,808,849,849,161,27168,4430,1331,1250,351,863,863,863,513,0,863,3,2,2,3,3,3,1,5,3,5,2,1,6,1,4,5,2,3,1,0,2,2,3,2,0,0,0,1,1,1,1,0,0,0,0,0,0,0,0,0,0,0,0,0,0,0,0,0,0,0,0,0,0,0,0,0,0,0,0,0,0,0,0,0,0,32,8,8,16,14,4294967295,14,4294967295,15,36
424,0.800000012,69,69,1,64,64,0,2,0,68,0,33888,33888,2145,2145,0,4307,29581,0,0,0,1059,33888,2085,1256,32,511,10,14,0,1048576,0,0,0,inf,1.35001349,1.35085618,1.23135519,1,0,10,69,2,22,28,18,2176,738,991,991,96,31712,3569,1256,613,471,511,479,479,32,0,479,7,4,2,4,1,6,3,4,1,1,4,5,4,2,1,1,1,2,0,1,3,0,2,2,0,0,1,1,1,0,2,1,1,0,0,0,0,0,0,0,0,0,0,0,0,0,0,0,0,0,0,0,0,0,0,0,0,0,0,0,0,0,0,0,0,8,8,13,20,10,4294967295,8,13,8,4294967295
425,1,67,69,3,64,64,0,0,0,66,0,2112,2112,1096,1096,0,2060,52,0,0,0,66,2112,974,964,32,1023,10,14,0,1048576,0,0,0,inf,inf,0.867069066,0.762186408,1,0,10,67,2,66,0,0,2112,2060,0,0,0,0,0,964,0,1023,0,1023,1023,0,0,1023,0,0,0,0,0,0,0,0,0,0,0,0,0,0,0,0,0,0,0,0,0,0,0,0,0,0,1,0,2,5,6,11,41,0,0,0,0,0,0,0,0,0,0,0,0,0,0,0,0,0,0,0,0,0,0,0,0,0,0,0,0,0,0,0,0,6,7,7,4,7,10,8,7,12,7
426,1,69,69,2,64,64,0,0,0,68,0,2176,2176,1039,1039,0,2122,54,0,0,0,68,2176,1093,1083,32,1023,10,14,0,1048576,0,0,0,inf,inf,0.802933812,0.670999467,1,0,10,69,2,68,0,0,2176,2122,0,0,0,0,0,1083,0,1023,0,1023,1023,0,0,1023,0,0,0,0,0,0,0,0,0,0,0,0,0,0,0,0,0,0,0,0,0,0,0,0,0,1,0,2,2,1,8,10,44,0,0,0,0,0,0,0,0,0,0,0,0,0,0,0,0,0,0,0,0,0,0,0,0,0,0,0,0,0,0,0,0,8,7,8,8,8,8,9,8,14,8
427,0.899999976,66,69,3,64,64,0,0,0,65,0,24160,24160,2646,2646,0,4833,19327,0,0,0,755,24160,2065,1176,32,1023,10,14,0,1048576,0,0,0,inf,inf,1.15765595,1.04457104,1,0,10,66,2,27,30,8,2080,778,690,690,122,22080,4055,1176,603,1007,1023,1007,1007,28,0,1007,0,0,3,2,3,1,4,8,1,3,6,3,4,1,5,5,0,3,1,2,2,2,1,1,2,1,0,0,1,0,0,0,0,0,0,0,0,0,0,0,0,0,0,0,0,0,0,0,0,0,0,0,0,0,0,0,0,0,0,0,0,0,0,0,0,2,5,6,3,4294967295,2,6,2,17,1
428,1,68,69,3,64,64,0,0,0,67,0,17216,17216,1610,1610,0,2699,14517,0,0,0,538,17216,1361,879,32,1023,10,14,0,1048576,0,0,0,inf,inf,1.24934149,1.1482892,1,0,10,68,2,46,16,5,2144,1263,471,471,21,15072,1436,879,165,959,975,1023,1023,0,0,1023,1,0,0,2,2,3,2,1,1,4,2,0,3,0,3,2,1,3,1,0,1,5,1,2,2,3,4,2,2,4,2,4,4,0,0,0,0,0,0,0,0,0,0,0,0,0,0,0,0,0,0,0,0,0,0,0,0,0,0,0,0,0,0,0,0,4,3,5,18,6,6,20,5,19,7
429,1,68,69,3,64,64,0,0,0,67,0,2144,2144,1032,1032,0,2063,81,0,0,0,67,2144,1041,1031,32,1023,10,14,0,1048576,0,0,0,inf,inf,0.852160096,0.745424628,1,0,10,68,2,67,0,0,2144,2063,0,0,0,0,0,1031,0,1023,0,1023,1023,0,0,1023,0,0,0,0,0,0,0,0,0,0,0,0,0,0,0,1,0,0,0,0,0,0,0,0,0,0,1,2,2,2,10,14,35,0,0,0,0,0,0,0,0,0,0,0,0,0,0,0,0,0,0,0,0,0,0,0,0,0,0,0,0,0,0,0,0,4,13,15,9,5,10,5,58,14,8
430,1,66,69,3,64,64,0,0,0,65,0,27488,27488,2754,2754,0,5211,22277,0,0,0,859,27488,2115,1220,32,1023,10,14,0,1048576,0,0,0,inf,inf,1.04638982,0.955712974,1,0,10,66,2,24,30,11,2080,690,794,794,160,25408,4521,1220,699,1023,1023,1023,1023,520,0,1023,1,2,2,3,3,2,3,8,4,2,5,1,5,1,10,3,0,2,0,2,1,0,2,1,0,1,1,0,0,0,0,0,0,0,0,0,0,0,0,0,0,0,0,0,0,0,0,0,0,0,0,0,0,0,0,0,0,0,0,0,0,0,0,0,0,2,2,2,4,17,8,3,4,4,2
431,0.899999976,66,69,3,64,64,0,0,0,65,0,2080,2080,1075,1075,0,1865,215,0,0,0,65,2080,800,790,32,895,10,14,0,1048576,0,0,0,inf,inf,0.803990483,0.720575809,1,0,10,66,2,65,0,0,2080,1865,0,0,0,0,0,790,0,895,0,895,895,0,0,895,0,0,0,0,0,0,0,0,0,0,0,0,0,0,0,0,0,0,0,0,1,2,1,3,2,3,2,3,7,8,9,10,14,0,0,0,0,0,0,0,0,0,0,0,0,0,0,0,0,0,0,0,0,0,0,0,0,0,0,0,0,0,0,0,0,5,4,10,3,11,5,6,4294967295,2,46
432,1,69,69,2,64,64,0,0,0,68,0,2176,2176,831,831,0,2062,114,0,0,0,68,2176,1241,1231,32,1023,10,14,0,1048576,0,0,0,inf,inf,0.902914584,0.824908614,1,0,10,69,2,68,0,0,2176,2062,0,0,0,0,0,1231,0,1023,0,1023,1023,0,0,1023,0,0,0,0,0,0,0,0,0,0,0,0,0,0,0,0,0,0,1,0,1,0,0,1,0,1,0,2,2,6,11,14,29,0,0,0,0,0,0,0,0,0,0,0,0,0,0,0,0,0,0,0,0,0,0,0,0,0,0,0,0,0,0,0,0,21,24,3,2,22,36,23,23,11,66
433,1,66,69,3,64,64,0,0,0,65,0,39520,39520,3444,3444,0,5584,33936,0,0,0,1235,39520,2297,1312,32,1023,10,14,0,1048576,0,0,0,inf,inf,1.10192859,0.996483326,1,0,10,66,2,9,33,23,2080,452,1170,1170,113,37440,5132,1312,580,943,1023,1023,1023,0,0,1023,1,2,4,6,10,5,10,6,3,4,3,1,1,0,1,6,0,0,0,0,2,0,0,0,0,0,0,0,0,0,0,0,0,0,0,0,0,0,0,0,0,0,0,0,0,0,0,0,0,0,0,0,0,0,0,0,0,0,0,0,0,0,0,0,0,7,11,4,11,5,6,24,4,6,7
434,1,67,69,3,64,64,0,0,0,66,0,13600,13600,1509,1509,0,2388,11212,0,0,0,425,13600,1225,840,32,1023,10,14,0,1048576,0,0,0,inf,inf,1.21329844,1.06820035,1,0,10,67,2,49,13,4,2112,1335,359,359,9,11488,1053,840,55,1023,1022,1023,1023,0,0,1023,1,0,0,1,2,1,2,1,0,4,2,1,2,3,3,1,0,1,0,1,2,3,3,2,1,3,4,2,2,4,6,3,5,0,0,0,0,0,0,0,0,0,0,0,0,0,0,0,0,0,0,0,0,0,0,0,0,0,0,0,0,0,0,0,0,5,12,3,4,4,13,4,5,5,12
435,1,67,69,3,64,64,0,0,0,66,0,2112,2112,783,783,0,1868,244,0,0,0,66,2112,1095,1085,32,1023,10,14,0,1048576,0,0,0,inf,inf,0.895708323,0.784426391,1,0,10,67,2,66,0,0,2112,1868,0,0,0,0,0,1085,0,1023,0,1023,1023,0,0,1023,0,0,0,0,0,0,0,0,0,0,0,0,0,0,0,1,0,0,1,0,1,1,2,3,1,5,2,2,10,4,8,10,15,0,0,0,0,0,0,0,0,0,0,0,0,0,0,0,0,0,0,0,0,0,0,0,0,0,0,0,0,0,0,0,0,19,8,15,17,16,15,4,9,7,13
436,1,68,69,3,64,64,0,0,0,67,0,2144,2144,553,553,0,2044,100,0,0,0,67,2144,1501,1491,32,1023,10,14,0,1048576,0,0,0,inf,inf,0.901363254,0.81259656,1,0,10,68,2,67,0,0,2144,2044,0,0,0,0,0,1491,0,1023,0,1023,1023,0,0,1023,0,0,0,0,0,0,0,0,0,0,0,0,0,0,0,0,0,0,0,0,2,0,1,0,0,0,1,3,2,2,8,15,33,0,0,0,0,0,0,0,0,0,0,0,0,0,0,0,0,0,0,0,0,0,0,0,0,0,0,0,0,0,0,0,0,10,57,9,35,35,8,12,10,5,17
437,1,66,69,3,64,64,0,0,0,65,0,32928,32928,2822,2822,0,3860,29068,0,0,0,1029,32928,1701,840,32,1023,10,14,0,1048576,0,0,0,inf,inf,1.16095495,1.04910445,1,0,10,66,2,22,29,14,2080,613,964,964,26,30848,3247,840,182,991,1023,1023,1023,0,0,1023,0,5,4,1,4,7,4,5,5,2,2,1,3,5,3,4,1,1,1,2,1,2,2,0,0,0,0,0,0,0,0,0,0,0,0,0,0,0,0,0,0,0,0,0,0,0,0,0,0,0,0,0,0,0,0,0,0,0,0,0,0,0,0,0,0,17,19,6,5,51,5,7,3,6,20
438,1,67,69,3,64,64,0,0,0,66,0,5984,5984,1103,1103,0,1932,4052,0,0,0,187,5984,961,834,32,1023,10,14,0,1048576,0,0,0,inf,inf,1.21438694,1.13952446,1,0,10,67,2,61,4,1,2112,1717,121,121,0,3872,215,834,0,1023,162,1023,1023,0,0,1023,0,0,0,1,0,1,0,1,1,0,0,1,0,2,2,1,0,0,0,0,0,1,1,1,5,1,4,2,4,7,11,8,11,0,0,0,0,0,0,0,0,0,0,0,0,0,0,0,0,0,0,0,0,0,0,0,0,0,0,0,0,0,0,0,0,8,19,26,21,14,17,2,26,7,2
439,1,66,69,3,64,64,0,0,0,65,0,16480,16480,2092,2092,0,3854,12626,0,0,0,515,16480,1599,972,32,1023,10,14,0,1048576,0,0,0,inf,inf,0.934639037,0.833807468,1,0,10,66,2,41,21,3,2080,1001,450,450,84,14400,2853,972,456,1023,1007,1023,1023,1,0,1023,0,0,0,2,1,0,0,6,4,0,3,1,7,1,5,5,4,1,2,3,4,3,3,2,1,4,1,1,1,0,0,0,0,0,0,0,0,0,0,0,0,0,0,0,0,0,0,0,0,0,0,0,0,0,0,0,0,0,0,0,0,0,0,0,0,4,7,6,1,8,2,1,2,2,2
440,1,67,69,3,64,64,0,0,0,66,0,11200,11200,1441,1441,0,2287,8913,0,0,0,350,11200,1093,790,32,1023,10,14,0,1048576,0,0,0,inf,inf,1.238711,1.10308385,1,0,10,67,2,52,10,4,2112,1399,284,284,7,9088,888,790,69,959,989,1023,1023,0,0,1023,0,0,0,1,3,1,2,1,0,2,1,1,2,2,3,1,1,1,0,1,2,2,4,1,3,3,3,4,2,3,8,3,5,0,0,0,0,0,0,0,0,0,0,0,0,0,0,0,0,0,0,0,0,0,0,0,0,0,0,0,0,0,0,0,0,3,5,4,4,11,5,10,4,4,5
441,1,68,69,3,64,64,0,0,0,67,0,2144,2144,788,788,0,1893,251,0,0,0,67,2144,1115,1105,32,1023,10,14,0,1048576,0,0,0,inf,inf,0.912930787,0.805825472,1,0,10,68,2,67,0,0,2144,1893,0,0,0,0,0,1105,0,1023,0,1023,1023,0,0,1023,0,0,0,0,0,0,0,0,0,0,0,0,0,0,0,0,1,0,1,0,1,1,1,2,2,5,3,4,8,5,10,14,9,0,0,0,0,0,0,0,0,0,0,0,0,0,0,0,0,0,0,0,0,0,0,0,0,0,0,0,0,0,0,0,0,11,7,9,21,13,15,8,14,3,57
442,0.899999976,69,69,2,64,64,0,0,0,68,0,14496,14496,1566,1566,0,2478,12018,0,0,0,453,14496,1153,816,32,767,10,14,0,1048576,0,0,0,inf,inf,1.26653838,1.19894171,1,0,10,69,2,51,11,6,2176,1337,385,385,2,12320,1141,816,79,767,127,767,767,0,0,767,0,0,4,0,2,2,1,0,2,1,1,1,3,0,3,3,1,3,1,0,4,0,2,3,3,4,4,6,2,3,2,7,0,0,0,0,0,0,0,0,0,0,0,0,0,0,0,0,0,0,0,0,0,0,0,0,0,0,0,0,0,0,0,0,0,6,5,17,7,39,21,6,13,4294967295,8
443,0.899999976,66,69,3,64,64,0,0,0,65,0,27136,27136,3202,3202,0,5591,21545,0,0,0,848,27136,2341,1289,32,1015,10,14,0,1048576,0,0,0,inf,inf,1.03038645,0.96347481,1,0,10,66,2,23,35,7,2080,700,783,783,99,25056,4891,1289,685,951,1015,1015,1015,512,0,1015,0,1,2,2,2,4,4,7,4,1,7,2,6,1,7,6,1,1,0,2,1,2,0,0,1,1,0,0,0,0,0,0,0,0,0,0,0,0,0,0,0,0,0,0,0,0,0,0,0,0,0,0,0,0,0,0,0,0,0,0,0,0,0,0,0,6,2,3,4294967295,7,1,18,4,3,18
444,1,68,69,3,64,64,0,0,0,67,0,13696,13696,1588,1588,0,2518,11178,0,0,0,428,13696,1262,903,32,1023,10,14,0,1048576,0,0,0,inf,inf,1.21941888,1.12592793,1,0,10,68,2,50,12,5,2144,1389,361,361,10,11552,1129,903,54,1023,829,1023,1023,0,0,1023,0,1,0,1,3,1,2,1,1,2,2,0,3,2,2,2,0,1,0,1,1,2,4,2,1,5,3,2,1,6,3,6,6,0,0,0,0,0,0,0,0,0,0,0,0,0,0,0,0,0,0,0,0,0,0,0,0,0,0,0,0,0,0,0,0,7,5,6,7,7,14,5,8,6,8
445,1,69,69,2,64,64,0,0,0,68,0,2176,2176,729,729,0,2073,103,0,0,0,68,2176,1354,1344,32,1023,10,14,0,1048576,0,0,0,inf,inf,0.952777386,0.850699544,1,0,10,69,2,68,0,0,2176,2073,0,0,0,0,0,1344,0,1023,0,1023,1023,0,0,1023,0,0,0,0,0,0,0,0,0,0,0,0,0,0,0,0,0,0,0,0,1,0,0,1,1,0,1,2,2,2,13,18,27,0,0,0,0,0,0,0,0,0,0,0,0,0,0,0,0,0,0,0,0,0,0,0,0,0,0,0,0,0,0,0,0,6,4,5,7,5,8,12,12,3,26
446,1,66,69,3,64,64,0,0,0,65,0,19936,19936,1969,1969,0,3598,16338,0,0,0,623,19936,1418,950,32,1023,10,14,0,1048576,0,0,0,inf,inf,1.00045836,0.868555784,1,0,10,66,2,38,16,11,2080,911,558,558,65,17856,2687,950,474,1022,1023,1023,1023,20,0,1023,3,2,2,2,2,1,2,4,1,2,3,2,1,1,3,6,1,4,4,0,3,2,2,4,1,2,0,1,2,1,0,1,0,0,0,0,0,0,0,0,0,0,0,0,0,0,0,0,0,0,0,0,0,0,0,0,0,0,0,0,0,0,0,0,0,12,9,6,4,19,5,11,5,3,6
447,1,66,69,3,64,64,0,0,0,65,0,27520,27520,3241,3241,0,5114,22406,0,0,0,860,27520,2043,1176,32,1023,10,14,0,1048576,0,0,0,inf,inf,0.999751925,0.871668398,1,0,10,66,2,23,29,13,2080,706,795,795,86,25440,4408,1176,469,1007,1023,1023,1023,0,0,1023,1,2,5,3,2,2,2,5,2,5,5,5,3,1,4,5,0,1,3,1,1,2,0,2,1,1,0,1,0,0,0,0,0,0,0,0,0,0,0,0,0,0,0,0,0,0,0,0,0,0,0,0,0,0,0,0,0,0,0,0,0,0,0,0,0,3,3,3,3,13,2,3,3,2,3
448,1,66,69,3,64,64,0,0,0,65,0,32288,32288,2189,2189,0,4601,27687,0,0,0,1009,32288,1969,1167,32,1023,10,14,0,1048576,0,0,0,inf,inf,1.2100774,1.13086748,1,0,10,66,2,24,28,13,2080,674,944,944,150,30208,3927,1167,776,958,1023,1023,1023,528,0,1023,0,4,1,1,7,3,4,7,4,2,1,4,3,6,1,3,2,1,2,3,2,2,1,0,0,0,1,0,0,0,0,0,0,0,0,0,0,0,0,0,0,0,0,0,0,0,0,0,0,0,0,0,0,0,0,0,0,0,0,0,0,0,0,0,0,17,16,16,1,16,15,41,17,4,17
449,0.899999976,66,69,3,64,64,0,0,0,65,0,30208,30208,2508,2508,0,3473,26735,0,0,0,944,30208,1396,740,32,991,10,14,0,1048576,0,0,0,inf,inf,1.09343982,1.01257825,1,0,10,66,2,24,22,19,2080,674,879,879,44,28128,2799,740,247,991,991,991,991,18,0,991,2,7,3,4,3,3,3,6,1,1,3,4,1,2,2,3,0,1,1,6,2,1,0,2,0,2,0,2,0,0,0,0,0,0,0,0,0,0,0,0,0,0,0,0,0,0,0,0,0,0,0,0,0,0,0,0,0,0,0,0,0,0,0,0,0,5,32,9,2,10,4294967295,6,4,5,6
450,1,67,69,3,64,64,0,0,0,66,0,25408,25408,2616,2616,0,5051,20357,0,0,0,794,25408,2024,1204,32,1023,10,14,0,1048576,0,0,0,inf,inf,0.974455953,0.874074817,1,0,10,67,2,28,28,10,2112,781,728,728,133,23296,4270,1204,754,511,1023,1023,1023,512,0,1023,1,1,2,2,4,1,3,5,4,3,7,1,4,0,4,3,1,5,4,2,2,2,3,1,0,1,0,0,0,0,0,0,0,0,0,0,0,0,0,0,0,0,0,0,0,0,0,0,0,0,0,0,0,0,0,0,0,0,0,0,0,0,0,0,0,2,2,17,18,4,2,4,3,5,16
451,1,68,69,3,64,64,0,0,0,67,0,2144,2144,1021,1021,0,2066,78,0,0,0,67,2144,1055,1045,32,1023,10,14,0,1048576,0,0,0,inf,inf,0.86547184,0.767081976,1,0,10,68,2,67,0,0,2144,2066,0,0,0,0,0,1045,0,1023,0,1023,1023,0,0,1023,0,0,0,0,0,0,0,0,0,0,0,0,0,0,0,0,0,0,0,0,0,0,0,0,0,0,1,2,3,2,14,16,29,0,0,0,0,0,0,0,0,0,0,0,0,0,0,0,0,0,0,0,0,0,0,0,0,0,0,0,0,0,0,0,0,3,4,5,5,3,9,4,6,5,4
452,0.899999976,67,69,3,64,64,0,0,0,66,0,37728,37728,2508,2508,0,4919,32809,0,0,0,1179,37728,1966,1246,32,511,10,14,0,1048576,0,0,0,inf,inf,1.20218349,1.13486457,1,0,10,67,2,20,25,21,2112,596,1113,1113,131,35616,4323,1246,761,506,511,511,511,256,0,511,0,8,2,4,7,1,3,8,3,2,2,3,3,4,1,3,3,2,2,2,1,1,0,0,0,0,1,0,0,0,0,0,0,0,0,0,0,0,0,0,0,0,0,0,0,0,0,0,0,0,0,0,0,0,0,0,0,0,0,0,0,0,0,0,0,32,10,50,15,21,10,10,10,13,4294967295
453,1,69,69,2,64,64,0,0,0,68,0,36064,36064,2384,2384,0,4061,32003,0,0,0,1127,36064,1851,1199,32,1023,10,14,0,1048576,0,0,0,inf,inf,1.31754804,1.15198255,1,0,10,69,2,22,22,24,2176,676,1059,1059,50,33888,3385,1199,369,859,1023,1023,1023,16,0,1023,8,2,4,7,3,4,2,6,1,3,1,0,5,2,2,1,1,0,1,2,2,1,1,1,2,3,1,0,1,0,1,0,0,0,0,0,0,0,0,0,0,0,0,0,0,0,0,0,0,0,0,0,0,0,0,0,0,0,0,0,0,0,0,0,0,6,6,6,6,10,6,6,6,6,6
454,0.899999976,65,69,3,64,64,0,0,0,64,0,27232,27232,2026,2026,0,2401,24831,0,0,0,851,27232,717,430,32,1022,10,14,0,1048576,0,0,0,inf,inf,1.26215529,1.1806711,1,0,10,65,2,32,9,23,2048,839,787,787,13,25184,1562,430,28,1014,1022,1022,1022,0,0,1022,4,6,5,5,3,1,2,2,2,1,0,0,1,2,0,3,2,0,0,1,1,3,2,3,1,4,2,2,0,2,3,0,1,0,0,0,0,0,0,0,0,0,0,0,0,0,0,0,0,0,0,0,0,0,0,0,0,0,0,0,0,0,0,0,0,4294967295,4,4,5,1,14,15,6,3,8
455,1,69,69,2,64,64,0,0,0,68,0,13312,13312,1374,1374,0,2680,10632,0,0,0,416,13312,1313,1003,32,1023,10,14,0,1048576,0,0,0,inf,inf,1.27720582,1.18586099,1,0,10,69,2,52,11,5,2176,1495,348,348,35,11136,1185,1003,221,767,827,1023,1023,32,0,1023,0,1,0,1,3,0,2,0,1,1,3,0,4,1,1,2,0,1,0,1,1,1,4,1,2,5,3,2,4,4,3,8,8,0,0,0,0,0,0,0,0,0,0,0,0,0,0,0,0,0,0,0,0,0,0,0,0,0,0,0,0,0,0,0,0,7,7,9,16,9,6,9,8,6,6
456,0.699999988,69,69,1,64,64,0,4,0,68,0,38272,38272,2132,2132,0,5349,32923,0,0,0,1196,38272,2154,1400,32,251,10,14,0,1048576,0,0,0,inf,1.36717176,1.3692317,1.3048327,1,0,10,69,2,18,27,23,2176,644,1128,1128,168,36096,4705,1400,1222,243,251,251,251,0,0,251,8,4,2,3,6,3,3,5,0,5,4,5,2,0,3,5,1,1,0,0,2,0,0,0,0,1,0,0,0,0,1,2,2,0,0,0,0,0,0,0,0,0,0,0,0,0,0,0,0,0,0,0,0,0,0,0,0,0,0,0,0,0,0,0,0,15,22,4294967295,15,12,13,19,16,4294967295,4294967295
457,1,66,69,3,64,64,0,0,0,65,0,2080,2080,1043,1043,0,1995,85,0,0,0,65,2080,962,952,32,1023,10,14,0,1048576,0,0,0,inf,inf,0.877098799,0.769273281,1,0,10,66,2,65,0,0,2080,1995,0,0,0,0,0,952,0,1023,0,1023,1023,0,0,1023,0,0,0,0,0,0,0,0,0,0,0,0,0,0,0,0,0,0,0,0,0,0,0,0,0,0,1,3,5,3,13,9,31,0,0,0,0,0,0,0,0,0,0,0,0,0,0,0,0,0,0,0,0,0,0,0,0,0,0,0,0,0,0,0,0,5,16,6,6,6,9,6,6,25,11
458,1,67,69,3,64,64,0,0,0,66,0,23552,23552,2893,2893,0,3470,20082,0,0,0,736,23552,1217,562,32,1023,10,14,0,1048576,0,0,0,inf,inf,1.33391333,1.24586177,1,0,10,67,2,35,21,10,2112,829,670,670,7,21440,2641,562,65,1023,1023,1023,1023,0,0,1023,2,1,6,0,1,2,3,2,1,3,3,2,5,4,3,2,6,5,1,3,1,4,4,1,0,0,0,0,1,0,0,0,0,0,0,0,0,0,0,0,0,0,0,0,0,0,0,0,0,0,0,0,0,0,0,0,0,0,0,0,0,0,0,0,0,7,30,7,8,5,3,4,4,3,4
459,1,66,69,3,64,64,0,0,0,65,0,2080,2080,1077,1077,0,2001,79,0,0,0,65,2080,934,924,32,1023,10,14,0,1048576,0,0,0,inf,inf,0.904829621,0.792513549,1,0,10,66,2,65,0,0,2080,2001,0,0,0,0,0,924,0,1023,0,1023,1023,0,0,1023,0,0,0,0,0,0,0,0,0,0,0,0,0,0,0,0,0,0,0,0,0,0,0,0,0,0,1,1,5,3,12,15,28,0,0,0,0,0,0,0,0,0,0,0,0,0,0,0,0,0,0,0,0,0,0,0,0,0,0,0,0,0,0,0,0,3,3,8,5,4,8,3,4,4,3
460,1,66,69,3,64,64,0,0,0,65,0,29184,29184,2721,2721,0,4138,25046,0,0,0,912,29184,2013,1075,32,1023,10,14,0,1048576,0,0,0,inf,inf,1.23824441,1.12460947,1,0,10,66,2,19,31,15,2080,616,847,847,58,27104,3522,1075,392,511,1023,1023,1023,128,0,1023,1,0,3,4,7,1,3,8,4,4,7,0,4,5,4,2,1,2,2,0,1,0,1,0,0,0,1,0,0,0,0,0,0,0,0,0,0,0,0,0,0,0,0,0,0,0,0,0,0,0,0,0,0,0,0,0,0,0,0,0,0,0,0,0,0,4,4,4,3,2,3,7,31,3,30
461,1,67,69,3,64,64,0,0,0,66,0,2112,2112,843,843,0,2022,90,0,0,0,66,2112,1189,1179,32,1023,10,14,0,1048576,0,0,0,inf,inf,0.97496593,0.888447642,1,0,10,67,2,66,0,0,2112,2022,0,0,0,0,0,1179,0,1023,0,1023,1023,0,0,1023,0,0,0,0,0,0,0,0,0,0,0,0,0,0,0,0,0,0,0,0,1,0,0,0,0,1,0,1,5,1,12,19,26,0,0,0,0,0,0,0,0,0,0,0,0,0,0,0,0,0,0,0,0,0,0,0,0,0,0,0,0,0,0,0,0,8,13,5,9,6,7,14,8,5,18
462,1,66,69,3,64,64,0,0,0,65,0,24544,24544,1836,1836,0,3049,21495,0,0,0,767,24544,1349,767,32,1023,10,14,0,1048576,0,0,0,inf,inf,1.35337067,1.22123754,1,0,10,66,2,34,19,12,2080,883,702,702,80,22464,2166,767,288,894,1023,1023,1023,0,0,1023,2,6,0,3,1,4,3,0,3,2,2,2,3,2,0,4,4,2,0,3,1,5,2,2,1,1,0,3,1,0,1,2,0,0,0,0,0,0,0,0,0,0,0,0,0,0,0,0,0,0,0,0,0,0,0,0,0,0,0,0,0,0,0,0,0,3,1,23,2,3,23,2,4,3,35
463,0.800000012,68,69,3,64,64,0,0,0,67,0,31456,31456,2354,2354,0,4994,26462,0,0,0,983,31456,2133,1336,32,1003,10,14,0,1048576,0,0,0,inf,inf,1.27730107,1.1997993,1,0,10,68,2,25,28,14,2144,770,916,916,103,29312,4224,1336,813,872,1003,1003,1003,0,0,1003,0,5,2,3,4,2,3,6,2,2,1,5,7,1,2,3,3,3,1,1,2,2,1,0,2,1,0,1,1,1,0,0,0,0,0,0,0,0,0,0,0,0,0,0,0,0,0,0,0,0,0,0,0,0,0,0,0,0,0,0,0,0,0,0,0,28,36,4294967295,31,4294967295,13,12,25,21,8
464,1,66,69,3,64,64,0,0,0,65,0,19616,19616,1602,1602,0,3061,16555,0,0,0,613,19616,1236,822,32,1023,10,14,0,1048576,0,0,0,inf,inf,1.34001207,1.2563628,1,0,10,66,2,42,14,9,2080,1052,548,548,57,17536,2009,822,407,1023,1023,1023,1023,0,0,1023,3,4,0,1,1,2,3,0,0,0,2,4,3,2,1,3,3,2,2,4,1,4,2,2,3,0,4,1,3,0,2,3,0,0,0,0,0,0,0,0,0,0,0,0,0,0,0,0,0,0,0,0,0,0,0,0,0,0,0,0,0,0,0,0,0,4,1,5,4,8,1,14,10,11,3
465,1,66,69,3,64,64,0,0,0,65,0,27680,27680,2865,2865,0,4226,23454,0,0,0,865,27680,1906,998,32,1023,10,14,0,1048576,0,0,0,inf,inf,1.19702387,1.08292413,1,0,10,66,2,26,30,9,2080,726,800,800,44,25600,3500,998,285,1023,1023,1023,1023,0,0,1023,1,1,2,2,3,3,5,9,1,4,3,1,4,5,1,3,3,2,2,1,3,2,1,0,2,0,0,0,0,1,0,0,0,0,0,0,0,0,0,0,0,0,0,0,0,0,0,0,0,0,0,0,0,0,0,0,0,0,0,0,0,0,0,0,0,3,3,3,3,2,3,6,9,3,6
466,1,69,69,2,64,64,0,0,0,68,0,2176,2176,992,992,0,2098,78,0,0,0,68,2176,1116,1106,32,1023,10,14,0,1048576,0,0,0,inf,inf,0.896844506,0.808680177,1,0,10,69,2,68,0,0,2176,2098,0,0,0,0,0,1106,0,1023,0,1023,1023,0,0,1023,0,0,0,0,0,0,0,0,0,0,0,0,0,0,0,1,0,0,0,0,0,0,0,0,0,0,1,2,0,5,8,14,37,0,0,0,0,0,0,0,0,0,0,0,0,0,0,0,0,0,0,0,0,0,0,0,0,0,0,0,0,0,0,0,0,9,5,12,10,5,10,13,6,10,59
467,1,66,69,3,64,64,0,0,0,65,0,41792,41792,3881,3881,0,6148,35644,0,0,0,1306,41792,2473,1369,32,1023,10,14,0,1048576,0,0,0,inf,inf,1.13460755,1.00970566,1,0,10,66,2,4,37,24,2080,413,1241,1241,81,39712,5735,1369,643,255,1023,1023,1023,32,0,1023,1,4,2,5,12,11,4,7,4,2,3,4,2,0,1,1,1,0,0,0,0,1,0,0,0,0,0,0,0,0,0,0,0,0,0,0,0,0,0,0,0,0,0,0,0,0,0,0,0,0,0,0,0,0,0,0,0,0,0,0,0,0,0,0,0,6,6,7,5,6,7,6,6,5,6
468,1,68,69,3,64,64,0,0,0,67,0,19680,19680,2585,2585,0,3029,16651,0,0,0,615,19680,1075,503,32,1023,10,14,0,1048576,0,0,0,inf,inf,1.32517815,1.21345782,1,0,10,68,2,40,18,9,2144,930,548,548,4,17536,2099,503,32,1022,1023,1023,1023,0,0,1023,1,2,4,0,2,0,4,0,2,2,3,1,6,5,2,2,4,5,2,4,2,3,5,3,1,1,1,0,0,0,0,0,0,0,0,0,0,0,0,0,0,0,0,0,0,0,0,0,0,0,0,0,0,0,0,0,0,0,0,0,0,0,0,0,0,17,5,10,7,6,5,8,5,8,12
469,1,66,69,3,64,64,0,0,0,65,0,7232,7232,1324,1324,0,2131,5101,0,0,0,226,7232,969,753,32,1023,10,14,0,1048576,0,0,0,inf,inf,1.14991975,1.04502368,1,0,10,66,2,57,7,1,2080,1553,161,161,4,5152,578,753,33,1023,481,1023,1023,0,0,1023,0,0,0,1,0,1,0,0,2,0,0,1,3,2,1,0,1,0,0,1,2,1,3,4,4,2,5,6,5,5,5,5,5,0,0,0,0,0,0,0,0,0,0,0,0,0,0,0,0,0,0,0,0,0,0,0,0,0,0,0,0,0,0,0,0,2,21,2,2,2,3,3,3,19,1
470,0.899999976,68,69,3,64,64,0,0,0,67,0,48608,48608,3363,3363,0,5297,43311,0,0,0,1519,48608,1926,1175,32,511,10,14,0,1048576,0,0,0,inf,inf,1.22469449,1.12910306,1,0,10,68,2,6,25,36,2144,341,1452,1452,115,46464,4956,1175,441,152,511,511,511,64,0,511,7,8,9,6,6,7,3,5,4,2,2,1,1,1,1,1,2,0,1,0,0,0,0,0,0,0,0,0,0,0,0,0,0,0,0,0,0,0,0,0,0,0,0,0,0,0,0,0,0,0,0,0,0,0,0,0,0,0,0,0,0,0,0,0,0,7,44,18,10,11,10,55,16,33,4294967295
471,1,69,69,1,64,64,0,5,0,68,0,11680,11680,1296,1296,0,2244,9436,0,0,0,365,11680,1006,808,32,1023,10,14,0,1048576,0,0,0,inf,1.25173497,1.25636458,1.16394103,1,0,10,69,2,56,7,5,2176,1458,297,297,12,9504,786,808,98,894,435,1023,1023,0,0,1023,2,1,0,1,1,1,0,0,0,2,2,1,1,3,2,0,0,1,1,2,4,3,3,3,2,5,1,5,3,5,5,3,5,0,0,0,0,0,0,0,0,0,0,0,0,0,0,0,0,0,0,0,0,0,0,0,0,0,0,0,0,0,0,0,0,10,12,18,17,12,11,14,11,11,17
472,0.899999976,67,69,3,64,64,0,0,0,66,0,26752,26752,1941,1941,0,3690,23062,0,0,0,836,26752,1676,1143,32,991,10,14,0,1048576,0,0,0,inf,inf,1.28236306,1.21362805,1,0,10,67,2,35,18,13,2112,962,770,770,65,24640,2728,1143,328,969,735,991,991,0,0,991,2,4,3,2,2,4,3,3,4,2,2,0,0,2,0,2,3,0,1,3,3,1,1,1,2,3,2,1,1,2,2,4,1,0,0,0,0,0,0,0,0,0,0,0,0,0,0,0,0,0,0,0,0,0,0,0,0,0,0,0,0,0,0,0,0,36,24,16,9,8,4294967295,44,6,43,63
473,0.800000012,69,69,1,64,64,0,6,0,68,0,26336,26336,2044,2044,0,3956,22380,0,0,0,823,26336,1798,1291,32,767,10,14,0,1048576,0,0,0,inf,1.34306502,1.34830236,1.26566422,1,0,10,69,2,35,17,16,2176,953,755,755,63,24160,3003,1291,381,115,767,759,759,24,0,759,3,4,1,4,4,1,3,5,1,2,1,1,3,2,3,3,1,2,0,1,5,0,2,2,1,1,2,0,2,0,3,1,4,0,0,0,0,0,0,0,0,0,0,0,0,0,0,0,0,0,0,0,0,0,0,0,0,0,0,0,0,0,0,0,0,25,11,47,4294967295,43,38,15,30,4294967295,38
474,0.800000012,69,69,1,64,64,0,3,0,68,0,32864,32864,2642,2642,0,4391,28473,0,0,0,1027,32864,1681,1125,32,990,10,14,0,1048576,0,0,0,inf,1.18485487,1.26239216,1.17975831,1,0,10,69,2,28,19,21,2176,718,959,959,92,30688,3673,1125,358,850,990,990,990,0,0,990,5,4,3,6,3,2,3,6,2,3,1,0,2,3,4,4,1,3,0,0,3,1,1,3,1,1,0,0,1,0,2,0,0,0,0,0,0,0,0,0,0,0,0,0,0,0,0,0,0,0,0,0,0,0,0,0,0,0,0,0,0,0,0,0,0,4294967295,16,23,41,7,4294967295,8,9,65,1
475,1,69,69,1,64,64,0,1,0,68,0,16000,16000,2064,2064,0,3442,12558,0,0,0,500,16000,1403,917,32,1023,10,14,0,1048576,0,0,0,inf,0.976447463,0.976447463,0.892415881,1,0,10,69,2,46,16,6,2176,1082,432,432,74,13824,2360,917,305,751,511,1023,1023,128,0,1023,0,1,2,2,1,5,1,2,5,1,0,1,1,3,3,3,3,3,2,2,4,6,1,2,2,2,4,1,2,1,0,1,1,0,0,0,0,0,0,0,0,0,0,0,0,0,0,0,0,0,0,0,0,0,0,0,0,0,0,0,0,0,0,0,0,10,6,7,23,15,5,6,8,17,26
476,1,69,69,2,64,64,0,0,0,68,0,25824,25824,2437,2437,0,4561,21263,0,0,0,807,25824,1939,1224,32,1023,10,14,0,1048576,0,0,0,inf,inf,1.07365811,0.997261763,1,0,10,69,2,32,24,12,2176,838,739,739,122,23648,3723,1224,553,255,1023,1023,1023,512,0,1023,2,1,2,2,5,5,2,4,3,5,3,0,2,3,4,2,3,2,2,2,1,2,3,2,0,2,1,0,1,1,0,1,0,0,0,0,0,0,0,0,0,0,0,0,0,0,0,0,0,0,0,0,0,0,0,0,0,0,0,0,0,0,0,0,0,12,8,6,15,6,6,4,5,9,15
477,1,66,69,3,64,64,0,0,0,65,0,31072,31072,2676,2676,0,4224,26848,0,0,0,971,31072,1995,1113,32,1023,10,14,0,1048576,0,0,0,inf,inf,1.16619277,1.06418049,1,0,10,66,2,20,29,16,2080,670,906,906,65,28992,3554,1113,401,927,1023,1023,1023,0,0,1023,2,0,3,4,7,1,4,9,2,1,4,1,7,3,4,1,2,1,2,0,1,0,0,1,0,1,1,2,0,1,0,0,0,0,0,0,0,0,0,0,0,0,0,0,0,0,0,0,0,0,0,0,0,0,0,0,0,0,0,0,0,0,0,0,0,3,3,15,3,2,16,13,16,3,30
478,1,66,69,3,64,64,0,0,0,65,0,31072,31072,4161,4161,0,6086,24986,0,0,0,971,31072,2467,1111,32,1023,10,14,0,1048576,0,0,0,inf,inf,0.981974483,0.890558839,1,0,10,66,2,12,45,8,2080,602,906,906,110,28992,5484,1111,621,1023,1023,1023,1023,658,0,1023,0,0,0,5,3,3,5,4,7,10,6,6,4,4,1,3,2,1,0,0,0,0,1,0,0,0,0,0,0,0,0,0,0,0,0,0,0,0,0,0,0,0,0,0,0,0,0,0,0,0,0,0,0,0,0,0,0,0,0,0,0,0,0,0,0,2,22,2,4,23,1,3,6,3,13
479,0.899999976,69,69,1,64,64,0,2,0,68,0,25248,25248,2123,2123,0,4003,21245,0,0,0,789,25248,1663,997,32,1019,10,14,0,1048576,0,0,0,inf,1.174649,1.19291401,1.09778476,1,0,10,69,2,33,23,12,2176,828,721,721,100,23072,3175,997,518,1018,763,1019,1019,0,0,1019,1,2,3,2,4,0,4,5,2,1,6,1,4,3,6,4,4,1,1,3,2,2,1,1,1,1,1,2,0,0,0,0,0,0,0,0,0,0,0,0,0,0,0,0,0,0,0,0,0,0,0,0,0,0,0,0,0,0,0,0,0,0,0,0,0,7,18,4294967295,4,18,17,18,28,16,2
480,1,67,69,3,64,64,0,0,0,66,0,30976,30976,2682,2682,0,4324,26652,0,0,0,968,30976,1893,981,32,1023,10,14,0,1048576,0,0,0,inf,inf,1.22133458,1.14782381,1,0,10,67,2,23,31,12,2112,719,902,902,67,28864,3605,981,428,1022,1023,1023,1023,641,0,1023,0,4,1,3,4,5,3,6,1,4,3,6,3,3,3,3,2,2,1,1,1,0,0,1,1,2,2,0,0,1,0,0,0,0,0,0,0,0,0,0,0,0,0,0,0,0,0,0,0,0,0,0,0,0,0,0,0,0,0,0,0,0,0,0,0,21,6,4,10,18,3,21,22,13,37
481,1,67,69,3,64,64,0,0,0,66,0,10688,10688,1423,1423,0,2393,8295,0,0,0,334,10688,1185,882,32,1023,10,14,0,1048576,0,0,0,inf,inf,1.27946138,1.15606642,1,0,10,67,2,53,10,3,2112,1492,268,268,14,8576,901,882,76,1023,254,1023,1023,40,0,1023,0,0,0,1,2,1,0,0,2,3,1,0,3,2,1,1,1,1,0,2,2,4,1,2,2,2,2,0,1,6,6,7,10,0,0,0,0,0,0,0,0,0,0,0,0,0,0,0,0,0,0,0,0,0,0,0,0,0,0,0,0,0,0,0,0,3,5,4,9,5,9,8,7,3,23
482,1,68,69,3,64,64,0,0,0,67,0,2144,2144,817,817,0,2125,19,0,0,0,67,2144,1318,1308,32,1023,10,14,0,1048576,0,0,0,inf,inf,0.905814767,0.82293725,1,0,10,68,2,67,0,0,2144,2125,0,0,0,0,0,1308,0,1023,0,1023,1023,0,0,1023,0,0,0,0,0,0,0,0,0,0,0,0,0,0,0,0,0,0,0,0,0,0,0,0,0,0,0,0,1,1,2,8,55,0,0,0,0,0,0,0,0,0,0,0,0,0,0,0,0,0,0,0,0,0,0,0,0,0,0,0,0,0,0,0,0,3,4,4,5,4,4,4,62,16,5
483,1,69,69,1,64,64,0,1,0,68,0,18752,18752,1506,1506,0,2964,15788,0,0,0,586,18752,1334,920,32,1023,10,14,0,1048576,0,0,0,inf,1.2302618,1.33749223,1.245785,1,0,10,69,2,46,14,8,2176,1190,518,518,35,16576,1774,920,293,1007,1023,1023,1023,18,0,1023,2,0,3,0,3,2,1,1,0,3,3,1,3,0,2,4,2,3,0,0,5,1,4,3,5,3,2,3,2,2,1,4,0,0,0,0,0,0,0,0,0,0,0,0,0,0,0,0,0,0,0,0,0,0,0,0,0,0,0,0,0,0,0,0,0,11,14,10,12,68,13,12,7,6,7
484,1,66,69,3,64,64,0,0,0,65,0,29344,29344,2824,2824,0,5167,24177,0,0,0,917,29344,2246,1277,32,1023,10,14,0,1048576,0,0,0,inf,inf,1.06099367,0.969458103,1,0,10,66,2,21,33,11,2080,663,852,852,117,27264,4504,1277,634,959,1023,1023,1023,64,0,1023,2,1,1,3,4,5,2,5,4,4,7,2,4,0,8,2,1,2,0,2,3,1,2,0,0,0,0,0,0,0,0,0,0,0,0,0,0,0,0,0,0,0,0,0,0,0,0,0,0,0,0,0,0,0,0,0,0,0,0,0,0,0,0,0,0,4,2,2,3,2,4,7,20,5,1
485,1,66,69,3,64,64,0,0,0,65,0,30112,30112,3507,3507,0,5248,24864,0,0,0,941,30112,2158,1195,32,1023,10,14,0,1048576,0,0,0,inf,inf,1.16883636,1.07032418,1,0,10,66,2,17,32,16,2080,599,876,876,86,28032,4649,1195,424,1007,1023,1023,1023,516,0,1023,2,1,4,4,5,2,3,7,4,4,5,1,6,2,7,0,1,0,1,2,2,1,0,1,0,0,0,0,0,0,0,0,0,0,0,0,0,0,0,0,0,0,0,0,0,0,0,0,0,0,0,0,0,0,0,0,0,0,0,0,0,0,0,0,0,9,2,3,2,10,5,1,1,3,2
486,1,68,69,3,64,64,0,0,0,67,0,2144,2144,981,981,0,2078,66,0,0,0,67,2144,1107,1097,32,1023,10,14,0,1048576,0,0,0,inf,inf,0.94134891,0.835616231,1,0,10,68,2,67,0,0,2144,2078,0,0,0,0,0,1097,0,1023,0,1023,1023,0,0,1023,0,0,0,0,0,0,0,0,0,0,0,0,0,0,0,0,0,0,0,0,0,0,0,0,0,0,0,2,2,4,11,14,34,0,0,0,0,0,0,0,0,0,0,0,0,0,0,0,0,0,0,0,0,0,0,0,0,0,0,0,0,0,0,0,0,5,4,42,5,6,9,7,4,6,5
487,1,69,69,2,64,64,0,0,0,68,0,2176,2176,936,936,0,2086,90,0,0,0,68,2176,1160,1150,32,1023,10,14,0,1048576,0,0,0,inf,inf,0.985543251,0.838751316,1,0,10,69,2,68,0,0,2176,2086,0,0,0,0,0,1150,0,1023,0,1023,1023,0,0,1023,0,0,0,0,0,0,0,0,0,0,0,0,0,0,0,1,0,0,0,0,0,0,0,0,0,0,1,3,1,4,9,18,31,0,0,0,0,0,0,0,0,0,0,0,0,0,0,0,0,0,0,0,0,0,0,0,0,0,0,0,0,0,0,0,0,11,12,13,11,13,8,8,14,8,11
488,1,67,69,3,64,64,0,0,0,66,0,34048,34048,4119,4119,0,6012,28036,0,0,0,1064,34048,2512,1146,32,1023,10,14,0,1048576,0,0,0,inf,inf,1.14895749,1.03581691,1,0,10,67,2,11,45,10,2112,550,998,998,109,31936,5462,1146,555,955,1023,1023,1023,72,0,1023,3,1,0,4,2,7,7,4,8,7,2,6,4,4,3,1,1,0,1,0,1,0,0,0,0,0,0,0,0,0,0,0,0,0,0,0,0,0,0,0,0,0,0,0,0,0,0,0,0,0,0,0,0,0,0,0,0,0,0,0,0,0,0,0,0,4,3,16,16,5,2,14,3,2,2
489,0.800000012,69,69,2,64,64,0,0,0,68,0,22400,22400,2224,2224,0,4164,18236,0,0,0,700,22400,1649,1088,32,703,10,14,0,1048576,0,0,0,inf,inf,1.29888403,1.2315439,1,0,10,69,2,39,19,10,2176,974,632,632,88,20224,3190,1088,505,702,703,703,703,128,0,703,0,2,1,2,5,2,2,3,2,2,1,4,3,5,3,2,5,3,3,1,2,1,1,1,0,5,1,0,1,1,3,0,1,0,0,0,0,0,0,0,0,0,0,0,0,0,0,0,0,0,0,0,0,0,0,0,0,0,0,0,0,0,0,0,0,14,11,10,9,9,11,4294967295,11,4294967295,4
490,1,67,69,3,64,64,0,0,0,66,0,2112,2112,699,699,0,2069,43,0,0,0,66,2112,1380,1370,32,1023,10,14,0,1048576,0,0,0,inf,inf,0.92916584,0.854376197,1,0,10,67,2,66,0,0,2112,2069,0,0,0,0,0,1370,0,1023,0,1023,1023,0,0,1023,0,0,0,0,0,0,0,0,0,0,0,0,0,0,0,0,0,0,0,0,0,0,0,0,0,0,1,2,0,1,8,8,46,0,0,0,0,0,0,0,0,0,0,0,0,0,0,0,0,0,0,0,0,0,0,0,0,0,0,0,0,0,0,0,0,14,7,43,21,15,55,6,23,4,22
491,0.899999976,66,69,3,64,64,0,0,0,65,0,26432,26432,2012,2012,0,3715,22717,0,0,0,826,26432,1681,1048,32,1019,10,14,0,1048576,0,0,0,inf,inf,1.29382181,1.20448637,1,0,10,66,2,31,22,12,2080,824,761,761,78,24352,2891,1048,467,1019,1019,1019,1019,0,0,1019,1,4,0,1,6,3,2,4,4,1,3,4,1,1,3,1,4,3,1,2,3,2,2,2,2,3,1,0,0,1,0,0,0,0,0,0,0,0,0,0,0,0,0,0,0,0,0,0,0,0,0,0,0,0,0,0,0,0,0,0,0,0,0,0,0,2,1,4294967295,2,4,41,1,2,3,21
492,1,67,69,3,64,64,0,0,0,66,0,13504,13504,1557,1557,0,2523,10981,0,0,0,422,13504,1268,880,32,1023,10,14,0,1048576,0,0,0,inf,inf,1.24107683,1.0938735,1,0,10,67,2,49,13,4,2112,1402,356,356,8,11392,1121,880,76,1023,1021,1023,1023,0,0,1023,1,0,0,1,2,1,2,0,0,4,2,1,3,1,2,1,0,1,0,1,4,2,3,1,1,3,3,1,2,4,6,4,9,0,0,0,0,0,0,0,0,0,0,0,0,0,0,0,0,0,0,0,0,0,0,0,0,0,0,0,0,0,0,0,0,9,4,4,3,3,3,8,4,4,11
493,1,68,69,3,64,64,0,0,0,67,0,11232,11232,1382,1382,0,2136,9096,0,0,0,351,11232,1088,778,32,1023,10,14,0,1048576,0,0,0,inf,inf,1.2306056,1.0739398,1,0,10,68,2,53,10,4,2144,1430,284,284,4,9088,706,778,29,1023,1023,1023,1023,0,0,1023,0,1,0,1,2,3,0,1,0,3,1,0,2,1,4,2,0,2,1,0,1,3,1,1,5,0,5,5,2,4,5,3,8,0,0,0,0,0,0,0,0,0,0,0,0,0,0,0,0,0,0,0,0,0,0,0,0,0,0,0,0,0,0,0,0,10,6,3,7,7,7,7,11,10,4
494,1,67,69,3,64,64,0,0,0,66,0,2112,2112,931,931,0,1999,113,0,0,0,66,2112,1078,1068,32,1023,10,14,0,1048576,0,0,0,inf,inf,0.97798115,0.871731937,1,0,10,67,2,66,0,0,2112,1999,0,0,0,0,0,1068,0,1023,0,1023,1023,0,0,1023,0,0,0,0,0,0,0,0,0,0,0,0,0,0,0,1,0,0,0,0,1,0,0,0,0,0,2,3,3,3,13,10,30,0,0,0,0,0,0,0,0,0,0,0,0,0,0,0,0,0,0,0,0,0,0,0,0,0,0,0,0,0,0,0,0,7,15,41,8,13,10,9,9,3,8
495,1,69,69,2,64,64,0,0,0,68,0,20320,20320,2205,2205,0,3858,16462,0,0,0,635,20320,1666,1058,32,1023,10,14,0,1048576,0,0,0,inf,inf,1.05055666,0.964126527,1,0,10,69,2,40,20,8,2176,982,567,567,96,18144,2876,1058,362,763,1023,1023,1023,0,0,1023,1,1,2,2,2,6,2,4,4,1,1,1,1,3,3,4,3,1,2,1,3,4,2,3,1,1,4,0,2,1,0,1,1,0,0,0,0,0,0,0,0,0,0,0,0,0,0,0,0,0,0,0,0,0,0,0,0,0,0,0,0,0,0,0,0,10,6,14,11,8,26,4,12,14,6
496,1,67,69,3,64,64,0,0,0,66,0,9792,9792,1369,1369,0,2377,7415,0,0,0,306,9792,1135,866,32,1023,10,14,0,1048576,0,0,0,inf,inf,1.31045163,1.22973204,1,0,10,67,2,55,9,2,2112,1526,240,240,13,7680,851,866,91,959,989,1023,1023,512,0,1023,0,0,0,1,1,1,0,0,2,3,0,0,3,1,1,0,1,1,0,2,3,3,3,2,4,2,4,0,1,8,5,6,8,0,0,0,0,0,0,0,0,0,0,0,0,0,0,0,0,0,0,0,0,0,0,0,0,0,0,0,0,0,0,0,0,3,5,4,4,4,6,8,7,4,10
497,1,68,69,3,64,64,0,0,0,67,0,2144,2144,1079,1079,0,2044,100,0,0,0,67,2144,975,965,32,1023,10,14,0,1048576,0,0,0,inf,inf,0.959208548,0.814311147,1,0,10,68,2,67,0,0,2144,2044,0,0,0,0,0,965,0,1023,0,1023,1023,0,0,1023,0,0,0,0,0,0,0,0,0,0,0,0,0,0,0,1,0,0,0,0,0,0,0,0,0,0,1,1,3,4,16,16,25,0,0,0,0,0,0,0,0,0,0,0,0,0,0,0,0,0,0,0,0,0,0,0,0,0,0,0,0,0,0,0,0,5,5,6,4,19,4,4,6,3,4
498,1,66,69,3,64,64,0,0,0,65,0,39008,39008,3581,3581,0,5653,33355,0,0,0,1219,39008,2304,1221,32,1023,10,14,0,1048576,0,0,0,inf,inf,1.19184303,1.076648,1,0,10,66,2,9,36,20,2080,490,1154,1154,92,36928,5163,1221,629,888,1023,1023,1023,642,0,1023,2,3,5,4,6,8,7,5,3,1,6,2,4,0,2,1,1,0,1,1,1,0,1,1,0,0,0,0,0,0,0,0,0,0,0,0,0,0,0,0,0,0,0,0,0,0,0,0,0,0,0,0,0,0,0,0,0,0,0,0,0,0,0,0,0,4,22,2,1,2,11,4,8,4,14
499,1,66,69,3,64,64,0,0,0,65,0,2080,2080,783,783,0,1973,107,0,0,0,65,2080,1200,1190,32,1023,10,14,0,1048576,0,0,0,inf,inf,0.939117491,0.833437145,1,0,10,66,2,65,0,0,2080,1973,0,0,0,0,0,1190,0,1023,0,1023,1023,0,0,1023,0,0,0,0,0,0,0,0,0,0,0,0,0,0,0,0,0,0,0,0,0,0,1,1,0,1,1,2,4,5,8,18,24,0,0,0,0,0,0,0,0,0,0,0,0,0,0,0,0,0,0,0,0,0,0,0,0,0,0,0,0,0,0,0,0,29,5,45,4,53,3,29,10,28,4
500,1,69,69,1,64,64,0,3,0,68,0,34912,34912,3923,3923,0,5754,29158,0,0,0,1091,34912,2452,1226,32,1023,10,14,0,1048576,0,0,0,inf,1.11383653,1.11440766,1.00950384,1,0,10,69,2,16,40,12,2176,614,1023,1023,86,32736,5140,1226,441,1021,1023,1023,1023,1,0,1023,2,1,2,6,1,8,7,5,6,4,3,3,4,2,2,2,3,0,1,2,0,3,0,0,1,0,0,0,0,0,0,0,0,0,0,0,0,0,0,0,0,0,0,0,0,0,0,0,0,0,0,0,0,0,0,0,0,0,0,0,0,0,0,0,0,14,7,14,9,14,7,21,10,9,9
501,1,68,69,3,64,64,0,0,0,67,0,22816,22816,1852,1852,0,2841,19975,0,0,0,713,22816,1421,749,32,1023,10,14,0,1048576,0,0,0,inf,inf,1.27212203,1.17649984,1,0,10,68,2,37,22,8,2144,965,646,646,36,20672,1876,749,213,1018,1023,1023,1023,0,0,1023,3,3,1,1,0,3,3,4,3,1,2,2,4,2,1,4,4,2,2,1,1,3,3,3,2,1,1,1,3,0,1,2,0,0,0,0,0,0,0,0,0,0,0,0,0,0,0,0,0,0,0,0,0,0,0,0,0,0,0,0,0,0,0,0,0,31,18,28,3,1,4,3,5,3,2
502,0.899999976,69,69,1,64,64,0,2,0,68,0,26592,26592,2328,2328,0,3113,23479,0,0,0,831,26592,1295,717,32,767,10,14,0,1048576,0,0,0,inf,1.05939305,1.05959308,0.968043149,1,0,10,69,2,32,19,17,2176,817,763,763,27,24416,2296,717,144,637,767,767,767,160,0,767,1,8,3,3,2,1,3,7,3,0,1,4,0,4,1,2,0,2,2,5,3,1,1,4,2,2,1,1,0,1,0,0,0,0,0,0,0,0,0,0,0,0,0,0,0,0,0,0,0,0,0,0,0,0,0,0,0,0,0,0,0,0,0,0,0,37,8,8,7,8,10,8,17,4294967295,8
503,0.899999976,68,69,3,64,64,0,0,0,67,0,32672,32672,2835,2835,0,5116,27556,0,0,0,1021,32672,2338,1300,32,767,10,14,0,1048576,0,0,0,inf,inf,1.11754405,1.03822136,1,0,10,68,2,22,35,10,2144,694,954,954,100,30528,4422,1300,619,767,767,767,767,0,0,767,1,1,1,3,4,3,6,6,4,5,7,1,3,4,2,4,3,0,2,0,2,2,0,1,1,0,1,0,0,0,0,0,0,0,0,0,0,0,0,0,0,0,0,0,0,0,0,0,0,0,0,0,0,0,0,0,0,0,0,0,0,0,0,0,0,10,13,17,4,18,24,4,11,4294967295,18
504,1,66,69,3,64,64,0,0,0,65,0,22848,22848,2486,2486,0,4869,17979,0,0,0,714,22848,1923,1112,32,1023,10,14,0,1048576,0,0,0,inf,inf,1.07149029,0.971243739,1,0,10,66,2,30,28,7,2080,768,649,649,111,20768,4101,1112,821,895,1023,1023,1023,192,0,1023,0,0,3,2,2,0,3,9,3,3,4,3,3,2,8,4,3,2,2,1,3,2,1,1,0,1,0,0,0,0,0,0,0,0,0,0,0,0,0,0,0,0,0,0,0,0,0,0,0,0,0,0,0,0,0,0,0,0,0,0,0,0,0,0,0,1,4,4,4,1,1,2,14,1,4
505,0.899999976,67,69,3,64,64,0,0,0,66,0,2816,2816,810,810,0,2082,734,0,0,0,88,2816,1224,1189,32,1021,10,14,0,1048576,0,0,0,inf,inf,0.905055523,0.826222181,1,0,10,67,2,65,1,0,2112,1966,22,22,14,704,116,1189,47,1021,0,1021,1021,0,0,1021,0,0,0,0,0,0,0,0,0,0,1,0,0,0,0,0,0,0,0,1,1,0,0,0,0,1,1,4,4,4,11,16,22,0,0,0,0,0,0,0,0,0,0,0,0,0,0,0,0,0,0,0,0,0,0,0,0,0,0,0,0,0,0,0,0,21,4294967295,9,7,10,22,22,5,28,23
506,0.699999988,68,69,3,64,64,0,0,0,67,0,29952,29952,2271,2271,0,4569,25383,0,0,0,936,29952,1843,1228,32,757,10,14,0,1048576,0,0,0,inf,inf,1.32729816,1.25307739,1,0,10,68,2,29,21,17,2144,764,869,869,109,27808,3805,1228,615,756,757,757,757,32,0,757,0,5,1,4,7,2,3,4,2,2,1,4,3,3,2,2,4,4,1,4,2,1,1,0,0,2,2,0,0,1,0,0,0,0,0,0,0,0,0,0,0,0,0,0,0,0,0,0,0,0,0,0,0,0,0,0,0,0,0,0,0,0,0,0,0,11,4294967295,50,4294967295,41,9,17,43,4294967295,7
507,0.899999976,69,69,2,64,64,0,0,0,68,0,18592,18592,1444,1444,0,3007,15585,0,0,0,581,18592,1337,990,32,511,10,14,0,1048576,0,0,0,inf,inf,1.41758144,1.33597529,1,0,10,69,2,47,12,9,2176,1222,513,513,69,16416,1785,990,303,509,379,511,511,2,0,511,3,1,2,1,2,1,2,1,1,2,2,1,2,1,1,4,1,3,0,1,4,1,3,2,3,5,3,3,2,3,2,4,1,0,0,0,0,0,0,0,0,0,0,0,0,0,0,0,0,0,0,0,0,0,0,0,0,0,0,0,0,0,0,0,0,31,49,5,5,30,23,30,5,19,4294967295
508,1,69,69,2,64,64,0,0,0,68,0,48000,48000,3005,3005,0,4877,43123,0,0,0,1500,48000,1749,1092,32,1023,10,14,0,1048576,0,0,0,inf,inf,1.40533876,1.31569266,1,0,10,69,2,10,22,36,2176,368,1432,1432,108,45824,4509,1092,448,290,1023,1023,1023,258,0,1023,14,7,7,6,2,5,2,4,5,2,2,1,1,3,0,1,2,3,1,0,0,0,0,0,0,0,0,0,0,0,0,0,0,0,0,0,0,0,0,0,0,0,0,0,0,0,0,0,0,0,0,0,0,0,0,0,0,0,0,0,0,0,0,0,0,51,16,27,52,58,10,48,10,13,13
509,0.899999976,69,69,2,64,64,0,0,0,68,0,4128,4128,1014,1014,0,2175,1953,0,0,0,129,4128,966,874,32,1015,10,14,0,1048576,0,0,0,inf,inf,1.28108978,1.19953442,1,0,10,69,2,65,3,0,2176,1732,61,61,15,1952,443,874,160,1015,7,1015,1015,0,0,1015,0,0,0,0,0,0,0,0,0,0,1,0,2,0,2,0,1,2,2,1,2,4,4,5,2,5,1,2,3,3,5,8,13,0,0,0,0,0,0,0,0,0,0,0,0,0,0,0,0,0,0,0,0,0,0,0,0,0,0,0,0,0,0,0,0,4,5,3,4294967295,6,13,10,13,6,12
510,1,66,69,3,64,64,0,0,0,65,0,27648,27648,2755,2755,0,4490,23158,0,0,0,864,27648,1885,1172,32,1023,10,14,0,1048576,0,0,0,inf,inf,1.14661288,0.977046967,1,0,10,66,2,23,24,18,2080,696,799,799,76,25568,3794,1172,396,980,1023,1023,1023,32,0,1023,2,5,3,3,5,1,3,7,0,5,5,2,1,0,3,2,2,2,3,0,1,1,2,3,0,2,0,0,1,0,0,1,0,0,0,0,0,0,0,0,0,0,0,0,0,0,0,0,0,0,0,0,0,0,0,0,0,0,0,0,0,0,0,0,0,6,7,7,7,4,5,5,3,3,5
511,1,66,69,3,64,64,0,0,0,65,0,2080,2080,941,941,0,1958,122,0,0,0,65,2080,1027,1017,32,1023,10,14,0,1048576,0,0,0,inf,inf,0.845912755,0.757995725,1,0,10,66,2,65,0,0,2080,1958,0,0,0,0,0,1017,0,1023,0,1023,1023,0,0,1023,0,0,0,0,0,0,0,0,0,0,0,0,0,0,0,1,0,0,0,0,0,0,1,0,0,1,3,1,2,7,12,12,25,0,0,0,0,0,0,0,0,0,0,0,0,0,0,0,0,0,0,0,0,0,0,0,0,0,0,0,0,0,0,0,0,5,3,11,4,4,3,14,3,45,41
512,0.800000012,69,69,1,64,64,0,1,0,68,0,20576,20576,1660,1660,0,3552,17024,0,0,0,643,20576,1402,967,32,510,10,14,0,1048576,0,0,0,inf,1.44866109,1.44866109,1.40265965,1,0,10,69,2,43,15,10,2176,1151,575,575,69,18400,2401,967,478,508,510,510,510,0,0,510,2,2,2,2,2,1,1,2,1,1,4,3,2,1,1,2,0,3,2,4,0,3,4,4,2,4,1,2,3,0,3,1,3,0,0,0,0,0,0,0,0,0,0,0,0,0,0,0,0,0,0,0,0,0,0,0,0,0,0,0,0,0,0,0,0,4294967295,22,21,22,14,21,39,38,44,4294967295
513,0.899999976,66,69,3,64,64,0,0,0,65,0,28224,28224,2808,2808,0,4139,24085,0,0,0,882,28224,1695,885,32,1019,10,14,0,1048576,0,0,0,inf,inf,1.3025291,1.23210692,1,0,10,66,2,25,27,13,2080,704,817,817,72,26144,3435,885,308,634,1019,1019,1019,256,0,1019,2,4,3,1,3,5,2,1,4,8,1,4,2,1,2,4,2,4,4,1,2,1,0,1,2,0,0,0,0,1,0,0,0,0,0,0,0,0,0,0,0,0,0,0,0,0,0,0,0,0,0,0,0,0,0,0,0,0,0,0,0,0,0,0,0,10,7,4294967295,4,2,2,7,29,23,3
514,1,67,69,3,64,64,0,0,0,66,0,37568,37568,3741,3741,0,5071,32497,0,0,0,1174,37568,1486,821,64,1023,10,14,0,1048576,0,0,0,inf,inf,1.45602334,1.37253237,1,0,10,67,2,16,22,28,2112,522,1108,1108,69,35456,4549,821,382,479,1023,1023,1023,0,0,1023,5,5,9,5,4,3,5,1,4,1,2,2,4,1,1,2,2,1,3,3,0,1,0,1,1,0,0,0,0,0,0,0,0,0,0,0,0,0,0,0,0,0,0,0,0,0,0,0,0,0,0,0,0,0,0,0,0,0,0,0,0,0,0,0,0,3,2,1,2,2,2,1,7,6,9
515,1,65,69,3,64,64,0,0,0,64,0,40672,40672,4024,4024,0,6166,34506,0,0,0,1271,40672,2616,1373,32,1023,10,14,0,1048576,0,0,0,inf,inf,1.21556795,1.10371923,1,0,10,65,2,4,41,19,2048,425,1207,1207,103,38624,5741,1373,601,895,1023,1023,1023,8,0,1023,0,1,1,6,11,12,8,7,3,3,2,2,4,0,1,1,1,1,0,0,0,0,0,0,0,0,0,0,0,0,0,0,0,0,0,0,0,0,0,0,0,0,0,0,0,0,0,0,0,0,0,0,0,0,0,0,0,0,0,0,0,0,0,0,0,4,2,3,6,22,1,5,12,5,9
516,1,68,69,3,64,64,0,0,0,67,0,11744,11744,1422,1422,0,2236,9508,0,0,0,367,11744,1110,778,32,1023,10,14,0,1048576,0,0,0,inf,inf,1.20543158,1.06267262,1,0,10,68,2,53,11,3,2144,1394,300,300,5,9600,842,778,47,1023,1023,1023,1023,0,0,1023,0,1,0,1,1,3,0,1,0,3,2,0,2,1,5,2,0,2,1,0,1,4,2,1,5,4,3,5,0,3,4,3,7,0,0,0,0,0,0,0,0,0,0,0,0,0,0,0,0,0,0,0,0,0,0,0,0,0,0,0,0,0,0,0,0,9,5,10,7,10,10,10,10,10,10
517,0.899999976,67,69,3,64,64,0,0,0,66,0,3424,3424,1129,1129,0,1809,1615,0,0,0,107,3424,701,635,32,991,10,14,0,1048576,0,0,0,inf,inf,1.17621934,1.07483101,1,0,10,67,2,64,2,0,2112,1678,41,41,4,1312,131,635,30,991,65,991,991,0,0,991,0,0,0,0,0,0,0,0,0,0,0,1,1,0,2,1,0,2,1,1,3,3,5,1,3,10,1,4,1,5,5,6,10,0,0,0,0,0,0,0,0,0,0,0,0,0,0,0,0,0,0,0,0,0,0,0,0,0,0,0,0,0,0,0,0,35,3,2,3,2,4294967295,10,2,6,8
518,1,67,69,3,64,64,0,0,0,66,0,28256,28256,2209,2209,0,3925,24331,0,0,0,883,28256,1623,1050,32,1023,10,14,0,1048576,0,0,0,inf,inf,1.38073957,1.3046217,1,0,10,67,2,31,20,15,2112,904,817,817,54,26144,3021,1050,438,991,1023,1023,1023,32,0,1023,2,1,4,5,3,3,2,2,3,3,3,1,3,0,1,4,2,1,0,1,3,0,2,1,3,3,3,1,1,3,0,1,1,0,0,0,0,0,0,0,0,0,0,0,0,0,0,0,0,0,0,0,0,0,0,0,0,0,0,0,0,0,0,0,0,11,12,27,7,10,64,7,33,6,26
519,1,66,69,3,64,64,0,0,0,65,0,29280,29280,2719,2719,0,4938,24342,0,0,0,915,29280,1999,1216,32,1023,10,14,0,1048576,0,0,0,inf,inf,1.18326926,1.03094828,1,0,10,66,2,22,27,16,2080,656,850,850,105,27200,4282,1216,584,383,1023,1023,1023,0,0,1023,3,3,2,3,5,2,2,8,1,5,5,1,3,0,5,3,2,1,3,1,1,1,2,2,1,0,0,0,0,0,0,0,0,0,0,0,0,0,0,0,0,0,0,0,0,0,0,0,0,0,0,0,0,0,0,0,0,0,0,0,0,0,0,0,0,3,3,4,3,5,5,3,18,5,5
520,1,66,69,3,64,64,0,0,0,65,0,6272,6272,1356,1356,0,1946,4326,0,0,0,196,6272,765,600,32,1023,10,14,0,1048576,0,0,0,inf,inf,1.07896209,0.990305722,1,0,10,66,2,59,5,1,2080,1502,131,131,0,4192,444,600,0,1023,503,1023,1023,0,0,1023,0,0,0,1,0,1,0,0,1,0,1,1,1,1,1,2,1,1,1,3,3,2,2,5,4,4,3,6,8,2,3,5,2,0,0,0,0,0,0,0,0,0,0,0,0,0,0,0,0,0,0,0,0,0,0,0,0,0,0,0,0,0,0,0,0,2,4,4,2,2,4,31,21,2,2
521,1,67,69,3,64,64,0,0,0,66,0,27520,27520,2463,2463,0,4728,22792,0,0,0,860,27520,1862,1171,32,1023,10,14,0,1048576,0,0,0,inf,inf,1.09846425,0.934392571,1,0,10,67,2,27,24,15,2112,697,794,794,120,25408,4031,1171,684,1023,1023,1023,1023,520,0,1023,3,3,1,3,5,2,1,7,2,4,5,1,2,1,6,5,3,2,3,0,1,1,3,2,0,0,0,0,0,0,0,0,0,0,0,0,0,0,0,0,0,0,0,0,0,0,0,0,0,0,0,0,0,0,0,0,0,0,0,0,0,0,0,0,0,2,2,4,4,2,16,2,3,4,4
522,1,68,69,3,64,64,0,0,0,67,0,16128,16128,1477,1477,0,2687,13441,0,0,0,504,16128,1438,1053,32,1023,10,14,0,1048576,0,0,0,inf,inf,1.22506595,1.1410234,1,0,10,68,2,48,13,6,2144,1323,437,437,24,13984,1364,1053,97,639,1019,1023,1023,0,0,1023,1,1,0,2,2,1,1,2,0,4,2,0,3,2,2,1,1,1,1,1,1,4,1,2,4,2,4,3,1,5,2,4,6,0,0,0,0,0,0,0,0,0,0,0,0,0,0,0,0,0,0,0,0,0,0,0,0,0,0,0,0,0,0,0,0,5,5,5,6,7,16,19,45,10,18
523,0.899999976,69,69,1,64,64,0,1,0,68,0,24896,24896,1979,1979,0,4446,20450,0,0,0,778,24896,1834,1146,32,959,10,14,0,1048576,0,0,0,inf,1.20976424,1.21876681,1.1330204,1,0,10,69,2,35,24,9,2176,849,710,710,139,22720,3597,1146,863,949,959,959,959,2,0,959,0,3,1,1,4,1,3,4,6,2,1,5,2,5,3,4,5,1,6,2,3,0,1,1,1,0,2,0,1,0,0,0,0,0,0,0,0,0,0,0,0,0,0,0,0,0,0,0,0,0,0,0,0,0,0,0,0,0,0,0,0,0,0,0,0,6,29,6,12,16,13,4294967295,16,5,5
524,1,68,69,3,64,64,0,0,0,67,0,2144,2144,941,941,0,2058,86,0,0,0,67,2144,1127,1117,32,1023,10,14,0,1048576,0,0,0,inf,inf,0.884644985,0.81240344,1,0,10,68,2,67,0,0,2144,2058,0,0,0,0,0,1117,0,1023,0,1023,1023,0,0,1023,0,0,0,0,0,0,0,0,0,0,0,0,0,0,0,1,0,0,0,0,0,0,0,1,0,0,1,1,2,1,12,14,34,0,0,0,0,0,0,0,0,0,0,0,0,0,0,0,0,0,0,0,0,0,0,0,0,0,0,0,0,0,0,0,0,25,8,9,27,13,12,13,27,26,9
525,1,66,69,3,64,64,0,0,0,65,0,26464,26464,2080,2080,0,4942,21522,0,0,0,827,26464,2010,1209,32,1023,10,14,0,1048576,0,0,0,inf,inf,1.13219595,1.04925919,1,0,10,66,2,30,28,7,2080,772,762,762,159,24384,4170,1209,1007,703,1023,1023,1023,256,0,1023,0,1,1,3,2,2,5,4,5,3,3,2,4,6,5,4,2,2,2,0,2,1,2,0,1,1,1,1,0,0,0,0,0,0,0,0,0,0,0,0,0,0,0,0,0,0,0,0,0,0,0,0,0,0,0,0,0,0,0,0,0,0,0,0,0,24,9,9,5,3,8,24,9,26,26
526,0.800000012,68,69,3,64,64,0,0,0,67,0,12000,12000,1375,1375,0,2587,9413,0,0,0,375,12000,1269,869,32,639,10,14,0,1048576,0,0,0,inf,inf,1.35080409,1.28163242,1,0,10,68,2,53,14,0,2144,1429,308,308,32,9856,1158,869,206,639,639,639,639,0,0,639,0,0,0,0,0,3,1,0,1,3,3,0,3,1,3,0,2,1,1,0,2,2,5,1,3,4,5,5,4,6,3,3,2,0,0,0,0,0,0,0,0,0,0,0,0,0,0,0,0,0,0,0,0,0,0,0,0,0,0,0,0,0,0,0,0,6,11,10,7,4,5,6,4294967295,4294967295,4
527,1,66,69,3,64,64,0,0,0,65,0,40160,40160,3859,3859,0,5855,34305,0,0,0,1255,40160,2268,1334,32,1023,10,14,0,1048576,0,0,0,inf,inf,1.00670385,0.907372653,1,0,10,66,2,9,31,25,2080,433,1190,1190,96,38080,5422,1334,505,511,1023,1023,1023,0,0,1023,3,4,6,4,8,11,8,3,1,2,2,1,3,1,1,3,0,1,0,1,1,0,0,0,0,0,0,0,1,0,0,0,0,0,0,0,0,0,0,0,0,0,0,0,0,0,0,0,0,0,0,0,0,0,0,0,0,0,0,0,0,0,0,0,0,7,7,7,7,10,9,8,8,10,20
528,1,66,69,3,64,64,0,0,0,65,0,31328,31328,2580,2580,0,4483,26845,0,0,0,979,31328,1875,1193,32,1023,10,14,0,1048576,0,0,0,inf,inf,1.0856328,0.989372253,1,0,10,66,2,24,23,18,2080,710,914,914,69,29248,3773,1193,416,766,1015,1023,1023,0,0,1023,1,3,4,4,6,2,5,3,3,2,4,2,2,0,1,2,3,5,1,2,3,0,0,1,0,2,2,0,2,0,0,0,0,0,0,0,0,0,0,0,0,0,0,0,0,0,0,0,0,0,0,0,0,0,0,0,0,0,0,0,0,0,0,0,0,13,2,13,5,3,3,6,2,21,2
529,1,66,69,3,64,64,0,0,0,65,0,26048,26048,2640,2640,0,5289,20759,0,0,0,814,26048,2134,1224,32,1023,10,14,0,1048576,0,0,0,inf,inf,1.01299858,0.914910853,1,0,10,66,2,26,31,8,2080,749,749,749,151,23968,4540,1224,906,991,1023,1023,1023,0,0,1023,0,1,1,2,4,3,2,7,3,4,6,2,4,2,5,1,1,5,1,5,1,1,2,1,0,1,0,0,0,0,0,0,0,0,0,0,0,0,0,0,0,0,0,0,0,0,0,0,0,0,0,0,0,0,0,0,0,0,0,0,0,0,0,0,0,2,2,3,17,4,2,2,4,6,5
530,0.899999976,69,69,1,64,64,0,1,0,68,0,14688,14688,1265,1265,0,2920,11768,0,0,0,459,14688,1444,1023,32,1007,10,14,0,1048576,0,0,0,inf,1.32958603,1.32958603,1.23328972,1,0,10,69,2,51,15,2,2176,1253,391,391,46,12512,1667,1023,371,1007,1007,1007,1007,0,0,1007,1,1,0,0,0,1,2,2,1,3,3,0,3,2,3,5,2,4,2,2,2,1,2,2,5,1,5,3,3,2,1,4,0,0,0,0,0,0,0,0,0,0,0,0,0,0,0,0,0,0,0,0,0,0,0,0,0,0,0,0,0,0,0,0,0,14,10,7,11,4294967295,42,15,6,13,13
531,1,69,69,2,64,64,0,0,0,68,0,12096,12096,1273,1273,0,2483,9613,0,0,0,378,12096,1355,1040,32,1023,10,14,0,1048576,0,0,0,inf,inf,1.27306116,1.17097139,1,0,10,69,2,54,11,3,2176,1487,310,310,23,9920,996,1040,100,943,635,1023,1023,64,0,1023,0,1,0,1,1,1,0,1,1,3,2,0,3,2,2,0,1,1,1,1,2,3,1,1,5,3,5,3,3,6,1,6,7,0,0,0,0,0,0,0,0,0,0,0,0,0,0,0,0,0,0,0,0,0,0,0,0,0,0,0,0,0,0,0,0,4,3,6,4,4,48,52,47,5,3
532,1,67,69,3,64,64,0,0,0,66,0,2816,2816,892,892,0,2082,734,0,0,0,88,2816,1153,1116,32,1023,10,14,0,1048576,0,0,0,inf,inf,0.893896341,0.793749809,1,0,10,67,2,65,1,0,2112,1966,22,22,14,704,116,1116,38,1023,0,1023,1023,0,0,1023,0,0,0,0,0,0,0,0,0,0,1,0,0,0,0,1,1,0,0,0,0,0,0,1,0,1,1,2,2,5,11,14,26,0,0,0,0,0,0,0,0,0,0,0,0,0,0,0,0,0,0,0,0,0,0,0,0,0,0,0,0,0,0,0,0,12,3,4,7,6,5,32,6,20,3
533,1,67,69,3,64,64,0,0,0,66,0,2112,2112,882,882,0,1971,141,0,0,0,66,2112,1099,1089,32,1023,10,14,0,1048576,0,0,0,inf,inf,0.954873025,0.85990417,1,0,10,67,2,66,0,0,2112,1971,0,0,0,0,0,1089,0,1023,0,1023,1023,0,0,1023,0,0,0,0,0,0,0,0,0,0,0,0,0,0,0,1,1,0,1,1,0,0,0,1,0,0,3,2,1,3,11,9,32,0,0,0,0,0,0,0,0,0,0,0,0,0,0,0,0,0,0,0,0,0,0,0,0,0,0,0,0,0,0,0,0,3,9,10,16,2,40,5,15,10,6
534,0.899999976,67,69,3,64,64,0,0,0,66,0,23872,23872,2286,2286,0,4596,19276,0,0,0,746,23872,1853,1116,32,895,10,14,0,1048576,0,0,0,inf,inf,1.21019673,1.12198949,1,0,10,67,2,33,25,8,2112,878,680,680,111,21760,3718,1116,711,827,895,895,895,0,0,895,0,0,1,1,6,1,5,4,5,3,1,3,3,2,3,4,5,2,3,0,1,2,2,0,1,3,3,0,0,1,0,0,1,0,0,0,0,0,0,0,0,0,0,0,0,0,0,0,0,0,0,0,0,0,0,0,0,0,0,0,0,0,0,0,0,5,5,26,6,4,3,6,4294967295,9,3
535,1,69,69,1,64,64,0,1,0,68,0,25152,25152,1909,1909,0,3080,22072,0,0,0,786,25152,1351,835,32,1023,10,14,0,1048576,0,0,0,inf,1.32562792,1.33051622,1.24411786,1,0,10,69,2,38,17,13,2176,1027,718,718,47,22976,2053,835,211,759,511,1023,1023,0,0,1023,5,5,0,2,1,3,3,0,3,0,2,4,2,2,0,2,3,3,0,3,1,3,1,1,3,1,3,1,4,1,2,4,0,0,0,0,0,0,0,0,0,0,0,0,0,0,0,0,0,0,0,0,0,0,0,0,0,0,0,0,0,0,0,0,0,7,8,1,34,3,1,5,6,62,7
536,1,69,69,1,64,64,0,5,0,68,0,13824,13824,1277,1277,0,2837,10987,0,0,0,432,13824,1219,910,32,1023,10,14,0,1048576,0,0,0,inf,1.34226727,1.34729886,1.24178457,1,0,10,69,2,52,11,5,2176,1338,364,364,58,11648,1499,910,454,1023,847,1023,1023,0,0,1023,1,1,1,1,1,1,0,1,2,2,2,0,3,3,3,1,0,4,1,0,3,4,2,1,4,4,3,3,5,2,2,4,3,0,0,0,0,0,0,0,0,0,0,0,0,0,0,0,0,0,0,0,0,0,0,0,0,0,0,0,0,0,0,0,0,14,15,13,14,17,43,26,17,13,27
537,1,67,69,3,64,64,0,0,0,66,0,33440,33440,2680,2680,0,5539,27901,0,0,0,1045,33440,2247,1333,32,1023,10,14,0,1048576,0,0,0,inf,inf,1.17718065,1.07208872,1,0,10,67,2,21,32,13,2112,654,979,979,167,31328,4885,1333,966,507,1023,1023,1023,32,0,1023,2,3,2,2,4,3,4,6,2,6,7,1,3,4,1,3,3,2,1,0,4,0,3,0,0,0,0,0,0,0,0,0,0,0,0,0,0,0,0,0,0,0,0,0,0,0,0,0,0,0,0,0,0,0,0,0,0,0,0,0,0,0,0,0,0,32,6,32,33,15,45,6,4,3,13
538,0.899999976,69,69,1,64,64,0,1,0,68,0,35072,35072,1996,1996,0,3846,31226,0,0,0,1096,35072,1555,1100,32,511,10,14,0,1048576,0,0,0,inf,1.35187829,1.39898372,1.32253826,1,0,10,69,2,28,16,24,2176,758,1028,1028,82,32896,3088,1100,389,77,511,511,511,0,0,511,9,10,1,2,2,1,1,1,3,2,1,5,2,2,1,2,5,2,0,2,0,3,2,1,1,0,1,0,1,1,1,2,1,0,0,0,0,0,0,0,0,0,0,0,0,0,0,0,0,0,0,0,0,0,0,0,0,0,0,0,0,0,0,0,0,7,11,8,3,20,45,8,35,52,4294967295
539,1,69,69,1,64,64,0,4,0,68,0,23104,23104,1523,1523,0,3598,19506,0,0,0,722,23104,1537,1066,32,1023,10,14,0,1048576,0,0,0,inf,1.32641482,1.32856727,1.23918319,1,0,10,69,2,40,17,11,2176,1108,654,654,92,20928,2490,1066,701,1023,255,1023,1023,0,0,1023,3,3,1,2,2,1,1,3,3,2,3,0,4,3,3,1,0,1,1,1,1,3,2,2,4,3,1,1,3,3,1,3,3,0,0,0,0,0,0,0,0,0,0,0,0,0,0,0,0,0,0,0,0,0,0,0,0,0,0,0,0,0,0,0,0,28,29,23,23,25,22,25,42,32,31
540,1,67,69,3,64,64,0,0,0,66,0,27008,27008,2802,2802,0,4910,22098,0,0,0,844,27008,2059,1076,32,1023,10,14,0,1048576,0,0,0,inf,inf,1.07302475,0.979171157,1,0,10,67,2,27,33,6,2112,829,778,778,115,24896,4081,1076,688,1023,1023,1023,1023,296,0,1023,0,2,0,1,3,5,4,8,4,2,4,3,3,1,4,2,2,0,3,1,1,0,3,2,1,2,3,0,0,0,2,0,0,0,0,0,0,0,0,0,0,0,0,0,0,0,0,0,0,0,0,0,0,0,0,0,0,0,0,0,0,0,0,0,0,5,4,4,9,5,4,6,5,8,8
541,0.899999976,69,69,1,64,64,0,11,0,68,0,8192,8192,1124,1124,0,2362,5830,0,0,0,256,8192,1155,985,32,511,10,14,0,1048576,0,0,0,inf,1.20135093,1.29824758,1.22182655,1,0,10,69,2,60,6,2,2176,1659,188,188,12,6016,703,985,151,511,256,511,511,0,0,511,1,0,0,1,0,0,1,0,1,1,0,2,1,1,1,0,0,1,2,0,2,0,1,4,3,4,2,9,7,5,6,7,5,0,0,0,0,0,0,0,0,0,0,0,0,0,0,0,0,0,0,0,0,0,0,0,0,0,0,0,0,0,0,0,0,65,20,67,66,6,4,65,15,5,4294967295
542,1,67,69,3,64,64,0,0,0,66,0,20992,20992,1696,1696,0,4563,16429,0,0,0,656,20992,1800,1156,32,1023,10,14,0,1048576,0,0,0,inf,inf,1.0934701,1.01298451,1,0,10,67,2,38,23,5,2112,897,590,590,184,18880,3666,1156,1042,1023,1023,1023,1023,0,0,1023,1,0,1,2,1,3,1,4,1,4,3,5,2,2,6,3,4,7,2,1,3,1,4,2,2,0,0,1,0,0,0,0,0,0,0,0,0,0,0,0,0,0,0,0,0,0,0,0,0,0,0,0,0,0,0,0,0,0,0,0,0,0,0,0,0,4,1,6,4,10,7,20,7,6,6
543,0.600000024,69,69,1,64,64,0,1,0,68,0,26208,26208,2104,2104,0,5305,20903,0,0,0,819,26208,2178,1491,32,726,10,14,0,1048576,0,0,0,inf,1.34452999,1.34452999,1.29830372,1,0,10,69,2,34,24,10,2176,1026,751,751,177,24032,4279,1491,1070,214,726,726,726,70,0,726,0,0,2,3,5,2,2,6,1,4,2,4,3,1,2,3,1,2,1,0,3,0,1,5,2,2,0,0,1,1,3,3,3,0,0,0,0,0,0,0,0,0,0,0,0,0,0,0,0,0,0,0,0,0,0,0,0,0,0,0,0,0,0,0,0,4294967295,34,28,4294967295,21,4294967295,26,37,4294967295,67
544,0.899999976,67,69,3,64,64,0,0,0,66,0,26656,26656,2269,2269,0,4674,21982,0,0,0,833,26656,1984,1162,32,511,10,14,0,1048576,0,0,0,inf,inf,1.13415015,1.04752564,1,0,10,67,2,29,28,9,2112,740,767,767,176,24544,3934,1162,733,511,511,511,511,256,0,511,1,1,2,1,4,1,9,7,4,2,3,0,2,4,3,3,3,2,3,2,2,3,4,0,0,0,0,0,0,0,0,0,0,0,0,0,0,0,0,0,0,0,0,0,0,0,0,0,0,0,0,0,0,0,0,0,0,0,0,0,0,0,0,0,0,57,10,9,4,4,10,10,4,6,4294967295
545,1,67,69,3,64,64,0,0,0,66,0,14688,14688,1523,1523,0,2655,12033,0,0,0,459,14688,1349,967,32,1023,10,14,0,1048576,0,0,0,inf,inf,1.30217099,1.20697439,1,0,10,67,2,48,13,5,2112,1339,393,393,23,12576,1316,967,113,991,890,1023,1023,0,0,1023,0,1,2,1,1,1,1,3,0,3,1,1,3,2,0,1,1,1,0,2,3,1,2,1,6,2,5,2,2,5,3,6,3,0,0,0,0,0,0,0,0,0,0,0,0,0,0,0,0,0,0,0,0,0,0,0,0,0,0,0,0,0,0,0,0,3,8,45,17,10,17,9,8,10,10
546,1,67,69,3,64,64,0,0,0,66,0,8992,8992,1218,1218,0,1993,6999,0,0,0,281,8992,886,738,32,1023,10,14,0,1048576,0,0,0,inf,inf,1.22020376,1.10421443,1,0,10,67,2,57,5,4,2112,1495,215,215,4,6880,498,738,32,1023,987,1023,1023,0,0,1023,0,1,0,1,2,0,0,0,0,2,1,0,2,1,4,0,0,2,1,0,0,4,3,2,6,6,4,4,3,3,3,5,6,0,0,0,0,0,0,0,0,0,0,0,0,0,0,0,0,0,0,0,0,0,0,0,0,0,0,0,0,0,0,0,0,5,6,4,30,3,9,4,4,3,6
547,0.800000012,68,69,3,64,64,0,0,0,67,0,26528,26528,3179,3179,0,4759,21769,0,0,0,829,26528,1943,972,32,1011,10,14,0,1048576,0,0,0,inf,inf,1.2439394,1.17038178,1,0,10,68,2,24,32,11,2144,795,762,762,55,24384,3964,972,454,1008,1011,1011,1011,0,0,1011,0,2,1,2,6,1,5,3,3,5,3,8,4,2,3,2,3,2,0,0,2,1,2,0,0,3,1,1,1,1,0,0,0,0,0,0,0,0,0,0,0,0,0,0,0,0,0,0,0,0,0,0,0,0,0,0,0,0,0,0,0,0,0,0,0,12,29,4294967295,4294967295,8,5,7,5,7,5
548,1,66,69,3,64,64,0,0,0,65,0,31072,31072,3202,3202,0,5259,25813,0,0,0,971,31072,2201,1216,32,1023,10,14,0,1048576,0,0,0,inf,inf,1.16604042,1.03755581,1,0,10,66,2,18,33,14,2080,599,906,906,129,28992,4660,1216,585,1021,1023,1023,1023,4,0,1023,3,2,4,3,2,4,4,7,4,3,5,1,5,1,7,3,0,1,1,2,0,0,1,1,0,1,0,0,0,0,0,0,0,0,0,0,0,0,0,0,0,0,0,0,0,0,0,0,0,0,0,0,0,0,0,0,0,0,0,0,0,0,0,0,0,2,3,11,2,3,1,1,1,2,2
549,1,66,69,3,64,64,0,0,0,65,0,2080,2080,950,950,0,1947,133,0,0,0,65,2080,1007,997,32,1023,10,14,0,1048576,0,0,0,inf,inf,0.91556561,0.829953372,1,0,10,66,2,65,0,0,2080,1947,0,0,0,0,0,997,0,1023,0,1023,1023,0,0,1023,0,0,0,0,0,0,0,0,0,0,0,0,0,0,0,0,0,0,0,1,0,1,0,2,0,0,2,2,5,4,11,15,22,0,0,0,0,0,0,0,0,0,0,0,0,0,0,0,0,0,0,0,0,0,0,0,0,0,0,0,0,0,0,0,0,50,4,3,4,8,9,4,9,6,4
550,1,67,69,3,64,64,0,0,0,66,0,2112,2112,933,933,0,2015,97,0,0,0,66,2112,1092,1082,32,1023,10,14,0,1048576,0,0,0,inf,inf,0.930769265,0.834636927,1,0,10,67,2,66,0,0,2112,2015,0,0,0,0,0,1082,0,1023,0,1023,1023,0,0,1023,0,0,0,0,0,0,0,0,0,0,0,0,0,0,0,0,0,0,0,0,0,0,0,0,0,2,0,1,6,4,12,18,23,0,0,0,0,0,0,0,0,0,0,0,0,0,0,0,0,0,0,0,0,0,0,0,0,0,0,0,0,0,0,0,0,13,4,12,6,6,7,4,12,5,6
551,1,68,69,3,64,64,0,0,0,67,0,2144,2144,1049,1049,0,2037,107,0,0,0,67,2144,998,988,32,1023,10,14,0,1048576,0,0,0,inf,inf,0.902352571,0.811891675,1,0,10,68,2,67,0,0,2144,2037,0,0,0,0,0,988,0,1023,0,1023,1023,0,0,1023,0,0,0,0,0,0,0,0,0,0,0,0,0,0,0,0,0,0,0,0,0,0,0,0,0,1,2,3,5,3,15,14,24,0,0,0,0,0,0,0,0,0,0,0,0,0,0,0,0,0,0,0,0,0,0,0,0,0,0,0,0,0,0,0,0,3,4,7,5,4,10,5,5,3,65
552,1,66,69,3,64,64,0,0,0,65,0,32896,32896,3757,3757,0,5626,27270,0,0,0,1028,32896,2298,1279,32,1023,10,14,0,1048576,0,0,0,inf,inf,1.17818213,1.06781793,1,0,10,66,2,13,34,18,2080,536,963,963,86,30816,5090,1279,435,1007,1023,1023,1023,4,0,1023,2,2,5,4,5,2,3,9,3,5,5,2,5,2,8,0,0,0,0,1,1,0,0,1,0,0,0,0,0,0,0,0,0,0,0,0,0,0,0,0,0,0,0,0,0,0,0,0,0,0,0,0,0,0,0,0,0,0,0,0,0,0,0,0,0,2,11,3,2,12,1,1,1,1,2
553,1,66,69,3,64,64,0,0,0,65,0,52864,52864,3326,3326,0,4624,48240,0,0,0,1652,52864,1508,939,32,1023,10,14,0,1048576,0,0,0,inf,inf,1.30178678,1.20727611,1,0,10,66,2,2,19,44,2080,214,1587,1587,81,50784,4410,939,283,137,1023,1023,1023,4,0,1023,14,11,10,5,4,9,2,3,2,1,2,0,0,1,0,0,1,0,0,0,0,0,0,0,0,0,0,0,0,0,0,0,0,0,0,0,0,0,0,0,0,0,0,0,0,0,0,0,0,0,0,0,0,0,0,0,0,0,0,0,0,0,0,0,0,6,7,6,14,31,14,23,12,22,19
554,1,66,69,3,64,64,0,0,0,65,0,29248,29248,3251,3251,0,5230,24018,0,0,0,914,29248,2188,1196,32,1023,10,14,0,1048576,0,0,0,inf,inf,1.15928221,1.05538344,1,0,10,66,2,19,33,13,2080,646,849,849,94,27168,4584,1196,562,1007,1023,1023,1023,76,0,1023,3,2,2,2,4,2,4,9,3,2,5,1,7,1,5,3,1,1,1,2,1,0,1,0,0,3,0,0,0,0,0,0,0,0,0,0,0,0,0,0,0,0,0,0,0,0,0,0,0,0,0,0,0,0,0,0,0,0,0,0,0,0,0,0,0,3,1,4,4,4,1,20,2,1,1
555,1,66,69,3,64,64,0,0,0,65,0,29184,29184,3237,3237,0,5362,23822,0,0,0,912,29184,2144,1199,32,1023,10,14,0,1048576,0,0,0,inf,inf,1.15055847,1.04525113,1,0,10,66,2,21,32,12,2080,660,847,847,99,27104,4702,1199,621,927,1023,1023,1023,258,0,1023,2,2,2,3,3,2,3,9,3,4,5,1,5,1,5,3,1,3,2,2,1,0,1,0,0,2,0,0,0,0,0,0,0,0,0,0,0,0,0,0,0,0,0,0,0,0,0,0,0,0,0,0,0,0,0,0,0,0,0,0,0,0,0,0,0,3,4,1,4,1,4,10,2,4,6
556,1,67,69,3,64,64,0,0,0,66,0,11520,11520,1267,1267,0,2464,9056,0,0,0,360,11520,1227,957,32,1023,10,14,0,1048576,0,0,0,inf,inf,1.31976175,1.19406283,1,0,10,67,2,54,9,3,2112,1440,294,294,20,9408,1024,957,154,1023,636,1023,1023,0,0,1023,1,0,0,1,1,1,2,2,0,1,0,2,1,2,2,1,2,0,3,1,1,2,1,2,3,2,4,4,4,6,4,5,5,0,0,0,0,0,0,0,0,0,0,0,0,0,0,0,0,0,0,0,0,0,0,0,0,0,0,0,0,0,0,0,0,3,13,11,12,12,11,10,12,11,15
557,1,66,69,3,64,64,0,0,0,65,0,32032,32032,3216,3216,0,5586,26446,0,0,0,1001,32032,2307,1296,32,1023,10,14,0,1048576,0,0,0,inf,inf,1.12275624,1.03465807,1,0,10,66,2,17,34,14,2080,586,936,936,120,29952,5000,1296,727,879,1023,1023,1023,72,0,1023,3,2,3,2,4,5,3,8,4,3,4,1,6,0,6,4,1,1,1,2,1,0,1,0,0,0,0,0,0,0,0,0,0,0,0,0,0,0,0,0,0,0,0,0,0,0,0,0,0,0,0,0,0,0,0,0,0,0,0,0,0,0,0,0,0,3,1,4,4,4,1,4,1,2,1
558,1,65,69,3,64,64,0,0,0,64,0,38720,38720,3852,3852,0,3762,34958,0,0,0,1210,38720,1341,366,96,1023,10,14,0,1048576,0,0,0,inf,inf,1.34722853,1.17436194,1,0,10,65,2,4,31,29,2048,335,1146,1146,4,36672,3427,366,16,1023,1023,1023,1023,0,0,1023,3,6,9,8,3,11,8,1,2,3,4,1,1,1,1,1,0,1,0,0,0,0,0,0,0,0,0,0,0,0,0,0,0,0,0,0,0,0,0,0,0,0,0,0,0,0,0,0,0,0,0,0,0,0,0,0,0,0,0,0,0,0,0,0,0,4,6,4,4,4,4,1,4,7,14
559,1,68,69,3,64,64,0,0,0,67,0,2144,2144,889,889,0,2081,63,0,0,0,67,2144,1202,1192,32,1023,10,14,0,1048576,0,0,0,inf,inf,0.958069324,0.847592533,1,0,10,68,2,67,0,0,2144,2081,0,0,0,0,0,1192,0,1023,0,1023,1023,0,0,1023,0,0,0,0,0,0,0,0,0,0,0,0,0,0,0,0,0,0,0,0,0,0,0,0,0,0,1,2,4,2,7,11,40,0,0,0,0,0,0,0,0,0,0,0,0,0,0,0,0,0,0,0,0,0,0,0,0,0,0,0,0,0,0,0,0,16,20,19,3,16,48,47,16,50,17
560,1,66,69,3,64,64,0,0,0,65,0,37792,37792,2900,2900,0,5707,32085,0,0,0,1181,37792,2172,1406,32,1023,10,14,0,1048576,0,0,0,inf,inf,1.1208446,0.989352405,1,0,10,66,2,15,27,23,2080,586,1116,1116,159,35712,5121,1406,861,511,1023,1023,1023,64,0,1023,4,3,2,7,7,3,2,6,3,2,2,2,7,1,2,3,0,0,0,1,2,0,0,2,2,0,1,0,1,0,0,0,0,0,0,0,0,0,0,0,0,0,0,0,0,0,0,0,0,0,0,0,0,0,0,0,0,0,0,0,0,0,0,0,0,4,10,9,3,22,3,14,10,11,4
561,1,66,69,3,64,64,0,0,0,65,0,30944,30944,2692,2692,0,5736,25208,0,0,0,967,30944,2374,1368,32,1023,10,14,0,1048576,0,0,0,inf,inf,1.17864823,1.09074414,1,0,10,66,2,21,35,9,2080,665,902,902,163,28864,5071,1368,1092,255,1023,1023,1023,384,0,1023,2,1,2,2,2,4,4,10,3,2,5,2,5,2,4,3,2,3,1,1,2,0,0,2,0,1,0,0,0,0,0,0,0,0,0,0,0,0,0,0,0,0,0,0,0,0,0,0,0,0,0,0,0,0,0,0,0,0,0,0,0,0,0,0,0,3,4,3,5,4,5,8,6,14,6
562,1,68,69,3,64,64,0,0,0,67,0,2144,2144,800,800,0,2046,98,0,0,0,67,2144,1256,1246,32,1023,10,14,0,1048576,0,0,0,inf,inf,0.921208918,0.828613877,1,0,10,68,2,67,0,0,2144,2046,0,0,0,0,0,1246,0,1023,0,1023,1023,0,0,1023,0,0,0,0,0,0,0,0,0,0,0,0,0,0,0,0,0,0,0,0,1,0,0,0,0,0,1,2,3,5,13,17,25,0,0,0,0,0,0,0,0,0,0,0,0,0,0,0,0,0,0,0,0,0,0,0,0,0,0,0,0,0,0,0,0,5,4,5,18,13,14,14,4,22,20
563,1,66,69,3,64,64,0,0,0,65,0,29088,29088,3233,3233,0,5286,23802,0,0,0,909,29088,2183,1199,32,1023,10,14,0,1048576,0,0,0,inf,inf,1.13878322,1.00625777,1,0,10,66,2,20,33,12,2080,648,844,844,109,27008,4638,1199,593,1021,1023,1023,1023,36,0,1023,3,2,2,3,2,2,3,9,4,2,6,1,6,1,5,3,1,3,2,2,0,0,1,0,0,2,0,0,0,0,0,0,0,0,0,0,0,0,0,0,0,0,0,0,0,0,0,0,0,0,0,0,0,0,0,0,0,0,0,0,0,0,0,0,0,2,3,10,1,1,3,3,2,2,8
564,0.899999976,65,69,3,64,64,0,0,0,64,0,34752,34752,3624,3624,0,4723,30029,0,0,0,1086,34752,1487,726,64,1023,10,14,0,1048576,0,0,0,inf,inf,1.46770799,1.41923344,1,0,10,65,2,14,25,25,2048,470,1022,1022,59,32704,4253,726,384,823,1023,959,959,64,0,959,4,3,11,2,5,5,3,2,5,2,2,2,4,2,5,1,2,1,3,0,0,0,0,0,0,0,0,0,0,0,0,0,0,0,0,0,0,0,0,0,0,0,0,0,0,0,0,0,0,0,0,0,0,0,0,0,0,0,0,0,0,0,0,0,0,15,8,9,22,8,1,4294967295,11,9,16
565,1,66,69,3,64,64,0,0,0,65,0,29568,29568,3927,3927,0,5127,24441,0,0,0,924,29568,2365,1007,32,1023,10,14,0,1048576,0,0,0,inf,inf,1.02607894,0.862211049,1,0,10,66,2,13,44,8,2080,572,859,859,57,27488,4555,1007,345,1023,1023,1023,1023,0,0,1023,2,1,1,1,3,6,7,5,7,6,3,6,4,2,5,1,4,0,1,0,0,0,0,0,0,0,0,0,0,0,0,0,0,0,0,0,0,0,0,0,0,0,0,0,0,0,0,0,0,0,0,0,0,0,0,0,0,0,0,0,0,0,0,0,0,3,2,2,4,4,4,2,2,2,2
566,1,67,69,3,64,64,0,0,0,66,0,20800,20800,2457,2457,0,3213,17587,0,0,0,650,20800,1181,569,32,1023,10,14,0,1048576,0,0,0,inf,inf,1.3671602,1.27568185,1,0,10,67,2,38,20,8,2112,880,584,584,18,18688,2333,569,157,1023,1023,1023,1023,536,0,1023,1,1,5,0,1,1,3,1,2,2,3,3,5,4,4,3,5,4,3,4,1,3,5,0,0,0,1,0,1,0,0,0,0,0,0,0,0,0,0,0,0,0,0,0,0,0,0,0,0,0,0,0,0,0,0,0,0,0,0,0,0,0,0,0,0,5,9,6,6,5,4,5,3,3,6
567,1,68,69,3,64,64,0,0,0,67,0,2144,2144,1029,1029,0,2064,80,0,0,0,67,2144,1045,1035,32,1023,10,14,0,1048576,0,0,0,inf,inf,0.885349512,0.780273795,1,0,10,68,2,67,0,0,2144,2064,0,0,0,0,0,1035,0,1023,0,1023,1023,0,0,1023,0,0,0,0,0,0,0,0,0,0,0,0,0,0,0,1,0,0,0,0,0,0,0,0,0,0,1,2,3,2,10,9,39,0,0,0,0,0,0,0,0,0,0,0,0,0,0,0,0,0,0,0,0,0,0,0,0,0,0,0,0,0,0,0,0,10,10,5,9,29,6,10,7,10,10
568,0.800000012,65,69,3,64,64,0,0,0,64,0,23168,23168,2480,2480,0,3695,19473,0,0,0,724,23168,1691,886,32,927,10,14,0,1048576,0,0,0,inf,inf,1.20953822,1.09006929,1,0,10,65,2,32,27,5,2048,818,660,660,26,21120,2877,886,214,927,927,927,927,256,0,927,0,2,1,1,1,2,6,1,4,4,2,6,2,4,2,5,2,2,5,5,1,1,0,0,2,1,0,1,0,1,0,0,0,0,0,0,0,0,0,0,0,0,0,0,0,0,0,0,0,0,0,0,0,0,0,0,0,0,0,0,0,0,0,0,0,5,2,7,7,3,4294967295,4294967295,3,6,2
569,1,67,69,3,64,64,0,0,0,66,0,2112,2112,1060,1060,0,2069,43,0,0,0,66,2112,1019,1009,32,1023,10,14,0,1048576,0,0,0,inf,inf,0.78993094,0.71228075,1,0,10,67,2,66,0,0,2112,2069,0,0,0,0,0,1009,0,1023,0,1023,1023,0,0,1023,0,0,0,0,0,0,0,0,0,0,0,0,0,0,0,0,0,0,0,0,0,0,0,0,0,0,0,1,1,4,5,12,43,0,0,0,0,0,0,0,0,0,0,0,0,0,0,0,0,0,0,0,0,0,0,0,0,0,0,0,0,0,0,0,0,5,7,4,6,5,12,5,5,2,9
570,1,66,69,3,64,64,0,0,0,65,0,24160,24160,2510,2510,0,4700,19460,0,0,0,755,24160,2086,1210,32,1023,10,14,0,1048576,0,0,0,inf,inf,1.06644082,0.968209505,1,0,10,66,2,28,30,7,2080,786,690,690,119,22080,3914,1210,612,1023,1023,1023,1023,704,0,1023,0,0,2,2,3,2,4,7,0,4,7,2,4,1,4,3,1,5,2,3,3,1,2,1,1,1,0,0,0,0,0,0,0,0,0,0,0,0,0,0,0,0,0,0,0,0,0,0,0,0,0,0,0,0,0,0,0,0,0,0,0,0,0,0,0,2,2,2,2,3,3,5,5,16,5
571,1,66,69,3,64,64,0,0,0,65,0,18208,18208,2014,2014,0,2778,15430,0,0,0,569,18208,1181,667,32,1023,10,14,0,1048576,0,0,0,inf,inf,1.05373359,0.945542216,1,0,10,66,2,42,17,6,2080,1013,504,504,20,16128,1765,667,97,1023,511,1023,1023,0,0,1023,1,2,1,1,1,3,2,6,0,1,1,2,2,1,2,4,0,4,4,5,4,2,1,2,2,3,2,3,2,0,1,0,0,0,0,0,0,0,0,0,0,0,0,0,0,0,0,0,0,0,0,0,0,0,0,0,0,0,0,0,0,0,0,0,0,4,9,11,2,14,37,3,10,3,2
572,1,69,69,2,64,64,0,0,0,68,0,15520,15520,2728,2728,0,4136,11384,0,0,0,485,15520,1575,871,32,1023,10,14,0,1048576,0,0,0,inf,inf,0.832517624,0.712021828,1,0,10,69,2,42,23,3,2176,1083,417,417,45,13344,3053,871,395,1023,1023,1023,1023,0,0,1023,0,0,1,1,1,1,3,2,3,4,4,4,2,2,3,2,3,4,4,4,3,2,0,2,1,1,4,2,1,1,0,1,2,0,0,0,0,0,0,0,0,0,0,0,0,0,0,0,0,0,0,0,0,0,0,0,0,0,0,0,0,0,0,0,0,6,5,5,7,6,58,7,7,5,7
573,1,67,69,3,64,64,0,0,0,66,0,2112,2112,1121,1121,0,2057,55,0,0,0,66,2112,946,936,32,1023,10,14,0,1048576,0,0,0,inf,inf,0.78056699,0.657716036,1,0,10,67,2,66,0,0,2112,2057,0,0,0,0,0,936,0,1023,0,1023,1023,0,0,1023,0,0,0,0,0,0,0,0,0,0,0,0,0,0,0,0,0,0,0,0,0,0,1,0,0,0,0,1,2,5,3,11,43,0,0,0,0,0,0,0,0,0,0,0,0,0,0,0,0,0,0,0,0,0,0,0,0,0,0,0,0,0,0,0,0,3,4,4,4,6,4,5,4,4,5
574,1,67,69,3,64,64,0,0,0,66,0,29984,29984,2288,2288,0,5523,24461,0,0,0,937,29984,2424,1452,32,1023,10,14,0,1048576,0,0,0,inf,inf,1.17036414,1.06058824,1,0,10,67,2,23,34,9,2112,727,871,871,177,27872,4796,1452,1157,1021,1023,1023,1023,657,0,1023,0,1,2,3,3,2,6,5,7,5,3,5,1,2,1,5,3,1,2,1,0,2,0,3,0,2,1,0,0,0,0,0,0,0,0,0,0,0,0,0,0,0,0,0,0,0,0,0,0,0,0,0,0,0,0,0,0,0,0,0,0,0,0,0,0,24,13,33,23,27,3,23,6,10,26
575,1,69,69,1,64,64,0,2,0,68,0,44096,44096,3221,3221,0,5641,38455,0,0,0,1378,44096,2049,1393,32,1023,10,14,0,1048576,0,0,0,inf,1.21164012,1.21204424,1.08705568,1,0,10,69,2,10,22,36,2176,419,1310,1310,115,41920,5222,1393,632,1009,1023,1023,1023,40,0,1023,4,6,8,11,7,5,6,3,3,1,1,2,1,0,3,0,0,1,3,0,0,2,1,0,0,0,0,0,0,0,0,0,0,0,0,0,0,0,0,0,0,0,0,0,0,0,0,0,0,0,0,0,0,0,0,0,0,0,0,0,0,0,0,0,0,7,54,13,55,11,18,19,9,9,9
576,0.699999988,69,69,1,64,64,0,2,0,68,0,33312,33312,2276,2276,0,4112,29200,0,0,0,1041,33312,1760,1120,32,699,10,14,0,1048576,0,0,0,inf,1.40998816,1.41012025,1.32218051,1,0,10,69,2,24,22,22,2176,734,973,973,78,31136,3378,1120,535,698,699,699,699,0,0,699,3,6,4,7,2,3,7,2,1,2,0,3,4,3,3,0,1,0,2,0,2,0,1,2,2,3,0,0,1,0,3,1,0,0,0,0,0,0,0,0,0,0,0,0,0,0,0,0,0,0,0,0,0,0,0,0,0,0,0,0,0,0,0,0,0,8,8,4294967295,13,12,39,4294967295,10,4294967295,26
577,1,66,69,3,64,64,0,0,0,65,0,40320,40320,3409,3409,0,5452,34868,0,0,0,1260,40320,1915,1266,32,1023,10,14,0,1048576,0,0,0,inf,inf,1.13316298,1.00118041,1,0,10,66,2,10,22,33,2080,418,1195,1195,115,38240,5034,1266,514,428,1023,1023,1023,578,0,1023,5,8,4,9,7,1,4,2,6,2,2,3,2,0,3,1,2,2,1,0,1,0,0,0,0,0,0,0,0,0,0,0,0,0,0,0,0,0,0,0,0,0,0,0,0,0,0,0,0,0,0,0,0,0,0,0,0,0,0,0,0,0,0,0,0,36,13,5,3,38,4,4,7,4,37
578,1,69,69,2,64,64,0,0,0,68,0,33632,33632,3345,3345,0,5199,28433,0,0,0,1051,33632,2274,1220,32,1023,10,14,0,1048576,0,0,0,inf,inf,1.11694717,1.01162362,1,0,10,69,2,17,35,16,2176,612,983,983,67,31456,4587,1220,529,1023,1023,1023,1023,0,0,1023,0,3,4,4,5,4,10,5,3,5,4,0,4,2,3,0,3,2,1,0,1,3,1,0,1,0,0,0,0,0,0,0,0,0,0,0,0,0,0,0,0,0,0,0,0,0,0,0,0,0,0,0,0,0,0,0,0,0,0,0,0,0,0,0,0,6,7,6,11,5,6,9,6,5,8
579,0.899999976,67,69,3,64,64,0,0,0,66,0,14432,14432,1323,1323,0,2122,12310,0,0,0,451,14432,1108,787,32,1022,10,14,0,1048576,0,0,0,inf,inf,1.28294933,1.19782472,1,0,10,67,2,50,10,6,2112,1246,385,385,0,12320,876,787,28,1022,734,1022,1022,0,0,1022,1,1,1,1,2,3,1,1,1,2,1,1,0,1,5,2,1,3,1,1,0,2,3,4,4,1,6,5,3,2,2,2,2,0,0,0,0,0,0,0,0,0,0,0,0,0,0,0,0,0,0,0,0,0,0,0,0,0,0,0,0,0,0,0,0,4294967295,4,5,59,6,4,17,5,16,15
580,1,67,69,3,64,64,0,0,0,66,0,16160,16160,1476,1476,0,3466,12694,0,0,0,505,16160,1453,1051,32,1023,10,14,0,1048576,0,0,0,inf,inf,1.09362113,0.996013045,1,0,10,67,2,46,14,6,2112,1146,439,439,99,14048,2320,1051,528,1023,1023,1023,1023,8,0,1023,0,0,0,2,4,1,3,3,2,1,0,1,3,1,0,3,3,3,2,4,5,3,4,2,3,2,2,1,1,1,2,4,0,0,0,0,0,0,0,0,0,0,0,0,0,0,0,0,0,0,0,0,0,0,0,0,0,0,0,0,0,0,0,0,0,11,9,8,18,9,9,8,12,17,12
581,1,68,69,3,64,64,0,0,0,67,0,17792,17792,2058,2058,0,3966,13826,0,0,0,556,17792,1518,981,32,1023,10,14,0,1048576,0,0,0,inf,inf,1.12682843,1.02620125,1,0,10,68,2,41,18,8,2144,979,489,489,86,15648,2987,981,535,1023,1023,1023,1023,0,0,1023,0,1,0,7,0,1,2,6,2,4,1,1,1,4,2,3,1,2,7,1,3,3,1,2,4,5,1,1,1,0,0,0,0,0,0,0,0,0,0,0,0,0,0,0,0,0,0,0,0,0,0,0,0,0,0,0,0,0,0,0,0,0,0,0,0,7,7,8,6,8,9,9,12,9,11
582,1,67,69,3,64,64,0,0,0,66,0,27392,27392,2117,2117,0,5539,21853,0,0,0,856,27392,2409,1457,32,1023,10,14,0,1048576,0,0,0,inf,inf,1.16373253,1.05881047,1,0,10,67,2,25,33,8,2112,754,790,790,169,25280,4785,1457,1188,990,1023,1023,1023,64,0,1023,1,1,1,2,3,4,4,5,3,6,2,7,2,2,0,4,5,1,4,1,2,2,1,0,0,2,0,1,0,0,0,0,0,0,0,0,0,0,0,0,0,0,0,0,0,0,0,0,0,0,0,0,0,0,0,0,0,0,0,0,0,0,0,0,0,13,3,8,7,9,11,8,5,13,8
583,1,66,69,3,64,64,0,0,0,65,0,18912,18912,1507,1507,0,3746,15166,0,0,0,591,18912,1647,1162,32,1023,10,14,0,1048576,0,0,0,inf,inf,1.18026459,1.07198811,1,0,10,66,2,40,17,8,2080,963,526,526,93,16832,2783,1162,690,980,1023,1023,1023,0,0,1023,1,3,1,1,2,0,3,3,3,4,1,2,1,4,1,4,5,1,4,2,1,4,1,2,1,2,3,0,2,1,0,2,0,0,0,0,0,0,0,0,0,0,0,0,0,0,0,0,0,0,0,0,0,0,0,0,0,0,0,0,0,0,0,0,0,40,11,40,15,6,40,22,5,5,8
584,1,69,69,2,64,64,0,0,0,68,0,9312,9312,1184,1184,0,2047,7265,0,0,0,291,9312,1147,896,32,1023,10,14,0,1048576,0,0,0,inf,inf,1.26804948,1.13249958,1,0,10,69,2,58,8,2,2176,1583,223,223,0,7136,464,896,0,1023,855,1023,1023,0,0,1023,0,1,0,0,1,3,0,1,1,1,2,0,0,1,3,2,1,1,0,0,0,3,2,2,3,0,4,6,4,6,6,4,10,0,0,0,0,0,0,0,0,0,0,0,0,0,0,0,0,0,0,0,0,0,0,0,0,0,0,0,0,0,0,0,0,5,6,4,63,5,6,5,5,5,9
585,1,66,69,3,64,64,0,0,0,65,0,16576,16576,1241,1241,0,3964,12612,0,0,0,518,16576,1737,1312,32,1023,10,14,0,1048576,0,0,0,inf,inf,1.09660316,1.01264083,1,0,10,66,2,45,15,5,2080,1115,453,453,121,14496,2849,1312,726,1022,767,1023,1023,132,0,1023,1,1,0,1,2,1,2,3,2,2,0,3,2,1,0,3,4,3,5,2,2,4,1,3,4,3,2,2,1,0,2,3,0,0,0,0,0,0,0,0,0,0,0,0,0,0,0,0,0,0,0,0,0,0,0,0,0,0,0,0,0,0,0,0,0,27,14,34,2,23,23,21,23,5,4
586,0.899999976,66,69,3,64,64,0,0,0,65,0,17216,17216,1636,1636,0,3606,13610,0,0,0,538,17216,1636,1089,32,767,10,14,0,1048576,0,0,0,inf,inf,1.08786249,1.01419628,1,0,10,66,2,43,19,3,2080,1069,473,473,102,15136,2537,1089,476,767,191,767,767,32,0,767,0,0,0,1,2,1,2,5,3,4,1,0,3,1,0,3,4,6,3,1,4,5,4,1,0,2,1,3,0,1,3,1,0,0,0,0,0,0,0,0,0,0,0,0,0,0,0,0,0,0,0,0,0,0,0,0,0,0,0,0,0,0,0,0,0,1,4,1,3,1,32,13,8,4294967295,8
587,0.899999976,66,69,3,64,64,0,0,0,65,0,30816,30816,2685,2685,0,4557,26259,0,0,0,963,30816,1825,1055,32,511,10,14,0,1048576,0,0,0,inf,inf,1.20420408,1.12458992,1,0,10,66,2,23,26,16,2080,660,898,898,82,28736,3897,1055,598,511,511,511,511,76,0,511,0,5,2,8,1,3,2,8,3,3,2,2,3,3,2,4,2,1,2,1,2,2,0,0,2,2,0,0,0,0,0,0,0,0,0,0,0,0,0,0,0,0,0,0,0,0,0,0,0,0,0,0,0,0,0,0,0,0,0,0,0,0,0,0,0,5,6,5,5,2,5,5,4,5,4294967295
588,1,69,69,1,64,64,0,8,0,68,0,10464,10464,1973,1973,0,3491,6973,0,0,0,327,10464,1465,972,32,1023,10,14,0,1048576,0,0,0,inf,0.952090204,0.958276689,0.872871101,1,0,10,69,2,51,16,1,2176,1224,259,259,50,8288,2267,972,363,1023,509,1023,1023,0,0,1023,0,0,1,0,0,1,1,0,0,3,3,3,5,2,0,5,2,7,2,7,4,2,1,4,2,4,1,3,1,1,2,0,1,0,0,0,0,0,0,0,0,0,0,0,0,0,0,0,0,0,0,0,0,0,0,0,0,0,0,0,0,0,0,0,0,25,52,24,24,26,4,24,30,29,3
589,1,68,69,3,64,64,0,0,0,67,0,21280,21280,1671,1671,0,4679,16601,0,0,0,665,21280,2133,1413,32,1023,10,14,0,1048576,0,0,0,inf,inf,1.12440228,1.02100158,1,0,10,68,2,37,25,5,2144,1001,598,598,150,19136,3678,1413,970,990,511,1023,1023,80,0,1023,1,1,0,1,2,3,2,5,3,7,1,3,1,1,0,4,3,2,3,3,1,3,2,4,1,2,2,1,2,1,0,2,0,0,0,0,0,0,0,0,0,0,0,0,0,0,0,0,0,0,0,0,0,0,0,0,0,0,0,0,0,0,0,0,0,10,45,15,10,26,8,15,15,14,43
590,1,66,69,3,64,64,0,0,0,65,0,23840,23840,2720,2720,0,5284,18556,0,0,0,745,23840,2072,1155,32,1023,10,14,0,1048576,0,0,0,inf,inf,1.22926247,1.13168156,1,0,10,66,2,28,31,6,2080,771,680,680,126,21760,4513,1155,924,895,1023,1023,1023,96,0,1023,1,1,0,2,2,4,4,4,5,3,3,3,5,2,4,2,4,2,2,1,4,5,2,0,0,0,0,0,0,0,0,0,0,0,0,0,0,0,0,0,0,0,0,0,0,0,0,0,0,0,0,0,0,0,0,0,0,0,0,0,0,0,0,0,0,7,5,3,3,4,4,7,14,5,5
591,1,67,69,3,64,64,0,0,0,66,0,30688,30688,2845,2845,0,5950,24738,0,0,0,959,30688,2295,1265,32,1023,10,14,0,1048576,0,0,0,inf,inf,1.14744616,1.05920696,1,0,10,67,2,21,35,10,2112,681,893,893,163,28576,5269,1265,1099,1013,1023,1023,1023,640,0,1023,1,2,1,2,4,6,6,4,6,2,4,2,5,1,4,0,4,3,1,1,1,4,1,0,0,0,1,0,0,0,0,0,0,0,0,0,0,0,0,0,0,0,0,0,0,0,0,0,0,0,0,0,0,0,0,0,0,0,0,0,0,0,0,0,0,6,8,8,9,7,8,8,8,5,24
592,1,66,69,3,64,64,0,0,0,65,0,27872,27872,2634,2634,0,5346,22526,0,0,0,871,27872,2263,1283,32,1023,10,14,0,1048576,0,0,0,inf,inf,1.1523633,1.04786086,1,0,10,66,2,26,34,5,2080,750,806,806,129,25792,4596,1283,895,991,1023,1023,1023,272,0,1023,1,0,0,3,1,6,5,5,3,2,5,5,3,1,7,1,3,3,2,0,2,2,2,1,1,1,0,0,0,0,0,0,0,0,0,0,0,0,0,0,0,0,0,0,0,0,0,0,0,0,0,0,0,0,0,0,0,0,0,0,0,0,0,0,0,4,10,2,17,17,6,9,9,47,2
593,1,68,69,3,64,64,0,0,0,67,0,28864,28864,2872,2872,0,4805,24059,0,0,0,902,28864,1966,1116,32,1023,10,14,0,1048576,0,0,0,inf,inf,1.13246751,1.04211092,1,0,10,68,2,26,29,12,2144,791,835,835,57,26720,4014,1116,554,1007,1023,1023,1023,0,0,1023,0,2,1,6,3,4,2,5,2,4,6,2,4,2,2,3,2,2,2,1,1,2,0,1,2,4,1,0,0,1,0,0,0,0,0,0,0,0,0,0,0,0,0,0,0,0,0,0,0,0,0,0,0,0,0,0,0,0,0,0,0,0,0,0,0,4,5,5,5,10,50,5,8,4,3
594,1,67,69,3,64,64,0,0,0,66,0,22784,22784,1821,1821,0,4694,18090,0,0,0,712,22784,2131,1351,32,1023,10,14,0,1048576,0,0,0,inf,inf,1.14661109,1.02772522,1,0,10,67,2,33,27,6,2112,881,646,646,138,20672,3813,1351,976,1022,1023,1023,1023,0,0,1023,1,1,0,1,3,3,3,6,2,5,2,4,2,2,0,4,4,2,3,3,1,3,2,4,1,2,1,1,0,0,0,0,0,0,0,0,0,0,0,0,0,0,0,0,0,0,0,0,0,0,0,0,0,0,0,0,0,0,0,0,0,0,0,0,0,22,17,3,17,17,17,15,14,10,20
595,1,65,69,3,64,64,0,0,0,64,0,35872,35872,3981,3981,0,5177,30695,0,0,0,1121,35872,1660,878,64,1023,10,14,0,1048576,0,0,0,inf,inf,1.47706151,1.38509452,1,0,10,65,2,14,26,24,2048,521,1057,1057,47,33824,4656,878,285,1022,1023,1023,1023,256,0,1023,4,6,6,5,3,1,4,2,6,3,1,3,6,0,2,3,2,2,2,1,0,0,0,0,1,1,0,0,0,0,0,0,0,0,0,0,0,0,0,0,0,0,0,0,0,0,0,0,0,0,0,0,0,0,0,0,0,0,0,0,0,0,0,0,0,1,0,4,3,5,7,1,1,10,1
596,1,66,69,3,64,64,0,0,0,65,0,31680,31680,1816,1816,0,3726,27954,0,0,0,990,31680,1639,1105,32,1023,10,14,0,1048576,0,0,0,inf,inf,1.36597061,1.25033212,1,0,10,66,2,26,19,20,2080,688,925,925,87,29600,3038,1105,488,190,1023,1023,1023,36,0,1023,7,4,3,3,3,3,4,3,0,1,1,2,5,3,5,1,2,0,2,1,4,0,2,1,0,2,0,0,1,0,2,0,0,0,0,0,0,0,0,0,0,0,0,0,0,0,0,0,0,0,0,0,0,0,0,0,0,0,0,0,0,0,0,0,0,53,9,28,17,16,19,23,20,5,58
597,1,67,69,3,64,64,0,0,0,66,0,24096,24096,2010,2010,0,4909,19187,0,0,0,753,24096,2250,1365,32,1023,10,14,0,1048576,0,0,0,inf,inf,1.16186118,1.04459965,1,0,10,67,2,30,31,5,2112,847,687,687,127,21984,4062,1365,1017,1022,1023,1023,1023,260,0,1023,1,1,1,0,2,4,3,5,3,6,3,5,2,2,0,4,4,2,2,2,2,4,3,0,1,1,2,1,0,0,0,0,0,0,0,0,0,0,0,0,0,0,0,0,0,0,0,0,0,0,0,0,0,0,0,0,0,0,0,0,0,0,0,0,0,18,3,14,15,17,11,8,15,11,11
598,1,66,69,3,64,64,0,0,0,65,0,32544,32544,2858,2858,0,4207,28337,0,0,0,1017,32544,1564,896,32,1023,10,14,0,1048576,0,0,0,inf,inf,1.1262145,1.03837299,1,0,10,66,2,22,22,21,2080,674,952,952,61,30464,3533,896,366,1015,1023,1023,1023,32,0,1023,1,5,4,7,4,4,1,5,3,1,3,1,4,1,1,3,0,1,1,3,2,3,1,1,1,2,0,1,1,0,0,0,0,0,0,0,0,0,0,0,0,0,0,0,0,0,0,0,0,0,0,0,0,0,0,0,0,0,0,0,0,0,0,0,0,16,9,6,17,5,16,4,4,7,7
599,0.899999976,68,69,3,64,64,0,0,0,67,0,34048,34048,2092,2092,0,3968,30080,0,0,0,1064,34048,1769,1184,32,511,10,14,0,1048576,0,0,0,inf,inf,1.41419828,1.20282829,1,0,10,68,2,23,20,24,2144,660,997,997,85,31904,3308,1184,447,479,511,511,511,0,0,511,8,4,2,7,3,3,5,2,2,1,1,1,5,1,4,1,1,1,2,1,3,0,2,1,1,3,1,0,0,0,1,0,0,0,0,0,0,0,0,0,0,0,0,0,0,0,0,0,0,0,0,0,0,0,0,0,0,0,0,0,0,0,0,0,0,3,4,3,3,3,60,2,3,13,4294967295
600,1,65,69,3,64,64,0,0,0,64,0,19840,19840,2098,2098,0,2754,17086,0,0,0,620,19840,1040,575,64,1023,10,14,0,1048576,0,0,0,inf,inf,1.29533947,1.20598781,1,0,10,65,2,40,16,8,2048,974,556,556,7,17792,1780,575,75,1015,1023,1023,1023,0,0,1023,2,2,1,1,2,2,2,1,2,1,4,2,2,2,4,4,2,6,2,2,0,1,0,3,2,4,0,3,0,0,5,0,0,0,0,0,0,0,0,0,0,0,0,0,0,0,0,0,0,0,0,0,0,0,0,0,0,0,0,0,0,0,0,0,0,5,16,1,11,4,40,3,19,11,3
601,1,66,69,3,64,64,0,0,0,65,0,32064,32064,2911,2911,0,4671,27393,0,0,0,1002,32064,1955,1098,32,1023,10,14,0,1048576,0,0,0,inf,inf,1.18165231,1.09565985,1,0,10,66,2,19,29,17,2080,617,937,937,61,29984,4054,1098,484,895,1023,1023,1023,76,0,1023,0,4,3,7,3,3,1,9,2,5,3,2,4,3,2,4,1,0,2,1,2,2,0,0,1,1,0,0,0,0,0,0,0,0,0,0,0,0,0,0,0,0,0,0,0,0,0,0,0,0,0,0,0,0,0,0,0,0,0,0,0,0,0,0,0,5,6,5,5,4,5,5,3,9,5
602,1,66,69,3,64,64,0,0,0,65,0,42880,42880,3304,3304,0,6311,36569,0,0,0,1340,42880,2490,1462,32,1023,10,14,0,1048576,0,0,0,inf,inf,1.1882565,1.10585117,1,0,10,66,2,8,35,22,2080,438,1275,1275,194,40800,5873,1462,901,816,1023,1023,1023,578,0,1023,5,3,4,3,7,5,7,6,4,7,2,3,1,2,2,1,1,0,2,0,0,0,0,0,0,0,0,0,0,0,0,0,0,0,0,0,0,0,0,0,0,0,0,0,0,0,0,0,0,0,0,0,0,0,0,0,0,0,0,0,0,0,0,0,0,15,16,17,18,3,15,10,18,28,11
603,1,69,69,1,64,64,0,1,0,68,0,3616,3616,1286,1286,0,2342,1274,0,0,0,113,3616,834,775,32,1023,10,14,0,1048576,0,0,0,inf,0.904021382,0.904021382,0.781222105,1,0,10,69,2,66,2,0,2176,2001,45,45,29,1440,341,775,210,1023,0,1023,1023,0,0,1023,0,0,0,0,0,0,0,0,0,1,1,0,0,0,0,1,1,0,0,0,0,1,1,0,0,3,0,3,2,2,6,14,32,0,0,0,0,0,0,0,0,0,0,0,0,0,0,0,0,0,0,0,0,0,0,0,0,0,0,0,0,0,0,0,0,5,6,6,8,7,6,7,10,9,12
604,1,67,69,3,64,64,0,0,0,66,0,10784,10784,1435,1435,0,2280,8504,0,0,0,337,10784,917,736,32,1023,10,14,0,1048576,0,0,0,inf,inf,1.17302036,1.06915534,1,0,10,67,2,55,6,5,2112,1515,271,271,10,8672,765,736,70,1023,1011,1023,1023,0,0,1023,0,0,2,2,1,0,0,2,1,1,1,0,1,0,0,1,0,3,2,3,0,1,3,2,2,1,2,3,7,9,7,5,4,0,0,0,0,0,0,0,0,0,0,0,0,0,0,0,0,0,0,0,0,0,0,0,0,0,0,0,0,0,0,0,0,6,6,3,4,4,5,6,4,6,9
605,1,67,69,3,64,64,0,0,0,66,0,2112,2112,1056,1056,0,1953,159,0,0,0,66,2112,907,897,32,1023,10,14,0,1048576,0,0,0,inf,inf,0.883910656,0.774856091,1,0,10,67,2,66,0,0,2112,1953,0,0,0,0,0,897,0,1023,0,1023,1023,0,0,1023,0,0,0,0,0,0,0,0,0,0,0,0,0,0,0,2,0,0,0,1,1,1,0,1,0,3,0,1,4,2,5,22,23,0,0,0,0,0,0,0,0,0,0,0,0,0,0,0,0,0,0,0,0,0,0,0,0,0,0,0,0,0,0,0,0,3,4,7,7,4,4,4,10,13,6
606,1,69,69,2,64,64,0,0,0,68,0,26304,26304,2677,2677,0,4418,21886,0,0,0,822,26304,1808,1094,32,1023,10,14,0,1048576,0,0,0,inf,inf,1.1000278,0.994748354,1,0,10,69,2,32,24,12,2176,881,754,754,62,24128,3537,1094,434,991,1023,1023,1023,0,0,1023,0,3,0,8,1,3,2,6,2,3,5,0,3,3,1,4,0,2,4,1,1,3,0,2,2,5,1,1,0,1,1,0,0,0,0,0,0,0,0,0,0,0,0,0,0,0,0,0,0,0,0,0,0,0,0,0,0,0,0,0,0,0,0,0,0,8,9,7,9,7,15,8,7,56,8
607,1,66,69,3,64,64,0,0,0,65,0,18400,18400,2085,2085,0,4716,13684,0,0,0,575,18400,1909,1180,32,1023,10,14,0,1048576,0,0,0,inf,inf,0.918643177,0.825230837,1,0,10,66,2,37,25,3,2080,1001,510,510,111,16320,3715,1180,879,1007,1023,1023,1023,9,0,1023,0,1,0,1,1,2,2,3,3,4,1,6,4,2,1,5,2,2,2,3,2,5,1,1,1,2,2,1,1,1,1,2,0,0,0,0,0,0,0,0,0,0,0,0,0,0,0,0,0,0,0,0,0,0,0,0,0,0,0,0,0,0,0,0,0,11,12,13,11,49,16,7,13,1,7
608,0.899999976,67,69,3,64,64,0,0,0,66,0,32640,32640,2306,2306,0,4557,28083,0,0,0,1020,32640,1816,1154,32,767,10,14,0,1048576,0,0,0,inf,inf,1.30193412,1.14989567,1,0,10,67,2,22,23,21,2112,676,954,954,87,30528,3881,1154,699,750,767,767,767,32,0,767,5,5,2,7,2,3,2,3,1,2,3,3,6,2,2,1,1,2,3,0,2,1,2,3,0,1,0,1,0,0,1,0,0,0,0,0,0,0,0,0,0,0,0,0,0,0,0,0,0,0,0,0,0,0,0,0,0,0,0,0,0,0,0,0,0,10,8,3,3,14,47,5,4,4294967295,6
609,1,67,69,3,64,64,0,0,0,66,0,2784,2784,958,958,0,2067,717,0,0,0,87,2784,926,888,32,1023,10,14,0,1048576,0,0,0,inf,inf,0.844586432,0.736638963,1,0,10,67,2,65,1,0,2112,1795,21,21,13,672,272,888,137,1023,1,1023,1023,0,0,1023,0,0,0,0,0,0,0,0,0,0,0,1,0,0,0,2,1,0,0,3,1,2,1,2,1,5,1,3,10,6,6,11,10,0,0,0,0,0,0,0,0,0,0,0,0,0,0,0,0,0,0,0,0,0,0,0,0,0,0,0,0,0,0,0,0,4,5,4,5,3,4,5,12,4,4
610,1,66,69,3,64,64,0,0,0,65,0,10656,10656,1313,1313,0,2053,8603,0,0,0,333,10656,1069,750,32,1023,10,14,0,1048576,0,0,0,inf,inf,1.18377745,1.01143551,1,0,10,66,2,53,10,2,2080,1425,268,268,0,8576,628,750,18,1023,895,1023,1023,0,0,1023,0,1,0,0,1,3,2,2,0,2,1,0,0,0,5,2,0,1,2,0,0,3,1,2,3,2,6,5,0,3,3,3,12,0,0,0,0,0,0,0,0,0,0,0,0,0,0,0,0,0,0,0,0,0,0,0,0,0,0,0,0,0,0,0,0,4,4,5,6,3,4,4,5,5,4
611,0.699999988,69,69,1,64,64,0,1,0,68,0,11936,11936,1415,1415,0,2108,9828,0,0,0,373,11936,795,635,32,764,10,14,0,1048576,0,0,0,inf,1.31643307,1.35795546,1.25647819,1,0,10,69,2,56,5,7,2176,1378,305,305,13,9760,730,635,36,764,684,764,764,0,0,764,2,0,2,3,0,1,0,0,0,2,1,0,1,1,2,2,3,2,2,0,2,3,4,3,5,3,6,6,4,1,1,5,1,0,0,0,0,0,0,0,0,0,0,0,0,0,0,0,0,0,0,0,0,0,0,0,0,0,0,0,0,0,0,0,0,4294967295,4294967295,9,8,9,11,9,9,4294967295,12
612,1,68,69,3,64,64,0,0,0,67,0,5536,5536,917,917,0,2573,2963,0,0,0,173,5536,1298,1121,32,1023,10,14,0,1048576,0,0,0,inf,inf,0.946147621,0.857245564,1,0,10,68,2,61,6,0,2144,1607,106,106,43,3392,966,1121,299,1023,751,1023,1023,0,0,1023,0,0,0,0,0,0,0,0,1,1,0,1,3,0,0,3,3,1,1,5,1,2,2,2,3,4,2,8,2,8,1,6,7,0,0,0,0,0,0,0,0,0,0,0,0,0,0,0,0,0,0,0,0,0,0,0,0,0,0,0,0,0,0,0,0,8,6,9,9,25,13,19,7,11,10
613,1,68,69,3,64,64,0,0,0,67,0,24608,24608,1995,1995,0,5174,19434,0,0,0,769,24608,2329,1415,32,1023,10,14,0,1048576,0,0,0,inf,inf,1.12690723,1.0310961,1,0,10,68,2,31,32,4,2144,867,702,702,130,22464,4307,1415,1134,1022,1023,1023,1023,0,0,1023,0,1,0,1,2,5,3,6,5,5,2,5,1,2,0,5,5,2,3,2,1,2,1,2,0,2,1,1,1,0,1,0,0,0,0,0,0,0,0,0,0,0,0,0,0,0,0,0,0,0,0,0,0,0,0,0,0,0,0,0,0,0,0,0,0,20,6,13,14,11,13,13,14,14,16
614,1,67,69,3,64,64,0,0,0,66,0,23456,23456,1893,1893,0,5183,18273,0,0,0,733,23456,2235,1377,32,1023,10,14,0,1048576,0,0,0,inf,inf,1.13572323,1.04677439,1,0,10,67,2,32,30,4,2112,863,667,667,143,21344,4320,1377,1122,1021,1023,1023,1023,0,0,1023,0,1,0,1,2,4,1,6,5,5,3,4,2,3,1,4,6,2,2,2,1,2,1,2,1,2,2,1,0,0,0,0,0,0,0,0,0,0,0,0,0,0,0,0,0,0,0,0,0,0,0,0,0,0,0,0,0,0,0,0,0,0,0,0,0,12,19,12,12,12,10,5,3,12,14
615,1,67,69,3,64,64,0,0,0,66,0,28768,28768,2978,2978,0,5599,23169,0,0,0,899,28768,2235,1270,32,1023,10,14,0,1048576,0,0,0,inf,inf,1.17458105,1.10140395,1,0,10,67,2,24,33,9,2112,694,833,833,98,26656,4905,1270,870,1023,1023,1023,1023,0,0,1023,1,3,1,1,3,5,6,5,6,3,2,2,4,2,5,3,3,2,0,0,3,4,1,0,1,0,0,0,0,0,0,0,0,0,0,0,0,0,0,0,0,0,0,0,0,0,0,0,0,0,0,0,0,0,0,0,0,0,0,0,0,0,0,0,0,2,3,3,31,3,3,10,3,12,8
616,1,66,69,3,64,64,0,0,0,65,0,20992,20992,1859,1859,0,4407,16585,0,0,0,656,20992,1890,1213,32,1023,10,14,0,1048576,0,0,0,inf,inf,1.06185007,0.956380486,1,0,10,66,2,35,23,7,2080,922,591,591,120,18912,3485,1213,821,1007,1023,1023,1023,128,0,1023,1,2,1,2,1,3,3,5,1,4,1,3,3,2,0,4,3,2,1,6,1,2,2,1,3,2,3,0,1,1,0,1,0,0,0,0,0,0,0,0,0,0,0,0,0,0,0,0,0,0,0,0,0,0,0,0,0,0,0,0,0,0,0,0,0,6,11,3,4,26,11,4,6,4,4
617,1,66,69,3,64,64,0,0,0,65,0,42816,42816,3135,3135,0,6047,36769,0,0,0,1338,42816,2235,1474,32,1023,10,14,0,1048576,0,0,0,inf,inf,1.27242947,1.16908836,1,0,10,66,2,12,27,26,2080,479,1273,1273,167,40736,5568,1474,820,792,1023,1023,1023,586,0,1023,6,4,7,4,5,2,5,4,3,5,3,4,1,0,2,2,0,1,4,2,0,1,0,0,0,0,0,0,0,0,0,0,0,0,0,0,0,0,0,0,0,0,0,0,0,0,0,0,0,0,0,0,0,0,0,0,0,0,0,0,0,0,0,0,0,15,16,4,26,34,25,5,1,35,39
618,1,69,69,1,64,64,0,3,0,68,0,22432,22432,2171,2171,0,3249,19183,0,0,0,701,22432,1356,768,32,1023,10,14,0,1048576,0,0,0,inf,1.05548882,1.05740261,0.973916531,1,0,10,69,2,39,19,10,2176,970,633,633,34,20256,2279,768,196,1023,1023,1023,1023,0,0,1023,1,3,2,4,0,3,1,5,3,1,2,2,2,0,3,3,1,2,5,5,2,4,2,3,1,4,0,1,2,0,1,0,0,0,0,0,0,0,0,0,0,0,0,0,0,0,0,0,0,0,0,0,0,0,0,0,0,0,0,0,0,0,0,0,0,11,15,10,12,8,7,8,11,28,26
619,1,67,69,3,64,64,0,0,0,66,0,33920,33920,3425,3425,0,5469,28451,0,0,0,1060,33920,2130,1161,32,1023,10,14,0,1048576,0,0,0,inf,inf,1.13994741,1.0700866,1,0,10,67,2,17,33,16,2112,616,994,994,89,31808,4853,1161,634,1015,1023,1023,1023,16,0,1023,0,4,1,8,3,5,2,8,4,2,3,3,6,0,4,2,2,1,3,1,1,1,0,1,1,0,0,0,0,0,0,0,0,0,0,0,0,0,0,0,0,0,0,0,0,0,0,0,0,0,0,0,0,0,0,0,0,0,0,0,0,0,0,0,0,8,13,2,27,13,8,9,3,9,15
620,1,67,69,3,64,64,0,0,0,66,0,2752,2752,897,897,0,2219,533,0,0,0,86,2752,1236,1197,32,1023,10,14,0,1048576,0,0,0,inf,inf,0.932908952,0.850980282,1,0,10,67,2,65,1,0,2112,2002,20,20,12,640,217,1197,72,1023,2,1023,1023,0,0,1023,0,0,0,0,0,0,0,0,0,0,0,0,1,0,0,1,0,0,1,1,0,0,0,1,0,0,0,0,0,5,4,14,38,0,0,0,0,0,0,0,0,0,0,0,0,0,0,0,0,0,0,0,0,0,0,0,0,0,0,0,0,0,0,0,0,3,11,4,14,5,31,16,4,7,4
621,0.899999976,66,69,3,64,64,0,0,0,65,0,22912,22912,2506,2506,0,4556,18356,0,0,0,716,22912,1907,1061,32,1007,10,14,0,1048576,0,0,0,inf,inf,1.16595626,1.08066905,1,0,10,66,2,30,28,7,2080,773,651,651,90,20832,3783,1061,643,879,1007,1007,1007,0,0,1007,1,1,0,2,3,3,6,5,5,2,1,3,3,3,6,3,3,2,1,0,2,5,2,0,2,0,1,0,0,0,0,0,0,0,0,0,0,0,0,0,0,0,0,0,0,0,0,0,0,0,0,0,0,0,0,0,0,0,0,0,0,0,0,0,0,2,3,3,3,4294967295,3,3,1,7,3
622,1,69,69,1,64,64,0,14,0,68,0,10432,10432,1903,1903,0,3439,6993,0,0,0,326,10432,1474,990,32,1023,10,14,0,1048576,0,0,0,inf,0.917196453,0.933385372,0.857835174,1,0,10,69,2,51,16,1,2176,1238,258,258,56,8256,2201,990,377,1023,1007,1023,1023,4,0,1023,0,0,1,0,0,0,2,0,0,3,3,3,5,1,0,5,2,6,1,8,4,3,2,3,4,3,2,2,1,1,2,0,1,0,0,0,0,0,0,0,0,0,0,0,0,0,0,0,0,0,0,0,0,0,0,0,0,0,0,0,0,0,0,0,0,29,28,37,30,4,29,28,29,28,28
623,1,66,69,3,64,64,0,0,0,65,0,19712,19712,1616,1616,0,2905,16807,0,0,0,616,19712,1196,778,32,1023,10,14,0,1048576,0,0,0,inf,inf,1.31673086,1.21270192,1,0,10,66,2,42,14,9,2080,1089,551,551,53,17632,1816,778,304,766,1023,1023,1023,0,0,1023,3,3,0,2,1,3,3,1,1,0,3,1,2,1,0,3,3,3,1,2,0,4,3,2,2,2,2,2,5,3,1,3,0,0,0,0,0,0,0,0,0,0,0,0,0,0,0,0,0,0,0,0,0,0,0,0,0,0,0,0,0,0,0,0,0,13,6,7,10,5,6,4,9,10,7
624,0.899999976,68,69,3,64,64,0,0,0,67,0,14592,14592,1506,1506,0,2367,12225,0,0,0,456,14592,855,638,32,511,10,14,0,1048576,0,0,0,inf,inf,1.365798,1.26101565,1,0,10,68,2,51,7,9,2144,1321,389,389,42,12448,1046,638,136,247,495,511,511,0,0,511,1,1,3,3,1,1,0,0,0,2,1,0,3,1,1,3,3,1,1,1,1,1,3,1,4,7,5,4,3,2,3,5,1,0,0,0,0,0,0,0,0,0,0,0,0,0,0,0,0,0,0,0,0,0,0,0,0,0,0,0,0,0,0,0,0,6,5,6,65,5,3,5,7,43,4294967295
625,1,66,69,3,64,64,0,0,0,65,0,16672,16672,1830,1830,0,2577,14095,0,0,0,521,16672,1073,503,32,1023,10,14,0,1048576,0,0,0,inf,inf,1.09689116,0.995857894,1,0,10,66,2,42,19,4,2080,1013,456,456,77,14592,1564,503,156,1022,1023,1023,1023,0,0,1023,1,2,0,1,0,0,4,2,2,2,1,6,2,4,3,4,0,3,3,3,2,4,1,6,3,1,1,0,3,1,0,0,0,0,0,0,0,0,0,0,0,0,0,0,0,0,0,0,0,0,0,0,0,0,0,0,0,0,0,0,0,0,0,0,0,6,4,8,4,3,4,6,4,9,5
626,0.600000024,69,69,1,64,64,0,6,0,68,0,29408,29408,1910,1910,0,4040,25368,0,0,0,919,29408,1758,1231,32,175,10,14,0,1048576,0,0,0,inf,1.35377669,1.40775216,1.32266831,1,0,10,69,2,30,19,19,2176,782,851,851,69,27232,3258,1231,547,46,175,175,175,0,0,175,5,4,2,5,3,1,2,3,1,2,1,3,6,3,5,2,1,2,3,1,2,0,3,2,1,4,0,0,0,0,1,0,0,0,0,0,0,0,0,0,0,0,0,0,0,0,0,0,0,0,0,0,0,0,0,0,0,0,0,0,0,0,0,0,0,16,5,5,11,4294967295,7,4294967295,30,4294967295,4294967295
627,1,69,69,2,64,64,0,0,0,68,0,26944,26944,2140,2140,0,3892,23052,0,0,0,842,26944,1482,921,32,1023,10,14,0,1048576,0,0,0,inf,inf,1.38069129,1.30343628,1,0,10,69,2,35,19,14,2176,962,774,774,98,24768,2930,921,523,1007,831,1023,1023,0,0,1023,2,1,5,6,0,3,3,4,0,2,3,3,1,1,1,2,3,2,1,2,2,4,2,1,1,2,2,1,2,1,2,1,2,0,0,0,0,0,0,0,0,0,0,0,0,0,0,0,0,0,0,0,0,0,0,0,0,0,0,0,0,0,0,0,0,9,11,47,7,11,7,11,12,5,7
628,1,69,69,2,64,64,0,0,0,68,0,36128,36128,3504,3504,0,5387,30741,0,0,0,1129,36128,2382,1257,32,1023,10,14,0,1048576,0,0,0,inf,inf,1.14173937,1.02397585,1,0,10,69,2,15,37,16,2176,581,1061,1061,48,33952,4806,1257,488,1023,1023,1023,1023,0,0,1023,0,4,5,3,4,6,10,5,3,5,4,0,4,2,3,0,3,1,1,0,1,1,2,0,1,0,0,0,0,0,0,0,0,0,0,0,0,0,0,0,0,0,0,0,0,0,0,0,0,0,0,0,0,0,0,0,0,0,0,0,0,0,0,0,0,6,7,6,12,5,6,5,6,9,7
629,1,68,69,3,64,64,0,0,0,67,0,27232,27232,2070,2070,0,5538,21694,0,0,0,851,27232,2372,1432,32,1023,10,14,0,1048576,0,0,0,inf,inf,1.12815642,1.00487447,1,0,10,68,2,27,33,7,2144,755,784,784,173,25088,4783,1432,1285,1021,1023,1023,1023,13,0,1023,1,1,0,2,3,5,4,6,4,8,1,4,1,4,2,4,4,2,2,1,1,3,1,0,0,1,2,0,0,0,0,0,0,0,0,0,0,0,0,0,0,0,0,0,0,0,0,0,0,0,0,0,0,0,0,0,0,0,0,0,0,0,0,0,0,11,23,12,12,12,12,12,16,13,12
630,1,69,69,1,64,64,0,5,0,68,0,35232,35232,3346,3346,0,5835,29397,0,0,0,1101,35232,2498,1466,32,1023,10,14,0,1048576,0,0,0,inf,0.98399663,0.985748291,0.913355052,1,0,10,69,2,16,35,17,2176,624,1033,1033,101,33056,5211,1466,692,830,1023,1023,1023,128,0,1023,2,4,4,2,5,5,5,7,3,4,1,6,4,0,0,5,2,1,0,3,0,2,0,1,0,1,0,1,0,0,0,0,0,0,0,0,0,0,0,0,0,0,0,0,0,0,0,0,0,0,0,0,0,0,0,0,0,0,0,0,0,0,0,0,0,9,14,15,16,15,14,15,20,13,49
631,1,68,69,3,64,64,0,0,0,67,0,25920,25920,2620,2620,0,5065,20855,0,0,0,810,25920,2120,1241,32,1023,10,14,0,1048576,0,0,0,inf,inf,1.13778913,1.05116785,1,0,10,68,2,30,30,7,2144,784,743,743,132,23776,4281,1241,747,511,1023,1023,1023,16,0,1023,0,2,1,2,2,4,6,3,6,3,2,1,5,4,5,4,2,2,1,1,3,2,5,0,0,0,1,0,0,0,0,0,0,0,0,0,0,0,0,0,0,0,0,0,0,0,0,0,0,0,0,0,0,0,0,0,0,0,0,0,0,0,0,0,0,2,5,6,7,3,3,6,6,4,3
632,1,66,69,3,64,64,0,0,0,65,0,12512,12512,1674,1674,0,2802,9710,0,0,0,391,12512,1094,649,32,1023,10,14,0,1048576,0,0,0,inf,inf,0.996658981,0.895922005,1,0,10,66,2,49,15,1,2080,1165,326,326,64,10432,1637,649,274,1023,991,1023,1023,0,0,1023,0,0,0,0,1,0,3,1,2,2,1,5,1,2,1,4,2,2,6,6,2,3,2,4,4,2,2,2,1,2,2,0,0,0,0,0,0,0,0,0,0,0,0,0,0,0,0,0,0,0,0,0,0,0,0,0,0,0,0,0,0,0,0,0,0,2,3,5,3,3,8,3,7,2,9
633,1,67,69,3,64,64,0,0,0,66,0,26336,26336,2534,2534,0,4268,22068,0,0,0,823,26336,1668,1025,32,1023,10,14,0,1048576,0,0,0,inf,inf,1.17215562,1.07759345,1,0,10,67,2,30,22,14,2112,791,757,757,70,24224,3477,1025,476,1023,1023,1023,1023,1,0,1023,0,3,2,6,3,4,1,6,3,2,2,2,2,3,3,3,1,2,3,1,2,3,0,1,2,4,1,0,0,1,0,0,0,0,0,0,0,0,0,0,0,0,0,0,0,0,0,0,0,0,0,0,0,0,0,0,0,0,0,0,0,0,0,0,0,5,4,26,5,5,5,5,27,3,4
634,1,69,69,2,64,64,0,0,0,68,0,28672,28672,2659,2659,0,4087,24585,0,0,0,896,28672,1728,1033,32,1023,10,14,0,1048576,0,0,0,inf,inf,1.13284159,1.0177052,1,0,10,69,2,29,23,16,2176,777,828,828,47,26496,3310,1033,295,1023,1023,1023,1023,0,0,1023,0,5,2,6,3,5,1,7,2,3,1,3,1,3,2,2,1,2,4,1,2,3,0,2,3,3,1,0,0,0,0,0,0,0,0,0,0,0,0,0,0,0,0,0,0,0,0,0,0,0,0,0,0,0,0,0,0,0,0,0,0,0,0,0,0,8,7,8,9,8,8,10,7,9,27
635,1,66,69,3,64,64,0,0,0,65,0,20192,20192,1699,1699,0,3357,16835,0,0,0,631,20192,1334,874,32,1023,10,14,0,1048576,0,0,0,inf,inf,1.33834755,1.25945818,1,0,10,66,2,40,16,9,2080,1005,566,566,68,18112,2352,874,477,767,1023,1023,1023,0,0,1023,0,1,4,3,1,2,2,3,1,2,2,3,1,1,5,1,1,5,1,1,3,4,1,2,1,5,3,1,2,1,1,0,1,0,0,0,0,0,0,0,0,0,0,0,0,0,0,0,0,0,0,0,0,0,0,0,0,0,0,0,0,0,0,0,0,6,3,21,5,5,11,3,22,10,3
636,0.899999976,68,69,3,64,64,0,0,0,67,0,11136,11136,1323,1323,0,2147,8989,0,0,0,348,11136,1145,802,32,767,10,14,0,1048576,0,0,0,inf,inf,1.21600461,1.05831528,1,0,10,68,2,54,11,2,2144,1401,281,281,4,8992,746,802,30,767,763,767,767,0,0,767,0,1,0,0,1,3,1,1,0,3,2,1,0,1,5,3,1,2,1,0,0,3,2,2,4,2,6,4,2,3,2,4,7,0,0,0,0,0,0,0,0,0,0,0,0,0,0,0,0,0,0,0,0,0,0,0,0,0,0,0,0,0,0,0,0,5,6,6,5,5,5,10,6,4294967295,6
637,1,69,69,1,64,64,0,1,0,68,0,28192,28192,2171,2171,0,5530,22662,0,0,0,881,28192,2415,1460,32,1023,10,14,0,1048576,0,0,0,inf,1.06538427,1.06538427,0.965366304,1,0,10,69,2,28,33,7,2176,786,813,813,174,26016,4744,1460,1133,991,1023,1023,1023,97,0,1023,1,1,2,1,2,6,3,8,3,9,2,2,0,2,0,4,5,2,2,3,1,2,2,3,0,1,1,0,0,0,0,0,0,0,0,0,0,0,0,0,0,0,0,0,0,0,0,0,0,0,0,0,0,0,0,0,0,0,0,0,0,0,0,0,0,11,17,10,10,6,8,12,12,29,18
638,1,67,69,3,64,64,0,0,0,66,0,32000,32000,2865,2865,0,4281,27719,0,0,0,1000,32000,1868,1037,32,1023,10,14,0,1048576,0,0,0,inf,inf,1.16194499,1.0578208,1,0,10,67,2,22,28,16,2112,681,934,934,50,29888,3600,1037,314,1023,1023,1023,1023,0,0,1023,0,4,2,5,5,6,2,8,2,3,1,3,3,2,2,2,0,2,4,1,1,3,0,0,1,2,2,0,0,0,0,0,0,0,0,0,0,0,0,0,0,0,0,0,0,0,0,0,0,0,0,0,0,0,0,0,0,0,0,0,0,0,0,0,0,3,4,4,3,5,2,4,4,5,4
639,0.899999976,66,69,3,64,64,0,0,0,65,0,9216,9216,1232,1232,0,2004,7212,0,0,0,288,9216,1053,796,32,767,10,14,0,1048576,0,0,0,inf,inf,1.19924331,1.0636673,1,0,10,66,2,55,8,2,2080,1461,223,223,0,7136,543,796,5,767,687,767,767,0,0,767,0,1,0,0,1,3,2,1,0,2,0,0,0,0,4,3,0,1,1,0,0,3,1,1,5,2,7,7,1,3,2,4,10,0,0,0,0,0,0,0,0,0,0,0,0,0,0,0,0,0,0,0,0,0,0,0,0,0,0,0,0,0,0,0,0,4,4,5,6,5,4,5,3,4294967295,6
640,1,67,69,3,64,64,0,0,0,66,0,4640,4640,912,912,0,2269,2371,0,0,0,145,4640,1099,983,32,1023,10,14,0,1048576,0,0,0,inf,inf,0.989292145,0.892092943,1,0,10,67,2,62,4,0,2112,1578,79,79,32,2528,691,983,256,1023,235,1023,1023,0,0,1023,0,0,0,0,0,0,0,0,1,1,0,1,1,0,0,5,2,1,1,5,1,3,3,3,3,4,3,4,3,7,3,4,7,0,0,0,0,0,0,0,0,0,0,0,0,0,0,0,0,0,0,0,0,0,0,0,0,0,0,0,0,0,0,0,0,6,7,4,3,4,8,8,7,4,53
641,1,67,69,3,64,64,0,0,0,66,0,21056,21056,1679,1679,0,3077,17979,0,0,0,658,21056,1193,870,32,1023,10,14,0,1048576,0,0,0,inf,inf,1.33888137,1.25473964,1,0,10,67,2,42,11,13,2112,1017,592,592,55,18944,2060,870,258,703,1023,1023,1023,16,0,1023,2,1,5,5,0,0,3,1,0,2,1,3,1,1,4,1,2,5,2,2,4,4,1,1,1,4,2,2,2,1,1,0,2,0,0,0,0,0,0,0,0,0,0,0,0,0,0,0,0,0,0,0,0,0,0,0,0,0,0,0,0,0,0,0,0,14,5,27,15,31,10,31,40,10,6
642,1,69,69,1,64,64,0,1,0,68,0,4512,4512,938,938,0,2246,2266,0,0,0,141,4512,1141,1021,32,1023,10,14,0,1048576,0,0,0,inf,0.967678428,0.967678428,0.866915822,1,0,10,69,2,64,4,0,2176,1613,73,73,30,2336,633,1021,168,1023,895,1023,1023,0,0,1023,0,0,0,0,0,0,0,0,1,0,0,2,1,1,1,4,1,1,2,5,1,3,3,4,3,4,4,3,3,7,3,7,4,0,0,0,0,0,0,0,0,0,0,0,0,0,0,0,0,0,0,0,0,0,0,0,0,0,0,0,0,0,0,0,0,9,10,8,18,17,8,6,14,8,14
643,0.800000012,67,69,3,64,64,0,0,0,66,0,12672,12672,1475,1475,0,2205,10467,0,0,0,396,12672,758,519,32,639,10,14,0,1048576,0,0,0,inf,inf,1.40868974,1.31783175,1,0,10,67,2,52,8,6,2112,1271,330,330,35,10560,934,519,151,639,639,639,639,1,0,639,1,0,2,2,1,1,0,1,0,2,1,0,3,3,2,2,3,1,3,2,2,3,4,1,3,3,6,3,3,1,2,4,1,0,0,0,0,0,0,0,0,0,0,0,0,0,0,0,0,0,0,0,0,0,0,0,0,0,0,0,0,0,0,0,0,5,4,9,4,5,4,8,4294967295,4294967295,4
644,1,67,69,3,64,64,0,0,0,66,0,28896,28896,2129,2129,0,5000,23896,0,0,0,903,28896,2222,1374,32,1023,10,14,0,1048576,0,0,0,inf,inf,1.13937426,1.0437634,1,0,10,67,2,26,30,10,2112,736,837,837,148,26784,4264,1374,892,1022,1023,1023,1023,0,0,1023,2,2,1,3,2,2,4,5,2,5,6,5,1,3,3,6,2,1,2,1,4,1,0,0,0,1,1,0,0,0,0,1,0,0,0,0,0,0,0,0,0,0,0,0,0,0,0,0,0,0,0,0,0,0,0,0,0,0,0,0,0,0,0,0,0,7,7,3,7,50,4,11,4,6,4
645,1,68,69,3,64,64,0,0,0,67,0,5504,5504,867,867,0,2606,2898,0,0,0,172,5504,1277,1101,32,1023,10,14,0,1048576,0,0,0,inf,inf,1.04098439,0.944292367,1,0,10,68,2,61,6,0,2144,1570,105,105,53,3360,1036,1101,364,1023,447,1023,1023,256,0,1023,0,0,0,0,0,0,0,0,1,2,0,1,2,0,1,4,3,1,1,3,1,5,4,2,2,5,1,5,2,5,2,7,7,0,0,0,0,0,0,0,0,0,0,0,0,0,0,0,0,0,0,0,0,0,0,0,0,0,0,0,0,0,0,0,0,4,4,5,6,5,3,5,5,9,3
646,1,68,69,3,64,64,0,0,0,67,0,2144,2144,1500,1500,0,2107,37,0,0,0,67,2144,617,607,32,1023,10,14,0,1048576,0,0,0,inf,inf,0.781719804,0.704374015,1,0,10,68,2,67,0,0,2144,2107,0,0,0,0,0,607,0,1023,0,1023,1023,0,0,1023,0,0,0,0,0,0,0,0,0,0,0,0,0,0,0,0,0,0,0,0,0,0,0,0,0,0,0,0,1,2,2,23,39,0,0,0,0,0,0,0,0,0,0,0,0,0,0,0,0,0,0,0,0,0,0,0,0,0,0,0,0,0,0,0,0,4,5,9,5,4,6,5,5,4,5
647,1,66,69,3,64,64,0,0,0,65,0,14752,14752,1440,1440,0,2458,12294,0,0,0,461,14752,813,611,32,1023,10,14,0,1048576,0,0,0,inf,inf,1.34868169,1.25905633,1,0,10,66,2,49,7,9,2080,1181,396,396,34,12672,1277,611,281,887,1022,1023,1023,2,0,1023,2,1,3,2,1,0,0,1,1,1,1,0,3,2,1,2,3,3,3,2,4,2,4,1,2,3,3,5,4,1,2,1,1,0,0,0,0,0,0,0,0,0,0,0,0,0,0,0,0,0,0,0,0,0,0,0,0,0,0,0,0,0,0,0,0,7,6,7,20,5,6,5,27,10,4
648,1,67,69,3,64,64,0,0,0,66,0,12032,12032,1475,1475,0,2409,9623,0,0,0,376,12032,1022,785,32,1023,10,14,0,1048576,0,0,0,inf,inf,1.19904852,1.07522714,1,0,10,67,2,53,8,5,2112,1420,310,310,20,9920,989,785,84,511,767,1023,1023,0,0,1023,1,1,2,0,1,0,1,2,0,1,3,0,1,0,1,1,0,2,3,4,1,2,0,2,3,5,1,4,4,11,5,1,3,0,0,0,0,0,0,0,0,0,0,0,0,0,0,0,0,0,0,0,0,0,0,0,0,0,0,0,0,0,0,0,0,5,4,5,5,5,16,9,4,10,17
649,1,67,69,3,64,64,0,0,0,66,0,6752,6752,1204,1204,0,2020,4732,0,0,0,211,6752,919,756,32,1023,10,14,0,1048576,0,0,0,inf,inf,1.23199046,1.13592744,1,0,10,67,2,60,5,1,2112,1643,145,145,4,4640,377,756,34,1023,1013,1023,1023,0,0,1023,0,0,0,0,1,1,1,0,0,1,1,1,0,0,3,0,1,1,1,0,1,3,2,2,4,4,4,4,2,4,5,6,13,0,0,0,0,0,0,0,0,0,0,0,0,0,0,0,0,0,0,0,0,0,0,0,0,0,0,0,0,0,0,0,0,4,5,16,5,5,16,4,3,15,6
650,1,69,69,1,64,64,0,6,0,68,0,29536,29536,3397,3397,0,4598,24938,0,0,0,923,29536,1874,949,32,1023,10,14,0,1048576,0,0,0,inf,1.13749075,1.1448822,1.02754879,1,0,10,69,2,23,30,15,2176,735,855,855,37,27360,3863,949,266,495,1023,1023,1023,0,0,1023,0,3,5,4,3,6,0,10,1,2,5,3,3,1,3,3,3,0,2,1,1,0,0,1,2,2,1,2,0,1,0,0,0,0,0,0,0,0,0,0,0,0,0,0,0,0,0,0,0,0,0,0,0,0,0,0,0,0,0,0,0,0,0,0,0,13,12,11,12,22,10,13,13,10,17
651,0.800000012,67,69,3,64,64,0,0,0,66,0,14528,14528,1449,1449,0,2653,11875,0,0,0,454,14528,1056,774,32,507,10,14,0,1048576,0,0,0,inf,inf,1.33199596,1.22039831,1,0,10,67,2,50,10,6,2112,1295,388,388,31,12416,1358,774,297,219,426,507,507,0,0,507,1,0,2,2,1,0,1,1,2,2,1,0,3,2,2,3,2,1,2,1,1,2,3,1,3,4,4,3,4,4,1,5,2,0,0,0,0,0,0,0,0,0,0,0,0,0,0,0,0,0,0,0,0,0,0,0,0,0,0,0,0,0,0,0,0,5,3,4294967295,2,5,38,4,6,25,4294967295
652,1,66,69,3,64,64,0,0,0,65,0,28000,28000,2027,2027,0,3299,24701,0,0,0,875,28000,1354,821,32,1023,10,14,0,1048576,0,0,0,inf,inf,1.31847405,1.2228595,1,0,10,66,2,30,18,17,2080,808,810,810,53,25920,2491,821,344,959,1023,1023,1023,128,0,1023,2,1,7,4,3,4,3,2,1,2,3,2,1,1,2,1,0,4,1,4,2,2,2,3,1,1,3,0,1,1,1,0,0,0,0,0,0,0,0,0,0,0,0,0,0,0,0,0,0,0,0,0,0,0,0,0,0,0,0,0,0,0,0,0,0,3,21,13,4,12,4,16,35,13,15
653,1,66,69,3,64,64,0,0,0,65,0,22688,22688,1878,1878,0,2522,20166,0,0,0,709,22688,1196,636,32,1023,10,14,0,1048576,0,0,0,inf,inf,1.36868382,1.24664438,1,0,10,66,2,36,18,11,2080,936,644,644,2,20608,1586,636,79,1022,1023,1023,1023,0,0,1023,5,2,1,2,1,4,1,2,3,1,2,3,2,2,0,3,4,2,0,2,1,5,3,2,1,2,1,2,3,1,1,1,0,0,0,0,0,0,0,0,0,0,0,0,0,0,0,0,0,0,0,0,0,0,0,0,0,0,0,0,0,0,0,0,0,32,5,2,3,2,21,3,2,6,1
654,1,68,69,3,64,64,0,0,0,67,0,23648,23648,2409,2409,0,4147,19501,0,0,0,739,23648,1638,1015,32,1023,10,14,0,1048576,0,0,0,inf,inf,1.12575579,1.03170013,1,0,10,68,2,35,21,11,2144,905,672,672,52,21504,3242,1015,439,1023,1023,1023,1023,0,0,1023,0,2,1,7,1,2,1,5,2,2,5,1,3,4,1,4,1,2,3,2,3,3,0,2,2,4,2,0,1,1,0,0,0,0,0,0,0,0,0,0,0,0,0,0,0,0,0,0,0,0,0,0,0,0,0,0,0,0,0,0,0,0,0,0,0,8,4,20,4,9,40,9,7,5,20
655,1,66,69,3,64,64,0,0,0,65,0,25824,25824,1862,1862,0,3085,22739,0,0,0,807,25824,1255,711,32,1023,10,14,0,1048576,0,0,0,inf,inf,1.41403615,1.31834769,1,0,10,66,2,33,18,14,2080,878,742,742,65,23744,2207,711,379,1014,1023,1023,1023,0,0,1023,5,5,0,3,1,4,2,2,2,1,2,2,3,0,1,3,3,3,0,2,1,5,3,1,2,2,0,1,2,2,0,2,0,0,0,0,0,0,0,0,0,0,0,0,0,0,0,0,0,0,0,0,0,0,0,0,0,0,0,0,0,0,0,0,0,7,17,18,20,4,12,7,20,18,2
656,1,67,69,3,64,64,0,0,0,66,0,24736,24736,1937,1937,0,5155,19581,0,0,0,773,24736,2244,1390,32,1023,10,14,0,1048576,0,0,0,inf,inf,1.13778853,1.0248183,1,0,10,67,2,30,30,6,2112,824,707,707,136,22624,4331,1390,1156,1021,1023,1023,1023,0,0,1023,1,1,0,2,2,4,3,5,3,8,2,4,1,3,1,4,4,3,2,2,1,3,1,0,1,2,2,0,0,0,0,1,0,0,0,0,0,0,0,0,0,0,0,0,0,0,0,0,0,0,0,0,0,0,0,0,0,0,0,0,0,0,0,0,0,3,12,4,4,4,4,3,4,2,6
657,1,67,69,3,64,64,0,0,0,66,0,2848,2848,803,803,0,1927,921,0,0,0,89,2848,1004,970,32,1023,10,14,0,1048576,0,0,0,inf,inf,0.995435357,0.890877187,1,0,10,67,2,65,1,0,2112,1746,23,23,15,736,181,970,113,1023,0,1023,1023,0,0,1023,0,0,0,0,0,0,0,0,0,1,0,0,0,1,0,2,1,1,0,3,1,1,2,4,0,5,1,6,6,9,6,7,9,0,0,0,0,0,0,0,0,0,0,0,0,0,0,0,0,0,0,0,0,0,0,0,0,0,0,0,0,0,0,0,0,4,4,3,10,3,29,12,11,12,12
658,1,66,69,3,64,64,0,0,0,65,0,17408,17408,1893,1893,0,2622,14786,0,0,0,544,17408,1003,512,32,1023,10,14,0,1048576,0,0,0,inf,inf,1.38164997,1.27997601,1,0,10,66,2,42,16,7,2080,950,479,479,22,15328,1672,512,198,1023,1023,1023,1023,0,0,1023,0,3,2,1,1,2,3,0,2,3,1,1,4,4,3,2,4,6,1,4,0,3,6,4,1,3,1,0,0,0,0,0,0,0,0,0,0,0,0,0,0,0,0,0,0,0,0,0,0,0,0,0,0,0,0,0,0,0,0,0,0,0,0,0,0,2,7,7,3,2,3,3,4,1,7
659,1,69,69,2,64,64,0,0,0,68,0,48800,48800,3051,3051,0,5413,43387,0,0,0,1525,48800,2037,1348,32,1023,10,14,0,1048576,0,0,0,inf,inf,1.19480133,1.03802443,1,0,10,69,2,5,24,39,2176,357,1457,1457,97,46624,5056,1348,613,918,1023,1023,1023,8,0,1023,6,11,10,5,7,2,8,1,3,3,3,3,1,1,0,0,0,0,1,2,0,0,0,1,0,0,0,0,0,0,0,0,0,0,0,0,0,0,0,0,0,0,0,0,0,0,0,0,0,0,0,0,0,0,0,0,0,0,0,0,0,0,0,0,0,63,3,4,64,7,33,32,2,3,4
660,1,67,69,3,64,64,0,0,0,66,0,4832,4832,986,986,0,2346,2486,0,0,0,151,4832,1088,995,32,1023,10,14,0,1048576,0,0,0,inf,inf,0.960360289,0.85707891,1,0,10,67,2,62,3,1,2112,1643,85,85,34,2720,703,995,183,1023,625,1023,1023,0,0,1023,0,0,0,1,0,0,0,0,1,1,0,0,1,0,1,3,1,0,2,3,2,3,1,3,2,3,1,4,5,9,5,7,7,0,0,0,0,0,0,0,0,0,0,0,0,0,0,0,0,0,0,0,0,0,0,0,0,0,0,0,0,0,0,0,0,7,4,8,7,8,12,8,11,4,3
661,0.899999976,66,69,3,64,64,0,0,0,65,0,20224,20224,1603,1603,0,3241,16983,0,0,0,632,20224,1498,1023,32,1007,10,14,0,1048576,0,0,0,inf,inf,1.33078861,1.24989951,1,0,10,66,2,41,16,8,2080,1085,567,567,74,18144,2156,1023,303,747,1007,1007,1007,0,0,1007,2,2,1,2,1,4,2,1,2,0,2,4,1,1,0,3,2,3,3,3,0,3,1,2,2,2,0,4,5,3,1,2,1,0,0,0,0,0,0,0,0,0,0,0,0,0,0,0,0,0,0,0,0,0,0,0,0,0,0,0,0,0,0,0,0,6,12,22,5,4294967295,12,6,8,12,6
662,1,66,69,3,64,64,0,0,0,65,0,42528,42528,3783,3783,0,4561,37967,0,0,0,1329,42528,1561,751,32,1023,10,14,0,1048576,0,0,0,inf,inf,1.11438978,1.00222576,1,0,10,66,2,4,26,35,2080,328,1264,1264,37,40448,4233,751,254,989,1023,1023,1023,9,0,1023,7,7,9,6,6,6,3,2,8,0,1,4,2,2,1,0,0,1,0,0,0,0,0,0,0,0,0,0,0,0,0,0,0,0,0,0,0,0,0,0,0,0,0,0,0,0,0,0,0,0,0,0,0,0,0,0,0,0,0,0,0,0,0,0,0,9,9,5,8,8,5,10,5,10,5
663,1,66,69,3,64,64,0,0,0,65,0,21888,21888,2567,2567,0,4757,17131,0,0,0,684,21888,1893,1028,32,1023,10,14,0,1048576,0,0,0,inf,inf,1.17776132,1.08387637,1,0,10,66,2,31,29,5,2080,810,619,619,98,19808,3947,1028,806,479,1023,1023,1023,32,0,1023,1,1,0,0,3,3,5,5,6,2,2,2,4,3,6,2,4,1,1,0,4,5,1,0,2,1,0,0,0,1,0,0,0,0,0,0,0,0,0,0,0,0,0,0,0,0,0,0,0,0,0,0,0,0,0,0,0,0,0,0,0,0,0,0,0,2,3,3,3,3,15,7,3,4,26
664,1,69,69,2,64,64,0,0,0,68,0,24192,24192,2187,2187,0,5044,19148,0,0,0,756,24192,2141,1304,32,1023,10,14,0,1048576,0,0,0,inf,inf,1.0826019,0.977793694,1,0,10,69,2,32,29,7,2176,834,688,688,125,22016,4210,1304,1068,767,1023,1023,1023,160,0,1023,2,1,1,0,3,1,5,5,6,6,1,2,3,5,1,4,3,4,2,2,1,3,1,3,1,1,0,1,0,0,0,0,0,0,0,0,0,0,0,0,0,0,0,0,0,0,0,0,0,0,0,0,0,0,0,0,0,0,0,0,0,0,0,0,0,4,15,5,6,5,3,5,3,11,6
665,1,66,69,3,64,64,0,0,0,65,0,18112,18112,1892,1892,0,2886,15226,0,0,0,566,18112,1156,615,32,1023,10,14,0,1048576,0,0,0,inf,inf,1.20555305,1.11313581,1,0,10,66,2,41,18,6,2080,937,501,501,55,16032,1949,615,287,1023,1023,1023,1023,0,0,1023,0,2,3,1,0,1,3,3,2,3,1,1,4,5,3,1,4,7,1,4,1,3,3,3,1,3,1,0,1,0,0,0,0,0,0,0,0,0,0,0,0,0,0,0,0,0,0,0,0,0,0,0,0,0,0,0,0,0,0,0,0,0,0,0,0,3,3,3,3,32,4,3,3,46,2
666,1,67,69,3,64,64,0,0,0,66,0,23552,23552,1755,1755,0,5021,18531,0,0,0,736,23552,2163,1361,32,1023,10,14,0,1048576,0,0,0,inf,inf,1.08270192,0.986819267,1,0,10,67,2,33,28,5,2112,881,670,670,153,21440,4140,1361,1156,1015,1023,1023,1023,16,0,1023,1,1,0,0,3,5,3,6,4,6,1,2,1,3,0,4,3,2,1,4,1,3,2,3,2,1,3,0,0,0,0,1,0,0,0,0,0,0,0,0,0,0,0,0,0,0,0,0,0,0,0,0,0,0,0,0,0,0,0,0,0,0,0,0,0,7,7,11,11,6,20,10,7,6,7
667,1,69,69,2,64,64,0,0,0,68,0,19072,19072,1970,1970,0,2638,16434,0,0,0,596,19072,1026,561,32,1023,10,14,0,1048576,0,0,0,inf,inf,1.24106503,1.12847829,1,0,10,69,2,43,15,10,2176,958,528,528,14,16896,1680,561,105,1023,1023,1023,1023,32,0,1023,0,3,4,1,2,1,3,2,2,2,2,0,3,4,3,2,4,7,1,4,1,5,3,4,1,3,1,0,0,0,0,0,0,0,0,0,0,0,0,0,0,0,0,0,0,0,0,0,0,0,0,0,0,0,0,0,0,0,0,0,0,0,0,0,0,10,7,6,11,6,7,11,5,4,6
668,1,67,69,3,64,64,0,0,0,66,0,26432,26432,2338,2338,0,5288,21144,0,0,0,826,26432,2188,1330,32,1023,10,14,0,1048576,0,0,0,inf,inf,1.08253598,0.970464587,1,0,10,67,2,28,30,8,2112,746,760,760,144,24320,4542,1330,1030,1021,1023,1023,1023,2,0,1023,2,2,0,0,4,1,7,6,3,6,2,3,2,4,2,5,3,3,2,2,0,4,1,1,0,0,0,1,0,0,0,0,0,0,0,0,0,0,0,0,0,0,0,0,0,0,0,0,0,0,0,0,0,0,0,0,0,0,0,0,0,0,0,0,0,3,11,4,3,2,10,10,3,8,9
669,1,67,69,3,64,64,0,0,0,66,0,15040,15040,1321,1321,0,2299,12741,0,0,0,470,15040,1309,910,32,1023,10,14,0,1048576,0,0,0,inf,inf,1.23151541,1.13499606,1,0,10,67,2,49,13,4,2112,1289,404,404,2,12928,1010,910,55,1015,975,1023,1023,0,0,1023,1,0,1,1,1,2,3,3,1,2,1,1,0,0,4,2,1,3,2,1,1,2,4,2,3,1,3,3,1,2,3,4,7,0,0,0,0,0,0,0,0,0,0,0,0,0,0,0,0,0,0,0,0,0,0,0,0,0,0,0,0,0,0,0,0,4,11,3,40,4,2,5,7,10,5
670,1,69,69,2,64,64,0,0,0,68,0,12928,12928,2532,2532,0,3641,9287,0,0,0,404,12928,1563,842,32,1023,10,14,0,1048576,0,0,0,inf,inf,0.875871241,0.801226139,1,0,10,69,2,43,23,2,2176,1047,336,336,28,10752,2594,842,225,1023,1023,1023,1023,0,0,1023,0,0,1,1,0,2,4,0,1,3,5,2,6,2,2,5,2,7,2,6,3,5,0,1,2,2,0,2,0,1,1,0,0,0,0,0,0,0,0,0,0,0,0,0,0,0,0,0,0,0,0,0,0,0,0,0,0,0,0,0,0,0,0,0,0,6,6,7,10,11,5,7,7,8,9
671,1,68,69,3,64,64,0,0,0,67,0,9376,9376,1396,1396,0,2337,7039,0,0,0,293,9376,1033,800,32,1023,10,14,0,1048576,0,0,0,inf,inf,1.19106412,1.08712339,1,0,10,68,2,57,8,2,2144,1604,226,226,10,7232,733,800,83,1023,735,1023,1023,0,0,1023,0,0,2,0,0,0,0,2,2,1,2,0,1,0,0,1,0,3,1,3,0,2,1,1,2,1,2,6,4,12,7,8,3,0,0,0,0,0,0,0,0,0,0,0,0,0,0,0,0,0,0,0,0,0,0,0,0,0,0,0,0,0,0,0,0,12,12,11,12,15,6,7,18,12,18
672,1,69,69,2,64,64,0,0,0,68,0,2912,2912,949,949,0,2148,764,0,0,0,91,2912,1082,1048,32,1023,10,14,0,1048576,0,0,0,inf,inf,0.838610888,0.760502398,1,0,10,69,2,67,1,0,2176,1967,23,23,15,736,181,1048,116,1023,0,1023,1023,0,0,1023,0,0,0,0,0,0,0,0,0,1,0,0,0,1,0,1,1,0,0,0,0,1,1,5,0,0,2,2,0,4,9,16,24,0,0,0,0,0,0,0,0,0,0,0,0,0,0,0,0,0,0,0,0,0,0,0,0,0,0,0,0,0,0,0,0,7,6,13,11,8,6,6,8,10,8
673,1,69,69,1,64,64,0,1,0,68,0,21344,21344,2444,2444,0,4230,17114,0,0,0,667,21344,1616,975,32,1023,10,14,0,1048576,0,0,0,inf,1.07000697,1.07000697,0.986348271,1,0,10,69,2,37,22,9,2176,912,599,599,92,19168,3318,975,589,1023,1023,1023,1023,0,0,1023,0,1,0,7,1,2,1,5,4,4,3,1,2,4,3,4,2,3,4,1,3,2,0,2,4,3,1,0,0,1,0,0,0,0,0,0,0,0,0,0,0,0,0,0,0,0,0,0,0,0,0,0,0,0,0,0,0,0,0,0,0,0,0,0,0,8,7,5,17,10,9,7,17,9,7
674,1,69,69,1,64,64,0,2,0,68,0,5376,5376,955,955,0,2382,2994,0,0,0,168,5376,1165,1040,32,1023,10,14,0,1048576,0,0,0,inf,0.941801786,0.942334175,0.84355402,1,0,10,69,2,63,4,1,2176,1579,100,100,38,3200,803,1040,166,1023,501,1023,1023,0,0,1023,0,0,0,1,0,0,0,0,1,1,1,0,1,2,0,4,2,0,2,5,1,3,4,4,3,4,2,4,1,8,4,7,3,0,0,0,0,0,0,0,0,0,0,0,0,0,0,0,0,0,0,0,0,0,0,0,0,0,0,0,0,0,0,0,0,11,12,15,5,16,15,15,16,12,7
675,1,66,69,3,64,64,0,0,0,65,0,20768,20768,1498,1498,0,3125,17643,0,0,0,649,20768,1314,889,32,1023,10,14,0,1048576,0,0,0,inf,inf,1.2682569,1.16896009,1,0,10,66,2,40,15,10,2080,1052,584,584,70,18688,2073,889,516,1006,1023,1023,1023,2,0,1023,2,5,1,1,1,3,1,0,2,3,1,3,2,1,0,3,4,1,0,3,0,3,3,2,4,2,1,5,5,2,0,1,0,0,0,0,0,0,0,0,0,0,0,0,0,0,0,0,0,0,0,0,0,0,0,0,0,0,0,0,0,0,0,0,0,25,19,21,14,32,5,22,16,17,20
676,1,66,69,3,64,64,0,0,0,65,0,46112,46112,3720,3720,0,4140,41972,0,0,0,1441,46112,1274,585,32,1023,10,14,0,1048576,0,0,0,inf,inf,1.27097869,1.15991497,1,0,10,66,2,3,22,40,2080,292,1376,1376,29,44032,3848,585,115,1010,1023,1023,1023,128,0,1023,7,9,10,7,7,6,4,4,0,2,2,1,3,0,0,2,0,1,0,0,0,0,0,0,0,0,0,0,0,0,0,0,0,0,0,0,0,0,0,0,0,0,0,0,0,0,0,0,0,0,0,0,0,0,0,0,0,0,0,0,0,0,0,0,0,6,1,13,6,1,2,6,2,3,3
677,1,67,69,3,64,64,0,0,0,66,0,22944,22944,2504,2504,0,4098,18846,0,0,0,717,22944,1603,975,32,1023,10,14,0,1048576,0,0,0,inf,inf,1.18485856,1.09456682,1,0,10,67,2,33,21,12,2112,842,651,651,54,20832,3256,975,437,767,959,1023,1023,0,0,1023,0,4,0,6,2,3,1,5,1,4,2,3,2,2,3,4,1,4,4,1,3,2,0,1,2,2,2,0,1,1,0,0,0,0,0,0,0,0,0,0,0,0,0,0,0,0,0,0,0,0,0,0,0,0,0,0,0,0,0,0,0,0,0,0,0,4,5,5,5,5,3,3,8,31,4
678,1,66,69,3,64,64,0,0,0,65,0,21504,21504,1788,1788,0,2501,19003,0,0,0,672,21504,1160,634,32,1023,10,14,0,1048576,0,0,0,inf,inf,1.31170642,1.19610631,1,0,10,66,2,38,17,10,2080,963,607,607,18,19424,1538,634,109,1022,1023,1023,1023,0,0,1023,4,3,1,2,0,3,2,1,3,1,2,3,2,2,1,3,4,3,0,2,0,5,3,2,1,2,2,3,2,1,1,1,0,0,0,0,0,0,0,0,0,0,0,0,0,0,0,0,0,0,0,0,0,0,0,0,0,0,0,0,0,0,0,0,0,52,2,6,3,6,4,8,1,3,2
679,1,68,69,3,64,64,0,0,0,67,0,26496,26496,2165,2165,0,5359,21137,0,0,0,828,26496,2181,1373,32,1023,10,14,0,1048576,0,0,0,inf,inf,1.10093451,1.019418,1,0,10,68,2,30,28,9,2144,783,761,761,173,24352,4576,1373,1139,1021,1023,1023,1023,769,0,1023,2,1,3,2,1,0,5,6,3,6,2,3,3,4,3,5,2,3,2,3,0,3,0,2,2,1,0,0,0,0,0,0,0,0,0,0,0,0,0,0,0,0,0,0,0,0,0,0,0,0,0,0,0,0,0,0,0,0,0,0,0,0,0,0,0,6,21,6,6,7,5,5,6,9,6
680,0.899999976,66,69,3,64,64,0,0,0,65,0,32064,32064,2857,2857,0,4623,27441,0,0,0,1002,32064,2028,1184,32,1023,10,14,0,1048576,0,0,0,inf,inf,1.17149007,1.03685009,1,0,10,66,2,21,28,16,2080,585,937,937,82,29984,4038,1184,405,757,1023,1021,1021,2,0,1021,3,3,1,4,5,3,5,4,9,3,2,1,1,3,4,4,4,2,2,0,0,0,2,0,0,0,0,0,0,0,0,0,0,0,0,0,0,0,0,0,0,0,0,0,0,0,0,0,0,0,0,0,0,0,0,0,0,0,0,0,0,0,0,0,0,2,4294967295,1,10,2,2,2,2,9,2
681,1,69,69,2,64,64,0,0,0,68,0,4800,4800,1025,1025,0,2548,2252,0,0,0,150,4800,1175,1022,32,1023,10,14,0,1048576,0,0,0,inf,inf,0.96283108,0.851101696,1,0,10,69,2,63,5,0,2176,1693,82,82,39,2624,855,1022,257,1023,405,1023,1023,0,0,1023,0,0,0,0,0,0,0,0,1,1,0,1,2,0,2,2,1,0,0,6,0,2,1,3,3,4,2,6,2,10,6,8,5,0,0,0,0,0,0,0,0,0,0,0,0,0,0,0,0,0,0,0,0,0,0,0,0,0,0,0,0,0,0,0,0,11,5,8,7,12,4,5,4,13,5
682,1,66,69,3,64,64,0,0,0,65,0,26528,26528,1945,1945,0,3656,22872,0,0,0,829,26528,1522,900,32,1023,10,14,0,1048576,0,0,0,inf,inf,1.4075377,1.32412827,1,0,10,66,2,31,21,13,2080,888,764,764,96,24448,2768,900,468,887,1023,1023,1023,288,0,1023,1,1,5,5,1,2,3,2,2,4,3,4,1,2,2,1,1,3,1,3,2,1,2,1,1,0,3,2,1,1,1,0,3,0,0,0,0,0,0,0,0,0,0,0,0,0,0,0,0,0,0,0,0,0,0,0,0,0,0,0,0,0,0,0,0,8,5,4,52,31,22,3,17,6,8
683,1,69,69,1,64,64,0,2,0,68,0,26560,26560,2019,2019,0,5475,21085,0,0,0,830,26560,2421,1476,32,1023,10,14,0,1048576,0,0,0,inf,1.04044664,1.09297633,1.00689089,1,0,10,69,2,29,33,6,2176,825,762,762,180,24384,4650,1476,1194,1022,1023,1023,1023,1,0,1023,1,1,1,0,3,5,3,6,4,8,1,5,1,2,0,4,6,2,1,3,2,2,1,2,0,1,3,0,0,0,0,0,0,0,0,0,0,0,0,0,0,0,0,0,0,0,0,0,0,0,0,0,0,0,0,0,0,0,0,0,0,0,0,0,0,12,17,10,7,11,12,18,16,20,17
684,1,66,69,3,64,64,0,0,0,65,0,27776,27776,2724,2724,0,5643,22133,0,0,0,868,27776,2290,1350,32,1023,10,14,0,1048576,0,0,0,inf,inf,1.09402037,1.01349473,1,0,10,66,2,25,32,8,2080,735,803,803,127,25696,4908,1350,903,959,1023,1023,1023,0,0,1023,0,3,1,2,2,5,4,5,4,3,4,1,6,1,2,2,5,2,2,1,3,4,3,0,0,0,0,0,0,0,0,0,0,0,0,0,0,0,0,0,0,0,0,0,0,0,0,0,0,0,0,0,0,0,0,0,0,0,0,0,0,0,0,0,0,2,5,3,3,3,9,8,6,8,3
685,0.899999976,69,69,2,64,64,0,0,0,68,0,55648,55648,2724,2724,0,4883,50765,0,0,0,1739,55648,1657,1195,32,511,10,14,0,1048576,0,0,0,inf,inf,1.36149704,1.27089548,1,0,10,69,2,4,17,47,2176,260,1671,1671,118,53472,4623,1195,659,226,511,511,511,0,0,511,16,16,8,3,4,1,3,4,1,3,2,0,3,1,1,0,1,0,1,0,0,0,0,0,0,0,0,0,0,0,0,0,0,0,0,0,0,0,0,0,0,0,0,0,0,0,0,0,0,0,0,0,0,0,0,0,0,0,0,0,0,0,0,0,0,9,20,13,13,10,11,9,25,50,4294967295
686,1,65,69,3,64,64,0,0,0,64,0,21312,21312,1998,1998,0,2511,18801,0,0,0,666,21312,919,522,64,1023,10,14,0,1048576,0,0,0,inf,inf,1.17307734,0.959029317,1,0,10,65,2,38,13,13,2048,898,602,602,2,19264,1613,522,31,1023,1023,1023,1023,0,0,1023,3,4,3,1,2,0,1,0,1,1,3,5,2,2,4,3,2,5,1,5,1,2,1,2,3,2,1,3,0,1,0,0,0,0,0,0,0,0,0,0,0,0,0,0,0,0,0,0,0,0,0,0,0,0,0,0,0,0,0,0,0,0,0,0,0,2,1,1,2,2,5,4,4,2,1
687,1,67,69,3,64,64,0,0,0,66,0,46496,46496,3449,3449,0,6454,40042,0,0,0,1453,46496,2307,1529,32,1023,10,14,0,1048576,0,0,0,inf,inf,1.2131027,1.09317327,1,0,10,67,2,8,27,31,2112,426,1387,1387,169,44384,6028,1529,722,992,1023,1023,1023,172,0,1023,6,2,10,6,7,2,6,3,5,5,2,3,1,1,1,0,0,1,3,0,0,1,1,0,0,0,0,0,0,0,0,0,0,0,0,0,0,0,0,0,0,0,0,0,0,0,0,0,0,0,0,0,0,0,0,0,0,0,0,0,0,0,0,0,0,6,7,45,33,8,11,6,6,5,5
688,0.899999976,67,69,3,64,64,0,0,0,66,0,28864,28864,2856,2856,0,4514,24350,0,0,0,902,28864,1811,1016,32,1019,10,14,0,1048576,0,0,0,inf,inf,1.14995015,1.07876861,1,0,10,67,2,24,27,15,2112,741,836,836,62,26752,3773,1016,478,1003,1019,1019,1019,0,0,1019,0,4,2,7,2,3,3,7,1,4,2,3,4,1,1,4,0,1,5,1,2,1,0,1,1,3,2,0,0,1,0,0,0,0,0,0,0,0,0,0,0,0,0,0,0,0,0,0,0,0,0,0,0,0,0,0,0,0,0,0,0,0,0,0,0,3,4,4294967295,4,3,4,8,6,4,4
689,0.899999976,67,69,3,64,64,0,0,0,66,0,12064,12064,1246,1246,0,2331,9733,0,0,0,377,12064,1308,909,32,1022,10,14,0,1048576,0,0,0,inf,inf,1.2651608,1.192819,1,0,10,67,2,52,13,1,2112,1397,311,311,16,9952,934,909,136,1022,1006,1022,1022,0,0,1022,0,0,0,0,1,3,2,3,0,2,1,1,1,0,4,2,1,2,1,1,0,3,2,2,3,3,3,5,2,3,6,3,6,0,0,0,0,0,0,0,0,0,0,0,0,0,0,0,0,0,0,0,0,0,0,0,0,0,0,0,0,0,0,0,0,4294967295,7,8,7,7,5,6,8,10,6
690,0.899999976,66,69,3,64,64,0,0,0,65,0,7552,7552,1148,1148,0,1859,5693,0,0,0,236,7552,910,717,32,991,10,14,0,1048576,0,0,0,inf,inf,1.19762135,1.1404618,1,0,10,66,2,58,6,1,2080,1468,171,171,0,5472,391,717,0,991,908,991,991,0,0,991,0,1,0,0,0,1,1,1,1,0,2,0,0,2,3,0,1,1,2,2,2,5,5,0,4,4,2,5,2,3,6,3,6,0,0,0,0,0,0,0,0,0,0,0,0,0,0,0,0,0,0,0,0,0,0,0,0,0,0,0,0,0,0,0,0,5,3,2,3,17,4294967295,4,27,4,12
691,1,69,69,2,64,64,0,0,0,68,0,22912,22912,2023,2023,0,5357,17555,0,0,0,716,22912,2309,1364,32,1023,10,14,0,1048576,0,0,0,inf,inf,1.00029719,0.918480694,1,0,10,69,2,33,33,2,2176,923,648,648,183,20736,4434,1364,1200,1015,1023,1023,1023,0,0,1023,0,1,0,0,1,2,6,4,4,9,0,7,1,2,2,6,3,2,2,3,0,4,1,0,0,2,1,2,1,1,1,0,0,0,0,0,0,0,0,0,0,0,0,0,0,0,0,0,0,0,0,0,0,0,0,0,0,0,0,0,0,0,0,0,0,10,10,10,14,9,14,20,8,4,10
692,1,67,69,3,64,64,0,0,0,66,0,55552,55552,2994,2994,0,4807,50745,0,0,0,1736,55552,1735,1195,32,1023,10,14,0,1048576,0,0,0,inf,inf,1.27138758,1.13215971,1,0,10,67,2,0,19,47,2112,215,1670,1670,81,53440,4592,1195,390,291,1023,1023,1023,256,0,1023,12,14,10,3,8,3,4,4,3,2,2,1,0,0,0,0,0,0,0,0,0,0,0,0,0,0,0,0,0,0,0,0,0,0,0,0,0,0,0,0,0,0,0,0,0,0,0,0,0,0,0,0,0,0,0,0,0,0,0,0,0,0,0,0,0,11,5,6,13,12,28,16,48,12,16
693,0.899999976,68,69,3,64,64,0,0,0,67,0,29792,29792,2195,2195,0,3738,26054,0,0,0,931,29792,1668,1104,32,991,10,14,0,1048576,0,0,0,inf,inf,1.28650427,1.17199612,1,0,10,68,2,26,19,22,2144,736,864,864,58,27648,3002,1104,376,990,991,991,991,0,0,991,3,5,2,9,3,3,4,2,0,1,2,3,4,2,2,2,0,1,4,1,4,0,2,2,1,1,1,0,1,0,2,0,0,0,0,0,0,0,0,0,0,0,0,0,0,0,0,0,0,0,0,0,0,0,0,0,0,0,0,0,0,0,0,0,0,17,14,6,4,4,4294967295,5,5,4,7
694,0.899999976,68,69,3,64,64,0,0,0,67,0,30528,30528,2185,2185,0,3975,26553,0,0,0,954,30528,1699,1121,32,1021,10,14,0,1048576,0,0,0,inf,inf,1.30117607,1.20116031,1,0,10,68,2,26,20,21,2144,728,887,887,69,28384,3247,1121,489,1020,1021,1021,1021,0,0,1021,5,5,2,6,3,1,4,2,1,1,2,3,6,2,2,3,0,2,4,1,2,0,3,3,1,1,1,0,0,0,1,0,0,0,0,0,0,0,0,0,0,0,0,0,0,0,0,0,0,0,0,0,0,0,0,0,0,0,0,0,0,0,0,0,0,9,4294967295,5,5,14,12,6,11,6,31
695,1,68,69,3,64,64,0,0,0,67,0,2880,2880,811,811,0,2092,788,0,0,0,90,2880,1162,1128,32,1023,10,14,0,1048576,0,0,0,inf,inf,0.846393228,0.780226588,1,0,10,68,2,66,1,0,2144,1911,23,23,15,736,181,1128,116,1023,0,1023,1023,0,0,1023,0,0,0,0,0,0,0,0,0,1,0,0,0,1,0,1,1,0,0,0,0,0,2,5,0,1,3,3,2,5,9,12,21,0,0,0,0,0,0,0,0,0,0,0,0,0,0,0,0,0,0,0,0,0,0,0,0,0,0,0,0,0,0,0,0,7,6,12,8,10,3,9,7,8,10
696,1,67,69,3,64,64,0,0,0,66,0,22784,22784,2490,2490,0,4752,18032,0,0,0,712,22784,2028,1214,32,1023,10,14,0,1048576,0,0,0,inf,inf,1.09017313,1.00325823,1,0,10,67,2,33,28,5,2112,842,646,646,94,20672,3910,1214,673,767,1023,1023,1023,512,0,1023,0,1,1,2,1,4,3,2,5,3,4,2,5,4,4,4,3,1,1,2,5,3,5,0,0,0,1,0,0,0,0,0,0,0,0,0,0,0,0,0,0,0,0,0,0,0,0,0,0,0,0,0,0,0,0,0,0,0,0,0,0,0,0,0,0,2,5,4,6,7,3,11,10,3,3
697,1,69,69,2,64,64,0,0,0,68,0,19232,19232,2303,2303,0,3840,15392,0,0,0,601,19232,1512,963,32,1023,10,14,0,1048576,0,0,0,inf,inf,1.10132384,1.001091,1,0,10,69,2,41,18,9,2176,969,533,533,50,17056,2871,963,363,1023,1023,1023,1023,0,0,1023,0,3,0,6,0,2,1,6,2,3,2,1,1,4,2,5,1,1,6,2,3,4,1,2,2,4,1,2,0,0,1,0,0,0,0,0,0,0,0,0,0,0,0,0,0,0,0,0,0,0,0,0,0,0,0,0,0,0,0,0,0,0,0,0,0,8,9,8,7,7,7,9,12,9,10
698,0.899999976,68,69,3,64,64,0,0,0,67,0,25952,25952,1819,1819,0,3376,22576,0,0,0,811,25952,1545,1079,32,511,10,14,0,1048576,0,0,0,inf,inf,1.26690364,1.19943643,1,0,10,68,2,35,17,15,2144,982,744,744,48,23808,2394,1079,297,119,479,511,511,0,0,511,2,3,4,5,1,0,4,1,0,2,3,2,5,1,2,3,3,0,1,1,1,1,1,1,4,3,4,2,3,1,1,2,0,0,0,0,0,0,0,0,0,0,0,0,0,0,0,0,0,0,0,0,0,0,0,0,0,0,0,0,0,0,0,0,0,4,3,15,15,14,31,4,4,66,4294967295
699,1,68,69,3,64,64,0,0,0,67,0,26944,26944,2096,2096,0,5681,21263,0,0,0,842,26944,2390,1437,32,1023,10,14,0,1048576,0,0,0,inf,inf,1.07394695,0.987393379,1,0,10,68,2,28,34,5,2144,821,775,775,173,24800,4860,1437,1273,1022,1023,1023,1023,0,0,1023,0,1,0,2,2,4,4,4,4,7,2,6,3,2,0,5,5,2,2,2,1,3,1,1,1,2,1,0,0,0,0,0,0,0,0,0,0,0,0,0,0,0,0,0,0,0,0,0,0,0,0,0,0,0,0,0,0,0,0,0,0,0,0,0,0,38,9,16,8,14,9,17,5,10,15
700,1,67,69,3,64,64,0,0,0,66,0,4544,4544,1072,1072,0,2226,2318,0,0,0,142,4544,1006,881,32,1023,10,14,0,1048576,0,0,0,inf,inf,0.993096173,0.888234854,1,0,10,67,2,62,4,0,2112,1563,76,76,19,2432,663,881,184,1023,989,1023,1023,0,0,1023,0,0,0,0,0,0,0,0,1,1,0,1,1,0,1,4,3,1,1,4,1,2,2,5,3,4,2,7,3,8,3,6,2,0,0,0,0,0,0,0,0,0,0,0,0,0,0,0,0,0,0,0,0,0,0,0,0,0,0,0,0,0,0,0,0,6,7,7,5,6,9,4,7,3,7
701,0.899999976,67,69,3,64,64,0,0,0,66,0,53568,53568,2658,2658,0,4844,48724,0,0,0,1674,53568,1598,1182,32,895,10,14,0,1048576,0,0,0,inf,inf,1.36171246,1.25268459,1,0,10,67,2,4,15,47,2112,247,1608,1608,128,51456,4597,1182,555,270,895,895,895,512,0,895,14,15,7,3,8,1,4,2,2,3,2,0,1,1,2,0,0,0,1,0,0,0,0,0,0,0,0,0,0,0,0,0,0,0,0,0,0,0,0,0,0,0,0,0,0,0,0,0,0,0,0,0,0,0,0,0,0,0,0,0,0,0,0,0,0,8,11,17,7,6,8,9,4294967295,4,5
702,1,69,69,2,64,64,0,0,0,68,0,26592,26592,2604,2604,0,4184,22408,0,0,0,831,26592,1796,1107,32,1023,10,14,0,1048576,0,0,0,inf,inf,1.16680276,1.04407382,1,0,10,69,2,32,23,13,2176,831,763,763,43,24416,3353,1107,317,1023,1023,1023,1023,0,0,1023,0,4,1,5,3,5,1,6,2,4,2,2,1,4,2,3,0,1,5,1,4,3,0,1,2,4,1,0,1,0,0,0,0,0,0,0,0,0,0,0,0,0,0,0,0,0,0,0,0,0,0,0,0,0,0,0,0,0,0,0,0,0,0,0,0,8,9,9,8,8,7,26,11,8,27
703,1,67,69,3,64,64,0,0,0,66,0,23808,23808,1611,1611,0,4686,19122,0,0,0,744,23808,2116,1361,32,1023,10,14,0,1048576,0,0,0,inf,inf,1.1157645,0.990679026,1,0,10,67,2,33,27,6,2112,899,678,678,157,21696,3787,1361,1135,1015,1023,1023,1023,147,0,1023,1,1,1,2,1,1,6,5,3,6,1,3,2,2,0,3,4,1,3,3,2,1,3,2,3,2,2,1,1,0,0,0,0,0,0,0,0,0,0,0,0,0,0,0,0,0,0,0,0,0,0,0,0,0,0,0,0,0,0,0,0,0,0,0,0,16,13,13,48,10,2,4,10,3,3
704,1,69,69,2,64,64,0,0,0,68,0,16928,16928,1897,1897,0,3641,13287,0,0,0,529,16928,1599,1043,32,1023,10,14,0,1048576,0,0,0,inf,inf,1.03047848,0.938398778,1,0,10,69,2,44,19,5,2176,1122,461,461,67,14752,2519,1043,474,1023,1023,1023,1023,0,0,1023,2,2,0,0,1,0,4,2,2,3,2,4,2,4,2,2,0,3,4,2,6,1,2,3,1,3,1,0,2,3,2,2,1,0,0,0,0,0,0,0,0,0,0,0,0,0,0,0,0,0,0,0,0,0,0,0,0,0,0,0,0,0,0,0,0,6,4,5,34,35,4,35,5,5,37
705,0.899999976,69,69,2,64,64,0,0,0,68,0,24768,24768,1936,1936,0,4959,19809,0,0,0,774,24768,2182,1409,32,1023,10,14,0,1048576,0,0,0,inf,inf,1.18716311,1.08147228,1,0,10,69,2,33,27,8,2176,887,706,706,144,22592,4072,1409,1098,891,1023,895,895,128,0,895,1,2,1,1,3,3,3,6,4,5,1,3,2,1,0,5,3,2,5,3,1,1,3,2,2,2,1,1,1,0,0,0,0,0,0,0,0,0,0,0,0,0,0,0,0,0,0,0,0,0,0,0,0,0,0,0,0,0,0,0,0,0,0,0,0,4,15,21,14,14,16,13,4294967295,6,23
706,0.899999976,66,69,3,64,64,0,0,0,65,0,27616,27616,2672,2672,0,4319,23297,0,0,0,863,27616,1688,1024,32,1023,10,14,0,1048576,0,0,0,inf,inf,1.2371031,1.14423609,1,0,10,66,2,27,23,15,2080,758,798,798,48,25536,3561,1024,392,767,1023,767,767,256,0,767,1,6,1,5,2,3,1,4,2,2,3,3,5,1,4,2,1,2,3,1,4,1,0,0,4,3,0,1,0,0,0,0,0,0,0,0,0,0,0,0,0,0,0,0,0,0,0,0,0,0,0,0,0,0,0,0,0,0,0,0,0,0,0,0,0,3,4,4,4,4,2,2,4,4294967295,1
707,1,66,69,3,64,64,0,0,0,65,0,26432,26432,2540,2540,0,4277,22155,0,0,0,826,26432,1701,1000,32,1023,10,14,0,1048576,0,0,0,inf,inf,1.15953684,1.07123518,1,0,10,66,2,28,24,13,2080,743,761,761,75,24352,3534,1000,496,991,1023,1023,1023,0,0,1023,0,3,1,7,2,4,1,6,2,2,5,1,3,4,3,3,3,2,2,1,2,1,0,1,1,4,1,0,0,0,0,0,0,0,0,0,0,0,0,0,0,0,0,0,0,0,0,0,0,0,0,0,0,0,0,0,0,0,0,0,0,0,0,0,0,3,11,3,4,3,8,3,3,3,2
708,1,66,69,3,64,64,0,0,0,65,0,24640,24640,2637,2637,0,4976,19664,0,0,0,770,24640,2068,1243,32,1023,10,14,0,1048576,0,0,0,inf,inf,1.15055478,1.04931211,1,0,10,66,2,29,28,8,2080,769,705,705,95,22560,4207,1243,703,1007,895,1023,1023,0,0,1023,1,1,0,3,3,4,4,3,3,3,3,3,5,2,6,2,4,4,1,0,2,4,2,0,1,0,1,0,0,0,0,0,0,0,0,0,0,0,0,0,0,0,0,0,0,0,0,0,0,0,0,0,0,0,0,0,0,0,0,0,0,0,0,0,0,3,3,7,2,16,4,3,59,4,3
709,1,69,69,1,64,64,0,1,0,68,0,3520,3520,957,957,0,2211,1309,0,0,0,110,3520,1036,976,32,1023,10,14,0,1048576,0,0,0,inf,0.922191024,0.922191024,0.844693184,1,0,10,69,2,66,2,0,2176,1792,42,42,18,1344,419,976,168,1023,282,1023,1023,0,0,1023,0,0,0,0,0,0,0,0,0,0,1,0,1,0,1,2,0,0,0,3,0,3,1,4,2,7,2,5,4,13,2,11,6,0,0,0,0,0,0,0,0,0,0,0,0,0,0,0,0,0,0,0,0,0,0,0,0,0,0,0,0,0,0,0,0,12,9,9,9,11,59,6,8,10,10
710,1,67,69,3,64,64,0,0,0,66,0,9664,9664,1522,1522,0,2396,7268,0,0,0,302,9664,979,769,32,1023,10,14,0,1048576,0,0,0,inf,inf,1.12864149,1.01128256,1,0,10,67,2,56,7,3,2112,1581,236,236,11,7552,815,769,61,1023,119,1023,1023,16,0,1023,0,0,2,0,1,0,0,2,1,1,2,0,1,0,0,1,0,2,3,3,0,1,1,1,1,1,1,5,7,7,12,5,5,0,0,0,0,0,0,0,0,0,0,0,0,0,0,0,0,0,0,0,0,0,0,0,0,0,0,0,0,0,0,0,0,7,6,7,3,26,3,7,8,3,2
711,0.899999976,67,69,3,64,64,0,0,0,66,0,4800,4800,809,809,0,2217,2583,0,0,0,150,4800,1169,1050,32,991,10,14,0,1048576,0,0,0,inf,inf,0.925920308,0.836910069,1,0,10,67,2,62,4,0,2112,1592,84,84,36,2688,625,1050,246,991,602,991,991,0,0,991,0,0,0,0,0,0,0,0,0,1,2,1,0,1,1,3,2,1,2,4,1,1,1,6,2,3,2,3,8,6,7,2,6,0,0,0,0,0,0,0,0,0,0,0,0,0,0,0,0,0,0,0,0,0,0,0,0,0,0,0,0,0,0,0,0,4,4,11,2,3,4294967295,5,19,14,5
712,1,67,69,3,64,64,0,0,0,66,0,6336,6336,1125,1125,0,2765,3571,0,0,0,198,6336,1319,1135,32,1023,10,14,0,1048576,0,0,0,inf,inf,0.952861786,0.86483556,1,0,10,67,2,59,6,1,2112,1654,132,132,49,4224,1111,1135,294,1023,190,1023,1023,0,0,1023,0,0,0,1,0,0,0,0,1,2,1,0,2,0,0,3,3,0,1,3,1,0,1,3,1,3,1,3,2,4,7,12,11,0,0,0,0,0,0,0,0,0,0,0,0,0,0,0,0,0,0,0,0,0,0,0,0,0,0,0,0,0,0,0,0,17,4,3,3,2,3,14,31,13,3
713,1,69,69,2,64,64,0,0,0,68,0,28000,28000,2229,2229,0,5169,22831,0,0,0,875,28000,2181,1354,32,1023,10,14,0,1048576,0,0,0,inf,inf,1.04251313,0.928831458,1,0,10,69,2,29,29,10,2176,801,807,807,146,25824,4368,1354,1090,991,1023,1023,1023,86,0,1023,0,3,2,2,3,2,4,6,3,6,2,4,2,4,1,4,3,1,4,2,0,4,0,2,0,2,1,1,0,0,0,0,0,0,0,0,0,0,0,0,0,0,0,0,0,0,0,0,0,0,0,0,0,0,0,0,0,0,0,0,0,0,0,0,0,13,19,19,3,19,14,29,18,20,17
714,1,66,69,3,64,64,0,0,0,65,0,16128,16128,2208,2208,0,3642,12486,0,0,0,504,16128,1327,861,32,1023,10,14,0,1048576,0,0,0,inf,inf,1.0535481,0.942044616,1,0,10,66,2,41,16,8,2080,1004,439,439,53,14048,2638,861,434,1023,1023,1023,1023,386,0,1023,0,1,0,6,1,0,0,4,2,3,3,1,3,2,3,3,2,2,5,2,2,3,0,4,5,3,2,1,1,1,0,0,0,0,0,0,0,0,0,0,0,0,0,0,0,0,0,0,0,0,0,0,0,0,0,0,0,0,0,0,0,0,0,0,0,2,3,6,2,3,2,2,4,7,5
715,1,69,69,2,64,64,0,0,0,68,0,14848,14848,2195,2195,0,3434,11414,0,0,0,464,14848,1327,871,32,1023,10,14,0,1048576,0,0,0,inf,inf,1.08193398,0.960355341,1,0,10,69,2,46,15,7,2176,1067,396,396,31,12672,2367,871,284,1023,1023,1023,1023,0,0,1023,0,1,0,6,0,1,0,4,2,3,3,1,1,3,3,3,1,2,8,2,4,4,0,3,4,6,1,1,0,1,0,0,0,0,0,0,0,0,0,0,0,0,0,0,0,0,0,0,0,0,0,0,0,0,0,0,0,0,0,0,0,0,0,0,0,10,9,8,8,10,7,8,8,8,9
716,1,68,69,3,64,64,0,0,0,67,0,50944,50944,3384,3384,0,6909,44035,0,0,0,1592,50944,2456,1653,32,1023,10,14,0,1048576,0,0,0,inf,inf,1.1418581,1.02813363,1,0,10,68,2,4,28,35,2144,352,1525,1525,210,48800,6557,1653,951,952,1023,1023,1023,84,0,1023,5,7,7,9,7,2,8,4,6,2,2,3,1,1,2,0,0,0,1,0,0,0,0,0,0,0,0,0,0,0,0,0,0,0,0,0,0,0,0,0,0,0,0,0,0,0,0,0,0,0,0,0,0,0,0,0,0,0,0,0,0,0,0,0,0,17,11,11,8,7,18,27,15,22,15
717,0.600000024,67,69,3,64,64,0,0,0,66,0,7424,7424,976,976,0,2378,5046,0,0,0,232,7424,1095,917,32,571,10,14,0,1048576,0,0,0,inf,inf,1.35461676,1.29122591,1,0,10,67,2,59,6,1,2112,1456,166,166,44,5312,922,917,238,571,41,571,571,0,0,571,0,1,0,0,0,0,0,2,1,1,2,0,0,1,0,5,2,4,1,1,3,1,3,1,6,7,4,4,5,2,1,6,2,0,0,0,0,0,0,0,0,0,0,0,0,0,0,0,0,0,0,0,0,0,0,0,0,0,0,0,0,0,0,0,0,15,16,4294967295,4,21,14,4294967295,4294967295,4294967295,16
718,1,69,69,1,64,64,0,2,0,68,0,22016,22016,2007,2007,0,4531,17485,0,0,0,688,22016,1939,1223,32,1023,10,14,0,1048576,0,0,0,inf,1.00537801,1.04805708,0.930336475,1,0,10,69,2,38,25,5,2176,925,620,620,140,19840,3606,1223,809,923,1023,1023,1023,0,0,1023,1,1,1,1,1,2,6,4,3,4,2,2,2,5,2,5,4,2,2,2,1,4,4,2,0,2,0,1,0,0,2,0,0,0,0,0,0,0,0,0,0,0,0,0,0,0,0,0,0,0,0,0,0,0,0,0,0,0,0,0,0,0,0,0,0,3,4,38,3,3,10,21,2,4,9
719,0.699999988,68,69,3,64,64,0,0,0,67,0,8960,8960,1063,1063,0,2093,6867,0,0,0,280,8960,1235,1017,32,862,10,14,0,1048576,0,0,0,inf,inf,1.24470496,1.18092084,1,0,10,68,2,58,7,2,2144,1611,213,213,1,6816,482,1017,17,862,80,862,862,0,0,862,0,0,1,0,1,1,0,3,0,1,1,0,1,0,3,1,0,3,2,1,0,2,1,1,3,1,2,5,3,3,7,7,13,0,0,0,0,0,0,0,0,0,0,0,0,0,0,0,0,0,0,0,0,0,0,0,0,0,0,0,0,0,0,0,0,4294967295,8,6,53,14,4294967295,25,4294967295,6,9
720,1,67,69,3,64,64,0,0,0,66,0,23200,23200,2154,2154,0,4773,18427,0,0,0,725,23200,2101,1235,32,1023,10,14,0,1048576,0,0,0,inf,inf,1.06706524,0.962502956,1,0,10,67,2,31,30,5,2112,819,659,659,122,21088,3954,1235,944,1015,1023,1023,1023,128,0,1023,0,1,1,1,2,2,6,4,3,6,2,5,2,3,2,6,4,2,2,2,1,4,1,1,1,1,0,1,0,0,0,0,0,0,0,0,0,0,0,0,0,0,0,0,0,0,0,0,0,0,0,0,0,0,0,0,0,0,0,0,0,0,0,0,0,3,4,3,42,2,34,3,3,19,4
721,1,69,69,2,64,64,0,0,0,68,0,19136,19136,1682,1682,0,4508,14628,0,0,0,598,19136,1932,1184,32,1023,10,14,0,1048576,0,0,0,inf,inf,0.991664708,0.908614993,1,0,10,69,2,39,26,3,2176,1012,530,530,165,16960,3496,1184,1000,1019,991,1023,1023,0,0,1023,0,1,0,1,1,1,4,4,4,7,1,5,0,3,2,6,3,2,2,3,0,3,1,1,2,3,2,1,2,1,2,0,0,0,0,0,0,0,0,0,0,0,0,0,0,0,0,0,0,0,0,0,0,0,0,0,0,0,0,0,0,0,0,0,0,12,11,17,9,11,7,48,8,7,12
722,1,67,69,3,64,64,0,0,0,66,0,4640,4640,971,971,0,2431,2209,0,0,0,145,4640,1044,922,32,1023,10,14,0,1048576,0,0,0,inf,inf,0.930941224,0.848449469,1,0,10,67,2,62,4,0,2112,1619,79,79,40,2528,812,922,312,1023,565,1023,1023,0,0,1023,0,0,0,0,0,0,0,0,1,1,0,1,1,1,0,3,1,0,1,5,2,2,1,4,2,6,2,4,4,8,5,8,3,0,0,0,0,0,0,0,0,0,0,0,0,0,0,0,0,0,0,0,0,0,0,0,0,0,0,0,0,0,0,0,0,7,11,10,12,6,14,8,13,8,7
723,1,66,69,3,64,64,0,0,0,65,0,26592,26592,1962,1962,0,3166,23426,0,0,0,831,26592,1232,813,32,1023,10,14,0,1048576,0,0,0,inf,inf,1.33209968,1.21480894,1,0,10,66,2,32,14,19,2080,915,766,766,46,24512,2251,813,274,1023,1023,1023,1023,128,0,1023,1,2,8,6,2,2,2,2,0,2,2,3,1,1,1,1,2,2,1,1,2,2,2,1,1,2,2,0,3,1,1,3,3,0,0,0,0,0,0,0,0,0,0,0,0,0,0,0,0,0,0,0,0,0,0,0,0,0,0,0,0,0,0,0,0,2,1,6,6,37,13,9,20,6,2
724,1,68,69,3,64,64,0,0,0,67,0,3264,3264,895,895,0,2127,1137,0,0,0,102,3264,1174,1105,32,1023,10,14,0,1048576,0,0,0,inf,inf,0.960530937,0.884114861,1,0,10,68,2,65,2,0,2144,1777,35,35,8,1120,350,1105,44,1023,138,1023,1023,0,0,1023,0,0,0,0,0,0,0,0,1,0,0,0,1,0,0,2,0,0,0,5,1,1,2,4,2,5,2,6,2,9,3,11,10,0,0,0,0,0,0,0,0,0,0,0,0,0,0,0,0,0,0,0,0,0,0,0,0,0,0,0,0,0,0,0,0,8,4,9,6,10,35,22,17,7,10
725,1,66,69,3,64,64,0,0,0,65,0,16960,16960,1999,1999,0,2761,14199,0,0,0,530,16960,985,495,32,1023,10,14,0,1048576,0,0,0,inf,inf,1.28810763,1.19411755,1,0,10,66,2,43,16,6,2080,977,465,465,18,14880,1784,495,223,1023,1023,1023,1023,0,0,1023,1,0,3,1,1,0,4,1,2,2,0,2,5,5,2,2,4,7,1,4,1,2,4,4,2,3,2,0,0,0,0,0,0,0,0,0,0,0,0,0,0,0,0,0,0,0,0,0,0,0,0,0,0,0,0,0,0,0,0,0,0,0,0,0,0,2,3,1,8,3,1,2,5,5,1
726,1,66,69,3,64,64,0,0,0,65,0,22304,22304,2196,2196,0,3426,18878,0,0,0,697,22304,1324,798,32,1023,10,14,0,1048576,0,0,0,inf,inf,1.04880893,0.931155741,1,0,10,66,2,37,18,10,2080,940,632,632,46,20224,2486,798,296,1023,1015,1023,1023,257,0,1023,1,5,0,3,1,2,1,3,3,1,2,2,4,2,2,3,1,2,3,4,1,4,1,2,2,4,1,3,2,0,0,0,0,0,0,0,0,0,0,0,0,0,0,0,0,0,0,0,0,0,0,0,0,0,0,0,0,0,0,0,0,0,0,0,0,20,2,2,5,4,17,15,4,21,5
727,1,68,69,3,64,64,0,0,0,67,0,10272,10272,1541,1541,0,2321,7951,0,0,0,321,10272,996,752,32,1023,10,14,0,1048576,0,0,0,inf,inf,1.06427789,0.947969913,1,0,10,68,2,56,8,3,2144,1551,254,254,0,8128,770,752,23,1023,1022,1023,1023,0,0,1023,1,0,0,1,1,0,1,3,0,1,2,0,1,0,1,1,0,2,2,1,0,2,3,2,5,3,0,1,5,10,8,8,2,0,0,0,0,0,0,0,0,0,0,0,0,0,0,0,0,0,0,0,0,0,0,0,0,0,0,0,0,0,0,0,0,6,27,7,28,5,7,4,7,10,7
728,1,68,69,3,64,64,0,0,0,67,0,33568,33568,2233,2233,0,3544,30024,0,0,0,1049,33568,1315,802,32,1023,10,14,0,1048576,0,0,0,inf,inf,1.31195176,1.21167231,1,0,10,68,2,26,17,24,2144,800,982,982,65,31424,2744,802,365,1023,1023,1023,1023,64,0,1023,4,4,8,6,2,2,3,2,0,3,2,4,1,0,2,1,1,1,1,1,2,2,1,2,0,1,3,1,0,1,2,1,3,0,0,0,0,0,0,0,0,0,0,0,0,0,0,0,0,0,0,0,0,0,0,0,0,0,0,0,0,0,0,0,0,12,4,9,9,6,9,9,4,10,6
729,1,66,69,3,64,64,0,0,0,65,0,26912,26912,2195,2195,0,2928,23984,0,0,0,841,26912,1371,764,32,1023,10,14,0,1048576,0,0,0,inf,inf,1.29734123,1.13665855,1,0,10,66,2,29,20,16,2080,909,776,776,14,24832,2019,764,64,1023,1023,1023,1023,0,0,1023,3,1,7,4,1,3,3,2,1,3,2,4,2,1,1,0,1,2,1,2,1,1,1,1,1,0,2,3,2,2,1,4,2,0,0,0,0,0,0,0,0,0,0,0,0,0,0,0,0,0,0,0,0,0,0,0,0,0,0,0,0,0,0,0,0,2,3,2,4,3,3,7,4,3,2
730,0.899999976,67,69,3,64,64,0,0,0,66,0,31584,31584,2062,2062,0,4045,27539,0,0,0,987,31584,1853,1230,32,991,10,14,0,1048576,0,0,0,inf,inf,1.3271929,1.19475245,1,0,10,67,2,25,21,20,2112,722,921,921,63,29472,3323,1230,465,926,991,991,991,128,0,991,5,7,2,5,1,3,3,4,1,1,3,2,4,1,1,1,3,2,2,1,2,1,2,3,1,2,0,1,0,0,2,0,0,0,0,0,0,0,0,0,0,0,0,0,0,0,0,0,0,0,0,0,0,0,0,0,0,0,0,0,0,0,0,0,0,9,4,6,4,4,4294967295,47,5,2,4
731,1,68,69,3,64,64,0,0,0,67,0,4000,4000,985,985,0,2226,1774,0,0,0,125,4000,1052,959,32,1023,10,14,0,1048576,0,0,0,inf,inf,0.919264972,0.838471174,1,0,10,68,2,64,3,0,2144,1695,58,58,19,1856,531,959,158,1023,485,1023,1023,0,0,1023,0,0,0,0,0,0,0,0,1,1,0,0,1,0,0,3,2,0,1,5,1,2,1,4,2,5,1,4,3,10,5,11,4,0,0,0,0,0,0,0,0,0,0,0,0,0,0,0,0,0,0,0,0,0,0,0,0,0,0,0,0,0,0,0,0,7,8,7,22,8,12,9,6,7,21
732,1,68,69,3,64,64,0,0,0,67,0,14592,14592,1399,1399,0,3310,11282,0,0,0,456,14592,1300,1010,32,1023,10,14,0,1048576,0,0,0,inf,inf,1.02468491,0.922136307,1,0,10,68,2,50,10,7,2144,1187,389,389,117,12448,2123,1010,476,1023,1023,1023,1023,128,0,1023,0,0,1,2,4,1,1,2,0,3,0,1,2,1,4,3,2,3,3,5,4,3,4,1,2,2,2,1,2,1,3,4,0,0,0,0,0,0,0,0,0,0,0,0,0,0,0,0,0,0,0,0,0,0,0,0,0,0,0,0,0,0,0,0,0,11,15,4,16,12,10,7,30,15,8
733,0.899999976,65,69,3,64,64,0,0,0,64,0,19680,19680,1660,1660,0,2608,17072,0,0,0,615,19680,1041,700,32,767,10,14,0,1048576,0,0,0,inf,inf,1.27828252,1.1886189,1,0,10,65,2,42,11,11,2048,1090,551,551,24,17632,1518,700,170,637,255,767,767,0,0,767,2,5,1,1,2,3,2,1,1,0,2,1,1,1,0,3,1,3,1,2,0,2,3,1,4,4,4,2,5,2,1,3,0,0,0,0,0,0,0,0,0,0,0,0,0,0,0,0,0,0,0,0,0,0,0,0,0,0,0,0,0,0,0,0,0,2,30,3,5,1,4,2,4,4294967295,5
734,1,66,69,3,64,64,0,0,0,65,0,29152,29152,2692,2692,0,5614,23538,0,0,0,911,29152,2234,1289,32,1023,10,14,0,1048576,0,0,0,inf,inf,1.08995664,1.00838709,1,0,10,66,2,23,33,9,2080,689,846,846,158,27072,4925,1289,1082,511,1023,1023,1023,32,0,1023,0,1,1,3,4,2,8,5,6,1,2,3,6,3,4,4,3,1,0,1,1,5,1,0,0,0,0,0,0,0,0,0,0,0,0,0,0,0,0,0,0,0,0,0,0,0,0,0,0,0,0,0,0,0,0,0,0,0,0,0,0,0,0,0,0,7,10,10,13,2,10,7,7,4,4
735,1,66,69,3,64,64,0,0,0,65,0,22400,22400,1707,1707,0,2665,19735,0,0,0,700,22400,1160,672,32,1023,10,14,0,1048576,0,0,0,inf,inf,1.25466776,1.14105761,1,0,10,66,2,38,16,11,2080,950,635,635,37,20320,1715,672,204,879,1023,1023,1023,512,0,1023,3,5,0,2,1,4,2,1,2,1,2,2,2,2,0,3,4,4,1,2,1,5,1,1,3,2,1,3,2,1,0,2,0,0,0,0,0,0,0,0,0,0,0,0,0,0,0,0,0,0,0,0,0,0,0,0,0,0,0,0,0,0,0,0,0,2,3,2,8,3,5,1,23,3,21
736,1,68,69,3,64,64,0,0,0,67,0,29536,29536,2396,2396,0,5333,24203,0,0,0,923,29536,2375,1452,32,1023,10,14,0,1048576,0,0,0,inf,inf,1.06849766,0.952297568,1,0,10,68,2,24,32,11,2144,705,856,856,159,27392,4628,1452,912,1023,1023,1023,1023,0,0,1023,1,3,2,2,3,5,3,6,4,7,2,4,1,3,0,5,4,2,1,2,1,2,2,0,0,2,0,0,0,0,0,0,0,0,0,0,0,0,0,0,0,0,0,0,0,0,0,0,0,0,0,0,0,0,0,0,0,0,0,0,0,0,0,0,0,14,12,14,14,13,12,13,3,13,12
737,1,67,69,3,64,64,0,0,0,66,0,4640,4640,926,926,0,2370,2270,0,0,0,145,4640,1168,1050,32,1023,10,14,0,1048576,0,0,0,inf,inf,0.963096917,0.876673162,1,0,10,67,2,62,4,0,2112,1679,79,79,36,2528,691,1050,253,1023,839,1023,1023,0,0,1023,0,0,0,0,0,0,0,0,1,1,0,1,1,0,0,3,1,0,1,4,2,2,2,3,1,2,2,5,3,10,7,4,10,0,0,0,0,0,0,0,0,0,0,0,0,0,0,0,0,0,0,0,0,0,0,0,0,0,0,0,0,0,0,0,0,7,6,13,4,8,8,11,4,7,23
738,0.899999976,69,69,1,64,64,0,2,0,68,0,26816,26816,1998,1998,0,5149,21667,0,0,0,838,26816,2246,1394,32,959,10,14,0,1048576,0,0,0,inf,1.08998847,1.09096026,0.984305024,1,0,10,69,2,31,30,7,2176,832,770,770,155,24640,4317,1394,1096,829,959,959,959,8,0,959,0,2,0,2,3,5,4,5,5,6,3,2,0,3,1,7,3,1,0,4,2,2,1,1,2,1,2,0,0,0,0,1,0,0,0,0,0,0,0,0,0,0,0,0,0,0,0,0,0,0,0,0,0,0,0,0,0,0,0,0,0,0,0,0,0,11,8,11,58,11,11,4294967295,20,20,12
739,1,69,69,1,64,64,0,3,0,68,0,2880,2880,965,965,0,2166,714,0,0,0,90,2880,1115,1079,32,1023,10,14,0,1048576,0,0,0,inf,0.814666271,0.868086696,0.784196794,1,0,10,69,2,67,1,0,2176,2006,22,22,14,704,160,1079,92,1023,0,1023,1023,0,0,1023,0,0,0,0,0,0,0,0,0,0,1,0,0,0,0,1,0,0,0,1,1,1,1,1,1,3,1,1,1,3,8,7,36,0,0,0,0,0,0,0,0,0,0,0,0,0,0,0,0,0,0,0,0,0,0,0,0,0,0,0,0,0,0,0,0,8,13,7,13,7,6,8,7,6,66
740,0.899999976,68,69,3,64,64,0,0,0,67,0,12064,12064,1288,1288,0,2116,9948,0,0,0,377,12064,1216,835,32,1015,10,14,0,1048576,0,0,0,inf,inf,1.21611071,1.1194315,1,0,10,68,2,53,12,2,2144,1428,310,310,0,9920,688,835,23,1015,935,1015,1015,0,0,1015,0,1,0,0,1,4,2,3,1,1,1,0,0,1,2,2,1,1,1,2,0,3,2,2,3,4,3,6,1,3,2,5,9,0,0,0,0,0,0,0,0,0,0,0,0,0,0,0,0,0,0,0,0,0,0,0,0,0,0,0,0,0,0,0,0,7,7,9,4294967295,7,47,6,10,8,9
741,0.899999976,66,69,3,64,64,0,0,0,65,0,12320,12320,1366,1366,0,2068,10252,0,0,0,385,12320,940,720,32,1019,10,14,0,1048576,0,0,0,inf,inf,1.16363633,1.09388375,1,0,10,66,2,52,7,6,2080,1430,320,320,3,10240,638,720,2,1018,59,1019,1019,0,0,1019,1,2,1,0,2,0,0,3,1,1,1,0,1,1,2,0,1,3,2,0,1,2,3,0,1,4,1,3,2,5,6,6,9,0,0,0,0,0,0,0,0,0,0,0,0,0,0,0,0,0,0,0,0,0,0,0,0,0,0,0,0,0,0,0,0,21,5,4294967295,12,40,6,2,8,8,6
742,0.899999976,67,69,3,64,64,0,0,0,66,0,30112,30112,2571,2571,0,4491,25621,0,0,0,941,30112,1833,1084,32,991,10,14,0,1048576,0,0,0,inf,inf,1.16289175,1.08380461,1,0,10,67,2,25,26,15,2112,720,875,875,73,28000,3771,1084,524,990,991,991,991,0,0,991,0,4,2,7,2,5,1,7,2,3,3,2,3,1,4,4,1,1,2,1,1,3,0,1,3,2,0,1,0,0,0,0,0,0,0,0,0,0,0,0,0,0,0,0,0,0,0,0,0,0,0,0,0,0,0,0,0,0,0,0,0,0,0,0,0,62,4,4,3,5,4294967295,5,4,4,4
743,1,66,69,3,64,64,0,0,0,65,0,18144,18144,2139,2139,0,2980,15164,0,0,0,567,18144,1181,603,32,1023,10,14,0,1048576,0,0,0,inf,inf,1.28275347,1.17654324,1,0,10,66,2,38,19,8,2080,892,502,502,30,16064,2088,603,227,1023,1023,1023,1023,0,0,1023,0,2,4,1,1,1,3,1,2,1,3,2,6,6,3,2,4,6,0,3,0,3,3,3,1,3,1,0,0,0,0,0,0,0,0,0,0,0,0,0,0,0,0,0,0,0,0,0,0,0,0,0,0,0,0,0,0,0,0,0,0,0,0,0,0,2,4,5,3,5,3,5,3,1,2
744,1,67,69,3,64,64,0,0,0,66,0,11072,11072,1484,1484,0,2374,8698,0,0,0,346,11072,1017,776,32,1023,10,14,0,1048576,0,0,0,inf,inf,1.15252805,1.04525471,1,0,10,67,2,54,8,4,2112,1488,280,280,11,8960,886,776,79,1023,863,1023,1023,8,0,1023,0,0,2,1,1,0,0,2,2,1,2,0,1,0,0,1,0,2,3,3,0,1,1,3,3,2,2,5,6,9,9,2,2,0,0,0,0,0,0,0,0,0,0,0,0,0,0,0,0,0,0,0,0,0,0,0,0,0,0,0,0,0,0,0,0,4,5,5,30,5,10,10,3,4,9
745,1,66,69,3,64,64,0,0,0,65,0,22528,22528,2312,2312,0,3900,18628,0,0,0,704,22528,1520,909,32,1023,10,14,0,1048576,0,0,0,inf,inf,1.2013793,1.09490573,1,0,10,66,2,33,21,11,2080,850,639,639,63,20448,3050,909,479,1023,1019,1023,1023,0,0,1023,0,3,1,6,1,2,2,6,1,3,3,1,3,3,1,3,1,3,5,1,2,3,1,1,2,5,2,0,0,0,0,0,0,0,0,0,0,0,0,0,0,0,0,0,0,0,0,0,0,0,0,0,0,0,0,0,0,0,0,0,0,0,0,0,0,3,4,17,3,3,2,3,2,3,16
746,1,66,69,3,64,64,0,0,0,65,0,20864,20864,2192,2192,0,3748,17116,0,0,0,652,20864,1422,862,32,1023,10,14,0,1048576,0,0,0,inf,inf,1.15963984,1.05809748,1,0,10,66,2,36,19,10,2080,863,587,587,68,18784,2885,862,473,1023,1023,1023,1023,128,0,1023,0,2,1,6,1,2,1,5,1,3,4,0,3,5,2,4,1,2,6,1,2,5,0,1,1,5,0,0,1,0,0,0,0,0,0,0,0,0,0,0,0,0,0,0,0,0,0,0,0,0,0,0,0,0,0,0,0,0,0,0,0,0,0,0,0,3,6,6,3,4,2,2,3,7,3
747,1,66,69,3,64,64,0,0,0,65,0,23264,23264,2346,2346,0,4787,18477,0,0,0,727,23264,1865,1114,32,1023,10,14,0,1048576,0,0,0,inf,inf,1.18256354,1.06314862,1,0,10,66,2,32,26,7,2080,788,662,662,124,21184,3999,1114,826,959,1023,1023,1023,0,0,1023,1,2,0,3,1,3,3,4,4,2,4,2,4,5,6,4,2,1,1,1,4,4,1,1,2,0,0,0,0,0,0,0,0,0,0,0,0,0,0,0,0,0,0,0,0,0,0,0,0,0,0,0,0,0,0,0,0,0,0,0,0,0,0,0,0,3,2,3,3,3,3,1,3,3,3
748,1,68,69,3,64,64,0,0,0,67,0,25824,25824,1913,1913,0,3043,22781,0,0,0,807,25824,1119,802,32,1023,10,14,0,1048576,0,0,0,inf,inf,1.32510579,1.2294569,1,0,10,68,2,38,11,18,2144,1014,740,740,39,23680,2029,802,218,505,735,1023,1023,0,0,1023,4,2,7,5,0,0,1,1,2,2,3,0,2,1,1,1,2,1,2,0,3,3,4,0,3,2,3,4,3,1,2,1,1,0,0,0,0,0,0,0,0,0,0,0,0,0,0,0,0,0,0,0,0,0,0,0,0,0,0,0,0,0,0,0,0,3,55,37,8,11,5,6,5,6,2
749,1,67,69,3,64,64,0,0,0,66,0,2816,2816,957,957,0,2097,719,0,0,0,88,2816,1054,1018,32,1023,10,14,0,1048576,0,0,0,inf,inf,0.897119045,0.827015162,1,0,10,67,2,65,1,0,2112,1937,22,22,14,704,160,1018,92,1023,128,1023,1023,0,0,1023,0,0,0,0,0,0,0,0,0,0,1,0,0,0,0,0,0,0,0,2,1,1,2,1,1,3,1,1,2,4,5,5,36,0,0,0,0,0,0,0,0,0,0,0,0,0,0,0,0,0,0,0,0,0,0,0,0,0,0,0,0,0,0,0,0,7,11,7,7,10,13,11,26,4,11
750,1,66,69,3,64,64,0,0,0,65,0,28896,28896,2510,2510,0,4404,24492,0,0,0,903,28896,1790,1023,32,1023,10,14,0,1048576,0,0,0,inf,inf,1.0924921,0.998428345,1,0,10,66,2,25,26,14,2080,711,838,838,91,26816,3693,1023,516,1023,1023,1023,1023,80,0,1023,0,3,2,7,2,2,3,4,3,3,2,2,7,5,3,2,1,2,2,1,2,3,0,1,1,2,0,0,0,0,0,0,0,0,0,0,0,0,0,0,0,0,0,0,0,0,0,0,0,0,0,0,0,0,0,0,0,0,0,0,0,0,0,0,0,6,4,3,10,4,5,16,7,4,9
751,0.699999988,69,69,2,64,64,0,0,0,68,0,31328,31328,2133,2133,0,3834,27494,0,0,0,979,31328,1581,1072,32,499,10,14,0,1048576,0,0,0,inf,inf,1.284163,1.18689644,1,0,10,69,2,30,18,20,2176,739,911,911,69,29152,3095,1072,383,483,499,499,499,32,0,499,3,9,2,4,2,0,4,5,1,1,2,2,3,5,4,5,1,1,1,0,2,1,2,3,1,2,0,1,0,0,1,0,0,0,0,0,0,0,0,0,0,0,0,0,0,0,0,0,0,0,0,0,0,0,0,0,0,0,0,0,0,0,0,0,0,12,11,4294967295,4294967295,13,19,1,7,13,4294967295
752,1,67,69,3,64,64,0,0,0,66,0,23008,23008,2533,2533,0,4398,18610,0,0,0,719,23008,1917,1063,32,1023,10,14,0,1048576,0,0,0,inf,inf,1.10754263,1.01845717,1,0,10,67,2,31,28,7,2112,760,653,653,70,20896,3638,1063,477,1023,1023,1023,1023,4,0,1023,1,2,0,0,4,6,6,4,4,1,1,3,3,3,8,3,5,1,2,0,1,4,1,1,1,0,1,0,0,0,0,0,0,0,0,0,0,0,0,0,0,0,0,0,0,0,0,0,0,0,0,0,0,0,0,0,0,0,0,0,0,0,0,0,0,7,7,8,5,7,6,4,8,5,7
753,1,67,69,3,64,64,0,0,0,66,0,6592,6592,1024,1024,0,2516,4076,0,0,0,206,6592,1179,1001,32,1023,10,14,0,1048576,0,0,0,inf,inf,0.976294756,0.877384543,1,0,10,67,2,59,6,1,2112,1430,140,140,47,4480,1086,1001,269,1023,927,1023,1023,256,0,1023,0,0,0,1,0,0,0,0,1,2,0,2,1,1,1,5,2,1,3,5,2,5,1,4,4,3,2,5,2,5,2,3,3,0,0,0,0,0,0,0,0,0,0,0,0,0,0,0,0,0,0,0,0,0,0,0,0,0,0,0,0,0,0,0,0,2,7,9,4,26,36,13,8,25,19
754,1,68,69,3,64,64,0,0,0,67,0,29888,29888,2032,2032,0,3513,26375,0,0,0,934,29888,1502,1080,32,1023,10,14,0,1048576,0,0,0,inf,inf,1.31474006,1.24189115,1,0,10,68,2,32,15,20,2144,888,867,867,59,27744,2625,1080,237,469,895,1023,1023,0,0,1023,3,2,4,10,1,2,2,2,0,3,3,1,2,1,1,2,3,1,2,2,1,1,2,1,1,1,4,3,3,0,0,2,1,0,0,0,0,0,0,0,0,0,0,0,0,0,0,0,0,0,0,0,0,0,0,0,0,0,0,0,0,0,0,0,0,16,14,14,10,16,3,4,21,4,11
755,1,68,69,3,64,64,0,0,0,67,0,4864,4864,1101,1101,0,2322,2542,0,0,0,152,4864,983,885,32,1023,10,14,0,1048576,0,0,0,inf,inf,0.937423468,0.823865414,1,0,10,68,2,63,3,1,2144,1617,85,85,31,2720,705,885,156,1023,509,1023,1023,0,0,1023,0,0,0,1,0,0,0,0,1,1,0,0,1,0,2,4,1,0,1,4,2,0,2,5,3,5,2,7,3,8,4,6,4,0,0,0,0,0,0,0,0,0,0,0,0,0,0,0,0,0,0,0,0,0,0,0,0,0,0,0,0,0,0,0,0,6,16,5,5,17,7,4,5,6,12
756,1,66,69,3,64,64,0,0,0,65,0,24928,24928,1840,1840,0,3155,21773,0,0,0,779,24928,1250,823,32,1023,10,14,0,1048576,0,0,0,inf,inf,1.31569171,1.21929717,1,0,10,66,2,36,14,15,2080,977,714,714,37,22848,2178,823,331,982,1023,1023,1023,0,0,1023,5,5,1,1,3,3,3,1,0,0,2,4,1,1,1,2,1,3,0,1,0,3,1,1,4,5,2,2,6,0,0,3,0,0,0,0,0,0,0,0,0,0,0,0,0,0,0,0,0,0,0,0,0,0,0,0,0,0,0,0,0,0,0,0,0,5,2,7,16,2,31,3,7,5,2
757,1,66,69,3,64,64,0,0,0,65,0,3904,3904,774,774,0,2151,1753,0,0,0,122,3904,1270,1171,32,1023,10,14,0,1048576,0,0,0,inf,inf,0.951201618,0.858221054,1,0,10,66,2,62,3,0,2080,1737,57,57,25,1824,414,1171,118,1023,401,1023,1023,0,0,1023,0,0,0,0,0,0,0,0,0,1,2,0,0,0,0,3,0,1,0,2,1,1,2,2,2,4,2,4,1,6,8,9,14,0,0,0,0,0,0,0,0,0,0,0,0,0,0,0,0,0,0,0,0,0,0,0,0,0,0,0,0,0,0,0,0,8,5,9,7,7,6,8,9,9,19
758,1,66,69,3,64,64,0,0,0,65,0,2720,2720,675,675,0,1815,905,0,0,0,85,2720,1026,989,32,1023,10,14,0,1048576,0,0,0,inf,inf,0.979542315,0.909099579,1,0,10,66,2,64,1,0,2080,1598,20,20,12,640,217,989,42,1023,570,1023,1023,0,0,1023,0,0,0,0,0,0,0,0,0,0,0,0,1,0,2,3,1,0,2,5,2,0,4,5,4,5,5,4,2,5,6,5,4,0,0,0,0,0,0,0,0,0,0,0,0,0,0,0,0,0,0,0,0,0,0,0,0,0,0,0,0,0,0,0,0,12,5,5,8,5,4,5,12,11,8
759,1,68,69,3,64,64,0,0,0,67,0,11840,11840,1441,1441,0,2953,8887,0,0,0,370,11840,1332,959,32,1023,10,14,0,1048576,0,0,0,inf,inf,0.994119167,0.909821332,1,0,10,68,2,51,13,3,2144,1209,303,303,53,9696,1744,959,348,1023,1023,1023,1023,0,0,1023,1,1,0,0,1,0,3,1,1,2,1,3,2,3,4,2,1,4,5,2,6,1,2,2,2,4,3,1,3,1,3,2,0,0,0,0,0,0,0,0,0,0,0,0,0,0,0,0,0,0,0,0,0,0,0,0,0,0,0,0,0,0,0,0,0,4,5,6,34,34,4,34,4,5,4
760,1,69,69,1,64,64,0,1,0,68,0,14976,14976,1211,1211,0,3708,11268,0,0,0,468,14976,1616,1104,32,1023,10,14,0,1048576,0,0,0,inf,0.973668218,0.973668218,0.89261359,1,0,10,69,2,49,18,1,2176,1129,400,400,155,12800,2579,1104,828,1023,1023,1023,1023,1,0,1023,0,1,0,0,0,3,0,3,2,6,2,2,0,1,5,9,5,3,3,0,1,3,3,0,1,5,3,0,4,2,0,1,0,0,0,0,0,0,0,0,0,0,0,0,0,0,0,0,0,0,0,0,0,0,0,0,0,0,0,0,0,0,0,0,0,14,12,12,15,53,44,14,12,7,13
761,1,66,69,3,64,64,0,0,0,65,0,4064,4064,924,924,0,2247,1817,0,0,0,127,4064,1135,1041,32,1023,10,14,0,1048576,0,0,0,inf,inf,0.932873189,0.867529035,1,0,10,66,2,62,3,0,2080,1731,62,62,30,1984,516,1041,159,1023,547,1023,1023,0,0,1023,0,0,0,0,0,0,0,0,0,0,2,0,1,0,0,1,0,0,0,4,1,1,3,4,1,4,1,5,3,9,7,7,11,0,0,0,0,0,0,0,0,0,0,0,0,0,0,0,0,0,0,0,0,0,0,0,0,0,0,0,0,0,0,0,0,18,18,1,18,19,15,8,4,17,19
762,1,67,69,3,64,64,0,0,0,66,0,13216,13216,1405,1405,0,2164,11052,0,0,0,413,13216,1212,800,32,1023,10,14,0,1048576,0,0,0,inf,inf,1.21441603,1.04487503,1,0,10,67,2,50,13,3,2112,1332,347,347,0,11104,832,800,7,1023,1023,1023,1023,0,0,1023,0,1,0,1,1,4,1,4,0,3,1,0,0,0,5,3,0,1,2,0,0,3,1,1,5,1,6,5,1,4,1,5,6,0,0,0,0,0,0,0,0,0,0,0,0,0,0,0,0,0,0,0,0,0,0,0,0,0,0,0,0,0,0,0,0,6,4,5,4,4,4,4,5,5,6
763,0.899999976,67,69,3,64,64,0,0,0,66,0,29024,29024,1981,1981,0,3320,25704,0,0,0,907,29024,1516,1020,32,1021,10,14,0,1048576,0,0,0,inf,inf,1.33834624,1.2556504,1,0,10,67,2,32,17,17,2112,916,841,841,60,26912,2404,1020,181,804,477,1021,1021,0,0,1021,4,4,4,5,0,2,4,2,0,3,3,1,2,1,1,2,3,1,0,1,1,1,2,1,1,3,3,1,3,3,0,3,1,0,0,0,0,0,0,0,0,0,0,0,0,0,0,0,0,0,0,0,0,0,0,0,0,0,0,0,0,0,0,0,0,7,4294967295,19,7,7,23,36,19,22,23
764,0.899999976,69,69,2,64,64,0,0,0,68,0,54592,54592,2613,2613,0,4920,49672,0,0,0,1706,54592,1617,1164,32,895,10,14,0,1048576,0,0,0,inf,inf,1.37025023,1.29138172,1,0,10,69,2,5,17,46,2176,280,1638,1638,144,52416,4640,1164,762,850,895,895,895,0,0,895,17,13,7,3,6,1,4,2,1,2,4,1,2,1,1,1,1,0,1,0,0,0,0,0,0,0,0,0,0,0,0,0,0,0,0,0,0,0,0,0,0,0,0,0,0,0,0,0,0,0,0,0,0,0,0,0,0,0,0,0,0,0,0,0,0,11,10,11,9,14,12,26,4294967295,20,7
765,1,66,69,3,64,64,0,0,0,65,0,28352,28352,2090,2090,0,4647,23705,0,0,0,886,28352,1869,1280,32,1023,10,14,0,1048576,0,0,0,inf,inf,1.1196897,1.03199637,1,0,10,66,2,29,21,15,2080,780,821,821,159,26272,3867,1280,670,1023,1023,1023,1023,129,0,1023,0,3,4,4,4,1,7,2,2,2,1,2,4,0,1,3,3,3,3,1,4,3,2,2,2,1,0,0,0,1,0,0,0,0,0,0,0,0,0,0,0,0,0,0,0,0,0,0,0,0,0,0,0,0,0,0,0,0,0,0,0,0,0,0,0,8,9,1,9,12,41,14,13,2,4
766,1,68,69,3,64,64,0,0,0,67,0,22464,22464,1989,1989,0,4576,17888,0,0,0,702,22464,2028,1229,32,1023,10,14,0,1048576,0,0,0,inf,inf,1.06497633,0.999853373,1,0,10,68,2,35,27,5,2144,865,635,635,156,20320,3711,1229,877,1023,1023,1023,1023,60,0,1023,0,0,3,2,0,5,3,3,5,6,2,1,2,3,1,7,3,2,3,2,3,4,3,1,1,1,1,0,0,0,0,0,0,0,0,0,0,0,0,0,0,0,0,0,0,0,0,0,0,0,0,0,0,0,0,0,0,0,0,0,0,0,0,0,0,7,14,15,53,20,7,10,14,9,7
767,1,67,69,3,64,64,0,0,0,66,0,25792,25792,1931,1931,0,5069,20723,0,0,0,806,25792,2300,1415,32,1023,10,14,0,1048576,0,0,0,inf,inf,1.1456511,1.05424118,1,0,10,67,2,29,31,6,2112,824,740,740,137,23680,4245,1415,1140,1022,1023,1023,1023,136,0,1023,1,1,0,2,2,4,4,6,3,7,1,3,3,2,0,6,4,1,3,2,0,2,2,1,0,2,3,0,0,0,0,1,0,0,0,0,0,0,0,0,0,0,0,0,0,0,0,0,0,0,0,0,0,0,0,0,0,0,0,0,0,0,0,0,0,26,9,6,10,9,10,10,23,12,5
768,0.899999976,67,69,3,64,64,0,0,0,66,0,13280,13280,1352,1352,0,2325,10955,0,0,0,415,13280,1347,942,32,1022,10,14,0,1048576,0,0,0,inf,inf,1.24870324,1.17377591,1,0,10,67,2,51,13,2,2112,1426,349,349,3,11168,899,942,34,1022,942,1022,1022,0,0,1022,0,1,0,0,1,3,2,3,0,2,3,0,0,0,3,1,1,2,1,1,0,2,1,1,4,1,3,5,3,5,4,5,8,0,0,0,0,0,0,0,0,0,0,0,0,0,0,0,0,0,0,0,0,0,0,0,0,0,0,0,0,0,0,0,0,4294967295,5,6,6,13,28,5,5,4,3
769,1,69,69,2,64,64,0,0,0,68,0,25440,25440,2090,2090,0,3076,22364,0,0,0,795,25440,1265,804,32,1023,10,14,0,1048576,0,0,0,inf,inf,1.31173348,1.227319,1,0,10,69,2,38,15,15,2176,956,727,727,25,23264,2120,804,151,765,1023,1023,1023,0,0,1023,5,5,2,1,2,3,3,1,1,0,2,4,1,2,1,4,4,3,0,2,0,3,3,1,2,2,1,2,5,2,0,1,0,0,0,0,0,0,0,0,0,0,0,0,0,0,0,0,0,0,0,0,0,0,0,0,0,0,0,0,0,0,0,0,0,2,15,13,2,15,14,1,14,65,3
770,0.899999976,67,69,3,64,64,0,0,0,66,0,10944,10944,1337,1337,0,2187,8757,0,0,0,342,10944,1132,815,32,959,10,14,0,1048576,0,0,0,inf,inf,1.2761426,1.19124281,1,0,10,67,2,54,10,2,2112,1406,276,276,4,8832,781,815,29,959,443,959,959,0,0,959,0,1,0,0,1,3,2,1,0,2,1,1,0,0,5,2,2,2,1,0,1,2,2,3,3,1,5,6,2,4,3,2,8,0,0,0,0,0,0,0,0,0,0,0,0,0,0,0,0,0,0,0,0,0,0,0,0,0,0,0,0,0,0,0,0,3,4,4,4,4,7,4294967295,2,46,13
771,1,69,69,1,64,64,0,1,0,68,0,27168,27168,2888,2888,0,4665,22503,0,0,0,849,27168,2018,1137,32,1023,10,14,0,1048576,0,0,0,inf,1.13403428,1.1765945,1.08939338,1,0,10,69,2,27,30,11,2176,789,781,781,59,24992,3876,1137,459,511,1023,1023,1023,0,0,1023,0,2,1,7,1,2,2,7,4,3,5,3,4,4,4,2,2,0,2,1,3,1,0,3,3,0,2,0,0,0,0,0,0,0,0,0,0,0,0,0,0,0,0,0,0,0,0,0,0,0,0,0,0,0,0,0,0,0,0,0,0,0,0,0,0,15,8,9,8,9,16,8,11,13,10
772,1,66,69,3,64,64,0,0,0,65,0,26560,26560,2460,2460,0,4757,21803,0,0,0,830,26560,2034,1164,32,1023,10,14,0,1048576,0,0,0,inf,inf,1.09764886,0.992108941,1,0,10,66,2,28,30,7,2080,800,765,765,76,24480,3957,1164,760,1007,1023,1023,1023,32,0,1023,0,2,1,4,0,4,3,4,4,3,7,2,3,3,2,2,4,1,4,0,2,2,2,2,0,1,1,0,0,2,0,0,0,0,0,0,0,0,0,0,0,0,0,0,0,0,0,0,0,0,0,0,0,0,0,0,0,0,0,0,0,0,0,0,0,9,9,2,5,9,18,11,25,9,3
773,0.899999976,67,69,3,64,64,0,0,0,66,0,19904,19904,1937,1937,0,4431,15473,0,0,0,622,19904,1954,1219,32,1021,10,14,0,1048576,0,0,0,inf,inf,1.01929283,0.962699175,1,0,10,67,2,38,25,3,2112,940,556,556,137,17792,3491,1219,736,1021,1021,1021,1021,0,0,1021,0,0,2,1,0,5,0,4,5,5,3,2,1,4,2,5,3,2,4,1,2,3,1,4,2,1,1,0,2,0,0,1,0,0,0,0,0,0,0,0,0,0,0,0,0,0,0,0,0,0,0,0,0,0,0,0,0,0,0,0,0,0,0,0,0,14,4294967295,19,13,6,8,14,7,8,9
774,1,69,69,2,64,64,0,0,0,68,0,24736,24736,1796,1796,0,5015,19721,0,0,0,773,24736,2292,1465,32,1023,10,14,0,1048576,0,0,0,inf,inf,1.11801004,1.02575135,1,0,10,69,2,33,29,6,2176,920,705,705,149,22560,4095,1465,1076,1022,1023,1023,1023,512,0,1023,1,1,0,2,2,4,4,4,2,8,1,4,2,2,0,5,3,3,3,2,0,2,1,3,0,4,2,0,1,0,0,2,0,0,0,0,0,0,0,0,0,0,0,0,0,0,0,0,0,0,0,0,0,0,0,0,0,0,0,0,0,0,0,0,0,19,11,7,8,8,6,5,5,8,29
775,1,66,69,3,64,64,0,0,0,65,0,27328,27328,2492,2492,0,4262,23066,0,0,0,854,27328,1771,1023,32,1023,10,14,0,1048576,0,0,0,inf,inf,1.09622359,0.983756244,1,0,10,66,2,27,25,13,2080,742,789,789,85,25248,3520,1023,444,1023,1023,1023,1023,512,0,1023,0,1,1,8,3,3,2,6,3,3,2,2,4,3,3,2,2,3,3,2,2,3,0,0,1,2,0,0,0,0,1,0,0,0,0,0,0,0,0,0,0,0,0,0,0,0,0,0,0,0,0,0,0,0,0,0,0,0,0,0,0,0,0,0,0,3,4,4,5,7,6,5,15,6,11
776,1,65,69,3,64,64,0,0,0,64,0,22752,22752,1697,1697,0,2603,20149,0,0,0,711,22752,995,685,32,1023,10,14,0,1048576,0,0,0,inf,inf,1.26729667,1.17733347,1,0,10,65,2,39,10,15,2048,1004,647,647,20,20704,1599,685,167,990,1023,1023,1023,0,0,1023,4,3,3,1,4,3,2,1,1,0,2,1,0,1,0,2,3,3,1,2,0,2,3,1,4,3,1,2,4,2,2,3,0,0,0,0,0,0,0,0,0,0,0,0,0,0,0,0,0,0,0,0,0,0,0,0,0,0,0,0,0,0,0,0,0,52,2,10,1,8,45,8,8,3,2
777,1,66,69,3,64,64,0,0,0,65,0,42496,42496,2857,2857,0,4785,37711,0,0,0,1328,42496,1835,1274,32,1023,10,14,0,1048576,0,0,0,inf,inf,1.1336205,1.00321281,1,0,10,66,2,13,19,33,2080,438,1263,1263,87,40416,4347,1274,474,853,1023,1023,1023,2,0,1023,7,7,9,5,5,3,6,2,2,3,2,1,0,3,1,3,0,0,1,0,1,0,1,0,1,0,0,0,1,1,0,0,0,0,0,0,0,0,0,0,0,0,0,0,0,0,0,0,0,0,0,0,0,0,0,0,0,0,0,0,0,0,0,0,0,2,53,4,2,2,37,3,3,2,15
778,1,68,69,3,64,64,0,0,0,67,0,2144,2144,890,890,0,2012,132,0,0,0,67,2144,1132,1122,32,1023,10,14,0,1048576,0,0,0,inf,inf,0.841750026,0.776115179,1,0,10,68,2,67,0,0,2144,2012,0,0,0,0,0,1122,0,1023,0,1023,1023,0,0,1023,0,0,0,0,0,0,0,0,0,0,0,0,0,0,0,0,0,0,0,0,0,0,1,3,1,0,2,4,2,4,10,15,25,0,0,0,0,0,0,0,0,0,0,0,0,0,0,0,0,0,0,0,0,0,0,0,0,0,0,0,0,0,0,0,0,7,5,4,4,8,11,6,8,7,8
779,1,65,69,3,64,64,0,0,0,64,0,38688,38688,4191,4191,0,5564,33124,0,0,0,1209,38688,1686,855,64,1023,10,14,0,1048576,0,0,0,inf,inf,1.42469466,1.33634639,1,0,10,65,2,10,28,26,2048,461,1145,1145,75,36640,5103,855,410,862,1023,1023,1023,832,0,1023,6,5,5,7,3,1,6,2,7,2,2,2,6,2,1,1,0,1,2,2,0,0,0,0,1,0,0,0,0,0,0,0,0,0,0,0,0,0,0,0,0,0,0,0,0,0,0,0,0,0,0,0,0,0,0,0,0,0,0,0,0,0,0,0,0,19,0,2,1,2,15,3,7,5,3
780,1,69,69,1,64,64,0,1,0,68,0,24128,24128,3126,3126,0,5097,19031,0,0,0,754,24128,2129,1213,32,1023,10,14,0,1048576,0,0,0,inf,1.13599074,1.13599074,1.0339725,1,0,10,69,2,31,30,7,2176,814,686,686,79,21952,4283,1213,509,1023,1023,1023,1023,0,0,1023,1,0,0,3,3,5,6,5,5,2,3,1,3,4,6,3,5,1,0,0,1,3,1,2,2,0,0,0,2,1,0,0,0,0,0,0,0,0,0,0,0,0,0,0,0,0,0,0,0,0,0,0,0,0,0,0,0,0,0,0,0,0,0,0,0,12,12,12,11,10,12,12,12,12,12
781,1,67,69,3,64,64,0,0,0,66,0,29344,29344,2075,2075,0,5603,23741,0,0,0,917,29344,2393,1424,32,1023,10,14,0,1048576,0,0,0,inf,inf,1.08044779,0.970015585,1,0,10,67,2,24,34,8,2112,706,851,851,176,27232,4897,1424,1360,1021,1023,1023,1023,0,0,1023,1,1,2,2,2,2,6,8,6,5,1,5,1,3,0,8,3,1,1,2,1,2,1,0,0,1,1,0,0,0,0,0,0,0,0,0,0,0,0,0,0,0,0,0,0,0,0,0,0,0,0,0,0,0,0,0,0,0,0,0,0,0,0,0,0,9,16,2,4,20,4,21,4,3,20
782,1,67,69,3,64,64,0,0,0,66,0,27040,27040,2661,2661,0,5279,21761,0,0,0,845,27040,2219,1309,32,1023,10,14,0,1048576,0,0,0,inf,inf,1.11058021,1.00820291,1,0,10,67,2,28,31,7,2112,743,779,779,103,24928,4536,1309,719,767,1023,1023,1023,0,0,1023,0,3,1,2,1,4,6,5,6,1,5,0,4,4,5,3,3,1,1,1,2,3,5,0,0,0,0,0,0,0,0,0,0,0,0,0,0,0,0,0,0,0,0,0,0,0,0,0,0,0,0,0,0,0,0,0,0,0,0,0,0,0,0,0,0,5,2,3,4,3,3,3,3,5,14
783,1,68,69,3,64,64,0,0,0,67,0,28800,28800,2303,2303,0,5244,23556,0,0,0,900,28800,2313,1337,32,1023,10,14,0,1048576,0,0,0,inf,inf,1.1137836,1.03303576,1,0,10,68,2,26,34,7,2144,778,833,833,138,26656,4466,1337,984,893,1023,1023,1023,0,0,1023,1,2,1,1,2,3,4,6,4,5,5,5,2,2,3,4,3,0,3,1,3,2,1,0,0,2,1,1,0,0,0,0,0,0,0,0,0,0,0,0,0,0,0,0,0,0,0,0,0,0,0,0,0,0,0,0,0,0,0,0,0,0,0,0,0,17,23,6,8,41,4,4,21,4,7
784,1,68,69,3,64,64,0,0,0,67,0,29568,29568,2418,2418,0,5659,23909,0,0,0,924,29568,2476,1486,32,1023,10,14,0,1048576,0,0,0,inf,inf,1.0244267,0.919543803,1,0,10,68,2,22,34,11,2144,727,857,857,168,27424,4932,1486,1093,765,1023,1023,1023,1,0,1023,1,2,4,2,2,5,4,9,3,6,1,4,2,2,0,2,4,1,1,2,1,2,1,0,2,1,1,0,1,0,0,1,0,0,0,0,0,0,0,0,0,0,0,0,0,0,0,0,0,0,0,0,0,0,0,0,0,0,0,0,0,0,0,0,0,22,20,3,5,7,4,8,5,9,9
785,1,67,69,3,64,64,0,0,0,66,0,3584,3584,867,867,0,2265,1319,0,0,0,112,3584,1088,1029,32,1023,10,14,0,1048576,0,0,0,inf,inf,0.914067388,0.810380995,1,0,10,67,2,64,2,0,2112,1831,46,46,30,1472,434,1029,268,1023,513,1023,1023,0,0,1023,0,0,0,0,0,0,0,0,0,2,0,0,0,0,0,1,2,0,0,2,0,3,0,1,1,3,1,4,6,4,7,13,16,0,0,0,0,0,0,0,0,0,0,0,0,0,0,0,0,0,0,0,0,0,0,0,0,0,0,0,0,0,0,0,0,3,17,26,6,4,6,21,4,4,10
786,1,69,69,1,64,64,0,1,0,68,0,29536,29536,3159,3159,0,4538,24998,0,0,0,923,29536,1783,888,32,1023,10,14,0,1048576,0,0,0,inf,1.10857224,1.10857224,0.997644544,1,0,10,69,2,24,29,15,2176,705,855,855,57,27360,3833,888,418,1023,1023,1023,1023,576,0,1023,0,3,4,5,3,5,2,10,1,2,3,4,2,3,3,3,3,1,4,0,0,0,0,3,2,0,0,1,0,1,0,0,0,0,0,0,0,0,0,0,0,0,0,0,0,0,0,0,0,0,0,0,0,0,0,0,0,0,0,0,0,0,0,0,0,7,7,11,6,22,7,8,7,7,7
787,1,66,69,3,64,64,0,0,0,65,0,16768,16768,1600,1600,0,3741,13027,0,0,0,524,16768,1426,1032,32,1023,10,14,0,1048576,0,0,0,inf,inf,1.05732954,0.985280216,1,0,10,66,2,44,14,7,2080,1128,459,459,112,14688,2613,1032,641,1023,1007,1023,1023,1,0,1023,0,1,0,2,4,1,3,1,1,2,3,1,2,1,0,4,1,2,2,3,3,3,5,1,6,2,0,2,4,0,3,2,0,0,0,0,0,0,0,0,0,0,0,0,0,0,0,0,0,0,0,0,0,0,0,0,0,0,0,0,0,0,0,0,0,5,14,3,2,10,11,2,3,3,8
788,1,69,69,1,64,64,0,3,0,68,0,4352,4352,965,965,0,2296,2056,0,0,0,136,4352,1166,1035,32,1023,10,14,0,1048576,0,0,0,inf,0.991759419,0.99489224,0.889445066,1,0,10,69,2,64,4,0,2176,1649,68,68,18,2176,647,1035,155,1023,473,1023,1023,0,0,1023,0,0,0,0,0,0,0,0,1,1,0,1,1,0,0,3,4,1,1,6,2,3,1,2,3,4,2,3,3,8,6,5,7,0,0,0,0,0,0,0,0,0,0,0,0,0,0,0,0,0,0,0,0,0,0,0,0,0,0,0,0,0,0,0,0,12,12,32,9,8,28,9,11,9,28
789,0.899999976,69,69,2,64,64,0,0,0,68,0,23712,23712,2291,2291,0,4096,19616,0,0,0,741,23712,1911,1135,32,1021,10,14,0,1048576,0,0,0,inf,inf,1.20794749,1.11852741,1,0,10,69,2,35,26,7,2176,927,673,673,57,21536,3169,1135,439,1005,1021,1021,1021,0,0,1021,0,3,0,4,0,4,1,7,3,3,2,5,1,1,2,4,0,3,5,1,5,4,0,2,3,2,1,0,1,0,0,0,1,0,0,0,0,0,0,0,0,0,0,0,0,0,0,0,0,0,0,0,0,0,0,0,0,0,0,0,0,0,0,0,0,9,4294967295,10,10,14,9,24,33,8,9
790,1,69,69,1,64,64,0,1,0,68,0,27264,27264,1896,1896,0,4763,22501,0,0,0,852,27264,2099,1403,32,1023,10,14,0,1048576,0,0,0,inf,1.11193287,1.11193287,1.01929617,1,0,10,69,2,32,25,11,2176,834,784,784,138,25088,3929,1403,913,189,1023,1023,1023,0,0,1023,2,3,0,4,2,1,4,3,4,6,2,3,2,1,3,6,2,4,2,2,1,4,0,1,2,1,2,1,0,0,0,0,0,0,0,0,0,0,0,0,0,0,0,0,0,0,0,0,0,0,0,0,0,0,0,0,0,0,0,0,0,0,0,0,0,28,14,28,16,28,16,58,3,29,13
791,0.800000012,69,69,1,64,64,0,1,0,68,0,24704,24704,2687,2687,0,4207,20497,0,0,0,772,24704,1707,1086,32,1006,10,14,0,1048576,0,0,0,inf,1.22083235,1.22960138,1.13452172,1,0,10,69,2,32,21,15,2176,813,704,704,35,22528,3394,1086,339,1006,1006,1006,1006,0,0,1006,0,3,2,8,2,2,0,8,1,3,3,2,2,2,3,6,0,2,5,1,2,3,1,1,4,1,0,1,0,0,0,0,0,0,0,0,0,0,0,0,0,0,0,0,0,0,0,0,0,0,0,0,0,0,0,0,0,0,0,0,0,0,0,0,0,4294967295,16,9,8,4294967295,9,8,8,8,7
792,0.899999976,67,69,3,64,64,0,0,0,66,0,8960,8960,1314,1314,0,2035,6925,0,0,0,280,8960,814,634,32,991,10,14,0,1048576,0,0,0,inf,inf,1.14833963,1.05784392,1,0,10,67,2,57,6,3,2112,1427,214,214,8,6848,608,634,53,991,731,991,991,0,0,991,0,0,1,2,0,0,0,2,2,1,1,0,0,1,1,4,0,4,1,3,2,2,1,4,3,2,5,6,6,4,2,6,0,0,0,0,0,0,0,0,0,0,0,0,0,0,0,0,0,0,0,0,0,0,0,0,0,0,0,0,0,0,0,0,0,55,56,3,3,3,4294967295,4,56,7,5
793,0.899999976,68,69,3,64,64,0,0,0,67,0,2784,2784,756,756,0,2228,556,0,0,0,87,2784,1355,1319,32,511,10,14,0,1048576,0,0,0,inf,inf,0.945301771,0.852157474,1,0,10,68,2,66,1,0,2144,2011,20,20,12,640,217,1319,80,511,4,511,511,0,0,511,0,0,0,0,0,0,0,0,0,0,0,0,1,0,0,1,1,0,0,1,1,0,0,1,0,1,0,1,0,6,3,10,40,0,0,0,0,0,0,0,0,0,0,0,0,0,0,0,0,0,0,0,0,0,0,0,0,0,0,0,0,0,0,0,0,6,5,18,6,5,4,7,4,35,4294967295
794,1,66,69,3,64,64,0,0,0,65,0,8448,8448,1116,1116,0,2741,5707,0,0,0,264,8448,1306,1038,32,1023,10,14,0,1048576,0,0,0,inf,inf,0.984979987,0.869586349,1,0,10,66,2,55,9,1,2080,1313,199,199,55,6368,1428,1038,348,1023,503,1023,1023,64,0,1023,0,0,0,1,0,1,0,1,1,3,1,1,1,2,1,6,2,0,4,4,3,3,2,4,3,3,1,6,2,4,2,2,1,0,0,0,0,0,0,0,0,0,0,0,0,0,0,0,0,0,0,0,0,0,0,0,0,0,0,0,0,0,0,0,0,2,10,4,20,3,6,21,3,3,11
795,1,66,69,3,64,64,0,0,0,65,0,17440,17440,1495,1495,0,3478,13962,0,0,0,545,17440,1438,1032,32,1023,10,14,0,1048576,0,0,0,inf,inf,1.09929681,1.00416458,1,0,10,66,2,44,14,7,2080,1114,480,480,111,15360,2364,1032,518,1023,1023,1023,1023,144,0,1023,0,0,1,2,4,0,2,4,3,4,0,0,1,0,0,3,2,2,3,6,3,4,4,2,1,2,0,4,2,1,2,2,1,0,0,0,0,0,0,0,0,0,0,0,0,0,0,0,0,0,0,0,0,0,0,0,0,0,0,0,0,0,0,0,0,27,3,12,2,7,3,3,13,28,3
796,1,66,69,3,64,64,0,0,0,65,0,17152,17152,1515,1515,0,2725,14427,0,0,0,536,17152,1127,769,32,1023,10,14,0,1048576,0,0,0,inf,inf,1.24191761,1.15769565,1,0,10,66,2,45,12,8,2080,1157,471,471,48,15072,1568,769,284,1022,1023,1023,1023,0,0,1023,2,4,0,1,1,3,1,1,1,1,2,1,2,1,0,2,4,3,1,2,0,3,5,1,4,2,1,3,4,4,1,3,1,0,0,0,0,0,0,0,0,0,0,0,0,0,0,0,0,0,0,0,0,0,0,0,0,0,0,0,0,0,0,0,0,19,2,2,5,7,4,7,3,9,5
797,1,66,69,3,64,64,0,0,0,65,0,23296,23296,1783,1783,0,3115,20181,0,0,0,728,23296,1319,850,32,1023,10,14,0,1048576,0,0,0,inf,inf,1.25472605,1.11793065,1,0,10,66,2,37,16,12,2080,988,663,663,53,21216,2127,850,296,1021,1023,1023,1023,0,0,1023,4,4,0,2,2,3,3,1,1,0,3,2,3,1,0,3,4,3,0,1,0,4,2,1,2,3,3,3,1,2,1,3,0,0,0,0,0,0,0,0,0,0,0,0,0,0,0,0,0,0,0,0,0,0,0,0,0,0,0,0,0,0,0,0,0,7,9,6,4,6,4,3,8,2,7
798,1,66,69,3,64,64,0,0,0,65,0,24256,24256,1905,1905,0,3335,20921,0,0,0,758,24256,1435,863,32,1023,10,14,0,1048576,0,0,0,inf,inf,1.29404151,1.18628228,1,0,10,66,2,35,19,11,2080,954,693,693,73,22176,2381,863,320,1022,1023,1023,1023,0,0,1023,3,5,0,2,1,5,3,1,1,1,3,3,2,1,0,3,3,3,2,1,0,4,1,1,2,2,1,1,4,2,1,3,0,0,0,0,0,0,0,0,0,0,0,0,0,0,0,0,0,0,0,0,0,0,0,0,0,0,0,0,0,0,0,0,0,19,4,3,2,6,4,3,5,3,4
799,0.899999976,66,69,3,64,64,0,0,0,65,0,16992,16992,2097,2097,0,4128,12864,0,0,0,531,16992,1564,883,32,767,10,14,0,1048576,0,0,0,inf,inf,1.04216242,0.943564653,1,0,10,66,2,40,23,2,2080,915,466,466,99,14912,3213,883,770,767,767,767,767,0,0,767,0,0,0,0,2,3,5,2,6,2,1,1,3,6,4,3,5,2,1,1,3,7,3,1,3,0,0,1,0,0,0,0,0,0,0,0,0,0,0,0,0,0,0,0,0,0,0,0,0,0,0,0,0,0,0,0,0,0,0,0,0,0,0,0,0,2,7,7,2,5,6,8,3,4294967295,6
800,1,66,69,3,64,64,0,0,0,65,0,22048,22048,2406,2406,0,4374,17674,0,0,0,689,22048,1753,1056,32,1023,10,14,0,1048576,0,0,0,inf,inf,1.04153001,0.968384624,1,0,10,66,2,36,24,5,2080,889,624,624,76,19968,3485,1056,526,1023,1023,1023,1023,0,0,1023,0,1,2,0,2,3,6,3,3,3,1,3,2,3,3,1,3,3,3,1,4,4,5,2,2,2,0,0,0,0,0,0,0,0,0,0,0,0,0,0,0,0,0,0,0,0,0,0,0,0,0,0,0,0,0,0,0,0,0,0,0,0,0,0,0,24,8,9,6,6,3,11,7,6,25
801,1,67,69,3,64,64,0,0,0,66,0,12864,12864,1615,1615,0,2649,10215,0,0,0,402,12864,1230,875,32,1023,10,14,0,1048576,0,0,0,inf,inf,1.13261151,1.01756692,1,0,10,67,2,51,12,3,2112,1465,336,336,13,10752,1184,875,107,1023,1023,1023,1023,0,0,1023,0,0,1,1,1,0,2,2,2,2,2,0,2,1,0,0,0,3,1,2,0,1,2,1,2,3,2,5,3,11,5,7,2,0,0,0,0,0,0,0,0,0,0,0,0,0,0,0,0,0,0,0,0,0,0,0,0,0,0,0,0,0,0,0,0,4,4,5,5,5,10,3,3,5,7
802,0.899999976,69,69,1,64,64,0,1,0,68,0,17920,17920,2013,2013,0,3650,14270,0,0,0,560,17920,1556,999,32,1023,10,14,0,1048576,0,0,0,inf,1.05367899,1.05742431,0.942532837,1,0,10,69,2,43,19,6,2176,1045,492,492,58,15744,2605,999,410,767,1023,767,767,260,0,767,0,1,0,4,1,1,2,4,3,1,3,1,4,2,2,6,2,2,4,3,5,1,0,2,6,4,2,0,0,1,1,0,0,0,0,0,0,0,0,0,0,0,0,0,0,0,0,0,0,0,0,0,0,0,0,0,0,0,0,0,0,0,0,0,0,9,20,21,21,21,6,10,21,4294967295,6
803,1,69,69,2,64,64,0,0,0,68,0,20000,20000,1623,1623,0,4649,15351,0,0,0,625,20000,2015,1212,32,1023,10,14,0,1048576,0,0,0,inf,inf,0.981618047,0.894846976,1,0,10,69,2,38,28,2,2176,918,557,557,180,17824,3731,1212,1167,511,1023,1023,1023,2,0,1023,0,1,0,0,1,4,4,3,4,8,2,3,0,4,2,10,3,1,2,3,1,5,1,0,1,1,2,1,1,0,0,0,0,0,0,0,0,0,0,0,0,0,0,0,0,0,0,0,0,0,0,0,0,0,0,0,0,0,0,0,0,0,0,0,0,15,13,12,8,9,12,9,13,10,12
804,0.899999976,67,69,3,64,64,0,0,0,66,0,28192,28192,2017,2017,0,4217,23975,0,0,0,881,28192,1885,1222,32,1023,10,14,0,1048576,0,0,0,inf,inf,1.26905966,1.14981329,1,0,10,67,2,28,23,15,2112,755,815,815,67,26080,3462,1222,641,990,1023,991,991,40,0,991,4,3,3,5,0,3,1,4,1,1,4,4,5,2,2,1,3,3,4,3,2,1,4,1,0,1,0,1,0,0,0,0,0,0,0,0,0,0,0,0,0,0,0,0,0,0,0,0,0,0,0,0,0,0,0,0,0,0,0,0,0,0,0,0,0,5,3,10,4,3,4294967295,31,2,3,4
805,0.899999976,66,69,3,64,64,0,0,0,65,0,9760,9760,1235,1235,0,2342,7418,0,0,0,305,9760,1240,928,32,1021,10,14,0,1048576,0,0,0,inf,inf,1.20988178,1.10970616,1,0,10,66,2,54,10,1,2080,1513,240,240,19,7680,829,928,155,1021,1021,1021,1021,0,0,1021,0,0,0,0,1,4,2,2,0,2,0,0,0,0,2,2,1,1,0,0,0,4,1,0,4,2,4,5,3,3,3,6,13,0,0,0,0,0,0,0,0,0,0,0,0,0,0,0,0,0,0,0,0,0,0,0,0,0,0,0,0,0,0,0,0,5,4294967295,5,5,5,8,4,6,3,6
806,1,69,69,2,64,64,0,0,0,68,0,33152,33152,3171,3171,0,5209,27943,0,0,0,1036,33152,2381,1373,32,1023,10,14,0,1048576,0,0,0,inf,inf,1.00680935,0.884724379,1,0,10,69,2,14,33,21,2176,546,968,968,99,30976,4663,1373,614,1023,1023,1023,1023,298,0,1023,2,5,3,6,5,11,5,6,1,3,4,2,1,2,0,5,1,0,0,1,0,2,0,0,1,0,0,0,1,0,0,1,0,0,0,0,0,0,0,0,0,0,0,0,0,0,0,0,0,0,0,0,0,0,0,0,0,0,0,0,0,0,0,0,0,7,8,6,18,7,10,7,13,8,7
807,1,67,69,3,64,64,0,0,0,66,0,25216,25216,1860,1860,0,4974,20242,0,0,0,788,25216,2169,1291,32,1023,10,14,0,1048576,0,0,0,inf,inf,1.04746449,0.956961155,1,0,10,67,2,30,31,5,2112,792,722,722,167,23104,4182,1291,1173,1021,1023,1023,1023,0,0,1023,1,1,2,0,1,2,7,5,4,5,1,5,2,2,1,10,4,0,3,0,2,4,1,1,0,1,0,0,1,0,0,0,0,0,0,0,0,0,0,0,0,0,0,0,0,0,0,0,0,0,0,0,0,0,0,0,0,0,0,0,0,0,0,0,0,8,40,2,12,3,4,2,10,19,10
808,1,69,69,1,64,64,0,1,0,68,0,50784,50784,3050,3050,0,5411,45373,0,0,0,1587,50784,1857,1344,32,1023,10,14,0,1048576,0,0,0,inf,1.23990393,1.23990393,1.13323903,1,0,10,69,2,7,18,43,2176,336,1519,1519,131,48608,5075,1344,549,872,1023,1023,1023,32,0,1023,12,9,7,6,9,1,3,3,2,2,4,1,2,1,3,1,1,0,0,0,1,0,0,0,0,0,0,0,0,0,0,0,0,0,0,0,0,0,0,0,0,0,0,0,0,0,0,0,0,0,0,0,0,0,0,0,0,0,0,0,0,0,0,0,0,11,13,15,12,10,20,23,13,9,9
809,1,67,69,3,64,64,0,0,0,66,0,6496,6496,887,887,0,2319,4177,0,0,0,203,6496,1222,1022,32,1023,10,14,0,1048576,0,0,0,inf,inf,0.941284895,0.856155396,1,0,10,67,2,59,7,0,2112,1406,137,137,37,4384,913,1022,289,1023,926,1023,1023,0,0,1023,0,0,0,0,0,0,1,0,0,3,2,1,0,1,2,6,4,1,1,4,3,4,2,6,3,3,1,2,2,3,4,4,3,0,0,0,0,0,0,0,0,0,0,0,0,0,0,0,0,0,0,0,0,0,0,0,0,0,0,0,0,0,0,0,0,23,4,2,3,4,32,20,7,3,3
810,1,67,69,3,64,64,0,0,0,66,0,4768,4768,976,976,0,2322,2446,0,0,0,149,4768,1113,1022,32,1023,10,14,0,1048576,0,0,0,inf,inf,0.98148793,0.874630928,1,0,10,67,2,62,3,1,2112,1640,83,83,32,2656,682,1022,179,1023,971,1023,1023,0,0,1023,0,0,0,1,0,0,0,0,1,0,0,1,1,0,1,2,1,0,1,5,1,2,2,5,2,4,3,3,2,10,4,9,5,0,0,0,0,0,0,0,0,0,0,0,0,0,0,0,0,0,0,0,0,0,0,0,0,0,0,0,0,0,0,0,0,5,6,14,4,7,8,4,5,7,19
811,1,69,69,2,64,64,0,0,0,68,0,13760,13760,1569,1569,0,3201,10559,0,0,0,430,13760,1420,1012,32,1023,10,14,0,1048576,0,0,0,inf,inf,1.01112318,0.920365095,1,0,10,69,2,50,14,4,2176,1215,362,362,62,11584,1986,1012,376,1023,1023,1023,1023,0,0,1023,1,2,0,0,1,1,1,1,2,3,1,3,2,3,2,4,0,3,5,2,6,1,3,3,2,3,3,0,2,2,3,2,1,0,0,0,0,0,0,0,0,0,0,0,0,0,0,0,0,0,0,0,0,0,0,0,0,0,0,0,0,0,0,0,0,5,4,52,6,52,52,4,4,4,56
812,1,68,69,3,64,64,0,0,0,67,0,2144,2144,869,869,0,1931,213,0,0,0,67,2144,1072,1062,32,1023,10,14,0,1048576,0,0,0,inf,inf,1.00363922,0.921010971,1,0,10,68,2,67,0,0,2144,1931,0,0,0,0,0,1062,0,1023,0,1023,1023,0,0,1023,0,0,0,0,0,0,0,0,0,0,0,0,0,0,0,1,0,0,0,2,1,0,2,2,1,3,1,3,5,4,13,12,17,0,0,0,0,0,0,0,0,0,0,0,0,0,0,0,0,0,0,0,0,0,0,0,0,0,0,0,0,0,0,0,0,44,7,46,5,43,44,8,6,6,9
813,1,69,69,1,64,64,0,1,0,68,0,22464,22464,1706,1706,0,4791,17673,0,0,0,702,22464,1952,1272,32,1023,10,14,0,1048576,0,0,0,inf,1.13854957,1.13854957,1.03060961,1,0,10,69,2,37,24,7,2176,969,634,634,185,20288,3822,1272,1187,1019,1023,1023,1023,208,0,1023,0,2,3,0,2,1,3,5,3,5,3,3,1,3,0,4,3,2,4,1,3,3,3,3,1,1,2,0,1,0,1,2,0,0,0,0,0,0,0,0,0,0,0,0,0,0,0,0,0,0,0,0,0,0,0,0,0,0,0,0,0,0,0,0,0,23,14,29,6,11,9,12,8,8,8
814,1,67,69,3,64,64,0,0,0,66,0,53344,53344,3357,3357,0,5511,47833,0,0,0,1667,53344,2089,1268,32,1023,10,14,0,1048576,0,0,0,inf,inf,1.2467885,1.12819743,1,0,10,67,2,1,28,37,2112,284,1601,1601,106,51232,5227,1268,519,268,1023,1023,1023,0,0,1023,11,9,9,3,5,6,5,4,4,3,3,0,3,0,0,1,0,0,0,0,0,0,0,0,0,0,0,0,0,0,0,0,0,0,0,0,0,0,0,0,0,0,0,0,0,0,0,0,0,0,0,0,0,0,0,0,0,0,0,0,0,0,0,0,0,9,11,10,6,3,11,16,6,13,6
815,1,69,69,2,64,64,0,0,0,68,0,21408,21408,1775,1775,0,4727,16681,0,0,0,669,21408,2041,1321,32,1023,10,14,0,1048576,0,0,0,inf,inf,1.08410549,0.97044307,1,0,10,69,2,38,25,5,2176,983,601,601,157,19232,3744,1321,988,1011,1023,1023,1023,32,0,1023,1,1,2,0,1,3,3,4,3,4,1,6,1,3,1,3,5,3,2,1,2,4,2,3,1,2,2,0,2,0,0,2,0,0,0,0,0,0,0,0,0,0,0,0,0,0,0,0,0,0,0,0,0,0,0,0,0,0,0,0,0,0,0,0,0,7,19,39,26,11,34,8,6,7,16
816,1,68,69,3,64,64,0,0,0,67,0,34944,34944,3217,3217,0,6190,28754,0,0,0,1092,34944,2472,1411,32,1023,10,14,0,1048576,0,0,0,inf,inf,1.09349751,0.965216339,1,0,10,68,2,17,36,14,2144,612,1025,1025,157,32800,5578,1411,1057,1023,1023,1023,1023,0,0,1023,2,1,2,4,5,8,9,5,6,0,2,1,5,2,3,1,3,1,0,0,0,3,2,1,0,0,0,0,0,1,0,0,0,0,0,0,0,0,0,0,0,0,0,0,0,0,0,0,0,0,0,0,0,0,0,0,0,0,0,0,0,0,0,0,0,5,5,4,7,5,6,4,15,4,5
817,1,68,69,3,64,64,0,0,0,67,0,4576,4576,989,989,0,2336,2240,0,0,0,143,4576,1166,1047,32,1023,10,14,0,1048576,0,0,0,inf,inf,0.934221208,0.845862508,1,0,10,68,2,63,4,0,2144,1714,76,76,33,2432,622,1047,165,1023,983,1023,1023,0,0,1023,0,0,0,0,0,0,0,0,1,0,0,1,2,0,0,2,0,0,1,4,1,2,2,4,4,5,2,4,2,10,5,8,7,0,0,0,0,0,0,0,0,0,0,0,0,0,0,0,0,0,0,0,0,0,0,0,0,0,0,0,0,0,0,0,0,6,7,9,23,8,7,4,8,6,7
818,1,69,69,1,64,64,0,3,0,68,0,21536,21536,2420,2420,0,4046,17490,0,0,0,673,21536,1676,966,32,1023,10,14,0,1048576,0,0,0,inf,1.20413947,1.20561051,1.13630509,1,0,10,69,2,35,24,9,2176,900,605,605,69,19360,3146,966,451,1007,1023,1023,1023,0,0,1023,0,1,0,7,1,2,1,5,4,4,5,1,2,4,4,3,1,2,4,1,3,2,0,2,4,2,1,1,0,1,0,0,0,0,0,0,0,0,0,0,0,0,0,0,0,0,0,0,0,0,0,0,0,0,0,0,0,0,0,0,0,0,0,0,0,11,10,12,12,15,10,12,8,11,10
819,1,66,69,3,64,64,0,0,0,65,0,8832,8832,1095,1095,0,2886,5946,0,0,0,276,8832,1324,1060,32,1023,10,14,0,1048576,0,0,0,inf,inf,0.982366681,0.888954282,1,0,10,66,2,55,9,1,2080,1357,211,211,65,6752,1529,1060,393,767,1011,1023,1023,0,0,1023,0,0,0,1,0,0,1,1,1,3,2,1,0,1,1,5,2,1,2,4,3,2,2,6,4,3,1,3,2,3,4,5,1,0,0,0,0,0,0,0,0,0,0,0,0,0,0,0,0,0,0,0,0,0,0,0,0,0,0,0,0,0,0,0,0,4,2,38,11,18,3,12,3,34,8
820,1,69,69,1,64,64,0,1,0,68,0,24448,24448,2095,2095,0,5074,19374,0,0,0,764,24448,2311,1439,32,1023,10,14,0,1048576,0,0,0,inf,1.12515652,1.12515652,1.02429903,1,0,10,69,2,33,30,5,2176,913,696,696,124,22272,4161,1439,946,1017,1023,1023,1023,512,0,1023,0,1,1,1,2,4,5,6,2,6,1,4,2,4,0,4,2,2,3,2,1,1,4,3,0,2,1,0,3,0,0,1,0,0,0,0,0,0,0,0,0,0,0,0,0,0,0,0,0,0,0,0,0,0,0,0,0,0,0,0,0,0,0,0,0,32,22,24,10,8,10,16,10,10,13
821,1,67,69,3,64,64,0,0,0,66,0,29056,29056,3017,3017,0,5740,23316,0,0,0,908,29056,2318,1281,32,1023,10,14,0,1048576,0,0,0,inf,inf,1.08671474,0.975459278,1,0,10,67,2,23,35,8,2112,702,842,842,144,26944,5038,1281,871,1023,1023,1023,1023,0,0,1023,0,1,2,2,3,5,8,5,6,3,1,2,5,2,4,3,2,2,0,0,3,5,1,0,1,0,0,0,0,0,0,0,0,0,0,0,0,0,0,0,0,0,0,0,0,0,0,0,0,0,0,0,0,0,0,0,0,0,0,0,0,0,0,0,0,5,5,4,5,3,5,5,4,4,4
822,1,68,69,3,64,64,0,0,0,67,0,4768,4768,1132,1132,0,2592,2176,0,0,0,149,4768,1105,954,32,1023,10,14,0,1048576,0,0,0,inf,inf,0.937847257,0.822616994,1,0,10,68,2,62,5,0,2144,1737,82,82,42,2624,855,954,281,1023,232,1023,1023,8,0,1023,0,0,0,0,0,0,0,0,1,1,0,1,2,0,1,1,1,0,0,4,0,1,1,3,4,4,1,4,2,13,3,9,10,0,0,0,0,0,0,0,0,0,0,0,0,0,0,0,0,0,0,0,0,0,0,0,0,0,0,0,0,0,0,0,0,4,5,15,17,8,8,5,11,4,7
823,1,68,69,3,64,64,0,0,0,67,0,29504,29504,2338,2338,0,5607,23897,0,0,0,922,29504,2496,1495,32,1023,10,14,0,1048576,0,0,0,inf,inf,1.15042913,1.0517695,1,0,10,68,2,23,35,9,2144,736,855,855,139,27360,4871,1495,1132,1022,1023,1023,1023,0,0,1023,1,3,1,1,3,4,4,6,5,6,2,6,2,1,1,4,3,2,3,1,2,1,1,1,0,1,1,1,0,0,0,0,0,0,0,0,0,0,0,0,0,0,0,0,0,0,0,0,0,0,0,0,0,0,0,0,0,0,0,0,0,0,0,0,0,11,3,7,18,18,7,7,5,10,8
824,0.899999976,66,69,3,64,64,0,0,0,65,0,15008,15008,1495,1495,0,2446,12562,0,0,0,469,15008,1020,655,32,991,10,14,0,1048576,0,0,0,inf,inf,1.29736519,1.18929386,1,0,10,66,2,47,12,6,2080,1145,404,404,26,12928,1301,655,219,990,991,991,991,0,0,991,2,2,0,1,1,1,0,2,2,1,1,2,3,1,2,3,5,2,1,4,1,4,3,2,2,3,2,3,6,1,1,1,0,0,0,0,0,0,0,0,0,0,0,0,0,0,0,0,0,0,0,0,0,0,0,0,0,0,0,0,0,0,0,0,0,15,13,13,3,15,4294967295,3,3,15,3
825,0.899999976,67,69,3,64,64,0,0,0,66,0,55936,55936,3071,3071,0,4759,51177,0,0,0,1748,55936,1540,1081,32,895,10,14,0,1048576,0,0,0,inf,inf,1.31545687,1.2040633,1,0,10,67,2,0,16,50,2112,192,1682,1682,83,53824,4567,1081,396,616,895,895,895,0,0,895,15,13,8,5,9,3,4,4,2,1,2,0,0,0,0,0,0,0,0,0,0,0,0,0,0,0,0,0,0,0,0,0,0,0,0,0,0,0,0,0,0,0,0,0,0,0,0,0,0,0,0,0,0,0,0,0,0,0,0,0,0,0,0,0,0,7,9,9,13,6,8,7,4294967295,30,4
826,1,69,69,1,64,64,0,1,0,68,0,23424,23424,1794,1794,0,3687,19737,0,0,0,732,23424,1311,873,32,1023,10,14,0,1048576,0,0,0,inf,1.12738585,1.1288352,1.04341674,1,0,10,69,2,41,15,12,2176,911,664,664,102,21248,2776,873,546,888,495,1023,1023,4,0,1023,4,1,2,0,5,0,3,3,4,1,2,2,0,2,4,3,4,0,6,8,3,1,5,2,1,1,0,1,0,0,0,0,0,0,0,0,0,0,0,0,0,0,0,0,0,0,0,0,0,0,0,0,0,0,0,0,0,0,0,0,0,0,0,0,0,62,55,63,7,2,6,53,56,8,17
827,1,67,69,3,64,64,0,0,0,66,0,26880,26880,2291,2291,0,4727,22153,0,0,0,840,26880,2183,1250,32,1023,10,14,0,1048576,0,0,0,inf,inf,1.06852388,1.00415874,1,0,10,67,2,26,32,8,2112,785,774,774,135,24768,3942,1250,784,1019,1023,1023,1023,0,0,1023,2,2,0,0,4,4,6,3,4,5,5,1,4,4,1,4,1,1,3,1,2,3,0,0,0,1,0,1,1,2,0,1,0,0,0,0,0,0,0,0,0,0,0,0,0,0,0,0,0,0,0,0,0,0,0,0,0,0,0,0,0,0,0,0,0,32,34,47,4,31,5,33,3,11,34
828,1,66,69,3,64,64,0,0,0,65,0,3200,3200,782,782,0,1919,1281,0,0,0,100,3200,1069,1001,32,1023,10,14,0,1048576,0,0,0,inf,inf,0.974831939,0.894328356,1,0,10,66,2,63,2,0,2080,1569,35,35,4,1120,350,1001,55,1023,446,1023,1023,0,0,1023,0,0,0,0,0,0,0,0,1,0,0,0,1,0,1,4,1,1,3,4,2,3,3,4,3,4,3,5,2,5,4,7,4,0,0,0,0,0,0,0,0,0,0,0,0,0,0,0,0,0,0,0,0,0,0,0,0,0,0,0,0,0,0,0,0,15,8,11,6,6,5,5,7,6,5
829,1,69,69,1,64,64,0,2,0,68,0,4992,4992,933,933,0,2281,2711,0,0,0,156,4992,1181,1050,32,1023,10,14,0,1048576,0,0,0,inf,1.01055622,1.01223266,0.918237925,1,0,10,69,2,63,4,1,2176,1536,88,88,28,2816,745,1050,151,1023,487,1023,1023,0,0,1023,0,0,0,1,0,0,1,0,1,0,0,0,2,2,1,4,2,1,3,6,1,3,2,5,3,3,2,3,4,5,6,5,2,0,0,0,0,0,0,0,0,0,0,0,0,0,0,0,0,0,0,0,0,0,0,0,0,0,0,0,0,0,0,0,0,10,10,10,7,7,6,10,9,11,13
830,0.899999976,67,69,3,64,64,0,0,0,66,0,8320,8320,1123,1123,0,2017,6303,0,0,0,260,8320,999,822,32,1007,10,14,0,1048576,0,0,0,inf,inf,1.28681779,1.19909453,1,0,10,67,2,58,6,2,2112,1537,194,194,4,6208,480,822,52,1007,482,1007,1007,0,0,1007,0,0,0,0,2,1,1,0,0,1,2,1,0,0,3,2,1,2,2,0,1,2,2,2,3,3,5,6,4,3,5,4,8,0,0,0,0,0,0,0,0,0,0,0,0,0,0,0,0,0,0,0,0,0,0,0,0,0,0,0,0,0,0,0,0,5,12,5,16,4294967295,8,3,4,14,6
831,1,67,69,3,64,64,0,0,0,66,0,12736,12736,1522,1522,0,2600,10136,0,0,0,398,12736,1186,892,32,1023,10,14,0,1048576,0,0,0,inf,inf,1.17604423,1.05660772,1,0,10,67,2,52,10,4,2112,1526,332,332,15,10624,1074,892,101,1023,511,1023,1023,0,0,1023,0,0,2,1,1,1,1,2,2,1,2,0,1,0,0,1,0,2,2,1,0,0,0,1,2,2,1,5,7,7,8,8,5,0,0,0,0,0,0,0,0,0,0,0,0,0,0,0,0,0,0,0,0,0,0,0,0,0,0,0,0,0,0,0,0,7,3,7,6,4,11,7,4,4,5
832,0.800000012,67,69,3,64,64,0,0,0,66,0,29120,29120,1788,1788,0,3522,25598,0,0,0,910,29120,1612,1153,32,509,10,14,0,1048576,0,0,0,inf,inf,1.38632417,1.27248526,1,0,10,67,2,29,16,21,2112,821,844,844,53,27008,2701,1153,415,317,509,509,509,4,0,509,6,3,3,6,3,3,1,2,0,1,1,2,6,3,2,1,1,0,2,0,4,0,2,2,1,3,1,2,0,0,4,1,0,0,0,0,0,0,0,0,0,0,0,0,0,0,0,0,0,0,0,0,0,0,0,0,0,0,0,0,0,0,0,0,0,13,4294967295,6,5,2,8,19,24,3,4294967295
833,1,67,69,3,64,64,0,0,0,66,0,27520,27520,1897,1897,0,3115,24405,0,0,0,860,27520,1202,773,32,1023,10,14,0,1048576,0,0,0,inf,inf,1.35013175,1.26133347,1,0,10,67,2,33,14,19,2112,893,794,794,54,25408,2222,773,313,378,1023,1023,1023,0,0,1023,5,5,2,3,4,3,2,0,1,0,2,3,3,1,1,2,2,3,1,2,0,3,1,1,3,2,3,2,3,0,0,3,0,0,0,0,0,0,0,0,0,0,0,0,0,0,0,0,0,0,0,0,0,0,0,0,0,0,0,0,0,0,0,0,0,14,12,5,2,14,2,5,44,3,5
834,1,67,69,3,64,64,0,0,0,66,0,29024,29024,1802,1802,0,3501,25523,0,0,0,907,29024,1280,949,32,1023,10,14,0,1048576,0,0,0,inf,inf,1.39903772,1.30541861,1,0,10,67,2,33,12,21,2112,879,841,841,78,26912,2622,949,431,1018,1023,1023,1023,0,0,1023,5,3,5,7,1,0,1,2,2,1,2,2,2,1,2,1,3,1,1,1,3,3,3,0,1,2,3,2,3,0,1,1,1,0,0,0,0,0,0,0,0,0,0,0,0,0,0,0,0,0,0,0,0,0,0,0,0,0,0,0,0,0,0,0,0,31,5,21,14,9,6,12,7,9,7
835,1,69,69,2,64,64,0,0,0,68,0,34496,34496,3297,3297,0,5481,29015,0,0,0,1078,34496,2155,1256,32,1023,10,14,0,1048576,0,0,0,inf,inf,1.02184105,0.928565025,1,0,10,69,2,20,31,17,2176,651,1010,1010,89,32320,4830,1256,642,1016,1023,1023,1023,64,0,1023,1,7,6,1,2,5,2,7,2,1,8,3,3,2,0,2,2,1,7,3,1,0,0,0,0,0,1,1,0,0,0,0,0,0,0,0,0,0,0,0,0,0,0,0,0,0,0,0,0,0,0,0,0,0,0,0,0,0,0,0,0,0,0,0,0,67,3,5,8,6,10,14,5,4,7
836,1,67,69,3,64,64,0,0,0,66,0,9984,9984,1632,1632,0,2558,7426,0,0,0,312,9984,897,518,32,1023,10,14,0,1048576,0,0,0,inf,inf,0.96921736,0.884879589,1,0,10,67,2,53,13,0,2112,1260,246,246,64,7872,1298,518,217,1023,1023,1023,1023,130,0,1023,0,0,0,0,0,0,1,1,1,1,2,4,3,2,4,4,2,2,3,3,4,1,2,6,6,3,3,0,3,3,2,0,0,0,0,0,0,0,0,0,0,0,0,0,0,0,0,0,0,0,0,0,0,0,0,0,0,0,0,0,0,0,0,0,0,9,10,4,3,2,3,3,10,8,2
837,1,65,69,3,64,64,0,0,0,64,0,21760,21760,1668,1668,0,2973,18787,0,0,0,680,21760,1168,777,32,1023,10,14,0,1048576,0,0,0,inf,inf,1.30520332,1.21017694,1,0,10,65,2,39,13,12,2048,1040,616,616,59,19712,1933,777,347,1014,1023,1023,1023,0,0,1023,4,3,2,1,2,2,3,1,1,0,2,4,0,0,0,2,1,3,2,3,0,3,1,3,3,3,3,2,5,1,1,3,0,0,0,0,0,0,0,0,0,0,0,0,0,0,0,0,0,0,0,0,0,0,0,0,0,0,0,0,0,0,0,0,0,4,3,2,56,2,2,4,10,4,4
838,1,66,69,3,64,64,0,0,0,65,0,24672,24672,2766,2766,0,5058,19614,0,0,0,771,24672,1984,1108,32,1023,10,14,0,1048576,0,0,0,inf,inf,1.14668465,1.05824947,1,0,10,66,2,28,29,8,2080,771,706,706,89,22592,4287,1108,674,959,1023,1023,1023,64,0,1023,1,1,1,1,4,3,5,3,5,4,2,3,4,2,5,2,2,1,4,0,3,5,2,0,1,0,1,0,0,0,0,0,0,0,0,0,0,0,0,0,0,0,0,0,0,0,0,0,0,0,0,0,0,0,0,0,0,0,0,0,0,0,0,0,0,2,3,3,3,3,4,21,7,2,3
839,1,68,69,3,64,64,0,0,0,67,0,4224,4224,904,904,0,2251,1973,0,0,0,132,4224,1121,992,32,1023,10,14,0,1048576,0,0,0,inf,inf,1.03128076,0.936357558,1,0,10,68,2,63,4,0,2144,1557,65,65,23,2080,694,992,164,1023,559,1023,1023,0,0,1023,0,0,0,0,0,0,0,0,1,1,0,0,2,0,1,5,3,1,2,5,1,4,3,3,2,3,2,9,1,6,4,4,4,0,0,0,0,0,0,0,0,0,0,0,0,0,0,0,0,0,0,0,0,0,0,0,0,0,0,0,0,0,0,0,0,4,15,5,5,11,6,4,8,5,3
840,1,67,69,3,64,64,0,0,0,66,0,3680,3680,1239,1239,0,1977,1703,0,0,0,115,3680,752,680,32,1023,10,14,0,1048576,0,0,0,inf,inf,0.877256215,0.785447478,1,0,10,67,2,64,2,0,2112,1803,49,49,16,1568,174,680,13,1023,28,1023,1023,0,0,1023,0,0,0,0,0,0,0,2,0,0,0,0,0,0,0,0,0,2,0,2,0,2,0,2,1,1,3,6,7,15,9,9,5,0,0,0,0,0,0,0,0,0,0,0,0,0,0,0,0,0,0,0,0,0,0,0,0,0,0,0,0,0,0,0,0,4,5,5,5,3,13,3,3,4,4
841,1,66,69,3,64,64,0,0,0,65,0,26432,26432,2747,2747,0,5307,21125,0,0,0,826,26432,2144,1227,32,1023,10,14,0,1048576,0,0,0,inf,inf,1.13787913,1.05186355,1,0,10,66,2,27,31,7,2080,737,761,761,104,24352,4570,1227,778,1023,1023,1023,1023,0,0,1023,1,2,1,2,1,6,6,4,4,3,2,1,5,3,5,2,3,2,1,0,2,4,3,0,1,0,1,0,0,0,0,0,0,0,0,0,0,0,0,0,0,0,0,0,0,0,0,0,0,0,0,0,0,0,0,0,0,0,0,0,0,0,0,0,0,7,2,3,3,3,4,11,3,3,3
842,1,68,69,3,64,64,0,0,0,67,0,3264,3264,789,789,0,2168,1096,0,0,0,102,3264,1246,1180,32,1023,10,14,0,1048576,0,0,0,inf,inf,0.995691359,0.922384381,1,0,10,68,2,65,2,0,2144,1818,35,35,19,1120,350,1180,78,1023,68,1023,1023,0,0,1023,0,0,0,0,0,0,0,0,1,0,0,0,1,0,0,2,1,0,1,2,1,3,4,3,0,2,0,3,5,4,4,11,19,0,0,0,0,0,0,0,0,0,0,0,0,0,0,0,0,0,0,0,0,0,0,0,0,0,0,0,0,0,0,0,0,17,6,5,15,17,22,6,45,18,18
843,1,66,69,3,64,64,0,0,0,65,0,25696,25696,2829,2829,0,5052,20644,0,0,0,803,25696,2057,1125,32,1023,10,14,0,1048576,0,0,0,inf,inf,1.14382565,1.04319179,1,0,10,66,2,26,31,8,2080,726,738,738,96,23616,4326,1125,683,1023,1023,1023,1023,0,0,1023,1,2,0,0,5,4,5,4,6,5,4,1,2,2,5,2,4,1,2,0,1,6,1,1,1,0,0,0,0,0,0,0,0,0,0,0,0,0,0,0,0,0,0,0,0,0,0,0,0,0,0,0,0,0,0,0,0,0,0,0,0,0,0,0,0,2,3,3,3,2,3,5,3,3,10
844,1,68,69,3,64,64,0,0,0,67,0,5408,5408,938,938,0,2496,2912,0,0,0,169,5408,1194,1013,32,1023,10,14,0,1048576,0,0,0,inf,inf,1.03280163,0.935248852,1,0,10,68,2,61,6,0,2144,1529,102,102,46,3264,967,1013,277,1023,1015,1023,1023,0,0,1023,0,0,0,0,0,0,0,0,1,1,0,1,3,0,0,5,3,1,2,6,1,3,4,3,3,3,2,6,1,7,3,3,5,0,0,0,0,0,0,0,0,0,0,0,0,0,0,0,0,0,0,0,0,0,0,0,0,0,0,0,0,0,0,0,0,4,4,5,14,9,3,5,4,9,5
845,1,67,69,3,64,64,0,0,0,66,0,26144,26144,2964,2964,0,5384,20760,0,0,0,817,26144,2227,1213,32,1023,10,14,0,1048576,0,0,0,inf,inf,1.11114848,1.00563037,1,0,10,67,2,26,34,6,2112,738,751,751,113,24032,4646,1213,772,511,1023,1023,1023,0,0,1023,0,2,0,2,2,6,7,5,6,3,1,2,4,2,4,1,6,1,2,0,2,5,1,1,1,0,0,0,0,0,0,0,0,0,0,0,0,0,0,0,0,0,0,0,0,0,0,0,0,0,0,0,0,0,0,0,0,0,0,0,0,0,0,0,0,2,5,3,3,3,10,53,3,3,10
846,1,68,69,3,64,64,0,0,0,67,0,2880,2880,1409,1409,0,2215,665,0,0,0,90,2880,686,652,32,1023,10,14,0,1048576,0,0,0,inf,inf,0.912233353,0.787515283,1,0,10,68,2,66,1,0,2144,2034,23,23,15,736,181,652,113,1023,0,1023,1023,0,0,1023,0,0,0,0,0,0,0,0,0,1,0,0,0,0,0,1,1,0,0,0,0,0,1,0,0,1,0,1,0,2,4,18,37,0,0,0,0,0,0,0,0,0,0,0,0,0,0,0,0,0,0,0,0,0,0,0,0,0,0,0,0,0,0,0,0,3,4,4,6,5,7,9,5,7,7
847,1,69,69,1,64,64,0,1,0,68,0,4640,4640,848,848,0,2341,2299,0,0,0,145,4640,1290,1165,32,1023,10,14,0,1048576,0,0,0,inf,1.00490332,1.00490332,0.911674142,1,0,10,69,2,64,4,0,2176,1692,77,77,34,2464,649,1165,187,1023,485,1023,1023,0,0,1023,0,0,0,0,0,0,0,0,1,0,2,0,1,0,0,3,1,1,2,4,1,3,5,2,3,3,3,4,3,5,2,7,12,0,0,0,0,0,0,0,0,0,0,0,0,0,0,0,0,0,0,0,0,0,0,0,0,0,0,0,0,0,0,0,0,11,11,17,8,12,18,18,12,19,23
848,1,69,69,1,64,64,0,4,0,68,0,28992,28992,2215,2215,0,5107,23885,0,0,0,906,28992,2216,1368,32,1023,10,14,0,1048576,0,0,0,inf,1.10232687,1.11035931,1.01377499,1,0,10,69,2,28,29,11,2176,744,838,838,149,26816,4363,1368,961,1015,1023,1023,1023,384,0,1023,0,4,3,3,1,2,4,5,5,4,4,5,0,3,1,8,4,0,3,1,3,3,0,1,0,1,0,0,0,0,0,0,0,0,0,0,0,0,0,0,0,0,0,0,0,0,0,0,0,0,0,0,0,0,0,0,0,0,0,0,0,0,0,0,0,16,8,7,53,53,3,8,47,45,26
849,1,68,69,3,64,64,0,0,0,67,0,3968,3968,873,873,0,2230,1738,0,0,0,124,3968,1221,1125,32,1023,10,14,0,1048576,0,0,0,inf,inf,0.991749704,0.917960167,1,0,10,68,2,64,3,0,2144,1720,57,57,18,1824,510,1125,142,1023,23,1023,1023,0,0,1023,0,0,0,0,0,0,0,0,1,0,1,0,1,0,0,3,1,0,1,4,1,2,4,3,2,4,3,5,2,7,1,6,15,0,0,0,0,0,0,0,0,0,0,0,0,0,0,0,0,0,0,0,0,0,0,0,0,0,0,0,0,0,0,0,0,5,17,18,6,18,4,5,4,6,23
850,1,69,69,1,64,64,0,3,0,68,0,22176,22176,1625,1625,0,4630,17546,0,0,0,693,22176,2061,1363,32,1023,10,14,0,1048576,0,0,0,inf,1.01127219,1.04633141,0.957391739,1,0,10,69,2,38,24,6,2176,944,625,625,148,20000,3686,1363,932,1015,1023,1023,1023,624,0,1023,0,2,0,1,3,3,2,6,3,4,2,4,0,2,0,7,4,1,3,5,4,3,1,2,2,1,1,0,0,0,0,1,1,0,0,0,0,0,0,0,0,0,0,0,0,0,0,0,0,0,0,0,0,0,0,0,0,0,0,0,0,0,0,0,0,10,29,18,24,20,18,16,25,18,18
851,1,67,69,3,64,64,0,0,0,66,0,29312,29312,3213,3213,0,4634,24678,0,0,0,916,29312,2133,1089,32,1023,10,14,0,1048576,0,0,0,inf,inf,0.965977073,0.839871287,1,0,10,67,2,13,35,18,2112,593,850,850,55,27200,4041,1089,457,1023,1023,1023,1023,0,0,1023,1,3,3,6,5,6,5,5,3,1,1,7,7,1,1,0,1,1,1,2,2,1,1,1,0,1,0,0,0,0,0,0,0,0,0,0,0,0,0,0,0,0,0,0,0,0,0,0,0,0,0,0,0,0,0,0,0,0,0,0,0,0,0,0,0,4,6,4,42,3,3,4,6,2,4
852,1,68,69,3,64,64,0,0,0,67,0,56192,56192,2889,2889,0,4585,51607,0,0,0,1756,56192,1514,1138,32,1023,10,14,0,1048576,0,0,0,inf,inf,1.31805515,1.22192621,1,0,10,68,2,3,13,51,2144,208,1689,1689,96,54048,4377,1138,390,100,1023,1023,1023,0,0,1023,16,15,10,5,5,1,4,5,0,0,2,0,1,1,1,1,0,0,0,0,0,0,0,0,0,0,0,0,0,0,0,0,0,0,0,0,0,0,0,0,0,0,0,0,0,0,0,0,0,0,0,0,0,0,0,0,0,0,0,0,0,0,0,0,0,23,20,18,19,23,33,6,21,21,6
853,0.899999976,66,69,3,64,64,0,0,0,65,0,20256,20256,1884,1884,0,2472,17784,0,0,0,633,20256,918,515,32,1007,10,14,0,1048576,0,0,0,inf,inf,1.27153122,1.14766908,1,0,10,66,2,41,13,11,2080,1116,568,568,20,18176,1356,515,74,1007,975,1007,1007,0,0,1007,2,3,2,3,1,3,3,1,3,1,0,0,2,1,0,5,2,1,0,0,1,3,1,3,0,3,1,4,4,1,5,4,2,0,0,0,0,0,0,0,0,0,0,0,0,0,0,0,0,0,0,0,0,0,0,0,0,0,0,0,0,0,0,0,0,1,14,1,4,4294967295,4,13,2,1,1
854,0.899999976,68,69,3,64,64,0,0,0,67,0,19296,19296,1531,1531,0,4476,14820,0,0,0,603,19296,2000,1327,32,767,10,14,0,1048576,0,0,0,inf,inf,1.03318226,0.964013398,1,0,10,68,2,41,24,2,2144,1033,536,536,143,17152,3443,1327,891,767,767,767,767,64,0,767,0,0,0,2,0,4,1,4,5,3,1,5,1,3,1,4,3,2,4,2,1,6,2,2,3,3,1,0,3,0,0,1,0,0,0,0,0,0,0,0,0,0,0,0,0,0,0,0,0,0,0,0,0,0,0,0,0,0,0,0,0,0,0,0,0,16,22,24,22,14,20,17,24,4294967295,20
855,0.800000012,66,69,3,64,64,0,0,0,65,0,19296,19296,1567,1567,0,2940,16356,0,0,0,603,19296,1181,783,32,957,10,14,0,1048576,0,0,0,inf,inf,1.28763771,1.19804466,1,0,10,66,2,43,13,9,2080,1073,538,538,33,17216,1867,783,381,933,957,957,957,0,0,957,2,4,0,1,2,2,3,1,0,1,1,4,1,1,1,4,4,3,1,3,0,3,2,1,5,2,2,2,4,0,2,3,0,0,0,0,0,0,0,0,0,0,0,0,0,0,0,0,0,0,0,0,0,0,0,0,0,0,0,0,0,0,0,0,0,2,4294967295,2,5,31,7,4294967295,5,5,3
856,0.899999976,66,69,3,64,64,0,0,0,65,0,19648,19648,2167,2167,0,3070,16578,0,0,0,614,19648,1305,782,32,991,10,14,0,1048576,0,0,0,inf,inf,1.27862716,1.17810178,1,0,10,66,2,40,17,8,2080,982,549,549,12,17568,2088,782,131,973,415,991,991,0,0,991,0,5,1,1,1,2,3,5,2,1,0,2,2,1,3,3,2,3,3,3,4,3,2,2,0,3,0,2,1,2,2,0,1,0,0,0,0,0,0,0,0,0,0,0,0,0,0,0,0,0,0,0,0,0,0,0,0,0,0,0,0,0,0,0,0,10,6,4,20,5,4294967295,1,20,5,9
857,1,68,69,3,64,64,0,0,0,67,0,2880,2880,1348,1348,0,2183,697,0,0,0,90,2880,716,682,32,1023,10,14,0,1048576,0,0,0,inf,inf,0.947081923,0.826123595,1,0,10,68,2,66,1,0,2144,2002,23,23,15,736,181,682,113,1023,0,1023,1023,0,0,1023,0,0,0,0,0,0,0,0,0,1,0,0,0,0,0,1,1,0,0,1,0,1,1,0,0,1,0,2,0,3,5,16,34,0,0,0,0,0,0,0,0,0,0,0,0,0,0,0,0,0,0,0,0,0,0,0,0,0,0,0,0,0,0,0,0,3,4,4,4,5,6,8,4,5,5
858,1,69,69,1,64,64,0,4,0,68,0,2176,2176,1397,1397,0,2078,98,0,0,0,68,2176,691,681,32,1023,10,14,0,1048576,0,0,0,inf,0.925604284,0.934199393,0.770074844,1,0,10,69,2,68,0,0,2176,2078,0,0,0,0,0,681,0,1023,0,1023,1023,0,0,1023,0,0,0,0,0,0,0,0,0,0,0,0,0,0,0,0,0,1,0,0,0,0,0,1,0,0,1,5,0,3,5,24,28,0,0,0,0,0,0,0,0,0,0,0,0,0,0,0,0,0,0,0,0,0,0,0,0,0,0,0,0,0,0,0,0,9,11,12,12,11,12,12,13,11,12
859,1,69,69,1,64,64,0,5,0,68,0,2176,2176,1362,1362,0,2088,88,0,0,0,68,2176,736,726,32,1023,10,14,0,1048576,0,0,0,inf,0.980813742,0.989491701,0.863877714,1,0,10,69,2,68,0,0,2176,2088,0,0,0,0,0,726,0,1023,0,1023,1023,0,0,1023,0,0,0,0,0,0,0,0,0,0,0,0,0,0,0,0,0,0,0,0,0,0,0,1,0,1,0,4,4,3,6,15,34,0,0,0,0,0,0,0,0,0,0,0,0,0,0,0,0,0,0,0,0,0,0,0,0,0,0,0,0,0,0,0,0,12,10,15,10,16,9,10,13,15,12
860,1,68,69,3,64,64,0,0,0,67,0,22112,22112,2385,2385,0,3028,19084,0,0,0,691,22112,1246,688,32,1023,10,14,0,1048576,0,0,0,inf,inf,1.09710336,0.997802019,1,0,10,68,2,37,18,12,2144,900,624,624,9,19968,2128,688,62,1019,1023,1023,1023,0,0,1023,1,4,3,3,1,3,2,6,2,1,1,3,0,3,4,2,1,2,3,3,3,3,2,3,1,2,0,1,1,1,2,0,0,0,0,0,0,0,0,0,0,0,0,0,0,0,0,0,0,0,0,0,0,0,0,0,0,0,0,0,0,0,0,0,0,8,9,8,9,9,5,10,7,8,7
861,0.800000012,68,69,3,64,64,0,0,0,67,0,28224,28224,2083,2083,0,4683,23541,0,0,0,882,28224,2185,1381,32,959,10,14,0,1048576,0,0,0,inf,inf,1.32550895,1.2611208,1,0,10,68,2,31,28,8,2144,912,815,815,127,26080,3771,1381,742,318,959,958,958,1,0,958,0,2,2,2,2,5,5,6,2,1,2,5,2,1,2,1,1,3,0,4,3,1,0,2,3,1,4,2,0,1,1,1,0,0,0,0,0,0,0,0,0,0,0,0,0,0,0,0,0,0,0,0,0,0,0,0,0,0,0,0,0,0,0,0,0,4294967295,6,24,5,27,6,4294967295,8,4,9
862,1,65,69,3,64,64,0,0,0,64,0,22208,22208,2418,2418,0,3753,18455,0,0,0,694,22208,1704,1003,32,1023,10,14,0,1048576,0,0,0,inf,inf,1.15548778,1.02670538,1,0,10,65,2,29,23,12,2048,802,630,630,48,20160,2951,1003,319,1023,1007,1023,1023,0,0,1023,2,1,4,2,3,3,1,3,3,2,4,3,4,1,2,3,3,2,1,2,5,1,1,1,1,2,3,0,1,0,0,0,0,0,0,0,0,0,0,0,0,0,0,0,0,0,0,0,0,0,0,0,0,0,0,0,0,0,0,0,0,0,0,0,0,5,5,6,0,19,6,6,20,6,7
863,1,69,69,1,64,64,0,2,0,68,0,2176,2176,1479,1479,0,2124,52,0,0,0,68,2176,655,645,32,1023,10,14,0,1048576,0,0,0,inf,0.891023517,0.89137423,0.767264128,1,0,10,69,2,68,0,0,2176,2124,0,0,0,0,0,645,0,1023,0,1023,1023,0,0,1023,0,0,0,0,0,0,0,0,0,0,0,0,0,0,0,0,0,0,0,0,0,0,0,0,0,0,0,1,1,3,7,20,36,0,0,0,0,0,0,0,0,0,0,0,0,0,0,0,0,0,0,0,0,0,0,0,0,0,0,0,0,0,0,0,0,10,8,9,12,8,10,8,10,7,12
864,1,69,69,1,64,64,0,8,0,68,0,28608,28608,2611,2611,0,4065,24543,0,0,0,894,28608,1958,1102,32,1023,10,14,0,1048576,0,0,0,inf,1.33943272,1.3838954,1.21906435,1,0,10,69,2,26,29,13,2176,724,826,826,35,26432,3341,1102,352,1023,1023,1023,1023,0,0,1023,2,2,3,2,4,4,6,2,4,5,1,2,5,7,0,2,2,3,2,3,2,2,1,0,1,0,0,0,0,0,1,0,0,0,0,0,0,0,0,0,0,0,0,0,0,0,0,0,0,0,0,0,0,0,0,0,0,0,0,0,0,0,0,0,0,45,2,47,3,46,46,45,5,46,5
865,1,67,69,3,64,64,0,0,0,66,0,23552,23552,1979,1979,0,4440,19112,0,0,0,736,23552,1719,1261,32,1023,10,14,0,1048576,0,0,0,inf,inf,1.25541401,1.15331995,1,0,10,67,2,36,16,14,2112,970,670,670,120,21440,3470,1261,709,498,1023,1023,1023,0,0,1023,2,4,2,2,4,1,3,0,3,2,3,3,1,1,3,3,1,1,4,1,3,0,0,4,1,2,1,1,3,2,2,1,2,0,0,0,0,0,0,0,0,0,0,0,0,0,0,0,0,0,0,0,0,0,0,0,0,0,0,0,0,0,0,0,0,4,4,5,3,4,9,4,4,60,6
866,1,66,69,3,64,64,0,0,0,65,0,5344,5344,1271,1271,0,1995,3349,0,0,0,167,5344,796,725,32,1023,10,14,0,1048576,0,0,0,inf,inf,1.1317656,1.06860232,1,0,10,66,2,61,2,2,2080,1651,102,102,0,3264,344,725,0,1023,320,1023,1023,0,0,1023,0,0,1,0,1,0,0,0,1,0,0,1,0,0,0,1,0,0,2,4,1,3,2,2,1,3,4,5,4,10,8,6,5,0,0,0,0,0,0,0,0,0,0,0,0,0,0,0,0,0,0,0,0,0,0,0,0,0,0,0,0,0,0,0,0,7,8,2,8,7,8,4,2,8,20
867,0.899999976,69,69,1,64,64,0,38,0,68,0,2176,2176,782,782,0,2097,79,0,0,0,68,2176,1325,1315,32,1019,10,14,0,1048576,0,0,0,inf,0.854368687,0.953346729,0.836828947,1,0,10,69,2,68,0,0,2176,2097,0,0,0,0,0,1315,0,1019,0,1019,1019,0,0,1019,0,0,0,0,0,0,0,0,0,0,0,0,0,0,0,0,0,0,0,1,0,0,0,1,1,1,0,1,0,5,4,14,40,0,0,0,0,0,0,0,0,0,0,0,0,0,0,0,0,0,0,0,0,0,0,0,0,0,0,0,0,0,0,0,0,58,60,4294967295,58,63,58,58,58,55,60
868,0.899999976,69,69,2,64,64,0,0,0,68,0,11840,11840,1402,1402,0,2232,9608,0,0,0,370,11840,1148,783,32,1007,10,14,0,1048576,0,0,0,inf,inf,1.2692759,1.18449426,1,0,10,69,2,54,12,2,2176,1374,302,302,3,9664,858,783,51,1007,683,1007,1007,0,0,1007,0,0,0,0,2,1,1,0,1,4,1,2,2,2,3,2,1,4,2,1,1,4,6,2,2,1,3,6,1,4,3,3,3,0,0,0,0,0,0,0,0,0,0,0,0,0,0,0,0,0,0,0,0,0,0,0,0,0,0,0,0,0,0,0,0,8,34,8,24,4294967295,8,7,28,9,9
869,0.899999976,69,69,1,64,64,0,2,0,68,0,21856,21856,2135,2135,0,4101,17755,0,0,0,683,21856,1831,1227,32,959,10,14,0,1048576,0,0,0,inf,1.10161114,1.10172915,1.01943254,1,0,10,69,2,38,20,10,2176,989,615,615,50,19680,3112,1227,459,926,959,959,959,640,0,959,2,3,2,1,2,5,1,3,3,2,3,3,0,1,2,4,0,4,5,1,3,1,1,3,1,1,2,1,3,2,0,2,1,0,0,0,0,0,0,0,0,0,0,0,0,0,0,0,0,0,0,0,0,0,0,0,0,0,0,0,0,0,0,0,0,8,8,8,9,7,11,4294967295,25,6,10
870,0.699999988,67,69,3,64,64,0,0,0,66,0,13408,13408,1296,1296,0,2462,10946,0,0,0,419,13408,1516,1149,32,191,10,14,0,1048576,0,0,0,inf,inf,1.33978736,1.27222598,1,0,10,67,2,50,12,4,2112,1446,353,353,8,11296,1016,1149,38,191,174,191,191,0,0,191,0,1,0,1,2,3,2,1,0,3,1,0,2,0,3,1,0,1,0,1,0,3,4,0,4,1,1,3,0,3,5,10,10,0,0,0,0,0,0,0,0,0,0,0,0,0,0,0,0,0,0,0,0,0,0,0,0,0,0,0,0,0,0,0,0,57,17,4,4,42,6,4294967295,5,4294967295,4294967295
871,1,66,69,3,64,64,0,0,0,65,0,51552,51552,2549,2549,0,4786,46766,0,0,0,1611,51552,1719,1178,32,1023,10,14,0,1048576,0,0,0,inf,inf,1.36298835,1.30258155,1,0,10,66,2,6,19,40,2080,287,1546,1546,128,49472,4499,1178,570,802,1023,1023,1023,64,0,1023,13,18,4,1,4,4,3,2,2,3,3,1,1,0,3,0,1,1,0,1,0,0,0,0,0,0,0,0,0,0,0,0,0,0,0,0,0,0,0,0,0,0,0,0,0,0,0,0,0,0,0,0,0,0,0,0,0,0,0,0,0,0,0,0,0,26,8,20,15,9,8,50,7,18,18
872,1,67,69,3,64,64,0,0,0,66,0,17664,17664,1440,1440,0,4222,13442,0,0,0,552,17664,1606,1137,32,1023,10,14,0,1048576,0,0,0,inf,inf,1.06635833,0.995725989,1,0,10,67,2,44,17,5,2112,1138,486,486,146,15552,3084,1137,964,986,1023,1023,1023,768,0,1023,1,3,0,0,1,2,2,0,3,4,1,4,1,1,2,3,1,1,2,2,2,4,2,2,4,6,5,2,1,3,0,1,0,0,0,0,0,0,0,0,0,0,0,0,0,0,0,0,0,0,0,0,0,0,0,0,0,0,0,0,0,0,0,0,0,57,57,58,5,22,57,4,16,6,5
873,0.899999976,65,69,3,64,64,0,0,0,64,0,40992,40992,3807,3807,0,5125,35867,0,0,0,1281,40992,1495,827,64,1021,10,14,0,1048576,0,0,0,inf,inf,1.49069047,1.43274915,1,0,10,65,2,10,22,32,2048,408,1217,1217,55,38944,4717,827,328,1012,1021,1021,1021,16,0,1021,4,5,11,6,6,5,4,1,3,3,1,2,3,3,1,0,1,1,1,1,1,1,0,0,0,0,0,0,0,0,0,0,0,0,0,0,0,0,0,0,0,0,0,0,0,0,0,0,0,0,0,0,0,0,0,0,0,0,0,0,0,0,0,0,0,1,4294967295,6,32,6,2,7,6,6,2
874,1,69,69,1,64,64,0,2,0,68,0,7392,7392,1924,1924,0,3136,4256,0,0,0,231,7392,1161,871,32,1023,10,14,0,1048576,0,0,0,inf,0.89411068,0.89552176,0.813383698,1,0,10,69,2,58,9,1,2176,1596,163,163,29,5216,1540,871,170,1023,433,1023,1023,0,0,1023,0,0,0,1,0,0,1,0,0,1,3,1,3,1,2,1,2,4,2,3,1,2,0,1,1,1,2,5,1,3,3,10,13,0,0,0,0,0,0,0,0,0,0,0,0,0,0,0,0,0,0,0,0,0,0,0,0,0,0,0,0,0,0,0,0,7,8,8,6,8,18,9,15,8,7
875,1,67,69,3,64,64,0,0,0,66,0,23040,23040,2048,2048,0,4433,18607,0,0,0,720,23040,1845,1188,32,1023,10,14,0,1048576,0,0,0,inf,inf,1.15267098,1.07039332,1,0,10,67,2,34,23,9,2112,887,654,654,113,20928,3546,1188,748,1018,1023,1023,1023,0,0,1023,2,2,3,0,2,2,2,2,3,4,4,4,2,1,5,5,3,2,4,1,2,0,0,0,1,1,3,2,1,3,0,0,0,0,0,0,0,0,0,0,0,0,0,0,0,0,0,0,0,0,0,0,0,0,0,0,0,0,0,0,0,0,0,0,0,4,4,3,5,22,21,2,23,9,9
876,1,52,69,3,51,51,0,0,0,51,0,37536,37536,1843,1843,0,1469,36067,0,0,0,1173,37536,242,41,512,1023,10,14,0,1048576,0,0,0,inf,inf,1.62486386,1.54747224,1,0,10,52,2,0,6,45,1632,95,1122,1122,0,35904,1374,41,0,491,1023,1023,1023,0,0,1023,17,9,9,5,5,3,3,0,0,0,0,0,0,0,0,0,0,0,0,0,0,0,0,0,0,0,0,0,0,0,0,0,0,0,0,0,0,0,0,0,0,0,0,0,0,0,0,0,0,0,0,0,0,0,0,0,0,0,0,0,0,0,0,0,0,1,0,47,2,5,0,1,1,0,4
877,1,66,69,3,64,64,0,0,0,65,0,32096,32096,2821,2821,0,5043,27053,0,0,0,1003,32096,1999,1236,32,1023,10,14,0,1048576,0,0,0,inf,inf,1.29350781,1.20490885,1,0,10,66,2,20,26,19,2080,599,938,938,131,30016,4444,1236,548,830,1023,1023,1023,16,0,1023,5,5,3,3,3,4,2,4,4,4,3,4,1,2,3,4,2,0,2,1,3,0,0,1,0,1,0,0,0,0,1,0,0,0,0,0,0,0,0,0,0,0,0,0,0,0,0,0,0,0,0,0,0,0,0,0,0,0,0,0,0,0,0,0,0,8,8,9,7,18,8,10,9,35,4
878,0.899999976,69,69,1,64,64,0,8,0,68,0,36576,36576,2526,2526,0,5251,31325,0,0,0,1143,36576,2154,1334,32,1015,10,14,0,1048576,0,0,0,inf,1.31506014,1.3176918,1.23684335,1,0,10,69,2,23,29,16,2176,733,1075,1075,131,34400,4518,1334,907,867,951,1015,1015,0,0,1015,0,5,4,4,3,7,2,8,1,1,1,6,3,1,1,2,2,1,3,1,1,3,1,2,0,2,0,1,1,1,0,0,0,0,0,0,0,0,0,0,0,0,0,0,0,0,0,0,0,0,0,0,0,0,0,0,0,0,0,0,0,0,0,0,0,49,32,38,4294967295,51,28,7,27,32,26
879,0.899999976,66,69,3,64,64,0,0,0,65,0,37280,37280,2524,2524,0,4071,33209,0,0,0,1165,37280,1815,1106,32,767,10,14,0,1048576,0,0,0,inf,inf,1.36267054,1.28764963,1,0,10,66,2,15,24,26,2080,557,1100,1100,69,35200,3514,1106,398,762,767,767,767,0,0,767,4,7,4,7,4,7,5,3,0,1,4,3,1,0,1,0,2,0,0,1,3,1,1,2,1,0,1,0,0,0,1,1,0,0,0,0,0,0,0,0,0,0,0,0,0,0,0,0,0,0,0,0,0,0,0,0,0,0,0,0,0,0,0,0,0,38,10,4,3,5,6,5,15,4294967295,16
880,1,67,69,3,64,64,0,0,0,66,0,10912,10912,1075,1075,0,2204,8708,0,0,0,341,10912,1242,971,32,1023,10,14,0,1048576,0,0,0,inf,inf,1.41401303,1.32482457,1,0,10,67,2,54,9,3,2112,1378,275,275,17,8800,826,971,103,1015,284,1023,1023,0,0,1023,1,1,0,0,1,1,0,1,0,3,2,1,1,4,1,4,1,2,0,2,1,5,2,1,4,3,3,1,2,5,2,4,7,0,0,0,0,0,0,0,0,0,0,0,0,0,0,0,0,0,0,0,0,0,0,0,0,0,0,0,0,0,0,0,0,8,11,53,16,3,49,14,13,9,8
881,1,69,69,1,64,64,0,21,0,68,0,2176,2176,1219,1219,0,2073,103,0,0,0,68,2176,864,854,32,1023,10,14,0,1048576,0,0,0,inf,0.814521909,0.869293571,0.701534986,1,0,10,69,2,68,0,0,2176,2073,0,0,0,0,0,854,0,1023,0,1023,1023,0,0,1023,0,0,0,0,0,0,0,0,0,0,0,0,0,0,0,1,0,0,0,0,0,0,0,1,1,0,1,2,2,4,7,19,30,0,0,0,0,0,0,0,0,0,0,0,0,0,0,0,0,0,0,0,0,0,0,0,0,0,0,0,0,0,0,0,0,30,30,29,34,34,31,31,29,29,33
882,1,67,69,3,64,64,0,0,0,66,0,9056,9056,1155,1155,0,2136,6920,0,0,0,283,9056,906,719,32,1023,10,14,0,1048576,0,0,0,inf,inf,1.34399438,1.28145695,1,0,10,67,2,57,6,3,2112,1400,217,217,15,6944,736,719,146,1007,478,1023,1023,0,0,1023,0,1,0,0,2,1,0,0,0,2,1,0,2,1,5,1,0,0,4,3,2,6,4,1,3,7,1,3,2,7,3,1,3,0,0,0,0,0,0,0,0,0,0,0,0,0,0,0,0,0,0,0,0,0,0,0,0,0,0,0,0,0,0,0,0,4,3,4,6,17,19,5,4,20,15
883,0.899999976,69,69,2,64,64,0,0,0,68,0,16416,16416,1495,1495,0,2650,13766,0,0,0,513,16416,1335,890,32,1021,10,14,0,1048576,0,0,0,inf,inf,1.42769229,1.36687398,1,0,10,69,2,48,15,5,2176,1201,445,445,20,14240,1449,890,158,381,1021,1021,1021,16,0,1021,2,1,0,0,2,1,2,1,0,5,2,0,4,4,3,3,1,3,1,3,2,3,4,1,1,2,4,4,0,4,0,2,3,0,0,0,0,0,0,0,0,0,0,0,0,0,0,0,0,0,0,0,0,0,0,0,0,0,0,0,0,0,0,0,0,23,4294967295,22,11,37,14,14,23,7,43
884,1,65,69,3,64,64,0,0,0,64,0,47712,47712,3691,3691,0,6065,41647,0,0,0,1491,47712,2363,1462,32,1023,10,14,0,1048576,0,0,0,inf,inf,1.33145308,1.2130748,1,0,10,65,2,1,30,33,2048,315,1427,1427,129,45664,5750,1462,546,943,1023,1023,1023,0,0,1023,6,4,7,10,6,7,7,5,3,4,1,2,1,0,0,0,0,0,0,0,0,0,0,0,0,0,0,1,0,0,0,0,0,0,0,0,0,0,0,0,0,0,0,0,0,0,0,0,0,0,0,0,0,0,0,0,0,0,0,0,0,0,0,0,0,0,1,1,12,1,11,12,5,19,6
885,0.899999976,67,69,3,64,64,0,0,0,66,0,35744,35744,3655,3655,0,5932,29812,0,0,0,1117,35744,2286,1185,32,1023,10,14,0,1048576,0,0,0,inf,inf,1.33284748,1.25590253,1,0,10,67,2,12,37,17,2112,533,1051,1051,135,33632,5399,1185,739,382,1023,895,895,388,0,895,3,3,0,8,3,5,3,5,6,5,3,5,5,2,5,1,3,0,0,1,0,0,0,0,0,0,0,0,0,0,0,0,0,0,0,0,0,0,0,0,0,0,0,0,0,0,0,0,0,0,0,0,0,0,0,0,0,0,0,0,0,0,0,0,0,5,4,6,5,7,4,16,4294967295,16,9
886,1,68,69,3,64,64,0,0,0,67,0,2144,2144,1301,1301,0,2072,72,0,0,0,67,2144,781,771,32,1023,10,14,0,1048576,0,0,0,inf,inf,0.856729805,0.755487561,1,0,10,68,2,67,0,0,2144,2072,0,0,0,0,0,771,0,1023,0,1023,1023,0,0,1023,0,0,0,0,0,0,0,0,0,0,0,0,0,0,0,0,0,0,0,0,0,0,0,0,0,0,1,3,2,2,8,21,30,0,0,0,0,0,0,0,0,0,0,0,0,0,0,0,0,0,0,0,0,0,0,0,0,0,0,0,0,0,0,0,0,3,8,4,6,5,4,6,5,7,6
887,0.699999988,69,69,2,64,64,0,0,0,68,0,52256,52256,3500,3500,0,5003,47253,0,0,0,1633,52256,1521,963,32,502,10,14,0,1048576,0,0,0,inf,inf,1.39064157,1.33390284,1,0,10,69,2,6,19,43,2176,288,1565,1565,70,50080,4715,963,406,340,502,502,502,0,0,502,14,11,11,4,3,5,2,3,1,3,4,1,0,1,3,1,0,1,0,0,0,0,0,0,0,0,0,0,0,0,0,0,0,0,0,0,0,0,0,0,0,0,0,0,0,0,0,0,0,0,0,0,0,0,0,0,0,0,0,0,0,0,0,0,0,4294967295,7,20,4294967295,28,14,13,20,21,4294967295
888,1,68,69,3,64,64,0,0,0,67,0,19008,19008,1975,1975,0,3519,15489,0,0,0,594,19008,1253,911,32,1023,10,14,0,1048576,0,0,0,inf,inf,1.07087016,0.91177702,1,0,10,68,2,40,12,15,2144,950,527,527,61,16864,2569,911,487,502,1023,1023,1023,0,0,1023,3,5,3,1,3,1,1,2,1,0,2,3,2,2,3,4,0,4,7,0,4,1,1,3,1,3,2,0,1,1,1,2,0,0,0,0,0,0,0,0,0,0,0,0,0,0,0,0,0,0,0,0,0,0,0,0,0,0,0,0,0,0,0,0,0,7,7,4,8,7,5,4,4,7,8
889,1,66,69,3,64,64,0,0,0,65,0,22048,22048,1834,1834,0,3155,18893,0,0,0,689,22048,1505,929,32,1023,10,14,0,1048576,0,0,0,inf,inf,1.38580787,1.31452537,1,0,10,66,2,37,20,8,2080,1000,624,624,29,19968,2155,929,254,511,1019,1023,1023,0,0,1023,1,1,3,2,1,2,2,4,1,5,2,1,3,2,2,2,2,1,1,0,2,3,3,4,2,3,2,3,2,2,0,1,0,0,0,0,0,0,0,0,0,0,0,0,0,0,0,0,0,0,0,0,0,0,0,0,0,0,0,0,0,0,0,0,0,34,31,64,3,3,4,30,37,29,2
890,0.800000012,69,69,1,64,64,0,1,0,68,0,9600,9600,1549,1549,0,2163,7437,0,0,0,300,9600,823,541,32,863,10,14,0,1048576,0,0,0,inf,1.37068903,1.37068903,1.28171301,1,0,10,69,2,57,9,2,2176,1429,232,232,11,7424,734,541,57,863,863,863,863,0,0,863,0,0,2,0,0,2,0,0,0,2,2,0,3,2,3,0,3,2,2,2,3,4,4,1,4,3,4,4,4,3,1,6,2,0,0,0,0,0,0,0,0,0,0,0,0,0,0,0,0,0,0,0,0,0,0,0,0,0,0,0,0,0,0,0,0,6,6,10,26,6,4294967295,27,4294967295,7,25
891,1,66,69,3,64,64,0,0,0,65,0,2752,2752,1105,1105,0,1921,831,0,0,0,86,2752,855,816,32,1023,10,14,0,1048576,0,0,0,inf,inf,1.12565827,1.05907142,1,0,10,66,2,64,1,0,2080,1814,21,21,0,672,107,816,0,1023,512,1023,1023,0,0,1023,0,0,0,0,0,0,0,0,0,0,0,1,0,0,0,1,0,0,1,1,2,3,0,1,1,1,4,5,5,7,9,12,11,0,0,0,0,0,0,0,0,0,0,0,0,0,0,0,0,0,0,0,0,0,0,0,0,0,0,0,0,0,0,0,0,4,2,3,4,5,1,5,5,5,18
892,1,69,69,1,64,64,0,3,0,68,0,2176,2176,1404,1404,0,2125,51,0,0,0,68,2176,731,721,32,1023,10,14,0,1048576,0,0,0,inf,0.865722299,0.865974724,0.712353349,1,0,10,69,2,68,0,0,2176,2125,0,0,0,0,0,721,0,1023,0,1023,1023,0,0,1023,0,0,0,0,0,0,0,0,0,0,0,0,0,0,0,0,0,0,0,0,0,0,0,0,0,0,0,1,1,3,6,21,36,0,0,0,0,0,0,0,0,0,0,0,0,0,0,0,0,0,0,0,0,0,0,0,0,0,0,0,0,0,0,0,0,8,8,11,8,14,13,11,9,9,13
893,1,67,69,3,64,64,0,0,0,66,0,12064,12064,1354,1354,0,2171,9893,0,0,0,377,12064,1154,768,32,1023,10,14,0,1048576,0,0,0,inf,inf,1.33983731,1.1917249,1,0,10,67,2,51,13,2,2112,1360,311,311,8,9952,811,768,46,1023,1023,1023,1023,64,0,1023,0,1,0,0,1,3,0,1,1,3,2,0,3,1,5,2,0,1,1,0,1,3,4,0,3,2,8,6,1,3,1,2,7,0,0,0,0,0,0,0,0,0,0,0,0,0,0,0,0,0,0,0,0,0,0,0,0,0,0,0,0,0,0,0,0,6,5,5,5,5,4,8,5,5,5
894,1,68,69,3,64,64,0,0,0,67,0,35712,35712,2745,2745,0,5277,30435,0,0,0,1116,35712,1966,1297,32,1023,10,14,0,1048576,0,0,0,inf,inf,1.05873382,0.9335922,1,0,10,68,2,21,24,22,2144,574,1049,1049,144,33568,4703,1297,698,508,1023,1023,1023,2,0,1023,3,2,3,12,2,4,1,3,6,5,1,3,1,4,6,1,2,2,5,0,1,0,0,0,0,0,0,0,0,0,0,0,0,0,0,0,0,0,0,0,0,0,0,0,0,0,0,0,0,0,0,0,0,0,0,0,0,0,0,0,0,0,0,0,0,7,8,6,11,12,7,12,4,12,12
895,1,66,69,3,64,64,0,0,0,65,0,18336,18336,2166,2166,0,2627,15709,0,0,0,573,18336,1034,516,64,1023,10,14,0,1048576,0,0,0,inf,inf,1.30372453,1.03592551,1,0,10,66,2,40,17,8,2080,934,508,508,5,16256,1693,516,39,1023,1023,1023,1023,0,0,1023,0,2,4,0,2,4,1,2,2,0,5,1,2,4,6,2,2,5,2,2,1,3,1,2,1,4,0,1,1,2,1,0,0,0,0,0,0,0,0,0,0,0,0,0,0,0,0,0,0,0,0,0,0,0,0,0,0,0,0,0,0,0,0,0,0,5,5,4,4,4,4,4,4,5,4
896,1,68,69,3,64,64,0,0,0,67,0,33760,33760,2906,2906,0,4932,28828,0,0,0,1055,33760,2331,1187,32,1023,10,14,0,1048576,0,0,0,inf,inf,1.11091053,1.01317596,1,0,10,68,2,18,39,10,2144,672,988,988,102,31616,4260,1187,639,1022,1023,1023,1023,40,0,1023,0,2,3,3,2,4,7,5,4,4,3,6,6,3,3,1,2,1,1,2,1,1,0,1,1,1,0,0,0,0,0,0,0,0,0,0,0,0,0,0,0,0,0,0,0,0,0,0,0,0,0,0,0,0,0,0,0,0,0,0,0,0,0,0,0,27,4,6,18,7,6,5,5,5,6
897,1,69,69,2,64,64,0,0,0,68,0,30784,30784,3176,3176,0,5181,25603,0,0,0,962,30784,1936,1106,32,1023,10,14,0,1048576,0,0,0,inf,inf,1.35239089,1.28282738,1,0,10,69,2,26,28,14,2176,683,894,894,118,28608,4498,1106,584,254,1023,1023,1023,14,0,1023,1,1,4,7,1,4,4,4,3,3,1,4,5,6,6,3,3,1,2,3,0,0,1,0,0,1,0,0,0,0,0,0,0,0,0,0,0,0,0,0,0,0,0,0,0,0,0,0,0,0,0,0,0,0,0,0,0,0,0,0,0,0,0,0,0,5,4,6,5,7,7,9,7,6,19
898,1,69,69,1,64,64,0,4,0,68,0,31008,31008,2677,2677,0,5681,25327,0,0,0,969,31008,2058,1299,32,1023,10,14,0,1048576,0,0,0,inf,1.32245541,1.32316661,1.24730062,1,0,10,69,2,26,27,15,2176,717,901,901,163,28832,4964,1299,884,1006,1023,1023,1023,0,0,1023,4,4,1,1,5,1,2,3,5,5,5,3,3,1,2,5,3,3,6,2,2,0,1,1,0,0,0,0,0,0,0,0,0,0,0,0,0,0,0,0,0,0,0,0,0,0,0,0,0,0,0,0,0,0,0,0,0,0,0,0,0,0,0,0,0,21,22,22,22,22,49,8,12,12,24
899,1,68,69,3,64,64,0,0,0,67,0,19008,19008,2078,2078,0,3516,15492,0,0,0,594,19008,1305,922,32,1023,10,14,0,1048576,0,0,0,inf,inf,1.1294812,1.00756884,1,0,10,68,2,40,13,14,2144,978,527,527,44,16864,2538,922,419,956,1023,1023,1023,512,0,1023,3,5,2,1,3,0,1,2,2,1,2,3,2,1,3,4,0,4,7,0,4,0,2,3,1,3,2,0,1,1,2,2,0,0,0,0,0,0,0,0,0,0,0,0,0,0,0,0,0,0,0,0,0,0,0,0,0,0,0,0,0,0,0,0,0,12,13,11,4,12,5,13,5,4,6
900,1,69,69,1,64,64,0,2,0,68,0,2176,2176,1455,1455,0,2127,49,0,0,0,68,2176,682,672,32,1023,10,14,0,1048576,0,0,0,inf,0.892897367,0.893088818,0.763676226,1,0,10,69,2,68,0,0,2176,2127,0,0,0,0,0,672,0,1023,0,1023,1023,0,0,1023,0,0,0,0,0,0,0,0,0,0,0,0,0,0,0,0,0,0,0,0,0,0,0,0,0,0,0,2,0,3,5,20,38,0,0,0,0,0,0,0,0,0,0,0,0,0,0,0,0,0,0,0,0,0,0,0,0,0,0,0,0,0,0,0,0,7,9,7,9,10,9,9,7,9,9
901,1,69,69,1,64,64,0,3,0,68,0,19744,19744,1784,1784,0,2764,16980,0,0,0,617,19744,1466,864,32,1023,10,14,0,1048576,0,0,0,inf,1.35015118,1.3637197,1.26173401,1,0,10,69,2,42,20,6,2176,1147,549,549,15,17568,1617,864,129,1023,1023,1023,1023,0,0,1023,1,1,0,1,3,3,2,2,3,5,2,0,3,2,4,1,1,3,1,0,1,3,3,0,5,1,6,1,0,3,1,3,3,0,0,0,0,0,0,0,0,0,0,0,0,0,0,0,0,0,0,0,0,0,0,0,0,0,0,0,0,0,0,0,0,8,7,7,8,8,3,13,8,23,10
902,1,65,69,3,64,64,0,0,0,64,0,21472,21472,1632,1632,0,3125,18347,0,0,0,671,21472,1226,870,32,1023,10,14,0,1048576,0,0,0,inf,inf,1.3611722,1.29592884,1,0,10,65,2,38,12,14,2048,951,607,607,72,19424,2174,870,412,1019,1023,1023,1023,0,0,1023,2,5,2,4,1,4,3,0,1,1,2,1,0,1,2,2,1,2,2,3,3,3,2,3,2,0,3,1,4,0,0,3,1,0,0,0,0,0,0,0,0,0,0,0,0,0,0,0,0,0,0,0,0,0,0,0,0,0,0,0,0,0,0,0,0,13,2,27,5,9,1,1,13,2,8
903,0.800000012,66,69,3,64,64,0,0,0,65,0,29600,29600,2926,2926,0,4059,25541,0,0,0,925,29600,1767,888,32,255,10,14,0,1048576,0,0,0,inf,inf,1.39104271,1.32057476,1,0,10,66,2,22,29,14,2080,682,860,860,33,27520,3377,888,267,231,255,255,255,0,0,255,0,4,4,1,5,7,5,2,0,3,3,6,3,2,4,2,4,2,2,1,0,0,0,0,1,0,0,0,0,2,0,2,0,0,0,0,0,0,0,0,0,0,0,0,0,0,0,0,0,0,0,0,0,0,0,0,0,0,0,0,0,0,0,0,0,10,2,13,4,13,3,8,9,4294967295,4294967295
904,1,68,69,3,64,64,0,0,0,67,0,11488,11488,1347,1347,0,2160,9328,0,0,0,359,11488,1081,782,32,1023,10,14,0,1048576,0,0,0,inf,inf,1.44718552,1.37613523,1,0,10,68,2,54,10,3,2144,1436,292,292,4,9344,724,782,29,1023,923,1023,1023,0,0,1023,1,1,0,0,1,1,0,0,0,3,3,0,3,1,3,1,1,3,1,1,2,6,3,0,4,3,1,2,1,5,3,3,10,0,0,0,0,0,0,0,0,0,0,0,0,0,0,0,0,0,0,0,0,0,0,0,0,0,0,0,0,0,0,0,0,9,8,8,11,6,5,15,17,22,7
905,1,65,69,3,64,64,0,0,0,64,0,28128,28128,1876,1876,0,2492,25636,0,0,0,879,28128,847,483,32,1023,10,14,0,1048576,0,0,0,inf,inf,1.4118371,1.28170621,1,0,10,65,2,30,12,22,2048,769,815,815,25,26080,1723,483,160,1022,1023,1023,1023,0,0,1023,5,4,5,4,4,1,5,1,3,1,0,0,1,2,0,4,1,2,0,1,4,2,1,3,1,1,1,4,0,1,2,0,0,0,0,0,0,0,0,0,0,0,0,0,0,0,0,0,0,0,0,0,0,0,0,0,0,0,0,0,0,0,0,0,0,2,2,2,17,3,3,1,5,3,3
906,1,65,69,3,64,64,0,0,0,64,0,40160,40160,3947,3947,0,3961,36199,0,0,0,1255,40160,1293,377,96,1023,10,14,0,1048576,0,0,0,inf,inf,1.34296536,1.2193352,1,0,10,65,2,4,29,31,2048,329,1191,1191,8,38112,3632,377,39,1023,1023,1023,1023,0,0,1023,3,8,12,5,3,6,7,3,7,1,3,1,1,0,1,3,0,0,0,0,0,0,0,0,0,0,0,0,0,0,0,0,0,0,0,0,0,0,0,0,0,0,0,0,0,0,0,0,0,0,0,0,0,0,0,0,0,0,0,0,0,0,0,0,0,1,2,1,1,2,3,1,1,1,1
907,0.800000012,67,69,3,64,64,0,0,0,66,0,34656,34656,2648,2648,0,4414,30242,0,0,0,1083,34656,1985,1140,32,1019,10,14,0,1048576,0,0,0,inf,inf,1.28603387,1.22882438,1,0,10,67,2,21,29,16,2112,657,1017,1017,63,32544,3757,1140,436,403,1019,507,507,512,0,507,1,5,4,3,3,4,5,6,0,2,2,6,4,2,4,2,3,1,0,2,0,1,1,2,1,1,1,0,0,0,0,0,0,0,0,0,0,0,0,0,0,0,0,0,0,0,0,0,0,0,0,0,0,0,0,0,0,0,0,0,0,0,0,0,0,42,6,4294967295,40,12,17,42,13,7,4294967295
908,0.899999976,69,69,1,64,64,0,1,0,68,0,23200,23200,1971,1971,0,4199,19001,0,0,0,725,23200,1756,1232,32,959,10,14,0,1048576,0,0,0,inf,1.21649599,1.21649599,1.13855529,1,0,10,69,2,37,18,13,2176,927,657,657,110,21024,3272,1232,621,954,959,959,959,130,0,959,4,4,1,1,3,1,4,2,2,2,3,4,0,1,4,3,2,2,5,1,3,2,0,5,0,1,3,1,1,1,0,2,0,0,0,0,0,0,0,0,0,0,0,0,0,0,0,0,0,0,0,0,0,0,0,0,0,0,0,0,0,0,0,0,0,14,14,15,13,14,14,4294967295,19,14,18
909,1,66,69,3,64,64,0,0,0,65,0,30624,30624,2914,2914,0,5248,25376,0,0,0,957,30624,2378,1201,32,1023,10,14,0,1048576,0,0,0,inf,inf,1.25147009,1.11689568,1,0,10,66,2,21,40,4,2080,708,892,892,101,28544,4540,1201,747,511,1023,1023,1023,16,0,1023,0,1,1,1,1,5,8,7,5,1,5,7,2,2,3,0,2,4,2,2,2,0,1,1,1,1,0,0,0,0,0,0,0,0,0,0,0,0,0,0,0,0,0,0,0,0,0,0,0,0,0,0,0,0,0,0,0,0,0,0,0,0,0,0,0,4,2,5,4,12,11,49,2,4,29
910,1,67,69,3,64,64,0,0,0,66,0,13760,13760,1448,1448,0,2304,11456,0,0,0,430,13760,1318,864,32,1023,10,14,0,1048576,0,0,0,inf,inf,1.36028242,1.24038005,1,0,10,67,2,49,15,2,2112,1279,364,364,0,11648,1025,864,24,1023,959,1023,1023,0,0,1023,0,1,0,0,1,5,0,1,1,4,2,0,2,2,5,2,1,1,1,0,0,4,4,0,3,4,6,3,0,4,3,2,4,0,0,0,0,0,0,0,0,0,0,0,0,0,0,0,0,0,0,0,0,0,0,0,0,0,0,0,0,0,0,0,0,5,4,3,5,7,8,4,3,7,8
911,1,69,69,1,64,64,0,3,0,68,0,2176,2176,1450,1450,0,2111,65,0,0,0,68,2176,671,661,32,1023,10,14,0,1048576,0,0,0,inf,0.888658345,0.891966522,0.733998239,1,0,10,69,2,68,0,0,2176,2111,0,0,0,0,0,661,0,1023,0,1023,1023,0,0,1023,0,0,0,0,0,0,0,0,0,0,0,0,0,0,0,0,0,0,0,0,0,0,0,0,0,1,0,2,0,5,7,19,34,0,0,0,0,0,0,0,0,0,0,0,0,0,0,0,0,0,0,0,0,0,0,0,0,0,0,0,0,0,0,0,0,9,8,10,9,8,10,8,10,15,12
912,1,69,69,1,64,64,0,4,0,68,0,2176,2176,1200,1200,0,2098,78,0,0,0,68,2176,908,898,32,1023,10,14,0,1048576,0,0,0,inf,0.95798254,0.961305022,0.868516445,1,0,10,69,2,68,0,0,2176,2098,0,0,0,0,0,898,0,1023,0,1023,1023,0,0,1023,0,0,0,0,0,0,0,0,0,0,0,0,0,0,0,0,0,0,0,0,0,0,0,0,0,0,1,4,2,3,4,27,27,0,0,0,0,0,0,0,0,0,0,0,0,0,0,0,0,0,0,0,0,0,0,0,0,0,0,0,0,0,0,0,0,11,12,12,16,13,12,12,12,13,13
913,0.699999988,69,69,2,64,64,0,0,0,68,0,10656,10656,1126,1126,0,2266,8390,0,0,0,333,10656,1233,894,32,761,10,14,0,1048576,0,0,0,inf,inf,1.41012847,1.34919524,1,0,10,69,2,55,11,2,2176,1310,265,265,13,8480,956,894,160,761,569,761,761,0,0,761,0,1,0,0,1,2,1,1,0,3,1,0,3,3,3,3,0,1,5,4,3,3,5,3,5,4,2,4,0,1,0,3,3,0,0,0,0,0,0,0,0,0,0,0,0,0,0,0,0,0,0,0,0,0,0,0,0,0,0,0,0,0,0,0,0,17,4294967295,4294967295,5,4,9,6,51,4294967295,10
914,0.899999976,66,69,3,64,64,0,0,0,65,0,44320,44320,2773,2773,0,5512,38808,0,0,0,1385,44320,1988,1239,32,895,10,14,0,1048576,0,0,0,inf,inf,1.45627499,1.39563274,1,0,10,66,2,12,26,27,2080,426,1320,1320,117,42240,5086,1239,777,608,895,895,895,0,0,895,13,7,2,2,3,5,4,4,2,4,4,0,3,1,3,1,3,1,1,1,1,0,0,0,0,0,0,0,0,0,0,0,0,0,0,0,0,0,0,0,0,0,0,0,0,0,0,0,0,0,0,0,0,0,0,0,0,0,0,0,0,0,0,0,0,49,9,31,11,46,1,18,4294967295,28,34
915,0.699999988,66,69,3,64,64,0,0,0,65,0,20128,20128,1962,1962,0,3563,16565,0,0,0,629,20128,1364,922,32,463,10,14,0,1048576,0,0,0,inf,inf,1.28059363,1.2013371,1,0,10,66,2,38,15,12,2080,963,564,564,85,18048,2600,922,433,462,463,463,463,128,0,463,3,5,1,1,2,1,2,2,2,2,2,3,1,1,3,4,1,1,5,1,4,1,2,0,2,1,2,1,3,4,1,1,0,0,0,0,0,0,0,0,0,0,0,0,0,0,0,0,0,0,0,0,0,0,0,0,0,0,0,0,0,0,0,0,0,5,5,6,4,4294967295,4294967295,5,11,24,4294967295
916,1,69,69,1,64,64,0,1,0,68,0,2176,2176,1431,1431,0,2116,60,0,0,0,68,2176,695,685,32,1023,10,14,0,1048576,0,0,0,inf,0.930787325,0.930787325,0.78924942,1,0,10,69,2,68,0,0,2176,2116,0,0,0,0,0,685,0,1023,0,1023,1023,0,0,1023,0,0,0,0,0,0,0,0,0,0,0,0,0,0,0,0,0,0,0,0,0,0,0,0,0,0,0,3,0,2,9,21,33,0,0,0,0,0,0,0,0,0,0,0,0,0,0,0,0,0,0,0,0,0,0,0,0,0,0,0,0,0,0,0,0,7,7,5,7,9,11,13,8,8,6
917,0.899999976,66,69,3,64,64,0,0,0,65,0,28096,28096,2375,2375,0,4561,23535,0,0,0,878,28096,1927,1232,32,895,10,14,0,1048576,0,0,0,inf,inf,1.18327594,1.09142184,1,0,10,66,2,27,24,14,2080,732,813,813,92,26016,3829,1232,629,574,895,895,895,256,0,895,3,3,4,2,2,5,1,3,3,4,4,3,1,1,3,4,1,2,5,2,3,0,0,1,1,1,0,0,2,1,0,0,0,0,0,0,0,0,0,0,0,0,0,0,0,0,0,0,0,0,0,0,0,0,0,0,0,0,0,0,0,0,0,0,0,5,5,4,26,6,20,7,4294967295,24,27
918,1,69,69,2,64,64,0,0,0,68,0,2176,2176,1431,1431,0,2129,47,0,0,0,68,2176,708,698,32,1023,10,14,0,1048576,0,0,0,inf,inf,0.810124278,0.690994024,1,0,10,69,2,68,0,0,2176,2129,0,0,0,0,0,698,0,1023,0,1023,1023,0,0,1023,0,0,0,0,0,0,0,0,0,0,0,0,0,0,0,0,0,0,0,0,0,0,0,0,0,0,1,1,0,2,4,22,38,0,0,0,0,0,0,0,0,0,0,0,0,0,0,0,0,0,0,0,0,0,0,0,0,0,0,0,0,0,0,0,0,8,7,6,8,7,6,8,6,7,8
919,1,65,69,3,64,64,0,0,0,64,0,31424,31424,2724,2724,0,4793,26631,0,0,0,982,31424,2021,1222,32,1023,10,14,0,1048576,0,0,0,inf,inf,1.30077624,1.17953265,1,0,10,65,2,20,27,17,2048,665,918,918,71,29376,4128,1222,550,1019,1023,1023,1023,0,0,1023,1,4,1,5,6,4,3,6,1,3,5,4,1,1,1,2,3,1,0,1,3,1,2,0,1,1,0,1,1,1,0,0,0,0,0,0,0,0,0,0,0,0,0,0,0,0,0,0,0,0,0,0,0,0,0,0,0,0,0,0,0,0,0,0,0,0,1,1,1,1,10,1,1,11,4
920,1,69,69,1,64,64,0,1,0,68,0,5312,5312,1515,1515,0,2671,2641,0,0,0,166,5312,946,818,32,1023,10,14,0,1048576,0,0,0,inf,0.906739235,0.906739235,0.785424829,1,0,10,69,2,63,4,1,2176,1801,98,98,35,3136,870,818,166,1023,147,1023,1023,0,0,1023,0,0,0,1,0,0,1,0,1,0,1,0,1,0,1,2,1,2,2,1,1,0,0,2,1,1,2,4,1,3,5,15,19,0,0,0,0,0,0,0,0,0,0,0,0,0,0,0,0,0,0,0,0,0,0,0,0,0,0,0,0,0,0,0,0,6,6,7,7,5,7,7,26,10,13
921,1,69,69,2,64,64,0,0,0,68,0,25504,25504,2041,2041,0,4759,20745,0,0,0,797,25504,1918,1308,32,1023,10,14,0,1048576,0,0,0,inf,inf,1.09275126,1.0165174,1,0,10,69,2,33,21,14,2176,876,729,729,138,23328,3883,1308,896,1010,1023,1023,1023,128,0,1023,3,4,2,2,3,3,1,2,4,2,3,4,2,2,3,6,1,1,5,0,2,0,1,2,1,1,2,0,3,1,0,0,2,0,0,0,0,0,0,0,0,0,0,0,0,0,0,0,0,0,0,0,0,0,0,0,0,0,0,0,0,0,0,0,0,7,7,8,7,7,32,12,9,7,4
922,0.699999988,67,69,3,64,64,0,0,0,66,0,18688,18688,1612,1612,0,4166,14522,0,0,0,584,18688,1593,1135,32,967,10,14,0,1048576,0,0,0,inf,inf,1.40005672,1.35036552,1,0,10,67,2,43,16,7,2112,1129,518,518,122,16576,3037,1135,795,967,967,967,967,4,0,967,2,0,1,2,2,0,3,0,2,2,5,2,2,3,2,2,2,1,0,2,2,3,2,2,4,3,5,4,3,0,0,1,2,0,0,0,0,0,0,0,0,0,0,0,0,0,0,0,0,0,0,0,0,0,0,0,0,0,0,0,0,0,0,0,0,31,20,22,4294967295,4294967295,4294967295,5,32,31,3
923,0.899999976,68,69,3,64,64,0,0,0,67,0,37664,37664,3028,3028,0,5693,31971,0,0,0,1177,37664,2026,1319,32,767,10,14,0,1048576,0,0,0,inf,inf,1.34351122,1.26712775,1,0,10,68,2,17,24,26,2144,513,1110,1110,174,35520,5180,1319,744,750,767,767,767,192,0,767,5,6,6,5,4,3,3,4,4,5,2,2,1,2,4,3,2,0,3,1,2,0,0,0,0,0,0,0,0,0,0,0,0,0,0,0,0,0,0,0,0,0,0,0,0,0,0,0,0,0,0,0,0,0,0,0,0,0,0,0,0,0,0,0,0,6,7,7,7,7,11,23,44,4294967295,28
924,1,66,69,3,64,64,0,0,0,65,0,33984,33984,2774,2774,0,4655,29329,0,0,0,1062,33984,1942,1144,32,1023,10,14,0,1048576,0,0,0,inf,inf,1.29619336,1.17701077,1,0,10,66,2,19,27,19,2080,566,997,997,119,31904,4089,1144,543,1010,1023,1023,1023,0,0,1023,5,2,5,2,5,4,5,2,8,4,3,1,0,3,4,1,4,1,1,2,0,1,0,0,0,0,0,1,1,0,0,0,0,0,0,0,0,0,0,0,0,0,0,0,0,0,0,0,0,0,0,0,0,0,0,0,0,0,0,0,0,0,0,0,0,7,5,6,6,12,4,14,9,11,13
925,1,68,69,3,64,64,0,0,0,67,0,25312,25312,2827,2827,0,4861,20451,0,0,0,791,25312,2044,1182,32,1023,10,14,0,1048576,0,0,0,inf,inf,1.07674778,0.953305066,1,0,10,68,2,28,29,10,2144,840,724,724,97,23168,4021,1182,567,892,1023,1023,1023,32,0,1023,1,2,3,0,4,3,2,3,2,5,5,6,3,1,2,3,1,2,5,3,0,2,0,3,0,1,1,2,2,0,0,0,0,0,0,0,0,0,0,0,0,0,0,0,0,0,0,0,0,0,0,0,0,0,0,0,0,0,0,0,0,0,0,0,0,18,18,4,4,4,5,4,19,17,4
926,1,67,69,3,64,64,0,0,0,66,0,13440,13440,1450,1450,0,2341,11099,0,0,0,420,13440,1267,849,32,1023,10,14,0,1048576,0,0,0,inf,inf,1.37875867,1.3018409,1,0,10,67,2,49,14,3,2112,1360,354,354,13,11328,981,849,48,1023,435,1023,1023,0,0,1023,0,1,0,1,1,2,1,1,1,3,4,0,2,1,2,1,1,1,1,2,1,3,2,3,3,3,4,4,0,3,1,3,10,0,0,0,0,0,0,0,0,0,0,0,0,0,0,0,0,0,0,0,0,0,0,0,0,0,0,0,0,0,0,0,0,14,13,20,17,14,14,10,13,14,30
927,1,69,69,2,64,64,0,0,0,68,0,2176,2176,1469,1469,0,2082,94,0,0,0,68,2176,623,613,32,1023,10,14,0,1048576,0,0,0,inf,inf,0.90356791,0.735600948,1,0,10,69,2,68,0,0,2176,2082,0,0,0,0,0,613,0,1023,0,1023,1023,0,0,1023,0,0,0,0,0,0,0,0,0,0,0,0,0,0,0,1,0,0,0,0,0,0,0,0,0,0,3,3,2,3,5,17,34,0,0,0,0,0,0,0,0,0,0,0,0,0,0,0,0,0,0,0,0,0,0,0,0,0,0,0,0,0,0,0,0,5,5,5,5,5,7,4,5,5,5
928,1,69,69,1,64,64,0,6,0,68,0,24992,24992,2162,2162,0,4140,20852,0,0,0,781,24992,1707,1114,32,1023,10,14,0,1048576,0,0,0,inf,1.19617724,1.21368456,1.11248207,1,0,10,69,2,34,20,14,2176,802,713,713,96,22816,3338,1114,607,418,1023,1023,1023,778,0,1023,4,5,2,1,2,2,2,4,3,3,2,3,1,3,2,4,6,1,5,2,3,0,1,5,0,1,1,0,0,0,0,0,0,0,0,0,0,0,0,0,0,0,0,0,0,0,0,0,0,0,0,0,0,0,0,0,0,0,0,0,0,0,0,0,0,16,17,17,17,17,18,18,21,49,15
929,0.899999976,69,69,1,64,64,0,14,0,68,0,25088,25088,1851,1851,0,3765,21323,0,0,0,784,25088,1728,1243,32,511,10,14,0,1048576,0,0,0,inf,1.2958473,1.30366993,1.22916615,1,0,10,69,2,38,17,13,2176,1085,716,716,68,22912,2680,1243,447,490,383,511,511,0,0,511,0,3,5,2,3,4,1,4,0,1,1,3,3,0,4,1,2,4,1,0,1,2,0,1,3,0,2,2,1,2,3,4,5,0,0,0,0,0,0,0,0,0,0,0,0,0,0,0,0,0,0,0,0,0,0,0,0,0,0,0,0,0,0,0,0,28,25,43,34,42,24,28,5,21,4294967295
930,0.899999976,67,69,3,64,64,0,0,0,66,0,44192,44192,3051,3051,0,6123,38069,0,0,0,1381,44192,2081,1385,32,511,10,14,0,1048576,0,0,0,inf,inf,1.245327,1.16983902,1,0,10,67,2,11,25,30,2112,449,1315,1315,191,42080,5674,1385,1031,62,511,511,511,0,0,511,4,4,8,11,3,1,3,5,7,5,0,3,1,2,1,1,0,3,2,2,0,0,0,0,0,0,0,0,0,0,0,0,0,0,0,0,0,0,0,0,0,0,0,0,0,0,0,0,0,0,0,0,0,0,0,0,0,0,0,0,0,0,0,0,0,5,5,4,5,4,3,10,25,11,4294967295
931,1,69,69,1,64,64,0,3,0,68,0,2176,2176,1217,1217,0,2102,74,0,0,0,68,2176,895,885,32,1023,10,14,0,1048576,0,0,0,inf,0.958231986,0.958821893,0.840688705,1,0,10,69,2,68,0,0,2176,2102,0,0,0,0,0,885,0,1023,0,1023,1023,0,0,1023,0,0,0,0,0,0,0,0,0,0,0,0,0,0,0,0,0,0,0,0,1,0,0,0,0,0,0,3,1,2,6,25,30,0,0,0,0,0,0,0,0,0,0,0,0,0,0,0,0,0,0,0,0,0,0,0,0,0,0,0,0,0,0,0,0,9,15,14,16,10,15,11,15,17,15
932,1,68,69,3,64,64,0,0,0,67,0,5920,5920,1171,1171,0,1936,3984,0,0,0,185,5920,822,700,32,1023,10,14,0,1048576,0,0,0,inf,inf,1.17836833,1.08833826,1,0,10,68,2,62,4,1,2144,1591,118,118,0,3776,345,700,40,1023,779,1023,1023,0,0,1023,0,0,0,0,1,0,0,0,0,3,1,0,0,1,4,1,0,2,1,2,2,3,3,3,4,2,4,6,1,7,5,7,4,0,0,0,0,0,0,0,0,0,0,0,0,0,0,0,0,0,0,0,0,0,0,0,0,0,0,0,0,0,0,0,0,5,6,5,7,6,3,4,13,48,6
933,1,69,69,2,64,64,0,0,0,68,0,2176,2176,1325,1325,0,2126,50,0,0,0,68,2176,811,801,32,1023,10,14,0,1048576,0,0,0,inf,inf,0.894776583,0.760436535,1,0,10,69,2,68,0,0,2176,2126,0,0,0,0,0,801,0,1023,0,1023,1023,0,0,1023,0,0,0,0,0,0,0,0,0,0,0,0,0,0,0,0,0,0,0,0,0,0,0,0,0,0,0,2,1,2,6,18,39,0,0,0,0,0,0,0,0,0,0,0,0,0,0,0,0,0,0,0,0,0,0,0,0,0,0,0,0,0,0,0,0,7,8,9,10,12,8,10,7,7,11
934,1,67,69,3,64,64,0,0,0,66,0,19040,19040,1897,1897,0,3149,15891,0,0,0,595,19040,1415,885,32,1023,10,14,0,1048576,0,0,0,inf,inf,1.19311893,1.04770947,1,0,10,67,2,42,18,6,2112,1103,529,529,17,16928,2046,885,244,1022,1023,1023,1023,0,0,1023,0,1,2,2,1,2,3,3,2,2,3,1,2,3,2,3,2,1,2,2,4,0,1,0,4,3,2,4,2,2,0,2,3,0,0,0,0,0,0,0,0,0,0,0,0,0,0,0,0,0,0,0,0,0,0,0,0,0,0,0,0,0,0,0,0,63,12,11,12,14,12,12,12,14,14
935,1,69,69,2,64,64,0,0,0,68,0,2176,2176,1432,1432,0,2116,60,0,0,0,68,2176,694,684,32,1023,10,14,0,1048576,0,0,0,inf,inf,0.848679483,0.749890327,1,0,10,69,2,68,0,0,2176,2116,0,0,0,0,0,684,0,1023,0,1023,1023,0,0,1023,0,0,0,0,0,0,0,0,0,0,0,0,0,0,0,0,0,0,0,0,0,0,0,0,0,1,0,2,1,3,6,18,37,0,0,0,0,0,0,0,0,0,0,0,0,0,0,0,0,0,0,0,0,0,0,0,0,0,0,0,0,0,0,0,0,6,5,5,8,6,6,4,9,5,14
936,0.899999976,69,69,1,64,64,0,1,0,68,0,24832,24832,2199,2199,0,4476,20356,0,0,0,776,24832,1798,1189,32,959,10,14,0,1048576,0,0,0,inf,1.17312193,1.17312193,1.09858823,1,0,10,69,2,35,21,12,2176,972,708,708,117,22656,3504,1189,669,414,959,959,959,0,0,959,3,3,2,1,3,3,2,3,2,2,4,4,1,4,1,3,1,2,3,1,1,0,1,0,3,1,3,0,3,5,1,2,0,0,0,0,0,0,0,0,0,0,0,0,0,0,0,0,0,0,0,0,0,0,0,0,0,0,0,0,0,0,0,0,0,16,16,15,17,9,18,4294967295,20,16,13
937,1,66,69,3,64,64,0,0,0,65,0,19424,19424,1779,1779,0,3816,15608,0,0,0,607,19424,1730,1155,32,1023,10,14,0,1048576,0,0,0,inf,inf,1.12264502,0.991223276,1,0,10,66,2,39,20,6,2080,1010,542,542,65,17344,2806,1155,535,938,1023,1023,1023,0,0,1023,1,3,1,1,0,0,4,2,4,3,4,2,1,2,1,4,4,1,3,2,3,2,1,0,1,3,4,1,3,2,0,2,0,0,0,0,0,0,0,0,0,0,0,0,0,0,0,0,0,0,0,0,0,0,0,0,0,0,0,0,0,0,0,0,0,26,25,7,7,26,5,22,5,5,4
938,1,67,69,3,64,64,0,0,0,66,0,4224,4224,1256,1256,0,1852,2372,0,0,0,132,4224,670,602,32,1023,10,14,0,1048576,0,0,0,inf,inf,1.33955503,1.26505017,1,0,10,67,2,63,2,1,2112,1604,66,66,0,2112,248,602,0,1023,475,1023,1023,0,0,1023,0,0,0,1,0,0,0,0,0,0,1,1,0,1,1,3,1,1,0,2,4,2,1,2,5,6,7,6,3,5,2,8,3,0,0,0,0,0,0,0,0,0,0,0,0,0,0,0,0,0,0,0,0,0,0,0,0,0,0,0,0,0,0,0,0,3,8,2,9,3,3,7,4,8,2
939,0.800000012,65,69,3,64,64,0,0,0,64,0,40992,40992,3069,3069,0,3823,37169,0,0,0,1281,40992,1520,681,32,975,10,14,0,1048576,0,0,0,inf,inf,1.42808294,1.35181665,1,0,10,65,2,9,27,28,2048,417,1217,1217,50,38944,3406,681,183,454,975,975,975,0,0,975,6,5,8,5,4,7,3,3,1,4,4,3,2,1,1,1,1,1,2,1,1,0,0,0,0,0,0,0,0,0,0,0,0,0,0,0,0,0,0,0,0,0,0,0,0,0,0,0,0,0,0,0,0,0,0,0,0,0,0,0,0,0,0,0,0,28,3,1,3,4294967295,4294967295,1,2,3,4
940,1,69,69,1,64,64,0,3,0,68,0,2176,2176,1415,1415,0,2125,51,0,0,0,68,2176,720,710,32,1023,10,14,0,1048576,0,0,0,inf,0.874799013,0.877917886,0.753618836,1,0,10,69,2,68,0,0,2176,2125,0,0,0,0,0,710,0,1023,0,1023,1023,0,0,1023,0,0,0,0,0,0,0,0,0,0,0,0,0,0,0,0,0,0,0,0,0,0,0,0,0,0,0,2,0,2,6,23,35,0,0,0,0,0,0,0,0,0,0,0,0,0,0,0,0,0,0,0,0,0,0,0,0,0,0,0,0,0,0,0,0,10,9,9,13,8,8,12,14,10,9
941,0.899999976,67,69,3,64,64,0,0,0,66,0,32864,32864,2489,2489,0,4830,28034,0,0,0,1027,32864,2227,1258,32,959,10,14,0,1048576,0,0,0,inf,inf,1.25571537,1.16517246,1,0,10,67,2,20,34,12,2112,631,961,961,112,30752,4199,1258,719,411,959,959,959,0,0,959,3,2,1,4,2,6,5,5,3,1,4,5,5,5,3,1,3,2,2,1,1,0,1,1,0,0,0,0,0,0,0,0,0,0,0,0,0,0,0,0,0,0,0,0,0,0,0,0,0,0,0,0,0,0,0,0,0,0,0,0,0,0,0,0,0,10,11,41,7,4,18,4294967295,8,6,17
942,0.800000012,66,69,3,64,64,0,0,0,65,0,35040,35040,2357,2357,0,3558,31482,0,0,0,1095,35040,1593,963,32,495,10,14,0,1048576,0,0,0,inf,inf,1.536201,1.48629618,1,0,10,66,2,24,21,20,2080,747,1030,1030,23,32960,2811,963,179,495,495,495,495,0,0,495,3,3,7,4,3,6,5,5,1,1,1,1,1,0,0,0,1,3,1,2,3,2,1,2,0,0,1,1,1,0,1,3,2,0,0,0,0,0,0,0,0,0,0,0,0,0,0,0,0,0,0,0,0,0,0,0,0,0,0,0,0,0,0,0,0,7,6,5,31,4294967295,27,6,7,12,4294967295
943,1,69,69,1,64,64,0,1,0,68,0,28640,28640,2061,2061,0,4444,24196,0,0,0,895,28640,1929,1240,32,1023,10,14,0,1048576,0,0,0,inf,1.2245717,1.26092005,1.17066455,1,0,10,69,2,32,24,12,2176,870,827,827,68,26464,3574,1240,718,1022,1023,1023,1023,514,0,1023,0,5,3,1,3,4,2,6,0,1,3,4,4,5,2,1,2,3,0,4,2,3,0,0,3,2,1,0,0,2,0,1,1,0,0,0,0,0,0,0,0,0,0,0,0,0,0,0,0,0,0,0,0,0,0,0,0,0,0,0,0,0,0,0,0,23,16,13,12,22,41,14,23,6,23
944,1,69,69,2,64,64,0,0,0,68,0,41632,41632,3052,3052,0,5845,35787,0,0,0,1301,41632,2434,1464,32,1023,10,14,0,1048576,0,0,0,inf,inf,1.23921514,1.11386776,1,0,10,69,2,12,34,22,2176,552,1233,1233,124,39456,5293,1464,800,1023,1023,1023,1023,0,0,1023,2,2,4,8,6,5,6,3,5,4,3,4,4,2,0,2,2,0,2,1,1,1,0,0,0,0,0,0,0,0,1,0,0,0,0,0,0,0,0,0,0,0,0,0,0,0,0,0,0,0,0,0,0,0,0,0,0,0,0,0,0,0,0,0,0,5,5,33,32,31,6,32,5,32,5
945,0.899999976,66,69,3,64,64,0,0,0,65,0,43008,43008,3501,3501,0,3856,39152,0,0,0,1344,43008,1385,572,32,1021,10,14,0,1048576,0,0,0,inf,inf,1.35931277,1.26372528,1,0,10,66,2,6,26,33,2080,375,1279,1279,23,40928,3481,572,57,1016,1021,1021,1021,36,0,1021,10,6,4,7,6,6,2,5,1,3,6,2,1,0,1,1,0,2,1,0,0,0,0,0,0,0,0,0,0,1,0,0,0,0,0,0,0,0,0,0,0,0,0,0,0,0,0,0,0,0,0,0,0,0,0,0,0,0,0,0,0,0,0,0,0,47,4294967295,2,1,3,2,32,5,1,2
946,1,69,69,1,64,64,0,1,0,68,0,2176,2176,1460,1460,0,2094,82,0,0,0,68,2176,644,634,32,1023,10,14,0,1048576,0,0,0,inf,0.901219726,0.901219726,0.805698156,1,0,10,69,2,68,0,0,2176,2094,0,0,0,0,0,634,0,1023,0,1023,1023,0,0,1023,0,0,0,0,0,0,0,0,0,0,0,0,0,0,0,0,0,1,0,0,0,0,0,0,0,0,1,3,2,3,6,17,35,0,0,0,0,0,0,0,0,0,0,0,0,0,0,0,0,0,0,0,0,0,0,0,0,0,0,0,0,0,0,0,0,6,11,6,8,10,5,9,8,13,6
947,0.899999976,66,69,3,64,64,0,0,0,65,0,25792,25792,2321,2321,0,4237,21555,0,0,0,806,25792,1679,1093,32,767,10,14,0,1048576,0,0,0,inf,inf,1.22180319,1.14803123,1,0,10,66,2,30,20,15,2080,754,741,741,74,23712,3483,1093,527,618,767,767,767,0,0,767,4,5,2,2,2,3,2,2,4,3,3,2,1,2,4,3,3,1,5,1,3,2,0,1,0,0,1,0,2,1,1,0,0,0,0,0,0,0,0,0,0,0,0,0,0,0,0,0,0,0,0,0,0,0,0,0,0,0,0,0,0,0,0,0,0,5,5,6,4,6,14,21,7,4294967295,37
948,0.899999976,69,69,1,64,64,0,9,0,68,0,21920,21920,1552,1552,0,3558,18362,0,0,0,685,21920,1569,933,32,511,10,14,0,1048576,0,0,0,inf,1.34570777,1.36037457,1.28852713,1,0,10,69,2,39,22,7,2176,984,617,617,94,19744,2574,933,700,455,511,511,511,18,0,511,2,1,1,2,1,3,1,2,5,0,3,3,5,1,1,4,7,3,3,3,4,0,3,2,0,2,0,2,2,0,2,0,0,0,0,0,0,0,0,0,0,0,0,0,0,0,0,0,0,0,0,0,0,0,0,0,0,0,0,0,0,0,0,0,0,30,37,29,55,13,51,29,27,6,4294967295
949,1,69,69,1,64,64,0,1,0,68,0,2176,2176,1456,1456,0,2092,84,0,0,0,68,2176,646,636,32,1023,10,14,0,1048576,0,0,0,inf,0.844910979,0.844910979,0.715234995,1,0,10,69,2,68,0,0,2176,2092,0,0,0,0,0,636,0,1023,0,1023,1023,0,0,1023,0,0,0,0,0,0,0,0,0,0,0,0,0,0,0,0,0,1,0,0,0,0,0,0,0,0,1,3,1,5,5,19,33,0,0,0,0,0,0,0,0,0,0,0,0,0,0,0,0,0,0,0,0,0,0,0,0,0,0,0,0,0,0,0,0,7,7,8,8,11,6,9,9,9,9
950,1,69,69,1,64,64,0,3,0,68,0,33088,33088,2298,2298,0,5330,27758,0,0,0,1034,33088,2362,1441,32,1023,10,14,0,1048576,0,0,0,inf,1.24469316,1.25743532,1.15871596,1,0,10,69,2,25,33,10,2176,814,966,966,134,30912,4516,1441,785,511,1023,1023,1023,516,0,1023,1,2,1,3,3,3,10,2,3,2,5,3,5,3,0,0,2,1,4,2,3,1,1,1,0,2,1,1,1,1,0,1,0,0,0,0,0,0,0,0,0,0,0,0,0,0,0,0,0,0,0,0,0,0,0,0,0,0,0,0,0,0,0,0,0,9,10,10,10,9,33,60,10,61,60
951,1,69,69,1,64,64,0,4,0,68,0,2176,2176,1412,1412,0,2119,57,0,0,0,68,2176,717,707,32,1023,10,14,0,1048576,0,0,0,inf,0.850100935,0.852033615,0.728927791,1,0,10,69,2,68,0,0,2176,2119,0,0,0,0,0,707,0,1023,0,1023,1023,0,0,1023,0,0,0,0,0,0,0,0,0,0,0,0,0,0,0,0,0,0,0,0,0,0,0,0,0,0,0,2,2,3,5,20,36,0,0,0,0,0,0,0,0,0,0,0,0,0,0,0,0,0,0,0,0,0,0,0,0,0,0,0,0,0,0,0,0,12,12,10,9,11,10,13,12,11,11
952,1,66,69,3,64,64,0,0,0,65,0,18752,18752,2008,2008,0,4812,13940,0,0,0,586,18752,1942,1252,32,1023,10,14,0,1048576,0,0,0,inf,inf,0.970732212,0.892738819,1,0,10,66,2,37,24,4,2080,944,521,521,103,16672,3868,1252,926,880,1007,1023,1023,128,0,1023,1,2,0,0,1,3,3,0,3,4,2,5,4,4,4,1,3,2,3,3,2,6,0,2,0,2,1,0,1,1,1,1,0,0,0,0,0,0,0,0,0,0,0,0,0,0,0,0,0,0,0,0,0,0,0,0,0,0,0,0,0,0,0,0,0,21,21,20,22,29,3,7,19,3,10
953,1,69,69,1,64,64,0,9,0,68,0,2176,2176,1259,1259,0,2095,81,0,0,0,68,2176,846,836,32,1023,10,14,0,1048576,0,0,0,inf,0.891932666,0.89995563,0.808102131,1,0,10,69,2,68,0,0,2176,2095,0,0,0,0,0,836,0,1023,0,1023,1023,0,0,1023,0,0,0,0,0,0,0,0,0,0,0,0,0,0,0,0,0,0,0,0,0,0,0,0,0,1,0,4,4,3,5,19,32,0,0,0,0,0,0,0,0,0,0,0,0,0,0,0,0,0,0,0,0,0,0,0,0,0,0,0,0,0,0,0,0,14,18,15,19,15,18,18,16,16,16
954,0.899999976,67,69,3,64,64,0,0,0,66,0,28736,28736,1823,1823,0,3875,24861,0,0,0,898,28736,1686,1083,32,511,10,14,0,1048576,0,0,0,inf,inf,1.2882762,1.20609534,1,0,10,67,2,29,21,16,2112,782,832,832,95,26624,3093,1083,607,511,511,511,511,0,0,511,1,6,3,4,2,3,2,2,4,2,3,2,3,0,1,2,4,3,2,4,3,1,1,2,2,2,1,1,0,0,0,0,0,0,0,0,0,0,0,0,0,0,0,0,0,0,0,0,0,0,0,0,0,0,0,0,0,0,0,0,0,0,0,0,0,2,4,5,5,24,3,5,3,3,4294967295
955,0.899999976,66,69,3,64,64,0,0,0,65,0,21056,21056,2003,2003,0,2928,18128,0,0,0,658,21056,1294,742,32,991,10,14,0,1048576,0,0,0,inf,inf,1.25167274,1.16240144,1,0,10,66,2,39,18,8,2080,967,593,593,26,18976,1961,742,163,982,991,991,991,512,0,991,0,4,1,2,1,4,3,5,2,1,0,3,0,2,3,2,1,2,3,4,3,2,2,3,1,3,2,1,1,1,2,0,1,0,0,0,0,0,0,0,0,0,0,0,0,0,0,0,0,0,0,0,0,0,0,0,0,0,0,0,0,0,0,0,0,18,3,16,17,3,4294967295,15,32,1,7
956,1,68,69,3,64,64,0,0,0,67,0,13536,13536,1495,1495,0,2388,11148,0,0,0,423,13536,1141,843,32,1023,10,14,0,1048576,0,0,0,inf,inf,1.35693157,1.26249969,1,0,10,68,2,51,10,6,2144,1377,356,356,10,11392,1011,843,54,767,829,1023,1023,0,0,1023,1,1,0,1,3,1,0,0,1,4,1,0,3,2,3,0,0,1,1,1,0,5,5,1,4,4,2,2,3,4,4,4,5,0,0,0,0,0,0,0,0,0,0,0,0,0,0,0,0,0,0,0,0,0,0,0,0,0,0,0,0,0,0,0,0,4,4,5,3,3,16,5,5,16,3
957,1,68,69,3,64,64,0,0,0,67,0,29440,29440,2278,2278,0,4593,24847,0,0,0,920,29440,1953,1246,32,1023,10,14,0,1048576,0,0,0,inf,inf,1.22069192,1.13201499,1,0,10,68,2,29,24,14,2144,784,853,853,119,27296,3809,1246,673,968,1023,1023,1023,384,0,1023,4,5,0,2,3,1,2,2,7,5,3,2,2,3,2,3,3,2,4,1,2,3,0,0,2,0,0,1,0,1,1,1,0,0,0,0,0,0,0,0,0,0,0,0,0,0,0,0,0,0,0,0,0,0,0,0,0,0,0,0,0,0,0,0,0,21,21,9,22,22,19,3,14,4,3
958,1,69,69,1,64,64,0,1,0,68,0,13888,13888,1477,1477,0,2285,11603,0,0,0,434,13888,1191,805,32,1023,10,14,0,1048576,0,0,0,inf,1.36614132,1.36614132,1.24500787,1,0,10,69,2,51,13,4,2176,1402,366,366,4,11712,883,805,31,1021,511,1023,1023,0,0,1023,1,1,0,0,2,3,0,1,0,4,2,0,3,1,4,1,0,2,1,0,0,4,4,0,4,2,5,4,1,3,2,4,9,0,0,0,0,0,0,0,0,0,0,0,0,0,0,0,0,0,0,0,0,0,0,0,0,0,0,0,0,0,0,0,0,8,8,7,14,7,7,3,7,8,7
959,1,67,69,3,64,64,0,0,0,66,0,28608,28608,2339,2339,0,5034,23574,0,0,0,894,28608,2223,1266,32,1023,10,14,0,1048576,0,0,0,inf,inf,1.24956799,1.1625011,1,0,10,67,2,26,34,6,2112,760,828,828,126,26496,4274,1266,817,1023,1023,1023,1023,64,0,1023,1,0,2,1,2,0,6,4,3,6,4,8,3,4,2,2,4,6,2,1,2,2,0,0,0,0,1,0,0,0,0,0,0,0,0,0,0,0,0,0,0,0,0,0,0,0,0,0,0,0,0,0,0,0,0,0,0,0,0,0,0,0,0,0,0,8,9,9,36,21,21,2,22,37,6
960,0.899999976,67,69,3,64,64,0,0,0,66,0,13664,13664,1907,1907,0,2677,10987,0,0,0,427,13664,1032,634,32,767,10,14,0,1048576,0,0,0,inf,inf,1.09672332,0.999156237,1,0,10,67,2,49,13,4,2112,1158,361,361,11,11552,1519,634,93,767,639,767,767,0,0,767,0,2,1,1,0,2,1,4,1,1,1,1,2,2,3,3,1,2,4,6,2,2,1,2,5,6,2,3,3,1,1,0,0,0,0,0,0,0,0,0,0,0,0,0,0,0,0,0,0,0,0,0,0,0,0,0,0,0,0,0,0,0,0,0,0,3,9,34,8,3,4,10,3,4294967295,3
961,1,69,69,1,64,64,0,2,0,68,0,5472,5472,1456,1456,0,2589,2883,0,0,0,171,5472,984,854,32,1023,10,14,0,1048576,0,0,0,inf,0.854578733,0.854873896,0.739208937,1,0,10,69,2,63,4,1,2176,1767,103,103,18,3296,822,854,140,1023,35,1023,1023,0,0,1023,0,0,0,1,0,0,2,0,1,0,1,0,0,1,1,2,2,2,2,1,1,1,0,1,1,0,2,5,1,3,3,12,22,0,0,0,0,0,0,0,0,0,0,0,0,0,0,0,0,0,0,0,0,0,0,0,0,0,0,0,0,0,0,0,0,8,9,9,16,9,8,9,12,11,9
962,0.899999976,67,69,3,64,64,0,0,0,66,0,30560,30560,2294,2294,0,4509,26051,0,0,0,955,30560,1788,1218,32,991,10,14,0,1048576,0,0,0,inf,inf,1.29708779,1.21092272,1,0,10,67,2,27,20,19,2112,708,889,889,111,28448,3801,1218,615,478,863,991,991,0,0,991,5,7,4,1,2,3,1,5,4,1,1,4,1,3,2,3,1,3,3,2,2,0,0,0,4,1,0,0,1,1,1,0,0,0,0,0,0,0,0,0,0,0,0,0,0,0,0,0,0,0,0,0,0,0,0,0,0,0,0,0,0,0,0,0,0,15,15,4,15,24,4294967295,47,47,47,16
963,1,67,69,3,64,64,0,0,0,66,0,26304,26304,2180,2180,0,4533,21771,0,0,0,822,26304,1826,1263,32,1023,10,14,0,1048576,0,0,0,inf,inf,1.31737888,1.20571756,1,0,10,67,2,31,20,15,2112,818,756,756,137,24192,3715,1263,628,842,1023,1023,1023,0,0,1023,3,4,2,4,2,1,1,2,5,3,2,4,2,1,2,3,4,2,3,2,3,1,2,3,0,1,0,0,2,1,1,0,0,0,0,0,0,0,0,0,0,0,0,0,0,0,0,0,0,0,0,0,0,0,0,0,0,0,0,0,0,0,0,0,0,4,4,5,3,48,5,8,6,4,49
964,0.899999976,66,69,3,64,64,0,0,0,65,0,27296,27296,2708,2708,0,4765,22531,0,0,0,853,27296,2095,1083,32,895,10,14,0,1048576,0,0,0,inf,inf,1.24408102,1.10481524,1,0,10,66,2,26,34,5,2080,755,788,788,103,25216,4010,1083,608,639,895,895,895,272,0,895,0,1,1,1,2,4,6,5,3,1,5,7,3,2,4,2,3,4,3,2,2,0,1,1,1,1,0,0,0,0,0,0,0,0,0,0,0,0,0,0,0,0,0,0,0,0,0,0,0,0,0,0,0,0,0,0,0,0,0,0,0,0,0,0,0,2,4,5,2,16,4,1,4294967295,36,13
965,0.800000012,69,69,1,64,64,0,1,0,68,0,27328,27328,2182,2182,0,4372,22956,0,0,0,854,27328,1839,1206,32,767,10,14,0,1048576,0,0,0,inf,1.32042646,1.32042646,1.2448597,1,0,10,69,2,34,22,12,2176,862,786,786,99,25152,3510,1206,570,248,767,765,765,2,0,765,0,4,3,2,3,0,5,4,3,2,1,3,4,4,1,2,5,4,1,5,2,3,0,0,1,2,3,0,0,0,0,1,0,0,0,0,0,0,0,0,0,0,0,0,0,0,0,0,0,0,0,0,0,0,0,0,0,0,0,0,0,0,0,0,0,20,4294967295,46,50,39,16,12,37,4294967295,50
966,1,65,69,3,64,64,0,0,0,64,0,22784,22784,1822,1822,0,3183,19601,0,0,0,712,22784,1351,799,32,1023,10,14,0,1048576,0,0,0,inf,inf,1.34018373,1.23158932,1,0,10,65,2,36,18,10,2048,968,648,648,45,20736,2215,799,408,1023,1023,1023,1023,66,0,1023,3,4,0,3,0,5,3,1,3,1,1,1,3,1,1,3,1,2,0,2,1,6,3,1,1,0,4,1,3,3,0,2,1,0,0,0,0,0,0,0,0,0,0,0,0,0,0,0,0,0,0,0,0,0,0,0,0,0,0,0,0,0,0,0,0,2,4,4,3,31,2,9,9,10,1
967,0.800000012,66,69,3,64,64,0,0,0,65,0,30336,30336,2655,2655,0,4710,25626,0,0,0,948,30336,1845,1124,32,990,10,14,0,1048576,0,0,0,inf,inf,1.0273546,0.952671766,1,0,10,66,2,25,25,15,2080,671,883,883,85,28256,4039,1124,583,974,990,990,990,64,0,990,3,5,4,3,0,2,2,5,4,1,6,1,4,3,3,2,1,4,7,1,0,2,0,0,1,0,1,0,0,0,0,0,0,0,0,0,0,0,0,0,0,0,0,0,0,0,0,0,0,0,0,0,0,0,0,0,0,0,0,0,0,0,0,0,0,4294967295,2,3,4,5,4294967295,8,7,6,19
968,1,65,69,3,64,64,0,0,0,64,0,36320,36320,2464,2464,0,4922,31398,0,0,0,1135,36320,2113,1340,32,1023,10,14,0,1048576,0,0,0,inf,inf,1.32613945,1.2415992,1,0,10,65,2,17,27,20,2048,567,1071,1071,98,34272,4355,1340,665,759,1023,1023,1023,0,0,1023,4,2,6,6,2,7,1,4,4,7,2,0,2,1,2,4,1,1,0,0,2,1,1,0,1,1,1,1,0,0,0,0,0,0,0,0,0,0,0,0,0,0,0,0,0,0,0,0,0,0,0,0,0,0,0,0,0,0,0,0,0,0,0,0,0,0,1,1,1,2,36,50,1,43,1
969,1,67,69,3,64,64,0,0,0,66,0,25376,25376,3099,3099,0,4752,20624,0,0,0,793,25376,1814,1094,32,1023,10,14,0,1048576,0,0,0,inf,inf,1.14995193,1.01896369,1,0,10,67,2,28,24,14,2112,816,727,727,74,23264,3936,1094,396,764,1023,1023,1023,72,0,1023,1,3,5,2,3,1,1,3,1,6,5,5,2,1,3,2,0,2,4,3,0,3,1,3,0,2,0,2,2,0,0,0,0,0,0,0,0,0,0,0,0,0,0,0,0,0,0,0,0,0,0,0,0,0,0,0,0,0,0,0,0,0,0,0,0,29,29,2,3,28,4,3,2,30,2
970,1,68,69,3,64,64,0,0,0,67,0,28544,28544,2198,2198,0,5021,23523,0,0,0,892,28544,2265,1351,32,1023,10,14,0,1048576,0,0,0,inf,inf,1.31516218,1.22173619,1,0,10,68,2,28,33,6,2144,802,825,825,140,26400,4219,1351,868,1007,1023,1023,1023,264,0,1023,1,0,2,2,1,1,7,3,5,4,4,6,3,3,0,1,6,3,5,2,4,0,2,0,1,1,0,0,0,0,0,0,0,0,0,0,0,0,0,0,0,0,0,0,0,0,0,0,0,0,0,0,0,0,0,0,0,0,0,0,0,0,0,0,0,31,32,32,32,6,5,39,32,31,6
971,0.600000024,66,69,3,64,64,0,0,0,65,0,15104,15104,1384,1384,0,3778,11326,0,0,0,472,15104,1471,1055,32,1008,10,14,0,1048576,0,0,0,inf,inf,1.09533954,1.02529871,1,0,10,66,2,47,15,3,2080,1158,407,407,154,13024,2620,1055,734,1008,1008,1008,1008,0,0,1008,0,0,2,0,1,2,1,1,1,4,1,3,2,2,2,3,2,1,4,2,2,5,4,0,2,6,3,5,2,2,0,0,0,0,0,0,0,0,0,0,0,0,0,0,0,0,0,0,0,0,0,0,0,0,0,0,0,0,0,0,0,0,0,0,0,4294967295,4294967295,4294967295,4294967295,7,5,6,7,7,30
972,1,67,69,3,64,64,0,0,0,66,0,26048,26048,3206,3206,0,4726,21322,0,0,0,814,26048,2073,1047,32,1023,10,14,0,1048576,0,0,0,inf,inf,1.05044866,0.967753708,1,0,10,67,2,23,34,9,2112,752,748,748,54,23936,3974,1047,474,1023,1023,1023,1023,0,0,1023,0,1,3,3,2,2,6,8,5,1,5,4,3,5,1,2,0,0,0,4,1,1,1,3,2,1,1,0,0,0,0,1,0,0,0,0,0,0,0,0,0,0,0,0,0,0,0,0,0,0,0,0,0,0,0,0,0,0,0,0,0,0,0,0,0,6,4,5,4,6,2,6,6,6,5
973,0.800000012,68,69,3,64,64,0,0,0,67,0,38464,38464,2799,2799,0,4514,33950,0,0,0,1202,38464,1704,1138,32,765,10,14,0,1048576,0,0,0,inf,inf,1.4985007,1.43650651,1,0,10,68,2,21,19,27,2144,661,1135,1135,87,36320,3853,1138,365,765,765,765,765,4,0,765,4,6,9,3,5,4,5,3,0,3,3,1,0,0,2,0,3,1,0,1,1,1,0,4,2,0,0,0,3,0,1,2,0,0,0,0,0,0,0,0,0,0,0,0,0,0,0,0,0,0,0,0,0,0,0,0,0,0,0,0,0,0,0,0,0,14,4294967295,17,13,16,6,14,14,4294967295,6
974,1,69,69,2,64,64,0,0,0,68,0,35776,35776,3400,3400,0,5217,30559,0,0,0,1118,35776,2083,1136,32,1023,10,14,0,1048576,0,0,0,inf,inf,1.32744145,1.25271904,1,0,10,69,2,18,32,18,2176,585,1050,1050,87,33600,4632,1136,508,380,1023,1023,1023,132,0,1023,3,3,4,5,3,3,6,2,9,2,5,3,2,4,3,2,3,1,1,3,0,1,0,0,0,0,0,0,0,0,0,0,0,0,0,0,0,0,0,0,0,0,0,0,0,0,0,0,0,0,0,0,0,0,0,0,0,0,0,0,0,0,0,0,0,5,6,7,5,4,5,5,5,4,50
975,1,68,69,3,64,64,0,0,0,67,0,25760,25760,2398,2398,0,4540,21220,0,0,0,805,25760,1862,1216,32,1023,10,14,0,1048576,0,0,0,inf,inf,1.22142744,1.04132736,1,0,10,68,2,31,22,14,2144,806,738,738,93,23616,3734,1216,577,860,1023,1023,1023,0,0,1023,1,5,4,1,3,2,2,2,4,3,3,5,1,1,3,4,3,1,4,3,1,3,1,3,1,1,1,0,1,0,0,0,0,0,0,0,0,0,0,0,0,0,0,0,0,0,0,0,0,0,0,0,0,0,0,0,0,0,0,0,0,0,0,0,0,19,19,21,10,8,20,9,18,9,10
976,1,69,69,1,64,64,0,34,0,68,0,2176,2176,859,859,0,2088,88,0,0,0,68,2176,1239,1229,32,1023,10,14,0,1048576,0,0,0,inf,0.827943802,0.905442834,0.803741634,1,0,10,69,2,68,0,0,2176,2088,0,0,0,0,0,1229,0,1023,0,1023,1023,0,0,1023,0,0,0,0,0,0,0,0,0,0,0,0,0,0,0,0,0,0,0,1,0,0,0,1,1,1,1,1,0,6,4,14,38,0,0,0,0,0,0,0,0,0,0,0,0,0,0,0,0,0,0,0,0,0,0,0,0,0,0,0,0,0,0,0,0,55,57,61,52,55,55,4,57,57,56
977,1,67,69,3,64,64,0,0,0,66,0,29120,29120,3041,3041,0,4224,24896,0,0,0,910,29120,1821,972,32,1023,10,14,0,1048576,0,0,0,inf,inf,1.2163707,1.03593206,1,0,10,67,2,23,28,15,2112,619,844,844,41,27008,3605,972,302,1020,1023,1023,1023,0,0,1023,3,3,2,5,2,2,4,5,10,2,3,2,0,3,6,2,4,2,3,0,0,1,2,0,0,0,0,0,0,0,0,0,0,0,0,0,0,0,0,0,0,0,0,0,0,0,0,0,0,0,0,0,0,0,0,0,0,0,0,0,0,0,0,0,0,9,8,3,2,7,7,3,3,3,3
978,1,66,69,3,64,64,0,0,0,65,0,15264,15264,1548,1548,0,2321,12943,0,0,0,477,15264,1178,753,32,1023,10,14,0,1048576,0,0,0,inf,inf,1.41982031,1.32527423,1,0,10,66,2,46,14,5,2080,1226,412,412,8,13184,1095,753,42,767,889,1023,1023,0,0,1023,1,1,0,0,3,3,1,1,0,3,3,0,3,3,4,0,0,2,2,0,2,5,2,1,4,2,2,2,1,3,0,4,7,0,0,0,0,0,0,0,0,0,0,0,0,0,0,0,0,0,0,0,0,0,0,0,0,0,0,0,0,0,0,0,0,14,17,6,6,20,3,4,18,14,20
979,0.899999976,69,69,1,64,64,0,5,0,68,0,15296,15296,1673,1673,0,2645,12651,0,0,0,478,15296,1160,752,32,1021,10,14,0,1048576,0,0,0,inf,1.42787457,1.43310845,1.37045336,1,0,10,69,2,49,14,5,2176,1319,410,410,15,13120,1326,752,137,764,1021,1021,1021,0,0,1021,0,0,1,3,1,2,0,1,0,3,2,1,5,2,2,0,2,1,0,0,4,2,6,1,2,6,4,7,3,0,4,2,1,0,0,0,0,0,0,0,0,0,0,0,0,0,0,0,0,0,0,0,0,0,0,0,0,0,0,0,0,0,0,0,0,52,4294967295,11,51,7,8,13,52,55,8
980,1,65,69,3,64,64,0,0,0,64,0,2720,2720,1214,1214,0,1873,847,0,0,0,85,2720,699,659,32,1023,10,14,0,1048576,0,0,0,inf,inf,1.20686293,1.09809518,1,0,10,65,2,63,1,0,2048,1766,21,21,0,672,107,659,0,1023,312,1023,1023,0,0,1023,0,0,0,0,0,0,0,0,0,0,0,1,0,1,1,1,0,0,0,1,2,1,0,2,4,2,2,4,5,6,6,13,12,0,0,0,0,0,0,0,0,0,0,0,0,0,0,0,0,0,0,0,0,0,0,0,0,0,0,0,0,0,0,0,0,3,4,2,7,5,7,3,7,5,2
981,1,69,69,2,64,64,0,0,0,68,0,2176,2176,1479,1479,0,2131,45,0,0,0,68,2176,662,652,32,1023,10,14,0,1048576,0,0,0,inf,inf,0.774122655,0.630921602,1,0,10,69,2,68,0,0,2176,2131,0,0,0,0,0,652,0,1023,0,1023,1023,0,0,1023,0,0,0,0,0,0,0,0,0,0,0,0,0,0,0,0,0,0,0,0,0,0,0,0,0,0,0,1,1,3,6,15,42,0,0,0,0,0,0,0,0,0,0,0,0,0,0,0,0,0,0,0,0,0,0,0,0,0,0,0,0,0,0,0,0,5,5,5,6,6,6,6,5,6,4
982,0.699999988,65,69,3,64,64,0,0,0,64,0,19040,19040,1794,1794,0,3406,15634,0,0,0,595,19040,1583,1028,32,254,10,14,0,1048576,0,0,0,inf,inf,1.38703787,1.31923676,1,0,10,65,2,39,19,6,2048,949,531,531,30,16992,2457,1028,427,244,254,254,254,0,0,254,0,2,1,2,1,3,3,2,1,1,2,4,3,4,3,3,2,4,1,2,4,2,2,0,3,2,3,3,0,1,0,0,0,0,0,0,0,0,0,0,0,0,0,0,0,0,0,0,0,0,0,0,0,0,0,0,0,0,0,0,0,0,0,0,0,4294967295,4,3,26,4,22,4,3,4294967295,4294967295
983,1,65,69,3,64,64,0,0,0,64,0,33984,33984,3060,3060,0,4924,29060,0,0,0,1062,33984,2052,1246,32,1023,10,14,0,1048576,0,0,0,inf,inf,1.18546653,1.07754755,1,0,10,65,2,14,27,23,2048,556,998,998,87,31936,4368,1246,446,895,1023,1023,1023,64,0,1023,3,3,7,6,4,4,4,3,4,3,5,2,2,1,0,4,0,1,0,2,1,0,0,0,0,1,1,1,1,0,0,1,0,0,0,0,0,0,0,0,0,0,0,0,0,0,0,0,0,0,0,0,0,0,0,0,0,0,0,0,0,0,0,0,0,0,1,1,7,8,7,14,1,8,6
984,0.800000012,68,69,3,64,64,0,0,0,67,0,27808,27808,3098,3098,0,5112,22696,0,0,0,869,27808,2136,1220,32,1006,10,14,0,1048576,0,0,0,inf,inf,1.0191468,0.897789359,1,0,10,68,2,21,31,15,2144,678,802,802,69,25664,4434,1220,608,1006,1006,1006,1006,32,0,1006,1,2,5,4,3,3,2,6,2,2,6,4,6,2,3,2,5,1,0,3,0,1,3,0,1,0,0,0,0,0,0,0,0,0,0,0,0,0,0,0,0,0,0,0,0,0,0,0,0,0,0,0,0,0,0,0,0,0,0,0,0,0,0,0,0,4294967295,5,4,5,4294967295,6,4,9,16,4
985,0.899999976,69,69,1,64,64,0,1,0,68,0,22752,22752,1654,1654,0,4291,18461,0,0,0,711,22752,1849,1228,32,1021,10,14,0,1048576,0,0,0,inf,1.22446871,1.22446871,1.15190601,1,0,10,69,2,39,22,7,2176,975,643,643,146,20576,3316,1228,948,764,1021,1021,1021,272,0,1021,0,1,3,2,1,3,3,2,3,0,3,4,4,3,3,6,1,3,5,3,1,0,0,3,4,1,2,0,1,1,1,1,0,0,0,0,0,0,0,0,0,0,0,0,0,0,0,0,0,0,0,0,0,0,0,0,0,0,0,0,0,0,0,0,0,55,4294967295,8,22,33,7,22,30,32,22
986,1,68,69,3,64,64,0,0,0,67,0,2144,2144,1482,1482,0,2082,62,0,0,0,67,2144,610,600,32,1023,10,14,0,1048576,0,0,0,inf,inf,0.85018456,0.730445147,1,0,10,68,2,67,0,0,2144,2082,0,0,0,0,0,600,0,1023,0,1023,1023,0,0,1023,0,0,0,0,0,0,0,0,0,0,0,0,0,0,0,0,0,0,0,0,0,0,0,0,0,0,1,2,1,3,8,17,35,0,0,0,0,0,0,0,0,0,0,0,0,0,0,0,0,0,0,0,0,0,0,0,0,0,0,0,0,0,0,0,0,6,5,6,7,5,9,4,7,5,17
987,1,67,69,3,64,64,0,0,0,66,0,2784,2784,1093,1093,0,1820,964,0,0,0,87,2784,726,690,32,1023,10,14,0,1048576,0,0,0,inf,inf,1.31469071,1.22210002,1,0,10,67,2,65,1,0,2112,1713,21,21,5,672,107,690,11,1023,42,1023,1023,0,0,1023,0,0,0,0,0,0,0,0,0,0,0,1,0,1,1,1,0,0,1,2,3,4,0,4,4,5,4,6,1,6,8,9,5,0,0,0,0,0,0,0,0,0,0,0,0,0,0,0,0,0,0,0,0,0,0,0,0,0,0,0,0,0,0,0,0,11,4,3,6,17,5,4,5,7,4
988,1,66,69,3,64,64,0,0,0,65,0,27456,27456,2690,2690,0,5033,22423,0,0,0,858,27456,2059,1245,32,1023,10,14,0,1048576,0,0,0,inf,inf,1.07928991,0.979527593,1,0,10,66,2,26,28,11,2080,720,793,793,119,25376,4313,1245,704,462,1023,1023,1023,256,0,1023,1,2,2,2,4,2,2,8,2,4,6,1,3,2,7,2,0,4,2,0,4,0,1,2,1,1,0,0,0,0,0,0,0,0,0,0,0,0,0,0,0,0,0,0,0,0,0,0,0,0,0,0,0,0,0,0,0,0,0,0,0,0,0,0,0,41,27,3,2,42,42,4,1,5,10
989,0.699999988,67,69,3,64,64,0,0,0,66,0,21568,21568,2075,2075,0,4358,17210,0,0,0,674,21568,1953,1186,32,830,10,14,0,1048576,0,0,0,inf,inf,1.10299742,0.993476868,1,0,10,67,2,34,27,5,2112,898,608,608,95,19456,3460,1186,682,812,830,830,830,2,0,830,1,1,2,0,1,3,3,3,2,4,5,4,3,4,2,5,1,2,3,1,2,4,2,0,0,3,3,2,0,0,0,0,0,0,0,0,0,0,0,0,0,0,0,0,0,0,0,0,0,0,0,0,0,0,0,0,0,0,0,0,0,0,0,0,0,4294967295,18,3,10,16,4,4294967295,4294967295,9,3
990,1,69,69,2,64,64,0,0,0,68,0,2176,2176,1266,1266,0,2092,84,0,0,0,68,2176,836,826,32,1023,10,14,0,1048576,0,0,0,inf,inf,0.853678107,0.746305704,1,0,10,69,2,68,0,0,2176,2092,0,0,0,0,0,826,0,1023,0,1023,1023,0,0,1023,0,0,0,0,0,0,0,0,0,0,0,0,0,0,0,0,0,0,1,0,0,1,0,0,0,0,1,2,2,3,5,16,37,0,0,0,0,0,0,0,0,0,0,0,0,0,0,0,0,0,0,0,0,0,0,0,0,0,0,0,0,0,0,0,0,8,12,9,10,13,10,11,8,5,23
991,1,67,69,3,64,64,0,0,0,66,0,23552,23552,1726,1726,0,4796,18756,0,0,0,736,23552,1946,1352,32,1023,10,14,0,1048576,0,0,0,inf,inf,1.02368999,0.934153914,1,0,10,67,2,35,21,10,2112,888,670,670,156,21440,3908,1352,1082,1008,1023,1023,1023,256,0,1023,2,3,1,2,2,5,0,4,2,3,3,2,2,3,4,2,2,3,4,2,1,1,2,1,2,2,1,0,2,1,0,2,0,0,0,0,0,0,0,0,0,0,0,0,0,0,0,0,0,0,0,0,0,0,0,0,0,0,0,0,0,0,0,0,0,9,9,10,8,7,8,4,6,18,7
992,1,68,69,3,64,64,0,0,0,67,0,38816,38816,2059,2059,0,5707,33109,0,0,0,1213,38816,2092,1503,32,1023,10,14,0,1048576,0,0,0,inf,inf,1.1530242,1.0609138,1,0,10,68,2,20,22,25,2144,619,1146,1146,215,36672,5088,1503,1318,128,1023,1023,1023,0,0,1023,7,9,4,3,2,2,4,1,3,1,2,5,4,0,2,3,4,1,1,1,1,1,0,1,0,2,1,1,0,0,1,0,0,0,0,0,0,0,0,0,0,0,0,0,0,0,0,0,0,0,0,0,0,0,0,0,0,0,0,0,0,0,0,0,0,15,16,16,11,28,16,21,40,10,12
993,1,69,69,1,64,64,0,6,0,68,0,2176,2176,1328,1328,0,2078,98,0,0,0,68,2176,760,750,32,1023,10,14,0,1048576,0,0,0,inf,0.885482132,0.897337258,0.748894632,1,0,10,69,2,68,0,0,2176,2078,0,0,0,0,0,750,0,1023,0,1023,1023,0,0,1023,0,0,0,0,0,0,0,0,0,0,0,0,0,0,0,1,0,0,0,0,0,1,0,1,0,0,1,2,2,2,6,19,33,0,0,0,0,0,0,0,0,0,0,0,0,0,0,0,0,0,0,0,0,0,0,0,0,0,0,0,0,0,0,0,0,14,13,13,17,15,16,15,14,16,16
994,1,69,69,1,64,64,0,4,0,68,0,2176,2176,1419,1419,0,2105,71,0,0,0,68,2176,696,686,32,1023,10,14,0,1048576,0,0,0,inf,0.704208136,0.704497695,0.601660252,1,0,10,69,2,68,0,0,2176,2105,0,0,0,0,0,686,0,1023,0,1023,1023,0,0,1023,0,0,0,0,0,0,0,0,0,0,0,0,0,0,0,0,0,0,0,0,0,0,0,0,0,0,2,4,1,3,4,18,36,0,0,0,0,0,0,0,0,0,0,0,0,0,0,0,0,0,0,0,0,0,0,0,0,0,0,0,0,0,0,0,0,10,10,9,10,10,10,12,12,19,12
995,0.899999976,66,69,3,64,64,0,0,0,65,0,32224,32224,2108,2108,0,5368,26856,0,0,0,1007,32224,1971,1299,32,1019,10,14,0,1048576,0,0,0,inf,inf,1.2400372,1.17440796,1,0,10,66,2,25,24,16,2080,727,942,942,167,30144,4641,1299,1215,986,1019,1019,1019,64,0,1019,0,5,5,4,2,0,4,6,1,1,0,8,4,3,3,2,4,2,0,2,0,1,0,1,3,0,1,2,0,0,1,0,0,0,0,0,0,0,0,0,0,0,0,0,0,0,0,0,0,0,0,0,0,0,0,0,0,0,0,0,0,0,0,0,0,30,5,4294967295,22,28,15,43,15,17,22
996,1,69,69,1,64,64,0,4,0,68,0,2176,2176,1202,1202,0,2068,108,0,0,0,68,2176,876,866,32,1023,10,14,0,1048576,0,0,0,inf,0.87816,0.881379783,0.771282911,1,0,10,69,2,68,0,0,2176,2068,0,0,0,0,0,866,0,1023,0,1023,1023,0,0,1023,0,0,0,0,0,0,0,0,0,0,0,0,0,0,0,0,0,0,0,0,0,0,1,1,0,2,0,2,2,7,8,20,25,0,0,0,0,0,0,0,0,0,0,0,0,0,0,0,0,0,0,0,0,0,0,0,0,0,0,0,0,0,0,0,0,20,22,21,18,21,22,29,22,21,20
997,1,67,69,3,64,64,0,0,0,66,0,36352,36352,2037,2037,0,4562,31790,0,0,0,1136,36352,1970,1249,32,1023,10,14,0,1048576,0,0,0,inf,inf,1.27643633,1.15532005,1,0,10,67,2,19,25,22,2112,621,1070,1070,134,34240,3941,1249,787,1022,1023,1023,1023,0,0,1023,6,4,3,7,2,6,2,3,2,1,5,2,4,1,1,0,3,0,2,0,5,2,1,2,0,0,1,1,0,0,0,0,0,0,0,0,0,0,0,0,0,0,0,0,0,0,0,0,0,0,0,0,0,0,0,0,0,0,0,0,0,0,0,0,0,58,9,13,7,7,12,7,19,8,7
998,1,69,69,1,64,64,0,2,0,68,0,13184,13184,1229,1229,0,2280,10904,0,0,0,412,13184,1350,1048,32,1023,10,14,0,1048576,0,0,0,inf,1.33596122,1.3376627,1.26369643,1,0,10,69,2,53,10,5,2176,1457,344,344,2,11008,823,1048,24,1023,958,1023,1023,0,0,1023,1,2,0,0,2,1,0,1,0,4,2,0,2,2,2,1,1,0,2,1,0,3,4,0,2,3,4,5,2,3,5,7,6,0,0,0,0,0,0,0,0,0,0,0,0,0,0,0,0,0,0,0,0,0,0,0,0,0,0,0,0,0,0,0,0,57,14,8,13,9,38,26,14,17,51
999,1,69,69,1,64,64,0,5,0,68,0,2176,2176,1222,1222,0,2107,69,0,0,0,68,2176,895,885,32,1023,10,14,0,1048576,0,0,0,inf,0.8056494,0.808395028,0.68613559,1,0,10,69,2,68,0,0,2176,2107,0,0,0,0,0,885,0,1023,0,1023,1023,0,0,1023,0,0,0,0,0,0,0,0,0,0,0,0,0,0,0,0,0,0,0,0,0,0,0,0,0,0,1,2,1,4,7,23,30,0,0,0,0,0,0,0,0,0,0,0,0,0,0,0,0,0,0,0,0,0,0,0,0,0,0,0,0,0,0,0,0,12,13,13,13,13,11,13,13,21,15
