query_id,recall,iterations,resolved_max_iterations,stop_reason,terminal_valid,terminal_pass,terminal_reject,terminal_unexpanded_pass,terminal_unexpanded_reject,expanded_pass_parents,expanded_reject_parents,candidate_attempts,candidate_evaluations,candidate_duplicate_or_full,candidate_duplicates,candidate_hash_full,passing_candidates,rejected_candidates,penalized_candidates,accumulator_observations,accumulator_insertions,gt_seen_mask,output_count,hash_bitlen,small_hash_bitlen,small_hash_reset_interval,resolved_filtering_rate,reference_penalty,query_penalty,terminal_cutoff,best_unexpanded_distance,worst_retained_distance,kth_passing_raw_distance,gt_first_iteration_0,gt_first_iteration_1,gt_first_iteration_2,gt_first_iteration_3,gt_first_iteration_4,gt_first_iteration_5,gt_first_iteration_6,gt_first_iteration_7,gt_first_iteration_8,gt_first_iteration_9
0,0.5,262,262,1,512,5,507,0,507,5,517,16704,10567,6137,6137,0,5,10562,9753,5,5,31,5,16,0,1048576,0.999899983,3478694,5.88558388,1.64449036,1.59530044,1.64449036,inf,63,64,64,64,64,4294967295,4294967295,4294967295,4294967295,4294967295
1,0.300000012,262,262,1,512,3,509,0,509,3,519,16704,11085,5619,5619,0,3,11082,10365,3,3,7,3,16,0,1048576,0.999899983,3478694,8.0516367,1.54176569,1.4840095,1.54176569,inf,74,139,95,4294967295,4294967295,4294967295,4294967295,4294967295,4294967295,4294967295
2,0,262,262,1,512,0,512,0,512,0,522,16704,11928,4776,4776,0,0,11928,11259,0,0,0,0,16,0,1048576,0.999899983,3478694,8.64692879,1.24636769,1.19097638,1.24636769,inf,4294967295,4294967295,4294967295,4294967295,4294967295,4294967295,4294967295,4294967295,4294967295,4294967295
3,0.100000001,262,262,1,512,1,511,0,511,1,521,16704,11309,5395,5395,0,1,11308,10798,1,1,1,1,16,0,1048576,0.999899983,3478694,10.6389818,1.30661273,1.25969625,1.30661273,inf,167,4294967295,4294967295,4294967295,4294967295,4294967295,4294967295,4294967295,4294967295,4294967295
4,1,262,262,1,512,15,497,0,497,37,485,16704,13739,2965,2965,0,40,13699,12373,40,25,1023,10,16,0,1048576,0.999899983,3478694,9.49308872,1.57311153,1.52169812,1.57311153,1.28182983,89,90,90,90,89,91,234,90,156,155
5,0.300000012,262,262,1,512,3,509,0,509,3,519,16704,12441,4263,4263,0,3,12438,11520,3,3,7,3,16,0,1048576,0.999899983,3478694,9.63491058,1.52180815,1.47584319,1.52180815,inf,76,75,70,4294967295,4294967295,4294967295,4294967295,4294967295,4294967295,4294967295
6,1,262,262,1,512,34,478,0,478,37,485,16704,10147,6557,6557,0,37,10110,9725,37,20,1023,10,16,0,1048576,0.999899983,3478694,7.67324781,1.43646252,1.36979318,1.43646252,0.648681641,56,57,73,66,60,56,76,56,57,58
7,0,262,262,1,512,0,512,0,512,0,522,16704,11869,4835,4835,0,0,11869,10830,0,0,0,0,16,0,1048576,0.999899983,3478694,7.27072525,1.74868119,1.7022965,1.74868119,inf,4294967295,4294967295,4294967295,4294967295,4294967295,4294967295,4294967295,4294967295,4294967295,4294967295
8,0,262,262,1,512,0,512,0,512,0,522,16704,13429,3275,3275,0,0,13429,12556,0,0,0,0,16,0,1048576,0.999899983,3478694,10.5230808,1.46214271,1.42200756,1.46214271,inf,4294967295,4294967295,4294967295,4294967295,4294967295,4294967295,4294967295,4294967295,4294967295,4294967295
9,0.800000012,262,262,1,512,8,504,0,504,14,508,16704,14341,2363,2363,0,15,14326,13263,15,14,955,10,16,0,1048576,0.999899983,3478694,10.3064756,1.48609424,1.43789434,1.48609424,1.52264404,183,192,4294967295,194,194,102,4294967295,193,101,193
10,0.100000001,262,262,1,512,0,512,0,512,0,522,16704,13240,3464,3464,0,1,13239,12061,1,1,32,1,16,0,1048576,0.999899983,3478694,8.20626926,1.47034848,1.42186809,1.47034848,inf,4294967295,4294967295,4294967295,4294967295,4294967295,203,4294967295,4294967295,4294967295,4294967295
11,0.400000006,262,262,1,512,4,508,0,508,4,518,16704,12554,4150,4150,0,4,12550,11330,4,4,51,4,16,0,1048576,0.999899983,3478694,9.37033653,1.43662691,1.38852751,1.43662691,inf,118,152,4294967295,4294967295,151,152,4294967295,4294967295,4294967295,4294967295
12,0,262,262,1,512,0,512,0,512,0,522,16704,14639,2065,2065,0,0,14639,12968,0,0,0,0,16,0,1048576,0.999899983,3478694,7.71734333,1.72863495,1.68401933,1.72863495,inf,4294967295,4294967295,4294967295,4294967295,4294967295,4294967295,4294967295,4294967295,4294967295,4294967295
13,0,262,262,1,512,0,512,0,512,0,522,16704,11341,5363,5363,0,0,11341,10874,0,0,0,0,16,0,1048576,0.999899983,3478694,10.5519819,1.51056623,1.45981407,1.51056623,inf,4294967295,4294967295,4294967295,4294967295,4294967295,4294967295,4294967295,4294967295,4294967295,4294967295
14,0,262,262,1,512,0,512,0,512,0,522,16704,12144,4560,4560,0,0,12144,11668,0,0,0,0,16,0,1048576,0.999899983,3478694,15.3181906,1.54352427,1.49140525,1.54352427,inf,4294967295,4294967295,4294967295,4294967295,4294967295,4294967295,4294967295,4294967295,4294967295,4294967295
15,0.100000001,262,262,1,512,0,512,0,512,0,522,16704,10346,6358,6358,0,1,10345,9781,1,1,8,1,16,0,1048576,0.999899983,3478694,10.4113522,1.74670506,1.67840159,1.74670506,inf,4294967295,4294967295,4294967295,255,4294967295,4294967295,4294967295,4294967295,4294967295,4294967295
16,0,262,262,1,512,0,512,0,512,0,522,16704,14127,2577,2577,0,0,14127,13152,0,0,0,0,16,0,1048576,0.999899983,3478694,13.6586428,1.31973207,1.27625084,1.31973207,inf,4294967295,4294967295,4294967295,4294967295,4294967295,4294967295,4294967295,4294967295,4294967295,4294967295
17,0.100000001,262,262,1,512,0,512,0,512,1,521,16704,13950,2754,2754,0,1,13949,12764,1,1,1,1,16,0,1048576,0.999899983,3478694,10.0147886,1.54789042,1.49860775,1.54789042,inf,8,4294967295,4294967295,4294967295,4294967295,4294967295,4294967295,4294967295,4294967295,4294967295
18,0.5,262,262,1,512,5,507,0,507,5,517,16704,11585,5119,5119,0,5,11580,10793,5,5,47,5,16,0,1048576,0.999899983,3478694,8.05699921,1.43984246,1.38740754,1.43984246,inf,92,70,127,175,4294967295,176,4294967295,4294967295,4294967295,4294967295
19,0.800000012,262,262,1,512,11,501,0,501,11,511,16704,11488,5216,5216,0,11,11477,11000,11,10,863,10,16,0,1048576,0.999899983,3478694,12.9528141,1.43579793,1.38926077,1.43579793,1.38339233,80,143,135,127,188,4294967295,207,4294967295,136,208
20,0.699999988,262,262,1,512,7,505,0,505,9,513,16704,13244,3460,3460,0,14,13230,12372,14,13,747,10,16,0,1048576,0.999899983,3478694,8.50749016,1.42327547,1.3816514,1.42327547,1.76997375,81,132,4294967295,81,4294967295,80,80,82,4294967295,205
21,0.600000024,262,262,1,512,5,507,0,507,6,516,16704,13190,3514,3514,0,6,13184,12525,6,6,573,6,16,0,1048576,0.999899983,3478694,10.2042809,1.44187748,1.40406418,1.44187748,inf,70,4294967295,71,135,71,72,4294967295,4294967295,4294967295,72
22,0,262,262,1,512,0,512,0,512,0,522,16704,13093,3611,3611,0,0,13093,12525,0,0,0,0,16,0,1048576,0.999899983,3478694,15.4403477,1.41074884,1.3563087,1.41074884,inf,4294967295,4294967295,4294967295,4294967295,4294967295,4294967295,4294967295,4294967295,4294967295,4294967295
23,0.5,262,262,1,512,4,508,0,508,5,517,16704,12950,3754,3754,0,7,12943,12404,7,7,47,7,16,0,1048576,0.999899983,3478694,10.359808,1.30141294,1.2510469,1.30141294,inf,68,69,70,71,4294967295,70,4294967295,4294967295,4294967295,4294967295
24,0,262,262,1,512,0,512,0,512,0,522,16704,11931,4773,4773,0,0,11931,11368,0,0,0,0,16,0,1048576,0.999899983,3478694,12.5422468,1.5438211,1.49010992,1.5438211,inf,4294967295,4294967295,4294967295,4294967295,4294967295,4294967295,4294967295,4294967295,4294967295,4294967295
25,0.100000001,262,262,1,512,1,511,0,511,1,521,16704,14247,2457,2457,0,1,14246,12937,1,1,16,1,16,0,1048576,0.999899983,3478694,10.9020662,1.38924861,1.35288155,1.38924861,inf,4294967295,4294967295,4294967295,4294967295,209,4294967295,4294967295,4294967295,4294967295,4294967295
26,1,262,262,1,512,28,484,0,484,28,494,16704,11576,5128,5128,0,28,11548,10905,28,16,1023,10,16,0,1048576,0.999899983,3478694,9.60005093,1.20868838,1.15878808,1.20868838,0.570297241,69,69,79,152,74,70,69,101,70,71
27,0.200000003,262,262,1,512,2,510,0,510,2,520,16704,12611,4093,4093,0,2,12609,11594,2,2,6,2,16,0,1048576,0.999899983,3478694,8.63590431,1.5813508,1.54113066,1.5813508,inf,4294967295,129,128,4294967295,4294967295,4294967295,4294967295,4294967295,4294967295,4294967295
28,0,262,262,1,512,0,512,0,512,0,522,16704,13590,3114,3114,0,1,13589,12439,1,1,0,1,16,0,1048576,0.999899983,3478694,9.17875862,1.33848047,1.29555917,1.33848047,inf,4294967295,4294967295,4294967295,4294967295,4294967295,4294967295,4294967295,4294967295,4294967295,4294967295
29,0.600000024,262,262,1,512,6,506,0,506,6,516,16704,12008,4696,4696,0,6,12002,11688,6,6,63,6,16,0,1048576,0.999899983,3478694,13.7992725,1.24983907,1.19818497,1.24983907,inf,68,69,69,69,76,203,4294967295,4294967295,4294967295,4294967295
30,0.400000006,262,262,1,512,4,508,0,508,4,518,16704,13881,2823,2823,0,4,13877,12879,4,4,15,4,16,0,1048576,0.999899983,3478694,12.1701155,1.57190585,1.525226,1.57190585,inf,77,77,78,85,4294967295,4294967295,4294967295,4294967295,4294967295,4294967295
31,0.899999976,262,262,1,512,12,500,0,500,13,509,16704,13931,2773,2773,0,13,13918,13043,13,12,767,10,16,0,1048576,0.999899983,3478694,13.3988361,1.4481411,1.40603423,1.4481411,1.13510132,76,93,80,75,76,83,92,92,4294967295,167
32,1,262,262,1,512,25,487,0,487,30,492,16704,12821,3883,3883,0,35,12786,12035,35,17,1023,10,16,0,1048576,0.999899983,3478694,14.2006025,1.81481004,1.75997043,1.81481004,1.40156555,78,78,77,80,82,79,79,122,123,81
33,0.200000003,262,262,1,512,2,510,0,510,2,520,16704,13522,3182,3182,0,2,13520,12880,2,2,3,2,16,0,1048576,0.999899983,3478694,12.5952806,1.11891139,1.07764053,1.11891139,inf,71,179,4294967295,4294967295,4294967295,4294967295,4294967295,4294967295,4294967295,4294967295
34,0,262,262,1,512,0,512,0,512,0,522,16704,13491,3213,3213,0,0,13491,12675,0,0,0,0,16,0,1048576,0.999899983,3478694,11.0444832,1.31110418,1.27095842,1.31110418,inf,4294967295,4294967295,4294967295,4294967295,4294967295,4294967295,4294967295,4294967295,4294967295,4294967295
35,0,262,262,1,512,0,512,0,512,0,522,16704,11642,5062,5062,0,0,11642,11241,0,0,0,0,16,0,1048576,0.999899983,3478694,10.8412857,1.06390774,1.01501036,1.06390774,inf,4294967295,4294967295,4294967295,4294967295,4294967295,4294967295,4294967295,4294967295,4294967295,4294967295
36,0.100000001,262,262,1,512,1,511,0,511,1,521,16704,11928,4776,4776,0,1,11927,11372,1,1,1,1,16,0,1048576,0.999899983,3478694,10.7861652,1.11006749,1.06445146,1.11006749,inf,75,4294967295,4294967295,4294967295,4294967295,4294967295,4294967295,4294967295,4294967295,4294967295
37,0.100000001,262,262,1,512,1,511,0,511,1,521,16704,14447,2257,2257,0,1,14446,13107,1,1,1,1,16,0,1048576,0.999899983,3478694,10.4435301,1.57209265,1.51316643,1.57209265,inf,136,4294967295,4294967295,4294967295,4294967295,4294967295,4294967295,4294967295,4294967295,4294967295
38,0,262,262,1,512,0,512,0,512,0,522,16704,12057,4647,4647,0,0,12057,11493,0,0,0,0,16,0,1048576,0.999800026,1739691,3.77197099,1.78214371,1.71170545,1.78214371,inf,4294967295,4294967295,4294967295,4294967295,4294967295,4294967295,4294967295,4294967295,4294967295,4294967295
39,0,262,262,1,512,0,512,0,512,0,522,16704,13888,2816,2816,0,0,13888,12830,0,0,0,0,16,0,1048576,0.999899983,3478694,12.1957378,1.62204242,1.57233202,1.62204242,inf,4294967295,4294967295,4294967295,4294967295,4294967295,4294967295,4294967295,4294967295,4294967295,4294967295
40,0.200000003,262,262,1,512,2,510,0,510,2,520,16704,12512,4192,4192,0,2,12510,11971,2,2,5,2,16,0,1048576,0.999899983,3478694,13.2644634,1.50610876,1.44685507,1.50610876,inf,73,4294967295,97,4294967295,4294967295,4294967295,4294967295,4294967295,4294967295,4294967295
41,0.899999976,262,262,1,512,15,497,0,497,15,507,16704,10654,6050,6050,0,15,10639,10314,15,11,767,10,16,0,1048576,0.999899983,3478694,13.2534389,1.32340193,1.26462865,1.32340193,0.850967407,81,82,78,82,135,118,107,122,4294967295,136
42,0.300000012,262,262,1,512,6,506,0,506,6,516,16704,11119,5585,5585,0,6,11113,10515,6,6,7,6,16,0,1048576,0.999899983,3478694,7.51146412,1.82743454,1.76039433,1.82743454,inf,222,100,225,4294967295,4294967295,4294967295,4294967295,4294967295,4294967295,4294967295
43,0.400000006,262,262,1,512,4,508,0,508,4,518,16704,11270,5434,5434,0,4,11266,10848,4,4,23,4,16,0,1048576,0.999899983,3478694,10.1548223,1.39730573,1.33685303,1.39730573,inf,99,139,138,4294967295,139,4294967295,4294967295,4294967295,4294967295,4294967295
44,0,262,262,1,512,0,512,0,512,0,522,16704,12429,4275,4275,0,0,12429,11386,0,0,0,0,16,0,1048576,0.999899983,3478694,9.64801979,1.57457232,1.53140187,1.57457232,inf,4294967295,4294967295,4294967295,4294967295,4294967295,4294967295,4294967295,4294967295,4294967295,4294967295
45,1,262,262,1,512,32,480,0,480,79,443,16704,13221,3483,3483,0,94,13127,11794,94,19,1023,10,16,0,1048576,0.999899983,3478694,8.40678596,1.7381537,1.69417334,1.7381537,1.438797,73,76,187,75,78,141,74,78,79,75
46,0.300000012,262,262,1,512,3,509,0,509,3,519,16704,11724,4980,4980,0,3,11721,11432,3,3,7,3,16,0,1048576,0.999899983,3478694,14.3635778,1.24596679,1.19198239,1.24596679,inf,68,76,103,4294967295,4294967295,4294967295,4294967295,4294967295,4294967295,4294967295
47,0,262,262,1,512,0,512,0,512,0,522,16704,13897,2807,2807,0,0,13897,12911,0,0,0,0,16,0,1048576,0.999899983,3478694,10.0550117,1.43247771,1.39800525,1.43247771,inf,4294967295,4294967295,4294967295,4294967295,4294967295,4294967295,4294967295,4294967295,4294967295,4294967295
48,0,262,262,1,512,0,512,0,512,0,522,16704,14206,2498,2498,0,0,14206,12378,0,0,0,0,16,0,1048576,0.999899983,3478694,7.57045698,1.7242775,1.68386507,1.7242775,inf,4294967295,4294967295,4294967295,4294967295,4294967295,4294967295,4294967295,4294967295,4294967295,4294967295
49,0.100000001,262,262,1,512,1,511,0,511,1,521,16704,11516,5188,5188,0,1,11515,11223,1,1,1,1,16,0,1048576,0.999899983,3478694,18.7782135,1.37571311,1.31590235,1.37571311,inf,73,4294967295,4294967295,4294967295,4294967295,4294967295,4294967295,4294967295,4294967295,4294967295
50,0,262,262,1,512,0,512,0,512,0,522,16704,13518,3186,3186,0,0,13518,12857,0,0,0,0,16,0,1048576,0.999899983,3478694,13.7956972,1.2567116,1.21097064,1.2567116,inf,4294967295,4294967295,4294967295,4294967295,4294967295,4294967295,4294967295,4294967295,4294967295,4294967295
51,0.100000001,262,262,1,512,1,511,0,511,1,521,16704,11614,5090,5090,0,1,11613,11125,1,1,4,1,16,0,1048576,0.999899983,3478694,8.71307182,1.22313702,1.16966891,1.22313702,inf,4294967295,4294967295,80,4294967295,4294967295,4294967295,4294967295,4294967295,4294967295,4294967295
52,0.100000001,262,262,1,512,0,512,0,512,0,522,16704,7236,9468,9468,0,2,7234,6226,3,3,256,3,16,0,1048576,0.998899996,315979.344,0.825964808,1.43732786,1.404845,1.43732786,inf,4294967295,4294967295,4294967295,4294967295,4294967295,4294967295,4294967295,4294967295,227,4294967295
53,0.5,262,262,1,512,7,505,0,505,8,514,16704,11445,5259,5259,0,9,11436,10459,9,9,143,9,16,0,1048576,0.999800026,1739691,3.81816149,1.56795728,1.51158047,1.56795728,inf,69,120,202,105,4294967295,4294967295,4294967295,89,4294967295,4294967295
54,0.400000006,262,262,1,512,14,498,0,498,16,506,16704,13835,2869,2869,0,17,13818,12906,17,15,114,10,16,0,1048576,0.999899983,3478694,10.3973484,1.50242853,1.4699564,1.50242853,1.35945129,4294967295,102,4294967295,4294967295,165,157,156,4294967295,4294967295,4294967295
55,0.800000012,262,262,1,512,18,494,0,494,23,499,16704,10884,5820,5820,0,26,10858,9950,27,16,255,10,16,0,1048576,0.999199986,434596.5,1.09914064,2.07097626,2.02627826,2.07097626,1.83630371,34,109,45,221,65,65,109,141,4294967295,4294967295
56,0.200000003,262,262,1,512,2,510,0,510,2,520,16704,10035,6669,6669,0,2,10033,9664,2,2,3,2,16,0,1048576,0.999899983,3478694,8.34332371,1.36992741,1.30302238,1.36992741,inf,67,77,4294967295,4294967295,4294967295,4294967295,4294967295,4294967295,4294967295,4294967295
57,0.800000012,262,262,1,512,166,346,1,346,321,201,16704,12510,4194,4194,0,638,11872,8787,640,30,639,10,16,0,1048576,0.999300003,496742.062,2.09049463,1.07709193,1.05635142,1.07709193,0.840011597,4,171,2,21,1,4,2,4294967295,4294967295,3
58,0.699999988,262,262,1,512,36,476,0,476,41,481,16704,10677,6027,6027,0,42,10635,10070,42,24,671,10,16,0,1048576,0.999300003,496742.062,1.57646501,1.42931998,1.37530053,1.42931998,0.855026245,88,70,85,71,71,4294967295,4294967295,130,4294967295,172
59,0.300000012,262,262,1,512,8,504,0,504,12,510,16704,11420,5284,5284,0,23,11397,7875,26,22,386,10,16,0,1048576,0.99879998,289614.781,0.590333879,1.79055285,1.75718284,1.79055285,1.80862427,4294967295,123,4294967295,4294967295,4294967295,4294967295,4294967295,90,100,4294967295
60,0.5,262,262,1,512,7,505,0,505,7,515,16704,11671,5033,5033,0,9,11662,10844,9,9,55,9,16,0,1048576,0.999800026,1739691,4.79873991,1.94685543,1.89439201,1.94685543,inf,77,124,140,4294967295,245,141,4294967295,4294967295,4294967295,4294967295
61,0,262,262,1,512,0,512,0,512,0,522,16704,12523,4181,4181,0,0,12523,12117,0,0,0,0,16,0,1048576,0.999899983,3478694,13.8272791,1.15094948,1.10268533,1.15094948,inf,4294967295,4294967295,4294967295,4294967295,4294967295,4294967295,4294967295,4294967295,4294967295,4294967295
62,0.899999976,262,262,1,512,38,474,0,474,220,302,16704,12229,4475,4475,0,342,11887,10632,342,55,895,10,16,0,1048576,0.999300003,496742.062,1.38262975,1.74674249,1.70268106,1.74674249,1.4066925,202,74,109,117,145,176,229,4294967295,119,248
63,0.600000024,262,262,1,512,6,506,0,506,7,515,16704,13062,3642,3642,0,8,13054,12451,8,8,235,8,16,0,1048576,0.999899983,3478694,13.2772751,1.16584969,1.12286925,1.16584969,inf,77,192,4294967295,207,4294967295,194,208,193,4294967295,4294967295
64,0.800000012,262,262,1,512,15,497,0,497,16,506,16704,11049,5655,5655,0,17,11032,9467,19,17,639,10,16,0,1048576,0.998600006,248196.703,0.746482074,1.31638658,1.29703569,1.31638658,1.17976379,31,38,138,218,73,39,202,4294967295,4294967295,162
65,0.899999976,262,262,1,512,37,475,0,475,44,478,16704,12541,4163,4163,0,44,12497,12017,45,34,767,10,16,0,1048576,0.999300003,496742.062,1.83560705,1.3878485,1.33549953,1.3878485,0.996826172,85,76,243,243,85,233,188,188,4294967295,86
66,1,262,262,1,512,224,288,0,288,334,188,16704,10059,6645,6645,0,428,9631,8927,428,68,1023,10,16,0,1048576,0.99970001,1159562.62,2.84595537,1.11061227,1.07050192,1.11061227,0.661071777,44,46,57,56,49,53,53,59,53,48
67,0.800000012,262,262,1,512,28,484,0,484,31,491,16704,11543,5161,5161,0,52,11491,8080,52,22,447,10,16,0,1048576,0.99879998,289614.781,0.555730939,1.31329334,1.27158523,1.31329334,1.1831665,158,67,101,37,9,141,4294967295,14,143,4294967295
68,0,262,262,1,512,0,512,0,512,0,522,16704,10511,6193,6193,0,0,10511,10116,0,0,0,0,16,0,1048576,0.999899983,3478694,10.8642273,1.05590224,0.994246066,1.05590224,inf,4294967295,4294967295,4294967295,4294967295,4294967295,4294967295,4294967295,4294967295,4294967295,4294967295
69,0.899999976,262,262,1,512,141,371,0,371,178,344,16704,11389,5315,5315,0,201,11188,9914,201,35,511,10,16,0,1048576,0.99940002,579606.938,1.17150867,1.75617802,1.71231651,1.75617802,1.22024536,72,65,155,54,57,147,208,59,70,4294967295
70,1,262,262,1,512,282,230,0,230,350,172,16704,9049,7655,7655,0,697,8352,5877,697,45,1023,10,16,0,1048576,0.999100029,386288.438,0.844062448,0.850513577,0.8326931,0.850513577,0.529083252,9,9,8,7,10,6,8,25,18,3
71,0.300000012,262,262,1,512,15,497,0,497,25,497,16704,14016,2688,2688,0,29,13987,11713,31,26,35,10,16,0,1048576,0.999100029,386288.438,0.8303653,1.60665262,1.57552171,1.60665262,1.4730072,42,40,4294967295,4294967295,4294967295,111,4294967295,4294967295,4294967295,4294967295
72,1,262,262,1,499,144,355,0,355,153,369,16704,10680,6024,6024,0,154,10526,9586,154,21,1023,10,16,0,1048576,0.999899983,3478694,7.97089338,2.39253235,2.04695559,2.39253235,0.755813599,66,67,66,66,67,66,67,67,66,67
73,1,262,262,1,512,307,205,0,205,369,153,16704,8664,8040,8040,0,1322,7342,3205,1322,51,1023,10,16,0,1048576,0.99940002,579606.938,1.51284909,1.10712063,1.09184468,1.10712063,0.760070801,6,8,7,17,3,4,3,5,8,7
74,0.100000001,262,262,1,512,1,511,0,511,1,521,16704,12652,4052,4052,0,1,12651,11681,1,1,1,1,16,0,1048576,0.999899983,3478694,9.14896393,1.55319691,1.50253189,1.55319691,inf,89,4294967295,4294967295,4294967295,4294967295,4294967295,4294967295,4294967295,4294967295,4294967295
75,0.699999988,262,262,1,512,11,501,0,501,12,510,16704,11767,4937,4937,0,12,11755,10961,12,12,861,10,16,0,1048576,0.999899983,3478694,7.82013416,1.38711584,1.32544279,1.38711584,1.28118896,78,4294967295,164,123,147,4294967295,139,4294967295,257,223
76,0.899999976,262,262,1,512,13,499,1,499,20,502,16704,12435,4269,4269,0,22,12413,11517,22,22,511,10,16,0,1048576,0.999199986,434596.5,1.46730757,1.57766736,0.960006714,1.57766736,1.40075684,70,72,260,196,195,173,116,160,208,4294967295
77,0,262,262,1,512,0,512,0,512,2,520,16704,11130,5574,5574,0,2,11128,10407,2,2,0,2,16,0,1048576,0.999800026,1739691,3.83023071,1.25196445,1.1981349,1.25196445,inf,4294967295,4294967295,4294967295,4294967295,4294967295,4294967295,4294967295,4294967295,4294967295,4294967295
78,0.300000012,262,262,1,512,3,509,0,509,3,519,16704,12372,4332,4332,0,4,12368,11276,4,4,37,4,16,0,1048576,0.99970001,1159562.62,1.97824478,1.6427083,1.60099876,1.6427083,inf,118,4294967295,70,4294967295,4294967295,125,4294967295,4294967295,4294967295,4294967295
79,0.699999988,262,262,1,512,16,496,0,496,70,452,16704,13304,3400,3400,0,84,13220,11746,84,25,575,10,16,0,1048576,0.999800026,1739691,3.7481308,1.82374263,1.77140784,1.82374263,1.75778198,100,72,174,96,100,97,4294967295,4294967295,4294967295,101
80,0.100000001,262,262,1,512,1,511,0,511,1,521,16704,12595,4109,4109,0,1,12594,11619,1,1,2,1,16,0,1048576,0.999800026,1739691,4.40850496,1.53476465,1.47981858,1.53476465,inf,4294967295,70,4294967295,4294967295,4294967295,4294967295,4294967295,4294967295,4294967295,4294967295
81,0.300000012,262,262,1,512,8,504,0,504,18,504,16704,12352,4352,4352,0,20,12332,11692,20,15,25,10,16,0,1048576,0.999899983,3478694,9.86045361,2.06752706,2.01941967,2.06752706,2.10119629,85,4294967295,4294967295,109,75,4294967295,4294967295,4294967295,4294967295,4294967295
82,0.899999976,262,262,1,512,146,366,0,366,338,184,16704,11477,5227,5227,0,868,10609,7683,868,32,1015,10,16,0,1048576,0.999199986,434596.5,1.13692141,1.78275299,1.73705137,1.78275299,1.460495,41,42,237,4294967295,220,235,42,95,231,48
83,0.400000006,262,262,1,512,4,508,0,508,5,517,16704,14552,2152,2152,0,6,14546,13379,7,7,27,7,16,0,1048576,0.99940002,579606.938,2.20143747,1.50327563,1.46762037,1.50327563,inf,92,92,4294967295,101,102,4294967295,4294967295,4294967295,4294967295,4294967295
84,0.300000012,262,262,1,512,7,505,0,505,10,512,16704,14199,2505,2505,0,11,14188,12539,11,11,70,10,16,0,1048576,0.99970001,1159562.62,3.05570745,1.75256538,1.71475673,1.75256538,2.29576111,4294967295,113,140,4294967295,4294967295,4294967295,121,4294967295,4294967295,4294967295
85,1,262,262,1,512,107,405,0,405,145,377,16704,11684,5020,5020,0,167,11517,10922,167,38,1023,10,16,0,1048576,0.999300003,496742.062,1.82560897,1.35189676,1.29773998,1.35189676,0.665969849,98,86,63,85,85,116,116,119,84,220
86,0.200000003,262,262,1,512,2,510,0,510,2,520,16704,13045,3659,3659,0,2,13043,12121,2,2,3,2,16,0,1048576,0.999899983,3478694,10.4065847,1.33333254,1.28570747,1.33333254,inf,67,150,4294967295,4294967295,4294967295,4294967295,4294967295,4294967295,4294967295,4294967295
87,1,262,262,1,512,388,124,155,124,409,113,16704,10557,6147,6147,0,694,9863,9222,694,56,1023,10,16,0,1048576,0.999499977,695542.812,1.82582223,1.69377601,1.48268127,1.69377601,0.899047852,146,145,147,144,146,145,144,144,144,146
88,1,262,262,1,512,19,493,0,493,19,503,16704,9719,6985,6985,0,19,9700,9209,19,11,1023,10,16,0,1048576,0.999899983,3478694,6.66977262,1.31876683,1.2491281,1.31876683,0.726654053,60,59,113,116,113,106,106,184,107,168
89,1,262,262,1,512,143,369,0,369,145,377,16704,8608,8096,8096,0,150,8458,6547,150,37,1023,10,16,0,1048576,0.998899996,315979.344,0.628756285,1.39955235,1.37402022,1.39955235,0.232910156,10,9,10,10,10,10,10,9,10,10
90,0.400000006,262,262,1,512,5,507,0,507,5,517,16704,13044,3660,3660,0,5,13039,12465,5,5,83,5,16,0,1048576,0.999899983,3478694,9.79758739,1.2179296,1.17230415,1.2179296,inf,65,205,4294967295,4294967295,137,4294967295,153,4294967295,4294967295,4294967295
91,0.300000012,262,262,1,512,3,509,0,509,3,519,16704,12287,4417,4417,0,5,12282,11894,5,5,11,5,16,0,1048576,0.999599993,869541.562,2.7391789,1.0319829,0.983646154,1.0319829,inf,65,137,4294967295,66,4294967295,4294967295,4294967295,4294967295,4294967295,4294967295
92,0.600000024,262,262,1,512,6,506,0,506,8,514,16704,9733,6971,6971,0,9,9724,7857,12,12,311,10,16,0,1048576,0.998899996,315979.344,0.73800987,1.6101439,1.58190751,1.6101439,2.24952698,60,149,149,4294967295,189,252,4294967295,4294967295,72,4294967295
93,1,262,262,1,512,52,460,0,460,53,469,16704,11045,5659,5659,0,53,10992,10203,53,13,1023,10,16,0,1048576,0.999899983,3478694,6.81189156,1.9529736,1.90415311,1.9529736,0.626358032,58,59,59,59,59,59,59,59,59,59
94,1,262,262,1,512,14,498,0,498,15,507,16704,11871,4833,4833,0,16,11855,11211,17,17,1023,10,16,0,1048576,0.999800026,1739691,4.52696133,1.53220534,1.49044514,1.53220534,0.917572021,72,71,70,72,66,71,71,75,71,71
95,0.300000012,262,262,1,512,3,509,0,509,3,519,16704,10588,6116,6116,0,3,10585,10116,3,3,11,3,16,0,1048576,0.999899983,3478694,9.56370163,1.3401401,1.27722168,1.3401401,inf,151,175,4294967295,100,4294967295,4294967295,4294967295,4294967295,4294967295,4294967295
96,0.100000001,262,262,1,512,1,511,0,511,1,521,16704,11517,5187,5187,0,1,11516,10098,3,3,1,3,16,0,1048576,0.99970001,1159562.62,2.17399359,1.92818928,1.88301849,1.92818928,inf,139,4294967295,4294967295,4294967295,4294967295,4294967295,4294967295,4294967295,4294967295,4294967295
97,0.100000001,262,262,1,512,1,511,0,511,5,517,16704,14563,2141,2141,0,6,14557,13433,6,6,1,6,16,0,1048576,0.999899983,3478694,13.3195829,1.55169463,1.50280654,1.55169463,inf,171,4294967295,4294967295,4294967295,4294967295,4294967295,4294967295,4294967295,4294967295,4294967295
98,0.300000012,262,262,1,512,13,499,0,499,16,506,16704,13180,3524,3524,0,16,13164,12090,16,16,37,10,16,0,1048576,0.999599993,869541.562,2.38259411,1.5172081,1.47341764,1.5172081,1.46133423,107,4294967295,95,4294967295,4294967295,189,4294967295,4294967295,4294967295,4294967295
99,0.5,262,262,1,512,6,506,0,506,8,514,16704,13587,3117,3117,0,10,13577,12726,10,10,31,10,16,0,1048576,0.999899983,3478694,11.3588142,1.59747851,1.5427165,1.59747851,1.97421265,70,71,71,108,245,4294967295,4294967295,4294967295,4294967295,4294967295
100,0.200000003,262,262,1,512,2,510,0,510,3,519,16704,13161,3543,3543,0,6,13155,9716,7,7,3,7,16,0,1048576,0.998000026,173634.578,0.581475317,1.38950264,1.35676014,1.38950264,inf,122,96,4294967295,4294967295,4294967295,4294967295,4294967295,4294967295,4294967295,4294967295
101,1,262,262,1,512,61,451,1,451,104,418,16704,12889,3815,3815,0,116,12773,11692,116,34,1023,10,16,0,1048576,0.998600006,248196.703,0.949513435,1.35464001,1.32051861,1.35464001,1.0440979,75,41,182,49,74,42,207,139,48,140
102,0.800000012,262,262,1,512,8,504,0,504,8,514,16704,1794,14910,14910,0,8,1786,1672,8,8,255,8,16,0,1048576,0.997600019,144636.656,0.261223048,1.20115662,0.57280755,1.20115662,inf,8,20,14,5,15,49,38,154,4294967295,4294967295
103,0.899999976,262,262,1,512,21,491,0,491,28,494,16704,10337,6367,6367,0,33,10304,9207,33,15,1007,10,16,0,1048576,0.99849999,231624.391,0.720345438,1.07190955,1.04481196,1.07190955,0.872024536,6,5,8,19,4294967295,84,115,31,28,138
104,0.899999976,262,262,1,512,34,478,0,478,40,482,16704,12739,3965,3965,0,72,12667,8245,73,23,959,10,16,0,1048576,0.997699976,150937.594,0.479818434,1.22720432,1.19739151,1.22720432,1.00152588,16,9,88,104,33,86,4294967295,6,59,25
105,1,259,262,3,512,512,0,0,0,515,1,16512,3523,12989,12989,0,2722,801,164,2723,65,1023,10,16,0,1048576,0.997099996,119638.07,0.408488154,0.723098755,inf,0.723098755,0.28742981,6,6,5,6,6,5,6,6,6,6
106,0.899999976,262,262,1,512,83,429,1,429,105,417,16704,13846,2858,2858,0,124,13722,12514,125,38,959,10,16,0,1048576,0.998399973,217123.922,1.15376878,1.28447247,1.24916553,1.28447247,0.861862183,118,109,127,89,167,111,4294967295,109,149,259
107,1,262,262,1,512,42,470,0,470,46,476,16704,8754,7950,7950,0,159,8595,4661,160,39,1023,10,16,0,1048576,0.997600019,144636.656,0.287782639,0.80658555,0.795403302,0.80658555,0.635177612,43,4,58,114,113,27,42,80,13,174
108,1,262,262,1,512,48,464,2,464,46,476,16704,5150,11554,11554,0,75,5075,3462,75,20,1023,10,16,0,1048576,0.997500002,138836.281,0.385104507,1.09561288,0.951470971,1.09561288,0.695953369,9,17,38,38,73,37,7,10,40,8
109,0.800000012,262,262,1,512,126,386,1,386,160,362,16704,12934,3770,3770,0,275,12659,8578,275,32,958,10,16,0,1048576,0.997600019,144636.656,0.460308552,1.18786514,1.16406071,1.18786514,0.926696777,4294967295,167,62,7,164,163,4294967295,150,243,63
110,1,262,262,1,512,54,458,0,458,69,453,16704,10153,6551,6551,0,100,10053,7970,101,25,1023,10,16,0,1048576,0.998199999,192963.484,0.647923708,1.11812854,1.09723985,1.11812854,0.745269775,6,7,11,43,66,10,55,7,7,7
111,0.600000024,262,262,1,512,41,471,1,471,46,476,16704,10959,5745,5745,0,73,10886,8338,74,24,599,10,16,0,1048576,0.998399973,217123.922,0.711419165,1.37361157,1.34356213,1.37361157,1.15908813,44,9,9,4294967295,30,4294967295,57,4294967295,4294967295,21
112,0.800000012,262,262,1,512,28,484,0,484,29,493,16704,13508,3196,3196,0,50,13458,7496,52,18,1005,10,16,0,1048576,0.997300029,128527.539,0.354198396,1.28326535,1.25054348,1.28326535,1.13334656,36,4294967295,2,41,4294967295,120,80,60,137,29
113,0.899999976,262,262,1,512,215,297,0,297,371,151,16704,10733,5971,5971,0,672,10061,8343,672,42,1007,10,16,0,1048576,0.998700023,267319.062,0.92721802,0.945984066,0.918826163,0.945984066,0.630126953,166,27,38,36,4294967295,17,22,35,36,188
114,0.300000012,262,262,1,512,4,508,0,508,4,518,16704,10815,5889,5889,0,4,10811,10178,4,4,518,4,16,0,1048576,0.998300016,204336.797,1.01471269,1.1136601,1.07512689,1.1136601,inf,4294967295,44,137,4294967295,4294967295,4294967295,4294967295,4294967295,4294967295,182
115,0.899999976,262,262,1,512,59,453,0,453,122,400,16704,12354,4350,4350,0,153,12201,10326,153,29,991,10,16,0,1048576,0.998199999,192963.484,0.740607023,1.15187597,1.13146508,1.15187597,0.916976929,63,63,12,14,21,4294967295,68,20,148,20
116,0.600000024,262,262,1,512,7,505,0,505,7,515,16704,8905,7799,7799,0,14,8891,4998,15,14,63,10,16,0,1048576,0.998099983,182787.578,0.403675288,1.50543427,1.48945594,1.50543427,1.73243713,39,3,3,96,96,30,4294967295,4294967295,4294967295,4294967295
117,1,262,262,1,512,64,448,0,448,141,381,16704,12030,4674,4674,0,256,11774,9686,256,24,1023,10,16,0,1048576,0.999000013,347617.812,0.962079763,1.42650592,1.38558471,1.42650592,1.03146362,16,21,17,21,75,17,29,33,30,30
118,1,259,262,3,512,512,0,0,0,515,1,16512,3003,13509,13509,0,2240,763,86,2241,46,1023,10,16,0,1048576,0.997099996,119638.07,0.287371129,0.895492554,inf,0.895492554,0.571212769,2,3,3,3,3,3,2,2,3,6
119,0.800000012,262,262,1,512,20,492,0,492,255,267,16704,10656,6048,6048,0,848,9808,8824,849,79,495,10,16,0,1048576,0.998899996,315979.344,0.978194594,1.44631863,1.40388966,1.44631863,1.28475952,241,239,191,180,4294967295,175,217,132,238,4294967295
120,1,262,262,1,512,277,235,1,235,364,158,16704,9785,6919,6919,0,681,9104,6559,681,90,1023,10,16,0,1048576,0.997900009,165348.266,0.568808019,1.05180395,1.03705907,1.05180395,0.718338013,120,120,144,139,121,85,119,204,58,58
121,1,262,262,1,512,32,480,1,480,42,480,16704,11212,5492,5492,0,60,11152,10011,61,18,1023,10,16,0,1048576,0.998899996,315979.344,0.87286514,1.35395181,1.3271153,1.35395181,0.975723267,130,57,18,19,14,28,163,24,35,227
122,1,262,262,1,512,287,225,0,225,400,122,16704,9086,7618,7618,0,1061,8025,5714,1062,58,1023,10,16,0,1048576,0.99879998,289614.781,1.20929277,1.37313998,1.34515822,1.37313998,0.847869873,53,54,55,56,53,53,54,56,55,53
123,0.800000012,262,262,1,512,9,503,2,503,7,515,16704,5212,11492,11492,0,17,5195,3253,18,14,831,10,16,0,1048576,0.997099996,119638.07,0.302280217,0.947857678,0.907609642,0.947857678,0.94354248,4,18,8,18,26,51,4294967295,4294967295,118,52
124,0.400000006,262,262,1,512,4,508,0,508,4,518,16704,7849,8855,8855,0,4,7845,6043,4,4,15,4,16,0,1048576,0.998199999,192963.484,0.585055053,1.3128643,1.28222048,1.3128643,inf,3,3,5,242,4294967295,4294967295,4294967295,4294967295,4294967295,4294967295
125,1,262,262,1,512,102,410,2,410,128,394,16704,11185,5519,5519,0,170,11015,8839,170,24,1023,10,16,0,1048576,0.999100029,386288.438,0.816271067,1.30723572,1.26749957,1.30723572,0.925613403,14,12,139,139,29,57,29,33,89,19
126,1,262,262,1,512,31,481,0,481,31,491,16704,11991,4713,4713,0,39,11952,7808,40,15,1023,10,16,0,1048576,0.998399973,217123.922,0.48712945,1.29851043,1.27868271,1.29851043,0.790100098,7,8,8,6,9,8,8,8,9,8
127,0.699999988,262,262,1,512,8,504,1,504,7,515,16704,9961,6743,6743,0,25,9936,4256,27,17,463,10,16,0,1048576,0.997500002,138836.281,0.272198707,1.13166738,1.11452985,1.13166738,1.14639282,14,14,14,28,4294967295,4294967295,12,185,106,4294967295
128,0.699999988,262,262,1,512,22,490,0,490,29,493,16704,12725,3979,3979,0,52,12673,8804,52,26,971,10,16,0,1048576,0.997799993,157815.359,0.516780317,1.31071281,1.28826499,1.31071281,1.15655518,6,8,4294967295,48,4294967295,4294967295,213,210,241,4
129,1,262,262,1,512,31,481,3,481,32,490,16704,10057,6647,6647,0,70,9987,6674,70,18,1023,10,16,0,1048576,0.998399973,217123.922,0.598837316,1.34831905,1.32055378,1.34831905,1.01303101,6,54,7,44,66,66,37,26,15,26
130,1,258,262,3,512,512,0,0,0,512,2,16448,4180,12268,12268,0,3178,1002,146,3179,22,1023,10,16,0,1048576,0.998300016,204336.797,0.686059892,0.757568359,inf,0.757568359,0.49546814,0,0,1,1,1,2,1,1,2,1
131,1,262,262,1,512,33,479,3,479,30,492,16704,6628,10076,10076,0,84,6544,3152,85,20,1023,10,16,0,1048576,0.997600019,144636.656,0.221383661,1.76875865,1.69100344,1.76875865,1.54473877,7,5,37,31,6,207,92,4,43,24
132,0.400000006,262,262,1,512,46,466,1,466,271,251,16704,10588,6116,6116,0,1013,9575,7961,1013,41,198,10,16,0,1048576,0.998700023,267319.062,1.0163269,1.23206604,1.18871629,1.23206604,1.10629272,4294967295,163,163,4294967295,4294967295,4294967295,145,156,4294967295,4294967295
133,0.800000012,262,262,1,512,10,502,0,502,11,511,16704,11225,5479,5479,0,14,11211,7887,15,12,943,10,16,0,1048576,0.998099983,182787.578,0.448559403,1.09510064,1.07900023,1.09510064,1.08149719,25,26,79,124,4294967295,34,4294967295,180,59,60
134,0.899999976,262,262,1,512,30,482,1,482,41,481,16704,12598,4106,4106,0,58,12540,10428,58,29,511,10,16,0,1048576,0.998600006,248196.703,0.827324748,1.38928807,1.34690213,1.38928807,1.12962341,31,102,43,231,209,233,176,205,80,4294967295
135,0.600000024,262,262,1,512,9,503,3,503,6,516,16704,2712,13992,13992,0,13,2699,2252,15,14,95,10,16,0,1048576,0.997799993,157815.359,0.330927014,1.39784062,1.14837086,1.39784062,1.40689087,4,4,74,73,182,4294967295,245,4294967295,4294967295,4294967295
136,1,262,262,1,512,42,470,0,470,113,409,16704,10625,6079,6079,0,198,10427,9378,198,29,1023,10,16,0,1048576,0.998300016,204336.797,0.727362454,0.967424631,0.941086292,0.967424631,0.809707642,109,108,10,18,12,30,8,12,64,7
137,0.200000003,262,262,1,512,2,510,0,510,2,520,16704,10126,6578,6578,0,2,10124,8550,3,3,5,3,16,0,1048576,0.998199999,192963.484,0.608011067,0.862080097,0.843254149,0.862080097,inf,168,4294967295,216,4294967295,4294967295,4294967295,4294967295,4294967295,4294967295,4294967295
138,1,262,262,1,512,173,339,2,339,201,321,16704,9867,6837,6837,0,231,9636,8707,232,31,1023,10,16,0,1048576,0.998700023,267319.062,0.899651945,0.691339314,0.665052593,0.691339314,0.338119507,12,21,43,13,36,20,81,14,15,40
139,0.899999976,262,262,1,512,5,507,0,507,5,517,16704,4436,12268,12268,0,9,4427,3157,9,9,767,9,16,0,1048576,0.998399973,217123.922,0.463047266,1.4418118,1.41885471,1.4418118,inf,144,17,159,143,60,223,191,191,4294967295,182
140,1,262,262,1,512,232,280,2,280,256,266,16704,9195,7509,7509,0,463,8732,5667,464,50,1023,10,16,0,1048576,0.997200012,123924.031,0.400514483,0.710902214,0.692479074,0.710902214,0.430343628,10,8,9,32,11,19,64,31,36,46
141,0.699999988,262,262,1,512,13,499,1,499,17,505,16704,13224,3480,3480,0,28,13196,10400,29,19,871,10,16,0,1048576,0.997200012,123924.031,0.603982389,1.38251019,1.2278595,1.38251019,1.25445557,23,24,33,4294967295,4294967295,221,197,4294967295,70,260
142,0.200000003,262,262,1,512,1,511,0,511,1,521,16704,5021,11683,11683,0,2,5019,3375,4,4,17,4,16,0,1048576,0.998399973,217123.922,0.353273451,1.57722163,1.52508104,1.57722163,inf,3,4294967295,4294967295,4294967295,72,4294967295,4294967295,4294967295,4294967295,4294967295
143,0.400000006,262,262,1,512,9,503,1,503,15,507,16704,12870,3834,3834,0,28,12842,9709,31,24,45,10,16,0,1048576,0.998399973,217123.922,0.605699301,1.16780841,1.13167882,1.16780841,1.17347717,25,4294967295,43,213,4294967295,104,4294967295,4294967295,4294967295,4294967295
144,0.5,262,262,1,512,20,492,0,492,22,500,16704,12460,4244,4244,0,67,12393,7348,67,23,55,10,16,0,1048576,0.998300016,204336.797,0.445647538,1.5204246,1.49627483,1.5204246,1.38494873,47,118,14,4294967295,9,13,4294967295,4294967295,4294967295,4294967295
145,1,262,262,1,512,135,377,2,377,156,366,16704,8109,8595,8595,0,226,7883,6093,227,36,1023,10,16,0,1048576,0.998099983,182787.578,0.499909222,1.12421548,1.10916197,1.12421548,0.79006958,6,46,19,7,8,36,22,84,40,46
146,1,262,262,1,512,162,350,0,350,216,306,16704,9825,6879,6879,0,545,9280,6228,545,25,1023,10,16,0,1048576,0.998199999,192963.484,0.596508265,1.15531135,1.12787175,1.15531135,0.859664917,199,3,113,82,21,23,47,4,6,95
147,0.800000012,262,262,1,512,29,483,1,483,31,491,16704,9556,7148,7148,0,44,9512,7097,44,21,255,10,16,0,1048576,0.998099983,182787.578,0.62139535,1.83928633,1.81321943,1.83928633,1.63917542,10,135,41,5,108,5,59,25,4294967295,4294967295
148,0.899999976,262,262,1,512,51,461,0,461,57,465,16704,10520,6184,6184,0,77,10443,8730,79,22,895,10,16,0,1048576,0.998000026,173634.578,0.636797249,0.815887213,0.79611659,0.815887213,0.572875977,27,2,26,65,61,37,121,4294967295,37,20
149,0.800000012,262,262,1,512,36,476,1,476,41,481,16704,12257,4447,4447,0,61,12196,8506,62,17,639,10,16,0,1048576,0.997900009,165348.266,0.460073829,1.43517494,1.41052461,1.43517494,1.26426697,20,64,36,35,20,20,17,4294967295,4294967295,90
150,0.600000024,262,262,1,512,39,473,0,473,46,476,16704,11588,5116,5116,0,76,11512,8519,76,24,903,10,16,0,1048576,0.997300029,128527.539,0.465633929,1.14898705,1.11967468,1.14898705,0.952178955,14,14,13,4294967295,4294967295,4294967295,4294967295,27,38,57
151,0.600000024,262,262,1,512,6,506,0,506,6,516,16704,10986,5718,5718,0,29,10957,4659,32,21,315,10,16,0,1048576,0.995999992,86641.6797,0.193049654,1.40423143,1.38920152,1.40423143,1.45149231,103,224,4294967295,69,34,243,4294967295,4294967295,211,4294967295
152,1,262,262,1,512,490,22,15,22,479,43,16704,8991,7713,7713,0,3938,5053,1157,3938,64,1023,10,16,0,1048576,0.995599985,78733.3672,0.167950422,1.15023315,1.12818909,1.15023315,0.918792725,13,7,8,15,94,14,6,5,30,17
153,0.600000024,262,262,1,512,6,506,0,506,6,516,16704,7985,8719,8719,0,14,7971,5492,17,14,380,10,16,0,1048576,0.996500015,99069.5,0.315179974,1.17194986,1.09513116,1.17194986,1.23406982,4294967295,4294967295,21,40,65,64,66,4294967295,86,4294967295
154,1,262,262,1,512,99,413,1,413,98,424,16704,11755,4949,4949,0,306,11449,4969,307,36,1023,10,16,0,1048576,0.996800005,108389.656,0.265569657,1.08193016,1.0655272,1.08193016,0.806549072,16,26,18,55,14,40,17,15,31,7
155,0.5,262,262,1,512,9,503,2,503,7,515,16704,10797,5907,5907,0,17,10780,6840,17,16,151,10,16,0,1048576,0.997300029,128527.539,0.493341446,1.12592959,1.1026566,1.12592959,1.1842804,12,181,199,4294967295,235,4294967295,4294967295,183,4294967295,4294967295
156,0.400000006,262,262,1,512,88,424,0,424,145,377,16704,13883,2821,2821,0,290,13593,9563,292,42,649,10,16,0,1048576,0.996599972,101992.281,0.485464305,1.40401673,1.37321258,1.40401673,1.21070862,84,4294967295,4294967295,20,4294967295,4294967295,4294967295,196,4294967295,23
157,1,262,262,1,512,60,452,0,452,64,458,16704,10827,5877,5877,0,92,10735,6179,94,15,1023,10,16,0,1048576,0.997099996,119638.07,0.376866549,1.28582394,1.2677362,1.28582394,0.664855957,5,5,5,6,5,4,6,6,7,6
158,1,262,262,1,512,332,180,21,180,314,208,16704,6372,10332,10332,0,909,5463,2464,911,52,1023,10,16,0,1048576,0.995800018,82499.8125,0.247513577,0.79145813,0.69348681,0.79145813,0.43145752,6,6,13,18,7,14,41,73,7,28
159,1,262,262,1,512,52,460,1,460,51,471,16704,9943,6761,6761,0,79,9864,4286,79,16,1023,10,16,0,1048576,0.996200025,91220.9062,0.257997841,1.1752156,1.15891194,1.1752156,0.693344116,5,5,5,5,4,5,5,5,6,6
160,0.800000012,262,262,1,512,7,505,0,505,7,515,16704,9554,7150,7150,0,35,9519,3220,38,17,383,10,16,0,1048576,0.994499981,62916.9609,0.120001532,1.42085397,1.32283664,1.42085397,1.37298584,48,4,97,6,3,21,25,4294967295,11,4294967295
161,1,262,262,1,512,73,439,0,439,75,447,16704,10255,6449,6449,0,166,10089,5243,166,28,1023,10,16,0,1048576,0.994799972,66566.7578,0.290562302,1.11807323,1.10135627,1.11807323,0.890823364,17,17,17,31,24,47,27,58,58,22
162,0.800000012,262,262,1,512,22,490,1,490,21,501,16704,10405,6299,6299,0,75,10330,3542,76,22,639,10,16,0,1048576,0.995299995,73685.7422,0.181000993,1.16474116,1.1455723,1.16474116,1.0723114,9,6,13,4,66,80,71,4294967295,4294967295,2
163,1,262,262,1,511,26,485,1,485,25,497,16704,3092,13612,13612,0,27,3065,2619,27,13,1023,10,16,0,1048576,0.997399986,133482.156,0.307145774,1.19604743,0.944562793,1.19604743,0.655822754,4,10,5,6,5,5,5,16,16,32
164,0.800000012,262,262,1,512,27,485,1,485,28,494,16704,8094,8610,8610,0,55,8039,5114,55,15,255,10,16,0,1048576,0.994599998,64088.7383,0.241075173,0.475883245,0.462858349,0.475883245,0.392425537,3,12,42,11,124,138,22,86,4294967295,4294967295
165,1,262,262,1,512,30,482,8,482,22,500,16704,3823,12881,12881,0,45,3778,2492,49,23,1023,10,16,0,1048576,0.995199978,72143.1172,0.190261588,1.24012589,1.03126502,1.24012589,0.828094482,20,50,33,17,11,18,18,45,4,49
166,1,262,262,1,512,18,494,4,494,15,507,16704,6172,10532,10532,0,38,6134,2770,42,22,1023,10,16,0,1048576,0.995199978,72143.1172,0.181975648,1.64661622,1.46128774,1.64661622,1.32775879,12,29,91,106,8,8,243,82,50,50
167,0.600000024,262,262,1,512,9,503,0,503,9,513,16704,12045,4659,4659,0,37,12008,6688,40,21,359,10,16,0,1048576,0.996599972,101992.281,0.316669077,1.4469173,1.42594504,1.4469173,1.4495697,8,137,45,4294967295,4294967295,57,21,4294967295,176,4294967295
168,1,262,262,1,512,85,427,3,427,82,440,16704,11311,5393,5393,0,222,11089,5349,226,31,1023,10,16,0,1048576,0.994700015,65304.7461,0.207346812,0.858675778,0.846746802,0.858675778,0.69380188,1,2,34,19,55,19,4,32,65,66
169,0.899999976,262,262,1,512,23,489,1,489,22,500,16704,12631,4073,4073,0,71,12560,4984,74,22,991,10,16,0,1048576,0.994799972,66566.7578,0.181416139,1.13454914,1.12415457,1.13454914,1.00614929,7,7,9,35,14,4294967295,148,147,67,57
170,1,262,262,1,512,23,489,3,489,20,502,16704,9119,7585,7585,0,58,9061,3853,62,21,1023,10,16,0,1048576,0.995800018,82499.8125,0.236504808,1.28459764,1.24553442,1.28459764,1.13011169,8,22,12,22,21,35,35,44,77,52
171,0.800000012,262,262,1,512,5,507,0,507,5,517,16704,8128,8576,8576,0,18,8110,3587,18,16,479,10,16,0,1048576,0.996200025,91220.9062,0.204588801,0.857879937,0.801183581,0.857879937,0.893493652,81,24,34,132,42,4294967295,143,25,106,4294967295
172,1,262,262,1,512,132,380,1,380,147,375,16704,11668,5036,5036,0,344,11324,6092,345,36,1023,10,16,0,1048576,0.997300029,128527.539,0.377733827,1.34474349,1.33342373,1.34474349,0.993759155,10,5,56,4,60,21,4,3,50,3
173,1,262,262,1,512,25,487,0,487,30,492,16704,10672,6032,6032,0,55,10617,6689,56,16,1023,10,16,0,1048576,0.996800005,108389.656,0.351264566,0.773662388,0.758098841,0.773662388,0.609939575,5,38,117,1,29,25,3,86,58,16
174,1,262,262,1,512,324,188,10,188,315,207,16704,11983,4721,4721,0,1384,10599,3857,1385,50,1023,10,16,0,1048576,0.996100008,88872.5703,0.240014553,1.10764444,1.08832812,1.10764444,0.859451294,7,9,23,8,9,31,10,32,32,9
175,0.400000006,262,262,1,512,5,507,0,507,5,517,16704,11937,4767,4767,0,28,11909,5912,28,19,27,10,16,0,1048576,0.996900022,111897.953,0.320350081,1.3852489,1.37022662,1.3852489,1.4737854,21,56,4294967295,191,55,4294967295,4294967295,4294967295,4294967295,4294967295
176,0.899999976,262,262,1,512,36,476,1,476,42,480,16704,11691,5013,5013,0,120,11571,7110,122,27,959,10,16,0,1048576,0.995999992,86641.6797,0.294201285,1.1760745,1.15603399,1.1760745,1.03970337,22,20,11,14,43,21,4294967295,173,23,16
177,1,262,262,1,512,114,398,3,398,123,399,16704,11293,5411,5411,0,490,10803,5627,492,57,1023,10,16,0,1048576,0.995800018,82499.8125,0.295321882,1.25814617,1.24557543,1.25814617,1.05450439,57,23,27,33,40,66,66,67,24,134
178,0.600000024,262,262,1,512,8,504,1,504,8,514,16704,12373,4331,4331,0,23,12350,6383,25,18,159,10,16,0,1048576,0.997099996,119638.07,0.347325087,1.38274002,1.35898554,1.38274002,1.40951538,21,179,166,165,127,4294967295,4294967295,79,4294967295,4294967295
179,0.800000012,262,262,1,512,6,506,2,506,4,518,16704,3608,13096,13096,0,15,3593,2441,20,20,927,10,16,0,1048576,0.995100021,70664.3203,0.149890587,1.51464057,1.26295817,1.51464057,1.61358643,17,18,174,63,52,4294967295,4294967295,218,77,82
180,0.899999976,262,262,1,512,27,485,1,485,26,496,16704,10198,6506,6506,0,61,10137,5828,64,23,1007,10,16,0,1048576,0.998000026,173634.578,0.40069747,1.31737792,1.30524087,1.31737792,1.15104675,14,5,13,15,4294967295,14,101,6,14,60
181,0.899999976,262,262,1,512,25,487,0,487,29,493,16704,12704,4000,4000,0,55,12649,8067,57,23,959,10,16,0,1048576,0.997099996,119638.07,0.430805653,1.09872675,1.06893396,1.09872675,0.901565552,14,13,45,44,19,119,4294967295,202,111,9
182,1,262,262,1,512,17,495,3,495,14,508,16704,9569,7135,7135,0,46,9523,3481,49,22,1023,10,16,0,1048576,0.996100008,88872.5703,0.203896672,1.62324524,1.5728991,1.62324524,1.45457458,5,16,5,20,45,6,6,35,6,96
183,1,262,262,1,512,36,476,0,476,37,485,16704,9942,6762,6762,0,82,9860,5032,83,15,1023,10,16,0,1048576,0.997200012,123924.031,0.39769119,1.36571252,1.34916818,1.36571252,1.10044861,2,3,3,5,5,5,61,20,51,6
184,0.899999976,262,262,1,512,18,494,2,494,19,503,16704,9141,7563,7563,0,29,9112,7205,29,17,511,10,16,0,1048576,0.997500002,138836.281,0.561282754,1.05517292,1.03748417,1.05517292,0.87210083,21,21,53,65,118,27,99,37,105,4294967295
185,0.800000012,262,262,1,512,37,475,0,475,37,485,16704,11130,5574,5574,0,82,11048,5716,84,18,495,10,16,0,1048576,0.997699976,150937.594,0.356463879,1.16007543,1.13500357,1.16007543,0.985122681,6,27,6,20,4294967295,24,7,10,7,4294967295
186,0.800000012,262,262,1,512,39,473,0,473,41,481,16704,13088,3616,3616,0,66,13022,7870,67,17,879,10,16,0,1048576,0.997300029,128527.539,0.402689308,1.2837832,1.26120305,1.2837832,1.11703491,29,48,56,38,4294967295,53,77,4294967295,26,53
187,0.600000024,262,262,1,512,10,502,2,502,8,514,16704,11783,4921,4921,0,39,11744,4340,41,22,222,10,16,0,1048576,0.995500028,76976.7344,0.193693385,1.37396204,1.35901117,1.37396204,1.36265564,4294967295,125,157,119,59,4294967295,55,20,4294967295,4294967295
188,1,262,262,1,512,68,444,3,444,65,457,16704,9750,6954,6954,0,169,9581,4694,169,21,1023,10,16,0,1048576,0.994799972,66566.7578,0.250556111,0.858137548,0.843320727,0.858137548,0.649932861,3,9,7,17,52,4,6,37,96,31
189,0.400000006,262,262,1,512,15,497,0,497,15,507,16704,12681,4023,4023,0,62,12619,5220,65,24,673,10,16,0,1048576,0.996399999,96307.4297,0.249436438,1.2893424,1.26746595,1.2893424,1.21893311,53,4294967295,4294967295,4294967295,4294967295,16,4294967295,87,4294967295,228
190,0.800000012,262,262,1,512,7,505,0,505,7,515,16704,6027,10677,10677,0,30,5997,2864,34,20,863,10,16,0,1048576,0.995199978,72143.1172,0.196953371,1.44510758,1.31378996,1.44510758,1.36109924,11,57,75,40,35,4294967295,152,4294967295,174,10
191,1,262,262,1,512,52,460,0,460,63,459,16704,10833,5871,5871,0,104,10729,7231,105,24,1023,10,16,0,1048576,0.997300029,128527.539,0.364424944,0.912488699,0.883346677,0.912488699,0.7109375,10,3,48,21,4,58,4,3,40,40
192,1,262,262,1,512,150,362,0,362,150,372,16704,3605,13099,13099,0,158,3447,2036,160,30,1023,10,16,0,1048576,0.997099996,119638.07,0.208040506,1.70760405,1.56442475,1.70760405,0.182022095,7,8,8,8,8,8,8,9,7,8
193,0.400000006,262,262,1,512,6,506,1,506,5,517,16704,13309,3395,3395,0,39,13270,5094,42,25,75,10,16,0,1048576,0.995199978,72143.1172,0.190205976,1.48499095,1.46292627,1.48499095,1.55137634,11,125,4294967295,109,4294967295,4294967295,32,4294967295,4294967295,4294967295
194,0.800000012,262,262,1,512,22,490,1,490,21,501,16704,11288,5416,5416,0,58,11230,4946,61,30,507,10,16,0,1048576,0.995100021,70664.3203,0.252876073,1.41080821,1.38739133,1.41080821,1.31729126,159,167,4294967295,163,79,48,226,189,160,4294967295
195,0.600000024,262,262,1,512,19,493,0,493,20,502,16704,13065,3639,3639,0,35,13030,9887,37,21,670,10,16,0,1048576,0.996900022,111897.953,0.575836599,1.45140457,1.41661096,1.45140457,1.31773376,4294967295,70,192,80,259,4294967295,4294967295,125,4294967295,203
196,0.600000024,262,262,1,512,6,506,0,506,6,516,16704,2987,13717,13717,0,7,2980,2312,8,8,63,8,16,0,1048576,0.997300029,128527.539,0.261124432,2.16940308,1.67555308,2.16940308,inf,3,4,4,4,4,19,4294967295,4294967295,4294967295,4294967295
197,0.699999988,262,262,1,512,15,497,0,497,15,507,16704,11650,5054,5054,0,67,11583,4945,68,24,638,10,16,0,1048576,0.996800005,108389.656,0.27851069,1.43019807,1.4096657,1.43019807,1.36885071,4294967295,46,69,25,51,60,29,4294967295,4294967295,233
198,0.899999976,262,262,1,512,12,500,0,500,12,510,16704,8291,8413,8413,0,25,8266,3920,26,15,991,10,16,0,1048576,0.996800005,108389.656,0.324101388,1.07057035,1.04118776,1.07057035,1.01379395,21,13,28,27,14,4294967295,7,20,167,105
199,0.899999976,262,262,1,512,15,497,1,497,14,508,16704,9595,7109,7109,0,32,9563,4594,33,16,1022,10,16,0,1048576,0.996399999,96307.4297,0.276986629,1.26679766,1.25329709,1.26679766,1.22619629,4294967295,68,34,74,1,21,69,117,58,27
200,0.699999988,262,262,1,512,23,489,1,489,22,500,16704,11825,4879,4879,0,108,11717,4354,113,29,967,10,16,0,1048576,0.992699981,47317.2617,0.18388851,1.34450507,1.30365479,1.34450507,1.23103333,3,18,38,4294967295,4294967295,4294967295,84,75,7,8
201,0.400000006,262,262,1,512,13,499,2,499,11,511,16704,12777,3927,3927,0,46,12731,4974,47,23,519,10,16,0,1048576,0.994000018,57645.1953,0.179126844,1.34913576,1.30881131,1.34913576,1.33358765,58,173,87,4294967295,4294967295,4294967295,4294967295,4294967295,4294967295,31
202,1,262,262,1,512,16,496,3,496,13,509,16704,10714,5990,5990,0,116,10598,3423,119,34,1023,10,16,0,1048576,0.99059999,36668.5586,0.134266779,1.44808471,1.39575195,1.44808471,1.33486938,9,15,5,103,10,31,92,71,144,145
203,1,262,262,1,512,322,190,63,190,277,245,16704,7369,9335,9335,0,1468,5901,1997,1471,65,1023,10,16,0,1048576,0.994899988,67879.0469,0.190027222,1.6184963,1.5308075,1.6184963,1.15364075,16,18,26,18,24,35,18,19,36,25
204,1,262,262,1,512,110,402,13,402,98,424,16704,11291,5413,5413,0,362,10929,2871,365,30,1023,10,16,0,1048576,0.992900014,48660.1875,0.102903657,0.945851386,0.888609231,0.945851386,0.629074097,6,10,6,5,6,8,7,16,6,12
205,0.400000006,262,262,1,512,1,511,0,511,1,521,16704,8030,8674,8674,0,17,8013,3197,18,18,674,10,16,0,1048576,0.994000018,57645.1953,0.170694083,1.31248021,1.23223519,1.31248021,1.41221619,4294967295,191,4294967295,4294967295,4294967295,146,4294967295,150,4294967295,218
206,1,262,262,1,512,91,421,1,421,90,432,16704,9242,7462,7462,0,233,9009,4078,235,26,1023,10,16,0,1048576,0.995100021,70664.3203,0.242411688,0.915039062,0.901992381,0.915039062,0.729660034,5,100,56,14,7,39,8,12,14,159
207,0.800000012,262,262,1,512,8,504,0,504,8,514,16704,8911,7793,7793,0,30,8881,3875,31,21,891,10,16,0,1048576,0.994000018,57645.1953,0.227373242,1.24566019,1.18400228,1.24566019,1.20393372,10,17,4294967295,187,159,23,47,4294967295,10,121
208,1,262,262,1,512,238,274,49,274,190,332,16704,5016,11688,11688,0,644,4372,2011,647,30,1023,10,16,0,1048576,0.994899988,67879.0469,0.190009773,1.33003366,1.13961005,1.33003366,0.691741943,5,2,11,4,13,13,3,3,8,14
209,1,262,262,1,512,35,477,3,477,32,490,16704,11107,5597,5597,0,138,10969,3724,143,28,1023,10,16,0,1048576,0.992699981,47317.2617,0.137895107,0.977281392,0.950611115,0.977281392,0.844482422,7,6,7,6,179,17,192,22,7,105
210,1,262,262,1,512,26,486,1,486,25,497,16704,8875,7829,7829,0,97,8778,2820,101,32,1023,10,16,0,1048576,0.988699973,30444.3867,0.0905091912,0.863156438,0.793428063,0.863156438,0.723999023,8,73,9,19,19,39,72,61,155,9
211,1,262,262,1,512,34,478,10,478,24,498,16704,7885,8819,8819,0,98,7787,2728,101,25,1023,10,16,0,1048576,0.992900014,48660.1875,0.129330784,1.57284272,1.41238129,1.57284272,1.28375244,22,67,4,11,10,22,128,80,11,46
212,1,262,262,1,512,23,489,4,489,19,503,16704,8175,8529,8529,0,76,8099,2802,79,20,1023,10,16,0,1048576,0.99059999,36668.5586,0.114861034,1.10159326,0.937263966,1.10159326,0.875427246,4,16,23,22,19,69,9,8,5,11
213,0.800000012,262,262,1,512,19,493,1,493,18,504,16704,10229,6475,6475,0,108,10121,3530,111,26,383,10,16,0,1048576,0.995199978,72143.1172,0.182964265,1.25808525,1.2484833,1.25808525,1.14837646,44,17,15,12,30,59,41,4294967295,102,4294967295
214,1,262,262,1,512,58,454,11,454,47,475,16704,7634,9070,9070,0,201,7433,2447,204,28,1023,10,16,0,1048576,0.99059999,36668.5586,0.0735559091,1.65929735,1.48593998,1.65929735,1.15820312,10,11,11,12,13,11,13,13,12,12
215,0.800000012,262,262,1,512,13,499,5,499,8,514,16704,9849,6855,6855,0,92,9757,2528,96,28,255,10,16,0,1048576,0.988699973,30444.3867,0.0814454928,1.30630028,1.20202041,1.30630028,1.2272644,10,36,69,8,241,94,24,23,4294967295,4294967295
216,0.899999976,262,262,1,512,35,477,3,477,32,490,16704,12254,4450,4450,0,129,12125,4662,130,29,895,10,16,0,1048576,0.994000018,57645.1953,0.15603058,1.11430478,1.10697353,1.11430478,0.975204468,224,70,34,34,63,7,66,4294967295,49,12
217,1,262,262,1,512,39,473,11,473,28,494,16704,6568,10136,10136,0,120,6448,2538,123,26,1023,10,16,0,1048576,0.99059999,36668.5586,0.0798151195,0.544075727,0.46182251,0.544075727,0.39239502,6,10,56,20,6,6,4,4,56,89
218,1,262,262,1,512,394,118,23,118,371,151,16704,6838,9866,9866,0,1359,5479,1005,1362,38,1023,10,16,0,1048576,0.99059999,36668.5586,0.0590086654,1.07125854,0.943713248,1.07125854,0.646331787,3,4,4,9,2,7,10,6,5,2
219,1,262,262,1,512,69,443,11,443,59,463,16704,11233,5471,5471,0,234,10999,2888,237,32,1023,10,16,0,1048576,0.992900014,48660.1875,0.106112756,1.33249819,1.23976445,1.33249819,1.05706787,155,70,114,8,7,17,10,23,11,10
220,1,262,262,1,512,300,212,26,212,274,248,16704,6445,10259,10259,0,1251,5194,1706,1252,38,1023,10,16,0,1048576,0.993700027,54883.6641,0.133579448,1.01037753,0.915459216,1.01037753,0.653701782,5,4,6,3,5,9,9,6,16,9
221,1,262,262,1,512,22,490,7,490,15,507,16704,8992,7712,7712,0,94,8898,2842,95,30,1023,10,16,0,1048576,0.991100013,38748.2734,0.103198931,1.30809569,1.20741642,1.30809569,1.17173767,99,25,104,27,2,90,68,52,54,111
222,0.5,262,262,1,512,67,445,0,445,67,455,16704,13958,2746,2746,0,224,13734,5790,227,37,689,10,16,0,1048576,0.993900001,56694.3164,0.191394925,1.22990155,1.21854937,1.22990155,1.07926941,34,4294967295,4294967295,4294967295,154,19,4294967295,20,4294967295,118
223,0.800000012,262,262,1,512,17,495,3,495,14,508,16704,10632,6072,6072,0,127,10505,3071,131,28,863,10,16,0,1048576,0.988699973,30444.3867,0.0989314392,1.08757687,1.02982438,1.08757687,1.01193237,105,26,41,12,145,4294967295,29,4294967295,73,20
224,0.899999976,262,262,1,512,42,470,1,470,42,480,16704,11939,4765,4765,0,140,11799,4118,143,30,767,10,16,0,1048576,0.992900014,48660.1875,0.159783855,1.00002217,0.985188842,1.00002217,0.859115601,13,14,11,23,96,3,181,179,4294967295,90
225,0.200000003,262,262,1,510,1,509,0,509,1,521,16704,2507,14197,14197,0,3,2504,1852,6,6,33,6,16,0,1048576,0.994300008,60697.4062,0.146086544,1.92611694,1.16862381,1.92611694,inf,19,4294967295,4294967295,4294967295,4294967295,62,4294967295,4294967295,4294967295,4294967295
226,1,262,262,1,512,179,333,13,333,166,356,16704,7776,8928,8928,0,553,7223,2872,558,30,1023,10,16,0,1048576,0.992699981,47317.2617,0.164140001,0.798663318,0.775449455,0.798663318,0.555679321,4,3,2,5,1,7,3,3,15,4
227,1,262,262,1,512,278,234,9,234,269,253,16704,10229,6475,6475,0,850,9379,2843,853,35,1023,10,16,0,1048576,0.992900014,48660.1875,0.165606081,0.699693143,0.685260296,0.699693143,0.43649292,29,4,32,4,6,4,3,7,4,8
228,0.600000024,262,262,1,512,17,495,0,495,17,505,16704,11391,5313,5313,0,60,11331,4314,63,27,903,10,16,0,1048576,0.992900014,48660.1875,0.12069539,0.994011045,0.982914984,0.994011045,0.942306519,177,46,182,4294967295,4294967295,4294967295,4294967295,85,84,30
229,0.800000012,262,262,1,512,32,480,1,480,31,491,16704,12243,4461,4461,0,155,12088,4019,158,31,983,10,16,0,1048576,0.99059999,36668.5586,0.128013849,1.03777063,1.02261996,1.03777063,0.948852539,8,75,19,4294967295,56,4294967295,14,186,153,7
230,1,262,262,1,512,115,397,13,397,103,419,16704,7683,9021,9021,0,467,7216,2765,470,34,1023,10,16,0,1048576,0.994899988,67879.0469,0.243943647,1.68489075,1.61158526,1.68489075,1.34094238,3,4,17,8,6,10,43,17,22,30
231,1,262,262,1,512,24,488,2,488,22,500,16704,10080,6624,6624,0,84,9996,3830,89,31,1023,10,16,0,1048576,0.992699981,47317.2617,0.178303972,0.950587392,0.91362977,0.950587392,0.830978394,4,13,7,19,41,33,65,163,32,34
232,1,262,262,1,512,171,341,12,341,159,363,16704,8404,8300,8300,0,516,7888,2363,519,36,1023,10,16,0,1048576,0.99059999,36668.5586,0.118312545,1.03109956,0.957133949,1.03109956,0.673126221,2,4,3,6,45,45,5,5,5,8
233,1,262,262,1,512,71,441,6,441,66,456,16704,9796,6908,6908,0,245,9551,3412,248,33,1023,10,16,0,1048576,0.99059999,36668.5586,0.144702986,1.01374495,0.989322722,1.01374495,0.820404053,17,18,41,32,5,44,97,8,30,219
234,1,262,262,1,512,29,483,0,483,29,493,16704,10138,6566,6566,0,71,10067,4225,72,22,1023,10,16,0,1048576,0.993700027,54883.6641,0.26184243,1.02023911,1.00686431,1.02023911,0.854431152,12,13,12,13,43,14,5,13,114,35
235,1,262,262,1,512,30,482,4,482,26,496,16704,8809,7895,7895,0,94,8715,3622,97,25,1023,10,16,0,1048576,0.993399978,52372.6953,0.214507207,1.20925546,1.20019829,1.20925546,1.06973267,4,4,6,32,142,8,83,7,130,129
236,1,262,262,1,512,26,486,0,486,26,496,16704,10404,6300,6300,0,97,10307,4393,98,19,1023,10,16,0,1048576,0.995000005,69243.8203,0.245610282,1.23119938,1.21715331,1.23119938,1.04034424,5,6,63,14,14,7,29,6,7,21
237,1,262,262,1,512,395,117,43,117,352,170,16704,6137,10567,10567,0,1534,4603,1776,1537,47,1023,10,16,0,1048576,0.994899988,67879.0469,0.211229846,1.37233281,1.27791035,1.37233281,0.796279907,4,5,3,5,5,7,5,4,4,5
238,0.5,262,262,1,512,56,456,2,456,54,468,16704,12620,4084,4084,0,180,12440,4994,181,33,341,10,16,0,1048576,0.993700027,54883.6641,0.189376608,1.22397649,1.20683193,1.22397649,1.08413696,9,4294967295,238,4294967295,57,4294967295,31,4294967295,223,4294967295
239,1,262,262,1,512,45,467,8,467,37,485,16704,8891,7813,7813,0,171,8720,2866,174,25,1023,10,16,0,1048576,0.99059999,36668.5586,0.0917242616,0.806918204,0.681888461,0.806918204,0.562530518,4,13,2,5,3,13,14,6,3,14
240,1,262,262,1,512,274,238,73,238,204,318,16704,4810,11894,11894,0,807,4003,2004,810,59,1023,10,16,0,1048576,0.994899988,67879.0469,0.243908763,1.55665588,1.24439704,1.55665588,0.750564575,6,4,14,7,14,15,9,4,4,14
241,0.899999976,262,262,1,512,57,455,0,455,57,465,16704,12193,4511,4511,0,137,12056,5409,140,28,1022,10,16,0,1048576,0.993399978,52372.6953,0.203185484,0.881077349,0.865336478,0.881077349,0.717315674,4294967295,13,2,22,40,9,19,92,41,19
242,1,262,262,1,512,28,484,2,484,26,496,16704,7942,8762,8762,0,62,7880,3038,67,26,1023,10,16,0,1048576,0.992699981,47317.2617,0.151467398,1.1986655,1.10410941,1.1986655,1.02087402,15,13,12,47,11,20,44,216,217,245
243,1,262,262,1,512,28,484,7,484,21,501,16704,9053,7651,7651,0,124,8929,2866,128,30,1023,10,16,0,1048576,0.988699973,30444.3867,0.0977189466,1.02941382,0.941468954,1.02941382,0.882781982,11,97,12,140,103,156,20,5,21,21
244,1,262,262,1,512,20,492,5,492,15,507,16704,2904,13800,13800,0,29,2875,1977,34,18,1023,10,16,0,1048576,0.992699981,47317.2617,0.0923272297,1.44093227,1.12008297,1.44093227,0.816177368,4,4,11,11,5,5,7,6,5,3
245,1,262,262,1,512,52,460,3,460,50,472,16704,8780,7924,7924,0,147,8633,3307,150,30,1023,10,16,0,1048576,0.992900014,48660.1875,0.116698608,0.672059655,0.619190335,0.672059655,0.524703979,16,15,21,33,38,76,3,38,37,19
246,1,262,262,1,512,21,491,9,491,12,510,16704,6799,9905,9905,0,94,6705,2049,97,25,1023,10,16,0,1048576,0.99059999,36668.5586,0.0726734027,1.42428172,1.26752818,1.42428172,1.22436523,3,3,4,4,171,98,241,42,53,35
247,1,262,262,1,512,20,492,3,492,17,505,16704,6042,10662,10662,0,42,6000,3125,45,18,1023,10,16,0,1048576,0.992900014,48660.1875,0.173153713,0.89048779,0.789990246,0.89048779,0.727111816,32,5,66,9,75,9,36,6,29,138
248,0.800000012,262,262,1,512,21,491,9,491,12,510,16704,9821,6883,6883,0,100,9721,2904,103,32,447,10,16,0,1048576,0.99059999,36668.5586,0.0983603373,1.15164864,1.07646394,1.15164864,1.04788208,16,5,95,72,73,13,4294967295,19,56,4294967295
249,1,262,262,1,512,141,371,8,371,133,389,16704,10509,6195,6195,0,596,9913,3448,599,38,1023,10,16,0,1048576,0.99059999,36668.5586,0.153540611,0.911708713,0.901589215,0.911708713,0.726791382,20,34,13,24,49,26,78,21,12,8
250,1,262,262,1,512,52,460,21,460,31,491,16704,4377,12327,12327,0,147,4230,2055,153,29,1023,10,16,0,1048576,0.987100005,26625.1738,0.062161386,1.31184387,0.810757577,1.31184387,0.672744751,5,6,54,6,6,6,7,29,4,14
251,0.899999976,262,262,1,512,25,487,1,487,24,498,16704,11039,5665,5665,0,195,10844,2517,203,36,895,10,16,0,1048576,0.984099984,21535.748,0.07391458,1.29432535,1.23559666,1.29432535,1.1678772,10,6,16,61,21,47,19,4294967295,21,61
252,1,262,262,1,512,96,416,7,416,89,433,16704,11000,5704,5704,0,345,10655,3801,352,36,1023,10,16,0,1048576,0.989899993,34103.0234,0.159359366,1.03081155,1.01897323,1.03081155,0.815933228,11,11,20,115,13,4,5,6,90,11
253,1,262,262,1,512,150,362,31,362,119,403,16704,9431,7273,7273,0,864,8567,2027,872,47,1023,10,16,0,1048576,0.984099984,21535.748,0.0598853268,0.999979794,0.897389352,0.999979794,0.756988525,40,5,9,6,12,18,2,27,10,21
254,1,262,262,1,512,90,422,19,422,71,451,16704,9990,6714,6714,0,493,9497,2296,505,38,1023,10,16,0,1048576,0.983399987,20612.918,0.0601262599,0.949323952,0.872336447,0.949323952,0.709655762,6,7,7,9,7,7,7,8,39,15
255,1,262,262,1,512,387,125,50,125,337,185,16704,3876,12828,12828,0,793,3083,1289,796,34,1023,10,16,0,1048576,0.99059999,36668.5586,0.0541281775,1.48556685,1.25750732,1.48556685,0.476150513,13,13,14,13,13,14,14,14,14,12
256,1,262,262,1,512,293,219,64,219,230,292,16704,6114,10590,10590,0,1181,4933,1424,1193,55,1023,10,16,0,1048576,0.983399987,20612.918,0.0583555028,0.941442668,0.806654274,0.941442668,0.42199707,3,4,5,4,5,4,4,4,4,5
257,1,262,262,1,512,55,457,8,457,47,475,16704,9241,7463,7463,0,301,8940,2609,307,38,1023,10,16,0,1048576,0.987100005,26625.1738,0.0859482214,0.684859455,0.637624621,0.684859455,0.530105591,5,4,17,16,29,4,22,100,17,36
258,1,262,262,1,512,30,482,11,482,19,503,16704,9158,7546,7546,0,108,9050,3117,111,26,1023,10,16,0,1048576,0.99059999,36668.5586,0.112885594,1.26015508,1.16151536,1.26015508,1.08500671,25,8,7,50,12,90,15,17,29,32
259,0.800000012,262,262,1,512,23,489,0,489,23,499,16704,12051,4653,4653,0,81,11970,4252,89,33,943,10,16,0,1048576,0.988399982,29648.043,0.176029488,0.885864913,0.870831609,0.885864913,0.816452026,9,107,60,37,4294967295,157,4294967295,27,104,89
260,1,262,262,1,512,152,360,28,360,126,396,16704,9566,7138,7138,0,810,8756,2441,818,57,1023,10,16,0,1048576,0.989499986,32790.5586,0.105381571,1.12634993,1.05029297,1.12634993,0.851791382,42,3,6,22,26,26,31,39,11,3
261,1,262,262,1,512,29,483,13,483,16,506,16704,4998,11706,11706,0,108,4890,2351,116,30,1023,10,16,0,1048576,0.988399982,29648.043,0.0561338067,0.924587786,0.794048846,0.924587786,0.721252441,3,5,2,22,106,7,36,8,135,14
262,1,262,262,1,512,77,435,20,435,57,465,16704,9151,7553,7553,0,376,8775,2684,384,39,1023,10,16,0,1048576,0.989499986,32790.5586,0.0788501203,1.0391928,0.897835135,1.0391928,0.8412323,4,10,58,78,79,25,59,18,23,12
263,1,262,262,1,512,47,465,3,465,44,478,16704,8651,8053,8053,0,127,8524,3382,134,31,1023,10,16,0,1048576,0.989899993,34103.0234,0.135130808,0.932723582,0.909325898,0.932723582,0.813598633,33,20,3,17,27,8,14,13,36,30
264,1,262,262,1,512,52,460,18,460,34,488,16704,9345,7359,7359,0,275,9070,2348,281,29,1023,10,16,0,1048576,0.987100005,26625.1738,0.0724938735,1.31825078,1.20686281,1.31825078,1.09124756,4,4,4,5,5,3,58,6,23,4
265,1,262,262,1,512,23,489,10,489,13,509,16704,4056,12648,12648,0,46,4010,2233,54,24,1023,10,16,0,1048576,0.988399982,29648.043,0.0968159661,1.10437274,0.871901393,1.10437274,0.833084106,16,10,5,16,10,22,2,5,53,94
266,0.899999976,262,262,1,512,20,492,1,492,19,503,16704,9405,7299,7299,0,66,9339,3015,74,24,511,10,16,0,1048576,0.988399982,29648.043,0.109299175,0.969340563,0.921713769,0.969340563,0.852600098,9,2,2,20,6,108,4,53,69,4294967295
267,1,262,262,1,512,90,422,7,422,85,437,16704,10495,6209,6209,0,306,10189,3358,314,41,1023,10,16,0,1048576,0.988399982,29648.043,0.113151297,0.761550903,0.718289196,0.761550903,0.593429565,23,15,34,6,36,38,12,6,15,13
268,1,262,262,1,512,26,486,13,486,13,509,16704,6245,10459,10459,0,127,6118,2264,135,31,1023,10,16,0,1048576,0.988399982,29648.043,0.0626268014,1.50752258,1.15697193,1.50752258,1.07913208,10,23,17,13,7,13,73,10,82,17
269,1,262,262,1,512,294,218,65,218,229,293,16704,4638,12066,12066,0,919,3719,1286,927,57,1023,10,16,0,1048576,0.984099984,21535.748,0.066366896,1.19158936,1.01207614,1.19158936,0.705551147,5,8,4,4,6,5,4,5,10,12
270,1,262,262,1,512,100,412,29,412,71,451,16704,11072,5632,5632,0,663,10409,2348,675,47,1023,10,16,0,1048576,0.983399987,20612.918,0.0749296397,1.13234675,1.07228982,1.13234675,0.885513306,7,7,9,8,9,11,42,8,14,91
271,0.899999976,262,262,1,512,21,491,6,491,15,507,16704,12048,4656,4656,0,147,11901,2475,159,39,1021,10,16,0,1048576,0.983399987,20612.918,0.0470848083,1.42043376,1.31830978,1.42043376,1.30107117,3,4294967295,2,12,58,102,185,2,39,25
272,1,262,262,1,512,132,380,24,380,108,414,16704,6944,9760,9760,0,396,6548,2430,404,47,1023,10,16,0,1048576,0.988399982,29648.043,0.104873173,0.681469798,0.541190684,0.681469798,0.373703003,6,5,19,13,19,3,20,6,8,18
273,1,262,262,1,512,105,407,26,407,79,443,16704,6547,10157,10157,0,356,6191,2294,364,33,1023,10,16,0,1048576,0.989499986,32790.5586,0.0991102979,0.992493391,0.869068801,0.992493391,0.598556519,3,6,4,5,7,4,8,4,3,7
274,1,262,262,1,512,54,458,21,458,33,489,16704,7757,8947,8947,0,285,7472,2240,297,34,1023,10,16,0,1048576,0.983399987,20612.918,0.0732206702,0.811315835,0.694996655,0.811315835,0.624328613,5,13,6,6,2,6,5,7,18,16
275,1,262,262,1,512,26,486,3,486,23,499,16704,12312,4392,4392,0,114,12198,3754,122,33,1023,10,16,0,1048576,0.988399982,29648.043,0.102326252,1.04331028,0.946686625,1.04331028,0.985092163,21,21,139,21,93,19,58,24,24,60
276,1,262,262,1,512,63,449,26,449,37,485,16704,6192,10512,10512,0,239,5953,2323,245,32,1023,10,16,0,1048576,0.987100005,26625.1738,0.0732783303,1.61146414,1.39264476,1.61146414,1.23178101,20,50,7,3,4,11,18,5,130,62
277,0.800000012,262,262,1,512,23,489,8,489,15,507,16704,11682,5022,5022,0,117,11565,2927,124,29,887,10,16,0,1048576,0.989899993,34103.0234,0.0699809566,1.44293392,1.31340444,1.44293392,1.35705566,34,99,9,4294967295,37,7,46,4294967295,18,14
278,1,262,262,1,512,45,467,15,467,31,491,16704,9264,7440,7440,0,187,9077,2301,199,39,1023,10,16,0,1048576,0.983399987,20612.918,0.0562599003,0.844291508,0.769688904,0.844291508,0.687652588,10,13,78,39,39,25,4,78,4,1
279,1,262,262,1,512,57,455,18,455,39,483,16704,6127,10577,10577,0,175,5952,2323,183,28,1023,10,16,0,1048576,0.988399982,29648.043,0.0872681886,1.02696073,0.870593369,1.02696073,0.730728149,4,3,4,5,5,6,12,6,4,14
280,1,262,262,1,512,42,470,16,470,26,496,16704,10059,6645,6645,0,256,9803,2348,264,32,1023,10,16,0,1048576,0.984099984,21535.748,0.0565449409,1.1340332,1.0207783,1.1340332,0.941543579,16,5,18,24,39,17,49,7,22,123
281,0.899999976,262,262,1,512,35,477,10,477,25,497,16704,9821,6883,6883,0,127,9694,2707,135,31,1019,10,16,0,1048576,0.988399982,29648.043,0.0737337098,1.09971762,1.01892412,1.09971762,0.963424683,9,9,4294967295,12,53,17,157,76,76,31
282,0.800000012,262,262,1,512,17,495,2,495,15,507,16704,11038,5666,5666,0,89,10949,3351,97,27,831,10,16,0,1048576,0.988399982,29648.043,0.11871998,1.08905029,1.05318332,1.08905029,1.01777649,0,38,12,147,12,34,4294967295,4294967295,1,1
283,1,262,262,1,512,58,454,10,454,48,474,16704,8969,7735,7735,0,199,8770,2961,202,33,1023,10,16,0,1048576,0.99059999,36668.5586,0.113523141,1.04132164,0.968198419,1.04132164,0.820205688,15,16,4,40,27,38,40,15,36,36
284,1,262,262,1,512,17,495,7,495,10,512,16704,10468,6236,6236,0,103,10365,2542,115,31,1023,10,16,0,1048576,0.983399987,20612.918,0.0812923536,1.14460933,1.06924582,1.14460933,1.06143188,12,58,11,11,18,6,59,15,96,16
285,0.899999976,262,262,1,512,12,500,6,500,6,516,16704,3177,13527,13527,0,31,3146,1888,39,23,991,10,16,0,1048576,0.989499986,32790.5586,0.0763814896,1.79139304,1.43918967,1.79139304,1.5511322,19,17,18,5,21,4294967295,6,58,19,94
286,1,262,262,1,512,30,482,3,482,27,495,16704,8943,7761,7761,0,141,8802,2951,148,27,1023,10,16,0,1048576,0.989899993,34103.0234,0.125842452,1.00839233,0.962314367,1.00839233,0.87046814,5,4,4,3,41,3,62,9,19,175
287,1,262,262,1,512,144,368,14,368,130,392,16704,10012,6692,6692,0,526,9486,2982,534,36,1023,10,16,0,1048576,0.988399982,29648.043,0.136398599,0.959112406,0.880844414,0.959112406,0.705673218,2,3,24,2,1,9,10,22,11,58
288,0.899999976,262,262,1,512,11,501,6,501,5,517,16704,9859,6845,6845,0,84,9775,2524,90,29,895,10,16,0,1048576,0.987100005,26625.1738,0.0623552203,1.41563106,1.29433465,1.41563106,1.33399963,6,15,15,27,132,232,35,4294967295,43,37
289,1,262,262,1,512,76,436,26,436,50,472,16704,4554,12150,12150,0,278,4276,1837,286,35,1023,10,16,0,1048576,0.988399982,29648.043,0.0622535273,1.71322393,1.35973883,1.71322393,0.974578857,3,4,4,7,5,5,4,4,5,5
290,0.899999976,262,262,1,512,28,484,6,484,23,499,16704,12279,4425,4425,0,174,12105,3072,182,35,991,10,16,0,1048576,0.988399982,29648.043,0.0742872804,1.05285645,1.01375568,1.05285645,0.953643799,91,43,203,45,44,4294967295,15,32,23,32
291,1,262,262,1,512,131,381,27,381,105,417,16704,8503,8201,8201,0,671,7832,1994,683,52,1023,10,16,0,1048576,0.983399987,20612.918,0.0673416927,0.945144653,0.775568843,0.945144653,0.579284668,7,3,3,9,8,8,10,8,4,89
292,1,262,262,1,512,321,191,49,191,272,250,16704,7371,9333,9333,0,1394,5977,1327,1406,55,1023,10,16,0,1048576,0.983399987,20612.918,0.0771541148,0.982010126,0.873189867,0.982010126,0.516799927,4,4,5,4,5,4,4,4,5,4
293,1,262,262,1,512,261,251,36,251,226,296,16704,6088,10616,10616,0,704,5384,1696,712,33,1023,10,16,0,1048576,0.988399982,29648.043,0.0786040947,1.21339262,1.15817869,1.21339262,0.529998779,4,4,5,5,5,5,7,4,5,4
294,1,262,262,1,512,126,386,30,386,97,425,16704,9457,7247,7247,0,876,8581,2039,888,58,1023,10,16,0,1048576,0.983399987,20612.918,0.0569501966,1.00744629,0.859107673,1.00744629,0.749389648,18,25,38,16,22,3,12,38,30,10
295,1,262,262,1,512,53,459,3,459,50,472,16704,11433,5271,5271,0,274,11159,3768,277,27,1023,10,16,0,1048576,0.99059999,36668.5586,0.123381473,1.06721115,1.0225209,1.06721115,0.921081543,6,14,7,7,7,79,9,86,66,114
296,0.899999976,262,262,1,512,15,497,3,497,12,510,16704,10167,6537,6537,0,70,10097,2818,78,28,511,10,16,0,1048576,0.988399982,29648.043,0.0917830691,1.47950745,1.32179403,1.47950745,1.30839539,7,23,8,25,17,12,137,90,54,4294967295
297,1,262,262,1,512,35,477,6,477,30,492,16704,12962,3742,3742,0,288,12674,3085,296,47,1023,10,16,0,1048576,0.989499986,32790.5586,0.0810266733,1.31052983,1.27411139,1.31052983,1.13079834,34,29,30,10,62,30,18,36,3,11
298,0.899999976,262,262,1,512,39,473,13,473,26,496,16704,9064,7640,7640,0,197,8867,2931,205,36,991,10,16,0,1048576,0.988399982,29648.043,0.0786371008,1.07209337,0.996834755,1.07209337,0.902511597,64,64,4,11,47,4294967295,53,32,57,61
299,1,262,262,1,512,33,479,7,479,26,496,16704,7390,9314,9314,0,115,7275,2794,123,24,1023,10,16,0,1048576,0.988399982,29648.043,0.105122022,0.750417829,0.640720785,0.750417829,0.582229614,28,22,22,4,3,3,3,71,7,132
300,1,258,262,3,512,16,496,0,0,16,498,16448,10271,6177,6177,0,281,9990,1738,295,38,1023,10,16,0,1048576,0.974399984,13243.6309,0.041170314,0.63609314,inf,0.63609314,0.622009277,5,10,94,199,1,11,28,6,51,3
301,1,262,262,1,512,17,495,6,495,12,510,16704,10485,6219,6219,0,133,10352,2667,145,33,1023,10,16,0,1048576,0.983399987,20612.918,0.100470543,1.0712738,0.963632584,1.0712738,0.94581604,6,11,28,120,23,112,6,23,52,169
302,1,259,262,3,512,10,502,0,0,10,505,16480,7292,9188,9188,0,127,7165,1330,139,31,1023,10,16,0,1048576,0.980400026,17404.5566,0.0462495051,1.17098999,inf,1.17098999,1.1399231,14,3,8,10,6,65,3,68,4,60
303,0.699999988,259,262,3,512,8,504,0,0,8,507,16480,10786,5694,5694,0,147,10639,1940,159,39,701,10,16,0,1048576,0.980400026,17404.5566,0.0659308136,1.03110063,inf,1.03110063,1.04283142,9,4294967295,34,136,233,79,4294967295,13,4294967295,10
304,1,260,262,3,512,27,485,0,0,27,491,16576,5487,11089,11089,0,226,5261,1357,238,34,1023,10,16,0,1048576,0.980400026,17404.5566,0.0657668412,0.555284023,inf,0.555284023,0.481430054,2,14,18,6,7,20,3,52,8,34
305,1,259,262,3,512,75,437,0,0,75,441,16512,8570,7942,7942,0,625,7945,1389,636,43,1023,10,16,0,1048576,0.979799986,16877.1992,0.0405636802,0.94382298,inf,0.94382298,0.767074585,3,4,3,1,34,2,4,4,38,33
306,1,259,262,3,512,30,482,0,0,30,486,16512,5243,11269,11269,0,310,4933,1178,322,38,1023,10,16,0,1048576,0.971300006,11775.4922,0.0198341403,0.363523096,inf,0.363523096,0.320861816,5,8,7,7,1,7,6,14,7,10
307,1,259,262,3,512,17,495,0,0,17,499,16512,4927,11585,11585,0,169,4758,913,180,33,1023,10,16,0,1048576,0.979799986,16877.1992,0.0570640862,1.19057608,inf,1.19057608,1.11630249,5,4,5,4,7,20,7,50,17,27
308,1,259,262,3,512,83,429,0,0,83,433,16512,9048,7464,7464,0,753,8295,1511,765,48,1023,10,16,0,1048576,0.977400005,15047.9238,0.0547365211,0.705230713,inf,0.705230713,0.599822998,4,17,37,16,86,16,6,25,13,14
309,1,261,262,3,512,28,484,0,0,28,490,16576,8182,8394,8394,0,141,8041,1534,153,30,1023,10,16,0,1048576,0.980400026,17404.5566,0.060100805,0.743564487,inf,0.743564487,0.6121521,3,5,4,5,8,33,4,10,11,3
310,0.899999976,259,262,3,512,18,494,0,0,18,497,16480,10195,6285,6285,0,201,9994,2014,212,34,895,10,16,0,1048576,0.979799986,16877.1992,0.0574746095,0.486933351,inf,0.486933351,0.46685791,14,8,30,120,19,41,6,4294967295,0,123
311,0.899999976,259,262,3,512,31,481,0,0,31,485,16512,12010,4502,4502,0,371,11639,1847,392,50,991,10,16,0,1048576,0.971000016,11650.0742,0.0354221836,1.08440948,inf,1.08440948,1.01002502,37,19,183,9,2,4294967295,18,5,16,5
312,1,259,262,3,512,33,479,0,0,33,483,16512,8788,7724,7724,0,246,8542,1715,257,38,1023,10,16,0,1048576,0.979799986,16877.1992,0.0623387247,0.735337973,inf,0.735337973,0.645736694,20,10,15,2,3,65,25,43,45,26
313,1,261,262,3,512,26,486,0,0,26,493,16608,7702,8906,8906,0,217,7485,1482,231,45,1023,10,16,0,1048576,0.974399984,13243.6309,0.0312804095,0.966720521,inf,0.966720521,0.830871582,13,45,57,37,4,10,9,38,46,10
314,1,260,262,3,512,23,489,0,0,23,494,16544,10885,5659,5659,0,382,10503,1782,403,42,1023,10,16,0,1048576,0.971000016,11650.0742,0.0473799147,1.032426,inf,1.032426,0.971664429,17,9,109,18,9,209,6,19,7,25
315,1,260,262,3,512,5,507,0,0,5,513,16576,6496,10080,10080,0,47,6449,1350,58,32,1023,10,16,0,1048576,0.979799986,16877.1992,0.0326987021,0.70281893,inf,0.70281893,0.799835205,7,8,52,80,25,31,90,31,153,104
316,1,260,262,3,512,42,470,0,0,42,475,16544,7738,8806,8806,0,369,7369,1561,380,45,1023,10,16,0,1048576,0.979799986,16877.1992,0.0493682325,0.505636573,inf,0.505636573,0.451049805,3,10,33,16,40,4,12,20,85,23
317,1,260,262,3,512,20,492,0,0,20,498,16576,4716,11860,11860,0,129,4587,1273,141,37,1023,10,16,0,1048576,0.977400005,15047.9238,0.0306728147,0.572024107,inf,0.572024107,0.49559021,6,7,10,8,11,21,49,19,10,62
318,1,259,262,3,512,38,474,0,0,38,477,16480,3900,12580,12580,0,125,3775,1025,137,31,1023,10,16,0,1048576,0.977400005,15047.9238,0.0423173755,0.639734864,inf,0.639734864,0.511077881,8,7,2,4,5,2,7,7,9,16
319,1,262,262,1,512,162,350,26,350,137,385,16704,9821,6883,6883,0,1008,8813,1937,1020,60,1023,10,16,0,1048576,0.983399987,20612.918,0.0577411205,0.956710815,0.871991873,0.956710815,0.729385376,8,7,3,15,6,6,5,14,206,5
320,1,260,262,3,512,67,445,0,0,67,451,16576,11155,5421,5421,0,542,10613,1826,554,46,1023,10,16,0,1048576,0.980400026,17404.5566,0.070610024,0.968969345,inf,0.968969345,0.822250366,38,5,6,20,89,8,7,7,21,2
321,1,260,262,3,512,146,366,0,0,146,371,16544,8610,7934,7934,0,1083,7527,1281,1094,50,1023,10,16,0,1048576,0.979799986,16877.1992,0.0581511036,0.784271121,inf,0.784271121,0.622055054,9,11,2,10,7,13,11,12,28,11
322,1,258,262,3,512,35,477,0,0,35,479,16448,7646,8802,8802,0,308,7338,1514,320,47,1023,10,16,0,1048576,0.977400005,15047.9238,0.0481351428,0.716485381,inf,0.716485381,0.644500732,29,43,7,8,41,7,11,5,44,69
323,1,258,262,3,512,28,484,0,0,28,486,16448,7577,8871,8871,0,246,7331,1424,258,38,1023,10,16,0,1048576,0.980400026,17404.5566,0.041992154,0.616939545,inf,0.616939545,0.592147827,12,14,2,36,11,11,31,16,36,44
324,1,258,262,3,512,22,490,0,0,22,491,16416,2382,14034,14034,0,61,2321,841,82,29,1023,10,16,0,1048576,0.971000016,11650.0742,0.0188316312,0.383698642,inf,0.383698642,0.305709839,3,3,3,3,0,1,2,4,20,1
325,1,260,262,3,512,7,505,0,0,7,510,16544,3423,13121,13121,0,68,3355,886,78,26,1023,10,16,0,1048576,0.979900002,16962.9141,0.0464241542,1.16929209,inf,1.16929209,1.25408936,17,6,17,46,49,34,130,120,40,92
326,1,260,262,3,512,34,478,0,0,34,483,16544,8767,7777,7777,0,358,8409,1557,379,51,1023,10,16,0,1048576,0.971000016,11650.0742,0.0585304201,0.77353555,inf,0.77353555,0.664794922,12,15,5,22,6,23,9,28,19,11
327,1,261,262,3,512,30,482,0,0,30,489,16608,4843,11765,11765,0,152,4691,1279,173,41,1023,10,16,0,1048576,0.971000016,11650.0742,0.0321962722,0.986664057,inf,0.986664057,0.879241943,8,5,8,6,22,4,46,9,10,5
328,0.899999976,260,262,3,512,22,490,0,0,22,496,16576,11875,4701,4701,0,331,11544,1766,343,42,959,10,16,0,1048576,0.977400005,15047.9238,0.0317464098,1.3951416,inf,1.3951416,1.33779907,9,10,16,11,23,53,4294967295,64,37,74
329,1,259,262,3,512,14,498,0,0,14,502,16512,7455,9057,9057,0,120,7335,1466,131,35,1023,10,16,0,1048576,0.979799986,16877.1992,0.0350187346,1.48477924,inf,1.48477924,1.4513092,10,18,74,13,69,69,22,6,60,120
330,0.600000024,261,262,3,512,9,503,0,0,9,510,16608,12077,4531,4531,0,150,11927,2220,162,46,95,10,16,0,1048576,0.980400026,17404.5566,0.0698885396,1.22959375,inf,1.22959375,1.24464417,24,7,47,25,24,4294967295,202,4294967295,4294967295,4294967295
331,1,259,262,3,512,8,504,0,0,8,508,16512,4995,11517,11517,0,89,4906,1159,99,24,1023,10,16,0,1048576,0.979900002,16962.9141,0.0470358022,0.730558515,inf,0.730558515,0.756011963,13,8,4,37,28,9,5,6,30,25
332,1,260,262,3,512,21,491,0,0,21,496,16544,9393,7151,7151,0,149,9244,1740,161,34,1023,10,16,0,1048576,0.980400026,17404.5566,0.0557644479,0.552455068,inf,0.552455068,0.504348755,4,13,4,31,18,81,5,28,4,4
333,1,260,262,3,512,26,486,0,0,26,492,16576,12113,4463,4463,0,422,11691,1995,434,44,1023,10,16,0,1048576,0.977400005,15047.9238,0.041004058,1.03155613,inf,1.03155613,0.952972412,7,8,15,6,148,78,90,109,2,10
334,1,259,262,3,512,132,380,0,0,132,384,16512,7652,8860,8860,0,868,6784,1204,879,46,1023,10,16,0,1048576,0.979799986,16877.1992,0.0373633392,0.809946358,inf,0.809946358,0.615509033,6,4,4,7,4,15,10,10,16,7
335,1,261,262,3,512,62,450,0,0,62,458,16640,4495,12145,12145,0,286,4209,1120,297,41,1023,10,16,0,1048576,0.979799986,16877.1992,0.04285191,1.00819659,inf,1.00819659,0.780532837,8,8,6,18,6,10,17,23,8,18
336,1,259,262,3,512,17,495,0,0,17,498,16480,5032,11448,11448,0,139,4893,1051,151,35,1023,10,16,0,1048576,0.977400005,15047.9238,0.0318856016,1.03051233,inf,1.03051233,0.948120117,6,18,11,12,20,1,1,33,33,30
337,1,259,262,3,512,22,490,0,0,22,494,16512,9545,6967,6967,0,313,9232,1572,325,55,1023,10,16,0,1048576,0.971300006,11775.4922,0.0277391542,1.14033377,inf,1.14033377,1.05577087,71,117,6,115,70,37,18,18,26,118
338,1,260,262,3,512,34,478,0,0,35,482,16544,3804,12740,12740,0,136,3668,957,148,25,1023,10,16,0,1048576,0.980400026,17404.5566,0.03973528,1.16453695,inf,1.16453695,0.922317505,4,3,3,3,5,4,5,7,9,18
339,0.800000012,259,262,3,512,17,495,0,0,17,498,16480,9497,6983,6983,0,256,9241,1685,270,42,639,10,16,0,1048576,0.974399984,13243.6309,0.0482687205,0.845617831,inf,0.845617831,0.821960449,3,19,21,9,49,11,112,4294967295,4294967295,125
340,1,260,262,3,512,27,485,0,0,27,491,16576,6422,10154,10154,0,161,6261,1440,172,33,1023,10,16,0,1048576,0.979799986,16877.1992,0.04572846,1.19157743,inf,1.19157743,1.02598572,17,24,13,17,11,11,27,15,14,17
341,1,260,262,3,512,38,474,0,0,38,479,16544,9978,6566,6566,0,372,9606,1778,383,37,1023,10,16,0,1048576,0.979799986,16877.1992,0.0513037592,0.680382013,inf,0.680382013,0.611343384,54,12,6,18,19,7,7,4,108,10
342,1,262,262,2,512,40,472,0,0,41,481,16704,10857,5847,5847,0,451,10406,1791,463,51,1023,10,16,0,1048576,0.971300006,11775.4922,0.0484870411,0.875183105,inf,0.875183105,0.784255981,100,17,10,9,44,22,23,24,26,7
343,1,259,262,3,512,2,510,0,0,2,513,16480,6323,10157,10157,0,46,6277,1324,57,33,1023,10,16,0,1048576,0.979799986,16877.1992,0.0606677234,0.851407766,inf,0.851407766,0.991821289,8,27,43,47,38,158,116,102,252,179
344,1,259,262,3,512,67,445,0,0,68,447,16480,8376,8104,8104,0,373,8003,1501,385,45,1023,10,16,0,1048576,0.980400026,17404.5566,0.0649156645,0.96986866,inf,0.96986866,0.764663696,5,4,4,3,5,4,5,5,5,5
345,1,259,262,3,512,47,465,0,0,47,468,16480,9518,6962,6962,0,533,8985,1653,544,39,1023,10,16,0,1048576,0.979799986,16877.1992,0.0505636632,0.972304821,inf,0.972304821,0.846343994,5,4,5,18,226,7,6,11,4,22
346,1,260,262,3,512,33,479,0,0,33,484,16544,9567,6977,6977,0,383,9184,1881,394,51,1023,10,16,0,1048576,0.979799986,16877.1992,0.0540993623,0.956445515,inf,0.956445515,0.865493774,2,25,7,4,6,9,58,27,27,21
347,1,260,262,3,512,106,406,0,0,106,412,16576,8191,8385,8385,0,659,7532,1338,670,38,1023,10,16,0,1048576,0.979799986,16877.1992,0.0539620407,0.666846573,inf,0.666846573,0.500778198,4,4,5,5,3,6,9,5,3,5
348,0.800000012,259,262,3,512,16,496,0,0,16,499,16480,12196,4284,4284,0,213,11983,2268,225,46,507,10,16,0,1048576,0.980400026,17404.5566,0.0476954542,0.943368435,inf,0.943368435,0.909713745,44,133,4294967295,6,54,147,17,232,11,4294967295
349,1,259,262,3,512,34,478,0,0,34,481,16480,8263,8217,8217,0,378,7885,1361,399,41,1023,10,16,0,1048576,0.971000016,11650.0742,0.0389723852,0.981507778,inf,0.981507778,0.877655029,3,3,15,2,2,28,2,8,7,5
350,1,258,262,3,512,37,475,0,0,37,477,16448,8020,8428,8428,0,279,7741,1448,300,36,1023,10,16,0,1048576,0.971000016,11650.0742,0.0418350957,0.528058648,inf,0.528058648,0.47215271,4,3,10,4,4,1,33,1,64,17
351,1,259,262,3,512,50,462,0,0,50,465,16480,10894,5586,5586,0,711,10183,1451,726,53,1023,10,16,0,1048576,0.965900004,9855.54688,0.0229657013,0.907685578,inf,0.907685578,0.772140503,12,1,47,19,99,11,3,27,45,12
352,1,259,262,3,512,33,479,0,0,33,483,16512,6403,10109,10109,0,271,6132,1353,292,44,1023,10,16,0,1048576,0.971000016,11650.0742,0.0512124971,0.575431824,inf,0.575431824,0.490188599,6,4,36,4,61,24,28,5,4,49
353,1,260,262,3,512,20,492,0,0,20,497,16544,6267,10277,10277,0,340,5927,1103,355,37,1023,10,16,0,1048576,0.965900004,9855.54688,0.025123246,1.22492182,inf,1.22492182,1.09912109,9,5,12,23,15,27,8,3,9,61
354,1,260,262,3,512,33,479,0,0,33,485,16576,7317,9259,9259,0,335,6982,1305,351,40,1023,10,16,0,1048576,0.964600027,9480.82422,0.0256799962,0.820037305,inf,0.820037305,0.674057007,8,6,9,12,2,8,6,4,7,14
355,0.899999976,261,262,3,512,44,468,0,0,44,474,16576,11807,4769,4769,0,549,11258,1825,564,43,1019,10,16,0,1048576,0.965900004,9855.54688,0.0344481282,0.689193726,inf,0.689193726,0.615707397,2,3,4294967295,10,4,10,18,18,10,20
356,1,258,262,3,512,70,442,0,0,70,444,16448,5976,10472,10472,0,302,5674,1002,332,43,1023,10,16,0,1048576,0.950299978,6652.63574,0.0128179146,1.0246129,inf,1.0246129,0.693710327,5,4,5,4,5,5,4,5,5,5
357,1,259,262,3,512,263,249,0,0,265,251,16512,6971,9541,9541,0,1255,5716,868,1271,51,1023,10,16,0,1048576,0.964600027,9480.82422,0.0235963631,0.676413119,inf,0.676413119,0.488632202,4,3,3,4,4,10,4,4,3,5
358,1,261,262,3,512,50,462,0,0,50,470,16640,6698,9942,9942,0,364,6334,1235,379,51,1023,10,16,0,1048576,0.965900004,9855.54688,0.023786176,1.11239505,inf,1.11239505,0.906799316,12,9,7,18,9,29,10,13,13,13
359,1,259,262,3,512,59,453,0,0,59,456,16480,7958,8522,8522,0,427,7531,1284,442,38,1023,10,16,0,1048576,0.965900004,9855.54688,0.034637209,0.57723999,inf,0.57723999,0.469833374,5,3,2,2,4,18,9,12,14,6
360,1,262,262,1,512,14,498,0,1,14,507,16672,8287,8385,8385,0,228,8059,1504,244,55,1023,10,16,0,1048576,0.964600027,9480.82422,0.0217620209,1.35472941,1.3332839,1.35472941,1.32737732,65,11,23,7,63,23,4,65,65,43
361,1,259,262,3,512,146,366,0,0,147,369,16512,7063,9449,9449,0,1334,5729,1031,1364,60,1023,10,16,0,1048576,0.950299978,6652.63574,0.0212860797,0.804000914,inf,0.804000914,0.606887817,4,18,3,4,4,4,25,10,26,4
362,1,261,262,3,512,15,497,0,0,15,503,16576,5130,11446,11446,0,188,4942,955,209,40,1023,10,16,0,1048576,0.971000016,11650.0742,0.0399921462,1.37713504,inf,1.37713504,1.26184082,3,2,12,4,8,53,53,2,22,53
363,1,260,262,3,512,59,453,0,0,59,459,16576,9606,6970,6970,0,848,8758,1412,878,54,1023,10,16,0,1048576,0.950299978,6652.63574,0.0188718941,0.77381736,inf,0.77381736,0.688980103,11,5,5,4,12,17,8,16,137,6
364,1,260,262,3,512,27,485,0,0,27,491,16576,8941,7635,7635,0,425,8516,1443,455,52,1023,10,16,0,1048576,0.950299978,6652.63574,0.0173317622,1.13744891,inf,1.13744891,1.03076172,10,8,10,10,8,10,17,7,22,63
365,1,259,262,3,512,8,504,0,0,8,508,16512,3930,12582,12582,0,62,3868,1016,77,32,1023,10,16,0,1048576,0.965900004,9855.54688,0.0198028199,0.968243361,inf,0.968243361,0.989135742,4,5,40,63,197,30,38,18,78,59
366,1,260,262,3,512,75,437,0,0,75,443,16576,7492,9084,9084,0,660,6832,1215,675,48,1023,10,16,0,1048576,0.965900004,9855.54688,0.0355032645,0.762767673,inf,0.762767673,0.598754883,5,6,4,6,26,14,7,30,31,5
367,1,262,262,1,512,54,458,0,1,54,465,16608,12630,3978,3978,0,646,11984,1884,662,41,1023,10,16,0,1048576,0.964600027,9480.82422,0.0363368914,1.10474277,1.10348129,1.10474277,0.888778687,6,4,4,3,3,5,1,19,2,8
368,1,261,262,3,512,35,477,0,0,35,484,16608,5517,11091,11091,0,221,5296,1126,242,42,1023,10,16,0,1048576,0.971000016,11650.0742,0.0372431837,1.36396611,inf,1.36396611,1.14070129,6,5,13,5,35,35,6,6,5,8
369,0.899999976,262,262,2,512,21,491,0,0,21,501,16704,13794,2910,2910,0,360,13434,2356,381,52,1022,10,16,0,1048576,0.971000016,11650.0742,0.0463102646,0.941680729,inf,0.941680729,0.874191284,4294967295,54,8,66,74,188,9,128,60,59
370,1,259,262,3,512,95,417,0,0,95,421,16512,9186,7326,7326,0,892,8294,1392,907,50,1023,10,16,0,1048576,0.965900004,9855.54688,0.0313308313,0.745511234,inf,0.745511234,0.62210083,4,16,2,11,24,36,19,10,44,10
371,1,259,262,3,512,43,469,0,0,43,473,16512,8239,8273,8273,0,589,7650,1354,604,53,1023,10,16,0,1048576,0.965900004,9855.54688,0.021808425,0.999734759,inf,0.999734759,0.887649536,4,18,13,5,25,25,26,19,12,12
372,1,260,262,3,512,55,457,0,0,55,461,16512,11712,4800,4800,0,639,11073,1814,654,50,1023,10,16,0,1048576,0.965900004,9855.54688,0.0288373288,1.15102971,inf,1.15102971,1.03199768,7,24,6,17,25,10,8,94,58,58
373,1,260,262,3,512,269,243,0,0,273,245,16576,6283,10293,10293,0,1974,4309,722,2004,79,1023,10,16,0,1048576,0.950299978,6652.63574,0.0199510697,0.641998291,inf,0.641998291,0.439605713,4,3,4,5,4,5,7,3,3,4
374,1,262,262,2,512,53,459,0,0,54,467,16672,10429,6243,6243,0,694,9735,1618,709,56,1023,10,16,0,1048576,0.965900004,9855.54688,0.028952973,0.924735427,inf,0.924735427,0.79397583,9,6,115,9,12,9,8,16,16,7
375,1,258,262,3,512,25,487,0,0,25,489,16448,9050,7398,7398,0,336,8714,1417,352,39,1023,10,16,0,1048576,0.964600027,9480.82422,0.0232025366,0.939065576,inf,0.939065576,0.817886353,11,8,5,6,14,21,18,26,7,32
376,1,259,262,3,512,23,489,0,0,23,492,16480,11274,5206,5206,0,503,10771,1609,518,50,1023,10,16,0,1048576,0.965900004,9855.54688,0.0222372338,0.825655699,inf,0.825655699,0.774291992,26,65,7,22,9,9,93,8,60,5
377,1,261,262,3,512,25,487,0,0,26,494,16640,3468,13172,13172,0,135,3333,935,165,42,1023,10,16,0,1048576,0.950299978,6652.63574,0.0138497977,0.885706484,inf,0.885706484,0.602752686,8,8,7,18,5,7,8,12,26,14
378,1,259,262,3,512,31,481,0,0,32,484,16512,10273,6239,6239,0,490,9783,1638,505,45,1023,10,16,0,1048576,0.965900004,9855.54688,0.0348473936,0.590428829,inf,0.590428829,0.543838501,13,16,6,20,16,2,89,18,27,9
379,1,259,262,3,512,85,427,0,0,85,431,16512,7051,9461,9461,0,984,6067,1072,999,51,1023,10,16,0,1048576,0.965900004,9855.54688,0.0246665813,0.791448772,inf,0.791448772,0.63571167,4,3,7,5,20,4,7,3,23,28
380,1,258,262,3,512,27,485,0,0,27,487,16448,10000,6448,6448,0,286,9714,1516,316,42,1023,10,16,0,1048576,0.965799987,9825.7041,0.0419514701,0.923390687,inf,0.923390687,0.84413147,6,6,8,35,20,95,104,82,43,6
381,0.899999976,259,262,3,512,23,489,0,0,25,491,16512,9457,7055,7055,0,459,8998,1541,474,50,991,10,16,0,1048576,0.965900004,9855.54688,0.0233953521,1.02571344,inf,1.02571344,0.971618652,16,6,18,58,17,4294967295,17,12,2,91
382,0.699999988,262,262,2,512,39,473,0,0,40,481,16672,12532,4140,4140,0,642,11890,1835,657,73,988,10,16,0,1048576,0.965900004,9855.54688,0.0196247138,1.27552032,inf,1.27552032,1.17500305,4294967295,4294967295,56,9,73,4294967295,22,147,33,225
383,1,258,262,3,512,47,465,0,0,48,466,16448,6455,9993,9993,0,315,6140,1110,330,36,1023,10,16,0,1048576,0.965900004,9855.54688,0.0242276452,0.835279703,inf,0.835279703,0.718383789,4,5,3,4,7,5,9,8,55,4
384,1,261,262,3,512,33,479,0,0,33,487,16640,7012,9628,9628,0,268,6744,1540,283,48,1023,10,16,0,1048576,0.965900004,9855.54688,0.0282337908,0.827950776,inf,0.827950776,0.771728516,8,9,25,27,18,10,5,20,14,9
385,1,261,262,3,512,61,451,0,0,62,457,16608,12495,4113,4113,0,762,11733,1842,777,53,1023,10,16,0,1048576,0.965900004,9855.54688,0.0260112491,1.08089447,inf,1.08089447,0.97227478,28,14,29,21,19,20,33,82,27,7
386,1,259,262,3,512,53,459,0,0,53,463,16512,3906,12606,12606,0,270,3636,886,285,42,1023,10,16,0,1048576,0.965900004,9855.54688,0.0203565564,1.1160444,inf,1.1160444,0.659347534,3,4,3,4,4,5,5,4,4,4
387,1,260,262,3,512,30,482,0,0,30,487,16544,9038,7506,7506,0,388,8650,1346,403,47,1023,10,16,0,1048576,0.965900004,9855.54688,0.0219941307,1.11661077,inf,1.11661077,1.0349884,6,86,11,222,3,58,56,4,50,24
388,1,259,262,3,512,95,417,0,0,96,419,16480,10533,5947,5947,0,1350,9183,1509,1365,60,1023,10,16,0,1048576,0.965900004,9855.54688,0.035528589,1.06387639,inf,1.06387639,0.919555664,10,8,2,63,4,9,8,2,8,15
389,1,259,262,3,512,34,478,0,0,34,482,16512,7884,8628,8628,0,297,7587,1499,318,45,1023,10,16,0,1048576,0.971000016,11650.0742,0.0397436917,0.967379212,inf,0.967379212,0.838165283,10,10,10,9,9,8,17,11,31,34
390,1,260,262,3,512,21,491,0,0,22,494,16512,7575,8937,8937,0,291,7284,1322,306,40,1023,10,16,0,1048576,0.965900004,9855.54688,0.0376540571,0.802930236,inf,0.802930236,0.726577759,21,6,18,2,5,44,4,11,1,49
391,1,260,262,3,512,27,485,0,0,27,491,16576,8802,7774,7774,0,369,8433,1438,384,47,1023,10,16,0,1048576,0.965900004,9855.54688,0.0274420157,1.14992034,inf,1.14992034,1.04914856,5,5,9,14,7,8,14,30,10,58
392,1,258,262,3,512,27,485,0,0,27,487,16448,10980,5468,5468,0,353,10627,1814,369,43,1023,10,16,0,1048576,0.964600027,9480.82422,0.035511069,0.872486174,inf,0.872486174,0.820449829,8,16,44,32,20,157,25,1,9,138
393,1,259,262,3,512,67,445,0,0,67,449,16512,8758,7754,7754,0,785,7973,1206,800,47,1023,10,16,0,1048576,0.965900004,9855.54688,0.0218945257,1.04165554,inf,1.04165554,0.87727356,3,1,3,5,9,6,11,6,27,4
394,1,258,262,3,512,53,459,0,0,53,461,16448,7958,8490,8490,0,533,7425,1225,548,49,1023,10,16,0,1048576,0.965900004,9855.54688,0.0254448522,0.933853149,inf,0.933853149,0.778244019,1,9,8,16,16,5,17,31,19,11
395,1,259,262,3,512,107,405,0,0,107,408,16480,10468,6012,6012,0,898,9570,1478,913,58,1023,10,16,0,1048576,0.965900004,9855.54688,0.0194238145,1.10984743,inf,1.10984743,0.92364502,22,21,20,23,21,21,22,26,20,23
396,1,259,262,3,512,79,433,0,0,79,436,16480,5974,10506,10506,0,681,5293,1086,696,57,1023,10,16,0,1048576,0.965900004,9855.54688,0.0301895943,1.1238023,inf,1.1238023,0.961303711,14,6,11,7,4,22,7,13,38,14
397,1,258,262,3,512,52,460,0,0,52,462,16448,6278,10170,10170,0,436,5842,1154,451,45,1023,10,16,0,1048576,0.965900004,9855.54688,0.0346760377,0.944782495,inf,0.944782495,0.78944397,2,23,7,6,4,5,9,2,6,16
398,1,259,262,3,512,62,450,0,0,62,454,16512,6441,10071,10071,0,554,5887,1170,569,44,1023,10,16,0,1048576,0.965900004,9855.54688,0.0269558076,0.63057822,inf,0.63057822,0.511047363,11,10,10,10,10,6,39,5,8,41
399,1,260,262,3,512,16,496,0,0,16,501,16544,8946,7598,7598,0,252,8694,1565,267,37,1023,10,16,0,1048576,0.965900004,9855.54688,0.0361431018,0.658397079,inf,0.658397079,0.623077393,9,10,4,4,6,30,8,32,32,7
400,1,259,262,3,512,51,461,0,0,51,465,16512,8593,7919,7919,0,768,7825,1285,827,70,1023,10,16,0,1048576,0.904799998,3306.4856,0.00846242066,0.882394314,inf,0.882394314,0.768463135,6,4,5,17,11,22,14,29,5,17
401,1,262,262,1,512,433,79,5,11,428,94,16704,1696,15008,15008,0,745,951,746,804,49,1023,10,16,0,1048576,0.904799998,3306.4856,0.00634978898,0.0037689209,0.00370788574,0.0037689209,0.000442504883,14,14,14,14,13,13,13,13,14,14
402,0.899999976,262,262,1,512,32,480,0,1,32,487,16608,12704,3904,3904,0,592,12112,1946,623,61,1015,10,16,0,1048576,0.93690002,5165.85547,0.0173080582,0.979283154,0.944004834,0.979283154,0.914962769,55,19,11,4294967295,8,7,21,56,173,138
403,0,260,262,3,512,5,507,0,0,5,512,16544,6194,10350,10350,0,114,6080,1447,155,47,0,10,16,0,1048576,0.930299997,4643.68652,0.00831560232,1.69732642,inf,1.69732642,1.72241211,4294967295,4294967295,4294967295,4294967295,4294967295,4294967295,4294967295,4294967295,4294967295,4294967295
404,0.800000012,261,262,3,512,21,491,0,0,21,498,16608,10324,6284,6284,0,305,10019,1594,335,55,639,10,16,0,1048576,0.950299978,6652.63574,0.0218997393,0.887178183,inf,0.887178183,0.824859619,28,35,40,25,13,33,11,4294967295,4294967295,25
405,1,261,262,3,512,58,454,0,0,60,460,16640,2799,13841,13841,0,238,2561,945,279,66,1023,10,16,0,1048576,0.930299997,4643.68652,0.0128591945,0.935811877,inf,0.935811877,0.55607605,9,6,6,7,7,7,8,22,13,20
406,1,261,262,3,512,251,261,0,0,251,269,16640,3990,12650,12650,0,662,3328,681,702,55,1023,10,16,0,1048576,0.918300033,3910.43628,0.00807563588,0.839860916,inf,0.839860916,0.315475464,5,6,6,6,6,5,6,7,6,6
407,1,259,262,3,512,45,467,0,0,45,471,16512,8178,8334,8334,0,521,7657,1334,562,65,1023,10,16,0,1048576,0.930299997,4643.68652,0.0147086084,0.548518896,inf,0.548518896,0.472976685,2,17,13,14,10,8,48,43,8,15
408,1,260,262,3,512,77,435,0,0,78,440,16576,9849,6727,6727,0,1213,8636,1297,1252,69,1023,10,16,0,1048576,0.904999971,3314.17944,0.0108772684,0.890821099,inf,0.890821099,0.775848389,5,10,3,11,18,4,96,131,152,3
409,1,259,262,3,512,57,455,0,0,57,459,16512,7036,9476,9476,0,575,6461,1241,628,62,1023,10,16,0,1048576,0.911300004,3574.32715,0.0130275646,0.684093833,inf,0.684093833,0.588058472,4,32,9,26,205,23,23,5,10,5
410,1,260,262,3,512,30,482,0,0,30,488,16576,7614,8962,8962,0,493,7121,1319,524,63,1023,10,16,0,1048576,0.93690002,5165.85547,0.0141171347,0.77572906,inf,0.77572906,0.7084198,10,21,7,8,55,47,9,32,13,14
411,1,259,262,3,512,28,484,0,0,30,486,16512,9329,7183,7183,0,505,8824,1287,536,52,1023,10,16,0,1048576,0.93690002,5165.85547,0.0144786136,0.728041649,inf,0.728041649,0.63923645,9,3,13,13,39,30,31,3,103,22
412,1,260,262,3,512,22,490,0,0,22,496,16576,4775,11801,11801,0,260,4515,1023,291,39,1023,10,16,0,1048576,0.93690002,5165.85547,0.015281653,1.16558075,inf,1.16558075,0.9349823,4,5,4,5,4,12,49,4,18,3
413,1,260,262,3,512,56,456,0,0,56,462,16576,11474,5102,5102,0,941,10533,1543,982,68,1023,10,16,0,1048576,0.930299997,4643.68652,0.0124395965,0.965244174,inf,0.965244174,0.874328613,11,17,13,81,6,153,206,194,8,71
414,1,261,262,3,512,41,471,0,0,41,478,16608,5877,10731,10731,0,465,5412,1153,518,61,1023,10,16,0,1048576,0.911300004,3574.32715,0.00527990609,0.777328849,inf,0.777328849,0.641433716,5,5,6,6,21,6,6,6,32,3
415,1,260,262,3,512,36,476,0,0,36,481,16544,9833,6711,6711,0,613,9220,1521,644,64,1023,10,16,0,1048576,0.93690002,5165.85547,0.0139317494,1.14863634,inf,1.14863634,1.06286621,16,22,21,37,27,24,10,38,81,69
416,0.800000012,259,262,3,512,29,483,0,0,31,485,16512,12376,4136,4136,0,589,11787,1716,630,74,989,10,16,0,1048576,0.930299997,4643.68652,0.0130198747,0.930282593,inf,0.930282593,0.881256104,30,4294967295,63,120,194,4294967295,29,36,29,6
417,1,260,262,3,512,132,380,0,0,132,386,16576,6572,10004,10004,0,1300,5272,1037,1357,68,1023,10,16,0,1048576,0.901899993,3198.43774,0.00997225568,0.464736938,inf,0.464736938,0.335861206,8,12,4,10,6,5,9,14,11,13
418,1,262,262,1,512,50,462,0,14,51,471,16704,10704,6000,6000,0,669,10035,1847,700,66,1023,10,16,0,1048576,0.93690002,5165.85547,0.0131309219,1.21124685,1.20963359,1.21124685,1.08934021,19,24,60,59,20,15,79,36,230,122
419,1,259,262,3,512,34,478,0,0,35,481,16512,6848,9664,9664,0,427,6421,1237,468,52,1023,10,16,0,1048576,0.930299997,4643.68652,0.0146732116,0.927026749,inf,0.927026749,0.794845581,16,3,2,7,88,17,2,12,29,9
420,1,261,262,3,512,36,476,0,0,36,482,16576,11027,5549,5549,0,713,10314,1536,744,64,1023,10,16,0,1048576,0.93690002,5165.85547,0.0157276392,0.908918202,inf,0.908918202,0.825820923,19,13,12,98,111,11,8,14,116,10
421,1,258,262,3,512,48,464,0,0,48,466,16448,7175,9273,9273,0,583,6592,1177,624,60,1023,10,16,0,1048576,0.930299997,4643.68652,0.0133118043,0.825366259,inf,0.825366259,0.692108154,15,7,24,24,24,8,6,36,13,7
422,1,259,262,3,512,75,437,0,0,77,439,16512,4240,12272,12272,0,487,3753,904,526,60,1023,10,16,0,1048576,0.904999971,3314.17944,0.00978869013,0.901046753,inf,0.901046753,0.669128418,3,9,5,3,6,18,18,18,10,14
423,1,259,262,3,512,68,444,0,0,69,446,16480,9029,7451,7451,0,1006,8023,1193,1059,65,1023,10,16,0,1048576,0.911300004,3574.32715,0.0104970541,0.906760693,inf,0.906760693,0.774215698,7,9,17,12,2,26,40,14,48,48
424,1,259,262,3,512,493,19,0,0,493,23,16512,5352,11160,11160,0,2711,2641,293,2752,71,1023,10,16,0,1048576,0.930299997,4643.68652,0.0171884149,0.969440162,inf,0.969440162,0.708099365,4,10,3,14,6,3,5,21,4,7
425,1,260,262,3,512,30,482,0,0,30,487,16544,5968,10576,10576,0,385,5583,1111,416,51,1023,10,16,0,1048576,0.93690002,5165.85547,0.0151316645,0.9230932,inf,0.9230932,0.801895142,5,6,9,6,16,3,62,69,18,44
426,1,259,262,3,512,35,477,0,0,35,481,16512,4275,12237,12237,0,230,4045,922,261,41,1023,10,16,0,1048576,0.93690002,5165.85547,0.00936614629,1.20856965,inf,1.20856965,0.87689209,3,1,2,5,4,2,3,1,3,1
427,1,258,262,3,512,48,464,0,0,48,466,16448,9102,7346,7346,0,868,8234,1183,909,54,1023,10,16,0,1048576,0.930299997,4643.68652,0.0112269381,1.45665562,inf,1.45665562,1.29341125,4,3,4,7,2,6,6,10,162,27
428,1,258,262,3,512,46,466,0,0,46,467,16416,4844,11572,11572,0,571,4273,855,610,53,1023,10,16,0,1048576,0.904999971,3314.17944,0.00666459743,1.0201534,inf,1.0201534,0.891830444,4,5,116,2,4,12,4,5,1,14
429,1,260,262,3,512,34,478,0,0,34,484,16576,9097,7479,7479,0,597,8500,1393,628,56,1023,10,16,0,1048576,0.93690002,5165.85547,0.0142852645,1.18590081,inf,1.18590081,1.0105896,7,12,6,7,14,14,6,21,16,38
430,1,260,262,3,512,43,469,0,0,44,473,16544,12314,4230,4230,0,892,11422,1676,931,64,1023,10,16,0,1048576,0.904999971,3314.17944,0.0150002409,1.01661766,inf,1.01661766,0.916992188,10,9,7,21,7,85,5,7,14,102
431,1,259,262,3,512,37,475,0,0,37,479,16512,8875,7637,7637,0,577,8298,1368,607,44,1023,10,16,0,1048576,0.926299989,4372.7373,0.0129504278,0.65117979,inf,0.65117979,0.574615479,7,6,26,1,14,9,14,8,3,4
432,1,259,262,3,512,101,411,0,0,101,415,16512,6800,9712,9712,0,1187,5613,1034,1244,59,1023,10,16,0,1048576,0.901899993,3198.43774,0.0104453508,0.511184692,inf,0.511184692,0.411727905,3,2,3,4,12,4,12,4,10,5
433,1,258,262,3,512,57,455,0,0,58,456,16448,7375,9073,9073,0,797,6578,1206,838,58,1023,10,16,0,1048576,0.930299997,4643.68652,0.016305469,0.766671658,inf,0.766671658,0.665359497,9,30,3,5,36,3,5,6,37,37
434,1,261,262,3,512,57,455,0,0,59,460,16608,4353,12255,12255,0,486,3867,1026,543,67,1023,10,16,0,1048576,0.912599981,3632.67529,0.00748055009,0.684894502,inf,0.684894502,0.539733887,6,6,7,7,6,7,7,8,5,45
435,1,259,262,3,512,41,471,0,0,41,475,16512,6977,9535,9535,0,470,6507,1116,511,60,1023,10,16,0,1048576,0.930299997,4643.68652,0.0120561915,1.05768681,inf,1.05768681,0.921920776,10,5,10,8,8,10,6,23,8,6
436,1,259,262,3,512,53,459,0,0,53,463,16512,8653,7859,7859,0,715,7938,1232,746,58,1023,10,16,0,1048576,0.93690002,5165.85547,0.0138990087,0.805601299,inf,0.805601299,0.684951782,4,10,5,5,3,26,20,85,40,9
437,0.899999976,262,262,2,512,62,450,0,0,62,459,16672,11253,5419,5419,0,1183,10070,1658,1222,80,511,10,16,0,1048576,0.904999971,3314.17944,0.013309041,0.902170181,inf,0.902170181,0.82409668,23,8,112,46,16,50,26,145,74,4294967295
438,1,259,262,3,512,48,464,0,0,48,468,16512,8588,7924,7924,0,676,7912,1291,716,62,1023,10,16,0,1048576,0.918300033,3910.43628,0.0126945442,0.866133869,inf,0.866133869,0.734832764,4,10,5,11,33,6,63,3,30,11
439,1,260,262,3,512,56,456,0,0,56,461,16544,5997,10547,10547,0,532,5465,1173,571,67,1023,10,16,0,1048576,0.904999971,3314.17944,0.00687521696,0.889641941,inf,0.889641941,0.811630249,5,9,5,7,26,70,6,13,4,5
440,1,260,262,3,512,45,467,0,0,47,470,16544,12418,4126,4126,0,917,11501,1664,958,77,1023,10,16,0,1048576,0.930299997,4643.68652,0.016777169,1.1112901,inf,1.1112901,1.01828003,13,122,123,27,58,17,17,213,73,173
441,1,261,262,3,512,41,471,0,0,41,479,16640,5219,11421,11421,0,353,4866,1139,384,50,1023,10,16,0,1048576,0.93690002,5165.85547,0.0139184762,1.28586066,inf,1.28586066,1.03588867,7,8,10,5,8,4,6,8,48,10
442,1,259,262,3,512,46,466,0,0,46,469,16480,7924,8556,8556,0,755,7169,1180,814,73,1023,10,16,0,1048576,0.904799998,3306.4856,0.00998714101,1.10907769,inf,1.10907769,1.00154114,5,9,4,5,53,9,1,48,48,245
443,1,260,262,3,512,327,185,0,0,328,190,16576,4862,11714,11714,0,870,3992,599,911,68,1023,10,16,0,1048576,0.930299997,4643.68652,0.00828338601,0.878143311,inf,0.878143311,0.504943848,4,7,4,4,3,4,4,3,4,4
444,1,259,262,3,512,60,452,0,0,60,456,16512,7659,8853,8853,0,816,6843,1100,873,64,1023,10,16,0,1048576,0.901899993,3198.43774,0.00974817201,0.659864128,inf,0.659864128,0.514190674,7,5,5,4,5,7,2,14,41,14
445,1,262,262,1,512,244,268,0,32,247,275,16704,2129,14575,14575,0,390,1739,1421,429,73,1023,10,16,0,1048576,0.904999971,3314.17944,0.00609575491,0.00691598048,0.00675007422,0.00691598048,0.000762939453,20,20,20,19,19,19,19,19,19,20
446,1,260,262,3,512,64,448,0,0,64,454,16576,11125,5451,5451,0,1181,9944,1514,1238,85,1023,10,16,0,1048576,0.912599981,3632.67529,0.0130009679,0.756149769,inf,0.756149769,0.635253906,77,38,68,36,23,29,9,6,6,46
447,1,260,262,3,512,42,470,0,0,43,474,16544,6670,9874,9874,0,490,6180,1215,530,67,1023,10,16,0,1048576,0.918300033,3910.43628,0.0132779777,0.730746269,inf,0.730746269,0.628204346,10,16,26,25,45,23,6,6,9,9
448,1,260,262,3,512,48,464,0,0,49,468,16544,6319,10225,10225,0,421,5898,1177,452,53,1023,10,16,0,1048576,0.93690002,5165.85547,0.0134738181,0.980606198,inf,0.980606198,0.862075806,9,10,9,5,26,15,44,63,19,9
449,1,259,262,3,512,21,491,0,0,21,495,16512,7518,8994,8994,0,255,7263,1269,286,39,1023,10,16,0,1048576,0.93690002,5165.85547,0.00799058098,1.11358142,inf,1.11358142,1.04359436,2,3,4,4,26,224,25,5,5,4
450,1,258,262,3,512,95,417,0,0,96,418,16448,6982,9466,9466,0,1131,5851,1003,1211,69,1023,10,16,0,1048576,0.860000014,2136.89648,0.00462751184,0.865238488,inf,0.865238488,0.715042114,3,12,29,7,6,15,6,3,4,64
451,1,262,262,1,512,446,66,5,0,451,71,16704,1625,15079,15079,0,1065,560,332,1145,123,1023,10,16,0,1048576,0.860000014,2136.89648,0.00396698806,0.00300598145,0.00300598145,0.00300598145,0.000396728516,9,9,9,10,9,9,10,9,9,10
452,1,259,262,3,512,76,436,0,0,76,440,16512,9554,6958,6958,0,1307,8247,1248,1377,71,1023,10,16,0,1048576,0.875800014,2453.06934,0.00921292882,0.648769796,inf,0.648769796,0.55859375,23,10,8,4,6,6,105,24,6,34
453,1,259,262,3,512,68,444,0,0,68,447,16480,10133,6347,6347,0,1137,8996,1288,1229,75,1023,10,16,0,1048576,0.827800035,1672.16089,0.0063498388,0.947710335,inf,0.947710335,0.82208252,7,6,40,6,14,5,6,2,63,54
454,1,260,262,3,512,66,446,0,0,67,450,16544,9868,6676,6676,0,1059,8809,1383,1121,67,1023,10,16,0,1048576,0.887099981,2733.47144,0.00858811289,0.59765625,inf,0.59765625,0.512542725,2,88,35,47,11,16,34,26,10,62
455,1,260,262,3,512,36,476,0,0,36,482,16576,2867,13709,13709,0,264,2603,840,326,61,1023,10,16,0,1048576,0.887099981,2733.47144,0.00593065098,1.30447137,inf,1.30447137,1.07159424,7,7,6,5,7,13,10,8,4,6
456,1,258,262,3,512,208,304,0,0,208,306,16448,5405,11043,11043,0,1955,3450,688,2067,74,1023,10,16,0,1048576,0.81220001,1504.31873,0.0026496402,0.466898292,inf,0.466898292,0.349411011,2,2,2,3,7,3,9,6,10,10
457,1,260,262,3,512,409,103,0,0,410,107,16544,5081,11463,11463,0,2389,2692,441,2481,74,1023,10,16,0,1048576,0.827800035,1672.16089,0.00487025781,0.741790771,inf,0.741790771,0.317230225,3,3,4,3,3,2,4,4,3,4
458,1,259,262,3,512,88,424,0,0,88,428,16512,10703,5809,5809,0,1450,9253,1326,1530,72,1023,10,16,0,1048576,0.87529999,2441.83569,0.00901932269,0.920960844,inf,0.920960844,0.787597656,9,7,2,76,10,29,23,16,3,3
459,1,260,262,3,512,137,375,0,0,141,377,16576,9896,6680,6680,0,2502,7394,976,2594,89,1023,10,16,0,1048576,0.827800035,1672.16089,0.0039550974,1.20199203,inf,1.20199203,0.771621704,8,7,8,8,8,8,8,9,7,9
460,1,260,262,3,512,54,458,0,0,54,463,16544,5748,10796,10796,0,672,5076,1023,734,59,1023,10,16,0,1048576,0.887099981,2733.47144,0.00543479109,1.08275104,inf,1.08275104,0.925354004,4,4,4,5,4,12,6,9,9,16
461,1,260,262,3,512,236,276,0,0,236,281,16544,5503,11041,11041,0,1791,3712,690,1830,68,1023,10,16,0,1048576,0.904999971,3314.17944,0.00741084851,0.680949032,inf,0.680949032,0.417449951,8,8,5,5,4,3,4,12,3,7
462,1,262,262,2,512,128,384,0,0,131,391,16704,6892,9812,9812,0,1857,5035,1087,1969,90,1023,10,16,0,1048576,0.81220001,1504.31873,0.00309363054,1.10175693,inf,1.10175693,0.92137146,5,7,10,10,18,9,20,14,19,6
463,1,259,262,3,512,93,419,0,0,94,422,16512,5985,10527,10527,0,970,5015,1043,1050,68,1023,10,16,0,1048576,0.860000014,2136.89648,0.00468461448,1.24018872,inf,1.24018872,1.05233765,4,4,6,2,61,6,12,9,80,4
464,1,259,262,3,512,63,449,0,0,64,451,16480,10657,5823,5823,0,1054,9603,1404,1093,63,1023,10,16,0,1048576,0.904999971,3314.17944,0.0133780176,0.980998874,inf,0.980998874,0.856643677,14,5,25,28,16,10,67,73,12,2
465,1,260,262,3,512,135,377,0,0,136,381,16544,11367,5177,5177,0,2306,9061,1283,2398,83,1023,10,16,0,1048576,0.827800035,1672.16089,0.00426115328,0.860340238,inf,0.860340238,0.71635437,14,21,2,14,28,3,4,28,12,18
466,1,260,262,3,512,88,424,0,0,89,428,16544,8504,8040,8040,0,1411,7093,1144,1491,76,1023,10,16,0,1048576,0.87529999,2441.83569,0.00921633188,1.07499695,inf,1.07499695,0.913650513,11,3,2,6,5,26,5,24,9,46
467,0.899999976,259,262,3,512,80,432,0,0,80,436,16512,11634,4878,4878,0,1544,10090,1345,1614,73,991,10,16,0,1048576,0.875800014,2453.06934,0.00604796736,1.04037476,inf,1.04037476,0.883834839,2,8,7,23,11,4294967295,4,4,16,3
468,1,259,262,3,512,134,378,0,0,135,381,16512,11590,4922,4922,0,2344,9246,1234,2436,75,1023,10,16,0,1048576,0.827800035,1672.16089,0.00537681859,0.944555283,inf,0.944555283,0.766174316,8,6,7,3,4,13,4,90,46,91
469,1,259,262,3,512,212,300,0,0,212,304,16512,3527,12985,12985,0,1146,2381,563,1238,74,1023,10,16,0,1048576,0.827800035,1672.16089,0.00494559016,0.722213745,inf,0.722213745,0.393539429,6,4,5,7,5,5,5,6,4,3
470,1,259,262,3,512,68,444,0,0,68,448,16512,9519,6993,6993,0,824,8695,1382,863,82,1023,10,16,0,1048576,0.904999971,3314.17944,0.0125537068,0.776222229,inf,0.776222229,0.658477783,33,4,10,5,5,36,32,166,75,30
471,1,258,262,3,512,164,348,0,0,164,349,16416,5308,11108,11108,0,1517,3791,713,1629,59,1023,10,16,0,1048576,0.81220001,1504.31873,0.00433657132,0.57307744,inf,0.57307744,0.410598755,2,2,0,2,8,8,8,2,6,0
472,1,259,262,3,512,107,405,0,0,107,409,16512,9949,6563,6563,0,1676,8273,1312,1788,79,1023,10,16,0,1048576,0.81220001,1504.31873,0.00542283989,0.711218119,inf,0.711218119,0.609985352,5,5,20,26,3,19,4,18,4,30
473,1,258,262,3,512,507,5,0,0,509,5,16448,1292,15156,15156,0,1183,109,15,1263,71,1023,10,16,0,1048576,0.860000014,2136.89648,0.00402079616,0.0109710693,inf,0.0109710693,0.00129699707,3,3,3,3,3,3,3,3,2,3
474,1,259,262,3,512,103,409,0,0,103,412,16480,11028,5452,5452,0,1757,9271,1344,1837,80,1023,10,16,0,1048576,0.860000014,2136.89648,0.00702527491,0.952459872,inf,0.952459872,0.840789795,41,16,53,13,42,33,4,62,62,12
475,0.899999976,259,262,3,512,88,424,0,0,89,427,16512,11332,5180,5180,0,1630,9702,1418,1710,79,1015,10,16,0,1048576,0.860000014,2136.89648,0.00459530018,1.22970819,inf,1.22970819,1.07992554,18,25,11,4294967295,19,85,3,51,67,59
476,1,262,262,1,512,70,442,0,6,74,448,16704,3465,13239,13239,0,351,3114,918,413,77,1023,10,16,0,1048576,0.887099981,2733.47144,0.0050063571,1.45053244,1.41647482,1.45053244,0.366867065,11,11,11,13,10,11,15,13,13,11
477,1,259,262,3,512,124,388,0,0,124,392,16512,11321,5191,5191,0,2168,9153,1295,2260,79,1023,10,16,0,1048576,0.827800035,1672.16089,0.00701995427,0.736785889,inf,0.736785889,0.595901489,13,5,13,12,1,26,25,9,1,41
478,1,260,262,3,512,46,466,0,0,46,471,16544,9775,6769,6769,0,914,8861,1408,976,65,1023,10,16,0,1048576,0.887099981,2733.47144,0.0100197382,0.875406682,inf,0.875406682,0.798446655,6,15,10,25,2,10,7,10,156,6
479,1,261,262,3,512,86,426,0,0,86,433,16608,9428,7180,7180,0,1411,8017,1358,1491,89,1023,10,16,0,1048576,0.860000014,2136.89648,0.00940217357,1.18850982,inf,1.18850982,1.04553223,54,28,25,4,6,7,127,17,119,5
480,1,259,262,3,512,96,416,0,0,97,418,16480,8970,7510,7510,0,1206,7764,1152,1286,65,1023,10,16,0,1048576,0.860000014,2136.89648,0.00710250996,0.724524975,inf,0.724524975,0.608886719,13,8,7,3,15,7,41,13,4,49
481,1,259,262,3,512,61,451,0,0,61,455,16512,10609,5903,5903,0,1228,9381,1414,1290,75,1023,10,16,0,1048576,0.887099981,2733.47144,0.0109805539,0.765310764,inf,0.765310764,0.68157959,8,39,6,13,25,62,80,19,116,19
482,1,260,262,3,512,61,451,0,0,62,455,16544,6452,10092,10092,0,768,5684,1142,848,76,1023,10,16,0,1048576,0.860000014,2136.89648,0.00450744992,1.19861448,inf,1.19861448,1.06463623,5,4,7,32,27,27,27,11,68,7
483,1,259,262,3,512,70,442,0,0,70,445,16480,9555,6925,6925,0,1330,8225,1264,1406,58,1023,10,16,0,1048576,0.869400024,2315.78125,0.00845831726,0.95926398,inf,0.95926398,0.863250732,13,13,12,2,4,33,5,47,1,20
484,1,259,262,3,512,115,397,0,0,116,400,16512,10865,5647,5647,0,2189,8676,1270,2281,80,1023,10,16,0,1048576,0.827800035,1672.16089,0.00545830932,1.2049365,inf,1.2049365,1.09526062,23,6,19,8,6,4,30,22,17,2
485,1,258,262,3,512,66,446,0,0,66,448,16448,8192,8256,8256,0,1034,7158,1134,1114,62,1023,10,16,0,1048576,0.860000014,2136.89648,0.00609259773,0.705385447,inf,0.705385447,0.597442627,5,4,3,10,11,8,7,35,3,3
486,1,260,262,3,512,79,433,0,0,81,436,16544,6090,10454,10454,0,890,5200,1036,970,68,1023,10,16,0,1048576,0.860000014,2136.89648,0.0045418581,1.0044198,inf,1.0044198,0.878967285,6,11,6,14,16,42,8,4,6,18
487,1,259,262,3,512,69,443,0,0,71,444,16480,9129,7351,7351,0,1175,7954,1301,1255,72,1023,10,16,0,1048576,0.860000014,2136.89648,0.00859889202,0.947823107,inf,0.947823107,0.839309692,6,4,2,6,13,4,38,11,126,3
488,1,262,262,2,512,69,443,0,0,69,453,16704,2953,13751,13751,0,419,2534,978,499,86,1023,10,16,0,1048576,0.860000014,2136.89648,0.00488813454,0.508306086,inf,0.508306086,0.382171631,9,8,9,18,15,6,8,8,7,6
489,1,260,262,3,512,57,455,0,0,58,459,16544,10458,6086,6086,0,1157,9301,1409,1234,69,1023,10,16,0,1048576,0.869199991,2311.70679,0.00589169469,0.9922961,inf,0.9922961,0.881439209,6,24,24,20,18,32,15,10,30,32
490,1,259,262,3,512,76,436,0,0,76,439,16480,8440,8040,8040,0,1051,7389,1165,1113,70,1023,10,16,0,1048576,0.887099981,2733.47144,0.00671283575,0.517531335,inf,0.517531335,0.448944092,7,3,11,8,11,23,4,13,19,23
491,1,260,262,3,512,71,441,0,0,71,446,16544,6154,10390,10390,0,731,5423,1001,793,68,1023,10,16,0,1048576,0.887099981,2733.47144,0.0110603878,0.867446363,inf,0.867446363,0.683990479,3,4,7,3,9,6,6,16,19,9
492,1,260,262,3,512,89,423,0,0,89,428,16544,10834,5710,5710,0,1345,9489,1340,1407,74,1023,10,16,0,1048576,0.887099981,2733.47144,0.00965685677,0.986097276,inf,0.986097276,0.874588013,65,60,20,102,16,6,80,21,5,23
493,1,259,262,3,512,96,416,0,0,97,418,16480,5948,10532,10532,0,1014,4934,820,1126,69,1023,10,16,0,1048576,0.81220001,1504.31873,0.00436118012,0.738677979,inf,0.738677979,0.526031494,2,3,2,16,3,4,7,3,3,4
494,1,259,262,3,512,57,455,0,0,57,459,16512,5881,10631,10631,0,688,5193,1057,764,66,1023,10,16,0,1048576,0.869400024,2315.78125,0.00999666192,0.665267944,inf,0.665267944,0.525848389,14,3,3,9,8,11,3,14,4,7
495,1,260,262,3,512,95,417,0,0,96,422,16576,8939,7637,7637,0,1456,7483,1169,1536,75,1023,10,16,0,1048576,0.860000014,2136.89648,0.00586308911,0.739642978,inf,0.739642978,0.623703003,6,3,7,4,3,15,5,18,53,41
496,1,260,262,3,512,63,449,0,0,63,454,16544,11205,5339,5339,0,1277,9928,1361,1347,76,1023,10,16,0,1048576,0.875800014,2453.06934,0.00721970107,1.10043561,inf,1.10043561,0.99937439,7,7,105,76,4,13,37,2,0,37
497,1,259,262,3,512,71,441,0,0,71,444,16480,6324,10156,10156,0,832,5492,1018,912,68,1023,10,16,0,1048576,0.860000014,2136.89648,0.00936739892,1.31481934,inf,1.31481934,1.11820984,42,13,5,12,17,9,6,9,5,7
498,1,259,262,3,512,53,459,0,0,53,463,16512,8461,8051,8051,0,1043,7418,1177,1123,72,1023,10,16,0,1048576,0.87529999,2441.83569,0.0102837766,0.592132211,inf,0.592132211,0.489089966,6,3,9,4,10,7,3,6,6,11
499,1,260,262,3,512,56,456,0,0,56,461,16544,7749,8795,8795,0,987,6762,1194,1067,78,1023,10,16,0,1048576,0.860000014,2136.89648,0.00569141516,0.856719851,inf,0.856719851,0.735671997,12,2,7,7,6,4,52,52,8,40
500,0.400000006,262,262,1,512,4,508,0,508,4,518,16704,13667,3037,3037,0,4,13663,12809,4,4,15,4,16,0,1048576,0.999899983,3478694,10.6601353,1.44435346,1.40635741,1.44435346,inf,68,69,69,85,4294967295,4294967295,4294967295,4294967295,4294967295,4294967295
501,0,262,262,1,512,0,512,0,512,0,522,16704,11457,5247,5247,0,0,11457,10528,0,0,0,0,16,0,1048576,0.999899983,3478694,8.89124203,1.89937532,1.84445727,1.89937532,inf,4294967295,4294967295,4294967295,4294967295,4294967295,4294967295,4294967295,4294967295,4294967295,4294967295
502,1,262,262,1,512,48,464,0,464,49,473,16704,12312,4392,4392,0,49,12263,11880,49,25,1023,10,16,0,1048576,0.999899983,3478694,12.4981518,1.15516019,1.10881114,1.15516019,0.554870605,72,65,66,65,64,70,63,64,65,64
503,0.200000003,262,262,1,512,2,510,0,510,3,519,16704,12217,4487,4487,0,3,12214,11489,3,3,129,3,16,0,1048576,0.999899983,3478694,7.64851809,1.44790184,1.40464365,1.44790184,inf,150,4294967295,4294967295,4294967295,4294967295,4294967295,4294967295,192,4294967295,4294967295
504,1,262,262,1,512,22,490,0,490,22,500,16704,10665,6039,6039,0,22,10643,10099,22,17,1023,10,16,0,1048576,0.999899983,3478694,8.9383173,1.28493655,1.22668433,1.28493655,0.485336304,73,72,73,71,73,74,72,73,73,72
505,0.400000006,262,262,1,512,4,508,0,508,4,518,16704,13489,3215,3215,0,4,13485,12173,4,4,71,4,16,0,1048576,0.999899983,3478694,8.53966808,1.41484809,1.37695599,1.41484809,inf,114,66,72,4294967295,4294967295,4294967295,151,4294967295,4294967295,4294967295
506,1,262,262,1,512,35,477,0,477,36,486,16704,11280,5424,5424,0,37,11243,10595,37,25,1023,10,16,0,1048576,0.999899983,3478694,7.93573618,1.38935423,1.33193433,1.38935423,0.807235718,69,64,160,92,91,105,109,110,104,105
507,0,262,262,1,512,0,512,0,512,1,521,16704,12771,3933,3933,0,1,12770,12133,1,1,0,1,16,0,1048576,0.999899983,3478694,13.4509764,1.36897302,1.32815278,1.36897302,inf,4294967295,4294967295,4294967295,4294967295,4294967295,4294967295,4294967295,4294967295,4294967295,4294967295
508,0.800000012,262,262,1,512,30,482,4,482,27,495,16704,13972,2732,2732,0,36,13936,12741,36,15,1003,10,16,0,1048576,0.999899983,3478694,9.95937157,1.48174763,1.42934871,1.48174763,1.19741821,83,84,4294967295,246,4294967295,245,244,244,244,245
509,0,262,262,1,512,0,512,0,512,0,522,16704,10210,6494,6494,0,0,10210,9802,0,0,0,0,16,0,1048576,0.999899983,3478694,11.9782391,1.55592895,1.48990941,1.55592895,inf,4294967295,4294967295,4294967295,4294967295,4294967295,4294967295,4294967295,4294967295,4294967295,4294967295
510,0.400000006,262,262,1,512,4,508,0,508,4,518,16704,12504,4200,4200,0,4,12500,11615,4,4,71,4,16,0,1048576,0.999899983,3478694,8.4377718,1.65989041,1.60959184,1.65989041,inf,119,258,82,4294967295,4294967295,4294967295,213,4294967295,4294967295,4294967295
511,0,262,262,1,512,0,512,0,512,0,522,16704,12921,3783,3783,0,0,12921,12052,0,0,0,0,16,0,1048576,0.999899983,3478694,9.68496513,1.746176,1.70624673,1.746176,inf,4294967295,4294967295,4294967295,4294967295,4294967295,4294967295,4294967295,4294967295,4294967295,4294967295
512,1,262,262,1,512,75,437,0,437,83,439,16704,10939,5765,5765,0,83,10856,10169,83,27,1023,10,16,0,1048576,0.999899983,3478694,7.82728481,1.31978655,1.27054286,1.31978655,0.788604736,69,74,112,70,127,89,88,79,133,154
513,0.699999988,262,262,1,512,13,499,0,499,24,498,16704,13815,2889,2889,0,39,13776,12283,39,16,415,10,16,0,1048576,0.999899983,3478694,9.29138088,1.73016119,1.68275273,1.73016119,1.65664673,82,122,200,123,140,4294967295,4294967295,144,139,4294967295
514,0,262,262,1,512,0,512,0,512,0,522,16704,9755,6949,6949,0,0,9755,9029,0,0,0,0,16,0,1048576,0.999899983,3478694,6.00863504,2.17445707,2.12803197,2.17445707,inf,4294967295,4294967295,4294967295,4294967295,4294967295,4294967295,4294967295,4294967295,4294967295,4294967295
515,1,262,262,1,512,79,433,0,433,79,443,16704,10569,6135,6135,0,79,10490,9937,79,12,1023,10,16,0,1048576,0.999899983,3478694,7.80225754,1.18577921,1.12099481,1.18577921,0.318481445,72,73,72,72,73,72,72,72,73,71
516,0,262,262,1,512,0,512,0,512,0,522,16704,14094,2610,2610,0,0,14094,13269,0,0,0,0,16,0,1048576,0.999899983,3478694,12.2332792,1.56719589,1.53511584,1.56719589,inf,4294967295,4294967295,4294967295,4294967295,4294967295,4294967295,4294967295,4294967295,4294967295,4294967295
517,1,262,262,1,512,30,482,0,482,74,448,16704,12636,4068,4068,0,111,12525,11666,111,18,1023,10,16,0,1048576,0.999899983,3478694,10.349678,1.54016101,1.50054383,1.54016101,1.25411987,81,83,82,83,83,82,87,88,87,88
518,0,262,262,1,512,0,512,0,512,0,522,16704,10935,5769,5769,0,0,10935,10533,0,0,0,0,16,0,1048576,0.999899983,3478694,11.0721922,1.29317582,1.23306715,1.29317582,inf,4294967295,4294967295,4294967295,4294967295,4294967295,4294967295,4294967295,4294967295,4294967295,4294967295
519,0.100000001,262,262,1,512,1,511,0,511,1,521,16704,12384,4320,4320,0,1,12383,11896,1,1,1,1,16,0,1048576,0.999899983,3478694,13.6401701,1.32065618,1.26950896,1.32065618,inf,71,4294967295,4294967295,4294967295,4294967295,4294967295,4294967295,4294967295,4294967295,4294967295
520,0.5,262,262,1,512,21,491,0,491,64,458,16704,12242,4462,4462,0,64,12178,11810,64,28,346,10,16,0,1048576,0.999899983,3478694,9.99512482,0.961261749,0.930676937,0.961261749,0.871383667,4294967295,12,4294967295,11,7,4294967295,25,4294967295,7,4294967295
521,0,262,262,1,512,0,512,0,512,0,522,16704,12702,4002,4002,0,0,12702,11947,0,0,0,0,16,0,1048576,0.999899983,3478694,8.31114578,1.65794504,1.60429382,1.65794504,inf,4294967295,4294967295,4294967295,4294967295,4294967295,4294967295,4294967295,4294967295,4294967295,4294967295
522,0.800000012,262,262,1,512,30,482,0,482,97,425,16704,13890,2814,2814,0,104,13786,12643,104,32,957,10,16,0,1048576,0.999899983,3478694,14.7512035,1.49240386,1.45586944,1.49240386,1.36846924,34,4294967295,32,242,31,65,4294967295,32,27,60
523,0.300000012,262,262,1,512,3,509,0,509,3,519,16704,13277,3427,3427,0,3,13274,12188,3,3,7,3,16,0,1048576,0.999899983,3478694,9.57234192,1.68429637,1.64815378,1.68429637,inf,183,138,138,4294967295,4294967295,4294967295,4294967295,4294967295,4294967295,4294967295
524,0.100000001,262,262,1,512,1,511,0,511,1,521,16704,12349,4355,4355,0,1,12348,11788,1,1,1,1,16,0,1048576,0.999899983,3478694,11.7586546,1.29592502,1.24843359,1.29592502,inf,113,4294967295,4294967295,4294967295,4294967295,4294967295,4294967295,4294967295,4294967295,4294967295
525,0,262,262,1,512,0,512,0,512,1,521,16704,13399,3305,3305,0,1,13398,11971,1,1,0,1,16,0,1048576,0.999899983,3478694,8.62190151,1.43970895,1.38206744,1.43970895,inf,4294967295,4294967295,4294967295,4294967295,4294967295,4294967295,4294967295,4294967295,4294967295,4294967295
526,0.100000001,262,262,1,512,1,511,0,511,1,521,16704,13481,3223,3223,0,1,13480,12780,1,1,4,1,16,0,1048576,0.999899983,3478694,11.7509079,1.2975291,1.25597155,1.2975291,inf,4294967295,4294967295,230,4294967295,4294967295,4294967295,4294967295,4294967295,4294967295,4294967295
527,0,262,262,1,512,0,512,0,512,0,522,16704,13420,3284,3284,0,0,13420,12587,0,0,0,0,16,0,1048576,0.999899983,3478694,10.5117598,1.53707218,1.49182642,1.53707218,inf,4294967295,4294967295,4294967295,4294967295,4294967295,4294967295,4294967295,4294967295,4294967295,4294967295
528,0.400000006,262,262,1,512,4,508,0,508,4,518,16704,10047,6657,6657,0,4,10043,9367,4,4,15,4,16,0,1048576,0.999899983,3478694,7.88359594,1.82833648,1.76464093,1.82833648,inf,64,63,63,238,4294967295,4294967295,4294967295,4294967295,4294967295,4294967295
529,0,262,262,1,512,0,512,0,512,0,522,16704,14240,2464,2464,0,0,14240,13119,0,0,0,0,16,0,1048576,0.999899983,3478694,11.7345209,1.50356817,1.46282184,1.50356817,inf,4294967295,4294967295,4294967295,4294967295,4294967295,4294967295,4294967295,4294967295,4294967295,4294967295
530,0.200000003,262,262,1,512,3,509,0,509,3,519,16704,13115,3589,3589,0,3,13112,11984,3,3,17,3,16,0,1048576,0.999899983,3478694,9.73174191,1.71257937,1.67158973,1.71257937,inf,76,4294967295,4294967295,4294967295,188,4294967295,4294967295,4294967295,4294967295,4294967295
531,1,262,262,1,512,33,479,0,479,49,473,16704,13526,3178,3178,0,50,13476,12429,50,21,1023,10,16,0,1048576,0.999899983,3478694,9.79222488,1.63470232,1.59270203,1.63470232,1.31863403,115,74,88,76,91,89,96,92,92,89
532,1,262,262,1,512,110,402,0,402,139,383,16704,11198,5506,5506,0,144,11054,10432,144,15,1023,10,16,0,1048576,0.999899983,3478694,6.39715385,1.20070386,1.15644455,1.20070386,0.581390381,61,61,61,62,63,63,61,63,62,73
533,0,262,262,1,512,0,512,0,512,0,522,16704,14006,2698,2698,0,0,14006,12778,0,0,0,0,16,0,1048576,0.999899983,3478694,9.64086914,1.52463508,1.48237729,1.52463508,inf,4294967295,4294967295,4294967295,4294967295,4294967295,4294967295,4294967295,4294967295,4294967295,4294967295
534,0,262,262,1,512,0,512,0,512,0,522,16704,10415,6289,6289,0,0,10415,9914,0,0,0,0,16,0,1048576,0.999899983,3478694,9.19246387,2.21062493,2.16452408,2.21062493,inf,4294967295,4294967295,4294967295,4294967295,4294967295,4294967295,4294967295,4294967295,4294967295,4294967295
535,1,262,262,1,512,60,452,0,452,85,437,16704,10760,5944,5944,0,102,10658,9721,102,19,1023,10,16,0,1048576,0.999899983,3478694,9.40191841,1.64022124,1.58997393,1.64022124,1.19033813,117,117,117,117,119,116,116,115,118,116
536,0.100000001,262,262,1,512,1,511,0,511,1,521,16704,12928,3776,3776,0,1,12927,11778,1,1,1,1,16,0,1048576,0.999899983,3478694,8.48216534,1.59355545,1.54184484,1.59355545,inf,118,4294967295,4294967295,4294967295,4294967295,4294967295,4294967295,4294967295,4294967295,4294967295
537,0,262,262,1,512,0,512,0,512,0,522,16704,12641,4063,4063,0,0,12641,11441,0,0,0,0,16,0,1048576,0.999899983,3478694,7.34759474,2.07086849,2.01802158,2.07086849,inf,4294967295,4294967295,4294967295,4294967295,4294967295,4294967295,4294967295,4294967295,4294967295,4294967295
538,1,262,262,1,512,95,417,0,417,107,415,16704,11468,5236,5236,0,108,11360,10754,108,16,1023,10,16,0,1048576,0.999899983,3478694,10.2036858,1.14262545,1.10099578,1.14262545,0.560852051,74,76,76,75,88,76,76,77,76,75
539,0.100000001,262,262,1,512,1,511,0,511,1,521,16704,11995,4709,4709,0,1,11994,11535,1,1,1,1,16,0,1048576,0.999899983,3478694,10.1780624,1.36377811,1.32332599,1.36377811,inf,101,4294967295,4294967295,4294967295,4294967295,4294967295,4294967295,4294967295,4294967295,4294967295
540,1,262,262,1,512,131,381,0,381,147,375,16704,11856,4848,4848,0,148,11708,10981,148,21,1023,10,16,0,1048576,0.999899983,3478694,7.8105998,1.26328182,1.22117829,1.26328182,0.798019409,71,73,77,72,106,72,81,79,203,74
541,1,262,262,1,512,46,466,0,466,53,469,16704,14132,2572,2572,0,63,14069,12767,63,15,1023,10,16,0,1048576,0.999899983,3478694,10.3380585,1.5839678,1.54587913,1.5839678,1.03775024,73,74,74,74,77,75,74,74,83,75
542,1,262,262,1,512,48,464,0,464,51,471,16704,13511,3193,3193,0,51,13460,12343,51,20,1023,10,16,0,1048576,0.999899983,3478694,7.91041088,1.46046376,1.40558648,1.46046376,0.95866394,77,78,75,75,73,70,82,71,72,77
543,1,262,262,1,512,83,429,0,429,83,439,16704,10933,5771,5771,0,83,10850,10451,83,19,1023,10,16,0,1048576,0.999899983,3478694,11.2649612,1.2044214,1.14682889,1.2044214,0.503921509,74,74,73,75,75,77,83,82,74,75
544,0.100000001,262,262,1,512,1,511,0,511,1,521,16704,10730,5974,5974,0,1,10729,10447,1,1,1,1,16,0,1048576,0.999899983,3478694,13.6199102,1.27399063,1.20868373,1.27399063,inf,166,4294967295,4294967295,4294967295,4294967295,4294967295,4294967295,4294967295,4294967295,4294967295
545,0,262,262,1,512,0,512,0,512,0,522,16704,12394,4310,4310,0,0,12394,11432,0,0,0,0,16,0,1048576,0.999899983,3478694,7.56688166,2.1314168,2.08929062,2.1314168,inf,4294967295,4294967295,4294967295,4294967295,4294967295,4294967295,4294967295,4294967295,4294967295,4294967295
546,0.400000006,262,262,1,512,4,508,0,508,4,518,16704,14387,2317,2317,0,4,14383,13055,4,4,39,4,16,0,1048576,0.999899983,3478694,10.5692625,1.53983963,1.50865149,1.53983963,inf,71,72,72,4294967295,4294967295,73,4294967295,4294967295,4294967295,4294967295
547,1,262,262,1,512,123,389,0,389,125,397,16704,7641,9063,9063,0,125,7516,7007,125,26,1023,10,16,0,1048576,0.999899983,3478694,6.55417013,1.51439691,1.44485927,1.51439691,0.539810181,53,54,54,54,52,52,54,53,52,54
548,0.699999988,262,262,1,512,23,489,0,489,23,499,16704,11869,4835,4835,0,23,11846,11445,23,18,995,10,16,0,1048576,0.999899983,3478694,12.0002871,1.38028169,1.32741439,1.38028169,1.02008057,248,89,4294967295,4294967295,4294967295,251,73,220,131,74
549,0.100000001,262,262,1,512,1,511,0,511,1,521,16704,13941,2763,2763,0,2,13939,12926,2,2,2,2,16,0,1048576,0.999899983,3478694,9.99095345,1.30024195,1.26756835,1.30024195,inf,4294967295,136,4294967295,4294967295,4294967295,4294967295,4294967295,4294967295,4294967295,4294967295
550,0,262,262,1,512,0,512,0,512,0,522,16704,12902,3802,3802,0,0,12902,12391,0,0,0,0,16,0,1048576,0.999899983,3478694,12.2565193,1.31742454,1.27756703,1.31742454,inf,4294967295,4294967295,4294967295,4294967295,4294967295,4294967295,4294967295,4294967295,4294967295,4294967295
551,0,262,262,1,512,0,512,0,512,0,522,16704,13464,3240,3240,0,0,13464,12856,0,0,0,0,16,0,1048576,0.999899983,3478694,15.4418373,1.25726783,1.21869707,1.25726783,inf,4294967295,4294967295,4294967295,4294967295,4294967295,4294967295,4294967295,4294967295,4294967295,4294967295
552,1,262,262,1,512,30,482,0,482,30,492,16704,11596,5108,5108,0,31,11565,10844,31,15,1023,10,16,0,1048576,0.999899983,3478694,11.0072403,1.59313357,1.53183222,1.59313357,0.563415527,71,70,72,72,72,71,72,71,72,72
553,0.5,262,262,1,512,5,507,0,507,5,517,16704,12013,4691,4691,0,5,12008,11603,5,5,31,5,16,0,1048576,0.999899983,3478694,11.9493389,1.22460938,1.17970192,1.22460938,inf,98,0,99,1,1,4294967295,4294967295,4294967295,4294967295,4294967295
554,0.200000003,262,262,1,512,2,510,0,510,2,520,16704,13760,2944,2944,0,2,13758,13138,2,2,3,2,16,0,1048576,0.999899983,3478694,16.1765671,1.4113121,1.36619902,1.4113121,inf,85,107,4294967295,4294967295,4294967295,4294967295,4294967295,4294967295,4294967295,4294967295
555,0,262,262,1,512,0,512,0,512,0,522,16704,11306,5398,5398,0,0,11306,10907,0,0,0,0,16,0,1048576,0.999800026,1739691,6.34239483,1.25738943,1.20306849,1.25738943,inf,4294967295,4294967295,4294967295,4294967295,4294967295,4294967295,4294967295,4294967295,4294967295,4294967295
556,0.699999988,262,262,1,512,8,504,0,504,8,514,16704,13474,3230,3230,0,8,13466,11983,8,8,431,8,16,0,1048576,0.999899983,3478694,8.21908092,1.6948843,1.65641177,1.6948843,inf,70,70,71,166,4294967295,104,4294967295,104,72,4294967295
557,0,262,262,1,512,0,512,0,512,0,522,16704,9343,7361,7361,0,0,9343,8582,0,0,0,0,16,0,1048576,0.999899983,3478694,6.95311737,1.99232793,1.94184923,1.99232793,inf,4294967295,4294967295,4294967295,4294967295,4294967295,4294967295,4294967295,4294967295,4294967295,4294967295
558,0.300000012,262,262,1,512,3,509,0,509,3,519,16704,12692,4012,4012,0,3,12689,12272,3,3,11,3,16,0,1048576,0.999899983,3478694,8.92312241,1.04029298,0.991615295,1.04029298,inf,90,136,4294967295,170,4294967295,4294967295,4294967295,4294967295,4294967295,4294967295
559,0.200000003,262,262,1,512,2,510,0,510,4,518,16704,10332,6372,6372,0,4,10328,9636,4,4,3,4,16,0,1048576,0.999899983,3478694,7.74832964,1.28762925,1.21525574,1.28762925,inf,71,107,4294967295,4294967295,4294967295,4294967295,4294967295,4294967295,4294967295,4294967295
560,0.899999976,262,262,1,512,34,478,0,478,39,483,16704,14493,2211,2211,0,42,14451,12842,42,21,1007,10,16,0,1048576,0.999800026,1739691,5.30236483,1.64670515,1.60685015,1.64670515,1.33683777,72,159,159,165,4294967295,81,86,149,153,168
561,0,262,262,1,512,0,512,0,512,0,522,16704,14279,2425,2425,0,0,14279,13254,0,0,0,0,16,0,1048576,0.999899983,3478694,13.8797169,1.32416236,1.27277732,1.32416236,inf,4294967295,4294967295,4294967295,4294967295,4294967295,4294967295,4294967295,4294967295,4294967295,4294967295
562,0.100000001,262,262,1,512,1,511,0,511,1,521,16704,10407,6297,6297,0,1,10406,9993,1,1,1,1,16,0,1048576,0.999899983,3478694,11.0367365,1.31992316,1.26338625,1.31992316,inf,71,4294967295,4294967295,4294967295,4294967295,4294967295,4294967295,4294967295,4294967295,4294967295
563,0.600000024,262,262,1,512,6,506,0,506,6,516,16704,11331,5373,5373,0,6,11325,10790,6,6,63,6,16,0,1048576,0.999899983,3478694,7.4748168,1.41257524,1.35290837,1.41257524,inf,58,58,59,58,88,74,4294967295,4294967295,4294967295,4294967295
564,0.600000024,262,262,1,512,48,464,0,464,71,451,16704,14606,2098,2098,0,92,14514,13271,92,22,745,10,16,0,1048576,0.999899983,3478694,12.5050039,1.65652156,1.61519587,1.65652156,1.40713501,156,4294967295,4294967295,109,4294967295,157,157,159,4294967295,110
565,1,262,262,1,512,23,489,0,489,124,398,16704,11997,4707,4707,0,135,11862,10953,135,32,1023,10,16,0,1048576,0.999899983,3478694,8.48901844,1.46100426,1.41733789,1.46100426,1.13824463,13,13,10,9,10,229,11,12,12,113
566,0,262,262,1,512,0,512,0,512,0,522,16704,12419,4285,4285,0,0,12419,11420,0,0,0,0,16,0,1048576,0.999899983,3478694,9.66947174,1.6501174,1.60666239,1.6501174,inf,4294967295,4294967295,4294967295,4294967295,4294967295,4294967295,4294967295,4294967295,4294967295,4294967295
567,1,262,262,1,512,92,420,0,420,138,384,16704,12191,4513,4513,0,145,12046,10824,145,21,1023,10,16,0,1048576,0.999899983,3478694,7.59101486,1.67297924,1.62262642,1.67297924,0.958648682,74,75,75,75,76,83,84,73,76,75
568,0.100000001,262,262,1,512,1,511,0,511,1,521,16704,10160,6544,6544,0,1,10159,9536,1,1,1,1,16,0,1048576,0.999899983,3478694,7.23258877,1.66637123,1.59039986,1.66637123,inf,66,4294967295,4294967295,4294967295,4294967295,4294967295,4294967295,4294967295,4294967295,4294967295
569,0,262,262,1,512,0,512,0,512,0,522,16704,13912,2792,2792,0,0,13912,12583,0,0,0,0,16,0,1048576,0.999899983,3478694,8.78666401,1.30035484,1.25446546,1.30035484,inf,4294967295,4294967295,4294967295,4294967295,4294967295,4294967295,4294967295,4294967295,4294967295,4294967295
570,0.300000012,262,262,1,512,3,509,0,509,4,518,16704,13271,3433,3433,0,4,13267,12445,4,4,7,4,16,0,1048576,0.999899983,3478694,11.9707909,1.497141,1.46019173,1.497141,inf,80,79,79,4294967295,4294967295,4294967295,4294967295,4294967295,4294967295,4294967295
571,0.400000006,262,262,1,512,4,508,0,508,4,518,16704,14191,2513,2513,0,4,14187,12713,4,4,533,4,16,0,1048576,0.999899983,3478694,9.51454067,1.47794271,1.43250799,1.47794271,inf,214,4294967295,10,4294967295,155,4294967295,4294967295,4294967295,4294967295,106
572,0.100000001,262,262,1,512,1,511,0,511,1,521,16704,12095,4609,4609,0,1,12094,11622,1,1,1,1,16,0,1048576,0.999899983,3478694,13.1846142,1.51263309,1.46068454,1.51263309,inf,72,4294967295,4294967295,4294967295,4294967295,4294967295,4294967295,4294967295,4294967295,4294967295
573,0.800000012,262,262,1,512,27,485,1,485,28,494,16704,13105,3599,3599,0,31,13074,12371,31,16,831,10,16,0,1048576,0.999899983,3478694,14.5506868,1.42265522,1.36034262,1.42265522,1.09202576,83,108,79,77,84,109,4294967295,4294967295,85,79
574,0.899999976,262,262,1,512,13,499,0,499,13,509,16704,11661,5043,5043,0,13,11648,11117,13,12,895,10,16,0,1048576,0.999899983,3478694,9.25920296,1.47482693,1.42070055,1.47482693,1.04528809,66,76,178,65,66,67,145,4294967295,143,174
575,0,262,262,1,512,0,512,0,512,0,522,16704,10960,5744,5744,0,0,10960,10440,0,0,0,0,16,0,1048576,0.999899983,3478694,9.86730671,1.68650317,1.62759423,1.68650317,inf,4294967295,4294967295,4294967295,4294967295,4294967295,4294967295,4294967295,4294967295,4294967295,4294967295
576,0.400000006,262,262,1,512,6,506,0,506,19,503,16704,13024,3680,3680,0,26,12998,12061,26,13,83,10,16,0,1048576,0.999899983,3478694,8.29416275,1.5409199,1.49891937,1.5409199,1.67692566,93,78,4294967295,4294967295,93,4294967295,92,4294967295,4294967295,4294967295
577,0.200000003,262,262,1,512,2,510,0,510,3,519,16704,13943,2761,2761,0,3,13940,13244,3,3,3,3,16,0,1048576,0.999899983,3478694,17.2297993,1.42049921,1.36885452,1.42049921,inf,88,144,4294967295,4294967295,4294967295,4294967295,4294967295,4294967295,4294967295,4294967295
578,0,262,262,1,512,0,512,0,512,0,522,16704,11632,5072,5072,0,0,11632,10979,0,0,0,0,16,0,1048576,0.999899983,3478694,7.98966408,1.3613143,1.31009102,1.3613143,inf,4294967295,4294967295,4294967295,4294967295,4294967295,4294967295,4294967295,4294967295,4294967295,4294967295
579,0.100000001,262,262,1,512,1,511,0,511,1,521,16704,11680,5024,5024,0,1,11679,11132,1,1,1,1,16,0,1048576,0.999800026,1739691,4.64273548,1.34479928,1.29633021,1.34479928,inf,150,4294967295,4294967295,4294967295,4294967295,4294967295,4294967295,4294967295,4294967295,4294967295
580,0.300000012,262,262,1,512,4,508,0,508,5,517,16704,13146,3558,3558,0,6,13140,12764,6,6,74,6,16,0,1048576,0.999899983,3478694,19.7128639,1.27619505,1.22640753,1.27619505,inf,4294967295,210,4294967295,247,4294967295,4294967295,212,4294967295,4294967295,4294967295
581,1,262,262,1,512,132,380,0,380,140,382,16704,11478,5226,5226,0,143,11335,10636,143,27,1023,10,16,0,1048576,0.999899983,3478694,7.23229074,1.23754382,1.1950078,1.23754382,0.705566406,76,72,79,78,115,88,87,86,87,88
582,1,262,262,1,512,55,457,0,457,55,467,16704,11802,4902,4902,0,55,11747,11285,55,23,1023,10,16,0,1048576,0.999899983,3478694,13.7828856,1.334764,1.28210413,1.334764,0.680969238,92,73,83,94,95,84,156,178,85,97
583,0,262,262,1,512,0,512,0,512,0,522,16704,14128,2576,2576,0,0,14128,12379,0,0,0,0,16,0,1048576,0.999800026,1739691,3.88282824,1.93466032,1.89186752,1.93466032,inf,4294967295,4294967295,4294967295,4294967295,4294967295,4294967295,4294967295,4294967295,4294967295,4294967295
584,0.100000001,262,262,1,512,1,511,0,511,1,521,16704,11432,5272,5272,0,1,11431,10829,1,1,1,1,16,0,1048576,0.999899983,3478694,7.72926092,1.55786431,1.49736214,1.55786431,inf,108,4294967295,4294967295,4294967295,4294967295,4294967295,4294967295,4294967295,4294967295,4294967295
585,0,262,262,1,512,1,511,1,511,1,521,16704,14457,2247,2247,0,2,14455,13108,3,3,0,3,16,0,1048576,0.999899983,3478694,10.1208572,1.55601108,1.51621819,1.55601108,inf,4294967295,4294967295,4294967295,4294967295,4294967295,4294967295,4294967295,4294967295,4294967295,4294967295
586,0.100000001,262,262,1,512,1,511,0,511,1,521,16704,13289,3415,3415,0,1,13288,11958,1,1,1,1,16,0,1048576,0.999899983,3478694,9.15402889,1.71969461,1.67991948,1.71969461,inf,78,4294967295,4294967295,4294967295,4294967295,4294967295,4294967295,4294967295,4294967295,4294967295
587,0.100000001,262,262,1,512,1,511,0,511,4,518,16704,14189,2515,2515,0,4,14185,12880,4,4,1,4,16,0,1048576,0.999899983,3478694,11.2172909,1.69804192,1.64778209,1.69804192,inf,86,4294967295,4294967295,4294967295,4294967295,4294967295,4294967295,4294967295,4294967295,4294967295
588,0.600000024,262,262,1,512,6,506,0,506,16,506,16704,14628,2076,2076,0,17,14611,13420,17,15,725,10,16,0,1048576,0.999800026,1739691,6.15599394,1.50353932,1.46327794,1.50353932,1.76141357,75,4294967295,72,4294967295,76,4294967295,78,78,4294967295,72
589,0.600000024,262,262,1,512,10,502,0,502,10,512,16704,11398,5306,5306,0,12,11386,10970,12,11,399,10,16,0,1048576,0.999899983,3478694,10.2826405,1.12694299,1.07190883,1.12694299,0.913757324,163,106,198,140,4294967295,4294967295,4294967295,241,199,4294967295
590,0.600000024,262,262,1,512,33,479,0,479,74,448,16704,14407,2297,2297,0,77,14330,12961,77,17,723,10,16,0,1048576,0.999899983,3478694,9.96592617,1.55439687,1.51694798,1.55439687,1.3374939,71,68,4294967295,4294967295,73,4294967295,72,70,4294967295,224
591,0.100000001,262,262,1,512,1,511,0,511,1,521,16704,12790,3914,3914,0,1,12789,11827,1,1,1,1,16,0,1048576,0.999899983,3478694,6.52586555,1.69148314,1.63043678,1.69148314,inf,91,4294967295,4294967295,4294967295,4294967295,4294967295,4294967295,4294967295,4294967295,4294967295
592,0,262,262,1,512,0,512,0,512,0,522,16704,11242,5462,5462,0,0,11242,10754,0,0,0,0,16,0,1048576,0.999899983,3478694,11.8325443,1.399719,1.33220971,1.399719,inf,4294967295,4294967295,4294967295,4294967295,4294967295,4294967295,4294967295,4294967295,4294967295,4294967295
593,0.100000001,262,262,1,512,1,511,0,511,1,521,16704,12576,4128,4128,0,1,12575,12058,1,1,1,1,16,0,1048576,0.999899983,3478694,12.7412739,1.46142757,1.40615678,1.46142757,inf,96,4294967295,4294967295,4294967295,4294967295,4294967295,4294967295,4294967295,4294967295,4294967295
594,0.200000003,262,262,1,512,2,510,0,510,2,520,16704,13989,2715,2715,0,2,13987,12367,2,2,3,2,16,0,1048576,0.999899983,3478694,6.15701103,1.58131635,1.54072905,1.58131635,inf,74,65,4294967295,4294967295,4294967295,4294967295,4294967295,4294967295,4294967295,4294967295
595,0.100000001,262,262,1,512,1,511,0,511,1,521,16704,12070,4634,4634,0,1,12069,10939,1,1,2,1,16,0,1048576,0.999899983,3478694,7.65566874,2.35980749,2.30087805,2.35980749,inf,4294967295,166,4294967295,4294967295,4294967295,4294967295,4294967295,4294967295,4294967295,4294967295
596,0.899999976,262,262,1,512,55,457,0,457,60,462,16704,11623,5081,5081,0,61,11562,10999,61,27,511,10,16,0,1048576,0.999899983,3478694,9.23566532,1.44848692,1.39772081,1.44848692,0.966461182,78,77,80,176,79,72,185,76,78,4294967295
597,0.300000012,262,262,1,512,3,509,0,509,3,519,16704,12115,4589,4589,0,3,12112,11405,3,3,81,3,16,0,1048576,0.999899983,3478694,8.47412109,1.41807938,1.36623275,1.41807938,inf,88,4294967295,4294967295,4294967295,227,4294967295,122,4294967295,4294967295,4294967295
598,0.200000003,262,262,1,512,2,510,0,510,2,520,16704,13759,2945,2945,0,2,13757,12669,2,2,3,2,16,0,1048576,0.999899983,3478694,11.4705429,1.4992311,1.45655537,1.4992311,inf,100,118,4294967295,4294967295,4294967295,4294967295,4294967295,4294967295,4294967295,4294967295
599,0,262,262,1,512,0,512,0,512,0,522,16704,13563,3141,3141,0,0,13563,12944,0,0,0,0,16,0,1048576,0.999899983,3478694,11.8185415,1.41120017,1.36816621,1.41120017,inf,4294967295,4294967295,4294967295,4294967295,4294967295,4294967295,4294967295,4294967295,4294967295,4294967295
600,0.100000001,262,262,1,512,1,511,0,511,1,521,16704,11847,4857,4857,0,1,11846,11370,1,1,1,1,16,0,1048576,0.999899983,3478694,13.1667376,1.56779718,1.52026582,1.56779718,inf,70,4294967295,4294967295,4294967295,4294967295,4294967295,4294967295,4294967295,4294967295,4294967295
601,0.200000003,262,262,1,512,2,510,0,510,2,520,16704,10170,6534,6534,0,2,10168,9745,2,2,3,2,16,0,1048576,0.999899983,3478694,11.174387,1.66473615,1.60472798,1.66473615,inf,161,250,4294967295,4294967295,4294967295,4294967295,4294967295,4294967295,4294967295,4294967295
602,0.300000012,262,262,1,512,6,506,0,506,6,516,16704,13633,3071,3071,0,6,13627,12796,6,6,37,6,16,0,1048576,0.999899983,3478694,11.982708,1.5520407,1.49929404,1.5520407,inf,226,4294967295,192,4294967295,4294967295,220,4294967295,4294967295,4294967295,4294967295
603,0.200000003,262,262,1,512,2,510,0,510,2,520,16704,10313,6391,6391,0,2,10311,9751,2,2,5,2,16,0,1048576,0.999899983,3478694,8.40678596,1.337219,1.27894497,1.337219,inf,185,4294967295,118,4294967295,4294967295,4294967295,4294967295,4294967295,4294967295,4294967295
604,0,262,262,1,512,0,512,0,512,0,522,16704,11892,4812,4812,0,1,11891,10980,1,1,0,1,16,0,1048576,0.999899983,3478694,8.9815197,1.73587346,1.69217253,1.73587346,inf,4294967295,4294967295,4294967295,4294967295,4294967295,4294967295,4294967295,4294967295,4294967295,4294967295
605,0,262,262,1,512,0,512,0,512,2,520,16704,11479,5225,5225,0,2,11477,11128,2,2,0,2,16,0,1048576,0.999899983,3478694,15.3360672,1.28042936,1.22723699,1.28042936,inf,4294967295,4294967295,4294967295,4294967295,4294967295,4294967295,4294967295,4294967295,4294967295,4294967295
606,0.699999988,262,262,1,512,31,481,0,481,34,488,16704,12120,4584,4584,0,35,12085,11027,35,22,375,10,16,0,1048576,0.999800026,1739691,3.86971593,1.42239094,1.36952996,1.42239094,1.07206726,152,198,112,4294967295,55,251,193,4294967295,57,4294967295
607,0.5,262,262,1,512,5,507,0,507,5,517,16704,11946,4758,4758,0,5,11941,11215,5,5,31,5,16,0,1048576,0.999899983,3478694,9.4037056,1.43370771,1.37761343,1.43370771,inf,141,180,181,181,181,4294967295,4294967295,4294967295,4294967295,4294967295
608,0,262,262,1,512,0,512,0,512,0,522,16704,14923,1781,1781,0,0,14923,13187,0,0,0,0,16,0,1048576,0.999899983,3478694,7.78110313,1.63181531,1.58763134,1.63181531,inf,4294967295,4294967295,4294967295,4294967295,4294967295,4294967295,4294967295,4294967295,4294967295,4294967295
609,0.200000003,262,262,1,512,2,510,0,510,2,520,16704,12497,4207,4207,0,2,12495,11803,2,2,3,2,16,0,1048576,0.999899983,3478694,9.17816257,1.41574013,1.37282944,1.41574013,inf,76,150,4294967295,4294967295,4294967295,4294967295,4294967295,4294967295,4294967295,4294967295
610,1,262,262,1,512,63,449,0,449,137,385,16704,12970,3734,3734,0,191,12779,11687,191,12,1023,10,16,0,1048576,0.999899983,3478694,9.00952625,1.6621418,1.61235905,1.6621418,0.994125366,73,74,74,74,74,75,75,75,75,75
611,1,262,262,1,512,66,446,0,446,108,414,16704,11361,5343,5343,0,110,11251,10636,110,17,1023,10,16,0,1048576,0.999899983,3478694,9.43945885,1.40741289,1.34628153,1.40741289,0.840057373,71,77,81,69,87,81,143,205,88,162
612,0,262,262,1,512,0,512,0,512,0,522,16704,12651,4053,4053,0,0,12651,11925,0,0,0,0,16,0,1048576,0.999899983,3478694,12.9012699,1.49119043,1.4460876,1.49119043,inf,4294967295,4294967295,4294967295,4294967295,4294967295,4294967295,4294967295,4294967295,4294967295,4294967295
613,0,262,262,1,512,0,512,0,512,0,522,16704,11912,4792,4792,0,0,11912,10878,1,1,0,1,16,0,1048576,0.999899983,3478694,8.77266026,1.66163838,1.61482191,1.66163838,inf,4294967295,4294967295,4294967295,4294967295,4294967295,4294967295,4294967295,4294967295,4294967295,4294967295
614,0.100000001,262,262,1,512,1,511,0,511,1,521,16704,14013,2691,2691,0,1,14012,13379,1,1,1,1,16,0,1048576,0.999899983,3478694,18.1421032,1.21410787,1.1671083,1.21410787,inf,138,4294967295,4294967295,4294967295,4294967295,4294967295,4294967295,4294967295,4294967295,4294967295
615,1,262,262,1,512,209,303,0,303,218,304,16704,10399,6305,6305,0,218,10181,9484,218,23,1023,10,16,0,1048576,0.999800026,1739691,2.7395401,1.17010212,1.11604047,1.17010212,0.492507935,67,67,67,67,66,67,67,67,67,87
616,0.300000012,262,262,1,512,3,509,0,509,3,519,16704,13915,2789,2789,0,3,13912,12200,3,3,7,3,16,0,1048576,0.999899983,3478694,7.94646215,1.5378406,1.495924,1.5378406,inf,183,126,192,4294967295,4294967295,4294967295,4294967295,4294967295,4294967295,4294967295
617,0,262,262,1,512,0,512,0,512,0,522,16704,11149,5555,5555,0,0,11149,10560,0,0,0,0,16,0,1048576,0.999899983,3478694,9.25443554,1.52327108,1.47023153,1.52327108,inf,4294967295,4294967295,4294967295,4294967295,4294967295,4294967295,4294967295,4294967295,4294967295,4294967295
618,0.5,262,262,1,512,5,507,0,507,5,517,16704,12335,4369,4369,0,5,12330,11807,5,5,409,5,16,0,1048576,0.999899983,3478694,12.3762922,1.18762815,1.14570105,1.18762815,inf,211,4294967295,4294967295,231,232,4294967295,4294967295,227,248,4294967295
619,1,262,262,1,512,83,429,0,429,208,314,16704,12702,4002,4002,0,247,12455,11359,247,26,1023,10,16,0,1048576,0.999899983,3478694,8.82211971,1.51684415,1.47589946,1.51684415,1.01123047,68,81,86,77,78,182,78,70,86,85
620,0.300000012,262,262,1,512,3,509,0,509,3,519,16704,12637,4067,4067,0,3,12634,12066,3,3,11,3,16,0,1048576,0.999899983,3478694,13.5883284,2.04681778,1.99104404,2.04681778,inf,71,76,4294967295,77,4294967295,4294967295,4294967295,4294967295,4294967295,4294967295
621,0.600000024,262,262,1,512,7,505,0,505,7,515,16704,11176,5528,5528,0,7,11169,10680,7,7,215,7,16,0,1048576,0.999899983,3478694,10.3511677,1.34303069,1.27319646,1.34303069,inf,78,72,73,4294967295,137,4294967295,230,215,4294967295,4294967295
622,0.699999988,262,262,1,512,7,505,0,505,8,514,16704,14540,2164,2164,0,9,14531,13381,9,9,607,9,16,0,1048576,0.999899983,3478694,10.9920444,1.57944465,1.54264712,1.57944465,inf,106,87,190,106,207,4294967295,118,4294967295,4294967295,107
623,0,262,262,1,512,0,512,0,512,0,522,16704,13977,2727,2727,0,0,13977,12742,0,0,0,0,16,0,1048576,0.999899983,3478694,10.0204496,1.55033386,1.51004636,1.55033386,inf,4294967295,4294967295,4294967295,4294967295,4294967295,4294967295,4294967295,4294967295,4294967295,4294967295
624,0.600000024,262,262,1,512,7,505,0,505,7,515,16704,14034,2670,2670,0,8,14026,13133,8,8,459,8,16,0,1048576,0.999899983,3478694,15.278862,1.51264989,1.46386755,1.51264989,inf,106,128,4294967295,94,4294967295,4294967295,95,99,164,4294967295
625,0.899999976,262,262,1,512,101,411,0,411,194,328,16704,12389,4315,4315,0,215,12174,10852,215,38,991,10,16,0,1048576,0.999899983,3478694,9.8109951,1.54159594,1.48771191,1.54159594,1.13606262,26,25,27,27,19,4294967295,130,28,21,19
626,0,262,262,1,512,0,512,0,512,0,522,16704,13398,3306,3306,0,0,13398,11867,0,0,0,0,16,0,1048576,0.999899983,3478694,8.27777576,1.38939655,1.35446429,1.38939655,inf,4294967295,4294967295,4294967295,4294967295,4294967295,4294967295,4294967295,4294967295,4294967295,4294967295
627,1,262,262,1,512,44,468,0,468,119,403,16704,13426,3278,3278,0,136,13290,12432,136,42,1023,10,16,0,1048576,0.999800026,1739691,6.5961442,1.27673435,1.23828316,1.27673435,0.934951782,94,87,112,99,86,86,144,15,194,100
628,0.5,262,262,1,512,5,507,0,507,7,515,16704,12354,4350,4350,0,7,12347,11631,7,7,55,7,16,0,1048576,0.999899983,3478694,9.72786903,1.53215468,1.48792601,1.53215468,inf,63,64,171,4294967295,172,104,4294967295,4294967295,4294967295,4294967295
629,0.699999988,262,262,1,512,97,415,0,415,181,341,16704,13853,2851,2851,0,228,13625,12579,228,28,607,10,16,0,1048576,0.999899983,3478694,16.3651657,1.68332088,1.62479675,1.68332088,1.30471802,88,211,87,81,123,4294967295,79,4294967295,4294967295,185
630,0,262,262,1,512,0,512,0,512,0,522,16704,14298,2406,2406,0,0,14298,13224,0,0,0,0,16,0,1048576,0.99970001,1159562.62,4.44958591,1.40694332,1.36418915,1.40694332,inf,4294967295,4294967295,4294967295,4294967295,4294967295,4294967295,4294967295,4294967295,4294967295,4294967295
631,0.100000001,262,262,1,512,0,512,0,512,0,522,16704,14212,2492,2492,0,1,14211,12968,1,1,32,1,16,0,1048576,0.999899983,3478694,9.96771336,1.59594846,1.56048226,1.59594846,inf,4294967295,4294967295,4294967295,4294967295,4294967295,202,4294967295,4294967295,4294967295,4294967295
632,0.600000024,262,262,1,512,7,505,0,505,9,513,16704,13483,3221,3221,0,10,13473,12144,10,10,287,10,16,0,1048576,0.999899983,3478694,8.9305706,1.72559512,1.67957354,1.72559512,1.93782043,74,91,196,154,171,4294967295,4294967295,4294967295,165,4294967295
633,0.100000001,262,262,1,512,1,511,0,511,3,519,16704,13529,3175,3175,0,3,13526,12268,3,3,8,3,16,0,1048576,0.999899983,3478694,8.53907299,1.5493505,1.50927091,1.5493505,inf,4294967295,4294967295,4294967295,169,4294967295,4294967295,4294967295,4294967295,4294967295,4294967295
634,0.100000001,262,262,1,512,1,511,0,511,1,521,16704,13121,3583,3583,0,1,13120,11604,1,1,1,1,16,0,1048576,0.999899983,3478694,7.61246729,1.70030499,1.65735388,1.70030499,inf,104,4294967295,4294967295,4294967295,4294967295,4294967295,4294967295,4294967295,4294967295,4294967295
635,0.300000012,262,262,1,512,14,498,0,498,42,480,16704,14265,2439,2439,0,55,14210,13160,55,22,56,10,16,0,1048576,0.999899983,3478694,14.1499529,1.39438057,1.35579586,1.39438057,1.31808472,4294967295,4294967295,4294967295,121,121,138,4294967295,4294967295,4294967295,4294967295
636,0,262,262,1,512,0,512,0,512,0,522,16704,13475,3229,3229,0,0,13475,12615,0,0,0,0,16,0,1048576,0.999899983,3478694,8.30548477,1.57828677,1.54261804,1.57828677,inf,4294967295,4294967295,4294967295,4294967295,4294967295,4294967295,4294967295,4294967295,4294967295,4294967295
637,0.400000006,262,262,1,512,4,508,0,508,4,518,16704,13704,3000,3000,0,5,13699,13143,5,5,149,5,16,0,1048576,0.999899983,3478694,17.865015,1.2715106,1.22149932,1.2715106,inf,84,4294967295,185,4294967295,184,4294967295,4294967295,183,4294967295,4294967295
638,0.600000024,262,262,1,512,6,506,1,506,5,517,16704,12816,3888,3888,0,6,12810,12253,6,6,497,6,16,0,1048576,0.999899983,3478694,15.2615814,1.61905313,1.3855896,1.61905313,inf,136,4294967295,4294967295,4294967295,131,258,259,259,259,4294967295
639,0.100000001,262,262,1,512,1,511,0,511,1,521,16704,13216,3488,3488,0,1,13215,12041,1,1,8,1,16,0,1048576,0.999899983,3478694,9.25652122,1.32772422,1.28186882,1.32772422,inf,4294967295,4294967295,4294967295,246,4294967295,4294967295,4294967295,4294967295,4294967295,4294967295
640,0,262,262,1,512,0,512,0,512,0,522,16704,12126,4578,4578,0,0,12126,10747,0,0,0,0,16,0,1048576,0.999899983,3478694,6.72161484,1.87351573,1.81684935,1.87351573,inf,4294967295,4294967295,4294967295,4294967295,4294967295,4294967295,4294967295,4294967295,4294967295,4294967295
641,0,262,262,1,512,0,512,0,512,0,522,16704,12167,4537,4537,0,0,12167,11422,0,0,0,0,16,0,1048576,0.999899983,3478694,6.97486687,1.8939321,1.84122717,1.8939321,inf,4294967295,4294967295,4294967295,4294967295,4294967295,4294967295,4294967295,4294967295,4294967295,4294967295
642,0.300000012,262,262,1,512,3,509,0,509,3,519,16704,13843,2861,2861,0,3,13840,12884,4,4,7,4,16,0,1048576,0.999899983,3478694,13.0460701,1.44358492,1.38096476,1.44358492,inf,83,133,132,4294967295,4294967295,4294967295,4294967295,4294967295,4294967295,4294967295
643,1,262,262,1,512,62,450,0,450,112,410,16704,8744,7960,7960,0,143,8601,8068,143,60,1023,10,16,0,1048576,0.999899983,3478694,8.66689014,2.18194151,2.10024047,2.18194151,1.00732422,69,70,114,68,72,67,71,71,71,117
644,0.400000006,262,262,1,512,5,507,0,507,5,517,16704,13058,3646,3646,0,6,13052,12058,6,6,547,6,16,0,1048576,0.999899983,3478694,8.26675224,1.47539043,1.42405415,1.47539043,inf,233,232,4294967295,4294967295,4294967295,232,4294967295,4294967295,4294967295,232
645,0,262,262,1,512,0,512,0,512,0,522,16704,11953,4751,4751,0,0,11953,11609,0,0,0,0,16,0,1048576,0.999899983,3478694,16.2540321,1.26301038,1.21239316,1.26301038,inf,4294967295,4294967295,4294967295,4294967295,4294967295,4294967295,4294967295,4294967295,4294967295,4294967295
646,0.300000012,262,262,1,512,3,509,0,509,4,518,16704,13719,2985,2985,0,4,13715,12757,4,4,515,4,16,0,1048576,0.999899983,3478694,9.90484715,1.39510417,1.35865176,1.39510417,inf,159,232,4294967295,4294967295,4294967295,4294967295,4294967295,4294967295,4294967295,217
647,0.200000003,262,262,1,512,1,511,0,511,2,520,16704,14473,2231,2231,0,2,14471,13376,2,2,33,2,16,0,1048576,0.999899983,3478694,12.9262972,1.23317587,1.19378233,1.23317587,inf,104,4294967295,4294967295,4294967295,4294967295,71,4294967295,4294967295,4294967295,4294967295
648,0,262,262,1,512,0,512,0,512,0,522,16704,10617,6087,6087,0,0,10617,9854,0,0,0,0,16,0,1048576,0.999899983,3478694,5.30131626,1.17450166,1.11041021,1.17450166,inf,4294967295,4294967295,4294967295,4294967295,4294967295,4294967295,4294967295,4294967295,4294967295,4294967295
649,0,262,262,1,512,0,512,0,512,1,521,16704,14210,2494,2494,0,3,14207,13507,3,3,0,3,16,0,1048576,0.999899983,3478694,19.0421925,1.51330256,1.46207452,1.51330256,inf,4294967295,4294967295,4294967295,4294967295,4294967295,4294967295,4294967295,4294967295,4294967295,4294967295
650,0.800000012,262,262,1,512,28,484,0,484,80,442,16704,14174,2530,2530,0,184,13990,12864,184,16,765,10,16,0,1048576,0.999899983,3478694,16.0389175,1.47936487,1.43521035,1.47936487,1.23376465,74,4294967295,116,125,126,114,114,115,4294967295,125
651,0.100000001,262,262,1,512,1,511,0,511,1,521,16704,13003,3701,3701,0,1,13002,12203,1,1,1,1,16,0,1048576,0.999899983,3478694,10.1998119,1.74646258,1.70272493,1.74646258,inf,75,4294967295,4294967295,4294967295,4294967295,4294967295,4294967295,4294967295,4294967295,4294967295
652,0,262,262,1,512,0,512,0,512,0,522,16704,12225,4479,4479,0,0,12225,11423,0,0,0,0,16,0,1048576,0.999899983,3478694,11.421978,1.92512715,1.88299453,1.92512715,inf,4294967295,4294967295,4294967295,4294967295,4294967295,4294967295,4294967295,4294967295,4294967295,4294967295
653,0,262,262,1,512,0,512,0,512,0,522,16704,11480,5224,5224,0,0,11480,10475,0,0,0,0,16,0,1048576,0.999899983,3478694,7.89193821,1.76404214,1.72174287,1.76404214,inf,4294967295,4294967295,4294967295,4294967295,4294967295,4294967295,4294967295,4294967295,4294967295,4294967295
654,1,262,262,1,512,36,476,0,476,37,485,16704,10123,6581,6581,0,38,10085,9222,38,21,1023,10,16,0,1048576,0.999899983,3478694,6.11500072,1.53204346,1.47186112,1.53204346,0.771514893,75,76,76,77,77,77,80,77,81,78
655,0.100000001,262,262,1,512,1,511,0,511,1,521,16704,14019,2685,2685,0,3,14016,12824,3,3,2,3,16,0,1048576,0.999899983,3478694,8.80573273,1.52283001,1.48093867,1.52283001,inf,4294967295,103,4294967295,4294967295,4294967295,4294967295,4294967295,4294967295,4294967295,4294967295
656,0.300000012,262,262,1,512,3,509,0,509,3,519,16704,9113,7591,7591,0,3,9110,8452,3,3,7,3,16,0,1048576,0.999899983,3478694,6.9137888,1.78918743,1.72848344,1.78918743,inf,69,125,91,4294967295,4294967295,4294967295,4294967295,4294967295,4294967295,4294967295
657,0.899999976,262,262,1,512,33,479,0,479,114,408,16704,14131,2573,2573,0,177,13954,12571,177,15,991,10,16,0,1048576,0.999899983,3478694,11.2098417,1.58854735,1.54435956,1.58854735,1.17478943,75,83,76,74,74,4294967295,75,137,84,234
658,0.200000003,262,262,1,512,2,510,0,510,2,520,16704,12678,4026,4026,0,2,12676,12078,2,2,9,2,16,0,1048576,0.999899983,3478694,9.07328606,1.37231159,1.33481312,1.37231159,inf,88,4294967295,4294967295,70,4294967295,4294967295,4294967295,4294967295,4294967295,4294967295
659,0.100000001,262,262,1,512,1,511,0,511,1,521,16704,13988,2716,2716,0,2,13986,12881,2,2,2,2,16,0,1048576,0.999899983,3478694,10.4566393,1.33456612,1.28857362,1.33456612,inf,4294967295,126,4294967295,4294967295,4294967295,4294967295,4294967295,4294967295,4294967295,4294967295
660,1,262,262,1,512,448,64,59,64,389,133,16704,8649,8055,8055,0,514,8135,7152,514,37,1023,10,16,0,1048576,0.999899983,3478694,6.9885726,1.10790503,1.01048279,1.10790503,0.478561401,72,69,72,72,72,74,71,68,71,71
661,0.200000003,262,262,1,512,3,509,0,509,3,519,16704,11764,4940,4940,0,4,11760,11198,4,4,33,4,16,0,1048576,0.999899983,3478694,10.4101601,1.59533238,1.54047191,1.59533238,inf,224,4294967295,4294967295,4294967295,4294967295,123,4294967295,4294967295,4294967295,4294967295
662,1,262,262,1,512,83,429,0,429,83,439,16704,10533,6171,6171,0,83,10450,9807,83,22,1023,10,16,0,1048576,0.999899983,3478694,6.13287735,1.23017359,1.16663671,1.23017359,0.412948608,68,68,66,69,69,66,66,68,66,71
663,1,262,262,1,512,142,370,0,370,160,362,16704,12358,4346,4346,0,163,12195,11184,163,14,1023,10,16,0,1048576,0.999899983,3478694,7.94258881,1.48533773,1.44885063,1.48533773,1.00538635,77,76,78,75,77,75,78,95,74,77
664,0.100000001,262,262,1,512,1,511,0,511,1,521,16704,13322,3382,3382,0,1,13321,12659,1,1,2,1,16,0,1048576,0.999800026,1739691,6.85585356,1.40088499,1.35089958,1.40088499,inf,4294967295,188,4294967295,4294967295,4294967295,4294967295,4294967295,4294967295,4294967295,4294967295
665,0,262,262,1,512,0,512,0,512,1,521,16704,11054,5650,5650,0,1,11053,10501,1,1,0,1,16,0,1048576,0.999800026,1739691,4.13434267,1.12642097,1.0746851,1.12642097,inf,4294967295,4294967295,4294967295,4294967295,4294967295,4294967295,4294967295,4294967295,4294967295,4294967295
666,0.100000001,262,262,1,512,1,511,0,511,1,521,16704,11951,4753,4753,0,1,11950,11630,1,1,1,1,16,0,1048576,0.999899983,3478694,12.649209,1.18208456,1.1341188,1.18208456,inf,76,4294967295,4294967295,4294967295,4294967295,4294967295,4294967295,4294967295,4294967295,4294967295
667,0,262,262,1,512,0,512,0,512,0,522,16704,14340,2364,2364,0,0,14340,13225,0,0,0,0,16,0,1048576,0.999899983,3478694,10.2397366,1.4599396,1.41638577,1.4599396,inf,4294967295,4294967295,4294967295,4294967295,4294967295,4294967295,4294967295,4294967295,4294967295,4294967295
668,0.300000012,262,262,1,512,3,509,0,509,3,519,16704,11830,4874,4874,0,3,11827,11311,3,3,7,3,16,0,1048576,0.999899983,3478694,13.226326,1.48830199,1.43544698,1.48830199,inf,87,87,152,4294967295,4294967295,4294967295,4294967295,4294967295,4294967295,4294967295
669,0.300000012,262,262,1,512,3,509,0,509,5,517,16704,11779,4925,4925,0,5,11774,11307,5,5,49,5,16,0,1048576,0.999899983,3478694,13.1145973,1.50252914,1.43783796,1.50252914,inf,143,4294967295,4294967295,4294967295,197,197,4294967295,4294967295,4294967295,4294967295
670,0,262,262,1,512,0,512,0,512,0,522,16704,14297,2407,2407,0,0,14297,13269,0,0,0,0,16,0,1048576,0.999899983,3478694,14.6317282,1.34942031,1.30513775,1.34942031,inf,4294967295,4294967295,4294967295,4294967295,4294967295,4294967295,4294967295,4294967295,4294967295,4294967295
671,0.400000006,262,262,1,512,4,508,0,508,5,517,16704,8537,8167,8167,0,5,8532,8009,5,5,15,5,16,0,1048576,0.999899983,3478694,6.19157267,1.28714061,1.20224667,1.28714061,inf,56,70,160,107,4294967295,4294967295,4294967295,4294967295,4294967295,4294967295
672,1,262,262,1,512,39,473,0,473,39,483,16704,11609,5095,5095,0,39,11570,11098,39,15,1023,10,16,0,1048576,0.999899983,3478694,10.5951834,1.41162765,1.36057556,1.41162765,0.84336853,66,66,65,67,68,67,68,66,173,120
673,0.400000006,262,262,1,512,4,508,0,508,4,518,16704,10586,6118,6118,0,5,10581,10105,5,5,71,5,16,0,1048576,0.999899983,3478694,11.7446508,1.83741117,1.78854775,1.83741117,inf,250,179,180,4294967295,4294967295,4294967295,187,4294967295,4294967295,4294967295
674,0.300000012,262,262,1,512,4,508,0,508,4,518,16704,12541,4163,4163,0,4,12537,11656,4,4,13,4,16,0,1048576,0.999899983,3478694,9.23804951,1.6072557,1.5644834,1.6072557,inf,79,4294967295,127,215,4294967295,4294967295,4294967295,4294967295,4294967295,4294967295
675,0,262,262,1,512,0,512,0,512,2,520,16704,13269,3435,3435,0,2,13267,12608,2,2,0,2,16,0,1048576,0.999899983,3478694,10.1566105,1.23333406,1.19029713,1.23333406,inf,4294967295,4294967295,4294967295,4294967295,4294967295,4294967295,4294967295,4294967295,4294967295,4294967295
676,0.5,262,262,1,512,4,508,0,508,127,395,16704,12584,4120,4120,0,190,12394,11326,190,31,787,10,16,0,1048576,0.999899983,3478694,6.90485048,1.67951286,1.62974894,1.67951286,1.73851013,125,133,4294967295,4294967295,53,4294967295,4294967295,4294967295,66,66
677,0.800000012,262,262,1,512,86,426,0,426,138,384,16704,13733,2971,2971,0,160,13573,12485,160,38,751,10,16,0,1048576,0.999899983,3478694,12.7728558,1.49494731,1.45410991,1.49494731,1.08847046,93,100,104,93,4294967295,93,96,100,4294967295,98
678,0.800000012,262,262,1,512,37,475,0,475,39,483,16704,13358,3346,3346,0,46,13312,11920,46,21,447,10,16,0,1048576,0.999899983,3478694,7.53232002,1.50942659,1.46356845,1.50942659,1.19915771,103,79,234,85,227,146,4294967295,82,111,4294967295
679,1,262,262,1,512,151,361,0,361,178,344,16704,11255,5449,5449,0,181,11074,10276,181,20,1023,10,16,0,1048576,0.999899983,3478694,7.67920637,1.22092783,1.17686248,1.22092783,0.69770813,73,72,74,74,73,75,73,77,75,74
680,0.600000024,262,262,1,512,6,506,0,506,9,513,16704,13694,3010,3010,0,9,13685,12358,9,9,111,9,16,0,1048576,0.999899983,3478694,8.95321465,1.48740768,1.44570184,1.48740768,inf,126,126,184,102,4294967295,102,180,4294967295,4294967295,4294967295
681,0,262,262,1,512,0,512,0,512,1,521,16704,13964,2740,2740,0,1,13963,12638,1,1,0,1,16,0,1048576,0.999899983,3478694,8.93384838,1.52970195,1.47869706,1.52970195,inf,4294967295,4294967295,4294967295,4294967295,4294967295,4294967295,4294967295,4294967295,4294967295,4294967295
682,0.5,262,262,1,512,10,502,0,502,10,512,16704,12925,3779,3779,0,10,12915,12189,10,10,339,10,16,0,1048576,0.999800026,1739691,5.95409679,1.52437162,1.48671031,1.52437162,1.40734863,92,159,4294967295,4294967295,146,4294967295,150,4294967295,146,4294967295
683,0.100000001,262,262,1,512,1,511,0,511,1,521,16704,9562,7142,7142,0,1,9561,8800,1,1,1,1,16,0,1048576,0.999899983,3478694,6.89263439,1.38227415,1.30813098,1.38227415,inf,136,4294967295,4294967295,4294967295,4294967295,4294967295,4294967295,4294967295,4294967295,4294967295
684,0,262,262,1,512,0,512,0,512,0,522,16704,9587,7117,7117,0,0,9587,8733,0,0,0,0,16,0,1048576,0.999899983,3478694,6.88607979,1.68326855,1.62194705,1.68326855,inf,4294967295,4294967295,4294967295,4294967295,4294967295,4294967295,4294967295,4294967295,4294967295,4294967295
685,1,262,262,1,512,113,399,0,399,188,334,16704,13485,3219,3219,0,226,13259,11892,226,15,1023,10,16,0,1048576,0.999899983,3478694,9.47729778,1.3906523,1.35102808,1.3906523,0.759109497,69,68,68,69,69,69,145,69,69,69
686,1,262,262,1,512,450,62,36,62,414,108,16704,6607,10097,10097,0,589,6018,4849,589,17,1023,10,16,0,1048576,0.999899983,3478694,7.00227785,0.853197992,0.831375122,0.853197992,0.452819824,55,53,55,54,53,57,55,54,55,54
687,0.200000003,262,262,1,512,2,510,0,510,2,520,16704,12137,4567,4567,0,2,12135,11294,2,2,5,2,16,0,1048576,0.999899983,3478694,7.72062063,1.33748949,1.28376544,1.33748949,inf,107,4294967295,253,4294967295,4294967295,4294967295,4294967295,4294967295,4294967295,4294967295
688,0.400000006,262,262,1,512,4,508,0,508,4,518,16704,10052,6652,6652,0,4,10048,9657,4,4,53,4,16,0,1048576,0.999899983,3478694,11.3424273,1.36785376,1.30367446,1.36785376,inf,176,4294967295,177,4294967295,65,188,4294967295,4294967295,4294967295,4294967295
689,1,262,262,1,512,125,387,0,387,161,361,16704,11114,5590,5590,0,164,10950,10086,164,22,1023,10,16,0,1048576,0.999800026,1739691,3.53520775,1.3226217,1.26464081,1.3226217,0.714584351,73,74,81,155,75,189,86,107,83,75
690,0.800000012,262,262,1,512,38,474,0,474,132,390,16704,13295,3409,3409,0,169,13126,12192,169,16,863,10,16,0,1048576,0.99970001,1159562.62,3.54810858,1.36062217,1.32300127,1.36062217,1.0712738,93,163,94,74,95,4294967295,73,4294967295,233,95
691,0.300000012,262,262,1,512,9,503,0,503,14,508,16704,13129,3575,3575,0,15,13114,11996,15,15,19,10,16,0,1048576,0.999899983,3478694,9.76451588,1.48172772,1.44248605,1.48172772,1.62181091,82,108,4294967295,4294967295,86,4294967295,4294967295,4294967295,4294967295,4294967295
692,0.200000003,262,262,1,512,2,510,0,510,2,520,16704,12303,4401,4401,0,2,12301,11791,2,2,3,2,16,0,1048576,0.999899983,3478694,11.0307779,1.36816764,1.31904578,1.36816764,inf,65,108,4294967295,4294967295,4294967295,4294967295,4294967295,4294967295,4294967295,4294967295
693,0.200000003,262,262,1,512,2,510,0,510,2,520,16704,13883,2821,2821,0,2,13881,12642,2,2,33,2,16,0,1048576,0.999899983,3478694,9.6471262,1.53890991,1.4939512,1.53890991,inf,78,4294967295,4294967295,4294967295,4294967295,158,4294967295,4294967295,4294967295,4294967295
694,0,262,262,1,512,0,512,0,512,0,522,16704,13903,2801,2801,0,0,13903,13293,0,0,0,0,16,0,1048576,0.999899983,3478694,19.4372654,1.38635087,1.3424902,1.38635087,inf,4294967295,4294967295,4294967295,4294967295,4294967295,4294967295,4294967295,4294967295,4294967295,4294967295
695,0,262,262,1,512,0,512,0,512,1,521,16704,11652,5052,5052,0,1,11651,10646,1,1,0,1,16,0,1048576,0.999899983,3478694,9.5249691,1.45327234,1.41130924,1.45327234,inf,4294967295,4294967295,4294967295,4294967295,4294967295,4294967295,4294967295,4294967295,4294967295,4294967295
696,0.200000003,262,262,1,512,2,510,0,510,2,520,16704,12507,4197,4197,0,2,12505,11960,2,2,9,2,16,0,1048576,0.999899983,3478694,11.4627962,1.50031066,1.46313846,1.50031066,inf,139,4294967295,4294967295,2,4294967295,4294967295,4294967295,4294967295,4294967295,4294967295
697,0.100000001,262,262,1,512,1,511,0,511,1,521,16704,13246,3458,3458,0,1,13245,12353,1,1,1,1,16,0,1048576,0.999899983,3478694,8.6236887,1.407933,1.36781192,1.407933,inf,240,4294967295,4294967295,4294967295,4294967295,4294967295,4294967295,4294967295,4294967295,4294967295
698,1,262,262,1,512,90,422,0,422,181,341,16704,12995,3709,3709,0,238,12757,11184,238,22,1023,10,16,0,1048576,0.999899983,3478694,8.67255116,1.59768057,1.55257773,1.59768057,1.13809204,70,70,91,92,98,99,75,71,72,71
699,0.5,262,262,1,512,6,506,0,506,85,437,16704,13329,3375,3375,0,149,13180,11870,149,35,565,10,16,0,1048576,0.999800026,1739691,4.84463215,1.67416823,1.61676598,1.67416823,1.85427856,108,4294967295,193,4294967295,240,242,4294967295,4294967295,4294967295,83
700,0.400000006,262,262,1,512,4,508,0,508,4,518,16704,11188,5516,5516,0,5,11183,10838,5,5,15,5,16,0,1048576,0.999899983,3478694,12.1865025,1.05723524,0.989962757,1.05723524,inf,183,107,255,218,4294967295,4294967295,4294967295,4294967295,4294967295,4294967295
701,0.100000001,262,262,1,512,5,507,0,507,6,516,16704,13451,3253,3253,0,6,13445,12525,7,7,1,7,16,0,1048576,0.999899983,3478694,9.58843136,1.41681445,1.37740827,1.41681445,inf,81,4294967295,4294967295,4294967295,4294967295,4294967295,4294967295,4294967295,4294967295,4294967295
702,0,262,262,1,512,0,512,0,512,0,522,16704,11076,5628,5628,0,0,11076,10141,0,0,0,0,16,0,1048576,0.999599993,869541.562,1.60120571,2.14548421,2.09877181,2.14548421,inf,4294967295,4294967295,4294967295,4294967295,4294967295,4294967295,4294967295,4294967295,4294967295,4294967295
703,0.5,262,262,1,512,27,485,1,485,101,421,16704,12401,4303,4303,0,187,12214,11281,187,18,357,10,16,0,1048576,0.999899983,3478694,9.38642502,1.64175093,1.59693575,1.64175093,1.51329041,75,4294967295,105,4294967295,4294967295,110,110,4294967295,108,4294967295
704,0.100000001,262,262,1,512,1,511,0,511,1,521,16704,12016,4688,4688,0,1,12015,11224,1,1,1,1,16,0,1048576,0.999899983,3478694,8.31680679,1.46921349,1.42586994,1.46921349,inf,66,4294967295,4294967295,4294967295,4294967295,4294967295,4294967295,4294967295,4294967295,4294967295
705,0.5,262,262,1,512,13,499,1,499,23,499,16704,11619,5085,5085,0,25,11594,11153,25,23,59,10,16,0,1048576,0.999899983,3478694,8.96572876,1.5094645,1.28919983,1.5094645,1.28919983,66,66,4294967295,134,165,155,4294967295,4294967295,4294967295,4294967295
706,0.600000024,262,262,1,512,6,506,0,506,7,515,16704,12758,3946,3946,0,7,12751,11545,7,7,95,7,16,0,1048576,0.999899983,3478694,7.78736019,1.84176636,1.79963946,1.84176636,inf,70,99,101,183,100,4294967295,100,4294967295,4294967295,4294967295
707,0.100000001,262,262,1,512,12,500,0,500,13,509,16704,13407,3297,3297,0,22,13385,12384,22,16,4,10,16,0,1048576,0.99970001,1159562.62,2.75498319,1.5575273,1.51594591,1.5575273,1.49165344,4294967295,4294967295,249,4294967295,4294967295,4294967295,4294967295,4294967295,4294967295,4294967295
708,1,262,262,1,512,11,501,0,501,13,509,16704,11024,5680,5680,0,13,11011,10380,13,13,1023,10,16,0,1048576,0.999899983,3478694,6.86552143,1.56581306,1.5100472,1.56581306,1.09184265,69,70,68,70,69,70,70,93,211,211
709,0.100000001,262,262,1,512,1,511,0,511,1,521,16704,13866,2838,2838,0,1,13865,12904,1,1,2,1,16,0,1048576,0.999899983,3478694,10.5987587,1.41106617,1.37140369,1.41106617,inf,4294967295,190,4294967295,4294967295,4294967295,4294967295,4294967295,4294967295,4294967295,4294967295
710,0.200000003,262,262,1,512,3,509,0,509,4,518,16704,14013,2691,2691,0,4,14009,12875,4,4,34,4,16,0,1048576,0.999899983,3478694,11.1535301,1.73070836,1.69481564,1.73070836,inf,4294967295,111,4294967295,4294967295,4294967295,84,4294967295,4294967295,4294967295,4294967295
711,1,262,262,1,512,38,474,0,474,121,401,16704,13901,2803,2803,0,190,13711,11986,190,16,1023,10,16,0,1048576,0.999899983,3478694,6.78865194,1.43285048,1.40025127,1.43285048,0.916381836,65,66,65,64,66,66,66,67,66,68
712,0.699999988,262,262,1,512,53,459,0,459,78,444,16704,11870,4834,4834,0,85,11785,11071,85,25,671,10,16,0,1048576,0.999899983,3478694,7.55109072,1.87075794,1.81967759,1.87075794,1.52050781,66,69,74,208,246,4294967295,4294967295,157,4294967295,165
713,0,262,262,1,512,0,512,0,512,1,521,16704,8549,8155,8155,0,1,8548,7949,1,1,0,1,16,0,1048576,0.99970001,1159562.62,2.1286068,1.83910429,1.75813925,1.83910429,inf,4294967295,4294967295,4294967295,4294967295,4294967295,4294967295,4294967295,4294967295,4294967295,4294967295
714,0.100000001,262,262,1,512,2,510,0,510,2,520,16704,13125,3579,3579,0,3,13122,12147,3,3,512,3,16,0,1048576,0.999899983,3478694,9.30717182,1.49395335,1.45184004,1.49395335,inf,4294967295,4294967295,4294967295,4294967295,4294967295,4294967295,4294967295,4294967295,4294967295,239
715,0.699999988,262,262,1,512,7,505,0,505,9,513,16704,10498,6206,6206,0,9,10489,9714,9,9,127,9,16,0,1048576,0.999899983,3478694,8.69430161,1.60681903,1.54810691,1.60681903,inf,85,86,86,88,87,173,173,4294967295,4294967295,4294967295
716,0.400000006,262,262,1,512,4,508,0,508,4,518,16704,10319,6385,6385,0,4,10315,9436,4,4,15,4,16,0,1048576,0.999899983,3478694,5.7649169,1.58740747,1.51265717,1.58740747,inf,88,89,90,89,4294967295,4294967295,4294967295,4294967295,4294967295,4294967295
717,1,262,262,1,512,22,490,0,490,23,499,16704,11670,5034,5034,0,27,11643,11113,27,12,1023,10,16,0,1048576,0.999899983,3478694,7.80911016,1.32785773,1.28189576,1.32785773,0.635116577,68,69,69,67,68,69,69,68,69,70
718,0.100000001,262,262,1,512,1,511,0,511,1,521,16704,14921,1783,1783,0,1,14920,13539,1,1,1,1,16,0,1048576,0.999899983,3478694,13.2293062,1.3608954,1.31864643,1.3608954,inf,186,4294967295,4294967295,4294967295,4294967295,4294967295,4294967295,4294967295,4294967295,4294967295
719,0,262,262,1,512,0,512,0,512,2,520,16704,11744,4960,4960,0,2,11742,11392,2,2,0,2,16,0,1048576,0.999899983,3478694,14.4729233,1.21086073,1.15642631,1.21086073,inf,4294967295,4294967295,4294967295,4294967295,4294967295,4294967295,4294967295,4294967295,4294967295,4294967295
720,1,262,262,1,512,82,430,0,430,118,404,16704,14023,2681,2681,0,132,13891,12562,132,32,1023,10,16,0,1048576,0.999899983,3478694,9.74455357,1.62450194,1.58241999,1.62450194,0.914764404,79,78,78,78,80,78,77,77,78,78
721,0.699999988,262,262,1,512,8,504,1,504,9,513,16704,11364,5340,5340,0,10,11354,10771,10,10,127,10,16,0,1048576,0.99970001,1159562.62,3.04865599,1.29568458,1.04882812,1.29568458,2.0408783,74,75,76,140,65,112,77,4294967295,4294967295,4294967295
722,1,262,262,1,512,78,434,0,434,170,352,16704,14333,2371,2371,0,233,14100,12405,233,17,1023,10,16,0,1048576,0.99970001,1159562.62,3.23357964,1.43466794,1.38689303,1.43466794,0.799438477,74,75,76,75,76,73,74,74,76,75
723,0.300000012,262,262,1,512,3,509,1,509,2,520,16704,13165,3539,3539,0,3,13162,12223,3,3,11,3,16,0,1048576,0.999899983,3478694,8.95142746,1.33102369,0.957901001,1.33102369,inf,98,74,4294967295,260,4294967295,4294967295,4294967295,4294967295,4294967295,4294967295
724,0.400000006,262,262,1,512,9,503,0,503,10,512,16704,13102,3602,3602,0,10,13092,11555,10,10,99,10,16,0,1048576,0.999899983,3478694,8.55545998,1.32728302,1.27414191,1.32728302,1.34634399,184,183,4294967295,4294967295,4294967295,188,241,4294967295,4294967295,4294967295
725,1,262,262,1,512,67,445,0,445,162,360,16704,12128,4576,4576,0,212,11916,11141,212,29,1023,10,16,0,1048576,0.999899983,3478694,7.87525368,1.27063727,1.21727085,1.27063727,0.773284912,90,177,177,220,86,93,94,94,195,93
726,0.200000003,262,262,1,512,2,510,0,510,2,520,16704,11619,5085,5085,0,2,11617,11205,2,2,257,2,16,0,1048576,0.99970001,1159562.62,4.22622776,1.77495897,1.71127987,1.77495897,inf,96,4294967295,4294967295,4294967295,4294967295,4294967295,4294967295,4294967295,112,4294967295
727,1,262,262,1,512,41,471,0,471,55,467,16704,14392,2312,2312,0,59,14333,13078,59,15,1023,10,16,0,1048576,0.999599993,869541.562,3.14692783,1.554492,1.51097286,1.554492,0.927871704,77,76,81,78,77,78,78,78,84,83
728,1,262,262,1,512,137,375,0,375,233,289,16704,13989,2715,2715,0,345,13644,12182,345,46,1023,10,16,0,1048576,0.999899983,3478694,12.4200897,1.56144679,1.51622999,1.56144679,1.07788086,148,150,149,152,147,147,148,146,153,147
729,1,262,262,1,512,71,441,0,441,87,435,16704,12766,3938,3938,0,88,12678,12137,88,34,1023,10,16,0,1048576,0.99970001,1159562.62,4.48692799,1.09655416,1.06440878,1.09655416,0.559326172,66,66,67,69,65,66,68,69,67,65
730,0.300000012,262,262,1,512,3,509,0,509,10,512,16704,12225,4479,4479,0,10,12215,11505,10,10,518,10,16,0,1048576,0.999800026,1739691,4.40373707,1.39772844,1.35328603,1.39772844,2.17596436,4294967295,241,175,4294967295,4294967295,4294967295,4294967295,4294967295,4294967295,91
731,0.100000001,262,262,1,512,1,511,0,511,1,521,16704,12101,4603,4603,0,1,12100,11631,1,1,1,1,16,0,1048576,0.999899983,3478694,13.4322052,1.65606463,1.60807133,1.65606463,inf,117,4294967295,4294967295,4294967295,4294967295,4294967295,4294967295,4294967295,4294967295,4294967295
732,0.400000006,262,262,1,512,4,508,0,508,4,518,16704,12716,3988,3988,0,6,12710,11514,6,6,53,6,16,0,1048576,0.999899983,3478694,6.42903376,1.8154695,1.76820183,1.8154695,inf,76,4294967295,162,4294967295,76,215,4294967295,4294967295,4294967295,4294967295
733,0,262,262,1,512,0,512,0,512,0,522,16704,11361,5343,5343,0,0,11361,10691,0,0,0,0,16,0,1048576,0.999899983,3478694,12.0428934,1.61272705,1.5477376,1.61272705,inf,4294967295,4294967295,4294967295,4294967295,4294967295,4294967295,4294967295,4294967295,4294967295,4294967295
734,0,262,262,1,512,0,512,0,512,0,522,16704,11468,5236,5236,0,0,11468,10836,0,0,0,0,16,0,1048576,0.999899983,3478694,8.75210285,1.27095819,1.2092824,1.27095819,inf,4294967295,4294967295,4294967295,4294967295,4294967295,4294967295,4294967295,4294967295,4294967295,4294967295
735,0.100000001,262,262,1,512,0,512,0,512,1,521,16704,12421,4283,4283,0,1,12420,11235,1,1,512,1,16,0,1048576,0.999899983,3478694,7.55377197,1.6055851,1.56037056,1.6055851,inf,4294967295,4294967295,4294967295,4294967295,4294967295,4294967295,4294967295,4294967295,4294967295,166
736,1,262,262,1,512,217,295,0,295,283,239,16704,12146,4558,4558,0,316,11830,10506,316,25,1023,10,16,0,1048576,0.999899983,3478694,13.1816349,1.26133466,1.22438812,1.26133466,0.76852417,244,74,79,73,74,74,85,75,80,76
737,1,262,262,1,512,485,27,1,27,486,36,16704,2824,13880,13880,0,1061,1763,726,1062,40,1023,10,16,0,1048576,0.999899983,3478694,6.70522785,0.827262878,0.525420666,0.827262878,0.231399536,3,2,3,2,2,3,2,4,3,5
738,1,262,262,1,512,214,298,1,298,347,175,16704,6627,10077,10077,0,530,6097,5370,530,28,1023,10,16,0,1048576,0.999899983,3478694,8.58257198,1.14170909,1.09896421,1.14170909,0.547424316,4,5,5,3,4,4,189,7,1,5
739,0.200000003,262,262,1,512,2,510,0,510,5,517,16704,9819,6885,6885,0,6,9813,9253,6,6,9,6,16,0,1048576,0.999899983,3478694,7.88955498,1.50523186,1.43907714,1.50523186,inf,104,4294967295,4294967295,213,4294967295,4294967295,4294967295,4294967295,4294967295,4294967295
740,0.300000012,262,262,1,512,3,509,0,509,4,518,16704,12469,4235,4235,0,4,12465,11552,4,4,7,4,16,0,1048576,0.99970001,1159562.62,3.23129535,1.43064952,1.39182019,1.43064952,inf,59,259,210,4294967295,4294967295,4294967295,4294967295,4294967295,4294967295,4294967295
741,0.5,262,262,1,512,6,506,0,506,10,512,16704,12912,3792,3792,0,11,12901,11962,11,11,647,10,16,0,1048576,0.999899983,3478694,8.76848984,1.35484755,1.31480229,1.35484755,1.62893677,164,63,254,4294967295,4294967295,4294967295,4294967295,229,4294967295,121
742,0.300000012,262,262,1,512,3,509,0,509,3,519,16704,13804,2900,2900,0,3,13801,12925,3,3,25,3,16,0,1048576,0.999899983,3478694,16.1530285,1.60628307,1.56457901,1.60628307,inf,92,4294967295,4294967295,89,90,4294967295,4294967295,4294967295,4294967295,4294967295
743,0.100000001,262,262,1,512,1,511,0,511,1,521,16704,9927,6777,6777,0,1,9926,9274,1,1,1,1,16,0,1048576,0.999899983,3478694,6.82827854,1.54798472,1.49337184,1.54798472,inf,235,4294967295,4294967295,4294967295,4294967295,4294967295,4294967295,4294967295,4294967295,4294967295
744,0.200000003,262,262,1,512,2,510,0,510,2,520,16704,11256,5448,5448,0,2,11254,10956,2,2,5,2,16,0,1048576,0.99970001,1159562.62,4.18600512,1.094661,1.04503894,1.094661,inf,148,4294967295,172,4294967295,4294967295,4294967295,4294967295,4294967295,4294967295,4294967295
745,0,262,262,1,512,0,512,0,512,0,522,16704,11459,5245,5245,0,0,11459,10737,0,0,0,0,16,0,1048576,0.99970001,1159562.62,3.15899444,2.16436744,2.10437584,2.16436744,inf,4294967295,4294967295,4294967295,4294967295,4294967295,4294967295,4294967295,4294967295,4294967295,4294967295
746,0.200000003,262,262,1,512,2,510,0,510,2,520,16704,12109,4595,4595,0,2,12107,11281,2,2,3,2,16,0,1048576,0.999800026,1739691,4.08755589,1.52355385,1.47423959,1.52355385,inf,119,119,4294967295,4294967295,4294967295,4294967295,4294967295,4294967295,4294967295,4294967295
747,0.100000001,262,262,1,512,1,511,0,511,1,521,16704,13383,3321,3321,0,1,13382,12505,1,1,16,1,16,0,1048576,0.999899983,3478694,11.6919155,1.41704082,1.37518001,1.41704082,inf,4294967295,4294967295,4294967295,4294967295,256,4294967295,4294967295,4294967295,4294967295,4294967295
748,1,262,262,1,512,147,365,0,365,195,327,16704,11490,5214,5214,0,241,11249,8786,241,27,1023,10,16,0,1048576,0.999899983,3478694,8.27539253,1.49159372,1.44991863,1.49159372,0.686004639,4,4,4,7,7,7,4,3,3,8
749,0,262,262,1,512,0,512,0,512,0,522,16704,12190,4514,4514,0,0,12190,11388,0,0,0,0,16,0,1048576,0.999899983,3478694,7.85260963,1.50027013,1.45181358,1.50027013,inf,4294967295,4294967295,4294967295,4294967295,4294967295,4294967295,4294967295,4294967295,4294967295,4294967295
750,1,262,262,1,512,417,95,34,95,386,136,16704,9623,7081,7081,0,531,9092,7548,531,49,1023,10,16,0,1048576,0.999800026,1739691,3.1919086,1.02290511,0.947052002,1.02290511,0.400314331,73,75,74,75,75,74,75,75,74,76
751,0.600000024,262,262,1,512,12,500,0,500,302,220,16704,9552,7152,7152,0,668,8884,8037,668,30,485,10,16,0,1048576,0.999899983,3478694,9.81665611,1.24141109,1.17172182,1.24141109,1.2053833,159,4294967295,195,4294967295,4294967295,72,7,16,8,4294967295
752,0.300000012,262,262,1,512,3,509,0,509,3,519,16704,13856,2848,2848,0,3,13853,12553,3,3,44,3,16,0,1048576,0.999800026,1739691,4.58551884,1.34236956,1.30818951,1.34236956,inf,4294967295,4294967295,165,116,4294967295,95,4294967295,4294967295,4294967295,4294967295
753,0.400000006,262,262,1,512,4,508,0,508,6,516,16704,12104,4600,4600,0,6,12098,11544,6,6,39,6,16,0,1048576,0.999899983,3478694,9.21570301,1.63469195,1.58828497,1.63469195,inf,71,72,198,4294967295,4294967295,78,4294967295,4294967295,4294967295,4294967295
754,1,262,262,1,512,228,284,0,284,282,240,16704,12555,4149,4149,0,376,12179,10327,376,19,1023,10,16,0,1048576,0.999899983,3478694,9.85777283,1.73960447,1.70360494,1.73960447,0.865310669,74,73,75,74,75,75,75,74,75,76
755,0.200000003,262,262,1,512,2,510,0,510,2,520,16704,11750,4954,4954,0,2,11748,11176,2,2,3,2,16,0,1048576,0.999899983,3478694,10.6896315,1.27865577,1.22238159,1.27865577,inf,104,135,4294967295,4294967295,4294967295,4294967295,4294967295,4294967295,4294967295,4294967295
756,0.200000003,262,262,1,512,1,511,0,511,3,519,16704,11608,5096,5096,0,7,11601,10826,7,7,65,7,16,0,1048576,0.999899983,3478694,8.65258884,1.41667807,1.36686468,1.41667807,inf,255,4294967295,4294967295,4294967295,4294967295,4294967295,256,4294967295,4294967295,4294967295
757,0.800000012,262,262,1,512,13,499,0,499,13,509,16704,14061,2643,2643,0,13,14048,13126,13,11,639,10,16,0,1048576,0.999599993,869541.562,3.01763988,1.41838896,1.38313031,1.41838896,1.13723755,74,75,72,73,74,110,75,4294967295,4294967295,75
758,0.600000024,262,262,1,512,6,506,0,506,7,515,16704,13206,3498,3498,0,7,13199,12007,7,7,175,7,16,0,1048576,0.999899983,3478694,9.48325729,1.53691947,1.48406291,1.53691947,inf,103,103,170,170,4294967295,169,4294967295,251,4294967295,4294967295
759,0.400000006,262,262,1,512,5,507,0,507,6,516,16704,13292,3412,3412,0,6,13286,12470,6,6,786,6,16,0,1048576,0.999899983,3478694,11.6075974,1.24114311,1.19925034,1.24114311,inf,4294967295,224,4294967295,4294967295,72,4294967295,4294967295,4294967295,162,183
760,0.100000001,262,262,1,512,1,511,0,511,2,520,16704,14609,2095,2095,0,2,14607,13411,2,2,512,2,16,0,1048576,0.99970001,1159562.62,3.30588055,1.32952261,1.27773356,1.32952261,inf,4294967295,4294967295,4294967295,4294967295,4294967295,4294967295,4294967295,4294967295,4294967295,238
761,0,262,262,1,512,0,512,0,512,0,522,16704,13283,3421,3421,0,0,13283,12133,0,0,0,0,16,0,1048576,0.99970001,1159562.62,2.57711101,1.53702211,1.48246479,1.53702211,inf,4294967295,4294967295,4294967295,4294967295,4294967295,4294967295,4294967295,4294967295,4294967295,4294967295
762,0.699999988,262,262,1,512,7,505,0,505,8,514,16704,12488,4216,4216,0,8,12480,12025,8,8,607,8,16,0,1048576,0.999800026,1739691,7.41609907,1.40893853,1.36329448,1.40893853,inf,74,119,136,75,75,4294967295,88,4294967295,4294967295,104
763,0.400000006,262,262,1,512,5,507,0,507,5,517,16704,13959,2745,2745,0,6,13953,13063,6,6,263,6,16,0,1048576,0.999899983,3478694,13.1357517,1.07087326,1.03330469,1.07087326,inf,76,94,170,4294967295,4294967295,4294967295,4294967295,4294967295,178,4294967295
764,0.899999976,262,262,1,512,16,496,0,496,20,502,16704,13560,3144,3144,0,23,13537,12223,23,20,1019,10,16,0,1048576,0.999899983,3478694,10.6196146,1.76088905,1.72318327,1.76088905,1.50178528,150,203,4294967295,199,199,227,84,77,197,85
765,0.600000024,262,262,1,512,18,494,0,494,26,496,16704,13341,3363,3363,0,26,13315,12801,26,20,287,10,16,0,1048576,0.999800026,1739691,6.09907532,1.14044631,1.09444165,1.14044631,0.908660889,94,94,94,135,148,4294967295,4294967295,4294967295,191,4294967295
766,1,262,262,1,512,30,482,0,482,30,492,16704,9052,7652,7652,0,30,9022,8108,30,15,1023,10,16,0,1048576,0.999899983,3478694,6.45644474,1.9116044,1.84440458,1.9116044,0.851654053,100,85,107,193,131,86,132,101,96,117
767,0.699999988,262,262,1,512,8,504,0,504,10,512,16704,12469,4235,4235,0,12,12457,11344,12,12,319,10,16,0,1048576,0.999800026,1739691,4.46005964,1.45415449,1.41023493,1.45415449,1.6134491,71,152,100,76,200,201,4294967295,4294967295,162,4294967295
768,0.899999976,262,262,1,512,103,409,0,409,246,276,16704,14191,2513,2513,0,442,13749,11646,442,25,1007,10,16,0,1048576,0.999800026,1739691,5.07081652,1.29827881,1.25698829,1.29827881,0.957473755,75,76,86,87,4294967295,87,88,89,89,88
769,0.600000024,262,262,1,512,29,483,0,483,139,383,16704,14186,2518,2518,0,232,13954,11851,232,44,882,10,16,0,1048576,0.999899983,3478694,7.85469532,1.17733121,1.13722932,1.17733121,0.941070557,4294967295,167,4294967295,4294967295,213,172,242,4294967295,168,229
770,0.100000001,262,262,1,512,1,511,0,511,1,521,16704,10728,5976,5976,0,2,10726,10309,3,3,2,3,16,0,1048576,0.999899983,3478694,11.3114405,1.51874626,1.46653128,1.51874626,inf,4294967295,148,4294967295,4294967295,4294967295,4294967295,4294967295,4294967295,4294967295,4294967295
771,1,262,262,1,512,216,296,1,296,303,219,16704,14260,2444,2444,0,548,13712,11035,548,37,1023,10,16,0,1048576,0.999800026,1739691,6.24062681,1.6424408,1.17922974,1.6424408,1.11743164,99,109,98,99,81,109,99,173,92,99
772,0.100000001,262,262,1,512,1,511,0,511,2,520,16704,13362,3342,3342,0,3,13359,12123,3,3,1,3,16,0,1048576,0.99970001,1159562.62,2.9768517,1.88072169,1.80992126,1.88072169,inf,192,4294967295,4294967295,4294967295,4294967295,4294967295,4294967295,4294967295,4294967295,4294967295
773,0.800000012,262,262,1,512,9,503,0,503,12,510,16704,12502,4202,4202,0,12,12490,11228,12,11,495,10,16,0,1048576,0.999899983,3478694,7.0061512,1.4695828,1.40774059,1.4695828,1.47174072,108,96,104,121,4294967295,122,126,123,123,4294967295
774,0.300000012,262,262,1,512,4,508,0,508,4,518,16704,14296,2408,2408,0,4,14292,13149,4,4,28,4,16,0,1048576,0.999499977,695542.812,1.86019528,1.58401048,1.54390526,1.58401048,inf,4294967295,4294967295,229,183,106,4294967295,4294967295,4294967295,4294967295,4294967295
775,0.200000003,262,262,1,512,2,510,0,510,2,520,16704,14197,2507,2507,0,4,14193,13060,4,4,18,4,16,0,1048576,0.999899983,3478694,11.9076262,1.40695584,1.35948443,1.40695584,inf,4294967295,152,4294967295,4294967295,225,4294967295,4294967295,4294967295,4294967295,4294967295
776,0.400000006,262,262,1,512,5,507,0,507,5,517,16704,13885,2819,2819,0,5,13880,12907,5,5,836,5,16,0,1048576,0.999899983,3478694,10.32763,1.41676593,1.37189853,1.41676593,inf,4294967295,4294967295,107,4294967295,4294967295,4294967295,103,4294967295,165,166
777,0.300000012,262,262,1,512,3,509,0,509,4,518,16704,14541,2163,2163,0,5,14536,13268,5,5,22,5,16,0,1048576,0.999899983,3478694,10.387517,1.23510134,1.19250238,1.23510134,inf,4294967295,155,115,4294967295,242,4294967295,4294967295,4294967295,4294967295,4294967295
778,0.699999988,262,262,1,512,10,502,0,502,11,511,16704,12760,3944,3944,0,11,12749,12042,11,11,127,10,16,0,1048576,0.999899983,3478694,8.81943798,1.27588987,1.23280525,1.27588987,1.1446228,208,207,209,88,130,177,105,4294967295,4294967295,4294967295
779,0.5,262,262,1,512,5,507,0,507,5,517,16704,13826,2878,2878,0,5,13821,12803,5,5,155,5,16,0,1048576,0.999899983,3478694,10.9285831,1.32869482,1.28519261,1.32869482,inf,89,204,4294967295,194,90,4294967295,4294967295,195,4294967295,4294967295
780,1,262,262,1,512,465,47,102,47,442,80,16704,7468,9236,9236,0,719,6749,5536,719,71,1023,10,16,0,1048576,0.999899983,3478694,5.32932281,1.30417144,1.12741089,1.30417144,0.427398682,81,82,82,82,81,82,83,82,82,82
781,0.800000012,262,262,1,512,70,442,0,442,84,438,16704,14478,2226,2226,0,92,14386,12867,92,28,893,10,16,0,1048576,0.999899983,3478694,10.5749235,1.81351006,1.769912,1.81351006,1.40588379,91,4294967295,107,127,94,135,186,4294967295,120,98
782,0.200000003,262,262,1,512,2,510,0,510,2,520,16704,12148,4556,4556,0,2,12146,11737,2,2,3,2,16,0,1048576,0.99970001,1159562.62,3.5629065,1.42399991,1.38174665,1.42399991,inf,74,142,4294967295,4294967295,4294967295,4294967295,4294967295,4294967295,4294967295,4294967295
783,0.200000003,262,262,1,512,2,510,0,510,2,520,16704,10401,6303,6303,0,3,10398,9814,3,3,96,3,16,0,1048576,0.999899983,3478694,7.43399858,1.40773988,1.34547377,1.40773988,inf,4294967295,4294967295,4294967295,4294967295,4294967295,1,1,4294967295,4294967295,4294967295
784,0.600000024,262,262,1,512,14,498,0,498,14,508,16704,12789,3915,3915,0,15,12774,12237,15,13,111,10,16,0,1048576,0.999800026,1739691,5.80673456,1.3483032,1.3007108,1.3483032,1.11213684,99,183,87,87,4294967295,100,109,4294967295,4294967295,4294967295
785,0.899999976,262,262,1,512,164,348,0,348,261,261,16704,14591,2113,2113,0,409,14182,11765,409,31,767,10,16,0,1048576,0.999800026,1739691,5.62703896,1.52891457,1.48370111,1.52891457,1.16627502,106,132,122,83,108,107,205,78,4294967295,206
786,1,262,262,1,512,403,109,24,109,381,141,16704,8771,7933,7933,0,1118,7653,5572,1118,40,1023,10,16,0,1048576,0.999800026,1739691,3.63071775,0.873820484,0.851136804,0.873820484,0.546417236,66,65,67,68,66,70,71,75,68,69
787,1,262,262,1,512,98,414,0,414,188,334,16704,11783,4921,4921,0,222,11561,10791,222,22,1023,10,16,0,1048576,0.999899983,3478694,8.2935667,1.18192995,1.12178302,1.18192995,0.670684814,69,68,113,76,67,160,73,77,77,89
788,1,262,262,1,512,448,64,45,64,403,119,16704,6862,9842,9842,0,602,6260,5134,602,21,1023,10,16,0,1048576,0.999899983,3478694,7.67563105,0.791690052,0.749801636,0.791690052,0.340499878,59,60,61,60,60,59,60,62,61,60
789,0.899999976,262,262,1,512,11,501,0,501,11,511,16704,12228,4476,4476,0,12,12216,11469,12,11,511,10,16,0,1048576,0.999899983,3478694,7.98132181,1.67289782,1.6331501,1.67289782,1.48223877,76,75,75,75,78,77,76,78,77,4294967295
790,0.300000012,262,262,1,512,3,509,0,509,4,518,16704,14015,2689,2689,0,5,14010,13033,6,6,56,6,16,0,1048576,0.99970001,1159562.62,4.03951645,1.61168456,1.56278682,1.61168456,inf,4294967295,4294967295,4294967295,197,163,203,4294967295,4294967295,4294967295,4294967295
791,0.200000003,262,262,1,512,2,510,0,510,2,520,16704,11580,5124,5124,0,2,11578,11114,2,2,9,2,16,0,1048576,0.999800026,1739691,7.42801905,1.18797529,1.12461054,1.18797529,inf,200,4294967295,4294967295,161,4294967295,4294967295,4294967295,4294967295,4294967295,4294967295
792,0.899999976,262,262,1,512,147,365,1,365,291,231,16704,11950,4754,4754,0,625,11325,8935,625,45,1015,10,16,0,1048576,0.99970001,1159562.62,2.22384953,1.58236027,1.52229977,1.58236027,1.22862244,52,56,55,4294967295,54,50,53,53,66,61
793,0.899999976,262,262,1,512,153,359,0,359,262,260,16704,12738,3966,3966,0,329,12409,10835,329,17,895,10,16,0,1048576,0.999899983,3478694,9.15104961,1.52477717,1.47892499,1.52477717,1.14402771,195,67,67,68,81,68,79,4294967295,68,237
794,0,262,262,1,512,0,512,0,512,0,522,16704,13172,3532,3532,0,0,13172,12217,0,0,0,0,16,0,1048576,0.999800026,1739691,5.11596394,1.70255208,1.65345764,1.70255208,inf,4294967295,4294967295,4294967295,4294967295,4294967295,4294967295,4294967295,4294967295,4294967295,4294967295
795,0.600000024,262,262,1,512,7,505,0,505,8,514,16704,12945,3759,3759,0,8,12937,11701,8,8,349,8,16,0,1048576,0.999899983,3478694,7.60769987,1.55499876,1.50297093,1.55499876,inf,71,4294967295,199,116,180,4294967295,224,4294967295,72,4294967295
796,1,262,262,1,512,313,199,0,199,351,171,16704,12664,4040,4040,0,689,11975,8837,689,32,1023,10,16,0,1048576,0.999599993,869541.562,2.42117214,1.15439081,1.13186955,1.15439081,0.784942627,67,69,77,78,71,68,70,68,68,67
797,0.699999988,262,262,1,512,8,504,0,504,8,514,16704,10500,6204,6204,0,8,10492,9906,8,8,191,8,16,0,1048576,0.999899983,3478694,8.88230419,1.962991,1.89326632,1.962991,inf,81,101,245,144,252,105,4294967295,246,4294967295,4294967295
798,0.400000006,262,262,1,512,6,506,0,506,7,515,16704,10276,6428,6428,0,7,10269,9556,7,7,15,7,16,0,1048576,0.999899983,3478694,7.64077187,1.9954443,1.92622709,1.9954443,inf,70,143,0,124,4294967295,4294967295,4294967295,4294967295,4294967295,4294967295
799,0.400000006,262,262,1,512,4,508,0,508,4,518,16704,11493,5211,5211,0,4,11489,11078,4,4,15,4,16,0,1048576,0.99970001,1159562.62,4.09195471,1.33179379,1.2738626,1.33179379,inf,71,73,72,73,4294967295,4294967295,4294967295,4294967295,4294967295,4294967295
800,0.300000012,262,262,1,512,3,509,0,509,3,519,16704,12615,4089,4089,0,3,12612,11704,3,3,82,3,16,0,1048576,0.999899983,3478694,8.03167439,1.57896686,1.53525996,1.57896686,inf,4294967295,110,4294967295,4294967295,154,4294967295,204,4294967295,4294967295,4294967295
801,0.5,262,262,1,512,6,506,0,506,6,516,16704,12229,4475,4475,0,6,12223,11580,7,7,527,7,16,0,1048576,0.999499977,695542.812,2.3731699,1.07911348,1.03287244,1.07911348,inf,78,104,89,197,4294967295,4294967295,4294967295,4294967295,4294967295,205
802,0.200000003,262,262,1,512,3,509,0,509,3,519,16704,11523,5181,5181,0,3,11520,10686,3,3,33,3,16,0,1048576,0.999599993,869541.562,1.92502165,2.15350366,2.07805443,2.15350366,inf,71,4294967295,4294967295,4294967295,4294967295,238,4294967295,4294967295,4294967295,4294967295
803,0.100000001,262,262,1,512,1,511,0,511,3,519,16704,12270,4434,4434,0,3,12267,11663,3,3,1,3,16,0,1048576,0.999800026,1739691,4.5794096,1.05295277,1.00710666,1.05295277,inf,214,4294967295,4294967295,4294967295,4294967295,4294967295,4294967295,4294967295,4294967295,4294967295
804,0.699999988,262,262,1,512,26,486,0,486,33,489,16704,13851,2853,2853,0,36,13815,13104,36,23,415,10,16,0,1048576,0.999300003,496742.062,2.37644005,1.38332534,1.3367902,1.38332534,1.04728699,95,96,161,95,127,4294967295,4294967295,90,164,4294967295
805,0.899999976,262,262,1,512,111,401,0,401,256,266,16704,12623,4081,4081,0,473,12150,10619,473,33,895,10,16,0,1048576,0.99970001,1159562.62,3.00436187,1.32069325,1.27899337,1.32069325,0.985916138,82,71,70,76,66,134,85,4294967295,248,84
806,1,262,262,1,512,16,496,0,496,17,505,16704,9902,6802,6802,0,19,9883,9220,19,12,1023,10,16,0,1048576,0.999599993,869541.562,2.15053105,1.77891254,1.72932339,1.77891254,0.782699585,69,69,68,69,69,69,71,69,71,69
807,1,262,262,1,512,30,482,0,482,32,490,16704,11004,5700,5700,0,32,10972,10352,32,12,1023,10,16,0,1048576,0.999800026,1739691,3.22230482,1.47112441,1.4187367,1.47112441,0.609054565,66,67,67,66,66,65,66,68,67,66
808,0.5,262,262,1,512,8,504,0,504,96,426,16704,14089,2615,2615,0,108,13981,13054,108,35,109,10,16,0,1048576,0.999800026,1739691,8.48265076,1.37672627,1.32491934,1.37672627,1.48210144,111,4294967295,149,222,4294967295,18,223,4294967295,4294967295,4294967295
809,0,262,262,1,512,2,510,0,510,3,519,16704,14028,2676,2676,0,4,14024,13093,4,4,0,4,16,0,1048576,0.999899983,3478694,14.1898766,1.35451841,1.31365108,1.35451841,inf,4294967295,4294967295,4294967295,4294967295,4294967295,4294967295,4294967295,4294967295,4294967295,4294967295
810,0.200000003,262,262,1,512,3,509,0,509,3,519,16704,12409,4295,4295,0,4,12405,12004,4,4,528,4,16,0,1048576,0.999199986,434596.5,1.87772191,1.16336477,1.11832511,1.16336477,inf,4294967295,4294967295,4294967295,4294967295,67,4294967295,4294967295,4294967295,4294967295,122
811,0.899999976,262,262,1,512,47,465,0,465,105,417,16704,13120,3584,3584,0,108,13012,12081,108,19,991,10,16,0,1048576,0.999899983,3478694,9.75170422,1.3907392,1.34760821,1.3907392,1.06445312,82,76,77,83,83,4294967295,89,90,89,101
812,0.800000012,262,262,1,512,8,504,0,504,10,512,16704,9323,7381,7381,0,12,9311,8785,12,12,255,10,16,0,1048576,0.999899983,3478694,9.14151478,1.78965521,1.71368289,1.78965521,2.26979065,95,75,76,114,178,139,141,135,4294967295,4294967295
813,0.899999976,262,262,1,512,32,480,0,480,146,376,16704,13247,3457,3457,0,365,12882,10647,365,23,1019,10,16,0,1048576,0.999899983,3478694,7.03713751,1.86801744,1.81097651,1.86801744,1.58343506,69,70,4294967295,98,71,259,88,245,72,92
814,0.100000001,262,262,1,512,1,511,0,511,1,521,16704,12420,4284,4284,0,2,12418,11674,2,2,1,2,16,0,1048576,0.999800026,1739691,4.63007021,1.31866097,1.27543724,1.31866097,inf,249,4294967295,4294967295,4294967295,4294967295,4294967295,4294967295,4294967295,4294967295,4294967295
815,0.100000001,262,262,1,512,2,510,0,510,3,519,16704,11130,5574,5574,0,3,11127,10308,3,3,1,3,16,0,1048576,0.99970001,1159562.62,2.68089461,1.73911715,1.70134568,1.73911715,inf,82,4294967295,4294967295,4294967295,4294967295,4294967295,4294967295,4294967295,4294967295,4294967295
816,0.899999976,262,262,1,512,93,419,3,419,211,311,16704,12702,4002,4002,0,285,12417,11465,285,50,895,10,16,0,1048576,0.99970001,1159562.62,4.00525284,1.43624854,1.38353586,1.43624854,1.07524109,71,169,66,70,65,68,73,4294967295,65,65
817,0.300000012,262,262,1,512,4,508,0,508,4,518,16704,14563,2141,2141,0,5,14558,13690,5,5,11,5,16,0,1048576,0.999499977,695542.812,3.36974978,1.50679541,1.46569824,1.50679541,inf,246,231,4294967295,154,4294967295,4294967295,4294967295,4294967295,4294967295,4294967295
818,0.300000012,262,262,1,512,5,507,0,507,5,517,16704,12855,3849,3849,0,6,12849,12052,6,6,137,6,16,0,1048576,0.999599993,869541.562,2.71921968,1.5389092,1.49296629,1.5389092,inf,68,4294967295,4294967295,77,4294967295,4294967295,4294967295,153,4294967295,4294967295
819,0,262,262,1,512,0,512,0,512,3,519,16704,12000,4704,4704,0,3,11997,10857,3,3,0,3,16,0,1048576,0.999499977,695542.812,1.50496745,1.46746159,1.4265573,1.46746159,inf,4294967295,4294967295,4294967295,4294967295,4294967295,4294967295,4294967295,4294967295,4294967295,4294967295
820,0.699999988,262,262,1,512,10,502,0,502,15,507,16704,9532,7172,7172,0,16,9516,8897,16,16,733,10,16,0,1048576,0.999499977,695542.812,1.37081134,2.25463438,2.19116116,2.25463438,1.98043823,65,4294967295,243,237,240,4294967295,147,121,4294967295,186
821,0.300000012,262,262,1,512,4,508,0,508,4,518,16704,12749,3955,3955,0,5,12744,12100,5,5,35,5,16,0,1048576,0.999899983,3478694,11.3749027,1.64584768,1.6001122,1.64584768,inf,119,69,4294967295,4294967295,4294967295,91,4294967295,4294967295,4294967295,4294967295
822,0.5,262,262,1,512,8,504,1,504,7,515,16704,14426,2278,2278,0,9,14417,13247,9,9,653,9,16,0,1048576,0.99970001,1159562.62,3.21043944,1.27991664,1.24802709,1.27991664,inf,105,4294967295,126,70,4294967295,4294967295,4294967295,201,4294967295,138
823,0.100000001,262,262,1,512,4,508,0,508,10,512,16704,13091,3613,3613,0,10,13081,12550,10,10,1,10,16,0,1048576,0.999899983,3478694,15.6071959,1.40722609,1.3603512,1.40722609,2.13963318,213,4294967295,4294967295,4294967295,4294967295,4294967295,4294967295,4294967295,4294967295,4294967295
824,0.200000003,262,262,1,512,3,509,1,509,4,518,16704,14164,2540,2540,0,5,14159,13043,5,5,520,5,16,0,1048576,0.99970001,1159562.62,3.78070307,1.32091177,1.27576256,1.32091177,inf,4294967295,4294967295,4294967295,226,4294967295,4294967295,4294967295,4294967295,4294967295,135
825,1,262,262,1,512,119,393,0,393,290,232,16704,12410,4294,4294,0,569,11841,9666,569,53,1023,10,16,0,1048576,0.999800026,1739691,5.53942585,1.5766722,1.54077446,1.5766722,1.25190735,25,26,73,37,25,26,38,27,26,23
826,0,262,262,1,512,0,512,0,512,1,521,16704,14365,2339,2339,0,1,14364,13023,1,1,0,1,16,0,1048576,0.99970001,1159562.62,3.28005886,1.49536777,1.46003735,1.49536777,inf,4294967295,4294967295,4294967295,4294967295,4294967295,4294967295,4294967295,4294967295,4294967295,4294967295
827,0.300000012,262,262,1,512,5,507,0,507,8,514,16704,13714,2990,2990,0,8,13706,12802,8,8,7,8,16,0,1048576,0.999800026,1739691,4.84418535,1.25480235,1.21525168,1.25480235,inf,196,243,68,4294967295,4294967295,4294967295,4294967295,4294967295,4294967295,4294967295
828,0.200000003,262,262,1,512,2,510,0,510,2,520,16704,12051,4653,4653,0,2,12049,11596,2,2,18,2,16,0,1048576,0.999800026,1739691,4.99661398,1.39908183,1.34591091,1.39908183,inf,4294967295,210,4294967295,4294967295,125,4294967295,4294967295,4294967295,4294967295,4294967295
829,0.200000003,262,262,1,512,2,510,0,510,4,518,16704,11014,5690,5690,0,6,11008,10040,6,6,6,6,16,0,1048576,0.999599993,869541.562,1.99770904,1.65268505,1.60052943,1.65268505,inf,4294967295,100,110,4294967295,4294967295,4294967295,4294967295,4294967295,4294967295,4294967295
830,0.800000012,262,262,1,512,140,372,0,372,235,287,16704,13461,3243,3243,0,314,13147,11811,314,38,255,10,16,0,1048576,0.999800026,1739691,6.52358055,1.1525737,1.11295736,1.1525737,0.85017395,75,100,81,219,112,83,82,91,4294967295,4294967295
831,1,262,262,1,512,139,373,0,373,231,291,16704,9701,7003,7003,0,286,9415,8249,286,32,1023,10,16,0,1048576,0.99970001,1159562.62,2.8783319,1.56625283,1.52874732,1.56625283,1.07725525,6,30,118,115,5,6,13,13,17,4
832,1,262,262,1,512,165,347,2,347,391,131,16704,11752,4952,4952,0,540,11212,10136,540,39,1023,10,16,0,1048576,0.99970001,1159562.62,1.60551763,1.46161437,1.1889801,1.46161437,1.00971985,103,104,103,104,107,107,104,104,105,105
833,1,262,262,1,512,114,398,0,398,192,330,16704,12588,4116,4116,0,214,12374,11372,214,17,1023,10,16,0,1048576,0.999899983,3478694,13.1667376,1.36163759,1.31727266,1.36163759,0.758422852,187,69,71,74,70,70,69,70,69,72
834,1,262,262,1,512,434,78,0,78,440,82,16704,5225,11479,11479,0,1264,3961,1376,1264,46,1023,10,16,0,1048576,0.99970001,1159562.62,2.78060627,1.14294589,1.0976851,1.14294589,0.591369629,3,4,4,4,4,9,5,4,5,6
835,0.200000003,262,262,1,512,5,507,0,507,5,517,16704,13987,2717,2717,0,6,13981,12526,6,6,3,6,16,0,1048576,0.999499977,695542.812,1.73878753,1.4521203,1.4107511,1.4521203,inf,169,90,4294967295,4294967295,4294967295,4294967295,4294967295,4294967295,4294967295,4294967295
836,1,262,262,1,512,156,356,0,356,211,311,16704,12676,4028,4028,0,223,12453,11537,224,30,1023,10,16,0,1048576,0.99940002,579606.938,1.75500429,1.1061132,1.06164706,1.1061132,0.640609741,79,72,78,69,105,66,64,64,74,68
837,0.400000006,262,262,1,512,4,508,0,508,6,516,16704,13866,2838,2838,0,6,13860,12619,6,6,15,6,16,0,1048576,0.999499977,695542.812,1.71853304,1.84863687,1.80762041,1.84863687,inf,168,130,68,92,4294967295,4294967295,4294967295,4294967295,4294967295,4294967295
838,1,262,262,1,512,191,321,1,321,319,203,16704,11008,5696,5696,0,772,10236,8870,772,62,1023,10,16,0,1048576,0.99970001,1159562.62,2.53539896,0.968191266,0.92772764,0.968191266,0.560638428,192,190,74,193,192,236,198,73,201,201
839,0.100000001,262,262,1,512,3,509,0,509,6,516,16704,14632,2072,2072,0,6,14626,12699,6,6,1,6,16,0,1048576,0.999800026,1739691,4.53470945,1.47467363,1.43532884,1.47467363,inf,75,4294967295,4294967295,4294967295,4294967295,4294967295,4294967295,4294967295,4294967295,4294967295
840,0.899999976,262,262,1,512,15,497,0,497,16,506,16704,11460,5244,5244,0,16,11444,10814,16,13,511,10,16,0,1048576,0.999899983,3478694,7.53559732,1.24001884,1.19017112,1.24001884,0.721130371,70,72,65,71,73,71,71,66,96,4294967295
841,0.400000006,262,262,1,512,4,508,0,508,8,514,16704,14204,2500,2500,0,10,14194,12941,10,10,29,10,16,0,1048576,0.999800026,1739691,5.7998805,1.59008551,1.55594659,1.59008551,2.4468689,84,4294967295,86,239,240,4294967295,4294967295,4294967295,4294967295,4294967295
842,0,262,262,1,512,0,512,0,512,3,519,16704,11580,5124,5124,0,3,11577,10606,3,3,0,3,16,0,1048576,0.999899983,3478694,8.45237064,1.79754388,1.74235928,1.79754388,inf,4294967295,4294967295,4294967295,4294967295,4294967295,4294967295,4294967295,4294967295,4294967295,4294967295
843,0.600000024,262,262,1,512,8,504,0,504,8,514,16704,13354,3350,3350,0,9,13345,12764,9,9,655,9,16,0,1048576,0.999499977,695542.812,2.93505287,1.63854623,1.59669578,1.63854623,inf,223,85,110,140,4294967295,4294967295,4294967295,253,4294967295,161
844,0.200000003,262,262,1,512,2,510,0,510,3,519,16704,11197,5507,5507,0,3,11194,10585,3,3,5,3,16,0,1048576,0.99970001,1159562.62,2.88359547,1.28271747,1.220999,1.28271747,inf,115,4294967295,65,4294967295,4294967295,4294967295,4294967295,4294967295,4294967295,4294967295
845,0,262,262,1,512,0,512,0,512,2,520,16704,11978,4726,4726,0,2,11976,11382,2,2,0,2,16,0,1048576,0.99970001,1159562.62,3.78288794,1.82606053,1.77499294,1.82606053,inf,4294967295,4294967295,4294967295,4294967295,4294967295,4294967295,4294967295,4294967295,4294967295,4294967295
846,1,262,262,1,512,410,102,42,102,369,153,16704,9824,6880,6880,0,932,8892,7214,932,39,1023,10,16,0,1048576,0.99970001,1159562.62,4.98449373,0.669249177,0.440032959,0.669249177,0.350387573,74,74,80,93,103,75,79,90,73,75
847,0.300000012,262,262,1,512,3,509,0,509,3,519,16704,9765,6939,6939,0,3,9762,9036,3,3,13,3,16,0,1048576,0.999300003,496742.062,1.13965476,1.48173654,1.44169438,1.48173654,inf,26,4294967295,229,216,4294967295,4294967295,4294967295,4294967295,4294967295,4294967295
848,1,262,262,1,512,34,478,0,478,38,484,16704,10750,5954,5954,0,40,10710,9966,40,22,1023,10,16,0,1048576,0.999899983,3478694,6.32534933,1.28364527,1.21289229,1.28364527,0.495849609,73,69,86,75,74,81,76,75,80,76
849,1,262,262,1,512,145,367,0,367,206,316,16704,11249,5455,5455,0,219,11030,10318,220,31,1023,10,16,0,1048576,0.99970001,1159562.62,4.09433794,1.24803114,1.20254171,1.24803114,0.0546417236,76,77,76,77,77,77,76,76,77,76
850,0.899999976,262,262,1,512,18,494,0,494,19,503,16704,10931,5773,5773,0,19,10912,10399,19,15,959,10,16,0,1048576,0.999599993,869541.562,2.32792974,1.47241783,1.40701628,1.47241783,0.899337769,78,80,81,80,80,127,4294967295,83,79,79
851,0.899999976,262,262,1,512,44,468,0,468,49,473,16704,12548,4156,4156,0,49,12499,12097,49,19,959,10,16,0,1048576,0.99940002,579606.938,2.54754353,1.51471603,1.47029829,1.51471603,1.12031555,74,137,74,85,138,104,4294967295,238,140,90
852,0.899999976,262,262,1,512,39,473,0,473,94,428,16704,12169,4535,4535,0,127,12042,11064,128,27,895,10,16,0,1048576,0.999599993,869541.562,2.28034043,1.66724765,1.62201118,1.66724765,1.41323853,74,117,107,73,75,163,87,4294967295,70,70
853,0.600000024,262,262,1,512,12,500,0,500,13,509,16704,13934,2770,2770,0,14,13920,13337,14,12,559,10,16,0,1048576,0.99940002,579606.938,2.48668218,1.35438907,1.31557333,1.35438907,1.24905396,73,73,74,74,4294967295,79,4294967295,4294967295,4294967295,227
854,0.300000012,262,262,1,512,6,506,0,506,15,507,16704,13904,2800,2800,0,16,13888,12697,16,15,35,10,16,0,1048576,0.99970001,1159562.62,3.15323424,1.59084952,1.54127407,1.59084952,1.74435425,108,235,4294967295,4294967295,4294967295,109,4294967295,4294967295,4294967295,4294967295
855,0.400000006,262,262,1,512,7,505,2,505,7,515,16704,10287,6417,6417,0,11,10276,9749,12,12,195,10,16,0,1048576,0.999899983,3478694,7.36576939,1.24788511,1.19337964,1.24788511,1.99087524,66,78,4294967295,4294967295,4294967295,4294967295,252,253,4294967295,4294967295
856,1,262,262,1,512,234,278,0,278,373,149,16704,10026,6678,6678,0,525,9501,7490,525,39,1023,10,16,0,1048576,0.99970001,1159562.62,2.93106771,1.11119485,1.06951296,1.11119485,0.649353027,13,10,9,13,11,11,12,12,9,9
857,0.699999988,262,262,1,512,17,495,0,495,23,499,16704,13304,3400,3400,0,24,13280,12563,24,22,815,10,16,0,1048576,0.99940002,579606.938,2.09877729,1.56689644,1.51904416,1.56689644,1.38656616,79,77,187,155,4294967295,89,4294967295,4294967295,166,90
858,0.300000012,262,262,1,512,5,507,0,507,5,517,16704,13390,3314,3314,0,5,13385,12612,5,5,42,5,16,0,1048576,0.99940002,579606.938,1.70044744,1.34405148,1.30605912,1.34405148,inf,4294967295,95,4294967295,117,4294967295,210,4294967295,4294967295,4294967295,4294967295
859,0.699999988,262,262,1,512,13,499,0,499,17,505,16704,13072,3632,3632,0,17,13055,12521,19,19,719,10,16,0,1048576,0.999499977,695542.812,2.53550363,1.15066767,1.11118066,1.15066767,0.929611206,74,102,186,92,4294967295,4294967295,75,135,4294967295,242
860,1,262,262,1,512,163,349,0,349,183,339,16704,10492,6212,6212,0,192,10300,9521,192,47,1023,10,16,0,1048576,0.999499977,695542.812,1.84303856,1.60745311,1.54974687,1.60745311,0.711364746,128,82,81,134,79,84,82,83,83,135
861,0.300000012,262,262,1,512,3,509,0,509,4,518,16704,12439,4265,4265,0,4,12435,11716,4,4,19,4,16,0,1048576,0.999300003,496742.062,1.47980261,1.31103361,1.26105917,1.31103361,inf,185,101,4294967295,4294967295,221,4294967295,4294967295,4294967295,4294967295,4294967295
862,0.699999988,262,262,1,512,26,486,0,486,32,490,16704,12380,4324,4324,0,32,12348,11959,33,24,847,10,16,0,1048576,0.999899983,3478694,12.6054115,1.0692966,1.01442337,1.0692966,0.652511597,70,187,244,98,4294967295,4294967295,123,4294967295,95,241
863,0.200000003,262,262,1,512,5,507,0,507,21,501,16704,13997,2707,2707,0,44,13953,12283,44,20,3,10,16,0,1048576,0.999800026,1739691,4.29734993,1.61492932,1.57493484,1.61492932,1.66854858,77,78,4294967295,4294967295,4294967295,4294967295,4294967295,4294967295,4294967295,4294967295
864,0.200000003,262,262,1,512,4,508,0,508,6,516,16704,14032,2672,2672,0,6,14026,12691,6,6,320,6,16,0,1048576,0.999800026,1739691,5.3740344,1.68362045,1.64812446,1.68362045,inf,4294967295,4294967295,4294967295,4294967295,4294967295,4294967295,82,4294967295,193,4294967295
865,1,262,262,1,512,71,441,0,441,71,451,16704,9315,7389,7389,0,72,9243,8562,72,21,1023,10,16,0,1048576,0.999800026,1739691,2.51395202,1.53626943,1.47288394,1.53626943,0.345916748,67,67,68,66,66,67,66,66,66,67
866,1,262,262,1,512,86,426,1,426,257,265,16704,9713,6991,6991,0,402,9311,8232,402,34,1023,10,16,0,1048576,0.999499977,695542.812,1.52593684,1.60874939,1.563218,1.60874939,1.17744446,14,159,155,157,244,5,17,23,13,18
867,0.5,262,262,1,512,7,505,0,505,8,514,16704,13880,2824,2824,0,8,13872,12400,8,8,307,8,16,0,1048576,0.999800026,1739691,3.84274673,1.62069881,1.57194436,1.62069881,inf,69,68,4294967295,4294967295,84,227,4294967295,4294967295,229,4294967295
868,1,262,262,1,512,370,142,10,142,361,161,16704,7486,9218,9218,0,1637,5849,1755,1637,37,1023,10,16,0,1048576,0.99970001,1159562.62,3.20199752,1.14862537,1.11375797,1.14862537,0.674133301,4,5,6,4,4,5,11,5,5,5
869,0.300000012,262,262,1,512,3,509,0,509,4,518,16704,13667,3037,3037,0,4,13663,12853,5,5,35,5,16,0,1048576,0.999599993,869541.562,2.90190625,1.39986956,1.35847259,1.39986956,inf,113,114,4294967295,4294967295,4294967295,203,4294967295,4294967295,4294967295,4294967295
870,0.300000012,262,262,1,512,14,498,1,498,18,504,16704,13561,3143,3143,0,23,13538,12286,23,21,769,10,16,0,1048576,0.999599993,869541.562,2.19826937,1.52918315,1.49079144,1.52918315,1.47221375,107,4294967295,4294967295,4294967295,4294967295,4294967295,4294967295,4294967295,195,177
871,1,262,262,1,512,159,353,0,353,295,227,16704,11330,5374,5374,0,886,10444,6863,886,38,1023,10,16,0,1048576,0.999599993,869541.562,3.47483993,1.50577295,1.47775471,1.50577295,1.24171448,5,33,0,142,1,155,18,3,7,20
872,0.100000001,262,262,1,512,1,511,0,511,1,521,16704,10722,5982,5982,0,1,10721,10204,2,2,1,2,16,0,1048576,0.999599993,869541.562,2.6159234,2.1232233,2.06069589,2.1232233,inf,104,4294967295,4294967295,4294967295,4294967295,4294967295,4294967295,4294967295,4294967295,4294967295
873,1,262,262,1,512,85,427,0,427,142,380,16704,11159,5545,5545,0,146,11013,10386,146,24,1023,10,16,0,1048576,0.999599993,869541.562,2.053267,1.26319003,1.21464825,1.26319003,0.657394409,71,75,74,74,77,154,228,79,77,79
874,1,262,262,1,512,13,499,0,499,13,509,16704,9179,7525,7525,0,14,9165,8527,14,13,1023,10,16,0,1048576,0.999899983,3478694,6.47789669,1.92745864,1.84401143,1.92745864,1.40640259,94,68,125,115,179,97,95,94,178,96
875,1,262,262,1,512,365,147,0,147,374,148,16704,7755,8949,8949,0,1737,6018,2042,1737,25,1023,10,16,0,1048576,0.999599993,869541.562,2.10107994,1.30479789,1.26670921,1.30479789,0.903549194,2,3,3,1,4,2,2,2,2,33
876,1,262,262,1,512,64,448,1,448,89,433,16704,12545,4159,4159,0,100,12445,11677,100,35,1023,10,16,0,1048576,0.99940002,579606.938,2.33770561,1.64183688,1.5845871,1.64183688,0.995559692,102,102,104,104,103,103,100,80,128,130
877,0.800000012,262,262,1,512,21,491,0,491,24,498,16704,12389,4315,4315,0,24,12365,11898,24,16,765,10,16,0,1048576,0.99940002,579606.938,2.33850002,1.15910029,1.10538363,1.15910029,0.851608276,64,4294967295,71,92,74,144,96,145,4294967295,75
878,0.5,262,262,1,512,39,473,0,473,212,310,16704,14739,1965,1965,0,570,14169,12582,570,41,171,10,16,0,1048576,0.999800026,1739691,6.49020433,1.40592206,1.36377716,1.40592206,1.24510193,209,73,4294967295,246,4294967295,90,4294967295,81,4294967295,4294967295
879,0.100000001,262,262,1,512,3,509,0,509,5,517,16704,14140,2564,2564,0,6,14134,13007,6,6,1,6,16,0,1048576,0.999499977,695542.812,2.35041332,1.25616717,1.2065872,1.25616717,inf,127,4294967295,4294967295,4294967295,4294967295,4294967295,4294967295,4294967295,4294967295,4294967295
880,0.400000006,262,262,1,512,5,507,0,507,6,516,16704,13260,3444,3444,0,9,13251,12223,9,9,39,9,16,0,1048576,0.999599993,869541.562,2.05215001,1.48638284,1.44038391,1.48638284,inf,109,162,109,4294967295,4294967295,83,4294967295,4294967295,4294967295,4294967295
881,0.899999976,262,262,1,512,9,503,0,503,12,510,16704,14472,2232,2232,0,18,14454,12623,18,18,767,10,16,0,1048576,0.999899983,3478694,9.02472115,1.60173798,1.56087148,1.60173798,1.63928223,76,81,76,109,76,225,76,82,4294967295,137
882,0.800000012,262,262,1,512,119,393,1,393,206,316,16704,13083,3621,3621,0,226,12857,11870,226,34,383,10,16,0,1048576,0.99970001,1159562.62,3.14717603,1.2572943,1.05331421,1.2572943,0.853759766,135,117,115,134,120,1,228,4294967295,141,4294967295
883,0.400000006,262,262,1,512,4,508,0,508,6,516,16704,14462,2242,2242,0,7,14455,13338,7,7,228,7,16,0,1048576,0.999899983,3478694,14.9240103,1.75149477,1.71546102,1.75149477,inf,4294967295,4294967295,81,4294967295,4294967295,171,154,247,4294967295,4294967295
884,1,262,262,1,512,327,185,1,185,375,147,16704,12307,4397,4397,0,683,11624,8755,683,45,1023,10,16,0,1048576,0.999800026,1739691,4.74480152,0.812100291,0.793769419,0.812100291,0.537139893,64,61,61,65,65,64,58,64,63,59
885,0,262,262,1,512,0,512,0,512,3,519,16704,8174,8530,8530,0,4,8170,7501,4,4,0,4,16,0,1048576,0.999499977,695542.812,1.7421236,1.94861674,1.87117577,1.94861674,inf,4294967295,4294967295,4294967295,4294967295,4294967295,4294967295,4294967295,4294967295,4294967295,4294967295
886,0.400000006,262,262,1,512,4,508,0,508,4,518,16704,12432,4272,4272,0,5,12427,11853,5,5,149,5,16,0,1048576,0.999599993,869541.562,3.73602271,1.39428473,1.34507608,1.39428473,inf,88,4294967295,89,4294967295,188,4294967295,4294967295,170,4294967295,4294967295
887,1,262,262,1,512,418,94,0,94,425,97,16704,7729,8975,8975,0,1368,6361,1916,1368,48,1023,10,16,0,1048576,0.999599993,869541.562,3.80453944,0.818952322,0.80094409,0.818952322,0.461791992,5,6,5,6,5,6,6,6,7,6
888,0.400000006,262,262,1,512,4,508,0,508,4,518,16704,7741,8963,8963,0,4,7737,7462,4,4,39,4,16,0,1048576,0.999499977,695542.812,1.29616761,1.76651669,1.71627903,1.76651669,inf,30,37,161,4294967295,4294967295,185,4294967295,4294967295,4294967295,4294967295
889,0.400000006,262,262,1,512,4,508,0,508,8,514,16704,14152,2552,2552,0,13,14139,12851,15,14,139,10,16,0,1048576,0.99970001,1159562.62,2.83900332,1.65487742,1.61055148,1.65487742,2.10610962,90,158,4294967295,177,4294967295,4294967295,4294967295,90,4294967295,4294967295
890,0.899999976,262,262,1,512,63,449,0,449,227,295,16704,12546,4158,4158,0,398,12148,11301,398,16,767,10,16,0,1048576,0.999300003,496742.062,1.75817502,1.42373657,1.3722136,1.42373657,0.915634155,66,67,66,67,68,67,67,67,4294967295,185
891,0.300000012,262,262,1,512,5,507,1,507,5,517,16704,13419,3285,3285,0,7,13412,12828,8,8,11,8,16,0,1048576,0.999199986,434596.5,1.72339773,1.29747272,1.24931574,1.29747272,inf,150,123,4294967295,129,4294967295,4294967295,4294967295,4294967295,4294967295,4294967295
892,0.300000012,262,262,1,512,3,509,0,509,7,515,16704,13925,2779,2779,0,8,13917,12052,8,8,261,8,16,0,1048576,0.99970001,1159562.62,2.68744946,1.25026941,1.20817971,1.25026941,inf,242,4294967295,75,4294967295,4294967295,4294967295,4294967295,4294967295,31,4294967295
893,0.5,262,262,1,512,5,507,0,507,12,510,16704,14161,2543,2543,0,14,14147,12811,14,14,271,10,16,0,1048576,0.999499977,695542.812,2.43113327,1.5551151,1.50885713,1.5551151,2.01391602,1,0,140,89,4294967295,4294967295,4294967295,4294967295,192,4294967295
894,0.400000006,262,262,1,512,4,508,0,508,12,510,16704,11979,4725,4725,0,13,11966,11472,13,13,39,10,16,0,1048576,0.99970001,1159562.62,3.94407535,1.38616037,1.34535074,1.38616037,1.75375366,80,162,115,4294967295,4294967295,232,4294967295,4294967295,4294967295,4294967295
895,0.300000012,262,262,1,512,4,508,0,508,4,518,16704,11959,4745,4745,0,4,11955,10843,4,4,19,4,16,0,1048576,0.999100029,386288.438,0.998039663,1.44701314,1.40706038,1.44701314,inf,151,121,4294967295,4294967295,156,4294967295,4294967295,4294967295,4294967295,4294967295
896,0.300000012,262,262,1,512,5,507,0,507,5,517,16704,14136,2568,2568,0,7,14129,12891,7,7,769,7,16,0,1048576,0.99970001,1159562.62,3.39327741,1.4421711,1.40284204,1.4421711,inf,81,4294967295,4294967295,4294967295,4294967295,4294967295,4294967295,4294967295,198,127
897,1,262,262,1,512,105,407,0,407,247,275,16704,10880,5824,5824,0,270,10610,10365,270,41,1023,10,16,0,1048576,0.999499977,695542.812,2.18396902,1.58104157,1.52216804,1.58104157,0.497116089,88,89,90,90,89,88,89,89,87,88
898,0.200000003,262,262,1,512,2,510,0,510,7,515,16704,9713,6991,6991,0,9,9704,9057,9,9,129,9,16,0,1048576,0.999800026,1739691,3.53312182,1.8802166,1.81137633,1.8802166,inf,125,4294967295,4294967295,4294967295,4294967295,4294967295,4294967295,240,4294967295,4294967295
899,0,262,262,1,512,0,512,0,512,1,521,16704,9505,7199,7199,0,1,9504,8695,1,1,0,1,16,0,1048576,0.99970001,1159562.62,2.1483705,1.56593311,1.5107336,1.56593311,inf,4294967295,4294967295,4294967295,4294967295,4294967295,4294967295,4294967295,4294967295,4294967295,4294967295
900,1,262,262,1,512,163,349,1,349,309,213,16704,13699,3005,3005,0,979,12720,7985,979,42,1023,10,16,0,1048576,0.99940002,579606.938,1.94463789,1.38262534,1.35995603,1.38262534,1.12585449,25,29,15,40,60,9,8,8,21,24
901,1,262,262,1,512,210,302,0,302,345,177,16704,12847,3857,3857,0,848,11999,7561,849,35,1023,10,16,0,1048576,0.99940002,579606.938,1.72308433,1.37471628,1.34097528,1.37471628,0.930343628,11,11,12,9,16,10,11,24,11,11
902,1,262,262,1,512,85,427,0,427,189,333,16704,14539,2165,2165,0,424,14115,11600,424,24,1023,10,16,0,1048576,0.999499977,695542.812,1.51467764,1.33393836,1.29956639,1.33393836,0.95098877,83,84,86,84,92,84,84,88,87,86
903,0.300000012,262,262,1,512,2,510,0,510,192,330,16704,12734,3970,3970,0,614,12120,11109,614,38,194,10,16,0,1048576,0.99940002,579606.938,2.07296324,1.37626338,1.32243228,1.37626338,1.49128723,4294967295,30,4294967295,4294967295,4294967295,4294967295,31,22,4294967295,4294967295
904,0.5,262,262,1,512,5,507,0,507,8,514,16704,9742,6962,6962,0,9,9733,9041,9,9,295,9,16,0,1048576,0.999599993,869541.562,1.70971537,1.74559546,1.66778946,1.74559546,inf,65,130,129,4294967295,4294967295,257,4294967295,4294967295,166,4294967295
905,1,262,262,1,512,135,377,0,377,292,230,16704,13172,3532,3532,0,854,12318,8278,854,40,1023,10,16,0,1048576,0.999300003,496742.062,1.17203164,1.29285347,1.2644949,1.29285347,0.875793457,12,12,11,11,12,10,13,13,10,9
906,1,262,262,1,512,362,150,2,150,365,157,16704,11494,5210,5210,0,1563,9931,3387,1563,36,1023,10,16,0,1048576,0.99940002,579606.938,1.81502187,1.27419376,1.26448965,1.27419376,0.959274292,2,1,19,9,3,10,20,18,18,5
907,0.699999988,262,262,1,512,20,492,1,492,21,501,16704,12720,3984,3984,0,22,12698,12400,23,21,251,10,16,0,1048576,0.999100029,386288.438,1.49252677,0.995464861,0.91468811,0.995464861,0.694671631,45,216,4294967295,56,217,217,145,221,4294967295,4294967295
908,1,262,262,1,512,18,494,0,494,19,503,16704,8830,7874,7874,0,20,8810,7584,20,13,1023,10,16,0,1048576,0.99940002,579606.938,0.973932326,1.32732356,1.28969514,1.32732356,0.646087646,2,3,2,1,2,3,3,2,3,2
909,0.699999988,262,262,1,512,72,440,0,440,265,257,16704,13261,3443,3443,0,930,12331,8666,930,56,719,10,16,0,1048576,0.999499977,695542.812,1.87461174,1.39595151,1.36784124,1.39595151,1.2035675,154,189,212,148,4294967295,4294967295,37,32,4294967295,23
910,1,262,262,1,512,200,312,0,312,337,185,16704,12829,3875,3875,0,852,11977,7834,852,42,1023,10,16,0,1048576,0.999499977,695542.812,1.72454989,1.40215755,1.36949444,1.40215755,0.962387085,12,11,12,12,13,15,12,22,24,14
911,0.800000012,262,262,1,512,18,494,0,494,24,498,16704,11970,4734,4734,0,29,11941,10786,29,22,479,10,16,0,1048576,0.999199986,434596.5,1.21929455,1.78352916,1.71486807,1.78352916,1.48071289,54,147,198,109,141,4294967295,201,201,165,4294967295
912,1,262,262,1,512,13,499,0,499,16,506,16704,9845,6859,6859,0,18,9827,8711,19,15,1023,10,16,0,1048576,0.999100029,386288.438,0.987684071,1.69305658,1.64820361,1.69305658,1.40455627,23,30,88,155,29,154,155,206,185,93
913,1,262,262,1,512,47,465,0,465,268,254,16704,12167,4537,4537,0,719,11448,9672,719,58,1023,10,16,0,1048576,0.99940002,579606.938,1.12841916,1.51313448,1.4660306,1.51313448,1.24249268,25,23,23,23,21,25,26,25,38,22
914,1,262,262,1,512,43,469,0,469,195,327,16704,13010,3694,3694,0,369,12641,11251,369,24,1023,10,16,0,1048576,0.999100029,386288.438,1.09742677,1.42532468,1.36958647,1.42532468,1.04203796,54,254,54,205,55,156,54,54,55,233
915,0.899999976,262,262,1,512,18,494,0,494,29,493,16704,9835,6869,6869,0,47,9788,9094,47,14,511,10,16,0,1048576,0.99940002,579606.938,1.78315151,1.78513825,1.72844672,1.78513825,1.25730896,74,73,73,74,73,73,73,171,77,4294967295
916,0.200000003,262,262,1,512,2,510,0,510,5,517,16704,10059,6645,6645,0,5,10054,9672,5,5,514,5,16,0,1048576,0.999800026,1739691,4.9493804,1.4305557,1.35878611,1.4305557,inf,4294967295,181,4294967295,4294967295,4294967295,4294967295,4294967295,4294967295,4294967295,249
917,1,262,262,1,512,263,249,0,249,343,179,16704,9830,6874,6874,0,1075,8755,4336,1075,51,1023,10,16,0,1048576,0.99940002,579606.938,1.50987065,1.25777102,1.2391386,1.25777102,0.858840942,4,5,35,6,16,6,5,7,6,33
918,0.899999976,262,262,1,512,196,316,0,316,337,185,16704,13380,3324,3324,0,973,12407,8644,974,44,959,10,16,0,1048576,0.999499977,695542.812,2.59918594,1.65174234,1.62003911,1.65174234,1.27168274,33,32,32,31,43,34,4294967295,33,43,36
919,1,262,262,1,512,512,0,1,0,513,5,16576,2438,14138,14138,0,1257,1181,393,1257,43,1023,10,16,0,1048576,0.999300003,496742.062,1.90393448,0.686569214,0.686569214,0.686569214,0.105117798,3,3,3,3,3,3,3,3,3,3
920,0.300000012,262,262,1,512,3,509,0,509,3,519,16704,12309,4395,4395,0,4,12305,11916,4,4,13,4,16,0,1048576,0.99940002,579606.938,2.66852188,1.42218041,1.36732912,1.42218041,inf,199,4294967295,124,124,4294967295,4294967295,4294967295,4294967295,4294967295,4294967295
921,1,262,262,1,512,198,314,0,314,329,193,16704,11979,4725,4725,0,1120,10859,6413,1120,44,1023,10,16,0,1048576,0.99940002,579606.938,1.78181112,1.29679346,1.2761265,1.29679346,0.965942383,16,10,5,16,11,18,11,38,17,10
922,1,262,262,1,512,160,352,0,352,275,247,16704,8963,7741,7741,0,341,8622,7613,341,26,1023,10,16,0,1048576,0.999199986,434596.5,1.24996591,1.44543886,1.3967979,1.44543886,0.703689575,15,14,24,24,14,14,14,14,20,21
923,0.600000024,262,262,1,512,9,503,0,503,11,511,16704,12468,4236,4236,0,11,12457,11876,11,11,287,10,16,0,1048576,0.999599993,869541.562,2.63655281,1.07230628,1.0222553,1.07230628,1.52436829,63,71,130,194,63,4294967295,4294967295,4294967295,106,4294967295
924,0.699999988,262,262,1,512,7,505,0,505,10,512,16704,9907,6797,6797,0,10,9897,9493,10,10,127,10,16,0,1048576,0.99940002,579606.938,2.55469203,1.5099889,1.41980469,1.5099889,2.58139038,81,77,190,104,111,135,157,4294967295,4294967295,4294967295
925,0.400000006,262,262,1,512,5,507,0,507,8,514,16704,10860,5844,5844,0,8,10852,10334,8,8,263,8,16,0,1048576,0.999199986,434596.5,1.57450807,1.34766614,1.29394078,1.34766614,inf,97,187,255,4294967295,4294967295,4294967295,4294967295,4294967295,249,4294967295
926,1,262,262,1,512,39,473,0,473,49,473,16704,8856,7848,7848,0,52,8804,8466,52,14,1023,10,16,0,1048576,0.99940002,579606.938,1.02114213,1.178473,1.14895582,1.178473,0.731719971,38,35,35,35,35,34,34,33,36,40
927,1,262,262,1,512,195,317,0,317,330,192,16704,11792,4912,4912,0,1005,10787,6346,1005,20,1023,10,16,0,1048576,0.99940002,579606.938,1.68942678,1.28288162,1.24669182,1.28288162,0.789581299,1,0,2,2,2,2,2,3,3,4
928,0.699999988,262,262,1,512,25,487,0,487,42,480,16704,12851,3853,3853,0,48,12803,12119,48,29,487,10,16,0,1048576,0.99940002,579606.938,1.98842239,1.316329,1.27265298,1.316329,1.07836914,64,65,115,4294967295,4294967295,84,255,89,207,4294967295
929,0.5,262,262,1,512,31,481,1,481,239,283,16704,13074,3630,3630,0,715,12359,10254,716,45,841,10,16,0,1048576,0.999499977,695542.812,1.88575172,1.21917081,0.938873291,1.21917081,1.11894226,260,4294967295,4294967295,251,4294967295,4294967295,38,4294967295,46,20
930,1,262,262,1,512,101,411,0,411,220,302,16704,12095,4609,4609,0,419,11676,9794,419,32,1023,10,16,0,1048576,0.99940002,579606.938,1.40428138,1.47298193,1.43031907,1.47298193,0.920654297,11,11,11,12,13,10,10,11,11,11
931,0.800000012,262,262,1,512,15,497,0,497,15,507,16704,10933,5771,5771,0,15,10918,10408,15,13,639,10,16,0,1048576,0.999000013,347617.812,1.07524633,1.18102431,1.1333369,1.18102431,0.987335205,53,46,99,94,94,136,93,4294967295,4294967295,100
932,0.5,262,262,1,512,8,504,0,504,11,511,16704,12668,4036,4036,0,15,12653,11285,15,15,902,10,16,0,1048576,0.99940002,579606.938,1.17925286,2.06295419,2.01901388,2.06295419,2.19888306,4294967295,59,147,4294967295,4294967295,4294967295,4294967295,188,149,82
933,0.300000012,262,262,1,512,3,509,0,509,4,518,16704,12968,3736,3736,0,4,12964,12186,4,4,7,4,16,0,1048576,0.999300003,496742.062,1.15726852,1.51366115,1.47561979,1.51366115,inf,57,108,108,4294967295,4294967295,4294967295,4294967295,4294967295,4294967295,4294967295
934,1,262,262,1,512,224,288,0,288,349,173,16704,11243,5461,5461,0,1023,10220,6408,1023,56,1023,10,16,0,1048576,0.99940002,579606.938,1.31085467,1.28218663,1.26052356,1.28218663,0.808258057,9,10,9,9,10,12,11,14,20,8
935,1,262,262,1,512,319,193,1,193,393,129,16704,8116,8588,8588,0,1073,7043,3881,1074,48,1023,10,16,0,1048576,0.99940002,579606.938,1.22581732,1.37774014,1.36229193,1.37774014,0.707077026,6,6,7,5,9,7,5,5,15,24
936,0.200000003,262,262,1,512,3,509,0,509,9,513,16704,13805,2899,2899,0,12,13793,12325,12,12,5,10,16,0,1048576,0.999499977,695542.812,2.00972104,1.27070844,1.21988416,1.27070844,1.57199097,178,4294967295,177,4294967295,4294967295,4294967295,4294967295,4294967295,4294967295,4294967295
937,1,262,262,1,512,512,0,5,0,519,3,16704,2210,14494,14494,0,1630,580,294,1631,70,1023,10,16,0,1048576,0.999100029,386288.438,1.23009729,0.580627441,0.579574585,0.580627441,0.287658691,8,7,8,8,8,8,7,8,9,8
938,0.400000006,262,262,1,512,7,505,0,505,9,513,16704,12845,3859,3859,0,10,12835,12393,10,10,537,10,16,0,1048576,0.999100029,386288.438,1.36177528,1.07002902,1.03587246,1.07002902,1.71264648,123,4294967295,4294967295,195,196,4294967295,4294967295,4294967295,4294967295,243
939,1,262,262,1,512,65,447,0,447,117,405,16704,13679,3025,3025,0,126,13553,12741,127,33,1023,10,16,0,1048576,0.999199986,434596.5,1.85624456,1.56884754,1.52581775,1.56884754,1.05177307,87,88,138,85,88,88,83,128,90,148
940,1,262,262,1,512,40,472,0,472,42,480,16704,7687,9017,9017,0,47,7640,6929,48,24,1023,10,16,0,1048576,0.998899996,315979.344,0.862012863,1.37313712,1.34608579,1.37313712,0.947357178,22,16,16,16,18,24,23,17,80,87
941,0.300000012,262,262,1,512,4,508,0,508,8,514,16704,13347,3357,3357,0,11,13336,12608,11,11,145,10,16,0,1048576,0.999800026,1739691,6.46427774,1.28610849,1.24476314,1.28610849,2.18484497,251,4294967295,4294967295,4294967295,164,4294967295,4294967295,107,4294967295,4294967295
942,0.699999988,262,262,1,512,38,474,1,474,74,448,16704,13665,3039,3039,0,83,13582,12820,83,36,239,10,16,0,1048576,0.999499977,695542.812,3.09810138,1.31383789,1.27490771,1.31383789,0.939453125,92,134,148,140,4294967295,88,158,147,4294967295,4294967295
943,1,262,262,1,512,72,440,1,440,290,232,16704,10052,6652,6652,0,929,9123,7258,929,59,1023,10,16,0,1048576,0.999300003,496742.062,1.53689814,1.28381491,1.25273693,1.28381491,0.873855591,14,13,15,165,13,230,21,21,16,17
944,0.800000012,262,262,1,512,45,467,0,467,86,436,16704,12959,3745,3745,0,98,12861,11528,98,36,735,10,16,0,1048576,0.999499977,695542.812,1.79323637,1.95119643,1.90978551,1.95119643,1.574646,143,143,79,73,74,4294967295,159,144,4294967295,219
945,0.699999988,262,262,1,512,13,499,0,499,16,506,16704,11649,5055,5055,0,17,11632,10771,17,14,415,10,16,0,1048576,0.999199986,434596.5,1.21706128,1.47213066,1.43761373,1.47213066,1.33859253,140,139,108,88,100,4294967295,4294967295,64,65,4294967295
946,0.5,262,262,1,512,35,477,0,477,41,481,16704,12263,4441,4441,0,50,12213,9788,50,21,31,10,16,0,1048576,0.99879998,289614.781,0.710241199,1.53106713,1.50138032,1.53106713,1.3631897,9,230,11,13,10,4294967295,4294967295,4294967295,4294967295,4294967295
947,1,262,262,1,512,152,360,1,360,269,253,16704,10732,5972,5972,0,446,10286,7883,447,24,1023,10,16,0,1048576,0.999000013,347617.812,0.767424881,1.18819201,1.16075957,1.18819201,0.776184082,47,46,5,20,5,5,7,4,5,6
948,0.100000001,262,262,1,512,1,511,0,511,1,521,16704,12656,4048,4048,0,1,12655,11632,1,1,16,1,16,0,1048576,0.99940002,579606.938,1.44692421,1.81128514,1.76351166,1.81128514,inf,4294967295,4294967295,4294967295,4294967295,157,4294967295,4294967295,4294967295,4294967295,4294967295
949,0.5,262,262,1,512,9,503,0,503,13,509,16704,10350,6354,6354,0,15,10335,9843,16,15,899,10,16,0,1048576,0.999100029,386288.438,1.16114831,1.55363572,1.50879371,1.55363572,1.55964661,48,117,4294967295,4294967295,4294967295,4294967295,4294967295,160,180,137
950,0.800000012,262,262,1,512,84,428,0,428,158,364,16704,14123,2581,2581,0,204,13919,12225,205,27,503,10,16,0,1048576,0.998600006,248196.703,0.911972523,1.60404468,1.56761646,1.60404468,1.20892334,63,69,231,4294967295,166,64,64,64,64,4294967295
951,0.200000003,262,262,1,512,2,510,0,510,2,520,16704,12067,4637,4637,0,3,12064,8024,4,4,3,4,16,0,1048576,0.998300016,204336.797,0.473526746,1.36380136,1.33499515,1.36380136,inf,225,56,4294967295,4294967295,4294967295,4294967295,4294967295,4294967295,4294967295,4294967295
952,0.800000012,262,262,1,512,8,504,2,504,6,516,16704,3186,13518,13518,0,8,3178,2708,10,10,255,10,16,0,1048576,0.998300016,204336.797,0.361064792,1.45956421,1.22885895,1.45956421,2.91542053,15,8,8,21,22,81,200,200,4294967295,4294967295
953,0.600000024,262,262,1,512,11,501,0,501,16,506,16704,10241,6463,6463,0,17,10224,9059,17,16,407,10,16,0,1048576,0.997799993,157815.359,0.819795549,0.947825849,0.9246521,0.947825849,0.908432007,11,52,83,4294967295,235,4294967295,4294967295,122,98,4294967295
954,1,262,262,1,512,193,319,0,319,256,266,16704,9272,7432,7432,0,440,8832,6056,440,36,1023,10,16,0,1048576,0.998399973,217123.922,0.623012424,0.988341749,0.96442908,0.988341749,0.634963989,7,7,8,10,84,7,9,7,13,84
955,0.899999976,262,262,1,512,102,410,0,410,127,395,16704,13028,3676,3676,0,194,12834,8773,195,41,1007,10,16,0,1048576,0.998000026,173634.578,0.490164369,1.3228066,1.29817522,1.3228066,1.09631348,16,15,89,111,4294967295,64,49,144,11,238
956,0.400000006,262,262,1,512,9,503,0,503,15,507,16704,12920,3784,3784,0,17,12903,12223,19,18,533,10,16,0,1048576,0.999100029,386288.438,1.57960629,1.68286002,1.62550807,1.68286002,1.80496216,142,4294967295,158,4294967295,150,4294967295,4294967295,4294967295,4294967295,258
957,0.400000006,262,262,1,512,5,507,0,507,5,517,16704,7766,8938,8938,0,6,7760,5611,6,6,263,6,16,0,1048576,0.99849999,231624.391,0.765556693,1.81065679,1.77809906,1.81065679,inf,239,35,178,4294967295,4294967295,4294967295,4294967295,4294967295,109,4294967295
958,0.899999976,262,262,1,511,18,493,0,493,18,504,16704,6939,9765,9765,0,24,6915,5592,26,19,991,10,16,0,1048576,0.997900009,165348.266,0.520516336,1.36576843,1.03543949,1.36576843,0.88117981,2,30,2,13,241,4294967295,25,50,17,60
959,1,262,262,1,512,51,461,2,461,65,457,16704,10794,5910,5910,0,84,10710,8882,84,24,1023,10,16,0,1048576,0.998099983,182787.578,0.673480988,0.884134293,0.819503784,0.884134293,0.615661621,11,119,16,21,65,25,26,49,50,96
960,0.600000024,262,262,1,512,18,494,3,494,20,502,16704,12313,4391,4391,0,31,12282,9511,32,20,663,10,16,0,1048576,0.998099983,182787.578,0.610890567,1.27234304,1.24883878,1.27234304,1.11512756,59,134,78,4294967295,38,4294967295,4294967295,34,4294967295,76
961,0.400000006,262,262,1,512,3,509,0,509,3,519,16704,10903,5801,5801,0,8,10895,4644,10,10,149,10,16,0,1048576,0.997799993,157815.359,0.263573766,1.19973528,1.18882692,1.19973528,2.78399658,15,4294967295,182,4294967295,41,4294967295,4294967295,188,4294967295,4294967295
962,1,262,262,1,512,263,249,0,249,283,239,16704,8574,8130,8130,0,1245,7329,3619,1245,43,1023,10,16,0,1048576,0.997699976,150937.594,0.328333557,1.18420839,1.16689718,1.18420839,0.645812988,9,8,10,9,10,9,9,10,10,9
963,0.899999976,262,262,1,512,92,420,0,420,262,260,16704,11430,5274,5274,0,520,10910,8565,521,38,959,10,16,0,1048576,0.99879998,289614.781,0.742958963,1.09648573,1.06608915,1.09648573,0.842269897,4,168,167,3,125,139,4294967295,124,6,183
964,0.300000012,262,262,1,512,6,506,0,506,278,244,16704,10681,6023,6023,0,864,9817,8134,864,61,515,10,16,0,1048576,0.999300003,496742.062,0.969304323,2.17026758,2.09901142,2.17026758,2.18933105,202,226,4294967295,4294967295,4294967295,4294967295,4294967295,4294967295,4294967295,206
965,1,262,262,1,512,55,457,0,457,55,467,16704,8686,8018,8018,0,58,8628,7397,58,20,1023,10,16,0,1048576,0.999000013,347617.812,0.684477746,1.47034848,1.43520224,1.47034848,0.256317139,10,10,10,10,10,10,10,10,9,10
966,0.600000024,262,262,1,512,24,488,1,488,23,499,16704,10206,6498,6498,0,25,10181,9933,26,18,839,10,16,0,1048576,0.99879998,289614.781,1.26175535,0.98265326,0.745834351,0.98265326,0.704299927,121,42,42,4294967295,4294967295,4294967295,131,4294967295,27,188
967,0.800000012,262,262,1,512,26,486,0,486,29,493,16704,12002,4702,4702,0,30,11972,10853,31,20,447,10,16,0,1048576,0.998300016,204336.797,0.809267461,0.9817307,0.957743645,0.9817307,0.783843994,28,23,249,248,39,15,4294967295,80,9,4294967295
968,0.600000024,262,262,1,512,6,506,0,506,6,516,16704,9071,7633,7633,0,10,9061,4770,11,11,63,10,16,0,1048576,0.998600006,248196.703,0.430445254,1.67894208,1.65127897,1.67894208,2.056427,1,0,108,17,17,81,4294967295,4294967295,4294967295,4294967295
969,0.699999988,262,262,1,512,35,477,0,477,45,477,16704,12773,3931,3931,0,62,12711,9614,62,23,885,10,16,0,1048576,0.997200012,123924.031,0.555179834,1.56498337,1.53174222,1.56498337,1.38157654,20,4294967295,28,4294967295,22,231,180,4294967295,18,163
970,0.899999976,262,262,1,512,28,484,0,484,29,493,16704,8890,7814,7814,0,40,8850,6291,42,20,991,10,16,0,1048576,0.99849999,231624.391,0.447927058,1.06805229,1.04879856,1.06805229,0.878631592,20,12,21,6,10,4294967295,7,42,59,25
971,0.300000012,262,262,1,512,2,510,0,510,2,520,16704,10963,5741,5741,0,3,10960,9772,3,3,134,3,16,0,1048576,0.998199999,192963.484,0.807342947,1.11001539,1.07802677,1.11001539,inf,4294967295,61,61,4294967295,4294967295,4294967295,4294967295,215,4294967295,4294967295
972,1,262,262,1,512,56,456,0,456,58,464,16704,8255,8449,8449,0,80,8175,5910,81,27,1023,10,16,0,1048576,0.998000026,173634.578,0.568789959,1.02463686,1.0052793,1.02463686,0.623245239,5,6,40,20,18,21,41,7,16,15
973,0.899999976,262,262,1,512,61,451,0,451,75,447,16704,11660,5044,5044,0,90,11570,10446,90,31,511,10,16,0,1048576,0.999199986,434596.5,1.21229672,1.6995225,1.66549206,1.6995225,1.32077026,37,37,42,56,110,213,48,132,97,4294967295
974,1,262,262,1,512,14,498,1,498,13,509,16704,5731,10973,10973,0,19,5712,3545,19,13,1023,10,16,0,1048576,0.998399973,217123.922,0.504814506,1.69506621,1.5267905,1.69506621,1.41377258,4,9,30,9,10,9,18,120,27,218
975,0.600000024,262,262,1,512,8,504,0,504,13,509,16704,12996,3708,3708,0,22,12974,11331,23,17,159,10,16,0,1048576,0.997799993,157815.359,0.741615474,1.57343316,1.5350672,1.57343316,1.58192444,65,100,95,198,198,4294967295,4294967295,49,4294967295,4294967295
976,0.899999976,262,262,1,512,22,490,0,490,23,499,16704,11980,4724,4724,0,28,11952,11089,28,16,511,10,16,0,1048576,0.998399973,217123.922,0.896061599,1.27974451,1.23843372,1.27974451,0.97454834,45,57,100,108,146,99,40,46,40,4294967295
977,1,262,262,1,512,16,496,1,496,15,507,16704,8249,8455,8455,0,43,8206,3509,48,23,1023,10,16,0,1048576,0.996100008,88872.5703,0.284634799,1.13477707,1.09886312,1.13477707,0.996948242,3,75,32,24,85,55,16,59,256,27
978,0.400000006,262,262,1,512,6,506,0,506,8,514,16704,10035,6669,6669,0,8,10027,9679,8,8,519,8,16,0,1048576,0.999100029,386288.438,1.15826988,1.32414126,1.27739882,1.32414126,inf,47,73,44,4294967295,4294967295,4294967295,4294967295,4294967295,4294967295,155
979,1,262,262,1,512,91,421,0,421,94,428,16704,6179,10525,10525,0,107,6072,5472,108,22,1023,10,16,0,1048576,0.999000013,347617.812,1.0118897,1.46571743,1.43091965,1.46571743,0.775619507,15,8,15,37,6,45,6,18,14,8
980,0.699999988,262,262,1,512,84,428,0,428,284,238,16704,12308,4396,4396,0,462,11846,10061,462,51,699,10,16,0,1048576,0.998899996,315979.344,0.87944144,1.6043756,1.56394589,1.6043756,1.34655762,116,116,4294967295,183,188,16,4294967295,127,4294967295,212
981,1,262,262,1,512,212,300,0,300,351,171,16704,10350,6354,6354,0,469,9881,8813,470,57,1023,10,16,0,1048576,0.99879998,289614.781,1.21167397,1.17629981,1.13917983,1.17629981,0.614776611,45,45,46,47,44,137,48,50,51,52
982,0.800000012,262,262,1,512,10,502,0,502,10,512,16704,11685,5019,5019,0,48,11637,4422,51,23,255,10,16,0,1048576,0.995100021,70664.3203,0.188268051,1.10240757,1.09227109,1.10240757,1.06820679,25,73,73,173,173,42,130,108,4294967295,4294967295
983,1,261,262,3,512,512,0,0,0,519,1,16640,2093,14547,14547,0,1334,759,154,1337,65,1023,10,16,0,1048576,0.998000026,173634.578,0.661855757,0.190246582,inf,0.190246582,0.0942687988,5,5,5,4,5,5,6,6,6,5
984,0.899999976,262,262,1,512,18,494,0,494,30,492,16704,10152,6552,6552,0,50,10102,8468,50,20,895,10,16,0,1048576,0.998899996,315979.344,0.844909012,1.21899939,1.18995571,1.21899939,1.07685852,29,88,15,16,124,16,17,4294967295,95,17
985,0.300000012,262,262,1,512,2,510,0,510,2,520,16704,8619,8085,8085,0,5,8614,5415,6,6,259,6,16,0,1048576,0.998700023,267319.062,0.57352984,1.45890164,1.42894602,1.45890164,inf,128,255,4294967295,4294967295,4294967295,4294967295,4294967295,4294967295,249,4294967295
986,1,262,262,1,512,13,499,1,499,12,510,16704,6173,10531,10531,0,19,6154,3156,21,16,1023,10,16,0,1048576,0.997799993,157815.359,0.268764138,1.06901121,0.974286616,1.06901121,0.928466797,7,8,8,8,17,16,17,9,110,234
987,1,262,262,1,512,482,30,17,30,467,55,16704,6983,9721,9721,0,2796,4187,1412,2798,53,1023,10,16,0,1048576,0.998600006,248196.703,0.433803946,0.547996521,0.467315674,0.547996521,0.330505371,4,53,53,5,10,29,3,9,8,5
988,0.5,262,262,1,512,5,507,0,507,5,517,16704,9771,6933,6933,0,11,9760,7346,11,11,271,10,16,0,1048576,0.998600006,248196.703,0.598274052,1.32808661,1.29242337,1.32808661,1.54324341,147,82,22,161,4294967295,4294967295,4294967295,4294967295,118,4294967295
989,1,262,262,1,512,12,500,1,500,11,511,16704,8490,8214,8214,0,48,8442,3416,50,22,1023,10,16,0,1048576,0.996500015,99069.5,0.222946674,1.30111694,1.24680579,1.30111694,1.19648743,30,52,54,55,56,28,15,54,64,83
990,0.899999976,262,262,1,512,35,477,1,477,42,480,16704,11979,4725,4725,0,63,11916,8586,63,23,767,10,16,0,1048576,0.997300029,128527.539,0.512583733,1.20071507,1.17726374,1.20071507,0.979324341,13,64,50,65,147,158,92,82,4294967295,112
991,1,262,262,1,512,229,283,0,283,352,170,16704,10861,5843,5843,0,812,10049,7261,812,44,1023,10,16,0,1048576,0.999300003,496742.062,1.2448262,1.1857574,1.158494,1.1857574,0.452880859,14,14,15,14,15,14,15,14,14,14
992,1,262,262,1,512,25,487,0,487,25,497,16704,8110,8594,8594,0,54,8056,3942,56,13,1023,10,16,0,1048576,0.997799993,157815.359,0.260464966,1.07601738,1.03845334,1.07601738,0.688903809,4,4,3,3,4,4,4,4,2,12
993,0.800000012,262,262,1,512,5,507,0,507,5,517,16704,5922,10782,10782,0,9,5913,4134,9,9,958,9,16,0,1048576,0.998600006,248196.703,0.459525645,1.74555111,1.72816026,1.74555111,inf,4294967295,147,227,150,234,18,4294967295,255,255,109
994,0.800000012,262,262,1,512,5,507,0,507,5,517,16704,9572,7132,7132,0,11,9561,7206,11,11,927,10,16,0,1048576,0.997600019,144636.656,0.40209794,1.12353897,1.10521543,1.12353897,1.19973755,59,23,114,240,34,4294967295,4294967295,175,149,242
995,0.699999988,262,262,1,512,79,433,0,433,144,378,16704,12598,4106,4106,0,176,12422,10661,177,34,829,10,16,0,1048576,0.998899996,315979.344,0.81668222,1.14437747,1.11225617,1.14437747,0.897766113,200,4294967295,205,53,17,33,4294967295,4294967295,38,66
996,0.5,262,262,1,512,10,502,0,502,16,506,16704,11466,5238,5238,0,20,11446,10129,21,18,143,10,16,0,1048576,0.998000026,173634.578,0.81443727,1.06673384,1.03844106,1.06673384,0.993377686,63,23,23,130,4294967295,4294967295,4294967295,174,4294967295,4294967295
997,0.699999988,262,262,1,512,9,503,0,503,9,513,16704,10230,6474,6474,0,10,10220,9001,14,14,127,10,16,0,1048576,0.998099983,182787.578,0.709660649,0.843226314,0.820621431,0.843226314,0.931228638,8,35,63,35,93,62,78,4294967295,4294967295,4294967295
998,0.100000001,262,262,1,512,41,471,0,471,121,401,16704,14339,2365,2365,0,129,14210,12710,130,27,4,10,16,0,1048576,0.998899996,315979.344,1.02953327,1.53414941,1.49491084,1.53414941,1.40708923,4294967295,4294967295,83,4294967295,4294967295,4294967295,4294967295,4294967295,4294967295,4294967295
999,0.600000024,262,262,1,512,7,505,0,505,7,515,16704,11021,5683,5683,0,12,11009,8651,12,12,573,10,16,0,1048576,0.998700023,267319.062,0.8004691,1.83363056,1.79916012,1.83363056,1.92337036,154,4294967295,76,49,76,51,4294967295,4294967295,4294967295,87
