predicate,workload,metric,source,variant,itopk,search_width,max_iterations,recall,qps,latency_seconds,filter_violations,invalid_sentinel_errors,underfilled_queries
em,correctness,arxiv-em-correctness_10000,correctness,default_cagra,64,1,0,0.94269,29159.288321833326,0.342949951,0.0,0.0,0.0497
em,correctness,arxiv-em-correctness_10000,correctness,automatic_legacy,64,1,0,0.94168,28795.19280609863,0.347285807,0.0,0.0,0.0504
em,correctness,arxiv-em-correctness_10000,correctness,automatic_accumulator,64,1,0,0.96453,28779.961180641014,0.347470037,0.0,0.0,0.0067
em,correctness,arxiv-em-correctness_10000,correctness,default_cagra,64,1,522,0.9693,5947.105890701542,1.681495977,0.0,0.0,0.0116
em,correctness,arxiv-em-correctness_10000,correctness,automatic_legacy,64,1,522,0.95574,10058.680845315326,0.994172267,0.0,0.0,0.0123
em,correctness,arxiv-em-correctness_10000,correctness,automatic_accumulator,64,1,522,0.98256,10063.652106457932,0.99368656,0.0,0.0,0.0006
em,correctness,arxiv-em-correctness_10000,correctness,default_cagra,64,1,1044,0.96988,5079.852572334901,1.968566512,0.0,0.0,0.0034
em,correctness,arxiv-em-correctness_10000,correctness,automatic_legacy,64,1,1044,0.95632,7796.461059392352,1.282639537,0.0,0.0,0.0041
em,correctness,arxiv-em-correctness_10000,correctness,automatic_accumulator,64,1,1044,0.98332,7798.094014337346,1.282371978,0.0,0.0,0.0006
em,correctness,arxiv-em-correctness_10000,correctness,default_cagra,64,1,2088,0.0,0.0,0.0,0.0,0.0,0.0
em,correctness,arxiv-em-correctness_10000,correctness,automatic_legacy,64,1,2088,0.0,0.0,0.0,0.0,0.0,0.0
em,correctness,arxiv-em-correctness_10000,correctness,automatic_accumulator,64,1,2088,0.0,0.0,0.0,0.0,0.0,0.0
em,correctness,arxiv-em-correctness_10000,correctness,default_cagra,64,1,4176,0.0,0.0,0.0,0.0,0.0,0.0
em,correctness,arxiv-em-correctness_10000,correctness,automatic_legacy,64,1,4176,0.0,0.0,0.0,0.0,0.0,0.0
em,correctness,arxiv-em-correctness_10000,correctness,automatic_accumulator,64,1,4176,0.0,0.0,0.0,0.0,0.0,0.0
em,correctness,arxiv-em-correctness_10000,correctness,default_cagra,64,1,7569,0.0,0.0,0.0,0.0,0.0,0.0
em,correctness,arxiv-em-correctness_10000,correctness,automatic_legacy,64,1,7569,0.0,0.0,0.0,0.0,0.0,0.0
em,correctness,arxiv-em-correctness_10000,correctness,automatic_accumulator,64,1,7569,0.0,0.0,0.0,0.0,0.0,0.0
em,correctness,arxiv-em-correctness_10000,correctness,default_cagra,64,2,0,0.94479,27297.281698829996,0.366342627,0.0,0.0,0.0463
em,correctness,arxiv-em-correctness_10000,correctness,automatic_legacy,64,2,0,0.94303,27712.978675276263,0.360847726,0.0,0.0,0.0465
em,correctness,arxiv-em-correctness_10000,correctness,automatic_accumulator,64,2,0,0.96609,27757.43027057949,0.360269768,0.0,0.0,0.0055
em,correctness,arxiv-em-correctness_10000,correctness,default_cagra,64,2,522,0.96984,4997.348811507032,2.001067325,0.0,0.0,0.0035
em,correctness,arxiv-em-correctness_10000,correctness,automatic_legacy,64,2,522,0.95653,7661.4269437407675,1.305247011,0.0,0.0,0.0037
em,correctness,arxiv-em-correctness_10000,correctness,automatic_accumulator,64,2,522,0.9836,7663.589181792726,1.30487816,0.0,0.0,0.0006
em,correctness,arxiv-em-correctness_10000,correctness,default_cagra,64,2,1044,0.0,0.0,0.0,0.0,0.0,0.0
em,correctness,arxiv-em-correctness_10000,correctness,automatic_legacy,64,2,1044,0.0,0.0,0.0,0.0,0.0,0.0
em,correctness,arxiv-em-correctness_10000,correctness,automatic_accumulator,64,2,1044,0.0,0.0,0.0,0.0,0.0,0.0
em,correctness,arxiv-em-correctness_10000,correctness,default_cagra,64,2,2088,0.0,0.0,0.0,0.0,0.0,0.0
em,correctness,arxiv-em-correctness_10000,correctness,automatic_legacy,64,2,2088,0.0,0.0,0.0,0.0,0.0,0.0
em,correctness,arxiv-em-correctness_10000,correctness,automatic_accumulator,64,2,2088,0.0,0.0,0.0,0.0,0.0,0.0
em,correctness,arxiv-em-correctness_10000,correctness,default_cagra,64,2,4176,0.0,0.0,0.0,0.0,0.0,0.0
em,correctness,arxiv-em-correctness_10000,correctness,automatic_legacy,64,2,4176,0.0,0.0,0.0,0.0,0.0,0.0
em,correctness,arxiv-em-correctness_10000,correctness,automatic_accumulator,64,2,4176,0.0,0.0,0.0,0.0,0.0,0.0
em,correctness,arxiv-em-correctness_10000,correctness,default_cagra,64,2,7569,0.0,0.0,0.0,0.0,0.0,0.0
em,correctness,arxiv-em-correctness_10000,correctness,automatic_legacy,64,2,7569,0.0,0.0,0.0,0.0,0.0,0.0
em,correctness,arxiv-em-correctness_10000,correctness,automatic_accumulator,64,2,7569,0.0,0.0,0.0,0.0,0.0,0.0
em,correctness,arxiv-em-correctness_10000,correctness,default_cagra,64,4,0,0.94879,24797.52117239263,0.403270837,0.0,0.0,0.0372
em,correctness,arxiv-em-correctness_10000,correctness,automatic_legacy,64,4,0,0.94563,27018.165579850433,0.370127454,0.0,0.0,0.0374
em,correctness,arxiv-em-correctness_10000,correctness,automatic_accumulator,64,4,0,0.96809,27055.698389446294,0.369614338,0.0,0.0,0.0051
em,correctness,arxiv-em-correctness_10000,correctness,default_cagra,64,4,522,0.0,0.0,0.0,0.0,0.0,0.0
em,correctness,arxiv-em-correctness_10000,correctness,automatic_legacy,64,4,522,0.0,0.0,0.0,0.0,0.0,0.0
em,correctness,arxiv-em-correctness_10000,correctness,automatic_accumulator,64,4,522,0.0,0.0,0.0,0.0,0.0,0.0
em,correctness,arxiv-em-correctness_10000,correctness,default_cagra,64,4,1044,0.0,0.0,0.0,0.0,0.0,0.0
em,correctness,arxiv-em-correctness_10000,correctness,automatic_legacy,64,4,1044,0.0,0.0,0.0,0.0,0.0,0.0
em,correctness,arxiv-em-correctness_10000,correctness,automatic_accumulator,64,4,1044,0.0,0.0,0.0,0.0,0.0,0.0
em,correctness,arxiv-em-correctness_10000,correctness,default_cagra,64,4,2088,0.0,0.0,0.0,0.0,0.0,0.0
em,correctness,arxiv-em-correctness_10000,correctness,automatic_legacy,64,4,2088,0.0,0.0,0.0,0.0,0.0,0.0
em,correctness,arxiv-em-correctness_10000,correctness,automatic_accumulator,64,4,2088,0.0,0.0,0.0,0.0,0.0,0.0
em,correctness,arxiv-em-correctness_10000,correctness,default_cagra,64,4,4176,0.0,0.0,0.0,0.0,0.0,0.0
em,correctness,arxiv-em-correctness_10000,correctness,automatic_legacy,64,4,4176,0.0,0.0,0.0,0.0,0.0,0.0
em,correctness,arxiv-em-correctness_10000,correctness,automatic_accumulator,64,4,4176,0.0,0.0,0.0,0.0,0.0,0.0
em,correctness,arxiv-em-correctness_10000,correctness,default_cagra,64,4,7569,0.0,0.0,0.0,0.0,0.0,0.0
em,correctness,arxiv-em-correctness_10000,correctness,automatic_legacy,64,4,7569,0.0,0.0,0.0,0.0,0.0,0.0
em,correctness,arxiv-em-correctness_10000,correctness,automatic_accumulator,64,4,7569,0.0,0.0,0.0,0.0,0.0,0.0
em,correctness,arxiv-em-correctness_10000,correctness,default_cagra,128,1,0,0.97358,14651.653351899822,0.682523813,0.0,0.0,0.0303
em,correctness,arxiv-em-correctness_10000,correctness,automatic_legacy,128,1,0,0.97224,14579.742048246304,0.68588982,0.0,0.0,0.0343
em,correctness,arxiv-em-correctness_10000,correctness,automatic_accumulator,128,1,0,0.9853,14575.157295604022,0.686105543,0.0,0.0,0.0032
em,correctness,arxiv-em-correctness_10000,correctness,default_cagra,128,1,522,0.98436,3863.272540208253,2.588485544,0.0,0.0,0.011
em,correctness,arxiv-em-correctness_10000,correctness,automatic_legacy,128,1,522,0.97733,11422.82540795205,0.875446847,0.0,0.0,0.015
em,correctness,arxiv-em-correctness_10000,correctness,automatic_accumulator,128,1,522,0.99198,11424.008914406228,0.875356148,0.0,0.0,0.0007
em,correctness,arxiv-em-correctness_10000,correctness,default_cagra,128,1,1044,0.98506,3113.376200226871,3.211952979,0.0,0.0,0.0036
em,correctness,arxiv-em-correctness_10000,correctness,automatic_legacy,128,1,1044,0.97798,8812.386835461693,1.134772928,0.0,0.0,0.0076
em,correctness,arxiv-em-correctness_10000,correctness,automatic_accumulator,128,1,1044,0.99287,8821.140771367585,1.133646869,0.0,0.0,0.0006
em,correctness,arxiv-em-correctness_10000,correctness,default_cagra,128,1,2088,0.0,0.0,0.0,0.0,0.0,0.0
em,correctness,arxiv-em-correctness_10000,correctness,automatic_legacy,128,1,2088,0.0,0.0,0.0,0.0,0.0,0.0
em,correctness,arxiv-em-correctness_10000,correctness,automatic_accumulator,128,1,2088,0.0,0.0,0.0,0.0,0.0,0.0
em,correctness,arxiv-em-correctness_10000,correctness,default_cagra,128,1,4176,0.0,0.0,0.0,0.0,0.0,0.0
em,correctness,arxiv-em-correctness_10000,correctness,automatic_legacy,128,1,4176,0.0,0.0,0.0,0.0,0.0,0.0
em,correctness,arxiv-em-correctness_10000,correctness,automatic_accumulator,128,1,4176,0.0,0.0,0.0,0.0,0.0,0.0
em,correctness,arxiv-em-correctness_10000,correctness,default_cagra,128,1,7569,0.0,0.0,0.0,0.0,0.0,0.0
em,correctness,arxiv-em-correctness_10000,correctness,automatic_legacy,128,1,7569,0.0,0.0,0.0,0.0,0.0,0.0
em,correctness,arxiv-em-correctness_10000,correctness,automatic_accumulator,128,1,7569,0.0,0.0,0.0,0.0,0.0,0.0
em,correctness,arxiv-em-correctness_10000,correctness,default_cagra,128,2,0,0.97408,14166.468141331143,0.70589798,0.0,0.0,0.0287
em,correctness,arxiv-em-correctness_10000,correctness,automatic_legacy,128,2,0,0.97254,14368.035638014591,0.695995777,0.0,0.0,0.0319
em,correctness,arxiv-em-correctness_10000,correctness,automatic_accumulator,128,2,0,0.98558,14371.367698782833,0.695834583,0.0,0.0,0.0032
em,correctness,arxiv-em-correctness_10000,correctness,default_cagra,128,2,522,0.98517,3083.4804653043325,3.243094254,0.0,0.0,0.0039
em,correctness,arxiv-em-correctness_10000,correctness,automatic_legacy,128,2,522,0.97811,8764.488358787106,1.14097418,0.0,0.0,0.0071
em,correctness,arxiv-em-correctness_10000,correctness,automatic_accumulator,128,2,522,0.99293,8763.075758862014,1.141157949,0.0,0.0,0.0006
em,correctness,arxiv-em-correctness_10000,correctness,default_cagra,128,2,1044,0.0,0.0,0.0,0.0,0.0,0.0
em,correctness,arxiv-em-correctness_10000,correctness,automatic_legacy,128,2,1044,0.0,0.0,0.0,0.0,0.0,0.0
em,correctness,arxiv-em-correctness_10000,correctness,automatic_accumulator,128,2,1044,0.0,0.0,0.0,0.0,0.0,0.0
em,correctness,arxiv-em-correctness_10000,correctness,default_cagra,128,2,2088,0.0,0.0,0.0,0.0,0.0,0.0
em,correctness,arxiv-em-correctness_10000,correctness,automatic_legacy,128,2,2088,0.0,0.0,0.0,0.0,0.0,0.0
em,correctness,arxiv-em-correctness_10000,correctness,automatic_accumulator,128,2,2088,0.0,0.0,0.0,0.0,0.0,0.0
em,correctness,arxiv-em-correctness_10000,correctness,default_cagra,128,2,4176,0.0,0.0,0.0,0.0,0.0,0.0
em,correctness,arxiv-em-correctness_10000,correctness,automatic_legacy,128,2,4176,0.0,0.0,0.0,0.0,0.0,0.0
em,correctness,arxiv-em-correctness_10000,correctness,automatic_accumulator,128,2,4176,0.0,0.0,0.0,0.0,0.0,0.0
em,correctness,arxiv-em-correctness_10000,correctness,default_cagra,128,2,7569,0.0,0.0,0.0,0.0,0.0,0.0
em,correctness,arxiv-em-correctness_10000,correctness,automatic_legacy,128,2,7569,0.0,0.0,0.0,0.0,0.0,0.0
em,correctness,arxiv-em-correctness_10000,correctness,automatic_accumulator,128,2,7569,0.0,0.0,0.0,0.0,0.0,0.0
em,correctness,arxiv-em-correctness_10000,correctness,default_cagra,128,4,0,0.97515,13230.89618916496,0.755811877,0.0,0.0,0.0252
em,correctness,arxiv-em-correctness_10000,correctness,automatic_legacy,128,4,0,0.97311,14004.344340861793,0.714070375,0.0,0.0,0.0269
em,correctness,arxiv-em-correctness_10000,correctness,automatic_accumulator,128,4,0,0.98629,13981.064650037244,0.715260109,0.0,0.0,0.0026
em,correctness,arxiv-em-correctness_10000,correctness,default_cagra,128,4,522,0.0,0.0,0.0,0.0,0.0,0.0
em,correctness,arxiv-em-correctness_10000,correctness,automatic_legacy,128,4,522,0.0,0.0,0.0,0.0,0.0,0.0
em,correctness,arxiv-em-correctness_10000,correctness,automatic_accumulator,128,4,522,0.0,0.0,0.0,0.0,0.0,0.0
em,correctness,arxiv-em-correctness_10000,correctness,default_cagra,128,4,1044,0.0,0.0,0.0,0.0,0.0,0.0
em,correctness,arxiv-em-correctness_10000,correctness,automatic_legacy,128,4,1044,0.0,0.0,0.0,0.0,0.0,0.0
em,correctness,arxiv-em-correctness_10000,correctness,automatic_accumulator,128,4,1044,0.0,0.0,0.0,0.0,0.0,0.0
em,correctness,arxiv-em-correctness_10000,correctness,default_cagra,128,4,2088,0.0,0.0,0.0,0.0,0.0,0.0
em,correctness,arxiv-em-correctness_10000,correctness,automatic_legacy,128,4,2088,0.0,0.0,0.0,0.0,0.0,0.0
em,correctness,arxiv-em-correctness_10000,correctness,automatic_accumulator,128,4,2088,0.0,0.0,0.0,0.0,0.0,0.0
em,correctness,arxiv-em-correctness_10000,correctness,default_cagra,128,4,4176,0.0,0.0,0.0,0.0,0.0,0.0
em,correctness,arxiv-em-correctness_10000,correctness,automatic_legacy,128,4,4176,0.0,0.0,0.0,0.0,0.0,0.0
em,correctness,arxiv-em-correctness_10000,correctness,automatic_accumulator,128,4,4176,0.0,0.0,0.0,0.0,0.0,0.0
em,correctness,arxiv-em-correctness_10000,correctness,default_cagra,128,4,7569,0.0,0.0,0.0,0.0,0.0,0.0
em,correctness,arxiv-em-correctness_10000,correctness,automatic_legacy,128,4,7569,0.0,0.0,0.0,0.0,0.0,0.0
em,correctness,arxiv-em-correctness_10000,correctness,automatic_accumulator,128,4,7569,0.0,0.0,0.0,0.0,0.0,0.0
em,correctness,arxiv-em-correctness_10000,correctness,default_cagra,256,1,0,0.98873,7247.724384137163,1.37974916,0.0,0.0,0.0138
em,correctness,arxiv-em-correctness_10000,correctness,automatic_legacy,256,1,0,0.98421,7184.399578651983,1.391911067,0.0,0.0,0.0284
em,correctness,arxiv-em-correctness_10000,correctness,automatic_accumulator,256,1,0,0.99428,7194.106963974882,1.390033276,0.0,0.0,0.002
em,correctness,arxiv-em-correctness_10000,correctness,default_cagra,256,1,522,0.99217,3234.735149134207,3.091448776,0.0,0.0,0.0094
em,correctness,arxiv-em-correctness_10000,correctness,automatic_legacy,256,1,522,0.98558,6967.355708253751,1.435271637,0.0,0.0,0.0249
em,correctness,arxiv-em-correctness_10000,correctness,automatic_accumulator,256,1,522,0.99601,6978.46043128085,1.432987051,0.0,0.0,0.001
em,correctness,arxiv-em-correctness_10000,correctness,default_cagra,256,1,1044,0.99306,2034.9393461157574,4.914157626,0.0,0.0,0.0036
em,correctness,arxiv-em-correctness_10000,correctness,automatic_legacy,256,1,1044,0.98615,6547.992504965365,1.527192567,0.0,0.0,0.0191
em,correctness,arxiv-em-correctness_10000,correctness,automatic_accumulator,256,1,1044,0.99689,6549.6457313960545,1.526807133,0.0,0.0,0.0006
em,correctness,arxiv-em-correctness_10000,correctness,default_cagra,256,1,2088,0.0,0.0,0.0,0.0,0.0,0.0
em,correctness,arxiv-em-correctness_10000,correctness,automatic_legacy,256,1,2088,0.0,0.0,0.0,0.0,0.0,0.0
em,correctness,arxiv-em-correctness_10000,correctness,automatic_accumulator,256,1,2088,0.0,0.0,0.0,0.0,0.0,0.0
em,correctness,arxiv-em-correctness_10000,correctness,default_cagra,256,1,4176,0.0,0.0,0.0,0.0,0.0,0.0
em,correctness,arxiv-em-correctness_10000,correctness,automatic_legacy,256,1,4176,0.0,0.0,0.0,0.0,0.0,0.0
em,correctness,arxiv-em-correctness_10000,correctness,automatic_accumulator,256,1,4176,0.0,0.0,0.0,0.0,0.0,0.0
em,correctness,arxiv-em-correctness_10000,correctness,default_cagra,256,1,7569,0.0,0.0,0.0,0.0,0.0,0.0
em,correctness,arxiv-em-correctness_10000,correctness,automatic_legacy,256,1,7569,0.0,0.0,0.0,0.0,0.0,0.0
em,correctness,arxiv-em-correctness_10000,correctness,automatic_accumulator,256,1,7569,0.0,0.0,0.0,0.0,0.0,0.0
em,correctness,arxiv-em-correctness_10000,correctness,default_cagra,256,2,0,0.9888,7134.007259068043,1.401741944,0.0,0.0,0.0134
em,correctness,arxiv-em-correctness_10000,correctness,automatic_legacy,256,2,0,0.98427,7138.646381697347,1.400832569,0.0,0.0,0.0276
em,correctness,arxiv-em-correctness_10000,correctness,automatic_accumulator,256,2,0,0.99434,7153.372830850257,1.397948332,0.0,0.0,0.002
em,correctness,arxiv-em-correctness_10000,correctness,default_cagra,256,2,522,0.99306,2028.5200387461155,4.929797285,0.0,0.0,0.0036
em,correctness,arxiv-em-correctness_10000,correctness,automatic_legacy,256,2,522,0.98619,6524.975709877634,1.532579955,0.0,0.0,0.0187
em,correctness,arxiv-em-correctness_10000,correctness,automatic_accumulator,256,2,522,0.99691,6520.843431633924,1.533550858,0.0,0.0,0.0006
em,correctness,arxiv-em-correctness_10000,correctness,default_cagra,256,2,1044,0.0,0.0,0.0,0.0,0.0,0.0
em,correctness,arxiv-em-correctness_10000,correctness,automatic_legacy,256,2,1044,0.0,0.0,0.0,0.0,0.0,0.0
em,correctness,arxiv-em-correctness_10000,correctness,automatic_accumulator,256,2,1044,0.0,0.0,0.0,0.0,0.0,0.0
em,correctness,arxiv-em-correctness_10000,correctness,default_cagra,256,2,2088,0.0,0.0,0.0,0.0,0.0,0.0
em,correctness,arxiv-em-correctness_10000,correctness,automatic_legacy,256,2,2088,0.0,0.0,0.0,0.0,0.0,0.0
em,correctness,arxiv-em-correctness_10000,correctness,automatic_accumulator,256,2,2088,0.0,0.0,0.0,0.0,0.0,0.0
em,correctness,arxiv-em-correctness_10000,correctness,default_cagra,256,2,4176,0.0,0.0,0.0,0.0,0.0,0.0
em,correctness,arxiv-em-correctness_10000,correctness,automatic_legacy,256,2,4176,0.0,0.0,0.0,0.0,0.0,0.0
em,correctness,arxiv-em-correctness_10000,correctness,automatic_accumulator,256,2,4176,0.0,0.0,0.0,0.0,0.0,0.0
em,correctness,arxiv-em-correctness_10000,correctness,default_cagra,256,2,7569,0.0,0.0,0.0,0.0,0.0,0.0
em,correctness,arxiv-em-correctness_10000,correctness,automatic_legacy,256,2,7569,0.0,0.0,0.0,0.0,0.0,0.0
em,correctness,arxiv-em-correctness_10000,correctness,automatic_accumulator,256,2,7569,0.0,0.0,0.0,0.0,0.0,0.0
em,correctness,arxiv-em-correctness_10000,correctness,default_cagra,256,4,0,0.9892,6931.244442942134,1.442748952,0.0,0.0,0.0129
em,correctness,arxiv-em-correctness_10000,correctness,automatic_legacy,256,4,0,0.98455,7110.205469389114,1.406435362,0.0,0.0,0.0268
em,correctness,arxiv-em-correctness_10000,correctness,automatic_accumulator,256,4,0,0.99455,7112.303626313285,1.406021179,0.0,0.0,0.0019
em,correctness,arxiv-em-correctness_10000,correctness,default_cagra,256,4,522,0.0,0.0,0.0,0.0,0.0,0.0
em,correctness,arxiv-em-correctness_10000,correctness,automatic_legacy,256,4,522,0.0,0.0,0.0,0.0,0.0,0.0
em,correctness,arxiv-em-correctness_10000,correctness,automatic_accumulator,256,4,522,0.0,0.0,0.0,0.0,0.0,0.0
em,correctness,arxiv-em-correctness_10000,correctness,default_cagra,256,4,1044,0.0,0.0,0.0,0.0,0.0,0.0
em,correctness,arxiv-em-correctness_10000,correctness,automatic_legacy,256,4,1044,0.0,0.0,0.0,0.0,0.0,0.0
em,correctness,arxiv-em-correctness_10000,correctness,automatic_accumulator,256,4,1044,0.0,0.0,0.0,0.0,0.0,0.0
em,correctness,arxiv-em-correctness_10000,correctness,default_cagra,256,4,2088,0.0,0.0,0.0,0.0,0.0,0.0
em,correctness,arxiv-em-correctness_10000,correctness,automatic_legacy,256,4,2088,0.0,0.0,0.0,0.0,0.0,0.0
em,correctness,arxiv-em-correctness_10000,correctness,automatic_accumulator,256,4,2088,0.0,0.0,0.0,0.0,0.0,0.0
em,correctness,arxiv-em-correctness_10000,correctness,default_cagra,256,4,4176,0.0,0.0,0.0,0.0,0.0,0.0
em,correctness,arxiv-em-correctness_10000,correctness,automatic_legacy,256,4,4176,0.0,0.0,0.0,0.0,0.0,0.0
em,correctness,arxiv-em-correctness_10000,correctness,automatic_accumulator,256,4,4176,0.0,0.0,0.0,0.0,0.0,0.0
em,correctness,arxiv-em-correctness_10000,correctness,default_cagra,256,4,7569,0.0,0.0,0.0,0.0,0.0,0.0
em,correctness,arxiv-em-correctness_10000,correctness,automatic_legacy,256,4,7569,0.0,0.0,0.0,0.0,0.0,0.0
em,correctness,arxiv-em-correctness_10000,correctness,automatic_accumulator,256,4,7569,0.0,0.0,0.0,0.0,0.0,0.0
em,correctness,arxiv-em-correctness_10000,correctness,default_cagra,512,1,0,0.99518,3620.2013265256205,2.762283745,0.0,0.0,0.0065
em,correctness,arxiv-em-correctness_10000,correctness,automatic_legacy,512,1,0,0.99499,3630.8312661468503,2.754196392,0.0,0.0,0.0074
em,correctness,arxiv-em-correctness_10000,correctness,automatic_accumulator,512,1,0,0.99774,3627.9788995523804,2.75636221,0.0,0.0,0.0011
em,correctness,arxiv-em-correctness_10000,correctness,default_cagra,512,1,522,0.99519,3587.441031193095,2.787508042,0.0,0.0,0.0064
em,correctness,arxiv-em-correctness_10000,correctness,automatic_legacy,512,1,522,0.99499,3624.888671648938,2.758711894,0.0,0.0,0.0073
em,correctness,arxiv-em-correctness_10000,correctness,automatic_accumulator,512,1,522,0.99774,3635.6334834971,2.750584051,0.0,0.0,0.0011
em,correctness,arxiv-em-correctness_10000,correctness,default_cagra,512,1,1044,0.9964,1671.1913154888402,5.983762319,0.0,0.0,0.0032
em,correctness,arxiv-em-correctness_10000,correctness,automatic_legacy,512,1,1044,0.99573,3534.1587107248342,2.829534263,0.0,0.0,0.0041
em,correctness,arxiv-em-correctness_10000,correctness,automatic_accumulator,512,1,1044,0.9987,3532.1970117576793,2.831105181,0.0,0.0,0.0006
em,correctness,arxiv-em-correctness_10000,correctness,default_cagra,512,1,2088,0.0,0.0,0.0,0.0,0.0,0.0
em,correctness,arxiv-em-correctness_10000,correctness,automatic_legacy,512,1,2088,0.0,0.0,0.0,0.0,0.0,0.0
em,correctness,arxiv-em-correctness_10000,correctness,automatic_accumulator,512,1,2088,0.0,0.0,0.0,0.0,0.0,0.0
em,correctness,arxiv-em-correctness_10000,correctness,default_cagra,512,1,4176,0.0,0.0,0.0,0.0,0.0,0.0
em,correctness,arxiv-em-correctness_10000,correctness,automatic_legacy,512,1,4176,0.0,0.0,0.0,0.0,0.0,0.0
em,correctness,arxiv-em-correctness_10000,correctness,automatic_accumulator,512,1,4176,0.0,0.0,0.0,0.0,0.0,0.0
em,correctness,arxiv-em-correctness_10000,correctness,default_cagra,512,1,7569,0.0,0.0,0.0,0.0,0.0,0.0
em,correctness,arxiv-em-correctness_10000,correctness,automatic_legacy,512,1,7569,0.0,0.0,0.0,0.0,0.0,0.0
em,correctness,arxiv-em-correctness_10000,correctness,automatic_accumulator,512,1,7569,0.0,0.0,0.0,0.0,0.0,0.0
em,correctness,arxiv-em-correctness_10000,correctness,default_cagra,512,2,0,0.99516,3569.2280225294794,2.801731738,0.0,0.0,0.0063
em,correctness,arxiv-em-correctness_10000,correctness,automatic_legacy,512,2,0,0.99497,3607.114559637724,2.77230622,0.0,0.0,0.0071
em,correctness,arxiv-em-correctness_10000,correctness,automatic_accumulator,512,2,0,0.99774,3594.726578527173,2.781859396,0.0,0.0,0.0011
em,correctness,arxiv-em-correctness_10000,correctness,default_cagra,512,2,522,0.99639,1658.1303136249714,6.03089621,0.0,0.0,0.0032
em,correctness,arxiv-em-correctness_10000,correctness,automatic_legacy,512,2,522,0.99572,3505.515173388062,2.852654156,0.0,0.0,0.004
em,correctness,arxiv-em-correctness_10000,correctness,automatic_accumulator,512,2,522,0.9987,3516.1715945055666,2.844008892,0.0,0.0,0.0006
em,correctness,arxiv-em-correctness_10000,correctness,default_cagra,512,2,1044,0.0,0.0,0.0,0.0,0.0,0.0
em,correctness,arxiv-em-correctness_10000,correctness,automatic_legacy,512,2,1044,0.0,0.0,0.0,0.0,0.0,0.0
em,correctness,arxiv-em-correctness_10000,correctness,automatic_accumulator,512,2,1044,0.0,0.0,0.0,0.0,0.0,0.0
em,correctness,arxiv-em-correctness_10000,correctness,default_cagra,512,2,2088,0.0,0.0,0.0,0.0,0.0,0.0
em,correctness,arxiv-em-correctness_10000,correctness,automatic_legacy,512,2,2088,0.0,0.0,0.0,0.0,0.0,0.0
em,correctness,arxiv-em-correctness_10000,correctness,automatic_accumulator,512,2,2088,0.0,0.0,0.0,0.0,0.0,0.0
em,correctness,arxiv-em-correctness_10000,correctness,default_cagra,512,2,4176,0.0,0.0,0.0,0.0,0.0,0.0
em,correctness,arxiv-em-correctness_10000,correctness,automatic_legacy,512,2,4176,0.0,0.0,0.0,0.0,0.0,0.0
em,correctness,arxiv-em-correctness_10000,correctness,automatic_accumulator,512,2,4176,0.0,0.0,0.0,0.0,0.0,0.0
em,correctness,arxiv-em-correctness_10000,correctness,default_cagra,512,2,7569,0.0,0.0,0.0,0.0,0.0,0.0
em,correctness,arxiv-em-correctness_10000,correctness,automatic_legacy,512,2,7569,0.0,0.0,0.0,0.0,0.0,0.0
em,correctness,arxiv-em-correctness_10000,correctness,automatic_accumulator,512,2,7569,0.0,0.0,0.0,0.0,0.0,0.0
em,correctness,arxiv-em-correctness_10000,correctness,default_cagra,512,4,0,0.99522,3567.4597877052333,2.803120907,0.0,0.0,0.006
em,correctness,arxiv-em-correctness_10000,correctness,automatic_legacy,512,4,0,0.99502,3646.12351216283,2.742645609,0.0,0.0,0.007
em,correctness,arxiv-em-correctness_10000,correctness,automatic_accumulator,512,4,0,0.99776,3646.4978027196344,2.742364296,0.0,0.0,0.0011
em,correctness,arxiv-em-correctness_10000,correctness,default_cagra,512,4,522,0.0,0.0,0.0,0.0,0.0,0.0
em,correctness,arxiv-em-correctness_10000,correctness,automatic_legacy,512,4,522,0.0,0.0,0.0,0.0,0.0,0.0
em,correctness,arxiv-em-correctness_10000,correctness,automatic_accumulator,512,4,522,0.0,0.0,0.0,0.0,0.0,0.0
em,correctness,arxiv-em-correctness_10000,correctness,default_cagra,512,4,1044,0.0,0.0,0.0,0.0,0.0,0.0
em,correctness,arxiv-em-correctness_10000,correctness,automatic_legacy,512,4,1044,0.0,0.0,0.0,0.0,0.0,0.0
em,correctness,arxiv-em-correctness_10000,correctness,automatic_accumulator,512,4,1044,0.0,0.0,0.0,0.0,0.0,0.0
em,correctness,arxiv-em-correctness_10000,correctness,default_cagra,512,4,2088,0.0,0.0,0.0,0.0,0.0,0.0
em,correctness,arxiv-em-correctness_10000,correctness,automatic_legacy,512,4,2088,0.0,0.0,0.0,0.0,0.0,0.0
em,correctness,arxiv-em-correctness_10000,correctness,automatic_accumulator,512,4,2088,0.0,0.0,0.0,0.0,0.0,0.0
em,correctness,arxiv-em-correctness_10000,correctness,default_cagra,512,4,4176,0.0,0.0,0.0,0.0,0.0,0.0
em,correctness,arxiv-em-correctness_10000,correctness,automatic_legacy,512,4,4176,0.0,0.0,0.0,0.0,0.0,0.0
em,correctness,arxiv-em-correctness_10000,correctness,automatic_accumulator,512,4,4176,0.0,0.0,0.0,0.0,0.0,0.0
em,correctness,arxiv-em-correctness_10000,correctness,default_cagra,512,4,7569,0.0,0.0,0.0,0.0,0.0,0.0
em,correctness,arxiv-em-correctness_10000,correctness,automatic_legacy,512,4,7569,0.0,0.0,0.0,0.0,0.0,0.0
em,correctness,arxiv-em-correctness_10000,correctness,automatic_accumulator,512,4,7569,0.0,0.0,0.0,0.0,0.0,0.0
em,throughput,arxiv-em-throughput_10000,throughput,default_cagra,64,1,0,0.94269,29114.410327588957,0.343479397,0.0,0.0,0.0497
em,throughput,arxiv-em-throughput_10000,throughput,automatic_legacy,64,1,0,0.94168,28759.653271036306,0.347716022,0.0,0.0,0.0504
em,throughput,arxiv-em-throughput_10000,throughput,automatic_accumulator,64,1,0,0.96453,28775.434232312145,0.34752542,0.0,0.0,0.0067
em,throughput,arxiv-em-throughput_10000,throughput,default_cagra,64,1,522,0.9693,5943.72746187875,1.682451753,0.0,0.0,0.0116
em,throughput,arxiv-em-throughput_10000,throughput,automatic_legacy,64,1,522,0.95574,10050.926607841455,0.99494025,0.0,0.0,0.0123
em,throughput,arxiv-em-throughput_10000,throughput,automatic_accumulator,64,1,522,0.98256,10056.117146064596,0.994426139,0.0,0.0,0.0006
em,throughput,arxiv-em-throughput_10000,throughput,default_cagra,64,1,1044,0.96988,5075.524479295034,1.970275928,0.0,0.0,0.0034
em,throughput,arxiv-em-throughput_10000,throughput,automatic_legacy,64,1,1044,0.95632,7794.041074158817,1.283038317,0.0,0.0,0.0041
em,throughput,arxiv-em-throughput_10000,throughput,automatic_accumulator,64,1,1044,0.98332,7784.931374576065,1.28453946,0.0,0.0,0.0006
em,throughput,arxiv-em-throughput_10000,throughput,default_cagra,64,1,2088,0.0,0.0,0.0,0.0,0.0,0.0
em,throughput,arxiv-em-throughput_10000,throughput,automatic_legacy,64,1,2088,0.0,0.0,0.0,0.0,0.0,0.0
em,throughput,arxiv-em-throughput_10000,throughput,automatic_accumulator,64,1,2088,0.0,0.0,0.0,0.0,0.0,0.0
em,throughput,arxiv-em-throughput_10000,throughput,default_cagra,64,1,4176,0.0,0.0,0.0,0.0,0.0,0.0
em,throughput,arxiv-em-throughput_10000,throughput,automatic_legacy,64,1,4176,0.0,0.0,0.0,0.0,0.0,0.0
em,throughput,arxiv-em-throughput_10000,throughput,automatic_accumulator,64,1,4176,0.0,0.0,0.0,0.0,0.0,0.0
em,throughput,arxiv-em-throughput_10000,throughput,default_cagra,64,1,7569,0.0,0.0,0.0,0.0,0.0,0.0
em,throughput,arxiv-em-throughput_10000,throughput,automatic_legacy,64,1,7569,0.0,0.0,0.0,0.0,0.0,0.0
em,throughput,arxiv-em-throughput_10000,throughput,automatic_accumulator,64,1,7569,0.0,0.0,0.0,0.0,0.0,0.0
em,throughput,arxiv-em-throughput_10000,throughput,default_cagra,64,2,0,0.94479,27248.39000162065,0.367000624,0.0,0.0,0.0463
em,throughput,arxiv-em-throughput_10000,throughput,automatic_legacy,64,2,0,0.94303,27717.360937217163,0.360792311,0.0,0.0,0.0465
em,throughput,arxiv-em-throughput_10000,throughput,automatic_accumulator,64,2,0,0.96609,27706.856306714835,0.360926704,0.0,0.0,0.0055
em,throughput,arxiv-em-throughput_10000,throughput,default_cagra,64,2,522,0.96984,4994.52840423364,2.002196866,0.0,0.0,0.0035
em,throughput,arxiv-em-throughput_10000,throughput,automatic_legacy,64,2,522,0.95653,7654.7144709740605,1.306390481,0.0,0.0,0.0037
em,throughput,arxiv-em-throughput_10000,throughput,automatic_accumulator,64,2,522,0.9836,7658.731782712294,1.305705832,0.0,0.0,0.0006
em,throughput,arxiv-em-throughput_10000,throughput,default_cagra,64,2,1044,0.0,0.0,0.0,0.0,0.0,0.0
em,throughput,arxiv-em-throughput_10000,throughput,automatic_legacy,64,2,1044,0.0,0.0,0.0,0.0,0.0,0.0
em,throughput,arxiv-em-throughput_10000,throughput,automatic_accumulator,64,2,1044,0.0,0.0,0.0,0.0,0.0,0.0
em,throughput,arxiv-em-throughput_10000,throughput,default_cagra,64,2,2088,0.0,0.0,0.0,0.0,0.0,0.0
em,throughput,arxiv-em-throughput_10000,throughput,automatic_legacy,64,2,2088,0.0,0.0,0.0,0.0,0.0,0.0
em,throughput,arxiv-em-throughput_10000,throughput,automatic_accumulator,64,2,2088,0.0,0.0,0.0,0.0,0.0,0.0
em,throughput,arxiv-em-throughput_10000,throughput,default_cagra,64,2,4176,0.0,0.0,0.0,0.0,0.0,0.0
em,throughput,arxiv-em-throughput_10000,throughput,automatic_legacy,64,2,4176,0.0,0.0,0.0,0.0,0.0,0.0
em,throughput,arxiv-em-throughput_10000,throughput,automatic_accumulator,64,2,4176,0.0,0.0,0.0,0.0,0.0,0.0
em,throughput,arxiv-em-throughput_10000,throughput,default_cagra,64,2,7569,0.0,0.0,0.0,0.0,0.0,0.0
em,throughput,arxiv-em-throughput_10000,throughput,automatic_legacy,64,2,7569,0.0,0.0,0.0,0.0,0.0,0.0
em,throughput,arxiv-em-throughput_10000,throughput,automatic_accumulator,64,2,7569,0.0,0.0,0.0,0.0,0.0,0.0
em,throughput,arxiv-em-throughput_10000,throughput,default_cagra,64,4,0,0.94877,24825.82135473388,0.402812393,0.0,0.0,0.0372
em,throughput,arxiv-em-throughput_10000,throughput,automatic_legacy,64,4,0,0.94563,27009.863499767944,0.370241165,0.0,0.0,0.0374
em,throughput,arxiv-em-throughput_10000,throughput,automatic_accumulator,64,4,0,0.96809,26980.01420645831,0.370650933,0.0,0.0,0.0051
em,throughput,arxiv-em-throughput_10000,throughput,default_cagra,64,4,522,0.0,0.0,0.0,0.0,0.0,0.0
em,throughput,arxiv-em-throughput_10000,throughput,automatic_legacy,64,4,522,0.0,0.0,0.0,0.0,0.0,0.0
em,throughput,arxiv-em-throughput_10000,throughput,automatic_accumulator,64,4,522,0.0,0.0,0.0,0.0,0.0,0.0
em,throughput,arxiv-em-throughput_10000,throughput,default_cagra,64,4,1044,0.0,0.0,0.0,0.0,0.0,0.0
em,throughput,arxiv-em-throughput_10000,throughput,automatic_legacy,64,4,1044,0.0,0.0,0.0,0.0,0.0,0.0
em,throughput,arxiv-em-throughput_10000,throughput,automatic_accumulator,64,4,1044,0.0,0.0,0.0,0.0,0.0,0.0
em,throughput,arxiv-em-throughput_10000,throughput,default_cagra,64,4,2088,0.0,0.0,0.0,0.0,0.0,0.0
em,throughput,arxiv-em-throughput_10000,throughput,automatic_legacy,64,4,2088,0.0,0.0,0.0,0.0,0.0,0.0
em,throughput,arxiv-em-throughput_10000,throughput,automatic_accumulator,64,4,2088,0.0,0.0,0.0,0.0,0.0,0.0
em,throughput,arxiv-em-throughput_10000,throughput,default_cagra,64,4,4176,0.0,0.0,0.0,0.0,0.0,0.0
em,throughput,arxiv-em-throughput_10000,throughput,automatic_legacy,64,4,4176,0.0,0.0,0.0,0.0,0.0,0.0
em,throughput,arxiv-em-throughput_10000,throughput,automatic_accumulator,64,4,4176,0.0,0.0,0.0,0.0,0.0,0.0
em,throughput,arxiv-em-throughput_10000,throughput,default_cagra,64,4,7569,0.0,0.0,0.0,0.0,0.0,0.0
em,throughput,arxiv-em-throughput_10000,throughput,automatic_legacy,64,4,7569,0.0,0.0,0.0,0.0,0.0,0.0
em,throughput,arxiv-em-throughput_10000,throughput,automatic_accumulator,64,4,7569,0.0,0.0,0.0,0.0,0.0,0.0
em,throughput,arxiv-em-throughput_10000,throughput,default_cagra,128,1,0,0.97358,14632.772117144714,0.683403191,0.0,0.0,0.0303
em,throughput,arxiv-em-throughput_10000,throughput,automatic_legacy,128,1,0,0.97224,14570.11434212059,0.686342802,0.0,0.0,0.0343
em,throughput,arxiv-em-throughput_10000,throughput,automatic_accumulator,128,1,0,0.9853,14559.035361887692,0.686864989,0.0,0.0,0.0032
em,throughput,arxiv-em-throughput_10000,throughput,default_cagra,128,1,522,0.98436,3863.986348238542,2.588006789,0.0,0.0,0.011
em,throughput,arxiv-em-throughput_10000,throughput,automatic_legacy,128,1,522,0.97733,11399.62852737748,0.877227446,0.0,0.0,0.015
em,throughput,arxiv-em-throughput_10000,throughput,automatic_accumulator,128,1,522,0.99198,11412.183754429647,0.876263452,0.0,0.0,0.0007
em,throughput,arxiv-em-throughput_10000,throughput,default_cagra,128,1,1044,0.98506,3110.8425923049012,3.214569219,0.0,0.0,0.0036
em,throughput,arxiv-em-throughput_10000,throughput,automatic_legacy,128,1,1044,0.97798,8802.817815793856,1.136095573,0.0,0.0,0.0076
em,throughput,arxiv-em-throughput_10000,throughput,automatic_accumulator,128,1,1044,0.99287,8800.88216381195,1.136256117,0.0,0.0,0.0006
em,throughput,arxiv-em-throughput_10000,throughput,default_cagra,128,1,2088,0.0,0.0,0.0,0.0,0.0,0.0
em,throughput,arxiv-em-throughput_10000,throughput,automatic_legacy,128,1,2088,0.0,0.0,0.0,0.0,0.0,0.0
em,throughput,arxiv-em-throughput_10000,throughput,automatic_accumulator,128,1,2088,0.0,0.0,0.0,0.0,0.0,0.0
em,throughput,arxiv-em-throughput_10000,throughput,default_cagra,128,1,4176,0.0,0.0,0.0,0.0,0.0,0.0
em,throughput,arxiv-em-throughput_10000,throughput,automatic_legacy,128,1,4176,0.0,0.0,0.0,0.0,0.0,0.0
em,throughput,arxiv-em-throughput_10000,throughput,automatic_accumulator,128,1,4176,0.0,0.0,0.0,0.0,0.0,0.0
em,throughput,arxiv-em-throughput_10000,throughput,default_cagra,128,1,7569,0.0,0.0,0.0,0.0,0.0,0.0
em,throughput,arxiv-em-throughput_10000,throughput,automatic_legacy,128,1,7569,0.0,0.0,0.0,0.0,0.0,0.0
em,throughput,arxiv-em-throughput_10000,throughput,automatic_accumulator,128,1,7569,0.0,0.0,0.0,0.0,0.0,0.0
em,throughput,arxiv-em-throughput_10000,throughput,default_cagra,128,2,0,0.97408,14149.527909485789,0.706743933,0.0,0.0,0.0287
em,throughput,arxiv-em-throughput_10000,throughput,automatic_legacy,128,2,0,0.97254,14351.868691391624,0.69677931,0.0,0.0,0.0319
em,throughput,arxiv-em-throughput_10000,throughput,automatic_accumulator,128,2,0,0.98558,14354.063826373229,0.696673283,0.0,0.0,0.0032
em,throughput,arxiv-em-throughput_10000,throughput,default_cagra,128,2,522,0.98517,3077.840810450645,3.249037137,0.0,0.0,0.0039
em,throughput,arxiv-em-throughput_10000,throughput,automatic_legacy,128,2,522,0.97811,8753.841791980287,1.142362399,0.0,0.0,0.0071
em,throughput,arxiv-em-throughput_10000,throughput,automatic_accumulator,128,2,522,0.99293,8752.030976616838,1.142598492,0.0,0.0,0.0006
em,throughput,arxiv-em-throughput_10000,throughput,default_cagra,128,2,1044,0.0,0.0,0.0,0.0,0.0,0.0
em,throughput,arxiv-em-throughput_10000,throughput,automatic_legacy,128,2,1044,0.0,0.0,0.0,0.0,0.0,0.0
em,throughput,arxiv-em-throughput_10000,throughput,automatic_accumulator,128,2,1044,0.0,0.0,0.0,0.0,0.0,0.0
em,throughput,arxiv-em-throughput_10000,throughput,default_cagra,128,2,2088,0.0,0.0,0.0,0.0,0.0,0.0
em,throughput,arxiv-em-throughput_10000,throughput,automatic_legacy,128,2,2088,0.0,0.0,0.0,0.0,0.0,0.0
em,throughput,arxiv-em-throughput_10000,throughput,automatic_accumulator,128,2,2088,0.0,0.0,0.0,0.0,0.0,0.0
em,throughput,arxiv-em-throughput_10000,throughput,default_cagra,128,2,4176,0.0,0.0,0.0,0.0,0.0,0.0
em,throughput,arxiv-em-throughput_10000,throughput,automatic_legacy,128,2,4176,0.0,0.0,0.0,0.0,0.0,0.0
em,throughput,arxiv-em-throughput_10000,throughput,automatic_accumulator,128,2,4176,0.0,0.0,0.0,0.0,0.0,0.0
em,throughput,arxiv-em-throughput_10000,throughput,default_cagra,128,2,7569,0.0,0.0,0.0,0.0,0.0,0.0
em,throughput,arxiv-em-throughput_10000,throughput,automatic_legacy,128,2,7569,0.0,0.0,0.0,0.0,0.0,0.0
em,throughput,arxiv-em-throughput_10000,throughput,automatic_accumulator,128,2,7569,0.0,0.0,0.0,0.0,0.0,0.0
em,throughput,arxiv-em-throughput_10000,throughput,default_cagra,128,4,0,0.97515,13236.735169864625,0.755478955,0.0,0.0,0.0252
em,throughput,arxiv-em-throughput_10000,throughput,automatic_legacy,128,4,0,0.97311,14002.743719988954,0.714152231,0.0,0.0,0.0269
em,throughput,arxiv-em-throughput_10000,throughput,automatic_accumulator,128,4,0,0.98629,13994.797825774065,0.714557945,0.0,0.0,0.0026
em,throughput,arxiv-em-throughput_10000,throughput,default_cagra,128,4,522,0.0,0.0,0.0,0.0,0.0,0.0
em,throughput,arxiv-em-throughput_10000,throughput,automatic_legacy,128,4,522,0.0,0.0,0.0,0.0,0.0,0.0
em,throughput,arxiv-em-throughput_10000,throughput,automatic_accumulator,128,4,522,0.0,0.0,0.0,0.0,0.0,0.0
em,throughput,arxiv-em-throughput_10000,throughput,default_cagra,128,4,1044,0.0,0.0,0.0,0.0,0.0,0.0
em,throughput,arxiv-em-throughput_10000,throughput,automatic_legacy,128,4,1044,0.0,0.0,0.0,0.0,0.0,0.0
em,throughput,arxiv-em-throughput_10000,throughput,automatic_accumulator,128,4,1044,0.0,0.0,0.0,0.0,0.0,0.0
em,throughput,arxiv-em-throughput_10000,throughput,default_cagra,128,4,2088,0.0,0.0,0.0,0.0,0.0,0.0
em,throughput,arxiv-em-throughput_10000,throughput,automatic_legacy,128,4,2088,0.0,0.0,0.0,0.0,0.0,0.0
em,throughput,arxiv-em-throughput_10000,throughput,automatic_accumulator,128,4,2088,0.0,0.0,0.0,0.0,0.0,0.0
em,throughput,arxiv-em-throughput_10000,throughput,default_cagra,128,4,4176,0.0,0.0,0.0,0.0,0.0,0.0
em,throughput,arxiv-em-throughput_10000,throughput,automatic_legacy,128,4,4176,0.0,0.0,0.0,0.0,0.0,0.0
em,throughput,arxiv-em-throughput_10000,throughput,automatic_accumulator,128,4,4176,0.0,0.0,0.0,0.0,0.0,0.0
em,throughput,arxiv-em-throughput_10000,throughput,default_cagra,128,4,7569,0.0,0.0,0.0,0.0,0.0,0.0
em,throughput,arxiv-em-throughput_10000,throughput,automatic_legacy,128,4,7569,0.0,0.0,0.0,0.0,0.0,0.0
em,throughput,arxiv-em-throughput_10000,throughput,automatic_accumulator,128,4,7569,0.0,0.0,0.0,0.0,0.0,0.0
em,throughput,arxiv-em-throughput_10000,throughput,default_cagra,256,1,0,0.98873,7241.077848538402,1.381016246,0.0,0.0,0.0138
em,throughput,arxiv-em-throughput_10000,throughput,automatic_legacy,256,1,0,0.98421,7184.824369154563,1.391828853,0.0,0.0,0.0284
em,throughput,arxiv-em-throughput_10000,throughput,automatic_accumulator,256,1,0,0.99428,7194.699066024509,1.389918892,0.0,0.0,0.002
em,throughput,arxiv-em-throughput_10000,throughput,default_cagra,256,1,522,0.99217,3235.9160284424624,3.090321623,0.0,0.0,0.0094
em,throughput,arxiv-em-throughput_10000,throughput,automatic_legacy,256,1,522,0.98558,6976.784495629795,1.433331916,0.0,0.0,0.0249
em,throughput,arxiv-em-throughput_10000,throughput,automatic_accumulator,256,1,522,0.99601,6981.356388297905,1.432392737,0.0,0.0,0.001
em,throughput,arxiv-em-throughput_10000,throughput,default_cagra,256,1,1044,0.99306,2035.7434685990768,4.912215564,0.0,0.0,0.0036
em,throughput,arxiv-em-throughput_10000,throughput,automatic_legacy,256,1,1044,0.98615,6541.785285202468,1.528641499,0.0,0.0,0.0191
em,throughput,arxiv-em-throughput_10000,throughput,automatic_accumulator,256,1,1044,0.99689,6548.085997863022,1.527171508,0.0,0.0,0.0006
em,throughput,arxiv-em-throughput_10000,throughput,default_cagra,256,1,2088,0.0,0.0,0.0,0.0,0.0,0.0
em,throughput,arxiv-em-throughput_10000,throughput,automatic_legacy,256,1,2088,0.0,0.0,0.0,0.0,0.0,0.0
em,throughput,arxiv-em-throughput_10000,throughput,automatic_accumulator,256,1,2088,0.0,0.0,0.0,0.0,0.0,0.0
em,throughput,arxiv-em-throughput_10000,throughput,default_cagra,256,1,4176,0.0,0.0,0.0,0.0,0.0,0.0
em,throughput,arxiv-em-throughput_10000,throughput,automatic_legacy,256,1,4176,0.0,0.0,0.0,0.0,0.0,0.0
em,throughput,arxiv-em-throughput_10000,throughput,automatic_accumulator,256,1,4176,0.0,0.0,0.0,0.0,0.0,0.0
em,throughput,arxiv-em-throughput_10000,throughput,default_cagra,256,1,7569,0.0,0.0,0.0,0.0,0.0,0.0
em,throughput,arxiv-em-throughput_10000,throughput,automatic_legacy,256,1,7569,0.0,0.0,0.0,0.0,0.0,0.0
em,throughput,arxiv-em-throughput_10000,throughput,automatic_accumulator,256,1,7569,0.0,0.0,0.0,0.0,0.0,0.0
em,throughput,arxiv-em-throughput_10000,throughput,default_cagra,256,2,0,0.9888,7133.143437019226,1.401911561,0.0,0.0,0.0134
em,throughput,arxiv-em-throughput_10000,throughput,automatic_legacy,256,2,0,0.98427,7143.535472569036,1.399873855,0.0,0.0,0.0276
em,throughput,arxiv-em-throughput_10000,throughput,automatic_accumulator,256,2,0,0.99434,7134.526787841347,1.401641242,0.0,0.0,0.002
em,throughput,arxiv-em-throughput_10000,throughput,default_cagra,256,2,522,0.99306,2028.5803340154998,4.929562278,0.0,0.0,0.0036
em,throughput,arxiv-em-throughput_10000,throughput,automatic_legacy,256,2,522,0.98619,6518.757472024195,1.534040759,0.0,0.0,0.0187
em,throughput,arxiv-em-throughput_10000,throughput,automatic_accumulator,256,2,522,0.99691,6515.764098264065,1.534746581,0.0,0.0,0.0006
em,throughput,arxiv-em-throughput_10000,throughput,default_cagra,256,2,1044,0.0,0.0,0.0,0.0,0.0,0.0
em,throughput,arxiv-em-throughput_10000,throughput,automatic_legacy,256,2,1044,0.0,0.0,0.0,0.0,0.0,0.0
em,throughput,arxiv-em-throughput_10000,throughput,automatic_accumulator,256,2,1044,0.0,0.0,0.0,0.0,0.0,0.0
em,throughput,arxiv-em-throughput_10000,throughput,default_cagra,256,2,2088,0.0,0.0,0.0,0.0,0.0,0.0
em,throughput,arxiv-em-throughput_10000,throughput,automatic_legacy,256,2,2088,0.0,0.0,0.0,0.0,0.0,0.0
em,throughput,arxiv-em-throughput_10000,throughput,automatic_accumulator,256,2,2088,0.0,0.0,0.0,0.0,0.0,0.0
em,throughput,arxiv-em-throughput_10000,throughput,default_cagra,256,2,4176,0.0,0.0,0.0,0.0,0.0,0.0
em,throughput,arxiv-em-throughput_10000,throughput,automatic_legacy,256,2,4176,0.0,0.0,0.0,0.0,0.0,0.0
em,throughput,arxiv-em-throughput_10000,throughput,automatic_accumulator,256,2,4176,0.0,0.0,0.0,0.0,0.0,0.0
em,throughput,arxiv-em-throughput_10000,throughput,default_cagra,256,2,7569,0.0,0.0,0.0,0.0,0.0,0.0
em,throughput,arxiv-em-throughput_10000,throughput,automatic_legacy,256,2,7569,0.0,0.0,0.0,0.0,0.0,0.0
em,throughput,arxiv-em-throughput_10000,throughput,automatic_accumulator,256,2,7569,0.0,0.0,0.0,0.0,0.0,0.0
em,throughput,arxiv-em-throughput_10000,throughput,default_cagra,256,4,0,0.9892,6928.806508282629,1.443256589,0.0,0.0,0.0129
em,throughput,arxiv-em-throughput_10000,throughput,automatic_legacy,256,4,0,0.98455,7111.204723636436,1.406238792,0.0,0.0,0.0268
em,throughput,arxiv-em-throughput_10000,throughput,automatic_accumulator,256,4,0,0.99455,7106.922633310554,1.407110743,0.0,0.0,0.0019
em,throughput,arxiv-em-throughput_10000,throughput,default_cagra,256,4,522,0.0,0.0,0.0,0.0,0.0,0.0
em,throughput,arxiv-em-throughput_10000,throughput,automatic_legacy,256,4,522,0.0,0.0,0.0,0.0,0.0,0.0
em,throughput,arxiv-em-throughput_10000,throughput,automatic_accumulator,256,4,522,0.0,0.0,0.0,0.0,0.0,0.0
em,throughput,arxiv-em-throughput_10000,throughput,default_cagra,256,4,1044,0.0,0.0,0.0,0.0,0.0,0.0
em,throughput,arxiv-em-throughput_10000,throughput,automatic_legacy,256,4,1044,0.0,0.0,0.0,0.0,0.0,0.0
em,throughput,arxiv-em-throughput_10000,throughput,automatic_accumulator,256,4,1044,0.0,0.0,0.0,0.0,0.0,0.0
em,throughput,arxiv-em-throughput_10000,throughput,default_cagra,256,4,2088,0.0,0.0,0.0,0.0,0.0,0.0
em,throughput,arxiv-em-throughput_10000,throughput,automatic_legacy,256,4,2088,0.0,0.0,0.0,0.0,0.0,0.0
em,throughput,arxiv-em-throughput_10000,throughput,automatic_accumulator,256,4,2088,0.0,0.0,0.0,0.0,0.0,0.0
em,throughput,arxiv-em-throughput_10000,throughput,default_cagra,256,4,4176,0.0,0.0,0.0,0.0,0.0,0.0
em,throughput,arxiv-em-throughput_10000,throughput,automatic_legacy,256,4,4176,0.0,0.0,0.0,0.0,0.0,0.0
em,throughput,arxiv-em-throughput_10000,throughput,automatic_accumulator,256,4,4176,0.0,0.0,0.0,0.0,0.0,0.0
em,throughput,arxiv-em-throughput_10000,throughput,default_cagra,256,4,7569,0.0,0.0,0.0,0.0,0.0,0.0
em,throughput,arxiv-em-throughput_10000,throughput,automatic_legacy,256,4,7569,0.0,0.0,0.0,0.0,0.0,0.0
em,throughput,arxiv-em-throughput_10000,throughput,automatic_accumulator,256,4,7569,0.0,0.0,0.0,0.0,0.0,0.0
em,throughput,arxiv-em-throughput_10000,throughput,default_cagra,512,1,0,0.99518,3616.098311356503,2.765417401,0.0,0.0,0.0065
em,throughput,arxiv-em-throughput_10000,throughput,automatic_legacy,512,1,0,0.99499,3634.806271233386,2.751185067,0.0,0.0,0.0074
em,throughput,arxiv-em-throughput_10000,throughput,automatic_accumulator,512,1,0,0.99774,3631.5398738344134,2.753659195,0.0,0.0,0.0011
em,throughput,arxiv-em-throughput_10000,throughput,default_cagra,512,1,522,0.99519,3589.0193550861977,2.786283065,0.0,0.0,0.0064
em,throughput,arxiv-em-throughput_10000,throughput,automatic_legacy,512,1,522,0.99499,3624.2736498947224,2.759180052,0.0,0.0,0.0073
em,throughput,arxiv-em-throughput_10000,throughput,automatic_accumulator,512,1,522,0.99774,3629.833646148491,2.754954374,0.0,0.0,0.0011
em,throughput,arxiv-em-throughput_10000,throughput,default_cagra,512,1,1044,0.9964,1671.048147110204,5.98427368,0.0,0.0,0.0032
em,throughput,arxiv-em-throughput_10000,throughput,automatic_legacy,512,1,1044,0.99573,3531.5556383496637,2.831630679,0.0,0.0,0.0041
em,throughput,arxiv-em-throughput_10000,throughput,automatic_accumulator,512,1,1044,0.9987,3530.0184382438447,2.832852765,0.0,0.0,0.0006
em,throughput,arxiv-em-throughput_10000,throughput,default_cagra,512,1,2088,0.0,0.0,0.0,0.0,0.0,0.0
em,throughput,arxiv-em-throughput_10000,throughput,automatic_legacy,512,1,2088,0.0,0.0,0.0,0.0,0.0,0.0
em,throughput,arxiv-em-throughput_10000,throughput,automatic_accumulator,512,1,2088,0.0,0.0,0.0,0.0,0.0,0.0
em,throughput,arxiv-em-throughput_10000,throughput,default_cagra,512,1,4176,0.0,0.0,0.0,0.0,0.0,0.0
em,throughput,arxiv-em-throughput_10000,throughput,automatic_legacy,512,1,4176,0.0,0.0,0.0,0.0,0.0,0.0
em,throughput,arxiv-em-throughput_10000,throughput,automatic_accumulator,512,1,4176,0.0,0.0,0.0,0.0,0.0,0.0
em,throughput,arxiv-em-throughput_10000,throughput,default_cagra,512,1,7569,0.0,0.0,0.0,0.0,0.0,0.0
em,throughput,arxiv-em-throughput_10000,throughput,automatic_legacy,512,1,7569,0.0,0.0,0.0,0.0,0.0,0.0
em,throughput,arxiv-em-throughput_10000,throughput,automatic_accumulator,512,1,7569,0.0,0.0,0.0,0.0,0.0,0.0
em,throughput,arxiv-em-throughput_10000,throughput,default_cagra,512,2,0,0.99516,3560.721525040832,2.808425856,0.0,0.0,0.0063
em,throughput,arxiv-em-throughput_10000,throughput,automatic_legacy,512,2,0,0.99497,3596.758200256856,2.780288558,0.0,0.0,0.0071
em,throughput,arxiv-em-throughput_10000,throughput,automatic_accumulator,512,2,0,0.99774,3600.4964361598027,2.777401465,0.0,0.0,0.0011
em,throughput,arxiv-em-throughput_10000,throughput,default_cagra,512,2,522,0.99639,1655.669215862112,6.039860963,0.0,0.0,0.0032
em,throughput,arxiv-em-throughput_10000,throughput,automatic_legacy,512,2,522,0.99572,3510.999333670539,2.84819859,0.0,0.0,0.004
em,throughput,arxiv-em-throughput_10000,throughput,automatic_accumulator,512,2,522,0.9987,3509.5581779890986,2.849368151,0.0,0.0,0.0006
em,throughput,arxiv-em-throughput_10000,throughput,default_cagra,512,2,1044,0.0,0.0,0.0,0.0,0.0,0.0
em,throughput,arxiv-em-throughput_10000,throughput,automatic_legacy,512,2,1044,0.0,0.0,0.0,0.0,0.0,0.0
em,throughput,arxiv-em-throughput_10000,throughput,automatic_accumulator,512,2,1044,0.0,0.0,0.0,0.0,0.0,0.0
em,throughput,arxiv-em-throughput_10000,throughput,default_cagra,512,2,2088,0.0,0.0,0.0,0.0,0.0,0.0
em,throughput,arxiv-em-throughput_10000,throughput,automatic_legacy,512,2,2088,0.0,0.0,0.0,0.0,0.0,0.0
em,throughput,arxiv-em-throughput_10000,throughput,automatic_accumulator,512,2,2088,0.0,0.0,0.0,0.0,0.0,0.0
em,throughput,arxiv-em-throughput_10000,throughput,default_cagra,512,2,4176,0.0,0.0,0.0,0.0,0.0,0.0
em,throughput,arxiv-em-throughput_10000,throughput,automatic_legacy,512,2,4176,0.0,0.0,0.0,0.0,0.0,0.0
em,throughput,arxiv-em-throughput_10000,throughput,automatic_accumulator,512,2,4176,0.0,0.0,0.0,0.0,0.0,0.0
em,throughput,arxiv-em-throughput_10000,throughput,default_cagra,512,2,7569,0.0,0.0,0.0,0.0,0.0,0.0
em,throughput,arxiv-em-throughput_10000,throughput,automatic_legacy,512,2,7569,0.0,0.0,0.0,0.0,0.0,0.0
em,throughput,arxiv-em-throughput_10000,throughput,automatic_accumulator,512,2,7569,0.0,0.0,0.0,0.0,0.0,0.0
em,throughput,arxiv-em-throughput_10000,throughput,default_cagra,512,4,0,0.99522,3566.7348986149227,2.803691594,0.0,0.0,0.006
em,throughput,arxiv-em-throughput_10000,throughput,automatic_legacy,512,4,0,0.99502,3647.9013500798565,2.741309133,0.0,0.0,0.007
em,throughput,arxiv-em-throughput_10000,throughput,automatic_accumulator,512,4,0,0.99776,3645.7316354602335,2.742940889,0.0,0.0,0.0011
em,throughput,arxiv-em-throughput_10000,throughput,default_cagra,512,4,522,0.0,0.0,0.0,0.0,0.0,0.0
em,throughput,arxiv-em-throughput_10000,throughput,automatic_legacy,512,4,522,0.0,0.0,0.0,0.0,0.0,0.0
em,throughput,arxiv-em-throughput_10000,throughput,automatic_accumulator,512,4,522,0.0,0.0,0.0,0.0,0.0,0.0
em,throughput,arxiv-em-throughput_10000,throughput,default_cagra,512,4,1044,0.0,0.0,0.0,0.0,0.0,0.0
em,throughput,arxiv-em-throughput_10000,throughput,automatic_legacy,512,4,1044,0.0,0.0,0.0,0.0,0.0,0.0
em,throughput,arxiv-em-throughput_10000,throughput,automatic_accumulator,512,4,1044,0.0,0.0,0.0,0.0,0.0,0.0
em,throughput,arxiv-em-throughput_10000,throughput,default_cagra,512,4,2088,0.0,0.0,0.0,0.0,0.0,0.0
em,throughput,arxiv-em-throughput_10000,throughput,automatic_legacy,512,4,2088,0.0,0.0,0.0,0.0,0.0,0.0
em,throughput,arxiv-em-throughput_10000,throughput,automatic_accumulator,512,4,2088,0.0,0.0,0.0,0.0,0.0,0.0
em,throughput,arxiv-em-throughput_10000,throughput,default_cagra,512,4,4176,0.0,0.0,0.0,0.0,0.0,0.0
em,throughput,arxiv-em-throughput_10000,throughput,automatic_legacy,512,4,4176,0.0,0.0,0.0,0.0,0.0,0.0
em,throughput,arxiv-em-throughput_10000,throughput,automatic_accumulator,512,4,4176,0.0,0.0,0.0,0.0,0.0,0.0
em,throughput,arxiv-em-throughput_10000,throughput,default_cagra,512,4,7569,0.0,0.0,0.0,0.0,0.0,0.0
em,throughput,arxiv-em-throughput_10000,throughput,automatic_legacy,512,4,7569,0.0,0.0,0.0,0.0,0.0,0.0
em,throughput,arxiv-em-throughput_10000,throughput,automatic_accumulator,512,4,7569,0.0,0.0,0.0,0.0,0.0,0.0
emis,correctness,arxiv-emis-correctness_10000,correctness,default_cagra,64,1,0,0.38886,29069.32151507319,0.344010601,0.0,0.0,0.6772
emis,correctness,arxiv-emis-correctness_10000,correctness,automatic_legacy,64,1,0,0.35222,28245.90628404221,0.354040894,0.0,0.0,0.726
emis,correctness,arxiv-emis-correctness_10000,correctness,automatic_accumulator,64,1,0,0.54869,28181.174856850663,0.354852888,0.0,0.0,0.1865
emis,correctness,arxiv-emis-correctness_10000,correctness,default_cagra,64,1,522,0.53825,3165.840805648472,3.158725765,0.0,0.0,0.3996
emis,correctness,arxiv-emis-correctness_10000,correctness,automatic_legacy,64,1,522,0.4725,3800.1846003501014,2.631457817,0.0,0.0,0.5435
emis,correctness,arxiv-emis-correctness_10000,correctness,automatic_accumulator,64,1,522,0.80233,3803.437884372128,2.629207021,0.0,0.0,0.0511
emis,correctness,arxiv-emis-correctness_10000,correctness,default_cagra,64,1,1044,0.58866,1699.3794309686898,5.884507151,0.0,0.0,0.2761
emis,correctness,arxiv-emis-correctness_10000,correctness,automatic_legacy,64,1,1044,0.5222,1953.1558484187667,5.119926801,0.0,0.0,0.4237
emis,correctness,arxiv-emis-correctness_10000,correctness,automatic_accumulator,64,1,1044,0.87806,1953.9606417992336,5.117817074,0.0,0.0,0.0151
emis,correctness,arxiv-emis-correctness_10000,correctness,default_cagra,64,1,2088,0.0,0.0,0.0,0.0,0.0,0.0
emis,correctness,arxiv-emis-correctness_10000,correctness,automatic_legacy,64,1,2088,0.0,0.0,0.0,0.0,0.0,0.0
emis,correctness,arxiv-emis-correctness_10000,correctness,automatic_accumulator,64,1,2088,0.0,0.0,0.0,0.0,0.0,0.0
emis,correctness,arxiv-emis-correctness_10000,correctness,default_cagra,64,1,4176,0.0,0.0,0.0,0.0,0.0,0.0
emis,correctness,arxiv-emis-correctness_10000,correctness,automatic_legacy,64,1,4176,0.0,0.0,0.0,0.0,0.0,0.0
emis,correctness,arxiv-emis-correctness_10000,correctness,automatic_accumulator,64,1,4176,0.0,0.0,0.0,0.0,0.0,0.0
emis,correctness,arxiv-emis-correctness_10000,correctness,default_cagra,64,1,7569,0.0,0.0,0.0,0.0,0.0,0.0
emis,correctness,arxiv-emis-correctness_10000,correctness,automatic_legacy,64,1,7569,0.0,0.0,0.0,0.0,0.0,0.0
emis,correctness,arxiv-emis-correctness_10000,correctness,automatic_accumulator,64,1,7569,0.0,0.0,0.0,0.0,0.0,0.0
emis,correctness,arxiv-emis-correctness_10000,correctness,default_cagra,64,2,0,0.39359,27308.719718420445,0.366190178,0.0,0.0,0.6623
emis,correctness,arxiv-emis-correctness_10000,correctness,automatic_legacy,64,2,0,0.35554,26791.52330992282,0.373259587,0.0,0.0,0.7109
emis,correctness,arxiv-emis-correctness_10000,correctness,automatic_accumulator,64,2,0,0.55415,26766.26422136361,0.373611878,0.0,0.0,0.1636
emis,correctness,arxiv-emis-correctness_10000,correctness,default_cagra,64,2,522,0.58809,1694.6011969570463,5.901099844,0.0,0.0,0.271
emis,correctness,arxiv-emis-correctness_10000,correctness,automatic_legacy,64,2,522,0.52193,1947.2548250009893,5.13545197,0.0,0.0,0.4094
emis,correctness,arxiv-emis-correctness_10000,correctness,automatic_accumulator,64,2,522,0.87714,1946.0252749401352,5.138686291,0.0,0.0,0.0134
emis,correctness,arxiv-emis-correctness_10000,correctness,default_cagra,64,2,1044,0.0,0.0,0.0,0.0,0.0,0.0
emis,correctness,arxiv-emis-correctness_10000,correctness,automatic_legacy,64,2,1044,0.0,0.0,0.0,0.0,0.0,0.0
emis,correctness,arxiv-emis-correctness_10000,correctness,automatic_accumulator,64,2,1044,0.0,0.0,0.0,0.0,0.0,0.0
emis,correctness,arxiv-emis-correctness_10000,correctness,default_cagra,64,2,2088,0.0,0.0,0.0,0.0,0.0,0.0
emis,correctness,arxiv-emis-correctness_10000,correctness,automatic_legacy,64,2,2088,0.0,0.0,0.0,0.0,0.0,0.0
emis,correctness,arxiv-emis-correctness_10000,correctness,automatic_accumulator,64,2,2088,0.0,0.0,0.0,0.0,0.0,0.0
emis,correctness,arxiv-emis-correctness_10000,correctness,default_cagra,64,2,4176,0.0,0.0,0.0,0.0,0.0,0.0
emis,correctness,arxiv-emis-correctness_10000,correctness,automatic_legacy,64,2,4176,0.0,0.0,0.0,0.0,0.0,0.0
emis,correctness,arxiv-emis-correctness_10000,correctness,automatic_accumulator,64,2,4176,0.0,0.0,0.0,0.0,0.0,0.0
emis,correctness,arxiv-emis-correctness_10000,correctness,default_cagra,64,2,7569,0.0,0.0,0.0,0.0,0.0,0.0
emis,correctness,arxiv-emis-correctness_10000,correctness,automatic_legacy,64,2,7569,0.0,0.0,0.0,0.0,0.0,0.0
emis,correctness,arxiv-emis-correctness_10000,correctness,automatic_accumulator,64,2,7569,0.0,0.0,0.0,0.0,0.0,0.0
emis,correctness,arxiv-emis-correctness_10000,correctness,default_cagra,64,4,0,0.40542,25153.865376965023,0.397558474,0.0,0.0,0.617
emis,correctness,arxiv-emis-correctness_10000,correctness,automatic_legacy,64,4,0,0.36446,25280.080348520733,0.395574112,0.0,0.0,0.6703
emis,correctness,arxiv-emis-correctness_10000,correctness,automatic_accumulator,64,4,0,0.56101,25155.50048710233,0.397533591,0.0,0.0,0.1077
emis,correctness,arxiv-emis-correctness_10000,correctness,default_cagra,64,4,522,0.0,0.0,0.0,0.0,0.0,0.0
emis,correctness,arxiv-emis-correctness_10000,correctness,automatic_legacy,64,4,522,0.0,0.0,0.0,0.0,0.0,0.0
emis,correctness,arxiv-emis-correctness_10000,correctness,automatic_accumulator,64,4,522,0.0,0.0,0.0,0.0,0.0,0.0
emis,correctness,arxiv-emis-correctness_10000,correctness,default_cagra,64,4,1044,0.0,0.0,0.0,0.0,0.0,0.0
emis,correctness,arxiv-emis-correctness_10000,correctness,automatic_legacy,64,4,1044,0.0,0.0,0.0,0.0,0.0,0.0
emis,correctness,arxiv-emis-correctness_10000,correctness,automatic_accumulator,64,4,1044,0.0,0.0,0.0,0.0,0.0,0.0
emis,correctness,arxiv-emis-correctness_10000,correctness,default_cagra,64,4,2088,0.0,0.0,0.0,0.0,0.0,0.0
emis,correctness,arxiv-emis-correctness_10000,correctness,automatic_legacy,64,4,2088,0.0,0.0,0.0,0.0,0.0,0.0
emis,correctness,arxiv-emis-correctness_10000,correctness,automatic_accumulator,64,4,2088,0.0,0.0,0.0,0.0,0.0,0.0
emis,correctness,arxiv-emis-correctness_10000,correctness,default_cagra,64,4,4176,0.0,0.0,0.0,0.0,0.0,0.0
emis,correctness,arxiv-emis-correctness_10000,correctness,automatic_legacy,64,4,4176,0.0,0.0,0.0,0.0,0.0,0.0
emis,correctness,arxiv-emis-correctness_10000,correctness,automatic_accumulator,64,4,4176,0.0,0.0,0.0,0.0,0.0,0.0
emis,correctness,arxiv-emis-correctness_10000,correctness,default_cagra,64,4,7569,0.0,0.0,0.0,0.0,0.0,0.0
emis,correctness,arxiv-emis-correctness_10000,correctness,automatic_legacy,64,4,7569,0.0,0.0,0.0,0.0,0.0,0.0
emis,correctness,arxiv-emis-correctness_10000,correctness,automatic_accumulator,64,4,7569,0.0,0.0,0.0,0.0,0.0,0.0
emis,correctness,arxiv-emis-correctness_10000,correctness,default_cagra,128,1,0,0.48972,14633.590008082612,0.6833657,0.0,0.0,0.5834
emis,correctness,arxiv-emis-correctness_10000,correctness,automatic_legacy,128,1,0,0.42509,14446.77736143478,0.692202615,0.0,0.0,0.6632
emis,correctness,arxiv-emis-correctness_10000,correctness,automatic_accumulator,128,1,0,0.62772,14452.353263540444,0.691935206,0.0,0.0,0.1023
emis,correctness,arxiv-emis-correctness_10000,correctness,default_cagra,128,1,522,0.59905,3385.1388655096857,2.954095491,0.0,0.0,0.3993
emis,correctness,arxiv-emis-correctness_10000,correctness,automatic_legacy,128,1,522,0.463,6359.903343208501,1.5723577,0.0,0.0,0.609
emis,correctness,arxiv-emis-correctness_10000,correctness,automatic_accumulator,128,1,522,0.70736,6364.086966448766,1.571323215,0.0,0.0,0.0653
emis,correctness,arxiv-emis-correctness_10000,correctness,default_cagra,128,1,1044,0.65105,1675.5414360600219,5.968229035,0.0,0.0,0.28
emis,correctness,arxiv-emis-correctness_10000,correctness,automatic_legacy,128,1,1044,0.4848,3585.6376209389146,2.788938146,0.0,0.0,0.5757
emis,correctness,arxiv-emis-correctness_10000,correctness,automatic_accumulator,128,1,1044,0.74821,3587.8165694178997,2.787217407,0.0,0.0,0.0477
emis,correctness,arxiv-emis-correctness_10000,correctness,default_cagra,128,1,2088,0.0,0.0,0.0,0.0,0.0,0.0
emis,correctness,arxiv-emis-correctness_10000,correctness,automatic_legacy,128,1,2088,0.0,0.0,0.0,0.0,0.0,0.0
emis,correctness,arxiv-emis-correctness_10000,correctness,automatic_accumulator,128,1,2088,0.0,0.0,0.0,0.0,0.0,0.0
emis,correctness,arxiv-emis-correctness_10000,correctness,default_cagra,128,1,4176,0.0,0.0,0.0,0.0,0.0,0.0
emis,correctness,arxiv-emis-correctness_10000,correctness,automatic_legacy,128,1,4176,0.0,0.0,0.0,0.0,0.0,0.0
emis,correctness,arxiv-emis-correctness_10000,correctness,automatic_accumulator,128,1,4176,0.0,0.0,0.0,0.0,0.0,0.0
emis,correctness,arxiv-emis-correctness_10000,correctness,default_cagra,128,1,7569,0.0,0.0,0.0,0.0,0.0,0.0
emis,correctness,arxiv-emis-correctness_10000,correctness,automatic_legacy,128,1,7569,0.0,0.0,0.0,0.0,0.0,0.0
emis,correctness,arxiv-emis-correctness_10000,correctness,automatic_accumulator,128,1,7569,0.0,0.0,0.0,0.0,0.0,0.0
emis,correctness,arxiv-emis-correctness_10000,correctness,default_cagra,128,2,0,0.4919,14167.377239731195,0.705853251,0.0,0.0,0.5707
emis,correctness,arxiv-emis-correctness_10000,correctness,automatic_legacy,128,2,0,0.42574,14178.052695699458,0.70532218,0.0,0.0,0.6537
emis,correctness,arxiv-emis-correctness_10000,correctness,automatic_accumulator,128,2,0,0.62893,14176.77066377085,0.705386181,0.0,0.0,0.0893
emis,correctness,arxiv-emis-correctness_10000,correctness,default_cagra,128,2,522,0.651,1671.6924299720947,5.981968148,0.0,0.0,0.2764
emis,correctness,arxiv-emis-correctness_10000,correctness,automatic_legacy,128,2,522,0.48458,3570.5889232136797,2.800664896,0.0,0.0,0.5666
emis,correctness,arxiv-emis-correctness_10000,correctness,automatic_accumulator,128,2,522,0.74814,3570.571515669955,2.800678103,0.0,0.0,0.0439
emis,correctness,arxiv-emis-correctness_10000,correctness,default_cagra,128,2,1044,0.0,0.0,0.0,0.0,0.0,0.0
emis,correctness,arxiv-emis-correctness_10000,correctness,automatic_legacy,128,2,1044,0.0,0.0,0.0,0.0,0.0,0.0
emis,correctness,arxiv-emis-correctness_10000,correctness,automatic_accumulator,128,2,1044,0.0,0.0,0.0,0.0,0.0,0.0
emis,correctness,arxiv-emis-correctness_10000,correctness,default_cagra,128,2,2088,0.0,0.0,0.0,0.0,0.0,0.0
emis,correctness,arxiv-emis-correctness_10000,correctness,automatic_legacy,128,2,2088,0.0,0.0,0.0,0.0,0.0,0.0
emis,correctness,arxiv-emis-correctness_10000,correctness,automatic_accumulator,128,2,2088,0.0,0.0,0.0,0.0,0.0,0.0
emis,correctness,arxiv-emis-correctness_10000,correctness,default_cagra,128,2,4176,0.0,0.0,0.0,0.0,0.0,0.0
emis,correctness,arxiv-emis-correctness_10000,correctness,automatic_legacy,128,2,4176,0.0,0.0,0.0,0.0,0.0,0.0
emis,correctness,arxiv-emis-correctness_10000,correctness,automatic_accumulator,128,2,4176,0.0,0.0,0.0,0.0,0.0,0.0
emis,correctness,arxiv-emis-correctness_10000,correctness,default_cagra,128,2,7569,0.0,0.0,0.0,0.0,0.0,0.0
emis,correctness,arxiv-emis-correctness_10000,correctness,automatic_legacy,128,2,7569,0.0,0.0,0.0,0.0,0.0,0.0
emis,correctness,arxiv-emis-correctness_10000,correctness,automatic_accumulator,128,2,7569,0.0,0.0,0.0,0.0,0.0,0.0
emis,correctness,arxiv-emis-correctness_10000,correctness,default_cagra,128,4,0,0.4972,13309.485857963451,0.751349971,0.0,0.0,0.5509
emis,correctness,arxiv-emis-correctness_10000,correctness,automatic_legacy,128,4,0,0.42843,13687.50313441892,0.730600615,0.0,0.0,0.6349
emis,correctness,arxiv-emis-correctness_10000,correctness,automatic_accumulator,128,4,0,0.63179,13677.51207709037,0.731134289,0.0,0.0,0.0499
emis,correctness,arxiv-emis-correctness_10000,correctness,default_cagra,128,4,522,0.0,0.0,0.0,0.0,0.0,0.0
emis,correctness,arxiv-emis-correctness_10000,correctness,automatic_legacy,128,4,522,0.0,0.0,0.0,0.0,0.0,0.0
emis,correctness,arxiv-emis-correctness_10000,correctness,automatic_accumulator,128,4,522,0.0,0.0,0.0,0.0,0.0,0.0
emis,correctness,arxiv-emis-correctness_10000,correctness,default_cagra,128,4,1044,0.0,0.0,0.0,0.0,0.0,0.0
emis,correctness,arxiv-emis-correctness_10000,correctness,automatic_legacy,128,4,1044,0.0,0.0,0.0,0.0,0.0,0.0
emis,correctness,arxiv-emis-correctness_10000,correctness,automatic_accumulator,128,4,1044,0.0,0.0,0.0,0.0,0.0,0.0
emis,correctness,arxiv-emis-correctness_10000,correctness,default_cagra,128,4,2088,0.0,0.0,0.0,0.0,0.0,0.0
emis,correctness,arxiv-emis-correctness_10000,correctness,automatic_legacy,128,4,2088,0.0,0.0,0.0,0.0,0.0,0.0
emis,correctness,arxiv-emis-correctness_10000,correctness,automatic_accumulator,128,4,2088,0.0,0.0,0.0,0.0,0.0,0.0
emis,correctness,arxiv-emis-correctness_10000,correctness,default_cagra,128,4,4176,0.0,0.0,0.0,0.0,0.0,0.0
emis,correctness,arxiv-emis-correctness_10000,correctness,automatic_legacy,128,4,4176,0.0,0.0,0.0,0.0,0.0,0.0
emis,correctness,arxiv-emis-correctness_10000,correctness,automatic_accumulator,128,4,4176,0.0,0.0,0.0,0.0,0.0,0.0
emis,correctness,arxiv-emis-correctness_10000,correctness,default_cagra,128,4,7569,0.0,0.0,0.0,0.0,0.0,0.0
emis,correctness,arxiv-emis-correctness_10000,correctness,automatic_legacy,128,4,7569,0.0,0.0,0.0,0.0,0.0,0.0
emis,correctness,arxiv-emis-correctness_10000,correctness,automatic_accumulator,128,4,7569,0.0,0.0,0.0,0.0,0.0,0.0
emis,correctness,arxiv-emis-correctness_10000,correctness,default_cagra,256,1,0,0.59108,7253.187265362535,1.378710858,0.0,0.0,0.4759
emis,correctness,arxiv-emis-correctness_10000,correctness,automatic_legacy,256,1,0,0.52358,7163.084383333609,1.396064382,0.0,0.0,0.5678
emis,correctness,arxiv-emis-correctness_10000,correctness,automatic_accumulator,256,1,0,0.70573,7172.37027848807,1.394246549,0.0,0.0,0.0403
emis,correctness,arxiv-emis-correctness_10000,correctness,default_cagra,256,1,522,0.6495,3753.0674369065396,2.664493566,0.0,0.0,0.3904
emis,correctness,arxiv-emis-correctness_10000,correctness,automatic_legacy,256,1,522,0.53442,5935.285288726182,1.684845121,0.0,0.0,0.5516
emis,correctness,arxiv-emis-correctness_10000,correctness,automatic_accumulator,256,1,522,0.7268,5929.094514843797,1.686604473,0.0,0.0,0.0294
emis,correctness,arxiv-emis-correctness_10000,correctness,default_cagra,256,1,1044,0.70864,1789.7001396790254,5.5875342,0.0,0.0,0.2797
emis,correctness,arxiv-emis-correctness_10000,correctness,automatic_legacy,256,1,1044,0.54559,4229.025304677709,2.364617873,0.0,0.0,0.5341
emis,correctness,arxiv-emis-correctness_10000,correctness,automatic_accumulator,256,1,1044,0.74813,4231.213882037424,2.363394086,0.0,0.0,0.0153
emis,correctness,arxiv-emis-correctness_10000,correctness,default_cagra,256,1,2088,0.0,0.0,0.0,0.0,0.0,0.0
emis,correctness,arxiv-emis-correctness_10000,correctness,automatic_legacy,256,1,2088,0.0,0.0,0.0,0.0,0.0,0.0
emis,correctness,arxiv-emis-correctness_10000,correctness,automatic_accumulator,256,1,2088,0.0,0.0,0.0,0.0,0.0,0.0
emis,correctness,arxiv-emis-correctness_10000,correctness,default_cagra,256,1,4176,0.0,0.0,0.0,0.0,0.0,0.0
emis,correctness,arxiv-emis-correctness_10000,correctness,automatic_legacy,256,1,4176,0.0,0.0,0.0,0.0,0.0,0.0
emis,correctness,arxiv-emis-correctness_10000,correctness,automatic_accumulator,256,1,4176,0.0,0.0,0.0,0.0,0.0,0.0
emis,correctness,arxiv-emis-correctness_10000,correctness,default_cagra,256,1,7569,0.0,0.0,0.0,0.0,0.0,0.0
emis,correctness,arxiv-emis-correctness_10000,correctness,automatic_legacy,256,1,7569,0.0,0.0,0.0,0.0,0.0,0.0
emis,correctness,arxiv-emis-correctness_10000,correctness,automatic_accumulator,256,1,7569,0.0,0.0,0.0,0.0,0.0,0.0
emis,correctness,arxiv-emis-correctness_10000,correctness,default_cagra,256,2,0,0.59226,7134.099948543945,1.401724917,0.0,0.0,0.4714
emis,correctness,arxiv-emis-correctness_10000,correctness,automatic_legacy,256,2,0,0.52395,7103.124557374161,1.407838125,0.0,0.0,0.5624
emis,correctness,arxiv-emis-correctness_10000,correctness,automatic_accumulator,256,2,0,0.7061,7099.255276544137,1.408605589,0.0,0.0,0.0383
emis,correctness,arxiv-emis-correctness_10000,correctness,default_cagra,256,2,522,0.7092,1788.1983828927055,5.592241716,0.0,0.0,0.2776
emis,correctness,arxiv-emis-correctness_10000,correctness,automatic_legacy,256,2,522,0.54574,4216.196251183282,2.371812347,0.0,0.0,0.5297
emis,correctness,arxiv-emis-correctness_10000,correctness,automatic_accumulator,256,2,522,0.74811,4212.8180000881885,2.373714678,0.0,0.0,0.0154
emis,correctness,arxiv-emis-correctness_10000,correctness,default_cagra,256,2,1044,0.0,0.0,0.0,0.0,0.0,0.0
emis,correctness,arxiv-emis-correctness_10000,correctness,automatic_legacy,256,2,1044,0.0,0.0,0.0,0.0,0.0,0.0
emis,correctness,arxiv-emis-correctness_10000,correctness,automatic_accumulator,256,2,1044,0.0,0.0,0.0,0.0,0.0,0.0
emis,correctness,arxiv-emis-correctness_10000,correctness,default_cagra,256,2,2088,0.0,0.0,0.0,0.0,0.0,0.0
emis,correctness,arxiv-emis-correctness_10000,correctness,automatic_legacy,256,2,2088,0.0,0.0,0.0,0.0,0.0,0.0
emis,correctness,arxiv-emis-correctness_10000,correctness,automatic_accumulator,256,2,2088,0.0,0.0,0.0,0.0,0.0,0.0
emis,correctness,arxiv-emis-correctness_10000,correctness,default_cagra,256,2,4176,0.0,0.0,0.0,0.0,0.0,0.0
emis,correctness,arxiv-emis-correctness_10000,correctness,automatic_legacy,256,2,4176,0.0,0.0,0.0,0.0,0.0,0.0
emis,correctness,arxiv-emis-correctness_10000,correctness,automatic_accumulator,256,2,4176,0.0,0.0,0.0,0.0,0.0,0.0
emis,correctness,arxiv-emis-correctness_10000,correctness,default_cagra,256,2,7569,0.0,0.0,0.0,0.0,0.0,0.0
emis,correctness,arxiv-emis-correctness_10000,correctness,automatic_legacy,256,2,7569,0.0,0.0,0.0,0.0,0.0,0.0
emis,correctness,arxiv-emis-correctness_10000,correctness,automatic_accumulator,256,2,7569,0.0,0.0,0.0,0.0,0.0,0.0
emis,correctness,arxiv-emis-correctness_10000,correctness,default_cagra,256,4,0,0.5957,6944.358792536606,1.440024446,0.0,0.0,0.4596
emis,correctness,arxiv-emis-correctness_10000,correctness,automatic_legacy,256,4,0,0.52521,7054.353018263077,1.417572174,0.0,0.0,0.5516
emis,correctness,arxiv-emis-correctness_10000,correctness,automatic_accumulator,256,4,0,0.7078,7047.23463560257,1.419002509,0.0,0.0,0.0326
emis,correctness,arxiv-emis-correctness_10000,correctness,default_cagra,256,4,522,0.0,0.0,0.0,0.0,0.0,0.0
emis,correctness,arxiv-emis-correctness_10000,correctness,automatic_legacy,256,4,522,0.0,0.0,0.0,0.0,0.0,0.0
emis,correctness,arxiv-emis-correctness_10000,correctness,automatic_accumulator,256,4,522,0.0,0.0,0.0,0.0,0.0,0.0
emis,correctness,arxiv-emis-correctness_10000,correctness,default_cagra,256,4,1044,0.0,0.0,0.0,0.0,0.0,0.0
emis,correctness,arxiv-emis-correctness_10000,correctness,automatic_legacy,256,4,1044,0.0,0.0,0.0,0.0,0.0,0.0
emis,correctness,arxiv-emis-correctness_10000,correctness,automatic_accumulator,256,4,1044,0.0,0.0,0.0,0.0,0.0,0.0
emis,correctness,arxiv-emis-correctness_10000,correctness,default_cagra,256,4,2088,0.0,0.0,0.0,0.0,0.0,0.0
emis,correctness,arxiv-emis-correctness_10000,correctness,automatic_legacy,256,4,2088,0.0,0.0,0.0,0.0,0.0,0.0
emis,correctness,arxiv-emis-correctness_10000,correctness,automatic_accumulator,256,4,2088,0.0,0.0,0.0,0.0,0.0,0.0
emis,correctness,arxiv-emis-correctness_10000,correctness,default_cagra,256,4,4176,0.0,0.0,0.0,0.0,0.0,0.0
emis,correctness,arxiv-emis-correctness_10000,correctness,automatic_legacy,256,4,4176,0.0,0.0,0.0,0.0,0.0,0.0
emis,correctness,arxiv-emis-correctness_10000,correctness,automatic_accumulator,256,4,4176,0.0,0.0,0.0,0.0,0.0,0.0
emis,correctness,arxiv-emis-correctness_10000,correctness,default_cagra,256,4,7569,0.0,0.0,0.0,0.0,0.0,0.0
emis,correctness,arxiv-emis-correctness_10000,correctness,automatic_legacy,256,4,7569,0.0,0.0,0.0,0.0,0.0,0.0
emis,correctness,arxiv-emis-correctness_10000,correctness,automatic_accumulator,256,4,7569,0.0,0.0,0.0,0.0,0.0,0.0
emis,correctness,arxiv-emis-correctness_10000,correctness,default_cagra,512,1,0,0.69017,3618.1713183546317,2.763832728,0.0,0.0,0.3717
emis,correctness,arxiv-emis-correctness_10000,correctness,automatic_legacy,512,1,0,0.61217,3630.442919947507,2.754491249,0.0,0.0,0.4813
emis,correctness,arxiv-emis-correctness_10000,correctness,automatic_accumulator,512,1,0,0.78589,3635.0045081797953,2.751035024,0.0,0.0,0.0267
emis,correctness,arxiv-emis-correctness_10000,correctness,default_cagra,512,1,522,0.69095,3586.007466855428,2.788624176,0.0,0.0,0.3705
emis,correctness,arxiv-emis-correctness_10000,correctness,automatic_legacy,512,1,522,0.61222,3629.3688698799942,2.755318762,0.0,0.0,0.4813
emis,correctness,arxiv-emis-correctness_10000,correctness,automatic_accumulator,512,1,522,0.78601,3625.4284187795215,2.758300892,0.0,0.0,0.0267
emis,correctness,arxiv-emis-correctness_10000,correctness,default_cagra,512,1,1044,0.75003,1951.4341044545247,5.124443104,0.0,0.0,0.2803
emis,correctness,arxiv-emis-correctness_10000,correctness,automatic_legacy,512,1,1044,0.6162,3432.8813459750095,2.913011637,0.0,0.0,0.4772
emis,correctness,arxiv-emis-correctness_10000,correctness,automatic_accumulator,512,1,1044,0.79295,3432.8445039409075,2.913044117,0.0,0.0,0.0222
emis,correctness,arxiv-emis-correctness_10000,correctness,default_cagra,512,1,2088,0.0,0.0,0.0,0.0,0.0,0.0
emis,correctness,arxiv-emis-correctness_10000,correctness,automatic_legacy,512,1,2088,0.0,0.0,0.0,0.0,0.0,0.0
emis,correctness,arxiv-emis-correctness_10000,correctness,automatic_accumulator,512,1,2088,0.0,0.0,0.0,0.0,0.0,0.0
emis,correctness,arxiv-emis-correctness_10000,correctness,default_cagra,512,1,4176,0.0,0.0,0.0,0.0,0.0,0.0
emis,correctness,arxiv-emis-correctness_10000,correctness,automatic_legacy,512,1,4176,0.0,0.0,0.0,0.0,0.0,0.0
emis,correctness,arxiv-emis-correctness_10000,correctness,automatic_accumulator,512,1,4176,0.0,0.0,0.0,0.0,0.0,0.0
emis,correctness,arxiv-emis-correctness_10000,correctness,default_cagra,512,1,7569,0.0,0.0,0.0,0.0,0.0,0.0
emis,correctness,arxiv-emis-correctness_10000,correctness,automatic_legacy,512,1,7569,0.0,0.0,0.0,0.0,0.0,0.0
emis,correctness,arxiv-emis-correctness_10000,correctness,automatic_accumulator,512,1,7569,0.0,0.0,0.0,0.0,0.0,0.0
emis,correctness,arxiv-emis-correctness_10000,correctness,default_cagra,512,2,0,0.69117,3569.347226422464,2.801638207,0.0,0.0,0.3691
emis,correctness,arxiv-emis-correctness_10000,correctness,automatic_legacy,512,2,0,0.61245,3594.7183316869973,2.781865787,0.0,0.0,0.4767
emis,correctness,arxiv-emis-correctness_10000,correctness,automatic_accumulator,512,2,0,0.78602,3597.762065783968,2.779512332,0.0,0.0,0.0267
emis,correctness,arxiv-emis-correctness_10000,correctness,default_cagra,512,2,522,0.75018,1935.287223685968,5.167197238,0.0,0.0,0.2783
emis,correctness,arxiv-emis-correctness_10000,correctness,automatic_legacy,512,2,522,0.6164,3408.4081724003554,2.933927651,0.0,0.0,0.4726
emis,correctness,arxiv-emis-correctness_10000,correctness,automatic_accumulator,512,2,522,0.79298,3406.5848491401157,2.935498175,0.0,0.0,0.0222
emis,correctness,arxiv-emis-correctness_10000,correctness,default_cagra,512,2,1044,0.0,0.0,0.0,0.0,0.0,0.0
emis,correctness,arxiv-emis-correctness_10000,correctness,automatic_legacy,512,2,1044,0.0,0.0,0.0,0.0,0.0,0.0
emis,correctness,arxiv-emis-correctness_10000,correctness,automatic_accumulator,512,2,1044,0.0,0.0,0.0,0.0,0.0,0.0
emis,correctness,arxiv-emis-correctness_10000,correctness,default_cagra,512,2,2088,0.0,0.0,0.0,0.0,0.0,0.0
emis,correctness,arxiv-emis-correctness_10000,correctness,automatic_legacy,512,2,2088,0.0,0.0,0.0,0.0,0.0,0.0
emis,correctness,arxiv-emis-correctness_10000,correctness,automatic_accumulator,512,2,2088,0.0,0.0,0.0,0.0,0.0,0.0
emis,correctness,arxiv-emis-correctness_10000,correctness,default_cagra,512,2,4176,0.0,0.0,0.0,0.0,0.0,0.0
emis,correctness,arxiv-emis-correctness_10000,correctness,automatic_legacy,512,2,4176,0.0,0.0,0.0,0.0,0.0,0.0
emis,correctness,arxiv-emis-correctness_10000,correctness,automatic_accumulator,512,2,4176,0.0,0.0,0.0,0.0,0.0,0.0
emis,correctness,arxiv-emis-correctness_10000,correctness,default_cagra,512,2,7569,0.0,0.0,0.0,0.0,0.0,0.0
emis,correctness,arxiv-emis-correctness_10000,correctness,automatic_legacy,512,2,7569,0.0,0.0,0.0,0.0,0.0,0.0
emis,correctness,arxiv-emis-correctness_10000,correctness,automatic_accumulator,512,2,7569,0.0,0.0,0.0,0.0,0.0,0.0
emis,correctness,arxiv-emis-correctness_10000,correctness,default_cagra,512,4,0,0.69259,3571.9901252728982,2.799566306,0.0,0.0,0.363
emis,correctness,arxiv-emis-correctness_10000,correctness,automatic_legacy,512,4,0,0.61265,3640.2558376164975,2.747066702,0.0,0.0,0.4732
emis,correctness,arxiv-emis-correctness_10000,correctness,automatic_accumulator,512,4,0,0.78624,3638.2859267166464,2.748554414,0.0,0.0,0.0233
emis,correctness,arxiv-emis-correctness_10000,correctness,default_cagra,512,4,522,0.0,0.0,0.0,0.0,0.0,0.0
emis,correctness,arxiv-emis-correctness_10000,correctness,automatic_legacy,512,4,522,0.0,0.0,0.0,0.0,0.0,0.0
emis,correctness,arxiv-emis-correctness_10000,correctness,automatic_accumulator,512,4,522,0.0,0.0,0.0,0.0,0.0,0.0
emis,correctness,arxiv-emis-correctness_10000,correctness,default_cagra,512,4,1044,0.0,0.0,0.0,0.0,0.0,0.0
emis,correctness,arxiv-emis-correctness_10000,correctness,automatic_legacy,512,4,1044,0.0,0.0,0.0,0.0,0.0,0.0
emis,correctness,arxiv-emis-correctness_10000,correctness,automatic_accumulator,512,4,1044,0.0,0.0,0.0,0.0,0.0,0.0
emis,correctness,arxiv-emis-correctness_10000,correctness,default_cagra,512,4,2088,0.0,0.0,0.0,0.0,0.0,0.0
emis,correctness,arxiv-emis-correctness_10000,correctness,automatic_legacy,512,4,2088,0.0,0.0,0.0,0.0,0.0,0.0
emis,correctness,arxiv-emis-correctness_10000,correctness,automatic_accumulator,512,4,2088,0.0,0.0,0.0,0.0,0.0,0.0
emis,correctness,arxiv-emis-correctness_10000,correctness,default_cagra,512,4,4176,0.0,0.0,0.0,0.0,0.0,0.0
emis,correctness,arxiv-emis-correctness_10000,correctness,automatic_legacy,512,4,4176,0.0,0.0,0.0,0.0,0.0,0.0
emis,correctness,arxiv-emis-correctness_10000,correctness,automatic_accumulator,512,4,4176,0.0,0.0,0.0,0.0,0.0,0.0
emis,correctness,arxiv-emis-correctness_10000,correctness,default_cagra,512,4,7569,0.0,0.0,0.0,0.0,0.0,0.0
emis,correctness,arxiv-emis-correctness_10000,correctness,automatic_legacy,512,4,7569,0.0,0.0,0.0,0.0,0.0,0.0
emis,correctness,arxiv-emis-correctness_10000,correctness,automatic_accumulator,512,4,7569,0.0,0.0,0.0,0.0,0.0,0.0
emis,throughput,arxiv-emis-throughput_10000,throughput,default_cagra,64,1,0,0.38886,29062.161941645467,0.344095474,0.0,0.0,0.6772
emis,throughput,arxiv-emis-throughput_10000,throughput,automatic_legacy,64,1,0,0.35222,28216.08694268312,0.354414618,0.0,0.0,0.726
emis,throughput,arxiv-emis-throughput_10000,throughput,automatic_accumulator,64,1,0,0.54869,28202.752361983068,0.354580811,0.0,0.0,0.1865
emis,throughput,arxiv-emis-throughput_10000,throughput,default_cagra,64,1,522,0.53825,3164.532142479863,3.160030299,0.0,0.0,0.3996
emis,throughput,arxiv-emis-throughput_10000,throughput,automatic_legacy,64,1,522,0.4725,3801.959884923237,2.630229214,0.0,0.0,0.5435
emis,throughput,arxiv-emis-throughput_10000,throughput,automatic_accumulator,64,1,522,0.80233,3802.2528027721632,2.630026575,0.0,0.0,0.0511
emis,throughput,arxiv-emis-throughput_10000,throughput,default_cagra,64,1,1044,0.58866,1699.891772973647,5.882733921,0.0,0.0,0.2761
emis,throughput,arxiv-emis-throughput_10000,throughput,automatic_legacy,64,1,1044,0.5222,1952.520293024776,5.121617627,0.0,0.0,0.4237
emis,throughput,arxiv-emis-throughput_10000,throughput,automatic_accumulator,64,1,1044,0.87806,1953.9504654561342,5.117843811,0.0,0.0,0.0151
emis,throughput,arxiv-emis-throughput_10000,throughput,default_cagra,64,1,2088,0.0,0.0,0.0,0.0,0.0,0.0
emis,throughput,arxiv-emis-throughput_10000,throughput,automatic_legacy,64,1,2088,0.0,0.0,0.0,0.0,0.0,0.0
emis,throughput,arxiv-emis-throughput_10000,throughput,automatic_accumulator,64,1,2088,0.0,0.0,0.0,0.0,0.0,0.0
emis,throughput,arxiv-emis-throughput_10000,throughput,default_cagra,64,1,4176,0.0,0.0,0.0,0.0,0.0,0.0
emis,throughput,arxiv-emis-throughput_10000,throughput,automatic_legacy,64,1,4176,0.0,0.0,0.0,0.0,0.0,0.0
emis,throughput,arxiv-emis-throughput_10000,throughput,automatic_accumulator,64,1,4176,0.0,0.0,0.0,0.0,0.0,0.0
emis,throughput,arxiv-emis-throughput_10000,throughput,default_cagra,64,1,7569,0.0,0.0,0.0,0.0,0.0,0.0
emis,throughput,arxiv-emis-throughput_10000,throughput,automatic_legacy,64,1,7569,0.0,0.0,0.0,0.0,0.0,0.0
emis,throughput,arxiv-emis-throughput_10000,throughput,automatic_accumulator,64,1,7569,0.0,0.0,0.0,0.0,0.0,0.0
emis,throughput,arxiv-emis-throughput_10000,throughput,default_cagra,64,2,0,0.39359,27361.367931381326,0.365484588,0.0,0.0,0.6623
emis,throughput,arxiv-emis-throughput_10000,throughput,automatic_legacy,64,2,0,0.35554,26815.266505117776,0.372932214,0.0,0.0,0.7109
emis,throughput,arxiv-emis-throughput_10000,throughput,automatic_accumulator,64,2,0,0.55415,26763.82964552661,0.373644747,0.0,0.0,0.1636
emis,throughput,arxiv-emis-throughput_10000,throughput,default_cagra,64,2,522,0.58809,1693.8044351829078,5.903875728,0.0,0.0,0.271
emis,throughput,arxiv-emis-throughput_10000,throughput,automatic_legacy,64,2,522,0.52193,1946.8258017649941,5.136573351,0.0,0.0,0.4094
emis,throughput,arxiv-emis-throughput_10000,throughput,automatic_accumulator,64,2,522,0.87714,1946.4138664906031,5.137659352,0.0,0.0,0.0134
emis,throughput,arxiv-emis-throughput_10000,throughput,default_cagra,64,2,1044,0.0,0.0,0.0,0.0,0.0,0.0
emis,throughput,arxiv-emis-throughput_10000,throughput,automatic_legacy,64,2,1044,0.0,0.0,0.0,0.0,0.0,0.0
emis,throughput,arxiv-emis-throughput_10000,throughput,automatic_accumulator,64,2,1044,0.0,0.0,0.0,0.0,0.0,0.0
emis,throughput,arxiv-emis-throughput_10000,throughput,default_cagra,64,2,2088,0.0,0.0,0.0,0.0,0.0,0.0
emis,throughput,arxiv-emis-throughput_10000,throughput,automatic_legacy,64,2,2088,0.0,0.0,0.0,0.0,0.0,0.0
emis,throughput,arxiv-emis-throughput_10000,throughput,automatic_accumulator,64,2,2088,0.0,0.0,0.0,0.0,0.0,0.0
emis,throughput,arxiv-emis-throughput_10000,throughput,default_cagra,64,2,4176,0.0,0.0,0.0,0.0,0.0,0.0
emis,throughput,arxiv-emis-throughput_10000,throughput,automatic_legacy,64,2,4176,0.0,0.0,0.0,0.0,0.0,0.0
emis,throughput,arxiv-emis-throughput_10000,throughput,automatic_accumulator,64,2,4176,0.0,0.0,0.0,0.0,0.0,0.0
emis,throughput,arxiv-emis-throughput_10000,throughput,default_cagra,64,2,7569,0.0,0.0,0.0,0.0,0.0,0.0
emis,throughput,arxiv-emis-throughput_10000,throughput,automatic_legacy,64,2,7569,0.0,0.0,0.0,0.0,0.0,0.0
emis,throughput,arxiv-emis-throughput_10000,throughput,automatic_accumulator,64,2,7569,0.0,0.0,0.0,0.0,0.0,0.0
emis,throughput,arxiv-emis-throughput_10000,throughput,default_cagra,64,4,0,0.40539,25157.058155557937,0.39750802,0.0,0.0,0.617
emis,throughput,arxiv-emis-throughput_10000,throughput,automatic_legacy,64,4,0,0.36445,25208.879832961415,0.396704035,0.0,0.0,0.6706
emis,throughput,arxiv-emis-throughput_10000,throughput,automatic_accumulator,64,4,0,0.56101,25162.79529636236,0.397419015,0.0,0.0,0.1077
emis,throughput,arxiv-emis-throughput_10000,throughput,default_cagra,64,4,522,0.0,0.0,0.0,0.0,0.0,0.0
emis,throughput,arxiv-emis-throughput_10000,throughput,automatic_legacy,64,4,522,0.0,0.0,0.0,0.0,0.0,0.0
emis,throughput,arxiv-emis-throughput_10000,throughput,automatic_accumulator,64,4,522,0.0,0.0,0.0,0.0,0.0,0.0
emis,throughput,arxiv-emis-throughput_10000,throughput,default_cagra,64,4,1044,0.0,0.0,0.0,0.0,0.0,0.0
emis,throughput,arxiv-emis-throughput_10000,throughput,automatic_legacy,64,4,1044,0.0,0.0,0.0,0.0,0.0,0.0
emis,throughput,arxiv-emis-throughput_10000,throughput,automatic_accumulator,64,4,1044,0.0,0.0,0.0,0.0,0.0,0.0
emis,throughput,arxiv-emis-throughput_10000,throughput,default_cagra,64,4,2088,0.0,0.0,0.0,0.0,0.0,0.0
emis,throughput,arxiv-emis-throughput_10000,throughput,automatic_legacy,64,4,2088,0.0,0.0,0.0,0.0,0.0,0.0
emis,throughput,arxiv-emis-throughput_10000,throughput,automatic_accumulator,64,4,2088,0.0,0.0,0.0,0.0,0.0,0.0
emis,throughput,arxiv-emis-throughput_10000,throughput,default_cagra,64,4,4176,0.0,0.0,0.0,0.0,0.0,0.0
emis,throughput,arxiv-emis-throughput_10000,throughput,automatic_legacy,64,4,4176,0.0,0.0,0.0,0.0,0.0,0.0
emis,throughput,arxiv-emis-throughput_10000,throughput,automatic_accumulator,64,4,4176,0.0,0.0,0.0,0.0,0.0,0.0
emis,throughput,arxiv-emis-throughput_10000,throughput,default_cagra,64,4,7569,0.0,0.0,0.0,0.0,0.0,0.0
emis,throughput,arxiv-emis-throughput_10000,throughput,automatic_legacy,64,4,7569,0.0,0.0,0.0,0.0,0.0,0.0
emis,throughput,arxiv-emis-throughput_10000,throughput,automatic_accumulator,64,4,7569,0.0,0.0,0.0,0.0,0.0,0.0
emis,throughput,arxiv-emis-throughput_10000,throughput,default_cagra,128,1,0,0.48972,14633.206083041134,0.683383403,0.0,0.0,0.5834
emis,throughput,arxiv-emis-throughput_10000,throughput,automatic_legacy,128,1,0,0.42509,14440.47483495988,0.692504295,0.0,0.0,0.6632
emis,throughput,arxiv-emis-throughput_10000,throughput,automatic_accumulator,128,1,0,0.62772,14445.988587415479,0.692240699,0.0,0.0,0.1023
emis,throughput,arxiv-emis-throughput_10000,throughput,default_cagra,128,1,522,0.59905,3387.702880629444,2.951859304,0.0,0.0,0.3993
emis,throughput,arxiv-emis-throughput_10000,throughput,automatic_legacy,128,1,522,0.463,6360.322937786122,1.572253868,0.0,0.0,0.609
emis,throughput,arxiv-emis-throughput_10000,throughput,automatic_accumulator,128,1,522,0.70736,6365.461089602038,1.570983284,0.0,0.0,0.0653
emis,throughput,arxiv-emis-throughput_10000,throughput,default_cagra,128,1,1044,0.65105,1676.2157181219336,5.965826001,0.0,0.0,0.28
emis,throughput,arxiv-emis-throughput_10000,throughput,automatic_legacy,128,1,1044,0.4848,3586.825572313887,2.78798671,0.0,0.0,0.5757
emis,throughput,arxiv-emis-throughput_10000,throughput,automatic_accumulator,128,1,1044,0.74821,3586.8405180150403,2.787975745,0.0,0.0,0.0477
emis,throughput,arxiv-emis-throughput_10000,throughput,default_cagra,128,1,2088,0.0,0.0,0.0,0.0,0.0,0.0
emis,throughput,arxiv-emis-throughput_10000,throughput,automatic_legacy,128,1,2088,0.0,0.0,0.0,0.0,0.0,0.0
emis,throughput,arxiv-emis-throughput_10000,throughput,automatic_accumulator,128,1,2088,0.0,0.0,0.0,0.0,0.0,0.0
emis,throughput,arxiv-emis-throughput_10000,throughput,default_cagra,128,1,4176,0.0,0.0,0.0,0.0,0.0,0.0
emis,throughput,arxiv-emis-throughput_10000,throughput,automatic_legacy,128,1,4176,0.0,0.0,0.0,0.0,0.0,0.0
emis,throughput,arxiv-emis-throughput_10000,throughput,automatic_accumulator,128,1,4176,0.0,0.0,0.0,0.0,0.0,0.0
emis,throughput,arxiv-emis-throughput_10000,throughput,default_cagra,128,1,7569,0.0,0.0,0.0,0.0,0.0,0.0
emis,throughput,arxiv-emis-throughput_10000,throughput,automatic_legacy,128,1,7569,0.0,0.0,0.0,0.0,0.0,0.0
emis,throughput,arxiv-emis-throughput_10000,throughput,automatic_accumulator,128,1,7569,0.0,0.0,0.0,0.0,0.0,0.0
emis,throughput,arxiv-emis-throughput_10000,throughput,default_cagra,128,2,0,0.4919,14186.367518745383,0.704907515,0.0,0.0,0.5707
emis,throughput,arxiv-emis-throughput_10000,throughput,automatic_legacy,128,2,0,0.42574,14189.049299541224,0.704774916,0.0,0.0,0.6537
emis,throughput,arxiv-emis-throughput_10000,throughput,automatic_accumulator,128,2,0,0.62893,14171.505254333784,0.705647508,0.0,0.0,0.0893
emis,throughput,arxiv-emis-throughput_10000,throughput,default_cagra,128,2,522,0.651,1672.1538864650977,5.980316516,0.0,0.0,0.2764
emis,throughput,arxiv-emis-throughput_10000,throughput,automatic_legacy,128,2,522,0.48458,3569.934533427186,2.801178292,0.0,0.0,0.5666
emis,throughput,arxiv-emis-throughput_10000,throughput,automatic_accumulator,128,2,522,0.74814,3571.952266833892,2.799595372,0.0,0.0,0.0439
emis,throughput,arxiv-emis-throughput_10000,throughput,default_cagra,128,2,1044,0.0,0.0,0.0,0.0,0.0,0.0
emis,throughput,arxiv-emis-throughput_10000,throughput,automatic_legacy,128,2,1044,0.0,0.0,0.0,0.0,0.0,0.0
emis,throughput,arxiv-emis-throughput_10000,throughput,automatic_accumulator,128,2,1044,0.0,0.0,0.0,0.0,0.0,0.0
emis,throughput,arxiv-emis-throughput_10000,throughput,default_cagra,128,2,2088,0.0,0.0,0.0,0.0,0.0,0.0
emis,throughput,arxiv-emis-throughput_10000,throughput,automatic_legacy,128,2,2088,0.0,0.0,0.0,0.0,0.0,0.0
emis,throughput,arxiv-emis-throughput_10000,throughput,automatic_accumulator,128,2,2088,0.0,0.0,0.0,0.0,0.0,0.0
emis,throughput,arxiv-emis-throughput_10000,throughput,default_cagra,128,2,4176,0.0,0.0,0.0,0.0,0.0,0.0
emis,throughput,arxiv-emis-throughput_10000,throughput,automatic_legacy,128,2,4176,0.0,0.0,0.0,0.0,0.0,0.0
emis,throughput,arxiv-emis-throughput_10000,throughput,automatic_accumulator,128,2,4176,0.0,0.0,0.0,0.0,0.0,0.0
emis,throughput,arxiv-emis-throughput_10000,throughput,default_cagra,128,2,7569,0.0,0.0,0.0,0.0,0.0,0.0
emis,throughput,arxiv-emis-throughput_10000,throughput,automatic_legacy,128,2,7569,0.0,0.0,0.0,0.0,0.0,0.0
emis,throughput,arxiv-emis-throughput_10000,throughput,automatic_accumulator,128,2,7569,0.0,0.0,0.0,0.0,0.0,0.0
emis,throughput,arxiv-emis-throughput_10000,throughput,default_cagra,128,4,0,0.4972,13315.329747027994,0.751020576,0.0,0.0,0.5509
emis,throughput,arxiv-emis-throughput_10000,throughput,automatic_legacy,128,4,0,0.42843,13685.973105337198,0.730681706,0.0,0.0,0.6349
emis,throughput,arxiv-emis-throughput_10000,throughput,automatic_accumulator,128,4,0,0.63179,13668.129182439852,0.731636041,0.0,0.0,0.0499
emis,throughput,arxiv-emis-throughput_10000,throughput,default_cagra,128,4,522,0.0,0.0,0.0,0.0,0.0,0.0
emis,throughput,arxiv-emis-throughput_10000,throughput,automatic_legacy,128,4,522,0.0,0.0,0.0,0.0,0.0,0.0
emis,throughput,arxiv-emis-throughput_10000,throughput,automatic_accumulator,128,4,522,0.0,0.0,0.0,0.0,0.0,0.0
emis,throughput,arxiv-emis-throughput_10000,throughput,default_cagra,128,4,1044,0.0,0.0,0.0,0.0,0.0,0.0
emis,throughput,arxiv-emis-throughput_10000,throughput,automatic_legacy,128,4,1044,0.0,0.0,0.0,0.0,0.0,0.0
emis,throughput,arxiv-emis-throughput_10000,throughput,automatic_accumulator,128,4,1044,0.0,0.0,0.0,0.0,0.0,0.0
emis,throughput,arxiv-emis-throughput_10000,throughput,default_cagra,128,4,2088,0.0,0.0,0.0,0.0,0.0,0.0
emis,throughput,arxiv-emis-throughput_10000,throughput,automatic_legacy,128,4,2088,0.0,0.0,0.0,0.0,0.0,0.0
emis,throughput,arxiv-emis-throughput_10000,throughput,automatic_accumulator,128,4,2088,0.0,0.0,0.0,0.0,0.0,0.0
emis,throughput,arxiv-emis-throughput_10000,throughput,default_cagra,128,4,4176,0.0,0.0,0.0,0.0,0.0,0.0
emis,throughput,arxiv-emis-throughput_10000,throughput,automatic_legacy,128,4,4176,0.0,0.0,0.0,0.0,0.0,0.0
emis,throughput,arxiv-emis-throughput_10000,throughput,automatic_accumulator,128,4,4176,0.0,0.0,0.0,0.0,0.0,0.0
emis,throughput,arxiv-emis-throughput_10000,throughput,default_cagra,128,4,7569,0.0,0.0,0.0,0.0,0.0,0.0
emis,throughput,arxiv-emis-throughput_10000,throughput,automatic_legacy,128,4,7569,0.0,0.0,0.0,0.0,0.0,0.0
emis,throughput,arxiv-emis-throughput_10000,throughput,automatic_accumulator,128,4,7569,0.0,0.0,0.0,0.0,0.0,0.0
emis,throughput,arxiv-emis-throughput_10000,throughput,default_cagra,256,1,0,0.59108,7249.4615730594605,1.379419084,0.0,0.0,0.4759
emis,throughput,arxiv-emis-throughput_10000,throughput,automatic_legacy,256,1,0,0.52358,7160.747436611912,1.396508406,0.0,0.0,0.5678
emis,throughput,arxiv-emis-throughput_10000,throughput,automatic_accumulator,256,1,0,0.70573,7157.458742126835,1.397149552,0.0,0.0,0.0403
emis,throughput,arxiv-emis-throughput_10000,throughput,default_cagra,256,1,522,0.6495,3754.7613574942434,2.663291191,0.0,0.0,0.3904
emis,throughput,arxiv-emis-throughput_10000,throughput,automatic_legacy,256,1,522,0.53442,5936.365828185743,1.684538687,0.0,0.0,0.5516
emis,throughput,arxiv-emis-throughput_10000,throughput,automatic_accumulator,256,1,522,0.7268,5932.156567524053,1.685734273,0.0,0.0,0.0294
emis,throughput,arxiv-emis-throughput_10000,throughput,default_cagra,256,1,1044,0.70864,1789.0582003398426,5.589539299,0.0,0.0,0.2797
emis,throughput,arxiv-emis-throughput_10000,throughput,automatic_legacy,256,1,1044,0.54559,4236.053053294939,2.360695069,0.0,0.0,0.5341
emis,throughput,arxiv-emis-throughput_10000,throughput,automatic_accumulator,256,1,1044,0.74813,4229.183902804398,2.364528337,0.0,0.0,0.0153
emis,throughput,arxiv-emis-throughput_10000,throughput,default_cagra,256,1,2088,0.0,0.0,0.0,0.0,0.0,0.0
emis,throughput,arxiv-emis-throughput_10000,throughput,automatic_legacy,256,1,2088,0.0,0.0,0.0,0.0,0.0,0.0
emis,throughput,arxiv-emis-throughput_10000,throughput,automatic_accumulator,256,1,2088,0.0,0.0,0.0,0.0,0.0,0.0
emis,throughput,arxiv-emis-throughput_10000,throughput,default_cagra,256,1,4176,0.0,0.0,0.0,0.0,0.0,0.0
emis,throughput,arxiv-emis-throughput_10000,throughput,automatic_legacy,256,1,4176,0.0,0.0,0.0,0.0,0.0,0.0
emis,throughput,arxiv-emis-throughput_10000,throughput,automatic_accumulator,256,1,4176,0.0,0.0,0.0,0.0,0.0,0.0
emis,throughput,arxiv-emis-throughput_10000,throughput,default_cagra,256,1,7569,0.0,0.0,0.0,0.0,0.0,0.0
emis,throughput,arxiv-emis-throughput_10000,throughput,automatic_legacy,256,1,7569,0.0,0.0,0.0,0.0,0.0,0.0
emis,throughput,arxiv-emis-throughput_10000,throughput,automatic_accumulator,256,1,7569,0.0,0.0,0.0,0.0,0.0,0.0
emis,throughput,arxiv-emis-throughput_10000,throughput,default_cagra,256,2,0,0.59226,7128.519561642248,1.402821892,0.0,0.0,0.4714
emis,throughput,arxiv-emis-throughput_10000,throughput,automatic_legacy,256,2,0,0.52395,7101.005127251646,1.408257751,0.0,0.0,0.5624
emis,throughput,arxiv-emis-throughput_10000,throughput,automatic_accumulator,256,2,0,0.7061,7107.38214757588,1.406994669,0.0,0.0,0.0383
emis,throughput,arxiv-emis-throughput_10000,throughput,default_cagra,256,2,522,0.7092,1786.9995066093995,5.595978595,0.0,0.0,0.2776
emis,throughput,arxiv-emis-throughput_10000,throughput,automatic_legacy,256,2,522,0.54574,4212.567184863088,2.373861952,0.0,0.0,0.5297
emis,throughput,arxiv-emis-throughput_10000,throughput,automatic_accumulator,256,2,522,0.74811,4212.881508127628,2.373679017,0.0,0.0,0.0154
emis,throughput,arxiv-emis-throughput_10000,throughput,default_cagra,256,2,1044,0.0,0.0,0.0,0.0,0.0,0.0
emis,throughput,arxiv-emis-throughput_10000,throughput,automatic_legacy,256,2,1044,0.0,0.0,0.0,0.0,0.0,0.0
emis,throughput,arxiv-emis-throughput_10000,throughput,automatic_accumulator,256,2,1044,0.0,0.0,0.0,0.0,0.0,0.0
emis,throughput,arxiv-emis-throughput_10000,throughput,default_cagra,256,2,2088,0.0,0.0,0.0,0.0,0.0,0.0
emis,throughput,arxiv-emis-throughput_10000,throughput,automatic_legacy,256,2,2088,0.0,0.0,0.0,0.0,0.0,0.0
emis,throughput,arxiv-emis-throughput_10000,throughput,automatic_accumulator,256,2,2088,0.0,0.0,0.0,0.0,0.0,0.0
emis,throughput,arxiv-emis-throughput_10000,throughput,default_cagra,256,2,4176,0.0,0.0,0.0,0.0,0.0,0.0
emis,throughput,arxiv-emis-throughput_10000,throughput,automatic_legacy,256,2,4176,0.0,0.0,0.0,0.0,0.0,0.0
emis,throughput,arxiv-emis-throughput_10000,throughput,automatic_accumulator,256,2,4176,0.0,0.0,0.0,0.0,0.0,0.0
emis,throughput,arxiv-emis-throughput_10000,throughput,default_cagra,256,2,7569,0.0,0.0,0.0,0.0,0.0,0.0
emis,throughput,arxiv-emis-throughput_10000,throughput,automatic_legacy,256,2,7569,0.0,0.0,0.0,0.0,0.0,0.0
emis,throughput,arxiv-emis-throughput_10000,throughput,automatic_accumulator,256,2,7569,0.0,0.0,0.0,0.0,0.0,0.0
emis,throughput,arxiv-emis-throughput_10000,throughput,default_cagra,256,4,0,0.5957,6938.441728673714,1.441253027,0.0,0.0,0.4596
emis,throughput,arxiv-emis-throughput_10000,throughput,automatic_legacy,256,4,0,0.52521,7054.865081133606,1.417467796,0.0,0.0,0.5516
emis,throughput,arxiv-emis-throughput_10000,throughput,automatic_accumulator,256,4,0,0.7078,7044.3691188002695,1.419580367,0.0,0.0,0.0326
emis,throughput,arxiv-emis-throughput_10000,throughput,default_cagra,256,4,522,0.0,0.0,0.0,0.0,0.0,0.0
emis,throughput,arxiv-emis-throughput_10000,throughput,automatic_legacy,256,4,522,0.0,0.0,0.0,0.0,0.0,0.0
emis,throughput,arxiv-emis-throughput_10000,throughput,automatic_accumulator,256,4,522,0.0,0.0,0.0,0.0,0.0,0.0
emis,throughput,arxiv-emis-throughput_10000,throughput,default_cagra,256,4,1044,0.0,0.0,0.0,0.0,0.0,0.0
emis,throughput,arxiv-emis-throughput_10000,throughput,automatic_legacy,256,4,1044,0.0,0.0,0.0,0.0,0.0,0.0
emis,throughput,arxiv-emis-throughput_10000,throughput,automatic_accumulator,256,4,1044,0.0,0.0,0.0,0.0,0.0,0.0
emis,throughput,arxiv-emis-throughput_10000,throughput,default_cagra,256,4,2088,0.0,0.0,0.0,0.0,0.0,0.0
emis,throughput,arxiv-emis-throughput_10000,throughput,automatic_legacy,256,4,2088,0.0,0.0,0.0,0.0,0.0,0.0
emis,throughput,arxiv-emis-throughput_10000,throughput,automatic_accumulator,256,4,2088,0.0,0.0,0.0,0.0,0.0,0.0
emis,throughput,arxiv-emis-throughput_10000,throughput,default_cagra,256,4,4176,0.0,0.0,0.0,0.0,0.0,0.0
emis,throughput,arxiv-emis-throughput_10000,throughput,automatic_legacy,256,4,4176,0.0,0.0,0.0,0.0,0.0,0.0
emis,throughput,arxiv-emis-throughput_10000,throughput,automatic_accumulator,256,4,4176,0.0,0.0,0.0,0.0,0.0,0.0
emis,throughput,arxiv-emis-throughput_10000,throughput,default_cagra,256,4,7569,0.0,0.0,0.0,0.0,0.0,0.0
emis,throughput,arxiv-emis-throughput_10000,throughput,automatic_legacy,256,4,7569,0.0,0.0,0.0,0.0,0.0,0.0
emis,throughput,arxiv-emis-throughput_10000,throughput,automatic_accumulator,256,4,7569,0.0,0.0,0.0,0.0,0.0,0.0
emis,throughput,arxiv-emis-throughput_10000,throughput,default_cagra,512,1,0,0.69017,3617.559125974037,2.764300855,0.0,0.0,0.3717
emis,throughput,arxiv-emis-throughput_10000,throughput,automatic_legacy,512,1,0,0.61217,3633.5573132064374,2.75213041,0.0,0.0,0.4813
emis,throughput,arxiv-emis-throughput_10000,throughput,automatic_accumulator,512,1,0,0.78589,3631.1847324225355,2.753928424,0.0,0.0,0.0267
emis,throughput,arxiv-emis-throughput_10000,throughput,default_cagra,512,1,522,0.69095,3590.0690755323935,2.785467525,0.0,0.0,0.3705
emis,throughput,arxiv-emis-throughput_10000,throughput,automatic_legacy,512,1,522,0.61222,3622.961737032112,2.760178744,0.0,0.0,0.4813
emis,throughput,arxiv-emis-throughput_10000,throughput,automatic_accumulator,512,1,522,0.78601,3627.3534723663506,2.756840417,0.0,0.0,0.0267
emis,throughput,arxiv-emis-throughput_10000,throughput,default_cagra,512,1,1044,0.75003,1951.7826565227729,5.123527521,0.0,0.0,0.2803
emis,throughput,arxiv-emis-throughput_10000,throughput,automatic_legacy,512,1,1044,0.6162,3431.110367110981,2.914515405,0.0,0.0,0.4772
emis,throughput,arxiv-emis-throughput_10000,throughput,automatic_accumulator,512,1,1044,0.79295,3428.9719066266543,2.916332422,0.0,0.0,0.0222
emis,throughput,arxiv-emis-throughput_10000,throughput,default_cagra,512,1,2088,0.0,0.0,0.0,0.0,0.0,0.0
emis,throughput,arxiv-emis-throughput_10000,throughput,automatic_legacy,512,1,2088,0.0,0.0,0.0,0.0,0.0,0.0
emis,throughput,arxiv-emis-throughput_10000,throughput,automatic_accumulator,512,1,2088,0.0,0.0,0.0,0.0,0.0,0.0
emis,throughput,arxiv-emis-throughput_10000,throughput,default_cagra,512,1,4176,0.0,0.0,0.0,0.0,0.0,0.0
emis,throughput,arxiv-emis-throughput_10000,throughput,automatic_legacy,512,1,4176,0.0,0.0,0.0,0.0,0.0,0.0
emis,throughput,arxiv-emis-throughput_10000,throughput,automatic_accumulator,512,1,4176,0.0,0.0,0.0,0.0,0.0,0.0
emis,throughput,arxiv-emis-throughput_10000,throughput,default_cagra,512,1,7569,0.0,0.0,0.0,0.0,0.0,0.0
emis,throughput,arxiv-emis-throughput_10000,throughput,automatic_legacy,512,1,7569,0.0,0.0,0.0,0.0,0.0,0.0
emis,throughput,arxiv-emis-throughput_10000,throughput,automatic_accumulator,512,1,7569,0.0,0.0,0.0,0.0,0.0,0.0
emis,throughput,arxiv-emis-throughput_10000,throughput,default_cagra,512,2,0,0.69117,3564.677276362246,2.805309105,0.0,0.0,0.3691
emis,throughput,arxiv-emis-throughput_10000,throughput,automatic_legacy,512,2,0,0.61245,3590.5110837659145,2.785125757,0.0,0.0,0.4767
emis,throughput,arxiv-emis-throughput_10000,throughput,automatic_accumulator,512,2,0,0.78602,3593.1523625320633,2.783077863,0.0,0.0,0.0267
emis,throughput,arxiv-emis-throughput_10000,throughput,default_cagra,512,2,522,0.75018,1934.7096023071288,5.168740958,0.0,0.0,0.2783
emis,throughput,arxiv-emis-throughput_10000,throughput,automatic_legacy,512,2,522,0.6164,3414.204571620403,2.928945985,0.0,0.0,0.4726
emis,throughput,arxiv-emis-throughput_10000,throughput,automatic_accumulator,512,2,522,0.79298,3407.0876789803083,2.93506505,0.0,0.0,0.0222
emis,throughput,arxiv-emis-throughput_10000,throughput,default_cagra,512,2,1044,0.0,0.0,0.0,0.0,0.0,0.0
emis,throughput,arxiv-emis-throughput_10000,throughput,automatic_legacy,512,2,1044,0.0,0.0,0.0,0.0,0.0,0.0
emis,throughput,arxiv-emis-throughput_10000,throughput,automatic_accumulator,512,2,1044,0.0,0.0,0.0,0.0,0.0,0.0
emis,throughput,arxiv-emis-throughput_10000,throughput,default_cagra,512,2,2088,0.0,0.0,0.0,0.0,0.0,0.0
emis,throughput,arxiv-emis-throughput_10000,throughput,automatic_legacy,512,2,2088,0.0,0.0,0.0,0.0,0.0,0.0
emis,throughput,arxiv-emis-throughput_10000,throughput,automatic_accumulator,512,2,2088,0.0,0.0,0.0,0.0,0.0,0.0
emis,throughput,arxiv-emis-throughput_10000,throughput,default_cagra,512,2,4176,0.0,0.0,0.0,0.0,0.0,0.0
emis,throughput,arxiv-emis-throughput_10000,throughput,automatic_legacy,512,2,4176,0.0,0.0,0.0,0.0,0.0,0.0
emis,throughput,arxiv-emis-throughput_10000,throughput,automatic_accumulator,512,2,4176,0.0,0.0,0.0,0.0,0.0,0.0
emis,throughput,arxiv-emis-throughput_10000,throughput,default_cagra,512,2,7569,0.0,0.0,0.0,0.0,0.0,0.0
emis,throughput,arxiv-emis-throughput_10000,throughput,automatic_legacy,512,2,7569,0.0,0.0,0.0,0.0,0.0,0.0
emis,throughput,arxiv-emis-throughput_10000,throughput,automatic_accumulator,512,2,7569,0.0,0.0,0.0,0.0,0.0,0.0
emis,throughput,arxiv-emis-throughput_10000,throughput,default_cagra,512,4,0,0.69259,3567.138539525993,2.803373084,0.0,0.0,0.363
emis,throughput,arxiv-emis-throughput_10000,throughput,automatic_legacy,512,4,0,0.61265,3640.904176185426,2.746577788,0.0,0.0,0.4732
emis,throughput,arxiv-emis-throughput_10000,throughput,automatic_accumulator,512,4,0,0.78624,3636.580127929893,2.749843121,0.0,0.0,0.0233
emis,throughput,arxiv-emis-throughput_10000,throughput,default_cagra,512,4,522,0.0,0.0,0.0,0.0,0.0,0.0
emis,throughput,arxiv-emis-throughput_10000,throughput,automatic_legacy,512,4,522,0.0,0.0,0.0,0.0,0.0,0.0
emis,throughput,arxiv-emis-throughput_10000,throughput,automatic_accumulator,512,4,522,0.0,0.0,0.0,0.0,0.0,0.0
emis,throughput,arxiv-emis-throughput_10000,throughput,default_cagra,512,4,1044,0.0,0.0,0.0,0.0,0.0,0.0
emis,throughput,arxiv-emis-throughput_10000,throughput,automatic_legacy,512,4,1044,0.0,0.0,0.0,0.0,0.0,0.0
emis,throughput,arxiv-emis-throughput_10000,throughput,automatic_accumulator,512,4,1044,0.0,0.0,0.0,0.0,0.0,0.0
emis,throughput,arxiv-emis-throughput_10000,throughput,default_cagra,512,4,2088,0.0,0.0,0.0,0.0,0.0,0.0
emis,throughput,arxiv-emis-throughput_10000,throughput,automatic_legacy,512,4,2088,0.0,0.0,0.0,0.0,0.0,0.0
emis,throughput,arxiv-emis-throughput_10000,throughput,automatic_accumulator,512,4,2088,0.0,0.0,0.0,0.0,0.0,0.0
emis,throughput,arxiv-emis-throughput_10000,throughput,default_cagra,512,4,4176,0.0,0.0,0.0,0.0,0.0,0.0
emis,throughput,arxiv-emis-throughput_10000,throughput,automatic_legacy,512,4,4176,0.0,0.0,0.0,0.0,0.0,0.0
emis,throughput,arxiv-emis-throughput_10000,throughput,automatic_accumulator,512,4,4176,0.0,0.0,0.0,0.0,0.0,0.0
emis,throughput,arxiv-emis-throughput_10000,throughput,default_cagra,512,4,7569,0.0,0.0,0.0,0.0,0.0,0.0
emis,throughput,arxiv-emis-throughput_10000,throughput,automatic_legacy,512,4,7569,0.0,0.0,0.0,0.0,0.0,0.0
emis,throughput,arxiv-emis-throughput_10000,throughput,automatic_accumulator,512,4,7569,0.0,0.0,0.0,0.0,0.0,0.0
r,correctness,arxiv-r-correctness_10000,correctness,default_cagra,64,1,0,0.9129,29058.757467230498,0.344136672,0.0,0.0,0.0935
r,correctness,arxiv-r-correctness_10000,correctness,automatic_legacy,64,1,0,0.89052,28903.381847391407,0.345987469,0.0,0.0,0.1334
r,correctness,arxiv-r-correctness_10000,correctness,automatic_accumulator,64,1,0,0.94841,28866.509870467606,0.346429086,0.0,0.0,0.0031
r,correctness,arxiv-r-correctness_10000,correctness,default_cagra,64,1,522,0.95136,6212.325951088466,1.609712412,0.0,0.0,0.0138
r,correctness,arxiv-r-correctness_10000,correctness,automatic_legacy,64,1,522,0.90347,13573.731078585155,0.736722947,0.0,0.0,0.097
r,correctness,arxiv-r-correctness_10000,correctness,automatic_accumulator,64,1,522,0.96666,13561.848252238984,0.737369598,0.0,0.0,0.0003
r,correctness,arxiv-r-correctness_10000,correctness,default_cagra,64,1,1044,0.9523,4844.603694944557,2.064157921,0.0,0.0,0.0042
r,correctness,arxiv-r-correctness_10000,correctness,automatic_legacy,64,1,1044,0.90422,9522.92688451607,1.050104117,0.0,0.0,0.0885
r,correctness,arxiv-r-correctness_10000,correctness,automatic_accumulator,64,1,1044,0.96756,9524.511534738836,1.050010909,0.0,0.0,0.0001
r,correctness,arxiv-r-correctness_10000,correctness,default_cagra,64,1,2088,0.0,0.0,0.0,0.0,0.0,0.0
r,correctness,arxiv-r-correctness_10000,correctness,automatic_legacy,64,1,2088,0.0,0.0,0.0,0.0,0.0,0.0
r,correctness,arxiv-r-correctness_10000,correctness,automatic_accumulator,64,1,2088,0.0,0.0,0.0,0.0,0.0,0.0
r,correctness,arxiv-r-correctness_10000,correctness,default_cagra,64,1,4176,0.0,0.0,0.0,0.0,0.0,0.0
r,correctness,arxiv-r-correctness_10000,correctness,automatic_legacy,64,1,4176,0.0,0.0,0.0,0.0,0.0,0.0
r,correctness,arxiv-r-correctness_10000,correctness,automatic_accumulator,64,1,4176,0.0,0.0,0.0,0.0,0.0,0.0
r,correctness,arxiv-r-correctness_10000,correctness,default_cagra,64,1,7569,0.0,0.0,0.0,0.0,0.0,0.0
r,correctness,arxiv-r-correctness_10000,correctness,automatic_legacy,64,1,7569,0.0,0.0,0.0,0.0,0.0,0.0
r,correctness,arxiv-r-correctness_10000,correctness,automatic_accumulator,64,1,7569,0.0,0.0,0.0,0.0,0.0,0.0
r,correctness,arxiv-r-correctness_10000,correctness,default_cagra,64,2,0,0.91499,27179.1090539667,0.367934619,0.0,0.0,0.0849
r,correctness,arxiv-r-correctness_10000,correctness,automatic_legacy,64,2,0,0.89191,27929.09723865437,0.358055813,0.0,0.0,0.1236
r,correctness,arxiv-r-correctness_10000,correctness,automatic_accumulator,64,2,0,0.95008,27961.91725553922,0.357636636,0.0,0.0,0.0026
r,correctness,arxiv-r-correctness_10000,correctness,default_cagra,64,2,522,0.95186,4765.816451002941,2.098282383,0.0,0.0,0.0038
r,correctness,arxiv-r-correctness_10000,correctness,automatic_legacy,64,2,522,0.90507,9380.04496924279,1.066099508,0.0,0.0,0.0799
r,correctness,arxiv-r-correctness_10000,correctness,automatic_accumulator,64,2,522,0.96864,9376.894950320695,1.066458529,0.0,0.0,0.0001
r,correctness,arxiv-r-correctness_10000,correctness,default_cagra,64,2,1044,0.0,0.0,0.0,0.0,0.0,0.0
r,correctness,arxiv-r-correctness_10000,correctness,automatic_legacy,64,2,1044,0.0,0.0,0.0,0.0,0.0,0.0
r,correctness,arxiv-r-correctness_10000,correctness,automatic_accumulator,64,2,1044,0.0,0.0,0.0,0.0,0.0,0.0
r,correctness,arxiv-r-correctness_10000,correctness,default_cagra,64,2,2088,0.0,0.0,0.0,0.0,0.0,0.0
r,correctness,arxiv-r-correctness_10000,correctness,automatic_legacy,64,2,2088,0.0,0.0,0.0,0.0,0.0,0.0
r,correctness,arxiv-r-correctness_10000,correctness,automatic_accumulator,64,2,2088,0.0,0.0,0.0,0.0,0.0,0.0
r,correctness,arxiv-r-correctness_10000,correctness,default_cagra,64,2,4176,0.0,0.0,0.0,0.0,0.0,0.0
r,correctness,arxiv-r-correctness_10000,correctness,automatic_legacy,64,2,4176,0.0,0.0,0.0,0.0,0.0,0.0
r,correctness,arxiv-r-correctness_10000,correctness,automatic_accumulator,64,2,4176,0.0,0.0,0.0,0.0,0.0,0.0
r,correctness,arxiv-r-correctness_10000,correctness,default_cagra,64,2,7569,0.0,0.0,0.0,0.0,0.0,0.0
r,correctness,arxiv-r-correctness_10000,correctness,automatic_legacy,64,2,7569,0.0,0.0,0.0,0.0,0.0,0.0
r,correctness,arxiv-r-correctness_10000,correctness,automatic_accumulator,64,2,7569,0.0,0.0,0.0,0.0,0.0,0.0
r,correctness,arxiv-r-correctness_10000,correctness,default_cagra,64,4,0,0.91985,24782.2037705924,0.40352172,0.0,0.0,0.0649
r,correctness,arxiv-r-correctness_10000,correctness,automatic_legacy,64,4,0,0.89448,27449.703797910315,0.364309579,0.0,0.0,0.0987
r,correctness,arxiv-r-correctness_10000,correctness,automatic_accumulator,64,4,0,0.95216,27404.23236112903,0.364913986,0.0,0.0,0.0019
r,correctness,arxiv-r-correctness_10000,correctness,default_cagra,64,4,522,0.0,0.0,0.0,0.0,0.0,0.0
r,correctness,arxiv-r-correctness_10000,correctness,automatic_legacy,64,4,522,0.0,0.0,0.0,0.0,0.0,0.0
r,correctness,arxiv-r-correctness_10000,correctness,automatic_accumulator,64,4,522,0.0,0.0,0.0,0.0,0.0,0.0
r,correctness,arxiv-r-correctness_10000,correctness,default_cagra,64,4,1044,0.0,0.0,0.0,0.0,0.0,0.0
r,correctness,arxiv-r-correctness_10000,correctness,automatic_legacy,64,4,1044,0.0,0.0,0.0,0.0,0.0,0.0
r,correctness,arxiv-r-correctness_10000,correctness,automatic_accumulator,64,4,1044,0.0,0.0,0.0,0.0,0.0,0.0
r,correctness,arxiv-r-correctness_10000,correctness,default_cagra,64,4,2088,0.0,0.0,0.0,0.0,0.0,0.0
r,correctness,arxiv-r-correctness_10000,correctness,automatic_legacy,64,4,2088,0.0,0.0,0.0,0.0,0.0,0.0
r,correctness,arxiv-r-correctness_10000,correctness,automatic_accumulator,64,4,2088,0.0,0.0,0.0,0.0,0.0,0.0
r,correctness,arxiv-r-correctness_10000,correctness,default_cagra,64,4,4176,0.0,0.0,0.0,0.0,0.0,0.0
r,correctness,arxiv-r-correctness_10000,correctness,automatic_legacy,64,4,4176,0.0,0.0,0.0,0.0,0.0,0.0
r,correctness,arxiv-r-correctness_10000,correctness,automatic_accumulator,64,4,4176,0.0,0.0,0.0,0.0,0.0,0.0
r,correctness,arxiv-r-correctness_10000,correctness,default_cagra,64,4,7569,0.0,0.0,0.0,0.0,0.0,0.0
r,correctness,arxiv-r-correctness_10000,correctness,automatic_legacy,64,4,7569,0.0,0.0,0.0,0.0,0.0,0.0
r,correctness,arxiv-r-correctness_10000,correctness,automatic_accumulator,64,4,7569,0.0,0.0,0.0,0.0,0.0,0.0
r,correctness,arxiv-r-correctness_10000,correctness,default_cagra,128,1,0,0.95549,14626.01486934971,0.683719579,0.0,0.0,0.0472
r,correctness,arxiv-r-correctness_10000,correctness,automatic_legacy,128,1,0,0.93604,14648.198351009296,0.682684045,0.0,0.0,0.0873
r,correctness,arxiv-r-correctness_10000,correctness,automatic_accumulator,128,1,0,0.9746,14630.085921683352,0.683536087,0.0,0.0,0.0016
r,correctness,arxiv-r-correctness_10000,correctness,default_cagra,128,1,522,0.97508,4487.484474461441,2.228426255,0.0,0.0,0.0133
r,correctness,arxiv-r-correctness_10000,correctness,automatic_legacy,128,1,522,0.93896,12523.8159929522,0.798484876,0.0,0.0,0.0798
r,correctness,arxiv-r-correctness_10000,correctness,automatic_accumulator,128,1,522,0.97901,12518.795892283524,0.798805872,0.0,0.0,0.0003
r,correctness,arxiv-r-correctness_10000,correctness,default_cagra,128,1,1044,0.97594,3238.894648313554,3.087479137,0.0,0.0,0.0049
r,correctness,arxiv-r-correctness_10000,correctness,automatic_legacy,128,1,1044,0.93927,10427.851993488408,0.958976881,0.0,0.0,0.076
r,correctness,arxiv-r-correctness_10000,correctness,automatic_accumulator,128,1,1044,0.9795,10449.179080559743,0.957020212,0.0,0.0,0.0001
r,correctness,arxiv-r-correctness_10000,correctness,default_cagra,128,1,2088,0.0,0.0,0.0,0.0,0.0,0.0
r,correctness,arxiv-r-correctness_10000,correctness,automatic_legacy,128,1,2088,0.0,0.0,0.0,0.0,0.0,0.0
r,correctness,arxiv-r-correctness_10000,correctness,automatic_accumulator,128,1,2088,0.0,0.0,0.0,0.0,0.0,0.0
r,correctness,arxiv-r-correctness_10000,correctness,default_cagra,128,1,4176,0.0,0.0,0.0,0.0,0.0,0.0
r,correctness,arxiv-r-correctness_10000,correctness,automatic_legacy,128,1,4176,0.0,0.0,0.0,0.0,0.0,0.0
r,correctness,arxiv-r-correctness_10000,correctness,automatic_accumulator,128,1,4176,0.0,0.0,0.0,0.0,0.0,0.0
r,correctness,arxiv-r-correctness_10000,correctness,default_cagra,128,1,7569,0.0,0.0,0.0,0.0,0.0,0.0
r,correctness,arxiv-r-correctness_10000,correctness,automatic_legacy,128,1,7569,0.0,0.0,0.0,0.0,0.0,0.0
r,correctness,arxiv-r-correctness_10000,correctness,automatic_accumulator,128,1,7569,0.0,0.0,0.0,0.0,0.0,0.0
r,correctness,arxiv-r-correctness_10000,correctness,default_cagra,128,2,0,0.95609,14163.72345083456,0.706034748,0.0,0.0,0.0444
r,correctness,arxiv-r-correctness_10000,correctness,automatic_legacy,128,2,0,0.9365,14480.819119712793,0.690599787,0.0,0.0,0.0827
r,correctness,arxiv-r-correctness_10000,correctness,automatic_accumulator,128,2,0,0.975,14470.221265730272,0.691080536,0.0,0.0,0.0016
r,correctness,arxiv-r-correctness_10000,correctness,default_cagra,128,2,522,0.97568,3214.5564900420623,3.110855313,0.0,0.0,0.0048
r,correctness,arxiv-r-correctness_10000,correctness,automatic_legacy,128,2,522,0.93948,10407.519530287727,0.960851319,0.0,0.0,0.0719
r,correctness,arxiv-r-correctness_10000,correctness,automatic_accumulator,128,2,522,0.97971,10394.554666187081,0.96204923,0.0,0.0,0.0
r,correctness,arxiv-r-correctness_10000,correctness,default_cagra,128,2,1044,0.0,0.0,0.0,0.0,0.0,0.0
r,correctness,arxiv-r-correctness_10000,correctness,automatic_legacy,128,2,1044,0.0,0.0,0.0,0.0,0.0,0.0
r,correctness,arxiv-r-correctness_10000,correctness,automatic_accumulator,128,2,1044,0.0,0.0,0.0,0.0,0.0,0.0
r,correctness,arxiv-r-correctness_10000,correctness,default_cagra,128,2,2088,0.0,0.0,0.0,0.0,0.0,0.0
r,correctness,arxiv-r-correctness_10000,correctness,automatic_legacy,128,2,2088,0.0,0.0,0.0,0.0,0.0,0.0
r,correctness,arxiv-r-correctness_10000,correctness,automatic_accumulator,128,2,2088,0.0,0.0,0.0,0.0,0.0,0.0
r,correctness,arxiv-r-correctness_10000,correctness,default_cagra,128,2,4176,0.0,0.0,0.0,0.0,0.0,0.0
r,correctness,arxiv-r-correctness_10000,correctness,automatic_legacy,128,2,4176,0.0,0.0,0.0,0.0,0.0,0.0
r,correctness,arxiv-r-correctness_10000,correctness,automatic_accumulator,128,2,4176,0.0,0.0,0.0,0.0,0.0,0.0
r,correctness,arxiv-r-correctness_10000,correctness,default_cagra,128,2,7569,0.0,0.0,0.0,0.0,0.0,0.0
r,correctness,arxiv-r-correctness_10000,correctness,automatic_legacy,128,2,7569,0.0,0.0,0.0,0.0,0.0,0.0
r,correctness,arxiv-r-correctness_10000,correctness,automatic_accumulator,128,2,7569,0.0,0.0,0.0,0.0,0.0,0.0
r,correctness,arxiv-r-correctness_10000,correctness,default_cagra,128,4,0,0.95784,13245.400387343696,0.754984922,0.0,0.0,0.0394
r,correctness,arxiv-r-correctness_10000,correctness,automatic_legacy,128,4,0,0.93704,14102.499308823348,0.709100474,0.0,0.0,0.0747
r,correctness,arxiv-r-correctness_10000,correctness,automatic_accumulator,128,4,0,0.97569,14102.952671438863,0.709078434,0.0,0.0,0.0011
r,correctness,arxiv-r-correctness_10000,correctness,default_cagra,128,4,522,0.0,0.0,0.0,0.0,0.0,0.0
r,correctness,arxiv-r-correctness_10000,correctness,automatic_legacy,128,4,522,0.0,0.0,0.0,0.0,0.0,0.0
r,correctness,arxiv-r-correctness_10000,correctness,automatic_accumulator,128,4,522,0.0,0.0,0.0,0.0,0.0,0.0
r,correctness,arxiv-r-correctness_10000,correctness,default_cagra,128,4,1044,0.0,0.0,0.0,0.0,0.0,0.0
r,correctness,arxiv-r-correctness_10000,correctness,automatic_legacy,128,4,1044,0.0,0.0,0.0,0.0,0.0,0.0
r,correctness,arxiv-r-correctness_10000,correctness,automatic_accumulator,128,4,1044,0.0,0.0,0.0,0.0,0.0,0.0
r,correctness,arxiv-r-correctness_10000,correctness,default_cagra,128,4,2088,0.0,0.0,0.0,0.0,0.0,0.0
r,correctness,arxiv-r-correctness_10000,correctness,automatic_legacy,128,4,2088,0.0,0.0,0.0,0.0,0.0,0.0
r,correctness,arxiv-r-correctness_10000,correctness,automatic_accumulator,128,4,2088,0.0,0.0,0.0,0.0,0.0,0.0
r,correctness,arxiv-r-correctness_10000,correctness,default_cagra,128,4,4176,0.0,0.0,0.0,0.0,0.0,0.0
r,correctness,arxiv-r-correctness_10000,correctness,automatic_legacy,128,4,4176,0.0,0.0,0.0,0.0,0.0,0.0
r,correctness,arxiv-r-correctness_10000,correctness,automatic_accumulator,128,4,4176,0.0,0.0,0.0,0.0,0.0,0.0
r,correctness,arxiv-r-correctness_10000,correctness,default_cagra,128,4,7569,0.0,0.0,0.0,0.0,0.0,0.0
r,correctness,arxiv-r-correctness_10000,correctness,automatic_legacy,128,4,7569,0.0,0.0,0.0,0.0,0.0,0.0
r,correctness,arxiv-r-correctness_10000,correctness,automatic_accumulator,128,4,7569,0.0,0.0,0.0,0.0,0.0,0.0
r,correctness,arxiv-r-correctness_10000,correctness,default_cagra,256,1,0,0.98302,7266.03783066787,1.376272365,0.0,0.0,0.0199
r,correctness,arxiv-r-correctness_10000,correctness,automatic_legacy,256,1,0,0.96829,7225.723588697618,1.383951414,0.0,0.0,0.049
r,correctness,arxiv-r-correctness_10000,correctness,automatic_accumulator,256,1,0,0.99016,7222.348941140987,1.384597931,0.0,0.0,0.0005
r,correctness,arxiv-r-correctness_10000,correctness,default_cagra,256,1,522,0.98966,3677.4843855036406,2.719255857,0.0,0.0,0.0102
r,correctness,arxiv-r-correctness_10000,correctness,automatic_legacy,256,1,522,0.96892,7057.207460454718,1.416997493,0.0,0.0,0.0483
r,correctness,arxiv-r-correctness_10000,correctness,automatic_accumulator,256,1,522,0.99114,7047.840031231547,1.418881913,0.0,0.0,0.0003
r,correctness,arxiv-r-correctness_10000,correctness,default_cagra,256,1,1044,0.99103,2320.2767161263587,4.309836707,0.0,0.0,0.0039
r,correctness,arxiv-r-correctness_10000,correctness,automatic_legacy,256,1,1044,0.9692,6721.594104231226,1.487755451,0.0,0.0,0.0465
r,correctness,arxiv-r-correctness_10000,correctness,automatic_accumulator,256,1,1044,0.99162,6714.7066368909145,1.489275016,0.0,0.0,0.0001
r,correctness,arxiv-r-correctness_10000,correctness,default_cagra,256,1,2088,0.0,0.0,0.0,0.0,0.0,0.0
r,correctness,arxiv-r-correctness_10000,correctness,automatic_legacy,256,1,2088,0.0,0.0,0.0,0.0,0.0,0.0
r,correctness,arxiv-r-correctness_10000,correctness,automatic_accumulator,256,1,2088,0.0,0.0,0.0,0.0,0.0,0.0
r,correctness,arxiv-r-correctness_10000,correctness,default_cagra,256,1,4176,0.0,0.0,0.0,0.0,0.0,0.0
r,correctness,arxiv-r-correctness_10000,correctness,automatic_legacy,256,1,4176,0.0,0.0,0.0,0.0,0.0,0.0
r,correctness,arxiv-r-correctness_10000,correctness,automatic_accumulator,256,1,4176,0.0,0.0,0.0,0.0,0.0,0.0
r,correctness,arxiv-r-correctness_10000,correctness,default_cagra,256,1,7569,0.0,0.0,0.0,0.0,0.0,0.0
r,correctness,arxiv-r-correctness_10000,correctness,automatic_legacy,256,1,7569,0.0,0.0,0.0,0.0,0.0,0.0
r,correctness,arxiv-r-correctness_10000,correctness,automatic_accumulator,256,1,7569,0.0,0.0,0.0,0.0,0.0,0.0
r,correctness,arxiv-r-correctness_10000,correctness,default_cagra,256,2,0,0.98319,7132.538972532196,1.402031478,0.0,0.0,0.0192
r,correctness,arxiv-r-correctness_10000,correctness,automatic_legacy,256,2,0,0.96836,7187.19428213948,1.391370458,0.0,0.0,0.0472
r,correctness,arxiv-r-correctness_10000,correctness,automatic_accumulator,256,2,0,0.99019,7178.0382567545375,1.393144626,0.0,0.0,0.0005
r,correctness,arxiv-r-correctness_10000,correctness,default_cagra,256,2,522,0.99109,2312.179353716432,4.324929753,0.0,0.0,0.004
r,correctness,arxiv-r-correctness_10000,correctness,automatic_legacy,256,2,522,0.96922,6696.7621837930055,1.49326645,0.0,0.0,0.0448
r,correctness,arxiv-r-correctness_10000,correctness,automatic_accumulator,256,2,522,0.99161,6692.8928072903445,1.494129104,0.0,0.0,0.0001
r,correctness,arxiv-r-correctness_10000,correctness,default_cagra,256,2,1044,0.0,0.0,0.0,0.0,0.0,0.0
r,correctness,arxiv-r-correctness_10000,correctness,automatic_legacy,256,2,1044,0.0,0.0,0.0,0.0,0.0,0.0
r,correctness,arxiv-r-correctness_10000,correctness,automatic_accumulator,256,2,1044,0.0,0.0,0.0,0.0,0.0,0.0
r,correctness,arxiv-r-correctness_10000,correctness,default_cagra,256,2,2088,0.0,0.0,0.0,0.0,0.0,0.0
r,correctness,arxiv-r-correctness_10000,correctness,automatic_legacy,256,2,2088,0.0,0.0,0.0,0.0,0.0,0.0
r,correctness,arxiv-r-correctness_10000,correctness,automatic_accumulator,256,2,2088,0.0,0.0,0.0,0.0,0.0,0.0
r,correctness,arxiv-r-correctness_10000,correctness,default_cagra,256,2,4176,0.0,0.0,0.0,0.0,0.0,0.0
r,correctness,arxiv-r-correctness_10000,correctness,automatic_legacy,256,2,4176,0.0,0.0,0.0,0.0,0.0,0.0
r,correctness,arxiv-r-correctness_10000,correctness,automatic_accumulator,256,2,4176,0.0,0.0,0.0,0.0,0.0,0.0
r,correctness,arxiv-r-correctness_10000,correctness,default_cagra,256,2,7569,0.0,0.0,0.0,0.0,0.0,0.0
r,correctness,arxiv-r-correctness_10000,correctness,automatic_legacy,256,2,7569,0.0,0.0,0.0,0.0,0.0,0.0
r,correctness,arxiv-r-correctness_10000,correctness,automatic_accumulator,256,2,7569,0.0,0.0,0.0,0.0,0.0,0.0
r,correctness,arxiv-r-correctness_10000,correctness,default_cagra,256,4,0,0.98342,6941.0036009756495,1.440719923,0.0,0.0,0.0182
r,correctness,arxiv-r-correctness_10000,correctness,automatic_legacy,256,4,0,0.96843,7150.894175840341,1.398433119,0.0,0.0,0.0452
r,correctness,arxiv-r-correctness_10000,correctness,automatic_accumulator,256,4,0,0.99039,7137.657048698223,1.401026425,0.0,0.0,0.0004
r,correctness,arxiv-r-correctness_10000,correctness,default_cagra,256,4,522,0.0,0.0,0.0,0.0,0.0,0.0
r,correctness,arxiv-r-correctness_10000,correctness,automatic_legacy,256,4,522,0.0,0.0,0.0,0.0,0.0,0.0
r,correctness,arxiv-r-correctness_10000,correctness,automatic_accumulator,256,4,522,0.0,0.0,0.0,0.0,0.0,0.0
r,correctness,arxiv-r-correctness_10000,correctness,default_cagra,256,4,1044,0.0,0.0,0.0,0.0,0.0,0.0
r,correctness,arxiv-r-correctness_10000,correctness,automatic_legacy,256,4,1044,0.0,0.0,0.0,0.0,0.0,0.0
r,correctness,arxiv-r-correctness_10000,correctness,automatic_accumulator,256,4,1044,0.0,0.0,0.0,0.0,0.0,0.0
r,correctness,arxiv-r-correctness_10000,correctness,default_cagra,256,4,2088,0.0,0.0,0.0,0.0,0.0,0.0
r,correctness,arxiv-r-correctness_10000,correctness,automatic_legacy,256,4,2088,0.0,0.0,0.0,0.0,0.0,0.0
r,correctness,arxiv-r-correctness_10000,correctness,automatic_accumulator,256,4,2088,0.0,0.0,0.0,0.0,0.0,0.0
r,correctness,arxiv-r-correctness_10000,correctness,default_cagra,256,4,4176,0.0,0.0,0.0,0.0,0.0,0.0
r,correctness,arxiv-r-correctness_10000,correctness,automatic_legacy,256,4,4176,0.0,0.0,0.0,0.0,0.0,0.0
r,correctness,arxiv-r-correctness_10000,correctness,automatic_accumulator,256,4,4176,0.0,0.0,0.0,0.0,0.0,0.0
r,correctness,arxiv-r-correctness_10000,correctness,default_cagra,256,4,7569,0.0,0.0,0.0,0.0,0.0,0.0
r,correctness,arxiv-r-correctness_10000,correctness,automatic_legacy,256,4,7569,0.0,0.0,0.0,0.0,0.0,0.0
r,correctness,arxiv-r-correctness_10000,correctness,automatic_accumulator,256,4,7569,0.0,0.0,0.0,0.0,0.0,0.0
r,correctness,arxiv-r-correctness_10000,correctness,default_cagra,512,1,0,0.9942,3622.0542500579927,2.760869777,0.0,0.0,0.0075
r,correctness,arxiv-r-correctness_10000,correctness,automatic_legacy,512,1,0,0.9885,3652.622053496582,2.737767031,0.0,0.0,0.0205
r,correctness,arxiv-r-correctness_10000,correctness,automatic_accumulator,512,1,0,0.99733,3655.014274408955,2.735974004,0.0,0.0,0.0002
r,correctness,arxiv-r-correctness_10000,correctness,default_cagra,512,1,522,0.99425,3597.328096497728,2.77984694,0.0,0.0,0.0078
r,correctness,arxiv-r-correctness_10000,correctness,automatic_legacy,512,1,522,0.98851,3654.4954233809117,2.736362763,0.0,0.0,0.0205
r,correctness,arxiv-r-correctness_10000,correctness,automatic_accumulator,512,1,522,0.99734,3657.643125743063,2.734007797,0.0,0.0,0.0002
r,correctness,arxiv-r-correctness_10000,correctness,default_cagra,512,1,1044,0.99597,1895.2446000780262,5.276370371,0.0,0.0,0.0034
r,correctness,arxiv-r-correctness_10000,correctness,automatic_legacy,512,1,1044,0.98865,3606.56973363088,2.772724437,0.0,0.0,0.0198
r,correctness,arxiv-r-correctness_10000,correctness,automatic_accumulator,512,1,1044,0.99757,3605.773391709266,2.773337518,0.0,0.0,0.0
r,correctness,arxiv-r-correctness_10000,correctness,default_cagra,512,1,2088,0.0,0.0,0.0,0.0,0.0,0.0
r,correctness,arxiv-r-correctness_10000,correctness,automatic_legacy,512,1,2088,0.0,0.0,0.0,0.0,0.0,0.0
r,correctness,arxiv-r-correctness_10000,correctness,automatic_accumulator,512,1,2088,0.0,0.0,0.0,0.0,0.0,0.0
r,correctness,arxiv-r-correctness_10000,correctness,default_cagra,512,1,4176,0.0,0.0,0.0,0.0,0.0,0.0
r,correctness,arxiv-r-correctness_10000,correctness,automatic_legacy,512,1,4176,0.0,0.0,0.0,0.0,0.0,0.0
r,correctness,arxiv-r-correctness_10000,correctness,automatic_accumulator,512,1,4176,0.0,0.0,0.0,0.0,0.0,0.0
r,correctness,arxiv-r-correctness_10000,correctness,default_cagra,512,1,7569,0.0,0.0,0.0,0.0,0.0,0.0
r,correctness,arxiv-r-correctness_10000,correctness,automatic_legacy,512,1,7569,0.0,0.0,0.0,0.0,0.0,0.0
r,correctness,arxiv-r-correctness_10000,correctness,automatic_accumulator,512,1,7569,0.0,0.0,0.0,0.0,0.0,0.0
r,correctness,arxiv-r-correctness_10000,correctness,default_cagra,512,2,0,0.99427,3572.710259540866,2.799001468,0.0,0.0,0.0075
r,correctness,arxiv-r-correctness_10000,correctness,automatic_legacy,512,2,0,0.98851,3628.3352045435295,2.75609178,0.0,0.0,0.02
r,correctness,arxiv-r-correctness_10000,correctness,automatic_accumulator,512,2,0,0.99734,3623.981742670207,2.759402181,0.0,0.0,0.0002
r,correctness,arxiv-r-correctness_10000,correctness,default_cagra,512,2,522,0.996,1882.07123983886,5.313302931,0.0,0.0,0.0034
r,correctness,arxiv-r-correctness_10000,correctness,automatic_legacy,512,2,522,0.98865,3579.7552098931574,2.793493878,0.0,0.0,0.0193
r,correctness,arxiv-r-correctness_10000,correctness,automatic_accumulator,512,2,522,0.99757,3584.391523372399,2.789880621,0.0,0.0,0.0
r,correctness,arxiv-r-correctness_10000,correctness,default_cagra,512,2,1044,0.0,0.0,0.0,0.0,0.0,0.0
r,correctness,arxiv-r-correctness_10000,correctness,automatic_legacy,512,2,1044,0.0,0.0,0.0,0.0,0.0,0.0
r,correctness,arxiv-r-correctness_10000,correctness,automatic_accumulator,512,2,1044,0.0,0.0,0.0,0.0,0.0,0.0
r,correctness,arxiv-r-correctness_10000,correctness,default_cagra,512,2,2088,0.0,0.0,0.0,0.0,0.0,0.0
r,correctness,arxiv-r-correctness_10000,correctness,automatic_legacy,512,2,2088,0.0,0.0,0.0,0.0,0.0,0.0
r,correctness,arxiv-r-correctness_10000,correctness,automatic_accumulator,512,2,2088,0.0,0.0,0.0,0.0,0.0,0.0
r,correctness,arxiv-r-correctness_10000,correctness,default_cagra,512,2,4176,0.0,0.0,0.0,0.0,0.0,0.0
r,correctness,arxiv-r-correctness_10000,correctness,automatic_legacy,512,2,4176,0.0,0.0,0.0,0.0,0.0,0.0
r,correctness,arxiv-r-correctness_10000,correctness,automatic_accumulator,512,2,4176,0.0,0.0,0.0,0.0,0.0,0.0
r,correctness,arxiv-r-correctness_10000,correctness,default_cagra,512,2,7569,0.0,0.0,0.0,0.0,0.0,0.0
r,correctness,arxiv-r-correctness_10000,correctness,automatic_legacy,512,2,7569,0.0,0.0,0.0,0.0,0.0,0.0
r,correctness,arxiv-r-correctness_10000,correctness,automatic_accumulator,512,2,7569,0.0,0.0,0.0,0.0,0.0,0.0
r,correctness,arxiv-r-correctness_10000,correctness,default_cagra,512,4,0,0.99432,3574.085517243669,2.797925018,0.0,0.0,0.0073
r,correctness,arxiv-r-correctness_10000,correctness,automatic_legacy,512,4,0,0.98852,3668.2914957887624,2.726071301,0.0,0.0,0.0194
r,correctness,arxiv-r-correctness_10000,correctness,automatic_accumulator,512,4,0,0.99735,3663.3934198819793,2.729716857,0.0,0.0,0.0002
r,correctness,arxiv-r-correctness_10000,correctness,default_cagra,512,4,522,0.0,0.0,0.0,0.0,0.0,0.0
r,correctness,arxiv-r-correctness_10000,correctness,automatic_legacy,512,4,522,0.0,0.0,0.0,0.0,0.0,0.0
r,correctness,arxiv-r-correctness_10000,correctness,automatic_accumulator,512,4,522,0.0,0.0,0.0,0.0,0.0,0.0
r,correctness,arxiv-r-correctness_10000,correctness,default_cagra,512,4,1044,0.0,0.0,0.0,0.0,0.0,0.0
r,correctness,arxiv-r-correctness_10000,correctness,automatic_legacy,512,4,1044,0.0,0.0,0.0,0.0,0.0,0.0
r,correctness,arxiv-r-correctness_10000,correctness,automatic_accumulator,512,4,1044,0.0,0.0,0.0,0.0,0.0,0.0
r,correctness,arxiv-r-correctness_10000,correctness,default_cagra,512,4,2088,0.0,0.0,0.0,0.0,0.0,0.0
r,correctness,arxiv-r-correctness_10000,correctness,automatic_legacy,512,4,2088,0.0,0.0,0.0,0.0,0.0,0.0
r,correctness,arxiv-r-correctness_10000,correctness,automatic_accumulator,512,4,2088,0.0,0.0,0.0,0.0,0.0,0.0
r,correctness,arxiv-r-correctness_10000,correctness,default_cagra,512,4,4176,0.0,0.0,0.0,0.0,0.0,0.0
r,correctness,arxiv-r-correctness_10000,correctness,automatic_legacy,512,4,4176,0.0,0.0,0.0,0.0,0.0,0.0
r,correctness,arxiv-r-correctness_10000,correctness,automatic_accumulator,512,4,4176,0.0,0.0,0.0,0.0,0.0,0.0
r,correctness,arxiv-r-correctness_10000,correctness,default_cagra,512,4,7569,0.0,0.0,0.0,0.0,0.0,0.0
r,correctness,arxiv-r-correctness_10000,correctness,automatic_legacy,512,4,7569,0.0,0.0,0.0,0.0,0.0,0.0
r,correctness,arxiv-r-correctness_10000,correctness,automatic_accumulator,512,4,7569,0.0,0.0,0.0,0.0,0.0,0.0
r,throughput,arxiv-r-throughput_10000,throughput,default_cagra,64,1,0,0.9129,29071.173675489837,0.343992767,0.0,0.0,0.0935
r,throughput,arxiv-r-throughput_10000,throughput,automatic_legacy,64,1,0,0.89052,28905.49048111323,0.345962727,0.0,0.0,0.1334
r,throughput,arxiv-r-throughput_10000,throughput,automatic_accumulator,64,1,0,0.94841,28899.827717714557,0.346029854,0.0,0.0,0.0031
r,throughput,arxiv-r-throughput_10000,throughput,default_cagra,64,1,522,0.95136,6208.533310785738,1.610693158,0.0,0.0,0.0138
r,throughput,arxiv-r-throughput_10000,throughput,automatic_legacy,64,1,522,0.90347,13580.612659604023,0.736350082,0.0,0.0,0.097
r,throughput,arxiv-r-throughput_10000,throughput,automatic_accumulator,64,1,522,0.96666,13566.639741430265,0.737109549,0.0,0.0,0.0003
r,throughput,arxiv-r-throughput_10000,throughput,default_cagra,64,1,1044,0.9523,4843.852699746834,2.064478552,0.0,0.0,0.0042
r,throughput,arxiv-r-throughput_10000,throughput,automatic_legacy,64,1,1044,0.90422,9533.281010999073,1.048963382,0.0,0.0,0.0885
r,throughput,arxiv-r-throughput_10000,throughput,automatic_accumulator,64,1,1044,0.96756,9521.551401762186,1.050255407,0.0,0.0,0.0001
r,throughput,arxiv-r-throughput_10000,throughput,default_cagra,64,1,2088,0.0,0.0,0.0,0.0,0.0,0.0
r,throughput,arxiv-r-throughput_10000,throughput,automatic_legacy,64,1,2088,0.0,0.0,0.0,0.0,0.0,0.0
r,throughput,arxiv-r-throughput_10000,throughput,automatic_accumulator,64,1,2088,0.0,0.0,0.0,0.0,0.0,0.0
r,throughput,arxiv-r-throughput_10000,throughput,default_cagra,64,1,4176,0.0,0.0,0.0,0.0,0.0,0.0
r,throughput,arxiv-r-throughput_10000,throughput,automatic_legacy,64,1,4176,0.0,0.0,0.0,0.0,0.0,0.0
r,throughput,arxiv-r-throughput_10000,throughput,automatic_accumulator,64,1,4176,0.0,0.0,0.0,0.0,0.0,0.0
r,throughput,arxiv-r-throughput_10000,throughput,default_cagra,64,1,7569,0.0,0.0,0.0,0.0,0.0,0.0
r,throughput,arxiv-r-throughput_10000,throughput,automatic_legacy,64,1,7569,0.0,0.0,0.0,0.0,0.0,0.0
r,throughput,arxiv-r-throughput_10000,throughput,automatic_accumulator,64,1,7569,0.0,0.0,0.0,0.0,0.0,0.0
r,throughput,arxiv-r-throughput_10000,throughput,default_cagra,64,2,0,0.91499,27230.650397424946,0.367239643,0.0,0.0,0.0849
r,throughput,arxiv-r-throughput_10000,throughput,automatic_legacy,64,2,0,0.89191,27921.757327624822,0.358150021,0.0,0.0,0.1236
r,throughput,arxiv-r-throughput_10000,throughput,automatic_accumulator,64,2,0,0.95008,27931.424509378838,0.358026739,0.0,0.0,0.0026
r,throughput,arxiv-r-throughput_10000,throughput,default_cagra,64,2,522,0.95186,4762.586256246424,2.099705444,0.0,0.0,0.0038
r,throughput,arxiv-r-throughput_10000,throughput,automatic_legacy,64,2,522,0.90507,9384.355304855968,1.065609986,0.0,0.0,0.0799
r,throughput,arxiv-r-throughput_10000,throughput,automatic_accumulator,64,2,522,0.96864,9378.671069771815,1.066255253,0.0,0.0,0.0001
r,throughput,arxiv-r-throughput_10000,throughput,default_cagra,64,2,1044,0.0,0.0,0.0,0.0,0.0,0.0
r,throughput,arxiv-r-throughput_10000,throughput,automatic_legacy,64,2,1044,0.0,0.0,0.0,0.0,0.0,0.0
r,throughput,arxiv-r-throughput_10000,throughput,automatic_accumulator,64,2,1044,0.0,0.0,0.0,0.0,0.0,0.0
r,throughput,arxiv-r-throughput_10000,throughput,default_cagra,64,2,2088,0.0,0.0,0.0,0.0,0.0,0.0
r,throughput,arxiv-r-throughput_10000,throughput,automatic_legacy,64,2,2088,0.0,0.0,0.0,0.0,0.0,0.0
r,throughput,arxiv-r-throughput_10000,throughput,automatic_accumulator,64,2,2088,0.0,0.0,0.0,0.0,0.0,0.0
r,throughput,arxiv-r-throughput_10000,throughput,default_cagra,64,2,4176,0.0,0.0,0.0,0.0,0.0,0.0
r,throughput,arxiv-r-throughput_10000,throughput,automatic_legacy,64,2,4176,0.0,0.0,0.0,0.0,0.0,0.0
r,throughput,arxiv-r-throughput_10000,throughput,automatic_accumulator,64,2,4176,0.0,0.0,0.0,0.0,0.0,0.0
r,throughput,arxiv-r-throughput_10000,throughput,default_cagra,64,2,7569,0.0,0.0,0.0,0.0,0.0,0.0
r,throughput,arxiv-r-throughput_10000,throughput,automatic_legacy,64,2,7569,0.0,0.0,0.0,0.0,0.0,0.0
r,throughput,arxiv-r-throughput_10000,throughput,automatic_accumulator,64,2,7569,0.0,0.0,0.0,0.0,0.0,0.0
r,throughput,arxiv-r-throughput_10000,throughput,default_cagra,64,4,0,0.91987,24824.908061575326,0.402827945,0.0,0.0,0.0649
r,throughput,arxiv-r-throughput_10000,throughput,automatic_legacy,64,4,0,0.89447,27390.74765475649,0.365101124,0.0,0.0,0.0987
r,throughput,arxiv-r-throughput_10000,throughput,automatic_accumulator,64,4,0,0.95216,27375.375273907182,0.365298489,0.0,0.0,0.0019
r,throughput,arxiv-r-throughput_10000,throughput,default_cagra,64,4,522,0.0,0.0,0.0,0.0,0.0,0.0
r,throughput,arxiv-r-throughput_10000,throughput,automatic_legacy,64,4,522,0.0,0.0,0.0,0.0,0.0,0.0
r,throughput,arxiv-r-throughput_10000,throughput,automatic_accumulator,64,4,522,0.0,0.0,0.0,0.0,0.0,0.0
r,throughput,arxiv-r-throughput_10000,throughput,default_cagra,64,4,1044,0.0,0.0,0.0,0.0,0.0,0.0
r,throughput,arxiv-r-throughput_10000,throughput,automatic_legacy,64,4,1044,0.0,0.0,0.0,0.0,0.0,0.0
r,throughput,arxiv-r-throughput_10000,throughput,automatic_accumulator,64,4,1044,0.0,0.0,0.0,0.0,0.0,0.0
r,throughput,arxiv-r-throughput_10000,throughput,default_cagra,64,4,2088,0.0,0.0,0.0,0.0,0.0,0.0
r,throughput,arxiv-r-throughput_10000,throughput,automatic_legacy,64,4,2088,0.0,0.0,0.0,0.0,0.0,0.0
r,throughput,arxiv-r-throughput_10000,throughput,automatic_accumulator,64,4,2088,0.0,0.0,0.0,0.0,0.0,0.0
r,throughput,arxiv-r-throughput_10000,throughput,default_cagra,64,4,4176,0.0,0.0,0.0,0.0,0.0,0.0
r,throughput,arxiv-r-throughput_10000,throughput,automatic_legacy,64,4,4176,0.0,0.0,0.0,0.0,0.0,0.0
r,throughput,arxiv-r-throughput_10000,throughput,automatic_accumulator,64,4,4176,0.0,0.0,0.0,0.0,0.0,0.0
r,throughput,arxiv-r-throughput_10000,throughput,default_cagra,64,4,7569,0.0,0.0,0.0,0.0,0.0,0.0
r,throughput,arxiv-r-throughput_10000,throughput,automatic_legacy,64,4,7569,0.0,0.0,0.0,0.0,0.0,0.0
r,throughput,arxiv-r-throughput_10000,throughput,automatic_accumulator,64,4,7569,0.0,0.0,0.0,0.0,0.0,0.0
r,throughput,arxiv-r-throughput_10000,throughput,default_cagra,128,1,0,0.95549,14623.139874986922,0.683854063,0.0,0.0,0.0472
r,throughput,arxiv-r-throughput_10000,throughput,automatic_legacy,128,1,0,0.93604,14636.23837399436,0.683242504,0.0,0.0,0.0873
r,throughput,arxiv-r-throughput_10000,throughput,automatic_accumulator,128,1,0,0.9746,14633.286275414968,0.683380739,0.0,0.0,0.0016
r,throughput,arxiv-r-throughput_10000,throughput,default_cagra,128,1,522,0.97508,4490.671464401279,2.226844808,0.0,0.0,0.0133
r,throughput,arxiv-r-throughput_10000,throughput,automatic_legacy,128,1,522,0.93896,12524.603268030494,0.798435284,0.0,0.0,0.0798
r,throughput,arxiv-r-throughput_10000,throughput,automatic_accumulator,128,1,522,0.97901,12521.932462120943,0.79860599,0.0,0.0,0.0003
r,throughput,arxiv-r-throughput_10000,throughput,default_cagra,128,1,1044,0.97594,3238.7534542167095,3.087614266,0.0,0.0,0.0049
r,throughput,arxiv-r-throughput_10000,throughput,automatic_legacy,128,1,1044,0.93927,10453.544167997967,0.956620969,0.0,0.0,0.076
r,throughput,arxiv-r-throughput_10000,throughput,automatic_accumulator,128,1,1044,0.9795,10442.384443027442,0.957642642,0.0,0.0,0.0001
r,throughput,arxiv-r-throughput_10000,throughput,default_cagra,128,1,2088,0.0,0.0,0.0,0.0,0.0,0.0
r,throughput,arxiv-r-throughput_10000,throughput,automatic_legacy,128,1,2088,0.0,0.0,0.0,0.0,0.0,0.0
r,throughput,arxiv-r-throughput_10000,throughput,automatic_accumulator,128,1,2088,0.0,0.0,0.0,0.0,0.0,0.0
r,throughput,arxiv-r-throughput_10000,throughput,default_cagra,128,1,4176,0.0,0.0,0.0,0.0,0.0,0.0
r,throughput,arxiv-r-throughput_10000,throughput,automatic_legacy,128,1,4176,0.0,0.0,0.0,0.0,0.0,0.0
r,throughput,arxiv-r-throughput_10000,throughput,automatic_accumulator,128,1,4176,0.0,0.0,0.0,0.0,0.0,0.0
r,throughput,arxiv-r-throughput_10000,throughput,default_cagra,128,1,7569,0.0,0.0,0.0,0.0,0.0,0.0
r,throughput,arxiv-r-throughput_10000,throughput,automatic_legacy,128,1,7569,0.0,0.0,0.0,0.0,0.0,0.0
r,throughput,arxiv-r-throughput_10000,throughput,automatic_accumulator,128,1,7569,0.0,0.0,0.0,0.0,0.0,0.0
r,throughput,arxiv-r-throughput_10000,throughput,default_cagra,128,2,0,0.95609,14177.070513408213,0.705370449,0.0,0.0,0.0444
r,throughput,arxiv-r-throughput_10000,throughput,automatic_legacy,128,2,0,0.9365,14456.146365648141,0.69175339,0.0,0.0,0.0827
r,throughput,arxiv-r-throughput_10000,throughput,automatic_accumulator,128,2,0,0.975,14454.315952052577,0.691842492,0.0,0.0,0.0016
r,throughput,arxiv-r-throughput_10000,throughput,default_cagra,128,2,522,0.97568,3212.8719390994866,3.112486162,0.0,0.0,0.0048
r,throughput,arxiv-r-throughput_10000,throughput,automatic_legacy,128,2,522,0.93948,10400.902463011002,0.961462098,0.0,0.0,0.0719
r,throughput,arxiv-r-throughput_10000,throughput,automatic_accumulator,128,2,522,0.97971,10404.39543008287,0.961138721,0.0,0.0,0.0
r,throughput,arxiv-r-throughput_10000,throughput,default_cagra,128,2,1044,0.0,0.0,0.0,0.0,0.0,0.0
r,throughput,arxiv-r-throughput_10000,throughput,automatic_legacy,128,2,1044,0.0,0.0,0.0,0.0,0.0,0.0
r,throughput,arxiv-r-throughput_10000,throughput,automatic_accumulator,128,2,1044,0.0,0.0,0.0,0.0,0.0,0.0
r,throughput,arxiv-r-throughput_10000,throughput,default_cagra,128,2,2088,0.0,0.0,0.0,0.0,0.0,0.0
r,throughput,arxiv-r-throughput_10000,throughput,automatic_legacy,128,2,2088,0.0,0.0,0.0,0.0,0.0,0.0
r,throughput,arxiv-r-throughput_10000,throughput,automatic_accumulator,128,2,2088,0.0,0.0,0.0,0.0,0.0,0.0
r,throughput,arxiv-r-throughput_10000,throughput,default_cagra,128,2,4176,0.0,0.0,0.0,0.0,0.0,0.0
r,throughput,arxiv-r-throughput_10000,throughput,automatic_legacy,128,2,4176,0.0,0.0,0.0,0.0,0.0,0.0
r,throughput,arxiv-r-throughput_10000,throughput,automatic_accumulator,128,2,4176,0.0,0.0,0.0,0.0,0.0,0.0
r,throughput,arxiv-r-throughput_10000,throughput,default_cagra,128,2,7569,0.0,0.0,0.0,0.0,0.0,0.0
r,throughput,arxiv-r-throughput_10000,throughput,automatic_legacy,128,2,7569,0.0,0.0,0.0,0.0,0.0,0.0
r,throughput,arxiv-r-throughput_10000,throughput,automatic_accumulator,128,2,7569,0.0,0.0,0.0,0.0,0.0,0.0
r,throughput,arxiv-r-throughput_10000,throughput,default_cagra,128,4,0,0.95784,13262.280119422785,0.754024728,0.0,0.0,0.0394
r,throughput,arxiv-r-throughput_10000,throughput,automatic_legacy,128,4,0,0.93704,14115.394308313947,0.70845498,0.0,0.0,0.0747
r,throughput,arxiv-r-throughput_10000,throughput,automatic_accumulator,128,4,0,0.97569,14130.575045433112,0.707692671,0.0,0.0,0.0011
r,throughput,arxiv-r-throughput_10000,throughput,default_cagra,128,4,522,0.0,0.0,0.0,0.0,0.0,0.0
r,throughput,arxiv-r-throughput_10000,throughput,automatic_legacy,128,4,522,0.0,0.0,0.0,0.0,0.0,0.0
r,throughput,arxiv-r-throughput_10000,throughput,automatic_accumulator,128,4,522,0.0,0.0,0.0,0.0,0.0,0.0
r,throughput,arxiv-r-throughput_10000,throughput,default_cagra,128,4,1044,0.0,0.0,0.0,0.0,0.0,0.0
r,throughput,arxiv-r-throughput_10000,throughput,automatic_legacy,128,4,1044,0.0,0.0,0.0,0.0,0.0,0.0
r,throughput,arxiv-r-throughput_10000,throughput,automatic_accumulator,128,4,1044,0.0,0.0,0.0,0.0,0.0,0.0
r,throughput,arxiv-r-throughput_10000,throughput,default_cagra,128,4,2088,0.0,0.0,0.0,0.0,0.0,0.0
r,throughput,arxiv-r-throughput_10000,throughput,automatic_legacy,128,4,2088,0.0,0.0,0.0,0.0,0.0,0.0
r,throughput,arxiv-r-throughput_10000,throughput,automatic_accumulator,128,4,2088,0.0,0.0,0.0,0.0,0.0,0.0
r,throughput,arxiv-r-throughput_10000,throughput,default_cagra,128,4,4176,0.0,0.0,0.0,0.0,0.0,0.0
r,throughput,arxiv-r-throughput_10000,throughput,automatic_legacy,128,4,4176,0.0,0.0,0.0,0.0,0.0,0.0
r,throughput,arxiv-r-throughput_10000,throughput,automatic_accumulator,128,4,4176,0.0,0.0,0.0,0.0,0.0,0.0
r,throughput,arxiv-r-throughput_10000,throughput,default_cagra,128,4,7569,0.0,0.0,0.0,0.0,0.0,0.0
r,throughput,arxiv-r-throughput_10000,throughput,automatic_legacy,128,4,7569,0.0,0.0,0.0,0.0,0.0,0.0
r,throughput,arxiv-r-throughput_10000,throughput,automatic_accumulator,128,4,7569,0.0,0.0,0.0,0.0,0.0,0.0
r,throughput,arxiv-r-throughput_10000,throughput,default_cagra,256,1,0,0.98302,7259.706548165164,1.377473363,0.0,0.0,0.0199
r,throughput,arxiv-r-throughput_10000,throughput,automatic_legacy,256,1,0,0.96829,7232.100759983976,1.382731797,0.0,0.0,0.049
r,throughput,arxiv-r-throughput_10000,throughput,automatic_accumulator,256,1,0,0.99016,7217.432272253189,1.385541296,0.0,0.0,0.0005
r,throughput,arxiv-r-throughput_10000,throughput,default_cagra,256,1,522,0.98966,3674.5033577544455,2.721473621,0.0,0.0,0.0102
r,throughput,arxiv-r-throughput_10000,throughput,automatic_legacy,256,1,522,0.96892,7055.986084971683,1.417242375,0.0,0.0,0.0483
r,throughput,arxiv-r-throughput_10000,throughput,automatic_accumulator,256,1,522,0.99114,7065.9947060246295,1.415236165,0.0,0.0,0.0003
r,throughput,arxiv-r-throughput_10000,throughput,default_cagra,256,1,1044,0.99103,2319.9344004031814,4.31047234,0.0,0.0,0.0039
r,throughput,arxiv-r-throughput_10000,throughput,automatic_legacy,256,1,1044,0.9692,6716.890428150705,1.488790746,0.0,0.0,0.0465
r,throughput,arxiv-r-throughput_10000,throughput,automatic_accumulator,256,1,1044,0.99162,6709.200799121627,1.490496933,0.0,0.0,0.0001
r,throughput,arxiv-r-throughput_10000,throughput,default_cagra,256,1,2088,0.0,0.0,0.0,0.0,0.0,0.0
r,throughput,arxiv-r-throughput_10000,throughput,automatic_legacy,256,1,2088,0.0,0.0,0.0,0.0,0.0,0.0
r,throughput,arxiv-r-throughput_10000,throughput,automatic_accumulator,256,1,2088,0.0,0.0,0.0,0.0,0.0,0.0
r,throughput,arxiv-r-throughput_10000,throughput,default_cagra,256,1,4176,0.0,0.0,0.0,0.0,0.0,0.0
r,throughput,arxiv-r-throughput_10000,throughput,automatic_legacy,256,1,4176,0.0,0.0,0.0,0.0,0.0,0.0
r,throughput,arxiv-r-throughput_10000,throughput,automatic_accumulator,256,1,4176,0.0,0.0,0.0,0.0,0.0,0.0
r,throughput,arxiv-r-throughput_10000,throughput,default_cagra,256,1,7569,0.0,0.0,0.0,0.0,0.0,0.0
r,throughput,arxiv-r-throughput_10000,throughput,automatic_legacy,256,1,7569,0.0,0.0,0.0,0.0,0.0,0.0
r,throughput,arxiv-r-throughput_10000,throughput,automatic_accumulator,256,1,7569,0.0,0.0,0.0,0.0,0.0,0.0
r,throughput,arxiv-r-throughput_10000,throughput,default_cagra,256,2,0,0.98319,7132.153431137569,1.402107913,0.0,0.0,0.0192
r,throughput,arxiv-r-throughput_10000,throughput,automatic_legacy,256,2,0,0.96836,7166.199712671612,1.395519769,0.0,0.0,0.0472
r,throughput,arxiv-r-throughput_10000,throughput,automatic_accumulator,256,2,0,0.99019,7185.819732142599,1.391637543,0.0,0.0,0.0005
r,throughput,arxiv-r-throughput_10000,throughput,default_cagra,256,2,522,0.99109,2311.554981857487,4.32609968,0.0,0.0,0.004
r,throughput,arxiv-r-throughput_10000,throughput,automatic_legacy,256,2,522,0.96922,6694.580819304504,1.493752585,0.0,0.0,0.0448
r,throughput,arxiv-r-throughput_10000,throughput,automatic_accumulator,256,2,522,0.99161,6704.180422207644,1.491612962,0.0,0.0,0.0001
r,throughput,arxiv-r-throughput_10000,throughput,default_cagra,256,2,1044,0.0,0.0,0.0,0.0,0.0,0.0
r,throughput,arxiv-r-throughput_10000,throughput,automatic_legacy,256,2,1044,0.0,0.0,0.0,0.0,0.0,0.0
r,throughput,arxiv-r-throughput_10000,throughput,automatic_accumulator,256,2,1044,0.0,0.0,0.0,0.0,0.0,0.0
r,throughput,arxiv-r-throughput_10000,throughput,default_cagra,256,2,2088,0.0,0.0,0.0,0.0,0.0,0.0
r,throughput,arxiv-r-throughput_10000,throughput,automatic_legacy,256,2,2088,0.0,0.0,0.0,0.0,0.0,0.0
r,throughput,arxiv-r-throughput_10000,throughput,automatic_accumulator,256,2,2088,0.0,0.0,0.0,0.0,0.0,0.0
r,throughput,arxiv-r-throughput_10000,throughput,default_cagra,256,2,4176,0.0,0.0,0.0,0.0,0.0,0.0
r,throughput,arxiv-r-throughput_10000,throughput,automatic_legacy,256,2,4176,0.0,0.0,0.0,0.0,0.0,0.0
r,throughput,arxiv-r-throughput_10000,throughput,automatic_accumulator,256,2,4176,0.0,0.0,0.0,0.0,0.0,0.0
r,throughput,arxiv-r-throughput_10000,throughput,default_cagra,256,2,7569,0.0,0.0,0.0,0.0,0.0,0.0
r,throughput,arxiv-r-throughput_10000,throughput,automatic_legacy,256,2,7569,0.0,0.0,0.0,0.0,0.0,0.0
r,throughput,arxiv-r-throughput_10000,throughput,automatic_accumulator,256,2,7569,0.0,0.0,0.0,0.0,0.0,0.0
r,throughput,arxiv-r-throughput_10000,throughput,default_cagra,256,4,0,0.98342,6943.68735107173,1.440163448,0.0,0.0,0.0182
r,throughput,arxiv-r-throughput_10000,throughput,automatic_legacy,256,4,0,0.96843,7148.672107632662,1.398868355,0.0,0.0,0.0452
r,throughput,arxiv-r-throughput_10000,throughput,automatic_accumulator,256,4,0,0.99039,7155.438750142903,1.397544868,0.0,0.0,0.0004
r,throughput,arxiv-r-throughput_10000,throughput,default_cagra,256,4,522,0.0,0.0,0.0,0.0,0.0,0.0
r,throughput,arxiv-r-throughput_10000,throughput,automatic_legacy,256,4,522,0.0,0.0,0.0,0.0,0.0,0.0
r,throughput,arxiv-r-throughput_10000,throughput,automatic_accumulator,256,4,522,0.0,0.0,0.0,0.0,0.0,0.0
r,throughput,arxiv-r-throughput_10000,throughput,default_cagra,256,4,1044,0.0,0.0,0.0,0.0,0.0,0.0
r,throughput,arxiv-r-throughput_10000,throughput,automatic_legacy,256,4,1044,0.0,0.0,0.0,0.0,0.0,0.0
r,throughput,arxiv-r-throughput_10000,throughput,automatic_accumulator,256,4,1044,0.0,0.0,0.0,0.0,0.0,0.0
r,throughput,arxiv-r-throughput_10000,throughput,default_cagra,256,4,2088,0.0,0.0,0.0,0.0,0.0,0.0
r,throughput,arxiv-r-throughput_10000,throughput,automatic_legacy,256,4,2088,0.0,0.0,0.0,0.0,0.0,0.0
r,throughput,arxiv-r-throughput_10000,throughput,automatic_accumulator,256,4,2088,0.0,0.0,0.0,0.0,0.0,0.0
r,throughput,arxiv-r-throughput_10000,throughput,default_cagra,256,4,4176,0.0,0.0,0.0,0.0,0.0,0.0
r,throughput,arxiv-r-throughput_10000,throughput,automatic_legacy,256,4,4176,0.0,0.0,0.0,0.0,0.0,0.0
r,throughput,arxiv-r-throughput_10000,throughput,automatic_accumulator,256,4,4176,0.0,0.0,0.0,0.0,0.0,0.0
r,throughput,arxiv-r-throughput_10000,throughput,default_cagra,256,4,7569,0.0,0.0,0.0,0.0,0.0,0.0
r,throughput,arxiv-r-throughput_10000,throughput,automatic_legacy,256,4,7569,0.0,0.0,0.0,0.0,0.0,0.0
r,throughput,arxiv-r-throughput_10000,throughput,automatic_accumulator,256,4,7569,0.0,0.0,0.0,0.0,0.0,0.0
r,throughput,arxiv-r-throughput_10000,throughput,default_cagra,512,1,0,0.9942,3624.9152484392193,2.758692131,0.0,0.0,0.0075
r,throughput,arxiv-r-throughput_10000,throughput,automatic_legacy,512,1,0,0.9885,3656.520875167869,2.734847626,0.0,0.0,0.0205
r,throughput,arxiv-r-throughput_10000,throughput,automatic_accumulator,512,1,0,0.99733,3655.325199858289,2.735742914,0.0,0.0,0.0002
r,throughput,arxiv-r-throughput_10000,throughput,default_cagra,512,1,522,0.99425,3594.0131227001807,2.782411866,0.0,0.0,0.0078
r,throughput,arxiv-r-throughput_10000,throughput,automatic_legacy,512,1,522,0.98851,3656.003575898883,2.735234034,0.0,0.0,0.0205
r,throughput,arxiv-r-throughput_10000,throughput,automatic_accumulator,512,1,522,0.99734,3655.29179665616,2.735766649,0.0,0.0,0.0002
r,throughput,arxiv-r-throughput_10000,throughput,default_cagra,512,1,1044,0.99597,1895.0498479276544,5.276912773,0.0,0.0,0.0034
r,throughput,arxiv-r-throughput_10000,throughput,automatic_legacy,512,1,1044,0.98865,3605.0877201347034,2.773864438,0.0,0.0,0.0198
r,throughput,arxiv-r-throughput_10000,throughput,automatic_accumulator,512,1,1044,0.99757,3609.884795343236,2.770178753,0.0,0.0,0.0
r,throughput,arxiv-r-throughput_10000,throughput,default_cagra,512,1,2088,0.0,0.0,0.0,0.0,0.0,0.0
r,throughput,arxiv-r-throughput_10000,throughput,automatic_legacy,512,1,2088,0.0,0.0,0.0,0.0,0.0,0.0
r,throughput,arxiv-r-throughput_10000,throughput,automatic_accumulator,512,1,2088,0.0,0.0,0.0,0.0,0.0,0.0
r,throughput,arxiv-r-throughput_10000,throughput,default_cagra,512,1,4176,0.0,0.0,0.0,0.0,0.0,0.0
r,throughput,arxiv-r-throughput_10000,throughput,automatic_legacy,512,1,4176,0.0,0.0,0.0,0.0,0.0,0.0
r,throughput,arxiv-r-throughput_10000,throughput,automatic_accumulator,512,1,4176,0.0,0.0,0.0,0.0,0.0,0.0
r,throughput,arxiv-r-throughput_10000,throughput,default_cagra,512,1,7569,0.0,0.0,0.0,0.0,0.0,0.0
r,throughput,arxiv-r-throughput_10000,throughput,automatic_legacy,512,1,7569,0.0,0.0,0.0,0.0,0.0,0.0
r,throughput,arxiv-r-throughput_10000,throughput,automatic_accumulator,512,1,7569,0.0,0.0,0.0,0.0,0.0,0.0
r,throughput,arxiv-r-throughput_10000,throughput,default_cagra,512,2,0,0.99427,3575.6953797668452,2.796665479,0.0,0.0,0.0075
r,throughput,arxiv-r-throughput_10000,throughput,automatic_legacy,512,2,0,0.98851,3627.620435291285,2.756634087,0.0,0.0,0.02
r,throughput,arxiv-r-throughput_10000,throughput,automatic_accumulator,512,2,0,0.99734,3623.419964652611,2.759830368,0.0,0.0,0.0002
r,throughput,arxiv-r-throughput_10000,throughput,default_cagra,512,2,522,0.996,1882.572360699342,5.311888142,0.0,0.0,0.0034
r,throughput,arxiv-r-throughput_10000,throughput,automatic_legacy,512,2,522,0.98865,3593.8965072678016,2.782502763,0.0,0.0,0.0193
r,throughput,arxiv-r-throughput_10000,throughput,automatic_accumulator,512,2,522,0.99757,3584.151831690858,2.790068462,0.0,0.0,0.0
r,throughput,arxiv-r-throughput_10000,throughput,default_cagra,512,2,1044,0.0,0.0,0.0,0.0,0.0,0.0
r,throughput,arxiv-r-throughput_10000,throughput,automatic_legacy,512,2,1044,0.0,0.0,0.0,0.0,0.0,0.0
r,throughput,arxiv-r-throughput_10000,throughput,automatic_accumulator,512,2,1044,0.0,0.0,0.0,0.0,0.0,0.0
r,throughput,arxiv-r-throughput_10000,throughput,default_cagra,512,2,2088,0.0,0.0,0.0,0.0,0.0,0.0
r,throughput,arxiv-r-throughput_10000,throughput,automatic_legacy,512,2,2088,0.0,0.0,0.0,0.0,0.0,0.0
r,throughput,arxiv-r-throughput_10000,throughput,automatic_accumulator,512,2,2088,0.0,0.0,0.0,0.0,0.0,0.0
r,throughput,arxiv-r-throughput_10000,throughput,default_cagra,512,2,4176,0.0,0.0,0.0,0.0,0.0,0.0
r,throughput,arxiv-r-throughput_10000,throughput,automatic_legacy,512,2,4176,0.0,0.0,0.0,0.0,0.0,0.0
r,throughput,arxiv-r-throughput_10000,throughput,automatic_accumulator,512,2,4176,0.0,0.0,0.0,0.0,0.0,0.0
r,throughput,arxiv-r-throughput_10000,throughput,default_cagra,512,2,7569,0.0,0.0,0.0,0.0,0.0,0.0
r,throughput,arxiv-r-throughput_10000,throughput,automatic_legacy,512,2,7569,0.0,0.0,0.0,0.0,0.0,0.0
r,throughput,arxiv-r-throughput_10000,throughput,automatic_accumulator,512,2,7569,0.0,0.0,0.0,0.0,0.0,0.0
r,throughput,arxiv-r-throughput_10000,throughput,default_cagra,512,4,0,0.99432,3570.7988227972783,2.800500086,0.0,0.0,0.0073
r,throughput,arxiv-r-throughput_10000,throughput,automatic_legacy,512,4,0,0.98852,3668.484533431507,2.725928449,0.0,0.0,0.0194
r,throughput,arxiv-r-throughput_10000,throughput,automatic_accumulator,512,4,0,0.99735,3665.781800582252,2.727937972,0.0,0.0,0.0002
r,throughput,arxiv-r-throughput_10000,throughput,default_cagra,512,4,522,0.0,0.0,0.0,0.0,0.0,0.0
r,throughput,arxiv-r-throughput_10000,throughput,automatic_legacy,512,4,522,0.0,0.0,0.0,0.0,0.0,0.0
r,throughput,arxiv-r-throughput_10000,throughput,automatic_accumulator,512,4,522,0.0,0.0,0.0,0.0,0.0,0.0
r,throughput,arxiv-r-throughput_10000,throughput,default_cagra,512,4,1044,0.0,0.0,0.0,0.0,0.0,0.0
r,throughput,arxiv-r-throughput_10000,throughput,automatic_legacy,512,4,1044,0.0,0.0,0.0,0.0,0.0,0.0
r,throughput,arxiv-r-throughput_10000,throughput,automatic_accumulator,512,4,1044,0.0,0.0,0.0,0.0,0.0,0.0
r,throughput,arxiv-r-throughput_10000,throughput,default_cagra,512,4,2088,0.0,0.0,0.0,0.0,0.0,0.0
r,throughput,arxiv-r-throughput_10000,throughput,automatic_legacy,512,4,2088,0.0,0.0,0.0,0.0,0.0,0.0
r,throughput,arxiv-r-throughput_10000,throughput,automatic_accumulator,512,4,2088,0.0,0.0,0.0,0.0,0.0,0.0
r,throughput,arxiv-r-throughput_10000,throughput,default_cagra,512,4,4176,0.0,0.0,0.0,0.0,0.0,0.0
r,throughput,arxiv-r-throughput_10000,throughput,automatic_legacy,512,4,4176,0.0,0.0,0.0,0.0,0.0,0.0
r,throughput,arxiv-r-throughput_10000,throughput,automatic_accumulator,512,4,4176,0.0,0.0,0.0,0.0,0.0,0.0
r,throughput,arxiv-r-throughput_10000,throughput,default_cagra,512,4,7569,0.0,0.0,0.0,0.0,0.0,0.0
r,throughput,arxiv-r-throughput_10000,throughput,automatic_legacy,512,4,7569,0.0,0.0,0.0,0.0,0.0,0.0
r,throughput,arxiv-r-throughput_10000,throughput,automatic_accumulator,512,4,7569,0.0,0.0,0.0,0.0,0.0,0.0
