query_id,recall,iterations,resolved_max_iterations,stop_reason,terminal_valid,terminal_pass,terminal_reject,terminal_unexpanded_pass,terminal_unexpanded_reject,expanded_pass_parents,expanded_reject_parents,candidate_attempts,candidate_evaluations,candidate_duplicate_or_full,candidate_duplicates,candidate_hash_full,passing_candidates,rejected_candidates,penalized_candidates,accumulator_observations,accumulator_insertions,gt_seen_mask,output_count,hash_bitlen,small_hash_bitlen,small_hash_reset_interval,resolved_filtering_rate,reference_penalty,query_penalty,terminal_cutoff,best_unexpanded_distance,worst_retained_distance,kth_passing_raw_distance,navix_seed_found,navix_seed_iteration,navix_seed_count,navix_post_seed_iterations,navix_terminal_phase,navix_one_hop_parents,navix_directed_parents,navix_blind_parents,navix_first_hop_checks,navix_first_hop_passing,navix_bridge_rows,navix_bridge_rows_loaded,navix_bridge_rows_after_cap,navix_second_hop_checks,navix_second_hop_passing,navix_admitted_candidates,navix_cap_blocked_unique,navix_gt_first_hop_mask,navix_gt_second_hop_mask,navix_gt_admitted_mask,navix_gt_retained_mask,navix_gt_cap_blocked_mask,navix_gt_hash_full_mask,navix_gt_output_mask,navix_local_p_0,navix_local_p_1,navix_local_p_2,navix_local_p_3,navix_local_p_4,navix_local_p_5,navix_local_p_6,navix_local_p_7,navix_local_p_8,navix_local_p_9,navix_local_p_10,navix_local_p_11,navix_local_p_12,navix_local_p_13,navix_local_p_14,navix_local_p_15,navix_local_p_16,navix_local_p_17,navix_local_p_18,navix_local_p_19,navix_local_p_20,navix_local_p_21,navix_local_p_22,navix_local_p_23,navix_local_p_24,navix_local_p_25,navix_local_p_26,navix_local_p_27,navix_local_p_28,navix_local_p_29,navix_local_p_30,navix_local_p_31,navix_local_p_32,navix_local_p_33,navix_local_p_34,navix_local_p_35,navix_local_p_36,navix_local_p_37,navix_local_p_38,navix_local_p_39,navix_local_p_40,navix_local_p_41,navix_local_p_42,navix_local_p_43,navix_local_p_44,navix_local_p_45,navix_local_p_46,navix_local_p_47,navix_local_p_48,navix_local_p_49,navix_local_p_50,navix_local_p_51,navix_local_p_52,navix_local_p_53,navix_local_p_54,navix_local_p_55,navix_local_p_56,navix_local_p_57,navix_local_p_58,navix_local_p_59,navix_local_p_60,navix_local_p_61,navix_local_p_62,navix_local_p_63,navix_local_p_64,gt_first_iteration_0,gt_first_iteration_1,gt_first_iteration_2,gt_first_iteration_3,gt_first_iteration_4,gt_first_iteration_5,gt_first_iteration_6,gt_first_iteration_7,gt_first_iteration_8,gt_first_iteration_9
0,0.5,261,261,1,512,5,507,0,507,5,515,33280,9909,23371,23371,0,5,9904,0,0,0,31,5,17,0,1048576,0,0,0,inf,0.973129272,1.23799133,inf,0,0,0,0,0,0,0,0,0,0,0,0,0,0,0,0,0,0,0,0,0,0,0,31,0,0,0,0,0,0,0,0,0,0,0,0,0,0,0,0,0,0,0,0,0,0,0,0,0,0,0,0,0,0,0,0,0,0,0,0,0,0,0,0,0,0,0,0,0,0,0,0,0,0,0,0,0,0,0,0,0,0,0,0,0,0,0,0,0,4,4,4,3,3,4294967295,4294967295,4294967295,4294967295,4294967295
1,0.100000001,261,261,1,512,1,511,0,511,1,519,33280,10138,23142,23142,0,4,10134,0,0,0,23,1,17,0,1048576,0,0,0,inf,0.831329346,1.05004883,inf,0,0,0,0,0,0,0,0,0,0,0,0,0,0,0,0,0,0,0,0,0,0,0,1,0,0,0,0,0,0,0,0,0,0,0,0,0,0,0,0,0,0,0,0,0,0,0,0,0,0,0,0,0,0,0,0,0,0,0,0,0,0,0,0,0,0,0,0,0,0,0,0,0,0,0,0,0,0,0,0,0,0,0,0,0,0,0,0,0,9,16,104,4294967295,98,4294967295,4294967295,4294967295,4294967295,4294967295
2,0,261,261,1,512,0,512,0,512,0,520,33280,13801,19479,19479,0,0,13801,0,0,0,0,0,17,0,1048576,0,0,0,inf,0.67388916,0.870620728,inf,0,0,0,0,0,0,0,0,0,0,0,0,0,0,0,0,0,0,0,0,0,0,0,0,0,0,0,0,0,0,0,0,0,0,0,0,0,0,0,0,0,0,0,0,0,0,0,0,0,0,0,0,0,0,0,0,0,0,0,0,0,0,0,0,0,0,0,0,0,0,0,0,0,0,0,0,0,0,0,0,0,0,0,0,0,0,0,0,0,4294967295,4294967295,4294967295,4294967295,4294967295,4294967295,4294967295,4294967295,4294967295,4294967295
3,0,261,261,1,512,0,512,0,512,0,520,33280,10679,22601,22601,0,1,10678,0,0,0,1,0,17,0,1048576,0,0,0,inf,0.671508789,0.902770996,inf,0,0,0,0,0,0,0,0,0,0,0,0,0,0,0,0,0,0,0,0,0,0,0,0,0,0,0,0,0,0,0,0,0,0,0,0,0,0,0,0,0,0,0,0,0,0,0,0,0,0,0,0,0,0,0,0,0,0,0,0,0,0,0,0,0,0,0,0,0,0,0,0,0,0,0,0,0,0,0,0,0,0,0,0,0,0,0,0,0,145,4294967295,4294967295,4294967295,4294967295,4294967295,4294967295,4294967295,4294967295,4294967295
4,0.600000024,261,261,1,512,6,506,0,506,6,514,33280,19048,14232,14232,0,14,19034,0,0,0,511,6,17,0,1048576,0,0,0,inf,1.10551453,1.26701355,inf,0,0,0,0,0,0,0,0,0,0,0,0,0,0,0,0,0,0,0,0,0,0,0,63,0,0,0,0,0,0,0,0,0,0,0,0,0,0,0,0,0,0,0,0,0,0,0,0,0,0,0,0,0,0,0,0,0,0,0,0,0,0,0,0,0,0,0,0,0,0,0,0,0,0,0,0,0,0,0,0,0,0,0,0,0,0,0,0,0,4,3,3,3,2,6,70,3,51,4294967295
5,0.200000003,261,261,1,512,2,510,0,510,2,518,33280,15278,18002,18002,0,9,15269,0,0,0,575,2,17,0,1048576,0,0,0,inf,0.997406006,1.20266724,inf,0,0,0,0,0,0,0,0,0,0,0,0,0,0,0,0,0,0,0,0,0,0,0,3,0,0,0,0,0,0,0,0,0,0,0,0,0,0,0,0,0,0,0,0,0,0,0,0,0,0,0,0,0,0,0,0,0,0,0,0,0,0,0,0,0,0,0,0,0,0,0,0,0,0,0,0,0,0,0,0,0,0,0,0,0,0,0,0,0,17,8,4,116,17,17,4294967295,4294967295,4294967295,127
6,1,261,261,1,512,14,498,3,498,11,509,33280,8641,24639,24639,0,31,8610,0,0,0,1023,10,17,0,1048576,0,0,0,inf,0.673416138,1.01963806,0.648681641,0,0,0,0,0,0,0,0,0,0,0,0,0,0,0,0,0,0,0,0,0,0,0,1023,0,0,0,0,0,0,0,0,0,0,0,0,0,0,0,0,0,0,0,0,0,0,0,0,0,0,0,0,0,0,0,0,0,0,0,0,0,0,0,0,0,0,0,0,0,0,0,0,0,0,0,0,0,0,0,0,0,0,0,0,0,0,0,0,0,4,3,2,23,4,19,3,10,8,6
7,0,261,261,1,512,0,512,0,512,0,520,33280,13094,20186,20186,0,1,13093,0,0,0,0,0,17,0,1048576,0,0,0,inf,1.20643616,1.46861267,inf,0,0,0,0,0,0,0,0,0,0,0,0,0,0,0,0,0,0,0,0,0,0,0,0,0,0,0,0,0,0,0,0,0,0,0,0,0,0,0,0,0,0,0,0,0,0,0,0,0,0,0,0,0,0,0,0,0,0,0,0,0,0,0,0,0,0,0,0,0,0,0,0,0,0,0,0,0,0,0,0,0,0,0,0,0,0,0,0,0,4294967295,4294967295,4294967295,4294967295,4294967295,4294967295,4294967295,4294967295,4294967295,4294967295
8,0,261,261,1,512,0,512,0,512,0,520,33280,17737,15543,15543,0,0,17737,0,0,0,0,0,17,0,1048576,0,0,0,inf,1.01829529,1.15156555,inf,0,0,0,0,0,0,0,0,0,0,0,0,0,0,0,0,0,0,0,0,0,0,0,0,0,0,0,0,0,0,0,0,0,0,0,0,0,0,0,0,0,0,0,0,0,0,0,0,0,0,0,0,0,0,0,0,0,0,0,0,0,0,0,0,0,0,0,0,0,0,0,0,0,0,0,0,0,0,0,0,0,0,0,0,0,0,0,0,0,4294967295,4294967295,4294967295,4294967295,4294967295,4294967295,4294967295,4294967295,4294967295,4294967295
9,0.100000001,261,261,1,512,1,511,0,511,1,519,33280,21478,11802,11802,0,4,21474,0,0,0,515,1,17,0,1048576,0,0,0,inf,1.08460999,1.17366028,inf,0,0,0,0,0,0,0,0,0,0,0,0,0,0,0,0,0,0,0,0,0,0,0,1,0,0,0,0,0,0,0,0,0,0,0,0,0,0,0,0,0,0,0,0,0,0,0,0,0,0,0,0,0,0,0,0,0,0,0,0,0,0,0,0,0,0,0,0,0,0,0,0,0,0,0,0,0,0,0,0,0,0,0,0,0,0,0,0,0,29,30,4294967295,4294967295,4294967295,4294967295,4294967295,4294967295,4294967295,120
10,0,261,261,1,512,0,512,0,512,0,520,33280,19678,13602,13602,0,0,19678,0,0,0,0,0,17,0,1048576,0,0,0,inf,0.971313477,1.14102173,inf,0,0,0,0,0,0,0,0,0,0,0,0,0,0,0,0,0,0,0,0,0,0,0,0,0,0,0,0,0,0,0,0,0,0,0,0,0,0,0,0,0,0,0,0,0,0,0,0,0,0,0,0,0,0,0,0,0,0,0,0,0,0,0,0,0,0,0,0,0,0,0,0,0,0,0,0,0,0,0,0,0,0,0,0,0,0,0,0,0,4294967295,4294967295,4294967295,4294967295,4294967295,4294967295,4294967295,4294967295,4294967295,4294967295
11,0,261,261,1,512,0,512,0,512,0,520,33280,15926,17354,17354,0,6,15920,0,0,0,63,0,17,0,1048576,0,0,0,inf,0.898147583,1.19020081,inf,0,0,0,0,0,0,0,0,0,0,0,0,0,0,0,0,0,0,0,0,0,0,0,0,0,0,0,0,0,0,0,0,0,0,0,0,0,0,0,0,0,0,0,0,0,0,0,0,0,0,0,0,0,0,0,0,0,0,0,0,0,0,0,0,0,0,0,0,0,0,0,0,0,0,0,0,0,0,0,0,0,0,0,0,0,0,0,0,0,12,201,19,75,76,204,4294967295,4294967295,4294967295,4294967295
12,0,261,261,1,512,0,512,0,512,0,520,33280,26433,6847,6847,0,1,26432,0,0,0,1,0,17,0,1048576,0,0,0,inf,1.28131104,1.41601562,inf,0,0,0,0,0,0,0,0,0,0,0,0,0,0,0,0,0,0,0,0,0,0,0,0,0,0,0,0,0,0,0,0,0,0,0,0,0,0,0,0,0,0,0,0,0,0,0,0,0,0,0,0,0,0,0,0,0,0,0,0,0,0,0,0,0,0,0,0,0,0,0,0,0,0,0,0,0,0,0,0,0,0,0,0,0,0,0,0,0,110,4294967295,4294967295,4294967295,4294967295,4294967295,4294967295,4294967295,4294967295,4294967295
13,0,261,261,1,512,0,512,0,512,0,520,33280,10394,22886,22886,0,0,10394,0,0,0,0,0,17,0,1048576,0,0,0,inf,0.897415161,1.21315002,inf,0,0,0,0,0,0,0,0,0,0,0,0,0,0,0,0,0,0,0,0,0,0,0,0,0,0,0,0,0,0,0,0,0,0,0,0,0,0,0,0,0,0,0,0,0,0,0,0,0,0,0,0,0,0,0,0,0,0,0,0,0,0,0,0,0,0,0,0,0,0,0,0,0,0,0,0,0,0,0,0,0,0,0,0,0,0,0,0,0,4294967295,4294967295,4294967295,4294967295,4294967295,4294967295,4294967295,4294967295,4294967295,4294967295
14,0,261,261,1,512,0,512,0,512,0,520,33280,12578,20702,20702,0,0,12578,0,0,0,0,0,17,0,1048576,0,0,0,inf,0.86807251,1.06077576,inf,0,0,0,0,0,0,0,0,0,0,0,0,0,0,0,0,0,0,0,0,0,0,0,0,0,0,0,0,0,0,0,0,0,0,0,0,0,0,0,0,0,0,0,0,0,0,0,0,0,0,0,0,0,0,0,0,0,0,0,0,0,0,0,0,0,0,0,0,0,0,0,0,0,0,0,0,0,0,0,0,0,0,0,0,0,0,0,0,0,4294967295,4294967295,4294967295,4294967295,4294967295,4294967295,4294967295,4294967295,4294967295,4294967295
15,0,261,261,1,512,0,512,0,512,0,520,33280,6647,26633,26633,0,0,6647,0,0,0,0,0,17,0,1048576,0,0,0,inf,0.930496216,1.68814087,inf,0,0,0,0,0,0,0,0,0,0,0,0,0,0,0,0,0,0,0,0,0,0,0,0,0,0,0,0,0,0,0,0,0,0,0,0,0,0,0,0,0,0,0,0,0,0,0,0,0,0,0,0,0,0,0,0,0,0,0,0,0,0,0,0,0,0,0,0,0,0,0,0,0,0,0,0,0,0,0,0,0,0,0,0,0,0,0,0,0,4294967295,4294967295,4294967295,4294967295,4294967295,4294967295,4294967295,4294967295,4294967295,4294967295
16,0,261,261,1,512,0,512,0,512,0,520,33280,21985,11295,11295,0,1,21984,0,0,0,32,0,17,0,1048576,0,0,0,inf,0.864334106,1.02497864,inf,0,0,0,0,0,0,0,0,0,0,0,0,0,0,0,0,0,0,0,0,0,0,0,0,0,0,0,0,0,0,0,0,0,0,0,0,0,0,0,0,0,0,0,0,0,0,0,0,0,0,0,0,0,0,0,0,0,0,0,0,0,0,0,0,0,0,0,0,0,0,0,0,0,0,0,0,0,0,0,0,0,0,0,0,0,0,0,0,0,4294967295,4294967295,4294967295,4294967295,4294967295,199,4294967295,4294967295,4294967295,4294967295
17,0,261,261,1,512,0,512,0,512,0,520,33280,21151,12129,12129,0,0,21151,0,0,0,0,0,17,0,1048576,0,0,0,inf,1.08935547,1.23822021,inf,0,0,0,0,0,0,0,0,0,0,0,0,0,0,0,0,0,0,0,0,0,0,0,0,0,0,0,0,0,0,0,0,0,0,0,0,0,0,0,0,0,0,0,0,0,0,0,0,0,0,0,0,0,0,0,0,0,0,0,0,0,0,0,0,0,0,0,0,0,0,0,0,0,0,0,0,0,0,0,0,0,0,0,0,0,0,0,0,0,4294967295,4294967295,4294967295,4294967295,4294967295,4294967295,4294967295,4294967295,4294967295,4294967295
18,0.200000003,261,261,1,512,2,510,0,510,2,518,33280,12041,21239,21239,0,4,12037,0,0,0,23,2,17,0,1048576,0,0,0,inf,0.809432983,1.12332153,inf,0,0,0,0,0,0,0,0,0,0,0,0,0,0,0,0,0,0,0,0,0,0,0,3,0,0,0,0,0,0,0,0,0,0,0,0,0,0,0,0,0,0,0,0,0,0,0,0,0,0,0,0,0,0,0,0,0,0,0,0,0,0,0,0,0,0,0,0,0,0,0,0,0,0,0,0,0,0,0,0,0,0,0,0,0,0,0,0,0,15,14,6,4294967295,166,4294967295,4294967295,4294967295,4294967295,4294967295
19,0,261,261,1,512,0,512,0,512,0,520,33280,10303,22977,22977,0,9,10294,0,0,0,815,0,17,0,1048576,0,0,0,inf,0.806594849,1.03726196,inf,0,0,0,0,0,0,0,0,0,0,0,0,0,0,0,0,0,0,0,0,0,0,0,0,0,0,0,0,0,0,0,0,0,0,0,0,0,0,0,0,0,0,0,0,0,0,0,0,0,0,0,0,0,0,0,0,0,0,0,0,0,0,0,0,0,0,0,0,0,0,0,0,0,0,0,0,0,0,0,0,0,0,0,0,0,0,0,0,0,12,19,51,62,4294967295,61,4294967295,4294967295,206,123
20,0.100000001,261,261,1,512,1,511,0,511,1,519,33280,17913,15367,15367,0,9,17904,0,0,0,127,1,17,0,1048576,0,0,0,inf,0.939178467,1.10134888,inf,0,0,0,0,0,0,0,0,0,0,0,0,0,0,0,0,0,0,0,0,0,0,0,1,0,0,0,0,0,0,0,0,0,0,0,0,0,0,0,0,0,0,0,0,0,0,0,0,0,0,0,0,0,0,0,0,0,0,0,0,0,0,0,0,0,0,0,0,0,0,0,0,0,0,0,0,0,0,0,0,0,0,0,0,0,0,0,0,0,15,9,194,85,163,15,15,4294967295,4294967295,4294967295
21,0.400000006,261,261,1,512,4,508,2,508,2,518,33280,18216,15064,15064,0,6,18210,0,0,0,63,4,17,0,1048576,0,0,0,inf,0.924789429,1.13726807,inf,0,0,0,0,0,0,0,0,0,0,0,0,0,0,0,0,0,0,0,0,0,0,0,15,0,0,0,0,0,0,0,0,0,0,0,0,0,0,0,0,0,0,0,0,0,0,0,0,0,0,0,0,0,0,0,0,0,0,0,0,0,0,0,0,0,0,0,0,0,0,0,0,0,0,0,0,0,0,0,0,0,0,0,0,0,0,0,0,0,10,9,11,29,11,11,4294967295,4294967295,4294967295,4294967295
22,0,261,261,1,512,0,512,0,512,0,520,33280,18998,14282,14282,0,1,18997,0,0,0,1,0,17,0,1048576,0,0,0,inf,0.870895386,1.06303406,inf,0,0,0,0,0,0,0,0,0,0,0,0,0,0,0,0,0,0,0,0,0,0,0,0,0,0,0,0,0,0,0,0,0,0,0,0,0,0,0,0,0,0,0,0,0,0,0,0,0,0,0,0,0,0,0,0,0,0,0,0,0,0,0,0,0,0,0,0,0,0,0,0,0,0,0,0,0,0,0,0,0,0,0,0,0,0,0,0,0,205,4294967295,4294967295,4294967295,4294967295,4294967295,4294967295,4294967295,4294967295,4294967295
23,0.100000001,261,261,1,512,1,511,1,511,0,520,33280,16812,16468,16468,0,1,16811,0,0,0,1,1,17,0,1048576,0,0,0,inf,0.822296143,1.01661682,inf,0,0,0,0,0,0,0,0,0,0,0,0,0,0,0,0,0,0,0,0,0,0,0,1,0,0,0,0,0,0,0,0,0,0,0,0,0,0,0,0,0,0,0,0,0,0,0,0,0,0,0,0,0,0,0,0,0,0,0,0,0,0,0,0,0,0,0,0,0,0,0,0,0,0,0,0,0,0,0,0,0,0,0,0,0,0,0,0,0,12,4294967295,4294967295,4294967295,4294967295,4294967295,4294967295,4294967295,4294967295,4294967295
24,0,261,261,1,512,0,512,0,512,0,520,33280,11289,21991,21991,0,0,11289,0,0,0,0,0,17,0,1048576,0,0,0,inf,0.955200195,1.1557312,inf,0,0,0,0,0,0,0,0,0,0,0,0,0,0,0,0,0,0,0,0,0,0,0,0,0,0,0,0,0,0,0,0,0,0,0,0,0,0,0,0,0,0,0,0,0,0,0,0,0,0,0,0,0,0,0,0,0,0,0,0,0,0,0,0,0,0,0,0,0,0,0,0,0,0,0,0,0,0,0,0,0,0,0,0,0,0,0,0,0,4294967295,4294967295,4294967295,4294967295,4294967295,4294967295,4294967295,4294967295,4294967295,4294967295
25,0,261,261,1,512,0,512,0,512,0,520,33280,23244,10036,10036,0,1,23243,0,0,0,0,0,17,0,1048576,0,0,0,inf,0.960876465,1.11134338,inf,0,0,0,0,0,0,0,0,0,0,0,0,0,0,0,0,0,0,0,0,0,0,0,0,0,0,0,0,0,0,0,0,0,0,0,0,0,0,0,0,0,0,0,0,0,0,0,0,0,0,0,0,0,0,0,0,0,0,0,0,0,0,0,0,0,0,0,0,0,0,0,0,0,0,0,0,0,0,0,0,0,0,0,0,0,0,0,0,0,4294967295,4294967295,4294967295,4294967295,4294967295,4294967295,4294967295,4294967295,4294967295,4294967295
26,1,261,261,1,512,14,498,3,498,11,509,33280,13044,20236,20236,0,33,13011,0,0,0,1023,10,17,0,1048576,0,0,0,inf,0.618911743,0.888656616,0.570297241,0,0,0,0,0,0,0,0,0,0,0,0,0,0,0,0,0,0,0,0,0,0,0,1023,0,0,0,0,0,0,0,0,0,0,0,0,0,0,0,0,0,0,0,0,0,0,0,0,0,0,0,0,0,0,0,0,0,0,0,0,0,0,0,0,0,0,0,0,0,0,0,0,0,0,0,0,0,0,0,0,0,0,0,0,0,0,0,0,0,2,2,2,56,15,10,6,10,13,25
27,0,261,261,1,512,0,512,0,512,0,520,33280,14791,18489,18489,0,0,14791,0,0,0,0,0,17,0,1048576,0,0,0,inf,1.02380371,1.22483826,inf,0,0,0,0,0,0,0,0,0,0,0,0,0,0,0,0,0,0,0,0,0,0,0,0,0,0,0,0,0,0,0,0,0,0,0,0,0,0,0,0,0,0,0,0,0,0,0,0,0,0,0,0,0,0,0,0,0,0,0,0,0,0,0,0,0,0,0,0,0,0,0,0,0,0,0,0,0,0,0,0,0,0,0,0,0,0,0,0,0,4294967295,4294967295,4294967295,4294967295,4294967295,4294967295,4294967295,4294967295,4294967295,4294967295
28,0,261,261,1,512,0,512,0,512,0,520,33280,19943,13337,13337,0,0,19943,0,0,0,0,0,17,0,1048576,0,0,0,inf,0.878997803,1.01219177,inf,0,0,0,0,0,0,0,0,0,0,0,0,0,0,0,0,0,0,0,0,0,0,0,0,0,0,0,0,0,0,0,0,0,0,0,0,0,0,0,0,0,0,0,0,0,0,0,0,0,0,0,0,0,0,0,0,0,0,0,0,0,0,0,0,0,0,0,0,0,0,0,0,0,0,0,0,0,0,0,0,0,0,0,0,0,0,0,0,0,4294967295,4294967295,4294967295,4294967295,4294967295,4294967295,4294967295,4294967295,4294967295,4294967295
29,0.5,261,261,1,512,5,507,0,507,5,515,33280,13505,19775,19775,0,5,13500,0,0,0,31,5,17,0,1048576,0,0,0,inf,0.677444458,0.849807739,inf,0,0,0,0,0,0,0,0,0,0,0,0,0,0,0,0,0,0,0,0,0,0,0,31,0,0,0,0,0,0,0,0,0,0,0,0,0,0,0,0,0,0,0,0,0,0,0,0,0,0,0,0,0,0,0,0,0,0,0,0,0,0,0,0,0,0,0,0,0,0,0,0,0,0,0,0,0,0,0,0,0,0,0,0,0,0,0,0,0,2,2,2,1,1,4294967295,4294967295,4294967295,4294967295,4294967295
30,0.400000006,261,261,1,512,4,508,0,508,4,516,33280,20606,12674,12674,0,4,20602,0,0,0,15,4,17,0,1048576,0,0,0,inf,1.09719849,1.24291992,inf,0,0,0,0,0,0,0,0,0,0,0,0,0,0,0,0,0,0,0,0,0,0,0,15,0,0,0,0,0,0,0,0,0,0,0,0,0,0,0,0,0,0,0,0,0,0,0,0,0,0,0,0,0,0,0,0,0,0,0,0,0,0,0,0,0,0,0,0,0,0,0,0,0,0,0,0,0,0,0,0,0,0,0,0,0,0,0,0,0,4,4,5,33,4294967295,4294967295,4294967295,4294967295,4294967295,4294967295
31,0.300000012,261,261,1,512,3,509,1,509,2,518,33280,20643,12637,12637,0,16,20627,0,0,0,1023,3,17,0,1048576,0,0,0,inf,0.983398438,1.11030579,inf,0,0,0,0,0,0,0,0,0,0,0,0,0,0,0,0,0,0,0,0,0,0,0,7,0,0,0,0,0,0,0,0,0,0,0,0,0,0,0,0,0,0,0,0,0,0,0,0,0,0,0,0,0,0,0,0,0,0,0,0,0,0,0,0,0,0,0,0,0,0,0,0,0,0,0,0,0,0,0,0,0,0,0,0,0,0,0,0,0,15,60,13,5,107,30,4,4,89,199
32,0.600000024,261,261,1,512,7,505,2,505,5,515,33280,16634,16646,16646,0,29,16605,0,0,0,1023,7,17,0,1048576,0,0,0,inf,1.31558228,1.5927887,inf,0,0,0,0,0,0,0,0,0,0,0,0,0,0,0,0,0,0,0,0,0,0,0,63,0,0,0,0,0,0,0,0,0,0,0,0,0,0,0,0,0,0,0,0,0,0,0,0,0,0,0,0,0,0,0,0,0,0,0,0,0,0,0,0,0,0,0,0,0,0,0,0,0,0,0,0,0,0,0,0,0,0,0,0,0,0,0,0,0,5,4,5,4,7,5,5,15,15,11
33,0.100000001,261,261,1,512,1,511,1,511,0,520,33280,20699,12581,12581,0,5,20694,0,0,0,15,1,17,0,1048576,0,0,0,inf,0.649475098,0.756256104,inf,0,0,0,0,0,0,0,0,0,0,0,0,0,0,0,0,0,0,0,0,0,0,0,1,0,0,0,0,0,0,0,0,0,0,0,0,0,0,0,0,0,0,0,0,0,0,0,0,0,0,0,0,0,0,0,0,0,0,0,0,0,0,0,0,0,0,0,0,0,0,0,0,0,0,0,0,0,0,0,0,0,0,0,0,0,0,0,0,0,9,162,104,236,4294967295,4294967295,4294967295,4294967295,4294967295,4294967295
34,0,261,261,1,512,0,512,0,512,0,520,33280,19150,14130,14130,0,0,19150,0,0,0,0,0,17,0,1048576,0,0,0,inf,0.806228638,0.961578369,inf,0,0,0,0,0,0,0,0,0,0,0,0,0,0,0,0,0,0,0,0,0,0,0,0,0,0,0,0,0,0,0,0,0,0,0,0,0,0,0,0,0,0,0,0,0,0,0,0,0,0,0,0,0,0,0,0,0,0,0,0,0,0,0,0,0,0,0,0,0,0,0,0,0,0,0,0,0,0,0,0,0,0,0,0,0,0,0,0,0,4294967295,4294967295,4294967295,4294967295,4294967295,4294967295,4294967295,4294967295,4294967295,4294967295
35,0,261,261,1,512,0,512,0,512,0,520,33280,13587,19693,19693,0,0,13587,0,0,0,0,0,17,0,1048576,0,0,0,inf,0.505447388,0.646026611,inf,0,0,0,0,0,0,0,0,0,0,0,0,0,0,0,0,0,0,0,0,0,0,0,0,0,0,0,0,0,0,0,0,0,0,0,0,0,0,0,0,0,0,0,0,0,0,0,0,0,0,0,0,0,0,0,0,0,0,0,0,0,0,0,0,0,0,0,0,0,0,0,0,0,0,0,0,0,0,0,0,0,0,0,0,0,0,0,0,0,4294967295,4294967295,4294967295,4294967295,4294967295,4294967295,4294967295,4294967295,4294967295,4294967295
36,0.100000001,261,261,1,512,1,511,1,511,0,520,33280,12976,20304,20304,0,1,12975,0,0,0,1,1,17,0,1048576,0,0,0,inf,0.583435059,0.676055908,inf,0,0,0,0,0,0,0,0,0,0,0,0,0,0,0,0,0,0,0,0,0,0,0,1,0,0,0,0,0,0,0,0,0,0,0,0,0,0,0,0,0,0,0,0,0,0,0,0,0,0,0,0,0,0,0,0,0,0,0,0,0,0,0,0,0,0,0,0,0,0,0,0,0,0,0,0,0,0,0,0,0,0,0,0,0,0,0,0,0,5,4294967295,4294967295,4294967295,4294967295,4294967295,4294967295,4294967295,4294967295,4294967295
37,0,261,261,1,512,0,512,0,512,0,520,33280,24456,8824,8824,0,1,24455,0,0,0,1,0,17,0,1048576,0,0,0,inf,1.1625824,1.27656555,inf,0,0,0,0,0,0,0,0,0,0,0,0,0,0,0,0,0,0,0,0,0,0,0,0,0,0,0,0,0,0,0,0,0,0,0,0,0,0,0,0,0,0,0,0,0,0,0,0,0,0,0,0,0,0,0,0,0,0,0,0,0,0,0,0,0,0,0,0,0,0,0,0,0,0,0,0,0,0,0,0,0,0,0,0,0,0,0,0,0,43,4294967295,4294967295,4294967295,4294967295,4294967295,4294967295,4294967295,4294967295,4294967295
38,0,261,261,1,512,0,512,0,512,0,520,33280,13055,20225,20225,0,0,13055,0,0,0,0,0,17,0,1048576,0,0,0,inf,1.09223938,1.27983093,inf,0,0,0,0,0,0,0,0,0,0,0,0,0,0,0,0,0,0,0,0,0,0,0,0,0,0,0,0,0,0,0,0,0,0,0,0,0,0,0,0,0,0,0,0,0,0,0,0,0,0,0,0,0,0,0,0,0,0,0,0,0,0,0,0,0,0,0,0,0,0,0,0,0,0,0,0,0,0,0,0,0,0,0,0,0,0,0,0,0,4294967295,4294967295,4294967295,4294967295,4294967295,4294967295,4294967295,4294967295,4294967295,4294967295
39,0,261,261,1,512,0,512,0,512,0,520,33280,21261,12019,12019,0,0,21261,0,0,0,0,0,17,0,1048576,0,0,0,inf,1.13038635,1.27380371,inf,0,0,0,0,0,0,0,0,0,0,0,0,0,0,0,0,0,0,0,0,0,0,0,0,0,0,0,0,0,0,0,0,0,0,0,0,0,0,0,0,0,0,0,0,0,0,0,0,0,0,0,0,0,0,0,0,0,0,0,0,0,0,0,0,0,0,0,0,0,0,0,0,0,0,0,0,0,0,0,0,0,0,0,0,0,0,0,0,0,4294967295,4294967295,4294967295,4294967295,4294967295,4294967295,4294967295,4294967295,4294967295,4294967295
40,0.200000003,261,261,1,512,2,510,1,510,1,519,33280,13627,19653,19653,0,3,13624,0,0,0,7,2,17,0,1048576,0,0,0,inf,0.934509277,1.2719574,inf,0,0,0,0,0,0,0,0,0,0,0,0,0,0,0,0,0,0,0,0,0,0,0,3,0,0,0,0,0,0,0,0,0,0,0,0,0,0,0,0,0,0,0,0,0,0,0,0,0,0,0,0,0,0,0,0,0,0,0,0,0,0,0,0,0,0,0,0,0,0,0,0,0,0,0,0,0,0,0,0,0,0,0,0,0,0,0,0,0,3,38,92,4294967295,4294967295,4294967295,4294967295,4294967295,4294967295,4294967295
41,0.300000012,261,261,1,512,3,509,1,509,2,518,33280,7664,25616,25616,0,15,7649,0,0,0,1023,3,17,0,1048576,0,0,0,inf,0.586135864,0.874511719,inf,0,0,0,0,0,0,0,0,0,0,0,0,0,0,0,0,0,0,0,0,0,0,0,19,0,0,0,0,0,0,0,0,0,0,0,0,0,0,0,0,0,0,0,0,0,0,0,0,0,0,0,0,0,0,0,0,0,0,0,0,0,0,0,0,0,0,0,0,0,0,0,0,0,0,0,0,0,0,0,0,0,0,0,0,0,0,0,0,0,4,6,5,3,132,104,49,46,59,241
42,0.100000001,261,261,1,512,1,511,1,511,0,520,33280,10200,23080,23080,0,5,10195,0,0,0,395,1,17,0,1048576,0,0,0,inf,1.05754089,1.37239075,inf,0,0,0,0,0,0,0,0,0,0,0,0,0,0,0,0,0,0,0,0,0,0,0,2,0,0,0,0,0,0,0,0,0,0,0,0,0,0,0,0,0,0,0,0,0,0,0,0,0,0,0,0,0,0,0,0,0,0,0,0,0,0,0,0,0,0,0,0,0,0,0,0,0,0,0,0,0,0,0,0,0,0,0,0,0,0,0,0,0,147,252,4294967295,104,4294967295,4294967295,4294967295,252,252,4294967295
43,0.200000003,261,261,1,512,2,510,1,510,1,519,33280,11303,21977,21977,0,5,11298,0,0,0,79,2,17,0,1048576,0,0,0,inf,0.750518799,0.939483643,inf,0,0,0,0,0,0,0,0,0,0,0,0,0,0,0,0,0,0,0,0,0,0,0,3,0,0,0,0,0,0,0,0,0,0,0,0,0,0,0,0,0,0,0,0,0,0,0,0,0,0,0,0,0,0,0,0,0,0,0,0,0,0,0,0,0,0,0,0,0,0,0,0,0,0,0,0,0,0,0,0,0,0,0,0,0,0,0,0,0,1,68,54,46,4294967295,4294967295,213,4294967295,4294967295,4294967295
44,0,261,261,1,512,0,512,0,512,0,520,33280,14000,19280,19280,0,1,13999,0,0,0,1,0,17,0,1048576,0,0,0,inf,0.986312866,1.20243835,inf,0,0,0,0,0,0,0,0,0,0,0,0,0,0,0,0,0,0,0,0,0,0,0,0,0,0,0,0,0,0,0,0,0,0,0,0,0,0,0,0,0,0,0,0,0,0,0,0,0,0,0,0,0,0,0,0,0,0,0,0,0,0,0,0,0,0,0,0,0,0,0,0,0,0,0,0,0,0,0,0,0,0,0,0,0,0,0,0,0,126,4294967295,4294967295,4294967295,4294967295,4294967295,4294967295,4294967295,4294967295,4294967295
45,0.5,261,261,1,512,5,507,2,507,3,517,33280,20675,12605,12605,0,26,20649,0,0,0,1023,5,17,0,1048576,0,0,0,inf,1.30010986,1.44659424,inf,0,0,0,0,0,0,0,0,0,0,0,0,0,0,0,0,0,0,0,0,0,0,0,143,0,0,0,0,0,0,0,0,0,0,0,0,0,0,0,0,0,0,0,0,0,0,0,0,0,0,0,0,0,0,0,0,0,0,0,0,0,0,0,0,0,0,0,0,0,0,0,0,0,0,0,0,0,0,0,0,0,0,0,0,0,0,0,0,0,8,38,30,25,60,85,25,190,93,6
46,0.100000001,261,261,1,512,1,511,0,511,1,519,33280,12745,20535,20535,0,3,12742,0,0,0,7,1,17,0,1048576,0,0,0,inf,0.66053772,0.832443237,inf,0,0,0,0,0,0,0,0,0,0,0,0,0,0,0,0,0,0,0,0,0,0,0,1,0,0,0,0,0,0,0,0,0,0,0,0,0,0,0,0,0,0,0,0,0,0,0,0,0,0,0,0,0,0,0,0,0,0,0,0,0,0,0,0,0,0,0,0,0,0,0,0,0,0,0,0,0,0,0,0,0,0,0,0,0,0,0,0,0,5,35,35,4294967295,4294967295,4294967295,4294967295,4294967295,4294967295,4294967295
47,0,261,261,1,512,0,512,0,512,0,520,33280,20009,13271,13271,0,0,20009,0,0,0,0,0,17,0,1048576,0,0,0,inf,1.00656128,1.15296936,inf,0,0,0,0,0,0,0,0,0,0,0,0,0,0,0,0,0,0,0,0,0,0,0,0,0,0,0,0,0,0,0,0,0,0,0,0,0,0,0,0,0,0,0,0,0,0,0,0,0,0,0,0,0,0,0,0,0,0,0,0,0,0,0,0,0,0,0,0,0,0,0,0,0,0,0,0,0,0,0,0,0,0,0,0,0,0,0,0,0,4294967295,4294967295,4294967295,4294967295,4294967295,4294967295,4294967295,4294967295,4294967295,4294967295
48,0,261,261,1,512,0,512,0,512,0,520,33280,20740,12540,12540,0,0,20740,0,0,0,0,0,17,0,1048576,0,0,0,inf,1.31291199,1.4445343,inf,0,0,0,0,0,0,0,0,0,0,0,0,0,0,0,0,0,0,0,0,0,0,0,0,0,0,0,0,0,0,0,0,0,0,0,0,0,0,0,0,0,0,0,0,0,0,0,0,0,0,0,0,0,0,0,0,0,0,0,0,0,0,0,0,0,0,0,0,0,0,0,0,0,0,0,0,0,0,0,0,0,0,0,0,0,0,0,0,0,4294967295,4294967295,4294967295,4294967295,4294967295,4294967295,4294967295,4294967295,4294967295,4294967295
49,0.100000001,261,261,1,512,1,511,0,511,1,519,33280,10899,22381,22381,0,1,10898,0,0,0,1,1,17,0,1048576,0,0,0,inf,0.676620483,0.932174683,inf,0,0,0,0,0,0,0,0,0,0,0,0,0,0,0,0,0,0,0,0,0,0,0,1,0,0,0,0,0,0,0,0,0,0,0,0,0,0,0,0,0,0,0,0,0,0,0,0,0,0,0,0,0,0,0,0,0,0,0,0,0,0,0,0,0,0,0,0,0,0,0,0,0,0,0,0,0,0,0,0,0,0,0,0,0,0,0,0,0,2,4294967295,4294967295,4294967295,4294967295,4294967295,4294967295,4294967295,4294967295,4294967295
50,0,261,261,1,512,0,512,0,512,0,520,33280,20120,13160,13160,0,0,20120,0,0,0,0,0,17,0,1048576,0,0,0,inf,0.762069702,0.924087524,inf,0,0,0,0,0,0,0,0,0,0,0,0,0,0,0,0,0,0,0,0,0,0,0,0,0,0,0,0,0,0,0,0,0,0,0,0,0,0,0,0,0,0,0,0,0,0,0,0,0,0,0,0,0,0,0,0,0,0,0,0,0,0,0,0,0,0,0,0,0,0,0,0,0,0,0,0,0,0,0,0,0,0,0,0,0,0,0,0,0,4294967295,4294967295,4294967295,4294967295,4294967295,4294967295,4294967295,4294967295,4294967295,4294967295
51,0,261,261,1,512,0,512,0,512,0,520,33280,12214,21066,21066,0,1,12213,0,0,0,4,0,17,0,1048576,0,0,0,inf,0.6587677,0.837753296,inf,0,0,0,0,0,0,0,0,0,0,0,0,0,0,0,0,0,0,0,0,0,0,0,0,0,0,0,0,0,0,0,0,0,0,0,0,0,0,0,0,0,0,0,0,0,0,0,0,0,0,0,0,0,0,0,0,0,0,0,0,0,0,0,0,0,0,0,0,0,0,0,0,0,0,0,0,0,0,0,0,0,0,0,0,0,0,0,0,0,4294967295,4294967295,127,4294967295,4294967295,4294967295,4294967295,4294967295,4294967295,4294967295
52,0,261,261,1,512,0,512,0,512,0,520,33280,8656,24624,24624,0,5,8651,0,0,0,577,0,17,0,1048576,0,0,0,inf,0.912475586,1.31150818,inf,0,0,0,0,0,0,0,0,0,0,0,0,0,0,0,0,0,0,0,0,0,0,0,0,0,0,0,0,0,0,0,0,0,0,0,0,0,0,0,0,0,0,0,0,0,0,0,0,0,0,0,0,0,0,0,0,0,0,0,0,0,0,0,0,0,0,0,0,0,0,0,0,0,0,0,0,0,0,0,0,0,0,0,0,0,0,0,0,0,17,4294967295,4294967295,4294967295,4294967295,4294967295,252,4294967295,4294967295,89
53,0.5,261,261,1,512,5,507,3,507,2,518,33280,9633,23647,23647,0,14,9619,0,0,0,511,5,17,0,1048576,0,0,0,inf,0.934280396,1.31018066,inf,0,0,0,0,0,0,0,0,0,0,0,0,0,0,0,0,0,0,0,0,0,0,0,87,0,0,0,0,0,0,0,0,0,0,0,0,0,0,0,0,0,0,0,0,0,0,0,0,0,0,0,0,0,0,0,0,0,0,0,0,0,0,0,0,0,0,0,0,0,0,0,0,0,0,0,0,0,0,0,0,0,0,0,0,0,0,0,0,0,2,14,95,37,108,60,220,66,150,4294967295
54,0.300000012,261,261,1,512,3,509,2,509,1,519,33280,20643,12637,12637,0,33,20610,0,0,0,511,3,17,0,1048576,0,0,0,inf,1.0368042,1.18450928,inf,0,0,0,0,0,0,0,0,0,0,0,0,0,0,0,0,0,0,0,0,0,0,0,21,0,0,0,0,0,0,0,0,0,0,0,0,0,0,0,0,0,0,0,0,0,0,0,0,0,0,0,0,0,0,0,0,0,0,0,0,0,0,0,0,0,0,0,0,0,0,0,0,0,0,0,0,0,0,0,0,0,0,0,0,0,0,0,0,0,37,31,96,82,215,179,157,1,19,4294967295
55,0.300000012,261,261,1,512,3,509,1,509,2,518,33280,14250,19030,19030,0,29,14221,0,0,0,895,3,17,0,1048576,0,0,0,inf,1.53684998,1.79859924,inf,0,0,0,0,0,0,0,0,0,0,0,0,0,0,0,0,0,0,0,0,0,0,0,11,0,0,0,0,0,0,0,0,0,0,0,0,0,0,0,0,0,0,0,0,0,0,0,0,0,0,0,0,0,0,0,0,0,0,0,0,0,0,0,0,0,0,0,0,0,0,0,0,0,0,0,0,0,0,0,0,0,0,0,0,0,0,0,0,0,9,140,26,143,85,85,102,4294967295,237,11
56,0.200000003,261,261,1,512,2,510,1,510,1,519,33280,7934,25346,25346,0,2,7932,0,0,0,3,2,17,0,1048576,0,0,0,inf,0.577102661,0.820800781,inf,0,0,0,0,0,0,0,0,0,0,0,0,0,0,0,0,0,0,0,0,0,0,0,3,0,0,0,0,0,0,0,0,0,0,0,0,0,0,0,0,0,0,0,0,0,0,0,0,0,0,0,0,0,0,0,0,0,0,0,0,0,0,0,0,0,0,0,0,0,0,0,0,0,0,0,0,0,0,0,0,0,0,0,0,0,0,0,0,0,3,124,4294967295,4294967295,4294967295,4294967295,4294967295,4294967295,4294967295,4294967295
57,1,261,261,1,512,27,485,11,485,17,503,33280,20268,13012,13012,0,356,19912,0,0,0,1023,10,17,0,1048576,0,0,0,inf,0.865280151,0.992767334,0.838241577,0,0,0,0,0,0,0,0,0,0,0,0,0,0,0,0,0,0,0,0,0,0,0,1023,0,0,0,0,0,0,0,0,0,0,0,0,0,0,0,0,0,0,0,0,0,0,0,0,0,0,0,0,0,0,0,0,0,0,0,0,0,0,0,0,0,0,0,0,0,0,0,0,0,0,0,0,0,0,0,0,0,0,0,0,0,0,0,0,0,14,13,10,16,20,168,41,15,84,26
58,0.5,261,261,1,512,8,504,5,504,3,517,33280,8272,25008,25008,0,43,8229,0,0,0,1023,8,17,0,1048576,0,0,0,inf,0.713806152,1.04832458,inf,0,0,0,0,0,0,0,0,0,0,0,0,0,0,0,0,0,0,0,0,0,0,0,271,0,0,0,0,0,0,0,0,0,0,0,0,0,0,0,0,0,0,0,0,0,0,0,0,0,0,0,0,0,0,0,0,0,0,0,0,0,0,0,0,0,0,0,0,0,0,0,0,0,0,0,0,0,0,0,0,0,0,0,0,0,0,0,0,0,10,11,6,34,13,9,15,2,111,10
59,0,261,261,1,512,0,512,0,512,1,519,33280,16966,16314,16314,0,28,16938,0,0,0,210,0,17,0,1048576,0,0,0,inf,1.42608643,1.61613464,inf,0,0,0,0,0,0,0,0,0,0,0,0,0,0,0,0,0,0,0,0,0,0,0,0,0,0,0,0,0,0,0,0,0,0,0,0,0,0,0,0,0,0,0,0,0,0,0,0,0,0,0,0,0,0,0,0,0,0,0,0,0,0,0,0,0,0,0,0,0,0,0,0,0,0,0,0,0,0,0,0,0,0,0,0,0,0,0,0,0,4294967295,108,4294967295,4294967295,165,4294967295,23,47,4294967295,4294967295
60,0.200000003,261,261,1,512,2,510,1,510,1,519,33280,12700,20580,20580,0,13,12687,0,0,0,1023,2,17,0,1048576,0,0,0,inf,1.28417969,1.5383606,inf,0,0,0,0,0,0,0,0,0,0,0,0,0,0,0,0,0,0,0,0,0,0,0,3,0,0,0,0,0,0,0,0,0,0,0,0,0,0,0,0,0,0,0,0,0,0,0,0,0,0,0,0,0,0,0,0,0,0,0,0,0,0,0,0,0,0,0,0,0,0,0,0,0,0,0,0,0,0,0,0,0,0,0,0,0,0,0,0,0,5,104,42,73,45,163,125,104,104,189
61,0,261,261,1,512,0,512,0,512,0,520,33280,17268,16012,16012,0,0,17268,0,0,0,0,0,17,0,1048576,0,0,0,inf,0.650497437,0.797912598,inf,0,0,0,0,0,0,0,0,0,0,0,0,0,0,0,0,0,0,0,0,0,0,0,0,0,0,0,0,0,0,0,0,0,0,0,0,0,0,0,0,0,0,0,0,0,0,0,0,0,0,0,0,0,0,0,0,0,0,0,0,0,0,0,0,0,0,0,0,0,0,0,0,0,0,0,0,0,0,0,0,0,0,0,0,0,0,0,0,0,4294967295,4294967295,4294967295,4294967295,4294967295,4294967295,4294967295,4294967295,4294967295,4294967295
62,0.699999988,261,261,1,512,9,503,7,503,2,518,33280,16162,17118,17118,0,67,16095,0,0,0,1023,9,17,0,1048576,0,0,0,inf,1.22952271,1.48480225,inf,0,0,0,0,0,0,0,0,0,0,0,0,0,0,0,0,0,0,0,0,0,0,0,575,0,0,0,0,0,0,0,0,0,0,0,0,0,0,0,0,0,0,0,0,0,0,0,0,0,0,0,0,0,0,0,0,0,0,0,0,0,0,0,0,0,0,0,0,0,0,0,0,0,0,0,0,0,0,0,0,0,0,0,0,0,0,0,0,0,37,58,21,9,38,28,78,2,5,171
63,0,261,261,1,512,0,512,0,512,0,520,33280,19217,14063,14063,0,3,19214,0,0,0,49,0,17,0,1048576,0,0,0,inf,0.66696167,0.820205688,inf,0,0,0,0,0,0,0,0,0,0,0,0,0,0,0,0,0,0,0,0,0,0,0,0,0,0,0,0,0,0,0,0,0,0,0,0,0,0,0,0,0,0,0,0,0,0,0,0,0,0,0,0,0,0,0,0,0,0,0,0,0,0,0,0,0,0,0,0,0,0,0,0,0,0,0,0,0,0,0,0,0,0,0,0,0,0,0,0,0,101,4294967295,4294967295,4294967295,99,110,4294967295,4294967295,4294967295,4294967295
64,0.300000012,261,261,1,512,3,509,2,509,1,519,33280,15100,18180,18180,0,25,15075,0,0,0,759,3,17,0,1048576,0,0,0,inf,0.972305298,1.11003113,inf,0,0,0,0,0,0,0,0,0,0,0,0,0,0,0,0,0,0,0,0,0,0,0,7,0,0,0,0,0,0,0,0,0,0,0,0,0,0,0,0,0,0,0,0,0,0,0,0,0,0,0,0,0,0,0,0,0,0,0,0,0,0,0,0,0,0,0,0,0,0,0,0,0,0,0,0,0,0,0,0,0,0,0,0,0,0,0,0,0,18,8,259,4294967295,78,23,57,170,4294967295,152
65,0.5,261,261,1,512,5,507,3,507,3,517,33280,15126,18154,18154,0,56,15070,0,0,0,1023,5,17,0,1048576,0,0,0,inf,0.869506836,1.05937195,inf,0,0,0,0,0,0,0,0,0,0,0,0,0,0,0,0,0,0,0,0,0,0,0,227,0,0,0,0,0,0,0,0,0,0,0,0,0,0,0,0,0,0,0,0,0,0,0,0,0,0,0,0,0,0,0,0,0,0,0,0,0,0,0,0,0,0,0,0,0,0,0,0,0,0,0,0,0,0,0,0,0,0,0,0,0,0,0,0,0,8,3,23,23,31,166,164,164,54,16
66,1,261,261,1,512,34,478,9,478,25,495,33280,10979,22301,22301,0,218,10761,0,0,0,1023,10,17,0,1048576,0,0,0,inf,0.755722046,1.04312134,0.661071777,0,0,0,0,0,0,0,0,0,0,0,0,0,0,0,0,0,0,0,0,0,0,0,1023,0,0,0,0,0,0,0,0,0,0,0,0,0,0,0,0,0,0,0,0,0,0,0,0,0,0,0,0,0,0,0,0,0,0,0,0,0,0,0,0,0,0,0,0,0,0,0,0,0,0,0,0,0,0,0,0,0,0,0,0,0,0,0,0,0,15,1,3,5,17,7,5,9,14,13
67,0.5,261,261,1,512,5,507,4,507,1,519,33280,18459,14821,14821,0,62,18397,0,0,0,479,5,17,0,1048576,0,0,0,inf,0.983139038,1.14761353,inf,0,0,0,0,0,0,0,0,0,0,0,0,0,0,0,0,0,0,0,0,0,0,0,31,0,0,0,0,0,0,0,0,0,0,0,0,0,0,0,0,0,0,0,0,0,0,0,0,0,0,0,0,0,0,0,0,0,0,0,0,0,0,0,0,0,0,0,0,0,0,0,0,0,0,0,0,0,0,0,0,0,0,0,0,0,0,0,0,0,65,41,37,40,99,4294967295,124,27,134,4294967295
68,0,261,261,1,512,0,512,0,512,0,520,33280,11415,21865,21865,0,0,11415,0,0,0,0,0,17,0,1048576,0,0,0,inf,0.341369629,0.527236938,inf,0,0,0,0,0,0,0,0,0,0,0,0,0,0,0,0,0,0,0,0,0,0,0,0,0,0,0,0,0,0,0,0,0,0,0,0,0,0,0,0,0,0,0,0,0,0,0,0,0,0,0,0,0,0,0,0,0,0,0,0,0,0,0,0,0,0,0,0,0,0,0,0,0,0,0,0,0,0,0,0,0,0,0,0,0,0,0,0,0,4294967295,4294967295,4294967295,4294967295,4294967295,4294967295,4294967295,4294967295,4294967295,4294967295
69,1,261,261,1,512,28,484,8,484,20,500,33280,11908,21372,21372,0,170,11738,0,0,0,1023,10,17,0,1048576,0,0,0,inf,1.26341248,1.49909973,1.21736145,0,0,0,0,0,0,0,0,0,0,0,0,0,0,0,0,0,0,0,0,0,0,0,1023,0,0,0,0,0,0,0,0,0,0,0,0,0,0,0,0,0,0,0,0,0,0,0,0,0,0,0,0,0,0,0,0,0,0,0,0,0,0,0,0,0,0,0,0,0,0,0,0,0,0,0,0,0,0,0,0,0,0,0,0,0,0,0,0,0,2,2,9,104,12,4,2,19,1,19
70,1,261,261,1,512,79,433,32,433,47,473,33280,10085,23195,23195,0,459,9626,0,0,0,1023,10,17,0,1048576,0,0,0,inf,0.645767212,0.826553345,0.529083252,0,0,0,0,0,0,0,0,0,0,0,0,0,0,0,0,0,0,0,0,0,0,0,1023,0,0,0,0,0,0,0,0,0,0,0,0,0,0,0,0,0,0,0,0,0,0,0,0,0,0,0,0,0,0,0,0,0,0,0,0,0,0,0,0,0,0,0,0,0,0,0,0,0,0,0,0,0,0,0,0,0,0,0,0,0,0,0,0,0,2,2,3,5,3,6,3,30,6,10
71,0.300000012,261,261,1,512,3,509,1,509,2,518,33280,23338,9942,9942,0,28,23310,0,0,0,183,3,17,0,1048576,0,0,0,inf,1.21170044,1.31768799,inf,0,0,0,0,0,0,0,0,0,0,0,0,0,0,0,0,0,0,0,0,0,0,0,7,0,0,0,0,0,0,0,0,0,0,0,0,0,0,0,0,0,0,0,0,0,0,0,0,0,0,0,0,0,0,0,0,0,0,0,0,0,0,0,0,0,0,0,0,0,0,0,0,0,0,0,0,0,0,0,0,0,0,0,0,0,0,0,0,0,9,4,141,4294967295,163,203,4294967295,18,4294967295,4294967295
72,1,261,261,1,512,91,421,2,421,89,431,33280,18028,15252,15252,0,163,17865,0,0,0,1023,10,17,0,1048576,0,0,0,inf,1.57745361,1.7137146,0.755813599,0,0,0,0,0,0,0,0,0,0,0,0,0,0,0,0,0,0,0,0,0,0,0,1023,0,0,0,0,0,0,0,0,0,0,0,0,0,0,0,0,0,0,0,0,0,0,0,0,0,0,0,0,0,0,0,0,0,0,0,0,0,0,0,0,0,0,0,0,0,0,0,0,0,0,0,0,0,0,0,0,0,0,0,0,0,0,0,0,0,2,2,3,2,3,3,2,2,2,3
73,1,261,261,1,512,128,384,41,384,87,433,33280,14624,18656,18656,0,975,13649,0,0,0,1023,10,17,0,1048576,0,0,0,inf,0.947387695,1.15748596,0.760070801,0,0,0,0,0,0,0,0,0,0,0,0,0,0,0,0,0,0,0,0,0,0,0,1023,0,0,0,0,0,0,0,0,0,0,0,0,0,0,0,0,0,0,0,0,0,0,0,0,0,0,0,0,0,0,0,0,0,0,0,0,0,0,0,0,0,0,0,0,0,0,0,0,0,0,0,0,0,0,0,0,0,0,0,0,0,0,0,0,0,4,5,2,5,2,10,2,2,2,5
74,0.100000001,261,261,1,512,1,511,1,511,0,520,33280,15140,18140,18140,0,1,15139,0,0,0,1,1,17,0,1048576,0,0,0,inf,0.980072021,1.22227478,inf,0,0,0,0,0,0,0,0,0,0,0,0,0,0,0,0,0,0,0,0,0,0,0,1,0,0,0,0,0,0,0,0,0,0,0,0,0,0,0,0,0,0,0,0,0,0,0,0,0,0,0,0,0,0,0,0,0,0,0,0,0,0,0,0,0,0,0,0,0,0,0,0,0,0,0,0,0,0,0,0,0,0,0,0,0,0,0,0,0,115,4294967295,4294967295,4294967295,4294967295,4294967295,4294967295,4294967295,4294967295,4294967295
75,0.200000003,261,261,1,512,2,510,2,510,0,520,33280,12134,21146,21146,0,14,12120,0,0,0,383,2,17,0,1048576,0,0,0,inf,0.765151978,0.947738647,inf,0,0,0,0,0,0,0,0,0,0,0,0,0,0,0,0,0,0,0,0,0,0,0,3,0,0,0,0,0,0,0,0,0,0,0,0,0,0,0,0,0,0,0,0,0,0,0,0,0,0,0,0,0,0,0,0,0,0,0,0,0,0,0,0,0,0,0,0,0,0,0,0,0,0,0,0,0,0,0,0,0,0,0,0,0,0,0,0,0,7,193,110,214,17,175,86,4294967295,216,4294967295
76,0.5,261,261,1,512,5,507,3,507,2,518,33280,17774,15506,15506,0,23,17751,0,0,0,959,5,17,0,1048576,0,0,0,inf,0.958236694,1.18945312,inf,0,0,0,0,0,0,0,0,0,0,0,0,0,0,0,0,0,0,0,0,0,0,0,295,0,0,0,0,0,0,0,0,0,0,0,0,0,0,0,0,0,0,0,0,0,0,0,0,0,0,0,0,0,0,0,0,0,0,0,0,0,0,0,0,0,0,0,0,0,0,0,0,0,0,0,0,0,0,0,0,0,0,0,0,0,0,0,0,0,4,6,8,71,84,238,4294967295,90,251,140
77,0,261,261,1,512,0,512,0,512,0,520,33280,11908,21372,21372,0,0,11908,0,0,0,0,0,17,0,1048576,0,0,0,inf,0.607406616,0.867416382,inf,0,0,0,0,0,0,0,0,0,0,0,0,0,0,0,0,0,0,0,0,0,0,0,0,0,0,0,0,0,0,0,0,0,0,0,0,0,0,0,0,0,0,0,0,0,0,0,0,0,0,0,0,0,0,0,0,0,0,0,0,0,0,0,0,0,0,0,0,0,0,0,0,0,0,0,0,0,0,0,0,0,0,0,0,0,0,0,0,0,4294967295,4294967295,4294967295,4294967295,4294967295,4294967295,4294967295,4294967295,4294967295,4294967295
78,0,261,261,1,512,0,512,0,512,0,520,33280,14781,18499,18499,0,8,14773,0,0,0,517,0,17,0,1048576,0,0,0,inf,1.08929443,1.33242798,inf,0,0,0,0,0,0,0,0,0,0,0,0,0,0,0,0,0,0,0,0,0,0,0,0,0,0,0,0,0,0,0,0,0,0,0,0,0,0,0,0,0,0,0,0,0,0,0,0,0,0,0,0,0,0,0,0,0,0,0,0,0,0,0,0,0,0,0,0,0,0,0,0,0,0,0,0,0,0,0,0,0,0,0,0,0,0,0,0,0,3,4294967295,30,4294967295,4294967295,4294967295,4294967295,4294967295,4294967295,17
79,0,261,261,1,512,0,512,0,512,0,520,33280,18185,15095,15095,0,8,18177,0,0,0,14,0,17,0,1048576,0,0,0,inf,1.34863281,1.52003479,inf,0,0,0,0,0,0,0,0,0,0,0,0,0,0,0,0,0,0,0,0,0,0,0,0,0,0,0,0,0,0,0,0,0,0,0,0,0,0,0,0,0,0,0,0,0,0,0,0,0,0,0,0,0,0,0,0,0,0,0,0,0,0,0,0,0,0,0,0,0,0,0,0,0,0,0,0,0,0,0,0,0,0,0,0,0,0,0,0,0,4294967295,181,50,24,4294967295,4294967295,4294967295,4294967295,4294967295,4294967295
80,0,261,261,1,512,0,512,0,512,0,520,33280,15275,18005,18005,0,0,15275,0,0,0,0,0,17,0,1048576,0,0,0,inf,1.01837158,1.19929504,inf,0,0,0,0,0,0,0,0,0,0,0,0,0,0,0,0,0,0,0,0,0,0,0,0,0,0,0,0,0,0,0,0,0,0,0,0,0,0,0,0,0,0,0,0,0,0,0,0,0,0,0,0,0,0,0,0,0,0,0,0,0,0,0,0,0,0,0,0,0,0,0,0,0,0,0,0,0,0,0,0,0,0,0,0,0,0,0,0,0,4294967295,4294967295,4294967295,4294967295,4294967295,4294967295,4294967295,4294967295,4294967295,4294967295
81,0.100000001,261,261,1,512,1,511,0,511,1,519,33280,15392,17888,17888,0,12,15380,0,0,0,159,1,17,0,1048576,0,0,0,inf,1.47793579,1.68417358,inf,0,0,0,0,0,0,0,0,0,0,0,0,0,0,0,0,0,0,0,0,0,0,0,1,0,0,0,0,0,0,0,0,0,0,0,0,0,0,0,0,0,0,0,0,0,0,0,0,0,0,0,0,0,0,0,0,0,0,0,0,0,0,0,0,0,0,0,0,0,0,0,0,0,0,0,0,0,0,0,0,0,0,0,0,0,0,0,0,0,13,20,118,2,8,4294967295,4294967295,73,4294967295,4294967295
82,0.899999976,261,261,1,512,12,500,4,500,8,512,33280,19162,14118,14118,0,92,19070,0,0,0,1023,10,17,0,1048576,0,0,0,inf,1.41567993,1.62652588,1.49537659,0,0,0,0,0,0,0,0,0,0,0,0,0,0,0,0,0,0,0,0,0,0,0,511,0,0,0,0,0,0,0,0,0,0,0,0,0,0,0,0,0,0,0,0,0,0,0,0,0,0,0,0,0,0,0,0,0,0,0,0,0,0,0,0,0,0,0,0,0,0,0,0,0,0,0,0,0,0,0,0,0,0,0,0,0,0,0,0,0,11,4,2,24,1,34,2,23,2,23
83,0.200000003,261,261,1,512,2,510,0,510,2,518,33280,23468,9812,9812,0,9,23459,0,0,0,123,2,17,0,1048576,0,0,0,inf,1.05755615,1.1815033,inf,0,0,0,0,0,0,0,0,0,0,0,0,0,0,0,0,0,0,0,0,0,0,0,3,0,0,0,0,0,0,0,0,0,0,0,0,0,0,0,0,0,0,0,0,0,0,0,0,0,0,0,0,0,0,0,0,0,0,0,0,0,0,0,0,0,0,0,0,0,0,0,0,0,0,0,0,0,0,0,0,0,0,0,0,0,0,0,0,0,8,8,4294967295,37,37,30,104,4294967295,4294967295,4294967295
84,0.100000001,261,261,1,512,1,511,1,511,0,520,33280,22803,10477,10477,0,14,22789,0,0,0,79,1,17,0,1048576,0,0,0,inf,1.30644226,1.46678162,inf,0,0,0,0,0,0,0,0,0,0,0,0,0,0,0,0,0,0,0,0,0,0,0,1,0,0,0,0,0,0,0,0,0,0,0,0,0,0,0,0,0,0,0,0,0,0,0,0,0,0,0,0,0,0,0,0,0,0,0,0,0,0,0,0,0,0,0,0,0,0,0,0,0,0,0,0,0,0,0,0,0,0,0,0,0,0,0,0,0,186,112,102,51,4294967295,4294967295,40,4294967295,4294967295,4294967295
85,1,261,261,1,512,20,492,7,492,13,507,33280,9201,24079,24079,0,124,9077,0,0,0,1023,10,17,0,1048576,0,0,0,inf,0.69392395,0.96031189,0.665969849,0,0,0,0,0,0,0,0,0,0,0,0,0,0,0,0,0,0,0,0,0,0,0,1023,0,0,0,0,0,0,0,0,0,0,0,0,0,0,0,0,0,0,0,0,0,0,0,0,0,0,0,0,0,0,0,0,0,0,0,0,0,0,0,0,0,0,0,0,0,0,0,0,0,0,0,0,0,0,0,0,0,0,0,0,0,0,0,0,0,2,2,4,2,1,2,6,8,5,3
86,0.100000001,261,261,1,512,1,511,0,511,1,519,33280,18979,14301,14301,0,2,18977,0,0,0,17,1,17,0,1048576,0,0,0,inf,0.826187134,1.01620483,inf,0,0,0,0,0,0,0,0,0,0,0,0,0,0,0,0,0,0,0,0,0,0,0,1,0,0,0,0,0,0,0,0,0,0,0,0,0,0,0,0,0,0,0,0,0,0,0,0,0,0,0,0,0,0,0,0,0,0,0,0,0,0,0,0,0,0,0,0,0,0,0,0,0,0,0,0,0,0,0,0,0,0,0,0,0,0,0,0,0,5,4294967295,4294967295,4294967295,246,4294967295,4294967295,4294967295,4294967295,4294967295
87,1,261,261,1,512,47,465,10,465,37,483,33280,11469,21811,21811,0,317,11152,0,0,0,1023,10,17,0,1048576,0,0,0,inf,1.17861938,1.4065094,0.899047852,0,0,0,0,0,0,0,0,0,0,0,0,0,0,0,0,0,0,0,0,0,0,0,1023,0,0,0,0,0,0,0,0,0,0,0,0,0,0,0,0,0,0,0,0,0,0,0,0,0,0,0,0,0,0,0,0,0,0,0,0,0,0,0,0,0,0,0,0,0,0,0,0,0,0,0,0,0,0,0,0,0,0,0,0,0,0,0,0,0,4,4,4,3,4,4,4,4,3,4
88,0.300000012,261,261,1,512,3,509,0,509,3,517,33280,10775,22505,22505,0,18,10757,0,0,0,767,3,17,0,1048576,0,0,0,inf,0.415054321,0.687667847,inf,0,0,0,0,0,0,0,0,0,0,0,0,0,0,0,0,0,0,0,0,0,0,0,7,0,0,0,0,0,0,0,0,0,0,0,0,0,0,0,0,0,0,0,0,0,0,0,0,0,0,0,0,0,0,0,0,0,0,0,0,0,0,0,0,0,0,0,0,0,0,0,0,0,0,0,0,0,0,0,0,0,0,0,0,0,0,0,0,0,14,8,10,15,30,115,148,51,4294967295,119
89,1,261,261,1,512,133,379,3,379,130,390,33280,12449,20831,20831,0,160,12289,0,0,0,1023,10,17,0,1048576,0,0,0,inf,1.04458618,1.2375946,0.232910156,0,0,0,0,0,0,0,0,0,0,0,0,0,0,0,0,0,0,0,0,0,0,0,1023,0,0,0,0,0,0,0,0,0,0,0,0,0,0,0,0,0,0,0,0,0,0,0,0,0,0,0,0,0,0,0,0,0,0,0,0,0,0,0,0,0,0,0,0,0,0,0,0,0,0,0,0,0,0,0,0,0,0,0,0,0,0,0,0,0,2,2,2,3,2,2,2,4,2,3
90,0.100000001,261,261,1,512,1,511,0,511,1,519,33280,17075,16205,16205,0,5,17070,0,0,0,83,1,17,0,1048576,0,0,0,inf,0.744628906,0.862838745,inf,0,0,0,0,0,0,0,0,0,0,0,0,0,0,0,0,0,0,0,0,0,0,0,1,0,0,0,0,0,0,0,0,0,0,0,0,0,0,0,0,0,0,0,0,0,0,0,0,0,0,0,0,0,0,0,0,0,0,0,0,0,0,0,0,0,0,0,0,0,0,0,0,0,0,0,0,0,0,0,0,0,0,0,0,0,0,0,0,0,2,67,4294967295,4294967295,168,4294967295,140,4294967295,4294967295,4294967295
91,0.100000001,261,261,1,512,1,511,0,511,1,519,33280,15558,17722,17722,0,7,15551,0,0,0,555,1,17,0,1048576,0,0,0,inf,0.534927368,0.642120361,inf,0,0,0,0,0,0,0,0,0,0,0,0,0,0,0,0,0,0,0,0,0,0,0,1,0,0,0,0,0,0,0,0,0,0,0,0,0,0,0,0,0,0,0,0,0,0,0,0,0,0,0,0,0,0,0,0,0,0,0,0,0,0,0,0,0,0,0,0,0,0,0,0,0,0,0,0,0,0,0,0,0,0,0,0,0,0,0,0,0,7,17,4294967295,8,4294967295,194,4294967295,4294967295,4294967295,90
92,0,261,261,1,512,0,512,0,512,0,520,33280,12509,20771,20771,0,10,12499,0,0,0,633,0,17,0,1048576,0,0,0,inf,1.18457031,1.54634094,inf,0,0,0,0,0,0,0,0,0,0,0,0,0,0,0,0,0,0,0,0,0,0,0,0,0,0,0,0,0,0,0,0,0,0,0,0,0,0,0,0,0,0,0,0,0,0,0,0,0,0,0,0,0,0,0,0,0,0,0,0,0,0,0,0,0,0,0,0,0,0,0,0,0,0,0,0,0,0,0,0,0,0,0,0,0,0,0,0,0,39,4294967295,4294967295,198,186,119,114,4294967295,4294967295,119
93,1,261,261,1,512,43,469,0,469,43,477,33280,12169,21111,21111,0,55,12114,0,0,0,1023,10,17,0,1048576,0,0,0,inf,1.28234863,1.5665741,0.626358032,0,0,0,0,0,0,0,0,0,0,0,0,0,0,0,0,0,0,0,0,0,0,0,1023,0,0,0,0,0,0,0,0,0,0,0,0,0,0,0,0,0,0,0,0,0,0,0,0,0,0,0,0,0,0,0,0,0,0,0,0,0,0,0,0,0,0,0,0,0,0,0,0,0,0,0,0,0,0,0,0,0,0,0,0,0,0,0,0,0,3,3,3,3,2,3,3,3,2,3
94,1,261,261,1,512,13,499,1,499,12,508,33280,13223,20057,20057,0,14,13209,0,0,0,1023,10,17,0,1048576,0,0,0,inf,0.975814819,1.17050171,0.917572021,0,0,0,0,0,0,0,0,0,0,0,0,0,0,0,0,0,0,0,0,0,0,0,1023,0,0,0,0,0,0,0,0,0,0,0,0,0,0,0,0,0,0,0,0,0,0,0,0,0,0,0,0,0,0,0,0,0,0,0,0,0,0,0,0,0,0,0,0,0,0,0,0,0,0,0,0,0,0,0,0,0,0,0,0,0,0,0,0,0,7,6,5,6,43,6,6,9,6,6
95,0,261,261,1,512,0,512,0,512,0,520,33280,8744,24536,24536,0,4,8740,0,0,0,15,0,17,0,1048576,0,0,0,inf,0.60295105,0.826690674,inf,0,0,0,0,0,0,0,0,0,0,0,0,0,0,0,0,0,0,0,0,0,0,0,0,0,0,0,0,0,0,0,0,0,0,0,0,0,0,0,0,0,0,0,0,0,0,0,0,0,0,0,0,0,0,0,0,0,0,0,0,0,0,0,0,0,0,0,0,0,0,0,0,0,0,0,0,0,0,0,0,0,0,0,0,0,0,0,0,0,70,92,83,92,4294967295,4294967295,4294967295,4294967295,4294967295,4294967295
96,0,261,261,1,512,0,512,0,512,0,520,33280,13309,19971,19971,0,2,13307,0,0,0,5,0,17,0,1048576,0,0,0,inf,1.26705933,1.53987122,inf,0,0,0,0,0,0,0,0,0,0,0,0,0,0,0,0,0,0,0,0,0,0,0,0,0,0,0,0,0,0,0,0,0,0,0,0,0,0,0,0,0,0,0,0,0,0,0,0,0,0,0,0,0,0,0,0,0,0,0,0,0,0,0,0,0,0,0,0,0,0,0,0,0,0,0,0,0,0,0,0,0,0,0,0,0,0,0,0,0,70,4294967295,172,4294967295,4294967295,4294967295,4294967295,4294967295,4294967295,4294967295
97,0,261,261,1,512,0,512,0,512,0,520,33280,22699,10581,10581,0,2,22697,0,0,0,1,0,17,0,1048576,0,0,0,inf,1.13542175,1.24716187,inf,0,0,0,0,0,0,0,0,0,0,0,0,0,0,0,0,0,0,0,0,0,0,0,0,0,0,0,0,0,0,0,0,0,0,0,0,0,0,0,0,0,0,0,0,0,0,0,0,0,0,0,0,0,0,0,0,0,0,0,0,0,0,0,0,0,0,0,0,0,0,0,0,0,0,0,0,0,0,0,0,0,0,0,0,0,0,0,0,0,25,4294967295,4294967295,4294967295,4294967295,4294967295,4294967295,4294967295,4294967295,4294967295
98,0.100000001,261,261,1,512,1,511,0,511,1,519,33280,17152,16128,16128,0,17,17135,0,0,0,365,1,17,0,1048576,0,0,0,inf,1.07504272,1.20591736,inf,0,0,0,0,0,0,0,0,0,0,0,0,0,0,0,0,0,0,0,0,0,0,0,1,0,0,0,0,0,0,0,0,0,0,0,0,0,0,0,0,0,0,0,0,0,0,0,0,0,0,0,0,0,0,0,0,0,0,0,0,0,0,0,0,0,0,0,0,0,0,0,0,0,0,0,0,0,0,0,0,0,0,0,0,0,0,0,0,0,63,4294967295,15,176,4294967295,190,129,4294967295,210,4294967295
99,0.5,261,261,1,512,5,507,1,507,4,516,33280,18768,14512,14512,0,9,18759,0,0,0,319,5,17,0,1048576,0,0,0,inf,1.12306213,1.27435303,inf,0,0,0,0,0,0,0,0,0,0,0,0,0,0,0,0,0,0,0,0,0,0,0,31,0,0,0,0,0,0,0,0,0,0,0,0,0,0,0,0,0,0,0,0,0,0,0,0,0,0,0,0,0,0,0,0,0,0,0,0,0,0,0,0,0,0,0,0,0,0,0,0,0,0,0,0,0,0,0,0,0,0,0,0,0,0,0,0,0,2,3,3,4,167,53,4294967295,4294967295,166,4294967295
100,0,261,261,1,512,0,512,0,512,0,520,33280,21596,11684,11684,0,13,21583,0,0,0,535,0,17,0,1048576,0,0,0,inf,1.05859375,1.20550537,inf,0,0,0,0,0,0,0,0,0,0,0,0,0,0,0,0,0,0,0,0,0,0,0,0,0,0,0,0,0,0,0,0,0,0,0,0,0,0,0,0,0,0,0,0,0,0,0,0,0,0,0,0,0,0,0,0,0,0,0,0,0,0,0,0,0,0,0,0,0,0,0,0,0,0,0,0,0,0,0,0,0,0,0,0,0,0,0,0,0,5,40,90,4294967295,32,4294967295,4294967295,4294967295,4294967295,184
101,0.5,261,261,1,512,7,505,5,505,2,518,33280,18122,15158,15158,0,101,18021,0,0,0,1023,8,17,0,1048576,0,0,0,inf,0.971572876,1.10861206,inf,0,0,0,0,0,0,0,0,0,0,0,0,0,0,0,0,0,0,0,0,0,0,0,203,0,0,0,0,0,0,0,0,0,0,0,0,0,0,0,0,0,0,0,0,0,0,0,0,0,0,0,0,0,0,0,0,0,0,0,0,0,0,0,0,0,0,0,0,0,0,0,0,0,0,0,0,0,0,0,0,0,0,0,0,0,0,0,0,0,4,56,21,115,7,56,204,107,30,62
102,0.600000024,261,261,1,512,7,505,2,505,5,515,33280,5440,27840,27840,0,17,5423,0,0,0,1023,7,17,0,1048576,0,0,0,inf,0.314315796,1.47576904,inf,0,0,0,0,0,0,0,0,0,0,0,0,0,0,0,0,0,0,0,0,0,0,0,63,0,0,0,0,0,0,0,0,0,0,0,0,0,0,0,0,0,0,0,0,0,0,0,0,0,0,0,0,0,0,0,0,0,0,0,0,0,0,0,0,0,0,0,0,0,0,0,0,0,0,0,0,0,0,0,0,0,0,0,0,0,0,0,0,0,5,16,79,7,51,6,35,36,93,25
103,0.400000006,261,261,1,512,5,507,3,507,2,518,33280,13331,19949,19949,0,26,13305,0,0,0,1023,5,17,0,1048576,0,0,0,inf,0.746109009,0.893325806,inf,0,0,0,0,0,0,0,0,0,0,0,0,0,0,0,0,0,0,0,0,0,0,0,519,0,0,0,0,0,0,0,0,0,0,0,0,0,0,0,0,0,0,0,0,0,0,0,0,0,0,0,0,0,0,0,0,0,0,0,0,0,0,0,0,0,0,0,0,0,0,0,0,0,0,0,0,0,0,0,0,0,0,0,0,0,0,0,0,0,2,3,4,16,53,53,20,27,57,210
104,0.699999988,261,261,1,512,7,505,2,505,5,515,33280,21197,12083,12083,0,94,21103,0,0,0,1023,7,17,0,1048576,0,0,0,inf,0.929443359,1.07244873,inf,0,0,0,0,0,0,0,0,0,0,0,0,0,0,0,0,0,0,0,0,0,0,0,127,0,0,0,0,0,0,0,0,0,0,0,0,0,0,0,0,0,0,0,0,0,0,0,0,0,0,0,0,0,0,0,0,0,0,0,0,0,0,0,0,0,0,0,0,0,0,0,0,0,0,0,0,0,0,0,0,0,0,0,0,0,0,0,0,0,8,9,31,14,28,89,199,15,41,25
105,1,259,261,3,512,512,0,0,0,515,1,33024,8476,24548,24548,0,4973,3503,0,0,0,1023,10,17,0,1048576,0,0,0,inf,inf,0.723098755,0.28742981,0,0,0,0,0,0,0,0,0,0,0,0,0,0,0,0,0,0,0,0,0,0,0,1023,0,0,0,0,0,0,0,0,0,0,0,0,0,0,0,0,0,0,0,0,0,0,0,0,0,0,0,0,0,0,0,0,0,0,0,0,0,0,0,0,0,0,0,0,0,0,0,0,0,0,0,0,0,0,0,0,0,0,0,0,0,0,0,0,0,4,4,4,4,4,4,4,3,3,4
106,0.899999976,261,261,1,512,16,496,7,496,9,511,33280,20157,13123,13123,0,83,20074,0,0,0,991,10,17,0,1048576,0,0,0,inf,0.859222412,1.03387451,0.861862183,0,0,0,0,0,0,0,0,0,0,0,0,0,0,0,0,0,0,0,0,0,0,0,991,0,0,0,0,0,0,0,0,0,0,0,0,0,0,0,0,0,0,0,0,0,0,0,0,0,0,0,0,0,0,0,0,0,0,0,0,0,0,0,0,0,0,0,0,0,0,0,0,0,0,0,0,0,0,0,0,0,0,0,0,0,0,0,0,0,7,9,22,10,38,4294967295,18,80,57,126
107,0.600000024,261,261,1,512,11,501,6,501,5,515,33280,10419,22861,22861,0,115,10304,0,0,0,1023,10,17,0,1048576,0,0,0,inf,0.588058472,0.794006348,0.692169189,0,0,0,0,0,0,0,0,0,0,0,0,0,0,0,0,0,0,0,0,0,0,0,543,0,0,0,0,0,0,0,0,0,0,0,0,0,0,0,0,0,0,0,0,0,0,0,0,0,0,0,0,0,0,0,0,0,0,0,0,0,0,0,0,0,0,0,0,0,0,0,0,0,0,0,0,0,0,0,0,0,0,0,0,0,0,0,0,0,11,23,4,15,9,21,23,24,11,205
108,0.800000012,261,261,1,512,19,493,14,493,5,515,33280,6894,26386,26386,0,71,6823,0,0,0,1023,10,17,0,1048576,0,0,0,inf,0.654006958,0.984619141,0.723190308,0,0,0,0,0,0,0,0,0,0,0,0,0,0,0,0,0,0,0,0,0,0,0,255,0,0,0,0,0,0,0,0,0,0,0,0,0,0,0,0,0,0,0,0,0,0,0,0,0,0,0,0,0,0,0,0,0,0,0,0,0,0,0,0,0,0,0,0,0,0,0,0,0,0,0,0,0,0,0,0,0,0,0,0,0,0,0,0,0,2,11,4,61,24,30,4,59,42,6
109,1,261,261,1,512,25,487,13,487,12,508,33280,20301,12979,12979,0,330,19971,0,0,0,1023,10,17,0,1048576,0,0,0,inf,0.926742554,1.05027771,0.919311523,0,0,0,0,0,0,0,0,0,0,0,0,0,0,0,0,0,0,0,0,0,0,0,1023,0,0,0,0,0,0,0,0,0,0,0,0,0,0,0,0,0,0,0,0,0,0,0,0,0,0,0,0,0,0,0,0,0,0,0,0,0,0,0,0,0,0,0,0,0,0,0,0,0,0,0,0,0,0,0,0,0,0,0,0,0,0,0,0,0,7,15,22,4,59,61,2,12,64,29
110,1,261,261,1,512,13,499,3,499,10,510,33280,13128,20152,20152,0,73,13055,0,0,0,1023,10,17,0,1048576,0,0,0,inf,0.758865356,0.969787598,0.745269775,0,0,0,0,0,0,0,0,0,0,0,0,0,0,0,0,0,0,0,0,0,0,0,1023,0,0,0,0,0,0,0,0,0,0,0,0,0,0,0,0,0,0,0,0,0,0,0,0,0,0,0,0,0,0,0,0,0,0,0,0,0,0,0,0,0,0,0,0,0,0,0,0,0,0,0,0,0,0,0,0,0,0,0,0,0,0,0,0,0,2,32,11,5,51,12,29,3,2,2
111,0.800000012,261,261,1,512,9,503,5,503,4,516,33280,14231,19049,19049,0,81,14150,0,0,0,1023,9,17,0,1048576,0,0,0,inf,0.979614258,1.16333008,inf,0,0,0,0,0,0,0,0,0,0,0,0,0,0,0,0,0,0,0,0,0,0,0,447,0,0,0,0,0,0,0,0,0,0,0,0,0,0,0,0,0,0,0,0,0,0,0,0,0,0,0,0,0,0,0,0,0,0,0,0,0,0,0,0,0,0,0,0,0,0,0,0,0,0,0,0,0,0,0,0,0,0,0,0,0,0,0,0,0,27,6,6,183,25,78,43,156,156,16
112,0.200000003,261,261,1,512,2,510,1,510,1,519,33280,24102,9178,9178,0,71,24031,0,0,0,749,2,17,0,1048576,0,0,0,inf,1.02079773,1.11935425,inf,0,0,0,0,0,0,0,0,0,0,0,0,0,0,0,0,0,0,0,0,0,0,0,33,0,0,0,0,0,0,0,0,0,0,0,0,0,0,0,0,0,0,0,0,0,0,0,0,0,0,0,0,0,0,0,0,0,0,0,0,0,0,0,0,0,0,0,0,0,0,0,0,0,0,0,0,0,0,0,0,0,0,0,0,0,0,0,0,0,21,4294967295,57,34,4294967295,232,23,42,4294967295,5
113,1,261,261,1,512,39,473,12,473,27,493,33280,10763,22517,22517,0,315,10448,0,0,0,1023,10,17,0,1048576,0,0,0,inf,0.676940918,0.847702026,0.626708984,0,0,0,0,0,0,0,0,0,0,0,0,0,0,0,0,0,0,0,0,0,0,0,1023,0,0,0,0,0,0,0,0,0,0,0,0,0,0,0,0,0,0,0,0,0,0,0,0,0,0,0,0,0,0,0,0,0,0,0,0,0,0,0,0,0,0,0,0,0,0,0,0,0,0,0,0,0,0,0,0,0,0,0,0,0,0,0,0,0,2,2,4,4,13,4,4,3,3,29
114,0,261,261,1,512,0,512,0,512,0,520,33280,14899,18381,18381,0,6,14893,0,0,0,769,0,17,0,1048576,0,0,0,inf,0.693145752,0.910095215,inf,0,0,0,0,0,0,0,0,0,0,0,0,0,0,0,0,0,0,0,0,0,0,0,0,0,0,0,0,0,0,0,0,0,0,0,0,0,0,0,0,0,0,0,0,0,0,0,0,0,0,0,0,0,0,0,0,0,0,0,0,0,0,0,0,0,0,0,0,0,0,0,0,0,0,0,0,0,0,0,0,0,0,0,0,0,0,0,0,0,6,4294967295,4294967295,4294967295,4294967295,4294967295,4294967295,4294967295,119,130
115,0.5,261,261,1,512,5,507,0,507,5,515,33280,19755,13525,13525,0,78,19677,0,0,0,767,5,17,0,1048576,0,0,0,inf,0.840881348,0.955337524,inf,0,0,0,0,0,0,0,0,0,0,0,0,0,0,0,0,0,0,0,0,0,0,0,31,0,0,0,0,0,0,0,0,0,0,0,0,0,0,0,0,0,0,0,0,0,0,0,0,0,0,0,0,0,0,0,0,0,0,0,0,0,0,0,0,0,0,0,0,0,0,0,0,0,0,0,0,0,0,0,0,0,0,0,0,0,0,0,0,0,58,58,8,4,10,54,20,10,4294967295,22
116,0.200000003,261,261,1,512,2,510,1,510,1,519,33280,10903,22377,22377,0,25,10878,0,0,0,639,2,17,0,1048576,0,0,0,inf,1.19470215,1.43466187,inf,0,0,0,0,0,0,0,0,0,0,0,0,0,0,0,0,0,0,0,0,0,0,0,3,0,0,0,0,0,0,0,0,0,0,0,0,0,0,0,0,0,0,0,0,0,0,0,0,0,0,0,0,0,0,0,0,0,0,0,0,0,0,0,0,0,0,0,0,0,0,0,0,0,0,0,0,0,0,0,0,0,0,0,0,0,0,0,0,0,2,15,34,71,69,28,257,4294967295,4294967295,14
117,1,261,261,1,512,12,500,4,500,8,512,33280,17403,15877,15877,0,82,17321,0,0,0,1023,10,17,0,1048576,0,0,0,inf,1.00639343,1.20558167,1.03146362,0,0,0,0,0,0,0,0,0,0,0,0,0,0,0,0,0,0,0,0,0,0,0,1023,0,0,0,0,0,0,0,0,0,0,0,0,0,0,0,0,0,0,0,0,0,0,0,0,0,0,0,0,0,0,0,0,0,0,0,0,0,0,0,0,0,0,0,0,0,0,0,0,0,0,0,0,0,0,0,0,0,0,0,0,0,0,0,0,0,1,4,2,5,11,2,7,7,122,122
118,1,259,261,3,512,512,0,0,0,514,1,32960,5803,27157,27157,0,3688,2115,0,0,0,1023,10,17,0,1048576,0,0,0,inf,inf,0.895492554,0.571212769,0,0,0,0,0,0,0,0,0,0,0,0,0,0,0,0,0,0,0,0,0,0,0,1023,0,0,0,0,0,0,0,0,0,0,0,0,0,0,0,0,0,0,0,0,0,0,0,0,0,0,0,0,0,0,0,0,0,0,0,0,0,0,0,0,0,0,0,0,0,0,0,0,0,0,0,0,0,0,0,0,0,0,0,0,0,0,0,0,0,2,2,2,3,2,3,1,2,2,3
119,0.100000001,261,261,1,512,1,511,1,511,0,520,33280,14027,19253,19253,0,23,14004,0,0,0,367,1,17,0,1048576,0,0,0,inf,0.955154419,1.17971802,inf,0,0,0,0,0,0,0,0,0,0,0,0,0,0,0,0,0,0,0,0,0,0,0,4,0,0,0,0,0,0,0,0,0,0,0,0,0,0,0,0,0,0,0,0,0,0,0,0,0,0,0,0,0,0,0,0,0,0,0,0,0,0,0,0,0,0,0,0,0,0,0,0,0,0,0,0,0,0,0,0,0,0,0,0,0,0,0,0,0,17,17,113,20,4294967295,158,17,4294967295,14,4294967295
120,0.899999976,261,261,1,512,76,436,33,436,43,477,33280,10258,23022,23022,0,532,9726,0,0,0,1023,10,17,0,1048576,0,0,0,inf,0.81111145,1.00848389,0.718338013,0,0,0,0,0,0,0,0,0,0,0,0,0,0,0,0,0,0,0,0,0,0,0,767,0,0,0,0,0,0,0,0,0,0,0,0,0,0,0,0,0,0,0,0,0,0,0,0,0,0,0,0,0,0,0,0,0,0,0,0,0,0,0,0,0,0,0,0,0,0,0,0,0,0,0,0,0,0,0,0,0,0,0,0,0,0,0,0,0,6,6,2,3,7,36,6,9,10,10
121,1,261,261,1,512,11,501,3,501,8,512,33280,14771,18509,18509,0,68,14703,0,0,0,1023,10,17,0,1048576,0,0,0,inf,0.950469971,1.12811279,0.975723267,0,0,0,0,0,0,0,0,0,0,0,0,0,0,0,0,0,0,0,0,0,0,0,1023,0,0,0,0,0,0,0,0,0,0,0,0,0,0,0,0,0,0,0,0,0,0,0,0,0,0,0,0,0,0,0,0,0,0,0,0,0,0,0,0,0,0,0,0,0,0,0,0,0,0,0,0,0,0,0,0,0,0,0,0,0,0,0,0,0,2,8,84,2,6,8,86,2,8,76
122,1,261,261,1,512,87,425,14,425,73,447,33280,17883,15397,15397,0,764,17119,0,0,0,1023,10,17,0,1048576,0,0,0,inf,1.12825012,1.29353333,0.847869873,0,0,0,0,0,0,0,0,0,0,0,0,0,0,0,0,0,0,0,0,0,0,0,1023,0,0,0,0,0,0,0,0,0,0,0,0,0,0,0,0,0,0,0,0,0,0,0,0,0,0,0,0,0,0,0,0,0,0,0,0,0,0,0,0,0,0,0,0,0,0,0,0,0,0,0,0,0,0,0,0,0,0,0,0,0,0,0,0,0,3,3,4,4,2,4,4,2,3,3
123,0.5,261,261,1,512,5,507,1,507,4,516,33280,5936,27344,27344,0,19,5917,0,0,0,1023,5,17,0,1048576,0,0,0,inf,0.664321899,0.981216431,inf,0,0,0,0,0,0,0,0,0,0,0,0,0,0,0,0,0,0,0,0,0,0,0,79,0,0,0,0,0,0,0,0,0,0,0,0,0,0,0,0,0,0,0,0,0,0,0,0,0,0,0,0,0,0,0,0,0,0,0,0,0,0,0,0,0,0,0,0,0,0,0,0,0,0,0,0,0,0,0,0,0,0,0,0,0,0,0,0,0,2,5,7,2,19,47,208,35,25,159
124,0.200000003,261,261,1,512,2,510,0,510,2,518,33280,9594,23686,23686,0,5,9589,0,0,0,47,2,17,0,1048576,0,0,0,inf,0.927200317,1.18357849,inf,0,0,0,0,0,0,0,0,0,0,0,0,0,0,0,0,0,0,0,0,0,0,0,3,0,0,0,0,0,0,0,0,0,0,0,0,0,0,0,0,0,0,0,0,0,0,0,0,0,0,0,0,0,0,0,0,0,0,0,0,0,0,0,0,0,0,0,0,0,0,0,0,0,0,0,0,0,0,0,0,0,0,0,0,0,0,0,0,0,2,3,1,45,4294967295,46,4294967295,4294967295,4294967295,4294967295
125,1,261,261,1,512,14,498,7,498,7,513,33280,18498,14782,14782,0,211,18287,0,0,0,1023,10,17,0,1048576,0,0,0,inf,0.912826538,1.09553528,0.925613403,0,0,0,0,0,0,0,0,0,0,0,0,0,0,0,0,0,0,0,0,0,0,0,1023,0,0,0,0,0,0,0,0,0,0,0,0,0,0,0,0,0,0,0,0,0,0,0,0,0,0,0,0,0,0,0,0,0,0,0,0,0,0,0,0,0,0,0,0,0,0,0,0,0,0,0,0,0,0,0,0,0,0,0,0,0,0,0,0,0,50,5,33,35,5,103,12,118,59,6
126,1,261,261,1,512,17,495,2,495,15,505,33280,19053,14227,14227,0,51,19002,0,0,0,1023,10,17,0,1048576,0,0,0,inf,0.987380981,1.15283203,0.790100098,0,0,0,0,0,0,0,0,0,0,0,0,0,0,0,0,0,0,0,0,0,0,0,1023,0,0,0,0,0,0,0,0,0,0,0,0,0,0,0,0,0,0,0,0,0,0,0,0,0,0,0,0,0,0,0,0,0,0,0,0,0,0,0,0,0,0,0,0,0,0,0,0,0,0,0,0,0,0,0,0,0,0,0,0,0,0,0,0,0,3,2,4,3,3,4,4,4,3,4
127,0.200000003,261,261,1,512,2,510,0,510,2,518,33280,15993,17287,17287,0,53,15940,0,0,0,943,2,17,0,1048576,0,0,0,inf,0.897399902,1.08401489,inf,0,0,0,0,0,0,0,0,0,0,0,0,0,0,0,0,0,0,0,0,0,0,0,3,0,0,0,0,0,0,0,0,0,0,0,0,0,0,0,0,0,0,0,0,0,0,0,0,0,0,0,0,0,0,0,0,0,0,0,0,0,0,0,0,0,0,0,0,0,0,0,0,0,0,0,0,0,0,0,0,0,0,0,0,0,0,0,0,0,14,14,14,9,4294967295,20,4294967295,119,104,25
128,0.300000012,261,261,1,512,3,509,1,509,2,518,33280,21419,11861,11861,0,68,21351,0,0,0,1007,3,17,0,1048576,0,0,0,inf,1.00360107,1.20474243,inf,0,0,0,0,0,0,0,0,0,0,0,0,0,0,0,0,0,0,0,0,0,0,0,7,0,0,0,0,0,0,0,0,0,0,0,0,0,0,0,0,0,0,0,0,0,0,0,0,0,0,0,0,0,0,0,0,0,0,0,0,0,0,0,0,0,0,0,0,0,0,0,0,0,0,0,0,0,0,0,0,0,0,0,0,0,0,0,0,0,6,8,149,9,4294967295,20,99,133,186,45
129,0.800000012,261,261,1,512,10,502,2,502,8,512,33280,14630,18650,18650,0,108,14522,0,0,0,1023,10,17,0,1048576,0,0,0,inf,0.965774536,1.18302917,1.15037537,0,0,0,0,0,0,0,0,0,0,0,0,0,0,0,0,0,0,0,0,0,0,0,255,0,0,0,0,0,0,0,0,0,0,0,0,0,0,0,0,0,0,0,0,0,0,0,0,0,0,0,0,0,0,0,0,0,0,0,0,0,0,0,0,0,0,0,0,0,0,0,0,0,0,0,0,0,0,0,0,0,0,0,0,0,0,0,0,0,7,9,5,39,6,14,33,22,4,23
130,1,259,261,3,512,512,0,0,0,512,3,32960,10796,22164,22164,0,5266,5530,0,0,0,1023,10,17,0,1048576,0,0,0,inf,inf,0.721450806,0.49546814,0,0,0,0,0,0,0,0,0,0,0,0,0,0,0,0,0,0,0,0,0,0,0,1023,0,0,0,0,0,0,0,0,0,0,0,0,0,0,0,0,0,0,0,0,0,0,0,0,0,0,0,0,0,0,0,0,0,0,0,0,0,0,0,0,0,0,0,0,0,0,0,0,0,0,0,0,0,0,0,0,0,0,0,0,0,0,0,0,0,0,0,1,1,1,1,1,1,2,0
131,0.899999976,261,261,1,512,10,502,3,502,7,513,33280,13006,20274,20274,0,122,12884,0,0,0,1023,10,17,0,1048576,0,0,0,inf,1.4801178,1.68981934,1.68588257,0,0,0,0,0,0,0,0,0,0,0,0,0,0,0,0,0,0,0,0,0,0,0,511,0,0,0,0,0,0,0,0,0,0,0,0,0,0,0,0,0,0,0,0,0,0,0,0,0,0,0,0,0,0,0,0,0,0,0,0,0,0,0,0,0,0,0,0,0,0,0,0,0,0,0,0,0,0,0,0,0,0,0,0,0,0,0,0,0,3,5,31,26,6,221,163,3,41,11
132,0.200000003,261,261,1,512,2,510,1,510,1,519,33280,15492,17788,17788,0,62,15430,0,0,0,255,2,17,0,1048576,0,0,0,inf,0.890930176,1.06892395,inf,0,0,0,0,0,0,0,0,0,0,0,0,0,0,0,0,0,0,0,0,0,0,0,9,0,0,0,0,0,0,0,0,0,0,0,0,0,0,0,0,0,0,0,0,0,0,0,0,0,0,0,0,0,0,0,0,0,0,0,0,0,0,0,0,0,0,0,0,0,0,0,0,0,0,0,0,0,0,0,0,0,0,0,0,0,0,0,0,0,4,16,16,163,32,44,5,23,4294967295,4294967295
133,0,261,261,1,512,0,512,0,512,0,520,33280,16263,17017,17017,0,27,16236,0,0,0,1023,0,17,0,1048576,0,0,0,inf,0.817077637,0.989334106,inf,0,0,0,0,0,0,0,0,0,0,0,0,0,0,0,0,0,0,0,0,0,0,0,0,0,0,0,0,0,0,0,0,0,0,0,0,0,0,0,0,0,0,0,0,0,0,0,0,0,0,0,0,0,0,0,0,0,0,0,0,0,0,0,0,0,0,0,0,0,0,0,0,0,0,0,0,0,0,0,0,0,0,0,0,0,0,0,0,0,10,73,54,147,33,25,98,181,59,59
134,0.5,261,261,1,512,5,507,1,507,4,516,33280,18955,14325,14325,0,58,18897,0,0,0,511,5,17,0,1048576,0,0,0,inf,0.993057251,1.20126343,inf,0,0,0,0,0,0,0,0,0,0,0,0,0,0,0,0,0,0,0,0,0,0,0,47,0,0,0,0,0,0,0,0,0,0,0,0,0,0,0,0,0,0,0,0,0,0,0,0,0,0,0,0,0,0,0,0,0,0,0,0,0,0,0,0,0,0,0,0,0,0,0,0,0,0,0,0,0,0,0,0,0,0,0,0,0,0,0,0,0,6,34,30,23,2,197,50,6,59,4294967295
135,0.300000012,261,261,1,512,6,506,4,506,2,518,33280,4830,28450,28450,0,26,4804,0,0,0,255,6,17,0,1048576,0,0,0,inf,0.818481445,1.40460205,inf,0,0,0,0,0,0,0,0,0,0,0,0,0,0,0,0,0,0,0,0,0,0,0,35,0,0,0,0,0,0,0,0,0,0,0,0,0,0,0,0,0,0,0,0,0,0,0,0,0,0,0,0,0,0,0,0,0,0,0,0,0,0,0,0,0,0,0,0,0,0,0,0,0,0,0,0,0,0,0,0,0,0,0,0,0,0,0,0,0,4,5,42,12,30,118,24,74,4294967295,4294967295
136,0.100000001,261,261,1,512,1,511,1,511,0,520,33280,12592,20688,20688,0,50,12542,0,0,0,1023,1,17,0,1048576,0,0,0,inf,0.63369751,0.801940918,inf,0,0,0,0,0,0,0,0,0,0,0,0,0,0,0,0,0,0,0,0,0,0,0,4,0,0,0,0,0,0,0,0,0,0,0,0,0,0,0,0,0,0,0,0,0,0,0,0,0,0,0,0,0,0,0,0,0,0,0,0,0,0,0,0,0,0,0,0,0,0,0,0,0,0,0,0,0,0,0,0,0,0,0,0,0,0,0,0,0,10,40,147,97,96,17,14,88,8,113
137,0.100000001,261,261,1,512,1,511,1,511,0,520,33280,15469,17811,17811,0,4,15465,0,0,0,67,1,17,0,1048576,0,0,0,inf,0.563293457,0.710647583,inf,0,0,0,0,0,0,0,0,0,0,0,0,0,0,0,0,0,0,0,0,0,0,0,1,0,0,0,0,0,0,0,0,0,0,0,0,0,0,0,0,0,0,0,0,0,0,0,0,0,0,0,0,0,0,0,0,0,0,0,0,0,0,0,0,0,0,0,0,0,0,0,0,0,0,0,0,0,0,0,0,0,0,0,0,0,0,0,0,0,195,243,4294967295,4294967295,4294967295,4294967295,210,4294967295,4294967295,4294967295
138,1,261,261,1,512,26,486,8,486,18,502,33280,11434,21846,21846,0,232,11202,0,0,0,1023,10,17,0,1048576,0,0,0,inf,0.360076904,0.53338623,0.338119507,0,0,0,0,0,0,0,0,0,0,0,0,0,0,0,0,0,0,0,0,0,0,0,1023,0,0,0,0,0,0,0,0,0,0,0,0,0,0,0,0,0,0,0,0,0,0,0,0,0,0,0,0,0,0,0,0,0,0,0,0,0,0,0,0,0,0,0,0,0,0,0,0,0,0,0,0,0,0,0,0,0,0,0,0,0,0,0,0,0,5,5,15,5,8,12,20,6,8,10
139,0.100000001,261,261,1,512,1,511,1,511,0,520,33280,6542,26738,26738,0,6,6536,0,0,0,543,1,17,0,1048576,0,0,0,inf,1.02053833,1.45471191,inf,0,0,0,0,0,0,0,0,0,0,0,0,0,0,0,0,0,0,0,0,0,0,0,1,0,0,0,0,0,0,0,0,0,0,0,0,0,0,0,0,0,0,0,0,0,0,0,0,0,0,0,0,0,0,0,0,0,0,0,0,0,0,0,0,0,0,0,0,0,0,0,0,0,0,0,0,0,0,0,0,0,0,0,0,0,0,0,0,0,16,16,26,106,58,4294967295,4294967295,4294967295,4294967295,103
140,1,261,261,1,512,61,451,32,451,29,491,33280,10551,22729,22729,0,469,10082,0,0,0,1023,10,17,0,1048576,0,0,0,inf,0.484573364,0.705871582,0.430343628,0,0,0,0,0,0,0,0,0,0,0,0,0,0,0,0,0,0,0,0,0,0,0,1023,0,0,0,0,0,0,0,0,0,0,0,0,0,0,0,0,0,0,0,0,0,0,0,0,0,0,0,0,0,0,0,0,0,0,0,0,0,0,0,0,0,0,0,0,0,0,0,0,0,0,0,0,0,0,0,0,0,0,0,0,0,0,0,0,0,2,19,6,3,10,12,19,4,26,6
141,0.200000003,261,261,1,512,2,510,0,510,2,518,33280,22713,10567,10567,0,32,22681,0,0,0,879,2,17,0,1048576,0,0,0,inf,1.07739258,1.22505188,inf,0,0,0,0,0,0,0,0,0,0,0,0,0,0,0,0,0,0,0,0,0,0,0,3,0,0,0,0,0,0,0,0,0,0,0,0,0,0,0,0,0,0,0,0,0,0,0,0,0,0,0,0,0,0,0,0,0,0,0,0,0,0,0,0,0,0,0,0,0,0,0,0,0,0,0,0,0,0,0,0,0,0,0,0,0,0,0,0,0,11,27,28,160,4294967295,200,61,4294967295,54,39
142,0.100000001,261,261,1,512,1,511,0,511,1,519,33280,8581,24699,24699,0,5,8576,0,0,0,17,1,17,0,1048576,0,0,0,inf,1.21104431,1.53063965,inf,0,0,0,0,0,0,0,0,0,0,0,0,0,0,0,0,0,0,0,0,0,0,0,1,0,0,0,0,0,0,0,0,0,0,0,0,0,0,0,0,0,0,0,0,0,0,0,0,0,0,0,0,0,0,0,0,0,0,0,0,0,0,0,0,0,0,0,0,0,0,0,0,0,0,0,0,0,0,0,0,0,0,0,0,0,0,0,0,0,3,4294967295,4294967295,4294967295,72,4294967295,4294967295,4294967295,4294967295,4294967295
143,0.100000001,261,261,1,512,1,511,0,511,1,519,33280,23647,9633,9633,0,46,23601,0,0,0,847,2,17,0,1048576,0,0,0,inf,0.840713501,0.99079895,inf,0,0,0,0,0,0,0,0,0,0,0,0,0,0,0,0,0,0,0,0,0,0,0,1,0,0,0,0,0,0,0,0,0,0,0,0,0,0,0,0,0,0,0,0,0,0,0,0,0,0,0,0,0,0,0,0,0,0,0,0,0,0,0,0,0,0,0,0,0,0,0,0,0,0,0,0,0,0,0,0,0,0,0,0,0,0,0,0,0,8,21,32,198,4294967295,4294967295,45,4294967295,64,107
144,0.100000001,261,261,1,512,1,511,0,511,1,519,33280,19947,13333,13333,0,50,19897,0,0,0,567,1,17,0,1048576,0,0,0,inf,1.20799255,1.34332275,inf,0,0,0,0,0,0,0,0,0,0,0,0,0,0,0,0,0,0,0,0,0,0,0,1,0,0,0,0,0,0,0,0,0,0,0,0,0,0,0,0,0,0,0,0,0,0,0,0,0,0,0,0,0,0,0,0,0,0,0,0,0,0,0,0,0,0,0,0,0,0,0,0,0,0,0,0,0,0,0,0,0,0,0,0,0,0,0,0,0,4,13,3,4294967295,14,2,4294967295,4294967295,4294967295,144
145,1,261,261,1,512,23,489,7,489,16,504,33280,9469,23811,23811,0,246,9223,0,0,0,1023,10,17,0,1048576,0,0,0,inf,0.829055786,1.05386353,0.79006958,0,0,0,0,0,0,0,0,0,0,0,0,0,0,0,0,0,0,0,0,0,0,0,1023,0,0,0,0,0,0,0,0,0,0,0,0,0,0,0,0,0,0,0,0,0,0,0,0,0,0,0,0,0,0,0,0,0,0,0,0,0,0,0,0,0,0,0,0,0,0,0,0,0,0,0,0,0,0,0,0,0,0,0,0,0,0,0,0,0,6,3,1,7,10,11,8,24,4,3
146,1,261,261,1,512,34,478,25,478,9,511,33280,12176,21104,21104,0,328,11848,0,0,0,1023,10,17,0,1048576,0,0,0,inf,0.856674194,1.08404541,0.859664917,0,0,0,0,0,0,0,0,0,0,0,0,0,0,0,0,0,0,0,0,0,0,0,1023,0,0,0,0,0,0,0,0,0,0,0,0,0,0,0,0,0,0,0,0,0,0,0,0,0,0,0,0,0,0,0,0,0,0,0,0,0,0,0,0,0,0,0,0,0,0,0,0,0,0,0,0,0,0,0,0,0,0,0,0,0,0,0,0,0,19,3,11,35,2,60,13,1,12,62
147,0.400000006,261,261,1,512,4,508,0,508,4,516,33280,14476,18804,18804,0,51,14425,0,0,0,767,4,17,0,1048576,0,0,0,inf,1.44198608,1.65304565,inf,0,0,0,0,0,0,0,0,0,0,0,0,0,0,0,0,0,0,0,0,0,0,0,15,0,0,0,0,0,0,0,0,0,0,0,0,0,0,0,0,0,0,0,0,0,0,0,0,0,0,0,0,0,0,0,0,0,0,0,0,0,0,0,0,0,0,0,0,0,0,0,0,0,0,0,0,0,0,0,0,0,0,0,0,0,0,0,0,0,2,97,68,3,44,3,14,20,4294967295,81
148,0.699999988,261,261,1,512,7,505,5,505,3,517,33280,17097,16183,16183,0,109,16988,0,0,0,1023,8,17,0,1048576,0,0,0,inf,0.521789551,0.634552002,inf,0,0,0,0,0,0,0,0,0,0,0,0,0,0,0,0,0,0,0,0,0,0,0,191,0,0,0,0,0,0,0,0,0,0,0,0,0,0,0,0,0,0,0,0,0,0,0,0,0,0,0,0,0,0,0,0,0,0,0,0,0,0,0,0,0,0,0,0,0,0,0,0,0,0,0,0,0,0,0,0,0,0,0,0,0,0,0,0,0,14,11,13,71,6,42,1,168,30,11
149,0.699999988,261,261,1,512,7,505,2,505,5,515,33280,19863,13417,13417,0,88,19775,0,0,0,1023,7,17,0,1048576,0,0,0,inf,1.15162659,1.27709961,inf,0,0,0,0,0,0,0,0,0,0,0,0,0,0,0,0,0,0,0,0,0,0,0,191,0,0,0,0,0,0,0,0,0,0,0,0,0,0,0,0,0,0,0,0,0,0,0,0,0,0,0,0,0,0,0,0,0,0,0,0,0,0,0,0,0,0,0,0,0,0,0,0,0,0,0,0,0,0,0,0,0,0,0,0,0,0,0,0,0,9,82,11,11,12,12,6,128,109,35
150,0.300000012,261,261,1,512,4,508,4,508,0,520,33280,17836,15444,15444,0,105,17731,0,0,0,423,5,17,0,1048576,0,0,0,inf,0.882263184,1.02311707,inf,0,0,0,0,0,0,0,0,0,0,0,0,0,0,0,0,0,0,0,0,0,0,0,7,0,0,0,0,0,0,0,0,0,0,0,0,0,0,0,0,0,0,0,0,0,0,0,0,0,0,0,0,0,0,0,0,0,0,0,0,0,0,0,0,0,0,0,0,0,0,0,0,0,0,0,0,0,0,0,0,0,0,0,0,0,0,0,0,0,19,29,89,4294967295,4294967295,31,4294967295,4,29,4294967295
151,0.200000003,261,261,1,512,2,510,1,510,1,519,33280,18051,15229,15229,0,48,18003,0,0,0,703,2,17,0,1048576,0,0,0,inf,1.22515869,1.36697388,inf,0,0,0,0,0,0,0,0,0,0,0,0,0,0,0,0,0,0,0,0,0,0,0,33,0,0,0,0,0,0,0,0,0,0,0,0,0,0,0,0,0,0,0,0,0,0,0,0,0,0,0,0,0,0,0,0,0,0,0,0,0,0,0,0,0,0,0,0,0,0,0,0,0,0,0,0,0,0,0,0,0,0,0,0,0,0,0,0,0,33,96,44,24,40,211,4294967295,215,4294967295,67
152,1,261,261,1,512,359,153,122,153,238,282,33280,14408,18872,18872,0,5908,8500,0,0,0,1023,10,17,0,1048576,0,0,0,inf,1.08392334,1.24913025,0.918792725,0,0,0,0,0,0,0,0,0,0,0,0,0,0,0,0,0,0,0,0,0,0,0,1023,0,0,0,0,0,0,0,0,0,0,0,0,0,0,0,0,0,0,0,0,0,0,0,0,0,0,0,0,0,0,0,0,0,0,0,0,0,0,0,0,0,0,0,0,0,0,0,0,0,0,0,0,0,0,0,0,0,0,0,0,0,0,0,0,0,6,5,3,6,16,7,3,10,10,4
153,0.100000001,261,261,1,512,1,511,1,511,0,520,33280,16052,17228,17228,0,27,16025,0,0,0,175,1,17,0,1048576,0,0,0,inf,0.862747192,1.02740479,inf,0,0,0,0,0,0,0,0,0,0,0,0,0,0,0,0,0,0,0,0,0,0,0,1,0,0,0,0,0,0,0,0,0,0,0,0,0,0,0,0,0,0,0,0,0,0,0,0,0,0,0,0,0,0,0,0,0,0,0,0,0,0,0,0,0,0,0,0,0,0,0,0,0,0,0,0,0,0,0,0,0,0,0,0,0,0,0,0,0,169,143,19,41,4294967295,80,4294967295,19,4294967295,4294967295
154,1,261,261,1,512,39,473,20,473,19,501,33280,19697,13583,13583,0,386,19311,0,0,0,1023,10,17,0,1048576,0,0,0,inf,0.875671387,1.02565002,0.806549072,0,0,0,0,0,0,0,0,0,0,0,0,0,0,0,0,0,0,0,0,0,0,0,1023,0,0,0,0,0,0,0,0,0,0,0,0,0,0,0,0,0,0,0,0,0,0,0,0,0,0,0,0,0,0,0,0,0,0,0,0,0,0,0,0,0,0,0,0,0,0,0,0,0,0,0,0,0,0,0,0,0,0,0,0,0,0,0,0,0,18,11,20,43,17,4,19,76,19,6
155,0.100000001,261,261,1,512,1,511,0,511,1,519,33280,14959,18321,18321,0,12,14947,0,0,0,31,1,17,0,1048576,0,0,0,inf,0.805633545,1.02075195,inf,0,0,0,0,0,0,0,0,0,0,0,0,0,0,0,0,0,0,0,0,0,0,0,1,0,0,0,0,0,0,0,0,0,0,0,0,0,0,0,0,0,0,0,0,0,0,0,0,0,0,0,0,0,0,0,0,0,0,0,0,0,0,0,0,0,0,0,0,0,0,0,0,0,0,0,0,0,0,0,0,0,0,0,0,0,0,0,0,0,12,51,216,172,222,4294967295,4294967295,4294967295,4294967295,4294967295
156,0.5,261,261,1,512,5,507,2,507,3,517,33280,25018,8262,8262,0,268,24750,0,0,0,619,5,17,0,1048576,0,0,0,inf,1.12016296,1.24282837,inf,0,0,0,0,0,0,0,0,0,0,0,0,0,0,0,0,0,0,0,0,0,0,0,107,0,0,0,0,0,0,0,0,0,0,0,0,0,0,0,0,0,0,0,0,0,0,0,0,0,0,0,0,0,0,0,0,0,0,0,0,0,0,0,0,0,0,0,0,0,0,0,0,0,0,0,0,0,0,0,0,0,0,0,0,0,0,0,0,0,14,168,4294967295,9,4294967295,38,42,4294967295,4294967295,20
157,1,261,261,1,512,26,486,3,486,23,497,33280,16730,16550,16550,0,122,16608,0,0,0,1023,10,17,0,1048576,0,0,0,inf,1.02593994,1.17076111,0.664855957,0,0,0,0,0,0,0,0,0,0,0,0,0,0,0,0,0,0,0,0,0,0,0,1023,0,0,0,0,0,0,0,0,0,0,0,0,0,0,0,0,0,0,0,0,0,0,0,0,0,0,0,0,0,0,0,0,0,0,0,0,0,0,0,0,0,0,0,0,0,0,0,0,0,0,0,0,0,0,0,0,0,0,0,0,0,0,0,0,0,4,4,3,4,4,4,4,4,4,4
158,1,261,261,1,512,155,357,74,357,82,438,33280,9356,23924,23924,0,1126,8230,0,0,0,1023,10,17,0,1048576,0,0,0,inf,0.548797607,0.806030273,0.43145752,0,0,0,0,0,0,0,0,0,0,0,0,0,0,0,0,0,0,0,0,0,0,0,1023,0,0,0,0,0,0,0,0,0,0,0,0,0,0,0,0,0,0,0,0,0,0,0,0,0,0,0,0,0,0,0,0,0,0,0,0,0,0,0,0,0,0,0,0,0,0,0,0,0,0,0,0,0,0,0,0,0,0,0,0,0,0,0,0,0,5,9,4,6,9,8,8,5,5,4
159,1,261,261,1,512,31,481,6,481,25,495,33280,15679,17601,17601,0,84,15595,0,0,0,1023,10,17,0,1048576,0,0,0,inf,0.966308594,1.13412476,0.693344116,0,0,0,0,0,0,0,0,0,0,0,0,0,0,0,0,0,0,0,0,0,0,0,1023,0,0,0,0,0,0,0,0,0,0,0,0,0,0,0,0,0,0,0,0,0,0,0,0,0,0,0,0,0,0,0,0,0,0,0,0,0,0,0,0,0,0,0,0,0,0,0,0,0,0,0,0,0,0,0,0,0,0,0,0,0,0,0,0,0,1,2,2,2,2,2,3,2,2,2
160,0.400000006,261,261,1,512,4,508,1,508,3,517,33280,16671,16609,16609,0,39,16632,0,0,0,895,4,17,0,1048576,0,0,0,inf,1.20068359,1.36303711,inf,0,0,0,0,0,0,0,0,0,0,0,0,0,0,0,0,0,0,0,0,0,0,0,15,0,0,0,0,0,0,0,0,0,0,0,0,0,0,0,0,0,0,0,0,0,0,0,0,0,0,0,0,0,0,0,0,0,0,0,0,0,0,0,0,0,0,0,0,0,0,0,0,0,0,0,0,0,0,0,0,0,0,0,0,0,0,0,0,0,23,1,23,3,52,21,24,4294967295,9,142
161,1,261,261,1,512,19,493,8,493,11,509,33280,13406,19874,19874,0,212,13194,0,0,0,1023,10,17,0,1048576,0,0,0,inf,0.901275635,1.03964233,0.890823364,0,0,0,0,0,0,0,0,0,0,0,0,0,0,0,0,0,0,0,0,0,0,0,1023,0,0,0,0,0,0,0,0,0,0,0,0,0,0,0,0,0,0,0,0,0,0,0,0,0,0,0,0,0,0,0,0,0,0,0,0,0,0,0,0,0,0,0,0,0,0,0,0,0,0,0,0,0,0,0,0,0,0,0,0,0,0,0,0,0,14,4,4,24,17,11,3,35,43,16
162,0.400000006,261,261,1,512,5,507,1,507,4,516,33280,17523,15757,15757,0,127,17396,0,0,0,1023,5,17,0,1048576,0,0,0,inf,0.984283447,1.14625549,inf,0,0,0,0,0,0,0,0,0,0,0,0,0,0,0,0,0,0,0,0,0,0,0,15,0,0,0,0,0,0,0,0,0,0,0,0,0,0,0,0,0,0,0,0,0,0,0,0,0,0,0,0,0,0,0,0,0,0,0,0,0,0,0,0,0,0,0,0,0,0,0,0,0,0,0,0,0,0,0,0,0,0,0,0,0,0,0,0,0,2,4,13,5,70,76,49,19,67,23
163,1,261,261,1,511,14,497,4,497,10,510,33280,5775,27505,27505,0,37,5738,0,0,0,1023,10,17,0,1048576,0,0,0,inf,0.672439575,1.47193909,0.655822754,0,0,0,0,0,0,0,0,0,0,0,0,0,0,0,0,0,0,0,0,0,0,0,1023,0,0,0,0,0,0,0,0,0,0,0,0,0,0,0,0,0,0,0,0,0,0,0,0,0,0,0,0,0,0,0,0,0,0,0,0,0,0,0,0,0,0,0,0,0,0,0,0,0,0,0,0,0,0,0,0,0,0,0,0,0,0,0,0,0,3,9,5,18,11,4,4,8,8,3
164,0.200000003,261,261,1,512,3,509,2,509,1,519,33280,13866,19414,19414,0,92,13774,0,0,0,1023,3,17,0,1048576,0,0,0,inf,0.3046875,0.470855713,inf,0,0,0,0,0,0,0,0,0,0,0,0,0,0,0,0,0,0,0,0,0,0,0,33,0,0,0,0,0,0,0,0,0,0,0,0,0,0,0,0,0,0,0,0,0,0,0,0,0,0,0,0,0,0,0,0,0,0,0,0,0,0,0,0,0,0,0,0,0,0,0,0,0,0,0,0,0,0,0,0,0,0,0,0,0,0,0,0,0,2,30,13,11,19,139,22,55,53,43
165,1,261,261,1,512,16,496,6,496,10,510,33280,6287,26993,26993,0,62,6225,0,0,0,1023,10,17,0,1048576,0,0,0,inf,0.8462677,1.17529297,0.828094482,0,0,0,0,0,0,0,0,0,0,0,0,0,0,0,0,0,0,0,0,0,0,0,1023,0,0,0,0,0,0,0,0,0,0,0,0,0,0,0,0,0,0,0,0,0,0,0,0,0,0,0,0,0,0,0,0,0,0,0,0,0,0,0,0,0,0,0,0,0,0,0,0,0,0,0,0,0,0,0,0,0,0,0,0,0,0,0,0,0,5,31,17,15,4,4,34,12,4,35
166,0.800000012,261,261,1,512,11,501,7,501,4,516,33280,12973,20307,20307,0,55,12918,0,0,0,1023,10,17,0,1048576,0,0,0,inf,1.27996826,1.6232605,1.44084167,0,0,0,0,0,0,0,0,0,0,0,0,0,0,0,0,0,0,0,0,0,0,0,255,0,0,0,0,0,0,0,0,0,0,0,0,0,0,0,0,0,0,0,0,0,0,0,0,0,0,0,0,0,0,0,0,0,0,0,0,0,0,0,0,0,0,0,0,0,0,0,0,0,0,0,0,0,0,0,0,0,0,0,0,0,0,0,0,0,9,10,81,103,7,4,242,81,49,49
167,0.200000003,261,261,1,512,2,510,1,510,1,519,33280,21116,12164,12164,0,50,21066,0,0,0,871,3,17,0,1048576,0,0,0,inf,1.19270325,1.28948975,inf,0,0,0,0,0,0,0,0,0,0,0,0,0,0,0,0,0,0,0,0,0,0,0,3,0,0,0,0,0,0,0,0,0,0,0,0,0,0,0,0,0,0,0,0,0,0,0,0,0,0,0,0,0,0,0,0,0,0,0,0,0,0,0,0,0,0,0,0,0,0,0,0,0,0,0,0,0,0,0,0,0,0,0,0,0,0,0,0,0,4,211,48,4294967295,4294967295,21,30,4294967295,24,257
168,1,261,261,1,512,19,493,7,493,12,508,33280,19225,14055,14055,0,373,18852,0,0,0,1023,10,17,0,1048576,0,0,0,inf,0.706787109,0.801879883,0.69380188,0,0,0,0,0,0,0,0,0,0,0,0,0,0,0,0,0,0,0,0,0,0,0,1023,0,0,0,0,0,0,0,0,0,0,0,0,0,0,0,0,0,0,0,0,0,0,0,0,0,0,0,0,0,0,0,0,0,0,0,0,0,0,0,0,0,0,0,0,0,0,0,0,0,0,0,0,0,0,0,0,0,0,0,0,0,0,0,0,0,1,2,39,11,52,11,3,7,47,88
169,0.800000012,261,261,1,512,11,501,7,501,4,516,33280,22611,10669,10669,0,108,22503,0,0,0,959,10,17,0,1048576,0,0,0,inf,0.970367432,1.07989502,1.02516174,0,0,0,0,0,0,0,0,0,0,0,0,0,0,0,0,0,0,0,0,0,0,0,447,0,0,0,0,0,0,0,0,0,0,0,0,0,0,0,0,0,0,0,0,0,0,0,0,0,0,0,0,0,0,0,0,0,0,0,0,0,0,0,0,0,0,0,0,0,0,0,0,0,0,0,0,0,0,0,0,0,0,0,0,0,0,0,0,0,6,6,6,63,11,185,4294967295,177,36,39
170,0.800000012,261,261,1,512,8,504,1,504,7,513,33280,14145,19135,19135,0,73,14072,0,0,0,1023,8,17,0,1048576,0,0,0,inf,1.04533386,1.24365234,inf,0,0,0,0,0,0,0,0,0,0,0,0,0,0,0,0,0,0,0,0,0,0,0,383,0,0,0,0,0,0,0,0,0,0,0,0,0,0,0,0,0,0,0,0,0,0,0,0,0,0,0,0,0,0,0,0,0,0,0,0,0,0,0,0,0,0,0,0,0,0,0,0,0,0,0,0,0,0,0,0,0,0,0,0,0,0,0,0,0,9,2,15,36,12,32,32,8,76,83
171,0.5,261,261,1,512,5,507,2,507,3,517,33280,11816,21464,21464,0,23,11793,0,0,0,511,5,17,0,1048576,0,0,0,inf,0.634109497,0.874954224,inf,0,0,0,0,0,0,0,0,0,0,0,0,0,0,0,0,0,0,0,0,0,0,0,47,0,0,0,0,0,0,0,0,0,0,0,0,0,0,0,0,0,0,0,0,0,0,0,0,0,0,0,0,0,0,0,0,0,0,0,0,0,0,0,0,0,0,0,0,0,0,0,0,0,0,0,0,0,0,0,0,0,0,0,0,0,0,0,0,0,8,23,32,94,39,252,8,67,60,4294967295
172,1,261,261,1,512,40,472,12,472,28,492,33280,17947,15333,15333,0,313,17634,0,0,0,1023,10,17,0,1048576,0,0,0,inf,1.09658813,1.25871277,0.993759155,0,0,0,0,0,0,0,0,0,0,0,0,0,0,0,0,0,0,0,0,0,0,0,1023,0,0,0,0,0,0,0,0,0,0,0,0,0,0,0,0,0,0,0,0,0,0,0,0,0,0,0,0,0,0,0,0,0,0,0,0,0,0,0,0,0,0,0,0,0,0,0,0,0,0,0,0,0,0,0,0,0,0,0,0,0,0,0,0,0,12,25,3,5,17,3,13,3,12,5
173,0.699999988,261,261,1,512,7,505,2,505,5,515,33280,16026,17254,17254,0,84,15942,0,0,0,1023,7,17,0,1048576,0,0,0,inf,0.546661377,0.67829895,inf,0,0,0,0,0,0,0,0,0,0,0,0,0,0,0,0,0,0,0,0,0,0,0,223,0,0,0,0,0,0,0,0,0,0,0,0,0,0,0,0,0,0,0,0,0,0,0,0,0,0,0,0,0,0,0,0,0,0,0,0,0,0,0,0,0,0,0,0,0,0,0,0,0,0,0,0,0,0,0,0,0,0,0,0,0,0,0,0,0,5,32,40,4,21,2,107,82,14,31
174,1,261,261,1,512,110,402,53,402,57,463,33280,20862,12418,12418,0,1972,18890,0,0,0,1023,10,17,0,1048576,0,0,0,inf,0.962173462,1.09919739,0.859451294,0,0,0,0,0,0,0,0,0,0,0,0,0,0,0,0,0,0,0,0,0,0,0,1023,0,0,0,0,0,0,0,0,0,0,0,0,0,0,0,0,0,0,0,0,0,0,0,0,0,0,0,0,0,0,0,0,0,0,0,0,0,0,0,0,0,0,0,0,0,0,0,0,0,0,0,0,0,0,0,0,0,0,0,0,0,0,0,0,0,4,17,7,5,15,9,14,11,11,10
175,0,261,261,1,512,0,512,0,512,0,520,33280,18391,14889,14889,0,42,18349,0,0,0,315,0,17,0,1048576,0,0,0,inf,1.13169861,1.32475281,inf,0,0,0,0,0,0,0,0,0,0,0,0,0,0,0,0,0,0,0,0,0,0,0,0,0,0,0,0,0,0,0,0,0,0,0,0,0,0,0,0,0,0,0,0,0,0,0,0,0,0,0,0,0,0,0,0,0,0,0,0,0,0,0,0,0,0,0,0,0,0,0,0,0,0,0,0,0,0,0,0,0,0,0,0,0,0,0,0,0,25,21,4294967295,110,10,146,4294967295,4294967295,10,4294967295
176,0.800000012,261,261,1,512,8,504,5,504,3,517,33280,21660,11620,11620,0,185,21475,0,0,0,1023,8,17,0,1048576,0,0,0,inf,0.971878052,1.08976746,inf,0,0,0,0,0,0,0,0,0,0,0,0,0,0,0,0,0,0,0,0,0,0,0,255,0,0,0,0,0,0,0,0,0,0,0,0,0,0,0,0,0,0,0,0,0,0,0,0,0,0,0,0,0,0,0,0,0,0,0,0,0,0,0,0,0,0,0,0,0,0,0,0,0,0,0,0,0,0,0,0,0,0,0,0,0,0,0,0,0,21,7,22,5,38,8,38,95,17,6
177,1,261,261,1,512,18,494,9,494,9,511,33280,17774,15506,15506,0,373,17401,0,0,0,1023,10,17,0,1048576,0,0,0,inf,1.01956177,1.1807251,1.05450439,0,0,0,0,0,0,0,0,0,0,0,0,0,0,0,0,0,0,0,0,0,0,0,1023,0,0,0,0,0,0,0,0,0,0,0,0,0,0,0,0,0,0,0,0,0,0,0,0,0,0,0,0,0,0,0,0,0,0,0,0,0,0,0,0,0,0,0,0,0,0,0,0,0,0,0,0,0,0,0,0,0,0,0,0,0,0,0,0,0,6,6,5,12,19,15,42,177,19,10
178,0,261,261,1,512,0,512,0,512,0,520,33280,20781,12499,12499,0,28,20753,0,0,0,759,0,17,0,1048576,0,0,0,inf,1.11291504,1.26341248,inf,0,0,0,0,0,0,0,0,0,0,0,0,0,0,0,0,0,0,0,0,0,0,0,0,0,0,0,0,0,0,0,0,0,0,0,0,0,0,0,0,0,0,0,0,0,0,0,0,0,0,0,0,0,0,0,0,0,0,0,0,0,0,0,0,0,0,0,0,0,0,0,0,0,0,0,0,0,0,0,0,0,0,0,0,0,0,0,0,0,6,15,154,4294967295,217,122,122,21,4294967295,116
179,0.200000003,261,261,1,512,2,510,0,510,2,518,33280,8159,25121,25121,0,25,8134,0,0,0,1023,2,17,0,1048576,0,0,0,inf,1.11306763,1.49078369,inf,0,0,0,0,0,0,0,0,0,0,0,0,0,0,0,0,0,0,0,0,0,0,0,3,0,0,0,0,0,0,0,0,0,0,0,0,0,0,0,0,0,0,0,0,0,0,0,0,0,0,0,0,0,0,0,0,0,0,0,0,0,0,0,0,0,0,0,0,0,0,0,0,0,0,0,0,0,0,0,0,0,0,0,0,0,0,0,0,0,16,7,51,61,41,53,36,46,29,111
180,0.5,261,261,1,512,5,507,2,507,3,517,33280,14153,19127,19127,0,60,14093,0,0,0,1023,5,17,0,1048576,0,0,0,inf,1.02583313,1.25605774,inf,0,0,0,0,0,0,0,0,0,0,0,0,0,0,0,0,0,0,0,0,0,0,0,31,0,0,0,0,0,0,0,0,0,0,0,0,0,0,0,0,0,0,0,0,0,0,0,0,0,0,0,0,0,0,0,0,0,0,0,0,0,0,0,0,0,0,0,0,0,0,0,0,0,0,0,0,0,0,0,0,0,0,0,0,0,0,0,0,0,9,3,11,25,116,2,12,7,23,51
181,0.699999988,261,261,1,512,7,505,1,505,6,514,33280,22091,11189,11189,0,96,21995,0,0,0,959,8,17,0,1048576,0,0,0,inf,0.821060181,0.937667847,inf,0,0,0,0,0,0,0,0,0,0,0,0,0,0,0,0,0,0,0,0,0,0,0,191,0,0,0,0,0,0,0,0,0,0,0,0,0,0,0,0,0,0,0,0,0,0,0,0,0,0,0,0,0,0,0,0,0,0,0,0,0,0,0,0,0,0,0,0,0,0,0,0,0,0,0,0,0,0,0,0,0,0,0,0,0,0,0,0,0,15,45,115,34,7,17,4294967295,1,76,8
182,0.899999976,261,261,1,512,9,503,1,503,8,512,33280,16756,16524,16524,0,89,16667,0,0,0,1023,9,17,0,1048576,0,0,0,inf,1.37680054,1.59634399,inf,0,0,0,0,0,0,0,0,0,0,0,0,0,0,0,0,0,0,0,0,0,0,0,767,0,0,0,0,0,0,0,0,0,0,0,0,0,0,0,0,0,0,0,0,0,0,0,0,0,0,0,0,0,0,0,0,0,0,0,0,0,0,0,0,0,0,0,0,0,0,0,0,0,0,0,0,0,0,0,0,0,0,0,0,0,0,0,0,0,7,3,9,21,8,9,9,36,8,80
183,0.899999976,261,261,1,512,10,502,3,502,7,513,33280,13395,19885,19885,0,103,13292,0,0,0,1023,10,17,0,1048576,0,0,0,inf,1.06703186,1.27488708,1.20123291,0,0,0,0,0,0,0,0,0,0,0,0,0,0,0,0,0,0,0,0,0,0,0,511,0,0,0,0,0,0,0,0,0,0,0,0,0,0,0,0,0,0,0,0,0,0,0,0,0,0,0,0,0,0,0,0,0,0,0,0,0,0,0,0,0,0,0,0,0,0,0,0,0,0,0,0,0,0,0,0,0,0,0,0,0,0,0,0,0,2,2,3,4,4,12,56,17,47,33
184,0.300000012,261,261,1,512,3,509,0,509,3,517,33280,12715,20565,20565,0,40,12675,0,0,0,1023,3,17,0,1048576,0,0,0,inf,0.721298218,0.954025269,inf,0,0,0,0,0,0,0,0,0,0,0,0,0,0,0,0,0,0,0,0,0,0,0,7,0,0,0,0,0,0,0,0,0,0,0,0,0,0,0,0,0,0,0,0,0,0,0,0,0,0,0,0,0,0,0,0,0,0,0,0,0,0,0,0,0,0,0,0,0,0,0,0,0,0,0,0,0,0,0,0,0,0,0,0,0,0,0,0,0,11,17,74,25,38,7,96,21,40,77
185,0.899999976,261,261,1,512,9,503,3,503,6,514,33280,16678,16602,16602,0,116,16562,0,0,0,1023,9,17,0,1048576,0,0,0,inf,0.899658203,1.06411743,inf,0,0,0,0,0,0,0,0,0,0,0,0,0,0,0,0,0,0,0,0,0,0,0,767,0,0,0,0,0,0,0,0,0,0,0,0,0,0,0,0,0,0,0,0,0,0,0,0,0,0,0,0,0,0,0,0,0,0,0,0,0,0,0,0,0,0,0,0,0,0,0,0,0,0,0,0,0,0,0,0,0,0,0,0,0,0,0,0,0,4,19,7,10,5,9,7,6,34,154
186,0.5,261,261,1,512,5,507,2,507,3,517,33280,23414,9866,9866,0,133,23281,0,0,0,1023,6,17,0,1048576,0,0,0,inf,1.01652527,1.14654541,inf,0,0,0,0,0,0,0,0,0,0,0,0,0,0,0,0,0,0,0,0,0,0,0,151,0,0,0,0,0,0,0,0,0,0,0,0,0,0,0,0,0,0,0,0,0,0,0,0,0,0,0,0,0,0,0,0,0,0,0,0,0,0,0,0,0,0,0,0,0,0,0,0,0,0,0,0,0,0,0,0,0,0,0,0,0,0,0,0,0,28,22,20,45,207,19,109,219,24,23
187,0.200000003,261,261,1,512,2,510,1,510,1,519,33280,22227,11053,11053,0,66,22161,0,0,0,511,3,17,0,1048576,0,0,0,inf,1.17829895,1.32502747,inf,0,0,0,0,0,0,0,0,0,0,0,0,0,0,0,0,0,0,0,0,0,0,0,3,0,0,0,0,0,0,0,0,0,0,0,0,0,0,0,0,0,0,0,0,0,0,0,0,0,0,0,0,0,0,0,0,0,0,0,0,0,0,0,0,0,0,0,0,0,0,0,0,0,0,0,0,0,0,0,0,0,0,0,0,0,0,0,0,0,37,7,94,58,66,38,59,6,147,4294967295
188,1,261,261,1,512,18,494,6,494,12,508,33280,13718,19562,19562,0,252,13466,0,0,0,1023,10,17,0,1048576,0,0,0,inf,0.66859436,0.839263916,0.649932861,0,0,0,0,0,0,0,0,0,0,0,0,0,0,0,0,0,0,0,0,0,0,0,1023,0,0,0,0,0,0,0,0,0,0,0,0,0,0,0,0,0,0,0,0,0,0,0,0,0,0,0,0,0,0,0,0,0,0,0,0,0,0,0,0,0,0,0,0,0,0,0,0,0,0,0,0,0,0,0,0,0,0,0,0,0,0,0,0,0,3,9,8,2,42,7,2,2,77,24
189,0.699999988,261,261,1,512,7,505,4,505,3,517,33280,22632,10648,10648,0,113,22519,0,0,0,1007,7,17,0,1048576,0,0,0,inf,1.06900024,1.24125671,inf,0,0,0,0,0,0,0,0,0,0,0,0,0,0,0,0,0,0,0,0,0,0,0,239,0,0,0,0,0,0,0,0,0,0,0,0,0,0,0,0,0,0,0,0,0,0,0,0,0,0,0,0,0,0,0,0,0,0,0,0,0,0,0,0,0,0,0,0,0,0,0,0,0,0,0,0,0,0,0,0,0,0,0,0,0,0,0,0,0,21,226,226,6,4294967295,19,39,92,41,79
190,0.400000006,261,261,1,512,4,508,2,508,2,518,33280,10308,22972,22972,0,45,10263,0,0,0,895,4,17,0,1048576,0,0,0,inf,1.11775208,1.38703918,inf,0,0,0,0,0,0,0,0,0,0,0,0,0,0,0,0,0,0,0,0,0,0,0,263,0,0,0,0,0,0,0,0,0,0,0,0,0,0,0,0,0,0,0,0,0,0,0,0,0,0,0,0,0,0,0,0,0,0,0,0,0,0,0,0,0,0,0,0,0,0,0,0,0,0,0,0,0,0,0,0,0,0,0,0,0,0,0,0,0,4,5,9,40,20,3,34,4294967295,172,86
191,0.800000012,261,261,1,512,10,502,3,502,7,513,33280,15636,17644,17644,0,123,15513,0,0,0,1023,10,17,0,1048576,0,0,0,inf,0.689483643,0.802459717,0.762237549,0,0,0,0,0,0,0,0,0,0,0,0,0,0,0,0,0,0,0,0,0,0,0,255,0,0,0,0,0,0,0,0,0,0,0,0,0,0,0,0,0,0,0,0,0,0,0,0,0,0,0,0,0,0,0,0,0,0,0,0,0,0,0,0,0,0,0,0,0,0,0,0,0,0,0,0,0,0,0,0,0,0,0,0,0,0,0,0,0,4,32,37,15,56,23,12,7,11,11
192,1,261,261,1,512,147,365,0,365,147,373,33280,7822,25458,25458,0,164,7658,0,0,0,1023,10,17,0,1048576,0,0,0,inf,1.35638428,1.62210083,0.182022095,0,0,0,0,0,0,0,0,0,0,0,0,0,0,0,0,0,0,0,0,0,0,0,1023,0,0,0,0,0,0,0,0,0,0,0,0,0,0,0,0,0,0,0,0,0,0,0,0,0,0,0,0,0,0,0,0,0,0,0,0,0,0,0,0,0,0,0,0,0,0,0,0,0,0,0,0,0,0,0,0,0,0,0,0,0,0,0,0,0,4,4,5,5,5,5,5,5,5,5
193,0.400000006,261,261,1,512,4,508,2,508,2,518,33280,24908,8372,8372,0,91,24817,0,0,0,91,5,17,0,1048576,0,0,0,inf,1.29078674,1.41378784,inf,0,0,0,0,0,0,0,0,0,0,0,0,0,0,0,0,0,0,0,0,0,0,0,27,0,0,0,0,0,0,0,0,0,0,0,0,0,0,0,0,0,0,0,0,0,0,0,0,0,0,0,0,0,0,0,0,0,0,0,0,0,0,0,0,0,0,0,0,0,0,0,0,0,0,0,0,0,0,0,0,0,0,0,0,0,0,0,0,0,5,41,4294967295,2,138,4294967295,30,4294967295,4294967295,4294967295
194,0.200000003,261,261,1,512,3,509,2,509,1,519,33280,18645,14635,14635,0,82,18563,0,0,0,893,3,17,0,1048576,0,0,0,inf,1.16490173,1.31278992,inf,0,0,0,0,0,0,0,0,0,0,0,0,0,0,0,0,0,0,0,0,0,0,0,9,0,0,0,0,0,0,0,0,0,0,0,0,0,0,0,0,0,0,0,0,0,0,0,0,0,0,0,0,0,0,0,0,0,0,0,0,0,0,0,0,0,0,0,0,0,0,0,0,0,0,0,0,0,0,0,0,0,0,0,0,0,0,0,0,0,52,4294967295,105,191,82,49,1,4294967295,54,194
195,0.400000006,261,261,1,512,4,508,1,508,3,517,33280,22191,11089,11089,0,63,22128,0,0,0,959,4,17,0,1048576,0,0,0,inf,1.12483215,1.2311554,inf,0,0,0,0,0,0,0,0,0,0,0,0,0,0,0,0,0,0,0,0,0,0,0,23,0,0,0,0,0,0,0,0,0,0,0,0,0,0,0,0,0,0,0,0,0,0,0,0,0,0,0,0,0,0,0,0,0,0,0,0,0,0,0,0,0,0,0,0,0,0,0,0,0,0,0,0,0,0,0,0,0,0,0,0,0,0,0,0,0,163,37,236,12,148,148,4294967295,155,149,206
196,0.699999988,261,261,1,512,7,505,1,505,6,514,33280,8045,25235,25235,0,11,8034,0,0,0,255,7,17,0,1048576,0,0,0,inf,1.41122437,1.83409119,inf,0,0,0,0,0,0,0,0,0,0,0,0,0,0,0,0,0,0,0,0,0,0,0,191,0,0,0,0,0,0,0,0,0,0,0,0,0,0,0,0,0,0,0,0,0,0,0,0,0,0,0,0,0,0,0,0,0,0,0,0,0,0,0,0,0,0,0,0,0,0,0,0,0,0,0,0,0,0,0,0,0,0,0,0,0,0,0,0,0,3,3,4,3,4,18,1,159,4294967295,4294967295
197,0.5,261,261,1,512,5,507,2,507,3,517,33280,19908,13372,13372,0,97,19811,0,0,0,639,5,17,0,1048576,0,0,0,inf,1.18608093,1.37780762,inf,0,0,0,0,0,0,0,0,0,0,0,0,0,0,0,0,0,0,0,0,0,0,0,31,0,0,0,0,0,0,0,0,0,0,0,0,0,0,0,0,0,0,0,0,0,0,0,0,0,0,0,0,0,0,0,0,0,0,0,0,0,0,0,0,0,0,0,0,0,0,0,0,0,0,0,0,0,0,0,0,0,0,0,0,0,0,0,0,0,199,53,6,181,22,65,38,4294967295,4294967295,103
198,0.5,261,261,1,512,5,507,4,507,1,519,33280,15862,17418,17418,0,39,15823,0,0,0,1023,5,17,0,1048576,0,0,0,inf,0.78843689,1.07798767,inf,0,0,0,0,0,0,0,0,0,0,0,0,0,0,0,0,0,0,0,0,0,0,0,301,0,0,0,0,0,0,0,0,0,0,0,0,0,0,0,0,0,0,0,0,0,0,0,0,0,0,0,0,0,0,0,0,0,0,0,0,0,0,0,0,0,0,0,0,0,0,0,0,0,0,0,0,0,0,0,0,0,0,0,0,0,0,0,0,0,15,5,97,97,5,182,62,14,252,42
199,0.200000003,261,261,1,512,2,510,2,510,0,520,33280,13335,19945,19945,0,51,13284,0,0,0,1023,3,17,0,1048576,0,0,0,inf,1.03707886,1.31671143,inf,0,0,0,0,0,0,0,0,0,0,0,0,0,0,0,0,0,0,0,0,0,0,0,5,0,0,0,0,0,0,0,0,0,0,0,0,0,0,0,0,0,0,0,0,0,0,0,0,0,0,0,0,0,0,0,0,0,0,0,0,0,0,0,0,0,0,0,0,0,0,0,0,0,0,0,0,0,0,0,0,0,0,0,0,0,0,0,0,0,239,67,108,18,1,24,151,114,8,28
200,0.5,261,261,1,512,6,506,3,506,3,517,33280,20915,12365,12365,0,173,20742,0,0,0,999,6,17,0,1048576,0,0,0,inf,1.1309967,1.27514648,inf,0,0,0,0,0,0,0,0,0,0,0,0,0,0,0,0,0,0,0,0,0,0,0,103,0,0,0,0,0,0,0,0,0,0,0,0,0,0,0,0,0,0,0,0,0,0,0,0,0,0,0,0,0,0,0,0,0,0,0,0,0,0,0,0,0,0,0,0,0,0,0,0,0,0,0,0,0,0,0,0,0,0,0,0,0,0,0,0,0,6,9,16,4294967295,4294967295,234,93,23,21,18
201,0.300000012,261,261,1,512,3,509,3,509,0,520,33280,22679,10601,10601,0,82,22597,0,0,0,887,3,17,0,1048576,0,0,0,inf,1.16993713,1.28027344,inf,0,0,0,0,0,0,0,0,0,0,0,0,0,0,0,0,0,0,0,0,0,0,0,7,0,0,0,0,0,0,0,0,0,0,0,0,0,0,0,0,0,0,0,0,0,0,0,0,0,0,0,0,0,0,0,0,0,0,0,0,0,0,0,0,0,0,0,0,0,0,0,0,0,0,0,0,0,0,0,0,0,0,0,0,0,0,0,0,0,87,198,117,4294967295,10,9,86,4294967295,147,54
202,0.600000024,261,261,1,512,6,506,1,506,5,515,33280,18824,14456,14456,0,172,18652,0,0,0,1023,6,17,0,1048576,0,0,0,inf,1.25820923,1.45921326,inf,0,0,0,0,0,0,0,0,0,0,0,0,0,0,0,0,0,0,0,0,0,0,0,63,0,0,0,0,0,0,0,0,0,0,0,0,0,0,0,0,0,0,0,0,0,0,0,0,0,0,0,0,0,0,0,0,0,0,0,0,0,0,0,0,0,0,0,0,0,0,0,0,0,0,0,0,0,0,0,0,0,0,0,0,0,0,0,0,0,4,12,4,38,5,13,32,64,58,57
203,1,261,261,1,512,195,317,92,317,105,415,33280,12520,20760,20760,0,2359,10161,0,0,0,1023,10,17,0,1048576,0,0,0,inf,1.41178894,1.71954346,1.15364075,0,0,0,0,0,0,0,0,0,0,0,0,0,0,0,0,0,0,0,0,0,0,0,1023,0,0,0,0,0,0,0,0,0,0,0,0,0,0,0,0,0,0,0,0,0,0,0,0,0,0,0,0,0,0,0,0,0,0,0,0,0,0,0,0,0,0,0,0,0,0,0,0,0,0,0,0,0,0,0,0,0,0,0,0,0,0,0,0,0,8,10,16,9,10,11,10,12,22,10
204,1,261,261,1,512,68,444,26,444,42,478,33280,24130,9150,9150,0,535,23595,0,0,0,1023,10,17,0,1048576,0,0,0,inf,0.792434692,0.90687561,0.629074097,0,0,0,0,0,0,0,0,0,0,0,0,0,0,0,0,0,0,0,0,0,0,0,1023,0,0,0,0,0,0,0,0,0,0,0,0,0,0,0,0,0,0,0,0,0,0,0,0,0,0,0,0,0,0,0,0,0,0,0,0,0,0,0,0,0,0,0,0,0,0,0,0,0,0,0,0,0,0,0,0,0,0,0,0,0,0,0,0,0,5,6,4,5,5,5,5,12,5,2
205,0.100000001,261,261,1,512,1,511,1,511,0,520,33280,13386,19894,19894,0,27,13359,0,0,0,943,1,17,0,1048576,0,0,0,inf,1.06555176,1.26689148,inf,0,0,0,0,0,0,0,0,0,0,0,0,0,0,0,0,0,0,0,0,0,0,0,2,0,0,0,0,0,0,0,0,0,0,0,0,0,0,0,0,0,0,0,0,0,0,0,0,0,0,0,0,0,0,0,0,0,0,0,0,0,0,0,0,0,0,0,0,0,0,0,0,0,0,0,0,0,0,0,0,0,0,0,0,0,0,0,0,0,13,178,19,103,4294967295,136,4294967295,152,23,67
206,1,261,261,1,512,26,486,17,486,9,511,33280,12484,20796,20796,0,242,12242,0,0,0,1023,10,17,0,1048576,0,0,0,inf,0.722351074,0.913589478,0.729660034,0,0,0,0,0,0,0,0,0,0,0,0,0,0,0,0,0,0,0,0,0,0,0,1023,0,0,0,0,0,0,0,0,0,0,0,0,0,0,0,0,0,0,0,0,0,0,0,0,0,0,0,0,0,0,0,0,0,0,0,0,0,0,0,0,0,0,0,0,0,0,0,0,0,0,0,0,0,0,0,0,0,0,0,0,0,0,0,0,0,3,10,2,9,3,29,39,13,9,37
207,0.300000012,261,261,1,512,3,509,1,509,2,518,33280,14074,19206,19206,0,46,14028,0,0,0,1023,3,17,0,1048576,0,0,0,inf,0.992233276,1.18209839,inf,0,0,0,0,0,0,0,0,0,0,0,0,0,0,0,0,0,0,0,0,0,0,0,11,0,0,0,0,0,0,0,0,0,0,0,0,0,0,0,0,0,0,0,0,0,0,0,0,0,0,0,0,0,0,0,0,0,0,0,0,0,0,0,0,0,0,0,0,0,0,0,0,0,0,0,0,0,0,0,0,0,0,0,0,0,0,0,0,0,4,12,12,152,10,22,50,144,8,78
208,1,261,261,1,512,133,379,59,379,74,446,33280,9388,23892,23892,0,992,8396,0,0,0,1023,10,17,0,1048576,0,0,0,inf,0.992584229,1.29910278,0.691741943,0,0,0,0,0,0,0,0,0,0,0,0,0,0,0,0,0,0,0,0,0,0,0,1023,0,0,0,0,0,0,0,0,0,0,0,0,0,0,0,0,0,0,0,0,0,0,0,0,0,0,0,0,0,0,0,0,0,0,0,0,0,0,0,0,0,0,0,0,0,0,0,0,0,0,0,0,0,0,0,0,0,0,0,0,0,0,0,0,0,4,5,19,5,9,9,8,5,9,9
209,1,261,261,1,512,12,500,8,500,4,516,33280,19577,13703,13703,0,209,19368,0,0,0,1023,10,17,0,1048576,0,0,0,inf,0.824386597,0.941497803,0.844482422,0,0,0,0,0,0,0,0,0,0,0,0,0,0,0,0,0,0,0,0,0,0,0,1023,0,0,0,0,0,0,0,0,0,0,0,0,0,0,0,0,0,0,0,0,0,0,0,0,0,0,0,0,0,0,0,0,0,0,0,0,0,0,0,0,0,0,0,0,0,0,0,0,0,0,0,0,0,0,0,0,0,0,0,0,0,0,0,0,0,5,3,23,3,173,13,86,19,23,104
210,1,261,261,1,512,12,500,5,500,7,513,33280,14927,18353,18353,0,156,14771,0,0,0,1023,10,17,0,1048576,0,0,0,inf,0.706665039,0.904525757,0.723999023,0,0,0,0,0,0,0,0,0,0,0,0,0,0,0,0,0,0,0,0,0,0,0,1023,0,0,0,0,0,0,0,0,0,0,0,0,0,0,0,0,0,0,0,0,0,0,0,0,0,0,0,0,0,0,0,0,0,0,0,0,0,0,0,0,0,0,0,0,0,0,0,0,0,0,0,0,0,0,0,0,0,0,0,0,0,0,0,0,0,3,70,4,14,14,37,2,46,8,4
211,1,261,261,1,512,17,495,7,495,10,510,33280,15455,17825,17825,0,186,15269,0,0,0,1023,10,17,0,1048576,0,0,0,inf,1.28579712,1.57757568,1.28375244,0,0,0,0,0,0,0,0,0,0,0,0,0,0,0,0,0,0,0,0,0,0,0,1023,0,0,0,0,0,0,0,0,0,0,0,0,0,0,0,0,0,0,0,0,0,0,0,0,0,0,0,0,0,0,0,0,0,0,0,0,0,0,0,0,0,0,0,0,0,0,0,0,0,0,0,0,0,0,0,0,0,0,0,0,0,0,0,0,0,3,35,5,17,9,2,17,44,17,8
212,1,261,261,1,512,15,497,5,497,10,510,33280,13869,19411,19411,0,129,13740,0,0,0,1023,10,17,0,1048576,0,0,0,inf,0.894973755,1.13227844,0.875427246,0,0,0,0,0,0,0,0,0,0,0,0,0,0,0,0,0,0,0,0,0,0,0,1023,0,0,0,0,0,0,0,0,0,0,0,0,0,0,0,0,0,0,0,0,0,0,0,0,0,0,0,0,0,0,0,0,0,0,0,0,0,0,0,0,0,0,0,0,0,0,0,0,0,0,0,0,0,0,0,0,0,0,0,0,0,0,0,0,0,12,2,27,24,22,46,7,9,52,20
213,0.699999988,261,261,1,512,7,505,2,505,5,515,33280,17550,15730,15730,0,220,17330,0,0,0,1023,8,17,0,1048576,0,0,0,inf,1.0791626,1.29988098,inf,0,0,0,0,0,0,0,0,0,0,0,0,0,0,0,0,0,0,0,0,0,0,0,127,0,0,0,0,0,0,0,0,0,0,0,0,0,0,0,0,0,0,0,0,0,0,0,0,0,0,0,0,0,0,0,0,0,0,0,0,0,0,0,0,0,0,0,0,0,0,0,0,0,0,0,0,0,0,0,0,0,0,0,0,0,0,0,0,0,3,12,2,2,27,3,38,32,25,14
214,1,261,261,1,512,46,466,10,466,36,484,33280,13137,20143,20143,0,282,12855,0,0,0,1023,10,17,0,1048576,0,0,0,inf,1.41621399,1.69552612,1.15820312,0,0,0,0,0,0,0,0,0,0,0,0,0,0,0,0,0,0,0,0,0,0,0,1023,0,0,0,0,0,0,0,0,0,0,0,0,0,0,0,0,0,0,0,0,0,0,0,0,0,0,0,0,0,0,0,0,0,0,0,0,0,0,0,0,0,0,0,0,0,0,0,0,0,0,0,0,0,0,0,0,0,0,0,0,0,0,0,0,0,6,5,6,6,8,6,9,9,7,6
215,0.600000024,261,261,1,512,8,504,4,504,4,516,33280,17401,15879,15879,0,148,17253,0,0,0,511,8,17,0,1048576,0,0,0,inf,1.11888123,1.30863953,inf,0,0,0,0,0,0,0,0,0,0,0,0,0,0,0,0,0,0,0,0,0,0,0,63,0,0,0,0,0,0,0,0,0,0,0,0,0,0,0,0,0,0,0,0,0,0,0,0,0,0,0,0,0,0,0,0,0,0,0,0,0,0,0,0,0,0,0,0,0,0,0,0,0,0,0,0,0,0,0,0,0,0,0,0,0,0,0,0,0,10,9,12,8,247,99,23,24,1,4294967295
216,1,261,261,1,512,15,497,7,497,8,512,33280,20912,12368,12368,0,202,20710,0,0,0,1023,10,17,0,1048576,0,0,0,inf,0.961700439,1.10151672,0.970504761,0,0,0,0,0,0,0,0,0,0,0,0,0,0,0,0,0,0,0,0,0,0,0,1023,0,0,0,0,0,0,0,0,0,0,0,0,0,0,0,0,0,0,0,0,0,0,0,0,0,0,0,0,0,0,0,0,0,0,0,0,0,0,0,0,0,0,0,0,0,0,0,0,0,0,0,0,0,0,0,0,0,0,0,0,0,0,0,0,0,173,24,22,22,40,13,66,202,19,15
217,1,261,261,1,512,25,487,17,487,8,512,33280,12058,21222,21222,0,223,11835,0,0,0,1023,10,17,0,1048576,0,0,0,inf,0.388168335,0.564056396,0.39239502,0,0,0,0,0,0,0,0,0,0,0,0,0,0,0,0,0,0,0,0,0,0,0,1023,0,0,0,0,0,0,0,0,0,0,0,0,0,0,0,0,0,0,0,0,0,0,0,0,0,0,0,0,0,0,0,0,0,0,0,0,0,0,0,0,0,0,0,0,0,0,0,0,0,0,0,0,0,0,0,0,0,0,0,0,0,0,0,0,0,21,4,53,18,6,6,7,7,41,39
218,1,261,261,1,512,312,200,35,200,277,243,33280,11757,21523,21523,0,1545,10212,0,0,0,1023,10,17,0,1048576,0,0,0,inf,0.909072876,1.12980652,0.646331787,0,0,0,0,0,0,0,0,0,0,0,0,0,0,0,0,0,0,0,0,0,0,0,1023,0,0,0,0,0,0,0,0,0,0,0,0,0,0,0,0,0,0,0,0,0,0,0,0,0,0,0,0,0,0,0,0,0,0,0,0,0,0,0,0,0,0,0,0,0,0,0,0,0,0,0,0,0,0,0,0,0,0,0,0,0,0,0,0,0,3,2,3,2,4,2,3,4,3,9
219,1,261,261,1,512,25,487,8,487,17,503,33280,21148,12132,12132,0,388,20760,0,0,0,1023,10,17,0,1048576,0,0,0,inf,1.13531494,1.2767334,1.05706787,0,0,0,0,0,0,0,0,0,0,0,0,0,0,0,0,0,0,0,0,0,0,0,1023,0,0,0,0,0,0,0,0,0,0,0,0,0,0,0,0,0,0,0,0,0,0,0,0,0,0,0,0,0,0,0,0,0,0,0,0,0,0,0,0,0,0,0,0,0,0,0,0,0,0,0,0,0,0,0,0,0,0,0,0,0,0,0,0,0,152,5,7,5,5,7,24,24,4,8
220,1,261,261,1,512,179,333,41,333,138,382,33280,11166,22114,22114,0,1285,9881,0,0,0,1023,10,17,0,1048576,0,0,0,inf,0.833129883,1.03034973,0.653701782,0,0,0,0,0,0,0,0,0,0,0,0,0,0,0,0,0,0,0,0,0,0,0,1023,0,0,0,0,0,0,0,0,0,0,0,0,0,0,0,0,0,0,0,0,0,0,0,0,0,0,0,0,0,0,0,0,0,0,0,0,0,0,0,0,0,0,0,0,0,0,0,0,0,0,0,0,0,0,0,0,0,0,0,0,0,0,0,0,0,4,5,5,4,5,7,10,9,7,10
221,0.600000024,261,261,1,512,9,503,5,503,4,516,33280,15833,17447,17447,0,150,15683,0,0,0,1023,9,17,0,1048576,0,0,0,inf,1.10031128,1.31541443,inf,0,0,0,0,0,0,0,0,0,0,0,0,0,0,0,0,0,0,0,0,0,0,0,63,0,0,0,0,0,0,0,0,0,0,0,0,0,0,0,0,0,0,0,0,0,0,0,0,0,0,0,0,0,0,0,0,0,0,0,0,0,0,0,0,0,0,0,0,0,0,0,0,0,0,0,0,0,0,0,0,0,0,0,0,0,0,0,0,0,7,14,12,27,49,97,7,58,59,1
222,1,261,261,1,512,16,496,5,496,11,509,33280,26277,7003,7003,0,306,25971,0,0,0,1023,10,17,0,1048576,0,0,0,inf,1.03440857,1.11697388,1.02746582,0,0,0,0,0,0,0,0,0,0,0,0,0,0,0,0,0,0,0,0,0,0,0,1023,0,0,0,0,0,0,0,0,0,0,0,0,0,0,0,0,0,0,0,0,0,0,0,0,0,0,0,0,0,0,0,0,0,0,0,0,0,0,0,0,0,0,0,0,0,0,0,0,0,0,0,0,0,0,0,0,0,0,0,0,0,0,0,0,0,29,54,123,32,195,60,40,76,21,53
223,0.699999988,261,261,1,512,10,502,6,502,4,516,33280,19965,13315,13315,0,209,19756,0,0,0,1023,10,17,0,1048576,0,0,0,inf,0.929611206,1.09552002,1.04866028,0,0,0,0,0,0,0,0,0,0,0,0,0,0,0,0,0,0,0,0,0,0,0,191,0,0,0,0,0,0,0,0,0,0,0,0,0,0,0,0,0,0,0,0,0,0,0,0,0,0,0,0,0,0,0,0,0,0,0,0,0,0,0,0,0,0,0,0,0,0,0,0,0,0,0,0,0,0,0,0,0,0,0,0,0,0,0,0,0,104,33,43,15,23,26,49,146,50,108
224,1,261,261,1,512,18,494,10,494,8,512,33280,21727,11553,11553,0,173,21554,0,0,0,1023,10,17,0,1048576,0,0,0,inf,0.848358154,0.962188721,0.857391357,0,0,0,0,0,0,0,0,0,0,0,0,0,0,0,0,0,0,0,0,0,0,0,1023,0,0,0,0,0,0,0,0,0,0,0,0,0,0,0,0,0,0,0,0,0,0,0,0,0,0,0,0,0,0,0,0,0,0,0,0,0,0,0,0,0,0,0,0,0,0,0,0,0,0,0,0,0,0,0,0,0,0,0,0,0,0,0,0,0,4,4,3,22,97,54,22,77,5,93
225,0.200000003,261,261,1,512,2,510,1,510,1,519,33280,5362,27918,27918,0,18,5344,0,0,0,119,2,17,0,1048576,0,0,0,inf,1.01977539,1.69815063,inf,0,0,0,0,0,0,0,0,0,0,0,0,0,0,0,0,0,0,0,0,0,0,0,3,0,0,0,0,0,0,0,0,0,0,0,0,0,0,0,0,0,0,0,0,0,0,0,0,0,0,0,0,0,0,0,0,0,0,0,0,0,0,0,0,0,0,0,0,0,0,0,0,0,0,0,0,0,0,0,0,0,0,0,0,0,0,0,0,0,6,237,5,4294967295,13,62,48,4294967295,4294967295,4294967295
226,1,261,261,1,512,77,435,31,435,46,474,33280,11629,21651,21651,0,599,11030,0,0,0,1023,10,17,0,1048576,0,0,0,inf,0.656219482,0.83265686,0.555679321,0,0,0,0,0,0,0,0,0,0,0,0,0,0,0,0,0,0,0,0,0,0,0,1023,0,0,0,0,0,0,0,0,0,0,0,0,0,0,0,0,0,0,0,0,0,0,0,0,0,0,0,0,0,0,0,0,0,0,0,0,0,0,0,0,0,0,0,0,0,0,0,0,0,0,0,0,0,0,0,0,0,0,0,0,0,0,0,0,0,3,3,2,4,1,9,4,3,9,3
227,1,261,261,1,512,151,361,38,361,113,407,33280,17635,15645,15645,0,921,16714,0,0,0,1023,10,17,0,1048576,0,0,0,inf,0.581848145,0.694213867,0.43649292,0,0,0,0,0,0,0,0,0,0,0,0,0,0,0,0,0,0,0,0,0,0,0,1023,0,0,0,0,0,0,0,0,0,0,0,0,0,0,0,0,0,0,0,0,0,0,0,0,0,0,0,0,0,0,0,0,0,0,0,0,0,0,0,0,0,0,0,0,0,0,0,0,0,0,0,0,0,0,0,0,0,0,0,0,0,0,0,0,0,7,4,7,7,4,5,5,9,6,9
228,0.200000003,261,261,1,512,2,510,2,510,0,520,33280,19660,13620,13620,0,77,19583,0,0,0,951,2,17,0,1048576,0,0,0,inf,0.871429443,0.96105957,inf,0,0,0,0,0,0,0,0,0,0,0,0,0,0,0,0,0,0,0,0,0,0,0,3,0,0,0,0,0,0,0,0,0,0,0,0,0,0,0,0,0,0,0,0,0,0,0,0,0,0,0,0,0,0,0,0,0,0,0,0,0,0,0,0,0,0,0,0,0,0,0,0,0,0,0,0,0,0,0,0,0,0,0,0,0,0,0,0,0,125,54,8,4294967295,73,38,4294967295,40,40,14
229,0.899999976,261,261,1,512,9,503,4,503,5,515,33280,22248,11032,11032,0,253,21995,0,0,0,991,10,17,0,1048576,0,0,0,inf,0.898849487,1.02392578,1.12004089,0,0,0,0,0,0,0,0,0,0,0,0,0,0,0,0,0,0,0,0,0,0,0,991,0,0,0,0,0,0,0,0,0,0,0,0,0,0,0,0,0,0,0,0,0,0,0,0,0,0,0,0,0,0,0,0,0,0,0,0,0,0,0,0,0,0,0,0,0,0,0,0,0,0,0,0,0,0,0,0,0,0,0,0,0,0,0,0,0,11,82,22,68,29,4294967295,13,185,176,4
230,1,261,261,1,512,33,479,15,479,18,502,33280,13526,19754,19754,0,727,12799,0,0,0,1023,10,17,0,1048576,0,0,0,inf,1.40046692,1.64851379,1.34094238,0,0,0,0,0,0,0,0,0,0,0,0,0,0,0,0,0,0,0,0,0,0,0,1023,0,0,0,0,0,0,0,0,0,0,0,0,0,0,0,0,0,0,0,0,0,0,0,0,0,0,0,0,0,0,0,0,0,0,0,0,0,0,0,0,0,0,0,0,0,0,0,0,0,0,0,0,0,0,0,0,0,0,0,0,0,0,0,0,0,11,5,6,5,6,6,39,12,5,25
231,0.400000006,261,261,1,512,6,506,3,506,3,517,33280,17524,15756,15756,0,158,17366,0,0,0,895,6,17,0,1048576,0,0,0,inf,0.759002686,0.951293945,inf,0,0,0,0,0,0,0,0,0,0,0,0,0,0,0,0,0,0,0,0,0,0,0,15,0,0,0,0,0,0,0,0,0,0,0,0,0,0,0,0,0,0,0,0,0,0,0,0,0,0,0,0,0,0,0,0,0,0,0,0,0,0,0,0,0,0,0,0,0,0,0,0,0,0,0,0,0,0,0,0,0,0,0,0,0,0,0,0,0,2,16,4,10,37,30,62,4294967295,12,7
232,1,261,261,1,512,103,409,28,409,75,445,33280,13864,19416,19416,0,637,13227,0,0,0,1023,10,17,0,1048576,0,0,0,inf,0.856552124,1.03482056,0.673126221,0,0,0,0,0,0,0,0,0,0,0,0,0,0,0,0,0,0,0,0,0,0,0,1023,0,0,0,0,0,0,0,0,0,0,0,0,0,0,0,0,0,0,0,0,0,0,0,0,0,0,0,0,0,0,0,0,0,0,0,0,0,0,0,0,0,0,0,0,0,0,0,0,0,0,0,0,0,0,0,0,0,0,0,0,0,0,0,0,0,2,3,3,4,6,5,4,4,4,5
233,1,261,261,1,512,26,486,12,486,14,506,33280,16813,16467,16467,0,382,16431,0,0,0,1023,10,17,0,1048576,0,0,0,inf,0.856994629,1.04125977,0.820404053,0,0,0,0,0,0,0,0,0,0,0,0,0,0,0,0,0,0,0,0,0,0,0,1023,0,0,0,0,0,0,0,0,0,0,0,0,0,0,0,0,0,0,0,0,0,0,0,0,0,0,0,0,0,0,0,0,0,0,0,0,0,0,0,0,0,0,0,0,0,0,0,0,0,0,0,0,0,0,0,0,0,0,0,0,0,0,0,0,0,14,14,3,45,48,6,87,12,10,198
234,0.699999988,261,261,1,512,11,501,6,501,5,515,33280,14735,18545,18545,0,97,14638,0,0,0,1023,10,17,0,1048576,0,0,0,inf,0.809753418,1.0241394,0.968109131,0,0,0,0,0,0,0,0,0,0,0,0,0,0,0,0,0,0,0,0,0,0,0,127,0,0,0,0,0,0,0,0,0,0,0,0,0,0,0,0,0,0,0,0,0,0,0,0,0,0,0,0,0,0,0,0,0,0,0,0,0,0,0,0,0,0,0,0,0,0,0,0,0,0,0,0,0,0,0,0,0,0,0,0,0,0,0,0,0,4,13,4,11,38,3,7,5,5,30
235,1,261,261,1,512,11,501,7,501,4,516,33280,14665,18615,18615,0,138,14527,0,0,0,1023,10,17,0,1048576,0,0,0,inf,1.01008606,1.21803284,1.06973267,0,0,0,0,0,0,0,0,0,0,0,0,0,0,0,0,0,0,0,0,0,0,0,1023,0,0,0,0,0,0,0,0,0,0,0,0,0,0,0,0,0,0,0,0,0,0,0,0,0,0,0,0,0,0,0,0,0,0,0,0,0,0,0,0,0,0,0,0,0,0,0,0,0,0,0,0,0,0,0,0,0,0,0,0,0,0,0,0,0,3,3,5,31,83,3,3,5,189,124
236,1,261,261,1,512,14,498,5,498,9,511,33280,15513,17767,17767,0,143,15370,0,0,0,1023,10,17,0,1048576,0,0,0,inf,1.01556396,1.2303009,1.04034424,0,0,0,0,0,0,0,0,0,0,0,0,0,0,0,0,0,0,0,0,0,0,0,1023,0,0,0,0,0,0,0,0,0,0,0,0,0,0,0,0,0,0,0,0,0,0,0,0,0,0,0,0,0,0,0,0,0,0,0,0,0,0,0,0,0,0,0,0,0,0,0,0,0,0,0,0,0,0,0,0,0,0,0,0,0,0,0,0,0,7,8,37,12,12,143,17,4,22,10
237,1,261,261,1,512,248,264,107,264,141,379,33280,13181,20099,20099,0,3049,10132,0,0,0,1023,10,17,0,1048576,0,0,0,inf,1.15565491,1.39608765,0.796279907,0,0,0,0,0,0,0,0,0,0,0,0,0,0,0,0,0,0,0,0,0,0,0,1023,0,0,0,0,0,0,0,0,0,0,0,0,0,0,0,0,0,0,0,0,0,0,0,0,0,0,0,0,0,0,0,0,0,0,0,0,0,0,0,0,0,0,0,0,0,0,0,0,0,0,0,0,0,0,0,0,0,0,0,0,0,0,0,0,0,1,1,1,1,2,3,3,0,2,3
238,0.899999976,261,261,1,512,19,493,12,493,7,513,33280,22774,10506,10506,0,242,22532,0,0,0,895,10,17,0,1048576,0,0,0,inf,1.05004883,1.1640625,1.06564331,0,0,0,0,0,0,0,0,0,0,0,0,0,0,0,0,0,0,0,0,0,0,0,895,0,0,0,0,0,0,0,0,0,0,0,0,0,0,0,0,0,0,0,0,0,0,0,0,0,0,0,0,0,0,0,0,0,0,0,0,0,0,0,0,0,0,0,0,0,0,0,0,0,0,0,0,0,0,0,0,0,0,0,0,0,0,0,0,0,7,140,68,3,62,19,10,4294967295,52,195
239,0.899999976,261,261,1,512,23,489,8,489,15,505,33280,15314,17966,17966,0,248,15066,0,0,0,1023,10,17,0,1048576,0,0,0,inf,0.649765015,0.807220459,0.562530518,0,0,0,0,0,0,0,0,0,0,0,0,0,0,0,0,0,0,0,0,0,0,0,511,0,0,0,0,0,0,0,0,0,0,0,0,0,0,0,0,0,0,0,0,0,0,0,0,0,0,0,0,0,0,0,0,0,0,0,0,0,0,0,0,0,0,0,0,0,0,0,0,0,0,0,0,0,0,0,0,0,0,0,0,0,0,0,0,0,4,12,10,5,3,10,3,8,16,13
240,1,261,261,1,512,153,359,84,359,71,449,33280,8181,25099,25099,0,1192,6989,0,0,0,1023,10,17,0,1048576,0,0,0,inf,1.06567383,1.34812927,0.750564575,0,0,0,0,0,0,0,0,0,0,0,0,0,0,0,0,0,0,0,0,0,0,0,1023,0,0,0,0,0,0,0,0,0,0,0,0,0,0,0,0,0,0,0,0,0,0,0,0,0,0,0,0,0,0,0,0,0,0,0,0,0,0,0,0,0,0,0,0,0,0,0,0,0,0,0,0,0,0,0,0,0,0,0,0,0,0,0,0,0,5,3,7,13,7,7,4,8,7,3
241,1,261,261,1,512,14,498,7,498,7,513,33280,20843,12437,12437,0,218,20625,0,0,0,1023,10,17,0,1048576,0,0,0,inf,0.715026855,0.831573486,0.716217041,0,0,0,0,0,0,0,0,0,0,0,0,0,0,0,0,0,0,0,0,0,0,0,1023,0,0,0,0,0,0,0,0,0,0,0,0,0,0,0,0,0,0,0,0,0,0,0,0,0,0,0,0,0,0,0,0,0,0,0,0,0,0,0,0,0,0,0,0,0,0,0,0,0,0,0,0,0,0,0,0,0,0,0,0,0,0,0,0,0,68,9,2,15,16,14,15,8,22,15
242,0.899999976,261,261,1,512,11,501,6,501,5,515,33280,16633,16647,16647,0,133,16500,0,0,0,1023,10,17,0,1048576,0,0,0,inf,0.962005615,1.14587402,1.03845215,0,0,0,0,0,0,0,0,0,0,0,0,0,0,0,0,0,0,0,0,0,0,0,511,0,0,0,0,0,0,0,0,0,0,0,0,0,0,0,0,0,0,0,0,0,0,0,0,0,0,0,0,0,0,0,0,0,0,0,0,0,0,0,0,0,0,0,0,0,0,0,0,0,0,0,0,0,0,0,0,0,0,0,0,0,0,0,0,0,15,6,8,45,13,47,58,259,259,4
243,0.699999988,261,261,1,512,10,502,7,502,3,517,33280,16746,16534,16534,0,227,16519,0,0,0,1023,10,17,0,1048576,0,0,0,inf,0.843597412,1.05479431,0.931015015,0,0,0,0,0,0,0,0,0,0,0,0,0,0,0,0,0,0,0,0,0,0,0,127,0,0,0,0,0,0,0,0,0,0,0,0,0,0,0,0,0,0,0,0,0,0,0,0,0,0,0,0,0,0,0,0,0,0,0,0,0,0,0,0,0,0,0,0,0,0,0,0,0,0,0,0,0,0,0,0,0,0,0,0,0,0,0,0,0,11,23,15,70,88,3,20,29,20,20
244,1,261,261,1,512,17,495,5,495,12,508,33280,6505,26775,26775,0,48,6457,0,0,0,1023,10,17,0,1048576,0,0,0,inf,1.02835083,1.67723083,0.816177368,0,0,0,0,0,0,0,0,0,0,0,0,0,0,0,0,0,0,0,0,0,0,0,1023,0,0,0,0,0,0,0,0,0,0,0,0,0,0,0,0,0,0,0,0,0,0,0,0,0,0,0,0,0,0,0,0,0,0,0,0,0,0,0,0,0,0,0,0,0,0,0,0,0,0,0,0,0,0,0,0,0,0,0,0,0,0,0,0,0,4,4,9,9,2,4,2,3,4,3
245,1,261,261,1,512,21,491,13,491,8,512,33280,15417,17863,17863,0,243,15174,0,0,0,1023,10,17,0,1048576,0,0,0,inf,0.517745972,0.649108887,0.524703979,0,0,0,0,0,0,0,0,0,0,0,0,0,0,0,0,0,0,0,0,0,0,0,1023,0,0,0,0,0,0,0,0,0,0,0,0,0,0,0,0,0,0,0,0,0,0,0,0,0,0,0,0,0,0,0,0,0,0,0,0,0,0,0,0,0,0,0,0,0,0,0,0,0,0,0,0,0,0,0,0,0,0,0,0,0,0,0,0,0,11,12,27,25,16,83,8,3,136,21
246,1,261,261,1,512,12,500,4,500,8,512,33280,13178,20102,20102,0,162,13016,0,0,0,1023,10,17,0,1048576,0,0,0,inf,1.19268799,1.42314148,1.22436523,0,0,0,0,0,0,0,0,0,0,0,0,0,0,0,0,0,0,0,0,0,0,0,1023,0,0,0,0,0,0,0,0,0,0,0,0,0,0,0,0,0,0,0,0,0,0,0,0,0,0,0,0,0,0,0,0,0,0,0,0,0,0,0,0,0,0,0,0,0,0,0,0,0,0,0,0,0,0,0,0,0,0,0,0,0,0,0,0,0,2,2,1,3,28,46,17,29,52,35
247,0.699999988,261,261,1,512,10,502,4,502,6,514,33280,10765,22515,22515,0,80,10685,0,0,0,1023,10,17,0,1048576,0,0,0,inf,0.633239746,0.856704712,0.815643311,0,0,0,0,0,0,0,0,0,0,0,0,0,0,0,0,0,0,0,0,0,0,0,127,0,0,0,0,0,0,0,0,0,0,0,0,0,0,0,0,0,0,0,0,0,0,0,0,0,0,0,0,0,0,0,0,0,0,0,0,0,0,0,0,0,0,0,0,0,0,0,0,0,0,0,0,0,0,0,0,0,0,0,0,0,0,0,0,0,32,40,53,4,26,20,35,6,12,79
248,0.800000012,261,261,1,512,8,504,2,504,6,514,33280,18026,15254,15254,0,179,17847,0,0,0,1023,8,17,0,1048576,0,0,0,inf,0.977081299,1.15470886,inf,0,0,0,0,0,0,0,0,0,0,0,0,0,0,0,0,0,0,0,0,0,0,0,255,0,0,0,0,0,0,0,0,0,0,0,0,0,0,0,0,0,0,0,0,0,0,0,0,0,0,0,0,0,0,0,0,0,0,0,0,0,0,0,0,0,0,0,0,0,0,0,0,0,0,0,0,0,0,0,0,0,0,0,0,0,0,0,0,0,5,23,94,69,35,12,56,18,2,3
249,1,261,261,1,512,40,472,15,472,25,495,33280,17757,15523,15523,0,649,17108,0,0,0,1023,10,17,0,1048576,0,0,0,inf,0.783950806,0.906219482,0.726791382,0,0,0,0,0,0,0,0,0,0,0,0,0,0,0,0,0,0,0,0,0,0,0,1023,0,0,0,0,0,0,0,0,0,0,0,0,0,0,0,0,0,0,0,0,0,0,0,0,0,0,0,0,0,0,0,0,0,0,0,0,0,0,0,0,0,0,0,0,0,0,0,0,0,0,0,0,0,0,0,0,0,0,0,0,0,0,0,0,0,14,6,46,17,10,27,23,3,4,6
250,1,261,261,1,512,37,475,18,475,19,501,33280,8003,25277,25277,0,251,7752,0,0,0,1023,10,17,0,1048576,0,0,0,inf,0.750061035,1.13233948,0.672744751,0,0,0,0,0,0,0,0,0,0,0,0,0,0,0,0,0,0,0,0,0,0,0,1023,0,0,0,0,0,0,0,0,0,0,0,0,0,0,0,0,0,0,0,0,0,0,0,0,0,0,0,0,0,0,0,0,0,0,0,0,0,0,0,0,0,0,0,0,0,0,0,0,0,0,0,0,0,0,0,0,0,0,0,0,0,0,0,0,0,3,6,30,3,3,4,4,3,12,4
251,1,261,261,1,512,15,497,6,497,9,511,33280,19743,13537,13537,0,346,19397,0,0,0,1023,10,17,0,1048576,0,0,0,inf,1.16099548,1.29064941,1.16777039,0,0,0,0,0,0,0,0,0,0,0,0,0,0,0,0,0,0,0,0,0,0,0,1023,0,0,0,0,0,0,0,0,0,0,0,0,0,0,0,0,0,0,0,0,0,0,0,0,0,0,0,0,0,0,0,0,0,0,0,0,0,0,0,0,0,0,0,0,0,0,0,0,0,0,0,0,0,0,0,0,0,0,0,0,0,0,0,0,0,6,5,74,6,14,15,15,18,3,62
252,1,261,261,1,512,23,489,7,489,17,503,33280,18525,14755,14755,0,554,17971,0,0,0,1023,10,17,0,1048576,0,0,0,inf,0.887634277,1.03359985,0.815933228,0,0,0,0,0,0,0,0,0,0,0,0,0,0,0,0,0,0,0,0,0,0,0,1023,0,0,0,0,0,0,0,0,0,0,0,0,0,0,0,0,0,0,0,0,0,0,0,0,0,0,0,0,0,0,0,0,0,0,0,0,0,0,0,0,0,0,0,0,0,0,0,0,0,0,0,0,0,0,0,0,0,0,0,0,0,0,0,0,0,3,4,18,37,6,8,8,7,73,4
253,1,261,261,1,512,110,402,38,402,72,448,33280,17087,16193,16193,0,1342,15745,0,0,0,1023,10,17,0,1048576,0,0,0,inf,0.85383606,0.974441528,0.756988525,0,0,0,0,0,0,0,0,0,0,0,0,0,0,0,0,0,0,0,0,0,0,0,1023,0,0,0,0,0,0,0,0,0,0,0,0,0,0,0,0,0,0,0,0,0,0,0,0,0,0,0,0,0,0,0,0,0,0,0,0,0,0,0,0,0,0,0,0,0,0,0,0,0,0,0,0,0,0,0,0,0,0,0,0,0,0,0,0,0,41,7,11,12,1,43,1,15,2,12
254,1,261,261,1,512,81,431,39,431,42,478,33280,18021,15259,15259,0,791,17230,0,0,0,1023,10,17,0,1048576,0,0,0,inf,0.821487427,0.956329346,0.709655762,0,0,0,0,0,0,0,0,0,0,0,0,0,0,0,0,0,0,0,0,0,0,0,1023,0,0,0,0,0,0,0,0,0,0,0,0,0,0,0,0,0,0,0,0,0,0,0,0,0,0,0,0,0,0,0,0,0,0,0,0,0,0,0,0,0,0,0,0,0,0,0,0,0,0,0,0,0,0,0,0,0,0,0,0,0,0,0,0,0,5,4,3,6,6,4,6,5,41,8
255,1,261,261,1,512,343,169,45,169,298,222,33280,8007,25273,25273,0,885,7122,0,0,0,1023,10,17,0,1048576,0,0,0,inf,1.21788025,1.57258606,0.476150513,0,0,0,0,0,0,0,0,0,0,0,0,0,0,0,0,0,0,0,0,0,0,0,1023,0,0,0,0,0,0,0,0,0,0,0,0,0,0,0,0,0,0,0,0,0,0,0,0,0,0,0,0,0,0,0,0,0,0,0,0,0,0,0,0,0,0,0,0,0,0,0,0,0,0,0,0,0,0,0,0,0,0,0,0,0,0,0,0,0,27,26,27,27,26,26,27,27,27,27
256,1,261,261,1,512,230,282,70,282,161,359,33280,10582,22698,22698,0,1619,8963,0,0,0,1023,10,17,0,1048576,0,0,0,inf,0.772277832,0.951507568,0.42199707,0,0,0,0,0,0,0,0,0,0,0,0,0,0,0,0,0,0,0,0,0,0,0,1023,0,0,0,0,0,0,0,0,0,0,0,0,0,0,0,0,0,0,0,0,0,0,0,0,0,0,0,0,0,0,0,0,0,0,0,0,0,0,0,0,0,0,0,0,0,0,0,0,0,0,0,0,0,0,0,0,0,0,0,0,0,0,0,0,0,4,5,5,5,4,4,5,5,5,3
257,1,261,261,1,512,33,479,12,479,21,499,33280,16525,16755,16755,0,434,16091,0,0,0,1023,10,17,0,1048576,0,0,0,inf,0.563903809,0.715332031,0.530105591,0,0,0,0,0,0,0,0,0,0,0,0,0,0,0,0,0,0,0,0,0,0,0,1023,0,0,0,0,0,0,0,0,0,0,0,0,0,0,0,0,0,0,0,0,0,0,0,0,0,0,0,0,0,0,0,0,0,0,0,0,0,0,0,0,0,0,0,0,0,0,0,0,0,0,0,0,0,0,0,0,0,0,0,0,0,0,0,0,0,4,4,18,4,25,4,10,53,10,37
258,0.899999976,261,261,1,512,15,497,6,497,9,511,33280,15630,17650,17650,0,185,15445,0,0,0,1023,10,17,0,1048576,0,0,0,inf,1.05574036,1.24905396,1.13586426,0,0,0,0,0,0,0,0,0,0,0,0,0,0,0,0,0,0,0,0,0,0,0,511,0,0,0,0,0,0,0,0,0,0,0,0,0,0,0,0,0,0,0,0,0,0,0,0,0,0,0,0,0,0,0,0,0,0,0,0,0,0,0,0,0,0,0,0,0,0,0,0,0,0,0,0,0,0,0,0,0,0,0,0,0,0,0,0,0,29,4,4,40,11,49,5,10,30,40
259,0.400000006,261,261,1,512,6,506,3,506,3,517,33280,20881,12399,12399,0,132,20749,0,0,0,703,6,17,0,1048576,0,0,0,inf,0.739807129,0.851394653,inf,0,0,0,0,0,0,0,0,0,0,0,0,0,0,0,0,0,0,0,0,0,0,0,15,0,0,0,0,0,0,0,0,0,0,0,0,0,0,0,0,0,0,0,0,0,0,0,0,0,0,0,0,0,0,0,0,0,0,0,0,0,0,0,0,0,0,0,0,0,0,0,0,0,0,0,0,0,0,0,0,0,0,0,0,0,0,0,0,0,4,73,60,13,14,7,4294967295,32,4294967295,2
260,1,261,261,1,512,82,430,35,430,47,473,33280,16782,16498,16498,0,1259,15523,0,0,0,1023,10,17,0,1048576,0,0,0,inf,0.974914551,1.12672424,0.851791382,0,0,0,0,0,0,0,0,0,0,0,0,0,0,0,0,0,0,0,0,0,0,0,1023,0,0,0,0,0,0,0,0,0,0,0,0,0,0,0,0,0,0,0,0,0,0,0,0,0,0,0,0,0,0,0,0,0,0,0,0,0,0,0,0,0,0,0,0,0,0,0,0,0,0,0,0,0,0,0,0,0,0,0,0,0,0,0,0,0,7,2,3,4,9,9,3,14,2,8
261,1,261,261,1,512,18,494,7,494,11,509,33280,8021,25259,25259,0,163,7858,0,0,0,1023,10,17,0,1048576,0,0,0,inf,0.737915039,0.910949707,0.721252441,0,0,0,0,0,0,0,0,0,0,0,0,0,0,0,0,0,0,0,0,0,0,0,1023,0,0,0,0,0,0,0,0,0,0,0,0,0,0,0,0,0,0,0,0,0,0,0,0,0,0,0,0,0,0,0,0,0,0,0,0,0,0,0,0,0,0,0,0,0,0,0,0,0,0,0,0,0,0,0,0,0,0,0,0,0,0,0,0,0,4,4,4,18,6,14,24,7,37,154
262,0.899999976,261,261,1,512,50,462,24,462,26,494,33280,15010,18270,18270,0,567,14443,0,0,0,1023,10,17,0,1048576,0,0,0,inf,0.88633728,1.0418396,0.8412323,0,0,0,0,0,0,0,0,0,0,0,0,0,0,0,0,0,0,0,0,0,0,0,511,0,0,0,0,0,0,0,0,0,0,0,0,0,0,0,0,0,0,0,0,0,0,0,0,0,0,0,0,0,0,0,0,0,0,0,0,0,0,0,0,0,0,0,0,0,0,0,0,0,0,0,0,0,0,0,0,0,0,0,0,0,0,0,0,0,22,6,41,19,20,11,20,3,36,2
263,0.699999988,261,261,1,512,12,500,5,500,7,513,33280,13805,19475,19475,0,213,13592,0,0,0,1023,10,17,0,1048576,0,0,0,inf,0.787918091,0.945236206,0.887680054,0,0,0,0,0,0,0,0,0,0,0,0,0,0,0,0,0,0,0,0,0,0,0,127,0,0,0,0,0,0,0,0,0,0,0,0,0,0,0,0,0,0,0,0,0,0,0,0,0,0,0,0,0,0,0,0,0,0,0,0,0,0,0,0,0,0,0,0,0,0,0,0,0,0,0,0,0,0,0,0,0,0,0,0,0,0,0,0,0,21,9,3,22,3,6,19,17,34,7
264,1,261,261,1,512,33,479,19,479,14,506,33280,16701,16579,16579,0,480,16221,0,0,0,1023,10,17,0,1048576,0,0,0,inf,1.13496399,1.30238342,1.09124756,0,0,0,0,0,0,0,0,0,0,0,0,0,0,0,0,0,0,0,0,0,0,0,1023,0,0,0,0,0,0,0,0,0,0,0,0,0,0,0,0,0,0,0,0,0,0,0,0,0,0,0,0,0,0,0,0,0,0,0,0,0,0,0,0,0,0,0,0,0,0,0,0,0,0,0,0,0,0,0,0,0,0,0,0,0,0,0,0,0,2,3,3,6,6,3,8,11,27,6
265,0.800000012,261,261,1,512,11,501,5,501,6,514,33280,9350,23930,23930,0,122,9228,0,0,0,1023,10,17,0,1048576,0,0,0,inf,0.776504517,1.11793518,1.03395081,0,0,0,0,0,0,0,0,0,0,0,0,0,0,0,0,0,0,0,0,0,0,0,639,0,0,0,0,0,0,0,0,0,0,0,0,0,0,0,0,0,0,0,0,0,0,0,0,0,0,0,0,0,0,0,0,0,0,0,0,0,0,0,0,0,0,0,0,0,0,0,0,0,0,0,0,0,0,0,0,0,0,0,0,0,0,0,0,0,3,9,2,15,3,19,15,3,50,86
266,1,261,261,1,512,10,502,4,502,6,514,33280,16037,17243,17243,0,113,15924,0,0,0,1023,10,17,0,1048576,0,0,0,inf,0.819671631,0.969223022,0.84197998,0,0,0,0,0,0,0,0,0,0,0,0,0,0,0,0,0,0,0,0,0,0,0,1023,0,0,0,0,0,0,0,0,0,0,0,0,0,0,0,0,0,0,0,0,0,0,0,0,0,0,0,0,0,0,0,0,0,0,0,0,0,0,0,0,0,0,0,0,0,0,0,0,0,0,0,0,0,0,0,0,0,0,0,0,0,0,0,0,0,5,17,17,1,1,137,18,55,21,199
267,1,261,261,1,512,36,476,13,476,23,497,33280,19560,13720,13720,0,488,19072,0,0,0,1023,10,17,0,1048576,0,0,0,inf,0.625778198,0.721084595,0.593429565,0,0,0,0,0,0,0,0,0,0,0,0,0,0,0,0,0,0,0,0,0,0,0,1023,0,0,0,0,0,0,0,0,0,0,0,0,0,0,0,0,0,0,0,0,0,0,0,0,0,0,0,0,0,0,0,0,0,0,0,0,0,0,0,0,0,0,0,0,0,0,0,0,0,0,0,0,0,0,0,0,0,0,0,0,0,0,0,0,0,10,12,6,17,15,21,8,3,18,9
268,1,261,261,1,512,15,497,4,497,11,509,33280,13779,19501,19501,0,240,13539,0,0,0,1023,10,17,0,1048576,0,0,0,inf,1.09501648,1.38296509,1.07913208,0,0,0,0,0,0,0,0,0,0,0,0,0,0,0,0,0,0,0,0,0,0,0,1023,0,0,0,0,0,0,0,0,0,0,0,0,0,0,0,0,0,0,0,0,0,0,0,0,0,0,0,0,0,0,0,0,0,0,0,0,0,0,0,0,0,0,0,0,0,0,0,0,0,0,0,0,0,0,0,0,0,0,0,0,0,0,0,0,0,10,12,2,25,2,4,70,5,13,10
269,1,261,261,1,512,246,266,81,266,165,355,33280,7268,26012,26012,0,1166,6102,0,0,0,1023,10,17,0,1048576,0,0,0,inf,0.971817017,1.16836548,0.705551147,0,0,0,0,0,0,0,0,0,0,0,0,0,0,0,0,0,0,0,0,0,0,0,1023,0,0,0,0,0,0,0,0,0,0,0,0,0,0,0,0,0,0,0,0,0,0,0,0,0,0,0,0,0,0,0,0,0,0,0,0,0,0,0,0,0,0,0,0,0,0,0,0,0,0,0,0,0,0,0,0,0,0,0,0,0,0,0,0,0,4,3,4,3,4,4,3,4,7,4
270,1,261,261,1,512,67,445,35,445,32,488,33280,19848,13432,13432,0,1022,18826,0,0,0,1023,10,17,0,1048576,0,0,0,inf,1.01216125,1.14277649,0.885513306,0,0,0,0,0,0,0,0,0,0,0,0,0,0,0,0,0,0,0,0,0,0,0,1023,0,0,0,0,0,0,0,0,0,0,0,0,0,0,0,0,0,0,0,0,0,0,0,0,0,0,0,0,0,0,0,0,0,0,0,0,0,0,0,0,0,0,0,0,0,0,0,0,0,0,0,0,0,0,0,0,0,0,0,0,0,0,0,0,0,7,6,2,8,1,2,2,9,9,8
271,1,261,261,1,512,15,497,8,497,7,513,33280,22424,10856,10856,0,275,22149,0,0,0,1023,10,17,0,1048576,0,0,0,inf,1.27960205,1.42204285,1.29281616,0,0,0,0,0,0,0,0,0,0,0,0,0,0,0,0,0,0,0,0,0,0,0,1023,0,0,0,0,0,0,0,0,0,0,0,0,0,0,0,0,0,0,0,0,0,0,0,0,0,0,0,0,0,0,0,0,0,0,0,0,0,0,0,0,0,0,0,0,0,0,0,0,0,0,0,0,0,0,0,0,0,0,0,0,0,0,0,0,0,9,18,2,16,78,15,29,2,48,37
272,1,261,261,1,512,77,435,35,435,43,477,33280,10426,22854,22854,0,527,9899,0,0,0,1023,10,17,0,1048576,0,0,0,inf,0.456680298,0.634933472,0.373703003,0,0,0,0,0,0,0,0,0,0,0,0,0,0,0,0,0,0,0,0,0,0,0,1023,0,0,0,0,0,0,0,0,0,0,0,0,0,0,0,0,0,0,0,0,0,0,0,0,0,0,0,0,0,0,0,0,0,0,0,0,0,0,0,0,0,0,0,0,0,0,0,0,0,0,0,0,0,0,0,0,0,0,0,0,0,0,0,0,0,2,2,16,10,8,2,15,3,8,16
273,0.899999976,261,261,1,512,66,446,28,446,38,482,33280,10404,22876,22876,0,442,9962,0,0,0,1023,10,17,0,1048576,0,0,0,inf,0.776473999,0.983154297,0.598556519,0,0,0,0,0,0,0,0,0,0,0,0,0,0,0,0,0,0,0,0,0,0,0,511,0,0,0,0,0,0,0,0,0,0,0,0,0,0,0,0,0,0,0,0,0,0,0,0,0,0,0,0,0,0,0,0,0,0,0,0,0,0,0,0,0,0,0,0,0,0,0,0,0,0,0,0,0,0,0,0,0,0,0,0,0,0,0,0,0,4,4,7,5,5,5,5,6,3,5
274,1,261,261,1,512,35,477,19,477,16,504,33280,13793,19487,19487,0,500,13293,0,0,0,1023,10,17,0,1048576,0,0,0,inf,0.641326904,0.81072998,0.624328613,0,0,0,0,0,0,0,0,0,0,0,0,0,0,0,0,0,0,0,0,0,0,0,1023,0,0,0,0,0,0,0,0,0,0,0,0,0,0,0,0,0,0,0,0,0,0,0,0,0,0,0,0,0,0,0,0,0,0,0,0,0,0,0,0,0,0,0,0,0,0,0,0,0,0,0,0,0,0,0,0,0,0,0,0,0,0,0,0,0,5,5,6,5,21,6,3,3,17,10
275,0.600000024,261,261,1,512,6,506,4,506,2,518,33280,22149,11131,11131,0,214,21935,0,0,0,1023,9,17,0,1048576,0,0,0,inf,0.927520752,1.02384949,inf,0,0,0,0,0,0,0,0,0,0,0,0,0,0,0,0,0,0,0,0,0,0,0,63,0,0,0,0,0,0,0,0,0,0,0,0,0,0,0,0,0,0,0,0,0,0,0,0,0,0,0,0,0,0,0,0,0,0,0,0,0,0,0,0,0,0,0,0,0,0,0,0,0,0,0,0,0,0,0,0,0,0,0,0,0,0,0,0,0,21,16,44,188,73,23,10,52,52,5
276,1,261,261,1,512,48,464,26,464,22,498,33280,9518,23762,23762,0,336,9182,0,0,0,1023,10,17,0,1048576,0,0,0,inf,1.31968689,1.62510681,1.23178101,0,0,0,0,0,0,0,0,0,0,0,0,0,0,0,0,0,0,0,0,0,0,0,1023,0,0,0,0,0,0,0,0,0,0,0,0,0,0,0,0,0,0,0,0,0,0,0,0,0,0,0,0,0,0,0,0,0,0,0,0,0,0,0,0,0,0,0,0,0,0,0,0,0,0,0,0,0,0,0,0,0,0,0,0,0,0,0,0,0,5,7,3,36,6,6,17,6,29,12
277,1,261,261,1,512,13,499,6,499,7,513,33280,21567,11713,11713,0,200,21367,0,0,0,1023,10,17,0,1048576,0,0,0,inf,1.29672241,1.41275024,1.32298279,0,0,0,0,0,0,0,0,0,0,0,0,0,0,0,0,0,0,0,0,0,0,0,1023,0,0,0,0,0,0,0,0,0,0,0,0,0,0,0,0,0,0,0,0,0,0,0,0,0,0,0,0,0,0,0,0,0,0,0,0,0,0,0,0,0,0,0,0,0,0,0,0,0,0,0,0,0,0,0,0,0,0,0,0,0,0,0,0,0,19,5,15,117,17,5,16,78,16,11
278,1,261,261,1,512,28,484,14,484,14,506,33280,16192,17088,17088,0,309,15883,0,0,0,1023,10,17,0,1048576,0,0,0,inf,0.721878052,0.860458374,0.687652588,0,0,0,0,0,0,0,0,0,0,0,0,0,0,0,0,0,0,0,0,0,0,0,1023,0,0,0,0,0,0,0,0,0,0,0,0,0,0,0,0,0,0,0,0,0,0,0,0,0,0,0,0,0,0,0,0,0,0,0,0,0,0,0,0,0,0,0,0,0,0,0,0,0,0,0,0,0,0,0,0,0,0,0,0,0,0,0,0,0,3,10,156,36,36,16,2,17,7,17
279,1,261,261,1,512,35,477,16,477,19,501,33280,10499,22781,22781,0,270,10229,0,0,0,1023,10,17,0,1048576,0,0,0,inf,0.78666687,1.08016968,0.730728149,0,0,0,0,0,0,0,0,0,0,0,0,0,0,0,0,0,0,0,0,0,0,0,1023,0,0,0,0,0,0,0,0,0,0,0,0,0,0,0,0,0,0,0,0,0,0,0,0,0,0,0,0,0,0,0,0,0,0,0,0,0,0,0,0,0,0,0,0,0,0,0,0,0,0,0,0,0,0,0,0,0,0,0,0,0,0,0,0,0,5,6,6,3,5,5,17,5,8,8
280,1,261,261,1,512,34,478,18,478,16,504,33280,18959,14321,14321,0,433,18526,0,0,0,1023,10,17,0,1048576,0,0,0,inf,0.965240479,1.16996765,0.941543579,0,0,0,0,0,0,0,0,0,0,0,0,0,0,0,0,0,0,0,0,0,0,0,1023,0,0,0,0,0,0,0,0,0,0,0,0,0,0,0,0,0,0,0,0,0,0,0,0,0,0,0,0,0,0,0,0,0,0,0,0,0,0,0,0,0,0,0,0,0,0,0,0,0,0,0,0,0,0,0,0,0,0,0,0,0,0,0,0,0,13,4,16,11,40,8,15,6,20,122
281,1,261,261,1,512,17,495,8,495,9,511,33280,17224,16056,16056,0,220,17004,0,0,0,1023,10,17,0,1048576,0,0,0,inf,0.946105957,1.09936523,0.950973511,0,0,0,0,0,0,0,0,0,0,0,0,0,0,0,0,0,0,0,0,0,0,0,1023,0,0,0,0,0,0,0,0,0,0,0,0,0,0,0,0,0,0,0,0,0,0,0,0,0,0,0,0,0,0,0,0,0,0,0,0,0,0,0,0,0,0,0,0,0,0,0,0,0,0,0,0,0,0,0,0,0,0,0,0,0,0,0,0,0,11,11,38,21,28,7,40,71,19,31
282,0.400000006,261,261,1,512,6,506,5,506,1,519,33280,19060,14220,14220,0,159,18901,0,0,0,1023,6,17,0,1048576,0,0,0,inf,0.9375,1.09034729,inf,0,0,0,0,0,0,0,0,0,0,0,0,0,0,0,0,0,0,0,0,0,0,0,15,0,0,0,0,0,0,0,0,0,0,0,0,0,0,0,0,0,0,0,0,0,0,0,0,0,0,0,0,0,0,0,0,0,0,0,0,0,0,0,0,0,0,0,0,0,0,0,0,0,0,0,0,0,0,0,0,0,0,0,0,0,0,0,0,0,0,49,20,153,14,40,2,84,126,126
283,1,261,261,1,512,25,487,9,487,16,504,33280,15521,17759,17759,0,288,15233,0,0,0,1023,10,17,0,1048576,0,0,0,inf,0.858123779,1.02394104,0.820205688,0,0,0,0,0,0,0,0,0,0,0,0,0,0,0,0,0,0,0,0,0,0,0,1023,0,0,0,0,0,0,0,0,0,0,0,0,0,0,0,0,0,0,0,0,0,0,0,0,0,0,0,0,0,0,0,0,0,0,0,0,0,0,0,0,0,0,0,0,0,0,0,0,0,0,0,0,0,0,0,0,0,0,0,0,0,0,0,0,0,4,6,35,35,25,34,35,2,28,14
284,0.699999988,261,261,1,512,10,502,6,502,4,516,33280,18024,15256,15256,0,186,17838,0,0,0,1023,10,17,0,1048576,0,0,0,inf,1.00221252,1.18304443,1.12637329,0,0,0,0,0,0,0,0,0,0,0,0,0,0,0,0,0,0,0,0,0,0,0,575,0,0,0,0,0,0,0,0,0,0,0,0,0,0,0,0,0,0,0,0,0,0,0,0,0,0,0,0,0,0,0,0,0,0,0,0,0,0,0,0,0,0,0,0,0,0,0,0,0,0,0,0,0,0,0,0,0,0,0,0,0,0,0,0,0,22,65,16,16,33,5,66,8,31,146
285,0.699999988,261,261,1,512,13,499,8,499,5,515,33280,6119,27161,27161,0,50,6069,0,0,0,991,10,17,0,1048576,0,0,0,inf,1.3618927,1.7716217,1.62557983,0,0,0,0,0,0,0,0,0,0,0,0,0,0,0,0,0,0,0,0,0,0,0,671,0,0,0,0,0,0,0,0,0,0,0,0,0,0,0,0,0,0,0,0,0,0,0,0,0,0,0,0,0,0,0,0,0,0,0,0,0,0,0,0,0,0,0,0,0,0,0,0,0,0,0,0,0,0,0,0,0,0,0,0,0,0,0,0,0,7,8,11,3,3,4294967295,5,57,13,74
286,1,261,261,1,512,14,498,6,498,8,512,33280,14453,18827,18827,0,197,14256,0,0,0,1023,10,17,0,1048576,0,0,0,inf,0.843811035,1.03813171,0.87046814,0,0,0,0,0,0,0,0,0,0,0,0,0,0,0,0,0,0,0,0,0,0,0,1023,0,0,0,0,0,0,0,0,0,0,0,0,0,0,0,0,0,0,0,0,0,0,0,0,0,0,0,0,0,0,0,0,0,0,0,0,0,0,0,0,0,0,0,0,0,0,0,0,0,0,0,0,0,0,0,0,0,0,0,0,0,0,0,0,0,1,4,4,2,5,4,32,13,18,172
287,1,261,261,1,512,69,443,28,443,41,479,33280,15826,17454,17454,0,643,15183,0,0,0,1023,10,17,0,1048576,0,0,0,inf,0.774078369,0.939117432,0.705673218,0,0,0,0,0,0,0,0,0,0,0,0,0,0,0,0,0,0,0,0,0,0,0,1023,0,0,0,0,0,0,0,0,0,0,0,0,0,0,0,0,0,0,0,0,0,0,0,0,0,0,0,0,0,0,0,0,0,0,0,0,0,0,0,0,0,0,0,0,0,0,0,0,0,0,0,0,0,0,0,0,0,0,0,0,0,0,0,0,0,2,3,11,21,1,8,17,34,24,41
288,0.600000024,261,261,1,512,8,504,6,504,2,518,33280,17313,15967,15967,0,150,17163,0,0,0,1023,8,17,0,1048576,0,0,0,inf,1.23114014,1.45330811,inf,0,0,0,0,0,0,0,0,0,0,0,0,0,0,0,0,0,0,0,0,0,0,0,159,0,0,0,0,0,0,0,0,0,0,0,0,0,0,0,0,0,0,0,0,0,0,0,0,0,0,0,0,0,0,0,0,0,0,0,0,0,0,0,0,0,0,0,0,0,0,0,0,0,0,0,0,0,0,0,0,0,0,0,0,0,0,0,0,0,32,10,6,13,140,53,38,169,47,40
289,1,261,261,1,512,54,458,19,458,35,485,33280,7320,25960,25960,0,383,6937,0,0,0,1023,10,17,0,1048576,0,0,0,inf,1.30065918,1.68666077,0.974578857,0,0,0,0,0,0,0,0,0,0,0,0,0,0,0,0,0,0,0,0,0,0,0,1023,0,0,0,0,0,0,0,0,0,0,0,0,0,0,0,0,0,0,0,0,0,0,0,0,0,0,0,0,0,0,0,0,0,0,0,0,0,0,0,0,0,0,0,0,0,0,0,0,0,0,0,0,0,0,0,0,0,0,0,0,0,0,0,0,0,2,1,3,4,3,4,3,2,3,4
290,1,261,261,1,512,16,496,8,496,8,512,33280,22992,10288,10288,0,295,22697,0,0,0,1023,10,17,0,1048576,0,0,0,inf,0.938491821,1.057724,0.950500488,0,0,0,0,0,0,0,0,0,0,0,0,0,0,0,0,0,0,0,0,0,0,0,1023,0,0,0,0,0,0,0,0,0,0,0,0,0,0,0,0,0,0,0,0,0,0,0,0,0,0,0,0,0,0,0,0,0,0,0,0,0,0,0,0,0,0,0,0,0,0,0,0,0,0,0,0,0,0,0,0,0,0,0,0,0,0,0,0,0,10,52,149,14,2,246,23,25,36,7
291,1,261,261,1,512,104,408,36,408,68,452,33280,13728,19552,19552,0,967,12761,0,0,0,1023,10,17,0,1048576,0,0,0,inf,0.729217529,0.920730591,0.579284668,0,0,0,0,0,0,0,0,0,0,0,0,0,0,0,0,0,0,0,0,0,0,0,1023,0,0,0,0,0,0,0,0,0,0,0,0,0,0,0,0,0,0,0,0,0,0,0,0,0,0,0,0,0,0,0,0,0,0,0,0,0,0,0,0,0,0,0,0,0,0,0,0,0,0,0,0,0,0,0,0,0,0,0,0,0,0,0,0,0,4,5,17,3,5,3,2,4,6,8
292,1,261,261,1,512,252,260,62,260,190,330,33280,12550,20730,20730,0,1884,10666,0,0,0,1023,10,17,0,1048576,0,0,0,inf,0.833587646,1.01914978,0.516799927,0,0,0,0,0,0,0,0,0,0,0,0,0,0,0,0,0,0,0,0,0,0,0,1023,0,0,0,0,0,0,0,0,0,0,0,0,0,0,0,0,0,0,0,0,0,0,0,0,0,0,0,0,0,0,0,0,0,0,0,0,0,0,0,0,0,0,0,0,0,0,0,0,0,0,0,0,0,0,0,0,0,0,0,0,0,0,0,0,0,2,2,3,3,3,3,3,2,3,4
293,1,261,261,1,512,202,310,21,310,181,339,33280,12077,21203,21203,0,908,11169,0,0,0,1023,10,17,0,1048576,0,0,0,inf,1.08824158,1.2036438,0.529998779,0,0,0,0,0,0,0,0,0,0,0,0,0,0,0,0,0,0,0,0,0,0,0,1023,0,0,0,0,0,0,0,0,0,0,0,0,0,0,0,0,0,0,0,0,0,0,0,0,0,0,0,0,0,0,0,0,0,0,0,0,0,0,0,0,0,0,0,0,0,0,0,0,0,0,0,0,0,0,0,0,0,0,0,0,0,0,0,0,0,1,1,2,2,1,2,3,2,1,2
294,1,261,261,1,512,86,426,37,426,49,471,33280,15668,17612,17612,0,1314,14354,0,0,0,1023,10,17,0,1048576,0,0,0,inf,0.81300354,0.952178955,0.749389648,0,0,0,0,0,0,0,0,0,0,0,0,0,0,0,0,0,0,0,0,0,0,0,1023,0,0,0,0,0,0,0,0,0,0,0,0,0,0,0,0,0,0,0,0,0,0,0,0,0,0,0,0,0,0,0,0,0,0,0,0,0,0,0,0,0,0,0,0,0,0,0,0,0,0,0,0,0,0,0,0,0,0,0,0,0,0,0,0,0,21,11,3,19,25,6,13,15,22,4
295,1,261,261,1,512,23,489,10,489,13,507,33280,23011,10269,10269,0,312,22699,0,0,0,1023,10,17,0,1048576,0,0,0,inf,0.939025879,1.05439758,0.921081543,0,0,0,0,0,0,0,0,0,0,0,0,0,0,0,0,0,0,0,0,0,0,0,1023,0,0,0,0,0,0,0,0,0,0,0,0,0,0,0,0,0,0,0,0,0,0,0,0,0,0,0,0,0,0,0,0,0,0,0,0,0,0,0,0,0,0,0,0,0,0,0,0,0,0,0,0,0,0,0,0,0,0,0,0,0,0,0,0,0,7,8,8,8,8,71,11,13,16,146
296,0.699999988,261,261,1,512,9,503,5,503,4,516,33280,18369,14911,14911,0,127,18242,0,0,0,511,9,17,0,1048576,0,0,0,inf,1.22793579,1.4896698,inf,0,0,0,0,0,0,0,0,0,0,0,0,0,0,0,0,0,0,0,0,0,0,0,127,0,0,0,0,0,0,0,0,0,0,0,0,0,0,0,0,0,0,0,0,0,0,0,0,0,0,0,0,0,0,0,0,0,0,0,0,0,0,0,0,0,0,0,0,0,0,0,0,0,0,0,0,0,0,0,0,0,0,0,0,0,0,0,0,0,7,22,14,26,14,6,105,66,24,4294967295
297,1,261,261,1,512,18,494,3,494,16,504,33280,24115,9165,9165,0,463,23652,0,0,0,1023,10,17,0,1048576,0,0,0,inf,1.05551147,1.2961731,1.13079834,0,0,0,0,0,0,0,0,0,0,0,0,0,0,0,0,0,0,0,0,0,0,0,1023,0,0,0,0,0,0,0,0,0,0,0,0,0,0,0,0,0,0,0,0,0,0,0,0,0,0,0,0,0,0,0,0,0,0,0,0,0,0,0,0,0,0,0,0,0,0,0,0,0,0,0,0,0,0,0,0,0,0,0,0,0,0,0,0,0,13,16,16,8,3,15,77,16,9,9
298,1,261,261,1,512,26,486,13,486,13,507,33280,18823,14457,14457,0,447,18376,0,0,0,1023,10,17,0,1048576,0,0,0,inf,0.918304443,1.03128052,0.900741577,0,0,0,0,0,0,0,0,0,0,0,0,0,0,0,0,0,0,0,0,0,0,0,1023,0,0,0,0,0,0,0,0,0,0,0,0,0,0,0,0,0,0,0,0,0,0,0,0,0,0,0,0,0,0,0,0,0,0,0,0,0,0,0,0,0,0,0,0,0,0,0,0,0,0,0,0,0,0,0,0,0,0,0,0,0,0,0,0,0,13,13,3,8,75,219,13,1,136,3
299,0.899999976,261,261,1,512,16,496,9,496,7,513,33280,11646,21634,21634,0,172,11474,0,0,0,1023,10,17,0,1048576,0,0,0,inf,0.546478271,0.707321167,0.604446411,0,0,0,0,0,0,0,0,0,0,0,0,0,0,0,0,0,0,0,0,0,0,0,767,0,0,0,0,0,0,0,0,0,0,0,0,0,0,0,0,0,0,0,0,0,0,0,0,0,0,0,0,0,0,0,0,0,0,0,0,0,0,0,0,0,0,0,0,0,0,0,0,0,0,0,0,0,0,0,0,0,0,0,0,0,0,0,0,0,37,23,2,5,5,5,3,29,9,100
300,1,261,261,1,512,18,494,11,494,7,513,33280,17798,15482,15482,0,491,17307,0,0,0,1023,10,17,0,1048576,0,0,0,inf,0.609069824,0.735290527,0.622009277,0,0,0,0,0,0,0,0,0,0,0,0,0,0,0,0,0,0,0,0,0,0,0,1023,0,0,0,0,0,0,0,0,0,0,0,0,0,0,0,0,0,0,0,0,0,0,0,0,0,0,0,0,0,0,0,0,0,0,0,0,0,0,0,0,0,0,0,0,0,0,0,0,0,0,0,0,0,0,0,0,0,0,0,0,0,0,0,0,0,7,9,94,32,1,11,28,9,55,1
301,0.899999976,261,261,1,512,12,500,7,500,5,515,33280,19451,13829,13829,0,246,19205,0,0,0,1023,10,17,0,1048576,0,0,0,inf,0.890167236,1.03588867,0.986083984,0,0,0,0,0,0,0,0,0,0,0,0,0,0,0,0,0,0,0,0,0,0,0,511,0,0,0,0,0,0,0,0,0,0,0,0,0,0,0,0,0,0,0,0,0,0,0,0,0,0,0,0,0,0,0,0,0,0,0,0,0,0,0,0,0,0,0,0,0,0,0,0,0,0,0,0,0,0,0,0,0,0,0,0,0,0,0,0,0,7,6,30,115,24,87,12,14,15,14
302,1,261,261,1,512,24,488,15,488,9,511,33280,13430,19850,19850,0,240,13190,0,0,0,1023,10,17,0,1048576,0,0,0,inf,1.13775635,1.34611511,1.1399231,0,0,0,0,0,0,0,0,0,0,0,0,0,0,0,0,0,0,0,0,0,0,0,1023,0,0,0,0,0,0,0,0,0,0,0,0,0,0,0,0,0,0,0,0,0,0,0,0,0,0,0,0,0,0,0,0,0,0,0,0,0,0,0,0,0,0,0,0,0,0,0,0,0,0,0,0,0,0,0,0,0,0,0,0,0,0,0,0,0,2,3,7,10,2,26,3,19,36,28
303,0.899999976,261,261,1,512,11,501,6,501,5,515,33280,19041,14239,14239,0,295,18746,0,0,0,1023,10,17,0,1048576,0,0,0,inf,0.988174438,1.11682129,1.02833557,0,0,0,0,0,0,0,0,0,0,0,0,0,0,0,0,0,0,0,0,0,0,0,511,0,0,0,0,0,0,0,0,0,0,0,0,0,0,0,0,0,0,0,0,0,0,0,0,0,0,0,0,0,0,0,0,0,0,0,0,0,0,0,0,0,0,0,0,0,0,0,0,0,0,0,0,0,0,0,0,0,0,0,0,0,0,0,0,0,3,84,18,16,30,79,153,10,182,4
304,1,261,261,1,512,37,475,22,475,15,505,33280,7725,25555,25555,0,295,7430,0,0,0,1023,10,17,0,1048576,0,0,0,inf,0.515975952,0.776000977,0.481430054,0,0,0,0,0,0,0,0,0,0,0,0,0,0,0,0,0,0,0,0,0,0,0,1023,0,0,0,0,0,0,0,0,0,0,0,0,0,0,0,0,0,0,0,0,0,0,0,0,0,0,0,0,0,0,0,0,0,0,0,0,0,0,0,0,0,0,0,0,0,0,0,0,0,0,0,0,0,0,0,0,0,0,0,0,0,0,0,0,0,13,14,8,2,3,19,9,9,8,12
305,1,261,261,1,512,92,420,31,420,61,459,33280,13973,19307,19307,0,910,13063,0,0,0,1023,10,17,0,1048576,0,0,0,inf,0.919189453,1.15338135,0.767074585,0,0,0,0,0,0,0,0,0,0,0,0,0,0,0,0,0,0,0,0,0,0,0,1023,0,0,0,0,0,0,0,0,0,0,0,0,0,0,0,0,0,0,0,0,0,0,0,0,0,0,0,0,0,0,0,0,0,0,0,0,0,0,0,0,0,0,0,0,0,0,0,0,0,0,0,0,0,0,0,0,0,0,0,0,0,0,0,0,0,2,5,13,8,18,3,3,3,60,17
306,1,261,261,1,512,39,473,19,473,20,500,33280,8086,25194,25194,0,488,7598,0,0,0,1023,10,17,0,1048576,0,0,0,inf,0.349395752,0.505477905,0.320861816,0,0,0,0,0,0,0,0,0,0,0,0,0,0,0,0,0,0,0,0,0,0,0,1023,0,0,0,0,0,0,0,0,0,0,0,0,0,0,0,0,0,0,0,0,0,0,0,0,0,0,0,0,0,0,0,0,0,0,0,0,0,0,0,0,0,0,0,0,0,0,0,0,0,0,0,0,0,0,0,0,0,0,0,0,0,0,0,0,0,4,2,3,3,25,3,3,9,3,3
307,1,261,261,1,512,31,481,17,481,14,506,33280,10703,22577,22577,0,344,10359,0,0,0,1023,10,17,0,1048576,0,0,0,inf,1.15020752,1.44807434,1.11630249,0,0,0,0,0,0,0,0,0,0,0,0,0,0,0,0,0,0,0,0,0,0,0,1023,0,0,0,0,0,0,0,0,0,0,0,0,0,0,0,0,0,0,0,0,0,0,0,0,0,0,0,0,0,0,0,0,0,0,0,0,0,0,0,0,0,0,0,0,0,0,0,0,0,0,0,0,0,0,0,0,0,0,0,0,0,0,0,0,0,2,3,4,3,2,1,6,23,15,9
308,1,261,261,1,512,99,413,53,413,46,474,33280,14928,18352,18352,0,1119,13809,0,0,0,1023,10,17,0,1048576,0,0,0,inf,0.677383423,0.83442688,0.599822998,0,0,0,0,0,0,0,0,0,0,0,0,0,0,0,0,0,0,0,0,0,0,0,1023,0,0,0,0,0,0,0,0,0,0,0,0,0,0,0,0,0,0,0,0,0,0,0,0,0,0,0,0,0,0,0,0,0,0,0,0,0,0,0,0,0,0,0,0,0,0,0,0,0,0,0,0,0,0,0,0,0,0,0,0,0,0,0,0,0,3,22,27,4,5,20,4,18,7,13
309,1,261,261,1,512,33,479,10,479,23,497,33280,12648,20632,20632,0,247,12401,0,0,0,1023,10,17,0,1048576,0,0,0,inf,0.708892822,0.939849854,0.6121521,0,0,0,0,0,0,0,0,0,0,0,0,0,0,0,0,0,0,0,0,0,0,0,1023,0,0,0,0,0,0,0,0,0,0,0,0,0,0,0,0,0,0,0,0,0,0,0,0,0,0,0,0,0,0,0,0,0,0,0,0,0,0,0,0,0,0,0,0,0,0,0,0,0,0,0,0,0,0,0,0,0,0,0,0,0,0,0,0,0,3,4,4,4,2,5,3,5,11,2
310,1,261,261,1,512,16,496,7,496,9,511,33280,17590,15690,15690,0,383,17207,0,0,0,1023,10,17,0,1048576,0,0,0,inf,0.458740234,0.548217773,0.460891724,0,0,0,0,0,0,0,0,0,0,0,0,0,0,0,0,0,0,0,0,0,0,0,1023,0,0,0,0,0,0,0,0,0,0,0,0,0,0,0,0,0,0,0,0,0,0,0,0,0,0,0,0,0,0,0,0,0,0,0,0,0,0,0,0,0,0,0,0,0,0,0,0,0,0,0,0,0,0,0,0,0,0,0,0,0,0,0,0,0,7,5,18,68,5,40,3,39,30,63
311,1,261,261,1,512,39,473,16,473,23,497,33280,23225,10055,10055,0,647,22578,0,0,0,1023,10,17,0,1048576,0,0,0,inf,1.05368042,1.17996216,1.00300598,0,0,0,0,0,0,0,0,0,0,0,0,0,0,0,0,0,0,0,0,0,0,0,1023,0,0,0,0,0,0,0,0,0,0,0,0,0,0,0,0,0,0,0,0,0,0,0,0,0,0,0,0,0,0,0,0,0,0,0,0,0,0,0,0,0,0,0,0,0,0,0,0,0,0,0,0,0,0,0,0,0,0,0,0,0,0,0,0,0,48,27,111,12,127,38,8,16,21,16
312,1,261,261,1,512,40,472,18,472,22,498,33280,17182,16098,16098,0,472,16710,0,0,0,1023,10,17,0,1048576,0,0,0,inf,0.701065063,0.873214722,0.645736694,0,0,0,0,0,0,0,0,0,0,0,0,0,0,0,0,0,0,0,0,0,0,0,1023,0,0,0,0,0,0,0,0,0,0,0,0,0,0,0,0,0,0,0,0,0,0,0,0,0,0,0,0,0,0,0,0,0,0,0,0,0,0,0,0,0,0,0,0,0,0,0,0,0,0,0,0,0,0,0,0,0,0,0,0,0,0,0,0,0,29,4,18,2,2,3,15,78,1,51
313,1,261,261,1,512,35,477,14,477,21,499,33280,14676,18604,18604,0,379,14297,0,0,0,1023,10,17,0,1048576,0,0,0,inf,0.94380188,1.16525269,0.830871582,0,0,0,0,0,0,0,0,0,0,0,0,0,0,0,0,0,0,0,0,0,0,0,1023,0,0,0,0,0,0,0,0,0,0,0,0,0,0,0,0,0,0,0,0,0,0,0,0,0,0,0,0,0,0,0,0,0,0,0,0,0,0,0,0,0,0,0,0,0,0,0,0,0,0,0,0,0,0,0,0,0,0,0,0,0,0,0,0,0,6,48,4,13,13,11,10,30,19,11
314,1,261,261,1,512,29,483,12,483,17,503,33280,20821,12459,12459,0,688,20133,0,0,0,1023,10,17,0,1048576,0,0,0,inf,1.00416565,1.13819885,0.971664429,0,0,0,0,0,0,0,0,0,0,0,0,0,0,0,0,0,0,0,0,0,0,0,1023,0,0,0,0,0,0,0,0,0,0,0,0,0,0,0,0,0,0,0,0,0,0,0,0,0,0,0,0,0,0,0,0,0,0,0,0,0,0,0,0,0,0,0,0,0,0,0,0,0,0,0,0,0,0,0,0,0,0,0,0,0,0,0,0,0,1,1,108,10,7,24,7,20,15,79
315,0.5,261,261,1,512,6,506,2,506,4,516,33280,11794,21486,21486,0,84,11710,0,0,0,1023,6,17,0,1048576,0,0,0,inf,0.680221558,0.926742554,inf,0,0,0,0,0,0,0,0,0,0,0,0,0,0,0,0,0,0,0,0,0,0,0,31,0,0,0,0,0,0,0,0,0,0,0,0,0,0,0,0,0,0,0,0,0,0,0,0,0,0,0,0,0,0,0,0,0,0,0,0,0,0,0,0,0,0,0,0,0,0,0,0,0,0,0,0,0,0,0,0,0,0,0,0,0,0,0,0,0,4,5,15,79,24,11,29,29,59,14
316,1,261,261,1,512,51,461,28,461,23,497,33280,14623,18657,18657,0,633,13990,0,0,0,1023,10,17,0,1048576,0,0,0,inf,0.479202271,0.625518799,0.451049805,0,0,0,0,0,0,0,0,0,0,0,0,0,0,0,0,0,0,0,0,0,0,0,1023,0,0,0,0,0,0,0,0,0,0,0,0,0,0,0,0,0,0,0,0,0,0,0,0,0,0,0,0,0,0,0,0,0,0,0,0,0,0,0,0,0,0,0,0,0,0,0,0,0,0,0,0,0,0,0,0,0,0,0,0,0,0,0,0,0,11,7,29,6,35,11,10,9,31,26
317,1,261,261,1,512,34,478,18,478,16,504,33280,6857,26423,26423,0,180,6677,0,0,0,1023,10,17,0,1048576,0,0,0,inf,0.552154541,0.803756714,0.49559021,0,0,0,0,0,0,0,0,0,0,0,0,0,0,0,0,0,0,0,0,0,0,0,1023,0,0,0,0,0,0,0,0,0,0,0,0,0,0,0,0,0,0,0,0,0,0,0,0,0,0,0,0,0,0,0,0,0,0,0,0,0,0,0,0,0,0,0,0,0,0,0,0,0,0,0,0,0,0,0,0,0,0,0,0,0,0,0,0,0,2,3,14,4,8,18,43,8,11,24
318,1,261,261,1,512,56,456,24,456,32,488,33280,6496,26784,26784,0,208,6288,0,0,0,1023,10,17,0,1048576,0,0,0,inf,0.611618042,0.898284912,0.511077881,0,0,0,0,0,0,0,0,0,0,0,0,0,0,0,0,0,0,0,0,0,0,0,1023,0,0,0,0,0,0,0,0,0,0,0,0,0,0,0,0,0,0,0,0,0,0,0,0,0,0,0,0,0,0,0,0,0,0,0,0,0,0,0,0,0,0,0,0,0,0,0,0,0,0,0,0,0,0,0,0,0,0,0,0,0,0,0,0,0,5,6,2,6,7,2,6,5,2,10
319,1,261,261,1,512,122,390,53,390,69,451,33280,16771,16509,16509,0,1497,15274,0,0,0,1023,10,17,0,1048576,0,0,0,inf,0.831497192,1.03302002,0.729385376,0,0,0,0,0,0,0,0,0,0,0,0,0,0,0,0,0,0,0,0,0,0,0,1023,0,0,0,0,0,0,0,0,0,0,0,0,0,0,0,0,0,0,0,0,0,0,0,0,0,0,0,0,0,0,0,0,0,0,0,0,0,0,0,0,0,0,0,0,0,0,0,0,0,0,0,0,0,0,0,0,0,0,0,0,0,0,0,0,0,7,6,2,16,3,2,8,11,22,12
320,1,261,261,1,512,84,428,39,428,45,475,33280,19274,14006,14006,0,865,18409,0,0,0,1023,10,17,0,1048576,0,0,0,inf,0.932220459,1.12944031,0.822250366,0,0,0,0,0,0,0,0,0,0,0,0,0,0,0,0,0,0,0,0,0,0,0,1023,0,0,0,0,0,0,0,0,0,0,0,0,0,0,0,0,0,0,0,0,0,0,0,0,0,0,0,0,0,0,0,0,0,0,0,0,0,0,0,0,0,0,0,0,0,0,0,0,0,0,0,0,0,0,0,0,0,0,0,0,0,0,0,0,0,6,4,5,14,57,7,6,5,9,2
321,1,261,261,1,512,183,329,77,329,106,414,33280,14188,19092,19092,0,1643,12545,0,0,0,1023,10,17,0,1048576,0,0,0,inf,0.755142212,0.946655273,0.622055054,0,0,0,0,0,0,0,0,0,0,0,0,0,0,0,0,0,0,0,0,0,0,0,1023,0,0,0,0,0,0,0,0,0,0,0,0,0,0,0,0,0,0,0,0,0,0,0,0,0,0,0,0,0,0,0,0,0,0,0,0,0,0,0,0,0,0,0,0,0,0,0,0,0,0,0,0,0,0,0,0,0,0,0,0,0,0,0,0,0,3,3,5,4,7,16,4,3,17,7
322,1,261,261,1,512,38,474,15,474,23,497,33280,12393,20887,20887,0,445,11948,0,0,0,1023,10,17,0,1048576,0,0,0,inf,0.690032959,0.841903687,0.644500732,0,0,0,0,0,0,0,0,0,0,0,0,0,0,0,0,0,0,0,0,0,0,0,1023,0,0,0,0,0,0,0,0,0,0,0,0,0,0,0,0,0,0,0,0,0,0,0,0,0,0,0,0,0,0,0,0,0,0,0,0,0,0,0,0,0,0,0,0,0,0,0,0,0,0,0,0,0,0,0,0,0,0,0,0,0,0,0,0,0,28,28,11,6,37,6,3,4,22,17
323,1,261,261,1,512,23,489,13,489,10,510,33280,11416,21864,21864,0,334,11082,0,0,0,1023,10,17,0,1048576,0,0,0,inf,0.59236145,0.766616821,0.592147827,0,0,0,0,0,0,0,0,0,0,0,0,0,0,0,0,0,0,0,0,0,0,0,1023,0,0,0,0,0,0,0,0,0,0,0,0,0,0,0,0,0,0,0,0,0,0,0,0,0,0,0,0,0,0,0,0,0,0,0,0,0,0,0,0,0,0,0,0,0,0,0,0,0,0,0,0,0,0,0,0,0,0,0,0,0,0,0,0,0,12,11,7,9,2,2,3,16,34,44
324,1,261,261,1,512,30,482,11,482,19,501,33280,6796,26484,26484,0,188,6608,0,0,0,1023,10,17,0,1048576,0,0,0,inf,0.372161865,1.15829468,0.305709839,0,0,0,0,0,0,0,0,0,0,0,0,0,0,0,0,0,0,0,0,0,0,0,1023,0,0,0,0,0,0,0,0,0,0,0,0,0,0,0,0,0,0,0,0,0,0,0,0,0,0,0,0,0,0,0,0,0,0,0,0,0,0,0,0,0,0,0,0,0,0,0,0,0,0,0,0,0,0,0,0,0,0,0,0,0,0,0,0,0,2,2,2,2,0,0,9,22,19,1
325,0.699999988,261,261,1,512,13,499,7,499,6,514,33280,7646,25634,25634,0,136,7510,0,0,0,1023,10,17,0,1048576,0,0,0,inf,1.13885498,1.5473938,1.36006165,0,0,0,0,0,0,0,0,0,0,0,0,0,0,0,0,0,0,0,0,0,0,0,127,0,0,0,0,0,0,0,0,0,0,0,0,0,0,0,0,0,0,0,0,0,0,0,0,0,0,0,0,0,0,0,0,0,0,0,0,0,0,0,0,0,0,0,0,0,0,0,0,0,0,0,0,0,0,0,0,0,0,0,0,0,0,0,0,0,2,3,9,44,1,2,41,7,51,52
326,1,261,261,1,512,50,462,27,462,23,497,33280,14664,18616,18616,0,560,14104,0,0,0,1023,10,17,0,1048576,0,0,0,inf,0.741241455,0.899017334,0.664794922,0,0,0,0,0,0,0,0,0,0,0,0,0,0,0,0,0,0,0,0,0,0,0,1023,0,0,0,0,0,0,0,0,0,0,0,0,0,0,0,0,0,0,0,0,0,0,0,0,0,0,0,0,0,0,0,0,0,0,0,0,0,0,0,0,0,0,0,0,0,0,0,0,0,0,0,0,0,0,0,0,0,0,0,0,0,0,0,0,0,2,5,7,23,4,23,5,7,19,7
327,1,261,261,1,512,34,478,9,478,25,495,33280,8721,24559,24559,0,292,8429,0,0,0,1023,10,17,0,1048576,0,0,0,inf,0.964309692,1.23484802,0.879241943,0,0,0,0,0,0,0,0,0,0,0,0,0,0,0,0,0,0,0,0,0,0,0,1023,0,0,0,0,0,0,0,0,0,0,0,0,0,0,0,0,0,0,0,0,0,0,0,0,0,0,0,0,0,0,0,0,0,0,0,0,0,0,0,0,0,0,0,0,0,0,0,0,0,0,0,0,0,0,0,0,0,0,0,0,0,0,0,0,0,4,3,5,8,14,20,5,7,12,2
328,0.899999976,261,261,1,512,31,481,14,481,17,503,33280,22429,10851,10851,0,611,21818,0,0,0,959,10,17,0,1048576,0,0,0,inf,1.36300659,1.51467896,1.33357239,0,0,0,0,0,0,0,0,0,0,0,0,0,0,0,0,0,0,0,0,0,0,0,959,0,0,0,0,0,0,0,0,0,0,0,0,0,0,0,0,0,0,0,0,0,0,0,0,0,0,0,0,0,0,0,0,0,0,0,0,0,0,0,0,0,0,0,0,0,0,0,0,0,0,0,0,0,0,0,0,0,0,0,0,0,0,0,0,0,5,5,9,7,21,53,4294967295,28,34,16
329,1,261,261,1,512,19,493,8,493,11,509,33280,12613,20667,20667,0,173,12440,0,0,0,1023,10,17,0,1048576,0,0,0,inf,1.45733643,1.69880676,1.4513092,0,0,0,0,0,0,0,0,0,0,0,0,0,0,0,0,0,0,0,0,0,0,0,1023,0,0,0,0,0,0,0,0,0,0,0,0,0,0,0,0,0,0,0,0,0,0,0,0,0,0,0,0,0,0,0,0,0,0,0,0,0,0,0,0,0,0,0,0,0,0,0,0,0,0,0,0,0,0,0,0,0,0,0,0,0,0,0,0,0,11,18,53,12,75,28,16,6,25,72
330,0.800000012,261,261,1,512,10,502,5,502,5,515,33280,21469,11811,11811,0,282,21187,0,0,0,735,10,17,0,1048576,0,0,0,inf,1.18345642,1.31256104,1.27629089,0,0,0,0,0,0,0,0,0,0,0,0,0,0,0,0,0,0,0,0,0,0,0,735,0,0,0,0,0,0,0,0,0,0,0,0,0,0,0,0,0,0,0,0,0,0,0,0,0,0,0,0,0,0,0,0,0,0,0,0,0,0,0,0,0,0,0,0,0,0,0,0,0,0,0,0,0,0,0,0,0,0,0,0,0,0,0,0,0,5,11,52,24,5,4294967295,131,163,4294967295,83
331,0.600000024,261,261,1,512,11,501,6,501,5,515,33280,8077,25203,25203,0,156,7921,0,0,0,1023,10,17,0,1048576,0,0,0,inf,0.699584961,0.961608887,0.860244751,0,0,0,0,0,0,0,0,0,0,0,0,0,0,0,0,0,0,0,0,0,0,0,63,0,0,0,0,0,0,0,0,0,0,0,0,0,0,0,0,0,0,0,0,0,0,0,0,0,0,0,0,0,0,0,0,0,0,0,0,0,0,0,0,0,0,0,0,0,0,0,0,0,0,0,0,0,0,0,0,0,0,0,0,0,0,0,0,0,14,3,3,37,27,7,4,5,30,26
332,1,261,261,1,512,19,493,7,493,12,508,33280,16273,17007,17007,0,261,16012,0,0,0,1023,10,17,0,1048576,0,0,0,inf,0.522750854,0.684844971,0.504348755,0,0,0,0,0,0,0,0,0,0,0,0,0,0,0,0,0,0,0,0,0,0,0,1023,0,0,0,0,0,0,0,0,0,0,0,0,0,0,0,0,0,0,0,0,0,0,0,0,0,0,0,0,0,0,0,0,0,0,0,0,0,0,0,0,0,0,0,0,0,0,0,0,0,0,0,0,0,0,0,0,0,0,0,0,0,0,0,0,0,3,4,1,2,4,66,1,28,3,3
333,1,261,261,1,512,33,479,12,479,21,499,33280,22987,10293,10293,0,779,22208,0,0,0,1023,10,17,0,1048576,0,0,0,inf,1.00007629,1.16630554,0.952972412,0,0,0,0,0,0,0,0,0,0,0,0,0,0,0,0,0,0,0,0,0,0,0,1023,0,0,0,0,0,0,0,0,0,0,0,0,0,0,0,0,0,0,0,0,0,0,0,0,0,0,0,0,0,0,0,0,0,0,0,0,0,0,0,0,0,0,0,0,0,0,0,0,0,0,0,0,0,0,0,0,0,0,0,0,0,0,0,0,0,9,9,14,6,2,52,101,91,104,16
334,1,261,261,1,512,167,345,59,345,108,412,33280,12992,20288,20288,0,1334,11658,0,0,0,1023,10,17,0,1048576,0,0,0,inf,0.787811279,0.963607788,0.615509033,0,0,0,0,0,0,0,0,0,0,0,0,0,0,0,0,0,0,0,0,0,0,0,1023,0,0,0,0,0,0,0,0,0,0,0,0,0,0,0,0,0,0,0,0,0,0,0,0,0,0,0,0,0,0,0,0,0,0,0,0,0,0,0,0,0,0,0,0,0,0,0,0,0,0,0,0,0,0,0,0,0,0,0,0,0,0,0,0,0,3,5,5,2,3,15,11,11,2,3
335,1,261,261,1,512,90,422,40,422,50,470,33280,10076,23204,23204,0,519,9557,0,0,0,1023,10,17,0,1048576,0,0,0,inf,0.981521606,1.44541931,0.780532837,0,0,0,0,0,0,0,0,0,0,0,0,0,0,0,0,0,0,0,0,0,0,0,1023,0,0,0,0,0,0,0,0,0,0,0,0,0,0,0,0,0,0,0,0,0,0,0,0,0,0,0,0,0,0,0,0,0,0,0,0,0,0,0,0,0,0,0,0,0,0,0,0,0,0,0,0,0,0,0,0,0,0,0,0,0,0,0,0,0,22,3,10,15,7,4,14,23,4,15
336,1,261,261,1,512,30,482,14,482,16,504,33280,9596,23684,23684,0,227,9369,0,0,0,1023,10,17,0,1048576,0,0,0,inf,1.00627136,1.35174561,0.948120117,0,0,0,0,0,0,0,0,0,0,0,0,0,0,0,0,0,0,0,0,0,0,0,1023,0,0,0,0,0,0,0,0,0,0,0,0,0,0,0,0,0,0,0,0,0,0,0,0,0,0,0,0,0,0,0,0,0,0,0,0,0,0,0,0,0,0,0,0,0,0,0,0,0,0,0,0,0,0,0,0,0,0,0,0,0,0,0,0,0,1,3,11,12,19,9,73,31,31,27
337,1,261,261,1,512,35,477,17,477,18,502,33280,16387,16893,16893,0,512,15875,0,0,0,1023,10,17,0,1048576,0,0,0,inf,1.11761475,1.42047119,1.05577087,0,0,0,0,0,0,0,0,0,0,0,0,0,0,0,0,0,0,0,0,0,0,0,1023,0,0,0,0,0,0,0,0,0,0,0,0,0,0,0,0,0,0,0,0,0,0,0,0,0,0,0,0,0,0,0,0,0,0,0,0,0,0,0,0,0,0,0,0,0,0,0,0,0,0,0,0,0,0,0,0,0,0,0,0,0,0,0,0,0,78,4,10,3,32,40,5,21,13,4
338,1,261,261,1,512,52,460,20,460,33,487,33280,9163,24117,24117,0,332,8831,0,0,0,1023,10,17,0,1048576,0,0,0,inf,1.13522339,1.49682617,0.922317505,0,0,0,0,0,0,0,0,0,0,0,0,0,0,0,0,0,0,0,0,0,0,0,1023,0,0,0,0,0,0,0,0,0,0,0,0,0,0,0,0,0,0,0,0,0,0,0,0,0,0,0,0,0,0,0,0,0,0,0,0,0,0,0,0,0,0,0,0,0,0,0,0,0,0,0,0,0,0,0,0,0,0,0,0,0,0,0,0,0,3,4,4,4,4,4,4,3,6,9
339,1,261,261,1,512,26,486,16,486,10,510,33280,16019,17261,17261,0,452,15567,0,0,0,1023,10,17,0,1048576,0,0,0,inf,0.816665649,0.958724976,0.808364868,0,0,0,0,0,0,0,0,0,0,0,0,0,0,0,0,0,0,0,0,0,0,0,1023,0,0,0,0,0,0,0,0,0,0,0,0,0,0,0,0,0,0,0,0,0,0,0,0,0,0,0,0,0,0,0,0,0,0,0,0,0,0,0,0,0,0,0,0,0,0,0,0,0,0,0,0,0,0,0,0,0,0,0,0,0,0,0,0,0,3,4,5,9,49,13,107,8,70,1
340,1,261,261,1,512,35,477,10,477,25,495,33280,10227,23053,23053,0,247,9980,0,0,0,1023,10,17,0,1048576,0,0,0,inf,1.16081238,1.45475769,1.02598572,0,0,0,0,0,0,0,0,0,0,0,0,0,0,0,0,0,0,0,0,0,0,0,1023,0,0,0,0,0,0,0,0,0,0,0,0,0,0,0,0,0,0,0,0,0,0,0,0,0,0,0,0,0,0,0,0,0,0,0,0,0,0,0,0,0,0,0,0,0,0,0,0,0,0,0,0,0,0,0,0,0,0,0,0,0,0,0,0,0,8,8,8,7,9,10,7,8,11,10
341,1,261,261,1,512,50,462,25,462,25,495,33280,17729,15551,15551,0,637,17092,0,0,0,1023,10,17,0,1048576,0,0,0,inf,0.650268555,0.815826416,0.611343384,0,0,0,0,0,0,0,0,0,0,0,0,0,0,0,0,0,0,0,0,0,0,0,1023,0,0,0,0,0,0,0,0,0,0,0,0,0,0,0,0,0,0,0,0,0,0,0,0,0,0,0,0,0,0,0,0,0,0,0,0,0,0,0,0,0,0,0,0,0,0,0,0,0,0,0,0,0,0,0,0,0,0,0,0,0,0,0,0,0,39,26,9,19,19,18,10,6,8,13
342,1,261,261,1,512,58,454,28,454,30,490,33280,18667,14613,14613,0,783,17884,0,0,0,1023,10,17,0,1048576,0,0,0,inf,0.843399048,0.989456177,0.784255981,0,0,0,0,0,0,0,0,0,0,0,0,0,0,0,0,0,0,0,0,0,0,0,1023,0,0,0,0,0,0,0,0,0,0,0,0,0,0,0,0,0,0,0,0,0,0,0,0,0,0,0,0,0,0,0,0,0,0,0,0,0,0,0,0,0,0,0,0,0,0,0,0,0,0,0,0,0,0,0,0,0,0,0,0,0,0,0,0,0,22,16,10,10,44,17,18,3,24,9
343,0.200000003,261,261,1,512,5,507,3,507,2,518,33280,9703,23577,23577,0,90,9613,0,0,0,1023,5,17,0,1048576,0,0,0,inf,0.815093994,1.12245178,inf,0,0,0,0,0,0,0,0,0,0,0,0,0,0,0,0,0,0,0,0,0,0,0,3,0,0,0,0,0,0,0,0,0,0,0,0,0,0,0,0,0,0,0,0,0,0,0,0,0,0,0,0,0,0,0,0,0,0,0,0,0,0,0,0,0,0,0,0,0,0,0,0,0,0,0,0,0,0,0,0,0,0,0,0,0,0,0,0,0,1,27,18,48,39,31,73,102,48,23
344,1,261,261,1,512,66,446,14,446,52,468,33280,13586,19694,19694,0,529,13057,0,0,0,1023,10,17,0,1048576,0,0,0,inf,0.935180664,1.09411621,0.764663696,0,0,0,0,0,0,0,0,0,0,0,0,0,0,0,0,0,0,0,0,0,0,0,1023,0,0,0,0,0,0,0,0,0,0,0,0,0,0,0,0,0,0,0,0,0,0,0,0,0,0,0,0,0,0,0,0,0,0,0,0,0,0,0,0,0,0,0,0,0,0,0,0,0,0,0,0,0,0,0,0,0,0,0,0,0,0,0,0,0,4,5,6,5,6,5,6,5,5,5
345,1,261,261,1,512,63,449,24,449,39,481,33280,15861,17419,17419,0,831,15030,0,0,0,1023,10,17,0,1048576,0,0,0,inf,0.942153931,1.12210083,0.846343994,0,0,0,0,0,0,0,0,0,0,0,0,0,0,0,0,0,0,0,0,0,0,0,1023,0,0,0,0,0,0,0,0,0,0,0,0,0,0,0,0,0,0,0,0,0,0,0,0,0,0,0,0,0,0,0,0,0,0,0,0,0,0,0,0,0,0,0,0,0,0,0,0,0,0,0,0,0,0,0,0,0,0,0,0,0,0,0,0,0,4,5,5,16,11,9,4,5,5,19
346,1,261,261,1,512,41,471,22,471,19,501,33280,16571,16709,16709,0,748,15823,0,0,0,1023,10,17,0,1048576,0,0,0,inf,0.924407959,1.06816101,0.865493774,0,0,0,0,0,0,0,0,0,0,0,0,0,0,0,0,0,0,0,0,0,0,0,1023,0,0,0,0,0,0,0,0,0,0,0,0,0,0,0,0,0,0,0,0,0,0,0,0,0,0,0,0,0,0,0,0,0,0,0,0,0,0,0,0,0,0,0,0,0,0,0,0,0,0,0,0,0,0,0,0,0,0,0,0,0,0,0,0,0,2,5,6,9,3,7,5,12,13,15
347,1,261,261,1,512,122,390,47,390,75,445,33280,13233,20047,20047,0,947,12286,0,0,0,1023,10,17,0,1048576,0,0,0,inf,0.638519287,0.786682129,0.500778198,0,0,0,0,0,0,0,0,0,0,0,0,0,0,0,0,0,0,0,0,0,0,0,1023,0,0,0,0,0,0,0,0,0,0,0,0,0,0,0,0,0,0,0,0,0,0,0,0,0,0,0,0,0,0,0,0,0,0,0,0,0,0,0,0,0,0,0,0,0,0,0,0,0,0,0,0,0,0,0,0,0,0,0,0,0,0,0,0,0,4,2,5,3,2,3,2,3,2,5
348,1,261,261,1,512,19,493,7,493,12,508,33280,21969,11311,11311,0,383,21586,0,0,0,1023,10,17,0,1048576,0,0,0,inf,0.910446167,1.00125122,0.904724121,0,0,0,0,0,0,0,0,0,0,0,0,0,0,0,0,0,0,0,0,0,0,0,1023,0,0,0,0,0,0,0,0,0,0,0,0,0,0,0,0,0,0,0,0,0,0,0,0,0,0,0,0,0,0,0,0,0,0,0,0,0,0,0,0,0,0,0,0,0,0,0,0,0,0,0,0,0,0,0,0,0,0,0,0,0,0,0,0,0,7,172,9,32,83,24,13,206,6,69
349,1,261,261,1,512,48,464,19,464,29,491,33280,13812,19468,19468,0,620,13192,0,0,0,1023,10,17,0,1048576,0,0,0,inf,0.954025269,1.11778259,0.877655029,0,0,0,0,0,0,0,0,0,0,0,0,0,0,0,0,0,0,0,0,0,0,0,1023,0,0,0,0,0,0,0,0,0,0,0,0,0,0,0,0,0,0,0,0,0,0,0,0,0,0,0,0,0,0,0,0,0,0,0,0,0,0,0,0,0,0,0,0,0,0,0,0,0,0,0,0,0,0,0,0,0,0,0,0,0,0,0,0,0,7,6,3,3,14,27,3,14,5,4
350,1,261,261,1,512,40,472,14,472,26,494,33280,13497,19783,19783,0,472,13025,0,0,0,1023,10,17,0,1048576,0,0,0,inf,0.504135132,0.673171997,0.47215271,0,0,0,0,0,0,0,0,0,0,0,0,0,0,0,0,0,0,0,0,0,0,0,1023,0,0,0,0,0,0,0,0,0,0,0,0,0,0,0,0,0,0,0,0,0,0,0,0,0,0,0,0,0,0,0,0,0,0,0,0,0,0,0,0,0,0,0,0,0,0,0,0,0,0,0,0,0,0,0,0,0,0,0,0,0,0,0,0,0,3,3,13,6,4,1,4,1,9,5
351,1,261,261,1,512,85,427,41,427,44,476,33280,20910,12370,12370,0,1333,19577,0,0,0,1023,10,17,0,1048576,0,0,0,inf,0.889389038,1.054245,0.772140503,0,0,0,0,0,0,0,0,0,0,0,0,0,0,0,0,0,0,0,0,0,0,0,1023,0,0,0,0,0,0,0,0,0,0,0,0,0,0,0,0,0,0,0,0,0,0,0,0,0,0,0,0,0,0,0,0,0,0,0,0,0,0,0,0,0,0,0,0,0,0,0,0,0,0,0,0,0,0,0,0,0,0,0,0,0,0,0,0,0,9,1,14,26,6,7,13,3,13,9
352,1,261,261,1,512,47,465,22,465,25,495,33280,10650,22630,22630,0,419,10231,0,0,0,1023,10,17,0,1048576,0,0,0,inf,0.545135498,0.750686646,0.490188599,0,0,0,0,0,0,0,0,0,0,0,0,0,0,0,0,0,0,0,0,0,0,0,1023,0,0,0,0,0,0,0,0,0,0,0,0,0,0,0,0,0,0,0,0,0,0,0,0,0,0,0,0,0,0,0,0,0,0,0,0,0,0,0,0,0,0,0,0,0,0,0,0,0,0,0,0,0,0,0,0,0,0,0,0,0,0,0,0,0,5,4,7,4,6,23,77,7,5,38
353,1,261,261,1,512,48,464,30,464,18,502,33280,11758,21522,21522,0,658,11100,0,0,0,1023,10,17,0,1048576,0,0,0,inf,1.20573425,1.56365967,1.09912109,0,0,0,0,0,0,0,0,0,0,0,0,0,0,0,0,0,0,0,0,0,0,0,1023,0,0,0,0,0,0,0,0,0,0,0,0,0,0,0,0,0,0,0,0,0,0,0,0,0,0,0,0,0,0,0,0,0,0,0,0,0,0,0,0,0,0,0,0,0,0,0,0,0,0,0,0,0,0,0,0,0,0,0,0,0,0,0,0,0,6,3,2,22,4,17,2,7,8,44
354,1,261,261,1,512,53,459,26,459,27,493,33280,14845,18435,18435,0,690,14155,0,0,0,1023,10,17,0,1048576,0,0,0,inf,0.801956177,1.03215027,0.674057007,0,0,0,0,0,0,0,0,0,0,0,0,0,0,0,0,0,0,0,0,0,0,0,1023,0,0,0,0,0,0,0,0,0,0,0,0,0,0,0,0,0,0,0,0,0,0,0,0,0,0,0,0,0,0,0,0,0,0,0,0,0,0,0,0,0,0,0,0,0,0,0,0,0,0,0,0,0,0,0,0,0,0,0,0,0,0,0,0,0,7,3,16,12,1,7,11,4,7,5
355,1,261,261,1,512,58,454,27,454,31,489,33280,22222,11058,11058,0,1005,21217,0,0,0,1023,10,17,0,1048576,0,0,0,inf,0.664764404,0.814819336,0.612564087,0,0,0,0,0,0,0,0,0,0,0,0,0,0,0,0,0,0,0,0,0,0,0,1023,0,0,0,0,0,0,0,0,0,0,0,0,0,0,0,0,0,0,0,0,0,0,0,0,0,0,0,0,0,0,0,0,0,0,0,0,0,0,0,0,0,0,0,0,0,0,0,0,0,0,0,0,0,0,0,0,0,0,0,0,0,0,0,0,0,2,14,135,3,5,3,3,48,3,5
356,1,261,261,1,512,81,431,14,431,67,453,33280,9811,23469,23469,0,472,9339,0,0,0,1023,10,17,0,1048576,0,0,0,inf,1.01390076,1.25630188,0.693710327,0,0,0,0,0,0,0,0,0,0,0,0,0,0,0,0,0,0,0,0,0,0,0,1023,0,0,0,0,0,0,0,0,0,0,0,0,0,0,0,0,0,0,0,0,0,0,0,0,0,0,0,0,0,0,0,0,0,0,0,0,0,0,0,0,0,0,0,0,0,0,0,0,0,0,0,0,0,0,0,0,0,0,0,0,0,0,0,0,0,5,4,4,4,5,5,5,4,4,5
357,1,261,261,1,512,282,230,48,230,236,284,33280,11380,21900,21900,0,1636,9744,0,0,0,1023,10,17,0,1048576,0,0,0,inf,0.667053223,0.862091064,0.488632202,0,0,0,0,0,0,0,0,0,0,0,0,0,0,0,0,0,0,0,0,0,0,0,1023,0,0,0,0,0,0,0,0,0,0,0,0,0,0,0,0,0,0,0,0,0,0,0,0,0,0,0,0,0,0,0,0,0,0,0,0,0,0,0,0,0,0,0,0,0,0,0,0,0,0,0,0,0,0,0,0,0,0,0,0,0,0,0,0,0,3,4,3,4,4,2,4,3,2,13
358,1,261,261,1,512,80,432,32,432,48,472,33280,12817,20463,20463,0,758,12059,0,0,0,1023,10,17,0,1048576,0,0,0,inf,1.09500122,1.34753418,0.906799316,0,0,0,0,0,0,0,0,0,0,0,0,0,0,0,0,0,0,0,0,0,0,0,1023,0,0,0,0,0,0,0,0,0,0,0,0,0,0,0,0,0,0,0,0,0,0,0,0,0,0,0,0,0,0,0,0,0,0,0,0,0,0,0,0,0,0,0,0,0,0,0,0,0,0,0,0,0,0,0,0,0,0,0,0,0,0,0,0,0,4,5,3,6,6,27,9,7,7,3
359,1,261,261,1,512,79,433,32,433,47,473,33280,14139,19141,19141,0,716,13423,0,0,0,1023,10,17,0,1048576,0,0,0,inf,0.55607605,0.728622437,0.469833374,0,0,0,0,0,0,0,0,0,0,0,0,0,0,0,0,0,0,0,0,0,0,0,1023,0,0,0,0,0,0,0,0,0,0,0,0,0,0,0,0,0,0,0,0,0,0,0,0,0,0,0,0,0,0,0,0,0,0,0,0,0,0,0,0,0,0,0,0,0,0,0,0,0,0,0,0,0,0,0,0,0,0,0,0,0,0,0,0,0,3,1,2,2,2,10,5,8,13,4
360,1,261,261,1,512,24,488,13,488,11,509,33280,14722,18558,18558,0,387,14335,0,0,0,1023,10,17,0,1048576,0,0,0,inf,1.33778381,1.58892822,1.32737732,0,0,0,0,0,0,0,0,0,0,0,0,0,0,0,0,0,0,0,0,0,0,0,1023,0,0,0,0,0,0,0,0,0,0,0,0,0,0,0,0,0,0,0,0,0,0,0,0,0,0,0,0,0,0,0,0,0,0,0,0,0,0,0,0,0,0,0,0,0,0,0,0,0,0,0,0,0,0,0,0,0,0,0,0,0,0,0,0,0,116,3,16,0,4,12,100,6,6,40
361,1,261,261,1,512,209,303,80,303,129,391,33280,12067,21213,21213,0,2003,10064,0,0,0,1023,10,17,0,1048576,0,0,0,inf,0.79196167,0.955673218,0.606887817,0,0,0,0,0,0,0,0,0,0,0,0,0,0,0,0,0,0,0,0,0,0,0,1023,0,0,0,0,0,0,0,0,0,0,0,0,0,0,0,0,0,0,0,0,0,0,0,0,0,0,0,0,0,0,0,0,0,0,0,0,0,0,0,0,0,0,0,0,0,0,0,0,0,0,0,0,0,0,0,0,0,0,0,0,0,0,0,0,0,9,21,6,6,6,8,13,11,14,5
362,1,261,261,1,512,34,478,21,478,13,507,33280,9700,23580,23580,0,333,9367,0,0,0,1023,10,17,0,1048576,0,0,0,inf,1.3500061,1.64219666,1.26184082,0,0,0,0,0,0,0,0,0,0,0,0,0,0,0,0,0,0,0,0,0,0,0,1023,0,0,0,0,0,0,0,0,0,0,0,0,0,0,0,0,0,0,0,0,0,0,0,0,0,0,0,0,0,0,0,0,0,0,0,0,0,0,0,0,0,0,0,0,0,0,0,0,0,0,0,0,0,0,0,0,0,0,0,0,0,0,0,0,0,3,2,9,4,36,28,45,16,16,52
363,1,261,261,1,512,89,423,41,423,48,472,33280,17327,15953,15953,0,1439,15888,0,0,0,1023,10,17,0,1048576,0,0,0,inf,0.760803223,0.905487061,0.688980103,0,0,0,0,0,0,0,0,0,0,0,0,0,0,0,0,0,0,0,0,0,0,0,1023,0,0,0,0,0,0,0,0,0,0,0,0,0,0,0,0,0,0,0,0,0,0,0,0,0,0,0,0,0,0,0,0,0,0,0,0,0,0,0,0,0,0,0,0,0,0,0,0,0,0,0,0,0,0,0,0,0,0,0,0,0,0,0,0,0,2,4,4,3,3,15,5,19,51,4
364,1,261,261,1,512,41,471,16,471,25,495,33280,15544,17736,17736,0,755,14789,0,0,0,1023,10,17,0,1048576,0,0,0,inf,1.09992981,1.27854919,1.03076172,0,0,0,0,0,0,0,0,0,0,0,0,0,0,0,0,0,0,0,0,0,0,0,1023,0,0,0,0,0,0,0,0,0,0,0,0,0,0,0,0,0,0,0,0,0,0,0,0,0,0,0,0,0,0,0,0,0,0,0,0,0,0,0,0,0,0,0,0,0,0,0,0,0,0,0,0,0,0,0,0,0,0,0,0,0,0,0,0,0,3,3,4,4,4,29,4,10,5,4
365,0.899999976,261,261,1,512,19,493,12,493,7,513,33280,7697,25583,25583,0,149,7548,0,0,0,1023,10,17,0,1048576,0,0,0,inf,0.953689575,1.34381104,1.04290771,0,0,0,0,0,0,0,0,0,0,0,0,0,0,0,0,0,0,0,0,0,0,0,511,0,0,0,0,0,0,0,0,0,0,0,0,0,0,0,0,0,0,0,0,0,0,0,0,0,0,0,0,0,0,0,0,0,0,0,0,0,0,0,0,0,0,0,0,0,0,0,0,0,0,0,0,0,0,0,0,0,0,0,0,0,0,0,0,0,4,1,27,11,65,30,30,16,5,39
366,1,261,261,1,512,106,406,41,406,65,455,33280,12391,20889,20889,0,1035,11356,0,0,0,1023,10,17,0,1048576,0,0,0,inf,0.739318848,0.931472778,0.598754883,0,0,0,0,0,0,0,0,0,0,0,0,0,0,0,0,0,0,0,0,0,0,0,1023,0,0,0,0,0,0,0,0,0,0,0,0,0,0,0,0,0,0,0,0,0,0,0,0,0,0,0,0,0,0,0,0,0,0,0,0,0,0,0,0,0,0,0,0,0,0,0,0,0,0,0,0,0,0,0,0,0,0,0,0,0,0,0,0,0,4,3,3,5,2,15,6,29,29,7
367,1,261,261,1,512,66,446,31,446,35,485,33280,22923,10357,10357,0,1097,21826,0,0,0,1023,10,17,0,1048576,0,0,0,inf,1.01940918,1.17114258,0.888778687,0,0,0,0,0,0,0,0,0,0,0,0,0,0,0,0,0,0,0,0,0,0,0,1023,0,0,0,0,0,0,0,0,0,0,0,0,0,0,0,0,0,0,0,0,0,0,0,0,0,0,0,0,0,0,0,0,0,0,0,0,0,0,0,0,0,0,0,0,0,0,0,0,0,0,0,0,0,0,0,0,0,0,0,0,0,0,0,0,0,3,4,4,3,2,4,1,28,2,3
368,1,261,261,1,512,51,461,18,461,33,487,33280,9536,23744,23744,0,364,9172,0,0,0,1023,10,17,0,1048576,0,0,0,inf,1.3384552,1.66671753,1.14070129,0,0,0,0,0,0,0,0,0,0,0,0,0,0,0,0,0,0,0,0,0,0,0,1023,0,0,0,0,0,0,0,0,0,0,0,0,0,0,0,0,0,0,0,0,0,0,0,0,0,0,0,0,0,0,0,0,0,0,0,0,0,0,0,0,0,0,0,0,0,0,0,0,0,0,0,0,0,0,0,0,0,0,0,0,0,0,0,0,0,6,5,3,5,26,13,6,6,14,2
369,1,261,261,1,512,28,484,16,484,12,508,33280,26734,6546,6546,0,635,26099,0,0,0,1023,10,17,0,1048576,0,0,0,inf,0.904129028,0.979598999,0.874191284,0,0,0,0,0,0,0,0,0,0,0,0,0,0,0,0,0,0,0,0,0,0,0,1023,0,0,0,0,0,0,0,0,0,0,0,0,0,0,0,0,0,0,0,0,0,0,0,0,0,0,0,0,0,0,0,0,0,0,0,0,0,0,0,0,0,0,0,0,0,0,0,0,0,0,0,0,0,0,0,0,0,0,0,0,0,0,0,0,0,53,15,63,25,15,32,118,79,85,125
370,1,261,261,1,512,123,389,51,389,72,448,33280,16002,17278,17278,0,1486,14516,0,0,0,1023,10,17,0,1048576,0,0,0,inf,0.728347778,0.879852295,0.62210083,0,0,0,0,0,0,0,0,0,0,0,0,0,0,0,0,0,0,0,0,0,0,0,1023,0,0,0,0,0,0,0,0,0,0,0,0,0,0,0,0,0,0,0,0,0,0,0,0,0,0,0,0,0,0,0,0,0,0,0,0,0,0,0,0,0,0,0,0,0,0,0,0,0,0,0,0,0,0,0,0,0,0,0,0,0,0,0,0,0,6,3,2,16,19,10,10,8,27,10
371,1,261,261,1,512,69,443,34,443,35,485,33280,14794,18486,18486,0,1015,13779,0,0,0,1023,10,17,0,1048576,0,0,0,inf,0.982711792,1.15377808,0.887649536,0,0,0,0,0,0,0,0,0,0,0,0,0,0,0,0,0,0,0,0,0,0,0,1023,0,0,0,0,0,0,0,0,0,0,0,0,0,0,0,0,0,0,0,0,0,0,0,0,0,0,0,0,0,0,0,0,0,0,0,0,0,0,0,0,0,0,0,0,0,0,0,0,0,0,0,0,0,0,0,0,0,0,0,0,0,0,0,0,0,4,5,2,5,6,27,28,20,45,45
372,1,261,261,1,512,80,432,39,432,41,479,33280,21296,11984,11984,0,1105,20191,0,0,0,1023,10,17,0,1048576,0,0,0,inf,1.12727356,1.2520752,1.03199768,0,0,0,0,0,0,0,0,0,0,0,0,0,0,0,0,0,0,0,0,0,0,0,1023,0,0,0,0,0,0,0,0,0,0,0,0,0,0,0,0,0,0,0,0,0,0,0,0,0,0,0,0,0,0,0,0,0,0,0,0,0,0,0,0,0,0,0,0,0,0,0,0,0,0,0,0,0,0,0,0,0,0,0,0,0,0,0,0,0,170,5,4,3,7,23,13,64,30,16
373,1,261,261,1,512,332,180,85,180,250,270,33280,9951,23329,23329,0,2787,7164,0,0,0,1023,10,17,0,1048576,0,0,0,inf,0.633865356,0.833480835,0.439605713,0,0,0,0,0,0,0,0,0,0,0,0,0,0,0,0,0,0,0,0,0,0,0,1023,0,0,0,0,0,0,0,0,0,0,0,0,0,0,0,0,0,0,0,0,0,0,0,0,0,0,0,0,0,0,0,0,0,0,0,0,0,0,0,0,0,0,0,0,0,0,0,0,0,0,0,0,0,0,0,0,0,0,0,0,0,0,0,0,0,3,2,4,4,3,4,4,3,7,3
374,1,261,261,1,512,79,433,35,433,44,476,33280,18703,14577,14577,0,1154,17549,0,0,0,1023,10,17,0,1048576,0,0,0,inf,0.905090332,1.05407715,0.79397583,0,0,0,0,0,0,0,0,0,0,0,0,0,0,0,0,0,0,0,0,0,0,0,1023,0,0,0,0,0,0,0,0,0,0,0,0,0,0,0,0,0,0,0,0,0,0,0,0,0,0,0,0,0,0,0,0,0,0,0,0,0,0,0,0,0,0,0,0,0,0,0,0,0,0,0,0,0,0,0,0,0,0,0,0,0,0,0,0,0,11,4,29,19,17,13,8,15,4,5
375,1,261,261,1,512,42,470,21,470,21,499,33280,16138,17142,17142,0,579,15559,0,0,0,1023,10,17,0,1048576,0,0,0,inf,0.922653198,1.09802246,0.817886353,0,0,0,0,0,0,0,0,0,0,0,0,0,0,0,0,0,0,0,0,0,0,0,1023,0,0,0,0,0,0,0,0,0,0,0,0,0,0,0,0,0,0,0,0,0,0,0,0,0,0,0,0,0,0,0,0,0,0,0,0,0,0,0,0,0,0,0,0,0,0,0,0,0,0,0,0,0,0,0,0,0,0,0,0,0,0,0,0,0,9,7,5,13,2,48,8,18,7,29
376,1,261,261,1,512,38,474,18,474,20,500,33280,24260,9020,9020,0,1011,23249,0,0,0,1023,10,17,0,1048576,0,0,0,inf,0.808258057,0.920181274,0.774291992,0,0,0,0,0,0,0,0,0,0,0,0,0,0,0,0,0,0,0,0,0,0,0,1023,0,0,0,0,0,0,0,0,0,0,0,0,0,0,0,0,0,0,0,0,0,0,0,0,0,0,0,0,0,0,0,0,0,0,0,0,0,0,0,0,0,0,0,0,0,0,0,0,0,0,0,0,0,0,0,0,0,0,0,0,0,0,0,0,0,6,12,47,19,7,7,30,116,2,6
377,1,261,261,1,512,35,477,11,477,24,496,33280,9318,23962,23962,0,377,8941,0,0,0,1023,10,17,0,1048576,0,0,0,inf,0.877304077,1.32887268,0.602752686,0,0,0,0,0,0,0,0,0,0,0,0,0,0,0,0,0,0,0,0,0,0,0,1023,0,0,0,0,0,0,0,0,0,0,0,0,0,0,0,0,0,0,0,0,0,0,0,0,0,0,0,0,0,0,0,0,0,0,0,0,0,0,0,0,0,0,0,0,0,0,0,0,0,0,0,0,0,0,0,0,0,0,0,0,0,0,0,0,0,17,6,15,4,5,6,4,39,24,9
378,1,261,261,1,512,38,474,15,474,23,497,33280,18962,14318,14318,0,904,18058,0,0,0,1023,10,17,0,1048576,0,0,0,inf,0.570098877,0.712783813,0.543838501,0,0,0,0,0,0,0,0,0,0,0,0,0,0,0,0,0,0,0,0,0,0,0,1023,0,0,0,0,0,0,0,0,0,0,0,0,0,0,0,0,0,0,0,0,0,0,0,0,0,0,0,0,0,0,0,0,0,0,0,0,0,0,0,0,0,0,0,0,0,0,0,0,0,0,0,0,0,0,0,0,0,0,0,0,0,0,0,0,0,10,15,2,18,15,13,8,16,27,13
379,1,261,261,1,512,154,358,84,358,70,450,33280,12750,20530,20530,0,1782,10968,0,0,0,1023,10,17,0,1048576,0,0,0,inf,0.775421143,1.48338318,0.63571167,0,0,0,0,0,0,0,0,0,0,0,0,0,0,0,0,0,0,0,0,0,0,0,1023,0,0,0,0,0,0,0,0,0,0,0,0,0,0,0,0,0,0,0,0,0,0,0,0,0,0,0,0,0,0,0,0,0,0,0,0,0,0,0,0,0,0,0,0,0,0,0,0,0,0,0,0,0,0,0,0,0,0,0,0,0,0,0,0,0,3,4,7,4,5,3,3,13,2,7
380,1,261,261,1,512,32,480,13,480,19,501,33280,17711,15569,15569,0,468,17243,0,0,0,1023,10,17,0,1048576,0,0,0,inf,0.894744873,1.0789032,0.84413147,0,0,0,0,0,0,0,0,0,0,0,0,0,0,0,0,0,0,0,0,0,0,0,1023,0,0,0,0,0,0,0,0,0,0,0,0,0,0,0,0,0,0,0,0,0,0,0,0,0,0,0,0,0,0,0,0,0,0,0,0,0,0,0,0,0,0,0,0,0,0,0,0,0,0,0,0,0,0,0,0,0,0,0,0,0,0,0,0,0,2,2,2,1,20,13,13,62,21,7
381,1,261,261,1,512,36,476,15,476,21,499,33280,15730,17550,17550,0,737,14993,0,0,0,1023,10,17,0,1048576,0,0,0,inf,1.00584412,1.18434143,0.962615967,0,0,0,0,0,0,0,0,0,0,0,0,0,0,0,0,0,0,0,0,0,0,0,1023,0,0,0,0,0,0,0,0,0,0,0,0,0,0,0,0,0,0,0,0,0,0,0,0,0,0,0,0,0,0,0,0,0,0,0,0,0,0,0,0,0,0,0,0,0,0,0,0,0,0,0,0,0,0,0,0,0,0,0,0,0,0,0,0,0,17,9,10,8,12,253,18,7,30,38
382,1,261,261,1,512,62,450,26,450,36,484,33280,23947,9333,9333,0,1164,22783,0,0,0,1023,10,17,0,1048576,0,0,0,inf,1.24890137,1.33351135,1.16308594,0,0,0,0,0,0,0,0,0,0,0,0,0,0,0,0,0,0,0,0,0,0,0,1023,0,0,0,0,0,0,0,0,0,0,0,0,0,0,0,0,0,0,0,0,0,0,0,0,0,0,0,0,0,0,0,0,0,0,0,0,0,0,0,0,0,0,0,0,0,0,0,0,0,0,0,0,0,0,0,0,0,0,0,0,0,0,0,0,0,51,50,16,6,16,2,23,127,43,213
383,1,261,261,1,512,69,443,28,443,42,478,33280,10995,22285,22285,0,527,10468,0,0,0,1023,10,17,0,1048576,0,0,0,inf,0.817764282,1.05883789,0.718383789,0,0,0,0,0,0,0,0,0,0,0,0,0,0,0,0,0,0,0,0,0,0,0,1023,0,0,0,0,0,0,0,0,0,0,0,0,0,0,0,0,0,0,0,0,0,0,0,0,0,0,0,0,0,0,0,0,0,0,0,0,0,0,0,0,0,0,0,0,0,0,0,0,0,0,0,0,0,0,0,0,0,0,0,0,0,0,0,0,0,4,5,3,2,6,5,3,4,53,7
384,1,261,261,1,512,41,471,16,471,25,495,33280,22229,11051,11051,0,720,21509,0,0,0,1023,10,17,0,1048576,0,0,0,inf,0.799255371,0.950927734,0.771728516,0,0,0,0,0,0,0,0,0,0,0,0,0,0,0,0,0,0,0,0,0,0,0,1023,0,0,0,0,0,0,0,0,0,0,0,0,0,0,0,0,0,0,0,0,0,0,0,0,0,0,0,0,0,0,0,0,0,0,0,0,0,0,0,0,0,0,0,0,0,0,0,0,0,0,0,0,0,0,0,0,0,0,0,0,0,0,0,0,0,59,5,18,12,106,6,4,4,3,5
385,1,261,261,1,512,74,438,23,438,52,468,33280,24535,8745,8745,0,1350,23185,0,0,0,1023,10,17,0,1048576,0,0,0,inf,1.05754089,1.17974854,0.97227478,0,0,0,0,0,0,0,0,0,0,0,0,0,0,0,0,0,0,0,0,0,0,0,1023,0,0,0,0,0,0,0,0,0,0,0,0,0,0,0,0,0,0,0,0,0,0,0,0,0,0,0,0,0,0,0,0,0,0,0,0,0,0,0,0,0,0,0,0,0,0,0,0,0,0,0,0,0,0,0,0,0,0,0,0,0,0,0,0,0,3,6,3,20,8,15,12,169,23,39
386,1,261,261,1,512,85,427,37,427,49,471,33280,6959,26321,26321,0,442,6517,0,0,0,1023,10,17,0,1048576,0,0,0,inf,1.10357666,1.46508789,0.659347534,0,0,0,0,0,0,0,0,0,0,0,0,0,0,0,0,0,0,0,0,0,0,0,1023,0,0,0,0,0,0,0,0,0,0,0,0,0,0,0,0,0,0,0,0,0,0,0,0,0,0,0,0,0,0,0,0,0,0,0,0,0,0,0,0,0,0,0,0,0,0,0,0,0,0,0,0,0,0,0,0,0,0,0,0,0,0,0,0,0,3,3,2,3,3,7,3,4,5,4
387,1,261,261,1,512,58,454,32,454,26,494,33280,17480,15800,15800,0,704,16776,0,0,0,1023,10,17,0,1048576,0,0,0,inf,1.09809875,1.2428894,1.0349884,0,0,0,0,0,0,0,0,0,0,0,0,0,0,0,0,0,0,0,0,0,0,0,1023,0,0,0,0,0,0,0,0,0,0,0,0,0,0,0,0,0,0,0,0,0,0,0,0,0,0,0,0,0,0,0,0,0,0,0,0,0,0,0,0,0,0,0,0,0,0,0,0,0,0,0,0,0,0,0,0,0,0,0,0,0,0,0,0,0,6,4,11,57,10,39,12,8,53,26
388,1,261,261,1,512,120,392,53,392,67,453,33280,18164,15116,15116,0,2160,16004,0,0,0,1023,10,17,0,1048576,0,0,0,inf,1.04086304,1.15885925,0.919555664,0,0,0,0,0,0,0,0,0,0,0,0,0,0,0,0,0,0,0,0,0,0,0,1023,0,0,0,0,0,0,0,0,0,0,0,0,0,0,0,0,0,0,0,0,0,0,0,0,0,0,0,0,0,0,0,0,0,0,0,0,0,0,0,0,0,0,0,0,0,0,0,0,0,0,0,0,0,0,0,0,0,0,0,0,0,0,0,0,0,9,7,1,2,5,7,12,31,11,29
389,1,261,261,1,512,41,471,12,471,29,491,33280,13692,19588,19588,0,483,13209,0,0,0,1023,10,17,0,1048576,0,0,0,inf,0.941894531,1.13116455,0.838165283,0,0,0,0,0,0,0,0,0,0,0,0,0,0,0,0,0,0,0,0,0,0,0,1023,0,0,0,0,0,0,0,0,0,0,0,0,0,0,0,0,0,0,0,0,0,0,0,0,0,0,0,0,0,0,0,0,0,0,0,0,0,0,0,0,0,0,0,0,0,0,0,0,0,0,0,0,0,0,0,0,0,0,0,0,0,0,0,0,0,4,4,5,6,7,5,19,8,11,22
390,1,261,261,1,512,39,473,20,473,20,500,33280,13152,20128,20128,0,510,12642,0,0,0,1023,10,17,0,1048576,0,0,0,inf,0.779678345,0.975814819,0.726577759,0,0,0,0,0,0,0,0,0,0,0,0,0,0,0,0,0,0,0,0,0,0,0,1023,0,0,0,0,0,0,0,0,0,0,0,0,0,0,0,0,0,0,0,0,0,0,0,0,0,0,0,0,0,0,0,0,0,0,0,0,0,0,0,0,0,0,0,0,0,0,0,0,0,0,0,0,0,0,0,0,0,0,0,0,0,0,0,0,0,3,5,34,5,3,14,3,13,1,5
391,1,261,261,1,512,52,460,32,460,20,500,33280,15209,18071,18071,0,634,14575,0,0,0,1023,10,17,0,1048576,0,0,0,inf,1.12963867,1.30328369,1.04914856,0,0,0,0,0,0,0,0,0,0,0,0,0,0,0,0,0,0,0,0,0,0,0,1023,0,0,0,0,0,0,0,0,0,0,0,0,0,0,0,0,0,0,0,0,0,0,0,0,0,0,0,0,0,0,0,0,0,0,0,0,0,0,0,0,0,0,0,0,0,0,0,0,0,0,0,0,0,0,0,0,0,0,0,0,0,0,0,0,0,9,7,5,14,7,5,5,24,10,30
392,1,261,261,1,512,42,470,25,470,17,503,33280,20737,12543,12543,0,685,20052,0,0,0,1023,10,17,0,1048576,0,0,0,inf,0.847976685,1.01812744,0.820449829,0,0,0,0,0,0,0,0,0,0,0,0,0,0,0,0,0,0,0,0,0,0,0,1023,0,0,0,0,0,0,0,0,0,0,0,0,0,0,0,0,0,0,0,0,0,0,0,0,0,0,0,0,0,0,0,0,0,0,0,0,0,0,0,0,0,0,0,0,0,0,0,0,0,0,0,0,0,0,0,0,0,0,0,0,0,0,0,0,0,2,4,67,13,7,61,13,22,10,66
393,1,261,261,1,512,100,412,39,412,61,459,33280,16559,16721,16721,0,1513,15046,0,0,0,1023,10,17,0,1048576,0,0,0,inf,1.0284729,1.22381592,0.87727356,0,0,0,0,0,0,0,0,0,0,0,0,0,0,0,0,0,0,0,0,0,0,0,1023,0,0,0,0,0,0,0,0,0,0,0,0,0,0,0,0,0,0,0,0,0,0,0,0,0,0,0,0,0,0,0,0,0,0,0,0,0,0,0,0,0,0,0,0,0,0,0,0,0,0,0,0,0,0,0,0,0,0,0,0,0,0,0,0,0,4,3,5,7,4,8,6,4,28,5
394,1,261,261,1,512,74,438,27,438,47,473,33280,17145,16135,16135,0,1231,15914,0,0,0,1023,10,17,0,1048576,0,0,0,inf,0.918029785,1.15602112,0.778244019,0,0,0,0,0,0,0,0,0,0,0,0,0,0,0,0,0,0,0,0,0,0,0,1023,0,0,0,0,0,0,0,0,0,0,0,0,0,0,0,0,0,0,0,0,0,0,0,0,0,0,0,0,0,0,0,0,0,0,0,0,0,0,0,0,0,0,0,0,0,0,0,0,0,0,0,0,0,0,0,0,0,0,0,0,0,0,0,0,0,1,15,6,2,2,4,9,21,11,14
395,1,261,261,1,512,141,371,44,371,97,423,33280,22625,10655,10655,0,1501,21124,0,0,0,1023,10,17,0,1048576,0,0,0,inf,1.09538269,1.21029663,0.92364502,0,0,0,0,0,0,0,0,0,0,0,0,0,0,0,0,0,0,0,0,0,0,0,1023,0,0,0,0,0,0,0,0,0,0,0,0,0,0,0,0,0,0,0,0,0,0,0,0,0,0,0,0,0,0,0,0,0,0,0,0,0,0,0,0,0,0,0,0,0,0,0,0,0,0,0,0,0,0,0,0,0,0,0,0,0,0,0,0,0,11,10,9,11,11,9,11,13,9,12
396,1,261,261,1,512,128,384,63,384,65,455,33280,9963,23317,23317,0,1119,8844,0,0,0,1023,10,17,0,1048576,0,0,0,inf,1.10324097,1.3054657,0.961303711,0,0,0,0,0,0,0,0,0,0,0,0,0,0,0,0,0,0,0,0,0,0,0,1023,0,0,0,0,0,0,0,0,0,0,0,0,0,0,0,0,0,0,0,0,0,0,0,0,0,0,0,0,0,0,0,0,0,0,0,0,0,0,0,0,0,0,0,0,0,0,0,0,0,0,0,0,0,0,0,0,0,0,0,0,0,0,0,0,0,3,3,7,4,6,7,4,10,16,11
397,1,261,261,1,512,82,430,37,430,45,475,33280,13351,19929,19929,0,814,12537,0,0,0,1023,10,17,0,1048576,0,0,0,inf,0.922012329,1.21981812,0.78944397,0,0,0,0,0,0,0,0,0,0,0,0,0,0,0,0,0,0,0,0,0,0,0,1023,0,0,0,0,0,0,0,0,0,0,0,0,0,0,0,0,0,0,0,0,0,0,0,0,0,0,0,0,0,0,0,0,0,0,0,0,0,0,0,0,0,0,0,0,0,0,0,0,0,0,0,0,0,0,0,0,0,0,0,0,0,0,0,0,0,11,28,2,11,6,3,4,5,2,22
398,1,261,261,1,512,95,417,47,417,48,472,33280,10933,22347,22347,0,986,9947,0,0,0,1023,10,17,0,1048576,0,0,0,inf,0.613464355,0.827667236,0.511047363,0,0,0,0,0,0,0,0,0,0,0,0,0,0,0,0,0,0,0,0,0,0,0,1023,0,0,0,0,0,0,0,0,0,0,0,0,0,0,0,0,0,0,0,0,0,0,0,0,0,0,0,0,0,0,0,0,0,0,0,0,0,0,0,0,0,0,0,0,0,0,0,0,0,0,0,0,0,0,0,0,0,0,0,0,0,0,0,0,0,9,10,10,10,12,5,5,7,2,22
399,1,261,261,1,512,24,488,11,488,13,507,33280,15228,18052,18052,0,440,14788,0,0,0,1023,10,17,0,1048576,0,0,0,inf,0.636306763,0.803771973,0.623077393,0,0,0,0,0,0,0,0,0,0,0,0,0,0,0,0,0,0,0,0,0,0,0,1023,0,0,0,0,0,0,0,0,0,0,0,0,0,0,0,0,0,0,0,0,0,0,0,0,0,0,0,0,0,0,0,0,0,0,0,0,0,0,0,0,0,0,0,0,0,0,0,0,0,0,0,0,0,0,0,0,0,0,0,0,0,0,0,0,0,3,6,3,4,5,9,9,34,34,2
400,1,261,261,1,512,81,431,36,431,45,475,33280,14491,18789,18789,0,1314,13177,0,0,0,1023,10,17,0,1048576,0,0,0,inf,0.876113892,1.07644653,0.768463135,0,0,0,0,0,0,0,0,0,0,0,0,0,0,0,0,0,0,0,0,0,0,0,1023,0,0,0,0,0,0,0,0,0,0,0,0,0,0,0,0,0,0,0,0,0,0,0,0,0,0,0,0,0,0,0,0,0,0,0,0,0,0,0,0,0,0,0,0,0,0,0,0,0,0,0,0,0,0,0,0,0,0,0,0,0,0,0,0,0,5,3,6,5,9,11,17,29,4,5
401,1,261,261,1,512,392,120,58,120,334,186,33280,2882,30398,30398,0,1107,1775,0,0,0,1023,10,17,0,1048576,0,0,0,inf,0.00305175781,0.00830078125,0.000442504883,0,0,0,0,0,0,0,0,0,0,0,0,0,0,0,0,0,0,0,0,0,0,0,1023,0,0,0,0,0,0,0,0,0,0,0,0,0,0,0,0,0,0,0,0,0,0,0,0,0,0,0,0,0,0,0,0,0,0,0,0,0,0,0,0,0,0,0,0,0,0,0,0,0,0,0,0,0,0,0,0,0,0,0,0,0,0,0,0,0,3,3,3,3,3,3,3,3,3,3
402,1,261,261,1,512,50,462,23,462,27,493,33280,23730,9550,9550,0,1152,22578,0,0,0,1023,10,17,0,1048576,0,0,0,inf,0.958908081,1.07762146,0.892578125,0,0,0,0,0,0,0,0,0,0,0,0,0,0,0,0,0,0,0,0,0,0,0,1023,0,0,0,0,0,0,0,0,0,0,0,0,0,0,0,0,0,0,0,0,0,0,0,0,0,0,0,0,0,0,0,0,0,0,0,0,0,0,0,0,0,0,0,0,0,0,0,0,0,0,0,0,0,0,0,0,0,0,0,0,0,0,0,0,0,36,14,4,58,5,5,16,37,25,3
403,1,261,261,2,512,512,0,0,0,512,7,33216,4581,28635,28635,0,2016,2565,0,0,0,1023,10,17,0,1048576,0,0,0,inf,inf,1.48031616,0.624145508,0,0,0,0,0,0,0,0,0,0,0,0,0,0,0,0,0,0,0,0,0,0,0,1023,0,0,0,0,0,0,0,0,0,0,0,0,0,0,0,0,0,0,0,0,0,0,0,0,0,0,0,0,0,0,0,0,0,0,0,0,0,0,0,0,0,0,0,0,0,0,0,0,0,0,0,0,0,0,0,0,0,0,0,0,0,0,0,0,0,6,4,6,5,4,4,6,6,6,3
404,1,261,261,1,512,42,470,22,470,20,500,33280,18510,14770,14770,0,596,17914,0,0,0,1023,10,17,0,1048576,0,0,0,inf,0.869476318,1.02095032,0.823501587,0,0,0,0,0,0,0,0,0,0,0,0,0,0,0,0,0,0,0,0,0,0,0,1023,0,0,0,0,0,0,0,0,0,0,0,0,0,0,0,0,0,0,0,0,0,0,0,0,0,0,0,0,0,0,0,0,0,0,0,0,0,0,0,0,0,0,0,0,0,0,0,0,0,0,0,0,0,0,0,0,0,0,0,0,0,0,0,0,0,4,37,3,3,3,19,20,131,131,26
405,1,261,261,1,512,93,419,37,419,58,462,33280,8160,25120,25120,0,694,7466,0,0,0,1023,10,17,0,1048576,0,0,0,inf,0.928390503,1.25662231,0.55607605,0,0,0,0,0,0,0,0,0,0,0,0,0,0,0,0,0,0,0,0,0,0,0,1023,0,0,0,0,0,0,0,0,0,0,0,0,0,0,0,0,0,0,0,0,0,0,0,0,0,0,0,0,0,0,0,0,0,0,0,0,0,0,0,0,0,0,0,0,0,0,0,0,0,0,0,0,0,0,0,0,0,0,0,0,0,0,0,0,0,7,17,4,5,4,4,4,14,10,13
406,1,261,261,1,512,273,239,25,239,248,272,33280,7637,25643,25643,0,1037,6600,0,0,0,1023,10,17,0,1048576,0,0,0,inf,0.832992554,1.08251953,0.315475464,0,0,0,0,0,0,0,0,0,0,0,0,0,0,0,0,0,0,0,0,0,0,0,1023,0,0,0,0,0,0,0,0,0,0,0,0,0,0,0,0,0,0,0,0,0,0,0,0,0,0,0,0,0,0,0,0,0,0,0,0,0,0,0,0,0,0,0,0,0,0,0,0,0,0,0,0,0,0,0,0,0,0,0,0,0,0,0,0,0,3,3,3,2,3,3,3,2,3,3
407,1,261,261,1,512,68,444,30,444,38,482,33280,14885,18395,18395,0,980,13905,0,0,0,1023,10,17,0,1048576,0,0,0,inf,0.537811279,0.707885742,0.472976685,0,0,0,0,0,0,0,0,0,0,0,0,0,0,0,0,0,0,0,0,0,0,0,1023,0,0,0,0,0,0,0,0,0,0,0,0,0,0,0,0,0,0,0,0,0,0,0,0,0,0,0,0,0,0,0,0,0,0,0,0,0,0,0,0,0,0,0,0,0,0,0,0,0,0,0,0,0,0,0,0,0,0,0,0,0,0,0,0,0,3,7,9,16,14,15,35,75,9,15
408,1,261,261,1,512,119,393,48,393,72,448,33280,16918,16362,16362,0,1984,14934,0,0,0,1023,10,17,0,1048576,0,0,0,inf,0.880584717,1.01864624,0.775848389,0,0,0,0,0,0,0,0,0,0,0,0,0,0,0,0,0,0,0,0,0,0,0,1023,0,0,0,0,0,0,0,0,0,0,0,0,0,0,0,0,0,0,0,0,0,0,0,0,0,0,0,0,0,0,0,0,0,0,0,0,0,0,0,0,0,0,0,0,0,0,0,0,0,0,0,0,0,0,0,0,0,0,0,0,0,0,0,0,0,5,4,3,15,9,4,70,21,4,3
409,1,261,261,1,512,92,420,48,420,44,476,33280,16797,16483,16483,0,1379,15418,0,0,0,1023,10,17,0,1048576,0,0,0,inf,0.674987793,0.822280884,0.588058472,0,0,0,0,0,0,0,0,0,0,0,0,0,0,0,0,0,0,0,0,0,0,0,1023,0,0,0,0,0,0,0,0,0,0,0,0,0,0,0,0,0,0,0,0,0,0,0,0,0,0,0,0,0,0,0,0,0,0,0,0,0,0,0,0,0,0,0,0,0,0,0,0,0,0,0,0,0,0,0,0,0,0,0,0,0,0,0,0,0,6,3,11,17,9,26,26,6,37,5
410,1,261,261,1,512,56,456,29,456,27,493,33280,12271,21009,21009,0,827,11444,0,0,0,1023,10,17,0,1048576,0,0,0,inf,0.765182495,0.970046997,0.7084198,0,0,0,0,0,0,0,0,0,0,0,0,0,0,0,0,0,0,0,0,0,0,0,1023,0,0,0,0,0,0,0,0,0,0,0,0,0,0,0,0,0,0,0,0,0,0,0,0,0,0,0,0,0,0,0,0,0,0,0,0,0,0,0,0,0,0,0,0,0,0,0,0,0,0,0,0,0,0,0,0,0,0,0,0,0,0,0,0,0,7,19,2,5,52,23,3,2,11,10
411,1,261,261,1,512,54,458,26,458,29,491,33280,16671,16609,16609,0,905,15766,0,0,0,1023,10,17,0,1048576,0,0,0,inf,0.71635437,0.936935425,0.63923645,0,0,0,0,0,0,0,0,0,0,0,0,0,0,0,0,0,0,0,0,0,0,0,1023,0,0,0,0,0,0,0,0,0,0,0,0,0,0,0,0,0,0,0,0,0,0,0,0,0,0,0,0,0,0,0,0,0,0,0,0,0,0,0,0,0,0,0,0,0,0,0,0,0,0,0,0,0,0,0,0,0,0,0,0,0,0,0,0,0,7,3,2,2,33,22,2,1,29,12
412,1,261,261,1,512,47,465,24,465,23,497,33280,8886,24394,24394,0,495,8391,0,0,0,1023,10,17,0,1048576,0,0,0,inf,1.15205383,1.44897461,0.9349823,0,0,0,0,0,0,0,0,0,0,0,0,0,0,0,0,0,0,0,0,0,0,0,1023,0,0,0,0,0,0,0,0,0,0,0,0,0,0,0,0,0,0,0,0,0,0,0,0,0,0,0,0,0,0,0,0,0,0,0,0,0,0,0,0,0,0,0,0,0,0,0,0,0,0,0,0,0,0,0,0,0,0,0,0,0,0,0,0,0,6,7,7,5,4,20,3,4,18,27
413,1,261,261,1,512,87,425,37,425,50,470,33280,21451,11829,11829,0,1782,19669,0,0,0,1023,10,17,0,1048576,0,0,0,inf,0.953140259,1.06658936,0.874328613,0,0,0,0,0,0,0,0,0,0,0,0,0,0,0,0,0,0,0,0,0,0,0,1023,0,0,0,0,0,0,0,0,0,0,0,0,0,0,0,0,0,0,0,0,0,0,0,0,0,0,0,0,0,0,0,0,0,0,0,0,0,0,0,0,0,0,0,0,0,0,0,0,0,0,0,0,0,0,0,0,0,0,0,0,0,0,0,0,0,3,6,14,34,5,52,82,199,14,75
414,1,261,261,1,512,79,433,43,433,36,484,33280,9262,24018,24018,0,701,8561,0,0,0,1023,10,17,0,1048576,0,0,0,inf,0.773834229,1.10041809,0.641433716,0,0,0,0,0,0,0,0,0,0,0,0,0,0,0,0,0,0,0,0,0,0,0,1023,0,0,0,0,0,0,0,0,0,0,0,0,0,0,0,0,0,0,0,0,0,0,0,0,0,0,0,0,0,0,0,0,0,0,0,0,0,0,0,0,0,0,0,0,0,0,0,0,0,0,0,0,0,0,0,0,0,0,0,0,0,0,0,0,0,4,3,3,4,17,4,3,2,16,13
415,1,261,261,1,512,68,444,33,444,35,485,33280,17342,15938,15938,0,1091,16251,0,0,0,1023,10,17,0,1048576,0,0,0,inf,1.13749695,1.34301758,1.06286621,0,0,0,0,0,0,0,0,0,0,0,0,0,0,0,0,0,0,0,0,0,0,0,1023,0,0,0,0,0,0,0,0,0,0,0,0,0,0,0,0,0,0,0,0,0,0,0,0,0,0,0,0,0,0,0,0,0,0,0,0,0,0,0,0,0,0,0,0,0,0,0,0,0,0,0,0,0,0,0,0,0,0,0,0,0,0,0,0,0,8,23,24,39,20,2,11,40,45,77
416,1,261,261,1,512,46,466,21,466,26,494,33280,24847,8433,8433,0,1251,23596,0,0,0,1023,10,17,0,1048576,0,0,0,inf,0.914749146,1.03497314,0.871170044,0,0,0,0,0,0,0,0,0,0,0,0,0,0,0,0,0,0,0,0,0,0,0,1023,0,0,0,0,0,0,0,0,0,0,0,0,0,0,0,0,0,0,0,0,0,0,0,0,0,0,0,0,0,0,0,0,0,0,0,0,0,0,0,0,0,0,0,0,0,0,0,0,0,0,0,0,0,0,0,0,0,0,0,0,0,0,0,0,0,29,112,56,29,214,46,19,63,33,6
417,1,261,261,1,512,201,311,80,311,121,399,33280,10272,23008,23008,0,1954,8318,0,0,0,1023,10,17,0,1048576,0,0,0,inf,0.458068848,0.630905151,0.335861206,0,0,0,0,0,0,0,0,0,0,0,0,0,0,0,0,0,0,0,0,0,0,0,1023,0,0,0,0,0,0,0,0,0,0,0,0,0,0,0,0,0,0,0,0,0,0,0,0,0,0,0,0,0,0,0,0,0,0,0,0,0,0,0,0,0,0,0,0,0,0,0,0,0,0,0,0,0,0,0,0,0,0,0,0,0,0,0,0,0,7,3,5,3,7,6,4,2,4,3
418,1,261,261,1,512,75,437,32,437,43,477,33280,20270,13010,13010,0,1163,19107,0,0,0,1023,10,17,0,1048576,0,0,0,inf,1.19885254,1.32879639,1.08934021,0,0,0,0,0,0,0,0,0,0,0,0,0,0,0,0,0,0,0,0,0,0,0,1023,0,0,0,0,0,0,0,0,0,0,0,0,0,0,0,0,0,0,0,0,0,0,0,0,0,0,0,0,0,0,0,0,0,0,0,0,0,0,0,0,0,0,0,0,0,0,0,0,0,0,0,0,0,0,0,0,0,0,0,0,0,0,0,0,0,7,8,6,6,8,4,66,31,20,48
419,1,261,261,1,512,59,453,30,453,30,490,33280,14554,18726,18726,0,962,13592,0,0,0,1023,10,17,0,1048576,0,0,0,inf,0.916778564,1.18881226,0.794845581,0,0,0,0,0,0,0,0,0,0,0,0,0,0,0,0,0,0,0,0,0,0,0,1023,0,0,0,0,0,0,0,0,0,0,0,0,0,0,0,0,0,0,0,0,0,0,0,0,0,0,0,0,0,0,0,0,0,0,0,0,0,0,0,0,0,0,0,0,0,0,0,0,0,0,0,0,0,0,0,0,0,0,0,0,0,0,0,0,0,15,4,2,2,7,10,2,12,28,28
420,1,261,261,1,512,61,451,28,451,33,487,33280,21504,11776,11776,0,1352,20152,0,0,0,1023,10,17,0,1048576,0,0,0,inf,0.893890381,1.00953674,0.825820923,0,0,0,0,0,0,0,0,0,0,0,0,0,0,0,0,0,0,0,0,0,0,0,1023,0,0,0,0,0,0,0,0,0,0,0,0,0,0,0,0,0,0,0,0,0,0,0,0,0,0,0,0,0,0,0,0,0,0,0,0,0,0,0,0,0,0,0,0,0,0,0,0,0,0,0,0,0,0,0,0,0,0,0,0,0,0,0,0,0,23,22,13,35,38,11,17,23,15,15
421,1,261,261,1,512,81,431,37,431,44,476,33280,14910,18370,18370,0,1131,13779,0,0,0,1023,10,17,0,1048576,0,0,0,inf,0.814834595,1.06149292,0.692108154,0,0,0,0,0,0,0,0,0,0,0,0,0,0,0,0,0,0,0,0,0,0,0,1023,0,0,0,0,0,0,0,0,0,0,0,0,0,0,0,0,0,0,0,0,0,0,0,0,0,0,0,0,0,0,0,0,0,0,0,0,0,0,0,0,0,0,0,0,0,0,0,0,0,0,0,0,0,0,0,0,0,0,0,0,0,0,0,0,0,14,7,7,6,6,14,3,34,12,7
422,1,261,261,1,512,120,392,50,392,72,448,33280,7394,25886,25886,0,851,6543,0,0,0,1023,10,17,0,1048576,0,0,0,inf,0.8956604,1.23748779,0.669128418,0,0,0,0,0,0,0,0,0,0,0,0,0,0,0,0,0,0,0,0,0,0,0,1023,0,0,0,0,0,0,0,0,0,0,0,0,0,0,0,0,0,0,0,0,0,0,0,0,0,0,0,0,0,0,0,0,0,0,0,0,0,0,0,0,0,0,0,0,0,0,0,0,0,0,0,0,0,0,0,0,0,0,0,0,0,0,0,0,0,3,4,3,6,4,3,3,3,3,5
423,1,261,261,1,512,114,398,49,398,66,454,33280,16114,17166,17166,0,1783,14331,0,0,0,1023,10,17,0,1048576,0,0,0,inf,0.898925781,1.06742859,0.774215698,0,0,0,0,0,0,0,0,0,0,0,0,0,0,0,0,0,0,0,0,0,0,0,1023,0,0,0,0,0,0,0,0,0,0,0,0,0,0,0,0,0,0,0,0,0,0,0,0,0,0,0,0,0,0,0,0,0,0,0,0,0,0,0,0,0,0,0,0,0,0,0,0,0,0,0,0,0,0,0,0,0,0,0,0,0,0,0,0,0,2,8,13,11,4,5,15,5,41,42
424,1,261,261,1,512,495,17,5,17,490,30,33280,10028,23252,23252,0,3458,6570,0,0,0,1023,10,17,0,1048576,0,0,0,inf,0.977172852,1.14254761,0.708099365,0,0,0,0,0,0,0,0,0,0,0,0,0,0,0,0,0,0,0,0,0,0,0,1023,0,0,0,0,0,0,0,0,0,0,0,0,0,0,0,0,0,0,0,0,0,0,0,0,0,0,0,0,0,0,0,0,0,0,0,0,0,0,0,0,0,0,0,0,0,0,0,0,0,0,0,0,0,0,0,0,0,0,0,0,0,0,0,0,0,4,9,3,2,4,2,2,20,19,5
425,1,261,261,1,512,66,446,39,446,27,493,33280,10388,22892,22892,0,691,9697,0,0,0,1023,10,17,0,1048576,0,0,0,inf,0.913543701,1.19577026,0.801895142,0,0,0,0,0,0,0,0,0,0,0,0,0,0,0,0,0,0,0,0,0,0,0,1023,0,0,0,0,0,0,0,0,0,0,0,0,0,0,0,0,0,0,0,0,0,0,0,0,0,0,0,0,0,0,0,0,0,0,0,0,0,0,0,0,0,0,0,0,0,0,0,0,0,0,0,0,0,0,0,0,0,0,0,0,0,0,0,0,0,2,1,2,3,10,9,10,4,8,22
426,1,261,261,1,512,67,445,32,445,35,485,33280,9772,23508,23508,0,558,9214,0,0,0,1023,10,17,0,1048576,0,0,0,inf,1.20277405,1.54470825,0.87689209,0,0,0,0,0,0,0,0,0,0,0,0,0,0,0,0,0,0,0,0,0,0,0,1023,0,0,0,0,0,0,0,0,0,0,0,0,0,0,0,0,0,0,0,0,0,0,0,0,0,0,0,0,0,0,0,0,0,0,0,0,0,0,0,0,0,0,0,0,0,0,0,0,0,0,0,0,0,0,0,0,0,0,0,0,0,0,0,0,0,1,1,2,3,3,2,1,1,35,1
427,1,261,261,1,512,83,429,41,429,42,478,33280,16385,16895,16895,0,1450,14935,0,0,0,1023,10,17,0,1048576,0,0,0,inf,1.44082642,1.61759949,1.29341125,0,0,0,0,0,0,0,0,0,0,0,0,0,0,0,0,0,0,0,0,0,0,0,1023,0,0,0,0,0,0,0,0,0,0,0,0,0,0,0,0,0,0,0,0,0,0,0,0,0,0,0,0,0,0,0,0,0,0,0,0,0,0,0,0,0,0,0,0,0,0,0,0,0,0,0,0,0,0,0,0,0,0,0,0,0,0,0,0,0,3,3,3,5,2,7,7,9,65,10
428,1,261,261,1,512,102,410,58,410,44,476,33280,8178,25102,25102,0,985,7193,0,0,0,1023,10,17,0,1048576,0,0,0,inf,1.01557922,1.29090881,0.891830444,0,0,0,0,0,0,0,0,0,0,0,0,0,0,0,0,0,0,0,0,0,0,0,1023,0,0,0,0,0,0,0,0,0,0,0,0,0,0,0,0,0,0,0,0,0,0,0,0,0,0,0,0,0,0,0,0,0,0,0,0,0,0,0,0,0,0,0,0,0,0,0,0,0,0,0,0,0,0,0,0,0,0,0,0,0,0,0,0,0,5,3,37,1,2,2,5,3,1,14
429,1,261,261,1,512,66,446,33,446,33,487,33280,17358,15922,15922,0,1153,16205,0,0,0,1023,10,17,0,1048576,0,0,0,inf,1.1730957,1.40817261,1.0105896,0,0,0,0,0,0,0,0,0,0,0,0,0,0,0,0,0,0,0,0,0,0,0,1023,0,0,0,0,0,0,0,0,0,0,0,0,0,0,0,0,0,0,0,0,0,0,0,0,0,0,0,0,0,0,0,0,0,0,0,0,0,0,0,0,0,0,0,0,0,0,0,0,0,0,0,0,0,0,0,0,0,0,0,0,0,0,0,0,0,6,7,4,4,8,8,4,20,8,38
430,1,261,261,1,512,71,441,35,441,37,483,33280,23212,10068,10068,0,1712,21500,0,0,0,1023,10,17,0,1048576,0,0,0,inf,1.00007629,1.11117554,0.916992188,0,0,0,0,0,0,0,0,0,0,0,0,0,0,0,0,0,0,0,0,0,0,0,1023,0,0,0,0,0,0,0,0,0,0,0,0,0,0,0,0,0,0,0,0,0,0,0,0,0,0,0,0,0,0,0,0,0,0,0,0,0,0,0,0,0,0,0,0,0,0,0,0,0,0,0,0,0,0,0,0,0,0,0,0,0,0,0,0,0,7,3,2,14,2,17,15,20,8,39
431,1,261,261,1,512,71,441,40,441,31,489,33280,16092,17188,17188,0,1023,15069,0,0,0,1023,10,17,0,1048576,0,0,0,inf,0.642166138,0.788833618,0.574615479,0,0,0,0,0,0,0,0,0,0,0,0,0,0,0,0,0,0,0,0,0,0,0,1023,0,0,0,0,0,0,0,0,0,0,0,0,0,0,0,0,0,0,0,0,0,0,0,0,0,0,0,0,0,0,0,0,0,0,0,0,0,0,0,0,0,0,0,0,0,0,0,0,0,0,0,0,0,0,0,0,0,0,0,0,0,0,0,0,0,1,8,17,10,6,8,12,5,8,12
432,1,261,261,1,512,162,350,70,350,92,428,33280,11254,22026,22026,0,1929,9325,0,0,0,1023,10,17,0,1048576,0,0,0,inf,0.505172729,0.65788269,0.411727905,0,0,0,0,0,0,0,0,0,0,0,0,0,0,0,0,0,0,0,0,0,0,0,1023,0,0,0,0,0,0,0,0,0,0,0,0,0,0,0,0,0,0,0,0,0,0,0,0,0,0,0,0,0,0,0,0,0,0,0,0,0,0,0,0,0,0,0,0,0,0,0,0,0,0,0,0,0,0,0,0,0,0,0,0,0,0,0,0,0,3,2,1,2,9,2,13,2,11,4
433,1,261,261,1,512,101,411,55,411,47,473,33280,12627,20653,20653,0,1293,11334,0,0,0,1023,10,17,0,1048576,0,0,0,inf,0.754867554,0.945220947,0.665359497,0,0,0,0,0,0,0,0,0,0,0,0,0,0,0,0,0,0,0,0,0,0,0,1023,0,0,0,0,0,0,0,0,0,0,0,0,0,0,0,0,0,0,0,0,0,0,0,0,0,0,0,0,0,0,0,0,0,0,0,0,0,0,0,0,0,0,0,0,0,0,0,0,0,0,0,0,0,0,0,0,0,0,0,0,0,0,0,0,0,10,48,4,6,38,4,5,7,11,28
434,1,261,261,1,512,111,401,58,401,53,467,33280,7110,26170,26170,0,790,6320,0,0,0,1023,10,17,0,1048576,0,0,0,inf,0.679092407,0.947494507,0.539733887,0,0,0,0,0,0,0,0,0,0,0,0,0,0,0,0,0,0,0,0,0,0,0,1023,0,0,0,0,0,0,0,0,0,0,0,0,0,0,0,0,0,0,0,0,0,0,0,0,0,0,0,0,0,0,0,0,0,0,0,0,0,0,0,0,0,0,0,0,0,0,0,0,0,0,0,0,0,0,0,0,0,0,0,0,0,0,0,0,0,4,4,4,5,5,4,4,6,5,29
435,1,261,261,1,512,67,445,29,445,38,482,33280,13050,20230,20230,0,829,12221,0,0,0,1023,10,17,0,1048576,0,0,0,inf,1.0489502,1.26971436,0.921920776,0,0,0,0,0,0,0,0,0,0,0,0,0,0,0,0,0,0,0,0,0,0,0,1023,0,0,0,0,0,0,0,0,0,0,0,0,0,0,0,0,0,0,0,0,0,0,0,0,0,0,0,0,0,0,0,0,0,0,0,0,0,0,0,0,0,0,0,0,0,0,0,0,0,0,0,0,0,0,0,0,0,0,0,0,0,0,0,0,0,2,2,17,6,3,8,3,3,6,3
436,1,261,261,1,512,90,422,43,422,47,473,33280,14074,19206,19206,0,1098,12976,0,0,0,1023,10,17,0,1048576,0,0,0,inf,0.793518066,1.07162476,0.684951782,0,0,0,0,0,0,0,0,0,0,0,0,0,0,0,0,0,0,0,0,0,0,0,1023,0,0,0,0,0,0,0,0,0,0,0,0,0,0,0,0,0,0,0,0,0,0,0,0,0,0,0,0,0,0,0,0,0,0,0,0,0,0,0,0,0,0,0,0,0,0,0,0,0,0,0,0,0,0,0,0,0,0,0,0,0,0,0,0,0,4,3,5,5,5,9,5,26,2,2
437,1,261,261,1,512,93,419,41,419,52,468,33280,21795,11485,11485,0,2255,19540,0,0,0,1023,10,17,0,1048576,0,0,0,inf,0.89024353,1.02645874,0.822509766,0,0,0,0,0,0,0,0,0,0,0,0,0,0,0,0,0,0,0,0,0,0,0,1023,0,0,0,0,0,0,0,0,0,0,0,0,0,0,0,0,0,0,0,0,0,0,0,0,0,0,0,0,0,0,0,0,0,0,0,0,0,0,0,0,0,0,0,0,0,0,0,0,0,0,0,0,0,0,0,0,0,0,0,0,0,0,0,0,0,32,1,47,1,2,17,20,6,77,181
438,1,261,261,1,512,83,429,38,429,45,475,33280,14693,18587,18587,0,1204,13489,0,0,0,1023,10,17,0,1048576,0,0,0,inf,0.854888916,1.01124573,0.734832764,0,0,0,0,0,0,0,0,0,0,0,0,0,0,0,0,0,0,0,0,0,0,0,1023,0,0,0,0,0,0,0,0,0,0,0,0,0,0,0,0,0,0,0,0,0,0,0,0,0,0,0,0,0,0,0,0,0,0,0,0,0,0,0,0,0,0,0,0,0,0,0,0,0,0,0,0,0,0,0,0,0,0,0,0,0,0,0,0,0,4,6,3,9,11,5,15,3,30,7
439,1,261,261,1,512,102,410,46,410,56,464,33280,11218,22062,22062,0,996,10222,0,0,0,1023,10,17,0,1048576,0,0,0,inf,0.884521484,1.07244873,0.811630249,0,0,0,0,0,0,0,0,0,0,0,0,0,0,0,0,0,0,0,0,0,0,0,1023,0,0,0,0,0,0,0,0,0,0,0,0,0,0,0,0,0,0,0,0,0,0,0,0,0,0,0,0,0,0,0,0,0,0,0,0,0,0,0,0,0,0,0,0,0,0,0,0,0,0,0,0,0,0,0,0,0,0,0,0,0,0,0,0,0,6,6,5,5,25,30,6,13,4,8
440,1,261,261,1,512,73,439,42,439,32,488,33280,23300,9980,9980,0,1681,21619,0,0,0,1023,10,17,0,1048576,0,0,0,inf,1.09362793,1.22254944,1.01828003,0,0,0,0,0,0,0,0,0,0,0,0,0,0,0,0,0,0,0,0,0,0,0,1023,0,0,0,0,0,0,0,0,0,0,0,0,0,0,0,0,0,0,0,0,0,0,0,0,0,0,0,0,0,0,0,0,0,0,0,0,0,0,0,0,0,0,0,0,0,0,0,0,0,0,0,0,0,0,0,0,0,0,0,0,0,0,0,0,0,19,9,10,40,44,24,5,218,48,31
441,1,261,261,1,512,68,444,29,444,39,481,33280,9909,23371,23371,0,657,9252,0,0,0,1023,10,17,0,1048576,0,0,0,inf,1.27766418,1.59677124,1.03588867,0,0,0,0,0,0,0,0,0,0,0,0,0,0,0,0,0,0,0,0,0,0,0,1023,0,0,0,0,0,0,0,0,0,0,0,0,0,0,0,0,0,0,0,0,0,0,0,0,0,0,0,0,0,0,0,0,0,0,0,0,0,0,0,0,0,0,0,0,0,0,0,0,0,0,0,0,0,0,0,0,0,0,0,0,0,0,0,0,0,4,5,6,5,5,10,5,6,4,6
442,1,261,261,1,512,75,437,31,437,44,476,33280,13436,19844,19844,0,1251,12185,0,0,0,1023,10,17,0,1048576,0,0,0,inf,1.10028076,1.27507019,1.00154114,0,0,0,0,0,0,0,0,0,0,0,0,0,0,0,0,0,0,0,0,0,0,0,1023,0,0,0,0,0,0,0,0,0,0,0,0,0,0,0,0,0,0,0,0,0,0,0,0,0,0,0,0,0,0,0,0,0,0,0,0,0,0,0,0,0,0,0,0,0,0,0,0,0,0,0,0,0,0,0,0,0,0,0,0,0,0,0,0,0,4,7,4,4,20,9,1,69,68,58
443,1,261,261,1,512,339,173,15,173,325,195,33280,8556,24724,24724,0,1068,7488,0,0,0,1023,10,17,0,1048576,0,0,0,inf,0.873184204,1.12657166,0.504943848,0,0,0,0,0,0,0,0,0,0,0,0,0,0,0,0,0,0,0,0,0,0,0,1023,0,0,0,0,0,0,0,0,0,0,0,0,0,0,0,0,0,0,0,0,0,0,0,0,0,0,0,0,0,0,0,0,0,0,0,0,0,0,0,0,0,0,0,0,0,0,0,0,0,0,0,0,0,0,0,0,0,0,0,0,0,0,0,0,0,4,4,4,4,3,4,4,3,4,4
444,1,261,261,1,512,104,408,47,408,59,461,33280,12531,20749,20749,0,1361,11170,0,0,0,1023,10,17,0,1048576,0,0,0,inf,0.652587891,0.872756958,0.514190674,0,0,0,0,0,0,0,0,0,0,0,0,0,0,0,0,0,0,0,0,0,0,0,1023,0,0,0,0,0,0,0,0,0,0,0,0,0,0,0,0,0,0,0,0,0,0,0,0,0,0,0,0,0,0,0,0,0,0,0,0,0,0,0,0,0,0,0,0,0,0,0,0,0,0,0,0,0,0,0,0,0,0,0,0,0,0,0,0,0,5,3,3,1,3,5,3,6,16,13
445,1,261,261,1,512,225,287,62,287,163,357,33280,3493,29787,29787,0,528,2965,0,0,0,1023,10,17,0,1048576,0,0,0,inf,0.00457763672,1.20977783,0.000762939453,0,0,0,0,0,0,0,0,0,0,0,0,0,0,0,0,0,0,0,0,0,0,0,1023,0,0,0,0,0,0,0,0,0,0,0,0,0,0,0,0,0,0,0,0,0,0,0,0,0,0,0,0,0,0,0,0,0,0,0,0,0,0,0,0,0,0,0,0,0,0,0,0,0,0,0,0,0,0,0,0,0,0,0,0,0,0,0,0,0,10,10,10,10,9,10,10,10,10,10
446,1,261,261,1,512,91,421,34,421,57,463,33280,19839,13441,13441,0,2055,17784,0,0,0,1023,10,17,0,1048576,0,0,0,inf,0.744400024,0.883331299,0.635253906,0,0,0,0,0,0,0,0,0,0,0,0,0,0,0,0,0,0,0,0,0,0,0,1023,0,0,0,0,0,0,0,0,0,0,0,0,0,0,0,0,0,0,0,0,0,0,0,0,0,0,0,0,0,0,0,0,0,0,0,0,0,0,0,0,0,0,0,0,0,0,0,0,0,0,0,0,0,0,0,0,0,0,0,0,0,0,0,0,0,79,6,12,34,33,9,13,8,3,5
447,1,261,261,1,512,82,430,43,430,40,480,33280,10498,22782,22782,0,793,9705,0,0,0,1023,10,17,0,1048576,0,0,0,inf,0.721176147,0.924926758,0.628204346,0,0,0,0,0,0,0,0,0,0,0,0,0,0,0,0,0,0,0,0,0,0,0,1023,0,0,0,0,0,0,0,0,0,0,0,0,0,0,0,0,0,0,0,0,0,0,0,0,0,0,0,0,0,0,0,0,0,0,0,0,0,0,0,0,0,0,0,0,0,0,0,0,0,0,0,0,0,0,0,0,0,0,0,0,0,0,0,0,0,6,18,11,10,18,14,3,5,3,9
448,1,261,261,1,512,79,433,40,433,40,480,33280,10666,22614,22614,0,714,9952,0,0,0,1023,10,17,0,1048576,0,0,0,inf,0.970916748,1.18247986,0.862075806,0,0,0,0,0,0,0,0,0,0,0,0,0,0,0,0,0,0,0,0,0,0,0,1023,0,0,0,0,0,0,0,0,0,0,0,0,0,0,0,0,0,0,0,0,0,0,0,0,0,0,0,0,0,0,0,0,0,0,0,0,0,0,0,0,0,0,0,0,0,0,0,0,0,0,0,0,0,0,0,0,0,0,0,0,0,0,0,0,0,5,4,3,9,7,3,9,61,17,6
449,1,261,261,1,512,45,467,25,467,20,500,33280,12264,21016,21016,0,384,11880,0,0,0,1023,10,17,0,1048576,0,0,0,inf,1.1056366,1.38868713,1.04359436,0,0,0,0,0,0,0,0,0,0,0,0,0,0,0,0,0,0,0,0,0,0,0,1023,0,0,0,0,0,0,0,0,0,0,0,0,0,0,0,0,0,0,0,0,0,0,0,0,0,0,0,0,0,0,0,0,0,0,0,0,0,0,0,0,0,0,0,0,0,0,0,0,0,0,0,0,0,0,0,0,0,0,0,0,0,0,0,0,0,2,2,2,2,7,26,26,3,3,6
450,1,261,261,1,512,160,352,66,352,95,425,33280,11864,21416,21416,0,1870,9994,0,0,0,1023,10,17,0,1048576,0,0,0,inf,0.862228394,1.08560181,0.715042114,0,0,0,0,0,0,0,0,0,0,0,0,0,0,0,0,0,0,0,0,0,0,0,1023,0,0,0,0,0,0,0,0,0,0,0,0,0,0,0,0,0,0,0,0,0,0,0,0,0,0,0,0,0,0,0,0,0,0,0,0,0,0,0,0,0,0,0,0,0,0,0,0,0,0,0,0,0,0,0,0,0,0,0,0,0,0,0,0,0,4,12,12,5,3,18,3,18,5,36
451,1,261,261,1,512,433,79,62,79,377,143,33280,3081,30199,30199,0,1584,1497,0,0,0,1023,10,17,0,1048576,0,0,0,inf,0.00259399414,0.00479125977,0.000396728516,0,0,0,0,0,0,0,0,0,0,0,0,0,0,0,0,0,0,0,0,0,0,0,1023,0,0,0,0,0,0,0,0,0,0,0,0,0,0,0,0,0,0,0,0,0,0,0,0,0,0,0,0,0,0,0,0,0,0,0,0,0,0,0,0,0,0,0,0,0,0,0,0,0,0,0,0,0,0,0,0,0,0,0,0,0,0,0,0,0,6,6,6,6,6,6,7,6,6,6
452,1,261,261,1,512,133,379,65,379,68,452,33280,17771,15509,15509,0,2307,15464,0,0,0,1023,10,17,0,1048576,0,0,0,inf,0.641555786,0.783157349,0.55859375,0,0,0,0,0,0,0,0,0,0,0,0,0,0,0,0,0,0,0,0,0,0,0,1023,0,0,0,0,0,0,0,0,0,0,0,0,0,0,0,0,0,0,0,0,0,0,0,0,0,0,0,0,0,0,0,0,0,0,0,0,0,0,0,0,0,0,0,0,0,0,0,0,0,0,0,0,0,0,0,0,0,0,0,0,0,0,0,0,0,20,5,10,17,5,5,83,25,8,15
453,1,261,261,1,512,125,387,63,387,62,458,33280,18087,15193,15193,0,2033,16054,0,0,0,1023,10,17,0,1048576,0,0,0,inf,0.944366455,1.09425354,0.82208252,0,0,0,0,0,0,0,0,0,0,0,0,0,0,0,0,0,0,0,0,0,0,0,1023,0,0,0,0,0,0,0,0,0,0,0,0,0,0,0,0,0,0,0,0,0,0,0,0,0,0,0,0,0,0,0,0,0,0,0,0,0,0,0,0,0,0,0,0,0,0,0,0,0,0,0,0,0,0,0,0,0,0,0,0,0,0,0,0,0,8,6,2,6,16,7,7,9,43,1
454,1,261,261,1,512,100,412,43,412,57,463,33280,18997,14283,14283,0,2146,16851,0,0,0,1023,10,17,0,1048576,0,0,0,inf,0.590896606,0.704544067,0.512542725,0,0,0,0,0,0,0,0,0,0,0,0,0,0,0,0,0,0,0,0,0,0,0,1023,0,0,0,0,0,0,0,0,0,0,0,0,0,0,0,0,0,0,0,0,0,0,0,0,0,0,0,0,0,0,0,0,0,0,0,0,0,0,0,0,0,0,0,0,0,0,0,0,0,0,0,0,0,0,0,0,0,0,0,0,0,0,0,0,0,8,34,31,48,0,8,2,10,12,29
455,1,261,261,1,512,72,440,36,440,36,484,33280,6393,26887,26887,0,642,5751,0,0,0,1023,10,17,0,1048576,0,0,0,inf,1.30206299,1.65213013,1.07159424,0,0,0,0,0,0,0,0,0,0,0,0,0,0,0,0,0,0,0,0,0,0,0,1023,0,0,0,0,0,0,0,0,0,0,0,0,0,0,0,0,0,0,0,0,0,0,0,0,0,0,0,0,0,0,0,0,0,0,0,0,0,0,0,0,0,0,0,0,0,0,0,0,0,0,0,0,0,0,0,0,0,0,0,0,0,0,0,0,0,5,5,3,3,5,9,8,5,2,11
456,1,261,261,1,512,298,214,92,214,206,314,33280,8323,24957,24957,0,2798,5525,0,0,0,1023,10,17,0,1048576,0,0,0,inf,0.466156006,0.667648315,0.349411011,0,0,0,0,0,0,0,0,0,0,0,0,0,0,0,0,0,0,0,0,0,0,0,1023,0,0,0,0,0,0,0,0,0,0,0,0,0,0,0,0,0,0,0,0,0,0,0,0,0,0,0,0,0,0,0,0,0,0,0,0,0,0,0,0,0,0,0,0,0,0,0,0,0,0,0,0,0,0,0,0,0,0,0,0,0,0,0,0,0,2,6,3,1,2,3,2,5,2,2
457,1,261,261,1,512,460,52,53,52,409,111,33280,8929,24351,24351,0,3879,5050,0,0,0,1023,10,17,0,1048576,0,0,0,inf,0.741104126,1.08709717,0.317230225,0,0,0,0,0,0,0,0,0,0,0,0,0,0,0,0,0,0,0,0,0,0,0,1023,0,0,0,0,0,0,0,0,0,0,0,0,0,0,0,0,0,0,0,0,0,0,0,0,0,0,0,0,0,0,0,0,0,0,0,0,0,0,0,0,0,0,0,0,0,0,0,0,0,0,0,0,0,0,0,0,0,0,0,0,0,0,0,0,0,3,4,3,3,4,4,3,4,3,3
458,0.899999976,261,261,1,512,149,363,67,363,82,438,33280,19774,13506,13506,0,2665,17109,0,0,0,1023,10,17,0,1048576,0,0,0,inf,0.911392212,1.13079834,0.787597656,0,0,0,0,0,0,0,0,0,0,0,0,0,0,0,0,0,0,0,0,0,0,0,767,0,0,0,0,0,0,0,0,0,0,0,0,0,0,0,0,0,0,0,0,0,0,0,0,0,0,0,0,0,0,0,0,0,0,0,0,0,0,0,0,0,0,0,0,0,0,0,0,0,0,0,0,0,0,0,0,0,0,0,0,0,0,0,0,0,13,11,5,73,12,90,28,6,16,4
459,1,261,261,1,512,241,271,107,271,136,384,33280,18205,15075,15075,0,4511,13694,0,0,0,1023,10,17,0,1048576,0,0,0,inf,1.19708252,1.3368988,0.771621704,0,0,0,0,0,0,0,0,0,0,0,0,0,0,0,0,0,0,0,0,0,0,0,1023,0,0,0,0,0,0,0,0,0,0,0,0,0,0,0,0,0,0,0,0,0,0,0,0,0,0,0,0,0,0,0,0,0,0,0,0,0,0,0,0,0,0,0,0,0,0,0,0,0,0,0,0,0,0,0,0,0,0,0,0,0,0,0,0,0,3,2,3,2,3,3,3,3,3,4
460,1,261,261,1,512,103,409,51,409,52,468,33280,11195,22085,22085,0,1340,9855,0,0,0,1023,10,17,0,1048576,0,0,0,inf,1.07899475,1.39085388,0.925354004,0,0,0,0,0,0,0,0,0,0,0,0,0,0,0,0,0,0,0,0,0,0,0,1023,0,0,0,0,0,0,0,0,0,0,0,0,0,0,0,0,0,0,0,0,0,0,0,0,0,0,0,0,0,0,0,0,0,0,0,0,0,0,0,0,0,0,0,0,0,0,0,0,0,0,0,0,0,0,0,0,0,0,0,0,0,0,0,0,0,5,4,8,5,5,4,4,19,8,12
461,1,261,261,1,512,323,189,95,189,228,292,33280,9873,23407,23407,0,2825,7048,0,0,0,1023,10,17,0,1048576,0,0,0,inf,0.679321289,1.01651001,0.417449951,0,0,0,0,0,0,0,0,0,0,0,0,0,0,0,0,0,0,0,0,0,0,0,1023,0,0,0,0,0,0,0,0,0,0,0,0,0,0,0,0,0,0,0,0,0,0,0,0,0,0,0,0,0,0,0,0,0,0,0,0,0,0,0,0,0,0,0,0,0,0,0,0,0,0,0,0,0,0,0,0,0,0,0,0,0,0,0,0,0,5,5,3,3,5,3,5,11,5,4
462,1,261,261,1,512,243,269,116,269,128,392,33280,10575,22705,22705,0,2832,7743,0,0,0,1023,10,17,0,1048576,0,0,0,inf,1.09986877,1.33227539,0.92137146,0,0,0,0,0,0,0,0,0,0,0,0,0,0,0,0,0,0,0,0,0,0,0,1023,0,0,0,0,0,0,0,0,0,0,0,0,0,0,0,0,0,0,0,0,0,0,0,0,0,0,0,0,0,0,0,0,0,0,0,0,0,0,0,0,0,0,0,0,0,0,0,0,0,0,0,0,0,0,0,0,0,0,0,0,0,0,0,0,0,4,4,2,7,18,6,4,9,2,6
463,1,261,261,1,512,153,359,63,359,90,430,33280,13389,19891,19891,0,1880,11509,0,0,0,1023,10,17,0,1048576,0,0,0,inf,1.23561096,1.49108887,1.05233765,0,0,0,0,0,0,0,0,0,0,0,0,0,0,0,0,0,0,0,0,0,0,0,1023,0,0,0,0,0,0,0,0,0,0,0,0,0,0,0,0,0,0,0,0,0,0,0,0,0,0,0,0,0,0,0,0,0,0,0,0,0,0,0,0,0,0,0,0,0,0,0,0,0,0,0,0,0,0,0,0,0,0,0,0,0,0,0,0,0,28,5,5,2,17,2,2,4,59,3
464,1,261,261,1,512,100,412,42,412,59,461,33280,19392,13888,13888,0,1850,17542,0,0,0,1023,10,17,0,1048576,0,0,0,inf,0.968109131,1.09713745,0.856643677,0,0,0,0,0,0,0,0,0,0,0,0,0,0,0,0,0,0,0,0,0,0,0,1023,0,0,0,0,0,0,0,0,0,0,0,0,0,0,0,0,0,0,0,0,0,0,0,0,0,0,0,0,0,0,0,0,0,0,0,0,0,0,0,0,0,0,0,0,0,0,0,0,0,0,0,0,0,0,0,0,0,0,0,0,0,0,0,0,0,5,3,24,31,16,54,33,80,200,8
465,1,261,261,1,512,209,303,79,303,131,389,33280,22091,11189,11189,0,4261,17830,0,0,0,1023,10,17,0,1048576,0,0,0,inf,0.855133057,0.970245361,0.71635437,0,0,0,0,0,0,0,0,0,0,0,0,0,0,0,0,0,0,0,0,0,0,0,1023,0,0,0,0,0,0,0,0,0,0,0,0,0,0,0,0,0,0,0,0,0,0,0,0,0,0,0,0,0,0,0,0,0,0,0,0,0,0,0,0,0,0,0,0,0,0,0,0,0,0,0,0,0,0,0,0,0,0,0,0,0,0,0,0,0,3,11,3,28,24,9,10,14,4,57
466,1,261,261,1,512,151,361,72,361,80,440,33280,14500,18780,18780,0,2333,12167,0,0,0,1023,10,17,0,1048576,0,0,0,inf,1.03811646,1.25421143,0.913650513,0,0,0,0,0,0,0,0,0,0,0,0,0,0,0,0,0,0,0,0,0,0,0,1023,0,0,0,0,0,0,0,0,0,0,0,0,0,0,0,0,0,0,0,0,0,0,0,0,0,0,0,0,0,0,0,0,0,0,0,0,0,0,0,0,0,0,0,0,0,0,0,0,0,0,0,0,0,0,0,0,0,0,0,0,0,0,0,0,0,9,3,2,5,5,12,8,29,9,16
467,1,261,261,1,512,122,390,53,390,70,450,33280,21920,11360,11360,0,2885,19035,0,0,0,1023,10,17,0,1048576,0,0,0,inf,1.03283691,1.13427734,0.883041382,0,0,0,0,0,0,0,0,0,0,0,0,0,0,0,0,0,0,0,0,0,0,0,1023,0,0,0,0,0,0,0,0,0,0,0,0,0,0,0,0,0,0,0,0,0,0,0,0,0,0,0,0,0,0,0,0,0,0,0,0,0,0,0,0,0,0,0,0,0,0,0,0,0,0,0,0,0,0,0,0,0,0,0,0,0,0,0,0,0,3,7,3,13,11,113,9,21,12,20
468,1,261,261,1,512,221,291,89,291,133,387,33280,21259,12021,12021,0,4253,17006,0,0,0,1023,10,17,0,1048576,0,0,0,inf,0.937576294,1.04315186,0.766174316,0,0,0,0,0,0,0,0,0,0,0,0,0,0,0,0,0,0,0,0,0,0,0,1023,0,0,0,0,0,0,0,0,0,0,0,0,0,0,0,0,0,0,0,0,0,0,0,0,0,0,0,0,0,0,0,0,0,0,0,0,0,0,0,0,0,0,0,0,0,0,0,0,0,0,0,0,0,0,0,0,0,0,0,0,0,0,0,0,0,2,6,7,4,2,9,6,6,53,3
469,1,261,261,1,512,314,198,104,198,210,310,33280,7399,25881,25881,0,2230,5169,0,0,0,1023,10,17,0,1048576,0,0,0,inf,0.721847534,1.307724,0.393539429,0,0,0,0,0,0,0,0,0,0,0,0,0,0,0,0,0,0,0,0,0,0,0,1023,0,0,0,0,0,0,0,0,0,0,0,0,0,0,0,0,0,0,0,0,0,0,0,0,0,0,0,0,0,0,0,0,0,0,0,0,0,0,0,0,0,0,0,0,0,0,0,0,0,0,0,0,0,0,0,0,0,0,0,0,0,0,0,0,0,6,3,7,13,4,4,4,3,8,4
470,1,261,261,1,512,108,404,51,404,58,462,33280,18194,15086,15086,0,1612,16582,0,0,0,1023,10,17,0,1048576,0,0,0,inf,0.766540527,0.9427948,0.658477783,0,0,0,0,0,0,0,0,0,0,0,0,0,0,0,0,0,0,0,0,0,0,0,1023,0,0,0,0,0,0,0,0,0,0,0,0,0,0,0,0,0,0,0,0,0,0,0,0,0,0,0,0,0,0,0,0,0,0,0,0,0,0,0,0,0,0,0,0,0,0,0,0,0,0,0,0,0,0,0,0,0,0,0,0,0,0,0,0,0,29,4,6,4,4,35,28,6,10,43
471,0.899999976,261,261,1,512,254,258,95,258,159,361,33280,8306,24974,24974,0,2354,5952,0,0,0,1023,10,17,0,1048576,0,0,0,inf,0.571166992,0.775268555,0.410598755,0,0,0,0,0,0,0,0,0,0,0,0,0,0,0,0,0,0,0,0,0,0,0,511,0,0,0,0,0,0,0,0,0,0,0,0,0,0,0,0,0,0,0,0,0,0,0,0,0,0,0,0,0,0,0,0,0,0,0,0,0,0,0,0,0,0,0,0,0,0,0,0,0,0,0,0,0,0,0,0,0,0,0,0,0,0,0,0,0,2,1,0,1,5,6,2,2,6,0
472,1,261,261,1,512,151,361,57,361,94,426,33280,18227,15053,15053,0,3073,15154,0,0,0,1023,10,17,0,1048576,0,0,0,inf,0.705764771,0.802520752,0.609985352,0,0,0,0,0,0,0,0,0,0,0,0,0,0,0,0,0,0,0,0,0,0,0,1023,0,0,0,0,0,0,0,0,0,0,0,0,0,0,0,0,0,0,0,0,0,0,0,0,0,0,0,0,0,0,0,0,0,0,0,0,0,0,0,0,0,0,0,0,0,0,0,0,0,0,0,0,0,0,0,0,0,0,0,0,0,0,0,0,0,5,5,11,52,15,14,4,11,16,8
473,1,261,261,1,512,509,3,2,3,509,11,33280,3134,30146,30146,0,2203,931,0,0,0,1023,10,17,0,1048576,0,0,0,inf,0.0180358887,0.0182342529,0.00129699707,0,0,0,0,0,0,0,0,0,0,0,0,0,0,0,0,0,0,0,0,0,0,0,1023,0,0,0,0,0,0,0,0,0,0,0,0,0,0,0,0,0,0,0,0,0,0,0,0,0,0,0,0,0,0,0,0,0,0,0,0,0,0,0,0,0,0,0,0,0,0,0,0,0,0,0,0,0,0,0,0,0,0,0,0,0,0,0,0,0,1,1,1,2,2,2,2,1,2,2
474,1,261,261,1,512,165,347,64,347,101,419,33280,22743,10537,10537,0,3483,19260,0,0,0,1023,10,17,0,1048576,0,0,0,inf,0.933898926,1.05067444,0.840789795,0,0,0,0,0,0,0,0,0,0,0,0,0,0,0,0,0,0,0,0,0,0,0,1023,0,0,0,0,0,0,0,0,0,0,0,0,0,0,0,0,0,0,0,0,0,0,0,0,0,0,0,0,0,0,0,0,0,0,0,0,0,0,0,0,0,0,0,0,0,0,0,0,0,0,0,0,0,0,0,0,0,0,0,0,0,0,0,0,0,46,3,23,8,14,18,14,23,23,4
475,1,261,261,1,512,150,362,64,362,87,433,33280,21447,11833,11833,0,3183,18264,0,0,0,1023,10,17,0,1048576,0,0,0,inf,1.22207642,1.34590149,1.07868958,0,0,0,0,0,0,0,0,0,0,0,0,0,0,0,0,0,0,0,0,0,0,0,1023,0,0,0,0,0,0,0,0,0,0,0,0,0,0,0,0,0,0,0,0,0,0,0,0,0,0,0,0,0,0,0,0,0,0,0,0,0,0,0,0,0,0,0,0,0,0,0,0,0,0,0,0,0,0,0,0,0,0,0,0,0,0,0,0,0,3,8,11,21,5,8,3,46,44,5
476,1,261,261,1,512,116,396,45,396,71,449,33280,7572,25708,25708,0,741,6831,0,0,0,1023,10,17,0,1048576,0,0,0,inf,1.44552612,1.67442322,0.366867065,0,0,0,0,0,0,0,0,0,0,0,0,0,0,0,0,0,0,0,0,0,0,0,1023,0,0,0,0,0,0,0,0,0,0,0,0,0,0,0,0,0,0,0,0,0,0,0,0,0,0,0,0,0,0,0,0,0,0,0,0,0,0,0,0,0,0,0,0,0,0,0,0,0,0,0,0,0,0,0,0,0,0,0,0,0,0,0,0,0,5,3,4,4,4,3,2,6,5,5
477,1,261,261,1,512,188,324,73,324,115,405,33280,23055,10225,10225,0,4256,18799,0,0,0,1023,10,17,0,1048576,0,0,0,inf,0.730667114,0.87651062,0.595901489,0,0,0,0,0,0,0,0,0,0,0,0,0,0,0,0,0,0,0,0,0,0,0,1023,0,0,0,0,0,0,0,0,0,0,0,0,0,0,0,0,0,0,0,0,0,0,0,0,0,0,0,0,0,0,0,0,0,0,0,0,0,0,0,0,0,0,0,0,0,0,0,0,0,0,0,0,0,0,0,0,0,0,0,0,0,0,0,0,0,3,7,4,4,2,4,16,8,4,13
478,1,261,261,1,512,73,439,32,439,41,479,33280,17123,16157,16157,0,1653,15470,0,0,0,1023,10,17,0,1048576,0,0,0,inf,0.867355347,1.03735352,0.798446655,0,0,0,0,0,0,0,0,0,0,0,0,0,0,0,0,0,0,0,0,0,0,0,1023,0,0,0,0,0,0,0,0,0,0,0,0,0,0,0,0,0,0,0,0,0,0,0,0,0,0,0,0,0,0,0,0,0,0,0,0,0,0,0,0,0,0,0,0,0,0,0,0,0,0,0,0,0,0,0,0,0,0,0,0,0,0,0,0,0,3,4,3,27,23,3,5,4,156,21
479,1,261,261,1,512,135,377,55,377,80,440,33280,15892,17388,17388,0,2391,13501,0,0,0,1023,10,17,0,1048576,0,0,0,inf,1.18061829,1.35450745,1.04553223,0,0,0,0,0,0,0,0,0,0,0,0,0,0,0,0,0,0,0,0,0,0,0,1023,0,0,0,0,0,0,0,0,0,0,0,0,0,0,0,0,0,0,0,0,0,0,0,0,0,0,0,0,0,0,0,0,0,0,0,0,0,0,0,0,0,0,0,0,0,0,0,0,0,0,0,0,0,0,0,0,0,0,0,0,0,0,0,0,0,9,20,14,5,6,7,10,19,1,16
480,1,261,261,1,512,151,361,61,361,90,430,33280,15124,18156,18156,0,1958,13166,0,0,0,1023,10,17,0,1048576,0,0,0,inf,0.718688965,0.860305786,0.608886719,0,0,0,0,0,0,0,0,0,0,0,0,0,0,0,0,0,0,0,0,0,0,0,1023,0,0,0,0,0,0,0,0,0,0,0,0,0,0,0,0,0,0,0,0,0,0,0,0,0,0,0,0,0,0,0,0,0,0,0,0,0,0,0,0,0,0,0,0,0,0,0,0,0,0,0,0,0,0,0,0,0,0,0,0,0,0,0,0,0,9,5,2,3,20,5,18,11,4,46
481,1,261,261,1,512,101,411,47,411,54,466,33280,18918,14362,14362,0,2221,16697,0,0,0,1023,10,17,0,1048576,0,0,0,inf,0.755218506,0.874389648,0.68157959,0,0,0,0,0,0,0,0,0,0,0,0,0,0,0,0,0,0,0,0,0,0,0,1023,0,0,0,0,0,0,0,0,0,0,0,0,0,0,0,0,0,0,0,0,0,0,0,0,0,0,0,0,0,0,0,0,0,0,0,0,0,0,0,0,0,0,0,0,0,0,0,0,0,0,0,0,0,0,0,0,0,0,0,0,0,0,0,0,0,6,2,4,14,5,14,18,23,50,5
482,1,261,261,1,512,116,396,55,396,62,458,33280,11564,21716,21716,0,1458,10106,0,0,0,1023,10,17,0,1048576,0,0,0,inf,1.19572449,1.41540527,1.06463623,0,0,0,0,0,0,0,0,0,0,0,0,0,0,0,0,0,0,0,0,0,0,0,1023,0,0,0,0,0,0,0,0,0,0,0,0,0,0,0,0,0,0,0,0,0,0,0,0,0,0,0,0,0,0,0,0,0,0,0,0,0,0,0,0,0,0,0,0,0,0,0,0,0,0,0,0,0,0,0,0,0,0,0,0,0,0,0,0,0,3,6,6,5,16,11,11,4,16,5
483,1,261,261,1,512,116,396,55,396,61,459,33280,16994,16286,16286,0,2300,14694,0,0,0,1023,10,17,0,1048576,0,0,0,inf,0.952514648,1.08006287,0.863250732,0,0,0,0,0,0,0,0,0,0,0,0,0,0,0,0,0,0,0,0,0,0,0,1023,0,0,0,0,0,0,0,0,0,0,0,0,0,0,0,0,0,0,0,0,0,0,0,0,0,0,0,0,0,0,0,0,0,0,0,0,0,0,0,0,0,0,0,0,0,0,0,0,0,0,0,0,0,0,0,0,0,0,0,0,0,0,0,0,0,4,4,4,4,4,44,1,30,1,5
484,1,261,261,1,512,169,343,56,343,114,406,33280,21146,12134,12134,0,4134,17012,0,0,0,1023,10,17,0,1048576,0,0,0,inf,1.19689941,1.31370544,1.09526062,0,0,0,0,0,0,0,0,0,0,0,0,0,0,0,0,0,0,0,0,0,0,0,1023,0,0,0,0,0,0,0,0,0,0,0,0,0,0,0,0,0,0,0,0,0,0,0,0,0,0,0,0,0,0,0,0,0,0,0,0,0,0,0,0,0,0,0,0,0,0,0,0,0,0,0,0,0,0,0,0,0,0,0,0,0,0,0,0,0,3,10,22,6,7,4,4,3,8,10
485,1,261,261,1,512,122,390,59,390,63,457,33280,14037,19243,19243,0,1725,12312,0,0,0,1023,10,17,0,1048576,0,0,0,inf,0.701156616,0.856079102,0.597442627,0,0,0,0,0,0,0,0,0,0,0,0,0,0,0,0,0,0,0,0,0,0,0,1023,0,0,0,0,0,0,0,0,0,0,0,0,0,0,0,0,0,0,0,0,0,0,0,0,0,0,0,0,0,0,0,0,0,0,0,0,0,0,0,0,0,0,0,0,0,0,0,0,0,0,0,0,0,0,0,0,0,0,0,0,0,0,0,0,0,2,1,2,3,3,7,4,2,5,5
486,1,261,261,1,512,154,358,78,358,77,443,33280,9465,23815,23815,0,1400,8065,0,0,0,1023,10,17,0,1048576,0,0,0,inf,1.00183105,1.23519897,0.878967285,0,0,0,0,0,0,0,0,0,0,0,0,0,0,0,0,0,0,0,0,0,0,0,1023,0,0,0,0,0,0,0,0,0,0,0,0,0,0,0,0,0,0,0,0,0,0,0,0,0,0,0,0,0,0,0,0,0,0,0,0,0,0,0,0,0,0,0,0,0,0,0,0,0,0,0,0,0,0,0,0,0,0,0,0,0,0,0,0,0,3,7,3,3,2,31,7,7,4,13
487,1,261,261,1,512,115,397,56,397,61,459,33280,15836,17444,17444,0,2017,13819,0,0,0,1023,10,17,0,1048576,0,0,0,inf,0.940612793,1.06513977,0.839309692,0,0,0,0,0,0,0,0,0,0,0,0,0,0,0,0,0,0,0,0,0,0,0,1023,0,0,0,0,0,0,0,0,0,0,0,0,0,0,0,0,0,0,0,0,0,0,0,0,0,0,0,0,0,0,0,0,0,0,0,0,0,0,0,0,0,0,0,0,0,0,0,0,0,0,0,0,0,0,0,0,0,0,0,0,0,0,0,0,0,12,5,4,4,15,3,10,9,7,4
488,1,261,261,1,512,148,364,84,364,65,455,33280,6084,27196,27196,0,796,5288,0,0,0,1023,10,17,0,1048576,0,0,0,inf,0.505065918,0.943252563,0.382171631,0,0,0,0,0,0,0,0,0,0,0,0,0,0,0,0,0,0,0,0,0,0,0,1023,0,0,0,0,0,0,0,0,0,0,0,0,0,0,0,0,0,0,0,0,0,0,0,0,0,0,0,0,0,0,0,0,0,0,0,0,0,0,0,0,0,0,0,0,0,0,0,0,0,0,0,0,0,0,0,0,0,0,0,0,0,0,0,0,0,4,6,5,8,8,8,22,14,10,17
489,1,261,261,1,512,95,417,40,417,55,465,33280,19478,13802,13802,0,2173,17305,0,0,0,1023,10,17,0,1048576,0,0,0,inf,0.986419678,1.14077759,0.881439209,0,0,0,0,0,0,0,0,0,0,0,0,0,0,0,0,0,0,0,0,0,0,0,1023,0,0,0,0,0,0,0,0,0,0,0,0,0,0,0,0,0,0,0,0,0,0,0,0,0,0,0,0,0,0,0,0,0,0,0,0,0,0,0,0,0,0,0,0,0,0,0,0,0,0,0,0,0,0,0,0,0,0,0,0,0,0,0,0,0,6,3,6,3,14,26,19,4,31,5
490,1,261,261,1,512,129,383,57,383,72,448,33280,15363,17917,17917,0,1901,13462,0,0,0,1023,10,17,0,1048576,0,0,0,inf,0.512649536,0.603805542,0.448944092,0,0,0,0,0,0,0,0,0,0,0,0,0,0,0,0,0,0,0,0,0,0,0,1023,0,0,0,0,0,0,0,0,0,0,0,0,0,0,0,0,0,0,0,0,0,0,0,0,0,0,0,0,0,0,0,0,0,0,0,0,0,0,0,0,0,0,0,0,0,0,0,0,0,0,0,0,0,0,0,0,0,0,0,0,0,0,0,0,0,5,4,3,2,15,34,5,14,9,15
491,1,261,261,1,512,121,391,56,391,66,454,33280,10701,22579,22579,0,1267,9434,0,0,0,1023,10,17,0,1048576,0,0,0,inf,0.858688354,1.0620575,0.683990479,0,0,0,0,0,0,0,0,0,0,0,0,0,0,0,0,0,0,0,0,0,0,0,1023,0,0,0,0,0,0,0,0,0,0,0,0,0,0,0,0,0,0,0,0,0,0,0,0,0,0,0,0,0,0,0,0,0,0,0,0,0,0,0,0,0,0,0,0,0,0,0,0,0,0,0,0,0,0,0,0,0,0,0,0,0,0,0,0,0,3,4,3,3,9,5,5,5,17,9
492,1,261,261,1,512,138,374,62,374,76,444,33280,19469,13811,13811,0,2376,17093,0,0,0,1023,10,17,0,1048576,0,0,0,inf,0.977874756,1.13294983,0.874588013,0,0,0,0,0,0,0,0,0,0,0,0,0,0,0,0,0,0,0,0,0,0,0,1023,0,0,0,0,0,0,0,0,0,0,0,0,0,0,0,0,0,0,0,0,0,0,0,0,0,0,0,0,0,0,0,0,0,0,0,0,0,0,0,0,0,0,0,0,0,0,0,0,0,0,0,0,0,0,0,0,0,0,0,0,0,0,0,0,0,29,37,21,44,7,17,61,22,4,10
493,1,261,261,1,512,188,324,94,324,95,425,33280,12451,20829,20829,0,2069,10382,0,0,0,1023,10,17,0,1048576,0,0,0,inf,0.736495972,1.0322876,0.526031494,0,0,0,0,0,0,0,0,0,0,0,0,0,0,0,0,0,0,0,0,0,0,0,1023,0,0,0,0,0,0,0,0,0,0,0,0,0,0,0,0,0,0,0,0,0,0,0,0,0,0,0,0,0,0,0,0,0,0,0,0,0,0,0,0,0,0,0,0,0,0,0,0,0,0,0,0,0,0,0,0,0,0,0,0,0,0,0,0,0,2,3,2,3,3,3,5,3,3,5
494,1,261,261,1,512,105,407,52,407,53,467,33280,9227,24053,24053,0,1092,8135,0,0,0,1023,10,17,0,1048576,0,0,0,inf,0.658615112,0.903686523,0.525848389,0,0,0,0,0,0,0,0,0,0,0,0,0,0,0,0,0,0,0,0,0,0,0,1023,0,0,0,0,0,0,0,0,0,0,0,0,0,0,0,0,0,0,0,0,0,0,0,0,0,0,0,0,0,0,0,0,0,0,0,0,0,0,0,0,0,0,0,0,0,0,0,0,0,0,0,0,0,0,0,0,0,0,0,0,0,0,0,0,0,13,4,4,2,3,3,8,10,4,7
495,1,261,261,1,512,150,362,60,362,91,429,33280,18416,14864,14864,0,2823,15593,0,0,0,1023,10,17,0,1048576,0,0,0,inf,0.734298706,0.902053833,0.623703003,0,0,0,0,0,0,0,0,0,0,0,0,0,0,0,0,0,0,0,0,0,0,0,1023,0,0,0,0,0,0,0,0,0,0,0,0,0,0,0,0,0,0,0,0,0,0,0,0,0,0,0,0,0,0,0,0,0,0,0,0,0,0,0,0,0,0,0,0,0,0,0,0,0,0,0,0,0,0,0,0,0,0,0,0,0,0,0,0,0,2,8,8,20,1,33,6,15,36,17
496,1,261,261,1,512,115,397,53,397,62,458,33280,19972,13308,13308,0,2254,17718,0,0,0,1023,10,17,0,1048576,0,0,0,inf,1.09069824,1.22842407,0.99937439,0,0,0,0,0,0,0,0,0,0,0,0,0,0,0,0,0,0,0,0,0,0,0,1023,0,0,0,0,0,0,0,0,0,0,0,0,0,0,0,0,0,0,0,0,0,0,0,0,0,0,0,0,0,0,0,0,0,0,0,0,0,0,0,0,0,0,0,0,0,0,0,0,0,0,0,0,0,0,0,0,0,0,0,0,0,0,0,0,0,3,3,116,2,6,2,21,4,0,21
497,1,261,261,1,512,122,390,55,390,67,453,33280,12204,21076,21076,0,1531,10673,0,0,0,1023,10,17,0,1048576,0,0,0,inf,1.30924988,1.53604126,1.11820984,0,0,0,0,0,0,0,0,0,0,0,0,0,0,0,0,0,0,0,0,0,0,0,1023,0,0,0,0,0,0,0,0,0,0,0,0,0,0,0,0,0,0,0,0,0,0,0,0,0,0,0,0,0,0,0,0,0,0,0,0,0,0,0,0,0,0,0,0,0,0,0,0,0,0,0,0,0,0,0,0,0,0,0,0,0,0,0,0,0,3,4,5,14,16,18,5,7,15,4
498,1,261,261,1,512,100,412,54,412,46,474,33280,14743,18537,18537,0,1807,12936,0,0,0,1023,10,17,0,1048576,0,0,0,inf,0.584747314,0.734558105,0.489089966,0,0,0,0,0,0,0,0,0,0,0,0,0,0,0,0,0,0,0,0,0,0,0,1023,0,0,0,0,0,0,0,0,0,0,0,0,0,0,0,0,0,0,0,0,0,0,0,0,0,0,0,0,0,0,0,0,0,0,0,0,0,0,0,0,0,0,0,0,0,0,0,0,0,0,0,0,0,0,0,0,0,0,0,0,0,0,0,0,0,2,6,3,4,8,4,5,3,7,11
499,1,261,261,1,512,100,412,46,412,54,466,33280,13521,19759,19759,0,1796,11725,0,0,0,1023,10,17,0,1048576,0,0,0,inf,0.852523804,1.04127502,0.735671997,0,0,0,0,0,0,0,0,0,0,0,0,0,0,0,0,0,0,0,0,0,0,0,1023,0,0,0,0,0,0,0,0,0,0,0,0,0,0,0,0,0,0,0,0,0,0,0,0,0,0,0,0,0,0,0,0,0,0,0,0,0,0,0,0,0,0,0,0,0,0,0,0,0,0,0,0,0,0,0,0,0,0,0,0,0,0,0,0,0,12,8,7,7,4,5,3,17,4,32
500,0.300000012,261,261,1,512,3,509,1,509,2,518,33280,19556,13724,13724,0,4,19552,0,0,0,15,3,17,0,1048576,0,0,0,inf,1.00567627,1.14343262,inf,0,0,0,0,0,0,0,0,0,0,0,0,0,0,0,0,0,0,0,0,0,0,0,7,0,0,0,0,0,0,0,0,0,0,0,0,0,0,0,0,0,0,0,0,0,0,0,0,0,0,0,0,0,0,0,0,0,0,0,0,0,0,0,0,0,0,0,0,0,0,0,0,0,0,0,0,0,0,0,0,0,0,0,0,0,0,0,0,0,4,5,5,31,4294967295,4294967295,4294967295,4294967295,4294967295,4294967295
501,0,261,261,1,512,0,512,0,512,0,520,33280,12755,20525,20525,0,0,12755,0,0,0,0,0,17,0,1048576,0,0,0,inf,1.23284912,1.58473206,inf,0,0,0,0,0,0,0,0,0,0,0,0,0,0,0,0,0,0,0,0,0,0,0,0,0,0,0,0,0,0,0,0,0,0,0,0,0,0,0,0,0,0,0,0,0,0,0,0,0,0,0,0,0,0,0,0,0,0,0,0,0,0,0,0,0,0,0,0,0,0,0,0,0,0,0,0,0,0,0,0,0,0,0,0,0,0,0,0,0,4294967295,4294967295,4294967295,4294967295,4294967295,4294967295,4294967295,4294967295,4294967295,4294967295
502,1,261,261,1,512,28,484,2,484,26,494,33280,14913,18367,18367,0,49,14864,0,0,0,1023,10,17,0,1048576,0,0,0,inf,0.647079468,0.890563965,0.554870605,0,0,0,0,0,0,0,0,0,0,0,0,0,0,0,0,0,0,0,0,0,0,0,1023,0,0,0,0,0,0,0,0,0,0,0,0,0,0,0,0,0,0,0,0,0,0,0,0,0,0,0,0,0,0,0,0,0,0,0,0,0,0,0,0,0,0,0,0,0,0,0,0,0,0,0,0,0,0,0,0,0,0,0,0,0,0,0,0,0,3,3,5,5,5,15,2,5,2,10
503,0,261,261,1,512,0,512,0,512,0,520,33280,13023,20257,20257,0,2,13021,0,0,0,3,0,17,0,1048576,0,0,0,inf,0.909912109,1.07519531,inf,0,0,0,0,0,0,0,0,0,0,0,0,0,0,0,0,0,0,0,0,0,0,0,0,0,0,0,0,0,0,0,0,0,0,0,0,0,0,0,0,0,0,0,0,0,0,0,0,0,0,0,0,0,0,0,0,0,0,0,0,0,0,0,0,0,0,0,0,0,0,0,0,0,0,0,0,0,0,0,0,0,0,0,0,0,0,0,0,0,123,5,4294967295,4294967295,4294967295,4294967295,4294967295,4294967295,4294967295,4294967295
504,1,261,261,1,512,16,496,2,496,14,506,33280,9175,24105,24105,0,22,9153,0,0,0,1023,10,17,0,1048576,0,0,0,inf,0.571807861,0.766204834,0.485336304,0,0,0,0,0,0,0,0,0,0,0,0,0,0,0,0,0,0,0,0,0,0,0,1023,0,0,0,0,0,0,0,0,0,0,0,0,0,0,0,0,0,0,0,0,0,0,0,0,0,0,0,0,0,0,0,0,0,0,0,0,0,0,0,0,0,0,0,0,0,0,0,0,0,0,0,0,0,0,0,0,0,0,0,0,0,0,0,0,0,5,4,4,3,4,3,3,4,4,4
505,0.200000003,261,261,1,512,2,510,0,510,2,518,33280,20484,12796,12796,0,5,20479,0,0,0,15,2,17,0,1048576,0,0,0,inf,0.9556427,1.08422852,inf,0,0,0,0,0,0,0,0,0,0,0,0,0,0,0,0,0,0,0,0,0,0,0,3,0,0,0,0,0,0,0,0,0,0,0,0,0,0,0,0,0,0,0,0,0,0,0,0,0,0,0,0,0,0,0,0,0,0,0,0,0,0,0,0,0,0,0,0,0,0,0,0,0,0,0,0,0,0,0,0,0,0,0,0,0,0,0,0,0,19,3,20,104,4294967295,4294967295,4294967295,4294967295,4294967295,4294967295
506,0.5,261,261,1,512,5,507,3,507,2,518,33280,10714,22566,22566,0,43,10671,0,0,0,1023,6,17,0,1048576,0,0,0,inf,0.745727539,0.993209839,inf,0,0,0,0,0,0,0,0,0,0,0,0,0,0,0,0,0,0,0,0,0,0,0,47,0,0,0,0,0,0,0,0,0,0,0,0,0,0,0,0,0,0,0,0,0,0,0,0,0,0,0,0,0,0,0,0,0,0,0,0,0,0,0,0,0,0,0,0,0,0,0,0,0,0,0,0,0,0,0,0,0,0,0,0,0,0,0,0,0,3,22,37,78,6,115,40,50,26,26
507,0,261,261,1,512,0,512,0,512,0,520,33280,14736,18544,18544,0,0,14736,0,0,0,0,0,17,0,1048576,0,0,0,inf,0.84072876,1.03144836,inf,0,0,0,0,0,0,0,0,0,0,0,0,0,0,0,0,0,0,0,0,0,0,0,0,0,0,0,0,0,0,0,0,0,0,0,0,0,0,0,0,0,0,0,0,0,0,0,0,0,0,0,0,0,0,0,0,0,0,0,0,0,0,0,0,0,0,0,0,0,0,0,0,0,0,0,0,0,0,0,0,0,0,0,0,0,0,0,0,0,4294967295,4294967295,4294967295,4294967295,4294967295,4294967295,4294967295,4294967295,4294967295,4294967295
508,0.200000003,261,261,1,512,2,510,0,510,2,518,33280,20487,12793,12793,0,14,20473,0,0,0,275,2,17,0,1048576,0,0,0,inf,1.01037598,1.14331055,inf,0,0,0,0,0,0,0,0,0,0,0,0,0,0,0,0,0,0,0,0,0,0,0,3,0,0,0,0,0,0,0,0,0,0,0,0,0,0,0,0,0,0,0,0,0,0,0,0,0,0,0,0,0,0,0,0,0,0,0,0,0,0,0,0,0,0,0,0,0,0,0,0,0,0,0,0,0,0,0,0,0,0,0,0,0,0,0,0,0,17,24,4294967295,4294967295,100,4294967295,4294967295,4294967295,147,4294967295
509,0,261,261,1,512,0,512,0,512,0,520,33280,7940,25340,25340,0,0,7940,0,0,0,0,0,17,0,1048576,0,0,0,inf,0.757995605,1.13456726,inf,0,0,0,0,0,0,0,0,0,0,0,0,0,0,0,0,0,0,0,0,0,0,0,0,0,0,0,0,0,0,0,0,0,0,0,0,0,0,0,0,0,0,0,0,0,0,0,0,0,0,0,0,0,0,0,0,0,0,0,0,0,0,0,0,0,0,0,0,0,0,0,0,0,0,0,0,0,0,0,0,0,0,0,0,0,0,0,0,0,4294967295,4294967295,4294967295,4294967295,4294967295,4294967295,4294967295,4294967295,4294967295,4294967295
510,0.200000003,261,261,1,512,2,510,0,510,2,518,33280,13382,19898,19898,0,7,13375,0,0,0,375,2,17,0,1048576,0,0,0,inf,1.11730957,1.31234741,inf,0,0,0,0,0,0,0,0,0,0,0,0,0,0,0,0,0,0,0,0,0,0,0,3,0,0,0,0,0,0,0,0,0,0,0,0,0,0,0,0,0,0,0,0,0,0,0,0,0,0,0,0,0,0,0,0,0,0,0,0,0,0,0,0,0,0,0,0,0,0,0,0,0,0,0,0,0,0,0,0,0,0,0,0,0,0,0,0,0,19,12,23,4294967295,218,135,139,4294967295,218,4294967295
511,0,261,261,1,512,0,512,0,512,0,520,33280,15196,18084,18084,0,0,15196,0,0,0,0,0,17,0,1048576,0,0,0,inf,1.22406006,1.36332703,inf,0,0,0,0,0,0,0,0,0,0,0,0,0,0,0,0,0,0,0,0,0,0,0,0,0,0,0,0,0,0,0,0,0,0,0,0,0,0,0,0,0,0,0,0,0,0,0,0,0,0,0,0,0,0,0,0,0,0,0,0,0,0,0,0,0,0,0,0,0,0,0,0,0,0,0,0,0,0,0,0,0,0,0,0,0,0,0,0,0,4294967295,4294967295,4294967295,4294967295,4294967295,4294967295,4294967295,4294967295,4294967295,4294967295
512,0.5,261,261,1,512,5,507,1,507,4,516,33280,8388,24892,24892,0,45,8343,0,0,0,1023,5,17,0,1048576,0,0,0,inf,0.686325073,0.933898926,inf,0,0,0,0,0,0,0,0,0,0,0,0,0,0,0,0,0,0,0,0,0,0,0,31,0,0,0,0,0,0,0,0,0,0,0,0,0,0,0,0,0,0,0,0,0,0,0,0,0,0,0,0,0,0,0,0,0,0,0,0,0,0,0,0,0,0,0,0,0,0,0,0,0,0,0,0,0,0,0,0,0,0,0,0,0,0,0,0,0,4,4,19,5,42,33,13,6,34,15
513,0.300000012,261,261,1,512,3,509,0,509,3,517,33280,20244,13036,13036,0,7,20237,0,0,0,303,3,17,0,1048576,0,0,0,inf,1.20584106,1.45111084,inf,0,0,0,0,0,0,0,0,0,0,0,0,0,0,0,0,0,0,0,0,0,0,0,7,0,0,0,0,0,0,0,0,0,0,0,0,0,0,0,0,0,0,0,0,0,0,0,0,0,0,0,0,0,0,0,0,0,0,0,0,0,0,0,0,0,0,0,0,0,0,0,0,0,0,0,0,0,0,0,0,0,0,0,0,0,0,0,0,0,30,18,31,30,4294967295,30,4294967295,4294967295,97,4294967295
514,0,261,261,1,512,0,512,0,512,0,520,33280,18297,14983,14983,0,1,18296,0,0,0,16,0,17,0,1048576,0,0,0,inf,1.64727783,1.78060913,inf,0,0,0,0,0,0,0,0,0,0,0,0,0,0,0,0,0,0,0,0,0,0,0,0,0,0,0,0,0,0,0,0,0,0,0,0,0,0,0,0,0,0,0,0,0,0,0,0,0,0,0,0,0,0,0,0,0,0,0,0,0,0,0,0,0,0,0,0,0,0,0,0,0,0,0,0,0,0,0,0,0,0,0,0,0,0,0,0,0,4294967295,4294967295,4294967295,4294967295,130,4294967295,4294967295,4294967295,4294967295,4294967295
515,1,261,261,1,512,44,468,3,468,41,479,33280,9237,24043,24043,0,77,9160,0,0,0,1023,10,17,0,1048576,0,0,0,inf,0.461517334,0.688293457,0.318481445,0,0,0,0,0,0,0,0,0,0,0,0,0,0,0,0,0,0,0,0,0,0,0,1023,0,0,0,0,0,0,0,0,0,0,0,0,0,0,0,0,0,0,0,0,0,0,0,0,0,0,0,0,0,0,0,0,0,0,0,0,0,0,0,0,0,0,0,0,0,0,0,0,0,0,0,0,0,0,0,0,0,0,0,0,0,0,0,0,0,4,5,10,5,4,5,11,6,11,5
516,0,261,261,1,512,0,512,0,512,0,520,33280,21677,11603,11603,0,1,21676,0,0,0,1,0,17,0,1048576,0,0,0,inf,1.1431427,1.2485199,inf,0,0,0,0,0,0,0,0,0,0,0,0,0,0,0,0,0,0,0,0,0,0,0,0,0,0,0,0,0,0,0,0,0,0,0,0,0,0,0,0,0,0,0,0,0,0,0,0,0,0,0,0,0,0,0,0,0,0,0,0,0,0,0,0,0,0,0,0,0,0,0,0,0,0,0,0,0,0,0,0,0,0,0,0,0,0,0,0,0,184,4294967295,4294967295,4294967295,4294967295,4294967295,4294967295,4294967295,4294967295,4294967295
517,0.200000003,261,261,1,512,2,510,0,510,2,518,33280,16456,16824,16824,0,27,16429,0,0,0,1023,2,17,0,1048576,0,0,0,inf,1.05870056,1.20872498,inf,0,0,0,0,0,0,0,0,0,0,0,0,0,0,0,0,0,0,0,0,0,0,0,3,0,0,0,0,0,0,0,0,0,0,0,0,0,0,0,0,0,0,0,0,0,0,0,0,0,0,0,0,0,0,0,0,0,0,0,0,0,0,0,0,0,0,0,0,0,0,0,0,0,0,0,0,0,0,0,0,0,0,0,0,0,0,0,0,0,18,34,19,107,41,19,8,47,86,19
518,0,261,261,1,512,0,512,0,512,0,520,33280,9447,23833,23833,0,0,9447,0,0,0,0,0,17,0,1048576,0,0,0,inf,0.624404907,0.838577271,inf,0,0,0,0,0,0,0,0,0,0,0,0,0,0,0,0,0,0,0,0,0,0,0,0,0,0,0,0,0,0,0,0,0,0,0,0,0,0,0,0,0,0,0,0,0,0,0,0,0,0,0,0,0,0,0,0,0,0,0,0,0,0,0,0,0,0,0,0,0,0,0,0,0,0,0,0,0,0,0,0,0,0,0,0,0,0,0,0,0,4294967295,4294967295,4294967295,4294967295,4294967295,4294967295,4294967295,4294967295,4294967295,4294967295
519,0.100000001,261,261,1,512,1,511,0,511,1,519,33280,14178,19102,19102,0,1,14177,0,0,0,1,1,17,0,1048576,0,0,0,inf,0.783920288,0.941116333,inf,0,0,0,0,0,0,0,0,0,0,0,0,0,0,0,0,0,0,0,0,0,0,0,1,0,0,0,0,0,0,0,0,0,0,0,0,0,0,0,0,0,0,0,0,0,0,0,0,0,0,0,0,0,0,0,0,0,0,0,0,0,0,0,0,0,0,0,0,0,0,0,0,0,0,0,0,0,0,0,0,0,0,0,0,0,0,0,0,0,19,4294967295,4294967295,4294967295,4294967295,4294967295,4294967295,4294967295,4294967295,4294967295
520,0,261,261,1,512,0,512,0,512,0,520,33280,16919,16361,16361,0,10,16909,0,0,0,575,0,17,0,1048576,0,0,0,inf,0.559066772,0.671676636,inf,0,0,0,0,0,0,0,0,0,0,0,0,0,0,0,0,0,0,0,0,0,0,0,0,0,0,0,0,0,0,0,0,0,0,0,0,0,0,0,0,0,0,0,0,0,0,0,0,0,0,0,0,0,0,0,0,0,0,0,0,0,0,0,0,0,0,0,0,0,0,0,0,0,0,0,0,0,0,0,0,0,0,0,0,0,0,0,0,0,110,102,31,37,181,185,4294967295,4294967295,4294967295,208
521,0,261,261,1,512,0,512,0,512,0,520,33280,16224,17056,17056,0,0,16224,0,0,0,0,0,17,0,1048576,0,0,0,inf,1.06217957,1.27462769,inf,0,0,0,0,0,0,0,0,0,0,0,0,0,0,0,0,0,0,0,0,0,0,0,0,0,0,0,0,0,0,0,0,0,0,0,0,0,0,0,0,0,0,0,0,0,0,0,0,0,0,0,0,0,0,0,0,0,0,0,0,0,0,0,0,0,0,0,0,0,0,0,0,0,0,0,0,0,0,0,0,0,0,0,0,0,0,0,0,0,4294967295,4294967295,4294967295,4294967295,4294967295,4294967295,4294967295,4294967295,4294967295,4294967295
522,0,261,261,1,512,0,512,0,512,0,520,33280,22682,10598,10598,0,19,22663,0,0,0,126,0,17,0,1048576,0,0,0,inf,1.08512878,1.1995697,inf,0,0,0,0,0,0,0,0,0,0,0,0,0,0,0,0,0,0,0,0,0,0,0,0,0,0,0,0,0,0,0,0,0,0,0,0,0,0,0,0,0,0,0,0,0,0,0,0,0,0,0,0,0,0,0,0,0,0,0,0,0,0,0,0,0,0,0,0,0,0,0,0,0,0,0,0,0,0,0,0,0,0,0,0,0,0,0,0,0,4294967295,134,96,7,165,203,7,4294967295,4294967295,4294967295
523,0,261,261,1,512,0,512,0,512,0,520,33280,16754,16526,16526,0,4,16750,0,0,0,15,0,17,0,1048576,0,0,0,inf,1.12440491,1.38221741,inf,0,0,0,0,0,0,0,0,0,0,0,0,0,0,0,0,0,0,0,0,0,0,0,0,0,0,0,0,0,0,0,0,0,0,0,0,0,0,0,0,0,0,0,0,0,0,0,0,0,0,0,0,0,0,0,0,0,0,0,0,0,0,0,0,0,0,0,0,0,0,0,0,0,0,0,0,0,0,0,0,0,0,0,0,0,0,0,0,0,7,45,45,104,4294967295,4294967295,4294967295,4294967295,4294967295,4294967295
524,0,261,261,1,512,0,512,0,512,0,520,33280,13792,19488,19488,0,1,13791,0,0,0,1,0,17,0,1048576,0,0,0,inf,0.761657715,0.941436768,inf,0,0,0,0,0,0,0,0,0,0,0,0,0,0,0,0,0,0,0,0,0,0,0,0,0,0,0,0,0,0,0,0,0,0,0,0,0,0,0,0,0,0,0,0,0,0,0,0,0,0,0,0,0,0,0,0,0,0,0,0,0,0,0,0,0,0,0,0,0,0,0,0,0,0,0,0,0,0,0,0,0,0,0,0,0,0,0,0,0,169,4294967295,4294967295,4294967295,4294967295,4294967295,4294967295,4294967295,4294967295,4294967295
525,0,261,261,1,512,0,512,0,512,0,520,33280,19034,14246,14246,0,0,19034,0,0,0,0,0,17,0,1048576,0,0,0,inf,0.950714111,1.17007446,inf,0,0,0,0,0,0,0,0,0,0,0,0,0,0,0,0,0,0,0,0,0,0,0,0,0,0,0,0,0,0,0,0,0,0,0,0,0,0,0,0,0,0,0,0,0,0,0,0,0,0,0,0,0,0,0,0,0,0,0,0,0,0,0,0,0,0,0,0,0,0,0,0,0,0,0,0,0,0,0,0,0,0,0,0,0,0,0,0,0,4294967295,4294967295,4294967295,4294967295,4294967295,4294967295,4294967295,4294967295,4294967295,4294967295
526,0,261,261,1,512,0,512,0,512,0,520,33280,20754,12526,12526,0,2,20752,0,0,0,6,0,17,0,1048576,0,0,0,inf,0.847137451,0.977935791,inf,0,0,0,0,0,0,0,0,0,0,0,0,0,0,0,0,0,0,0,0,0,0,0,0,0,0,0,0,0,0,0,0,0,0,0,0,0,0,0,0,0,0,0,0,0,0,0,0,0,0,0,0,0,0,0,0,0,0,0,0,0,0,0,0,0,0,0,0,0,0,0,0,0,0,0,0,0,0,0,0,0,0,0,0,0,0,0,0,0,4294967295,96,100,4294967295,4294967295,4294967295,4294967295,4294967295,4294967295,4294967295
527,0,261,261,1,512,0,512,0,512,0,520,33280,16706,16574,16574,0,0,16706,0,0,0,0,0,17,0,1048576,0,0,0,inf,1.06289673,1.22608948,inf,0,0,0,0,0,0,0,0,0,0,0,0,0,0,0,0,0,0,0,0,0,0,0,0,0,0,0,0,0,0,0,0,0,0,0,0,0,0,0,0,0,0,0,0,0,0,0,0,0,0,0,0,0,0,0,0,0,0,0,0,0,0,0,0,0,0,0,0,0,0,0,0,0,0,0,0,0,0,0,0,0,0,0,0,0,0,0,0,0,4294967295,4294967295,4294967295,4294967295,4294967295,4294967295,4294967295,4294967295,4294967295,4294967295
528,0,261,261,1,512,0,512,0,512,0,520,33280,10213,23067,23067,0,3,10210,0,0,0,7,0,17,0,1048576,0,0,0,inf,0.946426392,1.40319824,inf,0,0,0,0,0,0,0,0,0,0,0,0,0,0,0,0,0,0,0,0,0,0,0,0,0,0,0,0,0,0,0,0,0,0,0,0,0,0,0,0,0,0,0,0,0,0,0,0,0,0,0,0,0,0,0,0,0,0,0,0,0,0,0,0,0,0,0,0,0,0,0,0,0,0,0,0,0,0,0,0,0,0,0,0,0,0,0,0,0,38,9,9,4294967295,4294967295,4294967295,4294967295,4294967295,4294967295,4294967295
529,0.100000001,261,261,1,512,1,511,0,511,1,519,33280,22113,11167,11167,0,1,22112,0,0,0,1,1,17,0,1048576,0,0,0,inf,1.06671143,1.17745972,inf,0,0,0,0,0,0,0,0,0,0,0,0,0,0,0,0,0,0,0,0,0,0,0,1,0,0,0,0,0,0,0,0,0,0,0,0,0,0,0,0,0,0,0,0,0,0,0,0,0,0,0,0,0,0,0,0,0,0,0,0,0,0,0,0,0,0,0,0,0,0,0,0,0,0,0,0,0,0,0,0,0,0,0,0,0,0,0,0,0,79,4294967295,4294967295,4294967295,4294967295,4294967295,4294967295,4294967295,4294967295,4294967295
530,0.100000001,261,261,1,512,1,511,0,511,1,519,33280,15984,17296,17296,0,4,15980,0,0,0,105,1,17,0,1048576,0,0,0,inf,1.1558075,1.35662842,inf,0,0,0,0,0,0,0,0,0,0,0,0,0,0,0,0,0,0,0,0,0,0,0,1,0,0,0,0,0,0,0,0,0,0,0,0,0,0,0,0,0,0,0,0,0,0,0,0,0,0,0,0,0,0,0,0,0,0,0,0,0,0,0,0,0,0,0,0,0,0,0,0,0,0,0,0,0,0,0,0,0,0,0,0,0,0,0,0,0,6,4294967295,4294967295,135,4294967295,225,225,4294967295,4294967295,4294967295
531,0.5,261,261,1,512,5,507,3,507,2,518,33280,19062,14218,14218,0,14,19048,0,0,0,63,5,17,0,1048576,0,0,0,inf,1.16784668,1.35279846,inf,0,0,0,0,0,0,0,0,0,0,0,0,0,0,0,0,0,0,0,0,0,0,0,31,0,0,0,0,0,0,0,0,0,0,0,0,0,0,0,0,0,0,0,0,0,0,0,0,0,0,0,0,0,0,0,0,0,0,0,0,0,0,0,0,0,0,0,0,0,0,0,0,0,0,0,0,0,0,0,0,0,0,0,0,0,0,0,0,0,19,3,15,8,137,35,4294967295,4294967295,4294967295,4294967295
532,1,261,261,1,512,21,491,4,491,17,503,33280,10150,23130,23130,0,85,10065,0,0,0,1023,10,17,0,1048576,0,0,0,inf,0.645233154,0.903640747,0.581390381,0,0,0,0,0,0,0,0,0,0,0,0,0,0,0,0,0,0,0,0,0,0,0,1023,0,0,0,0,0,0,0,0,0,0,0,0,0,0,0,0,0,0,0,0,0,0,0,0,0,0,0,0,0,0,0,0,0,0,0,0,0,0,0,0,0,0,0,0,0,0,0,0,0,0,0,0,0,0,0,0,0,0,0,0,0,0,0,0,0,2,2,2,3,5,2,5,5,3,15
533,0,261,261,1,512,0,512,0,512,0,520,33280,20251,13029,13029,0,1,20250,0,0,0,1,0,17,0,1048576,0,0,0,inf,1.07209778,1.19248962,inf,0,0,0,0,0,0,0,0,0,0,0,0,0,0,0,0,0,0,0,0,0,0,0,0,0,0,0,0,0,0,0,0,0,0,0,0,0,0,0,0,0,0,0,0,0,0,0,0,0,0,0,0,0,0,0,0,0,0,0,0,0,0,0,0,0,0,0,0,0,0,0,0,0,0,0,0,0,0,0,0,0,0,0,0,0,0,0,0,0,23,4294967295,4294967295,4294967295,4294967295,4294967295,4294967295,4294967295,4294967295,4294967295
534,0,261,261,1,512,0,512,0,512,0,520,33280,7623,25657,25657,0,0,7623,0,0,0,0,0,17,0,1048576,0,0,0,inf,1.45336914,1.88699341,inf,0,0,0,0,0,0,0,0,0,0,0,0,0,0,0,0,0,0,0,0,0,0,0,0,0,0,0,0,0,0,0,0,0,0,0,0,0,0,0,0,0,0,0,0,0,0,0,0,0,0,0,0,0,0,0,0,0,0,0,0,0,0,0,0,0,0,0,0,0,0,0,0,0,0,0,0,0,0,0,0,0,0,0,0,0,0,0,0,0,4294967295,4294967295,4294967295,4294967295,4294967295,4294967295,4294967295,4294967295,4294967295,4294967295
535,0.600000024,261,261,1,512,6,506,2,506,4,516,33280,7519,25761,25761,0,35,7484,0,0,0,1023,6,17,0,1048576,0,0,0,inf,1.02194214,1.34970093,inf,0,0,0,0,0,0,0,0,0,0,0,0,0,0,0,0,0,0,0,0,0,0,0,111,0,0,0,0,0,0,0,0,0,0,0,0,0,0,0,0,0,0,0,0,0,0,0,0,0,0,0,0,0,0,0,0,0,0,0,0,0,0,0,0,0,0,0,0,0,0,0,0,0,0,0,0,0,0,0,0,0,0,0,0,0,0,0,0,0,12,17,113,18,41,68,113,43,122,43
536,0,261,261,1,512,0,512,0,512,0,520,33280,17493,15787,15787,0,1,17492,0,0,0,1,0,17,0,1048576,0,0,0,inf,1.08920288,1.24882507,inf,0,0,0,0,0,0,0,0,0,0,0,0,0,0,0,0,0,0,0,0,0,0,0,0,0,0,0,0,0,0,0,0,0,0,0,0,0,0,0,0,0,0,0,0,0,0,0,0,0,0,0,0,0,0,0,0,0,0,0,0,0,0,0,0,0,0,0,0,0,0,0,0,0,0,0,0,0,0,0,0,0,0,0,0,0,0,0,0,0,200,4294967295,4294967295,4294967295,4294967295,4294967295,4294967295,4294967295,4294967295,4294967295
537,0,261,261,1,512,0,512,0,512,0,520,33280,19633,13647,13647,0,0,19633,0,0,0,0,0,17,0,1048576,0,0,0,inf,1.51644897,1.70835876,inf,0,0,0,0,0,0,0,0,0,0,0,0,0,0,0,0,0,0,0,0,0,0,0,0,0,0,0,0,0,0,0,0,0,0,0,0,0,0,0,0,0,0,0,0,0,0,0,0,0,0,0,0,0,0,0,0,0,0,0,0,0,0,0,0,0,0,0,0,0,0,0,0,0,0,0,0,0,0,0,0,0,0,0,0,0,0,0,0,0,4294967295,4294967295,4294967295,4294967295,4294967295,4294967295,4294967295,4294967295,4294967295,4294967295
538,1,261,261,1,512,18,494,5,494,13,507,33280,10164,23116,23116,0,76,10088,0,0,0,1023,10,17,0,1048576,0,0,0,inf,0.586975098,0.78187561,0.560852051,0,0,0,0,0,0,0,0,0,0,0,0,0,0,0,0,0,0,0,0,0,0,0,1023,0,0,0,0,0,0,0,0,0,0,0,0,0,0,0,0,0,0,0,0,0,0,0,0,0,0,0,0,0,0,0,0,0,0,0,0,0,0,0,0,0,0,0,0,0,0,0,0,0,0,0,0,0,0,0,0,0,0,0,0,0,0,0,0,0,4,6,55,4,4,56,29,7,8,5
539,0.100000001,261,261,1,512,1,511,0,511,1,519,33280,13340,19940,19940,0,1,13339,0,0,0,1,1,17,0,1048576,0,0,0,inf,0.804885864,1.01881409,inf,0,0,0,0,0,0,0,0,0,0,0,0,0,0,0,0,0,0,0,0,0,0,0,1,0,0,0,0,0,0,0,0,0,0,0,0,0,0,0,0,0,0,0,0,0,0,0,0,0,0,0,0,0,0,0,0,0,0,0,0,0,0,0,0,0,0,0,0,0,0,0,0,0,0,0,0,0,0,0,0,0,0,0,0,0,0,0,0,0,3,4294967295,4294967295,4294967295,4294967295,4294967295,4294967295,4294967295,4294967295,4294967295
540,1,261,261,1,512,20,492,9,492,11,509,33280,11646,21634,21634,0,93,11553,0,0,0,1023,10,17,0,1048576,0,0,0,inf,0.820831299,0.994613647,0.798019409,0,0,0,0,0,0,0,0,0,0,0,0,0,0,0,0,0,0,0,0,0,0,0,1023,0,0,0,0,0,0,0,0,0,0,0,0,0,0,0,0,0,0,0,0,0,0,0,0,0,0,0,0,0,0,0,0,0,0,0,0,0,0,0,0,0,0,0,0,0,0,0,0,0,0,0,0,0,0,0,0,0,0,0,0,0,0,0,0,0,3,3,10,4,7,4,25,86,3,4
541,1,261,261,1,512,20,492,6,492,14,506,33280,21324,11956,11956,0,46,21278,0,0,0,1023,10,17,0,1048576,0,0,0,inf,1.14326477,1.27697754,1.03775024,0,0,0,0,0,0,0,0,0,0,0,0,0,0,0,0,0,0,0,0,0,0,0,1023,0,0,0,0,0,0,0,0,0,0,0,0,0,0,0,0,0,0,0,0,0,0,0,0,0,0,0,0,0,0,0,0,0,0,0,0,0,0,0,0,0,0,0,0,0,0,0,0,0,0,0,0,0,0,0,0,0,0,0,0,0,0,0,0,0,4,3,3,5,2,4,3,3,3,4
542,1,261,261,1,512,21,491,6,491,15,505,33280,18492,14788,14788,0,48,18444,0,0,0,1023,10,17,0,1048576,0,0,0,inf,1.00416565,1.17100525,0.95866394,0,0,0,0,0,0,0,0,0,0,0,0,0,0,0,0,0,0,0,0,0,0,0,1023,0,0,0,0,0,0,0,0,0,0,0,0,0,0,0,0,0,0,0,0,0,0,0,0,0,0,0,0,0,0,0,0,0,0,0,0,0,0,0,0,0,0,0,0,0,0,0,0,0,0,0,0,0,0,0,0,0,0,0,0,0,0,0,0,0,22,23,4,12,14,5,19,54,24,6
543,1,261,261,1,512,32,480,5,480,27,493,33280,9403,23877,23877,0,79,9324,0,0,0,1023,10,17,0,1048576,0,0,0,inf,0.560409546,0.757049561,0.503921509,0,0,0,0,0,0,0,0,0,0,0,0,0,0,0,0,0,0,0,0,0,0,0,1023,0,0,0,0,0,0,0,0,0,0,0,0,0,0,0,0,0,0,0,0,0,0,0,0,0,0,0,0,0,0,0,0,0,0,0,0,0,0,0,0,0,0,0,0,0,0,0,0,0,0,0,0,0,0,0,0,0,0,0,0,0,0,0,0,0,4,5,4,6,4,16,27,13,5,4
544,0,261,261,1,512,0,512,0,512,0,520,33280,8988,24292,24292,0,1,8987,0,0,0,1,0,17,0,1048576,0,0,0,inf,0.493743896,0.774795532,inf,0,0,0,0,0,0,0,0,0,0,0,0,0,0,0,0,0,0,0,0,0,0,0,0,0,0,0,0,0,0,0,0,0,0,0,0,0,0,0,0,0,0,0,0,0,0,0,0,0,0,0,0,0,0,0,0,0,0,0,0,0,0,0,0,0,0,0,0,0,0,0,0,0,0,0,0,0,0,0,0,0,0,0,0,0,0,0,0,0,60,4294967295,4294967295,4294967295,4294967295,4294967295,4294967295,4294967295,4294967295,4294967295
545,0,261,261,1,512,0,512,0,512,0,520,33280,21636,11644,11644,0,0,21636,0,0,0,0,0,17,0,1048576,0,0,0,inf,1.60139465,1.75891113,inf,0,0,0,0,0,0,0,0,0,0,0,0,0,0,0,0,0,0,0,0,0,0,0,0,0,0,0,0,0,0,0,0,0,0,0,0,0,0,0,0,0,0,0,0,0,0,0,0,0,0,0,0,0,0,0,0,0,0,0,0,0,0,0,0,0,0,0,0,0,0,0,0,0,0,0,0,0,0,0,0,0,0,0,0,0,0,0,0,0,4294967295,4294967295,4294967295,4294967295,4294967295,4294967295,4294967295,4294967295,4294967295,4294967295
546,0.300000012,261,261,1,512,3,509,0,509,3,517,33280,23742,9538,9538,0,6,23736,0,0,0,55,3,17,0,1048576,0,0,0,inf,1.13751221,1.27598572,inf,0,0,0,0,0,0,0,0,0,0,0,0,0,0,0,0,0,0,0,0,0,0,0,7,0,0,0,0,0,0,0,0,0,0,0,0,0,0,0,0,0,0,0,0,0,0,0,0,0,0,0,0,0,0,0,0,0,0,0,0,0,0,0,0,0,0,0,0,0,0,0,0,0,0,0,0,0,0,0,0,0,0,0,0,0,0,0,0,0,14,14,34,4294967295,85,99,4294967295,4294967295,4294967295,4294967295
547,1,261,261,1,512,58,454,0,454,58,462,33280,7203,26077,26077,0,122,7081,0,0,0,1023,10,17,0,1048576,0,0,0,inf,0.804321289,1.14692688,0.539810181,0,0,0,0,0,0,0,0,0,0,0,0,0,0,0,0,0,0,0,0,0,0,0,1023,0,0,0,0,0,0,0,0,0,0,0,0,0,0,0,0,0,0,0,0,0,0,0,0,0,0,0,0,0,0,0,0,0,0,0,0,0,0,0,0,0,0,0,0,0,0,0,0,0,0,0,0,0,0,0,0,0,0,0,0,0,0,0,0,0,2,3,1,2,3,3,3,2,5,2
548,0.100000001,261,261,1,512,1,511,1,511,0,520,33280,11474,21806,21806,0,14,11460,0,0,0,742,1,17,0,1048576,0,0,0,inf,0.741241455,0.96522522,inf,0,0,0,0,0,0,0,0,0,0,0,0,0,0,0,0,0,0,0,0,0,0,0,4,0,0,0,0,0,0,0,0,0,0,0,0,0,0,0,0,0,0,0,0,0,0,0,0,0,0,0,0,0,0,0,0,0,0,0,0,0,0,0,0,0,0,0,0,0,0,0,0,0,0,0,0,0,0,0,0,0,0,0,0,0,0,0,0,0,4294967295,107,249,4294967295,4294967295,28,12,244,4294967295,88
549,0,261,261,1,512,0,512,0,512,0,520,33280,21193,12087,12087,0,3,21190,0,0,0,18,0,17,0,1048576,0,0,0,inf,0.858795166,1.0146637,inf,0,0,0,0,0,0,0,0,0,0,0,0,0,0,0,0,0,0,0,0,0,0,0,0,0,0,0,0,0,0,0,0,0,0,0,0,0,0,0,0,0,0,0,0,0,0,0,0,0,0,0,0,0,0,0,0,0,0,0,0,0,0,0,0,0,0,0,0,0,0,0,0,0,0,0,0,0,0,0,0,0,0,0,0,0,0,0,0,0,4294967295,114,4294967295,4294967295,248,4294967295,4294967295,4294967295,4294967295,4294967295
550,0,261,261,1,512,0,512,0,512,0,520,33280,16421,16859,16859,0,0,16421,0,0,0,0,0,17,0,1048576,0,0,0,inf,0.825241089,0.983093262,inf,0,0,0,0,0,0,0,0,0,0,0,0,0,0,0,0,0,0,0,0,0,0,0,0,0,0,0,0,0,0,0,0,0,0,0,0,0,0,0,0,0,0,0,0,0,0,0,0,0,0,0,0,0,0,0,0,0,0,0,0,0,0,0,0,0,0,0,0,0,0,0,0,0,0,0,0,0,0,0,0,0,0,0,0,0,0,0,0,0,4294967295,4294967295,4294967295,4294967295,4294967295,4294967295,4294967295,4294967295,4294967295,4294967295
551,0,261,261,1,512,0,512,0,512,0,520,33280,19307,13973,13973,0,0,19307,0,0,0,0,0,17,0,1048576,0,0,0,inf,0.767349243,0.913574219,inf,0,0,0,0,0,0,0,0,0,0,0,0,0,0,0,0,0,0,0,0,0,0,0,0,0,0,0,0,0,0,0,0,0,0,0,0,0,0,0,0,0,0,0,0,0,0,0,0,0,0,0,0,0,0,0,0,0,0,0,0,0,0,0,0,0,0,0,0,0,0,0,0,0,0,0,0,0,0,0,0,0,0,0,0,0,0,0,0,0,4294967295,4294967295,4294967295,4294967295,4294967295,4294967295,4294967295,4294967295,4294967295,4294967295
552,1,261,261,1,512,25,487,1,487,24,496,33280,10825,22455,22455,0,28,10797,0,0,0,1023,10,17,0,1048576,0,0,0,inf,1.04412842,1.23771667,0.563415527,0,0,0,0,0,0,0,0,0,0,0,0,0,0,0,0,0,0,0,0,0,0,0,1023,0,0,0,0,0,0,0,0,0,0,0,0,0,0,0,0,0,0,0,0,0,0,0,0,0,0,0,0,0,0,0,0,0,0,0,0,0,0,0,0,0,0,0,0,0,0,0,0,0,0,0,0,0,0,0,0,0,0,0,0,0,0,0,0,0,3,3,3,4,2,3,4,2,3,4
553,0.300000012,261,261,1,512,3,509,1,509,2,518,33280,13509,19771,19771,0,5,13504,0,0,0,31,3,17,0,1048576,0,0,0,inf,0.672790527,0.833450317,inf,0,0,0,0,0,0,0,0,0,0,0,0,0,0,0,0,0,0,0,0,0,0,0,7,0,0,0,0,0,0,0,0,0,0,0,0,0,0,0,0,0,0,0,0,0,0,0,0,0,0,0,0,0,0,0,0,0,0,0,0,0,0,0,0,0,0,0,0,0,0,0,0,0,0,0,0,0,0,0,0,0,0,0,0,0,0,0,0,0,196,0,197,149,160,4294967295,4294967295,4294967295,4294967295,4294967295
554,0.200000003,261,261,1,512,2,510,1,510,1,519,33280,19185,14095,14095,0,4,19181,0,0,0,11,2,17,0,1048576,0,0,0,inf,0.914932251,1.05938721,inf,0,0,0,0,0,0,0,0,0,0,0,0,0,0,0,0,0,0,0,0,0,0,0,3,0,0,0,0,0,0,0,0,0,0,0,0,0,0,0,0,0,0,0,0,0,0,0,0,0,0,0,0,0,0,0,0,0,0,0,0,0,0,0,0,0,0,0,0,0,0,0,0,0,0,0,0,0,0,0,0,0,0,0,0,0,0,0,0,0,14,15,4294967295,233,4294967295,4294967295,4294967295,4294967295,4294967295,4294967295
555,0,261,261,1,512,0,512,0,512,0,520,33280,10219,23061,23061,0,0,10219,0,0,0,0,0,17,0,1048576,0,0,0,inf,0.640274048,0.848922729,inf,0,0,0,0,0,0,0,0,0,0,0,0,0,0,0,0,0,0,0,0,0,0,0,0,0,0,0,0,0,0,0,0,0,0,0,0,0,0,0,0,0,0,0,0,0,0,0,0,0,0,0,0,0,0,0,0,0,0,0,0,0,0,0,0,0,0,0,0,0,0,0,0,0,0,0,0,0,0,0,0,0,0,0,0,0,0,0,0,0,4294967295,4294967295,4294967295,4294967295,4294967295,4294967295,4294967295,4294967295,4294967295,4294967295
556,0.400000006,261,261,1,512,4,508,0,508,4,516,33280,17972,15308,15308,0,8,17964,0,0,0,447,4,17,0,1048576,0,0,0,inf,1.22874451,1.43676758,inf,0,0,0,0,0,0,0,0,0,0,0,0,0,0,0,0,0,0,0,0,0,0,0,15,0,0,0,0,0,0,0,0,0,0,0,0,0,0,0,0,0,0,0,0,0,0,0,0,0,0,0,0,0,0,0,0,0,0,0,0,0,0,0,0,0,0,0,0,0,0,0,0,0,0,0,0,0,0,0,0,0,0,0,0,0,0,0,0,0,2,1,2,3,119,69,4294967295,140,50,4294967295
557,0,261,261,1,512,0,512,0,512,0,520,33280,4792,28488,28488,0,0,4792,0,0,0,0,0,17,0,1048576,0,0,0,inf,0.928466797,1.5456543,inf,0,0,0,0,0,0,0,0,0,0,0,0,0,0,0,0,0,0,0,0,0,0,0,0,0,0,0,0,0,0,0,0,0,0,0,0,0,0,0,0,0,0,0,0,0,0,0,0,0,0,0,0,0,0,0,0,0,0,0,0,0,0,0,0,0,0,0,0,0,0,0,0,0,0,0,0,0,0,0,0,0,0,0,0,0,0,0,0,0,4294967295,4294967295,4294967295,4294967295,4294967295,4294967295,4294967295,4294967295,4294967295,4294967295
558,0,261,261,1,512,0,512,0,512,0,520,33280,17934,15346,15346,0,2,17932,0,0,0,3,0,17,0,1048576,0,0,0,inf,0.576309204,0.666427612,inf,0,0,0,0,0,0,0,0,0,0,0,0,0,0,0,0,0,0,0,0,0,0,0,0,0,0,0,0,0,0,0,0,0,0,0,0,0,0,0,0,0,0,0,0,0,0,0,0,0,0,0,0,0,0,0,0,0,0,0,0,0,0,0,0,0,0,0,0,0,0,0,0,0,0,0,0,0,0,0,0,0,0,0,0,0,0,0,0,0,10,169,4294967295,4294967295,4294967295,4294967295,4294967295,4294967295,4294967295,4294967295
559,0.100000001,261,261,1,512,1,511,0,511,1,519,33280,8670,24610,24610,0,2,8668,0,0,0,3,1,17,0,1048576,0,0,0,inf,0.477767944,0.716430664,inf,0,0,0,0,0,0,0,0,0,0,0,0,0,0,0,0,0,0,0,0,0,0,0,1,0,0,0,0,0,0,0,0,0,0,0,0,0,0,0,0,0,0,0,0,0,0,0,0,0,0,0,0,0,0,0,0,0,0,0,0,0,0,0,0,0,0,0,0,0,0,0,0,0,0,0,0,0,0,0,0,0,0,0,0,0,0,0,0,0,8,8,4294967295,4294967295,4294967295,4294967295,4294967295,4294967295,4294967295,4294967295
560,0.200000003,261,261,1,512,2,510,1,510,1,519,33280,22824,10456,10456,0,15,22809,0,0,0,113,3,17,0,1048576,0,0,0,inf,1.23040771,1.33996582,inf,0,0,0,0,0,0,0,0,0,0,0,0,0,0,0,0,0,0,0,0,0,0,0,17,0,0,0,0,0,0,0,0,0,0,0,0,0,0,0,0,0,0,0,0,0,0,0,0,0,0,0,0,0,0,0,0,0,0,0,0,0,0,0,0,0,0,0,0,0,0,0,0,0,0,0,0,0,0,0,0,0,0,0,0,0,0,0,0,0,6,4294967295,4294967295,4294967295,165,61,42,4294967295,4294967295,4294967295
561,0,261,261,1,512,0,512,0,512,0,520,33280,24123,9157,9157,0,1,24122,0,0,0,1,0,17,0,1048576,0,0,0,inf,0.886154175,1.03160095,inf,0,0,0,0,0,0,0,0,0,0,0,0,0,0,0,0,0,0,0,0,0,0,0,0,0,0,0,0,0,0,0,0,0,0,0,0,0,0,0,0,0,0,0,0,0,0,0,0,0,0,0,0,0,0,0,0,0,0,0,0,0,0,0,0,0,0,0,0,0,0,0,0,0,0,0,0,0,0,0,0,0,0,0,0,0,0,0,0,0,104,4294967295,4294967295,4294967295,4294967295,4294967295,4294967295,4294967295,4294967295,4294967295
562,0.100000001,261,261,1,512,1,511,0,511,1,519,33280,10234,23046,23046,0,2,10232,0,0,0,3,1,17,0,1048576,0,0,0,inf,0.636627197,0.851669312,inf,0,0,0,0,0,0,0,0,0,0,0,0,0,0,0,0,0,0,0,0,0,0,0,1,0,0,0,0,0,0,0,0,0,0,0,0,0,0,0,0,0,0,0,0,0,0,0,0,0,0,0,0,0,0,0,0,0,0,0,0,0,0,0,0,0,0,0,0,0,0,0,0,0,0,0,0,0,0,0,0,0,0,0,0,0,0,0,0,0,3,220,4294967295,4294967295,4294967295,4294967295,4294967295,4294967295,4294967295,4294967295
563,0.5,261,261,1,512,5,507,0,507,5,515,33280,13531,19749,19749,0,9,13522,0,0,0,255,5,17,0,1048576,0,0,0,inf,0.78678894,0.990890503,inf,0,0,0,0,0,0,0,0,0,0,0,0,0,0,0,0,0,0,0,0,0,0,0,31,0,0,0,0,0,0,0,0,0,0,0,0,0,0,0,0,0,0,0,0,0,0,0,0,0,0,0,0,0,0,0,0,0,0,0,0,0,0,0,0,0,0,0,0,0,0,0,0,0,0,0,0,0,0,0,0,0,0,0,0,0,0,0,0,0,2,2,2,3,6,22,68,170,4294967295,4294967295
564,0.300000012,261,261,1,512,3,509,2,509,1,519,33280,24504,8776,8776,0,31,24473,0,0,0,761,3,17,0,1048576,0,0,0,inf,1.24084473,1.3288269,inf,0,0,0,0,0,0,0,0,0,0,0,0,0,0,0,0,0,0,0,0,0,0,0,25,0,0,0,0,0,0,0,0,0,0,0,0,0,0,0,0,0,0,0,0,0,0,0,0,0,0,0,0,0,0,0,0,0,0,0,0,0,0,0,0,0,0,0,0,0,0,0,0,0,0,0,0,0,0,0,0,0,0,0,0,0,0,0,0,0,41,4294967295,4294967295,90,227,31,41,43,4294967295,115
565,0.5,261,261,1,512,5,507,0,507,5,515,33280,14655,18625,18625,0,22,14633,0,0,0,991,5,17,0,1048576,0,0,0,inf,1.00474548,1.17169189,inf,0,0,0,0,0,0,0,0,0,0,0,0,0,0,0,0,0,0,0,0,0,0,0,31,0,0,0,0,0,0,0,0,0,0,0,0,0,0,0,0,0,0,0,0,0,0,0,0,0,0,0,0,0,0,0,0,0,0,0,0,0,0,0,0,0,0,0,0,0,0,0,0,0,0,0,0,0,0,0,0,0,0,0,0,0,0,0,0,0,13,14,5,55,53,4294967295,102,42,42,24
566,0,261,261,1,512,0,512,0,512,0,520,33280,14329,18951,18951,0,1,14328,0,0,0,2,0,17,0,1048576,0,0,0,inf,1.10102844,1.34065247,inf,0,0,0,0,0,0,0,0,0,0,0,0,0,0,0,0,0,0,0,0,0,0,0,0,0,0,0,0,0,0,0,0,0,0,0,0,0,0,0,0,0,0,0,0,0,0,0,0,0,0,0,0,0,0,0,0,0,0,0,0,0,0,0,0,0,0,0,0,0,0,0,0,0,0,0,0,0,0,0,0,0,0,0,0,0,0,0,0,0,4294967295,1,4294967295,4294967295,4294967295,4294967295,4294967295,4294967295,4294967295,4294967295
567,1,261,261,1,512,33,479,9,479,24,496,33280,11235,22045,22045,0,91,11144,0,0,0,1023,10,17,0,1048576,0,0,0,inf,1.11599731,1.40234375,0.958648682,0,0,0,0,0,0,0,0,0,0,0,0,0,0,0,0,0,0,0,0,0,0,0,1023,0,0,0,0,0,0,0,0,0,0,0,0,0,0,0,0,0,0,0,0,0,0,0,0,0,0,0,0,0,0,0,0,0,0,0,0,0,0,0,0,0,0,0,0,0,0,0,0,0,0,0,0,0,0,0,0,0,0,0,0,0,0,0,0,0,2,3,3,3,7,10,5,1,7,3
568,0,261,261,1,512,0,512,0,512,0,520,33280,8533,24747,24747,0,1,8532,0,0,0,1,0,17,0,1048576,0,0,0,inf,0.874801636,1.16390991,inf,0,0,0,0,0,0,0,0,0,0,0,0,0,0,0,0,0,0,0,0,0,0,0,0,0,0,0,0,0,0,0,0,0,0,0,0,0,0,0,0,0,0,0,0,0,0,0,0,0,0,0,0,0,0,0,0,0,0,0,0,0,0,0,0,0,0,0,0,0,0,0,0,0,0,0,0,0,0,0,0,0,0,0,0,0,0,0,0,0,7,4294967295,4294967295,4294967295,4294967295,4294967295,4294967295,4294967295,4294967295,4294967295
569,0,261,261,1,512,0,512,0,512,0,520,33280,21626,11654,11654,0,0,21626,0,0,0,0,0,17,0,1048576,0,0,0,inf,0.848556519,0.96697998,inf,0,0,0,0,0,0,0,0,0,0,0,0,0,0,0,0,0,0,0,0,0,0,0,0,0,0,0,0,0,0,0,0,0,0,0,0,0,0,0,0,0,0,0,0,0,0,0,0,0,0,0,0,0,0,0,0,0,0,0,0,0,0,0,0,0,0,0,0,0,0,0,0,0,0,0,0,0,0,0,0,0,0,0,0,0,0,0,0,0,4294967295,4294967295,4294967295,4294967295,4294967295,4294967295,4294967295,4294967295,4294967295,4294967295
570,0.300000012,261,261,1,512,3,509,0,509,3,517,33280,18456,14824,14824,0,3,18453,0,0,0,7,3,17,0,1048576,0,0,0,inf,0.962722778,1.14848328,inf,0,0,0,0,0,0,0,0,0,0,0,0,0,0,0,0,0,0,0,0,0,0,0,7,0,0,0,0,0,0,0,0,0,0,0,0,0,0,0,0,0,0,0,0,0,0,0,0,0,0,0,0,0,0,0,0,0,0,0,0,0,0,0,0,0,0,0,0,0,0,0,0,0,0,0,0,0,0,0,0,0,0,0,0,0,0,0,0,0,4,4,4,4294967295,4294967295,4294967295,4294967295,4294967295,4294967295,4294967295
571,0,261,261,1,512,0,512,0,512,0,520,33280,20862,12418,12418,0,6,20856,0,0,0,658,0,17,0,1048576,0,0,0,inf,1.0171814,1.16351318,inf,0,0,0,0,0,0,0,0,0,0,0,0,0,0,0,0,0,0,0,0,0,0,0,0,0,0,0,0,0,0,0,0,0,0,0,0,0,0,0,0,0,0,0,0,0,0,0,0,0,0,0,0,0,0,0,0,0,0,0,0,0,0,0,0,0,0,0,0,0,0,0,0,0,0,0,0,0,0,0,0,0,0,0,0,0,0,0,0,0,4294967295,30,4294967295,4294967295,226,4294967295,4294967295,43,4294967295,95
572,0.100000001,261,261,1,512,1,511,0,511,1,519,33280,12843,20437,20437,0,1,12842,0,0,0,1,1,17,0,1048576,0,0,0,inf,0.911911011,1.1137085,inf,0,0,0,0,0,0,0,0,0,0,0,0,0,0,0,0,0,0,0,0,0,0,0,1,0,0,0,0,0,0,0,0,0,0,0,0,0,0,0,0,0,0,0,0,0,0,0,0,0,0,0,0,0,0,0,0,0,0,0,0,0,0,0,0,0,0,0,0,0,0,0,0,0,0,0,0,0,0,0,0,0,0,0,0,0,0,0,0,0,3,4294967295,4294967295,4294967295,4294967295,4294967295,4294967295,4294967295,4294967295,4294967295
573,0.899999976,261,261,1,512,9,503,3,503,6,514,33280,17155,16125,16125,0,26,17129,0,0,0,1023,9,17,0,1048576,0,0,0,inf,0.893280029,1.08503723,inf,0,0,0,0,0,0,0,0,0,0,0,0,0,0,0,0,0,0,0,0,0,0,0,511,0,0,0,0,0,0,0,0,0,0,0,0,0,0,0,0,0,0,0,0,0,0,0,0,0,0,0,0,0,0,0,0,0,0,0,0,0,0,0,0,0,0,0,0,0,0,0,0,0,0,0,0,0,0,0,0,0,0,0,0,0,0,0,0,0,32,84,65,14,12,194,218,177,122,85
574,0.600000024,261,261,1,512,6,506,0,506,6,514,33280,11071,22209,22209,0,16,11055,0,0,0,1023,6,17,0,1048576,0,0,0,inf,0.818283081,1.10282898,inf,0,0,0,0,0,0,0,0,0,0,0,0,0,0,0,0,0,0,0,0,0,0,0,63,0,0,0,0,0,0,0,0,0,0,0,0,0,0,0,0,0,0,0,0,0,0,0,0,0,0,0,0,0,0,0,0,0,0,0,0,0,0,0,0,0,0,0,0,0,0,0,0,0,0,0,0,0,0,0,0,0,0,0,0,0,0,0,0,0,4,2,3,4,25,5,7,74,73,21
575,0,261,261,1,512,0,512,0,512,0,520,33280,10323,22957,22957,0,0,10323,0,0,0,0,0,17,0,1048576,0,0,0,inf,1.04399109,1.29397583,inf,0,0,0,0,0,0,0,0,0,0,0,0,0,0,0,0,0,0,0,0,0,0,0,0,0,0,0,0,0,0,0,0,0,0,0,0,0,0,0,0,0,0,0,0,0,0,0,0,0,0,0,0,0,0,0,0,0,0,0,0,0,0,0,0,0,0,0,0,0,0,0,0,0,0,0,0,0,0,0,0,0,0,0,0,0,0,0,0,0,4294967295,4294967295,4294967295,4294967295,4294967295,4294967295,4294967295,4294967295,4294967295,4294967295
576,0.200000003,261,261,1,512,2,510,1,510,1,519,33280,15930,17350,17350,0,7,15923,0,0,0,95,2,17,0,1048576,0,0,0,inf,1.07008362,1.2208252,inf,0,0,0,0,0,0,0,0,0,0,0,0,0,0,0,0,0,0,0,0,0,0,0,3,0,0,0,0,0,0,0,0,0,0,0,0,0,0,0,0,0,0,0,0,0,0,0,0,0,0,0,0,0,0,0,0,0,0,0,0,0,0,0,0,0,0,0,0,0,0,0,0,0,0,0,0,0,0,0,0,0,0,0,0,0,0,0,0,0,36,2,58,72,36,4294967295,36,4294967295,4294967295,4294967295
577,0.100000001,261,261,1,512,1,511,0,511,1,519,33280,19544,13736,13736,0,2,19542,0,0,0,3,1,17,0,1048576,0,0,0,inf,0.916152954,1.09231567,inf,0,0,0,0,0,0,0,0,0,0,0,0,0,0,0,0,0,0,0,0,0,0,0,1,0,0,0,0,0,0,0,0,0,0,0,0,0,0,0,0,0,0,0,0,0,0,0,0,0,0,0,0,0,0,0,0,0,0,0,0,0,0,0,0,0,0,0,0,0,0,0,0,0,0,0,0,0,0,0,0,0,0,0,0,0,0,0,0,0,45,167,4294967295,4294967295,4294967295,4294967295,4294967295,4294967295,4294967295,4294967295
578,0,261,261,1,512,0,512,0,512,0,520,33280,12958,20322,20322,0,0,12958,0,0,0,0,0,17,0,1048576,0,0,0,inf,0.806152344,1.00476074,inf,0,0,0,0,0,0,0,0,0,0,0,0,0,0,0,0,0,0,0,0,0,0,0,0,0,0,0,0,0,0,0,0,0,0,0,0,0,0,0,0,0,0,0,0,0,0,0,0,0,0,0,0,0,0,0,0,0,0,0,0,0,0,0,0,0,0,0,0,0,0,0,0,0,0,0,0,0,0,0,0,0,0,0,0,0,0,0,0,0,4294967295,4294967295,4294967295,4294967295,4294967295,4294967295,4294967295,4294967295,4294967295,4294967295
579,0,261,261,1,512,0,512,0,512,0,520,33280,12451,20829,20829,0,2,12449,0,0,0,9,0,17,0,1048576,0,0,0,inf,0.770584106,0.943954468,inf,0,0,0,0,0,0,0,0,0,0,0,0,0,0,0,0,0,0,0,0,0,0,0,0,0,0,0,0,0,0,0,0,0,0,0,0,0,0,0,0,0,0,0,0,0,0,0,0,0,0,0,0,0,0,0,0,0,0,0,0,0,0,0,0,0,0,0,0,0,0,0,0,0,0,0,0,0,0,0,0,0,0,0,0,0,0,0,0,0,160,4294967295,4294967295,151,4294967295,4294967295,4294967295,4294967295,4294967295,4294967295
580,0.100000001,261,261,1,512,1,511,1,511,0,520,33280,17539,15741,15741,0,3,17536,0,0,0,261,1,17,0,1048576,0,0,0,inf,0.758087158,0.895599365,inf,0,0,0,0,0,0,0,0,0,0,0,0,0,0,0,0,0,0,0,0,0,0,0,1,0,0,0,0,0,0,0,0,0,0,0,0,0,0,0,0,0,0,0,0,0,0,0,0,0,0,0,0,0,0,0,0,0,0,0,0,0,0,0,0,0,0,0,0,0,0,0,0,0,0,0,0,0,0,0,0,0,0,0,0,0,0,0,0,0,213,4294967295,122,4294967295,4294967295,4294967295,4294967295,4294967295,78,4294967295
581,1,261,261,1,512,17,495,5,495,12,508,33280,10596,22684,22684,0,96,10500,0,0,0,1023,10,17,0,1048576,0,0,0,inf,0.721374512,0.915908813,0.705566406,0,0,0,0,0,0,0,0,0,0,0,0,0,0,0,0,0,0,0,0,0,0,0,1023,0,0,0,0,0,0,0,0,0,0,0,0,0,0,0,0,0,0,0,0,0,0,0,0,0,0,0,0,0,0,0,0,0,0,0,0,0,0,0,0,0,0,0,0,0,0,0,0,0,0,0,0,0,0,0,0,0,0,0,0,0,0,0,0,0,3,6,18,4,7,15,20,15,28,38
582,1,261,261,1,512,19,493,12,493,7,513,33280,11026,22254,22254,0,50,10976,0,0,0,1023,10,17,0,1048576,0,0,0,inf,0.667800903,0.903701782,0.680969238,0,0,0,0,0,0,0,0,0,0,0,0,0,0,0,0,0,0,0,0,0,0,0,1023,0,0,0,0,0,0,0,0,0,0,0,0,0,0,0,0,0,0,0,0,0,0,0,0,0,0,0,0,0,0,0,0,0,0,0,0,0,0,0,0,0,0,0,0,0,0,0,0,0,0,0,0,0,0,0,0,0,0,0,0,0,0,0,0,0,12,5,5,37,3,30,13,4,20,23
583,0,261,261,1,512,0,512,0,512,0,520,33280,23441,9839,9839,0,0,23441,0,0,0,0,0,17,0,1048576,0,0,0,inf,1.46888733,1.60595703,inf,0,0,0,0,0,0,0,0,0,0,0,0,0,0,0,0,0,0,0,0,0,0,0,0,0,0,0,0,0,0,0,0,0,0,0,0,0,0,0,0,0,0,0,0,0,0,0,0,0,0,0,0,0,0,0,0,0,0,0,0,0,0,0,0,0,0,0,0,0,0,0,0,0,0,0,0,0,0,0,0,0,0,0,0,0,0,0,0,0,4294967295,4294967295,4294967295,4294967295,4294967295,4294967295,4294967295,4294967295,4294967295,4294967295
584,0,261,261,1,512,0,512,0,512,0,520,33280,13000,20280,20280,0,1,12999,0,0,0,1,0,17,0,1048576,0,0,0,inf,1.00854492,1.26087952,inf,0,0,0,0,0,0,0,0,0,0,0,0,0,0,0,0,0,0,0,0,0,0,0,0,0,0,0,0,0,0,0,0,0,0,0,0,0,0,0,0,0,0,0,0,0,0,0,0,0,0,0,0,0,0,0,0,0,0,0,0,0,0,0,0,0,0,0,0,0,0,0,0,0,0,0,0,0,0,0,0,0,0,0,0,0,0,0,0,0,136,4294967295,4294967295,4294967295,4294967295,4294967295,4294967295,4294967295,4294967295,4294967295
585,0,261,261,1,512,0,512,0,512,0,520,33280,23425,9855,9855,0,3,23422,0,0,0,38,0,17,0,1048576,0,0,0,inf,1.13235474,1.23010254,inf,0,0,0,0,0,0,0,0,0,0,0,0,0,0,0,0,0,0,0,0,0,0,0,0,0,0,0,0,0,0,0,0,0,0,0,0,0,0,0,0,0,0,0,0,0,0,0,0,0,0,0,0,0,0,0,0,0,0,0,0,0,0,0,0,0,0,0,0,0,0,0,0,0,0,0,0,0,0,0,0,0,0,0,0,0,0,0,0,0,4294967295,62,51,4294967295,4294967295,194,4294967295,4294967295,4294967295,4294967295
586,0,261,261,1,512,0,512,0,512,0,520,33280,16221,17059,17059,0,1,16220,0,0,0,1,0,17,0,1048576,0,0,0,inf,1.15745544,1.3729248,inf,0,0,0,0,0,0,0,0,0,0,0,0,0,0,0,0,0,0,0,0,0,0,0,0,0,0,0,0,0,0,0,0,0,0,0,0,0,0,0,0,0,0,0,0,0,0,0,0,0,0,0,0,0,0,0,0,0,0,0,0,0,0,0,0,0,0,0,0,0,0,0,0,0,0,0,0,0,0,0,0,0,0,0,0,0,0,0,0,0,64,4294967295,4294967295,4294967295,4294967295,4294967295,4294967295,4294967295,4294967295,4294967295
587,0.100000001,261,261,1,512,1,511,0,511,1,519,33280,21245,12035,12035,0,1,21244,0,0,0,1,1,17,0,1048576,0,0,0,inf,1.23817444,1.3662262,inf,0,0,0,0,0,0,0,0,0,0,0,0,0,0,0,0,0,0,0,0,0,0,0,1,0,0,0,0,0,0,0,0,0,0,0,0,0,0,0,0,0,0,0,0,0,0,0,0,0,0,0,0,0,0,0,0,0,0,0,0,0,0,0,0,0,0,0,0,0,0,0,0,0,0,0,0,0,0,0,0,0,0,0,0,0,0,0,0,0,9,4294967295,4294967295,4294967295,4294967295,4294967295,4294967295,4294967295,4294967295,4294967295
588,0,261,261,1,512,0,512,0,512,0,520,33280,23453,9827,9827,0,1,23452,0,0,0,8,0,17,0,1048576,0,0,0,inf,1.10580444,1.18832397,inf,0,0,0,0,0,0,0,0,0,0,0,0,0,0,0,0,0,0,0,0,0,0,0,0,0,0,0,0,0,0,0,0,0,0,0,0,0,0,0,0,0,0,0,0,0,0,0,0,0,0,0,0,0,0,0,0,0,0,0,0,0,0,0,0,0,0,0,0,0,0,0,0,0,0,0,0,0,0,0,0,0,0,0,0,0,0,0,0,0,4294967295,4294967295,4294967295,105,4294967295,4294967295,4294967295,4294967295,4294967295,4294967295
589,0.200000003,261,261,1,512,2,510,2,510,0,520,33280,11921,21359,21359,0,8,11913,0,0,0,383,2,17,0,1048576,0,0,0,inf,0.511123657,0.681625366,inf,0,0,0,0,0,0,0,0,0,0,0,0,0,0,0,0,0,0,0,0,0,0,0,5,0,0,0,0,0,0,0,0,0,0,0,0,0,0,0,0,0,0,0,0,0,0,0,0,0,0,0,0,0,0,0,0,0,0,0,0,0,0,0,0,0,0,0,0,0,0,0,0,0,0,0,0,0,0,0,0,0,0,0,0,0,0,0,0,0,177,96,182,7,34,140,202,4294967295,182,4294967295
590,0.5,261,261,1,512,5,507,1,507,4,516,33280,23845,9435,9435,0,22,23823,0,0,0,1007,5,17,0,1048576,0,0,0,inf,1.14143372,1.35691833,inf,0,0,0,0,0,0,0,0,0,0,0,0,0,0,0,0,0,0,0,0,0,0,0,47,0,0,0,0,0,0,0,0,0,0,0,0,0,0,0,0,0,0,0,0,0,0,0,0,0,0,0,0,0,0,0,0,0,0,0,0,0,0,0,0,0,0,0,0,0,0,0,0,0,0,0,0,0,0,0,0,0,0,0,0,0,0,0,0,0,53,20,64,64,4294967295,225,53,20,3,39
591,0.100000001,261,261,1,512,1,511,1,511,0,520,33280,18315,14965,14965,0,6,18309,0,0,0,207,1,17,0,1048576,0,0,0,inf,1.19018555,1.35646057,inf,0,0,0,0,0,0,0,0,0,0,0,0,0,0,0,0,0,0,0,0,0,0,0,1,0,0,0,0,0,0,0,0,0,0,0,0,0,0,0,0,0,0,0,0,0,0,0,0,0,0,0,0,0,0,0,0,0,0,0,0,0,0,0,0,0,0,0,0,0,0,0,0,0,0,0,0,0,0,0,0,0,0,0,0,0,0,0,0,0,36,45,254,214,4294967295,4294967295,114,97,4294967295,4294967295
592,0,261,261,1,512,0,512,0,512,0,520,33280,10189,23091,23091,0,0,10189,0,0,0,0,0,17,0,1048576,0,0,0,inf,0.770019531,1.00613403,inf,0,0,0,0,0,0,0,0,0,0,0,0,0,0,0,0,0,0,0,0,0,0,0,0,0,0,0,0,0,0,0,0,0,0,0,0,0,0,0,0,0,0,0,0,0,0,0,0,0,0,0,0,0,0,0,0,0,0,0,0,0,0,0,0,0,0,0,0,0,0,0,0,0,0,0,0,0,0,0,0,0,0,0,0,0,0,0,0,0,4294967295,4294967295,4294967295,4294967295,4294967295,4294967295,4294967295,4294967295,4294967295,4294967295
593,0,261,261,1,512,0,512,0,512,0,520,33280,14411,18869,18869,0,0,14411,0,0,0,0,0,17,0,1048576,0,0,0,inf,0.923065186,1.11888123,inf,0,0,0,0,0,0,0,0,0,0,0,0,0,0,0,0,0,0,0,0,0,0,0,0,0,0,0,0,0,0,0,0,0,0,0,0,0,0,0,0,0,0,0,0,0,0,0,0,0,0,0,0,0,0,0,0,0,0,0,0,0,0,0,0,0,0,0,0,0,0,0,0,0,0,0,0,0,0,0,0,0,0,0,0,0,0,0,0,0,4294967295,4294967295,4294967295,4294967295,4294967295,4294967295,4294967295,4294967295,4294967295,4294967295
594,0.100000001,261,261,1,512,1,511,0,511,1,519,33280,22734,10546,10546,0,3,22731,0,0,0,7,1,17,0,1048576,0,0,0,inf,1.16876221,1.28364563,inf,0,0,0,0,0,0,0,0,0,0,0,0,0,0,0,0,0,0,0,0,0,0,0,1,0,0,0,0,0,0,0,0,0,0,0,0,0,0,0,0,0,0,0,0,0,0,0,0,0,0,0,0,0,0,0,0,0,0,0,0,0,0,0,0,0,0,0,0,0,0,0,0,0,0,0,0,0,0,0,0,0,0,0,0,0,0,0,0,0,6,8,10,4294967295,4294967295,4294967295,4294967295,4294967295,4294967295,4294967295
595,0,261,261,1,512,0,512,0,512,0,520,33280,13778,19502,19502,0,2,13776,0,0,0,3,0,17,0,1048576,0,0,0,inf,1.69099426,2.0042572,inf,0,0,0,0,0,0,0,0,0,0,0,0,0,0,0,0,0,0,0,0,0,0,0,0,0,0,0,0,0,0,0,0,0,0,0,0,0,0,0,0,0,0,0,0,0,0,0,0,0,0,0,0,0,0,0,0,0,0,0,0,0,0,0,0,0,0,0,0,0,0,0,0,0,0,0,0,0,0,0,0,0,0,0,0,0,0,0,0,0,12,40,4294967295,4294967295,4294967295,4294967295,4294967295,4294967295,4294967295,4294967295
596,0.5,261,261,1,512,5,507,2,507,3,517,33280,11027,22253,22253,0,39,10988,0,0,0,1023,5,17,0,1048576,0,0,0,inf,0.871704102,1.07208252,inf,0,0,0,0,0,0,0,0,0,0,0,0,0,0,0,0,0,0,0,0,0,0,0,87,0,0,0,0,0,0,0,0,0,0,0,0,0,0,0,0,0,0,0,0,0,0,0,0,0,0,0,0,0,0,0,0,0,0,0,0,0,0,0,0,0,0,0,0,0,0,0,0,0,0,0,0,0,0,0,0,0,0,0,0,0,0,0,0,0,10,10,45,31,75,11,85,55,56,33
597,0.200000003,261,261,1,512,2,510,1,510,1,519,33280,12629,20651,20651,0,4,12625,0,0,0,23,2,17,0,1048576,0,0,0,inf,0.85369873,1.04818726,inf,0,0,0,0,0,0,0,0,0,0,0,0,0,0,0,0,0,0,0,0,0,0,0,3,0,0,0,0,0,0,0,0,0,0,0,0,0,0,0,0,0,0,0,0,0,0,0,0,0,0,0,0,0,0,0,0,0,0,0,0,0,0,0,0,0,0,0,0,0,0,0,0,0,0,0,0,0,0,0,0,0,0,0,0,0,0,0,0,0,7,259,79,4294967295,79,4294967295,4294967295,4294967295,4294967295,4294967295
598,0.100000001,261,261,1,512,1,511,0,511,1,519,33280,19298,13982,13982,0,3,19295,0,0,0,7,1,17,0,1048576,0,0,0,inf,1.00498962,1.1953125,inf,0,0,0,0,0,0,0,0,0,0,0,0,0,0,0,0,0,0,0,0,0,0,0,1,0,0,0,0,0,0,0,0,0,0,0,0,0,0,0,0,0,0,0,0,0,0,0,0,0,0,0,0,0,0,0,0,0,0,0,0,0,0,0,0,0,0,0,0,0,0,0,0,0,0,0,0,0,0,0,0,0,0,0,0,0,0,0,0,0,92,61,119,4294967295,4294967295,4294967295,4294967295,4294967295,4294967295,4294967295
599,0,261,261,1,512,0,512,0,512,0,520,33280,18949,14331,14331,0,2,18947,0,0,0,5,0,17,0,1048576,0,0,0,inf,0.944732666,1.07246399,inf,0,0,0,0,0,0,0,0,0,0,0,0,0,0,0,0,0,0,0,0,0,0,0,0,0,0,0,0,0,0,0,0,0,0,0,0,0,0,0,0,0,0,0,0,0,0,0,0,0,0,0,0,0,0,0,0,0,0,0,0,0,0,0,0,0,0,0,0,0,0,0,0,0,0,0,0,0,0,0,0,0,0,0,0,0,0,0,0,0,233,4294967295,28,4294967295,4294967295,4294967295,4294967295,4294967295,4294967295,4294967295
600,0,261,261,1,512,0,512,0,512,0,520,33280,13604,19676,19676,0,0,13604,0,0,0,0,0,17,0,1048576,0,0,0,inf,0.991073608,1.17936707,inf,0,0,0,0,0,0,0,0,0,0,0,0,0,0,0,0,0,0,0,0,0,0,0,0,0,0,0,0,0,0,0,0,0,0,0,0,0,0,0,0,0,0,0,0,0,0,0,0,0,0,0,0,0,0,0,0,0,0,0,0,0,0,0,0,0,0,0,0,0,0,0,0,0,0,0,0,0,0,0,0,0,0,0,0,0,0,0,0,0,4294967295,4294967295,4294967295,4294967295,4294967295,4294967295,4294967295,4294967295,4294967295,4294967295
601,0,261,261,1,512,0,512,0,512,0,520,33280,10796,22484,22484,0,4,10792,0,0,0,7,0,17,0,1048576,0,0,0,inf,0.848571777,1.14024353,inf,0,0,0,0,0,0,0,0,0,0,0,0,0,0,0,0,0,0,0,0,0,0,0,0,0,0,0,0,0,0,0,0,0,0,0,0,0,0,0,0,0,0,0,0,0,0,0,0,0,0,0,0,0,0,0,0,0,0,0,0,0,0,0,0,0,0,0,0,0,0,0,0,0,0,0,0,0,0,0,0,0,0,0,0,0,0,0,0,0,63,28,202,4294967295,4294967295,4294967295,4294967295,4294967295,4294967295,4294967295
602,0,261,261,1,512,0,512,0,512,0,520,33280,20235,13045,13045,0,8,20227,0,0,0,133,0,17,0,1048576,0,0,0,inf,1.0765686,1.21289062,inf,0,0,0,0,0,0,0,0,0,0,0,0,0,0,0,0,0,0,0,0,0,0,0,0,0,0,0,0,0,0,0,0,0,0,0,0,0,0,0,0,0,0,0,0,0,0,0,0,0,0,0,0,0,0,0,0,0,0,0,0,0,0,0,0,0,0,0,0,0,0,0,0,0,0,0,0,0,0,0,0,0,0,0,0,0,0,0,0,0,118,4294967295,99,4294967295,4294967295,4294967295,4294967295,146,4294967295,4294967295
603,0,261,261,1,512,0,512,0,512,0,520,33280,8279,25001,25001,0,2,8277,0,0,0,5,0,17,0,1048576,0,0,0,inf,0.628875732,0.83354187,inf,0,0,0,0,0,0,0,0,0,0,0,0,0,0,0,0,0,0,0,0,0,0,0,0,0,0,0,0,0,0,0,0,0,0,0,0,0,0,0,0,0,0,0,0,0,0,0,0,0,0,0,0,0,0,0,0,0,0,0,0,0,0,0,0,0,0,0,0,0,0,0,0,0,0,0,0,0,0,0,0,0,0,0,0,0,0,0,0,0,20,4294967295,201,4294967295,4294967295,4294967295,4294967295,4294967295,4294967295,4294967295
604,0,261,261,1,512,0,512,0,512,0,520,33280,20098,13182,13182,0,0,20098,0,0,0,0,0,17,0,1048576,0,0,0,inf,1.15643311,1.33032227,inf,0,0,0,0,0,0,0,0,0,0,0,0,0,0,0,0,0,0,0,0,0,0,0,0,0,0,0,0,0,0,0,0,0,0,0,0,0,0,0,0,0,0,0,0,0,0,0,0,0,0,0,0,0,0,0,0,0,0,0,0,0,0,0,0,0,0,0,0,0,0,0,0,0,0,0,0,0,0,0,0,0,0,0,0,0,0,0,0,0,4294967295,4294967295,4294967295,4294967295,4294967295,4294967295,4294967295,4294967295,4294967295,4294967295
605,0,261,261,1,512,0,512,0,512,0,520,33280,10889,22391,22391,0,1,10888,0,0,0,64,0,17,0,1048576,0,0,0,inf,0.648223877,0.8309021,inf,0,0,0,0,0,0,0,0,0,0,0,0,0,0,0,0,0,0,0,0,0,0,0,0,0,0,0,0,0,0,0,0,0,0,0,0,0,0,0,0,0,0,0,0,0,0,0,0,0,0,0,0,0,0,0,0,0,0,0,0,0,0,0,0,0,0,0,0,0,0,0,0,0,0,0,0,0,0,0,0,0,0,0,0,0,0,0,0,0,4294967295,4294967295,4294967295,4294967295,4294967295,4294967295,35,4294967295,4294967295,4294967295
606,0.100000001,261,261,1,512,1,511,1,511,0,520,33280,17256,16024,16024,0,34,17222,0,0,0,951,1,17,0,1048576,0,0,0,inf,0.82359314,1.03460693,inf,0,0,0,0,0,0,0,0,0,0,0,0,0,0,0,0,0,0,0,0,0,0,0,1,0,0,0,0,0,0,0,0,0,0,0,0,0,0,0,0,0,0,0,0,0,0,0,0,0,0,0,0,0,0,0,0,0,0,0,0,0,0,0,0,0,0,0,0,0,0,0,0,0,0,0,0,0,0,0,0,0,0,0,0,0,0,0,0,0,21,31,71,4294967295,93,82,4294967295,191,17,169
607,0.100000001,261,261,1,512,1,511,1,511,0,520,33280,13578,19702,19702,0,5,13573,0,0,0,31,1,17,0,1048576,0,0,0,inf,0.876922607,1.14814758,inf,0,0,0,0,0,0,0,0,0,0,0,0,0,0,0,0,0,0,0,0,0,0,0,1,0,0,0,0,0,0,0,0,0,0,0,0,0,0,0,0,0,0,0,0,0,0,0,0,0,0,0,0,0,0,0,0,0,0,0,0,0,0,0,0,0,0,0,0,0,0,0,0,0,0,0,0,0,0,0,0,0,0,0,0,0,0,0,0,0,31,2,140,2,2,4294967295,4294967295,4294967295,4294967295,4294967295
608,0,261,261,1,512,0,512,0,512,0,520,33280,26170,7110,7110,0,2,26168,0,0,0,48,0,17,0,1048576,0,0,0,inf,1.25482178,1.34455872,inf,0,0,0,0,0,0,0,0,0,0,0,0,0,0,0,0,0,0,0,0,0,0,0,0,0,0,0,0,0,0,0,0,0,0,0,0,0,0,0,0,0,0,0,0,0,0,0,0,0,0,0,0,0,0,0,0,0,0,0,0,0,0,0,0,0,0,0,0,0,0,0,0,0,0,0,0,0,0,0,0,0,0,0,0,0,0,0,0,0,4294967295,4294967295,4294967295,4294967295,159,246,4294967295,4294967295,4294967295,4294967295
609,0.100000001,261,261,1,512,1,511,0,511,1,519,33280,17762,15518,15518,0,2,17760,0,0,0,3,1,17,0,1048576,0,0,0,inf,0.842514038,1.02796936,inf,0,0,0,0,0,0,0,0,0,0,0,0,0,0,0,0,0,0,0,0,0,0,0,1,0,0,0,0,0,0,0,0,0,0,0,0,0,0,0,0,0,0,0,0,0,0,0,0,0,0,0,0,0,0,0,0,0,0,0,0,0,0,0,0,0,0,0,0,0,0,0,0,0,0,0,0,0,0,0,0,0,0,0,0,0,0,0,0,0,18,16,4294967295,4294967295,4294967295,4294967295,4294967295,4294967295,4294967295,4294967295
610,1,261,261,1,512,16,496,3,496,13,507,33280,13321,19959,19959,0,42,13279,0,0,0,1023,10,17,0,1048576,0,0,0,inf,1.13049316,1.34593201,0.994125366,0,0,0,0,0,0,0,0,0,0,0,0,0,0,0,0,0,0,0,0,0,0,0,1023,0,0,0,0,0,0,0,0,0,0,0,0,0,0,0,0,0,0,0,0,0,0,0,0,0,0,0,0,0,0,0,0,0,0,0,0,0,0,0,0,0,0,0,0,0,0,0,0,0,0,0,0,0,0,0,0,0,0,0,0,0,0,0,0,0,4,3,4,5,4,4,4,4,3,3
611,0.899999976,261,261,1,512,9,503,4,503,5,515,33280,8166,25114,25114,0,39,8127,0,0,0,1023,9,17,0,1048576,0,0,0,inf,0.76083374,1.04919434,inf,0,0,0,0,0,0,0,0,0,0,0,0,0,0,0,0,0,0,0,0,0,0,0,511,0,0,0,0,0,0,0,0,0,0,0,0,0,0,0,0,0,0,0,0,0,0,0,0,0,0,0,0,0,0,0,0,0,0,0,0,0,0,0,0,0,0,0,0,0,0,0,0,0,0,0,0,0,0,0,0,0,0,0,0,0,0,0,0,0,8,4,19,3,5,35,10,91,129,38
612,0,261,261,1,512,0,512,0,512,0,520,33280,14728,18552,18552,0,2,14726,0,0,0,5,0,17,0,1048576,0,0,0,inf,0.92906189,1.16078186,inf,0,0,0,0,0,0,0,0,0,0,0,0,0,0,0,0,0,0,0,0,0,0,0,0,0,0,0,0,0,0,0,0,0,0,0,0,0,0,0,0,0,0,0,0,0,0,0,0,0,0,0,0,0,0,0,0,0,0,0,0,0,0,0,0,0,0,0,0,0,0,0,0,0,0,0,0,0,0,0,0,0,0,0,0,0,0,0,0,0,150,4294967295,124,4294967295,4294967295,4294967295,4294967295,4294967295,4294967295,4294967295
613,0,261,261,1,512,0,512,0,512,0,520,33280,12735,20545,20545,0,0,12735,0,0,0,0,0,17,0,1048576,0,0,0,inf,1.05924988,1.38023376,inf,0,0,0,0,0,0,0,0,0,0,0,0,0,0,0,0,0,0,0,0,0,0,0,0,0,0,0,0,0,0,0,0,0,0,0,0,0,0,0,0,0,0,0,0,0,0,0,0,0,0,0,0,0,0,0,0,0,0,0,0,0,0,0,0,0,0,0,0,0,0,0,0,0,0,0,0,0,0,0,0,0,0,0,0,0,0,0,0,0,4294967295,4294967295,4294967295,4294967295,4294967295,4294967295,4294967295,4294967295,4294967295,4294967295
614,0.100000001,261,261,1,512,1,511,1,511,0,520,33280,20798,12482,12482,0,1,20797,0,0,0,1,1,17,0,1048576,0,0,0,inf,0.734436035,0.856277466,inf,0,0,0,0,0,0,0,0,0,0,0,0,0,0,0,0,0,0,0,0,0,0,0,1,0,0,0,0,0,0,0,0,0,0,0,0,0,0,0,0,0,0,0,0,0,0,0,0,0,0,0,0,0,0,0,0,0,0,0,0,0,0,0,0,0,0,0,0,0,0,0,0,0,0,0,0,0,0,0,0,0,0,0,0,0,0,0,0,0,256,4294967295,4294967295,4294967295,4294967295,4294967295,4294967295,4294967295,4294967295,4294967295
615,1,261,261,1,512,61,451,18,451,43,477,33280,8426,24854,24854,0,199,8227,0,0,0,1023,10,17,0,1048576,0,0,0,inf,0.625015259,0.837753296,0.492507935,0,0,0,0,0,0,0,0,0,0,0,0,0,0,0,0,0,0,0,0,0,0,0,1023,0,0,0,0,0,0,0,0,0,0,0,0,0,0,0,0,0,0,0,0,0,0,0,0,0,0,0,0,0,0,0,0,0,0,0,0,0,0,0,0,0,0,0,0,0,0,0,0,0,0,0,0,0,0,0,0,0,0,0,0,0,0,0,0,0,3,3,3,4,4,4,3,6,6,3
616,0,261,261,1,512,0,512,0,512,0,520,33280,20622,12658,12658,0,3,20619,0,0,0,515,0,17,0,1048576,0,0,0,inf,1.08851624,1.28042603,inf,0,0,0,0,0,0,0,0,0,0,0,0,0,0,0,0,0,0,0,0,0,0,0,0,0,0,0,0,0,0,0,0,0,0,0,0,0,0,0,0,0,0,0,0,0,0,0,0,0,0,0,0,0,0,0,0,0,0,0,0,0,0,0,0,0,0,0,0,0,0,0,0,0,0,0,0,0,0,0,0,0,0,0,0,0,0,0,0,0,139,49,4294967295,4294967295,4294967295,4294967295,4294967295,4294967295,4294967295,41
617,0,261,261,1,512,0,512,0,512,0,520,33280,10485,22795,22795,0,0,10485,0,0,0,0,0,17,0,1048576,0,0,0,inf,0.842025757,1.14347839,inf,0,0,0,0,0,0,0,0,0,0,0,0,0,0,0,0,0,0,0,0,0,0,0,0,0,0,0,0,0,0,0,0,0,0,0,0,0,0,0,0,0,0,0,0,0,0,0,0,0,0,0,0,0,0,0,0,0,0,0,0,0,0,0,0,0,0,0,0,0,0,0,0,0,0,0,0,0,0,0,0,0,0,0,0,0,0,0,0,0,4294967295,4294967295,4294967295,4294967295,4294967295,4294967295,4294967295,4294967295,4294967295,4294967295
618,0,261,261,1,512,0,512,0,512,0,520,33280,14468,18812,18812,0,5,14463,0,0,0,59,0,17,0,1048576,0,0,0,inf,0.65725708,0.821792603,inf,0,0,0,0,0,0,0,0,0,0,0,0,0,0,0,0,0,0,0,0,0,0,0,0,0,0,0,0,0,0,0,0,0,0,0,0,0,0,0,0,0,0,0,0,0,0,0,0,0,0,0,0,0,0,0,0,0,0,0,0,0,0,0,0,0,0,0,0,0,0,0,0,0,0,0,0,0,0,0,0,0,0,0,0,0,0,0,0,0,86,133,4294967295,67,67,89,4294967295,4294967295,4294967295,4294967295
619,1,261,261,1,512,17,495,7,495,10,510,33280,14942,18338,18338,0,68,14874,0,0,0,1023,10,17,0,1048576,0,0,0,inf,1.01296997,1.21089172,1.01123047,0,0,0,0,0,0,0,0,0,0,0,0,0,0,0,0,0,0,0,0,0,0,0,1023,0,0,0,0,0,0,0,0,0,0,0,0,0,0,0,0,0,0,0,0,0,0,0,0,0,0,0,0,0,0,0,0,0,0,0,0,0,0,0,0,0,0,0,0,0,0,0,0,0,0,0,0,0,0,0,0,0,0,0,0,0,0,0,0,0,3,8,10,3,8,7,28,106,3,8
620,0.100000001,261,261,1,512,1,511,0,511,1,519,33280,16644,16636,16636,0,2,16642,0,0,0,17,1,17,0,1048576,0,0,0,inf,1.40130615,1.60368347,inf,0,0,0,0,0,0,0,0,0,0,0,0,0,0,0,0,0,0,0,0,0,0,0,1,0,0,0,0,0,0,0,0,0,0,0,0,0,0,0,0,0,0,0,0,0,0,0,0,0,0,0,0,0,0,0,0,0,0,0,0,0,0,0,0,0,0,0,0,0,0,0,0,0,0,0,0,0,0,0,0,0,0,0,0,0,0,0,0,0,4,4294967295,4294967295,4294967295,146,4294967295,4294967295,4294967295,4294967295,4294967295
621,0,261,261,1,512,0,512,0,512,0,520,33280,10173,23107,23107,0,7,10166,0,0,0,119,0,17,0,1048576,0,0,0,inf,0.625534058,0.792541504,inf,0,0,0,0,0,0,0,0,0,0,0,0,0,0,0,0,0,0,0,0,0,0,0,0,0,0,0,0,0,0,0,0,0,0,0,0,0,0,0,0,0,0,0,0,0,0,0,0,0,0,0,0,0,0,0,0,0,0,0,0,0,0,0,0,0,0,0,0,0,0,0,0,0,0,0,0,0,0,0,0,0,0,0,0,0,0,0,0,0,25,3,187,4294967295,46,117,124,4294967295,4294967295,4294967295
622,0.400000006,261,261,1,512,4,508,0,508,4,516,33280,23781,9499,9499,0,8,23773,0,0,0,479,4,17,0,1048576,0,0,0,inf,1.15594482,1.29606628,inf,0,0,0,0,0,0,0,0,0,0,0,0,0,0,0,0,0,0,0,0,0,0,0,15,0,0,0,0,0,0,0,0,0,0,0,0,0,0,0,0,0,0,0,0,0,0,0,0,0,0,0,0,0,0,0,0,0,0,0,0,0,0,0,0,0,0,0,0,0,0,0,0,0,0,0,0,0,0,0,0,0,0,0,0,0,0,0,0,0,6,10,175,23,51,4294967295,27,161,58,4294967295
623,0,261,261,1,512,0,512,0,512,0,520,33280,20670,12610,12610,0,0,20670,0,0,0,0,0,17,0,1048576,0,0,0,inf,1.11088562,1.24501038,inf,0,0,0,0,0,0,0,0,0,0,0,0,0,0,0,0,0,0,0,0,0,0,0,0,0,0,0,0,0,0,0,0,0,0,0,0,0,0,0,0,0,0,0,0,0,0,0,0,0,0,0,0,0,0,0,0,0,0,0,0,0,0,0,0,0,0,0,0,0,0,0,0,0,0,0,0,0,0,0,0,0,0,0,0,0,0,0,0,0,4294967295,4294967295,4294967295,4294967295,4294967295,4294967295,4294967295,4294967295,4294967295,4294967295
624,0.200000003,261,261,1,512,2,510,1,510,1,519,33280,19879,13401,13401,0,10,19869,0,0,0,239,2,17,0,1048576,0,0,0,inf,1.04669189,1.18678284,inf,0,0,0,0,0,0,0,0,0,0,0,0,0,0,0,0,0,0,0,0,0,0,0,3,0,0,0,0,0,0,0,0,0,0,0,0,0,0,0,0,0,0,0,0,0,0,0,0,0,0,0,0,0,0,0,0,0,0,0,0,0,0,0,0,0,0,0,0,0,0,0,0,0,0,0,0,0,0,0,0,0,0,0,0,0,0,0,0,0,10,75,76,126,4294967295,70,75,80,4294967295,4294967295
625,1,261,261,1,512,14,498,3,498,11,509,33280,17448,15832,15832,0,91,17357,0,0,0,1023,10,17,0,1048576,0,0,0,inf,1.14776611,1.32765198,1.1289978,0,0,0,0,0,0,0,0,0,0,0,0,0,0,0,0,0,0,0,0,0,0,0,1023,0,0,0,0,0,0,0,0,0,0,0,0,0,0,0,0,0,0,0,0,0,0,0,0,0,0,0,0,0,0,0,0,0,0,0,0,0,0,0,0,0,0,0,0,0,0,0,0,0,0,0,0,0,0,0,0,0,0,0,0,0,0,0,0,0,1,1,2,2,42,75,15,45,10,40
626,0,261,261,1,512,0,512,0,512,0,520,33280,24626,8654,8654,0,0,24626,0,0,0,0,0,17,0,1048576,0,0,0,inf,0.950515747,1.08013916,inf,0,0,0,0,0,0,0,0,0,0,0,0,0,0,0,0,0,0,0,0,0,0,0,0,0,0,0,0,0,0,0,0,0,0,0,0,0,0,0,0,0,0,0,0,0,0,0,0,0,0,0,0,0,0,0,0,0,0,0,0,0,0,0,0,0,0,0,0,0,0,0,0,0,0,0,0,0,0,0,0,0,0,0,0,0,0,0,0,0,4294967295,4294967295,4294967295,4294967295,4294967295,4294967295,4294967295,4294967295,4294967295,4294967295
627,0.5,261,261,1,512,5,507,3,507,2,518,33280,19711,13569,13569,0,46,19665,0,0,0,1023,5,17,0,1048576,0,0,0,inf,0.850662231,1.03022766,inf,0,0,0,0,0,0,0,0,0,0,0,0,0,0,0,0,0,0,0,0,0,0,0,583,0,0,0,0,0,0,0,0,0,0,0,0,0,0,0,0,0,0,0,0,0,0,0,0,0,0,0,0,0,0,0,0,0,0,0,0,0,0,0,0,0,0,0,0,0,0,0,0,0,0,0,0,0,0,0,0,0,0,0,0,0,0,0,0,0,10,11,120,27,8,8,129,31,96,169
628,0.200000003,261,261,1,512,2,510,0,510,2,518,33280,15709,17571,17571,0,4,15705,0,0,0,39,2,17,0,1048576,0,0,0,inf,0.994750977,1.154953,inf,0,0,0,0,0,0,0,0,0,0,0,0,0,0,0,0,0,0,0,0,0,0,0,3,0,0,0,0,0,0,0,0,0,0,0,0,0,0,0,0,0,0,0,0,0,0,0,0,0,0,0,0,0,0,0,0,0,0,0,0,0,0,0,0,0,0,0,0,0,0,0,0,0,0,0,0,0,0,0,0,0,0,0,0,0,0,0,0,0,5,6,58,4294967295,4294967295,78,4294967295,4294967295,4294967295,4294967295
629,0.600000024,261,261,1,512,7,505,4,505,3,517,33280,18670,14610,14610,0,71,18599,0,0,0,1023,7,17,0,1048576,0,0,0,inf,1.19213867,1.37223816,inf,0,0,0,0,0,0,0,0,0,0,0,0,0,0,0,0,0,0,0,0,0,0,0,63,0,0,0,0,0,0,0,0,0,0,0,0,0,0,0,0,0,0,0,0,0,0,0,0,0,0,0,0,0,0,0,0,0,0,0,0,0,0,0,0,0,0,0,0,0,0,0,0,0,0,0,0,0,0,0,0,0,0,0,0,0,0,0,0,0,5,7,10,55,27,59,26,64,64,45
630,0,261,261,1,512,0,512,0,512,0,520,33280,21872,11408,11408,0,5,21867,0,0,0,387,0,17,0,1048576,0,0,0,inf,0.966400146,1.06407166,inf,0,0,0,0,0,0,0,0,0,0,0,0,0,0,0,0,0,0,0,0,0,0,0,0,0,0,0,0,0,0,0,0,0,0,0,0,0,0,0,0,0,0,0,0,0,0,0,0,0,0,0,0,0,0,0,0,0,0,0,0,0,0,0,0,0,0,0,0,0,0,0,0,0,0,0,0,0,0,0,0,0,0,0,0,0,0,0,0,0,205,188,4294967295,4294967295,4294967295,4294967295,4294967295,225,64,4294967295
631,0,261,261,1,512,0,512,0,512,0,520,33280,21835,11445,11445,0,1,21834,0,0,0,1,0,17,0,1048576,0,0,0,inf,1.15745544,1.27314758,inf,0,0,0,0,0,0,0,0,0,0,0,0,0,0,0,0,0,0,0,0,0,0,0,0,0,0,0,0,0,0,0,0,0,0,0,0,0,0,0,0,0,0,0,0,0,0,0,0,0,0,0,0,0,0,0,0,0,0,0,0,0,0,0,0,0,0,0,0,0,0,0,0,0,0,0,0,0,0,0,0,0,0,0,0,0,0,0,0,0,117,4294967295,4294967295,4294967295,4294967295,4294967295,4294967295,4294967295,4294967295,4294967295
632,0.100000001,261,261,1,512,1,511,0,511,1,519,33280,19051,14229,14229,0,10,19041,0,0,0,347,1,17,0,1048576,0,0,0,inf,1.26017761,1.50892639,inf,0,0,0,0,0,0,0,0,0,0,0,0,0,0,0,0,0,0,0,0,0,0,0,1,0,0,0,0,0,0,0,0,0,0,0,0,0,0,0,0,0,0,0,0,0,0,0,0,0,0,0,0,0,0,0,0,0,0,0,0,0,0,0,0,0,0,0,0,0,0,0,0,0,0,0,0,0,0,0,0,0,0,0,0,0,0,0,0,0,6,67,4294967295,16,168,4294967295,68,4294967295,115,4294967295
633,0,261,261,1,512,0,512,0,512,0,520,33280,19074,14206,14206,0,9,19065,0,0,0,153,0,17,0,1048576,0,0,0,inf,1.09898376,1.24771118,inf,0,0,0,0,0,0,0,0,0,0,0,0,0,0,0,0,0,0,0,0,0,0,0,0,0,0,0,0,0,0,0,0,0,0,0,0,0,0,0,0,0,0,0,0,0,0,0,0,0,0,0,0,0,0,0,0,0,0,0,0,0,0,0,0,0,0,0,0,0,0,0,0,0,0,0,0,0,0,0,0,0,0,0,0,0,0,0,0,0,13,4294967295,4294967295,139,84,4294967295,4294967295,237,4294967295,4294967295
634,0,261,261,1,512,0,512,0,512,0,520,33280,17527,15753,15753,0,1,17526,0,0,0,1,0,17,0,1048576,0,0,0,inf,1.23608398,1.4030304,inf,0,0,0,0,0,0,0,0,0,0,0,0,0,0,0,0,0,0,0,0,0,0,0,0,0,0,0,0,0,0,0,0,0,0,0,0,0,0,0,0,0,0,0,0,0,0,0,0,0,0,0,0,0,0,0,0,0,0,0,0,0,0,0,0,0,0,0,0,0,0,0,0,0,0,0,0,0,0,0,0,0,0,0,0,0,0,0,0,0,55,4294967295,4294967295,4294967295,4294967295,4294967295,4294967295,4294967295,4294967295,4294967295
635,0,261,261,1,512,0,512,0,512,0,520,33280,21623,11657,11657,0,14,21609,0,0,0,579,0,17,0,1048576,0,0,0,inf,0.858825684,1.04646301,inf,0,0,0,0,0,0,0,0,0,0,0,0,0,0,0,0,0,0,0,0,0,0,0,0,0,0,0,0,0,0,0,0,0,0,0,0,0,0,0,0,0,0,0,0,0,0,0,0,0,0,0,0,0,0,0,0,0,0,0,0,0,0,0,0,0,0,0,0,0,0,0,0,0,0,0,0,0,0,0,0,0,0,0,0,0,0,0,0,0,75,75,4294967295,4294967295,4294967295,4294967295,66,4294967295,4294967295,164
636,0,261,261,1,512,0,512,0,512,0,520,33280,19923,13357,13357,0,0,19923,0,0,0,0,0,17,0,1048576,0,0,0,inf,1.11294556,1.27342224,inf,0,0,0,0,0,0,0,0,0,0,0,0,0,0,0,0,0,0,0,0,0,0,0,0,0,0,0,0,0,0,0,0,0,0,0,0,0,0,0,0,0,0,0,0,0,0,0,0,0,0,0,0,0,0,0,0,0,0,0,0,0,0,0,0,0,0,0,0,0,0,0,0,0,0,0,0,0,0,0,0,0,0,0,0,0,0,0,0,0,4294967295,4294967295,4294967295,4294967295,4294967295,4294967295,4294967295,4294967295,4294967295,4294967295
637,0.100000001,261,261,1,512,1,511,0,511,1,519,33280,20269,13011,13011,0,2,20267,0,0,0,5,1,17,0,1048576,0,0,0,inf,0.79486084,0.905838013,inf,0,0,0,0,0,0,0,0,0,0,0,0,0,0,0,0,0,0,0,0,0,0,0,1,0,0,0,0,0,0,0,0,0,0,0,0,0,0,0,0,0,0,0,0,0,0,0,0,0,0,0,0,0,0,0,0,0,0,0,0,0,0,0,0,0,0,0,0,0,0,0,0,0,0,0,0,0,0,0,0,0,0,0,0,0,0,0,0,0,10,4294967295,239,4294967295,4294967295,4294967295,4294967295,4294967295,4294967295,4294967295
638,0.100000001,261,261,1,512,1,511,0,511,1,519,33280,15954,17326,17326,0,8,15946,0,0,0,253,1,17,0,1048576,0,0,0,inf,1.06994629,1.24989319,inf,0,0,0,0,0,0,0,0,0,0,0,0,0,0,0,0,0,0,0,0,0,0,0,1,0,0,0,0,0,0,0,0,0,0,0,0,0,0,0,0,0,0,0,0,0,0,0,0,0,0,0,0,0,0,0,0,0,0,0,0,0,0,0,0,0,0,0,0,0,0,0,0,0,0,0,0,0,0,0,0,0,0,0,0,0,0,0,0,0,32,4294967295,246,246,160,226,226,226,4294967295,4294967295
639,0,261,261,1,512,0,512,0,512,0,520,33280,19412,13868,13868,0,3,19409,0,0,0,11,0,17,0,1048576,0,0,0,inf,0.839385986,1.06307983,inf,0,0,0,0,0,0,0,0,0,0,0,0,0,0,0,0,0,0,0,0,0,0,0,0,0,0,0,0,0,0,0,0,0,0,0,0,0,0,0,0,0,0,0,0,0,0,0,0,0,0,0,0,0,0,0,0,0,0,0,0,0,0,0,0,0,0,0,0,0,0,0,0,0,0,0,0,0,0,0,0,0,0,0,0,0,0,0,0,0,187,201,4294967295,134,4294967295,4294967295,4294967295,4294967295,4294967295,4294967295
640,0,261,261,1,512,0,512,0,512,0,520,33280,14183,19097,19097,0,0,14183,0,0,0,0,0,17,0,1048576,0,0,0,inf,1.23800659,1.58023071,inf,0,0,0,0,0,0,0,0,0,0,0,0,0,0,0,0,0,0,0,0,0,0,0,0,0,0,0,0,0,0,0,0,0,0,0,0,0,0,0,0,0,0,0,0,0,0,0,0,0,0,0,0,0,0,0,0,0,0,0,0,0,0,0,0,0,0,0,0,0,0,0,0,0,0,0,0,0,0,0,0,0,0,0,0,0,0,0,0,0,4294967295,4294967295,4294967295,4294967295,4294967295,4294967295,4294967295,4294967295,4294967295,4294967295
641,0,261,261,1,512,0,512,0,512,0,520,33280,13483,19797,19797,0,0,13483,0,0,0,0,0,17,0,1048576,0,0,0,inf,1.23675537,1.43806458,inf,0,0,0,0,0,0,0,0,0,0,0,0,0,0,0,0,0,0,0,0,0,0,0,0,0,0,0,0,0,0,0,0,0,0,0,0,0,0,0,0,0,0,0,0,0,0,0,0,0,0,0,0,0,0,0,0,0,0,0,0,0,0,0,0,0,0,0,0,0,0,0,0,0,0,0,0,0,0,0,0,0,0,0,0,0,0,0,0,0,4294967295,4294967295,4294967295,4294967295,4294967295,4294967295,4294967295,4294967295,4294967295,4294967295
642,0.100000001,261,261,1,512,1,511,0,511,1,519,33280,19636,13644,13644,0,5,19631,0,0,0,23,1,17,0,1048576,0,0,0,inf,0.946609497,1.12649536,inf,0,0,0,0,0,0,0,0,0,0,0,0,0,0,0,0,0,0,0,0,0,0,0,1,0,0,0,0,0,0,0,0,0,0,0,0,0,0,0,0,0,0,0,0,0,0,0,0,0,0,0,0,0,0,0,0,0,0,0,0,0,0,0,0,0,0,0,0,0,0,0,0,0,0,0,0,0,0,0,0,0,0,0,0,0,0,0,0,0,12,36,36,4294967295,26,4294967295,4294967295,4294967295,4294967295,4294967295
643,1,261,261,1,512,20,492,7,492,13,507,33280,4059,29221,29221,0,52,4007,0,0,0,1023,10,17,0,1048576,0,0,0,inf,1.0239563,1.66662598,1.00732422,0,0,0,0,0,0,0,0,0,0,0,0,0,0,0,0,0,0,0,0,0,0,0,1023,0,0,0,0,0,0,0,0,0,0,0,0,0,0,0,0,0,0,0,0,0,0,0,0,0,0,0,0,0,0,0,0,0,0,0,0,0,0,0,0,0,0,0,0,0,0,0,0,0,0,0,0,0,0,0,0,0,0,0,0,0,0,0,0,0,1,1,19,2,1,2,1,2,2,10
644,0,261,261,1,512,0,512,0,512,0,520,33280,16719,16561,16561,0,4,16715,0,0,0,417,0,17,0,1048576,0,0,0,inf,0.979675293,1.20477295,inf,0,0,0,0,0,0,0,0,0,0,0,0,0,0,0,0,0,0,0,0,0,0,0,0,0,0,0,0,0,0,0,0,0,0,0,0,0,0,0,0,0,0,0,0,0,0,0,0,0,0,0,0,0,0,0,0,0,0,0,0,0,0,0,0,0,0,0,0,0,0,0,0,0,0,0,0,0,0,0,0,0,0,0,0,0,0,0,0,0,133,4294967295,4294967295,4294967295,4294967295,176,4294967295,188,188,4294967295
645,0,261,261,1,512,0,512,0,512,0,520,33280,12452,20828,20828,0,1,12451,0,0,0,1,0,17,0,1048576,0,0,0,inf,0.682006836,0.867538452,inf,0,0,0,0,0,0,0,0,0,0,0,0,0,0,0,0,0,0,0,0,0,0,0,0,0,0,0,0,0,0,0,0,0,0,0,0,0,0,0,0,0,0,0,0,0,0,0,0,0,0,0,0,0,0,0,0,0,0,0,0,0,0,0,0,0,0,0,0,0,0,0,0,0,0,0,0,0,0,0,0,0,0,0,0,0,0,0,0,0,63,4294967295,4294967295,4294967295,4294967295,4294967295,4294967295,4294967295,4294967295,4294967295
646,0.100000001,261,261,1,512,0,512,0,512,0,520,33280,20095,13185,13185,0,6,20089,0,0,0,295,1,17,0,1048576,0,0,0,inf,0.938781738,1.09437561,inf,0,0,0,0,0,0,0,0,0,0,0,0,0,0,0,0,0,0,0,0,0,0,0,32,0,0,0,0,0,0,0,0,0,0,0,0,0,0,0,0,0,0,0,0,0,0,0,0,0,0,0,0,0,0,0,0,0,0,0,0,0,0,0,0,0,0,0,0,0,0,0,0,0,0,0,0,0,0,0,0,0,0,0,0,0,0,0,0,0,5,11,140,4294967295,4294967295,259,4294967295,4294967295,203,4294967295
647,0,261,261,1,512,0,512,0,512,0,520,33280,24321,8959,8959,0,4,24317,0,0,0,39,0,17,0,1048576,0,0,0,inf,0.77192688,0.909439087,inf,0,0,0,0,0,0,0,0,0,0,0,0,0,0,0,0,0,0,0,0,0,0,0,0,0,0,0,0,0,0,0,0,0,0,0,0,0,0,0,0,0,0,0,0,0,0,0,0,0,0,0,0,0,0,0,0,0,0,0,0,0,0,0,0,0,0,0,0,0,0,0,0,0,0,0,0,0,0,0,0,0,0,0,0,0,0,0,0,0,14,218,220,4294967295,4294967295,29,4294967295,4294967295,4294967295,4294967295
648,0,261,261,1,512,0,512,0,512,0,520,33280,9182,24098,24098,0,0,9182,0,0,0,0,0,17,0,1048576,0,0,0,inf,0.422348022,0.624710083,inf,0,0,0,0,0,0,0,0,0,0,0,0,0,0,0,0,0,0,0,0,0,0,0,0,0,0,0,0,0,0,0,0,0,0,0,0,0,0,0,0,0,0,0,0,0,0,0,0,0,0,0,0,0,0,0,0,0,0,0,0,0,0,0,0,0,0,0,0,0,0,0,0,0,0,0,0,0,0,0,0,0,0,0,0,0,0,0,0,0,4294967295,4294967295,4294967295,4294967295,4294967295,4294967295,4294967295,4294967295,4294967295,4294967295
649,0,261,261,1,512,0,512,0,512,0,520,33280,22396,10884,10884,0,0,22396,0,0,0,0,0,17,0,1048576,0,0,0,inf,1.02061462,1.13687134,inf,0,0,0,0,0,0,0,0,0,0,0,0,0,0,0,0,0,0,0,0,0,0,0,0,0,0,0,0,0,0,0,0,0,0,0,0,0,0,0,0,0,0,0,0,0,0,0,0,0,0,0,0,0,0,0,0,0,0,0,0,0,0,0,0,0,0,0,0,0,0,0,0,0,0,0,0,0,0,0,0,0,0,0,0,0,0,0,0,0,4294967295,4294967295,4294967295,4294967295,4294967295,4294967295,4294967295,4294967295,4294967295,4294967295
650,0.300000012,261,261,1,512,3,509,2,509,1,519,33280,21223,12057,12057,0,17,21206,0,0,0,15,3,17,0,1048576,0,0,0,inf,1.00566101,1.12919617,inf,0,0,0,0,0,0,0,0,0,0,0,0,0,0,0,0,0,0,0,0,0,0,0,7,0,0,0,0,0,0,0,0,0,0,0,0,0,0,0,0,0,0,0,0,0,0,0,0,0,0,0,0,0,0,0,0,0,0,0,0,0,0,0,0,0,0,0,0,0,0,0,0,0,0,0,0,0,0,0,0,0,0,0,0,0,0,0,0,0,6,7,195,11,4294967295,4294967295,4294967295,4294967295,4294967295,4294967295
651,0.100000001,261,261,1,512,1,511,0,511,1,519,33280,18989,14291,14291,0,1,18988,0,0,0,1,1,17,0,1048576,0,0,0,inf,1.20228577,1.42698669,inf,0,0,0,0,0,0,0,0,0,0,0,0,0,0,0,0,0,0,0,0,0,0,0,1,0,0,0,0,0,0,0,0,0,0,0,0,0,0,0,0,0,0,0,0,0,0,0,0,0,0,0,0,0,0,0,0,0,0,0,0,0,0,0,0,0,0,0,0,0,0,0,0,0,0,0,0,0,0,0,0,0,0,0,0,0,0,0,0,0,34,4294967295,4294967295,4294967295,4294967295,4294967295,4294967295,4294967295,4294967295,4294967295
652,0,261,261,1,512,0,512,0,512,0,520,33280,16270,17010,17010,0,2,16268,0,0,0,3,0,17,0,1048576,0,0,0,inf,1.29266357,1.50418091,inf,0,0,0,0,0,0,0,0,0,0,0,0,0,0,0,0,0,0,0,0,0,0,0,0,0,0,0,0,0,0,0,0,0,0,0,0,0,0,0,0,0,0,0,0,0,0,0,0,0,0,0,0,0,0,0,0,0,0,0,0,0,0,0,0,0,0,0,0,0,0,0,0,0,0,0,0,0,0,0,0,0,0,0,0,0,0,0,0,0,60,107,4294967295,4294967295,4294967295,4294967295,4294967295,4294967295,4294967295,4294967295
653,0,261,261,1,512,0,512,0,512,0,520,33280,9854,23426,23426,0,0,9854,0,0,0,0,0,17,0,1048576,0,0,0,inf,1.10626221,1.47247314,inf,0,0,0,0,0,0,0,0,0,0,0,0,0,0,0,0,0,0,0,0,0,0,0,0,0,0,0,0,0,0,0,0,0,0,0,0,0,0,0,0,0,0,0,0,0,0,0,0,0,0,0,0,0,0,0,0,0,0,0,0,0,0,0,0,0,0,0,0,0,0,0,0,0,0,0,0,0,0,0,0,0,0,0,0,0,0,0,0,0,4294967295,4294967295,4294967295,4294967295,4294967295,4294967295,4294967295,4294967295,4294967295,4294967295
654,0.899999976,261,261,1,512,9,503,2,503,7,513,33280,7766,25514,25514,0,33,7733,0,0,0,1023,9,17,0,1048576,0,0,0,inf,0.752960205,1.06045532,inf,0,0,0,0,0,0,0,0,0,0,0,0,0,0,0,0,0,0,0,0,0,0,0,511,0,0,0,0,0,0,0,0,0,0,0,0,0,0,0,0,0,0,0,0,0,0,0,0,0,0,0,0,0,0,0,0,0,0,0,0,0,0,0,0,0,0,0,0,0,0,0,0,0,0,0,0,0,0,0,0,0,0,0,0,0,0,0,0,0,1,2,2,1,2,3,1,6,5,8
655,0,261,261,1,512,0,512,0,512,0,520,33280,21314,11966,11966,0,0,21314,0,0,0,0,0,17,0,1048576,0,0,0,inf,1.1000061,1.21081543,inf,0,0,0,0,0,0,0,0,0,0,0,0,0,0,0,0,0,0,0,0,0,0,0,0,0,0,0,0,0,0,0,0,0,0,0,0,0,0,0,0,0,0,0,0,0,0,0,0,0,0,0,0,0,0,0,0,0,0,0,0,0,0,0,0,0,0,0,0,0,0,0,0,0,0,0,0,0,0,0,0,0,0,0,0,0,0,0,0,0,4294967295,4294967295,4294967295,4294967295,4294967295,4294967295,4294967295,4294967295,4294967295,4294967295
656,0.200000003,261,261,1,512,2,510,0,510,2,518,33280,8061,25219,25219,0,3,8058,0,0,0,7,2,17,0,1048576,0,0,0,inf,0.816513062,1.44836426,inf,0,0,0,0,0,0,0,0,0,0,0,0,0,0,0,0,0,0,0,0,0,0,0,3,0,0,0,0,0,0,0,0,0,0,0,0,0,0,0,0,0,0,0,0,0,0,0,0,0,0,0,0,0,0,0,0,0,0,0,0,0,0,0,0,0,0,0,0,0,0,0,0,0,0,0,0,0,0,0,0,0,0,0,0,0,0,0,0,0,4,116,48,4294967295,4294967295,4294967295,4294967295,4294967295,4294967295,4294967295
657,0.899999976,261,261,1,512,10,502,1,502,9,511,33280,19417,13863,13863,0,40,19377,0,0,0,991,10,17,0,1048576,0,0,0,inf,1.14530945,1.29264832,1.17478943,0,0,0,0,0,0,0,0,0,0,0,0,0,0,0,0,0,0,0,0,0,0,0,991,0,0,0,0,0,0,0,0,0,0,0,0,0,0,0,0,0,0,0,0,0,0,0,0,0,0,0,0,0,0,0,0,0,0,0,0,0,0,0,0,0,0,0,0,0,0,0,0,0,0,0,0,0,0,0,0,0,0,0,0,0,0,0,0,0,4,5,4,5,12,4294967295,5,12,5,120
658,0,261,261,1,512,0,512,0,512,0,520,33280,15617,17663,17663,0,4,15613,0,0,0,13,0,17,0,1048576,0,0,0,inf,0.869384766,1.0579834,inf,0,0,0,0,0,0,0,0,0,0,0,0,0,0,0,0,0,0,0,0,0,0,0,0,0,0,0,0,0,0,0,0,0,0,0,0,0,0,0,0,0,0,0,0,0,0,0,0,0,0,0,0,0,0,0,0,0,0,0,0,0,0,0,0,0,0,0,0,0,0,0,0,0,0,0,0,0,0,0,0,0,0,0,0,0,0,0,0,0,2,4294967295,14,67,4294967295,4294967295,4294967295,4294967295,4294967295,4294967295
659,0,261,261,1,512,0,512,0,512,0,520,33280,21616,11664,11664,0,1,21615,0,0,0,1,0,17,0,1048576,0,0,0,inf,0.899673462,1.00840759,inf,0,0,0,0,0,0,0,0,0,0,0,0,0,0,0,0,0,0,0,0,0,0,0,0,0,0,0,0,0,0,0,0,0,0,0,0,0,0,0,0,0,0,0,0,0,0,0,0,0,0,0,0,0,0,0,0,0,0,0,0,0,0,0,0,0,0,0,0,0,0,0,0,0,0,0,0,0,0,0,0,0,0,0,0,0,0,0,0,0,144,4294967295,4294967295,4294967295,4294967295,4294967295,4294967295,4294967295,4294967295,4294967295
660,1,261,261,1,512,181,331,25,331,156,364,33280,6545,26735,26735,0,420,6125,0,0,0,1023,10,17,0,1048576,0,0,0,inf,0.730331421,1.03552246,0.478561401,0,0,0,0,0,0,0,0,0,0,0,0,0,0,0,0,0,0,0,0,0,0,0,1023,0,0,0,0,0,0,0,0,0,0,0,0,0,0,0,0,0,0,0,0,0,0,0,0,0,0,0,0,0,0,0,0,0,0,0,0,0,0,0,0,0,0,0,0,0,0,0,0,0,0,0,0,0,0,0,0,0,0,0,0,0,0,0,0,0,3,3,6,3,5,3,2,4,2,4
661,0,261,261,1,512,0,512,0,512,0,520,33280,11074,22206,22206,0,5,11069,0,0,0,49,0,17,0,1048576,0,0,0,inf,1.00289917,1.23794556,inf,0,0,0,0,0,0,0,0,0,0,0,0,0,0,0,0,0,0,0,0,0,0,0,0,0,0,0,0,0,0,0,0,0,0,0,0,0,0,0,0,0,0,0,0,0,0,0,0,0,0,0,0,0,0,0,0,0,0,0,0,0,0,0,0,0,0,0,0,0,0,0,0,0,0,0,0,0,0,0,0,0,0,0,0,0,0,0,0,0,72,4294967295,4294967295,4294967295,138,81,4294967295,4294967295,4294967295,4294967295
662,1,261,261,1,512,28,484,3,484,25,495,33280,8905,24375,24375,0,75,8830,0,0,0,1023,10,17,0,1048576,0,0,0,inf,0.531539917,0.887069702,0.412948608,0,0,0,0,0,0,0,0,0,0,0,0,0,0,0,0,0,0,0,0,0,0,0,1023,0,0,0,0,0,0,0,0,0,0,0,0,0,0,0,0,0,0,0,0,0,0,0,0,0,0,0,0,0,0,0,0,0,0,0,0,0,0,0,0,0,0,0,0,0,0,0,0,0,0,0,0,0,0,0,0,0,0,0,0,0,0,0,0,0,4,5,7,4,5,8,5,9,6,17
663,1,261,261,1,512,22,490,6,490,16,504,33280,12454,20826,20826,0,112,12342,0,0,0,1023,10,17,0,1048576,0,0,0,inf,1.07254028,1.26170349,1.00538635,0,0,0,0,0,0,0,0,0,0,0,0,0,0,0,0,0,0,0,0,0,0,0,1023,0,0,0,0,0,0,0,0,0,0,0,0,0,0,0,0,0,0,0,0,0,0,0,0,0,0,0,0,0,0,0,0,0,0,0,0,0,0,0,0,0,0,0,0,0,0,0,0,0,0,0,0,0,0,0,0,0,0,0,0,0,0,0,0,0,3,3,4,1,4,2,14,16,2,23
664,0,261,261,1,512,0,512,0,512,0,520,33280,17897,15383,15383,0,0,17897,0,0,0,0,0,17,0,1048576,0,0,0,inf,0.895385742,1.05857849,inf,0,0,0,0,0,0,0,0,0,0,0,0,0,0,0,0,0,0,0,0,0,0,0,0,0,0,0,0,0,0,0,0,0,0,0,0,0,0,0,0,0,0,0,0,0,0,0,0,0,0,0,0,0,0,0,0,0,0,0,0,0,0,0,0,0,0,0,0,0,0,0,0,0,0,0,0,0,0,0,0,0,0,0,0,0,0,0,0,0,4294967295,4294967295,4294967295,4294967295,4294967295,4294967295,4294967295,4294967295,4294967295,4294967295
665,0,261,261,1,512,0,512,0,512,0,520,33280,11974,21306,21306,0,1,11973,0,0,0,1,0,17,0,1048576,0,0,0,inf,0.522216797,0.669998169,inf,0,0,0,0,0,0,0,0,0,0,0,0,0,0,0,0,0,0,0,0,0,0,0,0,0,0,0,0,0,0,0,0,0,0,0,0,0,0,0,0,0,0,0,0,0,0,0,0,0,0,0,0,0,0,0,0,0,0,0,0,0,0,0,0,0,0,0,0,0,0,0,0,0,0,0,0,0,0,0,0,0,0,0,0,0,0,0,0,0,74,4294967295,4294967295,4294967295,4294967295,4294967295,4294967295,4294967295,4294967295,4294967295
666,0.100000001,261,261,1,512,1,511,0,511,1,519,33280,13474,19806,19806,0,5,13469,0,0,0,143,1,17,0,1048576,0,0,0,inf,0.643630981,0.785385132,inf,0,0,0,0,0,0,0,0,0,0,0,0,0,0,0,0,0,0,0,0,0,0,0,1,0,0,0,0,0,0,0,0,0,0,0,0,0,0,0,0,0,0,0,0,0,0,0,0,0,0,0,0,0,0,0,0,0,0,0,0,0,0,0,0,0,0,0,0,0,0,0,0,0,0,0,0,0,0,0,0,0,0,0,0,0,0,0,0,0,14,107,80,146,4294967295,4294967295,4294967295,35,4294967295,4294967295
667,0,261,261,1,512,0,512,0,512,0,520,33280,21952,11328,11328,0,4,21948,0,0,0,296,0,17,0,1048576,0,0,0,inf,1.03343201,1.14282227,inf,0,0,0,0,0,0,0,0,0,0,0,0,0,0,0,0,0,0,0,0,0,0,0,0,0,0,0,0,0,0,0,0,0,0,0,0,0,0,0,0,0,0,0,0,0,0,0,0,0,0,0,0,0,0,0,0,0,0,0,0,0,0,0,0,0,0,0,0,0,0,0,0,0,0,0,0,0,0,0,0,0,0,0,0,0,0,0,0,0,4294967295,4294967295,4294967295,105,4294967295,225,4294967295,4294967295,199,4294967295
668,0.300000012,261,261,1,512,3,509,1,509,2,518,33280,12575,20705,20705,0,4,12571,0,0,0,23,3,17,0,1048576,0,0,0,inf,0.810409546,1.02203369,inf,0,0,0,0,0,0,0,0,0,0,0,0,0,0,0,0,0,0,0,0,0,0,0,7,0,0,0,0,0,0,0,0,0,0,0,0,0,0,0,0,0,0,0,0,0,0,0,0,0,0,0,0,0,0,0,0,0,0,0,0,0,0,0,0,0,0,0,0,0,0,0,0,0,0,0,0,0,0,0,0,0,0,0,0,0,0,0,0,0,12,12,254,4294967295,157,4294967295,4294967295,4294967295,4294967295,4294967295
669,0,261,261,1,512,0,512,0,512,0,520,33280,12479,20801,20801,0,3,12476,0,0,0,49,0,17,0,1048576,0,0,0,inf,0.814193726,1.04110718,inf,0,0,0,0,0,0,0,0,0,0,0,0,0,0,0,0,0,0,0,0,0,0,0,0,0,0,0,0,0,0,0,0,0,0,0,0,0,0,0,0,0,0,0,0,0,0,0,0,0,0,0,0,0,0,0,0,0,0,0,0,0,0,0,0,0,0,0,0,0,0,0,0,0,0,0,0,0,0,0,0,0,0,0,0,0,0,0,0,0,19,4294967295,4294967295,4294967295,247,247,4294967295,4294967295,4294967295,4294967295
670,0,261,261,1,512,0,512,0,512,0,520,33280,22029,11251,11251,0,0,22029,0,0,0,0,0,17,0,1048576,0,0,0,inf,0.89352417,1.02618408,inf,0,0,0,0,0,0,0,0,0,0,0,0,0,0,0,0,0,0,0,0,0,0,0,0,0,0,0,0,0,0,0,0,0,0,0,0,0,0,0,0,0,0,0,0,0,0,0,0,0,0,0,0,0,0,0,0,0,0,0,0,0,0,0,0,0,0,0,0,0,0,0,0,0,0,0,0,0,0,0,0,0,0,0,0,0,0,0,0,0,4294967295,4294967295,4294967295,4294967295,4294967295,4294967295,4294967295,4294967295,4294967295,4294967295
671,0.300000012,261,261,1,512,3,509,1,509,2,518,33280,8880,24400,24400,0,7,8873,0,0,0,31,3,17,0,1048576,0,0,0,inf,0.311050415,0.579360962,inf,0,0,0,0,0,0,0,0,0,0,0,0,0,0,0,0,0,0,0,0,0,0,0,11,0,0,0,0,0,0,0,0,0,0,0,0,0,0,0,0,0,0,0,0,0,0,0,0,0,0,0,0,0,0,0,0,0,0,0,0,0,0,0,0,0,0,0,0,0,0,0,0,0,0,0,0,0,0,0,0,0,0,0,0,0,0,0,0,0,4,16,43,243,253,4294967295,4294967295,4294967295,4294967295,4294967295
672,0.899999976,261,261,1,512,9,503,0,503,9,511,33280,11794,21486,21486,0,42,11752,0,0,0,1023,9,17,0,1048576,0,0,0,inf,0.815872192,1.04020691,inf,0,0,0,0,0,0,0,0,0,0,0,0,0,0,0,0,0,0,0,0,0,0,0,511,0,0,0,0,0,0,0,0,0,0,0,0,0,0,0,0,0,0,0,0,0,0,0,0,0,0,0,0,0,0,0,0,0,0,0,0,0,0,0,0,0,0,0,0,0,0,0,0,0,0,0,0,0,0,0,0,0,0,0,0,0,0,0,0,0,4,4,4,5,6,2,5,6,10,41
673,0,261,261,1,512,0,512,0,512,0,520,33280,9148,24132,24132,0,6,9142,0,0,0,311,0,17,0,1048576,0,0,0,inf,1.10641479,1.42330933,inf,0,0,0,0,0,0,0,0,0,0,0,0,0,0,0,0,0,0,0,0,0,0,0,0,0,0,0,0,0,0,0,0,0,0,0,0,0,0,0,0,0,0,0,0,0,0,0,0,0,0,0,0,0,0,0,0,0,0,0,0,0,0,0,0,0,0,0,0,0,0,0,0,0,0,0,0,0,0,0,0,0,0,0,0,0,0,0,0,0,47,112,112,4294967295,7,75,4294967295,4294967295,95,4294967295
674,0,261,261,1,512,0,512,0,512,0,520,33280,13839,19441,19441,0,2,13837,0,0,0,5,0,17,0,1048576,0,0,0,inf,1.1071167,1.32629395,inf,0,0,0,0,0,0,0,0,0,0,0,0,0,0,0,0,0,0,0,0,0,0,0,0,0,0,0,0,0,0,0,0,0,0,0,0,0,0,0,0,0,0,0,0,0,0,0,0,0,0,0,0,0,0,0,0,0,0,0,0,0,0,0,0,0,0,0,0,0,0,0,0,0,0,0,0,0,0,0,0,0,0,0,0,0,0,0,0,0,14,4294967295,89,4294967295,4294967295,4294967295,4294967295,4294967295,4294967295,4294967295
675,0,261,261,1,512,0,512,0,512,0,520,33280,17674,15606,15606,0,2,17672,0,0,0,5,0,17,0,1048576,0,0,0,inf,0.762420654,0.910552979,inf,0,0,0,0,0,0,0,0,0,0,0,0,0,0,0,0,0,0,0,0,0,0,0,0,0,0,0,0,0,0,0,0,0,0,0,0,0,0,0,0,0,0,0,0,0,0,0,0,0,0,0,0,0,0,0,0,0,0,0,0,0,0,0,0,0,0,0,0,0,0,0,0,0,0,0,0,0,0,0,0,0,0,0,0,0,0,0,0,0,119,4294967295,48,4294967295,4294967295,4294967295,4294967295,4294967295,4294967295,4294967295
676,0.100000001,261,261,1,512,1,511,0,511,1,519,33280,12105,21175,21175,0,2,12103,0,0,0,3,1,17,0,1048576,0,0,0,inf,1.14152527,1.4289856,inf,0,0,0,0,0,0,0,0,0,0,0,0,0,0,0,0,0,0,0,0,0,0,0,1,0,0,0,0,0,0,0,0,0,0,0,0,0,0,0,0,0,0,0,0,0,0,0,0,0,0,0,0,0,0,0,0,0,0,0,0,0,0,0,0,0,0,0,0,0,0,0,0,0,0,0,0,0,0,0,0,0,0,0,0,0,0,0,0,0,6,17,4294967295,4294967295,4294967295,4294967295,4294967295,4294967295,4294967295,4294967295
677,0.899999976,261,261,1,512,10,502,2,502,8,512,33280,16942,16338,16338,0,69,16873,0,0,0,1023,10,17,0,1048576,0,0,0,inf,1.04821777,1.18331909,1.09997559,0,0,0,0,0,0,0,0,0,0,0,0,0,0,0,0,0,0,0,0,0,0,0,511,0,0,0,0,0,0,0,0,0,0,0,0,0,0,0,0,0,0,0,0,0,0,0,0,0,0,0,0,0,0,0,0,0,0,0,0,0,0,0,0,0,0,0,0,0,0,0,0,0,0,0,0,0,0,0,0,0,0,0,0,0,0,0,0,0,50,35,6,29,14,5,63,22,5,21
678,0.5,261,261,1,512,5,507,2,507,3,517,33280,18971,14309,14309,0,87,18884,0,0,0,1023,6,17,0,1048576,0,0,0,inf,1.05851746,1.21237183,inf,0,0,0,0,0,0,0,0,0,0,0,0,0,0,0,0,0,0,0,0,0,0,0,31,0,0,0,0,0,0,0,0,0,0,0,0,0,0,0,0,0,0,0,0,0,0,0,0,0,0,0,0,0,0,0,0,0,0,0,0,0,0,0,0,0,0,0,0,0,0,0,0,0,0,0,0,0,0,0,0,0,0,0,0,0,0,0,0,0,1,6,59,15,92,62,72,2,35,171
679,1,261,261,1,512,24,488,4,488,20,500,33280,13309,19971,19971,0,106,13203,0,0,0,1023,10,17,0,1048576,0,0,0,inf,0.749130249,0.903656006,0.69770813,0,0,0,0,0,0,0,0,0,0,0,0,0,0,0,0,0,0,0,0,0,0,0,1023,0,0,0,0,0,0,0,0,0,0,0,0,0,0,0,0,0,0,0,0,0,0,0,0,0,0,0,0,0,0,0,0,0,0,0,0,0,0,0,0,0,0,0,0,0,0,0,0,0,0,0,0,0,0,0,0,0,0,0,0,0,0,0,0,0,4,3,5,5,4,4,9,8,6,5
680,0.300000012,261,261,1,512,3,509,0,509,3,517,33280,21803,11477,11477,0,12,21791,0,0,0,879,3,17,0,1048576,0,0,0,inf,1.03157043,1.16740417,inf,0,0,0,0,0,0,0,0,0,0,0,0,0,0,0,0,0,0,0,0,0,0,0,7,0,0,0,0,0,0,0,0,0,0,0,0,0,0,0,0,0,0,0,0,0,0,0,0,0,0,0,0,0,0,0,0,0,0,0,0,0,0,0,0,0,0,0,0,0,0,0,0,0,0,0,0,0,0,0,0,0,0,0,0,0,0,0,0,0,17,17,146,41,4294967295,26,134,4294967295,100,8
681,0,261,261,1,512,0,512,0,512,0,520,33280,20583,12697,12697,0,1,20582,0,0,0,0,0,17,0,1048576,0,0,0,inf,1.07446289,1.24845886,inf,0,0,0,0,0,0,0,0,0,0,0,0,0,0,0,0,0,0,0,0,0,0,0,0,0,0,0,0,0,0,0,0,0,0,0,0,0,0,0,0,0,0,0,0,0,0,0,0,0,0,0,0,0,0,0,0,0,0,0,0,0,0,0,0,0,0,0,0,0,0,0,0,0,0,0,0,0,0,0,0,0,0,0,0,0,0,0,0,0,4294967295,4294967295,4294967295,4294967295,4294967295,4294967295,4294967295,4294967295,4294967295,4294967295
682,0.200000003,261,261,1,512,2,510,0,510,2,518,33280,16191,17089,17089,0,18,16173,0,0,0,475,2,17,0,1048576,0,0,0,inf,1.04112244,1.22410583,inf,0,0,0,0,0,0,0,0,0,0,0,0,0,0,0,0,0,0,0,0,0,0,0,3,0,0,0,0,0,0,0,0,0,0,0,0,0,0,0,0,0,0,0,0,0,0,0,0,0,0,0,0,0,0,0,0,0,0,0,0,0,0,0,0,0,0,0,0,0,0,0,0,0,0,0,0,0,0,0,0,0,0,0,0,0,0,0,0,0,32,15,4294967295,118,36,4294967295,201,94,145,4294967295
683,0.100000001,261,261,1,512,1,511,1,511,0,520,33280,6468,26812,26812,0,1,6467,0,0,0,1,1,17,0,1048576,0,0,0,inf,0.476486206,0.846557617,inf,0,0,0,0,0,0,0,0,0,0,0,0,0,0,0,0,0,0,0,0,0,0,0,1,0,0,0,0,0,0,0,0,0,0,0,0,0,0,0,0,0,0,0,0,0,0,0,0,0,0,0,0,0,0,0,0,0,0,0,0,0,0,0,0,0,0,0,0,0,0,0,0,0,0,0,0,0,0,0,0,0,0,0,0,0,0,0,0,0,82,4294967295,4294967295,4294967295,4294967295,4294967295,4294967295,4294967295,4294967295,4294967295
684,0,261,261,1,512,0,512,0,512,0,520,33280,6103,27177,27177,0,0,6103,0,0,0,0,0,17,0,1048576,0,0,0,inf,0.782165527,1.25532532,inf,0,0,0,0,0,0,0,0,0,0,0,0,0,0,0,0,0,0,0,0,0,0,0,0,0,0,0,0,0,0,0,0,0,0,0,0,0,0,0,0,0,0,0,0,0,0,0,0,0,0,0,0,0,0,0,0,0,0,0,0,0,0,0,0,0,0,0,0,0,0,0,0,0,0,0,0,0,0,0,0,0,0,0,0,0,0,0,0,0,4294967295,4294967295,4294967295,4294967295,4294967295,4294967295,4294967295,4294967295,4294967295,4294967295
685,1,261,261,1,512,33,479,7,479,26,494,33280,16978,16302,16302,0,126,16852,0,0,0,1023,10,17,0,1048576,0,0,0,inf,0.945251465,1.10310364,0.759109497,0,0,0,0,0,0,0,0,0,0,0,0,0,0,0,0,0,0,0,0,0,0,0,1023,0,0,0,0,0,0,0,0,0,0,0,0,0,0,0,0,0,0,0,0,0,0,0,0,0,0,0,0,0,0,0,0,0,0,0,0,0,0,0,0,0,0,0,0,0,0,0,0,0,0,0,0,0,0,0,0,0,0,0,0,0,0,0,0,0,3,3,3,4,4,4,10,4,5,4
686,1,261,261,1,512,239,273,32,273,207,313,33280,6403,26877,26877,0,581,5822,0,0,0,1023,10,17,0,1048576,0,0,0,inf,0.678909302,0.919311523,0.452819824,0,0,0,0,0,0,0,0,0,0,0,0,0,0,0,0,0,0,0,0,0,0,0,1023,0,0,0,0,0,0,0,0,0,0,0,0,0,0,0,0,0,0,0,0,0,0,0,0,0,0,0,0,0,0,0,0,0,0,0,0,0,0,0,0,0,0,0,0,0,0,0,0,0,0,0,0,0,0,0,0,0,0,0,0,0,0,0,0,0,2,7,3,2,2,4,3,7,2,4
687,0,261,261,1,512,0,512,0,512,0,520,33280,16700,16580,16580,0,1,16699,0,0,0,1,0,17,0,1048576,0,0,0,inf,0.749862671,0.935012817,inf,0,0,0,0,0,0,0,0,0,0,0,0,0,0,0,0,0,0,0,0,0,0,0,0,0,0,0,0,0,0,0,0,0,0,0,0,0,0,0,0,0,0,0,0,0,0,0,0,0,0,0,0,0,0,0,0,0,0,0,0,0,0,0,0,0,0,0,0,0,0,0,0,0,0,0,0,0,0,0,0,0,0,0,0,0,0,0,0,0,97,4294967295,4294967295,4294967295,4294967295,4294967295,4294967295,4294967295,4294967295,4294967295
688,0,261,261,1,512,0,512,0,512,0,520,33280,7445,25835,25835,0,2,7443,0,0,0,5,0,17,0,1048576,0,0,0,inf,0.546463013,0.839538574,inf,0,0,0,0,0,0,0,0,0,0,0,0,0,0,0,0,0,0,0,0,0,0,0,0,0,0,0,0,0,0,0,0,0,0,0,0,0,0,0,0,0,0,0,0,0,0,0,0,0,0,0,0,0,0,0,0,0,0,0,0,0,0,0,0,0,0,0,0,0,0,0,0,0,0,0,0,0,0,0,0,0,0,0,0,0,0,0,0,0,36,4294967295,130,4294967295,4294967295,4294967295,4294967295,4294967295,4294967295,4294967295
689,0.899999976,261,261,1,512,14,498,5,498,9,511,33280,7630,25650,25650,0,74,7556,0,0,0,1023,10,17,0,1048576,0,0,0,inf,0.685012817,0.988113403,0.744232178,0,0,0,0,0,0,0,0,0,0,0,0,0,0,0,0,0,0,0,0,0,0,0,511,0,0,0,0,0,0,0,0,0,0,0,0,0,0,0,0,0,0,0,0,0,0,0,0,0,0,0,0,0,0,0,0,0,0,0,0,0,0,0,0,0,0,0,0,0,0,0,0,0,0,0,0,0,0,0,0,0,0,0,0,0,0,0,0,0,3,4,41,19,21,10,8,4,26,5
690,0.200000003,261,261,1,512,2,510,0,510,2,518,33280,18188,15092,15092,0,24,18164,0,0,0,623,2,17,0,1048576,0,0,0,inf,0.873214722,1.00831604,inf,0,0,0,0,0,0,0,0,0,0,0,0,0,0,0,0,0,0,0,0,0,0,0,3,0,0,0,0,0,0,0,0,0,0,0,0,0,0,0,0,0,0,0,0,0,0,0,0,0,0,0,0,0,0,0,0,0,0,0,0,0,0,0,0,0,0,0,0,0,0,0,0,0,0,0,0,0,0,0,0,0,0,0,0,0,0,0,0,0,34,15,35,9,4294967295,212,12,4294967295,4294967295,114
691,0.100000001,261,261,1,512,1,511,0,511,1,519,33280,18121,15159,15159,0,12,18109,0,0,0,31,1,17,0,1048576,0,0,0,inf,0.991943359,1.16166687,inf,0,0,0,0,0,0,0,0,0,0,0,0,0,0,0,0,0,0,0,0,0,0,0,1,0,0,0,0,0,0,0,0,0,0,0,0,0,0,0,0,0,0,0,0,0,0,0,0,0,0,0,0,0,0,0,0,0,0,0,0,0,0,0,0,0,0,0,0,0,0,0,0,0,0,0,0,0,0,0,0,0,0,0,0,0,0,0,0,0,16,14,35,93,12,4294967295,4294967295,4294967295,4294967295,4294967295
692,0.100000001,261,261,1,512,1,511,0,511,1,519,33280,14404,18876,18876,0,3,14401,0,0,0,3,1,17,0,1048576,0,0,0,inf,0.831848145,1.03033447,inf,0,0,0,0,0,0,0,0,0,0,0,0,0,0,0,0,0,0,0,0,0,0,0,1,0,0,0,0,0,0,0,0,0,0,0,0,0,0,0,0,0,0,0,0,0,0,0,0,0,0,0,0,0,0,0,0,0,0,0,0,0,0,0,0,0,0,0,0,0,0,0,0,0,0,0,0,0,0,0,0,0,0,0,0,0,0,0,0,0,3,3,4294967295,4294967295,4294967295,4294967295,4294967295,4294967295,4294967295,4294967295
693,0.100000001,261,261,1,512,1,511,0,511,1,519,33280,20277,13003,13003,0,5,20272,0,0,0,5,1,17,0,1048576,0,0,0,inf,1.10691833,1.26617432,inf,0,0,0,0,0,0,0,0,0,0,0,0,0,0,0,0,0,0,0,0,0,0,0,1,0,0,0,0,0,0,0,0,0,0,0,0,0,0,0,0,0,0,0,0,0,0,0,0,0,0,0,0,0,0,0,0,0,0,0,0,0,0,0,0,0,0,0,0,0,0,0,0,0,0,0,0,0,0,0,0,0,0,0,0,0,0,0,0,0,1,4294967295,89,4294967295,4294967295,4294967295,4294967295,4294967295,4294967295,4294967295
694,0,261,261,1,512,0,512,0,512,0,520,33280,19348,13932,13932,0,0,19348,0,0,0,0,0,17,0,1048576,0,0,0,inf,0.892059326,1.06355286,inf,0,0,0,0,0,0,0,0,0,0,0,0,0,0,0,0,0,0,0,0,0,0,0,0,0,0,0,0,0,0,0,0,0,0,0,0,0,0,0,0,0,0,0,0,0,0,0,0,0,0,0,0,0,0,0,0,0,0,0,0,0,0,0,0,0,0,0,0,0,0,0,0,0,0,0,0,0,0,0,0,0,0,0,0,0,0,0,0,0,4294967295,4294967295,4294967295,4294967295,4294967295,4294967295,4294967295,4294967295,4294967295,4294967295
695,0,261,261,1,512,0,512,0,512,0,520,33280,11881,21399,21399,0,0,11881,0,0,0,0,0,17,0,1048576,0,0,0,inf,0.856338501,1.17703247,inf,0,0,0,0,0,0,0,0,0,0,0,0,0,0,0,0,0,0,0,0,0,0,0,0,0,0,0,0,0,0,0,0,0,0,0,0,0,0,0,0,0,0,0,0,0,0,0,0,0,0,0,0,0,0,0,0,0,0,0,0,0,0,0,0,0,0,0,0,0,0,0,0,0,0,0,0,0,0,0,0,0,0,0,0,0,0,0,0,0,4294967295,4294967295,4294967295,4294967295,4294967295,4294967295,4294967295,4294967295,4294967295,4294967295
696,0,261,261,1,512,0,512,0,512,0,520,33280,14866,18414,18414,0,3,14863,0,0,0,7,0,17,0,1048576,0,0,0,inf,0.937850952,1.13198853,inf,0,0,0,0,0,0,0,0,0,0,0,0,0,0,0,0,0,0,0,0,0,0,0,0,0,0,0,0,0,0,0,0,0,0,0,0,0,0,0,0,0,0,0,0,0,0,0,0,0,0,0,0,0,0,0,0,0,0,0,0,0,0,0,0,0,0,0,0,0,0,0,0,0,0,0,0,0,0,0,0,0,0,0,0,0,0,0,0,0,141,254,176,4294967295,4294967295,4294967295,4294967295,4294967295,4294967295,4294967295
697,0,261,261,1,512,0,512,0,512,0,520,33280,18395,14885,14885,0,2,18393,0,0,0,3,0,17,0,1048576,0,0,0,inf,0.925216675,1.13677979,inf,0,0,0,0,0,0,0,0,0,0,0,0,0,0,0,0,0,0,0,0,0,0,0,0,0,0,0,0,0,0,0,0,0,0,0,0,0,0,0,0,0,0,0,0,0,0,0,0,0,0,0,0,0,0,0,0,0,0,0,0,0,0,0,0,0,0,0,0,0,0,0,0,0,0,0,0,0,0,0,0,0,0,0,0,0,0,0,0,0,122,160,4294967295,4294967295,4294967295,4294967295,4294967295,4294967295,4294967295,4294967295
698,1,261,261,1,512,10,502,3,502,7,513,33280,13036,20244,20244,0,62,12974,0,0,0,1023,10,17,0,1048576,0,0,0,inf,1.11439514,1.36122131,1.13809204,0,0,0,0,0,0,0,0,0,0,0,0,0,0,0,0,0,0,0,0,0,0,0,1023,0,0,0,0,0,0,0,0,0,0,0,0,0,0,0,0,0,0,0,0,0,0,0,0,0,0,0,0,0,0,0,0,0,0,0,0,0,0,0,0,0,0,0,0,0,0,0,0,0,0,0,0,0,0,0,0,0,0,0,0,0,0,0,0,0,6,14,25,25,25,10,75,40,40,25
699,0.100000001,261,261,1,512,1,511,0,511,1,519,33280,20162,13118,13118,0,9,20153,0,0,0,23,1,17,0,1048576,0,0,0,inf,1.21133423,1.35786438,inf,0,0,0,0,0,0,0,0,0,0,0,0,0,0,0,0,0,0,0,0,0,0,0,1,0,0,0,0,0,0,0,0,0,0,0,0,0,0,0,0,0,0,0,0,0,0,0,0,0,0,0,0,0,0,0,0,0,0,0,0,0,0,0,0,0,0,0,0,0,0,0,0,0,0,0,0,0,0,0,0,0,0,0,0,0,0,0,0,0,5,18,88,4294967295,177,4294967295,4294967295,4294967295,4294967295,4294967295
700,0.100000001,261,261,1,512,1,511,1,511,0,520,33280,11363,21917,21917,0,8,11355,0,0,0,823,1,17,0,1048576,0,0,0,inf,0.370635986,0.555709839,inf,0,0,0,0,0,0,0,0,0,0,0,0,0,0,0,0,0,0,0,0,0,0,0,4,0,0,0,0,0,0,0,0,0,0,0,0,0,0,0,0,0,0,0,0,0,0,0,0,0,0,0,0,0,0,0,0,0,0,0,0,0,0,0,0,0,0,0,0,0,0,0,0,0,0,0,0,0,0,0,0,0,0,0,0,0,0,0,0,0,51,40,116,4294967295,85,29,4294967295,4294967295,133,81
701,0,261,261,1,512,0,512,0,512,0,520,33280,18835,14445,14445,0,7,18828,0,0,0,79,0,17,0,1048576,0,0,0,inf,0.931808472,1.07818604,inf,0,0,0,0,0,0,0,0,0,0,0,0,0,0,0,0,0,0,0,0,0,0,0,0,0,0,0,0,0,0,0,0,0,0,0,0,0,0,0,0,0,0,0,0,0,0,0,0,0,0,0,0,0,0,0,0,0,0,0,0,0,0,0,0,0,0,0,0,0,0,0,0,0,0,0,0,0,0,0,0,0,0,0,0,0,0,0,0,0,6,45,106,115,4294967295,4294967295,123,4294967295,4294967295,4294967295
702,0,261,261,1,512,0,512,0,512,0,520,33280,8506,24774,24774,0,1,8505,0,0,0,1,0,17,0,1048576,0,0,0,inf,1.53790283,1.83300781,inf,0,0,0,0,0,0,0,0,0,0,0,0,0,0,0,0,0,0,0,0,0,0,0,0,0,0,0,0,0,0,0,0,0,0,0,0,0,0,0,0,0,0,0,0,0,0,0,0,0,0,0,0,0,0,0,0,0,0,0,0,0,0,0,0,0,0,0,0,0,0,0,0,0,0,0,0,0,0,0,0,0,0,0,0,0,0,0,0,0,1,4294967295,4294967295,4294967295,4294967295,4294967295,4294967295,4294967295,4294967295,4294967295
703,0.100000001,261,261,1,512,1,511,0,511,1,519,33280,11107,22173,22173,0,15,11092,0,0,0,831,1,17,0,1048576,0,0,0,inf,1.11943054,1.33796692,inf,0,0,0,0,0,0,0,0,0,0,0,0,0,0,0,0,0,0,0,0,0,0,0,1,0,0,0,0,0,0,0,0,0,0,0,0,0,0,0,0,0,0,0,0,0,0,0,0,0,0,0,0,0,0,0,0,0,0,0,0,0,0,0,0,0,0,0,0,0,0,0,0,0,0,0,0,0,0,0,0,0,0,0,0,0,0,0,0,0,4,40,41,3,3,107,4294967295,4294967295,59,256
704,0.100000001,261,261,1,512,1,511,0,511,1,519,33280,12235,21045,21045,0,1,12234,0,0,0,1,1,17,0,1048576,0,0,0,inf,0.895812988,1.09100342,inf,0,0,0,0,0,0,0,0,0,0,0,0,0,0,0,0,0,0,0,0,0,0,0,1,0,0,0,0,0,0,0,0,0,0,0,0,0,0,0,0,0,0,0,0,0,0,0,0,0,0,0,0,0,0,0,0,0,0,0,0,0,0,0,0,0,0,0,0,0,0,0,0,0,0,0,0,0,0,0,0,0,0,0,0,0,0,0,0,0,12,4294967295,4294967295,4294967295,4294967295,4294967295,4294967295,4294967295,4294967295,4294967295
705,0.400000006,261,261,1,512,4,508,1,508,3,517,33280,12011,21269,21269,0,25,11986,0,0,0,959,4,17,0,1048576,0,0,0,inf,0.903945923,1.14013672,inf,0,0,0,0,0,0,0,0,0,0,0,0,0,0,0,0,0,0,0,0,0,0,0,23,0,0,0,0,0,0,0,0,0,0,0,0,0,0,0,0,0,0,0,0,0,0,0,0,0,0,0,0,0,0,0,0,0,0,0,0,0,0,0,0,0,0,0,0,0,0,0,0,0,0,0,0,0,0,0,0,0,0,0,0,0,0,0,0,0,4,6,39,52,131,65,4294967295,147,179,162
706,0.200000003,261,261,1,512,2,510,0,510,2,518,33280,14945,18335,18335,0,7,14938,0,0,0,95,2,17,0,1048576,0,0,0,inf,1.26173401,1.50271606,inf,0,0,0,0,0,0,0,0,0,0,0,0,0,0,0,0,0,0,0,0,0,0,0,3,0,0,0,0,0,0,0,0,0,0,0,0,0,0,0,0,0,0,0,0,0,0,0,0,0,0,0,0,0,0,0,0,0,0,0,0,0,0,0,0,0,0,0,0,0,0,0,0,0,0,0,0,0,0,0,0,0,0,0,0,0,0,0,0,0,2,0,68,7,1,4294967295,1,4294967295,4294967295,4294967295
707,0,261,261,1,512,0,512,0,512,0,520,33280,18298,14982,14982,0,26,18272,0,0,0,548,0,17,0,1048576,0,0,0,inf,1.11047363,1.33813477,inf,0,0,0,0,0,0,0,0,0,0,0,0,0,0,0,0,0,0,0,0,0,0,0,0,0,0,0,0,0,0,0,0,0,0,0,0,0,0,0,0,0,0,0,0,0,0,0,0,0,0,0,0,0,0,0,0,0,0,0,0,0,0,0,0,0,0,0,0,0,0,0,0,0,0,0,0,0,0,0,0,0,0,0,0,0,0,0,0,0,4294967295,4294967295,45,4294967295,4294967295,66,4294967295,4294967295,4294967295,236
708,0.800000012,261,261,1,512,8,504,1,504,7,513,33280,9329,23951,23951,0,12,9317,0,0,0,1023,8,17,0,1048576,0,0,0,inf,0.911056519,1.19647217,inf,0,0,0,0,0,0,0,0,0,0,0,0,0,0,0,0,0,0,0,0,0,0,0,255,0,0,0,0,0,0,0,0,0,0,0,0,0,0,0,0,0,0,0,0,0,0,0,0,0,0,0,0,0,0,0,0,0,0,0,0,0,0,0,0,0,0,0,0,0,0,0,0,0,0,0,0,0,0,0,0,0,0,0,0,0,0,0,0,0,1,2,2,2,2,2,9,35,18,67
709,0,261,261,1,512,0,512,0,512,0,520,33280,21364,11916,11916,0,2,21362,0,0,0,3,0,17,0,1048576,0,0,0,inf,0.96774292,1.09368896,inf,0,0,0,0,0,0,0,0,0,0,0,0,0,0,0,0,0,0,0,0,0,0,0,0,0,0,0,0,0,0,0,0,0,0,0,0,0,0,0,0,0,0,0,0,0,0,0,0,0,0,0,0,0,0,0,0,0,0,0,0,0,0,0,0,0,0,0,0,0,0,0,0,0,0,0,0,0,0,0,0,0,0,0,0,0,0,0,0,0,25,142,4294967295,4294967295,4294967295,4294967295,4294967295,4294967295,4294967295,4294967295
710,0,261,261,1,512,0,512,0,512,0,520,33280,19807,13473,13473,0,8,19799,0,0,0,42,0,17,0,1048576,0,0,0,inf,1.2195282,1.43231201,inf,0,0,0,0,0,0,0,0,0,0,0,0,0,0,0,0,0,0,0,0,0,0,0,0,0,0,0,0,0,0,0,0,0,0,0,0,0,0,0,0,0,0,0,0,0,0,0,0,0,0,0,0,0,0,0,0,0,0,0,0,0,0,0,0,0,0,0,0,0,0,0,0,0,0,0,0,0,0,0,0,0,0,0,0,0,0,0,0,0,4294967295,36,4294967295,152,4294967295,70,4294967295,4294967295,4294967295,4294967295
711,1,261,261,1,512,17,495,1,495,16,504,33280,19515,13765,13765,0,35,19480,0,0,0,1023,10,17,0,1048576,0,0,0,inf,1.01199341,1.14787292,0.916381836,0,0,0,0,0,0,0,0,0,0,0,0,0,0,0,0,0,0,0,0,0,0,0,1023,0,0,0,0,0,0,0,0,0,0,0,0,0,0,0,0,0,0,0,0,0,0,0,0,0,0,0,0,0,0,0,0,0,0,0,0,0,0,0,0,0,0,0,0,0,0,0,0,0,0,0,0,0,0,0,0,0,0,0,0,0,0,0,0,0,7,9,10,9,9,13,13,10,9,38
712,0.600000024,261,261,1,512,6,506,3,506,3,517,33280,12791,20489,20489,0,41,12750,0,0,0,767,6,17,0,1048576,0,0,0,inf,1.25788879,1.44775391,inf,0,0,0,0,0,0,0,0,0,0,0,0,0,0,0,0,0,0,0,0,0,0,0,159,0,0,0,0,0,0,0,0,0,0,0,0,0,0,0,0,0,0,0,0,0,0,0,0,0,0,0,0,0,0,0,0,0,0,0,0,0,0,0,0,0,0,0,0,0,0,0,0,0,0,0,0,0,0,0,0,0,0,0,0,0,0,0,0,0,3,6,3,63,8,12,119,255,4294967295,6
713,0,261,261,1,512,0,512,0,512,0,520,33280,5631,27649,27649,0,0,5631,0,0,0,0,0,17,0,1048576,0,0,0,inf,0.868972778,1.28268433,inf,0,0,0,0,0,0,0,0,0,0,0,0,0,0,0,0,0,0,0,0,0,0,0,0,0,0,0,0,0,0,0,0,0,0,0,0,0,0,0,0,0,0,0,0,0,0,0,0,0,0,0,0,0,0,0,0,0,0,0,0,0,0,0,0,0,0,0,0,0,0,0,0,0,0,0,0,0,0,0,0,0,0,0,0,0,0,0,0,0,4294967295,4294967295,4294967295,4294967295,4294967295,4294967295,4294967295,4294967295,4294967295,4294967295
714,0,261,261,1,512,0,512,0,512,0,520,33280,17299,15981,15981,0,8,17291,0,0,0,603,0,17,0,1048576,0,0,0,inf,1.01774597,1.14871216,inf,0,0,0,0,0,0,0,0,0,0,0,0,0,0,0,0,0,0,0,0,0,0,0,0,0,0,0,0,0,0,0,0,0,0,0,0,0,0,0,0,0,0,0,0,0,0,0,0,0,0,0,0,0,0,0,0,0,0,0,0,0,0,0,0,0,0,0,0,0,0,0,0,0,0,0,0,0,0,0,0,0,0,0,0,0,0,0,0,0,81,132,4294967295,53,125,4294967295,247,4294967295,4294967295,172
715,0.100000001,261,261,1,512,1,511,1,511,0,520,33280,7943,25337,25337,0,6,7937,0,0,0,95,1,17,0,1048576,0,0,0,inf,0.871154785,1.14360046,inf,0,0,0,0,0,0,0,0,0,0,0,0,0,0,0,0,0,0,0,0,0,0,0,4,0,0,0,0,0,0,0,0,0,0,0,0,0,0,0,0,0,0,0,0,0,0,0,0,0,0,0,0,0,0,0,0,0,0,0,0,0,0,0,0,0,0,0,0,0,0,0,0,0,0,0,0,0,0,0,0,0,0,0,0,0,0,0,0,0,6,5,116,28,107,4294967295,21,4294967295,4294967295,4294967295
716,0.400000006,261,261,1,512,4,508,0,508,4,516,33280,6802,26478,26478,0,4,6798,0,0,0,15,4,17,0,1048576,0,0,0,inf,0.704025269,0.996566772,inf,0,0,0,0,0,0,0,0,0,0,0,0,0,0,0,0,0,0,0,0,0,0,0,15,0,0,0,0,0,0,0,0,0,0,0,0,0,0,0,0,0,0,0,0,0,0,0,0,0,0,0,0,0,0,0,0,0,0,0,0,0,0,0,0,0,0,0,0,0,0,0,0,0,0,0,0,0,0,0,0,0,0,0,0,0,0,0,0,0,2,2,4,3,4294967295,4294967295,4294967295,4294967295,4294967295,4294967295
717,0.899999976,261,261,1,512,13,499,1,499,12,508,33280,12190,21090,21090,0,23,12167,0,0,0,1023,10,17,0,1048576,0,0,0,inf,0.721862793,0.952697754,0.635116577,0,0,0,0,0,0,0,0,0,0,0,0,0,0,0,0,0,0,0,0,0,0,0,511,0,0,0,0,0,0,0,0,0,0,0,0,0,0,0,0,0,0,0,0,0,0,0,0,0,0,0,0,0,0,0,0,0,0,0,0,0,0,0,0,0,0,0,0,0,0,0,0,0,0,0,0,0,0,0,0,0,0,0,0,0,0,0,0,0,1,2,2,2,3,3,3,4,3,3
718,0,261,261,1,512,0,512,0,512,0,520,33280,24507,8773,8773,0,2,24505,0,0,0,2,0,17,0,1048576,0,0,0,inf,0.948120117,1.0921936,inf,0,0,0,0,0,0,0,0,0,0,0,0,0,0,0,0,0,0,0,0,0,0,0,0,0,0,0,0,0,0,0,0,0,0,0,0,0,0,0,0,0,0,0,0,0,0,0,0,0,0,0,0,0,0,0,0,0,0,0,0,0,0,0,0,0,0,0,0,0,0,0,0,0,0,0,0,0,0,0,0,0,0,0,0,0,0,0,0,0,4294967295,34,4294967295,4294967295,4294967295,4294967295,4294967295,4294967295,4294967295,4294967295
719,0,261,261,1,512,0,512,0,512,0,520,33280,12530,20750,20750,0,1,12529,0,0,0,4,0,17,0,1048576,0,0,0,inf,0.621398926,0.780593872,inf,0,0,0,0,0,0,0,0,0,0,0,0,0,0,0,0,0,0,0,0,0,0,0,0,0,0,0,0,0,0,0,0,0,0,0,0,0,0,0,0,0,0,0,0,0,0,0,0,0,0,0,0,0,0,0,0,0,0,0,0,0,0,0,0,0,0,0,0,0,0,0,0,0,0,0,0,0,0,0,0,0,0,0,0,0,0,0,0,0,4294967295,4294967295,146,4294967295,4294967295,4294967295,4294967295,4294967295,4294967295,4294967295
720,1,261,261,1,512,29,483,4,483,25,495,33280,21525,11755,11755,0,87,21438,0,0,0,1023,10,17,0,1048576,0,0,0,inf,1.22653198,1.39775085,0.914764404,0,0,0,0,0,0,0,0,0,0,0,0,0,0,0,0,0,0,0,0,0,0,0,1023,0,0,0,0,0,0,0,0,0,0,0,0,0,0,0,0,0,0,0,0,0,0,0,0,0,0,0,0,0,0,0,0,0,0,0,0,0,0,0,0,0,0,0,0,0,0,0,0,0,0,0,0,0,0,0,0,0,0,0,0,0,0,0,0,0,4,8,5,4,5,5,5,5,5,5
721,0.300000012,261,261,1,512,3,509,1,509,2,518,33280,12403,20877,20877,0,10,12393,0,0,0,255,3,17,0,1048576,0,0,0,inf,0.69909668,0.90447998,inf,0,0,0,0,0,0,0,0,0,0,0,0,0,0,0,0,0,0,0,0,0,0,0,7,0,0,0,0,0,0,0,0,0,0,0,0,0,0,0,0,0,0,0,0,0,0,0,0,0,0,0,0,0,0,0,0,0,0,0,0,0,0,0,0,0,0,0,0,0,0,0,0,0,0,0,0,0,0,0,0,0,0,0,0,0,0,0,0,0,7,3,29,11,7,16,16,94,4294967295,4294967295
722,1,261,261,1,512,25,487,2,487,23,497,33280,22006,11274,11274,0,89,21917,0,0,0,1023,10,17,0,1048576,0,0,0,inf,1.01817322,1.19233704,0.799438477,0,0,0,0,0,0,0,0,0,0,0,0,0,0,0,0,0,0,0,0,0,0,0,1023,0,0,0,0,0,0,0,0,0,0,0,0,0,0,0,0,0,0,0,0,0,0,0,0,0,0,0,0,0,0,0,0,0,0,0,0,0,0,0,0,0,0,0,0,0,0,0,0,0,0,0,0,0,0,0,0,0,0,0,0,0,0,0,0,0,4,5,4,3,4,5,5,3,2,4
723,0.200000003,261,261,1,512,2,510,1,510,1,519,33280,19149,14131,14131,0,17,19132,0,0,0,191,2,17,0,1048576,0,0,0,inf,0.859069824,0.993286133,inf,0,0,0,0,0,0,0,0,0,0,0,0,0,0,0,0,0,0,0,0,0,0,0,3,0,0,0,0,0,0,0,0,0,0,0,0,0,0,0,0,0,0,0,0,0,0,0,0,0,0,0,0,0,0,0,0,0,0,0,0,0,0,0,0,0,0,0,0,0,0,0,0,0,0,0,0,0,0,0,0,0,0,0,0,0,0,0,0,0,21,7,2,180,151,25,4294967295,25,4294967295,4294967295
724,0,261,261,1,512,0,512,0,512,0,520,33280,24020,9260,9260,0,13,24007,0,0,0,559,0,17,0,1048576,0,0,0,inf,0.830169678,0.976119995,inf,0,0,0,0,0,0,0,0,0,0,0,0,0,0,0,0,0,0,0,0,0,0,0,0,0,0,0,0,0,0,0,0,0,0,0,0,0,0,0,0,0,0,0,0,0,0,0,0,0,0,0,0,0,0,0,0,0,0,0,0,0,0,0,0,0,0,0,0,0,0,0,0,0,0,0,0,0,0,0,0,0,0,0,0,0,0,0,0,0,170,100,97,175,4294967295,170,4294967295,4294967295,4294967295,190
725,0.5,261,261,1,512,5,507,2,507,3,517,33280,10564,22716,22716,0,24,10540,0,0,0,895,5,17,0,1048576,0,0,0,inf,0.640762329,0.826568604,inf,0,0,0,0,0,0,0,0,0,0,0,0,0,0,0,0,0,0,0,0,0,0,0,527,0,0,0,0,0,0,0,0,0,0,0,0,0,0,0,0,0,0,0,0,0,0,0,0,0,0,0,0,0,0,0,0,0,0,0,0,0,0,0,0,0,0,0,0,0,0,0,0,0,0,0,0,0,0,0,0,0,0,0,0,0,0,0,0,0,34,78,78,91,20,20,47,4294967295,94,188
726,0,261,261,1,512,0,512,0,512,0,520,33280,12457,20823,20823,0,3,12454,0,0,0,7,0,17,0,1048576,0,0,0,inf,1.08023071,1.33554077,inf,0,0,0,0,0,0,0,0,0,0,0,0,0,0,0,0,0,0,0,0,0,0,0,0,0,0,0,0,0,0,0,0,0,0,0,0,0,0,0,0,0,0,0,0,0,0,0,0,0,0,0,0,0,0,0,0,0,0,0,0,0,0,0,0,0,0,0,0,0,0,0,0,0,0,0,0,0,0,0,0,0,0,0,0,0,0,0,0,0,121,219,111,4294967295,4294967295,4294967295,4294967295,4294967295,4294967295,4294967295
727,1,261,261,1,512,28,484,4,484,24,496,33280,22774,10506,10506,0,38,22736,0,0,0,1023,10,17,0,1048576,0,0,0,inf,1.13131714,1.23240662,0.927871704,0,0,0,0,0,0,0,0,0,0,0,0,0,0,0,0,0,0,0,0,0,0,0,1023,0,0,0,0,0,0,0,0,0,0,0,0,0,0,0,0,0,0,0,0,0,0,0,0,0,0,0,0,0,0,0,0,0,0,0,0,0,0,0,0,0,0,0,0,0,0,0,0,0,0,0,0,0,0,0,0,0,0,0,0,0,0,0,0,0,7,7,7,8,8,10,6,6,31,32
728,1,261,261,1,512,22,490,5,490,17,503,33280,20930,12350,12350,0,114,20816,0,0,0,1023,10,17,0,1048576,0,0,0,inf,1.18014526,1.30548096,1.07788086,0,0,0,0,0,0,0,0,0,0,0,0,0,0,0,0,0,0,0,0,0,0,0,1023,0,0,0,0,0,0,0,0,0,0,0,0,0,0,0,0,0,0,0,0,0,0,0,0,0,0,0,0,0,0,0,0,0,0,0,0,0,0,0,0,0,0,0,0,0,0,0,0,0,0,0,0,0,0,0,0,0,0,0,0,0,0,0,0,0,13,15,14,21,19,14,20,19,22,15
729,1,261,261,1,512,33,479,10,479,23,497,33280,16316,16964,16964,0,88,16228,0,0,0,1023,10,17,0,1048576,0,0,0,inf,0.644760132,0.754394531,0.559326172,0,0,0,0,0,0,0,0,0,0,0,0,0,0,0,0,0,0,0,0,0,0,0,1023,0,0,0,0,0,0,0,0,0,0,0,0,0,0,0,0,0,0,0,0,0,0,0,0,0,0,0,0,0,0,0,0,0,0,0,0,0,0,0,0,0,0,0,0,0,0,0,0,0,0,0,0,0,0,0,0,0,0,0,0,0,0,0,0,0,2,2,5,4,1,1,3,5,4,5
730,0,261,261,1,512,0,512,0,512,0,520,33280,14103,19177,19177,0,4,14099,0,0,0,15,0,17,0,1048576,0,0,0,inf,0.852050781,1.03459167,inf,0,0,0,0,0,0,0,0,0,0,0,0,0,0,0,0,0,0,0,0,0,0,0,0,0,0,0,0,0,0,0,0,0,0,0,0,0,0,0,0,0,0,0,0,0,0,0,0,0,0,0,0,0,0,0,0,0,0,0,0,0,0,0,0,0,0,0,0,0,0,0,0,0,0,0,0,0,0,0,0,0,0,0,0,0,0,0,0,0,31,165,129,146,4294967295,4294967295,4294967295,4294967295,4294967295,4294967295
731,0.100000001,261,261,1,512,1,511,1,511,0,520,33280,12547,20733,20733,0,1,12546,0,0,0,1,1,17,0,1048576,0,0,0,inf,1.03178406,1.19009399,inf,0,0,0,0,0,0,0,0,0,0,0,0,0,0,0,0,0,0,0,0,0,0,0,1,0,0,0,0,0,0,0,0,0,0,0,0,0,0,0,0,0,0,0,0,0,0,0,0,0,0,0,0,0,0,0,0,0,0,0,0,0,0,0,0,0,0,0,0,0,0,0,0,0,0,0,0,0,0,0,0,0,0,0,0,0,0,0,0,0,118,4294967295,4294967295,4294967295,4294967295,4294967295,4294967295,4294967295,4294967295,4294967295
732,0.100000001,261,261,1,512,1,511,0,511,1,519,33280,18252,15028,15028,0,6,18246,0,0,0,627,1,17,0,1048576,0,0,0,inf,1.3114624,1.5226593,inf,0,0,0,0,0,0,0,0,0,0,0,0,0,0,0,0,0,0,0,0,0,0,0,1,0,0,0,0,0,0,0,0,0,0,0,0,0,0,0,0,0,0,0,0,0,0,0,0,0,0,0,0,0,0,0,0,0,0,0,0,0,0,0,0,0,0,0,0,0,0,0,0,0,0,0,0,0,0,0,0,0,0,0,0,0,0,0,0,0,18,167,4294967295,4294967295,120,109,215,4294967295,4294967295,147
733,0,261,261,1,512,0,512,0,512,0,520,33280,10073,23207,23207,0,0,10073,0,0,0,0,0,17,0,1048576,0,0,0,inf,0.942596436,1.20741272,inf,0,0,0,0,0,0,0,0,0,0,0,0,0,0,0,0,0,0,0,0,0,0,0,0,0,0,0,0,0,0,0,0,0,0,0,0,0,0,0,0,0,0,0,0,0,0,0,0,0,0,0,0,0,0,0,0,0,0,0,0,0,0,0,0,0,0,0,0,0,0,0,0,0,0,0,0,0,0,0,0,0,0,0,0,0,0,0,0,0,4294967295,4294967295,4294967295,4294967295,4294967295,4294967295,4294967295,4294967295,4294967295,4294967295
734,0,261,261,1,512,0,512,0,512,0,520,33280,10953,22327,22327,0,2,10951,0,0,0,17,0,17,0,1048576,0,0,0,inf,0.575119019,0.763412476,inf,0,0,0,0,0,0,0,0,0,0,0,0,0,0,0,0,0,0,0,0,0,0,0,0,0,0,0,0,0,0,0,0,0,0,0,0,0,0,0,0,0,0,0,0,0,0,0,0,0,0,0,0,0,0,0,0,0,0,0,0,0,0,0,0,0,0,0,0,0,0,0,0,0,0,0,0,0,0,0,0,0,0,0,0,0,0,0,0,0,38,4294967295,4294967295,4294967295,28,4294967295,4294967295,4294967295,4294967295,4294967295
735,0,261,261,1,512,0,512,0,512,0,520,33280,16071,17209,17209,0,0,16071,0,0,0,0,0,17,0,1048576,0,0,0,inf,1.09759521,1.26991272,inf,0,0,0,0,0,0,0,0,0,0,0,0,0,0,0,0,0,0,0,0,0,0,0,0,0,0,0,0,0,0,0,0,0,0,0,0,0,0,0,0,0,0,0,0,0,0,0,0,0,0,0,0,0,0,0,0,0,0,0,0,0,0,0,0,0,0,0,0,0,0,0,0,0,0,0,0,0,0,0,0,0,0,0,0,0,0,0,0,0,4294967295,4294967295,4294967295,4294967295,4294967295,4294967295,4294967295,4294967295,4294967295,4294967295
736,1,261,261,1,512,41,471,10,471,31,489,33280,20362,12918,12918,0,221,20141,0,0,0,1023,10,17,0,1048576,0,0,0,inf,0.896255493,1.0165863,0.76852417,0,0,0,0,0,0,0,0,0,0,0,0,0,0,0,0,0,0,0,0,0,0,0,1023,0,0,0,0,0,0,0,0,0,0,0,0,0,0,0,0,0,0,0,0,0,0,0,0,0,0,0,0,0,0,0,0,0,0,0,0,0,0,0,0,0,0,0,0,0,0,0,0,0,0,0,0,0,0,0,0,0,0,0,0,0,0,0,0,0,3,7,3,7,8,18,8,2,2,18
737,1,261,261,1,512,396,116,33,116,364,156,33280,5622,27658,27658,0,1121,4501,0,0,0,1023,10,17,0,1048576,0,0,0,inf,0.467590332,0.91885376,0.231399536,0,0,0,0,0,0,0,0,0,0,0,0,0,0,0,0,0,0,0,0,0,0,0,1023,0,0,0,0,0,0,0,0,0,0,0,0,0,0,0,0,0,0,0,0,0,0,0,0,0,0,0,0,0,0,0,0,0,0,0,0,0,0,0,0,0,0,0,0,0,0,0,0,0,0,0,0,0,0,0,0,0,0,0,0,0,0,0,0,0,2,2,3,3,2,1,3,1,4,2
738,0.899999976,261,261,1,512,39,473,24,473,15,505,33280,6202,27078,27078,0,213,5989,0,0,0,1023,10,17,0,1048576,0,0,0,inf,0.578521729,0.924728394,0.547424316,0,0,0,0,0,0,0,0,0,0,0,0,0,0,0,0,0,0,0,0,0,0,0,511,0,0,0,0,0,0,0,0,0,0,0,0,0,0,0,0,0,0,0,0,0,0,0,0,0,0,0,0,0,0,0,0,0,0,0,0,0,0,0,0,0,0,0,0,0,0,0,0,0,0,0,0,0,0,0,0,0,0,0,0,0,0,0,0,0,3,16,7,7,7,5,15,12,43,25
739,0.100000001,261,261,1,512,1,511,1,511,0,520,33280,7704,25576,25576,0,4,7700,0,0,0,323,1,17,0,1048576,0,0,0,inf,0.649002075,1.00775146,inf,0,0,0,0,0,0,0,0,0,0,0,0,0,0,0,0,0,0,0,0,0,0,0,1,0,0,0,0,0,0,0,0,0,0,0,0,0,0,0,0,0,0,0,0,0,0,0,0,0,0,0,0,0,0,0,0,0,0,0,0,0,0,0,0,0,0,0,0,0,0,0,0,0,0,0,0,0,0,0,0,0,0,0,0,0,0,0,0,0,165,39,4294967295,4294967295,4294967295,4294967295,114,4294967295,82,4294967295
740,0,261,261,1,512,0,512,0,512,0,520,33280,16733,16547,16547,0,5,16728,0,0,0,7,0,17,0,1048576,0,0,0,inf,0.950958252,1.10731506,inf,0,0,0,0,0,0,0,0,0,0,0,0,0,0,0,0,0,0,0,0,0,0,0,0,0,0,0,0,0,0,0,0,0,0,0,0,0,0,0,0,0,0,0,0,0,0,0,0,0,0,0,0,0,0,0,0,0,0,0,0,0,0,0,0,0,0,0,0,0,0,0,0,0,0,0,0,0,0,0,0,0,0,0,0,0,0,0,0,0,148,32,182,4294967295,4294967295,4294967295,4294967295,4294967295,4294967295,4294967295
741,0.200000003,261,261,1,512,2,510,0,510,2,518,33280,17485,15795,15795,0,7,17478,0,0,0,583,2,17,0,1048576,0,0,0,inf,0.868911743,1.02688599,inf,0,0,0,0,0,0,0,0,0,0,0,0,0,0,0,0,0,0,0,0,0,0,0,3,0,0,0,0,0,0,0,0,0,0,0,0,0,0,0,0,0,0,0,0,0,0,0,0,0,0,0,0,0,0,0,0,0,0,0,0,0,0,0,0,0,0,0,0,0,0,0,0,0,0,0,0,0,0,0,0,0,0,0,0,0,0,0,0,0,1,3,62,4294967295,4294967295,4294967295,190,4294967295,4294967295,51
742,0.100000001,261,261,1,512,1,511,0,511,1,519,33280,18754,14526,14526,0,4,18750,0,0,0,29,1,17,0,1048576,0,0,0,inf,1.08447266,1.23612976,inf,0,0,0,0,0,0,0,0,0,0,0,0,0,0,0,0,0,0,0,0,0,0,0,1,0,0,0,0,0,0,0,0,0,0,0,0,0,0,0,0,0,0,0,0,0,0,0,0,0,0,0,0,0,0,0,0,0,0,0,0,0,0,0,0,0,0,0,0,0,0,0,0,0,0,0,0,0,0,0,0,0,0,0,0,0,0,0,0,0,1,4294967295,12,52,134,4294967295,4294967295,4294967295,4294967295,4294967295
743,0,261,261,1,512,0,512,0,512,0,520,33280,10519,22761,22761,0,1,10518,0,0,0,1,0,17,0,1048576,0,0,0,inf,0.798095703,1.05757141,inf,0,0,0,0,0,0,0,0,0,0,0,0,0,0,0,0,0,0,0,0,0,0,0,0,0,0,0,0,0,0,0,0,0,0,0,0,0,0,0,0,0,0,0,0,0,0,0,0,0,0,0,0,0,0,0,0,0,0,0,0,0,0,0,0,0,0,0,0,0,0,0,0,0,0,0,0,0,0,0,0,0,0,0,0,0,0,0,0,0,53,4294967295,4294967295,4294967295,4294967295,4294967295,4294967295,4294967295,4294967295,4294967295
744,0,261,261,1,512,0,512,0,512,0,520,33280,12961,20319,20319,0,1,12960,0,0,0,4,0,17,0,1048576,0,0,0,inf,0.500396729,0.629669189,inf,0,0,0,0,0,0,0,0,0,0,0,0,0,0,0,0,0,0,0,0,0,0,0,0,0,0,0,0,0,0,0,0,0,0,0,0,0,0,0,0,0,0,0,0,0,0,0,0,0,0,0,0,0,0,0,0,0,0,0,0,0,0,0,0,0,0,0,0,0,0,0,0,0,0,0,0,0,0,0,0,0,0,0,0,0,0,0,0,0,4294967295,4294967295,160,4294967295,4294967295,4294967295,4294967295,4294967295,4294967295,4294967295
745,0,261,261,1,512,0,512,0,512,0,520,33280,14215,19065,19065,0,0,14215,0,0,0,0,0,17,0,1048576,0,0,0,inf,1.51785278,1.73854065,inf,0,0,0,0,0,0,0,0,0,0,0,0,0,0,0,0,0,0,0,0,0,0,0,0,0,0,0,0,0,0,0,0,0,0,0,0,0,0,0,0,0,0,0,0,0,0,0,0,0,0,0,0,0,0,0,0,0,0,0,0,0,0,0,0,0,0,0,0,0,0,0,0,0,0,0,0,0,0,0,0,0,0,0,0,0,0,0,0,0,4294967295,4294967295,4294967295,4294967295,4294967295,4294967295,4294967295,4294967295,4294967295,4294967295
746,0,261,261,1,512,0,512,0,512,0,520,33280,12760,20520,20520,0,2,12758,0,0,0,3,0,17,0,1048576,0,0,0,inf,0.951019287,1.1882782,inf,0,0,0,0,0,0,0,0,0,0,0,0,0,0,0,0,0,0,0,0,0,0,0,0,0,0,0,0,0,0,0,0,0,0,0,0,0,0,0,0,0,0,0,0,0,0,0,0,0,0,0,0,0,0,0,0,0,0,0,0,0,0,0,0,0,0,0,0,0,0,0,0,0,0,0,0,0,0,0,0,0,0,0,0,0,0,0,0,0,3,3,4294967295,4294967295,4294967295,4294967295,4294967295,4294967295,4294967295,4294967295
747,0,261,261,1,512,0,512,0,512,0,520,33280,19636,13644,13644,0,1,19635,0,0,0,1,0,17,0,1048576,0,0,0,inf,0.909088135,1.08605957,inf,0,0,0,0,0,0,0,0,0,0,0,0,0,0,0,0,0,0,0,0,0,0,0,0,0,0,0,0,0,0,0,0,0,0,0,0,0,0,0,0,0,0,0,0,0,0,0,0,0,0,0,0,0,0,0,0,0,0,0,0,0,0,0,0,0,0,0,0,0,0,0,0,0,0,0,0,0,0,0,0,0,0,0,0,0,0,0,0,0,134,4294967295,4294967295,4294967295,4294967295,4294967295,4294967295,4294967295,4294967295,4294967295
748,1,261,261,1,512,81,431,3,431,78,442,33280,15253,18027,18027,0,172,15081,0,0,0,1023,10,17,0,1048576,0,0,0,inf,1.07398987,1.27185059,0.686004639,0,0,0,0,0,0,0,0,0,0,0,0,0,0,0,0,0,0,0,0,0,0,0,1023,0,0,0,0,0,0,0,0,0,0,0,0,0,0,0,0,0,0,0,0,0,0,0,0,0,0,0,0,0,0,0,0,0,0,0,0,0,0,0,0,0,0,0,0,0,0,0,0,0,0,0,0,0,0,0,0,0,0,0,0,0,0,0,0,0,2,3,2,1,2,3,3,2,2,1
749,0,261,261,1,512,0,512,0,512,0,520,33280,15108,18172,18172,0,0,15108,0,0,0,0,0,17,0,1048576,0,0,0,inf,0.951019287,1.18170166,inf,0,0,0,0,0,0,0,0,0,0,0,0,0,0,0,0,0,0,0,0,0,0,0,0,0,0,0,0,0,0,0,0,0,0,0,0,0,0,0,0,0,0,0,0,0,0,0,0,0,0,0,0,0,0,0,0,0,0,0,0,0,0,0,0,0,0,0,0,0,0,0,0,0,0,0,0,0,0,0,0,0,0,0,0,0,0,0,0,0,4294967295,4294967295,4294967295,4294967295,4294967295,4294967295,4294967295,4294967295,4294967295,4294967295
750,1,261,261,1,512,140,372,24,372,116,404,33280,9079,24201,24201,0,434,8645,0,0,0,1023,10,17,0,1048576,0,0,0,inf,0.62322998,0.877151489,0.400314331,0,0,0,0,0,0,0,0,0,0,0,0,0,0,0,0,0,0,0,0,0,0,0,1023,0,0,0,0,0,0,0,0,0,0,0,0,0,0,0,0,0,0,0,0,0,0,0,0,0,0,0,0,0,0,0,0,0,0,0,0,0,0,0,0,0,0,0,0,0,0,0,0,0,0,0,0,0,0,0,0,0,0,0,0,0,0,0,0,0,4,5,4,5,5,4,5,5,5,5
751,0.100000001,261,261,1,512,1,511,0,511,1,519,33280,9968,23312,23312,0,8,9960,0,0,0,103,1,17,0,1048576,0,0,0,inf,0.614746094,0.830810547,inf,0,0,0,0,0,0,0,0,0,0,0,0,0,0,0,0,0,0,0,0,0,0,0,1,0,0,0,0,0,0,0,0,0,0,0,0,0,0,0,0,0,0,0,0,0,0,0,0,0,0,0,0,0,0,0,0,0,0,0,0,0,0,0,0,0,0,0,0,0,0,0,0,0,0,0,0,0,0,0,0,0,0,0,0,0,0,0,0,0,3,8,74,4294967295,4294967295,172,109,4294967295,4294967295,4294967295
752,0,261,261,1,512,0,512,0,512,0,520,33280,22600,10680,10680,0,8,22592,0,0,0,253,0,17,0,1048576,0,0,0,inf,0.935516357,1.029953,inf,0,0,0,0,0,0,0,0,0,0,0,0,0,0,0,0,0,0,0,0,0,0,0,0,0,0,0,0,0,0,0,0,0,0,0,0,0,0,0,0,0,0,0,0,0,0,0,0,0,0,0,0,0,0,0,0,0,0,0,0,0,0,0,0,0,0,0,0,0,0,0,0,0,0,0,0,0,0,0,0,0,0,0,0,0,0,0,0,0,123,4294967295,130,18,186,66,104,182,4294967295,4294967295
753,0.100000001,261,261,1,512,1,511,0,511,1,519,33280,12613,20667,20667,0,4,12609,0,0,0,51,1,17,0,1048576,0,0,0,inf,1.0617981,1.34109497,inf,0,0,0,0,0,0,0,0,0,0,0,0,0,0,0,0,0,0,0,0,0,0,0,1,0,0,0,0,0,0,0,0,0,0,0,0,0,0,0,0,0,0,0,0,0,0,0,0,0,0,0,0,0,0,0,0,0,0,0,0,0,0,0,0,0,0,0,0,0,0,0,0,0,0,0,0,0,0,0,0,0,0,0,0,0,0,0,0,0,6,41,4294967295,4294967295,14,22,4294967295,4294967295,4294967295,4294967295
754,1,261,261,1,512,117,395,6,395,111,409,33280,19359,13921,13921,0,245,19114,0,0,0,1023,10,17,0,1048576,0,0,0,inf,1.35861206,1.47218323,0.865310669,0,0,0,0,0,0,0,0,0,0,0,0,0,0,0,0,0,0,0,0,0,0,0,1023,0,0,0,0,0,0,0,0,0,0,0,0,0,0,0,0,0,0,0,0,0,0,0,0,0,0,0,0,0,0,0,0,0,0,0,0,0,0,0,0,0,0,0,0,0,0,0,0,0,0,0,0,0,0,0,0,0,0,0,0,0,0,0,0,0,3,4,4,4,4,5,5,5,4,5
755,0,261,261,1,512,0,512,0,512,0,520,33280,11218,22062,22062,0,4,11214,0,0,0,27,0,17,0,1048576,0,0,0,inf,0.622772217,0.839553833,inf,0,0,0,0,0,0,0,0,0,0,0,0,0,0,0,0,0,0,0,0,0,0,0,0,0,0,0,0,0,0,0,0,0,0,0,0,0,0,0,0,0,0,0,0,0,0,0,0,0,0,0,0,0,0,0,0,0,0,0,0,0,0,0,0,0,0,0,0,0,0,0,0,0,0,0,0,0,0,0,0,0,0,0,0,0,0,0,0,0,71,53,4294967295,210,210,4294967295,4294967295,4294967295,4294967295,4294967295
756,0,261,261,1,512,0,512,0,512,0,520,33280,12403,20877,20877,0,0,12403,0,0,0,0,0,17,0,1048576,0,0,0,inf,0.814453125,1.03591919,inf,0,0,0,0,0,0,0,0,0,0,0,0,0,0,0,0,0,0,0,0,0,0,0,0,0,0,0,0,0,0,0,0,0,0,0,0,0,0,0,0,0,0,0,0,0,0,0,0,0,0,0,0,0,0,0,0,0,0,0,0,0,0,0,0,0,0,0,0,0,0,0,0,0,0,0,0,0,0,0,0,0,0,0,0,0,0,0,0,0,4294967295,4294967295,4294967295,4294967295,4294967295,4294967295,4294967295,4294967295,4294967295,4294967295
757,0.899999976,261,261,1,512,9,503,2,503,7,513,33280,21609,11671,11671,0,14,21595,0,0,0,1023,9,17,0,1048576,0,0,0,inf,1.00595093,1.16812134,inf,0,0,0,0,0,0,0,0,0,0,0,0,0,0,0,0,0,0,0,0,0,0,0,511,0,0,0,0,0,0,0,0,0,0,0,0,0,0,0,0,0,0,0,0,0,0,0,0,0,0,0,0,0,0,0,0,0,0,0,0,0,0,0,0,0,0,0,0,0,0,0,0,0,0,0,0,0,0,0,0,0,0,0,0,0,0,0,0,0,8,9,8,9,10,6,27,153,128,27
758,0.300000012,261,261,1,512,3,509,1,509,2,518,33280,17019,16261,16261,0,7,17012,0,0,0,715,3,17,0,1048576,0,0,0,inf,1.02455139,1.19825745,inf,0,0,0,0,0,0,0,0,0,0,0,0,0,0,0,0,0,0,0,0,0,0,0,11,0,0,0,0,0,0,0,0,0,0,0,0,0,0,0,0,0,0,0,0,0,0,0,0,0,0,0,0,0,0,0,0,0,0,0,0,0,0,0,0,0,0,0,0,0,0,0,0,0,0,0,0,0,0,0,0,0,0,0,0,0,0,0,0,0,9,3,4294967295,143,4294967295,4294967295,31,207,4294967295,28
759,0,261,261,1,512,0,512,0,512,0,520,33280,19973,13307,13307,0,7,19966,0,0,0,39,0,17,0,1048576,0,0,0,inf,0.733505249,0.885070801,inf,0,0,0,0,0,0,0,0,0,0,0,0,0,0,0,0,0,0,0,0,0,0,0,0,0,0,0,0,0,0,0,0,0,0,0,0,0,0,0,0,0,0,0,0,0,0,0,0,0,0,0,0,0,0,0,0,0,0,0,0,0,0,0,0,0,0,0,0,0,0,0,0,0,0,0,0,0,0,0,0,0,0,0,0,0,0,0,0,0,13,14,117,4294967295,4294967295,192,4294967295,4294967295,4294967295,4294967295
760,0,261,261,1,512,0,512,0,512,0,520,33280,24426,8854,8854,0,2,24424,0,0,0,6,0,17,0,1048576,0,0,0,inf,0.934463501,1.0377655,inf,0,0,0,0,0,0,0,0,0,0,0,0,0,0,0,0,0,0,0,0,0,0,0,0,0,0,0,0,0,0,0,0,0,0,0,0,0,0,0,0,0,0,0,0,0,0,0,0,0,0,0,0,0,0,0,0,0,0,0,0,0,0,0,0,0,0,0,0,0,0,0,0,0,0,0,0,0,0,0,0,0,0,0,0,0,0,0,0,0,4294967295,12,119,4294967295,4294967295,4294967295,4294967295,4294967295,4294967295,4294967295
761,0,261,261,1,512,0,512,0,512,0,520,33280,18896,14384,14384,0,0,18896,0,0,0,0,0,17,0,1048576,0,0,0,inf,1.03990173,1.23995972,inf,0,0,0,0,0,0,0,0,0,0,0,0,0,0,0,0,0,0,0,0,0,0,0,0,0,0,0,0,0,0,0,0,0,0,0,0,0,0,0,0,0,0,0,0,0,0,0,0,0,0,0,0,0,0,0,0,0,0,0,0,0,0,0,0,0,0,0,0,0,0,0,0,0,0,0,0,0,0,0,0,0,0,0,0,0,0,0,0,0,4294967295,4294967295,4294967295,4294967295,4294967295,4294967295,4294967295,4294967295,4294967295,4294967295
762,0.5,261,261,1,512,5,507,0,507,5,515,33280,15167,18113,18113,0,9,15158,0,0,0,127,5,17,0,1048576,0,0,0,inf,0.844741821,1.02658081,inf,0,0,0,0,0,0,0,0,0,0,0,0,0,0,0,0,0,0,0,0,0,0,0,31,0,0,0,0,0,0,0,0,0,0,0,0,0,0,0,0,0,0,0,0,0,0,0,0,0,0,0,0,0,0,0,0,0,0,0,0,0,0,0,0,0,0,0,0,0,0,0,0,0,0,0,0,0,0,0,0,0,0,0,0,0,0,0,0,0,1,14,7,1,1,3,148,4294967295,4294967295,4294967295
763,0.300000012,261,261,1,512,3,509,1,509,2,518,33280,22837,10443,10443,0,5,22832,0,0,0,263,3,17,0,1048576,0,0,0,inf,0.644393921,0.759567261,inf,0,0,0,0,0,0,0,0,0,0,0,0,0,0,0,0,0,0,0,0,0,0,0,7,0,0,0,0,0,0,0,0,0,0,0,0,0,0,0,0,0,0,0,0,0,0,0,0,0,0,0,0,0,0,0,0,0,0,0,0,0,0,0,0,0,0,0,0,0,0,0,0,0,0,0,0,0,0,0,0,0,0,0,0,0,0,0,0,0,3,39,194,4294967295,4294967295,4294967295,4294967295,4294967295,92,4294967295
764,0.100000001,261,261,1,512,1,511,0,511,1,519,33280,16442,16838,16838,0,20,16422,0,0,0,197,1,17,0,1048576,0,0,0,inf,1.25424194,1.4684906,inf,0,0,0,0,0,0,0,0,0,0,0,0,0,0,0,0,0,0,0,0,0,0,0,1,0,0,0,0,0,0,0,0,0,0,0,0,0,0,0,0,0,0,0,0,0,0,0,0,0,0,0,0,0,0,0,0,0,0,0,0,0,0,0,0,0,0,0,0,0,0,0,0,0,0,0,0,0,0,0,0,0,0,0,0,0,0,0,0,0,34,4294967295,23,4294967295,4294967295,4294967295,52,9,4294967295,4294967295
765,0,261,261,1,512,0,512,0,512,0,520,33280,18137,15143,15143,0,22,18115,0,0,0,127,0,17,0,1048576,0,0,0,inf,0.658737183,0.769683838,inf,0,0,0,0,0,0,0,0,0,0,0,0,0,0,0,0,0,0,0,0,0,0,0,0,0,0,0,0,0,0,0,0,0,0,0,0,0,0,0,0,0,0,0,0,0,0,0,0,0,0,0,0,0,0,0,0,0,0,0,0,0,0,0,0,0,0,0,0,0,0,0,0,0,0,0,0,0,0,0,0,0,0,0,0,0,0,0,0,0,22,13,22,57,136,46,210,4294967295,4294967295,4294967295
766,0.699999988,261,261,1,512,9,503,5,503,4,516,33280,5570,27710,27710,0,28,5542,0,0,0,1023,9,17,0,1048576,0,0,0,inf,0.764007568,1.4838562,inf,0,0,0,0,0,0,0,0,0,0,0,0,0,0,0,0,0,0,0,0,0,0,0,127,0,0,0,0,0,0,0,0,0,0,0,0,0,0,0,0,0,0,0,0,0,0,0,0,0,0,0,0,0,0,0,0,0,0,0,0,0,0,0,0,0,0,0,0,0,0,0,0,0,0,0,0,0,0,0,0,0,0,0,0,0,0,0,0,0,28,6,28,12,7,51,59,28,43,42
767,0.300000012,261,261,1,512,3,509,0,509,3,517,33280,14248,19032,19032,0,9,14239,0,0,0,783,3,17,0,1048576,0,0,0,inf,0.927459717,1.15458679,inf,0,0,0,0,0,0,0,0,0,0,0,0,0,0,0,0,0,0,0,0,0,0,0,7,0,0,0,0,0,0,0,0,0,0,0,0,0,0,0,0,0,0,0,0,0,0,0,0,0,0,0,0,0,0,0,0,0,0,0,0,0,0,0,0,0,0,0,0,0,0,0,0,0,0,0,0,0,0,0,0,0,0,0,0,0,0,0,0,0,2,14,41,6,4294967295,4294967295,4294967295,4294967295,224,202
768,1,261,261,1,512,11,501,5,501,6,514,33280,23453,9827,9827,0,73,23380,0,0,0,1023,10,17,0,1048576,0,0,0,inf,0.925079346,1.05943298,0.950576782,0,0,0,0,0,0,0,0,0,0,0,0,0,0,0,0,0,0,0,0,0,0,0,1023,0,0,0,0,0,0,0,0,0,0,0,0,0,0,0,0,0,0,0,0,0,0,0,0,0,0,0,0,0,0,0,0,0,0,0,0,0,0,0,0,0,0,0,0,0,0,0,0,0,0,0,0,0,0,0,0,0,0,0,0,0,0,0,0,0,16,15,50,48,16,37,22,176,176,50
769,0,261,261,1,512,0,512,0,512,0,520,33280,24636,8644,8644,0,49,24587,0,0,0,831,1,17,0,1048576,0,0,0,inf,0.725616455,0.843063354,inf,0,0,0,0,0,0,0,0,0,0,0,0,0,0,0,0,0,0,0,0,0,0,0,0,0,0,0,0,0,0,0,0,0,0,0,0,0,0,0,0,0,0,0,0,0,0,0,0,0,0,0,0,0,0,0,0,0,0,0,0,0,0,0,0,0,0,0,0,0,0,0,0,0,0,0,0,0,0,0,0,0,0,0,0,0,0,0,0,0,53,130,25,131,27,25,4294967295,4294967295,14,41
770,0,261,261,1,512,0,512,0,512,0,520,33280,9674,23606,23606,0,4,9670,0,0,0,23,0,17,0,1048576,0,0,0,inf,0.89755249,1.11877441,inf,0,0,0,0,0,0,0,0,0,0,0,0,0,0,0,0,0,0,0,0,0,0,0,0,0,0,0,0,0,0,0,0,0,0,0,0,0,0,0,0,0,0,0,0,0,0,0,0,0,0,0,0,0,0,0,0,0,0,0,0,0,0,0,0,0,0,0,0,0,0,0,0,0,0,0,0,0,0,0,0,0,0,0,0,0,0,0,0,0,27,135,160,4294967295,57,4294967295,4294967295,4294967295,4294967295,4294967295
771,1,261,261,1,512,28,484,9,484,19,501,33280,19679,13601,13601,0,171,19508,0,0,0,1023,10,17,0,1048576,0,0,0,inf,1.21690369,1.36412048,1.11743164,0,0,0,0,0,0,0,0,0,0,0,0,0,0,0,0,0,0,0,0,0,0,0,1023,0,0,0,0,0,0,0,0,0,0,0,0,0,0,0,0,0,0,0,0,0,0,0,0,0,0,0,0,0,0,0,0,0,0,0,0,0,0,0,0,0,0,0,0,0,0,0,0,0,0,0,0,0,0,0,0,0,0,0,0,0,0,0,0,0,13,12,14,14,40,12,14,23,25,14
772,0.100000001,261,261,1,512,1,511,0,511,1,519,33280,18218,15062,15062,0,3,18215,0,0,0,1,1,17,0,1048576,0,0,0,inf,1.37081909,1.58525085,inf,0,0,0,0,0,0,0,0,0,0,0,0,0,0,0,0,0,0,0,0,0,0,0,1,0,0,0,0,0,0,0,0,0,0,0,0,0,0,0,0,0,0,0,0,0,0,0,0,0,0,0,0,0,0,0,0,0,0,0,0,0,0,0,0,0,0,0,0,0,0,0,0,0,0,0,0,0,0,0,0,0,0,0,0,0,0,0,0,0,20,4294967295,4294967295,4294967295,4294967295,4294967295,4294967295,4294967295,4294967295,4294967295
773,0.200000003,261,261,1,512,2,510,1,510,1,519,33280,15506,17774,17774,0,5,15501,0,0,0,7,2,17,0,1048576,0,0,0,inf,0.919036865,1.14118958,inf,0,0,0,0,0,0,0,0,0,0,0,0,0,0,0,0,0,0,0,0,0,0,0,5,0,0,0,0,0,0,0,0,0,0,0,0,0,0,0,0,0,0,0,0,0,0,0,0,0,0,0,0,0,0,0,0,0,0,0,0,0,0,0,0,0,0,0,0,0,0,0,0,0,0,0,0,0,0,0,0,0,0,0,0,0,0,0,0,0,1,30,233,4294967295,4294967295,4294967295,4294967295,4294967295,4294967295,4294967295
774,0,261,261,1,512,0,512,0,512,0,520,33280,23088,10192,10192,0,5,23083,0,0,0,12,0,17,0,1048576,0,0,0,inf,1.17434692,1.32609558,inf,0,0,0,0,0,0,0,0,0,0,0,0,0,0,0,0,0,0,0,0,0,0,0,0,0,0,0,0,0,0,0,0,0,0,0,0,0,0,0,0,0,0,0,0,0,0,0,0,0,0,0,0,0,0,0,0,0,0,0,0,0,0,0,0,0,0,0,0,0,0,0,0,0,0,0,0,0,0,0,0,0,0,0,0,0,0,0,0,0,4294967295,4294967295,128,52,4294967295,4294967295,4294967295,4294967295,4294967295,4294967295
775,0,261,261,1,512,0,512,0,512,0,520,33280,23960,9320,9320,0,5,23955,0,0,0,154,0,17,0,1048576,0,0,0,inf,0.986938477,1.14225769,inf,0,0,0,0,0,0,0,0,0,0,0,0,0,0,0,0,0,0,0,0,0,0,0,0,0,0,0,0,0,0,0,0,0,0,0,0,0,0,0,0,0,0,0,0,0,0,0,0,0,0,0,0,0,0,0,0,0,0,0,0,0,0,0,0,0,0,0,0,0,0,0,0,0,0,0,0,0,0,0,0,0,0,0,0,0,0,0,0,0,4294967295,87,4294967295,160,204,4294967295,4294967295,86,4294967295,4294967295
776,0,261,261,1,512,0,512,0,512,0,520,33280,20728,12552,12552,0,7,20721,0,0,0,589,0,17,0,1048576,0,0,0,inf,0.969940186,1.10691833,inf,0,0,0,0,0,0,0,0,0,0,0,0,0,0,0,0,0,0,0,0,0,0,0,0,0,0,0,0,0,0,0,0,0,0,0,0,0,0,0,0,0,0,0,0,0,0,0,0,0,0,0,0,0,0,0,0,0,0,0,0,0,0,0,0,0,0,0,0,0,0,0,0,0,0,0,0,0,0,0,0,0,0,0,0,0,0,0,0,0,129,4294967295,40,253,4294967295,4294967295,104,4294967295,4294967295,93
777,0,261,261,1,512,0,512,0,512,0,520,33280,24043,9237,9237,0,7,24036,0,0,0,78,0,17,0,1048576,0,0,0,inf,0.844833374,0.925231934,inf,0,0,0,0,0,0,0,0,0,0,0,0,0,0,0,0,0,0,0,0,0,0,0,0,0,0,0,0,0,0,0,0,0,0,0,0,0,0,0,0,0,0,0,0,0,0,0,0,0,0,0,0,0,0,0,0,0,0,0,0,0,0,0,0,0,0,0,0,0,0,0,0,0,0,0,0,0,0,0,0,0,0,0,0,0,0,0,0,0,4294967295,184,17,60,4294967295,4294967295,244,4294967295,4294967295,4294967295
778,0.100000001,261,261,1,512,1,511,1,511,0,520,33280,14829,18451,18451,0,7,14822,0,0,0,127,1,17,0,1048576,0,0,0,inf,0.744644165,0.920379639,inf,0,0,0,0,0,0,0,0,0,0,0,0,0,0,0,0,0,0,0,0,0,0,0,2,0,0,0,0,0,0,0,0,0,0,0,0,0,0,0,0,0,0,0,0,0,0,0,0,0,0,0,0,0,0,0,0,0,0,0,0,0,0,0,0,0,0,0,0,0,0,0,0,0,0,0,0,0,0,0,0,0,0,0,0,0,0,0,0,0,14,254,25,67,252,55,35,4294967295,4294967295,4294967295
779,0.200000003,261,261,1,512,2,510,0,510,2,518,33280,19509,13771,13771,0,6,19503,0,0,0,159,2,17,0,1048576,0,0,0,inf,0.8878479,1.06256104,inf,0,0,0,0,0,0,0,0,0,0,0,0,0,0,0,0,0,0,0,0,0,0,0,3,0,0,0,0,0,0,0,0,0,0,0,0,0,0,0,0,0,0,0,0,0,0,0,0,0,0,0,0,0,0,0,0,0,0,0,0,0,0,0,0,0,0,0,0,0,0,0,0,0,0,0,0,0,0,0,0,0,0,0,0,0,0,0,0,0,7,12,19,35,26,4294967295,4294967295,0,4294967295,4294967295
780,1,261,261,1,512,228,284,29,284,199,321,33280,6122,27158,27158,0,539,5583,0,0,0,1023,10,17,0,1048576,0,0,0,inf,0.883468628,1.25134277,0.427398682,0,0,0,0,0,0,0,0,0,0,0,0,0,0,0,0,0,0,0,0,0,0,0,1023,0,0,0,0,0,0,0,0,0,0,0,0,0,0,0,0,0,0,0,0,0,0,0,0,0,0,0,0,0,0,0,0,0,0,0,0,0,0,0,0,0,0,0,0,0,0,0,0,0,0,0,0,0,0,0,0,0,0,0,0,0,0,0,0,0,6,7,7,7,8,7,8,9,6,7
781,0.899999976,261,261,1,512,14,498,1,498,13,507,33280,22904,10376,10376,0,101,22803,0,0,0,895,10,17,0,1048576,0,0,0,inf,1.42376709,1.49740601,1.38754272,0,0,0,0,0,0,0,0,0,0,0,0,0,0,0,0,0,0,0,0,0,0,0,895,0,0,0,0,0,0,0,0,0,0,0,0,0,0,0,0,0,0,0,0,0,0,0,0,0,0,0,0,0,0,0,0,0,0,0,0,0,0,0,0,0,0,0,0,0,0,0,0,0,0,0,0,0,0,0,0,0,0,0,0,0,0,0,0,0,13,76,3,160,10,125,8,4294967295,8,4
782,0.100000001,261,261,1,512,1,511,0,511,1,519,33280,14709,18571,18571,0,2,14707,0,0,0,3,1,17,0,1048576,0,0,0,inf,0.884506226,1.03953552,inf,0,0,0,0,0,0,0,0,0,0,0,0,0,0,0,0,0,0,0,0,0,0,0,1,0,0,0,0,0,0,0,0,0,0,0,0,0,0,0,0,0,0,0,0,0,0,0,0,0,0,0,0,0,0,0,0,0,0,0,0,0,0,0,0,0,0,0,0,0,0,0,0,0,0,0,0,0,0,0,0,0,0,0,0,0,0,0,0,0,19,23,4294967295,4294967295,4294967295,4294967295,4294967295,4294967295,4294967295,4294967295
783,0,261,261,1,512,0,512,0,512,0,520,33280,7575,25705,25705,0,0,7575,0,0,0,0,0,17,0,1048576,0,0,0,inf,0.614120483,0.86656189,inf,0,0,0,0,0,0,0,0,0,0,0,0,0,0,0,0,0,0,0,0,0,0,0,0,0,0,0,0,0,0,0,0,0,0,0,0,0,0,0,0,0,0,0,0,0,0,0,0,0,0,0,0,0,0,0,0,0,0,0,0,0,0,0,0,0,0,0,0,0,0,0,0,0,0,0,0,0,0,0,0,0,0,0,0,0,0,0,0,0,4294967295,4294967295,4294967295,4294967295,4294967295,4294967295,4294967295,4294967295,4294967295,4294967295
784,0.100000001,261,261,1,512,1,511,0,511,1,519,33280,15689,17591,17591,0,26,15663,0,0,0,255,1,17,0,1048576,0,0,0,inf,0.83291626,1.0446167,inf,0,0,0,0,0,0,0,0,0,0,0,0,0,0,0,0,0,0,0,0,0,0,0,1,0,0,0,0,0,0,0,0,0,0,0,0,0,0,0,0,0,0,0,0,0,0,0,0,0,0,0,0,0,0,0,0,0,0,0,0,0,0,0,0,0,0,0,0,0,0,0,0,0,0,0,0,0,0,0,0,0,0,0,0,0,0,0,0,0,29,25,74,74,38,15,32,90,4294967295,4294967295
785,0.899999976,261,261,1,512,17,495,12,495,5,515,33280,24027,9253,9253,0,105,23922,0,0,0,511,10,17,0,1048576,0,0,0,inf,1.08659363,1.26548767,1.1578064,0,0,0,0,0,0,0,0,0,0,0,0,0,0,0,0,0,0,0,0,0,0,0,511,0,0,0,0,0,0,0,0,0,0,0,0,0,0,0,0,0,0,0,0,0,0,0,0,0,0,0,0,0,0,0,0,0,0,0,0,0,0,0,0,0,0,0,0,0,0,0,0,0,0,0,0,0,0,0,0,0,0,0,0,0,0,0,0,0,26,47,11,15,26,27,8,49,176,4294967295
786,1,261,261,1,512,176,336,56,336,120,400,33280,8643,24637,24637,0,916,7727,0,0,0,1023,10,17,0,1048576,0,0,0,inf,0.726501465,0.922470093,0.546417236,0,0,0,0,0,0,0,0,0,0,0,0,0,0,0,0,0,0,0,0,0,0,0,1023,0,0,0,0,0,0,0,0,0,0,0,0,0,0,0,0,0,0,0,0,0,0,0,0,0,0,0,0,0,0,0,0,0,0,0,0,0,0,0,0,0,0,0,0,0,0,0,0,0,0,0,0,0,0,0,0,0,0,0,0,0,0,0,0,0,6,5,7,7,5,8,3,3,3,3
787,0.600000024,261,261,1,512,7,505,5,505,2,518,33280,7752,25528,25528,0,31,7721,0,0,0,1023,7,17,0,1048576,0,0,0,inf,0.55355835,0.831481934,inf,0,0,0,0,0,0,0,0,0,0,0,0,0,0,0,0,0,0,0,0,0,0,0,459,0,0,0,0,0,0,0,0,0,0,0,0,0,0,0,0,0,0,0,0,0,0,0,0,0,0,0,0,0,0,0,0,0,0,0,0,0,0,0,0,0,0,0,0,0,0,0,0,0,0,0,0,0,0,0,0,0,0,0,0,0,0,0,0,0,5,4,23,128,31,40,87,144,230,39
788,1,261,261,1,512,221,291,32,291,189,331,33280,6507,26773,26773,0,581,5926,0,0,0,1023,10,17,0,1048576,0,0,0,inf,0.589416504,0.880783081,0.340499878,0,0,0,0,0,0,0,0,0,0,0,0,0,0,0,0,0,0,0,0,0,0,0,1023,0,0,0,0,0,0,0,0,0,0,0,0,0,0,0,0,0,0,0,0,0,0,0,0,0,0,0,0,0,0,0,0,0,0,0,0,0,0,0,0,0,0,0,0,0,0,0,0,0,0,0,0,0,0,0,0,0,0,0,0,0,0,0,0,0,2,2,1,2,2,3,2,2,2,2
789,0.899999976,261,261,1,512,9,503,0,503,9,511,33280,12918,20362,20362,0,14,12904,0,0,0,511,9,17,0,1048576,0,0,0,inf,1.18145752,1.31585693,inf,0,0,0,0,0,0,0,0,0,0,0,0,0,0,0,0,0,0,0,0,0,0,0,511,0,0,0,0,0,0,0,0,0,0,0,0,0,0,0,0,0,0,0,0,0,0,0,0,0,0,0,0,0,0,0,0,0,0,0,0,0,0,0,0,0,0,0,0,0,0,0,0,0,0,0,0,0,0,0,0,0,0,0,0,0,0,0,0,0,12,9,19,20,87,19,9,22,14,4294967295
790,0,261,261,1,512,0,512,0,512,0,520,33280,21296,11984,11984,0,2,21294,0,0,0,1,0,17,0,1048576,0,0,0,inf,1.1426239,1.31950378,inf,0,0,0,0,0,0,0,0,0,0,0,0,0,0,0,0,0,0,0,0,0,0,0,0,0,0,0,0,0,0,0,0,0,0,0,0,0,0,0,0,0,0,0,0,0,0,0,0,0,0,0,0,0,0,0,0,0,0,0,0,0,0,0,0,0,0,0,0,0,0,0,0,0,0,0,0,0,0,0,0,0,0,0,0,0,0,0,0,0,28,4294967295,4294967295,4294967295,4294967295,4294967295,4294967295,4294967295,4294967295,4294967295
791,0,261,261,1,512,0,512,0,512,0,520,33280,13194,20086,20086,0,1,13193,0,0,0,1,0,17,0,1048576,0,0,0,inf,0.52633667,0.751327515,inf,0,0,0,0,0,0,0,0,0,0,0,0,0,0,0,0,0,0,0,0,0,0,0,0,0,0,0,0,0,0,0,0,0,0,0,0,0,0,0,0,0,0,0,0,0,0,0,0,0,0,0,0,0,0,0,0,0,0,0,0,0,0,0,0,0,0,0,0,0,0,0,0,0,0,0,0,0,0,0,0,0,0,0,0,0,0,0,0,0,145,4294967295,4294967295,4294967295,4294967295,4294967295,4294967295,4294967295,4294967295,4294967295
792,0.800000012,261,261,1,512,14,498,7,498,7,513,33280,10038,23242,23242,0,119,9919,0,0,0,1023,10,17,0,1048576,0,0,0,inf,1.13960266,1.43482971,1.2338562,0,0,0,0,0,0,0,0,0,0,0,0,0,0,0,0,0,0,0,0,0,0,0,255,0,0,0,0,0,0,0,0,0,0,0,0,0,0,0,0,0,0,0,0,0,0,0,0,0,0,0,0,0,0,0,0,0,0,0,0,0,0,0,0,0,0,0,0,0,0,0,0,0,0,0,0,0,0,0,0,0,0,0,0,0,0,0,0,0,13,12,12,22,16,8,3,62,9,3
793,1,261,261,1,512,12,500,4,500,8,512,33280,18163,15117,15117,0,124,18039,0,0,0,1023,10,17,0,1048576,0,0,0,inf,1.11576843,1.27830505,1.13383484,0,0,0,0,0,0,0,0,0,0,0,0,0,0,0,0,0,0,0,0,0,0,0,1023,0,0,0,0,0,0,0,0,0,0,0,0,0,0,0,0,0,0,0,0,0,0,0,0,0,0,0,0,0,0,0,0,0,0,0,0,0,0,0,0,0,0,0,0,0,0,0,0,0,0,0,0,0,0,0,0,0,0,0,0,0,0,0,0,0,6,4,4,4,3,25,55,68,25,44
794,0,261,261,1,512,0,512,0,512,0,520,33280,19566,13714,13714,0,0,19566,0,0,0,0,0,17,0,1048576,0,0,0,inf,1.16511536,1.33737183,inf,0,0,0,0,0,0,0,0,0,0,0,0,0,0,0,0,0,0,0,0,0,0,0,0,0,0,0,0,0,0,0,0,0,0,0,0,0,0,0,0,0,0,0,0,0,0,0,0,0,0,0,0,0,0,0,0,0,0,0,0,0,0,0,0,0,0,0,0,0,0,0,0,0,0,0,0,0,0,0,0,0,0,0,0,0,0,0,0,0,4294967295,4294967295,4294967295,4294967295,4294967295,4294967295,4294967295,4294967295,4294967295,4294967295
795,0.300000012,261,261,1,512,3,509,1,509,2,518,33280,16959,16321,16321,0,13,16946,0,0,0,991,3,17,0,1048576,0,0,0,inf,1.07139587,1.25183105,inf,0,0,0,0,0,0,0,0,0,0,0,0,0,0,0,0,0,0,0,0,0,0,0,7,0,0,0,0,0,0,0,0,0,0,0,0,0,0,0,0,0,0,0,0,0,0,0,0,0,0,0,0,0,0,0,0,0,0,0,0,0,0,0,0,0,0,0,0,0,0,0,0,0,0,0,0,0,0,0,0,0,0,0,0,0,0,0,0,0,7,136,133,30,8,4294967295,173,37,20,225
796,0.899999976,261,261,1,512,90,422,23,422,67,453,33280,20953,12327,12327,0,437,20516,0,0,0,1023,10,17,0,1048576,0,0,0,inf,0.932754517,1.05345154,0.784942627,0,0,0,0,0,0,0,0,0,0,0,0,0,0,0,0,0,0,0,0,0,0,0,511,0,0,0,0,0,0,0,0,0,0,0,0,0,0,0,0,0,0,0,0,0,0,0,0,0,0,0,0,0,0,0,0,0,0,0,0,0,0,0,0,0,0,0,0,0,0,0,0,0,0,0,0,0,0,0,0,0,0,0,0,0,0,0,0,0,4,7,6,5,9,3,8,5,5,4
797,0.100000001,261,261,1,512,1,511,0,511,1,519,33280,9096,24184,24184,0,6,9090,0,0,0,63,1,17,0,1048576,0,0,0,inf,1.15556335,1.5750885,inf,0,0,0,0,0,0,0,0,0,0,0,0,0,0,0,0,0,0,0,0,0,0,0,1,0,0,0,0,0,0,0,0,0,0,0,0,0,0,0,0,0,0,0,0,0,0,0,0,0,0,0,0,0,0,0,0,0,0,0,0,0,0,0,0,0,0,0,0,0,0,0,0,0,0,0,0,0,0,0,0,0,0,0,0,0,0,0,0,0,10,27,104,30,41,75,4294967295,4294967295,4294967295,4294967295
798,0.100000001,261,261,1,512,1,511,1,511,0,520,33280,7351,25929,25929,0,13,7338,0,0,0,127,1,17,0,1048576,0,0,0,inf,1.16094971,1.51130676,inf,0,0,0,0,0,0,0,0,0,0,0,0,0,0,0,0,0,0,0,0,0,0,0,1,0,0,0,0,0,0,0,0,0,0,0,0,0,0,0,0,0,0,0,0,0,0,0,0,0,0,0,0,0,0,0,0,0,0,0,0,0,0,0,0,0,0,0,0,0,0,0,0,0,0,0,0,0,0,0,0,0,0,0,0,0,0,0,0,0,28,7,0,77,70,43,6,4294967295,4294967295,4294967295
799,0.200000003,261,261,1,512,2,510,0,510,2,518,33280,10485,22795,22795,0,4,10481,0,0,0,15,2,17,0,1048576,0,0,0,inf,0.686340332,0.952697754,inf,0,0,0,0,0,0,0,0,0,0,0,0,0,0,0,0,0,0,0,0,0,0,0,3,0,0,0,0,0,0,0,0,0,0,0,0,0,0,0,0,0,0,0,0,0,0,0,0,0,0,0,0,0,0,0,0,0,0,0,0,0,0,0,0,0,0,0,0,0,0,0,0,0,0,0,0,0,0,0,0,0,0,0,0,0,0,0,0,0,3,4,14,158,4294967295,4294967295,4294967295,4294967295,4294967295,4294967295
800,0,261,261,1,512,0,512,0,512,0,520,33280,16613,16667,16667,0,5,16608,0,0,0,51,0,17,0,1048576,0,0,0,inf,1.0173645,1.22496033,inf,0,0,0,0,0,0,0,0,0,0,0,0,0,0,0,0,0,0,0,0,0,0,0,0,0,0,0,0,0,0,0,0,0,0,0,0,0,0,0,0,0,0,0,0,0,0,0,0,0,0,0,0,0,0,0,0,0,0,0,0,0,0,0,0,0,0,0,0,0,0,0,0,0,0,0,0,0,0,0,0,0,0,0,0,0,0,0,0,0,154,114,4294967295,4294967295,158,2,4294967295,4294967295,4294967295,4294967295
801,0,261,261,1,512,0,512,0,512,0,520,33280,16943,16337,16337,0,7,16936,0,0,0,43,0,17,0,1048576,0,0,0,inf,0.537689209,0.679214478,inf,0,0,0,0,0,0,0,0,0,0,0,0,0,0,0,0,0,0,0,0,0,0,0,0,0,0,0,0,0,0,0,0,0,0,0,0,0,0,0,0,0,0,0,0,0,0,0,0,0,0,0,0,0,0,0,0,0,0,0,0,0,0,0,0,0,0,0,0,0,0,0,0,0,0,0,0,0,0,0,0,0,0,0,0,0,0,0,0,0,6,50,4294967295,58,4294967295,257,4294967295,4294967295,4294967295,4294967295
802,0,261,261,1,512,0,512,0,512,0,520,33280,12660,20620,20620,0,7,12653,0,0,0,5,0,17,0,1048576,0,0,0,inf,1.49227905,1.76519775,inf,0,0,0,0,0,0,0,0,0,0,0,0,0,0,0,0,0,0,0,0,0,0,0,0,0,0,0,0,0,0,0,0,0,0,0,0,0,0,0,0,0,0,0,0,0,0,0,0,0,0,0,0,0,0,0,0,0,0,0,0,0,0,0,0,0,0,0,0,0,0,0,0,0,0,0,0,0,0,0,0,0,0,0,0,0,0,0,0,0,11,4294967295,145,4294967295,4294967295,4294967295,4294967295,4294967295,4294967295,4294967295
803,0,261,261,1,512,0,512,0,512,0,520,33280,16603,16677,16677,0,7,16596,0,0,0,791,0,17,0,1048576,0,0,0,inf,0.521362305,0.652084351,inf,0,0,0,0,0,0,0,0,0,0,0,0,0,0,0,0,0,0,0,0,0,0,0,0,0,0,0,0,0,0,0,0,0,0,0,0,0,0,0,0,0,0,0,0,0,0,0,0,0,0,0,0,0,0,0,0,0,0,0,0,0,0,0,0,0,0,0,0,0,0,0,0,0,0,0,0,0,0,0,0,0,0,0,0,0,0,0,0,0,10,62,231,4294967295,27,4294967295,4294967295,4294967295,84,82
804,0.600000024,261,261,1,512,6,506,2,506,4,516,33280,20446,12834,12834,0,38,20408,0,0,0,959,6,17,0,1048576,0,0,0,inf,0.934432983,1.0488739,inf,0,0,0,0,0,0,0,0,0,0,0,0,0,0,0,0,0,0,0,0,0,0,0,63,0,0,0,0,0,0,0,0,0,0,0,0,0,0,0,0,0,0,0,0,0,0,0,0,0,0,0,0,0,0,0,0,0,0,0,0,0,0,0,0,0,0,0,0,0,0,0,0,0,0,0,0,0,0,0,0,0,0,0,0,0,0,0,0,0,4,27,244,15,1,175,4294967295,1,36,22
805,0.400000006,261,261,1,512,6,506,2,506,4,516,33280,10796,22484,22484,0,60,10736,0,0,0,991,6,17,0,1048576,0,0,0,inf,0.858856201,1.11512756,inf,0,0,0,0,0,0,0,0,0,0,0,0,0,0,0,0,0,0,0,0,0,0,0,15,0,0,0,0,0,0,0,0,0,0,0,0,0,0,0,0,0,0,0,0,0,0,0,0,0,0,0,0,0,0,0,0,0,0,0,0,0,0,0,0,0,0,0,0,0,0,0,0,0,0,0,0,0,0,0,0,0,0,0,0,0,0,0,0,0,3,43,5,59,8,4294967295,5,18,8,76
806,1,261,261,1,512,11,501,0,501,11,509,33280,8902,24378,24378,0,19,8883,0,0,0,1023,10,17,0,1048576,0,0,0,inf,0.926757812,1.42919922,0.782699585,0,0,0,0,0,0,0,0,0,0,0,0,0,0,0,0,0,0,0,0,0,0,0,1023,0,0,0,0,0,0,0,0,0,0,0,0,0,0,0,0,0,0,0,0,0,0,0,0,0,0,0,0,0,0,0,0,0,0,0,0,0,0,0,0,0,0,0,0,0,0,0,0,0,0,0,0,0,0,0,0,0,0,0,0,0,0,0,0,0,2,3,3,3,4,5,11,5,3,3
807,1,261,261,1,512,17,495,0,495,17,503,33280,10553,22727,22727,0,27,10526,0,0,0,1023,10,17,0,1048576,0,0,0,inf,0.850616455,1.05519104,0.609054565,0,0,0,0,0,0,0,0,0,0,0,0,0,0,0,0,0,0,0,0,0,0,0,1023,0,0,0,0,0,0,0,0,0,0,0,0,0,0,0,0,0,0,0,0,0,0,0,0,0,0,0,0,0,0,0,0,0,0,0,0,0,0,0,0,0,0,0,0,0,0,0,0,0,0,0,0,0,0,0,0,0,0,0,0,0,0,0,0,0,2,3,3,3,3,3,4,3,4,5
808,0.200000003,261,261,1,512,2,510,1,510,1,519,33280,23773,9507,9507,0,8,23765,0,0,0,167,2,17,0,1048576,0,0,0,inf,0.93951416,1.09217834,inf,0,0,0,0,0,0,0,0,0,0,0,0,0,0,0,0,0,0,0,0,0,0,0,3,0,0,0,0,0,0,0,0,0,0,0,0,0,0,0,0,0,0,0,0,0,0,0,0,0,0,0,0,0,0,0,0,0,0,0,0,0,0,0,0,0,0,0,0,0,0,0,0,0,0,0,0,0,0,0,0,0,0,0,0,0,0,0,0,0,8,222,178,4294967295,4294967295,95,4294967295,184,4294967295,4294967295
809,0,261,261,1,512,0,512,0,512,0,520,33280,21784,11496,11496,0,6,21778,0,0,0,9,0,17,0,1048576,0,0,0,inf,0.910018921,1.0289917,inf,0,0,0,0,0,0,0,0,0,0,0,0,0,0,0,0,0,0,0,0,0,0,0,0,0,0,0,0,0,0,0,0,0,0,0,0,0,0,0,0,0,0,0,0,0,0,0,0,0,0,0,0,0,0,0,0,0,0,0,0,0,0,0,0,0,0,0,0,0,0,0,0,0,0,0,0,0,0,0,0,0,0,0,0,0,0,0,0,0,140,4294967295,4294967295,66,4294967295,4294967295,4294967295,4294967295,4294967295,4294967295
810,0,261,261,1,512,0,512,0,512,0,520,33280,15678,17602,17602,0,6,15672,0,0,0,771,0,17,0,1048576,0,0,0,inf,0.629547119,0.768493652,inf,0,0,0,0,0,0,0,0,0,0,0,0,0,0,0,0,0,0,0,0,0,0,0,0,0,0,0,0,0,0,0,0,0,0,0,0,0,0,0,0,0,0,0,0,0,0,0,0,0,0,0,0,0,0,0,0,0,0,0,0,0,0,0,0,0,0,0,0,0,0,0,0,0,0,0,0,0,0,0,0,0,0,0,0,0,0,0,0,0,107,123,4294967295,4294967295,4294967295,4294967295,4294967295,4294967295,81,199
811,0.600000024,261,261,1,512,6,506,0,506,6,514,33280,15770,17510,17510,0,31,15739,0,0,0,1023,6,17,0,1048576,0,0,0,inf,0.927566528,1.11039734,inf,0,0,0,0,0,0,0,0,0,0,0,0,0,0,0,0,0,0,0,0,0,0,0,63,0,0,0,0,0,0,0,0,0,0,0,0,0,0,0,0,0,0,0,0,0,0,0,0,0,0,0,0,0,0,0,0,0,0,0,0,0,0,0,0,0,0,0,0,0,0,0,0,0,0,0,0,0,0,0,0,0,0,0,0,0,0,0,0,0,5,2,2,6,6,9,5,114,5,110
812,0.300000012,261,261,1,512,3,509,0,509,3,517,33280,9817,23463,23463,0,8,9809,0,0,0,255,3,17,0,1048576,0,0,0,inf,0.833374023,1.25683594,inf,0,0,0,0,0,0,0,0,0,0,0,0,0,0,0,0,0,0,0,0,0,0,0,7,0,0,0,0,0,0,0,0,0,0,0,0,0,0,0,0,0,0,0,0,0,0,0,0,0,0,0,0,0,0,0,0,0,0,0,0,0,0,0,0,0,0,0,0,0,0,0,0,0,0,0,0,0,0,0,0,0,0,0,0,0,0,0,0,0,19,48,40,31,54,57,2,179,4294967295,4294967295
813,0.300000012,261,261,1,512,3,509,1,509,2,518,33280,17598,15682,15682,0,20,17578,0,0,0,383,3,17,0,1048576,0,0,0,inf,1.32745361,1.58816528,inf,0,0,0,0,0,0,0,0,0,0,0,0,0,0,0,0,0,0,0,0,0,0,0,7,0,0,0,0,0,0,0,0,0,0,0,0,0,0,0,0,0,0,0,0,0,0,0,0,0,0,0,0,0,0,0,0,0,0,0,0,0,0,0,0,0,0,0,0,0,0,0,0,0,0,0,0,0,0,0,0,0,0,0,0,0,0,0,0,0,2,3,84,216,3,128,132,4294967295,32,4294967295
814,0,261,261,1,512,0,512,0,512,0,520,33280,17764,15516,15516,0,5,17759,0,0,0,3,0,17,0,1048576,0,0,0,inf,0.838424683,0.991760254,inf,0,0,0,0,0,0,0,0,0,0,0,0,0,0,0,0,0,0,0,0,0,0,0,0,0,0,0,0,0,0,0,0,0,0,0,0,0,0,0,0,0,0,0,0,0,0,0,0,0,0,0,0,0,0,0,0,0,0,0,0,0,0,0,0,0,0,0,0,0,0,0,0,0,0,0,0,0,0,0,0,0,0,0,0,0,0,0,0,0,41,100,4294967295,4294967295,4294967295,4294967295,4294967295,4294967295,4294967295,4294967295
815,0.100000001,261,261,1,512,1,511,0,511,1,519,33280,8275,25005,25005,0,4,8271,0,0,0,1,1,17,0,1048576,0,0,0,inf,1.10305786,1.72795105,inf,0,0,0,0,0,0,0,0,0,0,0,0,0,0,0,0,0,0,0,0,0,0,0,1,0,0,0,0,0,0,0,0,0,0,0,0,0,0,0,0,0,0,0,0,0,0,0,0,0,0,0,0,0,0,0,0,0,0,0,0,0,0,0,0,0,0,0,0,0,0,0,0,0,0,0,0,0,0,0,0,0,0,0,0,0,0,0,0,0,5,4294967295,4294967295,4294967295,4294967295,4294967295,4294967295,4294967295,4294967295,4294967295
816,0.400000006,261,261,1,512,4,508,2,508,2,518,33280,13236,20044,20044,0,49,13187,0,0,0,767,4,17,0,1048576,0,0,0,inf,0.935256958,1.16415405,inf,0,0,0,0,0,0,0,0,0,0,0,0,0,0,0,0,0,0,0,0,0,0,0,71,0,0,0,0,0,0,0,0,0,0,0,0,0,0,0,0,0,0,0,0,0,0,0,0,0,0,0,0,0,0,0,0,0,0,0,0,0,0,0,0,0,0,0,0,0,0,0,0,0,0,0,0,0,0,0,0,0,0,0,0,0,0,0,0,0,6,5,73,5,5,14,175,21,4294967295,15
817,0.100000001,261,261,1,512,1,511,0,511,1,519,33280,23159,10121,10121,0,13,23146,0,0,0,283,1,17,0,1048576,0,0,0,inf,1.074646,1.1763916,inf,0,0,0,0,0,0,0,0,0,0,0,0,0,0,0,0,0,0,0,0,0,0,0,1,0,0,0,0,0,0,0,0,0,0,0,0,0,0,0,0,0,0,0,0,0,0,0,0,0,0,0,0,0,0,0,0,0,0,0,0,0,0,0,0,0,0,0,0,0,0,0,0,0,0,0,0,0,0,0,0,0,0,0,0,0,0,0,0,0,111,9,4294967295,76,33,4294967295,4294967295,4294967295,188,4294967295
818,0.100000001,261,261,1,512,1,511,0,511,1,519,33280,16068,17212,17212,0,9,16059,0,0,0,825,1,17,0,1048576,0,0,0,inf,1.00715637,1.21243286,inf,0,0,0,0,0,0,0,0,0,0,0,0,0,0,0,0,0,0,0,0,0,0,0,1,0,0,0,0,0,0,0,0,0,0,0,0,0,0,0,0,0,0,0,0,0,0,0,0,0,0,0,0,0,0,0,0,0,0,0,0,0,0,0,0,0,0,0,0,0,0,0,0,0,0,0,0,0,0,0,0,0,0,0,0,0,0,0,0,0,3,4294967295,4294967295,14,28,59,4294967295,4294967295,128,130
819,0,261,261,1,512,0,512,0,512,0,520,33280,21877,11403,11403,0,2,21875,0,0,0,3,0,17,0,1048576,0,0,0,inf,0.956878662,1.08776855,inf,0,0,0,0,0,0,0,0,0,0,0,0,0,0,0,0,0,0,0,0,0,0,0,0,0,0,0,0,0,0,0,0,0,0,0,0,0,0,0,0,0,0,0,0,0,0,0,0,0,0,0,0,0,0,0,0,0,0,0,0,0,0,0,0,0,0,0,0,0,0,0,0,0,0,0,0,0,0,0,0,0,0,0,0,0,0,0,0,0,184,33,4294967295,4294967295,4294967295,4294967295,4294967295,4294967295,4294967295,4294967295
820,0.100000001,261,261,1,512,1,511,1,511,0,520,33280,8981,24299,24299,0,17,8964,0,0,0,255,1,17,0,1048576,0,0,0,inf,1.50105286,1.8505249,inf,0,0,0,0,0,0,0,0,0,0,0,0,0,0,0,0,0,0,0,0,0,0,0,4,0,0,0,0,0,0,0,0,0,0,0,0,0,0,0,0,0,0,0,0,0,0,0,0,0,0,0,0,0,0,0,0,0,0,0,0,0,0,0,0,0,0,0,0,0,0,0,0,0,0,0,0,0,0,0,0,0,0,0,0,0,0,0,0,0,7,95,254,68,190,18,94,65,4294967295,4294967295
821,0.200000003,261,261,1,512,2,510,2,510,0,520,33280,13685,19595,19595,0,4,13681,0,0,0,35,2,17,0,1048576,0,0,0,inf,1.13221741,1.43289185,inf,0,0,0,0,0,0,0,0,0,0,0,0,0,0,0,0,0,0,0,0,0,0,0,3,0,0,0,0,0,0,0,0,0,0,0,0,0,0,0,0,0,0,0,0,0,0,0,0,0,0,0,0,0,0,0,0,0,0,0,0,0,0,0,0,0,0,0,0,0,0,0,0,0,0,0,0,0,0,0,0,0,0,0,0,0,0,0,0,0,16,10,4294967295,4294967295,4294967295,10,4294967295,4294967295,4294967295,4294967295
822,0,261,261,1,512,0,512,0,512,0,520,33280,23312,9968,9968,0,12,23300,0,0,0,141,0,17,0,1048576,0,0,0,inf,0.872146606,0.976394653,inf,0,0,0,0,0,0,0,0,0,0,0,0,0,0,0,0,0,0,0,0,0,0,0,0,0,0,0,0,0,0,0,0,0,0,0,0,0,0,0,0,0,0,0,0,0,0,0,0,0,0,0,0,0,0,0,0,0,0,0,0,0,0,0,0,0,0,0,0,0,0,0,0,0,0,0,0,0,0,0,0,0,0,0,0,0,0,0,0,0,45,4294967295,166,17,4294967295,4294967295,4294967295,81,4294967295,4294967295
823,0.100000001,261,261,1,512,1,511,0,511,1,519,33280,16761,16519,16519,0,13,16748,0,0,0,541,1,17,0,1048576,0,0,0,inf,0.912704468,1.04110718,inf,0,0,0,0,0,0,0,0,0,0,0,0,0,0,0,0,0,0,0,0,0,0,0,1,0,0,0,0,0,0,0,0,0,0,0,0,0,0,0,0,0,0,0,0,0,0,0,0,0,0,0,0,0,0,0,0,0,0,0,0,0,0,0,0,0,0,0,0,0,0,0,0,0,0,0,0,0,0,0,0,0,0,0,0,0,0,0,0,0,3,4294967295,171,171,54,4294967295,4294967295,4294967295,4294967295,78
824,0,261,261,1,512,0,512,0,512,0,520,33280,21705,11575,11575,0,3,21702,0,0,0,521,0,17,0,1048576,0,0,0,inf,0.856994629,1.01387024,inf,0,0,0,0,0,0,0,0,0,0,0,0,0,0,0,0,0,0,0,0,0,0,0,0,0,0,0,0,0,0,0,0,0,0,0,0,0,0,0,0,0,0,0,0,0,0,0,0,0,0,0,0,0,0,0,0,0,0,0,0,0,0,0,0,0,0,0,0,0,0,0,0,0,0,0,0,0,0,0,0,0,0,0,0,0,0,0,0,0,143,4294967295,4294967295,226,4294967295,4294967295,4294967295,4294967295,4294967295,139
825,0.899999976,261,261,1,512,13,499,3,499,10,510,33280,19395,13885,13885,0,122,19273,0,0,0,511,10,17,0,1048576,0,0,0,inf,1.25881958,1.41807556,1.25839233,0,0,0,0,0,0,0,0,0,0,0,0,0,0,0,0,0,0,0,0,0,0,0,511,0,0,0,0,0,0,0,0,0,0,0,0,0,0,0,0,0,0,0,0,0,0,0,0,0,0,0,0,0,0,0,0,0,0,0,0,0,0,0,0,0,0,0,0,0,0,0,0,0,0,0,0,0,0,0,0,0,0,0,0,0,0,0,0,0,67,68,60,130,66,68,59,25,16,4294967295
826,0.100000001,261,261,1,512,1,511,0,511,1,519,33280,22992,10288,10288,0,8,22984,0,0,0,522,1,17,0,1048576,0,0,0,inf,1.07069397,1.1708374,inf,0,0,0,0,0,0,0,0,0,0,0,0,0,0,0,0,0,0,0,0,0,0,0,2,0,0,0,0,0,0,0,0,0,0,0,0,0,0,0,0,0,0,0,0,0,0,0,0,0,0,0,0,0,0,0,0,0,0,0,0,0,0,0,0,0,0,0,0,0,0,0,0,0,0,0,0,0,0,0,0,0,0,0,0,0,0,0,0,0,4294967295,52,4294967295,2,4294967295,4294967295,4294967295,4294967295,4294967295,256
827,0,261,261,1,512,0,512,0,512,0,520,33280,20032,13248,13248,0,15,20017,0,0,0,207,0,17,0,1048576,0,0,0,inf,0.812515259,0.986801147,inf,0,0,0,0,0,0,0,0,0,0,0,0,0,0,0,0,0,0,0,0,0,0,0,0,0,0,0,0,0,0,0,0,0,0,0,0,0,0,0,0,0,0,0,0,0,0,0,0,0,0,0,0,0,0,0,0,0,0,0,0,0,0,0,0,0,0,0,0,0,0,0,0,0,0,0,0,0,0,0,0,0,0,0,0,0,0,0,0,0,19,76,42,220,4294967295,4294967295,61,231,4294967295,4294967295
828,0,261,261,1,512,0,512,0,512,0,520,33280,14128,19152,19152,0,3,14125,0,0,0,3,0,17,0,1048576,0,0,0,inf,0.856948853,1.02453613,inf,0,0,0,0,0,0,0,0,0,0,0,0,0,0,0,0,0,0,0,0,0,0,0,0,0,0,0,0,0,0,0,0,0,0,0,0,0,0,0,0,0,0,0,0,0,0,0,0,0,0,0,0,0,0,0,0,0,0,0,0,0,0,0,0,0,0,0,0,0,0,0,0,0,0,0,0,0,0,0,0,0,0,0,0,0,0,0,0,0,152,78,4294967295,4294967295,4294967295,4294967295,4294967295,4294967295,4294967295,4294967295
829,0,261,261,1,512,0,512,0,512,0,520,33280,10052,23228,23228,0,6,10046,0,0,0,31,0,17,0,1048576,0,0,0,inf,0.918060303,1.33570862,inf,0,0,0,0,0,0,0,0,0,0,0,0,0,0,0,0,0,0,0,0,0,0,0,0,0,0,0,0,0,0,0,0,0,0,0,0,0,0,0,0,0,0,0,0,0,0,0,0,0,0,0,0,0,0,0,0,0,0,0,0,0,0,0,0,0,0,0,0,0,0,0,0,0,0,0,0,0,0,0,0,0,0,0,0,0,0,0,0,0,12,6,27,173,233,4294967295,4294967295,4294967295,4294967295,4294967295
830,1,261,261,1,512,10,502,6,502,4,516,33280,23128,10152,10152,0,90,23038,0,0,0,1023,10,17,0,1048576,0,0,0,inf,0.80708313,0.916824341,0.822418213,0,0,0,0,0,0,0,0,0,0,0,0,0,0,0,0,0,0,0,0,0,0,0,1023,0,0,0,0,0,0,0,0,0,0,0,0,0,0,0,0,0,0,0,0,0,0,0,0,0,0,0,0,0,0,0,0,0,0,0,0,0,0,0,0,0,0,0,0,0,0,0,0,0,0,0,0,0,0,0,0,0,0,0,0,0,0,0,0,0,5,20,12,20,44,37,20,9,141,69
831,1,261,261,1,512,24,488,12,488,12,508,33280,11127,22153,22153,0,181,10946,0,0,0,1023,10,17,0,1048576,0,0,0,inf,1.12794495,1.38116455,1.07725525,0,0,0,0,0,0,0,0,0,0,0,0,0,0,0,0,0,0,0,0,0,0,0,1023,0,0,0,0,0,0,0,0,0,0,0,0,0,0,0,0,0,0,0,0,0,0,0,0,0,0,0,0,0,0,0,0,0,0,0,0,0,0,0,0,0,0,0,0,0,0,0,0,0,0,0,0,0,0,0,0,0,0,0,0,0,0,0,0,0,5,8,7,5,5,9,10,18,21,6
832,1,261,261,1,512,22,490,12,490,10,510,33280,10266,23014,23014,0,115,10151,0,0,0,1023,10,17,0,1048576,0,0,0,inf,1.0227356,1.25010681,1.00971985,0,0,0,0,0,0,0,0,0,0,0,0,0,0,0,0,0,0,0,0,0,0,0,1023,0,0,0,0,0,0,0,0,0,0,0,0,0,0,0,0,0,0,0,0,0,0,0,0,0,0,0,0,0,0,0,0,0,0,0,0,0,0,0,0,0,0,0,0,0,0,0,0,0,0,0,0,0,0,0,0,0,0,0,0,0,0,0,0,0,4,5,7,5,2,1,5,11,1,5
833,1,261,261,1,512,26,486,4,486,22,498,33280,15123,18157,18157,0,115,15008,0,0,0,1023,10,17,0,1048576,0,0,0,inf,0.897659302,1.0418396,0.758422852,0,0,0,0,0,0,0,0,0,0,0,0,0,0,0,0,0,0,0,0,0,0,0,1023,0,0,0,0,0,0,0,0,0,0,0,0,0,0,0,0,0,0,0,0,0,0,0,0,0,0,0,0,0,0,0,0,0,0,0,0,0,0,0,0,0,0,0,0,0,0,0,0,0,0,0,0,0,0,0,0,0,0,0,0,0,0,0,0,0,6,6,12,11,2,13,7,7,3,23
834,1,261,261,1,512,271,241,34,241,239,281,33280,8580,24700,24700,0,1272,7308,0,0,0,1023,10,17,0,1048576,0,0,0,inf,0.9581604,1.37225342,0.591369629,0,0,0,0,0,0,0,0,0,0,0,0,0,0,0,0,0,0,0,0,0,0,0,1023,0,0,0,0,0,0,0,0,0,0,0,0,0,0,0,0,0,0,0,0,0,0,0,0,0,0,0,0,0,0,0,0,0,0,0,0,0,0,0,0,0,0,0,0,0,0,0,0,0,0,0,0,0,0,0,0,0,0,0,0,0,0,0,0,0,4,4,4,2,3,4,4,5,4,5
835,0.100000001,261,261,1,512,1,511,1,511,0,520,33280,20039,13241,13241,0,11,20028,0,0,0,926,1,17,0,1048576,0,0,0,inf,1.02023315,1.13511658,inf,0,0,0,0,0,0,0,0,0,0,0,0,0,0,0,0,0,0,0,0,0,0,0,4,0,0,0,0,0,0,0,0,0,0,0,0,0,0,0,0,0,0,0,0,0,0,0,0,0,0,0,0,0,0,0,0,0,0,0,0,0,0,0,0,0,0,0,0,0,0,0,0,0,0,0,0,0,0,0,0,0,0,0,0,0,0,0,0,0,4294967295,5,147,12,83,4294967295,4294967295,96,96,207
836,1,261,261,1,512,26,486,6,486,20,500,33280,13748,19532,19532,0,142,13606,0,0,0,1023,10,17,0,1048576,0,0,0,inf,0.708435059,0.888427734,0.640609741,0,0,0,0,0,0,0,0,0,0,0,0,0,0,0,0,0,0,0,0,0,0,0,1023,0,0,0,0,0,0,0,0,0,0,0,0,0,0,0,0,0,0,0,0,0,0,0,0,0,0,0,0,0,0,0,0,0,0,0,0,0,0,0,0,0,0,0,0,0,0,0,0,0,0,0,0,0,0,0,0,0,0,0,0,0,0,0,0,0,8,6,4,4,6,11,15,15,29,5
837,0.300000012,261,261,1,512,3,509,0,509,3,517,33280,21700,11580,11580,0,7,21693,0,0,0,527,3,17,0,1048576,0,0,0,inf,1.36192322,1.48387146,inf,0,0,0,0,0,0,0,0,0,0,0,0,0,0,0,0,0,0,0,0,0,0,0,7,0,0,0,0,0,0,0,0,0,0,0,0,0,0,0,0,0,0,0,0,0,0,0,0,0,0,0,0,0,0,0,0,0,0,0,0,0,0,0,0,0,0,0,0,0,0,0,0,0,0,0,0,0,0,0,0,0,0,0,0,0,0,0,0,0,31,86,13,31,4294967295,4294967295,4294967295,4294967295,4294967295,68
838,1,261,261,1,512,44,468,24,468,20,500,33280,9274,24006,24006,0,335,8939,0,0,0,1023,10,17,0,1048576,0,0,0,inf,0.588500977,0.905914307,0.560638428,0,0,0,0,0,0,0,0,0,0,0,0,0,0,0,0,0,0,0,0,0,0,0,1023,0,0,0,0,0,0,0,0,0,0,0,0,0,0,0,0,0,0,0,0,0,0,0,0,0,0,0,0,0,0,0,0,0,0,0,0,0,0,0,0,0,0,0,0,0,0,0,0,0,0,0,0,0,0,0,0,0,0,0,0,0,0,0,0,0,3,2,13,8,5,28,23,11,25,25
839,0,261,261,1,512,0,512,0,512,0,520,33280,26276,7004,7004,0,14,26262,0,0,0,129,0,17,0,1048576,0,0,0,inf,1.08404541,1.15370178,inf,0,0,0,0,0,0,0,0,0,0,0,0,0,0,0,0,0,0,0,0,0,0,0,0,0,0,0,0,0,0,0,0,0,0,0,0,0,0,0,0,0,0,0,0,0,0,0,0,0,0,0,0,0,0,0,0,0,0,0,0,0,0,0,0,0,0,0,0,0,0,0,0,0,0,0,0,0,0,0,0,0,0,0,0,0,0,0,0,0,12,4294967295,4294967295,4294967295,4294967295,4294967295,4294967295,242,4294967295,4294967295
840,1,261,261,1,512,11,501,1,501,10,510,33280,12067,21213,21213,0,18,12049,0,0,0,1023,10,17,0,1048576,0,0,0,inf,0.664199829,0.849243164,0.65222168,0,0,0,0,0,0,0,0,0,0,0,0,0,0,0,0,0,0,0,0,0,0,0,1023,0,0,0,0,0,0,0,0,0,0,0,0,0,0,0,0,0,0,0,0,0,0,0,0,0,0,0,0,0,0,0,0,0,0,0,0,0,0,0,0,0,0,0,0,0,0,0,0,0,0,0,0,0,0,0,0,0,0,0,0,0,0,0,0,0,2,4,12,3,6,3,3,12,16,76
841,0,261,261,1,512,0,512,0,512,0,520,33280,22511,10769,10769,0,4,22507,0,0,0,5,0,17,0,1048576,0,0,0,inf,1.16009521,1.28317261,inf,0,0,0,0,0,0,0,0,0,0,0,0,0,0,0,0,0,0,0,0,0,0,0,0,0,0,0,0,0,0,0,0,0,0,0,0,0,0,0,0,0,0,0,0,0,0,0,0,0,0,0,0,0,0,0,0,0,0,0,0,0,0,0,0,0,0,0,0,0,0,0,0,0,0,0,0,0,0,0,0,0,0,0,0,0,0,0,0,0,18,4294967295,35,4294967295,4294967295,4294967295,4294967295,4294967295,4294967295,4294967295
842,0,261,261,1,512,0,512,0,512,0,520,33280,10943,22337,22337,0,0,10943,0,0,0,0,0,17,0,1048576,0,0,0,inf,1.15602112,1.42077637,inf,0,0,0,0,0,0,0,0,0,0,0,0,0,0,0,0,0,0,0,0,0,0,0,0,0,0,0,0,0,0,0,0,0,0,0,0,0,0,0,0,0,0,0,0,0,0,0,0,0,0,0,0,0,0,0,0,0,0,0,0,0,0,0,0,0,0,0,0,0,0,0,0,0,0,0,0,0,0,0,0,0,0,0,0,0,0,0,0,0,4294967295,4294967295,4294967295,4294967295,4294967295,4294967295,4294967295,4294967295,4294967295,4294967295
843,0.100000001,261,261,1,512,1,511,1,511,0,520,33280,17679,15601,15601,0,9,17670,0,0,0,687,1,17,0,1048576,0,0,0,inf,1.12278748,1.26673889,inf,0,0,0,0,0,0,0,0,0,0,0,0,0,0,0,0,0,0,0,0,0,0,0,1,0,0,0,0,0,0,0,0,0,0,0,0,0,0,0,0,0,0,0,0,0,0,0,0,0,0,0,0,0,0,0,0,0,0,0,0,0,0,0,0,0,0,0,0,0,0,0,0,0,0,0,0,0,0,0,0,0,0,0,0,0,0,0,0,0,184,88,28,24,4294967295,112,4294967295,70,4294967295,151
844,0.100000001,261,261,1,512,1,511,1,511,0,520,33280,9965,23315,23315,0,2,9963,0,0,0,3,1,17,0,1048576,0,0,0,inf,0.598739624,0.798522949,inf,0,0,0,0,0,0,0,0,0,0,0,0,0,0,0,0,0,0,0,0,0,0,0,2,0,0,0,0,0,0,0,0,0,0,0,0,0,0,0,0,0,0,0,0,0,0,0,0,0,0,0,0,0,0,0,0,0,0,0,0,0,0,0,0,0,0,0,0,0,0,0,0,0,0,0,0,0,0,0,0,0,0,0,0,0,0,0,0,0,18,233,4294967295,4294967295,4294967295,4294967295,4294967295,4294967295,4294967295,4294967295
845,0,261,261,1,512,0,512,0,512,0,520,33280,13220,20060,20060,0,1,13219,0,0,0,128,0,17,0,1048576,0,0,0,inf,1.25782776,1.41873169,inf,0,0,0,0,0,0,0,0,0,0,0,0,0,0,0,0,0,0,0,0,0,0,0,0,0,0,0,0,0,0,0,0,0,0,0,0,0,0,0,0,0,0,0,0,0,0,0,0,0,0,0,0,0,0,0,0,0,0,0,0,0,0,0,0,0,0,0,0,0,0,0,0,0,0,0,0,0,0,0,0,0,0,0,0,0,0,0,0,0,4294967295,4294967295,4294967295,4294967295,4294967295,4294967295,4294967295,127,4294967295,4294967295
846,1,261,261,1,512,107,405,48,405,59,461,33280,7710,25570,25570,0,692,7018,0,0,0,1023,10,17,0,1048576,0,0,0,inf,0.460769653,0.650665283,0.350387573,0,0,0,0,0,0,0,0,0,0,0,0,0,0,0,0,0,0,0,0,0,0,0,1023,0,0,0,0,0,0,0,0,0,0,0,0,0,0,0,0,0,0,0,0,0,0,0,0,0,0,0,0,0,0,0,0,0,0,0,0,0,0,0,0,0,0,0,0,0,0,0,0,0,0,0,0,0,0,0,0,0,0,0,0,0,0,0,0,0,3,3,3,2,2,3,5,4,21,3
847,0,261,261,1,512,0,512,0,512,0,520,33280,10842,22438,22438,0,6,10836,0,0,0,563,0,17,0,1048576,0,0,0,inf,0.918441772,1.27288818,inf,0,0,0,0,0,0,0,0,0,0,0,0,0,0,0,0,0,0,0,0,0,0,0,0,0,0,0,0,0,0,0,0,0,0,0,0,0,0,0,0,0,0,0,0,0,0,0,0,0,0,0,0,0,0,0,0,0,0,0,0,0,0,0,0,0,0,0,0,0,0,0,0,0,0,0,0,0,0,0,0,0,0,0,0,0,0,0,0,0,11,131,4294967295,4294967295,228,166,4294967295,4294967295,4294967295,90
848,1,261,261,1,512,14,498,3,498,11,509,33280,9261,24019,24019,0,30,9231,0,0,0,1023,10,17,0,1048576,0,0,0,inf,0.517379761,0.772094727,0.495849609,0,0,0,0,0,0,0,0,0,0,0,0,0,0,0,0,0,0,0,0,0,0,0,1023,0,0,0,0,0,0,0,0,0,0,0,0,0,0,0,0,0,0,0,0,0,0,0,0,0,0,0,0,0,0,0,0,0,0,0,0,0,0,0,0,0,0,0,0,0,0,0,0,0,0,0,0,0,0,0,0,0,0,0,0,0,0,0,0,0,4,3,9,27,7,5,25,5,22,8
849,1,261,261,1,512,109,403,0,403,109,411,33280,14530,18750,18750,0,137,14393,0,0,0,1023,10,17,0,1048576,0,0,0,inf,0.773300171,0.91116333,0.0546417236,0,0,0,0,0,0,0,0,0,0,0,0,0,0,0,0,0,0,0,0,0,0,0,1023,0,0,0,0,0,0,0,0,0,0,0,0,0,0,0,0,0,0,0,0,0,0,0,0,0,0,0,0,0,0,0,0,0,0,0,0,0,0,0,0,0,0,0,0,0,0,0,0,0,0,0,0,0,0,0,0,0,0,0,0,0,0,0,0,0,2,4,3,3,3,2,4,4,5,3
850,0.5,261,261,1,512,5,507,3,507,2,518,33280,8806,24474,24474,0,17,8789,0,0,0,1023,5,17,0,1048576,0,0,0,inf,0.727493286,0.997512817,inf,0,0,0,0,0,0,0,0,0,0,0,0,0,0,0,0,0,0,0,0,0,0,0,79,0,0,0,0,0,0,0,0,0,0,0,0,0,0,0,0,0,0,0,0,0,0,0,0,0,0,0,0,0,0,0,0,0,0,0,0,0,0,0,0,0,0,0,0,0,0,0,0,0,0,0,0,0,0,0,0,0,0,0,0,0,0,0,0,0,3,29,76,131,76,15,97,76,14,14
851,0.300000012,261,261,1,512,3,509,0,509,3,517,33280,13769,19511,19511,0,48,13721,0,0,0,959,3,17,0,1048576,0,0,0,inf,0.944137573,1.12796021,inf,0,0,0,0,0,0,0,0,0,0,0,0,0,0,0,0,0,0,0,0,0,0,0,7,0,0,0,0,0,0,0,0,0,0,0,0,0,0,0,0,0,0,0,0,0,0,0,0,0,0,0,0,0,0,0,0,0,0,0,0,0,0,0,0,0,0,0,0,0,0,0,0,0,0,0,0,0,0,0,0,0,0,0,0,0,0,0,0,0,4,8,15,8,14,16,4294967295,30,89,31
852,0.300000012,261,261,1,512,3,509,1,509,2,518,33280,11681,21599,21599,0,35,11646,0,0,0,1023,3,17,0,1048576,0,0,0,inf,1.11972046,1.36404419,inf,0,0,0,0,0,0,0,0,0,0,0,0,0,0,0,0,0,0,0,0,0,0,0,7,0,0,0,0,0,0,0,0,0,0,0,0,0,0,0,0,0,0,0,0,0,0,0,0,0,0,0,0,0,0,0,0,0,0,0,0,0,0,0,0,0,0,0,0,0,0,0,0,0,0,0,0,0,0,0,0,0,0,0,0,0,0,0,0,0,4,4,110,23,48,45,47,59,3,3
853,0.5,261,261,1,512,5,507,1,507,4,516,33280,19381,13899,13899,0,20,19361,0,0,0,639,5,17,0,1048576,0,0,0,inf,0.927215576,1.05247498,inf,0,0,0,0,0,0,0,0,0,0,0,0,0,0,0,0,0,0,0,0,0,0,0,31,0,0,0,0,0,0,0,0,0,0,0,0,0,0,0,0,0,0,0,0,0,0,0,0,0,0,0,0,0,0,0,0,0,0,0,0,0,0,0,0,0,0,0,0,0,0,0,0,0,0,0,0,0,0,0,0,0,0,0,0,0,0,0,0,0,5,4,5,5,4,8,190,4294967295,4294967295,146
854,0,261,261,1,512,0,512,0,512,0,520,33280,21999,11281,11281,0,10,21989,0,0,0,19,0,17,0,1048576,0,0,0,inf,1.14157104,1.24853516,inf,0,0,0,0,0,0,0,0,0,0,0,0,0,0,0,0,0,0,0,0,0,0,0,0,0,0,0,0,0,0,0,0,0,0,0,0,0,0,0,0,0,0,0,0,0,0,0,0,0,0,0,0,0,0,0,0,0,0,0,0,0,0,0,0,0,0,0,0,0,0,0,0,0,0,0,0,0,0,0,0,0,0,0,0,0,0,0,0,0,17,154,4294967295,4294967295,229,4294967295,4294967295,4294967295,4294967295,4294967295
855,0.100000001,261,261,1,512,1,511,0,511,1,519,33280,13064,20216,20216,0,5,13059,0,0,0,101,1,17,0,1048576,0,0,0,inf,0.528411865,0.75352478,inf,0,0,0,0,0,0,0,0,0,0,0,0,0,0,0,0,0,0,0,0,0,0,0,1,0,0,0,0,0,0,0,0,0,0,0,0,0,0,0,0,0,0,0,0,0,0,0,0,0,0,0,0,0,0,0,0,0,0,0,0,0,0,0,0,0,0,0,0,0,0,0,0,0,0,0,0,0,0,0,0,0,0,0,0,0,0,0,0,0,29,4294967295,187,4294967295,4294967295,39,91,4294967295,4294967295,4294967295
856,1,261,261,1,512,72,440,20,440,52,468,33280,16259,17021,17021,0,282,15977,0,0,0,1023,10,17,0,1048576,0,0,0,inf,0.832321167,0.965362549,0.649353027,0,0,0,0,0,0,0,0,0,0,0,0,0,0,0,0,0,0,0,0,0,0,0,1023,0,0,0,0,0,0,0,0,0,0,0,0,0,0,0,0,0,0,0,0,0,0,0,0,0,0,0,0,0,0,0,0,0,0,0,0,0,0,0,0,0,0,0,0,0,0,0,0,0,0,0,0,0,0,0,0,0,0,0,0,0,0,0,0,0,7,8,10,13,9,8,9,8,9,12
857,0.200000003,261,261,1,512,2,510,1,510,1,519,33280,16788,16492,16492,0,37,16751,0,0,0,1007,2,17,0,1048576,0,0,0,inf,1.0385437,1.21206665,inf,0,0,0,0,0,0,0,0,0,0,0,0,0,0,0,0,0,0,0,0,0,0,0,3,0,0,0,0,0,0,0,0,0,0,0,0,0,0,0,0,0,0,0,0,0,0,0,0,0,0,0,0,0,0,0,0,0,0,0,0,0,0,0,0,0,0,0,0,0,0,0,0,0,0,0,0,0,0,0,0,0,0,0,0,0,0,0,0,0,8,9,3,50,4294967295,23,242,51,108,23
858,0.100000001,261,261,1,512,1,511,0,511,1,519,33280,17499,15781,15781,0,14,17485,0,0,0,447,1,17,0,1048576,0,0,0,inf,0.882080078,1.06311035,inf,0,0,0,0,0,0,0,0,0,0,0,0,0,0,0,0,0,0,0,0,0,0,0,1,0,0,0,0,0,0,0,0,0,0,0,0,0,0,0,0,0,0,0,0,0,0,0,0,0,0,0,0,0,0,0,0,0,0,0,0,0,0,0,0,0,0,0,0,0,0,0,0,0,0,0,0,0,0,0,0,0,0,0,0,0,0,0,0,0,64,75,105,82,17,52,4294967295,217,234,4294967295
859,0.300000012,261,261,1,512,3,509,2,509,1,519,33280,18318,14962,14962,0,47,18271,0,0,0,255,3,17,0,1048576,0,0,0,inf,0.694473267,0.804458618,inf,0,0,0,0,0,0,0,0,0,0,0,0,0,0,0,0,0,0,0,0,0,0,0,7,0,0,0,0,0,0,0,0,0,0,0,0,0,0,0,0,0,0,0,0,0,0,0,0,0,0,0,0,0,0,0,0,0,0,0,0,0,0,0,0,0,0,0,0,0,0,0,0,0,0,0,0,0,0,0,0,0,0,0,0,0,0,0,0,0,8,15,118,5,18,164,181,99,4294967295,4294967295
860,1,261,261,1,512,48,464,22,464,26,494,33280,7414,25866,25866,0,158,7256,0,0,0,1023,10,17,0,1048576,0,0,0,inf,0.884475708,1.34785461,0.711364746,0,0,0,0,0,0,0,0,0,0,0,0,0,0,0,0,0,0,0,0,0,0,0,1023,0,0,0,0,0,0,0,0,0,0,0,0,0,0,0,0,0,0,0,0,0,0,0,0,0,0,0,0,0,0,0,0,0,0,0,0,0,0,0,0,0,0,0,0,0,0,0,0,0,0,0,0,0,0,0,0,0,0,0,0,0,0,0,0,0,1,11,3,29,2,3,4,7,7,28
861,0.100000001,261,261,1,512,1,511,0,511,1,519,33280,15925,17355,17355,0,7,15918,0,0,0,299,1,17,0,1048576,0,0,0,inf,0.732345581,0.923309326,inf,0,0,0,0,0,0,0,0,0,0,0,0,0,0,0,0,0,0,0,0,0,0,0,1,0,0,0,0,0,0,0,0,0,0,0,0,0,0,0,0,0,0,0,0,0,0,0,0,0,0,0,0,0,0,0,0,0,0,0,0,0,0,0,0,0,0,0,0,0,0,0,0,0,0,0,0,0,0,0,0,0,0,0,0,0,0,0,0,0,93,79,4294967295,239,4294967295,226,4294967295,4294967295,136,4294967295
862,0.5,261,261,1,512,7,505,7,505,0,520,33280,14114,19166,19166,0,34,14080,0,0,0,1023,7,17,0,1048576,0,0,0,inf,0.547012329,0.676498413,inf,0,0,0,0,0,0,0,0,0,0,0,0,0,0,0,0,0,0,0,0,0,0,0,179,0,0,0,0,0,0,0,0,0,0,0,0,0,0,0,0,0,0,0,0,0,0,0,0,0,0,0,0,0,0,0,0,0,0,0,0,0,0,0,0,0,0,0,0,0,0,0,0,0,0,0,0,0,0,0,0,0,0,0,0,0,0,0,0,0,4,13,16,25,231,231,30,185,35,108
863,0.200000003,261,261,1,512,2,510,0,510,2,518,33280,20056,13224,13224,0,9,20047,0,0,0,47,2,17,0,1048576,0,0,0,inf,1.15267944,1.29699707,inf,0,0,0,0,0,0,0,0,0,0,0,0,0,0,0,0,0,0,0,0,0,0,0,3,0,0,0,0,0,0,0,0,0,0,0,0,0,0,0,0,0,0,0,0,0,0,0,0,0,0,0,0,0,0,0,0,0,0,0,0,0,0,0,0,0,0,0,0,0,0,0,0,0,0,0,0,0,0,0,0,0,0,0,0,0,0,0,0,0,2,3,95,145,4294967295,114,4294967295,4294967295,4294967295,4294967295
864,0,261,261,1,512,0,512,0,512,0,520,33280,21722,11558,11558,0,13,21709,0,0,0,632,0,17,0,1048576,0,0,0,inf,1.25642395,1.41265869,inf,0,0,0,0,0,0,0,0,0,0,0,0,0,0,0,0,0,0,0,0,0,0,0,0,0,0,0,0,0,0,0,0,0,0,0,0,0,0,0,0,0,0,0,0,0,0,0,0,0,0,0,0,0,0,0,0,0,0,0,0,0,0,0,0,0,0,0,0,0,0,0,0,0,0,0,0,0,0,0,0,0,0,0,0,0,0,0,0,0,4294967295,4294967295,4294967295,253,9,255,14,4294967295,4294967295,251
865,1,261,261,1,512,37,475,6,475,31,489,33280,6326,26954,26954,0,63,6263,0,0,0,1023,10,17,0,1048576,0,0,0,inf,0.677062988,0.99407959,0.345916748,0,0,0,0,0,0,0,0,0,0,0,0,0,0,0,0,0,0,0,0,0,0,0,1023,0,0,0,0,0,0,0,0,0,0,0,0,0,0,0,0,0,0,0,0,0,0,0,0,0,0,0,0,0,0,0,0,0,0,0,0,0,0,0,0,0,0,0,0,0,0,0,0,0,0,0,0,0,0,0,0,0,0,0,0,0,0,0,0,0,3,3,3,5,3,2,2,3,3,3
866,0.400000006,261,261,1,512,8,504,4,504,4,516,33280,8967,24313,24313,0,90,8877,0,0,0,1023,8,17,0,1048576,0,0,0,inf,1.05296326,1.40124512,inf,0,0,0,0,0,0,0,0,0,0,0,0,0,0,0,0,0,0,0,0,0,0,0,15,0,0,0,0,0,0,0,0,0,0,0,0,0,0,0,0,0,0,0,0,0,0,0,0,0,0,0,0,0,0,0,0,0,0,0,0,0,0,0,0,0,0,0,0,0,0,0,0,0,0,0,0,0,0,0,0,0,0,0,0,0,0,0,0,0,7,2,20,12,23,58,32,13,8,13
867,0.100000001,261,261,1,512,1,511,0,511,1,519,33280,20353,12927,12927,0,12,20341,0,0,0,575,1,17,0,1048576,0,0,0,inf,1.16905212,1.31710815,inf,0,0,0,0,0,0,0,0,0,0,0,0,0,0,0,0,0,0,0,0,0,0,0,1,0,0,0,0,0,0,0,0,0,0,0,0,0,0,0,0,0,0,0,0,0,0,0,0,0,0,0,0,0,0,0,0,0,0,0,0,0,0,0,0,0,0,0,0,0,0,0,0,0,0,0,0,0,0,0,0,0,0,0,0,0,0,0,0,0,41,40,12,1,20,208,4294967295,4294967295,4294967295,137
868,1,261,261,1,512,194,318,36,318,158,362,33280,16312,16968,16968,0,1632,14680,0,0,0,1023,10,17,0,1048576,0,0,0,inf,0.980575562,1.21678162,0.674133301,0,0,0,0,0,0,0,0,0,0,0,0,0,0,0,0,0,0,0,0,0,0,0,1023,0,0,0,0,0,0,0,0,0,0,0,0,0,0,0,0,0,0,0,0,0,0,0,0,0,0,0,0,0,0,0,0,0,0,0,0,0,0,0,0,0,0,0,0,0,0,0,0,0,0,0,0,0,0,0,0,0,0,0,0,0,0,0,0,0,3,4,5,3,4,4,10,3,2,3
869,0.100000001,261,261,1,512,1,511,0,511,1,519,33280,19068,14212,14212,0,8,19060,0,0,0,287,1,17,0,1048576,0,0,0,inf,0.946762085,1.0941925,inf,0,0,0,0,0,0,0,0,0,0,0,0,0,0,0,0,0,0,0,0,0,0,0,1,0,0,0,0,0,0,0,0,0,0,0,0,0,0,0,0,0,0,0,0,0,0,0,0,0,0,0,0,0,0,0,0,0,0,0,0,0,0,0,0,0,0,0,0,0,0,0,0,0,0,0,0,0,0,0,0,0,0,0,0,0,0,0,0,0,95,9,18,27,33,4294967295,4294967295,4294967295,90,4294967295
870,0,261,261,1,512,0,512,0,512,0,520,33280,17825,15455,15455,0,14,17811,0,0,0,43,0,17,0,1048576,0,0,0,inf,1.08207703,1.2217865,inf,0,0,0,0,0,0,0,0,0,0,0,0,0,0,0,0,0,0,0,0,0,0,0,0,0,0,0,0,0,0,0,0,0,0,0,0,0,0,0,0,0,0,0,0,0,0,0,0,0,0,0,0,0,0,0,0,0,0,0,0,0,0,0,0,0,0,0,0,0,0,0,0,0,0,0,0,0,0,0,0,0,0,0,0,0,0,0,0,0,169,148,4294967295,154,4294967295,98,4294967295,4294967295,4294967295,4294967295
871,1,261,261,1,512,14,498,7,498,7,513,33280,16680,16600,16600,0,278,16402,0,0,0,1023,10,17,0,1048576,0,0,0,inf,1.21655273,1.4848175,1.24171448,0,0,0,0,0,0,0,0,0,0,0,0,0,0,0,0,0,0,0,0,0,0,0,1023,0,0,0,0,0,0,0,0,0,0,0,0,0,0,0,0,0,0,0,0,0,0,0,0,0,0,0,0,0,0,0,0,0,0,0,0,0,0,0,0,0,0,0,0,0,0,0,0,0,0,0,0,0,0,0,0,0,0,0,0,0,0,0,0,0,9,5,0,7,1,23,22,116,101,18
872,0,261,261,1,512,0,512,0,512,0,520,33280,10052,23228,23228,0,1,10051,0,0,0,1,0,17,0,1048576,0,0,0,inf,1.31411743,1.60350037,inf,0,0,0,0,0,0,0,0,0,0,0,0,0,0,0,0,0,0,0,0,0,0,0,0,0,0,0,0,0,0,0,0,0,0,0,0,0,0,0,0,0,0,0,0,0,0,0,0,0,0,0,0,0,0,0,0,0,0,0,0,0,0,0,0,0,0,0,0,0,0,0,0,0,0,0,0,0,0,0,0,0,0,0,0,0,0,0,0,0,9,4294967295,4294967295,4294967295,4294967295,4294967295,4294967295,4294967295,4294967295,4294967295
873,0.699999988,261,261,1,512,8,504,2,504,6,514,33280,7823,25457,25457,0,57,7766,0,0,0,1023,8,17,0,1048576,0,0,0,inf,0.625350952,0.867370605,inf,0,0,0,0,0,0,0,0,0,0,0,0,0,0,0,0,0,0,0,0,0,0,0,127,0,0,0,0,0,0,0,0,0,0,0,0,0,0,0,0,0,0,0,0,0,0,0,0,0,0,0,0,0,0,0,0,0,0,0,0,0,0,0,0,0,0,0,0,0,0,0,0,0,0,0,0,0,0,0,0,0,0,0,0,0,0,0,0,0,9,10,16,4,43,3,40,3,6,14
874,0.300000012,261,261,1,512,3,509,1,509,2,518,33280,8482,24798,24798,0,12,8470,0,0,0,1023,3,17,0,1048576,0,0,0,inf,0.939651489,1.6006012,inf,0,0,0,0,0,0,0,0,0,0,0,0,0,0,0,0,0,0,0,0,0,0,0,11,0,0,0,0,0,0,0,0,0,0,0,0,0,0,0,0,0,0,0,0,0,0,0,0,0,0,0,0,0,0,0,0,0,0,0,0,0,0,0,0,0,0,0,0,0,0,0,0,0,0,0,0,0,0,0,0,0,0,0,0,0,0,0,0,0,2,5,30,118,76,59,23,125,149,87
875,1,261,261,1,512,191,321,34,321,157,363,33280,14372,18908,18908,0,1600,12772,0,0,0,1023,10,17,0,1048576,0,0,0,inf,1.13482666,1.36334229,0.903549194,0,0,0,0,0,0,0,0,0,0,0,0,0,0,0,0,0,0,0,0,0,0,0,1023,0,0,0,0,0,0,0,0,0,0,0,0,0,0,0,0,0,0,0,0,0,0,0,0,0,0,0,0,0,0,0,0,0,0,0,0,0,0,0,0,0,0,0,0,0,0,0,0,0,0,0,0,0,0,0,0,0,0,0,0,0,0,0,0,0,2,3,3,1,4,2,1,10,9,4
876,1,261,261,1,512,13,499,3,499,10,510,33280,10999,22281,22281,0,64,10935,0,0,0,1023,10,17,0,1048576,0,0,0,inf,0.997924805,1.27926636,0.995559692,0,0,0,0,0,0,0,0,0,0,0,0,0,0,0,0,0,0,0,0,0,0,0,1023,0,0,0,0,0,0,0,0,0,0,0,0,0,0,0,0,0,0,0,0,0,0,0,0,0,0,0,0,0,0,0,0,0,0,0,0,0,0,0,0,0,0,0,0,0,0,0,0,0,0,0,0,0,0,0,0,0,0,0,0,0,0,0,0,0,2,7,42,5,38,11,4,4,7,20
877,0.100000001,261,261,1,512,1,511,0,511,1,519,33280,14285,18995,18995,0,18,14267,0,0,0,223,2,17,0,1048576,0,0,0,inf,0.602035522,0.751327515,inf,0,0,0,0,0,0,0,0,0,0,0,0,0,0,0,0,0,0,0,0,0,0,0,1,0,0,0,0,0,0,0,0,0,0,0,0,0,0,0,0,0,0,0,0,0,0,0,0,0,0,0,0,0,0,0,0,0,0,0,0,0,0,0,0,0,0,0,0,0,0,0,0,0,0,0,0,0,0,0,0,0,0,0,0,0,0,0,0,0,73,10,3,30,45,4294967295,96,158,4294967295,4294967295
878,0.200000003,261,261,1,512,2,510,0,510,2,518,33280,24744,8536,8536,0,24,24720,0,0,0,335,2,17,0,1048576,0,0,0,inf,1.00561523,1.13342285,inf,0,0,0,0,0,0,0,0,0,0,0,0,0,0,0,0,0,0,0,0,0,0,0,3,0,0,0,0,0,0,0,0,0,0,0,0,0,0,0,0,0,0,0,0,0,0,0,0,0,0,0,0,0,0,0,0,0,0,0,0,0,0,0,0,0,0,0,0,0,0,0,0,0,0,0,0,0,0,0,0,0,0,0,0,0,0,0,0,0,6,13,33,92,4294967295,4294967295,244,4294967295,193,4294967295
879,0,261,261,1,512,0,512,0,512,0,520,33280,22568,10712,10712,0,5,22563,0,0,0,192,0,17,0,1048576,0,0,0,inf,0.800201416,0.939727783,inf,0,0,0,0,0,0,0,0,0,0,0,0,0,0,0,0,0,0,0,0,0,0,0,0,0,0,0,0,0,0,0,0,0,0,0,0,0,0,0,0,0,0,0,0,0,0,0,0,0,0,0,0,0,0,0,0,0,0,0,0,0,0,0,0,0,0,0,0,0,0,0,0,0,0,0,0,0,0,0,0,0,0,0,0,0,0,0,0,0,4294967295,4294967295,4294967295,4294967295,4294967295,4294967295,181,112,4294967295,4294967295
880,0,261,261,1,512,0,512,0,512,0,520,33280,18417,14863,14863,0,9,18408,0,0,0,39,0,17,0,1048576,0,0,0,inf,1.03405762,1.19285583,inf,0,0,0,0,0,0,0,0,0,0,0,0,0,0,0,0,0,0,0,0,0,0,0,0,0,0,0,0,0,0,0,0,0,0,0,0,0,0,0,0,0,0,0,0,0,0,0,0,0,0,0,0,0,0,0,0,0,0,0,0,0,0,0,0,0,0,0,0,0,0,0,0,0,0,0,0,0,0,0,0,0,0,0,0,0,0,0,0,0,18,46,98,4294967295,4294967295,12,4294967295,4294967295,4294967295,4294967295
881,0.600000024,261,261,1,512,6,506,1,506,5,515,33280,22612,10668,10668,0,20,22592,0,0,0,1023,6,17,0,1048576,0,0,0,inf,1.19482422,1.37387085,inf,0,0,0,0,0,0,0,0,0,0,0,0,0,0,0,0,0,0,0,0,0,0,0,63,0,0,0,0,0,0,0,0,0,0,0,0,0,0,0,0,0,0,0,0,0,0,0,0,0,0,0,0,0,0,0,0,0,0,0,0,0,0,0,0,0,0,0,0,0,0,0,0,0,0,0,0,0,0,0,0,0,0,0,0,0,0,0,0,0,4,18,4,6,5,4,5,16,102,147
882,1,261,261,1,512,19,493,9,493,10,510,33280,15667,17613,17613,0,167,15500,0,0,0,1023,10,17,0,1048576,0,0,0,inf,0.83706665,1.00567627,0.832290649,0,0,0,0,0,0,0,0,0,0,0,0,0,0,0,0,0,0,0,0,0,0,0,1023,0,0,0,0,0,0,0,0,0,0,0,0,0,0,0,0,0,0,0,0,0,0,0,0,0,0,0,0,0,0,0,0,0,0,0,0,0,0,0,0,0,0,0,0,0,0,0,0,0,0,0,0,0,0,0,0,0,0,0,0,0,0,0,0,0,2,6,1,18,8,2,6,7,5,20
883,0,261,261,1,512,0,512,0,512,0,520,33280,21902,11378,11378,0,12,21890,0,0,0,239,0,17,0,1048576,0,0,0,inf,1.28433228,1.47088623,inf,0,0,0,0,0,0,0,0,0,0,0,0,0,0,0,0,0,0,0,0,0,0,0,0,0,0,0,0,0,0,0,0,0,0,0,0,0,0,0,0,0,0,0,0,0,0,0,0,0,0,0,0,0,0,0,0,0,0,0,0,0,0,0,0,0,0,0,0,0,0,0,0,0,0,0,0,0,0,0,0,0,0,0,0,0,0,0,0,0,191,3,27,80,4294967295,15,114,75,4294967295,4294967295
884,1,261,261,1,512,86,426,24,426,62,458,33280,17341,15939,15939,0,560,16781,0,0,0,1023,10,17,0,1048576,0,0,0,inf,0.635345459,0.73777771,0.537139893,0,0,0,0,0,0,0,0,0,0,0,0,0,0,0,0,0,0,0,0,0,0,0,1023,0,0,0,0,0,0,0,0,0,0,0,0,0,0,0,0,0,0,0,0,0,0,0,0,0,0,0,0,0,0,0,0,0,0,0,0,0,0,0,0,0,0,0,0,0,0,0,0,0,0,0,0,0,0,0,0,0,0,0,0,0,0,0,0,0,14,23,10,15,15,8,21,15,15,22
885,0,261,261,1,512,0,512,0,512,0,520,33280,4396,28884,28884,0,0,4396,0,0,0,0,0,17,0,1048576,0,0,0,inf,0.759658813,1.3739624,inf,0,0,0,0,0,0,0,0,0,0,0,0,0,0,0,0,0,0,0,0,0,0,0,0,0,0,0,0,0,0,0,0,0,0,0,0,0,0,0,0,0,0,0,0,0,0,0,0,0,0,0,0,0,0,0,0,0,0,0,0,0,0,0,0,0,0,0,0,0,0,0,0,0,0,0,0,0,0,0,0,0,0,0,0,0,0,0,0,0,4294967295,4294967295,4294967295,4294967295,4294967295,4294967295,4294967295,4294967295,4294967295,4294967295
886,0.200000003,261,261,1,512,2,510,1,510,1,519,33280,14472,18808,18808,0,7,14465,0,0,0,143,2,17,0,1048576,0,0,0,inf,0.808349609,0.979507446,inf,0,0,0,0,0,0,0,0,0,0,0,0,0,0,0,0,0,0,0,0,0,0,0,3,0,0,0,0,0,0,0,0,0,0,0,0,0,0,0,0,0,0,0,0,0,0,0,0,0,0,0,0,0,0,0,0,0,0,0,0,0,0,0,0,0,0,0,0,0,0,0,0,0,0,0,0,0,0,0,0,0,0,0,0,0,0,0,0,0,31,66,49,90,4294967295,4294967295,4294967295,236,4294967295,4294967295
887,1,261,261,1,512,231,281,35,281,196,324,33280,15602,17678,17678,0,1225,14377,0,0,0,1023,10,17,0,1048576,0,0,0,inf,0.724212646,0.84538269,0.461791992,0,0,0,0,0,0,0,0,0,0,0,0,0,0,0,0,0,0,0,0,0,0,0,1023,0,0,0,0,0,0,0,0,0,0,0,0,0,0,0,0,0,0,0,0,0,0,0,0,0,0,0,0,0,0,0,0,0,0,0,0,0,0,0,0,0,0,0,0,0,0,0,0,0,0,0,0,0,0,0,0,0,0,0,0,0,0,0,0,0,2,1,1,2,2,1,1,1,2,2
888,0,261,261,1,512,0,512,0,512,0,520,33280,8059,25221,25221,0,4,8055,0,0,0,7,0,17,0,1048576,0,0,0,inf,1.11222839,1.45463562,inf,0,0,0,0,0,0,0,0,0,0,0,0,0,0,0,0,0,0,0,0,0,0,0,0,0,0,0,0,0,0,0,0,0,0,0,0,0,0,0,0,0,0,0,0,0,0,0,0,0,0,0,0,0,0,0,0,0,0,0,0,0,0,0,0,0,0,0,0,0,0,0,0,0,0,0,0,0,0,0,0,0,0,0,0,0,0,0,0,0,27,126,134,4294967295,4294967295,4294967295,4294967295,4294967295,4294967295,4294967295
889,0,261,261,1,512,0,512,0,512,0,520,33280,22555,10725,10725,0,8,22547,0,0,0,153,0,17,0,1048576,0,0,0,inf,1.19023132,1.34790039,inf,0,0,0,0,0,0,0,0,0,0,0,0,0,0,0,0,0,0,0,0,0,0,0,0,0,0,0,0,0,0,0,0,0,0,0,0,0,0,0,0,0,0,0,0,0,0,0,0,0,0,0,0,0,0,0,0,0,0,0,0,0,0,0,0,0,0,0,0,0,0,0,0,0,0,0,0,0,0,0,0,0,0,0,0,0,0,0,0,0,11,4294967295,4294967295,160,138,4294967295,4294967295,7,4294967295,4294967295
890,0.899999976,261,261,1,512,10,502,2,502,8,512,33280,15012,18268,18268,0,52,14960,0,0,0,1023,10,17,0,1048576,0,0,0,inf,0.844970703,1.10112,0.968292236,0,0,0,0,0,0,0,0,0,0,0,0,0,0,0,0,0,0,0,0,0,0,0,511,0,0,0,0,0,0,0,0,0,0,0,0,0,0,0,0,0,0,0,0,0,0,0,0,0,0,0,0,0,0,0,0,0,0,0,0,0,0,0,0,0,0,0,0,0,0,0,0,0,0,0,0,0,0,0,0,0,0,0,0,0,0,0,0,0,7,6,7,6,6,7,8,8,93,13
891,0,261,261,1,512,0,512,0,512,0,520,33280,19108,14172,14172,0,9,19099,0,0,0,127,0,17,0,1048576,0,0,0,inf,0.836929321,0.980819702,inf,0,0,0,0,0,0,0,0,0,0,0,0,0,0,0,0,0,0,0,0,0,0,0,0,0,0,0,0,0,0,0,0,0,0,0,0,0,0,0,0,0,0,0,0,0,0,0,0,0,0,0,0,0,0,0,0,0,0,0,0,0,0,0,0,0,0,0,0,0,0,0,0,0,0,0,0,0,0,0,0,0,0,0,0,0,0,0,0,0,88,64,108,122,148,190,61,4294967295,4294967295,4294967295
892,0.100000001,261,261,1,512,1,511,1,511,0,520,33280,26207,7073,7073,0,6,26201,0,0,0,69,1,17,0,1048576,0,0,0,inf,0.853012085,0.956039429,inf,0,0,0,0,0,0,0,0,0,0,0,0,0,0,0,0,0,0,0,0,0,0,0,1,0,0,0,0,0,0,0,0,0,0,0,0,0,0,0,0,0,0,0,0,0,0,0,0,0,0,0,0,0,0,0,0,0,0,0,0,0,0,0,0,0,0,0,0,0,0,0,0,0,0,0,0,0,0,0,0,0,0,0,0,0,0,0,0,0,191,4294967295,130,4294967295,4294967295,4294967295,147,4294967295,4294967295,4294967295
893,0.300000012,261,261,1,512,3,509,0,509,3,517,33280,18797,14483,14483,0,7,18790,0,0,0,31,3,17,0,1048576,0,0,0,inf,1.10238647,1.21231079,inf,0,0,0,0,0,0,0,0,0,0,0,0,0,0,0,0,0,0,0,0,0,0,0,7,0,0,0,0,0,0,0,0,0,0,0,0,0,0,0,0,0,0,0,0,0,0,0,0,0,0,0,0,0,0,0,0,0,0,0,0,0,0,0,0,0,0,0,0,0,0,0,0,0,0,0,0,0,0,0,0,0,0,0,0,0,0,0,0,0,0,0,8,16,179,4294967295,4294967295,4294967295,4294967295,4294967295
894,0.200000003,261,261,1,512,2,510,0,510,2,518,33280,14027,19253,19253,0,6,14021,0,0,0,71,2,17,0,1048576,0,0,0,inf,0.851272583,1.05831909,inf,0,0,0,0,0,0,0,0,0,0,0,0,0,0,0,0,0,0,0,0,0,0,0,3,0,0,0,0,0,0,0,0,0,0,0,0,0,0,0,0,0,0,0,0,0,0,0,0,0,0,0,0,0,0,0,0,0,0,0,0,0,0,0,0,0,0,0,0,0,0,0,0,0,0,0,0,0,0,0,0,0,0,0,0,0,0,0,0,0,10,13,39,4294967295,4294967295,4294967295,245,4294967295,4294967295,4294967295
895,0,261,261,1,512,0,512,0,512,0,520,33280,16402,16878,16878,0,6,16396,0,0,0,259,0,17,0,1048576,0,0,0,inf,0.98399353,1.18658447,inf,0,0,0,0,0,0,0,0,0,0,0,0,0,0,0,0,0,0,0,0,0,0,0,0,0,0,0,0,0,0,0,0,0,0,0,0,0,0,0,0,0,0,0,0,0,0,0,0,0,0,0,0,0,0,0,0,0,0,0,0,0,0,0,0,0,0,0,0,0,0,0,0,0,0,0,0,0,0,0,0,0,0,0,0,0,0,0,0,0,135,5,4294967295,4294967295,4294967295,4294967295,4294967295,4294967295,225,4294967295
896,0,261,261,1,512,0,512,0,512,0,520,33280,21193,12087,12087,0,9,21184,0,0,0,17,0,17,0,1048576,0,0,0,inf,0.987380981,1.13191223,inf,0,0,0,0,0,0,0,0,0,0,0,0,0,0,0,0,0,0,0,0,0,0,0,0,0,0,0,0,0,0,0,0,0,0,0,0,0,0,0,0,0,0,0,0,0,0,0,0,0,0,0,0,0,0,0,0,0,0,0,0,0,0,0,0,0,0,0,0,0,0,0,0,0,0,0,0,0,0,0,0,0,0,0,0,0,0,0,0,0,18,4294967295,4294967295,4294967295,76,4294967295,4294967295,4294967295,4294967295,4294967295
897,1,261,261,1,512,52,460,3,460,49,471,33280,11056,22224,22224,0,130,10926,0,0,0,1023,10,17,0,1048576,0,0,0,inf,0.872802734,1.1242981,0.497116089,0,0,0,0,0,0,0,0,0,0,0,0,0,0,0,0,0,0,0,0,0,0,0,1023,0,0,0,0,0,0,0,0,0,0,0,0,0,0,0,0,0,0,0,0,0,0,0,0,0,0,0,0,0,0,0,0,0,0,0,0,0,0,0,0,0,0,0,0,0,0,0,0,0,0,0,0,0,0,0,0,0,0,0,0,0,0,0,0,0,3,4,4,4,3,4,3,4,3,4
898,0,261,261,1,512,0,512,0,512,0,520,33280,8400,24880,24880,0,3,8397,0,0,0,67,0,17,0,1048576,0,0,0,inf,0.978149414,1.35836792,inf,0,0,0,0,0,0,0,0,0,0,0,0,0,0,0,0,0,0,0,0,0,0,0,0,0,0,0,0,0,0,0,0,0,0,0,0,0,0,0,0,0,0,0,0,0,0,0,0,0,0,0,0,0,0,0,0,0,0,0,0,0,0,0,0,0,0,0,0,0,0,0,0,0,0,0,0,0,0,0,0,0,0,0,0,0,0,0,0,0,161,147,4294967295,4294967295,4294967295,4294967295,73,4294967295,4294967295,4294967295
899,0,261,261,1,512,0,512,0,512,0,520,33280,7077,26203,26203,0,2,7075,0,0,0,2,0,17,0,1048576,0,0,0,inf,0.738128662,1.14173889,inf,0,0,0,0,0,0,0,0,0,0,0,0,0,0,0,0,0,0,0,0,0,0,0,0,0,0,0,0,0,0,0,0,0,0,0,0,0,0,0,0,0,0,0,0,0,0,0,0,0,0,0,0,0,0,0,0,0,0,0,0,0,0,0,0,0,0,0,0,0,0,0,0,0,0,0,0,0,0,0,0,0,0,0,0,0,0,0,0,0,4294967295,112,4294967295,4294967295,4294967295,4294967295,4294967295,4294967295,4294967295,4294967295
900,1,261,261,1,512,18,494,6,494,12,508,33280,24429,8851,8851,0,226,24203,0,0,0,1023,10,17,0,1048576,0,0,0,inf,1.14237976,1.22555542,1.12585449,0,0,0,0,0,0,0,0,0,0,0,0,0,0,0,0,0,0,0,0,0,0,0,1023,0,0,0,0,0,0,0,0,0,0,0,0,0,0,0,0,0,0,0,0,0,0,0,0,0,0,0,0,0,0,0,0,0,0,0,0,0,0,0,0,0,0,0,0,0,0,0,0,0,0,0,0,0,0,0,0,0,0,0,0,0,0,0,0,0,1,23,52,79,0,10,79,79,97,2
901,1,261,261,1,512,66,446,20,446,46,474,33280,18663,14617,14617,0,336,18327,0,0,0,1023,10,17,0,1048576,0,0,0,inf,1.0864563,1.24740601,0.930343628,0,0,0,0,0,0,0,0,0,0,0,0,0,0,0,0,0,0,0,0,0,0,0,1023,0,0,0,0,0,0,0,0,0,0,0,0,0,0,0,0,0,0,0,0,0,0,0,0,0,0,0,0,0,0,0,0,0,0,0,0,0,0,0,0,0,0,0,0,0,0,0,0,0,0,0,0,0,0,0,0,0,0,0,0,0,0,0,0,0,3,3,2,5,2,4,5,4,3,3
902,0.899999976,261,261,1,512,10,502,2,502,8,512,33280,24615,8665,8665,0,82,24533,0,0,0,895,10,17,0,1048576,0,0,0,inf,0.944702148,1.03865051,0.975997925,0,0,0,0,0,0,0,0,0,0,0,0,0,0,0,0,0,0,0,0,0,0,0,895,0,0,0,0,0,0,0,0,0,0,0,0,0,0,0,0,0,0,0,0,0,0,0,0,0,0,0,0,0,0,0,0,0,0,0,0,0,0,0,0,0,0,0,0,0,0,0,0,0,0,0,0,0,0,0,0,0,0,0,0,0,0,0,0,0,17,30,17,18,18,18,18,4294967295,18,13
903,0,261,261,1,512,0,512,0,512,0,520,33280,14070,19210,19210,0,2,14068,0,0,0,16,0,17,0,1048576,0,0,0,inf,0.884841919,1.08135986,inf,0,0,0,0,0,0,0,0,0,0,0,0,0,0,0,0,0,0,0,0,0,0,0,0,0,0,0,0,0,0,0,0,0,0,0,0,0,0,0,0,0,0,0,0,0,0,0,0,0,0,0,0,0,0,0,0,0,0,0,0,0,0,0,0,0,0,0,0,0,0,0,0,0,0,0,0,0,0,0,0,0,0,0,0,0,0,0,0,0,4294967295,4294967295,4294967295,4294967295,153,4294967295,4294967295,4294967295,4294967295,4294967295
904,0.100000001,261,261,1,512,1,511,1,511,0,520,33280,7951,25329,25329,0,2,7949,0,0,0,3,1,17,0,1048576,0,0,0,inf,0.935241699,1.25094604,inf,0,0,0,0,0,0,0,0,0,0,0,0,0,0,0,0,0,0,0,0,0,0,0,1,0,0,0,0,0,0,0,0,0,0,0,0,0,0,0,0,0,0,0,0,0,0,0,0,0,0,0,0,0,0,0,0,0,0,0,0,0,0,0,0,0,0,0,0,0,0,0,0,0,0,0,0,0,0,0,0,0,0,0,0,0,0,0,0,0,5,24,4294967295,4294967295,4294967295,4294967295,4294967295,4294967295,4294967295,4294967295
905,1,261,261,1,512,24,488,7,488,17,503,33280,20027,13253,13253,0,148,19879,0,0,0,1023,10,17,0,1048576,0,0,0,inf,1.01260376,1.31544495,0.875793457,0,0,0,0,0,0,0,0,0,0,0,0,0,0,0,0,0,0,0,0,0,0,0,1023,0,0,0,0,0,0,0,0,0,0,0,0,0,0,0,0,0,0,0,0,0,0,0,0,0,0,0,0,0,0,0,0,0,0,0,0,0,0,0,0,0,0,0,0,0,0,0,0,0,0,0,0,0,0,0,0,0,0,0,0,0,0,0,0,0,2,1,2,2,2,2,2,2,6,2
906,1,261,261,1,512,168,344,59,344,109,411,33280,20289,12991,12991,0,1304,18985,0,0,0,1023,10,17,0,1048576,0,0,0,inf,1.13551331,1.27505493,0.959274292,0,0,0,0,0,0,0,0,0,0,0,0,0,0,0,0,0,0,0,0,0,0,0,1023,0,0,0,0,0,0,0,0,0,0,0,0,0,0,0,0,0,0,0,0,0,0,0,0,0,0,0,0,0,0,0,0,0,0,0,0,0,0,0,0,0,0,0,0,0,0,0,0,0,0,0,0,0,0,0,0,0,0,0,0,0,0,0,0,0,2,1,16,5,2,11,16,8,6,7
907,0.100000001,261,261,1,512,1,511,0,511,1,519,33280,18221,15059,15059,0,29,18192,0,0,0,463,1,17,0,1048576,0,0,0,inf,0.555847168,0.658065796,inf,0,0,0,0,0,0,0,0,0,0,0,0,0,0,0,0,0,0,0,0,0,0,0,1,0,0,0,0,0,0,0,0,0,0,0,0,0,0,0,0,0,0,0,0,0,0,0,0,0,0,0,0,0,0,0,0,0,0,0,0,0,0,0,0,0,0,0,0,0,0,0,0,0,0,0,0,0,0,0,0,0,0,0,0,0,0,0,0,0,8,27,72,4,4294967295,4294967295,68,57,126,4294967295
908,1,261,261,1,512,12,500,1,500,11,509,33280,11093,22187,22187,0,19,11074,0,0,0,1023,10,17,0,1048576,0,0,0,inf,0.811828613,1.07894897,0.646087646,0,0,0,0,0,0,0,0,0,0,0,0,0,0,0,0,0,0,0,0,0,0,0,1023,0,0,0,0,0,0,0,0,0,0,0,0,0,0,0,0,0,0,0,0,0,0,0,0,0,0,0,0,0,0,0,0,0,0,0,0,0,0,0,0,0,0,0,0,0,0,0,0,0,0,0,0,0,0,0,0,0,0,0,0,0,0,0,0,0,1,1,2,1,2,2,2,2,2,3
909,0.600000024,261,261,1,512,6,506,1,506,5,515,33280,22131,11149,11149,0,68,22063,0,0,0,479,6,17,0,1048576,0,0,0,inf,1.08856201,1.2515564,inf,0,0,0,0,0,0,0,0,0,0,0,0,0,0,0,0,0,0,0,0,0,0,0,95,0,0,0,0,0,0,0,0,0,0,0,0,0,0,0,0,0,0,0,0,0,0,0,0,0,0,0,0,0,0,0,0,0,0,0,0,0,0,0,0,0,0,0,0,0,0,0,0,0,0,0,0,0,0,0,0,0,0,0,0,0,0,0,0,0,4,4,96,7,49,4294967295,119,42,79,4294967295
910,1,261,261,1,512,43,469,8,469,35,485,33280,20419,12861,12861,0,304,20115,0,0,0,1023,10,17,0,1048576,0,0,0,inf,1.14576721,1.28477478,0.962387085,0,0,0,0,0,0,0,0,0,0,0,0,0,0,0,0,0,0,0,0,0,0,0,1023,0,0,0,0,0,0,0,0,0,0,0,0,0,0,0,0,0,0,0,0,0,0,0,0,0,0,0,0,0,0,0,0,0,0,0,0,0,0,0,0,0,0,0,0,0,0,0,0,0,0,0,0,0,0,0,0,0,0,0,0,0,0,0,0,0,4,5,6,6,4,5,6,89,6,8
911,0.200000003,261,261,1,512,2,510,1,510,1,519,33280,17371,15909,15909,0,36,17335,0,0,0,767,3,17,0,1048576,0,0,0,inf,1.20960999,1.41194153,inf,0,0,0,0,0,0,0,0,0,0,0,0,0,0,0,0,0,0,0,0,0,0,0,5,0,0,0,0,0,0,0,0,0,0,0,0,0,0,0,0,0,0,0,0,0,0,0,0,0,0,0,0,0,0,0,0,0,0,0,0,0,0,0,0,0,0,0,0,0,0,0,0,0,0,0,0,0,0,0,0,0,0,0,0,0,0,0,0,0,6,20,235,20,20,10,61,104,4294967295,53
912,0.400000006,261,261,1,512,4,508,1,508,3,517,33280,13625,19655,19655,0,18,13607,0,0,0,1023,4,17,0,1048576,0,0,0,inf,1.16278076,1.4002533,inf,0,0,0,0,0,0,0,0,0,0,0,0,0,0,0,0,0,0,0,0,0,0,0,135,0,0,0,0,0,0,0,0,0,0,0,0,0,0,0,0,0,0,0,0,0,0,0,0,0,0,0,0,0,0,0,0,0,0,0,0,0,0,0,0,0,0,0,0,0,0,0,0,0,0,0,0,0,0,0,0,0,0,0,0,0,0,0,0,0,3,14,136,20,3,43,43,186,31,189
913,0.5,261,261,1,512,5,507,2,507,3,517,33280,15394,17886,17886,0,31,15363,0,0,0,303,5,17,0,1048576,0,0,0,inf,1.09342957,1.31939697,inf,0,0,0,0,0,0,0,0,0,0,0,0,0,0,0,0,0,0,0,0,0,0,0,295,0,0,0,0,0,0,0,0,0,0,0,0,0,0,0,0,0,0,0,0,0,0,0,0,0,0,0,0,0,0,0,0,0,0,0,0,0,0,0,0,0,0,0,0,0,0,0,0,0,0,0,0,0,0,0,0,0,0,0,0,0,0,0,0,0,50,45,45,21,4294967295,189,4294967295,4294967295,221,4294967295
914,0.600000024,261,261,1,512,6,506,3,506,3,517,33280,12753,20527,20527,0,32,12721,0,0,0,1023,6,17,0,1048576,0,0,0,inf,0.972976685,1.14083862,inf,0,0,0,0,0,0,0,0,0,0,0,0,0,0,0,0,0,0,0,0,0,0,0,543,0,0,0,0,0,0,0,0,0,0,0,0,0,0,0,0,0,0,0,0,0,0,0,0,0,0,0,0,0,0,0,0,0,0,0,0,0,0,0,0,0,0,0,0,0,0,0,0,0,0,0,0,0,0,0,0,0,0,0,0,0,0,0,0,0,14,11,34,30,97,43,34,33,33,209
915,0.699999988,261,261,1,512,7,505,0,505,7,513,33280,6285,26995,26995,0,17,6268,0,0,0,1023,7,17,0,1048576,0,0,0,inf,0.999435425,1.35418701,inf,0,0,0,0,0,0,0,0,0,0,0,0,0,0,0,0,0,0,0,0,0,0,0,127,0,0,0,0,0,0,0,0,0,0,0,0,0,0,0,0,0,0,0,0,0,0,0,0,0,0,0,0,0,0,0,0,0,0,0,0,0,0,0,0,0,0,0,0,0,0,0,0,0,0,0,0,0,0,0,0,0,0,0,0,0,0,0,0,0,3,4,3,11,4,6,6,18,20,61
916,0,261,261,1,512,0,512,0,512,0,520,33280,6350,26930,26930,0,2,6348,0,0,0,3,0,17,0,1048576,0,0,0,inf,0.65397644,0.96434021,inf,0,0,0,0,0,0,0,0,0,0,0,0,0,0,0,0,0,0,0,0,0,0,0,0,0,0,0,0,0,0,0,0,0,0,0,0,0,0,0,0,0,0,0,0,0,0,0,0,0,0,0,0,0,0,0,0,0,0,0,0,0,0,0,0,0,0,0,0,0,0,0,0,0,0,0,0,0,0,0,0,0,0,0,0,0,0,0,0,0,135,220,4294967295,4294967295,4294967295,4294967295,4294967295,4294967295,4294967295,4294967295
917,1,261,261,1,512,108,404,29,404,79,441,33280,17368,15912,15912,0,736,16632,0,0,0,1023,10,17,0,1048576,0,0,0,inf,1.05122375,1.24703979,0.858840942,0,0,0,0,0,0,0,0,0,0,0,0,0,0,0,0,0,0,0,0,0,0,0,1023,0,0,0,0,0,0,0,0,0,0,0,0,0,0,0,0,0,0,0,0,0,0,0,0,0,0,0,0,0,0,0,0,0,0,0,0,0,0,0,0,0,0,0,0,0,0,0,0,0,0,0,0,0,0,0,0,0,0,0,0,0,0,0,0,0,6,5,12,5,7,5,5,8,7,29
918,1,261,261,1,512,42,470,15,470,27,493,33280,23492,9788,9788,0,206,23286,0,0,0,1023,10,17,0,1048576,0,0,0,inf,1.3548584,1.47537231,1.26747131,0,0,0,0,0,0,0,0,0,0,0,0,0,0,0,0,0,0,0,0,0,0,0,1023,0,0,0,0,0,0,0,0,0,0,0,0,0,0,0,0,0,0,0,0,0,0,0,0,0,0,0,0,0,0,0,0,0,0,0,0,0,0,0,0,0,0,0,0,0,0,0,0,0,0,0,0,0,0,0,0,0,0,0,0,0,0,0,0,0,6,3,5,4,4,7,95,3,4,44
919,1,261,261,1,512,485,27,74,27,411,109,33280,7322,25958,25958,0,2375,4947,0,0,0,1023,10,17,0,1048576,0,0,0,inf,0.550689697,0.77796936,0.105117798,0,0,0,0,0,0,0,0,0,0,0,0,0,0,0,0,0,0,0,0,0,0,0,1023,0,0,0,0,0,0,0,0,0,0,0,0,0,0,0,0,0,0,0,0,0,0,0,0,0,0,0,0,0,0,0,0,0,0,0,0,0,0,0,0,0,0,0,0,0,0,0,0,0,0,0,0,0,0,0,0,0,0,0,0,0,0,0,0,0,2,2,1,2,2,2,2,2,2,2
920,0.200000003,261,261,1,512,2,510,1,510,1,519,33280,14167,19113,19113,0,5,14162,0,0,0,47,2,17,0,1048576,0,0,0,inf,0.793365479,1.00439453,inf,0,0,0,0,0,0,0,0,0,0,0,0,0,0,0,0,0,0,0,0,0,0,0,3,0,0,0,0,0,0,0,0,0,0,0,0,0,0,0,0,0,0,0,0,0,0,0,0,0,0,0,0,0,0,0,0,0,0,0,0,0,0,0,0,0,0,0,0,0,0,0,0,0,0,0,0,0,0,0,0,0,0,0,0,0,0,0,0,0,28,202,103,103,4294967295,106,4294967295,4294967295,4294967295,4294967295
921,1,261,261,1,512,52,460,15,460,37,483,33280,17557,15723,15723,0,398,17159,0,0,0,1023,10,17,0,1048576,0,0,0,inf,1.06811523,1.26441956,0.965942383,0,0,0,0,0,0,0,0,0,0,0,0,0,0,0,0,0,0,0,0,0,0,0,1023,0,0,0,0,0,0,0,0,0,0,0,0,0,0,0,0,0,0,0,0,0,0,0,0,0,0,0,0,0,0,0,0,0,0,0,0,0,0,0,0,0,0,0,0,0,0,0,0,0,0,0,0,0,0,0,0,0,0,0,0,0,0,0,0,0,45,7,6,27,8,45,8,25,8,8
922,1,261,261,1,512,49,463,7,463,42,478,33280,10094,23186,23186,0,182,9912,0,0,0,1023,10,17,0,1048576,0,0,0,inf,0.937545776,1.21246338,0.703689575,0,0,0,0,0,0,0,0,0,0,0,0,0,0,0,0,0,0,0,0,0,0,0,1023,0,0,0,0,0,0,0,0,0,0,0,0,0,0,0,0,0,0,0,0,0,0,0,0,0,0,0,0,0,0,0,0,0,0,0,0,0,0,0,0,0,0,0,0,0,0,0,0,0,0,0,0,0,0,0,0,0,0,0,0,0,0,0,0,0,1,1,3,1,1,3,2,2,1,8
923,0.200000003,261,261,1,512,2,510,1,510,1,519,33280,16664,16616,16616,0,18,16646,0,0,0,847,2,17,0,1048576,0,0,0,inf,0.560943604,0.735183716,inf,0,0,0,0,0,0,0,0,0,0,0,0,0,0,0,0,0,0,0,0,0,0,0,3,0,0,0,0,0,0,0,0,0,0,0,0,0,0,0,0,0,0,0,0,0,0,0,0,0,0,0,0,0,0,0,0,0,0,0,0,0,0,0,0,0,0,0,0,0,0,0,0,0,0,0,0,0,0,0,0,0,0,0,0,0,0,0,0,0,7,6,193,12,4294967295,4294967295,175,4294967295,114,228
924,0.300000012,261,261,1,512,3,509,1,509,2,518,33280,7604,25676,25676,0,9,7595,0,0,0,575,3,17,0,1048576,0,0,0,inf,0.464065552,0.712646484,inf,0,0,0,0,0,0,0,0,0,0,0,0,0,0,0,0,0,0,0,0,0,0,0,7,0,0,0,0,0,0,0,0,0,0,0,0,0,0,0,0,0,0,0,0,0,0,0,0,0,0,0,0,0,0,0,0,0,0,0,0,0,0,0,0,0,0,0,0,0,0,0,0,0,0,0,0,0,0,0,0,0,0,0,0,0,0,0,0,0,3,13,1,21,16,24,4294967295,4294967295,4294967295,110
925,0.100000001,261,261,1,512,1,511,1,511,0,520,33280,10502,22778,22778,0,6,10496,0,0,0,527,1,17,0,1048576,0,0,0,inf,0.698455811,0.933624268,inf,0,0,0,0,0,0,0,0,0,0,0,0,0,0,0,0,0,0,0,0,0,0,0,2,0,0,0,0,0,0,0,0,0,0,0,0,0,0,0,0,0,0,0,0,0,0,0,0,0,0,0,0,0,0,0,0,0,0,0,0,0,0,0,0,0,0,0,0,0,0,0,0,0,0,0,0,0,0,0,0,0,0,0,0,0,0,0,0,0,25,198,235,90,4294967295,4294967295,4294967295,4294967295,4294967295,1
926,1,261,261,1,512,15,497,5,497,10,510,33280,9313,23967,23967,0,34,9279,0,0,0,1023,10,17,0,1048576,0,0,0,inf,0.738082886,0.947418213,0.731719971,0,0,0,0,0,0,0,0,0,0,0,0,0,0,0,0,0,0,0,0,0,0,0,1023,0,0,0,0,0,0,0,0,0,0,0,0,0,0,0,0,0,0,0,0,0,0,0,0,0,0,0,0,0,0,0,0,0,0,0,0,0,0,0,0,0,0,0,0,0,0,0,0,0,0,0,0,0,0,0,0,0,0,0,0,0,0,0,0,0,4,26,35,35,35,36,36,27,15,59
927,1,261,261,1,512,59,453,19,453,40,480,33280,17294,15986,15986,0,320,16974,0,0,0,1023,10,17,0,1048576,0,0,0,inf,1.02619934,1.20185852,0.789581299,0,0,0,0,0,0,0,0,0,0,0,0,0,0,0,0,0,0,0,0,0,0,0,1023,0,0,0,0,0,0,0,0,0,0,0,0,0,0,0,0,0,0,0,0,0,0,0,0,0,0,0,0,0,0,0,0,0,0,0,0,0,0,0,0,0,0,0,0,0,0,0,0,0,0,0,0,0,0,0,0,0,0,0,0,0,0,0,0,0,2,0,3,3,1,3,4,3,3,5
928,0.300000012,261,261,1,512,3,509,1,509,2,518,33280,18142,15138,15138,0,36,18106,0,0,0,503,3,17,0,1048576,0,0,0,inf,0.848861694,0.971633911,inf,0,0,0,0,0,0,0,0,0,0,0,0,0,0,0,0,0,0,0,0,0,0,0,7,0,0,0,0,0,0,0,0,0,0,0,0,0,0,0,0,0,0,0,0,0,0,0,0,0,0,0,0,0,0,0,0,0,0,0,0,0,0,0,0,0,0,0,0,0,0,0,0,0,0,0,0,0,0,0,0,0,0,0,0,0,0,0,0,0,3,4,7,4294967295,51,73,144,132,14,4294967295
929,0,261,261,1,512,0,512,0,512,0,520,33280,19240,14040,14040,0,28,19212,0,0,0,258,0,17,0,1048576,0,0,0,inf,0.884994507,1.07557678,inf,0,0,0,0,0,0,0,0,0,0,0,0,0,0,0,0,0,0,0,0,0,0,0,0,0,0,0,0,0,0,0,0,0,0,0,0,0,0,0,0,0,0,0,0,0,0,0,0,0,0,0,0,0,0,0,0,0,0,0,0,0,0,0,0,0,0,0,0,0,0,0,0,0,0,0,0,0,0,0,0,0,0,0,0,0,0,0,0,0,4294967295,67,4294967295,4294967295,4294967295,4294967295,4294967295,4294967295,256,4294967295
930,1,261,261,1,512,23,489,0,489,23,497,33280,16437,16843,16843,0,129,16308,0,0,0,1023,10,17,0,1048576,0,0,0,inf,1.05722046,1.26396179,0.920654297,0,0,0,0,0,0,0,0,0,0,0,0,0,0,0,0,0,0,0,0,0,0,0,1023,0,0,0,0,0,0,0,0,0,0,0,0,0,0,0,0,0,0,0,0,0,0,0,0,0,0,0,0,0,0,0,0,0,0,0,0,0,0,0,0,0,0,0,0,0,0,0,0,0,0,0,0,0,0,0,0,0,0,0,0,0,0,0,0,0,6,3,3,2,3,4,3,7,7,7
931,0.300000012,261,261,1,512,3,509,1,509,2,518,33280,12211,21069,21069,0,22,12189,0,0,0,1023,3,17,0,1048576,0,0,0,inf,0.687606812,0.903686523,inf,0,0,0,0,0,0,0,0,0,0,0,0,0,0,0,0,0,0,0,0,0,0,0,35,0,0,0,0,0,0,0,0,0,0,0,0,0,0,0,0,0,0,0,0,0,0,0,0,0,0,0,0,0,0,0,0,0,0,0,0,0,0,0,0,0,0,0,0,0,0,0,0,0,0,0,0,0,0,0,0,0,0,0,0,0,0,0,0,0,4,12,58,43,43,125,33,7,137,6
932,0.100000001,261,261,1,512,1,511,0,511,1,519,33280,19482,13798,13798,0,17,19465,0,0,0,535,1,17,0,1048576,0,0,0,inf,1.57054138,1.7348938,inf,0,0,0,0,0,0,0,0,0,0,0,0,0,0,0,0,0,0,0,0,0,0,0,1,0,0,0,0,0,0,0,0,0,0,0,0,0,0,0,0,0,0,0,0,0,0,0,0,0,0,0,0,0,0,0,0,0,0,0,0,0,0,0,0,0,0,0,0,0,0,0,0,0,0,0,0,0,0,0,0,0,0,0,0,0,0,0,0,0,43,41,135,4294967295,224,4294967295,4294967295,4294967295,4294967295,24
933,0.300000012,261,261,1,512,3,509,2,509,1,519,33280,18998,14282,14282,0,6,18992,0,0,0,55,3,17,0,1048576,0,0,0,inf,1.06829834,1.20181274,inf,0,0,0,0,0,0,0,0,0,0,0,0,0,0,0,0,0,0,0,0,0,0,0,7,0,0,0,0,0,0,0,0,0,0,0,0,0,0,0,0,0,0,0,0,0,0,0,0,0,0,0,0,0,0,0,0,0,0,0,0,0,0,0,0,0,0,0,0,0,0,0,0,0,0,0,0,0,0,0,0,0,0,0,0,0,0,0,0,0,8,41,41,4294967295,207,53,4294967295,4294967295,4294967295,4294967295
934,1,261,261,1,512,61,451,10,451,51,469,33280,15071,18209,18209,0,382,14689,0,0,0,1023,10,17,0,1048576,0,0,0,inf,1.02124023,1.21992493,0.808258057,0,0,0,0,0,0,0,0,0,0,0,0,0,0,0,0,0,0,0,0,0,0,0,1023,0,0,0,0,0,0,0,0,0,0,0,0,0,0,0,0,0,0,0,0,0,0,0,0,0,0,0,0,0,0,0,0,0,0,0,0,0,0,0,0,0,0,0,0,0,0,0,0,0,0,0,0,0,0,0,0,0,0,0,0,0,0,0,0,0,3,3,3,3,4,3,9,11,7,10
935,1,261,261,1,512,109,403,28,403,81,439,33280,6614,26666,26666,0,474,6140,0,0,0,1023,10,17,0,1048576,0,0,0,inf,1.01989746,1.41687012,0.707077026,0,0,0,0,0,0,0,0,0,0,0,0,0,0,0,0,0,0,0,0,0,0,0,1023,0,0,0,0,0,0,0,0,0,0,0,0,0,0,0,0,0,0,0,0,0,0,0,0,0,0,0,0,0,0,0,0,0,0,0,0,0,0,0,0,0,0,0,0,0,0,0,0,0,0,0,0,0,0,0,0,0,0,0,0,0,0,0,0,0,3,4,2,3,1,2,2,3,4,3
936,0.200000003,261,261,1,512,2,510,2,510,0,520,33280,26835,6445,6445,0,25,26810,0,0,0,47,2,17,0,1048576,0,0,0,inf,0.882095337,0.972991943,inf,0,0,0,0,0,0,0,0,0,0,0,0,0,0,0,0,0,0,0,0,0,0,0,3,0,0,0,0,0,0,0,0,0,0,0,0,0,0,0,0,0,0,0,0,0,0,0,0,0,0,0,0,0,0,0,0,0,0,0,0,0,0,0,0,0,0,0,0,0,0,0,0,0,0,0,0,0,0,0,0,0,0,0,0,0,0,0,0,0,169,227,85,44,4294967295,17,4294967295,4294967295,4294967295,4294967295
937,1,261,261,1,512,511,1,0,1,511,8,33216,5697,27519,27519,0,3237,2460,0,0,0,1023,10,17,0,1048576,0,0,0,inf,0.801513672,0.801513672,0.287658691,0,0,0,0,0,0,0,0,0,0,0,0,0,0,0,0,0,0,0,0,0,0,0,1023,0,0,0,0,0,0,0,0,0,0,0,0,0,0,0,0,0,0,0,0,0,0,0,0,0,0,0,0,0,0,0,0,0,0,0,0,0,0,0,0,0,0,0,0,0,0,0,0,0,0,0,0,0,0,0,0,0,0,0,0,0,0,0,0,0,3,4,4,4,3,3,4,3,3,4
938,0.100000001,261,261,1,512,1,511,1,511,0,520,33280,18587,14693,14693,0,17,18570,0,0,0,223,1,17,0,1048576,0,0,0,inf,0.659362793,0.739532471,inf,0,0,0,0,0,0,0,0,0,0,0,0,0,0,0,0,0,0,0,0,0,0,0,1,0,0,0,0,0,0,0,0,0,0,0,0,0,0,0,0,0,0,0,0,0,0,0,0,0,0,0,0,0,0,0,0,0,0,0,0,0,0,0,0,0,0,0,0,0,0,0,0,0,0,0,0,0,0,0,0,0,0,0,0,0,0,0,0,0,33,78,26,45,45,4294967295,2,135,4294967295,4294967295
939,1,261,261,1,512,15,497,2,497,13,507,33280,15789,17491,17491,0,70,15719,0,0,0,1023,10,17,0,1048576,0,0,0,inf,1.07418823,1.25119019,1.05177307,0,0,0,0,0,0,0,0,0,0,0,0,0,0,0,0,0,0,0,0,0,0,0,1023,0,0,0,0,0,0,0,0,0,0,0,0,0,0,0,0,0,0,0,0,0,0,0,0,0,0,0,0,0,0,0,0,0,0,0,0,0,0,0,0,0,0,0,0,0,0,0,0,0,0,0,0,0,0,0,0,0,0,0,0,0,0,0,0,0,6,6,9,6,7,7,7,14,7,29
940,0.899999976,261,261,1,512,14,498,7,498,8,512,33280,6824,26456,26456,0,40,6784,0,0,0,1023,10,17,0,1048576,0,0,0,inf,0.860290527,1.23408508,0.954498291,0,0,0,0,0,0,0,0,0,0,0,0,0,0,0,0,0,0,0,0,0,0,0,511,0,0,0,0,0,0,0,0,0,0,0,0,0,0,0,0,0,0,0,0,0,0,0,0,0,0,0,0,0,0,0,0,0,0,0,0,0,0,0,0,0,0,0,0,0,0,0,0,0,0,0,0,0,0,0,0,0,0,0,0,0,0,0,0,0,5,3,3,5,5,5,8,25,95,61
941,0,261,261,1,512,0,512,0,512,0,520,33280,20290,12990,12990,0,10,20280,0,0,0,243,0,17,0,1048576,0,0,0,inf,0.81817627,1.01570129,inf,0,0,0,0,0,0,0,0,0,0,0,0,0,0,0,0,0,0,0,0,0,0,0,0,0,0,0,0,0,0,0,0,0,0,0,0,0,0,0,0,0,0,0,0,0,0,0,0,0,0,0,0,0,0,0,0,0,0,0,0,0,0,0,0,0,0,0,0,0,0,0,0,0,0,0,0,0,0,0,0,0,0,0,0,0,0,0,0,0,89,38,4294967295,4294967295,187,176,224,66,4294967295,4294967295
942,0.200000003,261,261,1,512,4,508,2,508,2,518,33280,17975,15305,15305,0,51,17924,0,0,0,379,4,17,0,1048576,0,0,0,inf,0.840179443,1.00738525,inf,0,0,0,0,0,0,0,0,0,0,0,0,0,0,0,0,0,0,0,0,0,0,0,3,0,0,0,0,0,0,0,0,0,0,0,0,0,0,0,0,0,0,0,0,0,0,0,0,0,0,0,0,0,0,0,0,0,0,0,0,0,0,0,0,0,0,0,0,0,0,0,0,0,0,0,0,0,0,0,0,0,0,0,0,0,0,0,0,0,2,16,4294967295,76,6,5,15,4294967295,51,4294967295
943,0.899999976,261,261,1,512,10,502,2,502,8,512,33280,7927,25353,25353,0,85,7842,0,0,0,1023,10,17,0,1048576,0,0,0,inf,0.828460693,1.25987244,1.10139465,0,0,0,0,0,0,0,0,0,0,0,0,0,0,0,0,0,0,0,0,0,0,0,511,0,0,0,0,0,0,0,0,0,0,0,0,0,0,0,0,0,0,0,0,0,0,0,0,0,0,0,0,0,0,0,0,0,0,0,0,0,0,0,0,0,0,0,0,0,0,0,0,0,0,0,0,0,0,0,0,0,0,0,0,0,0,0,0,0,16,10,6,13,16,15,7,18,13,44
944,0.699999988,261,261,1,512,7,505,3,505,4,516,33280,17712,15568,15568,0,73,17639,0,0,0,1023,7,17,0,1048576,0,0,0,inf,1.39122009,1.61433411,inf,0,0,0,0,0,0,0,0,0,0,0,0,0,0,0,0,0,0,0,0,0,0,0,319,0,0,0,0,0,0,0,0,0,0,0,0,0,0,0,0,0,0,0,0,0,0,0,0,0,0,0,0,0,0,0,0,0,0,0,0,0,0,0,0,0,0,0,0,0,0,0,0,0,0,0,0,0,0,0,0,0,0,0,0,0,0,0,0,0,14,10,2,10,13,25,16,7,227,22
945,0,261,261,1,512,0,512,0,512,0,520,33280,15271,18009,18009,0,13,15258,0,0,0,381,0,17,0,1048576,0,0,0,inf,0.934524536,1.17808533,inf,0,0,0,0,0,0,0,0,0,0,0,0,0,0,0,0,0,0,0,0,0,0,0,0,0,0,0,0,0,0,0,0,0,0,0,0,0,0,0,0,0,0,0,0,0,0,0,0,0,0,0,0,0,0,0,0,0,0,0,0,0,0,0,0,0,0,0,0,0,0,0,0,0,0,0,0,0,0,0,0,0,0,0,0,0,0,0,0,0,56,4294967295,180,65,122,152,173,4294967295,178,4294967295
946,0.200000003,261,261,1,512,2,510,1,510,1,519,33280,20672,12608,12608,0,38,20634,0,0,0,1015,2,17,0,1048576,0,0,0,inf,1.17703247,1.33677673,inf,0,0,0,0,0,0,0,0,0,0,0,0,0,0,0,0,0,0,0,0,0,0,0,3,0,0,0,0,0,0,0,0,0,0,0,0,0,0,0,0,0,0,0,0,0,0,0,0,0,0,0,0,0,0,0,0,0,0,0,0,0,0,0,0,0,0,0,0,0,0,0,0,0,0,0,0,0,0,0,0,0,0,0,0,0,0,0,0,0,8,133,6,4294967295,28,45,86,86,74,41
947,1,261,261,1,512,24,488,8,488,16,504,33280,12871,20409,20409,0,223,12648,0,0,0,1023,10,17,0,1048576,0,0,0,inf,0.856506348,1.08403015,0.776184082,0,0,0,0,0,0,0,0,0,0,0,0,0,0,0,0,0,0,0,0,0,0,0,1023,0,0,0,0,0,0,0,0,0,0,0,0,0,0,0,0,0,0,0,0,0,0,0,0,0,0,0,0,0,0,0,0,0,0,0,0,0,0,0,0,0,0,0,0,0,0,0,0,0,0,0,0,0,0,0,0,0,0,0,0,0,0,0,0,0,12,12,2,6,2,2,22,9,9,2
948,0.100000001,261,261,1,512,1,511,1,511,0,520,33280,14256,19024,19024,0,5,14251,0,0,0,179,1,17,0,1048576,0,0,0,inf,1.23466492,1.47175598,inf,0,0,0,0,0,0,0,0,0,0,0,0,0,0,0,0,0,0,0,0,0,0,0,1,0,0,0,0,0,0,0,0,0,0,0,0,0,0,0,0,0,0,0,0,0,0,0,0,0,0,0,0,0,0,0,0,0,0,0,0,0,0,0,0,0,0,0,0,0,0,0,0,0,0,0,0,0,0,0,0,0,0,0,0,0,0,0,0,0,178,207,4294967295,4294967295,68,74,4294967295,182,4294967295,4294967295
949,0.100000001,261,261,1,512,1,511,0,511,1,519,33280,9475,23805,23805,0,8,9467,0,0,0,295,1,17,0,1048576,0,0,0,inf,0.949310303,1.18421936,inf,0,0,0,0,0,0,0,0,0,0,0,0,0,0,0,0,0,0,0,0,0,0,0,1,0,0,0,0,0,0,0,0,0,0,0,0,0,0,0,0,0,0,0,0,0,0,0,0,0,0,0,0,0,0,0,0,0,0,0,0,0,0,0,0,0,0,0,0,0,0,0,0,0,0,0,0,0,0,0,0,0,0,0,0,0,0,0,0,0,6,56,206,4294967295,4294967295,167,4294967295,4294967295,105,4294967295
950,1,261,261,1,512,14,498,2,498,12,508,33280,21528,11752,11752,0,145,21383,0,0,0,1023,10,17,0,1048576,0,0,0,inf,1.2150116,1.34152222,1.19117737,0,0,0,0,0,0,0,0,0,0,0,0,0,0,0,0,0,0,0,0,0,0,0,1023,0,0,0,0,0,0,0,0,0,0,0,0,0,0,0,0,0,0,0,0,0,0,0,0,0,0,0,0,0,0,0,0,0,0,0,0,0,0,0,0,0,0,0,0,0,0,0,0,0,0,0,0,0,0,0,0,0,0,0,0,0,0,0,0,0,6,3,12,12,4,4,7,7,7,190
951,0,261,261,1,512,0,512,0,512,0,520,33280,19153,14127,14127,0,6,19147,0,0,0,51,0,17,0,1048576,0,0,0,inf,1.05371094,1.18464661,inf,0,0,0,0,0,0,0,0,0,0,0,0,0,0,0,0,0,0,0,0,0,0,0,0,0,0,0,0,0,0,0,0,0,0,0,0,0,0,0,0,0,0,0,0,0,0,0,0,0,0,0,0,0,0,0,0,0,0,0,0,0,0,0,0,0,0,0,0,0,0,0,0,0,0,0,0,0,0,0,0,0,0,0,0,0,0,0,0,0,67,76,4294967295,4294967295,240,11,4294967295,4294967295,4294967295,4294967295
952,0.600000024,261,261,1,512,6,506,3,506,3,517,33280,7727,25553,25553,0,18,7709,0,0,0,255,6,17,0,1048576,0,0,0,inf,0.914855957,1.35406494,inf,0,0,0,0,0,0,0,0,0,0,0,0,0,0,0,0,0,0,0,0,0,0,0,215,0,0,0,0,0,0,0,0,0,0,0,0,0,0,0,0,0,0,0,0,0,0,0,0,0,0,0,0,0,0,0,0,0,0,0,0,0,0,0,0,0,0,0,0,0,0,0,0,0,0,0,0,0,0,0,0,0,0,0,0,0,0,0,0,0,22,6,6,6,52,4,166,166,4294967295,4294967295
953,0,261,261,1,512,0,512,0,512,0,520,33280,13758,19522,19522,0,14,13744,0,0,0,823,0,17,0,1048576,0,0,0,inf,0.564254761,0.798675537,inf,0,0,0,0,0,0,0,0,0,0,0,0,0,0,0,0,0,0,0,0,0,0,0,0,0,0,0,0,0,0,0,0,0,0,0,0,0,0,0,0,0,0,0,0,0,0,0,0,0,0,0,0,0,0,0,0,0,0,0,0,0,0,0,0,0,0,0,0,0,0,0,0,0,0,0,0,0,0,0,0,0,0,0,0,0,0,0,0,0,3,64,97,4294967295,158,210,4294967295,4294967295,96,176
954,1,261,261,1,512,45,467,26,467,19,501,33280,10817,22463,22463,0,270,10547,0,0,0,1023,10,17,0,1048576,0,0,0,inf,0.696411133,0.921951294,0.634963989,0,0,0,0,0,0,0,0,0,0,0,0,0,0,0,0,0,0,0,0,0,0,0,1023,0,0,0,0,0,0,0,0,0,0,0,0,0,0,0,0,0,0,0,0,0,0,0,0,0,0,0,0,0,0,0,0,0,0,0,0,0,0,0,0,0,0,0,0,0,0,0,0,0,0,0,0,0,0,0,0,0,0,0,0,0,0,0,0,0,5,5,5,4,6,4,4,7,153,6
955,1,261,261,1,512,11,501,5,501,6,514,33280,21356,11924,11924,0,161,21195,0,0,0,1023,10,17,0,1048576,0,0,0,inf,1.05056763,1.20478821,1.0934906,0,0,0,0,0,0,0,0,0,0,0,0,0,0,0,0,0,0,0,0,0,0,0,1023,0,0,0,0,0,0,0,0,0,0,0,0,0,0,0,0,0,0,0,0,0,0,0,0,0,0,0,0,0,0,0,0,0,0,0,0,0,0,0,0,0,0,0,0,0,0,0,0,0,0,0,0,0,0,0,0,0,0,0,0,0,0,0,0,0,10,11,16,20,74,49,6,51,37,111
956,0.200000003,261,261,1,512,1,511,1,511,0,520,33280,16310,16970,16970,0,16,16294,0,0,0,831,2,17,0,1048576,0,0,0,inf,1.17745972,1.33912659,inf,0,0,0,0,0,0,0,0,0,0,0,0,0,0,0,0,0,0,0,0,0,0,0,513,0,0,0,0,0,0,0,0,0,0,0,0,0,0,0,0,0,0,0,0,0,0,0,0,0,0,0,0,0,0,0,0,0,0,0,0,0,0,0,0,0,0,0,0,0,0,0,0,0,0,0,0,0,0,0,0,0,0,0,0,0,0,0,0,0,170,59,169,125,128,152,4294967295,4294967295,181,259
957,0,261,261,1,512,0,512,0,512,0,520,33280,7864,25416,25416,0,8,7856,0,0,0,447,0,17,0,1048576,0,0,0,inf,1.27644348,1.75654602,inf,0,0,0,0,0,0,0,0,0,0,0,0,0,0,0,0,0,0,0,0,0,0,0,0,0,0,0,0,0,0,0,0,0,0,0,0,0,0,0,0,0,0,0,0,0,0,0,0,0,0,0,0,0,0,0,0,0,0,0,0,0,0,0,0,0,0,0,0,0,0,0,0,0,0,0,0,0,0,0,0,0,0,0,0,0,0,0,0,0,44,8,10,223,169,187,4294967295,121,106,4294967295
958,0.400000006,261,261,1,512,5,507,1,507,4,516,33280,8782,24498,24498,0,35,8747,0,0,0,1023,5,17,0,1048576,0,0,0,inf,0.703018188,0.997848511,inf,0,0,0,0,0,0,0,0,0,0,0,0,0,0,0,0,0,0,0,0,0,0,0,15,0,0,0,0,0,0,0,0,0,0,0,0,0,0,0,0,0,0,0,0,0,0,0,0,0,0,0,0,0,0,0,0,0,0,0,0,0,0,0,0,0,0,0,0,0,0,0,0,0,0,0,0,0,0,0,0,0,0,0,0,0,0,0,0,0,6,12,3,3,57,43,18,75,15,56
959,0.699999988,261,261,1,512,9,503,4,503,5,515,33280,14269,19011,19011,0,82,14187,0,0,0,1023,9,17,0,1048576,0,0,0,inf,0.55229187,0.710998535,inf,0,0,0,0,0,0,0,0,0,0,0,0,0,0,0,0,0,0,0,0,0,0,0,127,0,0,0,0,0,0,0,0,0,0,0,0,0,0,0,0,0,0,0,0,0,0,0,0,0,0,0,0,0,0,0,0,0,0,0,0,0,0,0,0,0,0,0,0,0,0,0,0,0,0,0,0,0,0,0,0,0,0,0,0,0,0,0,0,0,3,16,1,13,6,16,118,12,21,48
960,0.200000003,261,261,1,512,2,510,1,510,1,519,33280,19780,13500,13500,0,54,19726,0,0,0,759,3,17,0,1048576,0,0,0,inf,0.931167603,1.06587219,inf,0,0,0,0,0,0,0,0,0,0,0,0,0,0,0,0,0,0,0,0,0,0,0,5,0,0,0,0,0,0,0,0,0,0,0,0,0,0,0,0,0,0,0,0,0,0,0,0,0,0,0,0,0,0,0,0,0,0,0,0,0,0,0,0,0,0,0,0,0,0,0,0,0,0,0,0,0,0,0,0,0,0,0,0,0,0,0,0,0,35,13,141,4294967295,28,42,42,26,4294967295,56
961,0.200000003,261,261,1,512,2,510,0,510,2,518,33280,18609,14671,14671,0,10,18599,0,0,0,599,2,17,0,1048576,0,0,0,inf,0.976364136,1.15960693,inf,0,0,0,0,0,0,0,0,0,0,0,0,0,0,0,0,0,0,0,0,0,0,0,3,0,0,0,0,0,0,0,0,0,0,0,0,0,0,0,0,0,0,0,0,0,0,0,0,0,0,0,0,0,0,0,0,0,0,0,0,0,0,0,0,0,0,0,0,0,0,0,0,0,0,0,0,0,0,0,0,0,0,0,0,0,0,0,0,0,11,7,208,4294967295,42,4294967295,19,4294967295,4294967295,101
962,1,261,261,1,512,107,405,22,405,85,435,33280,14635,18645,18645,0,636,13999,0,0,0,1023,10,17,0,1048576,0,0,0,inf,1.00909424,1.14401245,0.645812988,0,0,0,0,0,0,0,0,0,0,0,0,0,0,0,0,0,0,0,0,0,0,0,1023,0,0,0,0,0,0,0,0,0,0,0,0,0,0,0,0,0,0,0,0,0,0,0,0,0,0,0,0,0,0,0,0,0,0,0,0,0,0,0,0,0,0,0,0,0,0,0,0,0,0,0,0,0,0,0,0,0,0,0,0,0,0,0,0,0,2,4,3,3,3,4,3,3,3,4
963,1,261,261,1,512,14,498,5,498,9,511,33280,18082,15198,15198,0,112,17970,0,0,0,1023,10,17,0,1048576,0,0,0,inf,0.825180054,0.964889526,0.829986572,0,0,0,0,0,0,0,0,0,0,0,0,0,0,0,0,0,0,0,0,0,0,0,1023,0,0,0,0,0,0,0,0,0,0,0,0,0,0,0,0,0,0,0,0,0,0,0,0,0,0,0,0,0,0,0,0,0,0,0,0,0,0,0,0,0,0,0,0,0,0,0,0,0,0,0,0,0,0,0,0,0,0,0,0,0,0,0,0,0,17,6,9,5,2,6,12,2,25,37
964,0.100000001,261,261,1,512,1,511,0,511,1,519,33280,9082,24198,24198,0,9,9073,0,0,0,639,1,17,0,1048576,0,0,0,inf,1.4513092,1.74398804,inf,0,0,0,0,0,0,0,0,0,0,0,0,0,0,0,0,0,0,0,0,0,0,0,1,0,0,0,0,0,0,0,0,0,0,0,0,0,0,0,0,0,0,0,0,0,0,0,0,0,0,0,0,0,0,0,0,0,0,0,0,0,0,0,0,0,0,0,0,0,0,0,0,0,0,0,0,0,0,0,0,0,0,0,0,0,0,0,0,0,22,13,19,101,37,101,245,4294967295,4294967295,25
965,1,261,261,1,512,51,461,0,461,51,469,33280,12330,20950,20950,0,60,12270,0,0,0,1023,10,17,0,1048576,0,0,0,inf,1.06469727,1.22538757,0.256317139,0,0,0,0,0,0,0,0,0,0,0,0,0,0,0,0,0,0,0,0,0,0,0,1023,0,0,0,0,0,0,0,0,0,0,0,0,0,0,0,0,0,0,0,0,0,0,0,0,0,0,0,0,0,0,0,0,0,0,0,0,0,0,0,0,0,0,0,0,0,0,0,0,0,0,0,0,0,0,0,0,0,0,0,0,0,0,0,0,0,4,3,3,4,3,4,4,4,3,4
966,0.600000024,261,261,1,512,6,506,6,506,0,520,33280,13165,20115,20115,0,33,13132,0,0,0,1023,6,17,0,1048576,0,0,0,inf,0.490753174,0.680297852,inf,0,0,0,0,0,0,0,0,0,0,0,0,0,0,0,0,0,0,0,0,0,0,0,183,0,0,0,0,0,0,0,0,0,0,0,0,0,0,0,0,0,0,0,0,0,0,0,0,0,0,0,0,0,0,0,0,0,0,0,0,0,0,0,0,0,0,0,0,0,0,0,0,0,0,0,0,0,0,0,0,0,0,0,0,0,0,0,0,0,103,18,69,5,161,161,87,168,4,39
967,0.5,261,261,1,512,5,507,1,507,4,516,33280,19531,13749,13749,0,35,19496,0,0,0,1023,5,17,0,1048576,0,0,0,inf,0.676513672,0.768264771,inf,0,0,0,0,0,0,0,0,0,0,0,0,0,0,0,0,0,0,0,0,0,0,0,527,0,0,0,0,0,0,0,0,0,0,0,0,0,0,0,0,0,0,0,0,0,0,0,0,0,0,0,0,0,0,0,0,0,0,0,0,0,0,0,0,0,0,0,0,0,0,0,0,0,0,0,0,0,0,0,0,0,0,0,0,0,0,0,0,0,9,6,60,60,46,17,70,6,40,256
968,0.100000001,261,261,1,512,1,511,0,511,2,518,33280,12204,21076,21076,0,10,12194,0,0,0,639,1,17,0,1048576,0,0,0,inf,1.33987427,1.61912537,inf,0,0,0,0,0,0,0,0,0,0,0,0,0,0,0,0,0,0,0,0,0,0,0,1,0,0,0,0,0,0,0,0,0,0,0,0,0,0,0,0,0,0,0,0,0,0,0,0,0,0,0,0,0,0,0,0,0,0,0,0,0,0,0,0,0,0,0,0,0,0,0,0,0,0,0,0,0,0,0,0,0,0,0,0,0,0,0,0,0,1,0,20,18,18,101,140,4294967295,4294967295,177
969,0.400000006,261,261,1,512,4,508,0,508,4,516,33280,20638,12642,12642,0,66,20572,0,0,0,895,4,17,0,1048576,0,0,0,inf,1.24731445,1.38661194,inf,0,0,0,0,0,0,0,0,0,0,0,0,0,0,0,0,0,0,0,0,0,0,0,15,0,0,0,0,0,0,0,0,0,0,0,0,0,0,0,0,0,0,0,0,0,0,0,0,0,0,0,0,0,0,0,0,0,0,0,0,0,0,0,0,0,0,0,0,0,0,0,0,0,0,0,0,0,0,0,0,0,0,0,0,0,0,0,0,0,7,23,115,6,15,8,105,4294967295,13,213
970,0.300000012,261,261,1,512,3,509,0,509,3,517,33280,10457,22823,22823,0,44,10413,0,0,0,1023,3,17,0,1048576,0,0,0,inf,0.775741577,1.03175354,inf,0,0,0,0,0,0,0,0,0,0,0,0,0,0,0,0,0,0,0,0,0,0,0,7,0,0,0,0,0,0,0,0,0,0,0,0,0,0,0,0,0,0,0,0,0,0,0,0,0,0,0,0,0,0,0,0,0,0,0,0,0,0,0,0,0,0,0,0,0,0,0,0,0,0,0,0,0,0,0,0,0,0,0,0,0,0,0,0,0,9,3,16,10,14,44,44,35,51,18
971,0,261,261,1,512,0,512,0,512,0,520,33280,15901,17379,17379,0,2,15899,0,0,0,6,0,17,0,1048576,0,0,0,inf,0.732818604,0.934692383,inf,0,0,0,0,0,0,0,0,0,0,0,0,0,0,0,0,0,0,0,0,0,0,0,0,0,0,0,0,0,0,0,0,0,0,0,0,0,0,0,0,0,0,0,0,0,0,0,0,0,0,0,0,0,0,0,0,0,0,0,0,0,0,0,0,0,0,0,0,0,0,0,0,0,0,0,0,0,0,0,0,0,0,0,0,0,0,0,0,0,4294967295,103,103,4294967295,4294967295,4294967295,4294967295,4294967295,4294967295,4294967295
972,1,261,261,1,512,20,492,7,492,13,507,33280,8888,24392,24392,0,64,8824,0,0,0,1023,10,17,0,1048576,0,0,0,inf,0.65284729,0.947052002,0.623245239,0,0,0,0,0,0,0,0,0,0,0,0,0,0,0,0,0,0,0,0,0,0,0,1023,0,0,0,0,0,0,0,0,0,0,0,0,0,0,0,0,0,0,0,0,0,0,0,0,0,0,0,0,0,0,0,0,0,0,0,0,0,0,0,0,0,0,0,0,0,0,0,0,0,0,0,0,0,0,0,0,0,0,0,0,0,0,0,0,0,6,11,4,2,15,11,22,18,9,23
973,0.5,261,261,1,512,8,504,4,504,4,516,33280,12504,20776,20776,0,66,12438,0,0,0,1023,8,17,0,1048576,0,0,0,inf,1.17030334,1.45187378,inf,0,0,0,0,0,0,0,0,0,0,0,0,0,0,0,0,0,0,0,0,0,0,0,47,0,0,0,0,0,0,0,0,0,0,0,0,0,0,0,0,0,0,0,0,0,0,0,0,0,0,0,0,0,0,0,0,0,0,0,0,0,0,0,0,0,0,0,0,0,0,0,0,0,0,0,0,0,0,0,0,0,0,0,0,0,0,0,0,0,3,3,7,15,14,108,16,28,1,24
974,0.5,261,261,1,512,5,507,1,507,4,516,33280,5962,27318,27318,0,25,5937,0,0,0,1023,5,17,0,1048576,0,0,0,inf,1.13110352,1.77316284,inf,0,0,0,0,0,0,0,0,0,0,0,0,0,0,0,0,0,0,0,0,0,0,0,527,0,0,0,0,0,0,0,0,0,0,0,0,0,0,0,0,0,0,0,0,0,0,0,0,0,0,0,0,0,0,0,0,0,0,0,0,0,0,0,0,0,0,0,0,0,0,0,0,0,0,0,0,0,0,0,0,0,0,0,0,0,0,0,0,0,2,5,9,1,14,7,14,22,31,175
975,0.200000003,261,261,1,512,2,510,1,510,1,519,33280,20305,12975,12975,0,27,20278,0,0,0,767,3,17,0,1048576,0,0,0,inf,1.19532776,1.32887268,inf,0,0,0,0,0,0,0,0,0,0,0,0,0,0,0,0,0,0,0,0,0,0,0,3,0,0,0,0,0,0,0,0,0,0,0,0,0,0,0,0,0,0,0,0,0,0,0,0,0,0,0,0,0,0,0,0,0,0,0,0,0,0,0,0,0,0,0,0,0,0,0,0,0,0,0,0,0,0,0,0,0,0,0,0,0,0,0,0,0,19,168,21,66,32,212,33,15,4294967295,112
976,0.5,261,261,1,512,6,506,1,506,5,515,33280,16125,17155,17155,0,46,16079,0,0,0,1023,6,17,0,1048576,0,0,0,inf,0.871536255,1.0206604,inf,0,0,0,0,0,0,0,0,0,0,0,0,0,0,0,0,0,0,0,0,0,0,0,31,0,0,0,0,0,0,0,0,0,0,0,0,0,0,0,0,0,0,0,0,0,0,0,0,0,0,0,0,0,0,0,0,0,0,0,0,0,0,0,0,0,0,0,0,0,0,0,0,0,0,0,0,0,0,0,0,0,0,0,0,0,0,0,0,0,7,5,3,24,217,14,26,8,7,88
977,0.400000006,261,261,1,512,4,508,0,508,4,516,33280,12079,21201,21201,0,57,12022,0,0,0,1023,4,17,0,1048576,0,0,0,inf,0.866195679,1.11468506,inf,0,0,0,0,0,0,0,0,0,0,0,0,0,0,0,0,0,0,0,0,0,0,0,15,0,0,0,0,0,0,0,0,0,0,0,0,0,0,0,0,0,0,0,0,0,0,0,0,0,0,0,0,0,0,0,0,0,0,0,0,0,0,0,0,0,0,0,0,0,0,0,0,0,0,0,0,0,0,0,0,0,0,0,0,0,0,0,0,0,4,71,25,13,19,50,15,54,113,25
978,0,261,261,1,512,0,512,0,512,0,520,33280,11133,22147,22147,0,6,11127,0,0,0,543,0,17,0,1048576,0,0,0,inf,0.809066772,1.07987976,inf,0,0,0,0,0,0,0,0,0,0,0,0,0,0,0,0,0,0,0,0,0,0,0,0,0,0,0,0,0,0,0,0,0,0,0,0,0,0,0,0,0,0,0,0,0,0,0,0,0,0,0,0,0,0,0,0,0,0,0,0,0,0,0,0,0,0,0,0,0,0,0,0,0,0,0,0,0,0,0,0,0,0,0,0,0,0,0,0,0,27,38,25,58,221,4294967295,4294967295,4294967295,4294967295,88
979,1,261,261,1,512,18,494,4,494,14,506,33280,8245,25035,25035,0,148,8097,0,0,0,1023,10,17,0,1048576,0,0,0,inf,0.838546753,1.28541565,0.775619507,0,0,0,0,0,0,0,0,0,0,0,0,0,0,0,0,0,0,0,0,0,0,0,1023,0,0,0,0,0,0,0,0,0,0,0,0,0,0,0,0,0,0,0,0,0,0,0,0,0,0,0,0,0,0,0,0,0,0,0,0,0,0,0,0,0,0,0,0,0,0,0,0,0,0,0,0,0,0,0,0,0,0,0,0,0,0,0,0,0,4,1,12,16,36,32,4,2,3,2
980,1,261,261,1,512,11,501,3,501,8,512,33280,21153,12127,12127,0,260,20893,0,0,0,1023,10,17,0,1048576,0,0,0,inf,1.20986938,1.35644531,1.2809906,0,0,0,0,0,0,0,0,0,0,0,0,0,0,0,0,0,0,0,0,0,0,0,1023,0,0,0,0,0,0,0,0,0,0,0,0,0,0,0,0,0,0,0,0,0,0,0,0,0,0,0,0,0,0,0,0,0,0,0,0,0,0,0,0,0,0,0,0,0,0,0,0,0,0,0,0,0,0,0,0,0,0,0,0,0,0,0,0,0,7,9,39,23,27,7,57,106,41,83
981,1,261,261,1,512,43,469,19,469,24,496,33280,8057,25223,25223,0,282,7775,0,0,0,1023,10,17,0,1048576,0,0,0,inf,0.760559082,1.12992859,0.614776611,0,0,0,0,0,0,0,0,0,0,0,0,0,0,0,0,0,0,0,0,0,0,0,1023,0,0,0,0,0,0,0,0,0,0,0,0,0,0,0,0,0,0,0,0,0,0,0,0,0,0,0,0,0,0,0,0,0,0,0,0,0,0,0,0,0,0,0,0,0,0,0,0,0,0,0,0,0,0,0,0,0,0,0,0,0,0,0,0,0,3,4,2,2,4,5,8,2,5,7
982,0.300000012,261,261,1,512,3,509,2,509,1,519,33280,19585,13695,13695,0,66,19519,0,0,0,511,3,17,0,1048576,0,0,0,inf,0.926086426,1.10002136,inf,0,0,0,0,0,0,0,0,0,0,0,0,0,0,0,0,0,0,0,0,0,0,0,11,0,0,0,0,0,0,0,0,0,0,0,0,0,0,0,0,0,0,0,0,0,0,0,0,0,0,0,0,0,0,0,0,0,0,0,0,0,0,0,0,0,0,0,0,0,0,0,0,0,0,0,0,0,0,0,0,0,0,0,0,0,0,0,0,0,25,171,36,171,85,42,124,54,45,4294967295
983,1,260,261,3,512,512,0,0,0,516,1,33088,8383,24705,24705,0,3801,4582,0,0,0,1023,10,17,0,1048576,0,0,0,inf,inf,0.190246582,0.0942687988,0,0,0,0,0,0,0,0,0,0,0,0,0,0,0,0,0,0,0,0,0,0,0,1023,0,0,0,0,0,0,0,0,0,0,0,0,0,0,0,0,0,0,0,0,0,0,0,0,0,0,0,0,0,0,0,0,0,0,0,0,0,0,0,0,0,0,0,0,0,0,0,0,0,0,0,0,0,0,0,0,0,0,0,0,0,0,0,0,0,3,7,4,3,13,4,3,4,10,11
984,0.200000003,261,261,1,512,2,510,2,510,0,520,33280,11536,21744,21744,0,25,11511,0,0,0,1023,2,17,0,1048576,0,0,0,inf,0.78793335,1.07688904,inf,0,0,0,0,0,0,0,0,0,0,0,0,0,0,0,0,0,0,0,0,0,0,0,17,0,0,0,0,0,0,0,0,0,0,0,0,0,0,0,0,0,0,0,0,0,0,0,0,0,0,0,0,0,0,0,0,0,0,0,0,0,0,0,0,0,0,0,0,0,0,0,0,0,0,0,0,0,0,0,0,0,0,0,0,0,0,0,0,0,20,10,11,19,170,19,98,48,248,84
985,0.100000001,261,261,1,512,1,511,0,511,1,519,33280,9204,24076,24076,0,8,9196,0,0,0,75,1,17,0,1048576,0,0,0,inf,1.04948425,1.3243866,inf,0,0,0,0,0,0,0,0,0,0,0,0,0,0,0,0,0,0,0,0,0,0,0,1,0,0,0,0,0,0,0,0,0,0,0,0,0,0,0,0,0,0,0,0,0,0,0,0,0,0,0,0,0,0,0,0,0,0,0,0,0,0,0,0,0,0,0,0,0,0,0,0,0,0,0,0,0,0,0,0,0,0,0,0,0,0,0,0,0,39,49,4294967295,225,4294967295,4294967295,2,4294967295,4294967295,4294967295
986,0.800000012,261,261,1,512,8,504,1,504,7,513,33280,7700,25580,25580,0,25,7675,0,0,0,1023,8,17,0,1048576,0,0,0,inf,0.752502441,1.03787231,inf,0,0,0,0,0,0,0,0,0,0,0,0,0,0,0,0,0,0,0,0,0,0,0,639,0,0,0,0,0,0,0,0,0,0,0,0,0,0,0,0,0,0,0,0,0,0,0,0,0,0,0,0,0,0,0,0,0,0,0,0,0,0,0,0,0,0,0,0,0,0,0,0,0,0,0,0,0,0,0,0,0,0,0,0,0,0,0,0,0,4,5,5,5,34,14,14,11,42,210
987,1,261,261,1,512,327,185,125,185,203,317,33280,9318,23962,23962,0,3365,5953,0,0,0,1023,10,17,0,1048576,0,0,0,inf,0.426757812,0.587234497,0.330505371,0,0,0,0,0,0,0,0,0,0,0,0,0,0,0,0,0,0,0,0,0,0,0,1023,0,0,0,0,0,0,0,0,0,0,0,0,0,0,0,0,0,0,0,0,0,0,0,0,0,0,0,0,0,0,0,0,0,0,0,0,0,0,0,0,0,0,0,0,0,0,0,0,0,0,0,0,0,0,0,0,0,0,0,0,0,0,0,0,0,2,11,11,3,4,13,1,8,18,3
988,0.200000003,261,261,1,512,2,510,1,510,1,519,33280,12746,20534,20534,0,12,12734,0,0,0,15,2,17,0,1048576,0,0,0,inf,0.957321167,1.17105103,inf,0,0,0,0,0,0,0,0,0,0,0,0,0,0,0,0,0,0,0,0,0,0,0,3,0,0,0,0,0,0,0,0,0,0,0,0,0,0,0,0,0,0,0,0,0,0,0,0,0,0,0,0,0,0,0,0,0,0,0,0,0,0,0,0,0,0,0,0,0,0,0,0,0,0,0,0,0,0,0,0,0,0,0,0,0,0,0,0,0,98,198,20,145,4294967295,4294967295,4294967295,4294967295,4294967295,4294967295
989,0.5,261,261,1,512,5,507,1,507,4,516,33280,14645,18635,18635,0,80,14565,0,0,0,1023,5,17,0,1048576,0,0,0,inf,1.04696655,1.26620483,inf,0,0,0,0,0,0,0,0,0,0,0,0,0,0,0,0,0,0,0,0,0,0,0,31,0,0,0,0,0,0,0,0,0,0,0,0,0,0,0,0,0,0,0,0,0,0,0,0,0,0,0,0,0,0,0,0,0,0,0,0,0,0,0,0,0,0,0,0,0,0,0,0,0,0,0,0,0,0,0,0,0,0,0,0,0,0,0,0,0,26,52,52,26,84,28,19,52,61,79
990,1,261,261,1,512,10,502,3,502,7,513,33280,18241,15039,15039,0,64,18177,0,0,0,1023,10,17,0,1048576,0,0,0,inf,0.892456055,1.03285217,0.936828613,0,0,0,0,0,0,0,0,0,0,0,0,0,0,0,0,0,0,0,0,0,0,0,1023,0,0,0,0,0,0,0,0,0,0,0,0,0,0,0,0,0,0,0,0,0,0,0,0,0,0,0,0,0,0,0,0,0,0,0,0,0,0,0,0,0,0,0,0,0,0,0,0,0,0,0,0,0,0,0,0,0,0,0,0,0,0,0,0,0,5,2,11,57,56,44,7,8,218,122
991,1,261,261,1,512,125,387,11,387,114,406,33280,20338,12942,12942,0,356,19982,0,0,0,1023,10,17,0,1048576,0,0,0,inf,0.954452515,1.0478363,0.452880859,0,0,0,0,0,0,0,0,0,0,0,0,0,0,0,0,0,0,0,0,0,0,0,1023,0,0,0,0,0,0,0,0,0,0,0,0,0,0,0,0,0,0,0,0,0,0,0,0,0,0,0,0,0,0,0,0,0,0,0,0,0,0,0,0,0,0,0,0,0,0,0,0,0,0,0,0,0,0,0,0,0,0,0,0,0,0,0,0,0,2,3,3,2,2,3,3,3,2,2
992,1,261,261,1,512,13,499,1,499,12,508,33280,10769,22511,22511,0,46,10723,0,0,0,1023,10,17,0,1048576,0,0,0,inf,0.826187134,1.11759949,0.688903809,0,0,0,0,0,0,0,0,0,0,0,0,0,0,0,0,0,0,0,0,0,0,0,1023,0,0,0,0,0,0,0,0,0,0,0,0,0,0,0,0,0,0,0,0,0,0,0,0,0,0,0,0,0,0,0,0,0,0,0,0,0,0,0,0,0,0,0,0,0,0,0,0,0,0,0,0,0,0,0,0,0,0,0,0,0,0,0,0,0,2,3,3,2,3,3,3,3,2,7
993,0.200000003,261,261,1,512,2,510,1,510,1,519,33280,8737,24543,24543,0,12,8725,0,0,0,1015,2,17,0,1048576,0,0,0,inf,1.36177063,1.68101501,inf,0,0,0,0,0,0,0,0,0,0,0,0,0,0,0,0,0,0,0,0,0,0,0,5,0,0,0,0,0,0,0,0,0,0,0,0,0,0,0,0,0,0,0,0,0,0,0,0,0,0,0,0,0,0,0,0,0,0,0,0,0,0,0,0,0,0,0,0,0,0,0,0,0,0,0,0,0,0,0,0,0,0,0,0,0,0,0,0,0,5,68,112,4294967295,27,5,109,249,187,109
994,0,261,261,1,512,0,512,0,512,0,520,33280,12199,21081,21081,0,5,12194,0,0,0,7,0,17,0,1048576,0,0,0,inf,0.871536255,0.996902466,inf,0,0,0,0,0,0,0,0,0,0,0,0,0,0,0,0,0,0,0,0,0,0,0,0,0,0,0,0,0,0,0,0,0,0,0,0,0,0,0,0,0,0,0,0,0,0,0,0,0,0,0,0,0,0,0,0,0,0,0,0,0,0,0,0,0,0,0,0,0,0,0,0,0,0,0,0,0,0,0,0,0,0,0,0,0,0,0,0,0,57,33,227,4294967295,4294967295,4294967295,4294967295,4294967295,4294967295,4294967295
995,0.300000012,261,261,1,512,6,506,4,506,2,518,33280,18662,14618,14618,0,119,18543,0,0,0,511,6,17,0,1048576,0,0,0,inf,0.803359985,0.939590454,inf,0,0,0,0,0,0,0,0,0,0,0,0,0,0,0,0,0,0,0,0,0,0,0,7,0,0,0,0,0,0,0,0,0,0,0,0,0,0,0,0,0,0,0,0,0,0,0,0,0,0,0,0,0,0,0,0,0,0,0,0,0,0,0,0,0,0,0,0,0,0,0,0,0,0,0,0,0,0,0,0,0,0,0,0,0,0,0,0,0,47,9,92,92,90,12,57,57,85,4294967295
996,0,261,261,1,512,0,512,0,512,0,520,33280,17231,16049,16049,0,32,17199,0,0,0,311,0,17,0,1048576,0,0,0,inf,0.699661255,0.899200439,inf,0,0,0,0,0,0,0,0,0,0,0,0,0,0,0,0,0,0,0,0,0,0,0,0,0,0,0,0,0,0,0,0,0,0,0,0,0,0,0,0,0,0,0,0,0,0,0,0,0,0,0,0,0,0,0,0,0,0,0,0,0,0,0,0,0,0,0,0,0,0,0,0,0,0,0,0,0,0,0,0,0,0,0,0,0,0,0,0,0,70,9,9,4294967295,79,79,4294967295,4294967295,80,4294967295
997,0.300000012,261,261,1,512,3,509,1,509,2,518,33280,13778,19502,19502,0,19,13759,0,0,0,1023,3,17,0,1048576,0,0,0,inf,0.499923706,0.70854187,inf,0,0,0,0,0,0,0,0,0,0,0,0,0,0,0,0,0,0,0,0,0,0,0,7,0,0,0,0,0,0,0,0,0,0,0,0,0,0,0,0,0,0,0,0,0,0,0,0,0,0,0,0,0,0,0,0,0,0,0,0,0,0,0,0,0,0,0,0,0,0,0,0,0,0,0,0,0,0,0,0,0,0,0,0,0,0,0,0,0,4,3,21,30,54,105,225,78,103,53
998,0.100000001,261,261,1,512,1,511,1,511,0,520,33280,25142,8138,8138,0,38,25104,0,0,0,589,1,17,0,1048576,0,0,0,inf,1.17001343,1.26029968,inf,0,0,0,0,0,0,0,0,0,0,0,0,0,0,0,0,0,0,0,0,0,0,0,1,0,0,0,0,0,0,0,0,0,0,0,0,0,0,0,0,0,0,0,0,0,0,0,0,0,0,0,0,0,0,0,0,0,0,0,0,0,0,0,0,0,0,0,0,0,0,0,0,0,0,0,0,0,0,0,0,0,0,0,0,0,0,0,0,0,251,4294967295,78,38,4294967295,4294967295,179,4294967295,4294967295,39
999,0.200000003,261,261,1,512,2,510,2,510,0,520,33280,16375,16905,16905,0,19,16356,0,0,0,767,2,17,0,1048576,0,0,0,inf,1.38551331,1.59976196,inf,0,0,0,0,0,0,0,0,0,0,0,0,0,0,0,0,0,0,0,0,0,0,0,3,0,0,0,0,0,0,0,0,0,0,0,0,0,0,0,0,0,0,0,0,0,0,0,0,0,0,0,0,0,0,0,0,0,0,0,0,0,0,0,0,0,0,0,0,0,0,0,0,0,0,0,0,0,0,0,0,0,0,0,0,0,0,0,0,0,257,105,74,142,112,59,165,242,4294967295,210
