query_id,arity,selectivity_decile,sample_offset,sample_count,sample_hits,underresolved,estimated_selectivity,exact_selectivity_posthoc,absolute_error,estimate_over_exact
113,1,1,0,10000,0,1,0.0001,8.8e-06,9.120000000000001e-05,11.363636363636363
416,2,1,0,10000,0,1,0.0001,2.07e-05,7.93e-05,4.830917874396136
424,1,9,0,10000,697,0,0.0697,0.0705726,0.0008726000000000012,0.9876354279139495
454,2,3,0,10000,0,1,0.0001,4.41e-05,5.5900000000000004e-05,2.2675736961451247
455,2,2,0,10000,0,1,0.0001,2.59e-05,7.410000000000001e-05,3.8610038610038613
459,1,6,0,10000,116,0,0.0116,0.0110695,0.0005304999999999997,1.0479244771669904
483,1,3,0,10000,19,0,0.0019,0.0015577,0.0003423,1.2197470629774667
689,1,8,0,10000,497,0,0.0497,0.0508944,0.0011943999999999982,0.9765317991763338
699,1,2,0,10000,0,1,0.0001,2.12e-05,7.88e-05,4.716981132075472
885,2,1,0,10000,0,1,0.0001,2.28e-05,7.72e-05,4.385964912280702
1197,1,7,0,10000,290,0,0.029,0.0296922,0.000692199999999997,0.9766874802136589
1272,2,8,0,10000,8,0,0.0008,0.0005192,0.0002808,1.5408320493066254
1310,1,2,0,10000,1,0,0.0001,0.0001051,5.0999999999999884e-06,0.9514747859181732
1728,1,4,0,10000,36,0,0.0036,0.0029095,0.0006904999999999997,1.237326001031105
1741,1,1,0,10000,0,1,0.0001,1.13e-05,8.87e-05,8.849557522123893
1802,2,9,0,10000,9,0,0.0009,0.0008212,7.879999999999996e-05,1.0959571358986848
1870,1,5,0,10000,94,0,0.0094,0.0086892,0.000710800000000001,1.0818026976016206
2038,2,7,0,10000,3,0,0.0003,0.0002695,3.0499999999999982e-05,1.1131725417439702
2041,2,6,0,10000,0,1,0.0001,0.0002034,0.0001034,0.4916420845624385
2042,2,5,0,10000,1,0,0.0001,0.0001339,3.39e-05,0.7468259895444361
2066,2,6,0,10000,0,1,0.0001,0.0001992,9.919999999999999e-05,0.5020080321285141
2326,1,2,0,10000,4,0,0.0004,0.0004557,5.57e-05,0.8777704630239193
2415,2,6,0,10000,2,0,0.0002,0.0001535,4.650000000000002e-05,1.3029315960912053
2627,1,6,0,10000,116,0,0.0116,0.0110695,0.0005304999999999997,1.0479244771669904
2659,1,8,0,10000,341,0,0.0341,0.0368312,0.002731200000000003,0.9258454788331631
2664,2,3,0,10000,0,1,0.0001,4.76e-05,5.2400000000000007e-05,2.100840336134454
2723,1,1,0,10000,0,1,0.0001,1.31e-05,8.69e-05,7.633587786259542
2778,1,4,0,10000,36,0,0.0036,0.0034925,0.00010749999999999996,1.0307802433786686
2839,2,7,0,10000,3,0,0.0003,0.000277,2.2999999999999963e-05,1.083032490974729
2841,2,1,0,10000,0,1,0.0001,2.39e-05,7.61e-05,4.184100418410042
2911,2,8,0,10000,3,0,0.0003,0.0005699,0.00026990000000000006,0.5264081417792594
3112,2,10,0,10000,11,0,0.0011,0.0014103,0.0003102999999999999,0.7799758916542581
3113,1,10,0,10000,1722,0,0.1722,0.1707412,0.0014587999999999823,1.0085439249577723
3118,2,5,0,10000,1,0,0.0001,0.0001037,3.699999999999995e-06,0.9643201542912248
3184,1,1,0,10000,0,1,0.0001,1.28e-05,8.72e-05,7.812500000000001
3252,2,1,0,10000,0,1,0.0001,1.9e-05,8.1e-05,5.2631578947368425
3451,2,6,0,10000,2,0,0.0002,0.000181,1.9e-05,1.1049723756906078
3465,2,6,0,10000,1,0,0.0001,0.0001528,5.2799999999999996e-05,0.6544502617801048
3502,1,5,0,10000,113,0,0.0113,0.0081678,0.0031322,1.3834814760400598
3542,1,10,0,10000,1129,0,0.1129,0.1133362,0.0004361999999999977,0.996151273820721
3664,1,6,0,10000,116,0,0.0116,0.0110695,0.0005304999999999997,1.0479244771669904
3793,2,6,0,10000,2,0,0.0002,0.0002099,9.899999999999997e-06,0.9528346831824679
4112,2,7,0,10000,0,1,0.0001,0.0002542,0.0001542,0.39339103068450043
4688,1,1,0,10000,0,1,0.0001,1.42e-05,8.58e-05,7.042253521126761
4690,2,3,0,10000,0,1,0.0001,5.2e-05,4.800000000000001e-05,1.9230769230769234
4697,2,8,0,10000,2,0,0.0002,0.0003626,0.00016259999999999997,0.5515719801434088
4703,1,6,0,10000,116,0,0.0116,0.0110695,0.0005304999999999997,1.0479244771669904
5184,2,8,0,10000,6,0,0.0006,0.000437,0.00016299999999999995,1.3729977116704803
5317,1,7,0,10000,196,0,0.0196,0.0180512,0.0015487999999999995,1.0858003900017728
5318,2,4,0,10000,0,1,0.0001,9.29e-05,7.10000000000001e-06,1.0764262648008613
5648,1,7,0,10000,201,0,0.0201,0.0176508,0.0024491999999999986,1.1387585831803657
5729,1,2,0,10000,0,1,0.0001,1.9e-05,8.1e-05,5.2631578947368425
5742,1,5,0,10000,61,0,0.0061,0.0071253,0.0010252999999999998,0.8561043043801665
5990,2,4,0,10000,1,0,0.0001,6.9e-05,3.100000000000001e-05,1.4492753623188408
6111,2,8,0,10000,9,0,0.0009,0.0005818,0.00031819999999999993,1.5469233413544172
6148,1,2,0,10000,9,0,0.0009,0.0006176,0.0002823999999999999,1.4572538860103625
6314,2,2,0,10000,1,0,0.0001,2.77e-05,7.230000000000001e-05,3.6101083032490977
6395,2,7,0,10000,3,0,0.0003,0.000246,5.399999999999996e-05,1.219512195121951
6715,1,9,0,10000,631,0,0.0631,0.0581971,0.004902900000000002,1.0842464658891937
6718,1,4,0,10000,42,0,0.0042,0.0039114,0.00028859999999999997,1.073784322748888
6786,2,6,0,10000,1,0,0.0001,0.0002104,0.00011039999999999999,0.47528517110266166
6878,2,3,0,10000,0,1,0.0001,4.73e-05,5.270000000000001e-05,2.1141649048625797
6895,2,5,0,10000,0,1,0.0001,9.6e-05,4.000000000000002e-06,1.0416666666666667
6982,2,3,0,10000,2,0,0.0002,4.35e-05,0.0001565,4.597701149425288
6993,1,5,0,10000,94,0,0.0094,0.0086892,0.000710800000000001,1.0818026976016206
6999,2,4,0,10000,1,0,0.0001,8.16e-05,1.84e-05,1.2254901960784315
7049,2,5,0,10000,0,1,0.0001,0.0001287,2.8700000000000006e-05,0.777000777000777
7056,1,2,0,10000,3,0,0.0003,0.0003486,4.860000000000004e-05,0.8605851979345954
7064,2,10,0,10000,39,0,0.0039,0.0035435,0.0003564999999999996,1.1006067447438972
7269,1,3,0,10000,17,0,0.0017,0.0021351,0.0004351000000000001,0.7962156339281532
7278,1,8,0,10000,354,0,0.0354,0.034881,0.0005189999999999986,1.0148791605745249
7279,1,9,0,10000,952,0,0.0952,0.0948589,0.00034110000000001084,1.0035958671247507
7520,2,4,0,10000,0,1,0.0001,7.43e-05,2.57e-05,1.3458950201884252
7534,1,2,0,10000,14,0,0.0014,0.0010279,0.0003721,1.3620001945714564
7813,1,6,0,10000,116,0,0.0116,0.0110695,0.0005304999999999997,1.0479244771669904
7840,2,4,0,10000,2,0,0.0002,9.02e-05,0.00010980000000000001,2.2172949002217295
7845,2,9,0,10000,8,0,0.0008,0.0006654,0.00013460000000000002,1.2022843402464682
8177,2,6,0,10000,0,1,0.0001,0.0001804,8.039999999999999e-05,0.5543237250554324
8183,2,8,0,10000,7,0,0.0007,0.0005784,0.00012160000000000003,1.2102351313969573
8189,2,2,0,10000,2,0,0.0002,3.39e-05,0.00016610000000000003,5.899705014749263
8259,2,1,0,10000,1,0,0.0001,2.26e-05,7.740000000000001e-05,4.424778761061947
8267,2,9,0,10000,2,0,0.0002,0.0006518,0.00045180000000000003,0.3068425897514575
8571,2,8,0,10000,4,0,0.0004,0.0004497,4.969999999999996e-05,0.8894818768067602
8575,1,4,0,10000,32,0,0.0032,0.0029545,0.00024550000000000006,1.08309358605517
8832,1,10,0,10000,1878,0,0.1878,0.1915985,0.00379850000000001,0.9801746882151999
8838,2,7,0,10000,0,1,0.0001,0.0002652,0.0001652,0.37707390648567124
8873,1,4,0,10000,47,0,0.0047,0.0047227,2.269999999999963e-05,0.995193427488513
8906,1,10,0,10000,1400,0,0.14,0.1379732,0.002026800000000023,1.0146898093252894
8952,1,4,0,10000,38,0,0.0038,0.0028016,0.0009984,1.3563677898343804
8954,1,6,0,10000,116,0,0.0116,0.0110695,0.0005304999999999997,1.0479244771669904
9022,1,1,0,10000,0,1,0.0001,1.11e-05,8.89e-05,9.00900900900901
9539,1,5,0,10000,49,0,0.0049,0.0051747,0.0002747000000000001,0.9469147969930624
9540,2,10,0,10000,21,0,0.0021,0.0013073,0.0007926999999999999,1.6063642622198424
9669,2,9,0,10000,6,0,0.0006,0.0008347,0.0002347,0.7188211333413203
10023,2,3,0,10000,0,1,0.0001,5e-05,5e-05,2.0
10404,2,2,0,10000,0,1,0.0001,3.21e-05,6.79e-05,3.115264797507788
10512,2,6,0,10000,3,0,0.0003,0.0001823,0.00011769999999999996,1.645639056500274
10519,2,9,0,10000,11,0,0.0011,0.0008029,0.0002971000000000001,1.3700336280981444
10796,2,9,0,10000,6,0,0.0006,0.0006216,2.160000000000009e-05,0.9652509652509651
10871,1,3,0,10000,17,0,0.0017,0.0016065,9.349999999999983e-05,1.0582010582010581
10877,1,9,0,10000,631,0,0.0631,0.0581971,0.004902900000000002,1.0842464658891937
10933,1,4,0,10000,29,0,0.0029,0.0034745,0.0005745000000000004,0.8346524679810043
10940,2,3,0,10000,3,0,0.0003,5.49e-05,0.0002451,5.46448087431694
11177,2,8,0,10000,6,0,0.0006,0.0005482,5.179999999999996e-05,1.0944910616563297
11206,1,3,0,10000,27,0,0.0027,0.0022723,0.00042770000000000004,1.1882233859965674
11213,2,8,0,10000,1,0,0.0001,0.0005865,0.0004865,0.17050298380221654
11983,2,3,0,10000,0,1,0.0001,3.94e-05,6.06e-05,2.5380710659898478
12087,1,9,0,10000,631,0,0.0631,0.0581971,0.004902900000000002,1.0842464658891937
12274,1,8,0,10000,341,0,0.0341,0.0368312,0.002731200000000003,0.9258454788331631
12275,1,9,0,10000,631,0,0.0631,0.0581971,0.004902900000000002,1.0842464658891937
12284,2,3,0,10000,0,1,0.0001,4.3e-05,5.7e-05,2.3255813953488373
12300,1,1,0,10000,0,1,0.0001,1.46e-05,8.54e-05,6.8493150684931505
12339,2,8,0,10000,4,0,0.0004,0.0005052,0.00010520000000000001,0.7917656373713381
12346,2,1,0,10000,0,1,0.0001,1.6e-05,8.400000000000001e-05,6.250000000000001
12643,2,3,0,10000,0,1,0.0001,5.28e-05,4.72e-05,1.893939393939394
12655,2,7,0,10000,4,0,0.0004,0.0003275,7.250000000000003e-05,1.2213740458015268
12838,2,9,0,10000,6,0,0.0006,0.0008178,0.0002178000000000001,0.7336757153338224
13000,1,3,0,10000,16,0,0.0016,0.001483,0.00011700000000000013,1.0788941335131492
13030,2,2,0,10000,0,1,0.0001,3.29e-05,6.71e-05,3.0395136778115504
13150,1,4,0,10000,48,0,0.0048,0.0037554,0.0010445999999999997,1.2781594503914362
13174,2,10,0,10000,20,0,0.002,0.0018767,0.00012330000000000002,1.065700431608675
13220,1,2,0,10000,7,0,0.0007,0.0007306,3.0599999999999985e-05,0.9581166164796058
13243,2,10,0,10000,13,0,0.0013,0.0011001,0.00019990000000000003,1.1817107535678575
13329,2,7,0,10000,7,0,0.0007,0.0003367,0.0003633,2.079002079002079
13330,2,4,0,10000,1,0,0.0001,8.14e-05,1.8600000000000005e-05,1.2285012285012287
13343,2,1,0,10000,0,1,0.0001,1.91e-05,8.09e-05,5.235602094240838
13873,2,10,0,10000,16,0,0.0016,0.0011779,0.0004221000000000001,1.3583496052296462
13878,1,5,0,10000,94,0,0.0094,0.0086892,0.000710800000000001,1.0818026976016206
13962,2,8,0,10000,4,0,0.0004,0.0005583,0.00015829999999999994,0.7164606842199535
13963,2,8,0,10000,3,0,0.0003,0.0003989,9.890000000000002e-05,0.7520681875156681
14240,2,9,0,10000,6,0,0.0006,0.0008654,0.00026540000000000005,0.693321007626531
14246,2,7,0,10000,3,0,0.0003,0.0002547,4.529999999999996e-05,1.1778563015312131
14453,2,6,0,10000,1,0,0.0001,0.0002204,0.00012039999999999999,0.4537205081669692
14455,1,4,0,10000,40,0,0.004,0.004175,0.0001749999999999998,0.9580838323353293
14512,2,4,0,10000,0,1,0.0001,6.56e-05,3.440000000000001e-05,1.5243902439024393
14599,1,3,0,10000,18,0,0.0018,0.0018704,7.039999999999998e-05,0.962360992301112
14819,2,8,0,10000,4,0,0.0004,0.0005149,0.00011489999999999997,0.7768498737618955
14826,2,1,0,10000,0,1,0.0001,1.88e-05,8.120000000000001e-05,5.319148936170214
14899,1,6,0,10000,129,0,0.0129,0.0137207,0.0008207000000000006,0.9401852675155057
14935,1,1,0,10000,1,0,0.0001,9e-06,9.1e-05,11.11111111111111
14957,2,9,0,10000,9,0,0.0009,0.0006464,0.0002536,1.3923267326732673
14994,1,1,0,10000,0,1,0.0001,1.37e-05,8.630000000000001e-05,7.299270072992702
15004,1,7,0,10000,202,0,0.0202,0.0203896,0.00018960000000000157,0.9907011417585435
15147,1,5,0,10000,71,0,0.0071,0.0073,0.00019999999999999966,0.9726027397260274
15164,1,4,0,10000,53,0,0.0053,0.0036472,0.0016527999999999998,1.4531695547269137
15165,2,5,0,10000,3,0,0.0003,0.00013,0.00016999999999999999,2.3076923076923075
15167,1,7,0,10000,290,0,0.029,0.0296922,0.000692199999999997,0.9766874802136589
15175,2,8,0,10000,5,0,0.0005,0.0005044,4.3999999999999985e-06,0.9912767644726408
15417,1,7,0,10000,290,0,0.029,0.0296922,0.000692199999999997,0.9766874802136589
15432,1,7,0,10000,290,0,0.029,0.0296922,0.000692199999999997,0.9766874802136589
15442,1,4,0,10000,32,0,0.0032,0.0028992,0.00030079999999999994,1.1037527593818983
15446,2,7,0,10000,0,1,0.0001,0.0002251,0.0001251,0.44424700133274103
15572,1,8,0,10000,341,0,0.0341,0.0368312,0.002731200000000003,0.9258454788331631
15640,1,5,0,10000,71,0,0.0071,0.0073,0.00019999999999999966,0.9726027397260274
15725,1,5,0,10000,57,0,0.0057,0.00545,0.0002500000000000002,1.0458715596330275
16180,1,3,0,10000,16,0,0.0016,0.0011825,0.0004175000000000001,1.353065539112051
16197,2,9,0,10000,7,0,0.0007,0.000904,0.00020399999999999997,0.7743362831858407
16278,2,9,0,10000,6,0,0.0006,0.0008553,0.0002553000000000001,0.7015082427218519
16381,2,6,0,10000,1,0,0.0001,0.0002062,0.00010619999999999999,0.48496605237633367
16536,2,1,0,10000,0,1,0.0001,1.98e-05,8.02e-05,5.050505050505051
16752,1,2,0,10000,6,0,0.0006,0.000377,0.00022299999999999995,1.5915119363395225
16765,1,7,0,10000,196,0,0.0196,0.0180512,0.0015487999999999995,1.0858003900017728
16903,2,7,0,10000,1,0,0.0001,0.0003015,0.00020150000000000002,0.33167495854063017
16905,1,1,0,10000,0,1,0.0001,1.29e-05,8.71e-05,7.7519379844961245
16945,2,2,0,10000,0,1,0.0001,2.81e-05,7.190000000000001e-05,3.558718861209965
16970,2,8,0,10000,5,0,0.0005,0.0004408,5.920000000000003e-05,1.134301270417423
17135,1,9,0,10000,697,0,0.0697,0.0705726,0.0008726000000000012,0.9876354279139495
17161,1,9,0,10000,952,0,0.0952,0.0948589,0.00034110000000001084,1.0035958671247507
17746,1,7,0,10000,202,0,0.0202,0.0203896,0.00018960000000000157,0.9907011417585435
17747,1,6,0,10000,129,0,0.0129,0.0137207,0.0008207000000000006,0.9401852675155057
17766,2,4,0,10000,0,1,0.0001,8.85e-05,1.1500000000000008e-05,1.1299435028248588
17875,2,10,0,10000,24,0,0.0024,0.0018295,0.0005704999999999998,1.3118338343809783
17993,2,5,0,10000,0,1,0.0001,0.0001308,3.08e-05,0.764525993883792
18093,2,1,0,10000,1,0,0.0001,2.24e-05,7.76e-05,4.464285714285714
18162,1,3,0,10000,25,0,0.0025,0.0026558,0.00015579999999999978,0.9413359439716847
18169,2,8,0,10000,5,0,0.0005,0.0004788,2.1200000000000027e-05,1.0442773600668338
18173,1,4,0,10000,34,0,0.0034,0.0031056,0.0002943999999999998,1.0947964966512107
18174,1,7,0,10000,196,0,0.0196,0.0180512,0.0015487999999999995,1.0858003900017728
18296,1,6,0,10000,166,0,0.0166,0.0154208,0.0011792,1.0764681469184478
18298,2,4,0,10000,2,0,0.0002,6.1e-05,0.00013900000000000002,3.278688524590164
18300,1,10,0,10000,1722,0,0.1722,0.1707412,0.0014587999999999823,1.0085439249577723
18303,2,9,0,10000,5,0,0.0005,0.000629,0.000129,0.794912559618442
18649,1,6,0,10000,166,0,0.0166,0.0154208,0.0011792,1.0764681469184478
18650,2,4,0,10000,1,0,0.0001,7.79e-05,2.210000000000001e-05,1.2836970474967908
18654,1,9,0,10000,950,0,0.095,0.0991156,0.004115599999999997,0.9584767685409764
18781,2,8,0,10000,2,0,0.0002,0.0005101,0.0003101,0.39207998431680063
18807,1,4,0,10000,52,0,0.0052,0.0045248,0.0006751999999999999,1.1492220650636493
18809,2,2,0,10000,0,1,0.0001,3.01e-05,6.99e-05,3.3222591362126246
18971,1,9,0,10000,697,0,0.0697,0.0705726,0.0008726000000000012,0.9876354279139495
19296,2,9,0,10000,5,0,0.0005,0.0006286,0.00012859999999999998,0.7954183900731785
19379,1,8,0,10000,341,0,0.0341,0.0368312,0.002731200000000003,0.9258454788331631
19386,2,1,0,10000,0,1,0.0001,1.99e-05,8.010000000000001e-05,5.025125628140704
19606,1,10,0,10000,1400,0,0.14,0.1379732,0.002026800000000023,1.0146898093252894
19613,1,1,0,10000,0,1,0.0001,1.62e-05,8.38e-05,6.172839506172839
19693,1,9,0,10000,952,0,0.0952,0.0948589,0.00034110000000001084,1.0035958671247507
19694,2,10,0,10000,17,0,0.0017,0.0020014,0.00030140000000000006,0.849405416208654
20204,2,6,0,10000,0,1,0.0001,0.0001702,7.019999999999999e-05,0.5875440658049355
21093,1,2,0,10000,0,1,0.0001,0.0002185,0.0001185,0.4576659038901602
21335,1,1,0,10000,2,0,0.0002,1.21e-05,0.00018790000000000001,16.528925619834713
21419,2,9,0,10000,5,0,0.0005,0.000652,0.000152,0.7668711656441718
21420,1,6,0,10000,116,0,0.0116,0.0110695,0.0005304999999999997,1.0479244771669904
21510,1,2,0,10000,7,0,0.0007,0.0006764,2.360000000000003e-05,1.0348905972797162
21728,1,6,0,10000,116,0,0.0116,0.0110695,0.0005304999999999997,1.0479244771669904
21743,1,1,0,10000,0,1,0.0001,1.01e-05,8.99e-05,9.900990099009901
22233,2,5,0,10000,0,1,0.0001,0.0001284,2.84e-05,0.778816199376947
22248,1,9,0,10000,697,0,0.0697,0.0705726,0.0008726000000000012,0.9876354279139495
22254,1,7,0,10000,226,0,0.0226,0.0236403,0.001040300000000001,0.9559946362778814
22272,2,7,0,10000,2,0,0.0002,0.0003299,0.00012989999999999999,0.6062443164595333
22363,2,10,0,10000,22,0,0.0022,0.0018548,0.00034520000000000015,1.1861117101574294
22448,1,3,0,10000,12,0,0.0012,0.0020738,0.0008738000000000003,0.5786478927572571
22458,2,9,0,10000,6,0,0.0006,0.0007678,0.00016780000000000007,0.7814535035165406
22459,2,8,0,10000,4,0,0.0004,0.0004329,3.2899999999999987e-05,0.924000924000924
22494,2,6,0,10000,4,0,0.0004,0.0001862,0.00021380000000000002,2.1482277121374866
22789,2,4,0,10000,0,1,0.0001,6.1e-05,3.9000000000000006e-05,1.639344262295082
22843,1,4,0,10000,49,0,0.0049,0.0048384,6.16000000000002e-05,1.0127314814814816
23032,2,7,0,10000,2,0,0.0002,0.0002594,5.940000000000001e-05,0.7710100231303006
23056,2,4,0,10000,0,1,0.0001,7.3e-05,2.7000000000000006e-05,1.3698630136986303
23174,2,9,0,10000,5,0,0.0005,0.0006103,0.00011030000000000002,0.8192692118630182
23180,2,3,0,10000,0,1,0.0001,4.53e-05,5.47e-05,2.2075055187637966
23182,2,1,0,10000,0,1,0.0001,1.04e-05,8.960000000000001e-05,9.615384615384615
23280,2,9,0,10000,8,0,0.0008,0.0007276,7.240000000000003e-05,1.0995052226498077
23324,1,8,0,10000,341,0,0.0341,0.0368312,0.002731200000000003,0.9258454788331631
23617,2,9,0,10000,10,0,0.001,0.0007535,0.0002465,1.3271400132714002
23695,1,4,0,10000,32,0,0.0032,0.0028992,0.00030079999999999994,1.1037527593818983
23881,2,5,0,10000,1,0,0.0001,0.0001287,2.8700000000000006e-05,0.777000777000777
23884,1,8,0,10000,341,0,0.0341,0.0368312,0.002731200000000003,0.9258454788331631
24434,2,7,0,10000,4,0,0.0004,0.0003141,8.590000000000003e-05,1.2734797835084368
24439,1,10,0,10000,1400,0,0.14,0.1379732,0.002026800000000023,1.0146898093252894
24513,2,2,0,10000,0,1,0.0001,2.49e-05,7.510000000000001e-05,4.016064257028113
24514,1,1,0,10000,0,1,0.0001,1.54e-05,8.46e-05,6.4935064935064934
24523,1,8,0,10000,354,0,0.0354,0.034881,0.0005189999999999986,1.0148791605745249
24697,1,10,0,10000,1400,0,0.14,0.1379732,0.002026800000000023,1.0146898093252894
24705,1,10,0,10000,1129,0,0.1129,0.1133362,0.0004361999999999977,0.996151273820721
24710,2,5,0,10000,0,1,0.0001,0.0001291,2.909999999999999e-05,0.774593338497289
24712,1,3,0,10000,16,0,0.0016,0.0019074,0.0003074,0.8388382090804236
24792,1,2,0,10000,0,1,0.0001,6.87e-05,3.13e-05,1.455604075691412
24808,1,5,0,10000,73,0,0.0073,0.006714,0.0005859999999999997,1.087280309800417
24811,2,7,0,10000,3,0,0.0003,0.0002773,2.2699999999999955e-05,1.0818608005769923
24896,2,3,0,10000,0,1,0.0001,5.12e-05,4.880000000000001e-05,1.9531250000000002
24982,1,3,0,10000,13,0,0.0013,0.0013878,8.780000000000007e-05,0.9367343997694192
24983,2,3,0,10000,1,0,0.0001,4.69e-05,5.31e-05,2.1321961620469083
24996,2,2,0,10000,0,1,0.0001,3.37e-05,6.630000000000001e-05,2.967359050445104
25004,2,10,0,10000,28,0,0.0028,0.0026197,0.0001803,1.0688246745810588
25265,1,7,0,10000,287,0,0.0287,0.028769,6.899999999999962e-05,0.9976015850394522
25268,2,10,0,10000,23,0,0.0023,0.0024941,0.0001941,0.9221763361533218
25514,1,7,0,10000,202,0,0.0202,0.0203896,0.00018960000000000157,0.9907011417585435
25551,2,6,0,10000,1,0,0.0001,0.0001521,5.2100000000000006e-05,0.6574621959237343
25557,1,7,0,10000,226,0,0.0226,0.0236403,0.001040300000000001,0.9559946362778814
25560,1,2,0,10000,1,0,0.0001,1.99e-05,8.010000000000001e-05,5.025125628140704
25575,2,2,0,10000,2,0,0.0002,3.44e-05,0.00016560000000000001,5.813953488372093
25576,1,5,0,10000,94,0,0.0094,0.0086892,0.000710800000000001,1.0818026976016206
25579,2,7,0,10000,3,0,0.0003,0.0003309,3.0900000000000046e-05,0.9066183136899364
25583,2,10,0,10000,9,0,0.0009,0.0015372,0.0006372000000000001,0.585480093676815
25611,1,10,0,10000,1400,0,0.14,0.1379732,0.002026800000000023,1.0146898093252894
25774,1,1,0,10000,0,1,0.0001,1.61e-05,8.39e-05,6.2111801242236035
26001,2,9,0,10000,9,0,0.0009,0.0008212,7.879999999999996e-05,1.0959571358986848
26359,1,2,0,10000,9,0,0.0009,0.0007461,0.0001539,1.2062726176115803
26376,1,5,0,10000,94,0,0.0094,0.0086892,0.000710800000000001,1.0818026976016206
26381,2,8,0,10000,5,0,0.0005,0.0004386,6.140000000000003e-05,1.1399908800729595
26440,2,4,0,10000,0,1,0.0001,8.31e-05,1.6900000000000004e-05,1.203369434416366
27101,2,3,0,10000,1,0,0.0001,5.18e-05,4.8200000000000006e-05,1.9305019305019306
27141,2,5,0,10000,3,0,0.0003,0.0001315,0.00016849999999999998,2.2813688212927756
27185,1,7,0,10000,290,0,0.029,0.0296922,0.000692199999999997,0.9766874802136589
27187,1,5,0,10000,94,0,0.0094,0.0086892,0.000710800000000001,1.0818026976016206
27188,1,10,0,10000,1400,0,0.14,0.1379732,0.002026800000000023,1.0146898093252894
27362,2,4,0,10000,1,0,0.0001,7e-05,3.000000000000001e-05,1.4285714285714288
27373,1,3,0,10000,28,0,0.0028,0.0022388,0.0005612,1.2506700017866714
27411,1,3,0,10000,11,0,0.0011,0.0014849,0.00038489999999999987,0.7407906256313557
27421,2,5,0,10000,1,0,0.0001,9.41e-05,5.900000000000008e-06,1.0626992561105209
27433,2,4,0,10000,0,1,0.0001,8.66e-05,1.34e-05,1.1547344110854503
27501,2,8,0,10000,3,0,0.0003,0.0004028,0.0001028,0.7447864945382323
27850,2,1,0,10000,0,1,0.0001,1.12e-05,8.88e-05,8.928571428571429
27940,1,8,0,10000,341,0,0.0341,0.0368312,0.002731200000000003,0.9258454788331631
28006,2,10,0,10000,14,0,0.0014,0.0011605,0.0002394999999999999,1.2063765618267988
28038,2,1,0,10000,0,1,0.0001,1.88e-05,8.120000000000001e-05,5.319148936170214
28042,1,5,0,10000,94,0,0.0094,0.0086892,0.000710800000000001,1.0818026976016206
28046,2,9,0,10000,8,0,0.0008,0.0006505,0.0001495,1.2298232129131437
28105,1,7,0,10000,202,0,0.0202,0.0203896,0.00018960000000000157,0.9907011417585435
28107,2,5,0,10000,2,0,0.0002,0.0001423,5.770000000000002e-05,1.40548137737175
28147,1,1,0,10000,0,1,0.0001,1.75e-05,8.25e-05,5.714285714285715
28156,1,6,0,10000,129,0,0.0129,0.0137207,0.0008207000000000006,0.9401852675155057
28334,2,2,0,10000,1,0,0.0001,2.52e-05,7.48e-05,3.9682539682539684
28339,1,1,0,10000,0,1,0.0001,1.28e-05,8.72e-05,7.812500000000001
28351,1,5,0,10000,50,0,0.005,0.0052612,0.0002611999999999996,0.9503535315137231
28528,2,6,0,10000,0,1,0.0001,0.000174,7.4e-05,0.574712643678161
28533,2,10,0,10000,17,0,0.0017,0.0014389,0.0002611,1.1814580582389325
28541,2,3,0,10000,1,0,0.0001,4.06e-05,5.940000000000001e-05,2.4630541871921183
28817,1,9,0,10000,950,0,0.095,0.0991156,0.004115599999999997,0.9584767685409764
29004,2,2,0,10000,0,1,0.0001,2.69e-05,7.31e-05,3.717472118959108
29043,1,8,0,10000,341,0,0.0341,0.0368312,0.002731200000000003,0.9258454788331631
29058,1,4,0,10000,44,0,0.0044,0.0041447,0.00025529999999999997,1.0615967380027505
29062,1,8,0,10000,341,0,0.0341,0.0368312,0.002731200000000003,0.9258454788331631
29069,1,3,0,10000,23,0,0.0023,0.0025418,0.00024179999999999991,0.9048705641671256
29164,1,4,0,10000,29,0,0.0029,0.0034745,0.0005745000000000004,0.8346524679810043
29189,1,4,0,10000,48,0,0.0048,0.0037554,0.0010445999999999997,1.2781594503914362
29233,1,6,0,10000,105,0,0.0105,0.0105398,3.979999999999956e-05,0.9962238372644643
29237,2,10,0,10000,19,0,0.0019,0.0024155,0.0005155000000000001,0.7865866280273235
29245,2,2,0,10000,1,0,0.0001,3.25e-05,6.750000000000001e-05,3.0769230769230775
29408,1,7,0,10000,226,0,0.0226,0.0236403,0.001040300000000001,0.9559946362778814
29551,2,10,0,10000,11,0,0.0011,0.0012938,0.00019379999999999983,0.8502086875869532
29810,2,5,0,10000,0,1,0.0001,0.0001116,1.1599999999999997e-05,0.8960573476702509
29813,2,9,0,10000,12,0,0.0012,0.0008083,0.0003916999999999999,1.4845973029815662
29874,1,10,0,10000,1878,0,0.1878,0.1915985,0.00379850000000001,0.9801746882151999
29879,1,7,0,10000,196,0,0.0196,0.0180512,0.0015487999999999995,1.0858003900017728
29883,1,3,0,10000,9,0,0.0009,0.0012143,0.0003143,0.7411677509676357
30036,1,2,0,10000,2,0,0.0002,0.0003466,0.0001466,0.5770340450086555
30042,2,4,0,10000,0,1,0.0001,8.99e-05,1.0100000000000002e-05,1.1123470522803114
30225,1,4,0,10000,31,0,0.0031,0.0029699,0.00013009999999999975,1.0438061887605643
30231,1,10,0,10000,1247,0,0.1247,0.1333819,0.008681899999999992,0.9349094592294758
30632,1,9,0,10000,874,0,0.0874,0.0851688,0.0022312000000000026,1.0261973868364942
30639,1,6,0,10000,105,0,0.0105,0.0105398,3.979999999999956e-05,0.9962238372644643
30681,2,5,0,10000,1,0,0.0001,9.57e-05,4.30000000000001e-06,1.0449320794148382
30686,1,10,0,10000,1722,0,0.1722,0.1707412,0.0014587999999999823,1.0085439249577723
30768,1,2,0,10000,11,0,0.0011,0.0009615,0.00013850000000000006,1.1440457618304734
30771,2,1,0,10000,0,1,0.0001,2.27e-05,7.730000000000001e-05,4.405286343612335
30776,2,10,0,10000,16,0,0.0016,0.0016024,2.3999999999998415e-06,0.998502246630055
30802,2,7,0,10000,3,0,0.0003,0.0003545,5.4500000000000024e-05,0.8462623413258109
30928,1,8,0,10000,341,0,0.0341,0.0368312,0.002731200000000003,0.9258454788331631
30933,1,5,0,10000,71,0,0.0071,0.0073,0.00019999999999999966,0.9726027397260274
30938,2,2,0,10000,0,1,0.0001,3.01e-05,6.99e-05,3.3222591362126246
31399,2,3,0,10000,0,1,0.0001,4.94e-05,5.0600000000000003e-05,2.0242914979757085
31506,2,4,0,10000,2,0,0.0002,6.56e-05,0.00013440000000000001,3.0487804878048785
31577,2,9,0,10000,5,0,0.0005,0.0006272,0.00012719999999999995,0.7971938775510204
31620,2,9,0,10000,9,0,0.0009,0.0006054,0.0002946,1.4866204162537167
31653,1,7,0,10000,202,0,0.0202,0.0203896,0.00018960000000000157,0.9907011417585435
31719,1,5,0,10000,73,0,0.0073,0.006714,0.0005859999999999997,1.087280309800417
32114,2,9,0,10000,6,0,0.0006,0.0006221,2.210000000000005e-05,0.9644751647645072
32115,1,8,0,10000,341,0,0.0341,0.0368312,0.002731200000000003,0.9258454788331631
32116,1,7,0,10000,196,0,0.0196,0.0180512,0.0015487999999999995,1.0858003900017728
32117,1,6,0,10000,116,0,0.0116,0.0110695,0.0005304999999999997,1.0479244771669904
32233,1,9,0,10000,697,0,0.0697,0.0705726,0.0008726000000000012,0.9876354279139495
32334,1,2,0,10000,2,0,0.0002,0.000294,9.399999999999998e-05,0.6802721088435375
32469,1,2,0,10000,2,0,0.0002,0.0003163,0.00011629999999999998,0.6323110970597534
32689,2,10,0,10000,14,0,0.0014,0.0015593,0.00015930000000000002,0.8978387738087603
32698,1,1,0,10000,0,1,0.0001,1.47e-05,8.53e-05,6.802721088435375
33335,2,7,0,10000,3,0,0.0003,0.0002911,8.9e-06,1.0305736860185504
33373,1,5,0,10000,48,0,0.0048,0.0054408,0.0006408000000000004,0.8822232024702249
33505,2,9,0,10000,8,0,0.0008,0.0006685,0.0001315,1.1967090501121915
33514,2,2,0,10000,1,0,0.0001,3.69e-05,6.31e-05,2.710027100271003
33687,2,6,0,10000,3,0,0.0003,0.0001476,0.00015239999999999996,2.0325203252032518
33819,1,3,0,10000,16,0,0.0016,0.0014084,0.0001916000000000001,1.136040897472309
34115,2,8,0,10000,5,0,0.0005,0.0004334,6.659999999999999e-05,1.1536686663590217
34181,2,7,0,10000,7,0,0.0007,0.0002871,0.0004129,2.4381748519679554
34245,1,7,0,10000,290,0,0.029,0.0296922,0.000692199999999997,0.9766874802136589
34294,2,8,0,10000,5,0,0.0005,0.0005827,8.27e-05,0.8580744808649391
34676,1,5,0,10000,73,0,0.0073,0.006714,0.0005859999999999997,1.087280309800417
34864,1,6,0,10000,159,0,0.0159,0.0145691,0.0013309000000000012,1.091350872737506
34867,1,5,0,10000,66,0,0.0066,0.006262,0.00033799999999999976,1.0539763653784733
34938,1,7,0,10000,202,0,0.0202,0.0203896,0.00018960000000000157,0.9907011417585435
34943,1,4,0,10000,28,0,0.0028,0.0029991,0.00019910000000000023,0.9336134173585409
35044,1,8,0,10000,341,0,0.0341,0.0368312,0.002731200000000003,0.9258454788331631
35167,1,9,0,10000,631,0,0.0631,0.0581971,0.004902900000000002,1.0842464658891937
35235,2,3,0,10000,1,0,0.0001,5.09e-05,4.910000000000001e-05,1.9646365422396859
35308,2,7,0,10000,4,0,0.0004,0.0003452,5.480000000000003e-05,1.1587485515643106
35425,2,6,0,10000,0,1,0.0001,0.000158,5.799999999999999e-05,0.6329113924050633
35472,1,5,0,10000,66,0,0.0066,0.006262,0.00033799999999999976,1.0539763653784733
35477,2,8,0,10000,6,0,0.0006,0.0005213,7.869999999999991e-05,1.1509687320161133
35655,1,3,0,10000,18,0,0.0018,0.0016863,0.0001137,1.0674257249599715
35719,1,2,0,10000,3,0,0.0003,0.0001637,0.00013629999999999998,1.832620647525962
35723,1,6,0,10000,116,0,0.0116,0.0110695,0.0005304999999999997,1.0479244771669904
35725,1,8,0,10000,354,0,0.0354,0.034881,0.0005189999999999986,1.0148791605745249
36090,2,9,0,10000,9,0,0.0009,0.0006961,0.00020390000000000002,1.2929176842407701
36153,2,6,0,10000,0,1,0.0001,0.0001639,6.39e-05,0.6101281269066504
36345,1,6,0,10000,166,0,0.0166,0.0154208,0.0011792,1.0764681469184478
36390,2,3,0,10000,0,1,0.0001,4.79e-05,5.2100000000000006e-05,2.0876826722338206
36391,2,2,0,10000,0,1,0.0001,3.41e-05,6.59e-05,2.932551319648094
36395,2,6,0,10000,0,1,0.0001,0.0001573,5.73e-05,0.6357279084551812
36424,2,9,0,10000,7,0,0.0007,0.0006165,8.350000000000002e-05,1.1354420113544201
36431,2,6,0,10000,1,0,0.0001,0.0001699,6.99e-05,0.5885815185403178
36483,2,8,0,10000,2,0,0.0002,0.0004795,0.0002795,0.4171011470281544
36536,2,7,0,10000,5,0,0.0005,0.000345,0.00015500000000000003,1.4492753623188406
36537,2,6,0,10000,2,0,0.0002,0.0001505,4.950000000000001e-05,1.3289036544850499
36539,1,4,0,10000,31,0,0.0031,0.0044588,0.0013587999999999999,0.695254328518884
36819,2,6,0,10000,4,0,0.0004,0.0001939,0.00020610000000000002,2.062919030428056
36951,2,6,0,10000,2,0,0.0002,0.0001791,2.090000000000002e-05,1.1166945840312676
36991,2,9,0,10000,4,0,0.0004,0.0006393,0.00023929999999999996,0.6256843422493352
37077,1,9,0,10000,631,0,0.0631,0.0581971,0.004902900000000002,1.0842464658891937
37078,1,10,0,10000,1400,0,0.14,0.1379732,0.002026800000000023,1.0146898093252894
37588,2,7,0,10000,0,1,0.0001,0.0002542,0.0001542,0.39339103068450043
37593,2,2,0,10000,0,1,0.0001,2.61e-05,7.390000000000001e-05,3.8314176245210727
37594,2,1,0,10000,1,0,0.0001,1.97e-05,8.03e-05,5.0761421319796955
37632,2,2,0,10000,0,1,0.0001,2.92e-05,7.08e-05,3.4246575342465753
37645,2,7,0,10000,2,0,0.0002,0.0002673,6.729999999999998e-05,0.7482229704451927
37646,1,4,0,10000,38,0,0.0038,0.0028016,0.0009984,1.3563677898343804
37647,2,5,0,10000,0,1,0.0001,9.75e-05,2.5000000000000066e-06,1.0256410256410258
37707,1,8,0,10000,341,0,0.0341,0.0368312,0.002731200000000003,0.9258454788331631
37708,1,7,0,10000,287,0,0.0287,0.028769,6.899999999999962e-05,0.9976015850394522
37845,2,9,0,10000,5,0,0.0005,0.000629,0.000129,0.794912559618442
37914,2,5,0,10000,3,0,0.0003,0.0001142,0.00018579999999999996,2.626970227670753
38219,2,7,0,10000,3,0,0.0003,0.0002493,5.0699999999999986e-05,1.2033694344163657
38455,2,2,0,10000,0,1,0.0001,3.32e-05,6.68e-05,3.0120481927710845
38524,1,10,0,10000,1722,0,0.1722,0.1707412,0.0014587999999999823,1.0085439249577723
38753,2,7,0,10000,3,0,0.0003,0.0003011,1.1000000000000267e-06,0.9963467286615741
38759,1,9,0,10000,887,0,0.0887,0.0869037,0.0017963000000000007,1.0206700059951417
38941,2,1,0,10000,0,1,0.0001,2.25e-05,7.75e-05,4.444444444444445
39055,1,7,0,10000,202,0,0.0202,0.0203896,0.00018960000000000157,0.9907011417585435
39112,2,2,0,10000,0,1,0.0001,2.73e-05,7.27e-05,3.6630036630036633
39273,1,10,0,10000,1400,0,0.14,0.1379732,0.002026800000000023,1.0146898093252894
39300,1,4,0,10000,34,0,0.0034,0.0033679,3.209999999999975e-05,1.0095311618515987
39305,2,1,0,10000,0,1,0.0001,1.97e-05,8.03e-05,5.0761421319796955
39666,2,1,0,10000,0,1,0.0001,1.34e-05,8.66e-05,7.462686567164179
39873,2,6,0,10000,3,0,0.0003,0.0001863,0.00011369999999999997,1.610305958132045
40104,2,8,0,10000,1,0,0.0001,0.0003817,0.0002817,0.26198585276395076
40560,1,5,0,10000,71,0,0.0071,0.0073,0.00019999999999999966,0.9726027397260274
40706,2,5,0,10000,0,1,0.0001,9.35e-05,6.500000000000009e-06,1.0695187165775402
40711,2,8,0,10000,2,0,0.0002,0.0004718,0.0002718,0.423908435777872
40865,2,1,0,10000,0,1,0.0001,1.98e-05,8.02e-05,5.050505050505051
40923,1,4,0,10000,27,0,0.0027,0.0029648,0.00026479999999999993,0.9106853750674582
40926,1,9,0,10000,950,0,0.095,0.0991156,0.004115599999999997,0.9584767685409764
41544,2,8,0,10000,3,0,0.0003,0.0004637,0.00016370000000000002,0.6469700237222341
41546,2,10,0,10000,11,0,0.0011,0.0012055,0.00010549999999999991,0.9124844462878474
41551,2,7,0,10000,2,0,0.0002,0.0003318,0.00013179999999999998,0.6027727546714889
41891,2,3,0,10000,0,1,0.0001,5.28e-05,4.72e-05,1.893939393939394
41896,2,8,0,10000,4,0,0.0004,0.0004261,2.6099999999999984e-05,0.9387467730579676
42017,1,6,0,10000,159,0,0.0159,0.0145691,0.0013309000000000012,1.091350872737506
42117,1,3,0,10000,29,0,0.0029,0.0023858,0.0005141999999999998,1.2155251907117108
42182,1,10,0,10000,1722,0,0.1722,0.1707412,0.0014587999999999823,1.0085439249577723
42419,1,10,0,10000,1722,0,0.1722,0.1707412,0.0014587999999999823,1.0085439249577723
42529,2,5,0,10000,1,0,0.0001,0.000106,5.999999999999997e-06,0.9433962264150944
42543,1,3,0,10000,18,0,0.0018,0.0018113,1.1300000000000112e-05,0.9937613868492242
42748,1,9,0,10000,950,0,0.095,0.0991156,0.004115599999999997,0.9584767685409764
42852,2,6,0,10000,1,0,0.0001,0.0002027,0.00010269999999999999,0.49333991119881604
42895,2,4,0,10000,0,1,0.0001,6.16e-05,3.84e-05,1.6233766233766234
42947,2,1,0,10000,0,1,0.0001,2.35e-05,7.65e-05,4.255319148936171
43020,1,8,0,10000,497,0,0.0497,0.0508944,0.0011943999999999982,0.9765317991763338
43059,2,1,0,10000,0,1,0.0001,1.41e-05,8.59e-05,7.092198581560284
43071,2,6,0,10000,1,0,0.0001,0.0001883,8.829999999999999e-05,0.5310674455655868
43300,1,5,0,10000,94,0,0.0094,0.0086892,0.000710800000000001,1.0818026976016206
43367,2,7,0,10000,5,0,0.0005,0.0003147,0.0001853,1.5888147442008262
43446,1,9,0,10000,697,0,0.0697,0.0705726,0.0008726000000000012,0.9876354279139495
43841,1,10,0,10000,1400,0,0.14,0.1379732,0.002026800000000023,1.0146898093252894
43847,1,4,0,10000,52,0,0.0052,0.0048896,0.00031039999999999974,1.0634816753926701
43849,1,2,0,10000,1,0,0.0001,9.89e-05,1.0999999999999996e-06,1.0111223458038423
43931,1,5,0,10000,94,0,0.0094,0.0086892,0.000710800000000001,1.0818026976016206
43935,1,9,0,10000,950,0,0.095,0.0991156,0.004115599999999997,0.9584767685409764
44019,1,4,0,10000,32,0,0.0032,0.0031804,1.960000000000026e-05,1.0061627468242988
44146,2,10,0,10000,19,0,0.0019,0.0018291,7.090000000000004e-05,1.0387622327920836
44148,2,5,0,10000,1,0,0.0001,9.56e-05,4.3999999999999985e-06,1.0460251046025104
44211,1,1,0,10000,0,1,0.0001,9.2e-06,9.080000000000001e-05,10.869565217391305
44219,1,9,0,10000,950,0,0.095,0.0991156,0.004115599999999997,0.9584767685409764
44548,1,5,0,10000,51,0,0.0051,0.0058954,0.0007953999999999999,0.8650812497879703
44631,2,4,0,10000,0,1,0.0001,6.11e-05,3.890000000000001e-05,1.6366612111292964
44634,2,1,0,10000,0,1,0.0001,1.93e-05,8.070000000000001e-05,5.181347150259067
45233,1,5,0,10000,60,0,0.006,0.0055809,0.0004191000000000004,1.0750954147180563
45242,1,8,0,10000,497,0,0.0497,0.0508944,0.0011943999999999982,0.9765317991763338
45426,1,9,0,10000,950,0,0.095,0.0991156,0.004115599999999997,0.9584767685409764
45430,2,5,0,10000,1,0,0.0001,0.0001281,2.8099999999999992e-05,0.7806401249024201
45432,2,3,0,10000,1,0,0.0001,4.68e-05,5.3200000000000006e-05,2.1367521367521367
45670,1,2,0,10000,1,0,0.0001,7.3e-05,2.7000000000000006e-05,1.3698630136986303
45673,2,5,0,10000,0,1,0.0001,9.87e-05,1.3000000000000045e-06,1.0131712259371835
45674,1,6,0,10000,129,0,0.0129,0.0137207,0.0008207000000000006,0.9401852675155057
45874,1,3,0,10000,21,0,0.0021,0.0021103,1.029999999999998e-05,0.9951191773681467
46181,1,2,0,10000,12,0,0.0012,0.0009098,0.0002901999999999999,1.3189712024620794
46424,2,6,0,10000,3,0,0.0003,0.0002152,8.479999999999997e-05,1.3940520446096654
46469,2,10,0,10000,11,0,0.0011,0.001583,0.0004829999999999999,0.6948831332912192
47345,2,3,0,10000,0,1,0.0001,4.34e-05,5.660000000000001e-05,2.3041474654377883
47391,1,8,0,10000,341,0,0.0341,0.0368312,0.002731200000000003,0.9258454788331631
47515,1,6,0,10000,116,0,0.0116,0.0110695,0.0005304999999999997,1.0479244771669904
47792,2,1,0,10000,1,0,0.0001,2.1e-05,7.900000000000001e-05,4.761904761904763
47806,1,7,0,10000,196,0,0.0196,0.0180512,0.0015487999999999995,1.0858003900017728
47879,1,10,0,10000,1129,0,0.1129,0.1133362,0.0004361999999999977,0.996151273820721
48312,1,3,0,10000,19,0,0.0019,0.0018553,4.469999999999995e-05,1.0240931385759715
48411,2,7,0,10000,2,0,0.0002,0.0003227,0.00012269999999999997,0.6197706848466068
48503,2,4,0,10000,0,1,0.0001,9.03e-05,9.700000000000005e-06,1.1074197120708749
48506,1,1,0,10000,0,1,0.0001,1.32e-05,8.680000000000001e-05,7.575757575757576
48710,1,10,0,10000,1242,0,0.1242,0.123527,0.0006730000000000069,1.0054482016077457
48728,1,7,0,10000,202,0,0.0202,0.0203896,0.00018960000000000157,0.9907011417585435
48839,2,8,0,10000,3,0,0.0003,0.0003665,6.650000000000004e-05,0.8185538881309685
49040,2,5,0,10000,0,1,0.0001,0.0001035,3.49999999999999e-06,0.9661835748792271
49042,1,7,0,10000,256,0,0.0256,0.0266844,0.0010843999999999993,0.9593620242538712
49055,1,2,0,10000,11,0,0.0011,0.0008835,0.0002165000000000001,1.2450481041312962
49082,1,1,0,10000,0,1,0.0001,1.56e-05,8.44e-05,6.410256410256411
49160,1,8,0,10000,341,0,0.0341,0.0368312,0.002731200000000003,0.9258454788331631
49161,1,9,0,10000,817,0,0.0817,0.0805928,0.0011071999999999887,1.0137381999384558
49216,2,10,0,10000,14,0,0.0014,0.0015918,0.0001918,0.8795074758135444
49227,2,1,0,10000,1,0,0.0001,2.16e-05,7.840000000000001e-05,4.62962962962963
49418,2,2,0,10000,0,1,0.0001,2.73e-05,7.27e-05,3.6630036630036633
49555,2,9,0,10000,5,0,0.0005,0.0006154,0.00011539999999999999,0.8124796880077998
49558,2,4,0,10000,3,0,0.0003,9.16e-05,0.00020839999999999997,3.2751091703056763
49591,2,10,0,10000,14,0,0.0014,0.0017584,0.00035840000000000004,0.7961783439490445
49765,2,8,0,10000,3,0,0.0003,0.0004877,0.0001877,0.6151322534344884
49853,1,5,0,10000,51,0,0.0051,0.0058954,0.0007953999999999999,0.8650812497879703
50032,2,1,0,10000,0,1,0.0001,1.15e-05,8.850000000000001e-05,8.695652173913043
50036,1,3,0,10000,20,0,0.002,0.0021985,0.0001984999999999999,0.9097111667045713
50240,2,3,0,10000,1,0,0.0001,4.69e-05,5.31e-05,2.1321961620469083
50252,1,1,0,10000,0,1,0.0001,1.72e-05,8.280000000000001e-05,5.813953488372093
50253,1,6,0,10000,116,0,0.0116,0.0110695,0.0005304999999999997,1.0479244771669904
50559,2,1,0,10000,0,1,0.0001,1.51e-05,8.49e-05,6.622516556291392
50827,1,6,0,10000,159,0,0.0159,0.0145691,0.0013309000000000012,1.091350872737506
50880,1,7,0,10000,256,0,0.0256,0.0266844,0.0010843999999999993,0.9593620242538712
50883,1,4,0,10000,54,0,0.0054,0.0050898,0.00031020000000000006,1.0609454202522692
50885,1,10,0,10000,1242,0,0.1242,0.123527,0.0006730000000000069,1.0054482016077457
51784,1,10,0,10000,1247,0,0.1247,0.1333819,0.008681899999999992,0.9349094592294758
51787,1,9,0,10000,887,0,0.0887,0.0869037,0.0017963000000000007,1.0206700059951417
51889,1,6,0,10000,116,0,0.0116,0.0110695,0.0005304999999999997,1.0479244771669904
51894,1,9,0,10000,697,0,0.0697,0.0705726,0.0008726000000000012,0.9876354279139495
51957,1,5,0,10000,73,0,0.0073,0.006714,0.0005859999999999997,1.087280309800417
52127,2,4,0,10000,0,1,0.0001,7.87e-05,2.1300000000000003e-05,1.2706480304955527
52257,1,8,0,10000,341,0,0.0341,0.0368312,0.002731200000000003,0.9258454788331631
52259,1,10,0,10000,1400,0,0.14,0.1379732,0.002026800000000023,1.0146898093252894
52277,1,10,0,10000,1306,0,0.1306,0.1284396,0.0021604000000000068,1.016820357584421
52284,2,3,0,10000,1,0,0.0001,4.49e-05,5.5100000000000004e-05,2.2271714922048997
52286,1,1,0,10000,0,1,0.0001,1.21e-05,8.790000000000001e-05,8.264462809917356
52341,1,5,0,10000,51,0,0.0051,0.0058954,0.0007953999999999999,0.8650812497879703
52360,1,8,0,10000,341,0,0.0341,0.0368312,0.002731200000000003,0.9258454788331631
52488,1,2,0,10000,0,1,0.0001,2.9e-05,7.1e-05,3.4482758620689657
52651,2,2,0,10000,0,1,0.0001,3.15e-05,6.850000000000001e-05,3.174603174603175
52658,1,5,0,10000,94,0,0.0094,0.0086892,0.000710800000000001,1.0818026976016206
52710,2,7,0,10000,5,0,0.0005,0.0002777,0.00022230000000000004,1.8005041411595248
52712,1,1,0,10000,0,1,0.0001,1.16e-05,8.840000000000001e-05,8.620689655172413
52791,1,1,0,10000,0,1,0.0001,1.48e-05,8.520000000000001e-05,6.756756756756757
52965,1,3,0,10000,22,0,0.0022,0.0026681,0.00046809999999999994,0.8245568007196132
53028,2,4,0,10000,1,0,0.0001,8.99e-05,1.0100000000000002e-05,1.1123470522803114
53121,1,1,0,10000,0,1,0.0001,1.8e-05,8.2e-05,5.555555555555555
53197,2,5,0,10000,3,0,0.0003,0.0001389,0.00016109999999999999,2.159827213822894
53349,2,10,0,10000,15,0,0.0015,0.0017747,0.0002746999999999999,0.8452132754831803
53351,1,8,0,10000,497,0,0.0497,0.0508944,0.0011943999999999982,0.9765317991763338
53357,1,2,0,10000,3,0,0.0003,0.0004103,0.00011030000000000002,0.7311723129417499
53586,2,4,0,10000,0,1,0.0001,6.77e-05,3.23e-05,1.4771048744460855
53714,1,5,0,10000,94,0,0.0094,0.0086892,0.000710800000000001,1.0818026976016206
53763,1,4,0,10000,40,0,0.004,0.0039045,9.55000000000001e-05,1.0244589576130108
53773,1,2,0,10000,8,0,0.0008,0.0008198,1.979999999999994e-05,0.9758477677482313
53811,2,2,0,10000,0,1,0.0001,2.69e-05,7.31e-05,3.717472118959108
54201,1,1,0,10000,0,1,0.0001,1.53e-05,8.47e-05,6.535947712418301
54350,1,10,0,10000,1129,0,0.1129,0.1133362,0.0004361999999999977,0.996151273820721
54474,2,4,0,10000,0,1,0.0001,6.54e-05,3.46e-05,1.529051987767584
54536,2,6,0,10000,0,1,0.0001,0.000164,6.4e-05,0.6097560975609756
54538,2,4,0,10000,1,0,0.0001,9.08e-05,9.200000000000007e-06,1.1013215859030838
54802,2,1,0,10000,1,0,0.0001,2.29e-05,7.71e-05,4.366812227074236
54880,2,7,0,10000,5,0,0.0005,0.0002663,0.0002337,1.8775816748028538
54881,2,6,0,10000,2,0,0.0002,0.0001862,1.380000000000001e-05,1.0741138560687433
54882,1,5,0,10000,51,0,0.0051,0.0058954,0.0007953999999999999,0.8650812497879703
55084,1,9,0,10000,697,0,0.0697,0.0705726,0.0008726000000000012,0.9876354279139495
55117,2,5,0,10000,3,0,0.0003,0.0001128,0.00018719999999999997,2.659574468085106
55378,1,9,0,10000,631,0,0.0631,0.0581971,0.004902900000000002,1.0842464658891937
56029,2,4,0,10000,1,0,0.0001,6.38e-05,3.62e-05,1.567398119122257
56039,2,9,0,10000,7,0,0.0007,0.000609,9.100000000000004e-05,1.149425287356322
56045,1,3,0,10000,13,0,0.0013,0.0016937,0.0003937000000000001,0.7675503335891835
56133,1,4,0,10000,27,0,0.0027,0.0029648,0.00026479999999999993,0.9106853750674582
56148,2,2,0,10000,1,0,0.0001,2.75e-05,7.25e-05,3.6363636363636362
56152,2,8,0,10000,4,0,0.0004,0.0005218,0.00012179999999999998,0.7665772326561902
56211,2,5,0,10000,1,0,0.0001,9.96e-05,4.000000000000097e-07,1.0040160642570282
56267,1,3,0,10000,15,0,0.0015,0.0017832,0.00028319999999999994,0.8411843876177658
56418,2,8,0,10000,1,0,0.0001,0.0004124,0.0003124,0.24248302618816683
56675,1,3,0,10000,19,0,0.0019,0.001719,0.00018099999999999995,1.1052937754508434
56685,1,5,0,10000,60,0,0.006,0.0055809,0.0004191000000000004,1.0750954147180563
56753,2,2,0,10000,0,1,0.0001,3e-05,7.000000000000001e-05,3.3333333333333335
56973,1,10,0,10000,1400,0,0.14,0.1379732,0.002026800000000023,1.0146898093252894
56995,2,3,0,10000,1,0,0.0001,4.12e-05,5.8800000000000006e-05,2.4271844660194177
57111,1,8,0,10000,341,0,0.0341,0.0368312,0.002731200000000003,0.9258454788331631
57118,2,1,0,10000,0,1,0.0001,1.59e-05,8.410000000000001e-05,6.289308176100629
57233,2,8,0,10000,4,0,0.0004,0.0003816,1.8400000000000014e-05,1.0482180293501049
57329,1,2,0,10000,8,0,0.0008,0.0009373,0.00013729999999999992,0.8535154166222129
57429,2,5,0,10000,1,0,0.0001,0.0001317,3.17e-05,0.7593014426727411
57597,1,3,0,10000,10,0,0.001,0.0014604,0.0004603999999999999,0.6847439057792386
57697,1,9,0,10000,697,0,0.0697,0.0705726,0.0008726000000000012,0.9876354279139495
57773,2,4,0,10000,2,0,0.0002,9.15e-05,0.00010850000000000001,2.185792349726776
57775,1,6,0,10000,116,0,0.0116,0.0110695,0.0005304999999999997,1.0479244771669904
58098,2,7,0,10000,0,1,0.0001,0.0003066,0.00020660000000000003,0.32615786040443573
58169,1,3,0,10000,16,0,0.0016,0.002141,0.000541,0.7473143390938813
58214,2,2,0,10000,0,1,0.0001,3.01e-05,6.99e-05,3.3222591362126246
58356,2,10,0,10000,10,0,0.001,0.0014494,0.0004494,0.6899406651028012
58450,2,3,0,10000,0,1,0.0001,4.99e-05,5.0100000000000005e-05,2.0040080160320644
58460,2,5,0,10000,1,0,0.0001,0.0001206,2.06e-05,0.8291873963515755
58513,1,1,0,10000,0,1,0.0001,1.3e-05,8.7e-05,7.692307692307693
58527,2,7,0,10000,6,0,0.0006,0.0003433,0.00025669999999999995,1.7477424992717738
58660,1,8,0,10000,354,0,0.0354,0.034881,0.0005189999999999986,1.0148791605745249
58661,1,9,0,10000,697,0,0.0697,0.0705726,0.0008726000000000012,0.9876354279139495
58881,2,4,0,10000,0,1,0.0001,8.27e-05,1.73e-05,1.2091898428053205
58997,1,1,0,10000,0,1,0.0001,1.05e-05,8.950000000000001e-05,9.523809523809526
59001,1,5,0,10000,63,0,0.0063,0.0063807,8.069999999999952e-05,0.9873524848370869
59004,1,8,0,10000,342,0,0.0342,0.034613,0.0004129999999999967,0.9880680669112762
59005,1,9,0,10000,981,0,0.0981,0.09593,0.0021700000000000053,1.022620660898572
59009,1,1,0,10000,0,1,0.0001,1.45e-05,8.55e-05,6.8965517241379315
59021,1,5,0,10000,71,0,0.0071,0.0073,0.00019999999999999966,0.9726027397260274
59323,1,2,0,10000,8,0,0.0008,0.0007644,3.56e-05,1.0465724751439036
59327,2,8,0,10000,4,0,0.0004,0.0004145,1.4499999999999973e-05,0.9650180940892642
59800,2,7,0,10000,0,1,0.0001,0.0002467,0.0001467,0.4053506282934739
59821,1,7,0,10000,202,0,0.0202,0.0203896,0.00018960000000000157,0.9907011417585435
59857,2,8,0,10000,2,0,0.0002,0.0003773,0.0001773,0.530082162735224
59864,1,1,0,10000,0,1,0.0001,1.28e-05,8.72e-05,7.812500000000001
60091,2,1,0,10000,0,1,0.0001,1.12e-05,8.88e-05,8.928571428571429
60273,1,7,0,10000,196,0,0.0196,0.0180512,0.0015487999999999995,1.0858003900017728
60428,1,7,0,10000,202,0,0.0202,0.0203896,0.00018960000000000157,0.9907011417585435
60452,2,1,0,10000,0,1,0.0001,1.95e-05,8.05e-05,5.128205128205129
60499,1,1,0,10000,0,1,0.0001,1.59e-05,8.410000000000001e-05,6.289308176100629
60510,1,4,0,10000,26,0,0.0026,0.0027229,0.0001229,0.954864299092879
60841,2,4,0,10000,1,0,0.0001,7.32e-05,2.68e-05,1.366120218579235
60842,2,7,0,10000,1,0,0.0001,0.0002906,0.00019060000000000003,0.3441156228492774
60843,1,6,0,10000,166,0,0.0166,0.0154208,0.0011792,1.0764681469184478
60904,2,4,0,10000,0,1,0.0001,6.45e-05,3.550000000000001e-05,1.550387596899225
61025,1,10,0,10000,1129,0,0.1129,0.1133362,0.0004361999999999977,0.996151273820721
61030,1,5,0,10000,71,0,0.0071,0.0073,0.00019999999999999966,0.9726027397260274
61327,2,6,0,10000,3,0,0.0003,0.0002075,9.249999999999997e-05,1.4457831325301203
61391,1,6,0,10000,101,0,0.0101,0.0097939,0.0003061000000000001,1.0312541479900754
61652,2,3,0,10000,0,1,0.0001,4.61e-05,5.39e-05,2.1691973969631237
62066,2,6,0,10000,0,1,0.0001,0.0001842,8.42e-05,0.5428881650380022
62079,1,3,0,10000,17,0,0.0017,0.001838,0.0001380000000000001,0.9249183895538629
62119,2,2,0,10000,0,1,0.0001,2.74e-05,7.26e-05,3.649635036496351
62135,2,4,0,10000,0,1,0.0001,6.56e-05,3.440000000000001e-05,1.5243902439024393
62326,1,9,0,10000,887,0,0.0887,0.0869037,0.0017963000000000007,1.0206700059951417
62421,2,2,0,10000,0,1,0.0001,3.07e-05,6.93e-05,3.257328990228013
62528,2,1,0,10000,0,1,0.0001,1.15e-05,8.850000000000001e-05,8.695652173913043
62531,2,2,0,10000,0,1,0.0001,2.8e-05,7.2e-05,3.5714285714285716
62541,1,4,0,10000,42,0,0.0042,0.0041123,8.769999999999958e-05,1.0213262651071175
62714,2,5,0,10000,1,0,0.0001,0.0001161,1.61e-05,0.8613264427217916
62749,2,3,0,10000,0,1,0.0001,5.65e-05,4.350000000000001e-05,1.7699115044247788
62777,1,4,0,10000,35,0,0.0035,0.0030517,0.0004483,1.1469017269063144
62968,1,5,0,10000,94,0,0.0094,0.0086892,0.000710800000000001,1.0818026976016206
63143,2,6,0,10000,1,0,0.0001,0.0001863,8.63e-05,0.5367686527106817
63317,2,1,0,10000,0,1,0.0001,1.05e-05,8.950000000000001e-05,9.523809523809526
63393,1,7,0,10000,226,0,0.0226,0.0236403,0.001040300000000001,0.9559946362778814
63424,2,10,0,10000,20,0,0.002,0.0017119,0.0002881000000000001,1.1682925404521294
63428,1,6,0,10000,105,0,0.0105,0.0105398,3.979999999999956e-05,0.9962238372644643
63459,1,4,0,10000,45,0,0.0045,0.003805,0.0006949999999999999,1.1826544021024967
63840,2,2,0,10000,0,1,0.0001,2.45e-05,7.55e-05,4.081632653061225
63850,1,8,0,10000,341,0,0.0341,0.0368312,0.002731200000000003,0.9258454788331631
63852,1,6,0,10000,166,0,0.0166,0.0154208,0.0011792,1.0764681469184478
63855,2,5,0,10000,1,0,0.0001,9.37e-05,6.300000000000004e-06,1.0672358591248667
63923,1,2,0,10000,7,0,0.0007,0.0010607,0.00036069999999999993,0.659941548034317
64001,1,3,0,10000,24,0,0.0024,0.0022354,0.0001646,1.0736333542095375
64008,1,10,0,10000,1129,0,0.1129,0.1133362,0.0004361999999999977,0.996151273820721
64040,1,4,0,10000,29,0,0.0029,0.0034745,0.0005745000000000004,0.8346524679810043
64073,1,1,0,10000,0,1,0.0001,1.47e-05,8.53e-05,6.802721088435375
64081,1,2,0,10000,7,0,0.0007,0.0010617,0.00036170000000000006,0.6593199585570312
64528,1,10,0,10000,950,0,0.095,0.0991156,0.004115599999999997,0.9584767685409764
64768,2,4,0,10000,0,1,0.0001,7.04e-05,2.96e-05,1.4204545454545454
64782,2,2,0,10000,0,1,0.0001,3.42e-05,6.58e-05,2.923976608187135
64898,2,7,0,10000,4,0,0.0004,0.0003463,5.3700000000000004e-05,1.155067860236789
64910,2,3,0,10000,0,1,0.0001,4.24e-05,5.7600000000000004e-05,2.358490566037736
65268,1,1,0,10000,0,1,0.0001,1.45e-05,8.55e-05,6.8965517241379315
65270,2,3,0,10000,0,1,0.0001,5.4e-05,4.600000000000001e-05,1.851851851851852
65390,2,1,0,10000,0,1,0.0001,1.81e-05,8.190000000000001e-05,5.524861878453039
65482,1,4,0,10000,39,0,0.0039,0.0032957,0.0006042999999999999,1.1833601359347028
65484,1,10,0,10000,1129,0,0.1129,0.1133362,0.0004361999999999977,0.996151273820721
65669,2,10,0,10000,22,0,0.0022,0.0018248,0.00037520000000000023,1.2056115738711093
65670,1,9,0,10000,737,0,0.0737,0.0688177,0.004882300000000006,1.0709454108463377
65671,1,8,0,10000,341,0,0.0341,0.0368312,0.002731200000000003,0.9258454788331631
65676,1,3,0,10000,24,0,0.0024,0.0026915,0.0002915000000000001,0.8916960802526472
65901,1,1,0,10000,1,0,0.0001,1.29e-05,8.71e-05,7.7519379844961245
65937,1,8,0,10000,341,0,0.0341,0.0368312,0.002731200000000003,0.9258454788331631
66007,1,7,0,10000,226,0,0.0226,0.0236403,0.001040300000000001,0.9559946362778814
66011,2,3,0,10000,1,0,0.0001,4.12e-05,5.8800000000000006e-05,2.4271844660194177
66041,2,6,0,10000,5,0,0.0005,0.0001978,0.0003022,2.5278058645096055
66043,1,4,0,10000,29,0,0.0029,0.0033064,0.00040640000000000034,0.877086861843697
66045,2,10,0,10000,10,0,0.001,0.0015229,0.0005229,0.6566419331538512
66086,1,6,0,10000,159,0,0.0159,0.0145691,0.0013309000000000012,1.091350872737506
66087,2,7,0,10000,2,0,0.0002,0.0002342,3.419999999999999e-05,0.8539709649871905
66193,1,1,0,10000,0,1,0.0001,1.5e-05,8.5e-05,6.666666666666667
66298,1,2,0,10000,5,0,0.0005,0.0003421,0.0001579,1.4615609470914936
66314,2,4,0,10000,0,1,0.0001,8.34e-05,1.660000000000001e-05,1.1990407673860912
66352,2,3,0,10000,0,1,0.0001,5.84e-05,4.16e-05,1.7123287671232876
66362,2,9,0,10000,6,0,0.0006,0.0006992,9.920000000000003e-05,0.8581235697940504
66426,1,9,0,10000,817,0,0.0817,0.0805928,0.0011071999999999887,1.0137381999384558
66429,2,6,0,10000,0,1,0.0001,0.0001487,4.8700000000000005e-05,0.6724949562878278
66763,1,3,0,10000,19,0,0.0019,0.0022433,0.00034330000000000016,0.8469665225337671
66881,2,10,0,10000,12,0,0.0012,0.0012286,2.8600000000000153e-05,0.9767214715936837
66884,2,7,0,10000,1,0,0.0001,0.0002326,0.00013259999999999997,0.4299226139294927
66886,2,5,0,10000,0,1,0.0001,0.000122,2.1999999999999993e-05,0.819672131147541
66966,1,2,0,10000,7,0,0.0007,0.0005185,0.00018150000000000002,1.3500482160077145
66974,1,10,0,10000,1242,0,0.1242,0.123527,0.0006730000000000069,1.0054482016077457
67182,2,5,0,10000,1,0,0.0001,0.0001229,2.29e-05,0.8136696501220505
67237,2,1,0,10000,0,1,0.0001,2.3e-05,7.7e-05,4.3478260869565215
67241,1,5,0,10000,63,0,0.0063,0.0063807,8.069999999999952e-05,0.9873524848370869
67660,2,6,0,10000,2,0,0.0002,0.0001884,1.1600000000000011e-05,1.0615711252653928
67661,1,7,0,10000,226,0,0.0226,0.0236403,0.001040300000000001,0.9559946362778814
67738,2,6,0,10000,1,0,0.0001,0.0001804,8.039999999999999e-05,0.5543237250554324
67786,1,5,0,10000,89,0,0.0089,0.0085986,0.0003014000000000003,1.0350522178028982
67830,2,10,0,10000,22,0,0.0022,0.0017619,0.0004381000000000001,1.248652023383847
67839,1,3,0,10000,20,0,0.002,0.0015665,0.0004335000000000001,1.2767315671879989
67910,1,3,0,10000,25,0,0.0025,0.0017556,0.0007444000000000001,1.4240145819093188
68205,2,5,0,10000,0,1,0.0001,9.47e-05,5.300000000000007e-06,1.0559662090813096
68289,1,8,0,10000,290,0,0.029,0.0296922,0.000692199999999997,0.9766874802136589
68299,2,2,0,10000,1,0,0.0001,2.72e-05,7.280000000000001e-05,3.6764705882352944
68464,1,7,0,10000,196,0,0.0196,0.0180512,0.0015487999999999995,1.0858003900017728
68467,1,4,0,10000,27,0,0.0027,0.0030088,0.0003087999999999997,0.8973677213507046
68609,2,9,0,10000,6,0,0.0006,0.0008564,0.00025640000000000005,0.7006071929005138
68740,2,6,0,10000,0,1,0.0001,0.0001663,6.63e-05,0.6013229104028863
68745,1,3,0,10000,28,0,0.0028,0.0026356,0.00016439999999999988,1.062376688420094
68785,2,7,0,10000,2,0,0.0002,0.0002779,7.789999999999997e-05,0.7196833393306946
68790,1,8,0,10000,341,0,0.0341,0.0368312,0.002731200000000003,0.9258454788331631
69365,2,9,0,10000,6,0,0.0006,0.0007258,0.00012580000000000002,0.8266740148801323
69554,2,4,0,10000,0,1,0.0001,8.29e-05,1.710000000000001e-05,1.2062726176115803
69558,1,8,0,10000,341,0,0.0341,0.0368312,0.002731200000000003,0.9258454788331631
70048,2,7,0,10000,2,0,0.0002,0.0003499,0.00014989999999999998,0.5715918833952558
70061,2,2,0,10000,1,0,0.0001,3.17e-05,6.83e-05,3.154574132492114
70365,2,5,0,10000,0,1,0.0001,0.0001403,4.029999999999999e-05,0.7127583749109052
70407,1,10,0,10000,950,0,0.095,0.0991156,0.004115599999999997,0.9584767685409764
70535,2,4,0,10000,0,1,0.0001,5.92e-05,4.08e-05,1.6891891891891893
70537,1,2,0,10000,2,0,0.0002,0.0001218,7.82e-05,1.6420361247947455
70588,1,3,0,10000,18,0,0.0018,0.002457,0.000657,0.7326007326007326
70995,2,1,0,10000,0,1,0.0001,2.29e-05,7.71e-05,4.366812227074236
71000,1,10,0,10000,1247,0,0.1247,0.1333819,0.008681899999999992,0.9349094592294758
71005,1,7,0,10000,202,0,0.0202,0.0203896,0.00018960000000000157,0.9907011417585435
71006,2,4,0,10000,1,0,0.0001,5.87e-05,4.130000000000001e-05,1.7035775127768316
71300,2,2,0,10000,2,0,0.0002,3.35e-05,0.0001665,5.970149253731344
71301,1,3,0,10000,21,0,0.0021,0.002205,0.00010500000000000006,0.9523809523809523
71424,1,6,0,10000,166,0,0.0166,0.0154208,0.0011792,1.0764681469184478
71531,2,10,0,10000,27,0,0.0027,0.0021274,0.0005725999999999999,1.2691548368901004
71621,2,5,0,10000,1,0,0.0001,0.0001341,3.41e-05,0.7457121551081283
71623,2,7,0,10000,3,0,0.0003,0.0002556,4.4399999999999995e-05,1.1737089201877935
71625,1,1,0,10000,1,0,0.0001,1.03e-05,8.970000000000001e-05,9.708737864077671
71797,1,10,0,10000,1400,0,0.14,0.1379732,0.002026800000000023,1.0146898093252894
71872,2,10,0,10000,8,0,0.0008,0.0011687,0.0003686999999999999,0.6845212629417302
71879,2,5,0,10000,3,0,0.0003,0.0001356,0.00016439999999999998,2.2123893805309733
71892,1,1,0,10000,0,1,0.0001,1.29e-05,8.71e-05,7.7519379844961245
71897,2,4,0,10000,0,1,0.0001,6.52e-05,3.4800000000000006e-05,1.5337423312883436
72205,1,2,0,10000,0,1,0.0001,1.91e-05,8.09e-05,5.235602094240838
72593,1,8,0,10000,341,0,0.0341,0.0368312,0.002731200000000003,0.9258454788331631
72596,2,5,0,10000,4,0,0.0004,0.0001326,0.0002674,3.01659125188537
72598,1,7,0,10000,201,0,0.0201,0.0176508,0.0024491999999999986,1.1387585831803657
72636,2,10,0,10000,49,0,0.0049,0.0043556,0.0005443999999999996,1.1249885205253007
72638,1,8,0,10000,341,0,0.0341,0.0368312,0.002731200000000003,0.9258454788331631
72659,2,9,0,10000,6,0,0.0006,0.0007333,0.00013330000000000004,0.8182190099549979
72932,1,6,0,10000,101,0,0.0101,0.0097939,0.0003061000000000001,1.0312541479900754
72933,1,9,0,10000,631,0,0.0631,0.0581971,0.004902900000000002,1.0842464658891937
72941,2,1,0,10000,0,1,0.0001,1.5e-05,8.5e-05,6.666666666666667
72962,2,3,0,10000,0,1,0.0001,4.29e-05,5.7100000000000006e-05,2.331002331002331
73060,2,3,0,10000,0,1,0.0001,3.88e-05,6.12e-05,2.577319587628866
73066,1,5,0,10000,51,0,0.0051,0.0058954,0.0007953999999999999,0.8650812497879703
73265,1,5,0,10000,71,0,0.0071,0.0073,0.00019999999999999966,0.9726027397260274
73297,2,9,0,10000,6,0,0.0006,0.0007752,0.00017520000000000003,0.7739938080495355
73302,2,6,0,10000,3,0,0.0003,0.0001716,0.00012839999999999998,1.7482517482517481
73316,2,9,0,10000,6,0,0.0006,0.0007247,0.00012470000000000005,0.8279287981233613
73327,1,2,0,10000,0,1,0.0001,8.54e-05,1.4600000000000003e-05,1.17096018735363
73371,1,9,0,10000,697,0,0.0697,0.0705726,0.0008726000000000012,0.9876354279139495
73491,1,9,0,10000,631,0,0.0631,0.0581971,0.004902900000000002,1.0842464658891937
73495,2,4,0,10000,0,1,0.0001,7.8e-05,2.2000000000000006e-05,1.2820512820512822
73499,2,1,0,10000,0,1,0.0001,2.4e-05,7.6e-05,4.166666666666667
73547,2,6,0,10000,0,1,0.0001,0.0002105,0.00011049999999999999,0.4750593824228029
73555,2,8,0,10000,4,0,0.0004,0.0005383,0.0001383,0.7430800668772061
73558,2,5,0,10000,0,1,0.0001,0.0001033,3.299999999999999e-06,0.968054211035818
73671,1,3,0,10000,22,0,0.0022,0.0016927,0.0005073,1.2996987062090153
73673,1,5,0,10000,73,0,0.0073,0.006714,0.0005859999999999997,1.087280309800417
73776,2,9,0,10000,7,0,0.0007,0.000931,0.00023099999999999998,0.7518796992481204
73787,2,2,0,10000,0,1,0.0001,3.05e-05,6.950000000000001e-05,3.278688524590164
73795,1,5,0,10000,60,0,0.006,0.0055809,0.0004191000000000004,1.0750954147180563
73812,2,1,0,10000,0,1,0.0001,2.19e-05,7.81e-05,4.566210045662101
73814,1,3,0,10000,29,0,0.0029,0.0025535,0.0003464999999999996,1.1356961033875073
73875,1,6,0,10000,94,0,0.0094,0.0086892,0.000710800000000001,1.0818026976016206
73975,1,4,0,10000,27,0,0.0027,0.0028275,0.0001275,0.9549071618037135
74401,1,9,0,10000,697,0,0.0697,0.0705726,0.0008726000000000012,0.9876354279139495
74410,1,2,0,10000,0,1,0.0001,2.83e-05,7.170000000000001e-05,3.53356890459364
74411,1,3,0,10000,11,0,0.0011,0.0011118,1.1799999999999962e-05,0.9893865803202015
74524,1,8,0,10000,341,0,0.0341,0.0368312,0.002731200000000003,0.9258454788331631
74742,2,5,0,10000,3,0,0.0003,0.0001281,0.00017189999999999998,2.34192037470726
74935,2,6,0,10000,3,0,0.0003,0.0002129,8.709999999999998e-05,1.4091122592766556
74938,1,3,0,10000,13,0,0.0013,0.0016139,0.0003139,0.8055021996406221
75281,2,10,0,10000,15,0,0.0015,0.0010906,0.0004094000000000001,1.3753896937465617
75283,2,8,0,10000,1,0,0.0001,0.0003693,0.0002693,0.27078256160303277
75289,1,2,0,10000,0,1,0.0001,1.91e-05,8.09e-05,5.235602094240838
75356,2,5,0,10000,1,0,0.0001,0.0001359,3.589999999999999e-05,0.7358351729212657
75445,2,3,0,10000,1,0,0.0001,5.13e-05,4.8700000000000005e-05,1.9493177387914231
75489,1,10,0,10000,1878,0,0.1878,0.1915985,0.00379850000000001,0.9801746882151999
75660,2,7,0,10000,3,0,0.0003,0.0002895,1.0499999999999984e-05,1.0362694300518134
75817,2,8,0,10000,2,0,0.0002,0.0004341,0.00023409999999999997,0.46072333563695006
75830,1,1,0,10000,0,1,0.0001,1.26e-05,8.740000000000001e-05,7.936507936507937
76183,1,1,0,10000,1,0,0.0001,1.03e-05,8.970000000000001e-05,9.708737864077671
76190,2,8,0,10000,1,0,0.0001,0.0003745,0.0002745,0.267022696929239
76226,2,10,0,10000,17,0,0.0017,0.0013566,0.0003434,1.2531328320802004
76235,2,3,0,10000,0,1,0.0001,5.46e-05,4.5400000000000006e-05,1.8315018315018317
76529,1,9,0,10000,874,0,0.0874,0.0851688,0.0022312000000000026,1.0261973868364942
76593,1,1,0,10000,0,1,0.0001,1.06e-05,8.94e-05,9.433962264150944
76830,2,10,0,10000,13,0,0.0013,0.0009856,0.00031439999999999984,1.3189935064935063
76962,2,3,0,10000,1,0,0.0001,4.43e-05,5.5700000000000005e-05,2.2573363431151243
77012,2,9,0,10000,6,0,0.0006,0.0007198,0.00011980000000000009,0.8335648791330924
77146,2,8,0,10000,6,0,0.0006,0.0005618,3.819999999999995e-05,1.0679957280170878
77150,2,4,0,10000,0,1,0.0001,7.56e-05,2.440000000000001e-05,1.322751322751323
77417,2,4,0,10000,0,1,0.0001,8.56e-05,1.4400000000000011e-05,1.1682242990654208
77668,2,4,0,10000,1,0,0.0001,6.02e-05,3.9800000000000005e-05,1.6611295681063123
77671,1,8,0,10000,290,0,0.029,0.0296922,0.000692199999999997,0.9766874802136589
77672,1,1,0,10000,1,0,0.0001,1.05e-05,8.950000000000001e-05,9.523809523809526
77942,1,6,0,10000,166,0,0.0166,0.0154208,0.0011792,1.0764681469184478
77947,2,3,0,10000,1,0,0.0001,5.11e-05,4.89e-05,1.9569471624266146
78209,1,7,0,10000,256,0,0.0256,0.0266844,0.0010843999999999993,0.9593620242538712
78219,2,3,0,10000,0,1,0.0001,4.18e-05,5.8200000000000005e-05,2.3923444976076556
78474,1,4,0,10000,52,0,0.0052,0.0048896,0.00031039999999999974,1.0634816753926701
78609,1,6,0,10000,129,0,0.0129,0.0137207,0.0008207000000000006,0.9401852675155057
78626,1,3,0,10000,24,0,0.0024,0.0025202,0.0001202,0.952305372589477
78638,1,7,0,10000,196,0,0.0196,0.0180512,0.0015487999999999995,1.0858003900017728
78858,2,10,0,10000,35,0,0.0035,0.0032685,0.00023149999999999993,1.070827596756922
78876,2,10,0,10000,22,0,0.0022,0.0019873,0.00021270000000000013,1.1070296382025866
78921,2,6,0,10000,1,0,0.0001,0.0002133,0.0001133,0.46882325363338023
78926,2,9,0,10000,6,0,0.0006,0.0009124,0.0003124,0.657606313020605
78929,1,8,0,10000,354,0,0.0354,0.034881,0.0005189999999999986,1.0148791605745249
78935,1,6,0,10000,116,0,0.0116,0.0110695,0.0005304999999999997,1.0479244771669904
78989,1,4,0,10000,20,0,0.002,0.0031167,0.0011167,0.6417043667982161
79088,2,4,0,10000,2,0,0.0002,6.03e-05,0.0001397,3.316749585406302
79103,2,3,0,10000,0,1,0.0001,4.76e-05,5.2400000000000007e-05,2.100840336134454
79442,1,4,0,10000,48,0,0.0048,0.0044578,0.00034219999999999997,1.0767643232087576
79474,1,10,0,10000,1400,0,0.14,0.1379732,0.002026800000000023,1.0146898093252894
79481,2,1,0,10000,0,1,0.0001,2.29e-05,7.71e-05,4.366812227074236
79517,2,9,0,10000,5,0,0.0005,0.0008405,0.0003405,0.5948839976204641
79536,2,1,0,10000,0,1,0.0001,1.77e-05,8.230000000000001e-05,5.649717514124294
79546,2,10,0,10000,20,0,0.002,0.0017119,0.0002881000000000001,1.1682925404521294
79549,2,4,0,10000,1,0,0.0001,7.43e-05,2.57e-05,1.3458950201884252
79556,1,1,0,10000,0,1,0.0001,1.11e-05,8.89e-05,9.00900900900901
79565,2,8,0,10000,3,0,0.0003,0.0004556,0.00015560000000000004,0.6584723441615451
79632,1,2,0,10000,4,0,0.0004,0.0005488,0.00014879999999999998,0.728862973760933
79633,1,3,0,10000,18,0,0.0018,0.0021016,0.00030159999999999996,0.8564902931100115
79647,1,3,0,10000,14,0,0.0014,0.0017359,0.0003359000000000001,0.806498070165332
79707,2,8,0,10000,7,0,0.0007,0.0003913,0.00030869999999999997,1.7889087656529516
80172,1,6,0,10000,166,0,0.0166,0.0154208,0.0011792,1.0764681469184478
80544,2,1,0,10000,0,1,0.0001,1.51e-05,8.49e-05,6.622516556291392
80556,1,5,0,10000,113,0,0.0113,0.0081678,0.0031322,1.3834814760400598
80647,2,10,0,10000,12,0,0.0012,0.0017241,0.0005241,0.6960153123368714
81099,1,10,0,10000,1400,0,0.14,0.1379732,0.002026800000000023,1.0146898093252894
81101,1,4,0,10000,25,0,0.0025,0.0031785,0.0006784999999999998,0.7865345288658172
81152,1,10,0,10000,1400,0,0.14,0.1379732,0.002026800000000023,1.0146898093252894
81154,2,9,0,10000,2,0,0.0002,0.0007842,0.0005842,0.25503698036215255
81156,1,6,0,10000,101,0,0.0101,0.0097939,0.0003061000000000001,1.0312541479900754
81160,2,2,0,10000,0,1,0.0001,2.65e-05,7.35e-05,3.7735849056603774
81161,1,3,0,10000,14,0,0.0014,0.0013307,6.93e-05,1.0520778537611783
81223,1,3,0,10000,29,0,0.0029,0.0023858,0.0005141999999999998,1.2155251907117108
81230,2,10,0,10000,12,0,0.0012,0.0012739,7.390000000000001e-05,0.941989167124578
81281,1,7,0,10000,202,0,0.0202,0.0203896,0.00018960000000000157,0.9907011417585435
81295,2,1,0,10000,0,1,0.0001,1.57e-05,8.43e-05,6.369426751592358
81458,1,2,0,10000,0,1,0.0001,3.25e-05,6.750000000000001e-05,3.0769230769230775
81518,2,4,0,10000,1,0,0.0001,6.2e-05,3.8e-05,1.6129032258064515
81769,2,7,0,10000,8,0,0.0008,0.0002682,0.0005318,2.982848620432513
81772,2,10,0,10000,7,0,0.0007,0.0012227,0.0005227,0.5725034759139609
81861,2,5,0,10000,3,0,0.0003,0.0001096,0.00019039999999999997,2.7372262773722627
81863,2,7,0,10000,5,0,0.0005,0.0003052,0.00019480000000000002,1.6382699868938402
82003,2,6,0,10000,2,0,0.0002,0.0001434,5.660000000000002e-05,1.394700139470014
82350,2,8,0,10000,3,0,0.0003,0.0003994,9.940000000000003e-05,0.7511266900350525
82367,1,6,0,10000,94,0,0.0094,0.0086892,0.000710800000000001,1.0818026976016206
82562,2,9,0,10000,6,0,0.0006,0.0008086,0.00020860000000000008,0.7420232500618352
82569,2,2,0,10000,0,1,0.0001,2.68e-05,7.32e-05,3.7313432835820897
82750,1,10,0,10000,1306,0,0.1306,0.1284396,0.0021604000000000068,1.016820357584421
82834,1,7,0,10000,226,0,0.0226,0.0236403,0.001040300000000001,0.9559946362778814
82847,1,2,0,10000,6,0,0.0006,0.0003714,0.00022859999999999997,1.615508885298869
82960,1,4,0,10000,55,0,0.0055,0.0048589,0.0006410999999999995,1.1319434439893803
82973,1,1,0,10000,0,1,0.0001,9.2e-06,9.080000000000001e-05,10.869565217391305
82974,1,2,0,10000,6,0,0.0006,0.0004821,0.00011789999999999994,1.2445550715619165
83035,2,5,0,10000,0,1,0.0001,0.0001212,2.12e-05,0.8250825082508251
83232,2,10,0,10000,18,0,0.0018,0.0014755,0.0003244999999999999,1.2199254490003388
83241,1,3,0,10000,16,0,0.0016,0.0012526,0.0003474000000000001,1.2773431262973016
83563,2,7,0,10000,3,0,0.0003,0.0002646,3.539999999999999e-05,1.1337868480725624
83865,1,9,0,10000,631,0,0.0631,0.0581971,0.004902900000000002,1.0842464658891937
83866,1,10,0,10000,950,0,0.095,0.0991156,0.004115599999999997,0.9584767685409764
83916,2,2,0,10000,0,1,0.0001,2.56e-05,7.44e-05,3.9062500000000004
84004,1,6,0,10000,116,0,0.0116,0.0110695,0.0005304999999999997,1.0479244771669904
84040,2,9,0,10000,8,0,0.0008,0.0007826,1.739999999999999e-05,1.0222335803731153
84044,1,5,0,10000,113,0,0.0113,0.0081678,0.0031322,1.3834814760400598
84347,1,10,0,10000,1878,0,0.1878,0.1915985,0.00379850000000001,0.9801746882151999
84438,1,6,0,10000,116,0,0.0116,0.0110695,0.0005304999999999997,1.0479244771669904
84439,1,7,0,10000,202,0,0.0202,0.0203896,0.00018960000000000157,0.9907011417585435
84443,2,3,0,10000,2,0,0.0002,4e-05,0.00016,5.0
84774,1,8,0,10000,290,0,0.029,0.0296922,0.000692199999999997,0.9766874802136589
85203,2,6,0,10000,2,0,0.0002,0.0001944,5.600000000000001e-06,1.02880658436214
85265,2,4,0,10000,0,1,0.0001,9.26e-05,7.400000000000004e-06,1.0799136069114472
85328,1,4,0,10000,27,0,0.0027,0.0037858,0.0010858,0.7131913994400126
85334,1,10,0,10000,1722,0,0.1722,0.1707412,0.0014587999999999823,1.0085439249577723
85406,2,1,0,10000,1,0,0.0001,2.04e-05,7.960000000000001e-05,4.901960784313726
85533,1,4,0,10000,23,0,0.0023,0.0027416,0.0004415999999999999,0.8389261744966443
85535,2,6,0,10000,0,1,0.0001,0.0001535,5.3499999999999986e-05,0.6514657980456027
85570,2,2,0,10000,1,0,0.0001,3.57e-05,6.43e-05,2.801120448179272
85577,1,9,0,10000,631,0,0.0631,0.0581971,0.004902900000000002,1.0842464658891937
85580,1,4,0,10000,49,0,0.0049,0.0044168,0.0004831999999999996,1.1094004709291794
85583,2,7,0,10000,5,0,0.0005,0.0002568,0.0002432,1.9470404984423675
86028,1,8,0,10000,497,0,0.0497,0.0508944,0.0011943999999999982,0.9765317991763338
86029,2,9,0,10000,6,0,0.0006,0.0007754,0.00017540000000000004,0.7737941707505803
86157,1,8,0,10000,290,0,0.029,0.0296922,0.000692199999999997,0.9766874802136589
86324,2,8,0,10000,2,0,0.0002,0.0004712,0.0002712,0.4244482173174873
86326,1,10,0,10000,1722,0,0.1722,0.1707412,0.0014587999999999823,1.0085439249577723
86388,2,9,0,10000,4,0,0.0004,0.00072,0.00032,0.5555555555555556
86490,1,2,0,10000,1,0,0.0001,0.0003354,0.00023540000000000003,0.2981514609421586
86605,2,7,0,10000,3,0,0.0003,0.0002541,4.589999999999998e-05,1.1806375442739079
86664,1,6,0,10000,166,0,0.0166,0.0154208,0.0011792,1.0764681469184478
86682,1,10,0,10000,1129,0,0.1129,0.1133362,0.0004361999999999977,0.996151273820721
86722,2,3,0,10000,2,0,0.0002,5.79e-05,0.0001421,3.4542314335060453
86949,1,8,0,10000,354,0,0.0354,0.034881,0.0005189999999999986,1.0148791605745249
88037,1,3,0,10000,17,0,0.0017,0.001838,0.0001380000000000001,0.9249183895538629
88046,1,8,0,10000,497,0,0.0497,0.0508944,0.0011943999999999982,0.9765317991763338
88243,2,2,0,10000,0,1,0.0001,3.3e-05,6.7e-05,3.0303030303030303
88248,2,9,0,10000,6,0,0.0006,0.0008424,0.00024240000000000004,0.7122507122507122
88290,2,6,0,10000,2,0,0.0002,0.0001927,7.300000000000015e-06,1.0378827192527245
88303,2,3,0,10000,0,1,0.0001,4.19e-05,5.81e-05,2.386634844868735
88451,1,8,0,10000,341,0,0.0341,0.0368312,0.002731200000000003,0.9258454788331631
88456,2,3,0,10000,1,0,0.0001,5.28e-05,4.72e-05,1.893939393939394
88743,1,8,0,10000,341,0,0.0341,0.0368312,0.002731200000000003,0.9258454788331631
88850,1,1,0,10000,0,1,0.0001,1.81e-05,8.190000000000001e-05,5.524861878453039
88860,1,7,0,10000,287,0,0.0287,0.028769,6.899999999999962e-05,0.9976015850394522
89012,1,3,0,10000,16,0,0.0016,0.0014293,0.00017069999999999998,1.1194290911635065
89074,1,6,0,10000,105,0,0.0105,0.0105398,3.979999999999956e-05,0.9962238372644643
89255,1,2,0,10000,11,0,0.0011,0.0007503,0.0003497000000000001,1.4660802345728376
89348,1,6,0,10000,166,0,0.0166,0.0154208,0.0011792,1.0764681469184478
89620,1,4,0,10000,42,0,0.0042,0.0039114,0.00028859999999999997,1.073784322748888
89626,1,2,0,10000,1,0,0.0001,2.25e-05,7.75e-05,4.444444444444445
89663,1,1,0,10000,0,1,0.0001,1.3e-05,8.7e-05,7.692307692307693
89674,2,3,0,10000,0,1,0.0001,4.36e-05,5.64e-05,2.293577981651376
89805,1,2,0,10000,0,1,0.0001,2.76e-05,7.24e-05,3.6231884057971016
89810,1,3,0,10000,24,0,0.0024,0.0019708,0.0004291999999999998,1.2177795818956767
89811,2,2,0,10000,1,0,0.0001,2.88e-05,7.120000000000001e-05,3.4722222222222228
89820,2,5,0,10000,4,0,0.0004,9.89e-05,0.0003011,4.044489383215369
90113,2,10,0,10000,20,0,0.002,0.0016486,0.0003514,1.213150551983501
90117,2,6,0,10000,2,0,0.0002,0.0001677,3.23e-05,1.1926058437686344
90253,2,1,0,10000,0,1,0.0001,1.75e-05,8.25e-05,5.714285714285715
90290,2,10,0,10000,19,0,0.0019,0.0012638,0.0006362,1.503402437094477
90297,2,1,0,10000,1,0,0.0001,1.95e-05,8.05e-05,5.128205128205129
90381,2,6,0,10000,1,0,0.0001,0.0001939,9.389999999999999e-05,0.515729757607014
90581,1,10,0,10000,1308,0,0.1308,0.1310314,0.00023139999999999272,0.998234011084366
90659,1,4,0,10000,39,0,0.0039,0.0046015,0.0007014999999999999,0.8475497120504184
90668,2,5,0,10000,1,0,0.0001,0.00011,9.999999999999999e-06,0.9090909090909091
90777,2,6,0,10000,2,0,0.0002,0.0001814,1.860000000000002e-05,1.1025358324145536
90779,2,2,0,10000,0,1,0.0001,2.73e-05,7.27e-05,3.6630036630036633
90950,1,7,0,10000,202,0,0.0202,0.0203896,0.00018960000000000157,0.9907011417585435
91011,2,2,0,10000,2,0,0.0002,3.39e-05,0.00016610000000000003,5.899705014749263
91020,2,5,0,10000,0,1,0.0001,9.72e-05,2.8000000000000003e-06,1.02880658436214
91251,1,9,0,10000,981,0,0.0981,0.09593,0.0021700000000000053,1.022620660898572
91328,1,7,0,10000,196,0,0.0196,0.0180512,0.0015487999999999995,1.0858003900017728
91440,2,8,0,10000,6,0,0.0006,0.0004275,0.00017249999999999996,1.4035087719298245
91585,2,10,0,10000,22,0,0.0022,0.0018548,0.00034520000000000015,1.1861117101574294
91594,1,1,0,10000,0,1,0.0001,1.67e-05,8.33e-05,5.9880239520958085
91600,2,2,0,10000,0,1,0.0001,3.07e-05,6.93e-05,3.257328990228013
91613,1,7,0,10000,202,0,0.0202,0.0203896,0.00018960000000000157,0.9907011417585435
92232,2,3,0,10000,1,0,0.0001,5.1e-05,4.9000000000000005e-05,1.9607843137254903
92356,1,8,0,10000,341,0,0.0341,0.0368312,0.002731200000000003,0.9258454788331631
92784,2,7,0,10000,1,0,0.0001,0.000253,0.00015300000000000003,0.3952569169960474
92791,2,8,0,10000,4,0,0.0004,0.0005632,0.0001632,0.7102272727272727
93005,1,8,0,10000,341,0,0.0341,0.0368312,0.002731200000000003,0.9258454788331631
93084,2,1,0,10000,0,1,0.0001,2.4e-05,7.6e-05,4.166666666666667
93139,2,7,0,10000,2,0,0.0002,0.0003336,0.00013359999999999997,0.5995203836930456
93142,2,10,0,10000,7,0,0.0007,0.0009809,0.00028090000000000005,0.7136303394841472
93353,1,6,0,10000,94,0,0.0094,0.0086892,0.000710800000000001,1.0818026976016206
93358,1,9,0,10000,697,0,0.0697,0.0705726,0.0008726000000000012,0.9876354279139495
93451,2,2,0,10000,0,1,0.0001,2.68e-05,7.32e-05,3.7313432835820897
93541,1,2,0,10000,12,0,0.0012,0.0010617,0.00013829999999999984,1.1302627860977676
93542,2,1,0,10000,0,1,0.0001,2.25e-05,7.75e-05,4.444444444444445
93545,1,6,0,10000,105,0,0.0105,0.0105398,3.979999999999956e-05,0.9962238372644643
93720,2,3,0,10000,1,0,0.0001,4.72e-05,5.28e-05,2.1186440677966103
93748,2,10,0,10000,16,0,0.0016,0.0017198,0.00011979999999999998,0.9303407372950343
93756,2,2,0,10000,1,0,0.0001,2.93e-05,7.070000000000001e-05,3.4129692832764507
93762,2,8,0,10000,3,0,0.0003,0.0004088,0.00010880000000000004,0.7338551859099803
93771,2,1,0,10000,0,1,0.0001,2.32e-05,7.68e-05,4.310344827586206
93890,1,9,0,10000,981,0,0.0981,0.09593,0.0021700000000000053,1.022620660898572
93892,2,7,0,10000,1,0,0.0001,0.0002733,0.00017329999999999998,0.36589828027808274
93904,2,2,0,10000,0,1,0.0001,2.63e-05,7.37e-05,3.8022813688212933
94081,1,1,0,10000,0,1,0.0001,1.27e-05,8.730000000000001e-05,7.874015748031496
94089,1,9,0,10000,817,0,0.0817,0.0805928,0.0011071999999999887,1.0137381999384558
94266,2,2,0,10000,2,0,0.0002,2.46e-05,0.0001754,8.130081300813009
94291,1,4,0,10000,27,0,0.0027,0.0035202,0.0008201999999999997,0.767001874893472
94292,2,8,0,10000,5,0,0.0005,0.0004769,2.310000000000002e-05,1.0484378276368211
94304,1,9,0,10000,631,0,0.0631,0.0581971,0.004902900000000002,1.0842464658891937
94312,1,1,0,10000,0,1,0.0001,1.48e-05,8.520000000000001e-05,6.756756756756757
94389,2,3,0,10000,0,1,0.0001,5.3e-05,4.7000000000000004e-05,1.8867924528301887
94392,1,6,0,10000,94,0,0.0094,0.0086892,0.000710800000000001,1.0818026976016206
94395,1,5,0,10000,63,0,0.0063,0.0063807,8.069999999999952e-05,0.9873524848370869
94633,1,9,0,10000,631,0,0.0631,0.0581971,0.004902900000000002,1.0842464658891937
94636,1,2,0,10000,2,0,0.0002,8.73e-05,0.00011270000000000002,2.2909507445589923
94638,1,6,0,10000,101,0,0.0101,0.0097939,0.0003061000000000001,1.0312541479900754
94834,2,4,0,10000,1,0,0.0001,5.88e-05,4.1200000000000005e-05,1.7006802721088436
94835,2,5,0,10000,3,0,0.0003,0.0001352,0.00016479999999999997,2.218934911242603
95051,2,6,0,10000,0,1,0.0001,0.000165,6.5e-05,0.6060606060606061
95120,2,4,0,10000,0,1,0.0001,5.9e-05,4.100000000000001e-05,1.6949152542372883
95134,1,2,0,10000,3,0,0.0003,0.0003977,9.770000000000004e-05,0.7543374402816192
95186,2,7,0,10000,2,0,0.0002,0.000242,4.199999999999999e-05,0.8264462809917356
95188,1,9,0,10000,631,0,0.0631,0.0581971,0.004902900000000002,1.0842464658891937
95263,1,8,0,10000,341,0,0.0341,0.0368312,0.002731200000000003,0.9258454788331631
95603,2,1,0,10000,0,1,0.0001,2.32e-05,7.68e-05,4.310344827586206
95697,1,10,0,10000,1878,0,0.1878,0.1915985,0.00379850000000001,0.9801746882151999
95706,1,1,0,10000,0,1,0.0001,1.65e-05,8.35e-05,6.0606060606060606
95797,2,5,0,10000,0,1,0.0001,9.86e-05,1.400000000000007e-06,1.0141987829614605
95826,1,5,0,10000,60,0,0.006,0.0055809,0.0004191000000000004,1.0750954147180563
95840,2,9,0,10000,10,0,0.001,0.0007656,0.00023440000000000006,1.3061650992685476
95841,2,8,0,10000,5,0,0.0005,0.0004102,8.980000000000001e-05,1.218917601170161
95901,1,8,0,10000,290,0,0.029,0.0296922,0.000692199999999997,0.9766874802136589
95944,2,7,0,10000,5,0,0.0005,0.0002622,0.00023780000000000003,1.906941266209001
95950,1,8,0,10000,290,0,0.029,0.0296922,0.000692199999999997,0.9766874802136589
96075,2,8,0,10000,6,0,0.0006,0.0004089,0.00019109999999999993,1.4673514306676447
96115,2,2,0,10000,0,1,0.0001,2.6e-05,7.400000000000001e-05,3.8461538461538467
96310,2,5,0,10000,2,0,0.0002,0.0001045,9.55e-05,1.9138755980861244
96689,1,2,0,10000,0,1,0.0001,0.000217,0.00011699999999999998,0.46082949308755766
96713,2,6,0,10000,1,0,0.0001,0.0001449,4.4899999999999994e-05,0.6901311249137336
96714,2,5,0,10000,0,1,0.0001,0.0001182,1.8199999999999995e-05,0.8460236886632826
97315,2,5,0,10000,1,0,0.0001,0.0001128,1.28e-05,0.8865248226950355
97316,2,10,0,10000,14,0,0.0014,0.0011605,0.0002394999999999999,1.2063765618267988
97319,2,9,0,10000,9,0,0.0009,0.0008311,6.89e-05,1.0829021778366021
97430,1,7,0,10000,166,0,0.0166,0.0154208,0.0011792,1.0764681469184478
97698,1,2,0,10000,2,0,0.0002,0.0002133,1.3299999999999998e-05,0.9376465072667605
97700,1,10,0,10000,1129,0,0.1129,0.1133362,0.0004361999999999977,0.996151273820721
97709,2,5,0,10000,0,1,0.0001,0.000109,9.000000000000002e-06,0.9174311926605504
97711,1,7,0,10000,166,0,0.0166,0.0154208,0.0011792,1.0764681469184478
98001,1,10,0,10000,1400,0,0.14,0.1379732,0.002026800000000023,1.0146898093252894
98007,2,4,0,10000,0,1,0.0001,6.94e-05,3.06e-05,1.440922190201729
98282,2,10,0,10000,9,0,0.0009,0.0009668,6.68e-05,0.9309060819197352
98284,2,2,0,10000,0,1,0.0001,2.55e-05,7.450000000000001e-05,3.9215686274509807
98285,1,5,0,10000,73,0,0.0073,0.006714,0.0005859999999999997,1.087280309800417
98287,1,7,0,10000,202,0,0.0202,0.0203896,0.00018960000000000157,0.9907011417585435
98325,2,3,0,10000,0,1,0.0001,5.06e-05,4.940000000000001e-05,1.9762845849802373
98560,1,6,0,10000,116,0,0.0116,0.0110695,0.0005304999999999997,1.0479244771669904
98987,1,5,0,10000,113,0,0.0113,0.0081678,0.0031322,1.3834814760400598
99136,2,9,0,10000,6,0,0.0006,0.0007938,0.00019380000000000005,0.7558578987150415
99238,1,5,0,10000,71,0,0.0071,0.0073,0.00019999999999999966,0.9726027397260274
99239,1,4,0,10000,48,0,0.0048,0.0037554,0.0010445999999999997,1.2781594503914362
99250,1,7,0,10000,196,0,0.0196,0.0180512,0.0015487999999999995,1.0858003900017728
99683,2,4,0,10000,0,1,0.0001,6.4e-05,3.600000000000001e-05,1.5625000000000002
99984,2,3,0,10000,0,1,0.0001,3.92e-05,6.080000000000001e-05,2.5510204081632657
99985,2,3,0,10000,1,0,0.0001,4.07e-05,5.9300000000000005e-05,2.4570024570024573
99994,1,9,0,10000,497,0,0.0497,0.0508944,0.0011943999999999982,0.9765317991763338
113,1,1,499,10000,0,1,0.0001,8.8e-06,9.120000000000001e-05,11.363636363636363
416,2,1,499,10000,1,0,0.0001,2.07e-05,7.93e-05,4.830917874396136
424,1,9,499,10000,709,0,0.0709,0.0705726,0.00032740000000000546,1.0046391942481927
454,2,3,499,10000,1,0,0.0001,4.41e-05,5.5900000000000004e-05,2.2675736961451247
455,2,2,499,10000,0,1,0.0001,2.59e-05,7.410000000000001e-05,3.8610038610038613
459,1,6,499,10000,100,0,0.01,0.0110695,0.0010694999999999993,0.9033831699715434
483,1,3,499,10000,17,0,0.0017,0.0015577,0.00014229999999999994,1.0913526352956282
689,1,8,499,10000,500,0,0.05,0.0508944,0.0008943999999999966,0.9824263573202553
699,1,2,499,10000,0,1,0.0001,2.12e-05,7.88e-05,4.716981132075472
885,2,1,499,10000,0,1,0.0001,2.28e-05,7.72e-05,4.385964912280702
1197,1,7,499,10000,272,0,0.0272,0.0296922,0.0024922,0.9160654986831558
1272,2,8,499,10000,4,0,0.0004,0.0005192,0.00011920000000000002,0.7704160246533127
1310,1,2,499,10000,0,1,0.0001,0.0001051,5.0999999999999884e-06,0.9514747859181732
1728,1,4,499,10000,32,0,0.0032,0.0029095,0.00029049999999999996,1.099845334249871
1741,1,1,499,10000,0,1,0.0001,1.13e-05,8.87e-05,8.849557522123893
1802,2,9,499,10000,7,0,0.0007,0.0008212,0.00012120000000000002,0.852411105698977
1870,1,5,499,10000,98,0,0.0098,0.0086892,0.0011108000000000003,1.1278368549463702
2038,2,7,499,10000,4,0,0.0004,0.0002695,0.00013050000000000003,1.4842300556586272
2041,2,6,499,10000,2,0,0.0002,0.0002034,3.4000000000000013e-06,0.983284169124877
2042,2,5,499,10000,2,0,0.0002,0.0001339,6.610000000000001e-05,1.4936519790888723
2066,2,6,499,10000,2,0,0.0002,0.0001992,8.000000000000194e-07,1.0040160642570282
2326,1,2,499,10000,8,0,0.0008,0.0004557,0.0003443,1.7555409260478385
2415,2,6,499,10000,2,0,0.0002,0.0001535,4.650000000000002e-05,1.3029315960912053
2627,1,6,499,10000,100,0,0.01,0.0110695,0.0010694999999999993,0.9033831699715434
2659,1,8,499,10000,368,0,0.0368,0.0368312,3.120000000000206e-05,0.9991528921132083
2664,2,3,499,10000,1,0,0.0001,4.76e-05,5.2400000000000007e-05,2.100840336134454
2723,1,1,499,10000,0,1,0.0001,1.31e-05,8.69e-05,7.633587786259542
2778,1,4,499,10000,34,0,0.0034,0.0034925,9.250000000000013e-05,0.9735146743020758
2839,2,7,499,10000,0,1,0.0001,0.000277,0.00017700000000000002,0.36101083032490977
2841,2,1,499,10000,0,1,0.0001,2.39e-05,7.61e-05,4.184100418410042
2911,2,8,499,10000,7,0,0.0007,0.0005699,0.00013009999999999996,1.2282856641516056
3112,2,10,499,10000,16,0,0.0016,0.0014103,0.0001897000000000001,1.134510387860739
3113,1,10,499,10000,1705,0,0.1705,0.1707412,0.00024119999999999697,0.998587335686993
3118,2,5,499,10000,0,1,0.0001,0.0001037,3.699999999999995e-06,0.9643201542912248
3184,1,1,499,10000,0,1,0.0001,1.28e-05,8.72e-05,7.812500000000001
3252,2,1,499,10000,0,1,0.0001,1.9e-05,8.1e-05,5.2631578947368425
3451,2,6,499,10000,0,1,0.0001,0.000181,8.1e-05,0.5524861878453039
3465,2,6,499,10000,3,0,0.0003,0.0001528,0.00014719999999999997,1.963350785340314
3502,1,5,499,10000,74,0,0.0074,0.0081678,0.000767799999999999,0.9059967188226941
3542,1,10,499,10000,1137,0,0.1137,0.1133362,0.00036379999999999746,1.003209918807936
3664,1,6,499,10000,100,0,0.01,0.0110695,0.0010694999999999993,0.9033831699715434
3793,2,6,499,10000,5,0,0.0005,0.0002099,0.0002901,2.3820867079561694
4112,2,7,499,10000,2,0,0.0002,0.0002542,5.419999999999999e-05,0.7867820613690009
4688,1,1,499,10000,0,1,0.0001,1.42e-05,8.58e-05,7.042253521126761
4690,2,3,499,10000,0,1,0.0001,5.2e-05,4.800000000000001e-05,1.9230769230769234
4697,2,8,499,10000,5,0,0.0005,0.0003626,0.00013740000000000003,1.378929950358522
4703,1,6,499,10000,100,0,0.01,0.0110695,0.0010694999999999993,0.9033831699715434
5184,2,8,499,10000,7,0,0.0007,0.000437,0.000263,1.6018306636155606
5317,1,7,499,10000,189,0,0.0189,0.0180512,0.0008488000000000002,1.0470218046445665
5318,2,4,499,10000,1,0,0.0001,9.29e-05,7.10000000000001e-06,1.0764262648008613
5648,1,7,499,10000,183,0,0.0183,0.0176508,0.0006491999999999991,1.0367802025970494
5729,1,2,499,10000,0,1,0.0001,1.9e-05,8.1e-05,5.2631578947368425
5742,1,5,499,10000,65,0,0.0065,0.0071253,0.0006253000000000005,0.9122422915526364
5990,2,4,499,10000,0,1,0.0001,6.9e-05,3.100000000000001e-05,1.4492753623188408
6111,2,8,499,10000,4,0,0.0004,0.0005818,0.00018180000000000003,0.6875214850464076
6148,1,2,499,10000,6,0,0.0006,0.0006176,1.7600000000000103e-05,0.9715025906735749
6314,2,2,499,10000,0,1,0.0001,2.77e-05,7.230000000000001e-05,3.6101083032490977
6395,2,7,499,10000,2,0,0.0002,0.000246,4.600000000000001e-05,0.8130081300813008
6715,1,9,499,10000,547,0,0.0547,0.0581971,0.003497100000000003,0.9399093769277163
6718,1,4,499,10000,37,0,0.0037,0.0039114,0.0002113999999999996,0.9459528557549728
6786,2,6,499,10000,1,0,0.0001,0.0002104,0.00011039999999999999,0.47528517110266166
6878,2,3,499,10000,0,1,0.0001,4.73e-05,5.270000000000001e-05,2.1141649048625797
6895,2,5,499,10000,2,0,0.0002,9.6e-05,0.00010400000000000001,2.0833333333333335
6982,2,3,499,10000,1,0,0.0001,4.35e-05,5.6500000000000005e-05,2.298850574712644
6993,1,5,499,10000,98,0,0.0098,0.0086892,0.0011108000000000003,1.1278368549463702
6999,2,4,499,10000,0,1,0.0001,8.16e-05,1.84e-05,1.2254901960784315
7049,2,5,499,10000,2,0,0.0002,0.0001287,7.13e-05,1.554001554001554
7056,1,2,499,10000,6,0,0.0006,0.0003486,0.00025139999999999993,1.7211703958691909
7064,2,10,499,10000,47,0,0.0047,0.0035435,0.0011565,1.3263722308452095
7269,1,3,499,10000,26,0,0.0026,0.0021351,0.00046489999999999986,1.2177415577724695
7278,1,8,499,10000,338,0,0.0338,0.034881,0.0010810000000000056,0.9690089160287835
7279,1,9,499,10000,972,0,0.0972,0.0948589,0.0023410999999999987,1.0246798139130857
7520,2,4,499,10000,1,0,0.0001,7.43e-05,2.57e-05,1.3458950201884252
7534,1,2,499,10000,8,0,0.0008,0.0010279,0.00022789999999999996,0.7782858254694037
7813,1,6,499,10000,100,0,0.01,0.0110695,0.0010694999999999993,0.9033831699715434
7840,2,4,499,10000,0,1,0.0001,9.02e-05,9.800000000000008e-06,1.1086474501108647
7845,2,9,499,10000,6,0,0.0006,0.0006654,6.540000000000007e-05,0.9017132551848511
8177,2,6,499,10000,2,0,0.0002,0.0001804,1.9600000000000016e-05,1.1086474501108647
8183,2,8,499,10000,3,0,0.0003,0.0005784,0.0002784,0.5186721991701244
8189,2,2,499,10000,0,1,0.0001,3.39e-05,6.610000000000001e-05,2.9498525073746316
8259,2,1,499,10000,0,1,0.0001,2.26e-05,7.740000000000001e-05,4.424778761061947
8267,2,9,499,10000,8,0,0.0008,0.0006518,0.00014820000000000002,1.22737035900583
8571,2,8,499,10000,2,0,0.0002,0.0004497,0.00024969999999999994,0.4447409384033801
8575,1,4,499,10000,38,0,0.0038,0.0029545,0.0008454999999999999,1.2861736334405145
8832,1,10,499,10000,1954,0,0.1954,0.1915985,0.0038014999999999854,1.019840969527423
8838,2,7,499,10000,1,0,0.0001,0.0002652,0.0001652,0.37707390648567124
8873,1,4,499,10000,48,0,0.0048,0.0047227,7.729999999999976e-05,1.0163677557329494
8906,1,10,499,10000,1390,0,0.139,0.1379732,0.0010268000000000221,1.0074420249729659
8952,1,4,499,10000,36,0,0.0036,0.0028016,0.0007983999999999999,1.2849800114220444
8954,1,6,499,10000,100,0,0.01,0.0110695,0.0010694999999999993,0.9033831699715434
9022,1,1,499,10000,0,1,0.0001,1.11e-05,8.89e-05,9.00900900900901
9539,1,5,499,10000,63,0,0.0063,0.0051747,0.0011253,1.217461881848223
9540,2,10,499,10000,8,0,0.0008,0.0013073,0.0005072999999999999,0.6119482903694639
9669,2,9,499,10000,13,0,0.0013,0.0008347,0.0004653,1.557445788906194
10023,2,3,499,10000,0,1,0.0001,5e-05,5e-05,2.0
10404,2,2,499,10000,1,0,0.0001,3.21e-05,6.79e-05,3.115264797507788
10512,2,6,499,10000,0,1,0.0001,0.0001823,8.230000000000001e-05,0.5485463521667581
10519,2,9,499,10000,5,0,0.0005,0.0008029,0.00030289999999999994,0.6227425582264292
10796,2,9,499,10000,3,0,0.0003,0.0006216,0.00032160000000000007,0.48262548262548255
10871,1,3,499,10000,15,0,0.0015,0.0016065,0.00010650000000000004,0.9337068160597572
10877,1,9,499,10000,547,0,0.0547,0.0581971,0.003497100000000003,0.9399093769277163
10933,1,4,499,10000,23,0,0.0023,0.0034745,0.0011745000000000002,0.6619657504676931
10940,2,3,499,10000,0,1,0.0001,5.49e-05,4.5100000000000005e-05,1.8214936247723135
11177,2,8,499,10000,5,0,0.0005,0.0005482,4.819999999999998e-05,0.9120758847136082
11206,1,3,499,10000,22,0,0.0022,0.0022723,7.229999999999997e-05,0.9681820182194253
11213,2,8,499,10000,6,0,0.0006,0.0005865,1.3499999999999949e-05,1.023017902813299
11983,2,3,499,10000,0,1,0.0001,3.94e-05,6.06e-05,2.5380710659898478
12087,1,9,499,10000,547,0,0.0547,0.0581971,0.003497100000000003,0.9399093769277163
12274,1,8,499,10000,368,0,0.0368,0.0368312,3.120000000000206e-05,0.9991528921132083
12275,1,9,499,10000,547,0,0.0547,0.0581971,0.003497100000000003,0.9399093769277163
12284,2,3,499,10000,1,0,0.0001,4.3e-05,5.7e-05,2.3255813953488373
12300,1,1,499,10000,0,1,0.0001,1.46e-05,8.54e-05,6.8493150684931505
12339,2,8,499,10000,8,0,0.0008,0.0005052,0.0002948,1.5835312747426762
12346,2,1,499,10000,0,1,0.0001,1.6e-05,8.400000000000001e-05,6.250000000000001
12643,2,3,499,10000,1,0,0.0001,5.28e-05,4.72e-05,1.893939393939394
12655,2,7,499,10000,5,0,0.0005,0.0003275,0.00017250000000000002,1.5267175572519085
12838,2,9,499,10000,12,0,0.0012,0.0008178,0.00038219999999999986,1.4673514306676447
13000,1,3,499,10000,15,0,0.0015,0.001483,1.7000000000000088e-05,1.0114632501685772
13030,2,2,499,10000,1,0,0.0001,3.29e-05,6.71e-05,3.0395136778115504
13150,1,4,499,10000,38,0,0.0038,0.0037554,4.460000000000011e-05,1.011876231559887
13174,2,10,499,10000,16,0,0.0016,0.0018767,0.00027669999999999995,0.8525603452869399
13220,1,2,499,10000,6,0,0.0006,0.0007306,0.00013060000000000003,0.8212428141253764
13243,2,10,499,10000,14,0,0.0014,0.0011001,0.0002999000000000001,1.272611580765385
13329,2,7,499,10000,3,0,0.0003,0.0003367,3.6700000000000025e-05,0.891000891000891
13330,2,4,499,10000,1,0,0.0001,8.14e-05,1.8600000000000005e-05,1.2285012285012287
13343,2,1,499,10000,0,1,0.0001,1.91e-05,8.09e-05,5.235602094240838
13873,2,10,499,10000,10,0,0.001,0.0011779,0.00017789999999999993,0.8489685032685288
13878,1,5,499,10000,98,0,0.0098,0.0086892,0.0011108000000000003,1.1278368549463702
13962,2,8,499,10000,8,0,0.0008,0.0005583,0.00024170000000000007,1.432921368439907
13963,2,8,499,10000,3,0,0.0003,0.0003989,9.890000000000002e-05,0.7520681875156681
14240,2,9,499,10000,13,0,0.0013,0.0008654,0.00043459999999999994,1.5021955165241505
14246,2,7,499,10000,7,0,0.0007,0.0002547,0.0004453,2.748331370239497
14453,2,6,499,10000,1,0,0.0001,0.0002204,0.00012039999999999999,0.4537205081669692
14455,1,4,499,10000,31,0,0.0031,0.004175,0.001075,0.7425149700598802
14512,2,4,499,10000,0,1,0.0001,6.56e-05,3.440000000000001e-05,1.5243902439024393
14599,1,3,499,10000,19,0,0.0019,0.0018704,2.960000000000007e-05,1.015825491873396
14819,2,8,499,10000,5,0,0.0005,0.0005149,1.4899999999999983e-05,0.9710623422023694
14826,2,1,499,10000,0,1,0.0001,1.88e-05,8.120000000000001e-05,5.319148936170214
14899,1,6,499,10000,154,0,0.0154,0.0137207,0.0016792999999999999,1.1223917147084332
14935,1,1,499,10000,0,1,0.0001,9e-06,9.1e-05,11.11111111111111
14957,2,9,499,10000,6,0,0.0006,0.0006464,4.6400000000000044e-05,0.9282178217821782
14994,1,1,499,10000,0,1,0.0001,1.37e-05,8.630000000000001e-05,7.299270072992702
15004,1,7,499,10000,217,0,0.0217,0.0203896,0.0013103999999999998,1.0642680582257622
15147,1,5,499,10000,74,0,0.0074,0.0073,0.00010000000000000026,1.0136986301369864
15164,1,4,499,10000,34,0,0.0034,0.0036472,0.00024720000000000037,0.9322219785040579
15165,2,5,499,10000,2,0,0.0002,0.00013,7.000000000000002e-05,1.5384615384615388
15167,1,7,499,10000,272,0,0.0272,0.0296922,0.0024922,0.9160654986831558
15175,2,8,499,10000,5,0,0.0005,0.0005044,4.3999999999999985e-06,0.9912767644726408
15417,1,7,499,10000,272,0,0.0272,0.0296922,0.0024922,0.9160654986831558
15432,1,7,499,10000,272,0,0.0272,0.0296922,0.0024922,0.9160654986831558
15442,1,4,499,10000,29,0,0.0029,0.0028992,7.999999999995858e-07,1.0002759381898454
15446,2,7,499,10000,2,0,0.0002,0.0002251,2.5099999999999987e-05,0.8884940026654821
15572,1,8,499,10000,368,0,0.0368,0.0368312,3.120000000000206e-05,0.9991528921132083
15640,1,5,499,10000,74,0,0.0074,0.0073,0.00010000000000000026,1.0136986301369864
15725,1,5,499,10000,50,0,0.005,0.00545,0.0004499999999999999,0.9174311926605505
16180,1,3,499,10000,14,0,0.0014,0.0011825,0.00021750000000000003,1.1839323467230445
16197,2,9,499,10000,15,0,0.0015,0.000904,0.0005960000000000001,1.6592920353982301
16278,2,9,499,10000,15,0,0.0015,0.0008553,0.0006447,1.75377060680463
16381,2,6,499,10000,1,0,0.0001,0.0002062,0.00010619999999999999,0.48496605237633367
16536,2,1,499,10000,0,1,0.0001,1.98e-05,8.02e-05,5.050505050505051
16752,1,2,499,10000,3,0,0.0003,0.000377,7.700000000000003e-05,0.7957559681697612
16765,1,7,499,10000,189,0,0.0189,0.0180512,0.0008488000000000002,1.0470218046445665
16903,2,7,499,10000,9,0,0.0009,0.0003015,0.0005985,2.9850746268656714
16905,1,1,499,10000,0,1,0.0001,1.29e-05,8.71e-05,7.7519379844961245
16945,2,2,499,10000,0,1,0.0001,2.81e-05,7.190000000000001e-05,3.558718861209965
16970,2,8,499,10000,10,0,0.001,0.0004408,0.0005592,2.268602540834846
17135,1,9,499,10000,709,0,0.0709,0.0705726,0.00032740000000000546,1.0046391942481927
17161,1,9,499,10000,972,0,0.0972,0.0948589,0.0023410999999999987,1.0246798139130857
17746,1,7,499,10000,217,0,0.0217,0.0203896,0.0013103999999999998,1.0642680582257622
17747,1,6,499,10000,154,0,0.0154,0.0137207,0.0016792999999999999,1.1223917147084332
17766,2,4,499,10000,3,0,0.0003,8.85e-05,0.0002115,3.389830508474576
17875,2,10,499,10000,21,0,0.0021,0.0018295,0.0002704999999999999,1.147854605083356
17993,2,5,499,10000,6,0,0.0006,0.0001308,0.0004691999999999999,4.587155963302751
18093,2,1,499,10000,0,1,0.0001,2.24e-05,7.76e-05,4.464285714285714
18162,1,3,499,10000,25,0,0.0025,0.0026558,0.00015579999999999978,0.9413359439716847
18169,2,8,499,10000,2,0,0.0002,0.0004788,0.00027879999999999995,0.41771094402673353
18173,1,4,499,10000,30,0,0.003,0.0031056,0.00010559999999999996,0.9659969088098919
18174,1,7,499,10000,189,0,0.0189,0.0180512,0.0008488000000000002,1.0470218046445665
18296,1,6,499,10000,155,0,0.0155,0.0154208,7.919999999999976e-05,1.0051359203154182
18298,2,4,499,10000,1,0,0.0001,6.1e-05,3.9000000000000006e-05,1.639344262295082
18300,1,10,499,10000,1705,0,0.1705,0.1707412,0.00024119999999999697,0.998587335686993
18303,2,9,499,10000,11,0,0.0011,0.000629,0.00047100000000000006,1.7488076311605725
18649,1,6,499,10000,155,0,0.0155,0.0154208,7.919999999999976e-05,1.0051359203154182
18650,2,4,499,10000,1,0,0.0001,7.79e-05,2.210000000000001e-05,1.2836970474967908
18654,1,9,499,10000,1027,0,0.1027,0.0991156,0.0035844000000000015,1.0361638329385081
18781,2,8,499,10000,3,0,0.0003,0.0005101,0.0002101,0.5881199764752009
18807,1,4,499,10000,31,0,0.0031,0.0045248,0.0014248,0.6851131541725601
18809,2,2,499,10000,0,1,0.0001,3.01e-05,6.99e-05,3.3222591362126246
18971,1,9,499,10000,709,0,0.0709,0.0705726,0.00032740000000000546,1.0046391942481927
19296,2,9,499,10000,11,0,0.0011,0.0006286,0.0004714000000000001,1.7499204581609928
19379,1,8,499,10000,368,0,0.0368,0.0368312,3.120000000000206e-05,0.9991528921132083
19386,2,1,499,10000,0,1,0.0001,1.99e-05,8.010000000000001e-05,5.025125628140704
19606,1,10,499,10000,1390,0,0.139,0.1379732,0.0010268000000000221,1.0074420249729659
19613,1,1,499,10000,1,0,0.0001,1.62e-05,8.38e-05,6.172839506172839
19693,1,9,499,10000,972,0,0.0972,0.0948589,0.0023410999999999987,1.0246798139130857
19694,2,10,499,10000,18,0,0.0018,0.0020014,0.00020140000000000002,0.899370440691516
20204,2,6,499,10000,2,0,0.0002,0.0001702,2.980000000000002e-05,1.175088131609871
21093,1,2,499,10000,2,0,0.0002,0.0002185,1.849999999999999e-05,0.9153318077803204
21335,1,1,499,10000,0,1,0.0001,1.21e-05,8.790000000000001e-05,8.264462809917356
21419,2,9,499,10000,8,0,0.0008,0.000652,0.00014800000000000002,1.2269938650306749
21420,1,6,499,10000,100,0,0.01,0.0110695,0.0010694999999999993,0.9033831699715434
21510,1,2,499,10000,6,0,0.0006,0.0006764,7.640000000000001e-05,0.8870490833826138
21728,1,6,499,10000,100,0,0.01,0.0110695,0.0010694999999999993,0.9033831699715434
21743,1,1,499,10000,0,1,0.0001,1.01e-05,8.99e-05,9.900990099009901
22233,2,5,499,10000,5,0,0.0005,0.0001284,0.00037160000000000003,3.894080996884735
22248,1,9,499,10000,709,0,0.0709,0.0705726,0.00032740000000000546,1.0046391942481927
22254,1,7,499,10000,226,0,0.0226,0.0236403,0.001040300000000001,0.9559946362778814
22272,2,7,499,10000,1,0,0.0001,0.0003299,0.0002299,0.3031221582297666
22363,2,10,499,10000,20,0,0.002,0.0018548,0.00014520000000000006,1.0782833728703904
22448,1,3,499,10000,20,0,0.002,0.0020738,7.380000000000017e-05,0.9644131545954286
22458,2,9,499,10000,11,0,0.0011,0.0007678,0.00033220000000000005,1.4326647564469914
22459,2,8,499,10000,2,0,0.0002,0.0004329,0.0002329,0.462000462000462
22494,2,6,499,10000,0,1,0.0001,0.0001862,8.62e-05,0.5370569280343717
22789,2,4,499,10000,1,0,0.0001,6.1e-05,3.9000000000000006e-05,1.639344262295082
22843,1,4,499,10000,44,0,0.0044,0.0048384,0.0004383999999999994,0.9093915343915345
23032,2,7,499,10000,3,0,0.0003,0.0002594,4.059999999999996e-05,1.156515034695451
23056,2,4,499,10000,1,0,0.0001,7.3e-05,2.7000000000000006e-05,1.3698630136986303
23174,2,9,499,10000,6,0,0.0006,0.0006103,1.0300000000000088e-05,0.9831230542356216
23180,2,3,499,10000,0,1,0.0001,4.53e-05,5.47e-05,2.2075055187637966
23182,2,1,499,10000,0,1,0.0001,1.04e-05,8.960000000000001e-05,9.615384615384615
23280,2,9,499,10000,6,0,0.0006,0.0007276,0.00012760000000000007,0.8246289169873556
23324,1,8,499,10000,368,0,0.0368,0.0368312,3.120000000000206e-05,0.9991528921132083
23617,2,9,499,10000,9,0,0.0009,0.0007535,0.00014649999999999993,1.19442601194426
23695,1,4,499,10000,29,0,0.0029,0.0028992,7.999999999995858e-07,1.0002759381898454
23881,2,5,499,10000,2,0,0.0002,0.0001287,7.13e-05,1.554001554001554
23884,1,8,499,10000,368,0,0.0368,0.0368312,3.120000000000206e-05,0.9991528921132083
24434,2,7,499,10000,2,0,0.0002,0.0003141,0.00011409999999999998,0.6367398917542184
24439,1,10,499,10000,1390,0,0.139,0.1379732,0.0010268000000000221,1.0074420249729659
24513,2,2,499,10000,1,0,0.0001,2.49e-05,7.510000000000001e-05,4.016064257028113
24514,1,1,499,10000,0,1,0.0001,1.54e-05,8.46e-05,6.4935064935064934
24523,1,8,499,10000,338,0,0.0338,0.034881,0.0010810000000000056,0.9690089160287835
24697,1,10,499,10000,1390,0,0.139,0.1379732,0.0010268000000000221,1.0074420249729659
24705,1,10,499,10000,1137,0,0.1137,0.1133362,0.00036379999999999746,1.003209918807936
24710,2,5,499,10000,2,0,0.0002,0.0001291,7.090000000000002e-05,1.549186676994578
24712,1,3,499,10000,24,0,0.0024,0.0019074,0.0004925999999999997,1.2582573136206352
24792,1,2,499,10000,0,1,0.0001,6.87e-05,3.13e-05,1.455604075691412
24808,1,5,499,10000,52,0,0.0052,0.006714,0.0015140000000000006,0.7745010425975573
24811,2,7,499,10000,2,0,0.0002,0.0002773,7.730000000000001e-05,0.7212405337179949
24896,2,3,499,10000,0,1,0.0001,5.12e-05,4.880000000000001e-05,1.9531250000000002
24982,1,3,499,10000,17,0,0.0017,0.0013878,0.0003121999999999999,1.2249603689292405
24983,2,3,499,10000,0,1,0.0001,4.69e-05,5.31e-05,2.1321961620469083
24996,2,2,499,10000,3,0,0.0003,3.37e-05,0.00026629999999999997,8.90207715133531
25004,2,10,499,10000,34,0,0.0034,0.0026197,0.0007802999999999998,1.2978585334198571
25265,1,7,499,10000,300,0,0.03,0.028769,0.0012309999999999995,1.0427891132816574
25268,2,10,499,10000,24,0,0.0024,0.0024941,9.410000000000017e-05,0.9622709594643357
25514,1,7,499,10000,217,0,0.0217,0.0203896,0.0013103999999999998,1.0642680582257622
25551,2,6,499,10000,3,0,0.0003,0.0001521,0.00014789999999999996,1.9723865877712028
25557,1,7,499,10000,226,0,0.0226,0.0236403,0.001040300000000001,0.9559946362778814
25560,1,2,499,10000,1,0,0.0001,1.99e-05,8.010000000000001e-05,5.025125628140704
25575,2,2,499,10000,0,1,0.0001,3.44e-05,6.56e-05,2.9069767441860463
25576,1,5,499,10000,98,0,0.0098,0.0086892,0.0011108000000000003,1.1278368549463702
25579,2,7,499,10000,4,0,0.0004,0.0003309,6.91e-05,1.2088244182532486
25583,2,10,499,10000,13,0,0.0013,0.0015372,0.00023720000000000013,0.8456934686442883
25611,1,10,499,10000,1390,0,0.139,0.1379732,0.0010268000000000221,1.0074420249729659
25774,1,1,499,10000,0,1,0.0001,1.61e-05,8.39e-05,6.2111801242236035
26001,2,9,499,10000,7,0,0.0007,0.0008212,0.00012120000000000002,0.852411105698977
26359,1,2,499,10000,5,0,0.0005,0.0007461,0.00024609999999999996,0.6701514542286557
26376,1,5,499,10000,98,0,0.0098,0.0086892,0.0011108000000000003,1.1278368549463702
26381,2,8,499,10000,4,0,0.0004,0.0004386,3.859999999999996e-05,0.9119927040583676
26440,2,4,499,10000,1,0,0.0001,8.31e-05,1.6900000000000004e-05,1.203369434416366
27101,2,3,499,10000,0,1,0.0001,5.18e-05,4.8200000000000006e-05,1.9305019305019306
27141,2,5,499,10000,3,0,0.0003,0.0001315,0.00016849999999999998,2.2813688212927756
27185,1,7,499,10000,272,0,0.0272,0.0296922,0.0024922,0.9160654986831558
27187,1,5,499,10000,98,0,0.0098,0.0086892,0.0011108000000000003,1.1278368549463702
27188,1,10,499,10000,1390,0,0.139,0.1379732,0.0010268000000000221,1.0074420249729659
27362,2,4,499,10000,1,0,0.0001,7e-05,3.000000000000001e-05,1.4285714285714288
27373,1,3,499,10000,23,0,0.0023,0.0022388,6.119999999999997e-05,1.0273360728961944
27411,1,3,499,10000,9,0,0.0009,0.0014849,0.0005849,0.6061014209711092
27421,2,5,499,10000,1,0,0.0001,9.41e-05,5.900000000000008e-06,1.0626992561105209
27433,2,4,499,10000,0,1,0.0001,8.66e-05,1.34e-05,1.1547344110854503
27501,2,8,499,10000,1,0,0.0001,0.0004028,0.0003028,0.2482621648460775
27850,2,1,499,10000,0,1,0.0001,1.12e-05,8.88e-05,8.928571428571429
27940,1,8,499,10000,368,0,0.0368,0.0368312,3.120000000000206e-05,0.9991528921132083
28006,2,10,499,10000,12,0,0.0012,0.0011605,3.949999999999982e-05,1.0340370529943987
28038,2,1,499,10000,0,1,0.0001,1.88e-05,8.120000000000001e-05,5.319148936170214
28042,1,5,499,10000,98,0,0.0098,0.0086892,0.0011108000000000003,1.1278368549463702
28046,2,9,499,10000,7,0,0.0007,0.0006505,4.9499999999999956e-05,1.0760953112990006
28105,1,7,499,10000,217,0,0.0217,0.0203896,0.0013103999999999998,1.0642680582257622
28107,2,5,499,10000,5,0,0.0005,0.0001423,0.0003577,3.513703443429375
28147,1,1,499,10000,1,0,0.0001,1.75e-05,8.25e-05,5.714285714285715
28156,1,6,499,10000,154,0,0.0154,0.0137207,0.0016792999999999999,1.1223917147084332
28334,2,2,499,10000,0,1,0.0001,2.52e-05,7.48e-05,3.9682539682539684
28339,1,1,499,10000,1,0,0.0001,1.28e-05,8.72e-05,7.812500000000001
28351,1,5,499,10000,49,0,0.0049,0.0052612,0.0003611999999999999,0.9313464608834486
28528,2,6,499,10000,2,0,0.0002,0.000174,2.600000000000001e-05,1.149425287356322
28533,2,10,499,10000,19,0,0.0019,0.0014389,0.0004611000000000001,1.320453123914101
28541,2,3,499,10000,0,1,0.0001,4.06e-05,5.940000000000001e-05,2.4630541871921183
28817,1,9,499,10000,1027,0,0.1027,0.0991156,0.0035844000000000015,1.0361638329385081
29004,2,2,499,10000,1,0,0.0001,2.69e-05,7.31e-05,3.717472118959108
29043,1,8,499,10000,368,0,0.0368,0.0368312,3.120000000000206e-05,0.9991528921132083
29058,1,4,499,10000,48,0,0.0048,0.0041447,0.0006552999999999993,1.1581055323666367
29062,1,8,499,10000,368,0,0.0368,0.0368312,3.120000000000206e-05,0.9991528921132083
29069,1,3,499,10000,26,0,0.0026,0.0025418,5.8200000000000005e-05,1.0228971594932725
29164,1,4,499,10000,23,0,0.0023,0.0034745,0.0011745000000000002,0.6619657504676931
29189,1,4,499,10000,38,0,0.0038,0.0037554,4.460000000000011e-05,1.011876231559887
29233,1,6,499,10000,111,0,0.0111,0.0105398,0.0005602000000000003,1.0531509136795765
29237,2,10,499,10000,26,0,0.0026,0.0024155,0.00018449999999999977,1.0763817015110742
29245,2,2,499,10000,0,1,0.0001,3.25e-05,6.750000000000001e-05,3.0769230769230775
29408,1,7,499,10000,226,0,0.0226,0.0236403,0.001040300000000001,0.9559946362778814
29551,2,10,499,10000,16,0,0.0016,0.0012938,0.0003062000000000002,1.2366671819446593
29810,2,5,499,10000,0,1,0.0001,0.0001116,1.1599999999999997e-05,0.8960573476702509
29813,2,9,499,10000,4,0,0.0004,0.0008083,0.00040829999999999995,0.49486576766052215
29874,1,10,499,10000,1954,0,0.1954,0.1915985,0.0038014999999999854,1.019840969527423
29879,1,7,499,10000,189,0,0.0189,0.0180512,0.0008488000000000002,1.0470218046445665
29883,1,3,499,10000,14,0,0.0014,0.0012143,0.00018570000000000001,1.1529276126163222
30036,1,2,499,10000,2,0,0.0002,0.0003466,0.0001466,0.5770340450086555
30042,2,4,499,10000,2,0,0.0002,8.99e-05,0.0001101,2.2246941045606228
30225,1,4,499,10000,19,0,0.0019,0.0029699,0.0010699000000000001,0.6397521802080878
30231,1,10,499,10000,1350,0,0.135,0.1333819,0.0016181000000000112,1.012131331162624
30632,1,9,499,10000,852,0,0.0852,0.0851688,3.119999999999512e-05,1.0003663313326006
30639,1,6,499,10000,111,0,0.0111,0.0105398,0.0005602000000000003,1.0531509136795765
30681,2,5,499,10000,1,0,0.0001,9.57e-05,4.30000000000001e-06,1.0449320794148382
30686,1,10,499,10000,1705,0,0.1705,0.1707412,0.00024119999999999697,0.998587335686993
30768,1,2,499,10000,13,0,0.0013,0.0009615,0.00033849999999999993,1.3520540821632865
30771,2,1,499,10000,0,1,0.0001,2.27e-05,7.730000000000001e-05,4.405286343612335
30776,2,10,499,10000,19,0,0.0019,0.0016024,0.0002976000000000001,1.1857214178731903
30802,2,7,499,10000,0,1,0.0001,0.0003545,0.0002545,0.2820874471086037
30928,1,8,499,10000,368,0,0.0368,0.0368312,3.120000000000206e-05,0.9991528921132083
30933,1,5,499,10000,74,0,0.0074,0.0073,0.00010000000000000026,1.0136986301369864
30938,2,2,499,10000,0,1,0.0001,3.01e-05,6.99e-05,3.3222591362126246
31399,2,3,499,10000,0,1,0.0001,4.94e-05,5.0600000000000003e-05,2.0242914979757085
31506,2,4,499,10000,1,0,0.0001,6.56e-05,3.440000000000001e-05,1.5243902439024393
31577,2,9,499,10000,8,0,0.0008,0.0006272,0.00017280000000000008,1.2755102040816328
31620,2,9,499,10000,7,0,0.0007,0.0006054,9.460000000000002e-05,1.1562603237528908
31653,1,7,499,10000,217,0,0.0217,0.0203896,0.0013103999999999998,1.0642680582257622
31719,1,5,499,10000,52,0,0.0052,0.006714,0.0015140000000000006,0.7745010425975573
32114,2,9,499,10000,10,0,0.001,0.0006221,0.0003779,1.6074586079408455
32115,1,8,499,10000,368,0,0.0368,0.0368312,3.120000000000206e-05,0.9991528921132083
32116,1,7,499,10000,189,0,0.0189,0.0180512,0.0008488000000000002,1.0470218046445665
32117,1,6,499,10000,100,0,0.01,0.0110695,0.0010694999999999993,0.9033831699715434
32233,1,9,499,10000,709,0,0.0709,0.0705726,0.00032740000000000546,1.0046391942481927
32334,1,2,499,10000,1,0,0.0001,0.000294,0.000194,0.34013605442176875
32469,1,2,499,10000,2,0,0.0002,0.0003163,0.00011629999999999998,0.6323110970597534
32689,2,10,499,10000,16,0,0.0016,0.0015593,4.070000000000007e-05,1.0261014557814405
32698,1,1,499,10000,0,1,0.0001,1.47e-05,8.53e-05,6.802721088435375
33335,2,7,499,10000,0,1,0.0001,0.0002911,0.00019109999999999998,0.3435245620061835
33373,1,5,499,10000,55,0,0.0055,0.0054408,5.9199999999999704e-05,1.010880752830466
33505,2,9,499,10000,6,0,0.0006,0.0006685,6.850000000000009e-05,0.8975317875841434
33514,2,2,499,10000,0,1,0.0001,3.69e-05,6.31e-05,2.710027100271003
33687,2,6,499,10000,0,1,0.0001,0.0001476,4.7600000000000005e-05,0.6775067750677507
33819,1,3,499,10000,13,0,0.0013,0.0014084,0.00010840000000000003,0.9230332291962511
34115,2,8,499,10000,4,0,0.0004,0.0004334,3.34e-05,0.9229349330872174
34181,2,7,499,10000,1,0,0.0001,0.0002871,0.0001871,0.3483106931382794
34245,1,7,499,10000,272,0,0.0272,0.0296922,0.0024922,0.9160654986831558
34294,2,8,499,10000,7,0,0.0007,0.0005827,0.00011729999999999998,1.2013042732109147
34676,1,5,499,10000,52,0,0.0052,0.006714,0.0015140000000000006,0.7745010425975573
34864,1,6,499,10000,145,0,0.0145,0.0145691,6.909999999999902e-05,0.9952570852008704
34867,1,5,499,10000,58,0,0.0058,0.006262,0.0004620000000000006,0.9262216544235068
34938,1,7,499,10000,217,0,0.0217,0.0203896,0.0013103999999999998,1.0642680582257622
34943,1,4,499,10000,17,0,0.0017,0.0029991,0.0012991000000000003,0.5668367176819712
35044,1,8,499,10000,368,0,0.0368,0.0368312,3.120000000000206e-05,0.9991528921132083
35167,1,9,499,10000,547,0,0.0547,0.0581971,0.003497100000000003,0.9399093769277163
35235,2,3,499,10000,0,1,0.0001,5.09e-05,4.910000000000001e-05,1.9646365422396859
35308,2,7,499,10000,2,0,0.0002,0.0003452,0.00014519999999999998,0.5793742757821553
35425,2,6,499,10000,0,1,0.0001,0.000158,5.799999999999999e-05,0.6329113924050633
35472,1,5,499,10000,58,0,0.0058,0.006262,0.0004620000000000006,0.9262216544235068
35477,2,8,499,10000,8,0,0.0008,0.0005213,0.0002787,1.5346249760214847
35655,1,3,499,10000,17,0,0.0017,0.0016863,1.3699999999999954e-05,1.0081242957955285
35719,1,2,499,10000,0,1,0.0001,0.0001637,6.369999999999999e-05,0.6108735491753208
35723,1,6,499,10000,100,0,0.01,0.0110695,0.0010694999999999993,0.9033831699715434
35725,1,8,499,10000,338,0,0.0338,0.034881,0.0010810000000000056,0.9690089160287835
36090,2,9,499,10000,6,0,0.0006,0.0006961,9.61e-05,0.8619451228271799
36153,2,6,499,10000,0,1,0.0001,0.0001639,6.39e-05,0.6101281269066504
36345,1,6,499,10000,155,0,0.0155,0.0154208,7.919999999999976e-05,1.0051359203154182
36390,2,3,499,10000,0,1,0.0001,4.79e-05,5.2100000000000006e-05,2.0876826722338206
36391,2,2,499,10000,0,1,0.0001,3.41e-05,6.59e-05,2.932551319648094
36395,2,6,499,10000,2,0,0.0002,0.0001573,4.270000000000001e-05,1.2714558169103625
36424,2,9,499,10000,4,0,0.0004,0.0006165,0.00021649999999999995,0.6488240064882401
36431,2,6,499,10000,2,0,0.0002,0.0001699,3.01e-05,1.1771630370806356
36483,2,8,499,10000,4,0,0.0004,0.0004795,7.949999999999998e-05,0.8342022940563087
36536,2,7,499,10000,3,0,0.0003,0.000345,4.500000000000001e-05,0.8695652173913043
36537,2,6,499,10000,1,0,0.0001,0.0001505,5.0499999999999994e-05,0.6644518272425249
36539,1,4,499,10000,47,0,0.0047,0.0044588,0.00024120000000000044,1.054095272270566
36819,2,6,499,10000,1,0,0.0001,0.0001939,9.389999999999999e-05,0.515729757607014
36951,2,6,499,10000,2,0,0.0002,0.0001791,2.090000000000002e-05,1.1166945840312676
36991,2,9,499,10000,5,0,0.0005,0.0006393,0.00013929999999999997,0.782105427811669
37077,1,9,499,10000,547,0,0.0547,0.0581971,0.003497100000000003,0.9399093769277163
37078,1,10,499,10000,1390,0,0.139,0.1379732,0.0010268000000000221,1.0074420249729659
37588,2,7,499,10000,5,0,0.0005,0.0002542,0.0002458,1.966955153422502
37593,2,2,499,10000,0,1,0.0001,2.61e-05,7.390000000000001e-05,3.8314176245210727
37594,2,1,499,10000,0,1,0.0001,1.97e-05,8.03e-05,5.0761421319796955
37632,2,2,499,10000,0,1,0.0001,2.92e-05,7.08e-05,3.4246575342465753
37645,2,7,499,10000,6,0,0.0006,0.0002673,0.00033269999999999996,2.244668911335578
37646,1,4,499,10000,36,0,0.0036,0.0028016,0.0007983999999999999,1.2849800114220444
37647,2,5,499,10000,2,0,0.0002,9.75e-05,0.00010250000000000001,2.0512820512820515
37707,1,8,499,10000,368,0,0.0368,0.0368312,3.120000000000206e-05,0.9991528921132083
37708,1,7,499,10000,300,0,0.03,0.028769,0.0012309999999999995,1.0427891132816574
37845,2,9,499,10000,11,0,0.0011,0.000629,0.00047100000000000006,1.7488076311605725
37914,2,5,499,10000,2,0,0.0002,0.0001142,8.580000000000001e-05,1.7513134851138354
38219,2,7,499,10000,3,0,0.0003,0.0002493,5.0699999999999986e-05,1.2033694344163657
38455,2,2,499,10000,0,1,0.0001,3.32e-05,6.68e-05,3.0120481927710845
38524,1,10,499,10000,1705,0,0.1705,0.1707412,0.00024119999999999697,0.998587335686993
38753,2,7,499,10000,4,0,0.0004,0.0003011,9.890000000000002e-05,1.328462304882099
38759,1,9,499,10000,866,0,0.0866,0.0869037,0.00030370000000000397,0.996505327160984
38941,2,1,499,10000,0,1,0.0001,2.25e-05,7.75e-05,4.444444444444445
39055,1,7,499,10000,217,0,0.0217,0.0203896,0.0013103999999999998,1.0642680582257622
39112,2,2,499,10000,1,0,0.0001,2.73e-05,7.27e-05,3.6630036630036633
39273,1,10,499,10000,1390,0,0.139,0.1379732,0.0010268000000000221,1.0074420249729659
39300,1,4,499,10000,43,0,0.0043,0.0033679,0.0009320999999999999,1.2767599988123162
39305,2,1,499,10000,0,1,0.0001,1.97e-05,8.03e-05,5.0761421319796955
39666,2,1,499,10000,0,1,0.0001,1.34e-05,8.66e-05,7.462686567164179
39873,2,6,499,10000,3,0,0.0003,0.0001863,0.00011369999999999997,1.610305958132045
40104,2,8,499,10000,0,1,0.0001,0.0003817,0.0002817,0.26198585276395076
40560,1,5,499,10000,74,0,0.0074,0.0073,0.00010000000000000026,1.0136986301369864
40706,2,5,499,10000,4,0,0.0004,9.35e-05,0.0003065,4.278074866310161
40711,2,8,499,10000,7,0,0.0007,0.0004718,0.00022820000000000002,1.483679525222552
40865,2,1,499,10000,0,1,0.0001,1.98e-05,8.02e-05,5.050505050505051
40923,1,4,499,10000,36,0,0.0036,0.0029648,0.0006351999999999998,1.2142471667566108
40926,1,9,499,10000,1027,0,0.1027,0.0991156,0.0035844000000000015,1.0361638329385081
41544,2,8,499,10000,3,0,0.0003,0.0004637,0.00016370000000000002,0.6469700237222341
41546,2,10,499,10000,17,0,0.0017,0.0012055,0.0004944999999999999,1.4102032351721276
41551,2,7,499,10000,5,0,0.0005,0.0003318,0.00016820000000000002,1.5069318866787222
41891,2,3,499,10000,0,1,0.0001,5.28e-05,4.72e-05,1.893939393939394
41896,2,8,499,10000,4,0,0.0004,0.0004261,2.6099999999999984e-05,0.9387467730579676
42017,1,6,499,10000,145,0,0.0145,0.0145691,6.909999999999902e-05,0.9952570852008704
42117,1,3,499,10000,23,0,0.0023,0.0023858,8.580000000000003e-05,0.9640372202196328
42182,1,10,499,10000,1705,0,0.1705,0.1707412,0.00024119999999999697,0.998587335686993
42419,1,10,499,10000,1705,0,0.1705,0.1707412,0.00024119999999999697,0.998587335686993
42529,2,5,499,10000,0,1,0.0001,0.000106,5.999999999999997e-06,0.9433962264150944
42543,1,3,499,10000,25,0,0.0025,0.0018113,0.0006887,1.3802241484017004
42748,1,9,499,10000,1027,0,0.1027,0.0991156,0.0035844000000000015,1.0361638329385081
42852,2,6,499,10000,0,1,0.0001,0.0002027,0.00010269999999999999,0.49333991119881604
42895,2,4,499,10000,0,1,0.0001,6.16e-05,3.84e-05,1.6233766233766234
42947,2,1,499,10000,0,1,0.0001,2.35e-05,7.65e-05,4.255319148936171
43020,1,8,499,10000,500,0,0.05,0.0508944,0.0008943999999999966,0.9824263573202553
43059,2,1,499,10000,0,1,0.0001,1.41e-05,8.59e-05,7.092198581560284
43071,2,6,499,10000,0,1,0.0001,0.0001883,8.829999999999999e-05,0.5310674455655868
43300,1,5,499,10000,98,0,0.0098,0.0086892,0.0011108000000000003,1.1278368549463702
43367,2,7,499,10000,4,0,0.0004,0.0003147,8.530000000000001e-05,1.271051795360661
43446,1,9,499,10000,709,0,0.0709,0.0705726,0.00032740000000000546,1.0046391942481927
43841,1,10,499,10000,1390,0,0.139,0.1379732,0.0010268000000000221,1.0074420249729659
43847,1,4,499,10000,40,0,0.004,0.0048896,0.0008895999999999999,0.8180628272251309
43849,1,2,499,10000,2,0,0.0002,9.89e-05,0.0001011,2.0222446916076846
43931,1,5,499,10000,98,0,0.0098,0.0086892,0.0011108000000000003,1.1278368549463702
43935,1,9,499,10000,1027,0,0.1027,0.0991156,0.0035844000000000015,1.0361638329385081
44019,1,4,499,10000,21,0,0.0021,0.0031804,0.0010804,0.6602943026034461
44146,2,10,499,10000,24,0,0.0024,0.0018291,0.0005708999999999998,1.3121207151057896
44148,2,5,499,10000,2,0,0.0002,9.56e-05,0.0001044,2.092050209205021
44211,1,1,499,10000,0,1,0.0001,9.2e-06,9.080000000000001e-05,10.869565217391305
44219,1,9,499,10000,1027,0,0.1027,0.0991156,0.0035844000000000015,1.0361638329385081
44548,1,5,499,10000,69,0,0.0069,0.0058954,0.0010045999999999996,1.1704040438307832
44631,2,4,499,10000,0,1,0.0001,6.11e-05,3.890000000000001e-05,1.6366612111292964
44634,2,1,499,10000,0,1,0.0001,1.93e-05,8.070000000000001e-05,5.181347150259067
45233,1,5,499,10000,52,0,0.0052,0.0055809,0.0003809,0.9317493594223154
45242,1,8,499,10000,500,0,0.05,0.0508944,0.0008943999999999966,0.9824263573202553
45426,1,9,499,10000,1027,0,0.1027,0.0991156,0.0035844000000000015,1.0361638329385081
45430,2,5,499,10000,0,1,0.0001,0.0001281,2.8099999999999992e-05,0.7806401249024201
45432,2,3,499,10000,1,0,0.0001,4.68e-05,5.3200000000000006e-05,2.1367521367521367
45670,1,2,499,10000,0,1,0.0001,7.3e-05,2.7000000000000006e-05,1.3698630136986303
45673,2,5,499,10000,0,1,0.0001,9.87e-05,1.3000000000000045e-06,1.0131712259371835
45674,1,6,499,10000,154,0,0.0154,0.0137207,0.0016792999999999999,1.1223917147084332
45874,1,3,499,10000,22,0,0.0022,0.0021103,8.970000000000028e-05,1.042505804861868
46181,1,2,499,10000,11,0,0.0011,0.0009098,0.00019020000000000007,1.2090569355902396
46424,2,6,499,10000,4,0,0.0004,0.0002152,0.00018480000000000002,1.858736059479554
46469,2,10,499,10000,21,0,0.0021,0.001583,0.0005169999999999999,1.326595072646873
47345,2,3,499,10000,0,1,0.0001,4.34e-05,5.660000000000001e-05,2.3041474654377883
47391,1,8,499,10000,368,0,0.0368,0.0368312,3.120000000000206e-05,0.9991528921132083
47515,1,6,499,10000,100,0,0.01,0.0110695,0.0010694999999999993,0.9033831699715434
47792,2,1,499,10000,0,1,0.0001,2.1e-05,7.900000000000001e-05,4.761904761904763
47806,1,7,499,10000,189,0,0.0189,0.0180512,0.0008488000000000002,1.0470218046445665
47879,1,10,499,10000,1137,0,0.1137,0.1133362,0.00036379999999999746,1.003209918807936
48312,1,3,499,10000,16,0,0.0016,0.0018553,0.00025529999999999997,0.8623942219587128
48411,2,7,499,10000,4,0,0.0004,0.0003227,7.730000000000004e-05,1.2395413696932136
48503,2,4,499,10000,0,1,0.0001,9.03e-05,9.700000000000005e-06,1.1074197120708749
48506,1,1,499,10000,0,1,0.0001,1.32e-05,8.680000000000001e-05,7.575757575757576
48710,1,10,499,10000,1276,0,0.1276,0.123527,0.004072999999999993,1.0329725485116614
48728,1,7,499,10000,217,0,0.0217,0.0203896,0.0013103999999999998,1.0642680582257622
48839,2,8,499,10000,2,0,0.0002,0.0003665,0.0001665,0.5457025920873124
49040,2,5,499,10000,4,0,0.0004,0.0001035,0.0002965,3.8647342995169085
49042,1,7,499,10000,254,0,0.0254,0.0266844,0.0012844000000000015,0.9518670084393878
49055,1,2,499,10000,4,0,0.0004,0.0008835,0.00048349999999999993,0.45274476513865314
49082,1,1,499,10000,1,0,0.0001,1.56e-05,8.44e-05,6.410256410256411
49160,1,8,499,10000,368,0,0.0368,0.0368312,3.120000000000206e-05,0.9991528921132083
49161,1,9,499,10000,751,0,0.0751,0.0805928,0.005492800000000006,0.9318450283400005
49216,2,10,499,10000,22,0,0.0022,0.0015918,0.0006082000000000001,1.3820831762784271
49227,2,1,499,10000,0,1,0.0001,2.16e-05,7.840000000000001e-05,4.62962962962963
49418,2,2,499,10000,1,0,0.0001,2.73e-05,7.27e-05,3.6630036630036633
49555,2,9,499,10000,8,0,0.0008,0.0006154,0.00018460000000000004,1.2999675008124798
49558,2,4,499,10000,0,1,0.0001,9.16e-05,8.400000000000001e-06,1.091703056768559
49591,2,10,499,10000,22,0,0.0022,0.0017584,0.0004416000000000001,1.251137397634213
49765,2,8,499,10000,6,0,0.0006,0.0004877,0.00011229999999999996,1.2302645068689768
49853,1,5,499,10000,69,0,0.0069,0.0058954,0.0010045999999999996,1.1704040438307832
50032,2,1,499,10000,0,1,0.0001,1.15e-05,8.850000000000001e-05,8.695652173913043
50036,1,3,499,10000,25,0,0.0025,0.0021985,0.0003015000000000001,1.137138958380714
50240,2,3,499,10000,0,1,0.0001,4.69e-05,5.31e-05,2.1321961620469083
50252,1,1,499,10000,0,1,0.0001,1.72e-05,8.280000000000001e-05,5.813953488372093
50253,1,6,499,10000,100,0,0.01,0.0110695,0.0010694999999999993,0.9033831699715434
50559,2,1,499,10000,0,1,0.0001,1.51e-05,8.49e-05,6.622516556291392
50827,1,6,499,10000,145,0,0.0145,0.0145691,6.909999999999902e-05,0.9952570852008704
50880,1,7,499,10000,254,0,0.0254,0.0266844,0.0012844000000000015,0.9518670084393878
50883,1,4,499,10000,42,0,0.0042,0.0050898,0.0008898000000000005,0.8251797713073205
50885,1,10,499,10000,1276,0,0.1276,0.123527,0.004072999999999993,1.0329725485116614
51784,1,10,499,10000,1350,0,0.135,0.1333819,0.0016181000000000112,1.012131331162624
51787,1,9,499,10000,866,0,0.0866,0.0869037,0.00030370000000000397,0.996505327160984
51889,1,6,499,10000,100,0,0.01,0.0110695,0.0010694999999999993,0.9033831699715434
51894,1,9,499,10000,709,0,0.0709,0.0705726,0.00032740000000000546,1.0046391942481927
51957,1,5,499,10000,52,0,0.0052,0.006714,0.0015140000000000006,0.7745010425975573
52127,2,4,499,10000,1,0,0.0001,7.87e-05,2.1300000000000003e-05,1.2706480304955527
52257,1,8,499,10000,368,0,0.0368,0.0368312,3.120000000000206e-05,0.9991528921132083
52259,1,10,499,10000,1390,0,0.139,0.1379732,0.0010268000000000221,1.0074420249729659
52277,1,10,499,10000,1258,0,0.1258,0.1284396,0.002639599999999992,0.9794487058508435
52284,2,3,499,10000,0,1,0.0001,4.49e-05,5.5100000000000004e-05,2.2271714922048997
52286,1,1,499,10000,0,1,0.0001,1.21e-05,8.790000000000001e-05,8.264462809917356
52341,1,5,499,10000,69,0,0.0069,0.0058954,0.0010045999999999996,1.1704040438307832
52360,1,8,499,10000,368,0,0.0368,0.0368312,3.120000000000206e-05,0.9991528921132083
52488,1,2,499,10000,1,0,0.0001,2.9e-05,7.1e-05,3.4482758620689657
52651,2,2,499,10000,0,1,0.0001,3.15e-05,6.850000000000001e-05,3.174603174603175
52658,1,5,499,10000,98,0,0.0098,0.0086892,0.0011108000000000003,1.1278368549463702
52710,2,7,499,10000,5,0,0.0005,0.0002777,0.00022230000000000004,1.8005041411595248
52712,1,1,499,10000,0,1,0.0001,1.16e-05,8.840000000000001e-05,8.620689655172413
52791,1,1,499,10000,0,1,0.0001,1.48e-05,8.520000000000001e-05,6.756756756756757
52965,1,3,499,10000,11,0,0.0011,0.0026681,0.0015681,0.4122784003598066
53028,2,4,499,10000,2,0,0.0002,8.99e-05,0.0001101,2.2246941045606228
53121,1,1,499,10000,0,1,0.0001,1.8e-05,8.2e-05,5.555555555555555
53197,2,5,499,10000,1,0,0.0001,0.0001389,3.889999999999998e-05,0.7199424046076315
53349,2,10,499,10000,16,0,0.0016,0.0017747,0.00017469999999999986,0.901560827182059
53351,1,8,499,10000,500,0,0.05,0.0508944,0.0008943999999999966,0.9824263573202553
53357,1,2,499,10000,2,0,0.0002,0.0004103,0.0002103,0.48744820862783333
53586,2,4,499,10000,2,0,0.0002,6.77e-05,0.00013230000000000002,2.954209748892171
53714,1,5,499,10000,98,0,0.0098,0.0086892,0.0011108000000000003,1.1278368549463702
53763,1,4,499,10000,40,0,0.004,0.0039045,9.55000000000001e-05,1.0244589576130108
53773,1,2,499,10000,15,0,0.0015,0.0008198,0.0006802,1.8297145645279338
53811,2,2,499,10000,0,1,0.0001,2.69e-05,7.31e-05,3.717472118959108
54201,1,1,499,10000,0,1,0.0001,1.53e-05,8.47e-05,6.535947712418301
54350,1,10,499,10000,1137,0,0.1137,0.1133362,0.00036379999999999746,1.003209918807936
54474,2,4,499,10000,0,1,0.0001,6.54e-05,3.46e-05,1.529051987767584
54536,2,6,499,10000,7,0,0.0007,0.000164,0.000536,4.2682926829268295
54538,2,4,499,10000,0,1,0.0001,9.08e-05,9.200000000000007e-06,1.1013215859030838
54802,2,1,499,10000,0,1,0.0001,2.29e-05,7.71e-05,4.366812227074236
54880,2,7,499,10000,5,0,0.0005,0.0002663,0.0002337,1.8775816748028538
54881,2,6,499,10000,2,0,0.0002,0.0001862,1.380000000000001e-05,1.0741138560687433
54882,1,5,499,10000,69,0,0.0069,0.0058954,0.0010045999999999996,1.1704040438307832
55084,1,9,499,10000,709,0,0.0709,0.0705726,0.00032740000000000546,1.0046391942481927
55117,2,5,499,10000,0,1,0.0001,0.0001128,1.28e-05,0.8865248226950355
55378,1,9,499,10000,547,0,0.0547,0.0581971,0.003497100000000003,0.9399093769277163
56029,2,4,499,10000,0,1,0.0001,6.38e-05,3.62e-05,1.567398119122257
56039,2,9,499,10000,6,0,0.0006,0.000609,9.000000000000002e-06,0.9852216748768473
56045,1,3,499,10000,13,0,0.0013,0.0016937,0.0003937000000000001,0.7675503335891835
56133,1,4,499,10000,36,0,0.0036,0.0029648,0.0006351999999999998,1.2142471667566108
56148,2,2,499,10000,1,0,0.0001,2.75e-05,7.25e-05,3.6363636363636362
56152,2,8,499,10000,3,0,0.0003,0.0005218,0.00022180000000000002,0.5749329244921425
56211,2,5,499,10000,0,1,0.0001,9.96e-05,4.000000000000097e-07,1.0040160642570282
56267,1,3,499,10000,20,0,0.002,0.0017832,0.00021680000000000007,1.1215791834903543
56418,2,8,499,10000,3,0,0.0003,0.0004124,0.00011240000000000002,0.7274490785645005
56675,1,3,499,10000,13,0,0.0013,0.001719,0.0004190000000000001,0.7562536358347877
56685,1,5,499,10000,52,0,0.0052,0.0055809,0.0003809,0.9317493594223154
56753,2,2,499,10000,1,0,0.0001,3e-05,7.000000000000001e-05,3.3333333333333335
56973,1,10,499,10000,1390,0,0.139,0.1379732,0.0010268000000000221,1.0074420249729659
56995,2,3,499,10000,1,0,0.0001,4.12e-05,5.8800000000000006e-05,2.4271844660194177
57111,1,8,499,10000,368,0,0.0368,0.0368312,3.120000000000206e-05,0.9991528921132083
57118,2,1,499,10000,0,1,0.0001,1.59e-05,8.410000000000001e-05,6.289308176100629
57233,2,8,499,10000,7,0,0.0007,0.0003816,0.0003184,1.8343815513626833
57329,1,2,499,10000,5,0,0.0005,0.0009373,0.00043729999999999995,0.533447135388883
57429,2,5,499,10000,0,1,0.0001,0.0001317,3.17e-05,0.7593014426727411
57597,1,3,499,10000,20,0,0.002,0.0014604,0.0005396000000000001,1.3694878115584772
57697,1,9,499,10000,709,0,0.0709,0.0705726,0.00032740000000000546,1.0046391942481927
57773,2,4,499,10000,0,1,0.0001,9.15e-05,8.500000000000003e-06,1.092896174863388
57775,1,6,499,10000,100,0,0.01,0.0110695,0.0010694999999999993,0.9033831699715434
58098,2,7,499,10000,3,0,0.0003,0.0003066,6.600000000000052e-06,0.9784735812133071
58169,1,3,499,10000,36,0,0.0036,0.002141,0.0014589999999999998,1.681457262961233
58214,2,2,499,10000,0,1,0.0001,3.01e-05,6.99e-05,3.3222591362126246
58356,2,10,499,10000,21,0,0.0021,0.0014494,0.0006505999999999999,1.4488753967158823
58450,2,3,499,10000,0,1,0.0001,4.99e-05,5.0100000000000005e-05,2.0040080160320644
58460,2,5,499,10000,2,0,0.0002,0.0001206,7.94e-05,1.658374792703151
58513,1,1,499,10000,0,1,0.0001,1.3e-05,8.7e-05,7.692307692307693
58527,2,7,499,10000,1,0,0.0001,0.0003433,0.0002433,0.2912904165452957
58660,1,8,499,10000,338,0,0.0338,0.034881,0.0010810000000000056,0.9690089160287835
58661,1,9,499,10000,709,0,0.0709,0.0705726,0.00032740000000000546,1.0046391942481927
58881,2,4,499,10000,1,0,0.0001,8.27e-05,1.73e-05,1.2091898428053205
58997,1,1,499,10000,0,1,0.0001,1.05e-05,8.950000000000001e-05,9.523809523809526
59001,1,5,499,10000,74,0,0.0074,0.0063807,0.0010193000000000008,1.1597473631419752
59004,1,8,499,10000,341,0,0.0341,0.034613,0.0005129999999999996,0.9851789789963309
59005,1,9,499,10000,982,0,0.0982,0.09593,0.0022699999999999942,1.0236630876680912
59009,1,1,499,10000,1,0,0.0001,1.45e-05,8.55e-05,6.8965517241379315
59021,1,5,499,10000,74,0,0.0074,0.0073,0.00010000000000000026,1.0136986301369864
59323,1,2,499,10000,8,0,0.0008,0.0007644,3.56e-05,1.0465724751439036
59327,2,8,499,10000,1,0,0.0001,0.0004145,0.0003145,0.24125452352231605
59800,2,7,499,10000,3,0,0.0003,0.0002467,5.3299999999999995e-05,1.2160518848804216
59821,1,7,499,10000,217,0,0.0217,0.0203896,0.0013103999999999998,1.0642680582257622
59857,2,8,499,10000,1,0,0.0001,0.0003773,0.0002773,0.265041081367612
59864,1,1,499,10000,0,1,0.0001,1.28e-05,8.72e-05,7.812500000000001
60091,2,1,499,10000,0,1,0.0001,1.12e-05,8.88e-05,8.928571428571429
60273,1,7,499,10000,189,0,0.0189,0.0180512,0.0008488000000000002,1.0470218046445665
60428,1,7,499,10000,217,0,0.0217,0.0203896,0.0013103999999999998,1.0642680582257622
60452,2,1,499,10000,0,1,0.0001,1.95e-05,8.05e-05,5.128205128205129
60499,1,1,499,10000,0,1,0.0001,1.59e-05,8.410000000000001e-05,6.289308176100629
60510,1,4,499,10000,28,0,0.0028,0.0027229,7.710000000000009e-05,1.0283153990231004
60841,2,4,499,10000,0,1,0.0001,7.32e-05,2.68e-05,1.366120218579235
60842,2,7,499,10000,2,0,0.0002,0.0002906,9.06e-05,0.6882312456985548
60843,1,6,499,10000,155,0,0.0155,0.0154208,7.919999999999976e-05,1.0051359203154182
60904,2,4,499,10000,0,1,0.0001,6.45e-05,3.550000000000001e-05,1.550387596899225
61025,1,10,499,10000,1137,0,0.1137,0.1133362,0.00036379999999999746,1.003209918807936
61030,1,5,499,10000,74,0,0.0074,0.0073,0.00010000000000000026,1.0136986301369864
61327,2,6,499,10000,0,1,0.0001,0.0002075,0.0001075,0.4819277108433735
61391,1,6,499,10000,96,0,0.0096,0.0097939,0.00019390000000000032,0.9802019624460123
61652,2,3,499,10000,1,0,0.0001,4.61e-05,5.39e-05,2.1691973969631237
62066,2,6,499,10000,1,0,0.0001,0.0001842,8.42e-05,0.5428881650380022
62079,1,3,499,10000,17,0,0.0017,0.001838,0.0001380000000000001,0.9249183895538629
62119,2,2,499,10000,0,1,0.0001,2.74e-05,7.26e-05,3.649635036496351
62135,2,4,499,10000,0,1,0.0001,6.56e-05,3.440000000000001e-05,1.5243902439024393
62326,1,9,499,10000,866,0,0.0866,0.0869037,0.00030370000000000397,0.996505327160984
62421,2,2,499,10000,0,1,0.0001,3.07e-05,6.93e-05,3.257328990228013
62528,2,1,499,10000,0,1,0.0001,1.15e-05,8.850000000000001e-05,8.695652173913043
62531,2,2,499,10000,0,1,0.0001,2.8e-05,7.2e-05,3.5714285714285716
62541,1,4,499,10000,41,0,0.0041,0.0041123,1.2299999999999811e-05,0.9970089730807578
62714,2,5,499,10000,1,0,0.0001,0.0001161,1.61e-05,0.8613264427217916
62749,2,3,499,10000,0,1,0.0001,5.65e-05,4.350000000000001e-05,1.7699115044247788
62777,1,4,499,10000,33,0,0.0033,0.0030517,0.0002482999999999999,1.0813644853688107
62968,1,5,499,10000,98,0,0.0098,0.0086892,0.0011108000000000003,1.1278368549463702
63143,2,6,499,10000,3,0,0.0003,0.0001863,0.00011369999999999997,1.610305958132045
63317,2,1,499,10000,0,1,0.0001,1.05e-05,8.950000000000001e-05,9.523809523809526
63393,1,7,499,10000,226,0,0.0226,0.0236403,0.001040300000000001,0.9559946362778814
63424,2,10,499,10000,17,0,0.0017,0.0017119,1.1900000000000018e-05,0.9930486593843099
63428,1,6,499,10000,111,0,0.0111,0.0105398,0.0005602000000000003,1.0531509136795765
63459,1,4,499,10000,48,0,0.0048,0.003805,0.0009949999999999998,1.2614980289093298
63840,2,2,499,10000,0,1,0.0001,2.45e-05,7.55e-05,4.081632653061225
63850,1,8,499,10000,368,0,0.0368,0.0368312,3.120000000000206e-05,0.9991528921132083
63852,1,6,499,10000,155,0,0.0155,0.0154208,7.919999999999976e-05,1.0051359203154182
63855,2,5,499,10000,1,0,0.0001,9.37e-05,6.300000000000004e-06,1.0672358591248667
63923,1,2,499,10000,9,0,0.0009,0.0010607,0.00016069999999999995,0.8484962760441218
64001,1,3,499,10000,17,0,0.0017,0.0022354,0.0005353999999999999,0.760490292565089
64008,1,10,499,10000,1137,0,0.1137,0.1133362,0.00036379999999999746,1.003209918807936
64040,1,4,499,10000,23,0,0.0023,0.0034745,0.0011745000000000002,0.6619657504676931
64073,1,1,499,10000,0,1,0.0001,1.47e-05,8.53e-05,6.802721088435375
64081,1,2,499,10000,13,0,0.0013,0.0010617,0.00023829999999999988,1.224451351605915
64528,1,10,499,10000,1027,0,0.1027,0.0991156,0.0035844000000000015,1.0361638329385081
64768,2,4,499,10000,0,1,0.0001,7.04e-05,2.96e-05,1.4204545454545454
64782,2,2,499,10000,1,0,0.0001,3.42e-05,6.58e-05,2.923976608187135
64898,2,7,499,10000,3,0,0.0003,0.0003463,4.630000000000004e-05,0.8663008951775916
64910,2,3,499,10000,0,1,0.0001,4.24e-05,5.7600000000000004e-05,2.358490566037736
65268,1,1,499,10000,0,1,0.0001,1.45e-05,8.55e-05,6.8965517241379315
65270,2,3,499,10000,1,0,0.0001,5.4e-05,4.600000000000001e-05,1.851851851851852
65390,2,1,499,10000,0,1,0.0001,1.81e-05,8.190000000000001e-05,5.524861878453039
65482,1,4,499,10000,34,0,0.0034,0.0032957,0.00010429999999999988,1.0316472979943563
65484,1,10,499,10000,1137,0,0.1137,0.1133362,0.00036379999999999746,1.003209918807936
65669,2,10,499,10000,17,0,0.0017,0.0018248,0.0001248,0.9316089434458571
65670,1,9,499,10000,666,0,0.0666,0.0688177,0.002217699999999989,0.9677742790008967
65671,1,8,499,10000,368,0,0.0368,0.0368312,3.120000000000206e-05,0.9991528921132083
65676,1,3,499,10000,20,0,0.002,0.0026915,0.0006914999999999998,0.7430800668772061
65901,1,1,499,10000,0,1,0.0001,1.29e-05,8.71e-05,7.7519379844961245
65937,1,8,499,10000,368,0,0.0368,0.0368312,3.120000000000206e-05,0.9991528921132083
66007,1,7,499,10000,226,0,0.0226,0.0236403,0.001040300000000001,0.9559946362778814
66011,2,3,499,10000,1,0,0.0001,4.12e-05,5.8800000000000006e-05,2.4271844660194177
66041,2,6,499,10000,0,1,0.0001,0.0001978,9.78e-05,0.5055611729019212
66043,1,4,499,10000,22,0,0.0022,0.0033064,0.0011064,0.6653762400193564
66045,2,10,499,10000,23,0,0.0023,0.0015229,0.0007771,1.5102764462538578
66086,1,6,499,10000,145,0,0.0145,0.0145691,6.909999999999902e-05,0.9952570852008704
66087,2,7,499,10000,3,0,0.0003,0.0002342,6.579999999999997e-05,1.2809564474807855
66193,1,1,499,10000,1,0,0.0001,1.5e-05,8.5e-05,6.666666666666667
66298,1,2,499,10000,5,0,0.0005,0.0003421,0.0001579,1.4615609470914936
66314,2,4,499,10000,1,0,0.0001,8.34e-05,1.660000000000001e-05,1.1990407673860912
66352,2,3,499,10000,0,1,0.0001,5.84e-05,4.16e-05,1.7123287671232876
66362,2,9,499,10000,4,0,0.0004,0.0006992,0.00029919999999999995,0.5720823798627003
66426,1,9,499,10000,751,0,0.0751,0.0805928,0.005492800000000006,0.9318450283400005
66429,2,6,499,10000,2,0,0.0002,0.0001487,5.13e-05,1.3449899125756557
66763,1,3,499,10000,22,0,0.0022,0.0022433,4.330000000000002e-05,0.9806980787233094
66881,2,10,499,10000,14,0,0.0014,0.0012286,0.00017139999999999994,1.1395083835259645
66884,2,7,499,10000,1,0,0.0001,0.0002326,0.00013259999999999997,0.4299226139294927
66886,2,5,499,10000,1,0,0.0001,0.000122,2.1999999999999993e-05,0.819672131147541
66966,1,2,499,10000,13,0,0.0013,0.0005185,0.0007815,2.507232401157184
66974,1,10,499,10000,1276,0,0.1276,0.123527,0.004072999999999993,1.0329725485116614
67182,2,5,499,10000,0,1,0.0001,0.0001229,2.29e-05,0.8136696501220505
67237,2,1,499,10000,0,1,0.0001,2.3e-05,7.7e-05,4.3478260869565215
67241,1,5,499,10000,74,0,0.0074,0.0063807,0.0010193000000000008,1.1597473631419752
67660,2,6,499,10000,4,0,0.0004,0.0001884,0.00021160000000000002,2.1231422505307855
67661,1,7,499,10000,226,0,0.0226,0.0236403,0.001040300000000001,0.9559946362778814
67738,2,6,499,10000,2,0,0.0002,0.0001804,1.9600000000000016e-05,1.1086474501108647
67786,1,5,499,10000,90,0,0.009,0.0085986,0.0004013999999999997,1.0466820180029306
67830,2,10,499,10000,14,0,0.0014,0.0017619,0.00036190000000000007,0.7945967421533572
67839,1,3,499,10000,10,0,0.001,0.0015665,0.0005665,0.6383657835939994
67910,1,3,499,10000,23,0,0.0023,0.0017556,0.0005444,1.3100934153565733
68205,2,5,499,10000,1,0,0.0001,9.47e-05,5.300000000000007e-06,1.0559662090813096
68289,1,8,499,10000,272,0,0.0272,0.0296922,0.0024922,0.9160654986831558
68299,2,2,499,10000,1,0,0.0001,2.72e-05,7.280000000000001e-05,3.6764705882352944
68464,1,7,499,10000,189,0,0.0189,0.0180512,0.0008488000000000002,1.0470218046445665
68467,1,4,499,10000,37,0,0.0037,0.0030088,0.0006912000000000003,1.2297261366657806
68609,2,9,499,10000,13,0,0.0013,0.0008564,0.00044359999999999994,1.5179822512844465
68740,2,6,499,10000,0,1,0.0001,0.0001663,6.63e-05,0.6013229104028863
68745,1,3,499,10000,28,0,0.0028,0.0026356,0.00016439999999999988,1.062376688420094
68785,2,7,499,10000,5,0,0.0005,0.0002779,0.00022210000000000003,1.7992083483267365
68790,1,8,499,10000,368,0,0.0368,0.0368312,3.120000000000206e-05,0.9991528921132083
69365,2,9,499,10000,10,0,0.001,0.0007258,0.00027420000000000005,1.3777900248002206
69554,2,4,499,10000,0,1,0.0001,8.29e-05,1.710000000000001e-05,1.2062726176115803
69558,1,8,499,10000,368,0,0.0368,0.0368312,3.120000000000206e-05,0.9991528921132083
70048,2,7,499,10000,3,0,0.0003,0.0003499,4.990000000000002e-05,0.8573878250928836
70061,2,2,499,10000,1,0,0.0001,3.17e-05,6.83e-05,3.154574132492114
70365,2,5,499,10000,1,0,0.0001,0.0001403,4.029999999999999e-05,0.7127583749109052
70407,1,10,499,10000,1027,0,0.1027,0.0991156,0.0035844000000000015,1.0361638329385081
70535,2,4,499,10000,0,1,0.0001,5.92e-05,4.08e-05,1.6891891891891893
70537,1,2,499,10000,0,1,0.0001,0.0001218,2.18e-05,0.8210180623973727
70588,1,3,499,10000,33,0,0.0033,0.002457,0.000843,1.343101343101343
70995,2,1,499,10000,1,0,0.0001,2.29e-05,7.71e-05,4.366812227074236
71000,1,10,499,10000,1350,0,0.135,0.1333819,0.0016181000000000112,1.012131331162624
71005,1,7,499,10000,217,0,0.0217,0.0203896,0.0013103999999999998,1.0642680582257622
71006,2,4,499,10000,1,0,0.0001,5.87e-05,4.130000000000001e-05,1.7035775127768316
71300,2,2,499,10000,0,1,0.0001,3.35e-05,6.65e-05,2.985074626865672
71301,1,3,499,10000,24,0,0.0024,0.002205,0.00019499999999999986,1.0884353741496597
71424,1,6,499,10000,155,0,0.0155,0.0154208,7.919999999999976e-05,1.0051359203154182
71531,2,10,499,10000,29,0,0.0029,0.0021274,0.0007725999999999996,1.363166306289367
71621,2,5,499,10000,4,0,0.0004,0.0001341,0.0002659,2.982848620432513
71623,2,7,499,10000,2,0,0.0002,0.0002556,5.559999999999997e-05,0.782472613458529
71625,1,1,499,10000,0,1,0.0001,1.03e-05,8.970000000000001e-05,9.708737864077671
71797,1,10,499,10000,1390,0,0.139,0.1379732,0.0010268000000000221,1.0074420249729659
71872,2,10,499,10000,8,0,0.0008,0.0011687,0.0003686999999999999,0.6845212629417302
71879,2,5,499,10000,2,0,0.0002,0.0001356,6.440000000000002e-05,1.4749262536873158
71892,1,1,499,10000,0,1,0.0001,1.29e-05,8.71e-05,7.7519379844961245
71897,2,4,499,10000,1,0,0.0001,6.52e-05,3.4800000000000006e-05,1.5337423312883436
72205,1,2,499,10000,0,1,0.0001,1.91e-05,8.09e-05,5.235602094240838
72593,1,8,499,10000,368,0,0.0368,0.0368312,3.120000000000206e-05,0.9991528921132083
72596,2,5,499,10000,1,0,0.0001,0.0001326,3.259999999999999e-05,0.7541478129713425
72598,1,7,499,10000,183,0,0.0183,0.0176508,0.0006491999999999991,1.0367802025970494
72636,2,10,499,10000,45,0,0.0045,0.0043556,0.0001443999999999994,1.0331527229313986
72638,1,8,499,10000,368,0,0.0368,0.0368312,3.120000000000206e-05,0.9991528921132083
72659,2,9,499,10000,10,0,0.001,0.0007333,0.00026670000000000003,1.3636983499249966
72932,1,6,499,10000,96,0,0.0096,0.0097939,0.00019390000000000032,0.9802019624460123
72933,1,9,499,10000,547,0,0.0547,0.0581971,0.003497100000000003,0.9399093769277163
72941,2,1,499,10000,0,1,0.0001,1.5e-05,8.5e-05,6.666666666666667
72962,2,3,499,10000,0,1,0.0001,4.29e-05,5.7100000000000006e-05,2.331002331002331
73060,2,3,499,10000,0,1,0.0001,3.88e-05,6.12e-05,2.577319587628866
73066,1,5,499,10000,69,0,0.0069,0.0058954,0.0010045999999999996,1.1704040438307832
73265,1,5,499,10000,74,0,0.0074,0.0073,0.00010000000000000026,1.0136986301369864
73297,2,9,499,10000,11,0,0.0011,0.0007752,0.0003248000000000001,1.4189886480908154
73302,2,6,499,10000,3,0,0.0003,0.0001716,0.00012839999999999998,1.7482517482517481
73316,2,9,499,10000,11,0,0.0011,0.0007247,0.00037530000000000007,1.5178694632261627
73327,1,2,499,10000,0,1,0.0001,8.54e-05,1.4600000000000003e-05,1.17096018735363
73371,1,9,499,10000,709,0,0.0709,0.0705726,0.00032740000000000546,1.0046391942481927
73491,1,9,499,10000,547,0,0.0547,0.0581971,0.003497100000000003,0.9399093769277163
73495,2,4,499,10000,0,1,0.0001,7.8e-05,2.2000000000000006e-05,1.2820512820512822
73499,2,1,499,10000,0,1,0.0001,2.4e-05,7.6e-05,4.166666666666667
73547,2,6,499,10000,4,0,0.0004,0.0002105,0.00018950000000000003,1.9002375296912115
73555,2,8,499,10000,9,0,0.0009,0.0005383,0.00036169999999999996,1.6719301504737134
73558,2,5,499,10000,2,0,0.0002,0.0001033,9.67e-05,1.936108422071636
73671,1,3,499,10000,21,0,0.0021,0.0016927,0.00040729999999999976,1.2406214922904235
73673,1,5,499,10000,52,0,0.0052,0.006714,0.0015140000000000006,0.7745010425975573
73776,2,9,499,10000,13,0,0.0013,0.000931,0.00036899999999999997,1.3963480128893662
73787,2,2,499,10000,0,1,0.0001,3.05e-05,6.950000000000001e-05,3.278688524590164
73795,1,5,499,10000,52,0,0.0052,0.0055809,0.0003809,0.9317493594223154
73812,2,1,499,10000,0,1,0.0001,2.19e-05,7.81e-05,4.566210045662101
73814,1,3,499,10000,20,0,0.002,0.0025535,0.0005535000000000002,0.7832386919913843
73875,1,6,499,10000,98,0,0.0098,0.0086892,0.0011108000000000003,1.1278368549463702
73975,1,4,499,10000,34,0,0.0034,0.0028275,0.0005724999999999997,1.2024756852343057
74401,1,9,499,10000,709,0,0.0709,0.0705726,0.00032740000000000546,1.0046391942481927
74410,1,2,499,10000,0,1,0.0001,2.83e-05,7.170000000000001e-05,3.53356890459364
74411,1,3,499,10000,4,0,0.0004,0.0011118,0.0007118000000000001,0.3597769382982551
74524,1,8,499,10000,368,0,0.0368,0.0368312,3.120000000000206e-05,0.9991528921132083
74742,2,5,499,10000,1,0,0.0001,0.0001281,2.8099999999999992e-05,0.7806401249024201
74935,2,6,499,10000,3,0,0.0003,0.0002129,8.709999999999998e-05,1.4091122592766556
74938,1,3,499,10000,20,0,0.002,0.0016139,0.0003861000000000001,1.239234153293265
75281,2,10,499,10000,15,0,0.0015,0.0010906,0.0004094000000000001,1.3753896937465617
75283,2,8,499,10000,5,0,0.0005,0.0003693,0.00013070000000000003,1.353912808015164
75289,1,2,499,10000,0,1,0.0001,1.91e-05,8.09e-05,5.235602094240838
75356,2,5,499,10000,0,1,0.0001,0.0001359,3.589999999999999e-05,0.7358351729212657
75445,2,3,499,10000,0,1,0.0001,5.13e-05,4.8700000000000005e-05,1.9493177387914231
75489,1,10,499,10000,1954,0,0.1954,0.1915985,0.0038014999999999854,1.019840969527423
75660,2,7,499,10000,4,0,0.0004,0.0002895,0.00011050000000000003,1.3816925734024181
75817,2,8,499,10000,3,0,0.0003,0.0004341,0.0001341,0.691085003455425
75830,1,1,499,10000,0,1,0.0001,1.26e-05,8.740000000000001e-05,7.936507936507937
76183,1,1,499,10000,0,1,0.0001,1.03e-05,8.970000000000001e-05,9.708737864077671
76190,2,8,499,10000,3,0,0.0003,0.0003745,7.450000000000002e-05,0.8010680907877169
76226,2,10,499,10000,16,0,0.0016,0.0013566,0.00024340000000000017,1.1794191360754829
76235,2,3,499,10000,0,1,0.0001,5.46e-05,4.5400000000000006e-05,1.8315018315018317
76529,1,9,499,10000,852,0,0.0852,0.0851688,3.119999999999512e-05,1.0003663313326006
76593,1,1,499,10000,1,0,0.0001,1.06e-05,8.94e-05,9.433962264150944
76830,2,10,499,10000,5,0,0.0005,0.0009856,0.0004856000000000001,0.5073051948051948
76962,2,3,499,10000,1,0,0.0001,4.43e-05,5.5700000000000005e-05,2.2573363431151243
77012,2,9,499,10000,10,0,0.001,0.0007198,0.0002802,1.3892747985551541
77146,2,8,499,10000,10,0,0.001,0.0005618,0.0004382,1.7799928800284799
77150,2,4,499,10000,3,0,0.0003,7.56e-05,0.00022439999999999998,3.9682539682539684
77417,2,4,499,10000,0,1,0.0001,8.56e-05,1.4400000000000011e-05,1.1682242990654208
77668,2,4,499,10000,1,0,0.0001,6.02e-05,3.9800000000000005e-05,1.6611295681063123
77671,1,8,499,10000,272,0,0.0272,0.0296922,0.0024922,0.9160654986831558
77672,1,1,499,10000,0,1,0.0001,1.05e-05,8.950000000000001e-05,9.523809523809526
77942,1,6,499,10000,155,0,0.0155,0.0154208,7.919999999999976e-05,1.0051359203154182
77947,2,3,499,10000,0,1,0.0001,5.11e-05,4.89e-05,1.9569471624266146
78209,1,7,499,10000,254,0,0.0254,0.0266844,0.0012844000000000015,0.9518670084393878
78219,2,3,499,10000,1,0,0.0001,4.18e-05,5.8200000000000005e-05,2.3923444976076556
78474,1,4,499,10000,40,0,0.004,0.0048896,0.0008895999999999999,0.8180628272251309
78609,1,6,499,10000,154,0,0.0154,0.0137207,0.0016792999999999999,1.1223917147084332
78626,1,3,499,10000,18,0,0.0018,0.0025202,0.0007201999999999998,0.7142290294421079
78638,1,7,499,10000,189,0,0.0189,0.0180512,0.0008488000000000002,1.0470218046445665
78858,2,10,499,10000,33,0,0.0033,0.0032685,3.1499999999999844e-05,1.0096374483708122
78876,2,10,499,10000,24,0,0.0024,0.0019873,0.0004126999999999998,1.2076686962210033
78921,2,6,499,10000,4,0,0.0004,0.0002133,0.0001867,1.875293014533521
78926,2,9,499,10000,13,0,0.0013,0.0009124,0.0003876,1.4248136782113108
78929,1,8,499,10000,338,0,0.0338,0.034881,0.0010810000000000056,0.9690089160287835
78935,1,6,499,10000,100,0,0.01,0.0110695,0.0010694999999999993,0.9033831699715434
78989,1,4,499,10000,18,0,0.0018,0.0031167,0.0013167,0.5775339301183945
79088,2,4,499,10000,0,1,0.0001,6.03e-05,3.97e-05,1.658374792703151
79103,2,3,499,10000,1,0,0.0001,4.76e-05,5.2400000000000007e-05,2.100840336134454
79442,1,4,499,10000,42,0,0.0042,0.0044578,0.00025779999999999987,0.942168782807663
79474,1,10,499,10000,1390,0,0.139,0.1379732,0.0010268000000000221,1.0074420249729659
79481,2,1,499,10000,0,1,0.0001,2.29e-05,7.71e-05,4.366812227074236
79517,2,9,499,10000,8,0,0.0008,0.0008405,4.0499999999999954e-05,0.9518143961927424
79536,2,1,499,10000,1,0,0.0001,1.77e-05,8.230000000000001e-05,5.649717514124294
79546,2,10,499,10000,17,0,0.0017,0.0017119,1.1900000000000018e-05,0.9930486593843099
79549,2,4,499,10000,0,1,0.0001,7.43e-05,2.57e-05,1.3458950201884252
79556,1,1,499,10000,0,1,0.0001,1.11e-05,8.89e-05,9.00900900900901
79565,2,8,499,10000,6,0,0.0006,0.0004556,0.00014439999999999993,1.3169446883230902
79632,1,2,499,10000,6,0,0.0006,0.0005488,5.1199999999999943e-05,1.0932944606413992
79633,1,3,499,10000,37,0,0.0037,0.0021016,0.0015984000000000003,1.7605633802816902
79647,1,3,499,10000,15,0,0.0015,0.0017359,0.00023590000000000004,0.8641050751771415
79707,2,8,499,10000,6,0,0.0006,0.0003913,0.00020869999999999992,1.5333503705596727
80172,1,6,499,10000,155,0,0.0155,0.0154208,7.919999999999976e-05,1.0051359203154182
80544,2,1,499,10000,0,1,0.0001,1.51e-05,8.49e-05,6.622516556291392
80556,1,5,499,10000,74,0,0.0074,0.0081678,0.000767799999999999,0.9059967188226941
80647,2,10,499,10000,17,0,0.0017,0.0017241,2.409999999999999e-05,0.9860216924772345
81099,1,10,499,10000,1390,0,0.139,0.1379732,0.0010268000000000221,1.0074420249729659
81101,1,4,499,10000,43,0,0.0043,0.0031785,0.0011215,1.3528393896492057
81152,1,10,499,10000,1390,0,0.139,0.1379732,0.0010268000000000221,1.0074420249729659
81154,2,9,499,10000,11,0,0.0011,0.0007842,0.0003158000000000001,1.402703391991839
81156,1,6,499,10000,96,0,0.0096,0.0097939,0.00019390000000000032,0.9802019624460123
81160,2,2,499,10000,0,1,0.0001,2.65e-05,7.35e-05,3.7735849056603774
81161,1,3,499,10000,15,0,0.0015,0.0013307,0.00016930000000000005,1.1272262718869768
81223,1,3,499,10000,23,0,0.0023,0.0023858,8.580000000000003e-05,0.9640372202196328
81230,2,10,499,10000,13,0,0.0013,0.0012739,2.6100000000000038e-05,1.0204882643849595
81281,1,7,499,10000,217,0,0.0217,0.0203896,0.0013103999999999998,1.0642680582257622
81295,2,1,499,10000,0,1,0.0001,1.57e-05,8.43e-05,6.369426751592358
81458,1,2,499,10000,1,0,0.0001,3.25e-05,6.750000000000001e-05,3.0769230769230775
81518,2,4,499,10000,1,0,0.0001,6.2e-05,3.8e-05,1.6129032258064515
81769,2,7,499,10000,2,0,0.0002,0.0002682,6.82e-05,0.7457121551081283
81772,2,10,499,10000,12,0,0.0012,0.0012227,2.2700000000000064e-05,0.9814345301382187
81861,2,5,499,10000,1,0,0.0001,0.0001096,9.59999999999999e-06,0.9124087591240877
81863,2,7,499,10000,2,0,0.0002,0.0003052,0.00010519999999999998,0.6553079947575361
82003,2,6,499,10000,0,1,0.0001,0.0001434,4.3399999999999984e-05,0.697350069735007
82350,2,8,499,10000,1,0,0.0001,0.0003994,0.0002994,0.25037556334501754
82367,1,6,499,10000,98,0,0.0098,0.0086892,0.0011108000000000003,1.1278368549463702
82562,2,9,499,10000,13,0,0.0013,0.0008086,0.0004913999999999999,1.607717041800643
82569,2,2,499,10000,0,1,0.0001,2.68e-05,7.32e-05,3.7313432835820897
82750,1,10,499,10000,1258,0,0.1258,0.1284396,0.002639599999999992,0.9794487058508435
82834,1,7,499,10000,226,0,0.0226,0.0236403,0.001040300000000001,0.9559946362778814
82847,1,2,499,10000,2,0,0.0002,0.0003714,0.00017139999999999996,0.5385029617662898
82960,1,4,499,10000,44,0,0.0044,0.0048589,0.00045889999999999993,0.9055547551915043
82973,1,1,499,10000,0,1,0.0001,9.2e-06,9.080000000000001e-05,10.869565217391305
82974,1,2,499,10000,4,0,0.0004,0.0004821,8.209999999999999e-05,0.8297033810412777
83035,2,5,499,10000,1,0,0.0001,0.0001212,2.12e-05,0.8250825082508251
83232,2,10,499,10000,22,0,0.0022,0.0014755,0.0007245000000000001,1.4910199932226365
83241,1,3,499,10000,8,0,0.0008,0.0012526,0.00045259999999999994,0.6386715631486508
83563,2,7,499,10000,4,0,0.0004,0.0002646,0.00013540000000000004,1.5117157974300832
83865,1,9,499,10000,547,0,0.0547,0.0581971,0.003497100000000003,0.9399093769277163
83866,1,10,499,10000,1027,0,0.1027,0.0991156,0.0035844000000000015,1.0361638329385081
83916,2,2,499,10000,0,1,0.0001,2.56e-05,7.44e-05,3.9062500000000004
84004,1,6,499,10000,100,0,0.01,0.0110695,0.0010694999999999993,0.9033831699715434
84040,2,9,499,10000,9,0,0.0009,0.0007826,0.00011739999999999993,1.1500127779197546
84044,1,5,499,10000,74,0,0.0074,0.0081678,0.000767799999999999,0.9059967188226941
84347,1,10,499,10000,1954,0,0.1954,0.1915985,0.0038014999999999854,1.019840969527423
84438,1,6,499,10000,100,0,0.01,0.0110695,0.0010694999999999993,0.9033831699715434
84439,1,7,499,10000,217,0,0.0217,0.0203896,0.0013103999999999998,1.0642680582257622
84443,2,3,499,10000,1,0,0.0001,4e-05,6e-05,2.5
84774,1,8,499,10000,272,0,0.0272,0.0296922,0.0024922,0.9160654986831558
85203,2,6,499,10000,1,0,0.0001,0.0001944,9.44e-05,0.51440329218107
85265,2,4,499,10000,0,1,0.0001,9.26e-05,7.400000000000004e-06,1.0799136069114472
85328,1,4,499,10000,36,0,0.0036,0.0037858,0.0001858000000000003,0.9509218659200168
85334,1,10,499,10000,1705,0,0.1705,0.1707412,0.00024119999999999697,0.998587335686993
85406,2,1,499,10000,0,1,0.0001,2.04e-05,7.960000000000001e-05,4.901960784313726
85533,1,4,499,10000,28,0,0.0028,0.0027416,5.840000000000012e-05,1.0213014298220018
85535,2,6,499,10000,6,0,0.0006,0.0001535,0.00044649999999999996,3.9087947882736156
85570,2,2,499,10000,0,1,0.0001,3.57e-05,6.43e-05,2.801120448179272
85577,1,9,499,10000,547,0,0.0547,0.0581971,0.003497100000000003,0.9399093769277163
85580,1,4,499,10000,57,0,0.0057,0.0044168,0.0012832,1.290527078427821
85583,2,7,499,10000,3,0,0.0003,0.0002568,4.3199999999999966e-05,1.1682242990654204
86028,1,8,499,10000,500,0,0.05,0.0508944,0.0008943999999999966,0.9824263573202553
86029,2,9,499,10000,13,0,0.0013,0.0007754,0.0005246,1.6765540366262575
86157,1,8,499,10000,272,0,0.0272,0.0296922,0.0024922,0.9160654986831558
86324,2,8,499,10000,2,0,0.0002,0.0004712,0.0002712,0.4244482173174873
86326,1,10,499,10000,1705,0,0.1705,0.1707412,0.00024119999999999697,0.998587335686993
86388,2,9,499,10000,9,0,0.0009,0.00072,0.00017999999999999993,1.2499999999999998
86490,1,2,499,10000,9,0,0.0009,0.0003354,0.0005646,2.6833631484794274
86605,2,7,499,10000,6,0,0.0006,0.0002541,0.00034589999999999995,2.3612750885478158
86664,1,6,499,10000,155,0,0.0155,0.0154208,7.919999999999976e-05,1.0051359203154182
86682,1,10,499,10000,1137,0,0.1137,0.1133362,0.00036379999999999746,1.003209918807936
86722,2,3,499,10000,1,0,0.0001,5.79e-05,4.210000000000001e-05,1.7271157167530227
86949,1,8,499,10000,338,0,0.0338,0.034881,0.0010810000000000056,0.9690089160287835
88037,1,3,499,10000,17,0,0.0017,0.001838,0.0001380000000000001,0.9249183895538629
88046,1,8,499,10000,500,0,0.05,0.0508944,0.0008943999999999966,0.9824263573202553
88243,2,2,499,10000,1,0,0.0001,3.3e-05,6.7e-05,3.0303030303030303
88248,2,9,499,10000,13,0,0.0013,0.0008424,0.00045759999999999996,1.5432098765432098
88290,2,6,499,10000,1,0,0.0001,0.0001927,9.269999999999999e-05,0.5189413596263622
88303,2,3,499,10000,1,0,0.0001,4.19e-05,5.81e-05,2.386634844868735
88451,1,8,499,10000,368,0,0.0368,0.0368312,3.120000000000206e-05,0.9991528921132083
88456,2,3,499,10000,1,0,0.0001,5.28e-05,4.72e-05,1.893939393939394
88743,1,8,499,10000,368,0,0.0368,0.0368312,3.120000000000206e-05,0.9991528921132083
88850,1,1,499,10000,0,1,0.0001,1.81e-05,8.190000000000001e-05,5.524861878453039
88860,1,7,499,10000,300,0,0.03,0.028769,0.0012309999999999995,1.0427891132816574
89012,1,3,499,10000,16,0,0.0016,0.0014293,0.00017069999999999998,1.1194290911635065
89074,1,6,499,10000,111,0,0.0111,0.0105398,0.0005602000000000003,1.0531509136795765
89255,1,2,499,10000,4,0,0.0004,0.0007503,0.00035029999999999995,0.5331200852992137
89348,1,6,499,10000,155,0,0.0155,0.0154208,7.919999999999976e-05,1.0051359203154182
89620,1,4,499,10000,37,0,0.0037,0.0039114,0.0002113999999999996,0.9459528557549728
89626,1,2,499,10000,0,1,0.0001,2.25e-05,7.75e-05,4.444444444444445
89663,1,1,499,10000,0,1,0.0001,1.3e-05,8.7e-05,7.692307692307693
89674,2,3,499,10000,0,1,0.0001,4.36e-05,5.64e-05,2.293577981651376
89805,1,2,499,10000,0,1,0.0001,2.76e-05,7.24e-05,3.6231884057971016
89810,1,3,499,10000,13,0,0.0013,0.0019708,0.0006708,0.6596306068601583
89811,2,2,499,10000,0,1,0.0001,2.88e-05,7.120000000000001e-05,3.4722222222222228
89820,2,5,499,10000,1,0,0.0001,9.89e-05,1.0999999999999996e-06,1.0111223458038423
90113,2,10,499,10000,15,0,0.0015,0.0016486,0.00014860000000000003,0.9098629139876259
90117,2,6,499,10000,3,0,0.0003,0.0001677,0.00013229999999999996,1.7889087656529514
90253,2,1,499,10000,0,1,0.0001,1.75e-05,8.25e-05,5.714285714285715
90290,2,10,499,10000,12,0,0.0012,0.0012638,6.380000000000014e-05,0.9495173286912485
90297,2,1,499,10000,0,1,0.0001,1.95e-05,8.05e-05,5.128205128205129
90381,2,6,499,10000,1,0,0.0001,0.0001939,9.389999999999999e-05,0.515729757607014
90581,1,10,499,10000,1285,0,0.1285,0.1310314,0.002531399999999989,0.9806809665469499
90659,1,4,499,10000,39,0,0.0039,0.0046015,0.0007014999999999999,0.8475497120504184
90668,2,5,499,10000,2,0,0.0002,0.00011,9e-05,1.8181818181818181
90777,2,6,499,10000,3,0,0.0003,0.0001814,0.00011859999999999998,1.6538037486218302
90779,2,2,499,10000,0,1,0.0001,2.73e-05,7.27e-05,3.6630036630036633
90950,1,7,499,10000,217,0,0.0217,0.0203896,0.0013103999999999998,1.0642680582257622
91011,2,2,499,10000,0,1,0.0001,3.39e-05,6.610000000000001e-05,2.9498525073746316
91020,2,5,499,10000,1,0,0.0001,9.72e-05,2.8000000000000003e-06,1.02880658436214
91251,1,9,499,10000,982,0,0.0982,0.09593,0.0022699999999999942,1.0236630876680912
91328,1,7,499,10000,189,0,0.0189,0.0180512,0.0008488000000000002,1.0470218046445665
91440,2,8,499,10000,3,0,0.0003,0.0004275,0.0001275,0.7017543859649122
91585,2,10,499,10000,20,0,0.002,0.0018548,0.00014520000000000006,1.0782833728703904
91594,1,1,499,10000,0,1,0.0001,1.67e-05,8.33e-05,5.9880239520958085
91600,2,2,499,10000,0,1,0.0001,3.07e-05,6.93e-05,3.257328990228013
91613,1,7,499,10000,217,0,0.0217,0.0203896,0.0013103999999999998,1.0642680582257622
92232,2,3,499,10000,1,0,0.0001,5.1e-05,4.9000000000000005e-05,1.9607843137254903
92356,1,8,499,10000,368,0,0.0368,0.0368312,3.120000000000206e-05,0.9991528921132083
92784,2,7,499,10000,3,0,0.0003,0.000253,4.699999999999995e-05,1.185770750988142
92791,2,8,499,10000,6,0,0.0006,0.0005632,3.679999999999992e-05,1.065340909090909
93005,1,8,499,10000,368,0,0.0368,0.0368312,3.120000000000206e-05,0.9991528921132083
93084,2,1,499,10000,0,1,0.0001,2.4e-05,7.6e-05,4.166666666666667
93139,2,7,499,10000,5,0,0.0005,0.0003336,0.00016640000000000003,1.4988009592326141
93142,2,10,499,10000,14,0,0.0014,0.0009809,0.00041909999999999994,1.4272606789682944
93353,1,6,499,10000,98,0,0.0098,0.0086892,0.0011108000000000003,1.1278368549463702
93358,1,9,499,10000,709,0,0.0709,0.0705726,0.00032740000000000546,1.0046391942481927
93451,2,2,499,10000,0,1,0.0001,2.68e-05,7.32e-05,3.7313432835820897
93541,1,2,499,10000,11,0,0.0011,0.0010617,3.830000000000001e-05,1.0360742205896205
93542,2,1,499,10000,0,1,0.0001,2.25e-05,7.75e-05,4.444444444444445
93545,1,6,499,10000,111,0,0.0111,0.0105398,0.0005602000000000003,1.0531509136795765
93720,2,3,499,10000,1,0,0.0001,4.72e-05,5.28e-05,2.1186440677966103
93748,2,10,499,10000,20,0,0.002,0.0017198,0.0002802,1.1629259216187928
93756,2,2,499,10000,0,1,0.0001,2.93e-05,7.070000000000001e-05,3.4129692832764507
93762,2,8,499,10000,5,0,0.0005,0.0004088,9.12e-05,1.223091976516634
93771,2,1,499,10000,1,0,0.0001,2.32e-05,7.68e-05,4.310344827586206
93890,1,9,499,10000,982,0,0.0982,0.09593,0.0022699999999999942,1.0236630876680912
93892,2,7,499,10000,3,0,0.0003,0.0002733,2.67e-05,1.0976948408342482
93904,2,2,499,10000,0,1,0.0001,2.63e-05,7.37e-05,3.8022813688212933
94081,1,1,499,10000,0,1,0.0001,1.27e-05,8.730000000000001e-05,7.874015748031496
94089,1,9,499,10000,751,0,0.0751,0.0805928,0.005492800000000006,0.9318450283400005
94266,2,2,499,10000,0,1,0.0001,2.46e-05,7.54e-05,4.065040650406504
94291,1,4,499,10000,39,0,0.0039,0.0035202,0.0003798,1.1078915970683485
94292,2,8,499,10000,9,0,0.0009,0.0004769,0.0004231,1.887188089746278
94304,1,9,499,10000,547,0,0.0547,0.0581971,0.003497100000000003,0.9399093769277163
94312,1,1,499,10000,1,0,0.0001,1.48e-05,8.520000000000001e-05,6.756756756756757
94389,2,3,499,10000,1,0,0.0001,5.3e-05,4.7000000000000004e-05,1.8867924528301887
94392,1,6,499,10000,98,0,0.0098,0.0086892,0.0011108000000000003,1.1278368549463702
94395,1,5,499,10000,74,0,0.0074,0.0063807,0.0010193000000000008,1.1597473631419752
94633,1,9,499,10000,547,0,0.0547,0.0581971,0.003497100000000003,0.9399093769277163
94636,1,2,499,10000,4,0,0.0004,8.73e-05,0.0003127,4.581901489117985
94638,1,6,499,10000,96,0,0.0096,0.0097939,0.00019390000000000032,0.9802019624460123
94834,2,4,499,10000,0,1,0.0001,5.88e-05,4.1200000000000005e-05,1.7006802721088436
94835,2,5,499,10000,1,0,0.0001,0.0001352,3.52e-05,0.7396449704142012
95051,2,6,499,10000,2,0,0.0002,0.000165,3.500000000000001e-05,1.2121212121212122
95120,2,4,499,10000,1,0,0.0001,5.9e-05,4.100000000000001e-05,1.6949152542372883
95134,1,2,499,10000,8,0,0.0008,0.0003977,0.0004023,2.0115665074176516
95186,2,7,499,10000,5,0,0.0005,0.000242,0.000258,2.066115702479339
95188,1,9,499,10000,547,0,0.0547,0.0581971,0.003497100000000003,0.9399093769277163
95263,1,8,499,10000,368,0,0.0368,0.0368312,3.120000000000206e-05,0.9991528921132083
95603,2,1,499,10000,1,0,0.0001,2.32e-05,7.68e-05,4.310344827586206
95697,1,10,499,10000,1954,0,0.1954,0.1915985,0.0038014999999999854,1.019840969527423
95706,1,1,499,10000,0,1,0.0001,1.65e-05,8.35e-05,6.0606060606060606
95797,2,5,499,10000,2,0,0.0002,9.86e-05,0.00010140000000000001,2.028397565922921
95826,1,5,499,10000,52,0,0.0052,0.0055809,0.0003809,0.9317493594223154
95840,2,9,499,10000,3,0,0.0003,0.0007656,0.0004656,0.39184952978056425
95841,2,8,499,10000,3,0,0.0003,0.0004102,0.00011020000000000002,0.7313505607020965
95901,1,8,499,10000,272,0,0.0272,0.0296922,0.0024922,0.9160654986831558
95944,2,7,499,10000,0,1,0.0001,0.0002622,0.00016219999999999999,0.3813882532418002
95950,1,8,499,10000,272,0,0.0272,0.0296922,0.0024922,0.9160654986831558
96075,2,8,499,10000,4,0,0.0004,0.0004089,8.9e-06,0.9782342871117633
96115,2,2,499,10000,0,1,0.0001,2.6e-05,7.400000000000001e-05,3.8461538461538467
96310,2,5,499,10000,0,1,0.0001,0.0001045,4.500000000000001e-06,0.9569377990430622
96689,1,2,499,10000,3,0,0.0003,0.000217,8.299999999999998e-05,1.3824884792626728
96713,2,6,499,10000,0,1,0.0001,0.0001449,4.4899999999999994e-05,0.6901311249137336
96714,2,5,499,10000,4,0,0.0004,0.0001182,0.0002818,3.3840947546531304
97315,2,5,499,10000,1,0,0.0001,0.0001128,1.28e-05,0.8865248226950355
97316,2,10,499,10000,12,0,0.0012,0.0011605,3.949999999999982e-05,1.0340370529943987
97319,2,9,499,10000,6,0,0.0006,0.0008311,0.00023110000000000003,0.7219347852244014
97430,1,7,499,10000,155,0,0.0155,0.0154208,7.919999999999976e-05,1.0051359203154182
97698,1,2,499,10000,3,0,0.0003,0.0002133,8.669999999999997e-05,1.4064697609001404
97700,1,10,499,10000,1137,0,0.1137,0.1133362,0.00036379999999999746,1.003209918807936
97709,2,5,499,10000,2,0,0.0002,0.000109,9.1e-05,1.8348623853211008
97711,1,7,499,10000,155,0,0.0155,0.0154208,7.919999999999976e-05,1.0051359203154182
98001,1,10,499,10000,1390,0,0.139,0.1379732,0.0010268000000000221,1.0074420249729659
98007,2,4,499,10000,0,1,0.0001,6.94e-05,3.06e-05,1.440922190201729
98282,2,10,499,10000,6,0,0.0006,0.0009668,0.0003668,0.6206040546131568
98284,2,2,499,10000,0,1,0.0001,2.55e-05,7.450000000000001e-05,3.9215686274509807
98285,1,5,499,10000,52,0,0.0052,0.006714,0.0015140000000000006,0.7745010425975573
98287,1,7,499,10000,217,0,0.0217,0.0203896,0.0013103999999999998,1.0642680582257622
98325,2,3,499,10000,0,1,0.0001,5.06e-05,4.940000000000001e-05,1.9762845849802373
98560,1,6,499,10000,100,0,0.01,0.0110695,0.0010694999999999993,0.9033831699715434
98987,1,5,499,10000,74,0,0.0074,0.0081678,0.000767799999999999,0.9059967188226941
99136,2,9,499,10000,12,0,0.0012,0.0007938,0.0004061999999999999,1.511715797430083
99238,1,5,499,10000,74,0,0.0074,0.0073,0.00010000000000000026,1.0136986301369864
99239,1,4,499,10000,38,0,0.0038,0.0037554,4.460000000000011e-05,1.011876231559887
99250,1,7,499,10000,189,0,0.0189,0.0180512,0.0008488000000000002,1.0470218046445665
99683,2,4,499,10000,1,0,0.0001,6.4e-05,3.600000000000001e-05,1.5625000000000002
99984,2,3,499,10000,0,1,0.0001,3.92e-05,6.080000000000001e-05,2.5510204081632657
99985,2,3,499,10000,1,0,0.0001,4.07e-05,5.9300000000000005e-05,2.4570024570024573
99994,1,9,499,10000,500,0,0.05,0.0508944,0.0008943999999999966,0.9824263573202553
