query_id,recall,iterations,resolved_max_iterations,stop_reason,terminal_valid,terminal_pass,terminal_reject,terminal_unexpanded_pass,terminal_unexpanded_reject,expanded_pass_parents,expanded_reject_parents,candidate_attempts,candidate_evaluations,candidate_duplicate_or_full,candidate_duplicates,candidate_hash_full,passing_candidates,rejected_candidates,penalized_candidates,accumulator_observations,accumulator_insertions,graph_rows_read,predicate_probes,distance_evaluations,passing_admissions,seed_inspected_units,gt_seen_mask,output_count,hash_bitlen,small_hash_bitlen,small_hash_reset_interval,resolved_filtering_rate,reference_penalty,query_penalty,terminal_cutoff,best_unexpanded_distance,worst_retained_distance,kth_passing_raw_distance,navix_seed_found,navix_seed_iteration,navix_seed_count,navix_post_seed_iterations,navix_terminal_phase,navix_one_hop_parents,navix_directed_parents,navix_blind_parents,navix_first_hop_checks,navix_first_hop_passing,navix_bridge_rows,navix_bridge_rows_loaded,navix_bridge_rows_after_cap,navix_second_hop_checks,navix_second_hop_passing,navix_admitted_candidates,navix_cap_blocked_unique,navix_gt_first_hop_mask,navix_gt_second_hop_mask,navix_gt_admitted_mask,navix_gt_retained_mask,navix_gt_cap_blocked_mask,navix_gt_hash_full_mask,navix_gt_output_mask,navix_local_p_0,navix_local_p_1,navix_local_p_2,navix_local_p_3,navix_local_p_4,navix_local_p_5,navix_local_p_6,navix_local_p_7,navix_local_p_8,navix_local_p_9,navix_local_p_10,navix_local_p_11,navix_local_p_12,navix_local_p_13,navix_local_p_14,navix_local_p_15,navix_local_p_16,navix_local_p_17,navix_local_p_18,navix_local_p_19,navix_local_p_20,navix_local_p_21,navix_local_p_22,navix_local_p_23,navix_local_p_24,navix_local_p_25,navix_local_p_26,navix_local_p_27,navix_local_p_28,navix_local_p_29,navix_local_p_30,navix_local_p_31,navix_local_p_32,navix_local_p_33,navix_local_p_34,navix_local_p_35,navix_local_p_36,navix_local_p_37,navix_local_p_38,navix_local_p_39,navix_local_p_40,navix_local_p_41,navix_local_p_42,navix_local_p_43,navix_local_p_44,navix_local_p_45,navix_local_p_46,navix_local_p_47,navix_local_p_48,navix_local_p_49,navix_local_p_50,navix_local_p_51,navix_local_p_52,navix_local_p_53,navix_local_p_54,navix_local_p_55,navix_local_p_56,navix_local_p_57,navix_local_p_58,navix_local_p_59,navix_local_p_60,navix_local_p_61,navix_local_p_62,navix_local_p_63,navix_local_p_64,gt_first_iteration_0,gt_first_iteration_1,gt_first_iteration_2,gt_first_iteration_3,gt_first_iteration_4,gt_first_iteration_5,gt_first_iteration_6,gt_first_iteration_7,gt_first_iteration_8,gt_first_iteration_9
0,0.5,69,69,1,64,5,59,1,59,4,64,4352,2559,1793,1793,0,5,2554,0,5,5,68,2755,2687,5,0,31,5,14,0,1048576,0,0,0,inf,0.823822021,0.969787598,inf,0,0,0,0,0,0,0,0,0,0,0,0,0,0,0,0,0,0,0,0,0,0,0,31,0,0,0,0,0,0,0,0,0,0,0,0,0,0,0,0,0,0,0,0,0,0,0,0,0,0,0,0,0,0,0,0,0,0,0,0,0,0,0,0,0,0,0,0,0,0,0,0,0,0,0,0,0,0,0,0,0,0,0,0,0,0,0,0,0,6,5,8,8,8,4294967295,4294967295,4294967295,4294967295,4294967295
1,0.200000003,69,69,1,64,0,64,0,64,0,68,4352,2385,1967,1967,0,2,2383,0,2,2,68,2581,2513,2,0,3,2,14,0,1048576,0,0,0,inf,0.6690979,0.812606812,inf,0,0,0,0,0,0,0,0,0,0,0,0,0,0,0,0,0,0,0,0,0,0,0,3,0,0,0,0,0,0,0,0,0,0,0,0,0,0,0,0,0,0,0,0,0,0,0,0,0,0,0,0,0,0,0,0,0,0,0,0,0,0,0,0,0,0,0,0,0,0,0,0,0,0,0,0,0,0,0,0,0,0,0,0,0,0,0,0,0,14,29,4294967295,4294967295,4294967295,4294967295,4294967295,4294967295,4294967295,4294967295
2,0,69,69,1,64,0,64,0,64,0,68,4352,3002,1350,1350,0,0,3002,0,0,0,68,3198,3130,0,0,0,0,14,0,1048576,0,0,0,inf,0.559829712,0.688400269,inf,0,0,0,0,0,0,0,0,0,0,0,0,0,0,0,0,0,0,0,0,0,0,0,0,0,0,0,0,0,0,0,0,0,0,0,0,0,0,0,0,0,0,0,0,0,0,0,0,0,0,0,0,0,0,0,0,0,0,0,0,0,0,0,0,0,0,0,0,0,0,0,0,0,0,0,0,0,0,0,0,0,0,0,0,0,0,0,0,0,4294967295,4294967295,4294967295,4294967295,4294967295,4294967295,4294967295,4294967295,4294967295,4294967295
3,0,69,69,1,64,0,64,0,64,0,68,4352,2243,2109,2109,0,0,2243,0,0,0,68,2439,2371,0,0,0,0,14,0,1048576,0,0,0,inf,0.527664185,0.766433716,inf,0,0,0,0,0,0,0,0,0,0,0,0,0,0,0,0,0,0,0,0,0,0,0,0,0,0,0,0,0,0,0,0,0,0,0,0,0,0,0,0,0,0,0,0,0,0,0,0,0,0,0,0,0,0,0,0,0,0,0,0,0,0,0,0,0,0,0,0,0,0,0,0,0,0,0,0,0,0,0,0,0,0,0,0,0,0,0,0,0,4294967295,4294967295,4294967295,4294967295,4294967295,4294967295,4294967295,4294967295,4294967295,4294967295
4,0.699999988,69,69,1,64,5,59,0,59,5,63,4352,3277,1075,1075,0,12,3265,0,12,12,68,2942,3405,12,0,191,10,14,0,1048576,0,0,0,inf,0.976394653,1.07090759,1.38619995,0,0,0,0,0,0,0,0,0,0,0,0,0,0,0,0,0,0,0,0,0,0,0,191,0,0,0,0,0,0,0,0,0,0,0,0,0,0,0,0,0,0,0,0,0,0,0,0,0,0,0,0,0,0,0,0,0,0,0,0,0,0,0,0,0,0,0,0,0,0,0,0,0,0,0,0,0,0,0,0,0,0,0,0,0,0,0,0,0,3,4,4,4,4,14,4294967295,16,4294967295,4294967295
5,0.5,69,69,1,64,0,64,0,64,0,68,4352,3153,1199,1199,0,5,3148,0,5,5,68,3349,3281,5,0,55,5,14,0,1048576,0,0,0,inf,0.86315918,1.10116577,inf,0,0,0,0,0,0,0,0,0,0,0,0,0,0,0,0,0,0,0,0,0,0,0,55,0,0,0,0,0,0,0,0,0,0,0,0,0,0,0,0,0,0,0,0,0,0,0,0,0,0,0,0,0,0,0,0,0,0,0,0,0,0,0,0,0,0,0,0,0,0,0,0,0,0,0,0,0,0,0,0,0,0,0,0,0,0,0,0,0,30,15,5,4294967295,30,30,4294967295,4294967295,4294967295,4294967295
6,1,69,69,1,64,5,59,2,59,3,65,4352,2365,1987,1987,0,20,2345,0,15,15,68,1227,2493,20,0,1023,10,14,0,1048576,0,0,0,inf,0.505966187,0.692993164,0.648681641,0,0,0,0,0,0,0,0,0,0,0,0,0,0,0,0,0,0,0,0,0,0,0,1023,0,0,0,0,0,0,0,0,0,0,0,0,0,0,0,0,0,0,0,0,0,0,0,0,0,0,0,0,0,0,0,0,0,0,0,0,0,0,0,0,0,0,0,0,0,0,0,0,0,0,0,0,0,0,0,0,0,0,0,0,0,0,0,0,0,9,6,12,47,9,40,6,20,17,14
7,0,69,69,1,64,0,64,0,64,0,68,4352,2624,1728,1728,0,0,2624,0,0,0,68,2820,2752,0,0,0,0,14,0,1048576,0,0,0,inf,1.00328064,1.24404907,inf,0,0,0,0,0,0,0,0,0,0,0,0,0,0,0,0,0,0,0,0,0,0,0,0,0,0,0,0,0,0,0,0,0,0,0,0,0,0,0,0,0,0,0,0,0,0,0,0,0,0,0,0,0,0,0,0,0,0,0,0,0,0,0,0,0,0,0,0,0,0,0,0,0,0,0,0,0,0,0,0,0,0,0,0,0,0,0,0,0,4294967295,4294967295,4294967295,4294967295,4294967295,4294967295,4294967295,4294967295,4294967295,4294967295
8,0,69,69,1,64,0,64,0,64,0,68,4352,3313,1039,1039,0,0,3313,0,0,0,68,3509,3441,0,0,0,0,14,0,1048576,0,0,0,inf,0.908416748,0.979095459,inf,0,0,0,0,0,0,0,0,0,0,0,0,0,0,0,0,0,0,0,0,0,0,0,0,0,0,0,0,0,0,0,0,0,0,0,0,0,0,0,0,0,0,0,0,0,0,0,0,0,0,0,0,0,0,0,0,0,0,0,0,0,0,0,0,0,0,0,0,0,0,0,0,0,0,0,0,0,0,0,0,0,0,0,0,0,0,0,0,0,4294967295,4294967295,4294967295,4294967295,4294967295,4294967295,4294967295,4294967295,4294967295,4294967295
9,0.200000003,69,69,1,64,1,63,0,63,1,67,4352,3674,678,678,0,2,3672,0,2,2,68,3870,3802,2,0,3,2,14,0,1048576,0,0,0,inf,1.00541687,1.0464325,inf,0,0,0,0,0,0,0,0,0,0,0,0,0,0,0,0,0,0,0,0,0,0,0,3,0,0,0,0,0,0,0,0,0,0,0,0,0,0,0,0,0,0,0,0,0,0,0,0,0,0,0,0,0,0,0,0,0,0,0,0,0,0,0,0,0,0,0,0,0,0,0,0,0,0,0,0,0,0,0,0,0,0,0,0,0,0,0,0,0,56,57,4294967295,4294967295,4294967295,4294967295,4294967295,4294967295,4294967295,4294967295
10,0,69,69,1,64,0,64,0,64,0,68,4352,3393,959,959,0,0,3393,0,0,0,68,3589,3521,0,0,0,0,14,0,1048576,0,0,0,inf,0.823348999,0.900253296,inf,0,0,0,0,0,0,0,0,0,0,0,0,0,0,0,0,0,0,0,0,0,0,0,0,0,0,0,0,0,0,0,0,0,0,0,0,0,0,0,0,0,0,0,0,0,0,0,0,0,0,0,0,0,0,0,0,0,0,0,0,0,0,0,0,0,0,0,0,0,0,0,0,0,0,0,0,0,0,0,0,0,0,0,0,0,0,0,0,0,4294967295,4294967295,4294967295,4294967295,4294967295,4294967295,4294967295,4294967295,4294967295,4294967295
11,0.200000003,69,69,1,64,0,64,0,64,0,68,4352,2984,1368,1368,0,2,2982,0,2,2,68,3180,3112,2,0,5,2,14,0,1048576,0,0,0,inf,0.750976562,0.922668457,inf,0,0,0,0,0,0,0,0,0,0,0,0,0,0,0,0,0,0,0,0,0,0,0,5,0,0,0,0,0,0,0,0,0,0,0,0,0,0,0,0,0,0,0,0,0,0,0,0,0,0,0,0,0,0,0,0,0,0,0,0,0,0,0,0,0,0,0,0,0,0,0,0,0,0,0,0,0,0,0,0,0,0,0,0,0,0,0,0,0,21,4294967295,35,4294967295,4294967295,4294967295,4294967295,4294967295,4294967295,4294967295
12,0,69,69,1,64,0,64,0,64,0,68,4352,3953,399,399,0,0,3953,0,0,0,68,4149,4081,0,0,0,0,14,0,1048576,0,0,0,inf,1.22637939,1.27742004,inf,0,0,0,0,0,0,0,0,0,0,0,0,0,0,0,0,0,0,0,0,0,0,0,0,0,0,0,0,0,0,0,0,0,0,0,0,0,0,0,0,0,0,0,0,0,0,0,0,0,0,0,0,0,0,0,0,0,0,0,0,0,0,0,0,0,0,0,0,0,0,0,0,0,0,0,0,0,0,0,0,0,0,0,0,0,0,0,0,0,4294967295,4294967295,4294967295,4294967295,4294967295,4294967295,4294967295,4294967295,4294967295,4294967295
13,0,69,69,1,64,0,64,0,64,0,68,4352,2633,1719,1719,0,0,2633,0,0,0,68,2829,2761,0,0,0,0,14,0,1048576,0,0,0,inf,0.761550903,0.965545654,inf,0,0,0,0,0,0,0,0,0,0,0,0,0,0,0,0,0,0,0,0,0,0,0,0,0,0,0,0,0,0,0,0,0,0,0,0,0,0,0,0,0,0,0,0,0,0,0,0,0,0,0,0,0,0,0,0,0,0,0,0,0,0,0,0,0,0,0,0,0,0,0,0,0,0,0,0,0,0,0,0,0,0,0,0,0,0,0,0,0,4294967295,4294967295,4294967295,4294967295,4294967295,4294967295,4294967295,4294967295,4294967295,4294967295
14,0,69,69,1,64,0,64,0,64,0,68,4352,2335,2017,2017,0,0,2335,0,0,0,68,2531,2463,0,0,0,0,14,0,1048576,0,0,0,inf,0.685455322,0.910614014,inf,0,0,0,0,0,0,0,0,0,0,0,0,0,0,0,0,0,0,0,0,0,0,0,0,0,0,0,0,0,0,0,0,0,0,0,0,0,0,0,0,0,0,0,0,0,0,0,0,0,0,0,0,0,0,0,0,0,0,0,0,0,0,0,0,0,0,0,0,0,0,0,0,0,0,0,0,0,0,0,0,0,0,0,0,0,0,0,0,0,4294967295,4294967295,4294967295,4294967295,4294967295,4294967295,4294967295,4294967295,4294967295,4294967295
15,0,69,69,1,64,0,64,0,64,0,68,4352,1941,2411,2411,0,0,1941,0,0,0,68,2137,2069,0,0,0,0,14,0,1048576,0,0,0,inf,0.628875732,0.918930054,inf,0,0,0,0,0,0,0,0,0,0,0,0,0,0,0,0,0,0,0,0,0,0,0,0,0,0,0,0,0,0,0,0,0,0,0,0,0,0,0,0,0,0,0,0,0,0,0,0,0,0,0,0,0,0,0,0,0,0,0,0,0,0,0,0,0,0,0,0,0,0,0,0,0,0,0,0,0,0,0,0,0,0,0,0,0,0,0,0,0,4294967295,4294967295,4294967295,4294967295,4294967295,4294967295,4294967295,4294967295,4294967295,4294967295
16,0,69,69,1,64,0,64,0,64,0,68,4352,3720,632,632,0,0,3720,0,0,0,68,3916,3848,0,0,0,0,14,0,1048576,0,0,0,inf,0.742050171,0.813873291,inf,0,0,0,0,0,0,0,0,0,0,0,0,0,0,0,0,0,0,0,0,0,0,0,0,0,0,0,0,0,0,0,0,0,0,0,0,0,0,0,0,0,0,0,0,0,0,0,0,0,0,0,0,0,0,0,0,0,0,0,0,0,0,0,0,0,0,0,0,0,0,0,0,0,0,0,0,0,0,0,0,0,0,0,0,0,0,0,0,0,4294967295,4294967295,4294967295,4294967295,4294967295,4294967295,4294967295,4294967295,4294967295,4294967295
17,0,69,69,1,64,0,64,0,64,0,68,4352,3354,998,998,0,0,3354,0,0,0,68,3550,3482,0,0,0,0,14,0,1048576,0,0,0,inf,0.965393066,1.06794739,inf,0,0,0,0,0,0,0,0,0,0,0,0,0,0,0,0,0,0,0,0,0,0,0,0,0,0,0,0,0,0,0,0,0,0,0,0,0,0,0,0,0,0,0,0,0,0,0,0,0,0,0,0,0,0,0,0,0,0,0,0,0,0,0,0,0,0,0,0,0,0,0,0,0,0,0,0,0,0,0,0,0,0,0,0,0,0,0,0,0,4294967295,4294967295,4294967295,4294967295,4294967295,4294967295,4294967295,4294967295,4294967295,4294967295
18,0.300000012,69,69,1,64,0,64,0,64,0,68,4352,2530,1822,1822,0,3,2527,0,3,3,68,2726,2658,3,0,7,3,14,0,1048576,0,0,0,inf,0.649581909,0.76373291,inf,0,0,0,0,0,0,0,0,0,0,0,0,0,0,0,0,0,0,0,0,0,0,0,7,0,0,0,0,0,0,0,0,0,0,0,0,0,0,0,0,0,0,0,0,0,0,0,0,0,0,0,0,0,0,0,0,0,0,0,0,0,0,0,0,0,0,0,0,0,0,0,0,0,0,0,0,0,0,0,0,0,0,0,0,0,0,0,0,0,28,27,3,4294967295,4294967295,4294967295,4294967295,4294967295,4294967295,4294967295
19,0.200000003,69,69,1,64,0,64,0,64,0,68,4352,2545,1807,1807,0,2,2543,0,2,2,68,2741,2673,2,0,3,2,14,0,1048576,0,0,0,inf,0.652145386,0.832427979,inf,0,0,0,0,0,0,0,0,0,0,0,0,0,0,0,0,0,0,0,0,0,0,0,3,0,0,0,0,0,0,0,0,0,0,0,0,0,0,0,0,0,0,0,0,0,0,0,0,0,0,0,0,0,0,0,0,0,0,0,0,0,0,0,0,0,0,0,0,0,0,0,0,0,0,0,0,0,0,0,0,0,0,0,0,0,0,0,0,0,22,35,4294967295,4294967295,4294967295,4294967295,4294967295,4294967295,4294967295,4294967295
20,0.400000006,69,69,1,64,0,64,0,64,0,68,4352,3431,921,921,0,4,3427,0,4,4,68,3627,3559,4,0,99,4,14,0,1048576,0,0,0,inf,0.826904297,0.895446777,inf,0,0,0,0,0,0,0,0,0,0,0,0,0,0,0,0,0,0,0,0,0,0,0,99,0,0,0,0,0,0,0,0,0,0,0,0,0,0,0,0,0,0,0,0,0,0,0,0,0,0,0,0,0,0,0,0,0,0,0,0,0,0,0,0,0,0,0,0,0,0,0,0,0,0,0,0,0,0,0,0,0,0,0,0,0,0,0,0,0,19,35,4294967295,4294967295,4294967295,19,19,4294967295,4294967295,4294967295
21,0.600000024,69,69,1,64,2,62,0,62,2,66,4352,3449,903,903,0,6,3443,0,6,6,68,3645,3577,6,0,63,6,14,0,1048576,0,0,0,inf,0.905929565,0.99810791,inf,0,0,0,0,0,0,0,0,0,0,0,0,0,0,0,0,0,0,0,0,0,0,0,63,0,0,0,0,0,0,0,0,0,0,0,0,0,0,0,0,0,0,0,0,0,0,0,0,0,0,0,0,0,0,0,0,0,0,0,0,0,0,0,0,0,0,0,0,0,0,0,0,0,0,0,0,0,0,0,0,0,0,0,0,0,0,0,0,0,18,16,19,57,19,19,4294967295,4294967295,4294967295,4294967295
22,0,69,69,1,64,0,64,0,64,0,68,4352,3533,819,819,0,0,3533,0,0,0,68,3729,3661,0,0,0,0,14,0,1048576,0,0,0,inf,0.742767334,0.824554443,inf,0,0,0,0,0,0,0,0,0,0,0,0,0,0,0,0,0,0,0,0,0,0,0,0,0,0,0,0,0,0,0,0,0,0,0,0,0,0,0,0,0,0,0,0,0,0,0,0,0,0,0,0,0,0,0,0,0,0,0,0,0,0,0,0,0,0,0,0,0,0,0,0,0,0,0,0,0,0,0,0,0,0,0,0,0,0,0,0,0,4294967295,4294967295,4294967295,4294967295,4294967295,4294967295,4294967295,4294967295,4294967295,4294967295
23,0.100000001,69,69,1,64,0,64,0,64,0,68,4352,3245,1107,1107,0,1,3244,0,1,1,68,3441,3373,1,0,1,1,14,0,1048576,0,0,0,inf,0.712219238,0.810211182,inf,0,0,0,0,0,0,0,0,0,0,0,0,0,0,0,0,0,0,0,0,0,0,0,1,0,0,0,0,0,0,0,0,0,0,0,0,0,0,0,0,0,0,0,0,0,0,0,0,0,0,0,0,0,0,0,0,0,0,0,0,0,0,0,0,0,0,0,0,0,0,0,0,0,0,0,0,0,0,0,0,0,0,0,0,0,0,0,0,0,21,4294967295,4294967295,4294967295,4294967295,4294967295,4294967295,4294967295,4294967295,4294967295
24,0,69,69,1,64,0,64,0,64,0,68,4352,2554,1798,1798,0,0,2554,0,0,0,68,2750,2682,0,0,0,0,14,0,1048576,0,0,0,inf,0.815231323,0.933532715,inf,0,0,0,0,0,0,0,0,0,0,0,0,0,0,0,0,0,0,0,0,0,0,0,0,0,0,0,0,0,0,0,0,0,0,0,0,0,0,0,0,0,0,0,0,0,0,0,0,0,0,0,0,0,0,0,0,0,0,0,0,0,0,0,0,0,0,0,0,0,0,0,0,0,0,0,0,0,0,0,0,0,0,0,0,0,0,0,0,0,4294967295,4294967295,4294967295,4294967295,4294967295,4294967295,4294967295,4294967295,4294967295,4294967295
25,0,69,69,1,64,0,64,0,64,0,68,4352,3786,566,566,0,0,3786,0,0,0,68,3982,3914,0,0,0,0,14,0,1048576,0,0,0,inf,0.855194092,0.964447021,inf,0,0,0,0,0,0,0,0,0,0,0,0,0,0,0,0,0,0,0,0,0,0,0,0,0,0,0,0,0,0,0,0,0,0,0,0,0,0,0,0,0,0,0,0,0,0,0,0,0,0,0,0,0,0,0,0,0,0,0,0,0,0,0,0,0,0,0,0,0,0,0,0,0,0,0,0,0,0,0,0,0,0,0,0,0,0,0,0,0,4294967295,4294967295,4294967295,4294967295,4294967295,4294967295,4294967295,4294967295,4294967295,4294967295
26,0.899999976,69,69,1,64,5,59,2,59,3,65,4352,3016,1336,1336,0,24,2992,0,14,14,68,1725,3144,24,0,1015,10,14,0,1048576,0,0,0,inf,0.505737305,0.613006592,0.582397461,0,0,0,0,0,0,0,0,0,0,0,0,0,0,0,0,0,0,0,0,0,0,0,1015,0,0,0,0,0,0,0,0,0,0,0,0,0,0,0,0,0,0,0,0,0,0,0,0,0,0,0,0,0,0,0,0,0,0,0,0,0,0,0,0,0,0,0,0,0,0,0,0,0,0,0,0,0,0,0,0,0,0,0,0,0,0,0,0,0,7,7,16,4294967295,30,24,9,24,27,52
27,0,69,69,1,64,0,64,0,64,0,68,4352,3058,1294,1294,0,0,3058,0,0,0,68,3254,3186,0,0,0,0,14,0,1048576,0,0,0,inf,0.86680603,1.04000854,inf,0,0,0,0,0,0,0,0,0,0,0,0,0,0,0,0,0,0,0,0,0,0,0,0,0,0,0,0,0,0,0,0,0,0,0,0,0,0,0,0,0,0,0,0,0,0,0,0,0,0,0,0,0,0,0,0,0,0,0,0,0,0,0,0,0,0,0,0,0,0,0,0,0,0,0,0,0,0,0,0,0,0,0,0,0,0,0,0,0,4294967295,4294967295,4294967295,4294967295,4294967295,4294967295,4294967295,4294967295,4294967295,4294967295
28,0,69,69,1,64,0,64,0,64,0,68,4352,3524,828,828,0,0,3524,0,0,0,68,3720,3652,0,0,0,0,14,0,1048576,0,0,0,inf,0.673187256,0.841888428,inf,0,0,0,0,0,0,0,0,0,0,0,0,0,0,0,0,0,0,0,0,0,0,0,0,0,0,0,0,0,0,0,0,0,0,0,0,0,0,0,0,0,0,0,0,0,0,0,0,0,0,0,0,0,0,0,0,0,0,0,0,0,0,0,0,0,0,0,0,0,0,0,0,0,0,0,0,0,0,0,0,0,0,0,0,0,0,0,0,0,4294967295,4294967295,4294967295,4294967295,4294967295,4294967295,4294967295,4294967295,4294967295,4294967295
29,0.5,69,69,1,64,4,60,1,60,3,65,4352,2711,1641,1641,0,5,2706,0,5,5,68,2907,2839,5,0,31,5,14,0,1048576,0,0,0,inf,0.556091309,0.668960571,inf,0,0,0,0,0,0,0,0,0,0,0,0,0,0,0,0,0,0,0,0,0,0,0,31,0,0,0,0,0,0,0,0,0,0,0,0,0,0,0,0,0,0,0,0,0,0,0,0,0,0,0,0,0,0,0,0,0,0,0,0,0,0,0,0,0,0,0,0,0,0,0,0,0,0,0,0,0,0,0,0,0,0,0,0,0,0,0,0,0,3,4,4,4,3,4294967295,4294967295,4294967295,4294967295,4294967295
30,0.400000006,69,69,1,64,3,61,1,61,2,66,4352,3394,958,958,0,4,3390,0,4,4,68,3590,3522,4,0,15,4,14,0,1048576,0,0,0,inf,0.960510254,1.06521606,inf,0,0,0,0,0,0,0,0,0,0,0,0,0,0,0,0,0,0,0,0,0,0,0,15,0,0,0,0,0,0,0,0,0,0,0,0,0,0,0,0,0,0,0,0,0,0,0,0,0,0,0,0,0,0,0,0,0,0,0,0,0,0,0,0,0,0,0,0,0,0,0,0,0,0,0,0,0,0,0,0,0,0,0,0,0,0,0,0,0,4,4,6,65,4294967295,4294967295,4294967295,4294967295,4294967295,4294967295
31,0.600000024,69,69,1,64,0,64,0,64,0,68,4352,3699,653,653,0,7,3692,0,7,7,68,3895,3827,7,0,237,7,14,0,1048576,0,0,0,inf,0.878616333,0.919143677,inf,0,0,0,0,0,0,0,0,0,0,0,0,0,0,0,0,0,0,0,0,0,0,0,237,0,0,0,0,0,0,0,0,0,0,0,0,0,0,0,0,0,0,0,0,0,0,0,0,0,0,0,0,0,0,0,0,0,0,0,0,0,0,0,0,0,0,0,0,0,0,0,0,0,0,0,0,0,0,0,0,0,0,0,0,0,0,0,0,0,18,4294967295,17,14,4294967295,40,55,55,4294967295,4294967295
32,1,69,69,1,64,3,61,0,61,3,65,4352,3202,1150,1150,0,18,3184,0,17,15,68,1564,3330,18,0,1023,10,14,0,1048576,0,0,0,inf,1.19311523,1.28733826,1.40156555,0,0,0,0,0,0,0,0,0,0,0,0,0,0,0,0,0,0,0,0,0,0,0,1023,0,0,0,0,0,0,0,0,0,0,0,0,0,0,0,0,0,0,0,0,0,0,0,0,0,0,0,0,0,0,0,0,0,0,0,0,0,0,0,0,0,0,0,0,0,0,0,0,0,0,0,0,0,0,0,0,0,0,0,0,0,0,0,0,0,5,6,6,11,7,10,10,28,28,13
33,0.100000001,69,69,1,64,0,64,0,64,0,68,4352,3633,719,719,0,1,3632,0,1,1,68,3829,3761,1,0,1,1,14,0,1048576,0,0,0,inf,0.5677948,0.61038208,inf,0,0,0,0,0,0,0,0,0,0,0,0,0,0,0,0,0,0,0,0,0,0,0,1,0,0,0,0,0,0,0,0,0,0,0,0,0,0,0,0,0,0,0,0,0,0,0,0,0,0,0,0,0,0,0,0,0,0,0,0,0,0,0,0,0,0,0,0,0,0,0,0,0,0,0,0,0,0,0,0,0,0,0,0,0,0,0,0,0,13,4294967295,4294967295,4294967295,4294967295,4294967295,4294967295,4294967295,4294967295,4294967295
34,0,69,69,1,64,0,64,0,64,0,68,4352,3481,871,871,0,0,3481,0,0,0,68,3677,3609,0,0,0,0,14,0,1048576,0,0,0,inf,0.733840942,0.79800415,inf,0,0,0,0,0,0,0,0,0,0,0,0,0,0,0,0,0,0,0,0,0,0,0,0,0,0,0,0,0,0,0,0,0,0,0,0,0,0,0,0,0,0,0,0,0,0,0,0,0,0,0,0,0,0,0,0,0,0,0,0,0,0,0,0,0,0,0,0,0,0,0,0,0,0,0,0,0,0,0,0,0,0,0,0,0,0,0,0,0,4294967295,4294967295,4294967295,4294967295,4294967295,4294967295,4294967295,4294967295,4294967295,4294967295
35,0,69,69,1,64,0,64,0,64,0,68,4352,2916,1436,1436,0,0,2916,0,0,0,68,3112,3044,0,0,0,0,14,0,1048576,0,0,0,inf,0.417541504,0.482574463,inf,0,0,0,0,0,0,0,0,0,0,0,0,0,0,0,0,0,0,0,0,0,0,0,0,0,0,0,0,0,0,0,0,0,0,0,0,0,0,0,0,0,0,0,0,0,0,0,0,0,0,0,0,0,0,0,0,0,0,0,0,0,0,0,0,0,0,0,0,0,0,0,0,0,0,0,0,0,0,0,0,0,0,0,0,0,0,0,0,0,4294967295,4294967295,4294967295,4294967295,4294967295,4294967295,4294967295,4294967295,4294967295,4294967295
36,0.100000001,69,69,1,64,0,64,0,64,0,68,4352,2674,1678,1678,0,1,2673,0,1,1,68,2870,2802,1,0,1,1,14,0,1048576,0,0,0,inf,0.493057251,0.607299805,inf,0,0,0,0,0,0,0,0,0,0,0,0,0,0,0,0,0,0,0,0,0,0,0,1,0,0,0,0,0,0,0,0,0,0,0,0,0,0,0,0,0,0,0,0,0,0,0,0,0,0,0,0,0,0,0,0,0,0,0,0,0,0,0,0,0,0,0,0,0,0,0,0,0,0,0,0,0,0,0,0,0,0,0,0,0,0,0,0,0,9,4294967295,4294967295,4294967295,4294967295,4294967295,4294967295,4294967295,4294967295,4294967295
37,0,69,69,1,64,0,64,0,64,0,68,4352,3767,585,585,0,0,3767,0,0,0,68,3963,3895,0,0,0,0,14,0,1048576,0,0,0,inf,0.974151611,1.11509705,inf,0,0,0,0,0,0,0,0,0,0,0,0,0,0,0,0,0,0,0,0,0,0,0,0,0,0,0,0,0,0,0,0,0,0,0,0,0,0,0,0,0,0,0,0,0,0,0,0,0,0,0,0,0,0,0,0,0,0,0,0,0,0,0,0,0,0,0,0,0,0,0,0,0,0,0,0,0,0,0,0,0,0,0,0,0,0,0,0,0,4294967295,4294967295,4294967295,4294967295,4294967295,4294967295,4294967295,4294967295,4294967295,4294967295
38,0,69,69,1,64,0,64,0,64,0,68,4352,2988,1364,1364,0,0,2988,0,0,0,68,3184,3116,0,0,0,0,14,0,1048576,0,0,0,inf,0.94821167,1.10493469,inf,0,0,0,0,0,0,0,0,0,0,0,0,0,0,0,0,0,0,0,0,0,0,0,0,0,0,0,0,0,0,0,0,0,0,0,0,0,0,0,0,0,0,0,0,0,0,0,0,0,0,0,0,0,0,0,0,0,0,0,0,0,0,0,0,0,0,0,0,0,0,0,0,0,0,0,0,0,0,0,0,0,0,0,0,0,0,0,0,0,4294967295,4294967295,4294967295,4294967295,4294967295,4294967295,4294967295,4294967295,4294967295,4294967295
39,0,69,69,1,64,0,64,0,64,0,68,4352,3474,878,878,0,0,3474,0,0,0,68,3670,3602,0,0,0,0,14,0,1048576,0,0,0,inf,0.97744751,1.08769226,inf,0,0,0,0,0,0,0,0,0,0,0,0,0,0,0,0,0,0,0,0,0,0,0,0,0,0,0,0,0,0,0,0,0,0,0,0,0,0,0,0,0,0,0,0,0,0,0,0,0,0,0,0,0,0,0,0,0,0,0,0,0,0,0,0,0,0,0,0,0,0,0,0,0,0,0,0,0,0,0,0,0,0,0,0,0,0,0,0,0,4294967295,4294967295,4294967295,4294967295,4294967295,4294967295,4294967295,4294967295,4294967295,4294967295
40,0.200000003,69,69,1,64,1,63,0,63,1,67,4352,2804,1548,1548,0,2,2802,0,2,2,68,3000,2932,2,0,5,2,14,0,1048576,0,0,0,inf,0.770233154,0.905883789,inf,0,0,0,0,0,0,0,0,0,0,0,0,0,0,0,0,0,0,0,0,0,0,0,5,0,0,0,0,0,0,0,0,0,0,0,0,0,0,0,0,0,0,0,0,0,0,0,0,0,0,0,0,0,0,0,0,0,0,0,0,0,0,0,0,0,0,0,0,0,0,0,0,0,0,0,0,0,0,0,0,0,0,0,0,0,0,0,0,0,4,4294967295,2,4294967295,4294967295,4294967295,4294967295,4294967295,4294967295,4294967295
41,0.400000006,69,69,1,64,0,64,0,64,0,68,4352,2191,2161,2161,0,4,2187,0,4,4,68,2387,2319,4,0,15,4,14,0,1048576,0,0,0,inf,0.424850464,0.586135864,inf,0,0,0,0,0,0,0,0,0,0,0,0,0,0,0,0,0,0,0,0,0,0,0,15,0,0,0,0,0,0,0,0,0,0,0,0,0,0,0,0,0,0,0,0,0,0,0,0,0,0,0,0,0,0,0,0,0,0,0,0,0,0,0,0,0,0,0,0,0,0,0,0,0,0,0,0,0,0,0,0,0,0,0,0,0,0,0,0,0,34,12,13,42,4294967295,4294967295,4294967295,4294967295,4294967295,4294967295
42,0,69,69,1,64,0,64,0,64,0,68,4352,2458,1894,1894,0,0,2458,0,0,0,68,2654,2586,0,0,0,0,14,0,1048576,0,0,0,inf,0.872039795,1.03196716,inf,0,0,0,0,0,0,0,0,0,0,0,0,0,0,0,0,0,0,0,0,0,0,0,0,0,0,0,0,0,0,0,0,0,0,0,0,0,0,0,0,0,0,0,0,0,0,0,0,0,0,0,0,0,0,0,0,0,0,0,0,0,0,0,0,0,0,0,0,0,0,0,0,0,0,0,0,0,0,0,0,0,0,0,0,0,0,0,0,0,4294967295,4294967295,4294967295,4294967295,4294967295,4294967295,4294967295,4294967295,4294967295,4294967295
43,0.100000001,69,69,1,64,0,64,0,64,0,68,4352,2756,1596,1596,0,1,2755,0,1,1,68,2952,2884,1,0,1,1,14,0,1048576,0,0,0,inf,0.639862061,0.744262695,inf,0,0,0,0,0,0,0,0,0,0,0,0,0,0,0,0,0,0,0,0,0,0,0,1,0,0,0,0,0,0,0,0,0,0,0,0,0,0,0,0,0,0,0,0,0,0,0,0,0,0,0,0,0,0,0,0,0,0,0,0,0,0,0,0,0,0,0,0,0,0,0,0,0,0,0,0,0,0,0,0,0,0,0,0,0,0,0,0,0,22,4294967295,4294967295,4294967295,4294967295,4294967295,4294967295,4294967295,4294967295,4294967295
44,0,69,69,1,64,0,64,0,64,0,68,4352,2710,1642,1642,0,0,2710,0,0,0,68,2906,2838,0,0,0,0,14,0,1048576,0,0,0,inf,0.813735962,1.04086304,inf,0,0,0,0,0,0,0,0,0,0,0,0,0,0,0,0,0,0,0,0,0,0,0,0,0,0,0,0,0,0,0,0,0,0,0,0,0,0,0,0,0,0,0,0,0,0,0,0,0,0,0,0,0,0,0,0,0,0,0,0,0,0,0,0,0,0,0,0,0,0,0,0,0,0,0,0,0,0,0,0,0,0,0,0,0,0,0,0,0,4294967295,4294967295,4294967295,4294967295,4294967295,4294967295,4294967295,4294967295,4294967295,4294967295
45,0.5,69,69,1,64,1,63,0,63,1,67,4352,3441,911,911,0,10,3431,0,10,10,68,3615,3569,10,0,589,10,14,0,1048576,0,0,0,inf,1.16563416,1.31098938,1.84770203,0,0,0,0,0,0,0,0,0,0,0,0,0,0,0,0,0,0,0,0,0,0,0,589,0,0,0,0,0,0,0,0,0,0,0,0,0,0,0,0,0,0,0,0,0,0,0,0,0,0,0,0,0,0,0,0,0,0,0,0,0,0,0,0,0,0,0,0,0,0,0,0,0,0,0,0,0,0,0,0,0,0,0,0,0,0,0,0,0,21,4294967295,54,48,4294967295,4294967295,48,4294967295,4294967295,18
46,0.300000012,69,69,1,64,1,63,0,63,1,67,4352,2837,1515,1515,0,3,2834,0,3,3,68,3033,2965,3,0,7,3,14,0,1048576,0,0,0,inf,0.541717529,0.637481689,inf,0,0,0,0,0,0,0,0,0,0,0,0,0,0,0,0,0,0,0,0,0,0,0,7,0,0,0,0,0,0,0,0,0,0,0,0,0,0,0,0,0,0,0,0,0,0,0,0,0,0,0,0,0,0,0,0,0,0,0,0,0,0,0,0,0,0,0,0,0,0,0,0,0,0,0,0,0,0,0,0,0,0,0,0,0,0,0,0,0,9,67,67,4294967295,4294967295,4294967295,4294967295,4294967295,4294967295,4294967295
47,0,69,69,1,64,0,64,0,64,0,68,4352,3456,896,896,0,0,3456,0,0,0,68,3652,3584,0,0,0,0,14,0,1048576,0,0,0,inf,0.908294678,0.981491089,inf,0,0,0,0,0,0,0,0,0,0,0,0,0,0,0,0,0,0,0,0,0,0,0,0,0,0,0,0,0,0,0,0,0,0,0,0,0,0,0,0,0,0,0,0,0,0,0,0,0,0,0,0,0,0,0,0,0,0,0,0,0,0,0,0,0,0,0,0,0,0,0,0,0,0,0,0,0,0,0,0,0,0,0,0,0,0,0,0,0,4294967295,4294967295,4294967295,4294967295,4294967295,4294967295,4294967295,4294967295,4294967295,4294967295
48,0,69,69,1,64,0,64,0,64,0,68,4352,3347,1005,1005,0,0,3347,0,0,0,68,3543,3475,0,0,0,0,14,0,1048576,0,0,0,inf,1.19419861,1.28709412,inf,0,0,0,0,0,0,0,0,0,0,0,0,0,0,0,0,0,0,0,0,0,0,0,0,0,0,0,0,0,0,0,0,0,0,0,0,0,0,0,0,0,0,0,0,0,0,0,0,0,0,0,0,0,0,0,0,0,0,0,0,0,0,0,0,0,0,0,0,0,0,0,0,0,0,0,0,0,0,0,0,0,0,0,0,0,0,0,0,0,4294967295,4294967295,4294967295,4294967295,4294967295,4294967295,4294967295,4294967295,4294967295,4294967295
49,0.100000001,69,69,1,64,1,63,0,63,1,67,4352,2726,1626,1626,0,1,2725,0,1,1,68,2922,2854,1,0,1,1,14,0,1048576,0,0,0,inf,0.543838501,0.67829895,inf,0,0,0,0,0,0,0,0,0,0,0,0,0,0,0,0,0,0,0,0,0,0,0,1,0,0,0,0,0,0,0,0,0,0,0,0,0,0,0,0,0,0,0,0,0,0,0,0,0,0,0,0,0,0,0,0,0,0,0,0,0,0,0,0,0,0,0,0,0,0,0,0,0,0,0,0,0,0,0,0,0,0,0,0,0,0,0,0,0,5,4294967295,4294967295,4294967295,4294967295,4294967295,4294967295,4294967295,4294967295,4294967295
50,0,69,69,1,64,0,64,0,64,0,68,4352,3684,668,668,0,0,3684,0,0,0,68,3880,3812,0,0,0,0,14,0,1048576,0,0,0,inf,0.639816284,0.699691772,inf,0,0,0,0,0,0,0,0,0,0,0,0,0,0,0,0,0,0,0,0,0,0,0,0,0,0,0,0,0,0,0,0,0,0,0,0,0,0,0,0,0,0,0,0,0,0,0,0,0,0,0,0,0,0,0,0,0,0,0,0,0,0,0,0,0,0,0,0,0,0,0,0,0,0,0,0,0,0,0,0,0,0,0,0,0,0,0,0,0,4294967295,4294967295,4294967295,4294967295,4294967295,4294967295,4294967295,4294967295,4294967295,4294967295
51,0,69,69,1,64,0,64,0,64,0,68,4352,2933,1419,1419,0,0,2933,0,0,0,68,3129,3061,0,0,0,0,14,0,1048576,0,0,0,inf,0.56161499,0.65725708,inf,0,0,0,0,0,0,0,0,0,0,0,0,0,0,0,0,0,0,0,0,0,0,0,0,0,0,0,0,0,0,0,0,0,0,0,0,0,0,0,0,0,0,0,0,0,0,0,0,0,0,0,0,0,0,0,0,0,0,0,0,0,0,0,0,0,0,0,0,0,0,0,0,0,0,0,0,0,0,0,0,0,0,0,0,0,0,0,0,0,4294967295,4294967295,4294967295,4294967295,4294967295,4294967295,4294967295,4294967295,4294967295,4294967295
52,0.100000001,69,69,1,64,0,64,0,64,0,68,4352,2561,1791,1791,0,5,2556,0,5,5,68,2757,2689,5,0,1,5,14,0,1048576,0,0,0,inf,0.751998901,0.908065796,inf,0,0,0,0,0,0,0,0,0,0,0,0,0,0,0,0,0,0,0,0,0,0,0,1,0,0,0,0,0,0,0,0,0,0,0,0,0,0,0,0,0,0,0,0,0,0,0,0,0,0,0,0,0,0,0,0,0,0,0,0,0,0,0,0,0,0,0,0,0,0,0,0,0,0,0,0,0,0,0,0,0,0,0,0,0,0,0,0,0,35,4294967295,4294967295,4294967295,4294967295,4294967295,4294967295,4294967295,4294967295,4294967295
53,0.200000003,69,69,1,64,1,63,1,63,0,68,4352,2280,2072,2072,0,2,2278,0,2,2,68,2476,2408,2,0,3,2,14,0,1048576,0,0,0,inf,0.764358521,1.01567078,inf,0,0,0,0,0,0,0,0,0,0,0,0,0,0,0,0,0,0,0,0,0,0,0,3,0,0,0,0,0,0,0,0,0,0,0,0,0,0,0,0,0,0,0,0,0,0,0,0,0,0,0,0,0,0,0,0,0,0,0,0,0,0,0,0,0,0,0,0,0,0,0,0,0,0,0,0,0,0,0,0,0,0,0,0,0,0,0,0,0,22,29,4294967295,4294967295,4294967295,4294967295,4294967295,4294967295,4294967295,4294967295
54,0.200000003,69,69,1,64,0,64,0,64,0,68,4352,3659,693,693,0,2,3657,0,2,2,68,3855,3787,2,0,258,2,14,0,1048576,0,0,0,inf,0.918395996,0.976013184,inf,0,0,0,0,0,0,0,0,0,0,0,0,0,0,0,0,0,0,0,0,0,0,0,258,0,0,0,0,0,0,0,0,0,0,0,0,0,0,0,0,0,0,0,0,0,0,0,0,0,0,0,0,0,0,0,0,0,0,0,0,0,0,0,0,0,0,0,0,0,0,0,0,0,0,0,0,0,0,0,0,0,0,0,0,0,0,0,0,0,4294967295,62,4294967295,4294967295,4294967295,4294967295,4294967295,4294967295,36,4294967295
55,0.300000012,69,69,1,64,0,64,0,64,0,68,4352,2957,1395,1395,0,5,2952,0,5,5,68,3153,3085,5,0,517,5,14,0,1048576,0,0,0,inf,1.34677124,1.53919983,inf,0,0,0,0,0,0,0,0,0,0,0,0,0,0,0,0,0,0,0,0,0,0,0,517,0,0,0,0,0,0,0,0,0,0,0,0,0,0,0,0,0,0,0,0,0,0,0,0,0,0,0,0,0,0,0,0,0,0,0,0,0,0,0,0,0,0,0,0,0,0,0,0,0,0,0,0,0,0,0,0,0,0,0,0,0,0,0,0,0,18,4294967295,51,4294967295,4294967295,4294967295,4294967295,4294967295,4294967295,20
56,0.100000001,69,69,1,64,1,63,0,63,1,67,4352,2258,2094,2094,0,1,2257,0,1,1,68,2454,2386,1,0,1,1,14,0,1048576,0,0,0,inf,0.450653076,0.582321167,inf,0,0,0,0,0,0,0,0,0,0,0,0,0,0,0,0,0,0,0,0,0,0,0,1,0,0,0,0,0,0,0,0,0,0,0,0,0,0,0,0,0,0,0,0,0,0,0,0,0,0,0,0,0,0,0,0,0,0,0,0,0,0,0,0,0,0,0,0,0,0,0,0,0,0,0,0,0,0,0,0,0,0,0,0,0,0,0,0,0,3,4294967295,4294967295,4294967295,4294967295,4294967295,4294967295,4294967295,4294967295,4294967295
57,0.699999988,69,69,1,64,6,58,3,58,4,64,4352,3619,733,733,0,99,3520,0,43,37,68,1221,3747,99,0,671,10,14,0,1048576,0,0,0,inf,0.778671265,0.886383057,0.849731445,0,0,0,0,0,0,0,0,0,0,0,0,0,0,0,0,0,0,0,0,0,0,0,671,0,0,0,0,0,0,0,0,0,0,0,0,0,0,0,0,0,0,0,0,0,0,0,0,0,0,0,0,0,0,0,0,0,0,0,0,0,0,0,0,0,0,0,0,0,0,0,0,0,0,0,0,0,0,0,0,0,0,0,0,0,0,0,0,0,25,21,18,29,40,4294967295,4294967295,26,4294967295,51
58,0.699999988,69,69,1,64,1,63,0,63,1,67,4352,2319,2033,2033,0,16,2303,0,14,14,68,2044,2447,16,0,631,10,14,0,1048576,0,0,0,inf,0.536590576,0.705764771,0.860046387,0,0,0,0,0,0,0,0,0,0,0,0,0,0,0,0,0,0,0,0,0,0,0,631,0,0,0,0,0,0,0,0,0,0,0,0,0,0,0,0,0,0,0,0,0,0,0,0,0,0,0,0,0,0,0,0,0,0,0,0,0,0,0,0,0,0,0,0,0,0,0,0,0,0,0,0,0,0,0,0,0,0,0,0,0,0,0,0,0,4,21,10,4294967295,26,17,30,4294967295,4294967295,20
59,0.100000001,69,69,1,64,0,64,0,64,0,68,4352,3184,1168,1168,0,4,3180,0,6,6,68,3380,3312,4,0,64,6,14,0,1048576,0,0,0,inf,1.25984192,1.39486694,inf,0,0,0,0,0,0,0,0,0,0,0,0,0,0,0,0,0,0,0,0,0,0,0,64,0,0,0,0,0,0,0,0,0,0,0,0,0,0,0,0,0,0,0,0,0,0,0,0,0,0,0,0,0,0,0,0,0,0,0,0,0,0,0,0,0,0,0,0,0,0,0,0,0,0,0,0,0,0,0,0,0,0,0,0,0,0,0,0,0,4294967295,4294967295,4294967295,4294967295,4294967295,4294967295,47,4294967295,4294967295,4294967295
60,0.100000001,69,69,1,64,0,64,0,64,0,68,4352,2654,1698,1698,0,1,2653,0,1,1,68,2850,2782,1,0,1,1,14,0,1048576,0,0,0,inf,1.07014465,1.46990967,inf,0,0,0,0,0,0,0,0,0,0,0,0,0,0,0,0,0,0,0,0,0,0,0,1,0,0,0,0,0,0,0,0,0,0,0,0,0,0,0,0,0,0,0,0,0,0,0,0,0,0,0,0,0,0,0,0,0,0,0,0,0,0,0,0,0,0,0,0,0,0,0,0,0,0,0,0,0,0,0,0,0,0,0,0,0,0,0,0,0,9,4294967295,4294967295,4294967295,4294967295,4294967295,4294967295,4294967295,4294967295,4294967295
61,0,69,69,1,64,0,64,0,64,0,68,4352,3446,906,906,0,0,3446,0,0,0,68,3642,3574,0,0,0,0,14,0,1048576,0,0,0,inf,0.562149048,0.642181396,inf,0,0,0,0,0,0,0,0,0,0,0,0,0,0,0,0,0,0,0,0,0,0,0,0,0,0,0,0,0,0,0,0,0,0,0,0,0,0,0,0,0,0,0,0,0,0,0,0,0,0,0,0,0,0,0,0,0,0,0,0,0,0,0,0,0,0,0,0,0,0,0,0,0,0,0,0,0,0,0,0,0,0,0,0,0,0,0,0,0,4294967295,4294967295,4294967295,4294967295,4294967295,4294967295,4294967295,4294967295,4294967295,4294967295
62,0.5,69,69,1,64,0,64,0,64,0,68,4352,3139,1213,1213,0,14,3125,0,13,13,68,3148,3267,14,0,428,10,14,0,1048576,0,0,0,inf,1.08009338,1.17510986,1.53463745,0,0,0,0,0,0,0,0,0,0,0,0,0,0,0,0,0,0,0,0,0,0,0,428,0,0,0,0,0,0,0,0,0,0,0,0,0,0,0,0,0,0,0,0,0,0,0,0,0,0,0,0,0,0,0,0,0,0,0,0,0,0,0,0,0,0,0,0,0,0,0,0,0,0,0,0,0,0,0,0,0,0,0,0,0,0,0,0,0,4294967295,4294967295,44,24,4294967295,59,4294967295,16,20,4294967295
63,0,69,69,1,64,0,64,0,64,0,68,4352,3630,722,722,0,0,3630,0,0,0,68,3826,3758,0,0,0,0,14,0,1048576,0,0,0,inf,0.564285278,0.658187866,inf,0,0,0,0,0,0,0,0,0,0,0,0,0,0,0,0,0,0,0,0,0,0,0,0,0,0,0,0,0,0,0,0,0,0,0,0,0,0,0,0,0,0,0,0,0,0,0,0,0,0,0,0,0,0,0,0,0,0,0,0,0,0,0,0,0,0,0,0,0,0,0,0,0,0,0,0,0,0,0,0,0,0,0,0,0,0,0,0,0,4294967295,4294967295,4294967295,4294967295,4294967295,4294967295,4294967295,4294967295,4294967295,4294967295
64,0.300000012,69,69,1,64,0,64,0,64,0,68,4352,3101,1251,1251,0,4,3097,0,5,5,68,3297,3229,4,0,35,5,14,0,1048576,0,0,0,inf,0.850479126,0.943664551,inf,0,0,0,0,0,0,0,0,0,0,0,0,0,0,0,0,0,0,0,0,0,0,0,35,0,0,0,0,0,0,0,0,0,0,0,0,0,0,0,0,0,0,0,0,0,0,0,0,0,0,0,0,0,0,0,0,0,0,0,0,0,0,0,0,0,0,0,0,0,0,0,0,0,0,0,0,0,0,0,0,0,0,0,0,0,0,0,0,0,34,13,4294967295,4294967295,4294967295,44,4294967295,4294967295,4294967295,4294967295
65,0.600000024,69,69,1,64,1,63,1,63,0,68,4352,2814,1538,1538,0,12,2802,0,13,13,68,2798,2942,12,0,543,10,14,0,1048576,0,0,0,inf,0.720169067,0.847595215,1.07943726,0,0,0,0,0,0,0,0,0,0,0,0,0,0,0,0,0,0,0,0,0,0,0,543,0,0,0,0,0,0,0,0,0,0,0,0,0,0,0,0,0,0,0,0,0,0,0,0,0,0,0,0,0,0,0,0,0,0,0,0,0,0,0,0,0,0,0,0,0,0,0,0,0,0,0,0,0,0,0,0,0,0,0,0,0,0,0,0,0,16,3,43,43,59,4294967295,4294967295,4294967295,4294967295,28
66,1,69,69,1,64,10,54,4,54,6,62,4352,2400,1952,1952,0,69,2331,0,27,23,68,919,2528,69,0,1023,10,14,0,1048576,0,0,0,inf,0.629074097,0.756011963,0.661071777,0,0,0,0,0,0,0,0,0,0,0,0,0,0,0,0,0,0,0,0,0,0,0,1023,0,0,0,0,0,0,0,0,0,0,0,0,0,0,0,0,0,0,0,0,0,0,0,0,0,0,0,0,0,0,0,0,0,0,0,0,0,0,0,0,0,0,0,0,0,0,0,0,0,0,0,0,0,0,0,0,0,0,0,0,0,0,0,0,0,28,8,5,10,33,13,7,16,26,25
67,0.100000001,69,69,1,64,0,64,0,64,0,68,4352,3350,1002,1002,0,4,3346,0,4,4,68,3546,3478,4,0,128,4,14,0,1048576,0,0,0,inf,0.86076355,0.948257446,inf,0,0,0,0,0,0,0,0,0,0,0,0,0,0,0,0,0,0,0,0,0,0,0,128,0,0,0,0,0,0,0,0,0,0,0,0,0,0,0,0,0,0,0,0,0,0,0,0,0,0,0,0,0,0,0,0,0,0,0,0,0,0,0,0,0,0,0,0,0,0,0,0,0,0,0,0,0,0,0,0,0,0,0,0,0,0,0,0,0,4294967295,4294967295,4294967295,4294967295,4294967295,4294967295,4294967295,53,4294967295,4294967295
68,0,69,69,1,64,0,64,0,64,0,68,4352,2651,1701,1701,0,0,2651,0,0,0,68,2847,2779,0,0,0,0,14,0,1048576,0,0,0,inf,0.254379272,0.34487915,inf,0,0,0,0,0,0,0,0,0,0,0,0,0,0,0,0,0,0,0,0,0,0,0,0,0,0,0,0,0,0,0,0,0,0,0,0,0,0,0,0,0,0,0,0,0,0,0,0,0,0,0,0,0,0,0,0,0,0,0,0,0,0,0,0,0,0,0,0,0,0,0,0,0,0,0,0,0,0,0,0,0,0,0,0,0,0,0,0,0,4294967295,4294967295,4294967295,4294967295,4294967295,4294967295,4294967295,4294967295,4294967295,4294967295
69,0.800000012,69,69,1,64,3,61,0,61,3,65,4352,2338,2014,2014,0,64,2274,0,27,25,68,1035,2466,64,0,951,10,14,0,1048576,0,0,0,inf,1.06344604,1.23701477,1.22245789,0,0,0,0,0,0,0,0,0,0,0,0,0,0,0,0,0,0,0,0,0,0,0,951,0,0,0,0,0,0,0,0,0,0,0,0,0,0,0,0,0,0,0,0,0,0,0,0,0,0,0,0,0,0,0,0,0,0,0,0,0,0,0,0,0,0,0,0,0,0,0,0,0,0,0,0,0,0,0,0,0,0,0,0,0,0,0,0,0,5,7,16,4294967295,22,2,4294967295,35,12,35
70,1,69,69,1,64,15,49,4,49,11,57,4352,2746,1606,1606,0,160,2586,0,29,26,68,560,2874,160,0,1023,10,14,0,1048576,0,0,0,inf,0.543334961,0.622039795,0.529083252,0,0,0,0,0,0,0,0,0,0,0,0,0,0,0,0,0,0,0,0,0,0,0,1023,0,0,0,0,0,0,0,0,0,0,0,0,0,0,0,0,0,0,0,0,0,0,0,0,0,0,0,0,0,0,0,0,0,0,0,0,0,0,0,0,0,0,0,0,0,0,0,0,0,0,0,0,0,0,0,0,0,0,0,0,0,0,0,0,0,2,9,3,6,3,9,5,58,9,17
71,0.300000012,69,69,1,64,1,63,1,63,0,68,4352,3699,653,653,0,5,3694,0,5,5,68,3895,3827,5,0,131,5,14,0,1048576,0,0,0,inf,1.09492493,1.14813232,inf,0,0,0,0,0,0,0,0,0,0,0,0,0,0,0,0,0,0,0,0,0,0,0,131,0,0,0,0,0,0,0,0,0,0,0,0,0,0,0,0,0,0,0,0,0,0,0,0,0,0,0,0,0,0,0,0,0,0,0,0,0,0,0,0,0,0,0,0,0,0,0,0,0,0,0,0,0,0,0,0,0,0,0,0,0,0,0,0,0,29,21,4294967295,4294967295,4294967295,4294967295,4294967295,15,4294967295,4294967295
72,1,69,69,1,64,61,3,2,3,59,9,4352,2242,2110,2110,0,114,2128,0,37,26,68,700,2370,114,0,1023,10,14,0,1048576,0,0,0,inf,1.22280884,1.36183167,0.755813599,0,0,0,0,0,0,0,0,0,0,0,0,0,0,0,0,0,0,0,0,0,0,0,1023,0,0,0,0,0,0,0,0,0,0,0,0,0,0,0,0,0,0,0,0,0,0,0,0,0,0,0,0,0,0,0,0,0,0,0,0,0,0,0,0,0,0,0,0,0,0,0,0,0,0,0,0,0,0,0,0,0,0,0,0,0,0,0,0,0,8,8,8,9,8,8,7,8,8,9
73,1,69,69,1,64,26,38,8,38,18,50,4352,3132,1220,1220,0,308,2824,0,32,25,68,680,3260,308,0,1023,10,14,0,1048576,0,0,0,inf,0.814178467,0.941864014,0.760070801,0,0,0,0,0,0,0,0,0,0,0,0,0,0,0,0,0,0,0,0,0,0,0,1023,0,0,0,0,0,0,0,0,0,0,0,0,0,0,0,0,0,0,0,0,0,0,0,0,0,0,0,0,0,0,0,0,0,0,0,0,0,0,0,0,0,0,0,0,0,0,0,0,0,0,0,0,0,0,0,0,0,0,0,0,0,0,0,0,0,5,6,13,10,15,21,15,6,6,6
74,0,69,69,1,64,0,64,0,64,0,68,4352,2787,1565,1565,0,0,2787,0,0,0,68,2983,2915,0,0,0,0,14,0,1048576,0,0,0,inf,0.800720215,1.01950073,inf,0,0,0,0,0,0,0,0,0,0,0,0,0,0,0,0,0,0,0,0,0,0,0,0,0,0,0,0,0,0,0,0,0,0,0,0,0,0,0,0,0,0,0,0,0,0,0,0,0,0,0,0,0,0,0,0,0,0,0,0,0,0,0,0,0,0,0,0,0,0,0,0,0,0,0,0,0,0,0,0,0,0,0,0,0,0,0,0,0,4294967295,4294967295,4294967295,4294967295,4294967295,4294967295,4294967295,4294967295,4294967295,4294967295
75,0.200000003,69,69,1,64,0,64,0,64,0,68,4352,2701,1651,1651,0,2,2699,0,2,2,68,2897,2829,2,0,17,2,14,0,1048576,0,0,0,inf,0.632064819,0.758255005,inf,0,0,0,0,0,0,0,0,0,0,0,0,0,0,0,0,0,0,0,0,0,0,0,17,0,0,0,0,0,0,0,0,0,0,0,0,0,0,0,0,0,0,0,0,0,0,0,0,0,0,0,0,0,0,0,0,0,0,0,0,0,0,0,0,0,0,0,0,0,0,0,0,0,0,0,0,0,0,0,0,0,0,0,0,0,0,0,0,0,11,4294967295,4294967295,4294967295,32,4294967295,4294967295,4294967295,4294967295,4294967295
76,0.400000006,69,69,1,64,0,64,0,64,1,67,4352,3315,1037,1037,0,6,3309,0,6,6,68,3511,3443,6,0,519,6,14,0,1048576,0,0,0,inf,0.805236816,0.91986084,inf,0,0,0,0,0,0,0,0,0,0,0,0,0,0,0,0,0,0,0,0,0,0,0,519,0,0,0,0,0,0,0,0,0,0,0,0,0,0,0,0,0,0,0,0,0,0,0,0,0,0,0,0,0,0,0,0,0,0,0,0,0,0,0,0,0,0,0,0,0,0,0,0,0,0,0,0,0,0,0,0,0,0,0,0,0,0,0,0,0,12,12,16,4294967295,4294967295,4294967295,4294967295,4294967295,4294967295,1
77,0,69,69,1,64,0,64,0,64,0,68,4352,2788,1564,1564,0,0,2788,0,0,0,68,2984,2916,0,0,0,0,14,0,1048576,0,0,0,inf,0.46774292,0.583862305,inf,0,0,0,0,0,0,0,0,0,0,0,0,0,0,0,0,0,0,0,0,0,0,0,0,0,0,0,0,0,0,0,0,0,0,0,0,0,0,0,0,0,0,0,0,0,0,0,0,0,0,0,0,0,0,0,0,0,0,0,0,0,0,0,0,0,0,0,0,0,0,0,0,0,0,0,0,0,0,0,0,0,0,0,0,0,0,0,0,0,4294967295,4294967295,4294967295,4294967295,4294967295,4294967295,4294967295,4294967295,4294967295,4294967295
78,0.300000012,69,69,1,64,0,64,0,64,0,68,4352,2778,1574,1574,0,4,2774,0,4,4,68,2974,2906,4,0,517,4,14,0,1048576,0,0,0,inf,0.889144897,1.10374451,inf,0,0,0,0,0,0,0,0,0,0,0,0,0,0,0,0,0,0,0,0,0,0,0,517,0,0,0,0,0,0,0,0,0,0,0,0,0,0,0,0,0,0,0,0,0,0,0,0,0,0,0,0,0,0,0,0,0,0,0,0,0,0,0,0,0,0,0,0,0,0,0,0,0,0,0,0,0,0,0,0,0,0,0,0,0,0,0,0,0,60,4294967295,57,4294967295,4294967295,4294967295,4294967295,4294967295,4294967295,30
79,0.100000001,69,69,1,64,0,64,0,64,0,68,4352,3261,1091,1091,0,2,3259,0,2,2,68,3457,3389,2,0,8,2,14,0,1048576,0,0,0,inf,1.19015503,1.35919189,inf,0,0,0,0,0,0,0,0,0,0,0,0,0,0,0,0,0,0,0,0,0,0,0,8,0,0,0,0,0,0,0,0,0,0,0,0,0,0,0,0,0,0,0,0,0,0,0,0,0,0,0,0,0,0,0,0,0,0,0,0,0,0,0,0,0,0,0,0,0,0,0,0,0,0,0,0,0,0,0,0,0,0,0,0,0,0,0,0,0,4294967295,4294967295,4294967295,47,4294967295,4294967295,4294967295,4294967295,4294967295,4294967295
80,0,69,69,1,64,0,64,0,64,0,68,4352,3142,1210,1210,0,0,3142,0,0,0,68,3338,3270,0,0,0,0,14,0,1048576,0,0,0,inf,0.884094238,1.0002594,inf,0,0,0,0,0,0,0,0,0,0,0,0,0,0,0,0,0,0,0,0,0,0,0,0,0,0,0,0,0,0,0,0,0,0,0,0,0,0,0,0,0,0,0,0,0,0,0,0,0,0,0,0,0,0,0,0,0,0,0,0,0,0,0,0,0,0,0,0,0,0,0,0,0,0,0,0,0,0,0,0,0,0,0,0,0,0,0,0,0,4294967295,4294967295,4294967295,4294967295,4294967295,4294967295,4294967295,4294967295,4294967295,4294967295
81,0.300000012,69,69,1,64,1,63,0,63,1,67,4352,2876,1476,1476,0,3,2873,0,3,3,68,3072,3004,3,0,19,3,14,0,1048576,0,0,0,inf,1.30990601,1.55001831,inf,0,0,0,0,0,0,0,0,0,0,0,0,0,0,0,0,0,0,0,0,0,0,0,19,0,0,0,0,0,0,0,0,0,0,0,0,0,0,0,0,0,0,0,0,0,0,0,0,0,0,0,0,0,0,0,0,0,0,0,0,0,0,0,0,0,0,0,0,0,0,0,0,0,0,0,0,0,0,0,0,0,0,0,0,0,0,0,0,0,26,40,4294967295,4294967295,16,4294967295,4294967295,4294967295,4294967295,4294967295
82,1,69,69,1,64,6,58,4,58,2,66,4352,3337,1015,1015,0,28,3309,0,20,17,68,2136,3465,28,0,1023,10,14,0,1048576,0,0,0,inf,1.24320984,1.36927795,1.45664978,0,0,0,0,0,0,0,0,0,0,0,0,0,0,0,0,0,0,0,0,0,0,0,1023,0,0,0,0,0,0,0,0,0,0,0,0,0,0,0,0,0,0,0,0,0,0,0,0,0,0,0,0,0,0,0,0,0,0,0,0,0,0,0,0,0,0,0,0,0,0,0,0,0,0,0,0,0,0,0,0,0,0,0,0,0,0,0,0,0,18,6,3,47,7,67,2,45,3,45
83,0.300000012,69,69,1,64,2,62,0,62,2,66,4352,3428,924,924,0,5,3423,0,5,5,68,3624,3556,5,0,35,5,14,0,1048576,0,0,0,inf,0.967773438,1.07476807,inf,0,0,0,0,0,0,0,0,0,0,0,0,0,0,0,0,0,0,0,0,0,0,0,35,0,0,0,0,0,0,0,0,0,0,0,0,0,0,0,0,0,0,0,0,0,0,0,0,0,0,0,0,0,0,0,0,0,0,0,0,0,0,0,0,0,0,0,0,0,0,0,0,0,0,0,0,0,0,0,0,0,0,0,0,0,0,0,0,0,8,8,4294967295,4294967295,4294967295,58,4294967295,4294967295,4294967295,4294967295
84,0,69,69,1,64,0,64,0,64,0,68,4352,3338,1014,1014,0,0,3338,0,0,0,68,3534,3466,0,0,0,0,14,0,1048576,0,0,0,inf,1.18029785,1.28530884,inf,0,0,0,0,0,0,0,0,0,0,0,0,0,0,0,0,0,0,0,0,0,0,0,0,0,0,0,0,0,0,0,0,0,0,0,0,0,0,0,0,0,0,0,0,0,0,0,0,0,0,0,0,0,0,0,0,0,0,0,0,0,0,0,0,0,0,0,0,0,0,0,0,0,0,0,0,0,0,0,0,0,0,0,0,0,0,0,0,0,4294967295,4294967295,4294967295,4294967295,4294967295,4294967295,4294967295,4294967295,4294967295,4294967295
85,1,69,69,1,64,1,63,1,63,0,68,4352,2301,2051,2051,0,40,2261,0,15,15,68,1027,2429,40,0,1023,10,14,0,1048576,0,0,0,inf,0.544967651,0.742630005,0.665969849,0,0,0,0,0,0,0,0,0,0,0,0,0,0,0,0,0,0,0,0,0,0,0,1023,0,0,0,0,0,0,0,0,0,0,0,0,0,0,0,0,0,0,0,0,0,0,0,0,0,0,0,0,0,0,0,0,0,0,0,0,0,0,0,0,0,0,0,0,0,0,0,0,0,0,0,0,0,0,0,0,0,0,0,0,0,0,0,0,0,4,4,7,5,21,4,14,16,10,6
86,0.100000001,69,69,1,64,0,64,0,64,0,68,4352,3374,978,978,0,1,3373,0,1,1,68,3570,3502,1,0,1,1,14,0,1048576,0,0,0,inf,0.686004639,0.799713135,inf,0,0,0,0,0,0,0,0,0,0,0,0,0,0,0,0,0,0,0,0,0,0,0,1,0,0,0,0,0,0,0,0,0,0,0,0,0,0,0,0,0,0,0,0,0,0,0,0,0,0,0,0,0,0,0,0,0,0,0,0,0,0,0,0,0,0,0,0,0,0,0,0,0,0,0,0,0,0,0,0,0,0,0,0,0,0,0,0,0,6,4294967295,4294967295,4294967295,4294967295,4294967295,4294967295,4294967295,4294967295,4294967295
87,1,69,69,1,64,16,48,2,48,14,54,4352,2268,2084,2084,0,95,2173,0,17,14,68,858,2396,95,0,1023,10,14,0,1048576,0,0,0,inf,0.979782104,1.1612854,0.899047852,0,0,0,0,0,0,0,0,0,0,0,0,0,0,0,0,0,0,0,0,0,0,0,1023,0,0,0,0,0,0,0,0,0,0,0,0,0,0,0,0,0,0,0,0,0,0,0,0,0,0,0,0,0,0,0,0,0,0,0,0,0,0,0,0,0,0,0,0,0,0,0,0,0,0,0,0,0,0,0,0,0,0,0,0,0,0,0,0,0,8,8,8,8,8,14,10,13,13,8
88,0.5,69,69,1,64,0,64,0,64,0,68,4352,2882,1470,1470,0,8,2874,0,8,8,68,3078,3010,8,0,31,8,14,0,1048576,0,0,0,inf,0.317337036,0.435287476,inf,0,0,0,0,0,0,0,0,0,0,0,0,0,0,0,0,0,0,0,0,0,0,0,31,0,0,0,0,0,0,0,0,0,0,0,0,0,0,0,0,0,0,0,0,0,0,0,0,0,0,0,0,0,0,0,0,0,0,0,0,0,0,0,0,0,0,0,0,0,0,0,0,0,0,0,0,0,0,0,0,0,0,0,0,0,0,0,0,0,25,11,14,27,59,4294967295,4294967295,4294967295,4294967295,4294967295
89,1,69,69,1,64,64,0,1,0,63,5,4352,1453,2899,2899,0,134,1319,0,47,27,68,519,1581,134,0,1023,10,14,0,1048576,0,0,0,inf,0.511032104,0.511032104,0.232910156,0,0,0,0,0,0,0,0,0,0,0,0,0,0,0,0,0,0,0,0,0,0,0,1023,0,0,0,0,0,0,0,0,0,0,0,0,0,0,0,0,0,0,0,0,0,0,0,0,0,0,0,0,0,0,0,0,0,0,0,0,0,0,0,0,0,0,0,0,0,0,0,0,0,0,0,0,0,0,0,0,0,0,0,0,0,0,0,0,0,5,4,5,5,5,6,5,8,5,5
90,0.100000001,69,69,1,64,1,63,0,63,1,67,4352,3240,1112,1112,0,2,3238,0,2,2,68,3436,3368,2,0,1,2,14,0,1048576,0,0,0,inf,0.648986816,0.719558716,inf,0,0,0,0,0,0,0,0,0,0,0,0,0,0,0,0,0,0,0,0,0,0,0,1,0,0,0,0,0,0,0,0,0,0,0,0,0,0,0,0,0,0,0,0,0,0,0,0,0,0,0,0,0,0,0,0,0,0,0,0,0,0,0,0,0,0,0,0,0,0,0,0,0,0,0,0,0,0,0,0,0,0,0,0,0,0,0,0,0,13,4294967295,4294967295,4294967295,4294967295,4294967295,4294967295,4294967295,4294967295,4294967295
91,0.300000012,69,69,1,64,1,63,0,63,1,67,4352,3307,1045,1045,0,3,3304,0,3,3,68,3503,3435,3,0,11,3,14,0,1048576,0,0,0,inf,0.465560913,0.523376465,inf,0,0,0,0,0,0,0,0,0,0,0,0,0,0,0,0,0,0,0,0,0,0,0,11,0,0,0,0,0,0,0,0,0,0,0,0,0,0,0,0,0,0,0,0,0,0,0,0,0,0,0,0,0,0,0,0,0,0,0,0,0,0,0,0,0,0,0,0,0,0,0,0,0,0,0,0,0,0,0,0,0,0,0,0,0,0,0,0,0,8,30,4294967295,9,4294967295,4294967295,4294967295,4294967295,4294967295,4294967295
92,0,69,69,1,64,0,64,0,64,0,68,4352,2921,1431,1431,0,3,2918,0,5,5,68,3117,3049,3,0,0,5,14,0,1048576,0,0,0,inf,1.03790283,1.28553772,inf,0,0,0,0,0,0,0,0,0,0,0,0,0,0,0,0,0,0,0,0,0,0,0,0,0,0,0,0,0,0,0,0,0,0,0,0,0,0,0,0,0,0,0,0,0,0,0,0,0,0,0,0,0,0,0,0,0,0,0,0,0,0,0,0,0,0,0,0,0,0,0,0,0,0,0,0,0,0,0,0,0,0,0,0,0,0,0,0,0,4294967295,4294967295,4294967295,4294967295,4294967295,4294967295,4294967295,4294967295,4294967295,4294967295
93,1,69,69,1,64,29,35,4,35,25,43,4352,2221,2131,2131,0,44,2177,0,20,17,68,673,2349,44,0,1023,10,14,0,1048576,0,0,0,inf,0.970932007,1.27989197,0.626358032,0,0,0,0,0,0,0,0,0,0,0,0,0,0,0,0,0,0,0,0,0,0,0,1023,0,0,0,0,0,0,0,0,0,0,0,0,0,0,0,0,0,0,0,0,0,0,0,0,0,0,0,0,0,0,0,0,0,0,0,0,0,0,0,0,0,0,0,0,0,0,0,0,0,0,0,0,0,0,0,0,0,0,0,0,0,0,0,0,0,7,8,7,8,7,7,8,7,7,7
94,0.899999976,69,69,1,64,7,57,3,57,4,64,4352,2709,1643,1643,0,11,2698,0,11,11,68,917,2837,11,0,1007,10,14,0,1048576,0,0,0,inf,0.821746826,0.949966431,0.921844482,0,0,0,0,0,0,0,0,0,0,0,0,0,0,0,0,0,0,0,0,0,0,0,1007,0,0,0,0,0,0,0,0,0,0,0,0,0,0,0,0,0,0,0,0,0,0,0,0,0,0,0,0,0,0,0,0,0,0,0,0,0,0,0,0,0,0,0,0,0,0,0,0,0,0,0,0,0,0,0,0,0,0,0,0,0,0,0,0,0,6,6,9,7,4294967295,7,7,10,7,12
95,0,69,69,1,64,0,64,0,64,0,68,4352,2704,1648,1648,0,0,2704,0,0,0,68,2900,2832,0,0,0,0,14,0,1048576,0,0,0,inf,0.522689819,0.572601318,inf,0,0,0,0,0,0,0,0,0,0,0,0,0,0,0,0,0,0,0,0,0,0,0,0,0,0,0,0,0,0,0,0,0,0,0,0,0,0,0,0,0,0,0,0,0,0,0,0,0,0,0,0,0,0,0,0,0,0,0,0,0,0,0,0,0,0,0,0,0,0,0,0,0,0,0,0,0,0,0,0,0,0,0,0,0,0,0,0,0,4294967295,4294967295,4294967295,4294967295,4294967295,4294967295,4294967295,4294967295,4294967295,4294967295
96,0,69,69,1,64,0,64,0,64,0,68,4352,2635,1717,1717,0,0,2635,0,1,1,68,2831,2763,0,0,0,1,14,0,1048576,0,0,0,inf,0.970230103,1.32235718,inf,0,0,0,0,0,0,0,0,0,0,0,0,0,0,0,0,0,0,0,0,0,0,0,0,0,0,0,0,0,0,0,0,0,0,0,0,0,0,0,0,0,0,0,0,0,0,0,0,0,0,0,0,0,0,0,0,0,0,0,0,0,0,0,0,0,0,0,0,0,0,0,0,0,0,0,0,0,0,0,0,0,0,0,0,0,0,0,0,0,4294967295,4294967295,4294967295,4294967295,4294967295,4294967295,4294967295,4294967295,4294967295,4294967295
97,0.100000001,69,69,1,64,0,64,0,64,0,68,4352,3748,604,604,0,2,3746,0,2,2,68,3944,3876,2,0,1,2,14,0,1048576,0,0,0,inf,1.0267334,1.13934326,inf,0,0,0,0,0,0,0,0,0,0,0,0,0,0,0,0,0,0,0,0,0,0,0,1,0,0,0,0,0,0,0,0,0,0,0,0,0,0,0,0,0,0,0,0,0,0,0,0,0,0,0,0,0,0,0,0,0,0,0,0,0,0,0,0,0,0,0,0,0,0,0,0,0,0,0,0,0,0,0,0,0,0,0,0,0,0,0,0,0,52,4294967295,4294967295,4294967295,4294967295,4294967295,4294967295,4294967295,4294967295,4294967295
98,0.100000001,69,69,1,64,0,64,0,64,0,68,4352,3255,1097,1097,0,4,3251,0,4,4,68,3451,3383,4,0,4,4,14,0,1048576,0,0,0,inf,0.951446533,1.04798889,inf,0,0,0,0,0,0,0,0,0,0,0,0,0,0,0,0,0,0,0,0,0,0,0,4,0,0,0,0,0,0,0,0,0,0,0,0,0,0,0,0,0,0,0,0,0,0,0,0,0,0,0,0,0,0,0,0,0,0,0,0,0,0,0,0,0,0,0,0,0,0,0,0,0,0,0,0,0,0,0,0,0,0,0,0,0,0,0,0,0,4294967295,4294967295,29,4294967295,4294967295,4294967295,4294967295,4294967295,4294967295,4294967295
99,0.400000006,69,69,1,64,4,60,0,60,4,64,4352,3402,950,950,0,5,3397,0,5,5,68,3598,3530,5,0,15,5,14,0,1048576,0,0,0,inf,0.994659424,1.09069824,inf,0,0,0,0,0,0,0,0,0,0,0,0,0,0,0,0,0,0,0,0,0,0,0,15,0,0,0,0,0,0,0,0,0,0,0,0,0,0,0,0,0,0,0,0,0,0,0,0,0,0,0,0,0,0,0,0,0,0,0,0,0,0,0,0,0,0,0,0,0,0,0,0,0,0,0,0,0,0,0,0,0,0,0,0,0,0,0,0,0,2,2,2,5,4294967295,4294967295,4294967295,4294967295,4294967295,4294967295
100,0.200000003,69,69,1,64,0,64,0,64,0,68,4352,3644,708,708,0,3,3641,0,3,3,68,3840,3772,3,0,17,3,14,0,1048576,0,0,0,inf,0.905944824,1.00817871,inf,0,0,0,0,0,0,0,0,0,0,0,0,0,0,0,0,0,0,0,0,0,0,0,17,0,0,0,0,0,0,0,0,0,0,0,0,0,0,0,0,0,0,0,0,0,0,0,0,0,0,0,0,0,0,0,0,0,0,0,0,0,0,0,0,0,0,0,0,0,0,0,0,0,0,0,0,0,0,0,0,0,0,0,0,0,0,0,0,0,25,4294967295,4294967295,4294967295,63,4294967295,4294967295,4294967295,4294967295,4294967295
101,0.400000006,69,69,1,64,1,63,0,63,1,67,4352,3371,981,981,0,22,3349,0,16,16,68,3028,3499,22,0,277,10,14,0,1048576,0,0,0,inf,0.858627319,0.965560913,1.14871216,0,0,0,0,0,0,0,0,0,0,0,0,0,0,0,0,0,0,0,0,0,0,0,277,0,0,0,0,0,0,0,0,0,0,0,0,0,0,0,0,0,0,0,0,0,0,0,0,0,0,0,0,0,0,0,0,0,0,0,0,0,0,0,0,0,0,0,0,0,0,0,0,0,0,0,0,0,0,0,0,0,0,0,0,0,0,0,0,0,10,4294967295,2,4294967295,9,4294967295,4294967295,4294967295,58,4294967295
102,0.699999988,69,69,1,64,2,62,2,62,0,68,4352,2121,2231,2231,0,8,2113,0,8,8,68,2317,2249,8,0,747,8,14,0,1048576,0,0,0,inf,0.183151245,0.260650635,inf,0,0,0,0,0,0,0,0,0,0,0,0,0,0,0,0,0,0,0,0,0,0,0,747,0,0,0,0,0,0,0,0,0,0,0,0,0,0,0,0,0,0,0,0,0,0,0,0,0,0,0,0,0,0,0,0,0,0,0,0,0,0,0,0,0,0,0,0,0,0,0,0,0,0,0,0,0,0,0,0,0,0,0,0,0,0,0,0,0,4,28,4294967295,7,4294967295,10,65,67,4294967295,45
103,0.600000024,69,69,1,64,2,62,1,62,1,67,4352,2784,1568,1568,0,8,2776,0,8,8,68,2980,2912,8,0,207,8,14,0,1048576,0,0,0,inf,0.642532349,0.717758179,inf,0,0,0,0,0,0,0,0,0,0,0,0,0,0,0,0,0,0,0,0,0,0,0,207,0,0,0,0,0,0,0,0,0,0,0,0,0,0,0,0,0,0,0,0,0,0,0,0,0,0,0,0,0,0,0,0,0,0,0,0,0,0,0,0,0,0,0,0,0,0,0,0,0,0,0,0,0,0,0,0,0,0,0,0,0,0,0,0,0,4,5,7,3,4294967295,4294967295,40,54,4294967295,4294967295
104,0.699999988,69,69,1,64,3,61,2,61,1,67,4352,3687,665,665,0,23,3664,0,17,17,68,2758,3815,23,0,671,10,14,0,1048576,0,0,0,inf,0.812911987,0.908477783,1.03948975,0,0,0,0,0,0,0,0,0,0,0,0,0,0,0,0,0,0,0,0,0,0,0,671,0,0,0,0,0,0,0,0,0,0,0,0,0,0,0,0,0,0,0,0,0,0,0,0,0,0,0,0,0,0,0,0,0,0,0,0,0,0,0,0,0,0,0,0,0,0,0,0,0,0,0,0,0,0,0,0,0,0,0,0,0,0,0,0,0,15,19,62,7,57,4294967295,4294967295,10,4294967295,52
105,1,69,69,1,64,64,0,2,0,65,3,4352,1527,2825,2825,0,1073,454,0,143,59,68,524,1655,1073,0,1023,10,14,0,1048576,0,0,0,inf,0.457199097,0.459747314,0.28742981,0,0,0,0,0,0,0,0,0,0,0,0,0,0,0,0,0,0,0,0,0,0,0,1023,0,0,0,0,0,0,0,0,0,0,0,0,0,0,0,0,0,0,0,0,0,0,0,0,0,0,0,0,0,0,0,0,0,0,0,0,0,0,0,0,0,0,0,0,0,0,0,0,0,0,0,0,0,0,0,0,0,0,0,0,0,0,0,0,0,8,8,8,8,8,7,8,8,7,8
106,0.5,69,69,1,64,3,61,1,61,3,65,4352,3508,844,844,0,22,3486,0,19,18,68,2523,3636,22,0,79,10,14,0,1048576,0,0,0,inf,0.739532471,0.836380005,0.93661499,0,0,0,0,0,0,0,0,0,0,0,0,0,0,0,0,0,0,0,0,0,0,0,79,0,0,0,0,0,0,0,0,0,0,0,0,0,0,0,0,0,0,0,0,0,0,0,0,0,0,0,0,0,0,0,0,0,0,0,0,0,0,0,0,0,0,0,0,0,0,0,0,0,0,0,0,0,0,0,0,0,0,0,0,0,0,0,0,0,14,17,44,18,4294967295,4294967295,34,4294967295,4294967295,4294967295
107,0.899999976,69,69,1,64,0,64,0,64,0,68,4352,2469,1883,1883,0,27,2442,0,20,19,68,1999,2597,27,0,511,10,14,0,1048576,0,0,0,inf,0.479019165,0.585891724,0.647949219,0,0,0,0,0,0,0,0,0,0,0,0,0,0,0,0,0,0,0,0,0,0,0,511,0,0,0,0,0,0,0,0,0,0,0,0,0,0,0,0,0,0,0,0,0,0,0,0,0,0,0,0,0,0,0,0,0,0,0,0,0,0,0,0,0,0,0,0,0,0,0,0,0,0,0,0,0,0,0,0,0,0,0,0,0,0,0,0,0,7,46,3,28,16,41,46,48,20,4294967295
108,0.699999988,69,69,1,64,0,64,0,64,0,68,4352,2139,2213,2213,0,19,2120,0,17,17,68,2090,2267,19,0,631,10,14,0,1048576,0,0,0,inf,0.476028442,0.710220337,0.85496521,0,0,0,0,0,0,0,0,0,0,0,0,0,0,0,0,0,0,0,0,0,0,0,631,0,0,0,0,0,0,0,0,0,0,0,0,0,0,0,0,0,0,0,0,0,0,0,0,0,0,0,0,0,0,0,0,0,0,0,0,0,0,0,0,0,0,0,0,0,0,0,0,0,0,0,0,0,0,0,0,0,0,0,0,0,0,0,0,0,15,24,7,4294967295,51,63,7,4294967295,4294967295,14
109,0.699999988,69,69,1,64,1,63,1,63,0,68,4352,3569,783,783,0,63,3506,0,30,29,68,1491,3697,63,0,719,10,14,0,1048576,0,0,0,inf,0.771911621,0.915847778,0.942169189,0,0,0,0,0,0,0,0,0,0,0,0,0,0,0,0,0,0,0,0,0,0,0,719,0,0,0,0,0,0,0,0,0,0,0,0,0,0,0,0,0,0,0,0,0,0,0,0,0,0,0,0,0,0,0,0,0,0,0,0,0,0,0,0,0,0,0,0,0,0,0,0,0,0,0,0,0,0,0,0,0,0,0,0,0,0,0,0,0,17,4,36,7,4294967295,4294967295,9,24,4294967295,57
110,0.899999976,69,69,1,64,2,62,0,62,2,66,4352,2736,1616,1616,0,26,2710,0,20,20,68,1946,2864,26,0,1007,10,14,0,1048576,0,0,0,inf,0.612579346,0.761184692,0.835708618,0,0,0,0,0,0,0,0,0,0,0,0,0,0,0,0,0,0,0,0,0,0,0,1007,0,0,0,0,0,0,0,0,0,0,0,0,0,0,0,0,0,0,0,0,0,0,0,0,0,0,0,0,0,0,0,0,0,0,0,0,0,0,0,0,0,0,0,0,0,0,0,0,0,0,0,0,0,0,0,0,0,0,0,0,0,0,0,0,0,6,62,22,6,4294967295,23,56,7,7,7
111,0.5,69,69,1,64,1,63,1,63,0,68,4352,2745,1607,1607,0,15,2730,0,14,14,68,2587,2873,15,0,535,10,14,0,1048576,0,0,0,inf,0.786605835,0.98651123,1.24325562,0,0,0,0,0,0,0,0,0,0,0,0,0,0,0,0,0,0,0,0,0,0,0,535,0,0,0,0,0,0,0,0,0,0,0,0,0,0,0,0,0,0,0,0,0,0,0,0,0,0,0,0,0,0,0,0,0,0,0,0,0,0,0,0,0,0,0,0,0,0,0,0,0,0,0,0,0,0,0,0,0,0,0,0,0,0,0,0,0,53,12,12,4294967295,49,4294967295,4294967295,4294967295,4294967295,33
112,0.400000006,69,69,1,64,0,64,0,64,0,68,4352,3736,616,616,0,9,3727,0,9,9,68,3932,3864,9,0,585,9,14,0,1048576,0,0,0,inf,0.848236084,0.968719482,inf,0,0,0,0,0,0,0,0,0,0,0,0,0,0,0,0,0,0,0,0,0,0,0,585,0,0,0,0,0,0,0,0,0,0,0,0,0,0,0,0,0,0,0,0,0,0,0,0,0,0,0,0,0,0,0,0,0,0,0,0,0,0,0,0,0,0,0,0,0,0,0,0,0,0,0,0,0,0,0,0,0,0,0,0,0,0,0,0,0,47,4294967295,4294967295,63,4294967295,4294967295,40,4294967295,4294967295,36
113,1,69,69,1,64,6,58,3,58,3,65,4352,2424,1928,1928,0,111,2313,0,35,29,68,754,2552,111,0,1023,10,14,0,1048576,0,0,0,inf,0.568588257,0.677139282,0.626708984,0,0,0,0,0,0,0,0,0,0,0,0,0,0,0,0,0,0,0,0,0,0,0,1023,0,0,0,0,0,0,0,0,0,0,0,0,0,0,0,0,0,0,0,0,0,0,0,0,0,0,0,0,0,0,0,0,0,0,0,0,0,0,0,0,0,0,0,0,0,0,0,0,0,0,0,0,0,0,0,0,0,0,0,0,0,0,0,0,0,2,6,5,6,24,5,6,3,3,56
114,0.100000001,69,69,1,64,0,64,0,64,0,68,4352,3136,1216,1216,0,2,3134,0,2,2,68,3332,3264,2,0,1,2,14,0,1048576,0,0,0,inf,0.590362549,0.725646973,inf,0,0,0,0,0,0,0,0,0,0,0,0,0,0,0,0,0,0,0,0,0,0,0,1,0,0,0,0,0,0,0,0,0,0,0,0,0,0,0,0,0,0,0,0,0,0,0,0,0,0,0,0,0,0,0,0,0,0,0,0,0,0,0,0,0,0,0,0,0,0,0,0,0,0,0,0,0,0,0,0,0,0,0,0,0,0,0,0,0,3,4294967295,4294967295,4294967295,4294967295,4294967295,4294967295,4294967295,4294967295,4294967295
115,0.600000024,69,69,1,64,0,64,0,64,0,68,4352,3535,817,817,0,21,3514,0,15,15,68,2549,3663,21,0,732,10,14,0,1048576,0,0,0,inf,0.742385864,0.854736328,0.93800354,0,0,0,0,0,0,0,0,0,0,0,0,0,0,0,0,0,0,0,0,0,0,0,732,0,0,0,0,0,0,0,0,0,0,0,0,0,0,0,0,0,0,0,0,0,0,0,0,0,0,0,0,0,0,0,0,0,0,0,0,0,0,0,0,0,0,0,0,0,0,0,0,0,0,0,0,0,0,0,0,0,0,0,0,0,0,0,0,0,4294967295,4294967295,20,6,18,4294967295,39,18,4294967295,5
116,0.400000006,69,69,1,64,0,64,0,64,0,68,4352,2536,1816,1816,0,5,2531,0,5,5,68,2732,2664,5,0,547,5,14,0,1048576,0,0,0,inf,1.02197266,1.25769043,inf,0,0,0,0,0,0,0,0,0,0,0,0,0,0,0,0,0,0,0,0,0,0,0,547,0,0,0,0,0,0,0,0,0,0,0,0,0,0,0,0,0,0,0,0,0,0,0,0,0,0,0,0,0,0,0,0,0,0,0,0,0,0,0,0,0,0,0,0,0,0,0,0,0,0,0,0,0,0,0,0,0,0,0,0,0,0,0,0,0,16,34,4294967295,4294967295,4294967295,5,4294967295,4294967295,4294967295,32
117,0.800000012,69,69,1,64,5,59,2,59,3,65,4352,3011,1341,1341,0,18,2993,0,13,13,68,1640,3139,18,0,255,10,14,0,1048576,0,0,0,inf,0.845291138,1.04981995,1.05630493,0,0,0,0,0,0,0,0,0,0,0,0,0,0,0,0,0,0,0,0,0,0,0,255,0,0,0,0,0,0,0,0,0,0,0,0,0,0,0,0,0,0,0,0,0,0,0,0,0,0,0,0,0,0,0,0,0,0,0,0,0,0,0,0,0,0,0,0,0,0,0,0,0,0,0,0,0,0,0,0,0,0,0,0,0,0,0,0,0,3,9,4,11,22,5,15,15,4294967295,4294967295
118,1,68,69,3,64,64,0,0,0,65,2,4288,1727,2561,2561,0,1327,400,0,91,32,67,414,1855,1327,0,1023,10,14,0,1048576,0,0,0,inf,inf,0.675674438,0.571212769,0,0,0,0,0,0,0,0,0,0,0,0,0,0,0,0,0,0,0,0,0,0,0,1023,0,0,0,0,0,0,0,0,0,0,0,0,0,0,0,0,0,0,0,0,0,0,0,0,0,0,0,0,0,0,0,0,0,0,0,0,0,0,0,0,0,0,0,0,0,0,0,0,0,0,0,0,0,0,0,0,0,0,0,0,0,0,0,0,0,3,3,3,3,4,4,4,4,4,4
119,0.5,69,69,1,64,0,64,0,64,1,67,4352,2760,1592,1592,0,5,2755,0,5,5,68,2956,2888,5,0,331,5,14,0,1048576,0,0,0,inf,0.796005249,0.959320068,inf,0,0,0,0,0,0,0,0,0,0,0,0,0,0,0,0,0,0,0,0,0,0,0,331,0,0,0,0,0,0,0,0,0,0,0,0,0,0,0,0,0,0,0,0,0,0,0,0,0,0,0,0,0,0,0,0,0,0,0,0,0,0,0,0,0,0,0,0,0,0,0,0,0,0,0,0,0,0,0,0,0,0,0,0,0,0,0,0,0,31,31,4294967295,36,4294967295,4294967295,1,4294967295,26,4294967295
120,0.899999976,69,69,1,64,10,54,4,54,6,62,4352,2444,1908,1908,0,138,2306,0,28,26,68,653,2572,138,0,991,10,14,0,1048576,0,0,0,inf,0.682617188,0.837265015,0.718338013,0,0,0,0,0,0,0,0,0,0,0,0,0,0,0,0,0,0,0,0,0,0,0,991,0,0,0,0,0,0,0,0,0,0,0,0,0,0,0,0,0,0,0,0,0,0,0,0,0,0,0,0,0,0,0,0,0,0,0,0,0,0,0,0,0,0,0,0,0,0,0,0,0,0,0,0,0,0,0,0,0,0,0,0,0,0,0,0,0,3,5,4,2,3,4294967295,5,1,15,15
121,0.699999988,69,69,1,64,1,63,0,63,1,67,4352,3007,1345,1345,0,17,2990,0,13,13,68,2188,3135,17,0,443,10,14,0,1048576,0,0,0,inf,0.815200806,0.943466187,1.06507874,0,0,0,0,0,0,0,0,0,0,0,0,0,0,0,0,0,0,0,0,0,0,0,443,0,0,0,0,0,0,0,0,0,0,0,0,0,0,0,0,0,0,0,0,0,0,0,0,0,0,0,0,0,0,0,0,0,0,0,0,0,0,0,0,0,0,0,0,0,0,0,0,0,0,0,0,0,0,0,0,0,0,0,0,0,0,0,0,0,11,21,4294967295,2,9,13,4294967295,11,13,4294967295
122,1,69,69,1,64,37,27,6,27,31,37,4352,3178,1174,1174,0,335,2843,0,36,24,68,637,3306,335,0,1023,10,14,0,1048576,0,0,0,inf,0.994827271,1.14433289,0.847869873,0,0,0,0,0,0,0,0,0,0,0,0,0,0,0,0,0,0,0,0,0,0,0,1023,0,0,0,0,0,0,0,0,0,0,0,0,0,0,0,0,0,0,0,0,0,0,0,0,0,0,0,0,0,0,0,0,0,0,0,0,0,0,0,0,0,0,0,0,0,0,0,0,0,0,0,0,0,0,0,0,0,0,0,0,0,0,0,0,0,7,6,6,6,7,6,6,9,7,7
123,0.600000024,69,69,1,64,2,62,0,62,2,66,4352,1691,2661,2661,0,6,1685,0,7,7,68,1887,1819,6,0,287,7,14,0,1048576,0,0,0,inf,0.4896698,0.670120239,inf,0,0,0,0,0,0,0,0,0,0,0,0,0,0,0,0,0,0,0,0,0,0,0,287,0,0,0,0,0,0,0,0,0,0,0,0,0,0,0,0,0,0,0,0,0,0,0,0,0,0,0,0,0,0,0,0,0,0,0,0,0,0,0,0,0,0,0,0,0,0,0,0,0,0,0,0,0,0,0,0,0,0,0,0,0,0,0,0,0,2,8,12,2,38,4294967295,4294967295,4294967295,50,4294967295
124,0.300000012,69,69,1,64,1,63,0,63,1,67,4352,2102,2250,2250,0,3,2099,0,3,3,68,2298,2230,3,0,7,3,14,0,1048576,0,0,0,inf,0.720626831,1.08862305,inf,0,0,0,0,0,0,0,0,0,0,0,0,0,0,0,0,0,0,0,0,0,0,0,7,0,0,0,0,0,0,0,0,0,0,0,0,0,0,0,0,0,0,0,0,0,0,0,0,0,0,0,0,0,0,0,0,0,0,0,0,0,0,0,0,0,0,0,0,0,0,0,0,0,0,0,0,0,0,0,0,0,0,0,0,0,0,0,0,0,4,7,8,4294967295,4294967295,4294967295,4294967295,4294967295,4294967295,4294967295
125,0.400000006,69,69,1,64,1,63,1,63,0,68,4352,3514,838,838,0,39,3475,0,23,22,68,2165,3642,39,0,594,10,14,0,1048576,0,0,0,inf,0.782119751,0.84967041,0.991622925,0,0,0,0,0,0,0,0,0,0,0,0,0,0,0,0,0,0,0,0,0,0,0,594,0,0,0,0,0,0,0,0,0,0,0,0,0,0,0,0,0,0,0,0,0,0,0,0,0,0,0,0,0,0,0,0,0,0,0,0,0,0,0,0,0,0,0,0,0,0,0,0,0,0,0,0,0,0,0,0,0,0,0,0,0,0,0,0,0,4294967295,15,4294967295,4294967295,15,4294967295,33,4294967295,4294967295,20
126,1,69,69,1,64,14,50,2,50,12,56,4352,3192,1160,1160,0,32,3160,0,13,12,68,817,3320,32,0,1023,10,14,0,1048576,0,0,0,inf,0.833007812,0.948135376,0.790100098,0,0,0,0,0,0,0,0,0,0,0,0,0,0,0,0,0,0,0,0,0,0,0,1023,0,0,0,0,0,0,0,0,0,0,0,0,0,0,0,0,0,0,0,0,0,0,0,0,0,0,0,0,0,0,0,0,0,0,0,0,0,0,0,0,0,0,0,0,0,0,0,0,0,0,0,0,0,0,0,0,0,0,0,0,0,0,0,0,0,8,9,9,9,9,9,9,9,10,9
127,0.600000024,69,69,1,64,0,64,0,64,0,68,4352,3276,1076,1076,0,9,3267,0,9,9,68,3472,3404,9,0,559,9,14,0,1048576,0,0,0,inf,0.749145508,0.915130615,inf,0,0,0,0,0,0,0,0,0,0,0,0,0,0,0,0,0,0,0,0,0,0,0,559,0,0,0,0,0,0,0,0,0,0,0,0,0,0,0,0,0,0,0,0,0,0,0,0,0,0,0,0,0,0,0,0,0,0,0,0,0,0,0,0,0,0,0,0,0,0,0,0,0,0,0,0,0,0,0,0,0,0,0,0,0,0,0,0,0,25,25,25,18,4294967295,38,4294967295,4294967295,4294967295,49
128,0.400000006,69,69,1,64,2,62,1,62,1,67,4352,3639,713,713,0,16,3623,0,15,15,68,3182,3767,16,0,43,10,14,0,1048576,0,0,0,inf,0.888214111,1.00085449,1.25215149,0,0,0,0,0,0,0,0,0,0,0,0,0,0,0,0,0,0,0,0,0,0,0,43,0,0,0,0,0,0,0,0,0,0,0,0,0,0,0,0,0,0,0,0,0,0,0,0,0,0,0,0,0,0,0,0,0,0,0,0,0,0,0,0,0,0,0,0,0,0,0,0,0,0,0,0,0,0,0,0,0,0,0,0,0,0,0,0,0,7,9,4294967295,11,4294967295,30,4294967295,4294967295,4294967295,4294967295
129,0.899999976,69,69,1,64,2,62,1,62,1,67,4352,2967,1385,1385,0,28,2939,0,23,23,68,2002,3095,28,0,1015,10,14,0,1048576,0,0,0,inf,0.789810181,0.945098877,1.04464722,0,0,0,0,0,0,0,0,0,0,0,0,0,0,0,0,0,0,0,0,0,0,0,1015,0,0,0,0,0,0,0,0,0,0,0,0,0,0,0,0,0,0,0,0,0,0,0,0,0,0,0,0,0,0,0,0,0,0,0,0,0,0,0,0,0,0,0,0,0,0,0,0,0,0,0,0,0,0,0,0,0,0,0,0,0,0,0,0,0,13,16,9,4294967295,10,27,65,43,5,45
130,1,69,69,2,64,64,0,0,0,65,3,4352,2865,1487,1487,0,1748,1117,0,94,33,68,476,2993,1748,0,1023,10,14,0,1048576,0,0,0,inf,inf,0.60559082,0.49546814,0,0,0,0,0,0,0,0,0,0,0,0,0,0,0,0,0,0,0,0,0,0,0,1023,0,0,0,0,0,0,0,0,0,0,0,0,0,0,0,0,0,0,0,0,0,0,0,0,0,0,0,0,0,0,0,0,0,0,0,0,0,0,0,0,0,0,0,0,0,0,0,0,0,0,0,0,0,0,0,0,0,0,0,0,0,0,0,0,0,5,4,4,6,4,3,6,6,8,3
131,0.699999988,69,69,1,64,3,61,3,61,0,68,4352,2130,2222,2222,0,26,2104,0,19,19,68,1535,2258,26,0,671,10,14,0,1048576,0,0,0,inf,1.16673279,1.45283508,1.57106018,0,0,0,0,0,0,0,0,0,0,0,0,0,0,0,0,0,0,0,0,0,0,0,671,0,0,0,0,0,0,0,0,0,0,0,0,0,0,0,0,0,0,0,0,0,0,0,0,0,0,0,0,0,0,0,0,0,0,0,0,0,0,0,0,0,0,0,0,0,0,0,0,0,0,0,0,0,0,0,0,0,0,0,0,0,0,0,0,0,6,5,63,53,11,4294967295,4294967295,6,4294967295,4
132,0.600000024,69,69,1,64,0,64,0,64,0,68,4352,3068,1284,1284,0,8,3060,0,8,8,68,3264,3196,8,0,215,8,14,0,1048576,0,0,0,inf,0.784606934,0.861419678,inf,0,0,0,0,0,0,0,0,0,0,0,0,0,0,0,0,0,0,0,0,0,0,0,215,0,0,0,0,0,0,0,0,0,0,0,0,0,0,0,0,0,0,0,0,0,0,0,0,0,0,0,0,0,0,0,0,0,0,0,0,0,0,0,0,0,0,0,0,0,0,0,0,0,0,0,0,0,0,0,0,0,0,0,0,0,0,0,0,0,20,28,28,4294967295,65,4294967295,23,47,4294967295,4294967295
133,0.200000003,69,69,1,64,0,64,0,64,0,68,4352,3128,1224,1224,0,9,3119,0,9,9,68,3324,3256,9,0,33,9,14,0,1048576,0,0,0,inf,0.687713623,0.823013306,inf,0,0,0,0,0,0,0,0,0,0,0,0,0,0,0,0,0,0,0,0,0,0,0,33,0,0,0,0,0,0,0,0,0,0,0,0,0,0,0,0,0,0,0,0,0,0,0,0,0,0,0,0,0,0,0,0,0,0,0,0,0,0,0,0,0,0,0,0,0,0,0,0,0,0,0,0,0,0,0,0,0,0,0,0,0,0,0,0,0,23,4294967295,4294967295,4294967295,4294967295,52,4294967295,4294967295,4294967295,4294967295
134,0.5,69,69,1,64,2,62,1,62,1,67,4352,3330,1022,1022,0,18,3312,0,17,17,68,3136,3458,18,0,157,10,14,0,1048576,0,0,0,inf,0.863647461,0.954559326,1.20323181,0,0,0,0,0,0,0,0,0,0,0,0,0,0,0,0,0,0,0,0,0,0,0,157,0,0,0,0,0,0,0,0,0,0,0,0,0,0,0,0,0,0,0,0,0,0,0,0,0,0,0,0,0,0,0,0,0,0,0,0,0,0,0,0,0,0,0,0,0,0,0,0,0,0,0,0,0,0,0,0,0,0,0,0,0,0,0,0,0,12,4294967295,60,48,14,4294967295,4294967295,19,4294967295,4294967295
135,0.5,69,69,1,64,2,62,0,62,2,66,4352,1874,2478,2478,0,11,1863,0,12,12,68,2027,2002,11,0,91,10,14,0,1048576,0,0,0,inf,0.502319336,0.857894897,1.40689087,0,0,0,0,0,0,0,0,0,0,0,0,0,0,0,0,0,0,0,0,0,0,0,91,0,0,0,0,0,0,0,0,0,0,0,0,0,0,0,0,0,0,0,0,0,0,0,0,0,0,0,0,0,0,0,0,0,0,0,0,0,0,0,0,0,0,0,0,0,0,0,0,0,0,0,0,0,0,0,0,0,0,0,0,0,0,0,0,0,3,4,4294967295,23,59,4294967295,47,4294967295,4294967295,4294967295
136,0.400000006,69,69,1,64,0,64,0,64,0,68,4352,2783,1569,1569,0,7,2776,0,7,7,68,2979,2911,7,0,353,7,14,0,1048576,0,0,0,inf,0.53352356,0.665512085,inf,0,0,0,0,0,0,0,0,0,0,0,0,0,0,0,0,0,0,0,0,0,0,0,353,0,0,0,0,0,0,0,0,0,0,0,0,0,0,0,0,0,0,0,0,0,0,0,0,0,0,0,0,0,0,0,0,0,0,0,0,0,0,0,0,0,0,0,0,0,0,0,0,0,0,0,0,0,0,0,0,0,0,0,0,0,0,0,0,0,7,4294967295,4294967295,4294967295,4294967295,36,4,4294967295,19,4294967295
137,0,69,69,1,64,0,64,0,64,0,68,4352,3283,1069,1069,0,0,3283,0,0,0,68,3479,3411,0,0,0,0,14,0,1048576,0,0,0,inf,0.479644775,0.532775879,inf,0,0,0,0,0,0,0,0,0,0,0,0,0,0,0,0,0,0,0,0,0,0,0,0,0,0,0,0,0,0,0,0,0,0,0,0,0,0,0,0,0,0,0,0,0,0,0,0,0,0,0,0,0,0,0,0,0,0,0,0,0,0,0,0,0,0,0,0,0,0,0,0,0,0,0,0,0,0,0,0,0,0,0,0,0,0,0,0,0,4294967295,4294967295,4294967295,4294967295,4294967295,4294967295,4294967295,4294967295,4294967295,4294967295
138,1,69,69,1,64,4,60,1,60,3,65,4352,2772,1580,1580,0,64,2708,0,26,25,68,1139,2900,64,0,1023,10,14,0,1048576,0,0,0,inf,0.280593872,0.348693848,0.338119507,0,0,0,0,0,0,0,0,0,0,0,0,0,0,0,0,0,0,0,0,0,0,0,1023,0,0,0,0,0,0,0,0,0,0,0,0,0,0,0,0,0,0,0,0,0,0,0,0,0,0,0,0,0,0,0,0,0,0,0,0,0,0,0,0,0,0,0,0,0,0,0,0,0,0,0,0,0,0,0,0,0,0,0,0,0,0,0,0,0,8,6,2,11,16,23,41,7,14,20
139,0.300000012,69,69,1,64,0,64,0,64,0,68,4352,1994,2358,2358,0,3,1991,0,3,3,68,2190,2122,3,0,7,3,14,0,1048576,0,0,0,inf,0.672073364,0.998764038,inf,0,0,0,0,0,0,0,0,0,0,0,0,0,0,0,0,0,0,0,0,0,0,0,7,0,0,0,0,0,0,0,0,0,0,0,0,0,0,0,0,0,0,0,0,0,0,0,0,0,0,0,0,0,0,0,0,0,0,0,0,0,0,0,0,0,0,0,0,0,0,0,0,0,0,0,0,0,0,0,0,0,0,0,0,0,0,0,0,0,33,33,53,4294967295,4294967295,4294967295,4294967295,4294967295,4294967295,4294967295
140,1,69,69,1,64,7,57,3,57,4,64,4352,2556,1796,1796,0,118,2438,0,37,35,68,995,2684,118,0,1023,10,14,0,1048576,0,0,0,inf,0.365158081,0.482833862,0.430343628,0,0,0,0,0,0,0,0,0,0,0,0,0,0,0,0,0,0,0,0,0,0,0,1023,0,0,0,0,0,0,0,0,0,0,0,0,0,0,0,0,0,0,0,0,0,0,0,0,0,0,0,0,0,0,0,0,0,0,0,0,0,0,0,0,0,0,0,0,0,0,0,0,0,0,0,0,0,0,0,0,0,0,0,0,0,0,0,0,0,7,40,8,7,8,25,40,9,54,7
141,0.300000012,69,69,1,64,0,64,0,64,0,68,4352,3657,695,695,0,4,3653,0,4,4,68,3853,3785,4,0,7,4,14,0,1048576,0,0,0,inf,0.984146118,1.03636169,inf,0,0,0,0,0,0,0,0,0,0,0,0,0,0,0,0,0,0,0,0,0,0,0,7,0,0,0,0,0,0,0,0,0,0,0,0,0,0,0,0,0,0,0,0,0,0,0,0,0,0,0,0,0,0,0,0,0,0,0,0,0,0,0,0,0,0,0,0,0,0,0,0,0,0,0,0,0,0,0,0,0,0,0,0,0,0,0,0,0,20,54,57,4294967295,4294967295,4294967295,4294967295,4294967295,4294967295,4294967295
142,0.100000001,69,69,1,64,1,63,0,63,1,67,4352,2203,2149,2149,0,3,2200,0,4,4,68,2399,2331,3,0,1,4,14,0,1048576,0,0,0,inf,0.958740234,1.30027771,inf,0,0,0,0,0,0,0,0,0,0,0,0,0,0,0,0,0,0,0,0,0,0,0,1,0,0,0,0,0,0,0,0,0,0,0,0,0,0,0,0,0,0,0,0,0,0,0,0,0,0,0,0,0,0,0,0,0,0,0,0,0,0,0,0,0,0,0,0,0,0,0,0,0,0,0,0,0,0,0,0,0,0,0,0,0,0,0,0,0,7,4294967295,4294967295,4294967295,4294967295,4294967295,4294967295,4294967295,4294967295,4294967295
143,0.300000012,69,69,1,64,0,64,0,64,0,68,4352,3877,475,475,0,9,3868,0,10,10,68,4073,4005,9,0,7,10,14,0,1048576,0,0,0,inf,0.7315979,0.827056885,2.00968933,0,0,0,0,0,0,0,0,0,0,0,0,0,0,0,0,0,0,0,0,0,0,0,7,0,0,0,0,0,0,0,0,0,0,0,0,0,0,0,0,0,0,0,0,0,0,0,0,0,0,0,0,0,0,0,0,0,0,0,0,0,0,0,0,0,0,0,0,0,0,0,0,0,0,0,0,0,0,0,0,0,0,0,0,0,0,0,0,0,19,9,66,4294967295,4294967295,4294967295,4294967295,4294967295,4294967295,4294967295
144,0.5,69,69,1,64,1,63,0,63,1,67,4352,3558,794,794,0,8,3550,0,8,8,68,3754,3686,8,0,55,8,14,0,1048576,0,0,0,inf,1.07571411,1.15638733,inf,0,0,0,0,0,0,0,0,0,0,0,0,0,0,0,0,0,0,0,0,0,0,0,55,0,0,0,0,0,0,0,0,0,0,0,0,0,0,0,0,0,0,0,0,0,0,0,0,0,0,0,0,0,0,0,0,0,0,0,0,0,0,0,0,0,0,0,0,0,0,0,0,0,0,0,0,0,0,0,0,0,0,0,0,0,0,0,0,0,8,28,7,4294967295,30,9,4294967295,4294967295,4294967295,4294967295
145,1,69,69,1,64,5,59,2,59,3,65,4352,2579,1773,1773,0,74,2505,0,27,27,68,1078,2707,74,0,1023,10,14,0,1048576,0,0,0,inf,0.722930908,0.862030029,0.79006958,0,0,0,0,0,0,0,0,0,0,0,0,0,0,0,0,0,0,0,0,0,0,0,1023,0,0,0,0,0,0,0,0,0,0,0,0,0,0,0,0,0,0,0,0,0,0,0,0,0,0,0,0,0,0,0,0,0,0,0,0,0,0,0,0,0,0,0,0,0,0,0,0,0,0,0,0,0,0,0,0,0,0,0,0,0,0,0,0,0,10,34,9,12,5,22,13,49,17,18
146,0.699999988,69,69,1,64,2,62,2,62,0,68,4352,2701,1651,1651,0,53,2648,0,21,21,68,1562,2829,53,0,471,10,14,0,1048576,0,0,0,inf,0.703216553,0.867095947,0.865951538,0,0,0,0,0,0,0,0,0,0,0,0,0,0,0,0,0,0,0,0,0,0,0,471,0,0,0,0,0,0,0,0,0,0,0,0,0,0,0,0,0,0,0,0,0,0,0,0,0,0,0,0,0,0,0,0,0,0,0,0,0,0,0,0,0,0,0,0,0,0,0,0,0,0,0,0,0,0,0,0,0,0,0,0,0,0,0,0,0,41,11,25,4294967295,12,4294967295,29,9,26,4294967295
147,0.5,69,69,1,64,1,63,1,63,0,68,4352,2735,1617,1617,0,8,2727,0,8,8,68,2931,2863,8,0,233,8,14,0,1048576,0,0,0,inf,1.24568176,1.41062927,inf,0,0,0,0,0,0,0,0,0,0,0,0,0,0,0,0,0,0,0,0,0,0,0,233,0,0,0,0,0,0,0,0,0,0,0,0,0,0,0,0,0,0,0,0,0,0,0,0,0,0,0,0,0,0,0,0,0,0,0,0,0,0,0,0,0,0,0,0,0,0,0,0,0,0,0,0,0,0,0,0,0,0,0,0,0,0,0,0,0,11,4294967295,4294967295,4,4294967295,4,28,38,4294967295,4294967295
148,0.699999988,69,69,1,64,0,64,0,64,0,68,4352,3231,1121,1121,0,25,3206,0,20,20,68,2402,3359,25,0,855,10,14,0,1048576,0,0,0,inf,0.432159424,0.499511719,0.597488403,0,0,0,0,0,0,0,0,0,0,0,0,0,0,0,0,0,0,0,0,0,0,0,855,0,0,0,0,0,0,0,0,0,0,0,0,0,0,0,0,0,0,0,0,0,0,0,0,0,0,0,0,0,0,0,0,0,0,0,0,0,0,0,0,0,0,0,0,0,0,0,0,0,0,0,0,0,0,0,0,0,0,0,0,0,0,0,0,0,27,21,25,4294967295,6,4294967295,17,4294967295,60,23
149,0.699999988,69,69,1,64,0,64,0,64,0,68,4352,3470,882,882,0,23,3447,0,16,15,68,2975,3598,23,0,637,10,14,0,1048576,0,0,0,inf,1.04185486,1.1673584,1.33300781,0,0,0,0,0,0,0,0,0,0,0,0,0,0,0,0,0,0,0,0,0,0,0,637,0,0,0,0,0,0,0,0,0,0,0,0,0,0,0,0,0,0,0,0,0,0,0,0,0,0,0,0,0,0,0,0,0,0,0,0,0,0,0,0,0,0,0,0,0,0,0,0,0,0,0,0,0,0,0,0,0,0,0,0,0,0,0,0,0,14,4294967295,18,18,19,19,21,4294967295,4294967295,64
150,0.5,69,69,1,64,0,64,0,64,0,68,4352,3275,1077,1077,0,21,3254,0,18,18,68,2769,3403,21,0,419,10,14,0,1048576,0,0,0,inf,0.79208374,0.867279053,0.956756592,0,0,0,0,0,0,0,0,0,0,0,0,0,0,0,0,0,0,0,0,0,0,0,419,0,0,0,0,0,0,0,0,0,0,0,0,0,0,0,0,0,0,0,0,0,0,0,0,0,0,0,0,0,0,0,0,0,0,0,0,0,0,0,0,0,0,0,0,0,0,0,0,0,0,0,0,0,0,0,0,0,0,0,0,0,0,0,0,0,34,53,4294967295,4294967295,4294967295,56,4294967295,6,57,4294967295
151,0.200000003,69,69,1,64,1,63,1,63,0,68,4352,3167,1185,1185,0,9,3158,0,10,10,68,3363,3295,9,0,9,10,14,0,1048576,0,0,0,inf,1.10583496,1.210495,3.22911072,0,0,0,0,0,0,0,0,0,0,0,0,0,0,0,0,0,0,0,0,0,0,0,9,0,0,0,0,0,0,0,0,0,0,0,0,0,0,0,0,0,0,0,0,0,0,0,0,0,0,0,0,0,0,0,0,0,0,0,0,0,0,0,0,0,0,0,0,0,0,0,0,0,0,0,0,0,0,0,0,0,0,0,0,0,0,0,0,0,64,4294967295,4294967295,47,4294967295,4294967295,4294967295,4294967295,4294967295,4294967295
152,1,69,69,1,64,40,24,10,24,32,36,4352,3241,1111,1111,0,1383,1858,0,112,61,68,441,3369,1383,0,1023,10,14,0,1048576,0,0,0,inf,0.977493286,1.05801392,0.918792725,0,0,0,0,0,0,0,0,0,0,0,0,0,0,0,0,0,0,0,0,0,0,0,1023,0,0,0,0,0,0,0,0,0,0,0,0,0,0,0,0,0,0,0,0,0,0,0,0,0,0,0,0,0,0,0,0,0,0,0,0,0,0,0,0,0,0,0,0,0,0,0,0,0,0,0,0,0,0,0,0,0,0,0,0,0,0,0,0,0,11,7,4,8,29,10,4,19,13,5
153,0.200000003,69,69,1,64,0,64,0,64,0,68,4352,3217,1135,1135,0,3,3214,0,3,3,68,3413,3345,3,0,132,3,14,0,1048576,0,0,0,inf,0.764724731,0.845550537,inf,0,0,0,0,0,0,0,0,0,0,0,0,0,0,0,0,0,0,0,0,0,0,0,132,0,0,0,0,0,0,0,0,0,0,0,0,0,0,0,0,0,0,0,0,0,0,0,0,0,0,0,0,0,0,0,0,0,0,0,0,0,0,0,0,0,0,0,0,0,0,0,0,0,0,0,0,0,0,0,0,0,0,0,0,0,0,0,0,0,4294967295,4294967295,37,4294967295,4294967295,4294967295,4294967295,36,4294967295,4294967295
154,0.800000012,69,69,1,64,5,59,2,59,3,65,4352,3476,876,876,0,81,3395,0,30,30,68,1362,3604,81,0,887,10,14,0,1048576,0,0,0,inf,0.751663208,0.868164062,0.828689575,0,0,0,0,0,0,0,0,0,0,0,0,0,0,0,0,0,0,0,0,0,0,0,887,0,0,0,0,0,0,0,0,0,0,0,0,0,0,0,0,0,0,0,0,0,0,0,0,0,0,0,0,0,0,0,0,0,0,0,0,0,0,0,0,0,0,0,0,0,0,0,0,0,0,0,0,0,0,0,0,0,0,0,0,0,0,0,0,0,13,14,33,4294967295,12,25,14,4294967295,14,4
155,0.100000001,69,69,1,64,1,63,0,63,1,67,4352,2996,1356,1356,0,2,2994,0,2,2,68,3192,3124,2,0,1,2,14,0,1048576,0,0,0,inf,0.657592773,0.772964478,inf,0,0,0,0,0,0,0,0,0,0,0,0,0,0,0,0,0,0,0,0,0,0,0,1,0,0,0,0,0,0,0,0,0,0,0,0,0,0,0,0,0,0,0,0,0,0,0,0,0,0,0,0,0,0,0,0,0,0,0,0,0,0,0,0,0,0,0,0,0,0,0,0,0,0,0,0,0,0,0,0,0,0,0,0,0,0,0,0,0,20,4294967295,4294967295,4294967295,4294967295,4294967295,4294967295,4294967295,4294967295,4294967295
156,0.300000012,69,69,1,64,1,63,0,63,1,67,4352,3822,530,530,0,54,3768,0,24,22,68,2186,3950,54,0,521,10,14,0,1048576,0,0,0,inf,1.01786804,1.18313599,1.24046326,0,0,0,0,0,0,0,0,0,0,0,0,0,0,0,0,0,0,0,0,0,0,0,521,0,0,0,0,0,0,0,0,0,0,0,0,0,0,0,0,0,0,0,0,0,0,0,0,0,0,0,0,0,0,0,0,0,0,0,0,0,0,0,0,0,0,0,0,0,0,0,0,0,0,0,0,0,0,0,0,0,0,0,0,0,0,0,0,0,9,4294967295,4294967295,18,4294967295,4294967295,4294967295,4294967295,4294967295,20
157,1,69,69,1,64,19,45,0,45,19,49,4352,2748,1604,1604,0,51,2697,0,18,16,68,616,2876,51,0,1023,10,14,0,1048576,0,0,0,inf,0.875213623,1.02841187,0.664855957,0,0,0,0,0,0,0,0,0,0,0,0,0,0,0,0,0,0,0,0,0,0,0,1023,0,0,0,0,0,0,0,0,0,0,0,0,0,0,0,0,0,0,0,0,0,0,0,0,0,0,0,0,0,0,0,0,0,0,0,0,0,0,0,0,0,0,0,0,0,0,0,0,0,0,0,0,0,0,0,0,0,0,0,0,0,0,0,0,0,5,6,6,5,5,6,5,6,6,6
158,1,69,69,1,64,11,53,8,53,3,65,4352,2047,2305,2305,0,254,1793,0,30,28,68,689,2175,254,0,1023,10,14,0,1048576,0,0,0,inf,0.406234741,0.559173584,0.43145752,0,0,0,0,0,0,0,0,0,0,0,0,0,0,0,0,0,0,0,0,0,0,0,1023,0,0,0,0,0,0,0,0,0,0,0,0,0,0,0,0,0,0,0,0,0,0,0,0,0,0,0,0,0,0,0,0,0,0,0,0,0,0,0,0,0,0,0,0,0,0,0,0,0,0,0,0,0,0,0,0,0,0,0,0,0,0,0,0,0,9,16,5,11,16,4,4,8,9,7
159,1,69,69,1,64,16,48,0,48,16,52,4352,2743,1609,1609,0,41,2702,0,14,13,68,681,2871,41,0,1023,10,14,0,1048576,0,0,0,inf,0.794296265,0.915725708,0.693344116,0,0,0,0,0,0,0,0,0,0,0,0,0,0,0,0,0,0,0,0,0,0,0,1023,0,0,0,0,0,0,0,0,0,0,0,0,0,0,0,0,0,0,0,0,0,0,0,0,0,0,0,0,0,0,0,0,0,0,0,0,0,0,0,0,0,0,0,0,0,0,0,0,0,0,0,0,0,0,0,0,0,0,0,0,0,0,0,0,0,6,7,6,7,7,7,8,7,7,7
160,0.699999988,69,69,1,64,1,63,0,63,1,67,4352,3035,1317,1317,0,11,3024,0,11,11,68,2805,3163,11,0,367,10,14,0,1048576,0,0,0,inf,1.04069519,1.20278931,1.42886353,0,0,0,0,0,0,0,0,0,0,0,0,0,0,0,0,0,0,0,0,0,0,0,367,0,0,0,0,0,0,0,0,0,0,0,0,0,0,0,0,0,0,0,0,0,0,0,0,0,0,0,0,0,0,0,0,0,0,0,0,0,0,0,0,0,0,0,0,0,0,0,0,0,0,0,0,0,0,0,0,0,0,0,0,0,0,0,0,0,45,38,45,5,4294967295,42,49,4294967295,10,4294967295
161,0.800000012,69,69,1,64,4,60,3,60,1,67,4352,2984,1368,1368,0,56,2928,0,21,21,68,1415,3112,56,0,639,10,14,0,1048576,0,0,0,inf,0.772628784,0.867431641,0.906539917,0,0,0,0,0,0,0,0,0,0,0,0,0,0,0,0,0,0,0,0,0,0,0,639,0,0,0,0,0,0,0,0,0,0,0,0,0,0,0,0,0,0,0,0,0,0,0,0,0,0,0,0,0,0,0,0,0,0,0,0,0,0,0,0,0,0,0,0,0,0,0,0,0,0,0,0,0,0,0,0,0,0,0,0,0,0,0,0,0,29,8,8,49,35,23,16,4294967295,4294967295,33
162,0.600000024,69,69,1,64,3,61,3,61,0,68,4352,3103,1249,1249,0,33,3070,0,22,22,68,2121,3231,33,0,655,10,14,0,1048576,0,0,0,inf,0.859176636,1.00378418,1.09143066,0,0,0,0,0,0,0,0,0,0,0,0,0,0,0,0,0,0,0,0,0,0,0,655,0,0,0,0,0,0,0,0,0,0,0,0,0,0,0,0,0,0,0,0,0,0,0,0,0,0,0,0,0,0,0,0,0,0,0,0,0,0,0,0,0,0,0,0,0,0,0,0,0,0,0,0,0,0,0,0,0,0,0,0,0,0,0,0,0,13,2,23,9,4294967295,4294967295,4294967295,35,4294967295,45
163,1,69,69,1,64,4,60,1,60,3,65,4352,2177,2175,2175,0,19,2158,0,12,12,68,1543,2305,19,0,1023,10,14,0,1048576,0,0,0,inf,0.49571228,0.642776489,0.655822754,0,0,0,0,0,0,0,0,0,0,0,0,0,0,0,0,0,0,0,0,0,0,0,1023,0,0,0,0,0,0,0,0,0,0,0,0,0,0,0,0,0,0,0,0,0,0,0,0,0,0,0,0,0,0,0,0,0,0,0,0,0,0,0,0,0,0,0,0,0,0,0,0,0,0,0,0,0,0,0,0,0,0,0,0,0,0,0,0,0,5,17,8,35,20,6,6,11,11,24
164,0.699999988,69,69,1,64,1,63,1,63,0,68,4352,3034,1318,1318,0,14,3020,0,14,14,68,2955,3162,14,0,127,10,14,0,1048576,0,0,0,inf,0.252349854,0.284103394,0.418823242,0,0,0,0,0,0,0,0,0,0,0,0,0,0,0,0,0,0,0,0,0,0,0,127,0,0,0,0,0,0,0,0,0,0,0,0,0,0,0,0,0,0,0,0,0,0,0,0,0,0,0,0,0,0,0,0,0,0,0,0,0,0,0,0,0,0,0,0,0,0,0,0,0,0,0,0,0,0,0,0,0,0,0,0,0,0,0,0,0,6,62,29,24,38,2,46,4294967295,4294967295,4294967295
165,0.899999976,69,69,1,64,4,60,3,60,1,67,4352,1799,2553,2553,0,21,1778,0,20,20,68,1265,1927,21,0,511,10,14,0,1048576,0,0,0,inf,0.687103271,0.811889648,0.867965698,0,0,0,0,0,0,0,0,0,0,0,0,0,0,0,0,0,0,0,0,0,0,0,511,0,0,0,0,0,0,0,0,0,0,0,0,0,0,0,0,0,0,0,0,0,0,0,0,0,0,0,0,0,0,0,0,0,0,0,0,0,0,0,0,0,0,0,0,0,0,0,0,0,0,0,0,0,0,0,0,0,0,0,0,0,0,0,0,0,3,60,31,28,4,7,66,23,4,4294967295
166,0.400000006,69,69,1,64,0,64,0,64,0,68,4352,2506,1846,1846,0,13,2493,0,12,12,68,2391,2634,13,0,51,10,14,0,1048576,0,0,0,inf,1.03640747,1.26235962,1.5680542,0,0,0,0,0,0,0,0,0,0,0,0,0,0,0,0,0,0,0,0,0,0,0,51,0,0,0,0,0,0,0,0,0,0,0,0,0,0,0,0,0,0,0,0,0,0,0,0,0,0,0,0,0,0,0,0,0,0,0,0,0,0,0,0,0,0,0,0,0,0,0,0,0,0,0,0,0,0,0,0,0,0,0,0,0,0,0,0,0,4,17,4294967295,4294967295,14,8,4294967295,4294967295,4294967295,4294967295
167,0.400000006,69,69,1,64,1,63,1,63,0,68,4352,3247,1105,1105,0,7,3240,0,8,8,68,3443,3375,7,0,353,8,14,0,1048576,0,0,0,inf,1.07315063,1.19270325,inf,0,0,0,0,0,0,0,0,0,0,0,0,0,0,0,0,0,0,0,0,0,0,0,353,0,0,0,0,0,0,0,0,0,0,0,0,0,0,0,0,0,0,0,0,0,0,0,0,0,0,0,0,0,0,0,0,0,0,0,0,0,0,0,0,0,0,0,0,0,0,0,0,0,0,0,0,0,0,0,0,0,0,0,0,0,0,0,0,0,4,4294967295,4294967295,4294967295,4294967295,40,58,4294967295,46,4294967295
168,0.600000024,69,69,1,64,4,60,2,60,2,66,4352,3513,839,839,0,85,3428,0,26,24,68,1584,3641,85,0,235,10,14,0,1048576,0,0,0,inf,0.620758057,0.69619751,0.731399536,0,0,0,0,0,0,0,0,0,0,0,0,0,0,0,0,0,0,0,0,0,0,0,235,0,0,0,0,0,0,0,0,0,0,0,0,0,0,0,0,0,0,0,0,0,0,0,0,0,0,0,0,0,0,0,0,0,0,0,0,0,0,0,0,0,0,0,0,0,0,0,0,0,0,0,0,0,0,0,0,0,0,0,0,0,0,0,0,0,1,2,4294967295,18,4294967295,18,5,8,4294967295,4294967295
169,0.400000006,69,69,1,64,2,62,0,62,2,66,4352,3661,691,691,0,20,3641,0,20,20,68,3350,3789,20,0,23,10,14,0,1048576,0,0,0,inf,0.87310791,0.946792603,1.20895386,0,0,0,0,0,0,0,0,0,0,0,0,0,0,0,0,0,0,0,0,0,0,0,23,0,0,0,0,0,0,0,0,0,0,0,0,0,0,0,0,0,0,0,0,0,0,0,0,0,0,0,0,0,0,0,0,0,0,0,0,0,0,0,0,0,0,0,0,0,0,0,0,0,0,0,0,0,0,0,0,0,0,0,0,0,0,0,0,0,9,9,9,4294967295,7,4294967295,4294967295,4294967295,4294967295,4294967295
170,0.699999988,69,69,1,64,1,63,0,63,1,67,4352,2892,1460,1460,0,18,2874,0,17,17,68,2608,3020,18,0,247,10,14,0,1048576,0,0,0,inf,0.853988647,1.02018738,1.24087524,0,0,0,0,0,0,0,0,0,0,0,0,0,0,0,0,0,0,0,0,0,0,0,247,0,0,0,0,0,0,0,0,0,0,0,0,0,0,0,0,0,0,0,0,0,0,0,0,0,0,0,0,0,0,0,0,0,0,0,0,0,0,0,0,0,0,0,0,0,0,0,0,0,0,0,0,0,0,0,0,0,0,0,0,0,0,0,0,0,17,4,28,4294967295,20,63,63,15,4294967295,4294967295
171,0.400000006,69,69,1,64,2,62,2,62,0,68,4352,2959,1393,1393,0,6,2953,0,6,6,68,3155,3087,6,0,71,6,14,0,1048576,0,0,0,inf,0.527191162,0.626281738,inf,0,0,0,0,0,0,0,0,0,0,0,0,0,0,0,0,0,0,0,0,0,0,0,71,0,0,0,0,0,0,0,0,0,0,0,0,0,0,0,0,0,0,0,0,0,0,0,0,0,0,0,0,0,0,0,0,0,0,0,0,0,0,0,0,0,0,0,0,0,0,0,0,0,0,0,0,0,0,0,0,0,0,0,0,0,0,0,0,0,10,44,61,4294967295,4294967295,4294967295,5,4294967295,4294967295,4294967295
172,1,69,69,1,64,10,54,4,54,6,62,4352,3336,1016,1016,0,93,3243,0,38,28,68,646,3464,93,0,1023,10,14,0,1048576,0,0,0,inf,0.973907471,1.09988403,0.993759155,0,0,0,0,0,0,0,0,0,0,0,0,0,0,0,0,0,0,0,0,0,0,0,1023,0,0,0,0,0,0,0,0,0,0,0,0,0,0,0,0,0,0,0,0,0,0,0,0,0,0,0,0,0,0,0,0,0,0,0,0,0,0,0,0,0,0,0,0,0,0,0,0,0,0,0,0,0,0,0,0,0,0,0,0,0,0,0,0,0,21,48,3,3,31,5,22,3,26,3
173,0.699999988,69,69,1,64,2,62,1,62,1,67,4352,3259,1093,1093,0,19,3240,0,16,16,68,2986,3387,19,0,827,10,14,0,1048576,0,0,0,inf,0.457336426,0.540817261,0.684432983,0,0,0,0,0,0,0,0,0,0,0,0,0,0,0,0,0,0,0,0,0,0,0,827,0,0,0,0,0,0,0,0,0,0,0,0,0,0,0,0,0,0,0,0,0,0,0,0,0,0,0,0,0,0,0,0,0,0,0,0,0,0,0,0,0,0,0,0,0,0,0,0,0,0,0,0,0,0,0,0,0,0,0,0,0,0,0,0,0,10,62,4294967295,8,43,30,4294967295,4294967295,28,61
174,1,69,69,1,64,14,50,5,50,9,59,4352,3724,628,628,0,384,3340,0,53,46,68,766,3852,384,0,1023,10,14,0,1048576,0,0,0,inf,0.85144043,0.948425293,0.859451294,0,0,0,0,0,0,0,0,0,0,0,0,0,0,0,0,0,0,0,0,0,0,0,1023,0,0,0,0,0,0,0,0,0,0,0,0,0,0,0,0,0,0,0,0,0,0,0,0,0,0,0,0,0,0,0,0,0,0,0,0,0,0,0,0,0,0,0,0,0,0,0,0,0,0,0,0,0,0,0,0,0,0,0,0,0,0,0,0,0,9,28,6,10,28,6,30,5,5,16
175,0.400000006,69,69,1,64,0,64,0,64,0,68,4352,3397,955,955,0,7,3390,0,7,7,68,3593,3525,7,0,275,7,14,0,1048576,0,0,0,inf,0.998596191,1.13807678,inf,0,0,0,0,0,0,0,0,0,0,0,0,0,0,0,0,0,0,0,0,0,0,0,275,0,0,0,0,0,0,0,0,0,0,0,0,0,0,0,0,0,0,0,0,0,0,0,0,0,0,0,0,0,0,0,0,0,0,0,0,0,0,0,0,0,0,0,0,0,0,0,0,0,0,0,0,0,0,0,0,0,0,0,0,0,0,0,0,0,50,42,4294967295,4294967295,11,4294967295,4294967295,4294967295,19,4294967295
176,0.699999988,69,69,1,64,2,62,0,62,2,66,4352,3401,951,951,0,52,3349,0,23,22,68,1976,3529,52,0,815,10,14,0,1048576,0,0,0,inf,0.881088257,0.95413208,1.08062744,0,0,0,0,0,0,0,0,0,0,0,0,0,0,0,0,0,0,0,0,0,0,0,815,0,0,0,0,0,0,0,0,0,0,0,0,0,0,0,0,0,0,0,0,0,0,0,0,0,0,0,0,0,0,0,0,0,0,0,0,0,0,0,0,0,0,0,0,0,0,0,0,0,0,0,0,0,0,0,0,0,0,0,0,0,0,0,0,0,38,7,37,4,4294967295,6,4294967295,4294967295,27,11
177,0.800000012,69,69,1,64,1,63,0,63,1,67,4352,2637,1715,1715,0,35,2602,0,20,19,68,1343,2765,35,0,831,10,14,0,1048576,0,0,0,inf,0.886688232,1.00930786,1.08125305,0,0,0,0,0,0,0,0,0,0,0,0,0,0,0,0,0,0,0,0,0,0,0,831,0,0,0,0,0,0,0,0,0,0,0,0,0,0,0,0,0,0,0,0,0,0,0,0,0,0,0,0,0,0,0,0,0,0,0,0,0,0,0,0,0,0,0,0,0,0,0,0,0,0,0,0,0,0,0,0,0,0,0,0,0,0,0,0,0,6,4,3,18,31,23,4294967295,4294967295,31,13
178,0.300000012,69,69,1,64,0,64,0,64,0,68,4352,3494,858,858,0,5,3489,0,7,7,68,3690,3622,5,0,131,7,14,0,1048576,0,0,0,inf,0.994308472,1.20793152,inf,0,0,0,0,0,0,0,0,0,0,0,0,0,0,0,0,0,0,0,0,0,0,0,131,0,0,0,0,0,0,0,0,0,0,0,0,0,0,0,0,0,0,0,0,0,0,0,0,0,0,0,0,0,0,0,0,0,0,0,0,0,0,0,0,0,0,0,0,0,0,0,0,0,0,0,0,0,0,0,0,0,0,0,0,0,0,0,0,0,20,31,4294967295,4294967295,4294967295,4294967295,4294967295,41,4294967295,4294967295
179,0.300000012,69,69,1,64,0,64,0,64,0,68,4352,2079,2273,2273,0,6,2073,0,6,6,68,2275,2207,6,0,259,6,14,0,1048576,0,0,0,inf,0.782333374,1.13809204,inf,0,0,0,0,0,0,0,0,0,0,0,0,0,0,0,0,0,0,0,0,0,0,0,259,0,0,0,0,0,0,0,0,0,0,0,0,0,0,0,0,0,0,0,0,0,0,0,0,0,0,0,0,0,0,0,0,0,0,0,0,0,0,0,0,0,0,0,0,0,0,0,0,0,0,0,0,0,0,0,0,0,0,0,0,0,0,0,0,0,33,14,4294967295,4294967295,4294967295,4294967295,4294967295,4294967295,59,4294967295
180,0.800000012,69,69,1,64,0,64,0,64,0,68,4352,2887,1465,1465,0,19,2868,0,16,16,68,2319,3015,19,0,495,10,14,0,1048576,0,0,0,inf,0.868545532,1.00234985,1.17456055,0,0,0,0,0,0,0,0,0,0,0,0,0,0,0,0,0,0,0,0,0,0,0,495,0,0,0,0,0,0,0,0,0,0,0,0,0,0,0,0,0,0,0,0,0,0,0,0,0,0,0,0,0,0,0,0,0,0,0,0,0,0,0,0,0,0,0,0,0,0,0,0,0,0,0,0,0,0,0,0,0,0,0,0,0,0,0,0,0,18,9,20,48,4294967295,36,21,3,44,4294967295
181,0.5,69,69,1,64,0,64,0,64,0,68,4352,3700,652,652,0,17,3683,0,14,14,68,3322,3828,17,0,569,10,14,0,1048576,0,0,0,inf,0.720611572,0.801422119,1.06016541,0,0,0,0,0,0,0,0,0,0,0,0,0,0,0,0,0,0,0,0,0,0,0,569,0,0,0,0,0,0,0,0,0,0,0,0,0,0,0,0,0,0,0,0,0,0,0,0,0,0,0,0,0,0,0,0,0,0,0,0,0,0,0,0,0,0,0,0,0,0,0,0,0,0,0,0,0,0,0,0,0,0,0,0,0,0,0,0,0,2,4294967295,4294967295,64,28,30,4294967295,4294967295,4294967295,10
182,0.800000012,69,69,1,64,4,60,1,60,3,65,4352,3208,1144,1144,0,20,3188,0,15,15,68,2298,3336,20,0,383,10,14,0,1048576,0,0,0,inf,1.18617249,1.34388733,1.54042053,0,0,0,0,0,0,0,0,0,0,0,0,0,0,0,0,0,0,0,0,0,0,0,383,0,0,0,0,0,0,0,0,0,0,0,0,0,0,0,0,0,0,0,0,0,0,0,0,0,0,0,0,0,0,0,0,0,0,0,0,0,0,0,0,0,0,0,0,0,0,0,0,0,0,0,0,0,0,0,0,0,0,0,0,0,0,0,0,0,10,64,12,41,11,12,12,4294967295,11,4294967295
183,0.800000012,69,69,1,64,5,59,0,59,5,63,4352,2626,1726,1726,0,17,2609,0,16,16,68,1968,2754,17,0,703,10,14,0,1048576,0,0,0,inf,0.889266968,1.08583069,1.11550903,0,0,0,0,0,0,0,0,0,0,0,0,0,0,0,0,0,0,0,0,0,0,0,703,0,0,0,0,0,0,0,0,0,0,0,0,0,0,0,0,0,0,0,0,0,0,0,0,0,0,0,0,0,0,0,0,0,0,0,0,0,0,0,0,0,0,0,0,0,0,0,0,0,0,0,0,0,0,0,0,0,0,0,0,0,0,0,0,0,5,6,6,5,5,23,4294967295,33,4294967295,65
184,0.5,69,69,1,64,0,64,0,64,0,68,4352,2793,1559,1559,0,11,2782,0,11,11,68,2895,2921,11,0,171,10,14,0,1048576,0,0,0,inf,0.596435547,0.70980835,1.10749817,0,0,0,0,0,0,0,0,0,0,0,0,0,0,0,0,0,0,0,0,0,0,0,171,0,0,0,0,0,0,0,0,0,0,0,0,0,0,0,0,0,0,0,0,0,0,0,0,0,0,0,0,0,0,0,0,0,0,0,0,0,0,0,0,0,0,0,0,0,0,0,0,0,0,0,0,0,0,0,0,0,0,0,0,0,0,0,0,0,20,31,4294967295,48,4294967295,12,4294967295,39,4294967295,4294967295
185,0.899999976,69,69,1,64,2,62,1,62,1,67,4352,2964,1388,1388,0,28,2936,0,19,19,68,1955,3092,28,0,511,10,14,0,1048576,0,0,0,inf,0.749969482,0.876480103,0.95690918,0,0,0,0,0,0,0,0,0,0,0,0,0,0,0,0,0,0,0,0,0,0,0,511,0,0,0,0,0,0,0,0,0,0,0,0,0,0,0,0,0,0,0,0,0,0,0,0,0,0,0,0,0,0,0,0,0,0,0,0,0,0,0,0,0,0,0,0,0,0,0,0,0,0,0,0,0,0,0,0,0,0,0,0,0,0,0,0,0,9,37,12,18,5,15,12,10,66,4294967295
186,0.600000024,69,69,1,64,2,62,2,62,0,68,4352,3733,619,619,0,23,3710,0,20,20,68,3019,3861,23,0,807,10,14,0,1048576,0,0,0,inf,0.902908325,0.987182617,1.15722656,0,0,0,0,0,0,0,0,0,0,0,0,0,0,0,0,0,0,0,0,0,0,0,807,0,0,0,0,0,0,0,0,0,0,0,0,0,0,0,0,0,0,0,0,0,0,0,0,0,0,0,0,0,0,0,0,0,0,0,0,0,0,0,0,0,0,0,0,0,0,0,0,0,0,0,0,0,0,0,0,0,0,0,0,0,0,0,0,0,49,36,33,4294967295,4294967295,28,4294967295,4294967295,42,41
187,0.300000012,69,69,1,64,1,63,1,63,0,68,4352,3625,727,727,0,18,3607,0,17,17,68,3348,3753,18,0,131,10,14,0,1048576,0,0,0,inf,1.02659607,1.18380737,1.55053711,0,0,0,0,0,0,0,0,0,0,0,0,0,0,0,0,0,0,0,0,0,0,0,131,0,0,0,0,0,0,0,0,0,0,0,0,0,0,0,0,0,0,0,0,0,0,0,0,0,0,0,0,0,0,0,0,0,0,0,0,0,0,0,0,0,0,0,0,0,0,0,0,0,0,0,0,0,0,0,0,0,0,0,0,0,0,0,0,0,67,14,4294967295,4294967295,4294967295,4294967295,4294967295,10,4294967295,4294967295
188,0.800000012,69,69,1,64,2,62,0,62,2,66,4352,2893,1459,1459,0,49,2844,0,18,18,68,1318,3021,49,0,751,10,14,0,1048576,0,0,0,inf,0.560119629,0.664520264,0.691436768,0,0,0,0,0,0,0,0,0,0,0,0,0,0,0,0,0,0,0,0,0,0,0,751,0,0,0,0,0,0,0,0,0,0,0,0,0,0,0,0,0,0,0,0,0,0,0,0,0,0,0,0,0,0,0,0,0,0,0,0,0,0,0,0,0,0,0,0,0,0,0,0,0,0,0,0,0,0,0,0,0,0,0,0,0,0,0,0,0,4,15,12,10,4294967295,11,2,2,4294967295,46
189,0.300000012,69,69,1,64,1,63,1,63,0,68,4352,3743,609,609,0,17,3726,0,17,17,68,3578,3871,17,0,41,10,14,0,1048576,0,0,0,inf,0.938919067,0.999389648,1.37057495,0,0,0,0,0,0,0,0,0,0,0,0,0,0,0,0,0,0,0,0,0,0,0,41,0,0,0,0,0,0,0,0,0,0,0,0,0,0,0,0,0,0,0,0,0,0,0,0,0,0,0,0,0,0,0,0,0,0,0,0,0,0,0,0,0,0,0,0,0,0,0,0,0,0,0,0,0,0,0,0,0,0,0,0,0,0,0,0,0,50,4294967295,4294967295,12,4294967295,9,4294967295,4294967295,4294967295,4294967295
190,0.5,69,69,1,64,1,63,0,63,1,67,4352,2176,2176,2176,0,11,2165,0,11,11,68,2336,2304,11,0,55,10,14,0,1048576,0,0,0,inf,0.864440918,1.1504364,1.67268372,0,0,0,0,0,0,0,0,0,0,0,0,0,0,0,0,0,0,0,0,0,0,0,55,0,0,0,0,0,0,0,0,0,0,0,0,0,0,0,0,0,0,0,0,0,0,0,0,0,0,0,0,0,0,0,0,0,0,0,0,0,0,0,0,0,0,0,0,0,0,0,0,0,0,0,0,0,0,0,0,0,0,0,0,0,0,0,0,0,7,9,16,4294967295,40,11,4294967295,4294967295,4294967295,4294967295
191,0.800000012,69,69,1,64,2,62,2,62,0,68,4352,3142,1210,1210,0,29,3113,0,20,19,68,1864,3270,29,0,1003,10,14,0,1048576,0,0,0,inf,0.585784912,0.737045288,0.746734619,0,0,0,0,0,0,0,0,0,0,0,0,0,0,0,0,0,0,0,0,0,0,0,1003,0,0,0,0,0,0,0,0,0,0,0,0,0,0,0,0,0,0,0,0,0,0,0,0,0,0,0,0,0,0,0,0,0,0,0,0,0,0,0,0,0,0,0,0,0,0,0,0,0,0,0,0,0,0,0,0,0,0,0,0,0,0,0,0,0,16,61,4294967295,28,4294967295,41,20,9,18,18
192,1,69,69,1,64,45,19,12,19,33,35,4352,1448,2904,2904,0,144,1304,0,46,39,68,579,1576,144,0,1023,10,14,0,1048576,0,0,0,inf,0.302688599,0.707763672,0.182022095,0,0,0,0,0,0,0,0,0,0,0,0,0,0,0,0,0,0,0,0,0,0,0,1023,0,0,0,0,0,0,0,0,0,0,0,0,0,0,0,0,0,0,0,0,0,0,0,0,0,0,0,0,0,0,0,0,0,0,0,0,0,0,0,0,0,0,0,0,0,0,0,0,0,0,0,0,0,0,0,0,0,0,0,0,0,0,0,0,0,8,9,9,10,11,11,9,12,9,9
193,0.300000012,69,69,1,64,1,63,0,63,1,67,4352,3714,638,638,0,25,3689,0,19,19,68,3432,3842,25,0,73,10,14,0,1048576,0,0,0,inf,1.19284058,1.29454041,1.59359741,0,0,0,0,0,0,0,0,0,0,0,0,0,0,0,0,0,0,0,0,0,0,0,73,0,0,0,0,0,0,0,0,0,0,0,0,0,0,0,0,0,0,0,0,0,0,0,0,0,0,0,0,0,0,0,0,0,0,0,0,0,0,0,0,0,0,0,0,0,0,0,0,0,0,0,0,0,0,0,0,0,0,0,0,0,0,0,0,0,6,4294967295,4294967295,2,4294967295,4294967295,56,4294967295,4294967295,4294967295
194,0,69,69,1,64,0,64,0,64,0,68,4352,3232,1120,1120,0,14,3218,0,15,15,68,3367,3360,14,0,0,10,14,0,1048576,0,0,0,inf,1.0320282,1.17219543,1.60073853,0,0,0,0,0,0,0,0,0,0,0,0,0,0,0,0,0,0,0,0,0,0,0,0,0,0,0,0,0,0,0,0,0,0,0,0,0,0,0,0,0,0,0,0,0,0,0,0,0,0,0,0,0,0,0,0,0,0,0,0,0,0,0,0,0,0,0,0,0,0,0,0,0,0,0,0,0,0,0,0,0,0,0,0,0,0,0,0,0,4294967295,4294967295,4294967295,4294967295,4294967295,4294967295,4294967295,4294967295,4294967295,4294967295
195,0.100000001,69,69,1,64,0,64,0,64,0,68,4352,3671,681,681,0,6,3665,0,7,7,68,3867,3799,6,0,8,7,14,0,1048576,0,0,0,inf,1.01502991,1.06111145,inf,0,0,0,0,0,0,0,0,0,0,0,0,0,0,0,0,0,0,0,0,0,0,0,8,0,0,0,0,0,0,0,0,0,0,0,0,0,0,0,0,0,0,0,0,0,0,0,0,0,0,0,0,0,0,0,0,0,0,0,0,0,0,0,0,0,0,0,0,0,0,0,0,0,0,0,0,0,0,0,0,0,0,0,0,0,0,0,0,0,4294967295,4294967295,4294967295,18,4294967295,4294967295,4294967295,4294967295,4294967295,4294967295
196,0.600000024,69,69,1,64,4,60,0,60,4,64,4352,1742,2610,2610,0,6,1736,0,6,6,68,1938,1870,6,0,63,6,14,0,1048576,0,0,0,inf,1.09397888,1.45935059,inf,0,0,0,0,0,0,0,0,0,0,0,0,0,0,0,0,0,0,0,0,0,0,0,63,0,0,0,0,0,0,0,0,0,0,0,0,0,0,0,0,0,0,0,0,0,0,0,0,0,0,0,0,0,0,0,0,0,0,0,0,0,0,0,0,0,0,0,0,0,0,0,0,0,0,0,0,0,0,0,0,0,0,0,0,0,0,0,0,0,5,6,5,6,6,35,4294967295,4294967295,4294967295,4294967295
197,0.200000003,69,69,1,64,0,64,0,64,0,68,4352,3528,824,824,0,10,3518,0,10,10,68,3718,3656,10,0,20,10,14,0,1048576,0,0,0,inf,1.05662537,1.13563538,1.74108887,0,0,0,0,0,0,0,0,0,0,0,0,0,0,0,0,0,0,0,0,0,0,0,20,0,0,0,0,0,0,0,0,0,0,0,0,0,0,0,0,0,0,0,0,0,0,0,0,0,0,0,0,0,0,0,0,0,0,0,0,0,0,0,0,0,0,0,0,0,0,0,0,0,0,0,0,0,0,0,0,0,0,0,0,0,0,0,0,0,4294967295,4294967295,15,4294967295,41,4294967295,4294967295,4294967295,4294967295,4294967295
198,0.400000006,69,69,1,64,0,64,0,64,0,68,4352,3382,970,970,0,11,3371,0,11,11,68,3488,3510,11,0,147,10,14,0,1048576,0,0,0,inf,0.626525879,0.798522949,1.48298645,0,0,0,0,0,0,0,0,0,0,0,0,0,0,0,0,0,0,0,0,0,0,0,147,0,0,0,0,0,0,0,0,0,0,0,0,0,0,0,0,0,0,0,0,0,0,0,0,0,0,0,0,0,0,0,0,0,0,0,0,0,0,0,0,0,0,0,0,0,0,0,0,0,0,0,0,0,0,0,0,0,0,0,0,0,0,0,0,0,6,9,4294967295,4294967295,21,4294967295,4294967295,35,4294967295,4294967295
199,0.5,69,69,1,64,0,64,0,64,0,68,4352,2783,1569,1569,0,13,2770,0,13,13,68,2672,2911,13,0,824,10,14,0,1048576,0,0,0,inf,0.899520874,1.09280396,1.24865723,0,0,0,0,0,0,0,0,0,0,0,0,0,0,0,0,0,0,0,0,0,0,0,824,0,0,0,0,0,0,0,0,0,0,0,0,0,0,0,0,0,0,0,0,0,0,0,0,0,0,0,0,0,0,0,0,0,0,0,0,0,0,0,0,0,0,0,0,0,0,0,0,0,0,0,0,0,0,0,0,0,0,0,0,0,0,0,0,0,4294967295,4294967295,4294967295,35,9,47,4294967295,4294967295,14,55
200,0.600000024,69,69,1,64,2,62,0,62,2,66,4352,3734,618,618,0,23,3711,0,22,22,68,2671,3862,23,0,903,10,14,0,1048576,0,0,0,inf,1.01274109,1.11250305,1.24893188,0,0,0,0,0,0,0,0,0,0,0,0,0,0,0,0,0,0,0,0,0,0,0,903,0,0,0,0,0,0,0,0,0,0,0,0,0,0,0,0,0,0,0,0,0,0,0,0,0,0,0,0,0,0,0,0,0,0,0,0,0,0,0,0,0,0,0,0,0,0,0,0,0,0,0,0,0,0,0,0,0,0,0,0,0,0,0,0,0,28,31,34,4294967295,4294967295,4294967295,4294967295,43,24,37
201,0.200000003,69,69,1,64,0,64,0,64,0,68,4352,3671,681,681,0,13,3658,0,11,11,68,3391,3799,13,0,48,10,14,0,1048576,0,0,0,inf,1.07460022,1.11950684,1.47395325,0,0,0,0,0,0,0,0,0,0,0,0,0,0,0,0,0,0,0,0,0,0,0,48,0,0,0,0,0,0,0,0,0,0,0,0,0,0,0,0,0,0,0,0,0,0,0,0,0,0,0,0,0,0,0,0,0,0,0,0,0,0,0,0,0,0,0,0,0,0,0,0,0,0,0,0,0,0,0,0,0,0,0,0,0,0,0,0,0,4294967295,4294967295,4294967295,4294967295,22,19,4294967295,4294967295,4294967295,4294967295
202,0.600000024,69,69,1,64,3,61,0,61,3,65,4352,3219,1133,1133,0,27,3192,0,19,18,68,2580,3347,27,0,119,10,14,0,1048576,0,0,0,inf,1.1138916,1.25996399,1.51475525,0,0,0,0,0,0,0,0,0,0,0,0,0,0,0,0,0,0,0,0,0,0,0,119,0,0,0,0,0,0,0,0,0,0,0,0,0,0,0,0,0,0,0,0,0,0,0,0,0,0,0,0,0,0,0,0,0,0,0,0,0,0,0,0,0,0,0,0,0,0,0,0,0,0,0,0,0,0,0,0,0,0,0,0,0,0,0,0,0,7,22,4,4294967295,8,23,61,4294967295,4294967295,4294967295
203,1,69,69,1,64,20,44,13,44,7,61,4352,2329,2023,2023,0,412,1917,0,60,48,68,532,2457,412,0,1023,10,14,0,1048576,0,0,0,inf,1.15240479,1.43481445,1.15364075,0,0,0,0,0,0,0,0,0,0,0,0,0,0,0,0,0,0,0,0,0,0,0,1023,0,0,0,0,0,0,0,0,0,0,0,0,0,0,0,0,0,0,0,0,0,0,0,0,0,0,0,0,0,0,0,0,0,0,0,0,0,0,0,0,0,0,0,0,0,0,0,0,0,0,0,0,0,0,0,0,0,0,0,0,0,0,0,0,0,5,5,3,4,5,4,5,9,30,6
204,1,69,69,1,64,20,44,5,44,15,53,4352,3726,626,626,0,139,3587,0,28,25,68,1040,3854,139,0,1023,10,14,0,1048576,0,0,0,inf,0.686279297,0.755432129,0.629074097,0,0,0,0,0,0,0,0,0,0,0,0,0,0,0,0,0,0,0,0,0,0,0,1023,0,0,0,0,0,0,0,0,0,0,0,0,0,0,0,0,0,0,0,0,0,0,0,0,0,0,0,0,0,0,0,0,0,0,0,0,0,0,0,0,0,0,0,0,0,0,0,0,0,0,0,0,0,0,0,0,0,0,0,0,0,0,0,0,0,20,7,19,19,20,20,24,7,11,45
205,0.300000012,69,69,1,64,0,64,0,64,0,68,4352,2742,1610,1610,0,5,2737,0,5,5,68,2938,2870,5,0,261,5,14,0,1048576,0,0,0,inf,0.893936157,1.08326721,inf,0,0,0,0,0,0,0,0,0,0,0,0,0,0,0,0,0,0,0,0,0,0,0,261,0,0,0,0,0,0,0,0,0,0,0,0,0,0,0,0,0,0,0,0,0,0,0,0,0,0,0,0,0,0,0,0,0,0,0,0,0,0,0,0,0,0,0,0,0,0,0,0,0,0,0,0,0,0,0,0,0,0,0,0,0,0,0,0,0,26,4294967295,38,4294967295,4294967295,4294967295,4294967295,4294967295,46,4294967295
206,0.800000012,69,69,1,64,2,62,1,62,1,67,4352,2731,1621,1621,0,63,2668,0,28,26,68,1546,2859,63,0,955,10,14,0,1048576,0,0,0,inf,0.604324341,0.726837158,0.757873535,0,0,0,0,0,0,0,0,0,0,0,0,0,0,0,0,0,0,0,0,0,0,0,955,0,0,0,0,0,0,0,0,0,0,0,0,0,0,0,0,0,0,0,0,0,0,0,0,0,0,0,0,0,0,0,0,0,0,0,0,0,0,0,0,0,0,0,0,0,0,0,0,0,0,0,0,0,0,0,0,0,0,0,0,0,0,0,0,0,7,22,4294967295,5,7,60,4294967295,27,20,5
207,0.600000024,69,69,1,64,1,63,0,63,1,67,4352,2905,1447,1447,0,7,2898,0,7,7,68,3101,3033,7,0,311,7,14,0,1048576,0,0,0,inf,0.84614563,0.955444336,inf,0,0,0,0,0,0,0,0,0,0,0,0,0,0,0,0,0,0,0,0,0,0,0,311,0,0,0,0,0,0,0,0,0,0,0,0,0,0,0,0,0,0,0,0,0,0,0,0,0,0,0,0,0,0,0,0,0,0,0,0,0,0,0,0,0,0,0,0,0,0,0,0,0,0,0,0,0,0,0,0,0,0,0,0,0,0,0,0,0,4,21,21,4294967295,14,43,4294967295,4294967295,11,4294967295
208,1,69,69,1,64,17,47,1,47,16,52,4352,2118,2234,2234,0,268,1850,0,37,34,68,587,2246,268,0,1023,10,14,0,1048576,0,0,0,inf,0.741699219,1.02069092,0.691741943,0,0,0,0,0,0,0,0,0,0,0,0,0,0,0,0,0,0,0,0,0,0,0,1023,0,0,0,0,0,0,0,0,0,0,0,0,0,0,0,0,0,0,0,0,0,0,0,0,0,0,0,0,0,0,0,0,0,0,0,0,0,0,0,0,0,0,0,0,0,0,0,0,0,0,0,0,0,0,0,0,0,0,0,0,0,0,0,0,0,4,6,35,5,14,14,11,6,13,14
209,0.699999988,69,69,1,64,3,61,1,61,2,66,4352,3410,942,942,0,38,3372,0,22,21,68,2216,3538,38,0,431,10,14,0,1048576,0,0,0,inf,0.708450317,0.785339355,0.872650146,0,0,0,0,0,0,0,0,0,0,0,0,0,0,0,0,0,0,0,0,0,0,0,431,0,0,0,0,0,0,0,0,0,0,0,0,0,0,0,0,0,0,0,0,0,0,0,0,0,0,0,0,0,0,0,0,0,0,0,0,0,0,0,0,0,0,0,0,0,0,0,0,0,0,0,0,0,0,0,0,0,0,0,0,0,0,0,0,0,10,14,47,8,4294967295,29,4294967295,40,47,4294967295
210,0.600000024,69,69,1,64,0,64,0,64,0,68,4352,3001,1351,1351,0,37,2964,0,18,18,68,1610,3129,37,0,797,10,14,0,1048576,0,0,0,inf,0.590789795,0.693710327,0.745422363,0,0,0,0,0,0,0,0,0,0,0,0,0,0,0,0,0,0,0,0,0,0,0,797,0,0,0,0,0,0,0,0,0,0,0,0,0,0,0,0,0,0,0,0,0,0,0,0,0,0,0,0,0,0,0,0,0,0,0,0,0,0,0,0,0,0,0,0,0,0,0,0,0,0,0,0,0,0,0,0,0,0,0,0,0,0,0,0,0,5,4294967295,16,27,27,4294967295,4294967295,4294967295,12,13
211,0.899999976,69,69,1,64,2,62,2,62,0,68,4352,3080,1272,1272,0,44,3036,0,19,19,68,1613,3208,44,0,895,10,14,0,1048576,0,0,0,inf,1.10501099,1.20518494,1.3019104,0,0,0,0,0,0,0,0,0,0,0,0,0,0,0,0,0,0,0,0,0,0,0,895,0,0,0,0,0,0,0,0,0,0,0,0,0,0,0,0,0,0,0,0,0,0,0,0,0,0,0,0,0,0,0,0,0,0,0,0,0,0,0,0,0,0,0,0,0,0,0,0,0,0,0,0,0,0,0,0,0,0,0,0,0,0,0,0,0,42,67,11,29,15,42,29,4294967295,29,13
212,0.899999976,69,69,1,64,5,59,3,59,2,66,4352,3016,1336,1336,0,44,2972,0,27,27,68,1815,3144,44,0,767,10,14,0,1048576,0,0,0,inf,0.756820679,0.911453247,0.901931763,0,0,0,0,0,0,0,0,0,0,0,0,0,0,0,0,0,0,0,0,0,0,0,767,0,0,0,0,0,0,0,0,0,0,0,0,0,0,0,0,0,0,0,0,0,0,0,0,0,0,0,0,0,0,0,0,0,0,0,0,0,0,0,0,0,0,0,0,0,0,0,0,0,0,0,0,0,0,0,0,0,0,0,0,0,0,0,0,0,18,3,52,46,43,2,10,13,4294967295,39
213,0.899999976,69,69,1,64,4,60,3,60,1,67,4352,2864,1488,1488,0,49,2815,0,26,26,68,1850,2992,49,0,959,10,14,0,1048576,0,0,0,inf,0.886184692,1.05291748,1.14837646,0,0,0,0,0,0,0,0,0,0,0,0,0,0,0,0,0,0,0,0,0,0,0,959,0,0,0,0,0,0,0,0,0,0,0,0,0,0,0,0,0,0,0,0,0,0,0,0,0,0,0,0,0,0,0,0,0,0,0,0,0,0,0,0,0,0,0,0,0,0,0,0,0,0,0,0,0,0,0,0,0,0,0,0,0,0,0,0,0,9,23,2,2,52,3,4294967295,63,47,27
214,1,69,69,1,64,17,47,5,47,12,56,4352,2743,1609,1609,0,109,2634,0,23,16,68,694,2871,109,0,1023,10,14,0,1048576,0,0,0,inf,1.22070312,1.43232727,1.15820312,0,0,0,0,0,0,0,0,0,0,0,0,0,0,0,0,0,0,0,0,0,0,0,1023,0,0,0,0,0,0,0,0,0,0,0,0,0,0,0,0,0,0,0,0,0,0,0,0,0,0,0,0,0,0,0,0,0,0,0,0,0,0,0,0,0,0,0,0,0,0,0,0,0,0,0,0,0,0,0,0,0,0,0,0,0,0,0,0,0,5,6,6,7,8,6,10,10,6,7
215,0.699999988,69,69,1,64,0,64,0,64,0,68,4352,2904,1448,1448,0,26,2878,0,20,20,68,1932,3032,26,0,463,10,14,0,1048576,0,0,0,inf,0.967803955,1.07788086,1.25808716,0,0,0,0,0,0,0,0,0,0,0,0,0,0,0,0,0,0,0,0,0,0,0,463,0,0,0,0,0,0,0,0,0,0,0,0,0,0,0,0,0,0,0,0,0,0,0,0,0,0,0,0,0,0,0,0,0,0,0,0,0,0,0,0,0,0,0,0,0,0,0,0,0,0,0,0,0,0,0,0,0,0,0,0,0,0,0,0,0,19,17,23,16,4294967295,4294967295,46,28,65,4294967295
216,0.600000024,69,69,1,64,0,64,0,64,0,68,4352,3651,701,701,0,28,3623,0,22,22,68,2823,3779,28,0,814,10,14,0,1048576,0,0,0,inf,0.853546143,0.941589355,1.08517456,0,0,0,0,0,0,0,0,0,0,0,0,0,0,0,0,0,0,0,0,0,0,0,814,0,0,0,0,0,0,0,0,0,0,0,0,0,0,0,0,0,0,0,0,0,0,0,0,0,0,0,0,0,0,0,0,0,0,0,0,0,0,0,0,0,0,0,0,0,0,0,0,0,0,0,0,0,0,0,0,0,0,0,0,0,0,0,0,0,4294967295,46,40,40,4294967295,33,4294967295,4294967295,26,21
217,0.699999988,69,69,1,64,2,62,0,62,2,66,4352,2927,1425,1425,0,54,2873,0,26,25,68,1624,3055,54,0,251,10,14,0,1048576,0,0,0,inf,0.300674438,0.366699219,0.423629761,0,0,0,0,0,0,0,0,0,0,0,0,0,0,0,0,0,0,0,0,0,0,0,251,0,0,0,0,0,0,0,0,0,0,0,0,0,0,0,0,0,0,0,0,0,0,0,0,0,0,0,0,0,0,0,0,0,0,0,0,0,0,0,0,0,0,0,0,0,0,0,0,0,0,0,0,0,0,0,0,0,0,0,0,0,0,0,0,0,40,13,4294967295,33,7,7,9,8,4294967295,4294967295
218,1,69,69,1,64,61,3,9,3,53,15,4352,2667,1685,1685,0,698,1969,0,64,40,68,534,2795,698,0,1023,10,14,0,1048576,0,0,0,inf,0.754592896,0.806610107,0.646331787,0,0,0,0,0,0,0,0,0,0,0,0,0,0,0,0,0,0,0,0,0,0,0,1023,0,0,0,0,0,0,0,0,0,0,0,0,0,0,0,0,0,0,0,0,0,0,0,0,0,0,0,0,0,0,0,0,0,0,0,0,0,0,0,0,0,0,0,0,0,0,0,0,0,0,0,0,0,0,0,0,0,0,0,0,0,0,0,0,0,6,5,6,10,7,11,9,8,4,18
219,0.899999976,69,69,1,64,7,57,3,57,4,64,4352,3620,732,732,0,67,3553,0,22,21,68,1186,3748,67,0,1022,10,14,0,1048576,0,0,0,inf,1.01435852,1.08421326,1.05799866,0,0,0,0,0,0,0,0,0,0,0,0,0,0,0,0,0,0,0,0,0,0,0,1022,0,0,0,0,0,0,0,0,0,0,0,0,0,0,0,0,0,0,0,0,0,0,0,0,0,0,0,0,0,0,0,0,0,0,0,0,0,0,0,0,0,0,0,0,0,0,0,0,0,0,0,0,0,0,0,0,0,0,0,0,0,0,0,0,0,4294967295,8,10,6,6,10,44,46,17,13
220,1,69,69,1,64,37,27,15,27,22,46,4352,2421,1931,1931,0,455,1966,0,50,38,68,496,2549,455,0,1023,10,14,0,1048576,0,0,0,inf,0.694091797,0.805664062,0.653701782,0,0,0,0,0,0,0,0,0,0,0,0,0,0,0,0,0,0,0,0,0,0,0,1023,0,0,0,0,0,0,0,0,0,0,0,0,0,0,0,0,0,0,0,0,0,0,0,0,0,0,0,0,0,0,0,0,0,0,0,0,0,0,0,0,0,0,0,0,0,0,0,0,0,0,0,0,0,0,0,0,0,0,0,0,0,0,0,0,0,3,3,3,16,3,8,13,12,2,13
221,0.5,69,69,1,64,2,62,2,62,0,68,4352,3168,1184,1184,0,43,3125,0,26,26,68,2075,3296,43,0,79,10,14,0,1048576,0,0,0,inf,0.960952759,1.03088379,1.21559143,0,0,0,0,0,0,0,0,0,0,0,0,0,0,0,0,0,0,0,0,0,0,0,79,0,0,0,0,0,0,0,0,0,0,0,0,0,0,0,0,0,0,0,0,0,0,0,0,0,0,0,0,0,0,0,0,0,0,0,0,0,0,0,0,0,0,0,0,0,0,0,0,0,0,0,0,0,0,0,0,0,0,0,0,0,0,0,0,0,14,28,23,57,4294967295,4294967295,12,4294967295,4294967295,4294967295
222,0.300000012,69,69,1,64,2,62,1,62,1,67,4352,3942,410,410,0,42,3900,0,28,27,68,2507,4070,42,0,265,10,14,0,1048576,0,0,0,inf,0.968536377,1.11955261,1.14129639,0,0,0,0,0,0,0,0,0,0,0,0,0,0,0,0,0,0,0,0,0,0,0,265,0,0,0,0,0,0,0,0,0,0,0,0,0,0,0,0,0,0,0,0,0,0,0,0,0,0,0,0,0,0,0,0,0,0,0,0,0,0,0,0,0,0,0,0,0,0,0,0,0,0,0,0,0,0,0,0,0,0,0,0,0,0,0,0,0,49,4294967295,4294967295,62,4294967295,4294967295,4294967295,4294967295,43,4294967295
223,0.400000006,69,69,1,64,0,64,0,64,0,68,4352,3513,839,839,0,32,3481,0,19,19,68,2868,3641,32,0,58,10,14,0,1048576,0,0,0,inf,0.800247192,0.877044678,1.09002686,0,0,0,0,0,0,0,0,0,0,0,0,0,0,0,0,0,0,0,0,0,0,0,58,0,0,0,0,0,0,0,0,0,0,0,0,0,0,0,0,0,0,0,0,0,0,0,0,0,0,0,0,0,0,0,0,0,0,0,0,0,0,0,0,0,0,0,0,0,0,0,0,0,0,0,0,0,0,0,0,0,0,0,0,0,0,0,0,0,4294967295,62,4294967295,25,42,49,4294967295,4294967295,4294967295,4294967295
224,0.600000024,69,69,1,64,4,60,1,60,3,65,4352,3689,663,663,0,42,3647,0,23,22,68,2090,3817,42,0,335,10,14,0,1048576,0,0,0,inf,0.746398926,0.799880981,0.905700684,0,0,0,0,0,0,0,0,0,0,0,0,0,0,0,0,0,0,0,0,0,0,0,335,0,0,0,0,0,0,0,0,0,0,0,0,0,0,0,0,0,0,0,0,0,0,0,0,0,0,0,0,0,0,0,0,0,0,0,0,0,0,0,0,0,0,0,0,0,0,0,0,0,0,0,0,0,0,0,0,0,0,0,0,0,0,0,0,0,12,12,26,42,4294967295,4294967295,41,4294967295,11,4294967295
225,0.300000012,69,69,1,64,0,64,0,64,0,68,4352,1978,2374,2374,0,6,1972,0,7,7,68,2174,2106,6,0,21,7,14,0,1048576,0,0,0,inf,0.696685791,1.0537262,inf,0,0,0,0,0,0,0,0,0,0,0,0,0,0,0,0,0,0,0,0,0,0,0,21,0,0,0,0,0,0,0,0,0,0,0,0,0,0,0,0,0,0,0,0,0,0,0,0,0,0,0,0,0,0,0,0,0,0,0,0,0,0,0,0,0,0,0,0,0,0,0,0,0,0,0,0,0,0,0,0,0,0,0,0,0,0,0,0,0,11,4294967295,12,4294967295,27,4294967295,4294967295,4294967295,4294967295,4294967295
226,1,69,69,1,64,10,54,4,54,6,62,4352,2671,1681,1681,0,172,2499,0,43,34,68,878,2799,172,0,1023,10,14,0,1048576,0,0,0,inf,0.539199829,0.644317627,0.555679321,0,0,0,0,0,0,0,0,0,0,0,0,0,0,0,0,0,0,0,0,0,0,0,1023,0,0,0,0,0,0,0,0,0,0,0,0,0,0,0,0,0,0,0,0,0,0,0,0,0,0,0,0,0,0,0,0,0,0,0,0,0,0,0,0,0,0,0,0,0,0,0,0,0,0,0,0,0,0,0,0,0,0,0,0,0,0,0,0,0,9,10,9,10,8,21,10,8,21,10
227,1,69,69,1,64,35,29,11,29,24,44,4352,3367,985,985,0,311,3056,0,43,37,68,581,3495,311,0,1023,10,14,0,1048576,0,0,0,inf,0.485153198,0.588241577,0.43649292,0,0,0,0,0,0,0,0,0,0,0,0,0,0,0,0,0,0,0,0,0,0,0,1023,0,0,0,0,0,0,0,0,0,0,0,0,0,0,0,0,0,0,0,0,0,0,0,0,0,0,0,0,0,0,0,0,0,0,0,0,0,0,0,0,0,0,0,0,0,0,0,0,0,0,0,0,0,0,0,0,0,0,0,0,0,0,0,0,0,9,12,18,7,19,13,8,22,8,22
228,0.200000003,69,69,1,64,0,64,0,64,0,68,4352,3659,693,693,0,13,3646,0,13,13,68,3491,3787,13,0,516,10,14,0,1048576,0,0,0,inf,0.781539917,0.834838867,1.04110718,0,0,0,0,0,0,0,0,0,0,0,0,0,0,0,0,0,0,0,0,0,0,0,516,0,0,0,0,0,0,0,0,0,0,0,0,0,0,0,0,0,0,0,0,0,0,0,0,0,0,0,0,0,0,0,0,0,0,0,0,0,0,0,0,0,0,0,0,0,0,0,0,0,0,0,0,0,0,0,0,0,0,0,0,0,0,0,0,0,4294967295,4294967295,6,4294967295,4294967295,4294967295,4294967295,4294967295,4294967295,28
229,0.5,69,69,1,64,2,62,2,62,0,68,4352,3736,616,616,0,35,3701,0,25,25,68,2056,3864,35,0,597,10,14,0,1048576,0,0,0,inf,0.739944458,0.862487793,0.975006104,0,0,0,0,0,0,0,0,0,0,0,0,0,0,0,0,0,0,0,0,0,0,0,597,0,0,0,0,0,0,0,0,0,0,0,0,0,0,0,0,0,0,0,0,0,0,0,0,0,0,0,0,0,0,0,0,0,0,0,0,0,0,0,0,0,0,0,0,0,0,0,0,0,0,0,0,0,0,0,0,0,0,0,0,0,0,0,0,0,17,4294967295,40,4294967295,55,4294967295,22,4294967295,4294967295,5
230,0.899999976,69,69,1,64,3,61,1,61,2,66,4352,2520,1832,1832,0,158,2362,0,36,31,68,923,2648,158,0,959,10,14,0,1048576,0,0,0,inf,1.12950134,1.49290466,1.34255981,0,0,0,0,0,0,0,0,0,0,0,0,0,0,0,0,0,0,0,0,0,0,0,959,0,0,0,0,0,0,0,0,0,0,0,0,0,0,0,0,0,0,0,0,0,0,0,0,0,0,0,0,0,0,0,0,0,0,0,0,0,0,0,0,0,0,0,0,0,0,0,0,0,0,0,0,0,0,0,0,0,0,0,0,0,0,0,0,0,16,4,7,4,7,7,4294967295,20,4,46
231,0.699999988,69,69,1,64,1,63,1,63,0,68,4352,3289,1063,1063,0,34,3255,0,20,20,68,2135,3417,34,0,815,10,14,0,1048576,0,0,0,inf,0.646224976,0.712493896,0.869491577,0,0,0,0,0,0,0,0,0,0,0,0,0,0,0,0,0,0,0,0,0,0,0,815,0,0,0,0,0,0,0,0,0,0,0,0,0,0,0,0,0,0,0,0,0,0,0,0,0,0,0,0,0,0,0,0,0,0,0,0,0,0,0,0,0,0,0,0,0,0,0,0,0,0,0,0,0,0,0,0,0,0,0,0,0,0,0,0,0,2,29,7,17,4294967295,58,4294967295,4294967295,22,13
232,1,69,69,1,64,27,37,8,37,19,49,4352,2693,1659,1659,0,229,2464,0,33,25,68,627,2821,229,0,1023,10,14,0,1048576,0,0,0,inf,0.721557617,0.839996338,0.673126221,0,0,0,0,0,0,0,0,0,0,0,0,0,0,0,0,0,0,0,0,0,0,0,1023,0,0,0,0,0,0,0,0,0,0,0,0,0,0,0,0,0,0,0,0,0,0,0,0,0,0,0,0,0,0,0,0,0,0,0,0,0,0,0,0,0,0,0,0,0,0,0,0,0,0,0,0,0,0,0,0,0,0,0,0,0,0,0,0,0,5,6,5,8,3,3,8,8,8,9
233,0.600000024,69,69,1,64,4,60,1,60,3,65,4352,3290,1062,1062,0,80,3210,0,25,24,68,1207,3418,80,0,423,10,14,0,1048576,0,0,0,inf,0.731369019,0.81690979,0.849258423,0,0,0,0,0,0,0,0,0,0,0,0,0,0,0,0,0,0,0,0,0,0,0,423,0,0,0,0,0,0,0,0,0,0,0,0,0,0,0,0,0,0,0,0,0,0,0,0,0,0,0,0,0,0,0,0,0,0,0,0,0,0,0,0,0,0,0,0,0,0,0,0,0,0,0,0,0,0,0,0,0,0,0,0,0,0,0,0,0,25,25,7,4294967295,4294967295,12,4294967295,23,19,4294967295
234,0.899999976,69,69,1,64,1,63,0,63,1,67,4352,2989,1363,1363,0,31,2958,0,16,16,68,1738,3117,31,0,1007,10,14,0,1048576,0,0,0,inf,0.662216187,0.796691895,0.869155884,0,0,0,0,0,0,0,0,0,0,0,0,0,0,0,0,0,0,0,0,0,0,0,1007,0,0,0,0,0,0,0,0,0,0,0,0,0,0,0,0,0,0,0,0,0,0,0,0,0,0,0,0,0,0,0,0,0,0,0,0,0,0,0,0,0,0,0,0,0,0,0,0,0,0,0,0,0,0,0,0,0,0,0,0,0,0,0,0,0,9,26,7,21,4294967295,8,14,4,5,58
235,0.699999988,69,69,1,64,2,62,0,62,2,66,4352,2727,1625,1625,0,24,2703,0,20,19,68,2051,2855,24,0,239,10,14,0,1048576,0,0,0,inf,0.842010498,0.971450806,1.16885376,0,0,0,0,0,0,0,0,0,0,0,0,0,0,0,0,0,0,0,0,0,0,0,239,0,0,0,0,0,0,0,0,0,0,0,0,0,0,0,0,0,0,0,0,0,0,0,0,0,0,0,0,0,0,0,0,0,0,0,0,0,0,0,0,0,0,0,0,0,0,0,0,0,0,0,0,0,0,0,0,0,0,0,0,0,0,0,0,0,5,5,10,64,4294967295,5,6,8,4294967295,4294967295
236,0.800000012,69,69,1,64,4,60,2,60,2,66,4352,3132,1220,1220,0,25,3107,0,16,16,68,2179,3260,25,0,987,10,14,0,1048576,0,0,0,inf,0.869125366,1.03179932,1.06134033,0,0,0,0,0,0,0,0,0,0,0,0,0,0,0,0,0,0,0,0,0,0,0,987,0,0,0,0,0,0,0,0,0,0,0,0,0,0,0,0,0,0,0,0,0,0,0,0,0,0,0,0,0,0,0,0,0,0,0,0,0,0,0,0,0,0,0,0,0,0,0,0,0,0,0,0,0,0,0,0,0,0,0,0,0,0,0,0,0,4,3,4294967295,23,23,4294967295,32,11,43,18
237,1,69,69,1,64,32,32,11,32,22,46,4352,2388,1964,1964,0,575,1813,0,61,41,68,437,2516,575,0,1023,10,14,0,1048576,0,0,0,inf,0.964874268,1.05461121,0.796279907,0,0,0,0,0,0,0,0,0,0,0,0,0,0,0,0,0,0,0,0,0,0,0,1023,0,0,0,0,0,0,0,0,0,0,0,0,0,0,0,0,0,0,0,0,0,0,0,0,0,0,0,0,0,0,0,0,0,0,0,0,0,0,0,0,0,0,0,0,0,0,0,0,0,0,0,0,0,0,0,0,0,0,0,0,0,0,0,0,0,3,3,4,2,4,6,3,3,4,3
238,0.300000012,69,69,1,64,1,63,0,63,1,67,4352,3682,670,670,0,45,3637,0,25,23,68,1699,3810,45,0,97,10,14,0,1048576,0,0,0,inf,0.965255737,1.07243347,1.14360046,0,0,0,0,0,0,0,0,0,0,0,0,0,0,0,0,0,0,0,0,0,0,0,97,0,0,0,0,0,0,0,0,0,0,0,0,0,0,0,0,0,0,0,0,0,0,0,0,0,0,0,0,0,0,0,0,0,0,0,0,0,0,0,0,0,0,0,0,0,0,0,0,0,0,0,0,0,0,0,0,0,0,0,0,0,0,0,0,0,6,4294967295,4294967295,4294967295,4294967295,53,12,4294967295,4294967295,4294967295
239,1,69,69,1,64,11,53,3,53,8,60,4352,3156,1196,1196,0,66,3090,0,30,29,68,1203,3284,66,0,1023,10,14,0,1048576,0,0,0,inf,0.532745361,0.65007019,0.562530518,0,0,0,0,0,0,0,0,0,0,0,0,0,0,0,0,0,0,0,0,0,0,0,1023,0,0,0,0,0,0,0,0,0,0,0,0,0,0,0,0,0,0,0,0,0,0,0,0,0,0,0,0,0,0,0,0,0,0,0,0,0,0,0,0,0,0,0,0,0,0,0,0,0,0,0,0,0,0,0,0,0,0,0,0,0,0,0,0,0,11,23,20,12,9,18,13,9,29,24
240,1,69,69,1,64,11,53,5,53,6,62,4352,2051,2301,2301,0,282,1769,0,71,55,68,662,2179,282,0,1023,10,14,0,1048576,0,0,0,inf,0.724319458,1.08837891,0.750564575,0,0,0,0,0,0,0,0,0,0,0,0,0,0,0,0,0,0,0,0,0,0,0,1023,0,0,0,0,0,0,0,0,0,0,0,0,0,0,0,0,0,0,0,0,0,0,0,0,0,0,0,0,0,0,0,0,0,0,0,0,0,0,0,0,0,0,0,0,0,0,0,0,0,0,0,0,0,0,0,0,0,0,0,0,0,0,0,0,0,5,4,12,23,12,12,6,13,9,4
241,0.899999976,69,69,1,64,3,61,2,61,1,67,4352,3555,797,797,0,41,3514,0,21,21,68,1737,3683,41,0,1022,10,14,0,1048576,0,0,0,inf,0.623855591,0.701568604,0.721115112,0,0,0,0,0,0,0,0,0,0,0,0,0,0,0,0,0,0,0,0,0,0,0,1022,0,0,0,0,0,0,0,0,0,0,0,0,0,0,0,0,0,0,0,0,0,0,0,0,0,0,0,0,0,0,0,0,0,0,0,0,0,0,0,0,0,0,0,0,0,0,0,0,0,0,0,0,0,0,0,0,0,0,0,0,0,0,0,0,0,4294967295,15,2,30,26,29,25,12,42,25
242,0.5,69,69,1,64,2,62,0,62,2,66,4352,3350,1002,1002,0,25,3325,0,18,18,68,2116,3478,25,0,535,10,14,0,1048576,0,0,0,inf,0.811019897,0.919876099,1.07904053,0,0,0,0,0,0,0,0,0,0,0,0,0,0,0,0,0,0,0,0,0,0,0,535,0,0,0,0,0,0,0,0,0,0,0,0,0,0,0,0,0,0,0,0,0,0,0,0,0,0,0,0,0,0,0,0,0,0,0,0,0,0,0,0,0,0,0,0,0,0,0,0,0,0,0,0,0,0,0,0,0,0,0,0,0,0,0,0,0,25,8,12,4294967295,27,4294967295,4294967295,4294967295,4294967295,5
243,0.699999988,69,69,1,64,0,64,0,64,0,68,4352,3293,1059,1059,0,51,3242,0,29,29,68,2120,3421,51,0,967,10,14,0,1048576,0,0,0,inf,0.69569397,0.803375244,0.911071777,0,0,0,0,0,0,0,0,0,0,0,0,0,0,0,0,0,0,0,0,0,0,0,967,0,0,0,0,0,0,0,0,0,0,0,0,0,0,0,0,0,0,0,0,0,0,0,0,0,0,0,0,0,0,0,0,0,0,0,0,0,0,0,0,0,0,0,0,0,0,0,0,0,0,0,0,0,0,0,0,0,0,0,0,0,0,0,0,0,24,46,31,4294967295,4294967295,4294967295,9,57,40,40
244,1,69,69,1,64,9,55,2,55,7,61,4352,2004,2348,2348,0,24,1980,0,15,15,68,1069,2132,24,0,1023,10,14,0,1048576,0,0,0,inf,0.755142212,1.05459595,0.816177368,0,0,0,0,0,0,0,0,0,0,0,0,0,0,0,0,0,0,0,0,0,0,0,1023,0,0,0,0,0,0,0,0,0,0,0,0,0,0,0,0,0,0,0,0,0,0,0,0,0,0,0,0,0,0,0,0,0,0,0,0,0,0,0,0,0,0,0,0,0,0,0,0,0,0,0,0,0,0,0,0,0,0,0,0,0,0,0,0,0,5,5,19,19,6,6,7,7,6,6
245,0.800000012,69,69,1,64,2,62,0,62,2,66,4352,3368,984,984,0,68,3300,0,30,29,68,1337,3496,68,0,735,10,14,0,1048576,0,0,0,inf,0.439651489,0.508117676,0.530548096,0,0,0,0,0,0,0,0,0,0,0,0,0,0,0,0,0,0,0,0,0,0,0,735,0,0,0,0,0,0,0,0,0,0,0,0,0,0,0,0,0,0,0,0,0,0,0,0,0,0,0,0,0,0,0,0,0,0,0,0,0,0,0,0,0,0,0,0,0,0,0,0,0,0,0,0,0,0,0,0,0,0,0,0,0,0,0,0,0,16,17,51,48,29,4294967295,4,19,4294967295,41
246,0.699999988,69,69,1,64,6,58,2,58,4,64,4352,1816,2536,2536,0,27,1789,0,19,19,68,1405,1944,27,0,223,10,14,0,1048576,0,0,0,inf,0.807266235,1.25183105,1.30264282,0,0,0,0,0,0,0,0,0,0,0,0,0,0,0,0,0,0,0,0,0,0,0,223,0,0,0,0,0,0,0,0,0,0,0,0,0,0,0,0,0,0,0,0,0,0,0,0,0,0,0,0,0,0,0,0,0,0,0,0,0,0,0,0,0,0,0,0,0,0,0,0,0,0,0,0,0,0,0,0,0,0,0,0,0,0,0,0,0,2,2,1,3,55,4294967295,33,56,4294967295,4294967295
247,0.600000024,69,69,1,64,1,63,1,63,0,68,4352,2736,1616,1616,0,19,2717,0,17,17,68,2765,2864,19,0,441,10,14,0,1048576,0,0,0,inf,0.475906372,0.604385376,0.993713379,0,0,0,0,0,0,0,0,0,0,0,0,0,0,0,0,0,0,0,0,0,0,0,441,0,0,0,0,0,0,0,0,0,0,0,0,0,0,0,0,0,0,0,0,0,0,0,0,0,0,0,0,0,0,0,0,0,0,0,0,0,0,0,0,0,0,0,0,0,0,0,0,0,0,0,0,0,0,0,0,0,0,0,0,0,0,0,0,0,64,4294967295,4294967295,6,51,38,4294967295,10,23,4294967295
248,0.600000024,69,69,1,64,0,64,0,64,0,68,4352,3142,1210,1210,0,25,3117,0,22,22,68,2367,3270,25,0,931,10,14,0,1048576,0,0,0,inf,0.854888916,0.94291687,1.09919739,0,0,0,0,0,0,0,0,0,0,0,0,0,0,0,0,0,0,0,0,0,0,0,931,0,0,0,0,0,0,0,0,0,0,0,0,0,0,0,0,0,0,0,0,0,0,0,0,0,0,0,0,0,0,0,0,0,0,0,0,0,0,0,0,0,0,0,0,0,0,0,0,0,0,0,0,0,0,0,0,0,0,0,0,0,0,0,0,0,7,46,4294967295,4294967295,4294967295,25,4294967295,37,10,5
249,0.899999976,69,69,1,64,6,58,3,58,3,65,4352,3371,981,981,0,136,3235,0,35,33,68,994,3499,136,0,1019,10,14,0,1048576,0,0,0,inf,0.678192139,0.787521362,0.727203369,0,0,0,0,0,0,0,0,0,0,0,0,0,0,0,0,0,0,0,0,0,0,0,1019,0,0,0,0,0,0,0,0,0,0,0,0,0,0,0,0,0,0,0,0,0,0,0,0,0,0,0,0,0,0,0,0,0,0,0,0,0,0,0,0,0,0,0,0,0,0,0,0,0,0,0,0,0,0,0,0,0,0,0,0,0,0,0,0,0,30,9,4294967295,35,19,53,48,11,4,14
250,1,69,69,1,64,10,54,6,54,4,64,4352,2239,2113,2113,0,69,2170,0,23,21,68,911,2367,69,0,1023,10,14,0,1048576,0,0,0,inf,0.572113037,0.734558105,0.672744751,0,0,0,0,0,0,0,0,0,0,0,0,0,0,0,0,0,0,0,0,0,0,0,1023,0,0,0,0,0,0,0,0,0,0,0,0,0,0,0,0,0,0,0,0,0,0,0,0,0,0,0,0,0,0,0,0,0,0,0,0,0,0,0,0,0,0,0,0,0,0,0,0,0,0,0,0,0,0,0,0,0,0,0,0,0,0,0,0,0,4,9,60,3,4,3,7,52,23,5
251,0.800000012,69,69,1,64,1,63,0,63,1,67,4352,3244,1108,1108,0,48,3196,0,22,22,68,1243,3372,48,0,507,10,14,0,1048576,0,0,0,inf,1.0453949,1.18238831,1.19491577,0,0,0,0,0,0,0,0,0,0,0,0,0,0,0,0,0,0,0,0,0,0,0,507,0,0,0,0,0,0,0,0,0,0,0,0,0,0,0,0,0,0,0,0,0,0,0,0,0,0,0,0,0,0,0,0,0,0,0,0,0,0,0,0,0,0,0,0,0,0,0,0,0,0,0,0,0,0,0,0,0,0,0,0,0,0,0,0,0,4,13,4294967295,6,29,4,4,36,10,4294967295
252,0.800000012,69,69,1,64,7,57,3,57,4,64,4352,3315,1037,1037,0,119,3196,0,35,30,68,921,3443,119,0,759,10,14,0,1048576,0,0,0,inf,0.774917603,0.840759277,0.837783813,0,0,0,0,0,0,0,0,0,0,0,0,0,0,0,0,0,0,0,0,0,0,0,759,0,0,0,0,0,0,0,0,0,0,0,0,0,0,0,0,0,0,0,0,0,0,0,0,0,0,0,0,0,0,0,0,0,0,0,0,0,0,0,0,0,0,0,0,0,0,0,0,0,0,0,0,0,0,0,0,0,0,0,0,0,0,0,0,0,3,4,31,4294967295,9,12,12,10,4294967295,4
253,0.800000012,69,69,1,64,12,52,8,52,4,64,4352,3355,997,997,0,283,3072,0,53,45,68,843,3483,283,0,990,10,14,0,1048576,0,0,0,inf,0.748474121,0.827896118,0.758300781,0,0,0,0,0,0,0,0,0,0,0,0,0,0,0,0,0,0,0,0,0,0,0,990,0,0,0,0,0,0,0,0,0,0,0,0,0,0,0,0,0,0,0,0,0,0,0,0,0,0,0,0,0,0,0,0,0,0,0,0,0,0,0,0,0,0,0,0,0,0,0,0,0,0,0,0,0,0,0,0,0,0,0,0,0,0,0,0,0,4294967295,21,22,24,49,4294967295,23,34,32,29
254,0.899999976,69,69,1,64,16,48,8,48,8,60,4352,3255,1097,1097,0,178,3077,0,36,32,68,613,3383,178,0,767,10,14,0,1048576,0,0,0,inf,0.705871582,0.906173706,0.709655762,0,0,0,0,0,0,0,0,0,0,0,0,0,0,0,0,0,0,0,0,0,0,0,767,0,0,0,0,0,0,0,0,0,0,0,0,0,0,0,0,0,0,0,0,0,0,0,0,0,0,0,0,0,0,0,0,0,0,0,0,0,0,0,0,0,0,0,0,0,0,0,0,0,0,0,0,0,0,0,0,0,0,0,0,0,0,0,0,0,4,5,8,5,5,5,5,5,4294967295,12
255,1,69,69,1,64,62,2,32,2,31,37,4352,2880,1472,1472,0,299,2581,0,67,35,68,2499,3008,299,0,1023,10,14,0,1048576,0,0,0,inf,0.584396362,0.769348145,0.476150513,0,0,0,0,0,0,0,0,0,0,0,0,0,0,0,0,0,0,0,0,0,0,0,1023,0,0,0,0,0,0,0,0,0,0,0,0,0,0,0,0,0,0,0,0,0,0,0,0,0,0,0,0,0,0,0,0,0,0,0,0,0,0,0,0,0,0,0,0,0,0,0,0,0,0,0,0,0,0,0,0,0,0,0,0,0,0,0,0,0,37,38,38,37,38,37,38,37,38,38
256,1,69,69,1,64,42,22,7,22,36,32,4352,2137,2215,2215,0,471,1666,0,59,42,68,472,2265,471,0,1023,10,14,0,1048576,0,0,0,inf,0.594711304,0.776046753,0.42199707,0,0,0,0,0,0,0,0,0,0,0,0,0,0,0,0,0,0,0,0,0,0,0,1023,0,0,0,0,0,0,0,0,0,0,0,0,0,0,0,0,0,0,0,0,0,0,0,0,0,0,0,0,0,0,0,0,0,0,0,0,0,0,0,0,0,0,0,0,0,0,0,0,0,0,0,0,0,0,0,0,0,0,0,0,0,0,0,0,0,4,3,4,4,7,4,4,4,5,7
257,0.800000012,69,69,1,64,6,58,4,58,2,66,4352,3216,1136,1136,0,108,3108,0,29,25,68,1159,3344,108,0,383,10,14,0,1048576,0,0,0,inf,0.465515137,0.5184021,0.53717041,0,0,0,0,0,0,0,0,0,0,0,0,0,0,0,0,0,0,0,0,0,0,0,383,0,0,0,0,0,0,0,0,0,0,0,0,0,0,0,0,0,0,0,0,0,0,0,0,0,0,0,0,0,0,0,0,0,0,0,0,0,0,0,0,0,0,0,0,0,0,0,0,0,0,0,0,0,0,0,0,0,0,0,0,0,0,0,0,0,6,6,31,6,51,6,18,4294967295,18,4294967295
258,0.699999988,69,69,1,64,3,61,0,61,3,65,4352,3171,1181,1181,0,34,3137,0,23,23,68,1878,3299,34,0,471,10,14,0,1048576,0,0,0,inf,0.914505005,1.05238342,1.14219666,0,0,0,0,0,0,0,0,0,0,0,0,0,0,0,0,0,0,0,0,0,0,0,471,0,0,0,0,0,0,0,0,0,0,0,0,0,0,0,0,0,0,0,0,0,0,0,0,0,0,0,0,0,0,0,0,0,0,0,0,0,0,0,0,0,0,0,0,0,0,0,0,0,0,0,0,0,0,0,0,0,0,0,0,0,0,0,0,0,53,13,14,4294967295,28,4294967295,11,9,56,4294967295
259,0.600000024,69,69,1,64,1,63,0,63,1,67,4352,3625,727,727,0,21,3604,0,19,19,68,3003,3753,21,0,697,10,14,0,1048576,0,0,0,inf,0.645629883,0.729278564,0.848098755,0,0,0,0,0,0,0,0,0,0,0,0,0,0,0,0,0,0,0,0,0,0,0,697,0,0,0,0,0,0,0,0,0,0,0,0,0,0,0,0,0,0,0,0,0,0,0,0,0,0,0,0,0,0,0,0,0,0,0,0,0,0,0,0,0,0,0,0,0,0,0,0,0,0,0,0,0,0,0,0,0,0,0,0,0,0,0,0,0,12,4294967295,4294967295,27,29,11,4294967295,63,4294967295,7
260,1,69,69,1,64,11,53,2,53,9,59,4352,3138,1214,1214,0,250,2888,0,52,46,68,773,3266,250,0,1023,10,14,0,1048576,0,0,0,inf,0.842102051,0.931335449,0.851791382,0,0,0,0,0,0,0,0,0,0,0,0,0,0,0,0,0,0,0,0,0,0,0,1023,0,0,0,0,0,0,0,0,0,0,0,0,0,0,0,0,0,0,0,0,0,0,0,0,0,0,0,0,0,0,0,0,0,0,0,0,0,0,0,0,0,0,0,0,0,0,0,0,0,0,0,0,0,0,0,0,0,0,0,0,0,0,0,0,0,9,12,3,11,18,18,5,28,2,17
261,0.800000012,69,69,1,64,2,62,0,62,2,66,4352,1881,2471,2471,0,39,1842,0,24,23,68,1228,2009,39,0,255,10,14,0,1048576,0,0,0,inf,0.57421875,0.784591675,0.737976074,0,0,0,0,0,0,0,0,0,0,0,0,0,0,0,0,0,0,0,0,0,0,0,255,0,0,0,0,0,0,0,0,0,0,0,0,0,0,0,0,0,0,0,0,0,0,0,0,0,0,0,0,0,0,0,0,0,0,0,0,0,0,0,0,0,0,0,0,0,0,0,0,0,0,0,0,0,0,0,0,0,0,0,0,0,0,0,0,0,6,9,11,32,9,23,45,10,4294967295,4294967295
262,0.800000012,69,69,1,64,4,60,2,60,2,66,4352,3208,1144,1144,0,121,3087,0,32,29,68,1099,3336,121,0,763,10,14,0,1048576,0,0,0,inf,0.779281616,0.859436035,0.8412323,0,0,0,0,0,0,0,0,0,0,0,0,0,0,0,0,0,0,0,0,0,0,0,763,0,0,0,0,0,0,0,0,0,0,0,0,0,0,0,0,0,0,0,0,0,0,0,0,0,0,0,0,0,0,0,0,0,0,0,0,0,0,0,0,0,0,0,0,0,0,0,0,0,0,0,0,0,0,0,0,0,0,0,0,0,0,0,0,0,42,6,4294967295,35,37,18,37,36,4294967295,2
263,1,69,69,1,64,2,62,2,62,0,68,4352,3107,1245,1245,0,50,3057,0,29,28,68,1698,3235,50,0,1023,10,14,0,1048576,0,0,0,inf,0.674667358,0.815826416,0.813598633,0,0,0,0,0,0,0,0,0,0,0,0,0,0,0,0,0,0,0,0,0,0,0,1023,0,0,0,0,0,0,0,0,0,0,0,0,0,0,0,0,0,0,0,0,0,0,0,0,0,0,0,0,0,0,0,0,0,0,0,0,0,0,0,0,0,0,0,0,0,0,0,0,0,0,0,0,0,0,0,0,0,0,0,0,0,0,0,0,0,43,6,9,44,8,14,39,34,4,15
264,1,69,69,1,64,1,63,0,63,1,67,4352,2920,1432,1432,0,80,2840,0,22,22,68,972,3048,80,0,1023,10,14,0,1048576,0,0,0,inf,0.959060669,1.11987305,1.09124756,0,0,0,0,0,0,0,0,0,0,0,0,0,0,0,0,0,0,0,0,0,0,0,1023,0,0,0,0,0,0,0,0,0,0,0,0,0,0,0,0,0,0,0,0,0,0,0,0,0,0,0,0,0,0,0,0,0,0,0,0,0,0,0,0,0,0,0,0,0,0,0,0,0,0,0,0,0,0,0,0,0,0,0,0,0,0,0,0,0,6,9,9,8,8,3,15,21,53,8
265,0.800000012,69,69,1,64,2,62,0,62,2,66,4352,2585,1767,1767,0,33,2552,0,21,21,68,1551,2713,33,0,255,10,14,0,1048576,0,0,0,inf,0.594024658,0.745422363,0.856079102,0,0,0,0,0,0,0,0,0,0,0,0,0,0,0,0,0,0,0,0,0,0,0,255,0,0,0,0,0,0,0,0,0,0,0,0,0,0,0,0,0,0,0,0,0,0,0,0,0,0,0,0,0,0,0,0,0,0,0,0,0,0,0,0,0,0,0,0,0,0,0,0,0,0,0,0,0,0,0,0,0,0,0,0,0,0,0,0,0,3,16,7,26,19,36,25,3,4294967295,4294967295
266,0.699999988,69,69,1,64,2,62,0,62,2,66,4352,3199,1153,1153,0,25,3174,0,18,18,68,2263,3327,25,0,351,10,14,0,1048576,0,0,0,inf,0.714126587,0.812957764,0.894042969,0,0,0,0,0,0,0,0,0,0,0,0,0,0,0,0,0,0,0,0,0,0,0,351,0,0,0,0,0,0,0,0,0,0,0,0,0,0,0,0,0,0,0,0,0,0,0,0,0,0,0,0,0,0,0,0,0,0,0,0,0,0,0,0,0,0,0,0,0,0,0,0,0,0,0,0,0,0,0,0,0,0,0,0,0,0,0,0,0,6,30,30,1,1,4294967295,32,4294967295,41,4294967295
267,1,69,69,1,64,4,60,0,60,4,64,4352,3573,779,779,0,113,3460,0,37,37,68,915,3701,113,0,1023,10,14,0,1048576,0,0,0,inf,0.535461426,0.591293335,0.593429565,0,0,0,0,0,0,0,0,0,0,0,0,0,0,0,0,0,0,0,0,0,0,0,1023,0,0,0,0,0,0,0,0,0,0,0,0,0,0,0,0,0,0,0,0,0,0,0,0,0,0,0,0,0,0,0,0,0,0,0,0,0,0,0,0,0,0,0,0,0,0,0,0,0,0,0,0,0,0,0,0,0,0,0,0,0,0,0,0,0,20,5,15,28,4,39,7,40,29,8
268,0.899999976,69,69,1,64,4,60,2,60,2,66,4352,2728,1624,1624,0,43,2685,0,21,21,68,1503,2856,43,0,959,10,14,0,1048576,0,0,0,inf,0.885116577,1.10592651,1.09246826,0,0,0,0,0,0,0,0,0,0,0,0,0,0,0,0,0,0,0,0,0,0,0,959,0,0,0,0,0,0,0,0,0,0,0,0,0,0,0,0,0,0,0,0,0,0,0,0,0,0,0,0,0,0,0,0,0,0,0,0,0,0,0,0,0,0,0,0,0,0,0,0,0,0,0,0,0,0,0,0,0,0,0,0,0,0,0,0,0,15,19,59,47,11,6,4294967295,5,21,15
269,1,69,69,1,64,31,33,7,33,24,44,4352,1762,2590,2590,0,353,1409,0,40,31,68,599,1890,353,0,1023,10,14,0,1048576,0,0,0,inf,0.786346436,0.975112915,0.705551147,0,0,0,0,0,0,0,0,0,0,0,0,0,0,0,0,0,0,0,0,0,0,0,1023,0,0,0,0,0,0,0,0,0,0,0,0,0,0,0,0,0,0,0,0,0,0,0,0,0,0,0,0,0,0,0,0,0,0,0,0,0,0,0,0,0,0,0,0,0,0,0,0,0,0,0,0,0,0,0,0,0,0,0,0,0,0,0,0,0,5,10,5,11,5,6,4,5,13,9
270,0.899999976,69,69,1,64,12,52,6,52,7,61,4352,3380,972,972,0,193,3187,0,48,43,68,791,3508,193,0,959,10,14,0,1048576,0,0,0,inf,0.870758057,0.974822998,0.887680054,0,0,0,0,0,0,0,0,0,0,0,0,0,0,0,0,0,0,0,0,0,0,0,959,0,0,0,0,0,0,0,0,0,0,0,0,0,0,0,0,0,0,0,0,0,0,0,0,0,0,0,0,0,0,0,0,0,0,0,0,0,0,0,0,0,0,0,0,0,0,0,0,0,0,0,0,0,0,0,0,0,0,0,0,0,0,0,0,0,13,11,7,14,7,28,4294967295,15,17,5
271,0.699999988,69,69,1,64,2,62,1,62,1,67,4352,3663,689,689,0,58,3605,0,32,31,68,2013,3791,58,0,239,10,14,0,1048576,0,0,0,inf,1.16766357,1.28065491,1.31237793,0,0,0,0,0,0,0,0,0,0,0,0,0,0,0,0,0,0,0,0,0,0,0,239,0,0,0,0,0,0,0,0,0,0,0,0,0,0,0,0,0,0,0,0,0,0,0,0,0,0,0,0,0,0,0,0,0,0,0,0,0,0,0,0,0,0,0,0,0,0,0,0,0,0,0,0,0,0,0,0,0,0,0,0,0,0,0,0,0,16,33,2,30,4294967295,28,55,2,4294967295,4294967295
272,1,69,69,1,64,11,53,6,53,6,62,4352,2397,1955,1955,0,148,2249,0,40,37,68,752,2525,148,0,1023,10,14,0,1048576,0,0,0,inf,0.348770142,0.474609375,0.373703003,0,0,0,0,0,0,0,0,0,0,0,0,0,0,0,0,0,0,0,0,0,0,0,1023,0,0,0,0,0,0,0,0,0,0,0,0,0,0,0,0,0,0,0,0,0,0,0,0,0,0,0,0,0,0,0,0,0,0,0,0,0,0,0,0,0,0,0,0,0,0,0,0,0,0,0,0,0,0,0,0,0,0,0,0,0,0,0,0,0,2,4,29,18,13,5,28,8,13,29
273,1,69,69,1,64,13,51,2,51,11,57,4352,2231,2121,2121,0,105,2126,0,23,22,68,599,2359,105,0,1023,10,14,0,1048576,0,0,0,inf,0.606079102,0.793136597,0.598556519,0,0,0,0,0,0,0,0,0,0,0,0,0,0,0,0,0,0,0,0,0,0,0,1023,0,0,0,0,0,0,0,0,0,0,0,0,0,0,0,0,0,0,0,0,0,0,0,0,0,0,0,0,0,0,0,0,0,0,0,0,0,0,0,0,0,0,0,0,0,0,0,0,0,0,0,0,0,0,0,0,0,0,0,0,0,0,0,0,0,4,3,3,3,4,4,7,8,10,3
274,1,69,69,1,64,5,59,2,59,3,65,4352,2768,1584,1584,0,85,2683,0,31,30,68,1100,2896,85,0,1023,10,14,0,1048576,0,0,0,inf,0.525299072,0.648254395,0.624328613,0,0,0,0,0,0,0,0,0,0,0,0,0,0,0,0,0,0,0,0,0,0,0,1023,0,0,0,0,0,0,0,0,0,0,0,0,0,0,0,0,0,0,0,0,0,0,0,0,0,0,0,0,0,0,0,0,0,0,0,0,0,0,0,0,0,0,0,0,0,0,0,0,0,0,0,0,0,0,0,0,0,0,0,0,0,0,0,0,0,9,11,11,11,39,11,7,7,32,20
275,0.5,69,69,1,64,2,62,1,62,1,67,4352,3768,584,584,0,49,3719,0,29,29,68,2322,3896,49,0,611,10,14,0,1048576,0,0,0,inf,0.837493896,0.942398071,0.994552612,0,0,0,0,0,0,0,0,0,0,0,0,0,0,0,0,0,0,0,0,0,0,0,611,0,0,0,0,0,0,0,0,0,0,0,0,0,0,0,0,0,0,0,0,0,0,0,0,0,0,0,0,0,0,0,0,0,0,0,0,0,0,0,0,0,0,0,0,0,0,0,0,0,0,0,0,0,0,0,0,0,0,0,0,0,0,0,0,0,42,30,4294967295,4294967295,4294967295,45,27,4294967295,4294967295,7
276,0.899999976,69,69,1,64,7,57,4,57,3,65,4352,2787,1565,1565,0,116,2671,0,35,35,68,1047,2915,116,0,1015,10,14,0,1048576,0,0,0,inf,1.16230774,1.29745483,1.24189758,0,0,0,0,0,0,0,0,0,0,0,0,0,0,0,0,0,0,0,0,0,0,0,1015,0,0,0,0,0,0,0,0,0,0,0,0,0,0,0,0,0,0,0,0,0,0,0,0,0,0,0,0,0,0,0,0,0,0,0,0,0,0,0,0,0,0,0,0,0,0,0,0,0,0,0,0,0,0,0,0,0,0,0,0,0,0,0,0,0,8,14,10,4294967295,8,8,29,13,54,21
277,0.800000012,69,69,1,64,0,64,0,64,0,68,4352,3342,1010,1010,0,48,3294,0,24,24,68,1834,3470,48,0,887,10,14,0,1048576,0,0,0,inf,1.14788818,1.25698853,1.3626709,0,0,0,0,0,0,0,0,0,0,0,0,0,0,0,0,0,0,0,0,0,0,0,887,0,0,0,0,0,0,0,0,0,0,0,0,0,0,0,0,0,0,0,0,0,0,0,0,0,0,0,0,0,0,0,0,0,0,0,0,0,0,0,0,0,0,0,0,0,0,0,0,0,0,0,0,0,0,0,0,0,0,0,0,0,0,0,0,0,36,7,29,4294967295,32,7,30,4294967295,30,21
278,0.699999988,69,69,1,64,2,62,0,62,2,66,4352,3116,1236,1236,0,64,3052,0,32,32,68,1339,3244,64,0,995,10,14,0,1048576,0,0,0,inf,0.619934082,0.703079224,0.715011597,0,0,0,0,0,0,0,0,0,0,0,0,0,0,0,0,0,0,0,0,0,0,0,995,0,0,0,0,0,0,0,0,0,0,0,0,0,0,0,0,0,0,0,0,0,0,0,0,0,0,0,0,0,0,0,0,0,0,0,0,0,0,0,0,0,0,0,0,0,0,0,0,0,0,0,0,0,0,0,0,0,0,0,0,0,0,0,0,0,7,19,4294967295,4294967295,4294967295,31,8,34,14,33
279,1,69,69,1,64,7,57,2,57,5,63,4352,2709,1643,1643,0,79,2630,0,24,22,68,917,2837,79,0,1023,10,14,0,1048576,0,0,0,inf,0.639892578,0.795471191,0.730728149,0,0,0,0,0,0,0,0,0,0,0,0,0,0,0,0,0,0,0,0,0,0,0,1023,0,0,0,0,0,0,0,0,0,0,0,0,0,0,0,0,0,0,0,0,0,0,0,0,0,0,0,0,0,0,0,0,0,0,0,0,0,0,0,0,0,0,0,0,0,0,0,0,0,0,0,0,0,0,0,0,0,0,0,0,0,0,0,0,0,4,4,5,5,5,13,31,14,9,9
280,0.800000012,69,69,1,64,2,62,1,62,1,67,4352,3438,914,914,0,82,3356,0,31,30,68,1277,3566,82,0,495,10,14,0,1048576,0,0,0,inf,0.847839355,0.952590942,0.943435669,0,0,0,0,0,0,0,0,0,0,0,0,0,0,0,0,0,0,0,0,0,0,0,495,0,0,0,0,0,0,0,0,0,0,0,0,0,0,0,0,0,0,0,0,0,0,0,0,0,0,0,0,0,0,0,0,0,0,0,0,0,0,0,0,0,0,0,0,0,0,0,0,0,0,0,0,0,0,0,0,0,0,0,0,0,0,0,0,0,22,9,29,18,4294967295,23,25,12,37,4294967295
281,0.699999988,69,69,1,64,2,62,2,62,0,68,4352,3121,1231,1231,0,52,3069,0,27,26,68,1356,3249,52,0,827,10,14,0,1048576,0,0,0,inf,0.78036499,0.916351318,0.977630615,0,0,0,0,0,0,0,0,0,0,0,0,0,0,0,0,0,0,0,0,0,0,0,827,0,0,0,0,0,0,0,0,0,0,0,0,0,0,0,0,0,0,0,0,0,0,0,0,0,0,0,0,0,0,0,0,0,0,0,0,0,0,0,0,0,0,0,0,0,0,0,0,0,0,0,0,0,0,0,0,0,0,0,0,0,0,0,0,0,2,2,4294967295,36,52,10,4294967295,4294967295,33,57
282,0.300000012,69,69,1,64,0,64,0,64,0,68,4352,3631,721,721,0,27,3604,0,21,21,68,2986,3759,27,0,84,10,14,0,1048576,0,0,0,inf,0.829437256,0.917724609,1.09078979,0,0,0,0,0,0,0,0,0,0,0,0,0,0,0,0,0,0,0,0,0,0,0,84,0,0,0,0,0,0,0,0,0,0,0,0,0,0,0,0,0,0,0,0,0,0,0,0,0,0,0,0,0,0,0,0,0,0,0,0,0,0,0,0,0,0,0,0,0,0,0,0,0,0,0,0,0,0,0,0,0,0,0,0,0,0,0,0,0,4294967295,4294967295,14,4294967295,19,4294967295,56,4294967295,4294967295,4294967295
283,0.600000024,69,69,1,64,3,61,1,61,3,65,4352,3127,1225,1225,0,56,3071,0,23,23,68,1381,3255,56,0,915,10,14,0,1048576,0,0,0,inf,0.724777222,0.840377808,0.859466553,0,0,0,0,0,0,0,0,0,0,0,0,0,0,0,0,0,0,0,0,0,0,0,915,0,0,0,0,0,0,0,0,0,0,0,0,0,0,0,0,0,0,0,0,0,0,0,0,0,0,0,0,0,0,0,0,0,0,0,0,0,0,0,0,0,0,0,0,0,0,0,0,0,0,0,0,0,0,0,0,0,0,0,0,0,0,0,0,0,12,13,4294967295,4294967295,50,4294967295,4294967295,19,56,29
284,0.699999988,69,69,1,64,3,61,0,61,3,65,4352,3311,1041,1041,0,35,3276,0,30,30,68,2193,3439,35,0,445,10,14,0,1048576,0,0,0,inf,0.879318237,1.06216431,1.09898376,0,0,0,0,0,0,0,0,0,0,0,0,0,0,0,0,0,0,0,0,0,0,0,445,0,0,0,0,0,0,0,0,0,0,0,0,0,0,0,0,0,0,0,0,0,0,0,0,0,0,0,0,0,0,0,0,0,0,0,0,0,0,0,0,0,0,0,0,0,0,0,0,0,0,0,0,0,0,0,0,0,0,0,0,0,0,0,0,0,41,4294967295,25,25,65,6,4294967295,13,62,4294967295
285,0.699999988,69,69,1,64,0,64,0,64,0,68,4352,1986,2366,2366,0,14,1972,0,16,16,68,2133,2114,14,0,351,10,14,0,1048576,0,0,0,inf,1.0982666,1.49839783,1.95062256,0,0,0,0,0,0,0,0,0,0,0,0,0,0,0,0,0,0,0,0,0,0,0,351,0,0,0,0,0,0,0,0,0,0,0,0,0,0,0,0,0,0,0,0,0,0,0,0,0,0,0,0,0,0,0,0,0,0,0,0,0,0,0,0,0,0,0,0,0,0,0,0,0,0,0,0,0,0,0,0,0,0,0,0,0,0,0,0,0,14,16,21,6,6,4294967295,8,4294967295,25,4294967295
286,0.899999976,69,69,1,64,4,60,1,60,3,65,4352,3161,1191,1191,0,46,3115,0,23,23,68,1567,3289,46,0,511,10,14,0,1048576,0,0,0,inf,0.724716187,0.797805786,0.874038696,0,0,0,0,0,0,0,0,0,0,0,0,0,0,0,0,0,0,0,0,0,0,0,511,0,0,0,0,0,0,0,0,0,0,0,0,0,0,0,0,0,0,0,0,0,0,0,0,0,0,0,0,0,0,0,0,0,0,0,0,0,0,0,0,0,0,0,0,0,0,0,0,0,0,0,0,0,0,0,0,0,0,0,0,0,0,0,0,0,7,10,10,8,12,11,66,4,38,4294967295
287,0.800000012,69,69,1,64,9,55,3,55,7,61,4352,3170,1182,1182,0,154,3016,0,40,34,68,859,3298,154,0,383,10,14,0,1048576,0,0,0,inf,0.66519165,0.774032593,0.714233398,0,0,0,0,0,0,0,0,0,0,0,0,0,0,0,0,0,0,0,0,0,0,0,383,0,0,0,0,0,0,0,0,0,0,0,0,0,0,0,0,0,0,0,0,0,0,0,0,0,0,0,0,0,0,0,0,0,0,0,0,0,0,0,0,0,0,0,0,0,0,0,0,0,0,0,0,0,0,0,0,0,0,0,0,0,0,0,0,0,8,10,23,42,9,5,35,4294967295,48,4294967295
288,0.400000006,69,69,1,64,1,63,1,63,0,68,4352,3281,1071,1071,0,21,3260,0,19,18,68,3127,3409,21,0,15,10,14,0,1048576,0,0,0,inf,1.06214905,1.21339417,1.44284058,0,0,0,0,0,0,0,0,0,0,0,0,0,0,0,0,0,0,0,0,0,0,0,15,0,0,0,0,0,0,0,0,0,0,0,0,0,0,0,0,0,0,0,0,0,0,0,0,0,0,0,0,0,0,0,0,0,0,0,0,0,0,0,0,0,0,0,0,0,0,0,0,0,0,0,0,0,0,0,0,0,0,0,0,0,0,0,0,0,63,11,11,24,4294967295,4294967295,4294967295,4294967295,4294967295,4294967295
289,1,69,69,1,64,14,50,0,50,15,53,4352,2024,2328,2328,0,122,1902,0,38,33,68,633,2152,122,0,1023,10,14,0,1048576,0,0,0,inf,1.03031921,1.2835083,0.974578857,0,0,0,0,0,0,0,0,0,0,0,0,0,0,0,0,0,0,0,0,0,0,0,1023,0,0,0,0,0,0,0,0,0,0,0,0,0,0,0,0,0,0,0,0,0,0,0,0,0,0,0,0,0,0,0,0,0,0,0,0,0,0,0,0,0,0,0,0,0,0,0,0,0,0,0,0,0,0,0,0,0,0,0,0,0,0,0,0,0,6,5,7,8,3,8,7,6,7,8
290,0.600000024,69,69,1,64,1,63,0,63,1,67,4352,3739,613,613,0,57,3682,0,28,26,68,1631,3867,57,0,969,10,14,0,1048576,0,0,0,inf,0.820739746,0.897857666,0.988723755,0,0,0,0,0,0,0,0,0,0,0,0,0,0,0,0,0,0,0,0,0,0,0,969,0,0,0,0,0,0,0,0,0,0,0,0,0,0,0,0,0,0,0,0,0,0,0,0,0,0,0,0,0,0,0,0,0,0,0,0,0,0,0,0,0,0,0,0,0,0,0,0,0,0,0,0,0,0,0,0,0,0,0,0,0,0,0,0,0,15,4294967295,4294967295,21,4294967295,4294967295,47,57,8,14
291,1,69,69,1,64,18,46,5,46,13,55,4352,3001,1351,1351,0,270,2731,0,59,49,68,540,3129,270,0,1023,10,14,0,1048576,0,0,0,inf,0.598892212,0.848464966,0.579284668,0,0,0,0,0,0,0,0,0,0,0,0,0,0,0,0,0,0,0,0,0,0,0,1023,0,0,0,0,0,0,0,0,0,0,0,0,0,0,0,0,0,0,0,0,0,0,0,0,0,0,0,0,0,0,0,0,0,0,0,0,0,0,0,0,0,0,0,0,0,0,0,0,0,0,0,0,0,0,0,0,0,0,0,0,0,0,0,0,0,4,4,31,7,5,6,13,6,3,14
292,1,69,69,1,64,47,17,13,17,35,33,4352,2404,1948,1948,0,555,1849,0,50,32,68,399,2532,555,0,1023,10,14,0,1048576,0,0,0,inf,0.661880493,0.855789185,0.516799927,0,0,0,0,0,0,0,0,0,0,0,0,0,0,0,0,0,0,0,0,0,0,0,1023,0,0,0,0,0,0,0,0,0,0,0,0,0,0,0,0,0,0,0,0,0,0,0,0,0,0,0,0,0,0,0,0,0,0,0,0,0,0,0,0,0,0,0,0,0,0,0,0,0,0,0,0,0,0,0,0,0,0,0,0,0,0,0,0,0,4,3,3,3,3,4,4,3,2,7
293,1,69,69,1,64,56,8,7,8,49,19,4352,1681,2671,2671,0,339,1342,0,53,29,68,455,1809,339,0,1023,10,14,0,1048576,0,0,0,inf,0.759887695,1.0579834,0.529998779,0,0,0,0,0,0,0,0,0,0,0,0,0,0,0,0,0,0,0,0,0,0,0,1023,0,0,0,0,0,0,0,0,0,0,0,0,0,0,0,0,0,0,0,0,0,0,0,0,0,0,0,0,0,0,0,0,0,0,0,0,0,0,0,0,0,0,0,0,0,0,0,0,0,0,0,0,0,0,0,0,0,0,0,0,0,0,0,0,0,3,4,3,3,4,4,5,4,4,4
294,1,69,69,1,64,10,54,8,54,2,66,4352,3052,1300,1300,0,263,2789,0,51,42,68,728,3180,263,0,1023,10,14,0,1048576,0,0,0,inf,0.695602417,0.881286621,0.749389648,0,0,0,0,0,0,0,0,0,0,0,0,0,0,0,0,0,0,0,0,0,0,0,1023,0,0,0,0,0,0,0,0,0,0,0,0,0,0,0,0,0,0,0,0,0,0,0,0,0,0,0,0,0,0,0,0,0,0,0,0,0,0,0,0,0,0,0,0,0,0,0,0,0,0,0,0,0,0,0,0,0,0,0,0,0,0,0,0,0,37,16,42,33,47,6,20,26,38,9
295,0.800000012,69,69,1,64,5,59,0,59,5,63,4352,3637,715,715,0,86,3551,0,37,25,68,1784,3765,86,0,479,10,14,0,1048576,0,0,0,inf,0.856704712,0.919799805,0.931289673,0,0,0,0,0,0,0,0,0,0,0,0,0,0,0,0,0,0,0,0,0,0,0,479,0,0,0,0,0,0,0,0,0,0,0,0,0,0,0,0,0,0,0,0,0,0,0,0,0,0,0,0,0,0,0,0,0,0,0,0,0,0,0,0,0,0,0,0,0,0,0,0,0,0,0,0,0,0,0,0,0,0,0,0,0,0,0,0,0,23,24,24,24,24,4294967295,28,33,38,4294967295
296,0.699999988,69,69,1,64,3,61,2,61,1,67,4352,3217,1135,1135,0,24,3193,0,18,18,68,2426,3345,24,0,319,10,14,0,1048576,0,0,0,inf,1.09086609,1.19035339,1.38415527,0,0,0,0,0,0,0,0,0,0,0,0,0,0,0,0,0,0,0,0,0,0,0,319,0,0,0,0,0,0,0,0,0,0,0,0,0,0,0,0,0,0,0,0,0,0,0,0,0,0,0,0,0,0,0,0,0,0,0,0,0,0,0,0,0,0,0,0,0,0,0,0,0,0,0,0,0,0,0,0,0,0,0,0,0,0,0,0,0,8,40,22,48,23,7,4294967295,4294967295,44,4294967295
297,0.899999976,69,69,1,64,6,58,0,58,6,62,4352,3741,611,611,0,91,3650,0,35,34,68,1037,3869,91,0,959,10,14,0,1048576,0,0,0,inf,1.07418823,1.13395691,1.14372253,0,0,0,0,0,0,0,0,0,0,0,0,0,0,0,0,0,0,0,0,0,0,0,959,0,0,0,0,0,0,0,0,0,0,0,0,0,0,0,0,0,0,0,0,0,0,0,0,0,0,0,0,0,0,0,0,0,0,0,0,0,0,0,0,0,0,0,0,0,0,0,0,0,0,0,0,0,0,0,0,0,0,0,0,0,0,0,0,0,23,27,27,14,4,26,4294967295,27,17,15
298,0.699999988,69,69,1,64,4,60,0,60,4,64,4352,3569,783,783,0,70,3499,0,31,30,68,2036,3697,70,0,719,10,14,0,1048576,0,0,0,inf,0.805923462,0.903076172,0.921066284,0,0,0,0,0,0,0,0,0,0,0,0,0,0,0,0,0,0,0,0,0,0,0,719,0,0,0,0,0,0,0,0,0,0,0,0,0,0,0,0,0,0,0,0,0,0,0,0,0,0,0,0,0,0,0,0,0,0,0,0,0,0,0,0,0,0,0,0,0,0,0,0,0,0,0,0,0,0,0,0,0,0,0,0,0,0,0,0,0,21,21,35,10,4294967295,4294967295,32,47,4294967295,50
299,0.800000012,69,69,1,64,1,63,1,63,0,68,4352,2812,1540,1540,0,46,2766,0,26,25,68,1835,2940,46,0,510,10,14,0,1048576,0,0,0,inf,0.442169189,0.542236328,0.597518921,0,0,0,0,0,0,0,0,0,0,0,0,0,0,0,0,0,0,0,0,0,0,0,510,0,0,0,0,0,0,0,0,0,0,0,0,0,0,0,0,0,0,0,0,0,0,0,0,0,0,0,0,0,0,0,0,0,0,0,0,0,0,0,0,0,0,0,0,0,0,0,0,0,0,0,0,0,0,0,0,0,0,0,0,0,0,0,0,0,4294967295,46,28,8,9,9,27,60,19,4294967295
300,0.600000024,69,69,1,64,2,62,0,62,2,66,4352,3366,986,986,0,79,3287,0,35,33,68,1717,3494,79,0,235,10,14,0,1048576,0,0,0,inf,0.525924683,0.584640503,0.647857666,0,0,0,0,0,0,0,0,0,0,0,0,0,0,0,0,0,0,0,0,0,0,0,235,0,0,0,0,0,0,0,0,0,0,0,0,0,0,0,0,0,0,0,0,0,0,0,0,0,0,0,0,0,0,0,0,0,0,0,0,0,0,0,0,0,0,0,0,0,0,0,0,0,0,0,0,0,0,0,0,0,0,0,0,0,0,0,0,0,14,17,4294967295,66,4294967295,23,58,16,4294967295,4294967295
301,0.800000012,69,69,1,64,3,61,2,61,1,67,4352,3557,795,795,0,45,3512,0,27,26,68,2003,3685,45,0,983,10,14,0,1048576,0,0,0,inf,0.766098022,0.895095825,0.964935303,0,0,0,0,0,0,0,0,0,0,0,0,0,0,0,0,0,0,0,0,0,0,0,983,0,0,0,0,0,0,0,0,0,0,0,0,0,0,0,0,0,0,0,0,0,0,0,0,0,0,0,0,0,0,0,0,0,0,0,0,0,0,0,0,0,0,0,0,0,0,0,0,0,0,0,0,0,0,0,0,0,0,0,0,0,0,0,0,0,5,8,57,4294967295,46,4294967295,18,28,29,28
302,0.899999976,69,69,1,64,2,62,0,62,3,65,4352,2662,1690,1690,0,41,2621,0,19,18,68,1411,2790,41,0,767,10,14,0,1048576,0,0,0,inf,0.982040405,1.19618225,1.18186951,0,0,0,0,0,0,0,0,0,0,0,0,0,0,0,0,0,0,0,0,0,0,0,767,0,0,0,0,0,0,0,0,0,0,0,0,0,0,0,0,0,0,0,0,0,0,0,0,0,0,0,0,0,0,0,0,0,0,0,0,0,0,0,0,0,0,0,0,0,0,0,0,0,0,0,0,0,0,0,0,0,0,0,0,0,0,0,0,0,10,4,13,20,10,52,3,38,4294967295,56
303,0.600000024,69,69,1,64,1,63,0,63,1,67,4352,3350,1002,1002,0,50,3300,0,29,29,68,2080,3478,50,0,669,10,14,0,1048576,0,0,0,inf,0.868453979,1.00604248,1.06573486,0,0,0,0,0,0,0,0,0,0,0,0,0,0,0,0,0,0,0,0,0,0,0,669,0,0,0,0,0,0,0,0,0,0,0,0,0,0,0,0,0,0,0,0,0,0,0,0,0,0,0,0,0,0,0,0,0,0,0,0,0,0,0,0,0,0,0,0,0,0,0,0,0,0,0,0,0,0,0,0,0,0,0,0,0,0,0,0,0,13,4294967295,6,38,62,4294967295,4294967295,27,4294967295,18
304,1,69,69,1,64,4,60,4,60,0,68,4352,2401,1951,1951,0,88,2313,0,35,34,68,1054,2529,88,0,1023,10,14,0,1048576,0,0,0,inf,0.405532837,0.543716431,0.481430054,0,0,0,0,0,0,0,0,0,0,0,0,0,0,0,0,0,0,0,0,0,0,0,1023,0,0,0,0,0,0,0,0,0,0,0,0,0,0,0,0,0,0,0,0,0,0,0,0,0,0,0,0,0,0,0,0,0,0,0,0,0,0,0,0,0,0,0,0,0,0,0,0,0,0,0,0,0,0,0,0,0,0,0,0,0,0,0,0,0,22,27,13,15,8,37,16,16,13,24
305,0.899999976,69,69,1,64,16,48,7,48,9,59,4352,2945,1407,1407,0,197,2748,0,28,27,68,450,3073,197,0,767,10,14,0,1048576,0,0,0,inf,0.768539429,0.887512207,0.769714355,0,0,0,0,0,0,0,0,0,0,0,0,0,0,0,0,0,0,0,0,0,0,0,767,0,0,0,0,0,0,0,0,0,0,0,0,0,0,0,0,0,0,0,0,0,0,0,0,0,0,0,0,0,0,0,0,0,0,0,0,0,0,0,0,0,0,0,0,0,0,0,0,0,0,0,0,0,0,0,0,0,0,0,0,0,0,0,0,0,1,5,24,14,35,2,2,2,4294967295,32
306,1,69,69,1,64,7,57,2,57,5,63,4352,2338,2014,2014,0,130,2208,0,41,36,68,821,2466,130,0,1023,10,14,0,1048576,0,0,0,inf,0.277816772,0.35105896,0.320861816,0,0,0,0,0,0,0,0,0,0,0,0,0,0,0,0,0,0,0,0,0,0,0,1023,0,0,0,0,0,0,0,0,0,0,0,0,0,0,0,0,0,0,0,0,0,0,0,0,0,0,0,0,0,0,0,0,0,0,0,0,0,0,0,0,0,0,0,0,0,0,0,0,0,0,0,0,0,0,0,0,0,0,0,0,0,0,0,0,0,11,6,5,6,48,6,7,19,7,8
307,1,69,69,1,64,5,59,0,59,5,63,4352,2249,2103,2103,0,76,2173,0,23,23,68,974,2377,76,0,1023,10,14,0,1048576,0,0,0,inf,0.739395142,1.07099915,1.11630249,0,0,0,0,0,0,0,0,0,0,0,0,0,0,0,0,0,0,0,0,0,0,0,1023,0,0,0,0,0,0,0,0,0,0,0,0,0,0,0,0,0,0,0,0,0,0,0,0,0,0,0,0,0,0,0,0,0,0,0,0,0,0,0,0,0,0,0,0,0,0,0,0,0,0,0,0,0,0,0,0,0,0,0,0,0,0,0,0,0,5,4,3,14,5,7,2,44,27,14
308,1,69,69,1,64,10,54,4,54,6,62,4352,2972,1380,1380,0,265,2707,0,46,40,68,653,3100,265,0,1023,10,14,0,1048576,0,0,0,inf,0.567687988,0.714004517,0.599822998,0,0,0,0,0,0,0,0,0,0,0,0,0,0,0,0,0,0,0,0,0,0,0,1023,0,0,0,0,0,0,0,0,0,0,0,0,0,0,0,0,0,0,0,0,0,0,0,0,0,0,0,0,0,0,0,0,0,0,0,0,0,0,0,0,0,0,0,0,0,0,0,0,0,0,0,0,0,0,0,0,0,0,0,0,0,0,0,0,0,4,45,3,13,5,41,4,37,9,26
309,1,69,69,1,64,8,56,0,56,8,60,4352,2775,1577,1577,0,63,2712,0,20,19,68,738,2903,63,0,1023,10,14,0,1048576,0,0,0,inf,0.587921143,0.692459106,0.6121521,0,0,0,0,0,0,0,0,0,0,0,0,0,0,0,0,0,0,0,0,0,0,0,1023,0,0,0,0,0,0,0,0,0,0,0,0,0,0,0,0,0,0,0,0,0,0,0,0,0,0,0,0,0,0,0,0,0,0,0,0,0,0,0,0,0,0,0,0,0,0,0,0,0,0,0,0,0,0,0,0,0,0,0,0,0,0,0,0,0,4,5,5,4,5,6,3,8,18,7
310,0.600000024,69,69,1,64,3,61,2,61,1,67,4352,3448,904,904,0,61,3387,0,31,31,68,1740,3576,61,0,343,10,14,0,1048576,0,0,0,inf,0.395767212,0.484680176,0.47328186,0,0,0,0,0,0,0,0,0,0,0,0,0,0,0,0,0,0,0,0,0,0,0,343,0,0,0,0,0,0,0,0,0,0,0,0,0,0,0,0,0,0,0,0,0,0,0,0,0,0,0,0,0,0,0,0,0,0,0,0,0,0,0,0,0,0,0,0,0,0,0,0,0,0,0,0,0,0,0,0,0,0,0,0,0,0,0,0,0,10,5,34,4294967295,7,4294967295,3,4294967295,59,4294967295
311,0.699999988,69,69,1,64,4,60,3,60,1,67,4352,3754,598,598,0,103,3651,0,33,32,68,1050,3882,103,0,1002,10,14,0,1048576,0,0,0,inf,0.949203491,1.12489319,1.03430176,0,0,0,0,0,0,0,0,0,0,0,0,0,0,0,0,0,0,0,0,0,0,0,1002,0,0,0,0,0,0,0,0,0,0,0,0,0,0,0,0,0,0,0,0,0,0,0,0,0,0,0,0,0,0,0,0,0,0,0,0,0,0,0,0,0,0,0,0,0,0,0,0,0,0,0,0,0,0,0,0,0,0,0,0,0,0,0,0,0,4294967295,43,4294967295,11,4294967295,66,39,5,33,5
312,0.800000012,69,69,1,64,5,59,1,59,4,64,4352,3360,992,992,0,91,3269,0,32,32,68,1196,3488,91,0,383,10,14,0,1048576,0,0,0,inf,0.582015991,0.668579102,0.653213501,0,0,0,0,0,0,0,0,0,0,0,0,0,0,0,0,0,0,0,0,0,0,0,383,0,0,0,0,0,0,0,0,0,0,0,0,0,0,0,0,0,0,0,0,0,0,0,0,0,0,0,0,0,0,0,0,0,0,0,0,0,0,0,0,0,0,0,0,0,0,0,0,0,0,0,0,0,0,0,0,0,0,0,0,0,0,0,0,0,57,9,37,4,4,8,32,4294967295,32,4294967295
313,0.899999976,69,69,1,64,7,57,5,57,2,66,4352,2829,1523,1523,0,81,2748,0,28,27,68,1049,2957,81,0,1021,10,14,0,1048576,0,0,0,inf,0.786102295,0.932327271,0.845901489,0,0,0,0,0,0,0,0,0,0,0,0,0,0,0,0,0,0,0,0,0,0,0,1021,0,0,0,0,0,0,0,0,0,0,0,0,0,0,0,0,0,0,0,0,0,0,0,0,0,0,0,0,0,0,0,0,0,0,0,0,0,0,0,0,0,0,0,0,0,0,0,0,0,0,0,0,0,0,0,0,0,0,0,0,0,0,0,0,0,6,4294967295,26,20,15,13,11,57,32,13
314,0.800000012,69,69,1,64,3,61,1,61,2,66,4352,3460,892,892,0,114,3346,0,45,45,68,1061,3588,114,0,507,10,14,0,1048576,0,0,0,inf,0.891571045,1.02586365,0.981140137,0,0,0,0,0,0,0,0,0,0,0,0,0,0,0,0,0,0,0,0,0,0,0,507,0,0,0,0,0,0,0,0,0,0,0,0,0,0,0,0,0,0,0,0,0,0,0,0,0,0,0,0,0,0,0,0,0,0,0,0,0,0,0,0,0,0,0,0,0,0,0,0,0,0,0,0,0,0,0,0,0,0,0,0,0,0,0,0,0,34,14,4294967295,36,13,45,13,37,27,4294967295
315,0.800000012,69,69,1,64,1,63,0,63,1,67,4352,2759,1593,1593,0,20,2739,0,20,20,68,2529,2887,20,0,759,10,14,0,1048576,0,0,0,inf,0.554107666,0.68119812,0.810455322,0,0,0,0,0,0,0,0,0,0,0,0,0,0,0,0,0,0,0,0,0,0,0,759,0,0,0,0,0,0,0,0,0,0,0,0,0,0,0,0,0,0,0,0,0,0,0,0,0,0,0,0,0,0,0,0,0,0,0,0,0,0,0,0,0,0,0,0,0,0,0,0,0,0,0,0,0,0,0,0,0,0,0,0,0,0,0,0,0,5,6,28,4294967295,46,20,55,56,4294967295,25
316,0.899999976,69,69,1,64,3,61,2,61,1,67,4352,3215,1137,1137,0,159,3056,0,39,38,68,1144,3343,159,0,1007,10,14,0,1048576,0,0,0,inf,0.395706177,0.500305176,0.451141357,0,0,0,0,0,0,0,0,0,0,0,0,0,0,0,0,0,0,0,0,0,0,0,1007,0,0,0,0,0,0,0,0,0,0,0,0,0,0,0,0,0,0,0,0,0,0,0,0,0,0,0,0,0,0,0,0,0,0,0,0,0,0,0,0,0,0,0,0,0,0,0,0,0,0,0,0,0,0,0,0,0,0,0,0,0,0,0,0,0,19,12,58,9,4294967295,23,20,17,63,52
317,0.899999976,69,69,1,64,5,59,3,59,2,66,4352,2380,1972,1972,0,62,2318,0,27,25,68,1315,2508,62,0,959,10,14,0,1048576,0,0,0,inf,0.443908691,0.575485229,0.518630981,0,0,0,0,0,0,0,0,0,0,0,0,0,0,0,0,0,0,0,0,0,0,0,959,0,0,0,0,0,0,0,0,0,0,0,0,0,0,0,0,0,0,0,0,0,0,0,0,0,0,0,0,0,0,0,0,0,0,0,0,0,0,0,0,0,0,0,0,0,0,0,0,0,0,0,0,0,0,0,0,0,0,0,0,0,0,0,0,0,9,6,30,10,16,36,4294967295,17,22,48
318,1,69,69,1,64,7,57,3,57,4,64,4352,1993,2359,2359,0,77,1916,0,20,20,68,685,2121,77,0,1023,10,14,0,1048576,0,0,0,inf,0.461517334,0.637512207,0.511077881,0,0,0,0,0,0,0,0,0,0,0,0,0,0,0,0,0,0,0,0,0,0,0,1023,0,0,0,0,0,0,0,0,0,0,0,0,0,0,0,0,0,0,0,0,0,0,0,0,0,0,0,0,0,0,0,0,0,0,0,0,0,0,0,0,0,0,0,0,0,0,0,0,0,0,0,0,0,0,0,0,0,0,0,0,0,0,0,0,0,2,3,13,9,10,4,3,3,3,17
319,1,69,69,1,64,21,43,11,43,10,58,4352,3231,1121,1121,0,352,2879,0,42,33,68,634,3359,352,0,1023,10,14,0,1048576,0,0,0,inf,0.731109619,0.791122437,0.729385376,0,0,0,0,0,0,0,0,0,0,0,0,0,0,0,0,0,0,0,0,0,0,0,1023,0,0,0,0,0,0,0,0,0,0,0,0,0,0,0,0,0,0,0,0,0,0,0,0,0,0,0,0,0,0,0,0,0,0,0,0,0,0,0,0,0,0,0,0,0,0,0,0,0,0,0,0,0,0,0,0,0,0,0,0,0,0,0,0,0,7,6,5,29,5,5,8,2,42,16
320,0.800000012,69,69,1,64,9,55,3,55,6,62,4352,3348,1004,1004,0,168,3180,0,39,38,68,799,3476,168,0,495,10,14,0,1048576,0,0,0,inf,0.799804688,0.937774658,0.881378174,0,0,0,0,0,0,0,0,0,0,0,0,0,0,0,0,0,0,0,0,0,0,0,495,0,0,0,0,0,0,0,0,0,0,0,0,0,0,0,0,0,0,0,0,0,0,0,0,0,0,0,0,0,0,0,0,0,0,0,0,0,0,0,0,0,0,0,0,0,0,0,0,0,0,0,0,0,0,0,0,0,0,0,0,0,0,0,0,0,12,4,6,21,4294967295,8,7,6,11,4294967295
321,1,69,69,1,64,23,41,12,41,12,56,4352,2981,1371,1371,0,388,2593,0,41,34,68,553,3109,388,0,1023,10,14,0,1048576,0,0,0,inf,0.633514404,0.772140503,0.622055054,0,0,0,0,0,0,0,0,0,0,0,0,0,0,0,0,0,0,0,0,0,0,0,1023,0,0,0,0,0,0,0,0,0,0,0,0,0,0,0,0,0,0,0,0,0,0,0,0,0,0,0,0,0,0,0,0,0,0,0,0,0,0,0,0,0,0,0,0,0,0,0,0,0,0,0,0,0,0,0,0,0,0,0,0,0,0,0,0,0,6,3,5,4,11,30,4,8,31,11
322,0.899999976,69,69,1,64,2,62,1,62,1,67,4352,3029,1323,1323,0,113,2916,0,38,38,68,1265,3157,113,0,1007,10,14,0,1048576,0,0,0,inf,0.598587036,0.67137146,0.646942139,0,0,0,0,0,0,0,0,0,0,0,0,0,0,0,0,0,0,0,0,0,0,0,1007,0,0,0,0,0,0,0,0,0,0,0,0,0,0,0,0,0,0,0,0,0,0,0,0,0,0,0,0,0,0,0,0,0,0,0,0,0,0,0,0,0,0,0,0,0,0,0,0,0,0,0,0,0,0,0,0,0,0,0,0,0,0,0,0,0,54,54,19,12,4294967295,26,16,17,45,2
323,0.800000012,69,69,1,64,4,60,3,60,1,67,4352,2821,1531,1531,0,88,2733,0,32,30,68,1247,2949,88,0,255,10,14,0,1048576,0,0,0,inf,0.48890686,0.562026978,0.595626831,0,0,0,0,0,0,0,0,0,0,0,0,0,0,0,0,0,0,0,0,0,0,0,255,0,0,0,0,0,0,0,0,0,0,0,0,0,0,0,0,0,0,0,0,0,0,0,0,0,0,0,0,0,0,0,0,0,0,0,0,0,0,0,0,0,0,0,0,0,0,0,0,0,0,0,0,0,0,0,0,0,0,0,0,0,0,0,0,0,25,21,11,16,4,4,1,32,4294967295,4294967295
324,1,69,69,1,64,9,55,1,55,8,60,4352,2398,1954,1954,0,74,2324,0,28,28,68,801,2526,74,0,1023,10,14,0,1048576,0,0,0,inf,0.24798584,0.354660034,0.305709839,0,0,0,0,0,0,0,0,0,0,0,0,0,0,0,0,0,0,0,0,0,0,0,1023,0,0,0,0,0,0,0,0,0,0,0,0,0,0,0,0,0,0,0,0,0,0,0,0,0,0,0,0,0,0,0,0,0,0,0,0,0,0,0,0,0,0,0,0,0,0,0,0,0,0,0,0,0,0,0,0,0,0,0,0,0,0,0,0,0,4,4,3,4,8,8,20,3,41,9
325,0.600000024,69,69,1,64,1,63,1,63,0,68,4352,1977,2375,2375,0,31,1946,0,24,24,68,1695,2105,31,0,183,10,14,0,1048576,0,0,0,inf,0.708297729,1.12205505,1.39009094,0,0,0,0,0,0,0,0,0,0,0,0,0,0,0,0,0,0,0,0,0,0,0,183,0,0,0,0,0,0,0,0,0,0,0,0,0,0,0,0,0,0,0,0,0,0,0,0,0,0,0,0,0,0,0,0,0,0,0,0,0,0,0,0,0,0,0,0,0,0,0,0,0,0,0,0,0,0,0,0,0,0,0,0,0,0,0,0,0,5,11,18,4294967295,5,22,4294967295,15,4294967295,4294967295
326,1,69,69,1,64,7,57,4,57,3,65,4352,2705,1647,1647,0,103,2602,0,33,31,68,886,2833,103,0,1023,10,14,0,1048576,0,0,0,inf,0.612442017,0.68977356,0.664794922,0,0,0,0,0,0,0,0,0,0,0,0,0,0,0,0,0,0,0,0,0,0,0,1023,0,0,0,0,0,0,0,0,0,0,0,0,0,0,0,0,0,0,0,0,0,0,0,0,0,0,0,0,0,0,0,0,0,0,0,0,0,0,0,0,0,0,0,0,0,0,0,0,0,0,0,0,0,0,0,0,0,0,0,0,0,0,0,0,0,2,10,13,43,4,43,10,8,35,8
327,1,69,69,1,64,7,57,4,57,3,65,4352,2328,2024,2024,0,91,2237,0,35,35,68,902,2456,91,0,1023,10,14,0,1048576,0,0,0,inf,0.808822632,0.953994751,0.879241943,0,0,0,0,0,0,0,0,0,0,0,0,0,0,0,0,0,0,0,0,0,0,0,1023,0,0,0,0,0,0,0,0,0,0,0,0,0,0,0,0,0,0,0,0,0,0,0,0,0,0,0,0,0,0,0,0,0,0,0,0,0,0,0,0,0,0,0,0,0,0,0,0,0,0,0,0,0,0,0,0,0,0,0,0,0,0,0,0,0,6,6,10,14,25,38,7,12,22,6
328,0.699999988,69,69,1,64,6,58,2,58,4,64,4352,3287,1065,1065,0,92,3195,0,35,34,68,1224,3415,92,0,671,10,14,0,1048576,0,0,0,inf,1.1594696,1.33439636,1.35014343,0,0,0,0,0,0,0,0,0,0,0,0,0,0,0,0,0,0,0,0,0,0,0,671,0,0,0,0,0,0,0,0,0,0,0,0,0,0,0,0,0,0,0,0,0,0,0,0,0,0,0,0,0,0,0,0,0,0,0,0,0,0,0,0,0,0,0,0,0,0,0,0,0,0,0,0,0,0,0,0,0,0,0,0,0,0,0,0,0,12,12,19,15,44,4294967295,4294967295,58,4294967295,30
329,0.800000012,69,69,1,64,3,61,3,61,0,68,4352,2946,1406,1406,0,35,2911,0,24,23,68,1659,3074,35,0,495,10,14,0,1048576,0,0,0,inf,1.27844238,1.4377594,1.47627258,0,0,0,0,0,0,0,0,0,0,0,0,0,0,0,0,0,0,0,0,0,0,0,495,0,0,0,0,0,0,0,0,0,0,0,0,0,0,0,0,0,0,0,0,0,0,0,0,0,0,0,0,0,0,0,0,0,0,0,0,0,0,0,0,0,0,0,0,0,0,0,0,0,0,0,0,0,0,0,0,0,0,0,0,0,0,0,0,0,6,35,4,23,4294967295,57,32,17,4,4294967295
330,0.400000006,69,69,1,64,2,62,1,62,1,67,4352,3601,751,751,0,53,3548,0,29,29,68,2294,3729,53,0,27,10,14,0,1048576,0,0,0,inf,0.993667603,1.11448669,1.31539917,0,0,0,0,0,0,0,0,0,0,0,0,0,0,0,0,0,0,0,0,0,0,0,27,0,0,0,0,0,0,0,0,0,0,0,0,0,0,0,0,0,0,0,0,0,0,0,0,0,0,0,0,0,0,0,0,0,0,0,0,0,0,0,0,0,0,0,0,0,0,0,0,0,0,0,0,0,0,0,0,0,0,0,0,0,0,0,0,0,27,8,4294967295,48,20,4294967295,4294967295,4294967295,4294967295,4294967295
331,0.899999976,69,69,1,64,2,62,2,62,0,68,4352,2203,2149,2149,0,34,2169,0,22,21,68,1633,2331,34,0,1015,10,14,0,1048576,0,0,0,inf,0.559432983,0.712356567,0.762054443,0,0,0,0,0,0,0,0,0,0,0,0,0,0,0,0,0,0,0,0,0,0,0,1015,0,0,0,0,0,0,0,0,0,0,0,0,0,0,0,0,0,0,0,0,0,0,0,0,0,0,0,0,0,0,0,0,0,0,0,0,0,0,0,0,0,0,0,0,0,0,0,0,0,0,0,0,0,0,0,0,0,0,0,0,0,0,0,0,0,26,9,2,4294967295,52,13,5,10,58,50
332,0.899999976,69,69,1,64,4,60,2,60,2,66,4352,3155,1197,1197,0,57,3098,0,29,24,68,1354,3283,57,0,991,10,14,0,1048576,0,0,0,inf,0.432571411,0.506622314,0.513183594,0,0,0,0,0,0,0,0,0,0,0,0,0,0,0,0,0,0,0,0,0,0,0,991,0,0,0,0,0,0,0,0,0,0,0,0,0,0,0,0,0,0,0,0,0,0,0,0,0,0,0,0,0,0,0,0,0,0,0,0,0,0,0,0,0,0,0,0,0,0,0,0,0,0,0,0,0,0,0,0,0,0,0,0,0,0,0,0,0,7,7,11,41,20,4294967295,15,52,29,17
333,0.600000024,69,69,1,64,5,59,1,59,4,64,4352,3775,577,577,0,147,3628,0,38,36,68,1286,3903,147,0,543,10,14,0,1048576,0,0,0,inf,0.895904541,0.945236206,0.9949646,0,0,0,0,0,0,0,0,0,0,0,0,0,0,0,0,0,0,0,0,0,0,0,543,0,0,0,0,0,0,0,0,0,0,0,0,0,0,0,0,0,0,0,0,0,0,0,0,0,0,0,0,0,0,0,0,0,0,0,0,0,0,0,0,0,0,0,0,0,0,0,0,0,0,0,0,0,0,0,0,0,0,0,0,0,0,0,0,0,13,14,18,5,16,4294967295,4294967295,4294967295,4294967295,22
334,1,69,69,1,64,29,35,12,35,17,51,4352,2833,1519,1519,0,374,2459,0,59,43,68,588,2961,374,0,1023,10,14,0,1048576,0,0,0,inf,0.654663086,0.798797607,0.615509033,0,0,0,0,0,0,0,0,0,0,0,0,0,0,0,0,0,0,0,0,0,0,0,1023,0,0,0,0,0,0,0,0,0,0,0,0,0,0,0,0,0,0,0,0,0,0,0,0,0,0,0,0,0,0,0,0,0,0,0,0,0,0,0,0,0,0,0,0,0,0,0,0,0,0,0,0,0,0,0,0,0,0,0,0,0,0,0,0,0,5,3,5,7,7,27,3,20,19,6
335,1,69,69,1,64,9,55,2,55,8,60,4352,2558,1794,1794,0,170,2388,0,41,37,68,730,2686,170,0,1023,10,14,0,1048576,0,0,0,inf,0.695953369,0.893157959,0.780532837,0,0,0,0,0,0,0,0,0,0,0,0,0,0,0,0,0,0,0,0,0,0,0,1023,0,0,0,0,0,0,0,0,0,0,0,0,0,0,0,0,0,0,0,0,0,0,0,0,0,0,0,0,0,0,0,0,0,0,0,0,0,0,0,0,0,0,0,0,0,0,0,0,0,0,0,0,0,0,0,0,0,0,0,0,0,0,0,0,0,42,8,14,26,10,6,25,44,6,26
336,0.899999976,69,69,1,64,5,59,4,59,1,67,4352,2495,1857,1857,0,51,2444,0,27,27,68,1414,2623,51,0,959,10,14,0,1048576,0,0,0,inf,0.832351685,0.961334229,0.958221436,0,0,0,0,0,0,0,0,0,0,0,0,0,0,0,0,0,0,0,0,0,0,0,959,0,0,0,0,0,0,0,0,0,0,0,0,0,0,0,0,0,0,0,0,0,0,0,0,0,0,0,0,0,0,0,0,0,0,0,0,0,0,0,0,0,0,0,0,0,0,0,0,0,0,0,0,0,0,0,0,0,0,0,0,0,0,0,0,0,6,16,20,23,37,15,4294967295,61,61,53
337,0.699999988,69,69,1,64,4,60,4,60,0,68,4352,3087,1265,1265,0,74,3013,0,32,32,68,1225,3215,74,0,478,10,14,0,1048576,0,0,0,inf,0.970535278,1.07563782,1.09468079,0,0,0,0,0,0,0,0,0,0,0,0,0,0,0,0,0,0,0,0,0,0,0,478,0,0,0,0,0,0,0,0,0,0,0,0,0,0,0,0,0,0,0,0,0,0,0,0,0,0,0,0,0,0,0,0,0,0,0,0,0,0,0,0,0,0,0,0,0,0,0,0,0,0,0,0,0,0,0,0,0,0,0,0,0,0,0,0,0,4294967295,10,7,26,58,4294967295,7,36,10,4294967295
338,1,69,69,1,64,10,54,4,54,6,62,4352,1961,2391,2391,0,82,1879,0,17,17,68,601,2089,82,0,1023,10,14,0,1048576,0,0,0,inf,0.826324463,1.07830811,0.922317505,0,0,0,0,0,0,0,0,0,0,0,0,0,0,0,0,0,0,0,0,0,0,0,1023,0,0,0,0,0,0,0,0,0,0,0,0,0,0,0,0,0,0,0,0,0,0,0,0,0,0,0,0,0,0,0,0,0,0,0,0,0,0,0,0,0,0,0,0,0,0,0,0,0,0,0,0,0,0,0,0,0,0,0,0,0,0,0,0,0,3,4,4,4,3,5,4,3,10,16
339,0.699999988,69,69,1,64,3,61,0,61,3,65,4352,3053,1299,1299,0,95,2958,0,29,27,68,1380,3181,95,0,687,10,14,0,1048576,0,0,0,inf,0.708206177,0.778945923,0.835922241,0,0,0,0,0,0,0,0,0,0,0,0,0,0,0,0,0,0,0,0,0,0,0,687,0,0,0,0,0,0,0,0,0,0,0,0,0,0,0,0,0,0,0,0,0,0,0,0,0,0,0,0,0,0,0,0,0,0,0,0,0,0,0,0,0,0,0,0,0,0,0,0,0,0,0,0,0,0,0,0,0,0,0,0,0,0,0,0,0,20,2,9,16,4294967295,27,4294967295,21,4294967295,4
340,1,69,69,1,64,7,57,5,57,2,66,4352,2261,2091,2091,0,64,2197,0,28,28,68,761,2389,64,0,1023,10,14,0,1048576,0,0,0,inf,0.95223999,1.11555481,1.02598572,0,0,0,0,0,0,0,0,0,0,0,0,0,0,0,0,0,0,0,0,0,0,0,1023,0,0,0,0,0,0,0,0,0,0,0,0,0,0,0,0,0,0,0,0,0,0,0,0,0,0,0,0,0,0,0,0,0,0,0,0,0,0,0,0,0,0,0,0,0,0,0,0,0,0,0,0,0,0,0,0,0,0,0,0,0,0,0,0,0,18,7,2,19,7,5,39,9,8,5
341,0.899999976,69,69,1,64,5,59,5,59,0,68,4352,3504,848,848,0,132,3372,0,44,43,68,1209,3632,132,0,1022,10,14,0,1048576,0,0,0,inf,0.533416748,0.625762939,0.61618042,0,0,0,0,0,0,0,0,0,0,0,0,0,0,0,0,0,0,0,0,0,0,0,1022,0,0,0,0,0,0,0,0,0,0,0,0,0,0,0,0,0,0,0,0,0,0,0,0,0,0,0,0,0,0,0,0,0,0,0,0,0,0,0,0,0,0,0,0,0,0,0,0,0,0,0,0,0,0,0,0,0,0,0,0,0,0,0,0,0,4294967295,48,6,33,33,28,10,12,7,19
342,0.899999976,69,69,1,64,5,59,1,59,4,64,4352,3399,953,953,0,155,3244,0,43,39,68,1061,3527,155,0,1007,10,14,0,1048576,0,0,0,inf,0.727996826,0.837097168,0.784759521,0,0,0,0,0,0,0,0,0,0,0,0,0,0,0,0,0,0,0,0,0,0,0,1007,0,0,0,0,0,0,0,0,0,0,0,0,0,0,0,0,0,0,0,0,0,0,0,0,0,0,0,0,0,0,0,0,0,0,0,0,0,0,0,0,0,0,0,0,0,0,0,0,0,0,0,0,0,0,0,0,0,0,0,0,0,0,0,0,0,42,32,16,16,4294967295,33,30,3,45,15
343,0.5,69,69,1,64,0,64,0,64,0,68,4352,2464,1888,1888,0,22,2442,0,24,22,68,2469,2592,22,0,551,10,14,0,1048576,0,0,0,inf,0.668869019,0.814697266,1.05751038,0,0,0,0,0,0,0,0,0,0,0,0,0,0,0,0,0,0,0,0,0,0,0,551,0,0,0,0,0,0,0,0,0,0,0,0,0,0,0,0,0,0,0,0,0,0,0,0,0,0,0,0,0,0,0,0,0,0,0,0,0,0,0,0,0,0,0,0,0,0,0,0,0,0,0,0,0,0,0,0,0,0,0,0,0,0,0,0,0,15,53,33,4294967295,4294967295,60,4294967295,4294967295,4294967295,45
344,1,69,69,1,64,20,44,4,44,16,52,4352,2768,1584,1584,0,191,2577,0,39,30,68,535,2896,191,0,1023,10,14,0,1048576,0,0,0,inf,0.795211792,0.895202637,0.764663696,0,0,0,0,0,0,0,0,0,0,0,0,0,0,0,0,0,0,0,0,0,0,0,1023,0,0,0,0,0,0,0,0,0,0,0,0,0,0,0,0,0,0,0,0,0,0,0,0,0,0,0,0,0,0,0,0,0,0,0,0,0,0,0,0,0,0,0,0,0,0,0,0,0,0,0,0,0,0,0,0,0,0,0,0,0,0,0,0,0,5,4,5,5,5,4,5,4,4,5
345,1,69,69,1,64,13,51,8,51,5,63,4352,3141,1211,1211,0,182,2959,0,35,33,68,713,3269,182,0,1023,10,14,0,1048576,0,0,0,inf,0.827606201,0.950134277,0.846343994,0,0,0,0,0,0,0,0,0,0,0,0,0,0,0,0,0,0,0,0,0,0,0,1023,0,0,0,0,0,0,0,0,0,0,0,0,0,0,0,0,0,0,0,0,0,0,0,0,0,0,0,0,0,0,0,0,0,0,0,0,0,0,0,0,0,0,0,0,0,0,0,0,0,0,0,0,0,0,0,0,0,0,0,0,0,0,0,0,0,5,5,5,31,20,15,5,6,5,35
346,1,69,69,1,64,7,57,4,57,3,65,4352,3336,1016,1016,0,145,3191,0,47,39,68,840,3464,145,0,1023,10,14,0,1048576,0,0,0,inf,0.819625854,0.907821655,0.865493774,0,0,0,0,0,0,0,0,0,0,0,0,0,0,0,0,0,0,0,0,0,0,0,1023,0,0,0,0,0,0,0,0,0,0,0,0,0,0,0,0,0,0,0,0,0,0,0,0,0,0,0,0,0,0,0,0,0,0,0,0,0,0,0,0,0,0,0,0,0,0,0,0,0,0,0,0,0,0,0,0,0,0,0,0,0,0,0,0,0,27,5,6,6,6,10,17,3,3,30
347,1,69,69,1,64,17,47,6,47,11,57,4352,2526,1826,1826,0,231,2295,0,44,38,68,572,2654,231,0,1023,10,14,0,1048576,0,0,0,inf,0.510131836,0.684677124,0.500778198,0,0,0,0,0,0,0,0,0,0,0,0,0,0,0,0,0,0,0,0,0,0,0,1023,0,0,0,0,0,0,0,0,0,0,0,0,0,0,0,0,0,0,0,0,0,0,0,0,0,0,0,0,0,0,0,0,0,0,0,0,0,0,0,0,0,0,0,0,0,0,0,0,0,0,0,0,0,0,0,0,0,0,0,0,0,0,0,0,0,7,5,8,6,5,6,7,6,6,8
348,0.600000024,69,69,1,64,1,63,1,63,0,68,4352,3697,655,655,0,65,3632,0,34,32,68,1730,3825,65,0,365,10,14,0,1048576,0,0,0,inf,0.848770142,0.897705078,0.958892822,0,0,0,0,0,0,0,0,0,0,0,0,0,0,0,0,0,0,0,0,0,0,0,365,0,0,0,0,0,0,0,0,0,0,0,0,0,0,0,0,0,0,0,0,0,0,0,0,0,0,0,0,0,0,0,0,0,0,0,0,0,0,0,0,0,0,0,0,0,0,0,0,0,0,0,0,0,0,0,0,0,0,0,0,0,0,0,0,0,15,4294967295,23,65,4294967295,48,10,4294967295,12,4294967295
349,1,69,69,1,64,12,52,7,52,5,63,4352,2436,1916,1916,0,102,2334,0,29,28,68,755,2564,102,0,1023,10,14,0,1048576,0,0,0,inf,0.829467773,0.953491211,0.877655029,0,0,0,0,0,0,0,0,0,0,0,0,0,0,0,0,0,0,0,0,0,0,0,1023,0,0,0,0,0,0,0,0,0,0,0,0,0,0,0,0,0,0,0,0,0,0,0,0,0,0,0,0,0,0,0,0,0,0,0,0,0,0,0,0,0,0,0,0,0,0,0,0,0,0,0,0,0,0,0,0,0,0,0,0,0,0,0,0,0,6,4,2,5,24,49,5,23,12,1
350,1,69,69,1,64,5,59,2,59,4,64,4352,3017,1335,1335,0,114,2903,0,42,42,68,924,3145,114,0,1023,10,14,0,1048576,0,0,0,inf,0.414138794,0.477478027,0.47215271,0,0,0,0,0,0,0,0,0,0,0,0,0,0,0,0,0,0,0,0,0,0,0,1023,0,0,0,0,0,0,0,0,0,0,0,0,0,0,0,0,0,0,0,0,0,0,0,0,0,0,0,0,0,0,0,0,0,0,0,0,0,0,0,0,0,0,0,0,0,0,0,0,0,0,0,0,0,0,0,0,0,0,0,0,0,0,0,0,0,8,14,23,13,9,28,7,11,6,2
351,1,69,69,1,64,15,49,9,49,7,61,4352,3431,921,921,0,229,3202,0,49,45,68,779,3559,229,0,1023,10,14,0,1048576,0,0,0,inf,0.762161255,0.846038818,0.772140503,0,0,0,0,0,0,0,0,0,0,0,0,0,0,0,0,0,0,0,0,0,0,0,1023,0,0,0,0,0,0,0,0,0,0,0,0,0,0,0,0,0,0,0,0,0,0,0,0,0,0,0,0,0,0,0,0,0,0,0,0,0,0,0,0,0,0,0,0,0,0,0,0,0,0,0,0,0,0,0,0,0,0,0,0,0,0,0,0,0,17,24,27,51,7,14,24,12,24,17
352,0.899999976,69,69,1,64,4,60,3,60,1,67,4352,2543,1809,1809,0,98,2445,0,33,32,68,946,2671,98,0,511,10,14,0,1048576,0,0,0,inf,0.4168396,0.54826355,0.492233276,0,0,0,0,0,0,0,0,0,0,0,0,0,0,0,0,0,0,0,0,0,0,0,511,0,0,0,0,0,0,0,0,0,0,0,0,0,0,0,0,0,0,0,0,0,0,0,0,0,0,0,0,0,0,0,0,0,0,0,0,0,0,0,0,0,0,0,0,0,0,0,0,0,0,0,0,0,0,0,0,0,0,0,0,0,0,0,0,0,6,7,11,7,8,45,2,12,9,4294967295
353,0.899999976,69,69,1,64,3,61,2,61,1,67,4352,2282,2070,2070,0,126,2156,0,50,45,68,879,2410,126,0,511,10,14,0,1048576,0,0,0,inf,0.93687439,1.173172,1.12840271,0,0,0,0,0,0,0,0,0,0,0,0,0,0,0,0,0,0,0,0,0,0,0,511,0,0,0,0,0,0,0,0,0,0,0,0,0,0,0,0,0,0,0,0,0,0,0,0,0,0,0,0,0,0,0,0,0,0,0,0,0,0,0,0,0,0,0,0,0,0,0,0,0,0,0,0,0,0,0,0,0,0,0,0,0,0,0,0,0,12,3,4,43,8,33,3,16,15,4294967295
354,1,69,69,1,64,11,53,4,53,7,61,4352,3130,1222,1222,0,132,2998,0,32,28,68,817,3258,132,0,1023,10,14,0,1048576,0,0,0,inf,0.641571045,0.741378784,0.674057007,0,0,0,0,0,0,0,0,0,0,0,0,0,0,0,0,0,0,0,0,0,0,0,1023,0,0,0,0,0,0,0,0,0,0,0,0,0,0,0,0,0,0,0,0,0,0,0,0,0,0,0,0,0,0,0,0,0,0,0,0,0,0,0,0,0,0,0,0,0,0,0,0,0,0,0,0,0,0,0,0,0,0,0,0,0,0,0,0,0,3,15,30,13,33,5,15,17,5,16
355,0.800000012,69,69,1,64,10,54,7,54,3,65,4352,3800,552,552,0,168,3632,0,34,34,68,764,3928,168,0,507,10,14,0,1048576,0,0,0,inf,0.587188721,0.651123047,0.61807251,0,0,0,0,0,0,0,0,0,0,0,0,0,0,0,0,0,0,0,0,0,0,0,507,0,0,0,0,0,0,0,0,0,0,0,0,0,0,0,0,0,0,0,0,0,0,0,0,0,0,0,0,0,0,0,0,0,0,0,0,0,0,0,0,0,0,0,0,0,0,0,0,0,0,0,0,0,0,0,0,0,0,0,0,0,0,0,0,0,7,3,4294967295,5,11,18,2,2,9,4294967295
356,1,69,69,1,64,28,36,2,36,26,42,4352,2275,2077,2077,0,151,2124,0,30,26,68,512,2403,151,0,1023,10,14,0,1048576,0,0,0,inf,0.828063965,1.04014587,0.693710327,0,0,0,0,0,0,0,0,0,0,0,0,0,0,0,0,0,0,0,0,0,0,0,1023,0,0,0,0,0,0,0,0,0,0,0,0,0,0,0,0,0,0,0,0,0,0,0,0,0,0,0,0,0,0,0,0,0,0,0,0,0,0,0,0,0,0,0,0,0,0,0,0,0,0,0,0,0,0,0,0,0,0,0,0,0,0,0,0,0,3,4,4,4,4,4,4,4,4,4
357,1,69,69,1,64,55,9,4,9,51,17,4352,2632,1720,1720,0,687,1945,0,53,38,68,435,2760,687,0,1023,10,14,0,1048576,0,0,0,inf,0.565353394,0.628707886,0.488632202,0,0,0,0,0,0,0,0,0,0,0,0,0,0,0,0,0,0,0,0,0,0,0,1023,0,0,0,0,0,0,0,0,0,0,0,0,0,0,0,0,0,0,0,0,0,0,0,0,0,0,0,0,0,0,0,0,0,0,0,0,0,0,0,0,0,0,0,0,0,0,0,0,0,0,0,0,0,0,0,0,0,0,0,0,0,0,0,0,0,4,5,5,5,5,5,7,5,5,25
358,1,69,69,1,64,13,51,7,51,6,62,4352,2769,1583,1583,0,179,2590,0,41,38,68,707,2897,179,0,1023,10,14,0,1048576,0,0,0,inf,0.879669189,1.04518127,0.906799316,0,0,0,0,0,0,0,0,0,0,0,0,0,0,0,0,0,0,0,0,0,0,0,1023,0,0,0,0,0,0,0,0,0,0,0,0,0,0,0,0,0,0,0,0,0,0,0,0,0,0,0,0,0,0,0,0,0,0,0,0,0,0,0,0,0,0,0,0,0,0,0,0,0,0,0,0,0,0,0,0,0,0,0,0,0,0,0,0,0,5,4,36,11,10,52,15,13,13,13
359,1,69,69,1,64,12,52,5,52,7,61,4352,2958,1394,1394,0,168,2790,0,36,36,68,692,3086,168,0,1023,10,14,0,1048576,0,0,0,inf,0.435974121,0.537231445,0.469833374,0,0,0,0,0,0,0,0,0,0,0,0,0,0,0,0,0,0,0,0,0,0,0,1023,0,0,0,0,0,0,0,0,0,0,0,0,0,0,0,0,0,0,0,0,0,0,0,0,0,0,0,0,0,0,0,0,0,0,0,0,0,0,0,0,0,0,0,0,0,0,0,0,0,0,0,0,0,0,0,0,0,0,0,0,0,0,0,0,0,4,16,11,11,16,19,9,13,2,5
360,0.699999988,69,69,1,64,0,64,0,64,0,68,4352,2710,1642,1642,0,74,2636,0,38,37,68,1219,2838,74,0,446,10,14,0,1048576,0,0,0,inf,1.16467285,1.29141235,1.36167908,0,0,0,0,0,0,0,0,0,0,0,0,0,0,0,0,0,0,0,0,0,0,0,446,0,0,0,0,0,0,0,0,0,0,0,0,0,0,0,0,0,0,0,0,0,0,0,0,0,0,0,0,0,0,0,0,0,0,0,0,0,0,0,0,0,0,0,0,0,0,0,0,0,0,0,0,0,0,0,0,0,0,0,0,0,0,0,0,0,4294967295,9,4,15,14,28,4294967295,18,19,4294967295
361,1,69,69,1,64,30,34,14,34,16,52,4352,2725,1627,1627,0,493,2232,0,66,53,68,516,2853,493,0,1023,10,14,0,1048576,0,0,0,inf,0.642181396,0.750564575,0.606887817,0,0,0,0,0,0,0,0,0,0,0,0,0,0,0,0,0,0,0,0,0,0,0,1023,0,0,0,0,0,0,0,0,0,0,0,0,0,0,0,0,0,0,0,0,0,0,0,0,0,0,0,0,0,0,0,0,0,0,0,0,0,0,0,0,0,0,0,0,0,0,0,0,0,0,0,0,0,0,0,0,0,0,0,0,0,0,0,0,0,14,40,5,5,5,8,20,18,22,4
362,0.699999988,69,69,1,64,3,61,2,61,1,67,4352,1983,2369,2369,0,58,1925,0,38,38,68,1314,2111,58,0,431,10,14,0,1048576,0,0,0,inf,0.827484131,1.33288574,1.35398865,0,0,0,0,0,0,0,0,0,0,0,0,0,0,0,0,0,0,0,0,0,0,0,431,0,0,0,0,0,0,0,0,0,0,0,0,0,0,0,0,0,0,0,0,0,0,0,0,0,0,0,0,0,0,0,0,0,0,0,0,0,0,0,0,0,0,0,0,0,0,0,0,0,0,0,0,0,0,0,0,0,0,0,0,0,0,0,0,0,5,19,18,3,4294967295,55,4294967295,31,31,4294967295
363,0.899999976,69,69,1,64,8,56,0,56,8,60,4352,3322,1030,1030,0,302,3020,0,58,51,68,634,3450,302,0,767,10,14,0,1048576,0,0,0,inf,0.647232056,0.730026245,0.69090271,0,0,0,0,0,0,0,0,0,0,0,0,0,0,0,0,0,0,0,0,0,0,0,767,0,0,0,0,0,0,0,0,0,0,0,0,0,0,0,0,0,0,0,0,0,0,0,0,0,0,0,0,0,0,0,0,0,0,0,0,0,0,0,0,0,0,0,0,0,0,0,0,0,0,0,0,0,0,0,0,0,0,0,0,0,0,0,0,0,7,5,5,6,8,32,9,39,4294967295,6
364,1,69,69,1,64,9,55,4,55,6,62,4352,2833,1519,1519,0,136,2697,0,50,46,68,891,2961,136,0,1023,10,14,0,1048576,0,0,0,inf,0.96635437,1.16783142,1.03076172,0,0,0,0,0,0,0,0,0,0,0,0,0,0,0,0,0,0,0,0,0,0,0,1023,0,0,0,0,0,0,0,0,0,0,0,0,0,0,0,0,0,0,0,0,0,0,0,0,0,0,0,0,0,0,0,0,0,0,0,0,0,0,0,0,0,0,0,0,0,0,0,0,0,0,0,0,0,0,0,0,0,0,0,0,0,0,0,0,0,13,8,10,10,11,55,10,24,13,10
365,0.800000012,69,69,1,64,3,61,2,61,2,66,4352,2211,2141,2141,0,29,2182,0,25,25,68,1843,2339,29,0,495,10,14,0,1048576,0,0,0,inf,0.700485229,1.03988647,1.09620667,0,0,0,0,0,0,0,0,0,0,0,0,0,0,0,0,0,0,0,0,0,0,0,495,0,0,0,0,0,0,0,0,0,0,0,0,0,0,0,0,0,0,0,0,0,0,0,0,0,0,0,0,0,0,0,0,0,0,0,0,0,0,0,0,0,0,0,0,0,0,0,0,0,0,0,0,0,0,0,0,0,0,0,0,0,0,0,0,0,10,1,51,20,4294967295,57,57,30,5,4294967295
366,1,69,69,1,64,16,48,6,48,10,58,4352,2722,1630,1630,0,254,2468,0,51,46,68,665,2850,254,0,1023,10,14,0,1048576,0,0,0,inf,0.599502563,0.721221924,0.598754883,0,0,0,0,0,0,0,0,0,0,0,0,0,0,0,0,0,0,0,0,0,0,0,1023,0,0,0,0,0,0,0,0,0,0,0,0,0,0,0,0,0,0,0,0,0,0,0,0,0,0,0,0,0,0,0,0,0,0,0,0,0,0,0,0,0,0,0,0,0,0,0,0,0,0,0,0,0,0,0,0,0,0,0,0,0,0,0,0,0,3,4,4,4,17,27,6,56,56,11
367,1,69,69,1,64,19,45,3,45,17,51,4352,3803,549,549,0,222,3581,0,57,50,68,1016,3931,222,0,1023,10,14,0,1048576,0,0,0,inf,0.942901611,1.00343323,0.888778687,0,0,0,0,0,0,0,0,0,0,0,0,0,0,0,0,0,0,0,0,0,0,0,1023,0,0,0,0,0,0,0,0,0,0,0,0,0,0,0,0,0,0,0,0,0,0,0,0,0,0,0,0,0,0,0,0,0,0,0,0,0,0,0,0,0,0,0,0,0,0,0,0,0,0,0,0,0,0,0,0,0,0,0,0,0,0,0,0,0,16,18,18,19,21,16,22,58,17,25
368,1,69,69,1,64,6,58,4,58,2,66,4352,2092,2260,2260,0,77,2015,0,32,31,68,780,2220,77,0,1023,10,14,0,1048576,0,0,0,inf,1.02653503,1.41767883,1.14070129,0,0,0,0,0,0,0,0,0,0,0,0,0,0,0,0,0,0,0,0,0,0,0,1023,0,0,0,0,0,0,0,0,0,0,0,0,0,0,0,0,0,0,0,0,0,0,0,0,0,0,0,0,0,0,0,0,0,0,0,0,0,0,0,0,0,0,0,0,0,0,0,0,0,0,0,0,0,0,0,0,0,0,0,0,0,0,0,0,0,2,5,4,5,49,23,3,4,24,6
369,0.300000012,69,69,1,64,3,61,2,61,1,67,4352,4079,273,273,0,94,3985,0,39,39,68,1538,4207,94,0,26,10,14,0,1048576,0,0,0,inf,0.773452759,0.871780396,0.959899902,0,0,0,0,0,0,0,0,0,0,0,0,0,0,0,0,0,0,0,0,0,0,0,26,0,0,0,0,0,0,0,0,0,0,0,0,0,0,0,0,0,0,0,0,0,0,0,0,0,0,0,0,0,0,0,0,0,0,0,0,0,0,0,0,0,0,0,0,0,0,0,0,0,0,0,0,0,0,0,0,0,0,0,0,0,0,0,0,0,4294967295,24,4294967295,45,30,4294967295,4294967295,4294967295,4294967295,4294967295
370,1,69,69,1,64,19,45,7,45,12,56,4352,3321,1031,1031,0,314,3007,0,52,51,68,769,3449,314,0,1023,10,14,0,1048576,0,0,0,inf,0.611923218,0.679885864,0.62210083,0,0,0,0,0,0,0,0,0,0,0,0,0,0,0,0,0,0,0,0,0,0,0,1023,0,0,0,0,0,0,0,0,0,0,0,0,0,0,0,0,0,0,0,0,0,0,0,0,0,0,0,0,0,0,0,0,0,0,0,0,0,0,0,0,0,0,0,0,0,0,0,0,0,0,0,0,0,0,0,0,0,0,0,0,0,0,0,0,0,15,12,34,37,43,25,24,22,55,25
371,0.800000012,69,69,1,64,9,55,3,55,6,62,4352,3120,1232,1232,0,230,2890,0,54,49,68,946,3248,230,0,255,10,14,0,1048576,0,0,0,inf,0.856643677,0.976577759,0.915924072,0,0,0,0,0,0,0,0,0,0,0,0,0,0,0,0,0,0,0,0,0,0,0,255,0,0,0,0,0,0,0,0,0,0,0,0,0,0,0,0,0,0,0,0,0,0,0,0,0,0,0,0,0,0,0,0,0,0,0,0,0,0,0,0,0,0,0,0,0,0,0,0,0,0,0,0,0,0,0,0,0,0,0,0,0,0,0,0,0,9,7,22,10,9,55,56,41,4294967295,4294967295
372,0.800000012,69,69,1,64,11,53,8,53,3,65,4352,3489,863,863,0,184,3305,0,47,43,68,862,3617,184,0,894,10,14,0,1048576,0,0,0,inf,1.02346802,1.17431641,1.05975342,0,0,0,0,0,0,0,0,0,0,0,0,0,0,0,0,0,0,0,0,0,0,0,894,0,0,0,0,0,0,0,0,0,0,0,0,0,0,0,0,0,0,0,0,0,0,0,0,0,0,0,0,0,0,0,0,0,0,0,0,0,0,0,0,0,0,0,0,0,0,0,0,0,0,0,0,0,0,0,0,0,0,0,0,0,0,0,0,0,4294967295,11,6,36,6,7,4,4294967295,59,41
373,1,69,69,1,64,50,14,14,14,36,32,4352,2543,1809,1809,0,860,1683,0,77,42,68,569,2671,860,0,1023,10,14,0,1048576,0,0,0,inf,0.514602661,0.651306152,0.439605713,0,0,0,0,0,0,0,0,0,0,0,0,0,0,0,0,0,0,0,0,0,0,0,1023,0,0,0,0,0,0,0,0,0,0,0,0,0,0,0,0,0,0,0,0,0,0,0,0,0,0,0,0,0,0,0,0,0,0,0,0,0,0,0,0,0,0,0,0,0,0,0,0,0,0,0,0,0,0,0,0,0,0,0,0,0,0,0,0,0,4,5,5,4,6,5,5,8,12,5
374,1,69,69,1,64,11,53,2,53,9,59,4352,3352,1000,1000,0,242,3110,0,38,36,68,670,3480,242,0,1023,10,14,0,1048576,0,0,0,inf,0.781570435,0.880325317,0.79397583,0,0,0,0,0,0,0,0,0,0,0,0,0,0,0,0,0,0,0,0,0,0,0,1023,0,0,0,0,0,0,0,0,0,0,0,0,0,0,0,0,0,0,0,0,0,0,0,0,0,0,0,0,0,0,0,0,0,0,0,0,0,0,0,0,0,0,0,0,0,0,0,0,0,0,0,0,0,0,0,0,0,0,0,0,0,0,0,0,0,4,9,56,36,28,23,4,26,7,10
375,0.899999976,69,69,1,64,9,55,4,55,7,61,4352,2921,1431,1431,0,105,2816,0,37,34,68,1046,3049,105,0,991,10,14,0,1048576,0,0,0,inf,0.782150269,0.863632202,0.832839966,0,0,0,0,0,0,0,0,0,0,0,0,0,0,0,0,0,0,0,0,0,0,0,991,0,0,0,0,0,0,0,0,0,0,0,0,0,0,0,0,0,0,0,0,0,0,0,0,0,0,0,0,0,0,0,0,0,0,0,0,0,0,0,0,0,0,0,0,0,0,0,0,0,0,0,0,0,0,0,0,0,0,0,0,0,0,0,0,0,5,11,12,23,15,4294967295,17,33,16,58
376,0.699999988,69,69,1,64,6,58,4,58,2,66,4352,3829,523,523,0,140,3689,0,45,41,68,1721,3957,140,0,635,10,14,0,1048576,0,0,0,inf,0.703918457,0.767333984,0.811325073,0,0,0,0,0,0,0,0,0,0,0,0,0,0,0,0,0,0,0,0,0,0,0,635,0,0,0,0,0,0,0,0,0,0,0,0,0,0,0,0,0,0,0,0,0,0,0,0,0,0,0,0,0,0,0,0,0,0,0,0,0,0,0,0,0,0,0,0,0,0,0,0,0,0,0,0,0,0,0,0,0,0,0,0,0,0,0,0,0,29,34,4294967295,10,30,30,59,4294967295,4294967295,22
377,0.899999976,69,69,1,64,7,57,1,57,6,62,4352,2546,1806,1806,0,104,2442,0,40,39,68,971,2674,104,0,895,10,14,0,1048576,0,0,0,inf,0.476348877,0.842285156,0.625411987,0,0,0,0,0,0,0,0,0,0,0,0,0,0,0,0,0,0,0,0,0,0,0,895,0,0,0,0,0,0,0,0,0,0,0,0,0,0,0,0,0,0,0,0,0,0,0,0,0,0,0,0,0,0,0,0,0,0,0,0,0,0,0,0,0,0,0,0,0,0,0,0,0,0,0,0,0,0,0,0,0,0,0,0,0,0,0,0,0,34,10,27,27,9,10,27,4294967295,5,15
378,1,69,69,1,64,3,61,3,61,0,68,4352,3553,799,799,0,150,3403,0,42,41,68,1331,3681,150,0,1023,10,14,0,1048576,0,0,0,inf,0.491043091,0.573486328,0.543838501,0,0,0,0,0,0,0,0,0,0,0,0,0,0,0,0,0,0,0,0,0,0,0,1023,0,0,0,0,0,0,0,0,0,0,0,0,0,0,0,0,0,0,0,0,0,0,0,0,0,0,0,0,0,0,0,0,0,0,0,0,0,0,0,0,0,0,0,0,0,0,0,0,0,0,0,0,0,0,0,0,0,0,0,0,0,0,0,0,0,21,30,8,35,29,25,19,32,54,25
379,1,69,69,1,64,16,48,8,48,8,60,4352,2859,1493,1493,0,368,2491,0,41,38,68,552,2987,368,0,1023,10,14,0,1048576,0,0,0,inf,0.626358032,0.785858154,0.63571167,0,0,0,0,0,0,0,0,0,0,0,0,0,0,0,0,0,0,0,0,0,0,0,1023,0,0,0,0,0,0,0,0,0,0,0,0,0,0,0,0,0,0,0,0,0,0,0,0,0,0,0,0,0,0,0,0,0,0,0,0,0,0,0,0,0,0,0,0,0,0,0,0,0,0,0,0,0,0,0,0,0,0,0,0,0,0,0,0,0,10,9,5,5,11,3,13,24,33,5
380,0.899999976,69,69,1,64,5,59,2,59,3,65,4352,3161,1191,1191,0,92,3069,0,42,42,68,1047,3289,92,0,895,10,14,0,1048576,0,0,0,inf,0.769134521,0.886245728,0.848983765,0,0,0,0,0,0,0,0,0,0,0,0,0,0,0,0,0,0,0,0,0,0,0,895,0,0,0,0,0,0,0,0,0,0,0,0,0,0,0,0,0,0,0,0,0,0,0,0,0,0,0,0,0,0,0,0,0,0,0,0,0,0,0,0,0,0,0,0,0,0,0,0,0,0,0,0,0,0,0,0,0,0,0,0,0,0,0,0,0,4,12,12,4,40,26,23,4294967295,43,13
381,0.800000012,69,69,1,64,5,59,2,59,3,65,4352,3210,1142,1142,0,144,3066,0,44,39,68,1249,3338,144,0,479,10,14,0,1048576,0,0,0,inf,0.885360718,0.985229492,0.98664856,0,0,0,0,0,0,0,0,0,0,0,0,0,0,0,0,0,0,0,0,0,0,0,479,0,0,0,0,0,0,0,0,0,0,0,0,0,0,0,0,0,0,0,0,0,0,0,0,0,0,0,0,0,0,0,0,0,0,0,0,0,0,0,0,0,0,0,0,0,0,0,0,0,0,0,0,0,0,0,0,0,0,0,0,0,0,0,0,0,32,18,21,15,23,4294967295,33,11,59,4294967295
382,0.400000006,69,69,1,64,8,56,4,56,4,64,4352,3881,471,471,0,187,3694,0,51,50,68,1397,4009,187,0,92,10,14,0,1048576,0,0,0,inf,1.03330994,1.21226501,1.1920166,0,0,0,0,0,0,0,0,0,0,0,0,0,0,0,0,0,0,0,0,0,0,0,92,0,0,0,0,0,0,0,0,0,0,0,0,0,0,0,0,0,0,0,0,0,0,0,0,0,0,0,0,0,0,0,0,0,0,0,0,0,0,0,0,0,0,0,0,0,0,0,0,0,0,0,0,0,0,0,0,0,0,0,0,0,0,0,0,0,4294967295,4294967295,36,19,39,4294967295,8,4294967295,4294967295,4294967295
383,0.899999976,69,69,1,64,6,58,0,58,7,61,4352,2485,1867,1867,0,119,2366,0,33,30,68,644,2613,119,0,767,10,14,0,1048576,0,0,0,inf,0.675643921,0.803512573,0.726989746,0,0,0,0,0,0,0,0,0,0,0,0,0,0,0,0,0,0,0,0,0,0,0,767,0,0,0,0,0,0,0,0,0,0,0,0,0,0,0,0,0,0,0,0,0,0,0,0,0,0,0,0,0,0,0,0,0,0,0,0,0,0,0,0,0,0,0,0,0,0,0,0,0,0,0,0,0,0,0,0,0,0,0,0,0,0,0,0,0,4,5,3,3,6,5,15,11,4294967295,11
384,0.800000012,69,69,1,64,8,56,4,56,4,64,4352,3866,486,486,0,125,3741,0,31,27,68,1020,3994,125,0,1006,10,14,0,1048576,0,0,0,inf,0.751556396,0.782791138,0.785812378,0,0,0,0,0,0,0,0,0,0,0,0,0,0,0,0,0,0,0,0,0,0,0,1006,0,0,0,0,0,0,0,0,0,0,0,0,0,0,0,0,0,0,0,0,0,0,0,0,0,0,0,0,0,0,0,0,0,0,0,0,0,0,0,0,0,0,0,0,0,0,0,0,0,0,0,0,0,0,0,0,0,0,0,0,0,0,0,0,0,4294967295,4,32,5,4294967295,7,6,11,24,6
385,0.899999976,69,69,1,64,10,54,3,54,7,61,4352,3924,428,428,0,269,3655,0,42,39,68,793,4052,269,0,895,10,14,0,1048576,0,0,0,inf,0.950927734,1.03160095,0.984893799,0,0,0,0,0,0,0,0,0,0,0,0,0,0,0,0,0,0,0,0,0,0,0,895,0,0,0,0,0,0,0,0,0,0,0,0,0,0,0,0,0,0,0,0,0,0,0,0,0,0,0,0,0,0,0,0,0,0,0,0,0,0,0,0,0,0,0,0,0,0,0,0,0,0,0,0,0,0,0,0,0,0,0,0,0,0,0,0,0,20,9,21,1,18,2,4,4294967295,40,61
386,1,69,69,1,64,19,45,2,45,17,51,4352,2160,2192,2192,0,172,1988,0,41,35,68,579,2288,172,0,1023,10,14,0,1048576,0,0,0,inf,0.755081177,1.04589844,0.659347534,0,0,0,0,0,0,0,0,0,0,0,0,0,0,0,0,0,0,0,0,0,0,0,1023,0,0,0,0,0,0,0,0,0,0,0,0,0,0,0,0,0,0,0,0,0,0,0,0,0,0,0,0,0,0,0,0,0,0,0,0,0,0,0,0,0,0,0,0,0,0,0,0,0,0,0,0,0,0,0,0,0,0,0,0,0,0,0,0,0,4,5,5,5,8,13,9,5,6,4
387,0.699999988,69,69,1,64,2,62,1,62,3,65,4352,2815,1537,1537,0,110,2705,0,37,35,68,1049,2943,110,0,757,10,14,0,1048576,0,0,0,inf,0.904754639,1.13154602,1.05007935,0,0,0,0,0,0,0,0,0,0,0,0,0,0,0,0,0,0,0,0,0,0,0,757,0,0,0,0,0,0,0,0,0,0,0,0,0,0,0,0,0,0,0,0,0,0,0,0,0,0,0,0,0,0,0,0,0,0,0,0,0,0,0,0,0,0,0,0,0,0,0,0,0,0,0,0,0,0,0,0,0,0,0,0,0,0,0,0,0,10,4294967295,10,4294967295,9,5,6,15,4294967295,51
388,1,69,69,1,64,17,47,6,47,11,57,4352,3327,1025,1025,0,461,2866,0,56,51,68,650,3455,461,0,1023,10,14,0,1048576,0,0,0,inf,0.928894043,0.994308472,0.919555664,0,0,0,0,0,0,0,0,0,0,0,0,0,0,0,0,0,0,0,0,0,0,0,1023,0,0,0,0,0,0,0,0,0,0,0,0,0,0,0,0,0,0,0,0,0,0,0,0,0,0,0,0,0,0,0,0,0,0,0,0,0,0,0,0,0,0,0,0,0,0,0,0,0,0,0,0,0,0,0,0,0,0,0,0,0,0,0,0,0,13,9,18,6,22,4,25,65,17,60
389,1,69,69,1,64,12,52,2,52,10,58,4352,2802,1550,1550,0,126,2676,0,44,44,68,802,2930,126,0,1023,10,14,0,1048576,0,0,0,inf,0.830123901,0.935684204,0.838165283,0,0,0,0,0,0,0,0,0,0,0,0,0,0,0,0,0,0,0,0,0,0,0,1023,0,0,0,0,0,0,0,0,0,0,0,0,0,0,0,0,0,0,0,0,0,0,0,0,0,0,0,0,0,0,0,0,0,0,0,0,0,0,0,0,0,0,0,0,0,0,0,0,0,0,0,0,0,0,0,0,0,0,0,0,0,0,0,0,0,11,11,10,7,12,15,34,10,20,2
390,0.899999976,69,69,1,64,2,62,2,62,1,67,4352,2822,1530,1530,0,101,2721,0,36,36,68,983,2950,101,0,1019,10,14,0,1048576,0,0,0,inf,0.634429932,0.739257812,0.737579346,0,0,0,0,0,0,0,0,0,0,0,0,0,0,0,0,0,0,0,0,0,0,0,1019,0,0,0,0,0,0,0,0,0,0,0,0,0,0,0,0,0,0,0,0,0,0,0,0,0,0,0,0,0,0,0,0,0,0,0,0,0,0,0,0,0,0,0,0,0,0,0,0,0,0,0,0,0,0,0,0,0,0,0,0,0,0,0,0,0,5,10,4294967295,10,4,32,5,29,66,9
391,1,69,69,1,64,7,57,5,57,2,66,4352,2973,1379,1379,0,104,2869,0,33,33,68,966,3101,104,0,1023,10,14,0,1048576,0,0,0,inf,0.958007812,1.15765381,1.04914856,0,0,0,0,0,0,0,0,0,0,0,0,0,0,0,0,0,0,0,0,0,0,0,1023,0,0,0,0,0,0,0,0,0,0,0,0,0,0,0,0,0,0,0,0,0,0,0,0,0,0,0,0,0,0,0,0,0,0,0,0,0,0,0,0,0,0,0,0,0,0,0,0,0,0,0,0,0,0,0,0,0,0,0,0,0,0,0,0,0,16,10,2,24,9,12,12,46,4,57
392,0.800000012,69,69,1,64,5,59,2,59,3,65,4352,3578,774,774,0,112,3466,0,35,34,68,1147,3706,112,0,479,10,14,0,1048576,0,0,0,inf,0.751693726,0.846252441,0.836181641,0,0,0,0,0,0,0,0,0,0,0,0,0,0,0,0,0,0,0,0,0,0,0,479,0,0,0,0,0,0,0,0,0,0,0,0,0,0,0,0,0,0,0,0,0,0,0,0,0,0,0,0,0,0,0,0,0,0,0,0,0,0,0,0,0,0,0,0,0,0,0,0,0,0,0,0,0,0,0,0,0,0,0,0,0,0,0,0,0,40,28,3,8,10,4294967295,33,5,23,4294967295
393,1,69,69,1,64,14,50,7,50,7,61,4352,3103,1249,1249,0,308,2795,0,49,35,68,571,3231,308,0,1023,10,14,0,1048576,0,0,0,inf,0.84614563,0.953613281,0.87727356,0,0,0,0,0,0,0,0,0,0,0,0,0,0,0,0,0,0,0,0,0,0,0,1023,0,0,0,0,0,0,0,0,0,0,0,0,0,0,0,0,0,0,0,0,0,0,0,0,0,0,0,0,0,0,0,0,0,0,0,0,0,0,0,0,0,0,0,0,0,0,0,0,0,0,0,0,0,0,0,0,0,0,0,0,0,0,0,0,0,3,8,4,7,4,8,3,8,52,4
394,1,69,69,1,64,13,51,6,51,7,61,4352,3553,799,799,0,252,3301,0,60,52,68,800,3681,252,0,1023,10,14,0,1048576,0,0,0,inf,0.742782593,0.832733154,0.778244019,0,0,0,0,0,0,0,0,0,0,0,0,0,0,0,0,0,0,0,0,0,0,0,1023,0,0,0,0,0,0,0,0,0,0,0,0,0,0,0,0,0,0,0,0,0,0,0,0,0,0,0,0,0,0,0,0,0,0,0,0,0,0,0,0,0,0,0,0,0,0,0,0,0,0,0,0,0,0,0,0,0,0,0,0,0,0,0,0,0,29,37,10,32,32,12,34,43,24,28
395,1,69,69,1,64,40,24,12,24,28,40,4352,3720,632,632,0,409,3311,0,42,39,68,899,3848,409,0,1023,10,14,0,1048576,0,0,0,inf,0.979141235,1.07977295,0.92364502,0,0,0,0,0,0,0,0,0,0,0,0,0,0,0,0,0,0,0,0,0,0,0,1023,0,0,0,0,0,0,0,0,0,0,0,0,0,0,0,0,0,0,0,0,0,0,0,0,0,0,0,0,0,0,0,0,0,0,0,0,0,0,0,0,0,0,0,0,0,0,0,0,0,0,0,0,0,0,0,0,0,0,0,0,0,0,0,0,0,16,15,15,16,17,14,16,21,19,19
396,1,69,69,1,64,16,48,11,48,5,63,4352,2152,2200,2200,0,213,1939,0,47,39,68,665,2280,213,0,1023,10,14,0,1048576,0,0,0,inf,0.924728394,1.09992981,0.961303711,0,0,0,0,0,0,0,0,0,0,0,0,0,0,0,0,0,0,0,0,0,0,0,1023,0,0,0,0,0,0,0,0,0,0,0,0,0,0,0,0,0,0,0,0,0,0,0,0,0,0,0,0,0,0,0,0,0,0,0,0,0,0,0,0,0,0,0,0,0,0,0,0,0,0,0,0,0,0,0,0,0,0,0,0,0,0,0,0,0,5,5,12,5,9,12,4,17,31,19
397,1,69,69,1,64,14,50,6,50,8,60,4352,3060,1292,1292,0,212,2848,0,51,49,68,850,3188,212,0,1023,10,14,0,1048576,0,0,0,inf,0.777496338,0.868560791,0.78944397,0,0,0,0,0,0,0,0,0,0,0,0,0,0,0,0,0,0,0,0,0,0,0,1023,0,0,0,0,0,0,0,0,0,0,0,0,0,0,0,0,0,0,0,0,0,0,0,0,0,0,0,0,0,0,0,0,0,0,0,0,0,0,0,0,0,0,0,0,0,0,0,0,0,0,0,0,0,0,0,0,0,0,0,0,0,0,0,0,0,8,57,14,8,18,12,16,9,13,45
398,1,69,69,1,64,10,54,4,54,6,62,4352,2608,1744,1744,0,218,2390,0,42,39,68,679,2736,218,0,1023,10,14,0,1048576,0,0,0,inf,0.489624023,0.587249756,0.511047363,0,0,0,0,0,0,0,0,0,0,0,0,0,0,0,0,0,0,0,0,0,0,0,1023,0,0,0,0,0,0,0,0,0,0,0,0,0,0,0,0,0,0,0,0,0,0,0,0,0,0,0,0,0,0,0,0,0,0,0,0,0,0,0,0,0,0,0,0,0,0,0,0,0,0,0,0,0,0,0,0,0,0,0,0,0,0,0,0,0,17,19,19,19,22,8,6,13,10,43
399,1,69,69,1,64,5,59,1,59,4,64,4352,3111,1241,1241,0,91,3020,0,32,32,68,1006,3239,91,0,1023,10,14,0,1048576,0,0,0,inf,0.511230469,0.61618042,0.623077393,0,0,0,0,0,0,0,0,0,0,0,0,0,0,0,0,0,0,0,0,0,0,0,1023,0,0,0,0,0,0,0,0,0,0,0,0,0,0,0,0,0,0,0,0,0,0,0,0,0,0,0,0,0,0,0,0,0,0,0,0,0,0,0,0,0,0,0,0,0,0,0,0,0,0,0,0,0,0,0,0,0,0,0,0,0,0,0,0,0,2,9,4,4,6,15,15,66,66,9
400,1,69,69,1,64,10,54,3,54,7,61,4352,2990,1362,1362,0,257,2733,0,59,56,68,680,3118,257,0,1023,10,14,0,1048576,0,0,0,inf,0.73677063,0.839294434,0.768463135,0,0,0,0,0,0,0,0,0,0,0,0,0,0,0,0,0,0,0,0,0,0,0,1023,0,0,0,0,0,0,0,0,0,0,0,0,0,0,0,0,0,0,0,0,0,0,0,0,0,0,0,0,0,0,0,0,0,0,0,0,0,0,0,0,0,0,0,0,0,0,0,0,0,0,0,0,0,0,0,0,0,0,0,0,0,0,0,0,0,10,12,6,6,5,18,31,54,13,3
401,1,69,69,1,64,59,5,42,5,19,49,4352,1398,2954,2954,0,330,1068,0,152,72,68,1235,1526,330,0,1023,10,14,0,1048576,0,0,0,inf,0.000625610352,0.00108337402,0.000442504883,0,0,0,0,0,0,0,0,0,0,0,0,0,0,0,0,0,0,0,0,0,0,0,1023,0,0,0,0,0,0,0,0,0,0,0,0,0,0,0,0,0,0,0,0,0,0,0,0,0,0,0,0,0,0,0,0,0,0,0,0,0,0,0,0,0,0,0,0,0,0,0,0,0,0,0,0,0,0,0,0,0,0,0,0,0,0,0,0,0,51,51,51,51,51,51,51,52,52,52
402,0.699999988,69,69,1,64,7,57,2,57,5,63,4352,3739,613,613,0,173,3566,0,45,41,68,961,3867,173,0,886,10,14,0,1048576,0,0,0,inf,0.79498291,0.92855835,0.951431274,0,0,0,0,0,0,0,0,0,0,0,0,0,0,0,0,0,0,0,0,0,0,0,886,0,0,0,0,0,0,0,0,0,0,0,0,0,0,0,0,0,0,0,0,0,0,0,0,0,0,0,0,0,0,0,0,0,0,0,0,0,0,0,0,0,0,0,0,0,0,0,0,0,0,0,0,0,0,0,0,0,0,0,0,0,0,0,0,0,4294967295,33,16,4294967295,10,10,37,4294967295,53,9
403,1,69,69,2,64,64,0,0,0,65,3,4352,1629,2723,2723,0,1106,523,0,103,54,68,481,1757,1106,0,1023,10,14,0,1048576,0,0,0,inf,inf,0.779632568,0.624145508,0,0,0,0,0,0,0,0,0,0,0,0,0,0,0,0,0,0,0,0,0,0,0,1023,0,0,0,0,0,0,0,0,0,0,0,0,0,0,0,0,0,0,0,0,0,0,0,0,0,0,0,0,0,0,0,0,0,0,0,0,0,0,0,0,0,0,0,0,0,0,0,0,0,0,0,0,0,0,0,0,0,0,0,0,0,0,0,0,0,9,14,9,8,7,4,5,9,9,3
404,0.699999988,69,69,1,64,2,62,2,62,0,68,4352,3238,1114,1114,0,89,3149,0,38,36,68,1183,3366,89,0,637,10,14,0,1048576,0,0,0,inf,0.699829102,0.823532104,0.850219727,0,0,0,0,0,0,0,0,0,0,0,0,0,0,0,0,0,0,0,0,0,0,0,637,0,0,0,0,0,0,0,0,0,0,0,0,0,0,0,0,0,0,0,0,0,0,0,0,0,0,0,0,0,0,0,0,0,0,0,0,0,0,0,0,0,0,0,0,0,0,0,0,0,0,0,0,0,0,0,0,0,0,0,0,0,0,0,0,0,20,4294967295,13,17,17,28,29,4294967295,4294967295,48
405,1,69,69,1,64,16,48,8,48,9,59,4352,2320,2032,2032,0,189,2131,0,66,59,68,807,2448,189,0,1023,10,14,0,1048576,0,0,0,inf,0.552658081,0.8699646,0.55607605,0,0,0,0,0,0,0,0,0,0,0,0,0,0,0,0,0,0,0,0,0,0,0,1023,0,0,0,0,0,0,0,0,0,0,0,0,0,0,0,0,0,0,0,0,0,0,0,0,0,0,0,0,0,0,0,0,0,0,0,0,0,0,0,0,0,0,0,0,0,0,0,0,0,0,0,0,0,0,0,0,0,0,0,0,0,0,0,0,0,7,37,9,8,9,9,9,34,21,32
406,1,68,69,3,64,64,0,0,0,64,3,4288,1543,2745,2745,0,424,1119,0,60,45,67,434,1671,424,0,1023,10,14,0,1048576,0,0,0,inf,inf,0.473587036,0.315475464,0,0,0,0,0,0,0,0,0,0,0,0,0,0,0,0,0,0,0,0,0,0,0,1023,0,0,0,0,0,0,0,0,0,0,0,0,0,0,0,0,0,0,0,0,0,0,0,0,0,0,0,0,0,0,0,0,0,0,0,0,0,0,0,0,0,0,0,0,0,0,0,0,0,0,0,0,0,0,0,0,0,0,0,0,0,0,0,0,0,4,5,3,4,4,4,4,2,3,5
407,0.800000012,69,69,1,64,9,55,7,55,2,66,4352,3159,1193,1193,0,208,2951,0,64,57,68,875,3287,208,0,831,10,14,0,1048576,0,0,0,inf,0.429504395,0.538467407,0.490890503,0,0,0,0,0,0,0,0,0,0,0,0,0,0,0,0,0,0,0,0,0,0,0,831,0,0,0,0,0,0,0,0,0,0,0,0,0,0,0,0,0,0,0,0,0,0,0,0,0,0,0,0,0,0,0,0,0,0,0,0,0,0,0,0,0,0,0,0,0,0,0,0,0,0,0,0,0,0,0,0,0,0,0,0,0,0,0,0,0,40,13,14,29,20,21,4294967295,4294967295,14,28
408,0.899999976,69,69,1,64,19,45,13,45,7,61,4352,3172,1180,1180,0,364,2808,0,76,65,68,639,3300,364,0,959,10,14,0,1048576,0,0,0,inf,0.769332886,0.870681763,0.776489258,0,0,0,0,0,0,0,0,0,0,0,0,0,0,0,0,0,0,0,0,0,0,0,959,0,0,0,0,0,0,0,0,0,0,0,0,0,0,0,0,0,0,0,0,0,0,0,0,0,0,0,0,0,0,0,0,0,0,0,0,0,0,0,0,0,0,0,0,0,0,0,0,0,0,0,0,0,0,0,0,0,0,0,0,0,0,0,0,0,22,8,7,28,11,10,4294967295,41,10,14
409,0.899999976,69,69,1,64,12,52,4,52,8,60,4352,3327,1025,1025,0,279,3048,0,60,57,68,829,3455,279,0,767,10,14,0,1048576,0,0,0,inf,0.587020874,0.662948608,0.59576416,0,0,0,0,0,0,0,0,0,0,0,0,0,0,0,0,0,0,0,0,0,0,0,767,0,0,0,0,0,0,0,0,0,0,0,0,0,0,0,0,0,0,0,0,0,0,0,0,0,0,0,0,0,0,0,0,0,0,0,0,0,0,0,0,0,0,0,0,0,0,0,0,0,0,0,0,0,0,0,0,0,0,0,0,0,0,0,0,0,8,30,21,34,17,50,50,10,4294967295,6
410,0.899999976,69,69,1,64,4,60,3,60,1,67,4352,2713,1639,1639,0,167,2546,0,57,55,68,969,2841,167,0,1007,10,14,0,1048576,0,0,0,inf,0.630783081,0.834487915,0.709915161,0,0,0,0,0,0,0,0,0,0,0,0,0,0,0,0,0,0,0,0,0,0,0,1007,0,0,0,0,0,0,0,0,0,0,0,0,0,0,0,0,0,0,0,0,0,0,0,0,0,0,0,0,0,0,0,0,0,0,0,0,0,0,0,0,0,0,0,0,0,0,0,0,0,0,0,0,0,0,0,0,0,0,0,0,0,0,0,0,0,14,40,7,12,4294967295,47,6,19,24,22
411,1,69,69,1,64,8,56,4,56,4,64,4352,3101,1251,1251,0,172,2929,0,46,44,68,943,3229,172,0,1023,10,14,0,1048576,0,0,0,inf,0.580566406,0.694625854,0.63923645,0,0,0,0,0,0,0,0,0,0,0,0,0,0,0,0,0,0,0,0,0,0,0,1023,0,0,0,0,0,0,0,0,0,0,0,0,0,0,0,0,0,0,0,0,0,0,0,0,0,0,0,0,0,0,0,0,0,0,0,0,0,0,0,0,0,0,0,0,0,0,0,0,0,0,0,0,0,0,0,0,0,0,0,0,0,0,0,0,0,11,8,30,30,65,43,63,8,18,25
412,0.899999976,69,69,1,64,7,57,2,57,5,63,4352,1990,2362,2362,0,104,1886,0,43,42,68,965,2118,104,0,959,10,14,0,1048576,0,0,0,inf,0.680984497,1.27319336,0.94102478,0,0,0,0,0,0,0,0,0,0,0,0,0,0,0,0,0,0,0,0,0,0,0,959,0,0,0,0,0,0,0,0,0,0,0,0,0,0,0,0,0,0,0,0,0,0,0,0,0,0,0,0,0,0,0,0,0,0,0,0,0,0,0,0,0,0,0,0,0,0,0,0,0,0,0,0,0,0,0,0,0,0,0,0,0,0,0,0,0,8,7,7,8,13,40,4294967295,16,35,54
413,0.600000024,69,69,1,64,9,55,4,55,5,63,4352,3736,616,616,0,309,3427,0,52,50,68,769,3864,309,0,287,10,14,0,1048576,0,0,0,inf,0.84437561,0.90663147,0.894424438,0,0,0,0,0,0,0,0,0,0,0,0,0,0,0,0,0,0,0,0,0,0,0,287,0,0,0,0,0,0,0,0,0,0,0,0,0,0,0,0,0,0,0,0,0,0,0,0,0,0,0,0,0,0,0,0,0,0,0,0,0,0,0,0,0,0,0,0,0,0,0,0,0,0,0,0,0,0,0,0,0,0,0,0,0,0,0,0,0,4,5,20,64,7,4294967295,4294967295,4294967295,20,4294967295
414,1,69,69,1,64,14,50,5,50,9,59,4352,2522,1830,1830,0,162,2360,0,46,45,68,692,2650,162,0,1023,10,14,0,1048576,0,0,0,inf,0.637405396,0.805725098,0.641433716,0,0,0,0,0,0,0,0,0,0,0,0,0,0,0,0,0,0,0,0,0,0,0,1023,0,0,0,0,0,0,0,0,0,0,0,0,0,0,0,0,0,0,0,0,0,0,0,0,0,0,0,0,0,0,0,0,0,0,0,0,0,0,0,0,0,0,0,0,0,0,0,0,0,0,0,0,0,0,0,0,0,0,0,0,0,0,0,0,0,5,5,6,6,32,6,6,7,30,23
415,0.5,69,69,1,64,5,59,1,59,4,64,4352,3389,963,963,0,200,3189,0,56,54,68,984,3517,200,0,87,10,14,0,1048576,0,0,0,inf,1.02380371,1.10263062,1.09408569,0,0,0,0,0,0,0,0,0,0,0,0,0,0,0,0,0,0,0,0,0,0,0,87,0,0,0,0,0,0,0,0,0,0,0,0,0,0,0,0,0,0,0,0,0,0,0,0,0,0,0,0,0,0,0,0,0,0,0,0,0,0,0,0,0,0,0,0,0,0,0,0,0,0,0,0,0,0,0,0,0,0,0,0,0,0,0,0,0,8,44,45,4294967295,37,4294967295,4,4294967295,4294967295,4294967295
416,0.400000006,69,69,1,64,4,60,3,60,2,66,4352,3967,385,385,0,181,3786,0,60,53,68,1111,4095,181,0,777,10,14,0,1048576,0,0,0,inf,0.79359436,0.875534058,0.907958984,0,0,0,0,0,0,0,0,0,0,0,0,0,0,0,0,0,0,0,0,0,0,0,777,0,0,0,0,0,0,0,0,0,0,0,0,0,0,0,0,0,0,0,0,0,0,0,0,0,0,0,0,0,0,0,0,0,0,0,0,0,0,0,0,0,0,0,0,0,0,0,0,0,0,0,0,0,0,0,0,0,0,0,0,0,0,0,0,0,52,4294967295,4294967295,52,4294967295,4294967295,4294967295,4294967295,61,15
417,1,69,69,1,64,34,30,13,30,21,47,4352,2672,1680,1680,0,502,2170,0,58,50,68,498,2800,502,0,1023,10,14,0,1048576,0,0,0,inf,0.364532471,0.46194458,0.335861206,0,0,0,0,0,0,0,0,0,0,0,0,0,0,0,0,0,0,0,0,0,0,0,1023,0,0,0,0,0,0,0,0,0,0,0,0,0,0,0,0,0,0,0,0,0,0,0,0,0,0,0,0,0,0,0,0,0,0,0,0,0,0,0,0,0,0,0,0,0,0,0,0,0,0,0,0,0,0,0,0,0,0,0,0,0,0,0,0,0,8,5,8,4,8,8,7,3,4,3
418,0.800000012,69,69,1,64,11,53,5,53,6,62,4352,3471,881,881,0,225,3246,0,46,44,68,789,3599,225,0,447,10,14,0,1048576,0,0,0,inf,1.06674194,1.20672607,1.09999084,0,0,0,0,0,0,0,0,0,0,0,0,0,0,0,0,0,0,0,0,0,0,0,447,0,0,0,0,0,0,0,0,0,0,0,0,0,0,0,0,0,0,0,0,0,0,0,0,0,0,0,0,0,0,0,0,0,0,0,0,0,0,0,0,0,0,0,0,0,0,0,0,0,0,0,0,0,0,0,0,0,0,0,0,0,0,0,0,0,12,9,13,13,10,5,4294967295,58,36,4294967295
419,1,69,69,1,64,11,53,9,53,2,66,4352,3130,1222,1222,0,199,2931,0,62,55,68,921,3258,199,0,1023,10,14,0,1048576,0,0,0,inf,0.747207642,0.859664917,0.794845581,0,0,0,0,0,0,0,0,0,0,0,0,0,0,0,0,0,0,0,0,0,0,0,1023,0,0,0,0,0,0,0,0,0,0,0,0,0,0,0,0,0,0,0,0,0,0,0,0,0,0,0,0,0,0,0,0,0,0,0,0,0,0,0,0,0,0,0,0,0,0,0,0,0,0,0,0,0,0,0,0,0,0,0,0,0,0,0,0,0,32,6,37,36,9,17,23,22,57,57
420,0.899999976,69,69,1,64,7,57,3,57,4,64,4352,3653,699,699,0,243,3410,0,54,49,68,1027,3781,243,0,1007,10,14,0,1048576,0,0,0,inf,0.765136719,0.820739746,0.825866699,0,0,0,0,0,0,0,0,0,0,0,0,0,0,0,0,0,0,0,0,0,0,0,1007,0,0,0,0,0,0,0,0,0,0,0,0,0,0,0,0,0,0,0,0,0,0,0,0,0,0,0,0,0,0,0,0,0,0,0,0,0,0,0,0,0,0,0,0,0,0,0,0,0,0,0,0,0,0,0,0,0,0,0,0,0,0,0,0,0,41,39,44,65,4294967295,21,31,41,25,25
421,1,69,69,1,64,11,53,5,53,6,62,4352,2680,1672,1672,0,209,2471,0,61,48,68,646,2808,209,0,1023,10,14,0,1048576,0,0,0,inf,0.66506958,0.880050659,0.692108154,0,0,0,0,0,0,0,0,0,0,0,0,0,0,0,0,0,0,0,0,0,0,0,1023,0,0,0,0,0,0,0,0,0,0,0,0,0,0,0,0,0,0,0,0,0,0,0,0,0,0,0,0,0,0,0,0,0,0,0,0,0,0,0,0,0,0,0,0,0,0,0,0,0,0,0,0,0,0,0,0,0,0,0,0,0,0,0,0,0,24,10,11,9,9,26,3,65,20,10
422,1,69,69,1,64,17,47,6,47,12,56,4352,1720,2632,2632,0,218,1502,0,55,48,68,528,1848,218,0,1023,10,14,0,1048576,0,0,0,inf,0.680984497,0.917770386,0.669128418,0,0,0,0,0,0,0,0,0,0,0,0,0,0,0,0,0,0,0,0,0,0,0,1023,0,0,0,0,0,0,0,0,0,0,0,0,0,0,0,0,0,0,0,0,0,0,0,0,0,0,0,0,0,0,0,0,0,0,0,0,0,0,0,0,0,0,0,0,0,0,0,0,0,0,0,0,0,0,0,0,0,0,0,0,0,0,0,0,0,3,7,4,3,4,6,6,6,3,8
423,0.800000012,69,69,1,64,13,51,7,51,7,61,4352,3096,1256,1256,0,315,2781,0,63,63,68,764,3224,315,0,255,10,14,0,1048576,0,0,0,inf,0.760360718,0.872589111,0.77973938,0,0,0,0,0,0,0,0,0,0,0,0,0,0,0,0,0,0,0,0,0,0,0,255,0,0,0,0,0,0,0,0,0,0,0,0,0,0,0,0,0,0,0,0,0,0,0,0,0,0,0,0,0,0,0,0,0,0,0,0,0,0,0,0,0,0,0,0,0,0,0,0,0,0,0,0,0,0,0,0,0,0,0,0,0,0,0,0,0,16,18,30,25,8,12,34,10,4294967295,4294967295
424,1,69,69,1,64,64,0,1,0,63,5,4352,2484,1868,1868,0,1394,1090,0,84,57,68,538,2612,1394,0,1023,10,14,0,1048576,0,0,0,inf,0.791427612,0.791427612,0.708099365,0,0,0,0,0,0,0,0,0,0,0,0,0,0,0,0,0,0,0,0,0,0,0,1023,0,0,0,0,0,0,0,0,0,0,0,0,0,0,0,0,0,0,0,0,0,0,0,0,0,0,0,0,0,0,0,0,0,0,0,0,0,0,0,0,0,0,0,0,0,0,0,0,0,0,0,0,0,0,0,0,0,0,0,0,0,0,0,0,0,4,16,10,23,5,9,6,40,37,6
425,1,69,69,1,64,6,58,2,58,4,64,4352,2173,2179,2179,0,141,2032,0,36,35,68,743,2301,141,0,1023,10,14,0,1048576,0,0,0,inf,0.721481323,0.890777588,0.801895142,0,0,0,0,0,0,0,0,0,0,0,0,0,0,0,0,0,0,0,0,0,0,0,1023,0,0,0,0,0,0,0,0,0,0,0,0,0,0,0,0,0,0,0,0,0,0,0,0,0,0,0,0,0,0,0,0,0,0,0,0,0,0,0,0,0,0,0,0,0,0,0,0,0,0,0,0,0,0,0,0,0,0,0,0,0,0,0,0,0,5,2,3,6,19,18,19,5,16,43
426,0.899999976,69,69,1,64,8,56,2,56,6,62,4352,1919,2433,2433,0,100,1819,0,32,32,68,814,2047,100,0,767,10,14,0,1048576,0,0,0,inf,0.781295776,1.37745667,0.900146484,0,0,0,0,0,0,0,0,0,0,0,0,0,0,0,0,0,0,0,0,0,0,0,767,0,0,0,0,0,0,0,0,0,0,0,0,0,0,0,0,0,0,0,0,0,0,0,0,0,0,0,0,0,0,0,0,0,0,0,0,0,0,0,0,0,0,0,0,0,0,0,0,0,0,0,0,0,0,0,0,0,0,0,0,0,0,0,0,0,8,6,12,4,4,9,6,13,4294967295,16
427,0.899999976,69,69,1,64,9,55,2,55,7,61,4352,2490,1862,1862,0,240,2250,0,54,48,68,604,2618,240,0,767,10,14,0,1048576,0,0,0,inf,1.2169342,1.46969604,1.31211853,0,0,0,0,0,0,0,0,0,0,0,0,0,0,0,0,0,0,0,0,0,0,0,767,0,0,0,0,0,0,0,0,0,0,0,0,0,0,0,0,0,0,0,0,0,0,0,0,0,0,0,0,0,0,0,0,0,0,0,0,0,0,0,0,0,0,0,0,0,0,0,0,0,0,0,0,0,0,0,0,0,0,0,0,0,0,0,0,0,5,4,5,8,4,12,12,2,4294967295,18
428,0.899999976,69,69,1,64,6,58,5,58,1,67,4352,2069,2283,2283,0,238,1831,0,51,46,68,606,2197,238,0,1019,10,14,0,1048576,0,0,0,inf,0.811157227,0.997146606,0.89805603,0,0,0,0,0,0,0,0,0,0,0,0,0,0,0,0,0,0,0,0,0,0,0,1019,0,0,0,0,0,0,0,0,0,0,0,0,0,0,0,0,0,0,0,0,0,0,0,0,0,0,0,0,0,0,0,0,0,0,0,0,0,0,0,0,0,0,0,0,0,0,0,0,0,0,0,0,0,0,0,0,0,0,0,0,0,0,0,0,0,3,9,4294967295,15,6,4,5,9,24,29
429,0.899999976,69,69,1,64,10,54,1,54,9,59,4352,3112,1240,1240,0,194,2918,0,42,39,68,671,3240,194,0,511,10,14,0,1048576,0,0,0,inf,1.00761414,1.1391449,1.05117798,0,0,0,0,0,0,0,0,0,0,0,0,0,0,0,0,0,0,0,0,0,0,0,511,0,0,0,0,0,0,0,0,0,0,0,0,0,0,0,0,0,0,0,0,0,0,0,0,0,0,0,0,0,0,0,0,0,0,0,0,0,0,0,0,0,0,0,0,0,0,0,0,0,0,0,0,0,0,0,0,0,0,0,0,0,0,0,0,0,15,7,4,4,8,8,4,36,8,4294967295
430,0.899999976,69,69,1,64,13,51,6,51,7,61,4352,3746,606,606,0,296,3450,0,68,59,68,786,3874,296,0,511,10,14,0,1048576,0,0,0,inf,0.889144897,0.986114502,0.925216675,0,0,0,0,0,0,0,0,0,0,0,0,0,0,0,0,0,0,0,0,0,0,0,511,0,0,0,0,0,0,0,0,0,0,0,0,0,0,0,0,0,0,0,0,0,0,0,0,0,0,0,0,0,0,0,0,0,0,0,0,0,0,0,0,0,0,0,0,0,0,0,0,0,0,0,0,0,0,0,0,0,0,0,0,0,0,0,0,0,14,8,15,27,15,37,28,41,15,4294967295
431,1,69,69,1,64,8,56,3,56,5,63,4352,3223,1129,1129,0,209,3014,0,51,50,68,778,3351,209,0,1023,10,14,0,1048576,0,0,0,inf,0.534896851,0.616760254,0.574615479,0,0,0,0,0,0,0,0,0,0,0,0,0,0,0,0,0,0,0,0,0,0,0,1023,0,0,0,0,0,0,0,0,0,0,0,0,0,0,0,0,0,0,0,0,0,0,0,0,0,0,0,0,0,0,0,0,0,0,0,0,0,0,0,0,0,0,0,0,0,0,0,0,0,0,0,0,0,0,0,0,0,0,0,0,0,0,0,0,0,3,7,33,6,16,9,20,10,9,20
432,1,69,69,1,64,22,42,12,42,11,57,4352,2711,1641,1641,0,464,2247,0,61,49,68,531,2839,464,0,1023,10,14,0,1048576,0,0,0,inf,0.41217041,0.47883606,0.411727905,0,0,0,0,0,0,0,0,0,0,0,0,0,0,0,0,0,0,0,0,0,0,0,1023,0,0,0,0,0,0,0,0,0,0,0,0,0,0,0,0,0,0,0,0,0,0,0,0,0,0,0,0,0,0,0,0,0,0,0,0,0,0,0,0,0,0,0,0,0,0,0,0,0,0,0,0,0,0,0,0,0,0,0,0,0,0,0,0,0,5,4,3,4,2,4,23,4,19,6
433,0.800000012,69,69,1,64,7,57,6,57,1,67,4352,2816,1536,1536,0,309,2507,0,77,68,68,818,2944,309,0,1005,10,14,0,1048576,0,0,0,inf,0.631469727,0.765670776,0.682144165,0,0,0,0,0,0,0,0,0,0,0,0,0,0,0,0,0,0,0,0,0,0,0,1005,0,0,0,0,0,0,0,0,0,0,0,0,0,0,0,0,0,0,0,0,0,0,0,0,0,0,0,0,0,0,0,0,0,0,0,0,0,0,0,0,0,0,0,0,0,0,0,0,0,0,0,0,0,0,0,0,0,0,0,0,0,0,0,0,0,17,4294967295,9,7,4294967295,20,5,10,19,57
434,1,69,69,1,64,10,54,2,54,8,60,4352,1928,2424,2424,0,196,1732,0,46,43,68,594,2056,196,0,1023,10,14,0,1048576,0,0,0,inf,0.529159546,0.654937744,0.539733887,0,0,0,0,0,0,0,0,0,0,0,0,0,0,0,0,0,0,0,0,0,0,0,1023,0,0,0,0,0,0,0,0,0,0,0,0,0,0,0,0,0,0,0,0,0,0,0,0,0,0,0,0,0,0,0,0,0,0,0,0,0,0,0,0,0,0,0,0,0,0,0,0,0,0,0,0,0,0,0,0,0,0,0,0,0,0,0,0,0,4,4,5,5,5,4,9,7,5,55
435,1,69,69,1,64,5,59,0,59,5,63,4352,2616,1736,1736,0,187,2429,0,55,49,68,825,2744,187,0,1023,10,14,0,1048576,0,0,0,inf,0.845977783,0.983779907,0.921920776,0,0,0,0,0,0,0,0,0,0,0,0,0,0,0,0,0,0,0,0,0,0,0,1023,0,0,0,0,0,0,0,0,0,0,0,0,0,0,0,0,0,0,0,0,0,0,0,0,0,0,0,0,0,0,0,0,0,0,0,0,0,0,0,0,0,0,0,0,0,0,0,0,0,0,0,0,0,0,0,0,0,0,0,0,0,0,0,0,0,15,6,35,11,13,15,8,16,4,8
436,1,69,69,1,64,16,48,8,48,8,60,4352,3188,1164,1164,0,250,2938,0,39,37,68,805,3316,250,0,1023,10,14,0,1048576,0,0,0,inf,0.679534912,0.795196533,0.684951782,0,0,0,0,0,0,0,0,0,0,0,0,0,0,0,0,0,0,0,0,0,0,0,1023,0,0,0,0,0,0,0,0,0,0,0,0,0,0,0,0,0,0,0,0,0,0,0,0,0,0,0,0,0,0,0,0,0,0,0,0,0,0,0,0,0,0,0,0,0,0,0,0,0,0,0,0,0,0,0,0,0,0,0,0,0,0,0,0,0,7,8,12,12,9,18,9,54,5,7
437,0.699999988,69,69,1,64,10,54,4,54,7,61,4352,3712,640,640,0,365,3347,0,56,52,68,734,3840,365,0,251,10,14,0,1048576,0,0,0,inf,0.809066772,0.840881348,0.828384399,0,0,0,0,0,0,0,0,0,0,0,0,0,0,0,0,0,0,0,0,0,0,0,251,0,0,0,0,0,0,0,0,0,0,0,0,0,0,0,0,0,0,0,0,0,0,0,0,0,0,0,0,0,0,0,0,0,0,0,0,0,0,0,0,0,0,0,0,0,0,0,0,0,0,0,0,0,0,0,0,0,0,0,0,0,0,0,0,0,64,13,4294967295,13,9,43,8,19,4294967295,4294967295
438,1,69,69,1,64,13,51,7,51,6,62,4352,2906,1446,1446,0,236,2670,0,54,50,68,642,3034,236,0,1023,10,14,0,1048576,0,0,0,inf,0.723892212,0.854660034,0.734832764,0,0,0,0,0,0,0,0,0,0,0,0,0,0,0,0,0,0,0,0,0,0,0,1023,0,0,0,0,0,0,0,0,0,0,0,0,0,0,0,0,0,0,0,0,0,0,0,0,0,0,0,0,0,0,0,0,0,0,0,0,0,0,0,0,0,0,0,0,0,0,0,0,0,0,0,0,0,0,0,0,0,0,0,0,0,0,0,0,0,5,7,4,16,20,8,27,3,58,11
439,1,69,69,1,64,9,55,4,55,5,63,4352,2755,1597,1597,0,257,2498,0,55,50,68,744,2883,257,0,1023,10,14,0,1048576,0,0,0,inf,0.764328003,0.88949585,0.811630249,0,0,0,0,0,0,0,0,0,0,0,0,0,0,0,0,0,0,0,0,0,0,0,1023,0,0,0,0,0,0,0,0,0,0,0,0,0,0,0,0,0,0,0,0,0,0,0,0,0,0,0,0,0,0,0,0,0,0,0,0,0,0,0,0,0,0,0,0,0,0,0,0,0,0,0,0,0,0,0,0,0,0,0,0,0,0,0,0,0,6,6,5,8,48,59,6,24,4,14
440,0.800000012,69,69,1,64,9,55,3,55,6,62,4352,3739,613,613,0,248,3491,0,62,59,68,988,3867,248,0,383,10,14,0,1048576,0,0,0,inf,0.997833252,1.05966187,1.05621338,0,0,0,0,0,0,0,0,0,0,0,0,0,0,0,0,0,0,0,0,0,0,0,383,0,0,0,0,0,0,0,0,0,0,0,0,0,0,0,0,0,0,0,0,0,0,0,0,0,0,0,0,0,0,0,0,0,0,0,0,0,0,0,0,0,0,0,0,0,0,0,0,0,0,0,0,0,0,0,0,0,0,0,0,0,0,0,0,0,50,31,32,5,6,63,16,4294967295,11,4294967295
441,1,69,69,1,64,14,50,5,50,9,59,4352,2329,2023,2023,0,162,2167,0,50,46,68,715,2457,162,0,1023,10,14,0,1048576,0,0,0,inf,1.03501892,1.30400085,1.03588867,0,0,0,0,0,0,0,0,0,0,0,0,0,0,0,0,0,0,0,0,0,0,0,1023,0,0,0,0,0,0,0,0,0,0,0,0,0,0,0,0,0,0,0,0,0,0,0,0,0,0,0,0,0,0,0,0,0,0,0,0,0,0,0,0,0,0,0,0,0,0,0,0,0,0,0,0,0,0,0,0,0,0,0,0,0,0,0,0,0,7,6,11,9,5,18,9,5,8,10
442,0.699999988,69,69,1,64,7,57,4,57,3,65,4352,2803,1549,1549,0,248,2555,0,75,67,68,878,2931,248,0,127,10,14,0,1048576,0,0,0,inf,0.93170166,1.12536621,1.03108215,0,0,0,0,0,0,0,0,0,0,0,0,0,0,0,0,0,0,0,0,0,0,0,127,0,0,0,0,0,0,0,0,0,0,0,0,0,0,0,0,0,0,0,0,0,0,0,0,0,0,0,0,0,0,0,0,0,0,0,0,0,0,0,0,0,0,0,0,0,0,0,0,0,0,0,0,0,0,0,0,0,0,0,0,0,0,0,0,0,7,17,11,7,43,22,14,4294967295,4294967295,4294967295
443,1,69,69,1,64,64,0,4,0,60,8,4352,2017,2335,2335,0,579,1438,0,77,49,68,508,2145,579,0,1023,10,14,0,1048576,0,0,0,inf,0.65272522,0.706359863,0.504943848,0,0,0,0,0,0,0,0,0,0,0,0,0,0,0,0,0,0,0,0,0,0,0,1023,0,0,0,0,0,0,0,0,0,0,0,0,0,0,0,0,0,0,0,0,0,0,0,0,0,0,0,0,0,0,0,0,0,0,0,0,0,0,0,0,0,0,0,0,0,0,0,0,0,0,0,0,0,0,0,0,0,0,0,0,0,0,0,0,0,4,5,7,3,5,5,5,4,4,5
444,1,69,69,1,64,19,45,8,45,11,57,4352,2683,1669,1669,0,283,2400,0,60,51,68,581,2811,283,0,1023,10,14,0,1048576,0,0,0,inf,0.528076172,0.668334961,0.514190674,0,0,0,0,0,0,0,0,0,0,0,0,0,0,0,0,0,0,0,0,0,0,0,1023,0,0,0,0,0,0,0,0,0,0,0,0,0,0,0,0,0,0,0,0,0,0,0,0,0,0,0,0,0,0,0,0,0,0,0,0,0,0,0,0,0,0,0,0,0,0,0,0,0,0,0,0,0,0,0,0,0,0,0,0,0,0,0,0,0,8,5,4,5,5,8,6,9,30,24
445,1,69,69,1,64,46,18,11,18,38,30,4352,1390,2962,2962,0,277,1113,0,158,103,68,1003,1518,277,0,1023,10,14,0,1048576,0,0,0,inf,0.00143432617,0.00473022461,0.000762939453,0,0,0,0,0,0,0,0,0,0,0,0,0,0,0,0,0,0,0,0,0,0,0,1023,0,0,0,0,0,0,0,0,0,0,0,0,0,0,0,0,0,0,0,0,0,0,0,0,0,0,0,0,0,0,0,0,0,0,0,0,0,0,0,0,0,0,0,0,0,0,0,0,0,0,0,0,0,0,0,0,0,0,0,0,0,0,0,0,0,14,14,14,14,13,13,13,14,13,14
446,0.800000012,69,69,1,64,13,51,6,51,7,61,4352,3592,760,760,0,384,3208,0,69,64,68,693,3720,384,0,1014,10,14,0,1048576,0,0,0,inf,0.631408691,0.749511719,0.648040771,0,0,0,0,0,0,0,0,0,0,0,0,0,0,0,0,0,0,0,0,0,0,0,1014,0,0,0,0,0,0,0,0,0,0,0,0,0,0,0,0,0,0,0,0,0,0,0,0,0,0,0,0,0,0,0,0,0,0,0,0,0,0,0,0,0,0,0,0,0,0,0,0,0,0,0,0,0,0,0,0,0,0,0,0,0,0,0,0,0,4294967295,23,13,4294967295,10,16,12,21,21,15
447,1,69,69,1,64,9,55,5,55,4,64,4352,2515,1837,1837,0,168,2347,0,52,48,68,709,2643,168,0,1023,10,14,0,1048576,0,0,0,inf,0.59437561,0.729400635,0.628204346,0,0,0,0,0,0,0,0,0,0,0,0,0,0,0,0,0,0,0,0,0,0,0,1023,0,0,0,0,0,0,0,0,0,0,0,0,0,0,0,0,0,0,0,0,0,0,0,0,0,0,0,0,0,0,0,0,0,0,0,0,0,0,0,0,0,0,0,0,0,0,0,0,0,0,0,0,0,0,0,0,0,0,0,0,0,0,0,0,0,11,33,19,2,34,26,8,2,14,14
448,0.899999976,69,69,1,64,11,53,8,53,3,65,4352,2384,1968,1968,0,158,2226,0,58,55,68,880,2512,158,0,895,10,14,0,1048576,0,0,0,inf,0.814941406,1.11116028,0.869216919,0,0,0,0,0,0,0,0,0,0,0,0,0,0,0,0,0,0,0,0,0,0,0,895,0,0,0,0,0,0,0,0,0,0,0,0,0,0,0,0,0,0,0,0,0,0,0,0,0,0,0,0,0,0,0,0,0,0,0,0,0,0,0,0,0,0,0,0,0,0,0,0,0,0,0,0,0,0,0,0,0,0,0,0,0,0,0,0,0,12,9,10,18,15,25,7,4294967295,35,9
449,1,69,69,1,64,6,58,4,58,3,65,4352,2703,1649,1649,0,93,2610,0,49,48,68,1000,2831,93,0,1023,10,14,0,1048576,0,0,0,inf,0.959259033,1.06893921,1.04359436,0,0,0,0,0,0,0,0,0,0,0,0,0,0,0,0,0,0,0,0,0,0,0,1023,0,0,0,0,0,0,0,0,0,0,0,0,0,0,0,0,0,0,0,0,0,0,0,0,0,0,0,0,0,0,0,0,0,0,0,0,0,0,0,0,0,0,0,0,0,0,0,0,0,0,0,0,0,0,0,0,0,0,0,0,0,0,0,0,0,19,13,13,12,5,4,4,14,14,18
450,0.899999976,69,69,1,64,28,36,6,36,23,45,4352,2893,1459,1459,0,477,2416,0,79,65,68,574,3021,477,0,511,10,14,0,1048576,0,0,0,inf,0.745300293,0.820114136,0.718841553,0,0,0,0,0,0,0,0,0,0,0,0,0,0,0,0,0,0,0,0,0,0,0,511,0,0,0,0,0,0,0,0,0,0,0,0,0,0,0,0,0,0,0,0,0,0,0,0,0,0,0,0,0,0,0,0,0,0,0,0,0,0,0,0,0,0,0,0,0,0,0,0,0,0,0,0,0,0,0,0,0,0,0,0,0,0,0,0,0,5,25,27,14,11,38,4,38,6,4294967295
451,1,69,69,1,64,63,1,4,1,63,5,4352,1203,3149,3149,0,679,524,0,282,93,68,764,1331,679,0,1023,10,14,0,1048576,0,0,0,inf,0.000930786133,0.000961303711,0.000396728516,0,0,0,0,0,0,0,0,0,0,0,0,0,0,0,0,0,0,0,0,0,0,0,1023,0,0,0,0,0,0,0,0,0,0,0,0,0,0,0,0,0,0,0,0,0,0,0,0,0,0,0,0,0,0,0,0,0,0,0,0,0,0,0,0,0,0,0,0,0,0,0,0,0,0,0,0,0,0,0,0,0,0,0,0,0,0,0,0,0,9,9,9,9,9,9,9,9,8,9
452,0.899999976,69,69,1,64,14,50,8,50,6,62,4352,3384,968,968,0,452,2932,0,65,56,68,632,3512,452,0,959,10,14,0,1048576,0,0,0,inf,0.54498291,0.638320923,0.558639526,0,0,0,0,0,0,0,0,0,0,0,0,0,0,0,0,0,0,0,0,0,0,0,959,0,0,0,0,0,0,0,0,0,0,0,0,0,0,0,0,0,0,0,0,0,0,0,0,0,0,0,0,0,0,0,0,0,0,0,0,0,0,0,0,0,0,0,0,0,0,0,0,0,0,0,0,0,0,0,0,0,0,0,0,0,0,0,0,0,36,8,17,31,7,7,4294967295,47,14,27
453,0.899999976,69,69,1,64,14,50,5,50,9,59,4352,3257,1095,1095,0,286,2971,0,56,44,68,534,3385,286,0,767,10,14,0,1048576,0,0,0,inf,0.809967041,0.960922241,0.82208252,0,0,0,0,0,0,0,0,0,0,0,0,0,0,0,0,0,0,0,0,0,0,0,767,0,0,0,0,0,0,0,0,0,0,0,0,0,0,0,0,0,0,0,0,0,0,0,0,0,0,0,0,0,0,0,0,0,0,0,0,0,0,0,0,0,0,0,0,0,0,0,0,0,0,0,0,0,0,0,0,0,0,0,0,0,0,0,0,0,8,6,2,6,27,21,7,10,4294967295,1
454,0.800000012,69,69,1,64,13,51,6,51,7,61,4352,3543,809,809,0,373,3170,0,81,72,68,814,3671,373,0,1013,10,14,0,1048576,0,0,0,inf,0.511184692,0.560745239,0.521652222,0,0,0,0,0,0,0,0,0,0,0,0,0,0,0,0,0,0,0,0,0,0,0,1013,0,0,0,0,0,0,0,0,0,0,0,0,0,0,0,0,0,0,0,0,0,0,0,0,0,0,0,0,0,0,0,0,0,0,0,0,0,0,0,0,0,0,0,0,0,0,0,0,0,0,0,0,0,0,0,0,0,0,0,0,0,0,0,0,0,15,4294967295,65,4294967295,19,9,54,5,13,61
455,1,69,69,1,64,7,57,3,57,5,63,4352,2141,2211,2211,0,190,1951,0,69,60,68,892,2269,190,0,1023,10,14,0,1048576,0,0,0,inf,0.848876953,1.3419342,1.07159424,0,0,0,0,0,0,0,0,0,0,0,0,0,0,0,0,0,0,0,0,0,0,0,1023,0,0,0,0,0,0,0,0,0,0,0,0,0,0,0,0,0,0,0,0,0,0,0,0,0,0,0,0,0,0,0,0,0,0,0,0,0,0,0,0,0,0,0,0,0,0,0,0,0,0,0,0,0,0,0,0,0,0,0,0,0,0,0,0,0,12,12,10,8,7,25,17,12,10,22
456,1,69,69,1,64,50,14,19,14,32,36,4352,2316,2036,2036,0,891,1425,0,117,70,68,416,2444,891,0,1023,10,14,0,1048576,0,0,0,inf,0.385192871,0.438949585,0.349411011,0,0,0,0,0,0,0,0,0,0,0,0,0,0,0,0,0,0,0,0,0,0,0,1023,0,0,0,0,0,0,0,0,0,0,0,0,0,0,0,0,0,0,0,0,0,0,0,0,0,0,0,0,0,0,0,0,0,0,0,0,0,0,0,0,0,0,0,0,0,0,0,0,0,0,0,0,0,0,0,0,0,0,0,0,0,0,0,0,0,4,9,3,4,13,5,10,7,10,10
457,1,69,69,1,64,63,1,4,1,61,7,4352,2155,2197,2197,0,1030,1125,0,125,73,68,511,2283,1030,0,1023,10,14,0,1048576,0,0,0,inf,0.490142822,0.622650146,0.317230225,0,0,0,0,0,0,0,0,0,0,0,0,0,0,0,0,0,0,0,0,0,0,0,1023,0,0,0,0,0,0,0,0,0,0,0,0,0,0,0,0,0,0,0,0,0,0,0,0,0,0,0,0,0,0,0,0,0,0,0,0,0,0,0,0,0,0,0,0,0,0,0,0,0,0,0,0,0,0,0,0,0,0,0,0,0,0,0,0,0,6,7,6,6,6,6,6,7,5,6
458,0.800000012,69,69,1,64,26,38,9,38,17,51,4352,3390,962,962,0,456,2934,0,86,71,68,612,3518,456,0,983,10,14,0,1048576,0,0,0,inf,0.796447754,0.839431763,0.790466309,0,0,0,0,0,0,0,0,0,0,0,0,0,0,0,0,0,0,0,0,0,0,0,983,0,0,0,0,0,0,0,0,0,0,0,0,0,0,0,0,0,0,0,0,0,0,0,0,0,0,0,0,0,0,0,0,0,0,0,0,0,0,0,0,0,0,0,0,0,0,0,0,0,0,0,0,0,0,0,0,0,0,0,0,0,0,0,0,0,28,26,13,4294967295,27,4294967295,66,12,39,23
459,1,69,69,1,64,33,31,7,31,27,41,4352,2794,1558,1558,0,633,2161,0,94,65,68,526,2922,633,0,1023,10,14,0,1048576,0,0,0,inf,0.987716675,1.23487854,0.771621704,0,0,0,0,0,0,0,0,0,0,0,0,0,0,0,0,0,0,0,0,0,0,0,1023,0,0,0,0,0,0,0,0,0,0,0,0,0,0,0,0,0,0,0,0,0,0,0,0,0,0,0,0,0,0,0,0,0,0,0,0,0,0,0,0,0,0,0,0,0,0,0,0,0,0,0,0,0,0,0,0,0,0,0,0,0,0,0,0,0,5,6,6,6,6,6,6,6,6,8
460,1,69,69,1,64,14,50,6,50,8,60,4352,2314,2038,2038,0,289,2025,0,81,65,68,727,2442,289,0,1023,10,14,0,1048576,0,0,0,inf,0.88343811,1.11193848,0.925354004,0,0,0,0,0,0,0,0,0,0,0,0,0,0,0,0,0,0,0,0,0,0,0,1023,0,0,0,0,0,0,0,0,0,0,0,0,0,0,0,0,0,0,0,0,0,0,0,0,0,0,0,0,0,0,0,0,0,0,0,0,0,0,0,0,0,0,0,0,0,0,0,0,0,0,0,0,0,0,0,0,0,0,0,0,0,0,0,0,0,8,7,15,8,8,7,7,37,15,24
461,1,69,69,1,64,39,25,12,25,27,41,4352,2353,1999,1999,0,769,1584,0,81,58,68,514,2481,769,0,1023,10,14,0,1048576,0,0,0,inf,0.488052368,0.620605469,0.417449951,0,0,0,0,0,0,0,0,0,0,0,0,0,0,0,0,0,0,0,0,0,0,0,1023,0,0,0,0,0,0,0,0,0,0,0,0,0,0,0,0,0,0,0,0,0,0,0,0,0,0,0,0,0,0,0,0,0,0,0,0,0,0,0,0,0,0,0,0,0,0,0,0,0,0,0,0,0,0,0,0,0,0,0,0,0,0,0,0,0,4,3,4,4,5,7,12,22,3,10
462,1,69,69,1,64,23,41,8,41,17,51,4352,2888,1464,1464,0,746,2142,0,132,97,68,688,3016,746,0,1023,10,14,0,1048576,0,0,0,inf,0.955429077,1.0856781,0.92137146,0,0,0,0,0,0,0,0,0,0,0,0,0,0,0,0,0,0,0,0,0,0,0,1023,0,0,0,0,0,0,0,0,0,0,0,0,0,0,0,0,0,0,0,0,0,0,0,0,0,0,0,0,0,0,0,0,0,0,0,0,0,0,0,0,0,0,0,0,0,0,0,0,0,0,0,0,0,0,0,0,0,0,0,0,0,0,0,0,0,14,13,18,10,42,16,14,23,13,16
463,0.899999976,69,69,1,64,14,50,9,50,8,60,4352,2773,1579,1579,0,459,2314,0,108,85,68,683,2901,459,0,767,10,14,0,1048576,0,0,0,inf,1.03282166,1.1673584,1.06626892,0,0,0,0,0,0,0,0,0,0,0,0,0,0,0,0,0,0,0,0,0,0,0,767,0,0,0,0,0,0,0,0,0,0,0,0,0,0,0,0,0,0,0,0,0,0,0,0,0,0,0,0,0,0,0,0,0,0,0,0,0,0,0,0,0,0,0,0,0,0,0,0,0,0,0,0,0,0,0,0,0,0,0,0,0,0,0,0,0,65,18,13,21,42,15,21,19,4294967295,19
464,0.699999988,69,69,1,64,18,46,12,46,6,62,4352,3467,885,885,0,348,3119,0,61,58,68,744,3595,348,0,607,10,14,0,1048576,0,0,0,inf,0.845779419,0.921569824,0.874710083,0,0,0,0,0,0,0,0,0,0,0,0,0,0,0,0,0,0,0,0,0,0,0,607,0,0,0,0,0,0,0,0,0,0,0,0,0,0,0,0,0,0,0,0,0,0,0,0,0,0,0,0,0,0,0,0,0,0,0,0,0,0,0,0,0,0,0,0,0,0,0,0,0,0,0,0,0,0,0,0,0,0,0,0,0,0,0,0,0,11,10,52,64,20,4294967295,67,4294967295,4294967295,15
465,0.899999976,69,69,1,64,28,36,9,36,20,48,4352,3833,519,519,0,767,3066,0,79,67,68,521,3961,767,0,511,10,14,0,1048576,0,0,0,inf,0.771255493,0.860687256,0.729598999,0,0,0,0,0,0,0,0,0,0,0,0,0,0,0,0,0,0,0,0,0,0,0,511,0,0,0,0,0,0,0,0,0,0,0,0,0,0,0,0,0,0,0,0,0,0,0,0,0,0,0,0,0,0,0,0,0,0,0,0,0,0,0,0,0,0,0,0,0,0,0,0,0,0,0,0,0,0,0,0,0,0,0,0,0,0,0,0,0,3,17,9,54,45,15,16,25,10,4294967295
466,1,69,69,1,64,19,45,8,45,11,57,4352,2962,1390,1390,0,483,2479,0,94,76,68,618,3090,483,0,1023,10,14,0,1048576,0,0,0,inf,0.918167114,0.998794556,0.913650513,0,0,0,0,0,0,0,0,0,0,0,0,0,0,0,0,0,0,0,0,0,0,0,1023,0,0,0,0,0,0,0,0,0,0,0,0,0,0,0,0,0,0,0,0,0,0,0,0,0,0,0,0,0,0,0,0,0,0,0,0,0,0,0,0,0,0,0,0,0,0,0,0,0,0,0,0,0,0,0,0,0,0,0,0,0,0,0,0,0,9,18,19,7,9,3,7,56,8,29
467,0.899999976,69,69,1,64,15,49,5,49,10,58,4352,3572,780,780,0,461,3111,0,64,51,68,566,3700,461,0,991,10,14,0,1048576,0,0,0,inf,0.899490356,1.03430176,0.883834839,0,0,0,0,0,0,0,0,0,0,0,0,0,0,0,0,0,0,0,0,0,0,0,991,0,0,0,0,0,0,0,0,0,0,0,0,0,0,0,0,0,0,0,0,0,0,0,0,0,0,0,0,0,0,0,0,0,0,0,0,0,0,0,0,0,0,0,0,0,0,0,0,0,0,0,0,0,0,0,0,0,0,0,0,0,0,0,0,0,3,10,3,24,19,4294967295,14,39,21,38
468,0.899999976,69,69,1,64,30,34,13,34,17,51,4352,3644,708,708,0,796,2848,0,94,70,68,506,3772,796,0,767,10,14,0,1048576,0,0,0,inf,0.827789307,0.984939575,0.775466919,0,0,0,0,0,0,0,0,0,0,0,0,0,0,0,0,0,0,0,0,0,0,0,767,0,0,0,0,0,0,0,0,0,0,0,0,0,0,0,0,0,0,0,0,0,0,0,0,0,0,0,0,0,0,0,0,0,0,0,0,0,0,0,0,0,0,0,0,0,0,0,0,0,0,0,0,0,0,0,0,0,0,0,0,0,0,0,0,0,7,13,15,11,9,19,13,14,4294967295,8
469,1,69,69,1,64,40,24,10,24,30,38,4352,2188,2164,2164,0,668,1520,0,94,60,68,451,2316,668,0,1023,10,14,0,1048576,0,0,0,inf,0.47543335,0.67956543,0.393539429,0,0,0,0,0,0,0,0,0,0,0,0,0,0,0,0,0,0,0,0,0,0,0,1023,0,0,0,0,0,0,0,0,0,0,0,0,0,0,0,0,0,0,0,0,0,0,0,0,0,0,0,0,0,0,0,0,0,0,0,0,0,0,0,0,0,0,0,0,0,0,0,0,0,0,0,0,0,0,0,0,0,0,0,0,0,0,0,0,0,4,4,11,22,4,4,3,3,12,8
470,0.800000012,69,69,1,64,14,50,8,50,6,62,4352,3381,971,971,0,298,3083,0,59,57,68,660,3509,298,0,479,10,14,0,1048576,0,0,0,inf,0.653289795,0.764785767,0.662643433,0,0,0,0,0,0,0,0,0,0,0,0,0,0,0,0,0,0,0,0,0,0,0,479,0,0,0,0,0,0,0,0,0,0,0,0,0,0,0,0,0,0,0,0,0,0,0,0,0,0,0,0,0,0,0,0,0,0,0,0,0,0,0,0,0,0,0,0,0,0,0,0,0,0,0,0,0,0,0,0,0,0,0,0,0,0,0,0,0,57,4,10,4,4,4294967295,56,9,19,4294967295
471,1,69,69,1,64,41,23,14,23,27,41,4352,2126,2226,2226,0,632,1494,0,91,68,68,446,2254,632,0,1023,10,14,0,1048576,0,0,0,inf,0.442764282,0.557815552,0.410598755,0,0,0,0,0,0,0,0,0,0,0,0,0,0,0,0,0,0,0,0,0,0,0,1023,0,0,0,0,0,0,0,0,0,0,0,0,0,0,0,0,0,0,0,0,0,0,0,0,0,0,0,0,0,0,0,0,0,0,0,0,0,0,0,0,0,0,0,0,0,0,0,0,0,0,0,0,0,0,0,0,0,0,0,0,0,0,0,0,0,6,4,8,8,13,14,5,8,3,8
472,0.899999976,69,69,1,64,19,45,7,45,12,56,4352,3411,941,941,0,599,2812,0,84,66,68,542,3539,599,0,1015,10,14,0,1048576,0,0,0,inf,0.622024536,0.69241333,0.615280151,0,0,0,0,0,0,0,0,0,0,0,0,0,0,0,0,0,0,0,0,0,0,0,1015,0,0,0,0,0,0,0,0,0,0,0,0,0,0,0,0,0,0,0,0,0,0,0,0,0,0,0,0,0,0,0,0,0,0,0,0,0,0,0,0,0,0,0,0,0,0,0,0,0,0,0,0,0,0,0,0,0,0,0,0,0,0,0,0,0,8,8,20,4294967295,26,25,4,19,30,13
473,1,69,69,1,64,64,0,3,0,66,2,4352,1111,3241,3241,0,869,242,0,294,96,68,607,1239,869,0,1023,10,14,0,1048576,0,0,0,inf,0.00308227539,0.00315856934,0.00129699707,0,0,0,0,0,0,0,0,0,0,0,0,0,0,0,0,0,0,0,0,0,0,0,1023,0,0,0,0,0,0,0,0,0,0,0,0,0,0,0,0,0,0,0,0,0,0,0,0,0,0,0,0,0,0,0,0,0,0,0,0,0,0,0,0,0,0,0,0,0,0,0,0,0,0,0,0,0,0,0,0,0,0,0,0,0,0,0,0,0,7,7,7,8,7,8,7,7,8,8
474,0.899999976,69,69,1,64,27,37,14,37,13,55,4352,3733,619,619,0,617,3116,0,79,70,68,626,3861,617,0,1022,10,14,0,1048576,0,0,0,inf,0.859542847,0.905731201,0.847686768,0,0,0,0,0,0,0,0,0,0,0,0,0,0,0,0,0,0,0,0,0,0,0,1022,0,0,0,0,0,0,0,0,0,0,0,0,0,0,0,0,0,0,0,0,0,0,0,0,0,0,0,0,0,0,0,0,0,0,0,0,0,0,0,0,0,0,0,0,0,0,0,0,0,0,0,0,0,0,0,0,0,0,0,0,0,0,0,0,0,4294967295,23,45,26,15,18,5,45,45,23
475,0.800000012,69,69,1,64,25,39,8,39,18,50,4352,3590,762,762,0,542,3048,0,81,66,68,570,3718,542,0,639,10,14,0,1048576,0,0,0,inf,1.10804749,1.18417358,1.07992554,0,0,0,0,0,0,0,0,0,0,0,0,0,0,0,0,0,0,0,0,0,0,0,639,0,0,0,0,0,0,0,0,0,0,0,0,0,0,0,0,0,0,0,0,0,0,0,0,0,0,0,0,0,0,0,0,0,0,0,0,0,0,0,0,0,0,0,0,0,0,0,0,0,0,0,0,0,0,0,0,0,0,0,0,0,0,0,0,0,8,16,22,41,11,19,7,4294967295,4294967295,10
476,1,69,69,1,64,28,36,11,36,17,51,4352,1567,2785,2785,0,146,1421,0,56,46,68,538,1695,146,0,1023,10,14,0,1048576,0,0,0,inf,0.400375366,1.91360474,0.366867065,0,0,0,0,0,0,0,0,0,0,0,0,0,0,0,0,0,0,0,0,0,0,0,1023,0,0,0,0,0,0,0,0,0,0,0,0,0,0,0,0,0,0,0,0,0,0,0,0,0,0,0,0,0,0,0,0,0,0,0,0,0,0,0,0,0,0,0,0,0,0,0,0,0,0,0,0,0,0,0,0,0,0,0,0,0,0,0,0,0,3,8,5,4,4,4,11,4,5,5
477,1,69,69,1,64,24,40,8,40,16,52,4352,3684,668,668,0,673,3011,0,81,63,68,524,3812,673,0,1023,10,14,0,1048576,0,0,0,inf,0.616439819,0.664199829,0.595901489,0,0,0,0,0,0,0,0,0,0,0,0,0,0,0,0,0,0,0,0,0,0,0,1023,0,0,0,0,0,0,0,0,0,0,0,0,0,0,0,0,0,0,0,0,0,0,0,0,0,0,0,0,0,0,0,0,0,0,0,0,0,0,0,0,0,0,0,0,0,0,0,0,0,0,0,0,0,0,0,0,0,0,0,0,0,0,0,0,0,5,9,4,5,6,4,29,11,53,23
478,0.899999976,69,69,1,64,7,57,4,57,3,65,4352,3204,1148,1148,0,292,2912,0,65,51,68,704,3332,292,0,767,10,14,0,1048576,0,0,0,inf,0.74105835,0.888397217,0.804214478,0,0,0,0,0,0,0,0,0,0,0,0,0,0,0,0,0,0,0,0,0,0,0,767,0,0,0,0,0,0,0,0,0,0,0,0,0,0,0,0,0,0,0,0,0,0,0,0,0,0,0,0,0,0,0,0,0,0,0,0,0,0,0,0,0,0,0,0,0,0,0,0,0,0,0,0,0,0,0,0,0,0,0,0,0,0,0,0,0,6,5,9,53,45,2,4,5,4294967295,40
479,0.899999976,69,69,1,64,13,51,5,51,9,59,4352,3119,1233,1233,0,425,2694,0,58,55,68,589,3247,425,0,767,10,14,0,1048576,0,0,0,inf,1.02616882,1.19429016,1.04771423,0,0,0,0,0,0,0,0,0,0,0,0,0,0,0,0,0,0,0,0,0,0,0,767,0,0,0,0,0,0,0,0,0,0,0,0,0,0,0,0,0,0,0,0,0,0,0,0,0,0,0,0,0,0,0,0,0,0,0,0,0,0,0,0,0,0,0,0,0,0,0,0,0,0,0,0,0,0,0,0,0,0,0,0,0,0,0,0,0,4,35,23,7,2,10,9,31,4294967295,25
480,0.899999976,69,69,1,64,29,35,15,35,14,54,4352,3123,1229,1229,0,455,2668,0,63,51,68,481,3251,455,0,511,10,14,0,1048576,0,0,0,inf,0.616134644,0.71156311,0.610610962,0,0,0,0,0,0,0,0,0,0,0,0,0,0,0,0,0,0,0,0,0,0,0,511,0,0,0,0,0,0,0,0,0,0,0,0,0,0,0,0,0,0,0,0,0,0,0,0,0,0,0,0,0,0,0,0,0,0,0,0,0,0,0,0,0,0,0,0,0,0,0,0,0,0,0,0,0,0,0,0,0,0,0,0,0,0,0,0,0,18,7,2,4,38,10,33,20,5,4294967295
481,0.899999976,69,69,1,64,10,54,4,54,6,62,4352,3497,855,855,0,402,3095,0,71,60,68,717,3625,402,0,767,10,14,0,1048576,0,0,0,inf,0.649536133,0.789611816,0.683578491,0,0,0,0,0,0,0,0,0,0,0,0,0,0,0,0,0,0,0,0,0,0,0,767,0,0,0,0,0,0,0,0,0,0,0,0,0,0,0,0,0,0,0,0,0,0,0,0,0,0,0,0,0,0,0,0,0,0,0,0,0,0,0,0,0,0,0,0,0,0,0,0,0,0,0,0,0,0,0,0,0,0,0,0,0,0,0,0,0,13,5,1,25,10,25,34,43,4294967295,4
482,1,69,69,1,64,11,53,7,53,5,63,4352,2596,1756,1756,0,319,2277,0,78,65,68,750,2724,319,0,1023,10,14,0,1048576,0,0,0,inf,1.02734375,1.16925049,1.06463623,0,0,0,0,0,0,0,0,0,0,0,0,0,0,0,0,0,0,0,0,0,0,0,1023,0,0,0,0,0,0,0,0,0,0,0,0,0,0,0,0,0,0,0,0,0,0,0,0,0,0,0,0,0,0,0,0,0,0,0,0,0,0,0,0,0,0,0,0,0,0,0,0,0,0,0,0,0,0,0,0,0,0,0,0,0,0,0,0,0,5,12,11,7,30,20,20,4,31,7
483,0.899999976,69,69,1,64,14,50,6,50,8,60,4352,3353,999,999,0,444,2909,0,90,70,68,720,3481,444,0,991,10,14,0,1048576,0,0,0,inf,0.854278564,1.01422119,0.871734619,0,0,0,0,0,0,0,0,0,0,0,0,0,0,0,0,0,0,0,0,0,0,0,991,0,0,0,0,0,0,0,0,0,0,0,0,0,0,0,0,0,0,0,0,0,0,0,0,0,0,0,0,0,0,0,0,0,0,0,0,0,0,0,0,0,0,0,0,0,0,0,0,0,0,0,0,0,0,0,0,0,0,0,0,0,0,0,0,0,10,8,9,23,23,4294967295,11,59,26,11
484,1,69,69,1,64,30,34,14,34,18,50,4352,3454,898,898,0,683,2771,0,85,71,68,556,3582,683,0,1023,10,14,0,1048576,0,0,0,inf,1.10552979,1.19639587,1.09526062,0,0,0,0,0,0,0,0,0,0,0,0,0,0,0,0,0,0,0,0,0,0,0,1023,0,0,0,0,0,0,0,0,0,0,0,0,0,0,0,0,0,0,0,0,0,0,0,0,0,0,0,0,0,0,0,0,0,0,0,0,0,0,0,0,0,0,0,0,0,0,0,0,0,0,0,0,0,0,0,0,0,0,0,0,0,0,0,0,0,14,9,41,18,18,7,34,15,10,7
485,1,69,69,1,64,12,52,5,52,7,61,4352,2949,1403,1403,0,369,2580,0,66,60,68,671,3077,369,0,1023,10,14,0,1048576,0,0,0,inf,0.588912964,0.683807373,0.597442627,0,0,0,0,0,0,0,0,0,0,0,0,0,0,0,0,0,0,0,0,0,0,0,1023,0,0,0,0,0,0,0,0,0,0,0,0,0,0,0,0,0,0,0,0,0,0,0,0,0,0,0,0,0,0,0,0,0,0,0,0,0,0,0,0,0,0,0,0,0,0,0,0,0,0,0,0,0,0,0,0,0,0,0,0,0,0,0,0,0,4,5,6,4,7,15,8,6,12,12
486,1,69,69,1,64,17,47,14,47,4,64,4352,2326,2026,2026,0,325,2001,0,59,53,68,563,2454,325,0,1023,10,14,0,1048576,0,0,0,inf,0.853729248,1.03613281,0.878967285,0,0,0,0,0,0,0,0,0,0,0,0,0,0,0,0,0,0,0,0,0,0,0,1023,0,0,0,0,0,0,0,0,0,0,0,0,0,0,0,0,0,0,0,0,0,0,0,0,0,0,0,0,0,0,0,0,0,0,0,0,0,0,0,0,0,0,0,0,0,0,0,0,0,0,0,0,0,0,0,0,0,0,0,0,0,0,0,0,0,3,9,4,27,29,59,10,9,4,23
487,1,69,69,1,64,15,49,6,49,9,59,4352,3090,1262,1262,0,400,2690,0,74,60,68,585,3218,400,0,1023,10,14,0,1048576,0,0,0,inf,0.821182251,0.922592163,0.839309692,0,0,0,0,0,0,0,0,0,0,0,0,0,0,0,0,0,0,0,0,0,0,0,1023,0,0,0,0,0,0,0,0,0,0,0,0,0,0,0,0,0,0,0,0,0,0,0,0,0,0,0,0,0,0,0,0,0,0,0,0,0,0,0,0,0,0,0,0,0,0,0,0,0,0,0,0,0,0,0,0,0,0,0,0,0,0,0,0,0,24,11,3,5,30,6,21,20,11,1
488,1,69,69,1,64,20,44,12,44,8,60,4352,2163,2189,2189,0,284,1879,0,84,74,68,738,2291,284,0,1023,10,14,0,1048576,0,0,0,inf,0.375152588,0.479415894,0.382171631,0,0,0,0,0,0,0,0,0,0,0,0,0,0,0,0,0,0,0,0,0,0,0,1023,0,0,0,0,0,0,0,0,0,0,0,0,0,0,0,0,0,0,0,0,0,0,0,0,0,0,0,0,0,0,0,0,0,0,0,0,0,0,0,0,0,0,0,0,0,0,0,0,0,0,0,0,0,0,0,0,0,0,0,0,0,0,0,0,0,12,8,5,13,13,10,40,24,16,29
489,1,69,69,1,64,12,52,7,52,5,63,4352,3466,886,886,0,390,3076,0,63,52,68,589,3594,390,0,1023,10,14,0,1048576,0,0,0,inf,0.858840942,0.967193604,0.881439209,0,0,0,0,0,0,0,0,0,0,0,0,0,0,0,0,0,0,0,0,0,0,0,1023,0,0,0,0,0,0,0,0,0,0,0,0,0,0,0,0,0,0,0,0,0,0,0,0,0,0,0,0,0,0,0,0,0,0,0,0,0,0,0,0,0,0,0,0,0,0,0,0,0,0,0,0,0,0,0,0,0,0,0,0,0,0,0,0,0,2,18,5,41,20,46,30,10,58,1
490,1,69,69,1,64,17,47,11,47,6,62,4352,3184,1168,1168,0,394,2790,0,64,59,68,628,3312,394,0,1023,10,14,0,1048576,0,0,0,inf,0.440307617,0.488327026,0.448944092,0,0,0,0,0,0,0,0,0,0,0,0,0,0,0,0,0,0,0,0,0,0,0,1023,0,0,0,0,0,0,0,0,0,0,0,0,0,0,0,0,0,0,0,0,0,0,0,0,0,0,0,0,0,0,0,0,0,0,0,0,0,0,0,0,0,0,0,0,0,0,0,0,0,0,0,0,0,0,0,0,0,0,0,0,0,0,0,0,0,18,9,3,3,26,65,5,24,13,26
491,1,69,69,1,64,15,49,5,49,10,58,4352,2250,2102,2102,0,284,1966,0,68,61,68,581,2378,284,0,1023,10,14,0,1048576,0,0,0,inf,0.691467285,0.896621704,0.683990479,0,0,0,0,0,0,0,0,0,0,0,0,0,0,0,0,0,0,0,0,0,0,0,1023,0,0,0,0,0,0,0,0,0,0,0,0,0,0,0,0,0,0,0,0,0,0,0,0,0,0,0,0,0,0,0,0,0,0,0,0,0,0,0,0,0,0,0,0,0,0,0,0,0,0,0,0,0,0,0,0,0,0,0,0,0,0,0,0,0,4,6,9,3,17,8,8,8,31,16
492,0.800000012,69,69,1,64,11,53,8,53,3,65,4352,3542,810,810,0,450,3092,0,77,69,68,721,3670,450,0,951,10,14,0,1048576,0,0,0,inf,0.856582642,0.964553833,0.892532349,0,0,0,0,0,0,0,0,0,0,0,0,0,0,0,0,0,0,0,0,0,0,0,951,0,0,0,0,0,0,0,0,0,0,0,0,0,0,0,0,0,0,0,0,0,0,0,0,0,0,0,0,0,0,0,0,0,0,0,0,0,0,0,0,0,0,0,0,0,0,0,0,0,0,0,0,0,0,0,0,0,0,0,0,0,0,0,0,0,63,4,44,4294967295,19,40,4294967295,45,13,27
493,1,69,69,1,64,24,40,10,40,15,53,4352,2418,1934,1934,0,400,2018,0,84,65,68,559,2546,400,0,1023,10,14,0,1048576,0,0,0,inf,0.542709351,0.723098755,0.526031494,0,0,0,0,0,0,0,0,0,0,0,0,0,0,0,0,0,0,0,0,0,0,0,1023,0,0,0,0,0,0,0,0,0,0,0,0,0,0,0,0,0,0,0,0,0,0,0,0,0,0,0,0,0,0,0,0,0,0,0,0,0,0,0,0,0,0,0,0,0,0,0,0,0,0,0,0,0,0,0,0,0,0,0,0,0,0,0,0,0,4,5,4,8,5,5,11,5,5,10
494,1,69,69,1,64,26,38,14,38,12,56,4352,2357,1995,1995,0,273,2084,0,52,46,68,542,2485,273,0,1023,10,14,0,1048576,0,0,0,inf,0.534240723,0.639053345,0.525848389,0,0,0,0,0,0,0,0,0,0,0,0,0,0,0,0,0,0,0,0,0,0,0,1023,0,0,0,0,0,0,0,0,0,0,0,0,0,0,0,0,0,0,0,0,0,0,0,0,0,0,0,0,0,0,0,0,0,0,0,0,0,0,0,0,0,0,0,0,0,0,0,0,0,0,0,0,0,0,0,0,0,0,0,0,0,0,0,0,0,24,4,4,2,3,11,13,15,7,11
495,0.899999976,69,69,1,64,21,43,11,43,11,57,4352,3501,851,851,0,561,2940,0,74,66,68,607,3629,561,0,767,10,14,0,1048576,0,0,0,inf,0.568725586,0.705703735,0.634368896,0,0,0,0,0,0,0,0,0,0,0,0,0,0,0,0,0,0,0,0,0,0,0,767,0,0,0,0,0,0,0,0,0,0,0,0,0,0,0,0,0,0,0,0,0,0,0,0,0,0,0,0,0,0,0,0,0,0,0,0,0,0,0,0,0,0,0,0,0,0,0,0,0,0,0,0,0,0,0,0,0,0,0,0,0,0,0,0,0,7,18,16,41,6,67,12,32,4294967295,36
496,0.899999976,69,69,1,64,15,49,9,49,8,60,4352,3482,870,870,0,399,3083,0,64,56,68,614,3610,399,0,1019,10,14,0,1048576,0,0,0,inf,0.975524902,1.11312866,1.00125122,0,0,0,0,0,0,0,0,0,0,0,0,0,0,0,0,0,0,0,0,0,0,0,1019,0,0,0,0,0,0,0,0,0,0,0,0,0,0,0,0,0,0,0,0,0,0,0,0,0,0,0,0,0,0,0,0,0,0,0,0,0,0,0,0,0,0,0,0,0,0,0,0,0,0,0,0,0,0,0,0,0,0,0,0,0,0,0,0,0,7,7,4294967295,10,4,21,42,8,10,42
497,1,69,69,1,64,20,44,11,44,9,59,4352,2675,1677,1677,0,354,2321,0,70,62,68,634,2803,354,0,1023,10,14,0,1048576,0,0,0,inf,1.11688232,1.25372314,1.11820984,0,0,0,0,0,0,0,0,0,0,0,0,0,0,0,0,0,0,0,0,0,0,0,1023,0,0,0,0,0,0,0,0,0,0,0,0,0,0,0,0,0,0,0,0,0,0,0,0,0,0,0,0,0,0,0,0,0,0,0,0,0,0,0,0,0,0,0,0,0,0,0,0,0,0,0,0,0,0,0,0,0,0,0,0,0,0,0,0,0,24,14,5,30,3,37,6,9,33,5
498,1,69,69,1,64,12,52,6,52,7,61,4352,2976,1376,1376,0,356,2620,0,83,65,68,712,3104,356,0,1023,10,14,0,1048576,0,0,0,inf,0.472824097,0.56149292,0.489089966,0,0,0,0,0,0,0,0,0,0,0,0,0,0,0,0,0,0,0,0,0,0,0,1023,0,0,0,0,0,0,0,0,0,0,0,0,0,0,0,0,0,0,0,0,0,0,0,0,0,0,0,0,0,0,0,0,0,0,0,0,0,0,0,0,0,0,0,0,0,0,0,0,0,0,0,0,0,0,0,0,0,0,0,0,0,0,0,0,0,5,11,4,7,13,7,25,6,12,22
499,1,69,69,1,64,11,53,5,53,7,61,4352,2937,1415,1415,0,360,2577,0,80,71,68,694,3065,360,0,1023,10,14,0,1048576,0,0,0,inf,0.71421814,0.870254517,0.735671997,0,0,0,0,0,0,0,0,0,0,0,0,0,0,0,0,0,0,0,0,0,0,0,1023,0,0,0,0,0,0,0,0,0,0,0,0,0,0,0,0,0,0,0,0,0,0,0,0,0,0,0,0,0,0,0,0,0,0,0,0,0,0,0,0,0,0,0,0,0,0,0,0,0,0,0,0,0,0,0,0,0,0,0,0,0,0,0,0,0,23,16,11,11,10,3,14,35,15,64
500,0.400000006,69,69,1,64,1,63,0,63,1,67,4352,3146,1206,1206,0,4,3142,0,4,4,68,3342,3274,4,0,15,4,14,0,1048576,0,0,0,inf,0.877304077,1.01800537,inf,0,0,0,0,0,0,0,0,0,0,0,0,0,0,0,0,0,0,0,0,0,0,0,15,0,0,0,0,0,0,0,0,0,0,0,0,0,0,0,0,0,0,0,0,0,0,0,0,0,0,0,0,0,0,0,0,0,0,0,0,0,0,0,0,0,0,0,0,0,0,0,0,0,0,0,0,0,0,0,0,0,0,0,0,0,0,0,0,0,6,7,7,62,4294967295,4294967295,4294967295,4294967295,4294967295,4294967295
501,0,69,69,1,64,0,64,0,64,0,68,4352,2291,2061,2061,0,0,2291,0,0,0,68,2487,2419,0,0,0,0,14,0,1048576,0,0,0,inf,0.924468994,1.25881958,inf,0,0,0,0,0,0,0,0,0,0,0,0,0,0,0,0,0,0,0,0,0,0,0,0,0,0,0,0,0,0,0,0,0,0,0,0,0,0,0,0,0,0,0,0,0,0,0,0,0,0,0,0,0,0,0,0,0,0,0,0,0,0,0,0,0,0,0,0,0,0,0,0,0,0,0,0,0,0,0,0,0,0,0,0,0,0,0,0,0,4294967295,4294967295,4294967295,4294967295,4294967295,4294967295,4294967295,4294967295,4294967295,4294967295
502,1,69,69,1,64,9,55,3,55,6,62,4352,2898,1454,1454,0,45,2853,0,17,17,68,675,3026,45,0,1023,10,14,0,1048576,0,0,0,inf,0.530273438,0.617355347,0.554870605,0,0,0,0,0,0,0,0,0,0,0,0,0,0,0,0,0,0,0,0,0,0,0,1023,0,0,0,0,0,0,0,0,0,0,0,0,0,0,0,0,0,0,0,0,0,0,0,0,0,0,0,0,0,0,0,0,0,0,0,0,0,0,0,0,0,0,0,0,0,0,0,0,0,0,0,0,0,0,0,0,0,0,0,0,0,0,0,0,0,3,4,8,3,8,29,5,8,6,19
503,0.100000001,69,69,1,64,0,64,0,64,0,68,4352,2891,1461,1461,0,1,2890,0,1,1,68,3087,3019,1,0,2,1,14,0,1048576,0,0,0,inf,0.781188965,0.898696899,inf,0,0,0,0,0,0,0,0,0,0,0,0,0,0,0,0,0,0,0,0,0,0,0,2,0,0,0,0,0,0,0,0,0,0,0,0,0,0,0,0,0,0,0,0,0,0,0,0,0,0,0,0,0,0,0,0,0,0,0,0,0,0,0,0,0,0,0,0,0,0,0,0,0,0,0,0,0,0,0,0,0,0,0,0,0,0,0,0,0,4294967295,8,4294967295,4294967295,4294967295,4294967295,4294967295,4294967295,4294967295,4294967295
504,1,69,69,1,64,12,52,4,52,8,60,4352,2596,1756,1756,0,18,2578,0,17,14,68,671,2724,18,0,1023,10,14,0,1048576,0,0,0,inf,0.469924927,0.606185913,0.485336304,0,0,0,0,0,0,0,0,0,0,0,0,0,0,0,0,0,0,0,0,0,0,0,1023,0,0,0,0,0,0,0,0,0,0,0,0,0,0,0,0,0,0,0,0,0,0,0,0,0,0,0,0,0,0,0,0,0,0,0,0,0,0,0,0,0,0,0,0,0,0,0,0,0,0,0,0,0,0,0,0,0,0,0,0,0,0,0,0,0,4,5,5,6,5,6,5,4,6,6
505,0.300000012,69,69,1,64,2,62,0,62,2,66,4352,3561,791,791,0,3,3558,0,3,3,68,3757,3689,3,0,7,3,14,0,1048576,0,0,0,inf,0.835083008,0.914794922,inf,0,0,0,0,0,0,0,0,0,0,0,0,0,0,0,0,0,0,0,0,0,0,0,7,0,0,0,0,0,0,0,0,0,0,0,0,0,0,0,0,0,0,0,0,0,0,0,0,0,0,0,0,0,0,0,0,0,0,0,0,0,0,0,0,0,0,0,0,0,0,0,0,0,0,0,0,0,0,0,0,0,0,0,0,0,0,0,0,0,5,6,3,4294967295,4294967295,4294967295,4294967295,4294967295,4294967295,4294967295
506,0.5,69,69,1,64,1,63,1,63,0,68,4352,2461,1891,1891,0,11,2450,0,11,11,68,2437,2589,11,0,787,10,14,0,1048576,0,0,0,inf,0.600128174,0.757095337,0.910873413,0,0,0,0,0,0,0,0,0,0,0,0,0,0,0,0,0,0,0,0,0,0,0,787,0,0,0,0,0,0,0,0,0,0,0,0,0,0,0,0,0,0,0,0,0,0,0,0,0,0,0,0,0,0,0,0,0,0,0,0,0,0,0,0,0,0,0,0,0,0,0,0,0,0,0,0,0,0,0,0,0,0,0,0,0,0,0,0,0,22,42,4294967295,4294967295,9,4294967295,4294967295,4294967295,51,51
507,0,69,69,1,64,0,64,0,64,0,68,4352,3120,1232,1232,0,0,3120,0,0,0,68,3316,3248,0,0,0,0,14,0,1048576,0,0,0,inf,0.712341309,0.822158813,inf,0,0,0,0,0,0,0,0,0,0,0,0,0,0,0,0,0,0,0,0,0,0,0,0,0,0,0,0,0,0,0,0,0,0,0,0,0,0,0,0,0,0,0,0,0,0,0,0,0,0,0,0,0,0,0,0,0,0,0,0,0,0,0,0,0,0,0,0,0,0,0,0,0,0,0,0,0,0,0,0,0,0,0,0,0,0,0,0,0,4294967295,4294967295,4294967295,4294967295,4294967295,4294967295,4294967295,4294967295,4294967295,4294967295
508,0.200000003,69,69,1,64,1,63,0,63,1,67,4352,3619,733,733,0,3,3616,0,3,3,68,3815,3747,3,0,3,3,14,0,1048576,0,0,0,inf,0.883529663,0.955627441,inf,0,0,0,0,0,0,0,0,0,0,0,0,0,0,0,0,0,0,0,0,0,0,0,3,0,0,0,0,0,0,0,0,0,0,0,0,0,0,0,0,0,0,0,0,0,0,0,0,0,0,0,0,0,0,0,0,0,0,0,0,0,0,0,0,0,0,0,0,0,0,0,0,0,0,0,0,0,0,0,0,0,0,0,0,0,0,0,0,0,15,35,4294967295,4294967295,4294967295,4294967295,4294967295,4294967295,4294967295,4294967295
509,0,69,69,1,64,0,64,0,64,0,68,4352,2201,2151,2151,0,0,2201,0,0,0,68,2397,2329,0,0,0,0,14,0,1048576,0,0,0,inf,0.596191406,0.749038696,inf,0,0,0,0,0,0,0,0,0,0,0,0,0,0,0,0,0,0,0,0,0,0,0,0,0,0,0,0,0,0,0,0,0,0,0,0,0,0,0,0,0,0,0,0,0,0,0,0,0,0,0,0,0,0,0,0,0,0,0,0,0,0,0,0,0,0,0,0,0,0,0,0,0,0,0,0,0,0,0,0,0,0,0,0,0,0,0,0,0,4294967295,4294967295,4294967295,4294967295,4294967295,4294967295,4294967295,4294967295,4294967295,4294967295
510,0.300000012,69,69,1,64,1,63,0,63,1,67,4352,2937,1415,1415,0,3,2934,0,3,3,68,3133,3065,3,0,7,3,14,0,1048576,0,0,0,inf,0.959289551,1.19631958,inf,0,0,0,0,0,0,0,0,0,0,0,0,0,0,0,0,0,0,0,0,0,0,0,7,0,0,0,0,0,0,0,0,0,0,0,0,0,0,0,0,0,0,0,0,0,0,0,0,0,0,0,0,0,0,0,0,0,0,0,0,0,0,0,0,0,0,0,0,0,0,0,0,0,0,0,0,0,0,0,0,0,0,0,0,0,0,0,0,0,38,23,47,4294967295,4294967295,4294967295,4294967295,4294967295,4294967295,4294967295
511,0,69,69,1,64,0,64,0,64,0,68,4352,2581,1771,1771,0,0,2581,0,0,0,68,2777,2709,0,0,0,0,14,0,1048576,0,0,0,inf,1.04501343,1.25297546,inf,0,0,0,0,0,0,0,0,0,0,0,0,0,0,0,0,0,0,0,0,0,0,0,0,0,0,0,0,0,0,0,0,0,0,0,0,0,0,0,0,0,0,0,0,0,0,0,0,0,0,0,0,0,0,0,0,0,0,0,0,0,0,0,0,0,0,0,0,0,0,0,0,0,0,0,0,0,0,0,0,0,0,0,0,0,0,0,0,0,4294967295,4294967295,4294967295,4294967295,4294967295,4294967295,4294967295,4294967295,4294967295,4294967295
512,0.699999988,69,69,1,64,2,62,1,62,1,67,4352,2565,1787,1787,0,13,2552,0,13,13,68,2499,2693,13,0,719,10,14,0,1048576,0,0,0,inf,0.556625366,0.678131104,0.888031006,0,0,0,0,0,0,0,0,0,0,0,0,0,0,0,0,0,0,0,0,0,0,0,719,0,0,0,0,0,0,0,0,0,0,0,0,0,0,0,0,0,0,0,0,0,0,0,0,0,0,0,0,0,0,0,0,0,0,0,0,0,0,0,0,0,0,0,0,0,0,0,0,0,0,0,0,0,0,0,0,0,0,0,0,0,0,0,0,0,9,10,41,12,4294967295,4294967295,29,13,4294967295,32
513,0.5,69,69,1,64,2,62,0,62,2,66,4352,3347,1005,1005,0,5,3342,0,5,5,68,3543,3475,5,0,47,5,14,0,1048576,0,0,0,inf,1.09210205,1.25335693,inf,0,0,0,0,0,0,0,0,0,0,0,0,0,0,0,0,0,0,0,0,0,0,0,47,0,0,0,0,0,0,0,0,0,0,0,0,0,0,0,0,0,0,0,0,0,0,0,0,0,0,0,0,0,0,0,0,0,0,0,0,0,0,0,0,0,0,0,0,0,0,0,0,0,0,0,0,0,0,0,0,0,0,0,0,0,0,0,0,0,59,36,60,59,4294967295,59,4294967295,4294967295,4294967295,4294967295
514,0,69,69,1,64,0,64,0,64,0,68,4352,2992,1360,1360,0,0,2992,0,0,0,68,3188,3120,0,0,0,0,14,0,1048576,0,0,0,inf,1.42448425,1.78890991,inf,0,0,0,0,0,0,0,0,0,0,0,0,0,0,0,0,0,0,0,0,0,0,0,0,0,0,0,0,0,0,0,0,0,0,0,0,0,0,0,0,0,0,0,0,0,0,0,0,0,0,0,0,0,0,0,0,0,0,0,0,0,0,0,0,0,0,0,0,0,0,0,0,0,0,0,0,0,0,0,0,0,0,0,0,0,0,0,0,0,4294967295,4294967295,4294967295,4294967295,4294967295,4294967295,4294967295,4294967295,4294967295,4294967295
515,1,69,69,1,64,18,46,4,46,14,54,4352,2698,1654,1654,0,55,2643,0,21,15,68,718,2826,55,0,1023,10,14,0,1048576,0,0,0,inf,0.362625122,0.458190918,0.318481445,0,0,0,0,0,0,0,0,0,0,0,0,0,0,0,0,0,0,0,0,0,0,0,1023,0,0,0,0,0,0,0,0,0,0,0,0,0,0,0,0,0,0,0,0,0,0,0,0,0,0,0,0,0,0,0,0,0,0,0,0,0,0,0,0,0,0,0,0,0,0,0,0,0,0,0,0,0,0,0,0,0,0,0,0,0,0,0,0,0,5,6,16,6,6,5,17,7,4,6
516,0,69,69,1,64,0,64,0,64,0,68,4352,3656,696,696,0,0,3656,0,0,0,68,3852,3784,0,0,0,0,14,0,1048576,0,0,0,inf,1.04473877,1.09754944,inf,0,0,0,0,0,0,0,0,0,0,0,0,0,0,0,0,0,0,0,0,0,0,0,0,0,0,0,0,0,0,0,0,0,0,0,0,0,0,0,0,0,0,0,0,0,0,0,0,0,0,0,0,0,0,0,0,0,0,0,0,0,0,0,0,0,0,0,0,0,0,0,0,0,0,0,0,0,0,0,0,0,0,0,0,0,0,0,0,0,4294967295,4294967295,4294967295,4294967295,4294967295,4294967295,4294967295,4294967295,4294967295,4294967295
517,0.600000024,69,69,1,64,1,63,0,63,1,67,4352,3141,1211,1211,0,13,3128,0,13,12,68,3266,3269,13,0,615,10,14,0,1048576,0,0,0,inf,0.931030273,1.01499939,1.45115662,0,0,0,0,0,0,0,0,0,0,0,0,0,0,0,0,0,0,0,0,0,0,0,615,0,0,0,0,0,0,0,0,0,0,0,0,0,0,0,0,0,0,0,0,0,0,0,0,0,0,0,0,0,0,0,0,0,0,0,0,0,0,0,0,0,0,0,0,0,0,0,0,0,0,0,0,0,0,0,0,0,0,0,0,0,0,0,0,0,34,66,35,4294967295,4294967295,35,14,4294967295,4294967295,35
518,0,69,69,1,64,0,64,0,64,0,68,4352,2435,1917,1917,0,0,2435,0,0,0,68,2631,2563,0,0,0,0,14,0,1048576,0,0,0,inf,0.497970581,0.627853394,inf,0,0,0,0,0,0,0,0,0,0,0,0,0,0,0,0,0,0,0,0,0,0,0,0,0,0,0,0,0,0,0,0,0,0,0,0,0,0,0,0,0,0,0,0,0,0,0,0,0,0,0,0,0,0,0,0,0,0,0,0,0,0,0,0,0,0,0,0,0,0,0,0,0,0,0,0,0,0,0,0,0,0,0,0,0,0,0,0,0,4294967295,4294967295,4294967295,4294967295,4294967295,4294967295,4294967295,4294967295,4294967295,4294967295
519,0.100000001,69,69,1,64,1,63,0,63,1,67,4352,2858,1494,1494,0,1,2857,0,1,1,68,3054,2986,1,0,1,1,14,0,1048576,0,0,0,inf,0.641921997,0.745544434,inf,0,0,0,0,0,0,0,0,0,0,0,0,0,0,0,0,0,0,0,0,0,0,0,1,0,0,0,0,0,0,0,0,0,0,0,0,0,0,0,0,0,0,0,0,0,0,0,0,0,0,0,0,0,0,0,0,0,0,0,0,0,0,0,0,0,0,0,0,0,0,0,0,0,0,0,0,0,0,0,0,0,0,0,0,0,0,0,0,0,39,4294967295,4294967295,4294967295,4294967295,4294967295,4294967295,4294967295,4294967295,4294967295
520,0.100000001,69,69,1,64,0,64,0,64,0,68,4352,3317,1035,1035,0,2,3315,0,2,2,68,3513,3445,2,0,4,2,14,0,1048576,0,0,0,inf,0.481430054,0.523025513,inf,0,0,0,0,0,0,0,0,0,0,0,0,0,0,0,0,0,0,0,0,0,0,0,4,0,0,0,0,0,0,0,0,0,0,0,0,0,0,0,0,0,0,0,0,0,0,0,0,0,0,0,0,0,0,0,0,0,0,0,0,0,0,0,0,0,0,0,0,0,0,0,0,0,0,0,0,0,0,0,0,0,0,0,0,0,0,0,0,0,4294967295,4294967295,62,4294967295,4294967295,4294967295,4294967295,4294967295,4294967295,4294967295
521,0,69,69,1,64,0,64,0,64,0,68,4352,3213,1139,1139,0,0,3213,0,0,0,68,3409,3341,0,0,0,0,14,0,1048576,0,0,0,inf,0.896133423,1.03710938,inf,0,0,0,0,0,0,0,0,0,0,0,0,0,0,0,0,0,0,0,0,0,0,0,0,0,0,0,0,0,0,0,0,0,0,0,0,0,0,0,0,0,0,0,0,0,0,0,0,0,0,0,0,0,0,0,0,0,0,0,0,0,0,0,0,0,0,0,0,0,0,0,0,0,0,0,0,0,0,0,0,0,0,0,0,0,0,0,0,0,4294967295,4294967295,4294967295,4294967295,4294967295,4294967295,4294967295,4294967295,4294967295,4294967295
522,0.200000003,69,69,1,64,0,64,0,64,0,68,4352,3744,608,608,0,5,3739,0,5,5,68,3940,3872,5,0,72,5,14,0,1048576,0,0,0,inf,0.964157104,1.03674316,inf,0,0,0,0,0,0,0,0,0,0,0,0,0,0,0,0,0,0,0,0,0,0,0,72,0,0,0,0,0,0,0,0,0,0,0,0,0,0,0,0,0,0,0,0,0,0,0,0,0,0,0,0,0,0,0,0,0,0,0,0,0,0,0,0,0,0,0,0,0,0,0,0,0,0,0,0,0,0,0,0,0,0,0,0,0,0,0,0,0,4294967295,4294967295,4294967295,7,4294967295,4294967295,7,4294967295,4294967295,4294967295
523,0.100000001,69,69,1,64,0,64,0,64,0,68,4352,3015,1337,1337,0,1,3014,0,1,1,68,3211,3143,1,0,1,1,14,0,1048576,0,0,0,inf,1.0574646,1.25318909,inf,0,0,0,0,0,0,0,0,0,0,0,0,0,0,0,0,0,0,0,0,0,0,0,1,0,0,0,0,0,0,0,0,0,0,0,0,0,0,0,0,0,0,0,0,0,0,0,0,0,0,0,0,0,0,0,0,0,0,0,0,0,0,0,0,0,0,0,0,0,0,0,0,0,0,0,0,0,0,0,0,0,0,0,0,0,0,0,0,0,11,4294967295,4294967295,4294967295,4294967295,4294967295,4294967295,4294967295,4294967295,4294967295
524,0,69,69,1,64,0,64,0,64,0,68,4352,2860,1492,1492,0,0,2860,0,0,0,68,3056,2988,0,0,0,0,14,0,1048576,0,0,0,inf,0.648788452,0.736831665,inf,0,0,0,0,0,0,0,0,0,0,0,0,0,0,0,0,0,0,0,0,0,0,0,0,0,0,0,0,0,0,0,0,0,0,0,0,0,0,0,0,0,0,0,0,0,0,0,0,0,0,0,0,0,0,0,0,0,0,0,0,0,0,0,0,0,0,0,0,0,0,0,0,0,0,0,0,0,0,0,0,0,0,0,0,0,0,0,0,0,4294967295,4294967295,4294967295,4294967295,4294967295,4294967295,4294967295,4294967295,4294967295,4294967295
525,0,69,69,1,64,0,64,0,64,0,68,4352,3254,1098,1098,0,0,3254,0,0,0,68,3450,3382,0,0,0,0,14,0,1048576,0,0,0,inf,0.813873291,0.948577881,inf,0,0,0,0,0,0,0,0,0,0,0,0,0,0,0,0,0,0,0,0,0,0,0,0,0,0,0,0,0,0,0,0,0,0,0,0,0,0,0,0,0,0,0,0,0,0,0,0,0,0,0,0,0,0,0,0,0,0,0,0,0,0,0,0,0,0,0,0,0,0,0,0,0,0,0,0,0,0,0,0,0,0,0,0,0,0,0,0,0,4294967295,4294967295,4294967295,4294967295,4294967295,4294967295,4294967295,4294967295,4294967295,4294967295
526,0,69,69,1,64,0,64,0,64,0,68,4352,3572,780,780,0,0,3572,0,0,0,68,3768,3700,0,0,0,0,14,0,1048576,0,0,0,inf,0.732284546,0.799743652,inf,0,0,0,0,0,0,0,0,0,0,0,0,0,0,0,0,0,0,0,0,0,0,0,0,0,0,0,0,0,0,0,0,0,0,0,0,0,0,0,0,0,0,0,0,0,0,0,0,0,0,0,0,0,0,0,0,0,0,0,0,0,0,0,0,0,0,0,0,0,0,0,0,0,0,0,0,0,0,0,0,0,0,0,0,0,0,0,0,0,4294967295,4294967295,4294967295,4294967295,4294967295,4294967295,4294967295,4294967295,4294967295,4294967295
527,0,69,69,1,64,0,64,0,64,0,68,4352,3155,1197,1197,0,0,3155,0,0,0,68,3351,3283,0,0,0,0,14,0,1048576,0,0,0,inf,0.935470581,1.0411377,inf,0,0,0,0,0,0,0,0,0,0,0,0,0,0,0,0,0,0,0,0,0,0,0,0,0,0,0,0,0,0,0,0,0,0,0,0,0,0,0,0,0,0,0,0,0,0,0,0,0,0,0,0,0,0,0,0,0,0,0,0,0,0,0,0,0,0,0,0,0,0,0,0,0,0,0,0,0,0,0,0,0,0,0,0,0,0,0,0,0,4294967295,4294967295,4294967295,4294967295,4294967295,4294967295,4294967295,4294967295,4294967295,4294967295
528,0.300000012,69,69,1,64,0,64,0,64,0,68,4352,2723,1629,1629,0,3,2720,0,3,3,68,2919,2851,3,0,7,3,14,0,1048576,0,0,0,inf,0.710128784,0.939361572,inf,0,0,0,0,0,0,0,0,0,0,0,0,0,0,0,0,0,0,0,0,0,0,0,7,0,0,0,0,0,0,0,0,0,0,0,0,0,0,0,0,0,0,0,0,0,0,0,0,0,0,0,0,0,0,0,0,0,0,0,0,0,0,0,0,0,0,0,0,0,0,0,0,0,0,0,0,0,0,0,0,0,0,0,0,0,0,0,0,0,3,15,15,4294967295,4294967295,4294967295,4294967295,4294967295,4294967295,4294967295
529,0,69,69,1,64,0,64,0,64,0,68,4352,3605,747,747,0,0,3605,0,0,0,68,3801,3733,0,0,0,0,14,0,1048576,0,0,0,inf,0.961257935,1.03923035,inf,0,0,0,0,0,0,0,0,0,0,0,0,0,0,0,0,0,0,0,0,0,0,0,0,0,0,0,0,0,0,0,0,0,0,0,0,0,0,0,0,0,0,0,0,0,0,0,0,0,0,0,0,0,0,0,0,0,0,0,0,0,0,0,0,0,0,0,0,0,0,0,0,0,0,0,0,0,0,0,0,0,0,0,0,0,0,0,0,0,4294967295,4294967295,4294967295,4294967295,4294967295,4294967295,4294967295,4294967295,4294967295,4294967295
530,0.100000001,69,69,1,64,0,64,0,64,0,68,4352,3002,1350,1350,0,1,3001,0,1,1,68,3198,3130,1,0,1,1,14,0,1048576,0,0,0,inf,0.963043213,1.13473511,inf,0,0,0,0,0,0,0,0,0,0,0,0,0,0,0,0,0,0,0,0,0,0,0,1,0,0,0,0,0,0,0,0,0,0,0,0,0,0,0,0,0,0,0,0,0,0,0,0,0,0,0,0,0,0,0,0,0,0,0,0,0,0,0,0,0,0,0,0,0,0,0,0,0,0,0,0,0,0,0,0,0,0,0,0,0,0,0,0,0,11,4294967295,4294967295,4294967295,4294967295,4294967295,4294967295,4294967295,4294967295,4294967295
531,0.400000006,69,69,1,64,1,63,0,63,1,67,4352,3369,983,983,0,4,3365,0,4,4,68,3565,3497,4,0,15,4,14,0,1048576,0,0,0,inf,1.03936768,1.11804199,inf,0,0,0,0,0,0,0,0,0,0,0,0,0,0,0,0,0,0,0,0,0,0,0,15,0,0,0,0,0,0,0,0,0,0,0,0,0,0,0,0,0,0,0,0,0,0,0,0,0,0,0,0,0,0,0,0,0,0,0,0,0,0,0,0,0,0,0,0,0,0,0,0,0,0,0,0,0,0,0,0,0,0,0,0,0,0,0,0,0,37,9,30,9,4294967295,4294967295,4294967295,4294967295,4294967295,4294967295
532,1,69,69,1,64,6,58,0,58,6,62,4352,2532,1820,1820,0,39,2493,0,18,15,68,752,2660,39,0,1023,10,14,0,1048576,0,0,0,inf,0.520294189,0.627792358,0.581390381,0,0,0,0,0,0,0,0,0,0,0,0,0,0,0,0,0,0,0,0,0,0,0,1023,0,0,0,0,0,0,0,0,0,0,0,0,0,0,0,0,0,0,0,0,0,0,0,0,0,0,0,0,0,0,0,0,0,0,0,0,0,0,0,0,0,0,0,0,0,0,0,0,0,0,0,0,0,0,0,0,0,0,0,0,0,0,0,0,0,2,2,4,3,7,7,7,7,3,28
533,0.100000001,69,69,1,64,0,64,0,64,0,68,4352,3088,1264,1264,0,1,3087,0,1,1,68,3284,3216,1,0,1,1,14,0,1048576,0,0,0,inf,0.93321228,1.05162048,inf,0,0,0,0,0,0,0,0,0,0,0,0,0,0,0,0,0,0,0,0,0,0,0,1,0,0,0,0,0,0,0,0,0,0,0,0,0,0,0,0,0,0,0,0,0,0,0,0,0,0,0,0,0,0,0,0,0,0,0,0,0,0,0,0,0,0,0,0,0,0,0,0,0,0,0,0,0,0,0,0,0,0,0,0,0,0,0,0,0,47,4294967295,4294967295,4294967295,4294967295,4294967295,4294967295,4294967295,4294967295,4294967295
534,0,69,69,1,64,0,64,0,64,0,68,4352,1991,2361,2361,0,0,1991,0,0,0,68,2187,2119,0,0,0,0,14,0,1048576,0,0,0,inf,1.10627747,1.48950195,inf,0,0,0,0,0,0,0,0,0,0,0,0,0,0,0,0,0,0,0,0,0,0,0,0,0,0,0,0,0,0,0,0,0,0,0,0,0,0,0,0,0,0,0,0,0,0,0,0,0,0,0,0,0,0,0,0,0,0,0,0,0,0,0,0,0,0,0,0,0,0,0,0,0,0,0,0,0,0,0,0,0,0,0,0,0,0,0,0,0,4294967295,4294967295,4294967295,4294967295,4294967295,4294967295,4294967295,4294967295,4294967295,4294967295
535,0.300000012,69,69,1,64,1,63,1,63,0,68,4352,2108,2244,2244,0,5,2103,0,5,5,68,2304,2236,5,0,11,5,14,0,1048576,0,0,0,inf,0.878662109,1.04484558,inf,0,0,0,0,0,0,0,0,0,0,0,0,0,0,0,0,0,0,0,0,0,0,0,11,0,0,0,0,0,0,0,0,0,0,0,0,0,0,0,0,0,0,0,0,0,0,0,0,0,0,0,0,0,0,0,0,0,0,0,0,0,0,0,0,0,0,0,0,0,0,0,0,0,0,0,0,0,0,0,0,0,0,0,0,0,0,0,0,0,20,30,4294967295,32,4294967295,4294967295,4294967295,4294967295,4294967295,4294967295
536,0,69,69,1,64,0,64,0,64,0,68,4352,2873,1479,1479,0,0,2873,0,0,0,68,3069,3001,0,0,0,0,14,0,1048576,0,0,0,inf,0.922332764,1.06698608,inf,0,0,0,0,0,0,0,0,0,0,0,0,0,0,0,0,0,0,0,0,0,0,0,0,0,0,0,0,0,0,0,0,0,0,0,0,0,0,0,0,0,0,0,0,0,0,0,0,0,0,0,0,0,0,0,0,0,0,0,0,0,0,0,0,0,0,0,0,0,0,0,0,0,0,0,0,0,0,0,0,0,0,0,0,0,0,0,0,0,4294967295,4294967295,4294967295,4294967295,4294967295,4294967295,4294967295,4294967295,4294967295,4294967295
537,0,69,69,1,64,0,64,0,64,0,68,4352,3569,783,783,0,0,3569,0,0,0,68,3765,3697,0,0,0,0,14,0,1048576,0,0,0,inf,1.36700439,1.5103302,inf,0,0,0,0,0,0,0,0,0,0,0,0,0,0,0,0,0,0,0,0,0,0,0,0,0,0,0,0,0,0,0,0,0,0,0,0,0,0,0,0,0,0,0,0,0,0,0,0,0,0,0,0,0,0,0,0,0,0,0,0,0,0,0,0,0,0,0,0,0,0,0,0,0,0,0,0,0,0,0,0,0,0,0,0,0,0,0,0,0,4294967295,4294967295,4294967295,4294967295,4294967295,4294967295,4294967295,4294967295,4294967295,4294967295
538,0.800000012,69,69,1,64,3,61,1,61,2,66,4352,2706,1646,1646,0,40,2666,0,19,16,68,1182,2834,40,0,987,10,14,0,1048576,0,0,0,inf,0.485565186,0.568252563,0.575149536,0,0,0,0,0,0,0,0,0,0,0,0,0,0,0,0,0,0,0,0,0,0,0,987,0,0,0,0,0,0,0,0,0,0,0,0,0,0,0,0,0,0,0,0,0,0,0,0,0,0,0,0,0,0,0,0,0,0,0,0,0,0,0,0,0,0,0,0,0,0,0,0,0,0,0,0,0,0,0,0,0,0,0,0,0,0,0,0,0,6,11,4294967295,9,6,4294967295,55,13,17,7
539,0.100000001,69,69,1,64,1,63,0,63,1,67,4352,2856,1496,1496,0,1,2855,0,1,1,68,3052,2984,1,0,1,1,14,0,1048576,0,0,0,inf,0.691421509,0.816558838,inf,0,0,0,0,0,0,0,0,0,0,0,0,0,0,0,0,0,0,0,0,0,0,0,1,0,0,0,0,0,0,0,0,0,0,0,0,0,0,0,0,0,0,0,0,0,0,0,0,0,0,0,0,0,0,0,0,0,0,0,0,0,0,0,0,0,0,0,0,0,0,0,0,0,0,0,0,0,0,0,0,0,0,0,0,0,0,0,0,0,19,4294967295,4294967295,4294967295,4294967295,4294967295,4294967295,4294967295,4294967295,4294967295
540,0.899999976,69,69,1,64,3,61,0,61,3,65,4352,2812,1540,1540,0,32,2780,0,16,16,68,1412,2940,32,0,895,10,14,0,1048576,0,0,0,inf,0.692504883,0.803924561,0.825668335,0,0,0,0,0,0,0,0,0,0,0,0,0,0,0,0,0,0,0,0,0,0,0,895,0,0,0,0,0,0,0,0,0,0,0,0,0,0,0,0,0,0,0,0,0,0,0,0,0,0,0,0,0,0,0,0,0,0,0,0,0,0,0,0,0,0,0,0,0,0,0,0,0,0,0,0,0,0,0,0,0,0,0,0,0,0,0,0,0,6,16,20,6,14,9,51,4294967295,16,9
541,1,69,69,1,64,10,54,3,54,7,61,4352,3499,853,853,0,31,3468,0,17,15,68,756,3627,31,0,1023,10,14,0,1048576,0,0,0,inf,1.0020752,1.08114624,1.03775024,0,0,0,0,0,0,0,0,0,0,0,0,0,0,0,0,0,0,0,0,0,0,0,1023,0,0,0,0,0,0,0,0,0,0,0,0,0,0,0,0,0,0,0,0,0,0,0,0,0,0,0,0,0,0,0,0,0,0,0,0,0,0,0,0,0,0,0,0,0,0,0,0,0,0,0,0,0,0,0,0,0,0,0,0,0,0,0,0,0,5,6,6,6,7,7,6,10,10,7
542,0.899999976,69,69,1,64,6,58,5,58,1,67,4352,3441,911,911,0,24,3417,0,17,16,68,1874,3569,24,0,895,10,14,0,1048576,0,0,0,inf,0.836334229,1.00471497,0.967056274,0,0,0,0,0,0,0,0,0,0,0,0,0,0,0,0,0,0,0,0,0,0,0,895,0,0,0,0,0,0,0,0,0,0,0,0,0,0,0,0,0,0,0,0,0,0,0,0,0,0,0,0,0,0,0,0,0,0,0,0,0,0,0,0,0,0,0,0,0,0,0,0,0,0,0,0,0,0,0,0,0,0,0,0,0,0,0,0,0,42,43,10,22,27,11,36,4294967295,46,12
543,1,69,69,1,64,6,58,3,58,3,65,4352,2721,1631,1631,0,46,2675,0,23,21,68,887,2849,46,0,1023,10,14,0,1048576,0,0,0,inf,0.458496094,0.522186279,0.503921509,0,0,0,0,0,0,0,0,0,0,0,0,0,0,0,0,0,0,0,0,0,0,0,1023,0,0,0,0,0,0,0,0,0,0,0,0,0,0,0,0,0,0,0,0,0,0,0,0,0,0,0,0,0,0,0,0,0,0,0,0,0,0,0,0,0,0,0,0,0,0,0,0,0,0,0,0,0,0,0,0,0,0,0,0,0,0,0,0,0,9,5,8,8,8,30,4,23,10,13
544,0,69,69,1,64,0,64,0,64,0,68,4352,2007,2345,2345,0,0,2007,0,0,0,68,2203,2135,0,0,0,0,14,0,1048576,0,0,0,inf,0.335281372,0.490112305,inf,0,0,0,0,0,0,0,0,0,0,0,0,0,0,0,0,0,0,0,0,0,0,0,0,0,0,0,0,0,0,0,0,0,0,0,0,0,0,0,0,0,0,0,0,0,0,0,0,0,0,0,0,0,0,0,0,0,0,0,0,0,0,0,0,0,0,0,0,0,0,0,0,0,0,0,0,0,0,0,0,0,0,0,0,0,0,0,0,0,4294967295,4294967295,4294967295,4294967295,4294967295,4294967295,4294967295,4294967295,4294967295,4294967295
545,0,69,69,1,64,0,64,0,64,0,68,4352,3464,888,888,0,0,3464,0,0,0,68,3660,3592,0,0,0,0,14,0,1048576,0,0,0,inf,1.46739197,1.57693481,inf,0,0,0,0,0,0,0,0,0,0,0,0,0,0,0,0,0,0,0,0,0,0,0,0,0,0,0,0,0,0,0,0,0,0,0,0,0,0,0,0,0,0,0,0,0,0,0,0,0,0,0,0,0,0,0,0,0,0,0,0,0,0,0,0,0,0,0,0,0,0,0,0,0,0,0,0,0,0,0,0,0,0,0,0,0,0,0,0,0,4294967295,4294967295,4294967295,4294967295,4294967295,4294967295,4294967295,4294967295,4294967295,4294967295
546,0.300000012,69,69,1,64,2,62,1,62,1,67,4352,3705,647,647,0,4,3701,0,4,4,68,3901,3833,4,0,7,4,14,0,1048576,0,0,0,inf,0.97769165,1.07815552,inf,0,0,0,0,0,0,0,0,0,0,0,0,0,0,0,0,0,0,0,0,0,0,0,7,0,0,0,0,0,0,0,0,0,0,0,0,0,0,0,0,0,0,0,0,0,0,0,0,0,0,0,0,0,0,0,0,0,0,0,0,0,0,0,0,0,0,0,0,0,0,0,0,0,0,0,0,0,0,0,0,0,0,0,0,0,0,0,0,0,41,41,66,4294967295,4294967295,4294967295,4294967295,4294967295,4294967295,4294967295
547,1,69,69,1,64,39,25,20,25,19,49,4352,1974,2378,2378,0,93,1881,0,19,17,68,1218,2102,93,0,1023,10,14,0,1048576,0,0,0,inf,0.623443604,0.806488037,0.539810181,0,0,0,0,0,0,0,0,0,0,0,0,0,0,0,0,0,0,0,0,0,0,0,1023,0,0,0,0,0,0,0,0,0,0,0,0,0,0,0,0,0,0,0,0,0,0,0,0,0,0,0,0,0,0,0,0,0,0,0,0,0,0,0,0,0,0,0,0,0,0,0,0,0,0,0,0,0,0,0,0,0,0,0,0,0,0,0,0,0,41,42,42,42,42,42,42,41,47,42
548,0.200000003,69,69,1,64,0,64,0,64,0,68,4352,2614,1738,1738,0,2,2612,0,2,2,68,2810,2742,2,0,96,2,14,0,1048576,0,0,0,inf,0.604293823,0.721496582,inf,0,0,0,0,0,0,0,0,0,0,0,0,0,0,0,0,0,0,0,0,0,0,0,96,0,0,0,0,0,0,0,0,0,0,0,0,0,0,0,0,0,0,0,0,0,0,0,0,0,0,0,0,0,0,0,0,0,0,0,0,0,0,0,0,0,0,0,0,0,0,0,0,0,0,0,0,0,0,0,0,0,0,0,0,0,0,0,0,0,4294967295,4294967295,4294967295,4294967295,4294967295,55,28,4294967295,4294967295,4294967295
549,0,69,69,1,64,0,64,0,64,0,68,4352,3730,622,622,0,0,3730,0,0,0,68,3926,3858,0,0,0,0,14,0,1048576,0,0,0,inf,0.763442993,0.870376587,inf,0,0,0,0,0,0,0,0,0,0,0,0,0,0,0,0,0,0,0,0,0,0,0,0,0,0,0,0,0,0,0,0,0,0,0,0,0,0,0,0,0,0,0,0,0,0,0,0,0,0,0,0,0,0,0,0,0,0,0,0,0,0,0,0,0,0,0,0,0,0,0,0,0,0,0,0,0,0,0,0,0,0,0,0,0,0,0,0,0,4294967295,4294967295,4294967295,4294967295,4294967295,4294967295,4294967295,4294967295,4294967295,4294967295
550,0,69,69,1,64,0,64,0,64,0,68,4352,3158,1194,1194,0,0,3158,0,0,0,68,3354,3286,0,0,0,0,14,0,1048576,0,0,0,inf,0.729003906,0.869766235,inf,0,0,0,0,0,0,0,0,0,0,0,0,0,0,0,0,0,0,0,0,0,0,0,0,0,0,0,0,0,0,0,0,0,0,0,0,0,0,0,0,0,0,0,0,0,0,0,0,0,0,0,0,0,0,0,0,0,0,0,0,0,0,0,0,0,0,0,0,0,0,0,0,0,0,0,0,0,0,0,0,0,0,0,0,0,0,0,0,0,4294967295,4294967295,4294967295,4294967295,4294967295,4294967295,4294967295,4294967295,4294967295,4294967295
551,0,69,69,1,64,0,64,0,64,0,68,4352,3415,937,937,0,0,3415,0,0,0,68,3611,3543,0,0,0,0,14,0,1048576,0,0,0,inf,0.657714844,0.771820068,inf,0,0,0,0,0,0,0,0,0,0,0,0,0,0,0,0,0,0,0,0,0,0,0,0,0,0,0,0,0,0,0,0,0,0,0,0,0,0,0,0,0,0,0,0,0,0,0,0,0,0,0,0,0,0,0,0,0,0,0,0,0,0,0,0,0,0,0,0,0,0,0,0,0,0,0,0,0,0,0,0,0,0,0,0,0,0,0,0,0,4294967295,4294967295,4294967295,4294967295,4294967295,4294967295,4294967295,4294967295,4294967295,4294967295
552,1,69,69,1,64,18,46,4,46,14,54,4352,1932,2420,2420,0,24,1908,0,17,15,68,510,2060,24,0,1023,10,14,0,1048576,0,0,0,inf,0.652908325,1.04544067,0.563415527,0,0,0,0,0,0,0,0,0,0,0,0,0,0,0,0,0,0,0,0,0,0,0,1023,0,0,0,0,0,0,0,0,0,0,0,0,0,0,0,0,0,0,0,0,0,0,0,0,0,0,0,0,0,0,0,0,0,0,0,0,0,0,0,0,0,0,0,0,0,0,0,0,0,0,0,0,0,0,0,0,0,0,0,0,0,0,0,0,0,3,3,4,4,4,4,4,3,3,4
553,0.100000001,69,69,1,64,0,64,0,64,0,68,4352,3160,1192,1192,0,1,3159,0,1,1,68,3356,3288,1,0,2,1,14,0,1048576,0,0,0,inf,0.576889038,0.667160034,inf,0,0,0,0,0,0,0,0,0,0,0,0,0,0,0,0,0,0,0,0,0,0,0,2,0,0,0,0,0,0,0,0,0,0,0,0,0,0,0,0,0,0,0,0,0,0,0,0,0,0,0,0,0,0,0,0,0,0,0,0,0,0,0,0,0,0,0,0,0,0,0,0,0,0,0,0,0,0,0,0,0,0,0,0,0,0,0,0,0,4294967295,58,4294967295,4294967295,4294967295,4294967295,4294967295,4294967295,4294967295,4294967295
554,0.200000003,69,69,1,64,0,64,0,64,0,68,4352,3418,934,934,0,2,3416,0,2,2,68,3614,3546,2,0,3,2,14,0,1048576,0,0,0,inf,0.785720825,0.918777466,inf,0,0,0,0,0,0,0,0,0,0,0,0,0,0,0,0,0,0,0,0,0,0,0,3,0,0,0,0,0,0,0,0,0,0,0,0,0,0,0,0,0,0,0,0,0,0,0,0,0,0,0,0,0,0,0,0,0,0,0,0,0,0,0,0,0,0,0,0,0,0,0,0,0,0,0,0,0,0,0,0,0,0,0,0,0,0,0,0,0,5,9,4294967295,4294967295,4294967295,4294967295,4294967295,4294967295,4294967295,4294967295
555,0,69,69,1,64,0,64,0,64,0,68,4352,2484,1868,1868,0,0,2484,0,0,0,68,2680,2612,0,0,0,0,14,0,1048576,0,0,0,inf,0.526687622,0.611877441,inf,0,0,0,0,0,0,0,0,0,0,0,0,0,0,0,0,0,0,0,0,0,0,0,0,0,0,0,0,0,0,0,0,0,0,0,0,0,0,0,0,0,0,0,0,0,0,0,0,0,0,0,0,0,0,0,0,0,0,0,0,0,0,0,0,0,0,0,0,0,0,0,0,0,0,0,0,0,0,0,0,0,0,0,0,0,0,0,0,0,4294967295,4294967295,4294967295,4294967295,4294967295,4294967295,4294967295,4294967295,4294967295,4294967295
556,0.400000006,69,69,1,64,2,62,0,62,2,66,4352,2993,1359,1359,0,4,2989,0,4,4,68,3189,3121,4,0,15,4,14,0,1048576,0,0,0,inf,1.05717468,1.26875305,inf,0,0,0,0,0,0,0,0,0,0,0,0,0,0,0,0,0,0,0,0,0,0,0,15,0,0,0,0,0,0,0,0,0,0,0,0,0,0,0,0,0,0,0,0,0,0,0,0,0,0,0,0,0,0,0,0,0,0,0,0,0,0,0,0,0,0,0,0,0,0,0,0,0,0,0,0,0,0,0,0,0,0,0,0,0,0,0,0,0,4,3,4,5,4294967295,4294967295,4294967295,4294967295,4294967295,4294967295
557,0,69,69,1,64,0,64,0,64,0,68,4352,1719,2633,2633,0,0,1719,0,0,0,68,1915,1847,0,0,0,0,14,0,1048576,0,0,0,inf,0.472946167,1.19847107,inf,0,0,0,0,0,0,0,0,0,0,0,0,0,0,0,0,0,0,0,0,0,0,0,0,0,0,0,0,0,0,0,0,0,0,0,0,0,0,0,0,0,0,0,0,0,0,0,0,0,0,0,0,0,0,0,0,0,0,0,0,0,0,0,0,0,0,0,0,0,0,0,0,0,0,0,0,0,0,0,0,0,0,0,0,0,0,0,0,0,4294967295,4294967295,4294967295,4294967295,4294967295,4294967295,4294967295,4294967295,4294967295,4294967295
558,0.100000001,69,69,1,64,0,64,0,64,0,68,4352,3349,1003,1003,0,1,3348,0,1,1,68,3545,3477,1,0,1,1,14,0,1048576,0,0,0,inf,0.492034912,0.561294556,inf,0,0,0,0,0,0,0,0,0,0,0,0,0,0,0,0,0,0,0,0,0,0,0,1,0,0,0,0,0,0,0,0,0,0,0,0,0,0,0,0,0,0,0,0,0,0,0,0,0,0,0,0,0,0,0,0,0,0,0,0,0,0,0,0,0,0,0,0,0,0,0,0,0,0,0,0,0,0,0,0,0,0,0,0,0,0,0,0,0,18,4294967295,4294967295,4294967295,4294967295,4294967295,4294967295,4294967295,4294967295,4294967295
559,0.200000003,69,69,1,64,1,63,0,63,1,67,4352,2583,1769,1769,0,2,2581,0,2,2,68,2779,2711,2,0,3,2,14,0,1048576,0,0,0,inf,0.380523682,0.454269409,inf,0,0,0,0,0,0,0,0,0,0,0,0,0,0,0,0,0,0,0,0,0,0,0,3,0,0,0,0,0,0,0,0,0,0,0,0,0,0,0,0,0,0,0,0,0,0,0,0,0,0,0,0,0,0,0,0,0,0,0,0,0,0,0,0,0,0,0,0,0,0,0,0,0,0,0,0,0,0,0,0,0,0,0,0,0,0,0,0,0,15,15,4294967295,4294967295,4294967295,4294967295,4294967295,4294967295,4294967295,4294967295
560,0,69,69,1,64,0,64,0,64,0,68,4352,3672,680,680,0,0,3672,0,0,0,68,3868,3800,0,0,0,0,14,0,1048576,0,0,0,inf,1.11683655,1.18214417,inf,0,0,0,0,0,0,0,0,0,0,0,0,0,0,0,0,0,0,0,0,0,0,0,0,0,0,0,0,0,0,0,0,0,0,0,0,0,0,0,0,0,0,0,0,0,0,0,0,0,0,0,0,0,0,0,0,0,0,0,0,0,0,0,0,0,0,0,0,0,0,0,0,0,0,0,0,0,0,0,0,0,0,0,0,0,0,0,0,0,4294967295,4294967295,4294967295,4294967295,4294967295,4294967295,4294967295,4294967295,4294967295,4294967295
561,0,69,69,1,64,0,64,0,64,0,68,4352,3848,504,504,0,0,3848,0,0,0,68,4044,3976,0,0,0,0,14,0,1048576,0,0,0,inf,0.79574585,0.857894897,inf,0,0,0,0,0,0,0,0,0,0,0,0,0,0,0,0,0,0,0,0,0,0,0,0,0,0,0,0,0,0,0,0,0,0,0,0,0,0,0,0,0,0,0,0,0,0,0,0,0,0,0,0,0,0,0,0,0,0,0,0,0,0,0,0,0,0,0,0,0,0,0,0,0,0,0,0,0,0,0,0,0,0,0,0,0,0,0,0,0,4294967295,4294967295,4294967295,4294967295,4294967295,4294967295,4294967295,4294967295,4294967295,4294967295
562,0.100000001,69,69,1,64,1,63,0,63,1,67,4352,2717,1635,1635,0,1,2716,0,1,1,68,2913,2845,1,0,1,1,14,0,1048576,0,0,0,inf,0.490142822,0.625259399,inf,0,0,0,0,0,0,0,0,0,0,0,0,0,0,0,0,0,0,0,0,0,0,0,1,0,0,0,0,0,0,0,0,0,0,0,0,0,0,0,0,0,0,0,0,0,0,0,0,0,0,0,0,0,0,0,0,0,0,0,0,0,0,0,0,0,0,0,0,0,0,0,0,0,0,0,0,0,0,0,0,0,0,0,0,0,0,0,0,0,9,4294967295,4294967295,4294967295,4294967295,4294967295,4294967295,4294967295,4294967295,4294967295
563,0.600000024,69,69,1,64,4,60,0,60,4,64,4352,2619,1733,1733,0,6,2613,0,6,6,68,2815,2747,6,0,63,6,14,0,1048576,0,0,0,inf,0.622085571,0.759170532,inf,0,0,0,0,0,0,0,0,0,0,0,0,0,0,0,0,0,0,0,0,0,0,0,63,0,0,0,0,0,0,0,0,0,0,0,0,0,0,0,0,0,0,0,0,0,0,0,0,0,0,0,0,0,0,0,0,0,0,0,0,0,0,0,0,0,0,0,0,0,0,0,0,0,0,0,0,0,0,0,0,0,0,0,0,0,0,0,0,0,5,5,5,5,12,44,4294967295,4294967295,4294967295,4294967295
564,0.100000001,69,69,1,64,0,64,0,64,0,68,4352,3935,417,417,0,6,3929,0,6,6,68,4131,4063,6,0,32,6,14,0,1048576,0,0,0,inf,1.09347534,1.22979736,inf,0,0,0,0,0,0,0,0,0,0,0,0,0,0,0,0,0,0,0,0,0,0,0,32,0,0,0,0,0,0,0,0,0,0,0,0,0,0,0,0,0,0,0,0,0,0,0,0,0,0,0,0,0,0,0,0,0,0,0,0,0,0,0,0,0,0,0,0,0,0,0,0,0,0,0,0,0,0,0,0,0,0,0,0,0,0,0,0,0,4294967295,4294967295,4294967295,4294967295,4294967295,58,4294967295,4294967295,4294967295,4294967295
565,0.400000006,69,69,1,64,2,62,2,62,0,68,4352,3105,1247,1247,0,7,3098,0,7,7,68,3301,3233,7,0,519,7,14,0,1048576,0,0,0,inf,0.89793396,1.09111023,inf,0,0,0,0,0,0,0,0,0,0,0,0,0,0,0,0,0,0,0,0,0,0,0,519,0,0,0,0,0,0,0,0,0,0,0,0,0,0,0,0,0,0,0,0,0,0,0,0,0,0,0,0,0,0,0,0,0,0,0,0,0,0,0,0,0,0,0,0,0,0,0,0,0,0,0,0,0,0,0,0,0,0,0,0,0,0,0,0,0,20,21,5,4294967295,4294967295,4294967295,4294967295,4294967295,4294967295,45
566,0,69,69,1,64,0,64,0,64,0,68,4352,2797,1555,1555,0,0,2797,0,0,0,68,2993,2925,0,0,0,0,14,0,1048576,0,0,0,inf,0.927017212,1.14076233,inf,0,0,0,0,0,0,0,0,0,0,0,0,0,0,0,0,0,0,0,0,0,0,0,0,0,0,0,0,0,0,0,0,0,0,0,0,0,0,0,0,0,0,0,0,0,0,0,0,0,0,0,0,0,0,0,0,0,0,0,0,0,0,0,0,0,0,0,0,0,0,0,0,0,0,0,0,0,0,0,0,0,0,0,0,0,0,0,0,0,4294967295,4294967295,4294967295,4294967295,4294967295,4294967295,4294967295,4294967295,4294967295,4294967295
567,1,69,69,1,64,11,53,3,53,8,60,4352,2571,1781,1781,0,55,2516,0,15,15,68,726,2699,55,0,1023,10,14,0,1048576,0,0,0,inf,0.919937134,1.12472534,0.958648682,0,0,0,0,0,0,0,0,0,0,0,0,0,0,0,0,0,0,0,0,0,0,0,1023,0,0,0,0,0,0,0,0,0,0,0,0,0,0,0,0,0,0,0,0,0,0,0,0,0,0,0,0,0,0,0,0,0,0,0,0,0,0,0,0,0,0,0,0,0,0,0,0,0,0,0,0,0,0,0,0,0,0,0,0,0,0,0,0,0,5,6,6,6,12,19,9,6,12,6
568,0.100000001,69,69,1,64,0,64,0,64,0,68,4352,2498,1854,1854,0,1,2497,0,1,1,68,2694,2626,1,0,1,1,14,0,1048576,0,0,0,inf,0.720245361,0.866119385,inf,0,0,0,0,0,0,0,0,0,0,0,0,0,0,0,0,0,0,0,0,0,0,0,1,0,0,0,0,0,0,0,0,0,0,0,0,0,0,0,0,0,0,0,0,0,0,0,0,0,0,0,0,0,0,0,0,0,0,0,0,0,0,0,0,0,0,0,0,0,0,0,0,0,0,0,0,0,0,0,0,0,0,0,0,0,0,0,0,0,8,4294967295,4294967295,4294967295,4294967295,4294967295,4294967295,4294967295,4294967295,4294967295
569,0,69,69,1,64,0,64,0,64,0,68,4352,3634,718,718,0,0,3634,0,0,0,68,3830,3762,0,0,0,0,14,0,1048576,0,0,0,inf,0.730377197,0.798995972,inf,0,0,0,0,0,0,0,0,0,0,0,0,0,0,0,0,0,0,0,0,0,0,0,0,0,0,0,0,0,0,0,0,0,0,0,0,0,0,0,0,0,0,0,0,0,0,0,0,0,0,0,0,0,0,0,0,0,0,0,0,0,0,0,0,0,0,0,0,0,0,0,0,0,0,0,0,0,0,0,0,0,0,0,0,0,0,0,0,0,4294967295,4294967295,4294967295,4294967295,4294967295,4294967295,4294967295,4294967295,4294967295,4294967295
570,0.300000012,69,69,1,64,3,61,0,61,3,65,4352,3167,1185,1185,0,3,3164,0,3,3,68,3363,3295,3,0,7,3,14,0,1048576,0,0,0,inf,0.85748291,1.01242065,inf,0,0,0,0,0,0,0,0,0,0,0,0,0,0,0,0,0,0,0,0,0,0,0,7,0,0,0,0,0,0,0,0,0,0,0,0,0,0,0,0,0,0,0,0,0,0,0,0,0,0,0,0,0,0,0,0,0,0,0,0,0,0,0,0,0,0,0,0,0,0,0,0,0,0,0,0,0,0,0,0,0,0,0,0,0,0,0,0,0,8,8,7,4294967295,4294967295,4294967295,4294967295,4294967295,4294967295,4294967295
571,0.100000001,69,69,1,64,0,64,0,64,0,68,4352,3522,830,830,0,1,3521,0,1,1,68,3718,3650,1,0,2,1,14,0,1048576,0,0,0,inf,0.90032959,0.975402832,inf,0,0,0,0,0,0,0,0,0,0,0,0,0,0,0,0,0,0,0,0,0,0,0,2,0,0,0,0,0,0,0,0,0,0,0,0,0,0,0,0,0,0,0,0,0,0,0,0,0,0,0,0,0,0,0,0,0,0,0,0,0,0,0,0,0,0,0,0,0,0,0,0,0,0,0,0,0,0,0,0,0,0,0,0,0,0,0,0,0,4294967295,60,4294967295,4294967295,4294967295,4294967295,4294967295,4294967295,4294967295,4294967295
572,0.100000001,69,69,1,64,1,63,0,63,1,67,4352,2844,1508,1508,0,1,2843,0,1,1,68,3040,2972,1,0,1,1,14,0,1048576,0,0,0,inf,0.766357422,0.957641602,inf,0,0,0,0,0,0,0,0,0,0,0,0,0,0,0,0,0,0,0,0,0,0,0,1,0,0,0,0,0,0,0,0,0,0,0,0,0,0,0,0,0,0,0,0,0,0,0,0,0,0,0,0,0,0,0,0,0,0,0,0,0,0,0,0,0,0,0,0,0,0,0,0,0,0,0,0,0,0,0,0,0,0,0,0,0,0,0,0,0,6,4294967295,4294967295,4294967295,4294967295,4294967295,4294967295,4294967295,4294967295,4294967295
573,0.300000012,69,69,1,64,1,63,1,63,0,68,4352,3076,1276,1276,0,4,3072,0,4,4,68,3272,3204,4,0,25,4,14,0,1048576,0,0,0,inf,0.731674194,0.96144104,inf,0,0,0,0,0,0,0,0,0,0,0,0,0,0,0,0,0,0,0,0,0,0,0,25,0,0,0,0,0,0,0,0,0,0,0,0,0,0,0,0,0,0,0,0,0,0,0,0,0,0,0,0,0,0,0,0,0,0,0,0,0,0,0,0,0,0,0,0,0,0,0,0,0,0,0,0,0,0,0,0,0,0,0,0,0,0,0,0,0,62,4294967295,4294967295,25,21,4294967295,4294967295,4294967295,4294967295,4294967295
574,0.800000012,69,69,1,64,2,62,1,62,1,67,4352,2472,1880,1880,0,10,2462,0,10,10,68,2589,2600,10,0,639,10,14,0,1048576,0,0,0,inf,0.645843506,0.882400513,1.24406433,0,0,0,0,0,0,0,0,0,0,0,0,0,0,0,0,0,0,0,0,0,0,0,639,0,0,0,0,0,0,0,0,0,0,0,0,0,0,0,0,0,0,0,0,0,0,0,0,0,0,0,0,0,0,0,0,0,0,0,0,0,0,0,0,0,0,0,0,0,0,0,0,0,0,0,0,0,0,0,0,0,0,0,0,0,0,0,0,0,3,16,5,3,49,4,11,4294967295,4294967295,41
575,0,69,69,1,64,0,64,0,64,0,68,4352,2528,1824,1824,0,0,2528,0,0,0,68,2724,2656,0,0,0,0,14,0,1048576,0,0,0,inf,0.90637207,1.05456543,inf,0,0,0,0,0,0,0,0,0,0,0,0,0,0,0,0,0,0,0,0,0,0,0,0,0,0,0,0,0,0,0,0,0,0,0,0,0,0,0,0,0,0,0,0,0,0,0,0,0,0,0,0,0,0,0,0,0,0,0,0,0,0,0,0,0,0,0,0,0,0,0,0,0,0,0,0,0,0,0,0,0,0,0,0,0,0,0,0,0,4294967295,4294967295,4294967295,4294967295,4294967295,4294967295,4294967295,4294967295,4294967295,4294967295
576,0.100000001,69,69,1,64,0,64,0,64,0,68,4352,3207,1145,1145,0,1,3206,0,1,1,68,3403,3335,1,0,2,1,14,0,1048576,0,0,0,inf,0.934127808,1.02682495,inf,0,0,0,0,0,0,0,0,0,0,0,0,0,0,0,0,0,0,0,0,0,0,0,2,0,0,0,0,0,0,0,0,0,0,0,0,0,0,0,0,0,0,0,0,0,0,0,0,0,0,0,0,0,0,0,0,0,0,0,0,0,0,0,0,0,0,0,0,0,0,0,0,0,0,0,0,0,0,0,0,0,0,0,0,0,0,0,0,0,4294967295,6,4294967295,4294967295,4294967295,4294967295,4294967295,4294967295,4294967295,4294967295
577,0,69,69,1,64,0,64,0,64,0,68,4352,3384,968,968,0,0,3384,0,0,0,68,3580,3512,0,0,0,0,14,0,1048576,0,0,0,inf,0.797866821,0.917617798,inf,0,0,0,0,0,0,0,0,0,0,0,0,0,0,0,0,0,0,0,0,0,0,0,0,0,0,0,0,0,0,0,0,0,0,0,0,0,0,0,0,0,0,0,0,0,0,0,0,0,0,0,0,0,0,0,0,0,0,0,0,0,0,0,0,0,0,0,0,0,0,0,0,0,0,0,0,0,0,0,0,0,0,0,0,0,0,0,0,0,4294967295,4294967295,4294967295,4294967295,4294967295,4294967295,4294967295,4294967295,4294967295,4294967295
578,0,69,69,1,64,0,64,0,64,0,68,4352,2924,1428,1428,0,0,2924,0,0,0,68,3120,3052,0,0,0,0,14,0,1048576,0,0,0,inf,0.685089111,0.783798218,inf,0,0,0,0,0,0,0,0,0,0,0,0,0,0,0,0,0,0,0,0,0,0,0,0,0,0,0,0,0,0,0,0,0,0,0,0,0,0,0,0,0,0,0,0,0,0,0,0,0,0,0,0,0,0,0,0,0,0,0,0,0,0,0,0,0,0,0,0,0,0,0,0,0,0,0,0,0,0,0,0,0,0,0,0,0,0,0,0,0,4294967295,4294967295,4294967295,4294967295,4294967295,4294967295,4294967295,4294967295,4294967295,4294967295
579,0,69,69,1,64,0,64,0,64,0,68,4352,2716,1636,1636,0,0,2716,0,0,0,68,2912,2844,0,0,0,0,14,0,1048576,0,0,0,inf,0.64906311,0.744171143,inf,0,0,0,0,0,0,0,0,0,0,0,0,0,0,0,0,0,0,0,0,0,0,0,0,0,0,0,0,0,0,0,0,0,0,0,0,0,0,0,0,0,0,0,0,0,0,0,0,0,0,0,0,0,0,0,0,0,0,0,0,0,0,0,0,0,0,0,0,0,0,0,0,0,0,0,0,0,0,0,0,0,0,0,0,0,0,0,0,0,4294967295,4294967295,4294967295,4294967295,4294967295,4294967295,4294967295,4294967295,4294967295,4294967295
580,0,69,69,1,64,0,64,0,64,0,68,4352,3336,1016,1016,0,0,3336,0,0,0,68,3532,3464,0,0,0,0,14,0,1048576,0,0,0,inf,0.612854004,0.730804443,inf,0,0,0,0,0,0,0,0,0,0,0,0,0,0,0,0,0,0,0,0,0,0,0,0,0,0,0,0,0,0,0,0,0,0,0,0,0,0,0,0,0,0,0,0,0,0,0,0,0,0,0,0,0,0,0,0,0,0,0,0,0,0,0,0,0,0,0,0,0,0,0,0,0,0,0,0,0,0,0,0,0,0,0,0,0,0,0,0,0,4294967295,4294967295,4294967295,4294967295,4294967295,4294967295,4294967295,4294967295,4294967295,4294967295
581,0.899999976,69,69,1,64,3,61,1,61,2,66,4352,2728,1624,1624,0,29,2699,0,18,18,68,1632,2856,29,0,511,10,14,0,1048576,0,0,0,inf,0.62940979,0.705917358,0.712036133,0,0,0,0,0,0,0,0,0,0,0,0,0,0,0,0,0,0,0,0,0,0,0,511,0,0,0,0,0,0,0,0,0,0,0,0,0,0,0,0,0,0,0,0,0,0,0,0,0,0,0,0,0,0,0,0,0,0,0,0,0,0,0,0,0,0,0,0,0,0,0,0,0,0,0,0,0,0,0,0,0,0,0,0,0,0,0,0,0,7,14,32,8,4,26,38,26,51,4294967295
582,0.899999976,69,69,1,64,3,61,1,61,2,66,4352,2637,1715,1715,0,24,2613,0,17,16,68,1860,2765,24,0,1015,10,14,0,1048576,0,0,0,inf,0.516342163,0.708251953,0.701812744,0,0,0,0,0,0,0,0,0,0,0,0,0,0,0,0,0,0,0,0,0,0,0,1015,0,0,0,0,0,0,0,0,0,0,0,0,0,0,0,0,0,0,0,0,0,0,0,0,0,0,0,0,0,0,0,0,0,0,0,0,0,0,0,0,0,0,0,0,0,0,0,0,0,0,0,0,0,0,0,0,0,0,0,0,0,0,0,0,0,24,8,8,4294967295,15,59,25,11,39,45
583,0,69,69,1,64,0,64,0,64,0,68,4352,3683,669,669,0,0,3683,0,0,0,68,3879,3811,0,0,0,0,14,0,1048576,0,0,0,inf,1.33657837,1.43699646,inf,0,0,0,0,0,0,0,0,0,0,0,0,0,0,0,0,0,0,0,0,0,0,0,0,0,0,0,0,0,0,0,0,0,0,0,0,0,0,0,0,0,0,0,0,0,0,0,0,0,0,0,0,0,0,0,0,0,0,0,0,0,0,0,0,0,0,0,0,0,0,0,0,0,0,0,0,0,0,0,0,0,0,0,0,0,0,0,0,0,4294967295,4294967295,4294967295,4294967295,4294967295,4294967295,4294967295,4294967295,4294967295,4294967295
584,0,69,69,1,64,0,64,0,64,0,68,4352,2601,1751,1751,0,0,2601,0,0,0,68,2797,2729,0,0,0,0,14,0,1048576,0,0,0,inf,0.865646362,1.01251221,inf,0,0,0,0,0,0,0,0,0,0,0,0,0,0,0,0,0,0,0,0,0,0,0,0,0,0,0,0,0,0,0,0,0,0,0,0,0,0,0,0,0,0,0,0,0,0,0,0,0,0,0,0,0,0,0,0,0,0,0,0,0,0,0,0,0,0,0,0,0,0,0,0,0,0,0,0,0,0,0,0,0,0,0,0,0,0,0,0,0,4294967295,4294967295,4294967295,4294967295,4294967295,4294967295,4294967295,4294967295,4294967295,4294967295
585,0.100000001,69,69,1,64,0,64,0,64,0,68,4352,3827,525,525,0,1,3826,0,2,2,68,4023,3955,1,0,4,2,14,0,1048576,0,0,0,inf,1.03953552,1.09361267,inf,0,0,0,0,0,0,0,0,0,0,0,0,0,0,0,0,0,0,0,0,0,0,0,4,0,0,0,0,0,0,0,0,0,0,0,0,0,0,0,0,0,0,0,0,0,0,0,0,0,0,0,0,0,0,0,0,0,0,0,0,0,0,0,0,0,0,0,0,0,0,0,0,0,0,0,0,0,0,0,0,0,0,0,0,0,0,0,0,0,4294967295,4294967295,11,4294967295,4294967295,4294967295,4294967295,4294967295,4294967295,4294967295
586,0,69,69,1,64,0,64,0,64,0,68,4352,2929,1423,1423,0,0,2929,0,0,0,68,3125,3057,0,0,0,0,14,0,1048576,0,0,0,inf,0.977172852,1.15731812,inf,0,0,0,0,0,0,0,0,0,0,0,0,0,0,0,0,0,0,0,0,0,0,0,0,0,0,0,0,0,0,0,0,0,0,0,0,0,0,0,0,0,0,0,0,0,0,0,0,0,0,0,0,0,0,0,0,0,0,0,0,0,0,0,0,0,0,0,0,0,0,0,0,0,0,0,0,0,0,0,0,0,0,0,0,0,0,0,0,0,4294967295,4294967295,4294967295,4294967295,4294967295,4294967295,4294967295,4294967295,4294967295,4294967295
587,0.100000001,69,69,1,64,0,64,0,64,0,68,4352,3525,827,827,0,1,3524,0,1,1,68,3721,3653,1,0,1,1,14,0,1048576,0,0,0,inf,1.09457397,1.24414062,inf,0,0,0,0,0,0,0,0,0,0,0,0,0,0,0,0,0,0,0,0,0,0,0,1,0,0,0,0,0,0,0,0,0,0,0,0,0,0,0,0,0,0,0,0,0,0,0,0,0,0,0,0,0,0,0,0,0,0,0,0,0,0,0,0,0,0,0,0,0,0,0,0,0,0,0,0,0,0,0,0,0,0,0,0,0,0,0,0,0,17,4294967295,4294967295,4294967295,4294967295,4294967295,4294967295,4294967295,4294967295,4294967295
588,0,69,69,1,64,0,64,0,64,0,68,4352,3631,721,721,0,0,3631,0,0,0,68,3827,3759,0,0,0,0,14,0,1048576,0,0,0,inf,1.00691223,1.11952209,inf,0,0,0,0,0,0,0,0,0,0,0,0,0,0,0,0,0,0,0,0,0,0,0,0,0,0,0,0,0,0,0,0,0,0,0,0,0,0,0,0,0,0,0,0,0,0,0,0,0,0,0,0,0,0,0,0,0,0,0,0,0,0,0,0,0,0,0,0,0,0,0,0,0,0,0,0,0,0,0,0,0,0,0,0,0,0,0,0,0,4294967295,4294967295,4294967295,4294967295,4294967295,4294967295,4294967295,4294967295,4294967295,4294967295
589,0.200000003,69,69,1,64,0,64,0,64,0,68,4352,3006,1346,1346,0,2,3004,0,2,2,68,3202,3134,2,0,24,2,14,0,1048576,0,0,0,inf,0.416534424,0.502243042,inf,0,0,0,0,0,0,0,0,0,0,0,0,0,0,0,0,0,0,0,0,0,0,0,24,0,0,0,0,0,0,0,0,0,0,0,0,0,0,0,0,0,0,0,0,0,0,0,0,0,0,0,0,0,0,0,0,0,0,0,0,0,0,0,0,0,0,0,0,0,0,0,0,0,0,0,0,0,0,0,0,0,0,0,0,0,0,0,0,0,4294967295,4294967295,4294967295,12,67,4294967295,4294967295,4294967295,4294967295,4294967295
590,0.300000012,69,69,1,64,1,63,1,63,0,68,4352,3786,566,566,0,5,3781,0,5,5,68,3982,3914,5,0,386,5,14,0,1048576,0,0,0,inf,1.05374146,1.11564636,inf,0,0,0,0,0,0,0,0,0,0,0,0,0,0,0,0,0,0,0,0,0,0,0,386,0,0,0,0,0,0,0,0,0,0,0,0,0,0,0,0,0,0,0,0,0,0,0,0,0,0,0,0,0,0,0,0,0,0,0,0,0,0,0,0,0,0,0,0,0,0,0,0,0,0,0,0,0,0,0,0,0,0,0,0,0,0,0,0,0,4294967295,35,4294967295,4294967295,4294967295,4294967295,4294967295,35,3,4294967295
591,0,69,69,1,64,0,64,0,64,0,68,4352,3406,946,946,0,0,3406,0,0,0,68,3602,3534,0,0,0,0,14,0,1048576,0,0,0,inf,1.04577637,1.1265564,inf,0,0,0,0,0,0,0,0,0,0,0,0,0,0,0,0,0,0,0,0,0,0,0,0,0,0,0,0,0,0,0,0,0,0,0,0,0,0,0,0,0,0,0,0,0,0,0,0,0,0,0,0,0,0,0,0,0,0,0,0,0,0,0,0,0,0,0,0,0,0,0,0,0,0,0,0,0,0,0,0,0,0,0,0,0,0,0,0,0,4294967295,4294967295,4294967295,4294967295,4294967295,4294967295,4294967295,4294967295,4294967295,4294967295
592,0,69,69,1,64,0,64,0,64,0,68,4352,2377,1975,1975,0,0,2377,0,0,0,68,2573,2505,0,0,0,0,14,0,1048576,0,0,0,inf,0.619628906,0.758880615,inf,0,0,0,0,0,0,0,0,0,0,0,0,0,0,0,0,0,0,0,0,0,0,0,0,0,0,0,0,0,0,0,0,0,0,0,0,0,0,0,0,0,0,0,0,0,0,0,0,0,0,0,0,0,0,0,0,0,0,0,0,0,0,0,0,0,0,0,0,0,0,0,0,0,0,0,0,0,0,0,0,0,0,0,0,0,0,0,0,0,4294967295,4294967295,4294967295,4294967295,4294967295,4294967295,4294967295,4294967295,4294967295,4294967295
593,0,69,69,1,64,0,64,0,64,0,68,4352,3056,1296,1296,0,0,3056,0,0,0,68,3252,3184,0,0,0,0,14,0,1048576,0,0,0,inf,0.802047729,0.903015137,inf,0,0,0,0,0,0,0,0,0,0,0,0,0,0,0,0,0,0,0,0,0,0,0,0,0,0,0,0,0,0,0,0,0,0,0,0,0,0,0,0,0,0,0,0,0,0,0,0,0,0,0,0,0,0,0,0,0,0,0,0,0,0,0,0,0,0,0,0,0,0,0,0,0,0,0,0,0,0,0,0,0,0,0,0,0,0,0,0,0,4294967295,4294967295,4294967295,4294967295,4294967295,4294967295,4294967295,4294967295,4294967295,4294967295
594,0.300000012,69,69,1,64,1,63,0,63,1,67,4352,3672,680,680,0,3,3669,0,3,3,68,3868,3800,3,0,7,3,14,0,1048576,0,0,0,inf,1.0557251,1.16496277,inf,0,0,0,0,0,0,0,0,0,0,0,0,0,0,0,0,0,0,0,0,0,0,0,7,0,0,0,0,0,0,0,0,0,0,0,0,0,0,0,0,0,0,0,0,0,0,0,0,0,0,0,0,0,0,0,0,0,0,0,0,0,0,0,0,0,0,0,0,0,0,0,0,0,0,0,0,0,0,0,0,0,0,0,0,0,0,0,0,0,5,9,13,4294967295,4294967295,4294967295,4294967295,4294967295,4294967295,4294967295
595,0.100000001,69,69,1,64,0,64,0,64,0,68,4352,2692,1660,1660,0,1,2691,0,1,1,68,2888,2820,1,0,1,1,14,0,1048576,0,0,0,inf,1.37442017,1.69480896,inf,0,0,0,0,0,0,0,0,0,0,0,0,0,0,0,0,0,0,0,0,0,0,0,1,0,0,0,0,0,0,0,0,0,0,0,0,0,0,0,0,0,0,0,0,0,0,0,0,0,0,0,0,0,0,0,0,0,0,0,0,0,0,0,0,0,0,0,0,0,0,0,0,0,0,0,0,0,0,0,0,0,0,0,0,0,0,0,0,0,29,4294967295,4294967295,4294967295,4294967295,4294967295,4294967295,4294967295,4294967295,4294967295
596,0.5,69,69,1,64,0,64,0,64,0,68,4352,2519,1833,1833,0,10,2509,0,10,10,68,2709,2647,10,0,555,10,14,0,1048576,0,0,0,inf,0.730514526,0.857254028,1.24484253,0,0,0,0,0,0,0,0,0,0,0,0,0,0,0,0,0,0,0,0,0,0,0,555,0,0,0,0,0,0,0,0,0,0,0,0,0,0,0,0,0,0,0,0,0,0,0,0,0,0,0,0,0,0,0,0,0,0,0,0,0,0,0,0,0,0,0,0,0,0,0,0,0,0,0,0,0,0,0,0,0,0,0,0,0,0,0,0,0,18,18,4294967295,59,4294967295,17,4294967295,4294967295,4294967295,63
597,0.100000001,69,69,1,64,0,64,0,64,0,68,4352,2824,1528,1528,0,1,2823,0,1,1,68,3020,2952,1,0,1,1,14,0,1048576,0,0,0,inf,0.720230103,0.915542603,inf,0,0,0,0,0,0,0,0,0,0,0,0,0,0,0,0,0,0,0,0,0,0,0,1,0,0,0,0,0,0,0,0,0,0,0,0,0,0,0,0,0,0,0,0,0,0,0,0,0,0,0,0,0,0,0,0,0,0,0,0,0,0,0,0,0,0,0,0,0,0,0,0,0,0,0,0,0,0,0,0,0,0,0,0,0,0,0,0,0,17,4294967295,4294967295,4294967295,4294967295,4294967295,4294967295,4294967295,4294967295,4294967295
598,0,69,69,1,64,0,64,0,64,0,68,4352,3379,973,973,0,0,3379,0,0,0,68,3575,3507,0,0,0,0,14,0,1048576,0,0,0,inf,0.884399414,0.972183228,inf,0,0,0,0,0,0,0,0,0,0,0,0,0,0,0,0,0,0,0,0,0,0,0,0,0,0,0,0,0,0,0,0,0,0,0,0,0,0,0,0,0,0,0,0,0,0,0,0,0,0,0,0,0,0,0,0,0,0,0,0,0,0,0,0,0,0,0,0,0,0,0,0,0,0,0,0,0,0,0,0,0,0,0,0,0,0,0,0,0,4294967295,4294967295,4294967295,4294967295,4294967295,4294967295,4294967295,4294967295,4294967295,4294967295
599,0.100000001,69,69,1,64,0,64,0,64,0,68,4352,3442,910,910,0,1,3441,0,1,1,68,3638,3570,1,0,4,1,14,0,1048576,0,0,0,inf,0.832046509,0.952056885,inf,0,0,0,0,0,0,0,0,0,0,0,0,0,0,0,0,0,0,0,0,0,0,0,4,0,0,0,0,0,0,0,0,0,0,0,0,0,0,0,0,0,0,0,0,0,0,0,0,0,0,0,0,0,0,0,0,0,0,0,0,0,0,0,0,0,0,0,0,0,0,0,0,0,0,0,0,0,0,0,0,0,0,0,0,0,0,0,0,0,4294967295,4294967295,57,4294967295,4294967295,4294967295,4294967295,4294967295,4294967295,4294967295
600,0,69,69,1,64,0,64,0,64,0,68,4352,2640,1712,1712,0,0,2640,0,0,0,68,2836,2768,0,0,0,0,14,0,1048576,0,0,0,inf,0.82901001,0.999847412,inf,0,0,0,0,0,0,0,0,0,0,0,0,0,0,0,0,0,0,0,0,0,0,0,0,0,0,0,0,0,0,0,0,0,0,0,0,0,0,0,0,0,0,0,0,0,0,0,0,0,0,0,0,0,0,0,0,0,0,0,0,0,0,0,0,0,0,0,0,0,0,0,0,0,0,0,0,0,0,0,0,0,0,0,0,0,0,0,0,0,4294967295,4294967295,4294967295,4294967295,4294967295,4294967295,4294967295,4294967295,4294967295,4294967295
601,0.100000001,69,69,1,64,0,64,0,64,0,68,4352,2746,1606,1606,0,2,2744,0,2,2,68,2942,2874,2,0,2,2,14,0,1048576,0,0,0,inf,0.649200439,0.823989868,inf,0,0,0,0,0,0,0,0,0,0,0,0,0,0,0,0,0,0,0,0,0,0,0,2,0,0,0,0,0,0,0,0,0,0,0,0,0,0,0,0,0,0,0,0,0,0,0,0,0,0,0,0,0,0,0,0,0,0,0,0,0,0,0,0,0,0,0,0,0,0,0,0,0,0,0,0,0,0,0,0,0,0,0,0,0,0,0,0,0,4294967295,56,4294967295,4294967295,4294967295,4294967295,4294967295,4294967295,4294967295,4294967295
602,0,69,69,1,64,0,64,0,64,0,68,4352,3515,837,837,0,3,3512,0,3,3,68,3711,3643,3,0,0,3,14,0,1048576,0,0,0,inf,0.971801758,1.0884552,inf,0,0,0,0,0,0,0,0,0,0,0,0,0,0,0,0,0,0,0,0,0,0,0,0,0,0,0,0,0,0,0,0,0,0,0,0,0,0,0,0,0,0,0,0,0,0,0,0,0,0,0,0,0,0,0,0,0,0,0,0,0,0,0,0,0,0,0,0,0,0,0,0,0,0,0,0,0,0,0,0,0,0,0,0,0,0,0,0,0,4294967295,4294967295,4294967295,4294967295,4294967295,4294967295,4294967295,4294967295,4294967295,4294967295
603,0.100000001,69,69,1,64,0,64,0,64,0,68,4352,2406,1946,1946,0,1,2405,0,1,1,68,2602,2534,1,0,1,1,14,0,1048576,0,0,0,inf,0.508590698,0.620986938,inf,0,0,0,0,0,0,0,0,0,0,0,0,0,0,0,0,0,0,0,0,0,0,0,1,0,0,0,0,0,0,0,0,0,0,0,0,0,0,0,0,0,0,0,0,0,0,0,0,0,0,0,0,0,0,0,0,0,0,0,0,0,0,0,0,0,0,0,0,0,0,0,0,0,0,0,0,0,0,0,0,0,0,0,0,0,0,0,0,0,39,4294967295,4294967295,4294967295,4294967295,4294967295,4294967295,4294967295,4294967295,4294967295
604,0,69,69,1,64,0,64,0,64,0,68,4352,3289,1063,1063,0,0,3289,0,0,0,68,3485,3417,0,0,0,0,14,0,1048576,0,0,0,inf,0.982772827,1.16241455,inf,0,0,0,0,0,0,0,0,0,0,0,0,0,0,0,0,0,0,0,0,0,0,0,0,0,0,0,0,0,0,0,0,0,0,0,0,0,0,0,0,0,0,0,0,0,0,0,0,0,0,0,0,0,0,0,0,0,0,0,0,0,0,0,0,0,0,0,0,0,0,0,0,0,0,0,0,0,0,0,0,0,0,0,0,0,0,0,0,0,4294967295,4294967295,4294967295,4294967295,4294967295,4294967295,4294967295,4294967295,4294967295,4294967295
605,0,69,69,1,64,0,64,0,64,0,68,4352,2744,1608,1608,0,0,2744,0,0,0,68,2940,2872,0,0,0,0,14,0,1048576,0,0,0,inf,0.552185059,0.641998291,inf,0,0,0,0,0,0,0,0,0,0,0,0,0,0,0,0,0,0,0,0,0,0,0,0,0,0,0,0,0,0,0,0,0,0,0,0,0,0,0,0,0,0,0,0,0,0,0,0,0,0,0,0,0,0,0,0,0,0,0,0,0,0,0,0,0,0,0,0,0,0,0,0,0,0,0,0,0,0,0,0,0,0,0,0,0,0,0,0,0,4294967295,4294967295,4294967295,4294967295,4294967295,4294967295,4294967295,4294967295,4294967295,4294967295
606,0.400000006,69,69,1,64,0,64,0,64,0,68,4352,3306,1046,1046,0,9,3297,0,9,9,68,3502,3434,9,0,275,9,14,0,1048576,0,0,0,inf,0.64465332,0.815414429,inf,0,0,0,0,0,0,0,0,0,0,0,0,0,0,0,0,0,0,0,0,0,0,0,275,0,0,0,0,0,0,0,0,0,0,0,0,0,0,0,0,0,0,0,0,0,0,0,0,0,0,0,0,0,0,0,0,0,0,0,0,0,0,0,0,0,0,0,0,0,0,0,0,0,0,0,0,0,0,0,0,0,0,0,0,0,0,0,0,0,47,1,4294967295,4294967295,1,4294967295,4294967295,4294967295,39,4294967295
607,0.100000001,69,69,1,64,0,64,0,64,0,68,4352,2833,1519,1519,0,1,2832,0,1,1,68,3029,2961,1,0,1,1,14,0,1048576,0,0,0,inf,0.735839844,0.889938354,inf,0,0,0,0,0,0,0,0,0,0,0,0,0,0,0,0,0,0,0,0,0,0,0,1,0,0,0,0,0,0,0,0,0,0,0,0,0,0,0,0,0,0,0,0,0,0,0,0,0,0,0,0,0,0,0,0,0,0,0,0,0,0,0,0,0,0,0,0,0,0,0,0,0,0,0,0,0,0,0,0,0,0,0,0,0,0,0,0,0,61,4294967295,4294967295,4294967295,4294967295,4294967295,4294967295,4294967295,4294967295,4294967295
608,0,69,69,1,64,0,64,0,64,0,68,4352,3760,592,592,0,0,3760,0,0,0,68,3956,3888,0,0,0,0,14,0,1048576,0,0,0,inf,1.17410278,1.42507935,inf,0,0,0,0,0,0,0,0,0,0,0,0,0,0,0,0,0,0,0,0,0,0,0,0,0,0,0,0,0,0,0,0,0,0,0,0,0,0,0,0,0,0,0,0,0,0,0,0,0,0,0,0,0,0,0,0,0,0,0,0,0,0,0,0,0,0,0,0,0,0,0,0,0,0,0,0,0,0,0,0,0,0,0,0,0,0,0,0,0,4294967295,4294967295,4294967295,4294967295,4294967295,4294967295,4294967295,4294967295,4294967295,4294967295
609,0.200000003,69,69,1,64,1,63,1,63,0,68,4352,3379,973,973,0,2,3377,0,2,2,68,3575,3507,2,0,3,2,14,0,1048576,0,0,0,inf,0.725982666,0.876342773,inf,0,0,0,0,0,0,0,0,0,0,0,0,0,0,0,0,0,0,0,0,0,0,0,3,0,0,0,0,0,0,0,0,0,0,0,0,0,0,0,0,0,0,0,0,0,0,0,0,0,0,0,0,0,0,0,0,0,0,0,0,0,0,0,0,0,0,0,0,0,0,0,0,0,0,0,0,0,0,0,0,0,0,0,0,0,0,0,0,0,33,30,4294967295,4294967295,4294967295,4294967295,4294967295,4294967295,4294967295,4294967295
610,1,69,69,1,64,8,56,0,56,8,60,4352,2912,1440,1440,0,29,2883,0,14,12,68,736,3040,29,0,1023,10,14,0,1048576,0,0,0,inf,0.964263916,1.1656189,0.994125366,0,0,0,0,0,0,0,0,0,0,0,0,0,0,0,0,0,0,0,0,0,0,0,1023,0,0,0,0,0,0,0,0,0,0,0,0,0,0,0,0,0,0,0,0,0,0,0,0,0,0,0,0,0,0,0,0,0,0,0,0,0,0,0,0,0,0,0,0,0,0,0,0,0,0,0,0,0,0,0,0,0,0,0,0,0,0,0,0,0,7,6,7,8,7,7,7,7,7,7
611,0.699999988,69,69,1,64,3,61,2,61,1,67,4352,1942,2410,2410,0,11,1931,0,11,11,68,2120,2070,11,0,127,10,14,0,1048576,0,0,0,inf,0.590011597,0.764526367,1.09555054,0,0,0,0,0,0,0,0,0,0,0,0,0,0,0,0,0,0,0,0,0,0,0,127,0,0,0,0,0,0,0,0,0,0,0,0,0,0,0,0,0,0,0,0,0,0,0,0,0,0,0,0,0,0,0,0,0,0,0,0,0,0,0,0,0,0,0,0,0,0,0,0,0,0,0,0,0,0,0,0,0,0,0,0,0,0,0,0,0,12,6,34,6,2,67,16,4294967295,4294967295,4294967295
612,0,69,69,1,64,0,64,0,64,0,68,4352,3062,1290,1290,0,0,3062,0,0,0,68,3258,3190,0,0,0,0,14,0,1048576,0,0,0,inf,0.77696228,0.916397095,inf,0,0,0,0,0,0,0,0,0,0,0,0,0,0,0,0,0,0,0,0,0,0,0,0,0,0,0,0,0,0,0,0,0,0,0,0,0,0,0,0,0,0,0,0,0,0,0,0,0,0,0,0,0,0,0,0,0,0,0,0,0,0,0,0,0,0,0,0,0,0,0,0,0,0,0,0,0,0,0,0,0,0,0,0,0,0,0,0,0,4294967295,4294967295,4294967295,4294967295,4294967295,4294967295,4294967295,4294967295,4294967295,4294967295
613,0,69,69,1,64,0,64,0,64,0,68,4352,2640,1712,1712,0,0,2640,0,0,0,68,2836,2768,0,0,0,0,14,0,1048576,0,0,0,inf,0.866241455,1.03814697,inf,0,0,0,0,0,0,0,0,0,0,0,0,0,0,0,0,0,0,0,0,0,0,0,0,0,0,0,0,0,0,0,0,0,0,0,0,0,0,0,0,0,0,0,0,0,0,0,0,0,0,0,0,0,0,0,0,0,0,0,0,0,0,0,0,0,0,0,0,0,0,0,0,0,0,0,0,0,0,0,0,0,0,0,0,0,0,0,0,0,4294967295,4294967295,4294967295,4294967295,4294967295,4294967295,4294967295,4294967295,4294967295,4294967295
614,0,69,69,1,64,0,64,0,64,0,68,4352,3602,750,750,0,0,3602,0,0,0,68,3798,3730,0,0,0,0,14,0,1048576,0,0,0,inf,0.628555298,0.760848999,inf,0,0,0,0,0,0,0,0,0,0,0,0,0,0,0,0,0,0,0,0,0,0,0,0,0,0,0,0,0,0,0,0,0,0,0,0,0,0,0,0,0,0,0,0,0,0,0,0,0,0,0,0,0,0,0,0,0,0,0,0,0,0,0,0,0,0,0,0,0,0,0,0,0,0,0,0,0,0,0,0,0,0,0,0,0,0,0,0,0,4294967295,4294967295,4294967295,4294967295,4294967295,4294967295,4294967295,4294967295,4294967295,4294967295
615,1,69,69,1,64,14,50,5,50,9,59,4352,2375,1977,1977,0,109,2266,0,30,27,68,644,2503,109,0,1023,10,14,0,1048576,0,0,0,inf,0.465179443,0.724304199,0.492507935,0,0,0,0,0,0,0,0,0,0,0,0,0,0,0,0,0,0,0,0,0,0,0,1023,0,0,0,0,0,0,0,0,0,0,0,0,0,0,0,0,0,0,0,0,0,0,0,0,0,0,0,0,0,0,0,0,0,0,0,0,0,0,0,0,0,0,0,0,0,0,0,0,0,0,0,0,0,0,0,0,0,0,0,0,0,0,0,0,0,7,7,6,6,7,7,7,11,11,18
616,0,69,69,1,64,0,64,0,64,0,68,4352,3140,1212,1212,0,0,3140,0,0,0,68,3336,3268,0,0,0,0,14,0,1048576,0,0,0,inf,0.906555176,1.08830261,inf,0,0,0,0,0,0,0,0,0,0,0,0,0,0,0,0,0,0,0,0,0,0,0,0,0,0,0,0,0,0,0,0,0,0,0,0,0,0,0,0,0,0,0,0,0,0,0,0,0,0,0,0,0,0,0,0,0,0,0,0,0,0,0,0,0,0,0,0,0,0,0,0,0,0,0,0,0,0,0,0,0,0,0,0,0,0,0,0,0,4294967295,4294967295,4294967295,4294967295,4294967295,4294967295,4294967295,4294967295,4294967295,4294967295
617,0,69,69,1,64,0,64,0,64,0,68,4352,2612,1740,1740,0,0,2612,0,0,0,68,2808,2740,0,0,0,0,14,0,1048576,0,0,0,inf,0.673934937,0.84942627,inf,0,0,0,0,0,0,0,0,0,0,0,0,0,0,0,0,0,0,0,0,0,0,0,0,0,0,0,0,0,0,0,0,0,0,0,0,0,0,0,0,0,0,0,0,0,0,0,0,0,0,0,0,0,0,0,0,0,0,0,0,0,0,0,0,0,0,0,0,0,0,0,0,0,0,0,0,0,0,0,0,0,0,0,0,0,0,0,0,0,4294967295,4294967295,4294967295,4294967295,4294967295,4294967295,4294967295,4294967295,4294967295,4294967295
618,0,69,69,1,64,0,64,0,64,0,68,4352,3009,1343,1343,0,0,3009,0,0,0,68,3205,3137,0,0,0,0,14,0,1048576,0,0,0,inf,0.55380249,0.633560181,inf,0,0,0,0,0,0,0,0,0,0,0,0,0,0,0,0,0,0,0,0,0,0,0,0,0,0,0,0,0,0,0,0,0,0,0,0,0,0,0,0,0,0,0,0,0,0,0,0,0,0,0,0,0,0,0,0,0,0,0,0,0,0,0,0,0,0,0,0,0,0,0,0,0,0,0,0,0,0,0,0,0,0,0,0,0,0,0,0,0,4294967295,4294967295,4294967295,4294967295,4294967295,4294967295,4294967295,4294967295,4294967295,4294967295
619,0.899999976,69,69,1,64,2,62,1,62,1,67,4352,3144,1208,1208,0,29,3115,0,17,17,68,1340,3272,29,0,895,10,14,0,1048576,0,0,0,inf,0.887893677,0.978118896,1.01635742,0,0,0,0,0,0,0,0,0,0,0,0,0,0,0,0,0,0,0,0,0,0,0,895,0,0,0,0,0,0,0,0,0,0,0,0,0,0,0,0,0,0,0,0,0,0,0,0,0,0,0,0,0,0,0,0,0,0,0,0,0,0,0,0,0,0,0,0,0,0,0,0,0,0,0,0,0,0,0,0,0,0,0,0,0,0,0,0,0,7,9,14,7,9,10,55,4294967295,9,9
620,0.100000001,69,69,1,64,1,63,0,63,1,67,4352,3024,1328,1328,0,1,3023,0,1,1,68,3220,3152,1,0,1,1,14,0,1048576,0,0,0,inf,1.22434998,1.41096497,inf,0,0,0,0,0,0,0,0,0,0,0,0,0,0,0,0,0,0,0,0,0,0,0,1,0,0,0,0,0,0,0,0,0,0,0,0,0,0,0,0,0,0,0,0,0,0,0,0,0,0,0,0,0,0,0,0,0,0,0,0,0,0,0,0,0,0,0,0,0,0,0,0,0,0,0,0,0,0,0,0,0,0,0,0,0,0,0,0,0,3,4294967295,4294967295,4294967295,4294967295,4294967295,4294967295,4294967295,4294967295,4294967295
621,0.200000003,69,69,1,64,0,64,0,64,0,68,4352,2764,1588,1588,0,3,2761,0,3,3,68,2960,2892,3,0,3,3,14,0,1048576,0,0,0,inf,0.525726318,0.651657104,inf,0,0,0,0,0,0,0,0,0,0,0,0,0,0,0,0,0,0,0,0,0,0,0,3,0,0,0,0,0,0,0,0,0,0,0,0,0,0,0,0,0,0,0,0,0,0,0,0,0,0,0,0,0,0,0,0,0,0,0,0,0,0,0,0,0,0,0,0,0,0,0,0,0,0,0,0,0,0,0,0,0,0,0,0,0,0,0,0,0,51,8,4294967295,4294967295,4294967295,4294967295,4294967295,4294967295,4294967295,4294967295
622,0.400000006,69,69,1,64,2,62,0,62,2,66,4352,3798,554,554,0,4,3794,0,4,4,68,3994,3926,4,0,75,4,14,0,1048576,0,0,0,inf,1.0466156,1.13848877,inf,0,0,0,0,0,0,0,0,0,0,0,0,0,0,0,0,0,0,0,0,0,0,0,75,0,0,0,0,0,0,0,0,0,0,0,0,0,0,0,0,0,0,0,0,0,0,0,0,0,0,0,0,0,0,0,0,0,0,0,0,0,0,0,0,0,0,0,0,0,0,0,0,0,0,0,0,0,0,0,0,0,0,0,0,0,0,0,0,0,4,27,4294967295,43,4294967295,4294967295,54,4294967295,4294967295,4294967295
623,0,69,69,1,64,0,64,0,64,0,68,4352,3382,970,970,0,0,3382,0,0,0,68,3578,3510,0,0,0,0,14,0,1048576,0,0,0,inf,0.983200073,1.10466003,inf,0,0,0,0,0,0,0,0,0,0,0,0,0,0,0,0,0,0,0,0,0,0,0,0,0,0,0,0,0,0,0,0,0,0,0,0,0,0,0,0,0,0,0,0,0,0,0,0,0,0,0,0,0,0,0,0,0,0,0,0,0,0,0,0,0,0,0,0,0,0,0,0,0,0,0,0,0,0,0,0,0,0,0,0,0,0,0,0,0,4294967295,4294967295,4294967295,4294967295,4294967295,4294967295,4294967295,4294967295,4294967295,4294967295
624,0.100000001,69,69,1,64,0,64,0,64,0,68,4352,2908,1444,1444,0,1,2907,0,1,1,68,3104,3036,1,0,1,1,14,0,1048576,0,0,0,inf,0.903030396,1.06681824,inf,0,0,0,0,0,0,0,0,0,0,0,0,0,0,0,0,0,0,0,0,0,0,0,1,0,0,0,0,0,0,0,0,0,0,0,0,0,0,0,0,0,0,0,0,0,0,0,0,0,0,0,0,0,0,0,0,0,0,0,0,0,0,0,0,0,0,0,0,0,0,0,0,0,0,0,0,0,0,0,0,0,0,0,0,0,0,0,0,0,16,4294967295,4294967295,4294967295,4294967295,4294967295,4294967295,4294967295,4294967295,4294967295
625,0.600000024,69,69,1,64,4,60,2,60,2,66,4352,3298,1054,1054,0,38,3260,0,24,17,68,1465,3426,38,0,335,10,14,0,1048576,0,0,0,inf,0.99899292,1.15156555,1.17797852,0,0,0,0,0,0,0,0,0,0,0,0,0,0,0,0,0,0,0,0,0,0,0,335,0,0,0,0,0,0,0,0,0,0,0,0,0,0,0,0,0,0,0,0,0,0,0,0,0,0,0,0,0,0,0,0,0,0,0,0,0,0,0,0,0,0,0,0,0,0,0,0,0,0,0,0,0,0,0,0,0,0,0,0,0,0,0,0,0,12,17,13,13,4294967295,4294967295,34,4294967295,23,4294967295
626,0,69,69,1,64,0,64,0,64,0,68,4352,3884,468,468,0,0,3884,0,0,0,68,4080,4012,0,0,0,0,14,0,1048576,0,0,0,inf,0.766036987,0.895202637,inf,0,0,0,0,0,0,0,0,0,0,0,0,0,0,0,0,0,0,0,0,0,0,0,0,0,0,0,0,0,0,0,0,0,0,0,0,0,0,0,0,0,0,0,0,0,0,0,0,0,0,0,0,0,0,0,0,0,0,0,0,0,0,0,0,0,0,0,0,0,0,0,0,0,0,0,0,0,0,0,0,0,0,0,0,0,0,0,0,0,4294967295,4294967295,4294967295,4294967295,4294967295,4294967295,4294967295,4294967295,4294967295,4294967295
627,0.600000024,69,69,1,64,2,62,1,62,1,67,4352,3515,837,837,0,18,3497,0,17,17,68,2870,3643,18,0,187,10,14,0,1048576,0,0,0,inf,0.743591309,0.832336426,1.02748108,0,0,0,0,0,0,0,0,0,0,0,0,0,0,0,0,0,0,0,0,0,0,0,187,0,0,0,0,0,0,0,0,0,0,0,0,0,0,0,0,0,0,0,0,0,0,0,0,0,0,0,0,0,0,0,0,0,0,0,0,0,0,0,0,0,0,0,0,0,0,0,0,0,0,0,0,0,0,0,0,0,0,0,0,0,0,0,0,0,16,20,4294967295,53,11,11,4294967295,60,4294967295,4294967295
628,0.200000003,69,69,1,64,2,62,0,62,2,66,4352,3091,1261,1261,0,2,3089,0,2,2,68,3287,3219,2,0,3,2,14,0,1048576,0,0,0,inf,0.849182129,0.968856812,inf,0,0,0,0,0,0,0,0,0,0,0,0,0,0,0,0,0,0,0,0,0,0,0,3,0,0,0,0,0,0,0,0,0,0,0,0,0,0,0,0,0,0,0,0,0,0,0,0,0,0,0,0,0,0,0,0,0,0,0,0,0,0,0,0,0,0,0,0,0,0,0,0,0,0,0,0,0,0,0,0,0,0,0,0,0,0,0,0,0,6,7,4294967295,4294967295,4294967295,4294967295,4294967295,4294967295,4294967295,4294967295
629,0.5,69,69,1,64,1,63,0,63,1,67,4352,3098,1254,1254,0,15,3083,0,15,14,68,2746,3226,15,0,87,10,14,0,1048576,0,0,0,inf,1.05458069,1.12339783,1.39854431,0,0,0,0,0,0,0,0,0,0,0,0,0,0,0,0,0,0,0,0,0,0,0,87,0,0,0,0,0,0,0,0,0,0,0,0,0,0,0,0,0,0,0,0,0,0,0,0,0,0,0,0,0,0,0,0,0,0,0,0,0,0,0,0,0,0,0,0,0,0,0,0,0,0,0,0,0,0,0,0,0,0,0,0,0,0,0,0,0,4,13,5,4294967295,52,4294967295,51,4294967295,4294967295,4294967295
630,0,69,69,1,64,0,64,0,64,0,68,4352,3607,745,745,0,0,3607,0,0,0,68,3803,3735,0,0,0,0,14,0,1048576,0,0,0,inf,0.855606079,0.91545105,inf,0,0,0,0,0,0,0,0,0,0,0,0,0,0,0,0,0,0,0,0,0,0,0,0,0,0,0,0,0,0,0,0,0,0,0,0,0,0,0,0,0,0,0,0,0,0,0,0,0,0,0,0,0,0,0,0,0,0,0,0,0,0,0,0,0,0,0,0,0,0,0,0,0,0,0,0,0,0,0,0,0,0,0,0,0,0,0,0,0,4294967295,4294967295,4294967295,4294967295,4294967295,4294967295,4294967295,4294967295,4294967295,4294967295
631,0,69,69,1,64,0,64,0,64,0,68,4352,3666,686,686,0,0,3666,0,0,0,68,3862,3794,0,0,0,0,14,0,1048576,0,0,0,inf,1.01252747,1.10435486,inf,0,0,0,0,0,0,0,0,0,0,0,0,0,0,0,0,0,0,0,0,0,0,0,0,0,0,0,0,0,0,0,0,0,0,0,0,0,0,0,0,0,0,0,0,0,0,0,0,0,0,0,0,0,0,0,0,0,0,0,0,0,0,0,0,0,0,0,0,0,0,0,0,0,0,0,0,0,0,0,0,0,0,0,0,0,0,0,0,0,4294967295,4294967295,4294967295,4294967295,4294967295,4294967295,4294967295,4294967295,4294967295,4294967295
632,0.200000003,69,69,1,64,1,63,0,63,1,67,4352,3520,832,832,0,2,3518,0,2,2,68,3716,3648,2,0,9,2,14,0,1048576,0,0,0,inf,1.15365601,1.26708984,inf,0,0,0,0,0,0,0,0,0,0,0,0,0,0,0,0,0,0,0,0,0,0,0,9,0,0,0,0,0,0,0,0,0,0,0,0,0,0,0,0,0,0,0,0,0,0,0,0,0,0,0,0,0,0,0,0,0,0,0,0,0,0,0,0,0,0,0,0,0,0,0,0,0,0,0,0,0,0,0,0,0,0,0,0,0,0,0,0,0,6,4294967295,4294967295,24,4294967295,4294967295,4294967295,4294967295,4294967295,4294967295
633,0.100000001,69,69,1,64,0,64,0,64,0,68,4352,3446,906,906,0,2,3444,0,2,2,68,3642,3574,2,0,1,2,14,0,1048576,0,0,0,inf,0.983764648,1.11422729,inf,0,0,0,0,0,0,0,0,0,0,0,0,0,0,0,0,0,0,0,0,0,0,0,1,0,0,0,0,0,0,0,0,0,0,0,0,0,0,0,0,0,0,0,0,0,0,0,0,0,0,0,0,0,0,0,0,0,0,0,0,0,0,0,0,0,0,0,0,0,0,0,0,0,0,0,0,0,0,0,0,0,0,0,0,0,0,0,0,0,2,4294967295,4294967295,4294967295,4294967295,4294967295,4294967295,4294967295,4294967295,4294967295
634,0,69,69,1,64,0,64,0,64,0,68,4352,3285,1067,1067,0,0,3285,0,0,0,68,3481,3413,0,0,0,0,14,0,1048576,0,0,0,inf,1.10325623,1.19207764,inf,0,0,0,0,0,0,0,0,0,0,0,0,0,0,0,0,0,0,0,0,0,0,0,0,0,0,0,0,0,0,0,0,0,0,0,0,0,0,0,0,0,0,0,0,0,0,0,0,0,0,0,0,0,0,0,0,0,0,0,0,0,0,0,0,0,0,0,0,0,0,0,0,0,0,0,0,0,0,0,0,0,0,0,0,0,0,0,0,0,4294967295,4294967295,4294967295,4294967295,4294967295,4294967295,4294967295,4294967295,4294967295,4294967295
635,0,69,69,1,64,0,64,0,64,0,68,4352,3798,554,554,0,1,3797,0,1,1,68,3994,3926,1,0,0,1,14,0,1048576,0,0,0,inf,0.848251343,0.937973022,inf,0,0,0,0,0,0,0,0,0,0,0,0,0,0,0,0,0,0,0,0,0,0,0,0,0,0,0,0,0,0,0,0,0,0,0,0,0,0,0,0,0,0,0,0,0,0,0,0,0,0,0,0,0,0,0,0,0,0,0,0,0,0,0,0,0,0,0,0,0,0,0,0,0,0,0,0,0,0,0,0,0,0,0,0,0,0,0,0,0,4294967295,4294967295,4294967295,4294967295,4294967295,4294967295,4294967295,4294967295,4294967295,4294967295
636,0,69,69,1,64,0,64,0,64,0,68,4352,3693,659,659,0,0,3693,0,0,0,68,3889,3821,0,0,0,0,14,0,1048576,0,0,0,inf,1.01060486,1.09072876,inf,0,0,0,0,0,0,0,0,0,0,0,0,0,0,0,0,0,0,0,0,0,0,0,0,0,0,0,0,0,0,0,0,0,0,0,0,0,0,0,0,0,0,0,0,0,0,0,0,0,0,0,0,0,0,0,0,0,0,0,0,0,0,0,0,0,0,0,0,0,0,0,0,0,0,0,0,0,0,0,0,0,0,0,0,0,0,0,0,0,4294967295,4294967295,4294967295,4294967295,4294967295,4294967295,4294967295,4294967295,4294967295,4294967295
637,0.100000001,69,69,1,64,1,63,0,63,1,67,4352,3606,746,746,0,1,3605,0,1,1,68,3802,3734,1,0,1,1,14,0,1048576,0,0,0,inf,0.694320679,0.79498291,inf,0,0,0,0,0,0,0,0,0,0,0,0,0,0,0,0,0,0,0,0,0,0,0,1,0,0,0,0,0,0,0,0,0,0,0,0,0,0,0,0,0,0,0,0,0,0,0,0,0,0,0,0,0,0,0,0,0,0,0,0,0,0,0,0,0,0,0,0,0,0,0,0,0,0,0,0,0,0,0,0,0,0,0,0,0,0,0,0,0,16,4294967295,4294967295,4294967295,4294967295,4294967295,4294967295,4294967295,4294967295,4294967295
638,0.100000001,69,69,1,64,0,64,0,64,0,68,4352,3122,1230,1230,0,1,3121,0,1,1,68,3318,3250,1,0,1,1,14,0,1048576,0,0,0,inf,0.926010132,1.05654907,inf,0,0,0,0,0,0,0,0,0,0,0,0,0,0,0,0,0,0,0,0,0,0,0,1,0,0,0,0,0,0,0,0,0,0,0,0,0,0,0,0,0,0,0,0,0,0,0,0,0,0,0,0,0,0,0,0,0,0,0,0,0,0,0,0,0,0,0,0,0,0,0,0,0,0,0,0,0,0,0,0,0,0,0,0,0,0,0,0,0,65,4294967295,4294967295,4294967295,4294967295,4294967295,4294967295,4294967295,4294967295,4294967295
639,0,69,69,1,64,0,64,0,64,0,68,4352,3563,789,789,0,0,3563,0,0,0,68,3759,3691,0,0,0,0,14,0,1048576,0,0,0,inf,0.718917847,0.814254761,inf,0,0,0,0,0,0,0,0,0,0,0,0,0,0,0,0,0,0,0,0,0,0,0,0,0,0,0,0,0,0,0,0,0,0,0,0,0,0,0,0,0,0,0,0,0,0,0,0,0,0,0,0,0,0,0,0,0,0,0,0,0,0,0,0,0,0,0,0,0,0,0,0,0,0,0,0,0,0,0,0,0,0,0,0,0,0,0,0,0,4294967295,4294967295,4294967295,4294967295,4294967295,4294967295,4294967295,4294967295,4294967295,4294967295
640,0,69,69,1,64,0,64,0,64,0,68,4352,2794,1558,1558,0,0,2794,0,0,0,68,2990,2922,0,0,0,0,14,0,1048576,0,0,0,inf,1.00428772,1.14845276,inf,0,0,0,0,0,0,0,0,0,0,0,0,0,0,0,0,0,0,0,0,0,0,0,0,0,0,0,0,0,0,0,0,0,0,0,0,0,0,0,0,0,0,0,0,0,0,0,0,0,0,0,0,0,0,0,0,0,0,0,0,0,0,0,0,0,0,0,0,0,0,0,0,0,0,0,0,0,0,0,0,0,0,0,0,0,0,0,0,0,4294967295,4294967295,4294967295,4294967295,4294967295,4294967295,4294967295,4294967295,4294967295,4294967295
641,0,69,69,1,64,0,64,0,64,0,68,4352,2874,1478,1478,0,0,2874,0,0,0,68,3070,3002,0,0,0,0,14,0,1048576,0,0,0,inf,1.06240845,1.22285461,inf,0,0,0,0,0,0,0,0,0,0,0,0,0,0,0,0,0,0,0,0,0,0,0,0,0,0,0,0,0,0,0,0,0,0,0,0,0,0,0,0,0,0,0,0,0,0,0,0,0,0,0,0,0,0,0,0,0,0,0,0,0,0,0,0,0,0,0,0,0,0,0,0,0,0,0,0,0,0,0,0,0,0,0,0,0,0,0,0,0,4294967295,4294967295,4294967295,4294967295,4294967295,4294967295,4294967295,4294967295,4294967295,4294967295
642,0.200000003,69,69,1,64,1,63,0,63,1,67,4352,3463,889,889,0,2,3461,0,2,2,68,3659,3591,2,0,17,2,14,0,1048576,0,0,0,inf,0.794784546,0.910232544,inf,0,0,0,0,0,0,0,0,0,0,0,0,0,0,0,0,0,0,0,0,0,0,0,17,0,0,0,0,0,0,0,0,0,0,0,0,0,0,0,0,0,0,0,0,0,0,0,0,0,0,0,0,0,0,0,0,0,0,0,0,0,0,0,0,0,0,0,0,0,0,0,0,0,0,0,0,0,0,0,0,0,0,0,0,0,0,0,0,0,21,4294967295,4294967295,4294967295,9,4294967295,4294967295,4294967295,4294967295,4294967295
643,1,69,69,1,64,4,60,2,60,2,66,4352,1892,2460,2460,0,19,1873,0,14,14,68,1202,2020,19,0,1023,10,14,0,1048576,0,0,0,inf,0.831771851,1.08927917,1.00732422,0,0,0,0,0,0,0,0,0,0,0,0,0,0,0,0,0,0,0,0,0,0,0,1023,0,0,0,0,0,0,0,0,0,0,0,0,0,0,0,0,0,0,0,0,0,0,0,0,0,0,0,0,0,0,0,0,0,0,0,0,0,0,0,0,0,0,0,0,0,0,0,0,0,0,0,0,0,0,0,0,0,0,0,0,0,0,0,0,0,6,5,39,7,49,7,7,7,7,22
644,0,69,69,1,64,0,64,0,64,0,68,4352,3195,1157,1157,0,0,3195,0,0,0,68,3391,3323,0,0,0,0,14,0,1048576,0,0,0,inf,0.862106323,0.992156982,inf,0,0,0,0,0,0,0,0,0,0,0,0,0,0,0,0,0,0,0,0,0,0,0,0,0,0,0,0,0,0,0,0,0,0,0,0,0,0,0,0,0,0,0,0,0,0,0,0,0,0,0,0,0,0,0,0,0,0,0,0,0,0,0,0,0,0,0,0,0,0,0,0,0,0,0,0,0,0,0,0,0,0,0,0,0,0,0,0,0,4294967295,4294967295,4294967295,4294967295,4294967295,4294967295,4294967295,4294967295,4294967295,4294967295
645,0,69,69,1,64,0,64,0,64,0,68,4352,2836,1516,1516,0,0,2836,0,0,0,68,3032,2964,0,0,0,0,14,0,1048576,0,0,0,inf,0.561721802,0.626708984,inf,0,0,0,0,0,0,0,0,0,0,0,0,0,0,0,0,0,0,0,0,0,0,0,0,0,0,0,0,0,0,0,0,0,0,0,0,0,0,0,0,0,0,0,0,0,0,0,0,0,0,0,0,0,0,0,0,0,0,0,0,0,0,0,0,0,0,0,0,0,0,0,0,0,0,0,0,0,0,0,0,0,0,0,0,0,0,0,0,0,4294967295,4294967295,4294967295,4294967295,4294967295,4294967295,4294967295,4294967295,4294967295,4294967295
646,0.100000001,69,69,1,64,0,64,0,64,0,68,4352,3500,852,852,0,1,3499,0,1,1,68,3696,3628,1,0,2,1,14,0,1048576,0,0,0,inf,0.822982788,0.910629272,inf,0,0,0,0,0,0,0,0,0,0,0,0,0,0,0,0,0,0,0,0,0,0,0,2,0,0,0,0,0,0,0,0,0,0,0,0,0,0,0,0,0,0,0,0,0,0,0,0,0,0,0,0,0,0,0,0,0,0,0,0,0,0,0,0,0,0,0,0,0,0,0,0,0,0,0,0,0,0,0,0,0,0,0,0,0,0,0,0,0,4294967295,15,4294967295,4294967295,4294967295,4294967295,4294967295,4294967295,4294967295,4294967295
647,0.200000003,69,69,1,64,0,64,0,64,0,68,4352,3846,506,506,0,2,3844,0,2,2,68,4042,3974,2,0,33,2,14,0,1048576,0,0,0,inf,0.732635498,0.767425537,inf,0,0,0,0,0,0,0,0,0,0,0,0,0,0,0,0,0,0,0,0,0,0,0,33,0,0,0,0,0,0,0,0,0,0,0,0,0,0,0,0,0,0,0,0,0,0,0,0,0,0,0,0,0,0,0,0,0,0,0,0,0,0,0,0,0,0,0,0,0,0,0,0,0,0,0,0,0,0,0,0,0,0,0,0,0,0,0,0,0,19,4294967295,4294967295,4294967295,4294967295,48,4294967295,4294967295,4294967295,4294967295
648,0,69,69,1,64,0,64,0,64,0,68,4352,2463,1889,1889,0,0,2463,0,0,0,68,2659,2591,0,0,0,0,14,0,1048576,0,0,0,inf,0.349533081,0.416442871,inf,0,0,0,0,0,0,0,0,0,0,0,0,0,0,0,0,0,0,0,0,0,0,0,0,0,0,0,0,0,0,0,0,0,0,0,0,0,0,0,0,0,0,0,0,0,0,0,0,0,0,0,0,0,0,0,0,0,0,0,0,0,0,0,0,0,0,0,0,0,0,0,0,0,0,0,0,0,0,0,0,0,0,0,0,0,0,0,0,0,4294967295,4294967295,4294967295,4294967295,4294967295,4294967295,4294967295,4294967295,4294967295,4294967295
649,0,69,69,1,64,0,64,0,64,0,68,4352,3664,688,688,0,0,3664,0,0,0,68,3860,3792,0,0,0,0,14,0,1048576,0,0,0,inf,0.903549194,1.02305603,inf,0,0,0,0,0,0,0,0,0,0,0,0,0,0,0,0,0,0,0,0,0,0,0,0,0,0,0,0,0,0,0,0,0,0,0,0,0,0,0,0,0,0,0,0,0,0,0,0,0,0,0,0,0,0,0,0,0,0,0,0,0,0,0,0,0,0,0,0,0,0,0,0,0,0,0,0,0,0,0,0,0,0,0,0,0,0,0,0,0,4294967295,4294967295,4294967295,4294967295,4294967295,4294967295,4294967295,4294967295,4294967295,4294967295
650,0.300000012,69,69,1,64,1,63,0,63,1,67,4352,3689,663,663,0,6,3683,0,6,6,68,3885,3817,6,0,11,6,14,0,1048576,0,0,0,inf,0.876251221,1.01190186,inf,0,0,0,0,0,0,0,0,0,0,0,0,0,0,0,0,0,0,0,0,0,0,0,11,0,0,0,0,0,0,0,0,0,0,0,0,0,0,0,0,0,0,0,0,0,0,0,0,0,0,0,0,0,0,0,0,0,0,0,0,0,0,0,0,0,0,0,0,0,0,0,0,0,0,0,0,0,0,0,0,0,0,0,0,0,0,0,0,0,10,13,4294967295,23,4294967295,4294967295,4294967295,4294967295,4294967295,4294967295
651,0.100000001,69,69,1,64,1,63,1,63,0,68,4352,3325,1027,1027,0,1,3324,0,1,1,68,3521,3453,1,0,1,1,14,0,1048576,0,0,0,inf,1.05249023,1.19758606,inf,0,0,0,0,0,0,0,0,0,0,0,0,0,0,0,0,0,0,0,0,0,0,0,1,0,0,0,0,0,0,0,0,0,0,0,0,0,0,0,0,0,0,0,0,0,0,0,0,0,0,0,0,0,0,0,0,0,0,0,0,0,0,0,0,0,0,0,0,0,0,0,0,0,0,0,0,0,0,0,0,0,0,0,0,0,0,0,0,0,63,4294967295,4294967295,4294967295,4294967295,4294967295,4294967295,4294967295,4294967295,4294967295
652,0,69,69,1,64,0,64,0,64,0,68,4352,2341,2011,2011,0,0,2341,0,0,0,68,2537,2469,0,0,0,0,14,0,1048576,0,0,0,inf,0.995849609,1.24969482,inf,0,0,0,0,0,0,0,0,0,0,0,0,0,0,0,0,0,0,0,0,0,0,0,0,0,0,0,0,0,0,0,0,0,0,0,0,0,0,0,0,0,0,0,0,0,0,0,0,0,0,0,0,0,0,0,0,0,0,0,0,0,0,0,0,0,0,0,0,0,0,0,0,0,0,0,0,0,0,0,0,0,0,0,0,0,0,0,0,0,4294967295,4294967295,4294967295,4294967295,4294967295,4294967295,4294967295,4294967295,4294967295,4294967295
653,0,69,69,1,64,0,64,0,64,0,68,4352,2091,2261,2261,0,0,2091,0,0,0,68,2287,2219,0,0,0,0,14,0,1048576,0,0,0,inf,0.763381958,1.09220886,inf,0,0,0,0,0,0,0,0,0,0,0,0,0,0,0,0,0,0,0,0,0,0,0,0,0,0,0,0,0,0,0,0,0,0,0,0,0,0,0,0,0,0,0,0,0,0,0,0,0,0,0,0,0,0,0,0,0,0,0,0,0,0,0,0,0,0,0,0,0,0,0,0,0,0,0,0,0,0,0,0,0,0,0,0,0,0,0,0,0,4294967295,4294967295,4294967295,4294967295,4294967295,4294967295,4294967295,4294967295,4294967295,4294967295
654,1,69,69,1,64,4,60,1,60,3,65,4352,2370,1982,1982,0,23,2347,0,14,14,68,1417,2498,23,0,1023,10,14,0,1048576,0,0,0,inf,0.604019165,0.78968811,0.771514893,0,0,0,0,0,0,0,0,0,0,0,0,0,0,0,0,0,0,0,0,0,0,0,1023,0,0,0,0,0,0,0,0,0,0,0,0,0,0,0,0,0,0,0,0,0,0,0,0,0,0,0,0,0,0,0,0,0,0,0,0,0,0,0,0,0,0,0,0,0,0,0,0,0,0,0,0,0,0,0,0,0,0,0,0,0,0,0,0,0,9,11,11,10,12,9,17,20,19,24
655,0,69,69,1,64,0,64,0,64,0,68,4352,3664,688,688,0,0,3664,0,0,0,68,3860,3792,0,0,0,0,14,0,1048576,0,0,0,inf,1.00521851,1.08496094,inf,0,0,0,0,0,0,0,0,0,0,0,0,0,0,0,0,0,0,0,0,0,0,0,0,0,0,0,0,0,0,0,0,0,0,0,0,0,0,0,0,0,0,0,0,0,0,0,0,0,0,0,0,0,0,0,0,0,0,0,0,0,0,0,0,0,0,0,0,0,0,0,0,0,0,0,0,0,0,0,0,0,0,0,0,0,0,0,0,0,4294967295,4294967295,4294967295,4294967295,4294967295,4294967295,4294967295,4294967295,4294967295,4294967295
656,0.100000001,69,69,1,64,1,63,0,63,1,67,4352,2286,2066,2066,0,1,2285,0,1,1,68,2482,2414,1,0,1,1,14,0,1048576,0,0,0,inf,0.635009766,0.822845459,inf,0,0,0,0,0,0,0,0,0,0,0,0,0,0,0,0,0,0,0,0,0,0,0,1,0,0,0,0,0,0,0,0,0,0,0,0,0,0,0,0,0,0,0,0,0,0,0,0,0,0,0,0,0,0,0,0,0,0,0,0,0,0,0,0,0,0,0,0,0,0,0,0,0,0,0,0,0,0,0,0,0,0,0,0,0,0,0,0,0,8,4294967295,4294967295,4294967295,4294967295,4294967295,4294967295,4294967295,4294967295,4294967295
657,0.800000012,69,69,1,64,5,59,0,59,5,63,4352,3452,900,900,0,19,3433,0,13,13,68,1307,3580,19,0,479,10,14,0,1048576,0,0,0,inf,1.02322388,1.12440491,1.20758057,0,0,0,0,0,0,0,0,0,0,0,0,0,0,0,0,0,0,0,0,0,0,0,479,0,0,0,0,0,0,0,0,0,0,0,0,0,0,0,0,0,0,0,0,0,0,0,0,0,0,0,0,0,0,0,0,0,0,0,0,0,0,0,0,0,0,0,0,0,0,0,0,0,0,0,0,0,0,0,0,0,0,0,0,0,0,0,0,0,4,6,5,5,19,4294967295,5,19,6,4294967295
658,0.200000003,69,69,1,64,0,64,0,64,0,68,4352,2985,1367,1367,0,2,2983,0,2,2,68,3181,3113,2,0,5,2,14,0,1048576,0,0,0,inf,0.752349854,0.862930298,inf,0,0,0,0,0,0,0,0,0,0,0,0,0,0,0,0,0,0,0,0,0,0,0,5,0,0,0,0,0,0,0,0,0,0,0,0,0,0,0,0,0,0,0,0,0,0,0,0,0,0,0,0,0,0,0,0,0,0,0,0,0,0,0,0,0,0,0,0,0,0,0,0,0,0,0,0,0,0,0,0,0,0,0,0,0,0,0,0,0,49,4294967295,25,4294967295,4294967295,4294967295,4294967295,4294967295,4294967295,4294967295
659,0,69,69,1,64,0,64,0,64,0,68,4352,3715,637,637,0,0,3715,0,0,0,68,3911,3843,0,0,0,0,14,0,1048576,0,0,0,inf,0.804290771,0.857254028,inf,0,0,0,0,0,0,0,0,0,0,0,0,0,0,0,0,0,0,0,0,0,0,0,0,0,0,0,0,0,0,0,0,0,0,0,0,0,0,0,0,0,0,0,0,0,0,0,0,0,0,0,0,0,0,0,0,0,0,0,0,0,0,0,0,0,0,0,0,0,0,0,0,0,0,0,0,0,0,0,0,0,0,0,0,0,0,0,0,0,4294967295,4294967295,4294967295,4294967295,4294967295,4294967295,4294967295,4294967295,4294967295,4294967295
660,1,69,69,1,64,52,12,8,12,44,24,4352,1752,2600,2600,0,260,1492,0,44,32,68,417,1880,260,0,1023,10,14,0,1048576,0,0,0,inf,0.555801392,0.776977539,0.478561401,0,0,0,0,0,0,0,0,0,0,0,0,0,0,0,0,0,0,0,0,0,0,0,1023,0,0,0,0,0,0,0,0,0,0,0,0,0,0,0,0,0,0,0,0,0,0,0,0,0,0,0,0,0,0,0,0,0,0,0,0,0,0,0,0,0,0,0,0,0,0,0,0,0,0,0,0,0,0,0,0,0,0,0,0,0,0,0,0,0,4,7,9,9,6,3,7,3,3,3
661,0,69,69,1,64,0,64,0,64,0,68,4352,2426,1926,1926,0,0,2426,0,0,0,68,2622,2554,0,0,0,0,14,0,1048576,0,0,0,inf,0.830215454,1.00932312,inf,0,0,0,0,0,0,0,0,0,0,0,0,0,0,0,0,0,0,0,0,0,0,0,0,0,0,0,0,0,0,0,0,0,0,0,0,0,0,0,0,0,0,0,0,0,0,0,0,0,0,0,0,0,0,0,0,0,0,0,0,0,0,0,0,0,0,0,0,0,0,0,0,0,0,0,0,0,0,0,0,0,0,0,0,0,0,0,0,0,4294967295,4294967295,4294967295,4294967295,4294967295,4294967295,4294967295,4294967295,4294967295,4294967295
662,1,69,69,1,64,10,54,1,54,9,59,4352,2399,1953,1953,0,47,2352,0,21,19,68,607,2527,47,0,1023,10,14,0,1048576,0,0,0,inf,0.41242981,0.52923584,0.412948608,0,0,0,0,0,0,0,0,0,0,0,0,0,0,0,0,0,0,0,0,0,0,0,1023,0,0,0,0,0,0,0,0,0,0,0,0,0,0,0,0,0,0,0,0,0,0,0,0,0,0,0,0,0,0,0,0,0,0,0,0,0,0,0,0,0,0,0,0,0,0,0,0,0,0,0,0,0,0,0,0,0,0,0,0,0,0,0,0,0,3,4,8,5,4,10,4,14,2,31
663,1,69,69,1,64,8,56,2,56,6,62,4352,2741,1611,1611,0,34,2707,0,19,17,68,1300,2869,34,0,1023,10,14,0,1048576,0,0,0,inf,0.923126221,1.05888367,1.00538635,0,0,0,0,0,0,0,0,0,0,0,0,0,0,0,0,0,0,0,0,0,0,0,1023,0,0,0,0,0,0,0,0,0,0,0,0,0,0,0,0,0,0,0,0,0,0,0,0,0,0,0,0,0,0,0,0,0,0,0,0,0,0,0,0,0,0,0,0,0,0,0,0,0,0,0,0,0,0,0,0,0,0,0,0,0,0,0,0,0,6,6,8,9,8,8,29,34,15,49
664,0,69,69,1,64,0,64,0,64,0,68,4352,2886,1466,1466,0,0,2886,0,0,0,68,3082,3014,0,0,0,0,14,0,1048576,0,0,0,inf,0.746109009,0.903869629,inf,0,0,0,0,0,0,0,0,0,0,0,0,0,0,0,0,0,0,0,0,0,0,0,0,0,0,0,0,0,0,0,0,0,0,0,0,0,0,0,0,0,0,0,0,0,0,0,0,0,0,0,0,0,0,0,0,0,0,0,0,0,0,0,0,0,0,0,0,0,0,0,0,0,0,0,0,0,0,0,0,0,0,0,0,0,0,0,0,0,4294967295,4294967295,4294967295,4294967295,4294967295,4294967295,4294967295,4294967295,4294967295,4294967295
665,0,69,69,1,64,0,64,0,64,0,68,4352,2711,1641,1641,0,0,2711,0,0,0,68,2907,2839,0,0,0,0,14,0,1048576,0,0,0,inf,0.422851562,0.523666382,inf,0,0,0,0,0,0,0,0,0,0,0,0,0,0,0,0,0,0,0,0,0,0,0,0,0,0,0,0,0,0,0,0,0,0,0,0,0,0,0,0,0,0,0,0,0,0,0,0,0,0,0,0,0,0,0,0,0,0,0,0,0,0,0,0,0,0,0,0,0,0,0,0,0,0,0,0,0,0,0,0,0,0,0,0,0,0,0,0,0,4294967295,4294967295,4294967295,4294967295,4294967295,4294967295,4294967295,4294967295,4294967295,4294967295
666,0.100000001,69,69,1,64,1,63,1,63,0,68,4352,2822,1530,1530,0,1,2821,0,1,1,68,3018,2950,1,0,1,1,14,0,1048576,0,0,0,inf,0.537490845,0.669265747,inf,0,0,0,0,0,0,0,0,0,0,0,0,0,0,0,0,0,0,0,0,0,0,0,1,0,0,0,0,0,0,0,0,0,0,0,0,0,0,0,0,0,0,0,0,0,0,0,0,0,0,0,0,0,0,0,0,0,0,0,0,0,0,0,0,0,0,0,0,0,0,0,0,0,0,0,0,0,0,0,0,0,0,0,0,0,0,0,0,0,27,4294967295,4294967295,4294967295,4294967295,4294967295,4294967295,4294967295,4294967295,4294967295
667,0,69,69,1,64,0,64,0,64,0,68,4352,3477,875,875,0,0,3477,0,0,0,68,3673,3605,0,0,0,0,14,0,1048576,0,0,0,inf,0.933959961,1.01472473,inf,0,0,0,0,0,0,0,0,0,0,0,0,0,0,0,0,0,0,0,0,0,0,0,0,0,0,0,0,0,0,0,0,0,0,0,0,0,0,0,0,0,0,0,0,0,0,0,0,0,0,0,0,0,0,0,0,0,0,0,0,0,0,0,0,0,0,0,0,0,0,0,0,0,0,0,0,0,0,0,0,0,0,0,0,0,0,0,0,0,4294967295,4294967295,4294967295,4294967295,4294967295,4294967295,4294967295,4294967295,4294967295,4294967295
668,0.200000003,69,69,1,64,0,64,0,64,0,68,4352,2721,1631,1631,0,2,2719,0,2,2,68,2917,2849,2,0,3,2,14,0,1048576,0,0,0,inf,0.683822632,0.798248291,inf,0,0,0,0,0,0,0,0,0,0,0,0,0,0,0,0,0,0,0,0,0,0,0,3,0,0,0,0,0,0,0,0,0,0,0,0,0,0,0,0,0,0,0,0,0,0,0,0,0,0,0,0,0,0,0,0,0,0,0,0,0,0,0,0,0,0,0,0,0,0,0,0,0,0,0,0,0,0,0,0,0,0,0,0,0,0,0,0,0,20,20,4294967295,4294967295,4294967295,4294967295,4294967295,4294967295,4294967295,4294967295
669,0.100000001,69,69,1,64,0,64,0,64,0,68,4352,2541,1811,1811,0,1,2540,0,1,1,68,2737,2669,1,0,1,1,14,0,1048576,0,0,0,inf,0.620071411,0.802062988,inf,0,0,0,0,0,0,0,0,0,0,0,0,0,0,0,0,0,0,0,0,0,0,0,1,0,0,0,0,0,0,0,0,0,0,0,0,0,0,0,0,0,0,0,0,0,0,0,0,0,0,0,0,0,0,0,0,0,0,0,0,0,0,0,0,0,0,0,0,0,0,0,0,0,0,0,0,0,0,0,0,0,0,0,0,0,0,0,0,0,38,4294967295,4294967295,4294967295,4294967295,4294967295,4294967295,4294967295,4294967295,4294967295
670,0,69,69,1,64,0,64,0,64,0,68,4352,3716,636,636,0,0,3716,0,0,0,68,3912,3844,0,0,0,0,14,0,1048576,0,0,0,inf,0.790817261,0.903945923,inf,0,0,0,0,0,0,0,0,0,0,0,0,0,0,0,0,0,0,0,0,0,0,0,0,0,0,0,0,0,0,0,0,0,0,0,0,0,0,0,0,0,0,0,0,0,0,0,0,0,0,0,0,0,0,0,0,0,0,0,0,0,0,0,0,0,0,0,0,0,0,0,0,0,0,0,0,0,0,0,0,0,0,0,0,0,0,0,0,0,4294967295,4294967295,4294967295,4294967295,4294967295,4294967295,4294967295,4294967295,4294967295,4294967295
671,0.200000003,69,69,1,64,1,63,0,63,1,67,4352,1961,2391,2391,0,2,1959,0,2,2,68,2157,2089,2,0,3,2,14,0,1048576,0,0,0,inf,0.177520752,0.280014038,inf,0,0,0,0,0,0,0,0,0,0,0,0,0,0,0,0,0,0,0,0,0,0,0,3,0,0,0,0,0,0,0,0,0,0,0,0,0,0,0,0,0,0,0,0,0,0,0,0,0,0,0,0,0,0,0,0,0,0,0,0,0,0,0,0,0,0,0,0,0,0,0,0,0,0,0,0,0,0,0,0,0,0,0,0,0,0,0,0,0,4,29,4294967295,4294967295,4294967295,4294967295,4294967295,4294967295,4294967295,4294967295
672,0.899999976,69,69,1,64,6,58,1,58,5,63,4352,2516,1836,1836,0,24,2492,0,15,15,68,1194,2644,24,0,511,10,14,0,1048576,0,0,0,inf,0.666412354,0.771362305,0.849258423,0,0,0,0,0,0,0,0,0,0,0,0,0,0,0,0,0,0,0,0,0,0,0,511,0,0,0,0,0,0,0,0,0,0,0,0,0,0,0,0,0,0,0,0,0,0,0,0,0,0,0,0,0,0,0,0,0,0,0,0,0,0,0,0,0,0,0,0,0,0,0,0,0,0,0,0,0,0,0,0,0,0,0,0,0,0,0,0,0,3,4,4,4,8,4,4,7,16,4294967295
673,0.100000001,69,69,1,64,0,64,0,64,0,68,4352,2391,1961,1961,0,1,2390,0,1,1,68,2587,2519,1,0,16,1,14,0,1048576,0,0,0,inf,0.909881592,1.09475708,inf,0,0,0,0,0,0,0,0,0,0,0,0,0,0,0,0,0,0,0,0,0,0,0,16,0,0,0,0,0,0,0,0,0,0,0,0,0,0,0,0,0,0,0,0,0,0,0,0,0,0,0,0,0,0,0,0,0,0,0,0,0,0,0,0,0,0,0,0,0,0,0,0,0,0,0,0,0,0,0,0,0,0,0,0,0,0,0,0,0,4294967295,4294967295,4294967295,4294967295,18,4294967295,4294967295,4294967295,4294967295,4294967295
674,0.100000001,69,69,1,64,0,64,0,64,0,68,4352,2964,1388,1388,0,1,2963,0,1,1,68,3160,3092,1,0,1,1,14,0,1048576,0,0,0,inf,0.957229614,1.09077454,inf,0,0,0,0,0,0,0,0,0,0,0,0,0,0,0,0,0,0,0,0,0,0,0,1,0,0,0,0,0,0,0,0,0,0,0,0,0,0,0,0,0,0,0,0,0,0,0,0,0,0,0,0,0,0,0,0,0,0,0,0,0,0,0,0,0,0,0,0,0,0,0,0,0,0,0,0,0,0,0,0,0,0,0,0,0,0,0,0,0,22,4294967295,4294967295,4294967295,4294967295,4294967295,4294967295,4294967295,4294967295,4294967295
675,0,69,69,1,64,0,64,0,64,0,68,4352,3216,1136,1136,0,0,3216,0,0,0,68,3412,3344,0,0,0,0,14,0,1048576,0,0,0,inf,0.629104614,0.714050293,inf,0,0,0,0,0,0,0,0,0,0,0,0,0,0,0,0,0,0,0,0,0,0,0,0,0,0,0,0,0,0,0,0,0,0,0,0,0,0,0,0,0,0,0,0,0,0,0,0,0,0,0,0,0,0,0,0,0,0,0,0,0,0,0,0,0,0,0,0,0,0,0,0,0,0,0,0,0,0,0,0,0,0,0,0,0,0,0,0,0,4294967295,4294967295,4294967295,4294967295,4294967295,4294967295,4294967295,4294967295,4294967295,4294967295
676,0.200000003,69,69,1,64,1,63,0,63,1,67,4352,3013,1339,1339,0,2,3011,0,2,2,68,3209,3141,2,0,3,2,14,0,1048576,0,0,0,inf,0.992767334,1.11987305,inf,0,0,0,0,0,0,0,0,0,0,0,0,0,0,0,0,0,0,0,0,0,0,0,3,0,0,0,0,0,0,0,0,0,0,0,0,0,0,0,0,0,0,0,0,0,0,0,0,0,0,0,0,0,0,0,0,0,0,0,0,0,0,0,0,0,0,0,0,0,0,0,0,0,0,0,0,0,0,0,0,0,0,0,0,0,0,0,0,0,12,35,4294967295,4294967295,4294967295,4294967295,4294967295,4294967295,4294967295,4294967295
677,0.699999988,69,69,1,64,1,63,1,63,0,68,4352,3152,1200,1200,0,22,3130,0,17,16,68,2132,3280,22,0,956,10,14,0,1048576,0,0,0,inf,0.932373047,1.06121826,1.11378479,0,0,0,0,0,0,0,0,0,0,0,0,0,0,0,0,0,0,0,0,0,0,0,956,0,0,0,0,0,0,0,0,0,0,0,0,0,0,0,0,0,0,0,0,0,0,0,0,0,0,0,0,0,0,0,0,0,0,0,0,0,0,0,0,0,0,0,0,0,0,0,0,0,0,0,0,0,0,0,0,0,0,0,0,0,0,0,0,0,4294967295,4294967295,22,60,12,23,4294967295,44,23,43
678,0.400000006,69,69,1,64,2,62,1,62,1,67,4352,3337,1015,1015,0,16,3321,0,12,11,68,2793,3465,16,0,139,10,14,0,1048576,0,0,0,inf,0.932174683,1.03253174,1.3061676,0,0,0,0,0,0,0,0,0,0,0,0,0,0,0,0,0,0,0,0,0,0,0,139,0,0,0,0,0,0,0,0,0,0,0,0,0,0,0,0,0,0,0,0,0,0,0,0,0,0,0,0,0,0,0,0,0,0,0,0,0,0,0,0,0,0,0,0,0,0,0,0,0,0,0,0,0,0,0,0,0,0,0,0,0,0,0,0,0,8,12,4294967295,32,4294967295,4294967295,4294967295,8,4294967295,4294967295
679,1,69,69,1,64,7,57,1,57,6,62,4352,2898,1454,1454,0,55,2843,0,27,20,68,742,3026,55,0,1023,10,14,0,1048576,0,0,0,inf,0.637039185,0.751419067,0.69770813,0,0,0,0,0,0,0,0,0,0,0,0,0,0,0,0,0,0,0,0,0,0,0,1023,0,0,0,0,0,0,0,0,0,0,0,0,0,0,0,0,0,0,0,0,0,0,0,0,0,0,0,0,0,0,0,0,0,0,0,0,0,0,0,0,0,0,0,0,0,0,0,0,0,0,0,0,0,0,0,0,0,0,0,0,0,0,0,0,0,4,3,7,5,4,4,15,12,7,11
680,0.400000006,69,69,1,64,0,64,0,64,0,68,4352,3720,632,632,0,4,3716,0,4,4,68,3916,3848,4,0,547,4,14,0,1048576,0,0,0,inf,0.920669556,1.02384949,inf,0,0,0,0,0,0,0,0,0,0,0,0,0,0,0,0,0,0,0,0,0,0,0,547,0,0,0,0,0,0,0,0,0,0,0,0,0,0,0,0,0,0,0,0,0,0,0,0,0,0,0,0,0,0,0,0,0,0,0,0,0,0,0,0,0,0,0,0,0,0,0,0,0,0,0,0,0,0,0,0,0,0,0,0,0,0,0,0,0,45,45,4294967295,4294967295,4294967295,10,4294967295,4294967295,4294967295,21
681,0,69,69,1,64,0,64,0,64,0,68,4352,3532,820,820,0,0,3532,0,0,0,68,3728,3660,0,0,0,0,14,0,1048576,0,0,0,inf,0.965393066,1.04922485,inf,0,0,0,0,0,0,0,0,0,0,0,0,0,0,0,0,0,0,0,0,0,0,0,0,0,0,0,0,0,0,0,0,0,0,0,0,0,0,0,0,0,0,0,0,0,0,0,0,0,0,0,0,0,0,0,0,0,0,0,0,0,0,0,0,0,0,0,0,0,0,0,0,0,0,0,0,0,0,0,0,0,0,0,0,0,0,0,0,0,4294967295,4294967295,4294967295,4294967295,4294967295,4294967295,4294967295,4294967295,4294967295,4294967295
682,0.200000003,69,69,1,64,1,63,1,63,0,68,4352,2993,1359,1359,0,3,2990,0,3,3,68,3189,3121,3,0,3,3,14,0,1048576,0,0,0,inf,0.899398804,1.01557922,inf,0,0,0,0,0,0,0,0,0,0,0,0,0,0,0,0,0,0,0,0,0,0,0,3,0,0,0,0,0,0,0,0,0,0,0,0,0,0,0,0,0,0,0,0,0,0,0,0,0,0,0,0,0,0,0,0,0,0,0,0,0,0,0,0,0,0,0,0,0,0,0,0,0,0,0,0,0,0,0,0,0,0,0,0,0,0,0,0,0,67,32,4294967295,4294967295,4294967295,4294967295,4294967295,4294967295,4294967295,4294967295
683,0,69,69,1,64,0,64,0,64,0,68,4352,1982,2370,2370,0,0,1982,0,0,0,68,2178,2110,0,0,0,0,14,0,1048576,0,0,0,inf,0.359283447,0.451095581,inf,0,0,0,0,0,0,0,0,0,0,0,0,0,0,0,0,0,0,0,0,0,0,0,0,0,0,0,0,0,0,0,0,0,0,0,0,0,0,0,0,0,0,0,0,0,0,0,0,0,0,0,0,0,0,0,0,0,0,0,0,0,0,0,0,0,0,0,0,0,0,0,0,0,0,0,0,0,0,0,0,0,0,0,0,0,0,0,0,0,4294967295,4294967295,4294967295,4294967295,4294967295,4294967295,4294967295,4294967295,4294967295,4294967295
684,0,69,69,1,64,0,64,0,64,0,68,4352,2052,2300,2300,0,0,2052,0,0,0,68,2248,2180,0,0,0,0,14,0,1048576,0,0,0,inf,0.604141235,0.823074341,inf,0,0,0,0,0,0,0,0,0,0,0,0,0,0,0,0,0,0,0,0,0,0,0,0,0,0,0,0,0,0,0,0,0,0,0,0,0,0,0,0,0,0,0,0,0,0,0,0,0,0,0,0,0,0,0,0,0,0,0,0,0,0,0,0,0,0,0,0,0,0,0,0,0,0,0,0,0,0,0,0,0,0,0,0,0,0,0,0,0,4294967295,4294967295,4294967295,4294967295,4294967295,4294967295,4294967295,4294967295,4294967295,4294967295
685,1,69,69,1,64,15,49,3,49,12,56,4352,3252,1100,1100,0,63,3189,0,21,18,68,561,3380,63,0,1023,10,14,0,1048576,0,0,0,inf,0.801361084,0.966171265,0.759109497,0,0,0,0,0,0,0,0,0,0,0,0,0,0,0,0,0,0,0,0,0,0,0,1023,0,0,0,0,0,0,0,0,0,0,0,0,0,0,0,0,0,0,0,0,0,0,0,0,0,0,0,0,0,0,0,0,0,0,0,0,0,0,0,0,0,0,0,0,0,0,0,0,0,0,0,0,0,0,0,0,0,0,0,0,0,0,0,0,0,4,4,3,6,6,4,18,5,4,4
686,1,69,69,1,64,49,15,11,15,38,30,4352,1921,2431,2431,0,353,1568,0,49,32,68,495,2049,353,0,1023,10,14,0,1048576,0,0,0,inf,0.541931152,0.647796631,0.452819824,0,0,0,0,0,0,0,0,0,0,0,0,0,0,0,0,0,0,0,0,0,0,0,1023,0,0,0,0,0,0,0,0,0,0,0,0,0,0,0,0,0,0,0,0,0,0,0,0,0,0,0,0,0,0,0,0,0,0,0,0,0,0,0,0,0,0,0,0,0,0,0,0,0,0,0,0,0,0,0,0,0,0,0,0,0,0,0,0,0,7,4,6,7,9,9,10,3,7,4
687,0,69,69,1,64,0,64,0,64,0,68,4352,3131,1221,1221,0,0,3131,0,0,0,68,3327,3259,0,0,0,0,14,0,1048576,0,0,0,inf,0.589004517,0.744400024,inf,0,0,0,0,0,0,0,0,0,0,0,0,0,0,0,0,0,0,0,0,0,0,0,0,0,0,0,0,0,0,0,0,0,0,0,0,0,0,0,0,0,0,0,0,0,0,0,0,0,0,0,0,0,0,0,0,0,0,0,0,0,0,0,0,0,0,0,0,0,0,0,0,0,0,0,0,0,0,0,0,0,0,0,0,0,0,0,0,0,4294967295,4294967295,4294967295,4294967295,4294967295,4294967295,4294967295,4294967295,4294967295,4294967295
688,0,69,69,1,64,0,64,0,64,0,68,4352,2082,2270,2270,0,0,2082,0,0,0,68,2278,2210,0,0,0,0,14,0,1048576,0,0,0,inf,0.407836914,0.589355469,inf,0,0,0,0,0,0,0,0,0,0,0,0,0,0,0,0,0,0,0,0,0,0,0,0,0,0,0,0,0,0,0,0,0,0,0,0,0,0,0,0,0,0,0,0,0,0,0,0,0,0,0,0,0,0,0,0,0,0,0,0,0,0,0,0,0,0,0,0,0,0,0,0,0,0,0,0,0,0,0,0,0,0,0,0,0,0,0,0,0,4294967295,4294967295,4294967295,4294967295,4294967295,4294967295,4294967295,4294967295,4294967295,4294967295
689,0.899999976,69,69,1,64,4,60,2,60,2,66,4352,2347,2005,2005,0,20,2327,0,16,16,68,1739,2475,20,0,1019,10,14,0,1048576,0,0,0,inf,0.558609009,0.662322998,0.723617554,0,0,0,0,0,0,0,0,0,0,0,0,0,0,0,0,0,0,0,0,0,0,0,1019,0,0,0,0,0,0,0,0,0,0,0,0,0,0,0,0,0,0,0,0,0,0,0,0,0,0,0,0,0,0,0,0,0,0,0,0,0,0,0,0,0,0,0,0,0,0,0,0,0,0,0,0,0,0,0,0,0,0,0,0,0,0,0,0,0,6,9,4294967295,37,41,19,16,9,51,10
690,0.5,69,69,1,64,1,63,0,63,1,67,4352,3196,1156,1156,0,11,3185,0,11,11,68,3383,3324,11,0,79,10,14,0,1048576,0,0,0,inf,0.744445801,0.825408936,1.22172546,0,0,0,0,0,0,0,0,0,0,0,0,0,0,0,0,0,0,0,0,0,0,0,79,0,0,0,0,0,0,0,0,0,0,0,0,0,0,0,0,0,0,0,0,0,0,0,0,0,0,0,0,0,0,0,0,0,0,0,0,0,0,0,0,0,0,0,0,0,0,0,0,0,0,0,0,0,0,0,0,0,0,0,0,0,0,0,0,0,65,28,66,13,4294967295,4294967295,22,4294967295,4294967295,4294967295
691,0.400000006,69,69,1,64,0,64,0,64,0,68,4352,3245,1107,1107,0,4,3241,0,4,4,68,3441,3373,4,0,23,4,14,0,1048576,0,0,0,inf,0.854232788,1.0249176,inf,0,0,0,0,0,0,0,0,0,0,0,0,0,0,0,0,0,0,0,0,0,0,0,23,0,0,0,0,0,0,0,0,0,0,0,0,0,0,0,0,0,0,0,0,0,0,0,0,0,0,0,0,0,0,0,0,0,0,0,0,0,0,0,0,0,0,0,0,0,0,0,0,0,0,0,0,0,0,0,0,0,0,0,0,0,0,0,0,0,23,20,30,4294967295,15,4294967295,4294967295,4294967295,4294967295,4294967295
692,0.200000003,69,69,1,64,0,64,0,64,0,68,4352,2567,1785,1785,0,2,2565,0,2,2,68,2763,2695,2,0,3,2,14,0,1048576,0,0,0,inf,0.682525635,0.799682617,inf,0,0,0,0,0,0,0,0,0,0,0,0,0,0,0,0,0,0,0,0,0,0,0,3,0,0,0,0,0,0,0,0,0,0,0,0,0,0,0,0,0,0,0,0,0,0,0,0,0,0,0,0,0,0,0,0,0,0,0,0,0,0,0,0,0,0,0,0,0,0,0,0,0,0,0,0,0,0,0,0,0,0,0,0,0,0,0,0,0,5,5,4294967295,4294967295,4294967295,4294967295,4294967295,4294967295,4294967295,4294967295
693,0.100000001,69,69,1,64,1,63,0,63,1,67,4352,3477,875,875,0,1,3476,0,1,1,68,3673,3605,1,0,1,1,14,0,1048576,0,0,0,inf,0.952575684,1.04559326,inf,0,0,0,0,0,0,0,0,0,0,0,0,0,0,0,0,0,0,0,0,0,0,0,1,0,0,0,0,0,0,0,0,0,0,0,0,0,0,0,0,0,0,0,0,0,0,0,0,0,0,0,0,0,0,0,0,0,0,0,0,0,0,0,0,0,0,0,0,0,0,0,0,0,0,0,0,0,0,0,0,0,0,0,0,0,0,0,0,0,4,4294967295,4294967295,4294967295,4294967295,4294967295,4294967295,4294967295,4294967295,4294967295
694,0,69,69,1,64,0,64,0,64,0,68,4352,3455,897,897,0,0,3455,0,0,0,68,3651,3583,0,0,0,0,14,0,1048576,0,0,0,inf,0.779510498,0.862976074,inf,0,0,0,0,0,0,0,0,0,0,0,0,0,0,0,0,0,0,0,0,0,0,0,0,0,0,0,0,0,0,0,0,0,0,0,0,0,0,0,0,0,0,0,0,0,0,0,0,0,0,0,0,0,0,0,0,0,0,0,0,0,0,0,0,0,0,0,0,0,0,0,0,0,0,0,0,0,0,0,0,0,0,0,0,0,0,0,0,0,4294967295,4294967295,4294967295,4294967295,4294967295,4294967295,4294967295,4294967295,4294967295,4294967295
695,0,69,69,1,64,0,64,0,64,0,68,4352,2773,1579,1579,0,0,2773,0,0,0,68,2969,2901,0,0,0,0,14,0,1048576,0,0,0,inf,0.704177856,0.917739868,inf,0,0,0,0,0,0,0,0,0,0,0,0,0,0,0,0,0,0,0,0,0,0,0,0,0,0,0,0,0,0,0,0,0,0,0,0,0,0,0,0,0,0,0,0,0,0,0,0,0,0,0,0,0,0,0,0,0,0,0,0,0,0,0,0,0,0,0,0,0,0,0,0,0,0,0,0,0,0,0,0,0,0,0,0,0,0,0,0,0,4294967295,4294967295,4294967295,4294967295,4294967295,4294967295,4294967295,4294967295,4294967295,4294967295
696,0,69,69,1,64,0,64,0,64,0,68,4352,2901,1451,1451,0,0,2901,0,0,0,68,3097,3029,0,0,0,0,14,0,1048576,0,0,0,inf,0.773925781,1.00634766,inf,0,0,0,0,0,0,0,0,0,0,0,0,0,0,0,0,0,0,0,0,0,0,0,0,0,0,0,0,0,0,0,0,0,0,0,0,0,0,0,0,0,0,0,0,0,0,0,0,0,0,0,0,0,0,0,0,0,0,0,0,0,0,0,0,0,0,0,0,0,0,0,0,0,0,0,0,0,0,0,0,0,0,0,0,0,0,0,0,0,4294967295,4294967295,4294967295,4294967295,4294967295,4294967295,4294967295,4294967295,4294967295,4294967295
697,0,69,69,1,64,0,64,0,64,0,68,4352,3441,911,911,0,0,3441,0,0,0,68,3637,3569,0,0,0,0,14,0,1048576,0,0,0,inf,0.81350708,0.916305542,inf,0,0,0,0,0,0,0,0,0,0,0,0,0,0,0,0,0,0,0,0,0,0,0,0,0,0,0,0,0,0,0,0,0,0,0,0,0,0,0,0,0,0,0,0,0,0,0,0,0,0,0,0,0,0,0,0,0,0,0,0,0,0,0,0,0,0,0,0,0,0,0,0,0,0,0,0,0,0,0,0,0,0,0,0,0,0,0,0,0,4294967295,4294967295,4294967295,4294967295,4294967295,4294967295,4294967295,4294967295,4294967295,4294967295
698,0.699999988,69,69,1,64,2,62,1,62,1,67,4352,2776,1576,1576,0,18,2758,0,13,13,68,2402,2904,18,0,575,10,14,0,1048576,0,0,0,inf,0.941177368,1.12672424,1.18161011,0,0,0,0,0,0,0,0,0,0,0,0,0,0,0,0,0,0,0,0,0,0,0,575,0,0,0,0,0,0,0,0,0,0,0,0,0,0,0,0,0,0,0,0,0,0,0,0,0,0,0,0,0,0,0,0,0,0,0,0,0,0,0,0,0,0,0,0,0,0,0,0,0,0,0,0,0,0,0,0,0,0,0,0,0,0,0,0,0,13,25,47,47,47,17,4294967295,4294967295,4294967295,48
699,0.200000003,69,69,1,64,1,63,0,63,1,67,4352,3197,1155,1155,0,2,3195,0,2,2,68,3393,3325,2,0,3,2,14,0,1048576,0,0,0,inf,1.0559845,1.21353149,inf,0,0,0,0,0,0,0,0,0,0,0,0,0,0,0,0,0,0,0,0,0,0,0,3,0,0,0,0,0,0,0,0,0,0,0,0,0,0,0,0,0,0,0,0,0,0,0,0,0,0,0,0,0,0,0,0,0,0,0,0,0,0,0,0,0,0,0,0,0,0,0,0,0,0,0,0,0,0,0,0,0,0,0,0,0,0,0,0,0,7,34,4294967295,4294967295,4294967295,4294967295,4294967295,4294967295,4294967295,4294967295
700,0.100000001,69,69,1,64,0,64,0,64,0,68,4352,2904,1448,1448,0,1,2903,0,1,1,68,3100,3032,1,0,32,1,14,0,1048576,0,0,0,inf,0.28024292,0.344711304,inf,0,0,0,0,0,0,0,0,0,0,0,0,0,0,0,0,0,0,0,0,0,0,0,32,0,0,0,0,0,0,0,0,0,0,0,0,0,0,0,0,0,0,0,0,0,0,0,0,0,0,0,0,0,0,0,0,0,0,0,0,0,0,0,0,0,0,0,0,0,0,0,0,0,0,0,0,0,0,0,0,0,0,0,0,0,0,0,0,0,4294967295,4294967295,4294967295,4294967295,4294967295,60,4294967295,4294967295,4294967295,4294967295
701,0.100000001,69,69,1,64,0,64,0,64,0,68,4352,3294,1058,1058,0,1,3293,0,1,1,68,3490,3422,1,0,1,1,14,0,1048576,0,0,0,inf,0.718170166,0.876617432,inf,0,0,0,0,0,0,0,0,0,0,0,0,0,0,0,0,0,0,0,0,0,0,0,1,0,0,0,0,0,0,0,0,0,0,0,0,0,0,0,0,0,0,0,0,0,0,0,0,0,0,0,0,0,0,0,0,0,0,0,0,0,0,0,0,0,0,0,0,0,0,0,0,0,0,0,0,0,0,0,0,0,0,0,0,0,0,0,0,0,67,4294967295,4294967295,4294967295,4294967295,4294967295,4294967295,4294967295,4294967295,4294967295
702,0,69,69,1,64,0,64,0,64,0,68,4352,1918,2434,2434,0,0,1918,0,0,0,68,2114,2046,0,0,0,0,14,0,1048576,0,0,0,inf,1.23153687,1.57705688,inf,0,0,0,0,0,0,0,0,0,0,0,0,0,0,0,0,0,0,0,0,0,0,0,0,0,0,0,0,0,0,0,0,0,0,0,0,0,0,0,0,0,0,0,0,0,0,0,0,0,0,0,0,0,0,0,0,0,0,0,0,0,0,0,0,0,0,0,0,0,0,0,0,0,0,0,0,0,0,0,0,0,0,0,0,0,0,0,0,0,4294967295,4294967295,4294967295,4294967295,4294967295,4294967295,4294967295,4294967295,4294967295,4294967295
703,0.300000012,69,69,1,64,1,63,0,63,1,67,4352,2459,1893,1893,0,4,2455,0,4,4,68,2655,2587,4,0,25,4,14,0,1048576,0,0,0,inf,0.974197388,1.08712769,inf,0,0,0,0,0,0,0,0,0,0,0,0,0,0,0,0,0,0,0,0,0,0,0,25,0,0,0,0,0,0,0,0,0,0,0,0,0,0,0,0,0,0,0,0,0,0,0,0,0,0,0,0,0,0,0,0,0,0,0,0,0,0,0,0,0,0,0,0,0,0,0,0,0,0,0,0,0,0,0,0,0,0,0,0,0,0,0,0,0,5,4294967295,4294967295,3,3,4294967295,4294967295,4294967295,4294967295,4294967295
704,0.100000001,69,69,1,64,1,63,1,63,0,68,4352,2581,1771,1771,0,1,2580,0,1,1,68,2777,2709,1,0,1,1,14,0,1048576,0,0,0,inf,0.747116089,0.933425903,inf,0,0,0,0,0,0,0,0,0,0,0,0,0,0,0,0,0,0,0,0,0,0,0,1,0,0,0,0,0,0,0,0,0,0,0,0,0,0,0,0,0,0,0,0,0,0,0,0,0,0,0,0,0,0,0,0,0,0,0,0,0,0,0,0,0,0,0,0,0,0,0,0,0,0,0,0,0,0,0,0,0,0,0,0,0,0,0,0,0,17,4294967295,4294967295,4294967295,4294967295,4294967295,4294967295,4294967295,4294967295,4294967295
705,0.200000003,69,69,1,64,2,62,0,62,2,66,4352,2837,1515,1515,0,7,2830,0,7,7,68,3033,2965,7,0,3,7,14,0,1048576,0,0,0,inf,0.758010864,0.909576416,inf,0,0,0,0,0,0,0,0,0,0,0,0,0,0,0,0,0,0,0,0,0,0,0,3,0,0,0,0,0,0,0,0,0,0,0,0,0,0,0,0,0,0,0,0,0,0,0,0,0,0,0,0,0,0,0,0,0,0,0,0,0,0,0,0,0,0,0,0,0,0,0,0,0,0,0,0,0,0,0,0,0,0,0,0,0,0,0,0,0,6,7,4294967295,4294967295,4294967295,4294967295,4294967295,4294967295,4294967295,4294967295
706,0.300000012,69,69,1,64,1,63,0,63,1,67,4352,2768,1584,1584,0,4,2764,0,4,4,68,2964,2896,4,0,11,4,14,0,1048576,0,0,0,inf,1.05703735,1.32467651,inf,0,0,0,0,0,0,0,0,0,0,0,0,0,0,0,0,0,0,0,0,0,0,0,11,0,0,0,0,0,0,0,0,0,0,0,0,0,0,0,0,0,0,0,0,0,0,0,0,0,0,0,0,0,0,0,0,0,0,0,0,0,0,0,0,0,0,0,0,0,0,0,0,0,0,0,0,0,0,0,0,0,0,0,0,0,0,0,0,0,2,33,4294967295,13,4294967295,4294967295,4294967295,4294967295,4294967295,4294967295
707,0,69,69,1,64,0,64,0,64,0,68,4352,3448,904,904,0,3,3445,0,3,3,68,3644,3576,3,0,0,3,14,0,1048576,0,0,0,inf,0.994415283,1.08383179,inf,0,0,0,0,0,0,0,0,0,0,0,0,0,0,0,0,0,0,0,0,0,0,0,0,0,0,0,0,0,0,0,0,0,0,0,0,0,0,0,0,0,0,0,0,0,0,0,0,0,0,0,0,0,0,0,0,0,0,0,0,0,0,0,0,0,0,0,0,0,0,0,0,0,0,0,0,0,0,0,0,0,0,0,0,0,0,0,0,0,4294967295,4294967295,4294967295,4294967295,4294967295,4294967295,4294967295,4294967295,4294967295,4294967295
708,0.800000012,69,69,1,64,6,58,0,58,6,62,4352,2166,2186,2186,0,8,2158,0,8,8,68,2362,2294,8,0,383,8,14,0,1048576,0,0,0,inf,0.744216919,0.962387085,inf,0,0,0,0,0,0,0,0,0,0,0,0,0,0,0,0,0,0,0,0,0,0,0,383,0,0,0,0,0,0,0,0,0,0,0,0,0,0,0,0,0,0,0,0,0,0,0,0,0,0,0,0,0,0,0,0,0,0,0,0,0,0,0,0,0,0,0,0,0,0,0,0,0,0,0,0,0,0,0,0,0,0,0,0,0,0,0,0,0,6,5,10,6,10,5,21,4294967295,38,4294967295
709,0.100000001,69,69,1,64,0,64,0,64,0,68,4352,3643,709,709,0,1,3642,0,1,1,68,3839,3771,1,0,1,1,14,0,1048576,0,0,0,inf,0.896835327,0.955566406,inf,0,0,0,0,0,0,0,0,0,0,0,0,0,0,0,0,0,0,0,0,0,0,0,1,0,0,0,0,0,0,0,0,0,0,0,0,0,0,0,0,0,0,0,0,0,0,0,0,0,0,0,0,0,0,0,0,0,0,0,0,0,0,0,0,0,0,0,0,0,0,0,0,0,0,0,0,0,0,0,0,0,0,0,0,0,0,0,0,0,48,4294967295,4294967295,4294967295,4294967295,4294967295,4294967295,4294967295,4294967295,4294967295
710,0,69,69,1,64,0,64,0,64,0,68,4352,3185,1167,1167,0,0,3185,0,0,0,68,3381,3313,0,0,0,0,14,0,1048576,0,0,0,inf,1.15623474,1.23428345,inf,0,0,0,0,0,0,0,0,0,0,0,0,0,0,0,0,0,0,0,0,0,0,0,0,0,0,0,0,0,0,0,0,0,0,0,0,0,0,0,0,0,0,0,0,0,0,0,0,0,0,0,0,0,0,0,0,0,0,0,0,0,0,0,0,0,0,0,0,0,0,0,0,0,0,0,0,0,0,0,0,0,0,0,0,0,0,0,0,0,4294967295,4294967295,4294967295,4294967295,4294967295,4294967295,4294967295,4294967295,4294967295,4294967295
711,0.899999976,69,69,1,64,10,54,5,54,5,63,4352,3408,944,944,0,21,3387,0,16,16,68,1121,3536,21,0,511,10,14,0,1048576,0,0,0,inf,0.885070801,0.97253418,0.916427612,0,0,0,0,0,0,0,0,0,0,0,0,0,0,0,0,0,0,0,0,0,0,0,511,0,0,0,0,0,0,0,0,0,0,0,0,0,0,0,0,0,0,0,0,0,0,0,0,0,0,0,0,0,0,0,0,0,0,0,0,0,0,0,0,0,0,0,0,0,0,0,0,0,0,0,0,0,0,0,0,0,0,0,0,0,0,0,0,0,11,13,14,13,6,20,20,14,13,4294967295
712,0.600000024,69,69,1,64,3,61,0,61,3,65,4352,2137,2215,2215,0,10,2127,0,10,10,68,2215,2265,10,0,567,10,14,0,1048576,0,0,0,inf,0.835189819,1.27178955,1.90211487,0,0,0,0,0,0,0,0,0,0,0,0,0,0,0,0,0,0,0,0,0,0,0,567,0,0,0,0,0,0,0,0,0,0,0,0,0,0,0,0,0,0,0,0,0,0,0,0,0,0,0,0,0,0,0,0,0,0,0,0,0,0,0,0,0,0,0,0,0,0,0,0,0,0,0,0,0,0,0,0,0,0,0,0,0,0,0,0,0,4,9,23,4294967295,13,4,4294967295,4294967295,4294967295,9
713,0,69,69,1,64,0,64,0,64,0,68,4352,2067,2285,2285,0,0,2067,0,0,0,68,2263,2195,0,0,0,0,14,0,1048576,0,0,0,inf,0.696777344,0.886672974,inf,0,0,0,0,0,0,0,0,0,0,0,0,0,0,0,0,0,0,0,0,0,0,0,0,0,0,0,0,0,0,0,0,0,0,0,0,0,0,0,0,0,0,0,0,0,0,0,0,0,0,0,0,0,0,0,0,0,0,0,0,0,0,0,0,0,0,0,0,0,0,0,0,0,0,0,0,0,0,0,0,0,0,0,0,0,0,0,0,0,4294967295,4294967295,4294967295,4294967295,4294967295,4294967295,4294967295,4294967295,4294967295,4294967295
714,0,69,69,1,64,0,64,0,64,0,68,4352,3319,1033,1033,0,0,3319,0,0,0,68,3515,3447,0,0,0,0,14,0,1048576,0,0,0,inf,0.903198242,1.04830933,inf,0,0,0,0,0,0,0,0,0,0,0,0,0,0,0,0,0,0,0,0,0,0,0,0,0,0,0,0,0,0,0,0,0,0,0,0,0,0,0,0,0,0,0,0,0,0,0,0,0,0,0,0,0,0,0,0,0,0,0,0,0,0,0,0,0,0,0,0,0,0,0,0,0,0,0,0,0,0,0,0,0,0,0,0,0,0,0,0,0,4294967295,4294967295,4294967295,4294967295,4294967295,4294967295,4294967295,4294967295,4294967295,4294967295
715,0.400000006,69,69,1,64,0,64,0,64,0,68,4352,2284,2068,2068,0,4,2280,0,4,4,68,2480,2412,4,0,75,4,14,0,1048576,0,0,0,inf,0.722564697,0.840255737,inf,0,0,0,0,0,0,0,0,0,0,0,0,0,0,0,0,0,0,0,0,0,0,0,75,0,0,0,0,0,0,0,0,0,0,0,0,0,0,0,0,0,0,0,0,0,0,0,0,0,0,0,0,0,0,0,0,0,0,0,0,0,0,0,0,0,0,0,0,0,0,0,0,0,0,0,0,0,0,0,0,0,0,0,0,0,0,0,0,0,7,5,4294967295,55,4294967295,4294967295,42,4294967295,4294967295,4294967295
716,0.400000006,69,69,1,64,2,62,0,62,2,66,4352,2953,1399,1399,0,4,2949,0,4,4,68,3149,3081,4,0,15,4,14,0,1048576,0,0,0,inf,0.541442871,0.671707153,inf,0,0,0,0,0,0,0,0,0,0,0,0,0,0,0,0,0,0,0,0,0,0,0,15,0,0,0,0,0,0,0,0,0,0,0,0,0,0,0,0,0,0,0,0,0,0,0,0,0,0,0,0,0,0,0,0,0,0,0,0,0,0,0,0,0,0,0,0,0,0,0,0,0,0,0,0,0,0,0,0,0,0,0,0,0,0,0,0,0,25,26,28,26,4294967295,4294967295,4294967295,4294967295,4294967295,4294967295
717,1,69,69,1,64,7,57,0,57,7,61,4352,2531,1821,1821,0,15,2516,0,12,12,68,715,2659,15,0,1023,10,14,0,1048576,0,0,0,inf,0.57220459,0.708786011,0.635116577,0,0,0,0,0,0,0,0,0,0,0,0,0,0,0,0,0,0,0,0,0,0,0,1023,0,0,0,0,0,0,0,0,0,0,0,0,0,0,0,0,0,0,0,0,0,0,0,0,0,0,0,0,0,0,0,0,0,0,0,0,0,0,0,0,0,0,0,0,0,0,0,0,0,0,0,0,0,0,0,0,0,0,0,0,0,0,0,0,0,4,5,5,5,6,6,6,3,6,6
718,0.100000001,69,69,1,64,0,64,0,64,0,68,4352,3759,593,593,0,1,3758,0,1,1,68,3955,3887,1,0,2,1,14,0,1048576,0,0,0,inf,0.864059448,0.984130859,inf,0,0,0,0,0,0,0,0,0,0,0,0,0,0,0,0,0,0,0,0,0,0,0,2,0,0,0,0,0,0,0,0,0,0,0,0,0,0,0,0,0,0,0,0,0,0,0,0,0,0,0,0,0,0,0,0,0,0,0,0,0,0,0,0,0,0,0,0,0,0,0,0,0,0,0,0,0,0,0,0,0,0,0,0,0,0,0,0,0,4294967295,62,4294967295,4294967295,4294967295,4294967295,4294967295,4294967295,4294967295,4294967295
719,0,69,69,1,64,0,64,0,64,0,68,4352,2835,1517,1517,0,0,2835,0,0,0,68,3031,2963,0,0,0,0,14,0,1048576,0,0,0,inf,0.522567749,0.617156982,inf,0,0,0,0,0,0,0,0,0,0,0,0,0,0,0,0,0,0,0,0,0,0,0,0,0,0,0,0,0,0,0,0,0,0,0,0,0,0,0,0,0,0,0,0,0,0,0,0,0,0,0,0,0,0,0,0,0,0,0,0,0,0,0,0,0,0,0,0,0,0,0,0,0,0,0,0,0,0,0,0,0,0,0,0,0,0,0,0,0,4294967295,4294967295,4294967295,4294967295,4294967295,4294967295,4294967295,4294967295,4294967295,4294967295
720,1,69,69,1,64,19,45,2,45,17,51,4352,3179,1173,1173,0,48,3131,0,16,14,68,577,3307,48,0,1023,10,14,0,1048576,0,0,0,inf,1.07301331,1.17471313,0.914764404,0,0,0,0,0,0,0,0,0,0,0,0,0,0,0,0,0,0,0,0,0,0,0,1023,0,0,0,0,0,0,0,0,0,0,0,0,0,0,0,0,0,0,0,0,0,0,0,0,0,0,0,0,0,0,0,0,0,0,0,0,0,0,0,0,0,0,0,0,0,0,0,0,0,0,0,0,0,0,0,0,0,0,0,0,0,0,0,0,0,4,11,5,4,5,5,6,6,5,5
721,0.699999988,69,69,1,64,2,62,0,62,2,66,4352,2615,1737,1737,0,7,2608,0,7,7,68,2811,2743,7,0,127,7,14,0,1048576,0,0,0,inf,0.57925415,0.681335449,inf,0,0,0,0,0,0,0,0,0,0,0,0,0,0,0,0,0,0,0,0,0,0,0,127,0,0,0,0,0,0,0,0,0,0,0,0,0,0,0,0,0,0,0,0,0,0,0,0,0,0,0,0,0,0,0,0,0,0,0,0,0,0,0,0,0,0,0,0,0,0,0,0,0,0,0,0,0,0,0,0,0,0,0,0,0,0,0,0,0,6,7,55,20,6,30,31,4294967295,4294967295,4294967295
722,1,69,69,1,64,15,49,1,49,14,54,4352,3473,879,879,0,39,3434,0,15,12,68,505,3601,39,0,1023,10,14,0,1048576,0,0,0,inf,0.863433838,0.99760437,0.799438477,0,0,0,0,0,0,0,0,0,0,0,0,0,0,0,0,0,0,0,0,0,0,0,1023,0,0,0,0,0,0,0,0,0,0,0,0,0,0,0,0,0,0,0,0,0,0,0,0,0,0,0,0,0,0,0,0,0,0,0,0,0,0,0,0,0,0,0,0,0,0,0,0,0,0,0,0,0,0,0,0,0,0,0,0,0,0,0,0,0,3,2,3,4,3,4,4,3,3,3
723,0.5,69,69,1,64,1,63,1,63,0,68,4352,3457,895,895,0,5,3452,0,5,5,68,3653,3585,5,0,167,5,14,0,1048576,0,0,0,inf,0.717300415,0.804214478,inf,0,0,0,0,0,0,0,0,0,0,0,0,0,0,0,0,0,0,0,0,0,0,0,167,0,0,0,0,0,0,0,0,0,0,0,0,0,0,0,0,0,0,0,0,0,0,0,0,0,0,0,0,0,0,0,0,0,0,0,0,0,0,0,0,0,0,0,0,0,0,0,0,0,0,0,0,0,0,0,0,0,0,0,0,0,0,0,0,0,43,21,4,4294967295,4294967295,53,4294967295,49,4294967295,4294967295
724,0,69,69,1,64,0,64,0,64,0,68,4352,3837,515,515,0,1,3836,0,1,1,68,4033,3965,1,0,0,1,14,0,1048576,0,0,0,inf,0.705230713,0.825775146,inf,0,0,0,0,0,0,0,0,0,0,0,0,0,0,0,0,0,0,0,0,0,0,0,0,0,0,0,0,0,0,0,0,0,0,0,0,0,0,0,0,0,0,0,0,0,0,0,0,0,0,0,0,0,0,0,0,0,0,0,0,0,0,0,0,0,0,0,0,0,0,0,0,0,0,0,0,0,0,0,0,0,0,0,0,0,0,0,0,0,4294967295,4294967295,4294967295,4294967295,4294967295,4294967295,4294967295,4294967295,4294967295,4294967295
725,0.300000012,69,69,1,64,1,63,1,63,0,68,4352,2751,1601,1601,0,3,2748,0,3,3,68,2947,2879,3,0,49,3,14,0,1048576,0,0,0,inf,0.539306641,0.645111084,inf,0,0,0,0,0,0,0,0,0,0,0,0,0,0,0,0,0,0,0,0,0,0,0,49,0,0,0,0,0,0,0,0,0,0,0,0,0,0,0,0,0,0,0,0,0,0,0,0,0,0,0,0,0,0,0,0,0,0,0,0,0,0,0,0,0,0,0,0,0,0,0,0,0,0,0,0,0,0,0,0,0,0,0,0,0,0,0,0,0,66,4294967295,4294967295,4294967295,38,38,4294967295,4294967295,4294967295,4294967295
726,0,69,69,1,64,0,64,0,64,0,68,4352,2581,1771,1771,0,0,2581,0,0,0,68,2777,2709,0,0,0,0,14,0,1048576,0,0,0,inf,0.911270142,1.08869934,inf,0,0,0,0,0,0,0,0,0,0,0,0,0,0,0,0,0,0,0,0,0,0,0,0,0,0,0,0,0,0,0,0,0,0,0,0,0,0,0,0,0,0,0,0,0,0,0,0,0,0,0,0,0,0,0,0,0,0,0,0,0,0,0,0,0,0,0,0,0,0,0,0,0,0,0,0,0,0,0,0,0,0,0,0,0,0,0,0,0,4294967295,4294967295,4294967295,4294967295,4294967295,4294967295,4294967295,4294967295,4294967295,4294967295
727,1,69,69,1,64,19,45,5,45,14,54,4352,3394,958,958,0,30,3364,0,19,17,68,1089,3522,30,0,1023,10,14,0,1048576,0,0,0,inf,1.01025391,1.11625671,0.927871704,0,0,0,0,0,0,0,0,0,0,0,0,0,0,0,0,0,0,0,0,0,0,0,1023,0,0,0,0,0,0,0,0,0,0,0,0,0,0,0,0,0,0,0,0,0,0,0,0,0,0,0,0,0,0,0,0,0,0,0,0,0,0,0,0,0,0,0,0,0,0,0,0,0,0,0,0,0,0,0,0,0,0,0,0,0,0,0,0,0,8,9,15,8,9,12,10,16,52,53
728,1,69,69,1,64,11,53,3,53,8,60,4352,3735,617,617,0,50,3685,0,22,20,68,1939,3863,50,0,1023,10,14,0,1048576,0,0,0,inf,1.06454468,1.10520935,1.07788086,0,0,0,0,0,0,0,0,0,0,0,0,0,0,0,0,0,0,0,0,0,0,0,1023,0,0,0,0,0,0,0,0,0,0,0,0,0,0,0,0,0,0,0,0,0,0,0,0,0,0,0,0,0,0,0,0,0,0,0,0,0,0,0,0,0,0,0,0,0,0,0,0,0,0,0,0,0,0,0,0,0,0,0,0,0,0,0,0,0,32,35,32,26,26,25,29,29,28,29
729,1,69,69,1,64,10,54,3,54,7,61,4352,3033,1319,1319,0,55,2978,0,17,14,68,871,3161,55,0,1023,10,14,0,1048576,0,0,0,inf,0.530654907,0.6043396,0.559326172,0,0,0,0,0,0,0,0,0,0,0,0,0,0,0,0,0,0,0,0,0,0,0,1023,0,0,0,0,0,0,0,0,0,0,0,0,0,0,0,0,0,0,0,0,0,0,0,0,0,0,0,0,0,0,0,0,0,0,0,0,0,0,0,0,0,0,0,0,0,0,0,0,0,0,0,0,0,0,0,0,0,0,0,0,0,0,0,0,0,9,7,9,5,10,7,6,6,10,9
730,0.100000001,69,69,1,64,0,64,0,64,0,68,4352,3037,1315,1315,0,1,3036,0,1,1,68,3233,3165,1,0,1,1,14,0,1048576,0,0,0,inf,0.722595215,0.838790894,inf,0,0,0,0,0,0,0,0,0,0,0,0,0,0,0,0,0,0,0,0,0,0,0,1,0,0,0,0,0,0,0,0,0,0,0,0,0,0,0,0,0,0,0,0,0,0,0,0,0,0,0,0,0,0,0,0,0,0,0,0,0,0,0,0,0,0,0,0,0,0,0,0,0,0,0,0,0,0,0,0,0,0,0,0,0,0,0,0,0,63,4294967295,4294967295,4294967295,4294967295,4294967295,4294967295,4294967295,4294967295,4294967295
731,0,69,69,1,64,0,64,0,64,0,68,4352,2393,1959,1959,0,0,2393,0,0,0,68,2589,2521,0,0,0,0,14,0,1048576,0,0,0,inf,0.824783325,1.0466156,inf,0,0,0,0,0,0,0,0,0,0,0,0,0,0,0,0,0,0,0,0,0,0,0,0,0,0,0,0,0,0,0,0,0,0,0,0,0,0,0,0,0,0,0,0,0,0,0,0,0,0,0,0,0,0,0,0,0,0,0,0,0,0,0,0,0,0,0,0,0,0,0,0,0,0,0,0,0,0,0,0,0,0,0,0,0,0,0,0,0,4294967295,4294967295,4294967295,4294967295,4294967295,4294967295,4294967295,4294967295,4294967295,4294967295
732,0.100000001,69,69,1,64,0,64,0,64,0,68,4352,3315,1037,1037,0,1,3314,0,1,1,68,3511,3443,1,0,1,1,14,0,1048576,0,0,0,inf,1.17811584,1.27088928,inf,0,0,0,0,0,0,0,0,0,0,0,0,0,0,0,0,0,0,0,0,0,0,0,1,0,0,0,0,0,0,0,0,0,0,0,0,0,0,0,0,0,0,0,0,0,0,0,0,0,0,0,0,0,0,0,0,0,0,0,0,0,0,0,0,0,0,0,0,0,0,0,0,0,0,0,0,0,0,0,0,0,0,0,0,0,0,0,0,0,35,4294967295,4294967295,4294967295,4294967295,4294967295,4294967295,4294967295,4294967295,4294967295
733,0,69,69,1,64,0,64,0,64,0,68,4352,2448,1904,1904,0,0,2448,0,0,0,68,2644,2576,0,0,0,0,14,0,1048576,0,0,0,inf,0.74156189,0.957290649,inf,0,0,0,0,0,0,0,0,0,0,0,0,0,0,0,0,0,0,0,0,0,0,0,0,0,0,0,0,0,0,0,0,0,0,0,0,0,0,0,0,0,0,0,0,0,0,0,0,0,0,0,0,0,0,0,0,0,0,0,0,0,0,0,0,0,0,0,0,0,0,0,0,0,0,0,0,0,0,0,0,0,0,0,0,0,0,0,0,0,4294967295,4294967295,4294967295,4294967295,4294967295,4294967295,4294967295,4294967295,4294967295,4294967295
734,0.100000001,69,69,1,64,0,64,0,64,0,68,4352,2751,1601,1601,0,1,2750,0,1,1,68,2947,2879,1,0,16,1,14,0,1048576,0,0,0,inf,0.467941284,0.571685791,inf,0,0,0,0,0,0,0,0,0,0,0,0,0,0,0,0,0,0,0,0,0,0,0,16,0,0,0,0,0,0,0,0,0,0,0,0,0,0,0,0,0,0,0,0,0,0,0,0,0,0,0,0,0,0,0,0,0,0,0,0,0,0,0,0,0,0,0,0,0,0,0,0,0,0,0,0,0,0,0,0,0,0,0,0,0,0,0,0,0,4294967295,4294967295,4294967295,4294967295,57,4294967295,4294967295,4294967295,4294967295,4294967295
735,0,69,69,1,64,0,64,0,64,0,68,4352,2933,1419,1419,0,0,2933,0,0,0,68,3129,3061,0,0,0,0,14,0,1048576,0,0,0,inf,0.952026367,1.09480286,inf,0,0,0,0,0,0,0,0,0,0,0,0,0,0,0,0,0,0,0,0,0,0,0,0,0,0,0,0,0,0,0,0,0,0,0,0,0,0,0,0,0,0,0,0,0,0,0,0,0,0,0,0,0,0,0,0,0,0,0,0,0,0,0,0,0,0,0,0,0,0,0,0,0,0,0,0,0,0,0,0,0,0,0,0,0,0,0,0,0,4294967295,4294967295,4294967295,4294967295,4294967295,4294967295,4294967295,4294967295,4294967295,4294967295
736,1,69,69,1,64,12,52,2,52,10,58,4352,3467,885,885,0,117,3350,0,29,25,68,603,3595,117,0,1023,10,14,0,1048576,0,0,0,inf,0.778213501,0.916152954,0.76852417,0,0,0,0,0,0,0,0,0,0,0,0,0,0,0,0,0,0,0,0,0,0,0,1023,0,0,0,0,0,0,0,0,0,0,0,0,0,0,0,0,0,0,0,0,0,0,0,0,0,0,0,0,0,0,0,0,0,0,0,0,0,0,0,0,0,0,0,0,0,0,0,0,0,0,0,0,0,0,0,0,0,0,0,0,0,0,0,0,0,3,11,3,11,12,36,13,2,5,36
737,1,69,69,1,64,63,1,1,1,63,5,4352,2161,2191,2191,0,603,1558,0,87,47,68,437,2289,603,0,1023,10,14,0,1048576,0,0,0,inf,0.37828064,0.40184021,0.231399536,0,0,0,0,0,0,0,0,0,0,0,0,0,0,0,0,0,0,0,0,0,0,0,1023,0,0,0,0,0,0,0,0,0,0,0,0,0,0,0,0,0,0,0,0,0,0,0,0,0,0,0,0,0,0,0,0,0,0,0,0,0,0,0,0,0,0,0,0,0,0,0,0,0,0,0,0,0,0,0,0,0,0,0,0,0,0,0,0,0,6,6,7,5,5,6,6,7,6,11
738,0.899999976,69,69,1,64,3,61,2,61,1,67,4352,2095,2257,2257,0,61,2034,0,29,26,68,1204,2223,61,0,767,10,14,0,1048576,0,0,0,inf,0.425933838,0.554458618,0.547424316,0,0,0,0,0,0,0,0,0,0,0,0,0,0,0,0,0,0,0,0,0,0,0,767,0,0,0,0,0,0,0,0,0,0,0,0,0,0,0,0,0,0,0,0,0,0,0,0,0,0,0,0,0,0,0,0,0,0,0,0,0,0,0,0,0,0,0,0,0,0,0,0,0,0,0,0,0,0,0,0,0,0,0,0,0,0,0,0,0,7,34,14,14,14,4,32,24,4294967295,52
739,0,69,69,1,64,0,64,0,64,0,68,4352,2221,2131,2131,0,0,2221,0,0,0,68,2417,2349,0,0,0,0,14,0,1048576,0,0,0,inf,0.490875244,0.601776123,inf,0,0,0,0,0,0,0,0,0,0,0,0,0,0,0,0,0,0,0,0,0,0,0,0,0,0,0,0,0,0,0,0,0,0,0,0,0,0,0,0,0,0,0,0,0,0,0,0,0,0,0,0,0,0,0,0,0,0,0,0,0,0,0,0,0,0,0,0,0,0,0,0,0,0,0,0,0,0,0,0,0,0,0,0,0,0,0,0,0,4294967295,4294967295,4294967295,4294967295,4294967295,4294967295,4294967295,4294967295,4294967295,4294967295
740,0.100000001,69,69,1,64,0,64,0,64,0,68,4352,3094,1258,1258,0,1,3093,0,1,1,68,3290,3222,1,0,2,1,14,0,1048576,0,0,0,inf,0.834411621,0.919265747,inf,0,0,0,0,0,0,0,0,0,0,0,0,0,0,0,0,0,0,0,0,0,0,0,2,0,0,0,0,0,0,0,0,0,0,0,0,0,0,0,0,0,0,0,0,0,0,0,0,0,0,0,0,0,0,0,0,0,0,0,0,0,0,0,0,0,0,0,0,0,0,0,0,0,0,0,0,0,0,0,0,0,0,0,0,0,0,0,0,0,4294967295,61,4294967295,4294967295,4294967295,4294967295,4294967295,4294967295,4294967295,4294967295
741,0.300000012,69,69,1,64,2,62,1,62,1,67,4352,3243,1109,1109,0,3,3240,0,3,3,68,3439,3371,3,0,515,3,14,0,1048576,0,0,0,inf,0.730911255,0.8150177,inf,0,0,0,0,0,0,0,0,0,0,0,0,0,0,0,0,0,0,0,0,0,0,0,515,0,0,0,0,0,0,0,0,0,0,0,0,0,0,0,0,0,0,0,0,0,0,0,0,0,0,0,0,0,0,0,0,0,0,0,0,0,0,0,0,0,0,0,0,0,0,0,0,0,0,0,0,0,0,0,0,0,0,0,0,0,0,0,0,0,15,3,4294967295,4294967295,4294967295,4294967295,4294967295,4294967295,4294967295,4
742,0.200000003,69,69,1,64,1,63,0,63,1,67,4352,3322,1030,1030,0,2,3320,0,2,2,68,3518,3450,2,0,5,2,14,0,1048576,0,0,0,inf,0.976669312,1.14430237,inf,0,0,0,0,0,0,0,0,0,0,0,0,0,0,0,0,0,0,0,0,0,0,0,5,0,0,0,0,0,0,0,0,0,0,0,0,0,0,0,0,0,0,0,0,0,0,0,0,0,0,0,0,0,0,0,0,0,0,0,0,0,0,0,0,0,0,0,0,0,0,0,0,0,0,0,0,0,0,0,0,0,0,0,0,0,0,0,0,0,3,4294967295,23,4294967295,4294967295,4294967295,4294967295,4294967295,4294967295,4294967295
743,0,69,69,1,64,0,64,0,64,0,68,4352,2389,1963,1963,0,0,2389,0,0,0,68,2585,2517,0,0,0,0,14,0,1048576,0,0,0,inf,0.597595215,0.820053101,inf,0,0,0,0,0,0,0,0,0,0,0,0,0,0,0,0,0,0,0,0,0,0,0,0,0,0,0,0,0,0,0,0,0,0,0,0,0,0,0,0,0,0,0,0,0,0,0,0,0,0,0,0,0,0,0,0,0,0,0,0,0,0,0,0,0,0,0,0,0,0,0,0,0,0,0,0,0,0,0,0,0,0,0,0,0,0,0,0,0,4294967295,4294967295,4294967295,4294967295,4294967295,4294967295,4294967295,4294967295,4294967295,4294967295
744,0,69,69,1,64,0,64,0,64,0,68,4352,2694,1658,1658,0,0,2694,0,0,0,68,2890,2822,0,0,0,0,14,0,1048576,0,0,0,inf,0.403030396,0.484512329,inf,0,0,0,0,0,0,0,0,0,0,0,0,0,0,0,0,0,0,0,0,0,0,0,0,0,0,0,0,0,0,0,0,0,0,0,0,0,0,0,0,0,0,0,0,0,0,0,0,0,0,0,0,0,0,0,0,0,0,0,0,0,0,0,0,0,0,0,0,0,0,0,0,0,0,0,0,0,0,0,0,0,0,0,0,0,0,0,0,0,4294967295,4294967295,4294967295,4294967295,4294967295,4294967295,4294967295,4294967295,4294967295,4294967295
745,0,69,69,1,64,0,64,0,64,0,68,4352,1607,2745,2745,0,0,1607,0,0,0,68,1803,1735,0,0,0,0,14,0,1048576,0,0,0,inf,0.880493164,1.54249573,inf,0,0,0,0,0,0,0,0,0,0,0,0,0,0,0,0,0,0,0,0,0,0,0,0,0,0,0,0,0,0,0,0,0,0,0,0,0,0,0,0,0,0,0,0,0,0,0,0,0,0,0,0,0,0,0,0,0,0,0,0,0,0,0,0,0,0,0,0,0,0,0,0,0,0,0,0,0,0,0,0,0,0,0,0,0,0,0,0,0,4294967295,4294967295,4294967295,4294967295,4294967295,4294967295,4294967295,4294967295,4294967295,4294967295
746,0.200000003,69,69,1,64,0,64,0,64,0,68,4352,2870,1482,1482,0,2,2868,0,2,2,68,3066,2998,2,0,3,2,14,0,1048576,0,0,0,inf,0.809295654,0.951522827,inf,0,0,0,0,0,0,0,0,0,0,0,0,0,0,0,0,0,0,0,0,0,0,0,3,0,0,0,0,0,0,0,0,0,0,0,0,0,0,0,0,0,0,0,0,0,0,0,0,0,0,0,0,0,0,0,0,0,0,0,0,0,0,0,0,0,0,0,0,0,0,0,0,0,0,0,0,0,0,0,0,0,0,0,0,0,0,0,0,0,7,7,4294967295,4294967295,4294967295,4294967295,4294967295,4294967295,4294967295,4294967295
747,0,69,69,1,64,0,64,0,64,0,68,4352,3381,971,971,0,0,3381,0,0,0,68,3577,3509,0,0,0,0,14,0,1048576,0,0,0,inf,0.763183594,0.882766724,inf,0,0,0,0,0,0,0,0,0,0,0,0,0,0,0,0,0,0,0,0,0,0,0,0,0,0,0,0,0,0,0,0,0,0,0,0,0,0,0,0,0,0,0,0,0,0,0,0,0,0,0,0,0,0,0,0,0,0,0,0,0,0,0,0,0,0,0,0,0,0,0,0,0,0,0,0,0,0,0,0,0,0,0,0,0,0,0,0,0,4294967295,4294967295,4294967295,4294967295,4294967295,4294967295,4294967295,4294967295,4294967295,4294967295
748,1,69,69,1,64,46,18,2,18,44,24,4352,2679,1673,1673,0,119,2560,0,25,18,68,576,2807,119,0,1023,10,14,0,1048576,0,0,0,inf,0.862548828,1.048172,0.686004639,0,0,0,0,0,0,0,0,0,0,0,0,0,0,0,0,0,0,0,0,0,0,0,1023,0,0,0,0,0,0,0,0,0,0,0,0,0,0,0,0,0,0,0,0,0,0,0,0,0,0,0,0,0,0,0,0,0,0,0,0,0,0,0,0,0,0,0,0,0,0,0,0,0,0,0,0,0,0,0,0,0,0,0,0,0,0,0,0,0,5,6,7,4,8,8,6,5,5,5
749,0,69,69,1,64,0,64,0,64,0,68,4352,3022,1330,1330,0,0,3022,0,0,0,68,3218,3150,0,0,0,0,14,0,1048576,0,0,0,inf,0.789581299,0.952911377,inf,0,0,0,0,0,0,0,0,0,0,0,0,0,0,0,0,0,0,0,0,0,0,0,0,0,0,0,0,0,0,0,0,0,0,0,0,0,0,0,0,0,0,0,0,0,0,0,0,0,0,0,0,0,0,0,0,0,0,0,0,0,0,0,0,0,0,0,0,0,0,0,0,0,0,0,0,0,0,0,0,0,0,0,0,0,0,0,0,0,4294967295,4294967295,4294967295,4294967295,4294967295,4294967295,4294967295,4294967295,4294967295,4294967295
750,1,69,69,1,64,34,30,11,30,23,45,4352,2251,2101,2101,0,241,2010,0,25,22,68,463,2379,241,0,1023,10,14,0,1048576,0,0,0,inf,0.478652954,0.616790771,0.400314331,0,0,0,0,0,0,0,0,0,0,0,0,0,0,0,0,0,0,0,0,0,0,0,1023,0,0,0,0,0,0,0,0,0,0,0,0,0,0,0,0,0,0,0,0,0,0,0,0,0,0,0,0,0,0,0,0,0,0,0,0,0,0,0,0,0,0,0,0,0,0,0,0,0,0,0,0,0,0,0,0,0,0,0,0,0,0,0,0,0,4,4,3,4,3,2,3,4,4,4
751,0.300000012,69,69,1,64,1,63,0,63,1,67,4352,2612,1740,1740,0,3,2609,0,3,3,68,2808,2740,3,0,19,3,14,0,1048576,0,0,0,inf,0.499816895,0.568145752,inf,0,0,0,0,0,0,0,0,0,0,0,0,0,0,0,0,0,0,0,0,0,0,0,19,0,0,0,0,0,0,0,0,0,0,0,0,0,0,0,0,0,0,0,0,0,0,0,0,0,0,0,0,0,0,0,0,0,0,0,0,0,0,0,0,0,0,0,0,0,0,0,0,0,0,0,0,0,0,0,0,0,0,0,0,0,0,0,0,0,9,18,4294967295,4294967295,3,4294967295,4294967295,4294967295,4294967295,4294967295
752,0.100000001,69,69,1,64,0,64,0,64,0,68,4352,3970,382,382,0,1,3969,0,1,1,68,4166,4098,1,0,8,1,14,0,1048576,0,0,0,inf,0.81930542,0.883148193,inf,0,0,0,0,0,0,0,0,0,0,0,0,0,0,0,0,0,0,0,0,0,0,0,8,0,0,0,0,0,0,0,0,0,0,0,0,0,0,0,0,0,0,0,0,0,0,0,0,0,0,0,0,0,0,0,0,0,0,0,0,0,0,0,0,0,0,0,0,0,0,0,0,0,0,0,0,0,0,0,0,0,0,0,0,0,0,0,0,0,4294967295,4294967295,4294967295,41,4294967295,4294967295,4294967295,4294967295,4294967295,4294967295
753,0.300000012,69,69,1,64,0,64,0,64,0,68,4352,2574,1778,1778,0,3,2571,0,3,3,68,2770,2702,3,0,49,3,14,0,1048576,0,0,0,inf,0.898834229,1.13346863,inf,0,0,0,0,0,0,0,0,0,0,0,0,0,0,0,0,0,0,0,0,0,0,0,49,0,0,0,0,0,0,0,0,0,0,0,0,0,0,0,0,0,0,0,0,0,0,0,0,0,0,0,0,0,0,0,0,0,0,0,0,0,0,0,0,0,0,0,0,0,0,0,0,0,0,0,0,0,0,0,0,0,0,0,0,0,0,0,0,0,6,4294967295,4294967295,4294967295,22,39,4294967295,4294967295,4294967295,4294967295
754,1,69,69,1,64,50,14,4,14,46,22,4352,2656,1696,1696,0,169,2487,0,41,26,68,532,2784,169,0,1023,10,14,0,1048576,0,0,0,inf,1.12748718,1.35626221,0.865310669,0,0,0,0,0,0,0,0,0,0,0,0,0,0,0,0,0,0,0,0,0,0,0,1023,0,0,0,0,0,0,0,0,0,0,0,0,0,0,0,0,0,0,0,0,0,0,0,0,0,0,0,0,0,0,0,0,0,0,0,0,0,0,0,0,0,0,0,0,0,0,0,0,0,0,0,0,0,0,0,0,0,0,0,0,0,0,0,0,0,5,6,6,5,4,8,8,5,6,7
755,0,69,69,1,64,0,64,0,64,0,68,4352,2719,1633,1633,0,0,2719,0,0,0,68,2915,2847,0,0,0,0,14,0,1048576,0,0,0,inf,0.512298584,0.610748291,inf,0,0,0,0,0,0,0,0,0,0,0,0,0,0,0,0,0,0,0,0,0,0,0,0,0,0,0,0,0,0,0,0,0,0,0,0,0,0,0,0,0,0,0,0,0,0,0,0,0,0,0,0,0,0,0,0,0,0,0,0,0,0,0,0,0,0,0,0,0,0,0,0,0,0,0,0,0,0,0,0,0,0,0,0,0,0,0,0,0,4294967295,4294967295,4294967295,4294967295,4294967295,4294967295,4294967295,4294967295,4294967295,4294967295
756,0,69,69,1,64,0,64,0,64,0,68,4352,2988,1364,1364,0,0,2988,0,0,0,68,3184,3116,0,0,0,0,14,0,1048576,0,0,0,inf,0.703140259,0.818145752,inf,0,0,0,0,0,0,0,0,0,0,0,0,0,0,0,0,0,0,0,0,0,0,0,0,0,0,0,0,0,0,0,0,0,0,0,0,0,0,0,0,0,0,0,0,0,0,0,0,0,0,0,0,0,0,0,0,0,0,0,0,0,0,0,0,0,0,0,0,0,0,0,0,0,0,0,0,0,0,0,0,0,0,0,0,0,0,0,0,0,4294967295,4294967295,4294967295,4294967295,4294967295,4294967295,4294967295,4294967295,4294967295,4294967295
757,0.800000012,69,69,1,64,7,57,1,57,6,62,4352,3614,738,738,0,10,3604,0,10,10,68,3295,3742,10,0,639,10,14,0,1048576,0,0,0,inf,0.904785156,0.987442017,1.13723755,0,0,0,0,0,0,0,0,0,0,0,0,0,0,0,0,0,0,0,0,0,0,0,639,0,0,0,0,0,0,0,0,0,0,0,0,0,0,0,0,0,0,0,0,0,0,0,0,0,0,0,0,0,0,0,0,0,0,0,0,0,0,0,0,0,0,0,0,0,0,0,0,0,0,0,0,0,0,0,0,0,0,0,0,0,0,0,0,0,9,8,11,9,14,30,52,4294967295,4294967295,52
758,0.5,69,69,1,64,2,62,0,62,2,66,4352,3121,1231,1231,0,5,3116,0,5,5,68,3317,3249,5,0,835,5,14,0,1048576,0,0,0,inf,0.875213623,1.01274109,inf,0,0,0,0,0,0,0,0,0,0,0,0,0,0,0,0,0,0,0,0,0,0,0,835,0,0,0,0,0,0,0,0,0,0,0,0,0,0,0,0,0,0,0,0,0,0,0,0,0,0,0,0,0,0,0,0,0,0,0,0,0,0,0,0,0,0,0,0,0,0,0,0,0,0,0,0,0,0,0,0,0,0,0,0,0,0,0,0,0,17,12,4294967295,4294967295,4294967295,4294967295,58,4294967295,2,54
759,0.200000003,69,69,1,64,0,64,0,64,0,68,4352,3712,640,640,0,2,3710,0,2,2,68,3908,3840,2,0,3,2,14,0,1048576,0,0,0,inf,0.530914307,0.693084717,inf,0,0,0,0,0,0,0,0,0,0,0,0,0,0,0,0,0,0,0,0,0,0,0,3,0,0,0,0,0,0,0,0,0,0,0,0,0,0,0,0,0,0,0,0,0,0,0,0,0,0,0,0,0,0,0,0,0,0,0,0,0,0,0,0,0,0,0,0,0,0,0,0,0,0,0,0,0,0,0,0,0,0,0,0,0,0,0,0,0,27,29,4294967295,4294967295,4294967295,4294967295,4294967295,4294967295,4294967295,4294967295
760,0.100000001,69,69,1,64,0,64,0,64,0,68,4352,3874,478,478,0,1,3873,0,1,1,68,4070,4002,1,0,2,1,14,0,1048576,0,0,0,inf,0.8671875,0.924942017,inf,0,0,0,0,0,0,0,0,0,0,0,0,0,0,0,0,0,0,0,0,0,0,0,2,0,0,0,0,0,0,0,0,0,0,0,0,0,0,0,0,0,0,0,0,0,0,0,0,0,0,0,0,0,0,0,0,0,0,0,0,0,0,0,0,0,0,0,0,0,0,0,0,0,0,0,0,0,0,0,0,0,0,0,0,0,0,0,0,0,4294967295,6,4294967295,4294967295,4294967295,4294967295,4294967295,4294967295,4294967295,4294967295
761,0,69,69,1,64,0,64,0,64,0,68,4352,3522,830,830,0,0,3522,0,0,0,68,3718,3650,0,0,0,0,14,0,1048576,0,0,0,inf,0.896224976,1.10842896,inf,0,0,0,0,0,0,0,0,0,0,0,0,0,0,0,0,0,0,0,0,0,0,0,0,0,0,0,0,0,0,0,0,0,0,0,0,0,0,0,0,0,0,0,0,0,0,0,0,0,0,0,0,0,0,0,0,0,0,0,0,0,0,0,0,0,0,0,0,0,0,0,0,0,0,0,0,0,0,0,0,0,0,0,0,0,0,0,0,0,4294967295,4294967295,4294967295,4294967295,4294967295,4294967295,4294967295,4294967295,4294967295,4294967295
762,0.600000024,69,69,1,64,1,63,0,63,1,67,4352,2615,1737,1737,0,6,2609,0,6,6,68,2811,2743,6,0,63,6,14,0,1048576,0,0,0,inf,0.665313721,0.828521729,inf,0,0,0,0,0,0,0,0,0,0,0,0,0,0,0,0,0,0,0,0,0,0,0,63,0,0,0,0,0,0,0,0,0,0,0,0,0,0,0,0,0,0,0,0,0,0,0,0,0,0,0,0,0,0,0,0,0,0,0,0,0,0,0,0,0,0,0,0,0,0,0,0,0,0,0,0,0,0,0,0,0,0,0,0,0,0,0,0,0,4,28,14,10,10,7,4294967295,4294967295,4294967295,4294967295
763,0.100000001,69,69,1,64,1,63,0,63,1,67,4352,3821,531,531,0,1,3820,0,1,1,68,4017,3949,1,0,1,1,14,0,1048576,0,0,0,inf,0.534988403,0.633483887,inf,0,0,0,0,0,0,0,0,0,0,0,0,0,0,0,0,0,0,0,0,0,0,0,1,0,0,0,0,0,0,0,0,0,0,0,0,0,0,0,0,0,0,0,0,0,0,0,0,0,0,0,0,0,0,0,0,0,0,0,0,0,0,0,0,0,0,0,0,0,0,0,0,0,0,0,0,0,0,0,0,0,0,0,0,0,0,0,0,0,3,4294967295,4294967295,4294967295,4294967295,4294967295,4294967295,4294967295,4294967295,4294967295
764,0.300000012,69,69,1,64,1,63,1,63,0,68,4352,3001,1351,1351,0,6,2995,0,6,6,68,3197,3129,6,0,133,6,14,0,1048576,0,0,0,inf,1.10096741,1.2525177,inf,0,0,0,0,0,0,0,0,0,0,0,0,0,0,0,0,0,0,0,0,0,0,0,133,0,0,0,0,0,0,0,0,0,0,0,0,0,0,0,0,0,0,0,0,0,0,0,0,0,0,0,0,0,0,0,0,0,0,0,0,0,0,0,0,0,0,0,0,0,0,0,0,0,0,0,0,0,0,0,0,0,0,0,0,0,0,0,0,0,65,4294967295,43,4294967295,4294967295,4294967295,4294967295,15,4294967295,4294967295
765,0.300000012,69,69,1,64,0,64,0,64,0,68,4352,3526,826,826,0,4,3522,0,4,4,68,3722,3654,4,0,7,4,14,0,1048576,0,0,0,inf,0.573974609,0.632247925,inf,0,0,0,0,0,0,0,0,0,0,0,0,0,0,0,0,0,0,0,0,0,0,0,7,0,0,0,0,0,0,0,0,0,0,0,0,0,0,0,0,0,0,0,0,0,0,0,0,0,0,0,0,0,0,0,0,0,0,0,0,0,0,0,0,0,0,0,0,0,0,0,0,0,0,0,0,0,0,0,0,0,0,0,0,0,0,0,0,0,39,9,39,4294967295,4294967295,4294967295,4294967295,4294967295,4294967295,4294967295
766,0.600000024,69,69,1,64,0,64,0,64,0,68,4352,2088,2264,2264,0,11,2077,0,11,11,68,2162,2216,11,0,159,10,14,0,1048576,0,0,0,inf,0.557815552,0.804000854,1.164505,0,0,0,0,0,0,0,0,0,0,0,0,0,0,0,0,0,0,0,0,0,0,0,159,0,0,0,0,0,0,0,0,0,0,0,0,0,0,0,0,0,0,0,0,0,0,0,0,0,0,0,0,0,0,0,0,0,0,0,0,0,0,0,0,0,0,0,0,0,0,0,0,0,0,0,0,0,0,0,0,0,0,0,0,0,0,0,0,0,54,11,53,23,12,4294967295,4294967295,53,4294967295,4294967295
767,0.300000012,69,69,1,64,1,63,0,63,1,67,4352,2861,1491,1491,0,4,2857,0,4,4,68,3057,2989,4,0,11,4,14,0,1048576,0,0,0,inf,0.785110474,0.881469727,inf,0,0,0,0,0,0,0,0,0,0,0,0,0,0,0,0,0,0,0,0,0,0,0,11,0,0,0,0,0,0,0,0,0,0,0,0,0,0,0,0,0,0,0,0,0,0,0,0,0,0,0,0,0,0,0,0,0,0,0,0,0,0,0,0,0,0,0,0,0,0,0,0,0,0,0,0,0,0,0,0,0,0,0,0,0,0,0,0,0,2,26,4294967295,11,4294967295,4294967295,4294967295,4294967295,4294967295,4294967295
768,0.5,69,69,1,64,2,62,0,62,2,66,4352,3742,610,610,0,22,3720,0,15,15,68,2898,3870,22,0,115,10,14,0,1048576,0,0,0,inf,0.846481323,0.91734314,1.09469604,0,0,0,0,0,0,0,0,0,0,0,0,0,0,0,0,0,0,0,0,0,0,0,115,0,0,0,0,0,0,0,0,0,0,0,0,0,0,0,0,0,0,0,0,0,0,0,0,0,0,0,0,0,0,0,0,0,0,0,0,0,0,0,0,0,0,0,0,0,0,0,0,0,0,0,0,0,0,0,0,0,0,0,0,0,0,0,0,0,21,20,4294967295,4294967295,9,62,34,4294967295,4294967295,4294967295
769,0.400000006,69,69,1,64,0,64,0,64,0,68,4352,3896,456,456,0,11,3885,0,11,11,68,3835,4024,11,0,308,10,14,0,1048576,0,0,0,inf,0.634643555,0.702789307,1.10092163,0,0,0,0,0,0,0,0,0,0,0,0,0,0,0,0,0,0,0,0,0,0,0,308,0,0,0,0,0,0,0,0,0,0,0,0,0,0,0,0,0,0,0,0,0,0,0,0,0,0,0,0,0,0,0,0,0,0,0,0,0,0,0,0,0,0,0,0,0,0,0,0,0,0,0,0,0,0,0,0,0,0,0,0,0,0,0,0,0,4294967295,4294967295,49,4294967295,54,49,4294967295,4294967295,27,4294967295
770,0.100000001,69,69,1,64,0,64,0,64,0,68,4352,2795,1557,1557,0,1,2794,0,2,2,68,2991,2923,1,0,1,2,14,0,1048576,0,0,0,inf,0.788543701,0.898788452,inf,0,0,0,0,0,0,0,0,0,0,0,0,0,0,0,0,0,0,0,0,0,0,0,1,0,0,0,0,0,0,0,0,0,0,0,0,0,0,0,0,0,0,0,0,0,0,0,0,0,0,0,0,0,0,0,0,0,0,0,0,0,0,0,0,0,0,0,0,0,0,0,0,0,0,0,0,0,0,0,0,0,0,0,0,0,0,0,0,0,54,4294967295,4294967295,4294967295,4294967295,4294967295,4294967295,4294967295,4294967295,4294967295
771,0.899999976,69,69,1,64,10,54,2,54,8,60,4352,3246,1106,1106,0,70,3176,0,23,22,68,994,3374,70,0,1007,10,14,0,1048576,0,0,0,inf,1.09468079,1.19132996,1.12573242,0,0,0,0,0,0,0,0,0,0,0,0,0,0,0,0,0,0,0,0,0,0,0,1007,0,0,0,0,0,0,0,0,0,0,0,0,0,0,0,0,0,0,0,0,0,0,0,0,0,0,0,0,0,0,0,0,0,0,0,0,0,0,0,0,0,0,0,0,0,0,0,0,0,0,0,0,0,0,0,0,0,0,0,0,0,0,0,0,0,11,12,11,11,4294967295,7,9,27,31,12
772,0.100000001,69,69,1,64,1,63,0,63,1,67,4352,3127,1225,1225,0,2,3125,0,2,2,68,3323,3255,2,0,1,2,14,0,1048576,0,0,0,inf,1.16860962,1.32319641,inf,0,0,0,0,0,0,0,0,0,0,0,0,0,0,0,0,0,0,0,0,0,0,0,1,0,0,0,0,0,0,0,0,0,0,0,0,0,0,0,0,0,0,0,0,0,0,0,0,0,0,0,0,0,0,0,0,0,0,0,0,0,0,0,0,0,0,0,0,0,0,0,0,0,0,0,0,0,0,0,0,0,0,0,0,0,0,0,0,0,35,4294967295,4294967295,4294967295,4294967295,4294967295,4294967295,4294967295,4294967295,4294967295
773,0.100000001,69,69,1,64,0,64,0,64,0,68,4352,3210,1142,1142,0,1,3209,0,1,1,68,3406,3338,1,0,2,1,14,0,1048576,0,0,0,inf,0.769866943,0.930099487,inf,0,0,0,0,0,0,0,0,0,0,0,0,0,0,0,0,0,0,0,0,0,0,0,2,0,0,0,0,0,0,0,0,0,0,0,0,0,0,0,0,0,0,0,0,0,0,0,0,0,0,0,0,0,0,0,0,0,0,0,0,0,0,0,0,0,0,0,0,0,0,0,0,0,0,0,0,0,0,0,0,0,0,0,0,0,0,0,0,0,4294967295,62,4294967295,4294967295,4294967295,4294967295,4294967295,4294967295,4294967295,4294967295
774,0,69,69,1,64,0,64,0,64,0,68,4352,3718,634,634,0,0,3718,0,0,0,68,3914,3846,0,0,0,0,14,0,1048576,0,0,0,inf,1.07684326,1.25553894,inf,0,0,0,0,0,0,0,0,0,0,0,0,0,0,0,0,0,0,0,0,0,0,0,0,0,0,0,0,0,0,0,0,0,0,0,0,0,0,0,0,0,0,0,0,0,0,0,0,0,0,0,0,0,0,0,0,0,0,0,0,0,0,0,0,0,0,0,0,0,0,0,0,0,0,0,0,0,0,0,0,0,0,0,0,0,0,0,0,0,4294967295,4294967295,4294967295,4294967295,4294967295,4294967295,4294967295,4294967295,4294967295,4294967295
775,0,69,69,1,64,0,64,0,64,0,68,4352,4003,349,349,0,0,4003,0,0,0,68,4199,4131,0,0,0,0,14,0,1048576,0,0,0,inf,0.914718628,0.992248535,inf,0,0,0,0,0,0,0,0,0,0,0,0,0,0,0,0,0,0,0,0,0,0,0,0,0,0,0,0,0,0,0,0,0,0,0,0,0,0,0,0,0,0,0,0,0,0,0,0,0,0,0,0,0,0,0,0,0,0,0,0,0,0,0,0,0,0,0,0,0,0,0,0,0,0,0,0,0,0,0,0,0,0,0,0,0,0,0,0,0,4294967295,4294967295,4294967295,4294967295,4294967295,4294967295,4294967295,4294967295,4294967295,4294967295
776,0,69,69,1,64,0,64,0,64,0,68,4352,3611,741,741,0,0,3611,0,0,0,68,3807,3739,0,0,0,0,14,0,1048576,0,0,0,inf,0.878768921,0.952728271,inf,0,0,0,0,0,0,0,0,0,0,0,0,0,0,0,0,0,0,0,0,0,0,0,0,0,0,0,0,0,0,0,0,0,0,0,0,0,0,0,0,0,0,0,0,0,0,0,0,0,0,0,0,0,0,0,0,0,0,0,0,0,0,0,0,0,0,0,0,0,0,0,0,0,0,0,0,0,0,0,0,0,0,0,0,0,0,0,0,0,4294967295,4294967295,4294967295,4294967295,4294967295,4294967295,4294967295,4294967295,4294967295,4294967295
777,0.100000001,69,69,1,64,0,64,0,64,0,68,4352,3871,481,481,0,1,3870,0,1,1,68,4067,3999,1,0,4,1,14,0,1048576,0,0,0,inf,0.717498779,0.831466675,inf,0,0,0,0,0,0,0,0,0,0,0,0,0,0,0,0,0,0,0,0,0,0,0,4,0,0,0,0,0,0,0,0,0,0,0,0,0,0,0,0,0,0,0,0,0,0,0,0,0,0,0,0,0,0,0,0,0,0,0,0,0,0,0,0,0,0,0,0,0,0,0,0,0,0,0,0,0,0,0,0,0,0,0,0,0,0,0,0,0,4294967295,4294967295,40,4294967295,4294967295,4294967295,4294967295,4294967295,4294967295,4294967295
778,0.300000012,69,69,1,64,0,64,0,64,0,68,4352,3233,1119,1119,0,3,3230,0,3,3,68,3429,3361,3,0,261,3,14,0,1048576,0,0,0,inf,0.648574829,0.726242065,inf,0,0,0,0,0,0,0,0,0,0,0,0,0,0,0,0,0,0,0,0,0,0,0,261,0,0,0,0,0,0,0,0,0,0,0,0,0,0,0,0,0,0,0,0,0,0,0,0,0,0,0,0,0,0,0,0,0,0,0,0,0,0,0,0,0,0,0,0,0,0,0,0,0,0,0,0,0,0,0,0,0,0,0,0,0,0,0,0,0,26,4294967295,47,4294967295,4294967295,4294967295,4294967295,4294967295,1,4294967295
779,0.400000006,69,69,1,64,1,63,1,63,0,68,4352,3424,928,928,0,4,3420,0,4,4,68,3620,3552,4,0,23,4,14,0,1048576,0,0,0,inf,0.78742981,0.873977661,inf,0,0,0,0,0,0,0,0,0,0,0,0,0,0,0,0,0,0,0,0,0,0,0,23,0,0,0,0,0,0,0,0,0,0,0,0,0,0,0,0,0,0,0,0,0,0,0,0,0,0,0,0,0,0,0,0,0,0,0,0,0,0,0,0,0,0,0,0,0,0,0,0,0,0,0,0,0,0,0,0,0,0,0,0,0,0,0,0,0,7,25,38,4294967295,55,4294967295,4294967295,4294967295,4294967295,4294967295
780,1,69,69,1,64,47,17,12,17,37,31,4352,1997,2355,2355,0,315,1682,0,64,37,68,920,2125,315,0,1023,10,14,0,1048576,0,0,0,inf,0.572967529,0.737594604,0.427398682,0,0,0,0,0,0,0,0,0,0,0,0,0,0,0,0,0,0,0,0,0,0,0,1023,0,0,0,0,0,0,0,0,0,0,0,0,0,0,0,0,0,0,0,0,0,0,0,0,0,0,0,0,0,0,0,0,0,0,0,0,0,0,0,0,0,0,0,0,0,0,0,0,0,0,0,0,0,0,0,0,0,0,0,0,0,0,0,0,0,13,13,13,14,12,13,16,11,14,12
781,0.600000024,69,69,1,64,4,60,1,60,3,65,4352,3380,972,972,0,29,3351,0,20,20,68,1979,3508,29,0,853,10,14,0,1048576,0,0,0,inf,1.32006836,1.38667297,1.42315674,0,0,0,0,0,0,0,0,0,0,0,0,0,0,0,0,0,0,0,0,0,0,0,853,0,0,0,0,0,0,0,0,0,0,0,0,0,0,0,0,0,0,0,0,0,0,0,0,0,0,0,0,0,0,0,0,0,0,0,0,0,0,0,0,0,0,0,0,0,0,0,0,0,0,0,0,0,0,0,0,0,0,0,0,0,0,0,0,0,9,4294967295,47,4294967295,23,4294967295,30,4294967295,34,38
782,0.200000003,69,69,1,64,1,63,0,63,1,67,4352,2862,1490,1490,0,2,2860,0,2,2,68,3058,2990,2,0,3,2,14,0,1048576,0,0,0,inf,0.770385742,0.926208496,inf,0,0,0,0,0,0,0,0,0,0,0,0,0,0,0,0,0,0,0,0,0,0,0,3,0,0,0,0,0,0,0,0,0,0,0,0,0,0,0,0,0,0,0,0,0,0,0,0,0,0,0,0,0,0,0,0,0,0,0,0,0,0,0,0,0,0,0,0,0,0,0,0,0,0,0,0,0,0,0,0,0,0,0,0,0,0,0,0,0,32,41,4294967295,4294967295,4294967295,4294967295,4294967295,4294967295,4294967295,4294967295
783,0,69,69,1,64,0,64,0,64,0,68,4352,2108,2244,2244,0,0,2108,0,0,0,68,2304,2236,0,0,0,0,14,0,1048576,0,0,0,inf,0.483810425,0.615646362,inf,0,0,0,0,0,0,0,0,0,0,0,0,0,0,0,0,0,0,0,0,0,0,0,0,0,0,0,0,0,0,0,0,0,0,0,0,0,0,0,0,0,0,0,0,0,0,0,0,0,0,0,0,0,0,0,0,0,0,0,0,0,0,0,0,0,0,0,0,0,0,0,0,0,0,0,0,0,0,0,0,0,0,0,0,0,0,0,0,0,4294967295,4294967295,4294967295,4294967295,4294967295,4294967295,4294967295,4294967295,4294967295,4294967295
784,0.400000006,69,69,1,64,1,63,1,63,0,68,4352,3068,1284,1284,0,7,3061,0,7,7,68,3264,3196,7,0,99,7,14,0,1048576,0,0,0,inf,0.714599609,0.808959961,inf,0,0,0,0,0,0,0,0,0,0,0,0,0,0,0,0,0,0,0,0,0,0,0,99,0,0,0,0,0,0,0,0,0,0,0,0,0,0,0,0,0,0,0,0,0,0,0,0,0,0,0,0,0,0,0,0,0,0,0,0,0,0,0,0,0,0,0,0,0,0,0,0,0,0,0,0,0,0,0,0,0,0,0,0,0,0,0,0,0,56,47,4294967295,4294967295,4294967295,26,62,4294967295,4294967295,4294967295
785,0.600000024,69,69,1,64,3,61,1,61,2,66,4352,3807,545,545,0,29,3778,0,18,15,68,2817,3935,29,0,125,10,14,0,1048576,0,0,0,inf,1.00714111,1.09487915,1.19952393,0,0,0,0,0,0,0,0,0,0,0,0,0,0,0,0,0,0,0,0,0,0,0,125,0,0,0,0,0,0,0,0,0,0,0,0,0,0,0,0,0,0,0,0,0,0,0,0,0,0,0,0,0,0,0,0,0,0,0,0,0,0,0,0,0,0,0,0,0,0,0,0,0,0,0,0,0,0,0,0,0,0,0,0,0,0,0,0,0,44,4294967295,22,27,44,45,8,4294967295,4294967295,4294967295
786,1,69,69,1,64,34,30,8,30,26,42,4352,2504,1848,1848,0,392,2112,0,45,33,68,597,2632,392,0,1023,10,14,0,1048576,0,0,0,inf,0.605377197,0.734313965,0.546417236,0,0,0,0,0,0,0,0,0,0,0,0,0,0,0,0,0,0,0,0,0,0,0,1023,0,0,0,0,0,0,0,0,0,0,0,0,0,0,0,0,0,0,0,0,0,0,0,0,0,0,0,0,0,0,0,0,0,0,0,0,0,0,0,0,0,0,0,0,0,0,0,0,0,0,0,0,0,0,0,0,0,0,0,0,0,0,0,0,0,8,7,9,9,6,10,14,10,5,11
787,0.400000006,69,69,1,64,2,62,0,62,2,66,4352,2411,1941,1941,0,8,2403,0,8,8,68,2607,2539,8,0,23,8,14,0,1048576,0,0,0,inf,0.454849243,0.538024902,inf,0,0,0,0,0,0,0,0,0,0,0,0,0,0,0,0,0,0,0,0,0,0,0,23,0,0,0,0,0,0,0,0,0,0,0,0,0,0,0,0,0,0,0,0,0,0,0,0,0,0,0,0,0,0,0,0,0,0,0,0,0,0,0,0,0,0,0,0,0,0,0,0,0,0,0,0,0,0,0,0,0,0,0,0,0,0,0,0,0,5,4,42,4294967295,59,4294967295,4294967295,4294967295,4294967295,4294967295
788,1,69,69,1,64,41,23,6,23,35,33,4352,2052,2300,2300,0,340,1712,0,43,27,68,602,2180,340,0,1023,10,14,0,1048576,0,0,0,inf,0.451782227,0.597915649,0.340499878,0,0,0,0,0,0,0,0,0,0,0,0,0,0,0,0,0,0,0,0,0,0,0,1023,0,0,0,0,0,0,0,0,0,0,0,0,0,0,0,0,0,0,0,0,0,0,0,0,0,0,0,0,0,0,0,0,0,0,0,0,0,0,0,0,0,0,0,0,0,0,0,0,0,0,0,0,0,0,0,0,0,0,0,0,0,0,0,0,0,7,5,7,8,8,4,7,6,7,5
789,0.800000012,69,69,1,64,4,60,2,60,2,66,4352,2215,2137,2137,0,8,2207,0,8,8,68,2411,2343,8,0,495,8,14,0,1048576,0,0,0,inf,1.00630188,1.21217346,inf,0,0,0,0,0,0,0,0,0,0,0,0,0,0,0,0,0,0,0,0,0,0,0,495,0,0,0,0,0,0,0,0,0,0,0,0,0,0,0,0,0,0,0,0,0,0,0,0,0,0,0,0,0,0,0,0,0,0,0,0,0,0,0,0,0,0,0,0,0,0,0,0,0,0,0,0,0,0,0,0,0,0,0,0,0,0,0,0,0,12,6,27,28,4294967295,27,3,3,16,4294967295
790,0.100000001,69,69,1,64,0,64,0,64,0,68,4352,3618,734,734,0,1,3617,0,1,1,68,3814,3746,1,0,1,1,14,0,1048576,0,0,0,inf,1.01850891,1.18128967,inf,0,0,0,0,0,0,0,0,0,0,0,0,0,0,0,0,0,0,0,0,0,0,0,1,0,0,0,0,0,0,0,0,0,0,0,0,0,0,0,0,0,0,0,0,0,0,0,0,0,0,0,0,0,0,0,0,0,0,0,0,0,0,0,0,0,0,0,0,0,0,0,0,0,0,0,0,0,0,0,0,0,0,0,0,0,0,0,0,0,58,4294967295,4294967295,4294967295,4294967295,4294967295,4294967295,4294967295,4294967295,4294967295
791,0,69,69,1,64,0,64,0,64,0,68,4352,2961,1391,1391,0,0,2961,0,0,0,68,3157,3089,0,0,0,0,14,0,1048576,0,0,0,inf,0.418182373,0.5,inf,0,0,0,0,0,0,0,0,0,0,0,0,0,0,0,0,0,0,0,0,0,0,0,0,0,0,0,0,0,0,0,0,0,0,0,0,0,0,0,0,0,0,0,0,0,0,0,0,0,0,0,0,0,0,0,0,0,0,0,0,0,0,0,0,0,0,0,0,0,0,0,0,0,0,0,0,0,0,0,0,0,0,0,0,0,0,0,0,0,4294967295,4294967295,4294967295,4294967295,4294967295,4294967295,4294967295,4294967295,4294967295,4294967295
792,0.899999976,69,69,1,64,0,64,0,64,0,68,4352,2545,1807,1807,0,22,2523,0,17,16,68,1951,2673,22,0,895,10,14,0,1048576,0,0,0,inf,0.910171509,1.12849426,1.23892212,0,0,0,0,0,0,0,0,0,0,0,0,0,0,0,0,0,0,0,0,0,0,0,895,0,0,0,0,0,0,0,0,0,0,0,0,0,0,0,0,0,0,0,0,0,0,0,0,0,0,0,0,0,0,0,0,0,0,0,0,0,0,0,0,0,0,0,0,0,0,0,0,0,0,0,0,0,0,0,0,0,0,0,0,0,0,0,0,0,27,25,25,47,35,18,28,4294967295,23,28
793,0.699999988,69,69,1,64,6,58,1,58,5,63,4352,3212,1140,1140,0,34,3178,0,18,18,68,1783,3340,34,0,319,10,14,0,1048576,0,0,0,inf,0.96031189,1.1151886,1.16261292,0,0,0,0,0,0,0,0,0,0,0,0,0,0,0,0,0,0,0,0,0,0,0,319,0,0,0,0,0,0,0,0,0,0,0,0,0,0,0,0,0,0,0,0,0,0,0,0,0,0,0,0,0,0,0,0,0,0,0,0,0,0,0,0,0,0,0,0,0,0,0,0,0,0,0,0,0,0,0,0,0,0,0,0,0,0,0,0,0,11,11,11,16,34,49,4294967295,4294967295,49,4294967295
794,0,69,69,1,64,0,64,0,64,0,68,4352,3575,777,777,0,0,3575,0,0,0,68,3771,3703,0,0,0,0,14,0,1048576,0,0,0,inf,0.964050293,1.11729431,inf,0,0,0,0,0,0,0,0,0,0,0,0,0,0,0,0,0,0,0,0,0,0,0,0,0,0,0,0,0,0,0,0,0,0,0,0,0,0,0,0,0,0,0,0,0,0,0,0,0,0,0,0,0,0,0,0,0,0,0,0,0,0,0,0,0,0,0,0,0,0,0,0,0,0,0,0,0,0,0,0,0,0,0,0,0,0,0,0,0,4294967295,4294967295,4294967295,4294967295,4294967295,4294967295,4294967295,4294967295,4294967295,4294967295
795,0.400000006,69,69,1,64,1,63,0,63,1,67,4352,3115,1237,1237,0,4,3111,0,4,4,68,3311,3243,4,0,281,4,14,0,1048576,0,0,0,inf,0.921737671,1.03486633,inf,0,0,0,0,0,0,0,0,0,0,0,0,0,0,0,0,0,0,0,0,0,0,0,281,0,0,0,0,0,0,0,0,0,0,0,0,0,0,0,0,0,0,0,0,0,0,0,0,0,0,0,0,0,0,0,0,0,0,0,0,0,0,0,0,0,0,0,0,0,0,0,0,0,0,0,0,0,0,0,0,0,0,0,0,0,0,0,0,0,13,4294967295,4294967295,60,15,4294967295,4294967295,4294967295,39,4294967295
796,1,69,69,1,64,31,33,10,33,21,47,4352,3487,865,865,0,203,3284,0,33,30,68,861,3615,203,0,1023,10,14,0,1048576,0,0,0,inf,0.78843689,0.909805298,0.784942627,0,0,0,0,0,0,0,0,0,0,0,0,0,0,0,0,0,0,0,0,0,0,0,1023,0,0,0,0,0,0,0,0,0,0,0,0,0,0,0,0,0,0,0,0,0,0,0,0,0,0,0,0,0,0,0,0,0,0,0,0,0,0,0,0,0,0,0,0,0,0,0,0,0,0,0,0,0,0,0,0,0,0,0,0,0,0,0,0,0,20,16,17,20,16,21,11,17,17,23
797,0.300000012,69,69,1,64,0,64,0,64,0,68,4352,2158,2194,2194,0,3,2155,0,3,3,68,2354,2286,3,0,11,3,14,0,1048576,0,0,0,inf,0.933959961,1.20394897,inf,0,0,0,0,0,0,0,0,0,0,0,0,0,0,0,0,0,0,0,0,0,0,0,11,0,0,0,0,0,0,0,0,0,0,0,0,0,0,0,0,0,0,0,0,0,0,0,0,0,0,0,0,0,0,0,0,0,0,0,0,0,0,0,0,0,0,0,0,0,0,0,0,0,0,0,0,0,0,0,0,0,0,0,0,0,0,0,0,0,13,50,4294967295,57,4294967295,4294967295,4294967295,4294967295,4294967295,4294967295
798,0.400000006,69,69,1,64,0,64,0,64,0,68,4352,1719,2633,2633,0,4,1715,0,4,4,68,1915,1847,4,0,71,4,14,0,1048576,0,0,0,inf,0.869400024,1.3049469,inf,0,0,0,0,0,0,0,0,0,0,0,0,0,0,0,0,0,0,0,0,0,0,0,71,0,0,0,0,0,0,0,0,0,0,0,0,0,0,0,0,0,0,0,0,0,0,0,0,0,0,0,0,0,0,0,0,0,0,0,0,0,0,0,0,0,0,0,0,0,0,0,0,0,0,0,0,0,0,0,0,0,0,0,0,0,0,0,0,0,54,12,0,4294967295,4294967295,4294967295,10,4294967295,4294967295,4294967295
799,0.300000012,69,69,1,64,2,62,0,62,2,66,4352,2837,1515,1515,0,3,2834,0,3,3,68,3033,2965,3,0,7,3,14,0,1048576,0,0,0,inf,0.575790405,0.68270874,inf,0,0,0,0,0,0,0,0,0,0,0,0,0,0,0,0,0,0,0,0,0,0,0,7,0,0,0,0,0,0,0,0,0,0,0,0,0,0,0,0,0,0,0,0,0,0,0,0,0,0,0,0,0,0,0,0,0,0,0,0,0,0,0,0,0,0,0,0,0,0,0,0,0,0,0,0,0,0,0,0,0,0,0,0,0,0,0,0,0,12,13,29,4294967295,4294967295,4294967295,4294967295,4294967295,4294967295,4294967295
800,0,69,69,1,64,0,64,0,64,0,68,4352,3244,1108,1108,0,0,3244,0,0,0,68,3440,3372,0,0,0,0,14,0,1048576,0,0,0,inf,0.864456177,1.12522888,inf,0,0,0,0,0,0,0,0,0,0,0,0,0,0,0,0,0,0,0,0,0,0,0,0,0,0,0,0,0,0,0,0,0,0,0,0,0,0,0,0,0,0,0,0,0,0,0,0,0,0,0,0,0,0,0,0,0,0,0,0,0,0,0,0,0,0,0,0,0,0,0,0,0,0,0,0,0,0,0,0,0,0,0,0,0,0,0,0,0,4294967295,4294967295,4294967295,4294967295,4294967295,4294967295,4294967295,4294967295,4294967295,4294967295
801,0.100000001,69,69,1,64,0,64,0,64,0,68,4352,3264,1088,1088,0,1,3263,0,1,1,68,3460,3392,1,0,1,1,14,0,1048576,0,0,0,inf,0.426239014,0.529129028,inf,0,0,0,0,0,0,0,0,0,0,0,0,0,0,0,0,0,0,0,0,0,0,0,1,0,0,0,0,0,0,0,0,0,0,0,0,0,0,0,0,0,0,0,0,0,0,0,0,0,0,0,0,0,0,0,0,0,0,0,0,0,0,0,0,0,0,0,0,0,0,0,0,0,0,0,0,0,0,0,0,0,0,0,0,0,0,0,0,0,12,4294967295,4294967295,4294967295,4294967295,4294967295,4294967295,4294967295,4294967295,4294967295
802,0.100000001,69,69,1,64,0,64,0,64,0,68,4352,2541,1811,1811,0,2,2539,0,2,2,68,2737,2669,2,0,1,2,14,0,1048576,0,0,0,inf,1.23254395,1.59695435,inf,0,0,0,0,0,0,0,0,0,0,0,0,0,0,0,0,0,0,0,0,0,0,0,1,0,0,0,0,0,0,0,0,0,0,0,0,0,0,0,0,0,0,0,0,0,0,0,0,0,0,0,0,0,0,0,0,0,0,0,0,0,0,0,0,0,0,0,0,0,0,0,0,0,0,0,0,0,0,0,0,0,0,0,0,0,0,0,0,0,20,4294967295,4294967295,4294967295,4294967295,4294967295,4294967295,4294967295,4294967295,4294967295
803,0.200000003,69,69,1,64,0,64,0,64,0,68,4352,3266,1086,1086,0,2,3264,0,2,2,68,3462,3394,2,0,17,2,14,0,1048576,0,0,0,inf,0.423141479,0.477035522,inf,0,0,0,0,0,0,0,0,0,0,0,0,0,0,0,0,0,0,0,0,0,0,0,17,0,0,0,0,0,0,0,0,0,0,0,0,0,0,0,0,0,0,0,0,0,0,0,0,0,0,0,0,0,0,0,0,0,0,0,0,0,0,0,0,0,0,0,0,0,0,0,0,0,0,0,0,0,0,0,0,0,0,0,0,0,0,0,0,0,19,4294967295,4294967295,4294967295,52,4294967295,4294967295,4294967295,4294967295,4294967295
804,0.600000024,69,69,1,64,0,64,0,64,0,68,4352,3566,786,786,0,8,3558,0,8,8,68,3762,3694,8,0,667,8,14,0,1048576,0,0,0,inf,0.820053101,0.90196228,inf,0,0,0,0,0,0,0,0,0,0,0,0,0,0,0,0,0,0,0,0,0,0,0,667,0,0,0,0,0,0,0,0,0,0,0,0,0,0,0,0,0,0,0,0,0,0,0,0,0,0,0,0,0,0,0,0,0,0,0,0,0,0,0,0,0,0,0,0,0,0,0,0,0,0,0,0,0,0,0,0,0,0,0,0,0,0,0,0,0,15,52,4294967295,15,67,4294967295,4294967295,21,4294967295,40
805,0.600000024,69,69,1,64,1,63,1,63,0,68,4352,2502,1850,1850,0,14,2488,0,14,13,68,2391,2630,14,0,469,10,14,0,1048576,0,0,0,inf,0.699905396,0.861038208,1.03843689,0,0,0,0,0,0,0,0,0,0,0,0,0,0,0,0,0,0,0,0,0,0,0,469,0,0,0,0,0,0,0,0,0,0,0,0,0,0,0,0,0,0,0,0,0,0,0,0,0,0,0,0,0,0,0,0,0,0,0,0,0,0,0,0,0,0,0,0,0,0,0,0,0,0,0,0,0,0,0,0,0,0,0,0,0,0,0,0,0,6,4294967295,13,4294967295,8,4294967295,14,36,8,4294967295
806,1,69,69,1,64,8,56,2,56,6,62,4352,2469,1883,1883,0,14,2455,0,11,11,68,1215,2597,14,0,1023,10,14,0,1048576,0,0,0,inf,0.684432983,0.874893188,0.782699585,0,0,0,0,0,0,0,0,0,0,0,0,0,0,0,0,0,0,0,0,0,0,0,1023,0,0,0,0,0,0,0,0,0,0,0,0,0,0,0,0,0,0,0,0,0,0,0,0,0,0,0,0,0,0,0,0,0,0,0,0,0,0,0,0,0,0,0,0,0,0,0,0,0,0,0,0,0,0,0,0,0,0,0,0,0,0,0,0,0,5,6,6,6,8,10,23,10,6,6
807,1,69,69,1,64,15,49,1,49,14,54,4352,2389,1963,1963,0,24,2365,0,16,14,68,512,2517,24,0,1023,10,14,0,1048576,0,0,0,inf,0.682922363,0.815078735,0.609054565,0,0,0,0,0,0,0,0,0,0,0,0,0,0,0,0,0,0,0,0,0,0,0,1023,0,0,0,0,0,0,0,0,0,0,0,0,0,0,0,0,0,0,0,0,0,0,0,0,0,0,0,0,0,0,0,0,0,0,0,0,0,0,0,0,0,0,0,0,0,0,0,0,0,0,0,0,0,0,0,0,0,0,0,0,0,0,0,0,0,3,4,4,4,4,4,5,3,6,8
808,0.100000001,69,69,1,64,1,63,0,63,1,67,4352,3773,579,579,0,1,3772,0,1,1,68,3969,3901,1,0,1,1,14,0,1048576,0,0,0,inf,0.848052979,0.932540894,inf,0,0,0,0,0,0,0,0,0,0,0,0,0,0,0,0,0,0,0,0,0,0,0,1,0,0,0,0,0,0,0,0,0,0,0,0,0,0,0,0,0,0,0,0,0,0,0,0,0,0,0,0,0,0,0,0,0,0,0,0,0,0,0,0,0,0,0,0,0,0,0,0,0,0,0,0,0,0,0,0,0,0,0,0,0,0,0,0,0,14,4294967295,4294967295,4294967295,4294967295,4294967295,4294967295,4294967295,4294967295,4294967295
809,0,69,69,1,64,0,64,0,64,0,68,4352,3529,823,823,0,0,3529,0,0,0,68,3725,3657,0,0,0,0,14,0,1048576,0,0,0,inf,0.802871704,0.874954224,inf,0,0,0,0,0,0,0,0,0,0,0,0,0,0,0,0,0,0,0,0,0,0,0,0,0,0,0,0,0,0,0,0,0,0,0,0,0,0,0,0,0,0,0,0,0,0,0,0,0,0,0,0,0,0,0,0,0,0,0,0,0,0,0,0,0,0,0,0,0,0,0,0,0,0,0,0,0,0,0,0,0,0,0,0,0,0,0,0,0,4294967295,4294967295,4294967295,4294967295,4294967295,4294967295,4294967295,4294967295,4294967295,4294967295
810,0,69,69,1,64,0,64,0,64,0,68,4352,3222,1130,1130,0,0,3222,0,0,0,68,3418,3350,0,0,0,0,14,0,1048576,0,0,0,inf,0.539123535,0.60975647,inf,0,0,0,0,0,0,0,0,0,0,0,0,0,0,0,0,0,0,0,0,0,0,0,0,0,0,0,0,0,0,0,0,0,0,0,0,0,0,0,0,0,0,0,0,0,0,0,0,0,0,0,0,0,0,0,0,0,0,0,0,0,0,0,0,0,0,0,0,0,0,0,0,0,0,0,0,0,0,0,0,0,0,0,0,0,0,0,0,0,4294967295,4294967295,4294967295,4294967295,4294967295,4294967295,4294967295,4294967295,4294967295,4294967295
811,0.800000012,69,69,1,64,4,60,0,60,4,64,4352,3172,1180,1180,0,14,3158,0,12,12,68,3297,3300,14,0,383,10,14,0,1048576,0,0,0,inf,0.797195435,0.936340332,1.08076477,0,0,0,0,0,0,0,0,0,0,0,0,0,0,0,0,0,0,0,0,0,0,0,383,0,0,0,0,0,0,0,0,0,0,0,0,0,0,0,0,0,0,0,0,0,0,0,0,0,0,0,0,0,0,0,0,0,0,0,0,0,0,0,0,0,0,0,0,0,0,0,0,0,0,0,0,0,0,0,0,0,0,0,0,0,0,0,0,0,10,26,28,11,11,22,14,4294967295,14,4294967295
812,0.200000003,69,69,1,64,0,64,0,64,0,68,4352,2471,1881,1881,0,2,2469,0,2,2,68,2667,2599,2,0,9,2,14,0,1048576,0,0,0,inf,0.648406982,0.806488037,inf,0,0,0,0,0,0,0,0,0,0,0,0,0,0,0,0,0,0,0,0,0,0,0,9,0,0,0,0,0,0,0,0,0,0,0,0,0,0,0,0,0,0,0,0,0,0,0,0,0,0,0,0,0,0,0,0,0,0,0,0,0,0,0,0,0,0,0,0,0,0,0,0,0,0,0,0,0,0,0,0,0,0,0,0,0,0,0,0,0,37,4294967295,4294967295,60,4294967295,4294967295,4294967295,4294967295,4294967295,4294967295
813,0.400000006,69,69,1,64,2,62,0,62,2,66,4352,2978,1374,1374,0,4,2974,0,4,4,68,3174,3106,4,0,275,4,14,0,1048576,0,0,0,inf,1.15342712,1.33102417,inf,0,0,0,0,0,0,0,0,0,0,0,0,0,0,0,0,0,0,0,0,0,0,0,275,0,0,0,0,0,0,0,0,0,0,0,0,0,0,0,0,0,0,0,0,0,0,0,0,0,0,0,0,0,0,0,0,0,0,0,0,0,0,0,0,0,0,0,0,0,0,0,0,0,0,0,0,0,0,0,0,0,0,0,0,0,0,0,0,0,2,3,4294967295,4294967295,3,4294967295,4294967295,4294967295,63,4294967295
814,0,69,69,1,64,0,64,0,64,0,68,4352,3206,1146,1146,0,1,3205,0,1,1,68,3402,3334,1,0,0,1,14,0,1048576,0,0,0,inf,0.722595215,0.819869995,inf,0,0,0,0,0,0,0,0,0,0,0,0,0,0,0,0,0,0,0,0,0,0,0,0,0,0,0,0,0,0,0,0,0,0,0,0,0,0,0,0,0,0,0,0,0,0,0,0,0,0,0,0,0,0,0,0,0,0,0,0,0,0,0,0,0,0,0,0,0,0,0,0,0,0,0,0,0,0,0,0,0,0,0,0,0,0,0,0,0,4294967295,4294967295,4294967295,4294967295,4294967295,4294967295,4294967295,4294967295,4294967295,4294967295
815,0.100000001,69,69,1,64,0,64,0,64,0,68,4352,2126,2226,2226,0,1,2125,0,1,1,68,2322,2254,1,0,1,1,14,0,1048576,0,0,0,inf,0.877365112,1.09614563,inf,0,0,0,0,0,0,0,0,0,0,0,0,0,0,0,0,0,0,0,0,0,0,0,1,0,0,0,0,0,0,0,0,0,0,0,0,0,0,0,0,0,0,0,0,0,0,0,0,0,0,0,0,0,0,0,0,0,0,0,0,0,0,0,0,0,0,0,0,0,0,0,0,0,0,0,0,0,0,0,0,0,0,0,0,0,0,0,0,0,10,4294967295,4294967295,4294967295,4294967295,4294967295,4294967295,4294967295,4294967295,4294967295
816,0.699999988,69,69,1,64,1,63,0,63,1,67,4352,2929,1423,1423,0,16,2913,0,14,14,68,2598,3057,16,0,699,10,14,0,1048576,0,0,0,inf,0.802871704,0.917907715,1.13128662,0,0,0,0,0,0,0,0,0,0,0,0,0,0,0,0,0,0,0,0,0,0,0,699,0,0,0,0,0,0,0,0,0,0,0,0,0,0,0,0,0,0,0,0,0,0,0,0,0,0,0,0,0,0,0,0,0,0,0,0,0,0,0,0,0,0,0,0,0,0,0,0,0,0,0,0,0,0,0,0,0,0,0,0,0,0,0,0,0,14,13,4294967295,13,13,31,4294967295,44,4294967295,34
817,0.200000003,69,69,1,64,0,64,0,64,0,68,4352,3616,736,736,0,3,3613,0,3,3,68,3812,3744,3,0,18,3,14,0,1048576,0,0,0,inf,0.969314575,1.05046082,inf,0,0,0,0,0,0,0,0,0,0,0,0,0,0,0,0,0,0,0,0,0,0,0,18,0,0,0,0,0,0,0,0,0,0,0,0,0,0,0,0,0,0,0,0,0,0,0,0,0,0,0,0,0,0,0,0,0,0,0,0,0,0,0,0,0,0,0,0,0,0,0,0,0,0,0,0,0,0,0,0,0,0,0,0,0,0,0,0,0,4294967295,11,4294967295,4294967295,65,4294967295,4294967295,4294967295,4294967295,4294967295
818,0.300000012,69,69,1,64,1,63,0,63,1,67,4352,2857,1495,1495,0,3,2854,0,3,3,68,3053,2985,3,0,25,3,14,0,1048576,0,0,0,inf,0.864837646,1.03312683,inf,0,0,0,0,0,0,0,0,0,0,0,0,0,0,0,0,0,0,0,0,0,0,0,25,0,0,0,0,0,0,0,0,0,0,0,0,0,0,0,0,0,0,0,0,0,0,0,0,0,0,0,0,0,0,0,0,0,0,0,0,0,0,0,0,0,0,0,0,0,0,0,0,0,0,0,0,0,0,0,0,0,0,0,0,0,0,0,0,0,8,4294967295,4294967295,27,54,4294967295,4294967295,4294967295,4294967295,4294967295
819,0.100000001,69,69,1,64,0,64,0,64,0,68,4352,3707,645,645,0,1,3706,0,1,1,68,3903,3835,1,0,2,1,14,0,1048576,0,0,0,inf,0.844161987,0.945632935,inf,0,0,0,0,0,0,0,0,0,0,0,0,0,0,0,0,0,0,0,0,0,0,0,2,0,0,0,0,0,0,0,0,0,0,0,0,0,0,0,0,0,0,0,0,0,0,0,0,0,0,0,0,0,0,0,0,0,0,0,0,0,0,0,0,0,0,0,0,0,0,0,0,0,0,0,0,0,0,0,0,0,0,0,0,0,0,0,0,0,4294967295,66,4294967295,4294967295,4294967295,4294967295,4294967295,4294967295,4294967295,4294967295
820,0.200000003,69,69,1,64,0,64,0,64,0,68,4352,2205,2147,2147,0,3,2202,0,3,3,68,2401,2333,3,0,33,3,14,0,1048576,0,0,0,inf,1.16821289,1.63121033,inf,0,0,0,0,0,0,0,0,0,0,0,0,0,0,0,0,0,0,0,0,0,0,0,33,0,0,0,0,0,0,0,0,0,0,0,0,0,0,0,0,0,0,0,0,0,0,0,0,0,0,0,0,0,0,0,0,0,0,0,0,0,0,0,0,0,0,0,0,0,0,0,0,0,0,0,0,0,0,0,0,0,0,0,0,0,0,0,0,0,16,4294967295,4294967295,4294967295,4294967295,39,4294967295,4294967295,4294967295,4294967295
821,0.300000012,69,69,1,64,0,64,0,64,0,68,4352,2968,1384,1384,0,3,2965,0,3,3,68,3164,3096,3,0,35,3,14,0,1048576,0,0,0,inf,1.00604248,1.15734863,inf,0,0,0,0,0,0,0,0,0,0,0,0,0,0,0,0,0,0,0,0,0,0,0,35,0,0,0,0,0,0,0,0,0,0,0,0,0,0,0,0,0,0,0,0,0,0,0,0,0,0,0,0,0,0,0,0,0,0,0,0,0,0,0,0,0,0,0,0,0,0,0,0,0,0,0,0,0,0,0,0,0,0,0,0,0,0,0,0,0,30,22,4294967295,4294967295,4294967295,21,4294967295,4294967295,4294967295,4294967295
822,0.100000001,69,69,1,64,0,64,0,64,0,68,4352,3646,706,706,0,1,3645,0,1,1,68,3842,3774,1,0,8,1,14,0,1048576,0,0,0,inf,0.770812988,0.841201782,inf,0,0,0,0,0,0,0,0,0,0,0,0,0,0,0,0,0,0,0,0,0,0,0,8,0,0,0,0,0,0,0,0,0,0,0,0,0,0,0,0,0,0,0,0,0,0,0,0,0,0,0,0,0,0,0,0,0,0,0,0,0,0,0,0,0,0,0,0,0,0,0,0,0,0,0,0,0,0,0,0,0,0,0,0,0,0,0,0,0,4294967295,4294967295,4294967295,14,4294967295,4294967295,4294967295,4294967295,4294967295,4294967295
823,0.100000001,69,69,1,64,0,64,0,64,0,68,4352,3123,1229,1229,0,2,3121,0,2,2,68,3319,3251,2,0,1,2,14,0,1048576,0,0,0,inf,0.79145813,0.929901123,inf,0,0,0,0,0,0,0,0,0,0,0,0,0,0,0,0,0,0,0,0,0,0,0,1,0,0,0,0,0,0,0,0,0,0,0,0,0,0,0,0,0,0,0,0,0,0,0,0,0,0,0,0,0,0,0,0,0,0,0,0,0,0,0,0,0,0,0,0,0,0,0,0,0,0,0,0,0,0,0,0,0,0,0,0,0,0,0,0,0,4,4294967295,4294967295,4294967295,4294967295,4294967295,4294967295,4294967295,4294967295,4294967295
824,0,69,69,1,64,0,64,0,64,0,68,4352,3677,675,675,0,0,3677,0,0,0,68,3873,3805,0,0,0,0,14,0,1048576,0,0,0,inf,0.752471924,0.850509644,inf,0,0,0,0,0,0,0,0,0,0,0,0,0,0,0,0,0,0,0,0,0,0,0,0,0,0,0,0,0,0,0,0,0,0,0,0,0,0,0,0,0,0,0,0,0,0,0,0,0,0,0,0,0,0,0,0,0,0,0,0,0,0,0,0,0,0,0,0,0,0,0,0,0,0,0,0,0,0,0,0,0,0,0,0,0,0,0,0,0,4294967295,4294967295,4294967295,4294967295,4294967295,4294967295,4294967295,4294967295,4294967295,4294967295
825,0.699999988,69,69,1,64,3,61,0,61,3,65,4352,3417,935,935,0,33,3384,0,24,17,68,1052,3545,33,0,499,10,14,0,1048576,0,0,0,inf,1.10054016,1.27494812,1.30482483,0,0,0,0,0,0,0,0,0,0,0,0,0,0,0,0,0,0,0,0,0,0,0,499,0,0,0,0,0,0,0,0,0,0,0,0,0,0,0,0,0,0,0,0,0,0,0,0,0,0,0,0,0,0,0,0,0,0,0,0,0,0,0,0,0,0,0,0,0,0,0,0,0,0,0,0,0,0,0,0,0,0,0,0,0,0,0,0,0,3,2,4294967295,4294967295,4,3,3,55,4,4294967295
826,0,69,69,1,64,0,64,0,64,0,68,4352,3774,578,578,0,1,3773,0,1,1,68,3970,3902,1,0,0,1,14,0,1048576,0,0,0,inf,0.978057861,1.03259277,inf,0,0,0,0,0,0,0,0,0,0,0,0,0,0,0,0,0,0,0,0,0,0,0,0,0,0,0,0,0,0,0,0,0,0,0,0,0,0,0,0,0,0,0,0,0,0,0,0,0,0,0,0,0,0,0,0,0,0,0,0,0,0,0,0,0,0,0,0,0,0,0,0,0,0,0,0,0,0,0,0,0,0,0,0,0,0,0,0,0,4294967295,4294967295,4294967295,4294967295,4294967295,4294967295,4294967295,4294967295,4294967295,4294967295
827,0.200000003,69,69,1,64,0,64,0,64,0,68,4352,3615,737,737,0,3,3612,0,3,3,68,3811,3743,3,0,3,3,14,0,1048576,0,0,0,inf,0.711212158,0.792053223,inf,0,0,0,0,0,0,0,0,0,0,0,0,0,0,0,0,0,0,0,0,0,0,0,3,0,0,0,0,0,0,0,0,0,0,0,0,0,0,0,0,0,0,0,0,0,0,0,0,0,0,0,0,0,0,0,0,0,0,0,0,0,0,0,0,0,0,0,0,0,0,0,0,0,0,0,0,0,0,0,0,0,0,0,0,0,0,0,0,0,38,2,4294967295,4294967295,4294967295,4294967295,4294967295,4294967295,4294967295,4294967295
828,0,69,69,1,64,0,64,0,64,0,68,4352,3008,1344,1344,0,0,3008,0,0,0,68,3204,3136,0,0,0,0,14,0,1048576,0,0,0,inf,0.75151062,0.849380493,inf,0,0,0,0,0,0,0,0,0,0,0,0,0,0,0,0,0,0,0,0,0,0,0,0,0,0,0,0,0,0,0,0,0,0,0,0,0,0,0,0,0,0,0,0,0,0,0,0,0,0,0,0,0,0,0,0,0,0,0,0,0,0,0,0,0,0,0,0,0,0,0,0,0,0,0,0,0,0,0,0,0,0,0,0,0,0,0,0,0,4294967295,4294967295,4294967295,4294967295,4294967295,4294967295,4294967295,4294967295,4294967295,4294967295
829,0.300000012,69,69,1,64,0,64,0,64,0,68,4352,2189,2163,2163,0,3,2186,0,3,3,68,2385,2317,3,0,7,3,14,0,1048576,0,0,0,inf,0.704299927,0.918487549,inf,0,0,0,0,0,0,0,0,0,0,0,0,0,0,0,0,0,0,0,0,0,0,0,7,0,0,0,0,0,0,0,0,0,0,0,0,0,0,0,0,0,0,0,0,0,0,0,0,0,0,0,0,0,0,0,0,0,0,0,0,0,0,0,0,0,0,0,0,0,0,0,0,0,0,0,0,0,0,0,0,0,0,0,0,0,0,0,0,0,25,13,53,4294967295,4294967295,4294967295,4294967295,4294967295,4294967295,4294967295
830,0.600000024,69,69,1,64,1,63,1,63,0,68,4352,3829,523,523,0,22,3807,0,17,17,68,2087,3957,22,0,207,10,14,0,1048576,0,0,0,inf,0.643981934,0.783248901,0.906692505,0,0,0,0,0,0,0,0,0,0,0,0,0,0,0,0,0,0,0,0,0,0,0,207,0,0,0,0,0,0,0,0,0,0,0,0,0,0,0,0,0,0,0,0,0,0,0,0,0,0,0,0,0,0,0,0,0,0,0,0,0,0,0,0,0,0,0,0,0,0,0,0,0,0,0,0,0,0,0,0,0,0,0,0,0,0,0,0,0,10,36,20,37,4294967295,4294967295,36,15,4294967295,4294967295
831,1,69,69,1,64,5,59,3,59,2,66,4352,2550,1802,1802,0,56,2494,0,22,21,68,1683,2678,56,0,1023,10,14,0,1048576,0,0,0,inf,0.929855347,1.13806152,1.07725525,0,0,0,0,0,0,0,0,0,0,0,0,0,0,0,0,0,0,0,0,0,0,0,1023,0,0,0,0,0,0,0,0,0,0,0,0,0,0,0,0,0,0,0,0,0,0,0,0,0,0,0,0,0,0,0,0,0,0,0,0,0,0,0,0,0,0,0,0,0,0,0,0,0,0,0,0,0,0,0,0,0,0,0,0,0,0,0,0,0,18,14,21,18,20,26,28,45,50,21
832,0.699999988,69,69,1,64,3,61,1,61,2,66,4352,2322,2030,2030,0,24,2298,0,14,14,68,1129,2450,24,0,719,10,14,0,1048576,0,0,0,inf,0.8775177,1.07371521,1.06864929,0,0,0,0,0,0,0,0,0,0,0,0,0,0,0,0,0,0,0,0,0,0,0,719,0,0,0,0,0,0,0,0,0,0,0,0,0,0,0,0,0,0,0,0,0,0,0,0,0,0,0,0,0,0,0,0,0,0,0,0,0,0,0,0,0,0,0,0,0,0,0,0,0,0,0,0,0,0,0,0,0,0,0,0,0,0,0,0,0,3,4,3,4,4294967295,4294967295,4,3,4294967295,4
833,1,69,69,1,64,13,51,3,51,10,58,4352,2981,1371,1371,0,66,2915,0,19,16,68,967,3109,66,0,1023,10,14,0,1048576,0,0,0,inf,0.759811401,0.861740112,0.758422852,0,0,0,0,0,0,0,0,0,0,0,0,0,0,0,0,0,0,0,0,0,0,0,1023,0,0,0,0,0,0,0,0,0,0,0,0,0,0,0,0,0,0,0,0,0,0,0,0,0,0,0,0,0,0,0,0,0,0,0,0,0,0,0,0,0,0,0,0,0,0,0,0,0,0,0,0,0,0,0,0,0,0,0,0,0,0,0,0,0,9,11,21,20,5,23,10,12,3,46
834,1,69,69,1,64,58,6,8,6,50,18,4352,2349,2003,2003,0,607,1742,0,61,36,68,476,2477,607,0,1023,10,14,0,1048576,0,0,0,inf,0.704345703,0.982055664,0.591369629,0,0,0,0,0,0,0,0,0,0,0,0,0,0,0,0,0,0,0,0,0,0,0,1023,0,0,0,0,0,0,0,0,0,0,0,0,0,0,0,0,0,0,0,0,0,0,0,0,0,0,0,0,0,0,0,0,0,0,0,0,0,0,0,0,0,0,0,0,0,0,0,0,0,0,0,0,0,0,0,0,0,0,0,0,0,0,0,0,0,3,4,4,7,4,19,5,4,5,4
835,0.200000003,69,69,1,64,0,64,0,64,0,68,4352,3702,650,650,0,2,3700,0,2,2,68,3898,3830,2,0,10,2,14,0,1048576,0,0,0,inf,0.833251953,1.00939941,inf,0,0,0,0,0,0,0,0,0,0,0,0,0,0,0,0,0,0,0,0,0,0,0,10,0,0,0,0,0,0,0,0,0,0,0,0,0,0,0,0,0,0,0,0,0,0,0,0,0,0,0,0,0,0,0,0,0,0,0,0,0,0,0,0,0,0,0,0,0,0,0,0,0,0,0,0,0,0,0,0,0,0,0,0,0,0,0,0,0,4294967295,22,4294967295,42,4294967295,4294967295,4294967295,4294967295,4294967295,4294967295
836,1,69,69,1,64,9,55,6,55,3,65,4352,3024,1328,1328,0,44,2980,0,24,20,68,1053,3152,44,0,1023,10,14,0,1048576,0,0,0,inf,0.615722656,0.688842773,0.640609741,0,0,0,0,0,0,0,0,0,0,0,0,0,0,0,0,0,0,0,0,0,0,0,1023,0,0,0,0,0,0,0,0,0,0,0,0,0,0,0,0,0,0,0,0,0,0,0,0,0,0,0,0,0,0,0,0,0,0,0,0,0,0,0,0,0,0,0,0,0,0,0,0,0,0,0,0,0,0,0,0,0,0,0,0,0,0,0,0,0,13,11,6,6,11,19,29,29,57,7
837,0.300000012,69,69,1,64,1,63,1,63,0,68,4352,3498,854,854,0,3,3495,0,3,3,68,3694,3626,3,0,13,3,14,0,1048576,0,0,0,inf,1.23272705,1.39343262,inf,0,0,0,0,0,0,0,0,0,0,0,0,0,0,0,0,0,0,0,0,0,0,0,13,0,0,0,0,0,0,0,0,0,0,0,0,0,0,0,0,0,0,0,0,0,0,0,0,0,0,0,0,0,0,0,0,0,0,0,0,0,0,0,0,0,0,0,0,0,0,0,0,0,0,0,0,0,0,0,0,0,0,0,0,0,0,0,0,0,62,4294967295,26,63,4294967295,4294967295,4294967295,4294967295,4294967295,4294967295
838,1,69,69,1,64,4,60,1,60,3,65,4352,2489,1863,1863,0,85,2404,0,40,38,68,1141,2617,85,0,1023,10,14,0,1048576,0,0,0,inf,0.461929321,0.59715271,0.560638428,0,0,0,0,0,0,0,0,0,0,0,0,0,0,0,0,0,0,0,0,0,0,0,1023,0,0,0,0,0,0,0,0,0,0,0,0,0,0,0,0,0,0,0,0,0,0,0,0,0,0,0,0,0,0,0,0,0,0,0,0,0,0,0,0,0,0,0,0,0,0,0,0,0,0,0,0,0,0,0,0,0,0,0,0,0,0,0,0,0,4,7,24,13,7,54,44,20,48,48
839,0.100000001,69,69,1,64,0,64,0,64,0,68,4352,3976,376,376,0,3,3973,0,3,3,68,4172,4104,3,0,1,3,14,0,1048576,0,0,0,inf,0.965911865,1.03321838,inf,0,0,0,0,0,0,0,0,0,0,0,0,0,0,0,0,0,0,0,0,0,0,0,1,0,0,0,0,0,0,0,0,0,0,0,0,0,0,0,0,0,0,0,0,0,0,0,0,0,0,0,0,0,0,0,0,0,0,0,0,0,0,0,0,0,0,0,0,0,0,0,0,0,0,0,0,0,0,0,0,0,0,0,0,0,0,0,0,0,46,4294967295,4294967295,4294967295,4294967295,4294967295,4294967295,4294967295,4294967295,4294967295
840,0.899999976,69,69,1,64,4,60,0,60,4,64,4352,2913,1439,1439,0,10,2903,0,10,10,68,2140,3041,10,0,511,10,14,0,1048576,0,0,0,inf,0.552536011,0.642211914,0.725479126,0,0,0,0,0,0,0,0,0,0,0,0,0,0,0,0,0,0,0,0,0,0,0,511,0,0,0,0,0,0,0,0,0,0,0,0,0,0,0,0,0,0,0,0,0,0,0,0,0,0,0,0,0,0,0,0,0,0,0,0,0,0,0,0,0,0,0,0,0,0,0,0,0,0,0,0,0,0,0,0,0,0,0,0,0,0,0,0,0,6,8,24,7,4,7,7,24,31,4294967295
841,0.100000001,69,69,1,64,0,64,0,64,0,68,4352,3561,791,791,0,1,3560,0,1,1,68,3757,3689,1,0,1,1,14,0,1048576,0,0,0,inf,1.04631042,1.10862732,inf,0,0,0,0,0,0,0,0,0,0,0,0,0,0,0,0,0,0,0,0,0,0,0,1,0,0,0,0,0,0,0,0,0,0,0,0,0,0,0,0,0,0,0,0,0,0,0,0,0,0,0,0,0,0,0,0,0,0,0,0,0,0,0,0,0,0,0,0,0,0,0,0,0,0,0,0,0,0,0,0,0,0,0,0,0,0,0,0,0,31,4294967295,4294967295,4294967295,4294967295,4294967295,4294967295,4294967295,4294967295,4294967295
842,0,69,69,1,64,0,64,0,64,0,68,4352,2379,1973,1973,0,0,2379,0,0,0,68,2575,2507,0,0,0,0,14,0,1048576,0,0,0,inf,0.956924438,1.22399902,inf,0,0,0,0,0,0,0,0,0,0,0,0,0,0,0,0,0,0,0,0,0,0,0,0,0,0,0,0,0,0,0,0,0,0,0,0,0,0,0,0,0,0,0,0,0,0,0,0,0,0,0,0,0,0,0,0,0,0,0,0,0,0,0,0,0,0,0,0,0,0,0,0,0,0,0,0,0,0,0,0,0,0,0,0,0,0,0,0,0,4294967295,4294967295,4294967295,4294967295,4294967295,4294967295,4294967295,4294967295,4294967295,4294967295
843,0.200000003,69,69,1,64,0,64,0,64,0,68,4352,3128,1224,1224,0,3,3125,0,3,3,68,3324,3256,3,0,12,3,14,0,1048576,0,0,0,inf,0.985519409,1.12509155,inf,0,0,0,0,0,0,0,0,0,0,0,0,0,0,0,0,0,0,0,0,0,0,0,12,0,0,0,0,0,0,0,0,0,0,0,0,0,0,0,0,0,0,0,0,0,0,0,0,0,0,0,0,0,0,0,0,0,0,0,0,0,0,0,0,0,0,0,0,0,0,0,0,0,0,0,0,0,0,0,0,0,0,0,0,0,0,0,0,0,4294967295,4294967295,55,48,4294967295,4294967295,4294967295,4294967295,4294967295,4294967295
844,0.100000001,69,69,1,64,0,64,0,64,0,68,4352,2522,1830,1830,0,1,2521,0,1,1,68,2718,2650,1,0,1,1,14,0,1048576,0,0,0,inf,0.487380981,0.590866089,inf,0,0,0,0,0,0,0,0,0,0,0,0,0,0,0,0,0,0,0,0,0,0,0,1,0,0,0,0,0,0,0,0,0,0,0,0,0,0,0,0,0,0,0,0,0,0,0,0,0,0,0,0,0,0,0,0,0,0,0,0,0,0,0,0,0,0,0,0,0,0,0,0,0,0,0,0,0,0,0,0,0,0,0,0,0,0,0,0,0,36,4294967295,4294967295,4294967295,4294967295,4294967295,4294967295,4294967295,4294967295,4294967295
845,0,69,69,1,64,0,64,0,64,0,68,4352,2697,1655,1655,0,0,2697,0,0,0,68,2893,2825,0,0,0,0,14,0,1048576,0,0,0,inf,1.07797241,1.2640686,inf,0,0,0,0,0,0,0,0,0,0,0,0,0,0,0,0,0,0,0,0,0,0,0,0,0,0,0,0,0,0,0,0,0,0,0,0,0,0,0,0,0,0,0,0,0,0,0,0,0,0,0,0,0,0,0,0,0,0,0,0,0,0,0,0,0,0,0,0,0,0,0,0,0,0,0,0,0,0,0,0,0,0,0,0,0,0,0,0,0,4294967295,4294967295,4294967295,4294967295,4294967295,4294967295,4294967295,4294967295,4294967295,4294967295
846,1,69,69,1,64,12,52,6,52,6,62,4352,2052,2300,2300,0,185,1867,0,38,35,68,688,2180,185,0,1023,10,14,0,1048576,0,0,0,inf,0.334838867,0.484069824,0.350387573,0,0,0,0,0,0,0,0,0,0,0,0,0,0,0,0,0,0,0,0,0,0,0,1023,0,0,0,0,0,0,0,0,0,0,0,0,0,0,0,0,0,0,0,0,0,0,0,0,0,0,0,0,0,0,0,0,0,0,0,0,0,0,0,0,0,0,0,0,0,0,0,0,0,0,0,0,0,0,0,0,0,0,0,0,0,0,0,0,0,6,6,9,9,15,6,10,7,43,7
847,0.100000001,69,69,1,64,0,64,0,64,0,68,4352,2559,1793,1793,0,1,2558,0,1,1,68,2755,2687,1,0,1,1,14,0,1048576,0,0,0,inf,0.700439453,0.909255981,inf,0,0,0,0,0,0,0,0,0,0,0,0,0,0,0,0,0,0,0,0,0,0,0,1,0,0,0,0,0,0,0,0,0,0,0,0,0,0,0,0,0,0,0,0,0,0,0,0,0,0,0,0,0,0,0,0,0,0,0,0,0,0,0,0,0,0,0,0,0,0,0,0,0,0,0,0,0,0,0,0,0,0,0,0,0,0,0,0,0,24,4294967295,4294967295,4294967295,4294967295,4294967295,4294967295,4294967295,4294967295,4294967295
848,1,69,69,1,64,5,59,2,59,3,65,4352,2572,1780,1780,0,20,2552,0,16,15,68,1607,2700,20,0,1023,10,14,0,1048576,0,0,0,inf,0.402633667,0.50050354,0.495849609,0,0,0,0,0,0,0,0,0,0,0,0,0,0,0,0,0,0,0,0,0,0,0,1023,0,0,0,0,0,0,0,0,0,0,0,0,0,0,0,0,0,0,0,0,0,0,0,0,0,0,0,0,0,0,0,0,0,0,0,0,0,0,0,0,0,0,0,0,0,0,0,0,0,0,0,0,0,0,0,0,0,0,0,0,0,0,0,0,0,4,7,15,49,8,2,46,4,39,12
849,1,68,69,3,64,64,0,0,0,64,3,4288,1799,2489,2489,0,110,1689,0,43,30,67,469,1927,110,0,1023,10,14,0,1048576,0,0,0,inf,inf,0.123382568,0.0546417236,0,0,0,0,0,0,0,0,0,0,0,0,0,0,0,0,0,0,0,0,0,0,0,1023,0,0,0,0,0,0,0,0,0,0,0,0,0,0,0,0,0,0,0,0,0,0,0,0,0,0,0,0,0,0,0,0,0,0,0,0,0,0,0,0,0,0,0,0,0,0,0,0,0,0,0,0,0,0,0,0,0,0,0,0,0,0,0,0,0,5,5,4,6,4,15,5,7,7,4
850,0.5,69,69,1,64,1,63,0,63,1,67,4352,2353,1999,1999,0,7,2346,0,7,7,68,2549,2481,7,0,803,7,14,0,1048576,0,0,0,inf,0.59147644,0.747909546,inf,0,0,0,0,0,0,0,0,0,0,0,0,0,0,0,0,0,0,0,0,0,0,0,803,0,0,0,0,0,0,0,0,0,0,0,0,0,0,0,0,0,0,0,0,0,0,0,0,0,0,0,0,0,0,0,0,0,0,0,0,0,0,0,0,0,0,0,0,0,0,0,0,0,0,0,0,0,0,0,0,0,0,0,0,0,0,0,0,0,4,57,4294967295,4294967295,4294967295,28,4294967295,4294967295,27,27
851,0.800000012,69,69,1,64,1,63,0,63,1,67,4352,2769,1583,1583,0,13,2756,0,12,12,68,2820,2897,13,0,703,10,14,0,1048576,0,0,0,inf,0.802429199,0.918838501,1.15010071,0,0,0,0,0,0,0,0,0,0,0,0,0,0,0,0,0,0,0,0,0,0,0,703,0,0,0,0,0,0,0,0,0,0,0,0,0,0,0,0,0,0,0,0,0,0,0,0,0,0,0,0,0,0,0,0,0,0,0,0,0,0,0,0,0,0,0,0,0,0,0,0,0,0,0,0,0,0,0,0,0,0,0,0,0,0,0,0,0,3,12,27,12,26,30,4294967295,58,4294967295,59
852,0.5,69,69,1,64,0,64,0,64,0,68,4352,2910,1442,1442,0,7,2903,0,7,7,68,3106,3038,7,0,779,7,14,0,1048576,0,0,0,inf,0.955505371,1.1149292,inf,0,0,0,0,0,0,0,0,0,0,0,0,0,0,0,0,0,0,0,0,0,0,0,779,0,0,0,0,0,0,0,0,0,0,0,0,0,0,0,0,0,0,0,0,0,0,0,0,0,0,0,0,0,0,0,0,0,0,0,0,0,0,0,0,0,0,0,0,0,0,0,0,0,0,0,0,0,0,0,0,0,0,0,0,0,0,0,0,0,30,8,4294967295,45,4294967295,4294967295,4294967295,4294967295,29,29
853,0.600000024,69,69,1,64,3,61,0,61,3,65,4352,3222,1130,1130,0,8,3214,0,8,8,68,3418,3350,8,0,63,8,14,0,1048576,0,0,0,inf,0.827560425,0.975067139,inf,0,0,0,0,0,0,0,0,0,0,0,0,0,0,0,0,0,0,0,0,0,0,0,63,0,0,0,0,0,0,0,0,0,0,0,0,0,0,0,0,0,0,0,0,0,0,0,0,0,0,0,0,0,0,0,0,0,0,0,0,0,0,0,0,0,0,0,0,0,0,0,0,0,0,0,0,0,0,0,0,0,0,0,0,0,0,0,0,0,7,6,7,7,6,14,4294967295,4294967295,4294967295,4294967295
854,0.100000001,69,69,1,64,0,64,0,64,0,68,4352,3749,603,603,0,1,3748,0,1,1,68,3945,3877,1,0,1,1,14,0,1048576,0,0,0,inf,1.0355072,1.10105896,inf,0,0,0,0,0,0,0,0,0,0,0,0,0,0,0,0,0,0,0,0,0,0,0,1,0,0,0,0,0,0,0,0,0,0,0,0,0,0,0,0,0,0,0,0,0,0,0,0,0,0,0,0,0,0,0,0,0,0,0,0,0,0,0,0,0,0,0,0,0,0,0,0,0,0,0,0,0,0,0,0,0,0,0,0,0,0,0,0,0,31,4294967295,4294967295,4294967295,4294967295,4294967295,4294967295,4294967295,4294967295,4294967295
855,0.100000001,69,69,1,64,1,63,1,63,0,68,4352,2830,1522,1522,0,2,2828,0,2,2,68,3026,2958,2,0,1,2,14,0,1048576,0,0,0,inf,0.385604858,0.54548645,inf,0,0,0,0,0,0,0,0,0,0,0,0,0,0,0,0,0,0,0,0,0,0,0,1,0,0,0,0,0,0,0,0,0,0,0,0,0,0,0,0,0,0,0,0,0,0,0,0,0,0,0,0,0,0,0,0,0,0,0,0,0,0,0,0,0,0,0,0,0,0,0,0,0,0,0,0,0,0,0,0,0,0,0,0,0,0,0,0,0,59,4294967295,4294967295,4294967295,4294967295,4294967295,4294967295,4294967295,4294967295,4294967295
856,1,69,69,1,64,17,47,3,47,14,54,4352,2895,1457,1457,0,168,2727,0,32,28,68,547,3023,168,0,1023,10,14,0,1048576,0,0,0,inf,0.713592529,0.901062012,0.649353027,0,0,0,0,0,0,0,0,0,0,0,0,0,0,0,0,0,0,0,0,0,0,0,1023,0,0,0,0,0,0,0,0,0,0,0,0,0,0,0,0,0,0,0,0,0,0,0,0,0,0,0,0,0,0,0,0,0,0,0,0,0,0,0,0,0,0,0,0,0,0,0,0,0,0,0,0,0,0,0,0,0,0,0,0,0,0,0,0,0,6,5,2,11,6,7,6,7,6,10
857,0.5,69,69,1,64,1,63,0,63,1,67,4352,3204,1148,1148,0,5,3199,0,5,5,68,3400,3332,5,0,551,5,14,0,1048576,0,0,0,inf,0.917602539,1.03672791,inf,0,0,0,0,0,0,0,0,0,0,0,0,0,0,0,0,0,0,0,0,0,0,0,551,0,0,0,0,0,0,0,0,0,0,0,0,0,0,0,0,0,0,0,0,0,0,0,0,0,0,0,0,0,0,0,0,0,0,0,0,0,0,0,0,0,0,0,0,0,0,0,0,0,0,0,0,0,0,0,0,0,0,0,0,0,0,0,0,0,2,6,10,4294967295,4294967295,45,4294967295,4294967295,4294967295,45
858,0.100000001,69,69,1,64,0,64,0,64,0,68,4352,3429,923,923,0,2,3427,0,2,2,68,3625,3557,2,0,16,2,14,0,1048576,0,0,0,inf,0.780578613,0.857147217,inf,0,0,0,0,0,0,0,0,0,0,0,0,0,0,0,0,0,0,0,0,0,0,0,16,0,0,0,0,0,0,0,0,0,0,0,0,0,0,0,0,0,0,0,0,0,0,0,0,0,0,0,0,0,0,0,0,0,0,0,0,0,0,0,0,0,0,0,0,0,0,0,0,0,0,0,0,0,0,0,0,0,0,0,0,0,0,0,0,0,4294967295,4294967295,4294967295,4294967295,33,4294967295,4294967295,4294967295,4294967295,4294967295
859,0.400000006,69,69,1,64,0,64,0,64,0,68,4352,3666,686,686,0,8,3658,0,8,8,68,3862,3794,8,0,27,8,14,0,1048576,0,0,0,inf,0.615814209,0.674224854,inf,0,0,0,0,0,0,0,0,0,0,0,0,0,0,0,0,0,0,0,0,0,0,0,27,0,0,0,0,0,0,0,0,0,0,0,0,0,0,0,0,0,0,0,0,0,0,0,0,0,0,0,0,0,0,0,0,0,0,0,0,0,0,0,0,0,0,0,0,0,0,0,0,0,0,0,0,0,0,0,0,0,0,0,0,0,0,0,0,0,14,31,4294967295,20,38,4294967295,4294967295,4294967295,4294967295,4294967295
860,1,69,69,1,64,6,58,4,58,3,65,4352,2005,2347,2347,0,61,1944,0,25,25,68,709,2133,61,0,1023,10,14,0,1048576,0,0,0,inf,0.591491699,1.01699829,0.711364746,0,0,0,0,0,0,0,0,0,0,0,0,0,0,0,0,0,0,0,0,0,0,0,1023,0,0,0,0,0,0,0,0,0,0,0,0,0,0,0,0,0,0,0,0,0,0,0,0,0,0,0,0,0,0,0,0,0,0,0,0,0,0,0,0,0,0,0,0,0,0,0,0,0,0,0,0,0,0,0,0,0,0,0,0,0,0,0,0,0,11,22,3,57,1,6,7,13,13,54
861,0,69,69,1,64,0,64,0,64,0,68,4352,3259,1093,1093,0,0,3259,0,0,0,68,3455,3387,0,0,0,0,14,0,1048576,0,0,0,inf,0.596069336,0.699203491,inf,0,0,0,0,0,0,0,0,0,0,0,0,0,0,0,0,0,0,0,0,0,0,0,0,0,0,0,0,0,0,0,0,0,0,0,0,0,0,0,0,0,0,0,0,0,0,0,0,0,0,0,0,0,0,0,0,0,0,0,0,0,0,0,0,0,0,0,0,0,0,0,0,0,0,0,0,0,0,0,0,0,0,0,0,0,0,0,0,0,4294967295,4294967295,4294967295,4294967295,4294967295,4294967295,4294967295,4294967295,4294967295,4294967295
862,0.5,69,69,1,64,0,64,0,64,0,68,4352,3096,1256,1256,0,11,3085,0,11,11,68,3260,3224,11,0,79,10,14,0,1048576,0,0,0,inf,0.458969116,0.520858765,0.811706543,0,0,0,0,0,0,0,0,0,0,0,0,0,0,0,0,0,0,0,0,0,0,0,79,0,0,0,0,0,0,0,0,0,0,0,0,0,0,0,0,0,0,0,0,0,0,0,0,0,0,0,0,0,0,0,0,0,0,0,0,0,0,0,0,0,0,0,0,0,0,0,0,0,0,0,0,0,0,0,0,0,0,0,0,0,0,0,0,0,9,26,30,51,4294967295,4294967295,62,4294967295,4294967295,4294967295
863,0.200000003,69,69,1,64,2,62,0,62,2,66,4352,3343,1009,1009,0,4,3339,0,4,4,68,3539,3471,4,0,3,4,14,0,1048576,0,0,0,inf,1.01687622,1.10212708,inf,0,0,0,0,0,0,0,0,0,0,0,0,0,0,0,0,0,0,0,0,0,0,0,3,0,0,0,0,0,0,0,0,0,0,0,0,0,0,0,0,0,0,0,0,0,0,0,0,0,0,0,0,0,0,0,0,0,0,0,0,0,0,0,0,0,0,0,0,0,0,0,0,0,0,0,0,0,0,0,0,0,0,0,0,0,0,0,0,0,3,4,4294967295,4294967295,4294967295,4294967295,4294967295,4294967295,4294967295,4294967295
864,0.200000003,69,69,1,64,0,64,0,64,0,68,4352,3548,804,804,0,2,3546,0,2,2,68,3744,3676,2,0,80,2,14,0,1048576,0,0,0,inf,1.11714172,1.24263,inf,0,0,0,0,0,0,0,0,0,0,0,0,0,0,0,0,0,0,0,0,0,0,0,80,0,0,0,0,0,0,0,0,0,0,0,0,0,0,0,0,0,0,0,0,0,0,0,0,0,0,0,0,0,0,0,0,0,0,0,0,0,0,0,0,0,0,0,0,0,0,0,0,0,0,0,0,0,0,0,0,0,0,0,0,0,0,0,0,0,4294967295,4294967295,4294967295,4294967295,23,4294967295,7,4294967295,4294967295,4294967295
865,1,69,69,1,64,18,46,0,46,18,50,4352,1747,2605,2605,0,43,1704,0,12,12,68,447,1875,43,0,1023,10,14,0,1048576,0,0,0,inf,0.472015381,0.713851929,0.345916748,0,0,0,0,0,0,0,0,0,0,0,0,0,0,0,0,0,0,0,0,0,0,0,1023,0,0,0,0,0,0,0,0,0,0,0,0,0,0,0,0,0,0,0,0,0,0,0,0,0,0,0,0,0,0,0,0,0,0,0,0,0,0,0,0,0,0,0,0,0,0,0,0,0,0,0,0,0,0,0,0,0,0,0,0,0,0,0,0,0,3,3,3,7,3,2,2,3,3,3
866,0.899999976,69,69,1,64,1,63,0,63,1,67,4352,2271,2081,2081,0,33,2238,0,19,18,68,1735,2399,33,0,991,10,14,0,1048576,0,0,0,inf,0.813659668,1.07572937,1.20742798,0,0,0,0,0,0,0,0,0,0,0,0,0,0,0,0,0,0,0,0,0,0,0,991,0,0,0,0,0,0,0,0,0,0,0,0,0,0,0,0,0,0,0,0,0,0,0,0,0,0,0,0,0,0,0,0,0,0,0,0,0,0,0,0,0,0,0,0,0,0,0,0,0,0,0,0,0,0,0,0,0,0,0,0,0,0,0,0,0,16,4,4,5,47,4294967295,66,5,17,5
867,0.200000003,69,69,1,64,0,64,0,64,0,68,4352,3324,1028,1028,0,3,3321,0,3,3,68,3520,3452,3,0,20,3,14,0,1048576,0,0,0,inf,1.05010986,1.1362915,inf,0,0,0,0,0,0,0,0,0,0,0,0,0,0,0,0,0,0,0,0,0,0,0,20,0,0,0,0,0,0,0,0,0,0,0,0,0,0,0,0,0,0,0,0,0,0,0,0,0,0,0,0,0,0,0,0,0,0,0,0,0,0,0,0,0,0,0,0,0,0,0,0,0,0,0,0,0,0,0,0,0,0,0,0,0,0,0,0,0,4294967295,4294967295,24,4294967295,39,4294967295,4294967295,4294967295,4294967295,4294967295
868,1,69,69,1,64,41,23,10,23,31,37,4352,3178,1174,1174,0,545,2633,0,40,22,68,399,3306,545,0,1023,10,14,0,1048576,0,0,0,inf,0.812057495,0.924819946,0.674133301,0,0,0,0,0,0,0,0,0,0,0,0,0,0,0,0,0,0,0,0,0,0,0,1023,0,0,0,0,0,0,0,0,0,0,0,0,0,0,0,0,0,0,0,0,0,0,0,0,0,0,0,0,0,0,0,0,0,0,0,0,0,0,0,0,0,0,0,0,0,0,0,0,0,0,0,0,0,0,0,0,0,0,0,0,0,0,0,0,0,2,3,5,3,3,3,13,1,2,5
869,0.400000006,69,69,1,64,0,64,0,64,0,68,4352,3399,953,953,0,4,3395,0,4,4,68,3595,3527,4,0,30,4,14,0,1048576,0,0,0,inf,0.830535889,0.957901001,inf,0,0,0,0,0,0,0,0,0,0,0,0,0,0,0,0,0,0,0,0,0,0,0,30,0,0,0,0,0,0,0,0,0,0,0,0,0,0,0,0,0,0,0,0,0,0,0,0,0,0,0,0,0,0,0,0,0,0,0,0,0,0,0,0,0,0,0,0,0,0,0,0,0,0,0,0,0,0,0,0,0,0,0,0,0,0,0,0,0,4294967295,10,40,7,62,4294967295,4294967295,4294967295,4294967295,4294967295
870,0,69,69,1,64,0,64,0,64,0,68,4352,3282,1070,1070,0,0,3282,0,0,0,68,3478,3410,0,0,0,0,14,0,1048576,0,0,0,inf,0.953659058,1.01541138,inf,0,0,0,0,0,0,0,0,0,0,0,0,0,0,0,0,0,0,0,0,0,0,0,0,0,0,0,0,0,0,0,0,0,0,0,0,0,0,0,0,0,0,0,0,0,0,0,0,0,0,0,0,0,0,0,0,0,0,0,0,0,0,0,0,0,0,0,0,0,0,0,0,0,0,0,0,0,0,0,0,0,0,0,0,0,0,0,0,0,4294967295,4294967295,4294967295,4294967295,4294967295,4294967295,4294967295,4294967295,4294967295,4294967295
871,0.699999988,69,69,1,64,2,62,0,62,2,66,4352,3083,1269,1269,0,61,3022,0,24,24,68,1610,3211,61,0,635,10,14,0,1048576,0,0,0,inf,1.07759094,1.19441223,1.27346802,0,0,0,0,0,0,0,0,0,0,0,0,0,0,0,0,0,0,0,0,0,0,0,635,0,0,0,0,0,0,0,0,0,0,0,0,0,0,0,0,0,0,0,0,0,0,0,0,0,0,0,0,0,0,0,0,0,0,0,0,0,0,0,0,0,0,0,0,0,0,0,0,0,0,0,0,0,0,0,0,0,0,0,0,0,0,0,0,0,16,4,4294967295,5,18,44,43,4294967295,4294967295,34
872,0.100000001,69,69,1,64,0,64,0,64,0,68,4352,2144,2208,2208,0,1,2143,0,1,1,68,2340,2272,1,0,1,1,14,0,1048576,0,0,0,inf,1.08255005,1.31350708,inf,0,0,0,0,0,0,0,0,0,0,0,0,0,0,0,0,0,0,0,0,0,0,0,1,0,0,0,0,0,0,0,0,0,0,0,0,0,0,0,0,0,0,0,0,0,0,0,0,0,0,0,0,0,0,0,0,0,0,0,0,0,0,0,0,0,0,0,0,0,0,0,0,0,0,0,0,0,0,0,0,0,0,0,0,0,0,0,0,0,4,4294967295,4294967295,4294967295,4294967295,4294967295,4294967295,4294967295,4294967295,4294967295
873,0.800000012,69,69,1,64,0,64,0,64,0,68,4352,2200,2152,2152,0,22,2178,0,15,15,68,1779,2328,22,0,943,10,14,0,1048576,0,0,0,inf,0.500854492,0.642929077,0.694473267,0,0,0,0,0,0,0,0,0,0,0,0,0,0,0,0,0,0,0,0,0,0,0,943,0,0,0,0,0,0,0,0,0,0,0,0,0,0,0,0,0,0,0,0,0,0,0,0,0,0,0,0,0,0,0,0,0,0,0,0,0,0,0,0,0,0,0,0,0,0,0,0,0,0,0,0,0,0,0,0,0,0,0,0,0,0,0,0,0,4,18,29,6,4294967295,10,4294967295,33,10,26
874,0.5,69,69,1,64,0,64,0,64,0,68,4352,2425,1927,1927,0,7,2418,0,7,7,68,2621,2553,7,0,79,7,14,0,1048576,0,0,0,inf,0.648010254,0.849899292,inf,0,0,0,0,0,0,0,0,0,0,0,0,0,0,0,0,0,0,0,0,0,0,0,79,0,0,0,0,0,0,0,0,0,0,0,0,0,0,0,0,0,0,0,0,0,0,0,0,0,0,0,0,0,0,0,0,0,0,0,0,0,0,0,0,0,0,0,0,0,0,0,0,0,0,0,0,0,0,0,0,0,0,0,0,0,0,0,0,0,5,4,59,1,4294967295,4294967295,44,4294967295,4294967295,4294967295
875,1,69,69,1,64,48,16,9,16,39,29,4352,3193,1159,1159,0,685,2508,0,48,31,68,653,3321,685,0,1023,10,14,0,1048576,0,0,0,inf,0.983825684,1.01123047,0.903549194,0,0,0,0,0,0,0,0,0,0,0,0,0,0,0,0,0,0,0,0,0,0,0,1023,0,0,0,0,0,0,0,0,0,0,0,0,0,0,0,0,0,0,0,0,0,0,0,0,0,0,0,0,0,0,0,0,0,0,0,0,0,0,0,0,0,0,0,0,0,0,0,0,0,0,0,0,0,0,0,0,0,0,0,0,0,0,0,0,0,7,8,8,7,9,11,5,21,18,10
876,0.800000012,69,69,1,64,2,62,1,62,1,67,4352,2528,1824,1824,0,14,2514,0,11,11,68,2266,2656,14,0,1003,10,14,0,1048576,0,0,0,inf,0.781829834,1.01792908,1.24769592,0,0,0,0,0,0,0,0,0,0,0,0,0,0,0,0,0,0,0,0,0,0,0,1003,0,0,0,0,0,0,0,0,0,0,0,0,0,0,0,0,0,0,0,0,0,0,0,0,0,0,0,0,0,0,0,0,0,0,0,0,0,0,0,0,0,0,0,0,0,0,0,0,0,0,0,0,0,0,0,0,0,0,0,0,0,0,0,0,0,20,11,4294967295,9,4294967295,13,2,7,2,4
877,0.300000012,69,69,1,64,0,64,0,64,0,68,4352,2751,1601,1601,0,5,2746,0,5,5,68,2947,2879,5,0,14,5,14,0,1048576,0,0,0,inf,0.48538208,0.585296631,inf,0,0,0,0,0,0,0,0,0,0,0,0,0,0,0,0,0,0,0,0,0,0,0,14,0,0,0,0,0,0,0,0,0,0,0,0,0,0,0,0,0,0,0,0,0,0,0,0,0,0,0,0,0,0,0,0,0,0,0,0,0,0,0,0,0,0,0,0,0,0,0,0,0,0,0,0,0,0,0,0,0,0,0,0,0,0,0,0,0,4294967295,16,19,57,4294967295,4294967295,4294967295,4294967295,4294967295,4294967295
878,0.300000012,69,69,1,64,2,62,1,62,1,67,4352,3960,392,392,0,6,3954,0,6,6,68,4156,4088,6,0,7,6,14,0,1048576,0,0,0,inf,0.862289429,0.96862793,inf,0,0,0,0,0,0,0,0,0,0,0,0,0,0,0,0,0,0,0,0,0,0,0,7,0,0,0,0,0,0,0,0,0,0,0,0,0,0,0,0,0,0,0,0,0,0,0,0,0,0,0,0,0,0,0,0,0,0,0,0,0,0,0,0,0,0,0,0,0,0,0,0,0,0,0,0,0,0,0,0,0,0,0,0,0,0,0,0,0,8,24,65,4294967295,4294967295,4294967295,4294967295,4294967295,4294967295,4294967295
879,0,69,69,1,64,0,64,0,64,0,68,4352,3828,524,524,0,0,3828,0,0,0,68,4024,3956,0,0,0,0,14,0,1048576,0,0,0,inf,0.685699463,0.783157349,inf,0,0,0,0,0,0,0,0,0,0,0,0,0,0,0,0,0,0,0,0,0,0,0,0,0,0,0,0,0,0,0,0,0,0,0,0,0,0,0,0,0,0,0,0,0,0,0,0,0,0,0,0,0,0,0,0,0,0,0,0,0,0,0,0,0,0,0,0,0,0,0,0,0,0,0,0,0,0,0,0,0,0,0,0,0,0,0,0,0,4294967295,4294967295,4294967295,4294967295,4294967295,4294967295,4294967295,4294967295,4294967295,4294967295
880,0.200000003,69,69,1,64,0,64,0,64,0,68,4352,3220,1132,1132,0,3,3217,0,3,3,68,3416,3348,3,0,33,3,14,0,1048576,0,0,0,inf,0.890411377,0.984512329,inf,0,0,0,0,0,0,0,0,0,0,0,0,0,0,0,0,0,0,0,0,0,0,0,33,0,0,0,0,0,0,0,0,0,0,0,0,0,0,0,0,0,0,0,0,0,0,0,0,0,0,0,0,0,0,0,0,0,0,0,0,0,0,0,0,0,0,0,0,0,0,0,0,0,0,0,0,0,0,0,0,0,0,0,0,0,0,0,0,0,23,4294967295,4294967295,4294967295,4294967295,13,4294967295,4294967295,4294967295,4294967295
881,0.800000012,69,69,1,64,4,60,0,60,4,64,4352,3344,1008,1008,0,8,3336,0,8,8,68,3540,3472,8,0,255,8,14,0,1048576,0,0,0,inf,0.986633301,1.16171265,inf,0,0,0,0,0,0,0,0,0,0,0,0,0,0,0,0,0,0,0,0,0,0,0,255,0,0,0,0,0,0,0,0,0,0,0,0,0,0,0,0,0,0,0,0,0,0,0,0,0,0,0,0,0,0,0,0,0,0,0,0,0,0,0,0,0,0,0,0,0,0,0,0,0,0,0,0,0,0,0,0,0,0,0,0,0,0,0,0,0,9,7,10,12,7,9,9,35,4294967295,4294967295
882,1,69,69,1,64,3,61,0,61,3,65,4352,3177,1175,1175,0,36,3141,0,19,19,68,1386,3305,36,0,1023,10,14,0,1048576,0,0,0,inf,0.72958374,0.847915649,0.832290649,0,0,0,0,0,0,0,0,0,0,0,0,0,0,0,0,0,0,0,0,0,0,0,1023,0,0,0,0,0,0,0,0,0,0,0,0,0,0,0,0,0,0,0,0,0,0,0,0,0,0,0,0,0,0,0,0,0,0,0,0,0,0,0,0,0,0,0,0,0,0,0,0,0,0,0,0,0,0,0,0,0,0,0,0,0,0,0,0,0,13,3,15,36,1,20,7,9,21,40
883,0.200000003,69,69,1,64,0,64,0,64,0,68,4352,3478,874,874,0,4,3474,0,4,4,68,3674,3606,4,0,36,4,14,0,1048576,0,0,0,inf,1.16304016,1.30180359,inf,0,0,0,0,0,0,0,0,0,0,0,0,0,0,0,0,0,0,0,0,0,0,0,36,0,0,0,0,0,0,0,0,0,0,0,0,0,0,0,0,0,0,0,0,0,0,0,0,0,0,0,0,0,0,0,0,0,0,0,0,0,0,0,0,0,0,0,0,0,0,0,0,0,0,0,0,0,0,0,0,0,0,0,0,0,0,0,0,0,4294967295,4294967295,45,4294967295,4294967295,21,4294967295,4294967295,4294967295,4294967295
884,1,69,69,1,64,23,41,8,41,15,53,4352,3299,1053,1053,0,217,3082,0,38,37,68,992,3427,217,0,1023,10,14,0,1048576,0,0,0,inf,0.555236816,0.612335205,0.537139893,0,0,0,0,0,0,0,0,0,0,0,0,0,0,0,0,0,0,0,0,0,0,0,1023,0,0,0,0,0,0,0,0,0,0,0,0,0,0,0,0,0,0,0,0,0,0,0,0,0,0,0,0,0,0,0,0,0,0,0,0,0,0,0,0,0,0,0,0,0,0,0,0,0,0,0,0,0,0,0,0,0,0,0,0,0,0,0,0,0,15,43,36,16,16,6,41,16,16,42
885,0,69,69,1,64,0,64,0,64,0,68,4352,1649,2703,2703,0,0,1649,0,0,0,68,1845,1777,0,0,0,0,14,0,1048576,0,0,0,inf,0.433868408,0.712478638,inf,0,0,0,0,0,0,0,0,0,0,0,0,0,0,0,0,0,0,0,0,0,0,0,0,0,0,0,0,0,0,0,0,0,0,0,0,0,0,0,0,0,0,0,0,0,0,0,0,0,0,0,0,0,0,0,0,0,0,0,0,0,0,0,0,0,0,0,0,0,0,0,0,0,0,0,0,0,0,0,0,0,0,0,0,0,0,0,0,0,4294967295,4294967295,4294967295,4294967295,4294967295,4294967295,4294967295,4294967295,4294967295,4294967295
886,0.100000001,69,69,1,64,1,63,1,63,0,68,4352,3024,1328,1328,0,1,3023,0,1,1,68,3220,3152,1,0,1,1,14,0,1048576,0,0,0,inf,0.68119812,0.7940979,inf,0,0,0,0,0,0,0,0,0,0,0,0,0,0,0,0,0,0,0,0,0,0,0,1,0,0,0,0,0,0,0,0,0,0,0,0,0,0,0,0,0,0,0,0,0,0,0,0,0,0,0,0,0,0,0,0,0,0,0,0,0,0,0,0,0,0,0,0,0,0,0,0,0,0,0,0,0,0,0,0,0,0,0,0,0,0,0,0,0,62,4294967295,4294967295,4294967295,4294967295,4294967295,4294967295,4294967295,4294967295,4294967295
887,1,69,69,1,64,54,10,7,10,48,20,4352,2841,1511,1511,0,495,2346,0,47,22,68,389,2969,495,0,1023,10,14,0,1048576,0,0,0,inf,0.588287354,0.686965942,0.461791992,0,0,0,0,0,0,0,0,0,0,0,0,0,0,0,0,0,0,0,0,0,0,0,1023,0,0,0,0,0,0,0,0,0,0,0,0,0,0,0,0,0,0,0,0,0,0,0,0,0,0,0,0,0,0,0,0,0,0,0,0,0,0,0,0,0,0,0,0,0,0,0,0,0,0,0,0,0,0,0,0,0,0,0,0,0,0,0,0,0,2,1,2,2,2,3,3,3,2,2
888,0.100000001,69,69,1,64,0,64,0,64,0,68,4352,2398,1954,1954,0,1,2397,0,1,1,68,2594,2526,1,0,1,1,14,0,1048576,0,0,0,inf,0.934158325,1.15878296,inf,0,0,0,0,0,0,0,0,0,0,0,0,0,0,0,0,0,0,0,0,0,0,0,1,0,0,0,0,0,0,0,0,0,0,0,0,0,0,0,0,0,0,0,0,0,0,0,0,0,0,0,0,0,0,0,0,0,0,0,0,0,0,0,0,0,0,0,0,0,0,0,0,0,0,0,0,0,0,0,0,0,0,0,0,0,0,0,0,0,56,4294967295,4294967295,4294967295,4294967295,4294967295,4294967295,4294967295,4294967295,4294967295
889,0.200000003,69,69,1,64,0,64,0,64,0,68,4352,3761,591,591,0,4,3757,0,4,4,68,3957,3889,4,0,129,4,14,0,1048576,0,0,0,inf,1.08207703,1.14375305,inf,0,0,0,0,0,0,0,0,0,0,0,0,0,0,0,0,0,0,0,0,0,0,0,129,0,0,0,0,0,0,0,0,0,0,0,0,0,0,0,0,0,0,0,0,0,0,0,0,0,0,0,0,0,0,0,0,0,0,0,0,0,0,0,0,0,0,0,0,0,0,0,0,0,0,0,0,0,0,0,0,0,0,0,0,0,0,0,0,0,20,4294967295,4294967295,4294967295,4294967295,4294967295,4294967295,9,4294967295,4294967295
890,0.899999976,69,69,1,64,7,57,0,57,7,61,4352,2983,1369,1369,0,16,2967,0,12,12,68,1958,3111,16,0,767,10,14,0,1048576,0,0,0,inf,0.700912476,0.834121704,0.915634155,0,0,0,0,0,0,0,0,0,0,0,0,0,0,0,0,0,0,0,0,0,0,0,767,0,0,0,0,0,0,0,0,0,0,0,0,0,0,0,0,0,0,0,0,0,0,0,0,0,0,0,0,0,0,0,0,0,0,0,0,0,0,0,0,0,0,0,0,0,0,0,0,0,0,0,0,0,0,0,0,0,0,0,0,0,0,0,0,0,10,5,5,5,5,12,12,12,4294967295,22
891,0,69,69,1,64,0,64,0,64,0,68,4352,3363,989,989,0,0,3363,0,0,0,68,3559,3491,0,0,0,0,14,0,1048576,0,0,0,inf,0.745040894,0.830932617,inf,0,0,0,0,0,0,0,0,0,0,0,0,0,0,0,0,0,0,0,0,0,0,0,0,0,0,0,0,0,0,0,0,0,0,0,0,0,0,0,0,0,0,0,0,0,0,0,0,0,0,0,0,0,0,0,0,0,0,0,0,0,0,0,0,0,0,0,0,0,0,0,0,0,0,0,0,0,0,0,0,0,0,0,0,0,0,0,0,0,4294967295,4294967295,4294967295,4294967295,4294967295,4294967295,4294967295,4294967295,4294967295,4294967295
892,0,69,69,1,64,0,64,0,64,0,68,4352,4012,340,340,0,1,4011,0,1,1,68,4208,4140,1,0,0,1,14,0,1048576,0,0,0,inf,0.770843506,0.834030151,inf,0,0,0,0,0,0,0,0,0,0,0,0,0,0,0,0,0,0,0,0,0,0,0,0,0,0,0,0,0,0,0,0,0,0,0,0,0,0,0,0,0,0,0,0,0,0,0,0,0,0,0,0,0,0,0,0,0,0,0,0,0,0,0,0,0,0,0,0,0,0,0,0,0,0,0,0,0,0,0,0,0,0,0,0,0,0,0,0,0,4294967295,4294967295,4294967295,4294967295,4294967295,4294967295,4294967295,4294967295,4294967295,4294967295
893,0.400000006,69,69,1,64,2,62,0,62,2,66,4352,2950,1402,1402,0,4,2946,0,4,4,68,3146,3078,4,0,15,4,14,0,1048576,0,0,0,inf,0.893325806,1.12191772,inf,0,0,0,0,0,0,0,0,0,0,0,0,0,0,0,0,0,0,0,0,0,0,0,15,0,0,0,0,0,0,0,0,0,0,0,0,0,0,0,0,0,0,0,0,0,0,0,0,0,0,0,0,0,0,0,0,0,0,0,0,0,0,0,0,0,0,0,0,0,0,0,0,0,0,0,0,0,0,0,0,0,0,0,0,0,0,0,0,0,8,9,16,33,4294967295,4294967295,4294967295,4294967295,4294967295,4294967295
894,0.200000003,69,69,1,64,1,63,0,63,1,67,4352,2719,1633,1633,0,2,2717,0,2,2,68,2915,2847,2,0,3,2,14,0,1048576,0,0,0,inf,0.740280151,0.827590942,inf,0,0,0,0,0,0,0,0,0,0,0,0,0,0,0,0,0,0,0,0,0,0,0,3,0,0,0,0,0,0,0,0,0,0,0,0,0,0,0,0,0,0,0,0,0,0,0,0,0,0,0,0,0,0,0,0,0,0,0,0,0,0,0,0,0,0,0,0,0,0,0,0,0,0,0,0,0,0,0,0,0,0,0,0,0,0,0,0,0,16,20,4294967295,4294967295,4294967295,4294967295,4294967295,4294967295,4294967295,4294967295
895,0.100000001,69,69,1,64,0,64,0,64,0,68,4352,3059,1293,1293,0,1,3058,0,1,1,68,3255,3187,1,0,2,1,14,0,1048576,0,0,0,inf,0.844619751,0.964096069,inf,0,0,0,0,0,0,0,0,0,0,0,0,0,0,0,0,0,0,0,0,0,0,0,2,0,0,0,0,0,0,0,0,0,0,0,0,0,0,0,0,0,0,0,0,0,0,0,0,0,0,0,0,0,0,0,0,0,0,0,0,0,0,0,0,0,0,0,0,0,0,0,0,0,0,0,0,0,0,0,0,0,0,0,0,0,0,0,0,0,4294967295,11,4294967295,4294967295,4294967295,4294967295,4294967295,4294967295,4294967295,4294967295
896,0.100000001,69,69,1,64,0,64,0,64,0,68,4352,3598,754,754,0,1,3597,0,1,1,68,3794,3726,1,0,1,1,14,0,1048576,0,0,0,inf,0.878250122,0.959762573,inf,0,0,0,0,0,0,0,0,0,0,0,0,0,0,0,0,0,0,0,0,0,0,0,1,0,0,0,0,0,0,0,0,0,0,0,0,0,0,0,0,0,0,0,0,0,0,0,0,0,0,0,0,0,0,0,0,0,0,0,0,0,0,0,0,0,0,0,0,0,0,0,0,0,0,0,0,0,0,0,0,0,0,0,0,0,0,0,0,0,35,4294967295,4294967295,4294967295,4294967295,4294967295,4294967295,4294967295,4294967295,4294967295
897,1,69,69,1,64,27,37,5,37,22,46,4352,2183,2169,2169,0,70,2113,0,23,19,68,620,2311,70,0,1023,10,14,0,1048576,0,0,0,inf,0.637680054,0.88041687,0.497116089,0,0,0,0,0,0,0,0,0,0,0,0,0,0,0,0,0,0,0,0,0,0,0,1023,0,0,0,0,0,0,0,0,0,0,0,0,0,0,0,0,0,0,0,0,0,0,0,0,0,0,0,0,0,0,0,0,0,0,0,0,0,0,0,0,0,0,0,0,0,0,0,0,0,0,0,0,0,0,0,0,0,0,0,0,0,0,0,0,0,6,6,5,5,7,5,7,6,4,7
898,0,69,69,1,64,0,64,0,64,0,68,4352,2040,2312,2312,0,0,2040,0,0,0,68,2236,2168,0,0,0,0,14,0,1048576,0,0,0,inf,0.675491333,1.04153442,inf,0,0,0,0,0,0,0,0,0,0,0,0,0,0,0,0,0,0,0,0,0,0,0,0,0,0,0,0,0,0,0,0,0,0,0,0,0,0,0,0,0,0,0,0,0,0,0,0,0,0,0,0,0,0,0,0,0,0,0,0,0,0,0,0,0,0,0,0,0,0,0,0,0,0,0,0,0,0,0,0,0,0,0,0,0,0,0,0,0,4294967295,4294967295,4294967295,4294967295,4294967295,4294967295,4294967295,4294967295,4294967295,4294967295
899,0,69,69,1,64,0,64,0,64,0,68,4352,2375,1977,1977,0,0,2375,0,0,0,68,2571,2503,0,0,0,0,14,0,1048576,0,0,0,inf,0.570724487,0.704589844,inf,0,0,0,0,0,0,0,0,0,0,0,0,0,0,0,0,0,0,0,0,0,0,0,0,0,0,0,0,0,0,0,0,0,0,0,0,0,0,0,0,0,0,0,0,0,0,0,0,0,0,0,0,0,0,0,0,0,0,0,0,0,0,0,0,0,0,0,0,0,0,0,0,0,0,0,0,0,0,0,0,0,0,0,0,0,0,0,0,0,4294967295,4294967295,4294967295,4294967295,4294967295,4294967295,4294967295,4294967295,4294967295,4294967295
900,0.5,69,69,1,64,4,60,2,60,2,66,4352,3854,498,498,0,44,3810,0,20,19,68,1351,3982,44,0,563,10,14,0,1048576,0,0,0,inf,1.06044006,1.13595581,1.19781494,0,0,0,0,0,0,0,0,0,0,0,0,0,0,0,0,0,0,0,0,0,0,0,563,0,0,0,0,0,0,0,0,0,0,0,0,0,0,0,0,0,0,0,0,0,0,0,0,0,0,0,0,0,0,0,0,0,0,0,0,0,0,0,0,0,0,0,0,0,0,0,0,0,0,0,0,0,0,0,0,0,0,0,0,0,0,0,0,0,16,4,4294967295,4294967295,17,7,4294967295,4294967295,4294967295,17
901,1,69,69,1,64,18,46,4,46,14,54,4352,3360,992,992,0,125,3235,0,25,21,68,760,3488,125,0,1023,10,14,0,1048576,0,0,0,inf,0.945968628,1.11558533,0.930343628,0,0,0,0,0,0,0,0,0,0,0,0,0,0,0,0,0,0,0,0,0,0,0,1023,0,0,0,0,0,0,0,0,0,0,0,0,0,0,0,0,0,0,0,0,0,0,0,0,0,0,0,0,0,0,0,0,0,0,0,0,0,0,0,0,0,0,0,0,0,0,0,0,0,0,0,0,0,0,0,0,0,0,0,0,0,0,0,0,0,6,8,7,10,8,9,13,7,8,7
902,0.899999976,69,69,1,64,4,60,0,60,4,64,4352,3916,436,436,0,33,3883,0,22,16,68,2503,4044,33,0,895,10,14,0,1048576,0,0,0,inf,0.817718506,0.917663574,0.99621582,0,0,0,0,0,0,0,0,0,0,0,0,0,0,0,0,0,0,0,0,0,0,0,895,0,0,0,0,0,0,0,0,0,0,0,0,0,0,0,0,0,0,0,0,0,0,0,0,0,0,0,0,0,0,0,0,0,0,0,0,0,0,0,0,0,0,0,0,0,0,0,0,0,0,0,0,0,0,0,0,0,0,0,0,0,0,0,0,0,31,60,31,32,32,32,32,4294967295,34,1
903,0,69,69,1,64,0,64,0,64,0,68,4352,3133,1219,1219,0,0,3133,0,0,0,68,3329,3261,0,0,0,0,14,0,1048576,0,0,0,inf,0.769012451,0.850296021,inf,0,0,0,0,0,0,0,0,0,0,0,0,0,0,0,0,0,0,0,0,0,0,0,0,0,0,0,0,0,0,0,0,0,0,0,0,0,0,0,0,0,0,0,0,0,0,0,0,0,0,0,0,0,0,0,0,0,0,0,0,0,0,0,0,0,0,0,0,0,0,0,0,0,0,0,0,0,0,0,0,0,0,0,0,0,0,0,0,0,4294967295,4294967295,4294967295,4294967295,4294967295,4294967295,4294967295,4294967295,4294967295,4294967295
904,0.200000003,69,69,1,64,0,64,0,64,0,68,4352,2250,2102,2102,0,2,2248,0,2,2,68,2446,2378,2,0,3,2,14,0,1048576,0,0,0,inf,0.74798584,0.904708862,inf,0,0,0,0,0,0,0,0,0,0,0,0,0,0,0,0,0,0,0,0,0,0,0,3,0,0,0,0,0,0,0,0,0,0,0,0,0,0,0,0,0,0,0,0,0,0,0,0,0,0,0,0,0,0,0,0,0,0,0,0,0,0,0,0,0,0,0,0,0,0,0,0,0,0,0,0,0,0,0,0,0,0,0,0,0,0,0,0,0,11,48,4294967295,4294967295,4294967295,4294967295,4294967295,4294967295,4294967295,4294967295
905,1,69,69,1,64,10,54,3,54,7,61,4352,3124,1228,1228,0,34,3090,0,16,16,68,577,3252,34,0,1023,10,14,0,1048576,0,0,0,inf,0.848587036,0.970443726,0.875793457,0,0,0,0,0,0,0,0,0,0,0,0,0,0,0,0,0,0,0,0,0,0,0,1023,0,0,0,0,0,0,0,0,0,0,0,0,0,0,0,0,0,0,0,0,0,0,0,0,0,0,0,0,0,0,0,0,0,0,0,0,0,0,0,0,0,0,0,0,0,0,0,0,0,0,0,0,0,0,0,0,0,0,0,0,0,0,0,0,0,3,3,2,2,3,3,4,5,11,5
906,1,69,69,1,64,32,32,9,32,24,44,4352,3547,805,805,0,341,3206,0,46,43,68,520,3675,341,0,1023,10,14,0,1048576,0,0,0,inf,1.01031494,1.05696106,0.959274292,0,0,0,0,0,0,0,0,0,0,0,0,0,0,0,0,0,0,0,0,0,0,0,1023,0,0,0,0,0,0,0,0,0,0,0,0,0,0,0,0,0,0,0,0,0,0,0,0,0,0,0,0,0,0,0,0,0,0,0,0,0,0,0,0,0,0,0,0,0,0,0,0,0,0,0,0,0,0,0,0,0,0,0,0,0,0,0,0,0,14,13,4,18,14,28,5,21,19,7
907,0.300000012,69,69,1,64,1,63,0,63,1,67,4352,3401,951,951,0,5,3396,0,5,5,68,3597,3529,5,0,11,5,14,0,1048576,0,0,0,inf,0.471893311,0.555801392,inf,0,0,0,0,0,0,0,0,0,0,0,0,0,0,0,0,0,0,0,0,0,0,0,11,0,0,0,0,0,0,0,0,0,0,0,0,0,0,0,0,0,0,0,0,0,0,0,0,0,0,0,0,0,0,0,0,0,0,0,0,0,0,0,0,0,0,0,0,0,0,0,0,0,0,0,0,0,0,0,0,0,0,0,0,0,0,0,0,0,7,53,4294967295,39,4294967295,4294967295,4294967295,4294967295,4294967295,4294967295
908,1,69,69,1,64,10,54,1,54,9,59,4352,2442,1910,1910,0,16,2426,0,12,12,68,636,2570,16,0,1023,10,14,0,1048576,0,0,0,inf,0.626068115,0.769821167,0.646087646,0,0,0,0,0,0,0,0,0,0,0,0,0,0,0,0,0,0,0,0,0,0,0,1023,0,0,0,0,0,0,0,0,0,0,0,0,0,0,0,0,0,0,0,0,0,0,0,0,0,0,0,0,0,0,0,0,0,0,0,0,0,0,0,0,0,0,0,0,0,0,0,0,0,0,0,0,0,0,0,0,0,0,0,0,0,0,0,0,0,5,5,4,5,5,5,5,4,5,8
909,0.300000012,69,69,1,64,2,62,0,62,2,66,4352,3158,1194,1194,0,11,3147,0,11,11,68,2675,3286,11,0,11,10,14,0,1048576,0,0,0,inf,0.921646118,1.09318542,1.30384827,0,0,0,0,0,0,0,0,0,0,0,0,0,0,0,0,0,0,0,0,0,0,0,11,0,0,0,0,0,0,0,0,0,0,0,0,0,0,0,0,0,0,0,0,0,0,0,0,0,0,0,0,0,0,0,0,0,0,0,0,0,0,0,0,0,0,0,0,0,0,0,0,0,0,0,0,0,0,0,0,0,0,0,0,0,0,0,0,0,4,13,4294967295,8,4294967295,4294967295,4294967295,4294967295,4294967295,4294967295
910,0.899999976,69,69,1,64,18,46,3,46,15,53,4352,3312,1040,1040,0,126,3186,0,31,21,68,779,3440,126,0,895,10,14,0,1048576,0,0,0,inf,1.00843811,1.11061096,0.967727661,0,0,0,0,0,0,0,0,0,0,0,0,0,0,0,0,0,0,0,0,0,0,0,895,0,0,0,0,0,0,0,0,0,0,0,0,0,0,0,0,0,0,0,0,0,0,0,0,0,0,0,0,0,0,0,0,0,0,0,0,0,0,0,0,0,0,0,0,0,0,0,0,0,0,0,0,0,0,0,0,0,0,0,0,0,0,0,0,0,10,8,10,10,10,12,10,4294967295,10,15
911,0.5,69,69,1,64,1,63,1,63,0,68,4352,3119,1233,1233,0,7,3112,0,7,7,68,3315,3247,7,0,59,7,14,0,1048576,0,0,0,inf,1.03407288,1.1448822,inf,0,0,0,0,0,0,0,0,0,0,0,0,0,0,0,0,0,0,0,0,0,0,0,59,0,0,0,0,0,0,0,0,0,0,0,0,0,0,0,0,0,0,0,0,0,0,0,0,0,0,0,0,0,0,0,0,0,0,0,0,0,0,0,0,0,0,0,0,0,0,0,0,0,0,0,0,0,0,0,0,0,0,0,0,0,0,0,0,0,17,35,4294967295,34,35,5,4294967295,4294967295,4294967295,4294967295
912,0.5,69,69,1,64,2,62,0,62,2,66,4352,2783,1569,1569,0,5,2778,0,5,5,68,2979,2911,5,0,283,5,14,0,1048576,0,0,0,inf,0.943740845,1.10281372,inf,0,0,0,0,0,0,0,0,0,0,0,0,0,0,0,0,0,0,0,0,0,0,0,283,0,0,0,0,0,0,0,0,0,0,0,0,0,0,0,0,0,0,0,0,0,0,0,0,0,0,0,0,0,0,0,0,0,0,0,0,0,0,0,0,0,0,0,0,0,0,0,0,0,0,0,0,0,0,0,0,0,0,0,0,0,0,0,0,0,6,27,4294967295,39,19,4294967295,4294967295,4294967295,63,4294967295
913,0.100000001,69,69,1,64,0,64,0,64,0,68,4352,3175,1177,1177,0,4,3171,0,4,4,68,3371,3303,4,0,8,4,14,0,1048576,0,0,0,inf,0.938491821,1.08410645,inf,0,0,0,0,0,0,0,0,0,0,0,0,0,0,0,0,0,0,0,0,0,0,0,8,0,0,0,0,0,0,0,0,0,0,0,0,0,0,0,0,0,0,0,0,0,0,0,0,0,0,0,0,0,0,0,0,0,0,0,0,0,0,0,0,0,0,0,0,0,0,0,0,0,0,0,0,0,0,0,0,0,0,0,0,0,0,0,0,0,4294967295,4294967295,4294967295,39,4294967295,4294967295,4294967295,4294967295,4294967295,4294967295
914,0.5,69,69,1,64,2,62,2,62,0,68,4352,2878,1474,1474,0,11,2867,0,11,11,68,3074,3006,11,0,395,10,14,0,1048576,0,0,0,inf,0.851028442,0.944259644,1.19540405,0,0,0,0,0,0,0,0,0,0,0,0,0,0,0,0,0,0,0,0,0,0,0,395,0,0,0,0,0,0,0,0,0,0,0,0,0,0,0,0,0,0,0,0,0,0,0,0,0,0,0,0,0,0,0,0,0,0,0,0,0,0,0,0,0,0,0,0,0,0,0,0,0,0,0,0,0,0,0,0,0,0,0,0,0,0,0,0,0,27,22,4294967295,60,4294967295,4294967295,4294967295,67,67,4294967295
915,0.899999976,69,69,1,64,2,62,0,62,2,66,4352,2004,2348,2348,0,10,1994,0,10,10,68,1808,2132,10,0,511,10,14,0,1048576,0,0,0,inf,0.746536255,0.951965332,1.25730896,0,0,0,0,0,0,0,0,0,0,0,0,0,0,0,0,0,0,0,0,0,0,0,511,0,0,0,0,0,0,0,0,0,0,0,0,0,0,0,0,0,0,0,0,0,0,0,0,0,0,0,0,0,0,0,0,0,0,0,0,0,0,0,0,0,0,0,0,0,0,0,0,0,0,0,0,0,0,0,0,0,0,0,0,0,0,0,0,0,4,4,6,22,4,11,11,35,39,4294967295
916,0,69,69,1,64,0,64,0,64,0,68,4352,1905,2447,2447,0,0,1905,0,0,0,68,2101,2033,0,0,0,0,14,0,1048576,0,0,0,inf,0.476806641,0.831497192,inf,0,0,0,0,0,0,0,0,0,0,0,0,0,0,0,0,0,0,0,0,0,0,0,0,0,0,0,0,0,0,0,0,0,0,0,0,0,0,0,0,0,0,0,0,0,0,0,0,0,0,0,0,0,0,0,0,0,0,0,0,0,0,0,0,0,0,0,0,0,0,0,0,0,0,0,0,0,0,0,0,0,0,0,0,0,0,0,0,0,4294967295,4294967295,4294967295,4294967295,4294967295,4294967295,4294967295,4294967295,4294967295,4294967295
917,1,69,69,1,64,30,34,8,34,23,45,4352,3181,1171,1171,0,282,2899,0,49,33,68,548,3309,282,0,1023,10,14,0,1048576,0,0,0,inf,0.918563843,1.01638794,0.858840942,0,0,0,0,0,0,0,0,0,0,0,0,0,0,0,0,0,0,0,0,0,0,0,1023,0,0,0,0,0,0,0,0,0,0,0,0,0,0,0,0,0,0,0,0,0,0,0,0,0,0,0,0,0,0,0,0,0,0,0,0,0,0,0,0,0,0,0,0,0,0,0,0,0,0,0,0,0,0,0,0,0,0,0,0,0,0,0,0,0,8,9,21,19,9,10,9,12,9,55
918,0.800000012,69,69,1,64,9,55,3,55,6,62,4352,3677,675,675,0,57,3620,0,29,26,68,818,3805,57,0,447,10,14,0,1048576,0,0,0,inf,1.24028015,1.35923767,1.30480957,0,0,0,0,0,0,0,0,0,0,0,0,0,0,0,0,0,0,0,0,0,0,0,447,0,0,0,0,0,0,0,0,0,0,0,0,0,0,0,0,0,0,0,0,0,0,0,0,0,0,0,0,0,0,0,0,0,0,0,0,0,0,0,0,0,0,0,0,0,0,0,0,0,0,0,0,0,0,0,0,0,0,0,0,0,0,0,0,0,7,5,5,4,23,8,4294967295,6,23,4294967295
919,1,69,69,1,64,64,0,2,0,63,5,4352,1651,2701,2701,0,683,968,0,68,36,68,509,1779,683,0,1023,10,14,0,1048576,0,0,0,inf,0.309417725,0.309417725,0.105117798,0,0,0,0,0,0,0,0,0,0,0,0,0,0,0,0,0,0,0,0,0,0,0,1023,0,0,0,0,0,0,0,0,0,0,0,0,0,0,0,0,0,0,0,0,0,0,0,0,0,0,0,0,0,0,0,0,0,0,0,0,0,0,0,0,0,0,0,0,0,0,0,0,0,0,0,0,0,0,0,0,0,0,0,0,0,0,0,0,0,5,5,5,5,5,5,5,6,6,6
920,0.100000001,69,69,1,64,0,64,0,64,0,68,4352,2967,1385,1385,0,1,2966,0,1,1,68,3163,3095,1,0,1,1,14,0,1048576,0,0,0,inf,0.660430908,0.867752075,inf,0,0,0,0,0,0,0,0,0,0,0,0,0,0,0,0,0,0,0,0,0,0,0,1,0,0,0,0,0,0,0,0,0,0,0,0,0,0,0,0,0,0,0,0,0,0,0,0,0,0,0,0,0,0,0,0,0,0,0,0,0,0,0,0,0,0,0,0,0,0,0,0,0,0,0,0,0,0,0,0,0,0,0,0,0,0,0,0,0,57,4294967295,4294967295,4294967295,4294967295,4294967295,4294967295,4294967295,4294967295,4294967295
921,0.800000012,69,69,1,64,10,54,6,54,4,64,4352,3429,923,923,0,96,3333,0,20,20,68,1540,3557,96,0,990,10,14,0,1048576,0,0,0,inf,0.938400269,1.16775513,0.975814819,0,0,0,0,0,0,0,0,0,0,0,0,0,0,0,0,0,0,0,0,0,0,0,990,0,0,0,0,0,0,0,0,0,0,0,0,0,0,0,0,0,0,0,0,0,0,0,0,0,0,0,0,0,0,0,0,0,0,0,0,0,0,0,0,0,0,0,0,0,0,0,0,0,0,0,0,0,0,0,0,0,0,0,0,0,0,0,0,0,4294967295,24,23,54,15,4294967295,13,50,8,25
922,1,69,69,1,64,16,48,1,48,15,53,4352,2394,1958,1958,0,94,2300,0,23,21,68,677,2522,94,0,1023,10,14,0,1048576,0,0,0,inf,0.740997314,0.891555786,0.703689575,0,0,0,0,0,0,0,0,0,0,0,0,0,0,0,0,0,0,0,0,0,0,0,1023,0,0,0,0,0,0,0,0,0,0,0,0,0,0,0,0,0,0,0,0,0,0,0,0,0,0,0,0,0,0,0,0,0,0,0,0,0,0,0,0,0,0,0,0,0,0,0,0,0,0,0,0,0,0,0,0,0,0,0,0,0,0,0,0,0,5,4,8,10,6,7,5,5,13,19
923,0.300000012,69,69,1,64,1,63,0,63,1,67,4352,3243,1109,1109,0,5,3238,0,5,5,68,3439,3371,5,0,11,5,14,0,1048576,0,0,0,inf,0.458465576,0.610794067,inf,0,0,0,0,0,0,0,0,0,0,0,0,0,0,0,0,0,0,0,0,0,0,0,11,0,0,0,0,0,0,0,0,0,0,0,0,0,0,0,0,0,0,0,0,0,0,0,0,0,0,0,0,0,0,0,0,0,0,0,0,0,0,0,0,0,0,0,0,0,0,0,0,0,0,0,0,0,0,0,0,0,0,0,0,0,0,0,0,0,16,19,4294967295,16,4294967295,4294967295,4294967295,4294967295,4294967295,4294967295
924,0.600000024,69,69,1,64,0,64,0,64,0,68,4352,1954,2398,2398,0,6,1948,0,6,6,68,2150,2082,6,0,63,6,14,0,1048576,0,0,0,inf,0.330535889,0.492477417,inf,0,0,0,0,0,0,0,0,0,0,0,0,0,0,0,0,0,0,0,0,0,0,0,63,0,0,0,0,0,0,0,0,0,0,0,0,0,0,0,0,0,0,0,0,0,0,0,0,0,0,0,0,0,0,0,0,0,0,0,0,0,0,0,0,0,0,0,0,0,0,0,0,0,0,0,0,0,0,0,0,0,0,0,0,0,0,0,0,0,11,25,5,40,30,47,4294967295,4294967295,4294967295,4294967295
925,0.100000001,69,69,1,64,0,64,0,64,0,68,4352,2595,1757,1757,0,2,2593,0,2,2,68,2791,2723,2,0,1,2,14,0,1048576,0,0,0,inf,0.591934204,0.698455811,inf,0,0,0,0,0,0,0,0,0,0,0,0,0,0,0,0,0,0,0,0,0,0,0,1,0,0,0,0,0,0,0,0,0,0,0,0,0,0,0,0,0,0,0,0,0,0,0,0,0,0,0,0,0,0,0,0,0,0,0,0,0,0,0,0,0,0,0,0,0,0,0,0,0,0,0,0,0,0,0,0,0,0,0,0,0,0,0,0,0,46,4294967295,4294967295,4294967295,4294967295,4294967295,4294967295,4294967295,4294967295,4294967295
926,0.400000006,69,69,1,64,3,61,2,61,1,67,4352,2563,1789,1789,0,7,2556,0,7,7,68,2759,2691,7,0,387,7,14,0,1048576,0,0,0,inf,0.637588501,0.717468262,inf,0,0,0,0,0,0,0,0,0,0,0,0,0,0,0,0,0,0,0,0,0,0,0,387,0,0,0,0,0,0,0,0,0,0,0,0,0,0,0,0,0,0,0,0,0,0,0,0,0,0,0,0,0,0,0,0,0,0,0,0,0,0,0,0,0,0,0,0,0,0,0,0,0,0,0,0,0,0,0,0,0,0,0,0,0,0,0,0,0,22,50,4294967295,4294967295,4294967295,4294967295,4294967295,53,29,4294967295
927,1,69,69,1,64,17,47,3,47,14,54,4352,3137,1215,1215,0,102,3035,0,28,26,68,613,3265,102,0,1023,10,14,0,1048576,0,0,0,inf,0.871856689,1.01335144,0.789581299,0,0,0,0,0,0,0,0,0,0,0,0,0,0,0,0,0,0,0,0,0,0,0,1023,0,0,0,0,0,0,0,0,0,0,0,0,0,0,0,0,0,0,0,0,0,0,0,0,0,0,0,0,0,0,0,0,0,0,0,0,0,0,0,0,0,0,0,0,0,0,0,0,0,0,0,0,0,0,0,0,0,0,0,0,0,0,0,0,0,6,10,6,6,7,5,8,6,7,5
928,0.400000006,69,69,1,64,1,63,0,63,1,67,4352,3408,944,944,0,7,3401,0,7,7,68,3604,3536,7,0,263,7,14,0,1048576,0,0,0,inf,0.681655884,0.811920166,inf,0,0,0,0,0,0,0,0,0,0,0,0,0,0,0,0,0,0,0,0,0,0,0,263,0,0,0,0,0,0,0,0,0,0,0,0,0,0,0,0,0,0,0,0,0,0,0,0,0,0,0,0,0,0,0,0,0,0,0,0,0,0,0,0,0,0,0,0,0,0,0,0,0,0,0,0,0,0,0,0,0,0,0,0,0,0,0,0,0,5,6,13,4294967295,4294967295,4294967295,4294967295,4294967295,26,4294967295
929,0,69,69,1,64,0,64,0,64,0,68,4352,3485,867,867,0,3,3482,0,3,3,68,3681,3613,3,0,0,3,14,0,1048576,0,0,0,inf,0.769119263,0.863571167,inf,0,0,0,0,0,0,0,0,0,0,0,0,0,0,0,0,0,0,0,0,0,0,0,0,0,0,0,0,0,0,0,0,0,0,0,0,0,0,0,0,0,0,0,0,0,0,0,0,0,0,0,0,0,0,0,0,0,0,0,0,0,0,0,0,0,0,0,0,0,0,0,0,0,0,0,0,0,0,0,0,0,0,0,0,0,0,0,0,0,4294967295,4294967295,4294967295,4294967295,4294967295,4294967295,4294967295,4294967295,4294967295,4294967295
930,1,69,69,1,64,11,53,4,53,7,61,4352,3136,1216,1216,0,57,3079,0,23,19,68,1172,3264,57,0,1023,10,14,0,1048576,0,0,0,inf,0.86164856,1.00068665,0.920654297,0,0,0,0,0,0,0,0,0,0,0,0,0,0,0,0,0,0,0,0,0,0,0,1023,0,0,0,0,0,0,0,0,0,0,0,0,0,0,0,0,0,0,0,0,0,0,0,0,0,0,0,0,0,0,0,0,0,0,0,0,0,0,0,0,0,0,0,0,0,0,0,0,0,0,0,0,0,0,0,0,0,0,0,0,0,0,0,0,0,18,14,14,13,14,15,14,6,19,19
931,0.5,69,69,1,64,0,64,0,64,0,68,4352,2656,1696,1696,0,8,2648,0,8,8,68,2852,2784,8,0,707,8,14,0,1048576,0,0,0,inf,0.559036255,0.714477539,inf,0,0,0,0,0,0,0,0,0,0,0,0,0,0,0,0,0,0,0,0,0,0,0,707,0,0,0,0,0,0,0,0,0,0,0,0,0,0,0,0,0,0,0,0,0,0,0,0,0,0,0,0,0,0,0,0,0,0,0,0,0,0,0,0,0,0,0,0,0,0,0,0,0,0,0,0,0,0,0,0,0,0,0,0,0,0,0,0,0,3,24,4294967295,4294967295,4294967295,4294967295,65,14,4294967295,13
932,0.100000001,69,69,1,64,0,64,0,64,0,68,4352,3262,1090,1090,0,2,3260,0,2,2,68,3458,3390,2,0,512,2,14,0,1048576,0,0,0,inf,1.39227295,1.55656433,inf,0,0,0,0,0,0,0,0,0,0,0,0,0,0,0,0,0,0,0,0,0,0,0,512,0,0,0,0,0,0,0,0,0,0,0,0,0,0,0,0,0,0,0,0,0,0,0,0,0,0,0,0,0,0,0,0,0,0,0,0,0,0,0,0,0,0,0,0,0,0,0,0,0,0,0,0,0,0,0,0,0,0,0,0,0,0,0,0,0,4294967295,4294967295,4294967295,4294967295,4294967295,4294967295,4294967295,4294967295,4294967295,39
933,0.100000001,69,69,1,64,1,63,0,63,1,67,4352,3396,956,956,0,1,3395,0,1,1,68,3592,3524,1,0,1,1,14,0,1048576,0,0,0,inf,0.949783325,1.04911804,inf,0,0,0,0,0,0,0,0,0,0,0,0,0,0,0,0,0,0,0,0,0,0,0,1,0,0,0,0,0,0,0,0,0,0,0,0,0,0,0,0,0,0,0,0,0,0,0,0,0,0,0,0,0,0,0,0,0,0,0,0,0,0,0,0,0,0,0,0,0,0,0,0,0,0,0,0,0,0,0,0,0,0,0,0,0,0,0,0,0,19,4294967295,4294967295,4294967295,4294967295,4294967295,4294967295,4294967295,4294967295,4294967295
934,1,69,69,1,64,16,48,1,48,15,53,4352,3055,1297,1297,0,161,2894,0,27,26,68,565,3183,161,0,1023,10,14,0,1048576,0,0,0,inf,0.873794556,1.00215149,0.808258057,0,0,0,0,0,0,0,0,0,0,0,0,0,0,0,0,0,0,0,0,0,0,0,1023,0,0,0,0,0,0,0,0,0,0,0,0,0,0,0,0,0,0,0,0,0,0,0,0,0,0,0,0,0,0,0,0,0,0,0,0,0,0,0,0,0,0,0,0,0,0,0,0,0,0,0,0,0,0,0,0,0,0,0,0,0,0,0,0,0,3,3,4,7,4,14,14,18,13,16
935,1,69,69,1,64,30,34,12,34,18,50,4352,1973,2379,2379,0,210,1763,0,27,21,68,565,2101,210,0,1023,10,14,0,1048576,0,0,0,inf,0.773727417,1.04704285,0.707077026,0,0,0,0,0,0,0,0,0,0,0,0,0,0,0,0,0,0,0,0,0,0,0,1023,0,0,0,0,0,0,0,0,0,0,0,0,0,0,0,0,0,0,0,0,0,0,0,0,0,0,0,0,0,0,0,0,0,0,0,0,0,0,0,0,0,0,0,0,0,0,0,0,0,0,0,0,0,0,0,0,0,0,0,0,0,0,0,0,0,4,4,3,6,4,6,6,6,5,5
936,0.100000001,69,69,1,64,0,64,0,64,0,68,4352,4080,272,272,0,2,4078,0,2,2,68,4276,4208,2,0,32,2,14,0,1048576,0,0,0,inf,0.805374146,0.909454346,inf,0,0,0,0,0,0,0,0,0,0,0,0,0,0,0,0,0,0,0,0,0,0,0,32,0,0,0,0,0,0,0,0,0,0,0,0,0,0,0,0,0,0,0,0,0,0,0,0,0,0,0,0,0,0,0,0,0,0,0,0,0,0,0,0,0,0,0,0,0,0,0,0,0,0,0,0,0,0,0,0,0,0,0,0,0,0,0,0,0,4294967295,4294967295,4294967295,4294967295,4294967295,38,4294967295,4294967295,4294967295,4294967295
937,1,69,69,2,64,64,0,0,0,68,0,4352,1280,3072,3072,0,1055,225,0,183,62,68,401,1408,1055,0,1023,10,14,0,1048576,0,0,0,inf,inf,0.382873535,0.287658691,0,0,0,0,0,0,0,0,0,0,0,0,0,0,0,0,0,0,0,0,0,0,0,1023,0,0,0,0,0,0,0,0,0,0,0,0,0,0,0,0,0,0,0,0,0,0,0,0,0,0,0,0,0,0,0,0,0,0,0,0,0,0,0,0,0,0,0,0,0,0,0,0,0,0,0,0,0,0,0,0,0,0,0,0,0,0,0,0,0,5,5,4,5,4,4,5,4,5,5
938,0.300000012,69,69,1,64,0,64,0,64,0,68,4352,3505,847,847,0,4,3501,0,4,4,68,3701,3633,4,0,69,4,14,0,1048576,0,0,0,inf,0.585617065,0.625,inf,0,0,0,0,0,0,0,0,0,0,0,0,0,0,0,0,0,0,0,0,0,0,0,69,0,0,0,0,0,0,0,0,0,0,0,0,0,0,0,0,0,0,0,0,0,0,0,0,0,0,0,0,0,0,0,0,0,0,0,0,0,0,0,0,0,0,0,0,0,0,0,0,0,0,0,0,0,0,0,0,0,0,0,0,0,0,0,0,0,67,4294967295,52,4294967295,4294967295,4294967295,58,4294967295,4294967295,4294967295
939,1,69,69,1,64,4,60,3,60,1,67,4352,2896,1456,1456,0,30,2866,0,17,14,68,785,3024,30,0,1023,10,14,0,1048576,0,0,0,inf,0.957641602,1.11022949,1.05177307,0,0,0,0,0,0,0,0,0,0,0,0,0,0,0,0,0,0,0,0,0,0,0,1023,0,0,0,0,0,0,0,0,0,0,0,0,0,0,0,0,0,0,0,0,0,0,0,0,0,0,0,0,0,0,0,0,0,0,0,0,0,0,0,0,0,0,0,0,0,0,0,0,0,0,0,0,0,0,0,0,0,0,0,0,0,0,0,0,0,3,2,10,3,4,4,4,19,4,51
940,0.800000012,69,69,1,64,2,62,0,62,2,66,4352,2058,2294,2294,0,13,2045,0,13,13,68,1720,2186,13,0,255,10,14,0,1048576,0,0,0,inf,0.699020386,0.841033936,0.993789673,0,0,0,0,0,0,0,0,0,0,0,0,0,0,0,0,0,0,0,0,0,0,0,255,0,0,0,0,0,0,0,0,0,0,0,0,0,0,0,0,0,0,0,0,0,0,0,0,0,0,0,0,0,0,0,0,0,0,0,0,0,0,0,0,0,0,0,0,0,0,0,0,0,0,0,0,0,0,0,0,0,0,0,0,0,0,0,0,0,8,6,8,8,9,8,15,48,4294967295,4294967295
941,0,69,69,1,64,0,64,0,64,0,68,4352,3684,668,668,0,0,3684,0,0,0,68,3880,3812,0,0,0,0,14,0,1048576,0,0,0,inf,0.721633911,0.798446655,inf,0,0,0,0,0,0,0,0,0,0,0,0,0,0,0,0,0,0,0,0,0,0,0,0,0,0,0,0,0,0,0,0,0,0,0,0,0,0,0,0,0,0,0,0,0,0,0,0,0,0,0,0,0,0,0,0,0,0,0,0,0,0,0,0,0,0,0,0,0,0,0,0,0,0,0,0,0,0,0,0,0,0,0,0,0,0,0,0,0,4294967295,4294967295,4294967295,4294967295,4294967295,4294967295,4294967295,4294967295,4294967295,4294967295
942,0.5,69,69,1,64,0,64,0,64,0,68,4352,3343,1009,1009,0,12,3331,0,10,10,68,3368,3471,12,0,115,10,14,0,1048576,0,0,0,inf,0.733352661,0.856491089,1.16925049,0,0,0,0,0,0,0,0,0,0,0,0,0,0,0,0,0,0,0,0,0,0,0,115,0,0,0,0,0,0,0,0,0,0,0,0,0,0,0,0,0,0,0,0,0,0,0,0,0,0,0,0,0,0,0,0,0,0,0,0,0,0,0,0,0,0,0,0,0,0,0,0,0,0,0,0,0,0,0,0,0,0,0,0,0,0,0,0,0,10,32,4294967295,4294967295,4,5,29,4294967295,4294967295,4294967295
943,0.899999976,69,69,1,64,3,61,1,61,2,66,4352,2538,1814,1814,0,26,2512,0,15,15,68,1869,2666,26,0,511,10,14,0,1048576,0,0,0,inf,0.692352295,0.846633911,0.898193359,0,0,0,0,0,0,0,0,0,0,0,0,0,0,0,0,0,0,0,0,0,0,0,511,0,0,0,0,0,0,0,0,0,0,0,0,0,0,0,0,0,0,0,0,0,0,0,0,0,0,0,0,0,0,0,0,0,0,0,0,0,0,0,0,0,0,0,0,0,0,0,0,0,0,0,0,0,0,0,0,0,0,0,0,0,0,0,0,0,30,17,9,25,32,29,18,34,25,4294967295
944,0.899999976,69,69,1,64,0,64,0,64,0,68,4352,3213,1139,1139,0,30,3183,0,18,18,68,2563,3341,30,0,767,10,14,0,1048576,0,0,0,inf,1.19856262,1.32318115,1.574646,0,0,0,0,0,0,0,0,0,0,0,0,0,0,0,0,0,0,0,0,0,0,0,767,0,0,0,0,0,0,0,0,0,0,0,0,0,0,0,0,0,0,0,0,0,0,0,0,0,0,0,0,0,0,0,0,0,0,0,0,0,0,0,0,0,0,0,0,0,0,0,0,0,0,0,0,0,0,0,0,0,0,0,0,0,0,0,0,0,4,4,24,13,30,53,35,9,4294967295,46
945,0,69,69,1,64,0,64,0,64,0,68,4352,2730,1622,1622,0,0,2730,0,0,0,68,2926,2858,0,0,0,0,14,0,1048576,0,0,0,inf,0.758056641,0.956863403,inf,0,0,0,0,0,0,0,0,0,0,0,0,0,0,0,0,0,0,0,0,0,0,0,0,0,0,0,0,0,0,0,0,0,0,0,0,0,0,0,0,0,0,0,0,0,0,0,0,0,0,0,0,0,0,0,0,0,0,0,0,0,0,0,0,0,0,0,0,0,0,0,0,0,0,0,0,0,0,0,0,0,0,0,0,0,0,0,0,0,4294967295,4294967295,4294967295,4294967295,4294967295,4294967295,4294967295,4294967295,4294967295,4294967295
946,0.300000012,69,69,1,64,1,63,0,63,1,67,4352,3545,807,807,0,5,3540,0,5,5,68,3741,3673,5,0,21,5,14,0,1048576,0,0,0,inf,1.0471344,1.2877655,inf,0,0,0,0,0,0,0,0,0,0,0,0,0,0,0,0,0,0,0,0,0,0,0,21,0,0,0,0,0,0,0,0,0,0,0,0,0,0,0,0,0,0,0,0,0,0,0,0,0,0,0,0,0,0,0,0,0,0,0,0,0,0,0,0,0,0,0,0,0,0,0,0,0,0,0,0,0,0,0,0,0,0,0,0,0,0,0,0,0,13,4294967295,11,4294967295,57,4294967295,4294967295,4294967295,4294967295,4294967295
947,1,69,69,1,64,7,57,1,57,6,62,4352,2695,1657,1657,0,63,2632,0,26,24,68,984,2823,63,0,1023,10,14,0,1048576,0,0,0,inf,0.723632812,0.956710815,0.776184082,0,0,0,0,0,0,0,0,0,0,0,0,0,0,0,0,0,0,0,0,0,0,0,1023,0,0,0,0,0,0,0,0,0,0,0,0,0,0,0,0,0,0,0,0,0,0,0,0,0,0,0,0,0,0,0,0,0,0,0,0,0,0,0,0,0,0,0,0,0,0,0,0,0,0,0,0,0,0,0,0,0,0,0,0,0,0,0,0,0,23,23,15,9,15,15,43,17,17,15
948,0,69,69,1,64,0,64,0,64,0,68,4352,2762,1590,1590,0,0,2762,0,0,0,68,2958,2890,0,0,0,0,14,0,1048576,0,0,0,inf,1.01063538,1.21821594,inf,0,0,0,0,0,0,0,0,0,0,0,0,0,0,0,0,0,0,0,0,0,0,0,0,0,0,0,0,0,0,0,0,0,0,0,0,0,0,0,0,0,0,0,0,0,0,0,0,0,0,0,0,0,0,0,0,0,0,0,0,0,0,0,0,0,0,0,0,0,0,0,0,0,0,0,0,0,0,0,0,0,0,0,0,0,0,0,0,0,4294967295,4294967295,4294967295,4294967295,4294967295,4294967295,4294967295,4294967295,4294967295,4294967295
949,0.100000001,69,69,1,64,1,63,0,63,1,67,4352,2010,2342,2342,0,1,2009,0,1,1,68,2206,2138,1,0,1,1,14,0,1048576,0,0,0,inf,0.738967896,1.01026917,inf,0,0,0,0,0,0,0,0,0,0,0,0,0,0,0,0,0,0,0,0,0,0,0,1,0,0,0,0,0,0,0,0,0,0,0,0,0,0,0,0,0,0,0,0,0,0,0,0,0,0,0,0,0,0,0,0,0,0,0,0,0,0,0,0,0,0,0,0,0,0,0,0,0,0,0,0,0,0,0,0,0,0,0,0,0,0,0,0,0,4,4294967295,4294967295,4294967295,4294967295,4294967295,4294967295,4294967295,4294967295,4294967295
950,0.899999976,69,69,1,64,4,60,2,60,2,66,4352,3697,655,655,0,35,3662,0,15,14,68,1437,3825,35,0,511,10,14,0,1048576,0,0,0,inf,1.10049438,1.16044617,1.22018433,0,0,0,0,0,0,0,0,0,0,0,0,0,0,0,0,0,0,0,0,0,0,0,511,0,0,0,0,0,0,0,0,0,0,0,0,0,0,0,0,0,0,0,0,0,0,0,0,0,0,0,0,0,0,0,0,0,0,0,0,0,0,0,0,0,0,0,0,0,0,0,0,0,0,0,0,0,0,0,0,0,0,0,0,0,0,0,0,0,13,6,9,24,4,10,16,16,16,4294967295
951,0.100000001,69,69,1,64,0,64,0,64,0,68,4352,3271,1081,1081,0,1,3270,0,2,2,68,3467,3399,1,0,32,2,14,0,1048576,0,0,0,inf,0.918457031,1.04246521,inf,0,0,0,0,0,0,0,0,0,0,0,0,0,0,0,0,0,0,0,0,0,0,0,32,0,0,0,0,0,0,0,0,0,0,0,0,0,0,0,0,0,0,0,0,0,0,0,0,0,0,0,0,0,0,0,0,0,0,0,0,0,0,0,0,0,0,0,0,0,0,0,0,0,0,0,0,0,0,0,0,0,0,0,0,0,0,0,0,0,4294967295,4294967295,4294967295,4294967295,4294967295,19,4294967295,4294967295,4294967295,4294967295
952,0.5,69,69,1,64,1,63,1,63,0,68,4352,2258,2094,2094,0,6,2252,0,6,6,68,2454,2386,6,0,47,6,14,0,1048576,0,0,0,inf,0.735839844,0.933380127,inf,0,0,0,0,0,0,0,0,0,0,0,0,0,0,0,0,0,0,0,0,0,0,0,47,0,0,0,0,0,0,0,0,0,0,0,0,0,0,0,0,0,0,0,0,0,0,0,0,0,0,0,0,0,0,0,0,0,0,0,0,0,0,0,0,0,0,0,0,0,0,0,0,0,0,0,0,0,0,0,0,0,0,0,0,0,0,0,0,0,39,6,6,8,4294967295,56,4294967295,4294967295,4294967295,4294967295
953,0.100000001,69,69,1,64,0,64,0,64,0,68,4352,2913,1439,1439,0,2,2911,0,2,2,68,3109,3041,2,0,1,2,14,0,1048576,0,0,0,inf,0.467926025,0.589889526,inf,0,0,0,0,0,0,0,0,0,0,0,0,0,0,0,0,0,0,0,0,0,0,0,1,0,0,0,0,0,0,0,0,0,0,0,0,0,0,0,0,0,0,0,0,0,0,0,0,0,0,0,0,0,0,0,0,0,0,0,0,0,0,0,0,0,0,0,0,0,0,0,0,0,0,0,0,0,0,0,0,0,0,0,0,0,0,0,0,0,9,4294967295,4294967295,4294967295,4294967295,4294967295,4294967295,4294967295,4294967295,4294967295
954,0.899999976,69,69,1,64,5,59,0,59,5,63,4352,2236,2116,2116,0,70,2166,0,17,15,68,907,2364,70,0,767,10,14,0,1048576,0,0,0,inf,0.51184082,0.714172363,0.636901855,0,0,0,0,0,0,0,0,0,0,0,0,0,0,0,0,0,0,0,0,0,0,0,767,0,0,0,0,0,0,0,0,0,0,0,0,0,0,0,0,0,0,0,0,0,0,0,0,0,0,0,0,0,0,0,0,0,0,0,0,0,0,0,0,0,0,0,0,0,0,0,0,0,0,0,0,0,0,0,0,0,0,0,0,0,0,0,0,0,5,7,6,7,6,5,16,5,4294967295,8
955,0.5,69,69,1,64,3,61,0,61,3,65,4352,3509,843,843,0,27,3482,0,17,17,68,2223,3637,27,0,79,10,14,0,1048576,0,0,0,inf,0.932723999,1.05369568,1.13412476,0,0,0,0,0,0,0,0,0,0,0,0,0,0,0,0,0,0,0,0,0,0,0,79,0,0,0,0,0,0,0,0,0,0,0,0,0,0,0,0,0,0,0,0,0,0,0,0,0,0,0,0,0,0,0,0,0,0,0,0,0,0,0,0,0,0,0,0,0,0,0,0,0,0,0,0,0,0,0,0,0,0,0,0,0,0,0,0,0,18,19,31,36,4294967295,4294967295,2,4294967295,4294967295,4294967295
956,0,69,69,1,64,0,64,0,64,0,68,4352,2735,1617,1617,0,2,2733,0,4,4,68,2931,2863,2,0,0,4,14,0,1048576,0,0,0,inf,1.01011658,1.15478516,inf,0,0,0,0,0,0,0,0,0,0,0,0,0,0,0,0,0,0,0,0,0,0,0,0,0,0,0,0,0,0,0,0,0,0,0,0,0,0,0,0,0,0,0,0,0,0,0,0,0,0,0,0,0,0,0,0,0,0,0,0,0,0,0,0,0,0,0,0,0,0,0,0,0,0,0,0,0,0,0,0,0,0,0,0,0,0,0,0,0,4294967295,4294967295,4294967295,4294967295,4294967295,4294967295,4294967295,4294967295,4294967295,4294967295
957,0.200000003,69,69,1,64,0,64,0,64,0,68,4352,1941,2411,2411,0,2,1939,0,2,2,68,2137,2069,2,0,6,2,14,0,1048576,0,0,0,inf,1.01190186,1.49353027,inf,0,0,0,0,0,0,0,0,0,0,0,0,0,0,0,0,0,0,0,0,0,0,0,6,0,0,0,0,0,0,0,0,0,0,0,0,0,0,0,0,0,0,0,0,0,0,0,0,0,0,0,0,0,0,0,0,0,0,0,0,0,0,0,0,0,0,0,0,0,0,0,0,0,0,0,0,0,0,0,0,0,0,0,0,0,0,0,0,0,4294967295,13,16,4294967295,4294967295,4294967295,4294967295,4294967295,4294967295,4294967295
958,0.600000024,69,69,1,64,1,63,0,63,1,67,4352,2445,1907,1907,0,10,2435,0,11,11,68,2609,2573,10,0,335,10,14,0,1048576,0,0,0,inf,0.565734863,0.725341797,1.21487427,0,0,0,0,0,0,0,0,0,0,0,0,0,0,0,0,0,0,0,0,0,0,0,335,0,0,0,0,0,0,0,0,0,0,0,0,0,0,0,0,0,0,0,0,0,0,0,0,0,0,0,0,0,0,0,0,0,0,0,0,0,0,0,0,0,0,0,0,0,0,0,0,0,0,0,0,0,0,0,0,0,0,0,0,0,0,0,0,0,4,4,19,19,4294967295,4294967295,34,4294967295,29,4294967295
959,0.800000012,69,69,1,64,3,61,1,61,2,66,4352,3032,1320,1320,0,28,3004,0,18,17,68,2190,3160,28,0,447,10,14,0,1048576,0,0,0,inf,0.448516846,0.563949585,0.635009766,0,0,0,0,0,0,0,0,0,0,0,0,0,0,0,0,0,0,0,0,0,0,0,447,0,0,0,0,0,0,0,0,0,0,0,0,0,0,0,0,0,0,0,0,0,0,0,0,0,0,0,0,0,0,0,0,0,0,0,0,0,0,0,0,0,0,0,0,0,0,0,0,0,0,0,0,0,0,0,0,0,0,0,0,0,0,0,0,0,3,29,1,23,9,30,4294967295,22,39,4294967295
960,0.300000012,69,69,1,64,0,64,0,64,0,68,4352,3567,785,785,0,5,3562,0,5,5,68,3763,3695,5,0,146,5,14,0,1048576,0,0,0,inf,0.829788208,0.893096924,inf,0,0,0,0,0,0,0,0,0,0,0,0,0,0,0,0,0,0,0,0,0,0,0,146,0,0,0,0,0,0,0,0,0,0,0,0,0,0,0,0,0,0,0,0,0,0,0,0,0,0,0,0,0,0,0,0,0,0,0,0,0,0,0,0,0,0,0,0,0,0,0,0,0,0,0,0,0,0,0,0,0,0,0,0,0,0,0,0,0,4294967295,23,4294967295,4294967295,53,4294967295,4294967295,48,4294967295,4294967295
961,0.300000012,69,69,1,64,0,64,0,64,0,68,4352,3182,1170,1170,0,4,3178,0,5,5,68,3378,3310,4,0,67,5,14,0,1048576,0,0,0,inf,0.817306519,0.940185547,inf,0,0,0,0,0,0,0,0,0,0,0,0,0,0,0,0,0,0,0,0,0,0,0,67,0,0,0,0,0,0,0,0,0,0,0,0,0,0,0,0,0,0,0,0,0,0,0,0,0,0,0,0,0,0,0,0,0,0,0,0,0,0,0,0,0,0,0,0,0,0,0,0,0,0,0,0,0,0,0,0,0,0,0,0,0,0,0,0,0,22,15,4294967295,4294967295,4294967295,4294967295,38,4294967295,4294967295,4294967295
962,1,69,69,1,64,46,18,8,18,38,30,4352,2653,1699,1699,0,188,2465,0,39,30,68,434,2781,188,0,1023,10,14,0,1048576,0,0,0,inf,0.774978638,1.00585938,0.645812988,0,0,0,0,0,0,0,0,0,0,0,0,0,0,0,0,0,0,0,0,0,0,0,1023,0,0,0,0,0,0,0,0,0,0,0,0,0,0,0,0,0,0,0,0,0,0,0,0,0,0,0,0,0,0,0,0,0,0,0,0,0,0,0,0,0,0,0,0,0,0,0,0,0,0,0,0,0,0,0,0,0,0,0,0,0,0,0,0,0,2,4,3,3,3,4,3,3,3,4
963,0.899999976,69,69,1,64,5,59,1,59,4,64,4352,3287,1065,1065,0,45,3242,0,22,21,68,1715,3415,45,0,511,10,14,0,1048576,0,0,0,inf,0.74079895,0.787124634,0.842269897,0,0,0,0,0,0,0,0,0,0,0,0,0,0,0,0,0,0,0,0,0,0,0,511,0,0,0,0,0,0,0,0,0,0,0,0,0,0,0,0,0,0,0,0,0,0,0,0,0,0,0,0,0,0,0,0,0,0,0,0,0,0,0,0,0,0,0,0,0,0,0,0,0,0,0,0,0,0,0,0,0,0,0,0,0,0,0,0,0,31,10,17,10,52,6,24,5,49,4294967295
964,0.400000006,69,69,1,64,0,64,0,64,0,68,4352,2004,2348,2348,0,4,2000,0,4,4,68,2200,2132,4,0,519,4,14,0,1048576,0,0,0,inf,1.09230042,1.43785095,inf,0,0,0,0,0,0,0,0,0,0,0,0,0,0,0,0,0,0,0,0,0,0,0,519,0,0,0,0,0,0,0,0,0,0,0,0,0,0,0,0,0,0,0,0,0,0,0,0,0,0,0,0,0,0,0,0,0,0,0,0,0,0,0,0,0,0,0,0,0,0,0,0,0,0,0,0,0,0,0,0,0,0,0,0,0,0,0,0,0,42,24,36,4294967295,4294967295,4294967295,4294967295,4294967295,4294967295,48
965,1,69,69,1,64,34,30,7,30,27,41,4352,1401,2951,2951,0,52,1349,0,21,17,68,457,1529,52,0,1023,10,14,0,1048576,0,0,0,inf,0.490371704,1.13098145,0.256317139,0,0,0,0,0,0,0,0,0,0,0,0,0,0,0,0,0,0,0,0,0,0,0,1023,0,0,0,0,0,0,0,0,0,0,0,0,0,0,0,0,0,0,0,0,0,0,0,0,0,0,0,0,0,0,0,0,0,0,0,0,0,0,0,0,0,0,0,0,0,0,0,0,0,0,0,0,0,0,0,0,0,0,0,0,0,0,0,0,0,3,3,4,4,3,4,4,4,3,4
966,0.300000012,69,69,1,64,0,64,0,64,0,68,4352,3094,1258,1258,0,6,3088,0,6,6,68,3290,3222,6,0,266,6,14,0,1048576,0,0,0,inf,0.403015137,0.46031189,inf,0,0,0,0,0,0,0,0,0,0,0,0,0,0,0,0,0,0,0,0,0,0,0,266,0,0,0,0,0,0,0,0,0,0,0,0,0,0,0,0,0,0,0,0,0,0,0,0,0,0,0,0,0,0,0,0,0,0,0,0,0,0,0,0,0,0,0,0,0,0,0,0,0,0,0,0,0,0,0,0,0,0,0,0,0,0,0,0,0,4294967295,34,4294967295,7,4294967295,4294967295,4294967295,4294967295,6,4294967295
967,0.400000006,69,69,1,64,2,62,2,62,0,68,4352,3534,818,818,0,7,3527,0,7,7,68,3730,3662,7,0,163,7,14,0,1048576,0,0,0,inf,0.583984375,0.638046265,inf,0,0,0,0,0,0,0,0,0,0,0,0,0,0,0,0,0,0,0,0,0,0,0,163,0,0,0,0,0,0,0,0,0,0,0,0,0,0,0,0,0,0,0,0,0,0,0,0,0,0,0,0,0,0,0,0,0,0,0,0,0,0,0,0,0,0,0,0,0,0,0,0,0,0,0,0,0,0,0,0,0,0,0,0,0,0,0,0,0,14,9,4294967295,4294967295,4294967295,31,4294967295,9,4294967295,4294967295
968,0.5,69,69,1,64,1,63,1,63,0,68,4352,2637,1715,1715,0,5,2632,0,5,5,68,2833,2765,5,0,31,5,14,0,1048576,0,0,0,inf,1.12580872,1.34788513,inf,0,0,0,0,0,0,0,0,0,0,0,0,0,0,0,0,0,0,0,0,0,0,0,31,0,0,0,0,0,0,0,0,0,0,0,0,0,0,0,0,0,0,0,0,0,0,0,0,0,0,0,0,0,0,0,0,0,0,0,0,0,0,0,0,0,0,0,0,0,0,0,0,0,0,0,0,0,0,0,0,0,0,0,0,0,0,0,0,0,29,40,39,36,36,4294967295,4294967295,4294967295,4294967295,4294967295
969,0.600000024,69,69,1,64,0,64,0,64,0,68,4352,3716,636,636,0,11,3705,0,11,11,68,3868,3844,11,0,315,10,14,0,1048576,0,0,0,inf,1.13134766,1.28598022,1.60392761,0,0,0,0,0,0,0,0,0,0,0,0,0,0,0,0,0,0,0,0,0,0,0,315,0,0,0,0,0,0,0,0,0,0,0,0,0,0,0,0,0,0,0,0,0,0,0,0,0,0,0,0,0,0,0,0,0,0,0,0,0,0,0,0,0,0,0,0,0,0,0,0,0,0,0,0,0,0,0,0,0,0,0,0,0,0,0,0,0,31,64,4294967295,33,58,36,4294967295,4294967295,55,4294967295
970,0.600000024,69,69,1,64,1,63,0,63,1,67,4352,2560,1792,1792,0,14,2546,0,13,13,68,2630,2688,14,0,543,10,14,0,1048576,0,0,0,inf,0.659378052,0.813247681,0.989273071,0,0,0,0,0,0,0,0,0,0,0,0,0,0,0,0,0,0,0,0,0,0,0,543,0,0,0,0,0,0,0,0,0,0,0,0,0,0,0,0,0,0,0,0,0,0,0,0,0,0,0,0,0,0,0,0,0,0,0,0,0,0,0,0,0,0,0,0,0,0,0,0,0,0,0,0,0,0,0,0,0,0,0,0,0,0,0,0,0,13,5,27,14,21,4294967295,4294967295,4294967295,4294967295,31
971,0,69,69,1,64,0,64,0,64,0,68,4352,3081,1271,1271,0,0,3081,0,0,0,68,3277,3209,0,0,0,0,14,0,1048576,0,0,0,inf,0.631942749,0.764785767,inf,0,0,0,0,0,0,0,0,0,0,0,0,0,0,0,0,0,0,0,0,0,0,0,0,0,0,0,0,0,0,0,0,0,0,0,0,0,0,0,0,0,0,0,0,0,0,0,0,0,0,0,0,0,0,0,0,0,0,0,0,0,0,0,0,0,0,0,0,0,0,0,0,0,0,0,0,0,0,0,0,0,0,0,0,0,0,0,0,0,4294967295,4294967295,4294967295,4294967295,4294967295,4294967295,4294967295,4294967295,4294967295,4294967295
972,1,69,69,1,64,3,61,1,61,2,66,4352,2235,2117,2117,0,30,2205,0,18,17,68,1223,2363,30,0,1023,10,14,0,1048576,0,0,0,inf,0.46333313,0.673614502,0.623245239,0,0,0,0,0,0,0,0,0,0,0,0,0,0,0,0,0,0,0,0,0,0,0,1023,0,0,0,0,0,0,0,0,0,0,0,0,0,0,0,0,0,0,0,0,0,0,0,0,0,0,0,0,0,0,0,0,0,0,0,0,0,0,0,0,0,0,0,0,0,0,0,0,0,0,0,0,0,0,0,0,0,0,0,0,0,0,0,0,0,7,4,12,10,25,18,42,33,15,44
973,0.800000012,69,69,1,64,2,62,0,62,2,66,4352,2278,2074,2074,0,11,2267,0,11,11,68,2430,2406,11,0,735,10,14,0,1048576,0,0,0,inf,0.979858398,1.13722229,1.61833191,0,0,0,0,0,0,0,0,0,0,0,0,0,0,0,0,0,0,0,0,0,0,0,735,0,0,0,0,0,0,0,0,0,0,0,0,0,0,0,0,0,0,0,0,0,0,0,0,0,0,0,0,0,0,0,0,0,0,0,0,0,0,0,0,0,0,0,0,0,0,0,0,0,0,0,0,0,0,0,0,0,0,0,0,0,0,0,0,0,2,3,13,2,27,4294967295,31,55,4294967295,47
974,0.899999976,69,69,1,64,2,62,0,62,2,66,4352,1805,2547,2547,0,11,1794,0,11,11,68,1974,1933,11,0,511,10,14,0,1048576,0,0,0,inf,0.907577515,1.16641235,1.64193726,0,0,0,0,0,0,0,0,0,0,0,0,0,0,0,0,0,0,0,0,0,0,0,511,0,0,0,0,0,0,0,0,0,0,0,0,0,0,0,0,0,0,0,0,0,0,0,0,0,0,0,0,0,0,0,0,0,0,0,0,0,0,0,0,0,0,0,0,0,0,0,0,0,0,0,0,0,0,0,0,0,0,0,0,0,0,0,0,0,7,5,14,3,25,11,25,42,60,4294967295
975,0.400000006,69,69,1,64,0,64,0,64,0,68,4352,3516,836,836,0,8,3508,0,8,8,68,3712,3644,8,0,149,8,14,0,1048576,0,0,0,inf,1.0630188,1.20040894,inf,0,0,0,0,0,0,0,0,0,0,0,0,0,0,0,0,0,0,0,0,0,0,0,149,0,0,0,0,0,0,0,0,0,0,0,0,0,0,0,0,0,0,0,0,0,0,0,0,0,0,0,0,0,0,0,0,0,0,0,0,0,0,0,0,0,0,0,0,0,0,0,0,0,0,0,0,0,0,0,0,0,0,0,0,0,0,0,0,0,37,4294967295,42,4294967295,66,4294967295,4294967295,30,4294967295,4294967295
976,0.800000012,69,69,1,64,3,61,1,61,2,66,4352,3287,1065,1065,0,12,3275,0,11,11,68,3349,3415,12,0,495,10,14,0,1048576,0,0,0,inf,0.758132935,0.850341797,1.10964966,0,0,0,0,0,0,0,0,0,0,0,0,0,0,0,0,0,0,0,0,0,0,0,495,0,0,0,0,0,0,0,0,0,0,0,0,0,0,0,0,0,0,0,0,0,0,0,0,0,0,0,0,0,0,0,0,0,0,0,0,0,0,0,0,0,0,0,0,0,0,0,0,0,0,0,0,0,0,0,0,0,0,0,0,0,0,0,0,0,8,6,10,46,4294967295,26,50,9,8,4294967295
977,0.600000024,69,69,1,64,0,64,0,64,0,68,4352,2628,1724,1724,0,16,2612,0,15,15,68,2544,2756,16,0,605,10,14,0,1048576,0,0,0,inf,0.682678223,0.819732666,1.12438965,0,0,0,0,0,0,0,0,0,0,0,0,0,0,0,0,0,0,0,0,0,0,0,605,0,0,0,0,0,0,0,0,0,0,0,0,0,0,0,0,0,0,0,0,0,0,0,0,0,0,0,0,0,0,0,0,0,0,0,0,0,0,0,0,0,0,0,0,0,0,0,0,0,0,0,0,0,0,0,0,0,0,0,0,0,0,0,0,0,17,4294967295,51,23,39,4294967295,30,4294967295,4294967295,51
978,0.200000003,69,69,1,64,0,64,0,64,0,68,4352,2724,1628,1628,0,2,2722,0,2,2,68,2920,2852,2,0,5,2,14,0,1048576,0,0,0,inf,0.677078247,0.792388916,inf,0,0,0,0,0,0,0,0,0,0,0,0,0,0,0,0,0,0,0,0,0,0,0,5,0,0,0,0,0,0,0,0,0,0,0,0,0,0,0,0,0,0,0,0,0,0,0,0,0,0,0,0,0,0,0,0,0,0,0,0,0,0,0,0,0,0,0,0,0,0,0,0,0,0,0,0,0,0,0,0,0,0,0,0,0,0,0,0,0,54,4294967295,49,4294967295,4294967295,4294967295,4294967295,4294967295,4294967295,4294967295
979,0.899999976,69,69,1,64,4,60,3,60,1,67,4352,2412,1940,1940,0,43,2369,0,17,17,68,1198,2540,43,0,1007,10,14,0,1048576,0,0,0,inf,0.661804199,0.816192627,0.807418823,0,0,0,0,0,0,0,0,0,0,0,0,0,0,0,0,0,0,0,0,0,0,0,1007,0,0,0,0,0,0,0,0,0,0,0,0,0,0,0,0,0,0,0,0,0,0,0,0,0,0,0,0,0,0,0,0,0,0,0,0,0,0,0,0,0,0,0,0,0,0,0,0,0,0,0,0,0,0,0,0,0,0,0,0,0,0,0,0,0,7,4,25,33,4294967295,65,3,6,4,5
980,0.600000024,69,69,1,64,4,60,2,60,2,66,4352,3471,881,881,0,58,3413,0,25,24,68,2223,3599,58,0,63,10,14,0,1048576,0,0,0,inf,1.11529541,1.28840637,1.41903687,0,0,0,0,0,0,0,0,0,0,0,0,0,0,0,0,0,0,0,0,0,0,0,63,0,0,0,0,0,0,0,0,0,0,0,0,0,0,0,0,0,0,0,0,0,0,0,0,0,0,0,0,0,0,0,0,0,0,0,0,0,0,0,0,0,0,0,0,0,0,0,0,0,0,0,0,0,0,0,0,0,0,0,0,0,0,0,0,0,9,12,3,44,53,15,4294967295,4294967295,4294967295,4294967295
981,1,69,69,1,64,9,55,3,55,6,62,4352,1841,2511,2511,0,85,1756,0,23,22,68,664,1969,85,0,1023,10,14,0,1048576,0,0,0,inf,0.575668335,0.768463135,0.614776611,0,0,0,0,0,0,0,0,0,0,0,0,0,0,0,0,0,0,0,0,0,0,0,1023,0,0,0,0,0,0,0,0,0,0,0,0,0,0,0,0,0,0,0,0,0,0,0,0,0,0,0,0,0,0,0,0,0,0,0,0,0,0,0,0,0,0,0,0,0,0,0,0,0,0,0,0,0,0,0,0,0,0,0,0,0,0,0,0,0,3,5,2,2,7,6,13,2,8,12
982,0.100000001,69,69,1,64,1,63,0,63,1,67,4352,3444,908,908,0,11,3433,0,11,11,68,3632,3572,11,0,1,10,14,0,1048576,0,0,0,inf,0.802139282,0.914413452,1.39186096,0,0,0,0,0,0,0,0,0,0,0,0,0,0,0,0,0,0,0,0,0,0,0,1,0,0,0,0,0,0,0,0,0,0,0,0,0,0,0,0,0,0,0,0,0,0,0,0,0,0,0,0,0,0,0,0,0,0,0,0,0,0,0,0,0,0,0,0,0,0,0,0,0,0,0,0,0,0,0,0,0,0,0,0,0,0,0,0,0,50,4294967295,4294967295,4294967295,4294967295,4294967295,4294967295,4294967295,4294967295,4294967295
983,1,68,69,3,64,64,0,0,0,67,0,4288,2503,1785,1785,0,1503,1000,0,149,51,67,366,2631,1503,0,1023,10,14,0,1048576,0,0,0,inf,inf,0.119827271,0.0942687988,0,0,0,0,0,0,0,0,0,0,0,0,0,0,0,0,0,0,0,0,0,0,0,1023,0,0,0,0,0,0,0,0,0,0,0,0,0,0,0,0,0,0,0,0,0,0,0,0,0,0,0,0,0,0,0,0,0,0,0,0,0,0,0,0,0,0,0,0,0,0,0,0,0,0,0,0,0,0,0,0,0,0,0,0,0,0,0,0,0,3,11,5,3,22,5,3,4,16,19
984,0.5,69,69,1,64,0,64,0,64,0,68,4352,2703,1649,1649,0,8,2695,0,8,8,68,2899,2831,8,0,47,8,14,0,1048576,0,0,0,inf,0.646194458,0.837921143,inf,0,0,0,0,0,0,0,0,0,0,0,0,0,0,0,0,0,0,0,0,0,0,0,47,0,0,0,0,0,0,0,0,0,0,0,0,0,0,0,0,0,0,0,0,0,0,0,0,0,0,0,0,0,0,0,0,0,0,0,0,0,0,0,0,0,0,0,0,0,0,0,0,0,0,0,0,0,0,0,0,0,0,0,0,0,0,0,0,0,43,24,25,41,4294967295,41,4294967295,4294967295,4294967295,4294967295
985,0,69,69,1,64,0,64,0,64,0,68,4352,2379,1973,1973,0,0,2379,0,0,0,68,2575,2507,0,0,0,0,14,0,1048576,0,0,0,inf,0.848022461,1.06199646,inf,0,0,0,0,0,0,0,0,0,0,0,0,0,0,0,0,0,0,0,0,0,0,0,0,0,0,0,0,0,0,0,0,0,0,0,0,0,0,0,0,0,0,0,0,0,0,0,0,0,0,0,0,0,0,0,0,0,0,0,0,0,0,0,0,0,0,0,0,0,0,0,0,0,0,0,0,0,0,0,0,0,0,0,0,0,0,0,0,0,4294967295,4294967295,4294967295,4294967295,4294967295,4294967295,4294967295,4294967295,4294967295,4294967295
986,0.800000012,69,69,1,64,4,60,1,60,3,65,4352,2227,2125,2125,0,10,2217,0,11,11,68,2423,2355,10,0,255,10,14,0,1048576,0,0,0,inf,0.571990967,0.75491333,0.977325439,0,0,0,0,0,0,0,0,0,0,0,0,0,0,0,0,0,0,0,0,0,0,0,255,0,0,0,0,0,0,0,0,0,0,0,0,0,0,0,0,0,0,0,0,0,0,0,0,0,0,0,0,0,0,0,0,0,0,0,0,0,0,0,0,0,0,0,0,0,0,0,0,0,0,0,0,0,0,0,0,0,0,0,0,0,0,0,0,0,6,5,6,7,67,26,26,21,4294967295,4294967295
987,1,69,69,1,64,39,25,14,25,25,43,4352,2688,1664,1664,0,927,1761,0,74,54,68,420,2816,927,0,1023,10,14,0,1048576,0,0,0,inf,0.353530884,0.446594238,0.330505371,0,0,0,0,0,0,0,0,0,0,0,0,0,0,0,0,0,0,0,0,0,0,0,1023,0,0,0,0,0,0,0,0,0,0,0,0,0,0,0,0,0,0,0,0,0,0,0,0,0,0,0,0,0,0,0,0,0,0,0,0,0,0,0,0,0,0,0,0,0,0,0,0,0,0,0,0,0,0,0,0,0,0,0,0,0,0,0,0,0,6,22,22,7,4,25,7,13,35,3
988,0.100000001,69,69,1,64,0,64,0,64,0,68,4352,2512,1840,1840,0,1,2511,0,1,1,68,2708,2640,1,0,4,1,14,0,1048576,0,0,0,inf,0.769699097,1.06349182,inf,0,0,0,0,0,0,0,0,0,0,0,0,0,0,0,0,0,0,0,0,0,0,0,4,0,0,0,0,0,0,0,0,0,0,0,0,0,0,0,0,0,0,0,0,0,0,0,0,0,0,0,0,0,0,0,0,0,0,0,0,0,0,0,0,0,0,0,0,0,0,0,0,0,0,0,0,0,0,0,0,0,0,0,0,0,0,0,0,0,4294967295,4294967295,40,4294967295,4294967295,4294967295,4294967295,4294967295,4294967295,4294967295
989,0.400000006,69,69,1,64,1,63,1,63,0,68,4352,2952,1400,1400,0,10,2942,0,11,11,68,3101,3080,10,0,105,10,14,0,1048576,0,0,0,inf,0.87852478,1.00895691,1.63287354,0,0,0,0,0,0,0,0,0,0,0,0,0,0,0,0,0,0,0,0,0,0,0,105,0,0,0,0,0,0,0,0,0,0,0,0,0,0,0,0,0,0,0,0,0,0,0,0,0,0,0,0,0,0,0,0,0,0,0,0,0,0,0,0,0,0,0,0,0,0,0,0,0,0,0,0,0,0,0,0,0,0,0,0,0,0,0,0,0,49,4294967295,4294967295,49,4294967295,54,34,4294967295,4294967295,4294967295
990,0.5,69,69,1,64,1,63,0,63,1,67,4352,3201,1151,1151,0,11,3190,0,11,11,68,3148,3329,11,0,199,10,14,0,1048576,0,0,0,inf,0.743881226,0.871948242,1.10968018,0,0,0,0,0,0,0,0,0,0,0,0,0,0,0,0,0,0,0,0,0,0,0,199,0,0,0,0,0,0,0,0,0,0,0,0,0,0,0,0,0,0,0,0,0,0,0,0,0,0,0,0,0,0,0,0,0,0,0,0,0,0,0,0,0,0,0,0,0,0,0,0,0,0,0,0,0,0,0,0,0,0,0,0,0,0,0,0,0,6,2,4,4294967295,4294967295,4294967295,11,25,4294967295,4294967295
991,1,69,69,2,64,64,0,0,0,64,4,4352,2307,2045,2045,0,210,2097,0,34,17,68,566,2435,210,0,1023,10,14,0,1048576,0,0,0,inf,inf,0.751754761,0.452880859,0,0,0,0,0,0,0,0,0,0,0,0,0,0,0,0,0,0,0,0,0,0,0,1023,0,0,0,0,0,0,0,0,0,0,0,0,0,0,0,0,0,0,0,0,0,0,0,0,0,0,0,0,0,0,0,0,0,0,0,0,0,0,0,0,0,0,0,0,0,0,0,0,0,0,0,0,0,0,0,0,0,0,0,0,0,0,0,0,0,5,4,4,5,5,5,5,5,4,5
992,1,69,69,1,64,10,54,2,54,8,60,4352,2475,1877,1877,0,22,2453,0,14,13,68,682,2603,22,0,1023,10,14,0,1048576,0,0,0,inf,0.677764893,0.797653198,0.688903809,0,0,0,0,0,0,0,0,0,0,0,0,0,0,0,0,0,0,0,0,0,0,0,1023,0,0,0,0,0,0,0,0,0,0,0,0,0,0,0,0,0,0,0,0,0,0,0,0,0,0,0,0,0,0,0,0,0,0,0,0,0,0,0,0,0,0,0,0,0,0,0,0,0,0,0,0,0,0,0,0,0,0,0,0,0,0,0,0,0,5,6,4,6,4,6,5,4,5,16
993,0.300000012,69,69,1,64,0,64,0,64,0,68,4352,2267,2085,2085,0,4,2263,0,4,4,68,2463,2395,4,0,49,4,14,0,1048576,0,0,0,inf,1.00172424,1.26605225,inf,0,0,0,0,0,0,0,0,0,0,0,0,0,0,0,0,0,0,0,0,0,0,0,49,0,0,0,0,0,0,0,0,0,0,0,0,0,0,0,0,0,0,0,0,0,0,0,0,0,0,0,0,0,0,0,0,0,0,0,0,0,0,0,0,0,0,0,0,0,0,0,0,0,0,0,0,0,0,0,0,0,0,0,0,0,0,0,0,0,20,4294967295,4294967295,4294967295,65,20,4294967295,4294967295,4294967295,4294967295
994,0,69,69,1,64,0,64,0,64,0,68,4352,2750,1602,1602,0,0,2750,0,0,0,68,2946,2878,0,0,0,0,14,0,1048576,0,0,0,inf,0.768157959,0.881103516,inf,0,0,0,0,0,0,0,0,0,0,0,0,0,0,0,0,0,0,0,0,0,0,0,0,0,0,0,0,0,0,0,0,0,0,0,0,0,0,0,0,0,0,0,0,0,0,0,0,0,0,0,0,0,0,0,0,0,0,0,0,0,0,0,0,0,0,0,0,0,0,0,0,0,0,0,0,0,0,0,0,0,0,0,0,0,0,0,0,0,4294967295,4294967295,4294967295,4294967295,4294967295,4294967295,4294967295,4294967295,4294967295,4294967295
995,0.100000001,69,69,1,64,0,64,0,64,0,68,4352,3275,1077,1077,0,9,3266,0,9,9,68,3471,3403,9,0,32,9,14,0,1048576,0,0,0,inf,0.682281494,0.771789551,inf,0,0,0,0,0,0,0,0,0,0,0,0,0,0,0,0,0,0,0,0,0,0,0,32,0,0,0,0,0,0,0,0,0,0,0,0,0,0,0,0,0,0,0,0,0,0,0,0,0,0,0,0,0,0,0,0,0,0,0,0,0,0,0,0,0,0,0,0,0,0,0,0,0,0,0,0,0,0,0,0,0,0,0,0,0,0,0,0,0,4294967295,4294967295,4294967295,4294967295,4294967295,20,4294967295,4294967295,4294967295,4294967295
996,0.200000003,69,69,1,64,0,64,0,64,0,68,4352,3330,1022,1022,0,6,3324,0,6,6,68,3526,3458,6,0,6,6,14,0,1048576,0,0,0,inf,0.591110229,0.669998169,inf,0,0,0,0,0,0,0,0,0,0,0,0,0,0,0,0,0,0,0,0,0,0,0,6,0,0,0,0,0,0,0,0,0,0,0,0,0,0,0,0,0,0,0,0,0,0,0,0,0,0,0,0,0,0,0,0,0,0,0,0,0,0,0,0,0,0,0,0,0,0,0,0,0,0,0,0,0,0,0,0,0,0,0,0,0,0,0,0,0,4294967295,14,14,4294967295,4294967295,4294967295,4294967295,4294967295,4294967295,4294967295
997,0.400000006,69,69,1,64,1,63,0,63,1,67,4352,2829,1523,1523,0,5,2824,0,5,5,68,3025,2957,5,0,15,5,14,0,1048576,0,0,0,inf,0.393447876,0.524765015,inf,0,0,0,0,0,0,0,0,0,0,0,0,0,0,0,0,0,0,0,0,0,0,0,15,0,0,0,0,0,0,0,0,0,0,0,0,0,0,0,0,0,0,0,0,0,0,0,0,0,0,0,0,0,0,0,0,0,0,0,0,0,0,0,0,0,0,0,0,0,0,0,0,0,0,0,0,0,0,0,0,0,0,0,0,0,0,0,0,0,4,10,43,59,4294967295,4294967295,4294967295,4294967295,4294967295,4294967295
998,0,69,69,1,64,0,64,0,64,0,68,4352,3845,507,507,0,6,3839,0,7,7,68,4041,3973,6,0,0,7,14,0,1048576,0,0,0,inf,1.08462524,1.18571472,inf,0,0,0,0,0,0,0,0,0,0,0,0,0,0,0,0,0,0,0,0,0,0,0,0,0,0,0,0,0,0,0,0,0,0,0,0,0,0,0,0,0,0,0,0,0,0,0,0,0,0,0,0,0,0,0,0,0,0,0,0,0,0,0,0,0,0,0,0,0,0,0,0,0,0,0,0,0,0,0,0,0,0,0,0,0,0,0,0,0,4294967295,4294967295,4294967295,4294967295,4294967295,4294967295,4294967295,4294967295,4294967295,4294967295
999,0,69,69,1,64,0,64,0,64,0,68,4352,3267,1085,1085,0,1,3266,0,1,1,68,3463,3395,1,0,0,1,14,0,1048576,0,0,0,inf,1.19755554,1.38113403,inf,0,0,0,0,0,0,0,0,0,0,0,0,0,0,0,0,0,0,0,0,0,0,0,0,0,0,0,0,0,0,0,0,0,0,0,0,0,0,0,0,0,0,0,0,0,0,0,0,0,0,0,0,0,0,0,0,0,0,0,0,0,0,0,0,0,0,0,0,0,0,0,0,0,0,0,0,0,0,0,0,0,0,0,0,0,0,0,0,0,4294967295,4294967295,4294967295,4294967295,4294967295,4294967295,4294967295,4294967295,4294967295,4294967295
